status	job	reason	graph
SKIP	w0:103	executor ExecutorchRuntimeException: [ExecuTorch Error 0x14] Operator missing: Execution failed for method: forward	n0*=_fft_r2c(L0,·,·,·)
MISMATCH	w0:14	out[0] max|delta|=2.147e+09 (rtol=0.0 atol=0.0)	n0*=bitwise_left_shift.Tensor_Scalar_out(L0,·,·)
MISMATCH	w0:142	out[0] non-finite mismatch (nan/inf positions differ)	n0*=mm.out(L0,L1,·)
MISMATCH	w0:145	out[0] max|delta|=2.530e+02 (rtol=0.0 atol=0.0)	n0*=bitwise_and.Scalar_out(L0,·,·)
MISMATCH	w0:146	out[0] non-finite mismatch (nan/inf positions differ)	n0*=_log_softmax.out(L0,·,·,·)
MISMATCH	w0:166	out[0] max|delta|=1.441e+17 (rtol=0.0 atol=0.0)	n0*=bitwise_left_shift.Tensor_Scalar(L0,·)
MISMATCH	w0:17	out[0] max|delta|=2.147e+09 (rtol=0.0 atol=0.0)	n0*=bitwise_left_shift.Tensor_out(L0,L1,·)
MISMATCH	w0:206	out[0] max|delta|=1.158e+00 (rtol=0.01 atol=0.001)	n0*=replication_pad3d.out(L0,·,·)
SKIP	w0:218	executor ExecutorchInvalidArgumentException: [ExecuTorch Error 0x12] Invalid argument: Execution failed for method: forward	n0*=native_group_norm(L0,·,·,·,·,·,·,·)
MISMATCH	w0:227	out[0] non-finite mismatch (nan/inf positions differ)	n0*=cos.out(L0,·)
MISMATCH	w0:237	out[0] max|delta|=1.158e+00 (rtol=0.01 atol=0.001)	n0*=replication_pad2d.out(L0,·,·)
MISMATCH	w0:24	out[0] non-finite mismatch (nan/inf positions differ)	n0*=logit.out(L0,·,·)
MISMATCH	w0:245	out[0] max|delta|=1.611e+09 (rtol=0.0 atol=0.0)	n0*=bitwise_left_shift.Tensor_out(L0,L1,·)
MISMATCH	w0:252	out[0] non-finite mismatch (nan/inf positions differ)	n0*=logit.out(L0,·,·)
SKIP	w0:264	executor ExecutorchRuntimeException: [ExecuTorch Error 0x1] Internal error: Execution failed for method: forward	n0*=copy(L0,L1,·)
MISMATCH	w0:272	out[0] max|delta|=2.550e+02 (rtol=0.0 atol=0.0)	n0*=bitwise_or.Scalar_out(L0,·,·)
MISMATCH	w0:277	out[0] non-finite mismatch (nan/inf positions differ)	n0*=logit(L0,·)
MISMATCH	w0:278	out[0] non-finite mismatch (nan/inf positions differ)	n0*=gelu.out(L0,·,·)
MISMATCH	w0:279	out[0] max|delta|=5.552e+00 (rtol=0.01 atol=0.001)	n0*=rsub.Scalar(L0,·,·)
MISMATCH	w0:295	out[0] max|delta|=7.842e-01 (rtol=0.01 atol=0.001)	n0*=atan.out(L0,·)
MISMATCH	w0:298	out[0] max|delta|=3.680e+04 (rtol=0.01 atol=0.001)	n0*=_native_batch_norm_legit.no_stats(L0,·,·,·,·,·)
SKIP	w0:300	executor ExecutorchInvalidArgumentException: [ExecuTorch Error 0x12] Invalid argument: Execution failed for method: forward	n0*=native_group_norm(L0,·,·,·,·,·,·,·)
SKIP	w0:303	executor ExecutorchInvalidArgumentException: [ExecuTorch Error 0x12] Invalid argument: Execution failed for method: forward	n0*=_pdist_forward(L0,·)
MISMATCH	w0:310	out[0] non-finite mismatch (nan/inf positions differ)	n0*=sin.out(L0,·)
MISMATCH	w0:316	out[0] non-finite mismatch (nan/inf positions differ)	n0*=log.out(L0,·)
SKIP	w0:331	executor ExecutorchRuntimeException: [ExecuTorch Error 0x14] Operator missing: Execution failed for method: forward	n0*=_fft_r2c(L0,·,·,·)
SKIP	w0:36	executor ExecutorchRuntimeException: [ExecuTorch Error 0x1] Internal error: Execution failed for method: forward	n0*=copy(L0,L1,·)
SKIP	w0:360	executor IllegalArgumentException: unsupported input dtype code 24 on Android	n0*=linear.out(L0,L1,·,·)
MISMATCH	w0:370	out[0] non-finite mismatch (nan/inf positions differ)	n0*=mm.out(L0,L1,·)
MISMATCH	w0:375	out[0] non-finite mismatch (nan/inf positions differ)	n0*=elu.out(L0,·,·,·,·)
MISMATCH	w0:391	out[0] max|delta|=3.000e+00 (rtol=0.01 atol=0.001)	n0*=max.unary_out(L0,·)
MISMATCH	w0:394	out[0] max|delta|=5.765e+17 (rtol=0.0 atol=0.0)	n0*=bitwise_left_shift.Tensor_Scalar(L0,·)
CRASH	w0:409	executor process died (native abort)	n0*=split_with_sizes_copy(L0,·,·)
SKIP	w0:446	executor ExecutorchInvalidArgumentException: [ExecuTorch Error 0x12] Invalid argument: Execution failed for method: forward	n0*=native_group_norm(L0,·,·,·,·,·,·,·)
MISMATCH	w0:465	out[0] max|delta|=1.882e-01 (rtol=0.01 atol=0.001)	n0*=replication_pad2d.out(L0,·,·)
MISMATCH	w0:473	out[0] max|delta|=1.611e+09 (rtol=0.01 atol=0.001)	n0*=bitwise_left_shift.Tensor_out(L0,L1,·)
MISMATCH	w0:480	out[0] non-finite mismatch (nan/inf positions differ)	n0*=logit.out(L0,·,·)
SKIP	w0:485	executor ExecutorchInvalidArgumentException: [ExecuTorch Error 0x12] Invalid argument: Execution failed for method: forward	n0*=scatter.src_out(L0,·,L1,L2,·)
MISMATCH	w0:49	out[0] non-finite mismatch (nan/inf positions differ)	n0*=logit(L0,·)
MISMATCH	w0:50	out[0] non-finite mismatch (nan/inf positions differ)	n0*=gelu.out(L0,·,·)
MISMATCH	w0:505	out[0] non-finite mismatch (nan/inf positions differ)	n0*=logit(L0,·)
MISMATCH	w0:506	out[0] non-finite mismatch (nan/inf positions differ)	n0*=gelu.out(L0,·,·)
MISMATCH	w0:507	out[0] max|delta|=2.000e+01 (rtol=0.0 atol=0.0)	n0*=rsub.Scalar(L0,·,·)
MISMATCH	w0:51	out[0] max|delta|=2.327e+00 (rtol=0.01 atol=0.001)	n0*=rsub.Scalar(L0,·,·)
MISMATCH	w0:515	out[0] max|delta|=1.000e+00 (rtol=0.0 atol=0.0)	n0*=select_scatter(L0,L1,·,·)
MISMATCH	w0:523	out[0] max|delta|=7.837e-01 (rtol=0.01 atol=0.001)	n0*=atan.out(L0,·)
MISMATCH	w0:526	out[0] max|delta|=3.680e+04 (rtol=0.01 atol=0.001)	n0*=_native_batch_norm_legit.no_stats(L0,·,·,·,·,·)
SKIP	w0:528	executor ExecutorchInvalidArgumentException: [ExecuTorch Error 0x12] Invalid argument: Execution failed for method: forward	n0*=native_group_norm(L0,·,·,·,·,·,·,·)
SKIP	w0:531	executor ExecutorchInvalidArgumentException: [ExecuTorch Error 0x12] Invalid argument: Execution failed for method: forward	n0*=_pdist_forward(L0,·)
MISMATCH	w0:538	out[0] non-finite mismatch (nan/inf positions differ)	n0*=sin.out(L0,·)
MISMATCH	w0:544	out[0] non-finite mismatch (nan/inf positions differ)	n0*=log.out(L0,·)
SKIP	w0:559	executor ExecutorchRuntimeException: [ExecuTorch Error 0x14] Operator missing: Execution failed for method: forward	n0*=_fft_r2c(L0,·,·,·)
MISMATCH	w0:570	out[0] non-finite mismatch (nan/inf positions differ)	n0*=rsqrt.out(L0,·)
MISMATCH	w0:618	out[0] non-finite mismatch (nan/inf positions differ)	n0*=pow.Tensor_Tensor_out(L0,L1,·)
MISMATCH	w0:622	out[0] max|delta|=6.711e+07 (rtol=0.0 atol=0.0)	n0*=bitwise_left_shift.Tensor_Scalar(L0,·)
SKIP	w0:624	executor ExecutorchInvalidArgumentException: [ExecuTorch Error 0x12] Invalid argument: Execution failed for method: forward	n0*=scatter_add.out(L0,·,L1,L2,·)
MISMATCH	w0:634	out[0] non-finite mismatch (nan/inf positions differ)	n0*=exp.out(L0,·)
MISMATCH	w0:664	out[0] max|delta|=1.000e+00 (rtol=0.0 atol=0.0)	n0*=any.all_out(L0,·)
MISMATCH	w0:666	out[0] non-finite mismatch (nan/inf positions differ)	n0*=grid_sampler_2d(L0,L1,·,·,·)
SKIP	w0:669	executor ExecutorchInvalidArgumentException: [ExecuTorch Error 0x12] Invalid argument: Execution failed for method: forward	n0*=convolution(L0,L1,·,·,·,·,·,·,·)
MISMATCH	w0:67	out[0] max|delta|=7.842e-01 (rtol=0.01 atol=0.001)	n0*=atan.out(L0,·)
SKIP	w0:674	executor ExecutorchInvalidArgumentException: [ExecuTorch Error 0x12] Invalid argument: Execution failed for method: forward	n0*=native_group_norm(L0,·,·,·,·,·,·,·)
MISMATCH	w0:683	out[0] non-finite mismatch (nan/inf positions differ)	n0*=cos.out(L0,·)
MISMATCH	w0:693	out[0] max|delta|=1.110e+00 (rtol=0.01 atol=0.001)	n0*=replication_pad2d.out(L0,·,·)
MISMATCH	w0:70	out[0] max|delta|=3.680e+04 (rtol=0.01 atol=0.001)	n0*=_native_batch_norm_legit.no_stats(L0,·,·,·,·,·)
MISMATCH	w0:701	out[0] max|delta|=9.223e+18 (rtol=0.01 atol=0.001)	n0*=bitwise_left_shift.Tensor_out(L0,L1,·)
MISMATCH	w0:708	out[0] non-finite mismatch (nan/inf positions differ)	n0*=logit.out(L0,·,·)
SKIP	w0:713	executor ExecutorchInvalidArgumentException: [ExecuTorch Error 0x12] Invalid argument: Execution failed for method: forward	n0*=scatter.src_out(L0,·,L1,L2,·)
MISMATCH	w0:72	out[0] non-finite mismatch (nan/inf positions differ)	n0*=native_group_norm(L0,·,·,·,·,·,·,·)
MISMATCH	w0:720	out[0] max|delta|=1.672e+00 (rtol=0.01 atol=0.001)	n0*=copy(L0,L1,·)
MISMATCH	w0:728	out[0] max|delta|=2.530e+02 (rtol=0.0 atol=0.0)	n0*=bitwise_or.Scalar_out(L0,·,·)
MISMATCH	w0:733	out[0] non-finite mismatch (nan/inf positions differ)	n0*=logit(L0,·)
MISMATCH	w0:734	out[0] non-finite mismatch (nan/inf positions differ)	n0*=gelu.out(L0,·,·)
MISMATCH	w0:735	out[0] max|delta|=2.527e+00 (rtol=0.01 atol=0.001)	n0*=rsub.Scalar(L0,·,·)
MISMATCH	w0:751	out[0] max|delta|=7.842e-01 (rtol=0.01 atol=0.001)	n0*=atan.out(L0,·)
SKIP	w0:756	executor ExecutorchInvalidArgumentException: [ExecuTorch Error 0x12] Invalid argument: Execution failed for method: forward	n0*=native_group_norm(L0,·,·,·,·,·,·,·)
SKIP	w0:759	executor ExecutorchInvalidArgumentException: [ExecuTorch Error 0x12] Invalid argument: Execution failed for method: forward	n0*=_pdist_forward(L0,·)
MISMATCH	w0:772	out[0] non-finite mismatch (nan/inf positions differ)	n0*=log.out(L0,·)
MISMATCH	w0:82	out[0] non-finite mismatch (nan/inf positions differ)	n0*=sin.out(L0,·)
MISMATCH	w0:88	out[0] non-finite mismatch (nan/inf positions differ)	n0*=log.out(L0,·)
CRASH	w0:95	executor process died (native abort)	n0*=max_pool2d_with_indices_backward.grad_input(L0,L1,·,·,·,·,·,L2,L3)
MISMATCH	w1:101	out[0] max|delta|=1.000e+00 (rtol=0.0 atol=0.0)	n0*=select_scatter(L0,L1,·,·)
MISMATCH	w1:114	out[0] non-finite mismatch (nan/inf positions differ)	n0*=native_group_norm(L0,·,·,·,·,·,·,·)
SKIP	w1:117	executor ExecutorchInvalidArgumentException: [ExecuTorch Error 0x12] Invalid argument: Execution failed for method: forward	n0*=_pdist_forward(L0,·)
MISMATCH	w1:124	out[0] non-finite mismatch (nan/inf positions differ)	n0*=sin.out(L0,·)
MISMATCH	w1:130	out[0] non-finite mismatch (nan/inf positions differ)	n0*=log.out(L0,·)
SKIP	w1:145	executor ExecutorchRuntimeException: [ExecuTorch Error 0x14] Operator missing: Execution failed for method: forward	n0*=_fft_r2c(L0,·,·,·)
MISMATCH	w1:156	out[0] non-finite mismatch (nan/inf positions differ)	n0*=rsqrt.out(L0,·)
MISMATCH	w1:179	out[0] max|delta|=2.000e+00 (rtol=0.01 atol=0.001)	n0*=min.unary_out(L0,·)
MISMATCH	w1:184	out[0] non-finite mismatch (nan/inf positions differ)	n0*=mm.out(L0,L1,·)
MISMATCH	w1:188	out[0] non-finite mismatch (nan/inf positions differ)	n0*=_log_softmax.out(L0,·,·,·)
MISMATCH	w1:189	out[0] non-finite mismatch (nan/inf positions differ)	n0*=elu.out(L0,·,·,·,·)
MISMATCH	w1:20	out[0] max|delta|=2.527e+00 (rtol=0.01 atol=0.001)	n0*=replication_pad3d.out(L0,·,·)
MISMATCH	w1:201	out[0] max|delta|=5.000e+00 (rtol=0.0 atol=0.0)	n0*=remainder.Scalar(L0,·)
MISMATCH	w1:204	out[0] non-finite mismatch (nan/inf positions differ)	n0*=pow.Tensor_Tensor_out(L0,L1,·)
SKIP	w1:216	executor ExecutorchInvalidArgumentException: [ExecuTorch Error 0x12] Invalid argument: Execution failed for method: forward	n0*=expand_copy(L0,·,·)
MISMATCH	w1:220	out[0] non-finite mismatch (nan/inf positions differ)	n0*=exp.out(L0,·)
CRASH	w1:223	executor process died (native abort)	n0*=split_with_sizes_copy(L0,·,·)
MISMATCH	w1:248	out[0] max|delta|=1.169e+00 (rtol=0.01 atol=0.001)	n0*=replication_pad3d.out(L0,·,·)
SKIP	w1:260	executor ExecutorchInvalidArgumentException: [ExecuTorch Error 0x12] Invalid argument: Execution failed for method: forward	n0*=native_group_norm(L0,·,·,·,·,·,·,·)
MISMATCH	w1:279	out[0] max|delta|=2.549e+00 (rtol=0.01 atol=0.001)	n0*=replication_pad2d.out(L0,·,·)
MISMATCH	w1:284	out[0] max|delta|=9.223e+18 (rtol=0.01 atol=0.001)	n0*=bitwise_left_shift.Tensor_Scalar_out(L0,·,·)
MISMATCH	w1:286	out[0] max|delta|=5.000e+00 (rtol=0.01 atol=0.001)	n0*=bitwise_xor.Scalar_out(L0,·,·)
MISMATCH	w1:287	out[0] non-finite mismatch (nan/inf positions differ)	n0*=bitwise_left_shift.Tensor_out(L0,L1,·)
MISMATCH	w1:294	out[0] non-finite mismatch (nan/inf positions differ)	n0*=logit.out(L0,·,·)
SKIP	w1:306	executor ExecutorchRuntimeException: [ExecuTorch Error 0x1] Internal error: Execution failed for method: forward	n0*=copy(L0,L1,·)
MISMATCH	w1:319	out[0] non-finite mismatch (nan/inf positions differ)	n0*=logit(L0,·)
SKIP	w1:32	executor ExecutorchInvalidArgumentException: [ExecuTorch Error 0x12] Invalid argument: Execution failed for method: forward	n0*=native_group_norm(L0,·,·,·,·,·,·,·)
MISMATCH	w1:320	out[0] non-finite mismatch (nan/inf positions differ)	n0*=gelu.out(L0,·,·)
MISMATCH	w1:321	out[0] max|delta|=7.580e+00 (rtol=0.01 atol=0.001)	n0*=rsub.Scalar(L0,·,·)
MISMATCH	w1:322	out[0] non-finite mismatch (nan/inf positions differ)	n0*=bmm.out(L0,L1,·)
MISMATCH	w1:333	out[0] max|delta|=4.000e+00 (rtol=0.01 atol=0.001)	n0*=remainder.Tensor_out(L0,L1,·)
MISMATCH	w1:337	out[0] max|delta|=7.842e-01 (rtol=0.01 atol=0.001)	n0*=atan.out(L0,·)
SKIP	w1:342	executor ExecutorchInvalidArgumentException: [ExecuTorch Error 0x12] Invalid argument: Execution failed for method: forward	n0*=native_group_norm(L0,·,·,·,·,·,·,·)
SKIP	w1:345	executor ExecutorchInvalidArgumentException: [ExecuTorch Error 0x12] Invalid argument: Execution failed for method: forward	n0*=_pdist_forward(L0,·)
MISMATCH	w1:352	out[0] non-finite mismatch (nan/inf positions differ)	n0*=sin.out(L0,·)
SKIP	w1:373	executor ExecutorchRuntimeException: [ExecuTorch Error 0x14] Operator missing: Execution failed for method: forward	n0*=_fft_r2c(L0,·,·,·)
MISMATCH	w1:384	out[0] non-finite mismatch (nan/inf positions differ)	n0*=rsqrt.out(L0,·)
MISMATCH	w1:39	out[0] non-finite mismatch (nan/inf positions differ)	n0*=amin.out(L0,·,·,·)
MISMATCH	w1:407	out[0] max|delta|=2.000e+00 (rtol=0.01 atol=0.001)	n0*=min.unary_out(L0,·)
MISMATCH	w1:412	out[0] non-finite mismatch (nan/inf positions differ)	n0*=mm.out(L0,L1,·)
MISMATCH	w1:417	out[0] non-finite mismatch (nan/inf positions differ)	n0*=elu.out(L0,·,·,·,·)
MISMATCH	w1:419	out[0] non-finite mismatch (nan/inf positions differ)	n0*=addmm.out(L0,L1,L2,·,·,·)
MISMATCH	w1:427	out[0] non-finite mismatch (nan/inf positions differ)	n0*=sub.out(L0,L1,·,·)
MISMATCH	w1:432	out[0] non-finite mismatch (nan/inf positions differ)	n0*=pow.Tensor_Tensor_out(L0,L1,·)
MISMATCH	w1:436	out[0] max|delta|=9.223e+18 (rtol=0.0 atol=0.0)	n0*=bitwise_left_shift.Tensor_Scalar(L0,·)
SKIP	w1:438	executor ExecutorchInvalidArgumentException: [ExecuTorch Error 0x12] Invalid argument: Execution failed for method: forward	n0*=scatter_add.out(L0,·,L1,L2,·)
MISMATCH	w1:448	out[0] non-finite mismatch (nan/inf positions differ)	n0*=exp.out(L0,·)
MISMATCH	w1:450	out[0] max|delta|=2.550e+02 (rtol=0.0 atol=0.0)	n0*=prod(L0,·)
MISMATCH	w1:497	out[0] non-finite mismatch (nan/inf positions differ)	n0*=cos.out(L0,·)
MISMATCH	w1:512	out[0] max|delta|=3.459e+18 (rtol=0.0 atol=0.0)	n0*=bitwise_left_shift.Tensor_Scalar_out(L0,·,·)
MISMATCH	w1:515	out[0] non-finite mismatch (nan/inf positions differ)	n0*=bitwise_left_shift.Tensor_out(L0,L1,·)
MISMATCH	w1:521	out[0] max|delta|=1.000e+00 (rtol=0.0 atol=0.0)	n0*=sum.IntList_out(L0,·,·,·,·)
MISMATCH	w1:522	out[0] non-finite mismatch (nan/inf positions differ)	n0*=logit.out(L0,·,·)
MISMATCH	w1:542	out[0] max|delta|=2.550e+02 (rtol=0.0 atol=0.0)	n0*=bitwise_or.Scalar_out(L0,·,·)
MISMATCH	w1:547	out[0] non-finite mismatch (nan/inf positions differ)	n0*=logit(L0,·)
MISMATCH	w1:548	out[0] non-finite mismatch (nan/inf positions differ)	n0*=gelu.out(L0,·,·)
MISMATCH	w1:549	out[0] max|delta|=2.400e+01 (rtol=0.01 atol=0.001)	n0*=rsub.Scalar(L0,·,·)
MISMATCH	w1:568	out[0] max|delta|=3.680e+04 (rtol=0.01 atol=0.001)	n0*=_native_batch_norm_legit.no_stats(L0,·,·,·,·,·)
SKIP	w1:570	executor ExecutorchInvalidArgumentException: [ExecuTorch Error 0x12] Invalid argument: Execution failed for method: forward	n0*=native_group_norm(L0,·,·,·,·,·,·,·)
SKIP	w1:573	executor ExecutorchInvalidArgumentException: [ExecuTorch Error 0x12] Invalid argument: Execution failed for method: forward	n0*=_pdist_forward(L0,·)
MISMATCH	w1:580	out[0] non-finite mismatch (nan/inf positions differ)	n0*=sin.out(L0,·)
MISMATCH	w1:586	out[0] non-finite mismatch (nan/inf positions differ)	n0*=log.out(L0,·)
SKIP	w1:595	executor ExecutorchInvalidArgumentException: [ExecuTorch Error 0x12] Invalid argument: Execution failed for method: forward	n0*=reflection_pad2d.out(L0,·,·)
SKIP	w1:601	executor ExecutorchRuntimeException: [ExecuTorch Error 0x14] Operator missing: Execution failed for method: forward	n0*=_fft_r2c(L0,·,·,·)
SKIP	w1:630	executor IllegalArgumentException: unsupported input dtype code 24 on Android	n0*=linear.out(L0,L1,·,·)
MISMATCH	w1:640	out[0] non-finite mismatch (nan/inf positions differ)	n0*=mm.out(L0,L1,·)
MISMATCH	w1:645	out[0] non-finite mismatch (nan/inf positions differ)	n0*=elu.out(L0,·,·,·,·)
MISMATCH	w1:66	out[0] non-finite mismatch (nan/inf positions differ)	n0*=logit.out(L0,·,·)
MISMATCH	w1:660	out[0] non-finite mismatch (nan/inf positions differ)	n0*=pow.Tensor_Tensor_out(L0,L1,·)
MISMATCH	w1:664	out[0] max|delta|=2.306e+18 (rtol=0.0 atol=0.0)	n0*=bitwise_left_shift.Tensor_Scalar(L0,·)
MISMATCH	w1:676	out[0] non-finite mismatch (nan/inf positions differ)	n0*=exp.out(L0,·)
CRASH	w1:679	executor process died (native abort)	n0*=split_with_sizes_copy(L0,·,·)
MISMATCH	w1:704	out[0] max|delta|=1.562e+00 (rtol=0.01 atol=0.001)	n0*=replication_pad3d.out(L0,·,·)
SKIP	w1:716	executor ExecutorchInvalidArgumentException: [ExecuTorch Error 0x12] Invalid argument: Execution failed for method: forward	n0*=native_group_norm(L0,·,·,·,·,·,·,·)
MISMATCH	w1:725	out[0] non-finite mismatch (nan/inf positions differ)	n0*=cos.out(L0,·)
MISMATCH	w1:743	out[0] max|delta|=6.918e+18 (rtol=0.0 atol=0.0)	n0*=bitwise_left_shift.Tensor_out(L0,L1,·)
MISMATCH	w1:750	out[0] non-finite mismatch (nan/inf positions differ)	n0*=logit.out(L0,·,·)
MISMATCH	w1:760	out[0] max|delta|=3.000e+00 (rtol=0.0 atol=0.0)	n0*=topk.values(L0,·,·,·,·,L1,L2)
SKIP	w1:762	executor ExecutorchRuntimeException: [ExecuTorch Error 0x1] Internal error: Execution failed for method: forward	n0*=copy(L0,L1,·)
MISMATCH	w1:775	out[0] non-finite mismatch (nan/inf positions differ)	n0*=logit(L0,·)
MISMATCH	w1:777	out[0] max|delta|=5.139e+00 (rtol=0.01 atol=0.001)	n0*=rsub.Scalar(L0,·,·)
SKIP	w1:78	executor ExecutorchRuntimeException: [ExecuTorch Error 0x1] Internal error: Execution failed for method: forward	n0*=copy(L0,L1,·)
MISMATCH	w1:91	out[0] non-finite mismatch (nan/inf positions differ)	n0*=logit(L0,·)
MISMATCH	w1:92	out[0] non-finite mismatch (nan/inf positions differ)	n0*=gelu.out(L0,·,·)
MISMATCH	w10:0	out[0] max|delta|=9.808e+00 (rtol=0.01 atol=0.001)	n0*=elu.out(L0,·,·,·,·)
MISMATCH	w10:105	out[0] non-finite mismatch (nan/inf positions differ)	n0*=logit.out(L0,·,·)
MISMATCH	w10:117	out[0] max|delta|=1.514e+00 (rtol=0.01 atol=0.001)	n0*=copy(L0,L1,·)
MISMATCH	w10:12	out[0] max|delta|=8.000e+00 (rtol=0.0 atol=0.0)	n0*=remainder.Scalar(L0,·)
MISMATCH	w10:130	out[0] max|delta|=1.252e-01 (rtol=0.01 atol=0.001)	n0*=logit(L0,·)
MISMATCH	w10:131	out[0] non-finite mismatch (nan/inf positions differ)	n0*=gelu.out(L0,·,·)
MISMATCH	w10:132	out[0] max|delta|=1.516e+01 (rtol=0.01 atol=0.001)	n0*=rsub.Scalar(L0,·,·)
SKIP	w10:135	executor ExecutorchInvalidArgumentException: [ExecuTorch Error 0x12] Invalid argument: Execution failed for method: forward	n0*=reflection_pad2d(L0,·)
MISMATCH	w10:140	out[0] max|delta|=1.000e+00 (rtol=0.0 atol=0.0)	n0*=select_scatter(L0,L1,·,·)
MISMATCH	w10:148	out[0] max|delta|=7.837e-01 (rtol=0.01 atol=0.001)	n0*=atan.out(L0,·)
SKIP	w10:153	executor ExecutorchInvalidArgumentException: [ExecuTorch Error 0x12] Invalid argument: Execution failed for method: forward	n0*=native_group_norm(L0,·,·,·,·,·,·,·)
SKIP	w10:156	executor ExecutorchInvalidArgumentException: [ExecuTorch Error 0x12] Invalid argument: Execution failed for method: forward	n0*=_pdist_forward(L0,·)
MISMATCH	w10:169	out[0] non-finite mismatch (nan/inf positions differ)	n0*=log.out(L0,·)
SKIP	w10:178	executor ExecutorchInvalidArgumentException: [ExecuTorch Error 0x12] Invalid argument: Execution failed for method: forward	n0*=reflection_pad2d.out(L0,·,·)
SKIP	w10:184	executor ExecutorchRuntimeException: [ExecuTorch Error 0x14] Operator missing: Execution failed for method: forward	n0*=_fft_r2c(L0,·,·,·)
SKIP	w10:21	executor ExecutorchInvalidArgumentException: [ExecuTorch Error 0x12] Invalid argument: Execution failed for method: forward	n0*=scatter_add.out(L0,·,L1,L2,·)
MISMATCH	w10:223	out[0] non-finite mismatch (nan/inf positions differ)	n0*=mm.out(L0,L1,·)
MISMATCH	w10:228	out[0] non-finite mismatch (nan/inf positions differ)	n0*=elu.out(L0,·,·,·,·)
CRASH	w10:262	executor process died (native abort)	n0*=split_with_sizes_copy(L0,·,·)
SKIP	w10:299	executor ExecutorchInvalidArgumentException: [ExecuTorch Error 0x12] Invalid argument: Execution failed for method: forward	n0*=native_group_norm(L0,·,·,·,·,·,·,·)
MISMATCH	w10:31	out[0] non-finite mismatch (nan/inf positions differ)	n0*=exp.out(L0,·)
MISMATCH	w10:326	out[0] max|delta|=6.918e+18 (rtol=0.01 atol=0.001)	n0*=bitwise_left_shift.Tensor_out(L0,L1,·)
MISMATCH	w10:333	out[0] non-finite mismatch (nan/inf positions differ)	n0*=logit.out(L0,·,·)
SKIP	w10:345	executor ExecutorchRuntimeException: [ExecuTorch Error 0x1] Internal error: Execution failed for method: forward	n0*=copy(L0,L1,·)
MISMATCH	w10:353	out[0] max|delta|=2.530e+02 (rtol=0.0 atol=0.0)	n0*=bitwise_or.Scalar_out(L0,·,·)
MISMATCH	w10:358	out[0] non-finite mismatch (nan/inf positions differ)	n0*=logit(L0,·)
MISMATCH	w10:359	out[0] non-finite mismatch (nan/inf positions differ)	n0*=gelu.out(L0,·,·)
MISMATCH	w10:360	out[0] max|delta|=2.056e+01 (rtol=0.01 atol=0.001)	n0*=rsub.Scalar(L0,·,·)
MISMATCH	w10:381	out[0] non-finite mismatch (nan/inf positions differ)	n0*=native_group_norm(L0,·,·,·,·,·,·,·)
MISMATCH	w10:391	out[0] non-finite mismatch (nan/inf positions differ)	n0*=sin.out(L0,·)
MISMATCH	w10:397	out[0] non-finite mismatch (nan/inf positions differ)	n0*=log.out(L0,·)
SKIP	w10:412	executor ExecutorchRuntimeException: [ExecuTorch Error 0x14] Operator missing: Execution failed for method: forward	n0*=_fft_r2c(L0,·,·,·)
MISMATCH	w10:451	out[0] non-finite mismatch (nan/inf positions differ)	n0*=mm.out(L0,L1,·)
MISMATCH	w10:466	out[0] max|delta|=2.259e+00 (rtol=0.01 atol=0.001)	n0*=sub.out(L0,L1,·,·)
MISMATCH	w10:475	out[0] max|delta|=2.882e+17 (rtol=0.0 atol=0.0)	n0*=bitwise_left_shift.Tensor_Scalar(L0,·)
MISMATCH	w10:487	out[0] non-finite mismatch (nan/inf positions differ)	n0*=exp.out(L0,·)
SKIP	w10:522	executor ExecutorchInvalidArgumentException: [ExecuTorch Error 0x12] Invalid argument: Execution failed for method: forward	n0*=convolution(L0,L1,·,·,·,·,·,·,·)
SKIP	w10:527	executor ExecutorchInvalidArgumentException: [ExecuTorch Error 0x12] Invalid argument: Execution failed for method: forward	n0*=native_group_norm(L0,·,·,·,·,·,·,·)
MISMATCH	w10:536	out[0] non-finite mismatch (nan/inf positions differ)	n0*=cos.out(L0,·)
MISMATCH	w10:560	out[0] max|delta|=9.223e+18 (rtol=0.0 atol=0.0)	n0*=sum.IntList_out(L0,·,·,·,·)
MISMATCH	w10:561	out[0] non-finite mismatch (nan/inf positions differ)	n0*=logit.out(L0,·,·)
MISMATCH	w10:573	out[0] max|delta|=4.000e+00 (rtol=0.0 atol=0.0)	n0*=copy(L0,L1,·)
MISMATCH	w10:586	out[0] non-finite mismatch (nan/inf positions differ)	n0*=logit(L0,·)
MISMATCH	w10:587	out[0] non-finite mismatch (nan/inf positions differ)	n0*=gelu.out(L0,·,·)
MISMATCH	w10:588	out[0] max|delta|=3.600e+01 (rtol=0.01 atol=0.001)	n0*=rsub.Scalar(L0,·,·)
SKIP	w10:591	executor ExecutorchInvalidArgumentException: [ExecuTorch Error 0x12] Invalid argument: Execution failed for method: forward	n0*=reflection_pad2d(L0,·)
MISMATCH	w10:604	out[0] max|delta|=7.837e-01 (rtol=0.01 atol=0.001)	n0*=atan.out(L0,·)
MISMATCH	w10:607	out[0] max|delta|=3.680e+04 (rtol=0.01 atol=0.001)	n0*=_native_batch_norm_legit.no_stats(L0,·,·,·,·,·)
SKIP	w10:609	executor ExecutorchInvalidArgumentException: [ExecuTorch Error 0x12] Invalid argument: Execution failed for method: forward	n0*=native_group_norm(L0,·,·,·,·,·,·,·)
MISMATCH	w10:619	out[0] non-finite mismatch (nan/inf positions differ)	n0*=sin.out(L0,·)
MISMATCH	w10:625	out[0] non-finite mismatch (nan/inf positions differ)	n0*=log.out(L0,·)
SKIP	w10:640	executor ExecutorchRuntimeException: [ExecuTorch Error 0x14] Operator missing: Execution failed for method: forward	n0*=_fft_r2c(L0,·,·,·)
MISMATCH	w10:651	out[0] non-finite mismatch (nan/inf positions differ)	n0*=rsqrt.out(L0,·)
SKIP	w10:66	executor ExecutorchInvalidArgumentException: [ExecuTorch Error 0x12] Invalid argument: Execution failed for method: forward	n0*=convolution(L0,L1,·,·,·,·,·,·,·)
MISMATCH	w10:664	out[0] max|delta|=1.280e+02 (rtol=0.0 atol=0.0)	n0*=bitwise_right_shift.Tensor_Scalar(L0,·)
MISMATCH	w10:679	out[0] non-finite mismatch (nan/inf positions differ)	n0*=mm.out(L0,L1,·)
MISMATCH	w10:699	out[0] non-finite mismatch (nan/inf positions differ)	n0*=pow.Tensor_Tensor_out(L0,L1,·)
SKIP	w10:71	executor ExecutorchInvalidArgumentException: [ExecuTorch Error 0x12] Invalid argument: Execution failed for method: forward	n0*=native_group_norm(L0,·,·,·,·,·,·,·)
SKIP	w10:711	executor ExecutorchInvalidArgumentException: [ExecuTorch Error 0x12] Invalid argument: Execution failed for method: forward	n0*=expand_copy(L0,·,·)
MISMATCH	w10:715	out[0] non-finite mismatch (nan/inf positions differ)	n0*=exp.out(L0,·)
SKIP	w10:736	executor ExecutorchInvalidArgumentException: [ExecuTorch Error 0x12] Invalid argument: Execution failed for method: forward	n0*=scatter.value_out(L0,·,L1,·,·)
MISMATCH	w10:743	out[0] max|delta|=1.158e+00 (rtol=0.01 atol=0.001)	n0*=replication_pad3d.out(L0,·,·)
SKIP	w10:755	executor ExecutorchInvalidArgumentException: [ExecuTorch Error 0x12] Invalid argument: Execution failed for method: forward	n0*=native_group_norm(L0,·,·,·,·,·,·,·)
MISMATCH	w10:764	out[0] non-finite mismatch (nan/inf positions differ)	n0*=cos.out(L0,·)
MISMATCH	w10:779	out[0] max|delta|=8.053e+08 (rtol=0.0 atol=0.0)	n0*=bitwise_left_shift.Tensor_Scalar_out(L0,·,·)
MISMATCH	w10:80	out[0] non-finite mismatch (nan/inf positions differ)	n0*=cos.out(L0,·)
MISMATCH	w10:85	out[0] max|delta|=1.000e+00 (rtol=0.0 atol=0.0)	n0*=roll(L0,·,·)
MISMATCH	w10:90	out[0] max|delta|=2.814e+00 (rtol=0.01 atol=0.001)	n0*=replication_pad2d.out(L0,·,·)
MISMATCH	w10:96	out[0] max|delta|=3.000e+00 (rtol=0.01 atol=0.001)	n0*=maximum.out(L0,L1,·)
MISMATCH	w10:98	out[0] max|delta|=6.918e+18 (rtol=0.01 atol=0.001)	n0*=bitwise_left_shift.Tensor_out(L0,L1,·)
MISMATCH	w100:101	out[0] non-finite mismatch (nan/inf positions differ)	n0*=log.out(L0,·)
SKIP	w100:116	executor ExecutorchRuntimeException: [ExecuTorch Error 0x14] Operator missing: Execution failed for method: forward	n0*=_fft_r2c(L0,·,·,·)
MISMATCH	w100:12	out[0] non-finite mismatch (nan/inf positions differ)	n0*=cos.out(L0,·)
MISMATCH	w100:140	out[0] max|delta|=6.400e+01 (rtol=0.0 atol=0.0)	n0*=bitwise_right_shift.Tensor_Scalar(L0,·)
MISMATCH	w100:155	out[0] non-finite mismatch (nan/inf positions differ)	n0*=mm.out(L0,L1,·)
MISMATCH	w100:158	out[0] max|delta|=2.530e+02 (rtol=0.0 atol=0.0)	n0*=bitwise_and.Scalar_out(L0,·,·)
MISMATCH	w100:159	out[0] non-finite mismatch (nan/inf positions differ)	n0*=_log_softmax.out(L0,·,·,·)
MISMATCH	w100:175	out[0] non-finite mismatch (nan/inf positions differ)	n0*=pow.Tensor_Tensor_out(L0,L1,·)
MISMATCH	w100:177	out[0] non-finite mismatch (nan/inf positions differ)	n0*=sqrt.out(L0,·)
MISMATCH	w100:191	out[0] non-finite mismatch (nan/inf positions differ)	n0*=exp.out(L0,·)
MISMATCH	w100:219	out[0] max|delta|=2.527e+00 (rtol=0.01 atol=0.001)	n0*=replication_pad3d.out(L0,·,·)
MISMATCH	w100:240	out[0] non-finite mismatch (nan/inf positions differ)	n0*=cos.out(L0,·)
MISMATCH	w100:258	out[0] max|delta|=9.223e+18 (rtol=0.01 atol=0.001)	n0*=bitwise_left_shift.Tensor_out(L0,L1,·)
MISMATCH	w100:265	out[0] non-finite mismatch (nan/inf positions differ)	n0*=logit.out(L0,·,·)
MISMATCH	w100:27	out[0] max|delta|=5.765e+17 (rtol=0.01 atol=0.001)	n0*=bitwise_left_shift.Tensor_Scalar_out(L0,·,·)
MISMATCH	w100:285	out[0] max|delta|=2.550e+02 (rtol=0.0 atol=0.0)	n0*=bitwise_or.Scalar_out(L0,·,·)
MISMATCH	w100:290	out[0] non-finite mismatch (nan/inf positions differ)	n0*=logit(L0,·)
MISMATCH	w100:292	out[0] max|delta|=2.021e+01 (rtol=0.01 atol=0.001)	n0*=rsub.Scalar(L0,·,·)
SKIP	w100:295	executor ExecutorchInvalidArgumentException: [ExecuTorch Error 0x12] Invalid argument: Execution failed for method: forward	n0*=reflection_pad2d(L0,·)
SKIP	w100:3	executor ExecutorchInvalidArgumentException: [ExecuTorch Error 0x12] Invalid argument: Execution failed for method: forward	n0*=native_group_norm(L0,·,·,·,·,·,·,·)
MISMATCH	w100:30	out[0] non-finite mismatch (nan/inf positions differ)	n0*=bitwise_left_shift.Tensor_out(L0,L1,·)
MISMATCH	w100:304	out[0] max|delta|=3.000e+00 (rtol=0.01 atol=0.001)	n0*=remainder.Tensor_out(L0,L1,·)
MISMATCH	w100:308	out[0] max|delta|=7.837e-01 (rtol=0.01 atol=0.001)	n0*=atan.out(L0,·)
SKIP	w100:313	executor ExecutorchInvalidArgumentException: [ExecuTorch Error 0x12] Invalid argument: Execution failed for method: forward	n0*=native_group_norm(L0,·,·,·,·,·,·,·)
SKIP	w100:316	executor ExecutorchInvalidArgumentException: [ExecuTorch Error 0x12] Invalid argument: Execution failed for method: forward	n0*=_pdist_forward(L0,·)
MISMATCH	w100:323	out[0] non-finite mismatch (nan/inf positions differ)	n0*=sin.out(L0,·)
SKIP	w100:33	executor ExecutorchRuntimeException: [ExecuTorch Error 0x1] Internal error: Execution failed for method: forward	n0*=hardtanh(L0,·,·)
SKIP	w100:344	executor ExecutorchRuntimeException: [ExecuTorch Error 0x14] Operator missing: Execution failed for method: forward	n0*=_fft_r2c(L0,·,·,·)
SKIP	w100:351	executor ExecutorchRuntimeException: [ExecuTorch Error 0x1] Internal error: Execution failed for method: forward	n0*=mean.out(L0,·,·,·,·)
SKIP	w100:356	executor ExecutorchRuntimeException: [ExecuTorch Error 0x1] Internal error: Execution failed for method: forward	n0*=repeat(L0,·)
MISMATCH	w100:37	out[0] non-finite mismatch (nan/inf positions differ)	n0*=logit.out(L0,·,·)
MISMATCH	w100:390	out[0] non-finite mismatch (nan/inf positions differ)	n0*=addmm.out(L0,L1,L2,·,·,·)
MISMATCH	w100:403	out[0] non-finite mismatch (nan/inf positions differ)	n0*=pow.Tensor_Tensor_out(L0,L1,·)
MISMATCH	w100:419	out[0] non-finite mismatch (nan/inf positions differ)	n0*=exp.out(L0,·)
CRASH	w100:422	executor process died (native abort)	n0*=split_with_sizes_copy(L0,·,·)
MISMATCH	w100:450	out[0] max|delta|=2.550e+02 (rtol=0.0 atol=0.0)	n0*=prod.int_out(L0,·,·,·,·)
SKIP	w100:459	executor ExecutorchInvalidArgumentException: [ExecuTorch Error 0x12] Invalid argument: Execution failed for method: forward	n0*=native_group_norm(L0,·,·,·,·,·,·,·)
MISMATCH	w100:486	out[0] max|delta|=9.223e+18 (rtol=0.01 atol=0.001)	n0*=bitwise_left_shift.Tensor_out(L0,L1,·)
SKIP	w100:49	executor ExecutorchRuntimeException: [ExecuTorch Error 0x1] Internal error: Execution failed for method: forward	n0*=copy(L0,L1,·)
MISMATCH	w100:493	out[0] non-finite mismatch (nan/inf positions differ)	n0*=logit.out(L0,·,·)
MISMATCH	w100:505	out[0] max|delta|=3.939e-01 (rtol=0.01 atol=0.001)	n0*=copy(L0,L1,·)
MISMATCH	w100:513	out[0] max|delta|=2.550e+02 (rtol=0.0 atol=0.0)	n0*=bitwise_or.Scalar_out(L0,·,·)
MISMATCH	w100:519	out[0] non-finite mismatch (nan/inf positions differ)	n0*=gelu.out(L0,·,·)
MISMATCH	w100:536	out[0] max|delta|=7.842e-01 (rtol=0.01 atol=0.001)	n0*=atan.out(L0,·)
SKIP	w100:541	executor ExecutorchInvalidArgumentException: [ExecuTorch Error 0x12] Invalid argument: Execution failed for method: forward	n0*=native_group_norm(L0,·,·,·,·,·,·,·)
SKIP	w100:544	executor ExecutorchInvalidArgumentException: [ExecuTorch Error 0x12] Invalid argument: Execution failed for method: forward	n0*=_pdist_forward(L0,·)
MISMATCH	w100:557	out[0] non-finite mismatch (nan/inf positions differ)	n0*=log.out(L0,·)
SKIP	w100:572	executor ExecutorchRuntimeException: [ExecuTorch Error 0x14] Operator missing: Execution failed for method: forward	n0*=_fft_r2c(L0,·,·,·)
MISMATCH	w100:596	out[0] max|delta|=1.280e+02 (rtol=0.0 atol=0.0)	n0*=bitwise_right_shift.Tensor_Scalar(L0,·)
MISMATCH	w100:611	out[0] non-finite mismatch (nan/inf positions differ)	n0*=mm.out(L0,L1,·)
MISMATCH	w100:615	out[0] non-finite mismatch (nan/inf positions differ)	n0*=_log_softmax.out(L0,·,·,·)
MISMATCH	w100:62	out[0] non-finite mismatch (nan/inf positions differ)	n0*=logit(L0,·)
MISMATCH	w100:63	out[0] non-finite mismatch (nan/inf positions differ)	n0*=gelu.out(L0,·,·)
MISMATCH	w100:632	out[0] max|delta|=3.000e+00 (rtol=0.01 atol=0.001)	n0*=max.unary_out(L0,·)
MISMATCH	w100:64	out[0] max|delta|=5.141e+00 (rtol=0.01 atol=0.001)	n0*=rsub.Scalar(L0,·,·)
MISMATCH	w100:646	out[0] max|delta|=9.223e+18 (rtol=0.0 atol=0.0)	n0*=pow.Scalar_out(·,L0,·)
MISMATCH	w100:647	out[0] non-finite mismatch (nan/inf positions differ)	n0*=exp.out(L0,·)
MISMATCH	w100:651	out[0] max|delta|=3.000e+00 (rtol=0.01 atol=0.001)	n0*=bitwise_xor.Tensor_out(L0,L1,·)
SKIP	w100:67	executor ExecutorchInvalidArgumentException: [ExecuTorch Error 0x12] Invalid argument: Execution failed for method: forward	n0*=reflection_pad2d(L0,·)
SKIP	w100:687	executor ExecutorchInvalidArgumentException: [ExecuTorch Error 0x12] Invalid argument: Execution failed for method: forward	n0*=native_group_norm(L0,·,·,·,·,·,·,·)
MISMATCH	w100:711	out[0] max|delta|=7.206e+16 (rtol=0.01 atol=0.001)	n0*=bitwise_left_shift.Tensor_Scalar_out(L0,·,·)
MISMATCH	w100:721	out[0] non-finite mismatch (nan/inf positions differ)	n0*=logit.out(L0,·,·)
MISMATCH	w100:731	out[0] max|delta|=4.000e+00 (rtol=0.0 atol=0.0)	n0*=topk.values(L0,·,·,·,·,L1,L2)
SKIP	w100:733	executor ExecutorchRuntimeException: [ExecuTorch Error 0x1] Internal error: Execution failed for method: forward	n0*=copy(L0,L1,·)
MISMATCH	w100:746	out[0] non-finite mismatch (nan/inf positions differ)	n0*=logit(L0,·)
MISMATCH	w100:748	out[0] max|delta|=4.442e+00 (rtol=0.01 atol=0.001)	n0*=rsub.Scalar(L0,·,·)
SKIP	w100:751	executor ExecutorchInvalidArgumentException: [ExecuTorch Error 0x12] Invalid argument: Execution failed for method: forward	n0*=reflection_pad2d(L0,·)
MISMATCH	w100:76	out[0] max|delta|=3.000e+00 (rtol=0.01 atol=0.001)	n0*=remainder.Tensor_out(L0,L1,·)
MISMATCH	w100:764	out[0] max|delta|=7.837e-01 (rtol=0.01 atol=0.001)	n0*=atan.out(L0,·)
SKIP	w100:769	executor ExecutorchInvalidArgumentException: [ExecuTorch Error 0x12] Invalid argument: Execution failed for method: forward	n0*=native_group_norm(L0,·,·,·,·,·,·,·)
MISMATCH	w100:779	out[0] non-finite mismatch (nan/inf positions differ)	n0*=sin.out(L0,·)
SKIP	w100:85	executor ExecutorchInvalidArgumentException: [ExecuTorch Error 0x12] Invalid argument: Execution failed for method: forward	n0*=native_group_norm(L0,·,·,·,·,·,·,·)
SKIP	w101:10	executor ExecutorchRuntimeException: [ExecuTorch Error 0x14] Operator missing: Execution failed for method: forward	n0*=_fft_r2c(L0,·,·,·)
SKIP	w101:106	executor ExecutorchInvalidArgumentException: [ExecuTorch Error 0x12] Invalid argument: Execution failed for method: forward	n0*=scatter.value_out(L0,·,L1,·,·)
MISMATCH	w101:113	out[0] max|delta|=1.169e+00 (rtol=0.01 atol=0.001)	n0*=replication_pad3d.out(L0,·,·)
SKIP	w101:125	executor ExecutorchInvalidArgumentException: [ExecuTorch Error 0x12] Invalid argument: Execution failed for method: forward	n0*=native_group_norm(L0,·,·,·,·,·,·,·)
MISMATCH	w101:134	out[0] non-finite mismatch (nan/inf positions differ)	n0*=cos.out(L0,·)
MISMATCH	w101:152	out[0] non-finite mismatch (nan/inf positions differ)	n0*=bitwise_left_shift.Tensor_out(L0,L1,·)
MISMATCH	w101:159	out[0] non-finite mismatch (nan/inf positions differ)	n0*=logit.out(L0,·,·)
SKIP	w101:164	executor ExecutorchInvalidArgumentException: [ExecuTorch Error 0x12] Invalid argument: Execution failed for method: forward	n0*=scatter.src_out(L0,·,L1,L2,·)
SKIP	w101:171	executor ExecutorchRuntimeException: [ExecuTorch Error 0x1] Internal error: Execution failed for method: forward	n0*=copy(L0,L1,·)
MISMATCH	w101:184	out[0] non-finite mismatch (nan/inf positions differ)	n0*=logit(L0,·)
MISMATCH	w101:185	out[0] non-finite mismatch (nan/inf positions differ)	n0*=gelu.out(L0,·,·)
MISMATCH	w101:186	out[0] max|delta|=5.820e+00 (rtol=0.01 atol=0.001)	n0*=rsub.Scalar(L0,·,·)
MISMATCH	w101:202	out[0] max|delta|=7.842e-01 (rtol=0.01 atol=0.001)	n0*=atan.out(L0,·)
SKIP	w101:207	executor ExecutorchInvalidArgumentException: [ExecuTorch Error 0x12] Invalid argument: Execution failed for method: forward	n0*=native_group_norm(L0,·,·,·,·,·,·,·)
MISMATCH	w101:21	out[0] non-finite mismatch (nan/inf positions differ)	n0*=rsqrt.out(L0,·)
SKIP	w101:210	executor ExecutorchInvalidArgumentException: [ExecuTorch Error 0x12] Invalid argument: Execution failed for method: forward	n0*=_pdist_forward(L0,·)
MISMATCH	w101:217	out[0] non-finite mismatch (nan/inf positions differ)	n0*=sin.out(L0,·)
MISMATCH	w101:223	out[0] non-finite mismatch (nan/inf positions differ)	n0*=log.out(L0,·)
SKIP	w101:238	executor ExecutorchRuntimeException: [ExecuTorch Error 0x14] Operator missing: Execution failed for method: forward	n0*=_fft_r2c(L0,·,·,·)
MISMATCH	w101:243	out[0] non-finite mismatch (nan/inf positions differ)	n0*=native_layer_norm(L0,·,·,·,·)
MISMATCH	w101:249	out[0] non-finite mismatch (nan/inf positions differ)	n0*=rsqrt.out(L0,·)
SKIP	w101:250	executor ExecutorchRuntimeException: [ExecuTorch Error 0x1] Internal error: Execution failed for method: forward	n0*=repeat(L0,·)
MISMATCH	w101:272	out[0] max|delta|=2.000e+00 (rtol=0.01 atol=0.001)	n0*=min.unary_out(L0,·)
MISMATCH	w101:277	out[0] non-finite mismatch (nan/inf positions differ)	n0*=mm.out(L0,L1,·)
MISMATCH	w101:297	out[0] non-finite mismatch (nan/inf positions differ)	n0*=pow.Tensor_Tensor_out(L0,L1,·)
MISMATCH	w101:313	out[0] non-finite mismatch (nan/inf positions differ)	n0*=exp.out(L0,·)
MISMATCH	w101:323	out[0] max|delta|=7.000e+00 (rtol=0.01 atol=0.001)	n0*=remainder.Scalar_out(L0,·,·)
MISMATCH	w101:353	out[0] non-finite mismatch (nan/inf positions differ)	n0*=native_group_norm(L0,·,·,·,·,·,·,·)
MISMATCH	w101:362	out[0] non-finite mismatch (nan/inf positions differ)	n0*=cos.out(L0,·)
MISMATCH	w101:379	out[0] max|delta|=2.450e+02 (rtol=0.0 atol=0.0)	n0*=bitwise_xor.Scalar_out(L0,·,·)
MISMATCH	w101:387	out[0] non-finite mismatch (nan/inf positions differ)	n0*=logit.out(L0,·,·)
SKIP	w101:399	executor ExecutorchRuntimeException: [ExecuTorch Error 0x1] Internal error: Execution failed for method: forward	n0*=copy(L0,L1,·)
MISMATCH	w101:412	out[0] non-finite mismatch (nan/inf positions differ)	n0*=logit(L0,·)
MISMATCH	w101:413	out[0] non-finite mismatch (nan/inf positions differ)	n0*=gelu.out(L0,·,·)
MISMATCH	w101:414	out[0] max|delta|=8.883e+00 (rtol=0.01 atol=0.001)	n0*=rsub.Scalar(L0,·,·)
MISMATCH	w101:430	out[0] max|delta|=7.842e-01 (rtol=0.01 atol=0.001)	n0*=atan.out(L0,·)
MISMATCH	w101:433	out[0] max|delta|=3.680e+04 (rtol=0.01 atol=0.001)	n0*=_native_batch_norm_legit.no_stats(L0,·,·,·,·,·)
SKIP	w101:435	executor ExecutorchInvalidArgumentException: [ExecuTorch Error 0x12] Invalid argument: Execution failed for method: forward	n0*=native_group_norm(L0,·,·,·,·,·,·,·)
SKIP	w101:438	executor ExecutorchInvalidArgumentException: [ExecuTorch Error 0x12] Invalid argument: Execution failed for method: forward	n0*=_pdist_forward(L0,·)
MISMATCH	w101:445	out[0] non-finite mismatch (nan/inf positions differ)	n0*=sin.out(L0,·)
SKIP	w101:466	executor ExecutorchRuntimeException: [ExecuTorch Error 0x14] Operator missing: Execution failed for method: forward	n0*=_fft_r2c(L0,·,·,·)
SKIP	w101:473	executor ExecutorchRuntimeException: [ExecuTorch Error 0x1] Internal error: Execution failed for method: forward	n0*=mean.out(L0,·,·,·,·)
MISMATCH	w101:477	out[0] non-finite mismatch (nan/inf positions differ)	n0*=rsqrt.out(L0,·)
SKIP	w101:478	executor ExecutorchRuntimeException: [ExecuTorch Error 0x1] Internal error: Execution failed for method: forward	n0*=repeat(L0,·)
MISMATCH	w101:510	out[0] non-finite mismatch (nan/inf positions differ)	n0*=elu.out(L0,·,·,·,·)
CRASH	w101:513	executor process died (native abort)	n0*=unfold_copy(L0,·,·,·)
MISMATCH	w101:520	out[0] max|delta|=3.521e+00 (rtol=0.01 atol=0.001)	n0*=sub.out(L0,L1,·,·)
MISMATCH	w101:529	out[0] max|delta|=4.323e+17 (rtol=0.0 atol=0.0)	n0*=bitwise_left_shift.Tensor_Scalar(L0,·)
MISMATCH	w101:53	out[0] non-finite mismatch (nan/inf positions differ)	n0*=_log_softmax.out(L0,·,·,·)
SKIP	w101:531	executor ExecutorchInvalidArgumentException: [ExecuTorch Error 0x12] Invalid argument: Execution failed for method: forward	n0*=scatter_add.out(L0,·,L1,L2,·)
MISMATCH	w101:54	out[0] max|delta|=7.380e+01 (rtol=0.01 atol=0.001)	n0*=elu.out(L0,·,·,·,·)
MISMATCH	w101:541	out[0] non-finite mismatch (nan/inf positions differ)	n0*=exp.out(L0,·)
MISMATCH	w101:545	out[0] max|delta|=2.490e+02 (rtol=0.0 atol=0.0)	n0*=bitwise_xor.Tensor_out(L0,L1,·)
MISMATCH	w101:569	out[0] max|delta|=1.798e+00 (rtol=0.01 atol=0.001)	n0*=replication_pad3d.out(L0,·,·)
MISMATCH	w101:572	out[0] max|delta|=2.520e+02 (rtol=0.0 atol=0.0)	n0*=prod.int_out(L0,·,·,·,·)
MISMATCH	w101:573	out[0] non-finite mismatch (nan/inf positions differ)	n0*=grid_sampler_2d(L0,L1,·,·,·)
SKIP	w101:581	executor ExecutorchInvalidArgumentException: [ExecuTorch Error 0x12] Invalid argument: Execution failed for method: forward	n0*=native_group_norm(L0,·,·,·,·,·,·,·)
MISMATCH	w101:590	out[0] non-finite mismatch (nan/inf positions differ)	n0*=cos.out(L0,·)
MISMATCH	w101:605	out[0] max|delta|=9.223e+18 (rtol=0.0 atol=0.0)	n0*=bitwise_left_shift.Tensor_Scalar_out(L0,·,·)
MISMATCH	w101:608	out[0] max|delta|=6.918e+18 (rtol=0.0 atol=0.0)	n0*=bitwise_left_shift.Tensor_out(L0,L1,·)
MISMATCH	w101:615	out[0] non-finite mismatch (nan/inf positions differ)	n0*=logit.out(L0,·,·)
MISMATCH	w101:627	out[0] max|delta|=6.028e-01 (rtol=0.01 atol=0.001)	n0*=copy(L0,L1,·)
MISMATCH	w101:64	out[0] max|delta|=1.331e-01 (rtol=0.01 atol=0.001)	n0*=sub.out(L0,L1,·,·)
MISMATCH	w101:640	out[0] non-finite mismatch (nan/inf positions differ)	n0*=logit(L0,·)
MISMATCH	w101:641	out[0] non-finite mismatch (nan/inf positions differ)	n0*=gelu.out(L0,·,·)
MISMATCH	w101:642	out[0] max|delta|=1.200e+01 (rtol=0.01 atol=0.001)	n0*=rsub.Scalar(L0,·,·)
SKIP	w101:645	executor ExecutorchInvalidArgumentException: [ExecuTorch Error 0x12] Invalid argument: Execution failed for method: forward	n0*=reflection_pad2d(L0,·)
MISMATCH	w101:658	out[0] max|delta|=7.842e-01 (rtol=0.01 atol=0.001)	n0*=atan.out(L0,·)
MISMATCH	w101:66	out[0] max|delta|=5.000e+00 (rtol=0.0 atol=0.0)	n0*=remainder.Scalar(L0,·)
SKIP	w101:663	executor ExecutorchInvalidArgumentException: [ExecuTorch Error 0x12] Invalid argument: Execution failed for method: forward	n0*=native_group_norm(L0,·,·,·,·,·,·,·)
SKIP	w101:666	executor ExecutorchInvalidArgumentException: [ExecuTorch Error 0x12] Invalid argument: Execution failed for method: forward	n0*=_pdist_forward(L0,·)
MISMATCH	w101:673	out[0] non-finite mismatch (nan/inf positions differ)	n0*=sin.out(L0,·)
MISMATCH	w101:679	out[0] non-finite mismatch (nan/inf positions differ)	n0*=log.out(L0,·)
MISMATCH	w101:69	out[0] non-finite mismatch (nan/inf positions differ)	n0*=pow.Tensor_Tensor_out(L0,L1,·)
SKIP	w101:694	executor ExecutorchRuntimeException: [ExecuTorch Error 0x14] Operator missing: Execution failed for method: forward	n0*=_fft_r2c(L0,·,·,·)
MISMATCH	w101:705	out[0] non-finite mismatch (nan/inf positions differ)	n0*=rsqrt.out(L0,·)
MISMATCH	w101:721	out[0] non-finite mismatch (nan/inf positions differ)	n0*=_softmax.out(L0,·,·,·)
MISMATCH	w101:73	out[0] max|delta|=2.882e+17 (rtol=0.0 atol=0.0)	n0*=bitwise_left_shift.Tensor_Scalar(L0,·)
MISMATCH	w101:733	out[0] non-finite mismatch (nan/inf positions differ)	n0*=mm.out(L0,L1,·)
MISMATCH	w101:738	out[0] non-finite mismatch (nan/inf positions differ)	n0*=elu.out(L0,·,·,·,·)
MISMATCH	w101:750	out[0] max|delta|=2.000e+00 (rtol=0.0 atol=0.0)	n0*=remainder.Scalar(L0,·)
MISMATCH	w101:753	out[0] non-finite mismatch (nan/inf positions differ)	n0*=pow.Tensor_Tensor_out(L0,L1,·)
MISMATCH	w101:757	out[0] max|delta|=2.882e+17 (rtol=0.0 atol=0.0)	n0*=bitwise_left_shift.Tensor_Scalar(L0,·)
MISMATCH	w101:769	out[0] non-finite mismatch (nan/inf positions differ)	n0*=exp.out(L0,·)
MISMATCH	w101:773	out[0] max|delta|=4.000e+00 (rtol=0.01 atol=0.001)	n0*=bitwise_xor.Tensor_out(L0,L1,·)
MISMATCH	w101:85	out[0] non-finite mismatch (nan/inf positions differ)	n0*=exp.out(L0,·)
MISMATCH	w101:87	out[0] max|delta|=1.000e+00 (rtol=0.0 atol=0.0)	n0*=prod(L0,·)
SKIP	w102:100	executor ExecutorchInvalidArgumentException: [ExecuTorch Error 0x12] Invalid argument: Execution failed for method: forward	n0*=_pdist_forward(L0,·)
MISMATCH	w102:113	out[0] non-finite mismatch (nan/inf positions differ)	n0*=log.out(L0,·)
SKIP	w102:122	executor ExecutorchInvalidArgumentException: [ExecuTorch Error 0x12] Invalid argument: Execution failed for method: forward	n0*=reflection_pad2d.out(L0,·,·)
SKIP	w102:128	executor ExecutorchRuntimeException: [ExecuTorch Error 0x14] Operator missing: Execution failed for method: forward	n0*=_fft_r2c(L0,·,·,·)
MISMATCH	w102:139	out[0] non-finite mismatch (nan/inf positions differ)	n0*=rsqrt.out(L0,·)
SKIP	w102:15	executor ExecutorchInvalidArgumentException: [ExecuTorch Error 0x12] Invalid argument: Execution failed for method: forward	n0*=native_group_norm(L0,·,·,·,·,·,·,·)
MISMATCH	w102:167	out[0] non-finite mismatch (nan/inf positions differ)	n0*=mm.out(L0,L1,·)
MISMATCH	w102:182	out[0] non-finite mismatch (nan/inf positions differ)	n0*=sub.out(L0,L1,·,·)
MISMATCH	w102:184	out[0] max|delta|=3.000e+00 (rtol=0.0 atol=0.0)	n0*=remainder.Scalar(L0,·)
MISMATCH	w102:191	out[0] max|delta|=1.441e+17 (rtol=0.0 atol=0.0)	n0*=bitwise_left_shift.Tensor_Scalar(L0,·)
MISMATCH	w102:203	out[0] non-finite mismatch (nan/inf positions differ)	n0*=exp.out(L0,·)
MISMATCH	w102:24	out[0] non-finite mismatch (nan/inf positions differ)	n0*=cos.out(L0,·)
SKIP	w102:243	executor ExecutorchInvalidArgumentException: [ExecuTorch Error 0x12] Invalid argument: Execution failed for method: forward	n0*=native_group_norm(L0,·,·,·,·,·,·,·)
MISMATCH	w102:252	out[0] non-finite mismatch (nan/inf positions differ)	n0*=cos.out(L0,·)
MISMATCH	w102:267	out[0] max|delta|=2.882e+17 (rtol=0.01 atol=0.001)	n0*=bitwise_left_shift.Tensor_Scalar_out(L0,·,·)
MISMATCH	w102:277	out[0] non-finite mismatch (nan/inf positions differ)	n0*=logit.out(L0,·,·)
SKIP	w102:282	executor ExecutorchInvalidArgumentException: [ExecuTorch Error 0x12] Invalid argument: Execution failed for method: forward	n0*=scatter.src_out(L0,·,L1,L2,·)
SKIP	w102:289	executor ExecutorchRuntimeException: [ExecuTorch Error 0x1] Internal error: Execution failed for method: forward	n0*=copy(L0,L1,·)
MISMATCH	w102:302	out[0] non-finite mismatch (nan/inf positions differ)	n0*=logit(L0,·)
MISMATCH	w102:304	out[0] max|delta|=6.000e+00 (rtol=0.0 atol=0.0)	n0*=rsub.Scalar(L0,·,·)
MISMATCH	w102:341	out[0] non-finite mismatch (nan/inf positions differ)	n0*=log.out(L0,·)
SKIP	w102:356	executor ExecutorchRuntimeException: [ExecuTorch Error 0x14] Operator missing: Execution failed for method: forward	n0*=_fft_r2c(L0,·,·,·)
MISMATCH	w102:367	out[0] non-finite mismatch (nan/inf positions differ)	n0*=rsqrt.out(L0,·)
MISMATCH	w102:383	out[0] non-finite mismatch (nan/inf positions differ)	n0*=_softmax.out(L0,·,·,·)
MISMATCH	w102:39	out[0] max|delta|=1.441e+17 (rtol=0.01 atol=0.001)	n0*=bitwise_left_shift.Tensor_Scalar_out(L0,·,·)
MISMATCH	w102:395	out[0] non-finite mismatch (nan/inf positions differ)	n0*=mm.out(L0,L1,·)
MISMATCH	w102:400	out[0] non-finite mismatch (nan/inf positions differ)	n0*=elu.out(L0,·,·,·,·)
MISMATCH	w102:410	out[0] max|delta|=1.645e+01 (rtol=0.01 atol=0.001)	n0*=sub.out(L0,L1,·,·)
MISMATCH	w102:42	out[0] non-finite mismatch (nan/inf positions differ)	n0*=bitwise_left_shift.Tensor_out(L0,L1,·)
SKIP	w102:421	executor ExecutorchInvalidArgumentException: [ExecuTorch Error 0x12] Invalid argument: Execution failed for method: forward	n0*=scatter_add.out(L0,·,L1,L2,·)
MISMATCH	w102:441	out[0] max|delta|=5.000e+00 (rtol=0.0 atol=0.0)	n0*=remainder.Scalar_out(L0,·,·)
MISMATCH	w102:471	out[0] non-finite mismatch (nan/inf positions differ)	n0*=native_group_norm(L0,·,·,·,·,·,·,·)
MISMATCH	w102:480	out[0] non-finite mismatch (nan/inf positions differ)	n0*=cos.out(L0,·)
MISMATCH	w102:49	out[0] non-finite mismatch (nan/inf positions differ)	n0*=logit.out(L0,·,·)
MISMATCH	w102:498	out[0] max|delta|=6.918e+18 (rtol=0.01 atol=0.001)	n0*=bitwise_left_shift.Tensor_out(L0,L1,·)
MISMATCH	w102:505	out[0] non-finite mismatch (nan/inf positions differ)	n0*=logit.out(L0,·,·)
MISMATCH	w102:517	out[0] max|delta|=1.644e+00 (rtol=0.01 atol=0.001)	n0*=copy(L0,L1,·)
MISMATCH	w102:530	out[0] non-finite mismatch (nan/inf positions differ)	n0*=logit(L0,·)
MISMATCH	w102:532	out[0] max|delta|=4.442e+00 (rtol=0.01 atol=0.001)	n0*=rsub.Scalar(L0,·,·)
SKIP	w102:535	executor ExecutorchInvalidArgumentException: [ExecuTorch Error 0x12] Invalid argument: Execution failed for method: forward	n0*=reflection_pad2d(L0,·)
MISMATCH	w102:540	out[0] max|delta|=1.000e+00 (rtol=0.0 atol=0.0)	n0*=select_scatter(L0,L1,·,·)
MISMATCH	w102:548	out[0] max|delta|=7.842e-01 (rtol=0.01 atol=0.001)	n0*=atan.out(L0,·)
MISMATCH	w102:551	out[0] max|delta|=3.999e-01 (rtol=0.01 atol=0.001)	n0*=_native_batch_norm_legit.no_stats(L0,·,·,·,·,·)
SKIP	w102:556	executor ExecutorchInvalidArgumentException: [ExecuTorch Error 0x12] Invalid argument: Execution failed for method: forward	n0*=_pdist_forward(L0,·)
MISMATCH	w102:563	out[0] non-finite mismatch (nan/inf positions differ)	n0*=sin.out(L0,·)
MISMATCH	w102:569	out[0] non-finite mismatch (nan/inf positions differ)	n0*=log.out(L0,·)
SKIP	w102:584	executor ExecutorchRuntimeException: [ExecuTorch Error 0x14] Operator missing: Execution failed for method: forward	n0*=_fft_r2c(L0,·,·,·)
MISMATCH	w102:627	out[0] non-finite mismatch (nan/inf positions differ)	n0*=_log_softmax.out(L0,·,·,·)
MISMATCH	w102:628	out[0] non-finite mismatch (nan/inf positions differ)	n0*=elu.out(L0,·,·,·,·)
MISMATCH	w102:643	out[0] non-finite mismatch (nan/inf positions differ)	n0*=pow.Tensor_Tensor_out(L0,L1,·)
MISMATCH	w102:647	out[0] max|delta|=7.206e+16 (rtol=0.0 atol=0.0)	n0*=bitwise_left_shift.Tensor_Scalar(L0,·)
SKIP	w102:649	executor ExecutorchInvalidArgumentException: [ExecuTorch Error 0x12] Invalid argument: Execution failed for method: forward	n0*=scatter_add.out(L0,·,L1,L2,·)
MISMATCH	w102:669	out[0] max|delta|=3.000e+00 (rtol=0.01 atol=0.001)	n0*=remainder.Scalar_out(L0,·,·)
SKIP	w102:699	executor ExecutorchInvalidArgumentException: [ExecuTorch Error 0x12] Invalid argument: Execution failed for method: forward	n0*=native_group_norm(L0,·,·,·,·,·,·,·)
MISMATCH	w102:7	out[0] non-finite mismatch (nan/inf positions differ)	n0*=grid_sampler_2d(L0,L1,·,·,·)
MISMATCH	w102:708	out[0] non-finite mismatch (nan/inf positions differ)	n0*=cos.out(L0,·)
MISMATCH	w102:723	out[0] non-finite mismatch (nan/inf positions differ)	n0*=bitwise_left_shift.Tensor_Scalar_out(L0,·,·)
MISMATCH	w102:726	out[0] max|delta|=9.223e+18 (rtol=0.01 atol=0.001)	n0*=bitwise_left_shift.Tensor_out(L0,L1,·)
MISMATCH	w102:733	out[0] non-finite mismatch (nan/inf positions differ)	n0*=logit.out(L0,·,·)
MISMATCH	w102:74	out[0] non-finite mismatch (nan/inf positions differ)	n0*=logit(L0,·)
MISMATCH	w102:75	out[0] non-finite mismatch (nan/inf positions differ)	n0*=gelu.out(L0,·,·)
MISMATCH	w102:758	out[0] non-finite mismatch (nan/inf positions differ)	n0*=logit(L0,·)
MISMATCH	w102:759	out[0] non-finite mismatch (nan/inf positions differ)	n0*=gelu.out(L0,·,·)
MISMATCH	w102:76	out[0] max|delta|=2.328e+00 (rtol=0.01 atol=0.001)	n0*=rsub.Scalar(L0,·,·)
MISMATCH	w102:760	out[0] non-finite mismatch (nan/inf positions differ)	n0*=rsub.Scalar(L0,·,·)
MISMATCH	w102:768	out[0] max|delta|=1.000e+00 (rtol=0.0 atol=0.0)	n0*=select_scatter(L0,L1,·,·)
MISMATCH	w102:776	out[0] max|delta|=7.842e-01 (rtol=0.01 atol=0.001)	n0*=atan.out(L0,·)
MISMATCH	w102:779	out[0] max|delta|=3.680e+04 (rtol=0.01 atol=0.001)	n0*=_native_batch_norm_legit.no_stats(L0,·,·,·,·,·)
SKIP	w102:781	executor ExecutorchInvalidArgumentException: [ExecuTorch Error 0x12] Invalid argument: Execution failed for method: forward	n0*=native_group_norm(L0,·,·,·,·,·,·,·)
MISMATCH	w102:88	out[0] max|delta|=4.000e+00 (rtol=0.01 atol=0.001)	n0*=remainder.Tensor_out(L0,L1,·)
MISMATCH	w102:92	out[0] max|delta|=7.837e-01 (rtol=0.01 atol=0.001)	n0*=atan.out(L0,·)
MISMATCH	w102:95	out[0] max|delta|=3.999e-01 (rtol=0.01 atol=0.001)	n0*=_native_batch_norm_legit.no_stats(L0,·,·,·,·,·)
SKIP	w102:97	executor ExecutorchInvalidArgumentException: [ExecuTorch Error 0x12] Invalid argument: Execution failed for method: forward	n0*=native_group_norm(L0,·,·,·,·,·,·,·)
MISMATCH	w103:120	out[0] non-finite mismatch (nan/inf positions differ)	n0*=logit(L0,·)
MISMATCH	w103:121	out[0] non-finite mismatch (nan/inf positions differ)	n0*=gelu.out(L0,·,·)
MISMATCH	w103:122	out[0] max|delta|=3.200e+01 (rtol=0.01 atol=0.001)	n0*=rsub.Scalar(L0,·,·)
MISMATCH	w103:134	out[0] max|delta|=4.000e+00 (rtol=0.0 atol=0.0)	n0*=remainder.Tensor_out(L0,L1,·)
MISMATCH	w103:138	out[0] max|delta|=7.842e-01 (rtol=0.01 atol=0.001)	n0*=atan.out(L0,·)
MISMATCH	w103:141	out[0] max|delta|=3.680e+04 (rtol=0.01 atol=0.001)	n0*=_native_batch_norm_legit.no_stats(L0,·,·,·,·,·)
SKIP	w103:143	executor ExecutorchInvalidArgumentException: [ExecuTorch Error 0x12] Invalid argument: Execution failed for method: forward	n0*=native_group_norm(L0,·,·,·,·,·,·,·)
SKIP	w103:146	executor ExecutorchInvalidArgumentException: [ExecuTorch Error 0x12] Invalid argument: Execution failed for method: forward	n0*=_pdist_forward(L0,·)
MISMATCH	w103:153	out[0] non-finite mismatch (nan/inf positions differ)	n0*=sin.out(L0,·)
MISMATCH	w103:159	out[0] non-finite mismatch (nan/inf positions differ)	n0*=log.out(L0,·)
SKIP	w103:168	executor ExecutorchInvalidArgumentException: [ExecuTorch Error 0x12] Invalid argument: Execution failed for method: forward	n0*=reflection_pad2d.out(L0,·,·)
SKIP	w103:174	executor ExecutorchRuntimeException: [ExecuTorch Error 0x14] Operator missing: Execution failed for method: forward	n0*=_fft_r2c(L0,·,·,·)
SKIP	w103:186	executor ExecutorchRuntimeException: [ExecuTorch Error 0x1] Internal error: Execution failed for method: forward	n0*=repeat(L0,·)
MISMATCH	w103:201	out[0] non-finite mismatch (nan/inf positions differ)	n0*=_softmax.out(L0,·,·,·)
MISMATCH	w103:213	out[0] non-finite mismatch (nan/inf positions differ)	n0*=mm.out(L0,L1,·)
MISMATCH	w103:216	out[0] max|delta|=1.000e+00 (rtol=0.01 atol=0.001)	n0*=bitwise_and.Scalar_out(L0,·,·)
MISMATCH	w103:218	out[0] non-finite mismatch (nan/inf positions differ)	n0*=elu.out(L0,·,·,·,·)
MISMATCH	w103:228	out[0] max|delta|=6.887e+00 (rtol=0.01 atol=0.001)	n0*=sub.out(L0,L1,·,·)
MISMATCH	w103:230	out[0] max|delta|=2.000e+00 (rtol=0.0 atol=0.0)	n0*=remainder.Scalar(L0,·)
MISMATCH	w103:247	out[0] max|delta|=4.000e+00 (rtol=0.01 atol=0.001)	n0*=bitwise_or.Tensor_out(L0,L1,·)
MISMATCH	w103:277	out[0] max|delta|=1.283e+00 (rtol=0.01 atol=0.001)	n0*=replication_pad3d.out(L0,·,·)
SKIP	w103:289	executor ExecutorchInvalidArgumentException: [ExecuTorch Error 0x12] Invalid argument: Execution failed for method: forward	n0*=native_group_norm(L0,·,·,·,·,·,·,·)
MISMATCH	w103:315	out[0] max|delta|=2.480e+02 (rtol=0.0 atol=0.0)	n0*=bitwise_xor.Scalar_out(L0,·,·)
MISMATCH	w103:323	out[0] non-finite mismatch (nan/inf positions differ)	n0*=logit.out(L0,·,·)
SKIP	w103:335	executor ExecutorchRuntimeException: [ExecuTorch Error 0x1] Internal error: Execution failed for method: forward	n0*=copy(L0,L1,·)
MISMATCH	w103:348	out[0] non-finite mismatch (nan/inf positions differ)	n0*=logit(L0,·)
MISMATCH	w103:349	out[0] non-finite mismatch (nan/inf positions differ)	n0*=gelu.out(L0,·,·)
MISMATCH	w103:350	out[0] non-finite mismatch (nan/inf positions differ)	n0*=rsub.Scalar(L0,·,·)
MISMATCH	w103:363	out[0] max|delta|=3.000e+00 (rtol=0.0 atol=0.0)	n0*=fmod.Scalar(L0,·)
MISMATCH	w103:366	out[0] max|delta|=7.837e-01 (rtol=0.01 atol=0.001)	n0*=atan.out(L0,·)
SKIP	w103:371	executor ExecutorchInvalidArgumentException: [ExecuTorch Error 0x12] Invalid argument: Execution failed for method: forward	n0*=native_group_norm(L0,·,·,·,·,·,·,·)
SKIP	w103:396	executor ExecutorchInvalidArgumentException: [ExecuTorch Error 0x12] Invalid argument: Execution failed for method: forward	n0*=reflection_pad2d.out(L0,·,·)
SKIP	w103:402	executor ExecutorchRuntimeException: [ExecuTorch Error 0x14] Operator missing: Execution failed for method: forward	n0*=_fft_r2c(L0,·,·,·)
MISMATCH	w103:413	out[0] non-finite mismatch (nan/inf positions differ)	n0*=rsqrt.out(L0,·)
MISMATCH	w103:441	out[0] non-finite mismatch (nan/inf positions differ)	n0*=mm.out(L0,L1,·)
MISMATCH	w103:456	out[0] max|delta|=8.609e+00 (rtol=0.01 atol=0.001)	n0*=sub.out(L0,L1,·,·)
MISMATCH	w103:477	out[0] non-finite mismatch (nan/inf positions differ)	n0*=exp.out(L0,·)
MISMATCH	w103:49	out[0] max|delta|=1.798e+00 (rtol=0.01 atol=0.001)	n0*=replication_pad3d.out(L0,·,·)
MISMATCH	w103:5	out[0] non-finite mismatch (nan/inf positions differ)	n0*=pow.Tensor_Tensor_out(L0,L1,·)
SKIP	w103:512	executor ExecutorchInvalidArgumentException: [ExecuTorch Error 0x12] Invalid argument: Execution failed for method: forward	n0*=convolution(L0,L1,·,·,·,·,·,·,·)
SKIP	w103:517	executor ExecutorchInvalidArgumentException: [ExecuTorch Error 0x12] Invalid argument: Execution failed for method: forward	n0*=native_group_norm(L0,·,·,·,·,·,·,·)
MISMATCH	w103:526	out[0] non-finite mismatch (nan/inf positions differ)	n0*=cos.out(L0,·)
MISMATCH	w103:541	out[0] max|delta|=9.223e+18 (rtol=0.01 atol=0.001)	n0*=bitwise_left_shift.Tensor_Scalar_out(L0,·,·)
MISMATCH	w103:544	out[0] max|delta|=9.223e+18 (rtol=0.0 atol=0.0)	n0*=bitwise_left_shift.Tensor_out(L0,L1,·)
MISMATCH	w103:551	out[0] non-finite mismatch (nan/inf positions differ)	n0*=logit.out(L0,·,·)
SKIP	w103:556	executor ExecutorchInvalidArgumentException: [ExecuTorch Error 0x12] Invalid argument: Execution failed for method: forward	n0*=scatter.src_out(L0,·,L1,L2,·)
MISMATCH	w103:571	out[0] max|delta|=4.000e+00 (rtol=0.01 atol=0.001)	n0*=bitwise_or.Scalar_out(L0,·,·)
MISMATCH	w103:576	out[0] non-finite mismatch (nan/inf positions differ)	n0*=logit(L0,·)
MISMATCH	w103:578	out[0] max|delta|=1.264e+01 (rtol=0.01 atol=0.001)	n0*=rsub.Scalar(L0,·,·)
MISMATCH	w103:579	out[0] non-finite mismatch (nan/inf positions differ)	n0*=bmm.out(L0,L1,·)
MISMATCH	w103:590	out[0] max|delta|=4.000e+00 (rtol=0.0 atol=0.0)	n0*=remainder.Tensor_out(L0,L1,·)
MISMATCH	w103:591	out[0] max|delta|=4.000e+00 (rtol=0.0 atol=0.0)	n0*=fmod.Scalar(L0,·)
MISMATCH	w103:597	out[0] max|delta|=3.680e+04 (rtol=0.01 atol=0.001)	n0*=_native_batch_norm_legit.no_stats(L0,·,·,·,·,·)
SKIP	w103:599	executor ExecutorchInvalidArgumentException: [ExecuTorch Error 0x12] Invalid argument: Execution failed for method: forward	n0*=native_group_norm(L0,·,·,·,·,·,·,·)
MISMATCH	w103:6	out[0] max|delta|=3.000e+00 (rtol=0.01 atol=0.001)	n0*=max.unary_out(L0,·)
SKIP	w103:602	executor ExecutorchInvalidArgumentException: [ExecuTorch Error 0x12] Invalid argument: Execution failed for method: forward	n0*=_pdist_forward(L0,·)
SKIP	w103:61	executor ExecutorchInvalidArgumentException: [ExecuTorch Error 0x12] Invalid argument: Execution failed for method: forward	n0*=native_group_norm(L0,·,·,·,·,·,·,·)
MISMATCH	w103:615	out[0] non-finite mismatch (nan/inf positions differ)	n0*=log.out(L0,·)
SKIP	w103:630	executor ExecutorchRuntimeException: [ExecuTorch Error 0x14] Operator missing: Execution failed for method: forward	n0*=_fft_r2c(L0,·,·,·)
MISMATCH	w103:669	out[0] non-finite mismatch (nan/inf positions differ)	n0*=mm.out(L0,L1,·)
MISMATCH	w103:689	out[0] non-finite mismatch (nan/inf positions differ)	n0*=pow.Tensor_Tensor_out(L0,L1,·)
MISMATCH	w103:690	out[0] max|delta|=3.000e+00 (rtol=0.01 atol=0.001)	n0*=max.unary_out(L0,·)
SKIP	w103:695	executor ExecutorchInvalidArgumentException: [ExecuTorch Error 0x12] Invalid argument: Execution failed for method: forward	n0*=scatter_add.out(L0,·,L1,L2,·)
MISMATCH	w103:70	out[0] non-finite mismatch (nan/inf positions differ)	n0*=cos.out(L0,·)
MISMATCH	w103:705	out[0] non-finite mismatch (nan/inf positions differ)	n0*=exp.out(L0,·)
CRASH	w103:708	executor process died (native abort)	n0*=split_with_sizes_copy(L0,·,·)
MISMATCH	w103:733	out[0] max|delta|=8.022e-01 (rtol=0.01 atol=0.001)	n0*=replication_pad3d.out(L0,·,·)
SKIP	w103:745	executor ExecutorchInvalidArgumentException: [ExecuTorch Error 0x12] Invalid argument: Execution failed for method: forward	n0*=native_group_norm(L0,·,·,·,·,·,·,·)
MISMATCH	w103:754	out[0] non-finite mismatch (nan/inf positions differ)	n0*=cos.out(L0,·)
MISMATCH	w103:769	out[0] non-finite mismatch (nan/inf positions differ)	n0*=bitwise_left_shift.Tensor_Scalar_out(L0,·,·)
MISMATCH	w103:778	out[0] max|delta|=1.000e+00 (rtol=0.0 atol=0.0)	n0*=sum.IntList_out(L0,·,·,·,·)
MISMATCH	w103:779	out[0] non-finite mismatch (nan/inf positions differ)	n0*=logit.out(L0,·,·)
MISMATCH	w103:88	out[0] max|delta|=1.611e+09 (rtol=0.0 atol=0.0)	n0*=bitwise_left_shift.Tensor_out(L0,L1,·)
MISMATCH	w103:95	out[0] non-finite mismatch (nan/inf positions differ)	n0*=logit.out(L0,·,·)
MISMATCH	w104:120	out[0] non-finite mismatch (nan/inf positions differ)	n0*=_softmax.out(L0,·,·,·)
MISMATCH	w104:132	out[0] non-finite mismatch (nan/inf positions differ)	n0*=mm.out(L0,L1,·)
MISMATCH	w104:136	out[0] non-finite mismatch (nan/inf positions differ)	n0*=_log_softmax.out(L0,·,·,·)
MISMATCH	w104:137	out[0] non-finite mismatch (nan/inf positions differ)	n0*=elu.out(L0,·,·,·,·)
MISMATCH	w104:14	out[0] non-finite mismatch (nan/inf positions differ)	n0*=logit.out(L0,·,·)
MISMATCH	w104:149	out[0] max|delta|=6.000e+00 (rtol=0.0 atol=0.0)	n0*=remainder.Scalar(L0,·)
MISMATCH	w104:152	out[0] non-finite mismatch (nan/inf positions differ)	n0*=pow.Tensor_Tensor_out(L0,L1,·)
SKIP	w104:158	executor ExecutorchInvalidArgumentException: [ExecuTorch Error 0x12] Invalid argument: Execution failed for method: forward	n0*=scatter_add.out(L0,·,L1,L2,·)
MISMATCH	w104:168	out[0] non-finite mismatch (nan/inf positions differ)	n0*=exp.out(L0,·)
MISMATCH	w104:196	out[0] max|delta|=1.283e+00 (rtol=0.01 atol=0.001)	n0*=replication_pad3d.out(L0,·,·)
SKIP	w104:208	executor ExecutorchInvalidArgumentException: [ExecuTorch Error 0x12] Invalid argument: Execution failed for method: forward	n0*=native_group_norm(L0,·,·,·,·,·,·,·)
MISMATCH	w104:217	out[0] non-finite mismatch (nan/inf positions differ)	n0*=cos.out(L0,·)
MISMATCH	w104:232	out[0] max|delta|=1.441e+17 (rtol=0.01 atol=0.001)	n0*=bitwise_left_shift.Tensor_Scalar_out(L0,·,·)
MISMATCH	w104:234	out[0] max|delta|=2.530e+02 (rtol=0.0 atol=0.0)	n0*=bitwise_xor.Scalar_out(L0,·,·)
MISMATCH	w104:235	out[0] max|delta|=9.223e+18 (rtol=0.01 atol=0.001)	n0*=bitwise_left_shift.Tensor_out(L0,L1,·)
MISMATCH	w104:242	out[0] non-finite mismatch (nan/inf positions differ)	n0*=logit.out(L0,·,·)
SKIP	w104:247	executor ExecutorchInvalidArgumentException: [ExecuTorch Error 0x12] Invalid argument: Execution failed for method: forward	n0*=scatter.src_out(L0,·,L1,L2,·)
SKIP	w104:254	executor ExecutorchRuntimeException: [ExecuTorch Error 0x1] Internal error: Execution failed for method: forward	n0*=copy(L0,L1,·)
SKIP	w104:255	executor ExecutorchInvalidArgumentException: [ExecuTorch Error 0x12] Invalid argument: Execution failed for method: forward	n0*=stack(·,·)
MISMATCH	w104:26	out[0] max|delta|=1.644e+00 (rtol=0.01 atol=0.001)	n0*=copy(L0,L1,·)
MISMATCH	w104:267	out[0] non-finite mismatch (nan/inf positions differ)	n0*=logit(L0,·)
MISMATCH	w104:269	out[0] max|delta|=7.580e+00 (rtol=0.01 atol=0.001)	n0*=rsub.Scalar(L0,·,·)
MISMATCH	w104:281	out[0] max|delta|=3.000e+00 (rtol=0.01 atol=0.001)	n0*=remainder.Tensor_out(L0,L1,·)
MISMATCH	w104:285	out[0] max|delta|=7.837e-01 (rtol=0.01 atol=0.001)	n0*=atan.out(L0,·)
SKIP	w104:290	executor ExecutorchInvalidArgumentException: [ExecuTorch Error 0x12] Invalid argument: Execution failed for method: forward	n0*=native_group_norm(L0,·,·,·,·,·,·,·)
SKIP	w104:293	executor ExecutorchInvalidArgumentException: [ExecuTorch Error 0x12] Invalid argument: Execution failed for method: forward	n0*=_pdist_forward(L0,·)
MISMATCH	w104:306	out[0] non-finite mismatch (nan/inf positions differ)	n0*=log.out(L0,·)
SKIP	w104:321	executor ExecutorchRuntimeException: [ExecuTorch Error 0x14] Operator missing: Execution failed for method: forward	n0*=_fft_r2c(L0,·,·,·)
MISMATCH	w104:332	out[0] non-finite mismatch (nan/inf positions differ)	n0*=rsqrt.out(L0,·)
MISMATCH	w104:346	out[0] max|delta|=3.000e+00 (rtol=0.01 atol=0.001)	n0*=floor_divide.out(L0,L1,·)
MISMATCH	w104:348	out[0] non-finite mismatch (nan/inf positions differ)	n0*=_softmax.out(L0,·,·,·)
MISMATCH	w104:364	out[0] non-finite mismatch (nan/inf positions differ)	n0*=_log_softmax.out(L0,·,·,·)
MISMATCH	w104:380	out[0] non-finite mismatch (nan/inf positions differ)	n0*=pow.Tensor_Tensor_out(L0,L1,·)
MISMATCH	w104:39	out[0] non-finite mismatch (nan/inf positions differ)	n0*=logit(L0,·)
MISMATCH	w104:398	out[0] max|delta|=2.550e+02 (rtol=0.0 atol=0.0)	n0*=prod(L0,·)
MISMATCH	w104:40	out[0] non-finite mismatch (nan/inf positions differ)	n0*=gelu.out(L0,·,·)
MISMATCH	w104:41	out[0] max|delta|=7.581e+00 (rtol=0.01 atol=0.001)	n0*=rsub.Scalar(L0,·,·)
CRASH	w104:424	executor process died (native abort)	n0*=replication_pad3d.out(L0,·,·)
SKIP	w104:431	executor ExecutorchInvalidArgumentException: [ExecuTorch Error 0x12] Invalid argument: Execution failed for method: forward	n0*=convolution(L0,L1,·,·,·,·,·,·,·)
SKIP	w104:436	executor ExecutorchInvalidArgumentException: [ExecuTorch Error 0x12] Invalid argument: Execution failed for method: forward	n0*=native_group_norm(L0,·,·,·,·,·,·,·)
MISMATCH	w104:445	out[0] non-finite mismatch (nan/inf positions differ)	n0*=cos.out(L0,·)
MISMATCH	w104:463	out[0] max|delta|=2.080e+02 (rtol=0.0 atol=0.0)	n0*=bitwise_left_shift.Tensor_out(L0,L1,·)
MISMATCH	w104:470	out[0] non-finite mismatch (nan/inf positions differ)	n0*=logit.out(L0,·,·)
SKIP	w104:482	executor ExecutorchRuntimeException: [ExecuTorch Error 0x1] Internal error: Execution failed for method: forward	n0*=copy(L0,L1,·)
MISMATCH	w104:495	out[0] non-finite mismatch (nan/inf positions differ)	n0*=logit(L0,·)
MISMATCH	w104:497	out[0] max|delta|=1.163e+00 (rtol=0.01 atol=0.001)	n0*=rsub.Scalar(L0,·,·)
MISMATCH	w104:505	out[0] max|delta|=1.000e+00 (rtol=0.0 atol=0.0)	n0*=select_scatter(L0,L1,·,·)
MISMATCH	w104:516	out[0] non-finite mismatch (nan/inf positions differ)	n0*=_native_batch_norm_legit.no_stats(L0,·,·,·,·,·)
SKIP	w104:521	executor ExecutorchInvalidArgumentException: [ExecuTorch Error 0x12] Invalid argument: Execution failed for method: forward	n0*=_pdist_forward(L0,·)
MISMATCH	w104:528	out[0] non-finite mismatch (nan/inf positions differ)	n0*=sin.out(L0,·)
MISMATCH	w104:534	out[0] non-finite mismatch (nan/inf positions differ)	n0*=log.out(L0,·)
MISMATCH	w104:54	out[0] max|delta|=3.000e+00 (rtol=0.0 atol=0.0)	n0*=fmod.Scalar(L0,·)
SKIP	w104:549	executor ExecutorchRuntimeException: [ExecuTorch Error 0x14] Operator missing: Execution failed for method: forward	n0*=_fft_r2c(L0,·,·,·)
MISMATCH	w104:560	out[0] non-finite mismatch (nan/inf positions differ)	n0*=rsqrt.out(L0,·)
MISMATCH	w104:588	out[0] non-finite mismatch (nan/inf positions differ)	n0*=mm.out(L0,L1,·)
MISMATCH	w104:608	out[0] non-finite mismatch (nan/inf positions differ)	n0*=pow.Tensor_Tensor_out(L0,L1,·)
MISMATCH	w104:612	out[0] max|delta|=7.206e+16 (rtol=0.0 atol=0.0)	n0*=bitwise_left_shift.Tensor_Scalar(L0,·)
SKIP	w104:62	executor ExecutorchInvalidArgumentException: [ExecuTorch Error 0x12] Invalid argument: Execution failed for method: forward	n0*=native_group_norm(L0,·,·,·,·,·,·,·)
MISMATCH	w104:624	out[0] non-finite mismatch (nan/inf positions differ)	n0*=exp.out(L0,·)
MISMATCH	w104:626	out[0] max|delta|=2.550e+02 (rtol=0.0 atol=0.0)	n0*=prod(L0,·)
CRASH	w104:627	executor process died (native abort)	n0*=split_with_sizes_copy(L0,·,·)
SKIP	w104:645	executor ExecutorchInvalidArgumentException: [ExecuTorch Error 0x12] Invalid argument: Execution failed for method: forward	n0*=scatter.value_out(L0,·,L1,·,·)
SKIP	w104:65	executor ExecutorchInvalidArgumentException: [ExecuTorch Error 0x12] Invalid argument: Execution failed for method: forward	n0*=_pdist_forward(L0,·)
SKIP	w104:664	executor ExecutorchInvalidArgumentException: [ExecuTorch Error 0x12] Invalid argument: Execution failed for method: forward	n0*=native_group_norm(L0,·,·,·,·,·,·,·)
MISMATCH	w104:691	out[0] non-finite mismatch (nan/inf positions differ)	n0*=bitwise_left_shift.Tensor_out(L0,L1,·)
MISMATCH	w104:698	out[0] non-finite mismatch (nan/inf positions differ)	n0*=logit.out(L0,·,·)
MISMATCH	w104:7	out[0] max|delta|=9.223e+18 (rtol=0.01 atol=0.001)	n0*=bitwise_left_shift.Tensor_out(L0,L1,·)
SKIP	w104:710	executor ExecutorchRuntimeException: [ExecuTorch Error 0x1] Internal error: Execution failed for method: forward	n0*=copy(L0,L1,·)
MISMATCH	w104:741	out[0] max|delta|=7.842e-01 (rtol=0.01 atol=0.001)	n0*=atan.out(L0,·)
MISMATCH	w104:744	out[0] max|delta|=3.999e-01 (rtol=0.01 atol=0.001)	n0*=_native_batch_norm_legit.no_stats(L0,·,·,·,·,·)
SKIP	w104:746	executor ExecutorchInvalidArgumentException: [ExecuTorch Error 0x12] Invalid argument: Execution failed for method: forward	n0*=native_group_norm(L0,·,·,·,·,·,·,·)
SKIP	w104:749	executor ExecutorchInvalidArgumentException: [ExecuTorch Error 0x12] Invalid argument: Execution failed for method: forward	n0*=_pdist_forward(L0,·)
MISMATCH	w104:756	out[0] non-finite mismatch (nan/inf positions differ)	n0*=sin.out(L0,·)
MISMATCH	w104:762	out[0] non-finite mismatch (nan/inf positions differ)	n0*=log.out(L0,·)
SKIP	w104:771	executor ExecutorchInvalidArgumentException: [ExecuTorch Error 0x12] Invalid argument: Execution failed for method: forward	n0*=reflection_pad2d.out(L0,·,·)
SKIP	w104:777	executor ExecutorchRuntimeException: [ExecuTorch Error 0x14] Operator missing: Execution failed for method: forward	n0*=_fft_r2c(L0,·,·,·)
MISMATCH	w104:78	out[0] non-finite mismatch (nan/inf positions differ)	n0*=log.out(L0,·)
SKIP	w104:87	executor ExecutorchInvalidArgumentException: [ExecuTorch Error 0x12] Invalid argument: Execution failed for method: forward	n0*=reflection_pad2d.out(L0,·,·)
SKIP	w104:93	executor ExecutorchRuntimeException: [ExecuTorch Error 0x14] Operator missing: Execution failed for method: forward	n0*=_fft_r2c(L0,·,·,·)
SKIP	w105:122	executor ExecutorchInvalidArgumentException: [ExecuTorch Error 0x12] Invalid argument: Execution failed for method: forward	n0*=native_group_norm(L0,·,·,·,·,·,·,·)
MISMATCH	w105:146	out[0] max|delta|=4.612e+18 (rtol=0.01 atol=0.001)	n0*=bitwise_left_shift.Tensor_Scalar_out(L0,·,·)
MISMATCH	w105:156	out[0] non-finite mismatch (nan/inf positions differ)	n0*=logit.out(L0,·,·)
MISMATCH	w105:168	out[0] max|delta|=7.524e-01 (rtol=0.01 atol=0.001)	n0*=copy(L0,L1,·)
SKIP	w105:169	executor ExecutorchInvalidArgumentException: [ExecuTorch Error 0x12] Invalid argument: Execution failed for method: forward	n0*=stack(·,·)
MISMATCH	w105:18	out[0] non-finite mismatch (nan/inf positions differ)	n0*=rsqrt.out(L0,·)
MISMATCH	w105:181	out[0] non-finite mismatch (nan/inf positions differ)	n0*=logit(L0,·)
MISMATCH	w105:182	out[0] non-finite mismatch (nan/inf positions differ)	n0*=gelu.out(L0,·,·)
MISMATCH	w105:183	out[0] max|delta|=5.553e+00 (rtol=0.01 atol=0.001)	n0*=rsub.Scalar(L0,·,·)
SKIP	w105:186	executor ExecutorchInvalidArgumentException: [ExecuTorch Error 0x12] Invalid argument: Execution failed for method: forward	n0*=reflection_pad2d(L0,·)
SKIP	w105:204	executor ExecutorchInvalidArgumentException: [ExecuTorch Error 0x12] Invalid argument: Execution failed for method: forward	n0*=native_group_norm(L0,·,·,·,·,·,·,·)
SKIP	w105:207	executor ExecutorchInvalidArgumentException: [ExecuTorch Error 0x12] Invalid argument: Execution failed for method: forward	n0*=_pdist_forward(L0,·)
MISMATCH	w105:220	out[0] non-finite mismatch (nan/inf positions differ)	n0*=log.out(L0,·)
SKIP	w105:235	executor ExecutorchRuntimeException: [ExecuTorch Error 0x14] Operator missing: Execution failed for method: forward	n0*=_fft_r2c(L0,·,·,·)
MISMATCH	w105:246	out[0] non-finite mismatch (nan/inf positions differ)	n0*=rsqrt.out(L0,·)
MISMATCH	w105:262	out[0] non-finite mismatch (nan/inf positions differ)	n0*=_softmax.out(L0,·,·,·)
MISMATCH	w105:274	out[0] non-finite mismatch (nan/inf positions differ)	n0*=mm.out(L0,L1,·)
MISMATCH	w105:279	out[0] non-finite mismatch (nan/inf positions differ)	n0*=elu.out(L0,·,·,·,·)
MISMATCH	w105:310	out[0] non-finite mismatch (nan/inf positions differ)	n0*=exp.out(L0,·)
MISMATCH	w105:320	out[0] max|delta|=6.000e+00 (rtol=0.01 atol=0.001)	n0*=remainder.Scalar_out(L0,·,·)
SKIP	w105:350	executor ExecutorchInvalidArgumentException: [ExecuTorch Error 0x12] Invalid argument: Execution failed for method: forward	n0*=native_group_norm(L0,·,·,·,·,·,·,·)
MISMATCH	w105:359	out[0] non-finite mismatch (nan/inf positions differ)	n0*=cos.out(L0,·)
MISMATCH	w105:374	out[0] max|delta|=2.147e+09 (rtol=0.0 atol=0.0)	n0*=bitwise_left_shift.Tensor_Scalar_out(L0,·,·)
MISMATCH	w105:377	out[0] max|delta|=9.223e+18 (rtol=0.01 atol=0.001)	n0*=bitwise_left_shift.Tensor_out(L0,L1,·)
MISMATCH	w105:384	out[0] non-finite mismatch (nan/inf positions differ)	n0*=logit.out(L0,·,·)
SKIP	w105:397	executor ExecutorchInvalidArgumentException: [ExecuTorch Error 0x12] Invalid argument: Execution failed for method: forward	n0*=stack(·,·)
MISMATCH	w105:409	out[0] non-finite mismatch (nan/inf positions differ)	n0*=logit(L0,·)
MISMATCH	w105:41	out[0] max|delta|=2.000e+00 (rtol=0.01 atol=0.001)	n0*=min.unary_out(L0,·)
MISMATCH	w105:410	out[0] non-finite mismatch (nan/inf positions differ)	n0*=gelu.out(L0,·,·)
MISMATCH	w105:412	out[0] non-finite mismatch (nan/inf positions differ)	n0*=bmm.out(L0,L1,·)
SKIP	w105:435	executor ExecutorchInvalidArgumentException: [ExecuTorch Error 0x12] Invalid argument: Execution failed for method: forward	n0*=_pdist_forward(L0,·)
MISMATCH	w105:442	out[0] non-finite mismatch (nan/inf positions differ)	n0*=sin.out(L0,·)
MISMATCH	w105:46	out[0] non-finite mismatch (nan/inf positions differ)	n0*=mm.out(L0,L1,·)
SKIP	w105:463	executor ExecutorchRuntimeException: [ExecuTorch Error 0x14] Operator missing: Execution failed for method: forward	n0*=_fft_r2c(L0,·,·,·)
MISMATCH	w105:474	out[0] non-finite mismatch (nan/inf positions differ)	n0*=rsqrt.out(L0,·)
MISMATCH	w105:490	out[0] non-finite mismatch (nan/inf positions differ)	n0*=_softmax.out(L0,·,·,·)
MISMATCH	w105:50	out[0] non-finite mismatch (nan/inf positions differ)	n0*=_log_softmax.out(L0,·,·,·)
MISMATCH	w105:502	out[0] non-finite mismatch (nan/inf positions differ)	n0*=mm.out(L0,L1,·)
MISMATCH	w105:51	out[0] non-finite mismatch (nan/inf positions differ)	n0*=elu.out(L0,·,·,·,·)
MISMATCH	w105:517	out[0] max|delta|=1.849e+00 (rtol=0.01 atol=0.001)	n0*=sub.out(L0,L1,·,·)
MISMATCH	w105:522	out[0] non-finite mismatch (nan/inf positions differ)	n0*=pow.Tensor_Tensor_out(L0,L1,·)
MISMATCH	w105:526	out[0] max|delta|=6.918e+18 (rtol=0.0 atol=0.0)	n0*=bitwise_left_shift.Tensor_Scalar(L0,·)
SKIP	w105:528	executor ExecutorchInvalidArgumentException: [ExecuTorch Error 0x12] Invalid argument: Execution failed for method: forward	n0*=scatter_add.out(L0,·,L1,L2,·)
CRASH	w105:541	executor process died (native abort)	n0*=split_with_sizes_copy(L0,·,·)
SKIP	w105:578	executor ExecutorchInvalidArgumentException: [ExecuTorch Error 0x12] Invalid argument: Execution failed for method: forward	n0*=native_group_norm(L0,·,·,·,·,·,·,·)
MISMATCH	w105:587	out[0] non-finite mismatch (nan/inf positions differ)	n0*=cos.out(L0,·)
MISMATCH	w105:602	out[0] max|delta|=9.223e+18 (rtol=0.01 atol=0.001)	n0*=bitwise_left_shift.Tensor_Scalar_out(L0,·,·)
MISMATCH	w105:605	out[0] max|delta|=9.223e+18 (rtol=0.01 atol=0.001)	n0*=bitwise_left_shift.Tensor_out(L0,L1,·)
MISMATCH	w105:61	out[0] max|delta|=5.139e+00 (rtol=0.01 atol=0.001)	n0*=sub.out(L0,L1,·,·)
MISMATCH	w105:612	out[0] non-finite mismatch (nan/inf positions differ)	n0*=logit.out(L0,·,·)
MISMATCH	w105:637	out[0] non-finite mismatch (nan/inf positions differ)	n0*=logit(L0,·)
MISMATCH	w105:638	out[0] non-finite mismatch (nan/inf positions differ)	n0*=gelu.out(L0,·,·)
MISMATCH	w105:639	out[0] max|delta|=7.772e+00 (rtol=0.01 atol=0.001)	n0*=rsub.Scalar(L0,·,·)
MISMATCH	w105:640	out[0] non-finite mismatch (nan/inf positions differ)	n0*=bmm.out(L0,L1,·)
MISMATCH	w105:655	out[0] max|delta|=7.842e-01 (rtol=0.01 atol=0.001)	n0*=atan.out(L0,·)
MISMATCH	w105:658	out[0] max|delta|=3.680e+04 (rtol=0.01 atol=0.001)	n0*=_native_batch_norm_legit.no_stats(L0,·,·,·,·,·)
SKIP	w105:660	executor ExecutorchInvalidArgumentException: [ExecuTorch Error 0x12] Invalid argument: Execution failed for method: forward	n0*=native_group_norm(L0,·,·,·,·,·,·,·)
SKIP	w105:663	executor ExecutorchInvalidArgumentException: [ExecuTorch Error 0x12] Invalid argument: Execution failed for method: forward	n0*=_pdist_forward(L0,·)
MISMATCH	w105:670	out[0] non-finite mismatch (nan/inf positions differ)	n0*=sin.out(L0,·)
MISMATCH	w105:676	out[0] non-finite mismatch (nan/inf positions differ)	n0*=log.out(L0,·)
SKIP	w105:691	executor ExecutorchRuntimeException: [ExecuTorch Error 0x14] Operator missing: Execution failed for method: forward	n0*=_fft_r2c(L0,·,·,·)
SKIP	w105:7	executor ExecutorchRuntimeException: [ExecuTorch Error 0x14] Operator missing: Execution failed for method: forward	n0*=_fft_r2c(L0,·,·,·)
MISMATCH	w105:70	out[0] max|delta|=1.441e+17 (rtol=0.0 atol=0.0)	n0*=bitwise_left_shift.Tensor_Scalar(L0,·)
MISMATCH	w105:730	out[0] non-finite mismatch (nan/inf positions differ)	n0*=mm.out(L0,L1,·)
MISMATCH	w105:735	out[0] non-finite mismatch (nan/inf positions differ)	n0*=elu.out(L0,·,·,·,·)
MISMATCH	w105:750	out[0] non-finite mismatch (nan/inf positions differ)	n0*=pow.Tensor_Tensor_out(L0,L1,·)
MISMATCH	w105:754	out[0] max|delta|=1.441e+17 (rtol=0.0 atol=0.0)	n0*=bitwise_left_shift.Tensor_Scalar(L0,·)
MISMATCH	w105:766	out[0] non-finite mismatch (nan/inf positions differ)	n0*=exp.out(L0,·)
MISMATCH	w105:82	out[0] non-finite mismatch (nan/inf positions differ)	n0*=exp.out(L0,·)
MISMATCH	w106:11	out[0] max|delta|=6.918e+18 (rtol=0.0 atol=0.0)	n0*=bitwise_left_shift.Tensor_out(L0,L1,·)
MISMATCH	w106:124	out[0] non-finite mismatch (nan/inf positions differ)	n0*=_softmax.out(L0,·,·,·)
MISMATCH	w106:140	out[0] non-finite mismatch (nan/inf positions differ)	n0*=_log_softmax.out(L0,·,·,·)
MISMATCH	w106:141	out[0] non-finite mismatch (nan/inf positions differ)	n0*=elu.out(L0,·,·,·,·)
MISMATCH	w106:18	out[0] non-finite mismatch (nan/inf positions differ)	n0*=logit.out(L0,·,·)
MISMATCH	w106:203	out[0] max|delta|=1.000e+00 (rtol=0.0 atol=0.0)	n0*=prod.int_out(L0,·,·,·,·)
SKIP	w106:212	executor ExecutorchInvalidArgumentException: [ExecuTorch Error 0x12] Invalid argument: Execution failed for method: forward	n0*=native_group_norm(L0,·,·,·,·,·,·,·)
MISMATCH	w106:221	out[0] non-finite mismatch (nan/inf positions differ)	n0*=cos.out(L0,·)
MISMATCH	w106:239	out[0] max|delta|=2.147e+09 (rtol=0.0 atol=0.0)	n0*=bitwise_left_shift.Tensor_out(L0,L1,·)
MISMATCH	w106:246	out[0] non-finite mismatch (nan/inf positions differ)	n0*=logit.out(L0,·,·)
SKIP	w106:258	executor ExecutorchRuntimeException: [ExecuTorch Error 0x1] Internal error: Execution failed for method: forward	n0*=copy(L0,L1,·)
MISMATCH	w106:266	out[0] max|delta|=2.530e+02 (rtol=0.0 atol=0.0)	n0*=bitwise_or.Scalar_out(L0,·,·)
MISMATCH	w106:271	out[0] non-finite mismatch (nan/inf positions differ)	n0*=logit(L0,·)
MISMATCH	w106:272	out[0] non-finite mismatch (nan/inf positions differ)	n0*=gelu.out(L0,·,·)
MISMATCH	w106:273	out[0] max|delta|=2.527e+00 (rtol=0.01 atol=0.001)	n0*=rsub.Scalar(L0,·,·)
MISMATCH	w106:274	out[0] non-finite mismatch (nan/inf positions differ)	n0*=bmm.out(L0,L1,·)
MISMATCH	w106:292	out[0] max|delta|=3.680e+04 (rtol=0.01 atol=0.001)	n0*=_native_batch_norm_legit.no_stats(L0,·,·,·,·,·)
SKIP	w106:294	executor ExecutorchInvalidArgumentException: [ExecuTorch Error 0x12] Invalid argument: Execution failed for method: forward	n0*=native_group_norm(L0,·,·,·,·,·,·,·)
SKIP	w106:297	executor ExecutorchInvalidArgumentException: [ExecuTorch Error 0x12] Invalid argument: Execution failed for method: forward	n0*=_pdist_forward(L0,·)
MISMATCH	w106:3	out[0] max|delta|=1.798e+00 (rtol=0.01 atol=0.001)	n0*=replication_pad2d.out(L0,·,·)
CRASH	w106:30	executor process died (native abort)	n0*=copy(L0,L1,·)
MISMATCH	w106:310	out[0] non-finite mismatch (nan/inf positions differ)	n0*=log.out(L0,·)
CRASH	w106:317	executor process died (native abort)	n0*=max_pool2d_with_indices_backward.grad_input(L0,L1,·,·,·,·,·,L2,L3)
SKIP	w106:319	executor ExecutorchInvalidArgumentException: [ExecuTorch Error 0x12] Invalid argument: Execution failed for method: forward	n0*=reflection_pad2d.out(L0,·,·)
SKIP	w106:325	executor ExecutorchRuntimeException: [ExecuTorch Error 0x14] Operator missing: Execution failed for method: forward	n0*=_fft_r2c(L0,·,·,·)
MISMATCH	w106:352	out[0] non-finite mismatch (nan/inf positions differ)	n0*=_softmax.out(L0,·,·,·)
MISMATCH	w106:364	out[0] non-finite mismatch (nan/inf positions differ)	n0*=mm.out(L0,L1,·)
MISMATCH	w106:367	out[0] max|delta|=1.000e+00 (rtol=0.01 atol=0.001)	n0*=bitwise_and.Scalar_out(L0,·,·)
MISMATCH	w106:368	out[0] non-finite mismatch (nan/inf positions differ)	n0*=_log_softmax.out(L0,·,·,·)
MISMATCH	w106:369	out[0] non-finite mismatch (nan/inf positions differ)	n0*=elu.out(L0,·,·,·,·)
MISMATCH	w106:379	out[0] max|delta|=9.000e+00 (rtol=0.0 atol=0.0)	n0*=sub.out(L0,L1,·,·)
MISMATCH	w106:381	out[0] max|delta|=6.000e+00 (rtol=0.0 atol=0.0)	n0*=remainder.Scalar(L0,·)
MISMATCH	w106:388	out[0] max|delta|=1.153e+18 (rtol=0.0 atol=0.0)	n0*=bitwise_left_shift.Tensor_Scalar(L0,·)
MISMATCH	w106:43	out[0] non-finite mismatch (nan/inf positions differ)	n0*=logit(L0,·)
MISMATCH	w106:44	out[0] non-finite mismatch (nan/inf positions differ)	n0*=gelu.out(L0,·,·)
SKIP	w106:440	executor ExecutorchInvalidArgumentException: [ExecuTorch Error 0x12] Invalid argument: Execution failed for method: forward	n0*=native_group_norm(L0,·,·,·,·,·,·,·)
MISMATCH	w106:449	out[0] non-finite mismatch (nan/inf positions differ)	n0*=cos.out(L0,·)
MISMATCH	w106:45	out[0] non-finite mismatch (nan/inf positions differ)	n0*=rsub.Scalar(L0,·,·)
MISMATCH	w106:464	out[0] non-finite mismatch (nan/inf positions differ)	n0*=bitwise_left_shift.Tensor_Scalar_out(L0,·,·)
MISMATCH	w106:467	out[0] max|delta|=2.147e+09 (rtol=0.0 atol=0.0)	n0*=bitwise_left_shift.Tensor_out(L0,L1,·)
MISMATCH	w106:474	out[0] non-finite mismatch (nan/inf positions differ)	n0*=logit.out(L0,·,·)
SKIP	w106:48	executor ExecutorchInvalidArgumentException: [ExecuTorch Error 0x12] Invalid argument: Execution failed for method: forward	n0*=reflection_pad2d(L0,·)
MISMATCH	w106:499	out[0] non-finite mismatch (nan/inf positions differ)	n0*=logit(L0,·)
MISMATCH	w106:500	out[0] non-finite mismatch (nan/inf positions differ)	n0*=gelu.out(L0,·,·)
MISMATCH	w106:501	out[0] max|delta|=2.313e+01 (rtol=0.01 atol=0.001)	n0*=rsub.Scalar(L0,·,·)
SKIP	w106:522	executor ExecutorchInvalidArgumentException: [ExecuTorch Error 0x12] Invalid argument: Execution failed for method: forward	n0*=native_group_norm(L0,·,·,·,·,·,·,·)
MISMATCH	w106:532	out[0] non-finite mismatch (nan/inf positions differ)	n0*=sin.out(L0,·)
MISMATCH	w106:538	out[0] non-finite mismatch (nan/inf positions differ)	n0*=log.out(L0,·)
SKIP	w106:553	executor ExecutorchRuntimeException: [ExecuTorch Error 0x14] Operator missing: Execution failed for method: forward	n0*=_fft_r2c(L0,·,·,·)
SKIP	w106:560	executor ExecutorchRuntimeException: [ExecuTorch Error 0x1] Internal error: Execution failed for method: forward	n0*=mean.out(L0,·,·,·,·)
SKIP	w106:565	executor ExecutorchRuntimeException: [ExecuTorch Error 0x1] Internal error: Execution failed for method: forward	n0*=repeat(L0,·)
MISMATCH	w106:597	out[0] non-finite mismatch (nan/inf positions differ)	n0*=elu.out(L0,·,·,·,·)
MISMATCH	w106:612	out[0] non-finite mismatch (nan/inf positions differ)	n0*=pow.Tensor_Tensor_out(L0,L1,·)
MISMATCH	w106:616	out[0] max|delta|=1.441e+17 (rtol=0.0 atol=0.0)	n0*=bitwise_left_shift.Tensor_Scalar(L0,·)
MISMATCH	w106:628	out[0] non-finite mismatch (nan/inf positions differ)	n0*=exp.out(L0,·)
SKIP	w106:66	executor ExecutorchInvalidArgumentException: [ExecuTorch Error 0x12] Invalid argument: Execution failed for method: forward	n0*=native_group_norm(L0,·,·,·,·,·,·,·)
SKIP	w106:668	executor ExecutorchInvalidArgumentException: [ExecuTorch Error 0x12] Invalid argument: Execution failed for method: forward	n0*=native_group_norm(L0,·,·,·,·,·,·,·)
SKIP	w106:69	executor ExecutorchInvalidArgumentException: [ExecuTorch Error 0x12] Invalid argument: Execution failed for method: forward	n0*=_pdist_forward(L0,·)
MISMATCH	w106:695	out[0] max|delta|=2.147e+09 (rtol=0.0 atol=0.0)	n0*=bitwise_left_shift.Tensor_out(L0,L1,·)
MISMATCH	w106:702	out[0] non-finite mismatch (nan/inf positions differ)	n0*=logit.out(L0,·,·)
MISMATCH	w106:714	out[0] max|delta|=1.164e+00 (rtol=0.01 atol=0.001)	n0*=copy(L0,L1,·)
MISMATCH	w106:722	out[0] max|delta|=2.530e+02 (rtol=0.0 atol=0.0)	n0*=bitwise_or.Scalar_out(L0,·,·)
MISMATCH	w106:727	out[0] non-finite mismatch (nan/inf positions differ)	n0*=logit(L0,·)
MISMATCH	w106:728	out[0] non-finite mismatch (nan/inf positions differ)	n0*=gelu.out(L0,·,·)
MISMATCH	w106:729	out[0] max|delta|=2.000e+01 (rtol=0.01 atol=0.001)	n0*=rsub.Scalar(L0,·,·)
SKIP	w106:732	executor ExecutorchInvalidArgumentException: [ExecuTorch Error 0x12] Invalid argument: Execution failed for method: forward	n0*=reflection_pad2d(L0,·)
MISMATCH	w106:741	out[0] max|delta|=4.000e+00 (rtol=0.0 atol=0.0)	n0*=remainder.Tensor_out(L0,L1,·)
SKIP	w106:750	executor ExecutorchInvalidArgumentException: [ExecuTorch Error 0x12] Invalid argument: Execution failed for method: forward	n0*=native_group_norm(L0,·,·,·,·,·,·,·)
SKIP	w106:753	executor ExecutorchInvalidArgumentException: [ExecuTorch Error 0x12] Invalid argument: Execution failed for method: forward	n0*=_pdist_forward(L0,·)
MISMATCH	w106:76	out[0] non-finite mismatch (nan/inf positions differ)	n0*=sin.out(L0,·)
MISMATCH	w106:760	out[0] non-finite mismatch (nan/inf positions differ)	n0*=sin.out(L0,·)
MISMATCH	w106:766	out[0] non-finite mismatch (nan/inf positions differ)	n0*=log.out(L0,·)
SKIP	w106:775	executor ExecutorchInvalidArgumentException: [ExecuTorch Error 0x12] Invalid argument: Execution failed for method: forward	n0*=reflection_pad2d.out(L0,·,·)
SKIP	w106:781	executor ExecutorchRuntimeException: [ExecuTorch Error 0x14] Operator missing: Execution failed for method: forward	n0*=_fft_r2c(L0,·,·,·)
MISMATCH	w106:8	out[0] max|delta|=4.612e+18 (rtol=0.01 atol=0.001)	n0*=bitwise_left_shift.Tensor_Scalar_out(L0,·,·)
MISMATCH	w106:82	out[0] non-finite mismatch (nan/inf positions differ)	n0*=log.out(L0,·)
SKIP	w106:91	executor ExecutorchInvalidArgumentException: [ExecuTorch Error 0x12] Invalid argument: Execution failed for method: forward	n0*=reflection_pad2d.out(L0,·,·)
SKIP	w106:97	executor ExecutorchRuntimeException: [ExecuTorch Error 0x14] Operator missing: Execution failed for method: forward	n0*=_fft_r2c(L0,·,·,·)
SKIP	w107:103	executor ExecutorchRuntimeException: [ExecuTorch Error 0x14] Operator missing: Execution failed for method: forward	n0*=_fft_r2c(L0,·,·,·)
MISMATCH	w107:114	out[0] non-finite mismatch (nan/inf positions differ)	n0*=rsqrt.out(L0,·)
MISMATCH	w107:127	out[0] max|delta|=6.400e+01 (rtol=0.0 atol=0.0)	n0*=bitwise_right_shift.Tensor_Scalar(L0,·)
MISMATCH	w107:142	out[0] non-finite mismatch (nan/inf positions differ)	n0*=mm.out(L0,L1,·)
MISMATCH	w107:146	out[0] non-finite mismatch (nan/inf positions differ)	n0*=_log_softmax.out(L0,·,·,·)
MISMATCH	w107:147	out[0] max|delta|=7.031e+00 (rtol=0.01 atol=0.001)	n0*=elu.out(L0,·,·,·,·)
MISMATCH	w107:16	out[0] max|delta|=5.000e+00 (rtol=0.01 atol=0.001)	n0*=bitwise_xor.Scalar_out(L0,·,·)
MISMATCH	w107:162	out[0] non-finite mismatch (nan/inf positions differ)	n0*=pow.Tensor_Tensor_out(L0,L1,·)
MISMATCH	w107:166	out[0] max|delta|=5.765e+17 (rtol=0.0 atol=0.0)	n0*=bitwise_left_shift.Tensor_Scalar(L0,·)
MISMATCH	w107:17	out[0] max|delta|=6.918e+18 (rtol=0.0 atol=0.0)	n0*=bitwise_left_shift.Tensor_out(L0,L1,·)
MISMATCH	w107:178	out[0] non-finite mismatch (nan/inf positions differ)	n0*=exp.out(L0,·)
SKIP	w107:218	executor ExecutorchInvalidArgumentException: [ExecuTorch Error 0x12] Invalid argument: Execution failed for method: forward	n0*=native_group_norm(L0,·,·,·,·,·,·,·)
MISMATCH	w107:227	out[0] non-finite mismatch (nan/inf positions differ)	n0*=cos.out(L0,·)
MISMATCH	w107:24	out[0] non-finite mismatch (nan/inf positions differ)	n0*=logit.out(L0,·,·)
MISMATCH	w107:242	out[0] max|delta|=1.153e+18 (rtol=0.01 atol=0.001)	n0*=bitwise_left_shift.Tensor_Scalar_out(L0,·,·)
MISMATCH	w107:244	out[0] max|delta|=2.500e+02 (rtol=0.0 atol=0.0)	n0*=bitwise_xor.Scalar_out(L0,·,·)
MISMATCH	w107:252	out[0] non-finite mismatch (nan/inf positions differ)	n0*=logit.out(L0,·,·)
MISMATCH	w107:278	out[0] non-finite mismatch (nan/inf positions differ)	n0*=gelu.out(L0,·,·)
MISMATCH	w107:279	out[0] max|delta|=7.586e+00 (rtol=0.01 atol=0.001)	n0*=rsub.Scalar(L0,·,·)
MISMATCH	w107:298	out[0] max|delta|=3.680e+04 (rtol=0.01 atol=0.001)	n0*=_native_batch_norm_legit.no_stats(L0,·,·,·,·,·)
SKIP	w107:300	executor ExecutorchInvalidArgumentException: [ExecuTorch Error 0x12] Invalid argument: Execution failed for method: forward	n0*=native_group_norm(L0,·,·,·,·,·,·,·)
SKIP	w107:303	executor ExecutorchInvalidArgumentException: [ExecuTorch Error 0x12] Invalid argument: Execution failed for method: forward	n0*=_pdist_forward(L0,·)
MISMATCH	w107:310	out[0] non-finite mismatch (nan/inf positions differ)	n0*=sin.out(L0,·)
MISMATCH	w107:316	out[0] non-finite mismatch (nan/inf positions differ)	n0*=log.out(L0,·)
CRASH	w107:323	executor process died (native abort)	n0*=max_pool2d_with_indices_backward.grad_input(L0,L1,·,·,·,·,·,L2,L3)
SKIP	w107:331	executor ExecutorchRuntimeException: [ExecuTorch Error 0x14] Operator missing: Execution failed for method: forward	n0*=_fft_r2c(L0,·,·,·)
MISMATCH	w107:339	out[0] max|delta|=4.730e+00 (rtol=0.01 atol=0.001)	n0*=slice_scatter(L0,L1,·,·,·,·)
MISMATCH	w107:358	out[0] non-finite mismatch (nan/inf positions differ)	n0*=_softmax.out(L0,·,·,·)
SKIP	w107:36	executor ExecutorchRuntimeException: [ExecuTorch Error 0x1] Internal error: Execution failed for method: forward	n0*=copy(L0,L1,·)
MISMATCH	w107:365	out[0] max|delta|=3.000e+00 (rtol=0.01 atol=0.001)	n0*=min.unary_out(L0,·)
MISMATCH	w107:370	out[0] non-finite mismatch (nan/inf positions differ)	n0*=mm.out(L0,L1,·)
MISMATCH	w107:374	out[0] non-finite mismatch (nan/inf positions differ)	n0*=_log_softmax.out(L0,·,·,·)
MISMATCH	w107:385	out[0] max|delta|=4.934e+00 (rtol=0.01 atol=0.001)	n0*=sub.out(L0,L1,·,·)
MISMATCH	w107:390	out[0] non-finite mismatch (nan/inf positions differ)	n0*=pow.Tensor_Tensor_out(L0,L1,·)
MISMATCH	w107:434	out[0] max|delta|=7.827e-01 (rtol=0.01 atol=0.001)	n0*=replication_pad3d.out(L0,·,·)
MISMATCH	w107:438	out[0] non-finite mismatch (nan/inf positions differ)	n0*=grid_sampler_2d(L0,L1,·,·,·)
SKIP	w107:446	executor ExecutorchInvalidArgumentException: [ExecuTorch Error 0x12] Invalid argument: Execution failed for method: forward	n0*=native_group_norm(L0,·,·,·,·,·,·,·)
MISMATCH	w107:470	out[0] max|delta|=6.918e+18 (rtol=0.0 atol=0.0)	n0*=bitwise_left_shift.Tensor_Scalar_out(L0,·,·)
MISMATCH	w107:472	out[0] max|delta|=2.520e+02 (rtol=0.0 atol=0.0)	n0*=bitwise_xor.Scalar_out(L0,·,·)
MISMATCH	w107:473	out[0] max|delta|=4.700e+01 (rtol=0.01 atol=0.001)	n0*=bitwise_left_shift.Tensor_out(L0,L1,·)
MISMATCH	w107:480	out[0] non-finite mismatch (nan/inf positions differ)	n0*=logit.out(L0,·,·)
MISMATCH	w107:49	out[0] non-finite mismatch (nan/inf positions differ)	n0*=logit(L0,·)
SKIP	w107:492	executor ExecutorchRuntimeException: [ExecuTorch Error 0x1] Internal error: Execution failed for method: forward	n0*=copy(L0,L1,·)
MISMATCH	w107:50	out[0] non-finite mismatch (nan/inf positions differ)	n0*=gelu.out(L0,·,·)
MISMATCH	w107:505	out[0] non-finite mismatch (nan/inf positions differ)	n0*=logit(L0,·)
MISMATCH	w107:506	out[0] non-finite mismatch (nan/inf positions differ)	n0*=gelu.out(L0,·,·)
MISMATCH	w107:507	out[0] max|delta|=5.049e+00 (rtol=0.01 atol=0.001)	n0*=rsub.Scalar(L0,·,·)
MISMATCH	w107:508	out[0] non-finite mismatch (nan/inf positions differ)	n0*=bmm.out(L0,L1,·)
MISMATCH	w107:51	out[0] max|delta|=1.164e+00 (rtol=0.01 atol=0.001)	n0*=rsub.Scalar(L0,·,·)
MISMATCH	w107:523	out[0] max|delta|=7.837e-01 (rtol=0.01 atol=0.001)	n0*=atan.out(L0,·)
MISMATCH	w107:526	out[0] max|delta|=3.999e-01 (rtol=0.01 atol=0.001)	n0*=_native_batch_norm_legit.no_stats(L0,·,·,·,·,·)
SKIP	w107:528	executor ExecutorchInvalidArgumentException: [ExecuTorch Error 0x12] Invalid argument: Execution failed for method: forward	n0*=native_group_norm(L0,·,·,·,·,·,·,·)
SKIP	w107:531	executor ExecutorchInvalidArgumentException: [ExecuTorch Error 0x12] Invalid argument: Execution failed for method: forward	n0*=_pdist_forward(L0,·)
SKIP	w107:54	executor ExecutorchInvalidArgumentException: [ExecuTorch Error 0x12] Invalid argument: Execution failed for method: forward	n0*=reflection_pad2d(L0,·)
SKIP	w107:553	executor ExecutorchInvalidArgumentException: [ExecuTorch Error 0x12] Invalid argument: Execution failed for method: forward	n0*=reflection_pad2d.out(L0,·,·)
SKIP	w107:559	executor ExecutorchRuntimeException: [ExecuTorch Error 0x14] Operator missing: Execution failed for method: forward	n0*=_fft_r2c(L0,·,·,·)
MISMATCH	w107:598	out[0] non-finite mismatch (nan/inf positions differ)	n0*=mm.out(L0,L1,·)
MISMATCH	w107:634	out[0] non-finite mismatch (nan/inf positions differ)	n0*=exp.out(L0,·)
MISMATCH	w107:640	out[0] non-finite mismatch (nan/inf positions differ)	n0*=native_layer_norm(L0,·,·,·,·)
SKIP	w107:674	executor ExecutorchInvalidArgumentException: [ExecuTorch Error 0x12] Invalid argument: Execution failed for method: forward	n0*=native_group_norm(L0,·,·,·,·,·,·,·)
MISMATCH	w107:683	out[0] non-finite mismatch (nan/inf positions differ)	n0*=cos.out(L0,·)
MISMATCH	w107:701	out[0] max|delta|=6.918e+18 (rtol=0.01 atol=0.001)	n0*=bitwise_left_shift.Tensor_out(L0,L1,·)
MISMATCH	w107:708	out[0] non-finite mismatch (nan/inf positions differ)	n0*=logit.out(L0,·,·)
SKIP	w107:72	executor ExecutorchInvalidArgumentException: [ExecuTorch Error 0x12] Invalid argument: Execution failed for method: forward	n0*=native_group_norm(L0,·,·,·,·,·,·,·)
SKIP	w107:720	executor ExecutorchRuntimeException: [ExecuTorch Error 0x1] Internal error: Execution failed for method: forward	n0*=copy(L0,L1,·)
MISMATCH	w107:733	out[0] non-finite mismatch (nan/inf positions differ)	n0*=logit(L0,·)
MISMATCH	w107:734	out[0] non-finite mismatch (nan/inf positions differ)	n0*=gelu.out(L0,·,·)
MISMATCH	w107:735	out[0] max|delta|=7.576e+00 (rtol=0.01 atol=0.001)	n0*=rsub.Scalar(L0,·,·)
MISMATCH	w107:745	out[0] max|delta|=1.172e-02 (rtol=0.01 atol=0.001)	n0*=var_mean.correction(L0,·,·,·)
MISMATCH	w107:747	out[0] max|delta|=4.000e+00 (rtol=0.01 atol=0.001)	n0*=remainder.Tensor_out(L0,L1,·)
SKIP	w107:75	executor ExecutorchInvalidArgumentException: [ExecuTorch Error 0x12] Invalid argument: Execution failed for method: forward	n0*=_pdist_forward(L0,·)
MISMATCH	w107:754	out[0] max|delta|=3.680e+04 (rtol=0.01 atol=0.001)	n0*=_native_batch_norm_legit.no_stats(L0,·,·,·,·,·)
SKIP	w107:759	executor ExecutorchInvalidArgumentException: [ExecuTorch Error 0x12] Invalid argument: Execution failed for method: forward	n0*=_pdist_forward(L0,·)
MISMATCH	w107:765	out[0] max|delta|=2.000e+00 (rtol=0.01 atol=0.001)	n0*=fmod.Tensor_out(L0,L1,·)
MISMATCH	w107:766	out[0] non-finite mismatch (nan/inf positions differ)	n0*=sin.out(L0,·)
MISMATCH	w107:772	out[0] non-finite mismatch (nan/inf positions differ)	n0*=log.out(L0,·)
MISMATCH	w107:9	out[0] max|delta|=1.285e+00 (rtol=0.01 atol=0.001)	n0*=replication_pad2d.out(L0,·,·)
MISMATCH	w108:108	out[0] non-finite mismatch (nan/inf positions differ)	n0*=logit(L0,·)
MISMATCH	w108:109	out[0] non-finite mismatch (nan/inf positions differ)	n0*=gelu.out(L0,·,·)
MISMATCH	w108:110	out[0] max|delta|=3.600e+01 (rtol=0.01 atol=0.001)	n0*=rsub.Scalar(L0,·,·)
CRASH	w108:12	executor process died (native abort)	n0*=split_with_sizes_copy(L0,·,·)
SKIP	w108:131	executor ExecutorchInvalidArgumentException: [ExecuTorch Error 0x12] Invalid argument: Execution failed for method: forward	n0*=native_group_norm(L0,·,·,·,·,·,·,·)
SKIP	w108:134	executor ExecutorchInvalidArgumentException: [ExecuTorch Error 0x12] Invalid argument: Execution failed for method: forward	n0*=_pdist_forward(L0,·)
MISMATCH	w108:141	out[0] non-finite mismatch (nan/inf positions differ)	n0*=sin.out(L0,·)
MISMATCH	w108:147	out[0] non-finite mismatch (nan/inf positions differ)	n0*=log.out(L0,·)
SKIP	w108:162	executor ExecutorchRuntimeException: [ExecuTorch Error 0x14] Operator missing: Execution failed for method: forward	n0*=_fft_r2c(L0,·,·,·)
MISMATCH	w108:173	out[0] non-finite mismatch (nan/inf positions differ)	n0*=rsqrt.out(L0,·)
MISMATCH	w108:201	out[0] non-finite mismatch (nan/inf positions differ)	n0*=mm.out(L0,L1,·)
MISMATCH	w108:205	out[0] non-finite mismatch (nan/inf positions differ)	n0*=_log_softmax.out(L0,·,·,·)
MISMATCH	w108:216	out[0] max|delta|=3.540e-01 (rtol=0.01 atol=0.001)	n0*=sub.out(L0,L1,·,·)
MISMATCH	w108:218	out[0] max|delta|=7.000e+00 (rtol=0.0 atol=0.0)	n0*=remainder.Scalar(L0,·)
MISMATCH	w108:236	out[0] max|delta|=9.223e+18 (rtol=0.0 atol=0.0)	n0*=pow.Scalar_out(·,L0,·)
MISMATCH	w108:303	out[0] max|delta|=4.000e+00 (rtol=0.01 atol=0.001)	n0*=bitwise_xor.Scalar_out(L0,·,·)
MISMATCH	w108:304	out[0] max|delta|=1.611e+09 (rtol=0.0 atol=0.0)	n0*=bitwise_left_shift.Tensor_out(L0,L1,·)
MISMATCH	w108:311	out[0] non-finite mismatch (nan/inf positions differ)	n0*=logit.out(L0,·,·)
SKIP	w108:323	executor ExecutorchRuntimeException: [ExecuTorch Error 0x1] Internal error: Execution failed for method: forward	n0*=copy(L0,L1,·)
MISMATCH	w108:337	out[0] non-finite mismatch (nan/inf positions differ)	n0*=gelu.out(L0,·,·)
MISMATCH	w108:338	out[0] max|delta|=6.663e+00 (rtol=0.01 atol=0.001)	n0*=rsub.Scalar(L0,·,·)
SKIP	w108:341	executor ExecutorchInvalidArgumentException: [ExecuTorch Error 0x12] Invalid argument: Execution failed for method: forward	n0*=reflection_pad2d(L0,·)
MISMATCH	w108:354	out[0] max|delta|=7.842e-01 (rtol=0.01 atol=0.001)	n0*=atan.out(L0,·)
SKIP	w108:359	executor ExecutorchInvalidArgumentException: [ExecuTorch Error 0x12] Invalid argument: Execution failed for method: forward	n0*=native_group_norm(L0,·,·,·,·,·,·,·)
SKIP	w108:362	executor ExecutorchInvalidArgumentException: [ExecuTorch Error 0x12] Invalid argument: Execution failed for method: forward	n0*=_pdist_forward(L0,·)
MISMATCH	w108:369	out[0] non-finite mismatch (nan/inf positions differ)	n0*=sin.out(L0,·)
MISMATCH	w108:375	out[0] non-finite mismatch (nan/inf positions differ)	n0*=log.out(L0,·)
SKIP	w108:390	executor ExecutorchRuntimeException: [ExecuTorch Error 0x14] Operator missing: Execution failed for method: forward	n0*=_fft_r2c(L0,·,·,·)
MISMATCH	w108:401	out[0] non-finite mismatch (nan/inf positions differ)	n0*=rsqrt.out(L0,·)
MISMATCH	w108:417	out[0] non-finite mismatch (nan/inf positions differ)	n0*=_softmax.out(L0,·,·,·)
MISMATCH	w108:434	out[0] non-finite mismatch (nan/inf positions differ)	n0*=elu.out(L0,·,·,·,·)
SKIP	w108:44	executor ExecutorchInvalidArgumentException: [ExecuTorch Error 0x12] Invalid argument: Execution failed for method: forward	n0*=convolution(L0,L1,·,·,·,·,·,·,·)
MISMATCH	w108:444	out[0] max|delta|=8.145e+00 (rtol=0.01 atol=0.001)	n0*=sub.out(L0,L1,·,·)
MISMATCH	w108:449	out[0] non-finite mismatch (nan/inf positions differ)	n0*=pow.Tensor_Tensor_out(L0,L1,·)
SKIP	w108:455	executor ExecutorchInvalidArgumentException: [ExecuTorch Error 0x12] Invalid argument: Execution failed for method: forward	n0*=scatter_add.out(L0,·,L1,L2,·)
SKIP	w108:461	executor ExecutorchInvalidArgumentException: [ExecuTorch Error 0x12] Invalid argument: Execution failed for method: forward	n0*=expand_copy(L0,·,·)
MISMATCH	w108:465	out[0] non-finite mismatch (nan/inf positions differ)	n0*=exp.out(L0,·)
SKIP	w108:49	executor ExecutorchInvalidArgumentException: [ExecuTorch Error 0x12] Invalid argument: Execution failed for method: forward	n0*=native_group_norm(L0,·,·,·,·,·,·,·)
MISMATCH	w108:493	out[0] max|delta|=1.974e+00 (rtol=0.01 atol=0.001)	n0*=replication_pad3d.out(L0,·,·)
SKIP	w108:505	executor ExecutorchInvalidArgumentException: [ExecuTorch Error 0x12] Invalid argument: Execution failed for method: forward	n0*=native_group_norm(L0,·,·,·,·,·,·,·)
MISMATCH	w108:524	out[0] max|delta|=1.164e+00 (rtol=0.01 atol=0.001)	n0*=replication_pad2d.out(L0,·,·)
MISMATCH	w108:529	out[0] max|delta|=1.441e+17 (rtol=0.01 atol=0.001)	n0*=bitwise_left_shift.Tensor_Scalar_out(L0,·,·)
MISMATCH	w108:532	out[0] max|delta|=1.611e+09 (rtol=0.0 atol=0.0)	n0*=bitwise_left_shift.Tensor_out(L0,L1,·)
MISMATCH	w108:539	out[0] non-finite mismatch (nan/inf positions differ)	n0*=logit.out(L0,·,·)
SKIP	w108:551	executor ExecutorchRuntimeException: [ExecuTorch Error 0x1] Internal error: Execution failed for method: forward	n0*=copy(L0,L1,·)
MISMATCH	w108:564	out[0] non-finite mismatch (nan/inf positions differ)	n0*=logit(L0,·)
MISMATCH	w108:565	out[0] non-finite mismatch (nan/inf positions differ)	n0*=gelu.out(L0,·,·)
MISMATCH	w108:566	out[0] max|delta|=1.011e+01 (rtol=0.01 atol=0.001)	n0*=rsub.Scalar(L0,·,·)
MISMATCH	w108:58	out[0] non-finite mismatch (nan/inf positions differ)	n0*=cos.out(L0,·)
MISMATCH	w108:585	out[0] max|delta|=3.680e+04 (rtol=0.01 atol=0.001)	n0*=_native_batch_norm_legit.no_stats(L0,·,·,·,·,·)
SKIP	w108:587	executor ExecutorchInvalidArgumentException: [ExecuTorch Error 0x12] Invalid argument: Execution failed for method: forward	n0*=native_group_norm(L0,·,·,·,·,·,·,·)
MISMATCH	w108:603	out[0] non-finite mismatch (nan/inf positions differ)	n0*=log.out(L0,·)
SKIP	w108:612	executor ExecutorchInvalidArgumentException: [ExecuTorch Error 0x12] Invalid argument: Execution failed for method: forward	n0*=reflection_pad2d.out(L0,·,·)
SKIP	w108:618	executor ExecutorchRuntimeException: [ExecuTorch Error 0x14] Operator missing: Execution failed for method: forward	n0*=_fft_r2c(L0,·,·,·)
MISMATCH	w108:629	out[0] non-finite mismatch (nan/inf positions differ)	n0*=rsqrt.out(L0,·)
MISMATCH	w108:657	out[0] non-finite mismatch (nan/inf positions differ)	n0*=mm.out(L0,L1,·)
MISMATCH	w108:672	out[0] max|delta|=4.436e+00 (rtol=0.01 atol=0.001)	n0*=sub.out(L0,L1,·,·)
MISMATCH	w108:677	out[0] non-finite mismatch (nan/inf positions differ)	n0*=pow.Tensor_Tensor_out(L0,L1,·)
CRASH	w108:696	executor process died (native abort)	n0*=split_with_sizes_copy(L0,·,·)
SKIP	w108:733	executor ExecutorchInvalidArgumentException: [ExecuTorch Error 0x12] Invalid argument: Execution failed for method: forward	n0*=native_group_norm(L0,·,·,·,·,·,·,·)
MISMATCH	w108:742	out[0] non-finite mismatch (nan/inf positions differ)	n0*=cos.out(L0,·)
MISMATCH	w108:767	out[0] non-finite mismatch (nan/inf positions differ)	n0*=logit.out(L0,·,·)
MISMATCH	w108:83	out[0] non-finite mismatch (nan/inf positions differ)	n0*=logit.out(L0,·,·)
MISMATCH	w108:9	out[0] non-finite mismatch (nan/inf positions differ)	n0*=exp.out(L0,·)
MISMATCH	w108:95	out[0] max|delta|=1.722e+00 (rtol=0.01 atol=0.001)	n0*=copy(L0,L1,·)
SKIP	w108:96	executor ExecutorchInvalidArgumentException: [ExecuTorch Error 0x12] Invalid argument: Execution failed for method: forward	n0*=stack(·,·)
MISMATCH	w109:115	out[0] max|delta|=3.680e+04 (rtol=0.01 atol=0.001)	n0*=_native_batch_norm_legit.no_stats(L0,·,·,·,·,·)
SKIP	w109:117	executor ExecutorchInvalidArgumentException: [ExecuTorch Error 0x12] Invalid argument: Execution failed for method: forward	n0*=native_group_norm(L0,·,·,·,·,·,·,·)
SKIP	w109:120	executor ExecutorchInvalidArgumentException: [ExecuTorch Error 0x12] Invalid argument: Execution failed for method: forward	n0*=_pdist_forward(L0,·)
MISMATCH	w109:127	out[0] non-finite mismatch (nan/inf positions differ)	n0*=sin.out(L0,·)
MISMATCH	w109:133	out[0] non-finite mismatch (nan/inf positions differ)	n0*=log.out(L0,·)
CRASH	w109:140	executor process died (native abort)	n0*=max_pool2d_with_indices_backward.grad_input(L0,L1,·,·,·,·,·,L2,L3)
SKIP	w109:148	executor ExecutorchRuntimeException: [ExecuTorch Error 0x14] Operator missing: Execution failed for method: forward	n0*=_fft_r2c(L0,·,·,·)
SKIP	w109:160	executor ExecutorchRuntimeException: [ExecuTorch Error 0x1] Internal error: Execution failed for method: forward	n0*=repeat(L0,·)
MISMATCH	w109:187	out[0] non-finite mismatch (nan/inf positions differ)	n0*=mm.out(L0,L1,·)
MISMATCH	w109:202	out[0] max|delta|=1.627e+01 (rtol=0.01 atol=0.001)	n0*=sub.out(L0,L1,·,·)
MISMATCH	w109:211	out[0] max|delta|=1.153e+18 (rtol=0.0 atol=0.0)	n0*=bitwise_left_shift.Tensor_Scalar(L0,·)
MISMATCH	w109:223	out[0] non-finite mismatch (nan/inf positions differ)	n0*=exp.out(L0,·)
SKIP	w109:258	executor ExecutorchInvalidArgumentException: [ExecuTorch Error 0x12] Invalid argument: Execution failed for method: forward	n0*=convolution(L0,L1,·,·,·,·,·,·,·)
MISMATCH	w109:27	out[0] non-finite mismatch (nan/inf positions differ)	n0*=grid_sampler_2d(L0,L1,·,·,·)
MISMATCH	w109:297	out[0] non-finite mismatch (nan/inf positions differ)	n0*=logit.out(L0,·,·)
SKIP	w109:309	executor ExecutorchRuntimeException: [ExecuTorch Error 0x1] Internal error: Execution failed for method: forward	n0*=copy(L0,L1,·)
MISMATCH	w109:317	out[0] max|delta|=2.550e+02 (rtol=0.0 atol=0.0)	n0*=bitwise_or.Scalar_out(L0,·,·)
MISMATCH	w109:322	out[0] non-finite mismatch (nan/inf positions differ)	n0*=logit(L0,·)
MISMATCH	w109:323	out[0] non-finite mismatch (nan/inf positions differ)	n0*=gelu.out(L0,·,·)
MISMATCH	w109:324	out[0] max|delta|=1.164e+00 (rtol=0.01 atol=0.001)	n0*=rsub.Scalar(L0,·,·)
MISMATCH	w109:336	out[0] max|delta|=4.000e+00 (rtol=0.01 atol=0.001)	n0*=remainder.Tensor_out(L0,L1,·)
SKIP	w109:345	executor ExecutorchInvalidArgumentException: [ExecuTorch Error 0x12] Invalid argument: Execution failed for method: forward	n0*=native_group_norm(L0,·,·,·,·,·,·,·)
SKIP	w109:348	executor ExecutorchInvalidArgumentException: [ExecuTorch Error 0x12] Invalid argument: Execution failed for method: forward	n0*=_pdist_forward(L0,·)
SKIP	w109:35	executor ExecutorchInvalidArgumentException: [ExecuTorch Error 0x12] Invalid argument: Execution failed for method: forward	n0*=native_group_norm(L0,·,·,·,·,·,·,·)
MISMATCH	w109:352	out[0] max|delta|=2.550e+02 (rtol=0.0 atol=0.0)	n0*=bitwise_right_shift.Tensor_out(L0,L1,·)
MISMATCH	w109:361	out[0] non-finite mismatch (nan/inf positions differ)	n0*=log.out(L0,·)
SKIP	w109:376	executor ExecutorchRuntimeException: [ExecuTorch Error 0x14] Operator missing: Execution failed for method: forward	n0*=_fft_r2c(L0,·,·,·)
MISMATCH	w109:387	out[0] non-finite mismatch (nan/inf positions differ)	n0*=rsqrt.out(L0,·)
MISMATCH	w109:415	out[0] non-finite mismatch (nan/inf positions differ)	n0*=mm.out(L0,L1,·)
MISMATCH	w109:420	out[0] non-finite mismatch (nan/inf positions differ)	n0*=elu.out(L0,·,·,·,·)
MISMATCH	w109:430	out[0] non-finite mismatch (nan/inf positions differ)	n0*=sub.out(L0,L1,·,·)
MISMATCH	w109:44	out[0] non-finite mismatch (nan/inf positions differ)	n0*=cos.out(L0,·)
MISMATCH	w109:451	out[0] non-finite mismatch (nan/inf positions differ)	n0*=exp.out(L0,·)
SKIP	w109:491	executor ExecutorchInvalidArgumentException: [ExecuTorch Error 0x12] Invalid argument: Execution failed for method: forward	n0*=native_group_norm(L0,·,·,·,·,·,·,·)
MISMATCH	w109:500	out[0] non-finite mismatch (nan/inf positions differ)	n0*=cos.out(L0,·)
MISMATCH	w109:518	out[0] max|delta|=9.223e+18 (rtol=0.01 atol=0.001)	n0*=bitwise_left_shift.Tensor_out(L0,L1,·)
MISMATCH	w109:525	out[0] non-finite mismatch (nan/inf positions differ)	n0*=logit.out(L0,·,·)
MISMATCH	w109:53	out[0] max|delta|=3.560e+00 (rtol=0.01 atol=0.001)	n0*=index_select.out(L0,·,L1,·)
MISMATCH	w109:537	out[0] max|delta|=1.514e+00 (rtol=0.01 atol=0.001)	n0*=copy(L0,L1,·)
MISMATCH	w109:54	out[0] max|delta|=2.527e+00 (rtol=0.01 atol=0.001)	n0*=replication_pad2d.out(L0,·,·)
MISMATCH	w109:550	out[0] non-finite mismatch (nan/inf positions differ)	n0*=logit(L0,·)
MISMATCH	w109:552	out[0] max|delta|=2.274e+01 (rtol=0.01 atol=0.001)	n0*=rsub.Scalar(L0,·,·)
MISMATCH	w109:560	out[0] max|delta|=1.000e+00 (rtol=0.0 atol=0.0)	n0*=select_scatter(L0,L1,·,·)
MISMATCH	w109:568	out[0] max|delta|=7.842e-01 (rtol=0.01 atol=0.001)	n0*=atan.out(L0,·)
SKIP	w109:573	executor ExecutorchInvalidArgumentException: [ExecuTorch Error 0x12] Invalid argument: Execution failed for method: forward	n0*=native_group_norm(L0,·,·,·,·,·,·,·)
SKIP	w109:576	executor ExecutorchInvalidArgumentException: [ExecuTorch Error 0x12] Invalid argument: Execution failed for method: forward	n0*=_pdist_forward(L0,·)
MISMATCH	w109:589	out[0] non-finite mismatch (nan/inf positions differ)	n0*=log.out(L0,·)
MISMATCH	w109:596	out[0] max|delta|=1.158e+00 (rtol=0.01 atol=0.001)	n0*=max_pool2d_with_indices_backward.grad_input(L0,L1,·,·,·,·,·,L2,L3)
SKIP	w109:598	executor ExecutorchInvalidArgumentException: [ExecuTorch Error 0x12] Invalid argument: Execution failed for method: forward	n0*=reflection_pad2d.out(L0,·,·)
SKIP	w109:604	executor ExecutorchRuntimeException: [ExecuTorch Error 0x14] Operator missing: Execution failed for method: forward	n0*=_fft_r2c(L0,·,·,·)
SKIP	w109:616	executor ExecutorchRuntimeException: [ExecuTorch Error 0x1] Internal error: Execution failed for method: forward	n0*=repeat(L0,·)
MISMATCH	w109:62	out[0] max|delta|=6.918e+18 (rtol=0.01 atol=0.001)	n0*=bitwise_left_shift.Tensor_out(L0,L1,·)
MISMATCH	w109:643	out[0] non-finite mismatch (nan/inf positions differ)	n0*=mm.out(L0,L1,·)
MISMATCH	w109:648	out[0] non-finite mismatch (nan/inf positions differ)	n0*=elu.out(L0,·,·,·,·)
MISMATCH	w109:658	out[0] non-finite mismatch (nan/inf positions differ)	n0*=sub.out(L0,L1,·,·)
SKIP	w109:669	executor ExecutorchInvalidArgumentException: [ExecuTorch Error 0x12] Invalid argument: Execution failed for method: forward	n0*=scatter_add.out(L0,·,L1,L2,·)
MISMATCH	w109:679	out[0] non-finite mismatch (nan/inf positions differ)	n0*=exp.out(L0,·)
MISMATCH	w109:69	out[0] non-finite mismatch (nan/inf positions differ)	n0*=logit.out(L0,·,·)
MISMATCH	w109:707	out[0] max|delta|=2.527e+00 (rtol=0.01 atol=0.001)	n0*=replication_pad3d.out(L0,·,·)
SKIP	w109:719	executor ExecutorchInvalidArgumentException: [ExecuTorch Error 0x12] Invalid argument: Execution failed for method: forward	n0*=native_group_norm(L0,·,·,·,·,·,·,·)
MISMATCH	w109:728	out[0] non-finite mismatch (nan/inf positions differ)	n0*=cos.out(L0,·)
MISMATCH	w109:746	out[0] non-finite mismatch (nan/inf positions differ)	n0*=bitwise_left_shift.Tensor_out(L0,L1,·)
MISMATCH	w109:753	out[0] non-finite mismatch (nan/inf positions differ)	n0*=logit.out(L0,·,·)
MISMATCH	w109:765	out[0] max|delta|=1.245e+00 (rtol=0.01 atol=0.001)	n0*=copy(L0,L1,·)
MISMATCH	w109:773	out[0] max|delta|=2.550e+02 (rtol=0.0 atol=0.0)	n0*=bitwise_or.Scalar_out(L0,·,·)
MISMATCH	w109:778	out[0] non-finite mismatch (nan/inf positions differ)	n0*=logit(L0,·)
MISMATCH	w109:779	out[0] non-finite mismatch (nan/inf positions differ)	n0*=gelu.out(L0,·,·)
MISMATCH	w109:780	out[0] max|delta|=1.163e+00 (rtol=0.01 atol=0.001)	n0*=rsub.Scalar(L0,·,·)
MISMATCH	w109:81	out[0] max|delta|=1.644e+00 (rtol=0.01 atol=0.001)	n0*=copy(L0,L1,·)
MISMATCH	w109:94	out[0] non-finite mismatch (nan/inf positions differ)	n0*=logit(L0,·)
MISMATCH	w109:95	out[0] non-finite mismatch (nan/inf positions differ)	n0*=gelu.out(L0,·,·)
MISMATCH	w109:96	out[0] max|delta|=1.800e+01 (rtol=0.01 atol=0.001)	n0*=rsub.Scalar(L0,·,·)
MISMATCH	w11:102	out[0] non-finite mismatch (nan/inf positions differ)	n0*=cos.out(L0,·)
MISMATCH	w11:112	out[0] max|delta|=2.527e+00 (rtol=0.01 atol=0.001)	n0*=replication_pad2d.out(L0,·,·)
MISMATCH	w11:120	out[0] max|delta|=6.918e+18 (rtol=0.01 atol=0.001)	n0*=bitwise_left_shift.Tensor_out(L0,L1,·)
MISMATCH	w11:127	out[0] non-finite mismatch (nan/inf positions differ)	n0*=logit.out(L0,·,·)
SKIP	w11:139	executor ExecutorchRuntimeException: [ExecuTorch Error 0x1] Internal error: Execution failed for method: forward	n0*=copy(L0,L1,·)
MISMATCH	w11:147	out[0] max|delta|=6.000e+00 (rtol=0.01 atol=0.001)	n0*=bitwise_or.Scalar_out(L0,·,·)
MISMATCH	w11:152	out[0] non-finite mismatch (nan/inf positions differ)	n0*=logit(L0,·)
MISMATCH	w11:153	out[0] non-finite mismatch (nan/inf positions differ)	n0*=gelu.out(L0,·,·)
MISMATCH	w11:154	out[0] max|delta|=1.500e+01 (rtol=0.01 atol=0.001)	n0*=rsub.Scalar(L0,·,·)
MISMATCH	w11:166	out[0] max|delta|=3.000e+00 (rtol=0.01 atol=0.001)	n0*=remainder.Tensor_out(L0,L1,·)
MISMATCH	w11:17	out[0] non-finite mismatch (nan/inf positions differ)	n0*=mm.out(L0,L1,·)
MISMATCH	w11:170	out[0] max|delta|=7.842e-01 (rtol=0.01 atol=0.001)	n0*=atan.out(L0,·)
MISMATCH	w11:173	out[0] max|delta|=3.680e+04 (rtol=0.01 atol=0.001)	n0*=_native_batch_norm_legit.no_stats(L0,·,·,·,·,·)
SKIP	w11:175	executor ExecutorchInvalidArgumentException: [ExecuTorch Error 0x12] Invalid argument: Execution failed for method: forward	n0*=native_group_norm(L0,·,·,·,·,·,·,·)
MISMATCH	w11:185	out[0] non-finite mismatch (nan/inf positions differ)	n0*=sin.out(L0,·)
MISMATCH	w11:191	out[0] non-finite mismatch (nan/inf positions differ)	n0*=log.out(L0,·)
SKIP	w11:206	executor ExecutorchRuntimeException: [ExecuTorch Error 0x14] Operator missing: Execution failed for method: forward	n0*=_fft_r2c(L0,·,·,·)
MISMATCH	w11:22	out[0] non-finite mismatch (nan/inf positions differ)	n0*=elu.out(L0,·,·,·,·)
MISMATCH	w11:245	out[0] non-finite mismatch (nan/inf positions differ)	n0*=mm.out(L0,L1,·)
MISMATCH	w11:265	out[0] non-finite mismatch (nan/inf positions differ)	n0*=pow.Tensor_Tensor_out(L0,L1,·)
MISMATCH	w11:269	out[0] max|delta|=2.882e+17 (rtol=0.0 atol=0.0)	n0*=bitwise_left_shift.Tensor_Scalar(L0,·)
MISMATCH	w11:281	out[0] non-finite mismatch (nan/inf positions differ)	n0*=exp.out(L0,·)
MISMATCH	w11:330	out[0] non-finite mismatch (nan/inf positions differ)	n0*=cos.out(L0,·)
MISMATCH	w11:339	out[0] max|delta|=2.464e+00 (rtol=0.01 atol=0.001)	n0*=index_select.out(L0,·,L1,·)
MISMATCH	w11:347	out[0] max|delta|=2.510e+02 (rtol=0.0 atol=0.0)	n0*=bitwise_xor.Scalar_out(L0,·,·)
MISMATCH	w11:355	out[0] non-finite mismatch (nan/inf positions differ)	n0*=logit.out(L0,·,·)
SKIP	w11:367	executor ExecutorchRuntimeException: [ExecuTorch Error 0x1] Internal error: Execution failed for method: forward	n0*=copy(L0,L1,·)
MISMATCH	w11:37	out[0] non-finite mismatch (nan/inf positions differ)	n0*=pow.Tensor_Tensor_out(L0,L1,·)
MISMATCH	w11:38	out[0] max|delta|=3.000e+00 (rtol=0.01 atol=0.001)	n0*=max.unary_out(L0,·)
MISMATCH	w11:381	out[0] non-finite mismatch (nan/inf positions differ)	n0*=gelu.out(L0,·,·)
MISMATCH	w11:382	out[0] max|delta|=2.021e+01 (rtol=0.01 atol=0.001)	n0*=rsub.Scalar(L0,·,·)
SKIP	w11:385	executor ExecutorchInvalidArgumentException: [ExecuTorch Error 0x12] Invalid argument: Execution failed for method: forward	n0*=reflection_pad2d(L0,·)
MISMATCH	w11:394	out[0] max|delta|=4.000e+00 (rtol=0.0 atol=0.0)	n0*=remainder.Tensor_out(L0,L1,·)
MISMATCH	w11:398	out[0] max|delta|=7.837e-01 (rtol=0.01 atol=0.001)	n0*=atan.out(L0,·)
SKIP	w11:403	executor ExecutorchInvalidArgumentException: [ExecuTorch Error 0x12] Invalid argument: Execution failed for method: forward	n0*=native_group_norm(L0,·,·,·,·,·,·,·)
SKIP	w11:406	executor ExecutorchInvalidArgumentException: [ExecuTorch Error 0x12] Invalid argument: Execution failed for method: forward	n0*=_pdist_forward(L0,·)
MISMATCH	w11:41	out[0] max|delta|=7.206e+16 (rtol=0.0 atol=0.0)	n0*=bitwise_left_shift.Tensor_Scalar(L0,·)
MISMATCH	w11:413	out[0] non-finite mismatch (nan/inf positions differ)	n0*=sin.out(L0,·)
MISMATCH	w11:419	out[0] non-finite mismatch (nan/inf positions differ)	n0*=log.out(L0,·)
SKIP	w11:43	executor ExecutorchInvalidArgumentException: [ExecuTorch Error 0x12] Invalid argument: Execution failed for method: forward	n0*=scatter_add.out(L0,·,L1,L2,·)
SKIP	w11:434	executor ExecutorchRuntimeException: [ExecuTorch Error 0x14] Operator missing: Execution failed for method: forward	n0*=_fft_r2c(L0,·,·,·)
MISMATCH	w11:439	out[0] non-finite mismatch (nan/inf positions differ)	n0*=native_layer_norm(L0,·,·,·,·)
MISMATCH	w11:445	out[0] non-finite mismatch (nan/inf positions differ)	n0*=rsqrt.out(L0,·)
MISMATCH	w11:473	out[0] non-finite mismatch (nan/inf positions differ)	n0*=mm.out(L0,L1,·)
MISMATCH	w11:478	out[0] non-finite mismatch (nan/inf positions differ)	n0*=elu.out(L0,·,·,·,·)
MISMATCH	w11:488	out[0] max|delta|=1.850e+00 (rtol=0.01 atol=0.001)	n0*=sub.out(L0,L1,·,·)
MISMATCH	w11:497	out[0] max|delta|=5.765e+17 (rtol=0.0 atol=0.0)	n0*=bitwise_left_shift.Tensor_Scalar(L0,·)
SKIP	w11:499	executor ExecutorchInvalidArgumentException: [ExecuTorch Error 0x12] Invalid argument: Execution failed for method: forward	n0*=scatter_add.out(L0,·,L1,L2,·)
MISMATCH	w11:541	out[0] non-finite mismatch (nan/inf positions differ)	n0*=grid_sampler_2d(L0,L1,·,·,·)
SKIP	w11:549	executor ExecutorchInvalidArgumentException: [ExecuTorch Error 0x12] Invalid argument: Execution failed for method: forward	n0*=native_group_norm(L0,·,·,·,·,·,·,·)
MISMATCH	w11:558	out[0] non-finite mismatch (nan/inf positions differ)	n0*=cos.out(L0,·)
CRASH	w11:56	executor process died (native abort)	n0*=split_with_sizes_copy(L0,·,·)
MISMATCH	w11:563	out[0] max|delta|=1.000e+00 (rtol=0.0 atol=0.0)	n0*=roll(L0,·,·)
MISMATCH	w11:573	out[0] max|delta|=7.206e+16 (rtol=0.01 atol=0.001)	n0*=bitwise_left_shift.Tensor_Scalar_out(L0,·,·)
MISMATCH	w11:576	out[0] max|delta|=9.223e+18 (rtol=0.01 atol=0.001)	n0*=bitwise_left_shift.Tensor_out(L0,L1,·)
MISMATCH	w11:583	out[0] non-finite mismatch (nan/inf positions differ)	n0*=logit.out(L0,·,·)
SKIP	w11:595	executor ExecutorchRuntimeException: [ExecuTorch Error 0x1] Internal error: Execution failed for method: forward	n0*=copy(L0,L1,·)
MISMATCH	w11:608	out[0] non-finite mismatch (nan/inf positions differ)	n0*=logit(L0,·)
MISMATCH	w11:609	out[0] non-finite mismatch (nan/inf positions differ)	n0*=gelu.out(L0,·,·)
MISMATCH	w11:610	out[0] max|delta|=1.600e+01 (rtol=0.0 atol=0.0)	n0*=rsub.Scalar(L0,·,·)
MISMATCH	w11:622	out[0] max|delta|=4.000e+00 (rtol=0.0 atol=0.0)	n0*=remainder.Tensor_out(L0,L1,·)
MISMATCH	w11:626	out[0] max|delta|=7.842e-01 (rtol=0.01 atol=0.001)	n0*=atan.out(L0,·)
MISMATCH	w11:629	out[0] max|delta|=3.680e+04 (rtol=0.01 atol=0.001)	n0*=_native_batch_norm_legit.no_stats(L0,·,·,·,·,·)
SKIP	w11:631	executor ExecutorchInvalidArgumentException: [ExecuTorch Error 0x12] Invalid argument: Execution failed for method: forward	n0*=native_group_norm(L0,·,·,·,·,·,·,·)
SKIP	w11:634	executor ExecutorchInvalidArgumentException: [ExecuTorch Error 0x12] Invalid argument: Execution failed for method: forward	n0*=_pdist_forward(L0,·)
MISMATCH	w11:647	out[0] non-finite mismatch (nan/inf positions differ)	n0*=log.out(L0,·)
MISMATCH	w11:658	out[0] max|delta|=2.479e+00 (rtol=0.01 atol=0.001)	n0*=index_select(L0,·,L1)
SKIP	w11:662	executor ExecutorchRuntimeException: [ExecuTorch Error 0x14] Operator missing: Execution failed for method: forward	n0*=_fft_r2c(L0,·,·,·)
MISMATCH	w11:673	out[0] non-finite mismatch (nan/inf positions differ)	n0*=rsqrt.out(L0,·)
MISMATCH	w11:704	out[0] max|delta|=2.520e+02 (rtol=0.0 atol=0.0)	n0*=bitwise_and.Scalar_out(L0,·,·)
MISMATCH	w11:706	out[0] non-finite mismatch (nan/inf positions differ)	n0*=elu.out(L0,·,·,·,·)
MISMATCH	w11:716	out[0] max|delta|=1.117e+01 (rtol=0.01 atol=0.001)	n0*=sub.out(L0,L1,·,·)
MISMATCH	w11:725	out[0] max|delta|=5.369e+08 (rtol=0.0 atol=0.0)	n0*=bitwise_left_shift.Tensor_Scalar(L0,·)
SKIP	w11:727	executor ExecutorchInvalidArgumentException: [ExecuTorch Error 0x12] Invalid argument: Execution failed for method: forward	n0*=scatter_add.out(L0,·,L1,L2,·)
MISMATCH	w11:737	out[0] non-finite mismatch (nan/inf positions differ)	n0*=exp.out(L0,·)
MISMATCH	w11:765	out[0] max|delta|=1.677e+00 (rtol=0.01 atol=0.001)	n0*=replication_pad3d.out(L0,·,·)
SKIP	w11:777	executor ExecutorchInvalidArgumentException: [ExecuTorch Error 0x12] Invalid argument: Execution failed for method: forward	n0*=native_group_norm(L0,·,·,·,·,·,·,·)
SKIP	w11:93	executor ExecutorchInvalidArgumentException: [ExecuTorch Error 0x12] Invalid argument: Execution failed for method: forward	n0*=native_group_norm(L0,·,·,·,·,·,·,·)
CRASH	w110:110	executor process died (native abort)	n0*=copy(L0,L1,·)
MISMATCH	w110:12	out[0] max|delta|=2.684e+08 (rtol=0.0 atol=0.0)	n0*=bitwise_left_shift.Tensor_Scalar(L0,·)
MISMATCH	w110:123	out[0] max|delta|=1.252e-01 (rtol=0.01 atol=0.001)	n0*=logit(L0,·)
MISMATCH	w110:124	out[0] non-finite mismatch (nan/inf positions differ)	n0*=gelu.out(L0,·,·)
MISMATCH	w110:125	out[0] max|delta|=4.000e+00 (rtol=0.01 atol=0.001)	n0*=rsub.Scalar(L0,·,·)
SKIP	w110:128	executor ExecutorchInvalidArgumentException: [ExecuTorch Error 0x12] Invalid argument: Execution failed for method: forward	n0*=reflection_pad2d(L0,·)
MISMATCH	w110:141	out[0] max|delta|=7.842e-01 (rtol=0.01 atol=0.001)	n0*=atan.out(L0,·)
SKIP	w110:146	executor ExecutorchInvalidArgumentException: [ExecuTorch Error 0x12] Invalid argument: Execution failed for method: forward	n0*=native_group_norm(L0,·,·,·,·,·,·,·)
SKIP	w110:149	executor ExecutorchInvalidArgumentException: [ExecuTorch Error 0x12] Invalid argument: Execution failed for method: forward	n0*=_pdist_forward(L0,·)
MISMATCH	w110:156	out[0] non-finite mismatch (nan/inf positions differ)	n0*=sin.out(L0,·)
MISMATCH	w110:162	out[0] non-finite mismatch (nan/inf positions differ)	n0*=log.out(L0,·)
SKIP	w110:171	executor ExecutorchInvalidArgumentException: [ExecuTorch Error 0x12] Invalid argument: Execution failed for method: forward	n0*=reflection_pad2d.out(L0,·,·)
SKIP	w110:177	executor ExecutorchRuntimeException: [ExecuTorch Error 0x14] Operator missing: Execution failed for method: forward	n0*=_fft_r2c(L0,·,·,·)
MISMATCH	w110:204	out[0] non-finite mismatch (nan/inf positions differ)	n0*=_softmax.out(L0,·,·,·)
MISMATCH	w110:216	out[0] non-finite mismatch (nan/inf positions differ)	n0*=mm.out(L0,L1,·)
MISMATCH	w110:221	out[0] max|delta|=3.715e+02 (rtol=0.01 atol=0.001)	n0*=elu.out(L0,·,·,·,·)
CRASH	w110:27	executor process died (native abort)	n0*=split_with_sizes_copy(L0,·,·)
SKIP	w110:292	executor ExecutorchInvalidArgumentException: [ExecuTorch Error 0x12] Invalid argument: Execution failed for method: forward	n0*=native_group_norm(L0,·,·,·,·,·,·,·)
MISMATCH	w110:319	out[0] max|delta|=1.611e+09 (rtol=0.0 atol=0.0)	n0*=bitwise_left_shift.Tensor_out(L0,L1,·)
MISMATCH	w110:326	out[0] non-finite mismatch (nan/inf positions differ)	n0*=logit.out(L0,·,·)
SKIP	w110:338	executor ExecutorchRuntimeException: [ExecuTorch Error 0x1] Internal error: Execution failed for method: forward	n0*=copy(L0,L1,·)
MISMATCH	w110:34	out[0] max|delta|=3.000e+00 (rtol=0.01 atol=0.001)	n0*=remainder.Scalar_out(L0,·,·)
MISMATCH	w110:351	out[0] non-finite mismatch (nan/inf positions differ)	n0*=logit(L0,·)
MISMATCH	w110:352	out[0] non-finite mismatch (nan/inf positions differ)	n0*=gelu.out(L0,·,·)
MISMATCH	w110:353	out[0] max|delta|=4.000e+00 (rtol=0.0 atol=0.0)	n0*=rsub.Scalar(L0,·,·)
MISMATCH	w110:390	out[0] non-finite mismatch (nan/inf positions differ)	n0*=log.out(L0,·)
CRASH	w110:397	executor process died (native abort)	n0*=max_pool2d_with_indices_backward.grad_input(L0,L1,·,·,·,·,·,L2,L3)
SKIP	w110:399	executor ExecutorchInvalidArgumentException: [ExecuTorch Error 0x12] Invalid argument: Execution failed for method: forward	n0*=reflection_pad2d.out(L0,·,·)
SKIP	w110:405	executor ExecutorchRuntimeException: [ExecuTorch Error 0x14] Operator missing: Execution failed for method: forward	n0*=_fft_r2c(L0,·,·,·)
MISMATCH	w110:416	out[0] non-finite mismatch (nan/inf positions differ)	n0*=rsqrt.out(L0,·)
MISMATCH	w110:432	out[0] non-finite mismatch (nan/inf positions differ)	n0*=_softmax.out(L0,·,·,·)
MISMATCH	w110:451	out[0] non-finite mismatch (nan/inf positions differ)	n0*=addmm.out(L0,L1,L2,·,·,·)
MISMATCH	w110:459	out[0] max|delta|=1.542e+01 (rtol=0.01 atol=0.001)	n0*=sub.out(L0,L1,·,·)
MISMATCH	w110:464	out[0] non-finite mismatch (nan/inf positions differ)	n0*=pow.Tensor_Tensor_out(L0,L1,·)
MISMATCH	w110:468	out[0] max|delta|=5.765e+17 (rtol=0.0 atol=0.0)	n0*=bitwise_left_shift.Tensor_Scalar(L0,·)
MISMATCH	w110:480	out[0] non-finite mismatch (nan/inf positions differ)	n0*=exp.out(L0,·)
SKIP	w110:501	executor ExecutorchInvalidArgumentException: [ExecuTorch Error 0x12] Invalid argument: Execution failed for method: forward	n0*=scatter.value_out(L0,·,L1,·,·)
SKIP	w110:520	executor ExecutorchInvalidArgumentException: [ExecuTorch Error 0x12] Invalid argument: Execution failed for method: forward	n0*=native_group_norm(L0,·,·,·,·,·,·,·)
MISMATCH	w110:529	out[0] non-finite mismatch (nan/inf positions differ)	n0*=cos.out(L0,·)
MISMATCH	w110:544	out[0] max|delta|=2.306e+18 (rtol=0.01 atol=0.001)	n0*=bitwise_left_shift.Tensor_Scalar_out(L0,·,·)
MISMATCH	w110:554	out[0] non-finite mismatch (nan/inf positions differ)	n0*=logit.out(L0,·,·)
MISMATCH	w110:56	out[0] non-finite mismatch (nan/inf positions differ)	n0*=grid_sampler_2d(L0,L1,·,·,·)
SKIP	w110:566	executor ExecutorchRuntimeException: [ExecuTorch Error 0x1] Internal error: Execution failed for method: forward	n0*=copy(L0,L1,·)
MISMATCH	w110:579	out[0] non-finite mismatch (nan/inf positions differ)	n0*=logit(L0,·)
MISMATCH	w110:580	out[0] non-finite mismatch (nan/inf positions differ)	n0*=gelu.out(L0,·,·)
MISMATCH	w110:589	out[0] max|delta|=1.000e+00 (rtol=0.0 atol=0.0)	n0*=select_scatter(L0,L1,·,·)
MISMATCH	w110:597	out[0] max|delta|=7.842e-01 (rtol=0.01 atol=0.001)	n0*=atan.out(L0,·)
SKIP	w110:602	executor ExecutorchInvalidArgumentException: [ExecuTorch Error 0x12] Invalid argument: Execution failed for method: forward	n0*=native_group_norm(L0,·,·,·,·,·,·,·)
MISMATCH	w110:612	out[0] non-finite mismatch (nan/inf positions differ)	n0*=sin.out(L0,·)
MISMATCH	w110:618	out[0] non-finite mismatch (nan/inf positions differ)	n0*=log.out(L0,·)
SKIP	w110:633	executor ExecutorchRuntimeException: [ExecuTorch Error 0x14] Operator missing: Execution failed for method: forward	n0*=_fft_r2c(L0,·,·,·)
SKIP	w110:64	executor ExecutorchInvalidArgumentException: [ExecuTorch Error 0x12] Invalid argument: Execution failed for method: forward	n0*=native_group_norm(L0,·,·,·,·,·,·,·)
MISMATCH	w110:660	out[0] non-finite mismatch (nan/inf positions differ)	n0*=_softmax.out(L0,·,·,·)
SKIP	w110:662	executor IllegalArgumentException: unsupported input dtype code 24 on Android	n0*=linear.out(L0,L1,·,·)
MISMATCH	w110:672	out[0] non-finite mismatch (nan/inf positions differ)	n0*=mm.out(L0,L1,·)
MISMATCH	w110:675	out[0] max|delta|=2.490e+02 (rtol=0.0 atol=0.0)	n0*=bitwise_and.Scalar_out(L0,·,·)
MISMATCH	w110:676	out[0] non-finite mismatch (nan/inf positions differ)	n0*=_log_softmax.out(L0,·,·,·)
MISMATCH	w110:687	out[0] non-finite mismatch (nan/inf positions differ)	n0*=sub.out(L0,L1,·,·)
MISMATCH	w110:708	out[0] non-finite mismatch (nan/inf positions differ)	n0*=exp.out(L0,·)
CRASH	w110:711	executor process died (native abort)	n0*=split_with_sizes_copy(L0,·,·)
MISMATCH	w110:73	out[0] non-finite mismatch (nan/inf positions differ)	n0*=cos.out(L0,·)
SKIP	w110:748	executor ExecutorchInvalidArgumentException: [ExecuTorch Error 0x12] Invalid argument: Execution failed for method: forward	n0*=native_group_norm(L0,·,·,·,·,·,·,·)
MISMATCH	w110:757	out[0] non-finite mismatch (nan/inf positions differ)	n0*=cos.out(L0,·)
MISMATCH	w110:762	out[0] max|delta|=1.000e+00 (rtol=0.0 atol=0.0)	n0*=roll(L0,·,·)
MISMATCH	w110:766	out[0] max|delta|=3.560e+00 (rtol=0.01 atol=0.001)	n0*=index_select.out(L0,·,L1,·)
MISMATCH	w110:772	out[0] max|delta|=5.369e+08 (rtol=0.0 atol=0.0)	n0*=bitwise_left_shift.Tensor_Scalar_out(L0,·,·)
MISMATCH	w110:774	out[0] max|delta|=2.450e+02 (rtol=0.0 atol=0.0)	n0*=bitwise_xor.Scalar_out(L0,·,·)
MISMATCH	w110:775	out[0] max|delta|=9.223e+18 (rtol=0.01 atol=0.001)	n0*=bitwise_left_shift.Tensor_out(L0,L1,·)
MISMATCH	w110:88	out[0] non-finite mismatch (nan/inf positions differ)	n0*=bitwise_left_shift.Tensor_Scalar_out(L0,·,·)
MISMATCH	w110:98	out[0] non-finite mismatch (nan/inf positions differ)	n0*=logit.out(L0,·,·)
MISMATCH	w111:108	out[0] max|delta|=3.000e+00 (rtol=0.0 atol=0.0)	n0*=fmod.Scalar(L0,·)
MISMATCH	w111:111	out[0] max|delta|=7.842e-01 (rtol=0.01 atol=0.001)	n0*=atan.out(L0,·)
SKIP	w111:119	executor ExecutorchInvalidArgumentException: [ExecuTorch Error 0x12] Invalid argument: Execution failed for method: forward	n0*=_pdist_forward(L0,·)
MISMATCH	w111:132	out[0] non-finite mismatch (nan/inf positions differ)	n0*=log.out(L0,·)
SKIP	w111:147	executor ExecutorchRuntimeException: [ExecuTorch Error 0x14] Operator missing: Execution failed for method: forward	n0*=_fft_r2c(L0,·,·,·)
MISMATCH	w111:158	out[0] non-finite mismatch (nan/inf positions differ)	n0*=rsqrt.out(L0,·)
MISMATCH	w111:174	out[0] non-finite mismatch (nan/inf positions differ)	n0*=_softmax.out(L0,·,·,·)
MISMATCH	w111:186	out[0] non-finite mismatch (nan/inf positions differ)	n0*=mm.out(L0,L1,·)
MISMATCH	w111:189	out[0] max|delta|=2.480e+02 (rtol=0.0 atol=0.0)	n0*=bitwise_and.Scalar_out(L0,·,·)
MISMATCH	w111:191	out[0] non-finite mismatch (nan/inf positions differ)	n0*=elu.out(L0,·,·,·,·)
MISMATCH	w111:201	out[0] max|delta|=1.200e+01 (rtol=0.0 atol=0.0)	n0*=sub.out(L0,L1,·,·)
MISMATCH	w111:206	out[0] non-finite mismatch (nan/inf positions differ)	n0*=pow.Tensor_Tensor_out(L0,L1,·)
MISMATCH	w111:207	out[0] max|delta|=3.000e+00 (rtol=0.01 atol=0.001)	n0*=max.unary_out(L0,·)
MISMATCH	w111:224	out[0] max|delta|=1.000e+00 (rtol=0.0 atol=0.0)	n0*=prod(L0,·)
MISMATCH	w111:254	out[0] non-finite mismatch (nan/inf positions differ)	n0*=grid_sampler_2d(L0,L1,·,·,·)
SKIP	w111:262	executor ExecutorchInvalidArgumentException: [ExecuTorch Error 0x12] Invalid argument: Execution failed for method: forward	n0*=native_group_norm(L0,·,·,·,·,·,·,·)
MISMATCH	w111:271	out[0] non-finite mismatch (nan/inf positions differ)	n0*=cos.out(L0,·)
MISMATCH	w111:281	out[0] max|delta|=1.093e+00 (rtol=0.01 atol=0.001)	n0*=replication_pad2d.out(L0,·,·)
MISMATCH	w111:289	out[0] max|delta|=6.918e+18 (rtol=0.01 atol=0.001)	n0*=bitwise_left_shift.Tensor_out(L0,L1,·)
MISMATCH	w111:296	out[0] non-finite mismatch (nan/inf positions differ)	n0*=logit.out(L0,·,·)
SKIP	w111:305	executor ExecutorchInvalidArgumentException: [ExecuTorch Error 0x12] Invalid argument: Execution failed for method: forward	n0*=narrow_copy(L0,·,·,·)
SKIP	w111:308	executor ExecutorchRuntimeException: [ExecuTorch Error 0x1] Internal error: Execution failed for method: forward	n0*=copy(L0,L1,·)
MISMATCH	w111:321	out[0] non-finite mismatch (nan/inf positions differ)	n0*=logit(L0,·)
MISMATCH	w111:322	out[0] non-finite mismatch (nan/inf positions differ)	n0*=gelu.out(L0,·,·)
MISMATCH	w111:323	out[0] max|delta|=3.000e+00 (rtol=0.0 atol=0.0)	n0*=rsub.Scalar(L0,·,·)
MISMATCH	w111:339	out[0] max|delta|=7.842e-01 (rtol=0.01 atol=0.001)	n0*=atan.out(L0,·)
SKIP	w111:34	executor ExecutorchInvalidArgumentException: [ExecuTorch Error 0x12] Invalid argument: Execution failed for method: forward	n0*=native_group_norm(L0,·,·,·,·,·,·,·)
SKIP	w111:344	executor ExecutorchInvalidArgumentException: [ExecuTorch Error 0x12] Invalid argument: Execution failed for method: forward	n0*=native_group_norm(L0,·,·,·,·,·,·,·)
MISMATCH	w111:360	out[0] non-finite mismatch (nan/inf positions differ)	n0*=log.out(L0,·)
SKIP	w111:375	executor ExecutorchRuntimeException: [ExecuTorch Error 0x14] Operator missing: Execution failed for method: forward	n0*=_fft_r2c(L0,·,·,·)
MISMATCH	w111:386	out[0] non-finite mismatch (nan/inf positions differ)	n0*=rsqrt.out(L0,·)
MISMATCH	w111:402	out[0] non-finite mismatch (nan/inf positions differ)	n0*=_softmax.out(L0,·,·,·)
MISMATCH	w111:414	out[0] non-finite mismatch (nan/inf positions differ)	n0*=mm.out(L0,L1,·)
MISMATCH	w111:419	out[0] non-finite mismatch (nan/inf positions differ)	n0*=elu.out(L0,·,·,·,·)
MISMATCH	w111:43	out[0] non-finite mismatch (nan/inf positions differ)	n0*=cos.out(L0,·)
MISMATCH	w111:438	out[0] max|delta|=9.223e+18 (rtol=0.0 atol=0.0)	n0*=bitwise_left_shift.Tensor_Scalar(L0,·)
SKIP	w111:440	executor ExecutorchInvalidArgumentException: [ExecuTorch Error 0x12] Invalid argument: Execution failed for method: forward	n0*=scatter_add.out(L0,·,L1,L2,·)
MISMATCH	w111:478	out[0] max|delta|=6.719e-01 (rtol=0.01 atol=0.001)	n0*=replication_pad3d.out(L0,·,·)
SKIP	w111:490	executor ExecutorchInvalidArgumentException: [ExecuTorch Error 0x12] Invalid argument: Execution failed for method: forward	n0*=native_group_norm(L0,·,·,·,·,·,·,·)
MISMATCH	w111:499	out[0] non-finite mismatch (nan/inf positions differ)	n0*=cos.out(L0,·)
MISMATCH	w111:514	out[0] max|delta|=2.306e+18 (rtol=0.01 atol=0.001)	n0*=bitwise_left_shift.Tensor_Scalar_out(L0,·,·)
MISMATCH	w111:517	out[0] max|delta|=6.918e+18 (rtol=0.0 atol=0.0)	n0*=bitwise_left_shift.Tensor_out(L0,L1,·)
MISMATCH	w111:524	out[0] non-finite mismatch (nan/inf positions differ)	n0*=logit.out(L0,·,·)
MISMATCH	w111:536	out[0] max|delta|=1.245e+00 (rtol=0.01 atol=0.001)	n0*=copy(L0,L1,·)
MISMATCH	w111:549	out[0] non-finite mismatch (nan/inf positions differ)	n0*=logit(L0,·)
MISMATCH	w111:550	out[0] non-finite mismatch (nan/inf positions differ)	n0*=gelu.out(L0,·,·)
MISMATCH	w111:551	out[0] max|delta|=1.047e+01 (rtol=0.01 atol=0.001)	n0*=rsub.Scalar(L0,·,·)
SKIP	w111:554	executor ExecutorchInvalidArgumentException: [ExecuTorch Error 0x12] Invalid argument: Execution failed for method: forward	n0*=reflection_pad2d(L0,·)
MISMATCH	w111:559	out[0] max|delta|=1.000e+00 (rtol=0.0 atol=0.0)	n0*=select_scatter(L0,L1,·,·)
MISMATCH	w111:567	out[0] max|delta|=7.842e-01 (rtol=0.01 atol=0.001)	n0*=atan.out(L0,·)
MISMATCH	w111:570	out[0] max|delta|=3.680e+04 (rtol=0.01 atol=0.001)	n0*=_native_batch_norm_legit.no_stats(L0,·,·,·,·,·)
SKIP	w111:572	executor ExecutorchInvalidArgumentException: [ExecuTorch Error 0x12] Invalid argument: Execution failed for method: forward	n0*=native_group_norm(L0,·,·,·,·,·,·,·)
SKIP	w111:575	executor ExecutorchInvalidArgumentException: [ExecuTorch Error 0x12] Invalid argument: Execution failed for method: forward	n0*=_pdist_forward(L0,·)
MISMATCH	w111:582	out[0] non-finite mismatch (nan/inf positions differ)	n0*=sin.out(L0,·)
MISMATCH	w111:588	out[0] non-finite mismatch (nan/inf positions differ)	n0*=log.out(L0,·)
SKIP	w111:603	executor ExecutorchRuntimeException: [ExecuTorch Error 0x14] Operator missing: Execution failed for method: forward	n0*=_fft_r2c(L0,·,·,·)
MISMATCH	w111:61	out[0] max|delta|=9.223e+18 (rtol=0.01 atol=0.001)	n0*=bitwise_left_shift.Tensor_out(L0,L1,·)
MISMATCH	w111:614	out[0] non-finite mismatch (nan/inf positions differ)	n0*=rsqrt.out(L0,·)
MISMATCH	w111:642	out[0] non-finite mismatch (nan/inf positions differ)	n0*=mm.out(L0,L1,·)
MISMATCH	w111:657	out[0] max|delta|=3.648e+00 (rtol=0.01 atol=0.001)	n0*=sub.out(L0,L1,·,·)
MISMATCH	w111:662	out[0] non-finite mismatch (nan/inf positions differ)	n0*=pow.Tensor_Tensor_out(L0,L1,·)
MISMATCH	w111:666	out[0] max|delta|=9.223e+18 (rtol=0.0 atol=0.0)	n0*=bitwise_left_shift.Tensor_Scalar(L0,·)
MISMATCH	w111:676	out[0] max|delta|=4.000e+00 (rtol=0.01 atol=0.001)	n0*=bitwise_or.Tensor_out(L0,L1,·)
MISMATCH	w111:68	out[0] non-finite mismatch (nan/inf positions differ)	n0*=logit.out(L0,·,·)
SKIP	w111:718	executor ExecutorchInvalidArgumentException: [ExecuTorch Error 0x12] Invalid argument: Execution failed for method: forward	n0*=native_group_norm(L0,·,·,·,·,·,·,·)
MISMATCH	w111:727	out[0] non-finite mismatch (nan/inf positions differ)	n0*=cos.out(L0,·)
MISMATCH	w111:742	out[0] max|delta|=2.306e+18 (rtol=0.01 atol=0.001)	n0*=bitwise_left_shift.Tensor_Scalar_out(L0,·,·)
MISMATCH	w111:744	out[0] max|delta|=2.500e+02 (rtol=0.0 atol=0.0)	n0*=bitwise_xor.Scalar_out(L0,·,·)
MISMATCH	w111:745	out[0] max|delta|=1.611e+09 (rtol=0.0 atol=0.0)	n0*=bitwise_left_shift.Tensor_out(L0,L1,·)
MISMATCH	w111:752	out[0] non-finite mismatch (nan/inf positions differ)	n0*=logit.out(L0,·,·)
MISMATCH	w111:777	out[0] non-finite mismatch (nan/inf positions differ)	n0*=logit(L0,·)
MISMATCH	w111:779	out[0] max|delta|=4.441e+00 (rtol=0.01 atol=0.001)	n0*=rsub.Scalar(L0,·,·)
MISMATCH	w111:93	out[0] non-finite mismatch (nan/inf positions differ)	n0*=logit(L0,·)
MISMATCH	w111:94	out[0] non-finite mismatch (nan/inf positions differ)	n0*=gelu.out(L0,·,·)
MISMATCH	w111:95	out[0] max|delta|=1.164e+00 (rtol=0.01 atol=0.001)	n0*=rsub.Scalar(L0,·,·)
MISMATCH	w112:0	out[0] non-finite mismatch (nan/inf positions differ)	n0*=exp.out(L0,·)
MISMATCH	w112:100	out[0] non-finite mismatch (nan/inf positions differ)	n0*=gelu.out(L0,·,·)
MISMATCH	w112:101	out[0] max|delta|=8.145e+00 (rtol=0.01 atol=0.001)	n0*=rsub.Scalar(L0,·,·)
MISMATCH	w112:109	out[0] max|delta|=1.000e+00 (rtol=0.0 atol=0.0)	n0*=select_scatter(L0,L1,·,·)
MISMATCH	w112:117	out[0] max|delta|=7.842e-01 (rtol=0.01 atol=0.001)	n0*=atan.out(L0,·)
SKIP	w112:122	executor ExecutorchInvalidArgumentException: [ExecuTorch Error 0x12] Invalid argument: Execution failed for method: forward	n0*=native_group_norm(L0,·,·,·,·,·,·,·)
SKIP	w112:125	executor ExecutorchInvalidArgumentException: [ExecuTorch Error 0x12] Invalid argument: Execution failed for method: forward	n0*=_pdist_forward(L0,·)
MISMATCH	w112:132	out[0] non-finite mismatch (nan/inf positions differ)	n0*=sin.out(L0,·)
MISMATCH	w112:138	out[0] non-finite mismatch (nan/inf positions differ)	n0*=log.out(L0,·)
SKIP	w112:153	executor ExecutorchRuntimeException: [ExecuTorch Error 0x14] Operator missing: Execution failed for method: forward	n0*=_fft_r2c(L0,·,·,·)
MISMATCH	w112:180	out[0] non-finite mismatch (nan/inf positions differ)	n0*=_softmax.out(L0,·,·,·)
SKIP	w112:182	executor IllegalArgumentException: unsupported input dtype code 24 on Android	n0*=linear.out(L0,L1,·,·)
MISMATCH	w112:192	out[0] non-finite mismatch (nan/inf positions differ)	n0*=mm.out(L0,L1,·)
MISMATCH	w112:197	out[0] non-finite mismatch (nan/inf positions differ)	n0*=elu.out(L0,·,·,·,·)
MISMATCH	w112:212	out[0] non-finite mismatch (nan/inf positions differ)	n0*=pow.Tensor_Tensor_out(L0,L1,·)
MISMATCH	w112:216	out[0] max|delta|=4.612e+18 (rtol=0.0 atol=0.0)	n0*=bitwise_left_shift.Tensor_Scalar(L0,·)
SKIP	w112:218	executor ExecutorchInvalidArgumentException: [ExecuTorch Error 0x12] Invalid argument: Execution failed for method: forward	n0*=scatter_add.out(L0,·,L1,L2,·)
MISMATCH	w112:238	out[0] max|delta|=7.000e+00 (rtol=0.01 atol=0.001)	n0*=remainder.Scalar_out(L0,·,·)
SKIP	w112:268	executor ExecutorchInvalidArgumentException: [ExecuTorch Error 0x12] Invalid argument: Execution failed for method: forward	n0*=native_group_norm(L0,·,·,·,·,·,·,·)
MISMATCH	w112:277	out[0] non-finite mismatch (nan/inf positions differ)	n0*=cos.out(L0,·)
MISMATCH	w112:282	out[0] max|delta|=1.000e+00 (rtol=0.0 atol=0.0)	n0*=roll(L0,·,·)
MISMATCH	w112:292	out[0] max|delta|=1.441e+17 (rtol=0.01 atol=0.001)	n0*=bitwise_left_shift.Tensor_Scalar_out(L0,·,·)
MISMATCH	w112:295	out[0] non-finite mismatch (nan/inf positions differ)	n0*=bitwise_left_shift.Tensor_out(L0,L1,·)
MISMATCH	w112:302	out[0] non-finite mismatch (nan/inf positions differ)	n0*=logit.out(L0,·,·)
SKIP	w112:314	executor ExecutorchRuntimeException: [ExecuTorch Error 0x1] Internal error: Execution failed for method: forward	n0*=copy(L0,L1,·)
MISMATCH	w112:327	out[0] non-finite mismatch (nan/inf positions differ)	n0*=logit(L0,·)
MISMATCH	w112:328	out[0] non-finite mismatch (nan/inf positions differ)	n0*=gelu.out(L0,·,·)
SKIP	w112:332	executor ExecutorchInvalidArgumentException: [ExecuTorch Error 0x12] Invalid argument: Execution failed for method: forward	n0*=reflection_pad2d(L0,·)
MISMATCH	w112:345	out[0] max|delta|=7.842e-01 (rtol=0.01 atol=0.001)	n0*=atan.out(L0,·)
MISMATCH	w112:348	out[0] non-finite mismatch (nan/inf positions differ)	n0*=_native_batch_norm_legit.no_stats(L0,·,·,·,·,·)
SKIP	w112:353	executor ExecutorchInvalidArgumentException: [ExecuTorch Error 0x12] Invalid argument: Execution failed for method: forward	n0*=_pdist_forward(L0,·)
MISMATCH	w112:360	out[0] non-finite mismatch (nan/inf positions differ)	n0*=sin.out(L0,·)
MISMATCH	w112:366	out[0] non-finite mismatch (nan/inf positions differ)	n0*=log.out(L0,·)
SKIP	w112:374	executor ExecutorchInvalidArgumentException: [ExecuTorch Error 0x12] Invalid argument: Execution failed for method: forward	n0*=cumsum.out(L0,·,·,·)
SKIP	w112:375	executor ExecutorchInvalidArgumentException: [ExecuTorch Error 0x12] Invalid argument: Execution failed for method: forward	n0*=reflection_pad2d.out(L0,·,·)
SKIP	w112:381	executor ExecutorchRuntimeException: [ExecuTorch Error 0x14] Operator missing: Execution failed for method: forward	n0*=_fft_r2c(L0,·,·,·)
MISMATCH	w112:392	out[0] non-finite mismatch (nan/inf positions differ)	n0*=rsqrt.out(L0,·)
SKIP	w112:40	executor ExecutorchInvalidArgumentException: [ExecuTorch Error 0x12] Invalid argument: Execution failed for method: forward	n0*=native_group_norm(L0,·,·,·,·,·,·,·)
MISMATCH	w112:423	out[0] max|delta|=2.490e+02 (rtol=0.0 atol=0.0)	n0*=bitwise_and.Scalar_out(L0,·,·)
MISMATCH	w112:424	out[0] non-finite mismatch (nan/inf positions differ)	n0*=_log_softmax.out(L0,·,·,·)
MISMATCH	w112:425	out[0] non-finite mismatch (nan/inf positions differ)	n0*=elu.out(L0,·,·,·,·)
MISMATCH	w112:435	out[0] max|delta|=1.596e+00 (rtol=0.01 atol=0.001)	n0*=sub.out(L0,L1,·,·)
MISMATCH	w112:440	out[0] non-finite mismatch (nan/inf positions differ)	n0*=pow.Tensor_Tensor_out(L0,L1,·)
MISMATCH	w112:444	out[0] max|delta|=1.153e+18 (rtol=0.0 atol=0.0)	n0*=bitwise_left_shift.Tensor_Scalar(L0,·)
SKIP	w112:446	executor ExecutorchInvalidArgumentException: [ExecuTorch Error 0x12] Invalid argument: Execution failed for method: forward	n0*=scatter_add.out(L0,·,L1,L2,·)
MISMATCH	w112:456	out[0] non-finite mismatch (nan/inf positions differ)	n0*=exp.out(L0,·)
CRASH	w112:459	executor process died (native abort)	n0*=split_with_sizes_copy(L0,·,·)
MISMATCH	w112:49	out[0] non-finite mismatch (nan/inf positions differ)	n0*=cos.out(L0,·)
SKIP	w112:496	executor ExecutorchInvalidArgumentException: [ExecuTorch Error 0x12] Invalid argument: Execution failed for method: forward	n0*=native_group_norm(L0,·,·,·,·,·,·,·)
MISMATCH	w112:514	out[0] max|delta|=3.560e+00 (rtol=0.01 atol=0.001)	n0*=index_select.out(L0,·,L1,·)
MISMATCH	w112:522	out[0] max|delta|=4.000e+00 (rtol=0.01 atol=0.001)	n0*=bitwise_xor.Scalar_out(L0,·,·)
MISMATCH	w112:523	out[0] max|delta|=6.918e+18 (rtol=0.0 atol=0.0)	n0*=bitwise_left_shift.Tensor_out(L0,L1,·)
MISMATCH	w112:530	out[0] non-finite mismatch (nan/inf positions differ)	n0*=logit.out(L0,·,·)
MISMATCH	w112:542	out[0] max|delta|=1.174e+00 (rtol=0.01 atol=0.001)	n0*=copy(L0,L1,·)
MISMATCH	w112:555	out[0] non-finite mismatch (nan/inf positions differ)	n0*=logit(L0,·)
MISMATCH	w112:556	out[0] non-finite mismatch (nan/inf positions differ)	n0*=gelu.out(L0,·,·)
MISMATCH	w112:569	out[0] max|delta|=4.000e+00 (rtol=0.0 atol=0.0)	n0*=remainder.Tensor_out(L0,L1,·)
SKIP	w112:578	executor ExecutorchInvalidArgumentException: [ExecuTorch Error 0x12] Invalid argument: Execution failed for method: forward	n0*=native_group_norm(L0,·,·,·,·,·,·,·)
SKIP	w112:581	executor ExecutorchInvalidArgumentException: [ExecuTorch Error 0x12] Invalid argument: Execution failed for method: forward	n0*=_pdist_forward(L0,·)
MISMATCH	w112:594	out[0] non-finite mismatch (nan/inf positions differ)	n0*=log.out(L0,·)
SKIP	w112:609	executor ExecutorchRuntimeException: [ExecuTorch Error 0x14] Operator missing: Execution failed for method: forward	n0*=_fft_r2c(L0,·,·,·)
MISMATCH	w112:64	out[0] max|delta|=2.882e+17 (rtol=0.01 atol=0.001)	n0*=bitwise_left_shift.Tensor_Scalar_out(L0,·,·)
MISMATCH	w112:648	out[0] non-finite mismatch (nan/inf positions differ)	n0*=mm.out(L0,L1,·)
MISMATCH	w112:651	out[0] max|delta|=2.520e+02 (rtol=0.0 atol=0.0)	n0*=bitwise_and.Scalar_out(L0,·,·)
MISMATCH	w112:653	out[0] non-finite mismatch (nan/inf positions differ)	n0*=elu.out(L0,·,·,·,·)
MISMATCH	w112:663	out[0] max|delta|=3.945e-01 (rtol=0.01 atol=0.001)	n0*=sub.out(L0,L1,·,·)
MISMATCH	w112:665	out[0] max|delta|=6.000e+00 (rtol=0.0 atol=0.0)	n0*=remainder.Scalar(L0,·)
MISMATCH	w112:668	out[0] non-finite mismatch (nan/inf positions differ)	n0*=pow.Tensor_Tensor_out(L0,L1,·)
MISMATCH	w112:67	out[0] non-finite mismatch (nan/inf positions differ)	n0*=bitwise_left_shift.Tensor_out(L0,L1,·)
MISMATCH	w112:672	out[0] max|delta|=4.323e+17 (rtol=0.0 atol=0.0)	n0*=bitwise_left_shift.Tensor_Scalar(L0,·)
MISMATCH	w112:684	out[0] non-finite mismatch (nan/inf positions differ)	n0*=exp.out(L0,·)
CRASH	w112:687	executor process died (native abort)	n0*=split_with_sizes_copy(L0,·,·)
MISMATCH	w112:712	out[0] max|delta|=1.917e+00 (rtol=0.01 atol=0.001)	n0*=replication_pad3d.out(L0,·,·)
SKIP	w112:724	executor ExecutorchInvalidArgumentException: [ExecuTorch Error 0x12] Invalid argument: Execution failed for method: forward	n0*=native_group_norm(L0,·,·,·,·,·,·,·)
MISMATCH	w112:733	out[0] non-finite mismatch (nan/inf positions differ)	n0*=cos.out(L0,·)
MISMATCH	w112:74	out[0] non-finite mismatch (nan/inf positions differ)	n0*=logit.out(L0,·,·)
MISMATCH	w112:750	out[0] max|delta|=2.540e+02 (rtol=0.01 atol=0.001)	n0*=bitwise_xor.Scalar_out(L0,·,·)
MISMATCH	w112:751	out[0] non-finite mismatch (nan/inf positions differ)	n0*=bitwise_left_shift.Tensor_out(L0,L1,·)
MISMATCH	w112:758	out[0] non-finite mismatch (nan/inf positions differ)	n0*=logit.out(L0,·,·)
SKIP	w112:770	executor ExecutorchRuntimeException: [ExecuTorch Error 0x1] Internal error: Execution failed for method: forward	n0*=copy(L0,L1,·)
MISMATCH	w112:778	out[0] max|delta|=2.530e+02 (rtol=0.0 atol=0.0)	n0*=bitwise_or.Scalar_out(L0,·,·)
MISMATCH	w112:86	out[0] max|delta|=1.722e+00 (rtol=0.01 atol=0.001)	n0*=copy(L0,L1,·)
MISMATCH	w112:99	out[0] non-finite mismatch (nan/inf positions differ)	n0*=logit(L0,·)
SKIP	w113:114	executor ExecutorchInvalidArgumentException: [ExecuTorch Error 0x12] Invalid argument: Execution failed for method: forward	n0*=native_group_norm(L0,·,·,·,·,·,·,·)
MISMATCH	w113:123	out[0] non-finite mismatch (nan/inf positions differ)	n0*=cos.out(L0,·)
MISMATCH	w113:133	out[0] max|delta|=9.736e-01 (rtol=0.01 atol=0.001)	n0*=replication_pad2d.out(L0,·,·)
MISMATCH	w113:141	out[0] max|delta|=6.918e+18 (rtol=0.0 atol=0.0)	n0*=bitwise_left_shift.Tensor_out(L0,L1,·)
MISMATCH	w113:148	out[0] non-finite mismatch (nan/inf positions differ)	n0*=logit.out(L0,·,·)
SKIP	w113:160	executor ExecutorchRuntimeException: [ExecuTorch Error 0x1] Internal error: Execution failed for method: forward	n0*=copy(L0,L1,·)
MISMATCH	w113:173	out[0] non-finite mismatch (nan/inf positions differ)	n0*=logit(L0,·)
MISMATCH	w113:174	out[0] non-finite mismatch (nan/inf positions differ)	n0*=gelu.out(L0,·,·)
MISMATCH	w113:175	out[0] max|delta|=1.200e+01 (rtol=0.01 atol=0.001)	n0*=rsub.Scalar(L0,·,·)
MISMATCH	w113:183	out[0] max|delta|=1.000e+00 (rtol=0.0 atol=0.0)	n0*=select_scatter(L0,L1,·,·)
MISMATCH	w113:191	out[0] max|delta|=7.842e-01 (rtol=0.01 atol=0.001)	n0*=atan.out(L0,·)
MISMATCH	w113:194	out[0] max|delta|=3.680e+04 (rtol=0.01 atol=0.001)	n0*=_native_batch_norm_legit.no_stats(L0,·,·,·,·,·)
SKIP	w113:196	executor ExecutorchInvalidArgumentException: [ExecuTorch Error 0x12] Invalid argument: Execution failed for method: forward	n0*=native_group_norm(L0,·,·,·,·,·,·,·)
SKIP	w113:199	executor ExecutorchInvalidArgumentException: [ExecuTorch Error 0x12] Invalid argument: Execution failed for method: forward	n0*=_pdist_forward(L0,·)
MISMATCH	w113:212	out[0] non-finite mismatch (nan/inf positions differ)	n0*=log.out(L0,·)
CRASH	w113:219	executor process died (native abort)	n0*=max_pool2d_with_indices_backward.grad_input(L0,L1,·,·,·,·,·,L2,L3)
SKIP	w113:227	executor ExecutorchRuntimeException: [ExecuTorch Error 0x14] Operator missing: Execution failed for method: forward	n0*=_fft_r2c(L0,·,·,·)
MISMATCH	w113:26	out[0] non-finite mismatch (nan/inf positions differ)	n0*=_softmax.out(L0,·,·,·)
MISMATCH	w113:266	out[0] non-finite mismatch (nan/inf positions differ)	n0*=mm.out(L0,L1,·)
MISMATCH	w113:271	out[0] non-finite mismatch (nan/inf positions differ)	n0*=elu.out(L0,·,·,·,·)
MISMATCH	w113:286	out[0] non-finite mismatch (nan/inf positions differ)	n0*=pow.Tensor_Tensor_out(L0,L1,·)
MISMATCH	w113:330	out[0] max|delta|=1.424e+00 (rtol=0.01 atol=0.001)	n0*=replication_pad3d.out(L0,·,·)
MISMATCH	w113:334	out[0] non-finite mismatch (nan/inf positions differ)	n0*=grid_sampler_2d(L0,L1,·,·,·)
SKIP	w113:342	executor ExecutorchInvalidArgumentException: [ExecuTorch Error 0x12] Invalid argument: Execution failed for method: forward	n0*=native_group_norm(L0,·,·,·,·,·,·,·)
MISMATCH	w113:366	out[0] max|delta|=5.765e+17 (rtol=0.01 atol=0.001)	n0*=bitwise_left_shift.Tensor_Scalar_out(L0,·,·)
MISMATCH	w113:369	out[0] max|delta|=6.918e+18 (rtol=0.0 atol=0.0)	n0*=bitwise_left_shift.Tensor_out(L0,L1,·)
MISMATCH	w113:376	out[0] non-finite mismatch (nan/inf positions differ)	n0*=logit.out(L0,·,·)
MISMATCH	w113:38	out[0] non-finite mismatch (nan/inf positions differ)	n0*=mm.out(L0,L1,·)
MISMATCH	w113:386	out[0] max|delta|=4.000e+00 (rtol=0.0 atol=0.0)	n0*=topk.values(L0,·,·,·,·,L1,L2)
SKIP	w113:388	executor ExecutorchRuntimeException: [ExecuTorch Error 0x1] Internal error: Execution failed for method: forward	n0*=copy(L0,L1,·)
MISMATCH	w113:401	out[0] non-finite mismatch (nan/inf positions differ)	n0*=logit(L0,·)
MISMATCH	w113:402	out[0] non-finite mismatch (nan/inf positions differ)	n0*=gelu.out(L0,·,·)
MISMATCH	w113:403	out[0] max|delta|=1.164e+00 (rtol=0.01 atol=0.001)	n0*=rsub.Scalar(L0,·,·)
MISMATCH	w113:411	out[0] max|delta|=1.000e+00 (rtol=0.0 atol=0.0)	n0*=select_scatter(L0,L1,·,·)
MISMATCH	w113:419	out[0] max|delta|=7.837e-01 (rtol=0.01 atol=0.001)	n0*=atan.out(L0,·)
MISMATCH	w113:422	out[0] max|delta|=3.510e+04 (rtol=0.01 atol=0.001)	n0*=_native_batch_norm_legit.no_stats(L0,·,·,·,·,·)
SKIP	w113:424	executor ExecutorchInvalidArgumentException: [ExecuTorch Error 0x12] Invalid argument: Execution failed for method: forward	n0*=native_group_norm(L0,·,·,·,·,·,·,·)
SKIP	w113:427	executor ExecutorchInvalidArgumentException: [ExecuTorch Error 0x12] Invalid argument: Execution failed for method: forward	n0*=_pdist_forward(L0,·)
MISMATCH	w113:43	out[0] non-finite mismatch (nan/inf positions differ)	n0*=elu.out(L0,·,·,·,·)
MISMATCH	w113:434	out[0] non-finite mismatch (nan/inf positions differ)	n0*=sin.out(L0,·)
MISMATCH	w113:440	out[0] non-finite mismatch (nan/inf positions differ)	n0*=log.out(L0,·)
MISMATCH	w113:447	out[0] max|delta|=1.306e+00 (rtol=0.01 atol=0.001)	n0*=max_pool2d_with_indices_backward.grad_input(L0,L1,·,·,·,·,·,L2,L3)
SKIP	w113:449	executor ExecutorchInvalidArgumentException: [ExecuTorch Error 0x12] Invalid argument: Execution failed for method: forward	n0*=reflection_pad2d.out(L0,·,·)
SKIP	w113:455	executor ExecutorchRuntimeException: [ExecuTorch Error 0x14] Operator missing: Execution failed for method: forward	n0*=_fft_r2c(L0,·,·,·)
MISMATCH	w113:466	out[0] non-finite mismatch (nan/inf positions differ)	n0*=rsqrt.out(L0,·)
MISMATCH	w113:494	out[0] non-finite mismatch (nan/inf positions differ)	n0*=mm.out(L0,L1,·)
MISMATCH	w113:499	out[0] non-finite mismatch (nan/inf positions differ)	n0*=elu.out(L0,·,·,·,·)
MISMATCH	w113:509	out[0] max|delta|=3.595e+00 (rtol=0.01 atol=0.001)	n0*=sub.out(L0,L1,·,·)
MISMATCH	w113:518	out[0] max|delta|=2.306e+18 (rtol=0.0 atol=0.0)	n0*=bitwise_left_shift.Tensor_Scalar(L0,·)
MISMATCH	w113:530	out[0] non-finite mismatch (nan/inf positions differ)	n0*=exp.out(L0,·)
MISMATCH	w113:55	out[0] max|delta|=3.000e+00 (rtol=0.0 atol=0.0)	n0*=remainder.Scalar(L0,·)
MISMATCH	w113:558	out[0] max|delta|=1.917e+00 (rtol=0.01 atol=0.001)	n0*=replication_pad3d.out(L0,·,·)
MISMATCH	w113:567	out[0] non-finite mismatch (nan/inf positions differ)	n0*=glu.out(L0,·,·)
SKIP	w113:570	executor ExecutorchInvalidArgumentException: [ExecuTorch Error 0x12] Invalid argument: Execution failed for method: forward	n0*=native_group_norm(L0,·,·,·,·,·,·,·)
MISMATCH	w113:58	out[0] non-finite mismatch (nan/inf positions differ)	n0*=pow.Tensor_Tensor_out(L0,L1,·)
MISMATCH	w113:597	out[0] non-finite mismatch (nan/inf positions differ)	n0*=bitwise_left_shift.Tensor_out(L0,L1,·)
MISMATCH	w113:604	out[0] non-finite mismatch (nan/inf positions differ)	n0*=logit.out(L0,·,·)
SKIP	w113:616	executor ExecutorchRuntimeException: [ExecuTorch Error 0x1] Internal error: Execution failed for method: forward	n0*=copy(L0,L1,·)
SKIP	w113:617	executor ExecutorchInvalidArgumentException: [ExecuTorch Error 0x12] Invalid argument: Execution failed for method: forward	n0*=stack(·,·)
MISMATCH	w113:629	out[0] non-finite mismatch (nan/inf positions differ)	n0*=logit(L0,·)
MISMATCH	w113:630	out[0] non-finite mismatch (nan/inf positions differ)	n0*=gelu.out(L0,·,·)
MISMATCH	w113:631	out[0] max|delta|=1.768e+01 (rtol=0.01 atol=0.001)	n0*=rsub.Scalar(L0,·,·)
MISMATCH	w113:647	out[0] max|delta|=7.842e-01 (rtol=0.01 atol=0.001)	n0*=atan.out(L0,·)
SKIP	w113:652	executor ExecutorchInvalidArgumentException: [ExecuTorch Error 0x12] Invalid argument: Execution failed for method: forward	n0*=native_group_norm(L0,·,·,·,·,·,·,·)
MISMATCH	w113:668	out[0] non-finite mismatch (nan/inf positions differ)	n0*=log.out(L0,·)
SKIP	w113:683	executor ExecutorchRuntimeException: [ExecuTorch Error 0x14] Operator missing: Execution failed for method: forward	n0*=_fft_r2c(L0,·,·,·)
MISMATCH	w113:694	out[0] non-finite mismatch (nan/inf positions differ)	n0*=rsqrt.out(L0,·)
SKIP	w113:695	executor ExecutorchRuntimeException: [ExecuTorch Error 0x1] Internal error: Execution failed for method: forward	n0*=repeat(L0,·)
MISMATCH	w113:722	out[0] non-finite mismatch (nan/inf positions differ)	n0*=mm.out(L0,L1,·)
MISMATCH	w113:737	out[0] max|delta|=9.583e+00 (rtol=0.01 atol=0.001)	n0*=sub.out(L0,L1,·,·)
MISMATCH	w113:74	out[0] non-finite mismatch (nan/inf positions differ)	n0*=exp.out(L0,·)
MISMATCH	w113:746	out[0] max|delta|=5.765e+17 (rtol=0.0 atol=0.0)	n0*=bitwise_left_shift.Tensor_Scalar(L0,·)
SKIP	w113:748	executor ExecutorchInvalidArgumentException: [ExecuTorch Error 0x12] Invalid argument: Execution failed for method: forward	n0*=scatter_add.out(L0,·,L1,L2,·)
SKIP	w113:751	executor ExecutorchInvalidArgumentException: [ExecuTorch Error 0x12] Invalid argument: Execution failed for method: forward	n0*=narrow_copy(L0,·,·,·)
SKIP	w113:754	executor ExecutorchInvalidArgumentException: [ExecuTorch Error 0x12] Invalid argument: Execution failed for method: forward	n0*=expand_copy(L0,·,·)
MISMATCH	w113:757	out[0] max|delta|=2.147e+09 (rtol=0.0 atol=0.0)	n0*=pow.Scalar_out(·,L0,·)
MISMATCH	w113:758	out[0] non-finite mismatch (nan/inf positions differ)	n0*=exp.out(L0,·)
CRASH	w113:77	executor process died (native abort)	n0*=split_with_sizes_copy(L0,·,·)
SKIP	w113:95	executor ExecutorchInvalidArgumentException: [ExecuTorch Error 0x12] Invalid argument: Execution failed for method: forward	n0*=scatter.value_out(L0,·,L1,·,·)
SKIP	w114:102	executor ExecutorchInvalidArgumentException: [ExecuTorch Error 0x12] Invalid argument: Execution failed for method: forward	n0*=convolution(L0,L1,·,·,·,·,·,·,·)
SKIP	w114:107	executor ExecutorchInvalidArgumentException: [ExecuTorch Error 0x12] Invalid argument: Execution failed for method: forward	n0*=native_group_norm(L0,·,·,·,·,·,·,·)
MISMATCH	w114:131	out[0] max|delta|=9.223e+18 (rtol=0.01 atol=0.001)	n0*=bitwise_left_shift.Tensor_Scalar_out(L0,·,·)
MISMATCH	w114:134	out[0] non-finite mismatch (nan/inf positions differ)	n0*=bitwise_left_shift.Tensor_out(L0,L1,·)
MISMATCH	w114:141	out[0] non-finite mismatch (nan/inf positions differ)	n0*=logit.out(L0,·,·)
SKIP	w114:153	executor ExecutorchRuntimeException: [ExecuTorch Error 0x1] Internal error: Execution failed for method: forward	n0*=copy(L0,L1,·)
MISMATCH	w114:166	out[0] non-finite mismatch (nan/inf positions differ)	n0*=logit(L0,·)
MISMATCH	w114:167	out[0] non-finite mismatch (nan/inf positions differ)	n0*=gelu.out(L0,·,·)
MISMATCH	w114:168	out[0] max|delta|=4.656e+00 (rtol=0.01 atol=0.001)	n0*=rsub.Scalar(L0,·,·)
MISMATCH	w114:184	out[0] max|delta|=7.837e-01 (rtol=0.01 atol=0.001)	n0*=atan.out(L0,·)
SKIP	w114:189	executor ExecutorchInvalidArgumentException: [ExecuTorch Error 0x12] Invalid argument: Execution failed for method: forward	n0*=native_group_norm(L0,·,·,·,·,·,·,·)
SKIP	w114:192	executor ExecutorchInvalidArgumentException: [ExecuTorch Error 0x12] Invalid argument: Execution failed for method: forward	n0*=_pdist_forward(L0,·)
MISMATCH	w114:199	out[0] non-finite mismatch (nan/inf positions differ)	n0*=sin.out(L0,·)
MISMATCH	w114:205	out[0] non-finite mismatch (nan/inf positions differ)	n0*=log.out(L0,·)
SKIP	w114:220	executor ExecutorchRuntimeException: [ExecuTorch Error 0x14] Operator missing: Execution failed for method: forward	n0*=_fft_r2c(L0,·,·,·)
SKIP	w114:232	executor ExecutorchRuntimeException: [ExecuTorch Error 0x1] Internal error: Execution failed for method: forward	n0*=repeat(L0,·)
SKIP	w114:249	executor IllegalArgumentException: unsupported input dtype code 24 on Android	n0*=linear.out(L0,L1,·,·)
MISMATCH	w114:259	out[0] non-finite mismatch (nan/inf positions differ)	n0*=mm.out(L0,L1,·)
MISMATCH	w114:264	out[0] non-finite mismatch (nan/inf positions differ)	n0*=elu.out(L0,·,·,·,·)
MISMATCH	w114:276	out[0] max|delta|=5.000e+00 (rtol=0.0 atol=0.0)	n0*=remainder.Scalar(L0,·)
SKIP	w114:285	executor ExecutorchInvalidArgumentException: [ExecuTorch Error 0x12] Invalid argument: Execution failed for method: forward	n0*=scatter_add.out(L0,·,L1,L2,·)
MISMATCH	w114:289	out[0] max|delta|=1.024e+03 (rtol=0.0 atol=0.0)	n0*=bitwise_right_shift.Tensor_Scalar_out(L0,·,·)
MISMATCH	w114:295	out[0] non-finite mismatch (nan/inf positions differ)	n0*=exp.out(L0,·)
MISMATCH	w114:3	out[0] non-finite mismatch (nan/inf positions differ)	n0*=rsqrt.out(L0,·)
SKIP	w114:335	executor ExecutorchInvalidArgumentException: [ExecuTorch Error 0x12] Invalid argument: Execution failed for method: forward	n0*=native_group_norm(L0,·,·,·,·,·,·,·)
MISMATCH	w114:344	out[0] non-finite mismatch (nan/inf positions differ)	n0*=cos.out(L0,·)
MISMATCH	w114:354	out[0] max|delta|=9.004e-01 (rtol=0.01 atol=0.001)	n0*=replication_pad2d.out(L0,·,·)
MISMATCH	w114:359	out[0] max|delta|=4.323e+17 (rtol=0.0 atol=0.0)	n0*=bitwise_left_shift.Tensor_Scalar_out(L0,·,·)
MISMATCH	w114:361	out[0] max|delta|=2.490e+02 (rtol=0.0 atol=0.0)	n0*=bitwise_xor.Scalar_out(L0,·,·)
MISMATCH	w114:368	out[0] max|delta|=1.000e+00 (rtol=0.0 atol=0.0)	n0*=sum.IntList_out(L0,·,·,·,·)
MISMATCH	w114:369	out[0] non-finite mismatch (nan/inf positions differ)	n0*=logit.out(L0,·,·)
MISMATCH	w114:389	out[0] max|delta|=2.530e+02 (rtol=0.0 atol=0.0)	n0*=bitwise_or.Scalar_out(L0,·,·)
MISMATCH	w114:394	out[0] non-finite mismatch (nan/inf positions differ)	n0*=logit(L0,·)
MISMATCH	w114:395	out[0] non-finite mismatch (nan/inf positions differ)	n0*=gelu.out(L0,·,·)
MISMATCH	w114:396	out[0] max|delta|=9.309e+00 (rtol=0.01 atol=0.001)	n0*=rsub.Scalar(L0,·,·)
MISMATCH	w114:408	out[0] max|delta|=4.000e+00 (rtol=0.0 atol=0.0)	n0*=remainder.Tensor_out(L0,L1,·)
SKIP	w114:417	executor ExecutorchInvalidArgumentException: [ExecuTorch Error 0x12] Invalid argument: Execution failed for method: forward	n0*=native_group_norm(L0,·,·,·,·,·,·,·)
SKIP	w114:420	executor ExecutorchInvalidArgumentException: [ExecuTorch Error 0x12] Invalid argument: Execution failed for method: forward	n0*=_pdist_forward(L0,·)
MISMATCH	w114:433	out[0] non-finite mismatch (nan/inf positions differ)	n0*=log.out(L0,·)
CRASH	w114:440	executor process died (native abort)	n0*=max_pool2d_with_indices_backward.grad_input(L0,L1,·,·,·,·,·,L2,L3)
SKIP	w114:448	executor ExecutorchRuntimeException: [ExecuTorch Error 0x14] Operator missing: Execution failed for method: forward	n0*=_fft_r2c(L0,·,·,·)
MISMATCH	w114:487	out[0] non-finite mismatch (nan/inf positions differ)	n0*=mm.out(L0,L1,·)
MISMATCH	w114:502	out[0] max|delta|=3.328e+00 (rtol=0.01 atol=0.001)	n0*=sub.out(L0,L1,·,·)
MISMATCH	w114:507	out[0] non-finite mismatch (nan/inf positions differ)	n0*=pow.Tensor_Tensor_out(L0,L1,·)
SKIP	w114:513	executor ExecutorchInvalidArgumentException: [ExecuTorch Error 0x12] Invalid argument: Execution failed for method: forward	n0*=scatter_add.out(L0,·,L1,L2,·)
MISMATCH	w114:523	out[0] non-finite mismatch (nan/inf positions differ)	n0*=exp.out(L0,·)
MISMATCH	w114:525	out[0] max|delta|=1.000e+00 (rtol=0.0 atol=0.0)	n0*=prod(L0,·)
SKIP	w114:563	executor ExecutorchInvalidArgumentException: [ExecuTorch Error 0x12] Invalid argument: Execution failed for method: forward	n0*=native_group_norm(L0,·,·,·,·,·,·,·)
MISMATCH	w114:572	out[0] non-finite mismatch (nan/inf positions differ)	n0*=cos.out(L0,·)
MISMATCH	w114:590	out[0] max|delta|=6.918e+18 (rtol=0.0 atol=0.0)	n0*=bitwise_left_shift.Tensor_out(L0,L1,·)
MISMATCH	w114:597	out[0] non-finite mismatch (nan/inf positions differ)	n0*=logit.out(L0,·,·)
SKIP	w114:609	executor ExecutorchRuntimeException: [ExecuTorch Error 0x1] Internal error: Execution failed for method: forward	n0*=copy(L0,L1,·)
MISMATCH	w114:617	out[0] max|delta|=2.530e+02 (rtol=0.0 atol=0.0)	n0*=bitwise_or.Scalar_out(L0,·,·)
MISMATCH	w114:622	out[0] non-finite mismatch (nan/inf positions differ)	n0*=logit(L0,·)
MISMATCH	w114:623	out[0] non-finite mismatch (nan/inf positions differ)	n0*=gelu.out(L0,·,·)
MISMATCH	w114:624	out[0] max|delta|=3.490e+00 (rtol=0.01 atol=0.001)	n0*=rsub.Scalar(L0,·,·)
MISMATCH	w114:636	out[0] max|delta|=4.000e+00 (rtol=0.0 atol=0.0)	n0*=remainder.Tensor_out(L0,L1,·)
MISMATCH	w114:643	out[0] max|delta|=3.680e+04 (rtol=0.01 atol=0.001)	n0*=_native_batch_norm_legit.no_stats(L0,·,·,·,·,·)
MISMATCH	w114:645	out[0] non-finite mismatch (nan/inf positions differ)	n0*=native_group_norm(L0,·,·,·,·,·,·,·)
MISMATCH	w114:655	out[0] non-finite mismatch (nan/inf positions differ)	n0*=sin.out(L0,·)
MISMATCH	w114:661	out[0] non-finite mismatch (nan/inf positions differ)	n0*=log.out(L0,·)
MISMATCH	w114:67	out[0] non-finite mismatch (nan/inf positions differ)	n0*=exp.out(L0,·)
SKIP	w114:670	executor ExecutorchInvalidArgumentException: [ExecuTorch Error 0x12] Invalid argument: Execution failed for method: forward	n0*=reflection_pad2d.out(L0,·,·)
SKIP	w114:676	executor ExecutorchRuntimeException: [ExecuTorch Error 0x14] Operator missing: Execution failed for method: forward	n0*=_fft_r2c(L0,·,·,·)
MISMATCH	w114:687	out[0] non-finite mismatch (nan/inf positions differ)	n0*=rsqrt.out(L0,·)
SKIP	w114:688	executor ExecutorchRuntimeException: [ExecuTorch Error 0x1] Internal error: Execution failed for method: forward	n0*=repeat(L0,·)
MISMATCH	w114:720	out[0] non-finite mismatch (nan/inf positions differ)	n0*=elu.out(L0,·,·,·,·)
MISMATCH	w114:730	out[0] max|delta|=3.737e+00 (rtol=0.01 atol=0.001)	n0*=sub.out(L0,L1,·,·)
SKIP	w114:741	executor ExecutorchInvalidArgumentException: [ExecuTorch Error 0x12] Invalid argument: Execution failed for method: forward	n0*=scatter_add.out(L0,·,L1,L2,·)
MISMATCH	w114:751	out[0] non-finite mismatch (nan/inf positions differ)	n0*=exp.out(L0,·)
SKIP	w114:772	executor ExecutorchInvalidArgumentException: [ExecuTorch Error 0x12] Invalid argument: Execution failed for method: forward	n0*=scatter.value_out(L0,·,L1,·,·)
MISMATCH	w114:779	out[0] max|delta|=6.260e-01 (rtol=0.01 atol=0.001)	n0*=replication_pad3d.out(L0,·,·)
MISMATCH	w114:99	out[0] non-finite mismatch (nan/inf positions differ)	n0*=grid_sampler_2d(L0,L1,·,·,·)
MISMATCH	w115:105	out[0] non-finite mismatch (nan/inf positions differ)	n0*=mm.out(L0,L1,·)
MISMATCH	w115:110	out[0] non-finite mismatch (nan/inf positions differ)	n0*=elu.out(L0,·,·,·,·)
MISMATCH	w115:12	out[0] non-finite mismatch (nan/inf positions differ)	n0*=logit(L0,·)
MISMATCH	w115:122	out[0] max|delta|=4.000e+00 (rtol=0.0 atol=0.0)	n0*=remainder.Scalar(L0,·)
MISMATCH	w115:125	out[0] non-finite mismatch (nan/inf positions differ)	n0*=pow.Tensor_Tensor_out(L0,L1,·)
MISMATCH	w115:129	out[0] max|delta|=2.882e+17 (rtol=0.0 atol=0.0)	n0*=bitwise_left_shift.Tensor_Scalar(L0,·)
MISMATCH	w115:13	out[0] non-finite mismatch (nan/inf positions differ)	n0*=gelu.out(L0,·,·)
SKIP	w115:131	executor ExecutorchInvalidArgumentException: [ExecuTorch Error 0x12] Invalid argument: Execution failed for method: forward	n0*=scatter_add.out(L0,·,L1,L2,·)
MISMATCH	w115:14	out[0] max|delta|=1.263e+01 (rtol=0.01 atol=0.001)	n0*=rsub.Scalar(L0,·,·)
MISMATCH	w115:143	out[0] max|delta|=2.550e+02 (rtol=0.0 atol=0.0)	n0*=prod(L0,·)
MISMATCH	w115:173	out[0] non-finite mismatch (nan/inf positions differ)	n0*=grid_sampler_2d(L0,L1,·,·,·)
SKIP	w115:181	executor ExecutorchInvalidArgumentException: [ExecuTorch Error 0x12] Invalid argument: Execution failed for method: forward	n0*=native_group_norm(L0,·,·,·,·,·,·,·)
MISMATCH	w115:205	out[0] max|delta|=2.306e+18 (rtol=0.01 atol=0.001)	n0*=bitwise_left_shift.Tensor_Scalar_out(L0,·,·)
MISMATCH	w115:207	out[0] max|delta|=2.480e+02 (rtol=0.0 atol=0.0)	n0*=bitwise_xor.Scalar_out(L0,·,·)
MISMATCH	w115:208	out[0] max|delta|=1.611e+09 (rtol=0.0 atol=0.0)	n0*=bitwise_left_shift.Tensor_out(L0,L1,·)
MISMATCH	w115:215	out[0] non-finite mismatch (nan/inf positions differ)	n0*=logit.out(L0,·,·)
MISMATCH	w115:240	out[0] non-finite mismatch (nan/inf positions differ)	n0*=logit(L0,·)
MISMATCH	w115:241	out[0] non-finite mismatch (nan/inf positions differ)	n0*=gelu.out(L0,·,·)
MISMATCH	w115:242	out[0] max|delta|=5.054e+00 (rtol=0.01 atol=0.001)	n0*=rsub.Scalar(L0,·,·)
SKIP	w115:245	executor ExecutorchInvalidArgumentException: [ExecuTorch Error 0x12] Invalid argument: Execution failed for method: forward	n0*=reflection_pad2d(L0,·)
MISMATCH	w115:261	out[0] max|delta|=3.999e-01 (rtol=0.01 atol=0.001)	n0*=_native_batch_norm_legit.no_stats(L0,·,·,·,·,·)
SKIP	w115:263	executor ExecutorchInvalidArgumentException: [ExecuTorch Error 0x12] Invalid argument: Execution failed for method: forward	n0*=native_group_norm(L0,·,·,·,·,·,·,·)
SKIP	w115:294	executor ExecutorchRuntimeException: [ExecuTorch Error 0x14] Operator missing: Execution failed for method: forward	n0*=_fft_r2c(L0,·,·,·)
MISMATCH	w115:30	out[0] max|delta|=7.837e-01 (rtol=0.01 atol=0.001)	n0*=atan.out(L0,·)
MISMATCH	w115:305	out[0] non-finite mismatch (nan/inf positions differ)	n0*=rsqrt.out(L0,·)
MISMATCH	w115:33	out[0] max|delta|=3.680e+04 (rtol=0.01 atol=0.001)	n0*=_native_batch_norm_legit.no_stats(L0,·,·,·,·,·)
MISMATCH	w115:333	out[0] non-finite mismatch (nan/inf positions differ)	n0*=mm.out(L0,L1,·)
MISMATCH	w115:337	out[0] non-finite mismatch (nan/inf positions differ)	n0*=_log_softmax.out(L0,·,·,·)
MISMATCH	w115:338	out[0] non-finite mismatch (nan/inf positions differ)	n0*=elu.out(L0,·,·,·,·)
SKIP	w115:35	executor ExecutorchInvalidArgumentException: [ExecuTorch Error 0x12] Invalid argument: Execution failed for method: forward	n0*=native_group_norm(L0,·,·,·,·,·,·,·)
MISMATCH	w115:350	out[0] max|delta|=5.000e+00 (rtol=0.0 atol=0.0)	n0*=remainder.Scalar(L0,·)
MISMATCH	w115:353	out[0] non-finite mismatch (nan/inf positions differ)	n0*=pow.Tensor_Tensor_out(L0,L1,·)
MISMATCH	w115:354	out[0] max|delta|=3.000e+00 (rtol=0.01 atol=0.001)	n0*=max.unary_out(L0,·)
MISMATCH	w115:375	out[0] non-finite mismatch (nan/inf positions differ)	n0*=native_layer_norm(L0,·,·,·,·)
SKIP	w115:38	executor ExecutorchInvalidArgumentException: [ExecuTorch Error 0x12] Invalid argument: Execution failed for method: forward	n0*=_pdist_forward(L0,·)
MISMATCH	w115:397	out[0] max|delta|=9.985e-01 (rtol=0.01 atol=0.001)	n0*=replication_pad3d.out(L0,·,·)
MISMATCH	w115:401	out[0] non-finite mismatch (nan/inf positions differ)	n0*=grid_sampler_2d(L0,L1,·,·,·)
SKIP	w115:409	executor ExecutorchInvalidArgumentException: [ExecuTorch Error 0x12] Invalid argument: Execution failed for method: forward	n0*=native_group_norm(L0,·,·,·,·,·,·,·)
MISMATCH	w115:418	out[0] non-finite mismatch (nan/inf positions differ)	n0*=cos.out(L0,·)
MISMATCH	w115:42	out[0] max|delta|=2.550e+02 (rtol=0.0 atol=0.0)	n0*=bitwise_right_shift.Tensor_out(L0,L1,·)
MISMATCH	w115:433	out[0] max|delta|=7.206e+16 (rtol=0.01 atol=0.001)	n0*=bitwise_left_shift.Tensor_Scalar_out(L0,·,·)
MISMATCH	w115:436	out[0] max|delta|=6.918e+18 (rtol=0.0 atol=0.0)	n0*=bitwise_left_shift.Tensor_out(L0,L1,·)
MISMATCH	w115:443	out[0] non-finite mismatch (nan/inf positions differ)	n0*=logit.out(L0,·,·)
MISMATCH	w115:45	out[0] non-finite mismatch (nan/inf positions differ)	n0*=sin.out(L0,·)
MISMATCH	w115:455	out[0] max|delta|=1.644e+00 (rtol=0.01 atol=0.001)	n0*=copy(L0,L1,·)
MISMATCH	w115:463	out[0] max|delta|=2.530e+02 (rtol=0.0 atol=0.0)	n0*=bitwise_or.Scalar_out(L0,·,·)
MISMATCH	w115:468	out[0] non-finite mismatch (nan/inf positions differ)	n0*=logit(L0,·)
MISMATCH	w115:469	out[0] non-finite mismatch (nan/inf positions differ)	n0*=gelu.out(L0,·,·)
MISMATCH	w115:486	out[0] max|delta|=7.837e-01 (rtol=0.01 atol=0.001)	n0*=atan.out(L0,·)
SKIP	w115:491	executor ExecutorchInvalidArgumentException: [ExecuTorch Error 0x12] Invalid argument: Execution failed for method: forward	n0*=native_group_norm(L0,·,·,·,·,·,·,·)
SKIP	w115:494	executor ExecutorchInvalidArgumentException: [ExecuTorch Error 0x12] Invalid argument: Execution failed for method: forward	n0*=_pdist_forward(L0,·)
MISMATCH	w115:507	out[0] non-finite mismatch (nan/inf positions differ)	n0*=log.out(L0,·)
MISMATCH	w115:51	out[0] non-finite mismatch (nan/inf positions differ)	n0*=log.out(L0,·)
SKIP	w115:522	executor ExecutorchRuntimeException: [ExecuTorch Error 0x14] Operator missing: Execution failed for method: forward	n0*=_fft_r2c(L0,·,·,·)
MISMATCH	w115:533	out[0] non-finite mismatch (nan/inf positions differ)	n0*=rsqrt.out(L0,·)
SKIP	w115:534	executor ExecutorchRuntimeException: [ExecuTorch Error 0x1] Internal error: Execution failed for method: forward	n0*=repeat(L0,·)
MISMATCH	w115:561	out[0] non-finite mismatch (nan/inf positions differ)	n0*=mm.out(L0,L1,·)
MISMATCH	w115:578	out[0] max|delta|=3.000e+00 (rtol=0.0 atol=0.0)	n0*=remainder.Scalar(L0,·)
MISMATCH	w115:581	out[0] non-finite mismatch (nan/inf positions differ)	n0*=pow.Tensor_Tensor_out(L0,L1,·)
MISMATCH	w115:597	out[0] non-finite mismatch (nan/inf positions differ)	n0*=exp.out(L0,·)
MISMATCH	w115:599	out[0] max|delta|=1.000e+00 (rtol=0.0 atol=0.0)	n0*=prod(L0,·)
SKIP	w115:60	executor ExecutorchInvalidArgumentException: [ExecuTorch Error 0x12] Invalid argument: Execution failed for method: forward	n0*=reflection_pad2d.out(L0,·,·)
CRASH	w115:600	executor process died (native abort)	n0*=split_with_sizes_copy(L0,·,·)
MISMATCH	w115:625	out[0] non-finite mismatch (nan/inf positions differ)	n0*=replication_pad3d.out(L0,·,·)
SKIP	w115:637	executor ExecutorchInvalidArgumentException: [ExecuTorch Error 0x12] Invalid argument: Execution failed for method: forward	n0*=native_group_norm(L0,·,·,·,·,·,·,·)
SKIP	w115:66	executor ExecutorchRuntimeException: [ExecuTorch Error 0x14] Operator missing: Execution failed for method: forward	n0*=_fft_r2c(L0,·,·,·)
MISMATCH	w115:661	out[0] max|delta|=2.306e+18 (rtol=0.01 atol=0.001)	n0*=bitwise_left_shift.Tensor_Scalar_out(L0,·,·)
MISMATCH	w115:664	out[0] max|delta|=6.918e+18 (rtol=0.0 atol=0.0)	n0*=bitwise_left_shift.Tensor_out(L0,L1,·)
MISMATCH	w115:671	out[0] non-finite mismatch (nan/inf positions differ)	n0*=logit.out(L0,·,·)
SKIP	w115:683	executor ExecutorchRuntimeException: [ExecuTorch Error 0x1] Internal error: Execution failed for method: forward	n0*=copy(L0,L1,·)
MISMATCH	w115:696	out[0] non-finite mismatch (nan/inf positions differ)	n0*=logit(L0,·)
MISMATCH	w115:697	out[0] non-finite mismatch (nan/inf positions differ)	n0*=gelu.out(L0,·,·)
MISMATCH	w115:698	out[0] non-finite mismatch (nan/inf positions differ)	n0*=rsub.Scalar(L0,·,·)
MISMATCH	w115:710	out[0] max|delta|=4.000e+00 (rtol=0.0 atol=0.0)	n0*=remainder.Tensor_out(L0,L1,·)
MISMATCH	w115:714	out[0] max|delta|=7.837e-01 (rtol=0.01 atol=0.001)	n0*=atan.out(L0,·)
MISMATCH	w115:717	out[0] max|delta|=3.680e+04 (rtol=0.01 atol=0.001)	n0*=_native_batch_norm_legit.no_stats(L0,·,·,·,·,·)
SKIP	w115:719	executor ExecutorchInvalidArgumentException: [ExecuTorch Error 0x12] Invalid argument: Execution failed for method: forward	n0*=native_group_norm(L0,·,·,·,·,·,·,·)
SKIP	w115:722	executor ExecutorchInvalidArgumentException: [ExecuTorch Error 0x12] Invalid argument: Execution failed for method: forward	n0*=_pdist_forward(L0,·)
MISMATCH	w115:729	out[0] non-finite mismatch (nan/inf positions differ)	n0*=sin.out(L0,·)
MISMATCH	w115:735	out[0] non-finite mismatch (nan/inf positions differ)	n0*=log.out(L0,·)
SKIP	w115:744	executor ExecutorchInvalidArgumentException: [ExecuTorch Error 0x12] Invalid argument: Execution failed for method: forward	n0*=reflection_pad2d.out(L0,·,·)
SKIP	w115:750	executor ExecutorchRuntimeException: [ExecuTorch Error 0x14] Operator missing: Execution failed for method: forward	n0*=_fft_r2c(L0,·,·,·)
MISMATCH	w115:77	out[0] non-finite mismatch (nan/inf positions differ)	n0*=rsqrt.out(L0,·)
MISMATCH	w115:90	out[0] max|delta|=3.200e+01 (rtol=0.0 atol=0.0)	n0*=bitwise_right_shift.Tensor_Scalar(L0,·)
SKIP	w115:95	executor IllegalArgumentException: unsupported input dtype code 24 on Android	n0*=linear.out(L0,L1,·,·)
MISMATCH	w116:107	out[0] max|delta|=1.153e+18 (rtol=0.01 atol=0.001)	n0*=bitwise_left_shift.Tensor_Scalar_out(L0,·,·)
MISMATCH	w116:110	out[0] non-finite mismatch (nan/inf positions differ)	n0*=bitwise_left_shift.Tensor_out(L0,L1,·)
MISMATCH	w116:117	out[0] non-finite mismatch (nan/inf positions differ)	n0*=logit.out(L0,·,·)
MISMATCH	w116:12	out[0] non-finite mismatch (nan/inf positions differ)	n0*=elu.out(L0,·,·,·,·)
SKIP	w116:129	executor ExecutorchRuntimeException: [ExecuTorch Error 0x1] Internal error: Execution failed for method: forward	n0*=copy(L0,L1,·)
MISMATCH	w116:14	out[0] non-finite mismatch (nan/inf positions differ)	n0*=addmm.out(L0,L1,L2,·,·,·)
MISMATCH	w116:142	out[0] non-finite mismatch (nan/inf positions differ)	n0*=logit(L0,·)
MISMATCH	w116:143	out[0] non-finite mismatch (nan/inf positions differ)	n0*=gelu.out(L0,·,·)
MISMATCH	w116:144	out[0] max|delta|=1.600e+01 (rtol=0.01 atol=0.001)	n0*=rsub.Scalar(L0,·,·)
SKIP	w116:147	executor ExecutorchInvalidArgumentException: [ExecuTorch Error 0x12] Invalid argument: Execution failed for method: forward	n0*=reflection_pad2d(L0,·)
MISMATCH	w116:160	out[0] max|delta|=7.842e-01 (rtol=0.01 atol=0.001)	n0*=atan.out(L0,·)
MISMATCH	w116:163	out[0] max|delta|=3.680e+04 (rtol=0.01 atol=0.001)	n0*=_native_batch_norm_legit.no_stats(L0,·,·,·,·,·)
SKIP	w116:165	executor ExecutorchInvalidArgumentException: [ExecuTorch Error 0x12] Invalid argument: Execution failed for method: forward	n0*=native_group_norm(L0,·,·,·,·,·,·,·)
SKIP	w116:168	executor ExecutorchInvalidArgumentException: [ExecuTorch Error 0x12] Invalid argument: Execution failed for method: forward	n0*=_pdist_forward(L0,·)
MISMATCH	w116:175	out[0] non-finite mismatch (nan/inf positions differ)	n0*=sin.out(L0,·)
MISMATCH	w116:181	out[0] non-finite mismatch (nan/inf positions differ)	n0*=log.out(L0,·)
SKIP	w116:196	executor ExecutorchRuntimeException: [ExecuTorch Error 0x14] Operator missing: Execution failed for method: forward	n0*=_fft_r2c(L0,·,·,·)
MISMATCH	w116:235	out[0] non-finite mismatch (nan/inf positions differ)	n0*=mm.out(L0,L1,·)
MISMATCH	w116:255	out[0] non-finite mismatch (nan/inf positions differ)	n0*=pow.Tensor_Tensor_out(L0,L1,·)
MISMATCH	w116:27	out[0] non-finite mismatch (nan/inf positions differ)	n0*=pow.Tensor_Tensor_out(L0,L1,·)
MISMATCH	w116:271	out[0] non-finite mismatch (nan/inf positions differ)	n0*=exp.out(L0,·)
SKIP	w116:311	executor ExecutorchInvalidArgumentException: [ExecuTorch Error 0x12] Invalid argument: Execution failed for method: forward	n0*=native_group_norm(L0,·,·,·,·,·,·,·)
MISMATCH	w116:320	out[0] non-finite mismatch (nan/inf positions differ)	n0*=cos.out(L0,·)
MISMATCH	w116:330	out[0] max|delta|=4.824e-01 (rtol=0.01 atol=0.001)	n0*=replication_pad2d.out(L0,·,·)
MISMATCH	w116:338	out[0] max|delta|=9.223e+18 (rtol=0.01 atol=0.001)	n0*=bitwise_left_shift.Tensor_out(L0,L1,·)
MISMATCH	w116:339	out[0] max|delta|=7.500e-01 (rtol=0.01 atol=0.001)	n0*=div.out_mode(L0,L1,·,·)
MISMATCH	w116:345	out[0] non-finite mismatch (nan/inf positions differ)	n0*=logit.out(L0,·,·)
MISMATCH	w116:357	out[0] max|delta|=1.000e+00 (rtol=0.0 atol=0.0)	n0*=copy(L0,L1,·)
SKIP	w116:358	executor ExecutorchInvalidArgumentException: [ExecuTorch Error 0x12] Invalid argument: Execution failed for method: forward	n0*=stack(·,·)
MISMATCH	w116:370	out[0] non-finite mismatch (nan/inf positions differ)	n0*=logit(L0,·)
MISMATCH	w116:371	out[0] non-finite mismatch (nan/inf positions differ)	n0*=gelu.out(L0,·,·)
MISMATCH	w116:372	out[0] max|delta|=1.542e+01 (rtol=0.01 atol=0.001)	n0*=rsub.Scalar(L0,·,·)
MISMATCH	w116:384	out[0] max|delta|=4.000e+00 (rtol=0.01 atol=0.001)	n0*=remainder.Tensor_out(L0,L1,·)
SKIP	w116:39	executor ExecutorchInvalidArgumentException: [ExecuTorch Error 0x12] Invalid argument: Execution failed for method: forward	n0*=expand_copy(L0,·,·)
MISMATCH	w116:391	out[0] max|delta|=3.680e+04 (rtol=0.01 atol=0.001)	n0*=_native_batch_norm_legit.no_stats(L0,·,·,·,·,·)
SKIP	w116:393	executor ExecutorchInvalidArgumentException: [ExecuTorch Error 0x12] Invalid argument: Execution failed for method: forward	n0*=native_group_norm(L0,·,·,·,·,·,·,·)
SKIP	w116:396	executor ExecutorchInvalidArgumentException: [ExecuTorch Error 0x12] Invalid argument: Execution failed for method: forward	n0*=_pdist_forward(L0,·)
MISMATCH	w116:400	out[0] max|delta|=3.000e+00 (rtol=0.01 atol=0.001)	n0*=bitwise_right_shift.Tensor_out(L0,L1,·)
MISMATCH	w116:403	out[0] non-finite mismatch (nan/inf positions differ)	n0*=sin.out(L0,·)
SKIP	w116:418	executor ExecutorchInvalidArgumentException: [ExecuTorch Error 0x12] Invalid argument: Execution failed for method: forward	n0*=reflection_pad2d.out(L0,·,·)
SKIP	w116:424	executor ExecutorchRuntimeException: [ExecuTorch Error 0x14] Operator missing: Execution failed for method: forward	n0*=_fft_r2c(L0,·,·,·)
MISMATCH	w116:435	out[0] non-finite mismatch (nan/inf positions differ)	n0*=rsqrt.out(L0,·)
MISMATCH	w116:463	out[0] non-finite mismatch (nan/inf positions differ)	n0*=mm.out(L0,L1,·)
MISMATCH	w116:467	out[0] non-finite mismatch (nan/inf positions differ)	n0*=_log_softmax.out(L0,·,·,·)
MISMATCH	w116:468	out[0] non-finite mismatch (nan/inf positions differ)	n0*=elu.out(L0,·,·,·,·)
MISMATCH	w116:480	out[0] max|delta|=6.000e+00 (rtol=0.0 atol=0.0)	n0*=remainder.Scalar(L0,·)
MISMATCH	w116:487	out[0] max|delta|=2.684e+08 (rtol=0.0 atol=0.0)	n0*=bitwise_left_shift.Tensor_Scalar(L0,·)
SKIP	w116:495	executor ExecutorchInvalidArgumentException: [ExecuTorch Error 0x12] Invalid argument: Execution failed for method: forward	n0*=expand_copy(L0,·,·)
MISMATCH	w116:497	out[0] max|delta|=4.000e+00 (rtol=0.01 atol=0.001)	n0*=bitwise_or.Tensor_out(L0,L1,·)
MISMATCH	w116:499	out[0] non-finite mismatch (nan/inf positions differ)	n0*=exp.out(L0,·)
SKIP	w116:539	executor ExecutorchInvalidArgumentException: [ExecuTorch Error 0x12] Invalid argument: Execution failed for method: forward	n0*=native_group_norm(L0,·,·,·,·,·,·,·)
MISMATCH	w116:548	out[0] non-finite mismatch (nan/inf positions differ)	n0*=cos.out(L0,·)
MISMATCH	w116:558	out[0] max|delta|=1.090e+00 (rtol=0.01 atol=0.001)	n0*=replication_pad2d.out(L0,·,·)
MISMATCH	w116:566	out[0] non-finite mismatch (nan/inf positions differ)	n0*=bitwise_left_shift.Tensor_out(L0,L1,·)
MISMATCH	w116:573	out[0] non-finite mismatch (nan/inf positions differ)	n0*=logit.out(L0,·,·)
SKIP	w116:585	executor ExecutorchInvalidArgumentException: [ExecuTorch Error 0x12] Invalid argument: Execution failed for method: forward	n0*=copy(L0,L1,·)
MISMATCH	w116:593	out[0] max|delta|=2.550e+02 (rtol=0.0 atol=0.0)	n0*=bitwise_or.Scalar_out(L0,·,·)
MISMATCH	w116:598	out[0] non-finite mismatch (nan/inf positions differ)	n0*=logit(L0,·)
MISMATCH	w116:599	out[0] non-finite mismatch (nan/inf positions differ)	n0*=gelu.out(L0,·,·)
MISMATCH	w116:619	out[0] max|delta|=3.999e-01 (rtol=0.01 atol=0.001)	n0*=_native_batch_norm_legit.no_stats(L0,·,·,·,·,·)
SKIP	w116:621	executor ExecutorchInvalidArgumentException: [ExecuTorch Error 0x12] Invalid argument: Execution failed for method: forward	n0*=native_group_norm(L0,·,·,·,·,·,·,·)
SKIP	w116:624	executor ExecutorchInvalidArgumentException: [ExecuTorch Error 0x12] Invalid argument: Execution failed for method: forward	n0*=_pdist_forward(L0,·)
MISMATCH	w116:637	out[0] non-finite mismatch (nan/inf positions differ)	n0*=log.out(L0,·)
SKIP	w116:652	executor ExecutorchRuntimeException: [ExecuTorch Error 0x14] Operator missing: Execution failed for method: forward	n0*=_fft_r2c(L0,·,·,·)
SKIP	w116:659	executor ExecutorchRuntimeException: [ExecuTorch Error 0x1] Internal error: Execution failed for method: forward	n0*=mean.out(L0,·,·,·,·)
MISMATCH	w116:691	out[0] non-finite mismatch (nan/inf positions differ)	n0*=mm.out(L0,L1,·)
MISMATCH	w116:7	out[0] non-finite mismatch (nan/inf positions differ)	n0*=mm.out(L0,L1,·)
MISMATCH	w116:706	out[0] max|delta|=8.810e+00 (rtol=0.01 atol=0.001)	n0*=sub.out(L0,L1,·,·)
MISMATCH	w116:71	out[0] max|delta|=6.260e-01 (rtol=0.01 atol=0.001)	n0*=replication_pad3d.out(L0,·,·)
MISMATCH	w116:711	out[0] non-finite mismatch (nan/inf positions differ)	n0*=pow.Tensor_Tensor_out(L0,L1,·)
MISMATCH	w116:715	out[0] max|delta|=1.074e+09 (rtol=0.0 atol=0.0)	n0*=bitwise_left_shift.Tensor_Scalar(L0,·)
MISMATCH	w116:727	out[0] non-finite mismatch (nan/inf positions differ)	n0*=exp.out(L0,·)
MISMATCH	w116:729	out[0] max|delta|=2.550e+02 (rtol=0.0 atol=0.0)	n0*=prod(L0,·)
MISMATCH	w116:755	out[0] max|delta|=9.736e-01 (rtol=0.01 atol=0.001)	n0*=replication_pad3d.out(L0,·,·)
SKIP	w116:767	executor ExecutorchInvalidArgumentException: [ExecuTorch Error 0x12] Invalid argument: Execution failed for method: forward	n0*=native_group_norm(L0,·,·,·,·,·,·,·)
MISMATCH	w116:776	out[0] non-finite mismatch (nan/inf positions differ)	n0*=cos.out(L0,·)
SKIP	w116:83	executor ExecutorchInvalidArgumentException: [ExecuTorch Error 0x12] Invalid argument: Execution failed for method: forward	n0*=native_group_norm(L0,·,·,·,·,·,·,·)
MISMATCH	w116:92	out[0] non-finite mismatch (nan/inf positions differ)	n0*=cos.out(L0,·)
MISMATCH	w117:0	out[0] non-finite mismatch (nan/inf positions differ)	n0*=bitwise_left_shift.Tensor_out(L0,L1,·)
MISMATCH	w117:125	out[0] non-finite mismatch (nan/inf positions differ)	n0*=mm.out(L0,L1,·)
MISMATCH	w117:145	out[0] non-finite mismatch (nan/inf positions differ)	n0*=pow.Tensor_Tensor_out(L0,L1,·)
MISMATCH	w117:161	out[0] non-finite mismatch (nan/inf positions differ)	n0*=exp.out(L0,·)
CRASH	w117:164	executor process died (native abort)	n0*=split_with_sizes_copy(L0,·,·)
MISMATCH	w117:189	out[0] max|delta|=1.164e+00 (rtol=0.01 atol=0.001)	n0*=replication_pad3d.out(L0,·,·)
SKIP	w117:19	executor ExecutorchRuntimeException: [ExecuTorch Error 0x1] Internal error: Execution failed for method: forward	n0*=copy(L0,L1,·)
SKIP	w117:196	executor ExecutorchInvalidArgumentException: [ExecuTorch Error 0x12] Invalid argument: Execution failed for method: forward	n0*=convolution(L0,L1,·,·,·,·,·,·,·)
SKIP	w117:201	executor ExecutorchInvalidArgumentException: [ExecuTorch Error 0x12] Invalid argument: Execution failed for method: forward	n0*=native_group_norm(L0,·,·,·,·,·,·,·)
MISMATCH	w117:210	out[0] non-finite mismatch (nan/inf positions differ)	n0*=cos.out(L0,·)
MISMATCH	w117:220	out[0] max|delta|=2.527e+00 (rtol=0.01 atol=0.001)	n0*=replication_pad2d.out(L0,·,·)
MISMATCH	w117:228	out[0] max|delta|=6.918e+18 (rtol=0.0 atol=0.0)	n0*=bitwise_left_shift.Tensor_out(L0,L1,·)
MISMATCH	w117:235	out[0] non-finite mismatch (nan/inf positions differ)	n0*=logit.out(L0,·,·)
MISMATCH	w117:247	out[0] max|delta|=1.514e+00 (rtol=0.01 atol=0.001)	n0*=copy(L0,L1,·)
MISMATCH	w117:260	out[0] non-finite mismatch (nan/inf positions differ)	n0*=logit(L0,·)
MISMATCH	w117:261	out[0] non-finite mismatch (nan/inf positions differ)	n0*=gelu.out(L0,·,·)
MISMATCH	w117:262	out[0] max|delta|=1.200e+01 (rtol=0.01 atol=0.001)	n0*=rsub.Scalar(L0,·,·)
SKIP	w117:265	executor ExecutorchInvalidArgumentException: [ExecuTorch Error 0x12] Invalid argument: Execution failed for method: forward	n0*=reflection_pad2d(L0,·)
MISMATCH	w117:278	out[0] max|delta|=7.842e-01 (rtol=0.01 atol=0.001)	n0*=atan.out(L0,·)
SKIP	w117:283	executor ExecutorchInvalidArgumentException: [ExecuTorch Error 0x12] Invalid argument: Execution failed for method: forward	n0*=native_group_norm(L0,·,·,·,·,·,·,·)
SKIP	w117:286	executor ExecutorchInvalidArgumentException: [ExecuTorch Error 0x12] Invalid argument: Execution failed for method: forward	n0*=_pdist_forward(L0,·)
MISMATCH	w117:293	out[0] non-finite mismatch (nan/inf positions differ)	n0*=sin.out(L0,·)
SKIP	w117:314	executor ExecutorchRuntimeException: [ExecuTorch Error 0x14] Operator missing: Execution failed for method: forward	n0*=_fft_r2c(L0,·,·,·)
MISMATCH	w117:32	out[0] non-finite mismatch (nan/inf positions differ)	n0*=logit(L0,·)
MISMATCH	w117:325	out[0] non-finite mismatch (nan/inf positions differ)	n0*=rsqrt.out(L0,·)
MISMATCH	w117:33	out[0] non-finite mismatch (nan/inf positions differ)	n0*=gelu.out(L0,·,·)
MISMATCH	w117:34	out[0] max|delta|=7.580e+00 (rtol=0.01 atol=0.001)	n0*=rsub.Scalar(L0,·,·)
MISMATCH	w117:353	out[0] non-finite mismatch (nan/inf positions differ)	n0*=mm.out(L0,L1,·)
MISMATCH	w117:357	out[0] non-finite mismatch (nan/inf positions differ)	n0*=_log_softmax.out(L0,·,·,·)
MISMATCH	w117:368	out[0] max|delta|=1.205e+01 (rtol=0.01 atol=0.001)	n0*=sub.out(L0,L1,·,·)
MISMATCH	w117:370	out[0] max|delta|=7.000e+00 (rtol=0.0 atol=0.0)	n0*=remainder.Scalar(L0,·)
MISMATCH	w117:373	out[0] non-finite mismatch (nan/inf positions differ)	n0*=pow.Tensor_Tensor_out(L0,L1,·)
MISMATCH	w117:377	out[0] max|delta|=1.441e+17 (rtol=0.0 atol=0.0)	n0*=bitwise_left_shift.Tensor_Scalar(L0,·)
MISMATCH	w117:389	out[0] non-finite mismatch (nan/inf positions differ)	n0*=exp.out(L0,·)
CRASH	w117:392	executor process died (native abort)	n0*=split_with_sizes_copy(L0,·,·)
MISMATCH	w117:399	out[0] max|delta|=3.000e+00 (rtol=0.01 atol=0.001)	n0*=remainder.Scalar_out(L0,·,·)
MISMATCH	w117:429	out[0] non-finite mismatch (nan/inf positions differ)	n0*=native_group_norm(L0,·,·,·,·,·,·,·)
MISMATCH	w117:438	out[0] non-finite mismatch (nan/inf positions differ)	n0*=cos.out(L0,·)
MISMATCH	w117:453	out[0] max|delta|=7.206e+16 (rtol=0.01 atol=0.001)	n0*=bitwise_left_shift.Tensor_Scalar_out(L0,·,·)
MISMATCH	w117:456	out[0] max|delta|=1.611e+09 (rtol=0.0 atol=0.0)	n0*=bitwise_left_shift.Tensor_out(L0,L1,·)
MISMATCH	w117:463	out[0] non-finite mismatch (nan/inf positions differ)	n0*=logit.out(L0,·,·)
SKIP	w117:475	executor ExecutorchRuntimeException: [ExecuTorch Error 0x1] Internal error: Execution failed for method: forward	n0*=copy(L0,L1,·)
MISMATCH	w117:483	out[0] max|delta|=4.000e+00 (rtol=0.01 atol=0.001)	n0*=bitwise_or.Scalar_out(L0,·,·)
MISMATCH	w117:488	out[0] non-finite mismatch (nan/inf positions differ)	n0*=logit(L0,·)
MISMATCH	w117:489	out[0] non-finite mismatch (nan/inf positions differ)	n0*=gelu.out(L0,·,·)
MISMATCH	w117:490	out[0] max|delta|=5.055e+00 (rtol=0.01 atol=0.001)	n0*=rsub.Scalar(L0,·,·)
MISMATCH	w117:498	out[0] max|delta|=1.000e+00 (rtol=0.0 atol=0.0)	n0*=select_scatter(L0,L1,·,·)
SKIP	w117:500	executor IllegalArgumentException: unsupported input dtype code 24 on Android	n0*=var_mean.correction(L0,·,·,·)
MISMATCH	w117:506	out[0] max|delta|=7.842e-01 (rtol=0.01 atol=0.001)	n0*=atan.out(L0,·)
SKIP	w117:511	executor ExecutorchInvalidArgumentException: [ExecuTorch Error 0x12] Invalid argument: Execution failed for method: forward	n0*=native_group_norm(L0,·,·,·,·,·,·,·)
SKIP	w117:514	executor ExecutorchInvalidArgumentException: [ExecuTorch Error 0x12] Invalid argument: Execution failed for method: forward	n0*=_pdist_forward(L0,·)
MISMATCH	w117:53	out[0] max|delta|=3.680e+04 (rtol=0.01 atol=0.001)	n0*=_native_batch_norm_legit.no_stats(L0,·,·,·,·,·)
SKIP	w117:542	executor ExecutorchRuntimeException: [ExecuTorch Error 0x14] Operator missing: Execution failed for method: forward	n0*=_fft_r2c(L0,·,·,·)
SKIP	w117:55	executor ExecutorchInvalidArgumentException: [ExecuTorch Error 0x12] Invalid argument: Execution failed for method: forward	n0*=native_group_norm(L0,·,·,·,·,·,·,·)
SKIP	w117:571	executor IllegalArgumentException: unsupported input dtype code 24 on Android	n0*=linear.out(L0,L1,·,·)
SKIP	w117:58	executor ExecutorchInvalidArgumentException: [ExecuTorch Error 0x12] Invalid argument: Execution failed for method: forward	n0*=_pdist_forward(L0,·)
MISMATCH	w117:581	out[0] non-finite mismatch (nan/inf positions differ)	n0*=mm.out(L0,L1,·)
MISMATCH	w117:586	out[0] non-finite mismatch (nan/inf positions differ)	n0*=elu.out(L0,·,·,·,·)
MISMATCH	w117:596	out[0] max|delta|=3.028e+00 (rtol=0.01 atol=0.001)	n0*=sub.out(L0,L1,·,·)
MISMATCH	w117:601	out[0] non-finite mismatch (nan/inf positions differ)	n0*=pow.Tensor_Tensor_out(L0,L1,·)
MISMATCH	w117:617	out[0] non-finite mismatch (nan/inf positions differ)	n0*=exp.out(L0,·)
CRASH	w117:620	executor process died (native abort)	n0*=split_with_sizes_copy(L0,·,·)
MISMATCH	w117:621	out[0] max|delta|=2.490e+02 (rtol=0.0 atol=0.0)	n0*=bitwise_xor.Tensor_out(L0,L1,·)
MISMATCH	w117:65	out[0] non-finite mismatch (nan/inf positions differ)	n0*=sin.out(L0,·)
TIMEOUT	w117:650	no result within 300s	n0*=le.Tensor_out(L0,L1,·)
TIMEOUT	w117:651	no result within 300s	n0*=logical_not.out(L0,·)
TIMEOUT	w117:652	no result within 300s	n0*=convolution(L0,L1,·,·,·,·,·,·,·)
TIMEOUT	w117:653	no result within 300s	n0*=acos.out(L0,·)
TIMEOUT	w117:654	no result within 300s	n0*=glu.out(L0,·,·)
TIMEOUT	w117:655	no result within 300s	n0*=logical_or(L0,L1)
TIMEOUT	w117:656	no result within 300s	n0*=ne.Tensor_out(L0,L1,·)
TIMEOUT	w117:657	no result within 300s	n0*=native_group_norm(L0,·,·,·,·,·,·,·)
TIMEOUT	w117:658	no result within 300s	n0*=squeeze_copy.dims(L0,·)
TIMEOUT	w117:659	no result within 300s	n0*=gt.Tensor_out(L0,L1,·)
TIMEOUT	w117:66	no result within 300s	n0*=_cdist_forward(L0,L1,·,·)
TIMEOUT	w117:660	no result within 300s	n0*=minimum.out(L0,L1,·)
TIMEOUT	w117:662	no result within 300s	n0*=asinh.out(L0,·)
TIMEOUT	w117:664	no result within 300s	n0*=amin.out(L0,·,·,·)
TIMEOUT	w117:665	no result within 300s	n0*=expm1.out(L0,·)
TIMEOUT	w117:666	no result within 300s	n0*=cos.out(L0,·)
TIMEOUT	w117:667	no result within 300s	n0*=where.self(L0,L1,L2)
TIMEOUT	w117:668	no result within 300s	n0*=sinh.out(L0,·)
TIMEOUT	w117:67	no result within 300s	n0*=min(L0)
TIMEOUT	w117:670	no result within 300s	n0*=round.out(L0,·)
TIMEOUT	w117:672	no result within 300s	n0*=mul.out(L0,L1,·)
TIMEOUT	w117:673	no result within 300s	n0*=hardtanh.out(L0,·,·,·)
TIMEOUT	w117:674	no result within 300s	n0*=view_copy(L0,·)
TIMEOUT	w117:677	no result within 300s	n0*=sign.out(L0,·)
TIMEOUT	w117:678	no result within 300s	n0*=detach_copy(L0)
TIMEOUT	w117:679	no result within 300s	n0*=abs(L0)
TIMEOUT	w117:68	no result within 300s	n0*=mul.Scalar(L0,·)
TIMEOUT	w117:681	no result within 300s	n0*=bitwise_left_shift.Tensor_Scalar_out(L0,·,·)
TIMEOUT	w117:682	no result within 300s	n0*=maximum.out(L0,L1,·)
TIMEOUT	w117:683	no result within 300s	n0*=bitwise_xor.Scalar_out(L0,·,·)
TIMEOUT	w117:684	no result within 300s	n0*=bitwise_left_shift.Tensor_out(L0,L1,·)
TIMEOUT	w117:685	no result within 300s	n0*=div.out_mode(L0,L1,·,·)
TIMEOUT	w117:686	no result within 300s	n0*=var.correction_out(L0,·,·,·,·)
TIMEOUT	w117:687	no result within 300s	n0*=hardtanh(L0,·,·)
TIMEOUT	w117:688	no result within 300s	n0*=abs.out(L0,·)
TIMEOUT	w117:689	no result within 300s	n0*=index_put(L0,·,L1,·)
TIMEOUT	w117:69	no result within 300s	n0*=atan2.out(L0,L1,·)
TIMEOUT	w117:690	no result within 300s	n0*=sum.IntList_out(L0,·,·,·,·)
TIMEOUT	w117:691	no result within 300s	n0*=logit.out(L0,·,·)
TIMEOUT	w117:692	no result within 300s	n0*=lt.Tensor_out(L0,L1,·)
TIMEOUT	w117:693	no result within 300s	n0*=diagonal_copy(L0,·,·,·)
TIMEOUT	w117:695	no result within 300s	n0*=index.Tensor_out(L0,·,·)
TIMEOUT	w117:697	no result within 300s	n0*=ge.Tensor_out(L0,L1,·)
TIMEOUT	w117:699	no result within 300s	n0*=avg_pool2d.out(L0,·,·,·,·,·,·,·)
TIMEOUT	w117:7	no result within 300s	n0*=logit.out(L0,·,·)
TIMEOUT	w117:70	no result within 300s	n0*=pixel_shuffle(L0,·)
TIMEOUT	w117:700	no result within 300s	n0*=narrow_copy(L0,·,·,·)
TIMEOUT	w117:703	no result within 300s	n0*=copy(L0,L1,·)
TIMEOUT	w117:704	no result within 300s	n0*=stack(·,·)
TIMEOUT	w117:707	no result within 300s	n0*=isinf(L0)
TIMEOUT	w117:708	no result within 300s	n0*=fmod.Scalar_out(L0,·,·)
TIMEOUT	w117:709	no result within 300s	n0*=squeeze_copy.dim(L0,·)
TIMEOUT	w117:71	no result within 300s	n0*=log.out(L0,·)
TIMEOUT	w117:710	no result within 300s	n0*=pow.Tensor_Scalar_out(L0,·,·)
TIMEOUT	w117:711	no result within 300s	n0*=bitwise_or.Scalar_out(L0,·,·)
TIMEOUT	w117:712	no result within 300s	n0*=linear(L0,L1,·)
TIMEOUT	w117:713	no result within 300s	n0*=argmin.out(L0,·,·,·)
TIMEOUT	w117:715	no result within 300s	n0*=min.dim_min(L0,·,·,L1,L2)
TIMEOUT	w117:716	no result within 300s	n0*=logit(L0,·)
TIMEOUT	w117:717	no result within 300s	n0*=gelu.out(L0,·,·)
TIMEOUT	w117:718	no result within 300s	n0*=rsub.Scalar(L0,·,·)
TIMEOUT	w117:719	no result within 300s	n0*=bmm.out(L0,L1,·)
TIMEOUT	w117:720	no result within 300s	n0*=le.Scalar_out(L0,·,·)
TIMEOUT	w117:722	no result within 300s	n0*=sigmoid.out(L0,·)
TIMEOUT	w117:723	no result within 300s	n0*=trunc.out(L0,·)
TIMEOUT	w117:724	no result within 300s	n0*=asin.out(L0,·)
TIMEOUT	w117:725	no result within 300s	n0*=bitwise_or.Scalar(L0,·)
TIMEOUT	w117:727	no result within 300s	n0*=acosh.out(L0,·)
TIMEOUT	w117:728	no result within 300s	n0*=var_mean.correction(L0,·,·,·)
TIMEOUT	w117:729	no result within 300s	n0*=reciprocal.out(L0,·)
TIMEOUT	w117:73	no result within 300s	n0*=isnan(L0)
TIMEOUT	w117:730	no result within 300s	n0*=remainder.Tensor_out(L0,L1,·)
TIMEOUT	w117:731	no result within 300s	n0*=fmod.Scalar(L0,·)
TIMEOUT	w117:732	no result within 300s	n0*=max.dim_max(L0,·,·,L1,L2)
TIMEOUT	w117:733	no result within 300s	n0*=logical_or.out(L0,L1,·)
TIMEOUT	w117:734	no result within 300s	n0*=atan.out(L0,·)
TIMEOUT	w117:735	no result within 300s	n0*=unsqueeze_copy(L0,·)
TIMEOUT	w117:736	no result within 300s	n0*=div.Scalar(L0,·)
TIMEOUT	w117:737	no result within 300s	n0*=_native_batch_norm_legit.no_stats(L0,·,·,·,·,·)
TIMEOUT	w117:738	no result within 300s	n0*=ne.Scalar_out(L0,·,·)
TIMEOUT	w117:739	no result within 300s	n0*=native_group_norm(L0,·,·,·,·,·,·,·)
TIMEOUT	w117:74	no result within 300s	n0*=bitwise_xor.Scalar(L0,·)
TIMEOUT	w117:740	no result within 300s	n0*=cosh.out(L0,·)
TIMEOUT	w117:741	no result within 300s	n0*=div.out(L0,L1,·)
TIMEOUT	w117:742	no result within 300s	n0*=_pdist_forward(L0,·)
TIMEOUT	w117:744	no result within 300s	n0*=clone(L0,·)
TIMEOUT	w117:745	no result within 300s	n0*=logical_not(L0)
TIMEOUT	w117:746	no result within 300s	n0*=bitwise_right_shift.Tensor_out(L0,L1,·)
TIMEOUT	w117:748	no result within 300s	n0*=fmod.Tensor_out(L0,L1,·)
TIMEOUT	w117:749	no result within 300s	n0*=sin.out(L0,·)
TIMEOUT	w117:75	no result within 300s	n0*=tan.out(L0,·)
TIMEOUT	w117:750	no result within 300s	n0*=_cdist_forward(L0,L1,·,·)
TIMEOUT	w117:751	no result within 300s	n0*=min(L0)
TIMEOUT	w117:752	no result within 300s	n0*=mul.Scalar(L0,·)
TIMEOUT	w117:753	no result within 300s	n0*=atan2.out(L0,L1,·)
TIMEOUT	w117:754	no result within 300s	n0*=pixel_shuffle(L0,·)
TIMEOUT	w117:755	no result within 300s	n0*=log.out(L0,·)
TIMEOUT	w117:757	no result within 300s	n0*=isnan(L0)
TIMEOUT	w117:758	no result within 300s	n0*=bitwise_xor.Scalar(L0,·)
TIMEOUT	w117:759	no result within 300s	n0*=tan.out(L0,·)
TIMEOUT	w117:762	no result within 300s	n0*=max_pool2d_with_indices_backward.grad_input(L0,L1,·,·,·,·,·,L2,L3)
TIMEOUT	w117:763	no result within 300s	n0*=cumsum.out(L0,·,·,·)
TIMEOUT	w117:764	no result within 300s	n0*=reflection_pad2d.out(L0,·,·)
TIMEOUT	w117:765	no result within 300s	n0*=any.dims_out(L0,·,·,·)
TIMEOUT	w117:767	no result within 300s	n0*=clamp.Tensor_out(L0,·,·,·)
TIMEOUT	w117:768	no result within 300s	n0*=any.dims_out(L0,·,·,·)
TIMEOUT	w117:769	no result within 300s	n0*=where.self_out(L0,L1,L2,·)
TIMEOUT	w117:770	no result within 300s	n0*=_fft_r2c(L0,·,·,·)
TIMEOUT	w117:772	no result within 300s	n0*=erf.out(L0,·)
TIMEOUT	w117:773	no result within 300s	n0*=logical_and.out(L0,L1,·)
TIMEOUT	w117:774	no result within 300s	n0*=log2.out(L0,·)
TIMEOUT	w117:775	no result within 300s	n0*=native_layer_norm(L0,·,·,·,·)
TIMEOUT	w117:777	no result within 300s	n0*=mean.out(L0,·,·,·,·)
TIMEOUT	w117:778	no result within 300s	n0*=slice_scatter(L0,L1,·,·,·,·)
TIMEOUT	w117:779	no result within 300s	n0*=_native_batch_norm_legit_no_training(L0,·,·,L1,L2,·,·)
TIMEOUT	w117:78	no result within 300s	n0*=max_pool2d_with_indices_backward.grad_input(L0,L1,·,·,·,·,·,L2,L3)
TIMEOUT	w117:780	no result within 300s	n0*=pixel_unshuffle(L0,·)
TIMEOUT	w117:781	no result within 300s	n0*=rsqrt.out(L0,·)
TIMEOUT	w117:8	no result within 300s	n0*=lt.Tensor_out(L0,L1,·)
TIMEOUT	w117:81	no result within 300s	n0*=any.dims_out(L0,·,·,·)
TIMEOUT	w117:83	no result within 300s	n0*=clamp.Tensor_out(L0,·,·,·)
TIMEOUT	w117:84	no result within 300s	n0*=any.dims_out(L0,·,·,·)
TIMEOUT	w117:85	no result within 300s	n0*=where.self_out(L0,L1,L2,·)
TIMEOUT	w117:86	no result within 300s	n0*=_fft_r2c(L0,·,·,·)
TIMEOUT	w117:88	no result within 300s	n0*=erf.out(L0,·)
TIMEOUT	w117:89	no result within 300s	n0*=logical_and.out(L0,L1,·)
TIMEOUT	w117:9	no result within 300s	n0*=diagonal_copy(L0,·,·,·)
TIMEOUT	w117:90	no result within 300s	n0*=log2.out(L0,·)
TIMEOUT	w117:91	no result within 300s	n0*=native_layer_norm(L0,·,·,·,·)
TIMEOUT	w117:94	no result within 300s	n0*=slice_scatter(L0,L1,·,·,·,·)
TIMEOUT	w117:95	no result within 300s	n0*=_native_batch_norm_legit_no_training(L0,·,·,L1,L2,·,·)
TIMEOUT	w117:96	no result within 300s	n0*=pixel_unshuffle(L0,·)
TIMEOUT	w117:97	no result within 300s	n0*=rsqrt.out(L0,·)
TIMEOUT	w117:99	no result within 300s	n0*=t_copy(L0)
TIMEOUT	w118:0	no result within 300s	n0*=eq.Scalar_out(L0,·,·)
TIMEOUT	w118:1	no result within 300s	n0*=flip(L0,·)
TIMEOUT	w118:10	no result within 300s	n0*=acos.out(L0,·)
TIMEOUT	w118:101	no result within 300s	n0*=clone(L0,·)
TIMEOUT	w118:102	no result within 300s	n0*=logical_not(L0)
TIMEOUT	w118:103	no result within 300s	n0*=bitwise_right_shift.Tensor_out(L0,L1,·)
TIMEOUT	w118:105	no result within 300s	n0*=fmod.Tensor_out(L0,L1,·)
TIMEOUT	w118:106	no result within 300s	n0*=sin.out(L0,·)
TIMEOUT	w118:107	no result within 300s	n0*=_cdist_forward(L0,L1,·,·)
TIMEOUT	w118:108	no result within 300s	n0*=min(L0)
TIMEOUT	w118:109	no result within 300s	n0*=mul.Scalar(L0,·)
TIMEOUT	w118:11	no result within 300s	n0*=glu.out(L0,·,·)
TIMEOUT	w118:110	no result within 300s	n0*=atan2.out(L0,L1,·)
TIMEOUT	w118:111	no result within 300s	n0*=pixel_shuffle(L0,·)
TIMEOUT	w118:112	no result within 300s	n0*=log.out(L0,·)
TIMEOUT	w118:114	no result within 300s	n0*=isnan(L0)
TIMEOUT	w118:115	no result within 300s	n0*=bitwise_xor.Scalar(L0,·)
TIMEOUT	w118:116	no result within 300s	n0*=tan.out(L0,·)
TIMEOUT	w118:119	no result within 300s	n0*=max_pool2d_with_indices_backward.grad_input(L0,L1,·,·,·,·,·,L2,L3)
TIMEOUT	w118:12	no result within 300s	n0*=logical_or(L0,L1)
TIMEOUT	w118:120	no result within 300s	n0*=cumsum.out(L0,·,·,·)
TIMEOUT	w118:122	no result within 300s	n0*=any.dims_out(L0,·,·,·)
TIMEOUT	w118:124	no result within 300s	n0*=clamp.Tensor_out(L0,·,·,·)
TIMEOUT	w118:125	no result within 300s	n0*=any.dims_out(L0,·,·,·)
TIMEOUT	w118:126	no result within 300s	n0*=where.self_out(L0,L1,L2,·)
TIMEOUT	w118:127	no result within 300s	n0*=_fft_r2c(L0,·,·,·)
MISMATCH	w118:138	out[0] non-finite mismatch (nan/inf positions differ)	n0*=rsqrt.out(L0,·)
SKIP	w118:14	executor ExecutorchInvalidArgumentException: [ExecuTorch Error 0x12] Invalid argument: Execution failed for method: forward	n0*=native_group_norm(L0,·,·,·,·,·,·,·)
MISMATCH	w118:166	out[0] non-finite mismatch (nan/inf positions differ)	n0*=mm.out(L0,L1,·)
MISMATCH	w118:169	out[0] max|delta|=2.530e+02 (rtol=0.0 atol=0.0)	n0*=bitwise_and.Scalar_out(L0,·,·)
MISMATCH	w118:170	out[0] non-finite mismatch (nan/inf positions differ)	n0*=_log_softmax.out(L0,·,·,·)
MISMATCH	w118:171	out[0] non-finite mismatch (nan/inf positions differ)	n0*=elu.out(L0,·,·,·,·)
MISMATCH	w118:181	out[0] max|delta|=3.994e-01 (rtol=0.01 atol=0.001)	n0*=sub.out(L0,L1,·,·)
MISMATCH	w118:186	out[0] non-finite mismatch (nan/inf positions differ)	n0*=pow.Tensor_Tensor_out(L0,L1,·)
MISMATCH	w118:23	out[0] non-finite mismatch (nan/inf positions differ)	n0*=cos.out(L0,·)
MISMATCH	w118:230	out[0] max|delta|=1.424e+00 (rtol=0.01 atol=0.001)	n0*=replication_pad3d.out(L0,·,·)
MISMATCH	w118:242	out[0] non-finite mismatch (nan/inf positions differ)	n0*=native_group_norm(L0,·,·,·,·,·,·,·)
MISMATCH	w118:251	out[0] non-finite mismatch (nan/inf positions differ)	n0*=cos.out(L0,·)
MISMATCH	w118:269	out[0] max|delta|=9.223e+18 (rtol=0.01 atol=0.001)	n0*=bitwise_left_shift.Tensor_out(L0,L1,·)
MISMATCH	w118:276	out[0] non-finite mismatch (nan/inf positions differ)	n0*=logit.out(L0,·,·)
MISMATCH	w118:301	out[0] max|delta|=1.252e-01 (rtol=0.01 atol=0.001)	n0*=logit(L0,·)
MISMATCH	w118:302	out[0] non-finite mismatch (nan/inf positions differ)	n0*=gelu.out(L0,·,·)
MISMATCH	w118:303	out[0] max|delta|=4.656e+00 (rtol=0.01 atol=0.001)	n0*=rsub.Scalar(L0,·,·)
MISMATCH	w118:304	out[0] non-finite mismatch (nan/inf positions differ)	n0*=bmm.out(L0,L1,·)
MISMATCH	w118:311	out[0] max|delta|=1.000e+00 (rtol=0.0 atol=0.0)	n0*=select_scatter(L0,L1,·,·)
MISMATCH	w118:315	out[0] max|delta|=4.000e+00 (rtol=0.01 atol=0.001)	n0*=remainder.Tensor_out(L0,L1,·)
