[feed] 10518 jobs → broker 127.0.0.1:15554 (window=24, timeout=90s)
  [4] MISMATCH w0:127 out[2] non-finite mismatch (nan/inf positions differ)
  [7] MISMATCH w0:153 out[0] max|delta|=1.000e+00 (rtol=0.01 atol=0.001)
  [15] MISMATCH w0:29 out[0] max|delta|=1.495e+01 (rtol=0.01 atol=0.001)
  [19] CRASH    w0:343 executor died (native abort)
  [t=   3s] 19/10518 ( 6.0/s)  ok=12 mism=3 crash=1 timeout=0 skip=3  |  inflight=24
  [t=   6s] 19/10518 ( 3.1/s)  ok=12 mism=3 crash=1 timeout=0 skip=3  |  inflight=24
  [22] MISMATCH w0:358 out[2] max|delta|=1.000e+00 (rtol=0.0 atol=0.0)
  [24] MISMATCH w0:36 out[2] max|delta|=1.000e+00 (rtol=0.0 atol=0.0)
  [25] MISMATCH w0:362 out[1] max|delta|=1.000e+00 (rtol=0.01 atol=0.001)
  [30] MISMATCH w0:406 out[3] max|delta|=1.000e+00 (rtol=0.01 atol=0.001)
  [33] MISMATCH w0:437 out[1] max|delta|=1.000e+00 (rtol=0.0 atol=0.0)
  [t=  10s] 39/10518 ( 4.1/s)  ok=20 mism=8 crash=1 timeout=0 skip=10  |  inflight=24
  [t=  13s] 39/10518 ( 3.1/s)  ok=20 mism=8 crash=1 timeout=0 skip=10  |  inflight=24
  [t=  16s] 39/10518 ( 2.5/s)  ok=20 mism=8 crash=1 timeout=0 skip=10  |  inflight=24
  [t=  19s] 39/10518 ( 2.1/s)  ok=20 mism=8 crash=1 timeout=0 skip=10  |  inflight=24
  [t=  22s] 39/10518 ( 1.8/s)  ok=20 mism=8 crash=1 timeout=0 skip=10  |  inflight=24
  [t=  25s] 39/10518 ( 1.6/s)  ok=20 mism=8 crash=1 timeout=0 skip=10  |  inflight=24
  [t=  28s] 39/10518 ( 1.4/s)  ok=20 mism=8 crash=1 timeout=0 skip=10  |  inflight=24
  [t=  31s] 39/10518 ( 1.3/s)  ok=20 mism=8 crash=1 timeout=0 skip=10  |  inflight=24
  [t=  34s] 39/10518 ( 1.2/s)  ok=20 mism=8 crash=1 timeout=0 skip=10  |  inflight=24
  [t=  37s] 39/10518 ( 1.1/s)  ok=20 mism=8 crash=1 timeout=0 skip=10  |  inflight=24
  [t=  40s] 39/10518 ( 1.0/s)  ok=20 mism=8 crash=1 timeout=0 skip=10  |  inflight=24
  [t=  43s] 39/10518 ( 0.9/s)  ok=20 mism=8 crash=1 timeout=0 skip=10  |  inflight=24
  [t=  46s] 39/10518 ( 0.9/s)  ok=20 mism=8 crash=1 timeout=0 skip=10  |  inflight=24
  [t=  49s] 39/10518 ( 0.8/s)  ok=20 mism=8 crash=1 timeout=0 skip=10  |  inflight=24
  [t=  52s] 39/10518 ( 0.8/s)  ok=20 mism=8 crash=1 timeout=0 skip=10  |  inflight=24
  [t=  55s] 39/10518 ( 0.7/s)  ok=20 mism=8 crash=1 timeout=0 skip=10  |  inflight=24
  [t=  58s] 39/10518 ( 0.7/s)  ok=20 mism=8 crash=1 timeout=0 skip=10  |  inflight=24
  [t=  61s] 39/10518 ( 0.6/s)  ok=20 mism=8 crash=1 timeout=0 skip=10  |  inflight=24
  [t=  64s] 39/10518 ( 0.6/s)  ok=20 mism=8 crash=1 timeout=0 skip=10  |  inflight=24
  [t=  67s] 39/10518 ( 0.6/s)  ok=20 mism=8 crash=1 timeout=0 skip=10  |  inflight=24
  [t=  70s] 39/10518 ( 0.6/s)  ok=20 mism=8 crash=1 timeout=0 skip=10  |  inflight=24
  [t=  73s] 39/10518 ( 0.5/s)  ok=20 mism=8 crash=1 timeout=0 skip=10  |  inflight=24
  [t=  76s] 39/10518 ( 0.5/s)  ok=20 mism=8 crash=1 timeout=0 skip=10  |  inflight=24
  [t=  79s] 39/10518 ( 0.5/s)  ok=20 mism=8 crash=1 timeout=0 skip=10  |  inflight=24
  [t=  82s] 39/10518 ( 0.5/s)  ok=20 mism=8 crash=1 timeout=0 skip=10  |  inflight=24
  [t=  85s] 39/10518 ( 0.5/s)  ok=20 mism=8 crash=1 timeout=0 skip=10  |  inflight=24
  [t=  88s] 39/10518 ( 0.4/s)  ok=20 mism=8 crash=1 timeout=0 skip=10  |  inflight=24
  [t=  91s] 39/10518 ( 0.4/s)  ok=20 mism=8 crash=1 timeout=0 skip=10  |  inflight=24
  [t=  94s] 39/10518 ( 0.4/s)  ok=20 mism=8 crash=1 timeout=0 skip=10  |  inflight=24
  [t=  97s] 39/10518 ( 0.4/s)  ok=20 mism=8 crash=1 timeout=0 skip=10  |  inflight=24
  [t= 100s] 39/10518 ( 0.4/s)  ok=20 mism=8 crash=1 timeout=0 skip=10  |  inflight=24
  [t= 103s] 39/10518 ( 0.4/s)  ok=20 mism=8 crash=1 timeout=0 skip=10  |  inflight=24
  [t= 106s] 39/10518 ( 0.4/s)  ok=20 mism=8 crash=1 timeout=0 skip=10  |  inflight=24
  [t= 109s] 39/10518 ( 0.4/s)  ok=20 mism=8 crash=1 timeout=0 skip=10  |  inflight=24
  [t= 112s] 39/10518 ( 0.3/s)  ok=20 mism=8 crash=1 timeout=0 skip=10  |  inflight=24
  [t= 115s] 39/10518 ( 0.3/s)  ok=20 mism=8 crash=1 timeout=0 skip=10  |  inflight=24
  [t= 118s] 39/10518 ( 0.3/s)  ok=20 mism=8 crash=1 timeout=0 skip=10  |  inflight=24
  [t= 121s] 39/10518 ( 0.3/s)  ok=20 mism=8 crash=1 timeout=0 skip=10  |  inflight=24
  [t= 124s] 39/10518 ( 0.3/s)  ok=20 mism=8 crash=1 timeout=0 skip=10  |  inflight=24
  [t= 127s] 39/10518 ( 0.3/s)  ok=20 mism=8 crash=1 timeout=0 skip=10  |  inflight=24
  [t= 130s] 40/10518 ( 0.3/s)  ok=20 mism=8 crash=1 timeout=1 skip=10  |  inflight=24
  [t= 133s] 40/10518 ( 0.3/s)  ok=20 mism=8 crash=1 timeout=1 skip=10  |  inflight=24
  [46] MISMATCH w0:553 out[1] max|delta|=2.560e+02 (rtol=0.01 atol=0.001)
  [47] MISMATCH w0:582 out[2] max|delta|=1.000e+00 (rtol=0.01 atol=0.001)
  [50] MISMATCH w0:599 out[1] max|delta|=2.560e+02 (rtol=0.01 atol=0.001)
/data/jwen929/mobile/net/compare.py:52: UserWarning: Casting complex values to real discards the imaginary part (Triggered internally at /pytorch/aten/src/ATen/native/Copy.cpp:308.)
  af, bf = a.float(), b.float()
  [71] MISMATCH w1:102 out[1] max|delta|=1.331e+00 (rtol=0.01 atol=0.001)
  [t= 136s] 79/10518 ( 0.6/s)  ok=43 mism=12 crash=1 timeout=1 skip=22  |  inflight=23
  [81] MISMATCH w1:171 out[1] non-finite mismatch (nan/inf positions differ)
  [85] CRASH    w1:194 executor died (native abort)
  [t= 139s] 85/10518 ( 0.6/s)  ok=47 mism=13 crash=2 timeout=1 skip=22  |  inflight=24
  [89] MISMATCH w1:243 out[0] max|delta|=1.808e-02 (rtol=0.01 atol=0.001)
  [95] MISMATCH w1:294 out[1] max|delta|=6.680e-01 (rtol=0.01 atol=0.001)
  [t= 142s] 99/10518 ( 0.7/s)  ok=55 mism=15 crash=2 timeout=1 skip=26  |  inflight=23
  [t= 145s] 99/10518 ( 0.7/s)  ok=55 mism=15 crash=2 timeout=1 skip=26  |  inflight=24
  [103] CRASH    w1:361 executor died (native abort)
  [t= 148s] 103/10518 ( 0.7/s)  ok=57 mism=15 crash=3 timeout=1 skip=27  |  inflight=24
  [t= 151s] 103/10518 ( 0.7/s)  ok=57 mism=15 crash=3 timeout=1 skip=27  |  inflight=24
  [111] MISMATCH w1:430 out[2] non-finite mismatch (nan/inf positions differ)
  [113] MISMATCH w1:440 out[3] max|delta|=3.434e-02 (rtol=0.01 atol=0.001)
  [118] MISMATCH w1:456 out[1] max|delta|=1.201e+00 (rtol=0.01 atol=0.001)
  [120] MISMATCH w1:471 out[2] max|delta|=2.684e+08 (rtol=0.0 atol=0.0)
  [121] MISMATCH w1:48 out[3] max|delta|=1.000e+00 (rtol=0.0 atol=0.0)
  [122] MISMATCH w1:489 out[5] max|delta|=2.016e+00 (rtol=0.01 atol=0.001)
  [125] MISMATCH w1:510 out[4] max|delta|=9.223e+18 (rtol=0.01 atol=0.001)
  [t= 154s] 134/10518 ( 0.9/s)  ok=70 mism=22 crash=3 timeout=1 skip=38  |  inflight=23
  [141] MISMATCH w1:66 out[1] max|delta|=1.975e-03 (rtol=0.01 atol=0.001)
  [152] MISMATCH w1:781 out[1] max|delta|=4.000e+00 (rtol=0.0 atol=0.0)
  [153] MISMATCH w1:8 out[3] max|delta|=4.206e-01 (rtol=0.01 atol=0.001)
  [158] MISMATCH w10:114 out[2] non-finite mismatch (nan/inf positions differ)
  [160] MISMATCH w10:121 out[1] max|delta|=1.105e-01 (rtol=0.01 atol=0.001)
  [161] MISMATCH w10:134 out[0] non-finite mismatch (nan/inf positions differ)
  [168] MISMATCH w10:221 out[0] max|delta|=1.034e+01 (rtol=0.01 atol=0.001)
  [t= 157s] 176/10518 ( 1.1/s)  ok=90 mism=29 crash=3 timeout=1 skip=53  |  inflight=23
  [190] MISMATCH w10:499 out[0] non-finite mismatch (nan/inf positions differ)
  [191] CRASH    w10:500 executor died (native abort)
  [t= 161s] 191/10518 ( 1.2/s)  ok=97 mism=30 crash=4 timeout=1 skip=59  |  inflight=24
  [t= 164s] 193/10518 ( 1.2/s)  ok=99 mism=30 crash=4 timeout=1 skip=59  |  inflight=23
  [t= 167s] 199/10518 ( 1.2/s)  ok=105 mism=30 crash=4 timeout=1 skip=59  |  inflight=24
  [203] MISMATCH w10:61 out[0] max|delta|=1.570e+00 (rtol=0.01 atol=0.001)
  [205] CRASH    w10:628 executor died (native abort)
  [t= 170s] 205/10518 ( 1.2/s)  ok=108 mism=31 crash=5 timeout=1 skip=60  |  inflight=24
  [t= 173s] 205/10518 ( 1.2/s)  ok=108 mism=31 crash=5 timeout=1 skip=60  |  inflight=24
  [206] MISMATCH w10:641 out[2] max|delta|=1.000e+00 (rtol=0.0 atol=0.0)
  [207] MISMATCH w10:648 out[0] max|delta|=1.000e+00 (rtol=0.0 atol=0.0)
  [216] MISMATCH w10:761 out[3] max|delta|=4.141e-01 (rtol=0.01 atol=0.001)
  [227] MISMATCH w100:137 out[3] max|delta|=1.000e+00 (rtol=0.0 atol=0.0)
  [t= 176s] 228/10518 ( 1.3/s)  ok=116 mism=35 crash=5 timeout=1 skip=71  |  inflight=24
  [229] CRASH    w100:159 executor died (native abort)
  [t= 179s] 229/10518 ( 1.3/s)  ok=116 mism=35 crash=6 timeout=1 skip=71  |  inflight=24
  [230] MISMATCH w100:160 out[3] non-finite mismatch (nan/inf positions differ)
  [247] MISMATCH w100:269 out[0] max|delta|=1.110e+00 (rtol=0.01 atol=0.001)
  [t= 182s] 248/10518 ( 1.4/s)  ok=123 mism=37 crash=6 timeout=1 skip=81  |  inflight=23
  [251] MISMATCH w100:284 out[1] max|delta|=2.489e-01 (rtol=0.01 atol=0.001)
  [252] MISMATCH w100:289 out[2] max|delta|=5.600e+01 (rtol=0.01 atol=0.001)
  [273] MISMATCH w100:423 out[0] non-finite mismatch (nan/inf positions differ)
  [277] MISMATCH w100:443 out[0] max|delta|=1.000e+00 (rtol=0.01 atol=0.001)
  [278] MISMATCH w100:448 out[1] non-finite mismatch (nan/inf positions differ)
  [t= 185s] 285/10518 ( 1.5/s)  ok=141 mism=42 crash=6 timeout=1 skip=95  |  inflight=23
  [287] MISMATCH w100:536 out[1] non-finite mismatch (nan/inf positions differ)
  [t= 188s] 294/10518 ( 1.6/s)  ok=146 mism=43 crash=6 timeout=1 skip=98  |  inflight=24
  [299] MISMATCH w100:626 out[2] max|delta|=1.000e+00 (rtol=0.0 atol=0.0)
  [301] MISMATCH w100:639 out[0] max|delta|=7.916e-02 (rtol=0.01 atol=0.001)
  [303] MISMATCH w100:654 out[1] max|delta|=1.000e+00 (rtol=0.01 atol=0.001)
  [306] MISMATCH w100:679 out[2] non-finite mismatch (nan/inf positions differ)
  [t= 191s] 309/10518 ( 1.6/s)  ok=154 mism=47 crash=6 timeout=1 skip=101  |  inflight=23
  [310] MISMATCH w100:723 out[1] max|delta|=1.000e+00 (rtol=0.0 atol=0.0)
  [313] MISMATCH w100:740 out[0] max|delta|=6.343e-01 (rtol=0.01 atol=0.001)
  [315] MISMATCH w100:76 out[0] max|delta|=6.343e-01 (rtol=0.01 atol=0.001)
  [325] MISMATCH w101:116 out[1] max|delta|=1.000e+00 (rtol=0.0 atol=0.0)
  [341] MISMATCH w101:255 out[1] non-finite mismatch (nan/inf positions differ)
  [345] MISMATCH w101:263 out[3] max|delta|=1.000e+00 (rtol=0.0 atol=0.0)
  [t= 194s] 352/10518 ( 1.8/s)  ok=179 mism=53 crash=6 timeout=1 skip=113  |  inflight=23
  [353] MISMATCH w101:322 out[1] max|delta|=1.000e+00 (rtol=0.0 atol=0.0)
  [354] MISMATCH w101:335 out[2] non-finite mismatch (nan/inf positions differ)
  [359] MISMATCH w101:351 out[0] max|delta|=2.200e+01 (rtol=0.0 atol=0.0)
  [365] MISMATCH w101:39 out[2] max|delta|=9.142e-01 (rtol=0.01 atol=0.001)
  [369] MISMATCH w101:410 out[0] max|delta|=4.957e-01 (rtol=0.01 atol=0.001)
  [372] MISMATCH w101:421 out[3] max|delta|=3.000e+00 (rtol=0.0 atol=0.0)
  [376] MISMATCH w101:440 out[1] max|delta|=3.190e-02 (rtol=0.01 atol=0.001)
  [380] MISMATCH w101:483 out[3] max|delta|=1.000e+00 (rtol=0.01 atol=0.001)
  [386] CRASH    w101:52 executor died (native abort)
  [t= 198s] 386/10518 ( 2.0/s)  ok=192 mism=61 crash=7 timeout=1 skip=125  |  inflight=24
  [t= 201s] 386/10518 ( 1.9/s)  ok=192 mism=61 crash=7 timeout=1 skip=125  |  inflight=24
  [389] CRASH    w101:553 executor died (native abort)
  [t= 204s] 389/10518 ( 1.9/s)  ok=193 mism=61 crash=8 timeout=1 skip=126  |  inflight=24
  [t= 207s] 391/10518 ( 1.9/s)  ok=195 mism=61 crash=8 timeout=1 skip=126  |  inflight=23
  [t= 210s] 394/10518 ( 1.9/s)  ok=197 mism=61 crash=8 timeout=1 skip=127  |  inflight=24
  [398] MISMATCH w101:701 out[2] max|delta|=1.500e+00 (rtol=0.01 atol=0.001)
  [402] CRASH    w101:745 executor died (native abort)
  [t= 214s] 402/10518 ( 1.9/s)  ok=202 mism=62 crash=9 timeout=1 skip=128  |  inflight=24
  [t= 217s] 402/10518 ( 1.9/s)  ok=202 mism=62 crash=9 timeout=1 skip=128  |  inflight=24
  [409] MISMATCH w102:100 out[0] max|delta|=1.000e+00 (rtol=0.0 atol=0.0)
  [412] CRASH    w102:107 executor died (native abort)
  [t= 220s] 412/10518 ( 1.9/s)  ok=206 mism=63 crash=10 timeout=1 skip=132  |  inflight=24
  [t= 223s] 412/10518 ( 1.9/s)  ok=206 mism=63 crash=10 timeout=1 skip=132  |  inflight=24
  [418] MISMATCH w102:159 out[1] max|delta|=1.000e+00 (rtol=0.01 atol=0.001)
  [423] CRASH    w102:197 executor died (native abort)
  [t= 226s] 423/10518 ( 1.9/s)  ok=213 mism=64 crash=11 timeout=1 skip=134  |  inflight=24
  [425] MISMATCH w102:205 out[2] max|delta|=3.142e+00 (rtol=0.01 atol=0.001)
  [t= 229s] 431/10518 ( 1.9/s)  ok=217 mism=65 crash=11 timeout=1 skip=137  |  inflight=23
  [432] MISMATCH w102:30 out[0] non-finite mismatch (nan/inf positions differ)
  [456] MISMATCH w102:495 out[1] max|delta|=5.000e-01 (rtol=0.01 atol=0.001)
  [459] MISMATCH w102:52 out[0] max|delta|=1.482e+00 (rtol=0.01 atol=0.001)
  [464] MISMATCH w102:576 out[3] max|delta|=7.819e-02 (rtol=0.01 atol=0.001)
  [467] MISMATCH w102:615 out[3] max|delta|=6.040e+08 (rtol=0.0 atol=0.0)
  [469] MISMATCH w102:623 out[1] non-finite mismatch (nan/inf positions differ)
  [471] MISMATCH w102:633 out[1] max|delta|=1.000e+00 (rtol=0.0 atol=0.0)
  [t= 232s] 471/10518 ( 2.0/s)  ok=241 mism=72 crash=11 timeout=1 skip=146  |  inflight=23
  [478] MISMATCH w102:688 out[2] max|delta|=1.000e+00 (rtol=0.01 atol=0.001)
  [479] MISMATCH w102:702 out[1] non-finite mismatch (nan/inf positions differ)
  [483] MISMATCH w102:85 out[3] max|delta|=2.306e+18 (rtol=0.0 atol=0.0)
  [485] CRASH    w102:94 executor died (native abort)
  [t= 235s] 485/10518 ( 2.1/s)  ok=245 mism=75 crash=12 timeout=1 skip=152  |  inflight=24
  [t= 238s] 487/10518 ( 2.0/s)  ok=246 mism=75 crash=12 timeout=1 skip=153  |  inflight=23
  [493] MISMATCH w103:127 out[0] non-finite mismatch (nan/inf positions differ)
  [t= 241s] 494/10518 ( 2.0/s)  ok=250 mism=76 crash=12 timeout=1 skip=155  |  inflight=24
  [499] MISMATCH w103:174 out[1] max|delta|=1.000e+00 (rtol=0.01 atol=0.001)
  [505] MISMATCH w103:218 out[0] max|delta|=1.250e+00 (rtol=0.01 atol=0.001)
  [507] MISMATCH w103:241 out[2] max|delta|=2.560e+02 (rtol=0.01 atol=0.001)
  [508] MISMATCH w103:242 out[3] max|delta|=1.164e+00 (rtol=0.01 atol=0.001)
  [509] MISMATCH w103:246 out[0] max|delta|=1.000e+00 (rtol=0.01 atol=0.001)
  [t= 244s] 509/10518 ( 2.1/s)  ok=257 mism=81 crash=12 timeout=1 skip=158  |  inflight=23
  [510] MISMATCH w103:272 out[2] max|delta|=1.883e-02 (rtol=0.01 atol=0.001)
  [521] MISMATCH w103:383 out[0] max|delta|=9.339e-01 (rtol=0.01 atol=0.001)
  [531] CRASH    w103:450 executor died (native abort)
  [t= 247s] 531/10518 ( 2.1/s)  ok=272 mism=83 crash=13 timeout=1 skip=162  |  inflight=24
  [t= 250s] 531/10518 ( 2.1/s)  ok=272 mism=83 crash=13 timeout=1 skip=162  |  inflight=24
  [533] MISMATCH w103:461 out[0] max|delta|=1.686e-02 (rtol=0.01 atol=0.001)
  [534] MISMATCH w103:475 out[1] max|delta|=4.825e-01 (rtol=0.01 atol=0.001)
  [536] MISMATCH w103:508 out[2] max|delta|=1.000e+00 (rtol=0.0 atol=0.0)
  [540] MISMATCH w103:533 out[0] max|delta|=8.606e-01 (rtol=0.01 atol=0.001)
  [541] MISMATCH w103:54 out[1] non-finite mismatch (nan/inf positions differ)
  [546] MISMATCH w103:585 out[1] max|delta|=1.000e+00 (rtol=0.0 atol=0.0)
  [550] MISMATCH w103:598 out[0] non-finite mismatch (nan/inf positions differ)
  [561] MISMATCH w103:712 out[0] max|delta|=3.710e-02 (rtol=0.01 atol=0.001)
  [564] MISMATCH w103:9 out[0] max|delta|=1.000e+00 (rtol=0.0 atol=0.0)
  [566] MISMATCH w104:100 out[4] max|delta|=2.000e+00 (rtol=0.0 atol=0.0)
  [t= 253s] 567/10518 ( 2.2/s)  ok=291 mism=93 crash=13 timeout=1 skip=169  |  inflight=23
  [568] MISMATCH w104:126 out[1] max|delta|=1.000e+00 (rtol=0.01 atol=0.001)
  [571] CRASH    w104:130 executor died (native abort)
  [t= 257s] 571/10518 ( 2.2/s)  ok=292 mism=94 crash=14 timeout=1 skip=170  |  inflight=24
  [573] MISMATCH w104:181 out[2] max|delta|=1.585e-01 (rtol=0.01 atol=0.001)
  [574] MISMATCH w104:185 out[0] non-finite mismatch (nan/inf positions differ)
  [575] MISMATCH w104:187 out[2] max|delta|=8.199e-02 (rtol=0.01 atol=0.001)
  [581] MISMATCH w104:254 out[2] non-finite mismatch (nan/inf positions differ)
  [t= 260s] 582/10518 ( 2.2/s)  ok=297 mism=98 crash=14 timeout=1 skip=172  |  inflight=24
  [583] CRASH    w104:263 executor died (native abort)
  [t= 263s] 583/10518 ( 2.2/s)  ok=297 mism=98 crash=15 timeout=1 skip=172  |  inflight=24
  [589] MISMATCH w104:313 out[4] max|delta|=1.111e-01 (rtol=0.01 atol=0.001)
  [591] MISMATCH w104:336 out[0] non-finite mismatch (nan/inf positions differ)
  [598] MISMATCH w104:373 out[0] max|delta|=7.916e-02 (rtol=0.01 atol=0.001)
  [600] MISMATCH w104:413 out[0] max|delta|=1.655e+04 (rtol=0.0 atol=0.0)
  [602] MISMATCH w104:44 out[0] non-finite mismatch (nan/inf positions differ)
  [603] CRASH    w104:435 executor died (native abort)
  [604] CRASH    w104:452 executor died (native abort)
  [t= 266s] 604/10518 ( 2.3/s)  ok=306 mism=103 crash=17 timeout=1 skip=177  |  inflight=24
  [t= 269s] 604/10518 ( 2.2/s)  ok=306 mism=103 crash=17 timeout=1 skip=177  |  inflight=24
  [611] MISMATCH w104:532 out[0] max|delta|=1.000e+00 (rtol=0.01 atol=0.001)
  [617] MISMATCH w104:639 out[3] max|delta|=1.000e+00 (rtol=0.0 atol=0.0)
  [618] CRASH    w104:575 executor died (native abort)
  [622] CRASH    w104:684 executor died (native abort)
  [t= 273s] 622/10518 ( 2.3/s)  ok=315 mism=105 crash=19 timeout=1 skip=182  |  inflight=24
  [t= 276s] 622/10518 ( 2.3/s)  ok=315 mism=105 crash=19 timeout=1 skip=182  |  inflight=24
  [626] MISMATCH w104:726 out[1] max|delta|=1.000e+00 (rtol=0.0 atol=0.0)
  [628] MISMATCH w104:80 out[2] max|delta|=1.000e+00 (rtol=0.0 atol=0.0)
  [630] MISMATCH w104:88 out[0] max|delta|=1.000e+00 (rtol=0.0 atol=0.0)
  [631] MISMATCH w105:10 out[1] non-finite mismatch (nan/inf positions differ)
  [632] MISMATCH w105:105 out[1] max|delta|=9.573e-01 (rtol=0.01 atol=0.001)
  [635] MISMATCH w105:126 out[0] non-finite mismatch (nan/inf positions differ)
  [637] CRASH    w105:117 executor died (native abort)
  [639] MISMATCH w105:145 out[1] max|delta|=1.000e+00 (rtol=0.01 atol=0.001)
  [t= 279s] 639/10518 ( 2.3/s)  ok=321 mism=112 crash=20 timeout=1 skip=185  |  inflight=24
  [640] CRASH    w105:150 executor died (native abort)
  [t= 282s] 640/10518 ( 2.3/s)  ok=321 mism=112 crash=21 timeout=1 skip=185  |  inflight=24
  [641] MISMATCH w104:767 out[4] max|delta|=1.353e+00 (rtol=0.01 atol=0.001)
  [645] MISMATCH w105:166 out[1] max|delta|=1.000e+00 (rtol=0.0 atol=0.0)
  [658] MISMATCH w105:249 out[1] max|delta|=9.517e-03 (rtol=0.01 atol=0.001)
  [665] MISMATCH w105:275 out[0] max|delta|=1.000e+00 (rtol=0.0 atol=0.0)
  [669] MISMATCH w105:285 out[2] max|delta|=2.237e-01 (rtol=0.01 atol=0.001)
  [t= 285s] 670/10518 ( 2.3/s)  ok=334 mism=117 crash=21 timeout=1 skip=197  |  inflight=23
  [682] MISMATCH w105:397 out[5] max|delta|=1.000e+00 (rtol=0.0 atol=0.0)
  [683] CRASH    w105:336 executor died (native abort)
  [685] MISMATCH w105:412 out[1] max|delta|=9.223e+18 (rtol=0.0 atol=0.0)
  [689] MISMATCH w105:444 out[2] non-finite mismatch (nan/inf positions differ)
  [694] MISMATCH w105:472 out[1] non-finite mismatch (nan/inf positions differ)
  [699] MISMATCH w105:506 out[1] non-finite mismatch (nan/inf positions differ)
  [701] MISMATCH w105:515 out[1] non-finite mismatch (nan/inf positions differ)
  [715] MISMATCH w105:594 out[4] max|delta|=5.566e-02 (rtol=0.01 atol=0.001)
  [718] MISMATCH w105:596 out[2] max|delta|=6.684e+00 (rtol=0.01 atol=0.001)
  [725] MISMATCH w105:643 out[3] non-finite mismatch (nan/inf positions differ)
  [742] MISMATCH w105:8 out[0] max|delta|=6.358e-01 (rtol=0.01 atol=0.001)
  [t= 288s] 743/10518 ( 2.6/s)  ok=375 mism=127 crash=22 timeout=1 skip=218  |  inflight=23
  [747] MISMATCH w106:181 out[2] max|delta|=6.172e-01 (rtol=0.01 atol=0.001)
  [748] MISMATCH w106:217 out[0] non-finite mismatch (nan/inf positions differ)
  [759] MISMATCH w106:328 out[3] non-finite mismatch (nan/inf positions differ)
  [766] MISMATCH w106:422 out[2] non-finite mismatch (nan/inf positions differ)
  [767] MISMATCH w106:423 out[2] non-finite mismatch (nan/inf positions differ)
  [778] MISMATCH w106:478 out[0] non-finite mismatch (nan/inf positions differ)
  [779] CRASH    w106:467 executor died (native abort)
  [783] MISMATCH w106:547 out[0] max|delta|=1.000e+00 (rtol=0.01 atol=0.001)
  [801] CRASH    w106:698 executor died (native abort)
  [t= 292s] 801/10518 ( 2.7/s)  ok=411 mism=134 crash=24 timeout=1 skip=231  |  inflight=23
  [802] CRASH    w106:723 executor died (native abort)
  [t= 295s] 802/10518 ( 2.7/s)  ok=411 mism=134 crash=25 timeout=1 skip=231  |  inflight=24
  [t= 298s] 817/10518 ( 2.7/s)  ok=418 mism=134 crash=25 timeout=1 skip=239  |  inflight=23
  [819] CRASH    w107:114 executor died (native abort)
  [821] MISMATCH w107:195 out[3] max|delta|=1.000e+00 (rtol=0.0 atol=0.0)
  [t= 301s] 822/10518 ( 2.7/s)  ok=418 mism=135 crash=26 timeout=1 skip=242  |  inflight=24
  [832] MISMATCH w107:357 out[2] max|delta|=1.000e+00 (rtol=0.0 atol=0.0)
  [833] MISMATCH w107:362 out[1] max|delta|=1.090e+00 (rtol=0.01 atol=0.001)
  [836] MISMATCH w107:41 out[2] max|delta|=1.000e+00 (rtol=0.01 atol=0.001)
  [840] MISMATCH w107:194 out[1] max|delta|=4.525e-02 (rtol=0.01 atol=0.001)
  [841] MISMATCH w107:426 out[0] max|delta|=2.560e+02 (rtol=0.01 atol=0.001)
  [844] MISMATCH w107:483 out[1] non-finite mismatch (nan/inf positions differ)
  [848] MISMATCH w107:543 out[2] max|delta|=1.147e-02 (rtol=0.01 atol=0.001)
  [855] MISMATCH w107:647 out[0] max|delta|=1.000e+00 (rtol=0.0 atol=0.0)
  [858] MISMATCH w107:656 out[0] max|delta|=4.614e-01 (rtol=0.01 atol=0.001)
  [t= 304s] 861/10518 ( 2.8/s)  ok=436 mism=144 crash=26 timeout=1 skip=254  |  inflight=23
  [867] MISMATCH w107:89 out[1] max|delta|=8.000e+00 (rtol=0.0 atol=0.0)
  [871] MISMATCH w108:199 out[2] max|delta|=8.000e+00 (rtol=0.0 atol=0.0)
  [884] MISMATCH w108:275 out[0] non-finite mismatch (nan/inf positions differ)
  [886] MISMATCH w108:281 out[2] non-finite mismatch (nan/inf positions differ)
  [888] MISMATCH w108:332 out[1] non-finite mismatch (nan/inf positions differ)
  [891] MISMATCH w108:35 out[0] non-finite mismatch (nan/inf positions differ)
  [893] CRASH    w108:258 executor died (native abort)
  [896] MISMATCH w108:400 out[0] max|delta|=1.917e+00 (rtol=0.01 atol=0.001)
  [904] MISMATCH w108:457 out[4] non-finite mismatch (nan/inf positions differ)
  [911] MISMATCH w108:526 out[0] max|delta|=1.000e+00 (rtol=0.0 atol=0.0)
  [921] MISMATCH w108:648 out[2] non-finite mismatch (nan/inf positions differ)
  [929] MISMATCH w108:759 out[1] non-finite mismatch (nan/inf positions differ)
  [937] MISMATCH w109:116 out[2] max|delta|=2.147e+09 (rtol=0.0 atol=0.0)
  [939] MISMATCH w109:129 out[2] max|delta|=1.373e-01 (rtol=0.01 atol=0.001)
  [t= 307s] 939/10518 ( 3.1/s)  ok=471 mism=157 crash=27 timeout=1 skip=283  |  inflight=23
  [949] CRASH    w109:182 executor died (native abort)
  [953] CRASH    w109:304 executor died (native abort)
  [957] MISMATCH w109:327 out[0] max|delta|=7.620e-01 (rtol=0.01 atol=0.001)
  [t= 310s] 957/10518 ( 3.1/s)  ok=478 mism=158 crash=29 timeout=1 skip=291  |  inflight=23
  [959] MISMATCH w109:335 out[1] max|delta|=1.000e+00 (rtol=0.0 atol=0.0)
  [965] MISMATCH w109:394 out[1] max|delta|=4.946e-01 (rtol=0.01 atol=0.001)
  [977] CRASH    w109:535 executor died (native abort)
  [t= 313s] 977/10518 ( 3.1/s)  ok=486 mism=160 crash=30 timeout=1 skip=300  |  inflight=24
  [979] MISMATCH w109:539 out[1] non-finite mismatch (nan/inf positions differ)
  [985] MISMATCH w109:58 out[0] max|delta|=1.030e+00 (rtol=0.01 atol=0.001)
  [989] MISMATCH w109:593 out[1] non-finite mismatch (nan/inf positions differ)
  [990] MISMATCH w109:597 out[1] max|delta|=4.688e-01 (rtol=0.01 atol=0.001)
  [991] MISMATCH w109:604 out[2] max|delta|=2.455e+02 (rtol=0.01 atol=0.001)
  [992] MISMATCH w109:627 out[1] max|delta|=1.000e+00 (rtol=0.0 atol=0.0)
  [998] MISMATCH w109:656 out[2] max|delta|=3.467e+00 (rtol=0.01 atol=0.001)
  [1007] CRASH    w109:721 executor died (native abort)
  [1008] CRASH    w109:756 executor died (native abort)
  [t= 317s] 1008/10518 ( 3.2/s)  ok=499 mism=167 crash=32 timeout=1 skip=309  |  inflight=24
  [1010] MISMATCH w109:77 out[2] max|delta|=3.394e-03 (rtol=0.01 atol=0.001)
  [1013] MISMATCH w109:90 out[1] max|delta|=1.000e+00 (rtol=0.0 atol=0.0)
  [1022] MISMATCH w11:176 out[1] max|delta|=4.825e-01 (rtol=0.01 atol=0.001)
  [t= 320s] 1029/10518 ( 3.2/s)  ok=508 mism=170 crash=32 timeout=1 skip=318  |  inflight=23
  [1034] MISMATCH w11:328 out[1] max|delta|=4.000e+00 (rtol=0.01 atol=0.001)
  [1041] MISMATCH w11:40 out[1] max|delta|=2.332e+02 (rtol=0.01 atol=0.001)
  [1047] MISMATCH w11:431 out[3] max|delta|=1.000e+00 (rtol=0.0 atol=0.0)
  [1050] MISMATCH w11:442 out[1] max|delta|=6.419e-02 (rtol=0.01 atol=0.001)
  [1054] MISMATCH w11:466 out[1] max|delta|=1.613e+00 (rtol=0.01 atol=0.001)
  [1055] MISMATCH w11:451 out[0] max|delta|=1.000e+00 (rtol=0.0 atol=0.0)
  [1058] MISMATCH w11:490 out[2] max|delta|=1.000e+00 (rtol=0.0 atol=0.0)
  [1064] MISMATCH w11:542 out[3] max|delta|=2.759e+01 (rtol=0.01 atol=0.001)
  [1065] MISMATCH w11:552 out[2] max|delta|=7.972e-01 (rtol=0.01 atol=0.001)
  [1073] MISMATCH w11:657 out[3] max|delta|=3.141e+00 (rtol=0.01 atol=0.001)
  [1076] CRASH    w11:627 executor died (native abort)
  [t= 323s] 1076/10518 ( 3.3/s)  ok=530 mism=180 crash=33 timeout=1 skip=332  |  inflight=24
  [t= 326s] 1076/10518 ( 3.3/s)  ok=530 mism=180 crash=33 timeout=1 skip=332  |  inflight=24
  [1083] MISMATCH w11:713 out[2] non-finite mismatch (nan/inf positions differ)
  [1089] MISMATCH w11:755 out[3] max|delta|=1.000e+00 (rtol=0.0 atol=0.0)
  [1091] MISMATCH w11:772 out[0] max|delta|=3.052e-03 (rtol=0.01 atol=0.001)
  [1100] MISMATCH w110:123 out[1] non-finite mismatch (nan/inf positions differ)
  [1101] MISMATCH w110:126 out[2] max|delta|=1.153e+18 (rtol=0.0 atol=0.0)
  [1109] MISMATCH w110:164 out[2] max|delta|=1.000e+00 (rtol=0.0 atol=0.0)
  [t= 329s] 1113/10518 ( 3.4/s)  ok=549 mism=186 crash=33 timeout=1 skip=344  |  inflight=23
  [1115] MISMATCH w110:202 out[1] max|delta|=6.167e-01 (rtol=0.01 atol=0.001)
  [1126] MISMATCH w110:285 out[3] non-finite mismatch (nan/inf positions differ)
  [1134] CRASH    w110:288 executor died (native abort)
  [1153] MISMATCH w110:479 out[3] non-finite mismatch (nan/inf positions differ)
  [1154] MISMATCH w110:48 out[3] max|delta|=1.000e+00 (rtol=0.0 atol=0.0)
  [1157] MISMATCH w110:495 out[0] max|delta|=1.000e+00 (rtol=0.0 atol=0.0)
  [1158] MISMATCH w110:50 out[2] max|delta|=1.000e+00 (rtol=0.0 atol=0.0)
  [t= 332s] 1159/10518 ( 3.5/s)  ok=572 mism=192 crash=34 timeout=1 skip=360  |  inflight=23
  [1167] MISMATCH w110:60 out[0] max|delta|=2.520e+02 (rtol=0.0 atol=0.0)
  [1168] MISMATCH w110:621 out[4] max|delta|=1.000e+00 (rtol=0.0 atol=0.0)
  [1178] MISMATCH w110:765 out[0] max|delta|=1.000e+00 (rtol=0.0 atol=0.0)
  [1182] MISMATCH w110:98 out[1] non-finite mismatch (nan/inf positions differ)
  [1190] MISMATCH w111:17 out[3] max|delta|=1.000e+00 (rtol=0.0 atol=0.0)
  [1197] MISMATCH w111:215 out[0] max|delta|=4.762e-01 (rtol=0.01 atol=0.001)
  [1199] MISMATCH w111:22 out[0] max|delta|=1.000e+00 (rtol=0.0 atol=0.0)
  [1201] MISMATCH w111:231 out[1] non-finite mismatch (nan/inf positions differ)
  [t= 335s] 1203/10518 ( 3.6/s)  ok=596 mism=200 crash=34 timeout=1 skip=372  |  inflight=23
  [1205] CRASH    w111:184 executor died (native abort)
  [1214] MISMATCH w111:378 out[2] max|delta|=2.540e+02 (rtol=0.0 atol=0.0)
  [1219] CRASH    w111:395 executor died (native abort)
  [1234] MISMATCH w111:550 out[3] max|delta|=1.164e+00 (rtol=0.01 atol=0.001)
  [t= 338s] 1236/10518 ( 3.7/s)  ok=613 mism=202 crash=36 timeout=1 skip=384  |  inflight=24
  [t= 341s] 1236/10518 ( 3.6/s)  ok=613 mism=202 crash=36 timeout=1 skip=384  |  inflight=24
  [1242] MISMATCH w111:59 out[1] non-finite mismatch (nan/inf positions differ)
  [1246] MISMATCH w111:621 out[5] max|delta|=1.000e+00 (rtol=0.0 atol=0.0)
  [1254] MISMATCH w111:645 out[2] non-finite mismatch (nan/inf positions differ)
  [t= 344s] 1256/10518 ( 3.6/s)  ok=627 mism=205 crash=36 timeout=1 skip=387  |  inflight=23
  [1265] MISMATCH w111:570 out[1] max|delta|=6.343e-01 (rtol=0.01 atol=0.001)
  [1271] MISMATCH w112:1 out[0] non-finite mismatch (nan/inf positions differ)
  [1272] CRASH    w111:751 executor died (native abort)
  [1274] MISMATCH w112:100 out[3] max|delta|=2.562e-02 (rtol=0.01 atol=0.001)
  [1283] MISMATCH w112:232 out[1] max|delta|=1.000e+00 (rtol=0.01 atol=0.001)
  [1295] MISMATCH w112:355 out[1] max|delta|=1.000e+00 (rtol=0.0 atol=0.0)
  [1305] MISMATCH w112:447 out[2] max|delta|=2.896e+00 (rtol=0.01 atol=0.001)
  [1306] CRASH    w112:405 executor died (native abort)
  [1311] MISMATCH w112:479 out[1] max|delta|=2.683e-01 (rtol=0.01 atol=0.001)
  [t= 348s] 1314/10518 ( 3.8/s)  ok=660 mism=212 crash=38 timeout=1 skip=403  |  inflight=23
  [t= 351s] 1334/10518 ( 3.8/s)  ok=674 mism=212 crash=38 timeout=1 skip=409  |  inflight=24
  [1337] MISMATCH w112:692 out[2] max|delta|=6.250e-02 (rtol=0.01 atol=0.001)
  [1345] MISMATCH w112:87 out[1] max|delta|=1.000e+00 (rtol=0.01 atol=0.001)
  [1353] MISMATCH w113:105 out[5] non-finite mismatch (nan/inf positions differ)
  [1360] MISMATCH w112:452 out[0] max|delta|=1.585e-01 (rtol=0.01 atol=0.001)
  [1365] MISMATCH w113:229 out[0] non-finite mismatch (nan/inf positions differ)
  [t= 354s] 1371/10518 ( 3.9/s)  ok=696 mism=217 crash=38 timeout=1 skip=419  |  inflight=23
  [1376] MISMATCH w113:293 out[1] max|delta|=8.315e-01 (rtol=0.01 atol=0.001)
  [1389] MISMATCH w113:349 out[2] max|delta|=7.000e+00 (rtol=0.0 atol=0.0)
  [1394] MISMATCH w113:403 out[2] max|delta|=1.000e+00 (rtol=0.01 atol=0.001)
  [1396] MISMATCH w113:432 out[1] max|delta|=4.000e+00 (rtol=0.0 atol=0.0)
  [1401] MISMATCH w113:473 out[3] max|delta|=8.813e-01 (rtol=0.01 atol=0.001)
  [1412] MISMATCH w113:537 out[1] non-finite mismatch (nan/inf positions differ)
  [1415] MISMATCH w113:561 out[1] max|delta|=1.000e+00 (rtol=0.0 atol=0.0)
  [1418] MISMATCH w113:579 out[1] non-finite mismatch (nan/inf positions differ)
  [1426] MISMATCH w113:682 out[0] max|delta|=1.000e+00 (rtol=0.0 atol=0.0)
  [1427] MISMATCH w113:674 out[1] max|delta|=1.000e+00 (rtol=0.0 atol=0.0)
  [1430] MISMATCH w113:704 out[0] non-finite mismatch (nan/inf positions differ)
  [1439] MISMATCH w114:120 out[2] max|delta|=1.000e+00 (rtol=0.0 atol=0.0)
  [1441] MISMATCH w114:14 out[1] max|delta|=4.667e+00 (rtol=0.01 atol=0.001)
  [1445] MISMATCH w114:170 out[2] max|delta|=1.000e+00 (rtol=0.0 atol=0.0)
  [1446] MISMATCH w114:152 out[3] max|delta|=2.560e+02 (rtol=0.0 atol=0.0)
  [1448] MISMATCH w114:171 out[0] max|delta|=1.000e+00 (rtol=0.0 atol=0.0)
  [1449] MISMATCH w114:180 out[0] max|delta|=2.000e+00 (rtol=0.0 atol=0.0)
  [1455] MISMATCH w114:228 out[3] non-finite mismatch (nan/inf positions differ)
  [1465] MISMATCH w114:292 out[0] max|delta|=1.354e-01 (rtol=0.01 atol=0.001)
  [1466] MISMATCH w114:301 out[3] max|delta|=1.000e+00 (rtol=0.0 atol=0.0)
  [t= 357s] 1466/10518 ( 4.1/s)  ok=740 mism=237 crash=38 timeout=1 skip=450  |  inflight=23
  [1467] MISMATCH w114:323 out[3] max|delta|=6.777e-01 (rtol=0.01 atol=0.001)
  [1469] MISMATCH w114:334 out[1] non-finite mismatch (nan/inf positions differ)
  [1478] CRASH    w114:330 executor died (native abort)
  [1484] CRASH    w114:435 executor died (native abort)
  [1498] MISMATCH w114:606 out[3] max|delta|=6.667e-01 (rtol=0.01 atol=0.001)
  [1501] MISMATCH w114:64 out[3] max|delta|=1.227e-02 (rtol=0.01 atol=0.001)
  [t= 360s] 1506/10518 ( 4.2/s)  ok=763 mism=241 crash=40 timeout=1 skip=461  |  inflight=24
  [1507] CRASH    w114:70 executor died (native abort)
  [1510] MISMATCH w114:718 out[0] max|delta|=2.800e-01 (rtol=0.01 atol=0.001)
  [1515] MISMATCH w114:754 out[1] non-finite mismatch (nan/inf positions differ)
  [t= 363s] 1518/10518 ( 4.2/s)  ok=769 mism=243 crash=41 timeout=1 skip=464  |  inflight=23
  [1526] MISMATCH w115:159 out[1] non-finite mismatch (nan/inf positions differ)
  [1530] MISMATCH w115:2 out[0] max|delta|=1.951e-01 (rtol=0.01 atol=0.001)
  [1536] MISMATCH w115:24 out[0] max|delta|=3.690e+02 (rtol=0.01 atol=0.001)
  [1557] MISMATCH w115:455 out[0] non-finite mismatch (nan/inf positions differ)
  [t= 366s] 1560/10518 ( 4.3/s)  ok=793 mism=247 crash=41 timeout=1 skip=478  |  inflight=23
  [1569] MISMATCH w115:596 out[3] max|delta|=2.000e+00 (rtol=0.0 atol=0.0)
  [1571] CRASH    w115:606 executor died (native abort)
  [1579] MISMATCH w115:71 out[1] non-finite mismatch (nan/inf positions differ)
  [1585] MISMATCH w115:79 out[1] non-finite mismatch (nan/inf positions differ)
  [1589] MISMATCH w116:115 out[1] max|delta|=2.773e-02 (rtol=0.01 atol=0.001)
  [t= 369s] 1591/10518 ( 4.3/s)  ok=814 mism=251 crash=42 timeout=1 skip=483  |  inflight=23
  [1593] CRASH    w116:134 executor died (native abort)
  [1595] MISMATCH w116:157 out[0] max|delta|=1.586e-01 (rtol=0.01 atol=0.001)
  [t= 372s] 1602/10518 ( 4.3/s)  ok=820 mism=252 crash=43 timeout=1 skip=486  |  inflight=23
  [1605] MISMATCH w116:264 out[2] max|delta|=1.000e+00 (rtol=0.0 atol=0.0)
  [1611] MISMATCH w116:290 out[0] non-finite mismatch (nan/inf positions differ)
  [1614] MISMATCH w116:315 out[2] max|delta|=1.000e+00 (rtol=0.0 atol=0.0)
  [1615] MISMATCH w116:327 out[0] max|delta|=5.063e-01 (rtol=0.01 atol=0.001)
  [1619] MISMATCH w116:338 out[0] non-finite mismatch (nan/inf positions differ)
  [1623] MISMATCH w116:355 out[3] max|delta|=2.147e+09 (rtol=0.01 atol=0.001)
  [1629] MISMATCH w116:399 out[0] max|delta|=3.000e+00 (rtol=0.0 atol=0.0)
  [1631] MISMATCH w116:403 out[0] max|delta|=1.000e+00 (rtol=0.0 atol=0.0)
  [1640] MISMATCH w116:476 out[4] max|delta|=1.315e-02 (rtol=0.01 atol=0.001)
  [t= 375s] 1641/10518 ( 4.4/s)  ok=842 mism=261 crash=43 timeout=1 skip=494  |  inflight=23
  [1653] MISMATCH w116:619 out[0] max|delta|=2.237e-02 (rtol=0.01 atol=0.001)
  [1659] MISMATCH w116:65 out[1] max|delta|=4.638e-03 (rtol=0.01 atol=0.001)
  [1660] MISMATCH w116:657 out[0] max|delta|=1.099e+00 (rtol=0.01 atol=0.001)
  [1669] MISMATCH w116:79 out[1] max|delta|=1.000e+00 (rtol=0.01 atol=0.001)
  [1671] MISMATCH w116:92 out[0] non-finite mismatch (nan/inf positions differ)
  [1682] CRASH    w117:17 executor died (native abort)
  [t= 378s] 1682/10518 ( 4.4/s)  ok=864 mism=266 crash=44 timeout=1 skip=507  |  inflight=24
  [t= 381s] 1682/10518 ( 4.4/s)  ok=864 mism=266 crash=44 timeout=1 skip=507  |  inflight=24
  [1683] MISMATCH w116:770 out[1] max|delta|=1.000e+00 (rtol=0.0 atol=0.0)
  [1687] MISMATCH w117:214 out[1] non-finite mismatch (nan/inf positions differ)
  [1691] MISMATCH w117:243 out[2] non-finite mismatch (nan/inf positions differ)
  [1695] MISMATCH w117:292 out[4] max|delta|=2.843e+02 (rtol=0.01 atol=0.001)
  [1699] MISMATCH w117:32 out[1] max|delta|=2.147e+09 (rtol=0.0 atol=0.0)
  [1713] MISMATCH w117:44 out[3] non-finite mismatch (nan/inf positions differ)
  [1714] MISMATCH w117:477 out[1] max|delta|=9.560e-03 (rtol=0.01 atol=0.001)
  [t= 384s] 1722/10518 ( 4.5/s)  ok=886 mism=273 crash=44 timeout=1 skip=518  |  inflight=23
  [1725] MISMATCH w117:551 out[3] max|delta|=1.000e+00 (rtol=0.0 atol=0.0)
  [1737] MISMATCH w117:611 out[2] non-finite mismatch (nan/inf positions differ)
  [1738] MISMATCH w117:608 out[2] max|delta|=1.000e+00 (rtol=0.0 atol=0.0)
  [1741] MISMATCH w117:63 out[4] max|delta|=1.000e+00 (rtol=0.0 atol=0.0)
  [1742] MISMATCH w117:633 out[1] max|delta|=4.627e-01 (rtol=0.01 atol=0.001)
  [1746] MISMATCH w117:735 out[0] max|delta|=2.271e-03 (rtol=0.01 atol=0.001)
  [1779] MISMATCH w118:301 out[0] max|delta|=1.000e+00 (rtol=0.01 atol=0.001)
  [1788] MISMATCH w118:389 out[2] non-finite mismatch (nan/inf positions differ)
  [1790] MISMATCH w118:405 out[1] max|delta|=5.125e-03 (rtol=0.01 atol=0.001)
  [1797] MISMATCH w118:433 out[1] max|delta|=7.000e+00 (rtol=0.0 atol=0.0)
  [1798] MISMATCH w118:46 out[1] max|delta|=1.641e-02 (rtol=0.01 atol=0.001)
  [1799] MISMATCH w118:466 out[3] max|delta|=1.110e+00 (rtol=0.01 atol=0.001)
  [t= 387s] 1801/10518 ( 4.6/s)  ok=928 mism=285 crash=44 timeout=1 skip=543  |  inflight=23
  [1802] MISMATCH w118:51 out[0] max|delta|=8.606e-01 (rtol=0.01 atol=0.001)
  [1804] MISMATCH w118:551 out[1] max|delta|=1.000e+00 (rtol=0.0 atol=0.0)
  [1805] MISMATCH w118:563 out[3] max|delta|=1.390e-02 (rtol=0.01 atol=0.001)
  [1810] MISMATCH w118:620 out[1] max|delta|=2.112e-01 (rtol=0.01 atol=0.001)
  [1811] MISMATCH w118:623 out[0] non-finite mismatch (nan/inf positions differ)
  [1824] MISMATCH w118:84 out[0] max|delta|=2.500e-01 (rtol=0.01 atol=0.001)
  [1835] MISMATCH w119:172 out[3] non-finite mismatch (nan/inf positions differ)
  [t= 391s] 1835/10518 ( 4.7/s)  ok=947 mism=292 crash=44 timeout=1 skip=551  |  inflight=24
  [1845] CRASH    w119:219 executor died (native abort)
  [t= 394s] 1845/10518 ( 4.7/s)  ok=954 mism=292 crash=45 timeout=1 skip=553  |  inflight=24
  [1850] CRASH    w119:274 executor died (native abort)
  [t= 398s] 1850/10518 ( 4.7/s)  ok=957 mism=292 crash=46 timeout=1 skip=554  |  inflight=24
  [1853] MISMATCH w119:308 out[0] max|delta|=1.000e+00 (rtol=0.0 atol=0.0)
  [1855] MISMATCH w119:325 out[3] max|delta|=1.000e+00 (rtol=0.0 atol=0.0)
  [1856] MISMATCH w119:33 out[0] max|delta|=2.570e+00 (rtol=0.01 atol=0.001)
  [1866] MISMATCH w119:403 out[0] non-finite mismatch (nan/inf positions differ)
  [t= 401s] 1867/10518 ( 4.7/s)  ok=964 mism=296 crash=46 timeout=1 skip=560  |  inflight=23
  [1877] MISMATCH w119:48 out[2] non-finite mismatch (nan/inf positions differ)
  [1878] MISMATCH w119:546 out[2] max|delta|=2.560e+02 (rtol=0.0 atol=0.0)
  [1880] MISMATCH w119:583 out[0] non-finite mismatch (nan/inf positions differ)
  [1893] MISMATCH w119:744 out[0] max|delta|=6.250e-01 (rtol=0.01 atol=0.001)
  [1897] MISMATCH w12:107 out[2] max|delta|=1.000e+00 (rtol=0.0 atol=0.0)
  [1900] MISMATCH w12:125 out[3] max|delta|=1.000e+00 (rtol=0.01 atol=0.001)
  [1907] CRASH    w12:138 executor died (native abort)
  [1911] MISMATCH w12:176 out[1] max|delta|=7.469e+00 (rtol=0.01 atol=0.001)
  [1915] CRASH    w12:193 executor died (native abort)
  [t= 404s] 1915/10518 ( 4.7/s)  ok=988 mism=303 crash=48 timeout=1 skip=575  |  inflight=23
  [t= 407s] 1915/10518 ( 4.7/s)  ok=988 mism=303 crash=48 timeout=1 skip=575  |  inflight=24
  [1917] MISMATCH w12:2 out[2] non-finite mismatch (nan/inf positions differ)
  [1918] MISMATCH w12:204 out[3] max|delta|=1.000e+00 (rtol=0.0 atol=0.0)
  [1920] MISMATCH w12:215 out[1] max|delta|=1.000e+00 (rtol=0.0 atol=0.0)
  [1923] MISMATCH w12:235 out[3] max|delta|=1.000e+00 (rtol=0.0 atol=0.0)
  [t= 410s] 1923/10518 ( 4.7/s)  ok=992 mism=307 crash=48 timeout=1 skip=575  |  inflight=23
  [1924] MISMATCH w12:292 out[1] max|delta|=9.925e-01 (rtol=0.01 atol=0.001)
  [1928] MISMATCH w12:316 out[2] max|delta|=1.719e+00 (rtol=0.01 atol=0.001)
  [1931] MISMATCH w12:358 out[0] non-finite mismatch (nan/inf positions differ)
  [1934] MISMATCH w12:366 out[1] max|delta|=1.000e+00 (rtol=0.0 atol=0.0)
  [1942] MISMATCH w12:428 out[2] non-finite mismatch (nan/inf positions differ)
  [1953] CRASH    w12:486 executor died (native abort)
  [1954] MISMATCH w12:533 out[2] max|delta|=2.550e+02 (rtol=0.0 atol=0.0)
  [1956] MISMATCH w12:541 out[2] non-finite mismatch (nan/inf positions differ)
  [1957] MISMATCH w12:573 out[2] non-finite mismatch (nan/inf positions differ)
  [1959] MISMATCH w12:587 out[2] non-finite mismatch (nan/inf positions differ)
  [1960] MISMATCH w12:588 out[2] max|delta|=1.000e+00 (rtol=0.01 atol=0.001)
  [1963] MISMATCH w12:6 out[2] max|delta|=3.141e+00 (rtol=0.01 atol=0.001)
  [t= 413s] 1967/10518 ( 4.8/s)  ok=1009 mism=318 crash=49 timeout=1 skip=590  |  inflight=24
  [1968] CRASH    w12:634 executor died (native abort)
  [t= 416s] 1968/10518 ( 4.7/s)  ok=1009 mism=318 crash=50 timeout=1 skip=590  |  inflight=24
  [1973] MISMATCH w12:674 out[0] max|delta|=9.987e-01 (rtol=0.01 atol=0.001)
  [1975] CRASH    w12:712 executor died (native abort)
  [1979] MISMATCH w12:743 out[2] max|delta|=6.777e-01 (rtol=0.01 atol=0.001)
  [t= 419s] 1979/10518 ( 4.7/s)  ok=1014 mism=320 crash=51 timeout=1 skip=593  |  inflight=23
  [1984] MISMATCH w120:0 out[1] max|delta|=1.000e+00 (rtol=0.0 atol=0.0)
  [t= 423s] 1984/10518 ( 4.7/s)  ok=1016 mism=321 crash=51 timeout=1 skip=595  |  inflight=24
  [t= 426s] 1999/10518 ( 4.7/s)  ok=1026 mism=321 crash=51 timeout=1 skip=600  |  inflight=23
  [2001] MISMATCH w120:103 out[1] max|delta|=2.527e+00 (rtol=0.01 atol=0.001)
  [2004] MISMATCH w120:269 out[3] max|delta|=2.834e-03 (rtol=0.01 atol=0.001)
  [2005] MISMATCH w120:279 out[2] non-finite mismatch (nan/inf positions differ)
  [2022] MISMATCH w120:459 out[3] non-finite mismatch (nan/inf positions differ)
  [2028] MISMATCH w120:5 out[4] non-finite mismatch (nan/inf positions differ)
  [2038] MISMATCH w120:61 out[1] non-finite mismatch (nan/inf positions differ)
  [2040] MISMATCH w120:652 out[3] non-finite mismatch (nan/inf positions differ)
  [2042] MISMATCH w120:675 out[0] max|delta|=1.000e+00 (rtol=0.01 atol=0.001)
  [2050] MISMATCH w120:742 out[0] max|delta|=1.868e-02 (rtol=0.01 atol=0.001)
  [2056] MISMATCH w121:108 out[2] max|delta|=7.100e+01 (rtol=0.0 atol=0.0)
  [2063] MISMATCH w121:164 out[1] max|delta|=1.562e-02 (rtol=0.01 atol=0.001)
  [t= 429s] 2067/10518 ( 4.8/s)  ok=1055 mism=332 crash=51 timeout=1 skip=628  |  inflight=23
  [2069] CRASH    w121:197 executor died (native abort)
  [t= 432s] 2069/10518 ( 4.8/s)  ok=1055 mism=332 crash=52 timeout=1 skip=629  |  inflight=24
  [2072] MISMATCH w121:247 out[1] max|delta|=5.001e+00 (rtol=0.01 atol=0.001)
  [2075] MISMATCH w121:257 out[2] non-finite mismatch (nan/inf positions differ)
  [2078] MISMATCH w121:278 out[0] max|delta|=9.986e+03 (rtol=0.01 atol=0.001)
  [2081] MISMATCH w121:325 out[2] non-finite mismatch (nan/inf positions differ)
  [2085] MISMATCH w121:351 out[2] max|delta|=1.000e+00 (rtol=0.0 atol=0.0)
  [2089] MISMATCH w121:377 out[1] max|delta|=1.000e+00 (rtol=0.01 atol=0.001)
  [2091] MISMATCH w121:382 out[1] non-finite mismatch (nan/inf positions differ)
  [t= 435s] 2097/10518 ( 4.8/s)  ok=1070 mism=339 crash=52 timeout=1 skip=635  |  inflight=23
  [2100] MISMATCH w121:457 out[0] non-finite mismatch (nan/inf positions differ)
  [2104] MISMATCH w121:464 out[2] max|delta|=1.000e+00 (rtol=0.01 atol=0.001)
  [2115] MISMATCH w121:571 out[0] non-finite mismatch (nan/inf positions differ)
  [2119] MISMATCH w121:588 out[0] non-finite mismatch (nan/inf positions differ)
  [2124] CRASH    w121:583 executor died (native abort)
  [2125] MISMATCH w121:628 out[0] max|delta|=1.907e+00 (rtol=0.01 atol=0.001)
  [2128] MISMATCH w121:718 out[4] max|delta|=4.582e+18 (rtol=0.0 atol=0.0)
  [t= 438s] 2144/10518 ( 4.9/s)  ok=1093 mism=345 crash=53 timeout=1 skip=652  |  inflight=23
  [2151] MISMATCH w122:251 out[1] non-finite mismatch (nan/inf positions differ)
  [2157] MISMATCH w122:322 out[1] max|delta|=1.000e+00 (rtol=0.0 atol=0.0)
  [2160] MISMATCH w122:341 out[2] non-finite mismatch (nan/inf positions differ)
  [t= 441s] 2162/10518 ( 4.9/s)  ok=1104 mism=348 crash=53 timeout=1 skip=656  |  inflight=23
  [2165] MISMATCH w122:371 out[0] non-finite mismatch (nan/inf positions differ)
  [2175] MISMATCH w122:439 out[0] max|delta|=1.000e+00 (rtol=0.0 atol=0.0)
  [2178] MISMATCH w122:470 out[3] max|delta|=1.000e+00 (rtol=0.0 atol=0.0)
  [2184] MISMATCH w122:517 out[0] max|delta|=1.000e+00 (rtol=0.01 atol=0.001)
  [2189] CRASH    w122:577 executor died (native abort)
  [t= 444s] 2193/10518 ( 4.9/s)  ok=1115 mism=352 crash=54 timeout=1 skip=671  |  inflight=23
  [2196] MISMATCH w122:657 out[1] max|delta|=9.223e+18 (rtol=0.0 atol=0.0)
  [2202] MISMATCH w122:702 out[2] non-finite mismatch (nan/inf positions differ)
  [2211] MISMATCH w122:769 out[2] max|delta|=1.000e+00 (rtol=0.0 atol=0.0)
  [2219] MISMATCH w123:128 out[3] max|delta|=3.000e+00 (rtol=0.0 atol=0.0)
  [2221] MISMATCH w123:152 out[3] max|delta|=1.220e+07 (rtol=0.01 atol=0.001)
  [t= 447s] 2228/10518 ( 5.0/s)  ok=1134 mism=357 crash=54 timeout=1 skip=682  |  inflight=23
  [2250] MISMATCH w123:315 out[3] non-finite mismatch (nan/inf positions differ)
  [2252] MISMATCH w123:323 out[1] max|delta|=1.000e+00 (rtol=0.0 atol=0.0)
  [2261] MISMATCH w123:36 out[1] max|delta|=1.000e+00 (rtol=0.0 atol=0.0)
  [2270] MISMATCH w123:458 out[4] max|delta|=1.536e+03 (rtol=0.0 atol=0.0)
  [2271] MISMATCH w123:49 out[0] max|delta|=9.824e-01 (rtol=0.01 atol=0.001)
  [2275] MISMATCH w123:500 out[2] max|delta|=2.550e+02 (rtol=0.0 atol=0.0)
  [t= 450s] 2280/10518 ( 5.1/s)  ok=1164 mism=363 crash=54 timeout=1 skip=698  |  inflight=23
  [2293] MISMATCH w123:618 out[3] non-finite mismatch (nan/inf positions differ)
  [2296] MISMATCH w123:681 out[3] non-finite mismatch (nan/inf positions differ)
  [2301] MISMATCH w123:7 out[1] max|delta|=8.260e-02 (rtol=0.01 atol=0.001)
  [2328] CRASH    w124:184 executor died (native abort)
  [t= 454s] 2331/10518 ( 5.1/s)  ok=1201 mism=366 crash=55 timeout=1 skip=708  |  inflight=24
  [t= 457s] 2332/10518 ( 5.1/s)  ok=1202 mism=366 crash=55 timeout=1 skip=708  |  inflight=24
  [2350] MISMATCH w124:414 out[0] non-finite mismatch (nan/inf positions differ)
  [2357] MISMATCH w124:469 out[3] max|delta|=1.000e+00 (rtol=0.0 atol=0.0)
  [t= 460s] 2357/10518 ( 5.1/s)  ok=1216 mism=368 crash=55 timeout=1 skip=717  |  inflight=23
  [2362] MISMATCH w124:518 out[1] max|delta|=1.013e-01 (rtol=0.01 atol=0.001)
  [2363] MISMATCH w124:545 out[0] non-finite mismatch (nan/inf positions differ)
  [2364] MISMATCH w124:557 out[2] max|delta|=1.000e+00 (rtol=0.01 atol=0.001)
  [2382] MISMATCH w124:686 out[2] non-finite mismatch (nan/inf positions differ)
  [2392] MISMATCH w125:122 out[3] non-finite mismatch (nan/inf positions differ)
  [t= 463s] 2393/10518 ( 5.2/s)  ok=1238 mism=373 crash=55 timeout=1 skip=726  |  inflight=23
  [2396] MISMATCH w125:150 out[4] max|delta|=1.000e+00 (rtol=0.0 atol=0.0)
  [2403] MISMATCH w125:163 out[2] non-finite mismatch (nan/inf positions differ)
  [2405] MISMATCH w125:167 out[1] max|delta|=1.000e+00 (rtol=0.01 atol=0.001)
  [2420] MISMATCH w125:284 out[2] max|delta|=1.260e-01 (rtol=0.01 atol=0.001)
  [2427] MISMATCH w125:32 out[1] max|delta|=2.560e+02 (rtol=0.01 atol=0.001)
  [2430] MISMATCH w125:336 out[3] max|delta|=1.000e+00 (rtol=0.0 atol=0.0)
  [2433] MISMATCH w125:357 out[2] non-finite mismatch (nan/inf positions differ)
  [2435] MISMATCH w125:360 out[0] non-finite mismatch (nan/inf positions differ)
  [t= 466s] 2435/10518 ( 5.2/s)  ok=1257 mism=381 crash=55 timeout=1 skip=741  |  inflight=23
  [2446] MISMATCH w125:432 out[3] max|delta|=1.000e+00 (rtol=0.01 atol=0.001)
  [2448] MISMATCH w125:46 out[1] max|delta|=1.426e-01 (rtol=0.01 atol=0.001)
  [2454] MISMATCH w125:517 out[0] max|delta|=5.296e+00 (rtol=0.01 atol=0.001)
  [2463] MISMATCH w125:571 out[4] non-finite mismatch (nan/inf positions differ)
  [t= 469s] 2463/10518 ( 5.2/s)  ok=1269 mism=385 crash=55 timeout=1 skip=753  |  inflight=23
  [2471] MISMATCH w125:711 out[1] non-finite mismatch (nan/inf positions differ)
  [t= 472s] 2471/10518 ( 5.2/s)  ok=1271 mism=386 crash=55 timeout=1 skip=758  |  inflight=24
  [2480] MISMATCH w125:77 out[1] max|delta|=9.573e-01 (rtol=0.01 atol=0.001)
  [2484] MISMATCH w126:111 out[2] max|delta|=4.000e+00 (rtol=0.0 atol=0.0)
  [t= 476s] 2486/10518 ( 5.2/s)  ok=1281 mism=388 crash=55 timeout=1 skip=761  |  inflight=23
  [2491] MISMATCH w126:182 out[3] max|delta|=7.713e-01 (rtol=0.01 atol=0.001)
  [2492] MISMATCH w126:208 out[2] max|delta|=7.000e+00 (rtol=0.0 atol=0.0)
  [2498] MISMATCH w126:226 out[0] max|delta|=1.000e+00 (rtol=0.01 atol=0.001)
  [2501] MISMATCH w126:255 out[4] max|delta|=5.889e-01 (rtol=0.01 atol=0.001)
  [2504] MISMATCH w126:279 out[0] max|delta|=5.175e-01 (rtol=0.01 atol=0.001)
  [2505] MISMATCH w126:296 out[2] non-finite mismatch (nan/inf positions differ)
  [2508] MISMATCH w126:353 out[4] max|delta|=1.000e+00 (rtol=0.0 atol=0.0)
  [t= 479s] 2510/10518 ( 5.2/s)  ok=1290 mism=395 crash=55 timeout=1 skip=769  |  inflight=23
  [2516] MISMATCH w126:398 out[1] non-finite mismatch (nan/inf positions differ)
  [2522] MISMATCH w126:430 out[4] non-finite mismatch (nan/inf positions differ)
  [2523] MISMATCH w126:439 out[0] max|delta|=2.725e+00 (rtol=0.01 atol=0.001)
  [2525] MISMATCH w126:449 out[1] max|delta|=6.934e-01 (rtol=0.01 atol=0.001)
  [2528] MISMATCH w126:464 out[0] non-finite mismatch (nan/inf positions differ)
  [t= 482s] 2529/10518 ( 5.2/s)  ok=1299 mism=400 crash=55 timeout=1 skip=774  |  inflight=24
  [t= 485s] 2529/10518 ( 5.2/s)  ok=1299 mism=400 crash=55 timeout=1 skip=774  |  inflight=24
  [2535] MISMATCH w126:579 out[1] max|delta|=1.000e+00 (rtol=0.0 atol=0.0)
  [2537] MISMATCH w126:589 out[3] non-finite mismatch (nan/inf positions differ)
  [2540] MISMATCH w126:601 out[0] non-finite mismatch (nan/inf positions differ)
  [t= 488s] 2544/10518 ( 5.2/s)  ok=1308 mism=403 crash=55 timeout=1 skip=777  |  inflight=23
  [2549] MISMATCH w126:706 out[1] max|delta|=2.356e+00 (rtol=0.01 atol=0.001)
  [2551] MISMATCH w126:91 out[2] max|delta|=2.147e+09 (rtol=0.01 atol=0.001)
  [2554] MISMATCH w127:104 out[0] max|delta|=1.110e+00 (rtol=0.01 atol=0.001)
  [2556] MISMATCH w127:121 out[1] max|delta|=1.000e+00 (rtol=0.0 atol=0.0)
  [2561] MISMATCH w127:158 out[3] non-finite mismatch (nan/inf positions differ)
  [2562] MISMATCH w127:162 out[1] non-finite mismatch (nan/inf positions differ)
  [2565] MISMATCH w127:194 out[3] max|delta|=2.271e-03 (rtol=0.01 atol=0.001)
  [t= 491s] 2571/10518 ( 5.2/s)  ok=1321 mism=410 crash=55 timeout=1 skip=784  |  inflight=23
  [2573] MISMATCH w127:239 out[3] non-finite mismatch (nan/inf positions differ)
  [2580] CRASH    w127:310 executor died (native abort)
  [t= 494s] 2580/10518 ( 5.2/s)  ok=1326 mism=411 crash=56 timeout=1 skip=786  |  inflight=24
  [t= 497s] 2581/10518 ( 5.2/s)  ok=1326 mism=411 crash=56 timeout=2 skip=786  |  inflight=24
  [t= 501s] 2587/10518 ( 5.2/s)  ok=1331 mism=411 crash=56 timeout=2 skip=787  |  inflight=23
  [2589] MISMATCH w127:367 out[2] max|delta|=2.527e+00 (rtol=0.01 atol=0.001)
  [2591] CRASH    w127:392 executor died (native abort)
  [t= 504s] 2591/10518 ( 5.1/s)  ok=1332 mism=412 crash=57 timeout=2 skip=788  |  inflight=24
  [t= 507s] 2591/10518 ( 5.1/s)  ok=1332 mism=412 crash=57 timeout=2 skip=788  |  inflight=24
  [2595] CRASH    w127:41 executor died (native abort)
  [t= 510s] 2597/10518 ( 5.1/s)  ok=1337 mism=412 crash=58 timeout=2 skip=788  |  inflight=23
  [2606] MISMATCH w127:530 out[2] non-finite mismatch (nan/inf positions differ)
  [2608] MISMATCH w127:583 out[0] non-finite mismatch (nan/inf positions differ)
  [2609] MISMATCH w127:613 out[2] max|delta|=1.000e+00 (rtol=0.0 atol=0.0)
  [2611] MISMATCH w127:63 out[3] max|delta|=2.400e+01 (rtol=0.0 atol=0.0)
  [2615] MISMATCH w127:663 out[2] non-finite mismatch (nan/inf positions differ)
  [2618] MISMATCH w127:697 out[0] max|delta|=2.560e+02 (rtol=0.0 atol=0.0)
  [t= 513s] 2620/10518 ( 5.1/s)  ok=1350 mism=418 crash=58 timeout=2 skip=792  |  inflight=23
  [2625] CRASH    w13:104 executor died (native abort)
  [t= 516s] 2630/10518 ( 5.1/s)  ok=1357 mism=418 crash=59 timeout=2 skip=794  |  inflight=23
  [2631] MISMATCH w13:162 out[0] non-finite mismatch (nan/inf positions differ)
  [2633] MISMATCH w13:19 out[3] max|delta|=6.343e-01 (rtol=0.01 atol=0.001)
  [2639] MISMATCH w13:235 out[3] max|delta|=1.000e+00 (rtol=0.01 atol=0.001)
  [2653] MISMATCH w13:341 out[0] non-finite mismatch (nan/inf positions differ)
  [t= 519s] 2655/10518 ( 5.1/s)  ok=1369 mism=422 crash=59 timeout=2 skip=803  |  inflight=23
  [2660] MISMATCH w13:397 out[0] max|delta|=9.573e-01 (rtol=0.01 atol=0.001)
  [2672] CRASH    w13:444 executor died (native abort)
  [t= 523s] 2672/10518 ( 5.1/s)  ok=1376 mism=423 crash=60 timeout=2 skip=811  |  inflight=24
  [t= 526s] 2672/10518 ( 5.1/s)  ok=1376 mism=423 crash=60 timeout=2 skip=811  |  inflight=24
  [2674] MISMATCH w13:478 out[4] max|delta|=9.223e+18 (rtol=0.0 atol=0.0)
  [2677] MISMATCH w13:521 out[0] max|delta|=1.000e+00 (rtol=0.01 atol=0.001)
  [2680] MISMATCH w13:538 out[1] max|delta|=9.223e+18 (rtol=0.0 atol=0.0)
  [2681] MISMATCH w13:546 out[0] non-finite mismatch (nan/inf positions differ)
  [2684] MISMATCH w13:582 out[3] max|delta|=2.147e+09 (rtol=0.0 atol=0.0)
  [2687] MISMATCH w13:604 out[0] non-finite mismatch (nan/inf positions differ)
  [2691] MISMATCH w13:639 out[0] max|delta|=4.825e-01 (rtol=0.01 atol=0.001)
  [2692] MISMATCH w13:67 out[2] non-finite mismatch (nan/inf positions differ)
  [2709] MISMATCH w13:79 out[3] max|delta|=1.000e+00 (rtol=0.01 atol=0.001)
  [2715] MISMATCH w14:14 out[2] max|delta|=1.000e+00 (rtol=0.0 atol=0.0)
  [t= 529s] 2716/10518 ( 5.1/s)  ok=1400 mism=433 crash=60 timeout=2 skip=821  |  inflight=23
  [2721] CRASH    w14:151 executor died (native abort)
  [2725] MISMATCH w14:194 out[1] non-finite mismatch (nan/inf positions differ)
  [2732] MISMATCH w14:254 out[4] max|delta|=1.000e+00 (rtol=0.0 atol=0.0)
  [2741] MISMATCH w14:322 out[2] max|delta|=7.926e-02 (rtol=0.01 atol=0.001)
  [t= 532s] 2742/10518 ( 5.2/s)  ok=1411 mism=436 crash=61 timeout=2 skip=832  |  inflight=23
  [2745] MISMATCH w14:38 out[4] max|delta|=1.000e+00 (rtol=0.0 atol=0.0)
  [2748] MISMATCH w14:402 out[0] max|delta|=1.164e+00 (rtol=0.01 atol=0.001)
  [2753] MISMATCH w14:42 out[2] max|delta|=2.560e+02 (rtol=0.01 atol=0.001)
  [2756] CRASH    w14:448 executor died (native abort)
  [t= 535s] 2756/10518 ( 5.2/s)  ok=1418 mism=439 crash=62 timeout=2 skip=835  |  inflight=24
  [t= 538s] 2757/10518 ( 5.1/s)  ok=1419 mism=439 crash=62 timeout=2 skip=835  |  inflight=24
  [t= 541s] 2757/10518 ( 5.1/s)  ok=1419 mism=439 crash=62 timeout=2 skip=835  |  inflight=24
  [2759] MISMATCH w14:460 out[0] non-finite mismatch (nan/inf positions differ)
  [2764] MISMATCH w14:511 out[3] max|delta|=3.518e+00 (rtol=0.01 atol=0.001)
  [2765] MISMATCH w14:533 out[0] non-finite mismatch (nan/inf positions differ)
  [2769] MISMATCH w14:459 out[2] max|delta|=1.000e+00 (rtol=0.0 atol=0.0)
  [2770] MISMATCH w14:557 out[0] max|delta|=2.527e+00 (rtol=0.01 atol=0.001)
  [2773] MISMATCH w14:571 out[2] max|delta|=8.064e+03 (rtol=0.01 atol=0.001)
  [t= 544s] 2773/10518 ( 5.1/s)  ok=1425 mism=445 crash=62 timeout=2 skip=839  |  inflight=23
  [2778] MISMATCH w14:595 out[3] max|delta|=1.000e+00 (rtol=0.01 atol=0.001)
  [2783] MISMATCH w14:654 out[3] max|delta|=3.000e+00 (rtol=0.0 atol=0.0)
  [2795] MISMATCH w14:79 out[0] max|delta|=5.400e+01 (rtol=0.01 atol=0.001)
  [t= 547s] 2797/10518 ( 5.1/s)  ok=1436 mism=448 crash=62 timeout=2 skip=849  |  inflight=23
  [2806] MISMATCH w15:148 out[2] max|delta|=2.147e+09 (rtol=0.0 atol=0.0)
  [2814] MISMATCH w15:203 out[2] non-finite mismatch (nan/inf positions differ)
  [t= 550s] 2821/10518 ( 5.1/s)  ok=1449 mism=450 crash=62 timeout=2 skip=858  |  inflight=23
  [2839] MISMATCH w15:361 out[0] max|delta|=2.000e+00 (rtol=0.01 atol=0.001)
  [2846] MISMATCH w15:380 out[3] max|delta|=1.000e+00 (rtol=0.0 atol=0.0)
  [2853] CRASH    w15:403 executor died (native abort)
  [2861] MISMATCH w15:49 out[2] max|delta|=7.000e+00 (rtol=0.01 atol=0.001)
  [2865] MISMATCH w15:543 out[1] max|delta|=2.560e+02 (rtol=0.0 atol=0.0)
  [t= 553s] 2865/10518 ( 5.2/s)  ok=1474 mism=454 crash=63 timeout=2 skip=872  |  inflight=23
  [2866] MISMATCH w15:555 out[3] max|delta|=1.000e+00 (rtol=0.0 atol=0.0)
  [2868] MISMATCH w15:574 out[1] non-finite mismatch (nan/inf positions differ)
  [2878] MISMATCH w15:63 out[0] max|delta|=1.526e-02 (rtol=0.01 atol=0.001)
  [2885] MISMATCH w15:670 out[2] non-finite mismatch (nan/inf positions differ)
  [2889] MISMATCH w15:693 out[2] max|delta|=1.000e+00 (rtol=0.0 atol=0.0)
  [2897] MISMATCH w15:775 out[0] non-finite mismatch (nan/inf positions differ)
  [t= 556s] 2898/10518 ( 5.2/s)  ok=1486 mism=460 crash=63 timeout=2 skip=887  |  inflight=23
  [2900] CRASH    w16:108 executor died (native abort)
  [2901] MISMATCH w15:633 out[2] max|delta|=2.000e+00 (rtol=0.01 atol=0.001)
  [t= 560s] 2901/10518 ( 5.2/s)  ok=1487 mism=461 crash=64 timeout=2 skip=887  |  inflight=24
  [t= 563s] 2901/10518 ( 5.2/s)  ok=1487 mism=461 crash=64 timeout=2 skip=887  |  inflight=24
  [t= 566s] 2901/10518 ( 5.1/s)  ok=1487 mism=461 crash=64 timeout=2 skip=887  |  inflight=24
  [2905] MISMATCH w16:142 out[1] max|delta|=2.500e-01 (rtol=0.01 atol=0.001)
  [2908] MISMATCH w16:168 out[3] max|delta|=8.440e+00 (rtol=0.01 atol=0.001)
  [2912] MISMATCH w16:181 out[0] max|delta|=1.000e+00 (rtol=0.0 atol=0.0)
  [2914] MISMATCH w16:200 out[0] non-finite mismatch (nan/inf positions differ)
  [2915] MISMATCH w16:21 out[0] max|delta|=1.174e+00 (rtol=0.01 atol=0.001)
  [2917] CRASH    w16:183 executor died (native abort)
  [t= 569s] 2919/10518 ( 5.1/s)  ok=1494 mism=466 crash=65 timeout=2 skip=892  |  inflight=24
  [t= 572s] 2919/10518 ( 5.1/s)  ok=1494 mism=466 crash=65 timeout=2 skip=892  |  inflight=24
  [t= 575s] 2919/10518 ( 5.1/s)  ok=1494 mism=466 crash=65 timeout=2 skip=892  |  inflight=24
  [2922] MISMATCH w16:343 out[1] max|delta|=6.918e+18 (rtol=0.0 atol=0.0)
  [2927] MISMATCH w16:399 out[3] non-finite mismatch (nan/inf positions differ)
  [2928] CRASH    w16:310 executor died (native abort)
  [2929] MISMATCH w16:40 out[1] max|delta|=1.000e+00 (rtol=0.0 atol=0.0)
  [2937] CRASH    w16:445 executor died (native abort)
  [t= 578s] 2937/10518 ( 5.1/s)  ok=1501 mism=469 crash=67 timeout=2 skip=898  |  inflight=24
  [t= 581s] 2937/10518 ( 5.1/s)  ok=1501 mism=469 crash=67 timeout=2 skip=898  |  inflight=24
  [t= 584s] 2937/10518 ( 5.0/s)  ok=1501 mism=469 crash=67 timeout=2 skip=898  |  inflight=24
  [t= 587s] 2937/10518 ( 5.0/s)  ok=1501 mism=469 crash=67 timeout=2 skip=898  |  inflight=24
  [2945] CRASH    w16:486 executor died (native abort)
  [2949] MISMATCH w16:523 out[2] non-finite mismatch (nan/inf positions differ)
  [t= 591s] 2951/10518 ( 5.0/s)  ok=1509 mism=470 crash=68 timeout=2 skip=902  |  inflight=24
  [t= 594s] 2952/10518 ( 5.0/s)  ok=1509 mism=470 crash=68 timeout=3 skip=902  |  inflight=24
  [t= 597s] 2952/10518 ( 4.9/s)  ok=1509 mism=470 crash=68 timeout=3 skip=902  |  inflight=24
  [2954] MISMATCH w16:582 out[0] non-finite mismatch (nan/inf positions differ)
  [2956] CRASH    w16:62 executor died (native abort)
  [2960] CRASH    w16:662 executor died (native abort)
  [t= 600s] 2960/10518 ( 4.9/s)  ok=1513 mism=471 crash=70 timeout=3 skip=903  |  inflight=24
  [t= 603s] 2960/10518 ( 4.9/s)  ok=1513 mism=471 crash=70 timeout=3 skip=903  |  inflight=24
  [2971] MISMATCH w16:79 out[1] non-finite mismatch (nan/inf positions differ)
  [2973] MISMATCH w17:108 out[2] max|delta|=4.000e+00 (rtol=0.0 atol=0.0)
  [t= 606s] 2975/10518 ( 4.9/s)  ok=1523 mism=473 crash=70 timeout=3 skip=906  |  inflight=23
  [2980] MISMATCH w17:214 out[0] non-finite mismatch (nan/inf positions differ)
  [2981] CRASH    w17:164 executor died (native abort)
  [2986] MISMATCH w17:254 out[4] max|delta|=2.500e-01 (rtol=0.01 atol=0.001)
  [t= 609s] 3000/10518 ( 4.9/s)  ok=1536 mism=475 crash=71 timeout=3 skip=915  |  inflight=23
  [t= 613s] 3003/10518 ( 4.9/s)  ok=1539 mism=475 crash=71 timeout=3 skip=915  |  inflight=24
  [3004] CRASH    w17:4 executor died (native abort)
  [t= 616s] 3004/10518 ( 4.9/s)  ok=1539 mism=475 crash=72 timeout=3 skip=915  |  inflight=24
  [t= 619s] 3010/10518 ( 4.9/s)  ok=1544 mism=475 crash=72 timeout=3 skip=916  |  inflight=23
  [3014] CRASH    w17:528 executor died (native abort)
  [t= 622s] 3014/10518 ( 4.8/s)  ok=1545 mism=475 crash=73 timeout=3 skip=918  |  inflight=24
  [t= 625s] 3017/10518 ( 4.8/s)  ok=1547 mism=475 crash=73 timeout=3 skip=919  |  inflight=23
  [3018] MISMATCH w17:543 out[2] non-finite mismatch (nan/inf positions differ)
  [t= 629s] 3023/10518 ( 4.8/s)  ok=1551 mism=476 crash=73 timeout=3 skip=920  |  inflight=24
  [t= 632s] 3026/10518 ( 4.8/s)  ok=1553 mism=476 crash=73 timeout=3 skip=921  |  inflight=23
  [3027] MISMATCH w17:667 out[2] non-finite mismatch (nan/inf positions differ)
  [3029] MISMATCH w17:70 out[3] max|delta|=4.736e-02 (rtol=0.01 atol=0.001)
  [3035] MISMATCH w17:758 out[2] max|delta|=1.000e+00 (rtol=0.0 atol=0.0)
  [3036] CRASH    w17:91 executor died (native abort)
  [t= 635s] 3036/10518 ( 4.8/s)  ok=1557 mism=479 crash=74 timeout=3 skip=923  |  inflight=24
  [t= 638s] 3036/10518 ( 4.8/s)  ok=1557 mism=479 crash=74 timeout=3 skip=923  |  inflight=24
  [3038] CRASH    w17:95 executor died (native abort)
  [t= 641s] 3038/10518 ( 4.7/s)  ok=1557 mism=479 crash=75 timeout=3 skip=924  |  inflight=24
  [t= 644s] 3038/10518 ( 4.7/s)  ok=1557 mism=479 crash=75 timeout=3 skip=924  |  inflight=24
  [3039] MISMATCH w18:0 out[4] max|delta|=1.562e-01 (rtol=0.01 atol=0.001)
  [t= 647s] 3044/10518 ( 4.7/s)  ok=1562 mism=480 crash=75 timeout=3 skip=924  |  inflight=23
  [3045] MISMATCH w18:141 out[0] max|delta|=2.527e+00 (rtol=0.01 atol=0.001)
  [3046] MISMATCH w18:142 out[1] non-finite mismatch (nan/inf positions differ)
  [3049] MISMATCH w18:171 out[3] non-finite mismatch (nan/inf positions differ)
  [3051] MISMATCH w18:185 out[4] max|delta|=1.000e+00 (rtol=0.01 atol=0.001)
  [3057] MISMATCH w18:215 out[4] max|delta|=3.142e+00 (rtol=0.01 atol=0.001)
  [t= 651s] 3062/10518 ( 4.7/s)  ok=1569 mism=485 crash=75 timeout=3 skip=930  |  inflight=23
  [3063] MISMATCH w18:240 out[0] max|delta|=1.087e+00 (rtol=0.01 atol=0.001)
  [t= 654s] 3067/10518 ( 4.7/s)  ok=1570 mism=486 crash=75 timeout=3 skip=933  |  inflight=24
  [t= 657s] 3067/10518 ( 4.7/s)  ok=1570 mism=486 crash=75 timeout=3 skip=933  |  inflight=24
  [3071] MISMATCH w18:305 out[1] max|delta|=3.906e-03 (rtol=0.01 atol=0.001)
  [t= 660s] 3073/10518 ( 4.7/s)  ok=1572 mism=487 crash=75 timeout=3 skip=936  |  inflight=23
  [3075] MISMATCH w18:318 out[2] non-finite mismatch (nan/inf positions differ)
  [3079] MISMATCH w18:389 out[2] max|delta|=3.503e-02 (rtol=0.01 atol=0.001)
  [3084] MISMATCH w18:438 out[0] max|delta|=6.279e-01 (rtol=0.01 atol=0.001)
  [t= 663s] 3085/10518 ( 4.7/s)  ok=1578 mism=490 crash=75 timeout=3 skip=939  |  inflight=23
  [3086] MISMATCH w18:446 out[4] max|delta|=1.000e+00 (rtol=0.0 atol=0.0)
  [3088] MISMATCH w18:470 out[0] non-finite mismatch (nan/inf positions differ)
  [t= 667s] 3089/10518 ( 4.6/s)  ok=1579 mism=492 crash=75 timeout=3 skip=940  |  inflight=24
  [t= 670s] 3089/10518 ( 4.6/s)  ok=1579 mism=492 crash=75 timeout=3 skip=940  |  inflight=24
  [3092] MISMATCH w18:483 out[2] non-finite mismatch (nan/inf positions differ)
  [t= 673s] 3095/10518 ( 4.6/s)  ok=1582 mism=493 crash=75 timeout=3 skip=942  |  inflight=24
  [t= 676s] 3095/10518 ( 4.6/s)  ok=1582 mism=493 crash=75 timeout=3 skip=942  |  inflight=24
  [t= 679s] 3095/10518 ( 4.6/s)  ok=1582 mism=493 crash=75 timeout=3 skip=942  |  inflight=24
  [3096] MISMATCH w18:506 out[1] max|delta|=9.340e-01 (rtol=0.01 atol=0.001)
  [3101] MISMATCH w18:540 out[2] non-finite mismatch (nan/inf positions differ)
  [3103] MISMATCH w18:548 out[2] non-finite mismatch (nan/inf positions differ)
  [t= 682s] 3103/10518 ( 4.5/s)  ok=1585 mism=496 crash=75 timeout=3 skip=944  |  inflight=24
  [3104] CRASH    w18:563 executor died (native abort)
  [t= 685s] 3104/10518 ( 4.5/s)  ok=1585 mism=496 crash=76 timeout=3 skip=944  |  inflight=24
  [t= 688s] 3104/10518 ( 4.5/s)  ok=1585 mism=496 crash=76 timeout=3 skip=944  |  inflight=24
  [t= 692s] 3112/10518 ( 4.5/s)  ok=1591 mism=496 crash=76 timeout=3 skip=946  |  inflight=24
  [t= 695s] 3128/10518 ( 4.5/s)  ok=1597 mism=496 crash=76 timeout=3 skip=956  |  inflight=23
  [t= 698s] 3128/10518 ( 4.5/s)  ok=1597 mism=496 crash=76 timeout=3 skip=956  |  inflight=24
  [t= 701s] 3128/10518 ( 4.5/s)  ok=1597 mism=496 crash=76 timeout=3 skip=956  |  inflight=24
  [3132] MISMATCH w19:123 out[1] max|delta|=1.000e+00 (rtol=0.0 atol=0.0)
  [t= 704s] 3134/10518 ( 4.5/s)  ok=1601 mism=497 crash=76 timeout=3 skip=957  |  inflight=23
  [3135] MISMATCH w19:138 out[5] max|delta|=7.000e+00 (rtol=0.0 atol=0.0)
  [3138] MISMATCH w19:150 out[2] max|delta|=1.778e+00 (rtol=0.01 atol=0.001)
  [t= 707s] 3140/10518 ( 4.4/s)  ok=1603 mism=499 crash=76 timeout=3 skip=959  |  inflight=24
  [t= 710s] 3140/10518 ( 4.4/s)  ok=1603 mism=499 crash=76 timeout=3 skip=959  |  inflight=24
  [t= 714s] 3141/10518 ( 4.4/s)  ok=1603 mism=499 crash=76 timeout=4 skip=959  |  inflight=24
  [t= 717s] 3141/10518 ( 4.4/s)  ok=1603 mism=499 crash=76 timeout=4 skip=959  |  inflight=24
  [3142] CRASH    w19:20 executor died (native abort)
  [t= 720s] 3142/10518 ( 4.4/s)  ok=1603 mism=499 crash=77 timeout=4 skip=959  |  inflight=24
  [t= 723s] 3142/10518 ( 4.3/s)  ok=1603 mism=499 crash=77 timeout=4 skip=959  |  inflight=24
  [3143] MISMATCH w19:200 out[3] non-finite mismatch (nan/inf positions differ)
  [3144] MISMATCH w19:202 out[0] non-finite mismatch (nan/inf positions differ)
  [3146] MISMATCH w19:223 out[3] non-finite mismatch (nan/inf positions differ)
  [3147] CRASH    w19:226 executor died (native abort)
  [t= 726s] 3147/10518 ( 4.3/s)  ok=1603 mism=502 crash=78 timeout=4 skip=960  |  inflight=24
  [t= 729s] 3147/10518 ( 4.3/s)  ok=1603 mism=502 crash=78 timeout=4 skip=960  |  inflight=24
  [3148] MISMATCH w19:232 out[0] max|delta|=2.292e-01 (rtol=0.01 atol=0.001)
  [3151] MISMATCH w19:246 out[0] max|delta|=6.000e+00 (rtol=0.01 atol=0.001)
  [3159] MISMATCH w19:324 out[1] max|delta|=2.465e+02 (rtol=0.01 atol=0.001)
  [t= 733s] 3161/10518 ( 4.3/s)  ok=1608 mism=505 crash=78 timeout=5 skip=965  |  inflight=24
  [t= 736s] 3165/10518 ( 4.3/s)  ok=1610 mism=505 crash=78 timeout=5 skip=967  |  inflight=24
  [3170] MISMATCH w19:397 out[1] max|delta|=1.571e+00 (rtol=0.01 atol=0.001)
  [t= 739s] 3173/10518 ( 4.3/s)  ok=1614 mism=506 crash=78 timeout=5 skip=970  |  inflight=23
  [3174] MISMATCH w19:468 out[0] max|delta|=6.225e-02 (rtol=0.01 atol=0.001)
  [3183] MISMATCH w19:535 out[1] max|delta|=4.494e-03 (rtol=0.01 atol=0.001)
  [3184] MISMATCH w19:555 out[0] max|delta|=3.265e-03 (rtol=0.01 atol=0.001)
  [t= 742s] 3186/10518 ( 4.3/s)  ok=1621 mism=509 crash=78 timeout=5 skip=973  |  inflight=23
  [3188] MISMATCH w19:575 out[2] non-finite mismatch (nan/inf positions differ)
  [3191] CRASH    w19:573 executor died (native abort)
  [3193] MISMATCH w19:596 out[4] non-finite mismatch (nan/inf positions differ)
  [3195] MISMATCH w19:60 out[2] non-finite mismatch (nan/inf positions differ)
  [3197] MISMATCH w19:63 out[0] non-finite mismatch (nan/inf positions differ)
  [3199] MISMATCH w19:654 out[1] max|delta|=3.000e+00 (rtol=0.0 atol=0.0)
  [3201] MISMATCH w19:662 out[2] max|delta|=1.000e+00 (rtol=0.0 atol=0.0)
  [3202] CRASH    w19:688 executor died (native abort)
  [t= 745s] 3202/10518 ( 4.3/s)  ok=1629 mism=515 crash=80 timeout=5 skip=973  |  inflight=23
  [t= 748s] 3202/10518 ( 4.3/s)  ok=1629 mism=515 crash=80 timeout=5 skip=973  |  inflight=24
  [3204] CRASH    w19:707 executor died (native abort)
  [t= 751s] 3205/10518 ( 4.3/s)  ok=1630 mism=515 crash=81 timeout=5 skip=974  |  inflight=24
  [3209] MISMATCH w19:742 out[3] max|delta|=2.500e-01 (rtol=0.01 atol=0.001)
  [t= 755s] 3217/10518 ( 4.3/s)  ok=1635 mism=516 crash=81 timeout=5 skip=980  |  inflight=23
  [3219] MISMATCH w2:19 out[3] max|delta|=3.141e+00 (rtol=0.01 atol=0.001)
  [3221] MISMATCH w2:194 out[1] max|delta|=1.343e-01 (rtol=0.01 atol=0.001)
  [3224] CRASH    w19:708 executor died (native abort)
  [3232] MISMATCH w2:247 out[0] non-finite mismatch (nan/inf positions differ)
  [t= 758s] 3233/10518 ( 4.3/s)  ok=1644 mism=519 crash=82 timeout=5 skip=983  |  inflight=24
  [t= 761s] 3234/10518 ( 4.3/s)  ok=1644 mism=519 crash=82 timeout=5 skip=984  |  inflight=24
  [t= 764s] 3234/10518 ( 4.2/s)  ok=1644 mism=519 crash=82 timeout=5 skip=984  |  inflight=24
  [3240] MISMATCH w2:357 out[4] max|delta|=3.141e+00 (rtol=0.01 atol=0.001)
  [t= 767s] 3240/10518 ( 4.2/s)  ok=1647 mism=520 crash=82 timeout=5 skip=986  |  inflight=23
  [3241] MISMATCH w2:358 out[3] non-finite mismatch (nan/inf positions differ)
  [3243] MISMATCH w2:373 out[1] non-finite mismatch (nan/inf positions differ)
  [3274] MISMATCH w2:66 out[3] non-finite mismatch (nan/inf positions differ)
  [t= 770s] 3276/10518 ( 4.3/s)  ok=1666 mism=523 crash=82 timeout=5 skip=1000  |  inflight=23
  [3287] MISMATCH w2:99 out[0] max|delta|=1.000e+00 (rtol=0.0 atol=0.0)
  [t= 773s] 3290/10518 ( 4.3/s)  ok=1677 mism=524 crash=82 timeout=5 skip=1002  |  inflight=23
  [3296] CRASH    w20:126 executor died (native abort)
  [t= 776s] 3296/10518 ( 4.2/s)  ok=1681 mism=524 crash=83 timeout=5 skip=1003  |  inflight=24
  [3297] CRASH    w2:622 executor died (native abort)
  [t= 780s] 3297/10518 ( 4.2/s)  ok=1681 mism=524 crash=84 timeout=5 skip=1003  |  inflight=24
  [t= 783s] 3297/10518 ( 4.2/s)  ok=1681 mism=524 crash=84 timeout=5 skip=1003  |  inflight=24
  [3300] MISMATCH w20:145 out[4] non-finite mismatch (nan/inf positions differ)
  [3307] MISMATCH w20:189 out[3] non-finite mismatch (nan/inf positions differ)
  [t= 786s] 3308/10518 ( 4.2/s)  ok=1687 mism=526 crash=84 timeout=5 skip=1006  |  inflight=23
  [t= 789s] 3308/10518 ( 4.2/s)  ok=1687 mism=526 crash=84 timeout=5 skip=1006  |  inflight=24
  [t= 792s] 3308/10518 ( 4.2/s)  ok=1687 mism=526 crash=84 timeout=5 skip=1006  |  inflight=24
  [3316] MISMATCH w20:236 out[2] non-finite mismatch (nan/inf positions differ)
  [3320] CRASH    w20:249 executor died (native abort)
  [t= 795s] 3320/10518 ( 4.2/s)  ok=1695 mism=527 crash=85 timeout=5 skip=1008  |  inflight=23
  [3324] MISMATCH w20:273 out[1] max|delta|=1.000e+00 (rtol=0.0 atol=0.0)
  [3327] MISMATCH w20:286 out[3] max|delta|=8.061e-01 (rtol=0.01 atol=0.001)
  [t= 798s] 3336/10518 ( 4.2/s)  ok=1704 mism=529 crash=85 timeout=5 skip=1013  |  inflight=23
  [3340] CRASH    w20:345 executor died (native abort)
  [t= 801s] 3340/10518 ( 4.2/s)  ok=1705 mism=529 crash=86 timeout=5 skip=1015  |  inflight=24
  [3341] MISMATCH w20:39 out[2] max|delta|=1.000e+00 (rtol=0.0 atol=0.0)
  [3342] MISMATCH w20:400 out[0] non-finite mismatch (nan/inf positions differ)
  [t= 804s] 3348/10518 ( 4.2/s)  ok=1709 mism=531 crash=86 timeout=5 skip=1017  |  inflight=23
  [3352] MISMATCH w20:47 out[3] max|delta|=1.000e+00 (rtol=0.0 atol=0.0)
  [t= 807s] 3357/10518 ( 4.2/s)  ok=1714 mism=532 crash=86 timeout=5 skip=1020  |  inflight=23
  [3363] MISMATCH w20:560 out[2] max|delta|=1.666e-01 (rtol=0.01 atol=0.001)
  [3365] CRASH    w20:563 executor died (native abort)
  [3376] MISMATCH w20:690 out[0] max|delta|=7.773e-01 (rtol=0.01 atol=0.001)
  [t= 811s] 3376/10518 ( 4.2/s)  ok=1722 mism=534 crash=87 timeout=5 skip=1028  |  inflight=23
  [t= 814s] 3382/10518 ( 4.2/s)  ok=1727 mism=534 crash=87 timeout=5 skip=1029  |  inflight=24
  [t= 817s] 3382/10518 ( 4.1/s)  ok=1727 mism=534 crash=87 timeout=5 skip=1029  |  inflight=24
  [3383] MISMATCH w20:590 out[3] non-finite mismatch (nan/inf positions differ)
  [3384] MISMATCH w20:750 out[0] max|delta|=1.000e+00 (rtol=0.0 atol=0.0)
  [t= 820s] 3387/10518 ( 4.1/s)  ok=1730 mism=536 crash=87 timeout=5 skip=1029  |  inflight=23
  [3389] CRASH    w20:80 executor died (native abort)
  [t= 824s] 3395/10518 ( 4.1/s)  ok=1736 mism=536 crash=88 timeout=5 skip=1030  |  inflight=23
  [3396] MISMATCH w21:15 out[1] non-finite mismatch (nan/inf positions differ)
  [t= 827s] 3407/10518 ( 4.1/s)  ok=1745 mism=537 crash=88 timeout=6 skip=1031  |  inflight=24
  [t= 830s] 3407/10518 ( 4.1/s)  ok=1745 mism=537 crash=88 timeout=6 skip=1031  |  inflight=24
  [t= 833s] 3408/10518 ( 4.1/s)  ok=1746 mism=537 crash=88 timeout=6 skip=1031  |  inflight=24
  [3412] MISMATCH w21:274 out[0] max|delta|=1.000e+00 (rtol=0.0 atol=0.0)
  [3413] MISMATCH w21:281 out[0] non-finite mismatch (nan/inf positions differ)
  [3419] MISMATCH w21:314 out[2] max|delta|=9.223e+18 (rtol=0.01 atol=0.001)
  [3421] MISMATCH w21:338 out[0] max|delta|=1.185e-01 (rtol=0.01 atol=0.001)
  [3424] CRASH    w21:332 executor died (native abort)
  [3426] MISMATCH w21:389 out[2] non-finite mismatch (nan/inf positions differ)
  [t= 836s] 3432/10518 ( 4.1/s)  ok=1753 mism=542 crash=89 timeout=6 skip=1042  |  inflight=23
  [3434] MISMATCH w21:437 out[0] max|delta|=2.560e+02 (rtol=0.0 atol=0.0)
  [3438] MISMATCH w21:451 out[2] max|delta|=5.469e-02 (rtol=0.01 atol=0.001)
  [3440] MISMATCH w21:454 out[0] max|delta|=1.000e+00 (rtol=0.0 atol=0.0)
  [3447] CRASH    w21:552 executor died (native abort)
  [t= 839s] 3447/10518 ( 4.1/s)  ok=1759 mism=545 crash=90 timeout=6 skip=1047  |  inflight=24
  [3448] MISMATCH w21:580 out[0] max|delta|=1.000e+00 (rtol=0.0 atol=0.0)
  [3451] MISMATCH w21:627 out[0] max|delta|=1.000e+00 (rtol=0.0 atol=0.0)
  [t= 843s] 3461/10518 ( 4.1/s)  ok=1764 mism=547 crash=90 timeout=6 skip=1054  |  inflight=23
  [3466] MISMATCH w21:567 out[2] max|delta|=6.343e-01 (rtol=0.01 atol=0.001)
  [3470] CRASH    w21:86 executor died (native abort)
  [t= 846s] 3470/10518 ( 4.1/s)  ok=1770 mism=548 crash=91 timeout=6 skip=1055  |  inflight=24
  [t= 849s] 3470/10518 ( 4.1/s)  ok=1770 mism=548 crash=91 timeout=6 skip=1055  |  inflight=24
  [3471] MISMATCH w21:94 out[1] max|delta|=1.000e+00 (rtol=0.01 atol=0.001)
  [t= 852s] 3485/10518 ( 4.1/s)  ok=1777 mism=549 crash=91 timeout=6 skip=1062  |  inflight=23
  [3493] MISMATCH w22:257 out[0] max|delta|=2.147e+09 (rtol=0.0 atol=0.0)
  [3496] CRASH    w22:27 executor died (native abort)
  [3497] MISMATCH w22:293 out[2] max|delta|=1.000e+00 (rtol=0.0 atol=0.0)
  [3510] MISMATCH w22:38 out[2] max|delta|=3.174e-03 (rtol=0.01 atol=0.001)
  [t= 855s] 3511/10518 ( 4.1/s)  ok=1794 mism=552 crash=92 timeout=6 skip=1067  |  inflight=23
  [3523] MISMATCH w22:498 out[1] max|delta|=3.142e+00 (rtol=0.01 atol=0.001)
  [3526] MISMATCH w22:518 out[1] max|delta|=5.273e-02 (rtol=0.01 atol=0.001)
  [3527] MISMATCH w22:529 out[1] max|delta|=1.000e+00 (rtol=0.0 atol=0.0)
  [3529] MISMATCH w22:564 out[3] max|delta|=4.000e+00 (rtol=0.01 atol=0.001)
  [t= 858s] 3531/10518 ( 4.1/s)  ok=1802 mism=556 crash=92 timeout=6 skip=1075  |  inflight=23
  [3536] MISMATCH w22:615 out[3] non-finite mismatch (nan/inf positions differ)
  [3537] MISMATCH w22:623 out[0] max|delta|=2.197e-02 (rtol=0.01 atol=0.001)
  [3545] CRASH    w22:745 executor died (native abort)
  [t= 861s] 3545/10518 ( 4.1/s)  ok=1810 mism=558 crash=93 timeout=6 skip=1078  |  inflight=24
  [t= 865s] 3546/10518 ( 4.1/s)  ok=1811 mism=558 crash=93 timeout=6 skip=1078  |  inflight=24
  [3547] MISMATCH w22:75 out[1] max|delta|=1.000e+00 (rtol=0.0 atol=0.0)
  [3555] CRASH    w23:102 executor died (native abort)
  [t= 868s] 3555/10518 ( 4.1/s)  ok=1817 mism=559 crash=94 timeout=6 skip=1079  |  inflight=24
  [t= 871s] 3555/10518 ( 4.1/s)  ok=1817 mism=559 crash=94 timeout=6 skip=1079  |  inflight=24
  [3568] MISMATCH w23:202 out[2] max|delta|=1.000e+00 (rtol=0.0 atol=0.0)
  [t= 874s] 3569/10518 ( 4.1/s)  ok=1826 mism=560 crash=94 timeout=6 skip=1083  |  inflight=23
  [3570] CRASH    w23:243 executor died (native abort)
  [t= 877s] 3570/10518 ( 4.1/s)  ok=1826 mism=560 crash=95 timeout=6 skip=1083  |  inflight=24
  [t= 880s] 3570/10518 ( 4.1/s)  ok=1826 mism=560 crash=95 timeout=6 skip=1083  |  inflight=24
  [3573] MISMATCH w23:306 out[1] max|delta|=1.213e-02 (rtol=0.01 atol=0.001)
  [3584] MISMATCH w23:410 out[1] non-finite mismatch (nan/inf positions differ)
  [3585] MISMATCH w23:42 out[2] max|delta|=3.142e+00 (rtol=0.01 atol=0.001)
  [t= 883s] 3585/10518 ( 4.1/s)  ok=1832 mism=563 crash=95 timeout=6 skip=1089  |  inflight=23
  [t= 886s] 3587/10518 ( 4.0/s)  ok=1834 mism=563 crash=95 timeout=6 skip=1089  |  inflight=24
  [t= 889s] 3587/10518 ( 4.0/s)  ok=1834 mism=563 crash=95 timeout=6 skip=1089  |  inflight=24
  [3596] MISMATCH w23:622 out[1] non-finite mismatch (nan/inf positions differ)
  [3602] MISMATCH w23:684 out[0] max|delta|=1.000e+00 (rtol=0.01 atol=0.001)
  [3604] MISMATCH w23:709 out[2] non-finite mismatch (nan/inf positions differ)
  [t= 892s] 3605/10518 ( 4.0/s)  ok=1845 mism=566 crash=95 timeout=6 skip=1093  |  inflight=23
  [3612] MISMATCH w23:86 out[0] max|delta|=1.000e+00 (rtol=0.01 atol=0.001)
  [3613] MISMATCH w23:87 out[1] max|delta|=6.550e+04 (rtol=0.01 atol=0.001)
  [3618] CRASH    w24:162 executor died (native abort)
  [t= 896s] 3618/10518 ( 4.0/s)  ok=1850 mism=568 crash=96 timeout=6 skip=1098  |  inflight=24
  [t= 899s] 3618/10518 ( 4.0/s)  ok=1850 mism=568 crash=96 timeout=6 skip=1098  |  inflight=24
  [t= 902s] 3618/10518 ( 4.0/s)  ok=1850 mism=568 crash=96 timeout=6 skip=1098  |  inflight=24
  [3623] MISMATCH w24:208 out[0] max|delta|=1.000e+00 (rtol=0.01 atol=0.001)
  [t= 905s] 3626/10518 ( 4.0/s)  ok=1853 mism=569 crash=96 timeout=6 skip=1102  |  inflight=23
  [3628] CRASH    w24:275 executor died (native abort)
  [t= 908s] 3628/10518 ( 4.0/s)  ok=1853 mism=569 crash=97 timeout=6 skip=1103  |  inflight=24
  [t= 911s] 3628/10518 ( 4.0/s)  ok=1853 mism=569 crash=97 timeout=6 skip=1103  |  inflight=24
  [3629] MISMATCH w24:284 out[2] non-finite mismatch (nan/inf positions differ)
  [t= 914s] 3629/10518 ( 4.0/s)  ok=1853 mism=570 crash=97 timeout=6 skip=1103  |  inflight=24
  [t= 917s] 3635/10518 ( 4.0/s)  ok=1857 mism=570 crash=97 timeout=6 skip=1105  |  inflight=24
  [t= 920s] 3635/10518 ( 4.0/s)  ok=1857 mism=570 crash=97 timeout=6 skip=1105  |  inflight=24
  [t= 923s] 3635/10518 ( 3.9/s)  ok=1857 mism=570 crash=97 timeout=6 skip=1105  |  inflight=24
  [3638] MISMATCH w24:361 out[2] max|delta|=1.000e+00 (rtol=0.01 atol=0.001)
  [3651] CRASH    w24:452 executor died (native abort)
  [t= 926s] 3651/10518 ( 3.9/s)  ok=1866 mism=571 crash=98 timeout=6 skip=1110  |  inflight=24
  [t= 929s] 3651/10518 ( 3.9/s)  ok=1866 mism=571 crash=98 timeout=6 skip=1110  |  inflight=24
  [t= 932s] 3651/10518 ( 3.9/s)  ok=1866 mism=571 crash=98 timeout=6 skip=1110  |  inflight=24
  [3663] MISMATCH w24:584 out[2] max|delta|=1.830e-01 (rtol=0.01 atol=0.001)
  [t= 935s] 3664/10518 ( 3.9/s)  ok=1874 mism=572 crash=98 timeout=6 skip=1114  |  inflight=23
  [3666] MISMATCH w24:604 out[0] max|delta|=3.817e-02 (rtol=0.01 atol=0.001)
  [3668] MISMATCH w24:642 out[2] max|delta|=1.000e+00 (rtol=0.01 atol=0.001)
  [3677] MISMATCH w24:689 out[2] max|delta|=2.000e+00 (rtol=0.01 atol=0.001)
  [t= 938s] 3679/10518 ( 3.9/s)  ok=1881 mism=575 crash=98 timeout=6 skip=1119  |  inflight=24
  [t= 941s] 3679/10518 ( 3.9/s)  ok=1881 mism=575 crash=98 timeout=6 skip=1119  |  inflight=24
  [t= 944s] 3679/10518 ( 3.9/s)  ok=1881 mism=575 crash=98 timeout=6 skip=1119  |  inflight=24
  [3689] CRASH    w25:11 executor died (native abort)
  [t= 948s] 3689/10518 ( 3.9/s)  ok=1887 mism=575 crash=99 timeout=7 skip=1121  |  inflight=24
  [t= 951s] 3689/10518 ( 3.9/s)  ok=1887 mism=575 crash=99 timeout=7 skip=1121  |  inflight=24
  [3699] MISMATCH w25:189 out[0] max|delta|=2.793e-01 (rtol=0.01 atol=0.001)
  [t= 954s] 3706/10518 ( 3.9/s)  ok=1898 mism=576 crash=99 timeout=7 skip=1126  |  inflight=23
  [3734] MISMATCH w25:420 out[2] max|delta|=3.000e+00 (rtol=0.0 atol=0.0)
  [3738] MISMATCH w25:462 out[1] max|delta|=1.000e+00 (rtol=0.01 atol=0.001)
  [3742] MISMATCH w25:48 out[2] max|delta|=4.630e-03 (rtol=0.01 atol=0.001)
  [3743] MISMATCH w25:494 out[1] non-finite mismatch (nan/inf positions differ)
  [3753] MISMATCH w25:583 out[2] non-finite mismatch (nan/inf positions differ)
  [t= 957s] 3761/10518 ( 3.9/s)  ok=1929 mism=581 crash=99 timeout=7 skip=1145  |  inflight=23
  [3765] MISMATCH w25:674 out[0] max|delta|=4.875e-02 (rtol=0.01 atol=0.001)
  [3768] MISMATCH w25:700 out[0] non-finite mismatch (nan/inf positions differ)
  [3770] MISMATCH w25:711 out[3] max|delta|=1.000e+00 (rtol=0.01 atol=0.001)
  [t= 960s] 3776/10518 ( 3.9/s)  ok=1937 mism=584 crash=99 timeout=7 skip=1149  |  inflight=24
  [t= 963s] 3776/10518 ( 3.9/s)  ok=1937 mism=584 crash=99 timeout=7 skip=1149  |  inflight=24
  [3780] CRASH    w25:9 executor died (native abort)
  [t= 967s] 3780/10518 ( 3.9/s)  ok=1939 mism=584 crash=100 timeout=7 skip=1150  |  inflight=24
  [t= 970s] 3780/10518 ( 3.9/s)  ok=1939 mism=584 crash=100 timeout=7 skip=1150  |  inflight=24
  [3781] MISMATCH w25:93 out[0] non-finite mismatch (nan/inf positions differ)
  [3798] MISMATCH w26:189 out[2] non-finite mismatch (nan/inf positions differ)
  [t= 973s] 3800/10518 ( 3.9/s)  ok=1948 mism=586 crash=100 timeout=7 skip=1159  |  inflight=23
  [3803] MISMATCH w26:230 out[2] max|delta|=3.141e+00 (rtol=0.01 atol=0.001)
  [3810] MISMATCH w26:274 out[0] max|delta|=1.000e+00 (rtol=0.0 atol=0.0)
  [3812] MISMATCH w26:278 out[0] non-finite mismatch (nan/inf positions differ)
  [3819] MISMATCH w26:312 out[1] max|delta|=3.000e+00 (rtol=0.0 atol=0.0)
  [t= 976s] 3823/10518 ( 3.9/s)  ok=1958 mism=590 crash=100 timeout=7 skip=1168  |  inflight=23
  [t= 979s] 3826/10518 ( 3.9/s)  ok=1961 mism=590 crash=100 timeout=7 skip=1168  |  inflight=24
  [t= 982s] 3828/10518 ( 3.9/s)  ok=1962 mism=590 crash=100 timeout=8 skip=1168  |  inflight=24
  [3830] MISMATCH w26:42 out[2] max|delta|=1.000e+00 (rtol=0.01 atol=0.001)
  [3832] MISMATCH w26:443 out[1] max|delta|=1.000e+00 (rtol=0.0 atol=0.0)
  [3835] CRASH    w26:464 executor died (native abort)
  [t= 985s] 3835/10518 ( 3.9/s)  ok=1966 mism=592 crash=101 timeout=8 skip=1168  |  inflight=24
  [3836] MISMATCH w26:405 out[0] max|delta|=1.855e-02 (rtol=0.01 atol=0.001)
  [t= 988s] 3836/10518 ( 3.9/s)  ok=1966 mism=593 crash=101 timeout=8 skip=1168  |  inflight=24
  [3840] MISMATCH w26:482 out[0] non-finite mismatch (nan/inf positions differ)
  [3842] MISMATCH w26:502 out[2] max|delta|=3.142e+00 (rtol=0.01 atol=0.001)
  [3844] MISMATCH w26:510 out[2] max|delta|=6.000e+00 (rtol=0.0 atol=0.0)
  [t= 992s] 3847/10518 ( 3.9/s)  ok=1972 mism=596 crash=101 timeout=8 skip=1170  |  inflight=23
  [3855] MISMATCH w26:594 out[3] max|delta|=1.110e+02 (rtol=0.0 atol=0.0)
  [3859] MISMATCH w26:63 out[1] max|delta|=1.000e+00 (rtol=0.01 atol=0.001)
  [3864] MISMATCH w26:663 out[0] non-finite mismatch (nan/inf positions differ)
  [3865] MISMATCH w26:668 out[2] non-finite mismatch (nan/inf positions differ)
  [3867] MISMATCH w26:712 out[2] non-finite mismatch (nan/inf positions differ)
  [t= 995s] 3882/10518 ( 3.9/s)  ok=1991 mism=601 crash=101 timeout=8 skip=1181  |  inflight=23
  [3896] MISMATCH w27:199 out[3] max|delta|=2.539e+00 (rtol=0.01 atol=0.001)
  [3897] MISMATCH w27:201 out[1] non-finite mismatch (nan/inf positions differ)
  [3898] MISMATCH w27:215 out[0] max|delta|=1.000e+00 (rtol=0.0 atol=0.0)
  [3906] MISMATCH w27:283 out[0] max|delta|=3.836e+00 (rtol=0.01 atol=0.001)
  [3907] MISMATCH w27:300 out[1] max|delta|=6.475e-03 (rtol=0.01 atol=0.001)
  [t= 998s] 3926/10518 ( 3.9/s)  ok=2014 mism=606 crash=101 timeout=8 skip=1197  |  inflight=23
  [3929] MISMATCH w27:489 out[1] non-finite mismatch (nan/inf positions differ)
  [t=1001s] 3938/10518 ( 3.9/s)  ok=2020 mism=607 crash=101 timeout=8 skip=1202  |  inflight=24
  [t=1004s] 3944/10518 ( 3.9/s)  ok=2024 mism=607 crash=101 timeout=8 skip=1204  |  inflight=24
  [3945] CRASH    w27:673 executor died (native abort)
  [t=1007s] 3945/10518 ( 3.9/s)  ok=2024 mism=607 crash=102 timeout=8 skip=1204  |  inflight=24
  [t=1010s] 3945/10518 ( 3.9/s)  ok=2024 mism=607 crash=102 timeout=8 skip=1204  |  inflight=24
  [t=1013s] 3955/10518 ( 3.9/s)  ok=2028 mism=607 crash=102 timeout=8 skip=1210  |  inflight=24
  [3956] CRASH    w27:774 executor died (native abort)
  [t=1017s] 3956/10518 ( 3.9/s)  ok=2028 mism=607 crash=103 timeout=8 skip=1210  |  inflight=24
  [t=1020s] 3956/10518 ( 3.9/s)  ok=2028 mism=607 crash=103 timeout=8 skip=1210  |  inflight=24
  [t=1023s] 3956/10518 ( 3.9/s)  ok=2028 mism=607 crash=103 timeout=8 skip=1210  |  inflight=24
  [3966] MISMATCH w28:166 out[2] non-finite mismatch (nan/inf positions differ)
  [t=1026s] 3968/10518 ( 3.9/s)  ok=2032 mism=608 crash=103 timeout=8 skip=1217  |  inflight=24
  [3974] MISMATCH w28:196 out[1] max|delta|=2.000e+00 (rtol=0.0 atol=0.0)
  [3979] MISMATCH w28:216 out[1] max|delta|=3.000e+00 (rtol=0.0 atol=0.0)
  [3983] CRASH    w28:258 executor died (native abort)
  [t=1029s] 3983/10518 ( 3.9/s)  ok=2038 mism=610 crash=104 timeout=8 skip=1223  |  inflight=24
  [t=1032s] 3983/10518 ( 3.9/s)  ok=2038 mism=610 crash=104 timeout=8 skip=1223  |  inflight=24
  [t=1035s] 3983/10518 ( 3.8/s)  ok=2038 mism=610 crash=104 timeout=8 skip=1223  |  inflight=24
  [t=1038s] 3986/10518 ( 3.8/s)  ok=2040 mism=610 crash=104 timeout=8 skip=1224  |  inflight=23
  [3988] MISMATCH w28:31 out[1] non-finite mismatch (nan/inf positions differ)
  [3993] MISMATCH w28:334 out[3] non-finite mismatch (nan/inf positions differ)
  [t=1042s] 4009/10518 ( 3.8/s)  ok=2051 mism=612 crash=104 timeout=8 skip=1234  |  inflight=23
  [4012] MISMATCH w28:559 out[1] max|delta|=2.400e+01 (rtol=0.0 atol=0.0)
  [4013] MISMATCH w28:56 out[1] non-finite mismatch (nan/inf positions differ)
  [4021] MISMATCH w28:650 out[2] max|delta|=1.000e+00 (rtol=0.0 atol=0.0)
  [4022] MISMATCH w28:663 out[1] non-finite mismatch (nan/inf positions differ)
  [4026] MISMATCH w28:678 out[3] max|delta|=2.527e+00 (rtol=0.01 atol=0.001)
  [t=1045s] 4029/10518 ( 3.9/s)  ok=2061 mism=617 crash=104 timeout=8 skip=1239  |  inflight=23
  [4035] CRASH    w28:743 executor died (native abort)
  [t=1048s] 4035/10518 ( 3.9/s)  ok=2065 mism=617 crash=105 timeout=8 skip=1240  |  inflight=24
  [t=1051s] 4035/10518 ( 3.8/s)  ok=2065 mism=617 crash=105 timeout=8 skip=1240  |  inflight=24
  [t=1054s] 4035/10518 ( 3.8/s)  ok=2065 mism=617 crash=105 timeout=8 skip=1240  |  inflight=24
  [t=1057s] 4038/10518 ( 3.8/s)  ok=2067 mism=617 crash=105 timeout=8 skip=1241  |  inflight=24
  [t=1060s] 4038/10518 ( 3.8/s)  ok=2067 mism=617 crash=105 timeout=8 skip=1241  |  inflight=24
  [t=1063s] 4039/10518 ( 3.8/s)  ok=2068 mism=617 crash=105 timeout=8 skip=1241  |  inflight=24
  [4047] MISMATCH w29:160 out[1] max|delta|=1.000e+00 (rtol=0.0 atol=0.0)
  [t=1066s] 4058/10518 ( 3.8/s)  ok=2079 mism=618 crash=105 timeout=8 skip=1248  |  inflight=23
  [4063] MISMATCH w29:301 out[0] max|delta|=3.000e+00 (rtol=0.01 atol=0.001)
  [4067] MISMATCH w29:31 out[1] max|delta|=2.227e-01 (rtol=0.01 atol=0.001)
  [4069] MISMATCH w29:315 out[1] max|delta|=1.570e+00 (rtol=0.01 atol=0.001)
  [4076] MISMATCH w29:373 out[1] max|delta|=6.144e+00 (rtol=0.01 atol=0.001)
  [4077] CRASH    w29:384 executor died (native abort)
  [t=1070s] 4077/10518 ( 3.8/s)  ok=2090 mism=622 crash=106 timeout=8 skip=1251  |  inflight=24
  [t=1073s] 4077/10518 ( 3.8/s)  ok=2090 mism=622 crash=106 timeout=8 skip=1251  |  inflight=24
  [t=1076s] 4077/10518 ( 3.8/s)  ok=2090 mism=622 crash=106 timeout=8 skip=1251  |  inflight=24
  [4085] MISMATCH w29:454 out[1] max|delta|=1.000e+00 (rtol=0.0 atol=0.0)
  [4091] MISMATCH w29:492 out[0] max|delta|=2.000e+00 (rtol=0.01 atol=0.001)
  [t=1079s] 4092/10518 ( 3.8/s)  ok=2097 mism=624 crash=106 timeout=9 skip=1256  |  inflight=23
  [4097] MISMATCH w29:576 out[5] max|delta|=1.000e+00 (rtol=0.01 atol=0.001)
  [t=1083s] 4100/10518 ( 3.8/s)  ok=2101 mism=625 crash=106 timeout=9 skip=1259  |  inflight=24
  [4107] CRASH    w29:672 executor died (native abort)
  [t=1086s] 4107/10518 ( 3.8/s)  ok=2105 mism=625 crash=107 timeout=9 skip=1261  |  inflight=24
  [4110] MISMATCH w29:72 out[2] non-finite mismatch (nan/inf positions differ)
  [4116] MISMATCH w29:80 out[1] max|delta|=1.518e+00 (rtol=0.01 atol=0.001)
  [4128] MISMATCH w3:147 out[4] max|delta|=4.000e+00 (rtol=0.01 atol=0.001)
  [t=1089s] 4129/10518 ( 3.8/s)  ok=2115 mism=628 crash=107 timeout=9 skip=1270  |  inflight=23
  [4130] MISMATCH w3:174 out[1] non-finite mismatch (nan/inf positions differ)
  [4132] MISMATCH w3:221 out[1] non-finite mismatch (nan/inf positions differ)
  [4137] MISMATCH w3:274 out[2] non-finite mismatch (nan/inf positions differ)
  [4139] MISMATCH w3:290 out[2] non-finite mismatch (nan/inf positions differ)
  [4143] MISMATCH w3:307 out[3] max|delta|=1.000e+00 (rtol=0.0 atol=0.0)
  [4148] MISMATCH w3:347 out[0] max|delta|=1.600e+01 (rtol=0.01 atol=0.001)
  [4149] MISMATCH w3:352 out[2] max|delta|=5.000e-01 (rtol=0.01 atol=0.001)
  [4151] MISMATCH w3:356 out[1] non-finite mismatch (nan/inf positions differ)
  [t=1092s] 4156/10518 ( 3.8/s)  ok=2128 mism=636 crash=107 timeout=9 skip=1276  |  inflight=23
  [4159] MISMATCH w3:415 out[0] max|delta|=1.000e+00 (rtol=0.0 atol=0.0)
  [4169] MISMATCH w3:537 out[0] non-finite mismatch (nan/inf positions differ)
  [t=1096s] 4171/10518 ( 3.8/s)  ok=2134 mism=638 crash=107 timeout=9 skip=1283  |  inflight=24
  [4177] MISMATCH w3:586 out[3] non-finite mismatch (nan/inf positions differ)
  [4180] MISMATCH w3:612 out[3] max|delta|=2.147e+09 (rtol=0.0 atol=0.0)
  [4182] MISMATCH w3:629 out[0] non-finite mismatch (nan/inf positions differ)
  [4185] MISMATCH w3:644 out[0] non-finite mismatch (nan/inf positions differ)
  [4190] CRASH    w3:683 executor died (native abort)
  [t=1099s] 4190/10518 ( 3.8/s)  ok=2142 mism=642 crash=108 timeout=9 skip=1289  |  inflight=24
  [4193] CRASH    w3:725 executor died (native abort)
  [t=1102s] 4193/10518 ( 3.8/s)  ok=2143 mism=642 crash=109 timeout=9 skip=1290  |  inflight=24
  [t=1105s] 4193/10518 ( 3.8/s)  ok=2143 mism=642 crash=109 timeout=9 skip=1290  |  inflight=24
  [4195] MISMATCH w3:746 out[1] max|delta|=1.178e-01 (rtol=0.01 atol=0.001)
  [4196] MISMATCH w3:766 out[2] max|delta|=6.633e+00 (rtol=0.01 atol=0.001)
  [4202] MISMATCH w30:103 out[1] non-finite mismatch (nan/inf positions differ)
  [4204] MISMATCH w30:117 out[1] max|delta|=2.527e+00 (rtol=0.01 atol=0.001)
  [4207] MISMATCH w30:185 out[1] non-finite mismatch (nan/inf positions differ)
  [4210] CRASH    w30:137 executor died (native abort)
  [4215] MISMATCH w30:27 out[1] non-finite mismatch (nan/inf positions differ)
  [4218] MISMATCH w30:301 out[0] max|delta|=1.416e-01 (rtol=0.01 atol=0.001)
  [4223] MISMATCH w30:326 out[2] max|delta|=1.000e+00 (rtol=0.0 atol=0.0)
  [t=1108s] 4223/10518 ( 3.8/s)  ok=2158 mism=650 crash=110 timeout=9 skip=1296  |  inflight=23
  [4224] MISMATCH w30:335 out[1] non-finite mismatch (nan/inf positions differ)
  [4225] MISMATCH w30:345 out[1] non-finite mismatch (nan/inf positions differ)
  [4228] CRASH    w30:368 executor died (native abort)
  [t=1112s] 4228/10518 ( 3.8/s)  ok=2160 mism=652 crash=111 timeout=9 skip=1296  |  inflight=24
  [4230] MISMATCH w30:393 out[2] max|delta|=2.500e+00 (rtol=0.01 atol=0.001)
  [4232] MISMATCH w30:410 out[1] non-finite mismatch (nan/inf positions differ)
  [4236] MISMATCH w30:477 out[3] max|delta|=3.000e+00 (rtol=0.0 atol=0.0)
  [4237] CRASH    w30:479 executor died (native abort)
  [t=1115s] 4239/10518 ( 3.8/s)  ok=2165 mism=655 crash=112 timeout=9 skip=1298  |  inflight=23
  [4242] MISMATCH w30:507 out[0] max|delta|=1.250e-01 (rtol=0.01 atol=0.001)
  [4247] MISMATCH w30:556 out[1] max|delta|=6.973e-01 (rtol=0.01 atol=0.001)
  [4252] MISMATCH w30:63 out[3] max|delta|=1.000e+00 (rtol=0.0 atol=0.0)
  [4260] MISMATCH w30:727 out[1] max|delta|=1.000e+00 (rtol=0.0 atol=0.0)
  [4271] MISMATCH w31:142 out[1] non-finite mismatch (nan/inf positions differ)
  [t=1118s] 4272/10518 ( 3.8/s)  ok=2181 mism=660 crash=112 timeout=9 skip=1310  |  inflight=23
  [4273] CRASH    w31:151 executor died (native abort)
  [4275] MISMATCH w31:162 out[1] max|delta|=1.164e+00 (rtol=0.01 atol=0.001)
  [4276] MISMATCH w31:167 out[1] max|delta|=4.956e-01 (rtol=0.01 atol=0.001)
  [4286] MISMATCH w31:210 out[1] max|delta|=5.000e-01 (rtol=0.01 atol=0.001)
  [t=1121s] 4291/10518 ( 3.8/s)  ok=2190 mism=663 crash=113 timeout=10 skip=1315  |  inflight=23
  [t=1124s] 4297/10518 ( 3.8/s)  ok=2194 mism=663 crash=113 timeout=10 skip=1317  |  inflight=24
  [4300] MISMATCH w31:327 out[1] max|delta|=1.805e-01 (rtol=0.01 atol=0.001)
  [4303] MISMATCH w31:356 out[0] non-finite mismatch (nan/inf positions differ)
  [4304] MISMATCH w31:374 out[2] max|delta|=1.000e+00 (rtol=0.0 atol=0.0)
  [t=1127s] 4304/10518 ( 3.8/s)  ok=2196 mism=666 crash=113 timeout=10 skip=1319  |  inflight=24
  [4305] MISMATCH w31:380 out[0] non-finite mismatch (nan/inf positions differ)
  [4307] MISMATCH w31:393 out[1] non-finite mismatch (nan/inf positions differ)
  [4315] MISMATCH w31:450 out[2] non-finite mismatch (nan/inf positions differ)
  [4317] MISMATCH w31:487 out[0] max|delta|=3.555e-01 (rtol=0.01 atol=0.001)
  [t=1130s] 4317/10518 ( 3.8/s)  ok=2200 mism=670 crash=113 timeout=10 skip=1324  |  inflight=23
  [4321] MISMATCH w31:527 out[0] max|delta|=6.000e+00 (rtol=0.01 atol=0.001)
  [4328] MISMATCH w31:557 out[0] max|delta|=1.000e+00 (rtol=0.0 atol=0.0)
  [4330] MISMATCH w31:584 out[0] non-finite mismatch (nan/inf positions differ)
  [4336] MISMATCH w31:63 out[1] non-finite mismatch (nan/inf positions differ)
  [4339] CRASH    w31:645 executor died (native abort)
  [4341] MISMATCH w31:671 out[1] max|delta|=2.882e+17 (rtol=0.0 atol=0.0)
  [t=1133s] 4341/10518 ( 3.8/s)  ok=2208 mism=675 crash=114 timeout=10 skip=1334  |  inflight=24
  [t=1136s] 4341/10518 ( 3.8/s)  ok=2208 mism=675 crash=114 timeout=10 skip=1334  |  inflight=24
  [4347] MISMATCH w31:738 out[0] max|delta|=1.280e+02 (rtol=0.0 atol=0.0)
  [4351] MISMATCH w31:765 out[0] max|delta|=9.223e+18 (rtol=0.0 atol=0.0)
  [4357] MISMATCH w32:167 out[0] non-finite mismatch (nan/inf positions differ)
  [4358] MISMATCH w32:166 out[0] max|delta|=1.000e+00 (rtol=0.01 atol=0.001)
  [t=1140s] 4363/10518 ( 3.8/s)  ok=2223 mism=679 crash=114 timeout=10 skip=1337  |  inflight=23
  [4374] CRASH    w32:254 executor died (native abort)
  [4378] MISMATCH w32:31 out[0] max|delta|=1.000e+00 (rtol=0.0 atol=0.0)
  [4383] MISMATCH w32:331 out[0] max|delta|=1.000e+00 (rtol=0.0 atol=0.0)
  [t=1143s] 4394/10518 ( 3.8/s)  ok=2242 mism=681 crash=115 timeout=10 skip=1346  |  inflight=24
  [4395] CRASH    w32:458 executor died (native abort)
  [t=1146s] 4395/10518 ( 3.8/s)  ok=2242 mism=681 crash=116 timeout=10 skip=1346  |  inflight=24
  [4400] MISMATCH w32:517 out[2] max|delta|=9.987e-01 (rtol=0.01 atol=0.001)
  [4403] CRASH    w32:534 executor died (native abort)
  [t=1149s] 4407/10518 ( 3.8/s)  ok=2250 mism=682 crash=117 timeout=10 skip=1348  |  inflight=23
  [4410] MISMATCH w32:587 out[1] max|delta|=1.482e+00 (rtol=0.01 atol=0.001)
  [4414] MISMATCH w32:639 out[1] max|delta|=1.936e-02 (rtol=0.01 atol=0.001)
  [4418] MISMATCH w32:734 out[0] max|delta|=1.000e+00 (rtol=0.01 atol=0.001)
  [4425] MISMATCH w33:0 out[1] non-finite mismatch (nan/inf positions differ)
  [4429] MISMATCH w33:120 out[1] max|delta|=9.223e+18 (rtol=0.0 atol=0.0)
  [4431] MISMATCH w33:123 out[0] max|delta|=3.296e+00 (rtol=0.01 atol=0.001)
  [4437] MISMATCH w33:170 out[0] max|delta|=8.000e+00 (rtol=0.0 atol=0.0)
  [t=1152s] 4440/10518 ( 3.9/s)  ok=2267 mism=689 crash=117 timeout=10 skip=1357  |  inflight=24
  [4451] MISMATCH w33:287 out[2] non-finite mismatch (nan/inf positions differ)
  [4454] CRASH    w33:352 executor died (native abort)
  [t=1155s] 4454/10518 ( 3.9/s)  ok=2277 mism=690 crash=118 timeout=10 skip=1359  |  inflight=24
  [t=1158s] 4459/10518 ( 3.9/s)  ok=2281 mism=690 crash=118 timeout=10 skip=1360  |  inflight=24
  [4460] CRASH    w33:450 executor died (native abort)
  [4468] MISMATCH w33:54 out[1] max|delta|=1.971e+00 (rtol=0.01 atol=0.001)
  [t=1161s] 4478/10518 ( 3.9/s)  ok=2296 mism=691 crash=119 timeout=10 skip=1362  |  inflight=23
  [4482] MISMATCH w33:721 out[0] max|delta|=4.825e-01 (rtol=0.01 atol=0.001)
  [4488] MISMATCH w33:749 out[0] max|delta|=4.700e+01 (rtol=0.01 atol=0.001)
  [4492] MISMATCH w33:92 out[0] max|delta|=1.000e+00 (rtol=0.0 atol=0.0)
  [4494] MISMATCH w33:462 out[1] max|delta|=1.000e+00 (rtol=0.01 atol=0.001)
  [4495] CRASH    w34:108 executor died (native abort)
  [4502] MISMATCH w34:149 out[1] max|delta|=1.836e-01 (rtol=0.01 atol=0.001)
  [t=1164s] 4508/10518 ( 3.9/s)  ok=2313 mism=696 crash=120 timeout=10 skip=1369  |  inflight=23
  [4510] MISMATCH w34:238 out[0] max|delta|=1.000e+00 (rtol=0.0 atol=0.0)
  [4513] MISMATCH w34:248 out[2] max|delta|=3.142e+00 (rtol=0.01 atol=0.001)
  [4515] CRASH    w34:255 executor died (native abort)
  [t=1168s] 4515/10518 ( 3.9/s)  ok=2316 mism=698 crash=121 timeout=10 skip=1370  |  inflight=24
  [4523] MISMATCH w34:335 out[1] non-finite mismatch (nan/inf positions differ)
  [t=1171s] 4528/10518 ( 3.9/s)  ok=2324 mism=699 crash=121 timeout=10 skip=1374  |  inflight=23
  [4538] MISMATCH w34:471 out[0] non-finite mismatch (nan/inf positions differ)
  [4546] MISMATCH w34:514 out[1] max|delta|=1.000e+00 (rtol=0.0 atol=0.0)
  [4548] CRASH    w34:564 executor died (native abort)
  [4549] CRASH    w34:574 executor died (native abort)
  [t=1174s] 4549/10518 ( 3.9/s)  ok=2338 mism=701 crash=123 timeout=10 skip=1377  |  inflight=24
  [t=1177s] 4549/10518 ( 3.9/s)  ok=2338 mism=701 crash=123 timeout=10 skip=1377  |  inflight=24
  [4551] MISMATCH w34:589 out[2] max|delta|=9.922e+00 (rtol=0.01 atol=0.001)
  [4559] MISMATCH w34:661 out[0] max|delta|=5.175e-01 (rtol=0.01 atol=0.001)
  [4566] MISMATCH w34:709 out[1] max|delta|=1.000e+00 (rtol=0.01 atol=0.001)
  [4568] MISMATCH w34:721 out[2] max|delta|=1.000e+00 (rtol=0.01 atol=0.001)
  [4574] MISMATCH w34:761 out[3] non-finite mismatch (nan/inf positions differ)
  [4582] MISMATCH w35:112 out[3] max|delta|=5.000e-01 (rtol=0.01 atol=0.001)
  [4584] MISMATCH w35:132 out[0] max|delta|=4.825e-01 (rtol=0.01 atol=0.001)
  [4591] MISMATCH w35:175 out[1] max|delta|=3.330e-01 (rtol=0.01 atol=0.001)
  [4592] CRASH    w35:151 executor died (native abort)
  [4593] MISMATCH w35:18 out[2] non-finite mismatch (nan/inf positions differ)
  [t=1180s] 4593/10518 ( 3.9/s)  ok=2361 mism=710 crash=124 timeout=10 skip=1388  |  inflight=23
  [4614] MISMATCH w35:295 out[2] max|delta|=9.954e-01 (rtol=0.01 atol=0.001)
  [t=1183s] 4616/10518 ( 3.9/s)  ok=2376 mism=711 crash=124 timeout=10 skip=1395  |  inflight=24
  [t=1186s] 4616/10518 ( 3.9/s)  ok=2376 mism=711 crash=124 timeout=10 skip=1395  |  inflight=24
  [4617] MISMATCH w35:180 out[0] max|delta|=5.142e-01 (rtol=0.01 atol=0.001)
  [4621] MISMATCH w35:323 out[0] non-finite mismatch (nan/inf positions differ)
  [4622] CRASH    w35:336 executor died (native abort)
  [t=1190s] 4622/10518 ( 3.9/s)  ok=2378 mism=713 crash=125 timeout=10 skip=1396  |  inflight=24
  [4632] CRASH    w35:425 executor died (native abort)
  [t=1193s] 4632/10518 ( 3.9/s)  ok=2385 mism=713 crash=126 timeout=10 skip=1398  |  inflight=24
  [t=1196s] 4632/10518 ( 3.9/s)  ok=2385 mism=713 crash=126 timeout=10 skip=1398  |  inflight=24
  [4636] MISMATCH w35:479 out[2] max|delta|=5.046e+01 (rtol=0.01 atol=0.001)
  [t=1199s] 4640/10518 ( 3.9/s)  ok=2387 mism=714 crash=126 timeout=10 skip=1403  |  inflight=24
  [4641] CRASH    w35:504 executor died (native abort)
  [4644] MISMATCH w35:519 out[1] max|delta|=4.518e+00 (rtol=0.01 atol=0.001)
  [4647] MISMATCH w35:53 out[4] max|delta|=1.000e+00 (rtol=0.0 atol=0.0)
  [t=1202s] 4660/10518 ( 3.9/s)  ok=2398 mism=716 crash=127 timeout=10 skip=1409  |  inflight=23
  [4661] MISMATCH w35:602 out[1] max|delta|=3.799e-03 (rtol=0.01 atol=0.001)
  [4669] CRASH    w35:655 executor died (native abort)
  [t=1205s] 4669/10518 ( 3.9/s)  ok=2402 mism=717 crash=128 timeout=10 skip=1412  |  inflight=24
  [4672] MISMATCH w35:665 out[2] max|delta|=4.461e+00 (rtol=0.01 atol=0.001)
  [4673] MISMATCH w35:668 out[3] non-finite mismatch (nan/inf positions differ)
  [4674] MISMATCH w35:67 out[4] max|delta|=1.000e+00 (rtol=0.0 atol=0.0)
  [4684] MISMATCH w35:735 out[4] max|delta|=1.875e-01 (rtol=0.01 atol=0.001)
  [t=1209s] 4685/10518 ( 3.9/s)  ok=2409 mism=721 crash=128 timeout=10 skip=1417  |  inflight=23
  [4695] MISMATCH w35:659 out[2] max|delta|=3.479e-02 (rtol=0.01 atol=0.001)
  [t=1212s] 4697/10518 ( 3.9/s)  ok=2415 mism=722 crash=128 timeout=10 skip=1422  |  inflight=23
  [4698] CRASH    w36:182 executor died (native abort)
  [t=1215s] 4698/10518 ( 3.9/s)  ok=2415 mism=722 crash=129 timeout=10 skip=1422  |  inflight=24
  [t=1218s] 4698/10518 ( 3.9/s)  ok=2415 mism=722 crash=129 timeout=10 skip=1422  |  inflight=24
  [4700] MISMATCH w36:188 out[3] max|delta|=1.000e+00 (rtol=0.01 atol=0.001)
  [4706] MISMATCH w36:24 out[3] non-finite mismatch (nan/inf positions differ)
  [4716] MISMATCH w36:185 out[0] max|delta|=1.831e+01 (rtol=0.01 atol=0.001)
  [4719] MISMATCH w36:32 out[4] max|delta|=2.147e+09 (rtol=0.01 atol=0.001)
  [4722] MISMATCH w36:337 out[2] max|delta|=1.000e+00 (rtol=0.0 atol=0.0)
  [t=1221s] 4722/10518 ( 3.9/s)  ok=2429 mism=727 crash=129 timeout=10 skip=1427  |  inflight=23
  [4724] MISMATCH w36:34 out[3] max|delta|=1.000e+00 (rtol=0.0 atol=0.0)
  [4726] MISMATCH w36:373 out[0] max|delta|=1.000e+00 (rtol=0.0 atol=0.0)
  [4728] MISMATCH w36:397 out[4] max|delta|=4.242e-03 (rtol=0.01 atol=0.001)
  [4731] MISMATCH w36:420 out[1] non-finite mismatch (nan/inf positions differ)
  [4733] MISMATCH w36:455 out[0] max|delta|=9.223e+18 (rtol=0.0 atol=0.0)
  [4744] MISMATCH w36:526 out[3] max|delta|=1.694e-03 (rtol=0.01 atol=0.001)
  [4745] MISMATCH w36:54 out[2] max|delta|=1.000e+00 (rtol=0.0 atol=0.0)
  [4747] CRASH    w36:507 executor died (native abort)
  [t=1224s] 4757/10518 ( 3.9/s)  ok=2445 mism=734 crash=130 timeout=10 skip=1438  |  inflight=23
  [4763] MISMATCH w36:688 out[1] max|delta|=1.000e+00 (rtol=0.0 atol=0.0)
  [4766] MISMATCH w36:732 out[2] max|delta|=3.711e-02 (rtol=0.01 atol=0.001)
  [4767] MISMATCH w36:736 out[2] non-finite mismatch (nan/inf positions differ)
  [4770] MISMATCH w36:766 out[0] max|delta|=2.147e+09 (rtol=0.0 atol=0.0)
  [4771] MISMATCH w36:769 out[0] max|delta|=3.000e+00 (rtol=0.01 atol=0.001)
  [4776] CRASH    w37:111 executor died (native abort)
  [t=1227s] 4776/10518 ( 3.9/s)  ok=2454 mism=739 crash=131 timeout=10 skip=1442  |  inflight=24
  [t=1230s] 4776/10518 ( 3.9/s)  ok=2454 mism=739 crash=131 timeout=10 skip=1442  |  inflight=24
  [t=1233s] 4776/10518 ( 3.9/s)  ok=2454 mism=739 crash=131 timeout=10 skip=1442  |  inflight=24
  [4783] MISMATCH w37:140 out[1] non-finite mismatch (nan/inf positions differ)
  [4796] MISMATCH w37:235 out[0] non-finite mismatch (nan/inf positions differ)
  [t=1236s] 4798/10518 ( 3.9/s)  ok=2469 mism=741 crash=131 timeout=10 skip=1447  |  inflight=23
  [4799] MISMATCH w37:113 out[2] max|delta|=1.547e-01 (rtol=0.01 atol=0.001)
  [4804] MISMATCH w37:281 out[0] max|delta|=4.295e+09 (rtol=0.0 atol=0.0)
  [4807] MISMATCH w37:316 out[0] max|delta|=4.303e-01 (rtol=0.01 atol=0.001)
  [4810] MISMATCH w37:364 out[2] max|delta|=1.000e+00 (rtol=0.01 atol=0.001)
  [4815] CRASH    w37:386 executor died (native abort)
  [t=1239s] 4815/10518 ( 3.9/s)  ok=2479 mism=745 crash=132 timeout=10 skip=1449  |  inflight=24
  [t=1242s] 4815/10518 ( 3.9/s)  ok=2479 mism=745 crash=132 timeout=10 skip=1449  |  inflight=24
  [t=1245s] 4831/10518 ( 3.9/s)  ok=2490 mism=745 crash=132 timeout=10 skip=1454  |  inflight=23
  [4847] MISMATCH w37:576 out[1] non-finite mismatch (nan/inf positions differ)
  [4853] CRASH    w37:609 executor died (native abort)
  [t=1249s] 4853/10518 ( 3.9/s)  ok=2504 mism=746 crash=133 timeout=10 skip=1460  |  inflight=24
  [t=1252s] 4853/10518 ( 3.9/s)  ok=2504 mism=746 crash=133 timeout=10 skip=1460  |  inflight=24
  [t=1255s] 4854/10518 ( 3.9/s)  ok=2504 mism=746 crash=133 timeout=11 skip=1460  |  inflight=24
  [4858] MISMATCH w37:624 out[2] max|delta|=1.000e+00 (rtol=0.0 atol=0.0)
  [4860] MISMATCH w37:645 out[3] max|delta|=1.819e-01 (rtol=0.01 atol=0.001)
  [4863] MISMATCH w37:650 out[2] non-finite mismatch (nan/inf positions differ)
  [4866] MISMATCH w37:712 out[2] max|delta|=1.441e+17 (rtol=0.0 atol=0.0)
  [4868] MISMATCH w37:740 out[3] non-finite mismatch (nan/inf positions differ)
  [4872] MISMATCH w37:757 out[0] max|delta|=1.000e+00 (rtol=0.0 atol=0.0)
  [4878] MISMATCH w38:138 out[0] max|delta|=4.776e-01 (rtol=0.01 atol=0.001)
  [4890] MISMATCH w38:262 out[4] non-finite mismatch (nan/inf positions differ)
  [4898] MISMATCH w38:292 out[0] max|delta|=5.371e-02 (rtol=0.01 atol=0.001)
  [4899] MISMATCH w38:3 out[2] max|delta|=1.000e+00 (rtol=0.0 atol=0.0)
  [t=1258s] 4899/10518 ( 3.9/s)  ok=2524 mism=756 crash=133 timeout=11 skip=1475  |  inflight=23
  [4900] MISMATCH w38:323 out[1] max|delta|=1.000e+00 (rtol=0.01 atol=0.001)
  [4901] MISMATCH w38:341 out[1] max|delta|=7.931e+01 (rtol=0.01 atol=0.001)
  [4902] MISMATCH w38:368 out[1] non-finite mismatch (nan/inf positions differ)
  [4908] CRASH    w38:390 executor died (native abort)
  [4909] MISMATCH w38:438 out[1] max|delta|=5.239e-01 (rtol=0.01 atol=0.001)
  [4915] MISMATCH w38:488 out[2] max|delta|=6.550e+04 (rtol=0.01 atol=0.001)
  [4918] MISMATCH w38:52 out[3] non-finite mismatch (nan/inf positions differ)
  [4933] MISMATCH w38:745 out[0] non-finite mismatch (nan/inf positions differ)
  [4936] MISMATCH w38:769 out[1] max|delta|=2.500e-01 (rtol=0.01 atol=0.001)
  [4946] MISMATCH w39:177 out[1] non-finite mismatch (nan/inf positions differ)
  [t=1261s] 4950/10518 ( 3.9/s)  ok=2545 mism=765 crash=134 timeout=11 skip=1495  |  inflight=23
  [4951] MISMATCH w39:198 out[1] max|delta|=1.000e+00 (rtol=0.0 atol=0.0)
  [4956] MISMATCH w39:244 out[2] max|delta|=5.000e+00 (rtol=0.0 atol=0.0)
  [4963] MISMATCH w39:281 out[0] max|delta|=2.734e-02 (rtol=0.01 atol=0.001)
  [4966] MISMATCH w39:323 out[0] non-finite mismatch (nan/inf positions differ)
  [4968] MISMATCH w39:333 out[1] non-finite mismatch (nan/inf positions differ)
  [4971] MISMATCH w39:37 out[1] max|delta|=3.505e-02 (rtol=0.01 atol=0.001)
  [4975] MISMATCH w39:398 out[2] max|delta|=1.000e+00 (rtol=0.01 atol=0.001)
  [4981] MISMATCH w39:426 out[1] max|delta|=4.000e+00 (rtol=0.0 atol=0.0)
  [4988] MISMATCH w39:47 out[1] non-finite mismatch (nan/inf positions differ)
  [4990] CRASH    w39:458 executor died (native abort)
  [4999] MISMATCH w39:570 out[1] max|delta|=1.164e+00 (rtol=0.01 atol=0.001)
  [t=1264s] 5007/10518 ( 4.0/s)  ok=2572 mism=775 crash=135 timeout=11 skip=1514  |  inflight=23
  [5014] MISMATCH w39:697 out[2] non-finite mismatch (nan/inf positions differ)
  [5017] MISMATCH w39:730 out[1] non-finite mismatch (nan/inf positions differ)
  [5019] CRASH    w39:75 executor died (native abort)
  [5020] CRASH    w39:761 executor died (native abort)
  [t=1267s] 5020/10518 ( 4.0/s)  ok=2576 mism=777 crash=137 timeout=11 skip=1519  |  inflight=24
  [t=1270s] 5022/10518 ( 4.0/s)  ok=2577 mism=777 crash=137 timeout=11 skip=1520  |  inflight=24
  [5028] MISMATCH w4:124 out[2] max|delta|=2.560e+02 (rtol=0.01 atol=0.001)
  [5034] MISMATCH w4:170 out[1] max|delta|=1.000e+00 (rtol=0.0 atol=0.0)
  [5038] MISMATCH w4:186 out[1] non-finite mismatch (nan/inf positions differ)
  [5043] CRASH    w4:241 executor died (native abort)
  [5044] CRASH    w4:248 executor died (native abort)
  [t=1273s] 5044/10518 ( 4.0/s)  ok=2586 mism=780 crash=139 timeout=11 skip=1528  |  inflight=24
  [5056] MISMATCH w4:392 out[3] max|delta|=1.000e+00 (rtol=0.0 atol=0.0)
  [5060] MISMATCH w4:407 out[2] non-finite mismatch (nan/inf positions differ)
  [5065] MISMATCH w4:427 out[2] max|delta|=2.000e+00 (rtol=0.01 atol=0.001)
  [t=1277s] 5068/10518 ( 4.0/s)  ok=2600 mism=783 crash=139 timeout=11 skip=1535  |  inflight=23
  [5071] MISMATCH w4:518 out[0] non-finite mismatch (nan/inf positions differ)
  [5074] MISMATCH w4:550 out[2] non-finite mismatch (nan/inf positions differ)
  [5076] MISMATCH w4:561 out[4] max|delta|=1.749e+09 (rtol=0.01 atol=0.001)
  [5078] MISMATCH w4:576 out[0] max|delta|=2.271e-01 (rtol=0.01 atol=0.001)
  [5080] CRASH    w4:530 executor died (native abort)
  [5081] MISMATCH w4:594 out[1] max|delta|=2.000e+00 (rtol=0.01 atol=0.001)
  [5082] MISMATCH w4:58 out[2] max|delta|=1.000e+00 (rtol=0.0 atol=0.0)
  [5093] MISMATCH w4:705 out[2] max|delta|=5.000e-01 (rtol=0.01 atol=0.001)
  [5094] MISMATCH w4:72 out[0] max|delta|=1.000e+00 (rtol=0.0 atol=0.0)
  [5098] MISMATCH w4:735 out[2] non-finite mismatch (nan/inf positions differ)
  [5105] MISMATCH w40:121 out[0] non-finite mismatch (nan/inf positions differ)
  [5107] MISMATCH w40:131 out[1] non-finite mismatch (nan/inf positions differ)
  [5114] MISMATCH w40:211 out[1] non-finite mismatch (nan/inf positions differ)
  [5120] MISMATCH w40:249 out[3] non-finite mismatch (nan/inf positions differ)
  [t=1280s] 5126/10518 ( 4.0/s)  ok=2628 mism=796 crash=140 timeout=11 skip=1551  |  inflight=23
  [5130] MISMATCH w40:31 out[5] max|delta|=4.850e-01 (rtol=0.01 atol=0.001)
  [5137] MISMATCH w40:344 out[1] non-finite mismatch (nan/inf positions differ)
  [t=1283s] 5141/10518 ( 4.0/s)  ok=2634 mism=798 crash=140 timeout=11 skip=1558  |  inflight=24
  [5149] CRASH    w40:455 executor died (native abort)
  [t=1286s] 5149/10518 ( 4.0/s)  ok=2639 mism=798 crash=141 timeout=11 skip=1560  |  inflight=24
  [t=1289s] 5156/10518 ( 4.0/s)  ok=2643 mism=798 crash=141 timeout=11 skip=1563  |  inflight=23
  [5159] MISMATCH w40:549 out[2] max|delta|=2.000e+00 (rtol=0.0 atol=0.0)
  [5169] MISMATCH w40:646 out[0] max|delta|=1.250e-01 (rtol=0.01 atol=0.001)
  [5171] MISMATCH w40:658 out[3] non-finite mismatch (nan/inf positions differ)
  [5179] MISMATCH w40:761 out[1] max|delta|=1.104e-01 (rtol=0.01 atol=0.001)
  [5180] MISMATCH w40:75 out[0] max|delta|=1.000e+00 (rtol=0.01 atol=0.001)
  [5186] CRASH    w40:766 executor died (native abort)
  [5194] MISMATCH w41:118 out[2] max|delta|=1.260e-01 (rtol=0.01 atol=0.001)
  [5195] MISMATCH w40:456 out[3] max|delta|=1.000e+00 (rtol=0.0 atol=0.0)
  [5198] MISMATCH w41:136 out[1] non-finite mismatch (nan/inf positions differ)
  [t=1292s] 5207/10518 ( 4.0/s)  ok=2671 mism=806 crash=142 timeout=11 skip=1577  |  inflight=23
  [5216] MISMATCH w41:234 out[2] max|delta|=2.000e+00 (rtol=0.01 atol=0.001)
  [5218] MISMATCH w41:244 out[1] non-finite mismatch (nan/inf positions differ)
  [5219] MISMATCH w41:253 out[0] max|delta|=1.280e+03 (rtol=0.0 atol=0.0)
  [5220] MISMATCH w41:257 out[0] max|delta|=3.200e+01 (rtol=0.0 atol=0.0)
  [5235] MISMATCH w41:377 out[2] max|delta|=4.612e+18 (rtol=0.0 atol=0.0)
  [5239] MISMATCH w41:419 out[2] max|delta|=1.000e+00 (rtol=0.0 atol=0.0)
  [5245] CRASH    w41:408 executor died (native abort)
  [t=1296s] 5259/10518 ( 4.1/s)  ok=2694 mism=812 crash=143 timeout=11 skip=1599  |  inflight=24
  [5260] CRASH    w41:659 executor died (native abort)
  [5268] MISMATCH w41:738 out[0] max|delta|=1.772e-03 (rtol=0.01 atol=0.001)
  [5270] MISMATCH w41:764 out[3] max|delta|=9.375e-02 (rtol=0.01 atol=0.001)
  [5274] MISMATCH w42:110 out[2] max|delta|=1.000e+00 (rtol=0.0 atol=0.0)
  [5276] MISMATCH w42:125 out[0] max|delta|=2.000e+00 (rtol=0.01 atol=0.001)
  [5282] MISMATCH w42:167 out[1] non-finite mismatch (nan/inf positions differ)
  [t=1299s] 5283/10518 ( 4.1/s)  ok=2708 mism=817 crash=144 timeout=11 skip=1603  |  inflight=23
  [5291] MISMATCH w42:214 out[4] max|delta|=7.617e+00 (rtol=0.01 atol=0.001)
  [5294] MISMATCH w42:233 out[2] max|delta|=1.000e+00 (rtol=0.0 atol=0.0)
  [5301] CRASH    w42:266 executor died (native abort)
  [5308] MISMATCH w42:325 out[0] max|delta|=8.440e+00 (rtol=0.01 atol=0.001)
  [t=1302s] 5310/10518 ( 4.1/s)  ok=2720 mism=820 crash=145 timeout=11 skip=1614  |  inflight=23
  [5319] MISMATCH w42:383 out[0] max|delta|=6.006e-01 (rtol=0.01 atol=0.001)
  [5321] CRASH    w42:363 executor died (native abort)
  [5324] MISMATCH w42:414 out[0] non-finite mismatch (nan/inf positions differ)
  [5328] MISMATCH w42:445 out[1] max|delta|=3.703e+00 (rtol=0.01 atol=0.001)
  [t=1305s] 5333/10518 ( 4.1/s)  ok=2733 mism=823 crash=146 timeout=11 skip=1620  |  inflight=24
  [t=1308s] 5333/10518 ( 4.1/s)  ok=2733 mism=823 crash=146 timeout=11 skip=1620  |  inflight=24
  [5334] MISMATCH w42:28 out[2] non-finite mismatch (nan/inf positions differ)
  [5341] MISMATCH w42:50 out[3] max|delta|=2.306e+18 (rtol=0.0 atol=0.0)
  [5344] MISMATCH w42:511 out[0] max|delta|=2.003e+00 (rtol=0.01 atol=0.001)
  [t=1311s] 5350/10518 ( 4.1/s)  ok=2740 mism=826 crash=146 timeout=11 skip=1627  |  inflight=23
  [5365] MISMATCH w42:670 out[1] non-finite mismatch (nan/inf positions differ)
  [5366] MISMATCH w42:693 out[2] max|delta|=1.862e+00 (rtol=0.01 atol=0.001)
  [5369] MISMATCH w42:70 out[2] max|delta|=7.916e-02 (rtol=0.01 atol=0.001)
  [5379] MISMATCH w42:751 out[1] max|delta|=1.017e-03 (rtol=0.01 atol=0.001)
  [5384] MISMATCH w42:85 out[3] non-finite mismatch (nan/inf positions differ)
  [5386] CRASH    w42:719 executor died (native abort)
  [5392] CRASH    w43:153 executor died (native abort)
  [t=1314s] 5392/10518 ( 4.1/s)  ok=2762 mism=831 crash=148 timeout=11 skip=1640  |  inflight=24
  [t=1317s] 5392/10518 ( 4.1/s)  ok=2762 mism=831 crash=148 timeout=11 skip=1640  |  inflight=24
  [5393] MISMATCH w43:103 out[0] non-finite mismatch (nan/inf positions differ)
  [5395] MISMATCH w43:182 out[0] max|delta|=1.000e+00 (rtol=0.01 atol=0.001)
  [5398] MISMATCH w43:198 out[3] max|delta|=1.000e+00 (rtol=0.0 atol=0.0)
  [t=1321s] 5398/10518 ( 4.1/s)  ok=2765 mism=834 crash=148 timeout=11 skip=1640  |  inflight=23
  [5406] MISMATCH w43:293 out[0] max|delta|=1.000e+00 (rtol=0.0 atol=0.0)
  [5408] MISMATCH w43:303 out[0] max|delta|=3.081e-01 (rtol=0.01 atol=0.001)
  [5421] MISMATCH w43:382 out[1] max|delta|=2.500e-01 (rtol=0.01 atol=0.001)
  [5425] CRASH    w43:42 executor died (native abort)
  [t=1324s] 5425/10518 ( 4.1/s)  ok=2779 mism=837 crash=149 timeout=11 skip=1649  |  inflight=24
  [t=1327s] 5425/10518 ( 4.1/s)  ok=2779 mism=837 crash=149 timeout=11 skip=1649  |  inflight=24
  [5427] MISMATCH w43:46 out[0] max|delta|=7.891e-01 (rtol=0.01 atol=0.001)
  [5433] MISMATCH w43:503 out[2] non-finite mismatch (nan/inf positions differ)
  [5447] MISMATCH w43:456 out[0] max|delta|=2.222e-02 (rtol=0.01 atol=0.001)
  [5451] MISMATCH w43:630 out[4] non-finite mismatch (nan/inf positions differ)
  [5452] MISMATCH w43:643 out[1] max|delta|=1.000e+00 (rtol=0.0 atol=0.0)
  [5454] CRASH    w43:596 executor died (native abort)
  [5456] MISMATCH w43:70 out[1] non-finite mismatch (nan/inf positions differ)
  [t=1330s] 5456/10518 ( 4.1/s)  ok=2792 mism=843 crash=150 timeout=11 skip=1660  |  inflight=23
  [5462] MISMATCH w43:734 out[0] max|delta|=3.141e+00 (rtol=0.01 atol=0.001)
  [5463] CRASH    w43:74 executor died (native abort)
  [t=1333s] 5463/10518 ( 4.1/s)  ok=2795 mism=844 crash=151 timeout=11 skip=1662  |  inflight=24
  [t=1336s] 5463/10518 ( 4.1/s)  ok=2795 mism=844 crash=151 timeout=11 skip=1662  |  inflight=24
  [5464] CRASH    w43:676 executor died (native abort)
  [5473] MISMATCH w43:98 out[3] non-finite mismatch (nan/inf positions differ)
  [5477] MISMATCH w44:116 out[2] non-finite mismatch (nan/inf positions differ)
  [5481] MISMATCH w44:153 out[3] max|delta|=5.765e+17 (rtol=0.0 atol=0.0)
  [5482] MISMATCH w44:162 out[0] non-finite mismatch (nan/inf positions differ)
  [5484] MISMATCH w44:181 out[2] max|delta|=1.000e+00 (rtol=0.0 atol=0.0)
  [t=1339s] 5485/10518 ( 4.1/s)  ok=2806 mism=849 crash=152 timeout=11 skip=1667  |  inflight=23
  [5493] MISMATCH w44:268 out[0] max|delta|=9.136e+01 (rtol=0.01 atol=0.001)
  [5502] MISMATCH w44:342 out[0] max|delta|=1.000e+00 (rtol=0.0 atol=0.0)
  [5510] MISMATCH w44:424 out[4] non-finite mismatch (nan/inf positions differ)
  [5513] MISMATCH w44:437 out[1] max|delta|=2.000e+00 (rtol=0.0 atol=0.0)
  [5514] MISMATCH w44:438 out[2] max|delta|=1.000e+00 (rtol=0.0 atol=0.0)
  [5523] MISMATCH w44:522 out[3] non-finite mismatch (nan/inf positions differ)
  [t=1342s] 5523/10518 ( 4.1/s)  ok=2826 mism=855 crash=152 timeout=11 skip=1679  |  inflight=23
  [5528] MISMATCH w44:585 out[1] max|delta|=1.000e+00 (rtol=0.0 atol=0.0)
  [5536] MISMATCH w44:651 out[1] max|delta|=1.248e-01 (rtol=0.01 atol=0.001)
  [5538] CRASH    w44:654 executor died (native abort)
  [t=1346s] 5538/10518 ( 4.1/s)  ok=2833 mism=857 crash=153 timeout=11 skip=1684  |  inflight=24
  [t=1349s] 5538/10518 ( 4.1/s)  ok=2833 mism=857 crash=153 timeout=11 skip=1684  |  inflight=24
  [5547] MISMATCH w44:718 out[0] max|delta|=1.000e+00 (rtol=0.0 atol=0.0)
  [5553] MISMATCH w44:740 out[4] non-finite mismatch (nan/inf positions differ)
  [5556] MISMATCH w44:765 out[1] non-finite mismatch (nan/inf positions differ)
  [5558] MISMATCH w44:655 out[2] non-finite mismatch (nan/inf positions differ)
  [5560] MISMATCH w45:10 out[0] max|delta|=9.961e-01 (rtol=0.01 atol=0.001)
  [5563] MISMATCH w45:146 out[1] max|delta|=1.000e+00 (rtol=0.0 atol=0.0)
  [5572] MISMATCH w45:230 out[1] max|delta|=1.819e-01 (rtol=0.01 atol=0.001)
  [5578] MISMATCH w45:288 out[4] non-finite mismatch (nan/inf positions differ)
  [5580] CRASH    w45:314 executor died (native abort)
  [t=1352s] 5580/10518 ( 4.1/s)  ok=2863 mism=865 crash=154 timeout=11 skip=1687  |  inflight=23
  [t=1355s] 5580/10518 ( 4.1/s)  ok=2863 mism=865 crash=154 timeout=11 skip=1687  |  inflight=24
  [t=1358s] 5590/10518 ( 4.1/s)  ok=2869 mism=865 crash=154 timeout=11 skip=1691  |  inflight=23
  [5591] MISMATCH w45:394 out[2] non-finite mismatch (nan/inf positions differ)
  [5593] CRASH    w45:418 executor died (native abort)
  [t=1361s] 5593/10518 ( 4.1/s)  ok=2869 mism=866 crash=155 timeout=11 skip=1692  |  inflight=24
  [t=1364s] 5593/10518 ( 4.1/s)  ok=2869 mism=866 crash=155 timeout=11 skip=1692  |  inflight=24
  [5594] CRASH    w45:430 executor died (native abort)
  [t=1367s] 5594/10518 ( 4.1/s)  ok=2869 mism=866 crash=156 timeout=11 skip=1692  |  inflight=24
  [t=1370s] 5594/10518 ( 4.1/s)  ok=2869 mism=866 crash=156 timeout=11 skip=1692  |  inflight=24
  [t=1373s] 5607/10518 ( 4.1/s)  ok=2878 mism=866 crash=156 timeout=11 skip=1696  |  inflight=23
  [5615] MISMATCH w45:609 out[1] max|delta|=2.117e+00 (rtol=0.01 atol=0.001)
  [5616] MISMATCH w45:639 out[0] max|delta|=1.000e+00 (rtol=0.0 atol=0.0)
  [5620] MISMATCH w45:675 out[2] max|delta|=7.000e+00 (rtol=0.0 atol=0.0)
  [5628] MISMATCH w45:743 out[1] max|delta|=1.000e+00 (rtol=0.0 atol=0.0)
  [5629] MISMATCH w45:755 out[1] non-finite mismatch (nan/inf positions differ)
  [t=1376s] 5636/10518 ( 4.1/s)  ok=2894 mism=871 crash=156 timeout=11 skip=1704  |  inflight=23
  [5639] MISMATCH w46:181 out[1] max|delta|=1.000e+00 (rtol=0.01 atol=0.001)
  [5642] MISMATCH w46:253 out[0] non-finite mismatch (nan/inf positions differ)
  [t=1379s] 5650/10518 ( 4.1/s)  ok=2900 mism=873 crash=156 timeout=11 skip=1710  |  inflight=24
  [t=1382s] 5650/10518 ( 4.1/s)  ok=2900 mism=873 crash=156 timeout=11 skip=1710  |  inflight=24
  [t=1385s] 5650/10518 ( 4.1/s)  ok=2900 mism=873 crash=156 timeout=11 skip=1710  |  inflight=24
  [5651] MISMATCH w46:44 out[1] max|delta|=1.000e+00 (rtol=0.0 atol=0.0)
  [5656] CRASH    w46:519 executor died (native abort)
  [t=1388s] 5656/10518 ( 4.1/s)  ok=2903 mism=874 crash=157 timeout=11 skip=1711  |  inflight=24
  [t=1391s] 5656/10518 ( 4.1/s)  ok=2903 mism=874 crash=157 timeout=11 skip=1711  |  inflight=24
  [t=1395s] 5658/10518 ( 4.1/s)  ok=2905 mism=874 crash=157 timeout=11 skip=1711  |  inflight=23
  [5663] MISMATCH w46:661 out[0] max|delta|=2.527e+00 (rtol=0.01 atol=0.001)
  [5670] MISMATCH w46:707 out[0] max|delta|=2.520e+02 (rtol=0.0 atol=0.0)
  [5673] MISMATCH w46:729 out[1] non-finite mismatch (nan/inf positions differ)
  [5676] MISMATCH w46:747 out[0] max|delta|=7.038e-03 (rtol=0.01 atol=0.001)
  [5683] MISMATCH w46:88 out[2] max|delta|=2.560e+02 (rtol=0.01 atol=0.001)
  [t=1398s] 5688/10518 ( 4.1/s)  ok=2920 mism=879 crash=157 timeout=11 skip=1721  |  inflight=23
  [5691] MISMATCH w47:168 out[1] max|delta|=1.000e+00 (rtol=0.0 atol=0.0)
  [5706] MISMATCH w47:30 out[1] max|delta|=3.142e+00 (rtol=0.01 atol=0.001)
  [5710] MISMATCH w47:320 out[0] max|delta|=1.000e+00 (rtol=0.0 atol=0.0)
  [5714] MISMATCH w47:340 out[1] max|delta|=6.771e-01 (rtol=0.01 atol=0.001)
  [5715] MISMATCH w47:345 out[4] max|delta|=4.583e-01 (rtol=0.01 atol=0.001)
  [t=1401s] 5718/10518 ( 4.1/s)  ok=2936 mism=884 crash=157 timeout=11 skip=1730  |  inflight=23
  [5725] MISMATCH w47:456 out[0] max|delta|=1.000e+00 (rtol=0.0 atol=0.0)
  [5733] MISMATCH w47:505 out[0] max|delta|=5.000e-01 (rtol=0.01 atol=0.001)
  [5739] CRASH    w47:539 executor died (native abort)
  [t=1404s] 5739/10518 ( 4.1/s)  ok=2949 mism=886 crash=158 timeout=11 skip=1735  |  inflight=24
  [t=1407s] 5739/10518 ( 4.1/s)  ok=2949 mism=886 crash=158 timeout=11 skip=1735  |  inflight=24
  [t=1410s] 5739/10518 ( 4.1/s)  ok=2949 mism=886 crash=158 timeout=11 skip=1735  |  inflight=24
  [t=1413s] 5744/10518 ( 4.1/s)  ok=2953 mism=886 crash=158 timeout=11 skip=1736  |  inflight=23
  [5745] MISMATCH w47:599 out[1] max|delta|=1.000e+00 (rtol=0.0 atol=0.0)
  [5748] CRASH    w47:613 executor died (native abort)
  [t=1416s] 5748/10518 ( 4.1/s)  ok=2954 mism=887 crash=159 timeout=11 skip=1737  |  inflight=24
  [t=1419s] 5748/10518 ( 4.0/s)  ok=2954 mism=887 crash=159 timeout=11 skip=1737  |  inflight=24
  [t=1422s] 5748/10518 ( 4.0/s)  ok=2954 mism=887 crash=159 timeout=11 skip=1737  |  inflight=24
  [5749] MISMATCH w47:622 out[0] max|delta|=1.000e+00 (rtol=0.0 atol=0.0)
  [t=1425s] 5750/10518 ( 4.0/s)  ok=2954 mism=888 crash=159 timeout=11 skip=1738  |  inflight=24
  [t=1428s] 5750/10518 ( 4.0/s)  ok=2954 mism=888 crash=159 timeout=11 skip=1738  |  inflight=24
  [t=1431s] 5750/10518 ( 4.0/s)  ok=2954 mism=888 crash=159 timeout=11 skip=1738  |  inflight=24
  [5754] MISMATCH w47:679 out[3] max|delta|=1.674e+00 (rtol=0.01 atol=0.001)
  [5755] MISMATCH w47:687 out[0] non-finite mismatch (nan/inf positions differ)
  [5756] MISMATCH w47:7 out[2] max|delta|=1.000e+00 (rtol=0.0 atol=0.0)
  [5760] MISMATCH w47:769 out[0] max|delta|=1.000e+00 (rtol=0.0 atol=0.0)
  [5767] MISMATCH w48:105 out[0] max|delta|=1.000e+00 (rtol=0.0 atol=0.0)
  [t=1434s] 5775/10518 ( 4.0/s)  ok=2965 mism=893 crash=159 timeout=12 skip=1746  |  inflight=23
  [5797] MISMATCH w48:312 out[2] non-finite mismatch (nan/inf positions differ)
  [5801] MISMATCH w48:336 out[3] non-finite mismatch (nan/inf positions differ)
  [5803] MISMATCH w48:352 out[0] max|delta|=2.000e+00 (rtol=0.01 atol=0.001)
  [t=1438s] 5804/10518 ( 4.0/s)  ok=2983 mism=896 crash=159 timeout=12 skip=1754  |  inflight=24
  [5805] CRASH    w48:361 executor died (native abort)
  [t=1441s] 5807/10518 ( 4.0/s)  ok=2984 mism=896 crash=160 timeout=12 skip=1755  |  inflight=24
  [5808] CRASH    w48:376 executor died (native abort)
  [5810] CRASH    w48:387 executor died (native abort)
  [t=1444s] 5810/10518 ( 4.0/s)  ok=2985 mism=896 crash=162 timeout=12 skip=1755  |  inflight=24
  [t=1447s] 5812/10518 ( 4.0/s)  ok=2986 mism=896 crash=162 timeout=12 skip=1756  |  inflight=24
  [5814] MISMATCH w48:399 out[0] non-finite mismatch (nan/inf positions differ)
  [5822] MISMATCH w48:455 out[1] non-finite mismatch (nan/inf positions differ)
  [5823] MISMATCH w48:475 out[0] non-finite mismatch (nan/inf positions differ)
  [t=1450s] 5823/10518 ( 4.0/s)  ok=2990 mism=899 crash=162 timeout=12 skip=1760  |  inflight=23
  [5827] CRASH    w48:495 executor died (native abort)
  [5828] CRASH    w48:397 executor died (native abort)
  [t=1454s] 5828/10518 ( 4.0/s)  ok=2991 mism=899 crash=164 timeout=12 skip=1762  |  inflight=24
  [t=1457s] 5828/10518 ( 4.0/s)  ok=2991 mism=899 crash=164 timeout=12 skip=1762  |  inflight=24
  [5829] MISMATCH w48:51 out[1] max|delta|=1.221e-02 (rtol=0.01 atol=0.001)
  [5837] MISMATCH w48:619 out[1] max|delta|=9.082e-02 (rtol=0.01 atol=0.001)
  [5839] MISMATCH w48:623 out[2] non-finite mismatch (nan/inf positions differ)
  [5842] MISMATCH w48:685 out[2] max|delta|=2.550e+02 (rtol=0.0 atol=0.0)
  [5843] MISMATCH w48:669 out[3] max|delta|=7.654e-03 (rtol=0.01 atol=0.001)
  [t=1460s] 5845/10518 ( 4.0/s)  ok=2996 mism=904 crash=164 timeout=12 skip=1769  |  inflight=23
  [5849] CRASH    w48:705 executor died (native abort)
  [5854] MISMATCH w49:127 out[2] max|delta|=1.296e-01 (rtol=0.01 atol=0.001)
  [5855] MISMATCH w49:158 out[0] max|delta|=3.035e+00 (rtol=0.01 atol=0.001)
  [5864] MISMATCH w49:253 out[0] max|delta|=2.000e+00 (rtol=0.01 atol=0.001)
  [5875] MISMATCH w49:342 out[0] max|delta|=8.750e-01 (rtol=0.01 atol=0.001)
  [t=1463s] 5883/10518 ( 4.0/s)  ok=3016 mism=908 crash=165 timeout=12 skip=1782  |  inflight=23
  [5884] MISMATCH w49:375 out[1] non-finite mismatch (nan/inf positions differ)
  [5902] CRASH    w49:45 executor died (native abort)
  [t=1466s] 5914/10518 ( 4.0/s)  ok=3033 mism=909 crash=166 timeout=12 skip=1794  |  inflight=23
  [t=1469s] 5916/10518 ( 4.0/s)  ok=3035 mism=909 crash=166 timeout=12 skip=1794  |  inflight=24
  [t=1472s] 5918/10518 ( 4.0/s)  ok=3036 mism=909 crash=166 timeout=13 skip=1794  |  inflight=23
  [5946] MISMATCH w49:781 out[1] max|delta|=3.788e+02 (rtol=0.01 atol=0.001)
  [5954] MISMATCH w5:136 out[0] max|delta|=2.000e+00 (rtol=0.01 atol=0.001)
  [5957] MISMATCH w5:167 out[4] max|delta|=9.223e+18 (rtol=0.0 atol=0.0)
  [5958] MISMATCH w5:177 out[2] non-finite mismatch (nan/inf positions differ)
  [5961] MISMATCH w5:200 out[0] max|delta|=1.000e+00 (rtol=0.01 atol=0.001)
  [5963] MISMATCH w5:205 out[1] non-finite mismatch (nan/inf positions differ)
  [5964] MISMATCH w5:214 out[0] max|delta|=1.164e+00 (rtol=0.01 atol=0.001)
  [5973] MISMATCH w5:290 out[0] non-finite mismatch (nan/inf positions differ)
  [t=1475s] 5976/10518 ( 4.1/s)  ok=3068 mism=917 crash=166 timeout=13 skip=1812  |  inflight=23
  [5992] CRASH    w5:432 executor died (native abort)
  [5993] MISMATCH w49:584 out[3] max|delta|=1.000e+00 (rtol=0.0 atol=0.0)
  [6011] MISMATCH w5:56 out[3] non-finite mismatch (nan/inf positions differ)
  [t=1479s] 6011/10518 ( 4.1/s)  ok=3086 mism=919 crash=167 timeout=13 skip=1826  |  inflight=23
  [6015] MISMATCH w5:590 out[3] max|delta|=8.042e-01 (rtol=0.01 atol=0.001)
  [6020] MISMATCH w5:649 out[2] max|delta|=1.000e+00 (rtol=0.0 atol=0.0)
  [t=1482s] 6022/10518 ( 4.1/s)  ok=3091 mism=921 crash=167 timeout=13 skip=1830  |  inflight=24
  [6030] MISMATCH w5:690 out[3] max|delta|=1.000e+00 (rtol=0.01 atol=0.001)
  [6031] MISMATCH w5:694 out[0] max|delta|=1.000e+00 (rtol=0.0 atol=0.0)
  [t=1485s] 6032/10518 ( 4.1/s)  ok=3098 mism=923 crash=167 timeout=13 skip=1831  |  inflight=23
  [6039] MISMATCH w5:742 out[0] max|delta|=2.147e+09 (rtol=0.0 atol=0.0)
  [6044] MISMATCH w5:765 out[2] non-finite mismatch (nan/inf positions differ)
  [6059] CRASH    w50:125 executor died (native abort)
  [6061] MISMATCH w50:185 out[0] max|delta|=1.000e+00 (rtol=0.0 atol=0.0)
  [6062] MISMATCH w50:210 out[3] max|delta|=1.199e-01 (rtol=0.01 atol=0.001)
  [6063] MISMATCH w50:219 out[3] non-finite mismatch (nan/inf positions differ)
  [6065] MISMATCH w5:663 out[0] non-finite mismatch (nan/inf positions differ)
  [6072] MISMATCH w50:291 out[0] non-finite mismatch (nan/inf positions differ)
  [t=1488s] 6085/10518 ( 4.1/s)  ok=3131 mism=930 crash=168 timeout=13 skip=1843  |  inflight=23
  [6088] MISMATCH w50:411 out[0] max|delta|=3.479e-03 (rtol=0.01 atol=0.001)
  [6090] CRASH    w50:381 executor died (native abort)
  [6096] CRASH    w50:486 executor died (native abort)
  [t=1491s] 6096/10518 ( 4.1/s)  ok=3136 mism=931 crash=170 timeout=13 skip=1846  |  inflight=24
  [6098] MISMATCH w50:491 out[1] non-finite mismatch (nan/inf positions differ)
  [t=1494s] 6098/10518 ( 4.1/s)  ok=3136 mism=932 crash=170 timeout=13 skip=1847  |  inflight=23
  [6102] MISMATCH w50:514 out[0] max|delta|=1.599e-02 (rtol=0.01 atol=0.001)
  [6109] MISMATCH w50:550 out[0] non-finite mismatch (nan/inf positions differ)
  [6112] MISMATCH w50:589 out[3] max|delta|=3.355e+07 (rtol=0.0 atol=0.0)
  [6114] CRASH    w50:593 executor died (native abort)
  [t=1497s] 6115/10518 ( 4.1/s)  ok=3142 mism=935 crash=171 timeout=13 skip=1854  |  inflight=23
  [6117] MISMATCH w50:615 out[1] max|delta|=3.240e+02 (rtol=0.0 atol=0.0)
  [6125] CRASH    w50:629 executor died (native abort)
  [6127] MISMATCH w50:704 out[2] max|delta|=2.539e-01 (rtol=0.01 atol=0.001)
  [6130] MISMATCH w50:752 out[0] max|delta|=4.608e+00 (rtol=0.01 atol=0.001)
  [6140] MISMATCH w51:124 out[0] max|delta|=9.951e-01 (rtol=0.01 atol=0.001)
  [6143] MISMATCH w51:147 out[0] non-finite mismatch (nan/inf positions differ)
  [6145] CRASH    w51:153 executor died (native abort)
  [t=1501s] 6145/10518 ( 4.1/s)  ok=3154 mism=940 crash=173 timeout=13 skip=1865  |  inflight=24
  [t=1504s] 6145/10518 ( 4.1/s)  ok=3154 mism=940 crash=173 timeout=13 skip=1865  |  inflight=24
  [6146] MISMATCH w50:6 out[2] max|delta|=2.500e-01 (rtol=0.01 atol=0.001)
  [6153] MISMATCH w51:194 out[2] non-finite mismatch (nan/inf positions differ)
  [6155] CRASH    w51:214 executor died (native abort)
  [t=1507s] 6155/10518 ( 4.1/s)  ok=3160 mism=942 crash=174 timeout=13 skip=1866  |  inflight=24
  [6160] MISMATCH w51:261 out[0] non-finite mismatch (nan/inf positions differ)
  [6167] MISMATCH w51:311 out[2] max|delta|=1.243e-01 (rtol=0.01 atol=0.001)
  [6170] MISMATCH w51:316 out[2] non-finite mismatch (nan/inf positions differ)
  [6172] MISMATCH w51:317 out[1] max|delta|=1.000e+00 (rtol=0.0 atol=0.0)
  [6174] MISMATCH w51:343 out[1] max|delta|=1.000e+00 (rtol=0.0 atol=0.0)
  [6179] CRASH    w51:361 executor died (native abort)
  [t=1510s] 6181/10518 ( 4.1/s)  ok=3175 mism=947 crash=175 timeout=13 skip=1871  |  inflight=23
  [6183] MISMATCH w51:43 out[1] max|delta|=1.000e+00 (rtol=0.0 atol=0.0)
  [6186] MISMATCH w51:447 out[1] max|delta|=1.000e+00 (rtol=0.0 atol=0.0)
  [6196] CRASH    w51:516 executor died (native abort)
  [6199] MISMATCH w51:557 out[1] max|delta|=1.554e-01 (rtol=0.01 atol=0.001)
  [6202] MISMATCH w51:574 out[1] max|delta|=3.141e+00 (rtol=0.01 atol=0.001)
  [6206] MISMATCH w51:612 out[2] max|delta|=2.686e-02 (rtol=0.01 atol=0.001)
  [t=1513s] 6208/10518 ( 4.1/s)  ok=3185 mism=952 crash=176 timeout=13 skip=1882  |  inflight=23
  [6209] MISMATCH w51:637 out[2] max|delta|=9.961e-01 (rtol=0.01 atol=0.001)
  [6211] CRASH    w51:643 executor died (native abort)
  [t=1516s] 6212/10518 ( 4.1/s)  ok=3186 mism=953 crash=177 timeout=13 skip=1883  |  inflight=23
  [t=1519s] 6240/10518 ( 4.1/s)  ok=3202 mism=953 crash=177 timeout=13 skip=1895  |  inflight=23
  [6242] MISMATCH w52:243 out[1] non-finite mismatch (nan/inf positions differ)
  [6245] MISMATCH w51:536 out[0] non-finite mismatch (nan/inf positions differ)
  [6247] MISMATCH w52:295 out[3] max|delta|=8.984e-02 (rtol=0.01 atol=0.001)
  [6254] MISMATCH w52:340 out[0] max|delta|=9.622e-01 (rtol=0.01 atol=0.001)
  [6257] MISMATCH w52:372 out[0] non-finite mismatch (nan/inf positions differ)
  [6259] MISMATCH w52:399 out[3] max|delta|=3.000e+00 (rtol=0.0 atol=0.0)
  [6262] MISMATCH w52:433 out[0] max|delta|=2.147e+09 (rtol=0.01 atol=0.001)
  [6265] CRASH    w52:383 executor died (native abort)
  [6266] MISMATCH w52:443 out[0] max|delta|=1.527e-01 (rtol=0.01 atol=0.001)
  [6277] MISMATCH w52:531 out[2] max|delta|=2.978e+01 (rtol=0.01 atol=0.001)
  [t=1522s] 6278/10518 ( 4.1/s)  ok=3219 mism=962 crash=178 timeout=13 skip=1906  |  inflight=24
  [t=1525s] 6278/10518 ( 4.1/s)  ok=3219 mism=962 crash=178 timeout=13 skip=1906  |  inflight=24
  [6281] MISMATCH w52:564 out[0] max|delta|=2.290e-01 (rtol=0.01 atol=0.001)
  [6284] MISMATCH w52:58 out[3] max|delta|=1.027e+01 (rtol=0.01 atol=0.001)
  [6294] MISMATCH w52:708 out[2] max|delta|=1.000e+00 (rtol=0.01 atol=0.001)
  [6298] MISMATCH w52:766 out[1] max|delta|=8.247e+00 (rtol=0.01 atol=0.001)
  [6299] MISMATCH w52:767 out[2] non-finite mismatch (nan/inf positions differ)
  [t=1528s] 6303/10518 ( 4.1/s)  ok=3231 mism=967 crash=178 timeout=13 skip=1914  |  inflight=23
  [6312] MISMATCH w53:204 out[0] max|delta|=3.613e-02 (rtol=0.01 atol=0.001)
  [6321] MISMATCH w53:255 out[0] non-finite mismatch (nan/inf positions differ)
  [6323] MISMATCH w53:262 out[2] non-finite mismatch (nan/inf positions differ)
  [6326] MISMATCH w53:296 out[4] max|delta|=1.000e+00 (rtol=0.0 atol=0.0)
  [6331] MISMATCH w53:317 out[4] max|delta|=1.000e+00 (rtol=0.0 atol=0.0)
  [6336] MISMATCH w53:346 out[1] non-finite mismatch (nan/inf positions differ)
  [6342] MISMATCH w53:413 out[1] max|delta|=1.000e+00 (rtol=0.0 atol=0.0)
  [6352] MISMATCH w53:494 out[0] max|delta|=8.768e-01 (rtol=0.01 atol=0.001)
  [6355] MISMATCH w53:51 out[1] max|delta|=1.000e+00 (rtol=0.01 atol=0.001)
  [6361] MISMATCH w53:545 out[1] max|delta|=2.000e+00 (rtol=0.01 atol=0.001)
  [6365] CRASH    w53:54 executor died (native abort)
  [t=1531s] 6365/10518 ( 4.2/s)  ok=3266 mism=977 crash=179 timeout=13 skip=1930  |  inflight=23
  [6374] MISMATCH w53:65 out[3] max|delta|=1.000e+00 (rtol=0.01 atol=0.001)
  [6376] MISMATCH w53:678 out[1] max|delta|=3.142e+00 (rtol=0.01 atol=0.001)
  [6379] MISMATCH w53:712 out[1] max|delta|=1.000e+00 (rtol=0.0 atol=0.0)
  [6397] CRASH    w54:130 executor died (native abort)
  [6402] MISMATCH w54:221 out[0] max|delta|=3.721e-01 (rtol=0.01 atol=0.001)
  [t=1534s] 6404/10518 ( 4.2/s)  ok=3287 mism=981 crash=180 timeout=13 skip=1943  |  inflight=23
  [6414] MISMATCH w54:324 out[4] max|delta|=7.469e-01 (rtol=0.01 atol=0.001)
  [6418] MISMATCH w54:410 out[4] max|delta|=1.000e+00 (rtol=0.0 atol=0.0)
  [6420] MISMATCH w54:448 out[0] max|delta|=3.167e-01 (rtol=0.01 atol=0.001)
  [6439] MISMATCH w54:58 out[0] max|delta|=1.615e+00 (rtol=0.01 atol=0.001)
  [t=1537s] 6439/10518 ( 4.2/s)  ok=3304 mism=985 crash=180 timeout=13 skip=1957  |  inflight=23
  [6440] CRASH    w54:578 executor died (native abort)
  [6441] CRASH    w54:590 executor died (native abort)
  [t=1541s] 6453/10518 ( 4.2/s)  ok=3312 mism=985 crash=182 timeout=13 skip=1961  |  inflight=23
  [6461] MISMATCH w55:103 out[2] max|delta|=9.330e+00 (rtol=0.01 atol=0.001)
  [6464] MISMATCH w55:114 out[0] non-finite mismatch (nan/inf positions differ)
  [6467] MISMATCH w55:129 out[0] non-finite mismatch (nan/inf positions differ)
  [6469] MISMATCH w54:592 out[0] max|delta|=5.175e-01 (rtol=0.01 atol=0.001)
  [t=1544s] 6479/10518 ( 4.2/s)  ok=3327 mism=989 crash=182 timeout=13 skip=1968  |  inflight=23
  [6489] MISMATCH w55:260 out[2] non-finite mismatch (nan/inf positions differ)
  [6490] MISMATCH w55:268 out[0] max|delta|=1.000e+00 (rtol=0.0 atol=0.0)
  [6495] MISMATCH w55:306 out[3] non-finite mismatch (nan/inf positions differ)
  [6499] MISMATCH w55:32 out[2] non-finite mismatch (nan/inf positions differ)
  [6501] MISMATCH w55:353 out[2] max|delta|=5.004e-01 (rtol=0.01 atol=0.001)
  [6502] MISMATCH w55:390 out[0] max|delta|=1.000e+00 (rtol=0.0 atol=0.0)
  [6516] MISMATCH w55:464 out[3] max|delta|=4.000e+00 (rtol=0.01 atol=0.001)
  [6517] MISMATCH w55:484 out[3] max|delta|=1.000e+00 (rtol=0.0 atol=0.0)
  [6520] CRASH    w55:456 executor died (native abort)
  [6521] MISMATCH w55:512 out[0] max|delta|=3.734e-01 (rtol=0.01 atol=0.001)
  [t=1547s] 6533/10518 ( 4.2/s)  ok=3353 mism=998 crash=183 timeout=13 skip=1986  |  inflight=23
  [6535] MISMATCH w55:621 out[1] max|delta|=3.800e+01 (rtol=0.0 atol=0.0)
  [6538] MISMATCH w55:643 out[1] max|delta|=1.000e+00 (rtol=0.0 atol=0.0)
  [6542] MISMATCH w55:672 out[2] non-finite mismatch (nan/inf positions differ)
  [6554] MISMATCH w55:749 out[1] max|delta|=4.000e+00 (rtol=0.01 atol=0.001)
  [6558] MISMATCH w55:756 out[0] max|delta|=1.000e+00 (rtol=0.0 atol=0.0)
  [6562] MISMATCH w56:125 out[1] max|delta|=1.000e+00 (rtol=0.0 atol=0.0)
  [6569] MISMATCH w56:167 out[2] max|delta|=1.000e+00 (rtol=0.0 atol=0.0)
  [6577] MISMATCH w56:240 out[0] max|delta|=6.965e-02 (rtol=0.01 atol=0.001)
  [6582] MISMATCH w56:274 out[4] max|delta|=2.500e+01 (rtol=0.01 atol=0.001)
  [6583] MISMATCH w56:275 out[0] max|delta|=1.000e+00 (rtol=0.0 atol=0.0)
  [t=1550s] 6583/10518 ( 4.2/s)  ok=3380 mism=1008 crash=183 timeout=13 skip=1999  |  inflight=23
  [6595] MISMATCH w56:382 out[3] non-finite mismatch (nan/inf positions differ)
  [6609] CRASH    w56:43 executor died (native abort)
  [6613] CRASH    w56:509 executor died (native abort)
  [t=1553s] 6613/10518 ( 4.3/s)  ok=3395 mism=1009 crash=185 timeout=13 skip=2011  |  inflight=24
  [6618] MISMATCH w56:527 out[3] non-finite mismatch (nan/inf positions differ)
  [6620] MISMATCH w56:55 out[1] non-finite mismatch (nan/inf positions differ)
  [6622] MISMATCH w56:564 out[2] max|delta|=9.223e+18 (rtol=0.0 atol=0.0)
  [6630] MISMATCH w56:645 out[0] max|delta|=1.000e+00 (rtol=0.0 atol=0.0)
  [6632] MISMATCH w56:657 out[0] non-finite mismatch (nan/inf positions differ)
  [6633] MISMATCH w56:665 out[1] max|delta|=2.306e+18 (rtol=0.0 atol=0.0)
  [t=1556s] 6637/10518 ( 4.3/s)  ok=3406 mism=1015 crash=185 timeout=13 skip=2018  |  inflight=23
  [6638] CRASH    w56:740 executor died (native abort)
  [t=1559s] 6638/10518 ( 4.3/s)  ok=3406 mism=1015 crash=186 timeout=13 skip=2018  |  inflight=24
  [6640] MISMATCH w56:764 out[0] max|delta|=8.081e+01 (rtol=0.01 atol=0.001)
  [6641] MISMATCH w56:768 out[1] max|delta|=1.000e+00 (rtol=0.01 atol=0.001)
  [6643] MISMATCH w56:86 out[0] max|delta|=6.777e-01 (rtol=0.01 atol=0.001)
  [6647] MISMATCH w57:12 out[2] max|delta|=1.000e+00 (rtol=0.01 atol=0.001)
  [6657] MISMATCH w57:199 out[2] max|delta|=1.000e+00 (rtol=0.01 atol=0.001)
  [6659] MISMATCH w57:212 out[2] max|delta|=2.167e+00 (rtol=0.01 atol=0.001)
  [6661] MISMATCH w57:23 out[1] max|delta|=1.000e+00 (rtol=0.01 atol=0.001)
  [6662] MISMATCH w57:248 out[0] max|delta|=1.315e-02 (rtol=0.01 atol=0.001)
  [6663] MISMATCH w57:250 out[1] max|delta|=1.367e-02 (rtol=0.01 atol=0.001)
  [6668] MISMATCH w57:301 out[4] max|delta|=1.164e+00 (rtol=0.01 atol=0.001)
  [6670] MISMATCH w57:341 out[0] max|delta|=1.000e+00 (rtol=0.0 atol=0.0)
  [6671] CRASH    w57:289 executor died (native abort)
  [6673] MISMATCH w57:377 out[0] max|delta|=1.164e+00 (rtol=0.01 atol=0.001)
  [t=1562s] 6675/10518 ( 4.3/s)  ok=3423 mism=1027 crash=187 timeout=13 skip=2025  |  inflight=23
  [6683] MISMATCH w56:750 out[2] non-finite mismatch (nan/inf positions differ)
  [6686] MISMATCH w57:539 out[0] max|delta|=1.881e-01 (rtol=0.01 atol=0.001)
  [6691] MISMATCH w57:599 out[1] non-finite mismatch (nan/inf positions differ)
  [6694] MISMATCH w57:606 out[3] non-finite mismatch (nan/inf positions differ)
  [6696] CRASH    w57:586 executor died (native abort)
  [6704] MISMATCH w57:697 out[0] max|delta|=1.000e+00 (rtol=0.0 atol=0.0)
  [6713] MISMATCH w57:747 out[0] max|delta|=2.013e+08 (rtol=0.0 atol=0.0)
  [6715] MISMATCH w57:80 out[1] max|delta|=1.000e+00 (rtol=0.0 atol=0.0)
  [t=1565s] 6715/10518 ( 4.3/s)  ok=3443 mism=1034 crash=188 timeout=13 skip=2037  |  inflight=23
  [6716] MISMATCH w57:83 out[1] max|delta|=1.000e+00 (rtol=0.0 atol=0.0)
  [6718] MISMATCH w57:99 out[1] non-finite mismatch (nan/inf positions differ)
  [6724] MISMATCH w58:133 out[4] non-finite mismatch (nan/inf positions differ)
  [6725] MISMATCH w58:136 out[1] non-finite mismatch (nan/inf positions differ)
  [t=1569s] 6741/10518 ( 4.3/s)  ok=3453 mism=1038 crash=188 timeout=13 skip=2049  |  inflight=24
  [6744] CRASH    w58:267 executor died (native abort)
  [6745] MISMATCH w58:287 out[0] max|delta|=2.147e+09 (rtol=0.0 atol=0.0)
  [6748] CRASH    w58:30 executor died (native abort)
  [6753] MISMATCH w58:331 out[1] max|delta|=1.000e+00 (rtol=0.0 atol=0.0)
  [6754] CRASH    w58:345 executor died (native abort)
  [t=1572s] 6754/10518 ( 4.3/s)  ok=3459 mism=1040 crash=191 timeout=13 skip=2051  |  inflight=24
  [t=1575s] 6754/10518 ( 4.3/s)  ok=3459 mism=1040 crash=191 timeout=13 skip=2051  |  inflight=24
  [t=1578s] 6760/10518 ( 4.3/s)  ok=3464 mism=1040 crash=191 timeout=13 skip=2052  |  inflight=23
  [6776] MISMATCH w58:56 out[2] non-finite mismatch (nan/inf positions differ)
  [6781] CRASH    w58:586 executor died (native abort)
  [t=1581s] 6781/10518 ( 4.3/s)  ok=3479 mism=1041 crash=192 timeout=13 skip=2056  |  inflight=24
  [t=1584s] 6781/10518 ( 4.3/s)  ok=3479 mism=1041 crash=192 timeout=13 skip=2056  |  inflight=24
  [6786] MISMATCH w58:611 out[3] max|delta|=7.926e-02 (rtol=0.01 atol=0.001)
  [6793] MISMATCH w58:712 out[3] max|delta|=6.343e-01 (rtol=0.01 atol=0.001)
  [6795] MISMATCH w58:731 out[2] max|delta|=4.825e-01 (rtol=0.01 atol=0.001)
  [6808] MISMATCH w59:124 out[4] max|delta|=3.840e+02 (rtol=0.0 atol=0.0)
  [t=1587s] 6811/10518 ( 4.3/s)  ok=3499 mism=1045 crash=192 timeout=13 skip=2062  |  inflight=23
  [6815] MISMATCH w59:167 out[3] max|delta|=1.000e+00 (rtol=0.0 atol=0.0)
  [6824] MISMATCH w59:23 out[2] non-finite mismatch (nan/inf positions differ)
  [6826] CRASH    w59:147 executor died (native abort)
  [6829] MISMATCH w59:246 out[0] max|delta|=1.000e+00 (rtol=0.0 atol=0.0)
  [6834] MISMATCH w59:281 out[1] non-finite mismatch (nan/inf positions differ)
  [6835] MISMATCH w59:290 out[0] max|delta|=5.886e+00 (rtol=0.01 atol=0.001)
  [6839] CRASH    w59:277 executor died (native abort)
  [6845] CRASH    w59:361 executor died (native abort)
  [t=1590s] 6845/10518 ( 4.3/s)  ok=3518 mism=1050 crash=195 timeout=13 skip=2069  |  inflight=24
  [t=1593s] 6845/10518 ( 4.3/s)  ok=3518 mism=1050 crash=195 timeout=13 skip=2069  |  inflight=24
  [t=1596s] 6845/10518 ( 4.3/s)  ok=3518 mism=1050 crash=195 timeout=13 skip=2069  |  inflight=24
  [6846] MISMATCH w59:245 out[1] max|delta|=3.000e+00 (rtol=0.01 atol=0.001)
  [6852] MISMATCH w59:435 out[1] max|delta|=6.711e+07 (rtol=0.01 atol=0.001)
  [6856] CRASH    w59:326 executor died (native abort)
  [6858] MISMATCH w59:463 out[0] non-finite mismatch (nan/inf positions differ)
  [6867] CRASH    w59:532 executor died (native abort)
  [t=1599s] 6871/10518 ( 4.3/s)  ok=3529 mism=1053 crash=197 timeout=13 skip=2079  |  inflight=23
  [6881] CRASH    w59:673 executor died (native abort)
  [t=1603s] 6881/10518 ( 4.3/s)  ok=3533 mism=1053 crash=198 timeout=13 skip=2084  |  inflight=24
  [t=1606s] 6881/10518 ( 4.3/s)  ok=3533 mism=1053 crash=198 timeout=13 skip=2084  |  inflight=24
  [6882] MISMATCH w59:679 out[3] max|delta|=3.428e-02 (rtol=0.01 atol=0.001)
  [6884] MISMATCH w59:692 out[0] max|delta|=1.110e+00 (rtol=0.01 atol=0.001)
  [6886] MISMATCH w59:720 out[1] max|delta|=1.059e-02 (rtol=0.01 atol=0.001)
  [6887] MISMATCH w59:733 out[3] max|delta|=1.570e+00 (rtol=0.01 atol=0.001)
  [6902] MISMATCH w59:97 out[2] max|delta|=5.000e+00 (rtol=0.01 atol=0.001)
  [6906] CRASH    w59:96 executor died (native abort)
  [t=1609s] 6906/10518 ( 4.3/s)  ok=3548 mism=1058 crash=199 timeout=13 skip=2088  |  inflight=23
  [6913] MISMATCH w6:191 out[1] max|delta|=3.491e-02 (rtol=0.01 atol=0.001)
  [6914] MISMATCH w6:20 out[0] max|delta|=3.141e+00 (rtol=0.01 atol=0.001)
  [6919] MISMATCH w6:230 out[0] max|delta|=1.544e+01 (rtol=0.01 atol=0.001)
  [6923] MISMATCH w6:248 out[4] non-finite mismatch (nan/inf positions differ)
  [6926] MISMATCH w6:268 out[1] non-finite mismatch (nan/inf positions differ)
  [6937] MISMATCH w6:341 out[1] max|delta|=1.000e+00 (rtol=0.0 atol=0.0)
  [t=1612s] 6937/10518 ( 4.3/s)  ok=3563 mism=1064 crash=199 timeout=13 skip=2098  |  inflight=24
  [t=1615s] 6937/10518 ( 4.3/s)  ok=3563 mism=1064 crash=199 timeout=13 skip=2098  |  inflight=24
  [6942] MISMATCH w6:408 out[2] non-finite mismatch (nan/inf positions differ)
  [6944] MISMATCH w6:42 out[0] non-finite mismatch (nan/inf positions differ)
  [t=1618s] 6947/10518 ( 4.3/s)  ok=3564 mism=1066 crash=199 timeout=13 skip=2105  |  inflight=23
  [6958] CRASH    w6:47 executor died (native abort)
  [6965] MISMATCH w6:640 out[2] max|delta|=4.825e-01 (rtol=0.01 atol=0.001)
  [6973] MISMATCH w6:715 out[0] non-finite mismatch (nan/inf positions differ)
  [6982] MISMATCH w6:89 out[0] max|delta|=1.000e+00 (rtol=0.0 atol=0.0)
  [6987] CRASH    w6:87 executor died (native abort)
  [t=1621s] 6987/10518 ( 4.3/s)  ok=3586 mism=1069 crash=201 timeout=13 skip=2118  |  inflight=23
  [6995] MISMATCH w60:167 out[1] non-finite mismatch (nan/inf positions differ)
  [6997] MISMATCH w60:17 out[0] non-finite mismatch (nan/inf positions differ)
  [7002] CRASH    w60:203 executor died (native abort)
  [t=1624s] 7002/10518 ( 4.3/s)  ok=3591 mism=1071 crash=202 timeout=13 skip=2125  |  inflight=24
  [7004] MISMATCH w60:214 out[0] non-finite mismatch (nan/inf positions differ)
  [t=1627s] 7006/10518 ( 4.3/s)  ok=3591 mism=1072 crash=202 timeout=13 skip=2128  |  inflight=23
  [7007] MISMATCH w60:239 out[2] max|delta|=1.000e+00 (rtol=0.0 atol=0.0)
  [7014] MISMATCH w60:285 out[0] max|delta|=1.000e+00 (rtol=0.0 atol=0.0)
  [7023] MISMATCH w60:328 out[4] max|delta|=1.000e+00 (rtol=0.0 atol=0.0)
  [7025] MISMATCH w60:332 out[3] non-finite mismatch (nan/inf positions differ)
  [7030] MISMATCH w60:358 out[0] max|delta|=1.000e+00 (rtol=0.01 atol=0.001)
  [7036] MISMATCH w60:412 out[0] max|delta|=1.000e+00 (rtol=0.01 atol=0.001)
  [t=1630s] 7041/10518 ( 4.3/s)  ok=3606 mism=1078 crash=202 timeout=13 skip=2142  |  inflight=23
  [7046] MISMATCH w60:511 out[2] max|delta|=1.000e+00 (rtol=0.0 atol=0.0)
  [7056] MISMATCH w60:575 out[2] non-finite mismatch (nan/inf positions differ)
  [7059] MISMATCH w60:593 out[0] max|delta|=1.000e+00 (rtol=0.0 atol=0.0)
  [7065] CRASH    w60:603 executor died (native abort)
  [7066] CRASH    w60:719 executor died (native abort)
  [t=1634s] 7066/10518 ( 4.3/s)  ok=3619 mism=1081 crash=204 timeout=13 skip=2149  |  inflight=24
  [t=1637s] 7066/10518 ( 4.3/s)  ok=3619 mism=1081 crash=204 timeout=13 skip=2149  |  inflight=24
  [7074] CRASH    w61:108 executor died (native abort)
  [7080] MISMATCH w61:136 out[1] max|delta|=1.249e+00 (rtol=0.01 atol=0.001)
  [7084] MISMATCH w61:183 out[1] max|delta|=1.000e+00 (rtol=0.01 atol=0.001)
  [7092] MISMATCH w61:30 out[2] max|delta|=1.000e+00 (rtol=0.01 atol=0.001)
  [7096] MISMATCH w61:34 out[4] max|delta|=3.141e+00 (rtol=0.01 atol=0.001)
  [7102] MISMATCH w61:378 out[1] non-finite mismatch (nan/inf positions differ)
  [t=1640s] 7105/10518 ( 4.3/s)  ok=3642 mism=1086 crash=205 timeout=13 skip=2159  |  inflight=24
  [7106] CRASH    w61:411 executor died (native abort)
  [t=1643s] 7106/10518 ( 4.3/s)  ok=3642 mism=1086 crash=206 timeout=13 skip=2159  |  inflight=24
  [7109] CRASH    w61:434 executor died (native abort)
  [7111] MISMATCH w61:461 out[0] max|delta|=3.000e+00 (rtol=0.0 atol=0.0)
  [t=1646s] 7111/10518 ( 4.3/s)  ok=3645 mism=1087 crash=207 timeout=13 skip=2159  |  inflight=23
  [7118] CRASH    w61:550 executor died (native abort)
  [t=1649s] 7118/10518 ( 4.3/s)  ok=3650 mism=1087 crash=208 timeout=13 skip=2160  |  inflight=24
  [7123] CRASH    w61:609 executor died (native abort)
  [t=1652s] 7123/10518 ( 4.3/s)  ok=3654 mism=1087 crash=209 timeout=13 skip=2160  |  inflight=24
  [7125] MISMATCH w61:620 out[2] non-finite mismatch (nan/inf positions differ)
  [7134] MISMATCH w61:7 out[0] max|delta|=1.260e-01 (rtol=0.01 atol=0.001)
  [7141] MISMATCH w61:781 out[0] max|delta|=2.771e+01 (rtol=0.01 atol=0.001)
  [7146] CRASH    w62:132 executor died (native abort)
  [t=1656s] 7146/10518 ( 4.3/s)  ok=3666 mism=1090 crash=210 timeout=13 skip=2167  |  inflight=24
  [7149] MISMATCH w62:165 out[1] max|delta|=1.000e+00 (rtol=0.0 atol=0.0)
  [7153] MISMATCH w62:181 out[3] non-finite mismatch (nan/inf positions differ)
  [7155] CRASH    w62:189 executor died (native abort)
  [t=1659s] 7155/10518 ( 4.3/s)  ok=3671 mism=1092 crash=211 timeout=13 skip=2168  |  inflight=24
  [7157] MISMATCH w62:199 out[2] non-finite mismatch (nan/inf positions differ)
  [7158] MISMATCH w62:200 out[3] max|delta|=4.852e+00 (rtol=0.01 atol=0.001)
  [7162] MISMATCH w62:237 out[1] max|delta|=1.000e+00 (rtol=0.0 atol=0.0)
  [t=1663s] 7164/10518 ( 4.3/s)  ok=3676 mism=1095 crash=211 timeout=13 skip=2169  |  inflight=24
  [7166] CRASH    w62:281 executor died (native abort)
  [t=1666s] 7166/10518 ( 4.3/s)  ok=3677 mism=1095 crash=212 timeout=13 skip=2169  |  inflight=24
  [7173] MISMATCH w62:303 out[0] max|delta|=3.141e+00 (rtol=0.01 atol=0.001)
  [7181] MISMATCH w62:370 out[1] non-finite mismatch (nan/inf positions differ)
  [t=1669s] 7184/10518 ( 4.3/s)  ok=3688 mism=1097 crash=212 timeout=13 skip=2174  |  inflight=23
  [7193] MISMATCH w62:521 out[1] max|delta|=1.000e+00 (rtol=0.01 atol=0.001)
  [7201] CRASH    w62:56 executor died (native abort)
  [7205] MISMATCH w62:673 out[2] non-finite mismatch (nan/inf positions differ)
  [7211] MISMATCH w62:750 out[0] max|delta|=6.824e-01 (rtol=0.01 atol=0.001)
  [7216] MISMATCH w62:771 out[2] max|delta|=2.750e+00 (rtol=0.01 atol=0.001)
  [t=1672s] 7225/10518 ( 4.3/s)  ok=3708 mism=1101 crash=213 timeout=13 skip=2190  |  inflight=23
  [7230] MISMATCH w63:138 out[1] max|delta|=1.000e+00 (rtol=0.01 atol=0.001)
  [7237] CRASH    w63:164 executor died (native abort)
  [t=1675s] 7239/10518 ( 4.3/s)  ok=3715 mism=1102 crash=214 timeout=13 skip=2195  |  inflight=23
  [7253] MISMATCH w63:307 out[2] max|delta|=6.814e-01 (rtol=0.01 atol=0.001)
  [7260] CRASH    w63:349 executor died (native abort)
  [t=1678s] 7260/10518 ( 4.3/s)  ok=3728 mism=1103 crash=215 timeout=13 skip=2201  |  inflight=24
  [7261] MISMATCH w63:177 out[1] non-finite mismatch (nan/inf positions differ)
  [7263] MISMATCH w63:379 out[2] max|delta|=1.000e+00 (rtol=0.0 atol=0.0)
  [7266] MISMATCH w63:390 out[2] max|delta|=1.000e+00 (rtol=0.01 atol=0.001)
  [7270] MISMATCH w63:427 out[3] max|delta|=1.000e+00 (rtol=0.0 atol=0.0)
  [7273] CRASH    w63:444 executor died (native abort)
  [t=1681s] 7273/10518 ( 4.3/s)  ok=3732 mism=1107 crash=216 timeout=13 skip=2205  |  inflight=24
  [7275] MISMATCH w63:485 out[0] non-finite mismatch (nan/inf positions differ)
  [7278] MISMATCH w63:511 out[1] max|delta|=1.164e+00 (rtol=0.01 atol=0.001)
  [7281] MISMATCH w63:536 out[1] non-finite mismatch (nan/inf positions differ)
  [7282] CRASH    w63:540 executor died (native abort)
  [t=1685s] 7282/10518 ( 4.3/s)  ok=3734 mism=1110 crash=217 timeout=13 skip=2208  |  inflight=24
  [7287] MISMATCH w63:571 out[0] non-finite mismatch (nan/inf positions differ)
  [7291] CRASH    w63:59 executor died (native abort)
  [t=1688s] 7291/10518 ( 4.3/s)  ok=3737 mism=1111 crash=218 timeout=13 skip=2212  |  inflight=24
  [t=1691s] 7291/10518 ( 4.3/s)  ok=3737 mism=1111 crash=218 timeout=13 skip=2212  |  inflight=24
  [7292] MISMATCH w63:547 out[0] non-finite mismatch (nan/inf positions differ)
  [7298] CRASH    w63:623 executor died (native abort)
  [t=1694s] 7298/10518 ( 4.3/s)  ok=3742 mism=1112 crash=219 timeout=13 skip=2212  |  inflight=24
  [7300] MISMATCH w63:630 out[2] max|delta|=1.942e-01 (rtol=0.01 atol=0.001)
  [7305] MISMATCH w63:677 out[0] max|delta|=4.000e+00 (rtol=0.0 atol=0.0)
  [t=1698s] 7309/10518 ( 4.3/s)  ok=3750 mism=1114 crash=219 timeout=13 skip=2213  |  inflight=24
  [t=1701s] 7309/10518 ( 4.3/s)  ok=3750 mism=1114 crash=219 timeout=13 skip=2213  |  inflight=24
  [7320] MISMATCH w63:764 out[1] non-finite mismatch (nan/inf positions differ)
  [7322] MISMATCH w63:78 out[2] max|delta|=1.000e+00 (rtol=0.0 atol=0.0)
  [7331] MISMATCH w63:694 out[2] max|delta|=2.560e+02 (rtol=0.01 atol=0.001)
  [7332] MISMATCH w64:218 out[2] non-finite mismatch (nan/inf positions differ)
  [7334] CRASH    w64:194 executor died (native abort)
  [7342] MISMATCH w64:310 out[1] max|delta|=5.000e+00 (rtol=0.01 atol=0.001)
  [t=1704s] 7344/10518 ( 4.3/s)  ok=3763 mism=1119 crash=220 timeout=13 skip=2229  |  inflight=23
  [7346] MISMATCH w64:359 out[0] non-finite mismatch (nan/inf positions differ)
  [7361] MISMATCH w64:522 out[0] max|delta|=4.715e+00 (rtol=0.01 atol=0.001)
  [7363] MISMATCH w64:530 out[4] max|delta|=4.612e+18 (rtol=0.01 atol=0.001)
  [7369] MISMATCH w64:598 out[2] max|delta|=1.000e+00 (rtol=0.0 atol=0.0)
  [7370] MISMATCH w64:623 out[0] max|delta|=1.164e+00 (rtol=0.01 atol=0.001)
  [7376] MISMATCH w64:68 out[1] non-finite mismatch (nan/inf positions differ)
  [t=1707s] 7379/10518 ( 4.3/s)  ok=3782 mism=1125 crash=220 timeout=13 skip=2239  |  inflight=23
  [7380] MISMATCH w64:721 out[3] max|delta|=1.000e+00 (rtol=0.0 atol=0.0)
  [7389] MISMATCH w65:101 out[2] non-finite mismatch (nan/inf positions differ)
  [7393] MISMATCH w65:128 out[3] max|delta|=1.000e+00 (rtol=0.01 atol=0.001)
  [7394] MISMATCH w65:132 out[1] max|delta|=2.500e-01 (rtol=0.01 atol=0.001)
  [7406] CRASH    w65:176 executor died (native abort)
  [7408] MISMATCH w65:222 out[0] max|delta|=1.164e+00 (rtol=0.01 atol=0.001)
  [7410] MISMATCH w65:254 out[4] non-finite mismatch (nan/inf positions differ)
  [t=1710s] 7410/10518 ( 4.3/s)  ok=3798 mism=1131 crash=221 timeout=13 skip=2247  |  inflight=24
  [t=1713s] 7410/10518 ( 4.3/s)  ok=3798 mism=1131 crash=221 timeout=13 skip=2247  |  inflight=24
  [7411] MISMATCH w65:218 out[1] max|delta|=1.000e+00 (rtol=0.0 atol=0.0)
  [7417] MISMATCH w65:295 out[2] non-finite mismatch (nan/inf positions differ)
  [7420] MISMATCH w65:304 out[0] non-finite mismatch (nan/inf positions differ)
  [7424] CRASH    w65:326 executor died (native abort)
  [t=1716s] 7424/10518 ( 4.3/s)  ok=3802 mism=1134 crash=222 timeout=13 skip=2253  |  inflight=24
  [t=1719s] 7424/10518 ( 4.3/s)  ok=3802 mism=1134 crash=222 timeout=13 skip=2253  |  inflight=24
  [7434] MISMATCH w65:391 out[4] max|delta|=1.000e+00 (rtol=0.0 atol=0.0)
  [7437] MISMATCH w65:409 out[1] max|delta|=1.000e+00 (rtol=0.0 atol=0.0)
  [7441] MISMATCH w65:436 out[0] max|delta|=1.000e+00 (rtol=0.01 atol=0.001)
  [7448] MISMATCH w65:504 out[5] max|delta|=1.000e+00 (rtol=0.01 atol=0.001)
  [7452] MISMATCH w65:540 out[4] max|delta|=1.000e+00 (rtol=0.01 atol=0.001)
  [t=1722s] 7453/10518 ( 4.3/s)  ok=3818 mism=1139 crash=222 timeout=13 skip=2261  |  inflight=23
  [7455] MISMATCH w65:544 out[1] max|delta|=3.000e+00 (rtol=0.0 atol=0.0)
  [7456] MISMATCH w65:575 out[3] non-finite mismatch (nan/inf positions differ)
  [7457] MISMATCH w65:579 out[2] max|delta|=8.000e+00 (rtol=0.0 atol=0.0)
  [7468] MISMATCH w65:722 out[2] non-finite mismatch (nan/inf positions differ)
  [7470] MISMATCH w65:732 out[0] max|delta|=1.000e+00 (rtol=0.01 atol=0.001)
  [7473] MISMATCH w65:750 out[2] non-finite mismatch (nan/inf positions differ)
  [7479] CRASH    w65:88 executor died (native abort)
  [t=1725s] 7479/10518 ( 4.3/s)  ok=3830 mism=1145 crash=223 timeout=13 skip=2268  |  inflight=24
  [t=1728s] 7479/10518 ( 4.3/s)  ok=3830 mism=1145 crash=223 timeout=13 skip=2268  |  inflight=24
  [7480] MISMATCH w65:92 out[1] max|delta|=3.823e-03 (rtol=0.01 atol=0.001)
  [7481] MISMATCH w66:103 out[3] max|delta|=1.813e+00 (rtol=0.01 atol=0.001)
  [7485] MISMATCH w66:177 out[0] max|delta|=4.150e-03 (rtol=0.01 atol=0.001)
  [7486] MISMATCH w66:179 out[0] max|delta|=3.142e+00 (rtol=0.01 atol=0.001)
  [7487] MISMATCH w66:184 out[1] non-finite mismatch (nan/inf positions differ)
  [7492] MISMATCH w66:297 out[3] max|delta|=1.000e+00 (rtol=0.0 atol=0.0)
  [7493] MISMATCH w66:305 out[1] max|delta|=1.000e+00 (rtol=0.0 atol=0.0)
  [7494] MISMATCH w66:318 out[1] max|delta|=1.000e+00 (rtol=0.0 atol=0.0)
  [7497] MISMATCH w66:347 out[3] max|delta|=5.000e-01 (rtol=0.01 atol=0.001)
  [t=1731s] 7497/10518 ( 4.3/s)  ok=3834 mism=1154 crash=223 timeout=13 skip=2273  |  inflight=23
  [7501] CRASH    w66:37 executor died (native abort)
  [t=1735s] 7501/10518 ( 4.3/s)  ok=3835 mism=1154 crash=224 timeout=13 skip=2275  |  inflight=24
  [t=1738s] 7507/10518 ( 4.3/s)  ok=3840 mism=1154 crash=224 timeout=13 skip=2276  |  inflight=23
  [7508] MISMATCH w66:453 out[0] max|delta|=4.711e+00 (rtol=0.01 atol=0.001)
  [7509] MISMATCH w66:454 out[0] max|delta|=1.257e-01 (rtol=0.01 atol=0.001)
  [t=1741s] 7510/10518 ( 4.3/s)  ok=3840 mism=1156 crash=224 timeout=13 skip=2277  |  inflight=24
  [7513] MISMATCH w66:501 out[1] max|delta|=3.141e+00 (rtol=0.01 atol=0.001)
  [7515] CRASH    w66:510 executor died (native abort)
  [t=1745s] 7515/10518 ( 4.3/s)  ok=3842 mism=1157 crash=225 timeout=13 skip=2278  |  inflight=24
  [t=1748s] 7515/10518 ( 4.3/s)  ok=3842 mism=1157 crash=225 timeout=13 skip=2278  |  inflight=24
  [7520] MISMATCH w66:621 out[2] non-finite mismatch (nan/inf positions differ)
  [7527] MISMATCH w66:754 out[3] max|delta|=8.000e+00 (rtol=0.0 atol=0.0)
  [7529] MISMATCH w66:76 out[1] max|delta|=3.829e+00 (rtol=0.01 atol=0.001)
  [t=1751s] 7533/10518 ( 4.3/s)  ok=3854 mism=1160 crash=225 timeout=13 skip=2281  |  inflight=23
  [7534] MISMATCH w66:83 out[1] max|delta|=1.000e+00 (rtol=0.0 atol=0.0)
  [7536] MISMATCH w66:9 out[1] non-finite mismatch (nan/inf positions differ)
  [7541] CRASH    w67:149 executor died (native abort)
  [t=1754s] 7541/10518 ( 4.3/s)  ok=3856 mism=1162 crash=226 timeout=13 skip=2284  |  inflight=24
  [t=1757s] 7541/10518 ( 4.3/s)  ok=3856 mism=1162 crash=226 timeout=13 skip=2284  |  inflight=24
  [7549] MISMATCH w67:203 out[0] max|delta|=2.075e-01 (rtol=0.01 atol=0.001)
  [7551] MISMATCH w67:228 out[1] max|delta|=4.000e+00 (rtol=0.01 atol=0.001)
  [7568] MISMATCH w67:425 out[0] max|delta|=9.091e-02 (rtol=0.01 atol=0.001)
  [t=1760s] 7569/10518 ( 4.3/s)  ok=3871 mism=1165 crash=226 timeout=14 skip=2293  |  inflight=23
  [7571] CRASH    w67:446 executor died (native abort)
  [t=1763s] 7571/10518 ( 4.3/s)  ok=3871 mism=1165 crash=227 timeout=14 skip=2294  |  inflight=24
  [t=1766s] 7571/10518 ( 4.3/s)  ok=3871 mism=1165 crash=227 timeout=14 skip=2294  |  inflight=24
  [7578] MISMATCH w67:503 out[3] max|delta|=1.000e+00 (rtol=0.01 atol=0.001)
  [7583] MISMATCH w67:576 out[2] max|delta|=1.000e+00 (rtol=0.0 atol=0.0)
  [7586] CRASH    w67:578 executor died (native abort)
  [7587] CRASH    w67:620 executor died (native abort)
  [t=1769s] 7587/10518 ( 4.3/s)  ok=3878 mism=1167 crash=229 timeout=14 skip=2299  |  inflight=24
  [t=1772s] 7587/10518 ( 4.3/s)  ok=3878 mism=1167 crash=229 timeout=14 skip=2299  |  inflight=24
  [7590] MISMATCH w67:662 out[0] max|delta|=1.000e+00 (rtol=0.0 atol=0.0)
  [7592] MISMATCH w67:672 out[2] max|delta|=1.000e+00 (rtol=0.01 atol=0.001)
  [7595] CRASH    w67:663 executor died (native abort)
  [7596] CRASH    w67:693 executor died (native abort)
  [t=1775s] 7596/10518 ( 4.3/s)  ok=3881 mism=1169 crash=231 timeout=14 skip=2301  |  inflight=24
  [t=1778s] 7596/10518 ( 4.3/s)  ok=3881 mism=1169 crash=231 timeout=14 skip=2301  |  inflight=24
  [7598] MISMATCH w67:701 out[0] non-finite mismatch (nan/inf positions differ)
  [7601] MISMATCH w67:740 out[0] max|delta|=1.164e+00 (rtol=0.01 atol=0.001)
  [7602] MISMATCH w67:743 out[0] max|delta|=4.000e+00 (rtol=0.0 atol=0.0)
  [7605] MISMATCH w67:773 out[2] max|delta|=2.527e+00 (rtol=0.01 atol=0.001)
  [7608] MISMATCH w68:109 out[1] max|delta|=3.149e-02 (rtol=0.01 atol=0.001)
  [7609] MISMATCH w67:97 out[0] max|delta|=1.000e+00 (rtol=0.0 atol=0.0)
  [7617] MISMATCH w68:180 out[0] max|delta|=1.168e-01 (rtol=0.01 atol=0.001)
  [t=1781s] 7620/10518 ( 4.3/s)  ok=3891 mism=1176 crash=231 timeout=14 skip=2308  |  inflight=23
  [7621] MISMATCH w68:199 out[1] max|delta|=6.343e-01 (rtol=0.01 atol=0.001)
  [7623] CRASH    w68:17 executor died (native abort)
  [7633] MISMATCH w68:271 out[1] max|delta|=1.000e+00 (rtol=0.0 atol=0.0)
  [t=1785s] 7636/10518 ( 4.3/s)  ok=3899 mism=1178 crash=232 timeout=14 skip=2313  |  inflight=24
  [t=1788s] 7636/10518 ( 4.3/s)  ok=3899 mism=1178 crash=232 timeout=14 skip=2313  |  inflight=24
  [t=1791s] 7636/10518 ( 4.3/s)  ok=3899 mism=1178 crash=232 timeout=14 skip=2313  |  inflight=24
  [t=1794s] 7656/10518 ( 4.3/s)  ok=3910 mism=1178 crash=232 timeout=14 skip=2322  |  inflight=23
  [7658] MISMATCH w68:425 out[0] non-finite mismatch (nan/inf positions differ)
  [7663] MISMATCH w68:46 out[2] non-finite mismatch (nan/inf positions differ)
  [7669] MISMATCH w68:53 out[1] max|delta|=2.550e+02 (rtol=0.0 atol=0.0)
  [7671] MISMATCH w68:576 out[3] max|delta|=1.000e+00 (rtol=0.0 atol=0.0)
  [t=1797s] 7672/10518 ( 4.3/s)  ok=3918 mism=1182 crash=232 timeout=14 skip=2326  |  inflight=23
  [7674] CRASH    w68:61 executor died (native abort)
  [t=1800s] 7674/10518 ( 4.3/s)  ok=3919 mism=1182 crash=233 timeout=14 skip=2326  |  inflight=24
  [7688] MISMATCH w68:702 out[2] max|delta|=6.250e-02 (rtol=0.01 atol=0.001)
  [t=1803s] 7690/10518 ( 4.3/s)  ok=3929 mism=1183 crash=233 timeout=14 skip=2331  |  inflight=24
  [7697] MISMATCH w69:118 out[4] non-finite mismatch (nan/inf positions differ)
  [7698] MISMATCH w69:126 out[0] max|delta|=2.890e-02 (rtol=0.01 atol=0.001)
  [7700] CRASH    w69:135 executor died (native abort)
  [7701] CRASH    w69:16 executor died (native abort)
  [t=1807s] 7701/10518 ( 4.3/s)  ok=3934 mism=1185 crash=235 timeout=14 skip=2333  |  inflight=24
  [t=1810s] 7701/10518 ( 4.3/s)  ok=3934 mism=1185 crash=235 timeout=14 skip=2333  |  inflight=24
  [7703] MISMATCH w69:148 out[0] max|delta|=3.375e-01 (rtol=0.01 atol=0.001)
  [t=1813s] 7704/10518 ( 4.2/s)  ok=3935 mism=1186 crash=235 timeout=14 skip=2334  |  inflight=23
  [7709] MISMATCH w69:228 out[2] non-finite mismatch (nan/inf positions differ)
  [7714] MISMATCH w69:259 out[0] max|delta|=3.054e+01 (rtol=0.01 atol=0.001)
  [7719] MISMATCH w69:298 out[4] max|delta|=1.000e+00 (rtol=0.0 atol=0.0)
  [7724] MISMATCH w69:316 out[0] non-finite mismatch (nan/inf positions differ)
  [7739] MISMATCH w69:448 out[1] max|delta|=2.000e+00 (rtol=0.01 atol=0.001)
  [7741] MISMATCH w69:459 out[0] max|delta|=1.398e-02 (rtol=0.01 atol=0.001)
  [7745] MISMATCH w69:481 out[0] max|delta|=1.085e+00 (rtol=0.01 atol=0.001)
  [7747] MISMATCH w69:51 out[3] non-finite mismatch (nan/inf positions differ)
  [7748] MISMATCH w69:513 out[1] non-finite mismatch (nan/inf positions differ)
  [7755] MISMATCH w69:58 out[0] max|delta|=3.000e+00 (rtol=0.0 atol=0.0)
  [7757] MISMATCH w69:651 out[2] non-finite mismatch (nan/inf positions differ)
  [t=1816s] 7757/10518 ( 4.3/s)  ok=3958 mism=1197 crash=235 timeout=14 skip=2353  |  inflight=23
  [7759] MISMATCH w69:661 out[0] max|delta|=4.590e-02 (rtol=0.01 atol=0.001)
  [t=1819s] 7763/10518 ( 4.3/s)  ok=3961 mism=1198 crash=235 timeout=14 skip=2355  |  inflight=24
  [t=1822s] 7763/10518 ( 4.3/s)  ok=3961 mism=1198 crash=235 timeout=14 skip=2355  |  inflight=24
  [7769] MISMATCH w69:86 out[1] non-finite mismatch (nan/inf positions differ)
  [7773] MISMATCH w7:123 out[3] non-finite mismatch (nan/inf positions differ)
  [7777] MISMATCH w7:145 out[0] max|delta|=1.110e+00 (rtol=0.01 atol=0.001)
  [7782] MISMATCH w7:182 out[0] max|delta|=9.223e+18 (rtol=0.0 atol=0.0)
  [7785] MISMATCH w7:207 out[1] max|delta|=3.878e-01 (rtol=0.01 atol=0.001)
  [7788] CRASH    w7:186 executor died (native abort)
  [t=1825s] 7793/10518 ( 4.3/s)  ok=3976 mism=1203 crash=236 timeout=14 skip=2364  |  inflight=23
  [7794] MISMATCH w7:27 out[3] max|delta|=3.200e+01 (rtol=0.0 atol=0.0)
  [7798] MISMATCH w7:311 out[2] non-finite mismatch (nan/inf positions differ)
  [7801] MISMATCH w7:327 out[1] non-finite mismatch (nan/inf positions differ)
  [t=1828s] 7815/10518 ( 4.3/s)  ok=3986 mism=1206 crash=236 timeout=14 skip=2373  |  inflight=23
  [7818] MISMATCH w7:486 out[2] non-finite mismatch (nan/inf positions differ)
  [7828] MISMATCH w7:546 out[2] max|delta|=2.147e+09 (rtol=0.0 atol=0.0)
  [7830] MISMATCH w7:55 out[2] max|delta|=1.000e+00 (rtol=0.0 atol=0.0)
  [7838] MISMATCH w7:636 out[0] max|delta|=6.250e-02 (rtol=0.01 atol=0.001)
  [7839] MISMATCH w7:621 out[4] non-finite mismatch (nan/inf positions differ)
  [t=1831s] 7841/10518 ( 4.3/s)  ok=3995 mism=1211 crash=236 timeout=15 skip=2384  |  inflight=23
  [7854] CRASH    w7:773 executor died (native abort)
  [t=1835s] 7854/10518 ( 4.3/s)  ok=4000 mism=1211 crash=237 timeout=15 skip=2391  |  inflight=24
  [t=1838s] 7854/10518 ( 4.3/s)  ok=4000 mism=1211 crash=237 timeout=15 skip=2391  |  inflight=24
  [7863] MISMATCH w70:130 out[1] max|delta|=1.000e+00 (rtol=0.0 atol=0.0)
  [7869] MISMATCH w70:150 out[0] max|delta|=1.000e+00 (rtol=0.0 atol=0.0)
  [7873] MISMATCH w70:187 out[1] non-finite mismatch (nan/inf positions differ)
  [7875] MISMATCH w70:216 out[0] max|delta|=1.000e+00 (rtol=0.0 atol=0.0)
  [7877] MISMATCH w70:218 out[2] max|delta|=2.560e+02 (rtol=0.0 atol=0.0)
  [7882] CRASH    w70:247 executor died (native abort)
  [t=1841s] 7882/10518 ( 4.3/s)  ok=4012 mism=1216 crash=238 timeout=15 skip=2401  |  inflight=23
  [7883] MISMATCH w70:258 out[0] max|delta|=2.527e+00 (rtol=0.01 atol=0.001)
  [7892] MISMATCH w70:340 out[0] non-finite mismatch (nan/inf positions differ)
  [7895] MISMATCH w70:354 out[2] non-finite mismatch (nan/inf positions differ)
  [t=1844s] 7896/10518 ( 4.3/s)  ok=4018 mism=1219 crash=238 timeout=15 skip=2406  |  inflight=24
  [7903] CRASH    w70:37 executor died (native abort)
  [t=1847s] 7905/10518 ( 4.3/s)  ok=4020 mism=1219 crash=239 timeout=15 skip=2412  |  inflight=23
  [7915] MISMATCH w70:446 out[3] max|delta|=1.000e+00 (rtol=0.0 atol=0.0)
  [7917] MISMATCH w70:466 out[2] non-finite mismatch (nan/inf positions differ)
  [7919] MISMATCH w70:508 out[1] max|delta|=1.213e+00 (rtol=0.01 atol=0.001)
  [7932] MISMATCH w70:601 out[0] max|delta|=2.527e+00 (rtol=0.01 atol=0.001)
  [7936] MISMATCH w70:67 out[3] non-finite mismatch (nan/inf positions differ)
  [7943] MISMATCH w70:7 out[2] max|delta|=1.427e+00 (rtol=0.01 atol=0.001)
  [7946] CRASH    w70:699 executor died (native abort)
  [7947] MISMATCH w70:764 out[1] max|delta|=1.000e+00 (rtol=0.0 atol=0.0)
  [t=1850s] 7947/10518 ( 4.3/s)  ok=4039 mism=1226 crash=240 timeout=15 skip=2427  |  inflight=23
  [7950] MISMATCH w71:0 out[1] max|delta|=1.000e+00 (rtol=0.0 atol=0.0)
  [7954] CRASH    w71:115 executor died (native abort)
  [7961] CRASH    w71:14 executor died (native abort)
  [t=1853s] 7961/10518 ( 4.3/s)  ok=4045 mism=1227 crash=242 timeout=15 skip=2432  |  inflight=24
  [t=1856s] 7961/10518 ( 4.3/s)  ok=4045 mism=1227 crash=242 timeout=15 skip=2432  |  inflight=24
  [7965] MISMATCH w71:175 out[1] non-finite mismatch (nan/inf positions differ)
  [7968] MISMATCH w71:199 out[0] max|delta|=1.000e+00 (rtol=0.0 atol=0.0)
  [7973] MISMATCH w71:241 out[0] max|delta|=1.000e+00 (rtol=0.01 atol=0.001)
  [t=1860s] 7975/10518 ( 4.3/s)  ok=4051 mism=1230 crash=242 timeout=15 skip=2437  |  inflight=23
  [7993] MISMATCH w71:381 out[2] max|delta|=1.000e+00 (rtol=0.0 atol=0.0)
  [7997] CRASH    w71:323 executor died (native abort)
  [8003] CRASH    w71:432 executor died (native abort)
  [t=1863s] 8009/10518 ( 4.3/s)  ok=4072 mism=1231 crash=244 timeout=15 skip=2447  |  inflight=24
  [t=1866s] 8009/10518 ( 4.3/s)  ok=4072 mism=1231 crash=244 timeout=15 skip=2447  |  inflight=24
  [t=1869s] 8009/10518 ( 4.3/s)  ok=4072 mism=1231 crash=244 timeout=15 skip=2447  |  inflight=24
  [8016] MISMATCH w71:56 out[0] non-finite mismatch (nan/inf positions differ)
  [t=1872s] 8016/10518 ( 4.3/s)  ok=4074 mism=1232 crash=244 timeout=15 skip=2451  |  inflight=23
  [8019] MISMATCH w71:59 out[2] non-finite mismatch (nan/inf positions differ)
  [8034] MISMATCH w71:715 out[1] non-finite mismatch (nan/inf positions differ)
  [8035] MISMATCH w71:72 out[1] max|delta|=1.000e+00 (rtol=0.0 atol=0.0)
  [8038] MISMATCH w71:762 out[0] max|delta|=1.600e+01 (rtol=0.01 atol=0.001)
  [8050] MISMATCH w72:160 out[4] max|delta|=3.000e+00 (rtol=0.0 atol=0.0)
  [8054] MISMATCH w72:194 out[4] non-finite mismatch (nan/inf positions differ)
  [8062] MISMATCH w72:224 out[1] max|delta|=1.245e+00 (rtol=0.01 atol=0.001)
  [8065] MISMATCH w72:274 out[2] max|delta|=1.000e+00 (rtol=0.0 atol=0.0)
  [8067] MISMATCH w72:291 out[0] non-finite mismatch (nan/inf positions differ)
  [8068] MISMATCH w72:287 out[1] max|delta|=1.000e+00 (rtol=0.0 atol=0.0)
  [8069] MISMATCH w72:298 out[2] non-finite mismatch (nan/inf positions differ)
  [t=1875s] 8077/10518 ( 4.3/s)  ok=4105 mism=1243 crash=244 timeout=15 skip=2470  |  inflight=23
  [8081] MISMATCH w72:352 out[3] max|delta|=1.000e+00 (rtol=0.0 atol=0.0)
  [8086] MISMATCH w72:391 out[0] max|delta|=7.815e-01 (rtol=0.01 atol=0.001)
  [8089] MISMATCH w72:427 out[2] non-finite mismatch (nan/inf positions differ)
  [8106] MISMATCH w72:546 out[2] non-finite mismatch (nan/inf positions differ)
  [8118] MISMATCH w72:664 out[2] non-finite mismatch (nan/inf positions differ)
  [8124] MISMATCH w72:770 out[4] non-finite mismatch (nan/inf positions differ)
  [8127] CRASH    w72:733 executor died (native abort)
  [8135] MISMATCH w73:147 out[3] non-finite mismatch (nan/inf positions differ)
  [t=1878s] 8136/10518 ( 4.3/s)  ok=4134 mism=1250 crash=245 timeout=15 skip=2492  |  inflight=23
  [8139] CRASH    w73:172 executor died (native abort)
  [t=1881s] 8139/10518 ( 4.3/s)  ok=4136 mism=1250 crash=246 timeout=15 skip=2492  |  inflight=24
  [8145] MISMATCH w73:215 out[0] non-finite mismatch (nan/inf positions differ)
  [8146] MISMATCH w73:206 out[0] max|delta|=1.110e+00 (rtol=0.01 atol=0.001)
  [8152] MISMATCH w73:249 out[0] non-finite mismatch (nan/inf positions differ)
  [8158] CRASH    w73:277 executor died (native abort)
  [t=1884s] 8159/10518 ( 4.3/s)  ok=4148 mism=1253 crash=247 timeout=15 skip=2496  |  inflight=23
  [8164] MISMATCH w73:33 out[3] max|delta|=2.537e+00 (rtol=0.01 atol=0.001)
  [8169] MISMATCH w73:362 out[2] max|delta|=7.812e-02 (rtol=0.01 atol=0.001)
  [8173] MISMATCH w73:39 out[3] max|delta|=1.000e+00 (rtol=0.0 atol=0.0)
  [8176] MISMATCH w73:446 out[1] max|delta|=9.223e+18 (rtol=0.0 atol=0.0)
  [8179] CRASH    w73:40 executor died (native abort)
  [8182] MISMATCH w73:475 out[0] max|delta|=1.000e+00 (rtol=0.01 atol=0.001)
  [t=1888s] 8182/10518 ( 4.3/s)  ok=4158 mism=1258 crash=248 timeout=15 skip=2503  |  inflight=24
  [t=1891s] 8184/10518 ( 4.3/s)  ok=4159 mism=1258 crash=248 timeout=15 skip=2504  |  inflight=23
  [8185] MISMATCH w73:517 out[0] max|delta|=4.825e-01 (rtol=0.01 atol=0.001)
  [8187] CRASH    w73:52 executor died (native abort)
  [8198] MISMATCH w73:680 out[2] max|delta|=8.000e+00 (rtol=0.0 atol=0.0)
  [8213] MISMATCH w73:91 out[0] max|delta|=1.000e+00 (rtol=0.0 atol=0.0)
  [t=1894s] 8216/10518 ( 4.3/s)  ok=4178 mism=1261 crash=249 timeout=15 skip=2513  |  inflight=23
  [8220] MISMATCH w74:155 out[2] max|delta|=1.000e+00 (rtol=0.0 atol=0.0)
  [8223] MISMATCH w74:186 out[0] max|delta|=2.000e+01 (rtol=0.01 atol=0.001)
  [8224] CRASH    w74:162 executor died (native abort)
  [8225] CRASH    w74:200 executor died (native abort)
  [t=1897s] 8225/10518 ( 4.3/s)  ok=4181 mism=1263 crash=251 timeout=15 skip=2515  |  inflight=24
  [8233] CRASH    w74:242 executor died (native abort)
  [t=1900s] 8236/10518 ( 4.3/s)  ok=4183 mism=1263 crash=252 timeout=15 skip=2523  |  inflight=23
  [8254] MISMATCH w74:456 out[1] max|delta|=1.034e+00 (rtol=0.01 atol=0.001)
  [8255] MISMATCH w74:489 out[2] max|delta|=1.000e+00 (rtol=0.0 atol=0.0)
  [8257] MISMATCH w74:477 out[1] max|delta|=3.750e-01 (rtol=0.01 atol=0.001)
  [8274] MISMATCH w74:661 out[1] max|delta|=7.680e+02 (rtol=0.01 atol=0.001)
  [8287] MISMATCH w74:760 out[2] non-finite mismatch (nan/inf positions differ)
  [8297] MISMATCH w75:13 out[0] max|delta|=8.812e+00 (rtol=0.01 atol=0.001)
  [8298] CRASH    w75:126 executor died (native abort)
  [t=1903s] 8298/10518 ( 4.4/s)  ok=4215 mism=1269 crash=253 timeout=15 skip=2546  |  inflight=23
  [8305] MISMATCH w75:181 out[3] max|delta|=2.539e-01 (rtol=0.01 atol=0.001)
  [8312] MISMATCH w75:22 out[2] non-finite mismatch (nan/inf positions differ)
  [t=1906s] 8319/10518 ( 4.4/s)  ok=4220 mism=1271 crash=253 timeout=15 skip=2560  |  inflight=23
  [8320] MISMATCH w75:261 out[1] non-finite mismatch (nan/inf positions differ)
  [8328] MISMATCH w75:338 out[1] non-finite mismatch (nan/inf positions differ)
  [8333] MISMATCH w75:134 out[0] max|delta|=1.000e+00 (rtol=0.0 atol=0.0)
  [8348] MISMATCH w75:478 out[0] non-finite mismatch (nan/inf positions differ)
  [8351] MISMATCH w75:523 out[0] non-finite mismatch (nan/inf positions differ)
  [8355] CRASH    w75:437 executor died (native abort)
  [8356] CRASH    w75:554 executor died (native abort)
  [t=1909s] 8356/10518 ( 4.4/s)  ok=4238 mism=1276 crash=255 timeout=15 skip=2572  |  inflight=23
  [t=1912s] 8356/10518 ( 4.4/s)  ok=4238 mism=1276 crash=255 timeout=15 skip=2572  |  inflight=24
  [t=1915s] 8356/10518 ( 4.4/s)  ok=4238 mism=1276 crash=255 timeout=15 skip=2572  |  inflight=24
  [8362] MISMATCH w75:598 out[0] max|delta|=5.000e+00 (rtol=0.01 atol=0.001)
  [8369] CRASH    w75:57 executor died (native abort)
  [8373] MISMATCH w75:692 out[3] non-finite mismatch (nan/inf positions differ)
  [8377] MISMATCH w75:706 out[3] max|delta|=6.515e+00 (rtol=0.01 atol=0.001)
  [8387] MISMATCH w75:96 out[3] max|delta|=6.000e+00 (rtol=0.0 atol=0.0)
  [8393] MISMATCH w76:157 out[0] max|delta|=1.000e+00 (rtol=0.0 atol=0.0)
  [8395] MISMATCH w76:167 out[1] non-finite mismatch (nan/inf positions differ)
  [8397] MISMATCH w76:209 out[1] max|delta|=4.000e+00 (rtol=0.0 atol=0.0)
  [t=1918s] 8404/10518 ( 4.4/s)  ok=4257 mism=1283 crash=256 timeout=15 skip=2593  |  inflight=23
  [8408] CRASH    w76:354 executor died (native abort)
  [t=1922s] 8408/10518 ( 4.4/s)  ok=4259 mism=1283 crash=257 timeout=15 skip=2594  |  inflight=24
  [t=1925s] 8408/10518 ( 4.4/s)  ok=4259 mism=1283 crash=257 timeout=15 skip=2594  |  inflight=24
  [8414] MISMATCH w76:399 out[2] max|delta|=5.760e+02 (rtol=0.01 atol=0.001)
  [8419] MISMATCH w76:42 out[0] max|delta|=3.000e+00 (rtol=0.01 atol=0.001)
  [8422] MISMATCH w76:435 out[0] non-finite mismatch (nan/inf positions differ)
  [8429] MISMATCH w76:512 out[2] max|delta|=2.147e+09 (rtol=0.0 atol=0.0)
  [8437] MISMATCH w76:567 out[1] non-finite mismatch (nan/inf positions differ)
  [8438] MISMATCH w76:583 out[3] non-finite mismatch (nan/inf positions differ)
  [8439] MISMATCH w76:594 out[1] non-finite mismatch (nan/inf positions differ)
  [t=1928s] 8442/10518 ( 4.4/s)  ok=4279 mism=1290 crash=257 timeout=15 skip=2601  |  inflight=23
  [8443] MISMATCH w76:68 out[0] max|delta|=1.855e-02 (rtol=0.01 atol=0.001)
  [8444] MISMATCH w76:642 out[1] max|delta|=3.000e+00 (rtol=0.01 atol=0.001)
  [8446] MISMATCH w76:689 out[2] non-finite mismatch (nan/inf positions differ)
  [8447] MISMATCH w76:699 out[0] max|delta|=7.562e+00 (rtol=0.01 atol=0.001)
  [8459] MISMATCH w77:126 out[1] max|delta|=5.410e-01 (rtol=0.01 atol=0.001)
  [8469] MISMATCH w77:184 out[1] non-finite mismatch (nan/inf positions differ)
  [8474] MISMATCH w77:226 out[0] non-finite mismatch (nan/inf positions differ)
  [8479] MISMATCH w77:276 out[2] non-finite mismatch (nan/inf positions differ)
  [8488] MISMATCH w77:326 out[2] max|delta|=6.000e+00 (rtol=0.0 atol=0.0)
  [8496] MISMATCH w77:44 out[2] max|delta|=1.000e+00 (rtol=0.01 atol=0.001)
  [8497] MISMATCH w77:448 out[2] max|delta|=4.482e-01 (rtol=0.01 atol=0.001)
  [8499] MISMATCH w77:472 out[0] non-finite mismatch (nan/inf positions differ)
  [8501] CRASH    w77:435 executor died (native abort)
  [8507] MISMATCH w77:521 out[0] max|delta|=9.223e+18 (rtol=0.01 atol=0.001)
  [t=1931s] 8511/10518 ( 4.4/s)  ok=4311 mism=1303 crash=258 timeout=15 skip=2624  |  inflight=23
  [8513] MISMATCH w77:559 out[0] max|delta|=1.920e+00 (rtol=0.01 atol=0.001)
  [8522] CRASH    w77:618 executor died (native abort)
  [8523] CRASH    w77:645 executor died (native abort)
  [t=1934s] 8523/10518 ( 4.4/s)  ok=4317 mism=1304 crash=260 timeout=15 skip=2627  |  inflight=24
  [t=1937s] 8526/10518 ( 4.4/s)  ok=4319 mism=1304 crash=260 timeout=15 skip=2628  |  inflight=23
  [8528] MISMATCH w77:698 out[3] max|delta|=6.629e-03 (rtol=0.01 atol=0.001)
  [8542] CRASH    w77:761 executor died (native abort)
  [8543] MISMATCH w78:103 out[0] max|delta|=1.000e+00 (rtol=0.01 atol=0.001)
  [8553] MISMATCH w78:268 out[0] max|delta|=5.511e-02 (rtol=0.01 atol=0.001)
  [8554] MISMATCH w78:275 out[2] max|delta|=1.000e+00 (rtol=0.01 atol=0.001)
  [t=1941s] 8559/10518 ( 4.4/s)  ok=4337 mism=1308 crash=261 timeout=15 skip=2638  |  inflight=23
  [t=1944s] 8562/10518 ( 4.4/s)  ok=4339 mism=1308 crash=261 timeout=15 skip=2639  |  inflight=24
  [8564] MISMATCH w78:2 out[2] max|delta|=3.000e+00 (rtol=0.01 atol=0.001)
  [8570] CRASH    w78:390 executor died (native abort)
  [t=1947s] 8570/10518 ( 4.4/s)  ok=4343 mism=1309 crash=262 timeout=15 skip=2641  |  inflight=24
  [8571] MISMATCH w78:396 out[2] max|delta|=8.000e+00 (rtol=0.0 atol=0.0)
  [8575] MISMATCH w78:464 out[2] max|delta|=3.769e-01 (rtol=0.01 atol=0.001)
  [8582] MISMATCH w78:567 out[2] max|delta|=9.814e-02 (rtol=0.01 atol=0.001)
  [8584] MISMATCH w78:576 out[3] max|delta|=3.333e-01 (rtol=0.01 atol=0.001)
  [8592] CRASH    w78:683 executor died (native abort)
  [t=1950s] 8592/10518 ( 4.4/s)  ok=4356 mism=1313 crash=263 timeout=15 skip=2645  |  inflight=24
  [8596] MISMATCH w78:720 out[2] non-finite mismatch (nan/inf positions differ)
  [8599] MISMATCH w78:85 out[1] max|delta|=1.000e+00 (rtol=0.0 atol=0.0)
  [8601] MISMATCH w79:100 out[2] max|delta|=3.142e+00 (rtol=0.01 atol=0.001)
  [8604] MISMATCH w79:147 out[1] max|delta|=1.937e+00 (rtol=0.01 atol=0.001)
  [8608] MISMATCH w79:184 out[1] max|delta|=9.143e-01 (rtol=0.01 atol=0.001)
  [t=1953s] 8611/10518 ( 4.4/s)  ok=4366 mism=1318 crash=263 timeout=15 skip=2649  |  inflight=23
  [8619] MISMATCH w79:304 out[3] max|delta|=8.330e-01 (rtol=0.01 atol=0.001)
  [8623] MISMATCH w79:389 out[0] max|delta|=3.035e+00 (rtol=0.01 atol=0.001)
  [8629] MISMATCH w79:409 out[1] non-finite mismatch (nan/inf positions differ)
  [8633] MISMATCH w79:425 out[3] max|delta|=7.446e-03 (rtol=0.01 atol=0.001)
  [8641] MISMATCH w79:494 out[0] max|delta|=1.879e+09 (rtol=0.01 atol=0.001)
  [8642] MISMATCH w79:529 out[3] max|delta|=7.000e+00 (rtol=0.01 atol=0.001)
  [t=1957s] 8654/10518 ( 4.4/s)  ok=4395 mism=1324 crash=263 timeout=15 skip=2657  |  inflight=23
  [8656] MISMATCH w79:718 out[2] max|delta|=2.550e+02 (rtol=0.0 atol=0.0)
  [8666] CRASH    w8:104 executor died (native abort)
  [8671] MISMATCH w8:191 out[1] max|delta|=2.147e+09 (rtol=0.0 atol=0.0)
  [t=1960s] 8677/10518 ( 4.4/s)  ok=4408 mism=1326 crash=264 timeout=15 skip=2664  |  inflight=24
  [t=1963s] 8677/10518 ( 4.4/s)  ok=4408 mism=1326 crash=264 timeout=15 skip=2664  |  inflight=24
  [t=1966s] 8679/10518 ( 4.4/s)  ok=4409 mism=1326 crash=264 timeout=15 skip=2665  |  inflight=24
  [8680] MISMATCH w8:250 out[1] max|delta|=1.000e+00 (rtol=0.01 atol=0.001)
  [8690] MISMATCH w8:364 out[0] max|delta|=1.000e+00 (rtol=0.01 atol=0.001)
  [8691] CRASH    w8:375 executor died (native abort)
  [t=1969s] 8692/10518 ( 4.4/s)  ok=4415 mism=1328 crash=265 timeout=15 skip=2669  |  inflight=23
  [8695] MISMATCH w8:427 out[2] max|delta|=2.281e+00 (rtol=0.01 atol=0.001)
  [8698] MISMATCH w8:436 out[2] max|delta|=1.000e+00 (rtol=0.0 atol=0.0)
  [8707] CRASH    w8:559 executor died (native abort)
  [t=1972s] 8707/10518 ( 4.4/s)  ok=4419 mism=1330 crash=266 timeout=15 skip=2677  |  inflight=24
  [8719] MISMATCH w8:586 out[3] max|delta|=3.000e+00 (rtol=0.0 atol=0.0)
  [8720] MISMATCH w8:59 out[2] non-finite mismatch (nan/inf positions differ)
  [8722] MISMATCH w8:643 out[4] max|delta|=1.000e+00 (rtol=0.0 atol=0.0)
  [t=1975s] 8725/10518 ( 4.4/s)  ok=4429 mism=1333 crash=266 timeout=15 skip=2682  |  inflight=23
  [8732] MISMATCH w8:715 out[3] non-finite mismatch (nan/inf positions differ)
  [8734] MISMATCH w8:722 out[3] max|delta|=1.000e+00 (rtol=0.0 atol=0.0)
  [8743] CRASH    w80:1 executor died (native abort)
  [8750] MISMATCH w80:168 out[3] max|delta|=8.999e-01 (rtol=0.01 atol=0.001)
  [t=1978s] 8751/10518 ( 4.4/s)  ok=4445 mism=1336 crash=267 timeout=15 skip=2688  |  inflight=23
  [t=1981s] 8751/10518 ( 4.4/s)  ok=4445 mism=1336 crash=267 timeout=15 skip=2688  |  inflight=24
  [t=1984s] 8751/10518 ( 4.4/s)  ok=4445 mism=1336 crash=267 timeout=15 skip=2688  |  inflight=24
  [8758] MISMATCH w80:221 out[2] max|delta|=3.000e+00 (rtol=0.0 atol=0.0)
  [8761] MISMATCH w80:239 out[2] max|delta|=2.500e+02 (rtol=0.0 atol=0.0)
  [8771] MISMATCH w80:306 out[2] max|delta|=2.500e-01 (rtol=0.01 atol=0.001)
  [8772] MISMATCH w80:325 out[3] max|delta|=2.147e+09 (rtol=0.0 atol=0.0)
  [8773] CRASH    w80:293 executor died (native abort)
  [t=1987s] 8781/10518 ( 4.4/s)  ok=4462 mism=1340 crash=268 timeout=15 skip=2696  |  inflight=23
  [8784] MISMATCH w80:402 out[2] max|delta|=3.704e-02 (rtol=0.01 atol=0.001)
  [8788] CRASH    w80:414 executor died (native abort)
  [t=1991s] 8788/10518 ( 4.4/s)  ok=4466 mism=1341 crash=269 timeout=15 skip=2697  |  inflight=24
  [8792] MISMATCH w80:438 out[0] max|delta|=1.000e+00 (rtol=0.0 atol=0.0)
  [t=1994s] 8796/10518 ( 4.4/s)  ok=4470 mism=1342 crash=269 timeout=15 skip=2700  |  inflight=23
  [8797] MISMATCH w80:491 out[2] non-finite mismatch (nan/inf positions differ)
  [8801] CRASH    w80:534 executor died (native abort)
  [t=1998s] 8802/10518 ( 4.4/s)  ok=4474 mism=1343 crash=270 timeout=15 skip=2700  |  inflight=24
  [t=2001s] 8802/10518 ( 4.4/s)  ok=4474 mism=1343 crash=270 timeout=15 skip=2700  |  inflight=24
  [8803] CRASH    w80:561 executor died (native abort)
  [8804] MISMATCH w80:566 out[0] max|delta|=8.896e-01 (rtol=0.01 atol=0.001)
  [t=2004s] 8813/10518 ( 4.4/s)  ok=4477 mism=1344 crash=271 timeout=15 skip=2706  |  inflight=24
  [8814] CRASH    w80:62 executor died (native abort)
  [t=2007s] 8814/10518 ( 4.4/s)  ok=4477 mism=1344 crash=272 timeout=15 skip=2706  |  inflight=24
  [t=2010s] 8814/10518 ( 4.4/s)  ok=4477 mism=1344 crash=272 timeout=15 skip=2706  |  inflight=24
  [8817] MISMATCH w80:632 out[2] non-finite mismatch (nan/inf positions differ)
  [8825] MISMATCH w80:66 out[4] max|delta|=1.250e-01 (rtol=0.01 atol=0.001)
  [t=2013s] 8832/10518 ( 4.4/s)  ok=4487 mism=1346 crash=272 timeout=15 skip=2712  |  inflight=23
  [8840] MISMATCH w80:85 out[0] max|delta|=2.570e+02 (rtol=0.01 atol=0.001)
  [8843] CRASH    w80:768 executor died (native abort)
  [8844] MISMATCH w81:101 out[0] max|delta|=1.000e+00 (rtol=0.0 atol=0.0)
  [8847] MISMATCH w81:131 out[1] max|delta|=1.000e+00 (rtol=0.01 atol=0.001)
  [8849] CRASH    w81:146 executor died (native abort)
  [t=2016s] 8849/10518 ( 4.4/s)  ok=4492 mism=1349 crash=274 timeout=15 skip=2719  |  inflight=24
  [t=2019s] 8849/10518 ( 4.4/s)  ok=4492 mism=1349 crash=274 timeout=15 skip=2719  |  inflight=24
  [8865] CRASH    w81:218 executor died (native abort)
  [t=2022s] 8865/10518 ( 4.4/s)  ok=4499 mism=1349 crash=275 timeout=15 skip=2727  |  inflight=23
  [8866] MISMATCH w81:233 out[0] max|delta|=1.000e+00 (rtol=0.0 atol=0.0)
  [8870] MISMATCH w81:275 out[0] max|delta|=2.441e-02 (rtol=0.01 atol=0.001)
  [8871] MISMATCH w81:276 out[2] max|delta|=2.000e+00 (rtol=0.01 atol=0.001)
  [t=2026s] 8875/10518 ( 4.4/s)  ok=4506 mism=1352 crash=275 timeout=15 skip=2727  |  inflight=24
  [t=2029s] 8875/10518 ( 4.4/s)  ok=4506 mism=1352 crash=275 timeout=15 skip=2727  |  inflight=24
  [t=2032s] 8875/10518 ( 4.4/s)  ok=4506 mism=1352 crash=275 timeout=15 skip=2727  |  inflight=24
  [8876] MISMATCH w81:303 out[2] max|delta|=5.000e-01 (rtol=0.01 atol=0.001)
  [8879] MISMATCH w81:313 out[1] max|delta|=3.000e+00 (rtol=0.01 atol=0.001)
  [t=2035s] 8880/10518 ( 4.4/s)  ok=4507 mism=1354 crash=275 timeout=15 skip=2729  |  inflight=23
  [8882] MISMATCH w81:332 out[3] non-finite mismatch (nan/inf positions differ)
  [8888] MISMATCH w81:416 out[0] max|delta|=1.164e+00 (rtol=0.01 atol=0.001)
  [8889] MISMATCH w81:389 out[1] max|delta|=1.000e+00 (rtol=0.0 atol=0.0)
  [8890] MISMATCH w81:42 out[1] max|delta|=2.550e+02 (rtol=0.0 atol=0.0)
  [8894] MISMATCH w81:466 out[0] max|delta|=1.000e+00 (rtol=0.0 atol=0.0)
  [8896] MISMATCH w81:506 out[1] non-finite mismatch (nan/inf positions differ)
  [8902] MISMATCH w81:541 out[3] non-finite mismatch (nan/inf positions differ)
  [8906] MISMATCH w81:565 out[2] max|delta|=8.936e-01 (rtol=0.01 atol=0.001)
  [8911] MISMATCH w81:594 out[0] non-finite mismatch (nan/inf positions differ)
  [8914] CRASH    w81:618 executor died (native abort)
  [t=2038s] 8918/10518 ( 4.4/s)  ok=4525 mism=1363 crash=276 timeout=15 skip=2739  |  inflight=23
  [t=2041s] 8920/10518 ( 4.4/s)  ok=4525 mism=1363 crash=276 timeout=15 skip=2741  |  inflight=24
  [t=2044s] 8920/10518 ( 4.4/s)  ok=4525 mism=1363 crash=276 timeout=15 skip=2741  |  inflight=24
  [8925] MISMATCH w81:747 out[3] max|delta|=3.656e-01 (rtol=0.01 atol=0.001)
  [8928] MISMATCH w81:85 out[0] max|delta|=1.000e+00 (rtol=0.0 atol=0.0)
  [8932] MISMATCH w82:117 out[3] non-finite mismatch (nan/inf positions differ)
  [8940] MISMATCH w82:163 out[3] max|delta|=1.000e+00 (rtol=0.01 atol=0.001)
  [8945] CRASH    w82:193 executor died (native abort)
  [t=2047s] 8946/10518 ( 4.4/s)  ok=4540 mism=1367 crash=277 timeout=15 skip=2747  |  inflight=23
  [8967] MISMATCH w82:402 out[0] max|delta|=7.616e-02 (rtol=0.01 atol=0.001)
  [t=2050s] 8967/10518 ( 4.4/s)  ok=4547 mism=1368 crash=277 timeout=15 skip=2760  |  inflight=23
  [8970] MISMATCH w82:409 out[0] non-finite mismatch (nan/inf positions differ)
  [8977] MISMATCH w82:462 out[3] max|delta|=1.637e-02 (rtol=0.01 atol=0.001)
  [8979] MISMATCH w82:48 out[1] non-finite mismatch (nan/inf positions differ)
  [t=2054s] 8984/10518 ( 4.4/s)  ok=4560 mism=1371 crash=277 timeout=15 skip=2761  |  inflight=23
  [8997] CRASH    w82:689 executor died (native abort)
  [t=2057s] 8997/10518 ( 4.4/s)  ok=4568 mism=1371 crash=278 timeout=15 skip=2765  |  inflight=24
  [t=2060s] 8997/10518 ( 4.4/s)  ok=4568 mism=1371 crash=278 timeout=15 skip=2765  |  inflight=24
  [t=2063s] 8997/10518 ( 4.4/s)  ok=4568 mism=1371 crash=278 timeout=15 skip=2765  |  inflight=24
  [9009] CRASH    w82:748 executor died (native abort)
  [t=2066s] 9009/10518 ( 4.4/s)  ok=4574 mism=1371 crash=279 timeout=15 skip=2770  |  inflight=23
  [9023] MISMATCH w83:172 out[0] max|delta|=2.412e-01 (rtol=0.01 atol=0.001)
  [t=2069s] 9026/10518 ( 4.4/s)  ok=4582 mism=1372 crash=279 timeout=16 skip=2777  |  inflight=23
  [9031] MISMATCH w83:235 out[4] max|delta|=1.000e+00 (rtol=0.0 atol=0.0)
  [t=2072s] 9032/10518 ( 4.4/s)  ok=4583 mism=1373 crash=279 timeout=16 skip=2781  |  inflight=23
  [9033] MISMATCH w83:238 out[3] non-finite mismatch (nan/inf positions differ)
  [9038] MISMATCH w83:299 out[2] non-finite mismatch (nan/inf positions differ)
  [9039] MISMATCH w83:300 out[2] max|delta|=3.874e+01 (rtol=0.01 atol=0.001)
  [9040] MISMATCH w83:31 out[1] max|delta|=1.000e+00 (rtol=0.0 atol=0.0)
  [9041] MISMATCH w83:311 out[2] max|delta|=5.859e-02 (rtol=0.01 atol=0.001)
  [9043] MISMATCH w83:32 out[1] non-finite mismatch (nan/inf positions differ)
  [9048] MISMATCH w83:373 out[3] max|delta|=1.000e+00 (rtol=0.0 atol=0.0)
  [9049] MISMATCH w83:38 out[2] max|delta|=1.000e+00 (rtol=0.0 atol=0.0)
  [9051] MISMATCH w83:4 out[0] max|delta|=1.637e-02 (rtol=0.01 atol=0.001)
  [9054] MISMATCH w83:434 out[0] max|delta|=6.433e-01 (rtol=0.01 atol=0.001)
  [t=2076s] 9055/10518 ( 4.4/s)  ok=4589 mism=1383 crash=279 timeout=16 skip=2788  |  inflight=23
  [9056] MISMATCH w83:466 out[3] max|delta|=4.825e-01 (rtol=0.01 atol=0.001)
  [9057] MISMATCH w83:474 out[0] max|delta|=4.251e-02 (rtol=0.01 atol=0.001)
  [9063] MISMATCH w83:493 out[2] max|delta|=1.000e+00 (rtol=0.0 atol=0.0)
  [9079] MISMATCH w83:653 out[3] max|delta|=5.312e-01 (rtol=0.01 atol=0.001)
  [9088] MISMATCH w83:720 out[2] max|delta|=1.665e+04 (rtol=0.0 atol=0.0)
  [t=2079s] 9088/10518 ( 4.4/s)  ok=4605 mism=1388 crash=279 timeout=16 skip=2800  |  inflight=23
  [9097] MISMATCH w83:79 out[2] max|delta|=1.000e+00 (rtol=0.01 atol=0.001)
  [9102] MISMATCH w84:161 out[0] max|delta|=1.000e+00 (rtol=0.0 atol=0.0)
  [9110] MISMATCH w84:209 out[1] non-finite mismatch (nan/inf positions differ)
  [9112] MISMATCH w84:222 out[0] non-finite mismatch (nan/inf positions differ)
  [9129] MISMATCH w84:447 out[0] max|delta|=1.000e+00 (rtol=0.0 atol=0.0)
  [9136] CRASH    w84:42 executor died (native abort)
  [9138] MISMATCH w84:490 out[4] non-finite mismatch (nan/inf positions differ)
  [9140] MISMATCH w84:515 out[4] max|delta|=1.000e+00 (rtol=0.01 atol=0.001)
  [9144] MISMATCH w84:544 out[2] non-finite mismatch (nan/inf positions differ)
  [9148] MISMATCH w84:579 out[4] max|delta|=7.500e-01 (rtol=0.01 atol=0.001)
  [9152] MISMATCH w84:630 out[1] max|delta|=1.000e+00 (rtol=0.0 atol=0.0)
  [t=2082s] 9152/10518 ( 4.4/s)  ok=4643 mism=1398 crash=280 timeout=16 skip=2815  |  inflight=24
  [9153] CRASH    w84:645 executor died (native abort)
  [t=2085s] 9153/10518 ( 4.4/s)  ok=4643 mism=1398 crash=281 timeout=16 skip=2815  |  inflight=24
  [t=2088s] 9153/10518 ( 4.4/s)  ok=4643 mism=1398 crash=281 timeout=16 skip=2815  |  inflight=24
  [9158] MISMATCH w84:7 out[2] max|delta|=1.000e+00 (rtol=0.0 atol=0.0)
  [t=2092s] 9159/10518 ( 4.4/s)  ok=4646 mism=1399 crash=281 timeout=16 skip=2817  |  inflight=23
  [9164] MISMATCH w84:98 out[0] max|delta|=1.000e+00 (rtol=0.0 atol=0.0)
  [9167] MISMATCH w85:111 out[2] max|delta|=8.490e-01 (rtol=0.01 atol=0.001)
  [9169] MISMATCH w85:123 out[2] non-finite mismatch (nan/inf positions differ)
  [t=2095s] 9177/10518 ( 4.4/s)  ok=4654 mism=1402 crash=281 timeout=16 skip=2824  |  inflight=24
  [9178] CRASH    w85:197 executor died (native abort)
  [9182] MISMATCH w85:209 out[0] non-finite mismatch (nan/inf positions differ)
  [t=2098s] 9188/10518 ( 4.4/s)  ok=4659 mism=1403 crash=282 timeout=16 skip=2828  |  inflight=23
  [9193] MISMATCH w85:3 out[2] non-finite mismatch (nan/inf positions differ)
  [9194] MISMATCH w85:317 out[1] non-finite mismatch (nan/inf positions differ)
  [t=2102s] 9194/10518 ( 4.4/s)  ok=4663 mism=1405 crash=282 timeout=16 skip=2828  |  inflight=24
  [9198] MISMATCH w85:364 out[0] non-finite mismatch (nan/inf positions differ)
  [t=2105s] 9213/10518 ( 4.4/s)  ok=4674 mism=1406 crash=282 timeout=16 skip=2835  |  inflight=24
  [t=2108s] 9213/10518 ( 4.4/s)  ok=4674 mism=1406 crash=282 timeout=16 skip=2835  |  inflight=24
  [9220] MISMATCH w85:609 out[1] max|delta|=1.462e+00 (rtol=0.01 atol=0.001)
  [t=2111s] 9222/10518 ( 4.4/s)  ok=4678 mism=1407 crash=282 timeout=16 skip=2839  |  inflight=23
  [9223] CRASH    w85:639 executor died (native abort)
  [t=2114s] 9223/10518 ( 4.4/s)  ok=4678 mism=1407 crash=283 timeout=16 skip=2839  |  inflight=24
  [t=2117s] 9223/10518 ( 4.4/s)  ok=4678 mism=1407 crash=283 timeout=16 skip=2839  |  inflight=24
  [9232] MISMATCH w85:720 out[2] non-finite mismatch (nan/inf positions differ)
  [t=2120s] 9234/10518 ( 4.4/s)  ok=4684 mism=1408 crash=283 timeout=16 skip=2843  |  inflight=23
  [9237] MISMATCH w85:778 out[2] max|delta|=8.959e-01 (rtol=0.01 atol=0.001)
  [9251] MISMATCH w86:156 out[0] max|delta|=4.507e-02 (rtol=0.01 atol=0.001)
  [t=2123s] 9251/10518 ( 4.4/s)  ok=4694 mism=1410 crash=283 timeout=16 skip=2848  |  inflight=23
  [9256] MISMATCH w86:200 out[0] max|delta|=1.000e+00 (rtol=0.0 atol=0.0)
  [9259] MISMATCH w86:223 out[0] non-finite mismatch (nan/inf positions differ)
  [9265] MISMATCH w86:247 out[2] non-finite mismatch (nan/inf positions differ)
  [t=2126s] 9270/10518 ( 4.4/s)  ok=4703 mism=1413 crash=283 timeout=16 skip=2855  |  inflight=24
  [t=2129s] 9270/10518 ( 4.4/s)  ok=4703 mism=1413 crash=283 timeout=16 skip=2855  |  inflight=24
  [t=2132s] 9270/10518 ( 4.3/s)  ok=4703 mism=1413 crash=283 timeout=16 skip=2855  |  inflight=24
  [t=2135s] 9270/10518 ( 4.3/s)  ok=4703 mism=1413 crash=283 timeout=16 skip=2855  |  inflight=24
  [9278] CRASH    w86:341 executor died (native abort)
  [t=2138s] 9278/10518 ( 4.3/s)  ok=4708 mism=1413 crash=284 timeout=16 skip=2857  |  inflight=24
  [t=2141s] 9278/10518 ( 4.3/s)  ok=4708 mism=1413 crash=284 timeout=16 skip=2857  |  inflight=24
  [t=2144s] 9278/10518 ( 4.3/s)  ok=4708 mism=1413 crash=284 timeout=16 skip=2857  |  inflight=24
  [t=2147s] 9278/10518 ( 4.3/s)  ok=4708 mism=1413 crash=284 timeout=16 skip=2857  |  inflight=24
  [t=2151s] 9291/10518 ( 4.3/s)  ok=4716 mism=1413 crash=284 timeout=16 skip=2862  |  inflight=23
  [9295] MISMATCH w86:445 out[2] max|delta|=1.000e+00 (rtol=0.01 atol=0.001)
  [9300] MISMATCH w86:465 out[0] max|delta|=6.958e-03 (rtol=0.01 atol=0.001)
  [t=2154s] 9310/10518 ( 4.3/s)  ok=4729 mism=1415 crash=284 timeout=16 skip=2866  |  inflight=23
  [9315] CRASH    w86:565 executor died (native abort)
  [t=2157s] 9315/10518 ( 4.3/s)  ok=4732 mism=1415 crash=285 timeout=16 skip=2867  |  inflight=24
  [t=2160s] 9315/10518 ( 4.3/s)  ok=4732 mism=1415 crash=285 timeout=16 skip=2867  |  inflight=24
  [t=2163s] 9315/10518 ( 4.3/s)  ok=4732 mism=1415 crash=285 timeout=16 skip=2867  |  inflight=24
  [t=2166s] 9315/10518 ( 4.3/s)  ok=4732 mism=1415 crash=285 timeout=16 skip=2867  |  inflight=24
  [9318] MISMATCH w86:606 out[4] max|delta|=1.000e+00 (rtol=0.0 atol=0.0)
  [9322] MISMATCH w86:627 out[0] max|delta|=1.000e+00 (rtol=0.0 atol=0.0)
  [t=2169s] 9324/10518 ( 4.3/s)  ok=4736 mism=1417 crash=285 timeout=16 skip=2870  |  inflight=24
  [t=2172s] 9324/10518 ( 4.3/s)  ok=4736 mism=1417 crash=285 timeout=16 skip=2870  |  inflight=24
  [t=2175s] 9324/10518 ( 4.3/s)  ok=4736 mism=1417 crash=285 timeout=16 skip=2870  |  inflight=24
  [t=2178s] 9324/10518 ( 4.3/s)  ok=4736 mism=1417 crash=285 timeout=16 skip=2870  |  inflight=24
  [9325] MISMATCH w86:655 out[3] max|delta|=6.343e-01 (rtol=0.01 atol=0.001)
  [9326] MISMATCH w86:66 out[1] max|delta|=1.600e+01 (rtol=0.0 atol=0.0)
  [9328] MISMATCH w86:68 out[1] max|delta|=2.153e-01 (rtol=0.01 atol=0.001)
  [9329] MISMATCH w86:681 out[0] max|delta|=5.000e-01 (rtol=0.01 atol=0.001)
  [t=2181s] 9336/10518 ( 4.3/s)  ok=4743 mism=1421 crash=285 timeout=16 skip=2871  |  inflight=23
  [9338] MISMATCH w86:751 out[2] non-finite mismatch (nan/inf positions differ)
  [9340] MISMATCH w86:758 out[2] non-finite mismatch (nan/inf positions differ)
  [9341] MISMATCH w86:759 out[3] max|delta|=5.000e-01 (rtol=0.01 atol=0.001)
  [9348] CRASH    w86:96 executor died (native abort)
  [t=2185s] 9348/10518 ( 4.3/s)  ok=4748 mism=1424 crash=286 timeout=16 skip=2874  |  inflight=24
  [t=2188s] 9348/10518 ( 4.3/s)  ok=4748 mism=1424 crash=286 timeout=16 skip=2874  |  inflight=24
  [t=2191s] 9348/10518 ( 4.3/s)  ok=4748 mism=1424 crash=286 timeout=16 skip=2874  |  inflight=24
  [t=2194s] 9348/10518 ( 4.3/s)  ok=4748 mism=1424 crash=286 timeout=16 skip=2874  |  inflight=24
  [t=2197s] 9355/10518 ( 4.3/s)  ok=4752 mism=1424 crash=286 timeout=16 skip=2877  |  inflight=23
  [9360] CRASH    w87:148 executor died (native abort)
  [t=2200s] 9360/10518 ( 4.3/s)  ok=4755 mism=1424 crash=287 timeout=16 skip=2878  |  inflight=24
  [t=2203s] 9361/10518 ( 4.2/s)  ok=4755 mism=1424 crash=287 timeout=17 skip=2878  |  inflight=24
  [t=2206s] 9361/10518 ( 4.2/s)  ok=4755 mism=1424 crash=287 timeout=17 skip=2878  |  inflight=24
  [9372] MISMATCH w87:258 out[1] max|delta|=2.000e+00 (rtol=0.0 atol=0.0)
  [t=2210s] 9376/10518 ( 4.2/s)  ok=4765 mism=1425 crash=287 timeout=17 skip=2882  |  inflight=23
  [t=2213s] 9386/10518 ( 4.2/s)  ok=4769 mism=1425 crash=287 timeout=17 skip=2888  |  inflight=23
  [9398] MISMATCH w87:279 out[3] max|delta|=8.000e+00 (rtol=0.0 atol=0.0)
  [t=2216s] 9398/10518 ( 4.2/s)  ok=4776 mism=1426 crash=287 timeout=17 skip=2892  |  inflight=24
  [9402] MISMATCH w87:454 out[1] non-finite mismatch (nan/inf positions differ)
  [9407] MISMATCH w87:488 out[0] max|delta|=1.000e+00 (rtol=0.01 atol=0.001)
  [9410] MISMATCH w87:558 out[1] max|delta|=5.474e+00 (rtol=0.01 atol=0.001)
  [9412] MISMATCH w87:570 out[3] non-finite mismatch (nan/inf positions differ)
  [t=2219s] 9418/10518 ( 4.2/s)  ok=4788 mism=1430 crash=287 timeout=17 skip=2896  |  inflight=23
  [9419] MISMATCH w87:609 out[2] max|delta|=3.271e-01 (rtol=0.01 atol=0.001)
  [9420] MISMATCH w87:611 out[3] non-finite mismatch (nan/inf positions differ)
  [9427] MISMATCH w87:655 out[3] max|delta|=1.000e+00 (rtol=0.0 atol=0.0)
  [9430] MISMATCH w87:671 out[3] max|delta|=4.000e+00 (rtol=0.01 atol=0.001)
  [9436] CRASH    w87:709 executor died (native abort)
  [9437] MISMATCH w87:733 out[1] non-finite mismatch (nan/inf positions differ)
  [9440] CRASH    w87:750 executor died (native abort)
  [t=2223s] 9440/10518 ( 4.2/s)  ok=4798 mism=1435 crash=289 timeout=18 skip=2900  |  inflight=24
  [t=2226s] 9440/10518 ( 4.2/s)  ok=4798 mism=1435 crash=289 timeout=18 skip=2900  |  inflight=24
  [9442] MISMATCH w87:779 out[3] non-finite mismatch (nan/inf positions differ)
  [9446] MISMATCH w88:110 out[0] max|delta|=9.719e-01 (rtol=0.01 atol=0.001)
  [t=2229s] 9450/10518 ( 4.2/s)  ok=4803 mism=1437 crash=289 timeout=18 skip=2903  |  inflight=23
  [9468] CRASH    w88:230 executor died (native abort)
  [9484] MISMATCH w88:486 out[3] non-finite mismatch (nan/inf positions differ)
  [9492] CRASH    w88:536 executor died (native abort)
  [9493] MISMATCH w88:569 out[2] max|delta|=2.550e+02 (rtol=0.0 atol=0.0)
  [9496] CRASH    w88:576 executor died (native abort)
  [t=2232s] 9496/10518 ( 4.3/s)  ok=4827 mism=1439 crash=292 timeout=18 skip=2920  |  inflight=24
  [t=2235s] 9496/10518 ( 4.2/s)  ok=4827 mism=1439 crash=292 timeout=18 skip=2920  |  inflight=24
  [t=2238s] 9496/10518 ( 4.2/s)  ok=4827 mism=1439 crash=292 timeout=18 skip=2920  |  inflight=24
  [9500] CRASH    w88:594 executor died (native abort)
  [t=2241s] 9504/10518 ( 4.2/s)  ok=4832 mism=1439 crash=293 timeout=18 skip=2922  |  inflight=23
  [9507] CRASH    w88:626 executor died (native abort)
  [t=2245s] 9508/10518 ( 4.2/s)  ok=4834 mism=1439 crash=294 timeout=18 skip=2923  |  inflight=24
  [t=2248s] 9509/10518 ( 4.2/s)  ok=4835 mism=1439 crash=294 timeout=18 skip=2923  |  inflight=24
  [9515] MISMATCH w88:681 out[0] non-finite mismatch (nan/inf positions differ)
  [9518] MISMATCH w88:92 out[2] non-finite mismatch (nan/inf positions differ)
  [9533] MISMATCH w89:231 out[1] non-finite mismatch (nan/inf positions differ)
  [9535] MISMATCH w89:251 out[3] max|delta|=7.080e-03 (rtol=0.01 atol=0.001)
  [9543] MISMATCH w89:324 out[3] non-finite mismatch (nan/inf positions differ)
  [9544] MISMATCH w89:329 out[1] max|delta|=1.274e-02 (rtol=0.01 atol=0.001)
  [9554] MISMATCH w89:46 out[2] non-finite mismatch (nan/inf positions differ)
  [9557] MISMATCH w89:463 out[1] max|delta|=4.000e+00 (rtol=0.0 atol=0.0)
  [9558] MISMATCH w89:472 out[0] max|delta|=6.343e-01 (rtol=0.01 atol=0.001)
  [9565] CRASH    w89:500 executor died (native abort)
  [9566] CRASH    w89:549 executor died (native abort)
  [t=2252s] 9566/10518 ( 4.2/s)  ok=4864 mism=1448 crash=296 timeout=18 skip=2940  |  inflight=24
  [t=2255s] 9566/10518 ( 4.2/s)  ok=4864 mism=1448 crash=296 timeout=18 skip=2940  |  inflight=24
  [9568] MISMATCH w89:565 out[2] max|delta|=1.000e+00 (rtol=0.01 atol=0.001)
  [9575] MISMATCH w89:66 out[1] non-finite mismatch (nan/inf positions differ)
  [9584] CRASH    w89:666 executor died (native abort)
  [9586] CRASH    w89:738 executor died (native abort)
  [9587] MISMATCH w89:771 out[0] max|delta|=6.013e-02 (rtol=0.01 atol=0.001)
  [t=2258s] 9589/10518 ( 4.2/s)  ok=4878 mism=1451 crash=298 timeout=18 skip=2944  |  inflight=23
  [9598] CRASH    w9:169 executor died (native abort)
  [t=2261s] 9598/10518 ( 4.2/s)  ok=4883 mism=1451 crash=299 timeout=18 skip=2947  |  inflight=24
  [9604] MISMATCH w9:196 out[0] max|delta|=1.528e-01 (rtol=0.01 atol=0.001)
  [9605] MISMATCH w9:194 out[1] max|delta|=2.107e-01 (rtol=0.01 atol=0.001)
  [9613] MISMATCH w9:234 out[3] max|delta|=1.000e+00 (rtol=0.0 atol=0.0)
  [9617] MISMATCH w9:240 out[1] non-finite mismatch (nan/inf positions differ)
  [9619] MISMATCH w9:273 out[2] non-finite mismatch (nan/inf positions differ)
  [t=2264s] 9622/10518 ( 4.2/s)  ok=4893 mism=1456 crash=299 timeout=18 skip=2956  |  inflight=23
  [9626] CRASH    w9:313 executor died (native abort)
  [9627] MISMATCH w9:336 out[3] max|delta|=1.000e+00 (rtol=0.01 atol=0.001)
  [9628] MISMATCH w9:357 out[0] max|delta|=1.000e+00 (rtol=0.0 atol=0.0)
  [9630] MISMATCH w9:364 out[0] max|delta|=1.000e+00 (rtol=0.0 atol=0.0)
  [9631] MISMATCH w9:369 out[2] max|delta|=1.000e+04 (rtol=0.01 atol=0.001)
  [9634] MISMATCH w9:393 out[2] non-finite mismatch (nan/inf positions differ)
  [9640] MISMATCH w9:434 out[1] max|delta|=1.000e+00 (rtol=0.0 atol=0.0)
  [9642] MISMATCH w9:446 out[1] non-finite mismatch (nan/inf positions differ)
  [9644] MISMATCH w9:463 out[2] max|delta|=2.520e+02 (rtol=0.01 atol=0.001)
  [9650] MISMATCH w9:504 out[0] max|delta|=4.000e+00 (rtol=0.0 atol=0.0)
  [t=2267s] 9650/10518 ( 4.3/s)  ok=4905 mism=1465 crash=300 timeout=18 skip=2962  |  inflight=23
  [9651] MISMATCH w9:51 out[1] max|delta|=1.000e+00 (rtol=0.0 atol=0.0)
  [9656] MISMATCH w9:524 out[0] max|delta|=1.519e-01 (rtol=0.01 atol=0.001)
  [9658] CRASH    w9:544 executor died (native abort)
  [t=2271s] 9658/10518 ( 4.3/s)  ok=4908 mism=1467 crash=301 timeout=18 skip=2964  |  inflight=24
  [t=2274s] 9662/10518 ( 4.2/s)  ok=4912 mism=1467 crash=301 timeout=18 skip=2964  |  inflight=23
  [9670] MISMATCH w9:59 out[2] non-finite mismatch (nan/inf positions differ)
  [9676] CRASH    w9:620 executor died (native abort)
  [9678] CRASH    w9:663 executor died (native abort)
  [t=2277s] 9679/10518 ( 4.3/s)  ok=4924 mism=1468 crash=303 timeout=18 skip=2966  |  inflight=24
  [t=2280s] 9679/10518 ( 4.2/s)  ok=4924 mism=1468 crash=303 timeout=18 skip=2966  |  inflight=24
  [t=2283s] 9679/10518 ( 4.2/s)  ok=4924 mism=1468 crash=303 timeout=18 skip=2966  |  inflight=24
  [9681] MISMATCH w9:67 out[1] max|delta|=1.000e+00 (rtol=0.0 atol=0.0)
  [9684] MISMATCH w9:705 out[2] non-finite mismatch (nan/inf positions differ)
  [9690] MISMATCH w9:770 out[2] max|delta|=2.560e+02 (rtol=0.01 atol=0.001)
  [9697] MISMATCH w9:95 out[1] max|delta|=3.417e+00 (rtol=0.01 atol=0.001)
  [9698] CRASH    w9:85 executor died (native abort)
  [t=2286s] 9698/10518 ( 4.2/s)  ok=4933 mism=1472 crash=304 timeout=18 skip=2971  |  inflight=23
  [9700] MISMATCH w90:150 out[2] non-finite mismatch (nan/inf positions differ)
  [9703] CRASH    w90:108 executor died (native abort)
  [9705] MISMATCH w90:177 out[0] max|delta|=1.000e+00 (rtol=0.0 atol=0.0)
  [9716] MISMATCH w90:238 out[0] max|delta|=1.611e+09 (rtol=0.0 atol=0.0)
  [9720] MISMATCH w90:337 out[1] max|delta|=2.612e-02 (rtol=0.01 atol=0.001)
  [t=2289s] 9723/10518 ( 4.2/s)  ok=4944 mism=1476 crash=305 timeout=18 skip=2980  |  inflight=23
  [9732] MISMATCH w90:412 out[0] max|delta|=1.000e+00 (rtol=0.01 atol=0.001)
  [9735] MISMATCH w90:121 out[2] max|delta|=1.118e-01 (rtol=0.01 atol=0.001)
  [9739] MISMATCH w90:172 out[0] max|delta|=1.164e+00 (rtol=0.01 atol=0.001)
  [9752] MISMATCH w90:605 out[2] max|delta|=2.000e+00 (rtol=0.0 atol=0.0)
  [9753] CRASH    w90:56 executor died (native abort)
  [9754] MISMATCH w90:653 out[3] non-finite mismatch (nan/inf positions differ)
  [t=2292s] 9754/10518 ( 4.3/s)  ok=4953 mism=1481 crash=306 timeout=18 skip=2996  |  inflight=23
  [9759] MISMATCH w90:687 out[4] max|delta|=3.000e+00 (rtol=0.01 atol=0.001)
  [9767] MISMATCH w91:108 out[3] non-finite mismatch (nan/inf positions differ)
  [9775] MISMATCH w91:180 out[2] non-finite mismatch (nan/inf positions differ)
  [t=2295s] 9775/10518 ( 4.3/s)  ok=4963 mism=1484 crash=306 timeout=18 skip=3004  |  inflight=23
  [9790] MISMATCH w91:308 out[3] max|delta|=1.000e+00 (rtol=0.0 atol=0.0)
  [9808] MISMATCH w91:426 out[3] non-finite mismatch (nan/inf positions differ)
  [9809] MISMATCH w91:431 out[2] max|delta|=1.000e+00 (rtol=0.0 atol=0.0)
  [9816] CRASH    w91:429 executor died (native abort)
  [9818] MISMATCH w91:491 out[2] non-finite mismatch (nan/inf positions differ)
  [t=2298s] 9819/10518 ( 4.3/s)  ok=4990 mism=1488 crash=307 timeout=18 skip=3016  |  inflight=23
  [9820] MISMATCH w91:537 out[3] max|delta|=1.000e+00 (rtol=0.0 atol=0.0)
  [9822] MISMATCH w91:541 out[0] non-finite mismatch (nan/inf positions differ)
  [9830] MISMATCH w91:581 out[2] max|delta|=2.117e+00 (rtol=0.01 atol=0.001)
  [9831] MISMATCH w91:586 out[0] max|delta|=1.000e+00 (rtol=0.0 atol=0.0)
  [9833] MISMATCH w91:615 out[2] max|delta|=3.418e-03 (rtol=0.01 atol=0.001)
  [9838] CRASH    w91:657 executor died (native abort)
  [t=2302s] 9838/10518 ( 4.3/s)  ok=4996 mism=1493 crash=308 timeout=18 skip=3023  |  inflight=24
  [t=2305s] 9838/10518 ( 4.3/s)  ok=4996 mism=1493 crash=308 timeout=18 skip=3023  |  inflight=24
  [t=2308s] 9839/10518 ( 4.3/s)  ok=4996 mism=1493 crash=308 timeout=18 skip=3024  |  inflight=24
  [9856] CRASH    w91:705 executor died (native abort)
  [9866] MISMATCH w91:94 out[0] max|delta|=1.000e+00 (rtol=0.01 atol=0.001)
  [t=2311s] 9872/10518 ( 4.3/s)  ok=5015 mism=1494 crash=309 timeout=18 skip=3036  |  inflight=23
  [9882] MISMATCH w92:20 out[2] non-finite mismatch (nan/inf positions differ)
  [9887] MISMATCH w92:238 out[2] max|delta|=1.000e+00 (rtol=0.01 atol=0.001)
  [t=2314s] 9888/10518 ( 4.3/s)  ok=5022 mism=1496 crash=309 timeout=18 skip=3043  |  inflight=23
  [9898] MISMATCH w92:296 out[2] max|delta|=9.223e+18 (rtol=0.0 atol=0.0)
  [9900] MISMATCH w92:318 out[0] non-finite mismatch (nan/inf positions differ)
  [9901] CRASH    w92:269 executor died (native abort)
  [9902] MISMATCH w92:331 out[0] max|delta|=1.528e-01 (rtol=0.01 atol=0.001)
  [9907] CRASH    w92:351 executor died (native abort)
  [9908] MISMATCH w92:370 out[2] non-finite mismatch (nan/inf positions differ)
  [9911] MISMATCH w92:411 out[3] max|delta|=1.000e+00 (rtol=0.0 atol=0.0)
  [9912] MISMATCH w92:416 out[2] non-finite mismatch (nan/inf positions differ)
  [t=2317s] 9920/10518 ( 4.3/s)  ok=5037 mism=1502 crash=311 timeout=18 skip=3052  |  inflight=23
  [9925] MISMATCH w92:520 out[1] max|delta|=1.000e+00 (rtol=0.0 atol=0.0)
  [9926] MISMATCH w92:53 out[1] max|delta|=4.000e-01 (rtol=0.01 atol=0.001)
  [9929] MISMATCH w92:545 out[2] max|delta|=2.560e+02 (rtol=0.0 atol=0.0)
  [9930] MISMATCH w92:548 out[3] max|delta|=1.751e-01 (rtol=0.01 atol=0.001)
  [9932] MISMATCH w92:58 out[2] max|delta|=9.815e-01 (rtol=0.01 atol=0.001)
  [9934] MISMATCH w92:593 out[2] max|delta|=1.635e+00 (rtol=0.01 atol=0.001)
  [t=2320s] 9937/10518 ( 4.3/s)  ok=5043 mism=1508 crash=311 timeout=18 skip=3057  |  inflight=23
  [9939] MISMATCH w92:637 out[2] non-finite mismatch (nan/inf positions differ)
  [9940] MISMATCH w92:639 out[1] max|delta|=1.000e+00 (rtol=0.0 atol=0.0)
  [9942] MISMATCH w92:653 out[2] max|delta|=1.000e+00 (rtol=0.0 atol=0.0)
  [9944] MISMATCH w92:685 out[4] max|delta|=1.000e+00 (rtol=0.01 atol=0.001)
  [9954] MISMATCH w92:780 out[1] max|delta|=2.781e+00 (rtol=0.01 atol=0.001)
  [9967] MISMATCH w93:157 out[0] non-finite mismatch (nan/inf positions differ)
  [9969] MISMATCH w93:197 out[1] max|delta|=9.340e-01 (rtol=0.01 atol=0.001)
  [9975] MISMATCH w93:228 out[2] max|delta|=1.429e-01 (rtol=0.01 atol=0.001)
  [9978] MISMATCH w93:243 out[0] non-finite mismatch (nan/inf positions differ)
  [9984] MISMATCH w93:305 out[0] max|delta|=2.073e+00 (rtol=0.01 atol=0.001)
  [9987] MISMATCH w93:332 out[5] max|delta|=1.000e+00 (rtol=0.01 atol=0.001)
  [9991] MISMATCH w93:359 out[4] non-finite mismatch (nan/inf positions differ)
  [9993] MISMATCH w93:384 out[2] non-finite mismatch (nan/inf positions differ)
  [t=2323s] 9993/10518 ( 4.3/s)  ok=5070 mism=1521 crash=311 timeout=18 skip=3073  |  inflight=24
  [t=2326s] 9993/10518 ( 4.3/s)  ok=5070 mism=1521 crash=311 timeout=18 skip=3073  |  inflight=24
  [9994] MISMATCH w93:387 out[1] non-finite mismatch (nan/inf positions differ)
  [9996] MISMATCH w93:393 out[2] max|delta|=2.197e-03 (rtol=0.01 atol=0.001)
  [9997] MISMATCH w93:400 out[2] non-finite mismatch (nan/inf positions differ)
  [9998] MISMATCH w93:404 out[0] non-finite mismatch (nan/inf positions differ)
  [10004] MISMATCH w93:446 out[1] max|delta|=6.000e+00 (rtol=0.0 atol=0.0)
  [10007] MISMATCH w93:490 out[2] non-finite mismatch (nan/inf positions differ)
  [10008] MISMATCH w93:517 out[2] max|delta|=5.664e-02 (rtol=0.01 atol=0.001)
  [10011] MISMATCH w93:535 out[1] non-finite mismatch (nan/inf positions differ)
  [10015] MISMATCH w93:567 out[3] non-finite mismatch (nan/inf positions differ)
  [t=2329s] 10021/10518 ( 4.3/s)  ok=5083 mism=1530 crash=311 timeout=18 skip=3079  |  inflight=23
  [10023] MISMATCH w93:622 out[1] max|delta|=8.374e-01 (rtol=0.01 atol=0.001)
  [10025] MISMATCH w93:636 out[2] non-finite mismatch (nan/inf positions differ)
  [10029] MISMATCH w93:70 out[1] max|delta|=4.590e-02 (rtol=0.01 atol=0.001)
  [10043] MISMATCH w94:11 out[0] non-finite mismatch (nan/inf positions differ)
  [10046] MISMATCH w94:126 out[3] max|delta|=1.000e+00 (rtol=0.0 atol=0.0)
  [10060] MISMATCH w94:226 out[3] non-finite mismatch (nan/inf positions differ)
  [10073] MISMATCH w94:385 out[0] max|delta|=1.000e+00 (rtol=0.01 atol=0.001)
  [10079] MISMATCH w94:481 out[2] max|delta|=7.680e+02 (rtol=0.0 atol=0.0)
  [10080] MISMATCH w94:482 out[1] non-finite mismatch (nan/inf positions differ)
  [10081] CRASH    w94:423 executor died (native abort)
  [t=2332s] 10082/10518 ( 4.3/s)  ok=5111 mism=1539 crash=312 timeout=18 skip=3102  |  inflight=23
  [10085] MISMATCH w94:544 out[3] non-finite mismatch (nan/inf positions differ)
  [10088] MISMATCH w94:585 out[3] non-finite mismatch (nan/inf positions differ)
  [10092] MISMATCH w94:626 out[2] max|delta|=1.000e+00 (rtol=0.01 atol=0.001)
  [10095] MISMATCH w94:643 out[4] non-finite mismatch (nan/inf positions differ)
  [10101] MISMATCH w94:726 out[3] max|delta|=1.570e+00 (rtol=0.01 atol=0.001)
  [10103] MISMATCH w94:736 out[3] max|delta|=2.310e-01 (rtol=0.01 atol=0.001)
  [t=2335s] 10109/10518 ( 4.3/s)  ok=5123 mism=1545 crash=312 timeout=18 skip=3111  |  inflight=24
  [10116] MISMATCH w95:15 out[2] non-finite mismatch (nan/inf positions differ)
  [t=2339s] 10119/10518 ( 4.3/s)  ok=5128 mism=1546 crash=312 timeout=18 skip=3115  |  inflight=24
  [10120] CRASH    w95:166 executor died (native abort)
  [10127] MISMATCH w95:189 out[0] max|delta|=1.042e-02 (rtol=0.01 atol=0.001)
  [10128] CRASH    w95:200 executor died (native abort)
  [t=2342s] 10128/10518 ( 4.3/s)  ok=5132 mism=1547 crash=314 timeout=18 skip=3117  |  inflight=24
  [10129] MISMATCH w95:170 out[1] max|delta|=1.000e+00 (rtol=0.0 atol=0.0)
  [t=2345s] 10130/10518 ( 4.3/s)  ok=5133 mism=1548 crash=314 timeout=18 skip=3117  |  inflight=23
  [10133] MISMATCH w95:211 out[1] non-finite mismatch (nan/inf positions differ)
  [10142] MISMATCH w95:246 out[3] max|delta|=4.800e+01 (rtol=0.01 atol=0.001)
  [10145] MISMATCH w95:264 out[2] max|delta|=3.000e+00 (rtol=0.01 atol=0.001)
  [10147] MISMATCH w95:30 out[2] max|delta|=4.000e+00 (rtol=0.01 atol=0.001)
  [t=2349s] 10153/10518 ( 4.3/s)  ok=5140 mism=1552 crash=314 timeout=18 skip=3129  |  inflight=24
  [10154] CRASH    w95:351 executor died (native abort)
  [t=2352s] 10154/10518 ( 4.3/s)  ok=5140 mism=1552 crash=315 timeout=18 skip=3129  |  inflight=24
  [t=2355s] 10166/10518 ( 4.3/s)  ok=5145 mism=1552 crash=315 timeout=18 skip=3136  |  inflight=23
  [10171] MISMATCH w95:434 out[3] max|delta|=4.000e+00 (rtol=0.0 atol=0.0)
  [10174] MISMATCH w95:450 out[3] max|delta|=2.500e-01 (rtol=0.01 atol=0.001)
  [10182] MISMATCH w95:521 out[1] non-finite mismatch (nan/inf positions differ)
  [10184] MISMATCH w95:531 out[0] max|delta|=1.245e+00 (rtol=0.01 atol=0.001)
  [10187] MISMATCH w95:555 out[3] non-finite mismatch (nan/inf positions differ)
  [10189] MISMATCH w95:558 out[1] max|delta|=1.000e+00 (rtol=0.0 atol=0.0)
  [10193] CRASH    w95:562 executor died (native abort)
  [10197] MISMATCH w95:606 out[2] max|delta|=1.000e+00 (rtol=0.0 atol=0.0)
  [10199] MISMATCH w95:611 out[3] non-finite mismatch (nan/inf positions differ)
  [10203] MISMATCH w95:666 out[1] max|delta|=4.992e+00 (rtol=0.01 atol=0.001)
  [10204] MISMATCH w95:672 out[4] max|delta|=1.000e+00 (rtol=0.0 atol=0.0)
  [t=2358s] 10207/10518 ( 4.3/s)  ok=5162 mism=1562 crash=316 timeout=18 skip=3149  |  inflight=23
  [10214] MISMATCH w96:0 out[3] non-finite mismatch (nan/inf positions differ)
  [10231] MISMATCH w96:261 out[0] max|delta|=1.782e-02 (rtol=0.01 atol=0.001)
  [10232] MISMATCH w96:276 out[4] non-finite mismatch (nan/inf positions differ)
  [10233] MISMATCH w96:278 out[2] max|delta|=2.000e+00 (rtol=0.0 atol=0.0)
  [t=2361s] 10234/10518 ( 4.3/s)  ok=5177 mism=1566 crash=316 timeout=18 skip=3157  |  inflight=23
  [10242] MISMATCH w96:372 out[3] max|delta|=1.000e+00 (rtol=0.0 atol=0.0)
  [t=2364s] 10254/10518 ( 4.3/s)  ok=5191 mism=1567 crash=316 timeout=18 skip=3162  |  inflight=23
  [10256] MISMATCH w96:552 out[3] max|delta|=8.984e-02 (rtol=0.01 atol=0.001)
  [10258] MISMATCH w96:581 out[1] max|delta|=1.000e+00 (rtol=0.01 atol=0.001)
  [10268] MISMATCH w96:692 out[1] non-finite mismatch (nan/inf positions differ)
  [10270] CRASH    w96:704 executor died (native abort)
  [t=2367s] 10272/10518 ( 4.3/s)  ok=5203 mism=1570 crash=317 timeout=18 skip=3164  |  inflight=23
  [10273] CRASH    w96:93 executor died (native abort)
  [t=2370s] 10273/10518 ( 4.3/s)  ok=5203 mism=1570 crash=318 timeout=18 skip=3164  |  inflight=24
  [t=2373s] 10273/10518 ( 4.3/s)  ok=5203 mism=1570 crash=318 timeout=18 skip=3164  |  inflight=24
  [10279] MISMATCH w97:131 out[0] non-finite mismatch (nan/inf positions differ)
  [t=2376s] 10286/10518 ( 4.3/s)  ok=5212 mism=1571 crash=318 timeout=18 skip=3167  |  inflight=23
  [10287] CRASH    w97:207 executor died (native abort)
  [t=2380s] 10287/10518 ( 4.3/s)  ok=5212 mism=1571 crash=319 timeout=18 skip=3167  |  inflight=24
  [10296] CRASH    w97:294 executor died (native abort)
  [t=2383s] 10296/10518 ( 4.3/s)  ok=5217 mism=1571 crash=320 timeout=18 skip=3170  |  inflight=24
  [10308] MISMATCH w97:37 out[1] non-finite mismatch (nan/inf positions differ)
  [10310] MISMATCH w97:40 out[0] max|delta|=1.462e+00 (rtol=0.01 atol=0.001)
  [t=2386s] 10311/10518 ( 4.3/s)  ok=5224 mism=1573 crash=320 timeout=18 skip=3176  |  inflight=24
  [10313] MISMATCH w97:415 out[1] max|delta|=4.062e-01 (rtol=0.01 atol=0.001)
  [10314] MISMATCH w97:420 out[1] non-finite mismatch (nan/inf positions differ)
  [t=2389s] 10328/10518 ( 4.3/s)  ok=5231 mism=1575 crash=320 timeout=18 skip=3184  |  inflight=23
  [10330] MISMATCH w97:573 out[2] non-finite mismatch (nan/inf positions differ)
  [10335] MISMATCH w97:644 out[1] max|delta|=2.350e-03 (rtol=0.01 atol=0.001)
  [10341] MISMATCH w97:69 out[2] max|delta|=2.560e+02 (rtol=0.0 atol=0.0)
  [10347] MISMATCH w97:738 out[0] max|delta|=1.185e-01 (rtol=0.01 atol=0.001)
  [t=2392s] 10350/10518 ( 4.3/s)  ok=5244 mism=1579 crash=320 timeout=18 skip=3189  |  inflight=24
  [10351] CRASH    w97:778 executor died (native abort)
  [t=2395s] 10351/10518 ( 4.3/s)  ok=5244 mism=1579 crash=321 timeout=18 skip=3189  |  inflight=24
  [t=2399s] 10357/10518 ( 4.3/s)  ok=5244 mism=1579 crash=321 timeout=18 skip=3195  |  inflight=24
  [t=2402s] 10357/10518 ( 4.3/s)  ok=5244 mism=1579 crash=321 timeout=18 skip=3195  |  inflight=24
  [t=2405s] 10357/10518 ( 4.3/s)  ok=5244 mism=1579 crash=321 timeout=18 skip=3195  |  inflight=24
  [t=2408s] 10357/10518 ( 4.3/s)  ok=5244 mism=1579 crash=321 timeout=18 skip=3195  |  inflight=24
  [t=2411s] 10357/10518 ( 4.3/s)  ok=5244 mism=1579 crash=321 timeout=18 skip=3195  |  inflight=24
  [t=2414s] 10357/10518 ( 4.3/s)  ok=5244 mism=1579 crash=321 timeout=18 skip=3195  |  inflight=24
  [t=2417s] 10357/10518 ( 4.3/s)  ok=5244 mism=1579 crash=321 timeout=18 skip=3195  |  inflight=24
  [t=2420s] 10357/10518 ( 4.3/s)  ok=5244 mism=1579 crash=321 timeout=18 skip=3195  |  inflight=24
  [t=2423s] 10357/10518 ( 4.3/s)  ok=5244 mism=1579 crash=321 timeout=18 skip=3195  |  inflight=24
  [t=2426s] 10357/10518 ( 4.3/s)  ok=5244 mism=1579 crash=321 timeout=18 skip=3195  |  inflight=24
  [t=2429s] 10357/10518 ( 4.3/s)  ok=5244 mism=1579 crash=321 timeout=18 skip=3195  |  inflight=24
  [t=2432s] 10357/10518 ( 4.3/s)  ok=5244 mism=1579 crash=321 timeout=18 skip=3195  |  inflight=24
  [t=2435s] 10357/10518 ( 4.3/s)  ok=5244 mism=1579 crash=321 timeout=18 skip=3195  |  inflight=24
  [t=2438s] 10357/10518 ( 4.2/s)  ok=5244 mism=1579 crash=321 timeout=18 skip=3195  |  inflight=24
  [t=2441s] 10357/10518 ( 4.2/s)  ok=5244 mism=1579 crash=321 timeout=18 skip=3195  |  inflight=24
  [t=2444s] 10358/10518 ( 4.2/s)  ok=5244 mism=1579 crash=321 timeout=19 skip=3195  |  inflight=24
  [t=2447s] 10358/10518 ( 4.2/s)  ok=5244 mism=1579 crash=321 timeout=19 skip=3195  |  inflight=24
  [t=2450s] 10358/10518 ( 4.2/s)  ok=5244 mism=1579 crash=321 timeout=19 skip=3195  |  inflight=24
  [10369] MISMATCH w98:213 out[1] non-finite mismatch (nan/inf positions differ)
  [10370] MISMATCH w98:233 out[1] max|delta|=5.557e-01 (rtol=0.01 atol=0.001)
  [10371] MISMATCH w98:244 out[2] non-finite mismatch (nan/inf positions differ)
  [10375] MISMATCH w98:291 out[0] max|delta|=2.054e+09 (rtol=0.0 atol=0.0)
  [t=2453s] 10377/10518 ( 4.2/s)  ok=5253 mism=1583 crash=321 timeout=19 skip=3201  |  inflight=23
  [10378] MISMATCH w98:300 out[2] max|delta|=5.282e+00 (rtol=0.01 atol=0.001)
  [10379] MISMATCH w98:318 out[1] non-finite mismatch (nan/inf positions differ)
  [t=2456s] 10386/10518 ( 4.2/s)  ok=5258 mism=1585 crash=321 timeout=19 skip=3203  |  inflight=24
  [t=2459s] 10386/10518 ( 4.2/s)  ok=5258 mism=1585 crash=321 timeout=19 skip=3203  |  inflight=24
  [t=2462s] 10386/10518 ( 4.2/s)  ok=5258 mism=1585 crash=321 timeout=19 skip=3203  |  inflight=24
  [t=2465s] 10392/10518 ( 4.2/s)  ok=5262 mism=1585 crash=321 timeout=19 skip=3205  |  inflight=23
  [10394] MISMATCH w98:423 out[0] max|delta|=3.000e+00 (rtol=0.01 atol=0.001)
  [10395] CRASH    w98:426 executor died (native abort)
  [t=2468s] 10395/10518 ( 4.2/s)  ok=5263 mism=1586 crash=322 timeout=19 skip=3205  |  inflight=24
  [t=2471s] 10395/10518 ( 4.2/s)  ok=5263 mism=1586 crash=322 timeout=19 skip=3205  |  inflight=24
  [t=2474s] 10395/10518 ( 4.2/s)  ok=5263 mism=1586 crash=322 timeout=19 skip=3205  |  inflight=24
  [t=2478s] 10397/10518 ( 4.2/s)  ok=5264 mism=1586 crash=322 timeout=19 skip=3206  |  inflight=23
  [10400] MISMATCH w98:440 out[4] max|delta|=2.540e+02 (rtol=0.0 atol=0.0)
  [10403] CRASH    w98:447 executor died (native abort)
  [t=2481s] 10403/10518 ( 4.2/s)  ok=5266 mism=1587 crash=323 timeout=19 skip=3208  |  inflight=24
  [t=2484s] 10403/10518 ( 4.2/s)  ok=5266 mism=1587 crash=323 timeout=19 skip=3208  |  inflight=24
  [t=2487s] 10403/10518 ( 4.2/s)  ok=5266 mism=1587 crash=323 timeout=19 skip=3208  |  inflight=24
  [t=2490s] 10404/10518 ( 4.2/s)  ok=5266 mism=1587 crash=323 timeout=19 skip=3209  |  inflight=24
  [10409] CRASH    w98:492 executor died (native abort)
  [t=2494s] 10409/10518 ( 4.2/s)  ok=5267 mism=1587 crash=324 timeout=19 skip=3212  |  inflight=24
  [t=2497s] 10409/10518 ( 4.2/s)  ok=5267 mism=1587 crash=324 timeout=19 skip=3212  |  inflight=24
  [t=2500s] 10409/10518 ( 4.2/s)  ok=5267 mism=1587 crash=324 timeout=19 skip=3212  |  inflight=24
  [t=2503s] 10414/10518 ( 4.2/s)  ok=5269 mism=1587 crash=324 timeout=19 skip=3215  |  inflight=24
  [10417] MISMATCH w98:58 out[2] max|delta|=1.174e+00 (rtol=0.01 atol=0.001)
  [10424] MISMATCH w98:646 out[0] max|delta|=1.000e+00 (rtol=0.0 atol=0.0)
  [t=2506s] 10428/10518 ( 4.2/s)  ok=5275 mism=1589 crash=324 timeout=20 skip=3220  |  inflight=23
  [t=2509s] 10428/10518 ( 4.2/s)  ok=5275 mism=1589 crash=324 timeout=20 skip=3220  |  inflight=24
  [t=2512s] 10428/10518 ( 4.2/s)  ok=5275 mism=1589 crash=324 timeout=20 skip=3220  |  inflight=24
  [10432] MISMATCH w98:780 out[2] non-finite mismatch (nan/inf positions differ)
  [10440] MISMATCH w99:113 out[1] max|delta|=1.000e+00 (rtol=0.0 atol=0.0)
  [10455] MISMATCH w99:239 out[3] non-finite mismatch (nan/inf positions differ)
  [10456] MISMATCH w99:244 out[3] max|delta|=2.490e+02 (rtol=0.0 atol=0.0)
  [10458] MISMATCH w99:252 out[3] max|delta|=1.000e+00 (rtol=0.0 atol=0.0)
  [10468] MISMATCH w99:310 out[2] max|delta|=9.375e-02 (rtol=0.01 atol=0.001)
  [t=2515s] 10477/10518 ( 4.2/s)  ok=5301 mism=1595 crash=324 timeout=20 skip=3237  |  inflight=23
  [10478] MISMATCH w99:376 out[2] max|delta|=3.869e+00 (rtol=0.01 atol=0.001)
  [10479] MISMATCH w99:389 out[0] max|delta|=1.000e+00 (rtol=0.0 atol=0.0)
  [10498] MISMATCH w99:515 out[2] non-finite mismatch (nan/inf positions differ)
  [10508] MISMATCH w99:697 out[4] max|delta|=1.287e-02 (rtol=0.01 atol=0.001)
  [10510] CRASH    w99:74 executor died (native abort)
  [t=2518s] 10510/10518 ( 4.2/s)  ok=5317 mism=1599 crash=325 timeout=20 skip=3249  |  inflight=8
  [t=2521s] 10511/10518 ( 4.2/s)  ok=5317 mism=1599 crash=325 timeout=21 skip=3249  |  inflight=7
  [t=2524s] 10511/10518 ( 4.2/s)  ok=5317 mism=1599 crash=325 timeout=21 skip=3249  |  inflight=7
  [10516] MISMATCH w99:81 out[1] non-finite mismatch (nan/inf positions differ)
  [10517] MISMATCH w99:96 out[0] max|delta|=5.847e-02 (rtol=0.01 atol=0.001)

── Done — 10518 graphs ──────────────────────────────
  OK       : 5321
  MISMATCH : 1601
  CRASH    : 325
  TIMEOUT  : 21
  SKIP     : 3250
  skip-log: mobile/findings/coreml_mac2/skiplog.tsv  (replay one with `mobile feed <job_id>`)
