status	job	reason	graph
SKIP	w0:103	client RuntimeError: method->execute() failed with error 0x12 | [tensor_util_portable.cpp:130] Check failed (all_contiguous || all_channels_last): 2 input tensors have different dim orders [op_fft_r2c.cpp:29] Check failed (tensors_have_same_dim_order(in, out)):  [method.cpp:1480] KernelCall failed at instruction 0:0 in operator aten::_fft_r2c.out: 0x12 [method.cpp:1490] arg 0 with type id 1 [method.cpp:1490] arg 1 with type id 8 [method.cpp:1490] arg 2 with type id 4 [method.cpp:1490] arg 3 with type id 5 [method.cpp:1490] arg 4 with type id 1 [method.cpp:1490] arg 5 with type id 1	n0*=_fft_r2c(L0,·,·,·)
MISMATCH	w0:14	out[0] max|delta|=2.147e+09 (rtol=0.0 atol=0.0)	n0*=bitwise_left_shift.Tensor_Scalar_out(L0,·,·)
MISMATCH	w0:166	out[0] max|delta|=1.441e+17 (rtol=0.0 atol=0.0)	n0*=bitwise_left_shift.Tensor_Scalar(L0,·)
MISMATCH	w0:17	out[0] max|delta|=2.147e+09 (rtol=0.0 atol=0.0)	n0*=bitwise_left_shift.Tensor_out(L0,L1,·)
SKIP	w0:193	client RuntimeError: method->execute() failed with error 0x12 | [op_arange.cpp:55] Check failed (utils::extract_scalar(start, &d_start)):  [method.cpp:1480] KernelCall failed at instruction 0:0 in operator aten::arange.start_out: 0x12 [method.cpp:1490] arg 0 with type id 5 [method.cpp:1490] arg 1 with type id 5 [method.cpp:1490] arg 2 with type id 5 [method.cpp:1490] arg 3 with type id 1 [method.cpp:1490] arg 4 with type id 1	n0*=arange.start_out(·,·,·,·)
SKIP	w0:200	client RuntimeError: method->execute() failed with error 0x12 | [op_sub.cpp:144] Check failed (utils::extract_scalar(alpha, &alpha_val)):  [method.cpp:1480] KernelCall failed at instruction 0:0 in operator aten::sub.Scalar_out: 0x12 [method.cpp:1490] arg 0 with type id 1 [method.cpp:1490] arg 1 with type id 4 [method.cpp:1490] arg 2 with type id 4 [method.cpp:1490] arg 3 with type id 1 [method.cpp:1490] arg 4 with type id 1	n0*=sub.Scalar(L0,·,·)
SKIP	w0:218	client RuntimeError: method->execute() failed with error 0x12 | [normalization_ops_util.cpp:160] Check failed (in.size(0) == N):  [op_native_group_norm.cpp:139] Check failed (check_group_norm_args( input, weight, bias, N, C, HxW, group, out, mean_out, rstd_out)):  [method.cpp:1480] KernelCall failed at instruction 0:0 in operator aten::native_group_norm.out: 0x12 [method.cpp:1490] arg 0 with type id 1 [method.cpp:1490] arg 1 with type id 0 [method.cpp:1490] arg 2 with type id 0 [method.cpp:1490] arg 3 with type id 4 [method.cpp:1490] arg 4 with type id 4 [method.cpp:1490] arg 5 with type id 4 [method.cpp:1490] arg 6 with type id 4 [method.cpp:1490] arg 7 with type id 3 [method.cpp:1490] arg 8 with type id 1 [method.cpp:1490] arg 9 with type id 1 [method.cpp:1490] arg 10 with type id 1 [method.cpp:1490] arg 11 with type id 9	n0*=native_group_norm(L0,·,·,·,·,·,·,·)
MISMATCH	w0:245	out[0] max|delta|=1.611e+09 (rtol=0.0 atol=0.0)	n0*=bitwise_left_shift.Tensor_out(L0,L1,·)
SKIP	w0:264	client RuntimeError: method->execute() failed with error 0x12 | [op_copy.cpp:33] Check failed (non_blocking == false):  [method.cpp:1480] KernelCall failed at instruction 0:0 in operator aten::copy.out: 0x12 [method.cpp:1490] arg 0 with type id 1 [method.cpp:1490] arg 1 with type id 1 [method.cpp:1490] arg 2 with type id 5 [method.cpp:1490] arg 3 with type id 1 [method.cpp:1490] arg 4 with type id 1	n0*=copy(L0,L1,·)
MISMATCH	w0:278	out[0] non-finite mismatch (nan/inf positions differ)	n0*=gelu.out(L0,·,·)
SKIP	w0:300	client RuntimeError: method->execute() failed with error 0x12 | [normalization_ops_util.cpp:160] Check failed (in.size(0) == N):  [op_native_group_norm.cpp:139] Check failed (check_group_norm_args( input, weight, bias, N, C, HxW, group, out, mean_out, rstd_out)):  [method.cpp:1480] KernelCall failed at instruction 0:0 in operator aten::native_group_norm.out: 0x12 [method.cpp:1490] arg 0 with type id 1 [method.cpp:1490] arg 1 with type id 0 [method.cpp:1490] arg 2 with type id 0 [method.cpp:1490] arg 3 with type id 4 [method.cpp:1490] arg 4 with type id 4 [method.cpp:1490] arg 5 with type id 4 [method.cpp:1490] arg 6 with type id 4 [method.cpp:1490] arg 7 with type id 3 [method.cpp:1490] arg 8 with type id 1 [method.cpp:1490] arg 9 with type id 1 [method.cpp:1490] arg 10 with type id 1 [method.cpp:1490] arg 11 with type id 9	n0*=native_group_norm(L0,·,·,·,·,·,·,·)
SKIP	w0:303	client RuntimeError: method->execute() failed with error 0x12 | [tensor_util.h:617] Check failed (static_cast<size_t>(t.dim()) == rank): Expected tensor.dim() to be 2, but got 1 [distance_util.cpp:16] Check failed (tensor_is_rank(in, 2)):  [op_pdist_forward.cpp:25] Check failed (check_pdist_args(in, p, out)):  [method.cpp:1480] KernelCall failed at instruction 0:0 in operator aten::_pdist_forward.out: 0x12 [method.cpp:1490] arg 0 with type id 1 [method.cpp:1490] arg 1 with type id 3 [method.cpp:1490] arg 2 with type id 1 [method.cpp:1490] arg 3 with type id 1	n0*=_pdist_forward(L0,·)
SKIP	w0:36	client RuntimeError: method->execute() failed with error 0x12 | [op_copy.cpp:33] Check failed (non_blocking == false):  [method.cpp:1480] KernelCall failed at instruction 0:0 in operator aten::copy.out: 0x12 [method.cpp:1490] arg 0 with type id 1 [method.cpp:1490] arg 1 with type id 1 [method.cpp:1490] arg 2 with type id 5 [method.cpp:1490] arg 3 with type id 1 [method.cpp:1490] arg 4 with type id 1	n0*=copy(L0,L1,·)
MISMATCH	w0:50	out[0] non-finite mismatch (nan/inf positions differ)	n0*=gelu.out(L0,·,·)
MISMATCH	w0:72	out[0] non-finite mismatch (nan/inf positions differ)	n0*=native_group_norm(L0,·,·,·,·,·,·,·)
MISMATCH	w1:114	out[0] non-finite mismatch (nan/inf positions differ)	n0*=native_group_norm(L0,·,·,·,·,·,·,·)
SKIP	w1:117	client RuntimeError: method->execute() failed with error 0x12 | [tensor_util.h:617] Check failed (static_cast<size_t>(t.dim()) == rank): Expected tensor.dim() to be 2, but got 5 [distance_util.cpp:16] Check failed (tensor_is_rank(in, 2)):  [op_pdist_forward.cpp:25] Check failed (check_pdist_args(in, p, out)):  [method.cpp:1480] KernelCall failed at instruction 0:0 in operator aten::_pdist_forward.out: 0x12 [method.cpp:1490] arg 0 with type id 1 [method.cpp:1490] arg 1 with type id 3 [method.cpp:1490] arg 2 with type id 1 [method.cpp:1490] arg 3 with type id 1	n0*=_pdist_forward(L0,·)
MISMATCH	w1:188	out[0] non-finite mismatch (nan/inf positions differ)	n0*=_log_softmax.out(L0,·,·,·)
MISMATCH	w1:201	out[0] max|delta|=5.000e+00 (rtol=0.0 atol=0.0)	n0*=remainder.Scalar(L0,·)
SKIP	w1:216	client RuntimeError: method->execute() failed with error 0x12 | [copy_ops_util.cpp:165] Check failed (implicit == false): This operator is not implemented for when implicit == true. [op_expand_copy.cpp:63] Check failed (check_expand_copy_args(self, expand_sizes, implicit, out)):  [method.cpp:1480] KernelCall failed at instruction 0:0 in operator aten::expand_copy.out: 0x12 [method.cpp:1490] arg 0 with type id 1 [method.cpp:1490] arg 1 with type id 8 [method.cpp:1490] arg 2 with type id 5 [method.cpp:1490] arg 3 with type id 1 [method.cpp:1490] arg 4 with type id 1	n0*=expand_copy(L0,·,·)
SKIP	w1:235	client RuntimeError: method->execute() failed with error 0x12 | [op_arange.cpp:55] Check failed (utils::extract_scalar(start, &d_start)):  [method.cpp:1480] KernelCall failed at instruction 0:0 in operator aten::arange.start_out: 0x12 [method.cpp:1490] arg 0 with type id 5 [method.cpp:1490] arg 1 with type id 5 [method.cpp:1490] arg 2 with type id 3 [method.cpp:1490] arg 3 with type id 1 [method.cpp:1490] arg 4 with type id 1	n0*=arange.start_out(·,·,·,·)
SKIP	w1:260	client RuntimeError: method->execute() failed with error 0x12 | [normalization_ops_util.cpp:160] Check failed (in.size(0) == N):  [op_native_group_norm.cpp:139] Check failed (check_group_norm_args( input, weight, bias, N, C, HxW, group, out, mean_out, rstd_out)):  [method.cpp:1480] KernelCall failed at instruction 0:0 in operator aten::native_group_norm.out: 0x12 [method.cpp:1490] arg 0 with type id 1 [method.cpp:1490] arg 1 with type id 0 [method.cpp:1490] arg 2 with type id 0 [method.cpp:1490] arg 3 with type id 4 [method.cpp:1490] arg 4 with type id 4 [method.cpp:1490] arg 5 with type id 4 [method.cpp:1490] arg 6 with type id 4 [method.cpp:1490] arg 7 with type id 3 [method.cpp:1490] arg 8 with type id 1 [method.cpp:1490] arg 9 with type id 1 [method.cpp:1490] arg 10 with type id 1 [method.cpp:1490] arg 11 with type id 9	n0*=native_group_norm(L0,·,·,·,·,·,·,·)
MISMATCH	w1:284	out[0] max|delta|=9.223e+18 (rtol=0.01 atol=0.001)	n0*=bitwise_left_shift.Tensor_Scalar_out(L0,·,·)
MISMATCH	w1:287	out[0] max|delta|=6.918e+18 (rtol=0.01 atol=0.001)	n0*=bitwise_left_shift.Tensor_out(L0,L1,·)
SKIP	w1:299	client RuntimeError: method->execute() failed with error 0x12 | [index_util.cpp:156] Check failed (index.scalar_type() == ScalarType::Long): Expected dtype int64 for index; index.scalar_type() = Int [op_scatter.cpp:113] Check failed (check_scatter_src_args(in, dim, index, src, out)):  [method.cpp:1480] KernelCall failed at instruction 0:0 in operator aten::scatter.src_out: 0x12 [method.cpp:1490] arg 0 with type id 1 [method.cpp:1490] arg 1 with type id 4 [method.cpp:1490] arg 2 with type id 1 [method.cpp:1490] arg 3 with type id 1 [method.cpp:1490] arg 4 with type id 1 [method.cpp:1490] arg 5 with type id 1	n0*=scatter.src_out(L0,·,L1,L2,·)
SKIP	w1:306	client RuntimeError: method->execute() failed with error 0x12 | [op_copy.cpp:33] Check failed (non_blocking == false):  [method.cpp:1480] KernelCall failed at instruction 0:0 in operator aten::copy.out: 0x12 [method.cpp:1490] arg 0 with type id 1 [method.cpp:1490] arg 1 with type id 1 [method.cpp:1490] arg 2 with type id 5 [method.cpp:1490] arg 3 with type id 1 [method.cpp:1490] arg 4 with type id 1	n0*=copy(L0,L1,·)
MISMATCH	w1:320	out[0] non-finite mismatch (nan/inf positions differ)	n0*=gelu.out(L0,·,·)
SKIP	w1:32	client RuntimeError: method->execute() failed with error 0x12 | [normalization_ops_util.cpp:160] Check failed (in.size(0) == N):  [op_native_group_norm.cpp:139] Check failed (check_group_norm_args( input, weight, bias, N, C, HxW, group, out, mean_out, rstd_out)):  [method.cpp:1480] KernelCall failed at instruction 0:0 in operator aten::native_group_norm.out: 0x12 [method.cpp:1490] arg 0 with type id 1 [method.cpp:1490] arg 1 with type id 0 [method.cpp:1490] arg 2 with type id 0 [method.cpp:1490] arg 3 with type id 4 [method.cpp:1490] arg 4 with type id 4 [method.cpp:1490] arg 5 with type id 4 [method.cpp:1490] arg 6 with type id 4 [method.cpp:1490] arg 7 with type id 3 [method.cpp:1490] arg 8 with type id 1 [method.cpp:1490] arg 9 with type id 1 [method.cpp:1490] arg 10 with type id 1 [method.cpp:1490] arg 11 with type id 9	n0*=native_group_norm(L0,·,·,·,·,·,·,·)
MISMATCH	w1:333	out[0] max|delta|=3.000e+00 (rtol=0.01 atol=0.001)	n0*=remainder.Tensor_out(L0,L1,·)
SKIP	w1:7	client RuntimeError: method->execute() failed with error 0x12 | [op_arange.cpp:55] Check failed (utils::extract_scalar(start, &d_start)):  [method.cpp:1480] KernelCall failed at instruction 0:0 in operator aten::arange.start_out: 0x12 [method.cpp:1490] arg 0 with type id 5 [method.cpp:1490] arg 1 with type id 5 [method.cpp:1490] arg 2 with type id 5 [method.cpp:1490] arg 3 with type id 1 [method.cpp:1490] arg 4 with type id 1	n0*=arange.start_out(·,·,·,·)
MISMATCH	w1:92	out[0] non-finite mismatch (nan/inf positions differ)	n0*=gelu.out(L0,·,·)
SKIP	w10:117	client RuntimeError: method->execute() failed with error 0x12 | [op_copy.cpp:33] Check failed (non_blocking == false):  [method.cpp:1480] KernelCall failed at instruction 0:0 in operator aten::copy.out: 0x12 [method.cpp:1490] arg 0 with type id 1 [method.cpp:1490] arg 1 with type id 1 [method.cpp:1490] arg 2 with type id 5 [method.cpp:1490] arg 3 with type id 1 [method.cpp:1490] arg 4 with type id 1	n0*=copy(L0,L1,·)
MISMATCH	w10:12	out[0] max|delta|=8.000e+00 (rtol=0.0 atol=0.0)	n0*=remainder.Scalar(L0,·)
MISMATCH	w10:131	out[0] non-finite mismatch (nan/inf positions differ)	n0*=gelu.out(L0,·,·)
SKIP	w10:153	client RuntimeError: method->execute() failed with error 0x12 | [normalization_ops_util.cpp:160] Check failed (in.size(0) == N):  [op_native_group_norm.cpp:139] Check failed (check_group_norm_args( input, weight, bias, N, C, HxW, group, out, mean_out, rstd_out)):  [method.cpp:1480] KernelCall failed at instruction 0:0 in operator aten::native_group_norm.out: 0x12 [method.cpp:1490] arg 0 with type id 1 [method.cpp:1490] arg 1 with type id 0 [method.cpp:1490] arg 2 with type id 0 [method.cpp:1490] arg 3 with type id 4 [method.cpp:1490] arg 4 with type id 4 [method.cpp:1490] arg 5 with type id 4 [method.cpp:1490] arg 6 with type id 4 [method.cpp:1490] arg 7 with type id 3 [method.cpp:1490] arg 8 with type id 1 [method.cpp:1490] arg 9 with type id 1 [method.cpp:1490] arg 10 with type id 1 [method.cpp:1490] arg 11 with type id 9	n0*=native_group_norm(L0,·,·,·,·,·,·,·)
SKIP	w10:156	client RuntimeError: method->execute() failed with error 0x12 | [tensor_util.h:617] Check failed (static_cast<size_t>(t.dim()) == rank): Expected tensor.dim() to be 2, but got 1 [distance_util.cpp:16] Check failed (tensor_is_rank(in, 2)):  [op_pdist_forward.cpp:25] Check failed (check_pdist_args(in, p, out)):  [method.cpp:1480] KernelCall failed at instruction 0:0 in operator aten::_pdist_forward.out: 0x12 [method.cpp:1490] arg 0 with type id 1 [method.cpp:1490] arg 1 with type id 3 [method.cpp:1490] arg 2 with type id 1 [method.cpp:1490] arg 3 with type id 1	n0*=_pdist_forward(L0,·)
SKIP	w10:184	client RuntimeError: method->execute() failed with error 0x12 | [tensor_util_portable.cpp:130] Check failed (all_contiguous || all_channels_last): 2 input tensors have different dim orders [op_fft_r2c.cpp:29] Check failed (tensors_have_same_dim_order(in, out)):  [method.cpp:1480] KernelCall failed at instruction 0:0 in operator aten::_fft_r2c.out: 0x12 [method.cpp:1490] arg 0 with type id 1 [method.cpp:1490] arg 1 with type id 8 [method.cpp:1490] arg 2 with type id 4 [method.cpp:1490] arg 3 with type id 5 [method.cpp:1490] arg 4 with type id 1 [method.cpp:1490] arg 5 with type id 1	n0*=_fft_r2c(L0,·,·,·)
SKIP	w10:21	client RuntimeError: method->execute() failed with error 0x12 | [index_util.cpp:156] Check failed (index.scalar_type() == ScalarType::Long): Expected dtype int64 for index; index.scalar_type() = Int [op_scatter_add.cpp:61] Check failed (check_scatter_add_args(self, dim, index, src, out)):  [method.cpp:1480] KernelCall failed at instruction 0:0 in operator aten::scatter_add.out: 0x12 [method.cpp:1490] arg 0 with type id 1 [method.cpp:1490] arg 1 with type id 4 [method.cpp:1490] arg 2 with type id 1 [method.cpp:1490] arg 3 with type id 1 [method.cpp:1490] arg 4 with type id 1 [method.cpp:1490] arg 5 with type id 1	n0*=scatter_add.out(L0,·,L1,L2,·)
SKIP	w10:227	client RuntimeError: method->execute() failed with error 0x12 | [op_log_softmax.cpp:152] Check failed (false):  [method.cpp:1480] KernelCall failed at instruction 0:0 in operator aten::_log_softmax.out: 0x12 [method.cpp:1490] arg 0 with type id 1 [method.cpp:1490] arg 1 with type id 4 [method.cpp:1490] arg 2 with type id 5 [method.cpp:1490] arg 3 with type id 1 [method.cpp:1490] arg 4 with type id 1	n0*=_log_softmax.out(L0,·,·,·)
SKIP	w10:274	client RuntimeError: method->execute() failed with error 0x12 | [op_arange.cpp:55] Check failed (utils::extract_scalar(start, &d_start)):  [method.cpp:1480] KernelCall failed at instruction 0:0 in operator aten::arange.start_out: 0x12 [method.cpp:1490] arg 0 with type id 5 [method.cpp:1490] arg 1 with type id 5 [method.cpp:1490] arg 2 with type id 5 [method.cpp:1490] arg 3 with type id 1 [method.cpp:1490] arg 4 with type id 1	n0*=arange.start_out(·,·,·,·)
SKIP	w10:299	client RuntimeError: method->execute() failed with error 0x12 | [normalization_ops_util.cpp:160] Check failed (in.size(0) == N):  [op_native_group_norm.cpp:139] Check failed (check_group_norm_args( input, weight, bias, N, C, HxW, group, out, mean_out, rstd_out)):  [method.cpp:1480] KernelCall failed at instruction 0:0 in operator aten::native_group_norm.out: 0x12 [method.cpp:1490] arg 0 with type id 1 [method.cpp:1490] arg 1 with type id 0 [method.cpp:1490] arg 2 with type id 0 [method.cpp:1490] arg 3 with type id 4 [method.cpp:1490] arg 4 with type id 4 [method.cpp:1490] arg 5 with type id 4 [method.cpp:1490] arg 6 with type id 4 [method.cpp:1490] arg 7 with type id 3 [method.cpp:1490] arg 8 with type id 1 [method.cpp:1490] arg 9 with type id 1 [method.cpp:1490] arg 10 with type id 1 [method.cpp:1490] arg 11 with type id 9	n0*=native_group_norm(L0,·,·,·,·,·,·,·)
MISMATCH	w10:326	out[0] max|delta|=6.918e+18 (rtol=0.01 atol=0.001)	n0*=bitwise_left_shift.Tensor_out(L0,L1,·)
MISMATCH	w10:359	out[0] non-finite mismatch (nan/inf positions differ)	n0*=gelu.out(L0,·,·)
MISMATCH	w10:381	out[0] non-finite mismatch (nan/inf positions differ)	n0*=native_group_norm(L0,·,·,·,·,·,·,·)
SKIP	w10:46	client RuntimeError: method->execute() failed with error 0x12 | [op_arange.cpp:55] Check failed (utils::extract_scalar(start, &d_start)):  [method.cpp:1480] KernelCall failed at instruction 0:0 in operator aten::arange.start_out: 0x12 [method.cpp:1490] arg 0 with type id 5 [method.cpp:1490] arg 1 with type id 5 [method.cpp:1490] arg 2 with type id 5 [method.cpp:1490] arg 3 with type id 1 [method.cpp:1490] arg 4 with type id 1	n0*=arange.start_out(·,·,·,·)
SKIP	w10:66	client RuntimeError: method->execute() failed with error 0x12 | [kernel_ops_util.cpp:389] Check failed (in.dim() == 3 || in.dim() == 4): Expect input tensor to be 3-D or 4-D, but got, 5. [op_convolution.cpp:363] Check failed (check_convolution_args( in, weight, bias, stride, padding, dilation, transposed, output_padding, groups, out)):  [method.cpp:1480] KernelCall failed at instruction 0:0 in operator aten::convolution.out: 0x12 [method.cpp:1490] arg 0 with type id 1 [method.cpp:1490] arg 1 with type id 1 [method.cpp:1490] arg 2 with type id 0 [method.cpp:1490] arg 3 with type id 8 [method.cpp:1490] arg 4 with type id 8 [method.cpp:1490] arg 5 with type id 8 [method.cpp:1490] arg 6 with type id 5 [method.cpp:1490] arg 7 with type id 8 [method.cpp:1490] arg 8 with type id 4 [method.cpp:1490] arg 9 with type id 1 [method.cpp:1490] arg 10 with type id 1	n0*=convolution(L0,L1,·,·,·,·,·,·,·)
SKIP	w10:71	client RuntimeError: method->execute() failed with error 0x12 | [normalization_ops_util.cpp:160] Check failed (in.size(0) == N):  [op_native_group_norm.cpp:139] Check failed (check_group_norm_args( input, weight, bias, N, C, HxW, group, out, mean_out, rstd_out)):  [method.cpp:1480] KernelCall failed at instruction 0:0 in operator aten::native_group_norm.out: 0x12 [method.cpp:1490] arg 0 with type id 1 [method.cpp:1490] arg 1 with type id 0 [method.cpp:1490] arg 2 with type id 0 [method.cpp:1490] arg 3 with type id 4 [method.cpp:1490] arg 4 with type id 4 [method.cpp:1490] arg 5 with type id 4 [method.cpp:1490] arg 6 with type id 4 [method.cpp:1490] arg 7 with type id 3 [method.cpp:1490] arg 8 with type id 1 [method.cpp:1490] arg 9 with type id 1 [method.cpp:1490] arg 10 with type id 1 [method.cpp:1490] arg 11 with type id 9	n0*=native_group_norm(L0,·,·,·,·,·,·,·)
MISMATCH	w10:98	out[0] max|delta|=6.918e+18 (rtol=0.01 atol=0.001)	n0*=bitwise_left_shift.Tensor_out(L0,L1,·)
SKIP	w100:116	client RuntimeError: method->execute() failed with error 0x12 | [op_fft_r2c.cpp:32] Check failed (onesided): onesided=False is not supported yet in _fft_r2c [method.cpp:1480] KernelCall failed at instruction 0:0 in operator aten::_fft_r2c.out: 0x12 [method.cpp:1490] arg 0 with type id 1 [method.cpp:1490] arg 1 with type id 8 [method.cpp:1490] arg 2 with type id 4 [method.cpp:1490] arg 3 with type id 5 [method.cpp:1490] arg 4 with type id 1 [method.cpp:1490] arg 5 with type id 1	n0*=_fft_r2c(L0,·,·,·)
SKIP	w100:187	client RuntimeError: method->execute() failed with error 0x12 | [copy_ops_util.cpp:165] Check failed (implicit == false): This operator is not implemented for when implicit == true. [op_expand_copy.cpp:63] Check failed (check_expand_copy_args(self, expand_sizes, implicit, out)):  [method.cpp:1480] KernelCall failed at instruction 0:0 in operator aten::expand_copy.out: 0x12 [method.cpp:1490] arg 0 with type id 1 [method.cpp:1490] arg 1 with type id 8 [method.cpp:1490] arg 2 with type id 5 [method.cpp:1490] arg 3 with type id 1 [method.cpp:1490] arg 4 with type id 1	n0*=expand_copy(L0,·,·)
SKIP	w100:206	client RuntimeError: method->execute() failed with error 0x12 | [op_arange.cpp:55] Check failed (utils::extract_scalar(start, &d_start)):  [method.cpp:1480] KernelCall failed at instruction 0:0 in operator aten::arange.start_out: 0x12 [method.cpp:1490] arg 0 with type id 5 [method.cpp:1490] arg 1 with type id 5 [method.cpp:1490] arg 2 with type id 5 [method.cpp:1490] arg 3 with type id 1 [method.cpp:1490] arg 4 with type id 1	n0*=arange.start_out(·,·,·,·)
MISMATCH	w100:258	out[0] max|delta|=9.223e+18 (rtol=0.01 atol=0.001)	n0*=bitwise_left_shift.Tensor_out(L0,L1,·)
MISMATCH	w100:27	out[0] max|delta|=5.765e+17 (rtol=0.01 atol=0.001)	n0*=bitwise_left_shift.Tensor_Scalar_out(L0,·,·)
SKIP	w100:270	client RuntimeError: method->execute() failed with error 0x12 | [index_util.cpp:156] Check failed (index.scalar_type() == ScalarType::Long): Expected dtype int64 for index; index.scalar_type() = Int [op_scatter.cpp:113] Check failed (check_scatter_src_args(in, dim, index, src, out)):  [method.cpp:1480] KernelCall failed at instruction 0:0 in operator aten::scatter.src_out: 0x12 [method.cpp:1490] arg 0 with type id 1 [method.cpp:1490] arg 1 with type id 4 [method.cpp:1490] arg 2 with type id 1 [method.cpp:1490] arg 3 with type id 1 [method.cpp:1490] arg 4 with type id 1 [method.cpp:1490] arg 5 with type id 1	n0*=scatter.src_out(L0,·,L1,L2,·)
SKIP	w100:3	client RuntimeError: method->execute() failed with error 0x12 | [normalization_ops_util.cpp:160] Check failed (in.size(0) == N):  [op_native_group_norm.cpp:139] Check failed (check_group_norm_args( input, weight, bias, N, C, HxW, group, out, mean_out, rstd_out)):  [method.cpp:1480] KernelCall failed at instruction 0:0 in operator aten::native_group_norm.out: 0x12 [method.cpp:1490] arg 0 with type id 1 [method.cpp:1490] arg 1 with type id 0 [method.cpp:1490] arg 2 with type id 0 [method.cpp:1490] arg 3 with type id 4 [method.cpp:1490] arg 4 with type id 4 [method.cpp:1490] arg 5 with type id 4 [method.cpp:1490] arg 6 with type id 4 [method.cpp:1490] arg 7 with type id 3 [method.cpp:1490] arg 8 with type id 1 [method.cpp:1490] arg 9 with type id 1 [method.cpp:1490] arg 10 with type id 1 [method.cpp:1490] arg 11 with type id 9	n0*=native_group_norm(L0,·,·,·,·,·,·,·)
MISMATCH	w100:30	out[0] non-finite mismatch (nan/inf positions differ)	n0*=bitwise_left_shift.Tensor_out(L0,L1,·)
SKIP	w100:313	client RuntimeError: method->execute() failed with error 0x12 | [normalization_ops_util.cpp:160] Check failed (in.size(0) == N):  [op_native_group_norm.cpp:139] Check failed (check_group_norm_args( input, weight, bias, N, C, HxW, group, out, mean_out, rstd_out)):  [method.cpp:1480] KernelCall failed at instruction 0:0 in operator aten::native_group_norm.out: 0x12 [method.cpp:1490] arg 0 with type id 1 [method.cpp:1490] arg 1 with type id 0 [method.cpp:1490] arg 2 with type id 0 [method.cpp:1490] arg 3 with type id 4 [method.cpp:1490] arg 4 with type id 4 [method.cpp:1490] arg 5 with type id 4 [method.cpp:1490] arg 6 with type id 4 [method.cpp:1490] arg 7 with type id 3 [method.cpp:1490] arg 8 with type id 1 [method.cpp:1490] arg 9 with type id 1 [method.cpp:1490] arg 10 with type id 1 [method.cpp:1490] arg 11 with type id 9	n0*=native_group_norm(L0,·,·,·,·,·,·,·)
SKIP	w100:316	client RuntimeError: method->execute() failed with error 0x12 | [tensor_util.h:617] Check failed (static_cast<size_t>(t.dim()) == rank): Expected tensor.dim() to be 2, but got 3 [distance_util.cpp:16] Check failed (tensor_is_rank(in, 2)):  [op_pdist_forward.cpp:25] Check failed (check_pdist_args(in, p, out)):  [method.cpp:1480] KernelCall failed at instruction 0:0 in operator aten::_pdist_forward.out: 0x12 [method.cpp:1490] arg 0 with type id 1 [method.cpp:1490] arg 1 with type id 3 [method.cpp:1490] arg 2 with type id 1 [method.cpp:1490] arg 3 with type id 1	n0*=_pdist_forward(L0,·)
MISMATCH	w100:63	out[0] non-finite mismatch (nan/inf positions differ)	n0*=gelu.out(L0,·,·)
MISMATCH	w100:76	out[0] max|delta|=3.000e+00 (rtol=0.01 atol=0.001)	n0*=remainder.Tensor_out(L0,L1,·)
SKIP	w100:85	client RuntimeError: method->execute() failed with error 0x12 | [normalization_ops_util.cpp:160] Check failed (in.size(0) == N):  [op_native_group_norm.cpp:139] Check failed (check_group_norm_args( input, weight, bias, N, C, HxW, group, out, mean_out, rstd_out)):  [method.cpp:1480] KernelCall failed at instruction 0:0 in operator aten::native_group_norm.out: 0x12 [method.cpp:1490] arg 0 with type id 1 [method.cpp:1490] arg 1 with type id 0 [method.cpp:1490] arg 2 with type id 0 [method.cpp:1490] arg 3 with type id 4 [method.cpp:1490] arg 4 with type id 4 [method.cpp:1490] arg 5 with type id 4 [method.cpp:1490] arg 6 with type id 4 [method.cpp:1490] arg 7 with type id 3 [method.cpp:1490] arg 8 with type id 1 [method.cpp:1490] arg 9 with type id 1 [method.cpp:1490] arg 10 with type id 1 [method.cpp:1490] arg 11 with type id 9	n0*=native_group_norm(L0,·,·,·,·,·,·,·)
SKIP	w101:100	client RuntimeError: method->execute() failed with error 0x12 | [op_arange.cpp:55] Check failed (utils::extract_scalar(start, &d_start)):  [method.cpp:1480] KernelCall failed at instruction 0:0 in operator aten::arange.start_out: 0x12 [method.cpp:1490] arg 0 with type id 5 [method.cpp:1490] arg 1 with type id 5 [method.cpp:1490] arg 2 with type id 5 [method.cpp:1490] arg 3 with type id 1 [method.cpp:1490] arg 4 with type id 1	n0*=arange.start_out(·,·,·,·)
SKIP	w101:106	client RuntimeError: method->execute() failed with error 0x12 | [index_util.cpp:24] Check failed (index.scalar_type() == ScalarType::Long): Expected dtype int64 for index; index.scalar_type() = Int [op_scatter.cpp:140] Check failed (check_scatter_value_args(in, dim, index, value, out)):  [method.cpp:1480] KernelCall failed at instruction 0:0 in operator aten::scatter.value_out: 0x12 [method.cpp:1490] arg 0 with type id 1 [method.cpp:1490] arg 1 with type id 4 [method.cpp:1490] arg 2 with type id 1 [method.cpp:1490] arg 3 with type id 4 [method.cpp:1490] arg 4 with type id 1 [method.cpp:1490] arg 5 with type id 1	n0*=scatter.value_out(L0,·,L1,·,·)
SKIP	w101:125	client RuntimeError: method->execute() failed with error 0x12 | [normalization_ops_util.cpp:160] Check failed (in.size(0) == N):  [op_native_group_norm.cpp:139] Check failed (check_group_norm_args( input, weight, bias, N, C, HxW, group, out, mean_out, rstd_out)):  [method.cpp:1480] KernelCall failed at instruction 0:0 in operator aten::native_group_norm.out: 0x12 [method.cpp:1490] arg 0 with type id 1 [method.cpp:1490] arg 1 with type id 0 [method.cpp:1490] arg 2 with type id 0 [method.cpp:1490] arg 3 with type id 4 [method.cpp:1490] arg 4 with type id 4 [method.cpp:1490] arg 5 with type id 4 [method.cpp:1490] arg 6 with type id 4 [method.cpp:1490] arg 7 with type id 3 [method.cpp:1490] arg 8 with type id 1 [method.cpp:1490] arg 9 with type id 1 [method.cpp:1490] arg 10 with type id 1 [method.cpp:1490] arg 11 with type id 9	n0*=native_group_norm(L0,·,·,·,·,·,·,·)
MISMATCH	w101:152	out[0] non-finite mismatch (nan/inf positions differ)	n0*=bitwise_left_shift.Tensor_out(L0,L1,·)
SKIP	w101:171	client RuntimeError: method->execute() failed with error 0x12 | [op_copy.cpp:33] Check failed (non_blocking == false):  [method.cpp:1480] KernelCall failed at instruction 0:0 in operator aten::copy.out: 0x12 [method.cpp:1490] arg 0 with type id 1 [method.cpp:1490] arg 1 with type id 1 [method.cpp:1490] arg 2 with type id 5 [method.cpp:1490] arg 3 with type id 1 [method.cpp:1490] arg 4 with type id 1	n0*=copy(L0,L1,·)
MISMATCH	w101:185	out[0] non-finite mismatch (nan/inf positions differ)	n0*=gelu.out(L0,·,·)
SKIP	w101:207	client RuntimeError: method->execute() failed with error 0x12 | [normalization_ops_util.cpp:160] Check failed (in.size(0) == N):  [op_native_group_norm.cpp:139] Check failed (check_group_norm_args( input, weight, bias, N, C, HxW, group, out, mean_out, rstd_out)):  [method.cpp:1480] KernelCall failed at instruction 0:0 in operator aten::native_group_norm.out: 0x12 [method.cpp:1490] arg 0 with type id 1 [method.cpp:1490] arg 1 with type id 0 [method.cpp:1490] arg 2 with type id 0 [method.cpp:1490] arg 3 with type id 4 [method.cpp:1490] arg 4 with type id 4 [method.cpp:1490] arg 5 with type id 4 [method.cpp:1490] arg 6 with type id 4 [method.cpp:1490] arg 7 with type id 3 [method.cpp:1490] arg 8 with type id 1 [method.cpp:1490] arg 9 with type id 1 [method.cpp:1490] arg 10 with type id 1 [method.cpp:1490] arg 11 with type id 9	n0*=native_group_norm(L0,·,·,·,·,·,·,·)
SKIP	w101:210	client RuntimeError: method->execute() failed with error 0x12 | [op_pdist_forward.cpp:45] Unhandled dtype Int for _pdist_forward.out [method.cpp:1480] KernelCall failed at instruction 0:0 in operator aten::_pdist_forward.out: 0x12 [method.cpp:1490] arg 0 with type id 1 [method.cpp:1490] arg 1 with type id 3 [method.cpp:1490] arg 2 with type id 1 [method.cpp:1490] arg 3 with type id 1	n0*=_pdist_forward(L0,·)
SKIP	w101:28	client RuntimeError: method->execute() failed with error 0x12 | [op_add.cpp:118] Check failed ((common_type == a_type && check_alpha_type(utils::get_scalar_dtype(alpha), common_type))):  [method.cpp:1480] KernelCall failed at instruction 0:0 in operator aten::add.Scalar_out: 0x12 [method.cpp:1490] arg 0 with type id 1 [method.cpp:1490] arg 1 with type id 4 [method.cpp:1490] arg 2 with type id 4 [method.cpp:1490] arg 3 with type id 1 [method.cpp:1490] arg 4 with type id 1	n0*=add.Scalar(L0,·,·)
SKIP	w101:53	client RuntimeError: method->execute() failed with error 0x12 | [op_log_softmax.cpp:152] Check failed (false):  [method.cpp:1480] KernelCall failed at instruction 0:0 in operator aten::_log_softmax.out: 0x12 [method.cpp:1490] arg 0 with type id 1 [method.cpp:1490] arg 1 with type id 4 [method.cpp:1490] arg 2 with type id 5 [method.cpp:1490] arg 3 with type id 1 [method.cpp:1490] arg 4 with type id 1	n0*=_log_softmax.out(L0,·,·,·)
MISMATCH	w101:66	out[0] max|delta|=5.000e+00 (rtol=0.0 atol=0.0)	n0*=remainder.Scalar(L0,·)
MISMATCH	w101:73	out[0] max|delta|=2.882e+17 (rtol=0.0 atol=0.0)	n0*=bitwise_left_shift.Tensor_Scalar(L0,·)
SKIP	w101:81	client RuntimeError: method->execute() failed with error 0x12 | [copy_ops_util.cpp:165] Check failed (implicit == false): This operator is not implemented for when implicit == true. [op_expand_copy.cpp:63] Check failed (check_expand_copy_args(self, expand_sizes, implicit, out)):  [method.cpp:1480] KernelCall failed at instruction 0:0 in operator aten::expand_copy.out: 0x12 [method.cpp:1490] arg 0 with type id 1 [method.cpp:1490] arg 1 with type id 8 [method.cpp:1490] arg 2 with type id 5 [method.cpp:1490] arg 3 with type id 1 [method.cpp:1490] arg 4 with type id 1	n0*=expand_copy(L0,·,·)
SKIP	w102:100	client RuntimeError: method->execute() failed with error 0x12 | [tensor_util.h:617] Check failed (static_cast<size_t>(t.dim()) == rank): Expected tensor.dim() to be 2, but got 1 [distance_util.cpp:16] Check failed (tensor_is_rank(in, 2)):  [op_pdist_forward.cpp:25] Check failed (check_pdist_args(in, p, out)):  [method.cpp:1480] KernelCall failed at instruction 0:0 in operator aten::_pdist_forward.out: 0x12 [method.cpp:1490] arg 0 with type id 1 [method.cpp:1490] arg 1 with type id 3 [method.cpp:1490] arg 2 with type id 1 [method.cpp:1490] arg 3 with type id 1	n0*=_pdist_forward(L0,·)
SKIP	w102:128	client RuntimeError: method->execute() failed with error 0x12 | [op_fft_r2c.cpp:32] Check failed (onesided): onesided=False is not supported yet in _fft_r2c [method.cpp:1480] KernelCall failed at instruction 0:0 in operator aten::_fft_r2c.out: 0x12 [method.cpp:1490] arg 0 with type id 1 [method.cpp:1490] arg 1 with type id 8 [method.cpp:1490] arg 2 with type id 4 [method.cpp:1490] arg 3 with type id 5 [method.cpp:1490] arg 4 with type id 1 [method.cpp:1490] arg 5 with type id 1	n0*=_fft_r2c(L0,·,·,·)
SKIP	w102:15	client RuntimeError: method->execute() failed with error 0x12 | [normalization_ops_util.cpp:160] Check failed (in.size(0) == N):  [op_native_group_norm.cpp:139] Check failed (check_group_norm_args( input, weight, bias, N, C, HxW, group, out, mean_out, rstd_out)):  [method.cpp:1480] KernelCall failed at instruction 0:0 in operator aten::native_group_norm.out: 0x12 [method.cpp:1490] arg 0 with type id 1 [method.cpp:1490] arg 1 with type id 0 [method.cpp:1490] arg 2 with type id 0 [method.cpp:1490] arg 3 with type id 4 [method.cpp:1490] arg 4 with type id 4 [method.cpp:1490] arg 5 with type id 4 [method.cpp:1490] arg 6 with type id 4 [method.cpp:1490] arg 7 with type id 3 [method.cpp:1490] arg 8 with type id 1 [method.cpp:1490] arg 9 with type id 1 [method.cpp:1490] arg 10 with type id 1 [method.cpp:1490] arg 11 with type id 9	n0*=native_group_norm(L0,·,·,·,·,·,·,·)
SKIP	w102:171	client RuntimeError: method->execute() failed with error 0x12 | [op_log_softmax.cpp:152] Check failed (false):  [method.cpp:1480] KernelCall failed at instruction 0:0 in operator aten::_log_softmax.out: 0x12 [method.cpp:1490] arg 0 with type id 1 [method.cpp:1490] arg 1 with type id 4 [method.cpp:1490] arg 2 with type id 5 [method.cpp:1490] arg 3 with type id 1 [method.cpp:1490] arg 4 with type id 1	n0*=_log_softmax.out(L0,·,·,·)
MISMATCH	w102:184	out[0] max|delta|=3.000e+00 (rtol=0.0 atol=0.0)	n0*=remainder.Scalar(L0,·)
MISMATCH	w102:191	out[0] max|delta|=1.441e+17 (rtol=0.0 atol=0.0)	n0*=bitwise_left_shift.Tensor_Scalar(L0,·)
SKIP	w102:199	client RuntimeError: method->execute() failed with error 0x12 | [copy_ops_util.cpp:165] Check failed (implicit == false): This operator is not implemented for when implicit == true. [op_expand_copy.cpp:63] Check failed (check_expand_copy_args(self, expand_sizes, implicit, out)):  [method.cpp:1480] KernelCall failed at instruction 0:0 in operator aten::expand_copy.out: 0x12 [method.cpp:1490] arg 0 with type id 1 [method.cpp:1490] arg 1 with type id 8 [method.cpp:1490] arg 2 with type id 5 [method.cpp:1490] arg 3 with type id 1 [method.cpp:1490] arg 4 with type id 1	n0*=expand_copy(L0,·,·)
SKIP	w102:218	client RuntimeError: method->execute() failed with error 0x12 | [op_arange.cpp:55] Check failed (utils::extract_scalar(start, &d_start)):  [method.cpp:1480] KernelCall failed at instruction 0:0 in operator aten::arange.start_out: 0x12 [method.cpp:1490] arg 0 with type id 5 [method.cpp:1490] arg 1 with type id 5 [method.cpp:1490] arg 2 with type id 5 [method.cpp:1490] arg 3 with type id 1 [method.cpp:1490] arg 4 with type id 1	n0*=arange.start_out(·,·,·,·)
SKIP	w102:243	client RuntimeError: method->execute() failed with error 0x12 | [normalization_ops_util.cpp:160] Check failed (in.size(0) == N):  [op_native_group_norm.cpp:139] Check failed (check_group_norm_args( input, weight, bias, N, C, HxW, group, out, mean_out, rstd_out)):  [method.cpp:1480] KernelCall failed at instruction 0:0 in operator aten::native_group_norm.out: 0x12 [method.cpp:1490] arg 0 with type id 1 [method.cpp:1490] arg 1 with type id 0 [method.cpp:1490] arg 2 with type id 0 [method.cpp:1490] arg 3 with type id 4 [method.cpp:1490] arg 4 with type id 4 [method.cpp:1490] arg 5 with type id 4 [method.cpp:1490] arg 6 with type id 4 [method.cpp:1490] arg 7 with type id 3 [method.cpp:1490] arg 8 with type id 1 [method.cpp:1490] arg 9 with type id 1 [method.cpp:1490] arg 10 with type id 1 [method.cpp:1490] arg 11 with type id 9	n0*=native_group_norm(L0,·,·,·,·,·,·,·)
MISMATCH	w102:267	out[0] max|delta|=2.882e+17 (rtol=0.01 atol=0.001)	n0*=bitwise_left_shift.Tensor_Scalar_out(L0,·,·)
MISMATCH	w102:270	out[0] max|delta|=2.147e+09 (rtol=0.0 atol=0.0)	n0*=bitwise_left_shift.Tensor_out(L0,L1,·)
MISMATCH	w102:39	out[0] max|delta|=1.441e+17 (rtol=0.01 atol=0.001)	n0*=bitwise_left_shift.Tensor_Scalar_out(L0,·,·)
MISMATCH	w102:42	out[0] non-finite mismatch (nan/inf positions differ)	n0*=bitwise_left_shift.Tensor_out(L0,L1,·)
SKIP	w102:61	client RuntimeError: method->execute() failed with error 0x12 | [op_copy.cpp:33] Check failed (non_blocking == false):  [method.cpp:1480] KernelCall failed at instruction 0:0 in operator aten::copy.out: 0x12 [method.cpp:1490] arg 0 with type id 1 [method.cpp:1490] arg 1 with type id 1 [method.cpp:1490] arg 2 with type id 5 [method.cpp:1490] arg 3 with type id 1 [method.cpp:1490] arg 4 with type id 1	n0*=copy(L0,L1,·)
MISMATCH	w102:7	out[0] non-finite mismatch (nan/inf positions differ)	n0*=grid_sampler_2d(L0,L1,·,·,·)
MISMATCH	w102:75	out[0] non-finite mismatch (nan/inf positions differ)	n0*=gelu.out(L0,·,·)
SKIP	w102:97	client RuntimeError: method->execute() failed with error 0x12 | [normalization_ops_util.cpp:160] Check failed (in.size(0) == N):  [op_native_group_norm.cpp:139] Check failed (check_group_norm_args( input, weight, bias, N, C, HxW, group, out, mean_out, rstd_out)):  [method.cpp:1480] KernelCall failed at instruction 0:0 in operator aten::native_group_norm.out: 0x12 [method.cpp:1490] arg 0 with type id 1 [method.cpp:1490] arg 1 with type id 0 [method.cpp:1490] arg 2 with type id 0 [method.cpp:1490] arg 3 with type id 4 [method.cpp:1490] arg 4 with type id 4 [method.cpp:1490] arg 5 with type id 4 [method.cpp:1490] arg 6 with type id 4 [method.cpp:1490] arg 7 with type id 3 [method.cpp:1490] arg 8 with type id 1 [method.cpp:1490] arg 9 with type id 1 [method.cpp:1490] arg 10 with type id 1 [method.cpp:1490] arg 11 with type id 9	n0*=native_group_norm(L0,·,·,·,·,·,·,·)
SKIP	w103:100	client RuntimeError: method->execute() failed with error 0x12 | [index_util.cpp:156] Check failed (index.scalar_type() == ScalarType::Long): Expected dtype int64 for index; index.scalar_type() = Int [op_scatter.cpp:113] Check failed (check_scatter_src_args(in, dim, index, src, out)):  [method.cpp:1480] KernelCall failed at instruction 0:0 in operator aten::scatter.src_out: 0x12 [method.cpp:1490] arg 0 with type id 1 [method.cpp:1490] arg 1 with type id 4 [method.cpp:1490] arg 2 with type id 1 [method.cpp:1490] arg 3 with type id 1 [method.cpp:1490] arg 4 with type id 1 [method.cpp:1490] arg 5 with type id 1	n0*=scatter.src_out(L0,·,L1,L2,·)
MISMATCH	w103:121	out[0] non-finite mismatch (nan/inf positions differ)	n0*=gelu.out(L0,·,·)
MISMATCH	w103:134	out[0] max|delta|=4.000e+00 (rtol=0.0 atol=0.0)	n0*=remainder.Tensor_out(L0,L1,·)
SKIP	w103:143	client RuntimeError: method->execute() failed with error 0x12 | [normalization_ops_util.cpp:160] Check failed (in.size(0) == N):  [op_native_group_norm.cpp:139] Check failed (check_group_norm_args( input, weight, bias, N, C, HxW, group, out, mean_out, rstd_out)):  [method.cpp:1480] KernelCall failed at instruction 0:0 in operator aten::native_group_norm.out: 0x12 [method.cpp:1490] arg 0 with type id 1 [method.cpp:1490] arg 1 with type id 0 [method.cpp:1490] arg 2 with type id 0 [method.cpp:1490] arg 3 with type id 4 [method.cpp:1490] arg 4 with type id 4 [method.cpp:1490] arg 5 with type id 4 [method.cpp:1490] arg 6 with type id 4 [method.cpp:1490] arg 7 with type id 3 [method.cpp:1490] arg 8 with type id 1 [method.cpp:1490] arg 9 with type id 1 [method.cpp:1490] arg 10 with type id 1 [method.cpp:1490] arg 11 with type id 9	n0*=native_group_norm(L0,·,·,·,·,·,·,·)
SKIP	w103:146	client RuntimeError: method->execute() failed with error 0x12 | [tensor_util.h:617] Check failed (static_cast<size_t>(t.dim()) == rank): Expected tensor.dim() to be 2, but got 1 [distance_util.cpp:16] Check failed (tensor_is_rank(in, 2)):  [op_pdist_forward.cpp:25] Check failed (check_pdist_args(in, p, out)):  [method.cpp:1480] KernelCall failed at instruction 0:0 in operator aten::_pdist_forward.out: 0x12 [method.cpp:1490] arg 0 with type id 1 [method.cpp:1490] arg 1 with type id 3 [method.cpp:1490] arg 2 with type id 1 [method.cpp:1490] arg 3 with type id 1	n0*=_pdist_forward(L0,·)
SKIP	w103:17	client RuntimeError: method->execute() failed with error 0x12 | [copy_ops_util.cpp:165] Check failed (implicit == false): This operator is not implemented for when implicit == true. [op_expand_copy.cpp:63] Check failed (check_expand_copy_args(self, expand_sizes, implicit, out)):  [method.cpp:1480] KernelCall failed at instruction 0:0 in operator aten::expand_copy.out: 0x12 [method.cpp:1490] arg 0 with type id 1 [method.cpp:1490] arg 1 with type id 8 [method.cpp:1490] arg 2 with type id 5 [method.cpp:1490] arg 3 with type id 1 [method.cpp:1490] arg 4 with type id 1	n0*=expand_copy(L0,·,·)
MISMATCH	w103:217	out[0] non-finite mismatch (nan/inf positions differ)	n0*=_log_softmax.out(L0,·,·,·)
MISMATCH	w103:230	out[0] max|delta|=2.000e+00 (rtol=0.0 atol=0.0)	n0*=remainder.Scalar(L0,·)
SKIP	w103:264	client RuntimeError: method->execute() failed with error 0x12 | [op_arange.cpp:55] Check failed (utils::extract_scalar(start, &d_start)):  [method.cpp:1480] KernelCall failed at instruction 0:0 in operator aten::arange.start_out: 0x12 [method.cpp:1490] arg 0 with type id 5 [method.cpp:1490] arg 1 with type id 5 [method.cpp:1490] arg 2 with type id 3 [method.cpp:1490] arg 3 with type id 1 [method.cpp:1490] arg 4 with type id 1	n0*=arange.start_out(·,·,·,·)
SKIP	w103:289	client RuntimeError: method->execute() failed with error 0x12 | [normalization_ops_util.cpp:161] Check failed (in.size(1) == C):  [op_native_group_norm.cpp:139] Check failed (check_group_norm_args( input, weight, bias, N, C, HxW, group, out, mean_out, rstd_out)):  [method.cpp:1480] KernelCall failed at instruction 0:0 in operator aten::native_group_norm.out: 0x12 [method.cpp:1490] arg 0 with type id 1 [method.cpp:1490] arg 1 with type id 0 [method.cpp:1490] arg 2 with type id 0 [method.cpp:1490] arg 3 with type id 4 [method.cpp:1490] arg 4 with type id 4 [method.cpp:1490] arg 5 with type id 4 [method.cpp:1490] arg 6 with type id 4 [method.cpp:1490] arg 7 with type id 3 [method.cpp:1490] arg 8 with type id 1 [method.cpp:1490] arg 9 with type id 1 [method.cpp:1490] arg 10 with type id 1 [method.cpp:1490] arg 11 with type id 9	n0*=native_group_norm(L0,·,·,·,·,·,·,·)
MISMATCH	w103:316	out[0] max|delta|=9.223e+18 (rtol=0.0 atol=0.0)	n0*=bitwise_left_shift.Tensor_out(L0,L1,·)
SKIP	w103:36	client RuntimeError: method->execute() failed with error 0x12 | [op_arange.cpp:55] Check failed (utils::extract_scalar(start, &d_start)):  [method.cpp:1480] KernelCall failed at instruction 0:0 in operator aten::arange.start_out: 0x12 [method.cpp:1490] arg 0 with type id 5 [method.cpp:1490] arg 1 with type id 5 [method.cpp:1490] arg 2 with type id 4 [method.cpp:1490] arg 3 with type id 1 [method.cpp:1490] arg 4 with type id 1	n0*=arange.start_out(·,·,·,·)
SKIP	w103:61	client RuntimeError: method->execute() failed with error 0x12 | [normalization_ops_util.cpp:160] Check failed (in.size(0) == N):  [op_native_group_norm.cpp:139] Check failed (check_group_norm_args( input, weight, bias, N, C, HxW, group, out, mean_out, rstd_out)):  [method.cpp:1480] KernelCall failed at instruction 0:0 in operator aten::native_group_norm.out: 0x12 [method.cpp:1490] arg 0 with type id 1 [method.cpp:1490] arg 1 with type id 0 [method.cpp:1490] arg 2 with type id 0 [method.cpp:1490] arg 3 with type id 4 [method.cpp:1490] arg 4 with type id 4 [method.cpp:1490] arg 5 with type id 4 [method.cpp:1490] arg 6 with type id 4 [method.cpp:1490] arg 7 with type id 3 [method.cpp:1490] arg 8 with type id 1 [method.cpp:1490] arg 9 with type id 1 [method.cpp:1490] arg 10 with type id 1 [method.cpp:1490] arg 11 with type id 9	n0*=native_group_norm(L0,·,·,·,·,·,·,·)
MISMATCH	w103:88	out[0] max|delta|=1.611e+09 (rtol=0.0 atol=0.0)	n0*=bitwise_left_shift.Tensor_out(L0,L1,·)
SKIP	w104:136	client RuntimeError: method->execute() failed with error 0x12 | [op_log_softmax.cpp:152] Check failed (false):  [method.cpp:1480] KernelCall failed at instruction 0:0 in operator aten::_log_softmax.out: 0x12 [method.cpp:1490] arg 0 with type id 1 [method.cpp:1490] arg 1 with type id 4 [method.cpp:1490] arg 2 with type id 5 [method.cpp:1490] arg 3 with type id 1 [method.cpp:1490] arg 4 with type id 1	n0*=_log_softmax.out(L0,·,·,·)
MISMATCH	w104:149	out[0] max|delta|=6.000e+00 (rtol=0.0 atol=0.0)	n0*=remainder.Scalar(L0,·)
SKIP	w104:158	client RuntimeError: method->execute() failed with error 0x12 | [index_util.cpp:156] Check failed (index.scalar_type() == ScalarType::Long): Expected dtype int64 for index; index.scalar_type() = Int [op_scatter_add.cpp:61] Check failed (check_scatter_add_args(self, dim, index, src, out)):  [method.cpp:1480] KernelCall failed at instruction 0:0 in operator aten::scatter_add.out: 0x12 [method.cpp:1490] arg 0 with type id 1 [method.cpp:1490] arg 1 with type id 4 [method.cpp:1490] arg 2 with type id 1 [method.cpp:1490] arg 3 with type id 1 [method.cpp:1490] arg 4 with type id 1 [method.cpp:1490] arg 5 with type id 1	n0*=scatter_add.out(L0,·,L1,L2,·)
SKIP	w104:183	client RuntimeError: method->execute() failed with error 0x12 | [op_arange.cpp:55] Check failed (utils::extract_scalar(start, &d_start)):  [method.cpp:1480] KernelCall failed at instruction 0:0 in operator aten::arange.start_out: 0x12 [method.cpp:1490] arg 0 with type id 5 [method.cpp:1490] arg 1 with type id 5 [method.cpp:1490] arg 2 with type id 5 [method.cpp:1490] arg 3 with type id 1 [method.cpp:1490] arg 4 with type id 1	n0*=arange.start_out(·,·,·,·)
SKIP	w104:208	client RuntimeError: method->execute() failed with error 0x12 | [normalization_ops_util.cpp:160] Check failed (in.size(0) == N):  [op_native_group_norm.cpp:139] Check failed (check_group_norm_args( input, weight, bias, N, C, HxW, group, out, mean_out, rstd_out)):  [method.cpp:1480] KernelCall failed at instruction 0:0 in operator aten::native_group_norm.out: 0x12 [method.cpp:1490] arg 0 with type id 1 [method.cpp:1490] arg 1 with type id 0 [method.cpp:1490] arg 2 with type id 0 [method.cpp:1490] arg 3 with type id 4 [method.cpp:1490] arg 4 with type id 4 [method.cpp:1490] arg 5 with type id 4 [method.cpp:1490] arg 6 with type id 4 [method.cpp:1490] arg 7 with type id 3 [method.cpp:1490] arg 8 with type id 1 [method.cpp:1490] arg 9 with type id 1 [method.cpp:1490] arg 10 with type id 1 [method.cpp:1490] arg 11 with type id 9	n0*=native_group_norm(L0,·,·,·,·,·,·,·)
MISMATCH	w104:232	out[0] max|delta|=1.441e+17 (rtol=0.01 atol=0.001)	n0*=bitwise_left_shift.Tensor_Scalar_out(L0,·,·)
MISMATCH	w104:235	out[0] max|delta|=9.223e+18 (rtol=0.01 atol=0.001)	n0*=bitwise_left_shift.Tensor_out(L0,L1,·)
SKIP	w104:247	client RuntimeError: method->execute() failed with error 0x12 | [index_util.cpp:156] Check failed (index.scalar_type() == ScalarType::Long): Expected dtype int64 for index; index.scalar_type() = Int [op_scatter.cpp:113] Check failed (check_scatter_src_args(in, dim, index, src, out)):  [method.cpp:1480] KernelCall failed at instruction 0:0 in operator aten::scatter.src_out: 0x12 [method.cpp:1490] arg 0 with type id 1 [method.cpp:1490] arg 1 with type id 4 [method.cpp:1490] arg 2 with type id 1 [method.cpp:1490] arg 3 with type id 1 [method.cpp:1490] arg 4 with type id 1 [method.cpp:1490] arg 5 with type id 1	n0*=scatter.src_out(L0,·,L1,L2,·)
MISMATCH	w104:281	out[0] max|delta|=3.000e+00 (rtol=0.01 atol=0.001)	n0*=remainder.Tensor_out(L0,L1,·)
SKIP	w104:290	client RuntimeError: method->execute() failed with error 0x12 | [normalization_ops_util.cpp:160] Check failed (in.size(0) == N):  [op_native_group_norm.cpp:139] Check failed (check_group_norm_args( input, weight, bias, N, C, HxW, group, out, mean_out, rstd_out)):  [method.cpp:1480] KernelCall failed at instruction 0:0 in operator aten::native_group_norm.out: 0x12 [method.cpp:1490] arg 0 with type id 1 [method.cpp:1490] arg 1 with type id 0 [method.cpp:1490] arg 2 with type id 0 [method.cpp:1490] arg 3 with type id 4 [method.cpp:1490] arg 4 with type id 4 [method.cpp:1490] arg 5 with type id 4 [method.cpp:1490] arg 6 with type id 4 [method.cpp:1490] arg 7 with type id 3 [method.cpp:1490] arg 8 with type id 1 [method.cpp:1490] arg 9 with type id 1 [method.cpp:1490] arg 10 with type id 1 [method.cpp:1490] arg 11 with type id 9	n0*=native_group_norm(L0,·,·,·,·,·,·,·)
SKIP	w104:293	client RuntimeError: method->execute() failed with error 0x12 | [tensor_util.h:617] Check failed (static_cast<size_t>(t.dim()) == rank): Expected tensor.dim() to be 2, but got 1 [distance_util.cpp:16] Check failed (tensor_is_rank(in, 2)):  [op_pdist_forward.cpp:25] Check failed (check_pdist_args(in, p, out)):  [method.cpp:1480] KernelCall failed at instruction 0:0 in operator aten::_pdist_forward.out: 0x12 [method.cpp:1490] arg 0 with type id 1 [method.cpp:1490] arg 1 with type id 3 [method.cpp:1490] arg 2 with type id 1 [method.cpp:1490] arg 3 with type id 1	n0*=_pdist_forward(L0,·)
SKIP	w104:321	client RuntimeError: method->execute() failed with error 0x12 | [tensor_util_portable.cpp:130] Check failed (all_contiguous || all_channels_last): 2 input tensors have different dim orders [op_fft_r2c.cpp:29] Check failed (tensors_have_same_dim_order(in, out)):  [method.cpp:1480] KernelCall failed at instruction 0:0 in operator aten::_fft_r2c.out: 0x12 [method.cpp:1490] arg 0 with type id 1 [method.cpp:1490] arg 1 with type id 8 [method.cpp:1490] arg 2 with type id 4 [method.cpp:1490] arg 3 with type id 5 [method.cpp:1490] arg 4 with type id 1 [method.cpp:1490] arg 5 with type id 1	n0*=_fft_r2c(L0,·,·,·)
SKIP	w104:364	client RuntimeError: method->execute() failed with error 0x12 | [op_log_softmax.cpp:152] Check failed (false):  [method.cpp:1480] KernelCall failed at instruction 0:0 in operator aten::_log_softmax.out: 0x12 [method.cpp:1490] arg 0 with type id 1 [method.cpp:1490] arg 1 with type id 4 [method.cpp:1490] arg 2 with type id 5 [method.cpp:1490] arg 3 with type id 1 [method.cpp:1490] arg 4 with type id 1	n0*=_log_softmax.out(L0,·,·,·)
MISMATCH	w104:40	out[0] non-finite mismatch (nan/inf positions differ)	n0*=gelu.out(L0,·,·)
SKIP	w104:411	client RuntimeError: method->execute() failed with error 0x12 | [op_arange.cpp:55] Check failed (utils::extract_scalar(start, &d_start)):  [method.cpp:1480] KernelCall failed at instruction 0:0 in operator aten::arange.start_out: 0x12 [method.cpp:1490] arg 0 with type id 5 [method.cpp:1490] arg 1 with type id 5 [method.cpp:1490] arg 2 with type id 4 [method.cpp:1490] arg 3 with type id 1 [method.cpp:1490] arg 4 with type id 1	n0*=arange.start_out(·,·,·,·)
SKIP	w104:431	client RuntimeError: method->execute() failed with error 0x12 | [kernel_ops_util.cpp:389] Check failed (in.dim() == 3 || in.dim() == 4): Expect input tensor to be 3-D or 4-D, but got, 5. [op_convolution.cpp:363] Check failed (check_convolution_args( in, weight, bias, stride, padding, dilation, transposed, output_padding, groups, out)):  [method.cpp:1480] KernelCall failed at instruction 0:0 in operator aten::convolution.out: 0x12 [method.cpp:1490] arg 0 with type id 1 [method.cpp:1490] arg 1 with type id 1 [method.cpp:1490] arg 2 with type id 0 [method.cpp:1490] arg 3 with type id 8 [method.cpp:1490] arg 4 with type id 8 [method.cpp:1490] arg 5 with type id 8 [method.cpp:1490] arg 6 with type id 5 [method.cpp:1490] arg 7 with type id 8 [method.cpp:1490] arg 8 with type id 4 [method.cpp:1490] arg 9 with type id 1 [method.cpp:1490] arg 10 with type id 1	n0*=convolution(L0,L1,·,·,·,·,·,·,·)
SKIP	w104:436	client RuntimeError: method->execute() failed with error 0x12 | [normalization_ops_util.cpp:160] Check failed (in.size(0) == N):  [op_native_group_norm.cpp:139] Check failed (check_group_norm_args( input, weight, bias, N, C, HxW, group, out, mean_out, rstd_out)):  [method.cpp:1480] KernelCall failed at instruction 0:0 in operator aten::native_group_norm.out: 0x12 [method.cpp:1490] arg 0 with type id 1 [method.cpp:1490] arg 1 with type id 0 [method.cpp:1490] arg 2 with type id 0 [method.cpp:1490] arg 3 with type id 4 [method.cpp:1490] arg 4 with type id 4 [method.cpp:1490] arg 5 with type id 4 [method.cpp:1490] arg 6 with type id 4 [method.cpp:1490] arg 7 with type id 3 [method.cpp:1490] arg 8 with type id 1 [method.cpp:1490] arg 9 with type id 1 [method.cpp:1490] arg 10 with type id 1 [method.cpp:1490] arg 11 with type id 9	n0*=native_group_norm(L0,·,·,·,·,·,·,·)
SKIP	w104:482	client RuntimeError: method->execute() failed with error 0x12 | [op_copy.cpp:33] Check failed (non_blocking == false):  [method.cpp:1480] KernelCall failed at instruction 0:0 in operator aten::copy.out: 0x12 [method.cpp:1490] arg 0 with type id 1 [method.cpp:1490] arg 1 with type id 1 [method.cpp:1490] arg 2 with type id 5 [method.cpp:1490] arg 3 with type id 1 [method.cpp:1490] arg 4 with type id 1	n0*=copy(L0,L1,·)
MISMATCH	w104:54	out[0] max|delta|=3.000e+00 (rtol=0.0 atol=0.0)	n0*=fmod.Scalar(L0,·)
SKIP	w104:62	client RuntimeError: method->execute() failed with error 0x12 | [normalization_ops_util.cpp:160] Check failed (in.size(0) == N):  [op_native_group_norm.cpp:139] Check failed (check_group_norm_args( input, weight, bias, N, C, HxW, group, out, mean_out, rstd_out)):  [method.cpp:1480] KernelCall failed at instruction 0:0 in operator aten::native_group_norm.out: 0x12 [method.cpp:1490] arg 0 with type id 1 [method.cpp:1490] arg 1 with type id 0 [method.cpp:1490] arg 2 with type id 0 [method.cpp:1490] arg 3 with type id 4 [method.cpp:1490] arg 4 with type id 4 [method.cpp:1490] arg 5 with type id 4 [method.cpp:1490] arg 6 with type id 4 [method.cpp:1490] arg 7 with type id 3 [method.cpp:1490] arg 8 with type id 1 [method.cpp:1490] arg 9 with type id 1 [method.cpp:1490] arg 10 with type id 1 [method.cpp:1490] arg 11 with type id 9	n0*=native_group_norm(L0,·,·,·,·,·,·,·)
SKIP	w104:65	client RuntimeError: method->execute() failed with error 0x12 | [tensor_util.h:617] Check failed (static_cast<size_t>(t.dim()) == rank): Expected tensor.dim() to be 2, but got 5 [distance_util.cpp:16] Check failed (tensor_is_rank(in, 2)):  [op_pdist_forward.cpp:25] Check failed (check_pdist_args(in, p, out)):  [method.cpp:1480] KernelCall failed at instruction 0:0 in operator aten::_pdist_forward.out: 0x12 [method.cpp:1490] arg 0 with type id 1 [method.cpp:1490] arg 1 with type id 3 [method.cpp:1490] arg 2 with type id 1 [method.cpp:1490] arg 3 with type id 1	n0*=_pdist_forward(L0,·)
MISMATCH	w104:7	out[0] max|delta|=9.223e+18 (rtol=0.01 atol=0.001)	n0*=bitwise_left_shift.Tensor_out(L0,L1,·)
SKIP	w105:122	client RuntimeError: method->execute() failed with error 0x12 | [normalization_ops_util.cpp:160] Check failed (in.size(0) == N):  [op_native_group_norm.cpp:139] Check failed (check_group_norm_args( input, weight, bias, N, C, HxW, group, out, mean_out, rstd_out)):  [method.cpp:1480] KernelCall failed at instruction 0:0 in operator aten::native_group_norm.out: 0x12 [method.cpp:1490] arg 0 with type id 1 [method.cpp:1490] arg 1 with type id 0 [method.cpp:1490] arg 2 with type id 0 [method.cpp:1490] arg 3 with type id 4 [method.cpp:1490] arg 4 with type id 4 [method.cpp:1490] arg 5 with type id 4 [method.cpp:1490] arg 6 with type id 4 [method.cpp:1490] arg 7 with type id 3 [method.cpp:1490] arg 8 with type id 1 [method.cpp:1490] arg 9 with type id 1 [method.cpp:1490] arg 10 with type id 1 [method.cpp:1490] arg 11 with type id 9	n0*=native_group_norm(L0,·,·,·,·,·,·,·)
MISMATCH	w105:146	out[0] max|delta|=4.612e+18 (rtol=0.01 atol=0.001)	n0*=bitwise_left_shift.Tensor_Scalar_out(L0,·,·)
SKIP	w105:168	client RuntimeError: method->execute() failed with error 0x12 | [op_copy.cpp:33] Check failed (non_blocking == false):  [method.cpp:1480] KernelCall failed at instruction 0:0 in operator aten::copy.out: 0x12 [method.cpp:1490] arg 0 with type id 1 [method.cpp:1490] arg 1 with type id 1 [method.cpp:1490] arg 2 with type id 5 [method.cpp:1490] arg 3 with type id 1 [method.cpp:1490] arg 4 with type id 1	n0*=copy(L0,L1,·)
SKIP	w105:169	client RuntimeError: method->execute() failed with error 0x12 | [op_cat.cpp:88] Unhandled dtype Float8_e4m3fn for cat.out [method.cpp:1480] KernelCall failed at instruction 0:2 in operator aten::cat.out: 0x12 [method.cpp:1490] arg 0 with type id 9 [method.cpp:1490] arg 1 with type id 4 [method.cpp:1490] arg 2 with type id 1 [method.cpp:1490] arg 3 with type id 1	n0*=stack(·,·)
MISMATCH	w105:182	out[0] non-finite mismatch (nan/inf positions differ)	n0*=gelu.out(L0,·,·)
SKIP	w105:204	client RuntimeError: method->execute() failed with error 0x12 | [normalization_ops_util.cpp:160] Check failed (in.size(0) == N):  [op_native_group_norm.cpp:139] Check failed (check_group_norm_args( input, weight, bias, N, C, HxW, group, out, mean_out, rstd_out)):  [method.cpp:1480] KernelCall failed at instruction 0:0 in operator aten::native_group_norm.out: 0x12 [method.cpp:1490] arg 0 with type id 1 [method.cpp:1490] arg 1 with type id 0 [method.cpp:1490] arg 2 with type id 0 [method.cpp:1490] arg 3 with type id 4 [method.cpp:1490] arg 4 with type id 4 [method.cpp:1490] arg 5 with type id 4 [method.cpp:1490] arg 6 with type id 4 [method.cpp:1490] arg 7 with type id 3 [method.cpp:1490] arg 8 with type id 1 [method.cpp:1490] arg 9 with type id 1 [method.cpp:1490] arg 10 with type id 1 [method.cpp:1490] arg 11 with type id 9	n0*=native_group_norm(L0,·,·,·,·,·,·,·)
SKIP	w105:207	client RuntimeError: method->execute() failed with error 0x12 | [tensor_util.h:617] Check failed (static_cast<size_t>(t.dim()) == rank): Expected tensor.dim() to be 2, but got 1 [distance_util.cpp:16] Check failed (tensor_is_rank(in, 2)):  [op_pdist_forward.cpp:25] Check failed (check_pdist_args(in, p, out)):  [method.cpp:1480] KernelCall failed at instruction 0:0 in operator aten::_pdist_forward.out: 0x12 [method.cpp:1490] arg 0 with type id 1 [method.cpp:1490] arg 1 with type id 3 [method.cpp:1490] arg 2 with type id 1 [method.cpp:1490] arg 3 with type id 1	n0*=_pdist_forward(L0,·)
SKIP	w105:235	client RuntimeError: method->execute() failed with error 0x12 | [op_fft_r2c.cpp:32] Check failed (onesided): onesided=False is not supported yet in _fft_r2c [method.cpp:1480] KernelCall failed at instruction 0:0 in operator aten::_fft_r2c.out: 0x12 [method.cpp:1490] arg 0 with type id 1 [method.cpp:1490] arg 1 with type id 8 [method.cpp:1490] arg 2 with type id 4 [method.cpp:1490] arg 3 with type id 5 [method.cpp:1490] arg 4 with type id 1 [method.cpp:1490] arg 5 with type id 1	n0*=_fft_r2c(L0,·,·,·)
MISMATCH	w105:278	out[0] non-finite mismatch (nan/inf positions differ)	n0*=_log_softmax.out(L0,·,·,·)
MISMATCH	w105:320	out[0] max|delta|=6.000e+00 (rtol=0.01 atol=0.001)	n0*=remainder.Scalar_out(L0,·,·)
SKIP	w105:350	client RuntimeError: method->execute() failed with error 0x12 | [normalization_ops_util.cpp:160] Check failed (in.size(0) == N):  [op_native_group_norm.cpp:139] Check failed (check_group_norm_args( input, weight, bias, N, C, HxW, group, out, mean_out, rstd_out)):  [method.cpp:1480] KernelCall failed at instruction 0:0 in operator aten::native_group_norm.out: 0x12 [method.cpp:1490] arg 0 with type id 1 [method.cpp:1490] arg 1 with type id 0 [method.cpp:1490] arg 2 with type id 0 [method.cpp:1490] arg 3 with type id 4 [method.cpp:1490] arg 4 with type id 4 [method.cpp:1490] arg 5 with type id 4 [method.cpp:1490] arg 6 with type id 4 [method.cpp:1490] arg 7 with type id 3 [method.cpp:1490] arg 8 with type id 1 [method.cpp:1490] arg 9 with type id 1 [method.cpp:1490] arg 10 with type id 1 [method.cpp:1490] arg 11 with type id 9	n0*=native_group_norm(L0,·,·,·,·,·,·,·)
MISMATCH	w105:374	out[0] max|delta|=2.147e+09 (rtol=0.0 atol=0.0)	n0*=bitwise_left_shift.Tensor_Scalar_out(L0,·,·)
MISMATCH	w105:377	out[0] non-finite mismatch (nan/inf positions differ)	n0*=bitwise_left_shift.Tensor_out(L0,L1,·)
MISMATCH	w105:410	out[0] non-finite mismatch (nan/inf positions differ)	n0*=gelu.out(L0,·,·)
SKIP	w105:435	client RuntimeError: method->execute() failed with error 0x12 | [tensor_util.h:617] Check failed (static_cast<size_t>(t.dim()) == rank): Expected tensor.dim() to be 2, but got 3 [distance_util.cpp:16] Check failed (tensor_is_rank(in, 2)):  [op_pdist_forward.cpp:25] Check failed (check_pdist_args(in, p, out)):  [method.cpp:1480] KernelCall failed at instruction 0:0 in operator aten::_pdist_forward.out: 0x12 [method.cpp:1490] arg 0 with type id 1 [method.cpp:1490] arg 1 with type id 3 [method.cpp:1490] arg 2 with type id 1 [method.cpp:1490] arg 3 with type id 1	n0*=_pdist_forward(L0,·)
SKIP	w105:7	client RuntimeError: method->execute() failed with error 0x12 | [op_fft_r2c.cpp:32] Check failed (onesided): onesided=False is not supported yet in _fft_r2c [method.cpp:1480] KernelCall failed at instruction 0:0 in operator aten::_fft_r2c.out: 0x12 [method.cpp:1490] arg 0 with type id 1 [method.cpp:1490] arg 1 with type id 8 [method.cpp:1490] arg 2 with type id 4 [method.cpp:1490] arg 3 with type id 5 [method.cpp:1490] arg 4 with type id 1 [method.cpp:1490] arg 5 with type id 1	n0*=_fft_r2c(L0,·,·,·)
MISMATCH	w105:70	out[0] max|delta|=1.441e+17 (rtol=0.0 atol=0.0)	n0*=bitwise_left_shift.Tensor_Scalar(L0,·)
SKIP	w105:78	client RuntimeError: method->execute() failed with error 0x12 | [copy_ops_util.cpp:165] Check failed (implicit == false): This operator is not implemented for when implicit == true. [op_expand_copy.cpp:63] Check failed (check_expand_copy_args(self, expand_sizes, implicit, out)):  [method.cpp:1480] KernelCall failed at instruction 0:0 in operator aten::expand_copy.out: 0x12 [method.cpp:1490] arg 0 with type id 1 [method.cpp:1490] arg 1 with type id 8 [method.cpp:1490] arg 2 with type id 5 [method.cpp:1490] arg 3 with type id 1 [method.cpp:1490] arg 4 with type id 1	n0*=expand_copy(L0,·,·)
SKIP	w105:97	client RuntimeError: method->execute() failed with error 0x12 | [op_arange.cpp:55] Check failed (utils::extract_scalar(start, &d_start)):  [method.cpp:1480] KernelCall failed at instruction 0:0 in operator aten::arange.start_out: 0x12 [method.cpp:1490] arg 0 with type id 5 [method.cpp:1490] arg 1 with type id 5 [method.cpp:1490] arg 2 with type id 3 [method.cpp:1490] arg 3 with type id 1 [method.cpp:1490] arg 4 with type id 1	n0*=arange.start_out(·,·,·,·)
SKIP	w106:107	client RuntimeError: method->execute() failed with error 0x12 | [op_permute_copy.cpp:70] Unhandled dtype Float8_e4m3fn for permute_copy.out [method.cpp:1480] KernelCall failed at instruction 0:0 in operator aten::permute_copy.out: 0x12 [method.cpp:1490] arg 0 with type id 1 [method.cpp:1490] arg 1 with type id 8 [method.cpp:1490] arg 2 with type id 1 [method.cpp:1490] arg 3 with type id 1	n0*=pixel_unshuffle(L0,·)
MISMATCH	w106:11	out[0] max|delta|=6.918e+18 (rtol=0.0 atol=0.0)	n0*=bitwise_left_shift.Tensor_out(L0,L1,·)
MISMATCH	w106:160	out[0] max|delta|=9.223e+18 (rtol=0.0 atol=0.0)	n0*=bitwise_left_shift.Tensor_Scalar(L0,·)
SKIP	w106:187	client RuntimeError: method->execute() failed with error 0x12 | [op_arange.cpp:59] Check failed (utils::extract_scalar(end, &d_end)):  [method.cpp:1480] KernelCall failed at instruction 0:0 in operator aten::arange.start_out: 0x12 [method.cpp:1490] arg 0 with type id 3 [method.cpp:1490] arg 1 with type id 5 [method.cpp:1490] arg 2 with type id 3 [method.cpp:1490] arg 3 with type id 1 [method.cpp:1490] arg 4 with type id 1	n0*=arange.start_out(·,·,·,·)
SKIP	w106:212	client RuntimeError: method->execute() failed with error 0x12 | [normalization_ops_util.cpp:160] Check failed (in.size(0) == N):  [op_native_group_norm.cpp:139] Check failed (check_group_norm_args( input, weight, bias, N, C, HxW, group, out, mean_out, rstd_out)):  [method.cpp:1480] KernelCall failed at instruction 0:0 in operator aten::native_group_norm.out: 0x12 [method.cpp:1490] arg 0 with type id 1 [method.cpp:1490] arg 1 with type id 0 [method.cpp:1490] arg 2 with type id 0 [method.cpp:1490] arg 3 with type id 4 [method.cpp:1490] arg 4 with type id 4 [method.cpp:1490] arg 5 with type id 4 [method.cpp:1490] arg 6 with type id 4 [method.cpp:1490] arg 7 with type id 3 [method.cpp:1490] arg 8 with type id 1 [method.cpp:1490] arg 9 with type id 1 [method.cpp:1490] arg 10 with type id 1 [method.cpp:1490] arg 11 with type id 9	n0*=native_group_norm(L0,·,·,·,·,·,·,·)
CRASH	w0:95	executor died (native abort)	n0*=max_pool2d_with_indices_backward.grad_input(L0,L1,·,·,·,·,·,L2,L3)
MISMATCH	w106:239	out[0] max|delta|=2.147e+09 (rtol=0.0 atol=0.0)	n0*=bitwise_left_shift.Tensor_out(L0,L1,·)
SKIP	w106:251	client RuntimeError: method->execute() failed with error 0x12 | [index_util.cpp:156] Check failed (index.scalar_type() == ScalarType::Long): Expected dtype int64 for index; index.scalar_type() = Int [op_scatter.cpp:113] Check failed (check_scatter_src_args(in, dim, index, src, out)):  [method.cpp:1480] KernelCall failed at instruction 0:0 in operator aten::scatter.src_out: 0x12 [method.cpp:1490] arg 0 with type id 1 [method.cpp:1490] arg 1 with type id 4 [method.cpp:1490] arg 2 with type id 1 [method.cpp:1490] arg 3 with type id 1 [method.cpp:1490] arg 4 with type id 1 [method.cpp:1490] arg 5 with type id 1	n0*=scatter.src_out(L0,·,L1,L2,·)
SKIP	w106:258	client RuntimeError: method->execute() failed with error 0x12 | [op_copy.cpp:33] Check failed (non_blocking == false):  [method.cpp:1480] KernelCall failed at instruction 0:0 in operator aten::copy.out: 0x12 [method.cpp:1490] arg 0 with type id 1 [method.cpp:1490] arg 1 with type id 1 [method.cpp:1490] arg 2 with type id 5 [method.cpp:1490] arg 3 with type id 1 [method.cpp:1490] arg 4 with type id 1	n0*=copy(L0,L1,·)
MISMATCH	w106:272	out[0] non-finite mismatch (nan/inf positions differ)	n0*=gelu.out(L0,·,·)
SKIP	w106:294	client RuntimeError: method->execute() failed with error 0x12 | [normalization_ops_util.cpp:160] Check failed (in.size(0) == N):  [op_native_group_norm.cpp:139] Check failed (check_group_norm_args( input, weight, bias, N, C, HxW, group, out, mean_out, rstd_out)):  [method.cpp:1480] KernelCall failed at instruction 0:0 in operator aten::native_group_norm.out: 0x12 [method.cpp:1490] arg 0 with type id 1 [method.cpp:1490] arg 1 with type id 0 [method.cpp:1490] arg 2 with type id 0 [method.cpp:1490] arg 3 with type id 4 [method.cpp:1490] arg 4 with type id 4 [method.cpp:1490] arg 5 with type id 4 [method.cpp:1490] arg 6 with type id 4 [method.cpp:1490] arg 7 with type id 3 [method.cpp:1490] arg 8 with type id 1 [method.cpp:1490] arg 9 with type id 1 [method.cpp:1490] arg 10 with type id 1 [method.cpp:1490] arg 11 with type id 9	n0*=native_group_norm(L0,·,·,·,·,·,·,·)
SKIP	w106:297	client RuntimeError: method->execute() failed with error 0x12 | [tensor_util.h:617] Check failed (static_cast<size_t>(t.dim()) == rank): Expected tensor.dim() to be 2, but got 5 [distance_util.cpp:16] Check failed (tensor_is_rank(in, 2)):  [op_pdist_forward.cpp:25] Check failed (check_pdist_args(in, p, out)):  [method.cpp:1480] KernelCall failed at instruction 0:0 in operator aten::_pdist_forward.out: 0x12 [method.cpp:1490] arg 0 with type id 1 [method.cpp:1490] arg 1 with type id 3 [method.cpp:1490] arg 2 with type id 1 [method.cpp:1490] arg 3 with type id 1	n0*=_pdist_forward(L0,·)
SKIP	w106:30	client RuntimeError: method->execute() failed with error 0x12 | [op_copy.cpp:33] Check failed (non_blocking == false):  [method.cpp:1480] KernelCall failed at instruction 0:0 in operator aten::copy.out: 0x12 [method.cpp:1490] arg 0 with type id 1 [method.cpp:1490] arg 1 with type id 1 [method.cpp:1490] arg 2 with type id 5 [method.cpp:1490] arg 3 with type id 1 [method.cpp:1490] arg 4 with type id 1	n0*=copy(L0,L1,·)
SKIP	w106:325	client RuntimeError: method->execute() failed with error 0x12 | [tensor_util_portable.cpp:130] Check failed (all_contiguous || all_channels_last): 2 input tensors have different dim orders [op_fft_r2c.cpp:29] Check failed (tensors_have_same_dim_order(in, out)):  [method.cpp:1480] KernelCall failed at instruction 0:0 in operator aten::_fft_r2c.out: 0x12 [method.cpp:1490] arg 0 with type id 1 [method.cpp:1490] arg 1 with type id 8 [method.cpp:1490] arg 2 with type id 4 [method.cpp:1490] arg 3 with type id 5 [method.cpp:1490] arg 4 with type id 1 [method.cpp:1490] arg 5 with type id 1	n0*=_fft_r2c(L0,·,·,·)
MISMATCH	w106:381	out[0] max|delta|=6.000e+00 (rtol=0.0 atol=0.0)	n0*=remainder.Scalar(L0,·)
MISMATCH	w106:388	out[0] max|delta|=1.153e+18 (rtol=0.0 atol=0.0)	n0*=bitwise_left_shift.Tensor_Scalar(L0,·)
SKIP	w106:396	client RuntimeError: method->execute() failed with error 0x12 | [copy_ops_util.cpp:165] Check failed (implicit == false): This operator is not implemented for when implicit == true. [op_expand_copy.cpp:63] Check failed (check_expand_copy_args(self, expand_sizes, implicit, out)):  [method.cpp:1480] KernelCall failed at instruction 0:0 in operator aten::expand_copy.out: 0x12 [method.cpp:1490] arg 0 with type id 1 [method.cpp:1490] arg 1 with type id 8 [method.cpp:1490] arg 2 with type id 5 [method.cpp:1490] arg 3 with type id 1 [method.cpp:1490] arg 4 with type id 1	n0*=expand_copy(L0,·,·)
SKIP	w106:415	client RuntimeError: method->execute() failed with error 0x12 | [op_arange.cpp:55] Check failed (utils::extract_scalar(start, &d_start)):  [method.cpp:1480] KernelCall failed at instruction 0:0 in operator aten::arange.start_out: 0x12 [method.cpp:1490] arg 0 with type id 5 [method.cpp:1490] arg 1 with type id 5 [method.cpp:1490] arg 2 with type id 4 [method.cpp:1490] arg 3 with type id 1 [method.cpp:1490] arg 4 with type id 1	n0*=arange.start_out(·,·,·,·)
MISMATCH	w106:44	out[0] non-finite mismatch (nan/inf positions differ)	n0*=gelu.out(L0,·,·)
SKIP	w106:440	client RuntimeError: method->execute() failed with error 0x12 | [normalization_ops_util.cpp:160] Check failed (in.size(0) == N):  [op_native_group_norm.cpp:139] Check failed (check_group_norm_args( input, weight, bias, N, C, HxW, group, out, mean_out, rstd_out)):  [method.cpp:1480] KernelCall failed at instruction 0:0 in operator aten::native_group_norm.out: 0x12 [method.cpp:1490] arg 0 with type id 1 [method.cpp:1490] arg 1 with type id 0 [method.cpp:1490] arg 2 with type id 0 [method.cpp:1490] arg 3 with type id 4 [method.cpp:1490] arg 4 with type id 4 [method.cpp:1490] arg 5 with type id 4 [method.cpp:1490] arg 6 with type id 4 [method.cpp:1490] arg 7 with type id 3 [method.cpp:1490] arg 8 with type id 1 [method.cpp:1490] arg 9 with type id 1 [method.cpp:1490] arg 10 with type id 1 [method.cpp:1490] arg 11 with type id 9	n0*=native_group_norm(L0,·,·,·,·,·,·,·)
MISMATCH	w106:464	out[0] max|delta|=9.223e+18 (rtol=0.01 atol=0.001)	n0*=bitwise_left_shift.Tensor_Scalar_out(L0,·,·)
MISMATCH	w106:467	out[0] max|delta|=1.611e+09 (rtol=0.0 atol=0.0)	n0*=bitwise_left_shift.Tensor_out(L0,L1,·)
SKIP	w106:486	client RuntimeError: method->execute() failed with error 0x12 | [op_copy.cpp:33] Check failed (non_blocking == false):  [method.cpp:1480] KernelCall failed at instruction 0:0 in operator aten::copy.out: 0x12 [method.cpp:1490] arg 0 with type id 1 [method.cpp:1490] arg 1 with type id 1 [method.cpp:1490] arg 2 with type id 5 [method.cpp:1490] arg 3 with type id 1 [method.cpp:1490] arg 4 with type id 1	n0*=copy(L0,L1,·)
MISMATCH	w106:500	out[0] non-finite mismatch (nan/inf positions differ)	n0*=gelu.out(L0,·,·)
SKIP	w106:66	client RuntimeError: method->execute() failed with error 0x12 | [normalization_ops_util.cpp:160] Check failed (in.size(0) == N):  [op_native_group_norm.cpp:139] Check failed (check_group_norm_args( input, weight, bias, N, C, HxW, group, out, mean_out, rstd_out)):  [method.cpp:1480] KernelCall failed at instruction 0:0 in operator aten::native_group_norm.out: 0x12 [method.cpp:1490] arg 0 with type id 1 [method.cpp:1490] arg 1 with type id 0 [method.cpp:1490] arg 2 with type id 0 [method.cpp:1490] arg 3 with type id 4 [method.cpp:1490] arg 4 with type id 4 [method.cpp:1490] arg 5 with type id 4 [method.cpp:1490] arg 6 with type id 4 [method.cpp:1490] arg 7 with type id 3 [method.cpp:1490] arg 8 with type id 1 [method.cpp:1490] arg 9 with type id 1 [method.cpp:1490] arg 10 with type id 1 [method.cpp:1490] arg 11 with type id 9	n0*=native_group_norm(L0,·,·,·,·,·,·,·)
SKIP	w106:69	client RuntimeError: method->execute() failed with error 0x12 | [tensor_util.h:617] Check failed (static_cast<size_t>(t.dim()) == rank): Expected tensor.dim() to be 2, but got 5 [distance_util.cpp:16] Check failed (tensor_is_rank(in, 2)):  [op_pdist_forward.cpp:25] Check failed (check_pdist_args(in, p, out)):  [method.cpp:1480] KernelCall failed at instruction 0:0 in operator aten::_pdist_forward.out: 0x12 [method.cpp:1490] arg 0 with type id 1 [method.cpp:1490] arg 1 with type id 3 [method.cpp:1490] arg 2 with type id 1 [method.cpp:1490] arg 3 with type id 1	n0*=_pdist_forward(L0,·)
MISMATCH	w106:8	out[0] max|delta|=4.612e+18 (rtol=0.01 atol=0.001)	n0*=bitwise_left_shift.Tensor_Scalar_out(L0,·,·)
SKIP	w106:97	client RuntimeError: method->execute() failed with error 0x12 | [tensor_util_portable.cpp:130] Check failed (all_contiguous || all_channels_last): 2 input tensors have different dim orders [op_fft_r2c.cpp:29] Check failed (tensors_have_same_dim_order(in, out)):  [method.cpp:1480] KernelCall failed at instruction 0:0 in operator aten::_fft_r2c.out: 0x12 [method.cpp:1490] arg 0 with type id 1 [method.cpp:1490] arg 1 with type id 8 [method.cpp:1490] arg 2 with type id 4 [method.cpp:1490] arg 3 with type id 5 [method.cpp:1490] arg 4 with type id 1 [method.cpp:1490] arg 5 with type id 1	n0*=_fft_r2c(L0,·,·,·)
MISMATCH	w107:101	out[0] max|delta|=1.000e+00 (rtol=0.0 atol=0.0)	n0*=any.dims_out(L0,·,·,·)
SKIP	w107:103	client RuntimeError: method->execute() failed with error 0x12 | [op_fft_r2c.cpp:32] Check failed (onesided): onesided=False is not supported yet in _fft_r2c [method.cpp:1480] KernelCall failed at instruction 0:0 in operator aten::_fft_r2c.out: 0x12 [method.cpp:1490] arg 0 with type id 1 [method.cpp:1490] arg 1 with type id 8 [method.cpp:1490] arg 2 with type id 4 [method.cpp:1490] arg 3 with type id 5 [method.cpp:1490] arg 4 with type id 1 [method.cpp:1490] arg 5 with type id 1	n0*=_fft_r2c(L0,·,·,·)
MISMATCH	w107:166	out[0] max|delta|=2.306e+18 (rtol=0.0 atol=0.0)	n0*=bitwise_left_shift.Tensor_Scalar(L0,·)
MISMATCH	w107:17	out[0] max|delta|=6.918e+18 (rtol=0.0 atol=0.0)	n0*=bitwise_left_shift.Tensor_out(L0,L1,·)
SKIP	w107:174	client RuntimeError: method->execute() failed with error 0x12 | [copy_ops_util.cpp:165] Check failed (implicit == false): This operator is not implemented for when implicit == true. [op_expand_copy.cpp:63] Check failed (check_expand_copy_args(self, expand_sizes, implicit, out)):  [method.cpp:1480] KernelCall failed at instruction 0:0 in operator aten::expand_copy.out: 0x12 [method.cpp:1490] arg 0 with type id 1 [method.cpp:1490] arg 1 with type id 8 [method.cpp:1490] arg 2 with type id 5 [method.cpp:1490] arg 3 with type id 1 [method.cpp:1490] arg 4 with type id 1	n0*=expand_copy(L0,·,·)
SKIP	w107:193	client RuntimeError: method->execute() failed with error 0x12 | [op_arange.cpp:55] Check failed (utils::extract_scalar(start, &d_start)):  [method.cpp:1480] KernelCall failed at instruction 0:0 in operator aten::arange.start_out: 0x12 [method.cpp:1490] arg 0 with type id 5 [method.cpp:1490] arg 1 with type id 5 [method.cpp:1490] arg 2 with type id 5 [method.cpp:1490] arg 3 with type id 1 [method.cpp:1490] arg 4 with type id 1	n0*=arange.start_out(·,·,·,·)
SKIP	w107:218	client RuntimeError: method->execute() failed with error 0x12 | [normalization_ops_util.cpp:160] Check failed (in.size(0) == N):  [op_native_group_norm.cpp:139] Check failed (check_group_norm_args( input, weight, bias, N, C, HxW, group, out, mean_out, rstd_out)):  [method.cpp:1480] KernelCall failed at instruction 0:0 in operator aten::native_group_norm.out: 0x12 [method.cpp:1490] arg 0 with type id 1 [method.cpp:1490] arg 1 with type id 0 [method.cpp:1490] arg 2 with type id 0 [method.cpp:1490] arg 3 with type id 4 [method.cpp:1490] arg 4 with type id 4 [method.cpp:1490] arg 5 with type id 4 [method.cpp:1490] arg 6 with type id 4 [method.cpp:1490] arg 7 with type id 3 [method.cpp:1490] arg 8 with type id 1 [method.cpp:1490] arg 9 with type id 1 [method.cpp:1490] arg 10 with type id 1 [method.cpp:1490] arg 11 with type id 9	n0*=native_group_norm(L0,·,·,·,·,·,·,·)
MISMATCH	w107:242	out[0] max|delta|=1.153e+18 (rtol=0.01 atol=0.001)	n0*=bitwise_left_shift.Tensor_Scalar_out(L0,·,·)
MISMATCH	w107:50	out[0] non-finite mismatch (nan/inf positions differ)	n0*=gelu.out(L0,·,·)
SKIP	w107:72	client RuntimeError: method->execute() failed with error 0x12 | [normalization_ops_util.cpp:160] Check failed (in.size(0) == N):  [op_native_group_norm.cpp:139] Check failed (check_group_norm_args( input, weight, bias, N, C, HxW, group, out, mean_out, rstd_out)):  [method.cpp:1480] KernelCall failed at instruction 0:0 in operator aten::native_group_norm.out: 0x12 [method.cpp:1490] arg 0 with type id 1 [method.cpp:1490] arg 1 with type id 0 [method.cpp:1490] arg 2 with type id 0 [method.cpp:1490] arg 3 with type id 4 [method.cpp:1490] arg 4 with type id 4 [method.cpp:1490] arg 5 with type id 4 [method.cpp:1490] arg 6 with type id 4 [method.cpp:1490] arg 7 with type id 3 [method.cpp:1490] arg 8 with type id 1 [method.cpp:1490] arg 9 with type id 1 [method.cpp:1490] arg 10 with type id 1 [method.cpp:1490] arg 11 with type id 9	n0*=native_group_norm(L0,·,·,·,·,·,·,·)
SKIP	w107:75	client RuntimeError: method->execute() failed with error 0x12 | [tensor_util.h:617] Check failed (static_cast<size_t>(t.dim()) == rank): Expected tensor.dim() to be 2, but got 1 [distance_util.cpp:16] Check failed (tensor_is_rank(in, 2)):  [op_pdist_forward.cpp:25] Check failed (check_pdist_args(in, p, out)):  [method.cpp:1480] KernelCall failed at instruction 0:0 in operator aten::_pdist_forward.out: 0x12 [method.cpp:1490] arg 0 with type id 1 [method.cpp:1490] arg 1 with type id 3 [method.cpp:1490] arg 2 with type id 1 [method.cpp:1490] arg 3 with type id 1	n0*=_pdist_forward(L0,·)
MISMATCH	w108:109	out[0] non-finite mismatch (nan/inf positions differ)	n0*=gelu.out(L0,·,·)
SKIP	w108:131	client RuntimeError: method->execute() failed with error 0x12 | [normalization_ops_util.cpp:160] Check failed (in.size(0) == N):  [op_native_group_norm.cpp:139] Check failed (check_group_norm_args( input, weight, bias, N, C, HxW, group, out, mean_out, rstd_out)):  [method.cpp:1480] KernelCall failed at instruction 0:0 in operator aten::native_group_norm.out: 0x12 [method.cpp:1490] arg 0 with type id 1 [method.cpp:1490] arg 1 with type id 0 [method.cpp:1490] arg 2 with type id 0 [method.cpp:1490] arg 3 with type id 4 [method.cpp:1490] arg 4 with type id 4 [method.cpp:1490] arg 5 with type id 4 [method.cpp:1490] arg 6 with type id 4 [method.cpp:1490] arg 7 with type id 3 [method.cpp:1490] arg 8 with type id 1 [method.cpp:1490] arg 9 with type id 1 [method.cpp:1490] arg 10 with type id 1 [method.cpp:1490] arg 11 with type id 9	n0*=native_group_norm(L0,·,·,·,·,·,·,·)
SKIP	w108:134	client RuntimeError: method->execute() failed with error 0x12 | [tensor_util.h:617] Check failed (static_cast<size_t>(t.dim()) == rank): Expected tensor.dim() to be 2, but got 5 [distance_util.cpp:16] Check failed (tensor_is_rank(in, 2)):  [op_pdist_forward.cpp:25] Check failed (check_pdist_args(in, p, out)):  [method.cpp:1480] KernelCall failed at instruction 0:0 in operator aten::_pdist_forward.out: 0x12 [method.cpp:1490] arg 0 with type id 1 [method.cpp:1490] arg 1 with type id 3 [method.cpp:1490] arg 2 with type id 1 [method.cpp:1490] arg 3 with type id 1	n0*=_pdist_forward(L0,·)
SKIP	w108:162	client RuntimeError: method->execute() failed with error 0x12 | [op_fft_r2c.cpp:32] Check failed (onesided): onesided=False is not supported yet in _fft_r2c [method.cpp:1480] KernelCall failed at instruction 0:0 in operator aten::_fft_r2c.out: 0x12 [method.cpp:1490] arg 0 with type id 1 [method.cpp:1490] arg 1 with type id 8 [method.cpp:1490] arg 2 with type id 4 [method.cpp:1490] arg 3 with type id 5 [method.cpp:1490] arg 4 with type id 1 [method.cpp:1490] arg 5 with type id 1	n0*=_fft_r2c(L0,·,·,·)
MISMATCH	w108:218	out[0] max|delta|=7.000e+00 (rtol=0.0 atol=0.0)	n0*=remainder.Scalar(L0,·)
MISMATCH	w108:236	out[0] max|delta|=9.223e+18 (rtol=0.0 atol=0.0)	n0*=pow.Scalar_out(·,L0,·)
SKIP	w108:24	client RuntimeError: method->execute() failed with error 0x12 | [op_arange.cpp:55] Check failed (utils::extract_scalar(start, &d_start)):  [method.cpp:1480] KernelCall failed at instruction 0:0 in operator aten::arange.start_out: 0x12 [method.cpp:1490] arg 0 with type id 5 [method.cpp:1490] arg 1 with type id 5 [method.cpp:1490] arg 2 with type id 3 [method.cpp:1490] arg 3 with type id 1 [method.cpp:1490] arg 4 with type id 1	n0*=arange.start_out(·,·,·,·)
SKIP	w108:252	client RuntimeError: method->execute() failed with error 0x12 | [op_arange.cpp:55] Check failed (utils::extract_scalar(start, &d_start)):  [method.cpp:1480] KernelCall failed at instruction 0:0 in operator aten::arange.start_out: 0x12 [method.cpp:1490] arg 0 with type id 5 [method.cpp:1490] arg 1 with type id 5 [method.cpp:1490] arg 2 with type id 5 [method.cpp:1490] arg 3 with type id 1 [method.cpp:1490] arg 4 with type id 1	n0*=arange.start_out(·,·,·,·)
SKIP	w108:277	client RuntimeError: method->execute() failed with error 0x12 | [normalization_ops_util.cpp:160] Check failed (in.size(0) == N):  [op_native_group_norm.cpp:139] Check failed (check_group_norm_args( input, weight, bias, N, C, HxW, group, out, mean_out, rstd_out)):  [method.cpp:1480] KernelCall failed at instruction 0:0 in operator aten::native_group_norm.out: 0x12 [method.cpp:1490] arg 0 with type id 1 [method.cpp:1490] arg 1 with type id 0 [method.cpp:1490] arg 2 with type id 0 [method.cpp:1490] arg 3 with type id 4 [method.cpp:1490] arg 4 with type id 4 [method.cpp:1490] arg 5 with type id 4 [method.cpp:1490] arg 6 with type id 4 [method.cpp:1490] arg 7 with type id 3 [method.cpp:1490] arg 8 with type id 1 [method.cpp:1490] arg 9 with type id 1 [method.cpp:1490] arg 10 with type id 1 [method.cpp:1490] arg 11 with type id 9	n0*=native_group_norm(L0,·,·,·,·,·,·,·)
MISMATCH	w108:304	out[0] max|delta|=1.611e+09 (rtol=0.0 atol=0.0)	n0*=bitwise_left_shift.Tensor_out(L0,L1,·)
MISMATCH	w108:337	out[0] non-finite mismatch (nan/inf positions differ)	n0*=gelu.out(L0,·,·)
MISMATCH	w108:357	out[0] max|delta|=3.999e-01 (rtol=0.01 atol=0.001)	n0*=_native_batch_norm_legit.no_stats(L0,·,·,·,·,·)
SKIP	w108:359	client RuntimeError: method->execute() failed with error 0x12 | [normalization_ops_util.cpp:160] Check failed (in.size(0) == N):  [op_native_group_norm.cpp:139] Check failed (check_group_norm_args( input, weight, bias, N, C, HxW, group, out, mean_out, rstd_out)):  [method.cpp:1480] KernelCall failed at instruction 0:0 in operator aten::native_group_norm.out: 0x12 [method.cpp:1490] arg 0 with type id 1 [method.cpp:1490] arg 1 with type id 0 [method.cpp:1490] arg 2 with type id 0 [method.cpp:1490] arg 3 with type id 4 [method.cpp:1490] arg 4 with type id 4 [method.cpp:1490] arg 5 with type id 4 [method.cpp:1490] arg 6 with type id 4 [method.cpp:1490] arg 7 with type id 3 [method.cpp:1490] arg 8 with type id 1 [method.cpp:1490] arg 9 with type id 1 [method.cpp:1490] arg 10 with type id 1 [method.cpp:1490] arg 11 with type id 9	n0*=native_group_norm(L0,·,·,·,·,·,·,·)
SKIP	w108:362	client RuntimeError: method->execute() failed with error 0x12 | [tensor_util.h:617] Check failed (static_cast<size_t>(t.dim()) == rank): Expected tensor.dim() to be 2, but got 5 [distance_util.cpp:16] Check failed (tensor_is_rank(in, 2)):  [op_pdist_forward.cpp:25] Check failed (check_pdist_args(in, p, out)):  [method.cpp:1480] KernelCall failed at instruction 0:0 in operator aten::_pdist_forward.out: 0x12 [method.cpp:1490] arg 0 with type id 1 [method.cpp:1490] arg 1 with type id 3 [method.cpp:1490] arg 2 with type id 1 [method.cpp:1490] arg 3 with type id 1	n0*=_pdist_forward(L0,·)
MISMATCH	w108:41	out[0] non-finite mismatch (nan/inf positions differ)	n0*=grid_sampler_2d(L0,L1,·,·,·)
SKIP	w108:433	client RuntimeError: method->execute() failed with error 0x12 | [op_log_softmax.cpp:152] Check failed (false):  [method.cpp:1480] KernelCall failed at instruction 0:0 in operator aten::_log_softmax.out: 0x12 [method.cpp:1490] arg 0 with type id 1 [method.cpp:1490] arg 1 with type id 4 [method.cpp:1490] arg 2 with type id 5 [method.cpp:1490] arg 3 with type id 1 [method.cpp:1490] arg 4 with type id 1	n0*=_log_softmax.out(L0,·,·,·)
SKIP	w108:44	client RuntimeError: method->execute() failed with error 0x12 | [kernel_ops_util.cpp:389] Check failed (in.dim() == 3 || in.dim() == 4): Expect input tensor to be 3-D or 4-D, but got, 5. [op_convolution.cpp:363] Check failed (check_convolution_args( in, weight, bias, stride, padding, dilation, transposed, output_padding, groups, out)):  [method.cpp:1480] KernelCall failed at instruction 0:0 in operator aten::convolution.out: 0x12 [method.cpp:1490] arg 0 with type id 1 [method.cpp:1490] arg 1 with type id 1 [method.cpp:1490] arg 2 with type id 0 [method.cpp:1490] arg 3 with type id 8 [method.cpp:1490] arg 4 with type id 8 [method.cpp:1490] arg 5 with type id 8 [method.cpp:1490] arg 6 with type id 5 [method.cpp:1490] arg 7 with type id 8 [method.cpp:1490] arg 8 with type id 4 [method.cpp:1490] arg 9 with type id 1 [method.cpp:1490] arg 10 with type id 1	n0*=convolution(L0,L1,·,·,·,·,·,·,·)
SKIP	w108:49	client RuntimeError: method->execute() failed with error 0x12 | [normalization_ops_util.cpp:160] Check failed (in.size(0) == N):  [op_native_group_norm.cpp:139] Check failed (check_group_norm_args( input, weight, bias, N, C, HxW, group, out, mean_out, rstd_out)):  [method.cpp:1480] KernelCall failed at instruction 0:0 in operator aten::native_group_norm.out: 0x12 [method.cpp:1490] arg 0 with type id 1 [method.cpp:1490] arg 1 with type id 0 [method.cpp:1490] arg 2 with type id 0 [method.cpp:1490] arg 3 with type id 4 [method.cpp:1490] arg 4 with type id 4 [method.cpp:1490] arg 5 with type id 4 [method.cpp:1490] arg 6 with type id 4 [method.cpp:1490] arg 7 with type id 3 [method.cpp:1490] arg 8 with type id 1 [method.cpp:1490] arg 9 with type id 1 [method.cpp:1490] arg 10 with type id 1 [method.cpp:1490] arg 11 with type id 9	n0*=native_group_norm(L0,·,·,·,·,·,·,·)
SKIP	w108:96	client RuntimeError: method->execute() failed with error 0x12 | [op_cat.cpp:88] Unhandled dtype Float8_e4m3fn for cat.out [method.cpp:1480] KernelCall failed at instruction 0:2 in operator aten::cat.out: 0x12 [method.cpp:1490] arg 0 with type id 9 [method.cpp:1490] arg 1 with type id 4 [method.cpp:1490] arg 2 with type id 1 [method.cpp:1490] arg 3 with type id 1	n0*=stack(·,·)
SKIP	w108:95	client RuntimeError: method->execute() failed with error 0x12 | [op_copy.cpp:33] Check failed (non_blocking == false):  [method.cpp:1480] KernelCall failed at instruction 0:0 in operator aten::copy.out: 0x12 [method.cpp:1490] arg 0 with type id 1 [method.cpp:1490] arg 1 with type id 1 [method.cpp:1490] arg 2 with type id 5 [method.cpp:1490] arg 3 with type id 1 [method.cpp:1490] arg 4 with type id 1	n0*=copy(L0,L1,·)
SKIP	w109:10	client RuntimeError: method->execute() failed with error 0x12 | [op_arange.cpp:55] Check failed (utils::extract_scalar(start, &d_start)):  [method.cpp:1480] KernelCall failed at instruction 0:0 in operator aten::arange.start_out: 0x12 [method.cpp:1490] arg 0 with type id 5 [method.cpp:1490] arg 1 with type id 5 [method.cpp:1490] arg 2 with type id 3 [method.cpp:1490] arg 3 with type id 1 [method.cpp:1490] arg 4 with type id 1	n0*=arange.start_out(·,·,·,·)
SKIP	w109:117	client RuntimeError: method->execute() failed with error 0x12 | [normalization_ops_util.cpp:161] Check failed (in.size(1) == C):  [op_native_group_norm.cpp:139] Check failed (check_group_norm_args( input, weight, bias, N, C, HxW, group, out, mean_out, rstd_out)):  [method.cpp:1480] KernelCall failed at instruction 0:0 in operator aten::native_group_norm.out: 0x12 [method.cpp:1490] arg 0 with type id 1 [method.cpp:1490] arg 1 with type id 0 [method.cpp:1490] arg 2 with type id 0 [method.cpp:1490] arg 3 with type id 4 [method.cpp:1490] arg 4 with type id 4 [method.cpp:1490] arg 5 with type id 4 [method.cpp:1490] arg 6 with type id 4 [method.cpp:1490] arg 7 with type id 3 [method.cpp:1490] arg 8 with type id 1 [method.cpp:1490] arg 9 with type id 1 [method.cpp:1490] arg 10 with type id 1 [method.cpp:1490] arg 11 with type id 9	n0*=native_group_norm(L0,·,·,·,·,·,·,·)
SKIP	w109:120	client RuntimeError: method->execute() failed with error 0x12 | [tensor_util.h:617] Check failed (static_cast<size_t>(t.dim()) == rank): Expected tensor.dim() to be 2, but got 4 [distance_util.cpp:16] Check failed (tensor_is_rank(in, 2)):  [op_pdist_forward.cpp:25] Check failed (check_pdist_args(in, p, out)):  [method.cpp:1480] KernelCall failed at instruction 0:0 in operator aten::_pdist_forward.out: 0x12 [method.cpp:1490] arg 0 with type id 1 [method.cpp:1490] arg 1 with type id 3 [method.cpp:1490] arg 2 with type id 1 [method.cpp:1490] arg 3 with type id 1	n0*=_pdist_forward(L0,·)
MISMATCH	w109:211	out[0] max|delta|=4.612e+18 (rtol=0.0 atol=0.0)	n0*=bitwise_left_shift.Tensor_Scalar(L0,·)
SKIP	w109:219	client RuntimeError: method->execute() failed with error 0x12 | [copy_ops_util.cpp:165] Check failed (implicit == false): This operator is not implemented for when implicit == true. [op_expand_copy.cpp:63] Check failed (check_expand_copy_args(self, expand_sizes, implicit, out)):  [method.cpp:1480] KernelCall failed at instruction 0:0 in operator aten::expand_copy.out: 0x12 [method.cpp:1490] arg 0 with type id 1 [method.cpp:1490] arg 1 with type id 8 [method.cpp:1490] arg 2 with type id 5 [method.cpp:1490] arg 3 with type id 1 [method.cpp:1490] arg 4 with type id 1	n0*=expand_copy(L0,·,·)
MISMATCH	w109:254	out[0] max|delta|=1.000e+00 (rtol=0.0 atol=0.0)	n0*=prod.int_out(L0,·,·,·,·)
SKIP	w109:258	client RuntimeError: method->execute() failed with error 0x12 | [kernel_ops_util.cpp:389] Check failed (in.dim() == 3 || in.dim() == 4): Expect input tensor to be 3-D or 4-D, but got, 5. [op_convolution.cpp:363] Check failed (check_convolution_args( in, weight, bias, stride, padding, dilation, transposed, output_padding, groups, out)):  [method.cpp:1480] KernelCall failed at instruction 0:0 in operator aten::convolution.out: 0x12 [method.cpp:1490] arg 0 with type id 1 [method.cpp:1490] arg 1 with type id 1 [method.cpp:1490] arg 2 with type id 0 [method.cpp:1490] arg 3 with type id 8 [method.cpp:1490] arg 4 with type id 8 [method.cpp:1490] arg 5 with type id 8 [method.cpp:1490] arg 6 with type id 5 [method.cpp:1490] arg 7 with type id 8 [method.cpp:1490] arg 8 with type id 4 [method.cpp:1490] arg 9 with type id 1 [method.cpp:1490] arg 10 with type id 1	n0*=convolution(L0,L1,·,·,·,·,·,·,·)
MISMATCH	w109:27	out[0] non-finite mismatch (nan/inf positions differ)	n0*=grid_sampler_2d(L0,L1,·,·,·)
SKIP	w109:302	client RuntimeError: method->execute() failed with error 0x12 | [index_util.cpp:156] Check failed (index.scalar_type() == ScalarType::Long): Expected dtype int64 for index; index.scalar_type() = Int [op_scatter.cpp:113] Check failed (check_scatter_src_args(in, dim, index, src, out)):  [method.cpp:1480] KernelCall failed at instruction 0:0 in operator aten::scatter.src_out: 0x12 [method.cpp:1490] arg 0 with type id 1 [method.cpp:1490] arg 1 with type id 4 [method.cpp:1490] arg 2 with type id 1 [method.cpp:1490] arg 3 with type id 1 [method.cpp:1490] arg 4 with type id 1 [method.cpp:1490] arg 5 with type id 1	n0*=scatter.src_out(L0,·,L1,L2,·)
MISMATCH	w109:323	out[0] non-finite mismatch (nan/inf positions differ)	n0*=gelu.out(L0,·,·)
MISMATCH	w109:336	out[0] max|delta|=3.000e+00 (rtol=0.01 atol=0.001)	n0*=remainder.Tensor_out(L0,L1,·)
MISMATCH	w109:345	out[0] non-finite mismatch (nan/inf positions differ)	n0*=native_group_norm(L0,·,·,·,·,·,·,·)
SKIP	w109:348	client RuntimeError: method->execute() failed with error 0x12 | [tensor_util.h:617] Check failed (static_cast<size_t>(t.dim()) == rank): Expected tensor.dim() to be 2, but got 4 [distance_util.cpp:16] Check failed (tensor_is_rank(in, 2)):  [op_pdist_forward.cpp:25] Check failed (check_pdist_args(in, p, out)):  [method.cpp:1480] KernelCall failed at instruction 0:0 in operator aten::_pdist_forward.out: 0x12 [method.cpp:1490] arg 0 with type id 1 [method.cpp:1490] arg 1 with type id 3 [method.cpp:1490] arg 2 with type id 1 [method.cpp:1490] arg 3 with type id 1	n0*=_pdist_forward(L0,·)
SKIP	w109:35	client RuntimeError: method->execute() failed with error 0x12 | [normalization_ops_util.cpp:161] Check failed (in.size(1) == C):  [op_native_group_norm.cpp:139] Check failed (check_group_norm_args( input, weight, bias, N, C, HxW, group, out, mean_out, rstd_out)):  [method.cpp:1480] KernelCall failed at instruction 0:0 in operator aten::native_group_norm.out: 0x12 [method.cpp:1490] arg 0 with type id 1 [method.cpp:1490] arg 1 with type id 0 [method.cpp:1490] arg 2 with type id 0 [method.cpp:1490] arg 3 with type id 4 [method.cpp:1490] arg 4 with type id 4 [method.cpp:1490] arg 5 with type id 4 [method.cpp:1490] arg 6 with type id 4 [method.cpp:1490] arg 7 with type id 3 [method.cpp:1490] arg 8 with type id 1 [method.cpp:1490] arg 9 with type id 1 [method.cpp:1490] arg 10 with type id 1 [method.cpp:1490] arg 11 with type id 9	n0*=native_group_norm(L0,·,·,·,·,·,·,·)
MISMATCH	w109:62	out[0] max|delta|=6.918e+18 (rtol=0.01 atol=0.001)	n0*=bitwise_left_shift.Tensor_out(L0,L1,·)
MISMATCH	w109:95	out[0] non-finite mismatch (nan/inf positions differ)	n0*=gelu.out(L0,·,·)
MISMATCH	w11:120	out[0] max|delta|=6.918e+18 (rtol=0.01 atol=0.001)	n0*=bitwise_left_shift.Tensor_out(L0,L1,·)
SKIP	w11:139	client RuntimeError: method->execute() failed with error 0x12 | [op_copy.cpp:33] Check failed (non_blocking == false):  [method.cpp:1480] KernelCall failed at instruction 0:0 in operator aten::copy.out: 0x12 [method.cpp:1490] arg 0 with type id 1 [method.cpp:1490] arg 1 with type id 1 [method.cpp:1490] arg 2 with type id 5 [method.cpp:1490] arg 3 with type id 1 [method.cpp:1490] arg 4 with type id 1	n0*=copy(L0,L1,·)
MISMATCH	w11:153	out[0] non-finite mismatch (nan/inf positions differ)	n0*=gelu.out(L0,·,·)
MISMATCH	w11:166	out[0] max|delta|=3.000e+00 (rtol=0.01 atol=0.001)	n0*=remainder.Tensor_out(L0,L1,·)
SKIP	w11:175	client RuntimeError: method->execute() failed with error 0x12 | [normalization_ops_util.cpp:161] Check failed (in.size(1) == C):  [op_native_group_norm.cpp:139] Check failed (check_group_norm_args( input, weight, bias, N, C, HxW, group, out, mean_out, rstd_out)):  [method.cpp:1480] KernelCall failed at instruction 0:0 in operator aten::native_group_norm.out: 0x12 [method.cpp:1490] arg 0 with type id 1 [method.cpp:1490] arg 1 with type id 0 [method.cpp:1490] arg 2 with type id 0 [method.cpp:1490] arg 3 with type id 4 [method.cpp:1490] arg 4 with type id 4 [method.cpp:1490] arg 5 with type id 4 [method.cpp:1490] arg 6 with type id 4 [method.cpp:1490] arg 7 with type id 3 [method.cpp:1490] arg 8 with type id 1 [method.cpp:1490] arg 9 with type id 1 [method.cpp:1490] arg 10 with type id 1 [method.cpp:1490] arg 11 with type id 9	n0*=native_group_norm(L0,·,·,·,·,·,·,·)
SKIP	w11:206	client RuntimeError: method->execute() failed with error 0x12 | [tensor_util_portable.cpp:130] Check failed (all_contiguous || all_channels_last): 2 input tensors have different dim orders [op_fft_r2c.cpp:29] Check failed (tensors_have_same_dim_order(in, out)):  [method.cpp:1480] KernelCall failed at instruction 0:0 in operator aten::_fft_r2c.out: 0x12 [method.cpp:1490] arg 0 with type id 1 [method.cpp:1490] arg 1 with type id 8 [method.cpp:1490] arg 2 with type id 4 [method.cpp:1490] arg 3 with type id 5 [method.cpp:1490] arg 4 with type id 1 [method.cpp:1490] arg 5 with type id 1	n0*=_fft_r2c(L0,·,·,·)
MISMATCH	w11:21	out[0] non-finite mismatch (nan/inf positions differ)	n0*=_log_softmax.out(L0,·,·,·)
SKIP	w11:235	client RuntimeError: method->execute() failed with error 0x12 | [op_permute_copy.cpp:70] Unhandled dtype Float8_e4m3fn for permute_copy.out [method.cpp:1480] KernelCall failed at instruction 0:0 in operator aten::permute_copy.out: 0x12 [method.cpp:1490] arg 0 with type id 1 [method.cpp:1490] arg 1 with type id 8 [method.cpp:1490] arg 2 with type id 1 [method.cpp:1490] arg 3 with type id 1	n0*=linear.out(L0,L1,·,·)
SKIP	w11:249	client RuntimeError: method->execute() failed with error 0x12 | [op_log_softmax.cpp:152] Check failed (false):  [method.cpp:1480] KernelCall failed at instruction 0:0 in operator aten::_log_softmax.out: 0x12 [method.cpp:1490] arg 0 with type id 1 [method.cpp:1490] arg 1 with type id 4 [method.cpp:1490] arg 2 with type id 5 [method.cpp:1490] arg 3 with type id 1 [method.cpp:1490] arg 4 with type id 1	n0*=_log_softmax.out(L0,·,·,·)
MISMATCH	w11:269	out[0] max|delta|=2.882e+17 (rtol=0.0 atol=0.0)	n0*=bitwise_left_shift.Tensor_Scalar(L0,·)
SKIP	w11:277	client RuntimeError: method->execute() failed with error 0x12 | [copy_ops_util.cpp:165] Check failed (implicit == false): This operator is not implemented for when implicit == true. [op_expand_copy.cpp:63] Check failed (check_expand_copy_args(self, expand_sizes, implicit, out)):  [method.cpp:1480] KernelCall failed at instruction 0:0 in operator aten::expand_copy.out: 0x12 [method.cpp:1490] arg 0 with type id 1 [method.cpp:1490] arg 1 with type id 8 [method.cpp:1490] arg 2 with type id 5 [method.cpp:1490] arg 3 with type id 1 [method.cpp:1490] arg 4 with type id 1	n0*=expand_copy(L0,·,·)
SKIP	w11:296	client RuntimeError: method->execute() failed with error 0x12 | [op_arange.cpp:55] Check failed (utils::extract_scalar(start, &d_start)):  [method.cpp:1480] KernelCall failed at instruction 0:0 in operator aten::arange.start_out: 0x12 [method.cpp:1490] arg 0 with type id 5 [method.cpp:1490] arg 1 with type id 5 [method.cpp:1490] arg 2 with type id 5 [method.cpp:1490] arg 3 with type id 1 [method.cpp:1490] arg 4 with type id 1	n0*=arange.start_out(·,·,·,·)
CRASH	w104:389	executor died (native abort)	n0*=narrow_copy(L0,·,·,·)
SKIP	w11:321	client RuntimeError: method->execute() failed with error 0x12 | [normalization_ops_util.cpp:160] Check failed (in.size(0) == N):  [op_native_group_norm.cpp:139] Check failed (check_group_norm_args( input, weight, bias, N, C, HxW, group, out, mean_out, rstd_out)):  [method.cpp:1480] KernelCall failed at instruction 0:0 in operator aten::native_group_norm.out: 0x12 [method.cpp:1490] arg 0 with type id 1 [method.cpp:1490] arg 1 with type id 0 [method.cpp:1490] arg 2 with type id 0 [method.cpp:1490] arg 3 with type id 4 [method.cpp:1490] arg 4 with type id 4 [method.cpp:1490] arg 5 with type id 4 [method.cpp:1490] arg 6 with type id 4 [method.cpp:1490] arg 7 with type id 3 [method.cpp:1490] arg 8 with type id 1 [method.cpp:1490] arg 9 with type id 1 [method.cpp:1490] arg 10 with type id 1 [method.cpp:1490] arg 11 with type id 9	n0*=native_group_norm(L0,·,·,·,·,·,·,·)
MISMATCH	w11:381	out[0] non-finite mismatch (nan/inf positions differ)	n0*=gelu.out(L0,·,·)
MISMATCH	w11:394	out[0] max|delta|=4.000e+00 (rtol=0.0 atol=0.0)	n0*=remainder.Tensor_out(L0,L1,·)
SKIP	w11:406	client RuntimeError: method->execute() failed with error 0x12 | [tensor_util.h:617] Check failed (static_cast<size_t>(t.dim()) == rank): Expected tensor.dim() to be 2, but got 1 [distance_util.cpp:16] Check failed (tensor_is_rank(in, 2)):  [op_pdist_forward.cpp:25] Check failed (check_pdist_args(in, p, out)):  [method.cpp:1480] KernelCall failed at instruction 0:0 in operator aten::_pdist_forward.out: 0x12 [method.cpp:1490] arg 0 with type id 1 [method.cpp:1490] arg 1 with type id 3 [method.cpp:1490] arg 2 with type id 1 [method.cpp:1490] arg 3 with type id 1	n0*=_pdist_forward(L0,·)
MISMATCH	w11:41	out[0] max|delta|=7.206e+16 (rtol=0.0 atol=0.0)	n0*=bitwise_left_shift.Tensor_Scalar(L0,·)
SKIP	w11:43	client RuntimeError: method->execute() failed with error 0x12 | [index_util.cpp:156] Check failed (index.scalar_type() == ScalarType::Long): Expected dtype int64 for index; index.scalar_type() = Int [op_scatter_add.cpp:61] Check failed (check_scatter_add_args(self, dim, index, src, out)):  [method.cpp:1480] KernelCall failed at instruction 0:0 in operator aten::scatter_add.out: 0x12 [method.cpp:1490] arg 0 with type id 1 [method.cpp:1490] arg 1 with type id 4 [method.cpp:1490] arg 2 with type id 1 [method.cpp:1490] arg 3 with type id 1 [method.cpp:1490] arg 4 with type id 1 [method.cpp:1490] arg 5 with type id 1	n0*=scatter_add.out(L0,·,L1,L2,·)
SKIP	w11:68	client RuntimeError: method->execute() failed with error 0x12 | [op_arange.cpp:55] Check failed (utils::extract_scalar(start, &d_start)):  [method.cpp:1480] KernelCall failed at instruction 0:0 in operator aten::arange.start_out: 0x12 [method.cpp:1490] arg 0 with type id 5 [method.cpp:1490] arg 1 with type id 5 [method.cpp:1490] arg 2 with type id 5 [method.cpp:1490] arg 3 with type id 1 [method.cpp:1490] arg 4 with type id 1	n0*=arange.start_out(·,·,·,·)
SKIP	w11:93	client RuntimeError: method->execute() failed with error 0x12 | [normalization_ops_util.cpp:160] Check failed (in.size(0) == N):  [op_native_group_norm.cpp:139] Check failed (check_group_norm_args( input, weight, bias, N, C, HxW, group, out, mean_out, rstd_out)):  [method.cpp:1480] KernelCall failed at instruction 0:0 in operator aten::native_group_norm.out: 0x12 [method.cpp:1490] arg 0 with type id 1 [method.cpp:1490] arg 1 with type id 0 [method.cpp:1490] arg 2 with type id 0 [method.cpp:1490] arg 3 with type id 4 [method.cpp:1490] arg 4 with type id 4 [method.cpp:1490] arg 5 with type id 4 [method.cpp:1490] arg 6 with type id 4 [method.cpp:1490] arg 7 with type id 3 [method.cpp:1490] arg 8 with type id 1 [method.cpp:1490] arg 9 with type id 1 [method.cpp:1490] arg 10 with type id 1 [method.cpp:1490] arg 11 with type id 9	n0*=native_group_norm(L0,·,·,·,·,·,·,·)
SKIP	w110:103	client RuntimeError: method->execute() failed with error 0x12 | [index_util.cpp:156] Check failed (index.scalar_type() == ScalarType::Long): Expected dtype int64 for index; index.scalar_type() = Int [op_scatter.cpp:113] Check failed (check_scatter_src_args(in, dim, index, src, out)):  [method.cpp:1480] KernelCall failed at instruction 0:0 in operator aten::scatter.src_out: 0x12 [method.cpp:1490] arg 0 with type id 1 [method.cpp:1490] arg 1 with type id 4 [method.cpp:1490] arg 2 with type id 1 [method.cpp:1490] arg 3 with type id 1 [method.cpp:1490] arg 4 with type id 1 [method.cpp:1490] arg 5 with type id 1	n0*=scatter.src_out(L0,·,L1,L2,·)
MISMATCH	w110:12	out[0] max|delta|=1.074e+09 (rtol=0.0 atol=0.0)	n0*=bitwise_left_shift.Tensor_Scalar(L0,·)
MISMATCH	w110:124	out[0] non-finite mismatch (nan/inf positions differ)	n0*=gelu.out(L0,·,·)
SKIP	w110:146	client RuntimeError: method->execute() failed with error 0x12 | [normalization_ops_util.cpp:160] Check failed (in.size(0) == N):  [op_native_group_norm.cpp:139] Check failed (check_group_norm_args( input, weight, bias, N, C, HxW, group, out, mean_out, rstd_out)):  [method.cpp:1480] KernelCall failed at instruction 0:0 in operator aten::native_group_norm.out: 0x12 [method.cpp:1490] arg 0 with type id 1 [method.cpp:1490] arg 1 with type id 0 [method.cpp:1490] arg 2 with type id 0 [method.cpp:1490] arg 3 with type id 4 [method.cpp:1490] arg 4 with type id 4 [method.cpp:1490] arg 5 with type id 4 [method.cpp:1490] arg 6 with type id 4 [method.cpp:1490] arg 7 with type id 3 [method.cpp:1490] arg 8 with type id 1 [method.cpp:1490] arg 9 with type id 1 [method.cpp:1490] arg 10 with type id 1 [method.cpp:1490] arg 11 with type id 9	n0*=native_group_norm(L0,·,·,·,·,·,·,·)
SKIP	w110:149	client RuntimeError: method->execute() failed with error 0x12 | [tensor_util.h:617] Check failed (static_cast<size_t>(t.dim()) == rank): Expected tensor.dim() to be 2, but got 3 [distance_util.cpp:16] Check failed (tensor_is_rank(in, 2)):  [op_pdist_forward.cpp:25] Check failed (check_pdist_args(in, p, out)):  [method.cpp:1480] KernelCall failed at instruction 0:0 in operator aten::_pdist_forward.out: 0x12 [method.cpp:1490] arg 0 with type id 1 [method.cpp:1490] arg 1 with type id 3 [method.cpp:1490] arg 2 with type id 1 [method.cpp:1490] arg 3 with type id 1	n0*=_pdist_forward(L0,·)
SKIP	w110:177	client RuntimeError: method->execute() failed with error 0x12 | [tensor_util_portable.cpp:130] Check failed (all_contiguous || all_channels_last): 2 input tensors have different dim orders [op_fft_r2c.cpp:29] Check failed (tensors_have_same_dim_order(in, out)):  [method.cpp:1480] KernelCall failed at instruction 0:0 in operator aten::_fft_r2c.out: 0x12 [method.cpp:1490] arg 0 with type id 1 [method.cpp:1490] arg 1 with type id 8 [method.cpp:1490] arg 2 with type id 4 [method.cpp:1490] arg 3 with type id 5 [method.cpp:1490] arg 4 with type id 1 [method.cpp:1490] arg 5 with type id 1	n0*=_fft_r2c(L0,·,·,·)
SKIP	w110:20	client RuntimeError: method->execute() failed with error 0x12 | [copy_ops_util.cpp:165] Check failed (implicit == false): This operator is not implemented for when implicit == true. [op_expand_copy.cpp:63] Check failed (check_expand_copy_args(self, expand_sizes, implicit, out)):  [method.cpp:1480] KernelCall failed at instruction 0:0 in operator aten::expand_copy.out: 0x12 [method.cpp:1490] arg 0 with type id 1 [method.cpp:1490] arg 1 with type id 8 [method.cpp:1490] arg 2 with type id 5 [method.cpp:1490] arg 3 with type id 1 [method.cpp:1490] arg 4 with type id 1	n0*=expand_copy(L0,·,·)
MISMATCH	w110:220	out[0] non-finite mismatch (nan/inf positions differ)	n0*=_log_softmax.out(L0,·,·,·)
SKIP	w110:248	client RuntimeError: method->execute() failed with error 0x12 | [copy_ops_util.cpp:165] Check failed (implicit == false): This operator is not implemented for when implicit == true. [op_expand_copy.cpp:63] Check failed (check_expand_copy_args(self, expand_sizes, implicit, out)):  [method.cpp:1480] KernelCall failed at instruction 0:0 in operator aten::expand_copy.out: 0x12 [method.cpp:1490] arg 0 with type id 1 [method.cpp:1490] arg 1 with type id 8 [method.cpp:1490] arg 2 with type id 5 [method.cpp:1490] arg 3 with type id 1 [method.cpp:1490] arg 4 with type id 1	n0*=expand_copy(L0,·,·)
SKIP	w110:267	client RuntimeError: method->execute() failed with error 0x12 | [op_arange.cpp:59] Check failed (utils::extract_scalar(end, &d_end)):  [method.cpp:1480] KernelCall failed at instruction 0:0 in operator aten::arange.start_out: 0x12 [method.cpp:1490] arg 0 with type id 3 [method.cpp:1490] arg 1 with type id 5 [method.cpp:1490] arg 2 with type id 4 [method.cpp:1490] arg 3 with type id 1 [method.cpp:1490] arg 4 with type id 1	n0*=arange.start_out(·,·,·,·)
SKIP	w110:274	client RuntimeError: method->execute() failed with error 0x12 | [op_sub.cpp:144] Check failed (utils::extract_scalar(alpha, &alpha_val)):  [method.cpp:1480] KernelCall failed at instruction 0:0 in operator aten::sub.Scalar_out: 0x12 [method.cpp:1490] arg 0 with type id 1 [method.cpp:1490] arg 1 with type id 4 [method.cpp:1490] arg 2 with type id 4 [method.cpp:1490] arg 3 with type id 1 [method.cpp:1490] arg 4 with type id 1	n0*=sub.Scalar(L0,·,·)
SKIP	w110:292	client RuntimeError: method->execute() failed with error 0x12 | [normalization_ops_util.cpp:160] Check failed (in.size(0) == N):  [op_native_group_norm.cpp:139] Check failed (check_group_norm_args( input, weight, bias, N, C, HxW, group, out, mean_out, rstd_out)):  [method.cpp:1480] KernelCall failed at instruction 0:0 in operator aten::native_group_norm.out: 0x12 [method.cpp:1490] arg 0 with type id 1 [method.cpp:1490] arg 1 with type id 0 [method.cpp:1490] arg 2 with type id 0 [method.cpp:1490] arg 3 with type id 4 [method.cpp:1490] arg 4 with type id 4 [method.cpp:1490] arg 5 with type id 4 [method.cpp:1490] arg 6 with type id 4 [method.cpp:1490] arg 7 with type id 3 [method.cpp:1490] arg 8 with type id 1 [method.cpp:1490] arg 9 with type id 1 [method.cpp:1490] arg 10 with type id 1 [method.cpp:1490] arg 11 with type id 9	n0*=native_group_norm(L0,·,·,·,·,·,·,·)
MISMATCH	w110:319	out[0] max|delta|=1.611e+09 (rtol=0.0 atol=0.0)	n0*=bitwise_left_shift.Tensor_out(L0,L1,·)
MISMATCH	w110:352	out[0] non-finite mismatch (nan/inf positions differ)	n0*=gelu.out(L0,·,·)
SKIP	w110:374	client RuntimeError: method->execute() failed with error 0x12 | [normalization_ops_util.cpp:160] Check failed (in.size(0) == N):  [op_native_group_norm.cpp:139] Check failed (check_group_norm_args( input, weight, bias, N, C, HxW, group, out, mean_out, rstd_out)):  [method.cpp:1480] KernelCall failed at instruction 0:0 in operator aten::native_group_norm.out: 0x12 [method.cpp:1490] arg 0 with type id 1 [method.cpp:1490] arg 1 with type id 0 [method.cpp:1490] arg 2 with type id 0 [method.cpp:1490] arg 3 with type id 4 [method.cpp:1490] arg 4 with type id 4 [method.cpp:1490] arg 5 with type id 4 [method.cpp:1490] arg 6 with type id 4 [method.cpp:1490] arg 7 with type id 3 [method.cpp:1490] arg 8 with type id 1 [method.cpp:1490] arg 9 with type id 1 [method.cpp:1490] arg 10 with type id 1 [method.cpp:1490] arg 11 with type id 9	n0*=native_group_norm(L0,·,·,·,·,·,·,·)
SKIP	w110:39	client RuntimeError: method->execute() failed with error 0x12 | [op_arange.cpp:55] Check failed (utils::extract_scalar(start, &d_start)):  [method.cpp:1480] KernelCall failed at instruction 0:0 in operator aten::arange.start_out: 0x12 [method.cpp:1490] arg 0 with type id 5 [method.cpp:1490] arg 1 with type id 5 [method.cpp:1490] arg 2 with type id 4 [method.cpp:1490] arg 3 with type id 1 [method.cpp:1490] arg 4 with type id 1	n0*=arange.start_out(·,·,·,·)
MISMATCH	w110:56	out[0] non-finite mismatch (nan/inf positions differ)	n0*=grid_sampler_2d(L0,L1,·,·,·)
CRASH	w109:140	executor died (native abort)	n0*=max_pool2d_with_indices_backward.grad_input(L0,L1,·,·,·,·,·,L2,L3)
SKIP	w110:64	client RuntimeError: method->execute() failed with error 0x12 | [normalization_ops_util.cpp:160] Check failed (in.size(0) == N):  [op_native_group_norm.cpp:139] Check failed (check_group_norm_args( input, weight, bias, N, C, HxW, group, out, mean_out, rstd_out)):  [method.cpp:1480] KernelCall failed at instruction 0:0 in operator aten::native_group_norm.out: 0x12 [method.cpp:1490] arg 0 with type id 1 [method.cpp:1490] arg 1 with type id 0 [method.cpp:1490] arg 2 with type id 0 [method.cpp:1490] arg 3 with type id 4 [method.cpp:1490] arg 4 with type id 4 [method.cpp:1490] arg 5 with type id 4 [method.cpp:1490] arg 6 with type id 4 [method.cpp:1490] arg 7 with type id 3 [method.cpp:1490] arg 8 with type id 1 [method.cpp:1490] arg 9 with type id 1 [method.cpp:1490] arg 10 with type id 1 [method.cpp:1490] arg 11 with type id 9	n0*=native_group_norm(L0,·,·,·,·,·,·,·)
MISMATCH	w110:88	out[0] non-finite mismatch (nan/inf positions differ)	n0*=bitwise_left_shift.Tensor_Scalar_out(L0,·,·)
MISMATCH	w111:108	out[0] max|delta|=3.000e+00 (rtol=0.0 atol=0.0)	n0*=fmod.Scalar(L0,·)
SKIP	w111:119	client RuntimeError: method->execute() failed with error 0x12 | [tensor_util.h:617] Check failed (static_cast<size_t>(t.dim()) == rank): Expected tensor.dim() to be 2, but got 1 [distance_util.cpp:16] Check failed (tensor_is_rank(in, 2)):  [op_pdist_forward.cpp:25] Check failed (check_pdist_args(in, p, out)):  [method.cpp:1480] KernelCall failed at instruction 0:0 in operator aten::_pdist_forward.out: 0x12 [method.cpp:1490] arg 0 with type id 1 [method.cpp:1490] arg 1 with type id 3 [method.cpp:1490] arg 2 with type id 1 [method.cpp:1490] arg 3 with type id 1	n0*=_pdist_forward(L0,·)
SKIP	w111:218	client RuntimeError: method->execute() failed with error 0x12 | [copy_ops_util.cpp:165] Check failed (implicit == false): This operator is not implemented for when implicit == true. [op_expand_copy.cpp:63] Check failed (check_expand_copy_args(self, expand_sizes, implicit, out)):  [method.cpp:1480] KernelCall failed at instruction 0:0 in operator aten::expand_copy.out: 0x12 [method.cpp:1490] arg 0 with type id 1 [method.cpp:1490] arg 1 with type id 8 [method.cpp:1490] arg 2 with type id 5 [method.cpp:1490] arg 3 with type id 1 [method.cpp:1490] arg 4 with type id 1	n0*=expand_copy(L0,·,·)
SKIP	w111:237	client RuntimeError: method->execute() failed with error 0x12 | [op_arange.cpp:55] Check failed (utils::extract_scalar(start, &d_start)):  [method.cpp:1480] KernelCall failed at instruction 0:0 in operator aten::arange.start_out: 0x12 [method.cpp:1490] arg 0 with type id 5 [method.cpp:1490] arg 1 with type id 5 [method.cpp:1490] arg 2 with type id 5 [method.cpp:1490] arg 3 with type id 1 [method.cpp:1490] arg 4 with type id 1	n0*=arange.start_out(·,·,·,·)
SKIP	w111:34	client RuntimeError: method->execute() failed with error 0x12 | [normalization_ops_util.cpp:160] Check failed (in.size(0) == N):  [op_native_group_norm.cpp:139] Check failed (check_group_norm_args( input, weight, bias, N, C, HxW, group, out, mean_out, rstd_out)):  [method.cpp:1480] KernelCall failed at instruction 0:0 in operator aten::native_group_norm.out: 0x12 [method.cpp:1490] arg 0 with type id 1 [method.cpp:1490] arg 1 with type id 0 [method.cpp:1490] arg 2 with type id 0 [method.cpp:1490] arg 3 with type id 4 [method.cpp:1490] arg 4 with type id 4 [method.cpp:1490] arg 5 with type id 4 [method.cpp:1490] arg 6 with type id 4 [method.cpp:1490] arg 7 with type id 3 [method.cpp:1490] arg 8 with type id 1 [method.cpp:1490] arg 9 with type id 1 [method.cpp:1490] arg 10 with type id 1 [method.cpp:1490] arg 11 with type id 9	n0*=native_group_norm(L0,·,·,·,·,·,·,·)
MISMATCH	w111:61	out[0] max|delta|=9.223e+18 (rtol=0.01 atol=0.001)	n0*=bitwise_left_shift.Tensor_out(L0,L1,·)
SKIP	w111:73	client RuntimeError: method->execute() failed with error 0x12 | [index_util.cpp:156] Check failed (index.scalar_type() == ScalarType::Long): Expected dtype int64 for index; index.scalar_type() = Int [op_scatter.cpp:113] Check failed (check_scatter_src_args(in, dim, index, src, out)):  [method.cpp:1480] KernelCall failed at instruction 0:0 in operator aten::scatter.src_out: 0x12 [method.cpp:1490] arg 0 with type id 1 [method.cpp:1490] arg 1 with type id 4 [method.cpp:1490] arg 2 with type id 1 [method.cpp:1490] arg 3 with type id 1 [method.cpp:1490] arg 4 with type id 1 [method.cpp:1490] arg 5 with type id 1	n0*=scatter.src_out(L0,·,L1,L2,·)
SKIP	w111:9	client RuntimeError: method->execute() failed with error 0x12 | [op_arange.cpp:55] Check failed (utils::extract_scalar(start, &d_start)):  [method.cpp:1480] KernelCall failed at instruction 0:0 in operator aten::arange.start_out: 0x12 [method.cpp:1490] arg 0 with type id 5 [method.cpp:1490] arg 1 with type id 5 [method.cpp:1490] arg 2 with type id 3 [method.cpp:1490] arg 3 with type id 1 [method.cpp:1490] arg 4 with type id 1	n0*=arange.start_out(·,·,·,·)
MISMATCH	w111:94	out[0] non-finite mismatch (nan/inf positions differ)	n0*=gelu.out(L0,·,·)
MISMATCH	w112:100	out[0] non-finite mismatch (nan/inf positions differ)	n0*=gelu.out(L0,·,·)
SKIP	w112:122	client RuntimeError: method->execute() failed with error 0x12 | [normalization_ops_util.cpp:160] Check failed (in.size(0) == N):  [op_native_group_norm.cpp:139] Check failed (check_group_norm_args( input, weight, bias, N, C, HxW, group, out, mean_out, rstd_out)):  [method.cpp:1480] KernelCall failed at instruction 0:0 in operator aten::native_group_norm.out: 0x12 [method.cpp:1490] arg 0 with type id 1 [method.cpp:1490] arg 1 with type id 0 [method.cpp:1490] arg 2 with type id 0 [method.cpp:1490] arg 3 with type id 4 [method.cpp:1490] arg 4 with type id 4 [method.cpp:1490] arg 5 with type id 4 [method.cpp:1490] arg 6 with type id 4 [method.cpp:1490] arg 7 with type id 3 [method.cpp:1490] arg 8 with type id 1 [method.cpp:1490] arg 9 with type id 1 [method.cpp:1490] arg 10 with type id 1 [method.cpp:1490] arg 11 with type id 9	n0*=native_group_norm(L0,·,·,·,·,·,·,·)
SKIP	w112:125	client RuntimeError: method->execute() failed with error 0x12 | [op_pdist_forward.cpp:45] Unhandled dtype Int for _pdist_forward.out [method.cpp:1480] KernelCall failed at instruction 0:0 in operator aten::_pdist_forward.out: 0x12 [method.cpp:1490] arg 0 with type id 1 [method.cpp:1490] arg 1 with type id 3 [method.cpp:1490] arg 2 with type id 1 [method.cpp:1490] arg 3 with type id 1	n0*=_pdist_forward(L0,·)
SKIP	w112:15	client RuntimeError: method->execute() failed with error 0x12 | [op_arange.cpp:55] Check failed (utils::extract_scalar(start, &d_start)):  [method.cpp:1480] KernelCall failed at instruction 0:0 in operator aten::arange.start_out: 0x12 [method.cpp:1490] arg 0 with type id 5 [method.cpp:1490] arg 1 with type id 5 [method.cpp:1490] arg 2 with type id 5 [method.cpp:1490] arg 3 with type id 1 [method.cpp:1490] arg 4 with type id 1	n0*=arange.start_out(·,·,·,·)
SKIP	w112:153	client RuntimeError: method->execute() failed with error 0x12 | [tensor_util_portable.cpp:130] Check failed (all_contiguous || all_channels_last): 2 input tensors have different dim orders [op_fft_r2c.cpp:29] Check failed (tensors_have_same_dim_order(in, out)):  [method.cpp:1480] KernelCall failed at instruction 0:0 in operator aten::_fft_r2c.out: 0x12 [method.cpp:1490] arg 0 with type id 1 [method.cpp:1490] arg 1 with type id 8 [method.cpp:1490] arg 2 with type id 4 [method.cpp:1490] arg 3 with type id 5 [method.cpp:1490] arg 4 with type id 1 [method.cpp:1490] arg 5 with type id 1	n0*=_fft_r2c(L0,·,·,·)
MISMATCH	w112:216	out[0] max|delta|=4.612e+18 (rtol=0.0 atol=0.0)	n0*=bitwise_left_shift.Tensor_Scalar(L0,·)
MISMATCH	w112:238	out[0] max|delta|=7.000e+00 (rtol=0.01 atol=0.001)	n0*=remainder.Scalar_out(L0,·,·)
SKIP	w112:243	client RuntimeError: method->execute() failed with error 0x12 | [op_arange.cpp:55] Check failed (utils::extract_scalar(start, &d_start)):  [method.cpp:1480] KernelCall failed at instruction 0:0 in operator aten::arange.start_out: 0x12 [method.cpp:1490] arg 0 with type id 5 [method.cpp:1490] arg 1 with type id 5 [method.cpp:1490] arg 2 with type id 5 [method.cpp:1490] arg 3 with type id 1 [method.cpp:1490] arg 4 with type id 1	n0*=arange.start_out(·,·,·,·)
SKIP	w112:263	client RuntimeError: method->execute() failed with error 0x12 | [kernel_ops_util.cpp:389] Check failed (in.dim() == 3 || in.dim() == 4): Expect input tensor to be 3-D or 4-D, but got, 5. [op_convolution.cpp:363] Check failed (check_convolution_args( in, weight, bias, stride, padding, dilation, transposed, output_padding, groups, out)):  [method.cpp:1480] KernelCall failed at instruction 0:0 in operator aten::convolution.out: 0x12 [method.cpp:1490] arg 0 with type id 1 [method.cpp:1490] arg 1 with type id 1 [method.cpp:1490] arg 2 with type id 0 [method.cpp:1490] arg 3 with type id 8 [method.cpp:1490] arg 4 with type id 8 [method.cpp:1490] arg 5 with type id 8 [method.cpp:1490] arg 6 with type id 5 [method.cpp:1490] arg 7 with type id 8 [method.cpp:1490] arg 8 with type id 4 [method.cpp:1490] arg 9 with type id 1 [method.cpp:1490] arg 10 with type id 1	n0*=convolution(L0,L1,·,·,·,·,·,·,·)
SKIP	w112:40	client RuntimeError: method->execute() failed with error 0x12 | [normalization_ops_util.cpp:160] Check failed (in.size(0) == N):  [op_native_group_norm.cpp:139] Check failed (check_group_norm_args( input, weight, bias, N, C, HxW, group, out, mean_out, rstd_out)):  [method.cpp:1480] KernelCall failed at instruction 0:0 in operator aten::native_group_norm.out: 0x12 [method.cpp:1490] arg 0 with type id 1 [method.cpp:1490] arg 1 with type id 0 [method.cpp:1490] arg 2 with type id 0 [method.cpp:1490] arg 3 with type id 4 [method.cpp:1490] arg 4 with type id 4 [method.cpp:1490] arg 5 with type id 4 [method.cpp:1490] arg 6 with type id 4 [method.cpp:1490] arg 7 with type id 3 [method.cpp:1490] arg 8 with type id 1 [method.cpp:1490] arg 9 with type id 1 [method.cpp:1490] arg 10 with type id 1 [method.cpp:1490] arg 11 with type id 9	n0*=native_group_norm(L0,·,·,·,·,·,·,·)
MISMATCH	w112:64	out[0] max|delta|=2.882e+17 (rtol=0.01 atol=0.001)	n0*=bitwise_left_shift.Tensor_Scalar_out(L0,·,·)
MISMATCH	w112:67	out[0] max|delta|=6.918e+18 (rtol=0.01 atol=0.001)	n0*=bitwise_left_shift.Tensor_out(L0,L1,·)
SKIP	w112:79	client RuntimeError: method->execute() failed with error 0x12 | [index_util.cpp:156] Check failed (index.scalar_type() == ScalarType::Long): Expected dtype int64 for index; index.scalar_type() = Int [op_scatter.cpp:113] Check failed (check_scatter_src_args(in, dim, index, src, out)):  [method.cpp:1480] KernelCall failed at instruction 0:0 in operator aten::scatter.src_out: 0x12 [method.cpp:1490] arg 0 with type id 1 [method.cpp:1490] arg 1 with type id 4 [method.cpp:1490] arg 2 with type id 1 [method.cpp:1490] arg 3 with type id 1 [method.cpp:1490] arg 4 with type id 1 [method.cpp:1490] arg 5 with type id 1	n0*=scatter.src_out(L0,·,L1,L2,·)
SKIP	w113:114	client RuntimeError: method->execute() failed with error 0x12 | [normalization_ops_util.cpp:160] Check failed (in.size(0) == N):  [op_native_group_norm.cpp:139] Check failed (check_group_norm_args( input, weight, bias, N, C, HxW, group, out, mean_out, rstd_out)):  [method.cpp:1480] KernelCall failed at instruction 0:0 in operator aten::native_group_norm.out: 0x12 [method.cpp:1490] arg 0 with type id 1 [method.cpp:1490] arg 1 with type id 0 [method.cpp:1490] arg 2 with type id 0 [method.cpp:1490] arg 3 with type id 4 [method.cpp:1490] arg 4 with type id 4 [method.cpp:1490] arg 5 with type id 4 [method.cpp:1490] arg 6 with type id 4 [method.cpp:1490] arg 7 with type id 3 [method.cpp:1490] arg 8 with type id 1 [method.cpp:1490] arg 9 with type id 1 [method.cpp:1490] arg 10 with type id 1 [method.cpp:1490] arg 11 with type id 9	n0*=native_group_norm(L0,·,·,·,·,·,·,·)
MISMATCH	w113:141	out[0] max|delta|=6.918e+18 (rtol=0.0 atol=0.0)	n0*=bitwise_left_shift.Tensor_out(L0,L1,·)
SKIP	w113:153	client RuntimeError: method->execute() failed with error 0x12 | [index_util.cpp:156] Check failed (index.scalar_type() == ScalarType::Long): Expected dtype int64 for index; index.scalar_type() = Int [op_scatter.cpp:113] Check failed (check_scatter_src_args(in, dim, index, src, out)):  [method.cpp:1480] KernelCall failed at instruction 0:0 in operator aten::scatter.src_out: 0x12 [method.cpp:1490] arg 0 with type id 1 [method.cpp:1490] arg 1 with type id 4 [method.cpp:1490] arg 2 with type id 1 [method.cpp:1490] arg 3 with type id 1 [method.cpp:1490] arg 4 with type id 1 [method.cpp:1490] arg 5 with type id 1	n0*=scatter.src_out(L0,·,L1,L2,·)
SKIP	w113:160	client RuntimeError: method->execute() failed with error 0x12 | [op_copy.cpp:33] Check failed (non_blocking == false):  [method.cpp:1480] KernelCall failed at instruction 0:0 in operator aten::copy.out: 0x12 [method.cpp:1490] arg 0 with type id 1 [method.cpp:1490] arg 1 with type id 1 [method.cpp:1490] arg 2 with type id 5 [method.cpp:1490] arg 3 with type id 1 [method.cpp:1490] arg 4 with type id 1	n0*=copy(L0,L1,·)
MISMATCH	w113:174	out[0] non-finite mismatch (nan/inf positions differ)	n0*=gelu.out(L0,·,·)
SKIP	w113:196	client RuntimeError: method->execute() failed with error 0x12 | [normalization_ops_util.cpp:160] Check failed (in.size(0) == N):  [op_native_group_norm.cpp:139] Check failed (check_group_norm_args( input, weight, bias, N, C, HxW, group, out, mean_out, rstd_out)):  [method.cpp:1480] KernelCall failed at instruction 0:0 in operator aten::native_group_norm.out: 0x12 [method.cpp:1490] arg 0 with type id 1 [method.cpp:1490] arg 1 with type id 0 [method.cpp:1490] arg 2 with type id 0 [method.cpp:1490] arg 3 with type id 4 [method.cpp:1490] arg 4 with type id 4 [method.cpp:1490] arg 5 with type id 4 [method.cpp:1490] arg 6 with type id 4 [method.cpp:1490] arg 7 with type id 3 [method.cpp:1490] arg 8 with type id 1 [method.cpp:1490] arg 9 with type id 1 [method.cpp:1490] arg 10 with type id 1 [method.cpp:1490] arg 11 with type id 9	n0*=native_group_norm(L0,·,·,·,·,·,·,·)
SKIP	w113:199	client RuntimeError: method->execute() failed with error 0x12 | [tensor_util.h:617] Check failed (static_cast<size_t>(t.dim()) == rank): Expected tensor.dim() to be 2, but got 5 [distance_util.cpp:16] Check failed (tensor_is_rank(in, 2)):  [op_pdist_forward.cpp:25] Check failed (check_pdist_args(in, p, out)):  [method.cpp:1480] KernelCall failed at instruction 0:0 in operator aten::_pdist_forward.out: 0x12 [method.cpp:1490] arg 0 with type id 1 [method.cpp:1490] arg 1 with type id 3 [method.cpp:1490] arg 2 with type id 1 [method.cpp:1490] arg 3 with type id 1	n0*=_pdist_forward(L0,·)
SKIP	w113:227	client RuntimeError: method->execute() failed with error 0x12 | [tensor_util_portable.cpp:130] Check failed (all_contiguous || all_channels_last): 2 input tensors have different dim orders [op_fft_r2c.cpp:29] Check failed (tensors_have_same_dim_order(in, out)):  [method.cpp:1480] KernelCall failed at instruction 0:0 in operator aten::_fft_r2c.out: 0x12 [method.cpp:1490] arg 0 with type id 1 [method.cpp:1490] arg 1 with type id 8 [method.cpp:1490] arg 2 with type id 4 [method.cpp:1490] arg 3 with type id 5 [method.cpp:1490] arg 4 with type id 1 [method.cpp:1490] arg 5 with type id 1	n0*=_fft_r2c(L0,·,·,·)
SKIP	w113:298	client RuntimeError: method->execute() failed with error 0x12 | [copy_ops_util.cpp:165] Check failed (implicit == false): This operator is not implemented for when implicit == true. [op_expand_copy.cpp:63] Check failed (check_expand_copy_args(self, expand_sizes, implicit, out)):  [method.cpp:1480] KernelCall failed at instruction 0:0 in operator aten::expand_copy.out: 0x12 [method.cpp:1490] arg 0 with type id 1 [method.cpp:1490] arg 1 with type id 8 [method.cpp:1490] arg 2 with type id 5 [method.cpp:1490] arg 3 with type id 1 [method.cpp:1490] arg 4 with type id 1	n0*=expand_copy(L0,·,·)
SKIP	w113:317	client RuntimeError: method->execute() failed with error 0x12 | [op_arange.cpp:59] Check failed (utils::extract_scalar(end, &d_end)):  [method.cpp:1480] KernelCall failed at instruction 0:0 in operator aten::arange.start_out: 0x12 [method.cpp:1490] arg 0 with type id 4 [method.cpp:1490] arg 1 with type id 5 [method.cpp:1490] arg 2 with type id 3 [method.cpp:1490] arg 3 with type id 1 [method.cpp:1490] arg 4 with type id 1	n0*=arange.start_out(·,·,·,·)
MISMATCH	w113:334	out[0] non-finite mismatch (nan/inf positions differ)	n0*=grid_sampler_2d(L0,L1,·,·,·)
SKIP	w113:342	client RuntimeError: method->execute() failed with error 0x12 | [normalization_ops_util.cpp:160] Check failed (in.size(0) == N):  [op_native_group_norm.cpp:139] Check failed (check_group_norm_args( input, weight, bias, N, C, HxW, group, out, mean_out, rstd_out)):  [method.cpp:1480] KernelCall failed at instruction 0:0 in operator aten::native_group_norm.out: 0x12 [method.cpp:1490] arg 0 with type id 1 [method.cpp:1490] arg 1 with type id 0 [method.cpp:1490] arg 2 with type id 0 [method.cpp:1490] arg 3 with type id 4 [method.cpp:1490] arg 4 with type id 4 [method.cpp:1490] arg 5 with type id 4 [method.cpp:1490] arg 6 with type id 4 [method.cpp:1490] arg 7 with type id 3 [method.cpp:1490] arg 8 with type id 1 [method.cpp:1490] arg 9 with type id 1 [method.cpp:1490] arg 10 with type id 1 [method.cpp:1490] arg 11 with type id 9	n0*=native_group_norm(L0,·,·,·,·,·,·,·)
MISMATCH	w113:366	out[0] non-finite mismatch (nan/inf positions differ)	n0*=bitwise_left_shift.Tensor_Scalar_out(L0,·,·)
MISMATCH	w113:369	out[0] max|delta|=9.223e+18 (rtol=0.0 atol=0.0)	n0*=bitwise_left_shift.Tensor_out(L0,L1,·)
MISMATCH	w113:402	out[0] non-finite mismatch (nan/inf positions differ)	n0*=gelu.out(L0,·,·)
MISMATCH	w113:42	out[0] non-finite mismatch (nan/inf positions differ)	n0*=_log_softmax.out(L0,·,·,·)
SKIP	w113:424	client RuntimeError: method->execute() failed with error 0x12 | [normalization_ops_util.cpp:160] Check failed (in.size(0) == N):  [op_native_group_norm.cpp:139] Check failed (check_group_norm_args( input, weight, bias, N, C, HxW, group, out, mean_out, rstd_out)):  [method.cpp:1480] KernelCall failed at instruction 0:0 in operator aten::native_group_norm.out: 0x12 [method.cpp:1490] arg 0 with type id 1 [method.cpp:1490] arg 1 with type id 0 [method.cpp:1490] arg 2 with type id 0 [method.cpp:1490] arg 3 with type id 4 [method.cpp:1490] arg 4 with type id 4 [method.cpp:1490] arg 5 with type id 4 [method.cpp:1490] arg 6 with type id 4 [method.cpp:1490] arg 7 with type id 3 [method.cpp:1490] arg 8 with type id 1 [method.cpp:1490] arg 9 with type id 1 [method.cpp:1490] arg 10 with type id 1 [method.cpp:1490] arg 11 with type id 9	n0*=native_group_norm(L0,·,·,·,·,·,·,·)
SKIP	w113:427	client RuntimeError: method->execute() failed with error 0x12 | [tensor_util.h:617] Check failed (static_cast<size_t>(t.dim()) == rank): Expected tensor.dim() to be 2, but got 3 [distance_util.cpp:16] Check failed (tensor_is_rank(in, 2)):  [op_pdist_forward.cpp:25] Check failed (check_pdist_args(in, p, out)):  [method.cpp:1480] KernelCall failed at instruction 0:0 in operator aten::_pdist_forward.out: 0x12 [method.cpp:1490] arg 0 with type id 1 [method.cpp:1490] arg 1 with type id 3 [method.cpp:1490] arg 2 with type id 1 [method.cpp:1490] arg 3 with type id 1	n0*=_pdist_forward(L0,·)
MISMATCH	w113:447	out[0] max|delta|=1.381e+00 (rtol=0.01 atol=0.001)	n0*=max_pool2d_with_indices_backward.grad_input(L0,L1,·,·,·,·,·,L2,L3)
MISMATCH	w113:55	out[0] max|delta|=3.000e+00 (rtol=0.0 atol=0.0)	n0*=remainder.Scalar(L0,·)
SKIP	w113:70	client RuntimeError: method->execute() failed with error 0x12 | [copy_ops_util.cpp:165] Check failed (implicit == false): This operator is not implemented for when implicit == true. [op_expand_copy.cpp:63] Check failed (check_expand_copy_args(self, expand_sizes, implicit, out)):  [method.cpp:1480] KernelCall failed at instruction 0:0 in operator aten::expand_copy.out: 0x12 [method.cpp:1490] arg 0 with type id 1 [method.cpp:1490] arg 1 with type id 8 [method.cpp:1490] arg 2 with type id 5 [method.cpp:1490] arg 3 with type id 1 [method.cpp:1490] arg 4 with type id 1	n0*=expand_copy(L0,·,·)
SKIP	w113:89	client RuntimeError: method->execute() failed with error 0x12 | [op_arange.cpp:55] Check failed (utils::extract_scalar(start, &d_start)):  [method.cpp:1480] KernelCall failed at instruction 0:0 in operator aten::arange.start_out: 0x12 [method.cpp:1490] arg 0 with type id 5 [method.cpp:1490] arg 1 with type id 5 [method.cpp:1490] arg 2 with type id 4 [method.cpp:1490] arg 3 with type id 1 [method.cpp:1490] arg 4 with type id 1	n0*=arange.start_out(·,·,·,·)
CRASH	w110:397	executor died (native abort)	n0*=max_pool2d_with_indices_backward.grad_input(L0,L1,·,·,·,·,·,L2,L3)
SKIP	w114:10	client RuntimeError: method->execute() failed with error 0x12 | [op_add.cpp:118] Check failed ((common_type == a_type && check_alpha_type(utils::get_scalar_dtype(alpha), common_type))):  [method.cpp:1480] KernelCall failed at instruction 0:0 in operator aten::add.Scalar_out: 0x12 [method.cpp:1490] arg 0 with type id 1 [method.cpp:1490] arg 1 with type id 4 [method.cpp:1490] arg 2 with type id 4 [method.cpp:1490] arg 3 with type id 1 [method.cpp:1490] arg 4 with type id 1	n0*=add.Scalar(L0,·,·)
SKIP	w114:102	client RuntimeError: method->execute() failed with error 0x12 | [kernel_ops_util.cpp:389] Check failed (in.dim() == 3 || in.dim() == 4): Expect input tensor to be 3-D or 4-D, but got, 5. [op_convolution.cpp:363] Check failed (check_convolution_args( in, weight, bias, stride, padding, dilation, transposed, output_padding, groups, out)):  [method.cpp:1480] KernelCall failed at instruction 0:0 in operator aten::convolution.out: 0x12 [method.cpp:1490] arg 0 with type id 1 [method.cpp:1490] arg 1 with type id 1 [method.cpp:1490] arg 2 with type id 0 [method.cpp:1490] arg 3 with type id 8 [method.cpp:1490] arg 4 with type id 8 [method.cpp:1490] arg 5 with type id 8 [method.cpp:1490] arg 6 with type id 5 [method.cpp:1490] arg 7 with type id 8 [method.cpp:1490] arg 8 with type id 4 [method.cpp:1490] arg 9 with type id 1 [method.cpp:1490] arg 10 with type id 1	n0*=convolution(L0,L1,·,·,·,·,·,·,·)
SKIP	w114:107	client RuntimeError: method->execute() failed with error 0x12 | [normalization_ops_util.cpp:160] Check failed (in.size(0) == N):  [op_native_group_norm.cpp:139] Check failed (check_group_norm_args( input, weight, bias, N, C, HxW, group, out, mean_out, rstd_out)):  [method.cpp:1480] KernelCall failed at instruction 0:0 in operator aten::native_group_norm.out: 0x12 [method.cpp:1490] arg 0 with type id 1 [method.cpp:1490] arg 1 with type id 0 [method.cpp:1490] arg 2 with type id 0 [method.cpp:1490] arg 3 with type id 4 [method.cpp:1490] arg 4 with type id 4 [method.cpp:1490] arg 5 with type id 4 [method.cpp:1490] arg 6 with type id 4 [method.cpp:1490] arg 7 with type id 3 [method.cpp:1490] arg 8 with type id 1 [method.cpp:1490] arg 9 with type id 1 [method.cpp:1490] arg 10 with type id 1 [method.cpp:1490] arg 11 with type id 9	n0*=native_group_norm(L0,·,·,·,·,·,·,·)
MISMATCH	w114:131	out[0] max|delta|=9.223e+18 (rtol=0.01 atol=0.001)	n0*=bitwise_left_shift.Tensor_Scalar_out(L0,·,·)
MISMATCH	w114:134	out[0] non-finite mismatch (nan/inf positions differ)	n0*=bitwise_left_shift.Tensor_out(L0,L1,·)
MISMATCH	w114:167	out[0] non-finite mismatch (nan/inf positions differ)	n0*=gelu.out(L0,·,·)
SKIP	w114:189	client RuntimeError: method->execute() failed with error 0x12 | [normalization_ops_util.cpp:160] Check failed (in.size(0) == N):  [op_native_group_norm.cpp:139] Check failed (check_group_norm_args( input, weight, bias, N, C, HxW, group, out, mean_out, rstd_out)):  [method.cpp:1480] KernelCall failed at instruction 0:0 in operator aten::native_group_norm.out: 0x12 [method.cpp:1490] arg 0 with type id 1 [method.cpp:1490] arg 1 with type id 0 [method.cpp:1490] arg 2 with type id 0 [method.cpp:1490] arg 3 with type id 4 [method.cpp:1490] arg 4 with type id 4 [method.cpp:1490] arg 5 with type id 4 [method.cpp:1490] arg 6 with type id 4 [method.cpp:1490] arg 7 with type id 3 [method.cpp:1490] arg 8 with type id 1 [method.cpp:1490] arg 9 with type id 1 [method.cpp:1490] arg 10 with type id 1 [method.cpp:1490] arg 11 with type id 9	n0*=native_group_norm(L0,·,·,·,·,·,·,·)
SKIP	w114:192	client RuntimeError: method->execute() failed with error 0x12 | [tensor_util.h:617] Check failed (static_cast<size_t>(t.dim()) == rank): Expected tensor.dim() to be 2, but got 1 [distance_util.cpp:16] Check failed (tensor_is_rank(in, 2)):  [op_pdist_forward.cpp:25] Check failed (check_pdist_args(in, p, out)):  [method.cpp:1480] KernelCall failed at instruction 0:0 in operator aten::_pdist_forward.out: 0x12 [method.cpp:1490] arg 0 with type id 1 [method.cpp:1490] arg 1 with type id 3 [method.cpp:1490] arg 2 with type id 1 [method.cpp:1490] arg 3 with type id 1	n0*=_pdist_forward(L0,·)
SKIP	w114:63	client RuntimeError: method->execute() failed with error 0x12 | [copy_ops_util.cpp:165] Check failed (implicit == false): This operator is not implemented for when implicit == true. [op_expand_copy.cpp:63] Check failed (check_expand_copy_args(self, expand_sizes, implicit, out)):  [method.cpp:1480] KernelCall failed at instruction 0:0 in operator aten::expand_copy.out: 0x12 [method.cpp:1490] arg 0 with type id 1 [method.cpp:1490] arg 1 with type id 8 [method.cpp:1490] arg 2 with type id 5 [method.cpp:1490] arg 3 with type id 1 [method.cpp:1490] arg 4 with type id 1	n0*=expand_copy(L0,·,·)
SKIP	w114:82	client RuntimeError: method->execute() failed with error 0x12 | [op_arange.cpp:55] Check failed (utils::extract_scalar(start, &d_start)):  [method.cpp:1480] KernelCall failed at instruction 0:0 in operator aten::arange.start_out: 0x12 [method.cpp:1490] arg 0 with type id 5 [method.cpp:1490] arg 1 with type id 5 [method.cpp:1490] arg 2 with type id 4 [method.cpp:1490] arg 3 with type id 1 [method.cpp:1490] arg 4 with type id 1	n0*=arange.start_out(·,·,·,·)
SKIP	w114:89	client RuntimeError: method->execute() failed with error 0x12 | [op_sub.cpp:144] Check failed (utils::extract_scalar(alpha, &alpha_val)):  [method.cpp:1480] KernelCall failed at instruction 0:0 in operator aten::sub.Scalar_out: 0x12 [method.cpp:1490] arg 0 with type id 1 [method.cpp:1490] arg 1 with type id 4 [method.cpp:1490] arg 2 with type id 4 [method.cpp:1490] arg 3 with type id 1 [method.cpp:1490] arg 4 with type id 1	n0*=sub.Scalar(L0,·,·)
MISMATCH	w114:99	out[0] non-finite mismatch (nan/inf positions differ)	n0*=grid_sampler_2d(L0,L1,·,·,·)
MISMATCH	w115:109	out[0] non-finite mismatch (nan/inf positions differ)	n0*=_log_softmax.out(L0,·,·,·)
MISMATCH	w115:122	out[0] max|delta|=4.000e+00 (rtol=0.0 atol=0.0)	n0*=remainder.Scalar(L0,·)
MISMATCH	w115:129	out[0] max|delta|=1.153e+18 (rtol=0.0 atol=0.0)	n0*=bitwise_left_shift.Tensor_Scalar(L0,·)
MISMATCH	w115:13	out[0] non-finite mismatch (nan/inf positions differ)	n0*=gelu.out(L0,·,·)
SKIP	w115:131	client RuntimeError: method->execute() failed with error 0x12 | [index_util.cpp:156] Check failed (index.scalar_type() == ScalarType::Long): Expected dtype int64 for index; index.scalar_type() = Int [op_scatter_add.cpp:61] Check failed (check_scatter_add_args(self, dim, index, src, out)):  [method.cpp:1480] KernelCall failed at instruction 0:0 in operator aten::scatter_add.out: 0x12 [method.cpp:1490] arg 0 with type id 1 [method.cpp:1490] arg 1 with type id 4 [method.cpp:1490] arg 2 with type id 1 [method.cpp:1490] arg 3 with type id 1 [method.cpp:1490] arg 4 with type id 1 [method.cpp:1490] arg 5 with type id 1	n0*=scatter_add.out(L0,·,L1,L2,·)
SKIP	w115:137	client RuntimeError: method->execute() failed with error 0x12 | [copy_ops_util.cpp:165] Check failed (implicit == false): This operator is not implemented for when implicit == true. [op_expand_copy.cpp:63] Check failed (check_expand_copy_args(self, expand_sizes, implicit, out)):  [method.cpp:1480] KernelCall failed at instruction 0:0 in operator aten::expand_copy.out: 0x12 [method.cpp:1490] arg 0 with type id 1 [method.cpp:1490] arg 1 with type id 8 [method.cpp:1490] arg 2 with type id 5 [method.cpp:1490] arg 3 with type id 1 [method.cpp:1490] arg 4 with type id 1	n0*=expand_copy(L0,·,·)
SKIP	w115:156	client RuntimeError: method->execute() failed with error 0x12 | [op_arange.cpp:55] Check failed (utils::extract_scalar(start, &d_start)):  [method.cpp:1480] KernelCall failed at instruction 0:0 in operator aten::arange.start_out: 0x12 [method.cpp:1490] arg 0 with type id 5 [method.cpp:1490] arg 1 with type id 5 [method.cpp:1490] arg 2 with type id 5 [method.cpp:1490] arg 3 with type id 1 [method.cpp:1490] arg 4 with type id 1	n0*=arange.start_out(·,·,·,·)
MISMATCH	w115:173	out[0] non-finite mismatch (nan/inf positions differ)	n0*=grid_sampler_2d(L0,L1,·,·,·)
SKIP	w115:181	client RuntimeError: method->execute() failed with error 0x12 | [normalization_ops_util.cpp:160] Check failed (in.size(0) == N):  [op_native_group_norm.cpp:139] Check failed (check_group_norm_args( input, weight, bias, N, C, HxW, group, out, mean_out, rstd_out)):  [method.cpp:1480] KernelCall failed at instruction 0:0 in operator aten::native_group_norm.out: 0x12 [method.cpp:1490] arg 0 with type id 1 [method.cpp:1490] arg 1 with type id 0 [method.cpp:1490] arg 2 with type id 0 [method.cpp:1490] arg 3 with type id 4 [method.cpp:1490] arg 4 with type id 4 [method.cpp:1490] arg 5 with type id 4 [method.cpp:1490] arg 6 with type id 4 [method.cpp:1490] arg 7 with type id 3 [method.cpp:1490] arg 8 with type id 1 [method.cpp:1490] arg 9 with type id 1 [method.cpp:1490] arg 10 with type id 1 [method.cpp:1490] arg 11 with type id 9	n0*=native_group_norm(L0,·,·,·,·,·,·,·)
MISMATCH	w115:205	out[0] max|delta|=2.306e+18 (rtol=0.01 atol=0.001)	n0*=bitwise_left_shift.Tensor_Scalar_out(L0,·,·)
MISMATCH	w115:208	out[0] max|delta|=1.611e+09 (rtol=0.0 atol=0.0)	n0*=bitwise_left_shift.Tensor_out(L0,L1,·)
SKIP	w115:227	client RuntimeError: method->execute() failed with error 0x12 | [op_copy.cpp:33] Check failed (non_blocking == false):  [method.cpp:1480] KernelCall failed at instruction 0:0 in operator aten::copy.out: 0x12 [method.cpp:1490] arg 0 with type id 1 [method.cpp:1490] arg 1 with type id 1 [method.cpp:1490] arg 2 with type id 5 [method.cpp:1490] arg 3 with type id 1 [method.cpp:1490] arg 4 with type id 1	n0*=copy(L0,L1,·)
MISMATCH	w115:241	out[0] non-finite mismatch (nan/inf positions differ)	n0*=gelu.out(L0,·,·)
MISMATCH	w115:261	out[0] max|delta|=3.999e-01 (rtol=0.01 atol=0.001)	n0*=_native_batch_norm_legit.no_stats(L0,·,·,·,·,·)
SKIP	w115:263	client RuntimeError: method->execute() failed with error 0x12 | [normalization_ops_util.cpp:160] Check failed (in.size(0) == N):  [op_native_group_norm.cpp:139] Check failed (check_group_norm_args( input, weight, bias, N, C, HxW, group, out, mean_out, rstd_out)):  [method.cpp:1480] KernelCall failed at instruction 0:0 in operator aten::native_group_norm.out: 0x12 [method.cpp:1490] arg 0 with type id 1 [method.cpp:1490] arg 1 with type id 0 [method.cpp:1490] arg 2 with type id 0 [method.cpp:1490] arg 3 with type id 4 [method.cpp:1490] arg 4 with type id 4 [method.cpp:1490] arg 5 with type id 4 [method.cpp:1490] arg 6 with type id 4 [method.cpp:1490] arg 7 with type id 3 [method.cpp:1490] arg 8 with type id 1 [method.cpp:1490] arg 9 with type id 1 [method.cpp:1490] arg 10 with type id 1 [method.cpp:1490] arg 11 with type id 9	n0*=native_group_norm(L0,·,·,·,·,·,·,·)
SKIP	w115:294	client RuntimeError: method->execute() failed with error 0x12 | [tensor_util_portable.cpp:130] Check failed (all_contiguous || all_channels_last): 2 input tensors have different dim orders [op_fft_r2c.cpp:29] Check failed (tensors_have_same_dim_order(in, out)):  [method.cpp:1480] KernelCall failed at instruction 0:0 in operator aten::_fft_r2c.out: 0x12 [method.cpp:1490] arg 0 with type id 1 [method.cpp:1490] arg 1 with type id 8 [method.cpp:1490] arg 2 with type id 4 [method.cpp:1490] arg 3 with type id 5 [method.cpp:1490] arg 4 with type id 1 [method.cpp:1490] arg 5 with type id 1	n0*=_fft_r2c(L0,·,·,·)
SKIP	w115:35	client RuntimeError: method->execute() failed with error 0x12 | [normalization_ops_util.cpp:160] Check failed (in.size(0) == N):  [op_native_group_norm.cpp:139] Check failed (check_group_norm_args( input, weight, bias, N, C, HxW, group, out, mean_out, rstd_out)):  [method.cpp:1480] KernelCall failed at instruction 0:0 in operator aten::native_group_norm.out: 0x12 [method.cpp:1490] arg 0 with type id 1 [method.cpp:1490] arg 1 with type id 0 [method.cpp:1490] arg 2 with type id 0 [method.cpp:1490] arg 3 with type id 4 [method.cpp:1490] arg 4 with type id 4 [method.cpp:1490] arg 5 with type id 4 [method.cpp:1490] arg 6 with type id 4 [method.cpp:1490] arg 7 with type id 3 [method.cpp:1490] arg 8 with type id 1 [method.cpp:1490] arg 9 with type id 1 [method.cpp:1490] arg 10 with type id 1 [method.cpp:1490] arg 11 with type id 9	n0*=native_group_norm(L0,·,·,·,·,·,·,·)
SKIP	w115:38	client RuntimeError: method->execute() failed with error 0x12 | [op_pdist_forward.cpp:45] Unhandled dtype Long for _pdist_forward.out [method.cpp:1480] KernelCall failed at instruction 0:0 in operator aten::_pdist_forward.out: 0x12 [method.cpp:1490] arg 0 with type id 1 [method.cpp:1490] arg 1 with type id 3 [method.cpp:1490] arg 2 with type id 1 [method.cpp:1490] arg 3 with type id 1	n0*=_pdist_forward(L0,·)
MISMATCH	w115:58	out[0] max|delta|=9.737e-01 (rtol=0.01 atol=0.001)	n0*=max_pool2d_with_indices_backward.grad_input(L0,L1,·,·,·,·,·,L2,L3)
SKIP	w115:66	client RuntimeError: method->execute() failed with error 0x12 | [tensor_util_portable.cpp:130] Check failed (all_contiguous || all_channels_last): 2 input tensors have different dim orders [op_fft_r2c.cpp:29] Check failed (tensors_have_same_dim_order(in, out)):  [method.cpp:1480] KernelCall failed at instruction 0:0 in operator aten::_fft_r2c.out: 0x12 [method.cpp:1490] arg 0 with type id 1 [method.cpp:1490] arg 1 with type id 8 [method.cpp:1490] arg 2 with type id 4 [method.cpp:1490] arg 3 with type id 5 [method.cpp:1490] arg 4 with type id 1 [method.cpp:1490] arg 5 with type id 1	n0*=_fft_r2c(L0,·,·,·)
MISMATCH	w116:107	out[0] max|delta|=1.153e+18 (rtol=0.01 atol=0.001)	n0*=bitwise_left_shift.Tensor_Scalar_out(L0,·,·)
SKIP	w116:11	client RuntimeError: method->execute() failed with error 0x12 | [op_log_softmax.cpp:152] Check failed (false):  [method.cpp:1480] KernelCall failed at instruction 0:0 in operator aten::_log_softmax.out: 0x12 [method.cpp:1490] arg 0 with type id 1 [method.cpp:1490] arg 1 with type id 4 [method.cpp:1490] arg 2 with type id 5 [method.cpp:1490] arg 3 with type id 1 [method.cpp:1490] arg 4 with type id 1	n0*=_log_softmax.out(L0,·,·,·)
MISMATCH	w116:110	out[0] non-finite mismatch (nan/inf positions differ)	n0*=bitwise_left_shift.Tensor_out(L0,L1,·)
SKIP	w116:122	client RuntimeError: method->execute() failed with error 0x12 | [index_util.cpp:156] Check failed (index.scalar_type() == ScalarType::Long): Expected dtype int64 for index; index.scalar_type() = Int [op_scatter.cpp:113] Check failed (check_scatter_src_args(in, dim, index, src, out)):  [method.cpp:1480] KernelCall failed at instruction 0:0 in operator aten::scatter.src_out: 0x12 [method.cpp:1490] arg 0 with type id 1 [method.cpp:1490] arg 1 with type id 4 [method.cpp:1490] arg 2 with type id 1 [method.cpp:1490] arg 3 with type id 1 [method.cpp:1490] arg 4 with type id 1 [method.cpp:1490] arg 5 with type id 1	n0*=scatter.src_out(L0,·,L1,L2,·)
MISMATCH	w116:14	out[0] non-finite mismatch (nan/inf positions differ)	n0*=addmm.out(L0,L1,L2,·,·,·)
MISMATCH	w116:143	out[0] non-finite mismatch (nan/inf positions differ)	n0*=gelu.out(L0,·,·)
SKIP	w116:165	client RuntimeError: method->execute() failed with error 0x12 | [normalization_ops_util.cpp:160] Check failed (in.size(0) == N):  [op_native_group_norm.cpp:139] Check failed (check_group_norm_args( input, weight, bias, N, C, HxW, group, out, mean_out, rstd_out)):  [method.cpp:1480] KernelCall failed at instruction 0:0 in operator aten::native_group_norm.out: 0x12 [method.cpp:1490] arg 0 with type id 1 [method.cpp:1490] arg 1 with type id 0 [method.cpp:1490] arg 2 with type id 0 [method.cpp:1490] arg 3 with type id 4 [method.cpp:1490] arg 4 with type id 4 [method.cpp:1490] arg 5 with type id 4 [method.cpp:1490] arg 6 with type id 4 [method.cpp:1490] arg 7 with type id 3 [method.cpp:1490] arg 8 with type id 1 [method.cpp:1490] arg 9 with type id 1 [method.cpp:1490] arg 10 with type id 1 [method.cpp:1490] arg 11 with type id 9	n0*=native_group_norm(L0,·,·,·,·,·,·,·)
SKIP	w116:168	client RuntimeError: method->execute() failed with error 0x12 | [tensor_util.h:617] Check failed (static_cast<size_t>(t.dim()) == rank): Expected tensor.dim() to be 2, but got 4 [distance_util.cpp:16] Check failed (tensor_is_rank(in, 2)):  [op_pdist_forward.cpp:25] Check failed (check_pdist_args(in, p, out)):  [method.cpp:1480] KernelCall failed at instruction 0:0 in operator aten::_pdist_forward.out: 0x12 [method.cpp:1490] arg 0 with type id 1 [method.cpp:1490] arg 1 with type id 3 [method.cpp:1490] arg 2 with type id 1 [method.cpp:1490] arg 3 with type id 1	n0*=_pdist_forward(L0,·)
SKIP	w116:196	client RuntimeError: method->execute() failed with error 0x12 | [tensor_util_portable.cpp:130] Check failed (all_contiguous || all_channels_last): 2 input tensors have different dim orders [op_fft_r2c.cpp:29] Check failed (tensors_have_same_dim_order(in, out)):  [method.cpp:1480] KernelCall failed at instruction 0:0 in operator aten::_fft_r2c.out: 0x12 [method.cpp:1490] arg 0 with type id 1 [method.cpp:1490] arg 1 with type id 8 [method.cpp:1490] arg 2 with type id 4 [method.cpp:1490] arg 3 with type id 5 [method.cpp:1490] arg 4 with type id 1 [method.cpp:1490] arg 5 with type id 1	n0*=_fft_r2c(L0,·,·,·)
SKIP	w116:39	client RuntimeError: method->execute() failed with error 0x12 | [copy_ops_util.cpp:165] Check failed (implicit == false): This operator is not implemented for when implicit == true. [op_expand_copy.cpp:63] Check failed (check_expand_copy_args(self, expand_sizes, implicit, out)):  [method.cpp:1480] KernelCall failed at instruction 0:0 in operator aten::expand_copy.out: 0x12 [method.cpp:1490] arg 0 with type id 1 [method.cpp:1490] arg 1 with type id 8 [method.cpp:1490] arg 2 with type id 5 [method.cpp:1490] arg 3 with type id 1 [method.cpp:1490] arg 4 with type id 1	n0*=expand_copy(L0,·,·)
SKIP	w116:58	client RuntimeError: method->execute() failed with error 0x12 | [op_arange.cpp:55] Check failed (utils::extract_scalar(start, &d_start)):  [method.cpp:1480] KernelCall failed at instruction 0:0 in operator aten::arange.start_out: 0x12 [method.cpp:1490] arg 0 with type id 5 [method.cpp:1490] arg 1 with type id 5 [method.cpp:1490] arg 2 with type id 5 [method.cpp:1490] arg 3 with type id 1 [method.cpp:1490] arg 4 with type id 1	n0*=arange.start_out(·,·,·,·)
MISMATCH	w116:75	out[0] non-finite mismatch (nan/inf positions differ)	n0*=grid_sampler_2d(L0,L1,·,·,·)
SKIP	w116:83	client RuntimeError: method->execute() failed with error 0x12 | [normalization_ops_util.cpp:160] Check failed (in.size(0) == N):  [op_native_group_norm.cpp:139] Check failed (check_group_norm_args( input, weight, bias, N, C, HxW, group, out, mean_out, rstd_out)):  [method.cpp:1480] KernelCall failed at instruction 0:0 in operator aten::native_group_norm.out: 0x12 [method.cpp:1490] arg 0 with type id 1 [method.cpp:1490] arg 1 with type id 0 [method.cpp:1490] arg 2 with type id 0 [method.cpp:1490] arg 3 with type id 4 [method.cpp:1490] arg 4 with type id 4 [method.cpp:1490] arg 5 with type id 4 [method.cpp:1490] arg 6 with type id 4 [method.cpp:1490] arg 7 with type id 3 [method.cpp:1490] arg 8 with type id 1 [method.cpp:1490] arg 9 with type id 1 [method.cpp:1490] arg 10 with type id 1 [method.cpp:1490] arg 11 with type id 9	n0*=native_group_norm(L0,·,·,·,·,·,·,·)
MISMATCH	w117:0	out[0] non-finite mismatch (nan/inf positions differ)	n0*=bitwise_left_shift.Tensor_out(L0,L1,·)
SKIP	w117:12	client RuntimeError: method->execute() failed with error 0x12 | [index_util.cpp:156] Check failed (index.scalar_type() == ScalarType::Long): Expected dtype int64 for index; index.scalar_type() = Int [op_scatter.cpp:113] Check failed (check_scatter_src_args(in, dim, index, src, out)):  [method.cpp:1480] KernelCall failed at instruction 0:0 in operator aten::scatter.src_out: 0x12 [method.cpp:1490] arg 0 with type id 1 [method.cpp:1490] arg 1 with type id 4 [method.cpp:1490] arg 2 with type id 1 [method.cpp:1490] arg 3 with type id 1 [method.cpp:1490] arg 4 with type id 1 [method.cpp:1490] arg 5 with type id 1	n0*=scatter.src_out(L0,·,L1,L2,·)
SKIP	w117:129	client RuntimeError: method->execute() failed with error 0x12 | [op_log_softmax.cpp:152] Check failed (false):  [method.cpp:1480] KernelCall failed at instruction 0:0 in operator aten::_log_softmax.out: 0x12 [method.cpp:1490] arg 0 with type id 1 [method.cpp:1490] arg 1 with type id 4 [method.cpp:1490] arg 2 with type id 5 [method.cpp:1490] arg 3 with type id 1 [method.cpp:1490] arg 4 with type id 1	n0*=_log_softmax.out(L0,·,·,·)
SKIP	w117:157	client RuntimeError: method->execute() failed with error 0x12 | [copy_ops_util.cpp:165] Check failed (implicit == false): This operator is not implemented for when implicit == true. [op_expand_copy.cpp:63] Check failed (check_expand_copy_args(self, expand_sizes, implicit, out)):  [method.cpp:1480] KernelCall failed at instruction 0:0 in operator aten::expand_copy.out: 0x12 [method.cpp:1490] arg 0 with type id 1 [method.cpp:1490] arg 1 with type id 8 [method.cpp:1490] arg 2 with type id 5 [method.cpp:1490] arg 3 with type id 1 [method.cpp:1490] arg 4 with type id 1	n0*=expand_copy(L0,·,·)
SKIP	w117:176	client RuntimeError: method->execute() failed with error 0x12 | [op_arange.cpp:55] Check failed (utils::extract_scalar(start, &d_start)):  [method.cpp:1480] KernelCall failed at instruction 0:0 in operator aten::arange.start_out: 0x12 [method.cpp:1490] arg 0 with type id 5 [method.cpp:1490] arg 1 with type id 5 [method.cpp:1490] arg 2 with type id 4 [method.cpp:1490] arg 3 with type id 1 [method.cpp:1490] arg 4 with type id 1	n0*=arange.start_out(·,·,·,·)
SKIP	w117:19	client RuntimeError: method->execute() failed with error 0x12 | [op_copy.cpp:33] Check failed (non_blocking == false):  [method.cpp:1480] KernelCall failed at instruction 0:0 in operator aten::copy.out: 0x12 [method.cpp:1490] arg 0 with type id 1 [method.cpp:1490] arg 1 with type id 1 [method.cpp:1490] arg 2 with type id 5 [method.cpp:1490] arg 3 with type id 1 [method.cpp:1490] arg 4 with type id 1	n0*=copy(L0,L1,·)
MISMATCH	w117:228	out[0] max|delta|=6.918e+18 (rtol=0.0 atol=0.0)	n0*=bitwise_left_shift.Tensor_out(L0,L1,·)
SKIP	w117:247	client RuntimeError: method->execute() failed with error 0x12 | [op_copy.cpp:33] Check failed (non_blocking == false):  [method.cpp:1480] KernelCall failed at instruction 0:0 in operator aten::copy.out: 0x12 [method.cpp:1490] arg 0 with type id 1 [method.cpp:1490] arg 1 with type id 1 [method.cpp:1490] arg 2 with type id 5 [method.cpp:1490] arg 3 with type id 1 [method.cpp:1490] arg 4 with type id 1	n0*=copy(L0,L1,·)
MISMATCH	w117:261	out[0] non-finite mismatch (nan/inf positions differ)	n0*=gelu.out(L0,·,·)
SKIP	w117:283	client RuntimeError: method->execute() failed with error 0x12 | [normalization_ops_util.cpp:160] Check failed (in.size(0) == N):  [op_native_group_norm.cpp:139] Check failed (check_group_norm_args( input, weight, bias, N, C, HxW, group, out, mean_out, rstd_out)):  [method.cpp:1480] KernelCall failed at instruction 0:0 in operator aten::native_group_norm.out: 0x12 [method.cpp:1490] arg 0 with type id 1 [method.cpp:1490] arg 1 with type id 0 [method.cpp:1490] arg 2 with type id 0 [method.cpp:1490] arg 3 with type id 4 [method.cpp:1490] arg 4 with type id 4 [method.cpp:1490] arg 5 with type id 4 [method.cpp:1490] arg 6 with type id 4 [method.cpp:1490] arg 7 with type id 3 [method.cpp:1490] arg 8 with type id 1 [method.cpp:1490] arg 9 with type id 1 [method.cpp:1490] arg 10 with type id 1 [method.cpp:1490] arg 11 with type id 9	n0*=native_group_norm(L0,·,·,·,·,·,·,·)
SKIP	w117:286	client RuntimeError: method->execute() failed with error 0x12 | [tensor_util.h:617] Check failed (static_cast<size_t>(t.dim()) == rank): Expected tensor.dim() to be 2, but got 5 [distance_util.cpp:16] Check failed (tensor_is_rank(in, 2)):  [op_pdist_forward.cpp:25] Check failed (check_pdist_args(in, p, out)):  [method.cpp:1480] KernelCall failed at instruction 0:0 in operator aten::_pdist_forward.out: 0x12 [method.cpp:1490] arg 0 with type id 1 [method.cpp:1490] arg 1 with type id 3 [method.cpp:1490] arg 2 with type id 1 [method.cpp:1490] arg 3 with type id 1	n0*=_pdist_forward(L0,·)
MISMATCH	w117:33	out[0] non-finite mismatch (nan/inf positions differ)	n0*=gelu.out(L0,·,·)
SKIP	w117:58	client RuntimeError: method->execute() failed with error 0x12 | [op_pdist_forward.cpp:45] Unhandled dtype Long for _pdist_forward.out [method.cpp:1480] KernelCall failed at instruction 0:0 in operator aten::_pdist_forward.out: 0x12 [method.cpp:1490] arg 0 with type id 1 [method.cpp:1490] arg 1 with type id 3 [method.cpp:1490] arg 2 with type id 1 [method.cpp:1490] arg 3 with type id 1	n0*=_pdist_forward(L0,·)
SKIP	w118:127	client RuntimeError: method->execute() failed with error 0x12 | [tensor_util_portable.cpp:130] Check failed (all_contiguous || all_channels_last): 2 input tensors have different dim orders [op_fft_r2c.cpp:29] Check failed (tensors_have_same_dim_order(in, out)):  [method.cpp:1480] KernelCall failed at instruction 0:0 in operator aten::_fft_r2c.out: 0x12 [method.cpp:1490] arg 0 with type id 1 [method.cpp:1490] arg 1 with type id 8 [method.cpp:1490] arg 2 with type id 4 [method.cpp:1490] arg 3 with type id 5 [method.cpp:1490] arg 4 with type id 1 [method.cpp:1490] arg 5 with type id 1	n0*=_fft_r2c(L0,·,·,·)
SKIP	w118:14	client RuntimeError: method->execute() failed with error 0x12 | [normalization_ops_util.cpp:160] Check failed (in.size(0) == N):  [op_native_group_norm.cpp:139] Check failed (check_group_norm_args( input, weight, bias, N, C, HxW, group, out, mean_out, rstd_out)):  [method.cpp:1480] KernelCall failed at instruction 0:0 in operator aten::native_group_norm.out: 0x12 [method.cpp:1490] arg 0 with type id 1 [method.cpp:1490] arg 1 with type id 0 [method.cpp:1490] arg 2 with type id 0 [method.cpp:1490] arg 3 with type id 4 [method.cpp:1490] arg 4 with type id 4 [method.cpp:1490] arg 5 with type id 4 [method.cpp:1490] arg 6 with type id 4 [method.cpp:1490] arg 7 with type id 3 [method.cpp:1490] arg 8 with type id 1 [method.cpp:1490] arg 9 with type id 1 [method.cpp:1490] arg 10 with type id 1 [method.cpp:1490] arg 11 with type id 9	n0*=native_group_norm(L0,·,·,·,·,·,·,·)
SKIP	w118:198	client RuntimeError: method->execute() failed with error 0x12 | [copy_ops_util.cpp:165] Check failed (implicit == false): This operator is not implemented for when implicit == true. [op_expand_copy.cpp:63] Check failed (check_expand_copy_args(self, expand_sizes, implicit, out)):  [method.cpp:1480] KernelCall failed at instruction 0:0 in operator aten::expand_copy.out: 0x12 [method.cpp:1490] arg 0 with type id 1 [method.cpp:1490] arg 1 with type id 8 [method.cpp:1490] arg 2 with type id 5 [method.cpp:1490] arg 3 with type id 1 [method.cpp:1490] arg 4 with type id 1	n0*=expand_copy(L0,·,·)
SKIP	w118:217	client RuntimeError: method->execute() failed with error 0x12 | [op_arange.cpp:55] Check failed (utils::extract_scalar(start, &d_start)):  [method.cpp:1480] KernelCall failed at instruction 0:0 in operator aten::arange.start_out: 0x12 [method.cpp:1490] arg 0 with type id 5 [method.cpp:1490] arg 1 with type id 5 [method.cpp:1490] arg 2 with type id 5 [method.cpp:1490] arg 3 with type id 1 [method.cpp:1490] arg 4 with type id 1	n0*=arange.start_out(·,·,·,·)
MISMATCH	w118:233	out[0] max|delta|=2.550e+02 (rtol=0.0 atol=0.0)	n0*=prod.int_out(L0,·,·,·,·)
SKIP	w118:242	client RuntimeError: method->execute() failed with error 0x12 | [normalization_ops_util.cpp:160] Check failed (in.size(0) == N):  [op_native_group_norm.cpp:139] Check failed (check_group_norm_args( input, weight, bias, N, C, HxW, group, out, mean_out, rstd_out)):  [method.cpp:1480] KernelCall failed at instruction 0:0 in operator aten::native_group_norm.out: 0x12 [method.cpp:1490] arg 0 with type id 1 [method.cpp:1490] arg 1 with type id 0 [method.cpp:1490] arg 2 with type id 0 [method.cpp:1490] arg 3 with type id 4 [method.cpp:1490] arg 4 with type id 4 [method.cpp:1490] arg 5 with type id 4 [method.cpp:1490] arg 6 with type id 4 [method.cpp:1490] arg 7 with type id 3 [method.cpp:1490] arg 8 with type id 1 [method.cpp:1490] arg 9 with type id 1 [method.cpp:1490] arg 10 with type id 1 [method.cpp:1490] arg 11 with type id 9	n0*=native_group_norm(L0,·,·,·,·,·,·,·)
MISMATCH	w118:269	out[0] max|delta|=6.918e+18 (rtol=0.01 atol=0.001)	n0*=bitwise_left_shift.Tensor_out(L0,L1,·)
MISMATCH	w118:302	out[0] non-finite mismatch (nan/inf positions differ)	n0*=gelu.out(L0,·,·)
SKIP	w118:324	client RuntimeError: method->execute() failed with error 0x12 | [normalization_ops_util.cpp:161] Check failed (in.size(1) == C):  [op_native_group_norm.cpp:139] Check failed (check_group_norm_args( input, weight, bias, N, C, HxW, group, out, mean_out, rstd_out)):  [method.cpp:1480] KernelCall failed at instruction 0:0 in operator aten::native_group_norm.out: 0x12 [method.cpp:1490] arg 0 with type id 1 [method.cpp:1490] arg 1 with type id 0 [method.cpp:1490] arg 2 with type id 0 [method.cpp:1490] arg 3 with type id 4 [method.cpp:1490] arg 4 with type id 4 [method.cpp:1490] arg 5 with type id 4 [method.cpp:1490] arg 6 with type id 4 [method.cpp:1490] arg 7 with type id 3 [method.cpp:1490] arg 8 with type id 1 [method.cpp:1490] arg 9 with type id 1 [method.cpp:1490] arg 10 with type id 1 [method.cpp:1490] arg 11 with type id 9	n0*=native_group_norm(L0,·,·,·,·,·,·,·)
SKIP	w118:327	client RuntimeError: method->execute() failed with error 0x12 | [tensor_util.h:617] Check failed (static_cast<size_t>(t.dim()) == rank): Expected tensor.dim() to be 2, but got 1 [distance_util.cpp:16] Check failed (tensor_is_rank(in, 2)):  [op_pdist_forward.cpp:25] Check failed (check_pdist_args(in, p, out)):  [method.cpp:1480] KernelCall failed at instruction 0:0 in operator aten::_pdist_forward.out: 0x12 [method.cpp:1490] arg 0 with type id 1 [method.cpp:1490] arg 1 with type id 3 [method.cpp:1490] arg 2 with type id 1 [method.cpp:1490] arg 3 with type id 1	n0*=_pdist_forward(L0,·)
SKIP	w118:355	client RuntimeError: method->execute() failed with error 0x12 | [tensor_util_portable.cpp:130] Check failed (all_contiguous || all_channels_last): 2 input tensors have different dim orders [op_fft_r2c.cpp:29] Check failed (tensors_have_same_dim_order(in, out)):  [method.cpp:1480] KernelCall failed at instruction 0:0 in operator aten::_fft_r2c.out: 0x12 [method.cpp:1490] arg 0 with type id 1 [method.cpp:1490] arg 1 with type id 8 [method.cpp:1490] arg 2 with type id 4 [method.cpp:1490] arg 3 with type id 5 [method.cpp:1490] arg 4 with type id 1 [method.cpp:1490] arg 5 with type id 1	n0*=_fft_r2c(L0,·,·,·)
MISMATCH	w118:41	out[0] max|delta|=9.223e+18 (rtol=0.01 atol=0.001)	n0*=bitwise_left_shift.Tensor_out(L0,L1,·)
MISMATCH	w118:411	out[0] max|delta|=4.000e+00 (rtol=0.0 atol=0.0)	n0*=remainder.Scalar(L0,·)
SKIP	w118:445	client RuntimeError: method->execute() failed with error 0x12 | [op_arange.cpp:55] Check failed (utils::extract_scalar(start, &d_start)):  [method.cpp:1480] KernelCall failed at instruction 0:0 in operator aten::arange.start_out: 0x12 [method.cpp:1490] arg 0 with type id 5 [method.cpp:1490] arg 1 with type id 5 [method.cpp:1490] arg 2 with type id 5 [method.cpp:1490] arg 3 with type id 1 [method.cpp:1490] arg 4 with type id 1	n0*=arange.start_out(·,·,·,·)
SKIP	w118:470	client RuntimeError: method->execute() failed with error 0x12 | [normalization_ops_util.cpp:161] Check failed (in.size(1) == C):  [op_native_group_norm.cpp:139] Check failed (check_group_norm_args( input, weight, bias, N, C, HxW, group, out, mean_out, rstd_out)):  [method.cpp:1480] KernelCall failed at instruction 0:0 in operator aten::native_group_norm.out: 0x12 [method.cpp:1490] arg 0 with type id 1 [method.cpp:1490] arg 1 with type id 0 [method.cpp:1490] arg 2 with type id 0 [method.cpp:1490] arg 3 with type id 4 [method.cpp:1490] arg 4 with type id 4 [method.cpp:1490] arg 5 with type id 4 [method.cpp:1490] arg 6 with type id 4 [method.cpp:1490] arg 7 with type id 3 [method.cpp:1490] arg 8 with type id 1 [method.cpp:1490] arg 9 with type id 1 [method.cpp:1490] arg 10 with type id 1 [method.cpp:1490] arg 11 with type id 9	n0*=native_group_norm(L0,·,·,·,·,·,·,·)
MISMATCH	w118:74	out[0] non-finite mismatch (nan/inf positions differ)	n0*=gelu.out(L0,·,·)
MISMATCH	w118:87	out[0] max|delta|=4.000e+00 (rtol=0.0 atol=0.0)	n0*=remainder.Tensor_out(L0,L1,·)
SKIP	w118:96	client RuntimeError: method->execute() failed with error 0x12 | [normalization_ops_util.cpp:160] Check failed (in.size(0) == N):  [op_native_group_norm.cpp:139] Check failed (check_group_norm_args( input, weight, bias, N, C, HxW, group, out, mean_out, rstd_out)):  [method.cpp:1480] KernelCall failed at instruction 0:0 in operator aten::native_group_norm.out: 0x12 [method.cpp:1490] arg 0 with type id 1 [method.cpp:1490] arg 1 with type id 0 [method.cpp:1490] arg 2 with type id 0 [method.cpp:1490] arg 3 with type id 4 [method.cpp:1490] arg 4 with type id 4 [method.cpp:1490] arg 5 with type id 4 [method.cpp:1490] arg 6 with type id 4 [method.cpp:1490] arg 7 with type id 3 [method.cpp:1490] arg 8 with type id 1 [method.cpp:1490] arg 9 with type id 1 [method.cpp:1490] arg 10 with type id 1 [method.cpp:1490] arg 11 with type id 9	n0*=native_group_norm(L0,·,·,·,·,·,·,·)
SKIP	w118:99	client RuntimeError: method->execute() failed with error 0x12 | [tensor_util.h:617] Check failed (static_cast<size_t>(t.dim()) == rank): Expected tensor.dim() to be 2, but got 1 [distance_util.cpp:16] Check failed (tensor_is_rank(in, 2)):  [op_pdist_forward.cpp:25] Check failed (check_pdist_args(in, p, out)):  [method.cpp:1480] KernelCall failed at instruction 0:0 in operator aten::_pdist_forward.out: 0x12 [method.cpp:1490] arg 0 with type id 1 [method.cpp:1490] arg 1 with type id 3 [method.cpp:1490] arg 2 with type id 1 [method.cpp:1490] arg 3 with type id 1	n0*=_pdist_forward(L0,·)
SKIP	w119:102	client RuntimeError: method->execute() failed with error 0x12 | [normalization_ops_util.cpp:160] Check failed (in.size(0) == N):  [op_native_group_norm.cpp:139] Check failed (check_group_norm_args( input, weight, bias, N, C, HxW, group, out, mean_out, rstd_out)):  [method.cpp:1480] KernelCall failed at instruction 0:0 in operator aten::native_group_norm.out: 0x12 [method.cpp:1490] arg 0 with type id 1 [method.cpp:1490] arg 1 with type id 0 [method.cpp:1490] arg 2 with type id 0 [method.cpp:1490] arg 3 with type id 4 [method.cpp:1490] arg 4 with type id 4 [method.cpp:1490] arg 5 with type id 4 [method.cpp:1490] arg 6 with type id 4 [method.cpp:1490] arg 7 with type id 3 [method.cpp:1490] arg 8 with type id 1 [method.cpp:1490] arg 9 with type id 1 [method.cpp:1490] arg 10 with type id 1 [method.cpp:1490] arg 11 with type id 9	n0*=native_group_norm(L0,·,·,·,·,·,·,·)
SKIP	w119:105	client RuntimeError: method->execute() failed with error 0x12 | [tensor_util.h:617] Check failed (static_cast<size_t>(t.dim()) == rank): Expected tensor.dim() to be 2, but got 3 [distance_util.cpp:16] Check failed (tensor_is_rank(in, 2)):  [op_pdist_forward.cpp:25] Check failed (check_pdist_args(in, p, out)):  [method.cpp:1480] KernelCall failed at instruction 0:0 in operator aten::_pdist_forward.out: 0x12 [method.cpp:1490] arg 0 with type id 1 [method.cpp:1490] arg 1 with type id 3 [method.cpp:1490] arg 2 with type id 1 [method.cpp:1490] arg 3 with type id 1	n0*=_pdist_forward(L0,·)
SKIP	w119:133	client RuntimeError: method->execute() failed with error 0x12 | [tensor_util_portable.cpp:130] Check failed (all_contiguous || all_channels_last): 2 input tensors have different dim orders [op_fft_r2c.cpp:29] Check failed (tensors_have_same_dim_order(in, out)):  [method.cpp:1480] KernelCall failed at instruction 0:0 in operator aten::_fft_r2c.out: 0x12 [method.cpp:1490] arg 0 with type id 1 [method.cpp:1490] arg 1 with type id 8 [method.cpp:1490] arg 2 with type id 4 [method.cpp:1490] arg 3 with type id 5 [method.cpp:1490] arg 4 with type id 1 [method.cpp:1490] arg 5 with type id 1	n0*=_fft_r2c(L0,·,·,·)
SKIP	w119:151	client RuntimeError: method->execute() failed with error 0x12 | [op_add.cpp:118] Check failed ((common_type == a_type && check_alpha_type(utils::get_scalar_dtype(alpha), common_type))):  [method.cpp:1480] KernelCall failed at instruction 0:0 in operator aten::add.Scalar_out: 0x12 [method.cpp:1490] arg 0 with type id 1 [method.cpp:1490] arg 1 with type id 4 [method.cpp:1490] arg 2 with type id 4 [method.cpp:1490] arg 3 with type id 1 [method.cpp:1490] arg 4 with type id 1	n0*=add.Scalar(L0,·,·)
SKIP	w119:176	client RuntimeError: method->execute() failed with error 0x12 | [op_log_softmax.cpp:152] Check failed (false):  [method.cpp:1480] KernelCall failed at instruction 0:0 in operator aten::_log_softmax.out: 0x12 [method.cpp:1490] arg 0 with type id 1 [method.cpp:1490] arg 1 with type id 4 [method.cpp:1490] arg 2 with type id 5 [method.cpp:1490] arg 3 with type id 1 [method.cpp:1490] arg 4 with type id 1	n0*=_log_softmax.out(L0,·,·,·)
SKIP	w119:20	client RuntimeError: method->execute() failed with error 0x12 | [normalization_ops_util.cpp:160] Check failed (in.size(0) == N):  [op_native_group_norm.cpp:139] Check failed (check_group_norm_args( input, weight, bias, N, C, HxW, group, out, mean_out, rstd_out)):  [method.cpp:1480] KernelCall failed at instruction 0:0 in operator aten::native_group_norm.out: 0x12 [method.cpp:1490] arg 0 with type id 1 [method.cpp:1490] arg 1 with type id 0 [method.cpp:1490] arg 2 with type id 0 [method.cpp:1490] arg 3 with type id 4 [method.cpp:1490] arg 4 with type id 4 [method.cpp:1490] arg 5 with type id 4 [method.cpp:1490] arg 6 with type id 4 [method.cpp:1490] arg 7 with type id 3 [method.cpp:1490] arg 8 with type id 1 [method.cpp:1490] arg 9 with type id 1 [method.cpp:1490] arg 10 with type id 1 [method.cpp:1490] arg 11 with type id 9	n0*=native_group_norm(L0,·,·,·,·,·,·,·)
SKIP	w119:223	client RuntimeError: method->execute() failed with error 0x12 | [op_arange.cpp:55] Check failed (utils::extract_scalar(start, &d_start)):  [method.cpp:1480] KernelCall failed at instruction 0:0 in operator aten::arange.start_out: 0x12 [method.cpp:1490] arg 0 with type id 5 [method.cpp:1490] arg 1 with type id 5 [method.cpp:1490] arg 2 with type id 4 [method.cpp:1490] arg 3 with type id 1 [method.cpp:1490] arg 4 with type id 1	n0*=arange.start_out(·,·,·,·)
SKIP	w119:224	client RuntimeError: method->execute() failed with error 0x12 | [index_util.cpp:24] Check failed (index.scalar_type() == ScalarType::Long): Expected dtype int64 for index; index.scalar_type() = Int [op_gather.cpp:72] Check failed (check_gather_args(in, dim, index, sparse_grad, out)):  [method.cpp:1480] KernelCall failed at instruction 0:0 in operator aten::gather.out: 0x12 [method.cpp:1490] arg 0 with type id 1 [method.cpp:1490] arg 1 with type id 4 [method.cpp:1490] arg 2 with type id 1 [method.cpp:1490] arg 3 with type id 5 [method.cpp:1490] arg 4 with type id 1 [method.cpp:1490] arg 5 with type id 1	n0*=gather.out(L0,·,L1,·,·)
MISMATCH	w119:239	out[0] max|delta|=2.550e+02 (rtol=0.0 atol=0.0)	n0*=prod.int_out(L0,·,·,·,·)
SKIP	w119:248	client RuntimeError: method->execute() failed with error 0x12 | [normalization_ops_util.cpp:160] Check failed (in.size(0) == N):  [op_native_group_norm.cpp:139] Check failed (check_group_norm_args( input, weight, bias, N, C, HxW, group, out, mean_out, rstd_out)):  [method.cpp:1480] KernelCall failed at instruction 0:0 in operator aten::native_group_norm.out: 0x12 [method.cpp:1490] arg 0 with type id 1 [method.cpp:1490] arg 1 with type id 0 [method.cpp:1490] arg 2 with type id 0 [method.cpp:1490] arg 3 with type id 4 [method.cpp:1490] arg 4 with type id 4 [method.cpp:1490] arg 5 with type id 4 [method.cpp:1490] arg 6 with type id 4 [method.cpp:1490] arg 7 with type id 3 [method.cpp:1490] arg 8 with type id 1 [method.cpp:1490] arg 9 with type id 1 [method.cpp:1490] arg 10 with type id 1 [method.cpp:1490] arg 11 with type id 9	n0*=native_group_norm(L0,·,·,·,·,·,·,·)
MISMATCH	w119:44	out[0] max|delta|=1.729e+18 (rtol=0.0 atol=0.0)	n0*=bitwise_left_shift.Tensor_Scalar_out(L0,·,·)
MISMATCH	w119:47	out[0] max|delta|=2.147e+09 (rtol=0.0 atol=0.0)	n0*=bitwise_left_shift.Tensor_out(L0,L1,·)
SKIP	w119:66	client RuntimeError: method->execute() failed with error 0x12 | [op_copy.cpp:33] Check failed (non_blocking == false):  [method.cpp:1480] KernelCall failed at instruction 0:0 in operator aten::copy.out: 0x12 [method.cpp:1490] arg 0 with type id 1 [method.cpp:1490] arg 1 with type id 1 [method.cpp:1490] arg 2 with type id 5 [method.cpp:1490] arg 3 with type id 1 [method.cpp:1490] arg 4 with type id 1	n0*=copy(L0,L1,·)
MISMATCH	w119:80	out[0] non-finite mismatch (nan/inf positions differ)	n0*=gelu.out(L0,·,·)
MISMATCH	w12:131	out[0] non-finite mismatch (nan/inf positions differ)	n0*=_log_softmax.out(L0,·,·,·)
MISMATCH	w12:151	out[0] max|delta|=9.223e+18 (rtol=0.0 atol=0.0)	n0*=bitwise_left_shift.Tensor_Scalar(L0,·)
SKIP	w12:159	client RuntimeError: method->execute() failed with error 0x12 | [copy_ops_util.cpp:165] Check failed (implicit == false): This operator is not implemented for when implicit == true. [op_expand_copy.cpp:63] Check failed (check_expand_copy_args(self, expand_sizes, implicit, out)):  [method.cpp:1480] KernelCall failed at instruction 0:0 in operator aten::expand_copy.out: 0x12 [method.cpp:1490] arg 0 with type id 1 [method.cpp:1490] arg 1 with type id 8 [method.cpp:1490] arg 2 with type id 5 [method.cpp:1490] arg 3 with type id 1 [method.cpp:1490] arg 4 with type id 1	n0*=expand_copy(L0,·,·)
SKIP	w12:178	client RuntimeError: method->execute() failed with error 0x12 | [op_arange.cpp:55] Check failed (utils::extract_scalar(start, &d_start)):  [method.cpp:1480] KernelCall failed at instruction 0:0 in operator aten::arange.start_out: 0x12 [method.cpp:1490] arg 0 with type id 5 [method.cpp:1490] arg 1 with type id 5 [method.cpp:1490] arg 2 with type id 4 [method.cpp:1490] arg 3 with type id 1 [method.cpp:1490] arg 4 with type id 1	n0*=arange.start_out(·,·,·,·)
MISMATCH	w12:2	out[0] non-finite mismatch (nan/inf positions differ)	n0*=bitwise_left_shift.Tensor_out(L0,L1,·)
SKIP	w12:203	client RuntimeError: method->execute() failed with error 0x12 | [normalization_ops_util.cpp:160] Check failed (in.size(0) == N):  [op_native_group_norm.cpp:139] Check failed (check_group_norm_args( input, weight, bias, N, C, HxW, group, out, mean_out, rstd_out)):  [method.cpp:1480] KernelCall failed at instruction 0:0 in operator aten::native_group_norm.out: 0x12 [method.cpp:1490] arg 0 with type id 1 [method.cpp:1490] arg 1 with type id 0 [method.cpp:1490] arg 2 with type id 0 [method.cpp:1490] arg 3 with type id 4 [method.cpp:1490] arg 4 with type id 4 [method.cpp:1490] arg 5 with type id 4 [method.cpp:1490] arg 6 with type id 4 [method.cpp:1490] arg 7 with type id 3 [method.cpp:1490] arg 8 with type id 1 [method.cpp:1490] arg 9 with type id 1 [method.cpp:1490] arg 10 with type id 1 [method.cpp:1490] arg 11 with type id 9	n0*=native_group_norm(L0,·,·,·,·,·,·,·)
SKIP	w12:21	client RuntimeError: method->execute() failed with error 0x12 | [op_copy.cpp:33] Check failed (non_blocking == false):  [method.cpp:1480] KernelCall failed at instruction 0:0 in operator aten::copy.out: 0x12 [method.cpp:1490] arg 0 with type id 1 [method.cpp:1490] arg 1 with type id 1 [method.cpp:1490] arg 2 with type id 5 [method.cpp:1490] arg 3 with type id 1 [method.cpp:1490] arg 4 with type id 1	n0*=copy(L0,L1,·)
MISMATCH	w12:230	out[0] max|delta|=2.147e+09 (rtol=0.0 atol=0.0)	n0*=bitwise_left_shift.Tensor_out(L0,L1,·)
SKIP	w12:249	client RuntimeError: method->execute() failed with error 0x12 | [op_copy.cpp:33] Check failed (non_blocking == false):  [method.cpp:1480] KernelCall failed at instruction 0:0 in operator aten::copy.out: 0x12 [method.cpp:1490] arg 0 with type id 1 [method.cpp:1490] arg 1 with type id 1 [method.cpp:1490] arg 2 with type id 5 [method.cpp:1490] arg 3 with type id 1 [method.cpp:1490] arg 4 with type id 1	n0*=copy(L0,L1,·)
MISMATCH	w12:283	out[0] max|delta|=3.999e-01 (rtol=0.01 atol=0.001)	n0*=_native_batch_norm_legit.no_stats(L0,·,·,·,·,·)
SKIP	w12:285	client RuntimeError: method->execute() failed with error 0x12 | [normalization_ops_util.cpp:160] Check failed (in.size(0) == N):  [op_native_group_norm.cpp:139] Check failed (check_group_norm_args( input, weight, bias, N, C, HxW, group, out, mean_out, rstd_out)):  [method.cpp:1480] KernelCall failed at instruction 0:0 in operator aten::native_group_norm.out: 0x12 [method.cpp:1490] arg 0 with type id 1 [method.cpp:1490] arg 1 with type id 0 [method.cpp:1490] arg 2 with type id 0 [method.cpp:1490] arg 3 with type id 4 [method.cpp:1490] arg 4 with type id 4 [method.cpp:1490] arg 5 with type id 4 [method.cpp:1490] arg 6 with type id 4 [method.cpp:1490] arg 7 with type id 3 [method.cpp:1490] arg 8 with type id 1 [method.cpp:1490] arg 9 with type id 1 [method.cpp:1490] arg 10 with type id 1 [method.cpp:1490] arg 11 with type id 9	n0*=native_group_norm(L0,·,·,·,·,·,·,·)
SKIP	w12:316	client RuntimeError: method->execute() failed with error 0x12 | [tensor_util_portable.cpp:130] Check failed (all_contiguous || all_channels_last): 2 input tensors have different dim orders [op_fft_r2c.cpp:29] Check failed (tensors_have_same_dim_order(in, out)):  [method.cpp:1480] KernelCall failed at instruction 0:0 in operator aten::_fft_r2c.out: 0x12 [method.cpp:1490] arg 0 with type id 1 [method.cpp:1490] arg 1 with type id 8 [method.cpp:1490] arg 2 with type id 4 [method.cpp:1490] arg 3 with type id 5 [method.cpp:1490] arg 4 with type id 1 [method.cpp:1490] arg 5 with type id 1	n0*=_fft_r2c(L0,·,·,·)
SKIP	w12:345	client RuntimeError: method->execute() failed with error 0x12 | [op_permute_copy.cpp:70] Unhandled dtype Float8_e4m3fn for permute_copy.out [method.cpp:1480] KernelCall failed at instruction 0:0 in operator aten::permute_copy.out: 0x12 [method.cpp:1490] arg 0 with type id 1 [method.cpp:1490] arg 1 with type id 8 [method.cpp:1490] arg 2 with type id 1 [method.cpp:1490] arg 3 with type id 1	n0*=linear.out(L0,L1,·,·)
MISMATCH	w12:35	out[0] non-finite mismatch (nan/inf positions differ)	n0*=gelu.out(L0,·,·)
SKIP	w12:359	client RuntimeError: method->execute() failed with error 0x12 | [op_log_softmax.cpp:152] Check failed (false):  [method.cpp:1480] KernelCall failed at instruction 0:0 in operator aten::_log_softmax.out: 0x12 [method.cpp:1490] arg 0 with type id 1 [method.cpp:1490] arg 1 with type id 4 [method.cpp:1490] arg 2 with type id 5 [method.cpp:1490] arg 3 with type id 1 [method.cpp:1490] arg 4 with type id 1	n0*=_log_softmax.out(L0,·,·,·)
MISMATCH	w12:362	out[0] non-finite mismatch (nan/inf positions differ)	n0*=addmm.out(L0,L1,L2,·,·,·)
MISMATCH	w12:372	out[0] max|delta|=3.000e+00 (rtol=0.0 atol=0.0)	n0*=remainder.Scalar(L0,·)
MISMATCH	w12:379	out[0] max|delta|=2.882e+17 (rtol=0.0 atol=0.0)	n0*=bitwise_left_shift.Tensor_Scalar(L0,·)
SKIP	w12:381	client RuntimeError: method->execute() failed with error 0x12 | [index_util.cpp:156] Check failed (index.scalar_type() == ScalarType::Long): Expected dtype int64 for index; index.scalar_type() = Int [op_scatter_add.cpp:61] Check failed (check_scatter_add_args(self, dim, index, src, out)):  [method.cpp:1480] KernelCall failed at instruction 0:0 in operator aten::scatter_add.out: 0x12 [method.cpp:1490] arg 0 with type id 1 [method.cpp:1490] arg 1 with type id 4 [method.cpp:1490] arg 2 with type id 1 [method.cpp:1490] arg 3 with type id 1 [method.cpp:1490] arg 4 with type id 1 [method.cpp:1490] arg 5 with type id 1	n0*=scatter_add.out(L0,·,L1,L2,·)
SKIP	w12:406	client RuntimeError: method->execute() failed with error 0x12 | [op_arange.cpp:55] Check failed (utils::extract_scalar(start, &d_start)):  [method.cpp:1480] KernelCall failed at instruction 0:0 in operator aten::arange.start_out: 0x12 [method.cpp:1490] arg 0 with type id 5 [method.cpp:1490] arg 1 with type id 5 [method.cpp:1490] arg 2 with type id 5 [method.cpp:1490] arg 3 with type id 1 [method.cpp:1490] arg 4 with type id 1	n0*=arange.start_out(·,·,·,·)
MISMATCH	w12:423	out[0] non-finite mismatch (nan/inf positions differ)	n0*=grid_sampler_2d(L0,L1,·,·,·)
SKIP	w12:426	client RuntimeError: method->execute() failed with error 0x12 | [kernel_ops_util.cpp:389] Check failed (in.dim() == 3 || in.dim() == 4): Expect input tensor to be 3-D or 4-D, but got, 5. [op_convolution.cpp:363] Check failed (check_convolution_args( in, weight, bias, stride, padding, dilation, transposed, output_padding, groups, out)):  [method.cpp:1480] KernelCall failed at instruction 0:0 in operator aten::convolution.out: 0x12 [method.cpp:1490] arg 0 with type id 1 [method.cpp:1490] arg 1 with type id 1 [method.cpp:1490] arg 2 with type id 0 [method.cpp:1490] arg 3 with type id 8 [method.cpp:1490] arg 4 with type id 8 [method.cpp:1490] arg 5 with type id 8 [method.cpp:1490] arg 6 with type id 5 [method.cpp:1490] arg 7 with type id 8 [method.cpp:1490] arg 8 with type id 4 [method.cpp:1490] arg 9 with type id 1 [method.cpp:1490] arg 10 with type id 1	n0*=convolution(L0,L1,·,·,·,·,·,·,·)
SKIP	w12:477	client RuntimeError: method->execute() failed with error 0x12 | [op_copy.cpp:33] Check failed (non_blocking == false):  [method.cpp:1480] KernelCall failed at instruction 0:0 in operator aten::copy.out: 0x12 [method.cpp:1490] arg 0 with type id 1 [method.cpp:1490] arg 1 with type id 1 [method.cpp:1490] arg 2 with type id 5 [method.cpp:1490] arg 3 with type id 1 [method.cpp:1490] arg 4 with type id 1	n0*=copy(L0,L1,·)
MISMATCH	w12:491	out[0] non-finite mismatch (nan/inf positions differ)	n0*=gelu.out(L0,·,·)
MISMATCH	w12:504	out[0] max|delta|=4.000e+00 (rtol=0.0 atol=0.0)	n0*=remainder.Tensor_out(L0,L1,·)
SKIP	w12:516	client RuntimeError: method->execute() failed with error 0x12 | [tensor_util.h:617] Check failed (static_cast<size_t>(t.dim()) == rank): Expected tensor.dim() to be 2, but got 5 [distance_util.cpp:16] Check failed (tensor_is_rank(in, 2)):  [op_pdist_forward.cpp:25] Check failed (check_pdist_args(in, p, out)):  [method.cpp:1480] KernelCall failed at instruction 0:0 in operator aten::_pdist_forward.out: 0x12 [method.cpp:1490] arg 0 with type id 1 [method.cpp:1490] arg 1 with type id 3 [method.cpp:1490] arg 2 with type id 1 [method.cpp:1490] arg 3 with type id 1	n0*=_pdist_forward(L0,·)
SKIP	w12:57	client RuntimeError: method->execute() failed with error 0x12 | [normalization_ops_util.cpp:160] Check failed (in.size(0) == N):  [op_native_group_norm.cpp:139] Check failed (check_group_norm_args( input, weight, bias, N, C, HxW, group, out, mean_out, rstd_out)):  [method.cpp:1480] KernelCall failed at instruction 0:0 in operator aten::native_group_norm.out: 0x12 [method.cpp:1490] arg 0 with type id 1 [method.cpp:1490] arg 1 with type id 0 [method.cpp:1490] arg 2 with type id 0 [method.cpp:1490] arg 3 with type id 4 [method.cpp:1490] arg 4 with type id 4 [method.cpp:1490] arg 5 with type id 4 [method.cpp:1490] arg 6 with type id 4 [method.cpp:1490] arg 7 with type id 3 [method.cpp:1490] arg 8 with type id 1 [method.cpp:1490] arg 9 with type id 1 [method.cpp:1490] arg 10 with type id 1 [method.cpp:1490] arg 11 with type id 9	n0*=native_group_norm(L0,·,·,·,·,·,·,·)
SKIP	w12:60	client RuntimeError: method->execute() failed with error 0x12 | [tensor_util.h:617] Check failed (static_cast<size_t>(t.dim()) == rank): Expected tensor.dim() to be 2, but got 1 [distance_util.cpp:16] Check failed (tensor_is_rank(in, 2)):  [op_pdist_forward.cpp:25] Check failed (check_pdist_args(in, p, out)):  [method.cpp:1480] KernelCall failed at instruction 0:0 in operator aten::_pdist_forward.out: 0x12 [method.cpp:1490] arg 0 with type id 1 [method.cpp:1490] arg 1 with type id 3 [method.cpp:1490] arg 2 with type id 1 [method.cpp:1490] arg 3 with type id 1	n0*=_pdist_forward(L0,·)
MISMATCH	w120:12	out[0] non-finite mismatch (nan/inf positions differ)	n0*=bitwise_left_shift.Tensor_out(L0,L1,·)
SKIP	w120:141	client RuntimeError: method->execute() failed with error 0x12 | [op_log_softmax.cpp:152] Check failed (false):  [method.cpp:1480] KernelCall failed at instruction 0:0 in operator aten::_log_softmax.out: 0x12 [method.cpp:1490] arg 0 with type id 1 [method.cpp:1490] arg 1 with type id 4 [method.cpp:1490] arg 2 with type id 5 [method.cpp:1490] arg 3 with type id 1 [method.cpp:1490] arg 4 with type id 1	n0*=_log_softmax.out(L0,·,·,·)
MISMATCH	w120:161	out[0] max|delta|=4.612e+18 (rtol=0.0 atol=0.0)	n0*=bitwise_left_shift.Tensor_Scalar(L0,·)
SKIP	w120:188	client RuntimeError: method->execute() failed with error 0x12 | [op_arange.cpp:55] Check failed (utils::extract_scalar(start, &d_start)):  [method.cpp:1480] KernelCall failed at instruction 0:0 in operator aten::arange.start_out: 0x12 [method.cpp:1490] arg 0 with type id 5 [method.cpp:1490] arg 1 with type id 5 [method.cpp:1490] arg 2 with type id 3 [method.cpp:1490] arg 3 with type id 1 [method.cpp:1490] arg 4 with type id 1	n0*=arange.start_out(·,·,·,·)
MISMATCH	w120:205	out[0] non-finite mismatch (nan/inf positions differ)	n0*=grid_sampler_2d(L0,L1,·,·,·)
SKIP	w120:213	client RuntimeError: method->execute() failed with error 0x12 | [normalization_ops_util.cpp:160] Check failed (in.size(0) == N):  [op_native_group_norm.cpp:139] Check failed (check_group_norm_args( input, weight, bias, N, C, HxW, group, out, mean_out, rstd_out)):  [method.cpp:1480] KernelCall failed at instruction 0:0 in operator aten::native_group_norm.out: 0x12 [method.cpp:1490] arg 0 with type id 1 [method.cpp:1490] arg 1 with type id 0 [method.cpp:1490] arg 2 with type id 0 [method.cpp:1490] arg 3 with type id 4 [method.cpp:1490] arg 4 with type id 4 [method.cpp:1490] arg 5 with type id 4 [method.cpp:1490] arg 6 with type id 4 [method.cpp:1490] arg 7 with type id 3 [method.cpp:1490] arg 8 with type id 1 [method.cpp:1490] arg 9 with type id 1 [method.cpp:1490] arg 10 with type id 1 [method.cpp:1490] arg 11 with type id 9	n0*=native_group_norm(L0,·,·,·,·,·,·,·)
MISMATCH	w120:273	out[0] non-finite mismatch (nan/inf positions differ)	n0*=gelu.out(L0,·,·)
SKIP	w120:295	client RuntimeError: method->execute() failed with error 0x12 | [normalization_ops_util.cpp:160] Check failed (in.size(0) == N):  [op_native_group_norm.cpp:139] Check failed (check_group_norm_args( input, weight, bias, N, C, HxW, group, out, mean_out, rstd_out)):  [method.cpp:1480] KernelCall failed at instruction 0:0 in operator aten::native_group_norm.out: 0x12 [method.cpp:1490] arg 0 with type id 1 [method.cpp:1490] arg 1 with type id 0 [method.cpp:1490] arg 2 with type id 0 [method.cpp:1490] arg 3 with type id 4 [method.cpp:1490] arg 4 with type id 4 [method.cpp:1490] arg 5 with type id 4 [method.cpp:1490] arg 6 with type id 4 [method.cpp:1490] arg 7 with type id 3 [method.cpp:1490] arg 8 with type id 1 [method.cpp:1490] arg 9 with type id 1 [method.cpp:1490] arg 10 with type id 1 [method.cpp:1490] arg 11 with type id 9	n0*=native_group_norm(L0,·,·,·,·,·,·,·)
SKIP	w120:31	client RuntimeError: method->execute() failed with error 0x12 | [op_copy.cpp:33] Check failed (non_blocking == false):  [method.cpp:1480] KernelCall failed at instruction 0:0 in operator aten::copy.out: 0x12 [method.cpp:1490] arg 0 with type id 1 [method.cpp:1490] arg 1 with type id 1 [method.cpp:1490] arg 2 with type id 5 [method.cpp:1490] arg 3 with type id 1 [method.cpp:1490] arg 4 with type id 1	n0*=copy(L0,L1,·)
SKIP	w120:326	client RuntimeError: method->execute() failed with error 0x12 | [tensor_util_portable.cpp:130] Check failed (all_contiguous || all_channels_last): 2 input tensors have different dim orders [op_fft_r2c.cpp:29] Check failed (tensors_have_same_dim_order(in, out)):  [method.cpp:1480] KernelCall failed at instruction 0:0 in operator aten::_fft_r2c.out: 0x12 [method.cpp:1490] arg 0 with type id 1 [method.cpp:1490] arg 1 with type id 8 [method.cpp:1490] arg 2 with type id 4 [method.cpp:1490] arg 3 with type id 5 [method.cpp:1490] arg 4 with type id 1 [method.cpp:1490] arg 5 with type id 1	n0*=_fft_r2c(L0,·,·,·)
SKIP	w120:369	client RuntimeError: method->execute() failed with error 0x12 | [op_log_softmax.cpp:152] Check failed (false):  [method.cpp:1480] KernelCall failed at instruction 0:0 in operator aten::_log_softmax.out: 0x12 [method.cpp:1490] arg 0 with type id 1 [method.cpp:1490] arg 1 with type id 4 [method.cpp:1490] arg 2 with type id 5 [method.cpp:1490] arg 3 with type id 1 [method.cpp:1490] arg 4 with type id 1	n0*=_log_softmax.out(L0,·,·,·)
MISMATCH	w120:389	out[0] max|delta|=2.882e+17 (rtol=0.0 atol=0.0)	n0*=bitwise_left_shift.Tensor_Scalar(L0,·)
MISMATCH	w120:45	out[0] non-finite mismatch (nan/inf positions differ)	n0*=gelu.out(L0,·,·)
SKIP	w120:67	client RuntimeError: method->execute() failed with error 0x12 | [normalization_ops_util.cpp:161] Check failed (in.size(1) == C):  [op_native_group_norm.cpp:139] Check failed (check_group_norm_args( input, weight, bias, N, C, HxW, group, out, mean_out, rstd_out)):  [method.cpp:1480] KernelCall failed at instruction 0:0 in operator aten::native_group_norm.out: 0x12 [method.cpp:1490] arg 0 with type id 1 [method.cpp:1490] arg 1 with type id 0 [method.cpp:1490] arg 2 with type id 0 [method.cpp:1490] arg 3 with type id 4 [method.cpp:1490] arg 4 with type id 4 [method.cpp:1490] arg 5 with type id 4 [method.cpp:1490] arg 6 with type id 4 [method.cpp:1490] arg 7 with type id 3 [method.cpp:1490] arg 8 with type id 1 [method.cpp:1490] arg 9 with type id 1 [method.cpp:1490] arg 10 with type id 1 [method.cpp:1490] arg 11 with type id 9	n0*=native_group_norm(L0,·,·,·,·,·,·,·)
SKIP	w120:70	client RuntimeError: method->execute() failed with error 0x12 | [tensor_util.h:617] Check failed (static_cast<size_t>(t.dim()) == rank): Expected tensor.dim() to be 2, but got 1 [distance_util.cpp:16] Check failed (tensor_is_rank(in, 2)):  [op_pdist_forward.cpp:25] Check failed (check_pdist_args(in, p, out)):  [method.cpp:1480] KernelCall failed at instruction 0:0 in operator aten::_pdist_forward.out: 0x12 [method.cpp:1490] arg 0 with type id 1 [method.cpp:1490] arg 1 with type id 3 [method.cpp:1490] arg 2 with type id 1 [method.cpp:1490] arg 3 with type id 1	n0*=_pdist_forward(L0,·)
MISMATCH	w120:9	out[0] max|delta|=2.882e+17 (rtol=0.01 atol=0.001)	n0*=bitwise_left_shift.Tensor_Scalar_out(L0,·,·)
SKIP	w120:98	client RuntimeError: method->execute() failed with error 0x12 | [op_fft_r2c.cpp:32] Check failed (onesided): onesided=False is not supported yet in _fft_r2c [method.cpp:1480] KernelCall failed at instruction 0:0 in operator aten::_fft_r2c.out: 0x12 [method.cpp:1490] arg 0 with type id 1 [method.cpp:1490] arg 1 with type id 8 [method.cpp:1490] arg 2 with type id 4 [method.cpp:1490] arg 3 with type id 5 [method.cpp:1490] arg 4 with type id 1 [method.cpp:1490] arg 5 with type id 1	n0*=_fft_r2c(L0,·,·,·)
SKIP	w121:1	client RuntimeError: method->execute() failed with error 0x12 | [op_copy.cpp:33] Check failed (non_blocking == false):  [method.cpp:1480] KernelCall failed at instruction 0:0 in operator aten::copy.out: 0x12 [method.cpp:1490] arg 0 with type id 1 [method.cpp:1490] arg 1 with type id 1 [method.cpp:1490] arg 2 with type id 5 [method.cpp:1490] arg 3 with type id 1 [method.cpp:1490] arg 4 with type id 1	n0*=copy(L0,L1,·)
MISMATCH	w121:111	out[0] non-finite mismatch (nan/inf positions differ)	n0*=_log_softmax.out(L0,·,·,·)
MISMATCH	w121:131	out[0] max|delta|=2.306e+18 (rtol=0.0 atol=0.0)	n0*=bitwise_left_shift.Tensor_Scalar(L0,·)
SKIP	w121:158	client RuntimeError: method->execute() failed with error 0x12 | [op_arange.cpp:59] Check failed (utils::extract_scalar(end, &d_end)):  [method.cpp:1480] KernelCall failed at instruction 0:0 in operator aten::arange.start_out: 0x12 [method.cpp:1490] arg 0 with type id 4 [method.cpp:1490] arg 1 with type id 5 [method.cpp:1490] arg 2 with type id 4 [method.cpp:1490] arg 3 with type id 1 [method.cpp:1490] arg 4 with type id 1	n0*=arange.start_out(·,·,·,·)
SKIP	w121:165	client RuntimeError: method->execute() failed with error 0x12 | [op_sub.cpp:144] Check failed (utils::extract_scalar(alpha, &alpha_val)):  [method.cpp:1480] KernelCall failed at instruction 0:0 in operator aten::sub.Scalar_out: 0x12 [method.cpp:1490] arg 0 with type id 1 [method.cpp:1490] arg 1 with type id 4 [method.cpp:1490] arg 2 with type id 4 [method.cpp:1490] arg 3 with type id 1 [method.cpp:1490] arg 4 with type id 1	n0*=sub.Scalar(L0,·,·)
SKIP	w121:183	client RuntimeError: method->execute() failed with error 0x12 | [normalization_ops_util.cpp:160] Check failed (in.size(0) == N):  [op_native_group_norm.cpp:139] Check failed (check_group_norm_args( input, weight, bias, N, C, HxW, group, out, mean_out, rstd_out)):  [method.cpp:1480] KernelCall failed at instruction 0:0 in operator aten::native_group_norm.out: 0x12 [method.cpp:1490] arg 0 with type id 1 [method.cpp:1490] arg 1 with type id 0 [method.cpp:1490] arg 2 with type id 0 [method.cpp:1490] arg 3 with type id 4 [method.cpp:1490] arg 4 with type id 4 [method.cpp:1490] arg 5 with type id 4 [method.cpp:1490] arg 6 with type id 4 [method.cpp:1490] arg 7 with type id 3 [method.cpp:1490] arg 8 with type id 1 [method.cpp:1490] arg 9 with type id 1 [method.cpp:1490] arg 10 with type id 1 [method.cpp:1490] arg 11 with type id 9	n0*=native_group_norm(L0,·,·,·,·,·,·,·)
MISMATCH	w121:207	out[0] max|delta|=4.612e+18 (rtol=0.01 atol=0.001)	n0*=bitwise_left_shift.Tensor_Scalar_out(L0,·,·)
MISMATCH	w121:210	out[0] max|delta|=1.611e+09 (rtol=0.0 atol=0.0)	n0*=bitwise_left_shift.Tensor_out(L0,L1,·)
SKIP	w121:229	client RuntimeError: method->execute() failed with error 0x12 | [op_copy.cpp:33] Check failed (non_blocking == false):  [method.cpp:1480] KernelCall failed at instruction 0:0 in operator aten::copy.out: 0x12 [method.cpp:1490] arg 0 with type id 1 [method.cpp:1490] arg 1 with type id 1 [method.cpp:1490] arg 2 with type id 5 [method.cpp:1490] arg 3 with type id 1 [method.cpp:1490] arg 4 with type id 1	n0*=copy(L0,L1,·)
SKIP	w121:37	client RuntimeError: method->execute() failed with error 0x12 | [normalization_ops_util.cpp:160] Check failed (in.size(0) == N):  [op_native_group_norm.cpp:139] Check failed (check_group_norm_args( input, weight, bias, N, C, HxW, group, out, mean_out, rstd_out)):  [method.cpp:1480] KernelCall failed at instruction 0:0 in operator aten::native_group_norm.out: 0x12 [method.cpp:1490] arg 0 with type id 1 [method.cpp:1490] arg 1 with type id 0 [method.cpp:1490] arg 2 with type id 0 [method.cpp:1490] arg 3 with type id 4 [method.cpp:1490] arg 4 with type id 4 [method.cpp:1490] arg 5 with type id 4 [method.cpp:1490] arg 6 with type id 4 [method.cpp:1490] arg 7 with type id 3 [method.cpp:1490] arg 8 with type id 1 [method.cpp:1490] arg 9 with type id 1 [method.cpp:1490] arg 10 with type id 1 [method.cpp:1490] arg 11 with type id 9	n0*=native_group_norm(L0,·,·,·,·,·,·,·)
SKIP	w121:40	client RuntimeError: method->execute() failed with error 0x12 | [tensor_util.h:617] Check failed (static_cast<size_t>(t.dim()) == rank): Expected tensor.dim() to be 2, but got 5 [distance_util.cpp:16] Check failed (tensor_is_rank(in, 2)):  [op_pdist_forward.cpp:25] Check failed (check_pdist_args(in, p, out)):  [method.cpp:1480] KernelCall failed at instruction 0:0 in operator aten::_pdist_forward.out: 0x12 [method.cpp:1490] arg 0 with type id 1 [method.cpp:1490] arg 1 with type id 3 [method.cpp:1490] arg 2 with type id 1 [method.cpp:1490] arg 3 with type id 1	n0*=_pdist_forward(L0,·)
SKIP	w122:140	client RuntimeError: method->execute() failed with error 0x12 | [op_arange.cpp:55] Check failed (utils::extract_scalar(start, &d_start)):  [method.cpp:1480] KernelCall failed at instruction 0:0 in operator aten::arange.start_out: 0x12 [method.cpp:1490] arg 0 with type id 5 [method.cpp:1490] arg 1 with type id 5 [method.cpp:1490] arg 2 with type id 5 [method.cpp:1490] arg 3 with type id 1 [method.cpp:1490] arg 4 with type id 1	n0*=arange.start_out(·,·,·,·)
SKIP	w122:165	client RuntimeError: method->execute() failed with error 0x12 | [normalization_ops_util.cpp:160] Check failed (in.size(0) == N):  [op_native_group_norm.cpp:139] Check failed (check_group_norm_args( input, weight, bias, N, C, HxW, group, out, mean_out, rstd_out)):  [method.cpp:1480] KernelCall failed at instruction 0:0 in operator aten::native_group_norm.out: 0x12 [method.cpp:1490] arg 0 with type id 1 [method.cpp:1490] arg 1 with type id 0 [method.cpp:1490] arg 2 with type id 0 [method.cpp:1490] arg 3 with type id 4 [method.cpp:1490] arg 4 with type id 4 [method.cpp:1490] arg 5 with type id 4 [method.cpp:1490] arg 6 with type id 4 [method.cpp:1490] arg 7 with type id 3 [method.cpp:1490] arg 8 with type id 1 [method.cpp:1490] arg 9 with type id 1 [method.cpp:1490] arg 10 with type id 1 [method.cpp:1490] arg 11 with type id 9	n0*=native_group_norm(L0,·,·,·,·,·,·,·)
SKIP	w122:19	client RuntimeError: method->execute() failed with error 0x12 | [normalization_ops_util.cpp:160] Check failed (in.size(0) == N):  [op_native_group_norm.cpp:139] Check failed (check_group_norm_args( input, weight, bias, N, C, HxW, group, out, mean_out, rstd_out)):  [method.cpp:1480] KernelCall failed at instruction 0:0 in operator aten::native_group_norm.out: 0x12 [method.cpp:1490] arg 0 with type id 1 [method.cpp:1490] arg 1 with type id 0 [method.cpp:1490] arg 2 with type id 0 [method.cpp:1490] arg 3 with type id 4 [method.cpp:1490] arg 4 with type id 4 [method.cpp:1490] arg 5 with type id 4 [method.cpp:1490] arg 6 with type id 4 [method.cpp:1490] arg 7 with type id 3 [method.cpp:1490] arg 8 with type id 1 [method.cpp:1490] arg 9 with type id 1 [method.cpp:1490] arg 10 with type id 1 [method.cpp:1490] arg 11 with type id 9	n0*=native_group_norm(L0,·,·,·,·,·,·,·)
MISMATCH	w122:192	out[0] max|delta|=2.147e+09 (rtol=0.0 atol=0.0)	n0*=bitwise_left_shift.Tensor_out(L0,L1,·)
SKIP	w122:22	client RuntimeError: method->execute() failed with error 0x12 | [op_pdist_forward.cpp:45] Unhandled dtype Long for _pdist_forward.out [method.cpp:1480] KernelCall failed at instruction 0:0 in operator aten::_pdist_forward.out: 0x12 [method.cpp:1490] arg 0 with type id 1 [method.cpp:1490] arg 1 with type id 3 [method.cpp:1490] arg 2 with type id 1 [method.cpp:1490] arg 3 with type id 1	n0*=_pdist_forward(L0,·)
MISMATCH	w122:238	out[0] max|delta|=4.000e+00 (rtol=0.01 atol=0.001)	n0*=remainder.Tensor_out(L0,L1,·)
SKIP	w122:247	client RuntimeError: method->execute() failed with error 0x12 | [normalization_ops_util.cpp:160] Check failed (in.size(0) == N):  [op_native_group_norm.cpp:139] Check failed (check_group_norm_args( input, weight, bias, N, C, HxW, group, out, mean_out, rstd_out)):  [method.cpp:1480] KernelCall failed at instruction 0:0 in operator aten::native_group_norm.out: 0x12 [method.cpp:1490] arg 0 with type id 1 [method.cpp:1490] arg 1 with type id 0 [method.cpp:1490] arg 2 with type id 0 [method.cpp:1490] arg 3 with type id 4 [method.cpp:1490] arg 4 with type id 4 [method.cpp:1490] arg 5 with type id 4 [method.cpp:1490] arg 6 with type id 4 [method.cpp:1490] arg 7 with type id 3 [method.cpp:1490] arg 8 with type id 1 [method.cpp:1490] arg 9 with type id 1 [method.cpp:1490] arg 10 with type id 1 [method.cpp:1490] arg 11 with type id 9	n0*=native_group_norm(L0,·,·,·,·,·,·,·)
SKIP	w122:250	client RuntimeError: method->execute() failed with error 0x12 | [tensor_util.h:617] Check failed (static_cast<size_t>(t.dim()) == rank): Expected tensor.dim() to be 2, but got 1 [distance_util.cpp:16] Check failed (tensor_is_rank(in, 2)):  [op_pdist_forward.cpp:25] Check failed (check_pdist_args(in, p, out)):  [method.cpp:1480] KernelCall failed at instruction 0:0 in operator aten::_pdist_forward.out: 0x12 [method.cpp:1490] arg 0 with type id 1 [method.cpp:1490] arg 1 with type id 3 [method.cpp:1490] arg 2 with type id 1 [method.cpp:1490] arg 3 with type id 1	n0*=_pdist_forward(L0,·)
SKIP	w122:278	client RuntimeError: method->execute() failed with error 0x12 | [op_fft_r2c.cpp:32] Check failed (onesided): onesided=False is not supported yet in _fft_r2c [method.cpp:1480] KernelCall failed at instruction 0:0 in operator aten::_fft_r2c.out: 0x12 [method.cpp:1490] arg 0 with type id 1 [method.cpp:1490] arg 1 with type id 8 [method.cpp:1490] arg 2 with type id 4 [method.cpp:1490] arg 3 with type id 5 [method.cpp:1490] arg 4 with type id 1 [method.cpp:1490] arg 5 with type id 1	n0*=_fft_r2c(L0,·,·,·)
SKIP	w122:321	client RuntimeError: method->execute() failed with error 0x12 | [op_log_softmax.cpp:152] Check failed (false):  [method.cpp:1480] KernelCall failed at instruction 0:0 in operator aten::_log_softmax.out: 0x12 [method.cpp:1490] arg 0 with type id 1 [method.cpp:1490] arg 1 with type id 4 [method.cpp:1490] arg 2 with type id 5 [method.cpp:1490] arg 3 with type id 1 [method.cpp:1490] arg 4 with type id 1	n0*=_log_softmax.out(L0,·,·,·)
SKIP	w122:349	client RuntimeError: method->execute() failed with error 0x12 | [copy_ops_util.cpp:165] Check failed (implicit == false): This operator is not implemented for when implicit == true. [op_expand_copy.cpp:63] Check failed (check_expand_copy_args(self, expand_sizes, implicit, out)):  [method.cpp:1480] KernelCall failed at instruction 0:0 in operator aten::expand_copy.out: 0x12 [method.cpp:1490] arg 0 with type id 1 [method.cpp:1490] arg 1 with type id 8 [method.cpp:1490] arg 2 with type id 5 [method.cpp:1490] arg 3 with type id 1 [method.cpp:1490] arg 4 with type id 1	n0*=expand_copy(L0,·,·)
MISMATCH	w122:363	out[0] max|delta|=6.000e+00 (rtol=0.0 atol=0.0)	n0*=remainder.Scalar_out(L0,·,·)
SKIP	w122:368	client RuntimeError: method->execute() failed with error 0x12 | [op_arange.cpp:55] Check failed (utils::extract_scalar(start, &d_start)):  [method.cpp:1480] KernelCall failed at instruction 0:0 in operator aten::arange.start_out: 0x12 [method.cpp:1490] arg 0 with type id 5 [method.cpp:1490] arg 1 with type id 5 [method.cpp:1490] arg 2 with type id 4 [method.cpp:1490] arg 3 with type id 1 [method.cpp:1490] arg 4 with type id 1	n0*=arange.start_out(·,·,·,·)
SKIP	w122:393	client RuntimeError: method->execute() failed with error 0x12 | [normalization_ops_util.cpp:160] Check failed (in.size(0) == N):  [op_native_group_norm.cpp:139] Check failed (check_group_norm_args( input, weight, bias, N, C, HxW, group, out, mean_out, rstd_out)):  [method.cpp:1480] KernelCall failed at instruction 0:0 in operator aten::native_group_norm.out: 0x12 [method.cpp:1490] arg 0 with type id 1 [method.cpp:1490] arg 1 with type id 0 [method.cpp:1490] arg 2 with type id 0 [method.cpp:1490] arg 3 with type id 4 [method.cpp:1490] arg 4 with type id 4 [method.cpp:1490] arg 5 with type id 4 [method.cpp:1490] arg 6 with type id 4 [method.cpp:1490] arg 7 with type id 3 [method.cpp:1490] arg 8 with type id 1 [method.cpp:1490] arg 9 with type id 1 [method.cpp:1490] arg 10 with type id 1 [method.cpp:1490] arg 11 with type id 9	n0*=native_group_norm(L0,·,·,·,·,·,·,·)
MISMATCH	w122:420	out[0] max|delta|=6.918e+18 (rtol=0.01 atol=0.001)	n0*=bitwise_left_shift.Tensor_out(L0,L1,·)
SKIP	w122:93	client RuntimeError: method->execute() failed with error 0x12 | [op_log_softmax.cpp:152] Check failed (false):  [method.cpp:1480] KernelCall failed at instruction 0:0 in operator aten::_log_softmax.out: 0x12 [method.cpp:1490] arg 0 with type id 1 [method.cpp:1490] arg 1 with type id 4 [method.cpp:1490] arg 2 with type id 5 [method.cpp:1490] arg 3 with type id 1 [method.cpp:1490] arg 4 with type id 1	n0*=_log_softmax.out(L0,·,·,·)
MISMATCH	w123:103	out[0] max|delta|=1.153e+18 (rtol=0.01 atol=0.001)	n0*=bitwise_left_shift.Tensor_Scalar_out(L0,·,·)
MISMATCH	w123:106	out[0] max|delta|=1.611e+09 (rtol=0.0 atol=0.0)	n0*=bitwise_left_shift.Tensor_out(L0,L1,·)
SKIP	w123:125	client RuntimeError: method->execute() failed with error 0x12 | [op_copy.cpp:33] Check failed (non_blocking == false):  [method.cpp:1480] KernelCall failed at instruction 0:0 in operator aten::copy.out: 0x12 [method.cpp:1490] arg 0 with type id 1 [method.cpp:1490] arg 1 with type id 1 [method.cpp:1490] arg 2 with type id 5 [method.cpp:1490] arg 3 with type id 1 [method.cpp:1490] arg 4 with type id 1	n0*=copy(L0,L1,·)
MISMATCH	w123:139	out[0] non-finite mismatch (nan/inf positions differ)	n0*=gelu.out(L0,·,·)
CRASH	w118:119	executor died (native abort)	n0*=max_pool2d_with_indices_backward.grad_input(L0,L1,·,·,·,·,·,L2,L3)
SKIP	w123:161	client RuntimeError: method->execute() failed with error 0x12 | [normalization_ops_util.cpp:160] Check failed (in.size(0) == N):  [op_native_group_norm.cpp:139] Check failed (check_group_norm_args( input, weight, bias, N, C, HxW, group, out, mean_out, rstd_out)):  [method.cpp:1480] KernelCall failed at instruction 0:0 in operator aten::native_group_norm.out: 0x12 [method.cpp:1490] arg 0 with type id 1 [method.cpp:1490] arg 1 with type id 0 [method.cpp:1490] arg 2 with type id 0 [method.cpp:1490] arg 3 with type id 4 [method.cpp:1490] arg 4 with type id 4 [method.cpp:1490] arg 5 with type id 4 [method.cpp:1490] arg 6 with type id 4 [method.cpp:1490] arg 7 with type id 3 [method.cpp:1490] arg 8 with type id 1 [method.cpp:1490] arg 9 with type id 1 [method.cpp:1490] arg 10 with type id 1 [method.cpp:1490] arg 11 with type id 9	n0*=native_group_norm(L0,·,·,·,·,·,·,·)
SKIP	w123:164	client RuntimeError: method->execute() failed with error 0x12 | [tensor_util.h:617] Check failed (static_cast<size_t>(t.dim()) == rank): Expected tensor.dim() to be 2, but got 1 [distance_util.cpp:16] Check failed (tensor_is_rank(in, 2)):  [op_pdist_forward.cpp:25] Check failed (check_pdist_args(in, p, out)):  [method.cpp:1480] KernelCall failed at instruction 0:0 in operator aten::_pdist_forward.out: 0x12 [method.cpp:1490] arg 0 with type id 1 [method.cpp:1490] arg 1 with type id 3 [method.cpp:1490] arg 2 with type id 1 [method.cpp:1490] arg 3 with type id 1	n0*=_pdist_forward(L0,·)
SKIP	w123:192	client RuntimeError: method->execute() failed with error 0x12 | [tensor_util_portable.cpp:130] Check failed (all_contiguous || all_channels_last): 2 input tensors have different dim orders [op_fft_r2c.cpp:29] Check failed (tensors_have_same_dim_order(in, out)):  [method.cpp:1480] KernelCall failed at instruction 0:0 in operator aten::_fft_r2c.out: 0x12 [method.cpp:1490] arg 0 with type id 1 [method.cpp:1490] arg 1 with type id 8 [method.cpp:1490] arg 2 with type id 4 [method.cpp:1490] arg 3 with type id 5 [method.cpp:1490] arg 4 with type id 1 [method.cpp:1490] arg 5 with type id 1	n0*=_fft_r2c(L0,·,·,·)
SKIP	w123:235	client RuntimeError: method->execute() failed with error 0x12 | [op_log_softmax.cpp:152] Check failed (false):  [method.cpp:1480] KernelCall failed at instruction 0:0 in operator aten::_log_softmax.out: 0x12 [method.cpp:1490] arg 0 with type id 1 [method.cpp:1490] arg 1 with type id 4 [method.cpp:1490] arg 2 with type id 5 [method.cpp:1490] arg 3 with type id 1 [method.cpp:1490] arg 4 with type id 1	n0*=_log_softmax.out(L0,·,·,·)
SKIP	w123:257	client RuntimeError: method->execute() failed with error 0x12 | [index_util.cpp:156] Check failed (index.scalar_type() == ScalarType::Long): Expected dtype int64 for index; index.scalar_type() = Int [op_scatter_add.cpp:61] Check failed (check_scatter_add_args(self, dim, index, src, out)):  [method.cpp:1480] KernelCall failed at instruction 0:0 in operator aten::scatter_add.out: 0x12 [method.cpp:1490] arg 0 with type id 1 [method.cpp:1490] arg 1 with type id 4 [method.cpp:1490] arg 2 with type id 1 [method.cpp:1490] arg 3 with type id 1 [method.cpp:1490] arg 4 with type id 1 [method.cpp:1490] arg 5 with type id 1	n0*=scatter_add.out(L0,·,L1,L2,·)
SKIP	w123:282	client RuntimeError: method->execute() failed with error 0x12 | [op_arange.cpp:55] Check failed (utils::extract_scalar(start, &d_start)):  [method.cpp:1480] KernelCall failed at instruction 0:0 in operator aten::arange.start_out: 0x12 [method.cpp:1490] arg 0 with type id 5 [method.cpp:1490] arg 1 with type id 5 [method.cpp:1490] arg 2 with type id 4 [method.cpp:1490] arg 3 with type id 1 [method.cpp:1490] arg 4 with type id 1	n0*=arange.start_out(·,·,·,·)
SKIP	w123:307	client RuntimeError: method->execute() failed with error 0x12 | [normalization_ops_util.cpp:160] Check failed (in.size(0) == N):  [op_native_group_norm.cpp:139] Check failed (check_group_norm_args( input, weight, bias, N, C, HxW, group, out, mean_out, rstd_out)):  [method.cpp:1480] KernelCall failed at instruction 0:0 in operator aten::native_group_norm.out: 0x12 [method.cpp:1490] arg 0 with type id 1 [method.cpp:1490] arg 1 with type id 0 [method.cpp:1490] arg 2 with type id 0 [method.cpp:1490] arg 3 with type id 4 [method.cpp:1490] arg 4 with type id 4 [method.cpp:1490] arg 5 with type id 4 [method.cpp:1490] arg 6 with type id 4 [method.cpp:1490] arg 7 with type id 3 [method.cpp:1490] arg 8 with type id 1 [method.cpp:1490] arg 9 with type id 1 [method.cpp:1490] arg 10 with type id 1 [method.cpp:1490] arg 11 with type id 9	n0*=native_group_norm(L0,·,·,·,·,·,·,·)
MISMATCH	w123:331	out[0] non-finite mismatch (nan/inf positions differ)	n0*=bitwise_left_shift.Tensor_Scalar_out(L0,·,·)
MISMATCH	w123:334	out[0] max|delta|=9.223e+18 (rtol=0.01 atol=0.001)	n0*=bitwise_left_shift.Tensor_out(L0,L1,·)
SKIP	w123:35	client RuntimeError: method->execute() failed with error 0x12 | [copy_ops_util.cpp:165] Check failed (implicit == false): This operator is not implemented for when implicit == true. [op_expand_copy.cpp:63] Check failed (check_expand_copy_args(self, expand_sizes, implicit, out)):  [method.cpp:1480] KernelCall failed at instruction 0:0 in operator aten::expand_copy.out: 0x12 [method.cpp:1490] arg 0 with type id 1 [method.cpp:1490] arg 1 with type id 8 [method.cpp:1490] arg 2 with type id 5 [method.cpp:1490] arg 3 with type id 1 [method.cpp:1490] arg 4 with type id 1	n0*=expand_copy(L0,·,·)
MISMATCH	w123:367	out[0] non-finite mismatch (nan/inf positions differ)	n0*=gelu.out(L0,·,·)
SKIP	w123:389	client RuntimeError: method->execute() failed with error 0x12 | [normalization_ops_util.cpp:160] Check failed (in.size(0) == N):  [op_native_group_norm.cpp:139] Check failed (check_group_norm_args( input, weight, bias, N, C, HxW, group, out, mean_out, rstd_out)):  [method.cpp:1480] KernelCall failed at instruction 0:0 in operator aten::native_group_norm.out: 0x12 [method.cpp:1490] arg 0 with type id 1 [method.cpp:1490] arg 1 with type id 0 [method.cpp:1490] arg 2 with type id 0 [method.cpp:1490] arg 3 with type id 4 [method.cpp:1490] arg 4 with type id 4 [method.cpp:1490] arg 5 with type id 4 [method.cpp:1490] arg 6 with type id 4 [method.cpp:1490] arg 7 with type id 3 [method.cpp:1490] arg 8 with type id 1 [method.cpp:1490] arg 9 with type id 1 [method.cpp:1490] arg 10 with type id 1 [method.cpp:1490] arg 11 with type id 9	n0*=native_group_norm(L0,·,·,·,·,·,·,·)
SKIP	w123:54	client RuntimeError: method->execute() failed with error 0x12 | [op_arange.cpp:55] Check failed (utils::extract_scalar(start, &d_start)):  [method.cpp:1480] KernelCall failed at instruction 0:0 in operator aten::arange.start_out: 0x12 [method.cpp:1490] arg 0 with type id 5 [method.cpp:1490] arg 1 with type id 5 [method.cpp:1490] arg 2 with type id 5 [method.cpp:1490] arg 3 with type id 1 [method.cpp:1490] arg 4 with type id 1	n0*=arange.start_out(·,·,·,·)
SKIP	w123:60	client RuntimeError: method->execute() failed with error 0x12 | [index_util.cpp:24] Check failed (index.scalar_type() == ScalarType::Long): Expected dtype int64 for index; index.scalar_type() = Int [op_scatter.cpp:140] Check failed (check_scatter_value_args(in, dim, index, value, out)):  [method.cpp:1480] KernelCall failed at instruction 0:0 in operator aten::scatter.value_out: 0x12 [method.cpp:1490] arg 0 with type id 1 [method.cpp:1490] arg 1 with type id 4 [method.cpp:1490] arg 2 with type id 1 [method.cpp:1490] arg 3 with type id 4 [method.cpp:1490] arg 4 with type id 1 [method.cpp:1490] arg 5 with type id 1	n0*=scatter.value_out(L0,·,L1,·,·)
SKIP	w123:7	client RuntimeError: method->execute() failed with error 0x12 | [op_log_softmax.cpp:152] Check failed (false):  [method.cpp:1480] KernelCall failed at instruction 0:0 in operator aten::_log_softmax.out: 0x12 [method.cpp:1490] arg 0 with type id 1 [method.cpp:1490] arg 1 with type id 4 [method.cpp:1490] arg 2 with type id 5 [method.cpp:1490] arg 3 with type id 1 [method.cpp:1490] arg 4 with type id 1	n0*=_log_softmax.out(L0,·,·,·)
SKIP	w123:79	client RuntimeError: method->execute() failed with error 0x12 | [normalization_ops_util.cpp:160] Check failed (in.size(0) == N):  [op_native_group_norm.cpp:139] Check failed (check_group_norm_args( input, weight, bias, N, C, HxW, group, out, mean_out, rstd_out)):  [method.cpp:1480] KernelCall failed at instruction 0:0 in operator aten::native_group_norm.out: 0x12 [method.cpp:1490] arg 0 with type id 1 [method.cpp:1490] arg 1 with type id 0 [method.cpp:1490] arg 2 with type id 0 [method.cpp:1490] arg 3 with type id 4 [method.cpp:1490] arg 4 with type id 4 [method.cpp:1490] arg 5 with type id 4 [method.cpp:1490] arg 6 with type id 4 [method.cpp:1490] arg 7 with type id 3 [method.cpp:1490] arg 8 with type id 1 [method.cpp:1490] arg 9 with type id 1 [method.cpp:1490] arg 10 with type id 1 [method.cpp:1490] arg 11 with type id 9	n0*=native_group_norm(L0,·,·,·,·,·,·,·)
SKIP	w124:105	client RuntimeError: method->execute() failed with error 0x12 | [op_arange.cpp:59] Check failed (utils::extract_scalar(end, &d_end)):  [method.cpp:1480] KernelCall failed at instruction 0:0 in operator aten::arange.start_out: 0x12 [method.cpp:1490] arg 0 with type id 3 [method.cpp:1490] arg 1 with type id 5 [method.cpp:1490] arg 2 with type id 3 [method.cpp:1490] arg 3 with type id 1 [method.cpp:1490] arg 4 with type id 1	n0*=arange.start_out(·,·,·,·)
SKIP	w124:130	client RuntimeError: method->execute() failed with error 0x12 | [normalization_ops_util.cpp:161] Check failed (in.size(1) == C):  [op_native_group_norm.cpp:139] Check failed (check_group_norm_args( input, weight, bias, N, C, HxW, group, out, mean_out, rstd_out)):  [method.cpp:1480] KernelCall failed at instruction 0:0 in operator aten::native_group_norm.out: 0x12 [method.cpp:1490] arg 0 with type id 1 [method.cpp:1490] arg 1 with type id 0 [method.cpp:1490] arg 2 with type id 0 [method.cpp:1490] arg 3 with type id 4 [method.cpp:1490] arg 4 with type id 4 [method.cpp:1490] arg 5 with type id 4 [method.cpp:1490] arg 6 with type id 4 [method.cpp:1490] arg 7 with type id 3 [method.cpp:1490] arg 8 with type id 1 [method.cpp:1490] arg 9 with type id 1 [method.cpp:1490] arg 10 with type id 1 [method.cpp:1490] arg 11 with type id 9	n0*=native_group_norm(L0,·,·,·,·,·,·,·)
SKIP	w124:176	client RuntimeError: method->execute() failed with error 0x12 | [op_copy.cpp:33] Check failed (non_blocking == false):  [method.cpp:1480] KernelCall failed at instruction 0:0 in operator aten::copy.out: 0x12 [method.cpp:1490] arg 0 with type id 1 [method.cpp:1490] arg 1 with type id 1 [method.cpp:1490] arg 2 with type id 5 [method.cpp:1490] arg 3 with type id 1 [method.cpp:1490] arg 4 with type id 1	n0*=copy(L0,L1,·)
MISMATCH	w124:190	out[0] non-finite mismatch (nan/inf positions differ)	n0*=gelu.out(L0,·,·)
MISMATCH	w124:61	out[0] non-finite mismatch (nan/inf positions differ)	n0*=addmm.out(L0,L1,L2,·,·,·)
SKIP	w124:80	client RuntimeError: method->execute() failed with error 0x12 | [index_util.cpp:156] Check failed (index.scalar_type() == ScalarType::Long): Expected dtype int64 for index; index.scalar_type() = Int [op_scatter_add.cpp:61] Check failed (check_scatter_add_args(self, dim, index, src, out)):  [method.cpp:1480] KernelCall failed at instruction 0:0 in operator aten::scatter_add.out: 0x12 [method.cpp:1490] arg 0 with type id 1 [method.cpp:1490] arg 1 with type id 4 [method.cpp:1490] arg 2 with type id 1 [method.cpp:1490] arg 3 with type id 1 [method.cpp:1490] arg 4 with type id 1 [method.cpp:1490] arg 5 with type id 1	n0*=scatter_add.out(L0,·,L1,L2,·)
SKIP	w124:86	client RuntimeError: method->execute() failed with error 0x12 | [copy_ops_util.cpp:165] Check failed (implicit == false): This operator is not implemented for when implicit == true. [op_expand_copy.cpp:63] Check failed (check_expand_copy_args(self, expand_sizes, implicit, out)):  [method.cpp:1480] KernelCall failed at instruction 0:0 in operator aten::expand_copy.out: 0x12 [method.cpp:1490] arg 0 with type id 1 [method.cpp:1490] arg 1 with type id 8 [method.cpp:1490] arg 2 with type id 5 [method.cpp:1490] arg 3 with type id 1 [method.cpp:1490] arg 4 with type id 1	n0*=expand_copy(L0,·,·)
SKIP	w125:147	client RuntimeError: method->execute() failed with error 0x12 | [op_arange.cpp:55] Check failed (utils::extract_scalar(start, &d_start)):  [method.cpp:1480] KernelCall failed at instruction 0:0 in operator aten::arange.start_out: 0x12 [method.cpp:1490] arg 0 with type id 5 [method.cpp:1490] arg 1 with type id 5 [method.cpp:1490] arg 2 with type id 3 [method.cpp:1490] arg 3 with type id 1 [method.cpp:1490] arg 4 with type id 1	n0*=arange.start_out(·,·,·,·)
MISMATCH	w125:164	out[0] non-finite mismatch (nan/inf positions differ)	n0*=grid_sampler_2d(L0,L1,·,·,·)
SKIP	w125:172	client RuntimeError: method->execute() failed with error 0x12 | [normalization_ops_util.cpp:160] Check failed (in.size(0) == N):  [op_native_group_norm.cpp:139] Check failed (check_group_norm_args( input, weight, bias, N, C, HxW, group, out, mean_out, rstd_out)):  [method.cpp:1480] KernelCall failed at instruction 0:0 in operator aten::native_group_norm.out: 0x12 [method.cpp:1490] arg 0 with type id 1 [method.cpp:1490] arg 1 with type id 0 [method.cpp:1490] arg 2 with type id 0 [method.cpp:1490] arg 3 with type id 4 [method.cpp:1490] arg 4 with type id 4 [method.cpp:1490] arg 5 with type id 4 [method.cpp:1490] arg 6 with type id 4 [method.cpp:1490] arg 7 with type id 3 [method.cpp:1490] arg 8 with type id 1 [method.cpp:1490] arg 9 with type id 1 [method.cpp:1490] arg 10 with type id 1 [method.cpp:1490] arg 11 with type id 9	n0*=native_group_norm(L0,·,·,·,·,·,·,·)
MISMATCH	w125:196	out[0] max|delta|=7.206e+16 (rtol=0.01 atol=0.001)	n0*=bitwise_left_shift.Tensor_Scalar_out(L0,·,·)
MISMATCH	w125:199	out[0] max|delta|=6.918e+18 (rtol=0.01 atol=0.001)	n0*=bitwise_left_shift.Tensor_out(L0,L1,·)
SKIP	w125:218	client RuntimeError: method->execute() failed with error 0x12 | [op_copy.cpp:33] Check failed (non_blocking == false):  [method.cpp:1480] KernelCall failed at instruction 0:0 in operator aten::copy.out: 0x12 [method.cpp:1490] arg 0 with type id 1 [method.cpp:1490] arg 1 with type id 1 [method.cpp:1490] arg 2 with type id 5 [method.cpp:1490] arg 3 with type id 1 [method.cpp:1490] arg 4 with type id 1	n0*=copy(L0,L1,·)
SKIP	w125:254	client RuntimeError: method->execute() failed with error 0x12 | [normalization_ops_util.cpp:160] Check failed (in.size(0) == N):  [op_native_group_norm.cpp:139] Check failed (check_group_norm_args( input, weight, bias, N, C, HxW, group, out, mean_out, rstd_out)):  [method.cpp:1480] KernelCall failed at instruction 0:0 in operator aten::native_group_norm.out: 0x12 [method.cpp:1490] arg 0 with type id 1 [method.cpp:1490] arg 1 with type id 0 [method.cpp:1490] arg 2 with type id 0 [method.cpp:1490] arg 3 with type id 4 [method.cpp:1490] arg 4 with type id 4 [method.cpp:1490] arg 5 with type id 4 [method.cpp:1490] arg 6 with type id 4 [method.cpp:1490] arg 7 with type id 3 [method.cpp:1490] arg 8 with type id 1 [method.cpp:1490] arg 9 with type id 1 [method.cpp:1490] arg 10 with type id 1 [method.cpp:1490] arg 11 with type id 9	n0*=native_group_norm(L0,·,·,·,·,·,·,·)
SKIP	w125:257	client RuntimeError: method->execute() failed with error 0x12 | [tensor_util.h:617] Check failed (static_cast<size_t>(t.dim()) == rank): Expected tensor.dim() to be 2, but got 3 [distance_util.cpp:16] Check failed (tensor_is_rank(in, 2)):  [op_pdist_forward.cpp:25] Check failed (check_pdist_args(in, p, out)):  [method.cpp:1480] KernelCall failed at instruction 0:0 in operator aten::_pdist_forward.out: 0x12 [method.cpp:1490] arg 0 with type id 1 [method.cpp:1490] arg 1 with type id 3 [method.cpp:1490] arg 2 with type id 1 [method.cpp:1490] arg 3 with type id 1	n0*=_pdist_forward(L0,·)
SKIP	w125:26	client RuntimeError: method->execute() failed with error 0x12 | [normalization_ops_util.cpp:160] Check failed (in.size(0) == N):  [op_native_group_norm.cpp:139] Check failed (check_group_norm_args( input, weight, bias, N, C, HxW, group, out, mean_out, rstd_out)):  [method.cpp:1480] KernelCall failed at instruction 0:0 in operator aten::native_group_norm.out: 0x12 [method.cpp:1490] arg 0 with type id 1 [method.cpp:1490] arg 1 with type id 0 [method.cpp:1490] arg 2 with type id 0 [method.cpp:1490] arg 3 with type id 4 [method.cpp:1490] arg 4 with type id 4 [method.cpp:1490] arg 5 with type id 4 [method.cpp:1490] arg 6 with type id 4 [method.cpp:1490] arg 7 with type id 3 [method.cpp:1490] arg 8 with type id 1 [method.cpp:1490] arg 9 with type id 1 [method.cpp:1490] arg 10 with type id 1 [method.cpp:1490] arg 11 with type id 9	n0*=native_group_norm(L0,·,·,·,·,·,·,·)
SKIP	w125:29	client RuntimeError: method->execute() failed with error 0x12 | [tensor_util.h:617] Check failed (static_cast<size_t>(t.dim()) == rank): Expected tensor.dim() to be 2, but got 1 [distance_util.cpp:16] Check failed (tensor_is_rank(in, 2)):  [op_pdist_forward.cpp:25] Check failed (check_pdist_args(in, p, out)):  [method.cpp:1480] KernelCall failed at instruction 0:0 in operator aten::_pdist_forward.out: 0x12 [method.cpp:1490] arg 0 with type id 1 [method.cpp:1490] arg 1 with type id 3 [method.cpp:1490] arg 2 with type id 1 [method.cpp:1490] arg 3 with type id 1	n0*=_pdist_forward(L0,·)
MISMATCH	w125:4	out[0] non-finite mismatch (nan/inf positions differ)	n0*=gelu.out(L0,·,·)
MISMATCH	w125:49	out[0] max|delta|=1.164e+00 (rtol=0.01 atol=0.001)	n0*=max_pool2d_with_indices_backward.grad_input(L0,L1,·,·,·,·,·,L2,L3)
SKIP	w125:57	client RuntimeError: method->execute() failed with error 0x12 | [tensor_util_portable.cpp:130] Check failed (all_contiguous || all_channels_last): 2 input tensors have different dim orders [op_fft_r2c.cpp:29] Check failed (tensors_have_same_dim_order(in, out)):  [method.cpp:1480] KernelCall failed at instruction 0:0 in operator aten::_fft_r2c.out: 0x12 [method.cpp:1490] arg 0 with type id 1 [method.cpp:1490] arg 1 with type id 8 [method.cpp:1490] arg 2 with type id 4 [method.cpp:1490] arg 3 with type id 5 [method.cpp:1490] arg 4 with type id 1 [method.cpp:1490] arg 5 with type id 1	n0*=_fft_r2c(L0,·,·,·)
SKIP	w126:111	client RuntimeError: method->execute() failed with error 0x12 | [op_fft_r2c.cpp:32] Check failed (onesided): onesided=False is not supported yet in _fft_r2c [method.cpp:1480] KernelCall failed at instruction 0:0 in operator aten::_fft_r2c.out: 0x12 [method.cpp:1490] arg 0 with type id 1 [method.cpp:1490] arg 1 with type id 8 [method.cpp:1490] arg 2 with type id 4 [method.cpp:1490] arg 3 with type id 5 [method.cpp:1490] arg 4 with type id 1 [method.cpp:1490] arg 5 with type id 1	n0*=_fft_r2c(L0,·,·,·)
SKIP	w126:154	client RuntimeError: method->execute() failed with error 0x12 | [op_log_softmax.cpp:152] Check failed (false):  [method.cpp:1480] KernelCall failed at instruction 0:0 in operator aten::_log_softmax.out: 0x12 [method.cpp:1490] arg 0 with type id 1 [method.cpp:1490] arg 1 with type id 4 [method.cpp:1490] arg 2 with type id 5 [method.cpp:1490] arg 3 with type id 1 [method.cpp:1490] arg 4 with type id 1	n0*=_log_softmax.out(L0,·,·,·)
MISMATCH	w126:167	out[0] max|delta|=6.000e+00 (rtol=0.0 atol=0.0)	n0*=remainder.Scalar(L0,·)
MISMATCH	w126:174	out[0] max|delta|=1.153e+18 (rtol=0.0 atol=0.0)	n0*=bitwise_left_shift.Tensor_Scalar(L0,·)
SKIP	w126:201	client RuntimeError: method->execute() failed with error 0x12 | [op_arange.cpp:55] Check failed (utils::extract_scalar(start, &d_start)):  [method.cpp:1480] KernelCall failed at instruction 0:0 in operator aten::arange.start_out: 0x12 [method.cpp:1490] arg 0 with type id 5 [method.cpp:1490] arg 1 with type id 5 [method.cpp:1490] arg 2 with type id 5 [method.cpp:1490] arg 3 with type id 1 [method.cpp:1490] arg 4 with type id 1	n0*=arange.start_out(·,·,·,·)
MISMATCH	w126:25	out[0] max|delta|=1.611e+09 (rtol=0.0 atol=0.0)	n0*=bitwise_left_shift.Tensor_out(L0,L1,·)
MISMATCH	w126:58	out[0] non-finite mismatch (nan/inf positions differ)	n0*=gelu.out(L0,·,·)
SKIP	w126:80	client RuntimeError: method->execute() failed with error 0x12 | [normalization_ops_util.cpp:161] Check failed (in.size(1) == C):  [op_native_group_norm.cpp:139] Check failed (check_group_norm_args( input, weight, bias, N, C, HxW, group, out, mean_out, rstd_out)):  [method.cpp:1480] KernelCall failed at instruction 0:0 in operator aten::native_group_norm.out: 0x12 [method.cpp:1490] arg 0 with type id 1 [method.cpp:1490] arg 1 with type id 0 [method.cpp:1490] arg 2 with type id 0 [method.cpp:1490] arg 3 with type id 4 [method.cpp:1490] arg 4 with type id 4 [method.cpp:1490] arg 5 with type id 4 [method.cpp:1490] arg 6 with type id 4 [method.cpp:1490] arg 7 with type id 3 [method.cpp:1490] arg 8 with type id 1 [method.cpp:1490] arg 9 with type id 1 [method.cpp:1490] arg 10 with type id 1 [method.cpp:1490] arg 11 with type id 9	n0*=native_group_norm(L0,·,·,·,·,·,·,·)
SKIP	w126:83	client RuntimeError: method->execute() failed with error 0x12 | [tensor_util.h:617] Check failed (static_cast<size_t>(t.dim()) == rank): Expected tensor.dim() to be 2, but got 5 [distance_util.cpp:16] Check failed (tensor_is_rank(in, 2)):  [op_pdist_forward.cpp:25] Check failed (check_pdist_args(in, p, out)):  [method.cpp:1480] KernelCall failed at instruction 0:0 in operator aten::_pdist_forward.out: 0x12 [method.cpp:1490] arg 0 with type id 1 [method.cpp:1490] arg 1 with type id 3 [method.cpp:1490] arg 2 with type id 1 [method.cpp:1490] arg 3 with type id 1	n0*=_pdist_forward(L0,·)
SKIP	w127:130	client RuntimeError: method->execute() failed with error 0x12 | [normalization_ops_util.cpp:160] Check failed (in.size(0) == N):  [op_native_group_norm.cpp:139] Check failed (check_group_norm_args( input, weight, bias, N, C, HxW, group, out, mean_out, rstd_out)):  [method.cpp:1480] KernelCall failed at instruction 0:0 in operator aten::native_group_norm.out: 0x12 [method.cpp:1490] arg 0 with type id 1 [method.cpp:1490] arg 1 with type id 0 [method.cpp:1490] arg 2 with type id 0 [method.cpp:1490] arg 3 with type id 4 [method.cpp:1490] arg 4 with type id 4 [method.cpp:1490] arg 5 with type id 4 [method.cpp:1490] arg 6 with type id 4 [method.cpp:1490] arg 7 with type id 3 [method.cpp:1490] arg 8 with type id 1 [method.cpp:1490] arg 9 with type id 1 [method.cpp:1490] arg 10 with type id 1 [method.cpp:1490] arg 11 with type id 9	n0*=native_group_norm(L0,·,·,·,·,·,·,·)
SKIP	w127:133	client RuntimeError: method->execute() failed with error 0x12 | [tensor_util.h:617] Check failed (static_cast<size_t>(t.dim()) == rank): Expected tensor.dim() to be 2, but got 3 [distance_util.cpp:16] Check failed (tensor_is_rank(in, 2)):  [op_pdist_forward.cpp:25] Check failed (check_pdist_args(in, p, out)):  [method.cpp:1480] KernelCall failed at instruction 0:0 in operator aten::_pdist_forward.out: 0x12 [method.cpp:1490] arg 0 with type id 1 [method.cpp:1490] arg 1 with type id 3 [method.cpp:1490] arg 2 with type id 1 [method.cpp:1490] arg 3 with type id 1	n0*=_pdist_forward(L0,·)
CRASH	w12:308	executor died (native abort)	n0*=max_pool2d_with_indices_backward.grad_input(L0,L1,·,·,·,·,·,L2,L3)
SKIP	w127:161	client RuntimeError: method->execute() failed with error 0x12 | [op_fft_r2c.cpp:32] Check failed (onesided): onesided=False is not supported yet in _fft_r2c [method.cpp:1480] KernelCall failed at instruction 0:0 in operator aten::_fft_r2c.out: 0x12 [method.cpp:1490] arg 0 with type id 1 [method.cpp:1490] arg 1 with type id 8 [method.cpp:1490] arg 2 with type id 4 [method.cpp:1490] arg 3 with type id 5 [method.cpp:1490] arg 4 with type id 1 [method.cpp:1490] arg 5 with type id 1	n0*=_fft_r2c(L0,·,·,·)
MISMATCH	w127:204	out[0] non-finite mismatch (nan/inf positions differ)	n0*=_log_softmax.out(L0,·,·,·)
SKIP	w127:23	client RuntimeError: method->execute() failed with error 0x12 | [op_arange.cpp:55] Check failed (utils::extract_scalar(start, &d_start)):  [method.cpp:1480] KernelCall failed at instruction 0:0 in operator aten::arange.start_out: 0x12 [method.cpp:1490] arg 0 with type id 5 [method.cpp:1490] arg 1 with type id 5 [method.cpp:1490] arg 2 with type id 5 [method.cpp:1490] arg 3 with type id 1 [method.cpp:1490] arg 4 with type id 1	n0*=arange.start_out(·,·,·,·)
SKIP	w127:48	client RuntimeError: method->execute() failed with error 0x12 | [normalization_ops_util.cpp:160] Check failed (in.size(0) == N):  [op_native_group_norm.cpp:139] Check failed (check_group_norm_args( input, weight, bias, N, C, HxW, group, out, mean_out, rstd_out)):  [method.cpp:1480] KernelCall failed at instruction 0:0 in operator aten::native_group_norm.out: 0x12 [method.cpp:1490] arg 0 with type id 1 [method.cpp:1490] arg 1 with type id 0 [method.cpp:1490] arg 2 with type id 0 [method.cpp:1490] arg 3 with type id 4 [method.cpp:1490] arg 4 with type id 4 [method.cpp:1490] arg 5 with type id 4 [method.cpp:1490] arg 6 with type id 4 [method.cpp:1490] arg 7 with type id 3 [method.cpp:1490] arg 8 with type id 1 [method.cpp:1490] arg 9 with type id 1 [method.cpp:1490] arg 10 with type id 1 [method.cpp:1490] arg 11 with type id 9	n0*=native_group_norm(L0,·,·,·,·,·,·,·)
MISMATCH	w127:75	out[0] non-finite mismatch (nan/inf positions differ)	n0*=bitwise_left_shift.Tensor_out(L0,L1,·)
SKIP	w127:94	client RuntimeError: method->execute() failed with error 0x12 | [op_copy.cpp:33] Check failed (non_blocking == false):  [method.cpp:1480] KernelCall failed at instruction 0:0 in operator aten::copy.out: 0x12 [method.cpp:1490] arg 0 with type id 1 [method.cpp:1490] arg 1 with type id 1 [method.cpp:1490] arg 2 with type id 5 [method.cpp:1490] arg 3 with type id 1 [method.cpp:1490] arg 4 with type id 1	n0*=copy(L0,L1,·)
SKIP	w13:115	client RuntimeError: method->execute() failed with error 0x12 | [op_copy.cpp:33] Check failed (non_blocking == false):  [method.cpp:1480] KernelCall failed at instruction 0:0 in operator aten::copy.out: 0x12 [method.cpp:1490] arg 0 with type id 1 [method.cpp:1490] arg 1 with type id 1 [method.cpp:1490] arg 2 with type id 5 [method.cpp:1490] arg 3 with type id 1 [method.cpp:1490] arg 4 with type id 1	n0*=copy(L0,L1,·)
MISMATCH	w13:129	out[0] non-finite mismatch (nan/inf positions differ)	n0*=gelu.out(L0,·,·)
MISMATCH	w13:142	out[0] max|delta|=3.000e+00 (rtol=0.01 atol=0.001)	n0*=remainder.Tensor_out(L0,L1,·)
SKIP	w13:151	client RuntimeError: method->execute() failed with error 0x12 | [normalization_ops_util.cpp:161] Check failed (in.size(1) == C):  [op_native_group_norm.cpp:139] Check failed (check_group_norm_args( input, weight, bias, N, C, HxW, group, out, mean_out, rstd_out)):  [method.cpp:1480] KernelCall failed at instruction 0:0 in operator aten::native_group_norm.out: 0x12 [method.cpp:1490] arg 0 with type id 1 [method.cpp:1490] arg 1 with type id 0 [method.cpp:1490] arg 2 with type id 0 [method.cpp:1490] arg 3 with type id 4 [method.cpp:1490] arg 4 with type id 4 [method.cpp:1490] arg 5 with type id 4 [method.cpp:1490] arg 6 with type id 4 [method.cpp:1490] arg 7 with type id 3 [method.cpp:1490] arg 8 with type id 1 [method.cpp:1490] arg 9 with type id 1 [method.cpp:1490] arg 10 with type id 1 [method.cpp:1490] arg 11 with type id 9	n0*=native_group_norm(L0,·,·,·,·,·,·,·)
SKIP	w13:154	client RuntimeError: method->execute() failed with error 0x12 | [tensor_util.h:617] Check failed (static_cast<size_t>(t.dim()) == rank): Expected tensor.dim() to be 2, but got 1 [distance_util.cpp:16] Check failed (tensor_is_rank(in, 2)):  [op_pdist_forward.cpp:25] Check failed (check_pdist_args(in, p, out)):  [method.cpp:1480] KernelCall failed at instruction 0:0 in operator aten::_pdist_forward.out: 0x12 [method.cpp:1490] arg 0 with type id 1 [method.cpp:1490] arg 1 with type id 3 [method.cpp:1490] arg 2 with type id 1 [method.cpp:1490] arg 3 with type id 1	n0*=_pdist_forward(L0,·)
SKIP	w13:182	client RuntimeError: method->execute() failed with error 0x12 | [tensor_util_portable.cpp:130] Check failed (all_contiguous || all_channels_last): 2 input tensors have different dim orders [op_fft_r2c.cpp:29] Check failed (tensors_have_same_dim_order(in, out)):  [method.cpp:1480] KernelCall failed at instruction 0:0 in operator aten::_fft_r2c.out: 0x12 [method.cpp:1490] arg 0 with type id 1 [method.cpp:1490] arg 1 with type id 8 [method.cpp:1490] arg 2 with type id 4 [method.cpp:1490] arg 3 with type id 5 [method.cpp:1490] arg 4 with type id 1 [method.cpp:1490] arg 5 with type id 1	n0*=_fft_r2c(L0,·,·,·)
MISMATCH	w13:225	out[0] non-finite mismatch (nan/inf positions differ)	n0*=_log_softmax.out(L0,·,·,·)
SKIP	w13:25	client RuntimeError: method->execute() failed with error 0x12 | [copy_ops_util.cpp:165] Check failed (implicit == false): This operator is not implemented for when implicit == true. [op_expand_copy.cpp:63] Check failed (check_expand_copy_args(self, expand_sizes, implicit, out)):  [method.cpp:1480] KernelCall failed at instruction 0:0 in operator aten::expand_copy.out: 0x12 [method.cpp:1490] arg 0 with type id 1 [method.cpp:1490] arg 1 with type id 8 [method.cpp:1490] arg 2 with type id 5 [method.cpp:1490] arg 3 with type id 1 [method.cpp:1490] arg 4 with type id 1	n0*=expand_copy(L0,·,·)
SKIP	w13:253	client RuntimeError: method->execute() failed with error 0x12 | [copy_ops_util.cpp:165] Check failed (implicit == false): This operator is not implemented for when implicit == true. [op_expand_copy.cpp:63] Check failed (check_expand_copy_args(self, expand_sizes, implicit, out)):  [method.cpp:1480] KernelCall failed at instruction 0:0 in operator aten::expand_copy.out: 0x12 [method.cpp:1490] arg 0 with type id 1 [method.cpp:1490] arg 1 with type id 8 [method.cpp:1490] arg 2 with type id 5 [method.cpp:1490] arg 3 with type id 1 [method.cpp:1490] arg 4 with type id 1	n0*=expand_copy(L0,·,·)
SKIP	w13:272	client RuntimeError: method->execute() failed with error 0x12 | [op_arange.cpp:59] Check failed (utils::extract_scalar(end, &d_end)):  [method.cpp:1480] KernelCall failed at instruction 0:0 in operator aten::arange.start_out: 0x12 [method.cpp:1490] arg 0 with type id 4 [method.cpp:1490] arg 1 with type id 5 [method.cpp:1490] arg 2 with type id 4 [method.cpp:1490] arg 3 with type id 1 [method.cpp:1490] arg 4 with type id 1	n0*=arange.start_out(·,·,·,·)
SKIP	w13:44	client RuntimeError: method->execute() failed with error 0x12 | [op_arange.cpp:55] Check failed (utils::extract_scalar(start, &d_start)):  [method.cpp:1480] KernelCall failed at instruction 0:0 in operator aten::arange.start_out: 0x12 [method.cpp:1490] arg 0 with type id 5 [method.cpp:1490] arg 1 with type id 5 [method.cpp:1490] arg 2 with type id 3 [method.cpp:1490] arg 3 with type id 1 [method.cpp:1490] arg 4 with type id 1	n0*=arange.start_out(·,·,·,·)
MISMATCH	w13:61	out[0] non-finite mismatch (nan/inf positions differ)	n0*=grid_sampler_2d(L0,L1,·,·,·)
SKIP	w13:69	client RuntimeError: method->execute() failed with error 0x12 | [normalization_ops_util.cpp:161] Check failed (in.size(1) == C):  [op_native_group_norm.cpp:139] Check failed (check_group_norm_args( input, weight, bias, N, C, HxW, group, out, mean_out, rstd_out)):  [method.cpp:1480] KernelCall failed at instruction 0:0 in operator aten::native_group_norm.out: 0x12 [method.cpp:1490] arg 0 with type id 1 [method.cpp:1490] arg 1 with type id 0 [method.cpp:1490] arg 2 with type id 0 [method.cpp:1490] arg 3 with type id 4 [method.cpp:1490] arg 4 with type id 4 [method.cpp:1490] arg 5 with type id 4 [method.cpp:1490] arg 6 with type id 4 [method.cpp:1490] arg 7 with type id 3 [method.cpp:1490] arg 8 with type id 1 [method.cpp:1490] arg 9 with type id 1 [method.cpp:1490] arg 10 with type id 1 [method.cpp:1490] arg 11 with type id 9	n0*=native_group_norm(L0,·,·,·,·,·,·,·)
MISMATCH	w13:93	out[0] max|delta|=5.765e+17 (rtol=0.01 atol=0.001)	n0*=bitwise_left_shift.Tensor_Scalar_out(L0,·,·)
MISMATCH	w14:139	out[0] non-finite mismatch (nan/inf positions differ)	n0*=bitwise_left_shift.Tensor_out(L0,L1,·)
MISMATCH	w14:172	out[0] non-finite mismatch (nan/inf positions differ)	n0*=gelu.out(L0,·,·)
SKIP	w14:197	client RuntimeError: method->execute() failed with error 0x12 | [tensor_util.h:617] Check failed (static_cast<size_t>(t.dim()) == rank): Expected tensor.dim() to be 2, but got 5 [distance_util.cpp:16] Check failed (tensor_is_rank(in, 2)):  [op_pdist_forward.cpp:25] Check failed (check_pdist_args(in, p, out)):  [method.cpp:1480] KernelCall failed at instruction 0:0 in operator aten::_pdist_forward.out: 0x12 [method.cpp:1490] arg 0 with type id 1 [method.cpp:1490] arg 1 with type id 3 [method.cpp:1490] arg 2 with type id 1 [method.cpp:1490] arg 3 with type id 1	n0*=_pdist_forward(L0,·)
MISMATCH	w14:217	out[0] max|delta|=3.833e+00 (rtol=0.01 atol=0.001)	n0*=max_pool2d_with_indices_backward.grad_input(L0,L1,·,·,·,·,·,L2,L3)
SKIP	w14:225	client RuntimeError: method->execute() failed with error 0x12 | [op_fft_r2c.cpp:32] Check failed (onesided): onesided=False is not supported yet in _fft_r2c [method.cpp:1480] KernelCall failed at instruction 0:0 in operator aten::_fft_r2c.out: 0x12 [method.cpp:1490] arg 0 with type id 1 [method.cpp:1490] arg 1 with type id 8 [method.cpp:1490] arg 2 with type id 4 [method.cpp:1490] arg 3 with type id 5 [method.cpp:1490] arg 4 with type id 1 [method.cpp:1490] arg 5 with type id 1	n0*=_fft_r2c(L0,·,·,·)
SKIP	w14:26	client RuntimeError: method->execute() failed with error 0x12 | [op_permute_copy.cpp:70] Unhandled dtype Float8_e4m3fn for permute_copy.out [method.cpp:1480] KernelCall failed at instruction 0:0 in operator aten::permute_copy.out: 0x12 [method.cpp:1490] arg 0 with type id 1 [method.cpp:1490] arg 1 with type id 8 [method.cpp:1490] arg 2 with type id 1 [method.cpp:1490] arg 3 with type id 1	n0*=linear.out(L0,L1,·,·)
SKIP	w14:268	client RuntimeError: method->execute() failed with error 0x12 | [op_log_softmax.cpp:152] Check failed (false):  [method.cpp:1480] KernelCall failed at instruction 0:0 in operator aten::_log_softmax.out: 0x12 [method.cpp:1490] arg 0 with type id 1 [method.cpp:1490] arg 1 with type id 4 [method.cpp:1490] arg 2 with type id 5 [method.cpp:1490] arg 3 with type id 1 [method.cpp:1490] arg 4 with type id 1	n0*=_log_softmax.out(L0,·,·,·)
MISMATCH	w14:288	out[0] max|delta|=7.206e+16 (rtol=0.0 atol=0.0)	n0*=bitwise_left_shift.Tensor_Scalar(L0,·)
SKIP	w14:296	client RuntimeError: method->execute() failed with error 0x12 | [copy_ops_util.cpp:165] Check failed (implicit == false): This operator is not implemented for when implicit == true. [op_expand_copy.cpp:63] Check failed (check_expand_copy_args(self, expand_sizes, implicit, out)):  [method.cpp:1480] KernelCall failed at instruction 0:0 in operator aten::expand_copy.out: 0x12 [method.cpp:1490] arg 0 with type id 1 [method.cpp:1490] arg 1 with type id 8 [method.cpp:1490] arg 2 with type id 5 [method.cpp:1490] arg 3 with type id 1 [method.cpp:1490] arg 4 with type id 1	n0*=expand_copy(L0,·,·)
SKIP	w14:87	client RuntimeError: method->execute() failed with error 0x12 | [op_arange.cpp:55] Check failed (utils::extract_scalar(start, &d_start)):  [method.cpp:1480] KernelCall failed at instruction 0:0 in operator aten::arange.start_out: 0x12 [method.cpp:1490] arg 0 with type id 5 [method.cpp:1490] arg 1 with type id 5 [method.cpp:1490] arg 2 with type id 5 [method.cpp:1490] arg 3 with type id 1 [method.cpp:1490] arg 4 with type id 1	n0*=arange.start_out(·,·,·,·)
SKIP	w15:108	client RuntimeError: method->execute() failed with error 0x12 | [op_copy.cpp:33] Check failed (non_blocking == false):  [method.cpp:1480] KernelCall failed at instruction 0:0 in operator aten::copy.out: 0x12 [method.cpp:1490] arg 0 with type id 1 [method.cpp:1490] arg 1 with type id 1 [method.cpp:1490] arg 2 with type id 5 [method.cpp:1490] arg 3 with type id 1 [method.cpp:1490] arg 4 with type id 1	n0*=copy(L0,L1,·)
MISMATCH	w15:122	out[0] non-finite mismatch (nan/inf positions differ)	n0*=gelu.out(L0,·,·)
SKIP	w15:144	client RuntimeError: method->execute() failed with error 0x12 | [normalization_ops_util.cpp:160] Check failed (in.size(0) == N):  [op_native_group_norm.cpp:139] Check failed (check_group_norm_args( input, weight, bias, N, C, HxW, group, out, mean_out, rstd_out)):  [method.cpp:1480] KernelCall failed at instruction 0:0 in operator aten::native_group_norm.out: 0x12 [method.cpp:1490] arg 0 with type id 1 [method.cpp:1490] arg 1 with type id 0 [method.cpp:1490] arg 2 with type id 0 [method.cpp:1490] arg 3 with type id 4 [method.cpp:1490] arg 4 with type id 4 [method.cpp:1490] arg 5 with type id 4 [method.cpp:1490] arg 6 with type id 4 [method.cpp:1490] arg 7 with type id 3 [method.cpp:1490] arg 8 with type id 1 [method.cpp:1490] arg 9 with type id 1 [method.cpp:1490] arg 10 with type id 1 [method.cpp:1490] arg 11 with type id 9	n0*=native_group_norm(L0,·,·,·,·,·,·,·)
SKIP	w15:147	client RuntimeError: method->execute() failed with error 0x12 | [tensor_util.h:617] Check failed (static_cast<size_t>(t.dim()) == rank): Expected tensor.dim() to be 2, but got 1 [distance_util.cpp:16] Check failed (tensor_is_rank(in, 2)):  [op_pdist_forward.cpp:25] Check failed (check_pdist_args(in, p, out)):  [method.cpp:1480] KernelCall failed at instruction 0:0 in operator aten::_pdist_forward.out: 0x12 [method.cpp:1490] arg 0 with type id 1 [method.cpp:1490] arg 1 with type id 3 [method.cpp:1490] arg 2 with type id 1 [method.cpp:1490] arg 3 with type id 1	n0*=_pdist_forward(L0,·)
SKIP	w15:240	client RuntimeError: method->execute() failed with error 0x12 | [index_util.cpp:156] Check failed (index.scalar_type() == ScalarType::Long): Expected dtype int64 for index; index.scalar_type() = Int [op_scatter_add.cpp:61] Check failed (check_scatter_add_args(self, dim, index, src, out)):  [method.cpp:1480] KernelCall failed at instruction 0:0 in operator aten::scatter_add.out: 0x12 [method.cpp:1490] arg 0 with type id 1 [method.cpp:1490] arg 1 with type id 4 [method.cpp:1490] arg 2 with type id 1 [method.cpp:1490] arg 3 with type id 1 [method.cpp:1490] arg 4 with type id 1 [method.cpp:1490] arg 5 with type id 1	n0*=scatter_add.out(L0,·,L1,L2,·)
SKIP	w15:265	client RuntimeError: method->execute() failed with error 0x12 | [op_arange.cpp:55] Check failed (utils::extract_scalar(start, &d_start)):  [method.cpp:1480] KernelCall failed at instruction 0:0 in operator aten::arange.start_out: 0x12 [method.cpp:1490] arg 0 with type id 5 [method.cpp:1490] arg 1 with type id 5 [method.cpp:1490] arg 2 with type id 4 [method.cpp:1490] arg 3 with type id 1 [method.cpp:1490] arg 4 with type id 1	n0*=arange.start_out(·,·,·,·)
MISMATCH	w15:32	out[0] max|delta|=5.000e+00 (rtol=0.01 atol=0.001)	n0*=remainder.Scalar_out(L0,·,·)
SKIP	w15:37	client RuntimeError: method->execute() failed with error 0x12 | [op_arange.cpp:55] Check failed (utils::extract_scalar(start, &d_start)):  [method.cpp:1480] KernelCall failed at instruction 0:0 in operator aten::arange.start_out: 0x12 [method.cpp:1490] arg 0 with type id 5 [method.cpp:1490] arg 1 with type id 5 [method.cpp:1490] arg 2 with type id 5 [method.cpp:1490] arg 3 with type id 1 [method.cpp:1490] arg 4 with type id 1	n0*=arange.start_out(·,·,·,·)
MISMATCH	w15:54	out[0] non-finite mismatch (nan/inf positions differ)	n0*=grid_sampler_2d(L0,L1,·,·,·)
SKIP	w15:62	client RuntimeError: method->execute() failed with error 0x12 | [normalization_ops_util.cpp:160] Check failed (in.size(0) == N):  [op_native_group_norm.cpp:139] Check failed (check_group_norm_args( input, weight, bias, N, C, HxW, group, out, mean_out, rstd_out)):  [method.cpp:1480] KernelCall failed at instruction 0:0 in operator aten::native_group_norm.out: 0x12 [method.cpp:1490] arg 0 with type id 1 [method.cpp:1490] arg 1 with type id 0 [method.cpp:1490] arg 2 with type id 0 [method.cpp:1490] arg 3 with type id 4 [method.cpp:1490] arg 4 with type id 4 [method.cpp:1490] arg 5 with type id 4 [method.cpp:1490] arg 6 with type id 4 [method.cpp:1490] arg 7 with type id 3 [method.cpp:1490] arg 8 with type id 1 [method.cpp:1490] arg 9 with type id 1 [method.cpp:1490] arg 10 with type id 1 [method.cpp:1490] arg 11 with type id 9	n0*=native_group_norm(L0,·,·,·,·,·,·,·)
MISMATCH	w15:86	out[0] max|delta|=1.074e+09 (rtol=0.0 atol=0.0)	n0*=bitwise_left_shift.Tensor_Scalar_out(L0,·,·)
MISMATCH	w15:89	out[0] max|delta|=6.918e+18 (rtol=0.01 atol=0.001)	n0*=bitwise_left_shift.Tensor_out(L0,L1,·)
SKIP	w16:10	client RuntimeError: method->execute() failed with error 0x12 | [op_copy.cpp:33] Check failed (non_blocking == false):  [method.cpp:1480] KernelCall failed at instruction 0:0 in operator aten::copy.out: 0x12 [method.cpp:1490] arg 0 with type id 1 [method.cpp:1490] arg 1 with type id 1 [method.cpp:1490] arg 2 with type id 5 [method.cpp:1490] arg 3 with type id 1 [method.cpp:1490] arg 4 with type id 1	n0*=copy(L0,L1,·)
MISMATCH	w16:120	out[0] non-finite mismatch (nan/inf positions differ)	n0*=_log_softmax.out(L0,·,·,·)
MISMATCH	w16:133	out[0] max|delta|=4.000e+00 (rtol=0.0 atol=0.0)	n0*=remainder.Scalar(L0,·)
SKIP	w16:167	client RuntimeError: method->execute() failed with error 0x12 | [op_arange.cpp:55] Check failed (utils::extract_scalar(start, &d_start)):  [method.cpp:1480] KernelCall failed at instruction 0:0 in operator aten::arange.start_out: 0x12 [method.cpp:1490] arg 0 with type id 5 [method.cpp:1490] arg 1 with type id 5 [method.cpp:1490] arg 2 with type id 5 [method.cpp:1490] arg 3 with type id 1 [method.cpp:1490] arg 4 with type id 1	n0*=arange.start_out(·,·,·,·)
SKIP	w16:174	client RuntimeError: method->execute() failed with error 0x12 | [op_sub.cpp:144] Check failed (utils::extract_scalar(alpha, &alpha_val)):  [method.cpp:1480] KernelCall failed at instruction 0:0 in operator aten::sub.Scalar_out: 0x12 [method.cpp:1490] arg 0 with type id 1 [method.cpp:1490] arg 1 with type id 4 [method.cpp:1490] arg 2 with type id 4 [method.cpp:1490] arg 3 with type id 1 [method.cpp:1490] arg 4 with type id 1	n0*=sub.Scalar(L0,·,·)
SKIP	w16:192	client RuntimeError: method->execute() failed with error 0x12 | [normalization_ops_util.cpp:160] Check failed (in.size(0) == N):  [op_native_group_norm.cpp:139] Check failed (check_group_norm_args( input, weight, bias, N, C, HxW, group, out, mean_out, rstd_out)):  [method.cpp:1480] KernelCall failed at instruction 0:0 in operator aten::native_group_norm.out: 0x12 [method.cpp:1490] arg 0 with type id 1 [method.cpp:1490] arg 1 with type id 0 [method.cpp:1490] arg 2 with type id 0 [method.cpp:1490] arg 3 with type id 4 [method.cpp:1490] arg 4 with type id 4 [method.cpp:1490] arg 5 with type id 4 [method.cpp:1490] arg 6 with type id 4 [method.cpp:1490] arg 7 with type id 3 [method.cpp:1490] arg 8 with type id 1 [method.cpp:1490] arg 9 with type id 1 [method.cpp:1490] arg 10 with type id 1 [method.cpp:1490] arg 11 with type id 9	n0*=native_group_norm(L0,·,·,·,·,·,·,·)
MISMATCH	w16:219	out[0] max|delta|=9.223e+18 (rtol=0.01 atol=0.001)	n0*=bitwise_left_shift.Tensor_out(L0,L1,·)
MISMATCH	w16:24	out[0] non-finite mismatch (nan/inf positions differ)	n0*=gelu.out(L0,·,·)
MISMATCH	w16:252	out[0] non-finite mismatch (nan/inf positions differ)	n0*=gelu.out(L0,·,·)
SKIP	w16:274	client RuntimeError: method->execute() failed with error 0x12 | [normalization_ops_util.cpp:160] Check failed (in.size(0) == N):  [op_native_group_norm.cpp:139] Check failed (check_group_norm_args( input, weight, bias, N, C, HxW, group, out, mean_out, rstd_out)):  [method.cpp:1480] KernelCall failed at instruction 0:0 in operator aten::native_group_norm.out: 0x12 [method.cpp:1490] arg 0 with type id 1 [method.cpp:1490] arg 1 with type id 0 [method.cpp:1490] arg 2 with type id 0 [method.cpp:1490] arg 3 with type id 4 [method.cpp:1490] arg 4 with type id 4 [method.cpp:1490] arg 5 with type id 4 [method.cpp:1490] arg 6 with type id 4 [method.cpp:1490] arg 7 with type id 3 [method.cpp:1490] arg 8 with type id 1 [method.cpp:1490] arg 9 with type id 1 [method.cpp:1490] arg 10 with type id 1 [method.cpp:1490] arg 11 with type id 9	n0*=native_group_norm(L0,·,·,·,·,·,·,·)
SKIP	w16:277	client RuntimeError: method->execute() failed with error 0x12 | [tensor_util.h:617] Check failed (static_cast<size_t>(t.dim()) == rank): Expected tensor.dim() to be 2, but got 5 [distance_util.cpp:16] Check failed (tensor_is_rank(in, 2)):  [op_pdist_forward.cpp:25] Check failed (check_pdist_args(in, p, out)):  [method.cpp:1480] KernelCall failed at instruction 0:0 in operator aten::_pdist_forward.out: 0x12 [method.cpp:1490] arg 0 with type id 1 [method.cpp:1490] arg 1 with type id 3 [method.cpp:1490] arg 2 with type id 1 [method.cpp:1490] arg 3 with type id 1	n0*=_pdist_forward(L0,·)
SKIP	w16:305	client RuntimeError: method->execute() failed with error 0x12 | [tensor_util_portable.cpp:130] Check failed (all_contiguous || all_channels_last): 2 input tensors have different dim orders [op_fft_r2c.cpp:29] Check failed (tensors_have_same_dim_order(in, out)):  [method.cpp:1480] KernelCall failed at instruction 0:0 in operator aten::_fft_r2c.out: 0x12 [method.cpp:1490] arg 0 with type id 1 [method.cpp:1490] arg 1 with type id 8 [method.cpp:1490] arg 2 with type id 4 [method.cpp:1490] arg 3 with type id 5 [method.cpp:1490] arg 4 with type id 1 [method.cpp:1490] arg 5 with type id 1	n0*=_fft_r2c(L0,·,·,·)
SKIP	w16:348	client RuntimeError: method->execute() failed with error 0x12 | [op_log_softmax.cpp:152] Check failed (false):  [method.cpp:1480] KernelCall failed at instruction 0:0 in operator aten::_log_softmax.out: 0x12 [method.cpp:1490] arg 0 with type id 1 [method.cpp:1490] arg 1 with type id 4 [method.cpp:1490] arg 2 with type id 5 [method.cpp:1490] arg 3 with type id 1 [method.cpp:1490] arg 4 with type id 1	n0*=_log_softmax.out(L0,·,·,·)
SKIP	w16:370	client RuntimeError: method->execute() failed with error 0x12 | [index_util.cpp:156] Check failed (index.scalar_type() == ScalarType::Long): Expected dtype int64 for index; index.scalar_type() = Int [op_scatter_add.cpp:61] Check failed (check_scatter_add_args(self, dim, index, src, out)):  [method.cpp:1480] KernelCall failed at instruction 0:0 in operator aten::scatter_add.out: 0x12 [method.cpp:1490] arg 0 with type id 1 [method.cpp:1490] arg 1 with type id 4 [method.cpp:1490] arg 2 with type id 1 [method.cpp:1490] arg 3 with type id 1 [method.cpp:1490] arg 4 with type id 1 [method.cpp:1490] arg 5 with type id 1	n0*=scatter_add.out(L0,·,L1,L2,·)
SKIP	w16:395	client RuntimeError: method->execute() failed with error 0x12 | [op_arange.cpp:55] Check failed (utils::extract_scalar(start, &d_start)):  [method.cpp:1480] KernelCall failed at instruction 0:0 in operator aten::arange.start_out: 0x12 [method.cpp:1490] arg 0 with type id 5 [method.cpp:1490] arg 1 with type id 5 [method.cpp:1490] arg 2 with type id 3 [method.cpp:1490] arg 3 with type id 1 [method.cpp:1490] arg 4 with type id 1	n0*=arange.start_out(·,·,·,·)
SKIP	w16:420	client RuntimeError: method->execute() failed with error 0x12 | [normalization_ops_util.cpp:160] Check failed (in.size(0) == N):  [op_native_group_norm.cpp:139] Check failed (check_group_norm_args( input, weight, bias, N, C, HxW, group, out, mean_out, rstd_out)):  [method.cpp:1480] KernelCall failed at instruction 0:0 in operator aten::native_group_norm.out: 0x12 [method.cpp:1490] arg 0 with type id 1 [method.cpp:1490] arg 1 with type id 0 [method.cpp:1490] arg 2 with type id 0 [method.cpp:1490] arg 3 with type id 4 [method.cpp:1490] arg 4 with type id 4 [method.cpp:1490] arg 5 with type id 4 [method.cpp:1490] arg 6 with type id 4 [method.cpp:1490] arg 7 with type id 3 [method.cpp:1490] arg 8 with type id 1 [method.cpp:1490] arg 9 with type id 1 [method.cpp:1490] arg 10 with type id 1 [method.cpp:1490] arg 11 with type id 9	n0*=native_group_norm(L0,·,·,·,·,·,·,·)
MISMATCH	w16:447	out[0] max|delta|=9.223e+18 (rtol=0.0 atol=0.0)	n0*=bitwise_left_shift.Tensor_out(L0,L1,·)
SKIP	w16:46	client RuntimeError: method->execute() failed with error 0x12 | [normalization_ops_util.cpp:161] Check failed (in.size(1) == C):  [op_native_group_norm.cpp:139] Check failed (check_group_norm_args( input, weight, bias, N, C, HxW, group, out, mean_out, rstd_out)):  [method.cpp:1480] KernelCall failed at instruction 0:0 in operator aten::native_group_norm.out: 0x12 [method.cpp:1490] arg 0 with type id 1 [method.cpp:1490] arg 1 with type id 0 [method.cpp:1490] arg 2 with type id 0 [method.cpp:1490] arg 3 with type id 4 [method.cpp:1490] arg 4 with type id 4 [method.cpp:1490] arg 5 with type id 4 [method.cpp:1490] arg 6 with type id 4 [method.cpp:1490] arg 7 with type id 3 [method.cpp:1490] arg 8 with type id 1 [method.cpp:1490] arg 9 with type id 1 [method.cpp:1490] arg 10 with type id 1 [method.cpp:1490] arg 11 with type id 9	n0*=native_group_norm(L0,·,·,·,·,·,·,·)
SKIP	w16:466	client RuntimeError: method->execute() failed with error 0x12 | [op_copy.cpp:33] Check failed (non_blocking == false):  [method.cpp:1480] KernelCall failed at instruction 0:0 in operator aten::copy.out: 0x12 [method.cpp:1490] arg 0 with type id 1 [method.cpp:1490] arg 1 with type id 1 [method.cpp:1490] arg 2 with type id 5 [method.cpp:1490] arg 3 with type id 1 [method.cpp:1490] arg 4 with type id 1	n0*=copy(L0,L1,·)
SKIP	w16:77	client RuntimeError: method->execute() failed with error 0x12 | [tensor_util_portable.cpp:130] Check failed (all_contiguous || all_channels_last): 2 input tensors have different dim orders [op_fft_r2c.cpp:29] Check failed (tensors_have_same_dim_order(in, out)):  [method.cpp:1480] KernelCall failed at instruction 0:0 in operator aten::_fft_r2c.out: 0x12 [method.cpp:1490] arg 0 with type id 1 [method.cpp:1490] arg 1 with type id 8 [method.cpp:1490] arg 2 with type id 4 [method.cpp:1490] arg 3 with type id 5 [method.cpp:1490] arg 4 with type id 1 [method.cpp:1490] arg 5 with type id 1	n0*=_fft_r2c(L0,·,·,·)
SKIP	w16:95	client RuntimeError: method->execute() failed with error 0x12 | [op_add.cpp:118] Check failed ((common_type == a_type && check_alpha_type(utils::get_scalar_dtype(alpha), common_type))):  [method.cpp:1480] KernelCall failed at instruction 0:0 in operator aten::add.Scalar_out: 0x12 [method.cpp:1490] arg 0 with type id 1 [method.cpp:1490] arg 1 with type id 4 [method.cpp:1490] arg 2 with type id 4 [method.cpp:1490] arg 3 with type id 1 [method.cpp:1490] arg 4 with type id 1	n0*=add.Scalar(L0,·,·)
SKIP	w17:125	client RuntimeError: method->execute() failed with error 0x12 | [op_arange.cpp:55] Check failed (utils::extract_scalar(start, &d_start)):  [method.cpp:1480] KernelCall failed at instruction 0:0 in operator aten::arange.start_out: 0x12 [method.cpp:1490] arg 0 with type id 5 [method.cpp:1490] arg 1 with type id 5 [method.cpp:1490] arg 2 with type id 4 [method.cpp:1490] arg 3 with type id 1 [method.cpp:1490] arg 4 with type id 1	n0*=arange.start_out(·,·,·,·)
SKIP	w17:150	client RuntimeError: method->execute() failed with error 0x12 | [normalization_ops_util.cpp:160] Check failed (in.size(0) == N):  [op_native_group_norm.cpp:139] Check failed (check_group_norm_args( input, weight, bias, N, C, HxW, group, out, mean_out, rstd_out)):  [method.cpp:1480] KernelCall failed at instruction 0:0 in operator aten::native_group_norm.out: 0x12 [method.cpp:1490] arg 0 with type id 1 [method.cpp:1490] arg 1 with type id 0 [method.cpp:1490] arg 2 with type id 0 [method.cpp:1490] arg 3 with type id 4 [method.cpp:1490] arg 4 with type id 4 [method.cpp:1490] arg 5 with type id 4 [method.cpp:1490] arg 6 with type id 4 [method.cpp:1490] arg 7 with type id 3 [method.cpp:1490] arg 8 with type id 1 [method.cpp:1490] arg 9 with type id 1 [method.cpp:1490] arg 10 with type id 1 [method.cpp:1490] arg 11 with type id 9	n0*=native_group_norm(L0,·,·,·,·,·,·,·)
MISMATCH	w17:174	out[0] max|delta|=1.153e+18 (rtol=0.01 atol=0.001)	n0*=bitwise_left_shift.Tensor_Scalar_out(L0,·,·)
SKIP	w17:189	client RuntimeError: method->execute() failed with error 0x12 | [index_util.cpp:156] Check failed (index.scalar_type() == ScalarType::Long): Expected dtype int64 for index; index.scalar_type() = Int [op_scatter.cpp:113] Check failed (check_scatter_src_args(in, dim, index, src, out)):  [method.cpp:1480] KernelCall failed at instruction 0:0 in operator aten::scatter.src_out: 0x12 [method.cpp:1490] arg 0 with type id 1 [method.cpp:1490] arg 1 with type id 4 [method.cpp:1490] arg 2 with type id 1 [method.cpp:1490] arg 3 with type id 1 [method.cpp:1490] arg 4 with type id 1 [method.cpp:1490] arg 5 with type id 1	n0*=scatter.src_out(L0,·,L1,L2,·)
SKIP	w17:196	client RuntimeError: method->execute() failed with error 0x12 | [op_copy.cpp:33] Check failed (non_blocking == false):  [method.cpp:1480] KernelCall failed at instruction 0:0 in operator aten::copy.out: 0x12 [method.cpp:1490] arg 0 with type id 1 [method.cpp:1490] arg 1 with type id 1 [method.cpp:1490] arg 2 with type id 5 [method.cpp:1490] arg 3 with type id 1 [method.cpp:1490] arg 4 with type id 1	n0*=copy(L0,L1,·)
MISMATCH	w17:210	out[0] non-finite mismatch (nan/inf positions differ)	n0*=gelu.out(L0,·,·)
MISMATCH	w17:223	out[0] max|delta|=3.000e+00 (rtol=0.01 atol=0.001)	n0*=remainder.Tensor_out(L0,L1,·)
SKIP	w17:232	client RuntimeError: method->execute() failed with error 0x12 | [normalization_ops_util.cpp:160] Check failed (in.size(0) == N):  [op_native_group_norm.cpp:139] Check failed (check_group_norm_args( input, weight, bias, N, C, HxW, group, out, mean_out, rstd_out)):  [method.cpp:1480] KernelCall failed at instruction 0:0 in operator aten::native_group_norm.out: 0x12 [method.cpp:1490] arg 0 with type id 1 [method.cpp:1490] arg 1 with type id 0 [method.cpp:1490] arg 2 with type id 0 [method.cpp:1490] arg 3 with type id 4 [method.cpp:1490] arg 4 with type id 4 [method.cpp:1490] arg 5 with type id 4 [method.cpp:1490] arg 6 with type id 4 [method.cpp:1490] arg 7 with type id 3 [method.cpp:1490] arg 8 with type id 1 [method.cpp:1490] arg 9 with type id 1 [method.cpp:1490] arg 10 with type id 1 [method.cpp:1490] arg 11 with type id 9	n0*=native_group_norm(L0,·,·,·,·,·,·,·)
SKIP	w17:235	client RuntimeError: method->execute() failed with error 0x12 | [tensor_util.h:617] Check failed (static_cast<size_t>(t.dim()) == rank): Expected tensor.dim() to be 2, but got 3 [distance_util.cpp:16] Check failed (tensor_is_rank(in, 2)):  [op_pdist_forward.cpp:25] Check failed (check_pdist_args(in, p, out)):  [method.cpp:1480] KernelCall failed at instruction 0:0 in operator aten::_pdist_forward.out: 0x12 [method.cpp:1490] arg 0 with type id 1 [method.cpp:1490] arg 1 with type id 3 [method.cpp:1490] arg 2 with type id 1 [method.cpp:1490] arg 3 with type id 1	n0*=_pdist_forward(L0,·)
SKIP	w17:263	client RuntimeError: method->execute() failed with error 0x12 | [tensor_util_portable.cpp:130] Check failed (all_contiguous || all_channels_last): 2 input tensors have different dim orders [op_fft_r2c.cpp:29] Check failed (tensors_have_same_dim_order(in, out)):  [method.cpp:1480] KernelCall failed at instruction 0:0 in operator aten::_fft_r2c.out: 0x12 [method.cpp:1490] arg 0 with type id 1 [method.cpp:1490] arg 1 with type id 8 [method.cpp:1490] arg 2 with type id 4 [method.cpp:1490] arg 3 with type id 5 [method.cpp:1490] arg 4 with type id 1 [method.cpp:1490] arg 5 with type id 1	n0*=_fft_r2c(L0,·,·,·)
SKIP	w17:306	client RuntimeError: method->execute() failed with error 0x12 | [op_log_softmax.cpp:152] Check failed (false):  [method.cpp:1480] KernelCall failed at instruction 0:0 in operator aten::_log_softmax.out: 0x12 [method.cpp:1490] arg 0 with type id 1 [method.cpp:1490] arg 1 with type id 4 [method.cpp:1490] arg 2 with type id 5 [method.cpp:1490] arg 3 with type id 1 [method.cpp:1490] arg 4 with type id 1	n0*=_log_softmax.out(L0,·,·,·)
SKIP	w17:35	client RuntimeError: method->execute() failed with error 0x12 | [tensor_util_portable.cpp:130] Check failed (all_contiguous || all_channels_last): 2 input tensors have different dim orders [op_fft_r2c.cpp:29] Check failed (tensors_have_same_dim_order(in, out)):  [method.cpp:1480] KernelCall failed at instruction 0:0 in operator aten::_fft_r2c.out: 0x12 [method.cpp:1490] arg 0 with type id 1 [method.cpp:1490] arg 1 with type id 8 [method.cpp:1490] arg 2 with type id 4 [method.cpp:1490] arg 3 with type id 5 [method.cpp:1490] arg 4 with type id 1 [method.cpp:1490] arg 5 with type id 1	n0*=_fft_r2c(L0,·,·,·)
SKIP	w17:4	client RuntimeError: method->execute() failed with error 0x12 | [normalization_ops_util.cpp:160] Check failed (in.size(0) == N):  [op_native_group_norm.cpp:139] Check failed (check_group_norm_args( input, weight, bias, N, C, HxW, group, out, mean_out, rstd_out)):  [method.cpp:1480] KernelCall failed at instruction 0:0 in operator aten::native_group_norm.out: 0x12 [method.cpp:1490] arg 0 with type id 1 [method.cpp:1490] arg 1 with type id 0 [method.cpp:1490] arg 2 with type id 0 [method.cpp:1490] arg 3 with type id 4 [method.cpp:1490] arg 4 with type id 4 [method.cpp:1490] arg 5 with type id 4 [method.cpp:1490] arg 6 with type id 4 [method.cpp:1490] arg 7 with type id 3 [method.cpp:1490] arg 8 with type id 1 [method.cpp:1490] arg 9 with type id 1 [method.cpp:1490] arg 10 with type id 1 [method.cpp:1490] arg 11 with type id 9	n0*=native_group_norm(L0,·,·,·,·,·,·,·)
SKIP	w17:53	client RuntimeError: method->execute() failed with error 0x12 | [op_add.cpp:118] Check failed ((common_type == a_type && check_alpha_type(utils::get_scalar_dtype(alpha), common_type))):  [method.cpp:1480] KernelCall failed at instruction 0:0 in operator aten::add.Scalar_out: 0x12 [method.cpp:1490] arg 0 with type id 1 [method.cpp:1490] arg 1 with type id 4 [method.cpp:1490] arg 2 with type id 4 [method.cpp:1490] arg 3 with type id 1 [method.cpp:1490] arg 4 with type id 1	n0*=add.Scalar(L0,·,·)
MISMATCH	w17:98	out[0] max|delta|=7.206e+16 (rtol=0.0 atol=0.0)	n0*=bitwise_left_shift.Tensor_Scalar(L0,·)
SKIP	w18:10	client RuntimeError: method->execute() failed with error 0x12 | [tensor_util.h:617] Check failed (static_cast<size_t>(t.dim()) == rank): Expected tensor.dim() to be 2, but got 4 [distance_util.cpp:16] Check failed (tensor_is_rank(in, 2)):  [op_pdist_forward.cpp:25] Check failed (check_pdist_args(in, p, out)):  [method.cpp:1480] KernelCall failed at instruction 0:0 in operator aten::_pdist_forward.out: 0x12 [method.cpp:1490] arg 0 with type id 1 [method.cpp:1490] arg 1 with type id 3 [method.cpp:1490] arg 2 with type id 1 [method.cpp:1490] arg 3 with type id 1	n0*=_pdist_forward(L0,·)
SKIP	w18:109	client RuntimeError: method->execute() failed with error 0x12 | [copy_ops_util.cpp:165] Check failed (implicit == false): This operator is not implemented for when implicit == true. [op_expand_copy.cpp:63] Check failed (check_expand_copy_args(self, expand_sizes, implicit, out)):  [method.cpp:1480] KernelCall failed at instruction 0:0 in operator aten::expand_copy.out: 0x12 [method.cpp:1490] arg 0 with type id 1 [method.cpp:1490] arg 1 with type id 8 [method.cpp:1490] arg 2 with type id 5 [method.cpp:1490] arg 3 with type id 1 [method.cpp:1490] arg 4 with type id 1	n0*=expand_copy(L0,·,·)
SKIP	w18:128	client RuntimeError: method->execute() failed with error 0x12 | [op_arange.cpp:55] Check failed (utils::extract_scalar(start, &d_start)):  [method.cpp:1480] KernelCall failed at instruction 0:0 in operator aten::arange.start_out: 0x12 [method.cpp:1490] arg 0 with type id 5 [method.cpp:1490] arg 1 with type id 4 [method.cpp:1490] arg 2 with type id 5 [method.cpp:1490] arg 3 with type id 1 [method.cpp:1490] arg 4 with type id 1	n0*=arange.start_out(·,·,·,·)
SKIP	w18:153	client RuntimeError: method->execute() failed with error 0x12 | [normalization_ops_util.cpp:160] Check failed (in.size(0) == N):  [op_native_group_norm.cpp:139] Check failed (check_group_norm_args( input, weight, bias, N, C, HxW, group, out, mean_out, rstd_out)):  [method.cpp:1480] KernelCall failed at instruction 0:0 in operator aten::native_group_norm.out: 0x12 [method.cpp:1490] arg 0 with type id 1 [method.cpp:1490] arg 1 with type id 0 [method.cpp:1490] arg 2 with type id 0 [method.cpp:1490] arg 3 with type id 4 [method.cpp:1490] arg 4 with type id 4 [method.cpp:1490] arg 5 with type id 4 [method.cpp:1490] arg 6 with type id 4 [method.cpp:1490] arg 7 with type id 3 [method.cpp:1490] arg 8 with type id 1 [method.cpp:1490] arg 9 with type id 1 [method.cpp:1490] arg 10 with type id 1 [method.cpp:1490] arg 11 with type id 9	n0*=native_group_norm(L0,·,·,·,·,·,·,·)
MISMATCH	w18:180	out[0] max|delta|=1.611e+09 (rtol=0.0 atol=0.0)	n0*=bitwise_left_shift.Tensor_out(L0,L1,·)
SKIP	w18:235	client RuntimeError: method->execute() failed with error 0x12 | [normalization_ops_util.cpp:160] Check failed (in.size(0) == N):  [op_native_group_norm.cpp:139] Check failed (check_group_norm_args( input, weight, bias, N, C, HxW, group, out, mean_out, rstd_out)):  [method.cpp:1480] KernelCall failed at instruction 0:0 in operator aten::native_group_norm.out: 0x12 [method.cpp:1490] arg 0 with type id 1 [method.cpp:1490] arg 1 with type id 0 [method.cpp:1490] arg 2 with type id 0 [method.cpp:1490] arg 3 with type id 4 [method.cpp:1490] arg 4 with type id 4 [method.cpp:1490] arg 5 with type id 4 [method.cpp:1490] arg 6 with type id 4 [method.cpp:1490] arg 7 with type id 3 [method.cpp:1490] arg 8 with type id 1 [method.cpp:1490] arg 9 with type id 1 [method.cpp:1490] arg 10 with type id 1 [method.cpp:1490] arg 11 with type id 9	n0*=native_group_norm(L0,·,·,·,·,·,·,·)
SKIP	w18:238	client RuntimeError: method->execute() failed with error 0x12 | [tensor_util.h:617] Check failed (static_cast<size_t>(t.dim()) == rank): Expected tensor.dim() to be 2, but got 4 [distance_util.cpp:16] Check failed (tensor_is_rank(in, 2)):  [op_pdist_forward.cpp:25] Check failed (check_pdist_args(in, p, out)):  [method.cpp:1480] KernelCall failed at instruction 0:0 in operator aten::_pdist_forward.out: 0x12 [method.cpp:1490] arg 0 with type id 1 [method.cpp:1490] arg 1 with type id 3 [method.cpp:1490] arg 2 with type id 1 [method.cpp:1490] arg 3 with type id 1	n0*=_pdist_forward(L0,·)
SKIP	w18:38	client RuntimeError: method->execute() failed with error 0x12 | [tensor_util_portable.cpp:130] Check failed (all_contiguous || all_channels_last): 2 input tensors have different dim orders [op_fft_r2c.cpp:29] Check failed (tensors_have_same_dim_order(in, out)):  [method.cpp:1480] KernelCall failed at instruction 0:0 in operator aten::_fft_r2c.out: 0x12 [method.cpp:1490] arg 0 with type id 1 [method.cpp:1490] arg 1 with type id 8 [method.cpp:1490] arg 2 with type id 4 [method.cpp:1490] arg 3 with type id 5 [method.cpp:1490] arg 4 with type id 1 [method.cpp:1490] arg 5 with type id 1	n0*=_fft_r2c(L0,·,·,·)
SKIP	w18:7	client RuntimeError: method->execute() failed with error 0x12 | [normalization_ops_util.cpp:160] Check failed (in.size(0) == N):  [op_native_group_norm.cpp:139] Check failed (check_group_norm_args( input, weight, bias, N, C, HxW, group, out, mean_out, rstd_out)):  [method.cpp:1480] KernelCall failed at instruction 0:0 in operator aten::native_group_norm.out: 0x12 [method.cpp:1490] arg 0 with type id 1 [method.cpp:1490] arg 1 with type id 0 [method.cpp:1490] arg 2 with type id 0 [method.cpp:1490] arg 3 with type id 4 [method.cpp:1490] arg 4 with type id 4 [method.cpp:1490] arg 5 with type id 4 [method.cpp:1490] arg 6 with type id 4 [method.cpp:1490] arg 7 with type id 3 [method.cpp:1490] arg 8 with type id 1 [method.cpp:1490] arg 9 with type id 1 [method.cpp:1490] arg 10 with type id 1 [method.cpp:1490] arg 11 with type id 9	n0*=native_group_norm(L0,·,·,·,·,·,·,·)
SKIP	w18:81	client RuntimeError: method->execute() failed with error 0x12 | [op_log_softmax.cpp:152] Check failed (false):  [method.cpp:1480] KernelCall failed at instruction 0:0 in operator aten::_log_softmax.out: 0x12 [method.cpp:1490] arg 0 with type id 1 [method.cpp:1490] arg 1 with type id 4 [method.cpp:1490] arg 2 with type id 5 [method.cpp:1490] arg 3 with type id 1 [method.cpp:1490] arg 4 with type id 1	n0*=_log_softmax.out(L0,·,·,·)
SKIP	w19:1	client RuntimeError: method->execute() failed with error 0x12 | [normalization_ops_util.cpp:161] Check failed (in.size(1) == C):  [op_native_group_norm.cpp:139] Check failed (check_group_norm_args( input, weight, bias, N, C, HxW, group, out, mean_out, rstd_out)):  [method.cpp:1480] KernelCall failed at instruction 0:0 in operator aten::native_group_norm.out: 0x12 [method.cpp:1490] arg 0 with type id 1 [method.cpp:1490] arg 1 with type id 0 [method.cpp:1490] arg 2 with type id 0 [method.cpp:1490] arg 3 with type id 4 [method.cpp:1490] arg 4 with type id 4 [method.cpp:1490] arg 5 with type id 4 [method.cpp:1490] arg 6 with type id 4 [method.cpp:1490] arg 7 with type id 3 [method.cpp:1490] arg 8 with type id 1 [method.cpp:1490] arg 9 with type id 1 [method.cpp:1490] arg 10 with type id 1 [method.cpp:1490] arg 11 with type id 9	n0*=native_group_norm(L0,·,·,·,·,·,·,·)
SKIP	w19:122	client RuntimeError: method->execute() failed with error 0x12 | [op_arange.cpp:55] Check failed (utils::extract_scalar(start, &d_start)):  [method.cpp:1480] KernelCall failed at instruction 0:0 in operator aten::arange.start_out: 0x12 [method.cpp:1490] arg 0 with type id 5 [method.cpp:1490] arg 1 with type id 5 [method.cpp:1490] arg 2 with type id 5 [method.cpp:1490] arg 3 with type id 1 [method.cpp:1490] arg 4 with type id 1	n0*=arange.start_out(·,·,·,·)
SKIP	w19:147	client RuntimeError: method->execute() failed with error 0x12 | [normalization_ops_util.cpp:160] Check failed (in.size(0) == N):  [op_native_group_norm.cpp:139] Check failed (check_group_norm_args( input, weight, bias, N, C, HxW, group, out, mean_out, rstd_out)):  [method.cpp:1480] KernelCall failed at instruction 0:0 in operator aten::native_group_norm.out: 0x12 [method.cpp:1490] arg 0 with type id 1 [method.cpp:1490] arg 1 with type id 0 [method.cpp:1490] arg 2 with type id 0 [method.cpp:1490] arg 3 with type id 4 [method.cpp:1490] arg 4 with type id 4 [method.cpp:1490] arg 5 with type id 4 [method.cpp:1490] arg 6 with type id 4 [method.cpp:1490] arg 7 with type id 3 [method.cpp:1490] arg 8 with type id 1 [method.cpp:1490] arg 9 with type id 1 [method.cpp:1490] arg 10 with type id 1 [method.cpp:1490] arg 11 with type id 9	n0*=native_group_norm(L0,·,·,·,·,·,·,·)
MISMATCH	w19:171	out[0] max|delta|=6.918e+18 (rtol=0.0 atol=0.0)	n0*=bitwise_left_shift.Tensor_Scalar_out(L0,·,·)
MISMATCH	w19:174	out[0] max|delta|=6.918e+18 (rtol=0.01 atol=0.001)	n0*=bitwise_left_shift.Tensor_out(L0,L1,·)
MISMATCH	w19:207	out[0] non-finite mismatch (nan/inf positions differ)	n0*=gelu.out(L0,·,·)
SKIP	w19:229	client RuntimeError: method->execute() failed with error 0x12 | [normalization_ops_util.cpp:160] Check failed (in.size(0) == N):  [op_native_group_norm.cpp:139] Check failed (check_group_norm_args( input, weight, bias, N, C, HxW, group, out, mean_out, rstd_out)):  [method.cpp:1480] KernelCall failed at instruction 0:0 in operator aten::native_group_norm.out: 0x12 [method.cpp:1490] arg 0 with type id 1 [method.cpp:1490] arg 1 with type id 0 [method.cpp:1490] arg 2 with type id 0 [method.cpp:1490] arg 3 with type id 4 [method.cpp:1490] arg 4 with type id 4 [method.cpp:1490] arg 5 with type id 4 [method.cpp:1490] arg 6 with type id 4 [method.cpp:1490] arg 7 with type id 3 [method.cpp:1490] arg 8 with type id 1 [method.cpp:1490] arg 9 with type id 1 [method.cpp:1490] arg 10 with type id 1 [method.cpp:1490] arg 11 with type id 9	n0*=native_group_norm(L0,·,·,·,·,·,·,·)
SKIP	w19:303	client RuntimeError: method->execute() failed with error 0x12 | [op_log_softmax.cpp:152] Check failed (false):  [method.cpp:1480] KernelCall failed at instruction 0:0 in operator aten::_log_softmax.out: 0x12 [method.cpp:1490] arg 0 with type id 1 [method.cpp:1490] arg 1 with type id 4 [method.cpp:1490] arg 2 with type id 5 [method.cpp:1490] arg 3 with type id 1 [method.cpp:1490] arg 4 with type id 1	n0*=_log_softmax.out(L0,·,·,·)
SKIP	w19:32	client RuntimeError: method->execute() failed with error 0x12 | [tensor_util_portable.cpp:130] Check failed (all_contiguous || all_channels_last): 2 input tensors have different dim orders [op_fft_r2c.cpp:29] Check failed (tensors_have_same_dim_order(in, out)):  [method.cpp:1480] KernelCall failed at instruction 0:0 in operator aten::_fft_r2c.out: 0x12 [method.cpp:1490] arg 0 with type id 1 [method.cpp:1490] arg 1 with type id 8 [method.cpp:1490] arg 2 with type id 4 [method.cpp:1490] arg 3 with type id 5 [method.cpp:1490] arg 4 with type id 1 [method.cpp:1490] arg 5 with type id 1	n0*=_fft_r2c(L0,·,·,·)
SKIP	w19:331	client RuntimeError: method->execute() failed with error 0x12 | [copy_ops_util.cpp:165] Check failed (implicit == false): This operator is not implemented for when implicit == true. [op_expand_copy.cpp:63] Check failed (check_expand_copy_args(self, expand_sizes, implicit, out)):  [method.cpp:1480] KernelCall failed at instruction 0:0 in operator aten::expand_copy.out: 0x12 [method.cpp:1490] arg 0 with type id 1 [method.cpp:1490] arg 1 with type id 8 [method.cpp:1490] arg 2 with type id 5 [method.cpp:1490] arg 3 with type id 1 [method.cpp:1490] arg 4 with type id 1	n0*=expand_copy(L0,·,·)
SKIP	w19:350	client RuntimeError: method->execute() failed with error 0x12 | [op_arange.cpp:55] Check failed (utils::extract_scalar(start, &d_start)):  [method.cpp:1480] KernelCall failed at instruction 0:0 in operator aten::arange.start_out: 0x12 [method.cpp:1490] arg 0 with type id 5 [method.cpp:1490] arg 1 with type id 5 [method.cpp:1490] arg 2 with type id 3 [method.cpp:1490] arg 3 with type id 1 [method.cpp:1490] arg 4 with type id 1	n0*=arange.start_out(·,·,·,·)
SKIP	w19:370	client RuntimeError: method->execute() failed with error 0x12 | [kernel_ops_util.cpp:389] Check failed (in.dim() == 3 || in.dim() == 4): Expect input tensor to be 3-D or 4-D, but got, 5. [op_convolution.cpp:363] Check failed (check_convolution_args( in, weight, bias, stride, padding, dilation, transposed, output_padding, groups, out)):  [method.cpp:1480] KernelCall failed at instruction 0:0 in operator aten::convolution.out: 0x12 [method.cpp:1490] arg 0 with type id 1 [method.cpp:1490] arg 1 with type id 1 [method.cpp:1490] arg 2 with type id 0 [method.cpp:1490] arg 3 with type id 8 [method.cpp:1490] arg 4 with type id 8 [method.cpp:1490] arg 5 with type id 8 [method.cpp:1490] arg 6 with type id 5 [method.cpp:1490] arg 7 with type id 8 [method.cpp:1490] arg 8 with type id 4 [method.cpp:1490] arg 9 with type id 1 [method.cpp:1490] arg 10 with type id 1	n0*=convolution(L0,L1,·,·,·,·,·,·,·)
SKIP	w19:375	client RuntimeError: method->execute() failed with error 0x12 | [normalization_ops_util.cpp:160] Check failed (in.size(0) == N):  [op_native_group_norm.cpp:139] Check failed (check_group_norm_args( input, weight, bias, N, C, HxW, group, out, mean_out, rstd_out)):  [method.cpp:1480] KernelCall failed at instruction 0:0 in operator aten::native_group_norm.out: 0x12 [method.cpp:1490] arg 0 with type id 1 [method.cpp:1490] arg 1 with type id 0 [method.cpp:1490] arg 2 with type id 0 [method.cpp:1490] arg 3 with type id 4 [method.cpp:1490] arg 4 with type id 4 [method.cpp:1490] arg 5 with type id 4 [method.cpp:1490] arg 6 with type id 4 [method.cpp:1490] arg 7 with type id 3 [method.cpp:1490] arg 8 with type id 1 [method.cpp:1490] arg 9 with type id 1 [method.cpp:1490] arg 10 with type id 1 [method.cpp:1490] arg 11 with type id 9	n0*=native_group_norm(L0,·,·,·,·,·,·,·)
SKIP	w19:421	client RuntimeError: method->execute() failed with error 0x12 | [op_copy.cpp:33] Check failed (non_blocking == false):  [method.cpp:1480] KernelCall failed at instruction 0:0 in operator aten::copy.out: 0x12 [method.cpp:1490] arg 0 with type id 1 [method.cpp:1490] arg 1 with type id 1 [method.cpp:1490] arg 2 with type id 5 [method.cpp:1490] arg 3 with type id 1 [method.cpp:1490] arg 4 with type id 1	n0*=copy(L0,L1,·)
MISMATCH	w19:455	out[0] max|delta|=3.999e-01 (rtol=0.01 atol=0.001)	n0*=_native_batch_norm_legit.no_stats(L0,·,·,·,·,·)
SKIP	w19:457	client RuntimeError: method->execute() failed with error 0x12 | [normalization_ops_util.cpp:160] Check failed (in.size(0) == N):  [op_native_group_norm.cpp:139] Check failed (check_group_norm_args( input, weight, bias, N, C, HxW, group, out, mean_out, rstd_out)):  [method.cpp:1480] KernelCall failed at instruction 0:0 in operator aten::native_group_norm.out: 0x12 [method.cpp:1490] arg 0 with type id 1 [method.cpp:1490] arg 1 with type id 0 [method.cpp:1490] arg 2 with type id 0 [method.cpp:1490] arg 3 with type id 4 [method.cpp:1490] arg 4 with type id 4 [method.cpp:1490] arg 5 with type id 4 [method.cpp:1490] arg 6 with type id 4 [method.cpp:1490] arg 7 with type id 3 [method.cpp:1490] arg 8 with type id 1 [method.cpp:1490] arg 9 with type id 1 [method.cpp:1490] arg 10 with type id 1 [method.cpp:1490] arg 11 with type id 9	n0*=native_group_norm(L0,·,·,·,·,·,·,·)
SKIP	w19:460	client RuntimeError: method->execute() failed with error 0x12 | [op_pdist_forward.cpp:45] Unhandled dtype Long for _pdist_forward.out [method.cpp:1480] KernelCall failed at instruction 0:0 in operator aten::_pdist_forward.out: 0x12 [method.cpp:1490] arg 0 with type id 1 [method.cpp:1490] arg 1 with type id 3 [method.cpp:1490] arg 2 with type id 1 [method.cpp:1490] arg 3 with type id 1	n0*=_pdist_forward(L0,·)
SKIP	w19:75	client RuntimeError: method->execute() failed with error 0x12 | [op_log_softmax.cpp:152] Check failed (false):  [method.cpp:1480] KernelCall failed at instruction 0:0 in operator aten::_log_softmax.out: 0x12 [method.cpp:1490] arg 0 with type id 1 [method.cpp:1490] arg 1 with type id 4 [method.cpp:1490] arg 2 with type id 5 [method.cpp:1490] arg 3 with type id 1 [method.cpp:1490] arg 4 with type id 1	n0*=_log_softmax.out(L0,·,·,·)
MISMATCH	w19:95	out[0] max|delta|=9.223e+18 (rtol=0.0 atol=0.0)	n0*=bitwise_left_shift.Tensor_Scalar(L0,·)
MISMATCH	w2:110	out[0] non-finite mismatch (nan/inf positions differ)	n0*=_log_softmax.out(L0,·,·,·)
MISMATCH	w2:130	out[0] max|delta|=2.684e+08 (rtol=0.0 atol=0.0)	n0*=bitwise_left_shift.Tensor_Scalar(L0,·)
SKIP	w2:138	client RuntimeError: method->execute() failed with error 0x12 | [copy_ops_util.cpp:165] Check failed (implicit == false): This operator is not implemented for when implicit == true. [op_expand_copy.cpp:63] Check failed (check_expand_copy_args(self, expand_sizes, implicit, out)):  [method.cpp:1480] KernelCall failed at instruction 0:0 in operator aten::expand_copy.out: 0x12 [method.cpp:1490] arg 0 with type id 1 [method.cpp:1490] arg 1 with type id 8 [method.cpp:1490] arg 2 with type id 5 [method.cpp:1490] arg 3 with type id 1 [method.cpp:1490] arg 4 with type id 1	n0*=expand_copy(L0,·,·)
SKIP	w2:157	client RuntimeError: method->execute() failed with error 0x12 | [op_arange.cpp:55] Check failed (utils::extract_scalar(start, &d_start)):  [method.cpp:1480] KernelCall failed at instruction 0:0 in operator aten::arange.start_out: 0x12 [method.cpp:1490] arg 0 with type id 5 [method.cpp:1490] arg 1 with type id 5 [method.cpp:1490] arg 2 with type id 3 [method.cpp:1490] arg 3 with type id 1 [method.cpp:1490] arg 4 with type id 1	n0*=arange.start_out(·,·,·,·)
SKIP	w2:182	client RuntimeError: method->execute() failed with error 0x12 | [normalization_ops_util.cpp:160] Check failed (in.size(0) == N):  [op_native_group_norm.cpp:139] Check failed (check_group_norm_args( input, weight, bias, N, C, HxW, group, out, mean_out, rstd_out)):  [method.cpp:1480] KernelCall failed at instruction 0:0 in operator aten::native_group_norm.out: 0x12 [method.cpp:1490] arg 0 with type id 1 [method.cpp:1490] arg 1 with type id 0 [method.cpp:1490] arg 2 with type id 0 [method.cpp:1490] arg 3 with type id 4 [method.cpp:1490] arg 4 with type id 4 [method.cpp:1490] arg 5 with type id 4 [method.cpp:1490] arg 6 with type id 4 [method.cpp:1490] arg 7 with type id 3 [method.cpp:1490] arg 8 with type id 1 [method.cpp:1490] arg 9 with type id 1 [method.cpp:1490] arg 10 with type id 1 [method.cpp:1490] arg 11 with type id 9	n0*=native_group_norm(L0,·,·,·,·,·,·,·)
SKIP	w2:264	client RuntimeError: method->execute() failed with error 0x12 | [normalization_ops_util.cpp:160] Check failed (in.size(0) == N):  [op_native_group_norm.cpp:139] Check failed (check_group_norm_args( input, weight, bias, N, C, HxW, group, out, mean_out, rstd_out)):  [method.cpp:1480] KernelCall failed at instruction 0:0 in operator aten::native_group_norm.out: 0x12 [method.cpp:1490] arg 0 with type id 1 [method.cpp:1490] arg 1 with type id 0 [method.cpp:1490] arg 2 with type id 0 [method.cpp:1490] arg 3 with type id 4 [method.cpp:1490] arg 4 with type id 4 [method.cpp:1490] arg 5 with type id 4 [method.cpp:1490] arg 6 with type id 4 [method.cpp:1490] arg 7 with type id 3 [method.cpp:1490] arg 8 with type id 1 [method.cpp:1490] arg 9 with type id 1 [method.cpp:1490] arg 10 with type id 1 [method.cpp:1490] arg 11 with type id 9	n0*=native_group_norm(L0,·,·,·,·,·,·,·)
SKIP	w2:267	client RuntimeError: method->execute() failed with error 0x12 | [tensor_util.h:617] Check failed (static_cast<size_t>(t.dim()) == rank): Expected tensor.dim() to be 2, but got 5 [distance_util.cpp:16] Check failed (tensor_is_rank(in, 2)):  [op_pdist_forward.cpp:25] Check failed (check_pdist_args(in, p, out)):  [method.cpp:1480] KernelCall failed at instruction 0:0 in operator aten::_pdist_forward.out: 0x12 [method.cpp:1490] arg 0 with type id 1 [method.cpp:1490] arg 1 with type id 3 [method.cpp:1490] arg 2 with type id 1 [method.cpp:1490] arg 3 with type id 1	n0*=_pdist_forward(L0,·)
SKIP	w2:295	client RuntimeError: method->execute() failed with error 0x12 | [tensor_util_portable.cpp:130] Check failed (all_contiguous || all_channels_last): 2 input tensors have different dim orders [op_fft_r2c.cpp:29] Check failed (tensors_have_same_dim_order(in, out)):  [method.cpp:1480] KernelCall failed at instruction 0:0 in operator aten::_fft_r2c.out: 0x12 [method.cpp:1490] arg 0 with type id 1 [method.cpp:1490] arg 1 with type id 8 [method.cpp:1490] arg 2 with type id 4 [method.cpp:1490] arg 3 with type id 5 [method.cpp:1490] arg 4 with type id 1 [method.cpp:1490] arg 5 with type id 1	n0*=_fft_r2c(L0,·,·,·)
SKIP	w2:324	client RuntimeError: method->execute() failed with error 0x12 | [op_permute_copy.cpp:70] Unhandled dtype Float8_e4m3fn for permute_copy.out [method.cpp:1480] KernelCall failed at instruction 0:0 in operator aten::permute_copy.out: 0x12 [method.cpp:1490] arg 0 with type id 1 [method.cpp:1490] arg 1 with type id 8 [method.cpp:1490] arg 2 with type id 1 [method.cpp:1490] arg 3 with type id 1	n0*=linear.out(L0,L1,·,·)
SKIP	w2:36	client RuntimeError: method->execute() failed with error 0x12 | [normalization_ops_util.cpp:160] Check failed (in.size(0) == N):  [op_native_group_norm.cpp:139] Check failed (check_group_norm_args( input, weight, bias, N, C, HxW, group, out, mean_out, rstd_out)):  [method.cpp:1480] KernelCall failed at instruction 0:0 in operator aten::native_group_norm.out: 0x12 [method.cpp:1490] arg 0 with type id 1 [method.cpp:1490] arg 1 with type id 0 [method.cpp:1490] arg 2 with type id 0 [method.cpp:1490] arg 3 with type id 4 [method.cpp:1490] arg 4 with type id 4 [method.cpp:1490] arg 5 with type id 4 [method.cpp:1490] arg 6 with type id 4 [method.cpp:1490] arg 7 with type id 3 [method.cpp:1490] arg 8 with type id 1 [method.cpp:1490] arg 9 with type id 1 [method.cpp:1490] arg 10 with type id 1 [method.cpp:1490] arg 11 with type id 9	n0*=native_group_norm(L0,·,·,·,·,·,·,·)
SKIP	w2:39	client RuntimeError: method->execute() failed with error 0x12 | [tensor_util.h:617] Check failed (static_cast<size_t>(t.dim()) == rank): Expected tensor.dim() to be 2, but got 1 [distance_util.cpp:16] Check failed (tensor_is_rank(in, 2)):  [op_pdist_forward.cpp:25] Check failed (check_pdist_args(in, p, out)):  [method.cpp:1480] KernelCall failed at instruction 0:0 in operator aten::_pdist_forward.out: 0x12 [method.cpp:1490] arg 0 with type id 1 [method.cpp:1490] arg 1 with type id 3 [method.cpp:1490] arg 2 with type id 1 [method.cpp:1490] arg 3 with type id 1	n0*=_pdist_forward(L0,·)
CRASH	w17:27	executor died (native abort)	n0*=max_pool2d_with_indices_backward.grad_input(L0,L1,·,·,·,·,·,L2,L3)
CRASH	w19:24	executor died (native abort)	n0*=max_pool2d_with_indices_backward.grad_input(L0,L1,·,·,·,·,·,L2,L3)
CRASH	w19:252	executor died (native abort)	n0*=max_pool2d_with_indices_backward.grad_input(L0,L1,·,·,·,·,·,L2,L3)
CRASH	w2:59	executor died (native abort)	n0*=max_pool2d_with_indices_backward.grad_input(L0,L1,·,·,·,·,·,L2,L3)
SKIP	w2:67	client RuntimeError: method->execute() failed with error 0x12 | [tensor_util_portable.cpp:130] Check failed (all_contiguous || all_channels_last): 2 input tensors have different dim orders [op_fft_r2c.cpp:29] Check failed (tensors_have_same_dim_order(in, out)):  [method.cpp:1480] KernelCall failed at instruction 0:0 in operator aten::_fft_r2c.out: 0x12 [method.cpp:1490] arg 0 with type id 1 [method.cpp:1490] arg 1 with type id 8 [method.cpp:1490] arg 2 with type id 4 [method.cpp:1490] arg 3 with type id 5 [method.cpp:1490] arg 4 with type id 1 [method.cpp:1490] arg 5 with type id 1	n0*=_fft_r2c(L0,·,·,·)
SKIP	w20:106	client RuntimeError: method->execute() failed with error 0x12 | [copy_ops_util.cpp:165] Check failed (implicit == false): This operator is not implemented for when implicit == true. [op_expand_copy.cpp:63] Check failed (check_expand_copy_args(self, expand_sizes, implicit, out)):  [method.cpp:1480] KernelCall failed at instruction 0:0 in operator aten::expand_copy.out: 0x12 [method.cpp:1490] arg 0 with type id 1 [method.cpp:1490] arg 1 with type id 8 [method.cpp:1490] arg 2 with type id 5 [method.cpp:1490] arg 3 with type id 1 [method.cpp:1490] arg 4 with type id 1	n0*=expand_copy(L0,·,·)
SKIP	w20:125	client RuntimeError: method->execute() failed with error 0x12 | [op_arange.cpp:55] Check failed (utils::extract_scalar(start, &d_start)):  [method.cpp:1480] KernelCall failed at instruction 0:0 in operator aten::arange.start_out: 0x12 [method.cpp:1490] arg 0 with type id 5 [method.cpp:1490] arg 1 with type id 5 [method.cpp:1490] arg 2 with type id 3 [method.cpp:1490] arg 3 with type id 1 [method.cpp:1490] arg 4 with type id 1	n0*=arange.start_out(·,·,·,·)
SKIP	w20:150	client RuntimeError: method->execute() failed with error 0x12 | [normalization_ops_util.cpp:160] Check failed (in.size(0) == N):  [op_native_group_norm.cpp:139] Check failed (check_group_norm_args( input, weight, bias, N, C, HxW, group, out, mean_out, rstd_out)):  [method.cpp:1480] KernelCall failed at instruction 0:0 in operator aten::native_group_norm.out: 0x12 [method.cpp:1490] arg 0 with type id 1 [method.cpp:1490] arg 1 with type id 0 [method.cpp:1490] arg 2 with type id 0 [method.cpp:1490] arg 3 with type id 4 [method.cpp:1490] arg 4 with type id 4 [method.cpp:1490] arg 5 with type id 4 [method.cpp:1490] arg 6 with type id 4 [method.cpp:1490] arg 7 with type id 3 [method.cpp:1490] arg 8 with type id 1 [method.cpp:1490] arg 9 with type id 1 [method.cpp:1490] arg 10 with type id 1 [method.cpp:1490] arg 11 with type id 9	n0*=native_group_norm(L0,·,·,·,·,·,·,·)
MISMATCH	w20:177	out[0] max|delta|=2.147e+09 (rtol=0.0 atol=0.0)	n0*=bitwise_left_shift.Tensor_out(L0,L1,·)
MISMATCH	w20:210	out[0] non-finite mismatch (nan/inf positions differ)	n0*=gelu.out(L0,·,·)
MISMATCH	w20:232	out[0] non-finite mismatch (nan/inf positions differ)	n0*=native_group_norm(L0,·,·,·,·,·,·,·)
SKIP	w20:235	client RuntimeError: method->execute() failed with error 0x12 | [tensor_util.h:617] Check failed (static_cast<size_t>(t.dim()) == rank): Expected tensor.dim() to be 2, but got 1 [distance_util.cpp:16] Check failed (tensor_is_rank(in, 2)):  [op_pdist_forward.cpp:25] Check failed (check_pdist_args(in, p, out)):  [method.cpp:1480] KernelCall failed at instruction 0:0 in operator aten::_pdist_forward.out: 0x12 [method.cpp:1490] arg 0 with type id 1 [method.cpp:1490] arg 1 with type id 3 [method.cpp:1490] arg 2 with type id 1 [method.cpp:1490] arg 3 with type id 1	n0*=_pdist_forward(L0,·)
SKIP	w20:263	client RuntimeError: method->execute() failed with error 0x12 | [tensor_util_portable.cpp:130] Check failed (all_contiguous || all_channels_last): 2 input tensors have different dim orders [op_fft_r2c.cpp:29] Check failed (tensors_have_same_dim_order(in, out)):  [method.cpp:1480] KernelCall failed at instruction 0:0 in operator aten::_fft_r2c.out: 0x12 [method.cpp:1490] arg 0 with type id 1 [method.cpp:1490] arg 1 with type id 8 [method.cpp:1490] arg 2 with type id 4 [method.cpp:1490] arg 3 with type id 5 [method.cpp:1490] arg 4 with type id 1 [method.cpp:1490] arg 5 with type id 1	n0*=_fft_r2c(L0,·,·,·)
MISMATCH	w20:306	out[0] non-finite mismatch (nan/inf positions differ)	n0*=_log_softmax.out(L0,·,·,·)
SKIP	w20:4	client RuntimeError: method->execute() failed with error 0x12 | [normalization_ops_util.cpp:160] Check failed (in.size(0) == N):  [op_native_group_norm.cpp:139] Check failed (check_group_norm_args( input, weight, bias, N, C, HxW, group, out, mean_out, rstd_out)):  [method.cpp:1480] KernelCall failed at instruction 0:0 in operator aten::native_group_norm.out: 0x12 [method.cpp:1490] arg 0 with type id 1 [method.cpp:1490] arg 1 with type id 0 [method.cpp:1490] arg 2 with type id 0 [method.cpp:1490] arg 3 with type id 4 [method.cpp:1490] arg 4 with type id 4 [method.cpp:1490] arg 5 with type id 4 [method.cpp:1490] arg 6 with type id 4 [method.cpp:1490] arg 7 with type id 3 [method.cpp:1490] arg 8 with type id 1 [method.cpp:1490] arg 9 with type id 1 [method.cpp:1490] arg 10 with type id 1 [method.cpp:1490] arg 11 with type id 9	n0*=native_group_norm(L0,·,·,·,·,·,·,·)
SKIP	w20:64	client RuntimeError: method->execute() failed with error 0x12 | [op_permute_copy.cpp:70] Unhandled dtype Float8_e4m3fn for permute_copy.out [method.cpp:1480] KernelCall failed at instruction 0:0 in operator aten::permute_copy.out: 0x12 [method.cpp:1490] arg 0 with type id 1 [method.cpp:1490] arg 1 with type id 8 [method.cpp:1490] arg 2 with type id 1 [method.cpp:1490] arg 3 with type id 1	n0*=linear.out(L0,L1,·,·)
SKIP	w20:7	client RuntimeError: method->execute() failed with error 0x12 | [tensor_util.h:617] Check failed (static_cast<size_t>(t.dim()) == rank): Expected tensor.dim() to be 2, but got 4 [distance_util.cpp:16] Check failed (tensor_is_rank(in, 2)):  [op_pdist_forward.cpp:25] Check failed (check_pdist_args(in, p, out)):  [method.cpp:1480] KernelCall failed at instruction 0:0 in operator aten::_pdist_forward.out: 0x12 [method.cpp:1490] arg 0 with type id 1 [method.cpp:1490] arg 1 with type id 3 [method.cpp:1490] arg 2 with type id 1 [method.cpp:1490] arg 3 with type id 1	n0*=_pdist_forward(L0,·)
MISMATCH	w20:78	out[0] non-finite mismatch (nan/inf positions differ)	n0*=_log_softmax.out(L0,·,·,·)
MISMATCH	w20:98	out[0] max|delta|=1.153e+18 (rtol=0.0 atol=0.0)	n0*=bitwise_left_shift.Tensor_Scalar(L0,·)
MISMATCH	w21:120	out[0] max|delta|=1.441e+17 (rtol=0.0 atol=0.0)	n0*=bitwise_left_shift.Tensor_Scalar(L0,·)
SKIP	w21:128	client RuntimeError: method->execute() failed with error 0x12 | [copy_ops_util.cpp:165] Check failed (implicit == false): This operator is not implemented for when implicit == true. [op_expand_copy.cpp:63] Check failed (check_expand_copy_args(self, expand_sizes, implicit, out)):  [method.cpp:1480] KernelCall failed at instruction 0:0 in operator aten::expand_copy.out: 0x12 [method.cpp:1490] arg 0 with type id 1 [method.cpp:1490] arg 1 with type id 8 [method.cpp:1490] arg 2 with type id 5 [method.cpp:1490] arg 3 with type id 1 [method.cpp:1490] arg 4 with type id 1	n0*=expand_copy(L0,·,·)
SKIP	w21:147	client RuntimeError: method->execute() failed with error 0x12 | [op_arange.cpp:55] Check failed (utils::extract_scalar(start, &d_start)):  [method.cpp:1480] KernelCall failed at instruction 0:0 in operator aten::arange.start_out: 0x12 [method.cpp:1490] arg 0 with type id 5 [method.cpp:1490] arg 1 with type id 5 [method.cpp:1490] arg 2 with type id 5 [method.cpp:1490] arg 3 with type id 1 [method.cpp:1490] arg 4 with type id 1	n0*=arange.start_out(·,·,·,·)
MISMATCH	w21:163	out[0] max|delta|=2.550e+02 (rtol=0.0 atol=0.0)	n0*=prod.int_out(L0,·,·,·,·)
SKIP	w21:172	client RuntimeError: method->execute() failed with error 0x12 | [normalization_ops_util.cpp:160] Check failed (in.size(0) == N):  [op_native_group_norm.cpp:139] Check failed (check_group_norm_args( input, weight, bias, N, C, HxW, group, out, mean_out, rstd_out)):  [method.cpp:1480] KernelCall failed at instruction 0:0 in operator aten::native_group_norm.out: 0x12 [method.cpp:1490] arg 0 with type id 1 [method.cpp:1490] arg 1 with type id 0 [method.cpp:1490] arg 2 with type id 0 [method.cpp:1490] arg 3 with type id 4 [method.cpp:1490] arg 4 with type id 4 [method.cpp:1490] arg 5 with type id 4 [method.cpp:1490] arg 6 with type id 4 [method.cpp:1490] arg 7 with type id 3 [method.cpp:1490] arg 8 with type id 1 [method.cpp:1490] arg 9 with type id 1 [method.cpp:1490] arg 10 with type id 1 [method.cpp:1490] arg 11 with type id 9	n0*=native_group_norm(L0,·,·,·,·,·,·,·)
SKIP	w21:218	client RuntimeError: method->execute() failed with error 0x12 | [op_copy.cpp:33] Check failed (non_blocking == false):  [method.cpp:1480] KernelCall failed at instruction 0:0 in operator aten::copy.out: 0x12 [method.cpp:1490] arg 0 with type id 1 [method.cpp:1490] arg 1 with type id 1 [method.cpp:1490] arg 2 with type id 5 [method.cpp:1490] arg 3 with type id 1 [method.cpp:1490] arg 4 with type id 1	n0*=copy(L0,L1,·)
MISMATCH	w21:232	out[0] non-finite mismatch (nan/inf positions differ)	n0*=gelu.out(L0,·,·)
MISMATCH	w21:245	out[0] max|delta|=4.000e+00 (rtol=0.01 atol=0.001)	n0*=remainder.Tensor_out(L0,L1,·)
SKIP	w21:254	client RuntimeError: method->execute() failed with error 0x12 | [normalization_ops_util.cpp:160] Check failed (in.size(0) == N):  [op_native_group_norm.cpp:139] Check failed (check_group_norm_args( input, weight, bias, N, C, HxW, group, out, mean_out, rstd_out)):  [method.cpp:1480] KernelCall failed at instruction 0:0 in operator aten::native_group_norm.out: 0x12 [method.cpp:1490] arg 0 with type id 1 [method.cpp:1490] arg 1 with type id 0 [method.cpp:1490] arg 2 with type id 0 [method.cpp:1490] arg 3 with type id 4 [method.cpp:1490] arg 4 with type id 4 [method.cpp:1490] arg 5 with type id 4 [method.cpp:1490] arg 6 with type id 4 [method.cpp:1490] arg 7 with type id 3 [method.cpp:1490] arg 8 with type id 1 [method.cpp:1490] arg 9 with type id 1 [method.cpp:1490] arg 10 with type id 1 [method.cpp:1490] arg 11 with type id 9	n0*=native_group_norm(L0,·,·,·,·,·,·,·)
SKIP	w21:257	client RuntimeError: method->execute() failed with error 0x12 | [tensor_util.h:617] Check failed (static_cast<size_t>(t.dim()) == rank): Expected tensor.dim() to be 2, but got 3 [distance_util.cpp:16] Check failed (tensor_is_rank(in, 2)):  [op_pdist_forward.cpp:25] Check failed (check_pdist_args(in, p, out)):  [method.cpp:1480] KernelCall failed at instruction 0:0 in operator aten::_pdist_forward.out: 0x12 [method.cpp:1490] arg 0 with type id 1 [method.cpp:1490] arg 1 with type id 3 [method.cpp:1490] arg 2 with type id 1 [method.cpp:1490] arg 3 with type id 1	n0*=_pdist_forward(L0,·)
SKIP	w21:26	client RuntimeError: method->execute() failed with error 0x12 | [normalization_ops_util.cpp:160] Check failed (in.size(0) == N):  [op_native_group_norm.cpp:139] Check failed (check_group_norm_args( input, weight, bias, N, C, HxW, group, out, mean_out, rstd_out)):  [method.cpp:1480] KernelCall failed at instruction 0:0 in operator aten::native_group_norm.out: 0x12 [method.cpp:1490] arg 0 with type id 1 [method.cpp:1490] arg 1 with type id 0 [method.cpp:1490] arg 2 with type id 0 [method.cpp:1490] arg 3 with type id 4 [method.cpp:1490] arg 4 with type id 4 [method.cpp:1490] arg 5 with type id 4 [method.cpp:1490] arg 6 with type id 4 [method.cpp:1490] arg 7 with type id 3 [method.cpp:1490] arg 8 with type id 1 [method.cpp:1490] arg 9 with type id 1 [method.cpp:1490] arg 10 with type id 1 [method.cpp:1490] arg 11 with type id 9	n0*=native_group_norm(L0,·,·,·,·,·,·,·)
SKIP	w21:285	client RuntimeError: method->execute() failed with error 0x12 | [tensor_util_portable.cpp:130] Check failed (all_contiguous || all_channels_last): 2 input tensors have different dim orders [op_fft_r2c.cpp:29] Check failed (tensors_have_same_dim_order(in, out)):  [method.cpp:1480] KernelCall failed at instruction 0:0 in operator aten::_fft_r2c.out: 0x12 [method.cpp:1490] arg 0 with type id 1 [method.cpp:1490] arg 1 with type id 8 [method.cpp:1490] arg 2 with type id 4 [method.cpp:1490] arg 3 with type id 5 [method.cpp:1490] arg 4 with type id 1 [method.cpp:1490] arg 5 with type id 1	n0*=_fft_r2c(L0,·,·,·)
MISMATCH	w21:4	out[0] non-finite mismatch (nan/inf positions differ)	n0*=gelu.out(L0,·,·)
SKIP	w21:57	client RuntimeError: method->execute() failed with error 0x12 | [tensor_util_portable.cpp:130] Check failed (all_contiguous || all_channels_last): 2 input tensors have different dim orders [op_fft_r2c.cpp:29] Check failed (tensors_have_same_dim_order(in, out)):  [method.cpp:1480] KernelCall failed at instruction 0:0 in operator aten::_fft_r2c.out: 0x12 [method.cpp:1490] arg 0 with type id 1 [method.cpp:1490] arg 1 with type id 8 [method.cpp:1490] arg 2 with type id 4 [method.cpp:1490] arg 3 with type id 5 [method.cpp:1490] arg 4 with type id 1 [method.cpp:1490] arg 5 with type id 1	n0*=_fft_r2c(L0,·,·,·)
SKIP	w21:86	client RuntimeError: method->execute() failed with error 0x12 | [op_permute_copy.cpp:70] Unhandled dtype Float8_e4m3fn for permute_copy.out [method.cpp:1480] KernelCall failed at instruction 0:0 in operator aten::permute_copy.out: 0x12 [method.cpp:1490] arg 0 with type id 1 [method.cpp:1490] arg 1 with type id 8 [method.cpp:1490] arg 2 with type id 1 [method.cpp:1490] arg 3 with type id 1	n0*=linear.out(L0,L1,·,·)
MISMATCH	w22:1	out[0] max|delta|=5.000e+00 (rtol=0.0 atol=0.0)	n0*=prod.int_out(L0,·,·,·,·)
SKIP	w22:10	client RuntimeError: method->execute() failed with error 0x12 | [normalization_ops_util.cpp:160] Check failed (in.size(0) == N):  [op_native_group_norm.cpp:139] Check failed (check_group_norm_args( input, weight, bias, N, C, HxW, group, out, mean_out, rstd_out)):  [method.cpp:1480] KernelCall failed at instruction 0:0 in operator aten::native_group_norm.out: 0x12 [method.cpp:1490] arg 0 with type id 1 [method.cpp:1490] arg 1 with type id 0 [method.cpp:1490] arg 2 with type id 0 [method.cpp:1490] arg 3 with type id 4 [method.cpp:1490] arg 4 with type id 4 [method.cpp:1490] arg 5 with type id 4 [method.cpp:1490] arg 6 with type id 4 [method.cpp:1490] arg 7 with type id 3 [method.cpp:1490] arg 8 with type id 1 [method.cpp:1490] arg 9 with type id 1 [method.cpp:1490] arg 10 with type id 1 [method.cpp:1490] arg 11 with type id 9	n0*=native_group_norm(L0,·,·,·,·,·,·,·)
SKIP	w22:123	client RuntimeError: method->execute() failed with error 0x12 | [tensor_util_portable.cpp:130] Check failed (all_contiguous || all_channels_last): 2 input tensors have different dim orders [op_fft_r2c.cpp:29] Check failed (tensors_have_same_dim_order(in, out)):  [method.cpp:1480] KernelCall failed at instruction 0:0 in operator aten::_fft_r2c.out: 0x12 [method.cpp:1490] arg 0 with type id 1 [method.cpp:1490] arg 1 with type id 8 [method.cpp:1490] arg 2 with type id 4 [method.cpp:1490] arg 3 with type id 5 [method.cpp:1490] arg 4 with type id 1 [method.cpp:1490] arg 5 with type id 1	n0*=_fft_r2c(L0,·,·,·)
SKIP	w22:166	client RuntimeError: method->execute() failed with error 0x12 | [op_log_softmax.cpp:152] Check failed (false):  [method.cpp:1480] KernelCall failed at instruction 0:0 in operator aten::_log_softmax.out: 0x12 [method.cpp:1490] arg 0 with type id 1 [method.cpp:1490] arg 1 with type id 4 [method.cpp:1490] arg 2 with type id 5 [method.cpp:1490] arg 3 with type id 1 [method.cpp:1490] arg 4 with type id 1	n0*=_log_softmax.out(L0,·,·,·)
SKIP	w22:194	client RuntimeError: method->execute() failed with error 0x12 | [copy_ops_util.cpp:165] Check failed (implicit == false): This operator is not implemented for when implicit == true. [op_expand_copy.cpp:63] Check failed (check_expand_copy_args(self, expand_sizes, implicit, out)):  [method.cpp:1480] KernelCall failed at instruction 0:0 in operator aten::expand_copy.out: 0x12 [method.cpp:1490] arg 0 with type id 1 [method.cpp:1490] arg 1 with type id 8 [method.cpp:1490] arg 2 with type id 5 [method.cpp:1490] arg 3 with type id 1 [method.cpp:1490] arg 4 with type id 1	n0*=expand_copy(L0,·,·)
SKIP	w22:213	client RuntimeError: method->execute() failed with error 0x12 | [op_arange.cpp:55] Check failed (utils::extract_scalar(start, &d_start)):  [method.cpp:1480] KernelCall failed at instruction 0:0 in operator aten::arange.start_out: 0x12 [method.cpp:1490] arg 0 with type id 5 [method.cpp:1490] arg 1 with type id 4 [method.cpp:1490] arg 2 with type id 3 [method.cpp:1490] arg 3 with type id 1 [method.cpp:1490] arg 4 with type id 1	n0*=arange.start_out(·,·,·,·)
MISMATCH	w22:230	out[0] non-finite mismatch (nan/inf positions differ)	n0*=grid_sampler_2d(L0,L1,·,·,·)
SKIP	w22:238	client RuntimeError: method->execute() failed with error 0x12 | [normalization_ops_util.cpp:160] Check failed (in.size(0) == N):  [op_native_group_norm.cpp:139] Check failed (check_group_norm_args( input, weight, bias, N, C, HxW, group, out, mean_out, rstd_out)):  [method.cpp:1480] KernelCall failed at instruction 0:0 in operator aten::native_group_norm.out: 0x12 [method.cpp:1490] arg 0 with type id 1 [method.cpp:1490] arg 1 with type id 0 [method.cpp:1490] arg 2 with type id 0 [method.cpp:1490] arg 3 with type id 4 [method.cpp:1490] arg 4 with type id 4 [method.cpp:1490] arg 5 with type id 4 [method.cpp:1490] arg 6 with type id 4 [method.cpp:1490] arg 7 with type id 3 [method.cpp:1490] arg 8 with type id 1 [method.cpp:1490] arg 9 with type id 1 [method.cpp:1490] arg 10 with type id 1 [method.cpp:1490] arg 11 with type id 9	n0*=native_group_norm(L0,·,·,·,·,·,·,·)
MISMATCH	w22:262	out[0] non-finite mismatch (nan/inf positions differ)	n0*=bitwise_left_shift.Tensor_Scalar_out(L0,·,·)
MISMATCH	w22:265	out[0] non-finite mismatch (nan/inf positions differ)	n0*=bitwise_left_shift.Tensor_out(L0,L1,·)
SKIP	w22:284	client RuntimeError: method->execute() failed with error 0x12 | [op_copy.cpp:33] Check failed (non_blocking == false):  [method.cpp:1480] KernelCall failed at instruction 0:0 in operator aten::copy.out: 0x12 [method.cpp:1490] arg 0 with type id 1 [method.cpp:1490] arg 1 with type id 1 [method.cpp:1490] arg 2 with type id 5 [method.cpp:1490] arg 3 with type id 1 [method.cpp:1490] arg 4 with type id 1	n0*=copy(L0,L1,·)
SKIP	w22:320	client RuntimeError: method->execute() failed with error 0x12 | [normalization_ops_util.cpp:160] Check failed (in.size(0) == N):  [op_native_group_norm.cpp:139] Check failed (check_group_norm_args( input, weight, bias, N, C, HxW, group, out, mean_out, rstd_out)):  [method.cpp:1480] KernelCall failed at instruction 0:0 in operator aten::native_group_norm.out: 0x12 [method.cpp:1490] arg 0 with type id 1 [method.cpp:1490] arg 1 with type id 0 [method.cpp:1490] arg 2 with type id 0 [method.cpp:1490] arg 3 with type id 4 [method.cpp:1490] arg 4 with type id 4 [method.cpp:1490] arg 5 with type id 4 [method.cpp:1490] arg 6 with type id 4 [method.cpp:1490] arg 7 with type id 3 [method.cpp:1490] arg 8 with type id 1 [method.cpp:1490] arg 9 with type id 1 [method.cpp:1490] arg 10 with type id 1 [method.cpp:1490] arg 11 with type id 9	n0*=native_group_norm(L0,·,·,·,·,·,·,·)
SKIP	w22:323	client RuntimeError: method->execute() failed with error 0x12 | [op_pdist_forward.cpp:45] Unhandled dtype Long for _pdist_forward.out [method.cpp:1480] KernelCall failed at instruction 0:0 in operator aten::_pdist_forward.out: 0x12 [method.cpp:1490] arg 0 with type id 1 [method.cpp:1490] arg 1 with type id 3 [method.cpp:1490] arg 2 with type id 1 [method.cpp:1490] arg 3 with type id 1	n0*=_pdist_forward(L0,·)
SKIP	w22:351	client RuntimeError: method->execute() failed with error 0x12 | [op_fft_r2c.cpp:32] Check failed (onesided): onesided=False is not supported yet in _fft_r2c [method.cpp:1480] KernelCall failed at instruction 0:0 in operator aten::_fft_r2c.out: 0x12 [method.cpp:1490] arg 0 with type id 1 [method.cpp:1490] arg 1 with type id 8 [method.cpp:1490] arg 2 with type id 4 [method.cpp:1490] arg 3 with type id 5 [method.cpp:1490] arg 4 with type id 1 [method.cpp:1490] arg 5 with type id 1	n0*=_fft_r2c(L0,·,·,·)
MISMATCH	w22:37	out[0] max|delta|=6.918e+18 (rtol=0.01 atol=0.001)	n0*=bitwise_left_shift.Tensor_out(L0,L1,·)
SKIP	w22:422	client RuntimeError: method->execute() failed with error 0x12 | [copy_ops_util.cpp:165] Check failed (implicit == false): This operator is not implemented for when implicit == true. [op_expand_copy.cpp:63] Check failed (check_expand_copy_args(self, expand_sizes, implicit, out)):  [method.cpp:1480] KernelCall failed at instruction 0:0 in operator aten::expand_copy.out: 0x12 [method.cpp:1490] arg 0 with type id 1 [method.cpp:1490] arg 1 with type id 8 [method.cpp:1490] arg 2 with type id 5 [method.cpp:1490] arg 3 with type id 1 [method.cpp:1490] arg 4 with type id 1	n0*=expand_copy(L0,·,·)
MISMATCH	w22:70	out[0] non-finite mismatch (nan/inf positions differ)	n0*=gelu.out(L0,·,·)
SKIP	w22:95	client RuntimeError: method->execute() failed with error 0x12 | [tensor_util.h:617] Check failed (static_cast<size_t>(t.dim()) == rank): Expected tensor.dim() to be 2, but got 5 [distance_util.cpp:16] Check failed (tensor_is_rank(in, 2)):  [op_pdist_forward.cpp:25] Check failed (check_pdist_args(in, p, out)):  [method.cpp:1480] KernelCall failed at instruction 0:0 in operator aten::_pdist_forward.out: 0x12 [method.cpp:1490] arg 0 with type id 1 [method.cpp:1490] arg 1 with type id 3 [method.cpp:1490] arg 2 with type id 1 [method.cpp:1490] arg 3 with type id 1	n0*=_pdist_forward(L0,·)
SKIP	w23:100	client RuntimeError: method->execute() failed with error 0x12 | [op_log_softmax.cpp:152] Check failed (false):  [method.cpp:1480] KernelCall failed at instruction 0:0 in operator aten::_log_softmax.out: 0x12 [method.cpp:1490] arg 0 with type id 1 [method.cpp:1490] arg 1 with type id 4 [method.cpp:1490] arg 2 with type id 5 [method.cpp:1490] arg 3 with type id 1 [method.cpp:1490] arg 4 with type id 1	n0*=_log_softmax.out(L0,·,·,·)
MISMATCH	w23:142	out[0] max|delta|=2.000e+00 (rtol=0.0 atol=0.0)	n0*=remainder.Scalar_out(L0,·,·)
SKIP	w23:147	client RuntimeError: method->execute() failed with error 0x12 | [op_arange.cpp:55] Check failed (utils::extract_scalar(start, &d_start)):  [method.cpp:1480] KernelCall failed at instruction 0:0 in operator aten::arange.start_out: 0x12 [method.cpp:1490] arg 0 with type id 5 [method.cpp:1490] arg 1 with type id 5 [method.cpp:1490] arg 2 with type id 4 [method.cpp:1490] arg 3 with type id 1 [method.cpp:1490] arg 4 with type id 1	n0*=arange.start_out(·,·,·,·)
SKIP	w23:172	client RuntimeError: method->execute() failed with error 0x12 | [normalization_ops_util.cpp:160] Check failed (in.size(0) == N):  [op_native_group_norm.cpp:139] Check failed (check_group_norm_args( input, weight, bias, N, C, HxW, group, out, mean_out, rstd_out)):  [method.cpp:1480] KernelCall failed at instruction 0:0 in operator aten::native_group_norm.out: 0x12 [method.cpp:1490] arg 0 with type id 1 [method.cpp:1490] arg 1 with type id 0 [method.cpp:1490] arg 2 with type id 0 [method.cpp:1490] arg 3 with type id 4 [method.cpp:1490] arg 4 with type id 4 [method.cpp:1490] arg 5 with type id 4 [method.cpp:1490] arg 6 with type id 4 [method.cpp:1490] arg 7 with type id 3 [method.cpp:1490] arg 8 with type id 1 [method.cpp:1490] arg 9 with type id 1 [method.cpp:1490] arg 10 with type id 1 [method.cpp:1490] arg 11 with type id 9	n0*=native_group_norm(L0,·,·,·,·,·,·,·)
MISMATCH	w23:18	out[0] max|delta|=4.000e+00 (rtol=0.0 atol=0.0)	n0*=fmod.Scalar(L0,·)
MISMATCH	w23:199	out[0] non-finite mismatch (nan/inf positions differ)	n0*=bitwise_left_shift.Tensor_out(L0,L1,·)
SKIP	w23:211	client RuntimeError: method->execute() failed with error 0x12 | [index_util.cpp:156] Check failed (index.scalar_type() == ScalarType::Long): Expected dtype int64 for index; index.scalar_type() = Int [op_scatter.cpp:113] Check failed (check_scatter_src_args(in, dim, index, src, out)):  [method.cpp:1480] KernelCall failed at instruction 0:0 in operator aten::scatter.src_out: 0x12 [method.cpp:1490] arg 0 with type id 1 [method.cpp:1490] arg 1 with type id 4 [method.cpp:1490] arg 2 with type id 1 [method.cpp:1490] arg 3 with type id 1 [method.cpp:1490] arg 4 with type id 1 [method.cpp:1490] arg 5 with type id 1	n0*=scatter.src_out(L0,·,L1,L2,·)
SKIP	w23:218	client RuntimeError: method->execute() failed with error 0x12 | [op_copy.cpp:33] Check failed (non_blocking == false):  [method.cpp:1480] KernelCall failed at instruction 0:0 in operator aten::copy.out: 0x12 [method.cpp:1490] arg 0 with type id 1 [method.cpp:1490] arg 1 with type id 1 [method.cpp:1490] arg 2 with type id 5 [method.cpp:1490] arg 3 with type id 1 [method.cpp:1490] arg 4 with type id 1	n0*=copy(L0,L1,·)
MISMATCH	w23:232	out[0] non-finite mismatch (nan/inf positions differ)	n0*=gelu.out(L0,·,·)
SKIP	w23:254	client RuntimeError: method->execute() failed with error 0x12 | [normalization_ops_util.cpp:160] Check failed (in.size(0) == N):  [op_native_group_norm.cpp:139] Check failed (check_group_norm_args( input, weight, bias, N, C, HxW, group, out, mean_out, rstd_out)):  [method.cpp:1480] KernelCall failed at instruction 0:0 in operator aten::native_group_norm.out: 0x12 [method.cpp:1490] arg 0 with type id 1 [method.cpp:1490] arg 1 with type id 0 [method.cpp:1490] arg 2 with type id 0 [method.cpp:1490] arg 3 with type id 4 [method.cpp:1490] arg 4 with type id 4 [method.cpp:1490] arg 5 with type id 4 [method.cpp:1490] arg 6 with type id 4 [method.cpp:1490] arg 7 with type id 3 [method.cpp:1490] arg 8 with type id 1 [method.cpp:1490] arg 9 with type id 1 [method.cpp:1490] arg 10 with type id 1 [method.cpp:1490] arg 11 with type id 9	n0*=native_group_norm(L0,·,·,·,·,·,·,·)
SKIP	w23:257	client RuntimeError: method->execute() failed with error 0x12 | [tensor_util.h:617] Check failed (static_cast<size_t>(t.dim()) == rank): Expected tensor.dim() to be 2, but got 3 [distance_util.cpp:16] Check failed (tensor_is_rank(in, 2)):  [op_pdist_forward.cpp:25] Check failed (check_pdist_args(in, p, out)):  [method.cpp:1480] KernelCall failed at instruction 0:0 in operator aten::_pdist_forward.out: 0x12 [method.cpp:1490] arg 0 with type id 1 [method.cpp:1490] arg 1 with type id 3 [method.cpp:1490] arg 2 with type id 1 [method.cpp:1490] arg 3 with type id 1	n0*=_pdist_forward(L0,·)
SKIP	w23:26	client RuntimeError: method->execute() failed with error 0x12 | [normalization_ops_util.cpp:160] Check failed (in.size(0) == N):  [op_native_group_norm.cpp:139] Check failed (check_group_norm_args( input, weight, bias, N, C, HxW, group, out, mean_out, rstd_out)):  [method.cpp:1480] KernelCall failed at instruction 0:0 in operator aten::native_group_norm.out: 0x12 [method.cpp:1490] arg 0 with type id 1 [method.cpp:1490] arg 1 with type id 0 [method.cpp:1490] arg 2 with type id 0 [method.cpp:1490] arg 3 with type id 4 [method.cpp:1490] arg 4 with type id 4 [method.cpp:1490] arg 5 with type id 4 [method.cpp:1490] arg 6 with type id 4 [method.cpp:1490] arg 7 with type id 3 [method.cpp:1490] arg 8 with type id 1 [method.cpp:1490] arg 9 with type id 1 [method.cpp:1490] arg 10 with type id 1 [method.cpp:1490] arg 11 with type id 9	n0*=native_group_norm(L0,·,·,·,·,·,·,·)
SKIP	w23:285	client RuntimeError: method->execute() failed with error 0x12 | [tensor_util_portable.cpp:130] Check failed (all_contiguous || all_channels_last): 2 input tensors have different dim orders [op_fft_r2c.cpp:29] Check failed (tensors_have_same_dim_order(in, out)):  [method.cpp:1480] KernelCall failed at instruction 0:0 in operator aten::_fft_r2c.out: 0x12 [method.cpp:1490] arg 0 with type id 1 [method.cpp:1490] arg 1 with type id 8 [method.cpp:1490] arg 2 with type id 4 [method.cpp:1490] arg 3 with type id 5 [method.cpp:1490] arg 4 with type id 1 [method.cpp:1490] arg 5 with type id 1	n0*=_fft_r2c(L0,·,·,·)
SKIP	w23:29	client RuntimeError: method->execute() failed with error 0x12 | [tensor_util.h:617] Check failed (static_cast<size_t>(t.dim()) == rank): Expected tensor.dim() to be 2, but got 5 [distance_util.cpp:16] Check failed (tensor_is_rank(in, 2)):  [op_pdist_forward.cpp:25] Check failed (check_pdist_args(in, p, out)):  [method.cpp:1480] KernelCall failed at instruction 0:0 in operator aten::_pdist_forward.out: 0x12 [method.cpp:1490] arg 0 with type id 1 [method.cpp:1490] arg 1 with type id 3 [method.cpp:1490] arg 2 with type id 1 [method.cpp:1490] arg 3 with type id 1	n0*=_pdist_forward(L0,·)
MISMATCH	w23:328	out[0] non-finite mismatch (nan/inf positions differ)	n0*=_log_softmax.out(L0,·,·,·)
MISMATCH	w23:4	out[0] non-finite mismatch (nan/inf positions differ)	n0*=gelu.out(L0,·,·)
MISMATCH	w23:49	out[0] max|delta|=7.896e-01 (rtol=0.01 atol=0.001)	n0*=max_pool2d_with_indices_backward.grad_input(L0,L1,·,·,·,·,·,L2,L3)
SKIP	w23:57	client RuntimeError: method->execute() failed with error 0x12 | [op_fft_r2c.cpp:32] Check failed (onesided): onesided=False is not supported yet in _fft_r2c [method.cpp:1480] KernelCall failed at instruction 0:0 in operator aten::_fft_r2c.out: 0x12 [method.cpp:1490] arg 0 with type id 1 [method.cpp:1490] arg 1 with type id 8 [method.cpp:1490] arg 2 with type id 4 [method.cpp:1490] arg 3 with type id 5 [method.cpp:1490] arg 4 with type id 1 [method.cpp:1490] arg 5 with type id 1	n0*=_fft_r2c(L0,·,·,·)
MISMATCH	w24:113	out[0] non-finite mismatch (nan/inf positions differ)	n0*=grid_sampler_2d(L0,L1,·,·,·)
SKIP	w24:116	client RuntimeError: method->execute() failed with error 0x12 | [kernel_ops_util.cpp:389] Check failed (in.dim() == 3 || in.dim() == 4): Expect input tensor to be 3-D or 4-D, but got, 5. [op_convolution.cpp:363] Check failed (check_convolution_args( in, weight, bias, stride, padding, dilation, transposed, output_padding, groups, out)):  [method.cpp:1480] KernelCall failed at instruction 0:0 in operator aten::convolution.out: 0x12 [method.cpp:1490] arg 0 with type id 1 [method.cpp:1490] arg 1 with type id 1 [method.cpp:1490] arg 2 with type id 0 [method.cpp:1490] arg 3 with type id 8 [method.cpp:1490] arg 4 with type id 8 [method.cpp:1490] arg 5 with type id 8 [method.cpp:1490] arg 6 with type id 5 [method.cpp:1490] arg 7 with type id 8 [method.cpp:1490] arg 8 with type id 4 [method.cpp:1490] arg 9 with type id 1 [method.cpp:1490] arg 10 with type id 1	n0*=convolution(L0,L1,·,·,·,·,·,·,·)
SKIP	w24:121	client RuntimeError: method->execute() failed with error 0x12 | [normalization_ops_util.cpp:161] Check failed (in.size(1) == C):  [op_native_group_norm.cpp:139] Check failed (check_group_norm_args( input, weight, bias, N, C, HxW, group, out, mean_out, rstd_out)):  [method.cpp:1480] KernelCall failed at instruction 0:0 in operator aten::native_group_norm.out: 0x12 [method.cpp:1490] arg 0 with type id 1 [method.cpp:1490] arg 1 with type id 0 [method.cpp:1490] arg 2 with type id 0 [method.cpp:1490] arg 3 with type id 4 [method.cpp:1490] arg 4 with type id 4 [method.cpp:1490] arg 5 with type id 4 [method.cpp:1490] arg 6 with type id 4 [method.cpp:1490] arg 7 with type id 3 [method.cpp:1490] arg 8 with type id 1 [method.cpp:1490] arg 9 with type id 1 [method.cpp:1490] arg 10 with type id 1 [method.cpp:1490] arg 11 with type id 9	n0*=native_group_norm(L0,·,·,·,·,·,·,·)
MISMATCH	w24:145	out[0] max|delta|=9.223e+18 (rtol=0.01 atol=0.001)	n0*=bitwise_left_shift.Tensor_Scalar_out(L0,·,·)
MISMATCH	w24:181	out[0] non-finite mismatch (nan/inf positions differ)	n0*=gelu.out(L0,·,·)
SKIP	w24:206	client RuntimeError: method->execute() failed with error 0x12 | [tensor_util.h:617] Check failed (static_cast<size_t>(t.dim()) == rank): Expected tensor.dim() to be 2, but got 3 [distance_util.cpp:16] Check failed (tensor_is_rank(in, 2)):  [op_pdist_forward.cpp:25] Check failed (check_pdist_args(in, p, out)):  [method.cpp:1480] KernelCall failed at instruction 0:0 in operator aten::_pdist_forward.out: 0x12 [method.cpp:1490] arg 0 with type id 1 [method.cpp:1490] arg 1 with type id 3 [method.cpp:1490] arg 2 with type id 1 [method.cpp:1490] arg 3 with type id 1	n0*=_pdist_forward(L0,·)
SKIP	w24:234	client RuntimeError: method->execute() failed with error 0x12 | [op_fft_r2c.cpp:32] Check failed (onesided): onesided=False is not supported yet in _fft_r2c [method.cpp:1480] KernelCall failed at instruction 0:0 in operator aten::_fft_r2c.out: 0x12 [method.cpp:1490] arg 0 with type id 1 [method.cpp:1490] arg 1 with type id 8 [method.cpp:1490] arg 2 with type id 4 [method.cpp:1490] arg 3 with type id 5 [method.cpp:1490] arg 4 with type id 1 [method.cpp:1490] arg 5 with type id 1	n0*=_fft_r2c(L0,·,·,·)
SKIP	w24:277	client RuntimeError: method->execute() failed with error 0x12 | [op_log_softmax.cpp:152] Check failed (false):  [method.cpp:1480] KernelCall failed at instruction 0:0 in operator aten::_log_softmax.out: 0x12 [method.cpp:1490] arg 0 with type id 1 [method.cpp:1490] arg 1 with type id 4 [method.cpp:1490] arg 2 with type id 5 [method.cpp:1490] arg 3 with type id 1 [method.cpp:1490] arg 4 with type id 1	n0*=_log_softmax.out(L0,·,·,·)
MISMATCH	w24:49	out[0] non-finite mismatch (nan/inf positions differ)	n0*=_log_softmax.out(L0,·,·,·)
SKIP	w24:6	client RuntimeError: method->execute() failed with error 0x12 | [tensor_util_portable.cpp:130] Check failed (all_contiguous || all_channels_last): 2 input tensors have different dim orders [op_fft_r2c.cpp:29] Check failed (tensors_have_same_dim_order(in, out)):  [method.cpp:1480] KernelCall failed at instruction 0:0 in operator aten::_fft_r2c.out: 0x12 [method.cpp:1490] arg 0 with type id 1 [method.cpp:1490] arg 1 with type id 8 [method.cpp:1490] arg 2 with type id 4 [method.cpp:1490] arg 3 with type id 5 [method.cpp:1490] arg 4 with type id 1 [method.cpp:1490] arg 5 with type id 1	n0*=_fft_r2c(L0,·,·,·)
MISMATCH	w24:69	out[0] max|delta|=2.306e+18 (rtol=0.0 atol=0.0)	n0*=bitwise_left_shift.Tensor_Scalar(L0,·)
SKIP	w24:96	client RuntimeError: method->execute() failed with error 0x12 | [op_arange.cpp:55] Check failed (utils::extract_scalar(start, &d_start)):  [method.cpp:1480] KernelCall failed at instruction 0:0 in operator aten::arange.start_out: 0x12 [method.cpp:1490] arg 0 with type id 5 [method.cpp:1490] arg 1 with type id 5 [method.cpp:1490] arg 2 with type id 5 [method.cpp:1490] arg 3 with type id 1 [method.cpp:1490] arg 4 with type id 1	n0*=arange.start_out(·,·,·,·)
MISMATCH	w25:121	out[0] non-finite mismatch (nan/inf positions differ)	n0*=native_group_norm(L0,·,·,·,·,·,·,·)
SKIP	w25:124	client RuntimeError: method->execute() failed with error 0x12 | [op_pdist_forward.cpp:45] Unhandled dtype Long for _pdist_forward.out [method.cpp:1480] KernelCall failed at instruction 0:0 in operator aten::_pdist_forward.out: 0x12 [method.cpp:1490] arg 0 with type id 1 [method.cpp:1490] arg 1 with type id 3 [method.cpp:1490] arg 2 with type id 1 [method.cpp:1490] arg 3 with type id 1	n0*=_pdist_forward(L0,·)
SKIP	w25:14	client RuntimeError: method->execute() failed with error 0x12 | [op_arange.cpp:55] Check failed (utils::extract_scalar(start, &d_start)):  [method.cpp:1480] KernelCall failed at instruction 0:0 in operator aten::arange.start_out: 0x12 [method.cpp:1490] arg 0 with type id 5 [method.cpp:1490] arg 1 with type id 5 [method.cpp:1490] arg 2 with type id 4 [method.cpp:1490] arg 3 with type id 1 [method.cpp:1490] arg 4 with type id 1	n0*=arange.start_out(·,·,·,·)
SKIP	w25:152	client RuntimeError: method->execute() failed with error 0x12 | [tensor_util_portable.cpp:130] Check failed (all_contiguous || all_channels_last): 2 input tensors have different dim orders [op_fft_r2c.cpp:29] Check failed (tensors_have_same_dim_order(in, out)):  [method.cpp:1480] KernelCall failed at instruction 0:0 in operator aten::_fft_r2c.out: 0x12 [method.cpp:1490] arg 0 with type id 1 [method.cpp:1490] arg 1 with type id 8 [method.cpp:1490] arg 2 with type id 4 [method.cpp:1490] arg 3 with type id 5 [method.cpp:1490] arg 4 with type id 1 [method.cpp:1490] arg 5 with type id 1	n0*=_fft_r2c(L0,·,·,·)
SKIP	w25:170	client RuntimeError: method->execute() failed with error 0x12 | [op_add.cpp:118] Check failed ((common_type == a_type && check_alpha_type(utils::get_scalar_dtype(alpha), common_type))):  [method.cpp:1480] KernelCall failed at instruction 0:0 in operator aten::add.Scalar_out: 0x12 [method.cpp:1490] arg 0 with type id 1 [method.cpp:1490] arg 1 with type id 4 [method.cpp:1490] arg 2 with type id 4 [method.cpp:1490] arg 3 with type id 1 [method.cpp:1490] arg 4 with type id 1	n0*=add.Scalar(L0,·,·)
SKIP	w25:195	client RuntimeError: method->execute() failed with error 0x12 | [op_log_softmax.cpp:152] Check failed (false):  [method.cpp:1480] KernelCall failed at instruction 0:0 in operator aten::_log_softmax.out: 0x12 [method.cpp:1490] arg 0 with type id 1 [method.cpp:1490] arg 1 with type id 4 [method.cpp:1490] arg 2 with type id 5 [method.cpp:1490] arg 3 with type id 1 [method.cpp:1490] arg 4 with type id 1	n0*=_log_softmax.out(L0,·,·,·)
MISMATCH	w25:208	out[0] max|delta|=2.000e+00 (rtol=0.0 atol=0.0)	n0*=remainder.Scalar(L0,·)
MISMATCH	w25:215	out[0] max|delta|=9.223e+18 (rtol=0.0 atol=0.0)	n0*=bitwise_left_shift.Tensor_Scalar(L0,·)
SKIP	w25:217	client RuntimeError: method->execute() failed with error 0x12 | [index_util.cpp:156] Check failed (index.scalar_type() == ScalarType::Long): Expected dtype int64 for index; index.scalar_type() = Int [op_scatter_add.cpp:61] Check failed (check_scatter_add_args(self, dim, index, src, out)):  [method.cpp:1480] KernelCall failed at instruction 0:0 in operator aten::scatter_add.out: 0x12 [method.cpp:1490] arg 0 with type id 1 [method.cpp:1490] arg 1 with type id 4 [method.cpp:1490] arg 2 with type id 1 [method.cpp:1490] arg 3 with type id 1 [method.cpp:1490] arg 4 with type id 1 [method.cpp:1490] arg 5 with type id 1	n0*=scatter_add.out(L0,·,L1,L2,·)
SKIP	w25:242	client RuntimeError: method->execute() failed with error 0x12 | [op_arange.cpp:55] Check failed (utils::extract_scalar(start, &d_start)):  [method.cpp:1480] KernelCall failed at instruction 0:0 in operator aten::arange.start_out: 0x12 [method.cpp:1490] arg 0 with type id 5 [method.cpp:1490] arg 1 with type id 5 [method.cpp:1490] arg 2 with type id 5 [method.cpp:1490] arg 3 with type id 1 [method.cpp:1490] arg 4 with type id 1	n0*=arange.start_out(·,·,·,·)
SKIP	w25:248	client RuntimeError: method->execute() failed with error 0x12 | [index_util.cpp:24] Check failed (index.scalar_type() == ScalarType::Long): Expected dtype int64 for index; index.scalar_type() = Int [op_scatter.cpp:140] Check failed (check_scatter_value_args(in, dim, index, value, out)):  [method.cpp:1480] KernelCall failed at instruction 0:0 in operator aten::scatter.value_out: 0x12 [method.cpp:1490] arg 0 with type id 1 [method.cpp:1490] arg 1 with type id 4 [method.cpp:1490] arg 2 with type id 1 [method.cpp:1490] arg 3 with type id 4 [method.cpp:1490] arg 4 with type id 1 [method.cpp:1490] arg 5 with type id 1	n0*=scatter.value_out(L0,·,L1,·,·)
MISMATCH	w25:294	out[0] max|delta|=2.147e+09 (rtol=0.0 atol=0.0)	n0*=bitwise_left_shift.Tensor_out(L0,L1,·)
MISMATCH	w25:30	out[0] max|delta|=2.550e+02 (rtol=0.0 atol=0.0)	n0*=prod.int_out(L0,·,·,·,·)
MISMATCH	w25:31	out[0] non-finite mismatch (nan/inf positions differ)	n0*=grid_sampler_2d(L0,L1,·,·,·)
MISMATCH	w25:327	out[0] non-finite mismatch (nan/inf positions differ)	n0*=gelu.out(L0,·,·)
SKIP	w25:349	client RuntimeError: method->execute() failed with error 0x12 | [normalization_ops_util.cpp:160] Check failed (in.size(0) == N):  [op_native_group_norm.cpp:139] Check failed (check_group_norm_args( input, weight, bias, N, C, HxW, group, out, mean_out, rstd_out)):  [method.cpp:1480] KernelCall failed at instruction 0:0 in operator aten::native_group_norm.out: 0x12 [method.cpp:1490] arg 0 with type id 1 [method.cpp:1490] arg 1 with type id 0 [method.cpp:1490] arg 2 with type id 0 [method.cpp:1490] arg 3 with type id 4 [method.cpp:1490] arg 4 with type id 4 [method.cpp:1490] arg 5 with type id 4 [method.cpp:1490] arg 6 with type id 4 [method.cpp:1490] arg 7 with type id 3 [method.cpp:1490] arg 8 with type id 1 [method.cpp:1490] arg 9 with type id 1 [method.cpp:1490] arg 10 with type id 1 [method.cpp:1490] arg 11 with type id 9	n0*=native_group_norm(L0,·,·,·,·,·,·,·)
MISMATCH	w25:372	out[0] max|delta|=1.110e+00 (rtol=0.01 atol=0.001)	n0*=max_pool2d_with_indices_backward.grad_input(L0,L1,·,·,·,·,·,L2,L3)
SKIP	w25:39	client RuntimeError: method->execute() failed with error 0x12 | [normalization_ops_util.cpp:160] Check failed (in.size(0) == N):  [op_native_group_norm.cpp:139] Check failed (check_group_norm_args( input, weight, bias, N, C, HxW, group, out, mean_out, rstd_out)):  [method.cpp:1480] KernelCall failed at instruction 0:0 in operator aten::native_group_norm.out: 0x12 [method.cpp:1490] arg 0 with type id 1 [method.cpp:1490] arg 1 with type id 0 [method.cpp:1490] arg 2 with type id 0 [method.cpp:1490] arg 3 with type id 4 [method.cpp:1490] arg 4 with type id 4 [method.cpp:1490] arg 5 with type id 4 [method.cpp:1490] arg 6 with type id 4 [method.cpp:1490] arg 7 with type id 3 [method.cpp:1490] arg 8 with type id 1 [method.cpp:1490] arg 9 with type id 1 [method.cpp:1490] arg 10 with type id 1 [method.cpp:1490] arg 11 with type id 9	n0*=native_group_norm(L0,·,·,·,·,·,·,·)
SKIP	w25:78	client RuntimeError: method->execute() failed with error 0x12 | [index_util.cpp:156] Check failed (index.scalar_type() == ScalarType::Long): Expected dtype int64 for index; index.scalar_type() = Int [op_scatter.cpp:113] Check failed (check_scatter_src_args(in, dim, index, src, out)):  [method.cpp:1480] KernelCall failed at instruction 0:0 in operator aten::scatter.src_out: 0x12 [method.cpp:1490] arg 0 with type id 1 [method.cpp:1490] arg 1 with type id 4 [method.cpp:1490] arg 2 with type id 1 [method.cpp:1490] arg 3 with type id 1 [method.cpp:1490] arg 4 with type id 1 [method.cpp:1490] arg 5 with type id 1	n0*=scatter.src_out(L0,·,L1,L2,·)
MISMATCH	w25:99	out[0] non-finite mismatch (nan/inf positions differ)	n0*=gelu.out(L0,·,·)
SKIP	w26:112	client RuntimeError: method->execute() failed with error 0x12 | [kernel_ops_util.cpp:389] Check failed (in.dim() == 3 || in.dim() == 4): Expect input tensor to be 3-D or 4-D, but got, 5. [op_convolution.cpp:363] Check failed (check_convolution_args( in, weight, bias, stride, padding, dilation, transposed, output_padding, groups, out)):  [method.cpp:1480] KernelCall failed at instruction 0:0 in operator aten::convolution.out: 0x12 [method.cpp:1490] arg 0 with type id 1 [method.cpp:1490] arg 1 with type id 1 [method.cpp:1490] arg 2 with type id 0 [method.cpp:1490] arg 3 with type id 8 [method.cpp:1490] arg 4 with type id 8 [method.cpp:1490] arg 5 with type id 8 [method.cpp:1490] arg 6 with type id 5 [method.cpp:1490] arg 7 with type id 8 [method.cpp:1490] arg 8 with type id 4 [method.cpp:1490] arg 9 with type id 1 [method.cpp:1490] arg 10 with type id 1	n0*=convolution(L0,L1,·,·,·,·,·,·,·)
SKIP	w26:117	client RuntimeError: method->execute() failed with error 0x12 | [normalization_ops_util.cpp:160] Check failed (in.size(0) == N):  [op_native_group_norm.cpp:139] Check failed (check_group_norm_args( input, weight, bias, N, C, HxW, group, out, mean_out, rstd_out)):  [method.cpp:1480] KernelCall failed at instruction 0:0 in operator aten::native_group_norm.out: 0x12 [method.cpp:1490] arg 0 with type id 1 [method.cpp:1490] arg 1 with type id 0 [method.cpp:1490] arg 2 with type id 0 [method.cpp:1490] arg 3 with type id 4 [method.cpp:1490] arg 4 with type id 4 [method.cpp:1490] arg 5 with type id 4 [method.cpp:1490] arg 6 with type id 4 [method.cpp:1490] arg 7 with type id 3 [method.cpp:1490] arg 8 with type id 1 [method.cpp:1490] arg 9 with type id 1 [method.cpp:1490] arg 10 with type id 1 [method.cpp:1490] arg 11 with type id 9	n0*=native_group_norm(L0,·,·,·,·,·,·,·)
MISMATCH	w26:141	out[0] max|delta|=2.882e+17 (rtol=0.01 atol=0.001)	n0*=bitwise_left_shift.Tensor_Scalar_out(L0,·,·)
MISMATCH	w26:144	out[0] max|delta|=9.223e+18 (rtol=0.0 atol=0.0)	n0*=bitwise_left_shift.Tensor_out(L0,L1,·)
SKIP	w26:163	client RuntimeError: method->execute() failed with error 0x12 | [op_copy.cpp:33] Check failed (non_blocking == false):  [method.cpp:1480] KernelCall failed at instruction 0:0 in operator aten::copy.out: 0x12 [method.cpp:1490] arg 0 with type id 1 [method.cpp:1490] arg 1 with type id 1 [method.cpp:1490] arg 2 with type id 5 [method.cpp:1490] arg 3 with type id 1 [method.cpp:1490] arg 4 with type id 1	n0*=copy(L0,L1,·)
MISMATCH	w26:177	out[0] non-finite mismatch (nan/inf positions differ)	n0*=gelu.out(L0,·,·)
SKIP	w26:2	client RuntimeError: method->execute() failed with error 0x12 | [tensor_util_portable.cpp:130] Check failed (all_contiguous || all_channels_last): 2 input tensors have different dim orders [op_fft_r2c.cpp:29] Check failed (tensors_have_same_dim_order(in, out)):  [method.cpp:1480] KernelCall failed at instruction 0:0 in operator aten::_fft_r2c.out: 0x12 [method.cpp:1490] arg 0 with type id 1 [method.cpp:1490] arg 1 with type id 8 [method.cpp:1490] arg 2 with type id 4 [method.cpp:1490] arg 3 with type id 5 [method.cpp:1490] arg 4 with type id 1 [method.cpp:1490] arg 5 with type id 1	n0*=_fft_r2c(L0,·,·,·)
SKIP	w26:202	client RuntimeError: method->execute() failed with error 0x12 | [tensor_util.h:617] Check failed (static_cast<size_t>(t.dim()) == rank): Expected tensor.dim() to be 2, but got 3 [distance_util.cpp:16] Check failed (tensor_is_rank(in, 2)):  [op_pdist_forward.cpp:25] Check failed (check_pdist_args(in, p, out)):  [method.cpp:1480] KernelCall failed at instruction 0:0 in operator aten::_pdist_forward.out: 0x12 [method.cpp:1490] arg 0 with type id 1 [method.cpp:1490] arg 1 with type id 3 [method.cpp:1490] arg 2 with type id 1 [method.cpp:1490] arg 3 with type id 1	n0*=_pdist_forward(L0,·)
SKIP	w26:230	client RuntimeError: method->execute() failed with error 0x12 | [op_fft_r2c.cpp:32] Check failed (onesided): onesided=False is not supported yet in _fft_r2c [method.cpp:1480] KernelCall failed at instruction 0:0 in operator aten::_fft_r2c.out: 0x12 [method.cpp:1490] arg 0 with type id 1 [method.cpp:1490] arg 1 with type id 8 [method.cpp:1490] arg 2 with type id 4 [method.cpp:1490] arg 3 with type id 5 [method.cpp:1490] arg 4 with type id 1 [method.cpp:1490] arg 5 with type id 1	n0*=_fft_r2c(L0,·,·,·)
SKIP	w26:259	client RuntimeError: method->execute() failed with error 0x12 | [op_permute_copy.cpp:70] Unhandled dtype Float8_e4m3fn for permute_copy.out [method.cpp:1480] KernelCall failed at instruction 0:0 in operator aten::permute_copy.out: 0x12 [method.cpp:1490] arg 0 with type id 1 [method.cpp:1490] arg 1 with type id 8 [method.cpp:1490] arg 2 with type id 1 [method.cpp:1490] arg 3 with type id 1	n0*=linear.out(L0,L1,·,·)
MISMATCH	w26:293	out[0] max|delta|=1.441e+17 (rtol=0.0 atol=0.0)	n0*=bitwise_left_shift.Tensor_Scalar(L0,·)
SKIP	w26:295	client RuntimeError: method->execute() failed with error 0x12 | [index_util.cpp:156] Check failed (index.scalar_type() == ScalarType::Long): Expected dtype int64 for index; index.scalar_type() = Int [op_scatter_add.cpp:61] Check failed (check_scatter_add_args(self, dim, index, src, out)):  [method.cpp:1480] KernelCall failed at instruction 0:0 in operator aten::scatter_add.out: 0x12 [method.cpp:1490] arg 0 with type id 1 [method.cpp:1490] arg 1 with type id 4 [method.cpp:1490] arg 2 with type id 1 [method.cpp:1490] arg 3 with type id 1 [method.cpp:1490] arg 4 with type id 1 [method.cpp:1490] arg 5 with type id 1	n0*=scatter_add.out(L0,·,L1,L2,·)
SKIP	w26:320	client RuntimeError: method->execute() failed with error 0x12 | [op_arange.cpp:59] Check failed (utils::extract_scalar(end, &d_end)):  [method.cpp:1480] KernelCall failed at instruction 0:0 in operator aten::arange.start_out: 0x12 [method.cpp:1490] arg 0 with type id 4 [method.cpp:1490] arg 1 with type id 5 [method.cpp:1490] arg 2 with type id 5 [method.cpp:1490] arg 3 with type id 1 [method.cpp:1490] arg 4 with type id 1	n0*=arange.start_out(·,·,·,·)
SKIP	w26:345	client RuntimeError: method->execute() failed with error 0x12 | [normalization_ops_util.cpp:160] Check failed (in.size(0) == N):  [op_native_group_norm.cpp:139] Check failed (check_group_norm_args( input, weight, bias, N, C, HxW, group, out, mean_out, rstd_out)):  [method.cpp:1480] KernelCall failed at instruction 0:0 in operator aten::native_group_norm.out: 0x12 [method.cpp:1490] arg 0 with type id 1 [method.cpp:1490] arg 1 with type id 0 [method.cpp:1490] arg 2 with type id 0 [method.cpp:1490] arg 3 with type id 4 [method.cpp:1490] arg 4 with type id 4 [method.cpp:1490] arg 5 with type id 4 [method.cpp:1490] arg 6 with type id 4 [method.cpp:1490] arg 7 with type id 3 [method.cpp:1490] arg 8 with type id 1 [method.cpp:1490] arg 9 with type id 1 [method.cpp:1490] arg 10 with type id 1 [method.cpp:1490] arg 11 with type id 9	n0*=native_group_norm(L0,·,·,·,·,·,·,·)
MISMATCH	w26:372	out[0] max|delta|=1.611e+09 (rtol=0.0 atol=0.0)	n0*=bitwise_left_shift.Tensor_out(L0,L1,·)
SKIP	w26:384	client RuntimeError: method->execute() failed with error 0x12 | [index_util.cpp:156] Check failed (index.scalar_type() == ScalarType::Long): Expected dtype int64 for index; index.scalar_type() = Int [op_scatter.cpp:113] Check failed (check_scatter_src_args(in, dim, index, src, out)):  [method.cpp:1480] KernelCall failed at instruction 0:0 in operator aten::scatter.src_out: 0x12 [method.cpp:1490] arg 0 with type id 1 [method.cpp:1490] arg 1 with type id 4 [method.cpp:1490] arg 2 with type id 1 [method.cpp:1490] arg 3 with type id 1 [method.cpp:1490] arg 4 with type id 1 [method.cpp:1490] arg 5 with type id 1	n0*=scatter.src_out(L0,·,L1,L2,·)
SKIP	w26:391	client RuntimeError: method->execute() failed with error 0x12 | [op_copy.cpp:33] Check failed (non_blocking == false):  [method.cpp:1480] KernelCall failed at instruction 0:0 in operator aten::copy.out: 0x12 [method.cpp:1490] arg 0 with type id 1 [method.cpp:1490] arg 1 with type id 1 [method.cpp:1490] arg 2 with type id 5 [method.cpp:1490] arg 3 with type id 1 [method.cpp:1490] arg 4 with type id 1	n0*=copy(L0,L1,·)
MISMATCH	w26:405	out[0] non-finite mismatch (nan/inf positions differ)	n0*=gelu.out(L0,·,·)
SKIP	w26:427	client RuntimeError: method->execute() failed with error 0x12 | [normalization_ops_util.cpp:160] Check failed (in.size(0) == N):  [op_native_group_norm.cpp:139] Check failed (check_group_norm_args( input, weight, bias, N, C, HxW, group, out, mean_out, rstd_out)):  [method.cpp:1480] KernelCall failed at instruction 0:0 in operator aten::native_group_norm.out: 0x12 [method.cpp:1490] arg 0 with type id 1 [method.cpp:1490] arg 1 with type id 0 [method.cpp:1490] arg 2 with type id 0 [method.cpp:1490] arg 3 with type id 4 [method.cpp:1490] arg 4 with type id 4 [method.cpp:1490] arg 5 with type id 4 [method.cpp:1490] arg 6 with type id 4 [method.cpp:1490] arg 7 with type id 3 [method.cpp:1490] arg 8 with type id 1 [method.cpp:1490] arg 9 with type id 1 [method.cpp:1490] arg 10 with type id 1 [method.cpp:1490] arg 11 with type id 9	n0*=native_group_norm(L0,·,·,·,·,·,·,·)
SKIP	w26:430	client RuntimeError: method->execute() failed with error 0x12 | [tensor_util.h:617] Check failed (static_cast<size_t>(t.dim()) == rank): Expected tensor.dim() to be 2, but got 1 [distance_util.cpp:16] Check failed (tensor_is_rank(in, 2)):  [op_pdist_forward.cpp:25] Check failed (check_pdist_args(in, p, out)):  [method.cpp:1480] KernelCall failed at instruction 0:0 in operator aten::_pdist_forward.out: 0x12 [method.cpp:1490] arg 0 with type id 1 [method.cpp:1490] arg 1 with type id 3 [method.cpp:1490] arg 2 with type id 1 [method.cpp:1490] arg 3 with type id 1	n0*=_pdist_forward(L0,·)
SKIP	w26:458	client RuntimeError: method->execute() failed with error 0x12 | [tensor_util_portable.cpp:130] Check failed (all_contiguous || all_channels_last): 2 input tensors have different dim orders [op_fft_r2c.cpp:29] Check failed (tensors_have_same_dim_order(in, out)):  [method.cpp:1480] KernelCall failed at instruction 0:0 in operator aten::_fft_r2c.out: 0x12 [method.cpp:1490] arg 0 with type id 1 [method.cpp:1490] arg 1 with type id 8 [method.cpp:1490] arg 2 with type id 4 [method.cpp:1490] arg 3 with type id 5 [method.cpp:1490] arg 4 with type id 1 [method.cpp:1490] arg 5 with type id 1	n0*=_fft_r2c(L0,·,·,·)
SKIP	w26:501	client RuntimeError: method->execute() failed with error 0x12 | [op_log_softmax.cpp:152] Check failed (false):  [method.cpp:1480] KernelCall failed at instruction 0:0 in operator aten::_log_softmax.out: 0x12 [method.cpp:1490] arg 0 with type id 1 [method.cpp:1490] arg 1 with type id 4 [method.cpp:1490] arg 2 with type id 5 [method.cpp:1490] arg 3 with type id 1 [method.cpp:1490] arg 4 with type id 1	n0*=_log_softmax.out(L0,·,·,·)
MISMATCH	w26:514	out[0] max|delta|=5.000e+00 (rtol=0.0 atol=0.0)	n0*=remainder.Scalar(L0,·)
MISMATCH	w26:521	out[0] max|delta|=1.441e+17 (rtol=0.0 atol=0.0)	n0*=bitwise_left_shift.Tensor_Scalar(L0,·)
SKIP	w26:548	client RuntimeError: method->execute() failed with error 0x12 | [op_arange.cpp:55] Check failed (utils::extract_scalar(start, &d_start)):  [method.cpp:1480] KernelCall failed at instruction 0:0 in operator aten::arange.start_out: 0x12 [method.cpp:1490] arg 0 with type id 5 [method.cpp:1490] arg 1 with type id 5 [method.cpp:1490] arg 2 with type id 4 [method.cpp:1490] arg 3 with type id 1 [method.cpp:1490] arg 4 with type id 1	n0*=arange.start_out(·,·,·,·)
MISMATCH	w26:565	out[0] non-finite mismatch (nan/inf positions differ)	n0*=grid_sampler_2d(L0,L1,·,·,·)
MISMATCH	w26:58	out[0] max|delta|=3.000e+00 (rtol=0.0 atol=0.0)	n0*=remainder.Scalar(L0,·)
SKIP	w26:67	client RuntimeError: method->execute() failed with error 0x12 | [index_util.cpp:156] Check failed (index.scalar_type() == ScalarType::Long): Expected dtype int64 for index; index.scalar_type() = Int [op_scatter_add.cpp:61] Check failed (check_scatter_add_args(self, dim, index, src, out)):  [method.cpp:1480] KernelCall failed at instruction 0:0 in operator aten::scatter_add.out: 0x12 [method.cpp:1490] arg 0 with type id 1 [method.cpp:1490] arg 1 with type id 4 [method.cpp:1490] arg 2 with type id 1 [method.cpp:1490] arg 3 with type id 1 [method.cpp:1490] arg 4 with type id 1 [method.cpp:1490] arg 5 with type id 1	n0*=scatter_add.out(L0,·,L1,L2,·)
MISMATCH	w26:87	out[0] max|delta|=7.000e+00 (rtol=0.0 atol=0.0)	n0*=remainder.Scalar_out(L0,·,·)
SKIP	w26:92	client RuntimeError: method->execute() failed with error 0x12 | [op_arange.cpp:55] Check failed (utils::extract_scalar(start, &d_start)):  [method.cpp:1480] KernelCall failed at instruction 0:0 in operator aten::arange.start_out: 0x12 [method.cpp:1490] arg 0 with type id 5 [method.cpp:1490] arg 1 with type id 5 [method.cpp:1490] arg 2 with type id 5 [method.cpp:1490] arg 3 with type id 1 [method.cpp:1490] arg 4 with type id 1	n0*=arange.start_out(·,·,·,·)
SKIP	w26:99	client RuntimeError: method->execute() failed with error 0x12 | [op_sub.cpp:144] Check failed (utils::extract_scalar(alpha, &alpha_val)):  [method.cpp:1480] KernelCall failed at instruction 0:0 in operator aten::sub.Scalar_out: 0x12 [method.cpp:1490] arg 0 with type id 1 [method.cpp:1490] arg 1 with type id 4 [method.cpp:1490] arg 2 with type id 4 [method.cpp:1490] arg 3 with type id 1 [method.cpp:1490] arg 4 with type id 1	n0*=sub.Scalar(L0,·,·)
SKIP	w27:120	client RuntimeError: method->execute() failed with error 0x12 | [op_fft_r2c.cpp:32] Check failed (onesided): onesided=False is not supported yet in _fft_r2c [method.cpp:1480] KernelCall failed at instruction 0:0 in operator aten::_fft_r2c.out: 0x12 [method.cpp:1490] arg 0 with type id 1 [method.cpp:1490] arg 1 with type id 8 [method.cpp:1490] arg 2 with type id 4 [method.cpp:1490] arg 3 with type id 5 [method.cpp:1490] arg 4 with type id 1 [method.cpp:1490] arg 5 with type id 1	n0*=_fft_r2c(L0,·,·,·)
MISMATCH	w27:163	out[0] non-finite mismatch (nan/inf positions differ)	n0*=_log_softmax.out(L0,·,·,·)
MISMATCH	w27:166	out[0] non-finite mismatch (nan/inf positions differ)	n0*=addmm.out(L0,L1,L2,·,·,·)
SKIP	w27:185	client RuntimeError: method->execute() failed with error 0x12 | [index_util.cpp:156] Check failed (index.scalar_type() == ScalarType::Long): Expected dtype int64 for index; index.scalar_type() = Int [op_scatter_add.cpp:61] Check failed (check_scatter_add_args(self, dim, index, src, out)):  [method.cpp:1480] KernelCall failed at instruction 0:0 in operator aten::scatter_add.out: 0x12 [method.cpp:1490] arg 0 with type id 1 [method.cpp:1490] arg 1 with type id 4 [method.cpp:1490] arg 2 with type id 1 [method.cpp:1490] arg 3 with type id 1 [method.cpp:1490] arg 4 with type id 1 [method.cpp:1490] arg 5 with type id 1	n0*=scatter_add.out(L0,·,L1,L2,·)
SKIP	w27:210	client RuntimeError: method->execute() failed with error 0x12 | [op_arange.cpp:55] Check failed (utils::extract_scalar(start, &d_start)):  [method.cpp:1480] KernelCall failed at instruction 0:0 in operator aten::arange.start_out: 0x12 [method.cpp:1490] arg 0 with type id 5 [method.cpp:1490] arg 1 with type id 5 [method.cpp:1490] arg 2 with type id 4 [method.cpp:1490] arg 3 with type id 1 [method.cpp:1490] arg 4 with type id 1	n0*=arange.start_out(·,·,·,·)
SKIP	w27:235	client RuntimeError: method->execute() failed with error 0x12 | [normalization_ops_util.cpp:160] Check failed (in.size(0) == N):  [op_native_group_norm.cpp:139] Check failed (check_group_norm_args( input, weight, bias, N, C, HxW, group, out, mean_out, rstd_out)):  [method.cpp:1480] KernelCall failed at instruction 0:0 in operator aten::native_group_norm.out: 0x12 [method.cpp:1490] arg 0 with type id 1 [method.cpp:1490] arg 1 with type id 0 [method.cpp:1490] arg 2 with type id 0 [method.cpp:1490] arg 3 with type id 4 [method.cpp:1490] arg 4 with type id 4 [method.cpp:1490] arg 5 with type id 4 [method.cpp:1490] arg 6 with type id 4 [method.cpp:1490] arg 7 with type id 3 [method.cpp:1490] arg 8 with type id 1 [method.cpp:1490] arg 9 with type id 1 [method.cpp:1490] arg 10 with type id 1 [method.cpp:1490] arg 11 with type id 9	n0*=native_group_norm(L0,·,·,·,·,·,·,·)
MISMATCH	w27:262	out[0] max|delta|=6.918e+18 (rtol=0.01 atol=0.001)	n0*=bitwise_left_shift.Tensor_out(L0,L1,·)
SKIP	w27:281	client RuntimeError: method->execute() failed with error 0x12 | [op_copy.cpp:33] Check failed (non_blocking == false):  [method.cpp:1480] KernelCall failed at instruction 0:0 in operator aten::copy.out: 0x12 [method.cpp:1490] arg 0 with type id 1 [method.cpp:1490] arg 1 with type id 1 [method.cpp:1490] arg 2 with type id 5 [method.cpp:1490] arg 3 with type id 1 [method.cpp:1490] arg 4 with type id 1	n0*=copy(L0,L1,·)
MISMATCH	w27:295	out[0] non-finite mismatch (nan/inf positions differ)	n0*=gelu.out(L0,·,·)
MISMATCH	w27:31	out[0] max|delta|=9.223e+18 (rtol=0.0 atol=0.0)	n0*=bitwise_left_shift.Tensor_Scalar_out(L0,·,·)
SKIP	w27:317	client RuntimeError: method->execute() failed with error 0x12 | [normalization_ops_util.cpp:160] Check failed (in.size(0) == N):  [op_native_group_norm.cpp:139] Check failed (check_group_norm_args( input, weight, bias, N, C, HxW, group, out, mean_out, rstd_out)):  [method.cpp:1480] KernelCall failed at instruction 0:0 in operator aten::native_group_norm.out: 0x12 [method.cpp:1490] arg 0 with type id 1 [method.cpp:1490] arg 1 with type id 0 [method.cpp:1490] arg 2 with type id 0 [method.cpp:1490] arg 3 with type id 4 [method.cpp:1490] arg 4 with type id 4 [method.cpp:1490] arg 5 with type id 4 [method.cpp:1490] arg 6 with type id 4 [method.cpp:1490] arg 7 with type id 3 [method.cpp:1490] arg 8 with type id 1 [method.cpp:1490] arg 9 with type id 1 [method.cpp:1490] arg 10 with type id 1 [method.cpp:1490] arg 11 with type id 9	n0*=native_group_norm(L0,·,·,·,·,·,·,·)
SKIP	w27:320	client RuntimeError: method->execute() failed with error 0x12 | [tensor_util.h:617] Check failed (static_cast<size_t>(t.dim()) == rank): Expected tensor.dim() to be 2, but got 4 [distance_util.cpp:16] Check failed (tensor_is_rank(in, 2)):  [op_pdist_forward.cpp:25] Check failed (check_pdist_args(in, p, out)):  [method.cpp:1480] KernelCall failed at instruction 0:0 in operator aten::_pdist_forward.out: 0x12 [method.cpp:1490] arg 0 with type id 1 [method.cpp:1490] arg 1 with type id 3 [method.cpp:1490] arg 2 with type id 1 [method.cpp:1490] arg 3 with type id 1	n0*=_pdist_forward(L0,·)
MISMATCH	w27:34	out[0] non-finite mismatch (nan/inf positions differ)	n0*=bitwise_left_shift.Tensor_out(L0,L1,·)
SKIP	w27:348	client RuntimeError: method->execute() failed with error 0x12 | [tensor_util_portable.cpp:130] Check failed (all_contiguous || all_channels_last): 2 input tensors have different dim orders [op_fft_r2c.cpp:29] Check failed (tensors_have_same_dim_order(in, out)):  [method.cpp:1480] KernelCall failed at instruction 0:0 in operator aten::_fft_r2c.out: 0x12 [method.cpp:1490] arg 0 with type id 1 [method.cpp:1490] arg 1 with type id 8 [method.cpp:1490] arg 2 with type id 4 [method.cpp:1490] arg 3 with type id 5 [method.cpp:1490] arg 4 with type id 1 [method.cpp:1490] arg 5 with type id 1	n0*=_fft_r2c(L0,·,·,·)
SKIP	w27:366	client RuntimeError: method->execute() failed with error 0x12 | [op_add.cpp:118] Check failed ((common_type == a_type && check_alpha_type(utils::get_scalar_dtype(alpha), common_type))):  [method.cpp:1480] KernelCall failed at instruction 0:0 in operator aten::add.Scalar_out: 0x12 [method.cpp:1490] arg 0 with type id 1 [method.cpp:1490] arg 1 with type id 4 [method.cpp:1490] arg 2 with type id 4 [method.cpp:1490] arg 3 with type id 1 [method.cpp:1490] arg 4 with type id 1	n0*=add.Scalar(L0,·,·)
CRASH	w20:255	executor died (native abort)	n0*=max_pool2d_with_indices_backward.grad_input(L0,L1,·,·,·,·,·,L2,L3)
MISMATCH	w27:391	out[0] non-finite mismatch (nan/inf positions differ)	n0*=_log_softmax.out(L0,·,·,·)
MISMATCH	w27:404	out[0] max|delta|=2.000e+00 (rtol=0.0 atol=0.0)	n0*=remainder.Scalar(L0,·)
SKIP	w27:413	client RuntimeError: method->execute() failed with error 0x12 | [index_util.cpp:156] Check failed (index.scalar_type() == ScalarType::Long): Expected dtype int64 for index; index.scalar_type() = Int [op_scatter_add.cpp:61] Check failed (check_scatter_add_args(self, dim, index, src, out)):  [method.cpp:1480] KernelCall failed at instruction 0:0 in operator aten::scatter_add.out: 0x12 [method.cpp:1490] arg 0 with type id 1 [method.cpp:1490] arg 1 with type id 4 [method.cpp:1490] arg 2 with type id 1 [method.cpp:1490] arg 3 with type id 1 [method.cpp:1490] arg 4 with type id 1 [method.cpp:1490] arg 5 with type id 1	n0*=scatter_add.out(L0,·,L1,L2,·)
SKIP	w27:419	client RuntimeError: method->execute() failed with error 0x12 | [copy_ops_util.cpp:165] Check failed (implicit == false): This operator is not implemented for when implicit == true. [op_expand_copy.cpp:63] Check failed (check_expand_copy_args(self, expand_sizes, implicit, out)):  [method.cpp:1480] KernelCall failed at instruction 0:0 in operator aten::expand_copy.out: 0x12 [method.cpp:1490] arg 0 with type id 1 [method.cpp:1490] arg 1 with type id 8 [method.cpp:1490] arg 2 with type id 5 [method.cpp:1490] arg 3 with type id 1 [method.cpp:1490] arg 4 with type id 1	n0*=expand_copy(L0,·,·)
MISMATCH	w27:433	out[0] max|delta|=8.000e+00 (rtol=0.0 atol=0.0)	n0*=remainder.Scalar_out(L0,·,·)
SKIP	w27:438	client RuntimeError: method->execute() failed with error 0x12 | [op_arange.cpp:55] Check failed (utils::extract_scalar(start, &d_start)):  [method.cpp:1480] KernelCall failed at instruction 0:0 in operator aten::arange.start_out: 0x12 [method.cpp:1490] arg 0 with type id 5 [method.cpp:1490] arg 1 with type id 5 [method.cpp:1490] arg 2 with type id 5 [method.cpp:1490] arg 3 with type id 1 [method.cpp:1490] arg 4 with type id 1	n0*=arange.start_out(·,·,·,·)
MISMATCH	w27:455	out[0] non-finite mismatch (nan/inf positions differ)	n0*=grid_sampler_2d(L0,L1,·,·,·)
SKIP	w27:458	client RuntimeError: method->execute() failed with error 0x12 | [kernel_ops_util.cpp:389] Check failed (in.dim() == 3 || in.dim() == 4): Expect input tensor to be 3-D or 4-D, but got, 5. [op_convolution.cpp:363] Check failed (check_convolution_args( in, weight, bias, stride, padding, dilation, transposed, output_padding, groups, out)):  [method.cpp:1480] KernelCall failed at instruction 0:0 in operator aten::convolution.out: 0x12 [method.cpp:1490] arg 0 with type id 1 [method.cpp:1490] arg 1 with type id 1 [method.cpp:1490] arg 2 with type id 0 [method.cpp:1490] arg 3 with type id 8 [method.cpp:1490] arg 4 with type id 8 [method.cpp:1490] arg 5 with type id 8 [method.cpp:1490] arg 6 with type id 5 [method.cpp:1490] arg 7 with type id 8 [method.cpp:1490] arg 8 with type id 4 [method.cpp:1490] arg 9 with type id 1 [method.cpp:1490] arg 10 with type id 1	n0*=convolution(L0,L1,·,·,·,·,·,·,·)
SKIP	w27:463	client RuntimeError: method->execute() failed with error 0x12 | [normalization_ops_util.cpp:160] Check failed (in.size(0) == N):  [op_native_group_norm.cpp:139] Check failed (check_group_norm_args( input, weight, bias, N, C, HxW, group, out, mean_out, rstd_out)):  [method.cpp:1480] KernelCall failed at instruction 0:0 in operator aten::native_group_norm.out: 0x12 [method.cpp:1490] arg 0 with type id 1 [method.cpp:1490] arg 1 with type id 0 [method.cpp:1490] arg 2 with type id 0 [method.cpp:1490] arg 3 with type id 4 [method.cpp:1490] arg 4 with type id 4 [method.cpp:1490] arg 5 with type id 4 [method.cpp:1490] arg 6 with type id 4 [method.cpp:1490] arg 7 with type id 3 [method.cpp:1490] arg 8 with type id 1 [method.cpp:1490] arg 9 with type id 1 [method.cpp:1490] arg 10 with type id 1 [method.cpp:1490] arg 11 with type id 9	n0*=native_group_norm(L0,·,·,·,·,·,·,·)
MISMATCH	w27:487	out[0] non-finite mismatch (nan/inf positions differ)	n0*=bitwise_left_shift.Tensor_Scalar_out(L0,·,·)
MISMATCH	w27:490	out[0] non-finite mismatch (nan/inf positions differ)	n0*=bitwise_left_shift.Tensor_out(L0,L1,·)
SKIP	w27:502	client RuntimeError: method->execute() failed with error 0x12 | [index_util.cpp:156] Check failed (index.scalar_type() == ScalarType::Long): Expected dtype int64 for index; index.scalar_type() = Int [op_scatter.cpp:113] Check failed (check_scatter_src_args(in, dim, index, src, out)):  [method.cpp:1480] KernelCall failed at instruction 0:0 in operator aten::scatter.src_out: 0x12 [method.cpp:1490] arg 0 with type id 1 [method.cpp:1490] arg 1 with type id 4 [method.cpp:1490] arg 2 with type id 1 [method.cpp:1490] arg 3 with type id 1 [method.cpp:1490] arg 4 with type id 1 [method.cpp:1490] arg 5 with type id 1	n0*=scatter.src_out(L0,·,L1,L2,·)
SKIP	w27:509	client RuntimeError: method->execute() failed with error 0x12 | [op_copy.cpp:33] Check failed (non_blocking == false):  [method.cpp:1480] KernelCall failed at instruction 0:0 in operator aten::copy.out: 0x12 [method.cpp:1490] arg 0 with type id 1 [method.cpp:1490] arg 1 with type id 1 [method.cpp:1490] arg 2 with type id 5 [method.cpp:1490] arg 3 with type id 1 [method.cpp:1490] arg 4 with type id 1	n0*=copy(L0,L1,·)
MISMATCH	w27:67	out[0] non-finite mismatch (nan/inf positions differ)	n0*=gelu.out(L0,·,·)
SKIP	w27:7	client RuntimeError: method->execute() failed with error 0x12 | [normalization_ops_util.cpp:160] Check failed (in.size(0) == N):  [op_native_group_norm.cpp:139] Check failed (check_group_norm_args( input, weight, bias, N, C, HxW, group, out, mean_out, rstd_out)):  [method.cpp:1480] KernelCall failed at instruction 0:0 in operator aten::native_group_norm.out: 0x12 [method.cpp:1490] arg 0 with type id 1 [method.cpp:1490] arg 1 with type id 0 [method.cpp:1490] arg 2 with type id 0 [method.cpp:1490] arg 3 with type id 4 [method.cpp:1490] arg 4 with type id 4 [method.cpp:1490] arg 5 with type id 4 [method.cpp:1490] arg 6 with type id 4 [method.cpp:1490] arg 7 with type id 3 [method.cpp:1490] arg 8 with type id 1 [method.cpp:1490] arg 9 with type id 1 [method.cpp:1490] arg 10 with type id 1 [method.cpp:1490] arg 11 with type id 9	n0*=native_group_norm(L0,·,·,·,·,·,·,·)
MISMATCH	w27:81	out[0] max|delta|=3.000e+00 (rtol=0.0 atol=0.0)	n0*=fmod.Scalar(L0,·)
MISMATCH	w27:89	out[0] non-finite mismatch (nan/inf positions differ)	n0*=native_group_norm(L0,·,·,·,·,·,·,·)
SKIP	w27:92	client RuntimeError: method->execute() failed with error 0x12 | [op_pdist_forward.cpp:45] Unhandled dtype Long for _pdist_forward.out [method.cpp:1480] KernelCall failed at instruction 0:0 in operator aten::_pdist_forward.out: 0x12 [method.cpp:1490] arg 0 with type id 1 [method.cpp:1490] arg 1 with type id 3 [method.cpp:1490] arg 2 with type id 1 [method.cpp:1490] arg 3 with type id 1	n0*=_pdist_forward(L0,·)
SKIP	w28:102	client RuntimeError: method->execute() failed with error 0x12 | [op_sub.cpp:144] Check failed (utils::extract_scalar(alpha, &alpha_val)):  [method.cpp:1480] KernelCall failed at instruction 0:0 in operator aten::sub.Scalar_out: 0x12 [method.cpp:1490] arg 0 with type id 1 [method.cpp:1490] arg 1 with type id 4 [method.cpp:1490] arg 2 with type id 4 [method.cpp:1490] arg 3 with type id 1 [method.cpp:1490] arg 4 with type id 1	n0*=sub.Scalar(L0,·,·)
MISMATCH	w28:112	out[0] non-finite mismatch (nan/inf positions differ)	n0*=grid_sampler_2d(L0,L1,·,·,·)
MISMATCH	w28:120	out[0] non-finite mismatch (nan/inf positions differ)	n0*=native_group_norm(L0,·,·,·,·,·,·,·)
MISMATCH	w28:144	out[0] max|delta|=2.882e+17 (rtol=0.01 atol=0.001)	n0*=bitwise_left_shift.Tensor_Scalar_out(L0,·,·)
MISMATCH	w28:180	out[0] non-finite mismatch (nan/inf positions differ)	n0*=gelu.out(L0,·,·)
SKIP	w28:202	client RuntimeError: method->execute() failed with error 0x12 | [normalization_ops_util.cpp:160] Check failed (in.size(0) == N):  [op_native_group_norm.cpp:139] Check failed (check_group_norm_args( input, weight, bias, N, C, HxW, group, out, mean_out, rstd_out)):  [method.cpp:1480] KernelCall failed at instruction 0:0 in operator aten::native_group_norm.out: 0x12 [method.cpp:1490] arg 0 with type id 1 [method.cpp:1490] arg 1 with type id 0 [method.cpp:1490] arg 2 with type id 0 [method.cpp:1490] arg 3 with type id 4 [method.cpp:1490] arg 4 with type id 4 [method.cpp:1490] arg 5 with type id 4 [method.cpp:1490] arg 6 with type id 4 [method.cpp:1490] arg 7 with type id 3 [method.cpp:1490] arg 8 with type id 1 [method.cpp:1490] arg 9 with type id 1 [method.cpp:1490] arg 10 with type id 1 [method.cpp:1490] arg 11 with type id 9	n0*=native_group_norm(L0,·,·,·,·,·,·,·)
SKIP	w28:205	client RuntimeError: method->execute() failed with error 0x12 | [tensor_util.h:617] Check failed (static_cast<size_t>(t.dim()) == rank): Expected tensor.dim() to be 2, but got 3 [distance_util.cpp:16] Check failed (tensor_is_rank(in, 2)):  [op_pdist_forward.cpp:25] Check failed (check_pdist_args(in, p, out)):  [method.cpp:1480] KernelCall failed at instruction 0:0 in operator aten::_pdist_forward.out: 0x12 [method.cpp:1490] arg 0 with type id 1 [method.cpp:1490] arg 1 with type id 3 [method.cpp:1490] arg 2 with type id 1 [method.cpp:1490] arg 3 with type id 1	n0*=_pdist_forward(L0,·)
SKIP	w28:233	client RuntimeError: method->execute() failed with error 0x12 | [tensor_util_portable.cpp:130] Check failed (all_contiguous || all_channels_last): 2 input tensors have different dim orders [op_fft_r2c.cpp:29] Check failed (tensors_have_same_dim_order(in, out)):  [method.cpp:1480] KernelCall failed at instruction 0:0 in operator aten::_fft_r2c.out: 0x12 [method.cpp:1490] arg 0 with type id 1 [method.cpp:1490] arg 1 with type id 8 [method.cpp:1490] arg 2 with type id 4 [method.cpp:1490] arg 3 with type id 5 [method.cpp:1490] arg 4 with type id 1 [method.cpp:1490] arg 5 with type id 1	n0*=_fft_r2c(L0,·,·,·)
MISMATCH	w28:276	out[0] non-finite mismatch (nan/inf positions differ)	n0*=_log_softmax.out(L0,·,·,·)
SKIP	w28:304	client RuntimeError: method->execute() failed with error 0x12 | [copy_ops_util.cpp:165] Check failed (implicit == false): This operator is not implemented for when implicit == true. [op_expand_copy.cpp:63] Check failed (check_expand_copy_args(self, expand_sizes, implicit, out)):  [method.cpp:1480] KernelCall failed at instruction 0:0 in operator aten::expand_copy.out: 0x12 [method.cpp:1490] arg 0 with type id 1 [method.cpp:1490] arg 1 with type id 8 [method.cpp:1490] arg 2 with type id 5 [method.cpp:1490] arg 3 with type id 1 [method.cpp:1490] arg 4 with type id 1	n0*=expand_copy(L0,·,·)
SKIP	w28:323	client RuntimeError: method->execute() failed with error 0x12 | [op_arange.cpp:55] Check failed (utils::extract_scalar(start, &d_start)):  [method.cpp:1480] KernelCall failed at instruction 0:0 in operator aten::arange.start_out: 0x12 [method.cpp:1490] arg 0 with type id 5 [method.cpp:1490] arg 1 with type id 5 [method.cpp:1490] arg 2 with type id 5 [method.cpp:1490] arg 3 with type id 1 [method.cpp:1490] arg 4 with type id 1	n0*=arange.start_out(·,·,·,·)
MISMATCH	w28:348	out[0] non-finite mismatch (nan/inf positions differ)	n0*=native_group_norm(L0,·,·,·,·,·,·,·)
MISMATCH	w28:372	out[0] max|delta|=1.007e+08 (rtol=0.0 atol=0.0)	n0*=bitwise_left_shift.Tensor_Scalar_out(L0,·,·)
MISMATCH	w28:375	out[0] non-finite mismatch (nan/inf positions differ)	n0*=bitwise_left_shift.Tensor_out(L0,L1,·)
SKIP	w28:387	client RuntimeError: method->execute() failed with error 0x12 | [index_util.cpp:156] Check failed (index.scalar_type() == ScalarType::Long): Expected dtype int64 for index; index.scalar_type() = Int [op_scatter.cpp:113] Check failed (check_scatter_src_args(in, dim, index, src, out)):  [method.cpp:1480] KernelCall failed at instruction 0:0 in operator aten::scatter.src_out: 0x12 [method.cpp:1490] arg 0 with type id 1 [method.cpp:1490] arg 1 with type id 4 [method.cpp:1490] arg 2 with type id 1 [method.cpp:1490] arg 3 with type id 1 [method.cpp:1490] arg 4 with type id 1 [method.cpp:1490] arg 5 with type id 1	n0*=scatter.src_out(L0,·,L1,L2,·)
MISMATCH	w28:408	out[0] non-finite mismatch (nan/inf positions differ)	n0*=gelu.out(L0,·,·)
MISMATCH	w28:428	out[0] max|delta|=3.999e-01 (rtol=0.01 atol=0.001)	n0*=_native_batch_norm_legit.no_stats(L0,·,·,·,·,·)
SKIP	w28:430	client RuntimeError: method->execute() failed with error 0x12 | [normalization_ops_util.cpp:160] Check failed (in.size(0) == N):  [op_native_group_norm.cpp:139] Check failed (check_group_norm_args( input, weight, bias, N, C, HxW, group, out, mean_out, rstd_out)):  [method.cpp:1480] KernelCall failed at instruction 0:0 in operator aten::native_group_norm.out: 0x12 [method.cpp:1490] arg 0 with type id 1 [method.cpp:1490] arg 1 with type id 0 [method.cpp:1490] arg 2 with type id 0 [method.cpp:1490] arg 3 with type id 4 [method.cpp:1490] arg 4 with type id 4 [method.cpp:1490] arg 5 with type id 4 [method.cpp:1490] arg 6 with type id 4 [method.cpp:1490] arg 7 with type id 3 [method.cpp:1490] arg 8 with type id 1 [method.cpp:1490] arg 9 with type id 1 [method.cpp:1490] arg 10 with type id 1 [method.cpp:1490] arg 11 with type id 9	n0*=native_group_norm(L0,·,·,·,·,·,·,·)
SKIP	w28:433	client RuntimeError: method->execute() failed with error 0x12 | [tensor_util.h:617] Check failed (static_cast<size_t>(t.dim()) == rank): Expected tensor.dim() to be 2, but got 4 [distance_util.cpp:16] Check failed (tensor_is_rank(in, 2)):  [op_pdist_forward.cpp:25] Check failed (check_pdist_args(in, p, out)):  [method.cpp:1480] KernelCall failed at instruction 0:0 in operator aten::_pdist_forward.out: 0x12 [method.cpp:1490] arg 0 with type id 1 [method.cpp:1490] arg 1 with type id 3 [method.cpp:1490] arg 2 with type id 1 [method.cpp:1490] arg 3 with type id 1	n0*=_pdist_forward(L0,·)
SKIP	w28:48	client RuntimeError: method->execute() failed with error 0x12 | [op_log_softmax.cpp:152] Check failed (false):  [method.cpp:1480] KernelCall failed at instruction 0:0 in operator aten::_log_softmax.out: 0x12 [method.cpp:1490] arg 0 with type id 1 [method.cpp:1490] arg 1 with type id 4 [method.cpp:1490] arg 2 with type id 5 [method.cpp:1490] arg 3 with type id 1 [method.cpp:1490] arg 4 with type id 1	n0*=_log_softmax.out(L0,·,·,·)
SKIP	w28:5	client RuntimeError: method->execute() failed with error 0x12 | [tensor_util_portable.cpp:130] Check failed (all_contiguous || all_channels_last): 2 input tensors have different dim orders [op_fft_r2c.cpp:29] Check failed (tensors_have_same_dim_order(in, out)):  [method.cpp:1480] KernelCall failed at instruction 0:0 in operator aten::_fft_r2c.out: 0x12 [method.cpp:1490] arg 0 with type id 1 [method.cpp:1490] arg 1 with type id 8 [method.cpp:1490] arg 2 with type id 4 [method.cpp:1490] arg 3 with type id 5 [method.cpp:1490] arg 4 with type id 1 [method.cpp:1490] arg 5 with type id 1	n0*=_fft_r2c(L0,·,·,·)
MISMATCH	w28:68	out[0] max|delta|=1.074e+09 (rtol=0.0 atol=0.0)	n0*=bitwise_left_shift.Tensor_Scalar(L0,·)
SKIP	w28:95	client RuntimeError: method->execute() failed with error 0x12 | [op_arange.cpp:55] Check failed (utils::extract_scalar(start, &d_start)):  [method.cpp:1480] KernelCall failed at instruction 0:0 in operator aten::arange.start_out: 0x12 [method.cpp:1490] arg 0 with type id 5 [method.cpp:1490] arg 1 with type id 5 [method.cpp:1490] arg 2 with type id 4 [method.cpp:1490] arg 3 with type id 1 [method.cpp:1490] arg 4 with type id 1	n0*=arange.start_out(·,·,·,·)
SKIP	w29:106	client RuntimeError: method->execute() failed with error 0x12 | [normalization_ops_util.cpp:160] Check failed (in.size(0) == N):  [op_native_group_norm.cpp:139] Check failed (check_group_norm_args( input, weight, bias, N, C, HxW, group, out, mean_out, rstd_out)):  [method.cpp:1480] KernelCall failed at instruction 0:0 in operator aten::native_group_norm.out: 0x12 [method.cpp:1490] arg 0 with type id 1 [method.cpp:1490] arg 1 with type id 0 [method.cpp:1490] arg 2 with type id 0 [method.cpp:1490] arg 3 with type id 4 [method.cpp:1490] arg 4 with type id 4 [method.cpp:1490] arg 5 with type id 4 [method.cpp:1490] arg 6 with type id 4 [method.cpp:1490] arg 7 with type id 3 [method.cpp:1490] arg 8 with type id 1 [method.cpp:1490] arg 9 with type id 1 [method.cpp:1490] arg 10 with type id 1 [method.cpp:1490] arg 11 with type id 9	n0*=native_group_norm(L0,·,·,·,·,·,·,·)
MISMATCH	w29:130	out[0] max|delta|=2.882e+17 (rtol=0.01 atol=0.001)	n0*=bitwise_left_shift.Tensor_Scalar_out(L0,·,·)
MISMATCH	w29:133	out[0] non-finite mismatch (nan/inf positions differ)	n0*=bitwise_left_shift.Tensor_out(L0,L1,·)
MISMATCH	w29:166	out[0] non-finite mismatch (nan/inf positions differ)	n0*=gelu.out(L0,·,·)
SKIP	w29:188	client RuntimeError: method->execute() failed with error 0x12 | [normalization_ops_util.cpp:160] Check failed (in.size(0) == N):  [op_native_group_norm.cpp:139] Check failed (check_group_norm_args( input, weight, bias, N, C, HxW, group, out, mean_out, rstd_out)):  [method.cpp:1480] KernelCall failed at instruction 0:0 in operator aten::native_group_norm.out: 0x12 [method.cpp:1490] arg 0 with type id 1 [method.cpp:1490] arg 1 with type id 0 [method.cpp:1490] arg 2 with type id 0 [method.cpp:1490] arg 3 with type id 4 [method.cpp:1490] arg 4 with type id 4 [method.cpp:1490] arg 5 with type id 4 [method.cpp:1490] arg 6 with type id 4 [method.cpp:1490] arg 7 with type id 3 [method.cpp:1490] arg 8 with type id 1 [method.cpp:1490] arg 9 with type id 1 [method.cpp:1490] arg 10 with type id 1 [method.cpp:1490] arg 11 with type id 9	n0*=native_group_norm(L0,·,·,·,·,·,·,·)
SKIP	w29:191	client RuntimeError: method->execute() failed with error 0x12 | [tensor_util.h:617] Check failed (static_cast<size_t>(t.dim()) == rank): Expected tensor.dim() to be 2, but got 4 [distance_util.cpp:16] Check failed (tensor_is_rank(in, 2)):  [op_pdist_forward.cpp:25] Check failed (check_pdist_args(in, p, out)):  [method.cpp:1480] KernelCall failed at instruction 0:0 in operator aten::_pdist_forward.out: 0x12 [method.cpp:1490] arg 0 with type id 1 [method.cpp:1490] arg 1 with type id 3 [method.cpp:1490] arg 2 with type id 1 [method.cpp:1490] arg 3 with type id 1	n0*=_pdist_forward(L0,·)
SKIP	w29:219	client RuntimeError: method->execute() failed with error 0x12 | [tensor_util_portable.cpp:130] Check failed (all_contiguous || all_channels_last): 2 input tensors have different dim orders [op_fft_r2c.cpp:29] Check failed (tensors_have_same_dim_order(in, out)):  [method.cpp:1480] KernelCall failed at instruction 0:0 in operator aten::_fft_r2c.out: 0x12 [method.cpp:1490] arg 0 with type id 1 [method.cpp:1490] arg 1 with type id 8 [method.cpp:1490] arg 2 with type id 4 [method.cpp:1490] arg 3 with type id 5 [method.cpp:1490] arg 4 with type id 1 [method.cpp:1490] arg 5 with type id 1	n0*=_fft_r2c(L0,·,·,·)
SKIP	w29:34	client RuntimeError: method->execute() failed with error 0x12 | [op_log_softmax.cpp:152] Check failed (false):  [method.cpp:1480] KernelCall failed at instruction 0:0 in operator aten::_log_softmax.out: 0x12 [method.cpp:1490] arg 0 with type id 1 [method.cpp:1490] arg 1 with type id 4 [method.cpp:1490] arg 2 with type id 5 [method.cpp:1490] arg 3 with type id 1 [method.cpp:1490] arg 4 with type id 1	n0*=_log_softmax.out(L0,·,·,·)
MISMATCH	w29:47	out[0] max|delta|=6.000e+00 (rtol=0.0 atol=0.0)	n0*=remainder.Scalar(L0,·)
MISMATCH	w29:54	out[0] max|delta|=8.053e+08 (rtol=0.0 atol=0.0)	n0*=bitwise_left_shift.Tensor_Scalar(L0,·)
SKIP	w29:81	client RuntimeError: method->execute() failed with error 0x12 | [op_arange.cpp:55] Check failed (utils::extract_scalar(start, &d_start)):  [method.cpp:1480] KernelCall failed at instruction 0:0 in operator aten::arange.start_out: 0x12 [method.cpp:1490] arg 0 with type id 5 [method.cpp:1490] arg 1 with type id 5 [method.cpp:1490] arg 2 with type id 5 [method.cpp:1490] arg 3 with type id 1 [method.cpp:1490] arg 4 with type id 1	n0*=arange.start_out(·,·,·,·)
MISMATCH	w3:105	out[0] max|delta|=4.000e+00 (rtol=0.01 atol=0.001)	n0*=remainder.Tensor_out(L0,L1,·)
MISMATCH	w3:106	out[0] max|delta|=4.000e+00 (rtol=0.0 atol=0.0)	n0*=fmod.Scalar(L0,·)
SKIP	w3:114	client RuntimeError: method->execute() failed with error 0x12 | [normalization_ops_util.cpp:160] Check failed (in.size(0) == N):  [op_native_group_norm.cpp:139] Check failed (check_group_norm_args( input, weight, bias, N, C, HxW, group, out, mean_out, rstd_out)):  [method.cpp:1480] KernelCall failed at instruction 0:0 in operator aten::native_group_norm.out: 0x12 [method.cpp:1490] arg 0 with type id 1 [method.cpp:1490] arg 1 with type id 0 [method.cpp:1490] arg 2 with type id 0 [method.cpp:1490] arg 3 with type id 4 [method.cpp:1490] arg 4 with type id 4 [method.cpp:1490] arg 5 with type id 4 [method.cpp:1490] arg 6 with type id 4 [method.cpp:1490] arg 7 with type id 3 [method.cpp:1490] arg 8 with type id 1 [method.cpp:1490] arg 9 with type id 1 [method.cpp:1490] arg 10 with type id 1 [method.cpp:1490] arg 11 with type id 9	n0*=native_group_norm(L0,·,·,·,·,·,·,·)
SKIP	w3:117	client RuntimeError: method->execute() failed with error 0x12 | [tensor_util.h:617] Check failed (static_cast<size_t>(t.dim()) == rank): Expected tensor.dim() to be 2, but got 1 [distance_util.cpp:16] Check failed (tensor_is_rank(in, 2)):  [op_pdist_forward.cpp:25] Check failed (check_pdist_args(in, p, out)):  [method.cpp:1480] KernelCall failed at instruction 0:0 in operator aten::_pdist_forward.out: 0x12 [method.cpp:1490] arg 0 with type id 1 [method.cpp:1490] arg 1 with type id 3 [method.cpp:1490] arg 2 with type id 1 [method.cpp:1490] arg 3 with type id 1	n0*=_pdist_forward(L0,·)
SKIP	w3:145	client RuntimeError: method->execute() failed with error 0x12 | [op_fft_r2c.cpp:32] Check failed (onesided): onesided=False is not supported yet in _fft_r2c [method.cpp:1480] KernelCall failed at instruction 0:0 in operator aten::_fft_r2c.out: 0x12 [method.cpp:1490] arg 0 with type id 1 [method.cpp:1490] arg 1 with type id 8 [method.cpp:1490] arg 2 with type id 4 [method.cpp:1490] arg 3 with type id 5 [method.cpp:1490] arg 4 with type id 1 [method.cpp:1490] arg 5 with type id 1	n0*=_fft_r2c(L0,·,·,·)
SKIP	w3:188	client RuntimeError: method->execute() failed with error 0x12 | [op_log_softmax.cpp:152] Check failed (false):  [method.cpp:1480] KernelCall failed at instruction 0:0 in operator aten::_log_softmax.out: 0x12 [method.cpp:1490] arg 0 with type id 1 [method.cpp:1490] arg 1 with type id 4 [method.cpp:1490] arg 2 with type id 5 [method.cpp:1490] arg 3 with type id 1 [method.cpp:1490] arg 4 with type id 1	n0*=_log_softmax.out(L0,·,·,·)
MISMATCH	w3:208	out[0] max|delta|=9.223e+18 (rtol=0.0 atol=0.0)	n0*=bitwise_left_shift.Tensor_Scalar(L0,·)
SKIP	w3:235	client RuntimeError: method->execute() failed with error 0x12 | [op_arange.cpp:55] Check failed (utils::extract_scalar(start, &d_start)):  [method.cpp:1480] KernelCall failed at instruction 0:0 in operator aten::arange.start_out: 0x12 [method.cpp:1490] arg 0 with type id 5 [method.cpp:1490] arg 1 with type id 5 [method.cpp:1490] arg 2 with type id 3 [method.cpp:1490] arg 3 with type id 1 [method.cpp:1490] arg 4 with type id 1	n0*=arange.start_out(·,·,·,·)
MISMATCH	w3:24	out[0] non-finite mismatch (nan/inf positions differ)	n0*=grid_sampler_2d(L0,L1,·,·,·)
SKIP	w3:242	client RuntimeError: method->execute() failed with error 0x12 | [op_sub.cpp:144] Check failed (utils::extract_scalar(alpha, &alpha_val)):  [method.cpp:1480] KernelCall failed at instruction 0:0 in operator aten::sub.Scalar_out: 0x12 [method.cpp:1490] arg 0 with type id 1 [method.cpp:1490] arg 1 with type id 4 [method.cpp:1490] arg 2 with type id 4 [method.cpp:1490] arg 3 with type id 1 [method.cpp:1490] arg 4 with type id 1	n0*=sub.Scalar(L0,·,·)
MISMATCH	w3:260	out[0] non-finite mismatch (nan/inf positions differ)	n0*=native_group_norm(L0,·,·,·,·,·,·,·)
MISMATCH	w3:287	out[0] max|delta|=6.918e+18 (rtol=0.01 atol=0.001)	n0*=bitwise_left_shift.Tensor_out(L0,L1,·)
CRASH	w25:310	executor died (native abort)	n0*=narrow_copy(L0,·,·,·)
MISMATCH	w3:320	out[0] non-finite mismatch (nan/inf positions differ)	n0*=gelu.out(L0,·,·)
SKIP	w3:342	client RuntimeError: method->execute() failed with error 0x12 | [normalization_ops_util.cpp:160] Check failed (in.size(0) == N):  [op_native_group_norm.cpp:139] Check failed (check_group_norm_args( input, weight, bias, N, C, HxW, group, out, mean_out, rstd_out)):  [method.cpp:1480] KernelCall failed at instruction 0:0 in operator aten::native_group_norm.out: 0x12 [method.cpp:1490] arg 0 with type id 1 [method.cpp:1490] arg 1 with type id 0 [method.cpp:1490] arg 2 with type id 0 [method.cpp:1490] arg 3 with type id 4 [method.cpp:1490] arg 4 with type id 4 [method.cpp:1490] arg 5 with type id 4 [method.cpp:1490] arg 6 with type id 4 [method.cpp:1490] arg 7 with type id 3 [method.cpp:1490] arg 8 with type id 1 [method.cpp:1490] arg 9 with type id 1 [method.cpp:1490] arg 10 with type id 1 [method.cpp:1490] arg 11 with type id 9	n0*=native_group_norm(L0,·,·,·,·,·,·,·)
SKIP	w3:345	client RuntimeError: method->execute() failed with error 0x12 | [tensor_util.h:617] Check failed (static_cast<size_t>(t.dim()) == rank): Expected tensor.dim() to be 2, but got 3 [distance_util.cpp:16] Check failed (tensor_is_rank(in, 2)):  [op_pdist_forward.cpp:25] Check failed (check_pdist_args(in, p, out)):  [method.cpp:1480] KernelCall failed at instruction 0:0 in operator aten::_pdist_forward.out: 0x12 [method.cpp:1490] arg 0 with type id 1 [method.cpp:1490] arg 1 with type id 3 [method.cpp:1490] arg 2 with type id 1 [method.cpp:1490] arg 3 with type id 1	n0*=_pdist_forward(L0,·)
SKIP	w3:373	client RuntimeError: method->execute() failed with error 0x12 | [tensor_util_portable.cpp:130] Check failed (all_contiguous || all_channels_last): 2 input tensors have different dim orders [op_fft_r2c.cpp:29] Check failed (tensors_have_same_dim_order(in, out)):  [method.cpp:1480] KernelCall failed at instruction 0:0 in operator aten::_fft_r2c.out: 0x12 [method.cpp:1490] arg 0 with type id 1 [method.cpp:1490] arg 1 with type id 8 [method.cpp:1490] arg 2 with type id 4 [method.cpp:1490] arg 3 with type id 5 [method.cpp:1490] arg 4 with type id 1 [method.cpp:1490] arg 5 with type id 1	n0*=_fft_r2c(L0,·,·,·)
SKIP	w3:391	client RuntimeError: method->execute() failed with error 0x12 | [op_add.cpp:118] Check failed ((common_type == a_type && check_alpha_type(utils::get_scalar_dtype(alpha), common_type))):  [method.cpp:1480] KernelCall failed at instruction 0:0 in operator aten::add.Scalar_out: 0x12 [method.cpp:1490] arg 0 with type id 1 [method.cpp:1490] arg 1 with type id 4 [method.cpp:1490] arg 2 with type id 4 [method.cpp:1490] arg 3 with type id 1 [method.cpp:1490] arg 4 with type id 1	n0*=add.Scalar(L0,·,·)
MISMATCH	w3:416	out[0] non-finite mismatch (nan/inf positions differ)	n0*=_log_softmax.out(L0,·,·,·)
MISMATCH	w3:429	out[0] max|delta|=2.000e+00 (rtol=0.0 atol=0.0)	n0*=remainder.Scalar(L0,·)
MISMATCH	w3:436	out[0] max|delta|=1.441e+17 (rtol=0.0 atol=0.0)	n0*=bitwise_left_shift.Tensor_Scalar(L0,·)
SKIP	w3:438	client RuntimeError: method->execute() failed with error 0x12 | [index_util.cpp:156] Check failed (index.scalar_type() == ScalarType::Long): Expected dtype int64 for index; index.scalar_type() = Int [op_scatter_add.cpp:61] Check failed (check_scatter_add_args(self, dim, index, src, out)):  [method.cpp:1480] KernelCall failed at instruction 0:0 in operator aten::scatter_add.out: 0x12 [method.cpp:1490] arg 0 with type id 1 [method.cpp:1490] arg 1 with type id 4 [method.cpp:1490] arg 2 with type id 1 [method.cpp:1490] arg 3 with type id 1 [method.cpp:1490] arg 4 with type id 1 [method.cpp:1490] arg 5 with type id 1	n0*=scatter_add.out(L0,·,L1,L2,·)
SKIP	w3:463	client RuntimeError: method->execute() failed with error 0x12 | [op_arange.cpp:55] Check failed (utils::extract_scalar(start, &d_start)):  [method.cpp:1480] KernelCall failed at instruction 0:0 in operator aten::arange.start_out: 0x12 [method.cpp:1490] arg 0 with type id 5 [method.cpp:1490] arg 1 with type id 5 [method.cpp:1490] arg 2 with type id 5 [method.cpp:1490] arg 3 with type id 1 [method.cpp:1490] arg 4 with type id 1	n0*=arange.start_out(·,·,·,·)
MISMATCH	w3:480	out[0] non-finite mismatch (nan/inf positions differ)	n0*=grid_sampler_2d(L0,L1,·,·,·)
SKIP	w3:488	client RuntimeError: method->execute() failed with error 0x12 | [normalization_ops_util.cpp:161] Check failed (in.size(1) == C):  [op_native_group_norm.cpp:139] Check failed (check_group_norm_args( input, weight, bias, N, C, HxW, group, out, mean_out, rstd_out)):  [method.cpp:1480] KernelCall failed at instruction 0:0 in operator aten::native_group_norm.out: 0x12 [method.cpp:1490] arg 0 with type id 1 [method.cpp:1490] arg 1 with type id 0 [method.cpp:1490] arg 2 with type id 0 [method.cpp:1490] arg 3 with type id 4 [method.cpp:1490] arg 4 with type id 4 [method.cpp:1490] arg 5 with type id 4 [method.cpp:1490] arg 6 with type id 4 [method.cpp:1490] arg 7 with type id 3 [method.cpp:1490] arg 8 with type id 1 [method.cpp:1490] arg 9 with type id 1 [method.cpp:1490] arg 10 with type id 1 [method.cpp:1490] arg 11 with type id 9	n0*=native_group_norm(L0,·,·,·,·,·,·,·)
MISMATCH	w3:512	out[0] max|delta|=1.153e+18 (rtol=0.01 atol=0.001)	n0*=bitwise_left_shift.Tensor_Scalar_out(L0,·,·)
MISMATCH	w3:515	out[0] max|delta|=6.918e+18 (rtol=0.01 atol=0.001)	n0*=bitwise_left_shift.Tensor_out(L0,L1,·)
MISMATCH	w3:548	out[0] non-finite mismatch (nan/inf positions differ)	n0*=gelu.out(L0,·,·)
MISMATCH	w3:59	out[0] max|delta|=9.223e+18 (rtol=0.01 atol=0.001)	n0*=bitwise_left_shift.Tensor_out(L0,L1,·)
SKIP	w3:7	client RuntimeError: method->execute() failed with error 0x12 | [op_arange.cpp:55] Check failed (utils::extract_scalar(start, &d_start)):  [method.cpp:1480] KernelCall failed at instruction 0:0 in operator aten::arange.start_out: 0x12 [method.cpp:1490] arg 0 with type id 5 [method.cpp:1490] arg 1 with type id 5 [method.cpp:1490] arg 2 with type id 5 [method.cpp:1490] arg 3 with type id 1 [method.cpp:1490] arg 4 with type id 1	n0*=arange.start_out(·,·,·,·)
MISMATCH	w3:92	out[0] non-finite mismatch (nan/inf positions differ)	n0*=gelu.out(L0,·,·)
SKIP	w30:103	client RuntimeError: method->execute() failed with error 0x12 | [normalization_ops_util.cpp:160] Check failed (in.size(0) == N):  [op_native_group_norm.cpp:139] Check failed (check_group_norm_args( input, weight, bias, N, C, HxW, group, out, mean_out, rstd_out)):  [method.cpp:1480] KernelCall failed at instruction 0:0 in operator aten::native_group_norm.out: 0x12 [method.cpp:1490] arg 0 with type id 1 [method.cpp:1490] arg 1 with type id 0 [method.cpp:1490] arg 2 with type id 0 [method.cpp:1490] arg 3 with type id 4 [method.cpp:1490] arg 4 with type id 4 [method.cpp:1490] arg 5 with type id 4 [method.cpp:1490] arg 6 with type id 4 [method.cpp:1490] arg 7 with type id 3 [method.cpp:1490] arg 8 with type id 1 [method.cpp:1490] arg 9 with type id 1 [method.cpp:1490] arg 10 with type id 1 [method.cpp:1490] arg 11 with type id 9	n0*=native_group_norm(L0,·,·,·,·,·,·,·)
SKIP	w30:106	client RuntimeError: method->execute() failed with error 0x12 | [tensor_util.h:617] Check failed (static_cast<size_t>(t.dim()) == rank): Expected tensor.dim() to be 2, but got 1 [distance_util.cpp:16] Check failed (tensor_is_rank(in, 2)):  [op_pdist_forward.cpp:25] Check failed (check_pdist_args(in, p, out)):  [method.cpp:1480] KernelCall failed at instruction 0:0 in operator aten::_pdist_forward.out: 0x12 [method.cpp:1490] arg 0 with type id 1 [method.cpp:1490] arg 1 with type id 3 [method.cpp:1490] arg 2 with type id 1 [method.cpp:1490] arg 3 with type id 1	n0*=_pdist_forward(L0,·)
SKIP	w30:134	client RuntimeError: method->execute() failed with error 0x12 | [tensor_util_portable.cpp:130] Check failed (all_contiguous || all_channels_last): 2 input tensors have different dim orders [op_fft_r2c.cpp:29] Check failed (tensors_have_same_dim_order(in, out)):  [method.cpp:1480] KernelCall failed at instruction 0:0 in operator aten::_fft_r2c.out: 0x12 [method.cpp:1490] arg 0 with type id 1 [method.cpp:1490] arg 1 with type id 8 [method.cpp:1490] arg 2 with type id 4 [method.cpp:1490] arg 3 with type id 5 [method.cpp:1490] arg 4 with type id 1 [method.cpp:1490] arg 5 with type id 1	n0*=_fft_r2c(L0,·,·,·)
SKIP	w30:163	client RuntimeError: method->execute() failed with error 0x12 | [op_permute_copy.cpp:70] Unhandled dtype Float8_e4m3fn for permute_copy.out [method.cpp:1480] KernelCall failed at instruction 0:0 in operator aten::permute_copy.out: 0x12 [method.cpp:1490] arg 0 with type id 1 [method.cpp:1490] arg 1 with type id 8 [method.cpp:1490] arg 2 with type id 1 [method.cpp:1490] arg 3 with type id 1	n0*=linear.out(L0,L1,·,·)
MISMATCH	w30:177	out[0] non-finite mismatch (nan/inf positions differ)	n0*=_log_softmax.out(L0,·,·,·)
MISMATCH	w30:197	out[0] max|delta|=4.612e+18 (rtol=0.0 atol=0.0)	n0*=bitwise_left_shift.Tensor_Scalar(L0,·)
SKIP	w30:21	client RuntimeError: method->execute() failed with error 0x12 | [normalization_ops_util.cpp:160] Check failed (in.size(0) == N):  [op_native_group_norm.cpp:139] Check failed (check_group_norm_args( input, weight, bias, N, C, HxW, group, out, mean_out, rstd_out)):  [method.cpp:1480] KernelCall failed at instruction 0:0 in operator aten::native_group_norm.out: 0x12 [method.cpp:1490] arg 0 with type id 1 [method.cpp:1490] arg 1 with type id 0 [method.cpp:1490] arg 2 with type id 0 [method.cpp:1490] arg 3 with type id 4 [method.cpp:1490] arg 4 with type id 4 [method.cpp:1490] arg 5 with type id 4 [method.cpp:1490] arg 6 with type id 4 [method.cpp:1490] arg 7 with type id 3 [method.cpp:1490] arg 8 with type id 1 [method.cpp:1490] arg 9 with type id 1 [method.cpp:1490] arg 10 with type id 1 [method.cpp:1490] arg 11 with type id 9	n0*=native_group_norm(L0,·,·,·,·,·,·,·)
SKIP	w30:224	client RuntimeError: method->execute() failed with error 0x12 | [op_arange.cpp:55] Check failed (utils::extract_scalar(start, &d_start)):  [method.cpp:1480] KernelCall failed at instruction 0:0 in operator aten::arange.start_out: 0x12 [method.cpp:1490] arg 0 with type id 5 [method.cpp:1490] arg 1 with type id 5 [method.cpp:1490] arg 2 with type id 5 [method.cpp:1490] arg 3 with type id 1 [method.cpp:1490] arg 4 with type id 1	n0*=arange.start_out(·,·,·,·)
SKIP	w30:249	client RuntimeError: method->execute() failed with error 0x12 | [normalization_ops_util.cpp:160] Check failed (in.size(0) == N):  [op_native_group_norm.cpp:139] Check failed (check_group_norm_args( input, weight, bias, N, C, HxW, group, out, mean_out, rstd_out)):  [method.cpp:1480] KernelCall failed at instruction 0:0 in operator aten::native_group_norm.out: 0x12 [method.cpp:1490] arg 0 with type id 1 [method.cpp:1490] arg 1 with type id 0 [method.cpp:1490] arg 2 with type id 0 [method.cpp:1490] arg 3 with type id 4 [method.cpp:1490] arg 4 with type id 4 [method.cpp:1490] arg 5 with type id 4 [method.cpp:1490] arg 6 with type id 4 [method.cpp:1490] arg 7 with type id 3 [method.cpp:1490] arg 8 with type id 1 [method.cpp:1490] arg 9 with type id 1 [method.cpp:1490] arg 10 with type id 1 [method.cpp:1490] arg 11 with type id 9	n0*=native_group_norm(L0,·,·,·,·,·,·,·)
MISMATCH	w30:276	out[0] max|delta|=6.918e+18 (rtol=0.01 atol=0.001)	n0*=bitwise_left_shift.Tensor_out(L0,L1,·)
MISMATCH	w30:48	out[0] max|delta|=6.918e+18 (rtol=0.0 atol=0.0)	n0*=bitwise_left_shift.Tensor_out(L0,L1,·)
SKIP	w30:67	client RuntimeError: method->execute() failed with error 0x12 | [op_copy.cpp:33] Check failed (non_blocking == false):  [method.cpp:1480] KernelCall failed at instruction 0:0 in operator aten::copy.out: 0x12 [method.cpp:1490] arg 0 with type id 1 [method.cpp:1490] arg 1 with type id 1 [method.cpp:1490] arg 2 with type id 5 [method.cpp:1490] arg 3 with type id 1 [method.cpp:1490] arg 4 with type id 1	n0*=copy(L0,L1,·)
MISMATCH	w30:81	out[0] non-finite mismatch (nan/inf positions differ)	n0*=gelu.out(L0,·,·)
MISMATCH	w31:111	out[0] non-finite mismatch (nan/inf positions differ)	n0*=grid_sampler_2d(L0,L1,·,·,·)
SKIP	w31:119	client RuntimeError: method->execute() failed with error 0x12 | [normalization_ops_util.cpp:160] Check failed (in.size(0) == N):  [op_native_group_norm.cpp:139] Check failed (check_group_norm_args( input, weight, bias, N, C, HxW, group, out, mean_out, rstd_out)):  [method.cpp:1480] KernelCall failed at instruction 0:0 in operator aten::native_group_norm.out: 0x12 [method.cpp:1490] arg 0 with type id 1 [method.cpp:1490] arg 1 with type id 0 [method.cpp:1490] arg 2 with type id 0 [method.cpp:1490] arg 3 with type id 4 [method.cpp:1490] arg 4 with type id 4 [method.cpp:1490] arg 5 with type id 4 [method.cpp:1490] arg 6 with type id 4 [method.cpp:1490] arg 7 with type id 3 [method.cpp:1490] arg 8 with type id 1 [method.cpp:1490] arg 9 with type id 1 [method.cpp:1490] arg 10 with type id 1 [method.cpp:1490] arg 11 with type id 9	n0*=native_group_norm(L0,·,·,·,·,·,·,·)
MISMATCH	w31:146	out[0] max|delta|=9.223e+18 (rtol=0.01 atol=0.001)	n0*=bitwise_left_shift.Tensor_out(L0,L1,·)
SKIP	w31:158	client RuntimeError: method->execute() failed with error 0x12 | [index_util.cpp:156] Check failed (index.scalar_type() == ScalarType::Long): Expected dtype int64 for index; index.scalar_type() = Int [op_scatter.cpp:113] Check failed (check_scatter_src_args(in, dim, index, src, out)):  [method.cpp:1480] KernelCall failed at instruction 0:0 in operator aten::scatter.src_out: 0x12 [method.cpp:1490] arg 0 with type id 1 [method.cpp:1490] arg 1 with type id 4 [method.cpp:1490] arg 2 with type id 1 [method.cpp:1490] arg 3 with type id 1 [method.cpp:1490] arg 4 with type id 1 [method.cpp:1490] arg 5 with type id 1	n0*=scatter.src_out(L0,·,L1,L2,·)
SKIP	w31:165	client RuntimeError: method->execute() failed with error 0x12 | [op_copy.cpp:33] Check failed (non_blocking == false):  [method.cpp:1480] KernelCall failed at instruction 0:0 in operator aten::copy.out: 0x12 [method.cpp:1490] arg 0 with type id 1 [method.cpp:1490] arg 1 with type id 1 [method.cpp:1490] arg 2 with type id 5 [method.cpp:1490] arg 3 with type id 1 [method.cpp:1490] arg 4 with type id 1	n0*=copy(L0,L1,·)
MISMATCH	w31:179	out[0] non-finite mismatch (nan/inf positions differ)	n0*=gelu.out(L0,·,·)
MISMATCH	w31:192	out[0] max|delta|=3.000e+00 (rtol=0.0 atol=0.0)	n0*=remainder.Tensor_out(L0,L1,·)
MISMATCH	w31:201	out[0] non-finite mismatch (nan/inf positions differ)	n0*=native_group_norm(L0,·,·,·,·,·,·,·)
SKIP	w31:204	client RuntimeError: method->execute() failed with error 0x12 | [tensor_util.h:617] Check failed (static_cast<size_t>(t.dim()) == rank): Expected tensor.dim() to be 2, but got 3 [distance_util.cpp:16] Check failed (tensor_is_rank(in, 2)):  [op_pdist_forward.cpp:25] Check failed (check_pdist_args(in, p, out)):  [method.cpp:1480] KernelCall failed at instruction 0:0 in operator aten::_pdist_forward.out: 0x12 [method.cpp:1490] arg 0 with type id 1 [method.cpp:1490] arg 1 with type id 3 [method.cpp:1490] arg 2 with type id 1 [method.cpp:1490] arg 3 with type id 1	n0*=_pdist_forward(L0,·)
SKIP	w31:22	client RuntimeError: method->execute() failed with error 0x12 | [op_add.cpp:118] Check failed ((common_type == a_type && check_alpha_type(utils::get_scalar_dtype(alpha), common_type))):  [method.cpp:1480] KernelCall failed at instruction 0:0 in operator aten::add.Scalar_out: 0x12 [method.cpp:1490] arg 0 with type id 1 [method.cpp:1490] arg 1 with type id 4 [method.cpp:1490] arg 2 with type id 4 [method.cpp:1490] arg 3 with type id 1 [method.cpp:1490] arg 4 with type id 1	n0*=add.Scalar(L0,·,·)
MISMATCH	w31:224	out[0] max|delta|=1.110e+00 (rtol=0.01 atol=0.001)	n0*=max_pool2d_with_indices_backward.grad_input(L0,L1,·,·,·,·,·,L2,L3)
SKIP	w31:232	client RuntimeError: method->execute() failed with error 0x12 | [op_fft_r2c.cpp:32] Check failed (onesided): onesided=False is not supported yet in _fft_r2c [method.cpp:1480] KernelCall failed at instruction 0:0 in operator aten::_fft_r2c.out: 0x12 [method.cpp:1490] arg 0 with type id 1 [method.cpp:1490] arg 1 with type id 8 [method.cpp:1490] arg 2 with type id 4 [method.cpp:1490] arg 3 with type id 5 [method.cpp:1490] arg 4 with type id 1 [method.cpp:1490] arg 5 with type id 1	n0*=_fft_r2c(L0,·,·,·)
MISMATCH	w31:275	out[0] non-finite mismatch (nan/inf positions differ)	n0*=_log_softmax.out(L0,·,·,·)
MISMATCH	w31:295	out[0] max|delta|=9.223e+18 (rtol=0.0 atol=0.0)	n0*=bitwise_left_shift.Tensor_Scalar(L0,·)
SKIP	w31:297	client RuntimeError: method->execute() failed with error 0x12 | [index_util.cpp:156] Check failed (index.scalar_type() == ScalarType::Long): Expected dtype int64 for index; index.scalar_type() = Int [op_scatter_add.cpp:61] Check failed (check_scatter_add_args(self, dim, index, src, out)):  [method.cpp:1480] KernelCall failed at instruction 0:0 in operator aten::scatter_add.out: 0x12 [method.cpp:1490] arg 0 with type id 1 [method.cpp:1490] arg 1 with type id 4 [method.cpp:1490] arg 2 with type id 1 [method.cpp:1490] arg 3 with type id 1 [method.cpp:1490] arg 4 with type id 1 [method.cpp:1490] arg 5 with type id 1	n0*=scatter_add.out(L0,·,L1,L2,·)
SKIP	w31:303	client RuntimeError: method->execute() failed with error 0x12 | [copy_ops_util.cpp:165] Check failed (implicit == false): This operator is not implemented for when implicit == true. [op_expand_copy.cpp:63] Check failed (check_expand_copy_args(self, expand_sizes, implicit, out)):  [method.cpp:1480] KernelCall failed at instruction 0:0 in operator aten::expand_copy.out: 0x12 [method.cpp:1490] arg 0 with type id 1 [method.cpp:1490] arg 1 with type id 8 [method.cpp:1490] arg 2 with type id 5 [method.cpp:1490] arg 3 with type id 1 [method.cpp:1490] arg 4 with type id 1	n0*=expand_copy(L0,·,·)
SKIP	w31:322	client RuntimeError: method->execute() failed with error 0x12 | [op_arange.cpp:59] Check failed (utils::extract_scalar(end, &d_end)):  [method.cpp:1480] KernelCall failed at instruction 0:0 in operator aten::arange.start_out: 0x12 [method.cpp:1490] arg 0 with type id 3 [method.cpp:1490] arg 1 with type id 5 [method.cpp:1490] arg 2 with type id 4 [method.cpp:1490] arg 3 with type id 1 [method.cpp:1490] arg 4 with type id 1	n0*=arange.start_out(·,·,·,·)
MISMATCH	w31:339	out[0] non-finite mismatch (nan/inf positions differ)	n0*=grid_sampler_2d(L0,L1,·,·,·)
SKIP	w31:4	client RuntimeError: method->execute() failed with error 0x12 | [op_fft_r2c.cpp:32] Check failed (onesided): onesided=False is not supported yet in _fft_r2c [method.cpp:1480] KernelCall failed at instruction 0:0 in operator aten::_fft_r2c.out: 0x12 [method.cpp:1490] arg 0 with type id 1 [method.cpp:1490] arg 1 with type id 8 [method.cpp:1490] arg 2 with type id 4 [method.cpp:1490] arg 3 with type id 5 [method.cpp:1490] arg 4 with type id 1 [method.cpp:1490] arg 5 with type id 1	n0*=_fft_r2c(L0,·,·,·)
MISMATCH	w31:47	out[0] non-finite mismatch (nan/inf positions differ)	n0*=_log_softmax.out(L0,·,·,·)
SKIP	w31:75	client RuntimeError: method->execute() failed with error 0x12 | [copy_ops_util.cpp:165] Check failed (implicit == false): This operator is not implemented for when implicit == true. [op_expand_copy.cpp:63] Check failed (check_expand_copy_args(self, expand_sizes, implicit, out)):  [method.cpp:1480] KernelCall failed at instruction 0:0 in operator aten::expand_copy.out: 0x12 [method.cpp:1490] arg 0 with type id 1 [method.cpp:1490] arg 1 with type id 8 [method.cpp:1490] arg 2 with type id 5 [method.cpp:1490] arg 3 with type id 1 [method.cpp:1490] arg 4 with type id 1	n0*=expand_copy(L0,·,·)
SKIP	w31:94	client RuntimeError: method->execute() failed with error 0x12 | [op_arange.cpp:55] Check failed (utils::extract_scalar(start, &d_start)):  [method.cpp:1480] KernelCall failed at instruction 0:0 in operator aten::arange.start_out: 0x12 [method.cpp:1490] arg 0 with type id 5 [method.cpp:1490] arg 1 with type id 5 [method.cpp:1490] arg 2 with type id 5 [method.cpp:1490] arg 3 with type id 1 [method.cpp:1490] arg 4 with type id 1	n0*=arange.start_out(·,·,·,·)
SKIP	w32:11	client RuntimeError: method->execute() failed with error 0x12 | [op_copy.cpp:33] Check failed (non_blocking == false):  [method.cpp:1480] KernelCall failed at instruction 0:0 in operator aten::copy.out: 0x12 [method.cpp:1490] arg 0 with type id 1 [method.cpp:1490] arg 1 with type id 1 [method.cpp:1490] arg 2 with type id 5 [method.cpp:1490] arg 3 with type id 1 [method.cpp:1490] arg 4 with type id 1	n0*=copy(L0,L1,·)
SKIP	w32:121	client RuntimeError: method->execute() failed with error 0x12 | [op_log_softmax.cpp:152] Check failed (false):  [method.cpp:1480] KernelCall failed at instruction 0:0 in operator aten::_log_softmax.out: 0x12 [method.cpp:1490] arg 0 with type id 1 [method.cpp:1490] arg 1 with type id 4 [method.cpp:1490] arg 2 with type id 5 [method.cpp:1490] arg 3 with type id 1 [method.cpp:1490] arg 4 with type id 1	n0*=_log_softmax.out(L0,·,·,·)
MISMATCH	w32:141	out[0] max|delta|=9.223e+18 (rtol=0.0 atol=0.0)	n0*=bitwise_left_shift.Tensor_Scalar(L0,·)
SKIP	w32:168	client RuntimeError: method->execute() failed with error 0x12 | [op_arange.cpp:55] Check failed (utils::extract_scalar(start, &d_start)):  [method.cpp:1480] KernelCall failed at instruction 0:0 in operator aten::arange.start_out: 0x12 [method.cpp:1490] arg 0 with type id 5 [method.cpp:1490] arg 1 with type id 5 [method.cpp:1490] arg 2 with type id 5 [method.cpp:1490] arg 3 with type id 1 [method.cpp:1490] arg 4 with type id 1	n0*=arange.start_out(·,·,·,·)
MISMATCH	w32:185	out[0] non-finite mismatch (nan/inf positions differ)	n0*=grid_sampler_2d(L0,L1,·,·,·)
SKIP	w32:193	client RuntimeError: method->execute() failed with error 0x12 | [normalization_ops_util.cpp:160] Check failed (in.size(0) == N):  [op_native_group_norm.cpp:139] Check failed (check_group_norm_args( input, weight, bias, N, C, HxW, group, out, mean_out, rstd_out)):  [method.cpp:1480] KernelCall failed at instruction 0:0 in operator aten::native_group_norm.out: 0x12 [method.cpp:1490] arg 0 with type id 1 [method.cpp:1490] arg 1 with type id 0 [method.cpp:1490] arg 2 with type id 0 [method.cpp:1490] arg 3 with type id 4 [method.cpp:1490] arg 4 with type id 4 [method.cpp:1490] arg 5 with type id 4 [method.cpp:1490] arg 6 with type id 4 [method.cpp:1490] arg 7 with type id 3 [method.cpp:1490] arg 8 with type id 1 [method.cpp:1490] arg 9 with type id 1 [method.cpp:1490] arg 10 with type id 1 [method.cpp:1490] arg 11 with type id 9	n0*=native_group_norm(L0,·,·,·,·,·,·,·)
MISMATCH	w32:217	out[0] non-finite mismatch (nan/inf positions differ)	n0*=bitwise_left_shift.Tensor_Scalar_out(L0,·,·)
MISMATCH	w32:220	out[0] non-finite mismatch (nan/inf positions differ)	n0*=bitwise_left_shift.Tensor_out(L0,L1,·)
SKIP	w32:239	client RuntimeError: method->execute() failed with error 0x12 | [op_copy.cpp:33] Check failed (non_blocking == false):  [method.cpp:1480] KernelCall failed at instruction 0:0 in operator aten::copy.out: 0x12 [method.cpp:1490] arg 0 with type id 1 [method.cpp:1490] arg 1 with type id 1 [method.cpp:1490] arg 2 with type id 5 [method.cpp:1490] arg 3 with type id 1 [method.cpp:1490] arg 4 with type id 1	n0*=copy(L0,L1,·)
MISMATCH	w32:253	out[0] non-finite mismatch (nan/inf positions differ)	n0*=gelu.out(L0,·,·)
SKIP	w32:275	client RuntimeError: method->execute() failed with error 0x12 | [normalization_ops_util.cpp:161] Check failed (in.size(1) == C):  [op_native_group_norm.cpp:139] Check failed (check_group_norm_args( input, weight, bias, N, C, HxW, group, out, mean_out, rstd_out)):  [method.cpp:1480] KernelCall failed at instruction 0:0 in operator aten::native_group_norm.out: 0x12 [method.cpp:1490] arg 0 with type id 1 [method.cpp:1490] arg 1 with type id 0 [method.cpp:1490] arg 2 with type id 0 [method.cpp:1490] arg 3 with type id 4 [method.cpp:1490] arg 4 with type id 4 [method.cpp:1490] arg 5 with type id 4 [method.cpp:1490] arg 6 with type id 4 [method.cpp:1490] arg 7 with type id 3 [method.cpp:1490] arg 8 with type id 1 [method.cpp:1490] arg 9 with type id 1 [method.cpp:1490] arg 10 with type id 1 [method.cpp:1490] arg 11 with type id 9	n0*=native_group_norm(L0,·,·,·,·,·,·,·)
SKIP	w32:50	client RuntimeError: method->execute() failed with error 0x12 | [op_pdist_forward.cpp:45] Unhandled dtype Bool for _pdist_forward.out [method.cpp:1480] KernelCall failed at instruction 0:0 in operator aten::_pdist_forward.out: 0x12 [method.cpp:1490] arg 0 with type id 1 [method.cpp:1490] arg 1 with type id 3 [method.cpp:1490] arg 2 with type id 1 [method.cpp:1490] arg 3 with type id 1	n0*=_pdist_forward(L0,·)
CRASH	w29:211	executor died (native abort)	n0*=max_pool2d_with_indices_backward.grad_input(L0,L1,·,·,·,·,·,L2,L3)
SKIP	w32:78	client RuntimeError: method->execute() failed with error 0x12 | [op_fft_r2c.cpp:32] Check failed (onesided): onesided=False is not supported yet in _fft_r2c [method.cpp:1480] KernelCall failed at instruction 0:0 in operator aten::_fft_r2c.out: 0x12 [method.cpp:1490] arg 0 with type id 1 [method.cpp:1490] arg 1 with type id 8 [method.cpp:1490] arg 2 with type id 4 [method.cpp:1490] arg 3 with type id 5 [method.cpp:1490] arg 4 with type id 1 [method.cpp:1490] arg 5 with type id 1	n0*=_fft_r2c(L0,·,·,·)
SKIP	w33:105	client RuntimeError: method->execute() failed with error 0x12 | [index_util.cpp:156] Check failed (index.scalar_type() == ScalarType::Long): Expected dtype int64 for index; index.scalar_type() = Int [op_scatter_add.cpp:61] Check failed (check_scatter_add_args(self, dim, index, src, out)):  [method.cpp:1480] KernelCall failed at instruction 0:0 in operator aten::scatter_add.out: 0x12 [method.cpp:1490] arg 0 with type id 1 [method.cpp:1490] arg 1 with type id 4 [method.cpp:1490] arg 2 with type id 1 [method.cpp:1490] arg 3 with type id 1 [method.cpp:1490] arg 4 with type id 1 [method.cpp:1490] arg 5 with type id 1	n0*=scatter_add.out(L0,·,L1,L2,·)
SKIP	w33:111	client RuntimeError: method->execute() failed with error 0x12 | [copy_ops_util.cpp:165] Check failed (implicit == false): This operator is not implemented for when implicit == true. [op_expand_copy.cpp:63] Check failed (check_expand_copy_args(self, expand_sizes, implicit, out)):  [method.cpp:1480] KernelCall failed at instruction 0:0 in operator aten::expand_copy.out: 0x12 [method.cpp:1490] arg 0 with type id 1 [method.cpp:1490] arg 1 with type id 8 [method.cpp:1490] arg 2 with type id 5 [method.cpp:1490] arg 3 with type id 1 [method.cpp:1490] arg 4 with type id 1	n0*=expand_copy(L0,·,·)
MISMATCH	w33:125	out[0] max|delta|=8.000e+00 (rtol=0.0 atol=0.0)	n0*=remainder.Scalar_out(L0,·,·)
SKIP	w33:130	client RuntimeError: method->execute() failed with error 0x12 | [op_arange.cpp:55] Check failed (utils::extract_scalar(start, &d_start)):  [method.cpp:1480] KernelCall failed at instruction 0:0 in operator aten::arange.start_out: 0x12 [method.cpp:1490] arg 0 with type id 5 [method.cpp:1490] arg 1 with type id 4 [method.cpp:1490] arg 2 with type id 4 [method.cpp:1490] arg 3 with type id 1 [method.cpp:1490] arg 4 with type id 1	n0*=arange.start_out(·,·,·,·)
SKIP	w33:155	client RuntimeError: method->execute() failed with error 0x12 | [normalization_ops_util.cpp:160] Check failed (in.size(0) == N):  [op_native_group_norm.cpp:139] Check failed (check_group_norm_args( input, weight, bias, N, C, HxW, group, out, mean_out, rstd_out)):  [method.cpp:1480] KernelCall failed at instruction 0:0 in operator aten::native_group_norm.out: 0x12 [method.cpp:1490] arg 0 with type id 1 [method.cpp:1490] arg 1 with type id 0 [method.cpp:1490] arg 2 with type id 0 [method.cpp:1490] arg 3 with type id 4 [method.cpp:1490] arg 4 with type id 4 [method.cpp:1490] arg 5 with type id 4 [method.cpp:1490] arg 6 with type id 4 [method.cpp:1490] arg 7 with type id 3 [method.cpp:1490] arg 8 with type id 1 [method.cpp:1490] arg 9 with type id 1 [method.cpp:1490] arg 10 with type id 1 [method.cpp:1490] arg 11 with type id 9	n0*=native_group_norm(L0,·,·,·,·,·,·,·)
MISMATCH	w33:182	out[0] max|delta|=6.918e+18 (rtol=0.01 atol=0.001)	n0*=bitwise_left_shift.Tensor_out(L0,L1,·)
SKIP	w33:194	client RuntimeError: method->execute() failed with error 0x12 | [index_util.cpp:156] Check failed (index.scalar_type() == ScalarType::Long): Expected dtype int64 for index; index.scalar_type() = Int [op_scatter.cpp:113] Check failed (check_scatter_src_args(in, dim, index, src, out)):  [method.cpp:1480] KernelCall failed at instruction 0:0 in operator aten::scatter.src_out: 0x12 [method.cpp:1490] arg 0 with type id 1 [method.cpp:1490] arg 1 with type id 4 [method.cpp:1490] arg 2 with type id 1 [method.cpp:1490] arg 3 with type id 1 [method.cpp:1490] arg 4 with type id 1 [method.cpp:1490] arg 5 with type id 1	n0*=scatter.src_out(L0,·,L1,L2,·)
SKIP	w33:201	client RuntimeError: method->execute() failed with error 0x12 | [op_copy.cpp:33] Check failed (non_blocking == false):  [method.cpp:1480] KernelCall failed at instruction 0:0 in operator aten::copy.out: 0x12 [method.cpp:1490] arg 0 with type id 1 [method.cpp:1490] arg 1 with type id 1 [method.cpp:1490] arg 2 with type id 5 [method.cpp:1490] arg 3 with type id 1 [method.cpp:1490] arg 4 with type id 1	n0*=copy(L0,L1,·)
MISMATCH	w33:215	out[0] non-finite mismatch (nan/inf positions differ)	n0*=gelu.out(L0,·,·)
SKIP	w33:237	client RuntimeError: method->execute() failed with error 0x12 | [normalization_ops_util.cpp:160] Check failed (in.size(0) == N):  [op_native_group_norm.cpp:139] Check failed (check_group_norm_args( input, weight, bias, N, C, HxW, group, out, mean_out, rstd_out)):  [method.cpp:1480] KernelCall failed at instruction 0:0 in operator aten::native_group_norm.out: 0x12 [method.cpp:1490] arg 0 with type id 1 [method.cpp:1490] arg 1 with type id 0 [method.cpp:1490] arg 2 with type id 0 [method.cpp:1490] arg 3 with type id 4 [method.cpp:1490] arg 4 with type id 4 [method.cpp:1490] arg 5 with type id 4 [method.cpp:1490] arg 6 with type id 4 [method.cpp:1490] arg 7 with type id 3 [method.cpp:1490] arg 8 with type id 1 [method.cpp:1490] arg 9 with type id 1 [method.cpp:1490] arg 10 with type id 1 [method.cpp:1490] arg 11 with type id 9	n0*=native_group_norm(L0,·,·,·,·,·,·,·)
SKIP	w33:40	client RuntimeError: method->execute() failed with error 0x12 | [op_fft_r2c.cpp:32] Check failed (onesided): onesided=False is not supported yet in _fft_r2c [method.cpp:1480] KernelCall failed at instruction 0:0 in operator aten::_fft_r2c.out: 0x12 [method.cpp:1490] arg 0 with type id 1 [method.cpp:1490] arg 1 with type id 8 [method.cpp:1490] arg 2 with type id 4 [method.cpp:1490] arg 3 with type id 5 [method.cpp:1490] arg 4 with type id 1 [method.cpp:1490] arg 5 with type id 1	n0*=_fft_r2c(L0,·,·,·)
SKIP	w33:83	client RuntimeError: method->execute() failed with error 0x12 | [op_log_softmax.cpp:152] Check failed (false):  [method.cpp:1480] KernelCall failed at instruction 0:0 in operator aten::_log_softmax.out: 0x12 [method.cpp:1490] arg 0 with type id 1 [method.cpp:1490] arg 1 with type id 4 [method.cpp:1490] arg 2 with type id 5 [method.cpp:1490] arg 3 with type id 1 [method.cpp:1490] arg 4 with type id 1	n0*=_log_softmax.out(L0,·,·,·)
SKIP	w33:9	client RuntimeError: method->execute() failed with error 0x12 | [normalization_ops_util.cpp:160] Check failed (in.size(0) == N):  [op_native_group_norm.cpp:139] Check failed (check_group_norm_args( input, weight, bias, N, C, HxW, group, out, mean_out, rstd_out)):  [method.cpp:1480] KernelCall failed at instruction 0:0 in operator aten::native_group_norm.out: 0x12 [method.cpp:1490] arg 0 with type id 1 [method.cpp:1490] arg 1 with type id 0 [method.cpp:1490] arg 2 with type id 0 [method.cpp:1490] arg 3 with type id 4 [method.cpp:1490] arg 4 with type id 4 [method.cpp:1490] arg 5 with type id 4 [method.cpp:1490] arg 6 with type id 4 [method.cpp:1490] arg 7 with type id 3 [method.cpp:1490] arg 8 with type id 1 [method.cpp:1490] arg 9 with type id 1 [method.cpp:1490] arg 10 with type id 1 [method.cpp:1490] arg 11 with type id 9	n0*=native_group_norm(L0,·,·,·,·,·,·,·)
SKIP	w34:116	client RuntimeError: method->execute() failed with error 0x12 | [op_copy.cpp:33] Check failed (non_blocking == false):  [method.cpp:1480] KernelCall failed at instruction 0:0 in operator aten::copy.out: 0x12 [method.cpp:1490] arg 0 with type id 1 [method.cpp:1490] arg 1 with type id 1 [method.cpp:1490] arg 2 with type id 5 [method.cpp:1490] arg 3 with type id 1 [method.cpp:1490] arg 4 with type id 1	n0*=copy(L0,L1,·)
MISMATCH	w34:130	out[0] non-finite mismatch (nan/inf positions differ)	n0*=gelu.out(L0,·,·)
SKIP	w34:152	client RuntimeError: method->execute() failed with error 0x12 | [normalization_ops_util.cpp:160] Check failed (in.size(0) == N):  [op_native_group_norm.cpp:139] Check failed (check_group_norm_args( input, weight, bias, N, C, HxW, group, out, mean_out, rstd_out)):  [method.cpp:1480] KernelCall failed at instruction 0:0 in operator aten::native_group_norm.out: 0x12 [method.cpp:1490] arg 0 with type id 1 [method.cpp:1490] arg 1 with type id 0 [method.cpp:1490] arg 2 with type id 0 [method.cpp:1490] arg 3 with type id 4 [method.cpp:1490] arg 4 with type id 4 [method.cpp:1490] arg 5 with type id 4 [method.cpp:1490] arg 6 with type id 4 [method.cpp:1490] arg 7 with type id 3 [method.cpp:1490] arg 8 with type id 1 [method.cpp:1490] arg 9 with type id 1 [method.cpp:1490] arg 10 with type id 1 [method.cpp:1490] arg 11 with type id 9	n0*=native_group_norm(L0,·,·,·,·,·,·,·)
SKIP	w34:155	client RuntimeError: method->execute() failed with error 0x12 | [tensor_util.h:617] Check failed (static_cast<size_t>(t.dim()) == rank): Expected tensor.dim() to be 2, but got 1 [distance_util.cpp:16] Check failed (tensor_is_rank(in, 2)):  [op_pdist_forward.cpp:25] Check failed (check_pdist_args(in, p, out)):  [method.cpp:1480] KernelCall failed at instruction 0:0 in operator aten::_pdist_forward.out: 0x12 [method.cpp:1490] arg 0 with type id 1 [method.cpp:1490] arg 1 with type id 3 [method.cpp:1490] arg 2 with type id 1 [method.cpp:1490] arg 3 with type id 1	n0*=_pdist_forward(L0,·)
SKIP	w34:183	client RuntimeError: method->execute() failed with error 0x12 | [tensor_util_portable.cpp:130] Check failed (all_contiguous || all_channels_last): 2 input tensors have different dim orders [op_fft_r2c.cpp:29] Check failed (tensors_have_same_dim_order(in, out)):  [method.cpp:1480] KernelCall failed at instruction 0:0 in operator aten::_fft_r2c.out: 0x12 [method.cpp:1490] arg 0 with type id 1 [method.cpp:1490] arg 1 with type id 8 [method.cpp:1490] arg 2 with type id 4 [method.cpp:1490] arg 3 with type id 5 [method.cpp:1490] arg 4 with type id 1 [method.cpp:1490] arg 5 with type id 1	n0*=_fft_r2c(L0,·,·,·)
SKIP	w34:226	client RuntimeError: method->execute() failed with error 0x12 | [op_log_softmax.cpp:152] Check failed (false):  [method.cpp:1480] KernelCall failed at instruction 0:0 in operator aten::_log_softmax.out: 0x12 [method.cpp:1490] arg 0 with type id 1 [method.cpp:1490] arg 1 with type id 4 [method.cpp:1490] arg 2 with type id 5 [method.cpp:1490] arg 3 with type id 1 [method.cpp:1490] arg 4 with type id 1	n0*=_log_softmax.out(L0,·,·,·)
SKIP	w34:254	client RuntimeError: method->execute() failed with error 0x12 | [copy_ops_util.cpp:165] Check failed (implicit == false): This operator is not implemented for when implicit == true. [op_expand_copy.cpp:63] Check failed (check_expand_copy_args(self, expand_sizes, implicit, out)):  [method.cpp:1480] KernelCall failed at instruction 0:0 in operator aten::expand_copy.out: 0x12 [method.cpp:1490] arg 0 with type id 1 [method.cpp:1490] arg 1 with type id 8 [method.cpp:1490] arg 2 with type id 5 [method.cpp:1490] arg 3 with type id 1 [method.cpp:1490] arg 4 with type id 1	n0*=expand_copy(L0,·,·)
SKIP	w34:26	client RuntimeError: method->execute() failed with error 0x12 | [copy_ops_util.cpp:165] Check failed (implicit == false): This operator is not implemented for when implicit == true. [op_expand_copy.cpp:63] Check failed (check_expand_copy_args(self, expand_sizes, implicit, out)):  [method.cpp:1480] KernelCall failed at instruction 0:0 in operator aten::expand_copy.out: 0x12 [method.cpp:1490] arg 0 with type id 1 [method.cpp:1490] arg 1 with type id 8 [method.cpp:1490] arg 2 with type id 5 [method.cpp:1490] arg 3 with type id 1 [method.cpp:1490] arg 4 with type id 1	n0*=expand_copy(L0,·,·)
SKIP	w34:45	client RuntimeError: method->execute() failed with error 0x12 | [op_arange.cpp:55] Check failed (utils::extract_scalar(start, &d_start)):  [method.cpp:1480] KernelCall failed at instruction 0:0 in operator aten::arange.start_out: 0x12 [method.cpp:1490] arg 0 with type id 5 [method.cpp:1490] arg 1 with type id 5 [method.cpp:1490] arg 2 with type id 5 [method.cpp:1490] arg 3 with type id 1 [method.cpp:1490] arg 4 with type id 1	n0*=arange.start_out(·,·,·,·)
SKIP	w34:70	client RuntimeError: method->execute() failed with error 0x12 | [normalization_ops_util.cpp:160] Check failed (in.size(0) == N):  [op_native_group_norm.cpp:139] Check failed (check_group_norm_args( input, weight, bias, N, C, HxW, group, out, mean_out, rstd_out)):  [method.cpp:1480] KernelCall failed at instruction 0:0 in operator aten::native_group_norm.out: 0x12 [method.cpp:1490] arg 0 with type id 1 [method.cpp:1490] arg 1 with type id 0 [method.cpp:1490] arg 2 with type id 0 [method.cpp:1490] arg 3 with type id 4 [method.cpp:1490] arg 4 with type id 4 [method.cpp:1490] arg 5 with type id 4 [method.cpp:1490] arg 6 with type id 4 [method.cpp:1490] arg 7 with type id 3 [method.cpp:1490] arg 8 with type id 1 [method.cpp:1490] arg 9 with type id 1 [method.cpp:1490] arg 10 with type id 1 [method.cpp:1490] arg 11 with type id 9	n0*=native_group_norm(L0,·,·,·,·,·,·,·)
SKIP	w35:104	client RuntimeError: method->execute() failed with error 0x12 | [copy_ops_util.cpp:165] Check failed (implicit == false): This operator is not implemented for when implicit == true. [op_expand_copy.cpp:63] Check failed (check_expand_copy_args(self, expand_sizes, implicit, out)):  [method.cpp:1480] KernelCall failed at instruction 0:0 in operator aten::expand_copy.out: 0x12 [method.cpp:1490] arg 0 with type id 1 [method.cpp:1490] arg 1 with type id 8 [method.cpp:1490] arg 2 with type id 5 [method.cpp:1490] arg 3 with type id 1 [method.cpp:1490] arg 4 with type id 1	n0*=expand_copy(L0,·,·)
SKIP	w35:123	client RuntimeError: method->execute() failed with error 0x12 | [op_arange.cpp:55] Check failed (utils::extract_scalar(start, &d_start)):  [method.cpp:1480] KernelCall failed at instruction 0:0 in operator aten::arange.start_out: 0x12 [method.cpp:1490] arg 0 with type id 5 [method.cpp:1490] arg 1 with type id 5 [method.cpp:1490] arg 2 with type id 3 [method.cpp:1490] arg 3 with type id 1 [method.cpp:1490] arg 4 with type id 1	n0*=arange.start_out(·,·,·,·)
SKIP	w35:148	client RuntimeError: method->execute() failed with error 0x12 | [normalization_ops_util.cpp:160] Check failed (in.size(0) == N):  [op_native_group_norm.cpp:139] Check failed (check_group_norm_args( input, weight, bias, N, C, HxW, group, out, mean_out, rstd_out)):  [method.cpp:1480] KernelCall failed at instruction 0:0 in operator aten::native_group_norm.out: 0x12 [method.cpp:1490] arg 0 with type id 1 [method.cpp:1490] arg 1 with type id 0 [method.cpp:1490] arg 2 with type id 0 [method.cpp:1490] arg 3 with type id 4 [method.cpp:1490] arg 4 with type id 4 [method.cpp:1490] arg 5 with type id 4 [method.cpp:1490] arg 6 with type id 4 [method.cpp:1490] arg 7 with type id 3 [method.cpp:1490] arg 8 with type id 1 [method.cpp:1490] arg 9 with type id 1 [method.cpp:1490] arg 10 with type id 1 [method.cpp:1490] arg 11 with type id 9	n0*=native_group_norm(L0,·,·,·,·,·,·,·)
MISMATCH	w35:172	out[0] max|delta|=5.765e+17 (rtol=0.01 atol=0.001)	n0*=bitwise_left_shift.Tensor_Scalar_out(L0,·,·)
MISMATCH	w35:208	out[0] non-finite mismatch (nan/inf positions differ)	n0*=gelu.out(L0,·,·)
MISMATCH	w35:222	out[0] max|delta|=4.000e+00 (rtol=0.0 atol=0.0)	n0*=fmod.Scalar(L0,·)
SKIP	w35:230	client RuntimeError: method->execute() failed with error 0x12 | [normalization_ops_util.cpp:161] Check failed (in.size(1) == C):  [op_native_group_norm.cpp:139] Check failed (check_group_norm_args( input, weight, bias, N, C, HxW, group, out, mean_out, rstd_out)):  [method.cpp:1480] KernelCall failed at instruction 0:0 in operator aten::native_group_norm.out: 0x12 [method.cpp:1490] arg 0 with type id 1 [method.cpp:1490] arg 1 with type id 0 [method.cpp:1490] arg 2 with type id 0 [method.cpp:1490] arg 3 with type id 4 [method.cpp:1490] arg 4 with type id 4 [method.cpp:1490] arg 5 with type id 4 [method.cpp:1490] arg 6 with type id 4 [method.cpp:1490] arg 7 with type id 3 [method.cpp:1490] arg 8 with type id 1 [method.cpp:1490] arg 9 with type id 1 [method.cpp:1490] arg 10 with type id 1 [method.cpp:1490] arg 11 with type id 9	n0*=native_group_norm(L0,·,·,·,·,·,·,·)
SKIP	w35:233	client RuntimeError: method->execute() failed with error 0x12 | [tensor_util.h:617] Check failed (static_cast<size_t>(t.dim()) == rank): Expected tensor.dim() to be 2, but got 1 [distance_util.cpp:16] Check failed (tensor_is_rank(in, 2)):  [op_pdist_forward.cpp:25] Check failed (check_pdist_args(in, p, out)):  [method.cpp:1480] KernelCall failed at instruction 0:0 in operator aten::_pdist_forward.out: 0x12 [method.cpp:1490] arg 0 with type id 1 [method.cpp:1490] arg 1 with type id 3 [method.cpp:1490] arg 2 with type id 1 [method.cpp:1490] arg 3 with type id 1	n0*=_pdist_forward(L0,·)
SKIP	w35:261	client RuntimeError: method->execute() failed with error 0x12 | [tensor_util_portable.cpp:130] Check failed (all_contiguous || all_channels_last): 2 input tensors have different dim orders [op_fft_r2c.cpp:29] Check failed (tensors_have_same_dim_order(in, out)):  [method.cpp:1480] KernelCall failed at instruction 0:0 in operator aten::_fft_r2c.out: 0x12 [method.cpp:1490] arg 0 with type id 1 [method.cpp:1490] arg 1 with type id 8 [method.cpp:1490] arg 2 with type id 4 [method.cpp:1490] arg 3 with type id 5 [method.cpp:1490] arg 4 with type id 1 [method.cpp:1490] arg 5 with type id 1	n0*=_fft_r2c(L0,·,·,·)
MISMATCH	w35:324	out[0] max|delta|=9.223e+18 (rtol=0.0 atol=0.0)	n0*=bitwise_left_shift.Tensor_Scalar(L0,·)
SKIP	w35:33	client RuntimeError: method->execute() failed with error 0x12 | [op_fft_r2c.cpp:32] Check failed (onesided): onesided=False is not supported yet in _fft_r2c [method.cpp:1480] KernelCall failed at instruction 0:0 in operator aten::_fft_r2c.out: 0x12 [method.cpp:1490] arg 0 with type id 1 [method.cpp:1490] arg 1 with type id 8 [method.cpp:1490] arg 2 with type id 4 [method.cpp:1490] arg 3 with type id 5 [method.cpp:1490] arg 4 with type id 1 [method.cpp:1490] arg 5 with type id 1	n0*=_fft_r2c(L0,·,·,·)
SKIP	w35:351	client RuntimeError: method->execute() failed with error 0x12 | [op_arange.cpp:55] Check failed (utils::extract_scalar(start, &d_start)):  [method.cpp:1480] KernelCall failed at instruction 0:0 in operator aten::arange.start_out: 0x12 [method.cpp:1490] arg 0 with type id 5 [method.cpp:1490] arg 1 with type id 5 [method.cpp:1490] arg 2 with type id 5 [method.cpp:1490] arg 3 with type id 1 [method.cpp:1490] arg 4 with type id 1	n0*=arange.start_out(·,·,·,·)
MISMATCH	w35:366	out[0] max|delta|=1.000e+00 (rtol=0.0 atol=0.0)	n0*=any.all_out(L0,·)
SKIP	w35:376	client RuntimeError: method->execute() failed with error 0x12 | [normalization_ops_util.cpp:160] Check failed (in.size(0) == N):  [op_native_group_norm.cpp:139] Check failed (check_group_norm_args( input, weight, bias, N, C, HxW, group, out, mean_out, rstd_out)):  [method.cpp:1480] KernelCall failed at instruction 0:0 in operator aten::native_group_norm.out: 0x12 [method.cpp:1490] arg 0 with type id 1 [method.cpp:1490] arg 1 with type id 0 [method.cpp:1490] arg 2 with type id 0 [method.cpp:1490] arg 3 with type id 4 [method.cpp:1490] arg 4 with type id 4 [method.cpp:1490] arg 5 with type id 4 [method.cpp:1490] arg 6 with type id 4 [method.cpp:1490] arg 7 with type id 3 [method.cpp:1490] arg 8 with type id 1 [method.cpp:1490] arg 9 with type id 1 [method.cpp:1490] arg 10 with type id 1 [method.cpp:1490] arg 11 with type id 9	n0*=native_group_norm(L0,·,·,·,·,·,·,·)
MISMATCH	w35:400	out[0] max|delta|=3.459e+18 (rtol=0.0 atol=0.0)	n0*=bitwise_left_shift.Tensor_Scalar_out(L0,·,·)
MISMATCH	w35:403	out[0] max|delta|=1.611e+09 (rtol=0.0 atol=0.0)	n0*=bitwise_left_shift.Tensor_out(L0,L1,·)
SKIP	w35:422	client RuntimeError: method->execute() failed with error 0x12 | [op_copy.cpp:33] Check failed (non_blocking == false):  [method.cpp:1480] KernelCall failed at instruction 0:0 in operator aten::copy.out: 0x12 [method.cpp:1490] arg 0 with type id 1 [method.cpp:1490] arg 1 with type id 1 [method.cpp:1490] arg 2 with type id 5 [method.cpp:1490] arg 3 with type id 1 [method.cpp:1490] arg 4 with type id 1	n0*=copy(L0,L1,·)
SKIP	w35:5	client RuntimeError: method->execute() failed with error 0x12 | [tensor_util.h:617] Check failed (static_cast<size_t>(t.dim()) == rank): Expected tensor.dim() to be 2, but got 5 [distance_util.cpp:16] Check failed (tensor_is_rank(in, 2)):  [op_pdist_forward.cpp:25] Check failed (check_pdist_args(in, p, out)):  [method.cpp:1480] KernelCall failed at instruction 0:0 in operator aten::_pdist_forward.out: 0x12 [method.cpp:1490] arg 0 with type id 1 [method.cpp:1490] arg 1 with type id 3 [method.cpp:1490] arg 2 with type id 1 [method.cpp:1490] arg 3 with type id 1	n0*=_pdist_forward(L0,·)
MISMATCH	w35:96	out[0] max|delta|=1.153e+18 (rtol=0.0 atol=0.0)	n0*=bitwise_left_shift.Tensor_Scalar(L0,·)
MISMATCH	w36:112	out[0] max|delta|=6.000e+00 (rtol=0.0 atol=0.0)	n0*=remainder.Scalar_out(L0,·,·)
SKIP	w36:117	client RuntimeError: method->execute() failed with error 0x12 | [op_arange.cpp:55] Check failed (utils::extract_scalar(start, &d_start)):  [method.cpp:1480] KernelCall failed at instruction 0:0 in operator aten::arange.start_out: 0x12 [method.cpp:1490] arg 0 with type id 5 [method.cpp:1490] arg 1 with type id 5 [method.cpp:1490] arg 2 with type id 5 [method.cpp:1490] arg 3 with type id 1 [method.cpp:1490] arg 4 with type id 1	n0*=arange.start_out(·,·,·,·)
SKIP	w36:142	client RuntimeError: method->execute() failed with error 0x12 | [normalization_ops_util.cpp:160] Check failed (in.size(0) == N):  [op_native_group_norm.cpp:139] Check failed (check_group_norm_args( input, weight, bias, N, C, HxW, group, out, mean_out, rstd_out)):  [method.cpp:1480] KernelCall failed at instruction 0:0 in operator aten::native_group_norm.out: 0x12 [method.cpp:1490] arg 0 with type id 1 [method.cpp:1490] arg 1 with type id 0 [method.cpp:1490] arg 2 with type id 0 [method.cpp:1490] arg 3 with type id 4 [method.cpp:1490] arg 4 with type id 4 [method.cpp:1490] arg 5 with type id 4 [method.cpp:1490] arg 6 with type id 4 [method.cpp:1490] arg 7 with type id 3 [method.cpp:1490] arg 8 with type id 1 [method.cpp:1490] arg 9 with type id 1 [method.cpp:1490] arg 10 with type id 1 [method.cpp:1490] arg 11 with type id 9	n0*=native_group_norm(L0,·,·,·,·,·,·,·)
MISMATCH	w36:166	out[0] max|delta|=7.206e+16 (rtol=0.01 atol=0.001)	n0*=bitwise_left_shift.Tensor_Scalar_out(L0,·,·)
SKIP	w36:188	client RuntimeError: method->execute() failed with error 0x12 | [op_copy.cpp:33] Check failed (non_blocking == false):  [method.cpp:1480] KernelCall failed at instruction 0:0 in operator aten::copy.out: 0x12 [method.cpp:1490] arg 0 with type id 1 [method.cpp:1490] arg 1 with type id 1 [method.cpp:1490] arg 2 with type id 5 [method.cpp:1490] arg 3 with type id 1 [method.cpp:1490] arg 4 with type id 1	n0*=copy(L0,L1,·)
MISMATCH	w36:215	out[0] max|delta|=4.000e+00 (rtol=0.0 atol=0.0)	n0*=remainder.Tensor_out(L0,L1,·)
MISMATCH	w36:222	out[0] max|delta|=3.999e-01 (rtol=0.01 atol=0.001)	n0*=_native_batch_norm_legit.no_stats(L0,·,·,·,·,·)
SKIP	w36:227	client RuntimeError: method->execute() failed with error 0x12 | [tensor_util.h:617] Check failed (static_cast<size_t>(t.dim()) == rank): Expected tensor.dim() to be 2, but got 4 [distance_util.cpp:16] Check failed (tensor_is_rank(in, 2)):  [op_pdist_forward.cpp:25] Check failed (check_pdist_args(in, p, out)):  [method.cpp:1480] KernelCall failed at instruction 0:0 in operator aten::_pdist_forward.out: 0x12 [method.cpp:1490] arg 0 with type id 1 [method.cpp:1490] arg 1 with type id 3 [method.cpp:1490] arg 2 with type id 1 [method.cpp:1490] arg 3 with type id 1	n0*=_pdist_forward(L0,·)
CRASH	w32:70	executor died (native abort)	n0*=max_pool2d_with_indices_backward.grad_input(L0,L1,·,·,·,·,·,L2,L3)
SKIP	w36:255	client RuntimeError: method->execute() failed with error 0x12 | [tensor_util_portable.cpp:130] Check failed (all_contiguous || all_channels_last): 2 input tensors have different dim orders [op_fft_r2c.cpp:29] Check failed (tensors_have_same_dim_order(in, out)):  [method.cpp:1480] KernelCall failed at instruction 0:0 in operator aten::_fft_r2c.out: 0x12 [method.cpp:1490] arg 0 with type id 1 [method.cpp:1490] arg 1 with type id 8 [method.cpp:1490] arg 2 with type id 4 [method.cpp:1490] arg 3 with type id 5 [method.cpp:1490] arg 4 with type id 1 [method.cpp:1490] arg 5 with type id 1	n0*=_fft_r2c(L0,·,·,·)
SKIP	w36:27	client RuntimeError: method->execute() failed with error 0x12 | [tensor_util_portable.cpp:130] Check failed (all_contiguous || all_channels_last): 2 input tensors have different dim orders [op_fft_r2c.cpp:29] Check failed (tensors_have_same_dim_order(in, out)):  [method.cpp:1480] KernelCall failed at instruction 0:0 in operator aten::_fft_r2c.out: 0x12 [method.cpp:1490] arg 0 with type id 1 [method.cpp:1490] arg 1 with type id 8 [method.cpp:1490] arg 2 with type id 4 [method.cpp:1490] arg 3 with type id 5 [method.cpp:1490] arg 4 with type id 1 [method.cpp:1490] arg 5 with type id 1	n0*=_fft_r2c(L0,·,·,·)
MISMATCH	w36:298	out[0] non-finite mismatch (nan/inf positions differ)	n0*=_log_softmax.out(L0,·,·,·)
MISMATCH	w36:318	out[0] max|delta|=4.323e+17 (rtol=0.0 atol=0.0)	n0*=bitwise_left_shift.Tensor_Scalar(L0,·)
SKIP	w36:326	client RuntimeError: method->execute() failed with error 0x12 | [copy_ops_util.cpp:165] Check failed (implicit == false): This operator is not implemented for when implicit == true. [op_expand_copy.cpp:63] Check failed (check_expand_copy_args(self, expand_sizes, implicit, out)):  [method.cpp:1480] KernelCall failed at instruction 0:0 in operator aten::expand_copy.out: 0x12 [method.cpp:1490] arg 0 with type id 1 [method.cpp:1490] arg 1 with type id 8 [method.cpp:1490] arg 2 with type id 5 [method.cpp:1490] arg 3 with type id 1 [method.cpp:1490] arg 4 with type id 1	n0*=expand_copy(L0,·,·)
SKIP	w36:345	client RuntimeError: method->execute() failed with error 0x12 | [op_arange.cpp:55] Check failed (utils::extract_scalar(start, &d_start)):  [method.cpp:1480] KernelCall failed at instruction 0:0 in operator aten::arange.start_out: 0x12 [method.cpp:1490] arg 0 with type id 5 [method.cpp:1490] arg 1 with type id 3 [method.cpp:1490] arg 2 with type id 5 [method.cpp:1490] arg 3 with type id 1 [method.cpp:1490] arg 4 with type id 1	n0*=arange.start_out(·,·,·,·)
SKIP	w36:370	client RuntimeError: method->execute() failed with error 0x12 | [normalization_ops_util.cpp:161] Check failed (in.size(1) == C):  [op_native_group_norm.cpp:139] Check failed (check_group_norm_args( input, weight, bias, N, C, HxW, group, out, mean_out, rstd_out)):  [method.cpp:1480] KernelCall failed at instruction 0:0 in operator aten::native_group_norm.out: 0x12 [method.cpp:1490] arg 0 with type id 1 [method.cpp:1490] arg 1 with type id 0 [method.cpp:1490] arg 2 with type id 0 [method.cpp:1490] arg 3 with type id 4 [method.cpp:1490] arg 4 with type id 4 [method.cpp:1490] arg 5 with type id 4 [method.cpp:1490] arg 6 with type id 4 [method.cpp:1490] arg 7 with type id 3 [method.cpp:1490] arg 8 with type id 1 [method.cpp:1490] arg 9 with type id 1 [method.cpp:1490] arg 10 with type id 1 [method.cpp:1490] arg 11 with type id 9	n0*=native_group_norm(L0,·,·,·,·,·,·,·)
MISMATCH	w36:397	out[0] max|delta|=6.918e+18 (rtol=0.01 atol=0.001)	n0*=bitwise_left_shift.Tensor_out(L0,L1,·)
MISMATCH	w36:430	out[0] non-finite mismatch (nan/inf positions differ)	n0*=gelu.out(L0,·,·)
CRASH	w33:260	executor died (native abort)	n0*=max_pool2d_with_indices_backward.grad_input(L0,L1,·,·,·,·,·,L2,L3)
MISMATCH	w36:443	out[0] max|delta|=4.000e+00 (rtol=0.01 atol=0.001)	n0*=remainder.Tensor_out(L0,L1,·)
SKIP	w36:452	client RuntimeError: method->execute() failed with error 0x12 | [normalization_ops_util.cpp:160] Check failed (in.size(0) == N):  [op_native_group_norm.cpp:139] Check failed (check_group_norm_args( input, weight, bias, N, C, HxW, group, out, mean_out, rstd_out)):  [method.cpp:1480] KernelCall failed at instruction 0:0 in operator aten::native_group_norm.out: 0x12 [method.cpp:1490] arg 0 with type id 1 [method.cpp:1490] arg 1 with type id 0 [method.cpp:1490] arg 2 with type id 0 [method.cpp:1490] arg 3 with type id 4 [method.cpp:1490] arg 4 with type id 4 [method.cpp:1490] arg 5 with type id 4 [method.cpp:1490] arg 6 with type id 4 [method.cpp:1490] arg 7 with type id 3 [method.cpp:1490] arg 8 with type id 1 [method.cpp:1490] arg 9 with type id 1 [method.cpp:1490] arg 10 with type id 1 [method.cpp:1490] arg 11 with type id 9	n0*=native_group_norm(L0,·,·,·,·,·,·,·)
SKIP	w36:455	client RuntimeError: method->execute() failed with error 0x12 | [tensor_util.h:617] Check failed (static_cast<size_t>(t.dim()) == rank): Expected tensor.dim() to be 2, but got 3 [distance_util.cpp:16] Check failed (tensor_is_rank(in, 2)):  [op_pdist_forward.cpp:25] Check failed (check_pdist_args(in, p, out)):  [method.cpp:1480] KernelCall failed at instruction 0:0 in operator aten::_pdist_forward.out: 0x12 [method.cpp:1490] arg 0 with type id 1 [method.cpp:1490] arg 1 with type id 3 [method.cpp:1490] arg 2 with type id 1 [method.cpp:1490] arg 3 with type id 1	n0*=_pdist_forward(L0,·)
SKIP	w36:483	client RuntimeError: method->execute() failed with error 0x12 | [op_fft_r2c.cpp:32] Check failed (onesided): onesided=False is not supported yet in _fft_r2c [method.cpp:1480] KernelCall failed at instruction 0:0 in operator aten::_fft_r2c.out: 0x12 [method.cpp:1490] arg 0 with type id 1 [method.cpp:1490] arg 1 with type id 8 [method.cpp:1490] arg 2 with type id 4 [method.cpp:1490] arg 3 with type id 5 [method.cpp:1490] arg 4 with type id 1 [method.cpp:1490] arg 5 with type id 1	n0*=_fft_r2c(L0,·,·,·)
SKIP	w36:70	client RuntimeError: method->execute() failed with error 0x12 | [op_log_softmax.cpp:152] Check failed (false):  [method.cpp:1480] KernelCall failed at instruction 0:0 in operator aten::_log_softmax.out: 0x12 [method.cpp:1490] arg 0 with type id 1 [method.cpp:1490] arg 1 with type id 4 [method.cpp:1490] arg 2 with type id 5 [method.cpp:1490] arg 3 with type id 1 [method.cpp:1490] arg 4 with type id 1	n0*=_log_softmax.out(L0,·,·,·)
MISMATCH	w36:90	out[0] max|delta|=1.074e+09 (rtol=0.0 atol=0.0)	n0*=bitwise_left_shift.Tensor_Scalar(L0,·)
SKIP	w36:98	client RuntimeError: method->execute() failed with error 0x12 | [copy_ops_util.cpp:165] Check failed (implicit == false): This operator is not implemented for when implicit == true. [op_expand_copy.cpp:63] Check failed (check_expand_copy_args(self, expand_sizes, implicit, out)):  [method.cpp:1480] KernelCall failed at instruction 0:0 in operator aten::expand_copy.out: 0x12 [method.cpp:1490] arg 0 with type id 1 [method.cpp:1490] arg 1 with type id 8 [method.cpp:1490] arg 2 with type id 5 [method.cpp:1490] arg 3 with type id 1 [method.cpp:1490] arg 4 with type id 1	n0*=expand_copy(L0,·,·)
SKIP	w37:1	client RuntimeError: method->execute() failed with error 0x12 | [tensor_util.h:617] Check failed (static_cast<size_t>(t.dim()) == rank): Expected tensor.dim() to be 2, but got 1 [distance_util.cpp:16] Check failed (tensor_is_rank(in, 2)):  [op_pdist_forward.cpp:25] Check failed (check_pdist_args(in, p, out)):  [method.cpp:1480] KernelCall failed at instruction 0:0 in operator aten::_pdist_forward.out: 0x12 [method.cpp:1490] arg 0 with type id 1 [method.cpp:1490] arg 1 with type id 3 [method.cpp:1490] arg 2 with type id 1 [method.cpp:1490] arg 3 with type id 1	n0*=_pdist_forward(L0,·)
SKIP	w37:119	client RuntimeError: method->execute() failed with error 0x12 | [op_arange.cpp:55] Check failed (utils::extract_scalar(start, &d_start)):  [method.cpp:1480] KernelCall failed at instruction 0:0 in operator aten::arange.start_out: 0x12 [method.cpp:1490] arg 0 with type id 5 [method.cpp:1490] arg 1 with type id 5 [method.cpp:1490] arg 2 with type id 5 [method.cpp:1490] arg 3 with type id 1 [method.cpp:1490] arg 4 with type id 1	n0*=arange.start_out(·,·,·,·)
MISMATCH	w37:136	out[0] non-finite mismatch (nan/inf positions differ)	n0*=grid_sampler_2d(L0,L1,·,·,·)
SKIP	w37:144	client RuntimeError: method->execute() failed with error 0x12 | [normalization_ops_util.cpp:160] Check failed (in.size(0) == N):  [op_native_group_norm.cpp:139] Check failed (check_group_norm_args( input, weight, bias, N, C, HxW, group, out, mean_out, rstd_out)):  [method.cpp:1480] KernelCall failed at instruction 0:0 in operator aten::native_group_norm.out: 0x12 [method.cpp:1490] arg 0 with type id 1 [method.cpp:1490] arg 1 with type id 0 [method.cpp:1490] arg 2 with type id 0 [method.cpp:1490] arg 3 with type id 4 [method.cpp:1490] arg 4 with type id 4 [method.cpp:1490] arg 5 with type id 4 [method.cpp:1490] arg 6 with type id 4 [method.cpp:1490] arg 7 with type id 3 [method.cpp:1490] arg 8 with type id 1 [method.cpp:1490] arg 9 with type id 1 [method.cpp:1490] arg 10 with type id 1 [method.cpp:1490] arg 11 with type id 9	n0*=native_group_norm(L0,·,·,·,·,·,·,·)
MISMATCH	w37:171	out[0] max|delta|=6.918e+18 (rtol=0.0 atol=0.0)	n0*=bitwise_left_shift.Tensor_out(L0,L1,·)
SKIP	w37:226	client RuntimeError: method->execute() failed with error 0x12 | [normalization_ops_util.cpp:160] Check failed (in.size(0) == N):  [op_native_group_norm.cpp:139] Check failed (check_group_norm_args( input, weight, bias, N, C, HxW, group, out, mean_out, rstd_out)):  [method.cpp:1480] KernelCall failed at instruction 0:0 in operator aten::native_group_norm.out: 0x12 [method.cpp:1490] arg 0 with type id 1 [method.cpp:1490] arg 1 with type id 0 [method.cpp:1490] arg 2 with type id 0 [method.cpp:1490] arg 3 with type id 4 [method.cpp:1490] arg 4 with type id 4 [method.cpp:1490] arg 5 with type id 4 [method.cpp:1490] arg 6 with type id 4 [method.cpp:1490] arg 7 with type id 3 [method.cpp:1490] arg 8 with type id 1 [method.cpp:1490] arg 9 with type id 1 [method.cpp:1490] arg 10 with type id 1 [method.cpp:1490] arg 11 with type id 9	n0*=native_group_norm(L0,·,·,·,·,·,·,·)
SKIP	w37:229	client RuntimeError: method->execute() failed with error 0x12 | [tensor_util.h:617] Check failed (static_cast<size_t>(t.dim()) == rank): Expected tensor.dim() to be 2, but got 4 [distance_util.cpp:16] Check failed (tensor_is_rank(in, 2)):  [op_pdist_forward.cpp:25] Check failed (check_pdist_args(in, p, out)):  [method.cpp:1480] KernelCall failed at instruction 0:0 in operator aten::_pdist_forward.out: 0x12 [method.cpp:1490] arg 0 with type id 1 [method.cpp:1490] arg 1 with type id 3 [method.cpp:1490] arg 2 with type id 1 [method.cpp:1490] arg 3 with type id 1	n0*=_pdist_forward(L0,·)
SKIP	w37:257	client RuntimeError: method->execute() failed with error 0x12 | [op_fft_r2c.cpp:32] Check failed (onesided): onesided=False is not supported yet in _fft_r2c [method.cpp:1480] KernelCall failed at instruction 0:0 in operator aten::_fft_r2c.out: 0x12 [method.cpp:1490] arg 0 with type id 1 [method.cpp:1490] arg 1 with type id 8 [method.cpp:1490] arg 2 with type id 4 [method.cpp:1490] arg 3 with type id 5 [method.cpp:1490] arg 4 with type id 1 [method.cpp:1490] arg 5 with type id 1	n0*=_fft_r2c(L0,·,·,·)
SKIP	w37:275	client RuntimeError: method->execute() failed with error 0x12 | [op_add.cpp:118] Check failed ((common_type == a_type && check_alpha_type(utils::get_scalar_dtype(alpha), common_type))):  [method.cpp:1480] KernelCall failed at instruction 0:0 in operator aten::add.Scalar_out: 0x12 [method.cpp:1490] arg 0 with type id 1 [method.cpp:1490] arg 1 with type id 4 [method.cpp:1490] arg 2 with type id 4 [method.cpp:1490] arg 3 with type id 1 [method.cpp:1490] arg 4 with type id 1	n0*=add.Scalar(L0,·,·)
SKIP	w37:29	client RuntimeError: method->execute() failed with error 0x12 | [tensor_util_portable.cpp:130] Check failed (all_contiguous || all_channels_last): 2 input tensors have different dim orders [op_fft_r2c.cpp:29] Check failed (tensors_have_same_dim_order(in, out)):  [method.cpp:1480] KernelCall failed at instruction 0:0 in operator aten::_fft_r2c.out: 0x12 [method.cpp:1490] arg 0 with type id 1 [method.cpp:1490] arg 1 with type id 8 [method.cpp:1490] arg 2 with type id 4 [method.cpp:1490] arg 3 with type id 5 [method.cpp:1490] arg 4 with type id 1 [method.cpp:1490] arg 5 with type id 1	n0*=_fft_r2c(L0,·,·,·)
SKIP	w37:58	client RuntimeError: method->execute() failed with error 0x12 | [op_permute_copy.cpp:70] Unhandled dtype Float8_e4m3fn for permute_copy.out [method.cpp:1480] KernelCall failed at instruction 0:0 in operator aten::permute_copy.out: 0x12 [method.cpp:1490] arg 0 with type id 1 [method.cpp:1490] arg 1 with type id 8 [method.cpp:1490] arg 2 with type id 1 [method.cpp:1490] arg 3 with type id 1	n0*=linear.out(L0,L1,·,·)
SKIP	w37:72	client RuntimeError: method->execute() failed with error 0x12 | [op_log_softmax.cpp:152] Check failed (false):  [method.cpp:1480] KernelCall failed at instruction 0:0 in operator aten::_log_softmax.out: 0x12 [method.cpp:1490] arg 0 with type id 1 [method.cpp:1490] arg 1 with type id 4 [method.cpp:1490] arg 2 with type id 5 [method.cpp:1490] arg 3 with type id 1 [method.cpp:1490] arg 4 with type id 1	n0*=_log_softmax.out(L0,·,·,·)
SKIP	w38:102	client RuntimeError: method->execute() failed with error 0x12 | [op_arange.cpp:55] Check failed (utils::extract_scalar(start, &d_start)):  [method.cpp:1480] KernelCall failed at instruction 0:0 in operator aten::arange.start_out: 0x12 [method.cpp:1490] arg 0 with type id 5 [method.cpp:1490] arg 1 with type id 5 [method.cpp:1490] arg 2 with type id 5 [method.cpp:1490] arg 3 with type id 1 [method.cpp:1490] arg 4 with type id 1	n0*=arange.start_out(·,·,·,·)
MISMATCH	w37:92	out[0] max|delta|=2.882e+17 (rtol=0.0 atol=0.0)	n0*=bitwise_left_shift.Tensor_Scalar(L0,·)
MISMATCH	w38:118	out[0] max|delta|=2.550e+02 (rtol=0.0 atol=0.0)	n0*=prod.int_out(L0,·,·,·,·)
SKIP	w38:12	client RuntimeError: method->execute() failed with error 0x12 | [tensor_util_portable.cpp:130] Check failed (all_contiguous || all_channels_last): 2 input tensors have different dim orders [op_fft_r2c.cpp:29] Check failed (tensors_have_same_dim_order(in, out)):  [method.cpp:1480] KernelCall failed at instruction 0:0 in operator aten::_fft_r2c.out: 0x12 [method.cpp:1490] arg 0 with type id 1 [method.cpp:1490] arg 1 with type id 8 [method.cpp:1490] arg 2 with type id 4 [method.cpp:1490] arg 3 with type id 5 [method.cpp:1490] arg 4 with type id 1 [method.cpp:1490] arg 5 with type id 1	n0*=_fft_r2c(L0,·,·,·)
SKIP	w38:127	client RuntimeError: method->execute() failed with error 0x12 | [normalization_ops_util.cpp:160] Check failed (in.size(0) == N):  [op_native_group_norm.cpp:139] Check failed (check_group_norm_args( input, weight, bias, N, C, HxW, group, out, mean_out, rstd_out)):  [method.cpp:1480] KernelCall failed at instruction 0:0 in operator aten::native_group_norm.out: 0x12 [method.cpp:1490] arg 0 with type id 1 [method.cpp:1490] arg 1 with type id 0 [method.cpp:1490] arg 2 with type id 0 [method.cpp:1490] arg 3 with type id 4 [method.cpp:1490] arg 4 with type id 4 [method.cpp:1490] arg 5 with type id 4 [method.cpp:1490] arg 6 with type id 4 [method.cpp:1490] arg 7 with type id 3 [method.cpp:1490] arg 8 with type id 1 [method.cpp:1490] arg 9 with type id 1 [method.cpp:1490] arg 10 with type id 1 [method.cpp:1490] arg 11 with type id 9	n0*=native_group_norm(L0,·,·,·,·,·,·,·)
MISMATCH	w38:151	out[0] max|delta|=1.441e+17 (rtol=0.01 atol=0.001)	n0*=bitwise_left_shift.Tensor_Scalar_out(L0,·,·)
MISMATCH	w38:154	out[0] max|delta|=9.223e+18 (rtol=0.01 atol=0.001)	n0*=bitwise_left_shift.Tensor_out(L0,L1,·)
MISMATCH	w38:187	out[0] non-finite mismatch (nan/inf positions differ)	n0*=gelu.out(L0,·,·)
SKIP	w38:209	client RuntimeError: method->execute() failed with error 0x12 | [normalization_ops_util.cpp:160] Check failed (in.size(0) == N):  [op_native_group_norm.cpp:139] Check failed (check_group_norm_args( input, weight, bias, N, C, HxW, group, out, mean_out, rstd_out)):  [method.cpp:1480] KernelCall failed at instruction 0:0 in operator aten::native_group_norm.out: 0x12 [method.cpp:1490] arg 0 with type id 1 [method.cpp:1490] arg 1 with type id 0 [method.cpp:1490] arg 2 with type id 0 [method.cpp:1490] arg 3 with type id 4 [method.cpp:1490] arg 4 with type id 4 [method.cpp:1490] arg 5 with type id 4 [method.cpp:1490] arg 6 with type id 4 [method.cpp:1490] arg 7 with type id 3 [method.cpp:1490] arg 8 with type id 1 [method.cpp:1490] arg 9 with type id 1 [method.cpp:1490] arg 10 with type id 1 [method.cpp:1490] arg 11 with type id 9	n0*=native_group_norm(L0,·,·,·,·,·,·,·)
SKIP	w38:212	client RuntimeError: method->execute() failed with error 0x12 | [tensor_util.h:617] Check failed (static_cast<size_t>(t.dim()) == rank): Expected tensor.dim() to be 2, but got 1 [distance_util.cpp:16] Check failed (tensor_is_rank(in, 2)):  [op_pdist_forward.cpp:25] Check failed (check_pdist_args(in, p, out)):  [method.cpp:1480] KernelCall failed at instruction 0:0 in operator aten::_pdist_forward.out: 0x12 [method.cpp:1490] arg 0 with type id 1 [method.cpp:1490] arg 1 with type id 3 [method.cpp:1490] arg 2 with type id 1 [method.cpp:1490] arg 3 with type id 1	n0*=_pdist_forward(L0,·)
SKIP	w38:240	client RuntimeError: method->execute() failed with error 0x12 | [op_fft_r2c.cpp:32] Check failed (onesided): onesided=False is not supported yet in _fft_r2c [method.cpp:1480] KernelCall failed at instruction 0:0 in operator aten::_fft_r2c.out: 0x12 [method.cpp:1490] arg 0 with type id 1 [method.cpp:1490] arg 1 with type id 8 [method.cpp:1490] arg 2 with type id 4 [method.cpp:1490] arg 3 with type id 5 [method.cpp:1490] arg 4 with type id 1 [method.cpp:1490] arg 5 with type id 1	n0*=_fft_r2c(L0,·,·,·)
SKIP	w38:283	client RuntimeError: method->execute() failed with error 0x12 | [op_log_softmax.cpp:152] Check failed (false):  [method.cpp:1480] KernelCall failed at instruction 0:0 in operator aten::_log_softmax.out: 0x12 [method.cpp:1490] arg 0 with type id 1 [method.cpp:1490] arg 1 with type id 4 [method.cpp:1490] arg 2 with type id 5 [method.cpp:1490] arg 3 with type id 1 [method.cpp:1490] arg 4 with type id 1	n0*=_log_softmax.out(L0,·,·,·)
MISMATCH	w38:296	out[0] max|delta|=7.000e+00 (rtol=0.0 atol=0.0)	n0*=remainder.Scalar(L0,·)
SKIP	w38:305	client RuntimeError: method->execute() failed with error 0x12 | [index_util.cpp:156] Check failed (index.scalar_type() == ScalarType::Long): Expected dtype int64 for index; index.scalar_type() = Int [op_scatter_add.cpp:61] Check failed (check_scatter_add_args(self, dim, index, src, out)):  [method.cpp:1480] KernelCall failed at instruction 0:0 in operator aten::scatter_add.out: 0x12 [method.cpp:1490] arg 0 with type id 1 [method.cpp:1490] arg 1 with type id 4 [method.cpp:1490] arg 2 with type id 1 [method.cpp:1490] arg 3 with type id 1 [method.cpp:1490] arg 4 with type id 1 [method.cpp:1490] arg 5 with type id 1	n0*=scatter_add.out(L0,·,L1,L2,·)
SKIP	w38:311	client RuntimeError: method->execute() failed with error 0x12 | [copy_ops_util.cpp:165] Check failed (implicit == false): This operator is not implemented for when implicit == true. [op_expand_copy.cpp:63] Check failed (check_expand_copy_args(self, expand_sizes, implicit, out)):  [method.cpp:1480] KernelCall failed at instruction 0:0 in operator aten::expand_copy.out: 0x12 [method.cpp:1490] arg 0 with type id 1 [method.cpp:1490] arg 1 with type id 8 [method.cpp:1490] arg 2 with type id 5 [method.cpp:1490] arg 3 with type id 1 [method.cpp:1490] arg 4 with type id 1	n0*=expand_copy(L0,·,·)
SKIP	w38:330	client RuntimeError: method->execute() failed with error 0x12 | [op_arange.cpp:55] Check failed (utils::extract_scalar(start, &d_start)):  [method.cpp:1480] KernelCall failed at instruction 0:0 in operator aten::arange.start_out: 0x12 [method.cpp:1490] arg 0 with type id 5 [method.cpp:1490] arg 1 with type id 5 [method.cpp:1490] arg 2 with type id 3 [method.cpp:1490] arg 3 with type id 1 [method.cpp:1490] arg 4 with type id 1	n0*=arange.start_out(·,·,·,·)
SKIP	w38:355	client RuntimeError: method->execute() failed with error 0x12 | [normalization_ops_util.cpp:160] Check failed (in.size(0) == N):  [op_native_group_norm.cpp:139] Check failed (check_group_norm_args( input, weight, bias, N, C, HxW, group, out, mean_out, rstd_out)):  [method.cpp:1480] KernelCall failed at instruction 0:0 in operator aten::native_group_norm.out: 0x12 [method.cpp:1490] arg 0 with type id 1 [method.cpp:1490] arg 1 with type id 0 [method.cpp:1490] arg 2 with type id 0 [method.cpp:1490] arg 3 with type id 4 [method.cpp:1490] arg 4 with type id 4 [method.cpp:1490] arg 5 with type id 4 [method.cpp:1490] arg 6 with type id 4 [method.cpp:1490] arg 7 with type id 3 [method.cpp:1490] arg 8 with type id 1 [method.cpp:1490] arg 9 with type id 1 [method.cpp:1490] arg 10 with type id 1 [method.cpp:1490] arg 11 with type id 9	n0*=native_group_norm(L0,·,·,·,·,·,·,·)
MISMATCH	w38:382	out[0] non-finite mismatch (nan/inf positions differ)	n0*=bitwise_left_shift.Tensor_out(L0,L1,·)
SKIP	w38:401	client RuntimeError: method->execute() failed with error 0x12 | [op_copy.cpp:33] Check failed (non_blocking == false):  [method.cpp:1480] KernelCall failed at instruction 0:0 in operator aten::copy.out: 0x12 [method.cpp:1490] arg 0 with type id 1 [method.cpp:1490] arg 1 with type id 1 [method.cpp:1490] arg 2 with type id 5 [method.cpp:1490] arg 3 with type id 1 [method.cpp:1490] arg 4 with type id 1	n0*=copy(L0,L1,·)
MISMATCH	w38:415	out[0] non-finite mismatch (nan/inf positions differ)	n0*=gelu.out(L0,·,·)
SKIP	w38:437	client RuntimeError: method->execute() failed with error 0x12 | [normalization_ops_util.cpp:160] Check failed (in.size(0) == N):  [op_native_group_norm.cpp:139] Check failed (check_group_norm_args( input, weight, bias, N, C, HxW, group, out, mean_out, rstd_out)):  [method.cpp:1480] KernelCall failed at instruction 0:0 in operator aten::native_group_norm.out: 0x12 [method.cpp:1490] arg 0 with type id 1 [method.cpp:1490] arg 1 with type id 0 [method.cpp:1490] arg 2 with type id 0 [method.cpp:1490] arg 3 with type id 4 [method.cpp:1490] arg 4 with type id 4 [method.cpp:1490] arg 5 with type id 4 [method.cpp:1490] arg 6 with type id 4 [method.cpp:1490] arg 7 with type id 3 [method.cpp:1490] arg 8 with type id 1 [method.cpp:1490] arg 9 with type id 1 [method.cpp:1490] arg 10 with type id 1 [method.cpp:1490] arg 11 with type id 9	n0*=native_group_norm(L0,·,·,·,·,·,·,·)
SKIP	w38:440	client RuntimeError: method->execute() failed with error 0x12 | [tensor_util.h:617] Check failed (static_cast<size_t>(t.dim()) == rank): Expected tensor.dim() to be 2, but got 5 [distance_util.cpp:16] Check failed (tensor_is_rank(in, 2)):  [op_pdist_forward.cpp:25] Check failed (check_pdist_args(in, p, out)):  [method.cpp:1480] KernelCall failed at instruction 0:0 in operator aten::_pdist_forward.out: 0x12 [method.cpp:1490] arg 0 with type id 1 [method.cpp:1490] arg 1 with type id 3 [method.cpp:1490] arg 2 with type id 1 [method.cpp:1490] arg 3 with type id 1	n0*=_pdist_forward(L0,·)
SKIP	w38:468	client RuntimeError: method->execute() failed with error 0x12 | [op_fft_r2c.cpp:32] Check failed (onesided): onesided=False is not supported yet in _fft_r2c [method.cpp:1480] KernelCall failed at instruction 0:0 in operator aten::_fft_r2c.out: 0x12 [method.cpp:1490] arg 0 with type id 1 [method.cpp:1490] arg 1 with type id 8 [method.cpp:1490] arg 2 with type id 4 [method.cpp:1490] arg 3 with type id 5 [method.cpp:1490] arg 4 with type id 1 [method.cpp:1490] arg 5 with type id 1	n0*=_fft_r2c(L0,·,·,·)
SKIP	w38:83	client RuntimeError: method->execute() failed with error 0x12 | [copy_ops_util.cpp:165] Check failed (implicit == false): This operator is not implemented for when implicit == true. [op_expand_copy.cpp:63] Check failed (check_expand_copy_args(self, expand_sizes, implicit, out)):  [method.cpp:1480] KernelCall failed at instruction 0:0 in operator aten::expand_copy.out: 0x12 [method.cpp:1490] arg 0 with type id 1 [method.cpp:1490] arg 1 with type id 8 [method.cpp:1490] arg 2 with type id 5 [method.cpp:1490] arg 3 with type id 1 [method.cpp:1490] arg 4 with type id 1	n0*=expand_copy(L0,·,·)
SKIP	w39:108	client RuntimeError: method->execute() failed with error 0x12 | [op_arange.cpp:55] Check failed (utils::extract_scalar(start, &d_start)):  [method.cpp:1480] KernelCall failed at instruction 0:0 in operator aten::arange.start_out: 0x12 [method.cpp:1490] arg 0 with type id 5 [method.cpp:1490] arg 1 with type id 5 [method.cpp:1490] arg 2 with type id 5 [method.cpp:1490] arg 3 with type id 1 [method.cpp:1490] arg 4 with type id 1	n0*=arange.start_out(·,·,·,·)
SKIP	w39:133	client RuntimeError: method->execute() failed with error 0x12 | [normalization_ops_util.cpp:160] Check failed (in.size(0) == N):  [op_native_group_norm.cpp:139] Check failed (check_group_norm_args( input, weight, bias, N, C, HxW, group, out, mean_out, rstd_out)):  [method.cpp:1480] KernelCall failed at instruction 0:0 in operator aten::native_group_norm.out: 0x12 [method.cpp:1490] arg 0 with type id 1 [method.cpp:1490] arg 1 with type id 0 [method.cpp:1490] arg 2 with type id 0 [method.cpp:1490] arg 3 with type id 4 [method.cpp:1490] arg 4 with type id 4 [method.cpp:1490] arg 5 with type id 4 [method.cpp:1490] arg 6 with type id 4 [method.cpp:1490] arg 7 with type id 3 [method.cpp:1490] arg 8 with type id 1 [method.cpp:1490] arg 9 with type id 1 [method.cpp:1490] arg 10 with type id 1 [method.cpp:1490] arg 11 with type id 9	n0*=native_group_norm(L0,·,·,·,·,·,·,·)
MISMATCH	w39:157	out[0] max|delta|=9.223e+18 (rtol=0.01 atol=0.001)	n0*=bitwise_left_shift.Tensor_Scalar_out(L0,·,·)
SKIP	w39:18	client RuntimeError: method->execute() failed with error 0x12 | [tensor_util_portable.cpp:130] Check failed (all_contiguous || all_channels_last): 2 input tensors have different dim orders [op_fft_r2c.cpp:29] Check failed (tensors_have_same_dim_order(in, out)):  [method.cpp:1480] KernelCall failed at instruction 0:0 in operator aten::_fft_r2c.out: 0x12 [method.cpp:1490] arg 0 with type id 1 [method.cpp:1490] arg 1 with type id 8 [method.cpp:1490] arg 2 with type id 4 [method.cpp:1490] arg 3 with type id 5 [method.cpp:1490] arg 4 with type id 1 [method.cpp:1490] arg 5 with type id 1	n0*=_fft_r2c(L0,·,·,·)
MISMATCH	w39:193	out[0] non-finite mismatch (nan/inf positions differ)	n0*=gelu.out(L0,·,·)
SKIP	w39:215	client RuntimeError: method->execute() failed with error 0x12 | [normalization_ops_util.cpp:160] Check failed (in.size(0) == N):  [op_native_group_norm.cpp:139] Check failed (check_group_norm_args( input, weight, bias, N, C, HxW, group, out, mean_out, rstd_out)):  [method.cpp:1480] KernelCall failed at instruction 0:0 in operator aten::native_group_norm.out: 0x12 [method.cpp:1490] arg 0 with type id 1 [method.cpp:1490] arg 1 with type id 0 [method.cpp:1490] arg 2 with type id 0 [method.cpp:1490] arg 3 with type id 4 [method.cpp:1490] arg 4 with type id 4 [method.cpp:1490] arg 5 with type id 4 [method.cpp:1490] arg 6 with type id 4 [method.cpp:1490] arg 7 with type id 3 [method.cpp:1490] arg 8 with type id 1 [method.cpp:1490] arg 9 with type id 1 [method.cpp:1490] arg 10 with type id 1 [method.cpp:1490] arg 11 with type id 9	n0*=native_group_norm(L0,·,·,·,·,·,·,·)
SKIP	w39:218	client RuntimeError: method->execute() failed with error 0x12 | [tensor_util.h:617] Check failed (static_cast<size_t>(t.dim()) == rank): Expected tensor.dim() to be 2, but got 1 [distance_util.cpp:16] Check failed (tensor_is_rank(in, 2)):  [op_pdist_forward.cpp:25] Check failed (check_pdist_args(in, p, out)):  [method.cpp:1480] KernelCall failed at instruction 0:0 in operator aten::_pdist_forward.out: 0x12 [method.cpp:1490] arg 0 with type id 1 [method.cpp:1490] arg 1 with type id 3 [method.cpp:1490] arg 2 with type id 1 [method.cpp:1490] arg 3 with type id 1	n0*=_pdist_forward(L0,·)
SKIP	w39:61	client RuntimeError: method->execute() failed with error 0x12 | [op_log_softmax.cpp:152] Check failed (false):  [method.cpp:1480] KernelCall failed at instruction 0:0 in operator aten::_log_softmax.out: 0x12 [method.cpp:1490] arg 0 with type id 1 [method.cpp:1490] arg 1 with type id 4 [method.cpp:1490] arg 2 with type id 5 [method.cpp:1490] arg 3 with type id 1 [method.cpp:1490] arg 4 with type id 1	n0*=_log_softmax.out(L0,·,·,·)
MISMATCH	w39:81	out[0] max|delta|=5.765e+17 (rtol=0.0 atol=0.0)	n0*=bitwise_left_shift.Tensor_Scalar(L0,·)
SKIP	w39:89	client RuntimeError: method->execute() failed with error 0x12 | [copy_ops_util.cpp:165] Check failed (implicit == false): This operator is not implemented for when implicit == true. [op_expand_copy.cpp:63] Check failed (check_expand_copy_args(self, expand_sizes, implicit, out)):  [method.cpp:1480] KernelCall failed at instruction 0:0 in operator aten::expand_copy.out: 0x12 [method.cpp:1490] arg 0 with type id 1 [method.cpp:1490] arg 1 with type id 8 [method.cpp:1490] arg 2 with type id 5 [method.cpp:1490] arg 3 with type id 1 [method.cpp:1490] arg 4 with type id 1	n0*=expand_copy(L0,·,·)
SKIP	w4:160	client RuntimeError: method->execute() failed with error 0x12 | [op_arange.cpp:55] Check failed (utils::extract_scalar(start, &d_start)):  [method.cpp:1480] KernelCall failed at instruction 0:0 in operator aten::arange.start_out: 0x12 [method.cpp:1490] arg 0 with type id 5 [method.cpp:1490] arg 1 with type id 5 [method.cpp:1490] arg 2 with type id 5 [method.cpp:1490] arg 3 with type id 1 [method.cpp:1490] arg 4 with type id 1	n0*=arange.start_out(·,·,·,·)
SKIP	w4:166	client RuntimeError: method->execute() failed with error 0x12 | [index_util.cpp:24] Check failed (index.scalar_type() == ScalarType::Long): Expected dtype int64 for index; index.scalar_type() = Int [op_scatter.cpp:140] Check failed (check_scatter_value_args(in, dim, index, value, out)):  [method.cpp:1480] KernelCall failed at instruction 0:0 in operator aten::scatter.value_out: 0x12 [method.cpp:1490] arg 0 with type id 1 [method.cpp:1490] arg 1 with type id 4 [method.cpp:1490] arg 2 with type id 1 [method.cpp:1490] arg 3 with type id 4 [method.cpp:1490] arg 4 with type id 1 [method.cpp:1490] arg 5 with type id 1	n0*=scatter.value_out(L0,·,L1,·,·)
MISMATCH	w4:17	out[0] non-finite mismatch (nan/inf positions differ)	n0*=gelu.out(L0,·,·)
SKIP	w4:185	client RuntimeError: method->execute() failed with error 0x12 | [normalization_ops_util.cpp:160] Check failed (in.size(0) == N):  [op_native_group_norm.cpp:139] Check failed (check_group_norm_args( input, weight, bias, N, C, HxW, group, out, mean_out, rstd_out)):  [method.cpp:1480] KernelCall failed at instruction 0:0 in operator aten::native_group_norm.out: 0x12 [method.cpp:1490] arg 0 with type id 1 [method.cpp:1490] arg 1 with type id 0 [method.cpp:1490] arg 2 with type id 0 [method.cpp:1490] arg 3 with type id 4 [method.cpp:1490] arg 4 with type id 4 [method.cpp:1490] arg 5 with type id 4 [method.cpp:1490] arg 6 with type id 4 [method.cpp:1490] arg 7 with type id 3 [method.cpp:1490] arg 8 with type id 1 [method.cpp:1490] arg 9 with type id 1 [method.cpp:1490] arg 10 with type id 1 [method.cpp:1490] arg 11 with type id 9	n0*=native_group_norm(L0,·,·,·,·,·,·,·)
MISMATCH	w4:212	out[0] max|delta|=9.223e+18 (rtol=0.0 atol=0.0)	n0*=bitwise_left_shift.Tensor_out(L0,L1,·)
SKIP	w4:231	client RuntimeError: method->execute() failed with error 0x12 | [op_copy.cpp:33] Check failed (non_blocking == false):  [method.cpp:1480] KernelCall failed at instruction 0:0 in operator aten::copy.out: 0x12 [method.cpp:1490] arg 0 with type id 1 [method.cpp:1490] arg 1 with type id 1 [method.cpp:1490] arg 2 with type id 5 [method.cpp:1490] arg 3 with type id 1 [method.cpp:1490] arg 4 with type id 1	n0*=copy(L0,L1,·)
MISMATCH	w4:245	out[0] non-finite mismatch (nan/inf positions differ)	n0*=gelu.out(L0,·,·)
MISMATCH	w4:258	out[0] max|delta|=4.000e+00 (rtol=0.01 atol=0.001)	n0*=remainder.Tensor_out(L0,L1,·)
SKIP	w4:267	client RuntimeError: method->execute() failed with error 0x12 | [normalization_ops_util.cpp:160] Check failed (in.size(0) == N):  [op_native_group_norm.cpp:139] Check failed (check_group_norm_args( input, weight, bias, N, C, HxW, group, out, mean_out, rstd_out)):  [method.cpp:1480] KernelCall failed at instruction 0:0 in operator aten::native_group_norm.out: 0x12 [method.cpp:1490] arg 0 with type id 1 [method.cpp:1490] arg 1 with type id 0 [method.cpp:1490] arg 2 with type id 0 [method.cpp:1490] arg 3 with type id 4 [method.cpp:1490] arg 4 with type id 4 [method.cpp:1490] arg 5 with type id 4 [method.cpp:1490] arg 6 with type id 4 [method.cpp:1490] arg 7 with type id 3 [method.cpp:1490] arg 8 with type id 1 [method.cpp:1490] arg 9 with type id 1 [method.cpp:1490] arg 10 with type id 1 [method.cpp:1490] arg 11 with type id 9	n0*=native_group_norm(L0,·,·,·,·,·,·,·)
SKIP	w4:270	client RuntimeError: method->execute() failed with error 0x12 | [tensor_util.h:617] Check failed (static_cast<size_t>(t.dim()) == rank): Expected tensor.dim() to be 2, but got 3 [distance_util.cpp:16] Check failed (tensor_is_rank(in, 2)):  [op_pdist_forward.cpp:25] Check failed (check_pdist_args(in, p, out)):  [method.cpp:1480] KernelCall failed at instruction 0:0 in operator aten::_pdist_forward.out: 0x12 [method.cpp:1490] arg 0 with type id 1 [method.cpp:1490] arg 1 with type id 3 [method.cpp:1490] arg 2 with type id 1 [method.cpp:1490] arg 3 with type id 1	n0*=_pdist_forward(L0,·)
SKIP	w4:298	client RuntimeError: method->execute() failed with error 0x12 | [op_fft_r2c.cpp:32] Check failed (onesided): onesided=False is not supported yet in _fft_r2c [method.cpp:1480] KernelCall failed at instruction 0:0 in operator aten::_fft_r2c.out: 0x12 [method.cpp:1490] arg 0 with type id 1 [method.cpp:1490] arg 1 with type id 8 [method.cpp:1490] arg 2 with type id 4 [method.cpp:1490] arg 3 with type id 5 [method.cpp:1490] arg 4 with type id 1 [method.cpp:1490] arg 5 with type id 1	n0*=_fft_r2c(L0,·,·,·)
SKIP	w4:3	client RuntimeError: method->execute() failed with error 0x12 | [op_copy.cpp:33] Check failed (non_blocking == false):  [method.cpp:1480] KernelCall failed at instruction 0:0 in operator aten::copy.out: 0x12 [method.cpp:1490] arg 0 with type id 1 [method.cpp:1490] arg 1 with type id 1 [method.cpp:1490] arg 2 with type id 5 [method.cpp:1490] arg 3 with type id 1 [method.cpp:1490] arg 4 with type id 1	n0*=copy(L0,L1,·)
SKIP	w4:39	client RuntimeError: method->execute() failed with error 0x12 | [normalization_ops_util.cpp:160] Check failed (in.size(0) == N):  [op_native_group_norm.cpp:139] Check failed (check_group_norm_args( input, weight, bias, N, C, HxW, group, out, mean_out, rstd_out)):  [method.cpp:1480] KernelCall failed at instruction 0:0 in operator aten::native_group_norm.out: 0x12 [method.cpp:1490] arg 0 with type id 1 [method.cpp:1490] arg 1 with type id 0 [method.cpp:1490] arg 2 with type id 0 [method.cpp:1490] arg 3 with type id 4 [method.cpp:1490] arg 4 with type id 4 [method.cpp:1490] arg 5 with type id 4 [method.cpp:1490] arg 6 with type id 4 [method.cpp:1490] arg 7 with type id 3 [method.cpp:1490] arg 8 with type id 1 [method.cpp:1490] arg 9 with type id 1 [method.cpp:1490] arg 10 with type id 1 [method.cpp:1490] arg 11 with type id 9	n0*=native_group_norm(L0,·,·,·,·,·,·,·)
SKIP	w4:42	client RuntimeError: method->execute() failed with error 0x12 | [tensor_util.h:617] Check failed (static_cast<size_t>(t.dim()) == rank): Expected tensor.dim() to be 2, but got 3 [distance_util.cpp:16] Check failed (tensor_is_rank(in, 2)):  [op_pdist_forward.cpp:25] Check failed (check_pdist_args(in, p, out)):  [method.cpp:1480] KernelCall failed at instruction 0:0 in operator aten::_pdist_forward.out: 0x12 [method.cpp:1490] arg 0 with type id 1 [method.cpp:1490] arg 1 with type id 3 [method.cpp:1490] arg 2 with type id 1 [method.cpp:1490] arg 3 with type id 1	n0*=_pdist_forward(L0,·)
SKIP	w4:70	client RuntimeError: method->execute() failed with error 0x12 | [tensor_util_portable.cpp:130] Check failed (all_contiguous || all_channels_last): 2 input tensors have different dim orders [op_fft_r2c.cpp:29] Check failed (tensors_have_same_dim_order(in, out)):  [method.cpp:1480] KernelCall failed at instruction 0:0 in operator aten::_fft_r2c.out: 0x12 [method.cpp:1490] arg 0 with type id 1 [method.cpp:1490] arg 1 with type id 8 [method.cpp:1490] arg 2 with type id 4 [method.cpp:1490] arg 3 with type id 5 [method.cpp:1490] arg 4 with type id 1 [method.cpp:1490] arg 5 with type id 1	n0*=_fft_r2c(L0,·,·,·)
SKIP	w4:88	client RuntimeError: method->execute() failed with error 0x12 | [op_add.cpp:118] Check failed ((common_type == a_type && check_alpha_type(utils::get_scalar_dtype(alpha), common_type))):  [method.cpp:1480] KernelCall failed at instruction 0:0 in operator aten::add.Scalar_out: 0x12 [method.cpp:1490] arg 0 with type id 1 [method.cpp:1490] arg 1 with type id 4 [method.cpp:1490] arg 2 with type id 4 [method.cpp:1490] arg 3 with type id 1 [method.cpp:1490] arg 4 with type id 1	n0*=add.Scalar(L0,·,·)
MISMATCH	w40:116	out[0] non-finite mismatch (nan/inf positions differ)	n0*=gelu.out(L0,·,·)
MISMATCH	w40:130	out[0] max|delta|=4.000e+00 (rtol=0.0 atol=0.0)	n0*=fmod.Scalar(L0,·)
SKIP	w40:138	client RuntimeError: method->execute() failed with error 0x12 | [normalization_ops_util.cpp:160] Check failed (in.size(0) == N):  [op_native_group_norm.cpp:139] Check failed (check_group_norm_args( input, weight, bias, N, C, HxW, group, out, mean_out, rstd_out)):  [method.cpp:1480] KernelCall failed at instruction 0:0 in operator aten::native_group_norm.out: 0x12 [method.cpp:1490] arg 0 with type id 1 [method.cpp:1490] arg 1 with type id 0 [method.cpp:1490] arg 2 with type id 0 [method.cpp:1490] arg 3 with type id 4 [method.cpp:1490] arg 4 with type id 4 [method.cpp:1490] arg 5 with type id 4 [method.cpp:1490] arg 6 with type id 4 [method.cpp:1490] arg 7 with type id 3 [method.cpp:1490] arg 8 with type id 1 [method.cpp:1490] arg 9 with type id 1 [method.cpp:1490] arg 10 with type id 1 [method.cpp:1490] arg 11 with type id 9	n0*=native_group_norm(L0,·,·,·,·,·,·,·)
SKIP	w40:141	client RuntimeError: method->execute() failed with error 0x12 | [tensor_util.h:617] Check failed (static_cast<size_t>(t.dim()) == rank): Expected tensor.dim() to be 2, but got 1 [distance_util.cpp:16] Check failed (tensor_is_rank(in, 2)):  [op_pdist_forward.cpp:25] Check failed (check_pdist_args(in, p, out)):  [method.cpp:1480] KernelCall failed at instruction 0:0 in operator aten::_pdist_forward.out: 0x12 [method.cpp:1490] arg 0 with type id 1 [method.cpp:1490] arg 1 with type id 3 [method.cpp:1490] arg 2 with type id 1 [method.cpp:1490] arg 3 with type id 1	n0*=_pdist_forward(L0,·)
SKIP	w40:169	client RuntimeError: method->execute() failed with error 0x12 | [tensor_util_portable.cpp:130] Check failed (all_contiguous || all_channels_last): 2 input tensors have different dim orders [op_fft_r2c.cpp:29] Check failed (tensors_have_same_dim_order(in, out)):  [method.cpp:1480] KernelCall failed at instruction 0:0 in operator aten::_fft_r2c.out: 0x12 [method.cpp:1490] arg 0 with type id 1 [method.cpp:1490] arg 1 with type id 8 [method.cpp:1490] arg 2 with type id 4 [method.cpp:1490] arg 3 with type id 5 [method.cpp:1490] arg 4 with type id 1 [method.cpp:1490] arg 5 with type id 1	n0*=_fft_r2c(L0,·,·,·)
SKIP	w40:212	client RuntimeError: method->execute() failed with error 0x12 | [op_log_softmax.cpp:152] Check failed (false):  [method.cpp:1480] KernelCall failed at instruction 0:0 in operator aten::_log_softmax.out: 0x12 [method.cpp:1490] arg 0 with type id 1 [method.cpp:1490] arg 1 with type id 4 [method.cpp:1490] arg 2 with type id 5 [method.cpp:1490] arg 3 with type id 1 [method.cpp:1490] arg 4 with type id 1	n0*=_log_softmax.out(L0,·,·,·)
SKIP	w40:240	client RuntimeError: method->execute() failed with error 0x12 | [copy_ops_util.cpp:165] Check failed (implicit == false): This operator is not implemented for when implicit == true. [op_expand_copy.cpp:63] Check failed (check_expand_copy_args(self, expand_sizes, implicit, out)):  [method.cpp:1480] KernelCall failed at instruction 0:0 in operator aten::expand_copy.out: 0x12 [method.cpp:1490] arg 0 with type id 1 [method.cpp:1490] arg 1 with type id 8 [method.cpp:1490] arg 2 with type id 5 [method.cpp:1490] arg 3 with type id 1 [method.cpp:1490] arg 4 with type id 1	n0*=expand_copy(L0,·,·)
SKIP	w40:259	client RuntimeError: method->execute() failed with error 0x12 | [op_arange.cpp:55] Check failed (utils::extract_scalar(start, &d_start)):  [method.cpp:1480] KernelCall failed at instruction 0:0 in operator aten::arange.start_out: 0x12 [method.cpp:1490] arg 0 with type id 5 [method.cpp:1490] arg 1 with type id 3 [method.cpp:1490] arg 2 with type id 4 [method.cpp:1490] arg 3 with type id 1 [method.cpp:1490] arg 4 with type id 1	n0*=arange.start_out(·,·,·,·)
MISMATCH	w40:26	out[0] max|delta|=8.000e+00 (rtol=0.0 atol=0.0)	n0*=remainder.Scalar_out(L0,·,·)
SKIP	w40:31	client RuntimeError: method->execute() failed with error 0x12 | [op_arange.cpp:55] Check failed (utils::extract_scalar(start, &d_start)):  [method.cpp:1480] KernelCall failed at instruction 0:0 in operator aten::arange.start_out: 0x12 [method.cpp:1490] arg 0 with type id 5 [method.cpp:1490] arg 1 with type id 5 [method.cpp:1490] arg 2 with type id 5 [method.cpp:1490] arg 3 with type id 1 [method.cpp:1490] arg 4 with type id 1	n0*=arange.start_out(·,·,·,·)
MISMATCH	w40:4	out[0] max|delta|=5.765e+17 (rtol=0.0 atol=0.0)	n0*=bitwise_left_shift.Tensor_Scalar(L0,·)
SKIP	w40:56	client RuntimeError: method->execute() failed with error 0x12 | [normalization_ops_util.cpp:160] Check failed (in.size(0) == N):  [op_native_group_norm.cpp:139] Check failed (check_group_norm_args( input, weight, bias, N, C, HxW, group, out, mean_out, rstd_out)):  [method.cpp:1480] KernelCall failed at instruction 0:0 in operator aten::native_group_norm.out: 0x12 [method.cpp:1490] arg 0 with type id 1 [method.cpp:1490] arg 1 with type id 0 [method.cpp:1490] arg 2 with type id 0 [method.cpp:1490] arg 3 with type id 4 [method.cpp:1490] arg 4 with type id 4 [method.cpp:1490] arg 5 with type id 4 [method.cpp:1490] arg 6 with type id 4 [method.cpp:1490] arg 7 with type id 3 [method.cpp:1490] arg 8 with type id 1 [method.cpp:1490] arg 9 with type id 1 [method.cpp:1490] arg 10 with type id 1 [method.cpp:1490] arg 11 with type id 9	n0*=native_group_norm(L0,·,·,·,·,·,·,·)
MISMATCH	w40:80	out[0] max|delta|=8.647e+17 (rtol=0.0 atol=0.0)	n0*=bitwise_left_shift.Tensor_Scalar_out(L0,·,·)
MISMATCH	w40:83	out[0] non-finite mismatch (nan/inf positions differ)	n0*=bitwise_left_shift.Tensor_out(L0,L1,·)
SKIP	w41:118	client RuntimeError: method->execute() failed with error 0x12 | [normalization_ops_util.cpp:160] Check failed (in.size(0) == N):  [op_native_group_norm.cpp:139] Check failed (check_group_norm_args( input, weight, bias, N, C, HxW, group, out, mean_out, rstd_out)):  [method.cpp:1480] KernelCall failed at instruction 0:0 in operator aten::native_group_norm.out: 0x12 [method.cpp:1490] arg 0 with type id 1 [method.cpp:1490] arg 1 with type id 0 [method.cpp:1490] arg 2 with type id 0 [method.cpp:1490] arg 3 with type id 4 [method.cpp:1490] arg 4 with type id 4 [method.cpp:1490] arg 5 with type id 4 [method.cpp:1490] arg 6 with type id 4 [method.cpp:1490] arg 7 with type id 3 [method.cpp:1490] arg 8 with type id 1 [method.cpp:1490] arg 9 with type id 1 [method.cpp:1490] arg 10 with type id 1 [method.cpp:1490] arg 11 with type id 9	n0*=native_group_norm(L0,·,·,·,·,·,·,·)
SKIP	w41:157	client RuntimeError: method->execute() failed with error 0x12 | [index_util.cpp:156] Check failed (index.scalar_type() == ScalarType::Long): Expected dtype int64 for index; index.scalar_type() = Int [op_scatter.cpp:113] Check failed (check_scatter_src_args(in, dim, index, src, out)):  [method.cpp:1480] KernelCall failed at instruction 0:0 in operator aten::scatter.src_out: 0x12 [method.cpp:1490] arg 0 with type id 1 [method.cpp:1490] arg 1 with type id 4 [method.cpp:1490] arg 2 with type id 1 [method.cpp:1490] arg 3 with type id 1 [method.cpp:1490] arg 4 with type id 1 [method.cpp:1490] arg 5 with type id 1	n0*=scatter.src_out(L0,·,L1,L2,·)
SKIP	w41:164	client RuntimeError: method->execute() failed with error 0x12 | [op_copy.cpp:33] Check failed (non_blocking == false):  [method.cpp:1480] KernelCall failed at instruction 0:0 in operator aten::copy.out: 0x12 [method.cpp:1490] arg 0 with type id 1 [method.cpp:1490] arg 1 with type id 1 [method.cpp:1490] arg 2 with type id 5 [method.cpp:1490] arg 3 with type id 1 [method.cpp:1490] arg 4 with type id 1	n0*=copy(L0,L1,·)
SKIP	w41:231	client RuntimeError: method->execute() failed with error 0x12 | [tensor_util_portable.cpp:130] Check failed (all_contiguous || all_channels_last): 2 input tensors have different dim orders [op_fft_r2c.cpp:29] Check failed (tensors_have_same_dim_order(in, out)):  [method.cpp:1480] KernelCall failed at instruction 0:0 in operator aten::_fft_r2c.out: 0x12 [method.cpp:1490] arg 0 with type id 1 [method.cpp:1490] arg 1 with type id 8 [method.cpp:1490] arg 2 with type id 4 [method.cpp:1490] arg 3 with type id 5 [method.cpp:1490] arg 4 with type id 1 [method.cpp:1490] arg 5 with type id 1	n0*=_fft_r2c(L0,·,·,·)
MISMATCH	w41:274	out[0] non-finite mismatch (nan/inf positions differ)	n0*=_log_softmax.out(L0,·,·,·)
SKIP	w41:302	client RuntimeError: method->execute() failed with error 0x12 | [copy_ops_util.cpp:165] Check failed (implicit == false): This operator is not implemented for when implicit == true. [op_expand_copy.cpp:63] Check failed (check_expand_copy_args(self, expand_sizes, implicit, out)):  [method.cpp:1480] KernelCall failed at instruction 0:0 in operator aten::expand_copy.out: 0x12 [method.cpp:1490] arg 0 with type id 1 [method.cpp:1490] arg 1 with type id 8 [method.cpp:1490] arg 2 with type id 5 [method.cpp:1490] arg 3 with type id 1 [method.cpp:1490] arg 4 with type id 1	n0*=expand_copy(L0,·,·)
SKIP	w41:32	client RuntimeError: method->execute() failed with error 0x12 | [op_permute_copy.cpp:70] Unhandled dtype Float8_e4m3fn for permute_copy.out [method.cpp:1480] KernelCall failed at instruction 0:0 in operator aten::permute_copy.out: 0x12 [method.cpp:1490] arg 0 with type id 1 [method.cpp:1490] arg 1 with type id 8 [method.cpp:1490] arg 2 with type id 1 [method.cpp:1490] arg 3 with type id 1	n0*=linear.out(L0,L1,·,·)
SKIP	w41:321	client RuntimeError: method->execute() failed with error 0x12 | [op_arange.cpp:55] Check failed (utils::extract_scalar(start, &d_start)):  [method.cpp:1480] KernelCall failed at instruction 0:0 in operator aten::arange.start_out: 0x12 [method.cpp:1490] arg 0 with type id 5 [method.cpp:1490] arg 1 with type id 3 [method.cpp:1490] arg 2 with type id 4 [method.cpp:1490] arg 3 with type id 1 [method.cpp:1490] arg 4 with type id 1	n0*=arange.start_out(·,·,·,·)
SKIP	w41:346	client RuntimeError: method->execute() failed with error 0x12 | [normalization_ops_util.cpp:161] Check failed (in.size(1) == C):  [op_native_group_norm.cpp:139] Check failed (check_group_norm_args( input, weight, bias, N, C, HxW, group, out, mean_out, rstd_out)):  [method.cpp:1480] KernelCall failed at instruction 0:0 in operator aten::native_group_norm.out: 0x12 [method.cpp:1490] arg 0 with type id 1 [method.cpp:1490] arg 1 with type id 0 [method.cpp:1490] arg 2 with type id 0 [method.cpp:1490] arg 3 with type id 4 [method.cpp:1490] arg 4 with type id 4 [method.cpp:1490] arg 5 with type id 4 [method.cpp:1490] arg 6 with type id 4 [method.cpp:1490] arg 7 with type id 3 [method.cpp:1490] arg 8 with type id 1 [method.cpp:1490] arg 9 with type id 1 [method.cpp:1490] arg 10 with type id 1 [method.cpp:1490] arg 11 with type id 9	n0*=native_group_norm(L0,·,·,·,·,·,·,·)
MISMATCH	w41:370	out[0] non-finite mismatch (nan/inf positions differ)	n0*=bitwise_left_shift.Tensor_Scalar_out(L0,·,·)
MISMATCH	w41:373	out[0] non-finite mismatch (nan/inf positions differ)	n0*=bitwise_left_shift.Tensor_out(L0,L1,·)
SKIP	w41:392	client RuntimeError: method->execute() failed with error 0x12 | [op_copy.cpp:33] Check failed (non_blocking == false):  [method.cpp:1480] KernelCall failed at instruction 0:0 in operator aten::copy.out: 0x12 [method.cpp:1490] arg 0 with type id 1 [method.cpp:1490] arg 1 with type id 1 [method.cpp:1490] arg 2 with type id 5 [method.cpp:1490] arg 3 with type id 1 [method.cpp:1490] arg 4 with type id 1	n0*=copy(L0,L1,·)
MISMATCH	w41:406	out[0] non-finite mismatch (nan/inf positions differ)	n0*=gelu.out(L0,·,·)
SKIP	w41:431	client RuntimeError: method->execute() failed with error 0x12 | [tensor_util.h:617] Check failed (static_cast<size_t>(t.dim()) == rank): Expected tensor.dim() to be 2, but got 1 [distance_util.cpp:16] Check failed (tensor_is_rank(in, 2)):  [op_pdist_forward.cpp:25] Check failed (check_pdist_args(in, p, out)):  [method.cpp:1480] KernelCall failed at instruction 0:0 in operator aten::_pdist_forward.out: 0x12 [method.cpp:1490] arg 0 with type id 1 [method.cpp:1490] arg 1 with type id 3 [method.cpp:1490] arg 2 with type id 1 [method.cpp:1490] arg 3 with type id 1	n0*=_pdist_forward(L0,·)
SKIP	w41:459	client RuntimeError: method->execute() failed with error 0x12 | [tensor_util_portable.cpp:130] Check failed (all_contiguous || all_channels_last): 2 input tensors have different dim orders [op_fft_r2c.cpp:29] Check failed (tensors_have_same_dim_order(in, out)):  [method.cpp:1480] KernelCall failed at instruction 0:0 in operator aten::_fft_r2c.out: 0x12 [method.cpp:1490] arg 0 with type id 1 [method.cpp:1490] arg 1 with type id 8 [method.cpp:1490] arg 2 with type id 4 [method.cpp:1490] arg 3 with type id 5 [method.cpp:1490] arg 4 with type id 1 [method.cpp:1490] arg 5 with type id 1	n0*=_fft_r2c(L0,·,·,·)
SKIP	w41:46	client RuntimeError: method->execute() failed with error 0x12 | [op_log_softmax.cpp:152] Check failed (false):  [method.cpp:1480] KernelCall failed at instruction 0:0 in operator aten::_log_softmax.out: 0x12 [method.cpp:1490] arg 0 with type id 1 [method.cpp:1490] arg 1 with type id 4 [method.cpp:1490] arg 2 with type id 5 [method.cpp:1490] arg 3 with type id 1 [method.cpp:1490] arg 4 with type id 1	n0*=_log_softmax.out(L0,·,·,·)
SKIP	w41:502	client RuntimeError: method->execute() failed with error 0x12 | [op_log_softmax.cpp:152] Check failed (false):  [method.cpp:1480] KernelCall failed at instruction 0:0 in operator aten::_log_softmax.out: 0x12 [method.cpp:1490] arg 0 with type id 1 [method.cpp:1490] arg 1 with type id 4 [method.cpp:1490] arg 2 with type id 5 [method.cpp:1490] arg 3 with type id 1 [method.cpp:1490] arg 4 with type id 1	n0*=_log_softmax.out(L0,·,·,·)
MISMATCH	w41:66	out[0] max|delta|=4.612e+18 (rtol=0.0 atol=0.0)	n0*=bitwise_left_shift.Tensor_Scalar(L0,·)
SKIP	w41:93	client RuntimeError: method->execute() failed with error 0x12 | [op_arange.cpp:55] Check failed (utils::extract_scalar(start, &d_start)):  [method.cpp:1480] KernelCall failed at instruction 0:0 in operator aten::arange.start_out: 0x12 [method.cpp:1490] arg 0 with type id 5 [method.cpp:1490] arg 1 with type id 5 [method.cpp:1490] arg 2 with type id 5 [method.cpp:1490] arg 3 with type id 1 [method.cpp:1490] arg 4 with type id 1	n0*=arange.start_out(·,·,·,·)
SKIP	w42:112	client RuntimeError: method->execute() failed with error 0x12 | [normalization_ops_util.cpp:160] Check failed (in.size(0) == N):  [op_native_group_norm.cpp:139] Check failed (check_group_norm_args( input, weight, bias, N, C, HxW, group, out, mean_out, rstd_out)):  [method.cpp:1480] KernelCall failed at instruction 0:0 in operator aten::native_group_norm.out: 0x12 [method.cpp:1490] arg 0 with type id 1 [method.cpp:1490] arg 1 with type id 0 [method.cpp:1490] arg 2 with type id 0 [method.cpp:1490] arg 3 with type id 4 [method.cpp:1490] arg 4 with type id 4 [method.cpp:1490] arg 5 with type id 4 [method.cpp:1490] arg 6 with type id 4 [method.cpp:1490] arg 7 with type id 3 [method.cpp:1490] arg 8 with type id 1 [method.cpp:1490] arg 9 with type id 1 [method.cpp:1490] arg 10 with type id 1 [method.cpp:1490] arg 11 with type id 9	n0*=native_group_norm(L0,·,·,·,·,·,·,·)
MISMATCH	w42:139	out[0] max|delta|=9.223e+18 (rtol=0.0 atol=0.0)	n0*=bitwise_left_shift.Tensor_out(L0,L1,·)
SKIP	w42:15	client RuntimeError: method->execute() failed with error 0x12 | [op_add.cpp:118] Check failed ((common_type == a_type && check_alpha_type(utils::get_scalar_dtype(alpha), common_type))):  [method.cpp:1480] KernelCall failed at instruction 0:0 in operator aten::add.Scalar_out: 0x12 [method.cpp:1490] arg 0 with type id 1 [method.cpp:1490] arg 1 with type id 4 [method.cpp:1490] arg 2 with type id 4 [method.cpp:1490] arg 3 with type id 1 [method.cpp:1490] arg 4 with type id 1	n0*=add.Scalar(L0,·,·)
MISMATCH	w42:172	out[0] non-finite mismatch (nan/inf positions differ)	n0*=gelu.out(L0,·,·)
SKIP	w42:194	client RuntimeError: method->execute() failed with error 0x12 | [normalization_ops_util.cpp:161] Check failed (in.size(1) == C):  [op_native_group_norm.cpp:139] Check failed (check_group_norm_args( input, weight, bias, N, C, HxW, group, out, mean_out, rstd_out)):  [method.cpp:1480] KernelCall failed at instruction 0:0 in operator aten::native_group_norm.out: 0x12 [method.cpp:1490] arg 0 with type id 1 [method.cpp:1490] arg 1 with type id 0 [method.cpp:1490] arg 2 with type id 0 [method.cpp:1490] arg 3 with type id 4 [method.cpp:1490] arg 4 with type id 4 [method.cpp:1490] arg 5 with type id 4 [method.cpp:1490] arg 6 with type id 4 [method.cpp:1490] arg 7 with type id 3 [method.cpp:1490] arg 8 with type id 1 [method.cpp:1490] arg 9 with type id 1 [method.cpp:1490] arg 10 with type id 1 [method.cpp:1490] arg 11 with type id 9	n0*=native_group_norm(L0,·,·,·,·,·,·,·)
SKIP	w42:197	client RuntimeError: method->execute() failed with error 0x12 | [tensor_util.h:617] Check failed (static_cast<size_t>(t.dim()) == rank): Expected tensor.dim() to be 2, but got 1 [distance_util.cpp:16] Check failed (tensor_is_rank(in, 2)):  [op_pdist_forward.cpp:25] Check failed (check_pdist_args(in, p, out)):  [method.cpp:1480] KernelCall failed at instruction 0:0 in operator aten::_pdist_forward.out: 0x12 [method.cpp:1490] arg 0 with type id 1 [method.cpp:1490] arg 1 with type id 3 [method.cpp:1490] arg 2 with type id 1 [method.cpp:1490] arg 3 with type id 1	n0*=_pdist_forward(L0,·)
SKIP	w42:225	client RuntimeError: method->execute() failed with error 0x12 | [op_fft_r2c.cpp:32] Check failed (onesided): onesided=False is not supported yet in _fft_r2c [method.cpp:1480] KernelCall failed at instruction 0:0 in operator aten::_fft_r2c.out: 0x12 [method.cpp:1490] arg 0 with type id 1 [method.cpp:1490] arg 1 with type id 8 [method.cpp:1490] arg 2 with type id 4 [method.cpp:1490] arg 3 with type id 5 [method.cpp:1490] arg 4 with type id 1 [method.cpp:1490] arg 5 with type id 1	n0*=_fft_r2c(L0,·,·,·)
SKIP	w42:268	client RuntimeError: method->execute() failed with error 0x12 | [op_log_softmax.cpp:152] Check failed (false):  [method.cpp:1480] KernelCall failed at instruction 0:0 in operator aten::_log_softmax.out: 0x12 [method.cpp:1490] arg 0 with type id 1 [method.cpp:1490] arg 1 with type id 4 [method.cpp:1490] arg 2 with type id 5 [method.cpp:1490] arg 3 with type id 1 [method.cpp:1490] arg 4 with type id 1	n0*=_log_softmax.out(L0,·,·,·)
MISMATCH	w42:288	out[0] max|delta|=2.306e+18 (rtol=0.0 atol=0.0)	n0*=bitwise_left_shift.Tensor_Scalar(L0,·)
MISMATCH	w42:60	out[0] max|delta|=2.306e+18 (rtol=0.0 atol=0.0)	n0*=bitwise_left_shift.Tensor_Scalar(L0,·)
SKIP	w42:87	client RuntimeError: method->execute() failed with error 0x12 | [op_arange.cpp:55] Check failed (utils::extract_scalar(start, &d_start)):  [method.cpp:1480] KernelCall failed at instruction 0:0 in operator aten::arange.start_out: 0x12 [method.cpp:1490] arg 0 with type id 5 [method.cpp:1490] arg 1 with type id 5 [method.cpp:1490] arg 2 with type id 3 [method.cpp:1490] arg 3 with type id 1 [method.cpp:1490] arg 4 with type id 1	n0*=arange.start_out(·,·,·,·)
MISMATCH	w43:106	out[0] non-finite mismatch (nan/inf positions differ)	n0*=gelu.out(L0,·,·)
SKIP	w43:128	client RuntimeError: method->execute() failed with error 0x12 | [normalization_ops_util.cpp:160] Check failed (in.size(0) == N):  [op_native_group_norm.cpp:139] Check failed (check_group_norm_args( input, weight, bias, N, C, HxW, group, out, mean_out, rstd_out)):  [method.cpp:1480] KernelCall failed at instruction 0:0 in operator aten::native_group_norm.out: 0x12 [method.cpp:1490] arg 0 with type id 1 [method.cpp:1490] arg 1 with type id 0 [method.cpp:1490] arg 2 with type id 0 [method.cpp:1490] arg 3 with type id 4 [method.cpp:1490] arg 4 with type id 4 [method.cpp:1490] arg 5 with type id 4 [method.cpp:1490] arg 6 with type id 4 [method.cpp:1490] arg 7 with type id 3 [method.cpp:1490] arg 8 with type id 1 [method.cpp:1490] arg 9 with type id 1 [method.cpp:1490] arg 10 with type id 1 [method.cpp:1490] arg 11 with type id 9	n0*=native_group_norm(L0,·,·,·,·,·,·,·)
SKIP	w43:131	client RuntimeError: method->execute() failed with error 0x12 | [tensor_util.h:617] Check failed (static_cast<size_t>(t.dim()) == rank): Expected tensor.dim() to be 2, but got 3 [distance_util.cpp:16] Check failed (tensor_is_rank(in, 2)):  [op_pdist_forward.cpp:25] Check failed (check_pdist_args(in, p, out)):  [method.cpp:1480] KernelCall failed at instruction 0:0 in operator aten::_pdist_forward.out: 0x12 [method.cpp:1490] arg 0 with type id 1 [method.cpp:1490] arg 1 with type id 3 [method.cpp:1490] arg 2 with type id 1 [method.cpp:1490] arg 3 with type id 1	n0*=_pdist_forward(L0,·)
SKIP	w43:159	client RuntimeError: method->execute() failed with error 0x12 | [tensor_util_portable.cpp:130] Check failed (all_contiguous || all_channels_last): 2 input tensors have different dim orders [op_fft_r2c.cpp:29] Check failed (tensors_have_same_dim_order(in, out)):  [method.cpp:1480] KernelCall failed at instruction 0:0 in operator aten::_fft_r2c.out: 0x12 [method.cpp:1490] arg 0 with type id 1 [method.cpp:1490] arg 1 with type id 8 [method.cpp:1490] arg 2 with type id 4 [method.cpp:1490] arg 3 with type id 5 [method.cpp:1490] arg 4 with type id 1 [method.cpp:1490] arg 5 with type id 1	n0*=_fft_r2c(L0,·,·,·)
SKIP	w43:2	client RuntimeError: method->execute() failed with error 0x12 | [copy_ops_util.cpp:165] Check failed (implicit == false): This operator is not implemented for when implicit == true. [op_expand_copy.cpp:63] Check failed (check_expand_copy_args(self, expand_sizes, implicit, out)):  [method.cpp:1480] KernelCall failed at instruction 0:0 in operator aten::expand_copy.out: 0x12 [method.cpp:1490] arg 0 with type id 1 [method.cpp:1490] arg 1 with type id 8 [method.cpp:1490] arg 2 with type id 5 [method.cpp:1490] arg 3 with type id 1 [method.cpp:1490] arg 4 with type id 1	n0*=expand_copy(L0,·,·)
MISMATCH	w43:202	out[0] non-finite mismatch (nan/inf positions differ)	n0*=_log_softmax.out(L0,·,·,·)
SKIP	w43:21	client RuntimeError: method->execute() failed with error 0x12 | [op_arange.cpp:59] Check failed (utils::extract_scalar(end, &d_end)):  [method.cpp:1480] KernelCall failed at instruction 0:0 in operator aten::arange.start_out: 0x12 [method.cpp:1490] arg 0 with type id 3 [method.cpp:1490] arg 1 with type id 5 [method.cpp:1490] arg 2 with type id 5 [method.cpp:1490] arg 3 with type id 1 [method.cpp:1490] arg 4 with type id 1	n0*=arange.start_out(·,·,·,·)
SKIP	w43:224	client RuntimeError: method->execute() failed with error 0x12 | [index_util.cpp:156] Check failed (index.scalar_type() == ScalarType::Long): Expected dtype int64 for index; index.scalar_type() = Int [op_scatter_add.cpp:61] Check failed (check_scatter_add_args(self, dim, index, src, out)):  [method.cpp:1480] KernelCall failed at instruction 0:0 in operator aten::scatter_add.out: 0x12 [method.cpp:1490] arg 0 with type id 1 [method.cpp:1490] arg 1 with type id 4 [method.cpp:1490] arg 2 with type id 1 [method.cpp:1490] arg 3 with type id 1 [method.cpp:1490] arg 4 with type id 1 [method.cpp:1490] arg 5 with type id 1	n0*=scatter_add.out(L0,·,L1,L2,·)
SKIP	w43:249	client RuntimeError: method->execute() failed with error 0x12 | [op_arange.cpp:63] Check failed (utils::extract_scalar(step, &d_step)):  [method.cpp:1480] KernelCall failed at instruction 0:0 in operator aten::arange.start_out: 0x12 [method.cpp:1490] arg 0 with type id 4 [method.cpp:1490] arg 1 with type id 4 [method.cpp:1490] arg 2 with type id 5 [method.cpp:1490] arg 3 with type id 1 [method.cpp:1490] arg 4 with type id 1	n0*=arange.start_out(·,·,·,·)
SKIP	w43:27	client RuntimeError: method->execute() failed with error 0x12 | [index_util.cpp:24] Check failed (index.scalar_type() == ScalarType::Long): Expected dtype int64 for index; index.scalar_type() = Int [op_scatter.cpp:140] Check failed (check_scatter_value_args(in, dim, index, value, out)):  [method.cpp:1480] KernelCall failed at instruction 0:0 in operator aten::scatter.value_out: 0x12 [method.cpp:1490] arg 0 with type id 1 [method.cpp:1490] arg 1 with type id 4 [method.cpp:1490] arg 2 with type id 1 [method.cpp:1490] arg 3 with type id 4 [method.cpp:1490] arg 4 with type id 1 [method.cpp:1490] arg 5 with type id 1	n0*=scatter.value_out(L0,·,L1,·,·)
SKIP	w43:274	client RuntimeError: method->execute() failed with error 0x12 | [normalization_ops_util.cpp:160] Check failed (in.size(0) == N):  [op_native_group_norm.cpp:139] Check failed (check_group_norm_args( input, weight, bias, N, C, HxW, group, out, mean_out, rstd_out)):  [method.cpp:1480] KernelCall failed at instruction 0:0 in operator aten::native_group_norm.out: 0x12 [method.cpp:1490] arg 0 with type id 1 [method.cpp:1490] arg 1 with type id 0 [method.cpp:1490] arg 2 with type id 0 [method.cpp:1490] arg 3 with type id 4 [method.cpp:1490] arg 4 with type id 4 [method.cpp:1490] arg 5 with type id 4 [method.cpp:1490] arg 6 with type id 4 [method.cpp:1490] arg 7 with type id 3 [method.cpp:1490] arg 8 with type id 1 [method.cpp:1490] arg 9 with type id 1 [method.cpp:1490] arg 10 with type id 1 [method.cpp:1490] arg 11 with type id 9	n0*=native_group_norm(L0,·,·,·,·,·,·,·)
MISMATCH	w43:301	out[0] max|delta|=6.918e+18 (rtol=0.0 atol=0.0)	n0*=bitwise_left_shift.Tensor_out(L0,L1,·)
MISMATCH	w43:37	out[0] max|delta|=1.000e+00 (rtol=0.0 atol=0.0)	n0*=prod.int_out(L0,·,·,·,·)
MISMATCH	w43:38	out[0] non-finite mismatch (nan/inf positions differ)	n0*=grid_sampler_2d(L0,L1,·,·,·)
SKIP	w43:46	client RuntimeError: method->execute() failed with error 0x12 | [normalization_ops_util.cpp:160] Check failed (in.size(0) == N):  [op_native_group_norm.cpp:139] Check failed (check_group_norm_args( input, weight, bias, N, C, HxW, group, out, mean_out, rstd_out)):  [method.cpp:1480] KernelCall failed at instruction 0:0 in operator aten::native_group_norm.out: 0x12 [method.cpp:1490] arg 0 with type id 1 [method.cpp:1490] arg 1 with type id 0 [method.cpp:1490] arg 2 with type id 0 [method.cpp:1490] arg 3 with type id 4 [method.cpp:1490] arg 4 with type id 4 [method.cpp:1490] arg 5 with type id 4 [method.cpp:1490] arg 6 with type id 4 [method.cpp:1490] arg 7 with type id 3 [method.cpp:1490] arg 8 with type id 1 [method.cpp:1490] arg 9 with type id 1 [method.cpp:1490] arg 10 with type id 1 [method.cpp:1490] arg 11 with type id 9	n0*=native_group_norm(L0,·,·,·,·,·,·,·)
MISMATCH	w43:70	out[0] max|delta|=4.612e+18 (rtol=0.01 atol=0.001)	n0*=bitwise_left_shift.Tensor_Scalar_out(L0,·,·)
MISMATCH	w43:73	out[0] max|delta|=6.918e+18 (rtol=0.0 atol=0.0)	n0*=bitwise_left_shift.Tensor_out(L0,L1,·)
SKIP	w43:92	client RuntimeError: method->execute() failed with error 0x12 | [op_copy.cpp:33] Check failed (non_blocking == false):  [method.cpp:1480] KernelCall failed at instruction 0:0 in operator aten::copy.out: 0x12 [method.cpp:1490] arg 0 with type id 1 [method.cpp:1490] arg 1 with type id 1 [method.cpp:1490] arg 2 with type id 5 [method.cpp:1490] arg 3 with type id 1 [method.cpp:1490] arg 4 with type id 1	n0*=copy(L0,L1,·)
MISMATCH	w44:119	out[0] max|delta|=7.206e+16 (rtol=0.01 atol=0.001)	n0*=bitwise_left_shift.Tensor_Scalar_out(L0,·,·)
MISMATCH	w44:122	out[0] max|delta|=1.611e+09 (rtol=0.0 atol=0.0)	n0*=bitwise_left_shift.Tensor_out(L0,L1,·)
MISMATCH	w44:155	out[0] non-finite mismatch (nan/inf positions differ)	n0*=gelu.out(L0,·,·)
SKIP	w44:177	client RuntimeError: method->execute() failed with error 0x12 | [normalization_ops_util.cpp:160] Check failed (in.size(0) == N):  [op_native_group_norm.cpp:139] Check failed (check_group_norm_args( input, weight, bias, N, C, HxW, group, out, mean_out, rstd_out)):  [method.cpp:1480] KernelCall failed at instruction 0:0 in operator aten::native_group_norm.out: 0x12 [method.cpp:1490] arg 0 with type id 1 [method.cpp:1490] arg 1 with type id 0 [method.cpp:1490] arg 2 with type id 0 [method.cpp:1490] arg 3 with type id 4 [method.cpp:1490] arg 4 with type id 4 [method.cpp:1490] arg 5 with type id 4 [method.cpp:1490] arg 6 with type id 4 [method.cpp:1490] arg 7 with type id 3 [method.cpp:1490] arg 8 with type id 1 [method.cpp:1490] arg 9 with type id 1 [method.cpp:1490] arg 10 with type id 1 [method.cpp:1490] arg 11 with type id 9	n0*=native_group_norm(L0,·,·,·,·,·,·,·)
SKIP	w44:180	client RuntimeError: method->execute() failed with error 0x12 | [tensor_util.h:617] Check failed (static_cast<size_t>(t.dim()) == rank): Expected tensor.dim() to be 2, but got 4 [distance_util.cpp:16] Check failed (tensor_is_rank(in, 2)):  [op_pdist_forward.cpp:25] Check failed (check_pdist_args(in, p, out)):  [method.cpp:1480] KernelCall failed at instruction 0:0 in operator aten::_pdist_forward.out: 0x12 [method.cpp:1490] arg 0 with type id 1 [method.cpp:1490] arg 1 with type id 3 [method.cpp:1490] arg 2 with type id 1 [method.cpp:1490] arg 3 with type id 1	n0*=_pdist_forward(L0,·)
SKIP	w44:226	client RuntimeError: method->execute() failed with error 0x12 | [op_add.cpp:118] Check failed ((common_type == a_type && check_alpha_type(utils::get_scalar_dtype(alpha), common_type))):  [method.cpp:1480] KernelCall failed at instruction 0:0 in operator aten::add.Scalar_out: 0x12 [method.cpp:1490] arg 0 with type id 1 [method.cpp:1490] arg 1 with type id 4 [method.cpp:1490] arg 2 with type id 4 [method.cpp:1490] arg 3 with type id 1 [method.cpp:1490] arg 4 with type id 1	n0*=add.Scalar(L0,·,·)
SKIP	w44:23	client RuntimeError: method->execute() failed with error 0x12 | [op_log_softmax.cpp:152] Check failed (false):  [method.cpp:1480] KernelCall failed at instruction 0:0 in operator aten::_log_softmax.out: 0x12 [method.cpp:1490] arg 0 with type id 1 [method.cpp:1490] arg 1 with type id 4 [method.cpp:1490] arg 2 with type id 5 [method.cpp:1490] arg 3 with type id 1 [method.cpp:1490] arg 4 with type id 1	n0*=_log_softmax.out(L0,·,·,·)
MISMATCH	w44:251	out[0] non-finite mismatch (nan/inf positions differ)	n0*=_log_softmax.out(L0,·,·,·)
MISMATCH	w44:271	out[0] max|delta|=1.007e+08 (rtol=0.0 atol=0.0)	n0*=bitwise_left_shift.Tensor_Scalar(L0,·)
MISMATCH	w44:43	out[0] max|delta|=2.306e+18 (rtol=0.0 atol=0.0)	n0*=bitwise_left_shift.Tensor_Scalar(L0,·)
SKIP	w44:45	client RuntimeError: method->execute() failed with error 0x12 | [index_util.cpp:156] Check failed (index.scalar_type() == ScalarType::Long): Expected dtype int64 for index; index.scalar_type() = Int [op_scatter_add.cpp:61] Check failed (check_scatter_add_args(self, dim, index, src, out)):  [method.cpp:1480] KernelCall failed at instruction 0:0 in operator aten::scatter_add.out: 0x12 [method.cpp:1490] arg 0 with type id 1 [method.cpp:1490] arg 1 with type id 4 [method.cpp:1490] arg 2 with type id 1 [method.cpp:1490] arg 3 with type id 1 [method.cpp:1490] arg 4 with type id 1 [method.cpp:1490] arg 5 with type id 1	n0*=scatter_add.out(L0,·,L1,L2,·)
SKIP	w44:70	client RuntimeError: method->execute() failed with error 0x12 | [op_arange.cpp:55] Check failed (utils::extract_scalar(start, &d_start)):  [method.cpp:1480] KernelCall failed at instruction 0:0 in operator aten::arange.start_out: 0x12 [method.cpp:1490] arg 0 with type id 5 [method.cpp:1490] arg 1 with type id 5 [method.cpp:1490] arg 2 with type id 5 [method.cpp:1490] arg 3 with type id 1 [method.cpp:1490] arg 4 with type id 1	n0*=arange.start_out(·,·,·,·)
SKIP	w44:9	client RuntimeError: method->execute() failed with error 0x12 | [op_permute_copy.cpp:70] Unhandled dtype Float8_e4m3fn for permute_copy.out [method.cpp:1480] KernelCall failed at instruction 0:0 in operator aten::permute_copy.out: 0x12 [method.cpp:1490] arg 0 with type id 1 [method.cpp:1490] arg 1 with type id 8 [method.cpp:1490] arg 2 with type id 1 [method.cpp:1490] arg 3 with type id 1	n0*=linear.out(L0,L1,·,·)
SKIP	w44:95	client RuntimeError: method->execute() failed with error 0x12 | [normalization_ops_util.cpp:160] Check failed (in.size(0) == N):  [op_native_group_norm.cpp:139] Check failed (check_group_norm_args( input, weight, bias, N, C, HxW, group, out, mean_out, rstd_out)):  [method.cpp:1480] KernelCall failed at instruction 0:0 in operator aten::native_group_norm.out: 0x12 [method.cpp:1490] arg 0 with type id 1 [method.cpp:1490] arg 1 with type id 0 [method.cpp:1490] arg 2 with type id 0 [method.cpp:1490] arg 3 with type id 4 [method.cpp:1490] arg 4 with type id 4 [method.cpp:1490] arg 5 with type id 4 [method.cpp:1490] arg 6 with type id 4 [method.cpp:1490] arg 7 with type id 3 [method.cpp:1490] arg 8 with type id 1 [method.cpp:1490] arg 9 with type id 1 [method.cpp:1490] arg 10 with type id 1 [method.cpp:1490] arg 11 with type id 9	n0*=native_group_norm(L0,·,·,·,·,·,·,·)
SKIP	w45:109	client RuntimeError: method->execute() failed with error 0x12 | [normalization_ops_util.cpp:160] Check failed (in.size(0) == N):  [op_native_group_norm.cpp:139] Check failed (check_group_norm_args( input, weight, bias, N, C, HxW, group, out, mean_out, rstd_out)):  [method.cpp:1480] KernelCall failed at instruction 0:0 in operator aten::native_group_norm.out: 0x12 [method.cpp:1490] arg 0 with type id 1 [method.cpp:1490] arg 1 with type id 0 [method.cpp:1490] arg 2 with type id 0 [method.cpp:1490] arg 3 with type id 4 [method.cpp:1490] arg 4 with type id 4 [method.cpp:1490] arg 5 with type id 4 [method.cpp:1490] arg 6 with type id 4 [method.cpp:1490] arg 7 with type id 3 [method.cpp:1490] arg 8 with type id 1 [method.cpp:1490] arg 9 with type id 1 [method.cpp:1490] arg 10 with type id 1 [method.cpp:1490] arg 11 with type id 9	n0*=native_group_norm(L0,·,·,·,·,·,·,·)
SKIP	w45:155	client RuntimeError: method->execute() failed with error 0x12 | [op_copy.cpp:33] Check failed (non_blocking == false):  [method.cpp:1480] KernelCall failed at instruction 0:0 in operator aten::copy.out: 0x12 [method.cpp:1490] arg 0 with type id 1 [method.cpp:1490] arg 1 with type id 1 [method.cpp:1490] arg 2 with type id 5 [method.cpp:1490] arg 3 with type id 1 [method.cpp:1490] arg 4 with type id 1	n0*=copy(L0,L1,·)
CRASH	w39:238	executor died (native abort)	n0*=max_pool2d_with_indices_backward.grad_input(L0,L1,·,·,·,·,·,L2,L3)
SKIP	w45:191	client RuntimeError: method->execute() failed with error 0x12 | [normalization_ops_util.cpp:160] Check failed (in.size(0) == N):  [op_native_group_norm.cpp:139] Check failed (check_group_norm_args( input, weight, bias, N, C, HxW, group, out, mean_out, rstd_out)):  [method.cpp:1480] KernelCall failed at instruction 0:0 in operator aten::native_group_norm.out: 0x12 [method.cpp:1490] arg 0 with type id 1 [method.cpp:1490] arg 1 with type id 0 [method.cpp:1490] arg 2 with type id 0 [method.cpp:1490] arg 3 with type id 4 [method.cpp:1490] arg 4 with type id 4 [method.cpp:1490] arg 5 with type id 4 [method.cpp:1490] arg 6 with type id 4 [method.cpp:1490] arg 7 with type id 3 [method.cpp:1490] arg 8 with type id 1 [method.cpp:1490] arg 9 with type id 1 [method.cpp:1490] arg 10 with type id 1 [method.cpp:1490] arg 11 with type id 9	n0*=native_group_norm(L0,·,·,·,·,·,·,·)
SKIP	w45:194	client RuntimeError: method->execute() failed with error 0x12 | [tensor_util.h:617] Check failed (static_cast<size_t>(t.dim()) == rank): Expected tensor.dim() to be 2, but got 5 [distance_util.cpp:16] Check failed (tensor_is_rank(in, 2)):  [op_pdist_forward.cpp:25] Check failed (check_pdist_args(in, p, out)):  [method.cpp:1480] KernelCall failed at instruction 0:0 in operator aten::_pdist_forward.out: 0x12 [method.cpp:1490] arg 0 with type id 1 [method.cpp:1490] arg 1 with type id 3 [method.cpp:1490] arg 2 with type id 1 [method.cpp:1490] arg 3 with type id 1	n0*=_pdist_forward(L0,·)
SKIP	w45:222	client RuntimeError: method->execute() failed with error 0x12 | [op_fft_r2c.cpp:32] Check failed (onesided): onesided=False is not supported yet in _fft_r2c [method.cpp:1480] KernelCall failed at instruction 0:0 in operator aten::_fft_r2c.out: 0x12 [method.cpp:1490] arg 0 with type id 1 [method.cpp:1490] arg 1 with type id 8 [method.cpp:1490] arg 2 with type id 4 [method.cpp:1490] arg 3 with type id 5 [method.cpp:1490] arg 4 with type id 1 [method.cpp:1490] arg 5 with type id 1	n0*=_fft_r2c(L0,·,·,·)
SKIP	w45:251	client RuntimeError: method->execute() failed with error 0x12 | [op_permute_copy.cpp:70] Unhandled dtype Float8_e4m3fn for permute_copy.out [method.cpp:1480] KernelCall failed at instruction 0:0 in operator aten::permute_copy.out: 0x12 [method.cpp:1490] arg 0 with type id 1 [method.cpp:1490] arg 1 with type id 8 [method.cpp:1490] arg 2 with type id 1 [method.cpp:1490] arg 3 with type id 1	n0*=linear.out(L0,L1,·,·)
SKIP	w45:265	client RuntimeError: method->execute() failed with error 0x12 | [op_log_softmax.cpp:152] Check failed (false):  [method.cpp:1480] KernelCall failed at instruction 0:0 in operator aten::_log_softmax.out: 0x12 [method.cpp:1490] arg 0 with type id 1 [method.cpp:1490] arg 1 with type id 4 [method.cpp:1490] arg 2 with type id 5 [method.cpp:1490] arg 3 with type id 1 [method.cpp:1490] arg 4 with type id 1	n0*=_log_softmax.out(L0,·,·,·)
SKIP	w45:37	client RuntimeError: method->execute() failed with error 0x12 | [op_log_softmax.cpp:152] Check failed (false):  [method.cpp:1480] KernelCall failed at instruction 0:0 in operator aten::_log_softmax.out: 0x12 [method.cpp:1490] arg 0 with type id 1 [method.cpp:1490] arg 1 with type id 4 [method.cpp:1490] arg 2 with type id 5 [method.cpp:1490] arg 3 with type id 1 [method.cpp:1490] arg 4 with type id 1	n0*=_log_softmax.out(L0,·,·,·)
SKIP	w45:65	client RuntimeError: method->execute() failed with error 0x12 | [copy_ops_util.cpp:165] Check failed (implicit == false): This operator is not implemented for when implicit == true. [op_expand_copy.cpp:63] Check failed (check_expand_copy_args(self, expand_sizes, implicit, out)):  [method.cpp:1480] KernelCall failed at instruction 0:0 in operator aten::expand_copy.out: 0x12 [method.cpp:1490] arg 0 with type id 1 [method.cpp:1490] arg 1 with type id 8 [method.cpp:1490] arg 2 with type id 5 [method.cpp:1490] arg 3 with type id 1 [method.cpp:1490] arg 4 with type id 1	n0*=expand_copy(L0,·,·)
SKIP	w45:84	client RuntimeError: method->execute() failed with error 0x12 | [op_arange.cpp:55] Check failed (utils::extract_scalar(start, &d_start)):  [method.cpp:1480] KernelCall failed at instruction 0:0 in operator aten::arange.start_out: 0x12 [method.cpp:1490] arg 0 with type id 5 [method.cpp:1490] arg 1 with type id 5 [method.cpp:1490] arg 2 with type id 5 [method.cpp:1490] arg 3 with type id 1 [method.cpp:1490] arg 4 with type id 1	n0*=arange.start_out(·,·,·,·)
SKIP	w46:107	client RuntimeError: method->execute() failed with error 0x12 | [normalization_ops_util.cpp:160] Check failed (in.size(0) == N):  [op_native_group_norm.cpp:139] Check failed (check_group_norm_args( input, weight, bias, N, C, HxW, group, out, mean_out, rstd_out)):  [method.cpp:1480] KernelCall failed at instruction 0:0 in operator aten::native_group_norm.out: 0x12 [method.cpp:1490] arg 0 with type id 1 [method.cpp:1490] arg 1 with type id 0 [method.cpp:1490] arg 2 with type id 0 [method.cpp:1490] arg 3 with type id 4 [method.cpp:1490] arg 4 with type id 4 [method.cpp:1490] arg 5 with type id 4 [method.cpp:1490] arg 6 with type id 4 [method.cpp:1490] arg 7 with type id 3 [method.cpp:1490] arg 8 with type id 1 [method.cpp:1490] arg 9 with type id 1 [method.cpp:1490] arg 10 with type id 1 [method.cpp:1490] arg 11 with type id 9	n0*=native_group_norm(L0,·,·,·,·,·,·,·)
MISMATCH	w46:131	out[0] max|delta|=9.223e+18 (rtol=0.01 atol=0.001)	n0*=bitwise_left_shift.Tensor_Scalar_out(L0,·,·)
MISMATCH	w46:134	out[0] max|delta|=2.147e+09 (rtol=0.0 atol=0.0)	n0*=bitwise_left_shift.Tensor_out(L0,L1,·)
SKIP	w46:153	client RuntimeError: method->execute() failed with error 0x12 | [op_copy.cpp:33] Check failed (non_blocking == false):  [method.cpp:1480] KernelCall failed at instruction 0:0 in operator aten::copy.out: 0x12 [method.cpp:1490] arg 0 with type id 1 [method.cpp:1490] arg 1 with type id 1 [method.cpp:1490] arg 2 with type id 5 [method.cpp:1490] arg 3 with type id 1 [method.cpp:1490] arg 4 with type id 1	n0*=copy(L0,L1,·)
MISMATCH	w46:167	out[0] non-finite mismatch (nan/inf positions differ)	n0*=gelu.out(L0,·,·)
SKIP	w46:189	client RuntimeError: method->execute() failed with error 0x12 | [normalization_ops_util.cpp:160] Check failed (in.size(0) == N):  [op_native_group_norm.cpp:139] Check failed (check_group_norm_args( input, weight, bias, N, C, HxW, group, out, mean_out, rstd_out)):  [method.cpp:1480] KernelCall failed at instruction 0:0 in operator aten::native_group_norm.out: 0x12 [method.cpp:1490] arg 0 with type id 1 [method.cpp:1490] arg 1 with type id 0 [method.cpp:1490] arg 2 with type id 0 [method.cpp:1490] arg 3 with type id 4 [method.cpp:1490] arg 4 with type id 4 [method.cpp:1490] arg 5 with type id 4 [method.cpp:1490] arg 6 with type id 4 [method.cpp:1490] arg 7 with type id 3 [method.cpp:1490] arg 8 with type id 1 [method.cpp:1490] arg 9 with type id 1 [method.cpp:1490] arg 10 with type id 1 [method.cpp:1490] arg 11 with type id 9	n0*=native_group_norm(L0,·,·,·,·,·,·,·)
SKIP	w46:192	client RuntimeError: method->execute() failed with error 0x12 | [op_pdist_forward.cpp:45] Unhandled dtype Int for _pdist_forward.out [method.cpp:1480] KernelCall failed at instruction 0:0 in operator aten::_pdist_forward.out: 0x12 [method.cpp:1490] arg 0 with type id 1 [method.cpp:1490] arg 1 with type id 3 [method.cpp:1490] arg 2 with type id 1 [method.cpp:1490] arg 3 with type id 1	n0*=_pdist_forward(L0,·)
SKIP	w46:21	client RuntimeError: method->execute() failed with error 0x12 | [op_permute_copy.cpp:70] Unhandled dtype Float8_e4m3fn for permute_copy.out [method.cpp:1480] KernelCall failed at instruction 0:0 in operator aten::permute_copy.out: 0x12 [method.cpp:1490] arg 0 with type id 1 [method.cpp:1490] arg 1 with type id 8 [method.cpp:1490] arg 2 with type id 1 [method.cpp:1490] arg 3 with type id 1	n0*=linear.out(L0,L1,·,·)
SKIP	w46:220	client RuntimeError: method->execute() failed with error 0x12 | [tensor_util_portable.cpp:130] Check failed (all_contiguous || all_channels_last): 2 input tensors have different dim orders [op_fft_r2c.cpp:29] Check failed (tensors_have_same_dim_order(in, out)):  [method.cpp:1480] KernelCall failed at instruction 0:0 in operator aten::_fft_r2c.out: 0x12 [method.cpp:1490] arg 0 with type id 1 [method.cpp:1490] arg 1 with type id 8 [method.cpp:1490] arg 2 with type id 4 [method.cpp:1490] arg 3 with type id 5 [method.cpp:1490] arg 4 with type id 1 [method.cpp:1490] arg 5 with type id 1	n0*=_fft_r2c(L0,·,·,·)
MISMATCH	w46:35	out[0] non-finite mismatch (nan/inf positions differ)	n0*=_log_softmax.out(L0,·,·,·)
MISMATCH	w46:55	out[0] max|delta|=5.369e+08 (rtol=0.0 atol=0.0)	n0*=bitwise_left_shift.Tensor_Scalar(L0,·)
SKIP	w46:63	client RuntimeError: method->execute() failed with error 0x12 | [copy_ops_util.cpp:165] Check failed (implicit == false): This operator is not implemented for when implicit == true. [op_expand_copy.cpp:63] Check failed (check_expand_copy_args(self, expand_sizes, implicit, out)):  [method.cpp:1480] KernelCall failed at instruction 0:0 in operator aten::expand_copy.out: 0x12 [method.cpp:1490] arg 0 with type id 1 [method.cpp:1490] arg 1 with type id 8 [method.cpp:1490] arg 2 with type id 5 [method.cpp:1490] arg 3 with type id 1 [method.cpp:1490] arg 4 with type id 1	n0*=expand_copy(L0,·,·)
SKIP	w46:82	client RuntimeError: method->execute() failed with error 0x12 | [op_arange.cpp:55] Check failed (utils::extract_scalar(start, &d_start)):  [method.cpp:1480] KernelCall failed at instruction 0:0 in operator aten::arange.start_out: 0x12 [method.cpp:1490] arg 0 with type id 5 [method.cpp:1490] arg 1 with type id 5 [method.cpp:1490] arg 2 with type id 4 [method.cpp:1490] arg 3 with type id 1 [method.cpp:1490] arg 4 with type id 1	n0*=arange.start_out(·,·,·,·)
MISMATCH	w47:1	out[0] non-finite mismatch (nan/inf positions differ)	n0*=gelu.out(L0,·,·)
MISMATCH	w47:100	out[0] non-finite mismatch (nan/inf positions differ)	n0*=addmm.out(L0,L1,L2,·,·,·)
SKIP	w47:144	client RuntimeError: method->execute() failed with error 0x12 | [op_arange.cpp:55] Check failed (utils::extract_scalar(start, &d_start)):  [method.cpp:1480] KernelCall failed at instruction 0:0 in operator aten::arange.start_out: 0x12 [method.cpp:1490] arg 0 with type id 5 [method.cpp:1490] arg 1 with type id 5 [method.cpp:1490] arg 2 with type id 4 [method.cpp:1490] arg 3 with type id 1 [method.cpp:1490] arg 4 with type id 1	n0*=arange.start_out(·,·,·,·)
SKIP	w47:169	client RuntimeError: method->execute() failed with error 0x12 | [normalization_ops_util.cpp:160] Check failed (in.size(0) == N):  [op_native_group_norm.cpp:139] Check failed (check_group_norm_args( input, weight, bias, N, C, HxW, group, out, mean_out, rstd_out)):  [method.cpp:1480] KernelCall failed at instruction 0:0 in operator aten::native_group_norm.out: 0x12 [method.cpp:1490] arg 0 with type id 1 [method.cpp:1490] arg 1 with type id 0 [method.cpp:1490] arg 2 with type id 0 [method.cpp:1490] arg 3 with type id 4 [method.cpp:1490] arg 4 with type id 4 [method.cpp:1490] arg 5 with type id 4 [method.cpp:1490] arg 6 with type id 4 [method.cpp:1490] arg 7 with type id 3 [method.cpp:1490] arg 8 with type id 1 [method.cpp:1490] arg 9 with type id 1 [method.cpp:1490] arg 10 with type id 1 [method.cpp:1490] arg 11 with type id 9	n0*=native_group_norm(L0,·,·,·,·,·,·,·)
MISMATCH	w47:21	out[0] max|delta|=3.999e-01 (rtol=0.01 atol=0.001)	n0*=_native_batch_norm_legit.no_stats(L0,·,·,·,·,·)
SKIP	w47:216	client RuntimeError: method->execute() failed with error 0x12 | [op_cat.cpp:88] Unhandled dtype Float8_e4m3fn for cat.out [method.cpp:1480] KernelCall failed at instruction 0:2 in operator aten::cat.out: 0x12 [method.cpp:1490] arg 0 with type id 9 [method.cpp:1490] arg 1 with type id 4 [method.cpp:1490] arg 2 with type id 1 [method.cpp:1490] arg 3 with type id 1	n0*=stack(·,·)
SKIP	w47:215	client RuntimeError: method->execute() failed with error 0x12 | [op_copy.cpp:33] Check failed (non_blocking == false):  [method.cpp:1480] KernelCall failed at instruction 0:0 in operator aten::copy.out: 0x12 [method.cpp:1490] arg 0 with type id 1 [method.cpp:1490] arg 1 with type id 1 [method.cpp:1490] arg 2 with type id 5 [method.cpp:1490] arg 3 with type id 1 [method.cpp:1490] arg 4 with type id 1	n0*=copy(L0,L1,·)
SKIP	w47:23	client RuntimeError: method->execute() failed with error 0x12 | [normalization_ops_util.cpp:160] Check failed (in.size(0) == N):  [op_native_group_norm.cpp:139] Check failed (check_group_norm_args( input, weight, bias, N, C, HxW, group, out, mean_out, rstd_out)):  [method.cpp:1480] KernelCall failed at instruction 0:0 in operator aten::native_group_norm.out: 0x12 [method.cpp:1490] arg 0 with type id 1 [method.cpp:1490] arg 1 with type id 0 [method.cpp:1490] arg 2 with type id 0 [method.cpp:1490] arg 3 with type id 4 [method.cpp:1490] arg 4 with type id 4 [method.cpp:1490] arg 5 with type id 4 [method.cpp:1490] arg 6 with type id 4 [method.cpp:1490] arg 7 with type id 3 [method.cpp:1490] arg 8 with type id 1 [method.cpp:1490] arg 9 with type id 1 [method.cpp:1490] arg 10 with type id 1 [method.cpp:1490] arg 11 with type id 9	n0*=native_group_norm(L0,·,·,·,·,·,·,·)
MISMATCH	w47:242	out[0] max|delta|=4.000e+00 (rtol=0.01 atol=0.001)	n0*=remainder.Tensor_out(L0,L1,·)
SKIP	w47:254	client RuntimeError: method->execute() failed with error 0x12 | [tensor_util.h:617] Check failed (static_cast<size_t>(t.dim()) == rank): Expected tensor.dim() to be 2, but got 4 [distance_util.cpp:16] Check failed (tensor_is_rank(in, 2)):  [op_pdist_forward.cpp:25] Check failed (check_pdist_args(in, p, out)):  [method.cpp:1480] KernelCall failed at instruction 0:0 in operator aten::_pdist_forward.out: 0x12 [method.cpp:1490] arg 0 with type id 1 [method.cpp:1490] arg 1 with type id 3 [method.cpp:1490] arg 2 with type id 1 [method.cpp:1490] arg 3 with type id 1	n0*=_pdist_forward(L0,·)
SKIP	w47:54	client RuntimeError: method->execute() failed with error 0x12 | [op_fft_r2c.cpp:32] Check failed (onesided): onesided=False is not supported yet in _fft_r2c [method.cpp:1480] KernelCall failed at instruction 0:0 in operator aten::_fft_r2c.out: 0x12 [method.cpp:1490] arg 0 with type id 1 [method.cpp:1490] arg 1 with type id 8 [method.cpp:1490] arg 2 with type id 4 [method.cpp:1490] arg 3 with type id 5 [method.cpp:1490] arg 4 with type id 1 [method.cpp:1490] arg 5 with type id 1	n0*=_fft_r2c(L0,·,·,·)
SKIP	w48:117	client RuntimeError: method->execute() failed with error 0x12 | [op_arange.cpp:55] Check failed (utils::extract_scalar(start, &d_start)):  [method.cpp:1480] KernelCall failed at instruction 0:0 in operator aten::arange.start_out: 0x12 [method.cpp:1490] arg 0 with type id 5 [method.cpp:1490] arg 1 with type id 4 [method.cpp:1490] arg 2 with type id 4 [method.cpp:1490] arg 3 with type id 1 [method.cpp:1490] arg 4 with type id 1	n0*=arange.start_out(·,·,·,·)
SKIP	w48:142	client RuntimeError: method->execute() failed with error 0x12 | [normalization_ops_util.cpp:160] Check failed (in.size(0) == N):  [op_native_group_norm.cpp:139] Check failed (check_group_norm_args( input, weight, bias, N, C, HxW, group, out, mean_out, rstd_out)):  [method.cpp:1480] KernelCall failed at instruction 0:0 in operator aten::native_group_norm.out: 0x12 [method.cpp:1490] arg 0 with type id 1 [method.cpp:1490] arg 1 with type id 0 [method.cpp:1490] arg 2 with type id 0 [method.cpp:1490] arg 3 with type id 4 [method.cpp:1490] arg 4 with type id 4 [method.cpp:1490] arg 5 with type id 4 [method.cpp:1490] arg 6 with type id 4 [method.cpp:1490] arg 7 with type id 3 [method.cpp:1490] arg 8 with type id 1 [method.cpp:1490] arg 9 with type id 1 [method.cpp:1490] arg 10 with type id 1 [method.cpp:1490] arg 11 with type id 9	n0*=native_group_norm(L0,·,·,·,·,·,·,·)
MISMATCH	w48:166	out[0] max|delta|=9.223e+18 (rtol=0.0 atol=0.0)	n0*=bitwise_left_shift.Tensor_Scalar_out(L0,·,·)
MISMATCH	w48:169	out[0] max|delta|=6.918e+18 (rtol=0.01 atol=0.001)	n0*=bitwise_left_shift.Tensor_out(L0,L1,·)
SKIP	w48:188	client RuntimeError: method->execute() failed with error 0x12 | [op_copy.cpp:33] Check failed (non_blocking == false):  [method.cpp:1480] KernelCall failed at instruction 0:0 in operator aten::copy.out: 0x12 [method.cpp:1490] arg 0 with type id 1 [method.cpp:1490] arg 1 with type id 1 [method.cpp:1490] arg 2 with type id 5 [method.cpp:1490] arg 3 with type id 1 [method.cpp:1490] arg 4 with type id 1	n0*=copy(L0,L1,·)
SKIP	w48:227	client RuntimeError: method->execute() failed with error 0x12 | [tensor_util.h:617] Check failed (static_cast<size_t>(t.dim()) == rank): Expected tensor.dim() to be 2, but got 1 [distance_util.cpp:16] Check failed (tensor_is_rank(in, 2)):  [op_pdist_forward.cpp:25] Check failed (check_pdist_args(in, p, out)):  [method.cpp:1480] KernelCall failed at instruction 0:0 in operator aten::_pdist_forward.out: 0x12 [method.cpp:1490] arg 0 with type id 1 [method.cpp:1490] arg 1 with type id 3 [method.cpp:1490] arg 2 with type id 1 [method.cpp:1490] arg 3 with type id 1	n0*=_pdist_forward(L0,·)
SKIP	w48:70	client RuntimeError: method->execute() failed with error 0x12 | [op_log_softmax.cpp:152] Check failed (false):  [method.cpp:1480] KernelCall failed at instruction 0:0 in operator aten::_log_softmax.out: 0x12 [method.cpp:1490] arg 0 with type id 1 [method.cpp:1490] arg 1 with type id 4 [method.cpp:1490] arg 2 with type id 5 [method.cpp:1490] arg 3 with type id 1 [method.cpp:1490] arg 4 with type id 1	n0*=_log_softmax.out(L0,·,·,·)
MISMATCH	w48:83	out[0] max|delta|=4.000e+00 (rtol=0.0 atol=0.0)	n0*=remainder.Scalar(L0,·)
SKIP	w48:98	client RuntimeError: method->execute() failed with error 0x12 | [copy_ops_util.cpp:165] Check failed (implicit == false): This operator is not implemented for when implicit == true. [op_expand_copy.cpp:63] Check failed (check_expand_copy_args(self, expand_sizes, implicit, out)):  [method.cpp:1480] KernelCall failed at instruction 0:0 in operator aten::expand_copy.out: 0x12 [method.cpp:1490] arg 0 with type id 1 [method.cpp:1490] arg 1 with type id 8 [method.cpp:1490] arg 2 with type id 5 [method.cpp:1490] arg 3 with type id 1 [method.cpp:1490] arg 4 with type id 1	n0*=expand_copy(L0,·,·)
SKIP	w49:120	client RuntimeError: method->execute() failed with error 0x12 | [normalization_ops_util.cpp:160] Check failed (in.size(0) == N):  [op_native_group_norm.cpp:139] Check failed (check_group_norm_args( input, weight, bias, N, C, HxW, group, out, mean_out, rstd_out)):  [method.cpp:1480] KernelCall failed at instruction 0:0 in operator aten::native_group_norm.out: 0x12 [method.cpp:1490] arg 0 with type id 1 [method.cpp:1490] arg 1 with type id 0 [method.cpp:1490] arg 2 with type id 0 [method.cpp:1490] arg 3 with type id 4 [method.cpp:1490] arg 4 with type id 4 [method.cpp:1490] arg 5 with type id 4 [method.cpp:1490] arg 6 with type id 4 [method.cpp:1490] arg 7 with type id 3 [method.cpp:1490] arg 8 with type id 1 [method.cpp:1490] arg 9 with type id 1 [method.cpp:1490] arg 10 with type id 1 [method.cpp:1490] arg 11 with type id 9	n0*=native_group_norm(L0,·,·,·,·,·,·,·)
MISMATCH	w49:147	out[0] max|delta|=6.918e+18 (rtol=0.01 atol=0.001)	n0*=bitwise_left_shift.Tensor_out(L0,L1,·)
SKIP	w49:159	client RuntimeError: method->execute() failed with error 0x12 | [index_util.cpp:156] Check failed (index.scalar_type() == ScalarType::Long): Expected dtype int64 for index; index.scalar_type() = Int [op_scatter.cpp:113] Check failed (check_scatter_src_args(in, dim, index, src, out)):  [method.cpp:1480] KernelCall failed at instruction 0:0 in operator aten::scatter.src_out: 0x12 [method.cpp:1490] arg 0 with type id 1 [method.cpp:1490] arg 1 with type id 4 [method.cpp:1490] arg 2 with type id 1 [method.cpp:1490] arg 3 with type id 1 [method.cpp:1490] arg 4 with type id 1 [method.cpp:1490] arg 5 with type id 1	n0*=scatter.src_out(L0,·,L1,L2,·)
SKIP	w49:166	client RuntimeError: method->execute() failed with error 0x12 | [op_copy.cpp:33] Check failed (non_blocking == false):  [method.cpp:1480] KernelCall failed at instruction 0:0 in operator aten::copy.out: 0x12 [method.cpp:1490] arg 0 with type id 1 [method.cpp:1490] arg 1 with type id 1 [method.cpp:1490] arg 2 with type id 5 [method.cpp:1490] arg 3 with type id 1 [method.cpp:1490] arg 4 with type id 1	n0*=copy(L0,L1,·)
MISMATCH	w49:180	out[0] non-finite mismatch (nan/inf positions differ)	n0*=gelu.out(L0,·,·)
MISMATCH	w49:193	out[0] max|delta|=4.000e+00 (rtol=0.0 atol=0.0)	n0*=remainder.Tensor_out(L0,L1,·)
MISMATCH	w49:200	out[0] max|delta|=3.999e-01 (rtol=0.01 atol=0.001)	n0*=_native_batch_norm_legit.no_stats(L0,·,·,·,·,·)
SKIP	w49:202	client RuntimeError: method->execute() failed with error 0x12 | [normalization_ops_util.cpp:160] Check failed (in.size(0) == N):  [op_native_group_norm.cpp:139] Check failed (check_group_norm_args( input, weight, bias, N, C, HxW, group, out, mean_out, rstd_out)):  [method.cpp:1480] KernelCall failed at instruction 0:0 in operator aten::native_group_norm.out: 0x12 [method.cpp:1490] arg 0 with type id 1 [method.cpp:1490] arg 1 with type id 0 [method.cpp:1490] arg 2 with type id 0 [method.cpp:1490] arg 3 with type id 4 [method.cpp:1490] arg 4 with type id 4 [method.cpp:1490] arg 5 with type id 4 [method.cpp:1490] arg 6 with type id 4 [method.cpp:1490] arg 7 with type id 3 [method.cpp:1490] arg 8 with type id 1 [method.cpp:1490] arg 9 with type id 1 [method.cpp:1490] arg 10 with type id 1 [method.cpp:1490] arg 11 with type id 9	n0*=native_group_norm(L0,·,·,·,·,·,·,·)
SKIP	w49:205	client RuntimeError: method->execute() failed with error 0x12 | [tensor_util.h:617] Check failed (static_cast<size_t>(t.dim()) == rank): Expected tensor.dim() to be 2, but got 5 [distance_util.cpp:16] Check failed (tensor_is_rank(in, 2)):  [op_pdist_forward.cpp:25] Check failed (check_pdist_args(in, p, out)):  [method.cpp:1480] KernelCall failed at instruction 0:0 in operator aten::_pdist_forward.out: 0x12 [method.cpp:1490] arg 0 with type id 1 [method.cpp:1490] arg 1 with type id 3 [method.cpp:1490] arg 2 with type id 1 [method.cpp:1490] arg 3 with type id 1	n0*=_pdist_forward(L0,·)
SKIP	w49:233	client RuntimeError: method->execute() failed with error 0x12 | [op_fft_r2c.cpp:32] Check failed (onesided): onesided=False is not supported yet in _fft_r2c [method.cpp:1480] KernelCall failed at instruction 0:0 in operator aten::_fft_r2c.out: 0x12 [method.cpp:1490] arg 0 with type id 1 [method.cpp:1490] arg 1 with type id 8 [method.cpp:1490] arg 2 with type id 4 [method.cpp:1490] arg 3 with type id 5 [method.cpp:1490] arg 4 with type id 1 [method.cpp:1490] arg 5 with type id 1	n0*=_fft_r2c(L0,·,·,·)
SKIP	w49:251	client RuntimeError: method->execute() failed with error 0x12 | [op_add.cpp:118] Check failed ((common_type == a_type && check_alpha_type(utils::get_scalar_dtype(alpha), common_type))):  [method.cpp:1480] KernelCall failed at instruction 0:0 in operator aten::add.Scalar_out: 0x12 [method.cpp:1490] arg 0 with type id 1 [method.cpp:1490] arg 1 with type id 4 [method.cpp:1490] arg 2 with type id 4 [method.cpp:1490] arg 3 with type id 1 [method.cpp:1490] arg 4 with type id 1	n0*=add.Scalar(L0,·,·)
SKIP	w49:262	client RuntimeError: method->execute() failed with error 0x12 | [op_permute_copy.cpp:70] Unhandled dtype Float8_e4m3fn for permute_copy.out [method.cpp:1480] KernelCall failed at instruction 0:0 in operator aten::permute_copy.out: 0x12 [method.cpp:1490] arg 0 with type id 1 [method.cpp:1490] arg 1 with type id 8 [method.cpp:1490] arg 2 with type id 1 [method.cpp:1490] arg 3 with type id 1	n0*=linear.out(L0,L1,·,·)
MISMATCH	w49:276	out[0] non-finite mismatch (nan/inf positions differ)	n0*=_log_softmax.out(L0,·,·,·)
MISMATCH	w49:289	out[0] max|delta|=6.000e+00 (rtol=0.0 atol=0.0)	n0*=remainder.Scalar(L0,·)
MISMATCH	w49:296	out[0] max|delta|=2.147e+09 (rtol=0.0 atol=0.0)	n0*=bitwise_left_shift.Tensor_Scalar(L0,·)
SKIP	w49:5	client RuntimeError: method->execute() failed with error 0x12 | [tensor_util_portable.cpp:130] Check failed (all_contiguous || all_channels_last): 2 input tensors have different dim orders [op_fft_r2c.cpp:29] Check failed (tensors_have_same_dim_order(in, out)):  [method.cpp:1480] KernelCall failed at instruction 0:0 in operator aten::_fft_r2c.out: 0x12 [method.cpp:1490] arg 0 with type id 1 [method.cpp:1490] arg 1 with type id 8 [method.cpp:1490] arg 2 with type id 4 [method.cpp:1490] arg 3 with type id 5 [method.cpp:1490] arg 4 with type id 1 [method.cpp:1490] arg 5 with type id 1	n0*=_fft_r2c(L0,·,·,·)
MISMATCH	w49:90	out[0] max|delta|=4.000e+00 (rtol=0.01 atol=0.001)	n0*=remainder.Scalar_out(L0,·,·)
SKIP	w49:95	client RuntimeError: method->execute() failed with error 0x12 | [op_arange.cpp:55] Check failed (utils::extract_scalar(start, &d_start)):  [method.cpp:1480] KernelCall failed at instruction 0:0 in operator aten::arange.start_out: 0x12 [method.cpp:1490] arg 0 with type id 5 [method.cpp:1490] arg 1 with type id 5 [method.cpp:1490] arg 2 with type id 5 [method.cpp:1490] arg 3 with type id 1 [method.cpp:1490] arg 4 with type id 1	n0*=arange.start_out(·,·,·,·)
SKIP	w5:106	client RuntimeError: method->execute() failed with error 0x12 | [op_arange.cpp:59] Check failed (utils::extract_scalar(end, &d_end)):  [method.cpp:1480] KernelCall failed at instruction 0:0 in operator aten::arange.start_out: 0x12 [method.cpp:1490] arg 0 with type id 4 [method.cpp:1490] arg 1 with type id 5 [method.cpp:1490] arg 2 with type id 3 [method.cpp:1490] arg 3 with type id 1 [method.cpp:1490] arg 4 with type id 1	n0*=arange.start_out(·,·,·,·)
SKIP	w5:131	client RuntimeError: method->execute() failed with error 0x12 | [normalization_ops_util.cpp:160] Check failed (in.size(0) == N):  [op_native_group_norm.cpp:139] Check failed (check_group_norm_args( input, weight, bias, N, C, HxW, group, out, mean_out, rstd_out)):  [method.cpp:1480] KernelCall failed at instruction 0:0 in operator aten::native_group_norm.out: 0x12 [method.cpp:1490] arg 0 with type id 1 [method.cpp:1490] arg 1 with type id 0 [method.cpp:1490] arg 2 with type id 0 [method.cpp:1490] arg 3 with type id 4 [method.cpp:1490] arg 4 with type id 4 [method.cpp:1490] arg 5 with type id 4 [method.cpp:1490] arg 6 with type id 4 [method.cpp:1490] arg 7 with type id 3 [method.cpp:1490] arg 8 with type id 1 [method.cpp:1490] arg 9 with type id 1 [method.cpp:1490] arg 10 with type id 1 [method.cpp:1490] arg 11 with type id 9	n0*=native_group_norm(L0,·,·,·,·,·,·,·)
MISMATCH	w5:155	out[0] max|delta|=2.882e+17 (rtol=0.01 atol=0.001)	n0*=bitwise_left_shift.Tensor_Scalar_out(L0,·,·)
MISMATCH	w5:158	out[0] non-finite mismatch (nan/inf positions differ)	n0*=bitwise_left_shift.Tensor_out(L0,L1,·)
SKIP	w5:16	client RuntimeError: method->execute() failed with error 0x12 | [op_fft_r2c.cpp:32] Check failed (onesided): onesided=False is not supported yet in _fft_r2c [method.cpp:1480] KernelCall failed at instruction 0:0 in operator aten::_fft_r2c.out: 0x12 [method.cpp:1490] arg 0 with type id 1 [method.cpp:1490] arg 1 with type id 8 [method.cpp:1490] arg 2 with type id 4 [method.cpp:1490] arg 3 with type id 5 [method.cpp:1490] arg 4 with type id 1 [method.cpp:1490] arg 5 with type id 1	n0*=_fft_r2c(L0,·,·,·)
SKIP	w5:177	client RuntimeError: method->execute() failed with error 0x12 | [op_copy.cpp:33] Check failed (non_blocking == false):  [method.cpp:1480] KernelCall failed at instruction 0:0 in operator aten::copy.out: 0x12 [method.cpp:1490] arg 0 with type id 1 [method.cpp:1490] arg 1 with type id 1 [method.cpp:1490] arg 2 with type id 5 [method.cpp:1490] arg 3 with type id 1 [method.cpp:1490] arg 4 with type id 1	n0*=copy(L0,L1,·)
MISMATCH	w5:191	out[0] non-finite mismatch (nan/inf positions differ)	n0*=gelu.out(L0,·,·)
MISMATCH	w5:204	out[0] max|delta|=4.000e+00 (rtol=0.01 atol=0.001)	n0*=remainder.Tensor_out(L0,L1,·)
SKIP	w5:213	client RuntimeError: method->execute() failed with error 0x12 | [normalization_ops_util.cpp:160] Check failed (in.size(0) == N):  [op_native_group_norm.cpp:139] Check failed (check_group_norm_args( input, weight, bias, N, C, HxW, group, out, mean_out, rstd_out)):  [method.cpp:1480] KernelCall failed at instruction 0:0 in operator aten::native_group_norm.out: 0x12 [method.cpp:1490] arg 0 with type id 1 [method.cpp:1490] arg 1 with type id 0 [method.cpp:1490] arg 2 with type id 0 [method.cpp:1490] arg 3 with type id 4 [method.cpp:1490] arg 4 with type id 4 [method.cpp:1490] arg 5 with type id 4 [method.cpp:1490] arg 6 with type id 4 [method.cpp:1490] arg 7 with type id 3 [method.cpp:1490] arg 8 with type id 1 [method.cpp:1490] arg 9 with type id 1 [method.cpp:1490] arg 10 with type id 1 [method.cpp:1490] arg 11 with type id 9	n0*=native_group_norm(L0,·,·,·,·,·,·,·)
SKIP	w5:216	client RuntimeError: method->execute() failed with error 0x12 | [tensor_util.h:617] Check failed (static_cast<size_t>(t.dim()) == rank): Expected tensor.dim() to be 2, but got 1 [distance_util.cpp:16] Check failed (tensor_is_rank(in, 2)):  [op_pdist_forward.cpp:25] Check failed (check_pdist_args(in, p, out)):  [method.cpp:1480] KernelCall failed at instruction 0:0 in operator aten::_pdist_forward.out: 0x12 [method.cpp:1490] arg 0 with type id 1 [method.cpp:1490] arg 1 with type id 3 [method.cpp:1490] arg 2 with type id 1 [method.cpp:1490] arg 3 with type id 1	n0*=_pdist_forward(L0,·)
SKIP	w5:244	client RuntimeError: method->execute() failed with error 0x12 | [tensor_util_portable.cpp:130] Check failed (all_contiguous || all_channels_last): 2 input tensors have different dim orders [op_fft_r2c.cpp:29] Check failed (tensors_have_same_dim_order(in, out)):  [method.cpp:1480] KernelCall failed at instruction 0:0 in operator aten::_fft_r2c.out: 0x12 [method.cpp:1490] arg 0 with type id 1 [method.cpp:1490] arg 1 with type id 8 [method.cpp:1490] arg 2 with type id 4 [method.cpp:1490] arg 3 with type id 5 [method.cpp:1490] arg 4 with type id 1 [method.cpp:1490] arg 5 with type id 1	n0*=_fft_r2c(L0,·,·,·)
SKIP	w5:34	client RuntimeError: method->execute() failed with error 0x12 | [op_add.cpp:118] Check failed ((common_type == a_type && check_alpha_type(utils::get_scalar_dtype(alpha), common_type))):  [method.cpp:1480] KernelCall failed at instruction 0:0 in operator aten::add.Scalar_out: 0x12 [method.cpp:1490] arg 0 with type id 1 [method.cpp:1490] arg 1 with type id 4 [method.cpp:1490] arg 2 with type id 4 [method.cpp:1490] arg 3 with type id 1 [method.cpp:1490] arg 4 with type id 1	n0*=add.Scalar(L0,·,·)
MISMATCH	w5:59	out[0] non-finite mismatch (nan/inf positions differ)	n0*=_log_softmax.out(L0,·,·,·)
MISMATCH	w5:72	out[0] max|delta|=8.000e+00 (rtol=0.0 atol=0.0)	n0*=remainder.Scalar(L0,·)
SKIP	w50:0	client RuntimeError: method->execute() failed with error 0x12 | [tensor_util_portable.cpp:130] Check failed (all_contiguous || all_channels_last): 2 input tensors have different dim orders [op_fft_r2c.cpp:29] Check failed (tensors_have_same_dim_order(in, out)):  [method.cpp:1480] KernelCall failed at instruction 0:0 in operator aten::_fft_r2c.out: 0x12 [method.cpp:1490] arg 0 with type id 1 [method.cpp:1490] arg 1 with type id 8 [method.cpp:1490] arg 2 with type id 4 [method.cpp:1490] arg 3 with type id 5 [method.cpp:1490] arg 4 with type id 1 [method.cpp:1490] arg 5 with type id 1	n0*=_fft_r2c(L0,·,·,·)
MISMATCH	w50:107	out[0] non-finite mismatch (nan/inf positions differ)	n0*=grid_sampler_2d(L0,L1,·,·,·)
SKIP	w50:115	client RuntimeError: method->execute() failed with error 0x12 | [normalization_ops_util.cpp:160] Check failed (in.size(0) == N):  [op_native_group_norm.cpp:139] Check failed (check_group_norm_args( input, weight, bias, N, C, HxW, group, out, mean_out, rstd_out)):  [method.cpp:1480] KernelCall failed at instruction 0:0 in operator aten::native_group_norm.out: 0x12 [method.cpp:1490] arg 0 with type id 1 [method.cpp:1490] arg 1 with type id 0 [method.cpp:1490] arg 2 with type id 0 [method.cpp:1490] arg 3 with type id 4 [method.cpp:1490] arg 4 with type id 4 [method.cpp:1490] arg 5 with type id 4 [method.cpp:1490] arg 6 with type id 4 [method.cpp:1490] arg 7 with type id 3 [method.cpp:1490] arg 8 with type id 1 [method.cpp:1490] arg 9 with type id 1 [method.cpp:1490] arg 10 with type id 1 [method.cpp:1490] arg 11 with type id 9	n0*=native_group_norm(L0,·,·,·,·,·,·,·)
MISMATCH	w50:139	out[0] max|delta|=9.223e+18 (rtol=0.01 atol=0.001)	n0*=bitwise_left_shift.Tensor_Scalar_out(L0,·,·)
MISMATCH	w50:142	out[0] max|delta|=9.223e+18 (rtol=0.01 atol=0.001)	n0*=bitwise_left_shift.Tensor_out(L0,L1,·)
MISMATCH	w50:175	out[0] non-finite mismatch (nan/inf positions differ)	n0*=gelu.out(L0,·,·)
MISMATCH	w50:188	out[0] max|delta|=4.000e+00 (rtol=0.0 atol=0.0)	n0*=remainder.Tensor_out(L0,L1,·)
SKIP	w50:200	client RuntimeError: method->execute() failed with error 0x12 | [tensor_util.h:617] Check failed (static_cast<size_t>(t.dim()) == rank): Expected tensor.dim() to be 2, but got 1 [distance_util.cpp:16] Check failed (tensor_is_rank(in, 2)):  [op_pdist_forward.cpp:25] Check failed (check_pdist_args(in, p, out)):  [method.cpp:1480] KernelCall failed at instruction 0:0 in operator aten::_pdist_forward.out: 0x12 [method.cpp:1490] arg 0 with type id 1 [method.cpp:1490] arg 1 with type id 3 [method.cpp:1490] arg 2 with type id 1 [method.cpp:1490] arg 3 with type id 1	n0*=_pdist_forward(L0,·)
SKIP	w50:228	client RuntimeError: method->execute() failed with error 0x12 | [tensor_util_portable.cpp:130] Check failed (all_contiguous || all_channels_last): 2 input tensors have different dim orders [op_fft_r2c.cpp:29] Check failed (tensors_have_same_dim_order(in, out)):  [method.cpp:1480] KernelCall failed at instruction 0:0 in operator aten::_fft_r2c.out: 0x12 [method.cpp:1490] arg 0 with type id 1 [method.cpp:1490] arg 1 with type id 8 [method.cpp:1490] arg 2 with type id 4 [method.cpp:1490] arg 3 with type id 5 [method.cpp:1490] arg 4 with type id 1 [method.cpp:1490] arg 5 with type id 1	n0*=_fft_r2c(L0,·,·,·)
SKIP	w50:271	client RuntimeError: method->execute() failed with error 0x12 | [op_log_softmax.cpp:152] Check failed (false):  [method.cpp:1480] KernelCall failed at instruction 0:0 in operator aten::_log_softmax.out: 0x12 [method.cpp:1490] arg 0 with type id 1 [method.cpp:1490] arg 1 with type id 4 [method.cpp:1490] arg 2 with type id 5 [method.cpp:1490] arg 3 with type id 1 [method.cpp:1490] arg 4 with type id 1	n0*=_log_softmax.out(L0,·,·,·)
SKIP	w50:29	client RuntimeError: method->execute() failed with error 0x12 | [op_permute_copy.cpp:70] Unhandled dtype Float8_e4m3fn for permute_copy.out [method.cpp:1480] KernelCall failed at instruction 0:0 in operator aten::permute_copy.out: 0x12 [method.cpp:1490] arg 0 with type id 1 [method.cpp:1490] arg 1 with type id 8 [method.cpp:1490] arg 2 with type id 1 [method.cpp:1490] arg 3 with type id 1	n0*=linear.out(L0,L1,·,·)
MISMATCH	w50:291	out[0] max|delta|=9.223e+18 (rtol=0.0 atol=0.0)	n0*=bitwise_left_shift.Tensor_Scalar(L0,·)
SKIP	w50:318	client RuntimeError: method->execute() failed with error 0x12 | [op_arange.cpp:55] Check failed (utils::extract_scalar(start, &d_start)):  [method.cpp:1480] KernelCall failed at instruction 0:0 in operator aten::arange.start_out: 0x12 [method.cpp:1490] arg 0 with type id 5 [method.cpp:1490] arg 1 with type id 5 [method.cpp:1490] arg 2 with type id 5 [method.cpp:1490] arg 3 with type id 1 [method.cpp:1490] arg 4 with type id 1	n0*=arange.start_out(·,·,·,·)
SKIP	w50:343	client RuntimeError: method->execute() failed with error 0x12 | [normalization_ops_util.cpp:160] Check failed (in.size(0) == N):  [op_native_group_norm.cpp:139] Check failed (check_group_norm_args( input, weight, bias, N, C, HxW, group, out, mean_out, rstd_out)):  [method.cpp:1480] KernelCall failed at instruction 0:0 in operator aten::native_group_norm.out: 0x12 [method.cpp:1490] arg 0 with type id 1 [method.cpp:1490] arg 1 with type id 0 [method.cpp:1490] arg 2 with type id 0 [method.cpp:1490] arg 3 with type id 4 [method.cpp:1490] arg 4 with type id 4 [method.cpp:1490] arg 5 with type id 4 [method.cpp:1490] arg 6 with type id 4 [method.cpp:1490] arg 7 with type id 3 [method.cpp:1490] arg 8 with type id 1 [method.cpp:1490] arg 9 with type id 1 [method.cpp:1490] arg 10 with type id 1 [method.cpp:1490] arg 11 with type id 9	n0*=native_group_norm(L0,·,·,·,·,·,·,·)
MISMATCH	w50:370	out[0] max|delta|=2.147e+09 (rtol=0.0 atol=0.0)	n0*=bitwise_left_shift.Tensor_out(L0,L1,·)
SKIP	w50:389	client RuntimeError: method->execute() failed with error 0x12 | [op_copy.cpp:33] Check failed (non_blocking == false):  [method.cpp:1480] KernelCall failed at instruction 0:0 in operator aten::copy.out: 0x12 [method.cpp:1490] arg 0 with type id 1 [method.cpp:1490] arg 1 with type id 1 [method.cpp:1490] arg 2 with type id 5 [method.cpp:1490] arg 3 with type id 1 [method.cpp:1490] arg 4 with type id 1	n0*=copy(L0,L1,·)
MISMATCH	w50:403	out[0] non-finite mismatch (nan/inf positions differ)	n0*=gelu.out(L0,·,·)
SKIP	w50:425	client RuntimeError: method->execute() failed with error 0x12 | [normalization_ops_util.cpp:160] Check failed (in.size(0) == N):  [op_native_group_norm.cpp:139] Check failed (check_group_norm_args( input, weight, bias, N, C, HxW, group, out, mean_out, rstd_out)):  [method.cpp:1480] KernelCall failed at instruction 0:0 in operator aten::native_group_norm.out: 0x12 [method.cpp:1490] arg 0 with type id 1 [method.cpp:1490] arg 1 with type id 0 [method.cpp:1490] arg 2 with type id 0 [method.cpp:1490] arg 3 with type id 4 [method.cpp:1490] arg 4 with type id 4 [method.cpp:1490] arg 5 with type id 4 [method.cpp:1490] arg 6 with type id 4 [method.cpp:1490] arg 7 with type id 3 [method.cpp:1490] arg 8 with type id 1 [method.cpp:1490] arg 9 with type id 1 [method.cpp:1490] arg 10 with type id 1 [method.cpp:1490] arg 11 with type id 9	n0*=native_group_norm(L0,·,·,·,·,·,·,·)
SKIP	w50:428	client RuntimeError: method->execute() failed with error 0x12 | [op_pdist_forward.cpp:45] Unhandled dtype Int for _pdist_forward.out [method.cpp:1480] KernelCall failed at instruction 0:0 in operator aten::_pdist_forward.out: 0x12 [method.cpp:1490] arg 0 with type id 1 [method.cpp:1490] arg 1 with type id 3 [method.cpp:1490] arg 2 with type id 1 [method.cpp:1490] arg 3 with type id 1	n0*=_pdist_forward(L0,·)
SKIP	w50:456	client RuntimeError: method->execute() failed with error 0x12 | [tensor_util_portable.cpp:130] Check failed (all_contiguous || all_channels_last): 2 input tensors have different dim orders [op_fft_r2c.cpp:29] Check failed (tensors_have_same_dim_order(in, out)):  [method.cpp:1480] KernelCall failed at instruction 0:0 in operator aten::_fft_r2c.out: 0x12 [method.cpp:1490] arg 0 with type id 1 [method.cpp:1490] arg 1 with type id 8 [method.cpp:1490] arg 2 with type id 4 [method.cpp:1490] arg 3 with type id 5 [method.cpp:1490] arg 4 with type id 1 [method.cpp:1490] arg 5 with type id 1	n0*=_fft_r2c(L0,·,·,·)
MISMATCH	w50:63	out[0] max|delta|=5.765e+17 (rtol=0.0 atol=0.0)	n0*=bitwise_left_shift.Tensor_Scalar(L0,·)
SKIP	w50:90	client RuntimeError: method->execute() failed with error 0x12 | [op_arange.cpp:59] Check failed (utils::extract_scalar(end, &d_end)):  [method.cpp:1480] KernelCall failed at instruction 0:0 in operator aten::arange.start_out: 0x12 [method.cpp:1490] arg 0 with type id 4 [method.cpp:1490] arg 1 with type id 5 [method.cpp:1490] arg 2 with type id 3 [method.cpp:1490] arg 3 with type id 1 [method.cpp:1490] arg 4 with type id 1	n0*=arange.start_out(·,·,·,·)
MISMATCH	w51:12	out[0] max|delta|=9.223e+18 (rtol=0.01 atol=0.001)	n0*=bitwise_left_shift.Tensor_out(L0,L1,·)
SKIP	w51:127	client RuntimeError: method->execute() failed with error 0x12 | [op_permute_copy.cpp:70] Unhandled dtype Float8_e4m3fn for permute_copy.out [method.cpp:1480] KernelCall failed at instruction 0:0 in operator aten::permute_copy.out: 0x12 [method.cpp:1490] arg 0 with type id 1 [method.cpp:1490] arg 1 with type id 8 [method.cpp:1490] arg 2 with type id 1 [method.cpp:1490] arg 3 with type id 1	n0*=linear.out(L0,L1,·,·)
SKIP	w51:166	client RuntimeError: method->execute() failed with error 0x12 | [slice_util.cpp:173] Check failed (start >= 0 && length >= 0 && step >= 0): Input args should be >= 0. [method.cpp:1480] KernelCall failed at instruction 0:0 in operator aten::narrow_copy.out: 0x12 [method.cpp:1490] arg 0 with type id 1 [method.cpp:1490] arg 1 with type id 4 [method.cpp:1490] arg 2 with type id 4 [method.cpp:1490] arg 3 with type id 4 [method.cpp:1490] arg 4 with type id 1 [method.cpp:1490] arg 5 with type id 1	n0*=narrow_copy(L0,·,·,·)
SKIP	w51:188	client RuntimeError: method->execute() failed with error 0x12 | [op_arange.cpp:59] Check failed (utils::extract_scalar(end, &d_end)):  [method.cpp:1480] KernelCall failed at instruction 0:0 in operator aten::arange.start_out: 0x12 [method.cpp:1490] arg 0 with type id 3 [method.cpp:1490] arg 1 with type id 5 [method.cpp:1490] arg 2 with type id 5 [method.cpp:1490] arg 3 with type id 1 [method.cpp:1490] arg 4 with type id 1	n0*=arange.start_out(·,·,·,·)
MISMATCH	w51:204	out[0] max|delta|=5.000e+00 (rtol=0.0 atol=0.0)	n0*=prod.int_out(L0,·,·,·,·)
SKIP	w51:213	client RuntimeError: method->execute() failed with error 0x12 | [normalization_ops_util.cpp:160] Check failed (in.size(0) == N):  [op_native_group_norm.cpp:139] Check failed (check_group_norm_args( input, weight, bias, N, C, HxW, group, out, mean_out, rstd_out)):  [method.cpp:1480] KernelCall failed at instruction 0:0 in operator aten::native_group_norm.out: 0x12 [method.cpp:1490] arg 0 with type id 1 [method.cpp:1490] arg 1 with type id 0 [method.cpp:1490] arg 2 with type id 0 [method.cpp:1490] arg 3 with type id 4 [method.cpp:1490] arg 4 with type id 4 [method.cpp:1490] arg 5 with type id 4 [method.cpp:1490] arg 6 with type id 4 [method.cpp:1490] arg 7 with type id 3 [method.cpp:1490] arg 8 with type id 1 [method.cpp:1490] arg 9 with type id 1 [method.cpp:1490] arg 10 with type id 1 [method.cpp:1490] arg 11 with type id 9	n0*=native_group_norm(L0,·,·,·,·,·,·,·)
MISMATCH	w51:237	out[0] non-finite mismatch (nan/inf positions differ)	n0*=bitwise_left_shift.Tensor_Scalar_out(L0,·,·)
MISMATCH	w51:240	out[0] max|delta|=6.918e+18 (rtol=0.0 atol=0.0)	n0*=bitwise_left_shift.Tensor_out(L0,L1,·)
MISMATCH	w51:273	out[0] non-finite mismatch (nan/inf positions differ)	n0*=gelu.out(L0,·,·)
SKIP	w51:31	client RuntimeError: method->execute() failed with error 0x12 | [op_copy.cpp:33] Check failed (non_blocking == false):  [method.cpp:1480] KernelCall failed at instruction 0:0 in operator aten::copy.out: 0x12 [method.cpp:1490] arg 0 with type id 1 [method.cpp:1490] arg 1 with type id 1 [method.cpp:1490] arg 2 with type id 5 [method.cpp:1490] arg 3 with type id 1 [method.cpp:1490] arg 4 with type id 1	n0*=copy(L0,L1,·)
MISMATCH	w51:45	out[0] non-finite mismatch (nan/inf positions differ)	n0*=gelu.out(L0,·,·)
MISMATCH	w51:65	out[0] max|delta|=3.999e-01 (rtol=0.01 atol=0.001)	n0*=_native_batch_norm_legit.no_stats(L0,·,·,·,·,·)
SKIP	w51:67	client RuntimeError: method->execute() failed with error 0x12 | [normalization_ops_util.cpp:160] Check failed (in.size(0) == N):  [op_native_group_norm.cpp:139] Check failed (check_group_norm_args( input, weight, bias, N, C, HxW, group, out, mean_out, rstd_out)):  [method.cpp:1480] KernelCall failed at instruction 0:0 in operator aten::native_group_norm.out: 0x12 [method.cpp:1490] arg 0 with type id 1 [method.cpp:1490] arg 1 with type id 0 [method.cpp:1490] arg 2 with type id 0 [method.cpp:1490] arg 3 with type id 4 [method.cpp:1490] arg 4 with type id 4 [method.cpp:1490] arg 5 with type id 4 [method.cpp:1490] arg 6 with type id 4 [method.cpp:1490] arg 7 with type id 3 [method.cpp:1490] arg 8 with type id 1 [method.cpp:1490] arg 9 with type id 1 [method.cpp:1490] arg 10 with type id 1 [method.cpp:1490] arg 11 with type id 9	n0*=native_group_norm(L0,·,·,·,·,·,·,·)
SKIP	w51:70	client RuntimeError: method->execute() failed with error 0x12 | [tensor_util.h:617] Check failed (static_cast<size_t>(t.dim()) == rank): Expected tensor.dim() to be 2, but got 5 [distance_util.cpp:16] Check failed (tensor_is_rank(in, 2)):  [op_pdist_forward.cpp:25] Check failed (check_pdist_args(in, p, out)):  [method.cpp:1480] KernelCall failed at instruction 0:0 in operator aten::_pdist_forward.out: 0x12 [method.cpp:1490] arg 0 with type id 1 [method.cpp:1490] arg 1 with type id 3 [method.cpp:1490] arg 2 with type id 1 [method.cpp:1490] arg 3 with type id 1	n0*=_pdist_forward(L0,·)
SKIP	w51:98	client RuntimeError: method->execute() failed with error 0x12 | [tensor_util_portable.cpp:130] Check failed (all_contiguous || all_channels_last): 2 input tensors have different dim orders [op_fft_r2c.cpp:29] Check failed (tensors_have_same_dim_order(in, out)):  [method.cpp:1480] KernelCall failed at instruction 0:0 in operator aten::_fft_r2c.out: 0x12 [method.cpp:1490] arg 0 with type id 1 [method.cpp:1490] arg 1 with type id 8 [method.cpp:1490] arg 2 with type id 4 [method.cpp:1490] arg 3 with type id 5 [method.cpp:1490] arg 4 with type id 1 [method.cpp:1490] arg 5 with type id 1	n0*=_fft_r2c(L0,·,·,·)
MISMATCH	w52:11	out[0] non-finite mismatch (nan/inf positions differ)	n0*=_log_softmax.out(L0,·,·,·)
MISMATCH	w52:110	out[0] max|delta|=6.918e+18 (rtol=0.01 atol=0.001)	n0*=bitwise_left_shift.Tensor_out(L0,L1,·)
MISMATCH	w52:143	out[0] non-finite mismatch (nan/inf positions differ)	n0*=gelu.out(L0,·,·)
SKIP	w52:165	client RuntimeError: method->execute() failed with error 0x12 | [normalization_ops_util.cpp:160] Check failed (in.size(0) == N):  [op_native_group_norm.cpp:139] Check failed (check_group_norm_args( input, weight, bias, N, C, HxW, group, out, mean_out, rstd_out)):  [method.cpp:1480] KernelCall failed at instruction 0:0 in operator aten::native_group_norm.out: 0x12 [method.cpp:1490] arg 0 with type id 1 [method.cpp:1490] arg 1 with type id 0 [method.cpp:1490] arg 2 with type id 0 [method.cpp:1490] arg 3 with type id 4 [method.cpp:1490] arg 4 with type id 4 [method.cpp:1490] arg 5 with type id 4 [method.cpp:1490] arg 6 with type id 4 [method.cpp:1490] arg 7 with type id 3 [method.cpp:1490] arg 8 with type id 1 [method.cpp:1490] arg 9 with type id 1 [method.cpp:1490] arg 10 with type id 1 [method.cpp:1490] arg 11 with type id 9	n0*=native_group_norm(L0,·,·,·,·,·,·,·)
SKIP	w52:168	client RuntimeError: method->execute() failed with error 0x12 | [tensor_util.h:617] Check failed (static_cast<size_t>(t.dim()) == rank): Expected tensor.dim() to be 2, but got 1 [distance_util.cpp:16] Check failed (tensor_is_rank(in, 2)):  [op_pdist_forward.cpp:25] Check failed (check_pdist_args(in, p, out)):  [method.cpp:1480] KernelCall failed at instruction 0:0 in operator aten::_pdist_forward.out: 0x12 [method.cpp:1490] arg 0 with type id 1 [method.cpp:1490] arg 1 with type id 3 [method.cpp:1490] arg 2 with type id 1 [method.cpp:1490] arg 3 with type id 1	n0*=_pdist_forward(L0,·)
SKIP	w52:196	client RuntimeError: method->execute() failed with error 0x12 | [tensor_util_portable.cpp:130] Check failed (all_contiguous || all_channels_last): 2 input tensors have different dim orders [op_fft_r2c.cpp:29] Check failed (tensors_have_same_dim_order(in, out)):  [method.cpp:1480] KernelCall failed at instruction 0:0 in operator aten::_fft_r2c.out: 0x12 [method.cpp:1490] arg 0 with type id 1 [method.cpp:1490] arg 1 with type id 8 [method.cpp:1490] arg 2 with type id 4 [method.cpp:1490] arg 3 with type id 5 [method.cpp:1490] arg 4 with type id 1 [method.cpp:1490] arg 5 with type id 1	n0*=_fft_r2c(L0,·,·,·)
SKIP	w52:239	client RuntimeError: method->execute() failed with error 0x12 | [op_log_softmax.cpp:152] Check failed (false):  [method.cpp:1480] KernelCall failed at instruction 0:0 in operator aten::_log_softmax.out: 0x12 [method.cpp:1490] arg 0 with type id 1 [method.cpp:1490] arg 1 with type id 4 [method.cpp:1490] arg 2 with type id 5 [method.cpp:1490] arg 3 with type id 1 [method.cpp:1490] arg 4 with type id 1	n0*=_log_softmax.out(L0,·,·,·)
MISMATCH	w52:252	out[0] max|delta|=3.000e+00 (rtol=0.0 atol=0.0)	n0*=remainder.Scalar(L0,·)
MISMATCH	w52:259	out[0] max|delta|=2.882e+17 (rtol=0.0 atol=0.0)	n0*=bitwise_left_shift.Tensor_Scalar(L0,·)
SKIP	w52:267	client RuntimeError: method->execute() failed with error 0x12 | [copy_ops_util.cpp:165] Check failed (implicit == false): This operator is not implemented for when implicit == true. [op_expand_copy.cpp:63] Check failed (check_expand_copy_args(self, expand_sizes, implicit, out)):  [method.cpp:1480] KernelCall failed at instruction 0:0 in operator aten::expand_copy.out: 0x12 [method.cpp:1490] arg 0 with type id 1 [method.cpp:1490] arg 1 with type id 8 [method.cpp:1490] arg 2 with type id 5 [method.cpp:1490] arg 3 with type id 1 [method.cpp:1490] arg 4 with type id 1	n0*=expand_copy(L0,·,·)
SKIP	w52:286	client RuntimeError: method->execute() failed with error 0x12 | [op_arange.cpp:55] Check failed (utils::extract_scalar(start, &d_start)):  [method.cpp:1480] KernelCall failed at instruction 0:0 in operator aten::arange.start_out: 0x12 [method.cpp:1490] arg 0 with type id 5 [method.cpp:1490] arg 1 with type id 5 [method.cpp:1490] arg 2 with type id 5 [method.cpp:1490] arg 3 with type id 1 [method.cpp:1490] arg 4 with type id 1	n0*=arange.start_out(·,·,·,·)
SKIP	w52:311	client RuntimeError: method->execute() failed with error 0x12 | [normalization_ops_util.cpp:160] Check failed (in.size(0) == N):  [op_native_group_norm.cpp:139] Check failed (check_group_norm_args( input, weight, bias, N, C, HxW, group, out, mean_out, rstd_out)):  [method.cpp:1480] KernelCall failed at instruction 0:0 in operator aten::native_group_norm.out: 0x12 [method.cpp:1490] arg 0 with type id 1 [method.cpp:1490] arg 1 with type id 0 [method.cpp:1490] arg 2 with type id 0 [method.cpp:1490] arg 3 with type id 4 [method.cpp:1490] arg 4 with type id 4 [method.cpp:1490] arg 5 with type id 4 [method.cpp:1490] arg 6 with type id 4 [method.cpp:1490] arg 7 with type id 3 [method.cpp:1490] arg 8 with type id 1 [method.cpp:1490] arg 9 with type id 1 [method.cpp:1490] arg 10 with type id 1 [method.cpp:1490] arg 11 with type id 9	n0*=native_group_norm(L0,·,·,·,·,·,·,·)
MISMATCH	w52:335	out[0] max|delta|=7.206e+16 (rtol=0.01 atol=0.001)	n0*=bitwise_left_shift.Tensor_Scalar_out(L0,·,·)
MISMATCH	w52:338	out[0] max|delta|=9.223e+18 (rtol=0.01 atol=0.001)	n0*=bitwise_left_shift.Tensor_out(L0,L1,·)
MISMATCH	w52:371	out[0] non-finite mismatch (nan/inf positions differ)	n0*=gelu.out(L0,·,·)
MISMATCH	w52:385	out[0] max|delta|=4.000e+00 (rtol=0.0 atol=0.0)	n0*=fmod.Scalar(L0,·)
SKIP	w52:393	client RuntimeError: method->execute() failed with error 0x12 | [normalization_ops_util.cpp:161] Check failed (in.size(1) == C):  [op_native_group_norm.cpp:139] Check failed (check_group_norm_args( input, weight, bias, N, C, HxW, group, out, mean_out, rstd_out)):  [method.cpp:1480] KernelCall failed at instruction 0:0 in operator aten::native_group_norm.out: 0x12 [method.cpp:1490] arg 0 with type id 1 [method.cpp:1490] arg 1 with type id 0 [method.cpp:1490] arg 2 with type id 0 [method.cpp:1490] arg 3 with type id 4 [method.cpp:1490] arg 4 with type id 4 [method.cpp:1490] arg 5 with type id 4 [method.cpp:1490] arg 6 with type id 4 [method.cpp:1490] arg 7 with type id 3 [method.cpp:1490] arg 8 with type id 1 [method.cpp:1490] arg 9 with type id 1 [method.cpp:1490] arg 10 with type id 1 [method.cpp:1490] arg 11 with type id 9	n0*=native_group_norm(L0,·,·,·,·,·,·,·)
SKIP	w52:396	client RuntimeError: method->execute() failed with error 0x12 | [tensor_util.h:617] Check failed (static_cast<size_t>(t.dim()) == rank): Expected tensor.dim() to be 2, but got 1 [distance_util.cpp:16] Check failed (tensor_is_rank(in, 2)):  [op_pdist_forward.cpp:25] Check failed (check_pdist_args(in, p, out)):  [method.cpp:1480] KernelCall failed at instruction 0:0 in operator aten::_pdist_forward.out: 0x12 [method.cpp:1490] arg 0 with type id 1 [method.cpp:1490] arg 1 with type id 3 [method.cpp:1490] arg 2 with type id 1 [method.cpp:1490] arg 3 with type id 1	n0*=_pdist_forward(L0,·)
SKIP	w52:58	client RuntimeError: method->execute() failed with error 0x12 | [op_arange.cpp:55] Check failed (utils::extract_scalar(start, &d_start)):  [method.cpp:1480] KernelCall failed at instruction 0:0 in operator aten::arange.start_out: 0x12 [method.cpp:1490] arg 0 with type id 5 [method.cpp:1490] arg 1 with type id 5 [method.cpp:1490] arg 2 with type id 5 [method.cpp:1490] arg 3 with type id 1 [method.cpp:1490] arg 4 with type id 1	n0*=arange.start_out(·,·,·,·)
SKIP	w52:83	client RuntimeError: method->execute() failed with error 0x12 | [normalization_ops_util.cpp:160] Check failed (in.size(0) == N):  [op_native_group_norm.cpp:139] Check failed (check_group_norm_args( input, weight, bias, N, C, HxW, group, out, mean_out, rstd_out)):  [method.cpp:1480] KernelCall failed at instruction 0:0 in operator aten::native_group_norm.out: 0x12 [method.cpp:1490] arg 0 with type id 1 [method.cpp:1490] arg 1 with type id 0 [method.cpp:1490] arg 2 with type id 0 [method.cpp:1490] arg 3 with type id 4 [method.cpp:1490] arg 4 with type id 4 [method.cpp:1490] arg 5 with type id 4 [method.cpp:1490] arg 6 with type id 4 [method.cpp:1490] arg 7 with type id 3 [method.cpp:1490] arg 8 with type id 1 [method.cpp:1490] arg 9 with type id 1 [method.cpp:1490] arg 10 with type id 1 [method.cpp:1490] arg 11 with type id 9	n0*=native_group_norm(L0,·,·,·,·,·,·,·)
SKIP	w53:101	client RuntimeError: method->execute() failed with error 0x12 | [normalization_ops_util.cpp:160] Check failed (in.size(0) == N):  [op_native_group_norm.cpp:139] Check failed (check_group_norm_args( input, weight, bias, N, C, HxW, group, out, mean_out, rstd_out)):  [method.cpp:1480] KernelCall failed at instruction 0:0 in operator aten::native_group_norm.out: 0x12 [method.cpp:1490] arg 0 with type id 1 [method.cpp:1490] arg 1 with type id 0 [method.cpp:1490] arg 2 with type id 0 [method.cpp:1490] arg 3 with type id 4 [method.cpp:1490] arg 4 with type id 4 [method.cpp:1490] arg 5 with type id 4 [method.cpp:1490] arg 6 with type id 4 [method.cpp:1490] arg 7 with type id 3 [method.cpp:1490] arg 8 with type id 1 [method.cpp:1490] arg 9 with type id 1 [method.cpp:1490] arg 10 with type id 1 [method.cpp:1490] arg 11 with type id 9	n0*=native_group_norm(L0,·,·,·,·,·,·,·)
MISMATCH	w53:125	out[0] max|delta|=5.765e+17 (rtol=0.01 atol=0.001)	n0*=bitwise_left_shift.Tensor_Scalar_out(L0,·,·)
SKIP	w53:15	client RuntimeError: method->execute() failed with error 0x12 | [op_permute_copy.cpp:70] Unhandled dtype Float8_e4m3fn for permute_copy.out [method.cpp:1480] KernelCall failed at instruction 0:0 in operator aten::permute_copy.out: 0x12 [method.cpp:1490] arg 0 with type id 1 [method.cpp:1490] arg 1 with type id 8 [method.cpp:1490] arg 2 with type id 1 [method.cpp:1490] arg 3 with type id 1	n0*=linear.out(L0,L1,·,·)
MISMATCH	w53:161	out[0] non-finite mismatch (nan/inf positions differ)	n0*=gelu.out(L0,·,·)
MISMATCH	w53:174	out[0] max|delta|=4.000e+00 (rtol=0.01 atol=0.001)	n0*=remainder.Tensor_out(L0,L1,·)
SKIP	w53:183	client RuntimeError: method->execute() failed with error 0x12 | [normalization_ops_util.cpp:160] Check failed (in.size(0) == N):  [op_native_group_norm.cpp:139] Check failed (check_group_norm_args( input, weight, bias, N, C, HxW, group, out, mean_out, rstd_out)):  [method.cpp:1480] KernelCall failed at instruction 0:0 in operator aten::native_group_norm.out: 0x12 [method.cpp:1490] arg 0 with type id 1 [method.cpp:1490] arg 1 with type id 0 [method.cpp:1490] arg 2 with type id 0 [method.cpp:1490] arg 3 with type id 4 [method.cpp:1490] arg 4 with type id 4 [method.cpp:1490] arg 5 with type id 4 [method.cpp:1490] arg 6 with type id 4 [method.cpp:1490] arg 7 with type id 3 [method.cpp:1490] arg 8 with type id 1 [method.cpp:1490] arg 9 with type id 1 [method.cpp:1490] arg 10 with type id 1 [method.cpp:1490] arg 11 with type id 9	n0*=native_group_norm(L0,·,·,·,·,·,·,·)
SKIP	w53:214	client RuntimeError: method->execute() failed with error 0x12 | [tensor_util_portable.cpp:130] Check failed (all_contiguous || all_channels_last): 2 input tensors have different dim orders [op_fft_r2c.cpp:29] Check failed (tensors_have_same_dim_order(in, out)):  [method.cpp:1480] KernelCall failed at instruction 0:0 in operator aten::_fft_r2c.out: 0x12 [method.cpp:1490] arg 0 with type id 1 [method.cpp:1490] arg 1 with type id 8 [method.cpp:1490] arg 2 with type id 4 [method.cpp:1490] arg 3 with type id 5 [method.cpp:1490] arg 4 with type id 1 [method.cpp:1490] arg 5 with type id 1	n0*=_fft_r2c(L0,·,·,·)
MISMATCH	w53:257	out[0] non-finite mismatch (nan/inf positions differ)	n0*=_log_softmax.out(L0,·,·,·)
SKIP	w53:4	client RuntimeError: method->execute() failed with error 0x12 | [op_add.cpp:118] Check failed ((common_type == a_type && check_alpha_type(utils::get_scalar_dtype(alpha), common_type))):  [method.cpp:1480] KernelCall failed at instruction 0:0 in operator aten::add.Scalar_out: 0x12 [method.cpp:1490] arg 0 with type id 1 [method.cpp:1490] arg 1 with type id 4 [method.cpp:1490] arg 2 with type id 4 [method.cpp:1490] arg 3 with type id 1 [method.cpp:1490] arg 4 with type id 1	n0*=add.Scalar(L0,·,·)
SKIP	w53:51	client RuntimeError: method->execute() failed with error 0x12 | [index_util.cpp:156] Check failed (index.scalar_type() == ScalarType::Long): Expected dtype int64 for index; index.scalar_type() = Int [op_scatter_add.cpp:61] Check failed (check_scatter_add_args(self, dim, index, src, out)):  [method.cpp:1480] KernelCall failed at instruction 0:0 in operator aten::scatter_add.out: 0x12 [method.cpp:1490] arg 0 with type id 1 [method.cpp:1490] arg 1 with type id 4 [method.cpp:1490] arg 2 with type id 1 [method.cpp:1490] arg 3 with type id 1 [method.cpp:1490] arg 4 with type id 1 [method.cpp:1490] arg 5 with type id 1	n0*=scatter_add.out(L0,·,L1,L2,·)
SKIP	w53:76	client RuntimeError: method->execute() failed with error 0x12 | [op_arange.cpp:55] Check failed (utils::extract_scalar(start, &d_start)):  [method.cpp:1480] KernelCall failed at instruction 0:0 in operator aten::arange.start_out: 0x12 [method.cpp:1490] arg 0 with type id 5 [method.cpp:1490] arg 1 with type id 5 [method.cpp:1490] arg 2 with type id 5 [method.cpp:1490] arg 3 with type id 1 [method.cpp:1490] arg 4 with type id 1	n0*=arange.start_out(·,·,·,·)
MISMATCH	w53:93	out[0] non-finite mismatch (nan/inf positions differ)	n0*=grid_sampler_2d(L0,L1,·,·,·)
MISMATCH	w54:152	out[0] non-finite mismatch (nan/inf positions differ)	n0*=_log_softmax.out(L0,·,·,·)
MISMATCH	w54:165	out[0] max|delta|=7.000e+00 (rtol=0.0 atol=0.0)	n0*=remainder.Scalar(L0,·)
SKIP	w54:174	client RuntimeError: method->execute() failed with error 0x12 | [index_util.cpp:156] Check failed (index.scalar_type() == ScalarType::Long): Expected dtype int64 for index; index.scalar_type() = Int [op_scatter_add.cpp:61] Check failed (check_scatter_add_args(self, dim, index, src, out)):  [method.cpp:1480] KernelCall failed at instruction 0:0 in operator aten::scatter_add.out: 0x12 [method.cpp:1490] arg 0 with type id 1 [method.cpp:1490] arg 1 with type id 4 [method.cpp:1490] arg 2 with type id 1 [method.cpp:1490] arg 3 with type id 1 [method.cpp:1490] arg 4 with type id 1 [method.cpp:1490] arg 5 with type id 1	n0*=scatter_add.out(L0,·,L1,L2,·)
SKIP	w54:199	client RuntimeError: method->execute() failed with error 0x12 | [op_arange.cpp:55] Check failed (utils::extract_scalar(start, &d_start)):  [method.cpp:1480] KernelCall failed at instruction 0:0 in operator aten::arange.start_out: 0x12 [method.cpp:1490] arg 0 with type id 5 [method.cpp:1490] arg 1 with type id 5 [method.cpp:1490] arg 2 with type id 5 [method.cpp:1490] arg 3 with type id 1 [method.cpp:1490] arg 4 with type id 1	n0*=arange.start_out(·,·,·,·)
SKIP	w54:224	client RuntimeError: method->execute() failed with error 0x12 | [normalization_ops_util.cpp:160] Check failed (in.size(0) == N):  [op_native_group_norm.cpp:139] Check failed (check_group_norm_args( input, weight, bias, N, C, HxW, group, out, mean_out, rstd_out)):  [method.cpp:1480] KernelCall failed at instruction 0:0 in operator aten::native_group_norm.out: 0x12 [method.cpp:1490] arg 0 with type id 1 [method.cpp:1490] arg 1 with type id 0 [method.cpp:1490] arg 2 with type id 0 [method.cpp:1490] arg 3 with type id 4 [method.cpp:1490] arg 4 with type id 4 [method.cpp:1490] arg 5 with type id 4 [method.cpp:1490] arg 6 with type id 4 [method.cpp:1490] arg 7 with type id 3 [method.cpp:1490] arg 8 with type id 1 [method.cpp:1490] arg 9 with type id 1 [method.cpp:1490] arg 10 with type id 1 [method.cpp:1490] arg 11 with type id 9	n0*=native_group_norm(L0,·,·,·,·,·,·,·)
MISMATCH	w54:248	out[0] max|delta|=2.147e+09 (rtol=0.0 atol=0.0)	n0*=bitwise_left_shift.Tensor_Scalar_out(L0,·,·)
MISMATCH	w54:251	out[0] max|delta|=1.611e+09 (rtol=0.0 atol=0.0)	n0*=bitwise_left_shift.Tensor_out(L0,L1,·)
MISMATCH	w54:284	out[0] non-finite mismatch (nan/inf positions differ)	n0*=gelu.out(L0,·,·)
SKIP	w54:306	client RuntimeError: method->execute() failed with error 0x12 | [normalization_ops_util.cpp:160] Check failed (in.size(0) == N):  [op_native_group_norm.cpp:139] Check failed (check_group_norm_args( input, weight, bias, N, C, HxW, group, out, mean_out, rstd_out)):  [method.cpp:1480] KernelCall failed at instruction 0:0 in operator aten::native_group_norm.out: 0x12 [method.cpp:1490] arg 0 with type id 1 [method.cpp:1490] arg 1 with type id 0 [method.cpp:1490] arg 2 with type id 0 [method.cpp:1490] arg 3 with type id 4 [method.cpp:1490] arg 4 with type id 4 [method.cpp:1490] arg 5 with type id 4 [method.cpp:1490] arg 6 with type id 4 [method.cpp:1490] arg 7 with type id 3 [method.cpp:1490] arg 8 with type id 1 [method.cpp:1490] arg 9 with type id 1 [method.cpp:1490] arg 10 with type id 1 [method.cpp:1490] arg 11 with type id 9	n0*=native_group_norm(L0,·,·,·,·,·,·,·)
SKIP	w54:309	client RuntimeError: method->execute() failed with error 0x12 | [tensor_util.h:617] Check failed (static_cast<size_t>(t.dim()) == rank): Expected tensor.dim() to be 2, but got 1 [distance_util.cpp:16] Check failed (tensor_is_rank(in, 2)):  [op_pdist_forward.cpp:25] Check failed (check_pdist_args(in, p, out)):  [method.cpp:1480] KernelCall failed at instruction 0:0 in operator aten::_pdist_forward.out: 0x12 [method.cpp:1490] arg 0 with type id 1 [method.cpp:1490] arg 1 with type id 3 [method.cpp:1490] arg 2 with type id 1 [method.cpp:1490] arg 3 with type id 1	n0*=_pdist_forward(L0,·)
MISMATCH	w54:304	out[0] max|delta|=3.999e-01 (rtol=0.01 atol=0.001)	n0*=_native_batch_norm_legit.no_stats(L0,·,·,·,·,·)
SKIP	w54:337	client RuntimeError: method->execute() failed with error 0x12 | [tensor_util_portable.cpp:130] Check failed (all_contiguous || all_channels_last): 2 input tensors have different dim orders [op_fft_r2c.cpp:29] Check failed (tensors_have_same_dim_order(in, out)):  [method.cpp:1480] KernelCall failed at instruction 0:0 in operator aten::_fft_r2c.out: 0x12 [method.cpp:1490] arg 0 with type id 1 [method.cpp:1490] arg 1 with type id 8 [method.cpp:1490] arg 2 with type id 4 [method.cpp:1490] arg 3 with type id 5 [method.cpp:1490] arg 4 with type id 1 [method.cpp:1490] arg 5 with type id 1	n0*=_fft_r2c(L0,·,·,·)
MISMATCH	w54:380	out[0] non-finite mismatch (nan/inf positions differ)	n0*=_log_softmax.out(L0,·,·,·)
SKIP	w54:408	client RuntimeError: method->execute() failed with error 0x12 | [copy_ops_util.cpp:165] Check failed (implicit == false): This operator is not implemented for when implicit == true. [op_expand_copy.cpp:63] Check failed (check_expand_copy_args(self, expand_sizes, implicit, out)):  [method.cpp:1480] KernelCall failed at instruction 0:0 in operator aten::expand_copy.out: 0x12 [method.cpp:1490] arg 0 with type id 1 [method.cpp:1490] arg 1 with type id 8 [method.cpp:1490] arg 2 with type id 5 [method.cpp:1490] arg 3 with type id 1 [method.cpp:1490] arg 4 with type id 1	n0*=expand_copy(L0,·,·)
MISMATCH	w54:422	out[0] max|delta|=2.000e+00 (rtol=0.01 atol=0.001)	n0*=remainder.Scalar_out(L0,·,·)
SKIP	w54:427	client RuntimeError: method->execute() failed with error 0x12 | [op_arange.cpp:55] Check failed (utils::extract_scalar(start, &d_start)):  [method.cpp:1480] KernelCall failed at instruction 0:0 in operator aten::arange.start_out: 0x12 [method.cpp:1490] arg 0 with type id 5 [method.cpp:1490] arg 1 with type id 5 [method.cpp:1490] arg 2 with type id 4 [method.cpp:1490] arg 3 with type id 1 [method.cpp:1490] arg 4 with type id 1	n0*=arange.start_out(·,·,·,·)
MISMATCH	w54:56	out[0] non-finite mismatch (nan/inf positions differ)	n0*=gelu.out(L0,·,·)
MISMATCH	w54:70	out[0] max|delta|=4.000e+00 (rtol=0.0 atol=0.0)	n0*=fmod.Scalar(L0,·)
SKIP	w54:78	client RuntimeError: method->execute() failed with error 0x12 | [normalization_ops_util.cpp:160] Check failed (in.size(0) == N):  [op_native_group_norm.cpp:139] Check failed (check_group_norm_args( input, weight, bias, N, C, HxW, group, out, mean_out, rstd_out)):  [method.cpp:1480] KernelCall failed at instruction 0:0 in operator aten::native_group_norm.out: 0x12 [method.cpp:1490] arg 0 with type id 1 [method.cpp:1490] arg 1 with type id 0 [method.cpp:1490] arg 2 with type id 0 [method.cpp:1490] arg 3 with type id 4 [method.cpp:1490] arg 4 with type id 4 [method.cpp:1490] arg 5 with type id 4 [method.cpp:1490] arg 6 with type id 4 [method.cpp:1490] arg 7 with type id 3 [method.cpp:1490] arg 8 with type id 1 [method.cpp:1490] arg 9 with type id 1 [method.cpp:1490] arg 10 with type id 1 [method.cpp:1490] arg 11 with type id 9	n0*=native_group_norm(L0,·,·,·,·,·,·,·)
SKIP	w54:81	client RuntimeError: method->execute() failed with error 0x12 | [tensor_util.h:617] Check failed (static_cast<size_t>(t.dim()) == rank): Expected tensor.dim() to be 2, but got 5 [distance_util.cpp:16] Check failed (tensor_is_rank(in, 2)):  [op_pdist_forward.cpp:25] Check failed (check_pdist_args(in, p, out)):  [method.cpp:1480] KernelCall failed at instruction 0:0 in operator aten::_pdist_forward.out: 0x12 [method.cpp:1490] arg 0 with type id 1 [method.cpp:1490] arg 1 with type id 3 [method.cpp:1490] arg 2 with type id 1 [method.cpp:1490] arg 3 with type id 1	n0*=_pdist_forward(L0,·)
SKIP	w55:105	client RuntimeError: method->execute() failed with error 0x12 | [op_arange.cpp:55] Check failed (utils::extract_scalar(start, &d_start)):  [method.cpp:1480] KernelCall failed at instruction 0:0 in operator aten::arange.start_out: 0x12 [method.cpp:1490] arg 0 with type id 5 [method.cpp:1490] arg 1 with type id 5 [method.cpp:1490] arg 2 with type id 4 [method.cpp:1490] arg 3 with type id 1 [method.cpp:1490] arg 4 with type id 1	n0*=arange.start_out(·,·,·,·)
MISMATCH	w55:121	out[0] max|delta|=2.000e+00 (rtol=0.0 atol=0.0)	n0*=prod.int_out(L0,·,·,·,·)
SKIP	w55:130	client RuntimeError: method->execute() failed with error 0x12 | [normalization_ops_util.cpp:160] Check failed (in.size(0) == N):  [op_native_group_norm.cpp:139] Check failed (check_group_norm_args( input, weight, bias, N, C, HxW, group, out, mean_out, rstd_out)):  [method.cpp:1480] KernelCall failed at instruction 0:0 in operator aten::native_group_norm.out: 0x12 [method.cpp:1490] arg 0 with type id 1 [method.cpp:1490] arg 1 with type id 0 [method.cpp:1490] arg 2 with type id 0 [method.cpp:1490] arg 3 with type id 4 [method.cpp:1490] arg 4 with type id 4 [method.cpp:1490] arg 5 with type id 4 [method.cpp:1490] arg 6 with type id 4 [method.cpp:1490] arg 7 with type id 3 [method.cpp:1490] arg 8 with type id 1 [method.cpp:1490] arg 9 with type id 1 [method.cpp:1490] arg 10 with type id 1 [method.cpp:1490] arg 11 with type id 9	n0*=native_group_norm(L0,·,·,·,·,·,·,·)
SKIP	w55:15	client RuntimeError: method->execute() failed with error 0x12 | [op_fft_r2c.cpp:32] Check failed (onesided): onesided=False is not supported yet in _fft_r2c [method.cpp:1480] KernelCall failed at instruction 0:0 in operator aten::_fft_r2c.out: 0x12 [method.cpp:1490] arg 0 with type id 1 [method.cpp:1490] arg 1 with type id 8 [method.cpp:1490] arg 2 with type id 4 [method.cpp:1490] arg 3 with type id 5 [method.cpp:1490] arg 4 with type id 1 [method.cpp:1490] arg 5 with type id 1	n0*=_fft_r2c(L0,·,·,·)
MISMATCH	w55:157	out[0] non-finite mismatch (nan/inf positions differ)	n0*=bitwise_left_shift.Tensor_out(L0,L1,·)
SKIP	w55:169	client RuntimeError: method->execute() failed with error 0x12 | [index_util.cpp:156] Check failed (index.scalar_type() == ScalarType::Long): Expected dtype int64 for index; index.scalar_type() = Int [op_scatter.cpp:113] Check failed (check_scatter_src_args(in, dim, index, src, out)):  [method.cpp:1480] KernelCall failed at instruction 0:0 in operator aten::scatter.src_out: 0x12 [method.cpp:1490] arg 0 with type id 1 [method.cpp:1490] arg 1 with type id 4 [method.cpp:1490] arg 2 with type id 1 [method.cpp:1490] arg 3 with type id 1 [method.cpp:1490] arg 4 with type id 1 [method.cpp:1490] arg 5 with type id 1	n0*=scatter.src_out(L0,·,L1,L2,·)
SKIP	w55:176	client RuntimeError: method->execute() failed with error 0x12 | [op_copy.cpp:33] Check failed (non_blocking == false):  [method.cpp:1480] KernelCall failed at instruction 0:0 in operator aten::copy.out: 0x12 [method.cpp:1490] arg 0 with type id 1 [method.cpp:1490] arg 1 with type id 1 [method.cpp:1490] arg 2 with type id 5 [method.cpp:1490] arg 3 with type id 1 [method.cpp:1490] arg 4 with type id 1	n0*=copy(L0,L1,·)
MISMATCH	w55:190	out[0] non-finite mismatch (nan/inf positions differ)	n0*=gelu.out(L0,·,·)
SKIP	w55:212	client RuntimeError: method->execute() failed with error 0x12 | [normalization_ops_util.cpp:160] Check failed (in.size(0) == N):  [op_native_group_norm.cpp:139] Check failed (check_group_norm_args( input, weight, bias, N, C, HxW, group, out, mean_out, rstd_out)):  [method.cpp:1480] KernelCall failed at instruction 0:0 in operator aten::native_group_norm.out: 0x12 [method.cpp:1490] arg 0 with type id 1 [method.cpp:1490] arg 1 with type id 0 [method.cpp:1490] arg 2 with type id 0 [method.cpp:1490] arg 3 with type id 4 [method.cpp:1490] arg 4 with type id 4 [method.cpp:1490] arg 5 with type id 4 [method.cpp:1490] arg 6 with type id 4 [method.cpp:1490] arg 7 with type id 3 [method.cpp:1490] arg 8 with type id 1 [method.cpp:1490] arg 9 with type id 1 [method.cpp:1490] arg 10 with type id 1 [method.cpp:1490] arg 11 with type id 9	n0*=native_group_norm(L0,·,·,·,·,·,·,·)
SKIP	w55:215	client RuntimeError: method->execute() failed with error 0x12 | [tensor_util.h:617] Check failed (static_cast<size_t>(t.dim()) == rank): Expected tensor.dim() to be 2, but got 5 [distance_util.cpp:16] Check failed (tensor_is_rank(in, 2)):  [op_pdist_forward.cpp:25] Check failed (check_pdist_args(in, p, out)):  [method.cpp:1480] KernelCall failed at instruction 0:0 in operator aten::_pdist_forward.out: 0x12 [method.cpp:1490] arg 0 with type id 1 [method.cpp:1490] arg 1 with type id 3 [method.cpp:1490] arg 2 with type id 1 [method.cpp:1490] arg 3 with type id 1	n0*=_pdist_forward(L0,·)
SKIP	w55:243	client RuntimeError: method->execute() failed with error 0x12 | [tensor_util_portable.cpp:130] Check failed (all_contiguous || all_channels_last): 2 input tensors have different dim orders [op_fft_r2c.cpp:29] Check failed (tensors_have_same_dim_order(in, out)):  [method.cpp:1480] KernelCall failed at instruction 0:0 in operator aten::_fft_r2c.out: 0x12 [method.cpp:1490] arg 0 with type id 1 [method.cpp:1490] arg 1 with type id 8 [method.cpp:1490] arg 2 with type id 4 [method.cpp:1490] arg 3 with type id 5 [method.cpp:1490] arg 4 with type id 1 [method.cpp:1490] arg 5 with type id 1	n0*=_fft_r2c(L0,·,·,·)
SKIP	w55:286	client RuntimeError: method->execute() failed with error 0x12 | [op_log_softmax.cpp:152] Check failed (false):  [method.cpp:1480] KernelCall failed at instruction 0:0 in operator aten::_log_softmax.out: 0x12 [method.cpp:1490] arg 0 with type id 1 [method.cpp:1490] arg 1 with type id 4 [method.cpp:1490] arg 2 with type id 5 [method.cpp:1490] arg 3 with type id 1 [method.cpp:1490] arg 4 with type id 1	n0*=_log_softmax.out(L0,·,·,·)
MISMATCH	w55:71	out[0] max|delta|=5.000e+00 (rtol=0.0 atol=0.0)	n0*=remainder.Scalar(L0,·)
MISMATCH	w55:78	out[0] max|delta|=5.765e+17 (rtol=0.0 atol=0.0)	n0*=bitwise_left_shift.Tensor_Scalar(L0,·)
SKIP	w56:10	client RuntimeError: method->execute() failed with error 0x12 | [normalization_ops_util.cpp:161] Check failed (in.size(1) == C):  [op_native_group_norm.cpp:139] Check failed (check_group_norm_args( input, weight, bias, N, C, HxW, group, out, mean_out, rstd_out)):  [method.cpp:1480] KernelCall failed at instruction 0:0 in operator aten::native_group_norm.out: 0x12 [method.cpp:1490] arg 0 with type id 1 [method.cpp:1490] arg 1 with type id 0 [method.cpp:1490] arg 2 with type id 0 [method.cpp:1490] arg 3 with type id 4 [method.cpp:1490] arg 4 with type id 4 [method.cpp:1490] arg 5 with type id 4 [method.cpp:1490] arg 6 with type id 4 [method.cpp:1490] arg 7 with type id 3 [method.cpp:1490] arg 8 with type id 1 [method.cpp:1490] arg 9 with type id 1 [method.cpp:1490] arg 10 with type id 1 [method.cpp:1490] arg 11 with type id 9	n0*=native_group_norm(L0,·,·,·,·,·,·,·)
SKIP	w56:112	client RuntimeError: method->execute() failed with error 0x12 | [copy_ops_util.cpp:165] Check failed (implicit == false): This operator is not implemented for when implicit == true. [op_expand_copy.cpp:63] Check failed (check_expand_copy_args(self, expand_sizes, implicit, out)):  [method.cpp:1480] KernelCall failed at instruction 0:0 in operator aten::expand_copy.out: 0x12 [method.cpp:1490] arg 0 with type id 1 [method.cpp:1490] arg 1 with type id 8 [method.cpp:1490] arg 2 with type id 5 [method.cpp:1490] arg 3 with type id 1 [method.cpp:1490] arg 4 with type id 1	n0*=expand_copy(L0,·,·)
SKIP	w56:13	client RuntimeError: method->execute() failed with error 0x12 | [tensor_util.h:617] Check failed (static_cast<size_t>(t.dim()) == rank): Expected tensor.dim() to be 2, but got 1 [distance_util.cpp:16] Check failed (tensor_is_rank(in, 2)):  [op_pdist_forward.cpp:25] Check failed (check_pdist_args(in, p, out)):  [method.cpp:1480] KernelCall failed at instruction 0:0 in operator aten::_pdist_forward.out: 0x12 [method.cpp:1490] arg 0 with type id 1 [method.cpp:1490] arg 1 with type id 3 [method.cpp:1490] arg 2 with type id 1 [method.cpp:1490] arg 3 with type id 1	n0*=_pdist_forward(L0,·)
SKIP	w56:131	client RuntimeError: method->execute() failed with error 0x12 | [op_arange.cpp:55] Check failed (utils::extract_scalar(start, &d_start)):  [method.cpp:1480] KernelCall failed at instruction 0:0 in operator aten::arange.start_out: 0x12 [method.cpp:1490] arg 0 with type id 5 [method.cpp:1490] arg 1 with type id 5 [method.cpp:1490] arg 2 with type id 5 [method.cpp:1490] arg 3 with type id 1 [method.cpp:1490] arg 4 with type id 1	n0*=arange.start_out(·,·,·,·)
SKIP	w56:156	client RuntimeError: method->execute() failed with error 0x12 | [normalization_ops_util.cpp:160] Check failed (in.size(0) == N):  [op_native_group_norm.cpp:139] Check failed (check_group_norm_args( input, weight, bias, N, C, HxW, group, out, mean_out, rstd_out)):  [method.cpp:1480] KernelCall failed at instruction 0:0 in operator aten::native_group_norm.out: 0x12 [method.cpp:1490] arg 0 with type id 1 [method.cpp:1490] arg 1 with type id 0 [method.cpp:1490] arg 2 with type id 0 [method.cpp:1490] arg 3 with type id 4 [method.cpp:1490] arg 4 with type id 4 [method.cpp:1490] arg 5 with type id 4 [method.cpp:1490] arg 6 with type id 4 [method.cpp:1490] arg 7 with type id 3 [method.cpp:1490] arg 8 with type id 1 [method.cpp:1490] arg 9 with type id 1 [method.cpp:1490] arg 10 with type id 1 [method.cpp:1490] arg 11 with type id 9	n0*=native_group_norm(L0,·,·,·,·,·,·,·)
MISMATCH	w56:183	out[0] max|delta|=6.918e+18 (rtol=0.01 atol=0.001)	n0*=bitwise_left_shift.Tensor_out(L0,L1,·)
SKIP	w56:202	client RuntimeError: method->execute() failed with error 0x12 | [op_copy.cpp:33] Check failed (non_blocking == false):  [method.cpp:1480] KernelCall failed at instruction 0:0 in operator aten::copy.out: 0x12 [method.cpp:1490] arg 0 with type id 1 [method.cpp:1490] arg 1 with type id 1 [method.cpp:1490] arg 2 with type id 5 [method.cpp:1490] arg 3 with type id 1 [method.cpp:1490] arg 4 with type id 1	n0*=copy(L0,L1,·)
MISMATCH	w56:216	out[0] non-finite mismatch (nan/inf positions differ)	n0*=gelu.out(L0,·,·)
SKIP	w56:238	client RuntimeError: method->execute() failed with error 0x12 | [normalization_ops_util.cpp:160] Check failed (in.size(0) == N):  [op_native_group_norm.cpp:139] Check failed (check_group_norm_args( input, weight, bias, N, C, HxW, group, out, mean_out, rstd_out)):  [method.cpp:1480] KernelCall failed at instruction 0:0 in operator aten::native_group_norm.out: 0x12 [method.cpp:1490] arg 0 with type id 1 [method.cpp:1490] arg 1 with type id 0 [method.cpp:1490] arg 2 with type id 0 [method.cpp:1490] arg 3 with type id 4 [method.cpp:1490] arg 4 with type id 4 [method.cpp:1490] arg 5 with type id 4 [method.cpp:1490] arg 6 with type id 4 [method.cpp:1490] arg 7 with type id 3 [method.cpp:1490] arg 8 with type id 1 [method.cpp:1490] arg 9 with type id 1 [method.cpp:1490] arg 10 with type id 1 [method.cpp:1490] arg 11 with type id 9	n0*=native_group_norm(L0,·,·,·,·,·,·,·)
SKIP	w56:241	client RuntimeError: method->execute() failed with error 0x12 | [tensor_util.h:617] Check failed (static_cast<size_t>(t.dim()) == rank): Expected tensor.dim() to be 2, but got 4 [distance_util.cpp:16] Check failed (tensor_is_rank(in, 2)):  [op_pdist_forward.cpp:25] Check failed (check_pdist_args(in, p, out)):  [method.cpp:1480] KernelCall failed at instruction 0:0 in operator aten::_pdist_forward.out: 0x12 [method.cpp:1490] arg 0 with type id 1 [method.cpp:1490] arg 1 with type id 3 [method.cpp:1490] arg 2 with type id 1 [method.cpp:1490] arg 3 with type id 1	n0*=_pdist_forward(L0,·)
SKIP	w56:269	client RuntimeError: method->execute() failed with error 0x12 | [op_fft_r2c.cpp:32] Check failed (onesided): onesided=False is not supported yet in _fft_r2c [method.cpp:1480] KernelCall failed at instruction 0:0 in operator aten::_fft_r2c.out: 0x12 [method.cpp:1490] arg 0 with type id 1 [method.cpp:1490] arg 1 with type id 8 [method.cpp:1490] arg 2 with type id 4 [method.cpp:1490] arg 3 with type id 5 [method.cpp:1490] arg 4 with type id 1 [method.cpp:1490] arg 5 with type id 1	n0*=_fft_r2c(L0,·,·,·)
MISMATCH	w56:312	out[0] non-finite mismatch (nan/inf positions differ)	n0*=_log_softmax.out(L0,·,·,·)
MISMATCH	w56:84	out[0] non-finite mismatch (nan/inf positions differ)	n0*=_log_softmax.out(L0,·,·,·)
MISMATCH	w57:106	out[0] max|delta|=9.223e+18 (rtol=0.0 atol=0.0)	n0*=bitwise_left_shift.Tensor_Scalar(L0,·)
SKIP	w57:12	client RuntimeError: method->execute() failed with error 0x12 | [normalization_ops_util.cpp:160] Check failed (in.size(0) == N):  [op_native_group_norm.cpp:139] Check failed (check_group_norm_args( input, weight, bias, N, C, HxW, group, out, mean_out, rstd_out)):  [method.cpp:1480] KernelCall failed at instruction 0:0 in operator aten::native_group_norm.out: 0x12 [method.cpp:1490] arg 0 with type id 1 [method.cpp:1490] arg 1 with type id 0 [method.cpp:1490] arg 2 with type id 0 [method.cpp:1490] arg 3 with type id 4 [method.cpp:1490] arg 4 with type id 4 [method.cpp:1490] arg 5 with type id 4 [method.cpp:1490] arg 6 with type id 4 [method.cpp:1490] arg 7 with type id 3 [method.cpp:1490] arg 8 with type id 1 [method.cpp:1490] arg 9 with type id 1 [method.cpp:1490] arg 10 with type id 1 [method.cpp:1490] arg 11 with type id 9	n0*=native_group_norm(L0,·,·,·,·,·,·,·)
SKIP	w57:133	client RuntimeError: method->execute() failed with error 0x12 | [op_arange.cpp:55] Check failed (utils::extract_scalar(start, &d_start)):  [method.cpp:1480] KernelCall failed at instruction 0:0 in operator aten::arange.start_out: 0x12 [method.cpp:1490] arg 0 with type id 5 [method.cpp:1490] arg 1 with type id 5 [method.cpp:1490] arg 2 with type id 5 [method.cpp:1490] arg 3 with type id 1 [method.cpp:1490] arg 4 with type id 1	n0*=arange.start_out(·,·,·,·)
SKIP	w57:139	client RuntimeError: method->execute() failed with error 0x12 | [index_util.cpp:24] Check failed (index.scalar_type() == ScalarType::Long): Expected dtype int64 for index; index.scalar_type() = Int [op_scatter.cpp:140] Check failed (check_scatter_value_args(in, dim, index, value, out)):  [method.cpp:1480] KernelCall failed at instruction 0:0 in operator aten::scatter.value_out: 0x12 [method.cpp:1490] arg 0 with type id 1 [method.cpp:1490] arg 1 with type id 4 [method.cpp:1490] arg 2 with type id 1 [method.cpp:1490] arg 3 with type id 4 [method.cpp:1490] arg 4 with type id 1 [method.cpp:1490] arg 5 with type id 1	n0*=scatter.value_out(L0,·,L1,·,·)
SKIP	w57:140	client RuntimeError: method->execute() failed with error 0x12 | [op_sub.cpp:144] Check failed (utils::extract_scalar(alpha, &alpha_val)):  [method.cpp:1480] KernelCall failed at instruction 0:0 in operator aten::sub.Scalar_out: 0x12 [method.cpp:1490] arg 0 with type id 1 [method.cpp:1490] arg 1 with type id 4 [method.cpp:1490] arg 2 with type id 4 [method.cpp:1490] arg 3 with type id 1 [method.cpp:1490] arg 4 with type id 1	n0*=sub.Scalar(L0,·,·)
SKIP	w57:15	client RuntimeError: method->execute() failed with error 0x12 | [tensor_util.h:617] Check failed (static_cast<size_t>(t.dim()) == rank): Expected tensor.dim() to be 2, but got 5 [distance_util.cpp:16] Check failed (tensor_is_rank(in, 2)):  [op_pdist_forward.cpp:25] Check failed (check_pdist_args(in, p, out)):  [method.cpp:1480] KernelCall failed at instruction 0:0 in operator aten::_pdist_forward.out: 0x12 [method.cpp:1490] arg 0 with type id 1 [method.cpp:1490] arg 1 with type id 3 [method.cpp:1490] arg 2 with type id 1 [method.cpp:1490] arg 3 with type id 1	n0*=_pdist_forward(L0,·)
SKIP	w57:158	client RuntimeError: method->execute() failed with error 0x12 | [normalization_ops_util.cpp:160] Check failed (in.size(0) == N):  [op_native_group_norm.cpp:139] Check failed (check_group_norm_args( input, weight, bias, N, C, HxW, group, out, mean_out, rstd_out)):  [method.cpp:1480] KernelCall failed at instruction 0:0 in operator aten::native_group_norm.out: 0x12 [method.cpp:1490] arg 0 with type id 1 [method.cpp:1490] arg 1 with type id 0 [method.cpp:1490] arg 2 with type id 0 [method.cpp:1490] arg 3 with type id 4 [method.cpp:1490] arg 4 with type id 4 [method.cpp:1490] arg 5 with type id 4 [method.cpp:1490] arg 6 with type id 4 [method.cpp:1490] arg 7 with type id 3 [method.cpp:1490] arg 8 with type id 1 [method.cpp:1490] arg 9 with type id 1 [method.cpp:1490] arg 10 with type id 1 [method.cpp:1490] arg 11 with type id 9	n0*=native_group_norm(L0,·,·,·,·,·,·,·)
SKIP	w57:197	client RuntimeError: method->execute() failed with error 0x12 | [index_util.cpp:156] Check failed (index.scalar_type() == ScalarType::Long): Expected dtype int64 for index; index.scalar_type() = Int [op_scatter.cpp:113] Check failed (check_scatter_src_args(in, dim, index, src, out)):  [method.cpp:1480] KernelCall failed at instruction 0:0 in operator aten::scatter.src_out: 0x12 [method.cpp:1490] arg 0 with type id 1 [method.cpp:1490] arg 1 with type id 4 [method.cpp:1490] arg 2 with type id 1 [method.cpp:1490] arg 3 with type id 1 [method.cpp:1490] arg 4 with type id 1 [method.cpp:1490] arg 5 with type id 1	n0*=scatter.src_out(L0,·,L1,L2,·)
SKIP	w57:204	client RuntimeError: method->execute() failed with error 0x12 | [op_copy.cpp:33] Check failed (non_blocking == false):  [method.cpp:1480] KernelCall failed at instruction 0:0 in operator aten::copy.out: 0x12 [method.cpp:1490] arg 0 with type id 1 [method.cpp:1490] arg 1 with type id 1 [method.cpp:1490] arg 2 with type id 5 [method.cpp:1490] arg 3 with type id 1 [method.cpp:1490] arg 4 with type id 1	n0*=copy(L0,L1,·)
MISMATCH	w57:218	out[0] non-finite mismatch (nan/inf positions differ)	n0*=gelu.out(L0,·,·)
SKIP	w57:240	client RuntimeError: method->execute() failed with error 0x12 | [normalization_ops_util.cpp:160] Check failed (in.size(0) == N):  [op_native_group_norm.cpp:139] Check failed (check_group_norm_args( input, weight, bias, N, C, HxW, group, out, mean_out, rstd_out)):  [method.cpp:1480] KernelCall failed at instruction 0:0 in operator aten::native_group_norm.out: 0x12 [method.cpp:1490] arg 0 with type id 1 [method.cpp:1490] arg 1 with type id 0 [method.cpp:1490] arg 2 with type id 0 [method.cpp:1490] arg 3 with type id 4 [method.cpp:1490] arg 4 with type id 4 [method.cpp:1490] arg 5 with type id 4 [method.cpp:1490] arg 6 with type id 4 [method.cpp:1490] arg 7 with type id 3 [method.cpp:1490] arg 8 with type id 1 [method.cpp:1490] arg 9 with type id 1 [method.cpp:1490] arg 10 with type id 1 [method.cpp:1490] arg 11 with type id 9	n0*=native_group_norm(L0,·,·,·,·,·,·,·)
SKIP	w57:243	client RuntimeError: method->execute() failed with error 0x12 | [tensor_util.h:617] Check failed (static_cast<size_t>(t.dim()) == rank): Expected tensor.dim() to be 2, but got 4 [distance_util.cpp:16] Check failed (tensor_is_rank(in, 2)):  [op_pdist_forward.cpp:25] Check failed (check_pdist_args(in, p, out)):  [method.cpp:1480] KernelCall failed at instruction 0:0 in operator aten::_pdist_forward.out: 0x12 [method.cpp:1490] arg 0 with type id 1 [method.cpp:1490] arg 1 with type id 3 [method.cpp:1490] arg 2 with type id 1 [method.cpp:1490] arg 3 with type id 1	n0*=_pdist_forward(L0,·)
SKIP	w57:271	client RuntimeError: method->execute() failed with error 0x12 | [op_fft_r2c.cpp:32] Check failed (onesided): onesided=False is not supported yet in _fft_r2c [method.cpp:1480] KernelCall failed at instruction 0:0 in operator aten::_fft_r2c.out: 0x12 [method.cpp:1490] arg 0 with type id 1 [method.cpp:1490] arg 1 with type id 8 [method.cpp:1490] arg 2 with type id 4 [method.cpp:1490] arg 3 with type id 5 [method.cpp:1490] arg 4 with type id 1 [method.cpp:1490] arg 5 with type id 1	n0*=_fft_r2c(L0,·,·,·)
MISMATCH	w57:314	out[0] non-finite mismatch (nan/inf positions differ)	n0*=_log_softmax.out(L0,·,·,·)
SKIP	w57:43	client RuntimeError: method->execute() failed with error 0x12 | [tensor_util_portable.cpp:130] Check failed (all_contiguous || all_channels_last): 2 input tensors have different dim orders [op_fft_r2c.cpp:29] Check failed (tensors_have_same_dim_order(in, out)):  [method.cpp:1480] KernelCall failed at instruction 0:0 in operator aten::_fft_r2c.out: 0x12 [method.cpp:1490] arg 0 with type id 1 [method.cpp:1490] arg 1 with type id 8 [method.cpp:1490] arg 2 with type id 4 [method.cpp:1490] arg 3 with type id 5 [method.cpp:1490] arg 4 with type id 1 [method.cpp:1490] arg 5 with type id 1	n0*=_fft_r2c(L0,·,·,·)
CRASH	w50:220	executor died (native abort)	n0*=max_pool2d_with_indices_backward.grad_input(L0,L1,·,·,·,·,·,L2,L3)
SKIP	w58:118	client RuntimeError: method->execute() failed with error 0x12 | [tensor_util_portable.cpp:130] Check failed (all_contiguous || all_channels_last): 2 input tensors have different dim orders [op_fft_r2c.cpp:29] Check failed (tensors_have_same_dim_order(in, out)):  [method.cpp:1480] KernelCall failed at instruction 0:0 in operator aten::_fft_r2c.out: 0x12 [method.cpp:1490] arg 0 with type id 1 [method.cpp:1490] arg 1 with type id 8 [method.cpp:1490] arg 2 with type id 4 [method.cpp:1490] arg 3 with type id 5 [method.cpp:1490] arg 4 with type id 1 [method.cpp:1490] arg 5 with type id 1	n0*=_fft_r2c(L0,·,·,·)
MISMATCH	w58:181	out[0] max|delta|=1.153e+18 (rtol=0.0 atol=0.0)	n0*=bitwise_left_shift.Tensor_Scalar(L0,·)
SKIP	w58:208	client RuntimeError: method->execute() failed with error 0x12 | [op_arange.cpp:55] Check failed (utils::extract_scalar(start, &d_start)):  [method.cpp:1480] KernelCall failed at instruction 0:0 in operator aten::arange.start_out: 0x12 [method.cpp:1490] arg 0 with type id 5 [method.cpp:1490] arg 1 with type id 5 [method.cpp:1490] arg 2 with type id 5 [method.cpp:1490] arg 3 with type id 1 [method.cpp:1490] arg 4 with type id 1	n0*=arange.start_out(·,·,·,·)
SKIP	w58:233	client RuntimeError: method->execute() failed with error 0x12 | [normalization_ops_util.cpp:160] Check failed (in.size(0) == N):  [op_native_group_norm.cpp:139] Check failed (check_group_norm_args( input, weight, bias, N, C, HxW, group, out, mean_out, rstd_out)):  [method.cpp:1480] KernelCall failed at instruction 0:0 in operator aten::native_group_norm.out: 0x12 [method.cpp:1490] arg 0 with type id 1 [method.cpp:1490] arg 1 with type id 0 [method.cpp:1490] arg 2 with type id 0 [method.cpp:1490] arg 3 with type id 4 [method.cpp:1490] arg 4 with type id 4 [method.cpp:1490] arg 5 with type id 4 [method.cpp:1490] arg 6 with type id 4 [method.cpp:1490] arg 7 with type id 3 [method.cpp:1490] arg 8 with type id 1 [method.cpp:1490] arg 9 with type id 1 [method.cpp:1490] arg 10 with type id 1 [method.cpp:1490] arg 11 with type id 9	n0*=native_group_norm(L0,·,·,·,·,·,·,·)
SKIP	w58:279	client RuntimeError: method->execute() failed with error 0x12 | [op_copy.cpp:33] Check failed (non_blocking == false):  [method.cpp:1480] KernelCall failed at instruction 0:0 in operator aten::copy.out: 0x12 [method.cpp:1490] arg 0 with type id 1 [method.cpp:1490] arg 1 with type id 1 [method.cpp:1490] arg 2 with type id 5 [method.cpp:1490] arg 3 with type id 1 [method.cpp:1490] arg 4 with type id 1	n0*=copy(L0,L1,·)
MISMATCH	w58:293	out[0] non-finite mismatch (nan/inf positions differ)	n0*=gelu.out(L0,·,·)
SKIP	w58:315	client RuntimeError: method->execute() failed with error 0x12 | [normalization_ops_util.cpp:160] Check failed (in.size(0) == N):  [op_native_group_norm.cpp:139] Check failed (check_group_norm_args( input, weight, bias, N, C, HxW, group, out, mean_out, rstd_out)):  [method.cpp:1480] KernelCall failed at instruction 0:0 in operator aten::native_group_norm.out: 0x12 [method.cpp:1490] arg 0 with type id 1 [method.cpp:1490] arg 1 with type id 0 [method.cpp:1490] arg 2 with type id 0 [method.cpp:1490] arg 3 with type id 4 [method.cpp:1490] arg 4 with type id 4 [method.cpp:1490] arg 5 with type id 4 [method.cpp:1490] arg 6 with type id 4 [method.cpp:1490] arg 7 with type id 3 [method.cpp:1490] arg 8 with type id 1 [method.cpp:1490] arg 9 with type id 1 [method.cpp:1490] arg 10 with type id 1 [method.cpp:1490] arg 11 with type id 9	n0*=native_group_norm(L0,·,·,·,·,·,·,·)
SKIP	w58:318	client RuntimeError: method->execute() failed with error 0x12 | [tensor_util.h:617] Check failed (static_cast<size_t>(t.dim()) == rank): Expected tensor.dim() to be 2, but got 4 [distance_util.cpp:16] Check failed (tensor_is_rank(in, 2)):  [op_pdist_forward.cpp:25] Check failed (check_pdist_args(in, p, out)):  [method.cpp:1480] KernelCall failed at instruction 0:0 in operator aten::_pdist_forward.out: 0x12 [method.cpp:1490] arg 0 with type id 1 [method.cpp:1490] arg 1 with type id 3 [method.cpp:1490] arg 2 with type id 1 [method.cpp:1490] arg 3 with type id 1	n0*=_pdist_forward(L0,·)
MISMATCH	w58:32	out[0] max|delta|=1.611e+09 (rtol=0.0 atol=0.0)	n0*=bitwise_left_shift.Tensor_out(L0,L1,·)
SKIP	w58:346	client RuntimeError: method->execute() failed with error 0x12 | [op_fft_r2c.cpp:32] Check failed (onesided): onesided=False is not supported yet in _fft_r2c [method.cpp:1480] KernelCall failed at instruction 0:0 in operator aten::_fft_r2c.out: 0x12 [method.cpp:1490] arg 0 with type id 1 [method.cpp:1490] arg 1 with type id 8 [method.cpp:1490] arg 2 with type id 4 [method.cpp:1490] arg 3 with type id 5 [method.cpp:1490] arg 4 with type id 1 [method.cpp:1490] arg 5 with type id 1	n0*=_fft_r2c(L0,·,·,·)
SKIP	w58:389	client RuntimeError: method->execute() failed with error 0x12 | [op_log_softmax.cpp:152] Check failed (false):  [method.cpp:1480] KernelCall failed at instruction 0:0 in operator aten::_log_softmax.out: 0x12 [method.cpp:1490] arg 0 with type id 1 [method.cpp:1490] arg 1 with type id 4 [method.cpp:1490] arg 2 with type id 5 [method.cpp:1490] arg 3 with type id 1 [method.cpp:1490] arg 4 with type id 1	n0*=_log_softmax.out(L0,·,·,·)
SKIP	w58:5	client RuntimeError: method->execute() failed with error 0x12 | [normalization_ops_util.cpp:160] Check failed (in.size(0) == N):  [op_native_group_norm.cpp:139] Check failed (check_group_norm_args( input, weight, bias, N, C, HxW, group, out, mean_out, rstd_out)):  [method.cpp:1480] KernelCall failed at instruction 0:0 in operator aten::native_group_norm.out: 0x12 [method.cpp:1490] arg 0 with type id 1 [method.cpp:1490] arg 1 with type id 0 [method.cpp:1490] arg 2 with type id 0 [method.cpp:1490] arg 3 with type id 4 [method.cpp:1490] arg 4 with type id 4 [method.cpp:1490] arg 5 with type id 4 [method.cpp:1490] arg 6 with type id 4 [method.cpp:1490] arg 7 with type id 3 [method.cpp:1490] arg 8 with type id 1 [method.cpp:1490] arg 9 with type id 1 [method.cpp:1490] arg 10 with type id 1 [method.cpp:1490] arg 11 with type id 9	n0*=native_group_norm(L0,·,·,·,·,·,·,·)
SKIP	w58:51	client RuntimeError: method->execute() failed with error 0x12 | [op_copy.cpp:33] Check failed (non_blocking == false):  [method.cpp:1480] KernelCall failed at instruction 0:0 in operator aten::copy.out: 0x12 [method.cpp:1490] arg 0 with type id 1 [method.cpp:1490] arg 1 with type id 1 [method.cpp:1490] arg 2 with type id 5 [method.cpp:1490] arg 3 with type id 1 [method.cpp:1490] arg 4 with type id 1	n0*=copy(L0,L1,·)
MISMATCH	w58:65	out[0] non-finite mismatch (nan/inf positions differ)	n0*=gelu.out(L0,·,·)
SKIP	w58:87	client RuntimeError: method->execute() failed with error 0x12 | [normalization_ops_util.cpp:160] Check failed (in.size(0) == N):  [op_native_group_norm.cpp:139] Check failed (check_group_norm_args( input, weight, bias, N, C, HxW, group, out, mean_out, rstd_out)):  [method.cpp:1480] KernelCall failed at instruction 0:0 in operator aten::native_group_norm.out: 0x12 [method.cpp:1490] arg 0 with type id 1 [method.cpp:1490] arg 1 with type id 0 [method.cpp:1490] arg 2 with type id 0 [method.cpp:1490] arg 3 with type id 4 [method.cpp:1490] arg 4 with type id 4 [method.cpp:1490] arg 5 with type id 4 [method.cpp:1490] arg 6 with type id 4 [method.cpp:1490] arg 7 with type id 3 [method.cpp:1490] arg 8 with type id 1 [method.cpp:1490] arg 9 with type id 1 [method.cpp:1490] arg 10 with type id 1 [method.cpp:1490] arg 11 with type id 9	n0*=native_group_norm(L0,·,·,·,·,·,·,·)
SKIP	w58:90	client RuntimeError: method->execute() failed with error 0x12 | [op_pdist_forward.cpp:45] Unhandled dtype Bool for _pdist_forward.out [method.cpp:1480] KernelCall failed at instruction 0:0 in operator aten::_pdist_forward.out: 0x12 [method.cpp:1490] arg 0 with type id 1 [method.cpp:1490] arg 1 with type id 3 [method.cpp:1490] arg 2 with type id 1 [method.cpp:1490] arg 3 with type id 1	n0*=_pdist_forward(L0,·)
SKIP	w59:115	client RuntimeError: method->execute() failed with error 0x12 | [op_log_softmax.cpp:152] Check failed (false):  [method.cpp:1480] KernelCall failed at instruction 0:0 in operator aten::_log_softmax.out: 0x12 [method.cpp:1490] arg 0 with type id 1 [method.cpp:1490] arg 1 with type id 4 [method.cpp:1490] arg 2 with type id 5 [method.cpp:1490] arg 3 with type id 1 [method.cpp:1490] arg 4 with type id 1	n0*=_log_softmax.out(L0,·,·,·)
MISMATCH	w59:128	out[0] max|delta|=8.000e+00 (rtol=0.0 atol=0.0)	n0*=remainder.Scalar(L0,·)
SKIP	w59:162	client RuntimeError: method->execute() failed with error 0x12 | [op_arange.cpp:55] Check failed (utils::extract_scalar(start, &d_start)):  [method.cpp:1480] KernelCall failed at instruction 0:0 in operator aten::arange.start_out: 0x12 [method.cpp:1490] arg 0 with type id 5 [method.cpp:1490] arg 1 with type id 5 [method.cpp:1490] arg 2 with type id 3 [method.cpp:1490] arg 3 with type id 1 [method.cpp:1490] arg 4 with type id 1	n0*=arange.start_out(·,·,·,·)
SKIP	w59:187	client RuntimeError: method->execute() failed with error 0x12 | [normalization_ops_util.cpp:160] Check failed (in.size(0) == N):  [op_native_group_norm.cpp:139] Check failed (check_group_norm_args( input, weight, bias, N, C, HxW, group, out, mean_out, rstd_out)):  [method.cpp:1480] KernelCall failed at instruction 0:0 in operator aten::native_group_norm.out: 0x12 [method.cpp:1490] arg 0 with type id 1 [method.cpp:1490] arg 1 with type id 0 [method.cpp:1490] arg 2 with type id 0 [method.cpp:1490] arg 3 with type id 4 [method.cpp:1490] arg 4 with type id 4 [method.cpp:1490] arg 5 with type id 4 [method.cpp:1490] arg 6 with type id 4 [method.cpp:1490] arg 7 with type id 3 [method.cpp:1490] arg 8 with type id 1 [method.cpp:1490] arg 9 with type id 1 [method.cpp:1490] arg 10 with type id 1 [method.cpp:1490] arg 11 with type id 9	n0*=native_group_norm(L0,·,·,·,·,·,·,·)
MISMATCH	w59:211	out[0] max|delta|=9.223e+18 (rtol=0.01 atol=0.001)	n0*=bitwise_left_shift.Tensor_Scalar_out(L0,·,·)
SKIP	w59:233	client RuntimeError: method->execute() failed with error 0x12 | [op_copy.cpp:33] Check failed (non_blocking == false):  [method.cpp:1480] KernelCall failed at instruction 0:0 in operator aten::copy.out: 0x12 [method.cpp:1490] arg 0 with type id 1 [method.cpp:1490] arg 1 with type id 1 [method.cpp:1490] arg 2 with type id 5 [method.cpp:1490] arg 3 with type id 1 [method.cpp:1490] arg 4 with type id 1	n0*=copy(L0,L1,·)
MISMATCH	w59:247	out[0] non-finite mismatch (nan/inf positions differ)	n0*=gelu.out(L0,·,·)
SKIP	w59:269	client RuntimeError: method->execute() failed with error 0x12 | [normalization_ops_util.cpp:160] Check failed (in.size(0) == N):  [op_native_group_norm.cpp:139] Check failed (check_group_norm_args( input, weight, bias, N, C, HxW, group, out, mean_out, rstd_out)):  [method.cpp:1480] KernelCall failed at instruction 0:0 in operator aten::native_group_norm.out: 0x12 [method.cpp:1490] arg 0 with type id 1 [method.cpp:1490] arg 1 with type id 0 [method.cpp:1490] arg 2 with type id 0 [method.cpp:1490] arg 3 with type id 4 [method.cpp:1490] arg 4 with type id 4 [method.cpp:1490] arg 5 with type id 4 [method.cpp:1490] arg 6 with type id 4 [method.cpp:1490] arg 7 with type id 3 [method.cpp:1490] arg 8 with type id 1 [method.cpp:1490] arg 9 with type id 1 [method.cpp:1490] arg 10 with type id 1 [method.cpp:1490] arg 11 with type id 9	n0*=native_group_norm(L0,·,·,·,·,·,·,·)
SKIP	w59:272	client RuntimeError: method->execute() failed with error 0x12 | [tensor_util.h:617] Check failed (static_cast<size_t>(t.dim()) == rank): Expected tensor.dim() to be 2, but got 4 [distance_util.cpp:16] Check failed (tensor_is_rank(in, 2)):  [op_pdist_forward.cpp:25] Check failed (check_pdist_args(in, p, out)):  [method.cpp:1480] KernelCall failed at instruction 0:0 in operator aten::_pdist_forward.out: 0x12 [method.cpp:1490] arg 0 with type id 1 [method.cpp:1490] arg 1 with type id 3 [method.cpp:1490] arg 2 with type id 1 [method.cpp:1490] arg 3 with type id 1	n0*=_pdist_forward(L0,·)
SKIP	w59:300	client RuntimeError: method->execute() failed with error 0x12 | [tensor_util_portable.cpp:130] Check failed (all_contiguous || all_channels_last): 2 input tensors have different dim orders [op_fft_r2c.cpp:29] Check failed (tensors_have_same_dim_order(in, out)):  [method.cpp:1480] KernelCall failed at instruction 0:0 in operator aten::_fft_r2c.out: 0x12 [method.cpp:1490] arg 0 with type id 1 [method.cpp:1490] arg 1 with type id 8 [method.cpp:1490] arg 2 with type id 4 [method.cpp:1490] arg 3 with type id 5 [method.cpp:1490] arg 4 with type id 1 [method.cpp:1490] arg 5 with type id 1	n0*=_fft_r2c(L0,·,·,·)
MISMATCH	w59:343	out[0] non-finite mismatch (nan/inf positions differ)	n0*=_log_softmax.out(L0,·,·,·)
SKIP	w59:390	client RuntimeError: method->execute() failed with error 0x12 | [op_arange.cpp:55] Check failed (utils::extract_scalar(start, &d_start)):  [method.cpp:1480] KernelCall failed at instruction 0:0 in operator aten::arange.start_out: 0x12 [method.cpp:1490] arg 0 with type id 5 [method.cpp:1490] arg 1 with type id 5 [method.cpp:1490] arg 2 with type id 5 [method.cpp:1490] arg 3 with type id 1 [method.cpp:1490] arg 4 with type id 1	n0*=arange.start_out(·,·,·,·)
SKIP	w59:396	client RuntimeError: method->execute() failed with error 0x12 | [index_util.cpp:24] Check failed (index.scalar_type() == ScalarType::Long): Expected dtype int64 for index; index.scalar_type() = Int [op_scatter.cpp:140] Check failed (check_scatter_value_args(in, dim, index, value, out)):  [method.cpp:1480] KernelCall failed at instruction 0:0 in operator aten::scatter.value_out: 0x12 [method.cpp:1490] arg 0 with type id 1 [method.cpp:1490] arg 1 with type id 4 [method.cpp:1490] arg 2 with type id 1 [method.cpp:1490] arg 3 with type id 4 [method.cpp:1490] arg 4 with type id 1 [method.cpp:1490] arg 5 with type id 1	n0*=scatter.value_out(L0,·,L1,·,·)
SKIP	w59:41	client RuntimeError: method->execute() failed with error 0x12 | [normalization_ops_util.cpp:160] Check failed (in.size(0) == N):  [op_native_group_norm.cpp:139] Check failed (check_group_norm_args( input, weight, bias, N, C, HxW, group, out, mean_out, rstd_out)):  [method.cpp:1480] KernelCall failed at instruction 0:0 in operator aten::native_group_norm.out: 0x12 [method.cpp:1490] arg 0 with type id 1 [method.cpp:1490] arg 1 with type id 0 [method.cpp:1490] arg 2 with type id 0 [method.cpp:1490] arg 3 with type id 4 [method.cpp:1490] arg 4 with type id 4 [method.cpp:1490] arg 5 with type id 4 [method.cpp:1490] arg 6 with type id 4 [method.cpp:1490] arg 7 with type id 3 [method.cpp:1490] arg 8 with type id 1 [method.cpp:1490] arg 9 with type id 1 [method.cpp:1490] arg 10 with type id 1 [method.cpp:1490] arg 11 with type id 9	n0*=native_group_norm(L0,·,·,·,·,·,·,·)
SKIP	w59:410	client RuntimeError: method->execute() failed with error 0x12 | [kernel_ops_util.cpp:389] Check failed (in.dim() == 3 || in.dim() == 4): Expect input tensor to be 3-D or 4-D, but got, 5. [op_convolution.cpp:363] Check failed (check_convolution_args( in, weight, bias, stride, padding, dilation, transposed, output_padding, groups, out)):  [method.cpp:1480] KernelCall failed at instruction 0:0 in operator aten::convolution.out: 0x12 [method.cpp:1490] arg 0 with type id 1 [method.cpp:1490] arg 1 with type id 1 [method.cpp:1490] arg 2 with type id 0 [method.cpp:1490] arg 3 with type id 8 [method.cpp:1490] arg 4 with type id 8 [method.cpp:1490] arg 5 with type id 8 [method.cpp:1490] arg 6 with type id 5 [method.cpp:1490] arg 7 with type id 8 [method.cpp:1490] arg 8 with type id 4 [method.cpp:1490] arg 9 with type id 1 [method.cpp:1490] arg 10 with type id 1	n0*=convolution(L0,L1,·,·,·,·,·,·,·)
SKIP	w59:415	client RuntimeError: method->execute() failed with error 0x12 | [normalization_ops_util.cpp:160] Check failed (in.size(0) == N):  [op_native_group_norm.cpp:139] Check failed (check_group_norm_args( input, weight, bias, N, C, HxW, group, out, mean_out, rstd_out)):  [method.cpp:1480] KernelCall failed at instruction 0:0 in operator aten::native_group_norm.out: 0x12 [method.cpp:1490] arg 0 with type id 1 [method.cpp:1490] arg 1 with type id 0 [method.cpp:1490] arg 2 with type id 0 [method.cpp:1490] arg 3 with type id 4 [method.cpp:1490] arg 4 with type id 4 [method.cpp:1490] arg 5 with type id 4 [method.cpp:1490] arg 6 with type id 4 [method.cpp:1490] arg 7 with type id 3 [method.cpp:1490] arg 8 with type id 1 [method.cpp:1490] arg 9 with type id 1 [method.cpp:1490] arg 10 with type id 1 [method.cpp:1490] arg 11 with type id 9	n0*=native_group_norm(L0,·,·,·,·,·,·,·)
SKIP	w59:44	client RuntimeError: method->execute() failed with error 0x12 | [tensor_util.h:617] Check failed (static_cast<size_t>(t.dim()) == rank): Expected tensor.dim() to be 2, but got 4 [distance_util.cpp:16] Check failed (tensor_is_rank(in, 2)):  [op_pdist_forward.cpp:25] Check failed (check_pdist_args(in, p, out)):  [method.cpp:1480] KernelCall failed at instruction 0:0 in operator aten::_pdist_forward.out: 0x12 [method.cpp:1490] arg 0 with type id 1 [method.cpp:1490] arg 1 with type id 3 [method.cpp:1490] arg 2 with type id 1 [method.cpp:1490] arg 3 with type id 1	n0*=_pdist_forward(L0,·)
MISMATCH	w59:442	out[0] non-finite mismatch (nan/inf positions differ)	n0*=bitwise_left_shift.Tensor_out(L0,L1,·)
MISMATCH	w59:475	out[0] non-finite mismatch (nan/inf positions differ)	n0*=gelu.out(L0,·,·)
SKIP	w59:72	client RuntimeError: method->execute() failed with error 0x12 | [tensor_util_portable.cpp:130] Check failed (all_contiguous || all_channels_last): 2 input tensors have different dim orders [op_fft_r2c.cpp:29] Check failed (tensors_have_same_dim_order(in, out)):  [method.cpp:1480] KernelCall failed at instruction 0:0 in operator aten::_fft_r2c.out: 0x12 [method.cpp:1490] arg 0 with type id 1 [method.cpp:1490] arg 1 with type id 8 [method.cpp:1490] arg 2 with type id 4 [method.cpp:1490] arg 3 with type id 5 [method.cpp:1490] arg 4 with type id 1 [method.cpp:1490] arg 5 with type id 1	n0*=_fft_r2c(L0,·,·,·)
SKIP	w59:90	client RuntimeError: method->execute() failed with error 0x12 | [op_add.cpp:118] Check failed ((common_type == a_type && check_alpha_type(utils::get_scalar_dtype(alpha), common_type))):  [method.cpp:1480] KernelCall failed at instruction 0:0 in operator aten::add.Scalar_out: 0x12 [method.cpp:1490] arg 0 with type id 1 [method.cpp:1490] arg 1 with type id 4 [method.cpp:1490] arg 2 with type id 4 [method.cpp:1490] arg 3 with type id 1 [method.cpp:1490] arg 4 with type id 1	n0*=add.Scalar(L0,·,·)
SKIP	w6:0	client RuntimeError: method->execute() failed with error 0x12 | [op_arange.cpp:55] Check failed (utils::extract_scalar(start, &d_start)):  [method.cpp:1480] KernelCall failed at instruction 0:0 in operator aten::arange.start_out: 0x12 [method.cpp:1490] arg 0 with type id 5 [method.cpp:1490] arg 1 with type id 5 [method.cpp:1490] arg 2 with type id 3 [method.cpp:1490] arg 3 with type id 1 [method.cpp:1490] arg 4 with type id 1	n0*=arange.start_out(·,·,·,·)
SKIP	w6:107	client RuntimeError: method->execute() failed with error 0x12 | [normalization_ops_util.cpp:160] Check failed (in.size(0) == N):  [op_native_group_norm.cpp:139] Check failed (check_group_norm_args( input, weight, bias, N, C, HxW, group, out, mean_out, rstd_out)):  [method.cpp:1480] KernelCall failed at instruction 0:0 in operator aten::native_group_norm.out: 0x12 [method.cpp:1490] arg 0 with type id 1 [method.cpp:1490] arg 1 with type id 0 [method.cpp:1490] arg 2 with type id 0 [method.cpp:1490] arg 3 with type id 4 [method.cpp:1490] arg 4 with type id 4 [method.cpp:1490] arg 5 with type id 4 [method.cpp:1490] arg 6 with type id 4 [method.cpp:1490] arg 7 with type id 3 [method.cpp:1490] arg 8 with type id 1 [method.cpp:1490] arg 9 with type id 1 [method.cpp:1490] arg 10 with type id 1 [method.cpp:1490] arg 11 with type id 9	n0*=native_group_norm(L0,·,·,·,·,·,·,·)
SKIP	w6:110	client RuntimeError: method->execute() failed with error 0x12 | [tensor_util.h:617] Check failed (static_cast<size_t>(t.dim()) == rank): Expected tensor.dim() to be 2, but got 1 [distance_util.cpp:16] Check failed (tensor_is_rank(in, 2)):  [op_pdist_forward.cpp:25] Check failed (check_pdist_args(in, p, out)):  [method.cpp:1480] KernelCall failed at instruction 0:0 in operator aten::_pdist_forward.out: 0x12 [method.cpp:1490] arg 0 with type id 1 [method.cpp:1490] arg 1 with type id 3 [method.cpp:1490] arg 2 with type id 1 [method.cpp:1490] arg 3 with type id 1	n0*=_pdist_forward(L0,·)
SKIP	w6:138	client RuntimeError: method->execute() failed with error 0x12 | [tensor_util_portable.cpp:130] Check failed (all_contiguous || all_channels_last): 2 input tensors have different dim orders [op_fft_r2c.cpp:29] Check failed (tensors_have_same_dim_order(in, out)):  [method.cpp:1480] KernelCall failed at instruction 0:0 in operator aten::_fft_r2c.out: 0x12 [method.cpp:1490] arg 0 with type id 1 [method.cpp:1490] arg 1 with type id 8 [method.cpp:1490] arg 2 with type id 4 [method.cpp:1490] arg 3 with type id 5 [method.cpp:1490] arg 4 with type id 1 [method.cpp:1490] arg 5 with type id 1	n0*=_fft_r2c(L0,·,·,·)
SKIP	w6:181	client RuntimeError: method->execute() failed with error 0x12 | [op_log_softmax.cpp:152] Check failed (false):  [method.cpp:1480] KernelCall failed at instruction 0:0 in operator aten::_log_softmax.out: 0x12 [method.cpp:1490] arg 0 with type id 1 [method.cpp:1490] arg 1 with type id 4 [method.cpp:1490] arg 2 with type id 5 [method.cpp:1490] arg 3 with type id 1 [method.cpp:1490] arg 4 with type id 1	n0*=_log_softmax.out(L0,·,·,·)
SKIP	w6:228	client RuntimeError: method->execute() failed with error 0x12 | [op_arange.cpp:55] Check failed (utils::extract_scalar(start, &d_start)):  [method.cpp:1480] KernelCall failed at instruction 0:0 in operator aten::arange.start_out: 0x12 [method.cpp:1490] arg 0 with type id 5 [method.cpp:1490] arg 1 with type id 5 [method.cpp:1490] arg 2 with type id 5 [method.cpp:1490] arg 3 with type id 1 [method.cpp:1490] arg 4 with type id 1	n0*=arange.start_out(·,·,·,·)
SKIP	w6:25	client RuntimeError: method->execute() failed with error 0x12 | [normalization_ops_util.cpp:160] Check failed (in.size(0) == N):  [op_native_group_norm.cpp:139] Check failed (check_group_norm_args( input, weight, bias, N, C, HxW, group, out, mean_out, rstd_out)):  [method.cpp:1480] KernelCall failed at instruction 0:0 in operator aten::native_group_norm.out: 0x12 [method.cpp:1490] arg 0 with type id 1 [method.cpp:1490] arg 1 with type id 0 [method.cpp:1490] arg 2 with type id 0 [method.cpp:1490] arg 3 with type id 4 [method.cpp:1490] arg 4 with type id 4 [method.cpp:1490] arg 5 with type id 4 [method.cpp:1490] arg 6 with type id 4 [method.cpp:1490] arg 7 with type id 3 [method.cpp:1490] arg 8 with type id 1 [method.cpp:1490] arg 9 with type id 1 [method.cpp:1490] arg 10 with type id 1 [method.cpp:1490] arg 11 with type id 9	n0*=native_group_norm(L0,·,·,·,·,·,·,·)
SKIP	w6:253	client RuntimeError: method->execute() failed with error 0x12 | [normalization_ops_util.cpp:160] Check failed (in.size(0) == N):  [op_native_group_norm.cpp:139] Check failed (check_group_norm_args( input, weight, bias, N, C, HxW, group, out, mean_out, rstd_out)):  [method.cpp:1480] KernelCall failed at instruction 0:0 in operator aten::native_group_norm.out: 0x12 [method.cpp:1490] arg 0 with type id 1 [method.cpp:1490] arg 1 with type id 0 [method.cpp:1490] arg 2 with type id 0 [method.cpp:1490] arg 3 with type id 4 [method.cpp:1490] arg 4 with type id 4 [method.cpp:1490] arg 5 with type id 4 [method.cpp:1490] arg 6 with type id 4 [method.cpp:1490] arg 7 with type id 3 [method.cpp:1490] arg 8 with type id 1 [method.cpp:1490] arg 9 with type id 1 [method.cpp:1490] arg 10 with type id 1 [method.cpp:1490] arg 11 with type id 9	n0*=native_group_norm(L0,·,·,·,·,·,·,·)
MISMATCH	w6:277	out[0] max|delta|=1.074e+09 (rtol=0.0 atol=0.0)	n0*=bitwise_left_shift.Tensor_Scalar_out(L0,·,·)
MISMATCH	w6:280	out[0] max|delta|=6.918e+18 (rtol=0.01 atol=0.001)	n0*=bitwise_left_shift.Tensor_out(L0,L1,·)
MISMATCH	w6:313	out[0] non-finite mismatch (nan/inf positions differ)	n0*=gelu.out(L0,·,·)
MISMATCH	w6:333	out[0] max|delta|=3.999e-01 (rtol=0.01 atol=0.001)	n0*=_native_batch_norm_legit.no_stats(L0,·,·,·,·,·)
SKIP	w6:335	client RuntimeError: method->execute() failed with error 0x12 | [normalization_ops_util.cpp:160] Check failed (in.size(0) == N):  [op_native_group_norm.cpp:139] Check failed (check_group_norm_args( input, weight, bias, N, C, HxW, group, out, mean_out, rstd_out)):  [method.cpp:1480] KernelCall failed at instruction 0:0 in operator aten::native_group_norm.out: 0x12 [method.cpp:1490] arg 0 with type id 1 [method.cpp:1490] arg 1 with type id 0 [method.cpp:1490] arg 2 with type id 0 [method.cpp:1490] arg 3 with type id 4 [method.cpp:1490] arg 4 with type id 4 [method.cpp:1490] arg 5 with type id 4 [method.cpp:1490] arg 6 with type id 4 [method.cpp:1490] arg 7 with type id 3 [method.cpp:1490] arg 8 with type id 1 [method.cpp:1490] arg 9 with type id 1 [method.cpp:1490] arg 10 with type id 1 [method.cpp:1490] arg 11 with type id 9	n0*=native_group_norm(L0,·,·,·,·,·,·,·)
SKIP	w6:366	client RuntimeError: method->execute() failed with error 0x12 | [tensor_util_portable.cpp:130] Check failed (all_contiguous || all_channels_last): 2 input tensors have different dim orders [op_fft_r2c.cpp:29] Check failed (tensors_have_same_dim_order(in, out)):  [method.cpp:1480] KernelCall failed at instruction 0:0 in operator aten::_fft_r2c.out: 0x12 [method.cpp:1490] arg 0 with type id 1 [method.cpp:1490] arg 1 with type id 8 [method.cpp:1490] arg 2 with type id 4 [method.cpp:1490] arg 3 with type id 5 [method.cpp:1490] arg 4 with type id 1 [method.cpp:1490] arg 5 with type id 1	n0*=_fft_r2c(L0,·,·,·)
MISMATCH	w6:409	out[0] non-finite mismatch (nan/inf positions differ)	n0*=_log_softmax.out(L0,·,·,·)
MISMATCH	w6:429	out[0] max|delta|=5.765e+17 (rtol=0.0 atol=0.0)	n0*=bitwise_left_shift.Tensor_Scalar(L0,·)
SKIP	w6:437	client RuntimeError: method->execute() failed with error 0x12 | [copy_ops_util.cpp:165] Check failed (implicit == false): This operator is not implemented for when implicit == true. [op_expand_copy.cpp:63] Check failed (check_expand_copy_args(self, expand_sizes, implicit, out)):  [method.cpp:1480] KernelCall failed at instruction 0:0 in operator aten::expand_copy.out: 0x12 [method.cpp:1490] arg 0 with type id 1 [method.cpp:1490] arg 1 with type id 8 [method.cpp:1490] arg 2 with type id 5 [method.cpp:1490] arg 3 with type id 1 [method.cpp:1490] arg 4 with type id 1	n0*=expand_copy(L0,·,·)
SKIP	w6:456	client RuntimeError: method->execute() failed with error 0x12 | [op_arange.cpp:55] Check failed (utils::extract_scalar(start, &d_start)):  [method.cpp:1480] KernelCall failed at instruction 0:0 in operator aten::arange.start_out: 0x12 [method.cpp:1490] arg 0 with type id 5 [method.cpp:1490] arg 1 with type id 3 [method.cpp:1490] arg 2 with type id 5 [method.cpp:1490] arg 3 with type id 1 [method.cpp:1490] arg 4 with type id 1	n0*=arange.start_out(·,·,·,·)
SKIP	w6:481	client RuntimeError: method->execute() failed with error 0x12 | [normalization_ops_util.cpp:160] Check failed (in.size(0) == N):  [op_native_group_norm.cpp:139] Check failed (check_group_norm_args( input, weight, bias, N, C, HxW, group, out, mean_out, rstd_out)):  [method.cpp:1480] KernelCall failed at instruction 0:0 in operator aten::native_group_norm.out: 0x12 [method.cpp:1490] arg 0 with type id 1 [method.cpp:1490] arg 1 with type id 0 [method.cpp:1490] arg 2 with type id 0 [method.cpp:1490] arg 3 with type id 4 [method.cpp:1490] arg 4 with type id 4 [method.cpp:1490] arg 5 with type id 4 [method.cpp:1490] arg 6 with type id 4 [method.cpp:1490] arg 7 with type id 3 [method.cpp:1490] arg 8 with type id 1 [method.cpp:1490] arg 9 with type id 1 [method.cpp:1490] arg 10 with type id 1 [method.cpp:1490] arg 11 with type id 9	n0*=native_group_norm(L0,·,·,·,·,·,·,·)
MISMATCH	w6:505	out[0] max|delta|=9.223e+18 (rtol=0.0 atol=0.0)	n0*=bitwise_left_shift.Tensor_Scalar_out(L0,·,·)
MISMATCH	w6:52	out[0] max|delta|=6.918e+18 (rtol=0.01 atol=0.001)	n0*=bitwise_left_shift.Tensor_out(L0,L1,·)
SKIP	w6:527	client RuntimeError: method->execute() failed with error 0x12 | [op_copy.cpp:33] Check failed (non_blocking == false):  [method.cpp:1480] KernelCall failed at instruction 0:0 in operator aten::copy.out: 0x12 [method.cpp:1490] arg 0 with type id 1 [method.cpp:1490] arg 1 with type id 1 [method.cpp:1490] arg 2 with type id 5 [method.cpp:1490] arg 3 with type id 1 [method.cpp:1490] arg 4 with type id 1	n0*=copy(L0,L1,·)
SKIP	w6:528	client RuntimeError: method->execute() failed with error 0x12 | [op_full.cpp:40] Unhandled dtype Float8_e4m3fn for full.out [method.cpp:1480] KernelCall failed at instruction 0:0 in operator aten::full.out: 0x12 [method.cpp:1490] arg 0 with type id 8 [method.cpp:1490] arg 1 with type id 4 [method.cpp:1490] arg 2 with type id 1 [method.cpp:1490] arg 3 with type id 1	n0*=stack(·,·)
SKIP	w6:566	client RuntimeError: method->execute() failed with error 0x12 | [op_pdist_forward.cpp:45] Unhandled dtype Int for _pdist_forward.out [method.cpp:1480] KernelCall failed at instruction 0:0 in operator aten::_pdist_forward.out: 0x12 [method.cpp:1490] arg 0 with type id 1 [method.cpp:1490] arg 1 with type id 3 [method.cpp:1490] arg 2 with type id 1 [method.cpp:1490] arg 3 with type id 1	n0*=_pdist_forward(L0,·)
SKIP	w6:64	client RuntimeError: method->execute() failed with error 0x12 | [index_util.cpp:156] Check failed (index.scalar_type() == ScalarType::Long): Expected dtype int64 for index; index.scalar_type() = Int [op_scatter.cpp:113] Check failed (check_scatter_src_args(in, dim, index, src, out)):  [method.cpp:1480] KernelCall failed at instruction 0:0 in operator aten::scatter.src_out: 0x12 [method.cpp:1490] arg 0 with type id 1 [method.cpp:1490] arg 1 with type id 4 [method.cpp:1490] arg 2 with type id 1 [method.cpp:1490] arg 3 with type id 1 [method.cpp:1490] arg 4 with type id 1 [method.cpp:1490] arg 5 with type id 1	n0*=scatter.src_out(L0,·,L1,L2,·)
SKIP	w6:71	client RuntimeError: method->execute() failed with error 0x12 | [op_copy.cpp:33] Check failed (non_blocking == false):  [method.cpp:1480] KernelCall failed at instruction 0:0 in operator aten::copy.out: 0x12 [method.cpp:1490] arg 0 with type id 1 [method.cpp:1490] arg 1 with type id 1 [method.cpp:1490] arg 2 with type id 5 [method.cpp:1490] arg 3 with type id 1 [method.cpp:1490] arg 4 with type id 1	n0*=copy(L0,L1,·)
MISMATCH	w6:85	out[0] non-finite mismatch (nan/inf positions differ)	n0*=gelu.out(L0,·,·)
MISMATCH	w60:106	out[0] non-finite mismatch (nan/inf positions differ)	n0*=gelu.out(L0,·,·)
MISMATCH	w60:119	out[0] max|delta|=4.000e+00 (rtol=0.0 atol=0.0)	n0*=remainder.Tensor_out(L0,L1,·)
SKIP	w60:128	client RuntimeError: method->execute() failed with error 0x12 | [normalization_ops_util.cpp:160] Check failed (in.size(0) == N):  [op_native_group_norm.cpp:139] Check failed (check_group_norm_args( input, weight, bias, N, C, HxW, group, out, mean_out, rstd_out)):  [method.cpp:1480] KernelCall failed at instruction 0:0 in operator aten::native_group_norm.out: 0x12 [method.cpp:1490] arg 0 with type id 1 [method.cpp:1490] arg 1 with type id 0 [method.cpp:1490] arg 2 with type id 0 [method.cpp:1490] arg 3 with type id 4 [method.cpp:1490] arg 4 with type id 4 [method.cpp:1490] arg 5 with type id 4 [method.cpp:1490] arg 6 with type id 4 [method.cpp:1490] arg 7 with type id 3 [method.cpp:1490] arg 8 with type id 1 [method.cpp:1490] arg 9 with type id 1 [method.cpp:1490] arg 10 with type id 1 [method.cpp:1490] arg 11 with type id 9	n0*=native_group_norm(L0,·,·,·,·,·,·,·)
SKIP	w60:131	client RuntimeError: method->execute() failed with error 0x12 | [tensor_util.h:617] Check failed (static_cast<size_t>(t.dim()) == rank): Expected tensor.dim() to be 2, but got 1 [distance_util.cpp:16] Check failed (tensor_is_rank(in, 2)):  [op_pdist_forward.cpp:25] Check failed (check_pdist_args(in, p, out)):  [method.cpp:1480] KernelCall failed at instruction 0:0 in operator aten::_pdist_forward.out: 0x12 [method.cpp:1490] arg 0 with type id 1 [method.cpp:1490] arg 1 with type id 3 [method.cpp:1490] arg 2 with type id 1 [method.cpp:1490] arg 3 with type id 1	n0*=_pdist_forward(L0,·)
SKIP	w60:159	client RuntimeError: method->execute() failed with error 0x12 | [op_fft_r2c.cpp:32] Check failed (onesided): onesided=False is not supported yet in _fft_r2c [method.cpp:1480] KernelCall failed at instruction 0:0 in operator aten::_fft_r2c.out: 0x12 [method.cpp:1490] arg 0 with type id 1 [method.cpp:1490] arg 1 with type id 8 [method.cpp:1490] arg 2 with type id 4 [method.cpp:1490] arg 3 with type id 5 [method.cpp:1490] arg 4 with type id 1 [method.cpp:1490] arg 5 with type id 1	n0*=_fft_r2c(L0,·,·,·)
SKIP	w60:202	client RuntimeError: method->execute() failed with error 0x12 | [op_log_softmax.cpp:152] Check failed (false):  [method.cpp:1480] KernelCall failed at instruction 0:0 in operator aten::_log_softmax.out: 0x12 [method.cpp:1490] arg 0 with type id 1 [method.cpp:1490] arg 1 with type id 4 [method.cpp:1490] arg 2 with type id 5 [method.cpp:1490] arg 3 with type id 1 [method.cpp:1490] arg 4 with type id 1	n0*=_log_softmax.out(L0,·,·,·)
SKIP	w60:21	client RuntimeError: method->execute() failed with error 0x12 | [op_arange.cpp:55] Check failed (utils::extract_scalar(start, &d_start)):  [method.cpp:1480] KernelCall failed at instruction 0:0 in operator aten::arange.start_out: 0x12 [method.cpp:1490] arg 0 with type id 5 [method.cpp:1490] arg 1 with type id 5 [method.cpp:1490] arg 2 with type id 4 [method.cpp:1490] arg 3 with type id 1 [method.cpp:1490] arg 4 with type id 1	n0*=arange.start_out(·,·,·,·)
MISMATCH	w60:222	out[0] max|delta|=7.206e+16 (rtol=0.0 atol=0.0)	n0*=bitwise_left_shift.Tensor_Scalar(L0,·)
SKIP	w60:249	client RuntimeError: method->execute() failed with error 0x12 | [op_arange.cpp:55] Check failed (utils::extract_scalar(start, &d_start)):  [method.cpp:1480] KernelCall failed at instruction 0:0 in operator aten::arange.start_out: 0x12 [method.cpp:1490] arg 0 with type id 5 [method.cpp:1490] arg 1 with type id 5 [method.cpp:1490] arg 2 with type id 3 [method.cpp:1490] arg 3 with type id 1 [method.cpp:1490] arg 4 with type id 1	n0*=arange.start_out(·,·,·,·)
SKIP	w60:274	client RuntimeError: method->execute() failed with error 0x12 | [normalization_ops_util.cpp:160] Check failed (in.size(0) == N):  [op_native_group_norm.cpp:139] Check failed (check_group_norm_args( input, weight, bias, N, C, HxW, group, out, mean_out, rstd_out)):  [method.cpp:1480] KernelCall failed at instruction 0:0 in operator aten::native_group_norm.out: 0x12 [method.cpp:1490] arg 0 with type id 1 [method.cpp:1490] arg 1 with type id 0 [method.cpp:1490] arg 2 with type id 0 [method.cpp:1490] arg 3 with type id 4 [method.cpp:1490] arg 4 with type id 4 [method.cpp:1490] arg 5 with type id 4 [method.cpp:1490] arg 6 with type id 4 [method.cpp:1490] arg 7 with type id 3 [method.cpp:1490] arg 8 with type id 1 [method.cpp:1490] arg 9 with type id 1 [method.cpp:1490] arg 10 with type id 1 [method.cpp:1490] arg 11 with type id 9	n0*=native_group_norm(L0,·,·,·,·,·,·,·)
MISMATCH	w60:298	out[0] max|delta|=5.765e+17 (rtol=0.01 atol=0.001)	n0*=bitwise_left_shift.Tensor_Scalar_out(L0,·,·)
MISMATCH	w60:301	out[0] max|delta|=6.918e+18 (rtol=0.01 atol=0.001)	n0*=bitwise_left_shift.Tensor_out(L0,L1,·)
SKIP	w60:320	client RuntimeError: method->execute() failed with error 0x12 | [op_copy.cpp:33] Check failed (non_blocking == false):  [method.cpp:1480] KernelCall failed at instruction 0:0 in operator aten::copy.out: 0x12 [method.cpp:1490] arg 0 with type id 1 [method.cpp:1490] arg 1 with type id 1 [method.cpp:1490] arg 2 with type id 5 [method.cpp:1490] arg 3 with type id 1 [method.cpp:1490] arg 4 with type id 1	n0*=copy(L0,L1,·)
MISMATCH	w60:334	out[0] non-finite mismatch (nan/inf positions differ)	n0*=gelu.out(L0,·,·)
SKIP	w60:359	client RuntimeError: method->execute() failed with error 0x12 | [tensor_util.h:617] Check failed (static_cast<size_t>(t.dim()) == rank): Expected tensor.dim() to be 2, but got 3 [distance_util.cpp:16] Check failed (tensor_is_rank(in, 2)):  [op_pdist_forward.cpp:25] Check failed (check_pdist_args(in, p, out)):  [method.cpp:1480] KernelCall failed at instruction 0:0 in operator aten::_pdist_forward.out: 0x12 [method.cpp:1490] arg 0 with type id 1 [method.cpp:1490] arg 1 with type id 3 [method.cpp:1490] arg 2 with type id 1 [method.cpp:1490] arg 3 with type id 1	n0*=_pdist_forward(L0,·)
SKIP	w60:387	client RuntimeError: method->execute() failed with error 0x12 | [tensor_util_portable.cpp:130] Check failed (all_contiguous || all_channels_last): 2 input tensors have different dim orders [op_fft_r2c.cpp:29] Check failed (tensors_have_same_dim_order(in, out)):  [method.cpp:1480] KernelCall failed at instruction 0:0 in operator aten::_fft_r2c.out: 0x12 [method.cpp:1490] arg 0 with type id 1 [method.cpp:1490] arg 1 with type id 8 [method.cpp:1490] arg 2 with type id 4 [method.cpp:1490] arg 3 with type id 5 [method.cpp:1490] arg 4 with type id 1 [method.cpp:1490] arg 5 with type id 1	n0*=_fft_r2c(L0,·,·,·)
SKIP	w60:430	client RuntimeError: method->execute() failed with error 0x12 | [op_log_softmax.cpp:152] Check failed (false):  [method.cpp:1480] KernelCall failed at instruction 0:0 in operator aten::_log_softmax.out: 0x12 [method.cpp:1490] arg 0 with type id 1 [method.cpp:1490] arg 1 with type id 4 [method.cpp:1490] arg 2 with type id 5 [method.cpp:1490] arg 3 with type id 1 [method.cpp:1490] arg 4 with type id 1	n0*=_log_softmax.out(L0,·,·,·)
SKIP	w60:46	client RuntimeError: method->execute() failed with error 0x12 | [normalization_ops_util.cpp:160] Check failed (in.size(0) == N):  [op_native_group_norm.cpp:139] Check failed (check_group_norm_args( input, weight, bias, N, C, HxW, group, out, mean_out, rstd_out)):  [method.cpp:1480] KernelCall failed at instruction 0:0 in operator aten::native_group_norm.out: 0x12 [method.cpp:1490] arg 0 with type id 1 [method.cpp:1490] arg 1 with type id 0 [method.cpp:1490] arg 2 with type id 0 [method.cpp:1490] arg 3 with type id 4 [method.cpp:1490] arg 4 with type id 4 [method.cpp:1490] arg 5 with type id 4 [method.cpp:1490] arg 6 with type id 4 [method.cpp:1490] arg 7 with type id 3 [method.cpp:1490] arg 8 with type id 1 [method.cpp:1490] arg 9 with type id 1 [method.cpp:1490] arg 10 with type id 1 [method.cpp:1490] arg 11 with type id 9	n0*=native_group_norm(L0,·,·,·,·,·,·,·)
MISMATCH	w61:1	out[0] max|delta|=4.000e+00 (rtol=0.0 atol=0.0)	n0*=remainder.Tensor_out(L0,L1,·)
SKIP	w61:10	client RuntimeError: method->execute() failed with error 0x12 | [normalization_ops_util.cpp:160] Check failed (in.size(0) == N):  [op_native_group_norm.cpp:139] Check failed (check_group_norm_args( input, weight, bias, N, C, HxW, group, out, mean_out, rstd_out)):  [method.cpp:1480] KernelCall failed at instruction 0:0 in operator aten::native_group_norm.out: 0x12 [method.cpp:1490] arg 0 with type id 1 [method.cpp:1490] arg 1 with type id 0 [method.cpp:1490] arg 2 with type id 0 [method.cpp:1490] arg 3 with type id 4 [method.cpp:1490] arg 4 with type id 4 [method.cpp:1490] arg 5 with type id 4 [method.cpp:1490] arg 6 with type id 4 [method.cpp:1490] arg 7 with type id 3 [method.cpp:1490] arg 8 with type id 1 [method.cpp:1490] arg 9 with type id 1 [method.cpp:1490] arg 10 with type id 1 [method.cpp:1490] arg 11 with type id 9	n0*=native_group_norm(L0,·,·,·,·,·,·,·)
MISMATCH	w61:104	out[0] max|delta|=9.223e+18 (rtol=0.0 atol=0.0)	n0*=bitwise_left_shift.Tensor_Scalar(L0,·)
SKIP	w61:131	client RuntimeError: method->execute() failed with error 0x12 | [op_arange.cpp:59] Check failed (utils::extract_scalar(end, &d_end)):  [method.cpp:1480] KernelCall failed at instruction 0:0 in operator aten::arange.start_out: 0x12 [method.cpp:1490] arg 0 with type id 3 [method.cpp:1490] arg 1 with type id 5 [method.cpp:1490] arg 2 with type id 5 [method.cpp:1490] arg 3 with type id 1 [method.cpp:1490] arg 4 with type id 1	n0*=arange.start_out(·,·,·,·)
SKIP	w61:156	client RuntimeError: method->execute() failed with error 0x12 | [normalization_ops_util.cpp:160] Check failed (in.size(0) == N):  [op_native_group_norm.cpp:139] Check failed (check_group_norm_args( input, weight, bias, N, C, HxW, group, out, mean_out, rstd_out)):  [method.cpp:1480] KernelCall failed at instruction 0:0 in operator aten::native_group_norm.out: 0x12 [method.cpp:1490] arg 0 with type id 1 [method.cpp:1490] arg 1 with type id 0 [method.cpp:1490] arg 2 with type id 0 [method.cpp:1490] arg 3 with type id 4 [method.cpp:1490] arg 4 with type id 4 [method.cpp:1490] arg 5 with type id 4 [method.cpp:1490] arg 6 with type id 4 [method.cpp:1490] arg 7 with type id 3 [method.cpp:1490] arg 8 with type id 1 [method.cpp:1490] arg 9 with type id 1 [method.cpp:1490] arg 10 with type id 1 [method.cpp:1490] arg 11 with type id 9	n0*=native_group_norm(L0,·,·,·,·,·,·,·)
MISMATCH	w61:180	out[0] max|delta|=9.223e+18 (rtol=0.01 atol=0.001)	n0*=bitwise_left_shift.Tensor_Scalar_out(L0,·,·)
MISMATCH	w61:216	out[0] non-finite mismatch (nan/inf positions differ)	n0*=gelu.out(L0,·,·)
SKIP	w61:41	client RuntimeError: method->execute() failed with error 0x12 | [op_fft_r2c.cpp:32] Check failed (onesided): onesided=False is not supported yet in _fft_r2c [method.cpp:1480] KernelCall failed at instruction 0:0 in operator aten::_fft_r2c.out: 0x12 [method.cpp:1490] arg 0 with type id 1 [method.cpp:1490] arg 1 with type id 8 [method.cpp:1490] arg 2 with type id 4 [method.cpp:1490] arg 3 with type id 5 [method.cpp:1490] arg 4 with type id 1 [method.cpp:1490] arg 5 with type id 1	n0*=_fft_r2c(L0,·,·,·)
SKIP	w62:119	client RuntimeError: method->execute() failed with error 0x12 | [op_fft_r2c.cpp:32] Check failed (onesided): onesided=False is not supported yet in _fft_r2c [method.cpp:1480] KernelCall failed at instruction 0:0 in operator aten::_fft_r2c.out: 0x12 [method.cpp:1490] arg 0 with type id 1 [method.cpp:1490] arg 1 with type id 8 [method.cpp:1490] arg 2 with type id 4 [method.cpp:1490] arg 3 with type id 5 [method.cpp:1490] arg 4 with type id 1 [method.cpp:1490] arg 5 with type id 1	n0*=_fft_r2c(L0,·,·,·)
SKIP	w62:162	client RuntimeError: method->execute() failed with error 0x12 | [op_log_softmax.cpp:152] Check failed (false):  [method.cpp:1480] KernelCall failed at instruction 0:0 in operator aten::_log_softmax.out: 0x12 [method.cpp:1490] arg 0 with type id 1 [method.cpp:1490] arg 1 with type id 4 [method.cpp:1490] arg 2 with type id 5 [method.cpp:1490] arg 3 with type id 1 [method.cpp:1490] arg 4 with type id 1	n0*=_log_softmax.out(L0,·,·,·)
MISMATCH	w62:165	out[0] non-finite mismatch (nan/inf positions differ)	n0*=addmm.out(L0,L1,L2,·,·,·)
MISMATCH	w62:175	out[0] max|delta|=7.000e+00 (rtol=0.0 atol=0.0)	n0*=remainder.Scalar(L0,·)
SKIP	w62:209	client RuntimeError: method->execute() failed with error 0x12 | [op_arange.cpp:55] Check failed (utils::extract_scalar(start, &d_start)):  [method.cpp:1480] KernelCall failed at instruction 0:0 in operator aten::arange.start_out: 0x12 [method.cpp:1490] arg 0 with type id 5 [method.cpp:1490] arg 1 with type id 5 [method.cpp:1490] arg 2 with type id 5 [method.cpp:1490] arg 3 with type id 1 [method.cpp:1490] arg 4 with type id 1	n0*=arange.start_out(·,·,·,·)
MISMATCH	w62:226	out[0] non-finite mismatch (nan/inf positions differ)	n0*=grid_sampler_2d(L0,L1,·,·,·)
SKIP	w62:234	client RuntimeError: method->execute() failed with error 0x12 | [normalization_ops_util.cpp:160] Check failed (in.size(0) == N):  [op_native_group_norm.cpp:139] Check failed (check_group_norm_args( input, weight, bias, N, C, HxW, group, out, mean_out, rstd_out)):  [method.cpp:1480] KernelCall failed at instruction 0:0 in operator aten::native_group_norm.out: 0x12 [method.cpp:1490] arg 0 with type id 1 [method.cpp:1490] arg 1 with type id 0 [method.cpp:1490] arg 2 with type id 0 [method.cpp:1490] arg 3 with type id 4 [method.cpp:1490] arg 4 with type id 4 [method.cpp:1490] arg 5 with type id 4 [method.cpp:1490] arg 6 with type id 4 [method.cpp:1490] arg 7 with type id 3 [method.cpp:1490] arg 8 with type id 1 [method.cpp:1490] arg 9 with type id 1 [method.cpp:1490] arg 10 with type id 1 [method.cpp:1490] arg 11 with type id 9	n0*=native_group_norm(L0,·,·,·,·,·,·,·)
MISMATCH	w62:30	out[0] max|delta|=2.162e+17 (rtol=0.0 atol=0.0)	n0*=bitwise_left_shift.Tensor_Scalar_out(L0,·,·)
MISMATCH	w62:33	out[0] max|delta|=9.223e+18 (rtol=0.01 atol=0.001)	n0*=bitwise_left_shift.Tensor_out(L0,L1,·)
SKIP	w62:6	client RuntimeError: method->execute() failed with error 0x12 | [normalization_ops_util.cpp:160] Check failed (in.size(0) == N):  [op_native_group_norm.cpp:139] Check failed (check_group_norm_args( input, weight, bias, N, C, HxW, group, out, mean_out, rstd_out)):  [method.cpp:1480] KernelCall failed at instruction 0:0 in operator aten::native_group_norm.out: 0x12 [method.cpp:1490] arg 0 with type id 1 [method.cpp:1490] arg 1 with type id 0 [method.cpp:1490] arg 2 with type id 0 [method.cpp:1490] arg 3 with type id 4 [method.cpp:1490] arg 4 with type id 4 [method.cpp:1490] arg 5 with type id 4 [method.cpp:1490] arg 6 with type id 4 [method.cpp:1490] arg 7 with type id 3 [method.cpp:1490] arg 8 with type id 1 [method.cpp:1490] arg 9 with type id 1 [method.cpp:1490] arg 10 with type id 1 [method.cpp:1490] arg 11 with type id 9	n0*=native_group_norm(L0,·,·,·,·,·,·,·)
MISMATCH	w62:66	out[0] non-finite mismatch (nan/inf positions differ)	n0*=gelu.out(L0,·,·)
CRASH	w56:88	executor died (native abort)	n0*=unfold_copy(L0,·,·,·)
SKIP	w62:88	client RuntimeError: method->execute() failed with error 0x12 | [normalization_ops_util.cpp:160] Check failed (in.size(0) == N):  [op_native_group_norm.cpp:139] Check failed (check_group_norm_args( input, weight, bias, N, C, HxW, group, out, mean_out, rstd_out)):  [method.cpp:1480] KernelCall failed at instruction 0:0 in operator aten::native_group_norm.out: 0x12 [method.cpp:1490] arg 0 with type id 1 [method.cpp:1490] arg 1 with type id 0 [method.cpp:1490] arg 2 with type id 0 [method.cpp:1490] arg 3 with type id 4 [method.cpp:1490] arg 4 with type id 4 [method.cpp:1490] arg 5 with type id 4 [method.cpp:1490] arg 6 with type id 4 [method.cpp:1490] arg 7 with type id 3 [method.cpp:1490] arg 8 with type id 1 [method.cpp:1490] arg 9 with type id 1 [method.cpp:1490] arg 10 with type id 1 [method.cpp:1490] arg 11 with type id 9	n0*=native_group_norm(L0,·,·,·,·,·,·,·)
SKIP	w62:91	client RuntimeError: method->execute() failed with error 0x12 | [tensor_util.h:617] Check failed (static_cast<size_t>(t.dim()) == rank): Expected tensor.dim() to be 2, but got 3 [distance_util.cpp:16] Check failed (tensor_is_rank(in, 2)):  [op_pdist_forward.cpp:25] Check failed (check_pdist_args(in, p, out)):  [method.cpp:1480] KernelCall failed at instruction 0:0 in operator aten::_pdist_forward.out: 0x12 [method.cpp:1490] arg 0 with type id 1 [method.cpp:1490] arg 1 with type id 3 [method.cpp:1490] arg 2 with type id 1 [method.cpp:1490] arg 3 with type id 1	n0*=_pdist_forward(L0,·)
MISMATCH	w63:104	out[0] max|delta|=2.162e+17 (rtol=0.0 atol=0.0)	n0*=bitwise_left_shift.Tensor_Scalar_out(L0,·,·)
SKIP	w63:119	client RuntimeError: method->execute() failed with error 0x12 | [index_util.cpp:156] Check failed (index.scalar_type() == ScalarType::Long): Expected dtype int64 for index; index.scalar_type() = Int [op_scatter.cpp:113] Check failed (check_scatter_src_args(in, dim, index, src, out)):  [method.cpp:1480] KernelCall failed at instruction 0:0 in operator aten::scatter.src_out: 0x12 [method.cpp:1490] arg 0 with type id 1 [method.cpp:1490] arg 1 with type id 4 [method.cpp:1490] arg 2 with type id 1 [method.cpp:1490] arg 3 with type id 1 [method.cpp:1490] arg 4 with type id 1 [method.cpp:1490] arg 5 with type id 1	n0*=scatter.src_out(L0,·,L1,L2,·)
SKIP	w63:162	client RuntimeError: method->execute() failed with error 0x12 | [normalization_ops_util.cpp:160] Check failed (in.size(0) == N):  [op_native_group_norm.cpp:139] Check failed (check_group_norm_args( input, weight, bias, N, C, HxW, group, out, mean_out, rstd_out)):  [method.cpp:1480] KernelCall failed at instruction 0:0 in operator aten::native_group_norm.out: 0x12 [method.cpp:1490] arg 0 with type id 1 [method.cpp:1490] arg 1 with type id 0 [method.cpp:1490] arg 2 with type id 0 [method.cpp:1490] arg 3 with type id 4 [method.cpp:1490] arg 4 with type id 4 [method.cpp:1490] arg 5 with type id 4 [method.cpp:1490] arg 6 with type id 4 [method.cpp:1490] arg 7 with type id 3 [method.cpp:1490] arg 8 with type id 1 [method.cpp:1490] arg 9 with type id 1 [method.cpp:1490] arg 10 with type id 1 [method.cpp:1490] arg 11 with type id 9	n0*=native_group_norm(L0,·,·,·,·,·,·,·)
SKIP	w63:165	client RuntimeError: method->execute() failed with error 0x12 | [tensor_util.h:617] Check failed (static_cast<size_t>(t.dim()) == rank): Expected tensor.dim() to be 2, but got 1 [distance_util.cpp:16] Check failed (tensor_is_rank(in, 2)):  [op_pdist_forward.cpp:25] Check failed (check_pdist_args(in, p, out)):  [method.cpp:1480] KernelCall failed at instruction 0:0 in operator aten::_pdist_forward.out: 0x12 [method.cpp:1490] arg 0 with type id 1 [method.cpp:1490] arg 1 with type id 3 [method.cpp:1490] arg 2 with type id 1 [method.cpp:1490] arg 3 with type id 1	n0*=_pdist_forward(L0,·)
MISMATCH	w63:185	out[0] max|delta|=2.527e+00 (rtol=0.01 atol=0.001)	n0*=max_pool2d_with_indices_backward.grad_input(L0,L1,·,·,·,·,·,L2,L3)
SKIP	w63:193	client RuntimeError: method->execute() failed with error 0x12 | [tensor_util_portable.cpp:130] Check failed (all_contiguous || all_channels_last): 2 input tensors have different dim orders [op_fft_r2c.cpp:29] Check failed (tensors_have_same_dim_order(in, out)):  [method.cpp:1480] KernelCall failed at instruction 0:0 in operator aten::_fft_r2c.out: 0x12 [method.cpp:1490] arg 0 with type id 1 [method.cpp:1490] arg 1 with type id 8 [method.cpp:1490] arg 2 with type id 4 [method.cpp:1490] arg 3 with type id 5 [method.cpp:1490] arg 4 with type id 1 [method.cpp:1490] arg 5 with type id 1	n0*=_fft_r2c(L0,·,·,·)
MISMATCH	w63:21	out[0] max|delta|=6.000e+00 (rtol=0.0 atol=0.0)	n0*=remainder.Scalar(L0,·)
SKIP	w63:236	client RuntimeError: method->execute() failed with error 0x12 | [op_log_softmax.cpp:152] Check failed (false):  [method.cpp:1480] KernelCall failed at instruction 0:0 in operator aten::_log_softmax.out: 0x12 [method.cpp:1490] arg 0 with type id 1 [method.cpp:1490] arg 1 with type id 4 [method.cpp:1490] arg 2 with type id 5 [method.cpp:1490] arg 3 with type id 1 [method.cpp:1490] arg 4 with type id 1	n0*=_log_softmax.out(L0,·,·,·)
SKIP	w63:283	client RuntimeError: method->execute() failed with error 0x12 | [op_arange.cpp:55] Check failed (utils::extract_scalar(start, &d_start)):  [method.cpp:1480] KernelCall failed at instruction 0:0 in operator aten::arange.start_out: 0x12 [method.cpp:1490] arg 0 with type id 5 [method.cpp:1490] arg 1 with type id 5 [method.cpp:1490] arg 2 with type id 5 [method.cpp:1490] arg 3 with type id 1 [method.cpp:1490] arg 4 with type id 1	n0*=arange.start_out(·,·,·,·)
SKIP	w63:30	client RuntimeError: method->execute() failed with error 0x12 | [index_util.cpp:156] Check failed (index.scalar_type() == ScalarType::Long): Expected dtype int64 for index; index.scalar_type() = Int [op_scatter_add.cpp:61] Check failed (check_scatter_add_args(self, dim, index, src, out)):  [method.cpp:1480] KernelCall failed at instruction 0:0 in operator aten::scatter_add.out: 0x12 [method.cpp:1490] arg 0 with type id 1 [method.cpp:1490] arg 1 with type id 4 [method.cpp:1490] arg 2 with type id 1 [method.cpp:1490] arg 3 with type id 1 [method.cpp:1490] arg 4 with type id 1 [method.cpp:1490] arg 5 with type id 1	n0*=scatter_add.out(L0,·,L1,L2,·)
SKIP	w63:61	client RuntimeError: method->execute() failed with error 0x12 | [index_util.cpp:24] Check failed (index.scalar_type() == ScalarType::Long): Expected dtype int64 for index; index.scalar_type() = Int [op_scatter.cpp:140] Check failed (check_scatter_value_args(in, dim, index, value, out)):  [method.cpp:1480] KernelCall failed at instruction 0:0 in operator aten::scatter.value_out: 0x12 [method.cpp:1490] arg 0 with type id 1 [method.cpp:1490] arg 1 with type id 4 [method.cpp:1490] arg 2 with type id 1 [method.cpp:1490] arg 3 with type id 4 [method.cpp:1490] arg 4 with type id 1 [method.cpp:1490] arg 5 with type id 1	n0*=scatter.value_out(L0,·,L1,·,·)
SKIP	w63:80	client RuntimeError: method->execute() failed with error 0x12 | [normalization_ops_util.cpp:160] Check failed (in.size(0) == N):  [op_native_group_norm.cpp:139] Check failed (check_group_norm_args( input, weight, bias, N, C, HxW, group, out, mean_out, rstd_out)):  [method.cpp:1480] KernelCall failed at instruction 0:0 in operator aten::native_group_norm.out: 0x12 [method.cpp:1490] arg 0 with type id 1 [method.cpp:1490] arg 1 with type id 0 [method.cpp:1490] arg 2 with type id 0 [method.cpp:1490] arg 3 with type id 4 [method.cpp:1490] arg 4 with type id 4 [method.cpp:1490] arg 5 with type id 4 [method.cpp:1490] arg 6 with type id 4 [method.cpp:1490] arg 7 with type id 3 [method.cpp:1490] arg 8 with type id 1 [method.cpp:1490] arg 9 with type id 1 [method.cpp:1490] arg 10 with type id 1 [method.cpp:1490] arg 11 with type id 9	n0*=native_group_norm(L0,·,·,·,·,·,·,·)
SKIP	w64:106	client RuntimeError: method->execute() failed with error 0x12 | [op_pdist_forward.cpp:45] Unhandled dtype Int for _pdist_forward.out [method.cpp:1480] KernelCall failed at instruction 0:0 in operator aten::_pdist_forward.out: 0x12 [method.cpp:1490] arg 0 with type id 1 [method.cpp:1490] arg 1 with type id 3 [method.cpp:1490] arg 2 with type id 1 [method.cpp:1490] arg 3 with type id 1	n0*=_pdist_forward(L0,·)
SKIP	w64:134	client RuntimeError: method->execute() failed with error 0x12 | [op_fft_r2c.cpp:32] Check failed (onesided): onesided=False is not supported yet in _fft_r2c [method.cpp:1480] KernelCall failed at instruction 0:0 in operator aten::_fft_r2c.out: 0x12 [method.cpp:1490] arg 0 with type id 1 [method.cpp:1490] arg 1 with type id 8 [method.cpp:1490] arg 2 with type id 4 [method.cpp:1490] arg 3 with type id 5 [method.cpp:1490] arg 4 with type id 1 [method.cpp:1490] arg 5 with type id 1	n0*=_fft_r2c(L0,·,·,·)
SKIP	w64:177	client RuntimeError: method->execute() failed with error 0x12 | [op_log_softmax.cpp:152] Check failed (false):  [method.cpp:1480] KernelCall failed at instruction 0:0 in operator aten::_log_softmax.out: 0x12 [method.cpp:1490] arg 0 with type id 1 [method.cpp:1490] arg 1 with type id 4 [method.cpp:1490] arg 2 with type id 5 [method.cpp:1490] arg 3 with type id 1 [method.cpp:1490] arg 4 with type id 1	n0*=_log_softmax.out(L0,·,·,·)
MISMATCH	w64:197	out[0] max|delta|=2.306e+18 (rtol=0.0 atol=0.0)	n0*=bitwise_left_shift.Tensor_Scalar(L0,·)
SKIP	w64:199	client RuntimeError: method->execute() failed with error 0x12 | [index_util.cpp:156] Check failed (index.scalar_type() == ScalarType::Long): Expected dtype int64 for index; index.scalar_type() = Int [op_scatter_add.cpp:61] Check failed (check_scatter_add_args(self, dim, index, src, out)):  [method.cpp:1480] KernelCall failed at instruction 0:0 in operator aten::scatter_add.out: 0x12 [method.cpp:1490] arg 0 with type id 1 [method.cpp:1490] arg 1 with type id 4 [method.cpp:1490] arg 2 with type id 1 [method.cpp:1490] arg 3 with type id 1 [method.cpp:1490] arg 4 with type id 1 [method.cpp:1490] arg 5 with type id 1	n0*=scatter_add.out(L0,·,L1,L2,·)
SKIP	w64:21	client RuntimeError: method->execute() failed with error 0x12 | [normalization_ops_util.cpp:160] Check failed (in.size(0) == N):  [op_native_group_norm.cpp:139] Check failed (check_group_norm_args( input, weight, bias, N, C, HxW, group, out, mean_out, rstd_out)):  [method.cpp:1480] KernelCall failed at instruction 0:0 in operator aten::native_group_norm.out: 0x12 [method.cpp:1490] arg 0 with type id 1 [method.cpp:1490] arg 1 with type id 0 [method.cpp:1490] arg 2 with type id 0 [method.cpp:1490] arg 3 with type id 4 [method.cpp:1490] arg 4 with type id 4 [method.cpp:1490] arg 5 with type id 4 [method.cpp:1490] arg 6 with type id 4 [method.cpp:1490] arg 7 with type id 3 [method.cpp:1490] arg 8 with type id 1 [method.cpp:1490] arg 9 with type id 1 [method.cpp:1490] arg 10 with type id 1 [method.cpp:1490] arg 11 with type id 9	n0*=native_group_norm(L0,·,·,·,·,·,·,·)
SKIP	w64:224	client RuntimeError: method->execute() failed with error 0x12 | [op_arange.cpp:55] Check failed (utils::extract_scalar(start, &d_start)):  [method.cpp:1480] KernelCall failed at instruction 0:0 in operator aten::arange.start_out: 0x12 [method.cpp:1490] arg 0 with type id 5 [method.cpp:1490] arg 1 with type id 5 [method.cpp:1490] arg 2 with type id 3 [method.cpp:1490] arg 3 with type id 1 [method.cpp:1490] arg 4 with type id 1	n0*=arange.start_out(·,·,·,·)
SKIP	w64:249	client RuntimeError: method->execute() failed with error 0x12 | [normalization_ops_util.cpp:160] Check failed (in.size(0) == N):  [op_native_group_norm.cpp:139] Check failed (check_group_norm_args( input, weight, bias, N, C, HxW, group, out, mean_out, rstd_out)):  [method.cpp:1480] KernelCall failed at instruction 0:0 in operator aten::native_group_norm.out: 0x12 [method.cpp:1490] arg 0 with type id 1 [method.cpp:1490] arg 1 with type id 0 [method.cpp:1490] arg 2 with type id 0 [method.cpp:1490] arg 3 with type id 4 [method.cpp:1490] arg 4 with type id 4 [method.cpp:1490] arg 5 with type id 4 [method.cpp:1490] arg 6 with type id 4 [method.cpp:1490] arg 7 with type id 3 [method.cpp:1490] arg 8 with type id 1 [method.cpp:1490] arg 9 with type id 1 [method.cpp:1490] arg 10 with type id 1 [method.cpp:1490] arg 11 with type id 9	n0*=native_group_norm(L0,·,·,·,·,·,·,·)
MISMATCH	w64:273	out[0] max|delta|=9.223e+18 (rtol=0.0 atol=0.0)	n0*=bitwise_left_shift.Tensor_Scalar_out(L0,·,·)
MISMATCH	w64:276	out[0] max|delta|=6.918e+18 (rtol=0.01 atol=0.001)	n0*=bitwise_left_shift.Tensor_out(L0,L1,·)
SKIP	w64:295	client RuntimeError: method->execute() failed with error 0x12 | [op_copy.cpp:33] Check failed (non_blocking == false):  [method.cpp:1480] KernelCall failed at instruction 0:0 in operator aten::copy.out: 0x12 [method.cpp:1490] arg 0 with type id 1 [method.cpp:1490] arg 1 with type id 1 [method.cpp:1490] arg 2 with type id 5 [method.cpp:1490] arg 3 with type id 1 [method.cpp:1490] arg 4 with type id 1	n0*=copy(L0,L1,·)
MISMATCH	w64:309	out[0] non-finite mismatch (nan/inf positions differ)	n0*=gelu.out(L0,·,·)
MISMATCH	w64:329	out[0] max|delta|=3.999e-01 (rtol=0.01 atol=0.001)	n0*=_native_batch_norm_legit.no_stats(L0,·,·,·,·,·)
SKIP	w64:331	client RuntimeError: method->execute() failed with error 0x12 | [normalization_ops_util.cpp:160] Check failed (in.size(0) == N):  [op_native_group_norm.cpp:139] Check failed (check_group_norm_args( input, weight, bias, N, C, HxW, group, out, mean_out, rstd_out)):  [method.cpp:1480] KernelCall failed at instruction 0:0 in operator aten::native_group_norm.out: 0x12 [method.cpp:1490] arg 0 with type id 1 [method.cpp:1490] arg 1 with type id 0 [method.cpp:1490] arg 2 with type id 0 [method.cpp:1490] arg 3 with type id 4 [method.cpp:1490] arg 4 with type id 4 [method.cpp:1490] arg 5 with type id 4 [method.cpp:1490] arg 6 with type id 4 [method.cpp:1490] arg 7 with type id 3 [method.cpp:1490] arg 8 with type id 1 [method.cpp:1490] arg 9 with type id 1 [method.cpp:1490] arg 10 with type id 1 [method.cpp:1490] arg 11 with type id 9	n0*=native_group_norm(L0,·,·,·,·,·,·,·)
SKIP	w64:334	client RuntimeError: method->execute() failed with error 0x12 | [tensor_util.h:617] Check failed (static_cast<size_t>(t.dim()) == rank): Expected tensor.dim() to be 2, but got 3 [distance_util.cpp:16] Check failed (tensor_is_rank(in, 2)):  [op_pdist_forward.cpp:25] Check failed (check_pdist_args(in, p, out)):  [method.cpp:1480] KernelCall failed at instruction 0:0 in operator aten::_pdist_forward.out: 0x12 [method.cpp:1490] arg 0 with type id 1 [method.cpp:1490] arg 1 with type id 3 [method.cpp:1490] arg 2 with type id 1 [method.cpp:1490] arg 3 with type id 1	n0*=_pdist_forward(L0,·)
SKIP	w64:362	client RuntimeError: method->execute() failed with error 0x12 | [tensor_util_portable.cpp:130] Check failed (all_contiguous || all_channels_last): 2 input tensors have different dim orders [op_fft_r2c.cpp:29] Check failed (tensors_have_same_dim_order(in, out)):  [method.cpp:1480] KernelCall failed at instruction 0:0 in operator aten::_fft_r2c.out: 0x12 [method.cpp:1490] arg 0 with type id 1 [method.cpp:1490] arg 1 with type id 8 [method.cpp:1490] arg 2 with type id 4 [method.cpp:1490] arg 3 with type id 5 [method.cpp:1490] arg 4 with type id 1 [method.cpp:1490] arg 5 with type id 1	n0*=_fft_r2c(L0,·,·,·)
MISMATCH	w64:405	out[0] non-finite mismatch (nan/inf positions differ)	n0*=_log_softmax.out(L0,·,·,·)
SKIP	w64:433	client RuntimeError: method->execute() failed with error 0x12 | [copy_ops_util.cpp:165] Check failed (implicit == false): This operator is not implemented for when implicit == true. [op_expand_copy.cpp:63] Check failed (check_expand_copy_args(self, expand_sizes, implicit, out)):  [method.cpp:1480] KernelCall failed at instruction 0:0 in operator aten::expand_copy.out: 0x12 [method.cpp:1490] arg 0 with type id 1 [method.cpp:1490] arg 1 with type id 8 [method.cpp:1490] arg 2 with type id 5 [method.cpp:1490] arg 3 with type id 1 [method.cpp:1490] arg 4 with type id 1	n0*=expand_copy(L0,·,·)
MISMATCH	w64:45	out[0] max|delta|=5.765e+17 (rtol=0.01 atol=0.001)	n0*=bitwise_left_shift.Tensor_Scalar_out(L0,·,·)
SKIP	w64:452	client RuntimeError: method->execute() failed with error 0x12 | [op_arange.cpp:55] Check failed (utils::extract_scalar(start, &d_start)):  [method.cpp:1480] KernelCall failed at instruction 0:0 in operator aten::arange.start_out: 0x12 [method.cpp:1490] arg 0 with type id 5 [method.cpp:1490] arg 1 with type id 5 [method.cpp:1490] arg 2 with type id 5 [method.cpp:1490] arg 3 with type id 1 [method.cpp:1490] arg 4 with type id 1	n0*=arange.start_out(·,·,·,·)
SKIP	w64:477	client RuntimeError: method->execute() failed with error 0x12 | [normalization_ops_util.cpp:160] Check failed (in.size(0) == N):  [op_native_group_norm.cpp:139] Check failed (check_group_norm_args( input, weight, bias, N, C, HxW, group, out, mean_out, rstd_out)):  [method.cpp:1480] KernelCall failed at instruction 0:0 in operator aten::native_group_norm.out: 0x12 [method.cpp:1490] arg 0 with type id 1 [method.cpp:1490] arg 1 with type id 0 [method.cpp:1490] arg 2 with type id 0 [method.cpp:1490] arg 3 with type id 4 [method.cpp:1490] arg 4 with type id 4 [method.cpp:1490] arg 5 with type id 4 [method.cpp:1490] arg 6 with type id 4 [method.cpp:1490] arg 7 with type id 3 [method.cpp:1490] arg 8 with type id 1 [method.cpp:1490] arg 9 with type id 1 [method.cpp:1490] arg 10 with type id 1 [method.cpp:1490] arg 11 with type id 9	n0*=native_group_norm(L0,·,·,·,·,·,·,·)
SKIP	w64:67	client RuntimeError: method->execute() failed with error 0x12 | [op_copy.cpp:33] Check failed (non_blocking == false):  [method.cpp:1480] KernelCall failed at instruction 0:0 in operator aten::copy.out: 0x12 [method.cpp:1490] arg 0 with type id 1 [method.cpp:1490] arg 1 with type id 1 [method.cpp:1490] arg 2 with type id 5 [method.cpp:1490] arg 3 with type id 1 [method.cpp:1490] arg 4 with type id 1	n0*=copy(L0,L1,·)
MISMATCH	w64:81	out[0] non-finite mismatch (nan/inf positions differ)	n0*=gelu.out(L0,·,·)
SKIP	w65:0	client RuntimeError: method->execute() failed with error 0x12 | [tensor_util.h:617] Check failed (static_cast<size_t>(t.dim()) == rank): Expected tensor.dim() to be 2, but got 3 [distance_util.cpp:16] Check failed (tensor_is_rank(in, 2)):  [op_pdist_forward.cpp:25] Check failed (check_pdist_args(in, p, out)):  [method.cpp:1480] KernelCall failed at instruction 0:0 in operator aten::_pdist_forward.out: 0x12 [method.cpp:1490] arg 0 with type id 1 [method.cpp:1490] arg 1 with type id 3 [method.cpp:1490] arg 2 with type id 1 [method.cpp:1490] arg 3 with type id 1	n0*=_pdist_forward(L0,·)
SKIP	w65:118	client RuntimeError: method->execute() failed with error 0x12 | [op_arange.cpp:55] Check failed (utils::extract_scalar(start, &d_start)):  [method.cpp:1480] KernelCall failed at instruction 0:0 in operator aten::arange.start_out: 0x12 [method.cpp:1490] arg 0 with type id 5 [method.cpp:1490] arg 1 with type id 5 [method.cpp:1490] arg 2 with type id 5 [method.cpp:1490] arg 3 with type id 1 [method.cpp:1490] arg 4 with type id 1	n0*=arange.start_out(·,·,·,·)
SKIP	w65:190	client RuntimeError: method->execute() failed with error 0x12 | [op_cat.cpp:88] Unhandled dtype Float8_e4m3fn for cat.out [method.cpp:1480] KernelCall failed at instruction 0:2 in operator aten::cat.out: 0x12 [method.cpp:1490] arg 0 with type id 9 [method.cpp:1490] arg 1 with type id 4 [method.cpp:1490] arg 2 with type id 1 [method.cpp:1490] arg 3 with type id 1	n0*=stack(·,·)
MISMATCH	w65:203	out[0] non-finite mismatch (nan/inf positions differ)	n0*=gelu.out(L0,·,·)
MISMATCH	w65:217	out[0] max|delta|=4.000e+00 (rtol=0.0 atol=0.0)	n0*=fmod.Scalar(L0,·)
SKIP	w65:225	client RuntimeError: method->execute() failed with error 0x12 | [normalization_ops_util.cpp:160] Check failed (in.size(0) == N):  [op_native_group_norm.cpp:139] Check failed (check_group_norm_args( input, weight, bias, N, C, HxW, group, out, mean_out, rstd_out)):  [method.cpp:1480] KernelCall failed at instruction 0:0 in operator aten::native_group_norm.out: 0x12 [method.cpp:1490] arg 0 with type id 1 [method.cpp:1490] arg 1 with type id 0 [method.cpp:1490] arg 2 with type id 0 [method.cpp:1490] arg 3 with type id 4 [method.cpp:1490] arg 4 with type id 4 [method.cpp:1490] arg 5 with type id 4 [method.cpp:1490] arg 6 with type id 4 [method.cpp:1490] arg 7 with type id 3 [method.cpp:1490] arg 8 with type id 1 [method.cpp:1490] arg 9 with type id 1 [method.cpp:1490] arg 10 with type id 1 [method.cpp:1490] arg 11 with type id 9	n0*=native_group_norm(L0,·,·,·,·,·,·,·)
SKIP	w65:256	client RuntimeError: method->execute() failed with error 0x12 | [op_fft_r2c.cpp:32] Check failed (onesided): onesided=False is not supported yet in _fft_r2c [method.cpp:1480] KernelCall failed at instruction 0:0 in operator aten::_fft_r2c.out: 0x12 [method.cpp:1490] arg 0 with type id 1 [method.cpp:1490] arg 1 with type id 8 [method.cpp:1490] arg 2 with type id 4 [method.cpp:1490] arg 3 with type id 5 [method.cpp:1490] arg 4 with type id 1 [method.cpp:1490] arg 5 with type id 1	n0*=_fft_r2c(L0,·,·,·)
MISMATCH	w65:319	out[0] max|delta|=7.206e+16 (rtol=0.0 atol=0.0)	n0*=bitwise_left_shift.Tensor_Scalar(L0,·)
SKIP	w65:346	client RuntimeError: method->execute() failed with error 0x12 | [op_arange.cpp:59] Check failed (utils::extract_scalar(end, &d_end)):  [method.cpp:1480] KernelCall failed at instruction 0:0 in operator aten::arange.start_out: 0x12 [method.cpp:1490] arg 0 with type id 3 [method.cpp:1490] arg 1 with type id 5 [method.cpp:1490] arg 2 with type id 5 [method.cpp:1490] arg 3 with type id 1 [method.cpp:1490] arg 4 with type id 1	n0*=arange.start_out(·,·,·,·)
MISMATCH	w65:363	out[0] non-finite mismatch (nan/inf positions differ)	n0*=grid_sampler_2d(L0,L1,·,·,·)
SKIP	w65:371	client RuntimeError: method->execute() failed with error 0x12 | [normalization_ops_util.cpp:160] Check failed (in.size(0) == N):  [op_native_group_norm.cpp:139] Check failed (check_group_norm_args( input, weight, bias, N, C, HxW, group, out, mean_out, rstd_out)):  [method.cpp:1480] KernelCall failed at instruction 0:0 in operator aten::native_group_norm.out: 0x12 [method.cpp:1490] arg 0 with type id 1 [method.cpp:1490] arg 1 with type id 0 [method.cpp:1490] arg 2 with type id 0 [method.cpp:1490] arg 3 with type id 4 [method.cpp:1490] arg 4 with type id 4 [method.cpp:1490] arg 5 with type id 4 [method.cpp:1490] arg 6 with type id 4 [method.cpp:1490] arg 7 with type id 3 [method.cpp:1490] arg 8 with type id 1 [method.cpp:1490] arg 9 with type id 1 [method.cpp:1490] arg 10 with type id 1 [method.cpp:1490] arg 11 with type id 9	n0*=native_group_norm(L0,·,·,·,·,·,·,·)
MISMATCH	w65:398	out[0] max|delta|=1.611e+09 (rtol=0.0 atol=0.0)	n0*=bitwise_left_shift.Tensor_out(L0,L1,·)
MISMATCH	w65:431	out[0] non-finite mismatch (nan/inf positions differ)	n0*=gelu.out(L0,·,·)
SKIP	w65:453	client RuntimeError: method->execute() failed with error 0x12 | [normalization_ops_util.cpp:160] Check failed (in.size(0) == N):  [op_native_group_norm.cpp:139] Check failed (check_group_norm_args( input, weight, bias, N, C, HxW, group, out, mean_out, rstd_out)):  [method.cpp:1480] KernelCall failed at instruction 0:0 in operator aten::native_group_norm.out: 0x12 [method.cpp:1490] arg 0 with type id 1 [method.cpp:1490] arg 1 with type id 0 [method.cpp:1490] arg 2 with type id 0 [method.cpp:1490] arg 3 with type id 4 [method.cpp:1490] arg 4 with type id 4 [method.cpp:1490] arg 5 with type id 4 [method.cpp:1490] arg 6 with type id 4 [method.cpp:1490] arg 7 with type id 3 [method.cpp:1490] arg 8 with type id 1 [method.cpp:1490] arg 9 with type id 1 [method.cpp:1490] arg 10 with type id 1 [method.cpp:1490] arg 11 with type id 9	n0*=native_group_norm(L0,·,·,·,·,·,·,·)
SKIP	w65:456	client RuntimeError: method->execute() failed with error 0x12 | [tensor_util.h:617] Check failed (static_cast<size_t>(t.dim()) == rank): Expected tensor.dim() to be 2, but got 1 [distance_util.cpp:16] Check failed (tensor_is_rank(in, 2)):  [op_pdist_forward.cpp:25] Check failed (check_pdist_args(in, p, out)):  [method.cpp:1480] KernelCall failed at instruction 0:0 in operator aten::_pdist_forward.out: 0x12 [method.cpp:1490] arg 0 with type id 1 [method.cpp:1490] arg 1 with type id 3 [method.cpp:1490] arg 2 with type id 1 [method.cpp:1490] arg 3 with type id 1	n0*=_pdist_forward(L0,·)
MISMATCH	w65:71	out[0] non-finite mismatch (nan/inf positions differ)	n0*=_log_softmax.out(L0,·,·,·)
SKIP	w65:99	client RuntimeError: method->execute() failed with error 0x12 | [copy_ops_util.cpp:165] Check failed (implicit == false): This operator is not implemented for when implicit == true. [op_expand_copy.cpp:63] Check failed (check_expand_copy_args(self, expand_sizes, implicit, out)):  [method.cpp:1480] KernelCall failed at instruction 0:0 in operator aten::expand_copy.out: 0x12 [method.cpp:1490] arg 0 with type id 1 [method.cpp:1490] arg 1 with type id 8 [method.cpp:1490] arg 2 with type id 5 [method.cpp:1490] arg 3 with type id 1 [method.cpp:1490] arg 4 with type id 1	n0*=expand_copy(L0,·,·)
SKIP	w66:0	client RuntimeError: method->execute() failed with error 0x12 | [op_add.cpp:118] Check failed ((common_type == a_type && check_alpha_type(utils::get_scalar_dtype(alpha), common_type))):  [method.cpp:1480] KernelCall failed at instruction 0:0 in operator aten::add.Scalar_out: 0x12 [method.cpp:1490] arg 0 with type id 1 [method.cpp:1490] arg 1 with type id 4 [method.cpp:1490] arg 2 with type id 4 [method.cpp:1490] arg 3 with type id 1 [method.cpp:1490] arg 4 with type id 1	n0*=add.Scalar(L0,·,·)
MISMATCH	w66:124	out[0] max|delta|=6.918e+18 (rtol=0.01 atol=0.001)	n0*=bitwise_left_shift.Tensor_out(L0,L1,·)
SKIP	w66:136	client RuntimeError: method->execute() failed with error 0x12 | [index_util.cpp:156] Check failed (index.scalar_type() == ScalarType::Long): Expected dtype int64 for index; index.scalar_type() = Int [op_scatter.cpp:113] Check failed (check_scatter_src_args(in, dim, index, src, out)):  [method.cpp:1480] KernelCall failed at instruction 0:0 in operator aten::scatter.src_out: 0x12 [method.cpp:1490] arg 0 with type id 1 [method.cpp:1490] arg 1 with type id 4 [method.cpp:1490] arg 2 with type id 1 [method.cpp:1490] arg 3 with type id 1 [method.cpp:1490] arg 4 with type id 1 [method.cpp:1490] arg 5 with type id 1	n0*=scatter.src_out(L0,·,L1,L2,·)
MISMATCH	w66:171	out[0] max|delta|=4.000e+00 (rtol=0.0 atol=0.0)	n0*=fmod.Scalar(L0,·)
SKIP	w66:179	client RuntimeError: method->execute() failed with error 0x12 | [normalization_ops_util.cpp:160] Check failed (in.size(0) == N):  [op_native_group_norm.cpp:139] Check failed (check_group_norm_args( input, weight, bias, N, C, HxW, group, out, mean_out, rstd_out)):  [method.cpp:1480] KernelCall failed at instruction 0:0 in operator aten::native_group_norm.out: 0x12 [method.cpp:1490] arg 0 with type id 1 [method.cpp:1490] arg 1 with type id 0 [method.cpp:1490] arg 2 with type id 0 [method.cpp:1490] arg 3 with type id 4 [method.cpp:1490] arg 4 with type id 4 [method.cpp:1490] arg 5 with type id 4 [method.cpp:1490] arg 6 with type id 4 [method.cpp:1490] arg 7 with type id 3 [method.cpp:1490] arg 8 with type id 1 [method.cpp:1490] arg 9 with type id 1 [method.cpp:1490] arg 10 with type id 1 [method.cpp:1490] arg 11 with type id 9	n0*=native_group_norm(L0,·,·,·,·,·,·,·)
SKIP	w66:182	client RuntimeError: method->execute() failed with error 0x12 | [tensor_util.h:617] Check failed (static_cast<size_t>(t.dim()) == rank): Expected tensor.dim() to be 2, but got 1 [distance_util.cpp:16] Check failed (tensor_is_rank(in, 2)):  [op_pdist_forward.cpp:25] Check failed (check_pdist_args(in, p, out)):  [method.cpp:1480] KernelCall failed at instruction 0:0 in operator aten::_pdist_forward.out: 0x12 [method.cpp:1490] arg 0 with type id 1 [method.cpp:1490] arg 1 with type id 3 [method.cpp:1490] arg 2 with type id 1 [method.cpp:1490] arg 3 with type id 1	n0*=_pdist_forward(L0,·)
SKIP	w66:253	client RuntimeError: method->execute() failed with error 0x12 | [op_log_softmax.cpp:152] Check failed (false):  [method.cpp:1480] KernelCall failed at instruction 0:0 in operator aten::_log_softmax.out: 0x12 [method.cpp:1490] arg 0 with type id 1 [method.cpp:1490] arg 1 with type id 4 [method.cpp:1490] arg 2 with type id 5 [method.cpp:1490] arg 3 with type id 1 [method.cpp:1490] arg 4 with type id 1	n0*=_log_softmax.out(L0,·,·,·)
SKIP	w66:275	client RuntimeError: method->execute() failed with error 0x12 | [index_util.cpp:156] Check failed (index.scalar_type() == ScalarType::Long): Expected dtype int64 for index; index.scalar_type() = Int [op_scatter_add.cpp:61] Check failed (check_scatter_add_args(self, dim, index, src, out)):  [method.cpp:1480] KernelCall failed at instruction 0:0 in operator aten::scatter_add.out: 0x12 [method.cpp:1490] arg 0 with type id 1 [method.cpp:1490] arg 1 with type id 4 [method.cpp:1490] arg 2 with type id 1 [method.cpp:1490] arg 3 with type id 1 [method.cpp:1490] arg 4 with type id 1 [method.cpp:1490] arg 5 with type id 1	n0*=scatter_add.out(L0,·,L1,L2,·)
SKIP	w66:281	client RuntimeError: method->execute() failed with error 0x12 | [copy_ops_util.cpp:165] Check failed (implicit == false): This operator is not implemented for when implicit == true. [op_expand_copy.cpp:63] Check failed (check_expand_copy_args(self, expand_sizes, implicit, out)):  [method.cpp:1480] KernelCall failed at instruction 0:0 in operator aten::expand_copy.out: 0x12 [method.cpp:1490] arg 0 with type id 1 [method.cpp:1490] arg 1 with type id 8 [method.cpp:1490] arg 2 with type id 5 [method.cpp:1490] arg 3 with type id 1 [method.cpp:1490] arg 4 with type id 1	n0*=expand_copy(L0,·,·)
SKIP	w66:300	client RuntimeError: method->execute() failed with error 0x12 | [op_arange.cpp:55] Check failed (utils::extract_scalar(start, &d_start)):  [method.cpp:1480] KernelCall failed at instruction 0:0 in operator aten::arange.start_out: 0x12 [method.cpp:1490] arg 0 with type id 5 [method.cpp:1490] arg 1 with type id 5 [method.cpp:1490] arg 2 with type id 3 [method.cpp:1490] arg 3 with type id 1 [method.cpp:1490] arg 4 with type id 1	n0*=arange.start_out(·,·,·,·)
SKIP	w66:47	client RuntimeError: method->execute() failed with error 0x12 | [index_util.cpp:156] Check failed (index.scalar_type() == ScalarType::Long): Expected dtype int64 for index; index.scalar_type() = Int [op_scatter_add.cpp:61] Check failed (check_scatter_add_args(self, dim, index, src, out)):  [method.cpp:1480] KernelCall failed at instruction 0:0 in operator aten::scatter_add.out: 0x12 [method.cpp:1490] arg 0 with type id 1 [method.cpp:1490] arg 1 with type id 4 [method.cpp:1490] arg 2 with type id 1 [method.cpp:1490] arg 3 with type id 1 [method.cpp:1490] arg 4 with type id 1 [method.cpp:1490] arg 5 with type id 1	n0*=scatter_add.out(L0,·,L1,L2,·)
SKIP	w66:72	client RuntimeError: method->execute() failed with error 0x12 | [op_arange.cpp:55] Check failed (utils::extract_scalar(start, &d_start)):  [method.cpp:1480] KernelCall failed at instruction 0:0 in operator aten::arange.start_out: 0x12 [method.cpp:1490] arg 0 with type id 5 [method.cpp:1490] arg 1 with type id 5 [method.cpp:1490] arg 2 with type id 3 [method.cpp:1490] arg 3 with type id 1 [method.cpp:1490] arg 4 with type id 1	n0*=arange.start_out(·,·,·,·)
SKIP	w66:97	client RuntimeError: method->execute() failed with error 0x12 | [normalization_ops_util.cpp:160] Check failed (in.size(0) == N):  [op_native_group_norm.cpp:139] Check failed (check_group_norm_args( input, weight, bias, N, C, HxW, group, out, mean_out, rstd_out)):  [method.cpp:1480] KernelCall failed at instruction 0:0 in operator aten::native_group_norm.out: 0x12 [method.cpp:1490] arg 0 with type id 1 [method.cpp:1490] arg 1 with type id 0 [method.cpp:1490] arg 2 with type id 0 [method.cpp:1490] arg 3 with type id 4 [method.cpp:1490] arg 4 with type id 4 [method.cpp:1490] arg 5 with type id 4 [method.cpp:1490] arg 6 with type id 4 [method.cpp:1490] arg 7 with type id 3 [method.cpp:1490] arg 8 with type id 1 [method.cpp:1490] arg 9 with type id 1 [method.cpp:1490] arg 10 with type id 1 [method.cpp:1490] arg 11 with type id 9	n0*=native_group_norm(L0,·,·,·,·,·,·,·)
SKIP	w67:11	client RuntimeError: method->execute() failed with error 0x12 | [normalization_ops_util.cpp:160] Check failed (in.size(0) == N):  [op_native_group_norm.cpp:139] Check failed (check_group_norm_args( input, weight, bias, N, C, HxW, group, out, mean_out, rstd_out)):  [method.cpp:1480] KernelCall failed at instruction 0:0 in operator aten::native_group_norm.out: 0x12 [method.cpp:1490] arg 0 with type id 1 [method.cpp:1490] arg 1 with type id 0 [method.cpp:1490] arg 2 with type id 0 [method.cpp:1490] arg 3 with type id 4 [method.cpp:1490] arg 4 with type id 4 [method.cpp:1490] arg 5 with type id 4 [method.cpp:1490] arg 6 with type id 4 [method.cpp:1490] arg 7 with type id 3 [method.cpp:1490] arg 8 with type id 1 [method.cpp:1490] arg 9 with type id 1 [method.cpp:1490] arg 10 with type id 1 [method.cpp:1490] arg 11 with type id 9	n0*=native_group_norm(L0,·,·,·,·,·,·,·)
SKIP	w67:167	client RuntimeError: method->execute() failed with error 0x12 | [op_log_softmax.cpp:152] Check failed (false):  [method.cpp:1480] KernelCall failed at instruction 0:0 in operator aten::_log_softmax.out: 0x12 [method.cpp:1490] arg 0 with type id 1 [method.cpp:1490] arg 1 with type id 4 [method.cpp:1490] arg 2 with type id 5 [method.cpp:1490] arg 3 with type id 1 [method.cpp:1490] arg 4 with type id 1	n0*=_log_softmax.out(L0,·,·,·)
MISMATCH	w67:187	out[0] max|delta|=1.441e+17 (rtol=0.0 atol=0.0)	n0*=bitwise_left_shift.Tensor_Scalar(L0,·)
SKIP	w67:189	client RuntimeError: method->execute() failed with error 0x12 | [index_util.cpp:156] Check failed (index.scalar_type() == ScalarType::Long): Expected dtype int64 for index; index.scalar_type() = Int [op_scatter_add.cpp:61] Check failed (check_scatter_add_args(self, dim, index, src, out)):  [method.cpp:1480] KernelCall failed at instruction 0:0 in operator aten::scatter_add.out: 0x12 [method.cpp:1490] arg 0 with type id 1 [method.cpp:1490] arg 1 with type id 4 [method.cpp:1490] arg 2 with type id 1 [method.cpp:1490] arg 3 with type id 1 [method.cpp:1490] arg 4 with type id 1 [method.cpp:1490] arg 5 with type id 1	n0*=scatter_add.out(L0,·,L1,L2,·)
SKIP	w67:195	client RuntimeError: method->execute() failed with error 0x12 | [copy_ops_util.cpp:165] Check failed (implicit == false): This operator is not implemented for when implicit == true. [op_expand_copy.cpp:63] Check failed (check_expand_copy_args(self, expand_sizes, implicit, out)):  [method.cpp:1480] KernelCall failed at instruction 0:0 in operator aten::expand_copy.out: 0x12 [method.cpp:1490] arg 0 with type id 1 [method.cpp:1490] arg 1 with type id 8 [method.cpp:1490] arg 2 with type id 5 [method.cpp:1490] arg 3 with type id 1 [method.cpp:1490] arg 4 with type id 1	n0*=expand_copy(L0,·,·)
MISMATCH	w67:209	out[0] max|delta|=8.000e+00 (rtol=0.01 atol=0.001)	n0*=remainder.Scalar_out(L0,·,·)
SKIP	w67:214	client RuntimeError: method->execute() failed with error 0x12 | [op_arange.cpp:55] Check failed (utils::extract_scalar(start, &d_start)):  [method.cpp:1480] KernelCall failed at instruction 0:0 in operator aten::arange.start_out: 0x12 [method.cpp:1490] arg 0 with type id 5 [method.cpp:1490] arg 1 with type id 5 [method.cpp:1490] arg 2 with type id 5 [method.cpp:1490] arg 3 with type id 1 [method.cpp:1490] arg 4 with type id 1	n0*=arange.start_out(·,·,·,·)
SKIP	w67:239	client RuntimeError: method->execute() failed with error 0x12 | [normalization_ops_util.cpp:160] Check failed (in.size(0) == N):  [op_native_group_norm.cpp:139] Check failed (check_group_norm_args( input, weight, bias, N, C, HxW, group, out, mean_out, rstd_out)):  [method.cpp:1480] KernelCall failed at instruction 0:0 in operator aten::native_group_norm.out: 0x12 [method.cpp:1490] arg 0 with type id 1 [method.cpp:1490] arg 1 with type id 0 [method.cpp:1490] arg 2 with type id 0 [method.cpp:1490] arg 3 with type id 4 [method.cpp:1490] arg 4 with type id 4 [method.cpp:1490] arg 5 with type id 4 [method.cpp:1490] arg 6 with type id 4 [method.cpp:1490] arg 7 with type id 3 [method.cpp:1490] arg 8 with type id 1 [method.cpp:1490] arg 9 with type id 1 [method.cpp:1490] arg 10 with type id 1 [method.cpp:1490] arg 11 with type id 9	n0*=native_group_norm(L0,·,·,·,·,·,·,·)
MISMATCH	w67:266	out[0] max|delta|=9.223e+18 (rtol=0.0 atol=0.0)	n0*=bitwise_left_shift.Tensor_out(L0,L1,·)
SKIP	w67:285	client RuntimeError: method->execute() failed with error 0x12 | [op_copy.cpp:33] Check failed (non_blocking == false):  [method.cpp:1480] KernelCall failed at instruction 0:0 in operator aten::copy.out: 0x12 [method.cpp:1490] arg 0 with type id 1 [method.cpp:1490] arg 1 with type id 1 [method.cpp:1490] arg 2 with type id 5 [method.cpp:1490] arg 3 with type id 1 [method.cpp:1490] arg 4 with type id 1	n0*=copy(L0,L1,·)
MISMATCH	w67:299	out[0] non-finite mismatch (nan/inf positions differ)	n0*=gelu.out(L0,·,·)
MISMATCH	w67:3	out[0] non-finite mismatch (nan/inf positions differ)	n0*=grid_sampler_2d(L0,L1,·,·,·)
SKIP	w67:321	client RuntimeError: method->execute() failed with error 0x12 | [normalization_ops_util.cpp:160] Check failed (in.size(0) == N):  [op_native_group_norm.cpp:139] Check failed (check_group_norm_args( input, weight, bias, N, C, HxW, group, out, mean_out, rstd_out)):  [method.cpp:1480] KernelCall failed at instruction 0:0 in operator aten::native_group_norm.out: 0x12 [method.cpp:1490] arg 0 with type id 1 [method.cpp:1490] arg 1 with type id 0 [method.cpp:1490] arg 2 with type id 0 [method.cpp:1490] arg 3 with type id 4 [method.cpp:1490] arg 4 with type id 4 [method.cpp:1490] arg 5 with type id 4 [method.cpp:1490] arg 6 with type id 4 [method.cpp:1490] arg 7 with type id 3 [method.cpp:1490] arg 8 with type id 1 [method.cpp:1490] arg 9 with type id 1 [method.cpp:1490] arg 10 with type id 1 [method.cpp:1490] arg 11 with type id 9	n0*=native_group_norm(L0,·,·,·,·,·,·,·)
SKIP	w67:324	client RuntimeError: method->execute() failed with error 0x12 | [tensor_util.h:617] Check failed (static_cast<size_t>(t.dim()) == rank): Expected tensor.dim() to be 2, but got 3 [distance_util.cpp:16] Check failed (tensor_is_rank(in, 2)):  [op_pdist_forward.cpp:25] Check failed (check_pdist_args(in, p, out)):  [method.cpp:1480] KernelCall failed at instruction 0:0 in operator aten::_pdist_forward.out: 0x12 [method.cpp:1490] arg 0 with type id 1 [method.cpp:1490] arg 1 with type id 3 [method.cpp:1490] arg 2 with type id 1 [method.cpp:1490] arg 3 with type id 1	n0*=_pdist_forward(L0,·)
SKIP	w67:352	client RuntimeError: method->execute() failed with error 0x12 | [tensor_util_portable.cpp:130] Check failed (all_contiguous || all_channels_last): 2 input tensors have different dim orders [op_fft_r2c.cpp:29] Check failed (tensors_have_same_dim_order(in, out)):  [method.cpp:1480] KernelCall failed at instruction 0:0 in operator aten::_fft_r2c.out: 0x12 [method.cpp:1490] arg 0 with type id 1 [method.cpp:1490] arg 1 with type id 8 [method.cpp:1490] arg 2 with type id 4 [method.cpp:1490] arg 3 with type id 5 [method.cpp:1490] arg 4 with type id 1 [method.cpp:1490] arg 5 with type id 1	n0*=_fft_r2c(L0,·,·,·)
MISMATCH	w67:38	out[0] max|delta|=2.147e+09 (rtol=0.0 atol=0.0)	n0*=bitwise_left_shift.Tensor_out(L0,L1,·)
SKIP	w67:395	client RuntimeError: method->execute() failed with error 0x12 | [op_log_softmax.cpp:152] Check failed (false):  [method.cpp:1480] KernelCall failed at instruction 0:0 in operator aten::_log_softmax.out: 0x12 [method.cpp:1490] arg 0 with type id 1 [method.cpp:1490] arg 1 with type id 4 [method.cpp:1490] arg 2 with type id 5 [method.cpp:1490] arg 3 with type id 1 [method.cpp:1490] arg 4 with type id 1	n0*=_log_softmax.out(L0,·,·,·)
SKIP	w67:417	client RuntimeError: method->execute() failed with error 0x12 | [index_util.cpp:156] Check failed (index.scalar_type() == ScalarType::Long): Expected dtype int64 for index; index.scalar_type() = Int [op_scatter_add.cpp:61] Check failed (check_scatter_add_args(self, dim, index, src, out)):  [method.cpp:1480] KernelCall failed at instruction 0:0 in operator aten::scatter_add.out: 0x12 [method.cpp:1490] arg 0 with type id 1 [method.cpp:1490] arg 1 with type id 4 [method.cpp:1490] arg 2 with type id 1 [method.cpp:1490] arg 3 with type id 1 [method.cpp:1490] arg 4 with type id 1 [method.cpp:1490] arg 5 with type id 1	n0*=scatter_add.out(L0,·,L1,L2,·)
SKIP	w67:442	client RuntimeError: method->execute() failed with error 0x12 | [op_arange.cpp:55] Check failed (utils::extract_scalar(start, &d_start)):  [method.cpp:1480] KernelCall failed at instruction 0:0 in operator aten::arange.start_out: 0x12 [method.cpp:1490] arg 0 with type id 5 [method.cpp:1490] arg 1 with type id 5 [method.cpp:1490] arg 2 with type id 5 [method.cpp:1490] arg 3 with type id 1 [method.cpp:1490] arg 4 with type id 1	n0*=arange.start_out(·,·,·,·)
SKIP	w67:467	client RuntimeError: method->execute() failed with error 0x12 | [normalization_ops_util.cpp:160] Check failed (in.size(0) == N):  [op_native_group_norm.cpp:139] Check failed (check_group_norm_args( input, weight, bias, N, C, HxW, group, out, mean_out, rstd_out)):  [method.cpp:1480] KernelCall failed at instruction 0:0 in operator aten::native_group_norm.out: 0x12 [method.cpp:1490] arg 0 with type id 1 [method.cpp:1490] arg 1 with type id 0 [method.cpp:1490] arg 2 with type id 0 [method.cpp:1490] arg 3 with type id 4 [method.cpp:1490] arg 4 with type id 4 [method.cpp:1490] arg 5 with type id 4 [method.cpp:1490] arg 6 with type id 4 [method.cpp:1490] arg 7 with type id 3 [method.cpp:1490] arg 8 with type id 1 [method.cpp:1490] arg 9 with type id 1 [method.cpp:1490] arg 10 with type id 1 [method.cpp:1490] arg 11 with type id 9	n0*=native_group_norm(L0,·,·,·,·,·,·,·)
SKIP	w67:57	client RuntimeError: method->execute() failed with error 0x12 | [op_copy.cpp:33] Check failed (non_blocking == false):  [method.cpp:1480] KernelCall failed at instruction 0:0 in operator aten::copy.out: 0x12 [method.cpp:1490] arg 0 with type id 1 [method.cpp:1490] arg 1 with type id 1 [method.cpp:1490] arg 2 with type id 5 [method.cpp:1490] arg 3 with type id 1 [method.cpp:1490] arg 4 with type id 1	n0*=copy(L0,L1,·)
MISMATCH	w67:71	out[0] non-finite mismatch (nan/inf positions differ)	n0*=gelu.out(L0,·,·)
SKIP	w67:93	client RuntimeError: method->execute() failed with error 0x12 | [normalization_ops_util.cpp:160] Check failed (in.size(0) == N):  [op_native_group_norm.cpp:139] Check failed (check_group_norm_args( input, weight, bias, N, C, HxW, group, out, mean_out, rstd_out)):  [method.cpp:1480] KernelCall failed at instruction 0:0 in operator aten::native_group_norm.out: 0x12 [method.cpp:1490] arg 0 with type id 1 [method.cpp:1490] arg 1 with type id 0 [method.cpp:1490] arg 2 with type id 0 [method.cpp:1490] arg 3 with type id 4 [method.cpp:1490] arg 4 with type id 4 [method.cpp:1490] arg 5 with type id 4 [method.cpp:1490] arg 6 with type id 4 [method.cpp:1490] arg 7 with type id 3 [method.cpp:1490] arg 8 with type id 1 [method.cpp:1490] arg 9 with type id 1 [method.cpp:1490] arg 10 with type id 1 [method.cpp:1490] arg 11 with type id 9	n0*=native_group_norm(L0,·,·,·,·,·,·,·)
SKIP	w67:96	client RuntimeError: method->execute() failed with error 0x12 | [tensor_util.h:617] Check failed (static_cast<size_t>(t.dim()) == rank): Expected tensor.dim() to be 2, but got 3 [distance_util.cpp:16] Check failed (tensor_is_rank(in, 2)):  [op_pdist_forward.cpp:25] Check failed (check_pdist_args(in, p, out)):  [method.cpp:1480] KernelCall failed at instruction 0:0 in operator aten::_pdist_forward.out: 0x12 [method.cpp:1490] arg 0 with type id 1 [method.cpp:1490] arg 1 with type id 3 [method.cpp:1490] arg 2 with type id 1 [method.cpp:1490] arg 3 with type id 1	n0*=_pdist_forward(L0,·)
SKIP	w68:10	client RuntimeError: method->execute() failed with error 0x12 | [index_util.cpp:156] Check failed (index.scalar_type() == ScalarType::Long): Expected dtype int64 for index; index.scalar_type() = Int [op_scatter_add.cpp:61] Check failed (check_scatter_add_args(self, dim, index, src, out)):  [method.cpp:1480] KernelCall failed at instruction 0:0 in operator aten::scatter_add.out: 0x12 [method.cpp:1490] arg 0 with type id 1 [method.cpp:1490] arg 1 with type id 4 [method.cpp:1490] arg 2 with type id 1 [method.cpp:1490] arg 3 with type id 1 [method.cpp:1490] arg 4 with type id 1 [method.cpp:1490] arg 5 with type id 1	n0*=scatter_add.out(L0,·,L1,L2,·)
MISMATCH	w68:120	out[0] non-finite mismatch (nan/inf positions differ)	n0*=gelu.out(L0,·,·)
MISMATCH	w68:133	out[0] max|delta|=4.000e+00 (rtol=0.0 atol=0.0)	n0*=remainder.Tensor_out(L0,L1,·)
SKIP	w68:142	client RuntimeError: method->execute() failed with error 0x12 | [normalization_ops_util.cpp:160] Check failed (in.size(0) == N):  [op_native_group_norm.cpp:139] Check failed (check_group_norm_args( input, weight, bias, N, C, HxW, group, out, mean_out, rstd_out)):  [method.cpp:1480] KernelCall failed at instruction 0:0 in operator aten::native_group_norm.out: 0x12 [method.cpp:1490] arg 0 with type id 1 [method.cpp:1490] arg 1 with type id 0 [method.cpp:1490] arg 2 with type id 0 [method.cpp:1490] arg 3 with type id 4 [method.cpp:1490] arg 4 with type id 4 [method.cpp:1490] arg 5 with type id 4 [method.cpp:1490] arg 6 with type id 4 [method.cpp:1490] arg 7 with type id 3 [method.cpp:1490] arg 8 with type id 1 [method.cpp:1490] arg 9 with type id 1 [method.cpp:1490] arg 10 with type id 1 [method.cpp:1490] arg 11 with type id 9	n0*=native_group_norm(L0,·,·,·,·,·,·,·)
SKIP	w68:173	client RuntimeError: method->execute() failed with error 0x12 | [tensor_util_portable.cpp:130] Check failed (all_contiguous || all_channels_last): 2 input tensors have different dim orders [op_fft_r2c.cpp:29] Check failed (tensors_have_same_dim_order(in, out)):  [method.cpp:1480] KernelCall failed at instruction 0:0 in operator aten::_fft_r2c.out: 0x12 [method.cpp:1490] arg 0 with type id 1 [method.cpp:1490] arg 1 with type id 8 [method.cpp:1490] arg 2 with type id 4 [method.cpp:1490] arg 3 with type id 5 [method.cpp:1490] arg 4 with type id 1 [method.cpp:1490] arg 5 with type id 1	n0*=_fft_r2c(L0,·,·,·)
SKIP	w68:191	client RuntimeError: method->execute() failed with error 0x12 | [op_add.cpp:118] Check failed ((common_type == a_type && check_alpha_type(utils::get_scalar_dtype(alpha), common_type))):  [method.cpp:1480] KernelCall failed at instruction 0:0 in operator aten::add.Scalar_out: 0x12 [method.cpp:1490] arg 0 with type id 1 [method.cpp:1490] arg 1 with type id 4 [method.cpp:1490] arg 2 with type id 4 [method.cpp:1490] arg 3 with type id 1 [method.cpp:1490] arg 4 with type id 1	n0*=add.Scalar(L0,·,·)
SKIP	w68:216	client RuntimeError: method->execute() failed with error 0x12 | [op_log_softmax.cpp:152] Check failed (false):  [method.cpp:1480] KernelCall failed at instruction 0:0 in operator aten::_log_softmax.out: 0x12 [method.cpp:1490] arg 0 with type id 1 [method.cpp:1490] arg 1 with type id 4 [method.cpp:1490] arg 2 with type id 5 [method.cpp:1490] arg 3 with type id 1 [method.cpp:1490] arg 4 with type id 1	n0*=_log_softmax.out(L0,·,·,·)
SKIP	w68:244	client RuntimeError: method->execute() failed with error 0x12 | [copy_ops_util.cpp:165] Check failed (implicit == false): This operator is not implemented for when implicit == true. [op_expand_copy.cpp:63] Check failed (check_expand_copy_args(self, expand_sizes, implicit, out)):  [method.cpp:1480] KernelCall failed at instruction 0:0 in operator aten::expand_copy.out: 0x12 [method.cpp:1490] arg 0 with type id 1 [method.cpp:1490] arg 1 with type id 8 [method.cpp:1490] arg 2 with type id 5 [method.cpp:1490] arg 3 with type id 1 [method.cpp:1490] arg 4 with type id 1	n0*=expand_copy(L0,·,·)
SKIP	w68:263	client RuntimeError: method->execute() failed with error 0x12 | [op_arange.cpp:55] Check failed (utils::extract_scalar(start, &d_start)):  [method.cpp:1480] KernelCall failed at instruction 0:0 in operator aten::arange.start_out: 0x12 [method.cpp:1490] arg 0 with type id 5 [method.cpp:1490] arg 1 with type id 5 [method.cpp:1490] arg 2 with type id 4 [method.cpp:1490] arg 3 with type id 1 [method.cpp:1490] arg 4 with type id 1	n0*=arange.start_out(·,·,·,·)
MISMATCH	w68:288	out[0] non-finite mismatch (nan/inf positions differ)	n0*=native_group_norm(L0,·,·,·,·,·,·,·)
MISMATCH	w68:315	out[0] non-finite mismatch (nan/inf positions differ)	n0*=bitwise_left_shift.Tensor_out(L0,L1,·)
SKIP	w68:334	client RuntimeError: method->execute() failed with error 0x12 | [op_copy.cpp:33] Check failed (non_blocking == false):  [method.cpp:1480] KernelCall failed at instruction 0:0 in operator aten::copy.out: 0x12 [method.cpp:1490] arg 0 with type id 1 [method.cpp:1490] arg 1 with type id 1 [method.cpp:1490] arg 2 with type id 5 [method.cpp:1490] arg 3 with type id 1 [method.cpp:1490] arg 4 with type id 1	n0*=copy(L0,L1,·)
MISMATCH	w68:348	out[0] non-finite mismatch (nan/inf positions differ)	n0*=gelu.out(L0,·,·)
SKIP	w68:35	client RuntimeError: method->execute() failed with error 0x12 | [op_arange.cpp:55] Check failed (utils::extract_scalar(start, &d_start)):  [method.cpp:1480] KernelCall failed at instruction 0:0 in operator aten::arange.start_out: 0x12 [method.cpp:1490] arg 0 with type id 5 [method.cpp:1490] arg 1 with type id 5 [method.cpp:1490] arg 2 with type id 4 [method.cpp:1490] arg 3 with type id 1 [method.cpp:1490] arg 4 with type id 1	n0*=arange.start_out(·,·,·,·)
MISMATCH	w68:361	out[0] max|delta|=3.000e+00 (rtol=0.0 atol=0.0)	n0*=remainder.Tensor_out(L0,L1,·)
MISMATCH	w68:368	out[0] max|delta|=3.999e-01 (rtol=0.01 atol=0.001)	n0*=_native_batch_norm_legit.no_stats(L0,·,·,·,·,·)
SKIP	w68:370	client RuntimeError: method->execute() failed with error 0x12 | [normalization_ops_util.cpp:160] Check failed (in.size(0) == N):  [op_native_group_norm.cpp:139] Check failed (check_group_norm_args( input, weight, bias, N, C, HxW, group, out, mean_out, rstd_out)):  [method.cpp:1480] KernelCall failed at instruction 0:0 in operator aten::native_group_norm.out: 0x12 [method.cpp:1490] arg 0 with type id 1 [method.cpp:1490] arg 1 with type id 0 [method.cpp:1490] arg 2 with type id 0 [method.cpp:1490] arg 3 with type id 4 [method.cpp:1490] arg 4 with type id 4 [method.cpp:1490] arg 5 with type id 4 [method.cpp:1490] arg 6 with type id 4 [method.cpp:1490] arg 7 with type id 3 [method.cpp:1490] arg 8 with type id 1 [method.cpp:1490] arg 9 with type id 1 [method.cpp:1490] arg 10 with type id 1 [method.cpp:1490] arg 11 with type id 9	n0*=native_group_norm(L0,·,·,·,·,·,·,·)
SKIP	w68:60	client RuntimeError: method->execute() failed with error 0x12 | [normalization_ops_util.cpp:160] Check failed (in.size(0) == N):  [op_native_group_norm.cpp:139] Check failed (check_group_norm_args( input, weight, bias, N, C, HxW, group, out, mean_out, rstd_out)):  [method.cpp:1480] KernelCall failed at instruction 0:0 in operator aten::native_group_norm.out: 0x12 [method.cpp:1490] arg 0 with type id 1 [method.cpp:1490] arg 1 with type id 0 [method.cpp:1490] arg 2 with type id 0 [method.cpp:1490] arg 3 with type id 4 [method.cpp:1490] arg 4 with type id 4 [method.cpp:1490] arg 5 with type id 4 [method.cpp:1490] arg 6 with type id 4 [method.cpp:1490] arg 7 with type id 3 [method.cpp:1490] arg 8 with type id 1 [method.cpp:1490] arg 9 with type id 1 [method.cpp:1490] arg 10 with type id 1 [method.cpp:1490] arg 11 with type id 9	n0*=native_group_norm(L0,·,·,·,·,·,·,·)
MISMATCH	w69:10	out[0] non-finite mismatch (nan/inf positions differ)	n0*=grid_sampler_2d(L0,L1,·,·,·)
SKIP	w69:100	client RuntimeError: method->execute() failed with error 0x12 | [normalization_ops_util.cpp:160] Check failed (in.size(0) == N):  [op_native_group_norm.cpp:139] Check failed (check_group_norm_args( input, weight, bias, N, C, HxW, group, out, mean_out, rstd_out)):  [method.cpp:1480] KernelCall failed at instruction 0:0 in operator aten::native_group_norm.out: 0x12 [method.cpp:1490] arg 0 with type id 1 [method.cpp:1490] arg 1 with type id 0 [method.cpp:1490] arg 2 with type id 0 [method.cpp:1490] arg 3 with type id 4 [method.cpp:1490] arg 4 with type id 4 [method.cpp:1490] arg 5 with type id 4 [method.cpp:1490] arg 6 with type id 4 [method.cpp:1490] arg 7 with type id 3 [method.cpp:1490] arg 8 with type id 1 [method.cpp:1490] arg 9 with type id 1 [method.cpp:1490] arg 10 with type id 1 [method.cpp:1490] arg 11 with type id 9	n0*=native_group_norm(L0,·,·,·,·,·,·,·)
SKIP	w69:103	client RuntimeError: method->execute() failed with error 0x12 | [tensor_util.h:617] Check failed (static_cast<size_t>(t.dim()) == rank): Expected tensor.dim() to be 2, but got 1 [distance_util.cpp:16] Check failed (tensor_is_rank(in, 2)):  [op_pdist_forward.cpp:25] Check failed (check_pdist_args(in, p, out)):  [method.cpp:1480] KernelCall failed at instruction 0:0 in operator aten::_pdist_forward.out: 0x12 [method.cpp:1490] arg 0 with type id 1 [method.cpp:1490] arg 1 with type id 3 [method.cpp:1490] arg 2 with type id 1 [method.cpp:1490] arg 3 with type id 1	n0*=_pdist_forward(L0,·)
SKIP	w69:149	client RuntimeError: method->execute() failed with error 0x12 | [op_add.cpp:118] Check failed ((common_type == a_type && check_alpha_type(utils::get_scalar_dtype(alpha), common_type))):  [method.cpp:1480] KernelCall failed at instruction 0:0 in operator aten::add.Scalar_out: 0x12 [method.cpp:1490] arg 0 with type id 1 [method.cpp:1490] arg 1 with type id 4 [method.cpp:1490] arg 2 with type id 4 [method.cpp:1490] arg 3 with type id 1 [method.cpp:1490] arg 4 with type id 1	n0*=add.Scalar(L0,·,·)
SKIP	w69:174	client RuntimeError: method->execute() failed with error 0x12 | [op_log_softmax.cpp:152] Check failed (false):  [method.cpp:1480] KernelCall failed at instruction 0:0 in operator aten::_log_softmax.out: 0x12 [method.cpp:1490] arg 0 with type id 1 [method.cpp:1490] arg 1 with type id 4 [method.cpp:1490] arg 2 with type id 5 [method.cpp:1490] arg 3 with type id 1 [method.cpp:1490] arg 4 with type id 1	n0*=_log_softmax.out(L0,·,·,·)
SKIP	w69:18	client RuntimeError: method->execute() failed with error 0x12 | [normalization_ops_util.cpp:160] Check failed (in.size(0) == N):  [op_native_group_norm.cpp:139] Check failed (check_group_norm_args( input, weight, bias, N, C, HxW, group, out, mean_out, rstd_out)):  [method.cpp:1480] KernelCall failed at instruction 0:0 in operator aten::native_group_norm.out: 0x12 [method.cpp:1490] arg 0 with type id 1 [method.cpp:1490] arg 1 with type id 0 [method.cpp:1490] arg 2 with type id 0 [method.cpp:1490] arg 3 with type id 4 [method.cpp:1490] arg 4 with type id 4 [method.cpp:1490] arg 5 with type id 4 [method.cpp:1490] arg 6 with type id 4 [method.cpp:1490] arg 7 with type id 3 [method.cpp:1490] arg 8 with type id 1 [method.cpp:1490] arg 9 with type id 1 [method.cpp:1490] arg 10 with type id 1 [method.cpp:1490] arg 11 with type id 9	n0*=native_group_norm(L0,·,·,·,·,·,·,·)
SKIP	w69:202	client RuntimeError: method->execute() failed with error 0x12 | [copy_ops_util.cpp:165] Check failed (implicit == false): This operator is not implemented for when implicit == true. [op_expand_copy.cpp:63] Check failed (check_expand_copy_args(self, expand_sizes, implicit, out)):  [method.cpp:1480] KernelCall failed at instruction 0:0 in operator aten::expand_copy.out: 0x12 [method.cpp:1490] arg 0 with type id 1 [method.cpp:1490] arg 1 with type id 8 [method.cpp:1490] arg 2 with type id 5 [method.cpp:1490] arg 3 with type id 1 [method.cpp:1490] arg 4 with type id 1	n0*=expand_copy(L0,·,·)
SKIP	w69:221	client RuntimeError: method->execute() failed with error 0x12 | [op_arange.cpp:55] Check failed (utils::extract_scalar(start, &d_start)):  [method.cpp:1480] KernelCall failed at instruction 0:0 in operator aten::arange.start_out: 0x12 [method.cpp:1490] arg 0 with type id 5 [method.cpp:1490] arg 1 with type id 5 [method.cpp:1490] arg 2 with type id 5 [method.cpp:1490] arg 3 with type id 1 [method.cpp:1490] arg 4 with type id 1	n0*=arange.start_out(·,·,·,·)
SKIP	w69:246	client RuntimeError: method->execute() failed with error 0x12 | [normalization_ops_util.cpp:160] Check failed (in.size(0) == N):  [op_native_group_norm.cpp:139] Check failed (check_group_norm_args( input, weight, bias, N, C, HxW, group, out, mean_out, rstd_out)):  [method.cpp:1480] KernelCall failed at instruction 0:0 in operator aten::native_group_norm.out: 0x12 [method.cpp:1490] arg 0 with type id 1 [method.cpp:1490] arg 1 with type id 0 [method.cpp:1490] arg 2 with type id 0 [method.cpp:1490] arg 3 with type id 4 [method.cpp:1490] arg 4 with type id 4 [method.cpp:1490] arg 5 with type id 4 [method.cpp:1490] arg 6 with type id 4 [method.cpp:1490] arg 7 with type id 3 [method.cpp:1490] arg 8 with type id 1 [method.cpp:1490] arg 9 with type id 1 [method.cpp:1490] arg 10 with type id 1 [method.cpp:1490] arg 11 with type id 9	n0*=native_group_norm(L0,·,·,·,·,·,·,·)
MISMATCH	w69:270	out[0] max|delta|=2.306e+18 (rtol=0.01 atol=0.001)	n0*=bitwise_left_shift.Tensor_Scalar_out(L0,·,·)
MISMATCH	w69:273	out[0] max|delta|=9.223e+18 (rtol=0.01 atol=0.001)	n0*=bitwise_left_shift.Tensor_out(L0,L1,·)
SKIP	w69:292	client RuntimeError: method->execute() failed with error 0x12 | [op_copy.cpp:33] Check failed (non_blocking == false):  [method.cpp:1480] KernelCall failed at instruction 0:0 in operator aten::copy.out: 0x12 [method.cpp:1490] arg 0 with type id 1 [method.cpp:1490] arg 1 with type id 1 [method.cpp:1490] arg 2 with type id 5 [method.cpp:1490] arg 3 with type id 1 [method.cpp:1490] arg 4 with type id 1	n0*=copy(L0,L1,·)
SKIP	w69:293	client RuntimeError: method->execute() failed with error 0x12 | [op_cat.cpp:88] Unhandled dtype Float8_e4m3fn for cat.out [method.cpp:1480] KernelCall failed at instruction 0:1 in operator aten::cat.out: 0x12 [method.cpp:1490] arg 0 with type id 9 [method.cpp:1490] arg 1 with type id 4 [method.cpp:1490] arg 2 with type id 1 [method.cpp:1490] arg 3 with type id 1	n0*=stack(·,·)
MISMATCH	w69:306	out[0] non-finite mismatch (nan/inf positions differ)	n0*=gelu.out(L0,·,·)
SKIP	w69:328	client RuntimeError: method->execute() failed with error 0x12 | [normalization_ops_util.cpp:160] Check failed (in.size(0) == N):  [op_native_group_norm.cpp:139] Check failed (check_group_norm_args( input, weight, bias, N, C, HxW, group, out, mean_out, rstd_out)):  [method.cpp:1480] KernelCall failed at instruction 0:0 in operator aten::native_group_norm.out: 0x12 [method.cpp:1490] arg 0 with type id 1 [method.cpp:1490] arg 1 with type id 0 [method.cpp:1490] arg 2 with type id 0 [method.cpp:1490] arg 3 with type id 4 [method.cpp:1490] arg 4 with type id 4 [method.cpp:1490] arg 5 with type id 4 [method.cpp:1490] arg 6 with type id 4 [method.cpp:1490] arg 7 with type id 3 [method.cpp:1490] arg 8 with type id 1 [method.cpp:1490] arg 9 with type id 1 [method.cpp:1490] arg 10 with type id 1 [method.cpp:1490] arg 11 with type id 9	n0*=native_group_norm(L0,·,·,·,·,·,·,·)
SKIP	w69:331	client RuntimeError: method->execute() failed with error 0x12 | [tensor_util.h:617] Check failed (static_cast<size_t>(t.dim()) == rank): Expected tensor.dim() to be 2, but got 1 [distance_util.cpp:16] Check failed (tensor_is_rank(in, 2)):  [op_pdist_forward.cpp:25] Check failed (check_pdist_args(in, p, out)):  [method.cpp:1480] KernelCall failed at instruction 0:0 in operator aten::_pdist_forward.out: 0x12 [method.cpp:1490] arg 0 with type id 1 [method.cpp:1490] arg 1 with type id 3 [method.cpp:1490] arg 2 with type id 1 [method.cpp:1490] arg 3 with type id 1	n0*=_pdist_forward(L0,·)
MISMATCH	w69:42	out[0] max|delta|=2.162e+17 (rtol=0.0 atol=0.0)	n0*=bitwise_left_shift.Tensor_Scalar_out(L0,·,·)
SKIP	w69:64	client RuntimeError: method->execute() failed with error 0x12 | [op_copy.cpp:33] Check failed (non_blocking == false):  [method.cpp:1480] KernelCall failed at instruction 0:0 in operator aten::copy.out: 0x12 [method.cpp:1490] arg 0 with type id 1 [method.cpp:1490] arg 1 with type id 1 [method.cpp:1490] arg 2 with type id 5 [method.cpp:1490] arg 3 with type id 1 [method.cpp:1490] arg 4 with type id 1	n0*=copy(L0,L1,·)
MISMATCH	w69:78	out[0] non-finite mismatch (nan/inf positions differ)	n0*=gelu.out(L0,·,·)
MISMATCH	w69:91	out[0] max|delta|=3.000e+00 (rtol=0.01 atol=0.001)	n0*=remainder.Tensor_out(L0,L1,·)
SKIP	w7:107	client RuntimeError: method->execute() failed with error 0x12 | [op_log_softmax.cpp:152] Check failed (false):  [method.cpp:1480] KernelCall failed at instruction 0:0 in operator aten::_log_softmax.out: 0x12 [method.cpp:1490] arg 0 with type id 1 [method.cpp:1490] arg 1 with type id 4 [method.cpp:1490] arg 2 with type id 5 [method.cpp:1490] arg 3 with type id 1 [method.cpp:1490] arg 4 with type id 1	n0*=_log_softmax.out(L0,·,·,·)
MISMATCH	w7:11	out[0] non-finite mismatch (nan/inf positions differ)	n0*=gelu.out(L0,·,·)
SKIP	w7:129	client RuntimeError: method->execute() failed with error 0x12 | [index_util.cpp:156] Check failed (index.scalar_type() == ScalarType::Long): Expected dtype int64 for index; index.scalar_type() = Int [op_scatter_add.cpp:61] Check failed (check_scatter_add_args(self, dim, index, src, out)):  [method.cpp:1480] KernelCall failed at instruction 0:0 in operator aten::scatter_add.out: 0x12 [method.cpp:1490] arg 0 with type id 1 [method.cpp:1490] arg 1 with type id 4 [method.cpp:1490] arg 2 with type id 1 [method.cpp:1490] arg 3 with type id 1 [method.cpp:1490] arg 4 with type id 1 [method.cpp:1490] arg 5 with type id 1	n0*=scatter_add.out(L0,·,L1,L2,·)
SKIP	w7:135	client RuntimeError: method->execute() failed with error 0x12 | [copy_ops_util.cpp:165] Check failed (implicit == false): This operator is not implemented for when implicit == true. [op_expand_copy.cpp:63] Check failed (check_expand_copy_args(self, expand_sizes, implicit, out)):  [method.cpp:1480] KernelCall failed at instruction 0:0 in operator aten::expand_copy.out: 0x12 [method.cpp:1490] arg 0 with type id 1 [method.cpp:1490] arg 1 with type id 8 [method.cpp:1490] arg 2 with type id 5 [method.cpp:1490] arg 3 with type id 1 [method.cpp:1490] arg 4 with type id 1	n0*=expand_copy(L0,·,·)
SKIP	w7:154	client RuntimeError: method->execute() failed with error 0x12 | [op_arange.cpp:55] Check failed (utils::extract_scalar(start, &d_start)):  [method.cpp:1480] KernelCall failed at instruction 0:0 in operator aten::arange.start_out: 0x12 [method.cpp:1490] arg 0 with type id 5 [method.cpp:1490] arg 1 with type id 5 [method.cpp:1490] arg 2 with type id 5 [method.cpp:1490] arg 3 with type id 1 [method.cpp:1490] arg 4 with type id 1	n0*=arange.start_out(·,·,·,·)
SKIP	w7:179	client RuntimeError: method->execute() failed with error 0x12 | [normalization_ops_util.cpp:160] Check failed (in.size(0) == N):  [op_native_group_norm.cpp:139] Check failed (check_group_norm_args( input, weight, bias, N, C, HxW, group, out, mean_out, rstd_out)):  [method.cpp:1480] KernelCall failed at instruction 0:0 in operator aten::native_group_norm.out: 0x12 [method.cpp:1490] arg 0 with type id 1 [method.cpp:1490] arg 1 with type id 0 [method.cpp:1490] arg 2 with type id 0 [method.cpp:1490] arg 3 with type id 4 [method.cpp:1490] arg 4 with type id 4 [method.cpp:1490] arg 5 with type id 4 [method.cpp:1490] arg 6 with type id 4 [method.cpp:1490] arg 7 with type id 3 [method.cpp:1490] arg 8 with type id 1 [method.cpp:1490] arg 9 with type id 1 [method.cpp:1490] arg 10 with type id 1 [method.cpp:1490] arg 11 with type id 9	n0*=native_group_norm(L0,·,·,·,·,·,·,·)
MISMATCH	w7:239	out[0] non-finite mismatch (nan/inf positions differ)	n0*=gelu.out(L0,·,·)
SKIP	w7:261	client RuntimeError: method->execute() failed with error 0x12 | [normalization_ops_util.cpp:160] Check failed (in.size(0) == N):  [op_native_group_norm.cpp:139] Check failed (check_group_norm_args( input, weight, bias, N, C, HxW, group, out, mean_out, rstd_out)):  [method.cpp:1480] KernelCall failed at instruction 0:0 in operator aten::native_group_norm.out: 0x12 [method.cpp:1490] arg 0 with type id 1 [method.cpp:1490] arg 1 with type id 0 [method.cpp:1490] arg 2 with type id 0 [method.cpp:1490] arg 3 with type id 4 [method.cpp:1490] arg 4 with type id 4 [method.cpp:1490] arg 5 with type id 4 [method.cpp:1490] arg 6 with type id 4 [method.cpp:1490] arg 7 with type id 3 [method.cpp:1490] arg 8 with type id 1 [method.cpp:1490] arg 9 with type id 1 [method.cpp:1490] arg 10 with type id 1 [method.cpp:1490] arg 11 with type id 9	n0*=native_group_norm(L0,·,·,·,·,·,·,·)
SKIP	w7:292	client RuntimeError: method->execute() failed with error 0x12 | [tensor_util_portable.cpp:130] Check failed (all_contiguous || all_channels_last): 2 input tensors have different dim orders [op_fft_r2c.cpp:29] Check failed (tensors_have_same_dim_order(in, out)):  [method.cpp:1480] KernelCall failed at instruction 0:0 in operator aten::_fft_r2c.out: 0x12 [method.cpp:1490] arg 0 with type id 1 [method.cpp:1490] arg 1 with type id 8 [method.cpp:1490] arg 2 with type id 4 [method.cpp:1490] arg 3 with type id 5 [method.cpp:1490] arg 4 with type id 1 [method.cpp:1490] arg 5 with type id 1	n0*=_fft_r2c(L0,·,·,·)
SKIP	w7:33	client RuntimeError: method->execute() failed with error 0x12 | [normalization_ops_util.cpp:160] Check failed (in.size(0) == N):  [op_native_group_norm.cpp:139] Check failed (check_group_norm_args( input, weight, bias, N, C, HxW, group, out, mean_out, rstd_out)):  [method.cpp:1480] KernelCall failed at instruction 0:0 in operator aten::native_group_norm.out: 0x12 [method.cpp:1490] arg 0 with type id 1 [method.cpp:1490] arg 1 with type id 0 [method.cpp:1490] arg 2 with type id 0 [method.cpp:1490] arg 3 with type id 4 [method.cpp:1490] arg 4 with type id 4 [method.cpp:1490] arg 5 with type id 4 [method.cpp:1490] arg 6 with type id 4 [method.cpp:1490] arg 7 with type id 3 [method.cpp:1490] arg 8 with type id 1 [method.cpp:1490] arg 9 with type id 1 [method.cpp:1490] arg 10 with type id 1 [method.cpp:1490] arg 11 with type id 9	n0*=native_group_norm(L0,·,·,·,·,·,·,·)
SKIP	w7:36	client RuntimeError: method->execute() failed with error 0x12 | [tensor_util.h:617] Check failed (static_cast<size_t>(t.dim()) == rank): Expected tensor.dim() to be 2, but got 1 [distance_util.cpp:16] Check failed (tensor_is_rank(in, 2)):  [op_pdist_forward.cpp:25] Check failed (check_pdist_args(in, p, out)):  [method.cpp:1480] KernelCall failed at instruction 0:0 in operator aten::_pdist_forward.out: 0x12 [method.cpp:1490] arg 0 with type id 1 [method.cpp:1490] arg 1 with type id 3 [method.cpp:1490] arg 2 with type id 1 [method.cpp:1490] arg 3 with type id 1	n0*=_pdist_forward(L0,·)
SKIP	w7:64	client RuntimeError: method->execute() failed with error 0x12 | [tensor_util_portable.cpp:130] Check failed (all_contiguous || all_channels_last): 2 input tensors have different dim orders [op_fft_r2c.cpp:29] Check failed (tensors_have_same_dim_order(in, out)):  [method.cpp:1480] KernelCall failed at instruction 0:0 in operator aten::_fft_r2c.out: 0x12 [method.cpp:1490] arg 0 with type id 1 [method.cpp:1490] arg 1 with type id 8 [method.cpp:1490] arg 2 with type id 4 [method.cpp:1490] arg 3 with type id 5 [method.cpp:1490] arg 4 with type id 1 [method.cpp:1490] arg 5 with type id 1	n0*=_fft_r2c(L0,·,·,·)
SKIP	w7:93	client RuntimeError: method->execute() failed with error 0x12 | [op_permute_copy.cpp:70] Unhandled dtype Float8_e4m3fn for permute_copy.out [method.cpp:1480] KernelCall failed at instruction 0:0 in operator aten::permute_copy.out: 0x12 [method.cpp:1490] arg 0 with type id 1 [method.cpp:1490] arg 1 with type id 8 [method.cpp:1490] arg 2 with type id 1 [method.cpp:1490] arg 3 with type id 1	n0*=linear.out(L0,L1,·,·)
MISMATCH	w70:117	out[0] max|delta|=4.323e+17 (rtol=0.0 atol=0.0)	n0*=bitwise_left_shift.Tensor_Scalar_out(L0,·,·)
MISMATCH	w70:120	out[0] max|delta|=6.918e+18 (rtol=0.01 atol=0.001)	n0*=bitwise_left_shift.Tensor_out(L0,L1,·)
SKIP	w70:139	client RuntimeError: method->execute() failed with error 0x12 | [op_copy.cpp:33] Check failed (non_blocking == false):  [method.cpp:1480] KernelCall failed at instruction 0:0 in operator aten::copy.out: 0x12 [method.cpp:1490] arg 0 with type id 1 [method.cpp:1490] arg 1 with type id 1 [method.cpp:1490] arg 2 with type id 5 [method.cpp:1490] arg 3 with type id 1 [method.cpp:1490] arg 4 with type id 1	n0*=copy(L0,L1,·)
MISMATCH	w70:153	out[0] non-finite mismatch (nan/inf positions differ)	n0*=gelu.out(L0,·,·)
SKIP	w70:175	client RuntimeError: method->execute() failed with error 0x12 | [normalization_ops_util.cpp:160] Check failed (in.size(0) == N):  [op_native_group_norm.cpp:139] Check failed (check_group_norm_args( input, weight, bias, N, C, HxW, group, out, mean_out, rstd_out)):  [method.cpp:1480] KernelCall failed at instruction 0:0 in operator aten::native_group_norm.out: 0x12 [method.cpp:1490] arg 0 with type id 1 [method.cpp:1490] arg 1 with type id 0 [method.cpp:1490] arg 2 with type id 0 [method.cpp:1490] arg 3 with type id 4 [method.cpp:1490] arg 4 with type id 4 [method.cpp:1490] arg 5 with type id 4 [method.cpp:1490] arg 6 with type id 4 [method.cpp:1490] arg 7 with type id 3 [method.cpp:1490] arg 8 with type id 1 [method.cpp:1490] arg 9 with type id 1 [method.cpp:1490] arg 10 with type id 1 [method.cpp:1490] arg 11 with type id 9	n0*=native_group_norm(L0,·,·,·,·,·,·,·)
SKIP	w70:178	client RuntimeError: method->execute() failed with error 0x12 | [op_pdist_forward.cpp:45] Unhandled dtype Int for _pdist_forward.out [method.cpp:1480] KernelCall failed at instruction 0:0 in operator aten::_pdist_forward.out: 0x12 [method.cpp:1490] arg 0 with type id 1 [method.cpp:1490] arg 1 with type id 3 [method.cpp:1490] arg 2 with type id 1 [method.cpp:1490] arg 3 with type id 1	n0*=_pdist_forward(L0,·)
SKIP	w70:206	client RuntimeError: method->execute() failed with error 0x12 | [tensor_util_portable.cpp:130] Check failed (all_contiguous || all_channels_last): 2 input tensors have different dim orders [op_fft_r2c.cpp:29] Check failed (tensors_have_same_dim_order(in, out)):  [method.cpp:1480] KernelCall failed at instruction 0:0 in operator aten::_fft_r2c.out: 0x12 [method.cpp:1490] arg 0 with type id 1 [method.cpp:1490] arg 1 with type id 8 [method.cpp:1490] arg 2 with type id 4 [method.cpp:1490] arg 3 with type id 5 [method.cpp:1490] arg 4 with type id 1 [method.cpp:1490] arg 5 with type id 1	n0*=_fft_r2c(L0,·,·,·)
SKIP	w70:21	client RuntimeError: method->execute() failed with error 0x12 | [op_log_softmax.cpp:152] Check failed (false):  [method.cpp:1480] KernelCall failed at instruction 0:0 in operator aten::_log_softmax.out: 0x12 [method.cpp:1490] arg 0 with type id 1 [method.cpp:1490] arg 1 with type id 4 [method.cpp:1490] arg 2 with type id 5 [method.cpp:1490] arg 3 with type id 1 [method.cpp:1490] arg 4 with type id 1	n0*=_log_softmax.out(L0,·,·,·)
SKIP	w70:249	client RuntimeError: method->execute() failed with error 0x12 | [op_log_softmax.cpp:152] Check failed (false):  [method.cpp:1480] KernelCall failed at instruction 0:0 in operator aten::_log_softmax.out: 0x12 [method.cpp:1490] arg 0 with type id 1 [method.cpp:1490] arg 1 with type id 4 [method.cpp:1490] arg 2 with type id 5 [method.cpp:1490] arg 3 with type id 1 [method.cpp:1490] arg 4 with type id 1	n0*=_log_softmax.out(L0,·,·,·)
MISMATCH	w70:262	out[0] max|delta|=4.000e+00 (rtol=0.0 atol=0.0)	n0*=remainder.Scalar(L0,·)
SKIP	w70:296	client RuntimeError: method->execute() failed with error 0x12 | [op_arange.cpp:55] Check failed (utils::extract_scalar(start, &d_start)):  [method.cpp:1480] KernelCall failed at instruction 0:0 in operator aten::arange.start_out: 0x12 [method.cpp:1490] arg 0 with type id 5 [method.cpp:1490] arg 1 with type id 5 [method.cpp:1490] arg 2 with type id 3 [method.cpp:1490] arg 3 with type id 1 [method.cpp:1490] arg 4 with type id 1	n0*=arange.start_out(·,·,·,·)
SKIP	w70:321	client RuntimeError: method->execute() failed with error 0x12 | [normalization_ops_util.cpp:160] Check failed (in.size(0) == N):  [op_native_group_norm.cpp:139] Check failed (check_group_norm_args( input, weight, bias, N, C, HxW, group, out, mean_out, rstd_out)):  [method.cpp:1480] KernelCall failed at instruction 0:0 in operator aten::native_group_norm.out: 0x12 [method.cpp:1490] arg 0 with type id 1 [method.cpp:1490] arg 1 with type id 0 [method.cpp:1490] arg 2 with type id 0 [method.cpp:1490] arg 3 with type id 4 [method.cpp:1490] arg 4 with type id 4 [method.cpp:1490] arg 5 with type id 4 [method.cpp:1490] arg 6 with type id 4 [method.cpp:1490] arg 7 with type id 3 [method.cpp:1490] arg 8 with type id 1 [method.cpp:1490] arg 9 with type id 1 [method.cpp:1490] arg 10 with type id 1 [method.cpp:1490] arg 11 with type id 9	n0*=native_group_norm(L0,·,·,·,·,·,·,·)
MISMATCH	w70:345	out[0] max|delta|=2.147e+09 (rtol=0.0 atol=0.0)	n0*=bitwise_left_shift.Tensor_Scalar_out(L0,·,·)
MISMATCH	w70:348	out[0] max|delta|=9.223e+18 (rtol=0.01 atol=0.001)	n0*=bitwise_left_shift.Tensor_out(L0,L1,·)
SKIP	w70:367	client RuntimeError: method->execute() failed with error 0x12 | [op_copy.cpp:33] Check failed (non_blocking == false):  [method.cpp:1480] KernelCall failed at instruction 0:0 in operator aten::copy.out: 0x12 [method.cpp:1490] arg 0 with type id 1 [method.cpp:1490] arg 1 with type id 1 [method.cpp:1490] arg 2 with type id 5 [method.cpp:1490] arg 3 with type id 1 [method.cpp:1490] arg 4 with type id 1	n0*=copy(L0,L1,·)
MISMATCH	w70:381	out[0] non-finite mismatch (nan/inf positions differ)	n0*=gelu.out(L0,·,·)
SKIP	w70:382	client RuntimeError: method->execute() failed with error 0x12 | [op_sub.cpp:78] Check failed (utils::extract_scalar(alpha, &alpha_val)):  [method.cpp:1480] KernelCall failed at instruction 0:1 in operator aten::sub.out: 0x12 [method.cpp:1490] arg 0 with type id 1 [method.cpp:1490] arg 1 with type id 1 [method.cpp:1490] arg 2 with type id 4 [method.cpp:1490] arg 3 with type id 1 [method.cpp:1490] arg 4 with type id 1	n0*=rsub.Scalar(L0,·,·)
SKIP	w70:403	client RuntimeError: method->execute() failed with error 0x12 | [normalization_ops_util.cpp:160] Check failed (in.size(0) == N):  [op_native_group_norm.cpp:139] Check failed (check_group_norm_args( input, weight, bias, N, C, HxW, group, out, mean_out, rstd_out)):  [method.cpp:1480] KernelCall failed at instruction 0:0 in operator aten::native_group_norm.out: 0x12 [method.cpp:1490] arg 0 with type id 1 [method.cpp:1490] arg 1 with type id 0 [method.cpp:1490] arg 2 with type id 0 [method.cpp:1490] arg 3 with type id 4 [method.cpp:1490] arg 4 with type id 4 [method.cpp:1490] arg 5 with type id 4 [method.cpp:1490] arg 6 with type id 4 [method.cpp:1490] arg 7 with type id 3 [method.cpp:1490] arg 8 with type id 1 [method.cpp:1490] arg 9 with type id 1 [method.cpp:1490] arg 10 with type id 1 [method.cpp:1490] arg 11 with type id 9	n0*=native_group_norm(L0,·,·,·,·,·,·,·)
SKIP	w70:406	client RuntimeError: method->execute() failed with error 0x12 | [tensor_util.h:617] Check failed (static_cast<size_t>(t.dim()) == rank): Expected tensor.dim() to be 2, but got 1 [distance_util.cpp:16] Check failed (tensor_is_rank(in, 2)):  [op_pdist_forward.cpp:25] Check failed (check_pdist_args(in, p, out)):  [method.cpp:1480] KernelCall failed at instruction 0:0 in operator aten::_pdist_forward.out: 0x12 [method.cpp:1490] arg 0 with type id 1 [method.cpp:1490] arg 1 with type id 3 [method.cpp:1490] arg 2 with type id 1 [method.cpp:1490] arg 3 with type id 1	n0*=_pdist_forward(L0,·)
SKIP	w70:49	client RuntimeError: method->execute() failed with error 0x12 | [copy_ops_util.cpp:165] Check failed (implicit == false): This operator is not implemented for when implicit == true. [op_expand_copy.cpp:63] Check failed (check_expand_copy_args(self, expand_sizes, implicit, out)):  [method.cpp:1480] KernelCall failed at instruction 0:0 in operator aten::expand_copy.out: 0x12 [method.cpp:1490] arg 0 with type id 1 [method.cpp:1490] arg 1 with type id 8 [method.cpp:1490] arg 2 with type id 5 [method.cpp:1490] arg 3 with type id 1 [method.cpp:1490] arg 4 with type id 1	n0*=expand_copy(L0,·,·)
SKIP	w70:68	client RuntimeError: method->execute() failed with error 0x12 | [op_arange.cpp:55] Check failed (utils::extract_scalar(start, &d_start)):  [method.cpp:1480] KernelCall failed at instruction 0:0 in operator aten::arange.start_out: 0x12 [method.cpp:1490] arg 0 with type id 5 [method.cpp:1490] arg 1 with type id 5 [method.cpp:1490] arg 2 with type id 4 [method.cpp:1490] arg 3 with type id 1 [method.cpp:1490] arg 4 with type id 1	n0*=arange.start_out(·,·,·,·)
SKIP	w70:93	client RuntimeError: method->execute() failed with error 0x12 | [normalization_ops_util.cpp:160] Check failed (in.size(0) == N):  [op_native_group_norm.cpp:139] Check failed (check_group_norm_args( input, weight, bias, N, C, HxW, group, out, mean_out, rstd_out)):  [method.cpp:1480] KernelCall failed at instruction 0:0 in operator aten::native_group_norm.out: 0x12 [method.cpp:1490] arg 0 with type id 1 [method.cpp:1490] arg 1 with type id 0 [method.cpp:1490] arg 2 with type id 0 [method.cpp:1490] arg 3 with type id 4 [method.cpp:1490] arg 4 with type id 4 [method.cpp:1490] arg 5 with type id 4 [method.cpp:1490] arg 6 with type id 4 [method.cpp:1490] arg 7 with type id 3 [method.cpp:1490] arg 8 with type id 1 [method.cpp:1490] arg 9 with type id 1 [method.cpp:1490] arg 10 with type id 1 [method.cpp:1490] arg 11 with type id 9	n0*=native_group_norm(L0,·,·,·,·,·,·,·)
MISMATCH	w71:111	out[0] non-finite mismatch (nan/inf positions differ)	n0*=gelu.out(L0,·,·)
SKIP	w71:133	client RuntimeError: method->execute() failed with error 0x12 | [normalization_ops_util.cpp:160] Check failed (in.size(0) == N):  [op_native_group_norm.cpp:139] Check failed (check_group_norm_args( input, weight, bias, N, C, HxW, group, out, mean_out, rstd_out)):  [method.cpp:1480] KernelCall failed at instruction 0:0 in operator aten::native_group_norm.out: 0x12 [method.cpp:1490] arg 0 with type id 1 [method.cpp:1490] arg 1 with type id 0 [method.cpp:1490] arg 2 with type id 0 [method.cpp:1490] arg 3 with type id 4 [method.cpp:1490] arg 4 with type id 4 [method.cpp:1490] arg 5 with type id 4 [method.cpp:1490] arg 6 with type id 4 [method.cpp:1490] arg 7 with type id 3 [method.cpp:1490] arg 8 with type id 1 [method.cpp:1490] arg 9 with type id 1 [method.cpp:1490] arg 10 with type id 1 [method.cpp:1490] arg 11 with type id 9	n0*=native_group_norm(L0,·,·,·,·,·,·,·)
SKIP	w71:164	client RuntimeError: method->execute() failed with error 0x12 | [op_fft_r2c.cpp:32] Check failed (onesided): onesided=False is not supported yet in _fft_r2c [method.cpp:1480] KernelCall failed at instruction 0:0 in operator aten::_fft_r2c.out: 0x12 [method.cpp:1490] arg 0 with type id 1 [method.cpp:1490] arg 1 with type id 8 [method.cpp:1490] arg 2 with type id 4 [method.cpp:1490] arg 3 with type id 5 [method.cpp:1490] arg 4 with type id 1 [method.cpp:1490] arg 5 with type id 1	n0*=_fft_r2c(L0,·,·,·)
SKIP	w71:207	client RuntimeError: method->execute() failed with error 0x12 | [op_log_softmax.cpp:152] Check failed (false):  [method.cpp:1480] KernelCall failed at instruction 0:0 in operator aten::_log_softmax.out: 0x12 [method.cpp:1490] arg 0 with type id 1 [method.cpp:1490] arg 1 with type id 4 [method.cpp:1490] arg 2 with type id 5 [method.cpp:1490] arg 3 with type id 1 [method.cpp:1490] arg 4 with type id 1	n0*=_log_softmax.out(L0,·,·,·)
SKIP	w71:254	client RuntimeError: method->execute() failed with error 0x12 | [op_arange.cpp:55] Check failed (utils::extract_scalar(start, &d_start)):  [method.cpp:1480] KernelCall failed at instruction 0:0 in operator aten::arange.start_out: 0x12 [method.cpp:1490] arg 0 with type id 5 [method.cpp:1490] arg 1 with type id 4 [method.cpp:1490] arg 2 with type id 3 [method.cpp:1490] arg 3 with type id 1 [method.cpp:1490] arg 4 with type id 1	n0*=arange.start_out(·,·,·,·)
SKIP	w71:26	client RuntimeError: method->execute() failed with error 0x12 | [op_arange.cpp:55] Check failed (utils::extract_scalar(start, &d_start)):  [method.cpp:1480] KernelCall failed at instruction 0:0 in operator aten::arange.start_out: 0x12 [method.cpp:1490] arg 0 with type id 5 [method.cpp:1490] arg 1 with type id 5 [method.cpp:1490] arg 2 with type id 5 [method.cpp:1490] arg 3 with type id 1 [method.cpp:1490] arg 4 with type id 1	n0*=arange.start_out(·,·,·,·)
SKIP	w71:279	client RuntimeError: method->execute() failed with error 0x12 | [normalization_ops_util.cpp:160] Check failed (in.size(0) == N):  [op_native_group_norm.cpp:139] Check failed (check_group_norm_args( input, weight, bias, N, C, HxW, group, out, mean_out, rstd_out)):  [method.cpp:1480] KernelCall failed at instruction 0:0 in operator aten::native_group_norm.out: 0x12 [method.cpp:1490] arg 0 with type id 1 [method.cpp:1490] arg 1 with type id 0 [method.cpp:1490] arg 2 with type id 0 [method.cpp:1490] arg 3 with type id 4 [method.cpp:1490] arg 4 with type id 4 [method.cpp:1490] arg 5 with type id 4 [method.cpp:1490] arg 6 with type id 4 [method.cpp:1490] arg 7 with type id 3 [method.cpp:1490] arg 8 with type id 1 [method.cpp:1490] arg 9 with type id 1 [method.cpp:1490] arg 10 with type id 1 [method.cpp:1490] arg 11 with type id 9	n0*=native_group_norm(L0,·,·,·,·,·,·,·)
MISMATCH	w71:303	out[0] max|delta|=9.223e+18 (rtol=0.01 atol=0.001)	n0*=bitwise_left_shift.Tensor_Scalar_out(L0,·,·)
MISMATCH	w71:306	out[0] non-finite mismatch (nan/inf positions differ)	n0*=bitwise_left_shift.Tensor_out(L0,L1,·)
SKIP	w71:325	client RuntimeError: method->execute() failed with error 0x12 | [op_copy.cpp:33] Check failed (non_blocking == false):  [method.cpp:1480] KernelCall failed at instruction 0:0 in operator aten::copy.out: 0x12 [method.cpp:1490] arg 0 with type id 1 [method.cpp:1490] arg 1 with type id 1 [method.cpp:1490] arg 2 with type id 5 [method.cpp:1490] arg 3 with type id 1 [method.cpp:1490] arg 4 with type id 1	n0*=copy(L0,L1,·)
MISMATCH	w71:339	out[0] non-finite mismatch (nan/inf positions differ)	n0*=gelu.out(L0,·,·)
MISMATCH	w71:359	out[0] max|delta|=3.999e-01 (rtol=0.01 atol=0.001)	n0*=_native_batch_norm_legit.no_stats(L0,·,·,·,·,·)
SKIP	w71:361	client RuntimeError: method->execute() failed with error 0x12 | [normalization_ops_util.cpp:160] Check failed (in.size(0) == N):  [op_native_group_norm.cpp:139] Check failed (check_group_norm_args( input, weight, bias, N, C, HxW, group, out, mean_out, rstd_out)):  [method.cpp:1480] KernelCall failed at instruction 0:0 in operator aten::native_group_norm.out: 0x12 [method.cpp:1490] arg 0 with type id 1 [method.cpp:1490] arg 1 with type id 0 [method.cpp:1490] arg 2 with type id 0 [method.cpp:1490] arg 3 with type id 4 [method.cpp:1490] arg 4 with type id 4 [method.cpp:1490] arg 5 with type id 4 [method.cpp:1490] arg 6 with type id 4 [method.cpp:1490] arg 7 with type id 3 [method.cpp:1490] arg 8 with type id 1 [method.cpp:1490] arg 9 with type id 1 [method.cpp:1490] arg 10 with type id 1 [method.cpp:1490] arg 11 with type id 9	n0*=native_group_norm(L0,·,·,·,·,·,·,·)
MISMATCH	w71:43	out[0] non-finite mismatch (nan/inf positions differ)	n0*=grid_sampler_2d(L0,L1,·,·,·)
SKIP	w71:51	client RuntimeError: method->execute() failed with error 0x12 | [normalization_ops_util.cpp:160] Check failed (in.size(0) == N):  [op_native_group_norm.cpp:139] Check failed (check_group_norm_args( input, weight, bias, N, C, HxW, group, out, mean_out, rstd_out)):  [method.cpp:1480] KernelCall failed at instruction 0:0 in operator aten::native_group_norm.out: 0x12 [method.cpp:1490] arg 0 with type id 1 [method.cpp:1490] arg 1 with type id 0 [method.cpp:1490] arg 2 with type id 0 [method.cpp:1490] arg 3 with type id 4 [method.cpp:1490] arg 4 with type id 4 [method.cpp:1490] arg 5 with type id 4 [method.cpp:1490] arg 6 with type id 4 [method.cpp:1490] arg 7 with type id 3 [method.cpp:1490] arg 8 with type id 1 [method.cpp:1490] arg 9 with type id 1 [method.cpp:1490] arg 10 with type id 1 [method.cpp:1490] arg 11 with type id 9	n0*=native_group_norm(L0,·,·,·,·,·,·,·)
SKIP	w71:7	client RuntimeError: method->execute() failed with error 0x12 | [copy_ops_util.cpp:165] Check failed (implicit == false): This operator is not implemented for when implicit == true. [op_expand_copy.cpp:63] Check failed (check_expand_copy_args(self, expand_sizes, implicit, out)):  [method.cpp:1480] KernelCall failed at instruction 0:0 in operator aten::expand_copy.out: 0x12 [method.cpp:1490] arg 0 with type id 1 [method.cpp:1490] arg 1 with type id 8 [method.cpp:1490] arg 2 with type id 5 [method.cpp:1490] arg 3 with type id 1 [method.cpp:1490] arg 4 with type id 1	n0*=expand_copy(L0,·,·)
MISMATCH	w71:78	out[0] max|delta|=9.223e+18 (rtol=0.0 atol=0.0)	n0*=bitwise_left_shift.Tensor_out(L0,L1,·)
SKIP	w71:97	client RuntimeError: method->execute() failed with error 0x12 | [op_copy.cpp:33] Check failed (non_blocking == false):  [method.cpp:1480] KernelCall failed at instruction 0:0 in operator aten::copy.out: 0x12 [method.cpp:1490] arg 0 with type id 1 [method.cpp:1490] arg 1 with type id 1 [method.cpp:1490] arg 2 with type id 5 [method.cpp:1490] arg 3 with type id 1 [method.cpp:1490] arg 4 with type id 1	n0*=copy(L0,L1,·)
SKIP	w72:126	client RuntimeError: method->execute() failed with error 0x12 | [tensor_util_portable.cpp:130] Check failed (all_contiguous || all_channels_last): 2 input tensors have different dim orders [op_fft_r2c.cpp:29] Check failed (tensors_have_same_dim_order(in, out)):  [method.cpp:1480] KernelCall failed at instruction 0:0 in operator aten::_fft_r2c.out: 0x12 [method.cpp:1490] arg 0 with type id 1 [method.cpp:1490] arg 1 with type id 8 [method.cpp:1490] arg 2 with type id 4 [method.cpp:1490] arg 3 with type id 5 [method.cpp:1490] arg 4 with type id 1 [method.cpp:1490] arg 5 with type id 1	n0*=_fft_r2c(L0,·,·,·)
SKIP	w72:13	client RuntimeError: method->execute() failed with error 0x12 | [normalization_ops_util.cpp:160] Check failed (in.size(0) == N):  [op_native_group_norm.cpp:139] Check failed (check_group_norm_args( input, weight, bias, N, C, HxW, group, out, mean_out, rstd_out)):  [method.cpp:1480] KernelCall failed at instruction 0:0 in operator aten::native_group_norm.out: 0x12 [method.cpp:1490] arg 0 with type id 1 [method.cpp:1490] arg 1 with type id 0 [method.cpp:1490] arg 2 with type id 0 [method.cpp:1490] arg 3 with type id 4 [method.cpp:1490] arg 4 with type id 4 [method.cpp:1490] arg 5 with type id 4 [method.cpp:1490] arg 6 with type id 4 [method.cpp:1490] arg 7 with type id 3 [method.cpp:1490] arg 8 with type id 1 [method.cpp:1490] arg 9 with type id 1 [method.cpp:1490] arg 10 with type id 1 [method.cpp:1490] arg 11 with type id 9	n0*=native_group_norm(L0,·,·,·,·,·,·,·)
SKIP	w72:144	client RuntimeError: method->execute() failed with error 0x12 | [op_add.cpp:118] Check failed ((common_type == a_type && check_alpha_type(utils::get_scalar_dtype(alpha), common_type))):  [method.cpp:1480] KernelCall failed at instruction 0:0 in operator aten::add.Scalar_out: 0x12 [method.cpp:1490] arg 0 with type id 1 [method.cpp:1490] arg 1 with type id 4 [method.cpp:1490] arg 2 with type id 4 [method.cpp:1490] arg 3 with type id 1 [method.cpp:1490] arg 4 with type id 1	n0*=add.Scalar(L0,·,·)
MISMATCH	w72:182	out[0] max|delta|=8.000e+00 (rtol=0.0 atol=0.0)	n0*=remainder.Scalar(L0,·)
SKIP	w72:216	client RuntimeError: method->execute() failed with error 0x12 | [op_arange.cpp:55] Check failed (utils::extract_scalar(start, &d_start)):  [method.cpp:1480] KernelCall failed at instruction 0:0 in operator aten::arange.start_out: 0x12 [method.cpp:1490] arg 0 with type id 5 [method.cpp:1490] arg 1 with type id 5 [method.cpp:1490] arg 2 with type id 5 [method.cpp:1490] arg 3 with type id 1 [method.cpp:1490] arg 4 with type id 1	n0*=arange.start_out(·,·,·,·)
CRASH	w66:257	executor died (native abort)	n0*=unfold_copy(L0,·,·,·)
SKIP	w72:241	client RuntimeError: method->execute() failed with error 0x12 | [normalization_ops_util.cpp:160] Check failed (in.size(0) == N):  [op_native_group_norm.cpp:139] Check failed (check_group_norm_args( input, weight, bias, N, C, HxW, group, out, mean_out, rstd_out)):  [method.cpp:1480] KernelCall failed at instruction 0:0 in operator aten::native_group_norm.out: 0x12 [method.cpp:1490] arg 0 with type id 1 [method.cpp:1490] arg 1 with type id 0 [method.cpp:1490] arg 2 with type id 0 [method.cpp:1490] arg 3 with type id 4 [method.cpp:1490] arg 4 with type id 4 [method.cpp:1490] arg 5 with type id 4 [method.cpp:1490] arg 6 with type id 4 [method.cpp:1490] arg 7 with type id 3 [method.cpp:1490] arg 8 with type id 1 [method.cpp:1490] arg 9 with type id 1 [method.cpp:1490] arg 10 with type id 1 [method.cpp:1490] arg 11 with type id 9	n0*=native_group_norm(L0,·,·,·,·,·,·,·)
MISMATCH	w72:268	out[0] max|delta|=1.611e+09 (rtol=0.0 atol=0.0)	n0*=bitwise_left_shift.Tensor_out(L0,L1,·)
SKIP	w72:287	client RuntimeError: method->execute() failed with error 0x12 | [op_copy.cpp:33] Check failed (non_blocking == false):  [method.cpp:1480] KernelCall failed at instruction 0:0 in operator aten::copy.out: 0x12 [method.cpp:1490] arg 0 with type id 1 [method.cpp:1490] arg 1 with type id 1 [method.cpp:1490] arg 2 with type id 5 [method.cpp:1490] arg 3 with type id 1 [method.cpp:1490] arg 4 with type id 1	n0*=copy(L0,L1,·)
MISMATCH	w72:301	out[0] non-finite mismatch (nan/inf positions differ)	n0*=gelu.out(L0,·,·)
MISMATCH	w72:314	out[0] max|delta|=4.000e+00 (rtol=0.01 atol=0.001)	n0*=remainder.Tensor_out(L0,L1,·)
SKIP	w72:323	client RuntimeError: method->execute() failed with error 0x12 | [normalization_ops_util.cpp:160] Check failed (in.size(0) == N):  [op_native_group_norm.cpp:139] Check failed (check_group_norm_args( input, weight, bias, N, C, HxW, group, out, mean_out, rstd_out)):  [method.cpp:1480] KernelCall failed at instruction 0:0 in operator aten::native_group_norm.out: 0x12 [method.cpp:1490] arg 0 with type id 1 [method.cpp:1490] arg 1 with type id 0 [method.cpp:1490] arg 2 with type id 0 [method.cpp:1490] arg 3 with type id 4 [method.cpp:1490] arg 4 with type id 4 [method.cpp:1490] arg 5 with type id 4 [method.cpp:1490] arg 6 with type id 4 [method.cpp:1490] arg 7 with type id 3 [method.cpp:1490] arg 8 with type id 1 [method.cpp:1490] arg 9 with type id 1 [method.cpp:1490] arg 10 with type id 1 [method.cpp:1490] arg 11 with type id 9	n0*=native_group_norm(L0,·,·,·,·,·,·,·)
SKIP	w72:326	client RuntimeError: method->execute() failed with error 0x12 | [tensor_util.h:617] Check failed (static_cast<size_t>(t.dim()) == rank): Expected tensor.dim() to be 2, but got 1 [distance_util.cpp:16] Check failed (tensor_is_rank(in, 2)):  [op_pdist_forward.cpp:25] Check failed (check_pdist_args(in, p, out)):  [method.cpp:1480] KernelCall failed at instruction 0:0 in operator aten::_pdist_forward.out: 0x12 [method.cpp:1490] arg 0 with type id 1 [method.cpp:1490] arg 1 with type id 3 [method.cpp:1490] arg 2 with type id 1 [method.cpp:1490] arg 3 with type id 1	n0*=_pdist_forward(L0,·)
SKIP	w72:354	client RuntimeError: method->execute() failed with error 0x12 | [op_fft_r2c.cpp:32] Check failed (onesided): onesided=False is not supported yet in _fft_r2c [method.cpp:1480] KernelCall failed at instruction 0:0 in operator aten::_fft_r2c.out: 0x12 [method.cpp:1490] arg 0 with type id 1 [method.cpp:1490] arg 1 with type id 8 [method.cpp:1490] arg 2 with type id 4 [method.cpp:1490] arg 3 with type id 5 [method.cpp:1490] arg 4 with type id 1 [method.cpp:1490] arg 5 with type id 1	n0*=_fft_r2c(L0,·,·,·)
SKIP	w72:397	client RuntimeError: method->execute() failed with error 0x12 | [op_log_softmax.cpp:152] Check failed (false):  [method.cpp:1480] KernelCall failed at instruction 0:0 in operator aten::_log_softmax.out: 0x12 [method.cpp:1490] arg 0 with type id 1 [method.cpp:1490] arg 1 with type id 4 [method.cpp:1490] arg 2 with type id 5 [method.cpp:1490] arg 3 with type id 1 [method.cpp:1490] arg 4 with type id 1	n0*=_log_softmax.out(L0,·,·,·)
MISMATCH	w72:40	out[0] max|delta|=6.918e+18 (rtol=0.01 atol=0.001)	n0*=bitwise_left_shift.Tensor_out(L0,L1,·)
MISMATCH	w72:439	out[0] max|delta|=5.000e+00 (rtol=0.0 atol=0.0)	n0*=remainder.Scalar_out(L0,·,·)
SKIP	w72:451	client RuntimeError: method->execute() failed with error 0x12 | [op_sub.cpp:144] Check failed (utils::extract_scalar(alpha, &alpha_val)):  [method.cpp:1480] KernelCall failed at instruction 0:0 in operator aten::sub.Scalar_out: 0x12 [method.cpp:1490] arg 0 with type id 1 [method.cpp:1490] arg 1 with type id 4 [method.cpp:1490] arg 2 with type id 4 [method.cpp:1490] arg 3 with type id 1 [method.cpp:1490] arg 4 with type id 1	n0*=sub.Scalar(L0,·,·)
MISMATCH	w72:461	out[0] non-finite mismatch (nan/inf positions differ)	n0*=grid_sampler_2d(L0,L1,·,·,·)
SKIP	w72:469	client RuntimeError: method->execute() failed with error 0x12 | [normalization_ops_util.cpp:160] Check failed (in.size(0) == N):  [op_native_group_norm.cpp:139] Check failed (check_group_norm_args( input, weight, bias, N, C, HxW, group, out, mean_out, rstd_out)):  [method.cpp:1480] KernelCall failed at instruction 0:0 in operator aten::native_group_norm.out: 0x12 [method.cpp:1490] arg 0 with type id 1 [method.cpp:1490] arg 1 with type id 0 [method.cpp:1490] arg 2 with type id 0 [method.cpp:1490] arg 3 with type id 4 [method.cpp:1490] arg 4 with type id 4 [method.cpp:1490] arg 5 with type id 4 [method.cpp:1490] arg 6 with type id 4 [method.cpp:1490] arg 7 with type id 3 [method.cpp:1490] arg 8 with type id 1 [method.cpp:1490] arg 9 with type id 1 [method.cpp:1490] arg 10 with type id 1 [method.cpp:1490] arg 11 with type id 9	n0*=native_group_norm(L0,·,·,·,·,·,·,·)
SKIP	w72:59	client RuntimeError: method->execute() failed with error 0x12 | [op_copy.cpp:33] Check failed (non_blocking == false):  [method.cpp:1480] KernelCall failed at instruction 0:0 in operator aten::copy.out: 0x12 [method.cpp:1490] arg 0 with type id 1 [method.cpp:1490] arg 1 with type id 1 [method.cpp:1490] arg 2 with type id 5 [method.cpp:1490] arg 3 with type id 1 [method.cpp:1490] arg 4 with type id 1	n0*=copy(L0,L1,·)
MISMATCH	w72:73	out[0] non-finite mismatch (nan/inf positions differ)	n0*=gelu.out(L0,·,·)
SKIP	w72:95	client RuntimeError: method->execute() failed with error 0x12 | [normalization_ops_util.cpp:160] Check failed (in.size(0) == N):  [op_native_group_norm.cpp:139] Check failed (check_group_norm_args( input, weight, bias, N, C, HxW, group, out, mean_out, rstd_out)):  [method.cpp:1480] KernelCall failed at instruction 0:0 in operator aten::native_group_norm.out: 0x12 [method.cpp:1490] arg 0 with type id 1 [method.cpp:1490] arg 1 with type id 0 [method.cpp:1490] arg 2 with type id 0 [method.cpp:1490] arg 3 with type id 4 [method.cpp:1490] arg 4 with type id 4 [method.cpp:1490] arg 5 with type id 4 [method.cpp:1490] arg 6 with type id 4 [method.cpp:1490] arg 7 with type id 3 [method.cpp:1490] arg 8 with type id 1 [method.cpp:1490] arg 9 with type id 1 [method.cpp:1490] arg 10 with type id 1 [method.cpp:1490] arg 11 with type id 9	n0*=native_group_norm(L0,·,·,·,·,·,·,·)
SKIP	w73:0	client RuntimeError: method->execute() failed with error 0x12 | [op_fft_r2c.cpp:32] Check failed (onesided): onesided=False is not supported yet in _fft_r2c [method.cpp:1480] KernelCall failed at instruction 0:0 in operator aten::_fft_r2c.out: 0x12 [method.cpp:1490] arg 0 with type id 1 [method.cpp:1490] arg 1 with type id 8 [method.cpp:1490] arg 2 with type id 4 [method.cpp:1490] arg 3 with type id 5 [method.cpp:1490] arg 4 with type id 1 [method.cpp:1490] arg 5 with type id 1	n0*=_fft_r2c(L0,·,·,·)
SKIP	w73:161	client RuntimeError: method->execute() failed with error 0x12 | [op_copy.cpp:33] Check failed (non_blocking == false):  [method.cpp:1480] KernelCall failed at instruction 0:0 in operator aten::copy.out: 0x12 [method.cpp:1490] arg 0 with type id 1 [method.cpp:1490] arg 1 with type id 1 [method.cpp:1490] arg 2 with type id 5 [method.cpp:1490] arg 3 with type id 1 [method.cpp:1490] arg 4 with type id 1	n0*=copy(L0,L1,·)
MISMATCH	w73:175	out[0] non-finite mismatch (nan/inf positions differ)	n0*=gelu.out(L0,·,·)
MISMATCH	w73:188	out[0] max|delta|=4.000e+00 (rtol=0.01 atol=0.001)	n0*=remainder.Tensor_out(L0,L1,·)
SKIP	w73:197	client RuntimeError: method->execute() failed with error 0x12 | [normalization_ops_util.cpp:160] Check failed (in.size(0) == N):  [op_native_group_norm.cpp:139] Check failed (check_group_norm_args( input, weight, bias, N, C, HxW, group, out, mean_out, rstd_out)):  [method.cpp:1480] KernelCall failed at instruction 0:0 in operator aten::native_group_norm.out: 0x12 [method.cpp:1490] arg 0 with type id 1 [method.cpp:1490] arg 1 with type id 0 [method.cpp:1490] arg 2 with type id 0 [method.cpp:1490] arg 3 with type id 4 [method.cpp:1490] arg 4 with type id 4 [method.cpp:1490] arg 5 with type id 4 [method.cpp:1490] arg 6 with type id 4 [method.cpp:1490] arg 7 with type id 3 [method.cpp:1490] arg 8 with type id 1 [method.cpp:1490] arg 9 with type id 1 [method.cpp:1490] arg 10 with type id 1 [method.cpp:1490] arg 11 with type id 9	n0*=native_group_norm(L0,·,·,·,·,·,·,·)
SKIP	w73:200	client RuntimeError: method->execute() failed with error 0x12 | [tensor_util.h:617] Check failed (static_cast<size_t>(t.dim()) == rank): Expected tensor.dim() to be 2, but got 1 [distance_util.cpp:16] Check failed (tensor_is_rank(in, 2)):  [op_pdist_forward.cpp:25] Check failed (check_pdist_args(in, p, out)):  [method.cpp:1480] KernelCall failed at instruction 0:0 in operator aten::_pdist_forward.out: 0x12 [method.cpp:1490] arg 0 with type id 1 [method.cpp:1490] arg 1 with type id 3 [method.cpp:1490] arg 2 with type id 1 [method.cpp:1490] arg 3 with type id 1	n0*=_pdist_forward(L0,·)
SKIP	w73:228	client RuntimeError: method->execute() failed with error 0x12 | [tensor_util_portable.cpp:130] Check failed (all_contiguous || all_channels_last): 2 input tensors have different dim orders [op_fft_r2c.cpp:29] Check failed (tensors_have_same_dim_order(in, out)):  [method.cpp:1480] KernelCall failed at instruction 0:0 in operator aten::_fft_r2c.out: 0x12 [method.cpp:1490] arg 0 with type id 1 [method.cpp:1490] arg 1 with type id 8 [method.cpp:1490] arg 2 with type id 4 [method.cpp:1490] arg 3 with type id 5 [method.cpp:1490] arg 4 with type id 1 [method.cpp:1490] arg 5 with type id 1	n0*=_fft_r2c(L0,·,·,·)
MISMATCH	w73:271	out[0] non-finite mismatch (nan/inf positions differ)	n0*=_log_softmax.out(L0,·,·,·)
SKIP	w73:299	client RuntimeError: method->execute() failed with error 0x12 | [copy_ops_util.cpp:165] Check failed (implicit == false): This operator is not implemented for when implicit == true. [op_expand_copy.cpp:63] Check failed (check_expand_copy_args(self, expand_sizes, implicit, out)):  [method.cpp:1480] KernelCall failed at instruction 0:0 in operator aten::expand_copy.out: 0x12 [method.cpp:1490] arg 0 with type id 1 [method.cpp:1490] arg 1 with type id 8 [method.cpp:1490] arg 2 with type id 5 [method.cpp:1490] arg 3 with type id 1 [method.cpp:1490] arg 4 with type id 1	n0*=expand_copy(L0,·,·)
SKIP	w73:318	client RuntimeError: method->execute() failed with error 0x12 | [op_arange.cpp:55] Check failed (utils::extract_scalar(start, &d_start)):  [method.cpp:1480] KernelCall failed at instruction 0:0 in operator aten::arange.start_out: 0x12 [method.cpp:1490] arg 0 with type id 5 [method.cpp:1490] arg 1 with type id 5 [method.cpp:1490] arg 2 with type id 4 [method.cpp:1490] arg 3 with type id 1 [method.cpp:1490] arg 4 with type id 1	n0*=arange.start_out(·,·,·,·)
MISMATCH	w73:343	out[0] non-finite mismatch (nan/inf positions differ)	n0*=native_group_norm(L0,·,·,·,·,·,·,·)
MISMATCH	w73:367	out[0] max|delta|=2.882e+17 (rtol=0.01 atol=0.001)	n0*=bitwise_left_shift.Tensor_Scalar_out(L0,·,·)
MISMATCH	w73:370	out[0] max|delta|=9.223e+18 (rtol=0.01 atol=0.001)	n0*=bitwise_left_shift.Tensor_out(L0,L1,·)
SKIP	w73:389	client RuntimeError: method->execute() failed with error 0x12 | [op_copy.cpp:33] Check failed (non_blocking == false):  [method.cpp:1480] KernelCall failed at instruction 0:0 in operator aten::copy.out: 0x12 [method.cpp:1490] arg 0 with type id 1 [method.cpp:1490] arg 1 with type id 1 [method.cpp:1490] arg 2 with type id 5 [method.cpp:1490] arg 3 with type id 1 [method.cpp:1490] arg 4 with type id 1	n0*=copy(L0,L1,·)
MISMATCH	w73:403	out[0] non-finite mismatch (nan/inf positions differ)	n0*=gelu.out(L0,·,·)
MISMATCH	w73:423	out[0] max|delta|=3.999e-01 (rtol=0.01 atol=0.001)	n0*=_native_batch_norm_legit.no_stats(L0,·,·,·,·,·)
SKIP	w73:425	client RuntimeError: method->execute() failed with error 0x12 | [normalization_ops_util.cpp:160] Check failed (in.size(0) == N):  [op_native_group_norm.cpp:139] Check failed (check_group_norm_args( input, weight, bias, N, C, HxW, group, out, mean_out, rstd_out)):  [method.cpp:1480] KernelCall failed at instruction 0:0 in operator aten::native_group_norm.out: 0x12 [method.cpp:1490] arg 0 with type id 1 [method.cpp:1490] arg 1 with type id 0 [method.cpp:1490] arg 2 with type id 0 [method.cpp:1490] arg 3 with type id 4 [method.cpp:1490] arg 4 with type id 4 [method.cpp:1490] arg 5 with type id 4 [method.cpp:1490] arg 6 with type id 4 [method.cpp:1490] arg 7 with type id 3 [method.cpp:1490] arg 8 with type id 1 [method.cpp:1490] arg 9 with type id 1 [method.cpp:1490] arg 10 with type id 1 [method.cpp:1490] arg 11 with type id 9	n0*=native_group_norm(L0,·,·,·,·,·,·,·)
SKIP	w73:43	client RuntimeError: method->execute() failed with error 0x12 | [op_log_softmax.cpp:152] Check failed (false):  [method.cpp:1480] KernelCall failed at instruction 0:0 in operator aten::_log_softmax.out: 0x12 [method.cpp:1490] arg 0 with type id 1 [method.cpp:1490] arg 1 with type id 4 [method.cpp:1490] arg 2 with type id 5 [method.cpp:1490] arg 3 with type id 1 [method.cpp:1490] arg 4 with type id 1	n0*=_log_softmax.out(L0,·,·,·)
SKIP	w73:71	client RuntimeError: method->execute() failed with error 0x12 | [copy_ops_util.cpp:165] Check failed (implicit == false): This operator is not implemented for when implicit == true. [op_expand_copy.cpp:63] Check failed (check_expand_copy_args(self, expand_sizes, implicit, out)):  [method.cpp:1480] KernelCall failed at instruction 0:0 in operator aten::expand_copy.out: 0x12 [method.cpp:1490] arg 0 with type id 1 [method.cpp:1490] arg 1 with type id 8 [method.cpp:1490] arg 2 with type id 5 [method.cpp:1490] arg 3 with type id 1 [method.cpp:1490] arg 4 with type id 1	n0*=expand_copy(L0,·,·)
SKIP	w73:90	client RuntimeError: method->execute() failed with error 0x12 | [op_arange.cpp:55] Check failed (utils::extract_scalar(start, &d_start)):  [method.cpp:1480] KernelCall failed at instruction 0:0 in operator aten::arange.start_out: 0x12 [method.cpp:1490] arg 0 with type id 5 [method.cpp:1490] arg 1 with type id 5 [method.cpp:1490] arg 2 with type id 5 [method.cpp:1490] arg 3 with type id 1 [method.cpp:1490] arg 4 with type id 1	n0*=arange.start_out(·,·,·,·)
SKIP	w74:113	client RuntimeError: method->execute() failed with error 0x12 | [op_arange.cpp:55] Check failed (utils::extract_scalar(start, &d_start)):  [method.cpp:1480] KernelCall failed at instruction 0:0 in operator aten::arange.start_out: 0x12 [method.cpp:1490] arg 0 with type id 5 [method.cpp:1490] arg 1 with type id 3 [method.cpp:1490] arg 2 with type id 5 [method.cpp:1490] arg 3 with type id 1 [method.cpp:1490] arg 4 with type id 1	n0*=arange.start_out(·,·,·,·)
MISMATCH	w74:129	out[0] max|delta|=1.000e+00 (rtol=0.0 atol=0.0)	n0*=prod.int_out(L0,·,·,·,·)
SKIP	w74:138	client RuntimeError: method->execute() failed with error 0x12 | [normalization_ops_util.cpp:160] Check failed (in.size(0) == N):  [op_native_group_norm.cpp:139] Check failed (check_group_norm_args( input, weight, bias, N, C, HxW, group, out, mean_out, rstd_out)):  [method.cpp:1480] KernelCall failed at instruction 0:0 in operator aten::native_group_norm.out: 0x12 [method.cpp:1490] arg 0 with type id 1 [method.cpp:1490] arg 1 with type id 0 [method.cpp:1490] arg 2 with type id 0 [method.cpp:1490] arg 3 with type id 4 [method.cpp:1490] arg 4 with type id 4 [method.cpp:1490] arg 5 with type id 4 [method.cpp:1490] arg 6 with type id 4 [method.cpp:1490] arg 7 with type id 3 [method.cpp:1490] arg 8 with type id 1 [method.cpp:1490] arg 9 with type id 1 [method.cpp:1490] arg 10 with type id 1 [method.cpp:1490] arg 11 with type id 9	n0*=native_group_norm(L0,·,·,·,·,·,·,·)
MISMATCH	w74:165	out[0] non-finite mismatch (nan/inf positions differ)	n0*=bitwise_left_shift.Tensor_out(L0,L1,·)
SKIP	w74:184	client RuntimeError: method->execute() failed with error 0x12 | [op_copy.cpp:33] Check failed (non_blocking == false):  [method.cpp:1480] KernelCall failed at instruction 0:0 in operator aten::copy.out: 0x12 [method.cpp:1490] arg 0 with type id 1 [method.cpp:1490] arg 1 with type id 1 [method.cpp:1490] arg 2 with type id 5 [method.cpp:1490] arg 3 with type id 1 [method.cpp:1490] arg 4 with type id 1	n0*=copy(L0,L1,·)
MISMATCH	w74:198	out[0] non-finite mismatch (nan/inf positions differ)	n0*=gelu.out(L0,·,·)
SKIP	w74:220	client RuntimeError: method->execute() failed with error 0x12 | [normalization_ops_util.cpp:160] Check failed (in.size(0) == N):  [op_native_group_norm.cpp:139] Check failed (check_group_norm_args( input, weight, bias, N, C, HxW, group, out, mean_out, rstd_out)):  [method.cpp:1480] KernelCall failed at instruction 0:0 in operator aten::native_group_norm.out: 0x12 [method.cpp:1490] arg 0 with type id 1 [method.cpp:1490] arg 1 with type id 0 [method.cpp:1490] arg 2 with type id 0 [method.cpp:1490] arg 3 with type id 4 [method.cpp:1490] arg 4 with type id 4 [method.cpp:1490] arg 5 with type id 4 [method.cpp:1490] arg 6 with type id 4 [method.cpp:1490] arg 7 with type id 3 [method.cpp:1490] arg 8 with type id 1 [method.cpp:1490] arg 9 with type id 1 [method.cpp:1490] arg 10 with type id 1 [method.cpp:1490] arg 11 with type id 9	n0*=native_group_norm(L0,·,·,·,·,·,·,·)
SKIP	w74:23	client RuntimeError: method->execute() failed with error 0x12 | [tensor_util_portable.cpp:130] Check failed (all_contiguous || all_channels_last): 2 input tensors have different dim orders [op_fft_r2c.cpp:29] Check failed (tensors_have_same_dim_order(in, out)):  [method.cpp:1480] KernelCall failed at instruction 0:0 in operator aten::_fft_r2c.out: 0x12 [method.cpp:1490] arg 0 with type id 1 [method.cpp:1490] arg 1 with type id 8 [method.cpp:1490] arg 2 with type id 4 [method.cpp:1490] arg 3 with type id 5 [method.cpp:1490] arg 4 with type id 1 [method.cpp:1490] arg 5 with type id 1	n0*=_fft_r2c(L0,·,·,·)
MISMATCH	w74:66	out[0] non-finite mismatch (nan/inf positions differ)	n0*=_log_softmax.out(L0,·,·,·)
SKIP	w74:94	client RuntimeError: method->execute() failed with error 0x12 | [copy_ops_util.cpp:165] Check failed (implicit == false): This operator is not implemented for when implicit == true. [op_expand_copy.cpp:63] Check failed (check_expand_copy_args(self, expand_sizes, implicit, out)):  [method.cpp:1480] KernelCall failed at instruction 0:0 in operator aten::expand_copy.out: 0x12 [method.cpp:1490] arg 0 with type id 1 [method.cpp:1490] arg 1 with type id 8 [method.cpp:1490] arg 2 with type id 5 [method.cpp:1490] arg 3 with type id 1 [method.cpp:1490] arg 4 with type id 1	n0*=expand_copy(L0,·,·)
MISMATCH	w75:133	out[0] max|delta|=8.000e+00 (rtol=0.0 atol=0.0)	n0*=remainder.Scalar(L0,·)
SKIP	w75:148	client RuntimeError: method->execute() failed with error 0x12 | [copy_ops_util.cpp:165] Check failed (implicit == false): This operator is not implemented for when implicit == true. [op_expand_copy.cpp:63] Check failed (check_expand_copy_args(self, expand_sizes, implicit, out)):  [method.cpp:1480] KernelCall failed at instruction 0:0 in operator aten::expand_copy.out: 0x12 [method.cpp:1490] arg 0 with type id 1 [method.cpp:1490] arg 1 with type id 8 [method.cpp:1490] arg 2 with type id 5 [method.cpp:1490] arg 3 with type id 1 [method.cpp:1490] arg 4 with type id 1	n0*=expand_copy(L0,·,·)
SKIP	w75:167	client RuntimeError: method->execute() failed with error 0x12 | [op_arange.cpp:55] Check failed (utils::extract_scalar(start, &d_start)):  [method.cpp:1480] KernelCall failed at instruction 0:0 in operator aten::arange.start_out: 0x12 [method.cpp:1490] arg 0 with type id 5 [method.cpp:1490] arg 1 with type id 5 [method.cpp:1490] arg 2 with type id 3 [method.cpp:1490] arg 3 with type id 1 [method.cpp:1490] arg 4 with type id 1	n0*=arange.start_out(·,·,·,·)
MISMATCH	w75:216	out[0] max|delta|=4.612e+18 (rtol=0.01 atol=0.001)	n0*=bitwise_left_shift.Tensor_Scalar_out(L0,·,·)
SKIP	w75:231	client RuntimeError: method->execute() failed with error 0x12 | [index_util.cpp:156] Check failed (index.scalar_type() == ScalarType::Long): Expected dtype int64 for index; index.scalar_type() = Int [op_scatter.cpp:113] Check failed (check_scatter_src_args(in, dim, index, src, out)):  [method.cpp:1480] KernelCall failed at instruction 0:0 in operator aten::scatter.src_out: 0x12 [method.cpp:1490] arg 0 with type id 1 [method.cpp:1490] arg 1 with type id 4 [method.cpp:1490] arg 2 with type id 1 [method.cpp:1490] arg 3 with type id 1 [method.cpp:1490] arg 4 with type id 1 [method.cpp:1490] arg 5 with type id 1	n0*=scatter.src_out(L0,·,L1,L2,·)
SKIP	w75:238	client RuntimeError: method->execute() failed with error 0x12 | [op_copy.cpp:33] Check failed (non_blocking == false):  [method.cpp:1480] KernelCall failed at instruction 0:0 in operator aten::copy.out: 0x12 [method.cpp:1490] arg 0 with type id 1 [method.cpp:1490] arg 1 with type id 1 [method.cpp:1490] arg 2 with type id 5 [method.cpp:1490] arg 3 with type id 1 [method.cpp:1490] arg 4 with type id 1	n0*=copy(L0,L1,·)
MISMATCH	w75:24	out[0] non-finite mismatch (nan/inf positions differ)	n0*=gelu.out(L0,·,·)
MISMATCH	w75:252	out[0] non-finite mismatch (nan/inf positions differ)	n0*=gelu.out(L0,·,·)
MISMATCH	w75:265	out[0] max|delta|=4.000e+00 (rtol=0.0 atol=0.0)	n0*=remainder.Tensor_out(L0,L1,·)
SKIP	w75:274	client RuntimeError: method->execute() failed with error 0x12 | [normalization_ops_util.cpp:160] Check failed (in.size(0) == N):  [op_native_group_norm.cpp:139] Check failed (check_group_norm_args( input, weight, bias, N, C, HxW, group, out, mean_out, rstd_out)):  [method.cpp:1480] KernelCall failed at instruction 0:0 in operator aten::native_group_norm.out: 0x12 [method.cpp:1490] arg 0 with type id 1 [method.cpp:1490] arg 1 with type id 0 [method.cpp:1490] arg 2 with type id 0 [method.cpp:1490] arg 3 with type id 4 [method.cpp:1490] arg 4 with type id 4 [method.cpp:1490] arg 5 with type id 4 [method.cpp:1490] arg 6 with type id 4 [method.cpp:1490] arg 7 with type id 3 [method.cpp:1490] arg 8 with type id 1 [method.cpp:1490] arg 9 with type id 1 [method.cpp:1490] arg 10 with type id 1 [method.cpp:1490] arg 11 with type id 9	n0*=native_group_norm(L0,·,·,·,·,·,·,·)
SKIP	w75:277	client RuntimeError: method->execute() failed with error 0x12 | [tensor_util.h:617] Check failed (static_cast<size_t>(t.dim()) == rank): Expected tensor.dim() to be 2, but got 4 [distance_util.cpp:16] Check failed (tensor_is_rank(in, 2)):  [op_pdist_forward.cpp:25] Check failed (check_pdist_args(in, p, out)):  [method.cpp:1480] KernelCall failed at instruction 0:0 in operator aten::_pdist_forward.out: 0x12 [method.cpp:1490] arg 0 with type id 1 [method.cpp:1490] arg 1 with type id 3 [method.cpp:1490] arg 2 with type id 1 [method.cpp:1490] arg 3 with type id 1	n0*=_pdist_forward(L0,·)
SKIP	w75:3	client RuntimeError: method->execute() failed with error 0x12 | [index_util.cpp:156] Check failed (index.scalar_type() == ScalarType::Long): Expected dtype int64 for index; index.scalar_type() = Int [op_scatter.cpp:113] Check failed (check_scatter_src_args(in, dim, index, src, out)):  [method.cpp:1480] KernelCall failed at instruction 0:0 in operator aten::scatter.src_out: 0x12 [method.cpp:1490] arg 0 with type id 1 [method.cpp:1490] arg 1 with type id 4 [method.cpp:1490] arg 2 with type id 1 [method.cpp:1490] arg 3 with type id 1 [method.cpp:1490] arg 4 with type id 1 [method.cpp:1490] arg 5 with type id 1	n0*=scatter.src_out(L0,·,L1,L2,·)
MISMATCH	w75:297	out[0] max|delta|=1.763e+00 (rtol=0.01 atol=0.001)	n0*=max_pool2d_with_indices_backward.grad_input(L0,L1,·,·,·,·,·,L2,L3)
SKIP	w75:46	client RuntimeError: method->execute() failed with error 0x12 | [normalization_ops_util.cpp:160] Check failed (in.size(0) == N):  [op_native_group_norm.cpp:139] Check failed (check_group_norm_args( input, weight, bias, N, C, HxW, group, out, mean_out, rstd_out)):  [method.cpp:1480] KernelCall failed at instruction 0:0 in operator aten::native_group_norm.out: 0x12 [method.cpp:1490] arg 0 with type id 1 [method.cpp:1490] arg 1 with type id 0 [method.cpp:1490] arg 2 with type id 0 [method.cpp:1490] arg 3 with type id 4 [method.cpp:1490] arg 4 with type id 4 [method.cpp:1490] arg 5 with type id 4 [method.cpp:1490] arg 6 with type id 4 [method.cpp:1490] arg 7 with type id 3 [method.cpp:1490] arg 8 with type id 1 [method.cpp:1490] arg 9 with type id 1 [method.cpp:1490] arg 10 with type id 1 [method.cpp:1490] arg 11 with type id 9	n0*=native_group_norm(L0,·,·,·,·,·,·,·)
SKIP	w75:77	client RuntimeError: method->execute() failed with error 0x12 | [op_fft_r2c.cpp:32] Check failed (onesided): onesided=False is not supported yet in _fft_r2c [method.cpp:1480] KernelCall failed at instruction 0:0 in operator aten::_fft_r2c.out: 0x12 [method.cpp:1490] arg 0 with type id 1 [method.cpp:1490] arg 1 with type id 8 [method.cpp:1490] arg 2 with type id 4 [method.cpp:1490] arg 3 with type id 5 [method.cpp:1490] arg 4 with type id 1 [method.cpp:1490] arg 5 with type id 1	n0*=_fft_r2c(L0,·,·,·)
SKIP	w76:0	client RuntimeError: method->execute() failed with error 0x12 | [op_copy.cpp:33] Check failed (non_blocking == false):  [method.cpp:1480] KernelCall failed at instruction 0:0 in operator aten::copy.out: 0x12 [method.cpp:1490] arg 0 with type id 1 [method.cpp:1490] arg 1 with type id 1 [method.cpp:1490] arg 2 with type id 5 [method.cpp:1490] arg 3 with type id 1 [method.cpp:1490] arg 4 with type id 1	n0*=copy(L0,L1,·)
SKIP	w76:110	client RuntimeError: method->execute() failed with error 0x12 | [op_log_softmax.cpp:152] Check failed (false):  [method.cpp:1480] KernelCall failed at instruction 0:0 in operator aten::_log_softmax.out: 0x12 [method.cpp:1490] arg 0 with type id 1 [method.cpp:1490] arg 1 with type id 4 [method.cpp:1490] arg 2 with type id 5 [method.cpp:1490] arg 3 with type id 1 [method.cpp:1490] arg 4 with type id 1	n0*=_log_softmax.out(L0,·,·,·)
MISMATCH	w76:130	out[0] max|delta|=5.765e+17 (rtol=0.0 atol=0.0)	n0*=bitwise_left_shift.Tensor_Scalar(L0,·)
MISMATCH	w76:14	out[0] non-finite mismatch (nan/inf positions differ)	n0*=gelu.out(L0,·,·)
MISMATCH	w76:152	out[0] max|delta|=2.000e+00 (rtol=0.0 atol=0.0)	n0*=remainder.Scalar_out(L0,·,·)
SKIP	w76:157	client RuntimeError: method->execute() failed with error 0x12 | [op_arange.cpp:55] Check failed (utils::extract_scalar(start, &d_start)):  [method.cpp:1480] KernelCall failed at instruction 0:0 in operator aten::arange.start_out: 0x12 [method.cpp:1490] arg 0 with type id 5 [method.cpp:1490] arg 1 with type id 5 [method.cpp:1490] arg 2 with type id 3 [method.cpp:1490] arg 3 with type id 1 [method.cpp:1490] arg 4 with type id 1	n0*=arange.start_out(·,·,·,·)
SKIP	w76:182	client RuntimeError: method->execute() failed with error 0x12 | [normalization_ops_util.cpp:161] Check failed (in.size(1) == C):  [op_native_group_norm.cpp:139] Check failed (check_group_norm_args( input, weight, bias, N, C, HxW, group, out, mean_out, rstd_out)):  [method.cpp:1480] KernelCall failed at instruction 0:0 in operator aten::native_group_norm.out: 0x12 [method.cpp:1490] arg 0 with type id 1 [method.cpp:1490] arg 1 with type id 0 [method.cpp:1490] arg 2 with type id 0 [method.cpp:1490] arg 3 with type id 4 [method.cpp:1490] arg 4 with type id 4 [method.cpp:1490] arg 5 with type id 4 [method.cpp:1490] arg 6 with type id 4 [method.cpp:1490] arg 7 with type id 3 [method.cpp:1490] arg 8 with type id 1 [method.cpp:1490] arg 9 with type id 1 [method.cpp:1490] arg 10 with type id 1 [method.cpp:1490] arg 11 with type id 9	n0*=native_group_norm(L0,·,·,·,·,·,·,·)
MISMATCH	w76:209	out[0] max|delta|=6.918e+18 (rtol=0.0 atol=0.0)	n0*=bitwise_left_shift.Tensor_out(L0,L1,·)
SKIP	w76:228	client RuntimeError: method->execute() failed with error 0x12 | [op_copy.cpp:33] Check failed (non_blocking == false):  [method.cpp:1480] KernelCall failed at instruction 0:0 in operator aten::copy.out: 0x12 [method.cpp:1490] arg 0 with type id 1 [method.cpp:1490] arg 1 with type id 1 [method.cpp:1490] arg 2 with type id 5 [method.cpp:1490] arg 3 with type id 1 [method.cpp:1490] arg 4 with type id 1	n0*=copy(L0,L1,·)
MISMATCH	w76:242	out[0] non-finite mismatch (nan/inf positions differ)	n0*=gelu.out(L0,·,·)
MISMATCH	w76:255	out[0] max|delta|=4.000e+00 (rtol=0.0 atol=0.0)	n0*=remainder.Tensor_out(L0,L1,·)
SKIP	w76:264	client RuntimeError: method->execute() failed with error 0x12 | [normalization_ops_util.cpp:160] Check failed (in.size(0) == N):  [op_native_group_norm.cpp:139] Check failed (check_group_norm_args( input, weight, bias, N, C, HxW, group, out, mean_out, rstd_out)):  [method.cpp:1480] KernelCall failed at instruction 0:0 in operator aten::native_group_norm.out: 0x12 [method.cpp:1490] arg 0 with type id 1 [method.cpp:1490] arg 1 with type id 0 [method.cpp:1490] arg 2 with type id 0 [method.cpp:1490] arg 3 with type id 4 [method.cpp:1490] arg 4 with type id 4 [method.cpp:1490] arg 5 with type id 4 [method.cpp:1490] arg 6 with type id 4 [method.cpp:1490] arg 7 with type id 3 [method.cpp:1490] arg 8 with type id 1 [method.cpp:1490] arg 9 with type id 1 [method.cpp:1490] arg 10 with type id 1 [method.cpp:1490] arg 11 with type id 9	n0*=native_group_norm(L0,·,·,·,·,·,·,·)
SKIP	w76:267	client RuntimeError: method->execute() failed with error 0x12 | [tensor_util.h:617] Check failed (static_cast<size_t>(t.dim()) == rank): Expected tensor.dim() to be 2, but got 5 [distance_util.cpp:16] Check failed (tensor_is_rank(in, 2)):  [op_pdist_forward.cpp:25] Check failed (check_pdist_args(in, p, out)):  [method.cpp:1480] KernelCall failed at instruction 0:0 in operator aten::_pdist_forward.out: 0x12 [method.cpp:1490] arg 0 with type id 1 [method.cpp:1490] arg 1 with type id 3 [method.cpp:1490] arg 2 with type id 1 [method.cpp:1490] arg 3 with type id 1	n0*=_pdist_forward(L0,·)
SKIP	w76:36	client RuntimeError: method->execute() failed with error 0x12 | [normalization_ops_util.cpp:160] Check failed (in.size(0) == N):  [op_native_group_norm.cpp:139] Check failed (check_group_norm_args( input, weight, bias, N, C, HxW, group, out, mean_out, rstd_out)):  [method.cpp:1480] KernelCall failed at instruction 0:0 in operator aten::native_group_norm.out: 0x12 [method.cpp:1490] arg 0 with type id 1 [method.cpp:1490] arg 1 with type id 0 [method.cpp:1490] arg 2 with type id 0 [method.cpp:1490] arg 3 with type id 4 [method.cpp:1490] arg 4 with type id 4 [method.cpp:1490] arg 5 with type id 4 [method.cpp:1490] arg 6 with type id 4 [method.cpp:1490] arg 7 with type id 3 [method.cpp:1490] arg 8 with type id 1 [method.cpp:1490] arg 9 with type id 1 [method.cpp:1490] arg 10 with type id 1 [method.cpp:1490] arg 11 with type id 9	n0*=native_group_norm(L0,·,·,·,·,·,·,·)
SKIP	w76:39	client RuntimeError: method->execute() failed with error 0x12 | [tensor_util.h:617] Check failed (static_cast<size_t>(t.dim()) == rank): Expected tensor.dim() to be 2, but got 3 [distance_util.cpp:16] Check failed (tensor_is_rank(in, 2)):  [op_pdist_forward.cpp:25] Check failed (check_pdist_args(in, p, out)):  [method.cpp:1480] KernelCall failed at instruction 0:0 in operator aten::_pdist_forward.out: 0x12 [method.cpp:1490] arg 0 with type id 1 [method.cpp:1490] arg 1 with type id 3 [method.cpp:1490] arg 2 with type id 1 [method.cpp:1490] arg 3 with type id 1	n0*=_pdist_forward(L0,·)
SKIP	w76:67	client RuntimeError: method->execute() failed with error 0x12 | [tensor_util_portable.cpp:130] Check failed (all_contiguous || all_channels_last): 2 input tensors have different dim orders [op_fft_r2c.cpp:29] Check failed (tensors_have_same_dim_order(in, out)):  [method.cpp:1480] KernelCall failed at instruction 0:0 in operator aten::_fft_r2c.out: 0x12 [method.cpp:1490] arg 0 with type id 1 [method.cpp:1490] arg 1 with type id 8 [method.cpp:1490] arg 2 with type id 4 [method.cpp:1490] arg 3 with type id 5 [method.cpp:1490] arg 4 with type id 1 [method.cpp:1490] arg 5 with type id 1	n0*=_fft_r2c(L0,·,·,·)
SKIP	w76:85	client RuntimeError: method->execute() failed with error 0x12 | [op_add.cpp:118] Check failed ((common_type == a_type && check_alpha_type(utils::get_scalar_dtype(alpha), common_type))):  [method.cpp:1480] KernelCall failed at instruction 0:0 in operator aten::add.Scalar_out: 0x12 [method.cpp:1490] arg 0 with type id 1 [method.cpp:1490] arg 1 with type id 4 [method.cpp:1490] arg 2 with type id 4 [method.cpp:1490] arg 3 with type id 1 [method.cpp:1490] arg 4 with type id 1	n0*=add.Scalar(L0,·,·)
SKIP	w77:136	client RuntimeError: method->execute() failed with error 0x12 | [op_log_softmax.cpp:152] Check failed (false):  [method.cpp:1480] KernelCall failed at instruction 0:0 in operator aten::_log_softmax.out: 0x12 [method.cpp:1490] arg 0 with type id 1 [method.cpp:1490] arg 1 with type id 4 [method.cpp:1490] arg 2 with type id 5 [method.cpp:1490] arg 3 with type id 1 [method.cpp:1490] arg 4 with type id 1	n0*=_log_softmax.out(L0,·,·,·)
MISMATCH	w77:156	out[0] max|delta|=4.612e+18 (rtol=0.0 atol=0.0)	n0*=bitwise_left_shift.Tensor_Scalar(L0,·)
SKIP	w77:158	client RuntimeError: method->execute() failed with error 0x12 | [index_util.cpp:156] Check failed (index.scalar_type() == ScalarType::Long): Expected dtype int64 for index; index.scalar_type() = Int [op_scatter_add.cpp:61] Check failed (check_scatter_add_args(self, dim, index, src, out)):  [method.cpp:1480] KernelCall failed at instruction 0:0 in operator aten::scatter_add.out: 0x12 [method.cpp:1490] arg 0 with type id 1 [method.cpp:1490] arg 1 with type id 4 [method.cpp:1490] arg 2 with type id 1 [method.cpp:1490] arg 3 with type id 1 [method.cpp:1490] arg 4 with type id 1 [method.cpp:1490] arg 5 with type id 1	n0*=scatter_add.out(L0,·,L1,L2,·)
SKIP	w77:164	client RuntimeError: method->execute() failed with error 0x12 | [copy_ops_util.cpp:165] Check failed (implicit == false): This operator is not implemented for when implicit == true. [op_expand_copy.cpp:63] Check failed (check_expand_copy_args(self, expand_sizes, implicit, out)):  [method.cpp:1480] KernelCall failed at instruction 0:0 in operator aten::expand_copy.out: 0x12 [method.cpp:1490] arg 0 with type id 1 [method.cpp:1490] arg 1 with type id 8 [method.cpp:1490] arg 2 with type id 5 [method.cpp:1490] arg 3 with type id 1 [method.cpp:1490] arg 4 with type id 1	n0*=expand_copy(L0,·,·)
SKIP	w77:183	client RuntimeError: method->execute() failed with error 0x12 | [op_arange.cpp:55] Check failed (utils::extract_scalar(start, &d_start)):  [method.cpp:1480] KernelCall failed at instruction 0:0 in operator aten::arange.start_out: 0x12 [method.cpp:1490] arg 0 with type id 5 [method.cpp:1490] arg 1 with type id 5 [method.cpp:1490] arg 2 with type id 5 [method.cpp:1490] arg 3 with type id 1 [method.cpp:1490] arg 4 with type id 1	n0*=arange.start_out(·,·,·,·)
SKIP	w77:190	client RuntimeError: method->execute() failed with error 0x12 | [op_sub.cpp:144] Check failed (utils::extract_scalar(alpha, &alpha_val)):  [method.cpp:1480] KernelCall failed at instruction 0:0 in operator aten::sub.Scalar_out: 0x12 [method.cpp:1490] arg 0 with type id 1 [method.cpp:1490] arg 1 with type id 4 [method.cpp:1490] arg 2 with type id 4 [method.cpp:1490] arg 3 with type id 1 [method.cpp:1490] arg 4 with type id 1	n0*=sub.Scalar(L0,·,·)
SKIP	w77:208	client RuntimeError: method->execute() failed with error 0x12 | [normalization_ops_util.cpp:160] Check failed (in.size(0) == N):  [op_native_group_norm.cpp:139] Check failed (check_group_norm_args( input, weight, bias, N, C, HxW, group, out, mean_out, rstd_out)):  [method.cpp:1480] KernelCall failed at instruction 0:0 in operator aten::native_group_norm.out: 0x12 [method.cpp:1490] arg 0 with type id 1 [method.cpp:1490] arg 1 with type id 0 [method.cpp:1490] arg 2 with type id 0 [method.cpp:1490] arg 3 with type id 4 [method.cpp:1490] arg 4 with type id 4 [method.cpp:1490] arg 5 with type id 4 [method.cpp:1490] arg 6 with type id 4 [method.cpp:1490] arg 7 with type id 3 [method.cpp:1490] arg 8 with type id 1 [method.cpp:1490] arg 9 with type id 1 [method.cpp:1490] arg 10 with type id 1 [method.cpp:1490] arg 11 with type id 9	n0*=native_group_norm(L0,·,·,·,·,·,·,·)
MISMATCH	w77:232	out[0] max|delta|=5.033e+07 (rtol=0.0 atol=0.0)	n0*=bitwise_left_shift.Tensor_Scalar_out(L0,·,·)
SKIP	w77:254	client RuntimeError: method->execute() failed with error 0x12 | [op_copy.cpp:33] Check failed (non_blocking == false):  [method.cpp:1480] KernelCall failed at instruction 0:0 in operator aten::copy.out: 0x12 [method.cpp:1490] arg 0 with type id 1 [method.cpp:1490] arg 1 with type id 1 [method.cpp:1490] arg 2 with type id 5 [method.cpp:1490] arg 3 with type id 1 [method.cpp:1490] arg 4 with type id 1	n0*=copy(L0,L1,·)
CRASH	w69:351	executor died (native abort)	n0*=max_pool2d_with_indices_backward.grad_input(L0,L1,·,·,·,·,·,L2,L3)
MISMATCH	w77:268	out[0] non-finite mismatch (nan/inf positions differ)	n0*=gelu.out(L0,·,·)
MISMATCH	w77:288	out[0] max|delta|=3.999e-01 (rtol=0.01 atol=0.001)	n0*=_native_batch_norm_legit.no_stats(L0,·,·,·,·,·)
MISMATCH	w77:40	out[0] non-finite mismatch (nan/inf positions differ)	n0*=gelu.out(L0,·,·)
MISMATCH	w77:54	out[0] max|delta|=4.000e+00 (rtol=0.0 atol=0.0)	n0*=fmod.Scalar(L0,·)
SKIP	w77:62	client RuntimeError: method->execute() failed with error 0x12 | [normalization_ops_util.cpp:160] Check failed (in.size(0) == N):  [op_native_group_norm.cpp:139] Check failed (check_group_norm_args( input, weight, bias, N, C, HxW, group, out, mean_out, rstd_out)):  [method.cpp:1480] KernelCall failed at instruction 0:0 in operator aten::native_group_norm.out: 0x12 [method.cpp:1490] arg 0 with type id 1 [method.cpp:1490] arg 1 with type id 0 [method.cpp:1490] arg 2 with type id 0 [method.cpp:1490] arg 3 with type id 4 [method.cpp:1490] arg 4 with type id 4 [method.cpp:1490] arg 5 with type id 4 [method.cpp:1490] arg 6 with type id 4 [method.cpp:1490] arg 7 with type id 3 [method.cpp:1490] arg 8 with type id 1 [method.cpp:1490] arg 9 with type id 1 [method.cpp:1490] arg 10 with type id 1 [method.cpp:1490] arg 11 with type id 9	n0*=native_group_norm(L0,·,·,·,·,·,·,·)
MISMATCH	w77:7	out[0] max|delta|=1.611e+09 (rtol=0.0 atol=0.0)	n0*=bitwise_left_shift.Tensor_out(L0,L1,·)
SKIP	w77:93	client RuntimeError: method->execute() failed with error 0x12 | [tensor_util_portable.cpp:130] Check failed (all_contiguous || all_channels_last): 2 input tensors have different dim orders [op_fft_r2c.cpp:29] Check failed (tensors_have_same_dim_order(in, out)):  [method.cpp:1480] KernelCall failed at instruction 0:0 in operator aten::_fft_r2c.out: 0x12 [method.cpp:1490] arg 0 with type id 1 [method.cpp:1490] arg 1 with type id 8 [method.cpp:1490] arg 2 with type id 4 [method.cpp:1490] arg 3 with type id 5 [method.cpp:1490] arg 4 with type id 1 [method.cpp:1490] arg 5 with type id 1	n0*=_fft_r2c(L0,·,·,·)
SKIP	w78:120	client RuntimeError: method->execute() failed with error 0x12 | [op_fft_r2c.cpp:32] Check failed (onesided): onesided=False is not supported yet in _fft_r2c [method.cpp:1480] KernelCall failed at instruction 0:0 in operator aten::_fft_r2c.out: 0x12 [method.cpp:1490] arg 0 with type id 1 [method.cpp:1490] arg 1 with type id 8 [method.cpp:1490] arg 2 with type id 4 [method.cpp:1490] arg 3 with type id 5 [method.cpp:1490] arg 4 with type id 1 [method.cpp:1490] arg 5 with type id 1	n0*=_fft_r2c(L0,·,·,·)
MISMATCH	w78:163	out[0] non-finite mismatch (nan/inf positions differ)	n0*=_log_softmax.out(L0,·,·,·)
SKIP	w78:191	client RuntimeError: method->execute() failed with error 0x12 | [copy_ops_util.cpp:165] Check failed (implicit == false): This operator is not implemented for when implicit == true. [op_expand_copy.cpp:63] Check failed (check_expand_copy_args(self, expand_sizes, implicit, out)):  [method.cpp:1480] KernelCall failed at instruction 0:0 in operator aten::expand_copy.out: 0x12 [method.cpp:1490] arg 0 with type id 1 [method.cpp:1490] arg 1 with type id 8 [method.cpp:1490] arg 2 with type id 5 [method.cpp:1490] arg 3 with type id 1 [method.cpp:1490] arg 4 with type id 1	n0*=expand_copy(L0,·,·)
MISMATCH	w78:226	out[0] max|delta|=2.550e+02 (rtol=0.0 atol=0.0)	n0*=prod.int_out(L0,·,·,·,·)
MISMATCH	w78:262	out[0] max|delta|=1.611e+09 (rtol=0.0 atol=0.0)	n0*=bitwise_left_shift.Tensor_out(L0,L1,·)
SKIP	w78:281	client RuntimeError: method->execute() failed with error 0x12 | [op_copy.cpp:33] Check failed (non_blocking == false):  [method.cpp:1480] KernelCall failed at instruction 0:0 in operator aten::copy.out: 0x12 [method.cpp:1490] arg 0 with type id 1 [method.cpp:1490] arg 1 with type id 1 [method.cpp:1490] arg 2 with type id 5 [method.cpp:1490] arg 3 with type id 1 [method.cpp:1490] arg 4 with type id 1	n0*=copy(L0,L1,·)
SKIP	w78:282	client RuntimeError: method->execute() failed with error 0x12 | [op_full.cpp:40] Unhandled dtype Float8_e4m3fn for full.out [method.cpp:1480] KernelCall failed at instruction 0:0 in operator aten::full.out: 0x12 [method.cpp:1490] arg 0 with type id 8 [method.cpp:1490] arg 1 with type id 4 [method.cpp:1490] arg 2 with type id 1 [method.cpp:1490] arg 3 with type id 1	n0*=stack(·,·)
MISMATCH	w78:295	out[0] non-finite mismatch (nan/inf positions differ)	n0*=gelu.out(L0,·,·)
SKIP	w78:317	client RuntimeError: method->execute() failed with error 0x12 | [normalization_ops_util.cpp:161] Check failed (in.size(1) == C):  [op_native_group_norm.cpp:139] Check failed (check_group_norm_args( input, weight, bias, N, C, HxW, group, out, mean_out, rstd_out)):  [method.cpp:1480] KernelCall failed at instruction 0:0 in operator aten::native_group_norm.out: 0x12 [method.cpp:1490] arg 0 with type id 1 [method.cpp:1490] arg 1 with type id 0 [method.cpp:1490] arg 2 with type id 0 [method.cpp:1490] arg 3 with type id 4 [method.cpp:1490] arg 4 with type id 4 [method.cpp:1490] arg 5 with type id 4 [method.cpp:1490] arg 6 with type id 4 [method.cpp:1490] arg 7 with type id 3 [method.cpp:1490] arg 8 with type id 1 [method.cpp:1490] arg 9 with type id 1 [method.cpp:1490] arg 10 with type id 1 [method.cpp:1490] arg 11 with type id 9	n0*=native_group_norm(L0,·,·,·,·,·,·,·)
MISMATCH	w78:34	out[0] max|delta|=1.611e+09 (rtol=0.01 atol=0.001)	n0*=bitwise_left_shift.Tensor_out(L0,L1,·)
SKIP	w78:348	client RuntimeError: method->execute() failed with error 0x12 | [tensor_util_portable.cpp:130] Check failed (all_contiguous || all_channels_last): 2 input tensors have different dim orders [op_fft_r2c.cpp:29] Check failed (tensors_have_same_dim_order(in, out)):  [method.cpp:1480] KernelCall failed at instruction 0:0 in operator aten::_fft_r2c.out: 0x12 [method.cpp:1490] arg 0 with type id 1 [method.cpp:1490] arg 1 with type id 8 [method.cpp:1490] arg 2 with type id 4 [method.cpp:1490] arg 3 with type id 5 [method.cpp:1490] arg 4 with type id 1 [method.cpp:1490] arg 5 with type id 1	n0*=_fft_r2c(L0,·,·,·)
MISMATCH	w78:394	out[0] non-finite mismatch (nan/inf positions differ)	n0*=addmm.out(L0,L1,L2,·,·,·)
SKIP	w78:438	client RuntimeError: method->execute() failed with error 0x12 | [op_arange.cpp:55] Check failed (utils::extract_scalar(start, &d_start)):  [method.cpp:1480] KernelCall failed at instruction 0:0 in operator aten::arange.start_out: 0x12 [method.cpp:1490] arg 0 with type id 5 [method.cpp:1490] arg 1 with type id 5 [method.cpp:1490] arg 2 with type id 5 [method.cpp:1490] arg 3 with type id 1 [method.cpp:1490] arg 4 with type id 1	n0*=arange.start_out(·,·,·,·)
SKIP	w78:463	client RuntimeError: method->execute() failed with error 0x12 | [normalization_ops_util.cpp:160] Check failed (in.size(0) == N):  [op_native_group_norm.cpp:139] Check failed (check_group_norm_args( input, weight, bias, N, C, HxW, group, out, mean_out, rstd_out)):  [method.cpp:1480] KernelCall failed at instruction 0:0 in operator aten::native_group_norm.out: 0x12 [method.cpp:1490] arg 0 with type id 1 [method.cpp:1490] arg 1 with type id 0 [method.cpp:1490] arg 2 with type id 0 [method.cpp:1490] arg 3 with type id 4 [method.cpp:1490] arg 4 with type id 4 [method.cpp:1490] arg 5 with type id 4 [method.cpp:1490] arg 6 with type id 4 [method.cpp:1490] arg 7 with type id 3 [method.cpp:1490] arg 8 with type id 1 [method.cpp:1490] arg 9 with type id 1 [method.cpp:1490] arg 10 with type id 1 [method.cpp:1490] arg 11 with type id 9	n0*=native_group_norm(L0,·,·,·,·,·,·,·)
MISMATCH	w78:487	out[0] max|delta|=2.162e+17 (rtol=0.0 atol=0.0)	n0*=bitwise_left_shift.Tensor_Scalar_out(L0,·,·)
MISMATCH	w78:490	out[0] max|delta|=1.611e+09 (rtol=0.0 atol=0.0)	n0*=bitwise_left_shift.Tensor_out(L0,L1,·)
SKIP	w78:509	client RuntimeError: method->execute() failed with error 0x12 | [op_copy.cpp:33] Check failed (non_blocking == false):  [method.cpp:1480] KernelCall failed at instruction 0:0 in operator aten::copy.out: 0x12 [method.cpp:1490] arg 0 with type id 1 [method.cpp:1490] arg 1 with type id 1 [method.cpp:1490] arg 2 with type id 5 [method.cpp:1490] arg 3 with type id 1 [method.cpp:1490] arg 4 with type id 1	n0*=copy(L0,L1,·)
MISMATCH	w78:67	out[0] non-finite mismatch (nan/inf positions differ)	n0*=gelu.out(L0,·,·)
MISMATCH	w78:7	out[0] non-finite mismatch (nan/inf positions differ)	n0*=native_group_norm(L0,·,·,·,·,·,·,·)
SKIP	w78:89	client RuntimeError: method->execute() failed with error 0x12 | [normalization_ops_util.cpp:160] Check failed (in.size(0) == N):  [op_native_group_norm.cpp:139] Check failed (check_group_norm_args( input, weight, bias, N, C, HxW, group, out, mean_out, rstd_out)):  [method.cpp:1480] KernelCall failed at instruction 0:0 in operator aten::native_group_norm.out: 0x12 [method.cpp:1490] arg 0 with type id 1 [method.cpp:1490] arg 1 with type id 0 [method.cpp:1490] arg 2 with type id 0 [method.cpp:1490] arg 3 with type id 4 [method.cpp:1490] arg 4 with type id 4 [method.cpp:1490] arg 5 with type id 4 [method.cpp:1490] arg 6 with type id 4 [method.cpp:1490] arg 7 with type id 3 [method.cpp:1490] arg 8 with type id 1 [method.cpp:1490] arg 9 with type id 1 [method.cpp:1490] arg 10 with type id 1 [method.cpp:1490] arg 11 with type id 9	n0*=native_group_norm(L0,·,·,·,·,·,·,·)
CRASH	w76:59	executor died (native abort)	n0*=max_pool2d_with_indices_backward.grad_input(L0,L1,·,·,·,·,·,L2,L3)
SKIP	w78:92	client RuntimeError: method->execute() failed with error 0x12 | [tensor_util.h:617] Check failed (static_cast<size_t>(t.dim()) == rank): Expected tensor.dim() to be 2, but got 4 [distance_util.cpp:16] Check failed (tensor_is_rank(in, 2)):  [op_pdist_forward.cpp:25] Check failed (check_pdist_args(in, p, out)):  [method.cpp:1480] KernelCall failed at instruction 0:0 in operator aten::_pdist_forward.out: 0x12 [method.cpp:1490] arg 0 with type id 1 [method.cpp:1490] arg 1 with type id 3 [method.cpp:1490] arg 2 with type id 1 [method.cpp:1490] arg 3 with type id 1	n0*=_pdist_forward(L0,·)
MISMATCH	w79:12	out[0] max|delta|=9.223e+18 (rtol=0.01 atol=0.001)	n0*=bitwise_left_shift.Tensor_out(L0,L1,·)
SKIP	w79:141	client RuntimeError: method->execute() failed with error 0x12 | [op_log_softmax.cpp:152] Check failed (false):  [method.cpp:1480] KernelCall failed at instruction 0:0 in operator aten::_log_softmax.out: 0x12 [method.cpp:1490] arg 0 with type id 1 [method.cpp:1490] arg 1 with type id 4 [method.cpp:1490] arg 2 with type id 5 [method.cpp:1490] arg 3 with type id 1 [method.cpp:1490] arg 4 with type id 1	n0*=_log_softmax.out(L0,·,·,·)
MISMATCH	w79:161	out[0] max|delta|=1.441e+17 (rtol=0.0 atol=0.0)	n0*=bitwise_left_shift.Tensor_Scalar(L0,·)
SKIP	w79:188	client RuntimeError: method->execute() failed with error 0x12 | [op_arange.cpp:55] Check failed (utils::extract_scalar(start, &d_start)):  [method.cpp:1480] KernelCall failed at instruction 0:0 in operator aten::arange.start_out: 0x12 [method.cpp:1490] arg 0 with type id 5 [method.cpp:1490] arg 1 with type id 5 [method.cpp:1490] arg 2 with type id 4 [method.cpp:1490] arg 3 with type id 1 [method.cpp:1490] arg 4 with type id 1	n0*=arange.start_out(·,·,·,·)
SKIP	w79:189	client RuntimeError: method->execute() failed with error 0x12 | [index_util.cpp:24] Check failed (index.scalar_type() == ScalarType::Long): Expected dtype int64 for index; index.scalar_type() = Int [op_gather.cpp:72] Check failed (check_gather_args(in, dim, index, sparse_grad, out)):  [method.cpp:1480] KernelCall failed at instruction 0:0 in operator aten::gather.out: 0x12 [method.cpp:1490] arg 0 with type id 1 [method.cpp:1490] arg 1 with type id 4 [method.cpp:1490] arg 2 with type id 1 [method.cpp:1490] arg 3 with type id 5 [method.cpp:1490] arg 4 with type id 1 [method.cpp:1490] arg 5 with type id 1	n0*=gather.out(L0,·,L1,·,·)
SKIP	w79:213	client RuntimeError: method->execute() failed with error 0x12 | [normalization_ops_util.cpp:160] Check failed (in.size(0) == N):  [op_native_group_norm.cpp:139] Check failed (check_group_norm_args( input, weight, bias, N, C, HxW, group, out, mean_out, rstd_out)):  [method.cpp:1480] KernelCall failed at instruction 0:0 in operator aten::native_group_norm.out: 0x12 [method.cpp:1490] arg 0 with type id 1 [method.cpp:1490] arg 1 with type id 0 [method.cpp:1490] arg 2 with type id 0 [method.cpp:1490] arg 3 with type id 4 [method.cpp:1490] arg 4 with type id 4 [method.cpp:1490] arg 5 with type id 4 [method.cpp:1490] arg 6 with type id 4 [method.cpp:1490] arg 7 with type id 3 [method.cpp:1490] arg 8 with type id 1 [method.cpp:1490] arg 9 with type id 1 [method.cpp:1490] arg 10 with type id 1 [method.cpp:1490] arg 11 with type id 9	n0*=native_group_norm(L0,·,·,·,·,·,·,·)
MISMATCH	w79:237	out[0] max|delta|=2.882e+17 (rtol=0.01 atol=0.001)	n0*=bitwise_left_shift.Tensor_Scalar_out(L0,·,·)
MISMATCH	w79:240	out[0] non-finite mismatch (nan/inf positions differ)	n0*=bitwise_left_shift.Tensor_out(L0,L1,·)
SKIP	w79:259	client RuntimeError: method->execute() failed with error 0x12 | [op_copy.cpp:33] Check failed (non_blocking == false):  [method.cpp:1480] KernelCall failed at instruction 0:0 in operator aten::copy.out: 0x12 [method.cpp:1490] arg 0 with type id 1 [method.cpp:1490] arg 1 with type id 1 [method.cpp:1490] arg 2 with type id 5 [method.cpp:1490] arg 3 with type id 1 [method.cpp:1490] arg 4 with type id 1	n0*=copy(L0,L1,·)
SKIP	w79:295	client RuntimeError: method->execute() failed with error 0x12 | [normalization_ops_util.cpp:160] Check failed (in.size(0) == N):  [op_native_group_norm.cpp:139] Check failed (check_group_norm_args( input, weight, bias, N, C, HxW, group, out, mean_out, rstd_out)):  [method.cpp:1480] KernelCall failed at instruction 0:0 in operator aten::native_group_norm.out: 0x12 [method.cpp:1490] arg 0 with type id 1 [method.cpp:1490] arg 1 with type id 0 [method.cpp:1490] arg 2 with type id 0 [method.cpp:1490] arg 3 with type id 4 [method.cpp:1490] arg 4 with type id 4 [method.cpp:1490] arg 5 with type id 4 [method.cpp:1490] arg 6 with type id 4 [method.cpp:1490] arg 7 with type id 3 [method.cpp:1490] arg 8 with type id 1 [method.cpp:1490] arg 9 with type id 1 [method.cpp:1490] arg 10 with type id 1 [method.cpp:1490] arg 11 with type id 9	n0*=native_group_norm(L0,·,·,·,·,·,·,·)
SKIP	w79:298	client RuntimeError: method->execute() failed with error 0x12 | [tensor_util.h:617] Check failed (static_cast<size_t>(t.dim()) == rank): Expected tensor.dim() to be 2, but got 1 [distance_util.cpp:16] Check failed (tensor_is_rank(in, 2)):  [op_pdist_forward.cpp:25] Check failed (check_pdist_args(in, p, out)):  [method.cpp:1480] KernelCall failed at instruction 0:0 in operator aten::_pdist_forward.out: 0x12 [method.cpp:1490] arg 0 with type id 1 [method.cpp:1490] arg 1 with type id 3 [method.cpp:1490] arg 2 with type id 1 [method.cpp:1490] arg 3 with type id 1	n0*=_pdist_forward(L0,·)
SKIP	w79:31	client RuntimeError: method->execute() failed with error 0x12 | [op_copy.cpp:33] Check failed (non_blocking == false):  [method.cpp:1480] KernelCall failed at instruction 0:0 in operator aten::copy.out: 0x12 [method.cpp:1490] arg 0 with type id 1 [method.cpp:1490] arg 1 with type id 1 [method.cpp:1490] arg 2 with type id 5 [method.cpp:1490] arg 3 with type id 1 [method.cpp:1490] arg 4 with type id 1	n0*=copy(L0,L1,·)
CRASH	w78:340	executor died (native abort)	n0*=max_pool2d_with_indices_backward.grad_input(L0,L1,·,·,·,·,·,L2,L3)
SKIP	w79:326	client RuntimeError: method->execute() failed with error 0x12 | [op_fft_r2c.cpp:32] Check failed (onesided): onesided=False is not supported yet in _fft_r2c [method.cpp:1480] KernelCall failed at instruction 0:0 in operator aten::_fft_r2c.out: 0x12 [method.cpp:1490] arg 0 with type id 1 [method.cpp:1490] arg 1 with type id 8 [method.cpp:1490] arg 2 with type id 4 [method.cpp:1490] arg 3 with type id 5 [method.cpp:1490] arg 4 with type id 1 [method.cpp:1490] arg 5 with type id 1	n0*=_fft_r2c(L0,·,·,·)
SKIP	w79:369	client RuntimeError: method->execute() failed with error 0x12 | [op_log_softmax.cpp:152] Check failed (false):  [method.cpp:1480] KernelCall failed at instruction 0:0 in operator aten::_log_softmax.out: 0x12 [method.cpp:1490] arg 0 with type id 1 [method.cpp:1490] arg 1 with type id 4 [method.cpp:1490] arg 2 with type id 5 [method.cpp:1490] arg 3 with type id 1 [method.cpp:1490] arg 4 with type id 1	n0*=_log_softmax.out(L0,·,·,·)
SKIP	w79:391	client RuntimeError: method->execute() failed with error 0x12 | [index_util.cpp:156] Check failed (index.scalar_type() == ScalarType::Long): Expected dtype int64 for index; index.scalar_type() = Int [op_scatter_add.cpp:61] Check failed (check_scatter_add_args(self, dim, index, src, out)):  [method.cpp:1480] KernelCall failed at instruction 0:0 in operator aten::scatter_add.out: 0x12 [method.cpp:1490] arg 0 with type id 1 [method.cpp:1490] arg 1 with type id 4 [method.cpp:1490] arg 2 with type id 1 [method.cpp:1490] arg 3 with type id 1 [method.cpp:1490] arg 4 with type id 1 [method.cpp:1490] arg 5 with type id 1	n0*=scatter_add.out(L0,·,L1,L2,·)
SKIP	w79:397	client RuntimeError: method->execute() failed with error 0x12 | [copy_ops_util.cpp:165] Check failed (implicit == false): This operator is not implemented for when implicit == true. [op_expand_copy.cpp:63] Check failed (check_expand_copy_args(self, expand_sizes, implicit, out)):  [method.cpp:1480] KernelCall failed at instruction 0:0 in operator aten::expand_copy.out: 0x12 [method.cpp:1490] arg 0 with type id 1 [method.cpp:1490] arg 1 with type id 8 [method.cpp:1490] arg 2 with type id 5 [method.cpp:1490] arg 3 with type id 1 [method.cpp:1490] arg 4 with type id 1	n0*=expand_copy(L0,·,·)
SKIP	w79:416	client RuntimeError: method->execute() failed with error 0x12 | [op_arange.cpp:55] Check failed (utils::extract_scalar(start, &d_start)):  [method.cpp:1480] KernelCall failed at instruction 0:0 in operator aten::arange.start_out: 0x12 [method.cpp:1490] arg 0 with type id 5 [method.cpp:1490] arg 1 with type id 5 [method.cpp:1490] arg 2 with type id 5 [method.cpp:1490] arg 3 with type id 1 [method.cpp:1490] arg 4 with type id 1	n0*=arange.start_out(·,·,·,·)
MISMATCH	w79:441	out[0] non-finite mismatch (nan/inf positions differ)	n0*=native_group_norm(L0,·,·,·,·,·,·,·)
MISMATCH	w79:45	out[0] non-finite mismatch (nan/inf positions differ)	n0*=gelu.out(L0,·,·)
SKIP	w79:67	client RuntimeError: method->execute() failed with error 0x12 | [normalization_ops_util.cpp:160] Check failed (in.size(0) == N):  [op_native_group_norm.cpp:139] Check failed (check_group_norm_args( input, weight, bias, N, C, HxW, group, out, mean_out, rstd_out)):  [method.cpp:1480] KernelCall failed at instruction 0:0 in operator aten::native_group_norm.out: 0x12 [method.cpp:1490] arg 0 with type id 1 [method.cpp:1490] arg 1 with type id 0 [method.cpp:1490] arg 2 with type id 0 [method.cpp:1490] arg 3 with type id 4 [method.cpp:1490] arg 4 with type id 4 [method.cpp:1490] arg 5 with type id 4 [method.cpp:1490] arg 6 with type id 4 [method.cpp:1490] arg 7 with type id 3 [method.cpp:1490] arg 8 with type id 1 [method.cpp:1490] arg 9 with type id 1 [method.cpp:1490] arg 10 with type id 1 [method.cpp:1490] arg 11 with type id 9	n0*=native_group_norm(L0,·,·,·,·,·,·,·)
SKIP	w79:70	client RuntimeError: method->execute() failed with error 0x12 | [tensor_util.h:617] Check failed (static_cast<size_t>(t.dim()) == rank): Expected tensor.dim() to be 2, but got 3 [distance_util.cpp:16] Check failed (tensor_is_rank(in, 2)):  [op_pdist_forward.cpp:25] Check failed (check_pdist_args(in, p, out)):  [method.cpp:1480] KernelCall failed at instruction 0:0 in operator aten::_pdist_forward.out: 0x12 [method.cpp:1490] arg 0 with type id 1 [method.cpp:1490] arg 1 with type id 3 [method.cpp:1490] arg 2 with type id 1 [method.cpp:1490] arg 3 with type id 1	n0*=_pdist_forward(L0,·)
MISMATCH	w79:9	out[0] max|delta|=2.882e+17 (rtol=0.01 atol=0.001)	n0*=bitwise_left_shift.Tensor_Scalar_out(L0,·,·)
SKIP	w8:101	client RuntimeError: method->execute() failed with error 0x12 | [tensor_util.h:617] Check failed (static_cast<size_t>(t.dim()) == rank): Expected tensor.dim() to be 2, but got 4 [distance_util.cpp:16] Check failed (tensor_is_rank(in, 2)):  [op_pdist_forward.cpp:25] Check failed (check_pdist_args(in, p, out)):  [method.cpp:1480] KernelCall failed at instruction 0:0 in operator aten::_pdist_forward.out: 0x12 [method.cpp:1490] arg 0 with type id 1 [method.cpp:1490] arg 1 with type id 3 [method.cpp:1490] arg 2 with type id 1 [method.cpp:1490] arg 3 with type id 1	n0*=_pdist_forward(L0,·)
MISMATCH	w8:121	out[0] max|delta|=3.243e+00 (rtol=0.01 atol=0.001)	n0*=max_pool2d_with_indices_backward.grad_input(L0,L1,·,·,·,·,·,L2,L3)
SKIP	w8:129	client RuntimeError: method->execute() failed with error 0x12 | [tensor_util_portable.cpp:130] Check failed (all_contiguous || all_channels_last): 2 input tensors have different dim orders [op_fft_r2c.cpp:29] Check failed (tensors_have_same_dim_order(in, out)):  [method.cpp:1480] KernelCall failed at instruction 0:0 in operator aten::_fft_r2c.out: 0x12 [method.cpp:1490] arg 0 with type id 1 [method.cpp:1490] arg 1 with type id 8 [method.cpp:1490] arg 2 with type id 4 [method.cpp:1490] arg 3 with type id 5 [method.cpp:1490] arg 4 with type id 1 [method.cpp:1490] arg 5 with type id 1	n0*=_fft_r2c(L0,·,·,·)
SKIP	w8:16	client RuntimeError: method->execute() failed with error 0x12 | [normalization_ops_util.cpp:160] Check failed (in.size(0) == N):  [op_native_group_norm.cpp:139] Check failed (check_group_norm_args( input, weight, bias, N, C, HxW, group, out, mean_out, rstd_out)):  [method.cpp:1480] KernelCall failed at instruction 0:0 in operator aten::native_group_norm.out: 0x12 [method.cpp:1490] arg 0 with type id 1 [method.cpp:1490] arg 1 with type id 0 [method.cpp:1490] arg 2 with type id 0 [method.cpp:1490] arg 3 with type id 4 [method.cpp:1490] arg 4 with type id 4 [method.cpp:1490] arg 5 with type id 4 [method.cpp:1490] arg 6 with type id 4 [method.cpp:1490] arg 7 with type id 3 [method.cpp:1490] arg 8 with type id 1 [method.cpp:1490] arg 9 with type id 1 [method.cpp:1490] arg 10 with type id 1 [method.cpp:1490] arg 11 with type id 9	n0*=native_group_norm(L0,·,·,·,·,·,·,·)
SKIP	w8:172	client RuntimeError: method->execute() failed with error 0x12 | [op_log_softmax.cpp:152] Check failed (false):  [method.cpp:1480] KernelCall failed at instruction 0:0 in operator aten::_log_softmax.out: 0x12 [method.cpp:1490] arg 0 with type id 1 [method.cpp:1490] arg 1 with type id 4 [method.cpp:1490] arg 2 with type id 5 [method.cpp:1490] arg 3 with type id 1 [method.cpp:1490] arg 4 with type id 1	n0*=_log_softmax.out(L0,·,·,·)
MISMATCH	w8:185	out[0] max|delta|=3.000e+00 (rtol=0.0 atol=0.0)	n0*=remainder.Scalar(L0,·)
SKIP	w8:200	client RuntimeError: method->execute() failed with error 0x12 | [copy_ops_util.cpp:165] Check failed (implicit == false): This operator is not implemented for when implicit == true. [op_expand_copy.cpp:63] Check failed (check_expand_copy_args(self, expand_sizes, implicit, out)):  [method.cpp:1480] KernelCall failed at instruction 0:0 in operator aten::expand_copy.out: 0x12 [method.cpp:1490] arg 0 with type id 1 [method.cpp:1490] arg 1 with type id 8 [method.cpp:1490] arg 2 with type id 5 [method.cpp:1490] arg 3 with type id 1 [method.cpp:1490] arg 4 with type id 1	n0*=expand_copy(L0,·,·)
SKIP	w8:219	client RuntimeError: method->execute() failed with error 0x12 | [op_arange.cpp:55] Check failed (utils::extract_scalar(start, &d_start)):  [method.cpp:1480] KernelCall failed at instruction 0:0 in operator aten::arange.start_out: 0x12 [method.cpp:1490] arg 0 with type id 5 [method.cpp:1490] arg 1 with type id 5 [method.cpp:1490] arg 2 with type id 3 [method.cpp:1490] arg 3 with type id 1 [method.cpp:1490] arg 4 with type id 1	n0*=arange.start_out(·,·,·,·)
SKIP	w8:244	client RuntimeError: method->execute() failed with error 0x12 | [normalization_ops_util.cpp:160] Check failed (in.size(0) == N):  [op_native_group_norm.cpp:139] Check failed (check_group_norm_args( input, weight, bias, N, C, HxW, group, out, mean_out, rstd_out)):  [method.cpp:1480] KernelCall failed at instruction 0:0 in operator aten::native_group_norm.out: 0x12 [method.cpp:1490] arg 0 with type id 1 [method.cpp:1490] arg 1 with type id 0 [method.cpp:1490] arg 2 with type id 0 [method.cpp:1490] arg 3 with type id 4 [method.cpp:1490] arg 4 with type id 4 [method.cpp:1490] arg 5 with type id 4 [method.cpp:1490] arg 6 with type id 4 [method.cpp:1490] arg 7 with type id 3 [method.cpp:1490] arg 8 with type id 1 [method.cpp:1490] arg 9 with type id 1 [method.cpp:1490] arg 10 with type id 1 [method.cpp:1490] arg 11 with type id 9	n0*=native_group_norm(L0,·,·,·,·,·,·,·)
SKIP	w8:290	client RuntimeError: method->execute() failed with error 0x12 | [op_copy.cpp:33] Check failed (non_blocking == false):  [method.cpp:1480] KernelCall failed at instruction 0:0 in operator aten::copy.out: 0x12 [method.cpp:1490] arg 0 with type id 1 [method.cpp:1490] arg 1 with type id 1 [method.cpp:1490] arg 2 with type id 5 [method.cpp:1490] arg 3 with type id 1 [method.cpp:1490] arg 4 with type id 1	n0*=copy(L0,L1,·)
MISMATCH	w8:304	out[0] non-finite mismatch (nan/inf positions differ)	n0*=gelu.out(L0,·,·)
SKIP	w8:326	client RuntimeError: method->execute() failed with error 0x12 | [normalization_ops_util.cpp:160] Check failed (in.size(0) == N):  [op_native_group_norm.cpp:139] Check failed (check_group_norm_args( input, weight, bias, N, C, HxW, group, out, mean_out, rstd_out)):  [method.cpp:1480] KernelCall failed at instruction 0:0 in operator aten::native_group_norm.out: 0x12 [method.cpp:1490] arg 0 with type id 1 [method.cpp:1490] arg 1 with type id 0 [method.cpp:1490] arg 2 with type id 0 [method.cpp:1490] arg 3 with type id 4 [method.cpp:1490] arg 4 with type id 4 [method.cpp:1490] arg 5 with type id 4 [method.cpp:1490] arg 6 with type id 4 [method.cpp:1490] arg 7 with type id 3 [method.cpp:1490] arg 8 with type id 1 [method.cpp:1490] arg 9 with type id 1 [method.cpp:1490] arg 10 with type id 1 [method.cpp:1490] arg 11 with type id 9	n0*=native_group_norm(L0,·,·,·,·,·,·,·)
SKIP	w8:329	client RuntimeError: method->execute() failed with error 0x12 | [tensor_util.h:617] Check failed (static_cast<size_t>(t.dim()) == rank): Expected tensor.dim() to be 2, but got 5 [distance_util.cpp:16] Check failed (tensor_is_rank(in, 2)):  [op_pdist_forward.cpp:25] Check failed (check_pdist_args(in, p, out)):  [method.cpp:1480] KernelCall failed at instruction 0:0 in operator aten::_pdist_forward.out: 0x12 [method.cpp:1490] arg 0 with type id 1 [method.cpp:1490] arg 1 with type id 3 [method.cpp:1490] arg 2 with type id 1 [method.cpp:1490] arg 3 with type id 1	n0*=_pdist_forward(L0,·)
SKIP	w8:357	client RuntimeError: method->execute() failed with error 0x12 | [tensor_util_portable.cpp:130] Check failed (all_contiguous || all_channels_last): 2 input tensors have different dim orders [op_fft_r2c.cpp:29] Check failed (tensors_have_same_dim_order(in, out)):  [method.cpp:1480] KernelCall failed at instruction 0:0 in operator aten::_fft_r2c.out: 0x12 [method.cpp:1490] arg 0 with type id 1 [method.cpp:1490] arg 1 with type id 8 [method.cpp:1490] arg 2 with type id 4 [method.cpp:1490] arg 3 with type id 5 [method.cpp:1490] arg 4 with type id 1 [method.cpp:1490] arg 5 with type id 1	n0*=_fft_r2c(L0,·,·,·)
MISMATCH	w8:43	out[0] max|delta|=6.918e+18 (rtol=0.01 atol=0.001)	n0*=bitwise_left_shift.Tensor_out(L0,L1,·)
SKIP	w8:62	client RuntimeError: method->execute() failed with error 0x12 | [op_copy.cpp:33] Check failed (non_blocking == false):  [method.cpp:1480] KernelCall failed at instruction 0:0 in operator aten::copy.out: 0x12 [method.cpp:1490] arg 0 with type id 1 [method.cpp:1490] arg 1 with type id 1 [method.cpp:1490] arg 2 with type id 5 [method.cpp:1490] arg 3 with type id 1 [method.cpp:1490] arg 4 with type id 1	n0*=copy(L0,L1,·)
SKIP	w8:63	client RuntimeError: method->execute() failed with error 0x12 | [op_cat.cpp:88] Unhandled dtype Float8_e4m3fn for cat.out [method.cpp:1480] KernelCall failed at instruction 0:1 in operator aten::cat.out: 0x12 [method.cpp:1490] arg 0 with type id 9 [method.cpp:1490] arg 1 with type id 4 [method.cpp:1490] arg 2 with type id 1 [method.cpp:1490] arg 3 with type id 1	n0*=stack(·,·)
MISMATCH	w8:76	out[0] non-finite mismatch (nan/inf positions differ)	n0*=gelu.out(L0,·,·)
MISMATCH	w8:89	out[0] max|delta|=3.000e+00 (rtol=0.01 atol=0.001)	n0*=remainder.Tensor_out(L0,L1,·)
SKIP	w8:98	client RuntimeError: method->execute() failed with error 0x12 | [normalization_ops_util.cpp:160] Check failed (in.size(0) == N):  [op_native_group_norm.cpp:139] Check failed (check_group_norm_args( input, weight, bias, N, C, HxW, group, out, mean_out, rstd_out)):  [method.cpp:1480] KernelCall failed at instruction 0:0 in operator aten::native_group_norm.out: 0x12 [method.cpp:1490] arg 0 with type id 1 [method.cpp:1490] arg 1 with type id 0 [method.cpp:1490] arg 2 with type id 0 [method.cpp:1490] arg 3 with type id 4 [method.cpp:1490] arg 4 with type id 4 [method.cpp:1490] arg 5 with type id 4 [method.cpp:1490] arg 6 with type id 4 [method.cpp:1490] arg 7 with type id 3 [method.cpp:1490] arg 8 with type id 1 [method.cpp:1490] arg 9 with type id 1 [method.cpp:1490] arg 10 with type id 1 [method.cpp:1490] arg 11 with type id 9	n0*=native_group_norm(L0,·,·,·,·,·,·,·)
MISMATCH	w80:104	out[0] max|delta|=3.999e-01 (rtol=0.01 atol=0.001)	n0*=_native_batch_norm_legit.no_stats(L0,·,·,·,·,·)
SKIP	w80:106	client RuntimeError: method->execute() failed with error 0x12 | [normalization_ops_util.cpp:160] Check failed (in.size(0) == N):  [op_native_group_norm.cpp:139] Check failed (check_group_norm_args( input, weight, bias, N, C, HxW, group, out, mean_out, rstd_out)):  [method.cpp:1480] KernelCall failed at instruction 0:0 in operator aten::native_group_norm.out: 0x12 [method.cpp:1490] arg 0 with type id 1 [method.cpp:1490] arg 1 with type id 0 [method.cpp:1490] arg 2 with type id 0 [method.cpp:1490] arg 3 with type id 4 [method.cpp:1490] arg 4 with type id 4 [method.cpp:1490] arg 5 with type id 4 [method.cpp:1490] arg 6 with type id 4 [method.cpp:1490] arg 7 with type id 3 [method.cpp:1490] arg 8 with type id 1 [method.cpp:1490] arg 9 with type id 1 [method.cpp:1490] arg 10 with type id 1 [method.cpp:1490] arg 11 with type id 9	n0*=native_group_norm(L0,·,·,·,·,·,·,·)
SKIP	w80:109	client RuntimeError: method->execute() failed with error 0x12 | [tensor_util.h:617] Check failed (static_cast<size_t>(t.dim()) == rank): Expected tensor.dim() to be 2, but got 5 [distance_util.cpp:16] Check failed (tensor_is_rank(in, 2)):  [op_pdist_forward.cpp:25] Check failed (check_pdist_args(in, p, out)):  [method.cpp:1480] KernelCall failed at instruction 0:0 in operator aten::_pdist_forward.out: 0x12 [method.cpp:1490] arg 0 with type id 1 [method.cpp:1490] arg 1 with type id 3 [method.cpp:1490] arg 2 with type id 1 [method.cpp:1490] arg 3 with type id 1	n0*=_pdist_forward(L0,·)
MISMATCH	w80:129	out[0] max|delta|=2.420e+00 (rtol=0.01 atol=0.001)	n0*=max_pool2d_with_indices_backward.grad_input(L0,L1,·,·,·,·,·,L2,L3)
SKIP	w80:137	client RuntimeError: method->execute() failed with error 0x12 | [tensor_util_portable.cpp:130] Check failed (all_contiguous || all_channels_last): 2 input tensors have different dim orders [op_fft_r2c.cpp:29] Check failed (tensors_have_same_dim_order(in, out)):  [method.cpp:1480] KernelCall failed at instruction 0:0 in operator aten::_fft_r2c.out: 0x12 [method.cpp:1490] arg 0 with type id 1 [method.cpp:1490] arg 1 with type id 8 [method.cpp:1490] arg 2 with type id 4 [method.cpp:1490] arg 3 with type id 5 [method.cpp:1490] arg 4 with type id 1 [method.cpp:1490] arg 5 with type id 1	n0*=_fft_r2c(L0,·,·,·)
MISMATCH	w80:193	out[0] max|delta|=8.000e+00 (rtol=0.0 atol=0.0)	n0*=remainder.Scalar(L0,·)
MISMATCH	w80:200	out[0] max|delta|=2.306e+18 (rtol=0.0 atol=0.0)	n0*=bitwise_left_shift.Tensor_Scalar(L0,·)
SKIP	w80:227	client RuntimeError: method->execute() failed with error 0x12 | [op_arange.cpp:55] Check failed (utils::extract_scalar(start, &d_start)):  [method.cpp:1480] KernelCall failed at instruction 0:0 in operator aten::arange.start_out: 0x12 [method.cpp:1490] arg 0 with type id 5 [method.cpp:1490] arg 1 with type id 5 [method.cpp:1490] arg 2 with type id 5 [method.cpp:1490] arg 3 with type id 1 [method.cpp:1490] arg 4 with type id 1	n0*=arange.start_out(·,·,·,·)
CRASH	w79:318	executor died (native abort)	n0*=max_pool2d_with_indices_backward.grad_input(L0,L1,·,·,·,·,·,L2,L3)
SKIP	w80:24	client RuntimeError: method->execute() failed with error 0x12 | [normalization_ops_util.cpp:160] Check failed (in.size(0) == N):  [op_native_group_norm.cpp:139] Check failed (check_group_norm_args( input, weight, bias, N, C, HxW, group, out, mean_out, rstd_out)):  [method.cpp:1480] KernelCall failed at instruction 0:0 in operator aten::native_group_norm.out: 0x12 [method.cpp:1490] arg 0 with type id 1 [method.cpp:1490] arg 1 with type id 0 [method.cpp:1490] arg 2 with type id 0 [method.cpp:1490] arg 3 with type id 4 [method.cpp:1490] arg 4 with type id 4 [method.cpp:1490] arg 5 with type id 4 [method.cpp:1490] arg 6 with type id 4 [method.cpp:1490] arg 7 with type id 3 [method.cpp:1490] arg 8 with type id 1 [method.cpp:1490] arg 9 with type id 1 [method.cpp:1490] arg 10 with type id 1 [method.cpp:1490] arg 11 with type id 9	n0*=native_group_norm(L0,·,·,·,·,·,·,·)
SKIP	w80:252	client RuntimeError: method->execute() failed with error 0x12 | [normalization_ops_util.cpp:160] Check failed (in.size(0) == N):  [op_native_group_norm.cpp:139] Check failed (check_group_norm_args( input, weight, bias, N, C, HxW, group, out, mean_out, rstd_out)):  [method.cpp:1480] KernelCall failed at instruction 0:0 in operator aten::native_group_norm.out: 0x12 [method.cpp:1490] arg 0 with type id 1 [method.cpp:1490] arg 1 with type id 0 [method.cpp:1490] arg 2 with type id 0 [method.cpp:1490] arg 3 with type id 4 [method.cpp:1490] arg 4 with type id 4 [method.cpp:1490] arg 5 with type id 4 [method.cpp:1490] arg 6 with type id 4 [method.cpp:1490] arg 7 with type id 3 [method.cpp:1490] arg 8 with type id 1 [method.cpp:1490] arg 9 with type id 1 [method.cpp:1490] arg 10 with type id 1 [method.cpp:1490] arg 11 with type id 9	n0*=native_group_norm(L0,·,·,·,·,·,·,·)
MISMATCH	w80:276	out[0] max|delta|=7.206e+16 (rtol=0.01 atol=0.001)	n0*=bitwise_left_shift.Tensor_Scalar_out(L0,·,·)
MISMATCH	w80:279	out[0] max|delta|=6.918e+18 (rtol=0.0 atol=0.0)	n0*=bitwise_left_shift.Tensor_out(L0,L1,·)
MISMATCH	w80:312	out[0] non-finite mismatch (nan/inf positions differ)	n0*=gelu.out(L0,·,·)
SKIP	w80:337	client RuntimeError: method->execute() failed with error 0x12 | [tensor_util.h:617] Check failed (static_cast<size_t>(t.dim()) == rank): Expected tensor.dim() to be 2, but got 3 [distance_util.cpp:16] Check failed (tensor_is_rank(in, 2)):  [op_pdist_forward.cpp:25] Check failed (check_pdist_args(in, p, out)):  [method.cpp:1480] KernelCall failed at instruction 0:0 in operator aten::_pdist_forward.out: 0x12 [method.cpp:1490] arg 0 with type id 1 [method.cpp:1490] arg 1 with type id 3 [method.cpp:1490] arg 2 with type id 1 [method.cpp:1490] arg 3 with type id 1	n0*=_pdist_forward(L0,·)
SKIP	w80:365	client RuntimeError: method->execute() failed with error 0x12 | [op_fft_r2c.cpp:32] Check failed (onesided): onesided=False is not supported yet in _fft_r2c [method.cpp:1480] KernelCall failed at instruction 0:0 in operator aten::_fft_r2c.out: 0x12 [method.cpp:1490] arg 0 with type id 1 [method.cpp:1490] arg 1 with type id 8 [method.cpp:1490] arg 2 with type id 4 [method.cpp:1490] arg 3 with type id 5 [method.cpp:1490] arg 4 with type id 1 [method.cpp:1490] arg 5 with type id 1	n0*=_fft_r2c(L0,·,·,·)
MISMATCH	w80:51	out[0] non-finite mismatch (nan/inf positions differ)	n0*=bitwise_left_shift.Tensor_out(L0,L1,·)
MISMATCH	w80:84	out[0] non-finite mismatch (nan/inf positions differ)	n0*=gelu.out(L0,·,·)
SKIP	w81:111	client RuntimeError: method->execute() failed with error 0x12 | [tensor_util_portable.cpp:130] Check failed (all_contiguous || all_channels_last): 2 input tensors have different dim orders [op_fft_r2c.cpp:29] Check failed (tensors_have_same_dim_order(in, out)):  [method.cpp:1480] KernelCall failed at instruction 0:0 in operator aten::_fft_r2c.out: 0x12 [method.cpp:1490] arg 0 with type id 1 [method.cpp:1490] arg 1 with type id 8 [method.cpp:1490] arg 2 with type id 4 [method.cpp:1490] arg 3 with type id 5 [method.cpp:1490] arg 4 with type id 1 [method.cpp:1490] arg 5 with type id 1	n0*=_fft_r2c(L0,·,·,·)
MISMATCH	w81:154	out[0] non-finite mismatch (nan/inf positions differ)	n0*=_log_softmax.out(L0,·,·,·)
MISMATCH	w81:174	out[0] max|delta|=1.153e+18 (rtol=0.0 atol=0.0)	n0*=bitwise_left_shift.Tensor_Scalar(L0,·)
SKIP	w81:182	client RuntimeError: method->execute() failed with error 0x12 | [copy_ops_util.cpp:165] Check failed (implicit == false): This operator is not implemented for when implicit == true. [op_expand_copy.cpp:63] Check failed (check_expand_copy_args(self, expand_sizes, implicit, out)):  [method.cpp:1480] KernelCall failed at instruction 0:0 in operator aten::expand_copy.out: 0x12 [method.cpp:1490] arg 0 with type id 1 [method.cpp:1490] arg 1 with type id 8 [method.cpp:1490] arg 2 with type id 5 [method.cpp:1490] arg 3 with type id 1 [method.cpp:1490] arg 4 with type id 1	n0*=expand_copy(L0,·,·)
SKIP	w81:201	client RuntimeError: method->execute() failed with error 0x12 | [op_arange.cpp:55] Check failed (utils::extract_scalar(start, &d_start)):  [method.cpp:1480] KernelCall failed at instruction 0:0 in operator aten::arange.start_out: 0x12 [method.cpp:1490] arg 0 with type id 5 [method.cpp:1490] arg 1 with type id 5 [method.cpp:1490] arg 2 with type id 5 [method.cpp:1490] arg 3 with type id 1 [method.cpp:1490] arg 4 with type id 1	n0*=arange.start_out(·,·,·,·)
MISMATCH	w81:22	out[0] max|delta|=7.206e+16 (rtol=0.01 atol=0.001)	n0*=bitwise_left_shift.Tensor_Scalar_out(L0,·,·)
SKIP	w81:226	client RuntimeError: method->execute() failed with error 0x12 | [normalization_ops_util.cpp:160] Check failed (in.size(0) == N):  [op_native_group_norm.cpp:139] Check failed (check_group_norm_args( input, weight, bias, N, C, HxW, group, out, mean_out, rstd_out)):  [method.cpp:1480] KernelCall failed at instruction 0:0 in operator aten::native_group_norm.out: 0x12 [method.cpp:1490] arg 0 with type id 1 [method.cpp:1490] arg 1 with type id 0 [method.cpp:1490] arg 2 with type id 0 [method.cpp:1490] arg 3 with type id 4 [method.cpp:1490] arg 4 with type id 4 [method.cpp:1490] arg 5 with type id 4 [method.cpp:1490] arg 6 with type id 4 [method.cpp:1490] arg 7 with type id 3 [method.cpp:1490] arg 8 with type id 1 [method.cpp:1490] arg 9 with type id 1 [method.cpp:1490] arg 10 with type id 1 [method.cpp:1490] arg 11 with type id 9	n0*=native_group_norm(L0,·,·,·,·,·,·,·)
MISMATCH	w81:25	out[0] max|delta|=6.918e+18 (rtol=0.0 atol=0.0)	n0*=bitwise_left_shift.Tensor_out(L0,L1,·)
SKIP	w81:308	client RuntimeError: method->execute() failed with error 0x12 | [normalization_ops_util.cpp:160] Check failed (in.size(0) == N):  [op_native_group_norm.cpp:139] Check failed (check_group_norm_args( input, weight, bias, N, C, HxW, group, out, mean_out, rstd_out)):  [method.cpp:1480] KernelCall failed at instruction 0:0 in operator aten::native_group_norm.out: 0x12 [method.cpp:1490] arg 0 with type id 1 [method.cpp:1490] arg 1 with type id 0 [method.cpp:1490] arg 2 with type id 0 [method.cpp:1490] arg 3 with type id 4 [method.cpp:1490] arg 4 with type id 4 [method.cpp:1490] arg 5 with type id 4 [method.cpp:1490] arg 6 with type id 4 [method.cpp:1490] arg 7 with type id 3 [method.cpp:1490] arg 8 with type id 1 [method.cpp:1490] arg 9 with type id 1 [method.cpp:1490] arg 10 with type id 1 [method.cpp:1490] arg 11 with type id 9	n0*=native_group_norm(L0,·,·,·,·,·,·,·)
MISMATCH	w81:331	out[0] max|delta|=4.399e-01 (rtol=0.01 atol=0.001)	n0*=max_pool2d_with_indices_backward.grad_input(L0,L1,·,·,·,·,·,L2,L3)
MISMATCH	w81:58	out[0] non-finite mismatch (nan/inf positions differ)	n0*=gelu.out(L0,·,·)
MISMATCH	w81:80	out[0] non-finite mismatch (nan/inf positions differ)	n0*=native_group_norm(L0,·,·,·,·,·,·,·)
MISMATCH	w82:0	out[0] max|delta|=2.882e+17 (rtol=0.01 atol=0.001)	n0*=bitwise_left_shift.Tensor_Scalar_out(L0,·,·)
SKIP	w82:132	client RuntimeError: method->execute() failed with error 0x12 | [op_log_softmax.cpp:152] Check failed (false):  [method.cpp:1480] KernelCall failed at instruction 0:0 in operator aten::_log_softmax.out: 0x12 [method.cpp:1490] arg 0 with type id 1 [method.cpp:1490] arg 1 with type id 4 [method.cpp:1490] arg 2 with type id 5 [method.cpp:1490] arg 3 with type id 1 [method.cpp:1490] arg 4 with type id 1	n0*=_log_softmax.out(L0,·,·,·)
SKIP	w82:160	client RuntimeError: method->execute() failed with error 0x12 | [copy_ops_util.cpp:165] Check failed (implicit == false): This operator is not implemented for when implicit == true. [op_expand_copy.cpp:63] Check failed (check_expand_copy_args(self, expand_sizes, implicit, out)):  [method.cpp:1480] KernelCall failed at instruction 0:0 in operator aten::expand_copy.out: 0x12 [method.cpp:1490] arg 0 with type id 1 [method.cpp:1490] arg 1 with type id 8 [method.cpp:1490] arg 2 with type id 5 [method.cpp:1490] arg 3 with type id 1 [method.cpp:1490] arg 4 with type id 1	n0*=expand_copy(L0,·,·)
SKIP	w82:179	client RuntimeError: method->execute() failed with error 0x12 | [op_arange.cpp:55] Check failed (utils::extract_scalar(start, &d_start)):  [method.cpp:1480] KernelCall failed at instruction 0:0 in operator aten::arange.start_out: 0x12 [method.cpp:1490] arg 0 with type id 5 [method.cpp:1490] arg 1 with type id 5 [method.cpp:1490] arg 2 with type id 4 [method.cpp:1490] arg 3 with type id 1 [method.cpp:1490] arg 4 with type id 1	n0*=arange.start_out(·,·,·,·)
SKIP	w82:204	client RuntimeError: method->execute() failed with error 0x12 | [normalization_ops_util.cpp:160] Check failed (in.size(0) == N):  [op_native_group_norm.cpp:139] Check failed (check_group_norm_args( input, weight, bias, N, C, HxW, group, out, mean_out, rstd_out)):  [method.cpp:1480] KernelCall failed at instruction 0:0 in operator aten::native_group_norm.out: 0x12 [method.cpp:1490] arg 0 with type id 1 [method.cpp:1490] arg 1 with type id 0 [method.cpp:1490] arg 2 with type id 0 [method.cpp:1490] arg 3 with type id 4 [method.cpp:1490] arg 4 with type id 4 [method.cpp:1490] arg 5 with type id 4 [method.cpp:1490] arg 6 with type id 4 [method.cpp:1490] arg 7 with type id 3 [method.cpp:1490] arg 8 with type id 1 [method.cpp:1490] arg 9 with type id 1 [method.cpp:1490] arg 10 with type id 1 [method.cpp:1490] arg 11 with type id 9	n0*=native_group_norm(L0,·,·,·,·,·,·,·)
MISMATCH	w82:228	out[0] max|delta|=7.206e+16 (rtol=0.01 atol=0.001)	n0*=bitwise_left_shift.Tensor_Scalar_out(L0,·,·)
MISMATCH	w82:231	out[0] non-finite mismatch (nan/inf positions differ)	n0*=bitwise_left_shift.Tensor_out(L0,L1,·)
SKIP	w82:250	client RuntimeError: method->execute() failed with error 0x12 | [op_copy.cpp:33] Check failed (non_blocking == false):  [method.cpp:1480] KernelCall failed at instruction 0:0 in operator aten::copy.out: 0x12 [method.cpp:1490] arg 0 with type id 1 [method.cpp:1490] arg 1 with type id 1 [method.cpp:1490] arg 2 with type id 5 [method.cpp:1490] arg 3 with type id 1 [method.cpp:1490] arg 4 with type id 1	n0*=copy(L0,L1,·)
MISMATCH	w82:264	out[0] non-finite mismatch (nan/inf positions differ)	n0*=gelu.out(L0,·,·)
MISMATCH	w82:277	out[0] max|delta|=4.000e+00 (rtol=0.01 atol=0.001)	n0*=remainder.Tensor_out(L0,L1,·)
SKIP	w82:286	client RuntimeError: method->execute() failed with error 0x12 | [normalization_ops_util.cpp:160] Check failed (in.size(0) == N):  [op_native_group_norm.cpp:139] Check failed (check_group_norm_args( input, weight, bias, N, C, HxW, group, out, mean_out, rstd_out)):  [method.cpp:1480] KernelCall failed at instruction 0:0 in operator aten::native_group_norm.out: 0x12 [method.cpp:1490] arg 0 with type id 1 [method.cpp:1490] arg 1 with type id 0 [method.cpp:1490] arg 2 with type id 0 [method.cpp:1490] arg 3 with type id 4 [method.cpp:1490] arg 4 with type id 4 [method.cpp:1490] arg 5 with type id 4 [method.cpp:1490] arg 6 with type id 4 [method.cpp:1490] arg 7 with type id 3 [method.cpp:1490] arg 8 with type id 1 [method.cpp:1490] arg 9 with type id 1 [method.cpp:1490] arg 10 with type id 1 [method.cpp:1490] arg 11 with type id 9	n0*=native_group_norm(L0,·,·,·,·,·,·,·)
SKIP	w82:289	client RuntimeError: method->execute() failed with error 0x12 | [tensor_util.h:617] Check failed (static_cast<size_t>(t.dim()) == rank): Expected tensor.dim() to be 2, but got 3 [distance_util.cpp:16] Check failed (tensor_is_rank(in, 2)):  [op_pdist_forward.cpp:25] Check failed (check_pdist_args(in, p, out)):  [method.cpp:1480] KernelCall failed at instruction 0:0 in operator aten::_pdist_forward.out: 0x12 [method.cpp:1490] arg 0 with type id 1 [method.cpp:1490] arg 1 with type id 3 [method.cpp:1490] arg 2 with type id 1 [method.cpp:1490] arg 3 with type id 1	n0*=_pdist_forward(L0,·)
MISMATCH	w82:3	out[0] max|delta|=2.147e+09 (rtol=0.0 atol=0.0)	n0*=bitwise_left_shift.Tensor_out(L0,L1,·)
MISMATCH	w82:36	out[0] non-finite mismatch (nan/inf positions differ)	n0*=gelu.out(L0,·,·)
SKIP	w82:58	client RuntimeError: method->execute() failed with error 0x12 | [normalization_ops_util.cpp:160] Check failed (in.size(0) == N):  [op_native_group_norm.cpp:139] Check failed (check_group_norm_args( input, weight, bias, N, C, HxW, group, out, mean_out, rstd_out)):  [method.cpp:1480] KernelCall failed at instruction 0:0 in operator aten::native_group_norm.out: 0x12 [method.cpp:1490] arg 0 with type id 1 [method.cpp:1490] arg 1 with type id 0 [method.cpp:1490] arg 2 with type id 0 [method.cpp:1490] arg 3 with type id 4 [method.cpp:1490] arg 4 with type id 4 [method.cpp:1490] arg 5 with type id 4 [method.cpp:1490] arg 6 with type id 4 [method.cpp:1490] arg 7 with type id 3 [method.cpp:1490] arg 8 with type id 1 [method.cpp:1490] arg 9 with type id 1 [method.cpp:1490] arg 10 with type id 1 [method.cpp:1490] arg 11 with type id 9	n0*=native_group_norm(L0,·,·,·,·,·,·,·)
SKIP	w82:61	client RuntimeError: method->execute() failed with error 0x12 | [op_pdist_forward.cpp:45] Unhandled dtype Long for _pdist_forward.out [method.cpp:1480] KernelCall failed at instruction 0:0 in operator aten::_pdist_forward.out: 0x12 [method.cpp:1490] arg 0 with type id 1 [method.cpp:1490] arg 1 with type id 3 [method.cpp:1490] arg 2 with type id 1 [method.cpp:1490] arg 3 with type id 1	n0*=_pdist_forward(L0,·)
SKIP	w82:89	client RuntimeError: method->execute() failed with error 0x12 | [tensor_util_portable.cpp:130] Check failed (all_contiguous || all_channels_last): 2 input tensors have different dim orders [op_fft_r2c.cpp:29] Check failed (tensors_have_same_dim_order(in, out)):  [method.cpp:1480] KernelCall failed at instruction 0:0 in operator aten::_fft_r2c.out: 0x12 [method.cpp:1490] arg 0 with type id 1 [method.cpp:1490] arg 1 with type id 8 [method.cpp:1490] arg 2 with type id 4 [method.cpp:1490] arg 3 with type id 5 [method.cpp:1490] arg 4 with type id 1 [method.cpp:1490] arg 5 with type id 1	n0*=_fft_r2c(L0,·,·,·)
SKIP	w83:120	client RuntimeError: method->execute() failed with error 0x12 | [index_util.cpp:156] Check failed (index.scalar_type() == ScalarType::Long): Expected dtype int64 for index; index.scalar_type() = Int [op_scatter_add.cpp:61] Check failed (check_scatter_add_args(self, dim, index, src, out)):  [method.cpp:1480] KernelCall failed at instruction 0:0 in operator aten::scatter_add.out: 0x12 [method.cpp:1490] arg 0 with type id 1 [method.cpp:1490] arg 1 with type id 4 [method.cpp:1490] arg 2 with type id 1 [method.cpp:1490] arg 3 with type id 1 [method.cpp:1490] arg 4 with type id 1 [method.cpp:1490] arg 5 with type id 1	n0*=scatter_add.out(L0,·,L1,L2,·)
SKIP	w83:126	client RuntimeError: method->execute() failed with error 0x12 | [copy_ops_util.cpp:165] Check failed (implicit == false): This operator is not implemented for when implicit == true. [op_expand_copy.cpp:63] Check failed (check_expand_copy_args(self, expand_sizes, implicit, out)):  [method.cpp:1480] KernelCall failed at instruction 0:0 in operator aten::expand_copy.out: 0x12 [method.cpp:1490] arg 0 with type id 1 [method.cpp:1490] arg 1 with type id 8 [method.cpp:1490] arg 2 with type id 5 [method.cpp:1490] arg 3 with type id 1 [method.cpp:1490] arg 4 with type id 1	n0*=expand_copy(L0,·,·)
SKIP	w83:145	client RuntimeError: method->execute() failed with error 0x12 | [op_arange.cpp:55] Check failed (utils::extract_scalar(start, &d_start)):  [method.cpp:1480] KernelCall failed at instruction 0:0 in operator aten::arange.start_out: 0x12 [method.cpp:1490] arg 0 with type id 5 [method.cpp:1490] arg 1 with type id 5 [method.cpp:1490] arg 2 with type id 4 [method.cpp:1490] arg 3 with type id 1 [method.cpp:1490] arg 4 with type id 1	n0*=arange.start_out(·,·,·,·)
MISMATCH	w83:15	out[0] max|delta|=4.000e+00 (rtol=0.0 atol=0.0)	n0*=remainder.Tensor_out(L0,L1,·)
SKIP	w83:170	client RuntimeError: method->execute() failed with error 0x12 | [normalization_ops_util.cpp:160] Check failed (in.size(0) == N):  [op_native_group_norm.cpp:139] Check failed (check_group_norm_args( input, weight, bias, N, C, HxW, group, out, mean_out, rstd_out)):  [method.cpp:1480] KernelCall failed at instruction 0:0 in operator aten::native_group_norm.out: 0x12 [method.cpp:1490] arg 0 with type id 1 [method.cpp:1490] arg 1 with type id 0 [method.cpp:1490] arg 2 with type id 0 [method.cpp:1490] arg 3 with type id 4 [method.cpp:1490] arg 4 with type id 4 [method.cpp:1490] arg 5 with type id 4 [method.cpp:1490] arg 6 with type id 4 [method.cpp:1490] arg 7 with type id 3 [method.cpp:1490] arg 8 with type id 1 [method.cpp:1490] arg 9 with type id 1 [method.cpp:1490] arg 10 with type id 1 [method.cpp:1490] arg 11 with type id 9	n0*=native_group_norm(L0,·,·,·,·,·,·,·)
MISMATCH	w83:194	out[0] max|delta|=1.441e+17 (rtol=0.01 atol=0.001)	n0*=bitwise_left_shift.Tensor_Scalar_out(L0,·,·)
MISMATCH	w83:197	out[0] non-finite mismatch (nan/inf positions differ)	n0*=bitwise_left_shift.Tensor_out(L0,L1,·)
SKIP	w83:216	client RuntimeError: method->execute() failed with error 0x12 | [op_copy.cpp:33] Check failed (non_blocking == false):  [method.cpp:1480] KernelCall failed at instruction 0:0 in operator aten::copy.out: 0x12 [method.cpp:1490] arg 0 with type id 1 [method.cpp:1490] arg 1 with type id 1 [method.cpp:1490] arg 2 with type id 5 [method.cpp:1490] arg 3 with type id 1 [method.cpp:1490] arg 4 with type id 1	n0*=copy(L0,L1,·)
MISMATCH	w83:230	out[0] non-finite mismatch (nan/inf positions differ)	n0*=gelu.out(L0,·,·)
SKIP	w83:231	client RuntimeError: method->execute() failed with error 0x12 | [op_sub.cpp:78] Check failed (utils::extract_scalar(alpha, &alpha_val)):  [method.cpp:1480] KernelCall failed at instruction 0:1 in operator aten::sub.out: 0x12 [method.cpp:1490] arg 0 with type id 1 [method.cpp:1490] arg 1 with type id 1 [method.cpp:1490] arg 2 with type id 4 [method.cpp:1490] arg 3 with type id 1 [method.cpp:1490] arg 4 with type id 1	n0*=rsub.Scalar(L0,·,·)
SKIP	w83:24	client RuntimeError: method->execute() failed with error 0x12 | [normalization_ops_util.cpp:160] Check failed (in.size(0) == N):  [op_native_group_norm.cpp:139] Check failed (check_group_norm_args( input, weight, bias, N, C, HxW, group, out, mean_out, rstd_out)):  [method.cpp:1480] KernelCall failed at instruction 0:0 in operator aten::native_group_norm.out: 0x12 [method.cpp:1490] arg 0 with type id 1 [method.cpp:1490] arg 1 with type id 0 [method.cpp:1490] arg 2 with type id 0 [method.cpp:1490] arg 3 with type id 4 [method.cpp:1490] arg 4 with type id 4 [method.cpp:1490] arg 5 with type id 4 [method.cpp:1490] arg 6 with type id 4 [method.cpp:1490] arg 7 with type id 3 [method.cpp:1490] arg 8 with type id 1 [method.cpp:1490] arg 9 with type id 1 [method.cpp:1490] arg 10 with type id 1 [method.cpp:1490] arg 11 with type id 9	n0*=native_group_norm(L0,·,·,·,·,·,·,·)
MISMATCH	w83:243	out[0] max|delta|=4.000e+00 (rtol=0.0 atol=0.0)	n0*=remainder.Tensor_out(L0,L1,·)
SKIP	w83:252	client RuntimeError: method->execute() failed with error 0x12 | [normalization_ops_util.cpp:160] Check failed (in.size(0) == N):  [op_native_group_norm.cpp:139] Check failed (check_group_norm_args( input, weight, bias, N, C, HxW, group, out, mean_out, rstd_out)):  [method.cpp:1480] KernelCall failed at instruction 0:0 in operator aten::native_group_norm.out: 0x12 [method.cpp:1490] arg 0 with type id 1 [method.cpp:1490] arg 1 with type id 0 [method.cpp:1490] arg 2 with type id 0 [method.cpp:1490] arg 3 with type id 4 [method.cpp:1490] arg 4 with type id 4 [method.cpp:1490] arg 5 with type id 4 [method.cpp:1490] arg 6 with type id 4 [method.cpp:1490] arg 7 with type id 3 [method.cpp:1490] arg 8 with type id 1 [method.cpp:1490] arg 9 with type id 1 [method.cpp:1490] arg 10 with type id 1 [method.cpp:1490] arg 11 with type id 9	n0*=native_group_norm(L0,·,·,·,·,·,·,·)
SKIP	w83:255	client RuntimeError: method->execute() failed with error 0x12 | [tensor_util.h:617] Check failed (static_cast<size_t>(t.dim()) == rank): Expected tensor.dim() to be 2, but got 5 [distance_util.cpp:16] Check failed (tensor_is_rank(in, 2)):  [op_pdist_forward.cpp:25] Check failed (check_pdist_args(in, p, out)):  [method.cpp:1480] KernelCall failed at instruction 0:0 in operator aten::_pdist_forward.out: 0x12 [method.cpp:1490] arg 0 with type id 1 [method.cpp:1490] arg 1 with type id 3 [method.cpp:1490] arg 2 with type id 1 [method.cpp:1490] arg 3 with type id 1	n0*=_pdist_forward(L0,·)
SKIP	w83:27	client RuntimeError: method->execute() failed with error 0x12 | [tensor_util.h:617] Check failed (static_cast<size_t>(t.dim()) == rank): Expected tensor.dim() to be 2, but got 1 [distance_util.cpp:16] Check failed (tensor_is_rank(in, 2)):  [op_pdist_forward.cpp:25] Check failed (check_pdist_args(in, p, out)):  [method.cpp:1480] KernelCall failed at instruction 0:0 in operator aten::_pdist_forward.out: 0x12 [method.cpp:1490] arg 0 with type id 1 [method.cpp:1490] arg 1 with type id 3 [method.cpp:1490] arg 2 with type id 1 [method.cpp:1490] arg 3 with type id 1	n0*=_pdist_forward(L0,·)
SKIP	w83:283	client RuntimeError: method->execute() failed with error 0x12 | [tensor_util_portable.cpp:130] Check failed (all_contiguous || all_channels_last): 2 input tensors have different dim orders [op_fft_r2c.cpp:29] Check failed (tensors_have_same_dim_order(in, out)):  [method.cpp:1480] KernelCall failed at instruction 0:0 in operator aten::_fft_r2c.out: 0x12 [method.cpp:1490] arg 0 with type id 1 [method.cpp:1490] arg 1 with type id 8 [method.cpp:1490] arg 2 with type id 4 [method.cpp:1490] arg 3 with type id 5 [method.cpp:1490] arg 4 with type id 1 [method.cpp:1490] arg 5 with type id 1	n0*=_fft_r2c(L0,·,·,·)
SKIP	w83:55	client RuntimeError: method->execute() failed with error 0x12 | [op_fft_r2c.cpp:32] Check failed (onesided): onesided=False is not supported yet in _fft_r2c [method.cpp:1480] KernelCall failed at instruction 0:0 in operator aten::_fft_r2c.out: 0x12 [method.cpp:1490] arg 0 with type id 1 [method.cpp:1490] arg 1 with type id 8 [method.cpp:1490] arg 2 with type id 4 [method.cpp:1490] arg 3 with type id 5 [method.cpp:1490] arg 4 with type id 1 [method.cpp:1490] arg 5 with type id 1	n0*=_fft_r2c(L0,·,·,·)
MISMATCH	w83:98	out[0] non-finite mismatch (nan/inf positions differ)	n0*=_log_softmax.out(L0,·,·,·)
MISMATCH	w84:103	out[0] non-finite mismatch (nan/inf positions differ)	n0*=gelu.out(L0,·,·)
SKIP	w84:125	client RuntimeError: method->execute() failed with error 0x12 | [normalization_ops_util.cpp:160] Check failed (in.size(0) == N):  [op_native_group_norm.cpp:139] Check failed (check_group_norm_args( input, weight, bias, N, C, HxW, group, out, mean_out, rstd_out)):  [method.cpp:1480] KernelCall failed at instruction 0:0 in operator aten::native_group_norm.out: 0x12 [method.cpp:1490] arg 0 with type id 1 [method.cpp:1490] arg 1 with type id 0 [method.cpp:1490] arg 2 with type id 0 [method.cpp:1490] arg 3 with type id 4 [method.cpp:1490] arg 4 with type id 4 [method.cpp:1490] arg 5 with type id 4 [method.cpp:1490] arg 6 with type id 4 [method.cpp:1490] arg 7 with type id 3 [method.cpp:1490] arg 8 with type id 1 [method.cpp:1490] arg 9 with type id 1 [method.cpp:1490] arg 10 with type id 1 [method.cpp:1490] arg 11 with type id 9	n0*=native_group_norm(L0,·,·,·,·,·,·,·)
SKIP	w84:128	client RuntimeError: method->execute() failed with error 0x12 | [op_pdist_forward.cpp:45] Unhandled dtype Bool for _pdist_forward.out [method.cpp:1480] KernelCall failed at instruction 0:0 in operator aten::_pdist_forward.out: 0x12 [method.cpp:1490] arg 0 with type id 1 [method.cpp:1490] arg 1 with type id 3 [method.cpp:1490] arg 2 with type id 1 [method.cpp:1490] arg 3 with type id 1	n0*=_pdist_forward(L0,·)
SKIP	w84:156	client RuntimeError: method->execute() failed with error 0x12 | [op_fft_r2c.cpp:32] Check failed (onesided): onesided=False is not supported yet in _fft_r2c [method.cpp:1480] KernelCall failed at instruction 0:0 in operator aten::_fft_r2c.out: 0x12 [method.cpp:1490] arg 0 with type id 1 [method.cpp:1490] arg 1 with type id 8 [method.cpp:1490] arg 2 with type id 4 [method.cpp:1490] arg 3 with type id 5 [method.cpp:1490] arg 4 with type id 1 [method.cpp:1490] arg 5 with type id 1	n0*=_fft_r2c(L0,·,·,·)
SKIP	w84:18	client RuntimeError: method->execute() failed with error 0x12 | [op_arange.cpp:55] Check failed (utils::extract_scalar(start, &d_start)):  [method.cpp:1480] KernelCall failed at instruction 0:0 in operator aten::arange.start_out: 0x12 [method.cpp:1490] arg 0 with type id 5 [method.cpp:1490] arg 1 with type id 5 [method.cpp:1490] arg 2 with type id 5 [method.cpp:1490] arg 3 with type id 1 [method.cpp:1490] arg 4 with type id 1	n0*=arange.start_out(·,·,·,·)
SKIP	w84:199	client RuntimeError: method->execute() failed with error 0x12 | [op_log_softmax.cpp:152] Check failed (false):  [method.cpp:1480] KernelCall failed at instruction 0:0 in operator aten::_log_softmax.out: 0x12 [method.cpp:1490] arg 0 with type id 1 [method.cpp:1490] arg 1 with type id 4 [method.cpp:1490] arg 2 with type id 5 [method.cpp:1490] arg 3 with type id 1 [method.cpp:1490] arg 4 with type id 1	n0*=_log_softmax.out(L0,·,·,·)
MISMATCH	w84:212	out[0] max|delta|=8.000e+00 (rtol=0.0 atol=0.0)	n0*=remainder.Scalar(L0,·)
MISMATCH	w84:219	out[0] max|delta|=8.647e+17 (rtol=0.0 atol=0.0)	n0*=bitwise_left_shift.Tensor_Scalar(L0,·)
SKIP	w84:227	client RuntimeError: method->execute() failed with error 0x12 | [copy_ops_util.cpp:165] Check failed (implicit == false): This operator is not implemented for when implicit == true. [op_expand_copy.cpp:63] Check failed (check_expand_copy_args(self, expand_sizes, implicit, out)):  [method.cpp:1480] KernelCall failed at instruction 0:0 in operator aten::expand_copy.out: 0x12 [method.cpp:1490] arg 0 with type id 1 [method.cpp:1490] arg 1 with type id 8 [method.cpp:1490] arg 2 with type id 5 [method.cpp:1490] arg 3 with type id 1 [method.cpp:1490] arg 4 with type id 1	n0*=expand_copy(L0,·,·)
SKIP	w84:246	client RuntimeError: method->execute() failed with error 0x12 | [op_arange.cpp:55] Check failed (utils::extract_scalar(start, &d_start)):  [method.cpp:1480] KernelCall failed at instruction 0:0 in operator aten::arange.start_out: 0x12 [method.cpp:1490] arg 0 with type id 5 [method.cpp:1490] arg 1 with type id 5 [method.cpp:1490] arg 2 with type id 4 [method.cpp:1490] arg 3 with type id 1 [method.cpp:1490] arg 4 with type id 1	n0*=arange.start_out(·,·,·,·)
SKIP	w84:271	client RuntimeError: method->execute() failed with error 0x12 | [normalization_ops_util.cpp:160] Check failed (in.size(0) == N):  [op_native_group_norm.cpp:139] Check failed (check_group_norm_args( input, weight, bias, N, C, HxW, group, out, mean_out, rstd_out)):  [method.cpp:1480] KernelCall failed at instruction 0:0 in operator aten::native_group_norm.out: 0x12 [method.cpp:1490] arg 0 with type id 1 [method.cpp:1490] arg 1 with type id 0 [method.cpp:1490] arg 2 with type id 0 [method.cpp:1490] arg 3 with type id 4 [method.cpp:1490] arg 4 with type id 4 [method.cpp:1490] arg 5 with type id 4 [method.cpp:1490] arg 6 with type id 4 [method.cpp:1490] arg 7 with type id 3 [method.cpp:1490] arg 8 with type id 1 [method.cpp:1490] arg 9 with type id 1 [method.cpp:1490] arg 10 with type id 1 [method.cpp:1490] arg 11 with type id 9	n0*=native_group_norm(L0,·,·,·,·,·,·,·)
MISMATCH	w84:298	out[0] max|delta|=6.918e+18 (rtol=0.01 atol=0.001)	n0*=bitwise_left_shift.Tensor_out(L0,L1,·)
SKIP	w84:43	client RuntimeError: method->execute() failed with error 0x12 | [normalization_ops_util.cpp:160] Check failed (in.size(0) == N):  [op_native_group_norm.cpp:139] Check failed (check_group_norm_args( input, weight, bias, N, C, HxW, group, out, mean_out, rstd_out)):  [method.cpp:1480] KernelCall failed at instruction 0:0 in operator aten::native_group_norm.out: 0x12 [method.cpp:1490] arg 0 with type id 1 [method.cpp:1490] arg 1 with type id 0 [method.cpp:1490] arg 2 with type id 0 [method.cpp:1490] arg 3 with type id 4 [method.cpp:1490] arg 4 with type id 4 [method.cpp:1490] arg 5 with type id 4 [method.cpp:1490] arg 6 with type id 4 [method.cpp:1490] arg 7 with type id 3 [method.cpp:1490] arg 8 with type id 1 [method.cpp:1490] arg 9 with type id 1 [method.cpp:1490] arg 10 with type id 1 [method.cpp:1490] arg 11 with type id 9	n0*=native_group_norm(L0,·,·,·,·,·,·,·)
MISMATCH	w84:70	out[0] max|delta|=1.611e+09 (rtol=0.0 atol=0.0)	n0*=bitwise_left_shift.Tensor_out(L0,L1,·)
SKIP	w85:101	client RuntimeError: method->execute() failed with error 0x12 | [copy_ops_util.cpp:165] Check failed (implicit == false): This operator is not implemented for when implicit == true. [op_expand_copy.cpp:63] Check failed (check_expand_copy_args(self, expand_sizes, implicit, out)):  [method.cpp:1480] KernelCall failed at instruction 0:0 in operator aten::expand_copy.out: 0x12 [method.cpp:1490] arg 0 with type id 1 [method.cpp:1490] arg 1 with type id 8 [method.cpp:1490] arg 2 with type id 5 [method.cpp:1490] arg 3 with type id 1 [method.cpp:1490] arg 4 with type id 1	n0*=expand_copy(L0,·,·)
SKIP	w85:120	client RuntimeError: method->execute() failed with error 0x12 | [op_arange.cpp:55] Check failed (utils::extract_scalar(start, &d_start)):  [method.cpp:1480] KernelCall failed at instruction 0:0 in operator aten::arange.start_out: 0x12 [method.cpp:1490] arg 0 with type id 5 [method.cpp:1490] arg 1 with type id 5 [method.cpp:1490] arg 2 with type id 5 [method.cpp:1490] arg 3 with type id 1 [method.cpp:1490] arg 4 with type id 1	n0*=arange.start_out(·,·,·,·)
SKIP	w85:145	client RuntimeError: method->execute() failed with error 0x12 | [normalization_ops_util.cpp:160] Check failed (in.size(0) == N):  [op_native_group_norm.cpp:139] Check failed (check_group_norm_args( input, weight, bias, N, C, HxW, group, out, mean_out, rstd_out)):  [method.cpp:1480] KernelCall failed at instruction 0:0 in operator aten::native_group_norm.out: 0x12 [method.cpp:1490] arg 0 with type id 1 [method.cpp:1490] arg 1 with type id 0 [method.cpp:1490] arg 2 with type id 0 [method.cpp:1490] arg 3 with type id 4 [method.cpp:1490] arg 4 with type id 4 [method.cpp:1490] arg 5 with type id 4 [method.cpp:1490] arg 6 with type id 4 [method.cpp:1490] arg 7 with type id 3 [method.cpp:1490] arg 8 with type id 1 [method.cpp:1490] arg 9 with type id 1 [method.cpp:1490] arg 10 with type id 1 [method.cpp:1490] arg 11 with type id 9	n0*=native_group_norm(L0,·,·,·,·,·,·,·)
MISMATCH	w85:172	out[0] max|delta|=6.918e+18 (rtol=0.0 atol=0.0)	n0*=bitwise_left_shift.Tensor_out(L0,L1,·)
SKIP	w85:2	client RuntimeError: method->execute() failed with error 0x12 | [op_pdist_forward.cpp:45] Unhandled dtype Long for _pdist_forward.out [method.cpp:1480] KernelCall failed at instruction 0:0 in operator aten::_pdist_forward.out: 0x12 [method.cpp:1490] arg 0 with type id 1 [method.cpp:1490] arg 1 with type id 3 [method.cpp:1490] arg 2 with type id 1 [method.cpp:1490] arg 3 with type id 1	n0*=_pdist_forward(L0,·)
MISMATCH	w85:205	out[0] non-finite mismatch (nan/inf positions differ)	n0*=gelu.out(L0,·,·)
MISMATCH	w85:218	out[0] max|delta|=4.000e+00 (rtol=0.0 atol=0.0)	n0*=remainder.Tensor_out(L0,L1,·)
SKIP	w85:227	client RuntimeError: method->execute() failed with error 0x12 | [normalization_ops_util.cpp:160] Check failed (in.size(0) == N):  [op_native_group_norm.cpp:139] Check failed (check_group_norm_args( input, weight, bias, N, C, HxW, group, out, mean_out, rstd_out)):  [method.cpp:1480] KernelCall failed at instruction 0:0 in operator aten::native_group_norm.out: 0x12 [method.cpp:1490] arg 0 with type id 1 [method.cpp:1490] arg 1 with type id 0 [method.cpp:1490] arg 2 with type id 0 [method.cpp:1490] arg 3 with type id 4 [method.cpp:1490] arg 4 with type id 4 [method.cpp:1490] arg 5 with type id 4 [method.cpp:1490] arg 6 with type id 4 [method.cpp:1490] arg 7 with type id 3 [method.cpp:1490] arg 8 with type id 1 [method.cpp:1490] arg 9 with type id 1 [method.cpp:1490] arg 10 with type id 1 [method.cpp:1490] arg 11 with type id 9	n0*=native_group_norm(L0,·,·,·,·,·,·,·)
SKIP	w85:258	client RuntimeError: method->execute() failed with error 0x12 | [tensor_util_portable.cpp:130] Check failed (all_contiguous || all_channels_last): 2 input tensors have different dim orders [op_fft_r2c.cpp:29] Check failed (tensors_have_same_dim_order(in, out)):  [method.cpp:1480] KernelCall failed at instruction 0:0 in operator aten::_fft_r2c.out: 0x12 [method.cpp:1490] arg 0 with type id 1 [method.cpp:1490] arg 1 with type id 8 [method.cpp:1490] arg 2 with type id 4 [method.cpp:1490] arg 3 with type id 5 [method.cpp:1490] arg 4 with type id 1 [method.cpp:1490] arg 5 with type id 1	n0*=_fft_r2c(L0,·,·,·)
SKIP	w85:30	client RuntimeError: method->execute() failed with error 0x12 | [op_fft_r2c.cpp:32] Check failed (onesided): onesided=False is not supported yet in _fft_r2c [method.cpp:1480] KernelCall failed at instruction 0:0 in operator aten::_fft_r2c.out: 0x12 [method.cpp:1490] arg 0 with type id 1 [method.cpp:1490] arg 1 with type id 8 [method.cpp:1490] arg 2 with type id 4 [method.cpp:1490] arg 3 with type id 5 [method.cpp:1490] arg 4 with type id 1 [method.cpp:1490] arg 5 with type id 1	n0*=_fft_r2c(L0,·,·,·)
SKIP	w85:73	client RuntimeError: method->execute() failed with error 0x12 | [op_log_softmax.cpp:152] Check failed (false):  [method.cpp:1480] KernelCall failed at instruction 0:0 in operator aten::_log_softmax.out: 0x12 [method.cpp:1490] arg 0 with type id 1 [method.cpp:1490] arg 1 with type id 4 [method.cpp:1490] arg 2 with type id 5 [method.cpp:1490] arg 3 with type id 1 [method.cpp:1490] arg 4 with type id 1	n0*=_log_softmax.out(L0,·,·,·)
MISMATCH	w85:86	out[0] max|delta|=3.000e+00 (rtol=0.0 atol=0.0)	n0*=remainder.Scalar(L0,·)
SKIP	w85:95	client RuntimeError: method->execute() failed with error 0x12 | [index_util.cpp:156] Check failed (index.scalar_type() == ScalarType::Long): Expected dtype int64 for index; index.scalar_type() = Int [op_scatter_add.cpp:61] Check failed (check_scatter_add_args(self, dim, index, src, out)):  [method.cpp:1480] KernelCall failed at instruction 0:0 in operator aten::scatter_add.out: 0x12 [method.cpp:1490] arg 0 with type id 1 [method.cpp:1490] arg 1 with type id 4 [method.cpp:1490] arg 2 with type id 1 [method.cpp:1490] arg 3 with type id 1 [method.cpp:1490] arg 4 with type id 1 [method.cpp:1490] arg 5 with type id 1	n0*=scatter_add.out(L0,·,L1,L2,·)
SKIP	w86:106	client RuntimeError: method->execute() failed with error 0x12 | [op_add.cpp:118] Check failed ((common_type == a_type && check_alpha_type(utils::get_scalar_dtype(alpha), common_type))):  [method.cpp:1480] KernelCall failed at instruction 0:0 in operator aten::add.Scalar_out: 0x12 [method.cpp:1490] arg 0 with type id 1 [method.cpp:1490] arg 1 with type id 4 [method.cpp:1490] arg 2 with type id 4 [method.cpp:1490] arg 3 with type id 1 [method.cpp:1490] arg 4 with type id 1	n0*=add.Scalar(L0,·,·)
SKIP	w86:131	client RuntimeError: method->execute() failed with error 0x12 | [op_log_softmax.cpp:152] Check failed (false):  [method.cpp:1480] KernelCall failed at instruction 0:0 in operator aten::_log_softmax.out: 0x12 [method.cpp:1490] arg 0 with type id 1 [method.cpp:1490] arg 1 with type id 4 [method.cpp:1490] arg 2 with type id 5 [method.cpp:1490] arg 3 with type id 1 [method.cpp:1490] arg 4 with type id 1	n0*=_log_softmax.out(L0,·,·,·)
MISMATCH	w86:151	out[0] max|delta|=2.882e+17 (rtol=0.0 atol=0.0)	n0*=bitwise_left_shift.Tensor_Scalar(L0,·)
SKIP	w86:159	client RuntimeError: method->execute() failed with error 0x12 | [copy_ops_util.cpp:165] Check failed (implicit == false): This operator is not implemented for when implicit == true. [op_expand_copy.cpp:63] Check failed (check_expand_copy_args(self, expand_sizes, implicit, out)):  [method.cpp:1480] KernelCall failed at instruction 0:0 in operator aten::expand_copy.out: 0x12 [method.cpp:1490] arg 0 with type id 1 [method.cpp:1490] arg 1 with type id 8 [method.cpp:1490] arg 2 with type id 5 [method.cpp:1490] arg 3 with type id 1 [method.cpp:1490] arg 4 with type id 1	n0*=expand_copy(L0,·,·)
SKIP	w86:178	client RuntimeError: method->execute() failed with error 0x12 | [op_arange.cpp:55] Check failed (utils::extract_scalar(start, &d_start)):  [method.cpp:1480] KernelCall failed at instruction 0:0 in operator aten::arange.start_out: 0x12 [method.cpp:1490] arg 0 with type id 5 [method.cpp:1490] arg 1 with type id 5 [method.cpp:1490] arg 2 with type id 5 [method.cpp:1490] arg 3 with type id 1 [method.cpp:1490] arg 4 with type id 1	n0*=arange.start_out(·,·,·,·)
MISMATCH	w86:195	out[0] non-finite mismatch (nan/inf positions differ)	n0*=grid_sampler_2d(L0,L1,·,·,·)
MISMATCH	w86:2	out[0] max|delta|=2.147e+09 (rtol=0.0 atol=0.0)	n0*=bitwise_left_shift.Tensor_out(L0,L1,·)
SKIP	w86:203	client RuntimeError: method->execute() failed with error 0x12 | [normalization_ops_util.cpp:160] Check failed (in.size(0) == N):  [op_native_group_norm.cpp:139] Check failed (check_group_norm_args( input, weight, bias, N, C, HxW, group, out, mean_out, rstd_out)):  [method.cpp:1480] KernelCall failed at instruction 0:0 in operator aten::native_group_norm.out: 0x12 [method.cpp:1490] arg 0 with type id 1 [method.cpp:1490] arg 1 with type id 0 [method.cpp:1490] arg 2 with type id 0 [method.cpp:1490] arg 3 with type id 4 [method.cpp:1490] arg 4 with type id 4 [method.cpp:1490] arg 5 with type id 4 [method.cpp:1490] arg 6 with type id 4 [method.cpp:1490] arg 7 with type id 3 [method.cpp:1490] arg 8 with type id 1 [method.cpp:1490] arg 9 with type id 1 [method.cpp:1490] arg 10 with type id 1 [method.cpp:1490] arg 11 with type id 9	n0*=native_group_norm(L0,·,·,·,·,·,·,·)
SKIP	w86:21	client RuntimeError: method->execute() failed with error 0x12 | [op_copy.cpp:33] Check failed (non_blocking == false):  [method.cpp:1480] KernelCall failed at instruction 0:0 in operator aten::copy.out: 0x12 [method.cpp:1490] arg 0 with type id 1 [method.cpp:1490] arg 1 with type id 1 [method.cpp:1490] arg 2 with type id 5 [method.cpp:1490] arg 3 with type id 1 [method.cpp:1490] arg 4 with type id 1	n0*=copy(L0,L1,·)
MISMATCH	w86:227	out[0] max|delta|=5.765e+17 (rtol=0.01 atol=0.001)	n0*=bitwise_left_shift.Tensor_Scalar_out(L0,·,·)
MISMATCH	w86:230	out[0] max|delta|=9.223e+18 (rtol=0.01 atol=0.001)	n0*=bitwise_left_shift.Tensor_out(L0,L1,·)
MISMATCH	w86:35	out[0] non-finite mismatch (nan/inf positions differ)	n0*=gelu.out(L0,·,·)
SKIP	w86:57	client RuntimeError: method->execute() failed with error 0x12 | [normalization_ops_util.cpp:160] Check failed (in.size(0) == N):  [op_native_group_norm.cpp:139] Check failed (check_group_norm_args( input, weight, bias, N, C, HxW, group, out, mean_out, rstd_out)):  [method.cpp:1480] KernelCall failed at instruction 0:0 in operator aten::native_group_norm.out: 0x12 [method.cpp:1490] arg 0 with type id 1 [method.cpp:1490] arg 1 with type id 0 [method.cpp:1490] arg 2 with type id 0 [method.cpp:1490] arg 3 with type id 4 [method.cpp:1490] arg 4 with type id 4 [method.cpp:1490] arg 5 with type id 4 [method.cpp:1490] arg 6 with type id 4 [method.cpp:1490] arg 7 with type id 3 [method.cpp:1490] arg 8 with type id 1 [method.cpp:1490] arg 9 with type id 1 [method.cpp:1490] arg 10 with type id 1 [method.cpp:1490] arg 11 with type id 9	n0*=native_group_norm(L0,·,·,·,·,·,·,·)
SKIP	w86:60	client RuntimeError: method->execute() failed with error 0x12 | [tensor_util.h:617] Check failed (static_cast<size_t>(t.dim()) == rank): Expected tensor.dim() to be 2, but got 3 [distance_util.cpp:16] Check failed (tensor_is_rank(in, 2)):  [op_pdist_forward.cpp:25] Check failed (check_pdist_args(in, p, out)):  [method.cpp:1480] KernelCall failed at instruction 0:0 in operator aten::_pdist_forward.out: 0x12 [method.cpp:1490] arg 0 with type id 1 [method.cpp:1490] arg 1 with type id 3 [method.cpp:1490] arg 2 with type id 1 [method.cpp:1490] arg 3 with type id 1	n0*=_pdist_forward(L0,·)
SKIP	w86:88	client RuntimeError: method->execute() failed with error 0x12 | [tensor_util_portable.cpp:130] Check failed (all_contiguous || all_channels_last): 2 input tensors have different dim orders [op_fft_r2c.cpp:29] Check failed (tensors_have_same_dim_order(in, out)):  [method.cpp:1480] KernelCall failed at instruction 0:0 in operator aten::_fft_r2c.out: 0x12 [method.cpp:1490] arg 0 with type id 1 [method.cpp:1490] arg 1 with type id 8 [method.cpp:1490] arg 2 with type id 4 [method.cpp:1490] arg 3 with type id 5 [method.cpp:1490] arg 4 with type id 1 [method.cpp:1490] arg 5 with type id 1	n0*=_fft_r2c(L0,·,·,·)
SKIP	w87:118	client RuntimeError: method->execute() failed with error 0x12 | [tensor_util_portable.cpp:130] Check failed (all_contiguous || all_channels_last): 2 input tensors have different dim orders [op_fft_r2c.cpp:29] Check failed (tensors_have_same_dim_order(in, out)):  [method.cpp:1480] KernelCall failed at instruction 0:0 in operator aten::_fft_r2c.out: 0x12 [method.cpp:1490] arg 0 with type id 1 [method.cpp:1490] arg 1 with type id 8 [method.cpp:1490] arg 2 with type id 4 [method.cpp:1490] arg 3 with type id 5 [method.cpp:1490] arg 4 with type id 1 [method.cpp:1490] arg 5 with type id 1	n0*=_fft_r2c(L0,·,·,·)
SKIP	w87:189	client RuntimeError: method->execute() failed with error 0x12 | [copy_ops_util.cpp:165] Check failed (implicit == false): This operator is not implemented for when implicit == true. [op_expand_copy.cpp:63] Check failed (check_expand_copy_args(self, expand_sizes, implicit, out)):  [method.cpp:1480] KernelCall failed at instruction 0:0 in operator aten::expand_copy.out: 0x12 [method.cpp:1490] arg 0 with type id 1 [method.cpp:1490] arg 1 with type id 8 [method.cpp:1490] arg 2 with type id 5 [method.cpp:1490] arg 3 with type id 1 [method.cpp:1490] arg 4 with type id 1	n0*=expand_copy(L0,·,·)
SKIP	w87:208	client RuntimeError: method->execute() failed with error 0x12 | [op_arange.cpp:55] Check failed (utils::extract_scalar(start, &d_start)):  [method.cpp:1480] KernelCall failed at instruction 0:0 in operator aten::arange.start_out: 0x12 [method.cpp:1490] arg 0 with type id 5 [method.cpp:1490] arg 1 with type id 5 [method.cpp:1490] arg 2 with type id 3 [method.cpp:1490] arg 3 with type id 1 [method.cpp:1490] arg 4 with type id 1	n0*=arange.start_out(·,·,·,·)
SKIP	w87:233	client RuntimeError: method->execute() failed with error 0x12 | [normalization_ops_util.cpp:160] Check failed (in.size(0) == N):  [op_native_group_norm.cpp:139] Check failed (check_group_norm_args( input, weight, bias, N, C, HxW, group, out, mean_out, rstd_out)):  [method.cpp:1480] KernelCall failed at instruction 0:0 in operator aten::native_group_norm.out: 0x12 [method.cpp:1490] arg 0 with type id 1 [method.cpp:1490] arg 1 with type id 0 [method.cpp:1490] arg 2 with type id 0 [method.cpp:1490] arg 3 with type id 4 [method.cpp:1490] arg 4 with type id 4 [method.cpp:1490] arg 5 with type id 4 [method.cpp:1490] arg 6 with type id 4 [method.cpp:1490] arg 7 with type id 3 [method.cpp:1490] arg 8 with type id 1 [method.cpp:1490] arg 9 with type id 1 [method.cpp:1490] arg 10 with type id 1 [method.cpp:1490] arg 11 with type id 9	n0*=native_group_norm(L0,·,·,·,·,·,·,·)
MISMATCH	w87:260	out[0] max|delta|=1.611e+09 (rtol=0.0 atol=0.0)	n0*=bitwise_left_shift.Tensor_out(L0,L1,·)
SKIP	w87:272	client RuntimeError: method->execute() failed with error 0x12 | [index_util.cpp:156] Check failed (index.scalar_type() == ScalarType::Long): Expected dtype int64 for index; index.scalar_type() = Int [op_scatter.cpp:113] Check failed (check_scatter_src_args(in, dim, index, src, out)):  [method.cpp:1480] KernelCall failed at instruction 0:0 in operator aten::scatter.src_out: 0x12 [method.cpp:1490] arg 0 with type id 1 [method.cpp:1490] arg 1 with type id 4 [method.cpp:1490] arg 2 with type id 1 [method.cpp:1490] arg 3 with type id 1 [method.cpp:1490] arg 4 with type id 1 [method.cpp:1490] arg 5 with type id 1	n0*=scatter.src_out(L0,·,L1,L2,·)
MISMATCH	w87:32	out[0] max|delta|=6.918e+18 (rtol=0.01 atol=0.001)	n0*=bitwise_left_shift.Tensor_out(L0,L1,·)
SKIP	w87:5	client RuntimeError: method->execute() failed with error 0x12 | [normalization_ops_util.cpp:160] Check failed (in.size(0) == N):  [op_native_group_norm.cpp:139] Check failed (check_group_norm_args( input, weight, bias, N, C, HxW, group, out, mean_out, rstd_out)):  [method.cpp:1480] KernelCall failed at instruction 0:0 in operator aten::native_group_norm.out: 0x12 [method.cpp:1490] arg 0 with type id 1 [method.cpp:1490] arg 1 with type id 0 [method.cpp:1490] arg 2 with type id 0 [method.cpp:1490] arg 3 with type id 4 [method.cpp:1490] arg 4 with type id 4 [method.cpp:1490] arg 5 with type id 4 [method.cpp:1490] arg 6 with type id 4 [method.cpp:1490] arg 7 with type id 3 [method.cpp:1490] arg 8 with type id 1 [method.cpp:1490] arg 9 with type id 1 [method.cpp:1490] arg 10 with type id 1 [method.cpp:1490] arg 11 with type id 9	n0*=native_group_norm(L0,·,·,·,·,·,·,·)
MISMATCH	w87:65	out[0] non-finite mismatch (nan/inf positions differ)	n0*=gelu.out(L0,·,·)
MISMATCH	w87:78	out[0] max|delta|=4.000e+00 (rtol=0.0 atol=0.0)	n0*=remainder.Tensor_out(L0,L1,·)
MISMATCH	w87:87	out[0] non-finite mismatch (nan/inf positions differ)	n0*=native_group_norm(L0,·,·,·,·,·,·,·)
SKIP	w87:90	client RuntimeError: method->execute() failed with error 0x12 | [tensor_util.h:617] Check failed (static_cast<size_t>(t.dim()) == rank): Expected tensor.dim() to be 2, but got 4 [distance_util.cpp:16] Check failed (tensor_is_rank(in, 2)):  [op_pdist_forward.cpp:25] Check failed (check_pdist_args(in, p, out)):  [method.cpp:1480] KernelCall failed at instruction 0:0 in operator aten::_pdist_forward.out: 0x12 [method.cpp:1490] arg 0 with type id 1 [method.cpp:1490] arg 1 with type id 3 [method.cpp:1490] arg 2 with type id 1 [method.cpp:1490] arg 3 with type id 1	n0*=_pdist_forward(L0,·)
SKIP	w88:125	client RuntimeError: method->execute() failed with error 0x12 | [index_util.cpp:156] Check failed (index.scalar_type() == ScalarType::Long): Expected dtype int64 for index; index.scalar_type() = Int [op_scatter.cpp:113] Check failed (check_scatter_src_args(in, dim, index, src, out)):  [method.cpp:1480] KernelCall failed at instruction 0:0 in operator aten::scatter.src_out: 0x12 [method.cpp:1490] arg 0 with type id 1 [method.cpp:1490] arg 1 with type id 4 [method.cpp:1490] arg 2 with type id 1 [method.cpp:1490] arg 3 with type id 1 [method.cpp:1490] arg 4 with type id 1 [method.cpp:1490] arg 5 with type id 1	n0*=scatter.src_out(L0,·,L1,L2,·)
SKIP	w88:14	client RuntimeError: method->execute() failed with error 0x12 | [op_log_softmax.cpp:152] Check failed (false):  [method.cpp:1480] KernelCall failed at instruction 0:0 in operator aten::_log_softmax.out: 0x12 [method.cpp:1490] arg 0 with type id 1 [method.cpp:1490] arg 1 with type id 4 [method.cpp:1490] arg 2 with type id 5 [method.cpp:1490] arg 3 with type id 1 [method.cpp:1490] arg 4 with type id 1	n0*=_log_softmax.out(L0,·,·,·)
MISMATCH	w88:146	out[0] non-finite mismatch (nan/inf positions differ)	n0*=gelu.out(L0,·,·)
SKIP	w88:168	client RuntimeError: method->execute() failed with error 0x12 | [normalization_ops_util.cpp:160] Check failed (in.size(0) == N):  [op_native_group_norm.cpp:139] Check failed (check_group_norm_args( input, weight, bias, N, C, HxW, group, out, mean_out, rstd_out)):  [method.cpp:1480] KernelCall failed at instruction 0:0 in operator aten::native_group_norm.out: 0x12 [method.cpp:1490] arg 0 with type id 1 [method.cpp:1490] arg 1 with type id 0 [method.cpp:1490] arg 2 with type id 0 [method.cpp:1490] arg 3 with type id 4 [method.cpp:1490] arg 4 with type id 4 [method.cpp:1490] arg 5 with type id 4 [method.cpp:1490] arg 6 with type id 4 [method.cpp:1490] arg 7 with type id 3 [method.cpp:1490] arg 8 with type id 1 [method.cpp:1490] arg 9 with type id 1 [method.cpp:1490] arg 10 with type id 1 [method.cpp:1490] arg 11 with type id 9	n0*=native_group_norm(L0,·,·,·,·,·,·,·)
SKIP	w88:171	client RuntimeError: method->execute() failed with error 0x12 | [tensor_util.h:617] Check failed (static_cast<size_t>(t.dim()) == rank): Expected tensor.dim() to be 2, but got 1 [distance_util.cpp:16] Check failed (tensor_is_rank(in, 2)):  [op_pdist_forward.cpp:25] Check failed (check_pdist_args(in, p, out)):  [method.cpp:1480] KernelCall failed at instruction 0:0 in operator aten::_pdist_forward.out: 0x12 [method.cpp:1490] arg 0 with type id 1 [method.cpp:1490] arg 1 with type id 3 [method.cpp:1490] arg 2 with type id 1 [method.cpp:1490] arg 3 with type id 1	n0*=_pdist_forward(L0,·)
SKIP	w88:199	client RuntimeError: method->execute() failed with error 0x12 | [tensor_util_portable.cpp:130] Check failed (all_contiguous || all_channels_last): 2 input tensors have different dim orders [op_fft_r2c.cpp:29] Check failed (tensors_have_same_dim_order(in, out)):  [method.cpp:1480] KernelCall failed at instruction 0:0 in operator aten::_fft_r2c.out: 0x12 [method.cpp:1490] arg 0 with type id 1 [method.cpp:1490] arg 1 with type id 8 [method.cpp:1490] arg 2 with type id 4 [method.cpp:1490] arg 3 with type id 5 [method.cpp:1490] arg 4 with type id 1 [method.cpp:1490] arg 5 with type id 1	n0*=_fft_r2c(L0,·,·,·)
MISMATCH	w88:242	out[0] non-finite mismatch (nan/inf positions differ)	n0*=_log_softmax.out(L0,·,·,·)
MISMATCH	w88:262	out[0] max|delta|=6.711e+07 (rtol=0.0 atol=0.0)	n0*=bitwise_left_shift.Tensor_Scalar(L0,·)
SKIP	w88:270	client RuntimeError: method->execute() failed with error 0x12 | [copy_ops_util.cpp:165] Check failed (implicit == false): This operator is not implemented for when implicit == true. [op_expand_copy.cpp:63] Check failed (check_expand_copy_args(self, expand_sizes, implicit, out)):  [method.cpp:1480] KernelCall failed at instruction 0:0 in operator aten::expand_copy.out: 0x12 [method.cpp:1490] arg 0 with type id 1 [method.cpp:1490] arg 1 with type id 8 [method.cpp:1490] arg 2 with type id 5 [method.cpp:1490] arg 3 with type id 1 [method.cpp:1490] arg 4 with type id 1	n0*=expand_copy(L0,·,·)
SKIP	w88:289	client RuntimeError: method->execute() failed with error 0x12 | [op_arange.cpp:55] Check failed (utils::extract_scalar(start, &d_start)):  [method.cpp:1480] KernelCall failed at instruction 0:0 in operator aten::arange.start_out: 0x12 [method.cpp:1490] arg 0 with type id 5 [method.cpp:1490] arg 1 with type id 5 [method.cpp:1490] arg 2 with type id 5 [method.cpp:1490] arg 3 with type id 1 [method.cpp:1490] arg 4 with type id 1	n0*=arange.start_out(·,·,·,·)
SKIP	w88:314	client RuntimeError: method->execute() failed with error 0x12 | [normalization_ops_util.cpp:160] Check failed (in.size(0) == N):  [op_native_group_norm.cpp:139] Check failed (check_group_norm_args( input, weight, bias, N, C, HxW, group, out, mean_out, rstd_out)):  [method.cpp:1480] KernelCall failed at instruction 0:0 in operator aten::native_group_norm.out: 0x12 [method.cpp:1490] arg 0 with type id 1 [method.cpp:1490] arg 1 with type id 0 [method.cpp:1490] arg 2 with type id 0 [method.cpp:1490] arg 3 with type id 4 [method.cpp:1490] arg 4 with type id 4 [method.cpp:1490] arg 5 with type id 4 [method.cpp:1490] arg 6 with type id 4 [method.cpp:1490] arg 7 with type id 3 [method.cpp:1490] arg 8 with type id 1 [method.cpp:1490] arg 9 with type id 1 [method.cpp:1490] arg 10 with type id 1 [method.cpp:1490] arg 11 with type id 9	n0*=native_group_norm(L0,·,·,·,·,·,·,·)
MISMATCH	w88:338	out[0] max|delta|=2.306e+18 (rtol=0.0 atol=0.0)	n0*=bitwise_left_shift.Tensor_Scalar_out(L0,·,·)
MISMATCH	w88:34	out[0] max|delta|=5.765e+17 (rtol=0.0 atol=0.0)	n0*=bitwise_left_shift.Tensor_Scalar(L0,·)
SKIP	w88:353	client RuntimeError: method->execute() failed with error 0x12 | [index_util.cpp:156] Check failed (index.scalar_type() == ScalarType::Long): Expected dtype int64 for index; index.scalar_type() = Int [op_scatter.cpp:113] Check failed (check_scatter_src_args(in, dim, index, src, out)):  [method.cpp:1480] KernelCall failed at instruction 0:0 in operator aten::scatter.src_out: 0x12 [method.cpp:1490] arg 0 with type id 1 [method.cpp:1490] arg 1 with type id 4 [method.cpp:1490] arg 2 with type id 1 [method.cpp:1490] arg 3 with type id 1 [method.cpp:1490] arg 4 with type id 1 [method.cpp:1490] arg 5 with type id 1	n0*=scatter.src_out(L0,·,L1,L2,·)
SKIP	w88:360	client RuntimeError: method->execute() failed with error 0x12 | [op_copy.cpp:33] Check failed (non_blocking == false):  [method.cpp:1480] KernelCall failed at instruction 0:0 in operator aten::copy.out: 0x12 [method.cpp:1490] arg 0 with type id 1 [method.cpp:1490] arg 1 with type id 1 [method.cpp:1490] arg 2 with type id 5 [method.cpp:1490] arg 3 with type id 1 [method.cpp:1490] arg 4 with type id 1	n0*=copy(L0,L1,·)
SKIP	w88:61	client RuntimeError: method->execute() failed with error 0x12 | [op_arange.cpp:55] Check failed (utils::extract_scalar(start, &d_start)):  [method.cpp:1480] KernelCall failed at instruction 0:0 in operator aten::arange.start_out: 0x12 [method.cpp:1490] arg 0 with type id 5 [method.cpp:1490] arg 1 with type id 5 [method.cpp:1490] arg 2 with type id 4 [method.cpp:1490] arg 3 with type id 1 [method.cpp:1490] arg 4 with type id 1	n0*=arange.start_out(·,·,·,·)
SKIP	w88:68	client RuntimeError: method->execute() failed with error 0x12 | [op_sub.cpp:144] Check failed (utils::extract_scalar(alpha, &alpha_val)):  [method.cpp:1480] KernelCall failed at instruction 0:0 in operator aten::sub.Scalar_out: 0x12 [method.cpp:1490] arg 0 with type id 1 [method.cpp:1490] arg 1 with type id 4 [method.cpp:1490] arg 2 with type id 4 [method.cpp:1490] arg 3 with type id 1 [method.cpp:1490] arg 4 with type id 1	n0*=sub.Scalar(L0,·,·)
SKIP	w88:86	client RuntimeError: method->execute() failed with error 0x12 | [normalization_ops_util.cpp:160] Check failed (in.size(0) == N):  [op_native_group_norm.cpp:139] Check failed (check_group_norm_args( input, weight, bias, N, C, HxW, group, out, mean_out, rstd_out)):  [method.cpp:1480] KernelCall failed at instruction 0:0 in operator aten::native_group_norm.out: 0x12 [method.cpp:1490] arg 0 with type id 1 [method.cpp:1490] arg 1 with type id 0 [method.cpp:1490] arg 2 with type id 0 [method.cpp:1490] arg 3 with type id 4 [method.cpp:1490] arg 4 with type id 4 [method.cpp:1490] arg 5 with type id 4 [method.cpp:1490] arg 6 with type id 4 [method.cpp:1490] arg 7 with type id 3 [method.cpp:1490] arg 8 with type id 1 [method.cpp:1490] arg 9 with type id 1 [method.cpp:1490] arg 10 with type id 1 [method.cpp:1490] arg 11 with type id 9	n0*=native_group_norm(L0,·,·,·,·,·,·,·)
SKIP	w89:123	client RuntimeError: method->execute() failed with error 0x12 | [op_arange.cpp:55] Check failed (utils::extract_scalar(start, &d_start)):  [method.cpp:1480] KernelCall failed at instruction 0:0 in operator aten::arange.start_out: 0x12 [method.cpp:1490] arg 0 with type id 5 [method.cpp:1490] arg 1 with type id 5 [method.cpp:1490] arg 2 with type id 4 [method.cpp:1490] arg 3 with type id 1 [method.cpp:1490] arg 4 with type id 1	n0*=arange.start_out(·,·,·,·)
MISMATCH	w89:172	out[0] max|delta|=4.027e+08 (rtol=0.0 atol=0.0)	n0*=bitwise_left_shift.Tensor_Scalar_out(L0,·,·)
MISMATCH	w89:175	out[0] max|delta|=6.918e+18 (rtol=0.01 atol=0.001)	n0*=bitwise_left_shift.Tensor_out(L0,L1,·)
MISMATCH	w89:208	out[0] non-finite mismatch (nan/inf positions differ)	n0*=gelu.out(L0,·,·)
MISMATCH	w89:221	out[0] max|delta|=4.000e+00 (rtol=0.0 atol=0.0)	n0*=remainder.Tensor_out(L0,L1,·)
SKIP	w89:230	client RuntimeError: method->execute() failed with error 0x12 | [normalization_ops_util.cpp:160] Check failed (in.size(0) == N):  [op_native_group_norm.cpp:139] Check failed (check_group_norm_args( input, weight, bias, N, C, HxW, group, out, mean_out, rstd_out)):  [method.cpp:1480] KernelCall failed at instruction 0:0 in operator aten::native_group_norm.out: 0x12 [method.cpp:1490] arg 0 with type id 1 [method.cpp:1490] arg 1 with type id 0 [method.cpp:1490] arg 2 with type id 0 [method.cpp:1490] arg 3 with type id 4 [method.cpp:1490] arg 4 with type id 4 [method.cpp:1490] arg 5 with type id 4 [method.cpp:1490] arg 6 with type id 4 [method.cpp:1490] arg 7 with type id 3 [method.cpp:1490] arg 8 with type id 1 [method.cpp:1490] arg 9 with type id 1 [method.cpp:1490] arg 10 with type id 1 [method.cpp:1490] arg 11 with type id 9	n0*=native_group_norm(L0,·,·,·,·,·,·,·)
SKIP	w89:233	client RuntimeError: method->execute() failed with error 0x12 | [op_pdist_forward.cpp:45] Unhandled dtype Long for _pdist_forward.out [method.cpp:1480] KernelCall failed at instruction 0:0 in operator aten::_pdist_forward.out: 0x12 [method.cpp:1490] arg 0 with type id 1 [method.cpp:1490] arg 1 with type id 3 [method.cpp:1490] arg 2 with type id 1 [method.cpp:1490] arg 3 with type id 1	n0*=_pdist_forward(L0,·)
SKIP	w89:261	client RuntimeError: method->execute() failed with error 0x12 | [tensor_util_portable.cpp:130] Check failed (all_contiguous || all_channels_last): 2 input tensors have different dim orders [op_fft_r2c.cpp:29] Check failed (tensors_have_same_dim_order(in, out)):  [method.cpp:1480] KernelCall failed at instruction 0:0 in operator aten::_fft_r2c.out: 0x12 [method.cpp:1490] arg 0 with type id 1 [method.cpp:1490] arg 1 with type id 8 [method.cpp:1490] arg 2 with type id 4 [method.cpp:1490] arg 3 with type id 5 [method.cpp:1490] arg 4 with type id 1 [method.cpp:1490] arg 5 with type id 1	n0*=_fft_r2c(L0,·,·,·)
SKIP	w89:304	client RuntimeError: method->execute() failed with error 0x12 | [op_log_softmax.cpp:152] Check failed (false):  [method.cpp:1480] KernelCall failed at instruction 0:0 in operator aten::_log_softmax.out: 0x12 [method.cpp:1490] arg 0 with type id 1 [method.cpp:1490] arg 1 with type id 4 [method.cpp:1490] arg 2 with type id 5 [method.cpp:1490] arg 3 with type id 1 [method.cpp:1490] arg 4 with type id 1	n0*=_log_softmax.out(L0,·,·,·)
MISMATCH	w89:317	out[0] max|delta|=8.000e+00 (rtol=0.0 atol=0.0)	n0*=remainder.Scalar(L0,·)
MISMATCH	w89:324	out[0] max|delta|=4.612e+18 (rtol=0.0 atol=0.0)	n0*=bitwise_left_shift.Tensor_Scalar(L0,·)
SKIP	w89:326	client RuntimeError: method->execute() failed with error 0x12 | [index_util.cpp:156] Check failed (index.scalar_type() == ScalarType::Long): Expected dtype int64 for index; index.scalar_type() = Int [op_scatter_add.cpp:61] Check failed (check_scatter_add_args(self, dim, index, src, out)):  [method.cpp:1480] KernelCall failed at instruction 0:0 in operator aten::scatter_add.out: 0x12 [method.cpp:1490] arg 0 with type id 1 [method.cpp:1490] arg 1 with type id 4 [method.cpp:1490] arg 2 with type id 1 [method.cpp:1490] arg 3 with type id 1 [method.cpp:1490] arg 4 with type id 1 [method.cpp:1490] arg 5 with type id 1	n0*=scatter_add.out(L0,·,L1,L2,·)
SKIP	w89:33	client RuntimeError: method->execute() failed with error 0x12 | [tensor_util_portable.cpp:130] Check failed (all_contiguous || all_channels_last): 2 input tensors have different dim orders [op_fft_r2c.cpp:29] Check failed (tensors_have_same_dim_order(in, out)):  [method.cpp:1480] KernelCall failed at instruction 0:0 in operator aten::_fft_r2c.out: 0x12 [method.cpp:1490] arg 0 with type id 1 [method.cpp:1490] arg 1 with type id 8 [method.cpp:1490] arg 2 with type id 4 [method.cpp:1490] arg 3 with type id 5 [method.cpp:1490] arg 4 with type id 1 [method.cpp:1490] arg 5 with type id 1	n0*=_fft_r2c(L0,·,·,·)
SKIP	w89:332	client RuntimeError: method->execute() failed with error 0x12 | [copy_ops_util.cpp:165] Check failed (implicit == false): This operator is not implemented for when implicit == true. [op_expand_copy.cpp:63] Check failed (check_expand_copy_args(self, expand_sizes, implicit, out)):  [method.cpp:1480] KernelCall failed at instruction 0:0 in operator aten::expand_copy.out: 0x12 [method.cpp:1490] arg 0 with type id 1 [method.cpp:1490] arg 1 with type id 8 [method.cpp:1490] arg 2 with type id 5 [method.cpp:1490] arg 3 with type id 1 [method.cpp:1490] arg 4 with type id 1	n0*=expand_copy(L0,·,·)
SKIP	w89:351	client RuntimeError: method->execute() failed with error 0x12 | [op_arange.cpp:55] Check failed (utils::extract_scalar(start, &d_start)):  [method.cpp:1480] KernelCall failed at instruction 0:0 in operator aten::arange.start_out: 0x12 [method.cpp:1490] arg 0 with type id 5 [method.cpp:1490] arg 1 with type id 5 [method.cpp:1490] arg 2 with type id 3 [method.cpp:1490] arg 3 with type id 1 [method.cpp:1490] arg 4 with type id 1	n0*=arange.start_out(·,·,·,·)
SKIP	w89:376	client RuntimeError: method->execute() failed with error 0x12 | [normalization_ops_util.cpp:160] Check failed (in.size(0) == N):  [op_native_group_norm.cpp:139] Check failed (check_group_norm_args( input, weight, bias, N, C, HxW, group, out, mean_out, rstd_out)):  [method.cpp:1480] KernelCall failed at instruction 0:0 in operator aten::native_group_norm.out: 0x12 [method.cpp:1490] arg 0 with type id 1 [method.cpp:1490] arg 1 with type id 0 [method.cpp:1490] arg 2 with type id 0 [method.cpp:1490] arg 3 with type id 4 [method.cpp:1490] arg 4 with type id 4 [method.cpp:1490] arg 5 with type id 4 [method.cpp:1490] arg 6 with type id 4 [method.cpp:1490] arg 7 with type id 3 [method.cpp:1490] arg 8 with type id 1 [method.cpp:1490] arg 9 with type id 1 [method.cpp:1490] arg 10 with type id 1 [method.cpp:1490] arg 11 with type id 9	n0*=native_group_norm(L0,·,·,·,·,·,·,·)
MISMATCH	w89:403	out[0] non-finite mismatch (nan/inf positions differ)	n0*=bitwise_left_shift.Tensor_out(L0,L1,·)
MISMATCH	w89:436	out[0] non-finite mismatch (nan/inf positions differ)	n0*=gelu.out(L0,·,·)
SKIP	w89:458	client RuntimeError: method->execute() failed with error 0x12 | [normalization_ops_util.cpp:160] Check failed (in.size(0) == N):  [op_native_group_norm.cpp:139] Check failed (check_group_norm_args( input, weight, bias, N, C, HxW, group, out, mean_out, rstd_out)):  [method.cpp:1480] KernelCall failed at instruction 0:0 in operator aten::native_group_norm.out: 0x12 [method.cpp:1490] arg 0 with type id 1 [method.cpp:1490] arg 1 with type id 0 [method.cpp:1490] arg 2 with type id 0 [method.cpp:1490] arg 3 with type id 4 [method.cpp:1490] arg 4 with type id 4 [method.cpp:1490] arg 5 with type id 4 [method.cpp:1490] arg 6 with type id 4 [method.cpp:1490] arg 7 with type id 3 [method.cpp:1490] arg 8 with type id 1 [method.cpp:1490] arg 9 with type id 1 [method.cpp:1490] arg 10 with type id 1 [method.cpp:1490] arg 11 with type id 9	n0*=native_group_norm(L0,·,·,·,·,·,·,·)
SKIP	w89:461	client RuntimeError: method->execute() failed with error 0x12 | [tensor_util.h:617] Check failed (static_cast<size_t>(t.dim()) == rank): Expected tensor.dim() to be 2, but got 4 [distance_util.cpp:16] Check failed (tensor_is_rank(in, 2)):  [op_pdist_forward.cpp:25] Check failed (check_pdist_args(in, p, out)):  [method.cpp:1480] KernelCall failed at instruction 0:0 in operator aten::_pdist_forward.out: 0x12 [method.cpp:1490] arg 0 with type id 1 [method.cpp:1490] arg 1 with type id 3 [method.cpp:1490] arg 2 with type id 1 [method.cpp:1490] arg 3 with type id 1	n0*=_pdist_forward(L0,·)
SKIP	w89:5	client RuntimeError: method->execute() failed with error 0x12 | [tensor_util.h:617] Check failed (static_cast<size_t>(t.dim()) == rank): Expected tensor.dim() to be 2, but got 3 [distance_util.cpp:16] Check failed (tensor_is_rank(in, 2)):  [op_pdist_forward.cpp:25] Check failed (check_pdist_args(in, p, out)):  [method.cpp:1480] KernelCall failed at instruction 0:0 in operator aten::_pdist_forward.out: 0x12 [method.cpp:1490] arg 0 with type id 1 [method.cpp:1490] arg 1 with type id 3 [method.cpp:1490] arg 2 with type id 1 [method.cpp:1490] arg 3 with type id 1	n0*=_pdist_forward(L0,·)
MISMATCH	w9:103	out[0] max|delta|=4.000e+00 (rtol=0.0 atol=0.0)	n0*=remainder.Tensor_out(L0,L1,·)
SKIP	w9:115	client RuntimeError: method->execute() failed with error 0x12 | [op_pdist_forward.cpp:45] Unhandled dtype Bool for _pdist_forward.out [method.cpp:1480] KernelCall failed at instruction 0:0 in operator aten::_pdist_forward.out: 0x12 [method.cpp:1490] arg 0 with type id 1 [method.cpp:1490] arg 1 with type id 3 [method.cpp:1490] arg 2 with type id 1 [method.cpp:1490] arg 3 with type id 1	n0*=_pdist_forward(L0,·)
SKIP	w9:143	client RuntimeError: method->execute() failed with error 0x12 | [op_fft_r2c.cpp:32] Check failed (onesided): onesided=False is not supported yet in _fft_r2c [method.cpp:1480] KernelCall failed at instruction 0:0 in operator aten::_fft_r2c.out: 0x12 [method.cpp:1490] arg 0 with type id 1 [method.cpp:1490] arg 1 with type id 8 [method.cpp:1490] arg 2 with type id 4 [method.cpp:1490] arg 3 with type id 5 [method.cpp:1490] arg 4 with type id 1 [method.cpp:1490] arg 5 with type id 1	n0*=_fft_r2c(L0,·,·,·)
SKIP	w9:186	client RuntimeError: method->execute() failed with error 0x12 | [op_log_softmax.cpp:152] Check failed (false):  [method.cpp:1480] KernelCall failed at instruction 0:0 in operator aten::_log_softmax.out: 0x12 [method.cpp:1490] arg 0 with type id 1 [method.cpp:1490] arg 1 with type id 4 [method.cpp:1490] arg 2 with type id 5 [method.cpp:1490] arg 3 with type id 1 [method.cpp:1490] arg 4 with type id 1	n0*=_log_softmax.out(L0,·,·,·)
SKIP	w9:214	client RuntimeError: method->execute() failed with error 0x12 | [copy_ops_util.cpp:165] Check failed (implicit == false): This operator is not implemented for when implicit == true. [op_expand_copy.cpp:63] Check failed (check_expand_copy_args(self, expand_sizes, implicit, out)):  [method.cpp:1480] KernelCall failed at instruction 0:0 in operator aten::expand_copy.out: 0x12 [method.cpp:1490] arg 0 with type id 1 [method.cpp:1490] arg 1 with type id 8 [method.cpp:1490] arg 2 with type id 5 [method.cpp:1490] arg 3 with type id 1 [method.cpp:1490] arg 4 with type id 1	n0*=expand_copy(L0,·,·)
SKIP	w9:233	client RuntimeError: method->execute() failed with error 0x12 | [op_arange.cpp:55] Check failed (utils::extract_scalar(start, &d_start)):  [method.cpp:1480] KernelCall failed at instruction 0:0 in operator aten::arange.start_out: 0x12 [method.cpp:1490] arg 0 with type id 5 [method.cpp:1490] arg 1 with type id 5 [method.cpp:1490] arg 2 with type id 5 [method.cpp:1490] arg 3 with type id 1 [method.cpp:1490] arg 4 with type id 1	n0*=arange.start_out(·,·,·,·)
MISMATCH	w9:250	out[0] non-finite mismatch (nan/inf positions differ)	n0*=grid_sampler_2d(L0,L1,·,·,·)
SKIP	w9:253	client RuntimeError: method->execute() failed with error 0x12 | [kernel_ops_util.cpp:389] Check failed (in.dim() == 3 || in.dim() == 4): Expect input tensor to be 3-D or 4-D, but got, 5. [op_convolution.cpp:363] Check failed (check_convolution_args( in, weight, bias, stride, padding, dilation, transposed, output_padding, groups, out)):  [method.cpp:1480] KernelCall failed at instruction 0:0 in operator aten::convolution.out: 0x12 [method.cpp:1490] arg 0 with type id 1 [method.cpp:1490] arg 1 with type id 1 [method.cpp:1490] arg 2 with type id 0 [method.cpp:1490] arg 3 with type id 8 [method.cpp:1490] arg 4 with type id 8 [method.cpp:1490] arg 5 with type id 8 [method.cpp:1490] arg 6 with type id 5 [method.cpp:1490] arg 7 with type id 8 [method.cpp:1490] arg 8 with type id 4 [method.cpp:1490] arg 9 with type id 1 [method.cpp:1490] arg 10 with type id 1	n0*=convolution(L0,L1,·,·,·,·,·,·,·)
SKIP	w9:258	client RuntimeError: method->execute() failed with error 0x12 | [normalization_ops_util.cpp:160] Check failed (in.size(0) == N):  [op_native_group_norm.cpp:139] Check failed (check_group_norm_args( input, weight, bias, N, C, HxW, group, out, mean_out, rstd_out)):  [method.cpp:1480] KernelCall failed at instruction 0:0 in operator aten::native_group_norm.out: 0x12 [method.cpp:1490] arg 0 with type id 1 [method.cpp:1490] arg 1 with type id 0 [method.cpp:1490] arg 2 with type id 0 [method.cpp:1490] arg 3 with type id 4 [method.cpp:1490] arg 4 with type id 4 [method.cpp:1490] arg 5 with type id 4 [method.cpp:1490] arg 6 with type id 4 [method.cpp:1490] arg 7 with type id 3 [method.cpp:1490] arg 8 with type id 1 [method.cpp:1490] arg 9 with type id 1 [method.cpp:1490] arg 10 with type id 1 [method.cpp:1490] arg 11 with type id 9	n0*=native_group_norm(L0,·,·,·,·,·,·,·)
MISMATCH	w9:285	out[0] max|delta|=9.223e+18 (rtol=0.01 atol=0.001)	n0*=bitwise_left_shift.Tensor_out(L0,L1,·)
SKIP	w9:30	client RuntimeError: method->execute() failed with error 0x12 | [normalization_ops_util.cpp:160] Check failed (in.size(0) == N):  [op_native_group_norm.cpp:139] Check failed (check_group_norm_args( input, weight, bias, N, C, HxW, group, out, mean_out, rstd_out)):  [method.cpp:1480] KernelCall failed at instruction 0:0 in operator aten::native_group_norm.out: 0x12 [method.cpp:1490] arg 0 with type id 1 [method.cpp:1490] arg 1 with type id 0 [method.cpp:1490] arg 2 with type id 0 [method.cpp:1490] arg 3 with type id 4 [method.cpp:1490] arg 4 with type id 4 [method.cpp:1490] arg 5 with type id 4 [method.cpp:1490] arg 6 with type id 4 [method.cpp:1490] arg 7 with type id 3 [method.cpp:1490] arg 8 with type id 1 [method.cpp:1490] arg 9 with type id 1 [method.cpp:1490] arg 10 with type id 1 [method.cpp:1490] arg 11 with type id 9	n0*=native_group_norm(L0,·,·,·,·,·,·,·)
SKIP	w9:304	client RuntimeError: method->execute() failed with error 0x12 | [op_copy.cpp:33] Check failed (non_blocking == false):  [method.cpp:1480] KernelCall failed at instruction 0:0 in operator aten::copy.out: 0x12 [method.cpp:1490] arg 0 with type id 1 [method.cpp:1490] arg 1 with type id 1 [method.cpp:1490] arg 2 with type id 5 [method.cpp:1490] arg 3 with type id 1 [method.cpp:1490] arg 4 with type id 1	n0*=copy(L0,L1,·)
MISMATCH	w9:318	out[0] non-finite mismatch (nan/inf positions differ)	n0*=gelu.out(L0,·,·)
CRASH	w84:148	executor died (native abort)	n0*=max_pool2d_with_indices_backward.grad_input(L0,L1,·,·,·,·,·,L2,L3)
MISMATCH	w9:414	out[0] non-finite mismatch (nan/inf positions differ)	n0*=_log_softmax.out(L0,·,·,·)
SKIP	w9:436	client RuntimeError: method->execute() failed with error 0x12 | [index_util.cpp:156] Check failed (index.scalar_type() == ScalarType::Long): Expected dtype int64 for index; index.scalar_type() = Int [op_scatter_add.cpp:61] Check failed (check_scatter_add_args(self, dim, index, src, out)):  [method.cpp:1480] KernelCall failed at instruction 0:0 in operator aten::scatter_add.out: 0x12 [method.cpp:1490] arg 0 with type id 1 [method.cpp:1490] arg 1 with type id 4 [method.cpp:1490] arg 2 with type id 1 [method.cpp:1490] arg 3 with type id 1 [method.cpp:1490] arg 4 with type id 1 [method.cpp:1490] arg 5 with type id 1	n0*=scatter_add.out(L0,·,L1,L2,·)
SKIP	w9:461	client RuntimeError: method->execute() failed with error 0x12 | [op_arange.cpp:55] Check failed (utils::extract_scalar(start, &d_start)):  [method.cpp:1480] KernelCall failed at instruction 0:0 in operator aten::arange.start_out: 0x12 [method.cpp:1490] arg 0 with type id 5 [method.cpp:1490] arg 1 with type id 5 [method.cpp:1490] arg 2 with type id 5 [method.cpp:1490] arg 3 with type id 1 [method.cpp:1490] arg 4 with type id 1	n0*=arange.start_out(·,·,·,·)
SKIP	w9:486	client RuntimeError: method->execute() failed with error 0x12 | [normalization_ops_util.cpp:160] Check failed (in.size(0) == N):  [op_native_group_norm.cpp:139] Check failed (check_group_norm_args( input, weight, bias, N, C, HxW, group, out, mean_out, rstd_out)):  [method.cpp:1480] KernelCall failed at instruction 0:0 in operator aten::native_group_norm.out: 0x12 [method.cpp:1490] arg 0 with type id 1 [method.cpp:1490] arg 1 with type id 0 [method.cpp:1490] arg 2 with type id 0 [method.cpp:1490] arg 3 with type id 4 [method.cpp:1490] arg 4 with type id 4 [method.cpp:1490] arg 5 with type id 4 [method.cpp:1490] arg 6 with type id 4 [method.cpp:1490] arg 7 with type id 3 [method.cpp:1490] arg 8 with type id 1 [method.cpp:1490] arg 9 with type id 1 [method.cpp:1490] arg 10 with type id 1 [method.cpp:1490] arg 11 with type id 9	n0*=native_group_norm(L0,·,·,·,·,·,·,·)
SKIP	w9:5	client RuntimeError: method->execute() failed with error 0x12 | [op_arange.cpp:59] Check failed (utils::extract_scalar(end, &d_end)):  [method.cpp:1480] KernelCall failed at instruction 0:0 in operator aten::arange.start_out: 0x12 [method.cpp:1490] arg 0 with type id 4 [method.cpp:1490] arg 1 with type id 5 [method.cpp:1490] arg 2 with type id 3 [method.cpp:1490] arg 3 with type id 1 [method.cpp:1490] arg 4 with type id 1	n0*=arange.start_out(·,·,·,·)
MISMATCH	w9:510	out[0] max|delta|=2.147e+09 (rtol=0.0 atol=0.0)	n0*=bitwise_left_shift.Tensor_Scalar_out(L0,·,·)
MISMATCH	w9:513	out[0] max|delta|=2.147e+09 (rtol=0.01 atol=0.001)	n0*=bitwise_left_shift.Tensor_out(L0,L1,·)
MISMATCH	w9:54	out[0] max|delta|=1.153e+18 (rtol=0.01 atol=0.001)	n0*=bitwise_left_shift.Tensor_Scalar_out(L0,·,·)
CRASH	w86:80	executor died (native abort)	n0*=max_pool2d_with_indices_backward.grad_input(L0,L1,·,·,·,·,·,L2,L3)
CRASH	w89:25	executor died (native abort)	n0*=max_pool2d_with_indices_backward.grad_input(L0,L1,·,·,·,·,·,L2,L3)
CRASH	w90:108	executor died (native abort)	n0*=max_pool2d_with_indices_backward.grad_input(L0,L1,·,·,·,·,·,L2,L3)
SKIP	w90:116	client RuntimeError: method->execute() failed with error 0x12 | [tensor_util_portable.cpp:130] Check failed (all_contiguous || all_channels_last): 2 input tensors have different dim orders [op_fft_r2c.cpp:29] Check failed (tensors_have_same_dim_order(in, out)):  [method.cpp:1480] KernelCall failed at instruction 0:0 in operator aten::_fft_r2c.out: 0x12 [method.cpp:1490] arg 0 with type id 1 [method.cpp:1490] arg 1 with type id 8 [method.cpp:1490] arg 2 with type id 4 [method.cpp:1490] arg 3 with type id 5 [method.cpp:1490] arg 4 with type id 1 [method.cpp:1490] arg 5 with type id 1	n0*=_fft_r2c(L0,·,·,·)
SKIP	w90:159	client RuntimeError: method->execute() failed with error 0x12 | [op_log_softmax.cpp:152] Check failed (false):  [method.cpp:1480] KernelCall failed at instruction 0:0 in operator aten::_log_softmax.out: 0x12 [method.cpp:1490] arg 0 with type id 1 [method.cpp:1490] arg 1 with type id 4 [method.cpp:1490] arg 2 with type id 5 [method.cpp:1490] arg 3 with type id 1 [method.cpp:1490] arg 4 with type id 1	n0*=_log_softmax.out(L0,·,·,·)
SKIP	w90:206	client RuntimeError: method->execute() failed with error 0x12 | [op_arange.cpp:55] Check failed (utils::extract_scalar(start, &d_start)):  [method.cpp:1480] KernelCall failed at instruction 0:0 in operator aten::arange.start_out: 0x12 [method.cpp:1490] arg 0 with type id 5 [method.cpp:1490] arg 1 with type id 5 [method.cpp:1490] arg 2 with type id 3 [method.cpp:1490] arg 3 with type id 1 [method.cpp:1490] arg 4 with type id 1	n0*=arange.start_out(·,·,·,·)
SKIP	w90:213	client RuntimeError: method->execute() failed with error 0x12 | [op_sub.cpp:144] Check failed (utils::extract_scalar(alpha, &alpha_val)):  [method.cpp:1480] KernelCall failed at instruction 0:0 in operator aten::sub.Scalar_out: 0x12 [method.cpp:1490] arg 0 with type id 1 [method.cpp:1490] arg 1 with type id 4 [method.cpp:1490] arg 2 with type id 4 [method.cpp:1490] arg 3 with type id 1 [method.cpp:1490] arg 4 with type id 1	n0*=sub.Scalar(L0,·,·)
SKIP	w90:231	client RuntimeError: method->execute() failed with error 0x12 | [normalization_ops_util.cpp:160] Check failed (in.size(0) == N):  [op_native_group_norm.cpp:139] Check failed (check_group_norm_args( input, weight, bias, N, C, HxW, group, out, mean_out, rstd_out)):  [method.cpp:1480] KernelCall failed at instruction 0:0 in operator aten::native_group_norm.out: 0x12 [method.cpp:1490] arg 0 with type id 1 [method.cpp:1490] arg 1 with type id 0 [method.cpp:1490] arg 2 with type id 0 [method.cpp:1490] arg 3 with type id 4 [method.cpp:1490] arg 4 with type id 4 [method.cpp:1490] arg 5 with type id 4 [method.cpp:1490] arg 6 with type id 4 [method.cpp:1490] arg 7 with type id 3 [method.cpp:1490] arg 8 with type id 1 [method.cpp:1490] arg 9 with type id 1 [method.cpp:1490] arg 10 with type id 1 [method.cpp:1490] arg 11 with type id 9	n0*=native_group_norm(L0,·,·,·,·,·,·,·)
MISMATCH	w90:258	out[0] max|delta|=1.611e+09 (rtol=0.0 atol=0.0)	n0*=bitwise_left_shift.Tensor_out(L0,L1,·)
SKIP	w90:270	client RuntimeError: method->execute() failed with error 0x12 | [index_util.cpp:156] Check failed (index.scalar_type() == ScalarType::Long): Expected dtype int64 for index; index.scalar_type() = Int [op_scatter.cpp:113] Check failed (check_scatter_src_args(in, dim, index, src, out)):  [method.cpp:1480] KernelCall failed at instruction 0:0 in operator aten::scatter.src_out: 0x12 [method.cpp:1490] arg 0 with type id 1 [method.cpp:1490] arg 1 with type id 4 [method.cpp:1490] arg 2 with type id 1 [method.cpp:1490] arg 3 with type id 1 [method.cpp:1490] arg 4 with type id 1 [method.cpp:1490] arg 5 with type id 1	n0*=scatter.src_out(L0,·,L1,L2,·)
MISMATCH	w90:291	out[0] non-finite mismatch (nan/inf positions differ)	n0*=gelu.out(L0,·,·)
SKIP	w90:3	client RuntimeError: method->execute() failed with error 0x12 | [normalization_ops_util.cpp:160] Check failed (in.size(0) == N):  [op_native_group_norm.cpp:139] Check failed (check_group_norm_args( input, weight, bias, N, C, HxW, group, out, mean_out, rstd_out)):  [method.cpp:1480] KernelCall failed at instruction 0:0 in operator aten::native_group_norm.out: 0x12 [method.cpp:1490] arg 0 with type id 1 [method.cpp:1490] arg 1 with type id 0 [method.cpp:1490] arg 2 with type id 0 [method.cpp:1490] arg 3 with type id 4 [method.cpp:1490] arg 4 with type id 4 [method.cpp:1490] arg 5 with type id 4 [method.cpp:1490] arg 6 with type id 4 [method.cpp:1490] arg 7 with type id 3 [method.cpp:1490] arg 8 with type id 1 [method.cpp:1490] arg 9 with type id 1 [method.cpp:1490] arg 10 with type id 1 [method.cpp:1490] arg 11 with type id 9	n0*=native_group_norm(L0,·,·,·,·,·,·,·)
SKIP	w90:316	client RuntimeError: method->execute() failed with error 0x12 | [tensor_util.h:617] Check failed (static_cast<size_t>(t.dim()) == rank): Expected tensor.dim() to be 2, but got 1 [distance_util.cpp:16] Check failed (tensor_is_rank(in, 2)):  [op_pdist_forward.cpp:25] Check failed (check_pdist_args(in, p, out)):  [method.cpp:1480] KernelCall failed at instruction 0:0 in operator aten::_pdist_forward.out: 0x12 [method.cpp:1490] arg 0 with type id 1 [method.cpp:1490] arg 1 with type id 3 [method.cpp:1490] arg 2 with type id 1 [method.cpp:1490] arg 3 with type id 1	n0*=_pdist_forward(L0,·)
SKIP	w90:344	client RuntimeError: method->execute() failed with error 0x12 | [op_fft_r2c.cpp:32] Check failed (onesided): onesided=False is not supported yet in _fft_r2c [method.cpp:1480] KernelCall failed at instruction 0:0 in operator aten::_fft_r2c.out: 0x12 [method.cpp:1490] arg 0 with type id 1 [method.cpp:1490] arg 1 with type id 8 [method.cpp:1490] arg 2 with type id 4 [method.cpp:1490] arg 3 with type id 5 [method.cpp:1490] arg 4 with type id 1 [method.cpp:1490] arg 5 with type id 1	n0*=_fft_r2c(L0,·,·,·)
MISMATCH	w90:407	out[0] max|delta|=1.441e+17 (rtol=0.0 atol=0.0)	n0*=bitwise_left_shift.Tensor_Scalar(L0,·)
SKIP	w90:409	client RuntimeError: method->execute() failed with error 0x12 | [index_util.cpp:156] Check failed (index.scalar_type() == ScalarType::Long): Expected dtype int64 for index; index.scalar_type() = Int [op_scatter_add.cpp:61] Check failed (check_scatter_add_args(self, dim, index, src, out)):  [method.cpp:1480] KernelCall failed at instruction 0:0 in operator aten::scatter_add.out: 0x12 [method.cpp:1490] arg 0 with type id 1 [method.cpp:1490] arg 1 with type id 4 [method.cpp:1490] arg 2 with type id 1 [method.cpp:1490] arg 3 with type id 1 [method.cpp:1490] arg 4 with type id 1 [method.cpp:1490] arg 5 with type id 1	n0*=scatter_add.out(L0,·,L1,L2,·)
SKIP	w90:434	client RuntimeError: method->execute() failed with error 0x12 | [op_arange.cpp:55] Check failed (utils::extract_scalar(start, &d_start)):  [method.cpp:1480] KernelCall failed at instruction 0:0 in operator aten::arange.start_out: 0x12 [method.cpp:1490] arg 0 with type id 5 [method.cpp:1490] arg 1 with type id 5 [method.cpp:1490] arg 2 with type id 5 [method.cpp:1490] arg 3 with type id 1 [method.cpp:1490] arg 4 with type id 1	n0*=arange.start_out(·,·,·,·)
SKIP	w90:459	client RuntimeError: method->execute() failed with error 0x12 | [normalization_ops_util.cpp:160] Check failed (in.size(0) == N):  [op_native_group_norm.cpp:139] Check failed (check_group_norm_args( input, weight, bias, N, C, HxW, group, out, mean_out, rstd_out)):  [method.cpp:1480] KernelCall failed at instruction 0:0 in operator aten::native_group_norm.out: 0x12 [method.cpp:1490] arg 0 with type id 1 [method.cpp:1490] arg 1 with type id 0 [method.cpp:1490] arg 2 with type id 0 [method.cpp:1490] arg 3 with type id 4 [method.cpp:1490] arg 4 with type id 4 [method.cpp:1490] arg 5 with type id 4 [method.cpp:1490] arg 6 with type id 4 [method.cpp:1490] arg 7 with type id 3 [method.cpp:1490] arg 8 with type id 1 [method.cpp:1490] arg 9 with type id 1 [method.cpp:1490] arg 10 with type id 1 [method.cpp:1490] arg 11 with type id 9	n0*=native_group_norm(L0,·,·,·,·,·,·,·)
MISMATCH	w90:486	out[0] non-finite mismatch (nan/inf positions differ)	n0*=bitwise_left_shift.Tensor_out(L0,L1,·)
SKIP	w90:50	client RuntimeError: method->execute() failed with error 0x12 | [op_cat.cpp:88] Unhandled dtype Float8_e4m3fn for cat.out [method.cpp:1480] KernelCall failed at instruction 0:1 in operator aten::cat.out: 0x12 [method.cpp:1490] arg 0 with type id 9 [method.cpp:1490] arg 1 with type id 4 [method.cpp:1490] arg 2 with type id 1 [method.cpp:1490] arg 3 with type id 1	n0*=stack(·,·)
MISMATCH	w90:63	out[0] non-finite mismatch (nan/inf positions differ)	n0*=gelu.out(L0,·,·)
MISMATCH	w90:76	out[0] max|delta|=4.000e+00 (rtol=0.0 atol=0.0)	n0*=remainder.Tensor_out(L0,L1,·)
SKIP	w90:85	client RuntimeError: method->execute() failed with error 0x12 | [normalization_ops_util.cpp:160] Check failed (in.size(0) == N):  [op_native_group_norm.cpp:139] Check failed (check_group_norm_args( input, weight, bias, N, C, HxW, group, out, mean_out, rstd_out)):  [method.cpp:1480] KernelCall failed at instruction 0:0 in operator aten::native_group_norm.out: 0x12 [method.cpp:1490] arg 0 with type id 1 [method.cpp:1490] arg 1 with type id 0 [method.cpp:1490] arg 2 with type id 0 [method.cpp:1490] arg 3 with type id 4 [method.cpp:1490] arg 4 with type id 4 [method.cpp:1490] arg 5 with type id 4 [method.cpp:1490] arg 6 with type id 4 [method.cpp:1490] arg 7 with type id 3 [method.cpp:1490] arg 8 with type id 1 [method.cpp:1490] arg 9 with type id 1 [method.cpp:1490] arg 10 with type id 1 [method.cpp:1490] arg 11 with type id 9	n0*=native_group_norm(L0,·,·,·,·,·,·,·)
SKIP	w90:88	client RuntimeError: method->execute() failed with error 0x12 | [tensor_util.h:617] Check failed (static_cast<size_t>(t.dim()) == rank): Expected tensor.dim() to be 2, but got 1 [distance_util.cpp:16] Check failed (tensor_is_rank(in, 2)):  [op_pdist_forward.cpp:25] Check failed (check_pdist_args(in, p, out)):  [method.cpp:1480] KernelCall failed at instruction 0:0 in operator aten::_pdist_forward.out: 0x12 [method.cpp:1490] arg 0 with type id 1 [method.cpp:1490] arg 1 with type id 3 [method.cpp:1490] arg 2 with type id 1 [method.cpp:1490] arg 3 with type id 1	n0*=_pdist_forward(L0,·)
MISMATCH	w91:10	out[0] max|delta|=5.000e+00 (rtol=0.0 atol=0.0)	n0*=remainder.Scalar(L0,·)
MISMATCH	w91:129	out[0] non-finite mismatch (nan/inf positions differ)	n0*=gelu.out(L0,·,·)
SKIP	w91:151	client RuntimeError: method->execute() failed with error 0x12 | [normalization_ops_util.cpp:160] Check failed (in.size(0) == N):  [op_native_group_norm.cpp:139] Check failed (check_group_norm_args( input, weight, bias, N, C, HxW, group, out, mean_out, rstd_out)):  [method.cpp:1480] KernelCall failed at instruction 0:0 in operator aten::native_group_norm.out: 0x12 [method.cpp:1490] arg 0 with type id 1 [method.cpp:1490] arg 1 with type id 0 [method.cpp:1490] arg 2 with type id 0 [method.cpp:1490] arg 3 with type id 4 [method.cpp:1490] arg 4 with type id 4 [method.cpp:1490] arg 5 with type id 4 [method.cpp:1490] arg 6 with type id 4 [method.cpp:1490] arg 7 with type id 3 [method.cpp:1490] arg 8 with type id 1 [method.cpp:1490] arg 9 with type id 1 [method.cpp:1490] arg 10 with type id 1 [method.cpp:1490] arg 11 with type id 9	n0*=native_group_norm(L0,·,·,·,·,·,·,·)
SKIP	w91:154	client RuntimeError: method->execute() failed with error 0x12 | [tensor_util.h:617] Check failed (static_cast<size_t>(t.dim()) == rank): Expected tensor.dim() to be 2, but got 1 [distance_util.cpp:16] Check failed (tensor_is_rank(in, 2)):  [op_pdist_forward.cpp:25] Check failed (check_pdist_args(in, p, out)):  [method.cpp:1480] KernelCall failed at instruction 0:0 in operator aten::_pdist_forward.out: 0x12 [method.cpp:1490] arg 0 with type id 1 [method.cpp:1490] arg 1 with type id 3 [method.cpp:1490] arg 2 with type id 1 [method.cpp:1490] arg 3 with type id 1	n0*=_pdist_forward(L0,·)
MISMATCH	w91:17	out[0] max|delta|=5.765e+17 (rtol=0.0 atol=0.0)	n0*=bitwise_left_shift.Tensor_Scalar(L0,·)
MISMATCH	w91:245	out[0] max|delta|=2.882e+17 (rtol=0.0 atol=0.0)	n0*=bitwise_left_shift.Tensor_Scalar(L0,·)
SKIP	w91:25	client RuntimeError: method->execute() failed with error 0x12 | [copy_ops_util.cpp:165] Check failed (implicit == false): This operator is not implemented for when implicit == true. [op_expand_copy.cpp:63] Check failed (check_expand_copy_args(self, expand_sizes, implicit, out)):  [method.cpp:1480] KernelCall failed at instruction 0:0 in operator aten::expand_copy.out: 0x12 [method.cpp:1490] arg 0 with type id 1 [method.cpp:1490] arg 1 with type id 8 [method.cpp:1490] arg 2 with type id 5 [method.cpp:1490] arg 3 with type id 1 [method.cpp:1490] arg 4 with type id 1	n0*=expand_copy(L0,·,·)
SKIP	w91:272	client RuntimeError: method->execute() failed with error 0x12 | [op_arange.cpp:55] Check failed (utils::extract_scalar(start, &d_start)):  [method.cpp:1480] KernelCall failed at instruction 0:0 in operator aten::arange.start_out: 0x12 [method.cpp:1490] arg 0 with type id 5 [method.cpp:1490] arg 1 with type id 5 [method.cpp:1490] arg 2 with type id 5 [method.cpp:1490] arg 3 with type id 1 [method.cpp:1490] arg 4 with type id 1	n0*=arange.start_out(·,·,·,·)
SKIP	w91:297	client RuntimeError: method->execute() failed with error 0x12 | [normalization_ops_util.cpp:160] Check failed (in.size(0) == N):  [op_native_group_norm.cpp:139] Check failed (check_group_norm_args( input, weight, bias, N, C, HxW, group, out, mean_out, rstd_out)):  [method.cpp:1480] KernelCall failed at instruction 0:0 in operator aten::native_group_norm.out: 0x12 [method.cpp:1490] arg 0 with type id 1 [method.cpp:1490] arg 1 with type id 0 [method.cpp:1490] arg 2 with type id 0 [method.cpp:1490] arg 3 with type id 4 [method.cpp:1490] arg 4 with type id 4 [method.cpp:1490] arg 5 with type id 4 [method.cpp:1490] arg 6 with type id 4 [method.cpp:1490] arg 7 with type id 3 [method.cpp:1490] arg 8 with type id 1 [method.cpp:1490] arg 9 with type id 1 [method.cpp:1490] arg 10 with type id 1 [method.cpp:1490] arg 11 with type id 9	n0*=native_group_norm(L0,·,·,·,·,·,·,·)
MISMATCH	w91:321	out[0] max|delta|=9.223e+18 (rtol=0.01 atol=0.001)	n0*=bitwise_left_shift.Tensor_Scalar_out(L0,·,·)
MISMATCH	w91:357	out[0] non-finite mismatch (nan/inf positions differ)	n0*=gelu.out(L0,·,·)
SKIP	w91:379	client RuntimeError: method->execute() failed with error 0x12 | [normalization_ops_util.cpp:160] Check failed (in.size(0) == N):  [op_native_group_norm.cpp:139] Check failed (check_group_norm_args( input, weight, bias, N, C, HxW, group, out, mean_out, rstd_out)):  [method.cpp:1480] KernelCall failed at instruction 0:0 in operator aten::native_group_norm.out: 0x12 [method.cpp:1490] arg 0 with type id 1 [method.cpp:1490] arg 1 with type id 0 [method.cpp:1490] arg 2 with type id 0 [method.cpp:1490] arg 3 with type id 4 [method.cpp:1490] arg 4 with type id 4 [method.cpp:1490] arg 5 with type id 4 [method.cpp:1490] arg 6 with type id 4 [method.cpp:1490] arg 7 with type id 3 [method.cpp:1490] arg 8 with type id 1 [method.cpp:1490] arg 9 with type id 1 [method.cpp:1490] arg 10 with type id 1 [method.cpp:1490] arg 11 with type id 9	n0*=native_group_norm(L0,·,·,·,·,·,·,·)
SKIP	w91:382	client RuntimeError: method->execute() failed with error 0x12 | [tensor_util.h:617] Check failed (static_cast<size_t>(t.dim()) == rank): Expected tensor.dim() to be 2, but got 1 [distance_util.cpp:16] Check failed (tensor_is_rank(in, 2)):  [op_pdist_forward.cpp:25] Check failed (check_pdist_args(in, p, out)):  [method.cpp:1480] KernelCall failed at instruction 0:0 in operator aten::_pdist_forward.out: 0x12 [method.cpp:1490] arg 0 with type id 1 [method.cpp:1490] arg 1 with type id 3 [method.cpp:1490] arg 2 with type id 1 [method.cpp:1490] arg 3 with type id 1	n0*=_pdist_forward(L0,·)
SKIP	w91:410	client RuntimeError: method->execute() failed with error 0x12 | [op_fft_r2c.cpp:32] Check failed (onesided): onesided=False is not supported yet in _fft_r2c [method.cpp:1480] KernelCall failed at instruction 0:0 in operator aten::_fft_r2c.out: 0x12 [method.cpp:1490] arg 0 with type id 1 [method.cpp:1490] arg 1 with type id 8 [method.cpp:1490] arg 2 with type id 4 [method.cpp:1490] arg 3 with type id 5 [method.cpp:1490] arg 4 with type id 1 [method.cpp:1490] arg 5 with type id 1	n0*=_fft_r2c(L0,·,·,·)
SKIP	w91:44	client RuntimeError: method->execute() failed with error 0x12 | [op_arange.cpp:55] Check failed (utils::extract_scalar(start, &d_start)):  [method.cpp:1480] KernelCall failed at instruction 0:0 in operator aten::arange.start_out: 0x12 [method.cpp:1490] arg 0 with type id 5 [method.cpp:1490] arg 1 with type id 5 [method.cpp:1490] arg 2 with type id 5 [method.cpp:1490] arg 3 with type id 1 [method.cpp:1490] arg 4 with type id 1	n0*=arange.start_out(·,·,·,·)
MISMATCH	w91:456	out[0] non-finite mismatch (nan/inf positions differ)	n0*=addmm.out(L0,L1,L2,·,·,·)
MISMATCH	w91:61	out[0] non-finite mismatch (nan/inf positions differ)	n0*=grid_sampler_2d(L0,L1,·,·,·)
SKIP	w91:69	client RuntimeError: method->execute() failed with error 0x12 | [normalization_ops_util.cpp:160] Check failed (in.size(0) == N):  [op_native_group_norm.cpp:139] Check failed (check_group_norm_args( input, weight, bias, N, C, HxW, group, out, mean_out, rstd_out)):  [method.cpp:1480] KernelCall failed at instruction 0:0 in operator aten::native_group_norm.out: 0x12 [method.cpp:1490] arg 0 with type id 1 [method.cpp:1490] arg 1 with type id 0 [method.cpp:1490] arg 2 with type id 0 [method.cpp:1490] arg 3 with type id 4 [method.cpp:1490] arg 4 with type id 4 [method.cpp:1490] arg 5 with type id 4 [method.cpp:1490] arg 6 with type id 4 [method.cpp:1490] arg 7 with type id 3 [method.cpp:1490] arg 8 with type id 1 [method.cpp:1490] arg 9 with type id 1 [method.cpp:1490] arg 10 with type id 1 [method.cpp:1490] arg 11 with type id 9	n0*=native_group_norm(L0,·,·,·,·,·,·,·)
MISMATCH	w91:96	out[0] max|delta|=6.918e+18 (rtol=0.0 atol=0.0)	n0*=bitwise_left_shift.Tensor_out(L0,L1,·)
SKIP	w92:100	client RuntimeError: method->execute() failed with error 0x12 | [tensor_util_portable.cpp:130] Check failed (all_contiguous || all_channels_last): 2 input tensors have different dim orders [op_fft_r2c.cpp:29] Check failed (tensors_have_same_dim_order(in, out)):  [method.cpp:1480] KernelCall failed at instruction 0:0 in operator aten::_fft_r2c.out: 0x12 [method.cpp:1490] arg 0 with type id 1 [method.cpp:1490] arg 1 with type id 8 [method.cpp:1490] arg 2 with type id 4 [method.cpp:1490] arg 3 with type id 5 [method.cpp:1490] arg 4 with type id 1 [method.cpp:1490] arg 5 with type id 1	n0*=_fft_r2c(L0,·,·,·)
MISMATCH	w92:14	out[0] max|delta|=9.223e+18 (rtol=0.01 atol=0.001)	n0*=bitwise_left_shift.Tensor_out(L0,L1,·)
MISMATCH	w92:143	out[0] non-finite mismatch (nan/inf positions differ)	n0*=_log_softmax.out(L0,·,·,·)
SKIP	w92:190	client RuntimeError: method->execute() failed with error 0x12 | [op_arange.cpp:63] Check failed (utils::extract_scalar(step, &d_step)):  [method.cpp:1480] KernelCall failed at instruction 0:0 in operator aten::arange.start_out: 0x12 [method.cpp:1490] arg 0 with type id 3 [method.cpp:1490] arg 1 with type id 4 [method.cpp:1490] arg 2 with type id 5 [method.cpp:1490] arg 3 with type id 1 [method.cpp:1490] arg 4 with type id 1	n0*=arange.start_out(·,·,·,·)
SKIP	w92:215	client RuntimeError: method->execute() failed with error 0x12 | [normalization_ops_util.cpp:160] Check failed (in.size(0) == N):  [op_native_group_norm.cpp:139] Check failed (check_group_norm_args( input, weight, bias, N, C, HxW, group, out, mean_out, rstd_out)):  [method.cpp:1480] KernelCall failed at instruction 0:0 in operator aten::native_group_norm.out: 0x12 [method.cpp:1490] arg 0 with type id 1 [method.cpp:1490] arg 1 with type id 0 [method.cpp:1490] arg 2 with type id 0 [method.cpp:1490] arg 3 with type id 4 [method.cpp:1490] arg 4 with type id 4 [method.cpp:1490] arg 5 with type id 4 [method.cpp:1490] arg 6 with type id 4 [method.cpp:1490] arg 7 with type id 3 [method.cpp:1490] arg 8 with type id 1 [method.cpp:1490] arg 9 with type id 1 [method.cpp:1490] arg 10 with type id 1 [method.cpp:1490] arg 11 with type id 9	n0*=native_group_norm(L0,·,·,·,·,·,·,·)
MISMATCH	w92:242	out[0] non-finite mismatch (nan/inf positions differ)	n0*=bitwise_left_shift.Tensor_out(L0,L1,·)
MISMATCH	w92:47	out[0] non-finite mismatch (nan/inf positions differ)	n0*=gelu.out(L0,·,·)
MISMATCH	w92:61	out[0] max|delta|=4.000e+00 (rtol=0.0 atol=0.0)	n0*=fmod.Scalar(L0,·)
SKIP	w92:69	client RuntimeError: method->execute() failed with error 0x12 | [normalization_ops_util.cpp:160] Check failed (in.size(0) == N):  [op_native_group_norm.cpp:139] Check failed (check_group_norm_args( input, weight, bias, N, C, HxW, group, out, mean_out, rstd_out)):  [method.cpp:1480] KernelCall failed at instruction 0:0 in operator aten::native_group_norm.out: 0x12 [method.cpp:1490] arg 0 with type id 1 [method.cpp:1490] arg 1 with type id 0 [method.cpp:1490] arg 2 with type id 0 [method.cpp:1490] arg 3 with type id 4 [method.cpp:1490] arg 4 with type id 4 [method.cpp:1490] arg 5 with type id 4 [method.cpp:1490] arg 6 with type id 4 [method.cpp:1490] arg 7 with type id 3 [method.cpp:1490] arg 8 with type id 1 [method.cpp:1490] arg 9 with type id 1 [method.cpp:1490] arg 10 with type id 1 [method.cpp:1490] arg 11 with type id 9	n0*=native_group_norm(L0,·,·,·,·,·,·,·)
SKIP	w92:72	client RuntimeError: method->execute() failed with error 0x12 | [tensor_util.h:617] Check failed (static_cast<size_t>(t.dim()) == rank): Expected tensor.dim() to be 2, but got 5 [distance_util.cpp:16] Check failed (tensor_is_rank(in, 2)):  [op_pdist_forward.cpp:25] Check failed (check_pdist_args(in, p, out)):  [method.cpp:1480] KernelCall failed at instruction 0:0 in operator aten::_pdist_forward.out: 0x12 [method.cpp:1490] arg 0 with type id 1 [method.cpp:1490] arg 1 with type id 3 [method.cpp:1490] arg 2 with type id 1 [method.cpp:1490] arg 3 with type id 1	n0*=_pdist_forward(L0,·)
SKIP	w93:139	client RuntimeError: method->execute() failed with error 0x12 | [op_copy.cpp:33] Check failed (non_blocking == false):  [method.cpp:1480] KernelCall failed at instruction 0:0 in operator aten::copy.out: 0x12 [method.cpp:1490] arg 0 with type id 1 [method.cpp:1490] arg 1 with type id 1 [method.cpp:1490] arg 2 with type id 5 [method.cpp:1490] arg 3 with type id 1 [method.cpp:1490] arg 4 with type id 1	n0*=copy(L0,L1,·)
MISMATCH	w93:153	out[0] non-finite mismatch (nan/inf positions differ)	n0*=gelu.out(L0,·,·)
SKIP	w93:175	client RuntimeError: method->execute() failed with error 0x12 | [normalization_ops_util.cpp:160] Check failed (in.size(0) == N):  [op_native_group_norm.cpp:139] Check failed (check_group_norm_args( input, weight, bias, N, C, HxW, group, out, mean_out, rstd_out)):  [method.cpp:1480] KernelCall failed at instruction 0:0 in operator aten::native_group_norm.out: 0x12 [method.cpp:1490] arg 0 with type id 1 [method.cpp:1490] arg 1 with type id 0 [method.cpp:1490] arg 2 with type id 0 [method.cpp:1490] arg 3 with type id 4 [method.cpp:1490] arg 4 with type id 4 [method.cpp:1490] arg 5 with type id 4 [method.cpp:1490] arg 6 with type id 4 [method.cpp:1490] arg 7 with type id 3 [method.cpp:1490] arg 8 with type id 1 [method.cpp:1490] arg 9 with type id 1 [method.cpp:1490] arg 10 with type id 1 [method.cpp:1490] arg 11 with type id 9	n0*=native_group_norm(L0,·,·,·,·,·,·,·)
SKIP	w93:178	client RuntimeError: method->execute() failed with error 0x12 | [op_pdist_forward.cpp:45] Unhandled dtype Bool for _pdist_forward.out [method.cpp:1480] KernelCall failed at instruction 0:0 in operator aten::_pdist_forward.out: 0x12 [method.cpp:1490] arg 0 with type id 1 [method.cpp:1490] arg 1 with type id 3 [method.cpp:1490] arg 2 with type id 1 [method.cpp:1490] arg 3 with type id 1	n0*=_pdist_forward(L0,·)
SKIP	w93:206	client RuntimeError: method->execute() failed with error 0x12 | [op_fft_r2c.cpp:32] Check failed (onesided): onesided=False is not supported yet in _fft_r2c [method.cpp:1480] KernelCall failed at instruction 0:0 in operator aten::_fft_r2c.out: 0x12 [method.cpp:1490] arg 0 with type id 1 [method.cpp:1490] arg 1 with type id 8 [method.cpp:1490] arg 2 with type id 4 [method.cpp:1490] arg 3 with type id 5 [method.cpp:1490] arg 4 with type id 1 [method.cpp:1490] arg 5 with type id 1	n0*=_fft_r2c(L0,·,·,·)
MISMATCH	w93:21	out[0] non-finite mismatch (nan/inf positions differ)	n0*=_log_softmax.out(L0,·,·,·)
MISMATCH	w93:41	out[0] max|delta|=5.765e+17 (rtol=0.0 atol=0.0)	n0*=bitwise_left_shift.Tensor_Scalar(L0,·)
SKIP	w93:43	client RuntimeError: method->execute() failed with error 0x12 | [index_util.cpp:156] Check failed (index.scalar_type() == ScalarType::Long): Expected dtype int64 for index; index.scalar_type() = Int [op_scatter_add.cpp:61] Check failed (check_scatter_add_args(self, dim, index, src, out)):  [method.cpp:1480] KernelCall failed at instruction 0:0 in operator aten::scatter_add.out: 0x12 [method.cpp:1490] arg 0 with type id 1 [method.cpp:1490] arg 1 with type id 4 [method.cpp:1490] arg 2 with type id 1 [method.cpp:1490] arg 3 with type id 1 [method.cpp:1490] arg 4 with type id 1 [method.cpp:1490] arg 5 with type id 1	n0*=scatter_add.out(L0,·,L1,L2,·)
SKIP	w93:49	client RuntimeError: method->execute() failed with error 0x12 | [copy_ops_util.cpp:165] Check failed (implicit == false): This operator is not implemented for when implicit == true. [op_expand_copy.cpp:63] Check failed (check_expand_copy_args(self, expand_sizes, implicit, out)):  [method.cpp:1480] KernelCall failed at instruction 0:0 in operator aten::expand_copy.out: 0x12 [method.cpp:1490] arg 0 with type id 1 [method.cpp:1490] arg 1 with type id 8 [method.cpp:1490] arg 2 with type id 5 [method.cpp:1490] arg 3 with type id 1 [method.cpp:1490] arg 4 with type id 1	n0*=expand_copy(L0,·,·)
SKIP	w93:68	client RuntimeError: method->execute() failed with error 0x12 | [op_arange.cpp:55] Check failed (utils::extract_scalar(start, &d_start)):  [method.cpp:1480] KernelCall failed at instruction 0:0 in operator aten::arange.start_out: 0x12 [method.cpp:1490] arg 0 with type id 5 [method.cpp:1490] arg 1 with type id 5 [method.cpp:1490] arg 2 with type id 4 [method.cpp:1490] arg 3 with type id 1 [method.cpp:1490] arg 4 with type id 1	n0*=arange.start_out(·,·,·,·)
SKIP	w93:7	client RuntimeError: method->execute() failed with error 0x12 | [op_permute_copy.cpp:70] Unhandled dtype Float8_e4m3fn for permute_copy.out [method.cpp:1480] KernelCall failed at instruction 0:0 in operator aten::permute_copy.out: 0x12 [method.cpp:1490] arg 0 with type id 1 [method.cpp:1490] arg 1 with type id 8 [method.cpp:1490] arg 2 with type id 1 [method.cpp:1490] arg 3 with type id 1	n0*=linear.out(L0,L1,·,·)
SKIP	w93:75	client RuntimeError: method->execute() failed with error 0x12 | [op_sub.cpp:144] Check failed (utils::extract_scalar(alpha, &alpha_val)):  [method.cpp:1480] KernelCall failed at instruction 0:0 in operator aten::sub.Scalar_out: 0x12 [method.cpp:1490] arg 0 with type id 1 [method.cpp:1490] arg 1 with type id 4 [method.cpp:1490] arg 2 with type id 4 [method.cpp:1490] arg 3 with type id 1 [method.cpp:1490] arg 4 with type id 1	n0*=sub.Scalar(L0,·,·)
SKIP	w93:93	client RuntimeError: method->execute() failed with error 0x12 | [normalization_ops_util.cpp:160] Check failed (in.size(0) == N):  [op_native_group_norm.cpp:139] Check failed (check_group_norm_args( input, weight, bias, N, C, HxW, group, out, mean_out, rstd_out)):  [method.cpp:1480] KernelCall failed at instruction 0:0 in operator aten::native_group_norm.out: 0x12 [method.cpp:1490] arg 0 with type id 1 [method.cpp:1490] arg 1 with type id 0 [method.cpp:1490] arg 2 with type id 0 [method.cpp:1490] arg 3 with type id 4 [method.cpp:1490] arg 4 with type id 4 [method.cpp:1490] arg 5 with type id 4 [method.cpp:1490] arg 6 with type id 4 [method.cpp:1490] arg 7 with type id 3 [method.cpp:1490] arg 8 with type id 1 [method.cpp:1490] arg 9 with type id 1 [method.cpp:1490] arg 10 with type id 1 [method.cpp:1490] arg 11 with type id 9	n0*=native_group_norm(L0,·,·,·,·,·,·,·)
SKIP	w94:104	client RuntimeError: method->execute() failed with error 0x12 | [copy_ops_util.cpp:165] Check failed (implicit == false): This operator is not implemented for when implicit == true. [op_expand_copy.cpp:63] Check failed (check_expand_copy_args(self, expand_sizes, implicit, out)):  [method.cpp:1480] KernelCall failed at instruction 0:0 in operator aten::expand_copy.out: 0x12 [method.cpp:1490] arg 0 with type id 1 [method.cpp:1490] arg 1 with type id 8 [method.cpp:1490] arg 2 with type id 5 [method.cpp:1490] arg 3 with type id 1 [method.cpp:1490] arg 4 with type id 1	n0*=expand_copy(L0,·,·)
MISMATCH	w94:118	out[0] max|delta|=4.000e+00 (rtol=0.01 atol=0.001)	n0*=remainder.Scalar_out(L0,·,·)
SKIP	w94:123	client RuntimeError: method->execute() failed with error 0x12 | [op_arange.cpp:55] Check failed (utils::extract_scalar(start, &d_start)):  [method.cpp:1480] KernelCall failed at instruction 0:0 in operator aten::arange.start_out: 0x12 [method.cpp:1490] arg 0 with type id 5 [method.cpp:1490] arg 1 with type id 5 [method.cpp:1490] arg 2 with type id 5 [method.cpp:1490] arg 3 with type id 1 [method.cpp:1490] arg 4 with type id 1	n0*=arange.start_out(·,·,·,·)
MISMATCH	w94:175	out[0] max|delta|=6.918e+18 (rtol=0.0 atol=0.0)	n0*=bitwise_left_shift.Tensor_out(L0,L1,·)
SKIP	w94:2	client RuntimeError: method->execute() failed with error 0x12 | [normalization_ops_util.cpp:160] Check failed (in.size(0) == N):  [op_native_group_norm.cpp:139] Check failed (check_group_norm_args( input, weight, bias, N, C, HxW, group, out, mean_out, rstd_out)):  [method.cpp:1480] KernelCall failed at instruction 0:0 in operator aten::native_group_norm.out: 0x12 [method.cpp:1490] arg 0 with type id 1 [method.cpp:1490] arg 1 with type id 0 [method.cpp:1490] arg 2 with type id 0 [method.cpp:1490] arg 3 with type id 4 [method.cpp:1490] arg 4 with type id 4 [method.cpp:1490] arg 5 with type id 4 [method.cpp:1490] arg 6 with type id 4 [method.cpp:1490] arg 7 with type id 3 [method.cpp:1490] arg 8 with type id 1 [method.cpp:1490] arg 9 with type id 1 [method.cpp:1490] arg 10 with type id 1 [method.cpp:1490] arg 11 with type id 9	n0*=native_group_norm(L0,·,·,·,·,·,·,·)
SKIP	w94:230	client RuntimeError: method->execute() failed with error 0x12 | [normalization_ops_util.cpp:160] Check failed (in.size(0) == N):  [op_native_group_norm.cpp:139] Check failed (check_group_norm_args( input, weight, bias, N, C, HxW, group, out, mean_out, rstd_out)):  [method.cpp:1480] KernelCall failed at instruction 0:0 in operator aten::native_group_norm.out: 0x12 [method.cpp:1490] arg 0 with type id 1 [method.cpp:1490] arg 1 with type id 0 [method.cpp:1490] arg 2 with type id 0 [method.cpp:1490] arg 3 with type id 4 [method.cpp:1490] arg 4 with type id 4 [method.cpp:1490] arg 5 with type id 4 [method.cpp:1490] arg 6 with type id 4 [method.cpp:1490] arg 7 with type id 3 [method.cpp:1490] arg 8 with type id 1 [method.cpp:1490] arg 9 with type id 1 [method.cpp:1490] arg 10 with type id 1 [method.cpp:1490] arg 11 with type id 9	n0*=native_group_norm(L0,·,·,·,·,·,·,·)
SKIP	w94:233	client RuntimeError: method->execute() failed with error 0x12 | [tensor_util.h:617] Check failed (static_cast<size_t>(t.dim()) == rank): Expected tensor.dim() to be 2, but got 3 [distance_util.cpp:16] Check failed (tensor_is_rank(in, 2)):  [op_pdist_forward.cpp:25] Check failed (check_pdist_args(in, p, out)):  [method.cpp:1480] KernelCall failed at instruction 0:0 in operator aten::_pdist_forward.out: 0x12 [method.cpp:1490] arg 0 with type id 1 [method.cpp:1490] arg 1 with type id 3 [method.cpp:1490] arg 2 with type id 1 [method.cpp:1490] arg 3 with type id 1	n0*=_pdist_forward(L0,·)
SKIP	w94:33	client RuntimeError: method->execute() failed with error 0x12 | [op_fft_r2c.cpp:32] Check failed (onesided): onesided=False is not supported yet in _fft_r2c [method.cpp:1480] KernelCall failed at instruction 0:0 in operator aten::_fft_r2c.out: 0x12 [method.cpp:1490] arg 0 with type id 1 [method.cpp:1490] arg 1 with type id 8 [method.cpp:1490] arg 2 with type id 4 [method.cpp:1490] arg 3 with type id 5 [method.cpp:1490] arg 4 with type id 1 [method.cpp:1490] arg 5 with type id 1	n0*=_fft_r2c(L0,·,·,·)
SKIP	w94:76	client RuntimeError: method->execute() failed with error 0x12 | [op_log_softmax.cpp:152] Check failed (false):  [method.cpp:1480] KernelCall failed at instruction 0:0 in operator aten::_log_softmax.out: 0x12 [method.cpp:1490] arg 0 with type id 1 [method.cpp:1490] arg 1 with type id 4 [method.cpp:1490] arg 2 with type id 5 [method.cpp:1490] arg 3 with type id 1 [method.cpp:1490] arg 4 with type id 1	n0*=_log_softmax.out(L0,·,·,·)
MISMATCH	w94:96	out[0] max|delta|=2.147e+09 (rtol=0.0 atol=0.0)	n0*=bitwise_left_shift.Tensor_Scalar(L0,·)
SKIP	w94:98	client RuntimeError: method->execute() failed with error 0x12 | [index_util.cpp:156] Check failed (index.scalar_type() == ScalarType::Long): Expected dtype int64 for index; index.scalar_type() = Int [op_scatter_add.cpp:61] Check failed (check_scatter_add_args(self, dim, index, src, out)):  [method.cpp:1480] KernelCall failed at instruction 0:0 in operator aten::scatter_add.out: 0x12 [method.cpp:1490] arg 0 with type id 1 [method.cpp:1490] arg 1 with type id 4 [method.cpp:1490] arg 2 with type id 1 [method.cpp:1490] arg 3 with type id 1 [method.cpp:1490] arg 4 with type id 1 [method.cpp:1490] arg 5 with type id 1	n0*=scatter_add.out(L0,·,L1,L2,·)
SKIP	w95:0	client RuntimeError: method->execute() failed with error 0x12 | [op_permute_copy.cpp:70] Unhandled dtype Float8_e4m3fn for permute_copy.out [method.cpp:1480] KernelCall failed at instruction 0:0 in operator aten::permute_copy.out: 0x12 [method.cpp:1490] arg 0 with type id 1 [method.cpp:1490] arg 1 with type id 8 [method.cpp:1490] arg 2 with type id 1 [method.cpp:1490] arg 3 with type id 1	n0*=linear.out(L0,L1,·,·)
MISMATCH	w95:113	out[0] max|delta|=6.918e+18 (rtol=0.01 atol=0.001)	n0*=bitwise_left_shift.Tensor_out(L0,L1,·)
SKIP	w95:132	client RuntimeError: method->execute() failed with error 0x12 | [op_copy.cpp:33] Check failed (non_blocking == false):  [method.cpp:1480] KernelCall failed at instruction 0:0 in operator aten::copy.out: 0x12 [method.cpp:1490] arg 0 with type id 1 [method.cpp:1490] arg 1 with type id 1 [method.cpp:1490] arg 2 with type id 5 [method.cpp:1490] arg 3 with type id 1 [method.cpp:1490] arg 4 with type id 1	n0*=copy(L0,L1,·)
MISMATCH	w95:146	out[0] non-finite mismatch (nan/inf positions differ)	n0*=gelu.out(L0,·,·)
MISMATCH	w95:159	out[0] max|delta|=4.000e+00 (rtol=0.0 atol=0.0)	n0*=remainder.Tensor_out(L0,L1,·)
SKIP	w95:168	client RuntimeError: method->execute() failed with error 0x12 | [normalization_ops_util.cpp:160] Check failed (in.size(0) == N):  [op_native_group_norm.cpp:139] Check failed (check_group_norm_args( input, weight, bias, N, C, HxW, group, out, mean_out, rstd_out)):  [method.cpp:1480] KernelCall failed at instruction 0:0 in operator aten::native_group_norm.out: 0x12 [method.cpp:1490] arg 0 with type id 1 [method.cpp:1490] arg 1 with type id 0 [method.cpp:1490] arg 2 with type id 0 [method.cpp:1490] arg 3 with type id 4 [method.cpp:1490] arg 4 with type id 4 [method.cpp:1490] arg 5 with type id 4 [method.cpp:1490] arg 6 with type id 4 [method.cpp:1490] arg 7 with type id 3 [method.cpp:1490] arg 8 with type id 1 [method.cpp:1490] arg 9 with type id 1 [method.cpp:1490] arg 10 with type id 1 [method.cpp:1490] arg 11 with type id 9	n0*=native_group_norm(L0,·,·,·,·,·,·,·)
SKIP	w95:199	client RuntimeError: method->execute() failed with error 0x12 | [tensor_util_portable.cpp:130] Check failed (all_contiguous || all_channels_last): 2 input tensors have different dim orders [op_fft_r2c.cpp:29] Check failed (tensors_have_same_dim_order(in, out)):  [method.cpp:1480] KernelCall failed at instruction 0:0 in operator aten::_fft_r2c.out: 0x12 [method.cpp:1490] arg 0 with type id 1 [method.cpp:1490] arg 1 with type id 8 [method.cpp:1490] arg 2 with type id 4 [method.cpp:1490] arg 3 with type id 5 [method.cpp:1490] arg 4 with type id 1 [method.cpp:1490] arg 5 with type id 1	n0*=_fft_r2c(L0,·,·,·)
SKIP	w95:242	client RuntimeError: method->execute() failed with error 0x12 | [op_log_softmax.cpp:152] Check failed (false):  [method.cpp:1480] KernelCall failed at instruction 0:0 in operator aten::_log_softmax.out: 0x12 [method.cpp:1490] arg 0 with type id 1 [method.cpp:1490] arg 1 with type id 4 [method.cpp:1490] arg 2 with type id 5 [method.cpp:1490] arg 3 with type id 1 [method.cpp:1490] arg 4 with type id 1	n0*=_log_softmax.out(L0,·,·,·)
MISMATCH	w95:262	out[0] max|delta|=9.223e+18 (rtol=0.0 atol=0.0)	n0*=bitwise_left_shift.Tensor_Scalar(L0,·)
SKIP	w95:289	client RuntimeError: method->execute() failed with error 0x12 | [op_arange.cpp:55] Check failed (utils::extract_scalar(start, &d_start)):  [method.cpp:1480] KernelCall failed at instruction 0:0 in operator aten::arange.start_out: 0x12 [method.cpp:1490] arg 0 with type id 5 [method.cpp:1490] arg 1 with type id 5 [method.cpp:1490] arg 2 with type id 5 [method.cpp:1490] arg 3 with type id 1 [method.cpp:1490] arg 4 with type id 1	n0*=arange.start_out(·,·,·,·)
MISMATCH	w95:306	out[0] non-finite mismatch (nan/inf positions differ)	n0*=grid_sampler_2d(L0,L1,·,·,·)
MISMATCH	w95:338	out[0] max|delta|=4.612e+18 (rtol=0.0 atol=0.0)	n0*=bitwise_left_shift.Tensor_Scalar_out(L0,·,·)
MISMATCH	w95:34	out[0] max|delta|=9.223e+18 (rtol=0.0 atol=0.0)	n0*=bitwise_left_shift.Tensor_Scalar(L0,·)
MISMATCH	w95:341	out[0] max|delta|=9.223e+18 (rtol=0.0 atol=0.0)	n0*=bitwise_left_shift.Tensor_out(L0,L1,·)
MISMATCH	w95:374	out[0] non-finite mismatch (nan/inf positions differ)	n0*=gelu.out(L0,·,·)
MISMATCH	w95:387	out[0] max|delta|=4.000e+00 (rtol=0.0 atol=0.0)	n0*=remainder.Tensor_out(L0,L1,·)
SKIP	w95:396	client RuntimeError: method->execute() failed with error 0x12 | [normalization_ops_util.cpp:160] Check failed (in.size(0) == N):  [op_native_group_norm.cpp:139] Check failed (check_group_norm_args( input, weight, bias, N, C, HxW, group, out, mean_out, rstd_out)):  [method.cpp:1480] KernelCall failed at instruction 0:0 in operator aten::native_group_norm.out: 0x12 [method.cpp:1490] arg 0 with type id 1 [method.cpp:1490] arg 1 with type id 0 [method.cpp:1490] arg 2 with type id 0 [method.cpp:1490] arg 3 with type id 4 [method.cpp:1490] arg 4 with type id 4 [method.cpp:1490] arg 5 with type id 4 [method.cpp:1490] arg 6 with type id 4 [method.cpp:1490] arg 7 with type id 3 [method.cpp:1490] arg 8 with type id 1 [method.cpp:1490] arg 9 with type id 1 [method.cpp:1490] arg 10 with type id 1 [method.cpp:1490] arg 11 with type id 9	n0*=native_group_norm(L0,·,·,·,·,·,·,·)
SKIP	w95:399	client RuntimeError: method->execute() failed with error 0x12 | [tensor_util.h:617] Check failed (static_cast<size_t>(t.dim()) == rank): Expected tensor.dim() to be 2, but got 3 [distance_util.cpp:16] Check failed (tensor_is_rank(in, 2)):  [op_pdist_forward.cpp:25] Check failed (check_pdist_args(in, p, out)):  [method.cpp:1480] KernelCall failed at instruction 0:0 in operator aten::_pdist_forward.out: 0x12 [method.cpp:1490] arg 0 with type id 1 [method.cpp:1490] arg 1 with type id 3 [method.cpp:1490] arg 2 with type id 1 [method.cpp:1490] arg 3 with type id 1	n0*=_pdist_forward(L0,·)
SKIP	w95:42	client RuntimeError: method->execute() failed with error 0x12 | [copy_ops_util.cpp:165] Check failed (implicit == false): This operator is not implemented for when implicit == true. [op_expand_copy.cpp:63] Check failed (check_expand_copy_args(self, expand_sizes, implicit, out)):  [method.cpp:1480] KernelCall failed at instruction 0:0 in operator aten::expand_copy.out: 0x12 [method.cpp:1490] arg 0 with type id 1 [method.cpp:1490] arg 1 with type id 8 [method.cpp:1490] arg 2 with type id 5 [method.cpp:1490] arg 3 with type id 1 [method.cpp:1490] arg 4 with type id 1	n0*=expand_copy(L0,·,·)
SKIP	w95:427	client RuntimeError: method->execute() failed with error 0x12 | [op_fft_r2c.cpp:32] Check failed (onesided): onesided=False is not supported yet in _fft_r2c [method.cpp:1480] KernelCall failed at instruction 0:0 in operator aten::_fft_r2c.out: 0x12 [method.cpp:1490] arg 0 with type id 1 [method.cpp:1490] arg 1 with type id 8 [method.cpp:1490] arg 2 with type id 4 [method.cpp:1490] arg 3 with type id 5 [method.cpp:1490] arg 4 with type id 1 [method.cpp:1490] arg 5 with type id 1	n0*=_fft_r2c(L0,·,·,·)
MISMATCH	w95:470	out[0] non-finite mismatch (nan/inf positions differ)	n0*=_log_softmax.out(L0,·,·,·)
SKIP	w95:61	client RuntimeError: method->execute() failed with error 0x12 | [op_arange.cpp:55] Check failed (utils::extract_scalar(start, &d_start)):  [method.cpp:1480] KernelCall failed at instruction 0:0 in operator aten::arange.start_out: 0x12 [method.cpp:1490] arg 0 with type id 5 [method.cpp:1490] arg 1 with type id 5 [method.cpp:1490] arg 2 with type id 5 [method.cpp:1490] arg 3 with type id 1 [method.cpp:1490] arg 4 with type id 1	n0*=arange.start_out(·,·,·,·)
SKIP	w95:86	client RuntimeError: method->execute() failed with error 0x12 | [normalization_ops_util.cpp:160] Check failed (in.size(0) == N):  [op_native_group_norm.cpp:139] Check failed (check_group_norm_args( input, weight, bias, N, C, HxW, group, out, mean_out, rstd_out)):  [method.cpp:1480] KernelCall failed at instruction 0:0 in operator aten::native_group_norm.out: 0x12 [method.cpp:1490] arg 0 with type id 1 [method.cpp:1490] arg 1 with type id 0 [method.cpp:1490] arg 2 with type id 0 [method.cpp:1490] arg 3 with type id 4 [method.cpp:1490] arg 4 with type id 4 [method.cpp:1490] arg 5 with type id 4 [method.cpp:1490] arg 6 with type id 4 [method.cpp:1490] arg 7 with type id 3 [method.cpp:1490] arg 8 with type id 1 [method.cpp:1490] arg 9 with type id 1 [method.cpp:1490] arg 10 with type id 1 [method.cpp:1490] arg 11 with type id 9	n0*=native_group_norm(L0,·,·,·,·,·,·,·)
SKIP	w96:120	client RuntimeError: method->execute() failed with error 0x12 | [normalization_ops_util.cpp:160] Check failed (in.size(0) == N):  [op_native_group_norm.cpp:139] Check failed (check_group_norm_args( input, weight, bias, N, C, HxW, group, out, mean_out, rstd_out)):  [method.cpp:1480] KernelCall failed at instruction 0:0 in operator aten::native_group_norm.out: 0x12 [method.cpp:1490] arg 0 with type id 1 [method.cpp:1490] arg 1 with type id 0 [method.cpp:1490] arg 2 with type id 0 [method.cpp:1490] arg 3 with type id 4 [method.cpp:1490] arg 4 with type id 4 [method.cpp:1490] arg 5 with type id 4 [method.cpp:1490] arg 6 with type id 4 [method.cpp:1490] arg 7 with type id 3 [method.cpp:1490] arg 8 with type id 1 [method.cpp:1490] arg 9 with type id 1 [method.cpp:1490] arg 10 with type id 1 [method.cpp:1490] arg 11 with type id 9	n0*=native_group_norm(L0,·,·,·,·,·,·,·)
MISMATCH	w96:147	out[0] max|delta|=6.918e+18 (rtol=0.0 atol=0.0)	n0*=bitwise_left_shift.Tensor_out(L0,L1,·)
MISMATCH	w96:180	out[0] non-finite mismatch (nan/inf positions differ)	n0*=gelu.out(L0,·,·)
MISMATCH	w96:193	out[0] max|delta|=4.000e+00 (rtol=0.0 atol=0.0)	n0*=remainder.Tensor_out(L0,L1,·)
SKIP	w96:202	client RuntimeError: method->execute() failed with error 0x12 | [normalization_ops_util.cpp:160] Check failed (in.size(0) == N):  [op_native_group_norm.cpp:139] Check failed (check_group_norm_args( input, weight, bias, N, C, HxW, group, out, mean_out, rstd_out)):  [method.cpp:1480] KernelCall failed at instruction 0:0 in operator aten::native_group_norm.out: 0x12 [method.cpp:1490] arg 0 with type id 1 [method.cpp:1490] arg 1 with type id 0 [method.cpp:1490] arg 2 with type id 0 [method.cpp:1490] arg 3 with type id 4 [method.cpp:1490] arg 4 with type id 4 [method.cpp:1490] arg 5 with type id 4 [method.cpp:1490] arg 6 with type id 4 [method.cpp:1490] arg 7 with type id 3 [method.cpp:1490] arg 8 with type id 1 [method.cpp:1490] arg 9 with type id 1 [method.cpp:1490] arg 10 with type id 1 [method.cpp:1490] arg 11 with type id 9	n0*=native_group_norm(L0,·,·,·,·,·,·,·)
SKIP	w96:233	client RuntimeError: method->execute() failed with error 0x12 | [tensor_util_portable.cpp:130] Check failed (all_contiguous || all_channels_last): 2 input tensors have different dim orders [op_fft_r2c.cpp:29] Check failed (tensors_have_same_dim_order(in, out)):  [method.cpp:1480] KernelCall failed at instruction 0:0 in operator aten::_fft_r2c.out: 0x12 [method.cpp:1490] arg 0 with type id 1 [method.cpp:1490] arg 1 with type id 8 [method.cpp:1490] arg 2 with type id 4 [method.cpp:1490] arg 3 with type id 5 [method.cpp:1490] arg 4 with type id 1 [method.cpp:1490] arg 5 with type id 1	n0*=_fft_r2c(L0,·,·,·)
SKIP	w96:34	client RuntimeError: method->execute() failed with error 0x12 | [op_permute_copy.cpp:70] Unhandled dtype Float8_e4m3fn for permute_copy.out [method.cpp:1480] KernelCall failed at instruction 0:0 in operator aten::permute_copy.out: 0x12 [method.cpp:1490] arg 0 with type id 1 [method.cpp:1490] arg 1 with type id 8 [method.cpp:1490] arg 2 with type id 1 [method.cpp:1490] arg 3 with type id 1	n0*=linear.out(L0,L1,·,·)
MISMATCH	w96:68	out[0] max|delta|=9.223e+18 (rtol=0.0 atol=0.0)	n0*=bitwise_left_shift.Tensor_Scalar(L0,·)
SKIP	w96:95	client RuntimeError: method->execute() failed with error 0x12 | [op_arange.cpp:55] Check failed (utils::extract_scalar(start, &d_start)):  [method.cpp:1480] KernelCall failed at instruction 0:0 in operator aten::arange.start_out: 0x12 [method.cpp:1490] arg 0 with type id 5 [method.cpp:1490] arg 1 with type id 5 [method.cpp:1490] arg 2 with type id 5 [method.cpp:1490] arg 3 with type id 1 [method.cpp:1490] arg 4 with type id 1	n0*=arange.start_out(·,·,·,·)
SKIP	w97:116	client RuntimeError: method->execute() failed with error 0x12 | [normalization_ops_util.cpp:161] Check failed (in.size(1) == C):  [op_native_group_norm.cpp:139] Check failed (check_group_norm_args( input, weight, bias, N, C, HxW, group, out, mean_out, rstd_out)):  [method.cpp:1480] KernelCall failed at instruction 0:0 in operator aten::native_group_norm.out: 0x12 [method.cpp:1490] arg 0 with type id 1 [method.cpp:1490] arg 1 with type id 0 [method.cpp:1490] arg 2 with type id 0 [method.cpp:1490] arg 3 with type id 4 [method.cpp:1490] arg 4 with type id 4 [method.cpp:1490] arg 5 with type id 4 [method.cpp:1490] arg 6 with type id 4 [method.cpp:1490] arg 7 with type id 3 [method.cpp:1490] arg 8 with type id 1 [method.cpp:1490] arg 9 with type id 1 [method.cpp:1490] arg 10 with type id 1 [method.cpp:1490] arg 11 with type id 9	n0*=native_group_norm(L0,·,·,·,·,·,·,·)
SKIP	w97:119	client RuntimeError: method->execute() failed with error 0x12 | [tensor_util.h:617] Check failed (static_cast<size_t>(t.dim()) == rank): Expected tensor.dim() to be 2, but got 5 [distance_util.cpp:16] Check failed (tensor_is_rank(in, 2)):  [op_pdist_forward.cpp:25] Check failed (check_pdist_args(in, p, out)):  [method.cpp:1480] KernelCall failed at instruction 0:0 in operator aten::_pdist_forward.out: 0x12 [method.cpp:1490] arg 0 with type id 1 [method.cpp:1490] arg 1 with type id 3 [method.cpp:1490] arg 2 with type id 1 [method.cpp:1490] arg 3 with type id 1	n0*=_pdist_forward(L0,·)
SKIP	w97:147	client RuntimeError: method->execute() failed with error 0x12 | [tensor_util_portable.cpp:130] Check failed (all_contiguous || all_channels_last): 2 input tensors have different dim orders [op_fft_r2c.cpp:29] Check failed (tensors_have_same_dim_order(in, out)):  [method.cpp:1480] KernelCall failed at instruction 0:0 in operator aten::_fft_r2c.out: 0x12 [method.cpp:1490] arg 0 with type id 1 [method.cpp:1490] arg 1 with type id 8 [method.cpp:1490] arg 2 with type id 4 [method.cpp:1490] arg 3 with type id 5 [method.cpp:1490] arg 4 with type id 1 [method.cpp:1490] arg 5 with type id 1	n0*=_fft_r2c(L0,·,·,·)
MISMATCH	w97:210	out[0] max|delta|=9.223e+18 (rtol=0.0 atol=0.0)	n0*=bitwise_left_shift.Tensor_Scalar(L0,·)
SKIP	w97:237	client RuntimeError: method->execute() failed with error 0x12 | [op_arange.cpp:55] Check failed (utils::extract_scalar(start, &d_start)):  [method.cpp:1480] KernelCall failed at instruction 0:0 in operator aten::arange.start_out: 0x12 [method.cpp:1490] arg 0 with type id 5 [method.cpp:1490] arg 1 with type id 5 [method.cpp:1490] arg 2 with type id 5 [method.cpp:1490] arg 3 with type id 1 [method.cpp:1490] arg 4 with type id 1	n0*=arange.start_out(·,·,·,·)
MISMATCH	w97:254	out[0] non-finite mismatch (nan/inf positions differ)	n0*=grid_sampler_2d(L0,L1,·,·,·)
MISMATCH	w97:26	out[0] non-finite mismatch (nan/inf positions differ)	n0*=grid_sampler_2d(L0,L1,·,·,·)
SKIP	w97:262	client RuntimeError: method->execute() failed with error 0x12 | [normalization_ops_util.cpp:160] Check failed (in.size(0) == N):  [op_native_group_norm.cpp:139] Check failed (check_group_norm_args( input, weight, bias, N, C, HxW, group, out, mean_out, rstd_out)):  [method.cpp:1480] KernelCall failed at instruction 0:0 in operator aten::native_group_norm.out: 0x12 [method.cpp:1490] arg 0 with type id 1 [method.cpp:1490] arg 1 with type id 0 [method.cpp:1490] arg 2 with type id 0 [method.cpp:1490] arg 3 with type id 4 [method.cpp:1490] arg 4 with type id 4 [method.cpp:1490] arg 5 with type id 4 [method.cpp:1490] arg 6 with type id 4 [method.cpp:1490] arg 7 with type id 3 [method.cpp:1490] arg 8 with type id 1 [method.cpp:1490] arg 9 with type id 1 [method.cpp:1490] arg 10 with type id 1 [method.cpp:1490] arg 11 with type id 9	n0*=native_group_norm(L0,·,·,·,·,·,·,·)
MISMATCH	w97:286	out[0] non-finite mismatch (nan/inf positions differ)	n0*=bitwise_left_shift.Tensor_Scalar_out(L0,·,·)
MISMATCH	w97:289	out[0] max|delta|=6.918e+18 (rtol=0.01 atol=0.001)	n0*=bitwise_left_shift.Tensor_out(L0,L1,·)
MISMATCH	w97:322	out[0] non-finite mismatch (nan/inf positions differ)	n0*=gelu.out(L0,·,·)
SKIP	w97:344	client RuntimeError: method->execute() failed with error 0x12 | [normalization_ops_util.cpp:160] Check failed (in.size(0) == N):  [op_native_group_norm.cpp:139] Check failed (check_group_norm_args( input, weight, bias, N, C, HxW, group, out, mean_out, rstd_out)):  [method.cpp:1480] KernelCall failed at instruction 0:0 in operator aten::native_group_norm.out: 0x12 [method.cpp:1490] arg 0 with type id 1 [method.cpp:1490] arg 1 with type id 0 [method.cpp:1490] arg 2 with type id 0 [method.cpp:1490] arg 3 with type id 4 [method.cpp:1490] arg 4 with type id 4 [method.cpp:1490] arg 5 with type id 4 [method.cpp:1490] arg 6 with type id 4 [method.cpp:1490] arg 7 with type id 3 [method.cpp:1490] arg 8 with type id 1 [method.cpp:1490] arg 9 with type id 1 [method.cpp:1490] arg 10 with type id 1 [method.cpp:1490] arg 11 with type id 9	n0*=native_group_norm(L0,·,·,·,·,·,·,·)
SKIP	w97:347	client RuntimeError: method->execute() failed with error 0x12 | [tensor_util.h:617] Check failed (static_cast<size_t>(t.dim()) == rank): Expected tensor.dim() to be 2, but got 3 [distance_util.cpp:16] Check failed (tensor_is_rank(in, 2)):  [op_pdist_forward.cpp:25] Check failed (check_pdist_args(in, p, out)):  [method.cpp:1480] KernelCall failed at instruction 0:0 in operator aten::_pdist_forward.out: 0x12 [method.cpp:1490] arg 0 with type id 1 [method.cpp:1490] arg 1 with type id 3 [method.cpp:1490] arg 2 with type id 1 [method.cpp:1490] arg 3 with type id 1	n0*=_pdist_forward(L0,·)
MISMATCH	w97:61	out[0] max|delta|=6.918e+18 (rtol=0.0 atol=0.0)	n0*=bitwise_left_shift.Tensor_out(L0,L1,·)
SKIP	w97:9	client RuntimeError: method->execute() failed with error 0x12 | [op_arange.cpp:59] Check failed (utils::extract_scalar(end, &d_end)):  [method.cpp:1480] KernelCall failed at instruction 0:0 in operator aten::arange.start_out: 0x12 [method.cpp:1490] arg 0 with type id 3 [method.cpp:1490] arg 1 with type id 5 [method.cpp:1490] arg 2 with type id 3 [method.cpp:1490] arg 3 with type id 1 [method.cpp:1490] arg 4 with type id 1	n0*=arange.start_out(·,·,·,·)
MISMATCH	w97:94	out[0] non-finite mismatch (nan/inf positions differ)	n0*=gelu.out(L0,·,·)
SKIP	w98:116	client RuntimeError: method->execute() failed with error 0x12 | [op_arange.cpp:55] Check failed (utils::extract_scalar(start, &d_start)):  [method.cpp:1480] KernelCall failed at instruction 0:0 in operator aten::arange.start_out: 0x12 [method.cpp:1490] arg 0 with type id 5 [method.cpp:1490] arg 1 with type id 5 [method.cpp:1490] arg 2 with type id 4 [method.cpp:1490] arg 3 with type id 1 [method.cpp:1490] arg 4 with type id 1	n0*=arange.start_out(·,·,·,·)
MISMATCH	w98:132	out[0] max|delta|=2.550e+02 (rtol=0.0 atol=0.0)	n0*=prod.int_out(L0,·,·,·,·)
SKIP	w98:141	client RuntimeError: method->execute() failed with error 0x12 | [normalization_ops_util.cpp:160] Check failed (in.size(0) == N):  [op_native_group_norm.cpp:139] Check failed (check_group_norm_args( input, weight, bias, N, C, HxW, group, out, mean_out, rstd_out)):  [method.cpp:1480] KernelCall failed at instruction 0:0 in operator aten::native_group_norm.out: 0x12 [method.cpp:1490] arg 0 with type id 1 [method.cpp:1490] arg 1 with type id 0 [method.cpp:1490] arg 2 with type id 0 [method.cpp:1490] arg 3 with type id 4 [method.cpp:1490] arg 4 with type id 4 [method.cpp:1490] arg 5 with type id 4 [method.cpp:1490] arg 6 with type id 4 [method.cpp:1490] arg 7 with type id 3 [method.cpp:1490] arg 8 with type id 1 [method.cpp:1490] arg 9 with type id 1 [method.cpp:1490] arg 10 with type id 1 [method.cpp:1490] arg 11 with type id 9	n0*=native_group_norm(L0,·,·,·,·,·,·,·)
MISMATCH	w98:201	out[0] non-finite mismatch (nan/inf positions differ)	n0*=gelu.out(L0,·,·)
SKIP	w98:223	client RuntimeError: method->execute() failed with error 0x12 | [normalization_ops_util.cpp:160] Check failed (in.size(0) == N):  [op_native_group_norm.cpp:139] Check failed (check_group_norm_args( input, weight, bias, N, C, HxW, group, out, mean_out, rstd_out)):  [method.cpp:1480] KernelCall failed at instruction 0:0 in operator aten::native_group_norm.out: 0x12 [method.cpp:1490] arg 0 with type id 1 [method.cpp:1490] arg 1 with type id 0 [method.cpp:1490] arg 2 with type id 0 [method.cpp:1490] arg 3 with type id 4 [method.cpp:1490] arg 4 with type id 4 [method.cpp:1490] arg 5 with type id 4 [method.cpp:1490] arg 6 with type id 4 [method.cpp:1490] arg 7 with type id 3 [method.cpp:1490] arg 8 with type id 1 [method.cpp:1490] arg 9 with type id 1 [method.cpp:1490] arg 10 with type id 1 [method.cpp:1490] arg 11 with type id 9	n0*=native_group_norm(L0,·,·,·,·,·,·,·)
SKIP	w98:226	client RuntimeError: method->execute() failed with error 0x12 | [tensor_util.h:617] Check failed (static_cast<size_t>(t.dim()) == rank): Expected tensor.dim() to be 2, but got 1 [distance_util.cpp:16] Check failed (tensor_is_rank(in, 2)):  [op_pdist_forward.cpp:25] Check failed (check_pdist_args(in, p, out)):  [method.cpp:1480] KernelCall failed at instruction 0:0 in operator aten::_pdist_forward.out: 0x12 [method.cpp:1490] arg 0 with type id 1 [method.cpp:1490] arg 1 with type id 3 [method.cpp:1490] arg 2 with type id 1 [method.cpp:1490] arg 3 with type id 1	n0*=_pdist_forward(L0,·)
SKIP	w98:254	client RuntimeError: method->execute() failed with error 0x12 | [tensor_util_portable.cpp:130] Check failed (all_contiguous || all_channels_last): 2 input tensors have different dim orders [op_fft_r2c.cpp:29] Check failed (tensors_have_same_dim_order(in, out)):  [method.cpp:1480] KernelCall failed at instruction 0:0 in operator aten::_fft_r2c.out: 0x12 [method.cpp:1490] arg 0 with type id 1 [method.cpp:1490] arg 1 with type id 8 [method.cpp:1490] arg 2 with type id 4 [method.cpp:1490] arg 3 with type id 5 [method.cpp:1490] arg 4 with type id 1 [method.cpp:1490] arg 5 with type id 1	n0*=_fft_r2c(L0,·,·,·)
SKIP	w98:26	client RuntimeError: method->execute() failed with error 0x12 | [op_fft_r2c.cpp:32] Check failed (onesided): onesided=False is not supported yet in _fft_r2c [method.cpp:1480] KernelCall failed at instruction 0:0 in operator aten::_fft_r2c.out: 0x12 [method.cpp:1490] arg 0 with type id 1 [method.cpp:1490] arg 1 with type id 8 [method.cpp:1490] arg 2 with type id 4 [method.cpp:1490] arg 3 with type id 5 [method.cpp:1490] arg 4 with type id 1 [method.cpp:1490] arg 5 with type id 1	n0*=_fft_r2c(L0,·,·,·)
SKIP	w98:283	client RuntimeError: method->execute() failed with error 0x12 | [op_permute_copy.cpp:70] Unhandled dtype Float8_e4m3fn for permute_copy.out [method.cpp:1480] KernelCall failed at instruction 0:0 in operator aten::permute_copy.out: 0x12 [method.cpp:1490] arg 0 with type id 1 [method.cpp:1490] arg 1 with type id 8 [method.cpp:1490] arg 2 with type id 1 [method.cpp:1490] arg 3 with type id 1	n0*=linear.out(L0,L1,·,·)
MISMATCH	w98:297	out[0] non-finite mismatch (nan/inf positions differ)	n0*=_log_softmax.out(L0,·,·,·)
MISMATCH	w98:300	out[0] non-finite mismatch (nan/inf positions differ)	n0*=addmm.out(L0,L1,L2,·,·,·)
SKIP	w98:69	client RuntimeError: method->execute() failed with error 0x12 | [op_log_softmax.cpp:152] Check failed (false):  [method.cpp:1480] KernelCall failed at instruction 0:0 in operator aten::_log_softmax.out: 0x12 [method.cpp:1490] arg 0 with type id 1 [method.cpp:1490] arg 1 with type id 4 [method.cpp:1490] arg 2 with type id 5 [method.cpp:1490] arg 3 with type id 1 [method.cpp:1490] arg 4 with type id 1	n0*=_log_softmax.out(L0,·,·,·)
MISMATCH	w98:89	out[0] max|delta|=5.765e+17 (rtol=0.0 atol=0.0)	n0*=bitwise_left_shift.Tensor_Scalar(L0,·)
SKIP	w98:97	client RuntimeError: method->execute() failed with error 0x12 | [copy_ops_util.cpp:165] Check failed (implicit == false): This operator is not implemented for when implicit == true. [op_expand_copy.cpp:63] Check failed (check_expand_copy_args(self, expand_sizes, implicit, out)):  [method.cpp:1480] KernelCall failed at instruction 0:0 in operator aten::expand_copy.out: 0x12 [method.cpp:1490] arg 0 with type id 1 [method.cpp:1490] arg 1 with type id 8 [method.cpp:1490] arg 2 with type id 5 [method.cpp:1490] arg 3 with type id 1 [method.cpp:1490] arg 4 with type id 1	n0*=expand_copy(L0,·,·)
SKIP	w99:123	client RuntimeError: method->execute() failed with error 0x12 | [normalization_ops_util.cpp:160] Check failed (in.size(0) == N):  [op_native_group_norm.cpp:139] Check failed (check_group_norm_args( input, weight, bias, N, C, HxW, group, out, mean_out, rstd_out)):  [method.cpp:1480] KernelCall failed at instruction 0:0 in operator aten::native_group_norm.out: 0x12 [method.cpp:1490] arg 0 with type id 1 [method.cpp:1490] arg 1 with type id 0 [method.cpp:1490] arg 2 with type id 0 [method.cpp:1490] arg 3 with type id 4 [method.cpp:1490] arg 4 with type id 4 [method.cpp:1490] arg 5 with type id 4 [method.cpp:1490] arg 6 with type id 4 [method.cpp:1490] arg 7 with type id 3 [method.cpp:1490] arg 8 with type id 1 [method.cpp:1490] arg 9 with type id 1 [method.cpp:1490] arg 10 with type id 1 [method.cpp:1490] arg 11 with type id 9	n0*=native_group_norm(L0,·,·,·,·,·,·,·)
MISMATCH	w99:147	out[0] max|delta|=9.223e+18 (rtol=0.01 atol=0.001)	n0*=bitwise_left_shift.Tensor_Scalar_out(L0,·,·)
MISMATCH	w99:150	out[0] max|delta|=6.918e+18 (rtol=0.0 atol=0.0)	n0*=bitwise_left_shift.Tensor_out(L0,L1,·)
SKIP	w99:169	client RuntimeError: method->execute() failed with error 0x12 | [op_copy.cpp:33] Check failed (non_blocking == false):  [method.cpp:1480] KernelCall failed at instruction 0:0 in operator aten::copy.out: 0x12 [method.cpp:1490] arg 0 with type id 1 [method.cpp:1490] arg 1 with type id 1 [method.cpp:1490] arg 2 with type id 5 [method.cpp:1490] arg 3 with type id 1 [method.cpp:1490] arg 4 with type id 1	n0*=copy(L0,L1,·)
MISMATCH	w99:183	out[0] non-finite mismatch (nan/inf positions differ)	n0*=gelu.out(L0,·,·)
SKIP	w99:205	client RuntimeError: method->execute() failed with error 0x12 | [normalization_ops_util.cpp:160] Check failed (in.size(0) == N):  [op_native_group_norm.cpp:139] Check failed (check_group_norm_args( input, weight, bias, N, C, HxW, group, out, mean_out, rstd_out)):  [method.cpp:1480] KernelCall failed at instruction 0:0 in operator aten::native_group_norm.out: 0x12 [method.cpp:1490] arg 0 with type id 1 [method.cpp:1490] arg 1 with type id 0 [method.cpp:1490] arg 2 with type id 0 [method.cpp:1490] arg 3 with type id 4 [method.cpp:1490] arg 4 with type id 4 [method.cpp:1490] arg 5 with type id 4 [method.cpp:1490] arg 6 with type id 4 [method.cpp:1490] arg 7 with type id 3 [method.cpp:1490] arg 8 with type id 1 [method.cpp:1490] arg 9 with type id 1 [method.cpp:1490] arg 10 with type id 1 [method.cpp:1490] arg 11 with type id 9	n0*=native_group_norm(L0,·,·,·,·,·,·,·)
SKIP	w99:208	client RuntimeError: method->execute() failed with error 0x12 | [op_pdist_forward.cpp:45] Unhandled dtype Long for _pdist_forward.out [method.cpp:1480] KernelCall failed at instruction 0:0 in operator aten::_pdist_forward.out: 0x12 [method.cpp:1490] arg 0 with type id 1 [method.cpp:1490] arg 1 with type id 3 [method.cpp:1490] arg 2 with type id 1 [method.cpp:1490] arg 3 with type id 1	n0*=_pdist_forward(L0,·)
MISMATCH	w99:51	out[0] non-finite mismatch (nan/inf positions differ)	n0*=_log_softmax.out(L0,·,·,·)
SKIP	w99:73	client RuntimeError: method->execute() failed with error 0x12 | [index_util.cpp:156] Check failed (index.scalar_type() == ScalarType::Long): Expected dtype int64 for index; index.scalar_type() = Int [op_scatter_add.cpp:61] Check failed (check_scatter_add_args(self, dim, index, src, out)):  [method.cpp:1480] KernelCall failed at instruction 0:0 in operator aten::scatter_add.out: 0x12 [method.cpp:1490] arg 0 with type id 1 [method.cpp:1490] arg 1 with type id 4 [method.cpp:1490] arg 2 with type id 1 [method.cpp:1490] arg 3 with type id 1 [method.cpp:1490] arg 4 with type id 1 [method.cpp:1490] arg 5 with type id 1	n0*=scatter_add.out(L0,·,L1,L2,·)
SKIP	w99:79	client RuntimeError: method->execute() failed with error 0x12 | [copy_ops_util.cpp:165] Check failed (implicit == false): This operator is not implemented for when implicit == true. [op_expand_copy.cpp:63] Check failed (check_expand_copy_args(self, expand_sizes, implicit, out)):  [method.cpp:1480] KernelCall failed at instruction 0:0 in operator aten::expand_copy.out: 0x12 [method.cpp:1490] arg 0 with type id 1 [method.cpp:1490] arg 1 with type id 8 [method.cpp:1490] arg 2 with type id 5 [method.cpp:1490] arg 3 with type id 1 [method.cpp:1490] arg 4 with type id 1	n0*=expand_copy(L0,·,·)
SKIP	w99:98	client RuntimeError: method->execute() failed with error 0x12 | [op_arange.cpp:59] Check failed (utils::extract_scalar(end, &d_end)):  [method.cpp:1480] KernelCall failed at instruction 0:0 in operator aten::arange.start_out: 0x12 [method.cpp:1490] arg 0 with type id 3 [method.cpp:1490] arg 1 with type id 5 [method.cpp:1490] arg 2 with type id 3 [method.cpp:1490] arg 3 with type id 1 [method.cpp:1490] arg 4 with type id 1	n0*=arange.start_out(·,·,·,·)
CRASH	w96:225	executor died (native abort)	n0*=max_pool2d_with_indices_backward.grad_input(L0,L1,·,·,·,·,·,L2,L3)
CRASH	w97:367	executor died (native abort)	n0*=max_pool2d_with_indices_backward.grad_input(L0,L1,·,·,·,·,·,L2,L3)
CRASH	w98:18	executor died (native abort)	n0*=max_pool2d_with_indices_backward.grad_input(L0,L1,·,·,·,·,·,L2,L3)
