status	job	reason	graph
SKIP	w0:103	executor ExecutorchRuntimeException: [ExecuTorch Error 0x14] Operator missing: Execution failed for method: forward	n0*=_fft_r2c(L0,·,·,·)
MISMATCH	w0:14	out[0] max|delta|=2.147e+09 (rtol=0.0 atol=0.0)	n0*=bitwise_left_shift.Tensor_Scalar_out(L0,·,·)
MISMATCH	w0:17	out[0] max|delta|=2.147e+09 (rtol=0.0 atol=0.0)	n0*=bitwise_left_shift.Tensor_out(L0,L1,·)
MISMATCH	w0:166	out[0] max|delta|=1.441e+17 (rtol=0.0 atol=0.0)	n0*=bitwise_left_shift.Tensor_Scalar(L0,·)
SKIP	w0:193	executor ExecutorchInvalidArgumentException: [ExecuTorch Error 0x12] Invalid argument: Execution failed for method: forward	n0*=arange.start_out(·,·,·,·)
SKIP	w0:218	executor ExecutorchInvalidArgumentException: [ExecuTorch Error 0x12] Invalid argument: Execution failed for method: forward	n0*=native_group_norm(L0,·,·,·,·,·,·,·)
MISMATCH	w0:245	out[0] max|delta|=1.611e+09 (rtol=0.0 atol=0.0)	n0*=bitwise_left_shift.Tensor_out(L0,L1,·)
MISMATCH	w0:276	out[0] shape (1, 1) vs (0, 0, 0, 0, 0)	n0*=min.dim_min(L0,·,·,L1,L2)
MISMATCH	w0:278	out[0] non-finite mismatch (nan/inf positions differ)	n0*=gelu.out(L0,·,·)
SKIP	w0:264	executor ExecutorchInvalidArgumentException: [ExecuTorch Error 0x12] Invalid argument: Execution failed for method: forward	n0*=copy(L0,L1,·)
SKIP	w0:303	executor ExecutorchInvalidArgumentException: [ExecuTorch Error 0x12] Invalid argument: Execution failed for method: forward	n0*=_pdist_forward(L0,·)
SKIP	w0:300	executor ExecutorchInvalidArgumentException: [ExecuTorch Error 0x12] Invalid argument: Execution failed for method: forward	n0*=native_group_norm(L0,·,·,·,·,·,·,·)
SKIP	w0:331	executor ExecutorchRuntimeException: [ExecuTorch Error 0x14] Operator missing: Execution failed for method: forward	n0*=_fft_r2c(L0,·,·,·)
MISMATCH	w0:34	out[0] shape (0, 0, 0, 0) vs (0, 0, 0, 0, 0)	n0*=topk.values(L0,·,·,·,·,L1,L2)
SKIP	w0:36	executor ExecutorchInvalidArgumentException: [ExecuTorch Error 0x12] Invalid argument: Execution failed for method: forward	n0*=copy(L0,L1,·)
SKIP	w0:421	executor ExecutorchInvalidArgumentException: [ExecuTorch Error 0x12] Invalid argument: Execution failed for method: forward	n0*=arange.start_out(·,·,·,·)
SKIP	w0:446	executor ExecutorchInvalidArgumentException: [ExecuTorch Error 0x12] Invalid argument: Execution failed for method: forward	n0*=native_group_norm(L0,·,·,·,·,·,·,·)
MISMATCH	w0:473	out[0] non-finite mismatch (nan/inf positions differ)	n0*=bitwise_left_shift.Tensor_out(L0,L1,·)
SKIP	w0:485	executor ExecutorchInvalidArgumentException: [ExecuTorch Error 0x12] Invalid argument: Execution failed for method: forward	n0*=scatter.src_out(L0,·,L1,L2,·)
MISMATCH	w0:490	out[0] shape (1, 1, 1, 1) vs (0, 0, 0, 0, 0)	n0*=topk.values(L0,·,·,·,·,L1,L2)
MISMATCH	w0:50	out[0] non-finite mismatch (nan/inf positions differ)	n0*=gelu.out(L0,·,·)
MISMATCH	w0:506	out[0] non-finite mismatch (nan/inf positions differ)	n0*=gelu.out(L0,·,·)
SKIP	w0:528	executor ExecutorchInvalidArgumentException: [ExecuTorch Error 0x12] Invalid argument: Execution failed for method: forward	n0*=native_group_norm(L0,·,·,·,·,·,·,·)
SKIP	w0:531	executor ExecutorchInvalidArgumentException: [ExecuTorch Error 0x12] Invalid argument: Execution failed for method: forward	n0*=_pdist_forward(L0,·)
MISMATCH	w0:544	out[0] non-finite mismatch (nan/inf positions differ)	n0*=log.out(L0,·)
SKIP	w0:559	executor ExecutorchRuntimeException: [ExecuTorch Error 0x14] Operator missing: Execution failed for method: forward	n0*=_fft_r2c(L0,·,·,·)
CRASH	w0:414	executor unavailable	n0*=alias_copy(L0)
CRASH	w0:415	executor unavailable	n0*=pixel_unshuffle(L0,·)
CRASH	w0:417	executor unavailable	n0*=lift_fresh_copy(L0)
CRASH	w0:419	executor unavailable	n0*=_adaptive_avg_pool2d(L0,·)
CRASH	w0:416	executor unavailable	n0*=remainder.Scalar_out(L0,·,·)
CRASH	w0:42	executor unavailable	n0*=squeeze_copy.dim(L0,·)
CRASH	w0:530	executor unavailable	n0*=div.out(L0,L1,·)
CRASH	w0:536	executor unavailable	n0*=arange.out(·,·)
CRASH	w0:539	executor unavailable	n0*=_cdist_forward(L0,L1,·,·)
CRASH	w0:543	executor unavailable	n0*=pixel_shuffle(L0,·)
MISMATCH	w0:622	out[0] max|delta|=6.711e+07 (rtol=0.0 atol=0.0)	n0*=bitwise_left_shift.Tensor_Scalar(L0,·)
SKIP	w0:624	executor ExecutorchInvalidArgumentException: [ExecuTorch Error 0x12] Invalid argument: Execution failed for method: forward	n0*=scatter_add.out(L0,·,L1,L2,·)
SKIP	w0:630	executor ExecutorchInvalidArgumentException: [ExecuTorch Error 0x12] Invalid argument: Execution failed for method: forward	n0*=expand_copy(L0,·,·)
SKIP	w0:649	executor ExecutorchInvalidArgumentException: [ExecuTorch Error 0x12] Invalid argument: Execution failed for method: forward	n0*=arange.start_out(·,·,·,·)
MISMATCH	w0:666	out[0] non-finite mismatch (nan/inf positions differ)	n0*=grid_sampler_2d(L0,L1,·,·,·)
SKIP	w0:674	executor ExecutorchInvalidArgumentException: [ExecuTorch Error 0x12] Invalid argument: Execution failed for method: forward	n0*=native_group_norm(L0,·,·,·,·,·,·,·)
SKIP	w0:669	executor ExecutorchInvalidArgumentException: [ExecuTorch Error 0x12] Invalid argument: Execution failed for method: forward	n0*=convolution(L0,L1,·,·,·,·,·,·,·)
MISMATCH	w0:708	out[0] non-finite mismatch (nan/inf positions differ)	n0*=logit.out(L0,·,·)
SKIP	w0:713	executor ExecutorchInvalidArgumentException: [ExecuTorch Error 0x12] Invalid argument: Execution failed for method: forward	n0*=scatter.src_out(L0,·,L1,L2,·)
MISMATCH	w0:72	out[0] non-finite mismatch (nan/inf positions differ)	n0*=native_group_norm(L0,·,·,·,·,·,·,·)
CRASH	w0:59	executor unavailable	n0*=select_scatter(L0,L1,·,·)
CRASH	w0:595	executor unavailable	n0*=floor_divide(L0,L1)
SKIP	w0:759	executor ExecutorchInvalidArgumentException: [ExecuTorch Error 0x12] Invalid argument: Execution failed for method: forward	n0*=_pdist_forward(L0,·)
SKIP	w0:771	executor ExecutorchRuntimeException: [ExecuTorch Error 0x1] Internal error: Execution failed for method: forward	n0*=pixel_shuffle(L0,·)
MISMATCH	w0:772	out[0] non-finite mismatch (nan/inf positions differ)	n0*=log.out(L0,·)
MISMATCH	w0:88	out[0] non-finite mismatch (nan/inf positions differ)	n0*=log.out(L0,·)
MISMATCH	w1:114	out[0] non-finite mismatch (nan/inf positions differ)	n0*=native_group_norm(L0,·,·,·,·,·,·,·)
SKIP	w1:117	executor ExecutorchInvalidArgumentException: [ExecuTorch Error 0x12] Invalid argument: Execution failed for method: forward	n0*=_pdist_forward(L0,·)
CRASH	w0:779	executor process died (native abort)	n0*=max_pool2d_with_indices_backward.grad_input(L0,L1,·,·,·,·,·,L2,L3)
MISMATCH	w1:130	out[0] non-finite mismatch (nan/inf positions differ)	n0*=log.out(L0,·)
CRASH	w0:95	executor process died (native abort)	n0*=max_pool2d_with_indices_backward.grad_input(L0,L1,·,·,·,·,·,L2,L3)
SKIP	w1:145	executor ExecutorchRuntimeException: [ExecuTorch Error 0x14] Operator missing: Execution failed for method: forward	n0*=_fft_r2c(L0,·,·,·)
SKIP	w1:155	executor ExecutorchRuntimeException: [ExecuTorch Error 0x1] Internal error: Execution failed for method: forward	n0*=pixel_unshuffle(L0,·)
MISMATCH	w0:701	out[0] max|delta|=6.918e+18 (rtol=0.01 atol=0.001)	n0*=bitwise_left_shift.Tensor_out(L0,L1,·)
MISMATCH	w1:201	out[0] max|delta|=5.000e+00 (rtol=0.0 atol=0.0)	n0*=remainder.Scalar(L0,·)
SKIP	w1:216	executor ExecutorchInvalidArgumentException: [ExecuTorch Error 0x12] Invalid argument: Execution failed for method: forward	n0*=expand_copy(L0,·,·)
SKIP	w1:235	executor ExecutorchInvalidArgumentException: [ExecuTorch Error 0x12] Invalid argument: Execution failed for method: forward	n0*=arange.start_out(·,·,·,·)
CRASH	w1:213	executor process died (native abort)	n0*=narrow_copy(L0,·,·,·)
SKIP	w1:260	executor ExecutorchInvalidArgumentException: [ExecuTorch Error 0x12] Invalid argument: Execution failed for method: forward	n0*=native_group_norm(L0,·,·,·,·,·,·,·)
MISMATCH	w1:284	out[0] max|delta|=9.223e+18 (rtol=0.01 atol=0.001)	n0*=bitwise_left_shift.Tensor_Scalar_out(L0,·,·)
MISMATCH	w1:287	out[0] non-finite mismatch (nan/inf positions differ)	n0*=bitwise_left_shift.Tensor_out(L0,L1,·)
SKIP	w1:299	executor ExecutorchInvalidArgumentException: [ExecuTorch Error 0x12] Invalid argument: Execution failed for method: forward	n0*=scatter.src_out(L0,·,L1,L2,·)
SKIP	w1:306	executor ExecutorchInvalidArgumentException: [ExecuTorch Error 0x12] Invalid argument: Execution failed for method: forward	n0*=copy(L0,L1,·)
SKIP	w1:32	executor ExecutorchInvalidArgumentException: [ExecuTorch Error 0x12] Invalid argument: Execution failed for method: forward	n0*=native_group_norm(L0,·,·,·,·,·,·,·)
MISMATCH	w1:320	out[0] non-finite mismatch (nan/inf positions differ)	n0*=gelu.out(L0,·,·)
MISMATCH	w1:333	out[0] max|delta|=4.000e+00 (rtol=0.01 atol=0.001)	n0*=remainder.Tensor_out(L0,L1,·)
CRASH	w0:720	executor unavailable	n0*=copy(L0,L1,·)
CRASH	w0:752	executor unavailable	n0*=unsqueeze_copy(L0,·)
CRASH	w0:753	executor unavailable	n0*=div.Scalar(L0,·)
CRASH	w0:756	executor unavailable	n0*=native_group_norm(L0,·,·,·,·,·,·,·)
CRASH	w1:132	executor unavailable	n0*=isnan(L0)
SKIP	w1:345	executor ExecutorchInvalidArgumentException: [ExecuTorch Error 0x12] Invalid argument: Execution failed for method: forward	n0*=_pdist_forward(L0,·)
CRASH	w1:152	executor unavailable	n0*=mean.out(L0,·,·,·,·)
SKIP	w1:357	executor ExecutorchRuntimeException: [ExecuTorch Error 0x1] Internal error: Execution failed for method: forward	n0*=pixel_shuffle(L0,·)
SKIP	w1:373	executor ExecutorchRuntimeException: [ExecuTorch Error 0x14] Operator missing: Execution failed for method: forward	n0*=_fft_r2c(L0,·,·,·)
MISMATCH	w1:419	out[0] non-finite mismatch (nan/inf positions differ)	n0*=addmm.out(L0,L1,L2,·,·,·)
MISMATCH	w1:436	out[0] max|delta|=9.223e+18 (rtol=0.0 atol=0.0)	n0*=bitwise_left_shift.Tensor_Scalar(L0,·)
CRASH	w1:224	executor unavailable	n0*=bitwise_xor.Tensor_out(L0,L1,·)
CRASH	w1:242	executor unavailable	n0*=sub.Scalar(L0,·,·)
MISMATCH	w1:450	out[0] max|delta|=2.550e+02 (rtol=0.0 atol=0.0)	n0*=prod(L0,·)
SKIP	w1:463	executor ExecutorchInvalidArgumentException: [ExecuTorch Error 0x12] Invalid argument: Execution failed for method: forward	n0*=arange.start_out(·,·,·,·)
CRASH	w1:288	executor unavailable	n0*=div.out_mode(L0,L1,·,·)
MISMATCH	w1:512	out[0] max|delta|=3.459e+18 (rtol=0.0 atol=0.0)	n0*=bitwise_left_shift.Tensor_Scalar_out(L0,·,·)
MISMATCH	w1:515	out[0] non-finite mismatch (nan/inf positions differ)	n0*=bitwise_left_shift.Tensor_out(L0,L1,·)
CRASH	w1:307	executor unavailable	n0*=stack(·,·)
CRASH	w1:312	executor unavailable	n0*=squeeze_copy.dim(L0,·)
MISMATCH	w1:532	out[0] shape (0,) vs (0, 0, 0, 0)	n0*=topk.values(L0,·,·,·,·,L1,L2)
MISMATCH	w1:548	out[0] non-finite mismatch (nan/inf positions differ)	n0*=gelu.out(L0,·,·)
MISMATCH	w1:561	out[0] max|delta|=4.000e+00 (rtol=0.0 atol=0.0)	n0*=remainder.Tensor_out(L0,L1,·)
SKIP	w1:570	executor ExecutorchInvalidArgumentException: [ExecuTorch Error 0x12] Invalid argument: Execution failed for method: forward	n0*=native_group_norm(L0,·,·,·,·,·,·,·)
SKIP	w1:573	executor ExecutorchInvalidArgumentException: [ExecuTorch Error 0x12] Invalid argument: Execution failed for method: forward	n0*=_pdist_forward(L0,·)
SKIP	w1:585	executor ExecutorchRuntimeException: [ExecuTorch Error 0x1] Internal error: Execution failed for method: forward	n0*=pixel_shuffle(L0,·)
MISMATCH	w1:586	out[0] non-finite mismatch (nan/inf positions differ)	n0*=log.out(L0,·)
SKIP	w1:601	executor ExecutorchRuntimeException: [ExecuTorch Error 0x14] Operator missing: Execution failed for method: forward	n0*=_fft_r2c(L0,·,·,·)
SKIP	w1:488	executor ExecutorchInvalidArgumentException: [ExecuTorch Error 0x12] Invalid argument: Execution failed for method: forward	n0*=native_group_norm(L0,·,·,·,·,·,·,·)
CRASH	w1:335	executor unavailable	n0*=max.dim_max(L0,·,·,L1,L2)
MISMATCH	w1:664	out[0] max|delta|=2.306e+18 (rtol=0.0 atol=0.0)	n0*=bitwise_left_shift.Tensor_Scalar(L0,·)
SKIP	w1:672	executor ExecutorchInvalidArgumentException: [ExecuTorch Error 0x12] Invalid argument: Execution failed for method: forward	n0*=expand_copy(L0,·,·)
SKIP	w1:691	executor ExecutorchInvalidArgumentException: [ExecuTorch Error 0x12] Invalid argument: Execution failed for method: forward	n0*=arange.start_out(·,·,·,·)
SKIP	w1:7	executor ExecutorchInvalidArgumentException: [ExecuTorch Error 0x12] Invalid argument: Execution failed for method: forward	n0*=arange.start_out(·,·,·,·)
SKIP	w1:716	executor ExecutorchInvalidArgumentException: [ExecuTorch Error 0x12] Invalid argument: Execution failed for method: forward	n0*=native_group_norm(L0,·,·,·,·,·,·,·)
MISMATCH	w1:743	out[0] max|delta|=6.918e+18 (rtol=0.0 atol=0.0)	n0*=bitwise_left_shift.Tensor_out(L0,L1,·)
MISMATCH	w1:76	out[0] shape (0, 0, 0) vs (0, 0, 0, 0)	n0*=topk.values(L0,·,·,·,·,L1,L2)
MISMATCH	w1:760	out[0] max|delta|=3.000e+00 (rtol=0.0 atol=0.0)	n0*=topk.values(L0,·,·,·,·,L1,L2)
SKIP	w1:762	executor ExecutorchInvalidArgumentException: [ExecuTorch Error 0x12] Invalid argument: Execution failed for method: forward	n0*=copy(L0,L1,·)
MISMATCH	w1:776	out[0] non-finite mismatch (nan/inf positions differ)	n0*=gelu.out(L0,·,·)
MISMATCH	w1:92	out[0] non-finite mismatch (nan/inf positions differ)	n0*=gelu.out(L0,·,·)
SKIP	w10:117	executor ExecutorchInvalidArgumentException: [ExecuTorch Error 0x12] Invalid argument: Execution failed for method: forward	n0*=copy(L0,L1,·)
MISMATCH	w10:12	out[0] max|delta|=8.000e+00 (rtol=0.0 atol=0.0)	n0*=remainder.Scalar(L0,·)
MISMATCH	w10:129	out[0] shape (1, 1, 1) vs (0, 0, 0, 0, 0)	n0*=min.dim_min(L0,·,·,L1,L2)
MISMATCH	w10:131	out[0] non-finite mismatch (nan/inf positions differ)	n0*=gelu.out(L0,·,·)
CRASH	w1:438	executor unavailable	n0*=scatter_add.out(L0,·,L1,L2,·)
SKIP	w10:156	executor ExecutorchInvalidArgumentException: [ExecuTorch Error 0x12] Invalid argument: Execution failed for method: forward	n0*=_pdist_forward(L0,·)
CRASH	w1:446	executor unavailable	n0*=bitwise_or.Tensor_out(L0,L1,·)
CRASH	w1:508	executor unavailable	n0*=sign.out(L0,·)
SKIP	w10:153	executor ExecutorchInvalidArgumentException: [ExecuTorch Error 0x12] Invalid argument: Execution failed for method: forward	n0*=native_group_norm(L0,·,·,·,·,·,·,·)
MISMATCH	w10:169	out[0] non-finite mismatch (nan/inf positions differ)	n0*=log.out(L0,·)
SKIP	w10:184	executor ExecutorchRuntimeException: [ExecuTorch Error 0x14] Operator missing: Execution failed for method: forward	n0*=_fft_r2c(L0,·,·,·)
CRASH	w1:554	executor unavailable	n0*=trunc.out(L0,·)
SKIP	w10:21	executor ExecutorchInvalidArgumentException: [ExecuTorch Error 0x12] Invalid argument: Execution failed for method: forward	n0*=scatter_add.out(L0,·,L1,L2,·)
CRASH	w1:646	executor unavailable	n0*=neg.out(L0,·)
CRASH	w1:659	executor unavailable	n0*=max(L0)
CRASH	w1:696	executor unavailable	n0*=var.correction(L0,·,·,·)
CRASH	w1:710	executor unavailable	n0*=logical_not.out(L0,·)
CRASH	w1:732	executor unavailable	n0*=hardtanh.out(L0,·,·,·)
SKIP	w10:274	executor ExecutorchInvalidArgumentException: [ExecuTorch Error 0x12] Invalid argument: Execution failed for method: forward	n0*=arange.start_out(·,·,·,·)
SKIP	w10:280	executor ExecutorchInvalidArgumentException: [ExecuTorch Error 0x12] Invalid argument: Execution failed for method: forward	n0*=scatter.value_out(L0,·,L1,·,·)
CRASH	w1:761	executor unavailable	n0*=masked_fill.Scalar(L0,L1,·)
SKIP	w10:299	executor ExecutorchInvalidArgumentException: [ExecuTorch Error 0x12] Invalid argument: Execution failed for method: forward	n0*=native_group_norm(L0,·,·,·,·,·,·,·)
MISMATCH	w10:326	out[0] max|delta|=6.918e+18 (rtol=0.01 atol=0.001)	n0*=bitwise_left_shift.Tensor_out(L0,L1,·)
MISMATCH	w10:343	out[0] shape (0, 0, 0, 0) vs (0, 0, 0, 0, 0)	n0*=topk.values(L0,·,·,·,·,L1,L2)
CRASH	w10:106	executor unavailable	n0*=lt.Tensor_out(L0,L1,·)
MISMATCH	w10:359	out[0] non-finite mismatch (nan/inf positions differ)	n0*=gelu.out(L0,·,·)
MISMATCH	w10:381	out[0] non-finite mismatch (nan/inf positions differ)	n0*=native_group_norm(L0,·,·,·,·,·,·,·)
MISMATCH	w10:397	out[0] non-finite mismatch (nan/inf positions differ)	n0*=log.out(L0,·)
SKIP	w10:412	executor ExecutorchRuntimeException: [ExecuTorch Error 0x14] Operator missing: Execution failed for method: forward	n0*=_fft_r2c(L0,·,·,·)
SKIP	w10:46	executor ExecutorchInvalidArgumentException: [ExecuTorch Error 0x12] Invalid argument: Execution failed for method: forward	n0*=arange.start_out(·,·,·,·)
MISMATCH	w10:475	out[0] max|delta|=2.882e+17 (rtol=0.0 atol=0.0)	n0*=bitwise_left_shift.Tensor_Scalar(L0,·)
CRASH	w10:157	executor unavailable	n0*=reflection_pad1d.out(L0,·,·)
SKIP	w10:502	executor ExecutorchInvalidArgumentException: [ExecuTorch Error 0x12] Invalid argument: Execution failed for method: forward	n0*=arange.start_out(·,·,·,·)
MISMATCH	w10:518	out[0] max|delta|=2.550e+02 (rtol=0.0 atol=0.0)	n0*=prod.int_out(L0,·,·,·,·)
SKIP	w10:527	executor ExecutorchInvalidArgumentException: [ExecuTorch Error 0x12] Invalid argument: Execution failed for method: forward	n0*=native_group_norm(L0,·,·,·,·,·,·,·)
CRASH	w10:255	executor unavailable	n0*=expand_copy(L0,·,·)
CRASH	w10:272	executor unavailable	n0*=_adaptive_avg_pool2d(L0,·)
CRASH	w10:295	executor unavailable	n0*=acos.out(L0,·)
CRASH	w10:345	executor unavailable	n0*=copy(L0,L1,·)
CRASH	w10:369	executor unavailable	n0*=acosh.out(L0,·)
SKIP	w10:573	executor ExecutorchInvalidArgumentException: [ExecuTorch Error 0x12] Invalid argument: Execution failed for method: forward	n0*=copy(L0,L1,·)
CRASH	w10:390	executor unavailable	n0*=fmod.Tensor_out(L0,L1,·)
MISMATCH	w10:587	out[0] non-finite mismatch (nan/inf positions differ)	n0*=gelu.out(L0,·,·)
CRASH	w10:429	executor unavailable	n0*=ceil.out(L0,·)
CRASH	w10:454	executor unavailable	n0*=bitwise_and.Scalar_out(L0,·,·)
SKIP	w10:609	executor ExecutorchInvalidArgumentException: [ExecuTorch Error 0x12] Invalid argument: Execution failed for method: forward	n0*=native_group_norm(L0,·,·,·,·,·,·,·)
CRASH	w10:470	executor unavailable	n0*=max(L0)
CRASH	w10:476	executor unavailable	n0*=pixel_shuffle(L0,·)
MISMATCH	w10:625	out[0] non-finite mismatch (nan/inf positions differ)	n0*=log.out(L0,·)
SKIP	w10:640	executor ExecutorchRuntimeException: [ExecuTorch Error 0x14] Operator missing: Execution failed for method: forward	n0*=_fft_r2c(L0,·,·,·)
SKIP	w10:66	executor ExecutorchInvalidArgumentException: [ExecuTorch Error 0x12] Invalid argument: Execution failed for method: forward	n0*=convolution(L0,L1,·,·,·,·,·,·,·)
CRASH	w10:501	executor unavailable	n0*=amax.out(L0,·,·,·)
MISMATCH	w10:696	out[0] max|delta|=6.000e+00 (rtol=0.0 atol=0.0)	n0*=remainder.Scalar(L0,·)
SKIP	w10:705	executor ExecutorchInvalidArgumentException: [ExecuTorch Error 0x12] Invalid argument: Execution failed for method: forward	n0*=scatter_add.out(L0,·,L1,L2,·)
SKIP	w10:71	executor ExecutorchInvalidArgumentException: [ExecuTorch Error 0x12] Invalid argument: Execution failed for method: forward	n0*=native_group_norm(L0,·,·,·,·,·,·,·)
SKIP	w10:711	executor ExecutorchInvalidArgumentException: [ExecuTorch Error 0x12] Invalid argument: Execution failed for method: forward	n0*=expand_copy(L0,·,·)
SKIP	w10:730	executor ExecutorchInvalidArgumentException: [ExecuTorch Error 0x12] Invalid argument: Execution failed for method: forward	n0*=arange.start_out(·,·,·,·)
SKIP	w10:736	executor ExecutorchInvalidArgumentException: [ExecuTorch Error 0x12] Invalid argument: Execution failed for method: forward	n0*=scatter.value_out(L0,·,L1,·,·)
SKIP	w10:755	executor ExecutorchInvalidArgumentException: [ExecuTorch Error 0x12] Invalid argument: Execution failed for method: forward	n0*=native_group_norm(L0,·,·,·,·,·,·,·)
MISMATCH	w10:779	out[0] max|delta|=8.053e+08 (rtol=0.0 atol=0.0)	n0*=bitwise_left_shift.Tensor_Scalar_out(L0,·,·)
MISMATCH	w10:98	out[0] max|delta|=6.918e+18 (rtol=0.01 atol=0.001)	n0*=bitwise_left_shift.Tensor_out(L0,L1,·)
SKIP	w100:116	executor ExecutorchRuntimeException: [ExecuTorch Error 0x14] Operator missing: Execution failed for method: forward	n0*=_fft_r2c(L0,·,·,·)
MISMATCH	w100:140	out[0] max|delta|=6.400e+01 (rtol=0.0 atol=0.0)	n0*=bitwise_right_shift.Tensor_Scalar(L0,·)
MISMATCH	w10:664	out[0] max|delta|=1.280e+02 (rtol=0.0 atol=0.0)	n0*=bitwise_right_shift.Tensor_Scalar(L0,·)
SKIP	w100:187	executor ExecutorchInvalidArgumentException: [ExecuTorch Error 0x12] Invalid argument: Execution failed for method: forward	n0*=expand_copy(L0,·,·)
SKIP	w100:206	executor ExecutorchInvalidArgumentException: [ExecuTorch Error 0x12] Invalid argument: Execution failed for method: forward	n0*=arange.start_out(·,·,·,·)
MISMATCH	w100:258	out[0] max|delta|=9.223e+18 (rtol=0.01 atol=0.001)	n0*=bitwise_left_shift.Tensor_out(L0,L1,·)
MISMATCH	w100:27	out[0] max|delta|=5.765e+17 (rtol=0.01 atol=0.001)	n0*=bitwise_left_shift.Tensor_Scalar_out(L0,·,·)
SKIP	w100:270	executor ExecutorchInvalidArgumentException: [ExecuTorch Error 0x12] Invalid argument: Execution failed for method: forward	n0*=scatter.src_out(L0,·,L1,L2,·)
MISMATCH	w100:275	out[0] shape (0, 0, 0, 0) vs (0, 0, 0, 0, 0)	n0*=topk.values(L0,·,·,·,·,L1,L2)
CRASH	w10:53	executor unavailable	n0*=sub.Scalar(L0,·,·)
SKIP	w100:3	executor ExecutorchInvalidArgumentException: [ExecuTorch Error 0x12] Invalid argument: Execution failed for method: forward	n0*=native_group_norm(L0,·,·,·,·,·,·,·)
MISMATCH	w100:30	out[0] non-finite mismatch (nan/inf positions differ)	n0*=bitwise_left_shift.Tensor_out(L0,L1,·)
SKIP	w100:313	executor ExecutorchInvalidArgumentException: [ExecuTorch Error 0x12] Invalid argument: Execution failed for method: forward	n0*=native_group_norm(L0,·,·,·,·,·,·,·)
SKIP	w100:316	executor ExecutorchInvalidArgumentException: [ExecuTorch Error 0x12] Invalid argument: Execution failed for method: forward	n0*=_pdist_forward(L0,·)
CRASH	w10:596	executor unavailable	n0*=select_scatter(L0,L1,·,·)
SKIP	w100:344	executor ExecutorchRuntimeException: [ExecuTorch Error 0x14] Operator missing: Execution failed for method: forward	n0*=_fft_r2c(L0,·,·,·)
CRASH	w10:654	executor unavailable	n0*=_upsample_bilinear2d_aa.out(L0,·,·,·,·,·)
MISMATCH	w100:37	out[0] non-finite mismatch (nan/inf positions differ)	n0*=logit.out(L0,·,·)
CRASH	w10:727	executor unavailable	n0*=atanh.out(L0,·)
CRASH	w100:101	executor unavailable	n0*=log.out(L0,·)
CRASH	w100:110	executor unavailable	n0*=reflection_pad2d.out(L0,·,·)
CRASH	w100:13	executor unavailable	n0*=where.self(L0,L1,L2)
SKIP	w100:415	executor ExecutorchInvalidArgumentException: [ExecuTorch Error 0x12] Invalid argument: Execution failed for method: forward	n0*=expand_copy(L0,·,·)
CRASH	w100:209	executor unavailable	n0*=relu(L0)
CRASH	w100:22	executor unavailable	n0*=replication_pad2d.out(L0,·,·)
SKIP	w100:434	executor ExecutorchInvalidArgumentException: [ExecuTorch Error 0x12] Invalid argument: Execution failed for method: forward	n0*=arange.start_out(·,·,·,·)
CRASH	w100:250	executor unavailable	n0*=replication_pad2d.out(L0,·,·)
SKIP	w100:459	executor ExecutorchInvalidArgumentException: [ExecuTorch Error 0x12] Invalid argument: Execution failed for method: forward	n0*=native_group_norm(L0,·,·,·,·,·,·,·)
MISMATCH	w100:486	out[0] max|delta|=9.223e+18 (rtol=0.01 atol=0.001)	n0*=bitwise_left_shift.Tensor_out(L0,L1,·)
MISMATCH	w100:390	out[0] non-finite mismatch (nan/inf positions differ)	n0*=addmm.out(L0,L1,L2,·,·,·)
MISMATCH	w100:503	out[0] shape (1, 1) vs (0, 0, 0, 0, 0)	n0*=topk.values(L0,·,·,·,·,L1,L2)
CRASH	w100:278	executor unavailable	n0*=stack(·,·)
MISMATCH	w100:517	out[0] shape () vs (0, 0, 0, 0)	n0*=min.dim_min(L0,·,·,L1,L2)
MISMATCH	w100:519	out[0] non-finite mismatch (nan/inf positions differ)	n0*=gelu.out(L0,·,·)
SKIP	w100:541	executor ExecutorchInvalidArgumentException: [ExecuTorch Error 0x12] Invalid argument: Execution failed for method: forward	n0*=native_group_norm(L0,·,·,·,·,·,·,·)
SKIP	w100:544	executor ExecutorchInvalidArgumentException: [ExecuTorch Error 0x12] Invalid argument: Execution failed for method: forward	n0*=_pdist_forward(L0,·)
SKIP	w100:428	executor ExecutorchRuntimeException: [ExecuTorch Error 0x1] Internal error: Execution failed for method: forward	n0*=pixel_unshuffle(L0,·)
MISMATCH	w100:557	out[0] non-finite mismatch (nan/inf positions differ)	n0*=log.out(L0,·)
SKIP	w100:572	executor ExecutorchRuntimeException: [ExecuTorch Error 0x14] Operator missing: Execution failed for method: forward	n0*=_fft_r2c(L0,·,·,·)
MISMATCH	w100:596	out[0] max|delta|=1.280e+02 (rtol=0.0 atol=0.0)	n0*=bitwise_right_shift.Tensor_Scalar(L0,·)
CRASH	w100:302	executor unavailable	n0*=var_mean.correction(L0,·,·,·)
MISMATCH	w100:646	out[0] max|delta|=9.223e+18 (rtol=0.0 atol=0.0)	n0*=pow.Scalar_out(·,L0,·)
SKIP	w100:662	executor ExecutorchInvalidArgumentException: [ExecuTorch Error 0x12] Invalid argument: Execution failed for method: forward	n0*=arange.start_out(·,·,·,·)
CRASH	w100:38	executor unavailable	n0*=lt.Tensor_out(L0,L1,·)
CRASH	w100:412	executor unavailable	n0*=narrow_copy(L0,·,·,·)
SKIP	w100:687	executor ExecutorchInvalidArgumentException: [ExecuTorch Error 0x12] Invalid argument: Execution failed for method: forward	n0*=native_group_norm(L0,·,·,·,·,·,·,·)
CRASH	w100:470	executor unavailable	n0*=sinh.out(L0,·)
CRASH	w100:483	executor unavailable	n0*=bitwise_left_shift.Tensor_Scalar_out(L0,·,·)
CRASH	w100:521	executor unavailable	n0*=bmm.out(L0,L1,·)
CRASH	w100:538	executor unavailable	n0*=div.Scalar(L0,·)
CRASH	w100:545	executor unavailable	n0*=reflection_pad1d.out(L0,·,·)
SKIP	w100:726	executor ExecutorchInvalidArgumentException: [ExecuTorch Error 0x12] Invalid argument: Execution failed for method: forward	n0*=scatter.src_out(L0,·,L1,L2,·)
MISMATCH	w100:731	out[0] max|delta|=1.000e+00 (rtol=0.0 atol=0.0)	n0*=topk.values(L0,·,·,·,·,L1,L2)
CRASH	w100:605	executor unavailable	n0*=logical_xor(L0,L1)
CRASH	w100:608	executor unavailable	n0*=floor_divide(L0,L1)
MISMATCH	w100:745	out[0] shape () vs (0, 0, 0)	n0*=min.dim_min(L0,·,·,L1,L2)
CRASH	w100:63	executor unavailable	n0*=gelu.out(L0,·,·)
MISMATCH	w100:76	out[0] max|delta|=3.000e+00 (rtol=0.01 atol=0.001)	n0*=remainder.Tensor_out(L0,L1,·)
SKIP	w100:769	executor ExecutorchInvalidArgumentException: [ExecuTorch Error 0x12] Invalid argument: Execution failed for method: forward	n0*=native_group_norm(L0,·,·,·,·,·,·,·)
SKIP	w100:85	executor ExecutorchInvalidArgumentException: [ExecuTorch Error 0x12] Invalid argument: Execution failed for method: forward	n0*=native_group_norm(L0,·,·,·,·,·,·,·)
CRASH	w100:650	executor unavailable	n0*=split_with_sizes_copy(L0,·,·)
MISMATCH	w100:711	out[0] max|delta|=7.206e+16 (rtol=0.01 atol=0.001)	n0*=bitwise_left_shift.Tensor_Scalar_out(L0,·,·)
SKIP	w101:100	executor ExecutorchInvalidArgumentException: [ExecuTorch Error 0x12] Invalid argument: Execution failed for method: forward	n0*=arange.start_out(·,·,·,·)
SKIP	w101:10	executor ExecutorchRuntimeException: [ExecuTorch Error 0x14] Operator missing: Execution failed for method: forward	n0*=_fft_r2c(L0,·,·,·)
SKIP	w101:106	executor ExecutorchInvalidArgumentException: [ExecuTorch Error 0x12] Invalid argument: Execution failed for method: forward	n0*=scatter.value_out(L0,·,L1,·,·)
SKIP	w101:125	executor ExecutorchInvalidArgumentException: [ExecuTorch Error 0x12] Invalid argument: Execution failed for method: forward	n0*=native_group_norm(L0,·,·,·,·,·,·,·)
MISMATCH	w101:152	out[0] non-finite mismatch (nan/inf positions differ)	n0*=bitwise_left_shift.Tensor_out(L0,L1,·)
MISMATCH	w101:159	out[0] non-finite mismatch (nan/inf positions differ)	n0*=logit.out(L0,·,·)
MISMATCH	w101:185	out[0] non-finite mismatch (nan/inf positions differ)	n0*=gelu.out(L0,·,·)
SKIP	w101:207	executor ExecutorchInvalidArgumentException: [ExecuTorch Error 0x12] Invalid argument: Execution failed for method: forward	n0*=native_group_norm(L0,·,·,·,·,·,·,·)
SKIP	w101:210	executor ExecutorchInvalidArgumentException: [ExecuTorch Error 0x12] Invalid argument: Execution failed for method: forward	n0*=_pdist_forward(L0,·)
SKIP	w101:238	executor ExecutorchRuntimeException: [ExecuTorch Error 0x14] Operator missing: Execution failed for method: forward	n0*=_fft_r2c(L0,·,·,·)
MISMATCH	w101:243	out[0] non-finite mismatch (nan/inf positions differ)	n0*=native_layer_norm(L0,·,·,·,·)
CRASH	w101:230	executor process died (native abort)	n0*=max_pool2d_with_indices_backward.grad_input(L0,L1,·,·,·,·,·,L2,L3)
CRASH	w100:676	executor unavailable	n0*=eq.Tensor_out(L0,L1,·)
SKIP	w101:171	executor ExecutorchInvalidArgumentException: [ExecuTorch Error 0x12] Invalid argument: Execution failed for method: forward	n0*=copy(L0,L1,·)
MISMATCH	w101:323	out[0] max|delta|=7.000e+00 (rtol=0.01 atol=0.001)	n0*=remainder.Scalar_out(L0,·,·)
SKIP	w101:328	executor ExecutorchInvalidArgumentException: [ExecuTorch Error 0x12] Invalid argument: Execution failed for method: forward	n0*=arange.start_out(·,·,·,·)
SKIP	w101:353	executor ExecutorchInvalidArgumentException: [ExecuTorch Error 0x12] Invalid argument: Execution failed for method: forward	n0*=native_group_norm(L0,·,·,·,·,·,·,·)
CRASH	w101:306	executor process died (native abort)	n0*=narrow_copy(L0,·,·,·)
MISMATCH	w101:397	out[0] shape (1, 1, 1) vs (0, 0, 0, 0, 0)	n0*=topk.values(L0,·,·,·,·,L1,L2)
MISMATCH	w101:413	out[0] non-finite mismatch (nan/inf positions differ)	n0*=gelu.out(L0,·,·)
SKIP	w101:435	executor ExecutorchInvalidArgumentException: [ExecuTorch Error 0x12] Invalid argument: Execution failed for method: forward	n0*=native_group_norm(L0,·,·,·,·,·,·,·)
SKIP	w101:438	executor ExecutorchInvalidArgumentException: [ExecuTorch Error 0x12] Invalid argument: Execution failed for method: forward	n0*=_pdist_forward(L0,·)
SKIP	w101:466	executor ExecutorchRuntimeException: [ExecuTorch Error 0x14] Operator missing: Execution failed for method: forward	n0*=_fft_r2c(L0,·,·,·)
MISMATCH	w101:529	out[0] max|delta|=4.323e+17 (rtol=0.0 atol=0.0)	n0*=bitwise_left_shift.Tensor_Scalar(L0,·)
SKIP	w101:531	executor ExecutorchInvalidArgumentException: [ExecuTorch Error 0x12] Invalid argument: Execution failed for method: forward	n0*=scatter_add.out(L0,·,L1,L2,·)
CRASH	w101:513	executor process died (native abort)	n0*=unfold_copy(L0,·,·,·)
SKIP	w101:537	executor ExecutorchInvalidArgumentException: [ExecuTorch Error 0x12] Invalid argument: Execution failed for method: forward	n0*=expand_copy(L0,·,·)
SKIP	w101:556	executor ExecutorchInvalidArgumentException: [ExecuTorch Error 0x12] Invalid argument: Execution failed for method: forward	n0*=arange.start_out(·,·,·,·)
MISMATCH	w101:573	out[0] non-finite mismatch (nan/inf positions differ)	n0*=grid_sampler_2d(L0,L1,·,·,·)
MISMATCH	w101:605	out[0] max|delta|=9.223e+18 (rtol=0.0 atol=0.0)	n0*=bitwise_left_shift.Tensor_Scalar_out(L0,·,·)
MISMATCH	w101:608	out[0] max|delta|=6.918e+18 (rtol=0.0 atol=0.0)	n0*=bitwise_left_shift.Tensor_out(L0,L1,·)
CRASH	w101:199	executor unavailable	n0*=fmod.Scalar(L0,·)
CRASH	w101:197	executor unavailable	n0*=reciprocal.out(L0,·)
CRASH	w101:251	executor unavailable	n0*=t_copy(L0)
CRASH	w101:298	executor unavailable	n0*=max.unary_out(L0,·)
SKIP	w101:627	executor ExecutorchInvalidArgumentException: [ExecuTorch Error 0x12] Invalid argument: Execution failed for method: forward	n0*=copy(L0,L1,·)
CRASH	w101:370	executor unavailable	n0*=view_copy(L0,·)
MISMATCH	w101:641	out[0] non-finite mismatch (nan/inf positions differ)	n0*=gelu.out(L0,·,·)
CRASH	w101:381	executor unavailable	n0*=div.out_mode(L0,L1,·,·)
MISMATCH	w101:656	out[0] shape (1,) vs (0, 0, 0, 0, 0)	n0*=max.dim_max(L0,·,·,L1,L2)
MISMATCH	w101:66	out[0] max|delta|=5.000e+00 (rtol=0.0 atol=0.0)	n0*=remainder.Scalar(L0,·)
SKIP	w101:663	executor ExecutorchInvalidArgumentException: [ExecuTorch Error 0x12] Invalid argument: Execution failed for method: forward	n0*=native_group_norm(L0,·,·,·,·,·,·,·)
SKIP	w101:666	executor ExecutorchInvalidArgumentException: [ExecuTorch Error 0x12] Invalid argument: Execution failed for method: forward	n0*=_pdist_forward(L0,·)
MISMATCH	w101:679	out[0] non-finite mismatch (nan/inf positions differ)	n0*=log.out(L0,·)
CRASH	w101:436	executor unavailable	n0*=cosh.out(L0,·)
SKIP	w101:694	executor ExecutorchRuntimeException: [ExecuTorch Error 0x14] Operator missing: Execution failed for method: forward	n0*=_fft_r2c(L0,·,·,·)
CRASH	w101:48	executor unavailable	n0*=ge.Scalar_out(L0,·,·)
CRASH	w101:487	executor unavailable	n0*=clamp.out(L0,·,·,·)
MISMATCH	w101:73	out[0] max|delta|=2.882e+17 (rtol=0.0 atol=0.0)	n0*=bitwise_left_shift.Tensor_Scalar(L0,·)
MISMATCH	w101:750	out[0] max|delta|=2.000e+00 (rtol=0.0 atol=0.0)	n0*=remainder.Scalar(L0,·)
MISMATCH	w101:757	out[0] max|delta|=2.882e+17 (rtol=0.0 atol=0.0)	n0*=bitwise_left_shift.Tensor_Scalar(L0,·)
SKIP	w101:765	executor ExecutorchInvalidArgumentException: [ExecuTorch Error 0x12] Invalid argument: Execution failed for method: forward	n0*=expand_copy(L0,·,·)
SKIP	w101:81	executor ExecutorchInvalidArgumentException: [ExecuTorch Error 0x12] Invalid argument: Execution failed for method: forward	n0*=expand_copy(L0,·,·)
MISMATCH	w101:87	out[0] max|delta|=1.000e+00 (rtol=0.0 atol=0.0)	n0*=prod(L0,·)
SKIP	w102:100	executor ExecutorchInvalidArgumentException: [ExecuTorch Error 0x12] Invalid argument: Execution failed for method: forward	n0*=_pdist_forward(L0,·)
SKIP	w102:128	executor ExecutorchRuntimeException: [ExecuTorch Error 0x14] Operator missing: Execution failed for method: forward	n0*=_fft_r2c(L0,·,·,·)
SKIP	w102:15	executor ExecutorchInvalidArgumentException: [ExecuTorch Error 0x12] Invalid argument: Execution failed for method: forward	n0*=native_group_norm(L0,·,·,·,·,·,·,·)
MISMATCH	w102:184	out[0] max|delta|=3.000e+00 (rtol=0.0 atol=0.0)	n0*=remainder.Scalar(L0,·)
CRASH	w101:579	executor unavailable	n0*=logical_or(L0,L1)
MISMATCH	w102:191	out[0] max|delta|=1.441e+17 (rtol=0.0 atol=0.0)	n0*=bitwise_left_shift.Tensor_Scalar(L0,·)
SKIP	w102:199	executor ExecutorchInvalidArgumentException: [ExecuTorch Error 0x12] Invalid argument: Execution failed for method: forward	n0*=expand_copy(L0,·,·)
CRASH	w101:583	executor unavailable	n0*=gt.Tensor_out(L0,L1,·)
SKIP	w102:218	executor ExecutorchInvalidArgumentException: [ExecuTorch Error 0x12] Invalid argument: Execution failed for method: forward	n0*=arange.start_out(·,·,·,·)
SKIP	w102:243	executor ExecutorchInvalidArgumentException: [ExecuTorch Error 0x12] Invalid argument: Execution failed for method: forward	n0*=native_group_norm(L0,·,·,·,·,·,·,·)
MISMATCH	w102:267	out[0] max|delta|=2.882e+17 (rtol=0.01 atol=0.001)	n0*=bitwise_left_shift.Tensor_Scalar_out(L0,·,·)
SKIP	w102:282	executor ExecutorchInvalidArgumentException: [ExecuTorch Error 0x12] Invalid argument: Execution failed for method: forward	n0*=scatter.src_out(L0,·,L1,L2,·)
CRASH	w101:610	executor unavailable	n0*=var.correction_out(L0,·,·,·,·)
SKIP	w102:356	executor ExecutorchRuntimeException: [ExecuTorch Error 0x14] Operator missing: Execution failed for method: forward	n0*=_fft_r2c(L0,·,·,·)
SKIP	w102:385	executor IllegalArgumentException: unsupported input dtype code 24 on Android	n0*=linear.out(L0,L1,·,·)
MISMATCH	w102:39	out[0] max|delta|=1.441e+17 (rtol=0.01 atol=0.001)	n0*=bitwise_left_shift.Tensor_Scalar_out(L0,·,·)
MISMATCH	w102:42	out[0] non-finite mismatch (nan/inf positions differ)	n0*=bitwise_left_shift.Tensor_out(L0,L1,·)
SKIP	w102:421	executor ExecutorchInvalidArgumentException: [ExecuTorch Error 0x12] Invalid argument: Execution failed for method: forward	n0*=scatter_add.out(L0,·,L1,L2,·)
MISMATCH	w102:303	out[0] non-finite mismatch (nan/inf positions differ)	n0*=gelu.out(L0,·,·)
MISMATCH	w102:441	out[0] max|delta|=5.000e+00 (rtol=0.0 atol=0.0)	n0*=remainder.Scalar_out(L0,·,·)
SKIP	w102:446	executor ExecutorchInvalidArgumentException: [ExecuTorch Error 0x12] Invalid argument: Execution failed for method: forward	n0*=arange.start_out(·,·,·,·)
CRASH	w101:752	executor unavailable	n0*=max(L0)
CRASH	w102:116	executor unavailable	n0*=bitwise_xor.Scalar(L0,·)
CRASH	w102:138	executor unavailable	n0*=pixel_unshuffle(L0,·)
CRASH	w102:189	executor unavailable	n0*=sqrt.out(L0,·)
SKIP	w102:471	executor ExecutorchInvalidArgumentException: [ExecuTorch Error 0x12] Invalid argument: Execution failed for method: forward	n0*=native_group_norm(L0,·,·,·,·,·,·,·)
CRASH	w102:238	executor unavailable	n0*=convolution(L0,L1,·,·,·,·,·,·,·)
CRASH	w102:277	executor unavailable	n0*=logit.out(L0,·,·)
MISMATCH	w102:498	out[0] max|delta|=6.918e+18 (rtol=0.01 atol=0.001)	n0*=bitwise_left_shift.Tensor_out(L0,L1,·)
MISMATCH	w102:505	out[0] non-finite mismatch (nan/inf positions differ)	n0*=logit.out(L0,·,·)
SKIP	w102:517	executor ExecutorchInvalidArgumentException: [ExecuTorch Error 0x12] Invalid argument: Execution failed for method: forward	n0*=copy(L0,L1,·)
SKIP	w102:553	executor ExecutorchInvalidArgumentException: [ExecuTorch Error 0x12] Invalid argument: Execution failed for method: forward	n0*=native_group_norm(L0,·,·,·,·,·,·,·)
SKIP	w102:556	executor ExecutorchInvalidArgumentException: [ExecuTorch Error 0x12] Invalid argument: Execution failed for method: forward	n0*=_pdist_forward(L0,·)
CRASH	w102:358	executor unavailable	n0*=erf.out(L0,·)
SKIP	w102:584	executor ExecutorchRuntimeException: [ExecuTorch Error 0x14] Operator missing: Execution failed for method: forward	n0*=_fft_r2c(L0,·,·,·)
MISMATCH	w102:59	out[0] shape (1, 1, 0, 1, 1) vs (0, 0, 0, 0, 0)	n0*=topk.values(L0,·,·,·,·,L1,L2)
CRASH	w102:400	executor unavailable	n0*=elu.out(L0,·,·,·,·)
CRASH	w102:429	executor unavailable	n0*=bitwise_or.Tensor_out(L0,L1,·)
CRASH	w102:43	executor unavailable	n0*=div.out_mode(L0,L1,·,·)
CRASH	w102:430	executor unavailable	n0*=pow.Scalar_out(·,L0,·)
MISMATCH	w102:647	out[0] max|delta|=7.206e+16 (rtol=0.0 atol=0.0)	n0*=bitwise_left_shift.Tensor_Scalar(L0,·)
CRASH	w102:457	executor unavailable	n0*=eq.Scalar_out(L0,·,·)
SKIP	w102:674	executor ExecutorchInvalidArgumentException: [ExecuTorch Error 0x12] Invalid argument: Execution failed for method: forward	n0*=arange.start_out(·,·,·,·)
SKIP	w102:61	executor ExecutorchInvalidArgumentException: [ExecuTorch Error 0x12] Invalid argument: Execution failed for method: forward	n0*=copy(L0,L1,·)
SKIP	w102:694	executor ExecutorchInvalidArgumentException: [ExecuTorch Error 0x12] Invalid argument: Execution failed for method: forward	n0*=convolution(L0,L1,·,·,·,·,·,·,·)
MISMATCH	w102:7	out[0] non-finite mismatch (nan/inf positions differ)	n0*=grid_sampler_2d(L0,L1,·,·,·)
SKIP	w102:699	executor ExecutorchInvalidArgumentException: [ExecuTorch Error 0x12] Invalid argument: Execution failed for method: forward	n0*=native_group_norm(L0,·,·,·,·,·,·,·)
MISMATCH	w102:726	out[0] max|delta|=9.223e+18 (rtol=0.01 atol=0.001)	n0*=bitwise_left_shift.Tensor_out(L0,L1,·)
MISMATCH	w102:743	out[0] shape (0, 0, 0, 0) vs (0, 0, 0, 0, 0)	n0*=topk.values(L0,·,·,·,·,L1,L2)
MISMATCH	w102:75	out[0] non-finite mismatch (nan/inf positions differ)	n0*=gelu.out(L0,·,·)
MISMATCH	w102:759	out[0] non-finite mismatch (nan/inf positions differ)	n0*=gelu.out(L0,·,·)
MISMATCH	w102:758	out[0] non-finite mismatch (nan/inf positions differ)	n0*=logit(L0,·)
SKIP	w102:781	executor ExecutorchInvalidArgumentException: [ExecuTorch Error 0x12] Invalid argument: Execution failed for method: forward	n0*=native_group_norm(L0,·,·,·,·,·,·,·)
MISMATCH	w102:88	out[0] max|delta|=3.000e+00 (rtol=0.0 atol=0.0)	n0*=remainder.Tensor_out(L0,L1,·)
SKIP	w102:97	executor ExecutorchInvalidArgumentException: [ExecuTorch Error 0x12] Invalid argument: Execution failed for method: forward	n0*=native_group_norm(L0,·,·,·,·,·,·,·)
SKIP	w103:100	executor ExecutorchInvalidArgumentException: [ExecuTorch Error 0x12] Invalid argument: Execution failed for method: forward	n0*=scatter.src_out(L0,·,L1,L2,·)
MISMATCH	w103:105	out[0] shape (1, 1, 1, 0) vs (0, 0, 0, 0)	n0*=topk.values(L0,·,·,·,·,L1,L2)
MISMATCH	w103:121	out[0] non-finite mismatch (nan/inf positions differ)	n0*=gelu.out(L0,·,·)
SKIP	w103:143	executor ExecutorchInvalidArgumentException: [ExecuTorch Error 0x12] Invalid argument: Execution failed for method: forward	n0*=native_group_norm(L0,·,·,·,·,·,·,·)
SKIP	w103:146	executor ExecutorchInvalidArgumentException: [ExecuTorch Error 0x12] Invalid argument: Execution failed for method: forward	n0*=_pdist_forward(L0,·)
MISMATCH	w103:159	out[0] non-finite mismatch (nan/inf positions differ)	n0*=log.out(L0,·)
SKIP	w103:17	executor ExecutorchInvalidArgumentException: [ExecuTorch Error 0x12] Invalid argument: Execution failed for method: forward	n0*=expand_copy(L0,·,·)
CRASH	w102:534	executor unavailable	n0*=le.Scalar_out(L0,·,·)
CRASH	w102:551	executor unavailable	n0*=_native_batch_norm_legit.no_stats(L0,·,·,·,·,·)
CRASH	w102:573	executor unavailable	n0*=tan.out(L0,·)
CRASH	w102:602	executor unavailable	n0*=add.Scalar(L0,·,·)
CRASH	w102:620	executor unavailable	n0*=floor_divide(L0,L1)
SKIP	w103:174	executor ExecutorchRuntimeException: [ExecuTorch Error 0x14] Operator missing: Execution failed for method: forward	n0*=_fft_r2c(L0,·,·,·)
SKIP	w103:203	executor IllegalArgumentException: unsupported input dtype code 24 on Android	n0*=linear.out(L0,L1,·,·)
CRASH	w102:658	executor unavailable	n0*=pow.Scalar_out(·,L0,·)
MISMATCH	w103:230	out[0] max|delta|=2.000e+00 (rtol=0.0 atol=0.0)	n0*=remainder.Scalar(L0,·)
SKIP	w103:239	executor ExecutorchInvalidArgumentException: [ExecuTorch Error 0x12] Invalid argument: Execution failed for method: forward	n0*=scatter_add.out(L0,·,L1,L2,·)
CRASH	w102:688	executor unavailable	n0*=eq.Tensor_out(L0,L1,·)
SKIP	w103:264	executor ExecutorchInvalidArgumentException: [ExecuTorch Error 0x12] Invalid argument: Execution failed for method: forward	n0*=arange.start_out(·,·,·,·)
SKIP	w103:289	executor ExecutorchInvalidArgumentException: [ExecuTorch Error 0x12] Invalid argument: Execution failed for method: forward	n0*=native_group_norm(L0,·,·,·,·,·,·,·)
CRASH	w102:774	executor unavailable	n0*=max.dim_max(L0,·,·,L1,L2)
CRASH	w102:778	executor unavailable	n0*=div.Scalar(L0,·)
MISMATCH	w103:316	out[0] max|delta|=9.223e+18 (rtol=0.0 atol=0.0)	n0*=bitwise_left_shift.Tensor_out(L0,L1,·)
MISMATCH	w103:349	out[0] non-finite mismatch (nan/inf positions differ)	n0*=gelu.out(L0,·,·)
SKIP	w103:36	executor ExecutorchInvalidArgumentException: [ExecuTorch Error 0x12] Invalid argument: Execution failed for method: forward	n0*=arange.start_out(·,·,·,·)
MISMATCH	w103:363	out[0] max|delta|=3.000e+00 (rtol=0.0 atol=0.0)	n0*=fmod.Scalar(L0,·)
SKIP	w103:371	executor ExecutorchInvalidArgumentException: [ExecuTorch Error 0x12] Invalid argument: Execution failed for method: forward	n0*=native_group_norm(L0,·,·,·,·,·,·,·)
CRASH	w103:134	executor unavailable	n0*=remainder.Tensor_out(L0,L1,·)
SKIP	w103:402	executor ExecutorchRuntimeException: [ExecuTorch Error 0x14] Operator missing: Execution failed for method: forward	n0*=_fft_r2c(L0,·,·,·)
CRASH	w103:145	executor unavailable	n0*=div.out(L0,L1,·)
SKIP	w103:492	executor ExecutorchInvalidArgumentException: [ExecuTorch Error 0x12] Invalid argument: Execution failed for method: forward	n0*=arange.start_out(·,·,·,·)
SKIP	w103:493	executor ExecutorchInvalidArgumentException: [ExecuTorch Error 0x12] Invalid argument: Execution failed for method: forward	n0*=gather.out(L0,·,L1,·,·)
MISMATCH	w103:517	out[0] non-finite mismatch (nan/inf positions differ)	n0*=native_group_norm(L0,·,·,·,·,·,·,·)
MISMATCH	w103:541	out[0] max|delta|=9.223e+18 (rtol=0.01 atol=0.001)	n0*=bitwise_left_shift.Tensor_Scalar_out(L0,·,·)
MISMATCH	w103:544	out[0] max|delta|=6.918e+18 (rtol=0.0 atol=0.0)	n0*=bitwise_left_shift.Tensor_out(L0,L1,·)
MISMATCH	w103:551	out[0] non-finite mismatch (nan/inf positions differ)	n0*=logit.out(L0,·,·)
SKIP	w103:556	executor ExecutorchInvalidArgumentException: [ExecuTorch Error 0x12] Invalid argument: Execution failed for method: forward	n0*=scatter.src_out(L0,·,L1,L2,·)
CRASH	w103:172	executor unavailable	n0*=any.dims_out(L0,·,·,·)
MISMATCH	w103:575	out[0] shape (1, 1, 1, 1) vs (0, 0, 0, 0, 0)	n0*=min.dim_min(L0,·,·,L1,L2)
MISMATCH	w103:590	out[0] max|delta|=4.000e+00 (rtol=0.0 atol=0.0)	n0*=remainder.Tensor_out(L0,L1,·)
SKIP	w103:599	executor ExecutorchInvalidArgumentException: [ExecuTorch Error 0x12] Invalid argument: Execution failed for method: forward	n0*=native_group_norm(L0,·,·,·,·,·,·,·)
SKIP	w103:602	executor ExecutorchInvalidArgumentException: [ExecuTorch Error 0x12] Invalid argument: Execution failed for method: forward	n0*=_pdist_forward(L0,·)
SKIP	w103:61	executor ExecutorchInvalidArgumentException: [ExecuTorch Error 0x12] Invalid argument: Execution failed for method: forward	n0*=native_group_norm(L0,·,·,·,·,·,·,·)
SKIP	w103:630	executor ExecutorchRuntimeException: [ExecuTorch Error 0x14] Operator missing: Execution failed for method: forward	n0*=_fft_r2c(L0,·,·,·)
MISMATCH	w103:591	out[0] max|delta|=4.000e+00 (rtol=0.0 atol=0.0)	n0*=fmod.Scalar(L0,·)
SKIP	w103:695	executor ExecutorchInvalidArgumentException: [ExecuTorch Error 0x12] Invalid argument: Execution failed for method: forward	n0*=scatter_add.out(L0,·,L1,L2,·)
SKIP	w103:720	executor ExecutorchInvalidArgumentException: [ExecuTorch Error 0x12] Invalid argument: Execution failed for method: forward	n0*=arange.start_out(·,·,·,·)
SKIP	w103:726	executor ExecutorchInvalidArgumentException: [ExecuTorch Error 0x12] Invalid argument: Execution failed for method: forward	n0*=scatter.value_out(L0,·,L1,·,·)
SKIP	w103:745	executor ExecutorchInvalidArgumentException: [ExecuTorch Error 0x12] Invalid argument: Execution failed for method: forward	n0*=native_group_norm(L0,·,·,·,·,·,·,·)
CRASH	w103:420	executor unavailable	n0*=add.Scalar(L0,·,·)
CRASH	w103:549	executor unavailable	n0*=index_put(L0,·,L1,·)
CRASH	w103:550	executor unavailable	n0*=sum.IntList_out(L0,·,·,·,·)
CRASH	w103:56	executor unavailable	n0*=convolution(L0,L1,·,·,·,·,·,·,·)
CRASH	w103:561	executor unavailable	n0*=topk.values(L0,·,·,·,·,L1,L2)
CRASH	w103:592	executor unavailable	n0*=max.dim_max(L0,·,·,L1,L2)
MISMATCH	w103:769	out[0] max|delta|=7.206e+16 (rtol=0.01 atol=0.001)	n0*=bitwise_left_shift.Tensor_Scalar_out(L0,·,·)
CRASH	w103:67	executor unavailable	n0*=lt.Scalar_out(L0,·,·)
CRASH	w103:68	executor unavailable	n0*=amin.out(L0,·,·,·)
CRASH	w103:707	executor unavailable	n0*=prod(L0,·)
CRASH	w103:702	executor unavailable	n0*=split_copy.Tensor(L0,·,·)
MISMATCH	w103:88	out[0] max|delta|=1.611e+09 (rtol=0.0 atol=0.0)	n0*=bitwise_left_shift.Tensor_out(L0,L1,·)
CRASH	w103:736	executor unavailable	n0*=prod.int_out(L0,·,·,·,·)
MISMATCH	w104:149	out[0] max|delta|=6.000e+00 (rtol=0.0 atol=0.0)	n0*=remainder.Scalar(L0,·)
CRASH	w103:746	executor unavailable	n0*=squeeze_copy.dims(L0,·)
SKIP	w104:158	executor ExecutorchInvalidArgumentException: [ExecuTorch Error 0x12] Invalid argument: Execution failed for method: forward	n0*=scatter_add.out(L0,·,L1,L2,·)
SKIP	w104:183	executor ExecutorchInvalidArgumentException: [ExecuTorch Error 0x12] Invalid argument: Execution failed for method: forward	n0*=arange.start_out(·,·,·,·)
SKIP	w104:208	executor ExecutorchInvalidArgumentException: [ExecuTorch Error 0x12] Invalid argument: Execution failed for method: forward	n0*=native_group_norm(L0,·,·,·,·,·,·,·)
MISMATCH	w104:232	out[0] max|delta|=1.441e+17 (rtol=0.01 atol=0.001)	n0*=bitwise_left_shift.Tensor_Scalar_out(L0,·,·)
MISMATCH	w104:235	out[0] max|delta|=9.223e+18 (rtol=0.01 atol=0.001)	n0*=bitwise_left_shift.Tensor_out(L0,L1,·)
MISMATCH	w104:242	out[0] non-finite mismatch (nan/inf positions differ)	n0*=logit.out(L0,·,·)
SKIP	w104:247	executor ExecutorchInvalidArgumentException: [ExecuTorch Error 0x12] Invalid argument: Execution failed for method: forward	n0*=scatter.src_out(L0,·,L1,L2,·)
MISMATCH	w104:281	out[0] max|delta|=3.000e+00 (rtol=0.01 atol=0.001)	n0*=remainder.Tensor_out(L0,L1,·)
SKIP	w104:293	executor ExecutorchInvalidArgumentException: [ExecuTorch Error 0x12] Invalid argument: Execution failed for method: forward	n0*=_pdist_forward(L0,·)
SKIP	w104:321	executor ExecutorchRuntimeException: [ExecuTorch Error 0x14] Operator missing: Execution failed for method: forward	n0*=_fft_r2c(L0,·,·,·)
MISMATCH	w104:398	out[0] max|delta|=2.550e+02 (rtol=0.0 atol=0.0)	n0*=prod(L0,·)
MISMATCH	w104:40	out[0] non-finite mismatch (nan/inf positions differ)	n0*=gelu.out(L0,·,·)
SKIP	w104:411	executor ExecutorchInvalidArgumentException: [ExecuTorch Error 0x12] Invalid argument: Execution failed for method: forward	n0*=arange.start_out(·,·,·,·)
SKIP	w104:431	executor ExecutorchInvalidArgumentException: [ExecuTorch Error 0x12] Invalid argument: Execution failed for method: forward	n0*=convolution(L0,L1,·,·,·,·,·,·,·)
SKIP	w104:436	executor ExecutorchInvalidArgumentException: [ExecuTorch Error 0x12] Invalid argument: Execution failed for method: forward	n0*=native_group_norm(L0,·,·,·,·,·,·,·)
CRASH	w104:389	executor process died (native abort)	n0*=narrow_copy(L0,·,·,·)
SKIP	w104:482	executor ExecutorchInvalidArgumentException: [ExecuTorch Error 0x12] Invalid argument: Execution failed for method: forward	n0*=copy(L0,L1,·)
CRASH	w104:204	executor unavailable	n0*=acos.out(L0,·)
CRASH	w104:205	executor unavailable	n0*=glu.out(L0,·,·)
CRASH	w104:273	executor unavailable	n0*=sigmoid.out(L0,·)
CRASH	w104:289	executor unavailable	n0*=ne.Scalar_out(L0,·,·)
CRASH	w104:290	executor unavailable	n0*=native_group_norm(L0,·,·,·,·,·,·,·)
SKIP	w104:518	executor ExecutorchInvalidArgumentException: [ExecuTorch Error 0x12] Invalid argument: Execution failed for method: forward	n0*=native_group_norm(L0,·,·,·,·,·,·,·)
SKIP	w104:521	executor ExecutorchInvalidArgumentException: [ExecuTorch Error 0x12] Invalid argument: Execution failed for method: forward	n0*=_pdist_forward(L0,·)
CRASH	w104:372	executor unavailable	n0*=logical_and(L0,L1)
MISMATCH	w104:54	out[0] max|delta|=3.000e+00 (rtol=0.0 atol=0.0)	n0*=fmod.Scalar(L0,·)
CRASH	w104:399	executor unavailable	n0*=split_with_sizes_copy(L0,·,·)
SKIP	w104:549	executor ExecutorchRuntimeException: [ExecuTorch Error 0x14] Operator missing: Execution failed for method: forward	n0*=_fft_r2c(L0,·,·,·)
CRASH	w104:414	executor unavailable	n0*=relu(L0)
CRASH	w104:438	executor unavailable	n0*=gt.Tensor_out(L0,L1,·)
CRASH	w104:449	executor unavailable	n0*=round.out(L0,·)
SKIP	w104:613	executor ExecutorchRuntimeException: [ExecuTorch Error 0x1] Internal error: Execution failed for method: forward	n0*=pixel_shuffle(L0,·)
MISMATCH	w104:612	out[0] max|delta|=7.206e+16 (rtol=0.0 atol=0.0)	n0*=bitwise_left_shift.Tensor_Scalar(L0,·)
SKIP	w104:620	executor ExecutorchInvalidArgumentException: [ExecuTorch Error 0x12] Invalid argument: Execution failed for method: forward	n0*=expand_copy(L0,·,·)
SKIP	w104:62	executor ExecutorchInvalidArgumentException: [ExecuTorch Error 0x12] Invalid argument: Execution failed for method: forward	n0*=native_group_norm(L0,·,·,·,·,·,·,·)
MISMATCH	w104:626	out[0] max|delta|=2.550e+02 (rtol=0.0 atol=0.0)	n0*=prod(L0,·)
CRASH	w104:474	executor unavailable	n0*=index.Tensor_out(L0,·,·)
SKIP	w104:639	executor ExecutorchInvalidArgumentException: [ExecuTorch Error 0x12] Invalid argument: Execution failed for method: forward	n0*=arange.start_out(·,·,·,·)
SKIP	w104:65	executor ExecutorchInvalidArgumentException: [ExecuTorch Error 0x12] Invalid argument: Execution failed for method: forward	n0*=_pdist_forward(L0,·)
SKIP	w104:664	executor ExecutorchInvalidArgumentException: [ExecuTorch Error 0x12] Invalid argument: Execution failed for method: forward	n0*=native_group_norm(L0,·,·,·,·,·,·,·)
MISMATCH	w104:698	out[0] non-finite mismatch (nan/inf positions differ)	n0*=logit.out(L0,·,·)
MISMATCH	w104:7	out[0] max|delta|=9.223e+18 (rtol=0.01 atol=0.001)	n0*=bitwise_left_shift.Tensor_out(L0,L1,·)
SKIP	w104:710	executor ExecutorchInvalidArgumentException: [ExecuTorch Error 0x12] Invalid argument: Execution failed for method: forward	n0*=copy(L0,L1,·)
MISMATCH	w104:723	out[0] non-finite mismatch (nan/inf positions differ)	n0*=logit(L0,·)
SKIP	w104:746	executor ExecutorchInvalidArgumentException: [ExecuTorch Error 0x12] Invalid argument: Execution failed for method: forward	n0*=native_group_norm(L0,·,·,·,·,·,·,·)
SKIP	w104:749	executor ExecutorchInvalidArgumentException: [ExecuTorch Error 0x12] Invalid argument: Execution failed for method: forward	n0*=_pdist_forward(L0,·)
MISMATCH	w104:762	out[0] non-finite mismatch (nan/inf positions differ)	n0*=log.out(L0,·)
CRASH	w104:50	executor unavailable	n0*=acosh.out(L0,·)
SKIP	w104:777	executor ExecutorchRuntimeException: [ExecuTorch Error 0x14] Operator missing: Execution failed for method: forward	n0*=_fft_r2c(L0,·,·,·)
MISMATCH	w104:78	out[0] non-finite mismatch (nan/inf positions differ)	n0*=log.out(L0,·)
SKIP	w105:122	executor ExecutorchInvalidArgumentException: [ExecuTorch Error 0x12] Invalid argument: Execution failed for method: forward	n0*=native_group_norm(L0,·,·,·,·,·,·,·)
MISMATCH	w105:146	out[0] max|delta|=4.612e+18 (rtol=0.01 atol=0.001)	n0*=bitwise_left_shift.Tensor_Scalar_out(L0,·,·)
MISMATCH	w105:166	out[0] shape (0,) vs (0, 0, 0, 0, 0)	n0*=topk.values(L0,·,·,·,·,L1,L2)
SKIP	w105:169	executor ExecutorchInvalidArgumentException: [ExecuTorch Error 0x12] Invalid argument: Execution failed for method: forward	n0*=stack(·,·)
SKIP	w105:168	executor ExecutorchInvalidArgumentException: [ExecuTorch Error 0x12] Invalid argument: Execution failed for method: forward	n0*=copy(L0,L1,·)
MISMATCH	w105:182	out[0] non-finite mismatch (nan/inf positions differ)	n0*=gelu.out(L0,·,·)
SKIP	w105:204	executor ExecutorchInvalidArgumentException: [ExecuTorch Error 0x12] Invalid argument: Execution failed for method: forward	n0*=native_group_norm(L0,·,·,·,·,·,·,·)
SKIP	w105:207	executor ExecutorchInvalidArgumentException: [ExecuTorch Error 0x12] Invalid argument: Execution failed for method: forward	n0*=_pdist_forward(L0,·)
SKIP	w105:235	executor ExecutorchRuntimeException: [ExecuTorch Error 0x14] Operator missing: Execution failed for method: forward	n0*=_fft_r2c(L0,·,·,·)
SKIP	w105:350	executor ExecutorchInvalidArgumentException: [ExecuTorch Error 0x12] Invalid argument: Execution failed for method: forward	n0*=native_group_norm(L0,·,·,·,·,·,·,·)
CRASH	w104:555	executor unavailable	n0*=fill.Scalar(L0,·)
CRASH	w104:628	executor unavailable	n0*=bitwise_xor.Tensor_out(L0,L1,·)
CRASH	w104:66	executor unavailable	n0*=reflection_pad1d.out(L0,·,·)
MISMATCH	w105:377	out[0] non-finite mismatch (nan/inf positions differ)	n0*=bitwise_left_shift.Tensor_out(L0,L1,·)
MISMATCH	w105:384	out[0] non-finite mismatch (nan/inf positions differ)	n0*=logit.out(L0,·,·)
CRASH	w104:9	executor unavailable	n0*=var.correction_out(L0,·,·,·,·)
CRASH	w104:93	executor unavailable	n0*=_fft_r2c(L0,·,·,·)
MISMATCH	w105:374	out[0] max|delta|=2.147e+09 (rtol=0.0 atol=0.0)	n0*=bitwise_left_shift.Tensor_Scalar_out(L0,·,·)
MISMATCH	w105:410	out[0] non-finite mismatch (nan/inf positions differ)	n0*=gelu.out(L0,·,·)
SKIP	w105:435	executor ExecutorchInvalidArgumentException: [ExecuTorch Error 0x12] Invalid argument: Execution failed for method: forward	n0*=_pdist_forward(L0,·)
CRASH	w105:220	executor unavailable	n0*=log.out(L0,·)
CRASH	w105:24	executor unavailable	n0*=ceil.out(L0,·)
SKIP	w105:463	executor ExecutorchRuntimeException: [ExecuTorch Error 0x14] Operator missing: Execution failed for method: forward	n0*=_fft_r2c(L0,·,·,·)
CRASH	w105:307	executor unavailable	n0*=split_copy.Tensor(L0,·,·)
CRASH	w105:320	executor unavailable	n0*=remainder.Scalar_out(L0,·,·)
MISMATCH	w105:526	out[0] max|delta|=6.918e+18 (rtol=0.0 atol=0.0)	n0*=bitwise_left_shift.Tensor_Scalar(L0,·)
SKIP	w105:528	executor ExecutorchInvalidArgumentException: [ExecuTorch Error 0x12] Invalid argument: Execution failed for method: forward	n0*=scatter_add.out(L0,·,L1,L2,·)
CRASH	w105:341	executor unavailable	n0*=prod.int_out(L0,·,·,·,·)
CRASH	w105:356	executor unavailable	n0*=lt.Scalar_out(L0,·,·)
CRASH	w105:365	executor unavailable	n0*=mul.out(L0,L1,·)
SKIP	w105:553	executor ExecutorchInvalidArgumentException: [ExecuTorch Error 0x12] Invalid argument: Execution failed for method: forward	n0*=arange.start_out(·,·,·,·)
MISMATCH	w105:602	out[0] max|delta|=9.223e+18 (rtol=0.01 atol=0.001)	n0*=bitwise_left_shift.Tensor_Scalar_out(L0,·,·)
MISMATCH	w105:605	out[0] non-finite mismatch (nan/inf positions differ)	n0*=bitwise_left_shift.Tensor_out(L0,L1,·)
MISMATCH	w105:611	out[0] max|delta|=2.147e+09 (rtol=0.0 atol=0.0)	n0*=sum.IntList_out(L0,·,·,·,·)
MISMATCH	w105:638	out[0] non-finite mismatch (nan/inf positions differ)	n0*=gelu.out(L0,·,·)
SKIP	w105:660	executor ExecutorchInvalidArgumentException: [ExecuTorch Error 0x12] Invalid argument: Execution failed for method: forward	n0*=native_group_norm(L0,·,·,·,·,·,·,·)
SKIP	w105:663	executor ExecutorchInvalidArgumentException: [ExecuTorch Error 0x12] Invalid argument: Execution failed for method: forward	n0*=_pdist_forward(L0,·)
SKIP	w105:675	executor ExecutorchRuntimeException: [ExecuTorch Error 0x1] Internal error: Execution failed for method: forward	n0*=pixel_shuffle(L0,·)
SKIP	w105:691	executor ExecutorchRuntimeException: [ExecuTorch Error 0x14] Operator missing: Execution failed for method: forward	n0*=_fft_r2c(L0,·,·,·)
SKIP	w105:7	executor ExecutorchRuntimeException: [ExecuTorch Error 0x14] Operator missing: Execution failed for method: forward	n0*=_fft_r2c(L0,·,·,·)
MISMATCH	w105:70	out[0] max|delta|=1.441e+17 (rtol=0.0 atol=0.0)	n0*=bitwise_left_shift.Tensor_Scalar(L0,·)
SKIP	w105:720	executor IllegalArgumentException: unsupported input dtype code 24 on Android	n0*=linear.out(L0,L1,·,·)
CRASH	w105:437	executor unavailable	n0*=clone(L0,·)
CRASH	w105:447	executor unavailable	n0*=pixel_shuffle(L0,·)
CRASH	w105:51	executor unavailable	n0*=elu.out(L0,·,·,·,·)
CRASH	w105:53	executor unavailable	n0*=addmm.out(L0,L1,L2,·,·,·)
CRASH	w105:531	executor unavailable	n0*=narrow_copy(L0,·,·,·)
SKIP	w105:78	executor ExecutorchInvalidArgumentException: [ExecuTorch Error 0x12] Invalid argument: Execution failed for method: forward	n0*=expand_copy(L0,·,·)
SKIP	w105:781	executor ExecutorchInvalidArgumentException: [ExecuTorch Error 0x12] Invalid argument: Execution failed for method: forward	n0*=arange.start_out(·,·,·,·)
SKIP	w105:97	executor ExecutorchInvalidArgumentException: [ExecuTorch Error 0x12] Invalid argument: Execution failed for method: forward	n0*=arange.start_out(·,·,·,·)
SKIP	w106:107	executor IllegalArgumentException: unsupported input dtype code 24 on Android	n0*=pixel_unshuffle(L0,·)
MISMATCH	w106:11	out[0] max|delta|=6.918e+18 (rtol=0.0 atol=0.0)	n0*=bitwise_left_shift.Tensor_out(L0,L1,·)
CRASH	w105:578	executor unavailable	n0*=native_group_norm(L0,·,·,·,·,·,·,·)
CRASH	w105:640	executor unavailable	n0*=bmm.out(L0,L1,·)
MISMATCH	w106:160	out[0] max|delta|=9.223e+18 (rtol=0.0 atol=0.0)	n0*=bitwise_left_shift.Tensor_Scalar(L0,·)
SKIP	w106:187	executor ExecutorchInvalidArgumentException: [ExecuTorch Error 0x12] Invalid argument: Execution failed for method: forward	n0*=arange.start_out(·,·,·,·)
SKIP	w106:188	executor ExecutorchInvalidArgumentException: [ExecuTorch Error 0x12] Invalid argument: Execution failed for method: forward	n0*=gather.out(L0,·,L1,·,·)
MISMATCH	w106:203	out[0] max|delta|=2.550e+02 (rtol=0.0 atol=0.0)	n0*=prod.int_out(L0,·,·,·,·)
SKIP	w106:212	executor ExecutorchInvalidArgumentException: [ExecuTorch Error 0x12] Invalid argument: Execution failed for method: forward	n0*=native_group_norm(L0,·,·,·,·,·,·,·)
CRASH	w105:686	executor unavailable	n0*=any.dims_out(L0,·,·,·)
MISMATCH	w106:239	out[0] max|delta|=2.147e+09 (rtol=0.0 atol=0.0)	n0*=bitwise_left_shift.Tensor_out(L0,L1,·)
CRASH	w105:723	executor unavailable	n0*=gt.Scalar_out(L0,·,·)
SKIP	w106:258	executor ExecutorchInvalidArgumentException: [ExecuTorch Error 0x12] Invalid argument: Execution failed for method: forward	n0*=copy(L0,L1,·)
CRASH	w105:751	executor unavailable	n0*=max.unary_out(L0,·)
CRASH	w105:754	executor unavailable	n0*=bitwise_left_shift.Tensor_Scalar(L0,·)
MISMATCH	w106:270	out[0] shape () vs (0, 0, 0, 0, 0)	n0*=min.dim_min(L0,·,·,L1,L2)
MISMATCH	w106:272	out[0] non-finite mismatch (nan/inf positions differ)	n0*=gelu.out(L0,·,·)
CRASH	w105:766	executor unavailable	n0*=exp.out(L0,·)
MISMATCH	w106:28	out[0] shape (1, 1, 1, 0) vs (0, 0, 0, 0, 0)	n0*=topk.values(L0,·,·,·,·,L1,L2)
SKIP	w106:251	executor ExecutorchInvalidArgumentException: [ExecuTorch Error 0x12] Invalid argument: Execution failed for method: forward	n0*=scatter.src_out(L0,·,L1,L2,·)
SKIP	w106:294	executor ExecutorchInvalidArgumentException: [ExecuTorch Error 0x12] Invalid argument: Execution failed for method: forward	n0*=native_group_norm(L0,·,·,·,·,·,·,·)
SKIP	w106:297	executor ExecutorchInvalidArgumentException: [ExecuTorch Error 0x12] Invalid argument: Execution failed for method: forward	n0*=_pdist_forward(L0,·)
SKIP	w106:30	executor ExecutorchInvalidArgumentException: [ExecuTorch Error 0x12] Invalid argument: Execution failed for method: forward	n0*=copy(L0,L1,·)
SKIP	w106:325	executor ExecutorchRuntimeException: [ExecuTorch Error 0x14] Operator missing: Execution failed for method: forward	n0*=_fft_r2c(L0,·,·,·)
MISMATCH	w106:381	out[0] max|delta|=6.000e+00 (rtol=0.0 atol=0.0)	n0*=remainder.Scalar(L0,·)
MISMATCH	w106:388	out[0] max|delta|=1.153e+18 (rtol=0.0 atol=0.0)	n0*=bitwise_left_shift.Tensor_Scalar(L0,·)
SKIP	w106:396	executor ExecutorchInvalidArgumentException: [ExecuTorch Error 0x12] Invalid argument: Execution failed for method: forward	n0*=expand_copy(L0,·,·)
SKIP	w106:415	executor ExecutorchInvalidArgumentException: [ExecuTorch Error 0x12] Invalid argument: Execution failed for method: forward	n0*=arange.start_out(·,·,·,·)
MISMATCH	w106:44	out[0] non-finite mismatch (nan/inf positions differ)	n0*=gelu.out(L0,·,·)
SKIP	w106:440	executor ExecutorchInvalidArgumentException: [ExecuTorch Error 0x12] Invalid argument: Execution failed for method: forward	n0*=native_group_norm(L0,·,·,·,·,·,·,·)
MISMATCH	w106:464	out[0] max|delta|=9.223e+18 (rtol=0.01 atol=0.001)	n0*=bitwise_left_shift.Tensor_Scalar_out(L0,·,·)
MISMATCH	w106:467	out[0] max|delta|=1.611e+09 (rtol=0.0 atol=0.0)	n0*=bitwise_left_shift.Tensor_out(L0,L1,·)
MISMATCH	w106:474	out[0] non-finite mismatch (nan/inf positions differ)	n0*=logit.out(L0,·,·)
MISMATCH	w106:484	out[0] shape (0, 0) vs (0, 0, 0, 0, 0)	n0*=topk.values(L0,·,·,·,·,L1,L2)
SKIP	w106:486	executor ExecutorchInvalidArgumentException: [ExecuTorch Error 0x12] Invalid argument: Execution failed for method: forward	n0*=copy(L0,L1,·)
MISMATCH	w106:499	out[0] non-finite mismatch (nan/inf positions differ)	n0*=logit(L0,·)
MISMATCH	w106:500	out[0] non-finite mismatch (nan/inf positions differ)	n0*=gelu.out(L0,·,·)
SKIP	w106:522	executor ExecutorchInvalidArgumentException: [ExecuTorch Error 0x12] Invalid argument: Execution failed for method: forward	n0*=native_group_norm(L0,·,·,·,·,·,·,·)
MISMATCH	w106:538	out[0] non-finite mismatch (nan/inf positions differ)	n0*=log.out(L0,·)
SKIP	w106:553	executor ExecutorchRuntimeException: [ExecuTorch Error 0x14] Operator missing: Execution failed for method: forward	n0*=_fft_r2c(L0,·,·,·)
CRASH	w106:24	executor unavailable	n0*=ge.Tensor_out(L0,L1,·)
CRASH	w106:246	executor unavailable	n0*=logit.out(L0,·,·)
CRASH	w106:257	executor unavailable	n0*=masked_fill.Scalar(L0,L1,·)
CRASH	w106:279	executor unavailable	n0*=asin.out(L0,·)
CRASH	w106:332	executor unavailable	n0*=mean.out(L0,·,·,·,·)
CRASH	w106:330	executor unavailable	n0*=native_layer_norm(L0,·,·,·,·)
SKIP	w106:624	executor ExecutorchInvalidArgumentException: [ExecuTorch Error 0x12] Invalid argument: Execution failed for method: forward	n0*=expand_copy(L0,·,·)
SKIP	w106:643	executor ExecutorchInvalidArgumentException: [ExecuTorch Error 0x12] Invalid argument: Execution failed for method: forward	n0*=arange.start_out(·,·,·,·)
CRASH	w106:371	executor unavailable	n0*=addmm.out(L0,L1,L2,·,·,·)
SKIP	w106:668	executor ExecutorchInvalidArgumentException: [ExecuTorch Error 0x12] Invalid argument: Execution failed for method: forward	n0*=native_group_norm(L0,·,·,·,·,·,·,·)
MISMATCH	w106:616	out[0] max|delta|=1.441e+17 (rtol=0.0 atol=0.0)	n0*=bitwise_left_shift.Tensor_Scalar(L0,·)
SKIP	w106:69	executor ExecutorchInvalidArgumentException: [ExecuTorch Error 0x12] Invalid argument: Execution failed for method: forward	n0*=_pdist_forward(L0,·)
MISMATCH	w106:695	out[0] max|delta|=1.611e+09 (rtol=0.0 atol=0.0)	n0*=bitwise_left_shift.Tensor_out(L0,L1,·)
MISMATCH	w106:702	out[0] non-finite mismatch (nan/inf positions differ)	n0*=logit.out(L0,·,·)
MISMATCH	w106:712	out[0] shape (0, 0, 0) vs (0, 0, 0, 0, 0)	n0*=topk.values(L0,·,·,·,·,L1,L2)
CRASH	w106:462	executor unavailable	n0*=abs(L0)
MISMATCH	w106:728	out[0] non-finite mismatch (nan/inf positions differ)	n0*=gelu.out(L0,·,·)
CRASH	w106:492	executor unavailable	n0*=squeeze_copy.dim(L0,·)
MISMATCH	w106:741	out[0] max|delta|=4.000e+00 (rtol=0.0 atol=0.0)	n0*=remainder.Tensor_out(L0,L1,·)
CRASH	w106:496	executor unavailable	n0*=argmin.out(L0,·,·,·)
SKIP	w106:750	executor ExecutorchInvalidArgumentException: [ExecuTorch Error 0x12] Invalid argument: Execution failed for method: forward	n0*=native_group_norm(L0,·,·,·,·,·,·,·)
SKIP	w106:753	executor ExecutorchInvalidArgumentException: [ExecuTorch Error 0x12] Invalid argument: Execution failed for method: forward	n0*=_pdist_forward(L0,·)
SKIP	w106:66	executor ExecutorchInvalidArgumentException: [ExecuTorch Error 0x12] Invalid argument: Execution failed for method: forward	n0*=native_group_norm(L0,·,·,·,·,·,·,·)
SKIP	w106:781	executor ExecutorchRuntimeException: [ExecuTorch Error 0x14] Operator missing: Execution failed for method: forward	n0*=_fft_r2c(L0,·,·,·)
MISMATCH	w106:8	out[0] max|delta|=4.612e+18 (rtol=0.01 atol=0.001)	n0*=bitwise_left_shift.Tensor_Scalar_out(L0,·,·)
MISMATCH	w106:82	out[0] non-finite mismatch (nan/inf positions differ)	n0*=log.out(L0,·)
SKIP	w106:97	executor ExecutorchRuntimeException: [ExecuTorch Error 0x14] Operator missing: Execution failed for method: forward	n0*=_fft_r2c(L0,·,·,·)
SKIP	w107:103	executor ExecutorchRuntimeException: [ExecuTorch Error 0x14] Operator missing: Execution failed for method: forward	n0*=_fft_r2c(L0,·,·,·)
MISMATCH	w107:127	out[0] max|delta|=6.400e+01 (rtol=0.0 atol=0.0)	n0*=bitwise_right_shift.Tensor_Scalar(L0,·)
MISMATCH	w107:166	out[0] max|delta|=5.765e+17 (rtol=0.0 atol=0.0)	n0*=bitwise_left_shift.Tensor_Scalar(L0,·)
MISMATCH	w107:17	out[0] max|delta|=6.918e+18 (rtol=0.0 atol=0.0)	n0*=bitwise_left_shift.Tensor_out(L0,L1,·)
SKIP	w107:174	executor ExecutorchInvalidArgumentException: [ExecuTorch Error 0x12] Invalid argument: Execution failed for method: forward	n0*=expand_copy(L0,·,·)
SKIP	w107:193	executor ExecutorchInvalidArgumentException: [ExecuTorch Error 0x12] Invalid argument: Execution failed for method: forward	n0*=arange.start_out(·,·,·,·)
CRASH	w106:586	executor unavailable	n0*=logical_xor(L0,L1)
CRASH	w106:611	executor unavailable	n0*=max(L0)
MISMATCH	w107:218	out[0] non-finite mismatch (nan/inf positions differ)	n0*=native_group_norm(L0,·,·,·,·,·,·,·)
MISMATCH	w107:242	out[0] max|delta|=1.153e+18 (rtol=0.01 atol=0.001)	n0*=bitwise_left_shift.Tensor_Scalar_out(L0,·,·)
CRASH	w106:698	executor unavailable	n0*=hardtanh(L0,·,·)
CRASH	w106:701	executor unavailable	n0*=sum.IntList_out(L0,·,·,·,·)
CRASH	w106:727	executor unavailable	n0*=logit(L0,·)
CRASH	w106:78	executor unavailable	n0*=min(L0)
CRASH	w106:79	executor unavailable	n0*=mul.Scalar(L0,·)
MISMATCH	w107:262	out[0] shape (1, 1) vs (0, 0, 0, 0, 0)	n0*=topk.values(L0,·,·,·,·,L1,L2)
CRASH	w106:98	executor unavailable	n0*=ones.out(·,·)
MISMATCH	w107:278	out[0] non-finite mismatch (nan/inf positions differ)	n0*=gelu.out(L0,·,·)
SKIP	w107:300	executor ExecutorchInvalidArgumentException: [ExecuTorch Error 0x12] Invalid argument: Execution failed for method: forward	n0*=native_group_norm(L0,·,·,·,·,·,·,·)
SKIP	w107:303	executor ExecutorchInvalidArgumentException: [ExecuTorch Error 0x12] Invalid argument: Execution failed for method: forward	n0*=_pdist_forward(L0,·)
MISMATCH	w107:316	out[0] non-finite mismatch (nan/inf positions differ)	n0*=log.out(L0,·)
SKIP	w107:331	executor ExecutorchRuntimeException: [ExecuTorch Error 0x14] Operator missing: Execution failed for method: forward	n0*=_fft_r2c(L0,·,·,·)
CRASH	w107:154	executor unavailable	n0*=logical_and(L0,L1)
MISMATCH	w107:34	out[0] shape (0, 0, 0, 0) vs (0, 0, 0, 0, 0)	n0*=topk.values(L0,·,·,·,·,L1,L2)
CRASH	w107:195	executor unavailable	n0*=select_copy.int(L0,·,·)
CRASH	w107:198	executor unavailable	n0*=var.correction(L0,·,·,·)
CRASH	w107:20	executor unavailable	n0*=hardtanh(L0,·,·)
SKIP	w107:402	executor ExecutorchInvalidArgumentException: [ExecuTorch Error 0x12] Invalid argument: Execution failed for method: forward	n0*=expand_copy(L0,·,·)
SKIP	w107:421	executor ExecutorchInvalidArgumentException: [ExecuTorch Error 0x12] Invalid argument: Execution failed for method: forward	n0*=arange.start_out(·,·,·,·)
MISMATCH	w107:438	out[0] non-finite mismatch (nan/inf positions differ)	n0*=grid_sampler_2d(L0,L1,·,·,·)
MISMATCH	w107:470	out[0] max|delta|=6.918e+18 (rtol=0.0 atol=0.0)	n0*=bitwise_left_shift.Tensor_Scalar_out(L0,·,·)
MISMATCH	w107:48	out[0] shape (1, 1, 1, 1) vs (0, 0, 0, 0, 0)	n0*=min.dim_min(L0,·,·,L1,L2)
SKIP	w107:492	executor ExecutorchInvalidArgumentException: [ExecuTorch Error 0x12] Invalid argument: Execution failed for method: forward	n0*=copy(L0,L1,·)
MISMATCH	w107:50	out[0] non-finite mismatch (nan/inf positions differ)	n0*=gelu.out(L0,·,·)
MISMATCH	w107:504	out[0] shape (1, 1) vs (0, 0, 0, 0)	n0*=min.dim_min(L0,·,·,L1,L2)
MISMATCH	w107:506	out[0] non-finite mismatch (nan/inf positions differ)	n0*=gelu.out(L0,·,·)
MISMATCH	w107:526	out[0] max|delta|=3.999e-01 (rtol=0.01 atol=0.001)	n0*=_native_batch_norm_legit.no_stats(L0,·,·,·,·,·)
SKIP	w107:531	executor ExecutorchInvalidArgumentException: [ExecuTorch Error 0x12] Invalid argument: Execution failed for method: forward	n0*=_pdist_forward(L0,·)
CRASH	w107:227	executor unavailable	n0*=cos.out(L0,·)
SKIP	w107:528	executor ExecutorchInvalidArgumentException: [ExecuTorch Error 0x12] Invalid argument: Execution failed for method: forward	n0*=native_group_norm(L0,·,·,·,·,·,·,·)
SKIP	w107:559	executor ExecutorchRuntimeException: [ExecuTorch Error 0x14] Operator missing: Execution failed for method: forward	n0*=_fft_r2c(L0,·,·,·)
CRASH	w107:253	executor unavailable	n0*=lt.Tensor_out(L0,L1,·)
MISMATCH	w107:640	out[0] non-finite mismatch (nan/inf positions differ)	n0*=native_layer_norm(L0,·,·,·,·)
SKIP	w107:649	executor ExecutorchInvalidArgumentException: [ExecuTorch Error 0x12] Invalid argument: Execution failed for method: forward	n0*=arange.start_out(·,·,·,·)
SKIP	w107:630	executor ExecutorchInvalidArgumentException: [ExecuTorch Error 0x12] Invalid argument: Execution failed for method: forward	n0*=expand_copy(L0,·,·)
MISMATCH	w107:701	out[0] non-finite mismatch (nan/inf positions differ)	n0*=bitwise_left_shift.Tensor_out(L0,L1,·)
CRASH	w107:339	executor unavailable	n0*=slice_scatter(L0,L1,·,·,·,·)
CRASH	w107:403	executor unavailable	n0*=split_copy.Tensor(L0,·,·)
CRASH	w107:412	executor unavailable	n0*=native_layer_norm(L0,·,·,·,·)
CRASH	w107:447	executor unavailable	n0*=squeeze_copy.dims(L0,·)
CRASH	w107:451	executor unavailable	n0*=asinh.out(L0,·)
SKIP	w107:713	executor ExecutorchInvalidArgumentException: [ExecuTorch Error 0x12] Invalid argument: Execution failed for method: forward	n0*=scatter.src_out(L0,·,L1,L2,·)
SKIP	w107:72	executor ExecutorchInvalidArgumentException: [ExecuTorch Error 0x12] Invalid argument: Execution failed for method: forward	n0*=native_group_norm(L0,·,·,·,·,·,·,·)
MISMATCH	w107:733	out[0] non-finite mismatch (nan/inf positions differ)	n0*=logit(L0,·)
MISMATCH	w107:734	out[0] non-finite mismatch (nan/inf positions differ)	n0*=gelu.out(L0,·,·)
SKIP	w107:75	executor ExecutorchInvalidArgumentException: [ExecuTorch Error 0x12] Invalid argument: Execution failed for method: forward	n0*=_pdist_forward(L0,·)
MISMATCH	w107:756	out[0] non-finite mismatch (nan/inf positions differ)	n0*=native_group_norm(L0,·,·,·,·,·,·,·)
SKIP	w107:759	executor ExecutorchInvalidArgumentException: [ExecuTorch Error 0x12] Invalid argument: Execution failed for method: forward	n0*=_pdist_forward(L0,·)
MISMATCH	w107:707	out[0] max|delta|=1.000e+00 (rtol=0.0 atol=0.0)	n0*=sum.IntList_out(L0,·,·,·,·)
CRASH	w107:572	executor unavailable	n0*=t_copy(L0)
CRASH	w107:574	executor unavailable	n0*=logical_xor.out(L0,L1,·)
CRASH	w107:589	executor unavailable	n0*=unbind_copy.int(L0,·)
MISMATCH	w108:109	out[0] non-finite mismatch (nan/inf positions differ)	n0*=gelu.out(L0,·,·)
CRASH	w107:596	executor unavailable	n0*=bitwise_not.out(L0,·)
SKIP	w108:134	executor ExecutorchInvalidArgumentException: [ExecuTorch Error 0x12] Invalid argument: Execution failed for method: forward	n0*=_pdist_forward(L0,·)
SKIP	w108:131	executor ExecutorchInvalidArgumentException: [ExecuTorch Error 0x12] Invalid argument: Execution failed for method: forward	n0*=native_group_norm(L0,·,·,·,·,·,·,·)
SKIP	w108:162	executor ExecutorchRuntimeException: [ExecuTorch Error 0x14] Operator missing: Execution failed for method: forward	n0*=_fft_r2c(L0,·,·,·)
CRASH	w107:652	executor unavailable	n0*=relu(L0)
SKIP	w108:189	executor ExecutorchRuntimeException: [ExecuTorch Error 0x1] Internal error: Execution failed for method: forward	n0*=_softmax.out(L0,·,·,·)
MISMATCH	w108:218	out[0] max|delta|=7.000e+00 (rtol=0.0 atol=0.0)	n0*=remainder.Scalar(L0,·)
MISMATCH	w108:236	out[0] max|delta|=9.223e+18 (rtol=0.0 atol=0.0)	n0*=pow.Scalar_out(·,L0,·)
SKIP	w108:24	executor ExecutorchInvalidArgumentException: [ExecuTorch Error 0x12] Invalid argument: Execution failed for method: forward	n0*=arange.start_out(·,·,·,·)
SKIP	w108:252	executor ExecutorchInvalidArgumentException: [ExecuTorch Error 0x12] Invalid argument: Execution failed for method: forward	n0*=arange.start_out(·,·,·,·)
SKIP	w108:277	executor ExecutorchInvalidArgumentException: [ExecuTorch Error 0x12] Invalid argument: Execution failed for method: forward	n0*=native_group_norm(L0,·,·,·,·,·,·,·)
CRASH	w107:698	executor unavailable	n0*=bitwise_left_shift.Tensor_Scalar_out(L0,·,·)
MISMATCH	w108:304	out[0] max|delta|=1.611e+09 (rtol=0.0 atol=0.0)	n0*=bitwise_left_shift.Tensor_out(L0,L1,·)
CRASH	w107:702	executor unavailable	n0*=div.out_mode(L0,L1,·,·)
MISMATCH	w108:337	out[0] non-finite mismatch (nan/inf positions differ)	n0*=gelu.out(L0,·,·)
MISMATCH	w108:357	out[0] max|delta|=3.999e-01 (rtol=0.01 atol=0.001)	n0*=_native_batch_norm_legit.no_stats(L0,·,·,·,·,·)
SKIP	w108:359	executor ExecutorchInvalidArgumentException: [ExecuTorch Error 0x12] Invalid argument: Execution failed for method: forward	n0*=native_group_norm(L0,·,·,·,·,·,·,·)
SKIP	w108:362	executor ExecutorchInvalidArgumentException: [ExecuTorch Error 0x12] Invalid argument: Execution failed for method: forward	n0*=_pdist_forward(L0,·)
MISMATCH	w108:375	out[0] non-finite mismatch (nan/inf positions differ)	n0*=log.out(L0,·)
SKIP	w108:390	executor ExecutorchRuntimeException: [ExecuTorch Error 0x14] Operator missing: Execution failed for method: forward	n0*=_fft_r2c(L0,·,·,·)
CRASH	w107:91	executor unavailable	n0*=bitwise_xor.Scalar(L0,·)
CRASH	w108:143	executor unavailable	n0*=min(L0)
CRASH	w108:183	executor unavailable	n0*=clamp.out(L0,·,·,·)
SKIP	w108:44	executor ExecutorchInvalidArgumentException: [ExecuTorch Error 0x12] Invalid argument: Execution failed for method: forward	n0*=convolution(L0,L1,·,·,·,·,·,·,·)
SKIP	w108:461	executor ExecutorchInvalidArgumentException: [ExecuTorch Error 0x12] Invalid argument: Execution failed for method: forward	n0*=expand_copy(L0,·,·)
CRASH	w108:255	executor unavailable	n0*=relu(L0)
CRASH	w108:291	executor unavailable	n0*=roll(L0,·,·)
CRASH	w108:317	executor unavailable	n0*=ge.Tensor_out(L0,L1,·)
CRASH	w108:329	executor unavailable	n0*=squeeze_copy.dim(L0,·)
CRASH	w108:338	executor unavailable	n0*=rsub.Scalar(L0,·,·)
CRASH	w108:343	executor unavailable	n0*=trunc.out(L0,·)
SKIP	w108:49	executor ExecutorchInvalidArgumentException: [ExecuTorch Error 0x12] Invalid argument: Execution failed for method: forward	n0*=native_group_norm(L0,·,·,·,·,·,·,·)
SKIP	w108:505	executor ExecutorchInvalidArgumentException: [ExecuTorch Error 0x12] Invalid argument: Execution failed for method: forward	n0*=native_group_norm(L0,·,·,·,·,·,·,·)
CRASH	w108:367	executor unavailable	n0*=arange.out(·,·)
MISMATCH	w108:529	out[0] non-finite mismatch (nan/inf positions differ)	n0*=bitwise_left_shift.Tensor_Scalar_out(L0,·,·)
MISMATCH	w108:532	out[0] max|delta|=1.611e+09 (rtol=0.0 atol=0.0)	n0*=bitwise_left_shift.Tensor_out(L0,L1,·)
SKIP	w108:551	executor ExecutorchInvalidArgumentException: [ExecuTorch Error 0x12] Invalid argument: Execution failed for method: forward	n0*=copy(L0,L1,·)
MISMATCH	w108:565	out[0] non-finite mismatch (nan/inf positions differ)	n0*=gelu.out(L0,·,·)
CRASH	w108:415	executor unavailable	n0*=floor_divide.out(L0,L1,·)
CRASH	w108:417	executor unavailable	n0*=_softmax.out(L0,·,·,·)
SKIP	w108:587	executor ExecutorchInvalidArgumentException: [ExecuTorch Error 0x12] Invalid argument: Execution failed for method: forward	n0*=native_group_norm(L0,·,·,·,·,·,·,·)
SKIP	w108:618	executor ExecutorchRuntimeException: [ExecuTorch Error 0x14] Operator missing: Execution failed for method: forward	n0*=_fft_r2c(L0,·,·,·)
SKIP	w108:480	executor ExecutorchInvalidArgumentException: [ExecuTorch Error 0x12] Invalid argument: Execution failed for method: forward	n0*=arange.start_out(·,·,·,·)
SKIP	w108:708	executor ExecutorchInvalidArgumentException: [ExecuTorch Error 0x12] Invalid argument: Execution failed for method: forward	n0*=arange.start_out(·,·,·,·)
SKIP	w108:733	executor ExecutorchInvalidArgumentException: [ExecuTorch Error 0x12] Invalid argument: Execution failed for method: forward	n0*=native_group_norm(L0,·,·,·,·,·,·,·)
MISMATCH	w108:760	out[0] max|delta|=2.147e+09 (rtol=0.0 atol=0.0)	n0*=bitwise_left_shift.Tensor_out(L0,L1,·)
MISMATCH	w108:767	out[0] non-finite mismatch (nan/inf positions differ)	n0*=logit.out(L0,·,·)
SKIP	w108:95	executor ExecutorchInvalidArgumentException: [ExecuTorch Error 0x12] Invalid argument: Execution failed for method: forward	n0*=copy(L0,L1,·)
SKIP	w109:10	executor ExecutorchInvalidArgumentException: [ExecuTorch Error 0x12] Invalid argument: Execution failed for method: forward	n0*=arange.start_out(·,·,·,·)
SKIP	w109:117	executor ExecutorchInvalidArgumentException: [ExecuTorch Error 0x12] Invalid argument: Execution failed for method: forward	n0*=native_group_norm(L0,·,·,·,·,·,·,·)
SKIP	w109:120	executor ExecutorchInvalidArgumentException: [ExecuTorch Error 0x12] Invalid argument: Execution failed for method: forward	n0*=_pdist_forward(L0,·)
SKIP	w109:132	executor ExecutorchRuntimeException: [ExecuTorch Error 0x1] Internal error: Execution failed for method: forward	n0*=pixel_shuffle(L0,·)
MISMATCH	w109:133	out[0] non-finite mismatch (nan/inf positions differ)	n0*=log.out(L0,·)
SKIP	w109:148	executor ExecutorchRuntimeException: [ExecuTorch Error 0x14] Operator missing: Execution failed for method: forward	n0*=_fft_r2c(L0,·,·,·)
MISMATCH	w109:211	out[0] max|delta|=1.153e+18 (rtol=0.0 atol=0.0)	n0*=bitwise_left_shift.Tensor_Scalar(L0,·)
SKIP	w109:219	executor ExecutorchInvalidArgumentException: [ExecuTorch Error 0x12] Invalid argument: Execution failed for method: forward	n0*=expand_copy(L0,·,·)
SKIP	w109:238	executor ExecutorchInvalidArgumentException: [ExecuTorch Error 0x12] Invalid argument: Execution failed for method: forward	n0*=arange.start_out(·,·,·,·)
SKIP	w109:263	executor ExecutorchInvalidArgumentException: [ExecuTorch Error 0x12] Invalid argument: Execution failed for method: forward	n0*=native_group_norm(L0,·,·,·,·,·,·,·)
MISMATCH	w109:27	out[0] non-finite mismatch (nan/inf positions differ)	n0*=grid_sampler_2d(L0,L1,·,·,·)
MISMATCH	w109:290	out[0] max|delta|=2.147e+09 (rtol=0.0 atol=0.0)	n0*=bitwise_left_shift.Tensor_out(L0,L1,·)
SKIP	w109:302	executor ExecutorchInvalidArgumentException: [ExecuTorch Error 0x12] Invalid argument: Execution failed for method: forward	n0*=scatter.src_out(L0,·,L1,L2,·)
MISMATCH	w109:323	out[0] non-finite mismatch (nan/inf positions differ)	n0*=gelu.out(L0,·,·)
SKIP	w109:348	executor ExecutorchInvalidArgumentException: [ExecuTorch Error 0x12] Invalid argument: Execution failed for method: forward	n0*=_pdist_forward(L0,·)
SKIP	w109:35	executor ExecutorchInvalidArgumentException: [ExecuTorch Error 0x12] Invalid argument: Execution failed for method: forward	n0*=native_group_norm(L0,·,·,·,·,·,·,·)
CRASH	w109:368	executor process died (native abort)	n0*=max_pool2d_with_indices_backward.grad_input(L0,L1,·,·,·,·,·,L2,L3)
SKIP	w109:376	executor ExecutorchRuntimeException: [ExecuTorch Error 0x14] Operator missing: Execution failed for method: forward	n0*=_fft_r2c(L0,·,·,·)
CRASH	w108:477	executor unavailable	n0*=atanh.out(L0,·)
SKIP	w109:447	executor ExecutorchInvalidArgumentException: [ExecuTorch Error 0x12] Invalid argument: Execution failed for method: forward	n0*=expand_copy(L0,·,·)
CRASH	w108:752	executor unavailable	n0*=replication_pad2d.out(L0,·,·)
CRASH	w108:94	executor unavailable	n0*=masked_fill.Scalar(L0,L1,·)
CRASH	w108:96	executor unavailable	n0*=stack(·,·)
SKIP	w109:466	executor ExecutorchInvalidArgumentException: [ExecuTorch Error 0x12] Invalid argument: Execution failed for method: forward	n0*=arange.start_out(·,·,·,·)
CRASH	w109:158	executor unavailable	n0*=pixel_unshuffle(L0,·)
CRASH	w109:231	executor unavailable	n0*=alias_copy(L0)
SKIP	w109:491	executor ExecutorchInvalidArgumentException: [ExecuTorch Error 0x12] Invalid argument: Execution failed for method: forward	n0*=native_group_norm(L0,·,·,·,·,·,·,·)
CRASH	w109:287	executor unavailable	n0*=bitwise_left_shift.Tensor_Scalar_out(L0,·,·)
CRASH	w109:297	executor unavailable	n0*=logit.out(L0,·,·)
MISMATCH	w109:518	out[0] max|delta|=9.223e+18 (rtol=0.01 atol=0.001)	n0*=bitwise_left_shift.Tensor_out(L0,L1,·)
MISMATCH	w109:525	out[0] non-finite mismatch (nan/inf positions differ)	n0*=logit.out(L0,·,·)
CRASH	w109:301	executor unavailable	n0*=index.Tensor_out(L0,·,·)
CRASH	w109:359	executor unavailable	n0*=atan2.out(L0,L1,·)
CRASH	w109:365	executor unavailable	n0*=tan.out(L0,·)
SKIP	w109:573	executor ExecutorchInvalidArgumentException: [ExecuTorch Error 0x12] Invalid argument: Execution failed for method: forward	n0*=native_group_norm(L0,·,·,·,·,·,·,·)
SKIP	w109:576	executor ExecutorchInvalidArgumentException: [ExecuTorch Error 0x12] Invalid argument: Execution failed for method: forward	n0*=_pdist_forward(L0,·)
MISMATCH	w109:589	out[0] non-finite mismatch (nan/inf positions differ)	n0*=log.out(L0,·)
SKIP	w109:588	executor ExecutorchRuntimeException: [ExecuTorch Error 0x1] Internal error: Execution failed for method: forward	n0*=pixel_shuffle(L0,·)
SKIP	w109:604	executor ExecutorchRuntimeException: [ExecuTorch Error 0x14] Operator missing: Execution failed for method: forward	n0*=_fft_r2c(L0,·,·,·)
MISMATCH	w109:62	out[0] max|delta|=6.918e+18 (rtol=0.01 atol=0.001)	n0*=bitwise_left_shift.Tensor_out(L0,L1,·)
SKIP	w109:694	executor ExecutorchInvalidArgumentException: [ExecuTorch Error 0x12] Invalid argument: Execution failed for method: forward	n0*=arange.start_out(·,·,·,·)
MISMATCH	w109:746	out[0] max|delta|=6.918e+18 (rtol=0.01 atol=0.001)	n0*=bitwise_left_shift.Tensor_out(L0,L1,·)
MISMATCH	w109:752	out[0] max|delta|=1.000e+00 (rtol=0.0 atol=0.0)	n0*=sum.IntList_out(L0,·,·,·,·)
MISMATCH	w109:779	out[0] non-finite mismatch (nan/inf positions differ)	n0*=gelu.out(L0,·,·)
MISMATCH	w109:79	out[0] shape (0, 0, 0, 0) vs (0, 0, 0, 0, 0)	n0*=topk.values(L0,·,·,·,·,L1,L2)
CRASH	w109:449	executor unavailable	n0*=bitwise_or.Tensor_out(L0,L1,·)
MISMATCH	w109:95	out[0] non-finite mismatch (nan/inf positions differ)	n0*=gelu.out(L0,·,·)
CRASH	w109:529	executor unavailable	n0*=index.Tensor_out(L0,·,·)
CRASH	w109:559	executor unavailable	n0*=bitwise_or.Scalar(L0,·)
CRASH	w109:558	executor unavailable	n0*=asin.out(L0,·)
CRASH	w109:605	executor unavailable	n0*=ones.out(·,·)
MISMATCH	w11:137	out[0] shape (0, 0, 0, 0) vs (0, 0, 0, 0, 0)	n0*=topk.values(L0,·,·,·,·,L1,L2)
SKIP	w11:139	executor ExecutorchInvalidArgumentException: [ExecuTorch Error 0x12] Invalid argument: Execution failed for method: forward	n0*=copy(L0,L1,·)
MISMATCH	w11:153	out[0] non-finite mismatch (nan/inf positions differ)	n0*=gelu.out(L0,·,·)
CRASH	w109:684	executor unavailable	n0*=floor.out(L0,·)
CRASH	w109:720	executor unavailable	n0*=squeeze_copy.dims(L0,·)
CRASH	w109:736	executor unavailable	n0*=view_copy(L0,·)
CRASH	w109:755	executor unavailable	n0*=diagonal_copy(L0,·,·,·)
CRASH	w109:765	executor unavailable	n0*=copy(L0,L1,·)
CRASH	w109:777	executor unavailable	n0*=min.dim_min(L0,·,·,L1,L2)
MISMATCH	w11:120	out[0] max|delta|=6.918e+18 (rtol=0.01 atol=0.001)	n0*=bitwise_left_shift.Tensor_out(L0,L1,·)
SKIP	w11:206	executor ExecutorchRuntimeException: [ExecuTorch Error 0x14] Operator missing: Execution failed for method: forward	n0*=_fft_r2c(L0,·,·,·)
CRASH	w109:91	executor unavailable	n0*=argmin.out(L0,·,·,·)
MISMATCH	w11:166	out[0] max|delta|=3.000e+00 (rtol=0.01 atol=0.001)	n0*=remainder.Tensor_out(L0,L1,·)
SKIP	w11:235	executor IllegalArgumentException: unsupported input dtype code 24 on Android	n0*=linear.out(L0,L1,·,·)
MISMATCH	w11:269	out[0] max|delta|=2.882e+17 (rtol=0.0 atol=0.0)	n0*=bitwise_left_shift.Tensor_Scalar(L0,·)
SKIP	w11:277	executor ExecutorchInvalidArgumentException: [ExecuTorch Error 0x12] Invalid argument: Execution failed for method: forward	n0*=expand_copy(L0,·,·)
SKIP	w11:296	executor ExecutorchInvalidArgumentException: [ExecuTorch Error 0x12] Invalid argument: Execution failed for method: forward	n0*=arange.start_out(·,·,·,·)
SKIP	w11:321	executor ExecutorchInvalidArgumentException: [ExecuTorch Error 0x12] Invalid argument: Execution failed for method: forward	n0*=native_group_norm(L0,·,·,·,·,·,·,·)
MISMATCH	w11:381	out[0] non-finite mismatch (nan/inf positions differ)	n0*=gelu.out(L0,·,·)
SKIP	w11:175	executor ExecutorchInvalidArgumentException: [ExecuTorch Error 0x12] Invalid argument: Execution failed for method: forward	n0*=native_group_norm(L0,·,·,·,·,·,·,·)
SKIP	w11:406	executor ExecutorchInvalidArgumentException: [ExecuTorch Error 0x12] Invalid argument: Execution failed for method: forward	n0*=_pdist_forward(L0,·)
MISMATCH	w11:41	out[0] max|delta|=7.206e+16 (rtol=0.0 atol=0.0)	n0*=bitwise_left_shift.Tensor_Scalar(L0,·)
SKIP	w11:43	executor ExecutorchInvalidArgumentException: [ExecuTorch Error 0x12] Invalid argument: Execution failed for method: forward	n0*=scatter_add.out(L0,·,L1,L2,·)
SKIP	w11:434	executor ExecutorchRuntimeException: [ExecuTorch Error 0x14] Operator missing: Execution failed for method: forward	n0*=_fft_r2c(L0,·,·,·)
MISMATCH	w11:439	out[0] non-finite mismatch (nan/inf positions differ)	n0*=native_layer_norm(L0,·,·,·,·)
CRASH	w11:426	executor process died (native abort)	n0*=max_pool2d_with_indices_backward.grad_input(L0,L1,·,·,·,·,·,L2,L3)
MISMATCH	w11:497	out[0] max|delta|=5.765e+17 (rtol=0.0 atol=0.0)	n0*=bitwise_left_shift.Tensor_Scalar(L0,·)
SKIP	w11:499	executor ExecutorchInvalidArgumentException: [ExecuTorch Error 0x12] Invalid argument: Execution failed for method: forward	n0*=scatter_add.out(L0,·,L1,L2,·)
SKIP	w11:524	executor ExecutorchInvalidArgumentException: [ExecuTorch Error 0x12] Invalid argument: Execution failed for method: forward	n0*=arange.start_out(·,·,·,·)
MISMATCH	w11:541	out[0] non-finite mismatch (nan/inf positions differ)	n0*=grid_sampler_2d(L0,L1,·,·,·)
CRASH	w11:117	executor unavailable	n0*=bitwise_left_shift.Tensor_Scalar_out(L0,·,·)
MISMATCH	w11:573	out[0] max|delta|=7.206e+16 (rtol=0.01 atol=0.001)	n0*=bitwise_left_shift.Tensor_Scalar_out(L0,·,·)
MISMATCH	w11:576	out[0] non-finite mismatch (nan/inf positions differ)	n0*=bitwise_left_shift.Tensor_out(L0,L1,·)
SKIP	w11:595	executor ExecutorchInvalidArgumentException: [ExecuTorch Error 0x12] Invalid argument: Execution failed for method: forward	n0*=copy(L0,L1,·)
MISMATCH	w11:609	out[0] non-finite mismatch (nan/inf positions differ)	n0*=gelu.out(L0,·,·)
CRASH	w11:195	executor unavailable	n0*=tan.out(L0,·)
CRASH	w11:20	executor unavailable	n0*=bitwise_and.Scalar_out(L0,·,·)
CRASH	w11:267	executor unavailable	n0*=sqrt.out(L0,·)
SKIP	w11:631	executor ExecutorchInvalidArgumentException: [ExecuTorch Error 0x12] Invalid argument: Execution failed for method: forward	n0*=native_group_norm(L0,·,·,·,·,·,·,·)
SKIP	w11:634	executor ExecutorchInvalidArgumentException: [ExecuTorch Error 0x12] Invalid argument: Execution failed for method: forward	n0*=_pdist_forward(L0,·)
MISMATCH	w11:647	out[0] non-finite mismatch (nan/inf positions differ)	n0*=log.out(L0,·)
CRASH	w11:364	executor unavailable	n0*=narrow_copy(L0,·,·,·)
CRASH	w11:394	executor unavailable	n0*=remainder.Tensor_out(L0,L1,·)
CRASH	w11:423	executor unavailable	n0*=tan.out(L0,·)
SKIP	w11:68	executor ExecutorchInvalidArgumentException: [ExecuTorch Error 0x12] Invalid argument: Execution failed for method: forward	n0*=arange.start_out(·,·,·,·)
CRASH	w11:495	executor unavailable	n0*=sqrt.out(L0,·)
SKIP	w11:662	executor ExecutorchRuntimeException: [ExecuTorch Error 0x14] Operator missing: Execution failed for method: forward	n0*=_fft_r2c(L0,·,·,·)
CRASH	w11:521	executor unavailable	n0*=atanh.out(L0,·)
CRASH	w11:531	executor unavailable	n0*=sub.Scalar(L0,·,·)
MISMATCH	w11:725	out[0] max|delta|=5.369e+08 (rtol=0.0 atol=0.0)	n0*=bitwise_left_shift.Tensor_Scalar(L0,·)
SKIP	w11:752	executor ExecutorchInvalidArgumentException: [ExecuTorch Error 0x12] Invalid argument: Execution failed for method: forward	n0*=arange.start_out(·,·,·,·)
MISMATCH	w11:768	out[0] max|delta|=2.550e+02 (rtol=0.0 atol=0.0)	n0*=prod.int_out(L0,·,·,·,·)
SKIP	w11:777	executor ExecutorchInvalidArgumentException: [ExecuTorch Error 0x12] Invalid argument: Execution failed for method: forward	n0*=native_group_norm(L0,·,·,·,·,·,·,·)
CRASH	w11:569	executor unavailable	n0*=sign.out(L0,·)
SKIP	w11:93	executor ExecutorchInvalidArgumentException: [ExecuTorch Error 0x12] Invalid argument: Execution failed for method: forward	n0*=native_group_norm(L0,·,·,·,·,·,·,·)
SKIP	w110:103	executor ExecutorchInvalidArgumentException: [ExecuTorch Error 0x12] Invalid argument: Execution failed for method: forward	n0*=scatter.src_out(L0,·,L1,L2,·)
CRASH	w11:583	executor unavailable	n0*=logit.out(L0,·,·)
MISMATCH	w110:108	out[0] shape (0, 0, 0, 0) vs (0, 0, 0, 0, 0)	n0*=topk.values(L0,·,·,·,·,L1,L2)
MISMATCH	w110:12	out[0] max|delta|=2.684e+08 (rtol=0.0 atol=0.0)	n0*=bitwise_left_shift.Tensor_Scalar(L0,·)
MISMATCH	w110:122	out[0] shape (1, 1, 1, 1, 1) vs (0, 0, 0, 0, 0)	n0*=min.dim_min(L0,·,·,L1,L2)
MISMATCH	w110:124	out[0] non-finite mismatch (nan/inf positions differ)	n0*=gelu.out(L0,·,·)
SKIP	w110:146	executor ExecutorchInvalidArgumentException: [ExecuTorch Error 0x12] Invalid argument: Execution failed for method: forward	n0*=native_group_norm(L0,·,·,·,·,·,·,·)
SKIP	w110:149	executor ExecutorchInvalidArgumentException: [ExecuTorch Error 0x12] Invalid argument: Execution failed for method: forward	n0*=_pdist_forward(L0,·)
SKIP	w110:177	executor ExecutorchRuntimeException: [ExecuTorch Error 0x14] Operator missing: Execution failed for method: forward	n0*=_fft_r2c(L0,·,·,·)
SKIP	w110:20	executor ExecutorchInvalidArgumentException: [ExecuTorch Error 0x12] Invalid argument: Execution failed for method: forward	n0*=expand_copy(L0,·,·)
CRASH	w11:61	executor unavailable	n0*=alias_copy(L0)
SKIP	w110:248	executor ExecutorchInvalidArgumentException: [ExecuTorch Error 0x12] Invalid argument: Execution failed for method: forward	n0*=expand_copy(L0,·,·)
SKIP	w110:267	executor ExecutorchInvalidArgumentException: [ExecuTorch Error 0x12] Invalid argument: Execution failed for method: forward	n0*=arange.start_out(·,·,·,·)
CRASH	w11:661	executor unavailable	n0*=where.self_out(L0,L1,L2,·)
CRASH	w11:689	executor unavailable	n0*=_softmax.out(L0,·,·,·)
SKIP	w110:292	executor ExecutorchInvalidArgumentException: [ExecuTorch Error 0x12] Invalid argument: Execution failed for method: forward	n0*=native_group_norm(L0,·,·,·,·,·,·,·)
CRASH	w11:748	executor unavailable	n0*=lift_fresh_copy(L0)
CRASH	w11:77	executor unavailable	n0*=tanh.out(L0,·)
CRASH	w11:96	executor unavailable	n0*=minimum.out(L0,L1,·)
CRASH	w11:99	executor unavailable	n0*=lt.Scalar_out(L0,·,·)
MISMATCH	w110:319	out[0] max|delta|=1.611e+09 (rtol=0.0 atol=0.0)	n0*=bitwise_left_shift.Tensor_out(L0,L1,·)
SKIP	w110:331	executor ExecutorchInvalidArgumentException: [ExecuTorch Error 0x12] Invalid argument: Execution failed for method: forward	n0*=scatter.src_out(L0,·,L1,L2,·)
MISMATCH	w110:352	out[0] non-finite mismatch (nan/inf positions differ)	n0*=gelu.out(L0,·,·)
MISMATCH	w110:367	out[0] shape (1, 1) vs (0, 0, 0, 0, 0)	n0*=max.dim_max(L0,·,·,L1,L2)
CRASH	w110:17	executor unavailable	n0*=narrow_copy(L0,·,·,·)
CRASH	w110:174	executor unavailable	n0*=clamp.Tensor_out(L0,·,·,·)
MISMATCH	w110:390	out[0] non-finite mismatch (nan/inf positions differ)	n0*=log.out(L0,·)
SKIP	w110:39	executor ExecutorchInvalidArgumentException: [ExecuTorch Error 0x12] Invalid argument: Execution failed for method: forward	n0*=arange.start_out(·,·,·,·)
SKIP	w110:405	executor ExecutorchRuntimeException: [ExecuTorch Error 0x14] Operator missing: Execution failed for method: forward	n0*=_fft_r2c(L0,·,·,·)
SKIP	w110:415	executor ExecutorchRuntimeException: [ExecuTorch Error 0x1] Internal error: Execution failed for method: forward	n0*=pixel_unshuffle(L0,·)
MISMATCH	w110:451	out[0] non-finite mismatch (nan/inf positions differ)	n0*=addmm.out(L0,L1,L2,·,·,·)
CRASH	w110:24	executor unavailable	n0*=exp.out(L0,·)
CRASH	w110:240	executor unavailable	n0*=bitwise_left_shift.Tensor_Scalar(L0,·)
CRASH	w110:256	executor unavailable	n0*=bitwise_xor.Tensor_out(L0,L1,·)
SKIP	w110:374	executor ExecutorchInvalidArgumentException: [ExecuTorch Error 0x12] Invalid argument: Execution failed for method: forward	n0*=native_group_norm(L0,·,·,·,·,·,·,·)
SKIP	w110:495	executor ExecutorchInvalidArgumentException: [ExecuTorch Error 0x12] Invalid argument: Execution failed for method: forward	n0*=arange.start_out(·,·,·,·)
SKIP	w110:501	executor ExecutorchInvalidArgumentException: [ExecuTorch Error 0x12] Invalid argument: Execution failed for method: forward	n0*=scatter.value_out(L0,·,L1,·,·)
MISMATCH	w110:544	out[0] non-finite mismatch (nan/inf positions differ)	n0*=bitwise_left_shift.Tensor_Scalar_out(L0,·,·)
MISMATCH	w110:56	out[0] non-finite mismatch (nan/inf positions differ)	n0*=grid_sampler_2d(L0,L1,·,·,·)
MISMATCH	w110:468	out[0] max|delta|=5.765e+17 (rtol=0.0 atol=0.0)	n0*=bitwise_left_shift.Tensor_Scalar(L0,·)
MISMATCH	w110:580	out[0] non-finite mismatch (nan/inf positions differ)	n0*=gelu.out(L0,·,·)
SKIP	w110:602	executor ExecutorchInvalidArgumentException: [ExecuTorch Error 0x12] Invalid argument: Execution failed for method: forward	n0*=native_group_norm(L0,·,·,·,·,·,·,·)
SKIP	w110:633	executor ExecutorchRuntimeException: [ExecuTorch Error 0x14] Operator missing: Execution failed for method: forward	n0*=_fft_r2c(L0,·,·,·)
CRASH	w110:281	executor unavailable	n0*=eq.Tensor_out(L0,L1,·)
SKIP	w110:64	executor ExecutorchInvalidArgumentException: [ExecuTorch Error 0x12] Invalid argument: Execution failed for method: forward	n0*=native_group_norm(L0,·,·,·,·,·,·,·)
CRASH	w110:368	executor unavailable	n0*=logical_or.out(L0,L1,·)
CRASH	w110:407	executor unavailable	n0*=erf.out(L0,·)
CRASH	w110:42	executor unavailable	n0*=relu(L0)
CRASH	w110:469	executor unavailable	n0*=pixel_shuffle(L0,·)
SKIP	w110:704	executor ExecutorchInvalidArgumentException: [ExecuTorch Error 0x12] Invalid argument: Execution failed for method: forward	n0*=expand_copy(L0,·,·)
SKIP	w110:723	executor ExecutorchInvalidArgumentException: [ExecuTorch Error 0x12] Invalid argument: Execution failed for method: forward	n0*=arange.start_out(·,·,·,·)
CRASH	w110:541	executor unavailable	n0*=detach_copy(L0)
CRASH	w110:542	executor unavailable	n0*=abs(L0)
SKIP	w110:748	executor ExecutorchInvalidArgumentException: [ExecuTorch Error 0x12] Invalid argument: Execution failed for method: forward	n0*=native_group_norm(L0,·,·,·,·,·,·,·)
CRASH	w110:576	executor unavailable	n0*=argmin.out(L0,·,·,·)
CRASH	w110:584	executor unavailable	n0*=reflection_pad2d(L0,·)
MISMATCH	w110:772	out[0] max|delta|=5.369e+08 (rtol=0.0 atol=0.0)	n0*=bitwise_left_shift.Tensor_Scalar_out(L0,·,·)
MISMATCH	w110:775	out[0] non-finite mismatch (nan/inf positions differ)	n0*=bitwise_left_shift.Tensor_out(L0,L1,·)
CRASH	w110:620	executor unavailable	n0*=isnan(L0)
CRASH	w110:630	executor unavailable	n0*=clamp.Tensor_out(L0,·,·,·)
MISMATCH	w110:88	out[0] non-finite mismatch (nan/inf positions differ)	n0*=bitwise_left_shift.Tensor_Scalar_out(L0,·,·)
MISMATCH	w111:108	out[0] max|delta|=3.000e+00 (rtol=0.0 atol=0.0)	n0*=fmod.Scalar(L0,·)
CRASH	w110:648	executor unavailable	n0*=logical_xor.out(L0,L1,·)
SKIP	w111:119	executor ExecutorchInvalidArgumentException: [ExecuTorch Error 0x12] Invalid argument: Execution failed for method: forward	n0*=_pdist_forward(L0,·)
MISMATCH	w111:132	out[0] non-finite mismatch (nan/inf positions differ)	n0*=log.out(L0,·)
SKIP	w111:147	executor ExecutorchRuntimeException: [ExecuTorch Error 0x14] Operator missing: Execution failed for method: forward	n0*=_fft_r2c(L0,·,·,·)
SKIP	w111:218	executor ExecutorchInvalidArgumentException: [ExecuTorch Error 0x12] Invalid argument: Execution failed for method: forward	n0*=expand_copy(L0,·,·)
MISMATCH	w111:224	out[0] max|delta|=1.000e+00 (rtol=0.0 atol=0.0)	n0*=prod(L0,·)
SKIP	w111:237	executor ExecutorchInvalidArgumentException: [ExecuTorch Error 0x12] Invalid argument: Execution failed for method: forward	n0*=arange.start_out(·,·,·,·)
MISMATCH	w111:254	out[0] non-finite mismatch (nan/inf positions differ)	n0*=grid_sampler_2d(L0,L1,·,·,·)
SKIP	w111:262	executor ExecutorchInvalidArgumentException: [ExecuTorch Error 0x12] Invalid argument: Execution failed for method: forward	n0*=native_group_norm(L0,·,·,·,·,·,·,·)
MISMATCH	w111:289	out[0] non-finite mismatch (nan/inf positions differ)	n0*=bitwise_left_shift.Tensor_out(L0,L1,·)
SKIP	w111:308	executor ExecutorchInvalidArgumentException: [ExecuTorch Error 0x12] Invalid argument: Execution failed for method: forward	n0*=copy(L0,L1,·)
MISMATCH	w111:322	out[0] non-finite mismatch (nan/inf positions differ)	n0*=gelu.out(L0,·,·)
CRASH	w110:674	executor unavailable	n0*=full.out(·,·,·)
SKIP	w111:34	executor ExecutorchInvalidArgumentException: [ExecuTorch Error 0x12] Invalid argument: Execution failed for method: forward	n0*=native_group_norm(L0,·,·,·,·,·,·,·)
SKIP	w111:344	executor ExecutorchInvalidArgumentException: [ExecuTorch Error 0x12] Invalid argument: Execution failed for method: forward	n0*=native_group_norm(L0,·,·,·,·,·,·,·)
CRASH	w111:367	executor process died (native abort)	n0*=max_pool2d_with_indices_backward.grad_input(L0,L1,·,·,·,·,·,L2,L3)
SKIP	w111:375	executor ExecutorchRuntimeException: [ExecuTorch Error 0x14] Operator missing: Execution failed for method: forward	n0*=_fft_r2c(L0,·,·,·)
SKIP	w111:385	executor ExecutorchRuntimeException: [ExecuTorch Error 0x1] Internal error: Execution failed for method: forward	n0*=pixel_unshuffle(L0,·)
CRASH	w110:754	executor unavailable	n0*=lt.Scalar_out(L0,·,·)
CRASH	w111:11	executor unavailable	n0*=select_copy.int(L0,·,·)
MISMATCH	w111:438	out[0] max|delta|=9.223e+18 (rtol=0.0 atol=0.0)	n0*=bitwise_left_shift.Tensor_Scalar(L0,·)
CRASH	w111:157	executor unavailable	n0*=pixel_unshuffle(L0,·)
CRASH	w111:175	executor unavailable	n0*=masked_scatter(L0,L1,L2)
SKIP	w111:446	executor ExecutorchInvalidArgumentException: [ExecuTorch Error 0x12] Invalid argument: Execution failed for method: forward	n0*=expand_copy(L0,·,·)
CRASH	w111:219	executor unavailable	n0*=split_copy.Tensor(L0,·,·)
SKIP	w111:465	executor ExecutorchInvalidArgumentException: [ExecuTorch Error 0x12] Invalid argument: Execution failed for method: forward	n0*=arange.start_out(·,·,·,·)
CRASH	w111:288	executor unavailable	n0*=bitwise_xor.Scalar_out(L0,·,·)
CRASH	w111:290	executor unavailable	n0*=div.out_mode(L0,L1,·,·)
CRASH	w111:319	executor unavailable	n0*=zeros.out(·,·)
SKIP	w111:440	executor ExecutorchInvalidArgumentException: [ExecuTorch Error 0x12] Invalid argument: Execution failed for method: forward	n0*=scatter_add.out(L0,·,L1,L2,·)
SKIP	w111:490	executor ExecutorchInvalidArgumentException: [ExecuTorch Error 0x12] Invalid argument: Execution failed for method: forward	n0*=native_group_norm(L0,·,·,·,·,·,·,·)
CRASH	w111:352	executor unavailable	n0*=arange.out(·,·)
MISMATCH	w111:514	out[0] max|delta|=2.306e+18 (rtol=0.01 atol=0.001)	n0*=bitwise_left_shift.Tensor_Scalar_out(L0,·,·)
MISMATCH	w111:517	out[0] max|delta|=6.918e+18 (rtol=0.0 atol=0.0)	n0*=bitwise_left_shift.Tensor_out(L0,L1,·)
CRASH	w111:364	executor unavailable	n0*=tan.out(L0,·)
MISMATCH	w111:534	out[0] shape (0,) vs (0, 0, 0, 0, 0)	n0*=topk.values(L0,·,·,·,·,L1,L2)
MISMATCH	w111:550	out[0] non-finite mismatch (nan/inf positions differ)	n0*=gelu.out(L0,·,·)
SKIP	w111:572	executor ExecutorchInvalidArgumentException: [ExecuTorch Error 0x12] Invalid argument: Execution failed for method: forward	n0*=native_group_norm(L0,·,·,·,·,·,·,·)
SKIP	w111:575	executor ExecutorchInvalidArgumentException: [ExecuTorch Error 0x12] Invalid argument: Execution failed for method: forward	n0*=_pdist_forward(L0,·)
MISMATCH	w111:588	out[0] non-finite mismatch (nan/inf positions differ)	n0*=log.out(L0,·)
SKIP	w111:603	executor ExecutorchRuntimeException: [ExecuTorch Error 0x14] Operator missing: Execution failed for method: forward	n0*=_fft_r2c(L0,·,·,·)
MISMATCH	w111:61	out[0] max|delta|=9.223e+18 (rtol=0.01 atol=0.001)	n0*=bitwise_left_shift.Tensor_out(L0,L1,·)
SKIP	w111:630	executor ExecutorchRuntimeException: [ExecuTorch Error 0x1] Internal error: Execution failed for method: forward	n0*=_softmax.out(L0,·,·,·)
MISMATCH	w111:666	out[0] max|delta|=9.223e+18 (rtol=0.0 atol=0.0)	n0*=bitwise_left_shift.Tensor_Scalar(L0,·)
CRASH	w111:392	executor unavailable	n0*=ceil.out(L0,·)
SKIP	w111:693	executor ExecutorchInvalidArgumentException: [ExecuTorch Error 0x12] Invalid argument: Execution failed for method: forward	n0*=arange.start_out(·,·,·,·)
SKIP	w111:718	executor ExecutorchInvalidArgumentException: [ExecuTorch Error 0x12] Invalid argument: Execution failed for method: forward	n0*=native_group_norm(L0,·,·,·,·,·,·,·)
SKIP	w111:73	executor ExecutorchInvalidArgumentException: [ExecuTorch Error 0x12] Invalid argument: Execution failed for method: forward	n0*=scatter.src_out(L0,·,L1,L2,·)
MISMATCH	w111:742	out[0] max|delta|=2.306e+18 (rtol=0.01 atol=0.001)	n0*=bitwise_left_shift.Tensor_Scalar_out(L0,·,·)
MISMATCH	w111:745	out[0] max|delta|=1.611e+09 (rtol=0.0 atol=0.0)	n0*=bitwise_left_shift.Tensor_out(L0,L1,·)
MISMATCH	w111:752	out[0] non-finite mismatch (nan/inf positions differ)	n0*=logit.out(L0,·,·)
MISMATCH	w111:762	out[0] shape (1, 1, 1, 1, 1) vs (0, 0, 0, 0, 0)	n0*=topk.values(L0,·,·,·,·,L1,L2)
MISMATCH	w111:778	out[0] non-finite mismatch (nan/inf positions differ)	n0*=gelu.out(L0,·,·)
CRASH	w111:419	executor unavailable	n0*=elu.out(L0,·,·,·,·)
MISMATCH	w111:94	out[0] non-finite mismatch (nan/inf positions differ)	n0*=gelu.out(L0,·,·)
SKIP	w111:9	executor ExecutorchInvalidArgumentException: [ExecuTorch Error 0x12] Invalid argument: Execution failed for method: forward	n0*=arange.start_out(·,·,·,·)
MISMATCH	w112:100	out[0] non-finite mismatch (nan/inf positions differ)	n0*=gelu.out(L0,·,·)
SKIP	w112:122	executor ExecutorchInvalidArgumentException: [ExecuTorch Error 0x12] Invalid argument: Execution failed for method: forward	n0*=native_group_norm(L0,·,·,·,·,·,·,·)
SKIP	w112:125	executor ExecutorchInvalidArgumentException: [ExecuTorch Error 0x12] Invalid argument: Execution failed for method: forward	n0*=_pdist_forward(L0,·)
SKIP	w112:15	executor ExecutorchInvalidArgumentException: [ExecuTorch Error 0x12] Invalid argument: Execution failed for method: forward	n0*=arange.start_out(·,·,·,·)
SKIP	w112:153	executor ExecutorchRuntimeException: [ExecuTorch Error 0x14] Operator missing: Execution failed for method: forward	n0*=_fft_r2c(L0,·,·,·)
MISMATCH	w112:216	out[0] max|delta|=4.612e+18 (rtol=0.0 atol=0.0)	n0*=bitwise_left_shift.Tensor_Scalar(L0,·)
MISMATCH	w112:238	out[0] max|delta|=7.000e+00 (rtol=0.01 atol=0.001)	n0*=remainder.Scalar_out(L0,·,·)
CRASH	w111:480	executor unavailable	n0*=any.all_out(L0,·)
CRASH	w111:546	executor unavailable	n0*=argmin.out(L0,·,·,·)
CRASH	w111:558	executor unavailable	n0*=bitwise_or.Scalar(L0,·)
SKIP	w112:243	executor ExecutorchInvalidArgumentException: [ExecuTorch Error 0x12] Invalid argument: Execution failed for method: forward	n0*=arange.start_out(·,·,·,·)
CRASH	w111:646	executor unavailable	n0*=_log_softmax.out(L0,·,·,·)
CRASH	w111:687	executor unavailable	n0*=pixel_unshuffle(L0,·)
MISMATCH	w112:292	out[0] max|delta|=1.441e+17 (rtol=0.01 atol=0.001)	n0*=bitwise_left_shift.Tensor_Scalar_out(L0,·,·)
MISMATCH	w112:295	out[0] non-finite mismatch (nan/inf positions differ)	n0*=bitwise_left_shift.Tensor_out(L0,L1,·)
SKIP	w112:268	executor ExecutorchInvalidArgumentException: [ExecuTorch Error 0x12] Invalid argument: Execution failed for method: forward	n0*=native_group_norm(L0,·,·,·,·,·,·,·)
SKIP	w112:307	executor ExecutorchInvalidArgumentException: [ExecuTorch Error 0x12] Invalid argument: Execution failed for method: forward	n0*=scatter.src_out(L0,·,L1,L2,·)
MISMATCH	w112:312	out[0] shape (1, 1, 1, 1) vs (0, 0, 0, 0, 0)	n0*=topk.values(L0,·,·,·,·,L1,L2)
SKIP	w112:314	executor ExecutorchInvalidArgumentException: [ExecuTorch Error 0x12] Invalid argument: Execution failed for method: forward	n0*=copy(L0,L1,·)
MISMATCH	w112:327	out[0] non-finite mismatch (nan/inf positions differ)	n0*=logit(L0,·)
MISMATCH	w112:328	out[0] non-finite mismatch (nan/inf positions differ)	n0*=gelu.out(L0,·,·)
MISMATCH	w112:343	out[0] shape (1, 1, 1) vs (0, 0, 0, 0, 0)	n0*=max.dim_max(L0,·,·,L1,L2)
CRASH	w111:93	executor unavailable	n0*=logit(L0,·)
SKIP	w112:353	executor ExecutorchInvalidArgumentException: [ExecuTorch Error 0x12] Invalid argument: Execution failed for method: forward	n0*=_pdist_forward(L0,·)
CRASH	w112:115	executor unavailable	n0*=max.dim_max(L0,·,·,L1,L2)
SKIP	w112:381	executor ExecutorchRuntimeException: [ExecuTorch Error 0x14] Operator missing: Execution failed for method: forward	n0*=_fft_r2c(L0,·,·,·)
SKIP	w112:40	executor ExecutorchInvalidArgumentException: [ExecuTorch Error 0x12] Invalid argument: Execution failed for method: forward	n0*=native_group_norm(L0,·,·,·,·,·,·,·)
CRASH	w112:179	executor unavailable	n0*=log1p.out(L0,·)
CRASH	w112:19	executor unavailable	n0*=bitwise_and.Scalar(L0,·)
CRASH	w112:2	executor unavailable	n0*=prod(L0,·)
CRASH	w112:218	executor unavailable	n0*=scatter_add.out(L0,·,L1,L2,·)
MISMATCH	w112:444	out[0] max|delta|=1.153e+18 (rtol=0.0 atol=0.0)	n0*=bitwise_left_shift.Tensor_Scalar(L0,·)
SKIP	w112:446	executor ExecutorchInvalidArgumentException: [ExecuTorch Error 0x12] Invalid argument: Execution failed for method: forward	n0*=scatter_add.out(L0,·,L1,L2,·)
SKIP	w112:452	executor ExecutorchInvalidArgumentException: [ExecuTorch Error 0x12] Invalid argument: Execution failed for method: forward	n0*=expand_copy(L0,·,·)
SKIP	w112:471	executor ExecutorchInvalidArgumentException: [ExecuTorch Error 0x12] Invalid argument: Execution failed for method: forward	n0*=arange.start_out(·,·,·,·)
SKIP	w112:496	executor ExecutorchInvalidArgumentException: [ExecuTorch Error 0x12] Invalid argument: Execution failed for method: forward	n0*=native_group_norm(L0,·,·,·,·,·,·,·)
CRASH	w112:239	executor unavailable	n0*=lift_fresh_copy(L0)
MISMATCH	w112:523	out[0] max|delta|=6.918e+18 (rtol=0.0 atol=0.0)	n0*=bitwise_left_shift.Tensor_out(L0,L1,·)
SKIP	w112:542	executor ExecutorchInvalidArgumentException: [ExecuTorch Error 0x12] Invalid argument: Execution failed for method: forward	n0*=copy(L0,L1,·)
MISMATCH	w112:556	out[0] non-finite mismatch (nan/inf positions differ)	n0*=gelu.out(L0,·,·)
MISMATCH	w112:555	out[0] non-finite mismatch (nan/inf positions differ)	n0*=logit(L0,·)
SKIP	w112:578	executor ExecutorchInvalidArgumentException: [ExecuTorch Error 0x12] Invalid argument: Execution failed for method: forward	n0*=native_group_norm(L0,·,·,·,·,·,·,·)
SKIP	w112:581	executor ExecutorchInvalidArgumentException: [ExecuTorch Error 0x12] Invalid argument: Execution failed for method: forward	n0*=_pdist_forward(L0,·)
SKIP	w112:609	executor ExecutorchRuntimeException: [ExecuTorch Error 0x14] Operator missing: Execution failed for method: forward	n0*=_fft_r2c(L0,·,·,·)
SKIP	w112:638	executor IllegalArgumentException: unsupported input dtype code 24 on Android	n0*=linear.out(L0,L1,·,·)
MISMATCH	w112:64	out[0] max|delta|=2.882e+17 (rtol=0.01 atol=0.001)	n0*=bitwise_left_shift.Tensor_Scalar_out(L0,·,·)
MISMATCH	w112:665	out[0] max|delta|=6.000e+00 (rtol=0.0 atol=0.0)	n0*=remainder.Scalar(L0,·)
MISMATCH	w112:67	out[0] max|delta|=6.918e+18 (rtol=0.01 atol=0.001)	n0*=bitwise_left_shift.Tensor_out(L0,L1,·)
MISMATCH	w112:672	out[0] max|delta|=4.323e+17 (rtol=0.0 atol=0.0)	n0*=bitwise_left_shift.Tensor_Scalar(L0,·)
SKIP	w112:699	executor ExecutorchInvalidArgumentException: [ExecuTorch Error 0x12] Invalid argument: Execution failed for method: forward	n0*=arange.start_out(·,·,·,·)
CRASH	w112:350	executor unavailable	n0*=native_group_norm(L0,·,·,·,·,·,·,·)
CRASH	w112:422	executor unavailable	n0*=full.out(·,·,·)
CRASH	w112:425	executor unavailable	n0*=elu.out(L0,·,·,·,·)
MISMATCH	w112:73	out[0] max|delta|=2.550e+02 (rtol=0.0 atol=0.0)	n0*=sum.IntList_out(L0,·,·,·,·)
CRASH	w112:493	executor unavailable	n0*=glu.out(L0,·,·)
CRASH	w112:499	executor unavailable	n0*=minimum.out(L0,L1,·)
CRASH	w112:530	executor unavailable	n0*=logit.out(L0,·,·)
MISMATCH	w112:751	out[0] max|delta|=6.918e+18 (rtol=0.01 atol=0.001)	n0*=bitwise_left_shift.Tensor_out(L0,L1,·)
CRASH	w112:534	executor unavailable	n0*=index.Tensor_out(L0,·,·)
MISMATCH	w112:768	out[0] shape (1, 1, 1, 1) vs (0, 0, 0, 0, 0)	n0*=topk.values(L0,·,·,·,·,L1,L2)
SKIP	w112:79	executor ExecutorchInvalidArgumentException: [ExecuTorch Error 0x12] Invalid argument: Execution failed for method: forward	n0*=scatter.src_out(L0,·,L1,L2,·)
SKIP	w112:9	executor ExecutorchRuntimeException: [ExecuTorch Error 0x1] Internal error: Execution failed for method: forward	n0*=pixel_unshuffle(L0,·)
CRASH	w112:616	executor unavailable	n0*=mean.out(L0,·,·,·,·)
CRASH	w112:628	executor unavailable	n0*=leaky_relu.out(L0,·,·)
SKIP	w113:114	executor ExecutorchInvalidArgumentException: [ExecuTorch Error 0x12] Invalid argument: Execution failed for method: forward	n0*=native_group_norm(L0,·,·,·,·,·,·,·)
MISMATCH	w113:141	out[0] max|delta|=6.918e+18 (rtol=0.0 atol=0.0)	n0*=bitwise_left_shift.Tensor_out(L0,L1,·)
CRASH	w112:670	executor unavailable	n0*=sqrt.out(L0,·)
SKIP	w113:153	executor ExecutorchInvalidArgumentException: [ExecuTorch Error 0x12] Invalid argument: Execution failed for method: forward	n0*=scatter.src_out(L0,·,L1,L2,·)
SKIP	w113:160	executor ExecutorchInvalidArgumentException: [ExecuTorch Error 0x12] Invalid argument: Execution failed for method: forward	n0*=copy(L0,L1,·)
MISMATCH	w113:174	out[0] non-finite mismatch (nan/inf positions differ)	n0*=gelu.out(L0,·,·)
SKIP	w113:196	executor ExecutorchInvalidArgumentException: [ExecuTorch Error 0x12] Invalid argument: Execution failed for method: forward	n0*=native_group_norm(L0,·,·,·,·,·,·,·)
SKIP	w113:199	executor ExecutorchInvalidArgumentException: [ExecuTorch Error 0x12] Invalid argument: Execution failed for method: forward	n0*=_pdist_forward(L0,·)
CRASH	w112:701	executor unavailable	n0*=select_copy.int(L0,·,·)
MISMATCH	w113:212	out[0] non-finite mismatch (nan/inf positions differ)	n0*=log.out(L0,·)
SKIP	w113:227	executor ExecutorchRuntimeException: [ExecuTorch Error 0x14] Operator missing: Execution failed for method: forward	n0*=_fft_r2c(L0,·,·,·)
CRASH	w112:714	executor unavailable	n0*=any.all_out(L0,·)
MISMATCH	w113:158	out[0] shape (1, 1, 1) vs (0, 0, 0, 0, 0)	n0*=topk.values(L0,·,·,·,·,L1,L2)
SKIP	w113:298	executor ExecutorchInvalidArgumentException: [ExecuTorch Error 0x12] Invalid argument: Execution failed for method: forward	n0*=expand_copy(L0,·,·)
SKIP	w113:317	executor ExecutorchInvalidArgumentException: [ExecuTorch Error 0x12] Invalid argument: Execution failed for method: forward	n0*=arange.start_out(·,·,·,·)
MISMATCH	w113:334	out[0] non-finite mismatch (nan/inf positions differ)	n0*=grid_sampler_2d(L0,L1,·,·,·)
SKIP	w113:342	executor ExecutorchInvalidArgumentException: [ExecuTorch Error 0x12] Invalid argument: Execution failed for method: forward	n0*=native_group_norm(L0,·,·,·,·,·,·,·)
MISMATCH	w113:366	out[0] non-finite mismatch (nan/inf positions differ)	n0*=bitwise_left_shift.Tensor_Scalar_out(L0,·,·)
MISMATCH	w113:369	out[0] max|delta|=9.223e+18 (rtol=0.0 atol=0.0)	n0*=bitwise_left_shift.Tensor_out(L0,L1,·)
MISMATCH	w113:386	out[0] max|delta|=4.000e+00 (rtol=0.0 atol=0.0)	n0*=topk.values(L0,·,·,·,·,L1,L2)
MISMATCH	w113:402	out[0] non-finite mismatch (nan/inf positions differ)	n0*=gelu.out(L0,·,·)
CRASH	w112:97	executor unavailable	n0*=zeros.out(·,·)
CRASH	w112:98	executor unavailable	n0*=min.dim_min(L0,·,·,L1,L2)
CRASH	w113:155	executor unavailable	n0*=replication_pad1d.out(L0,·,·)
CRASH	w113:172	executor unavailable	n0*=min.dim_min(L0,·,·,L1,L2)
CRASH	w113:203	executor unavailable	n0*=bitwise_right_shift.Tensor_out(L0,L1,·)
CRASH	w113:204	executor unavailable	n0*=arange.out(·,·)
SKIP	w113:424	executor ExecutorchInvalidArgumentException: [ExecuTorch Error 0x12] Invalid argument: Execution failed for method: forward	n0*=native_group_norm(L0,·,·,·,·,·,·,·)
SKIP	w113:427	executor ExecutorchInvalidArgumentException: [ExecuTorch Error 0x12] Invalid argument: Execution failed for method: forward	n0*=_pdist_forward(L0,·)
MISMATCH	w113:440	out[0] non-finite mismatch (nan/inf positions differ)	n0*=log.out(L0,·)
MISMATCH	w113:447	out[0] max|delta|=1.381e+00 (rtol=0.01 atol=0.001)	n0*=max_pool2d_with_indices_backward.grad_input(L0,L1,·,·,·,·,·,L2,L3)
SKIP	w113:455	executor ExecutorchRuntimeException: [ExecuTorch Error 0x14] Operator missing: Execution failed for method: forward	n0*=_fft_r2c(L0,·,·,·)
CRASH	w113:269	executor unavailable	n0*=bitwise_and.Scalar_out(L0,·,·)
CRASH	w113:282	executor unavailable	n0*=mean(L0,·)
SKIP	w113:482	executor ExecutorchRuntimeException: [ExecuTorch Error 0x1] Internal error: Execution failed for method: forward	n0*=_softmax.out(L0,·,·,·)
MISMATCH	w113:518	out[0] max|delta|=2.306e+18 (rtol=0.0 atol=0.0)	n0*=bitwise_left_shift.Tensor_Scalar(L0,·)
SKIP	w113:526	executor ExecutorchInvalidArgumentException: [ExecuTorch Error 0x12] Invalid argument: Execution failed for method: forward	n0*=expand_copy(L0,·,·)
CRASH	w113:341	executor unavailable	n0*=ne.Tensor_out(L0,L1,·)
SKIP	w113:545	executor ExecutorchInvalidArgumentException: [ExecuTorch Error 0x12] Invalid argument: Execution failed for method: forward	n0*=arange.start_out(·,·,·,·)
MISMATCH	w113:55	out[0] max|delta|=3.000e+00 (rtol=0.0 atol=0.0)	n0*=remainder.Scalar(L0,·)
SKIP	w113:570	executor ExecutorchInvalidArgumentException: [ExecuTorch Error 0x12] Invalid argument: Execution failed for method: forward	n0*=native_group_norm(L0,·,·,·,·,·,·,·)
CRASH	w113:37	executor unavailable	n0*=ge.Scalar_out(L0,·,·)
CRASH	w113:385	executor unavailable	n0*=narrow_copy(L0,·,·,·)
MISMATCH	w113:604	out[0] non-finite mismatch (nan/inf positions differ)	n0*=logit.out(L0,·,·)
SKIP	w113:609	executor ExecutorchInvalidArgumentException: [ExecuTorch Error 0x12] Invalid argument: Execution failed for method: forward	n0*=scatter.src_out(L0,·,L1,L2,·)
MISMATCH	w113:597	out[0] non-finite mismatch (nan/inf positions differ)	n0*=bitwise_left_shift.Tensor_out(L0,L1,·)
CRASH	w113:405	executor unavailable	n0*=le.Scalar_out(L0,·,·)
SKIP	w113:652	executor ExecutorchInvalidArgumentException: [ExecuTorch Error 0x12] Invalid argument: Execution failed for method: forward	n0*=native_group_norm(L0,·,·,·,·,·,·,·)
SKIP	w113:683	executor ExecutorchRuntimeException: [ExecuTorch Error 0x14] Operator missing: Execution failed for method: forward	n0*=_fft_r2c(L0,·,·,·)
SKIP	w113:70	executor ExecutorchInvalidArgumentException: [ExecuTorch Error 0x12] Invalid argument: Execution failed for method: forward	n0*=expand_copy(L0,·,·)
SKIP	w113:712	executor IllegalArgumentException: unsupported input dtype code 24 on Android	n0*=linear.out(L0,L1,·,·)
MISMATCH	w113:746	out[0] max|delta|=5.765e+17 (rtol=0.0 atol=0.0)	n0*=bitwise_left_shift.Tensor_Scalar(L0,·)
SKIP	w113:748	executor ExecutorchInvalidArgumentException: [ExecuTorch Error 0x12] Invalid argument: Execution failed for method: forward	n0*=scatter_add.out(L0,·,L1,L2,·)
SKIP	w113:754	executor ExecutorchInvalidArgumentException: [ExecuTorch Error 0x12] Invalid argument: Execution failed for method: forward	n0*=expand_copy(L0,·,·)
MISMATCH	w113:757	out[0] max|delta|=2.147e+09 (rtol=0.0 atol=0.0)	n0*=pow.Scalar_out(·,L0,·)
SKIP	w113:773	executor ExecutorchInvalidArgumentException: [ExecuTorch Error 0x12] Invalid argument: Execution failed for method: forward	n0*=arange.start_out(·,·,·,·)
MISMATCH	w113:630	out[0] non-finite mismatch (nan/inf positions differ)	n0*=gelu.out(L0,·,·)
SKIP	w113:89	executor ExecutorchInvalidArgumentException: [ExecuTorch Error 0x12] Invalid argument: Execution failed for method: forward	n0*=arange.start_out(·,·,·,·)
SKIP	w113:95	executor ExecutorchInvalidArgumentException: [ExecuTorch Error 0x12] Invalid argument: Execution failed for method: forward	n0*=scatter.value_out(L0,·,L1,·,·)
SKIP	w114:102	executor ExecutorchInvalidArgumentException: [ExecuTorch Error 0x12] Invalid argument: Execution failed for method: forward	n0*=convolution(L0,L1,·,·,·,·,·,·,·)
SKIP	w114:107	executor ExecutorchInvalidArgumentException: [ExecuTorch Error 0x12] Invalid argument: Execution failed for method: forward	n0*=native_group_norm(L0,·,·,·,·,·,·,·)
MISMATCH	w114:131	out[0] max|delta|=9.223e+18 (rtol=0.01 atol=0.001)	n0*=bitwise_left_shift.Tensor_Scalar_out(L0,·,·)
MISMATCH	w114:134	out[0] non-finite mismatch (nan/inf positions differ)	n0*=bitwise_left_shift.Tensor_out(L0,L1,·)
MISMATCH	w114:151	out[0] shape (0, 0, 0, 0) vs (0, 0, 0, 0, 0)	n0*=topk.values(L0,·,·,·,·,L1,L2)
MISMATCH	w114:167	out[0] non-finite mismatch (nan/inf positions differ)	n0*=gelu.out(L0,·,·)
SKIP	w114:189	executor ExecutorchInvalidArgumentException: [ExecuTorch Error 0x12] Invalid argument: Execution failed for method: forward	n0*=native_group_norm(L0,·,·,·,·,·,·,·)
SKIP	w114:192	executor ExecutorchInvalidArgumentException: [ExecuTorch Error 0x12] Invalid argument: Execution failed for method: forward	n0*=_pdist_forward(L0,·)
CRASH	w113:506	executor unavailable	n0*=logical_and(L0,L1)
CRASH	w113:534	executor unavailable	n0*=bitwise_xor.Tensor_out(L0,L1,·)
CRASH	w113:594	executor unavailable	n0*=bitwise_left_shift.Tensor_Scalar_out(L0,·,·)
CRASH	w113:599	executor unavailable	n0*=var.correction_out(L0,·,·,·,·)
CRASH	w113:66	executor unavailable	n0*=mean.dtype_out(L0,·,·)
SKIP	w114:220	executor ExecutorchRuntimeException: [ExecuTorch Error 0x14] Operator missing: Execution failed for method: forward	n0*=_fft_r2c(L0,·,·,·)
CRASH	w113:699	executor unavailable	n0*=bitwise_and.Tensor_out(L0,L1,·)
CRASH	w113:707	executor unavailable	n0*=bitwise_right_shift.Tensor_Scalar(L0,·)
CRASH	w113:711	executor unavailable	n0*=masked_scatter(L0,L1,L2)
MISMATCH	w114:276	out[0] max|delta|=5.000e+00 (rtol=0.0 atol=0.0)	n0*=remainder.Scalar(L0,·)
SKIP	w114:285	executor ExecutorchInvalidArgumentException: [ExecuTorch Error 0x12] Invalid argument: Execution failed for method: forward	n0*=scatter_add.out(L0,·,L1,L2,·)
SKIP	w114:291	executor ExecutorchInvalidArgumentException: [ExecuTorch Error 0x12] Invalid argument: Execution failed for method: forward	n0*=expand_copy(L0,·,·)
SKIP	w114:310	executor ExecutorchInvalidArgumentException: [ExecuTorch Error 0x12] Invalid argument: Execution failed for method: forward	n0*=arange.start_out(·,·,·,·)
CRASH	w113:83	executor unavailable	n0*=pixel_unshuffle(L0,·)
SKIP	w114:335	executor ExecutorchInvalidArgumentException: [ExecuTorch Error 0x12] Invalid argument: Execution failed for method: forward	n0*=native_group_norm(L0,·,·,·,·,·,·,·)
SKIP	w114:374	executor ExecutorchInvalidArgumentException: [ExecuTorch Error 0x12] Invalid argument: Execution failed for method: forward	n0*=scatter.src_out(L0,·,L1,L2,·)
MISMATCH	w114:395	out[0] non-finite mismatch (nan/inf positions differ)	n0*=gelu.out(L0,·,·)
MISMATCH	w114:408	out[0] max|delta|=4.000e+00 (rtol=0.0 atol=0.0)	n0*=remainder.Tensor_out(L0,L1,·)
CRASH	w114:152	executor unavailable	n0*=masked_fill.Scalar(L0,L1,·)
SKIP	w114:417	executor ExecutorchInvalidArgumentException: [ExecuTorch Error 0x12] Invalid argument: Execution failed for method: forward	n0*=native_group_norm(L0,·,·,·,·,·,·,·)
SKIP	w114:420	executor ExecutorchInvalidArgumentException: [ExecuTorch Error 0x12] Invalid argument: Execution failed for method: forward	n0*=_pdist_forward(L0,·)
MISMATCH	w114:359	out[0] max|delta|=4.323e+17 (rtol=0.0 atol=0.0)	n0*=bitwise_left_shift.Tensor_Scalar_out(L0,·,·)
SKIP	w114:448	executor ExecutorchRuntimeException: [ExecuTorch Error 0x14] Operator missing: Execution failed for method: forward	n0*=_fft_r2c(L0,·,·,·)
CRASH	w114:194	executor unavailable	n0*=clone(L0,·)
SKIP	w114:513	executor ExecutorchInvalidArgumentException: [ExecuTorch Error 0x12] Invalid argument: Execution failed for method: forward	n0*=scatter_add.out(L0,·,L1,L2,·)
MISMATCH	w114:525	out[0] max|delta|=1.000e+00 (rtol=0.0 atol=0.0)	n0*=prod(L0,·)
CRASH	w114:20	executor unavailable	n0*=masked_scatter(L0,L1,L2)
SKIP	w114:538	executor ExecutorchInvalidArgumentException: [ExecuTorch Error 0x12] Invalid argument: Execution failed for method: forward	n0*=arange.start_out(·,·,·,·)
SKIP	w114:563	executor ExecutorchInvalidArgumentException: [ExecuTorch Error 0x12] Invalid argument: Execution failed for method: forward	n0*=native_group_norm(L0,·,·,·,·,·,·,·)
MISMATCH	w114:590	out[0] max|delta|=6.918e+18 (rtol=0.0 atol=0.0)	n0*=bitwise_left_shift.Tensor_out(L0,L1,·)
SKIP	w114:609	executor ExecutorchInvalidArgumentException: [ExecuTorch Error 0x12] Invalid argument: Execution failed for method: forward	n0*=copy(L0,L1,·)
CRASH	w114:315	executor unavailable	n0*=var.correction(L0,·,·,·)
CRASH	w114:319	executor unavailable	n0*=tanh.out(L0,·)
CRASH	w114:381	executor unavailable	n0*=copy(L0,L1,·)
MISMATCH	w114:636	out[0] max|delta|=4.000e+00 (rtol=0.0 atol=0.0)	n0*=remainder.Tensor_out(L0,L1,·)
CRASH	w114:449	executor unavailable	n0*=ones.out(·,·)
CRASH	w114:451	executor unavailable	n0*=logical_and.out(L0,L1,·)
MISMATCH	w114:645	out[0] non-finite mismatch (nan/inf positions differ)	n0*=native_group_norm(L0,·,·,·,·,·,·,·)
CRASH	w114:518	executor unavailable	n0*=constant_pad_nd(L0,·,·)
CRASH	w114:523	executor unavailable	n0*=exp.out(L0,·)
CRASH	w114:534	executor unavailable	n0*=lift_fresh_copy(L0)
SKIP	w114:63	executor ExecutorchInvalidArgumentException: [ExecuTorch Error 0x12] Invalid argument: Execution failed for method: forward	n0*=expand_copy(L0,·,·)
CRASH	w114:552	executor unavailable	n0*=eq.Tensor_out(L0,L1,·)
CRASH	w114:576	executor unavailable	n0*=round.out(L0,·)
SKIP	w114:741	executor ExecutorchInvalidArgumentException: [ExecuTorch Error 0x12] Invalid argument: Execution failed for method: forward	n0*=scatter_add.out(L0,·,L1,L2,·)
SKIP	w114:676	executor ExecutorchRuntimeException: [ExecuTorch Error 0x14] Operator missing: Execution failed for method: forward	n0*=_fft_r2c(L0,·,·,·)
SKIP	w114:766	executor ExecutorchInvalidArgumentException: [ExecuTorch Error 0x12] Invalid argument: Execution failed for method: forward	n0*=arange.start_out(·,·,·,·)
SKIP	w114:82	executor ExecutorchInvalidArgumentException: [ExecuTorch Error 0x12] Invalid argument: Execution failed for method: forward	n0*=arange.start_out(·,·,·,·)
MISMATCH	w114:99	out[0] non-finite mismatch (nan/inf positions differ)	n0*=grid_sampler_2d(L0,L1,·,·,·)
MISMATCH	w115:11	out[0] shape (1, 1, 1) vs (0, 0, 0, 0)	n0*=min.dim_min(L0,·,·,L1,L2)
MISMATCH	w115:122	out[0] max|delta|=4.000e+00 (rtol=0.0 atol=0.0)	n0*=remainder.Scalar(L0,·)
CRASH	w114:623	executor unavailable	n0*=gelu.out(L0,·,·)
MISMATCH	w115:129	out[0] max|delta|=2.882e+17 (rtol=0.0 atol=0.0)	n0*=bitwise_left_shift.Tensor_Scalar(L0,·)
SKIP	w115:131	executor ExecutorchInvalidArgumentException: [ExecuTorch Error 0x12] Invalid argument: Execution failed for method: forward	n0*=scatter_add.out(L0,·,L1,L2,·)
CRASH	w114:627	executor unavailable	n0*=reflection_pad2d(L0,·)
SKIP	w115:137	executor ExecutorchInvalidArgumentException: [ExecuTorch Error 0x12] Invalid argument: Execution failed for method: forward	n0*=expand_copy(L0,·,·)
MISMATCH	w115:143	out[0] max|delta|=2.550e+02 (rtol=0.0 atol=0.0)	n0*=prod(L0,·)
SKIP	w115:156	executor ExecutorchInvalidArgumentException: [ExecuTorch Error 0x12] Invalid argument: Execution failed for method: forward	n0*=arange.start_out(·,·,·,·)
MISMATCH	w115:173	out[0] non-finite mismatch (nan/inf positions differ)	n0*=grid_sampler_2d(L0,L1,·,·,·)
SKIP	w115:181	executor ExecutorchInvalidArgumentException: [ExecuTorch Error 0x12] Invalid argument: Execution failed for method: forward	n0*=native_group_norm(L0,·,·,·,·,·,·,·)
MISMATCH	w115:205	out[0] max|delta|=2.306e+18 (rtol=0.01 atol=0.001)	n0*=bitwise_left_shift.Tensor_Scalar_out(L0,·,·)
MISMATCH	w115:208	out[0] max|delta|=1.611e+09 (rtol=0.0 atol=0.0)	n0*=bitwise_left_shift.Tensor_out(L0,L1,·)
MISMATCH	w115:225	out[0] shape (0, 1, 1) vs (0, 0, 0, 0, 0)	n0*=topk.values(L0,·,·,·,·,L1,L2)
SKIP	w115:227	executor ExecutorchInvalidArgumentException: [ExecuTorch Error 0x12] Invalid argument: Execution failed for method: forward	n0*=copy(L0,L1,·)
MISMATCH	w115:241	out[0] non-finite mismatch (nan/inf positions differ)	n0*=gelu.out(L0,·,·)
MISMATCH	w115:13	out[0] non-finite mismatch (nan/inf positions differ)	n0*=gelu.out(L0,·,·)
MISMATCH	w115:261	out[0] max|delta|=3.999e-01 (rtol=0.01 atol=0.001)	n0*=_native_batch_norm_legit.no_stats(L0,·,·,·,·,·)
SKIP	w115:263	executor ExecutorchInvalidArgumentException: [ExecuTorch Error 0x12] Invalid argument: Execution failed for method: forward	n0*=native_group_norm(L0,·,·,·,·,·,·,·)
SKIP	w115:294	executor ExecutorchRuntimeException: [ExecuTorch Error 0x14] Operator missing: Execution failed for method: forward	n0*=_fft_r2c(L0,·,·,·)
CRASH	w115:286	executor process died (native abort)	n0*=max_pool2d_with_indices_backward.grad_input(L0,L1,·,·,·,·,·,L2,L3)
SKIP	w115:35	executor ExecutorchInvalidArgumentException: [ExecuTorch Error 0x12] Invalid argument: Execution failed for method: forward	n0*=native_group_norm(L0,·,·,·,·,·,·,·)
MISMATCH	w115:350	out[0] max|delta|=5.000e+00 (rtol=0.0 atol=0.0)	n0*=remainder.Scalar(L0,·)
CRASH	w114:683	executor unavailable	n0*=mean.out(L0,·,·,·,·)
CRASH	w114:71	executor unavailable	n0*=bitwise_xor.Tensor_out(L0,L1,·)
CRASH	w114:773	executor unavailable	n0*=sub.Scalar(L0,·,·)
MISMATCH	w115:375	out[0] non-finite mismatch (nan/inf positions differ)	n0*=native_layer_norm(L0,·,·,·,·)
SKIP	w115:38	executor ExecutorchInvalidArgumentException: [ExecuTorch Error 0x12] Invalid argument: Execution failed for method: forward	n0*=_pdist_forward(L0,·)
CRASH	w115:116	executor unavailable	n0*=narrow_copy.out(L0,·,·,·,·)
CRASH	w115:134	executor unavailable	n0*=narrow_copy(L0,·,·,·)
SKIP	w115:390	executor ExecutorchInvalidArgumentException: [ExecuTorch Error 0x12] Invalid argument: Execution failed for method: forward	n0*=scatter.value_out(L0,·,L1,·,·)
SKIP	w115:365	executor ExecutorchInvalidArgumentException: [ExecuTorch Error 0x12] Invalid argument: Execution failed for method: forward	n0*=expand_copy(L0,·,·)
CRASH	w115:152	executor unavailable	n0*=lift_fresh_copy(L0)
MISMATCH	w115:401	out[0] non-finite mismatch (nan/inf positions differ)	n0*=grid_sampler_2d(L0,L1,·,·,·)
CRASH	w115:189	executor unavailable	n0*=expm1.out(L0,·)
SKIP	w115:409	executor ExecutorchInvalidArgumentException: [ExecuTorch Error 0x12] Invalid argument: Execution failed for method: forward	n0*=native_group_norm(L0,·,·,·,·,·,·,·)
CRASH	w115:235	executor unavailable	n0*=bitwise_or.Scalar_out(L0,·,·)
MISMATCH	w115:433	out[0] max|delta|=7.206e+16 (rtol=0.01 atol=0.001)	n0*=bitwise_left_shift.Tensor_Scalar_out(L0,·,·)
CRASH	w115:245	executor unavailable	n0*=reflection_pad2d(L0,·)
SKIP	w115:384	executor ExecutorchInvalidArgumentException: [ExecuTorch Error 0x12] Invalid argument: Execution failed for method: forward	n0*=arange.start_out(·,·,·,·)
MISMATCH	w115:436	out[0] max|delta|=6.918e+18 (rtol=0.0 atol=0.0)	n0*=bitwise_left_shift.Tensor_out(L0,L1,·)
SKIP	w115:455	executor ExecutorchInvalidArgumentException: [ExecuTorch Error 0x12] Invalid argument: Execution failed for method: forward	n0*=copy(L0,L1,·)
MISMATCH	w115:469	out[0] non-finite mismatch (nan/inf positions differ)	n0*=gelu.out(L0,·,·)
MISMATCH	w115:489	out[0] max|delta|=3.999e-01 (rtol=0.01 atol=0.001)	n0*=_native_batch_norm_legit.no_stats(L0,·,·,·,·,·)
SKIP	w115:491	executor ExecutorchInvalidArgumentException: [ExecuTorch Error 0x12] Invalid argument: Execution failed for method: forward	n0*=native_group_norm(L0,·,·,·,·,·,·,·)
SKIP	w115:494	executor ExecutorchInvalidArgumentException: [ExecuTorch Error 0x12] Invalid argument: Execution failed for method: forward	n0*=_pdist_forward(L0,·)
CRASH	w115:298	executor unavailable	n0*=log2.out(L0,·)
SKIP	w115:522	executor ExecutorchRuntimeException: [ExecuTorch Error 0x14] Operator missing: Execution failed for method: forward	n0*=_fft_r2c(L0,·,·,·)
MISMATCH	w115:578	out[0] max|delta|=3.000e+00 (rtol=0.0 atol=0.0)	n0*=remainder.Scalar(L0,·)
MISMATCH	w115:507	out[0] non-finite mismatch (nan/inf positions differ)	n0*=log.out(L0,·)
MISMATCH	w115:599	out[0] max|delta|=1.000e+00 (rtol=0.0 atol=0.0)	n0*=prod(L0,·)
SKIP	w115:612	executor ExecutorchInvalidArgumentException: [ExecuTorch Error 0x12] Invalid argument: Execution failed for method: forward	n0*=arange.start_out(·,·,·,·)
SKIP	w115:637	executor ExecutorchInvalidArgumentException: [ExecuTorch Error 0x12] Invalid argument: Execution failed for method: forward	n0*=native_group_norm(L0,·,·,·,·,·,·,·)
MISMATCH	w115:661	out[0] max|delta|=2.306e+18 (rtol=0.01 atol=0.001)	n0*=bitwise_left_shift.Tensor_Scalar_out(L0,·,·)
SKIP	w115:66	executor ExecutorchRuntimeException: [ExecuTorch Error 0x14] Operator missing: Execution failed for method: forward	n0*=_fft_r2c(L0,·,·,·)
MISMATCH	w115:664	out[0] max|delta|=6.918e+18 (rtol=0.0 atol=0.0)	n0*=bitwise_left_shift.Tensor_out(L0,L1,·)
SKIP	w115:683	executor ExecutorchInvalidArgumentException: [ExecuTorch Error 0x12] Invalid argument: Execution failed for method: forward	n0*=copy(L0,L1,·)
CRASH	w115:338	executor unavailable	n0*=elu.out(L0,·,·,·,·)
MISMATCH	w115:697	out[0] non-finite mismatch (nan/inf positions differ)	n0*=gelu.out(L0,·,·)
CRASH	w115:363	executor unavailable	n0*=bitwise_right_shift.Tensor_Scalar_out(L0,·,·)
MISMATCH	w115:710	out[0] max|delta|=4.000e+00 (rtol=0.0 atol=0.0)	n0*=remainder.Tensor_out(L0,L1,·)
MISMATCH	w115:717	out[0] max|delta|=3.999e-01 (rtol=0.01 atol=0.001)	n0*=_native_batch_norm_legit.no_stats(L0,·,·,·,·,·)
SKIP	w115:719	executor ExecutorchInvalidArgumentException: [ExecuTorch Error 0x12] Invalid argument: Execution failed for method: forward	n0*=native_group_norm(L0,·,·,·,·,·,·,·)
SKIP	w115:722	executor ExecutorchInvalidArgumentException: [ExecuTorch Error 0x12] Invalid argument: Execution failed for method: forward	n0*=_pdist_forward(L0,·)
MISMATCH	w115:735	out[0] non-finite mismatch (nan/inf positions differ)	n0*=log.out(L0,·)
SKIP	w115:750	executor ExecutorchRuntimeException: [ExecuTorch Error 0x14] Operator missing: Execution failed for method: forward	n0*=_fft_r2c(L0,·,·,·)
CRASH	w115:42	executor unavailable	n0*=bitwise_right_shift.Tensor_out(L0,L1,·)
CRASH	w115:462	executor unavailable	n0*=pow.Tensor_Scalar_out(L0,·,·)
CRASH	w115:538	executor unavailable	n0*=bitwise_and.Tensor_out(L0,L1,·)
MISMATCH	w115:90	out[0] max|delta|=3.200e+01 (rtol=0.0 atol=0.0)	n0*=bitwise_right_shift.Tensor_Scalar(L0,·)
CRASH	w115:566	executor unavailable	n0*=elu.out(L0,·,·,·,·)
MISMATCH	w116:107	out[0] max|delta|=1.153e+18 (rtol=0.01 atol=0.001)	n0*=bitwise_left_shift.Tensor_Scalar_out(L0,·,·)
CRASH	w115:615	executor unavailable	n0*=relu(L0)
MISMATCH	w116:110	out[0] non-finite mismatch (nan/inf positions differ)	n0*=bitwise_left_shift.Tensor_out(L0,L1,·)
CRASH	w115:627	executor unavailable	n0*=any.all_out(L0,·)
SKIP	w116:122	executor ExecutorchInvalidArgumentException: [ExecuTorch Error 0x12] Invalid argument: Execution failed for method: forward	n0*=scatter.src_out(L0,·,L1,L2,·)
CRASH	w115:679	executor unavailable	n0*=avg_pool2d.out(L0,·,·,·,·,·,·,·)
CRASH	w115:68	executor unavailable	n0*=erf.out(L0,·)
CRASH	w115:681	executor unavailable	n0*=topk.values(L0,·,·,·,·,L1,L2)
MISMATCH	w116:143	out[0] non-finite mismatch (nan/inf positions differ)	n0*=gelu.out(L0,·,·)
SKIP	w116:165	executor ExecutorchInvalidArgumentException: [ExecuTorch Error 0x12] Invalid argument: Execution failed for method: forward	n0*=native_group_norm(L0,·,·,·,·,·,·,·)
CRASH	w115:705	executor unavailable	n0*=bitwise_or.Scalar(L0,·)
SKIP	w116:168	executor ExecutorchInvalidArgumentException: [ExecuTorch Error 0x12] Invalid argument: Execution failed for method: forward	n0*=_pdist_forward(L0,·)
MISMATCH	w116:181	out[0] non-finite mismatch (nan/inf positions differ)	n0*=log.out(L0,·)
SKIP	w116:196	executor ExecutorchRuntimeException: [ExecuTorch Error 0x14] Operator missing: Execution failed for method: forward	n0*=_fft_r2c(L0,·,·,·)
SKIP	w116:267	executor ExecutorchInvalidArgumentException: [ExecuTorch Error 0x12] Invalid argument: Execution failed for method: forward	n0*=expand_copy(L0,·,·)
SKIP	w116:286	executor ExecutorchInvalidArgumentException: [ExecuTorch Error 0x12] Invalid argument: Execution failed for method: forward	n0*=arange.start_out(·,·,·,·)
SKIP	w116:311	executor ExecutorchInvalidArgumentException: [ExecuTorch Error 0x12] Invalid argument: Execution failed for method: forward	n0*=native_group_norm(L0,·,·,·,·,·,·,·)
MISMATCH	w116:338	out[0] max|delta|=9.223e+18 (rtol=0.01 atol=0.001)	n0*=bitwise_left_shift.Tensor_out(L0,L1,·)
MISMATCH	w116:344	out[0] max|delta|=2.550e+02 (rtol=0.0 atol=0.0)	n0*=sum.IntList_out(L0,·,·,·,·)
MISMATCH	w116:345	out[0] non-finite mismatch (nan/inf positions differ)	n0*=logit.out(L0,·,·)
MISMATCH	w116:355	out[0] shape (0, 0, 0, 0) vs (0, 0, 0, 0, 0)	n0*=topk.values(L0,·,·,·,·,L1,L2)
MISMATCH	w116:370	out[0] non-finite mismatch (nan/inf positions differ)	n0*=logit(L0,·)
MISMATCH	w116:371	out[0] non-finite mismatch (nan/inf positions differ)	n0*=gelu.out(L0,·,·)
MISMATCH	w116:384	out[0] max|delta|=4.000e+00 (rtol=0.01 atol=0.001)	n0*=remainder.Tensor_out(L0,L1,·)
SKIP	w116:39	executor ExecutorchInvalidArgumentException: [ExecuTorch Error 0x12] Invalid argument: Execution failed for method: forward	n0*=expand_copy(L0,·,·)
SKIP	w116:393	executor ExecutorchInvalidArgumentException: [ExecuTorch Error 0x12] Invalid argument: Execution failed for method: forward	n0*=native_group_norm(L0,·,·,·,·,·,·,·)
CRASH	w115:762	executor unavailable	n0*=repeat(L0,·)
SKIP	w116:396	executor ExecutorchInvalidArgumentException: [ExecuTorch Error 0x12] Invalid argument: Execution failed for method: forward	n0*=_pdist_forward(L0,·)
SKIP	w116:408	executor ExecutorchRuntimeException: [ExecuTorch Error 0x1] Internal error: Execution failed for method: forward	n0*=pixel_shuffle(L0,·)
SKIP	w116:424	executor ExecutorchRuntimeException: [ExecuTorch Error 0x14] Operator missing: Execution failed for method: forward	n0*=_fft_r2c(L0,·,·,·)
CRASH	w115:79	executor unavailable	n0*=t_copy(L0)
MISMATCH	w116:480	out[0] max|delta|=6.000e+00 (rtol=0.0 atol=0.0)	n0*=remainder.Scalar(L0,·)
MISMATCH	w116:487	out[0] max|delta|=1.074e+09 (rtol=0.0 atol=0.0)	n0*=bitwise_left_shift.Tensor_Scalar(L0,·)
SKIP	w116:495	executor ExecutorchInvalidArgumentException: [ExecuTorch Error 0x12] Invalid argument: Execution failed for method: forward	n0*=expand_copy(L0,·,·)
SKIP	w116:514	executor ExecutorchInvalidArgumentException: [ExecuTorch Error 0x12] Invalid argument: Execution failed for method: forward	n0*=arange.start_out(·,·,·,·)
SKIP	w116:539	executor ExecutorchInvalidArgumentException: [ExecuTorch Error 0x12] Invalid argument: Execution failed for method: forward	n0*=native_group_norm(L0,·,·,·,·,·,·,·)
SKIP	w116:58	executor ExecutorchInvalidArgumentException: [ExecuTorch Error 0x12] Invalid argument: Execution failed for method: forward	n0*=arange.start_out(·,·,·,·)
SKIP	w116:585	executor ExecutorchInvalidArgumentException: [ExecuTorch Error 0x12] Invalid argument: Execution failed for method: forward	n0*=copy(L0,L1,·)
MISMATCH	w116:599	out[0] non-finite mismatch (nan/inf positions differ)	n0*=gelu.out(L0,·,·)
SKIP	w116:621	executor ExecutorchInvalidArgumentException: [ExecuTorch Error 0x12] Invalid argument: Execution failed for method: forward	n0*=native_group_norm(L0,·,·,·,·,·,·,·)
SKIP	w116:624	executor ExecutorchInvalidArgumentException: [ExecuTorch Error 0x12] Invalid argument: Execution failed for method: forward	n0*=_pdist_forward(L0,·)
CRASH	w116:14	executor unavailable	n0*=addmm.out(L0,L1,L2,·,·,·)
CRASH	w116:215	executor unavailable	n0*=leaky_relu.out(L0,·,·)
CRASH	w116:243	executor unavailable	n0*=unfold_copy(L0,·,·,·)
MISMATCH	w116:637	out[0] non-finite mismatch (nan/inf positions differ)	n0*=log.out(L0,·)
SKIP	w116:652	executor ExecutorchRuntimeException: [ExecuTorch Error 0x14] Operator missing: Execution failed for method: forward	n0*=_fft_r2c(L0,·,·,·)
CRASH	w116:343	executor unavailable	n0*=index_put(L0,·,L1,·)
CRASH	w116:356	executor unavailable	n0*=masked_fill.Scalar(L0,L1,·)
CRASH	w116:40	executor unavailable	n0*=split_copy.Tensor(L0,·,·)
CRASH	w116:427	executor unavailable	n0*=logical_and.out(L0,L1,·)
CRASH	w116:440	executor unavailable	n0*=bitwise_and.Tensor_out(L0,L1,·)
MISMATCH	w116:715	out[0] max|delta|=1.074e+09 (rtol=0.0 atol=0.0)	n0*=bitwise_left_shift.Tensor_Scalar(L0,·)
CRASH	w116:472	executor unavailable	n0*=slice_copy.Tensor(L0,·,·,·,·)
SKIP	w116:723	executor ExecutorchInvalidArgumentException: [ExecuTorch Error 0x12] Invalid argument: Execution failed for method: forward	n0*=expand_copy(L0,·,·)
CRASH	w116:479	executor unavailable	n0*=mean(L0,·)
MISMATCH	w116:729	out[0] max|delta|=2.550e+02 (rtol=0.0 atol=0.0)	n0*=prod(L0,·)
SKIP	w116:742	executor ExecutorchInvalidArgumentException: [ExecuTorch Error 0x12] Invalid argument: Execution failed for method: forward	n0*=arange.start_out(·,·,·,·)
SKIP	w116:83	executor ExecutorchInvalidArgumentException: [ExecuTorch Error 0x12] Invalid argument: Execution failed for method: forward	n0*=native_group_norm(L0,·,·,·,·,·,·,·)
MISMATCH	w117:0	out[0] non-finite mismatch (nan/inf positions differ)	n0*=bitwise_left_shift.Tensor_out(L0,L1,·)
SKIP	w117:157	executor ExecutorchInvalidArgumentException: [ExecuTorch Error 0x12] Invalid argument: Execution failed for method: forward	n0*=expand_copy(L0,·,·)
SKIP	w117:176	executor ExecutorchInvalidArgumentException: [ExecuTorch Error 0x12] Invalid argument: Execution failed for method: forward	n0*=arange.start_out(·,·,·,·)
SKIP	w117:19	executor ExecutorchInvalidArgumentException: [ExecuTorch Error 0x12] Invalid argument: Execution failed for method: forward	n0*=copy(L0,L1,·)
SKIP	w117:12	executor ExecutorchInvalidArgumentException: [ExecuTorch Error 0x12] Invalid argument: Execution failed for method: forward	n0*=scatter.src_out(L0,·,L1,L2,·)
MISMATCH	w117:228	out[0] max|delta|=6.918e+18 (rtol=0.0 atol=0.0)	n0*=bitwise_left_shift.Tensor_out(L0,L1,·)
SKIP	w117:247	executor ExecutorchInvalidArgumentException: [ExecuTorch Error 0x12] Invalid argument: Execution failed for method: forward	n0*=copy(L0,L1,·)
MISMATCH	w117:261	out[0] non-finite mismatch (nan/inf positions differ)	n0*=gelu.out(L0,·,·)
CRASH	w116:589	executor unavailable	n0*=isinf(L0)
SKIP	w117:283	executor ExecutorchInvalidArgumentException: [ExecuTorch Error 0x12] Invalid argument: Execution failed for method: forward	n0*=native_group_norm(L0,·,·,·,·,·,·,·)
SKIP	w117:286	executor ExecutorchInvalidArgumentException: [ExecuTorch Error 0x12] Invalid argument: Execution failed for method: forward	n0*=_pdist_forward(L0,·)
CRASH	w116:631	executor unavailable	n0*=sin.out(L0,·)
SKIP	w117:314	executor ExecutorchRuntimeException: [ExecuTorch Error 0x14] Operator missing: Execution failed for method: forward	n0*=_fft_r2c(L0,·,·,·)
MISMATCH	w117:32	out[0] non-finite mismatch (nan/inf positions differ)	n0*=logit(L0,·)
MISMATCH	w117:33	out[0] non-finite mismatch (nan/inf positions differ)	n0*=gelu.out(L0,·,·)
CRASH	w116:708	executor unavailable	n0*=remainder.Scalar(L0,·)
CRASH	w116:772	executor unavailable	n0*=asinh.out(L0,·)
CRASH	w116:774	executor unavailable	n0*=amin.out(L0,·,·,·)
MISMATCH	w117:370	out[0] max|delta|=7.000e+00 (rtol=0.0 atol=0.0)	n0*=remainder.Scalar(L0,·)
CRASH	w117:127	executor unavailable	n0*=full.out(·,·,·)
MISMATCH	w117:377	out[0] max|delta|=1.441e+17 (rtol=0.0 atol=0.0)	n0*=bitwise_left_shift.Tensor_Scalar(L0,·)
CRASH	w117:186	executor unavailable	n0*=permute_copy(L0,·)
CRASH	w117:199	executor unavailable	n0*=logical_or(L0,L1)
CRASH	w117:223	executor unavailable	n0*=abs(L0)
SKIP	w117:404	executor ExecutorchInvalidArgumentException: [ExecuTorch Error 0x12] Invalid argument: Execution failed for method: forward	n0*=arange.start_out(·,·,·,·)
CRASH	w117:271	executor unavailable	n0*=acosh.out(L0,·)
CRASH	w117:272	executor unavailable	n0*=var_mean.correction(L0,·,·,·)
SKIP	w117:429	executor ExecutorchInvalidArgumentException: [ExecuTorch Error 0x12] Invalid argument: Execution failed for method: forward	n0*=native_group_norm(L0,·,·,·,·,·,·,·)
CRASH	w117:278	executor unavailable	n0*=atan.out(L0,·)
SKIP	w117:475	executor ExecutorchInvalidArgumentException: [ExecuTorch Error 0x12] Invalid argument: Execution failed for method: forward	n0*=copy(L0,L1,·)
MISMATCH	w117:489	out[0] non-finite mismatch (nan/inf positions differ)	n0*=gelu.out(L0,·,·)
SKIP	w117:500	executor IllegalArgumentException: unsupported input dtype code 24 on Android	n0*=var_mean.correction(L0,·,·,·)
MISMATCH	w117:509	out[0] max|delta|=3.999e-01 (rtol=0.01 atol=0.001)	n0*=_native_batch_norm_legit.no_stats(L0,·,·,·,·,·)
MISMATCH	w117:456	out[0] max|delta|=1.611e+09 (rtol=0.0 atol=0.0)	n0*=bitwise_left_shift.Tensor_out(L0,L1,·)
SKIP	w117:535	executor ExecutorchInvalidArgumentException: [ExecuTorch Error 0x12] Invalid argument: Execution failed for method: forward	n0*=cumsum.out(L0,·,·,·)
SKIP	w117:552	executor ExecutorchRuntimeException: [ExecuTorch Error 0x1] Internal error: Execution failed for method: forward	n0*=pixel_unshuffle(L0,·)
SKIP	w117:58	executor ExecutorchInvalidArgumentException: [ExecuTorch Error 0x12] Invalid argument: Execution failed for method: forward	n0*=_pdist_forward(L0,·)
MISMATCH	w117:453	out[0] max|delta|=7.206e+16 (rtol=0.01 atol=0.001)	n0*=bitwise_left_shift.Tensor_Scalar_out(L0,·,·)
SKIP	w117:632	executor ExecutorchInvalidArgumentException: [ExecuTorch Error 0x12] Invalid argument: Execution failed for method: forward	n0*=arange.start_out(·,·,·,·)
SKIP	w117:657	executor ExecutorchInvalidArgumentException: [ExecuTorch Error 0x12] Invalid argument: Execution failed for method: forward	n0*=native_group_norm(L0,·,·,·,·,·,·,·)
MISMATCH	w117:681	out[0] max|delta|=4.612e+18 (rtol=0.01 atol=0.001)	n0*=bitwise_left_shift.Tensor_Scalar_out(L0,·,·)
MISMATCH	w117:684	out[0] non-finite mismatch (nan/inf positions differ)	n0*=bitwise_left_shift.Tensor_out(L0,L1,·)
SKIP	w117:542	executor ExecutorchRuntimeException: [ExecuTorch Error 0x14] Operator missing: Execution failed for method: forward	n0*=_fft_r2c(L0,·,·,·)
CRASH	w117:303	executor unavailable	n0*=tan.out(L0,·)
MISMATCH	w117:71	out[0] non-finite mismatch (nan/inf positions differ)	n0*=log.out(L0,·)
MISMATCH	w117:717	out[0] non-finite mismatch (nan/inf positions differ)	n0*=gelu.out(L0,·,·)
SKIP	w117:742	executor ExecutorchInvalidArgumentException: [ExecuTorch Error 0x12] Invalid argument: Execution failed for method: forward	n0*=_pdist_forward(L0,·)
SKIP	w117:770	executor ExecutorchRuntimeException: [ExecuTorch Error 0x14] Operator missing: Execution failed for method: forward	n0*=_fft_r2c(L0,·,·,·)
CRASH	w117:359	executor unavailable	n0*=neg.out(L0,·)
SKIP	w117:86	executor ExecutorchRuntimeException: [ExecuTorch Error 0x14] Operator missing: Execution failed for method: forward	n0*=_fft_r2c(L0,·,·,·)
CRASH	w117:45	executor unavailable	n0*=reciprocal.out(L0,·)
CRASH	w117:514	executor unavailable	n0*=_pdist_forward(L0,·)
CRASH	w117:597	executor unavailable	n0*=mean(L0,·)
CRASH	w118:119	executor process died (native abort)	n0*=max_pool2d_with_indices_backward.grad_input(L0,L1,·,·,·,·,·,L2,L3)
CRASH	w117:663	executor unavailable	n0*=lt.Scalar_out(L0,·,·)
CRASH	w117:683	executor unavailable	n0*=bitwise_xor.Scalar_out(L0,·,·)
CRASH	w117:701	executor unavailable	n0*=topk.values(L0,·,·,·,·,L1,L2)
CRASH	w117:708	executor unavailable	n0*=fmod.Scalar_out(L0,·,·)
CRASH	w117:709	executor unavailable	n0*=squeeze_copy.dim(L0,·)
SKIP	w118:127	executor ExecutorchRuntimeException: [ExecuTorch Error 0x14] Operator missing: Execution failed for method: forward	n0*=_fft_r2c(L0,·,·,·)
SKIP	w118:14	executor ExecutorchInvalidArgumentException: [ExecuTorch Error 0x12] Invalid argument: Execution failed for method: forward	n0*=native_group_norm(L0,·,·,·,·,·,·,·)
CRASH	w117:746	executor unavailable	n0*=bitwise_right_shift.Tensor_out(L0,L1,·)
CRASH	w117:752	executor unavailable	n0*=mul.Scalar(L0,·)
SKIP	w118:198	executor ExecutorchInvalidArgumentException: [ExecuTorch Error 0x12] Invalid argument: Execution failed for method: forward	n0*=expand_copy(L0,·,·)
SKIP	w118:217	executor ExecutorchInvalidArgumentException: [ExecuTorch Error 0x12] Invalid argument: Execution failed for method: forward	n0*=arange.start_out(·,·,·,·)
MISMATCH	w118:233	out[0] max|delta|=2.550e+02 (rtol=0.0 atol=0.0)	n0*=prod.int_out(L0,·,·,·,·)
SKIP	w118:242	executor ExecutorchInvalidArgumentException: [ExecuTorch Error 0x12] Invalid argument: Execution failed for method: forward	n0*=native_group_norm(L0,·,·,·,·,·,·,·)
CRASH	w117:780	executor unavailable	n0*=pixel_unshuffle(L0,·)
MISMATCH	w118:269	out[0] max|delta|=6.918e+18 (rtol=0.01 atol=0.001)	n0*=bitwise_left_shift.Tensor_out(L0,L1,·)
MISMATCH	w118:276	out[0] non-finite mismatch (nan/inf positions differ)	n0*=logit.out(L0,·,·)
MISMATCH	w118:300	out[0] shape (1,) vs (0, 0, 0, 0, 0)	n0*=min.dim_min(L0,·,·,L1,L2)
MISMATCH	w118:302	out[0] non-finite mismatch (nan/inf positions differ)	n0*=gelu.out(L0,·,·)
SKIP	w118:324	executor ExecutorchInvalidArgumentException: [ExecuTorch Error 0x12] Invalid argument: Execution failed for method: forward	n0*=native_group_norm(L0,·,·,·,·,·,·,·)
SKIP	w118:327	executor ExecutorchInvalidArgumentException: [ExecuTorch Error 0x12] Invalid argument: Execution failed for method: forward	n0*=_pdist_forward(L0,·)
SKIP	w118:355	executor ExecutorchRuntimeException: [ExecuTorch Error 0x14] Operator missing: Execution failed for method: forward	n0*=_fft_r2c(L0,·,·,·)
MISMATCH	w118:41	out[0] max|delta|=9.223e+18 (rtol=0.01 atol=0.001)	n0*=bitwise_left_shift.Tensor_out(L0,L1,·)
MISMATCH	w118:411	out[0] max|delta|=4.000e+00 (rtol=0.0 atol=0.0)	n0*=remainder.Scalar(L0,·)
MISMATCH	w118:432	out[0] max|delta|=2.550e+02 (rtol=0.0 atol=0.0)	n0*=prod(L0,·)
SKIP	w118:470	executor ExecutorchInvalidArgumentException: [ExecuTorch Error 0x12] Invalid argument: Execution failed for method: forward	n0*=native_group_norm(L0,·,·,·,·,·,·,·)
MISMATCH	w118:494	out[0] non-finite mismatch (nan/inf positions differ)	n0*=bitwise_left_shift.Tensor_Scalar_out(L0,·,·)
MISMATCH	w118:497	out[0] max|delta|=1.611e+09 (rtol=0.0 atol=0.0)	n0*=bitwise_left_shift.Tensor_out(L0,L1,·)
MISMATCH	w118:504	out[0] non-finite mismatch (nan/inf positions differ)	n0*=logit.out(L0,·,·)
SKIP	w118:509	executor ExecutorchInvalidArgumentException: [ExecuTorch Error 0x12] Invalid argument: Execution failed for method: forward	n0*=scatter.src_out(L0,·,L1,L2,·)
SKIP	w118:516	executor ExecutorchInvalidArgumentException: [ExecuTorch Error 0x12] Invalid argument: Execution failed for method: forward	n0*=copy(L0,L1,·)
MISMATCH	w118:530	out[0] non-finite mismatch (nan/inf positions differ)	n0*=gelu.out(L0,·,·)
SKIP	w118:552	executor ExecutorchInvalidArgumentException: [ExecuTorch Error 0x12] Invalid argument: Execution failed for method: forward	n0*=native_group_norm(L0,·,·,·,·,·,·,·)
SKIP	w118:555	executor ExecutorchInvalidArgumentException: [ExecuTorch Error 0x12] Invalid argument: Execution failed for method: forward	n0*=_pdist_forward(L0,·)
SKIP	w118:567	executor ExecutorchRuntimeException: [ExecuTorch Error 0x1] Internal error: Execution failed for method: forward	n0*=pixel_shuffle(L0,·)
MISMATCH	w118:568	out[0] non-finite mismatch (nan/inf positions differ)	n0*=log.out(L0,·)
MISMATCH	w118:58	out[0] shape (0, 0, 0, 0) vs (0, 0, 0, 0, 0)	n0*=topk.values(L0,·,·,·,·,L1,L2)
SKIP	w118:583	executor ExecutorchRuntimeException: [ExecuTorch Error 0x14] Operator missing: Execution failed for method: forward	n0*=_fft_r2c(L0,·,·,·)
CRASH	w118:10	executor unavailable	n0*=acos.out(L0,·)
CRASH	w118:191	executor unavailable	n0*=pixel_shuffle(L0,·)
CRASH	w118:319	executor unavailable	n0*=atan.out(L0,·)
CRASH	w118:33	executor unavailable	n0*=replication_pad2d.out(L0,·,·)
CRASH	w118:370	executor unavailable	n0*=logical_xor.out(L0,L1,·)
MISMATCH	w118:646	out[0] max|delta|=1.153e+18 (rtol=0.0 atol=0.0)	n0*=bitwise_left_shift.Tensor_Scalar(L0,·)
CRASH	w118:430	executor unavailable	n0*=exp.out(L0,·)
CRASH	w118:445	executor unavailable	n0*=arange.start_out(·,·,·,·)
MISMATCH	w118:664	out[0] non-finite mismatch (nan/inf positions differ)	n0*=native_layer_norm(L0,·,·,·,·)
SKIP	w118:673	executor ExecutorchInvalidArgumentException: [ExecuTorch Error 0x12] Invalid argument: Execution failed for method: forward	n0*=arange.start_out(·,·,·,·)
MISMATCH	w118:689	out[0] max|delta|=3.000e+00 (rtol=0.0 atol=0.0)	n0*=prod.int_out(L0,·,·,·,·)
MISMATCH	w118:698	out[0] non-finite mismatch (nan/inf positions differ)	n0*=native_group_norm(L0,·,·,·,·,·,·,·)
CRASH	w118:539	executor unavailable	n0*=select_scatter(L0,L1,·,·)
CRASH	w118:549	executor unavailable	n0*=div.Scalar(L0,·)
CRASH	w118:550	executor unavailable	n0*=_native_batch_norm_legit.no_stats(L0,·,·,·,·,·)
MISMATCH	w118:725	out[0] max|delta|=6.918e+18 (rtol=0.01 atol=0.001)	n0*=bitwise_left_shift.Tensor_out(L0,L1,·)
MISMATCH	w118:731	out[0] max|delta|=9.223e+18 (rtol=0.0 atol=0.0)	n0*=sum.IntList_out(L0,·,·,·,·)
SKIP	w118:737	executor ExecutorchInvalidArgumentException: [ExecuTorch Error 0x12] Invalid argument: Execution failed for method: forward	n0*=scatter.src_out(L0,·,L1,L2,·)
CRASH	w118:577	executor unavailable	n0*=reflection_pad2d.out(L0,·,·)
SKIP	w118:745	executor ExecutorchInvalidArgumentException: [ExecuTorch Error 0x12] Invalid argument: Execution failed for method: forward	n0*=stack(·,·)
MISMATCH	w118:758	out[0] non-finite mismatch (nan/inf positions differ)	n0*=gelu.out(L0,·,·)
SKIP	w118:780	executor ExecutorchInvalidArgumentException: [ExecuTorch Error 0x12] Invalid argument: Execution failed for method: forward	n0*=native_group_norm(L0,·,·,·,·,·,·,·)
CRASH	w118:594	executor unavailable	n0*=rsqrt.out(L0,·)
MISMATCH	w118:87	out[0] max|delta|=4.000e+00 (rtol=0.0 atol=0.0)	n0*=remainder.Tensor_out(L0,L1,·)
SKIP	w118:96	executor ExecutorchInvalidArgumentException: [ExecuTorch Error 0x12] Invalid argument: Execution failed for method: forward	n0*=native_group_norm(L0,·,·,·,·,·,·,·)
SKIP	w118:99	executor ExecutorchInvalidArgumentException: [ExecuTorch Error 0x12] Invalid argument: Execution failed for method: forward	n0*=_pdist_forward(L0,·)
SKIP	w119:102	executor ExecutorchInvalidArgumentException: [ExecuTorch Error 0x12] Invalid argument: Execution failed for method: forward	n0*=native_group_norm(L0,·,·,·,·,·,·,·)
SKIP	w119:105	executor ExecutorchInvalidArgumentException: [ExecuTorch Error 0x12] Invalid argument: Execution failed for method: forward	n0*=_pdist_forward(L0,·)
SKIP	w119:133	executor ExecutorchRuntimeException: [ExecuTorch Error 0x14] Operator missing: Execution failed for method: forward	n0*=_fft_r2c(L0,·,·,·)
MISMATCH	w118:74	out[0] non-finite mismatch (nan/inf positions differ)	n0*=gelu.out(L0,·,·)
SKIP	w119:143	executor ExecutorchRuntimeException: [ExecuTorch Error 0x1] Internal error: Execution failed for method: forward	n0*=pixel_unshuffle(L0,·)
SKIP	w119:160	executor ExecutorchRuntimeException: [ExecuTorch Error 0x1] Internal error: Execution failed for method: forward	n0*=_softmax.out(L0,·,·,·)
SKIP	w119:162	executor IllegalArgumentException: unsupported input dtype code 24 on Android	n0*=linear.out(L0,L1,·,·)
SKIP	w119:20	executor ExecutorchInvalidArgumentException: [ExecuTorch Error 0x12] Invalid argument: Execution failed for method: forward	n0*=native_group_norm(L0,·,·,·,·,·,·,·)
SKIP	w119:223	executor ExecutorchInvalidArgumentException: [ExecuTorch Error 0x12] Invalid argument: Execution failed for method: forward	n0*=arange.start_out(·,·,·,·)
SKIP	w119:248	executor ExecutorchInvalidArgumentException: [ExecuTorch Error 0x12] Invalid argument: Execution failed for method: forward	n0*=native_group_norm(L0,·,·,·,·,·,·,·)
MISMATCH	w119:272	out[0] max|delta|=5.765e+17 (rtol=0.0 atol=0.0)	n0*=bitwise_left_shift.Tensor_Scalar_out(L0,·,·)
MISMATCH	w119:275	out[0] non-finite mismatch (nan/inf positions differ)	n0*=bitwise_left_shift.Tensor_out(L0,L1,·)
SKIP	w119:287	executor ExecutorchInvalidArgumentException: [ExecuTorch Error 0x12] Invalid argument: Execution failed for method: forward	n0*=scatter.src_out(L0,·,L1,L2,·)
MISMATCH	w119:307	out[0] non-finite mismatch (nan/inf positions differ)	n0*=logit(L0,·)
MISMATCH	w119:308	out[0] non-finite mismatch (nan/inf positions differ)	n0*=gelu.out(L0,·,·)
SKIP	w119:330	executor ExecutorchInvalidArgumentException: [ExecuTorch Error 0x12] Invalid argument: Execution failed for method: forward	n0*=native_group_norm(L0,·,·,·,·,·,·,·)
SKIP	w119:333	executor ExecutorchInvalidArgumentException: [ExecuTorch Error 0x12] Invalid argument: Execution failed for method: forward	n0*=_pdist_forward(L0,·)
CRASH	w118:622	executor unavailable	n0*=mm.out(L0,L1,·)
MISMATCH	w119:346	out[0] non-finite mismatch (nan/inf positions differ)	n0*=log.out(L0,·)
SKIP	w119:361	executor ExecutorchRuntimeException: [ExecuTorch Error 0x14] Operator missing: Execution failed for method: forward	n0*=_fft_r2c(L0,·,·,·)
MISMATCH	w119:424	out[0] max|delta|=1.441e+17 (rtol=0.0 atol=0.0)	n0*=bitwise_left_shift.Tensor_Scalar(L0,·)
SKIP	w119:426	executor ExecutorchInvalidArgumentException: [ExecuTorch Error 0x12] Invalid argument: Execution failed for method: forward	n0*=scatter_add.out(L0,·,L1,L2,·)
SKIP	w119:432	executor ExecutorchInvalidArgumentException: [ExecuTorch Error 0x12] Invalid argument: Execution failed for method: forward	n0*=expand_copy(L0,·,·)
MISMATCH	w119:44	out[0] max|delta|=1.729e+18 (rtol=0.0 atol=0.0)	n0*=bitwise_left_shift.Tensor_Scalar_out(L0,·,·)
MISMATCH	w119:442	out[0] non-finite mismatch (nan/inf positions differ)	n0*=native_layer_norm(L0,·,·,·,·)
CRASH	w119:139	executor unavailable	n0*=fill.Scalar(L0,·)
CRASH	w119:210	executor unavailable	n0*=prod(L0,·)
CRASH	w119:217	executor unavailable	n0*=pixel_unshuffle(L0,·)
CRASH	w119:238	executor unavailable	n0*=any.all_out(L0,·)
CRASH	w119:30	executor unavailable	n0*=where.self(L0,L1,L2)
CRASH	w119:325	executor unavailable	n0*=atan.out(L0,·)
CRASH	w119:335	executor unavailable	n0*=clone(L0,·)
CRASH	w119:356	executor unavailable	n0*=any.dims_out(L0,·,·,·)
CRASH	w119:374	executor unavailable	n0*=t_copy(L0)
MISMATCH	w119:468	out[0] non-finite mismatch (nan/inf positions differ)	n0*=grid_sampler_2d(L0,L1,·,·,·)
MISMATCH	w119:47	out[0] max|delta|=2.147e+09 (rtol=0.0 atol=0.0)	n0*=bitwise_left_shift.Tensor_out(L0,L1,·)
CRASH	w119:416	executor unavailable	n0*=mean(L0,·)
MISMATCH	w119:503	out[0] max|delta|=2.147e+09 (rtol=0.0 atol=0.0)	n0*=bitwise_left_shift.Tensor_out(L0,L1,·)
MISMATCH	w119:510	out[0] non-finite mismatch (nan/inf positions differ)	n0*=logit.out(L0,·,·)
CRASH	w119:42	executor unavailable	n0*=abs(L0)
MISMATCH	w119:520	out[0] shape (0, 0, 0, 0) vs (0, 0, 0, 0, 0)	n0*=topk.values(L0,·,·,·,·,L1,L2)
SKIP	w119:522	executor ExecutorchInvalidArgumentException: [ExecuTorch Error 0x12] Invalid argument: Execution failed for method: forward	n0*=copy(L0,L1,·)
MISMATCH	w119:534	out[0] shape (1, 1, 1) vs (0, 0, 0)	n0*=min.dim_min(L0,·,·,L1,L2)
MISMATCH	w119:535	out[0] non-finite mismatch (nan/inf positions differ)	n0*=logit(L0,·)
MISMATCH	w119:536	out[0] non-finite mismatch (nan/inf positions differ)	n0*=gelu.out(L0,·,·)
SKIP	w119:558	executor ExecutorchInvalidArgumentException: [ExecuTorch Error 0x12] Invalid argument: Execution failed for method: forward	n0*=native_group_norm(L0,·,·,·,·,·,·,·)
SKIP	w119:561	executor ExecutorchInvalidArgumentException: [ExecuTorch Error 0x12] Invalid argument: Execution failed for method: forward	n0*=_pdist_forward(L0,·)
SKIP	w119:451	executor ExecutorchInvalidArgumentException: [ExecuTorch Error 0x12] Invalid argument: Execution failed for method: forward	n0*=arange.start_out(·,·,·,·)
SKIP	w119:573	executor ExecutorchRuntimeException: [ExecuTorch Error 0x1] Internal error: Execution failed for method: forward	n0*=pixel_shuffle(L0,·)
SKIP	w119:589	executor ExecutorchRuntimeException: [ExecuTorch Error 0x14] Operator missing: Execution failed for method: forward	n0*=_fft_r2c(L0,·,·,·)
CRASH	w119:446	executor unavailable	n0*=remainder.Scalar_out(L0,·,·)
SKIP	w119:618	executor IllegalArgumentException: unsupported input dtype code 24 on Android	n0*=linear.out(L0,L1,·,·)
MISMATCH	w119:64	out[0] shape (0, 0, 0, 0) vs (0, 0, 0, 0, 0)	n0*=topk.values(L0,·,·,·,·,L1,L2)
MISMATCH	w119:652	out[0] max|delta|=9.223e+18 (rtol=0.0 atol=0.0)	n0*=bitwise_left_shift.Tensor_Scalar(L0,·)
SKIP	w119:654	executor ExecutorchInvalidArgumentException: [ExecuTorch Error 0x12] Invalid argument: Execution failed for method: forward	n0*=scatter_add.out(L0,·,L1,L2,·)
SKIP	w119:66	executor ExecutorchInvalidArgumentException: [ExecuTorch Error 0x12] Invalid argument: Execution failed for method: forward	n0*=copy(L0,L1,·)
SKIP	w119:679	executor ExecutorchInvalidArgumentException: [ExecuTorch Error 0x12] Invalid argument: Execution failed for method: forward	n0*=arange.start_out(·,·,·,·)
MISMATCH	w119:556	out[0] max|delta|=3.999e-01 (rtol=0.01 atol=0.001)	n0*=_native_batch_norm_legit.no_stats(L0,·,·,·,·,·)
MISMATCH	w119:728	out[0] max|delta|=7.206e+16 (rtol=0.01 atol=0.001)	n0*=bitwise_left_shift.Tensor_Scalar_out(L0,·,·)
MISMATCH	w119:731	out[0] max|delta|=6.918e+18 (rtol=0.0 atol=0.0)	n0*=bitwise_left_shift.Tensor_out(L0,L1,·)
MISMATCH	w119:748	out[0] shape (1, 1, 0) vs (0, 0, 0, 0, 0)	n0*=topk.values(L0,·,·,·,·,L1,L2)
SKIP	w119:750	executor ExecutorchInvalidArgumentException: [ExecuTorch Error 0x12] Invalid argument: Execution failed for method: forward	n0*=copy(L0,L1,·)
MISMATCH	w119:764	out[0] non-finite mismatch (nan/inf positions differ)	n0*=gelu.out(L0,·,·)
MISMATCH	w119:778	out[0] max|delta|=4.000e+00 (rtol=0.0 atol=0.0)	n0*=fmod.Scalar(L0,·)
MISMATCH	w119:80	out[0] non-finite mismatch (nan/inf positions differ)	n0*=gelu.out(L0,·,·)
MISMATCH	w12:151	out[0] max|delta|=9.223e+18 (rtol=0.0 atol=0.0)	n0*=bitwise_left_shift.Tensor_Scalar(L0,·)
SKIP	w12:159	executor ExecutorchInvalidArgumentException: [ExecuTorch Error 0x12] Invalid argument: Execution failed for method: forward	n0*=expand_copy(L0,·,·)
SKIP	w12:178	executor ExecutorchInvalidArgumentException: [ExecuTorch Error 0x12] Invalid argument: Execution failed for method: forward	n0*=arange.start_out(·,·,·,·)
MISMATCH	w12:19	out[0] shape (1, 1, 0) vs (0, 0, 0, 0, 0)	n0*=topk.values(L0,·,·,·,·,L1,L2)
MISMATCH	w12:2	out[0] non-finite mismatch (nan/inf positions differ)	n0*=bitwise_left_shift.Tensor_out(L0,L1,·)
SKIP	w12:203	executor ExecutorchInvalidArgumentException: [ExecuTorch Error 0x12] Invalid argument: Execution failed for method: forward	n0*=native_group_norm(L0,·,·,·,·,·,·,·)
SKIP	w12:21	executor ExecutorchInvalidArgumentException: [ExecuTorch Error 0x12] Invalid argument: Execution failed for method: forward	n0*=copy(L0,L1,·)
MISMATCH	w12:230	out[0] max|delta|=2.147e+09 (rtol=0.0 atol=0.0)	n0*=bitwise_left_shift.Tensor_out(L0,L1,·)
SKIP	w12:249	executor ExecutorchInvalidArgumentException: [ExecuTorch Error 0x12] Invalid argument: Execution failed for method: forward	n0*=copy(L0,L1,·)
MISMATCH	w12:283	out[0] max|delta|=3.999e-01 (rtol=0.01 atol=0.001)	n0*=_native_batch_norm_legit.no_stats(L0,·,·,·,·,·)
SKIP	w12:316	executor ExecutorchRuntimeException: [ExecuTorch Error 0x14] Operator missing: Execution failed for method: forward	n0*=_fft_r2c(L0,·,·,·)
SKIP	w12:345	executor IllegalArgumentException: unsupported input dtype code 24 on Android	n0*=linear.out(L0,L1,·,·)
MISMATCH	w12:35	out[0] non-finite mismatch (nan/inf positions differ)	n0*=gelu.out(L0,·,·)
MISMATCH	w12:362	out[0] non-finite mismatch (nan/inf positions differ)	n0*=addmm.out(L0,L1,L2,·,·,·)
MISMATCH	w12:379	out[0] max|delta|=2.882e+17 (rtol=0.0 atol=0.0)	n0*=bitwise_left_shift.Tensor_Scalar(L0,·)
SKIP	w12:381	executor ExecutorchInvalidArgumentException: [ExecuTorch Error 0x12] Invalid argument: Execution failed for method: forward	n0*=scatter_add.out(L0,·,L1,L2,·)
CRASH	w12:308	executor process died (native abort)	n0*=max_pool2d_with_indices_backward.grad_input(L0,L1,·,·,·,·,·,L2,L3)
SKIP	w12:406	executor ExecutorchInvalidArgumentException: [ExecuTorch Error 0x12] Invalid argument: Execution failed for method: forward	n0*=arange.start_out(·,·,·,·)
MISMATCH	w12:423	out[0] non-finite mismatch (nan/inf positions differ)	n0*=grid_sampler_2d(L0,L1,·,·,·)
SKIP	w12:426	executor ExecutorchInvalidArgumentException: [ExecuTorch Error 0x12] Invalid argument: Execution failed for method: forward	n0*=convolution(L0,L1,·,·,·,·,·,·,·)
SKIP	w12:470	executor ExecutorchInvalidArgumentException: [ExecuTorch Error 0x12] Invalid argument: Execution failed for method: forward	n0*=scatter.src_out(L0,·,L1,L2,·)
MISMATCH	w12:475	out[0] shape (1, 1, 1, 1) vs (0, 0, 0, 0, 0)	n0*=topk.values(L0,·,·,·,·,L1,L2)
SKIP	w12:477	executor ExecutorchInvalidArgumentException: [ExecuTorch Error 0x12] Invalid argument: Execution failed for method: forward	n0*=copy(L0,L1,·)
MISMATCH	w12:491	out[0] non-finite mismatch (nan/inf positions differ)	n0*=gelu.out(L0,·,·)
MISMATCH	w12:504	out[0] max|delta|=4.000e+00 (rtol=0.0 atol=0.0)	n0*=remainder.Tensor_out(L0,L1,·)
SKIP	w12:516	executor ExecutorchInvalidArgumentException: [ExecuTorch Error 0x12] Invalid argument: Execution failed for method: forward	n0*=_pdist_forward(L0,·)
CRASH	w119:664	executor unavailable	n0*=exp.out(L0,·)
CRASH	w119:82	executor unavailable	n0*=bmm.out(L0,L1,·)
SKIP	w12:544	executor ExecutorchRuntimeException: [ExecuTorch Error 0x14] Operator missing: Execution failed for method: forward	n0*=_fft_r2c(L0,·,·,·)
CRASH	w12:231	executor unavailable	n0*=div.out_mode(L0,L1,·,·)
CRASH	w12:241	executor unavailable	n0*=index.Tensor_out(L0,·,·)
SKIP	w12:573	executor IllegalArgumentException: unsupported input dtype code 24 on Android	n0*=linear.out(L0,L1,·,·)
CRASH	w12:285	executor unavailable	n0*=native_group_norm(L0,·,·,·,·,·,·,·)
CRASH	w12:299	executor unavailable	n0*=atan2.out(L0,L1,·)
CRASH	w12:311	executor unavailable	n0*=any.dims_out(L0,·,·,·)
SKIP	w12:60	executor ExecutorchInvalidArgumentException: [ExecuTorch Error 0x12] Invalid argument: Execution failed for method: forward	n0*=_pdist_forward(L0,·)
CRASH	w12:372	executor unavailable	n0*=remainder.Scalar(L0,·)
MISMATCH	w12:607	out[0] max|delta|=1.441e+17 (rtol=0.0 atol=0.0)	n0*=bitwise_left_shift.Tensor_Scalar(L0,·)
SKIP	w12:57	executor ExecutorchInvalidArgumentException: [ExecuTorch Error 0x12] Invalid argument: Execution failed for method: forward	n0*=native_group_norm(L0,·,·,·,·,·,·,·)
SKIP	w12:615	executor ExecutorchInvalidArgumentException: [ExecuTorch Error 0x12] Invalid argument: Execution failed for method: forward	n0*=expand_copy(L0,·,·)
MISMATCH	w12:629	out[0] max|delta|=8.000e+00 (rtol=0.0 atol=0.0)	n0*=remainder.Scalar_out(L0,·,·)
MISMATCH	w12:686	out[0] max|delta|=1.611e+09 (rtol=0.0 atol=0.0)	n0*=bitwise_left_shift.Tensor_out(L0,L1,·)
SKIP	w12:705	executor ExecutorchInvalidArgumentException: [ExecuTorch Error 0x12] Invalid argument: Execution failed for method: forward	n0*=copy(L0,L1,·)
MISMATCH	w12:73	out[0] non-finite mismatch (nan/inf positions differ)	n0*=log.out(L0,·)
SKIP	w12:741	executor ExecutorchInvalidArgumentException: [ExecuTorch Error 0x12] Invalid argument: Execution failed for method: forward	n0*=native_group_norm(L0,·,·,·,·,·,·,·)
SKIP	w12:744	executor ExecutorchInvalidArgumentException: [ExecuTorch Error 0x12] Invalid argument: Execution failed for method: forward	n0*=_pdist_forward(L0,·)
MISMATCH	w12:757	out[0] non-finite mismatch (nan/inf positions differ)	n0*=log.out(L0,·)
SKIP	w12:772	executor ExecutorchRuntimeException: [ExecuTorch Error 0x14] Operator missing: Execution failed for method: forward	n0*=_fft_r2c(L0,·,·,·)
CRASH	w12:46	executor unavailable	n0*=var_mean.correction(L0,·,·,·)
MISMATCH	w12:9	out[0] non-finite mismatch (nan/inf positions differ)	n0*=logit.out(L0,·,·)
SKIP	w12:88	executor ExecutorchRuntimeException: [ExecuTorch Error 0x14] Operator missing: Execution failed for method: forward	n0*=_fft_r2c(L0,·,·,·)
CRASH	w12:489	executor unavailable	n0*=min.dim_min(L0,·,·,L1,L2)
CRASH	w12:510	executor unavailable	n0*=div.Scalar(L0,·)
MISMATCH	w120:12	out[0] non-finite mismatch (nan/inf positions differ)	n0*=bitwise_left_shift.Tensor_out(L0,L1,·)
MISMATCH	w120:161	out[0] max|delta|=1.153e+18 (rtol=0.0 atol=0.0)	n0*=bitwise_left_shift.Tensor_Scalar(L0,·)
MISMATCH	w120:167	out[0] max|delta|=2.560e+02 (rtol=0.0 atol=0.0)	n0*=bitwise_right_shift.Tensor_Scalar_out(L0,·,·)
SKIP	w120:188	executor ExecutorchInvalidArgumentException: [ExecuTorch Error 0x12] Invalid argument: Execution failed for method: forward	n0*=arange.start_out(·,·,·,·)
MISMATCH	w120:205	out[0] non-finite mismatch (nan/inf positions differ)	n0*=grid_sampler_2d(L0,L1,·,·,·)
CRASH	w12:543	executor unavailable	n0*=where.self_out(L0,L1,L2,·)
SKIP	w120:213	executor ExecutorchInvalidArgumentException: [ExecuTorch Error 0x12] Invalid argument: Execution failed for method: forward	n0*=native_group_norm(L0,·,·,·,·,·,·,·)
SKIP	w120:24	executor ExecutorchInvalidArgumentException: [ExecuTorch Error 0x12] Invalid argument: Execution failed for method: forward	n0*=scatter.src_out(L0,·,L1,L2,·)
SKIP	w120:252	executor ExecutorchInvalidArgumentException: [ExecuTorch Error 0x12] Invalid argument: Execution failed for method: forward	n0*=scatter.src_out(L0,·,L1,L2,·)
MISMATCH	w120:257	out[0] shape (1, 0, 1, 1) vs (0, 0, 0, 0)	n0*=topk.values(L0,·,·,·,·,L1,L2)
CRASH	w12:657	executor unavailable	n0*=logical_or(L0,L1)
CRASH	w12:725	executor unavailable	n0*=trunc.out(L0,·)
CRASH	w12:742	executor unavailable	n0*=cosh.out(L0,·)
CRASH	w12:778	executor unavailable	n0*=fill.Scalar(L0,·)
CRASH	w12:779	executor unavailable	n0*=mean.out(L0,·,·,·,·)
CRASH	w120:100	executor unavailable	n0*=erf.out(L0,·)
MISMATCH	w120:273	out[0] non-finite mismatch (nan/inf positions differ)	n0*=gelu.out(L0,·,·)
MISMATCH	w120:288	out[0] shape () vs (0, 0)	n0*=max.dim_max(L0,·,·,L1,L2)
MISMATCH	w120:29	out[0] shape (0,) vs (0, 0, 0, 0, 0)	n0*=topk.values(L0,·,·,·,·,L1,L2)
SKIP	w120:295	executor ExecutorchInvalidArgumentException: [ExecuTorch Error 0x12] Invalid argument: Execution failed for method: forward	n0*=native_group_norm(L0,·,·,·,·,·,·,·)
SKIP	w120:31	executor ExecutorchInvalidArgumentException: [ExecuTorch Error 0x12] Invalid argument: Execution failed for method: forward	n0*=copy(L0,L1,·)
CRASH	w120:146	executor unavailable	n0*=slice_copy.Tensor(L0,·,·,·,·)
SKIP	w120:326	executor ExecutorchRuntimeException: [ExecuTorch Error 0x14] Operator missing: Execution failed for method: forward	n0*=_fft_r2c(L0,·,·,·)
CRASH	w120:177	executor unavailable	n0*=bitwise_xor.Tensor_out(L0,L1,·)
CRASH	w120:197	executor unavailable	n0*=tanh.out(L0,·)
CRASH	w120:210	executor unavailable	n0*=glu.out(L0,·,·)
SKIP	w120:416	executor ExecutorchInvalidArgumentException: [ExecuTorch Error 0x12] Invalid argument: Execution failed for method: forward	n0*=arange.start_out(·,·,·,·)
CRASH	w120:232	executor unavailable	n0*=replication_pad2d.out(L0,·,·)
SKIP	w120:441	executor ExecutorchInvalidArgumentException: [ExecuTorch Error 0x12] Invalid argument: Execution failed for method: forward	n0*=native_group_norm(L0,·,·,·,·,·,·,·)
MISMATCH	w120:45	out[0] non-finite mismatch (nan/inf positions differ)	n0*=gelu.out(L0,·,·)
MISMATCH	w120:465	out[0] max|delta|=4.612e+18 (rtol=0.01 atol=0.001)	n0*=bitwise_left_shift.Tensor_Scalar_out(L0,·,·)
MISMATCH	w120:468	out[0] non-finite mismatch (nan/inf positions differ)	n0*=bitwise_left_shift.Tensor_out(L0,L1,·)
MISMATCH	w120:514	out[0] max|delta|=4.000e+00 (rtol=0.0 atol=0.0)	n0*=remainder.Tensor_out(L0,L1,·)
MISMATCH	w120:521	out[0] max|delta|=3.999e-01 (rtol=0.01 atol=0.001)	n0*=_native_batch_norm_legit.no_stats(L0,·,·,·,·,·)
SKIP	w120:523	executor ExecutorchInvalidArgumentException: [ExecuTorch Error 0x12] Invalid argument: Execution failed for method: forward	n0*=native_group_norm(L0,·,·,·,·,·,·,·)
SKIP	w120:554	executor ExecutorchRuntimeException: [ExecuTorch Error 0x14] Operator missing: Execution failed for method: forward	n0*=_fft_r2c(L0,·,·,·)
MISMATCH	w120:389	out[0] max|delta|=2.882e+17 (rtol=0.0 atol=0.0)	n0*=bitwise_left_shift.Tensor_Scalar(L0,·)
CRASH	w120:259	executor unavailable	n0*=copy(L0,L1,·)
CRASH	w120:546	executor process died (native abort)	n0*=max_pool2d_with_indices_backward.grad_input(L0,L1,·,·,·,·,·,L2,L3)
SKIP	w120:644	executor ExecutorchInvalidArgumentException: [ExecuTorch Error 0x12] Invalid argument: Execution failed for method: forward	n0*=arange.start_out(·,·,·,·)
MISMATCH	w120:661	out[0] non-finite mismatch (nan/inf positions differ)	n0*=grid_sampler_2d(L0,L1,·,·,·)
SKIP	w120:67	executor ExecutorchInvalidArgumentException: [ExecuTorch Error 0x12] Invalid argument: Execution failed for method: forward	n0*=native_group_norm(L0,·,·,·,·,·,·,·)
SKIP	w120:669	executor ExecutorchInvalidArgumentException: [ExecuTorch Error 0x12] Invalid argument: Execution failed for method: forward	n0*=native_group_norm(L0,·,·,·,·,·,·,·)
MISMATCH	w120:693	out[0] max|delta|=2.882e+17 (rtol=0.01 atol=0.001)	n0*=bitwise_left_shift.Tensor_Scalar_out(L0,·,·)
SKIP	w120:70	executor ExecutorchInvalidArgumentException: [ExecuTorch Error 0x12] Invalid argument: Execution failed for method: forward	n0*=_pdist_forward(L0,·)
SKIP	w120:715	executor ExecutorchInvalidArgumentException: [ExecuTorch Error 0x12] Invalid argument: Execution failed for method: forward	n0*=copy(L0,L1,·)
MISMATCH	w120:729	out[0] non-finite mismatch (nan/inf positions differ)	n0*=gelu.out(L0,·,·)
SKIP	w120:754	executor ExecutorchInvalidArgumentException: [ExecuTorch Error 0x12] Invalid argument: Execution failed for method: forward	n0*=_pdist_forward(L0,·)
MISMATCH	w120:767	out[0] non-finite mismatch (nan/inf positions differ)	n0*=log.out(L0,·)
MISMATCH	w120:9	out[0] max|delta|=2.882e+17 (rtol=0.01 atol=0.001)	n0*=bitwise_left_shift.Tensor_Scalar_out(L0,·,·)
SKIP	w120:98	executor ExecutorchRuntimeException: [ExecuTorch Error 0x14] Operator missing: Execution failed for method: forward	n0*=_fft_r2c(L0,·,·,·)
SKIP	w121:1	executor ExecutorchInvalidArgumentException: [ExecuTorch Error 0x12] Invalid argument: Execution failed for method: forward	n0*=copy(L0,L1,·)
MISMATCH	w121:131	out[0] max|delta|=2.306e+18 (rtol=0.0 atol=0.0)	n0*=bitwise_left_shift.Tensor_Scalar(L0,·)
SKIP	w121:158	executor ExecutorchInvalidArgumentException: [ExecuTorch Error 0x12] Invalid argument: Execution failed for method: forward	n0*=arange.start_out(·,·,·,·)
SKIP	w121:183	executor ExecutorchInvalidArgumentException: [ExecuTorch Error 0x12] Invalid argument: Execution failed for method: forward	n0*=native_group_norm(L0,·,·,·,·,·,·,·)
CRASH	w120:346	executor unavailable	n0*=log10.out(L0,·)
MISMATCH	w121:207	out[0] max|delta|=4.612e+18 (rtol=0.01 atol=0.001)	n0*=bitwise_left_shift.Tensor_Scalar_out(L0,·,·)
MISMATCH	w121:210	out[0] max|delta|=1.611e+09 (rtol=0.0 atol=0.0)	n0*=bitwise_left_shift.Tensor_out(L0,L1,·)
MISMATCH	w121:217	out[0] non-finite mismatch (nan/inf positions differ)	n0*=logit.out(L0,·,·)
MISMATCH	w121:227	out[0] shape (0,) vs (0, 0, 0, 0, 0)	n0*=topk.values(L0,·,·,·,·,L1,L2)
SKIP	w121:229	executor ExecutorchInvalidArgumentException: [ExecuTorch Error 0x12] Invalid argument: Execution failed for method: forward	n0*=copy(L0,L1,·)
CRASH	w120:527	executor unavailable	n0*=reflection_pad1d.out(L0,·,·)
CRASH	w120:543	executor unavailable	n0*=tan.out(L0,·)
MISMATCH	w121:242	out[0] non-finite mismatch (nan/inf positions differ)	n0*=logit(L0,·)
MISMATCH	w121:243	out[0] non-finite mismatch (nan/inf positions differ)	n0*=gelu.out(L0,·,·)
CRASH	w120:656	executor unavailable	n0*=flip(L0,·)
SKIP	w121:265	executor ExecutorchInvalidArgumentException: [ExecuTorch Error 0x12] Invalid argument: Execution failed for method: forward	n0*=native_group_norm(L0,·,·,·,·,·,·,·)
SKIP	w121:268	executor ExecutorchInvalidArgumentException: [ExecuTorch Error 0x12] Invalid argument: Execution failed for method: forward	n0*=_pdist_forward(L0,·)
CRASH	w120:702	executor unavailable	n0*=sum.IntList_out(L0,·,·,·,·)
SKIP	w121:280	executor ExecutorchRuntimeException: [ExecuTorch Error 0x1] Internal error: Execution failed for method: forward	n0*=pixel_shuffle(L0,·)
SKIP	w121:296	executor ExecutorchRuntimeException: [ExecuTorch Error 0x14] Operator missing: Execution failed for method: forward	n0*=_fft_r2c(L0,·,·,·)
CRASH	w120:766	executor unavailable	n0*=pixel_shuffle(L0,·)
CRASH	w120:83	executor unavailable	n0*=log.out(L0,·)
SKIP	w121:325	executor IllegalArgumentException: unsupported input dtype code 24 on Android	n0*=linear.out(L0,L1,·,·)
CRASH	w121:139	executor unavailable	n0*=expand_copy(L0,·,·)
CRASH	w121:156	executor unavailable	n0*=_adaptive_avg_pool2d(L0,·)
CRASH	w121:177	executor unavailable	n0*=logical_not.out(L0,·)
MISMATCH	w121:359	out[0] max|delta|=2.306e+18 (rtol=0.0 atol=0.0)	n0*=bitwise_left_shift.Tensor_Scalar(L0,·)
SKIP	w121:367	executor ExecutorchInvalidArgumentException: [ExecuTorch Error 0x12] Invalid argument: Execution failed for method: forward	n0*=expand_copy(L0,·,·)
SKIP	w121:37	executor ExecutorchInvalidArgumentException: [ExecuTorch Error 0x12] Invalid argument: Execution failed for method: forward	n0*=native_group_norm(L0,·,·,·,·,·,·,·)
CRASH	w121:197	executor unavailable	n0*=roll(L0,·,·)
SKIP	w121:386	executor ExecutorchInvalidArgumentException: [ExecuTorch Error 0x12] Invalid argument: Execution failed for method: forward	n0*=arange.start_out(·,·,·,·)
CRASH	w121:204	executor unavailable	n0*=detach_copy(L0)
SKIP	w121:40	executor ExecutorchInvalidArgumentException: [ExecuTorch Error 0x12] Invalid argument: Execution failed for method: forward	n0*=_pdist_forward(L0,·)
MISMATCH	w121:435	out[0] max|delta|=4.612e+18 (rtol=0.01 atol=0.001)	n0*=bitwise_left_shift.Tensor_Scalar_out(L0,·,·)
MISMATCH	w121:438	out[0] max|delta|=2.147e+09 (rtol=0.0 atol=0.0)	n0*=bitwise_left_shift.Tensor_out(L0,L1,·)
SKIP	w121:457	executor ExecutorchInvalidArgumentException: [ExecuTorch Error 0x12] Invalid argument: Execution failed for method: forward	n0*=copy(L0,L1,·)
MISMATCH	w121:471	out[0] non-finite mismatch (nan/inf positions differ)	n0*=gelu.out(L0,·,·)
MISMATCH	w121:485	out[0] max|delta|=4.000e+00 (rtol=0.0 atol=0.0)	n0*=fmod.Scalar(L0,·)
MISMATCH	w121:484	out[0] max|delta|=4.000e+00 (rtol=0.0 atol=0.0)	n0*=remainder.Tensor_out(L0,L1,·)
SKIP	w121:493	executor ExecutorchInvalidArgumentException: [ExecuTorch Error 0x12] Invalid argument: Execution failed for method: forward	n0*=native_group_norm(L0,·,·,·,·,·,·,·)
SKIP	w121:496	executor ExecutorchInvalidArgumentException: [ExecuTorch Error 0x12] Invalid argument: Execution failed for method: forward	n0*=_pdist_forward(L0,·)
MISMATCH	w121:509	out[0] non-finite mismatch (nan/inf positions differ)	n0*=log.out(L0,·)
SKIP	w121:524	executor ExecutorchRuntimeException: [ExecuTorch Error 0x14] Operator missing: Execution failed for method: forward	n0*=_fft_r2c(L0,·,·,·)
MISMATCH	w121:53	out[0] non-finite mismatch (nan/inf positions differ)	n0*=log.out(L0,·)
SKIP	w121:534	executor ExecutorchRuntimeException: [ExecuTorch Error 0x1] Internal error: Execution failed for method: forward	n0*=pixel_unshuffle(L0,·)
MISMATCH	w121:570	out[0] non-finite mismatch (nan/inf positions differ)	n0*=addmm.out(L0,L1,L2,·,·,·)
SKIP	w121:595	executor ExecutorchInvalidArgumentException: [ExecuTorch Error 0x12] Invalid argument: Execution failed for method: forward	n0*=expand_copy(L0,·,·)
SKIP	w121:614	executor ExecutorchInvalidArgumentException: [ExecuTorch Error 0x12] Invalid argument: Execution failed for method: forward	n0*=arange.start_out(·,·,·,·)
MISMATCH	w121:666	out[0] max|delta|=6.918e+18 (rtol=0.01 atol=0.001)	n0*=bitwise_left_shift.Tensor_out(L0,L1,·)
SKIP	w121:68	executor ExecutorchRuntimeException: [ExecuTorch Error 0x14] Operator missing: Execution failed for method: forward	n0*=_fft_r2c(L0,·,·,·)
CRASH	w121:303	executor unavailable	n0*=mean.out(L0,·,·,·,·)
CRASH	w121:308	executor unavailable	n0*=repeat(L0,·)
MISMATCH	w121:683	out[0] shape (1, 1, 1) vs (0, 0, 0, 0, 0)	n0*=topk.values(L0,·,·,·,·,L1,L2)
SKIP	w121:685	executor ExecutorchInvalidArgumentException: [ExecuTorch Error 0x12] Invalid argument: Execution failed for method: forward	n0*=copy(L0,L1,·)
CRASH	w121:381	executor unavailable	n0*=remainder.Scalar_out(L0,·,·)
MISMATCH	w121:699	out[0] non-finite mismatch (nan/inf positions differ)	n0*=gelu.out(L0,·,·)
CRASH	w121:404	executor unavailable	n0*=le.Tensor_out(L0,L1,·)
SKIP	w121:724	executor ExecutorchInvalidArgumentException: [ExecuTorch Error 0x12] Invalid argument: Execution failed for method: forward	n0*=_pdist_forward(L0,·)
CRASH	w121:455	executor unavailable	n0*=topk.values(L0,·,·,·,·,L1,L2)
CRASH	w121:466	executor unavailable	n0*=linear(L0,L1,·)
SKIP	w121:752	executor ExecutorchRuntimeException: [ExecuTorch Error 0x14] Operator missing: Execution failed for method: forward	n0*=_fft_r2c(L0,·,·,·)
SKIP	w121:762	executor ExecutorchRuntimeException: [ExecuTorch Error 0x1] Internal error: Execution failed for method: forward	n0*=pixel_unshuffle(L0,·)
CRASH	w121:56	executor unavailable	n0*=bitwise_xor.Scalar(L0,·)
CRASH	w121:572	executor unavailable	n0*=slice_copy.Tensor(L0,·,·,·,·)
CRASH	w121:640	executor unavailable	n0*=squeeze_copy.dims(L0,·)
CRASH	w121:639	executor unavailable	n0*=native_group_norm(L0,·,·,·,·,·,·,·)
SKIP	w122:140	executor ExecutorchInvalidArgumentException: [ExecuTorch Error 0x12] Invalid argument: Execution failed for method: forward	n0*=arange.start_out(·,·,·,·)
CRASH	w121:654	executor unavailable	n0*=mul.out(L0,L1,·)
SKIP	w122:165	executor ExecutorchInvalidArgumentException: [ExecuTorch Error 0x12] Invalid argument: Execution failed for method: forward	n0*=native_group_norm(L0,·,·,·,·,·,·,·)
SKIP	w122:19	executor ExecutorchInvalidArgumentException: [ExecuTorch Error 0x12] Invalid argument: Execution failed for method: forward	n0*=native_group_norm(L0,·,·,·,·,·,·,·)
MISMATCH	w122:192	out[0] max|delta|=2.147e+09 (rtol=0.0 atol=0.0)	n0*=bitwise_left_shift.Tensor_out(L0,L1,·)
SKIP	w122:22	executor ExecutorchInvalidArgumentException: [ExecuTorch Error 0x12] Invalid argument: Execution failed for method: forward	n0*=_pdist_forward(L0,·)
MISMATCH	w122:223	out[0] shape () vs (0, 0, 0, 0, 0)	n0*=min.dim_min(L0,·,·,L1,L2)
CRASH	w121:681	executor unavailable	n0*=avg_pool2d.out(L0,·,·,·,·,·,·,·)
MISMATCH	w122:238	out[0] max|delta|=4.000e+00 (rtol=0.01 atol=0.001)	n0*=remainder.Tensor_out(L0,L1,·)
SKIP	w122:247	executor ExecutorchInvalidArgumentException: [ExecuTorch Error 0x12] Invalid argument: Execution failed for method: forward	n0*=native_group_norm(L0,·,·,·,·,·,·,·)
SKIP	w122:250	executor ExecutorchInvalidArgumentException: [ExecuTorch Error 0x12] Invalid argument: Execution failed for method: forward	n0*=_pdist_forward(L0,·)
MISMATCH	w122:263	out[0] non-finite mismatch (nan/inf positions differ)	n0*=log.out(L0,·)
SKIP	w122:262	executor ExecutorchRuntimeException: [ExecuTorch Error 0x1] Internal error: Execution failed for method: forward	n0*=pixel_shuffle(L0,·)
SKIP	w122:278	executor ExecutorchRuntimeException: [ExecuTorch Error 0x14] Operator missing: Execution failed for method: forward	n0*=_fft_r2c(L0,·,·,·)
SKIP	w122:34	executor ExecutorchRuntimeException: [ExecuTorch Error 0x1] Internal error: Execution failed for method: forward	n0*=pixel_shuffle(L0,·)
SKIP	w122:349	executor ExecutorchInvalidArgumentException: [ExecuTorch Error 0x12] Invalid argument: Execution failed for method: forward	n0*=expand_copy(L0,·,·)
MISMATCH	w122:355	out[0] max|delta|=2.550e+02 (rtol=0.0 atol=0.0)	n0*=prod(L0,·)
CRASH	w121:79	executor unavailable	n0*=rsqrt.out(L0,·)
CRASH	w121:96	executor unavailable	n0*=masked_scatter(L0,L1,L2)
CRASH	w122:114	executor unavailable	n0*=pixel_shuffle(L0,·)
CRASH	w122:161	executor unavailable	n0*=acos.out(L0,·)
CRASH	w122:173	executor unavailable	n0*=expm1.out(L0,·)
CRASH	w122:191	executor unavailable	n0*=bitwise_xor.Scalar_out(L0,·,·)
SKIP	w122:368	executor ExecutorchInvalidArgumentException: [ExecuTorch Error 0x12] Invalid argument: Execution failed for method: forward	n0*=arange.start_out(·,·,·,·)
SKIP	w122:393	executor ExecutorchInvalidArgumentException: [ExecuTorch Error 0x12] Invalid argument: Execution failed for method: forward	n0*=native_group_norm(L0,·,·,·,·,·,·,·)
CRASH	w122:240	executor unavailable	n0*=max.dim_max(L0,·,·,L1,L2)
MISMATCH	w122:420	out[0] max|delta|=6.918e+18 (rtol=0.01 atol=0.001)	n0*=bitwise_left_shift.Tensor_out(L0,L1,·)
CRASH	w122:248	executor unavailable	n0*=cosh.out(L0,·)
MISMATCH	w122:453	out[0] non-finite mismatch (nan/inf positions differ)	n0*=gelu.out(L0,·,·)
MISMATCH	w122:466	out[0] max|delta|=4.000e+00 (rtol=0.0 atol=0.0)	n0*=remainder.Tensor_out(L0,L1,·)
CRASH	w122:297	executor unavailable	n0*=leaky_relu.out(L0,·,·)
SKIP	w122:478	executor ExecutorchInvalidArgumentException: [ExecuTorch Error 0x12] Invalid argument: Execution failed for method: forward	n0*=_pdist_forward(L0,·)
CRASH	w122:311	executor unavailable	n0*=logical_xor(L0,L1)
SKIP	w122:50	executor ExecutorchRuntimeException: [ExecuTorch Error 0x14] Operator missing: Execution failed for method: forward	n0*=_fft_r2c(L0,·,·,·)
SKIP	w122:506	executor ExecutorchRuntimeException: [ExecuTorch Error 0x14] Operator missing: Execution failed for method: forward	n0*=_fft_r2c(L0,·,·,·)
SKIP	w122:533	executor ExecutorchRuntimeException: [ExecuTorch Error 0x1] Internal error: Execution failed for method: forward	n0*=_softmax.out(L0,·,·,·)
SKIP	w122:545	executor ExecutorchInvalidArgumentException: [ExecuTorch Error 0x12] Invalid argument: Execution failed for method: forward	n0*=mm.out(L0,L1,·)
MISMATCH	w122:569	out[0] max|delta|=5.033e+07 (rtol=0.0 atol=0.0)	n0*=bitwise_left_shift.Tensor_Scalar(L0,·)
SKIP	w122:571	executor ExecutorchInvalidArgumentException: [ExecuTorch Error 0x12] Invalid argument: Execution failed for method: forward	n0*=scatter_add.out(L0,·,L1,L2,·)
SKIP	w122:577	executor ExecutorchInvalidArgumentException: [ExecuTorch Error 0x12] Invalid argument: Execution failed for method: forward	n0*=expand_copy(L0,·,·)
SKIP	w122:590	executor ExecutorchRuntimeException: [ExecuTorch Error 0x1] Internal error: Execution failed for method: forward	n0*=pixel_unshuffle(L0,·)
CRASH	w122:363	executor unavailable	n0*=remainder.Scalar_out(L0,·,·)
SKIP	w122:596	executor ExecutorchInvalidArgumentException: [ExecuTorch Error 0x12] Invalid argument: Execution failed for method: forward	n0*=arange.start_out(·,·,·,·)
CRASH	w122:366	executor unavailable	n0*=_adaptive_avg_pool2d(L0,·)
SKIP	w122:475	executor ExecutorchInvalidArgumentException: [ExecuTorch Error 0x12] Invalid argument: Execution failed for method: forward	n0*=native_group_norm(L0,·,·,·,·,·,·,·)
SKIP	w122:621	executor ExecutorchInvalidArgumentException: [ExecuTorch Error 0x12] Invalid argument: Execution failed for method: forward	n0*=native_group_norm(L0,·,·,·,·,·,·,·)
MISMATCH	w122:645	out[0] non-finite mismatch (nan/inf positions differ)	n0*=bitwise_left_shift.Tensor_Scalar_out(L0,·,·)
MISMATCH	w122:648	out[0] max|delta|=6.918e+18 (rtol=0.01 atol=0.001)	n0*=bitwise_left_shift.Tensor_out(L0,L1,·)
MISMATCH	w122:665	out[0] shape (0,) vs (0, 0, 0, 0)	n0*=topk.values(L0,·,·,·,·,L1,L2)
SKIP	w122:667	executor ExecutorchInvalidArgumentException: [ExecuTorch Error 0x12] Invalid argument: Execution failed for method: forward	n0*=copy(L0,L1,·)
SKIP	w122:703	executor ExecutorchInvalidArgumentException: [ExecuTorch Error 0x12] Invalid argument: Execution failed for method: forward	n0*=native_group_norm(L0,·,·,·,·,·,·,·)
SKIP	w122:706	executor ExecutorchInvalidArgumentException: [ExecuTorch Error 0x12] Invalid argument: Execution failed for method: forward	n0*=_pdist_forward(L0,·)
SKIP	w122:718	executor ExecutorchRuntimeException: [ExecuTorch Error 0x1] Internal error: Execution failed for method: forward	n0*=pixel_shuffle(L0,·)
MISMATCH	w122:719	out[0] non-finite mismatch (nan/inf positions differ)	n0*=log.out(L0,·)
SKIP	w122:734	executor ExecutorchRuntimeException: [ExecuTorch Error 0x14] Operator missing: Execution failed for method: forward	n0*=_fft_r2c(L0,·,·,·)
MISMATCH	w123:103	out[0] max|delta|=1.153e+18 (rtol=0.01 atol=0.001)	n0*=bitwise_left_shift.Tensor_Scalar_out(L0,·,·)
MISMATCH	w123:106	out[0] max|delta|=1.611e+09 (rtol=0.0 atol=0.0)	n0*=bitwise_left_shift.Tensor_out(L0,L1,·)
MISMATCH	w123:123	out[0] max|delta|=3.000e+00 (rtol=0.0 atol=0.0)	n0*=topk.values(L0,·,·,·,·,L1,L2)
SKIP	w123:125	executor ExecutorchInvalidArgumentException: [ExecuTorch Error 0x12] Invalid argument: Execution failed for method: forward	n0*=copy(L0,L1,·)
MISMATCH	w123:139	out[0] non-finite mismatch (nan/inf positions differ)	n0*=gelu.out(L0,·,·)
SKIP	w123:161	executor ExecutorchInvalidArgumentException: [ExecuTorch Error 0x12] Invalid argument: Execution failed for method: forward	n0*=native_group_norm(L0,·,·,·,·,·,·,·)
SKIP	w123:164	executor ExecutorchInvalidArgumentException: [ExecuTorch Error 0x12] Invalid argument: Execution failed for method: forward	n0*=_pdist_forward(L0,·)
SKIP	w123:192	executor ExecutorchRuntimeException: [ExecuTorch Error 0x14] Operator missing: Execution failed for method: forward	n0*=_fft_r2c(L0,·,·,·)
SKIP	w123:219	executor ExecutorchRuntimeException: [ExecuTorch Error 0x1] Internal error: Execution failed for method: forward	n0*=_softmax.out(L0,·,·,·)
CRASH	w122:472	executor unavailable	n0*=div.Scalar(L0,·)
CRASH	w122:493	executor unavailable	n0*=isnan(L0)
CRASH	w122:585	executor unavailable	n0*=bitwise_xor.Tensor_out(L0,L1,·)
SKIP	w123:257	executor ExecutorchInvalidArgumentException: [ExecuTorch Error 0x12] Invalid argument: Execution failed for method: forward	n0*=scatter_add.out(L0,·,L1,L2,·)
CRASH	w122:652	executor unavailable	n0*=abs.out(L0,·)
SKIP	w123:282	executor ExecutorchInvalidArgumentException: [ExecuTorch Error 0x12] Invalid argument: Execution failed for method: forward	n0*=arange.start_out(·,·,·,·)
SKIP	w123:307	executor ExecutorchInvalidArgumentException: [ExecuTorch Error 0x12] Invalid argument: Execution failed for method: forward	n0*=native_group_norm(L0,·,·,·,·,·,·,·)
CRASH	w122:758	executor unavailable	n0*=bitwise_right_shift.Tensor_Scalar(L0,·)
MISMATCH	w123:331	out[0] non-finite mismatch (nan/inf positions differ)	n0*=bitwise_left_shift.Tensor_Scalar_out(L0,·,·)
MISMATCH	w123:334	out[0] max|delta|=9.223e+18 (rtol=0.01 atol=0.001)	n0*=bitwise_left_shift.Tensor_out(L0,L1,·)
CRASH	w122:9	executor unavailable	n0*=reciprocal.out(L0,·)
CRASH	w122:97	executor unavailable	n0*=unfold_copy(L0,·,·,·)
SKIP	w123:35	executor ExecutorchInvalidArgumentException: [ExecuTorch Error 0x12] Invalid argument: Execution failed for method: forward	n0*=expand_copy(L0,·,·)
MISMATCH	w123:351	out[0] shape (1, 1, 1, 1) vs (0, 0, 0, 0, 0)	n0*=topk.values(L0,·,·,·,·,L1,L2)
CRASH	w123:129	executor unavailable	n0*=isinf(L0)
MISMATCH	w123:367	out[0] non-finite mismatch (nan/inf positions differ)	n0*=gelu.out(L0,·,·)
CRASH	w123:200	executor unavailable	n0*=slice_scatter(L0,L1,·,·,·,·)
CRASH	w123:203	executor unavailable	n0*=rsqrt.out(L0,·)
CRASH	w123:208	executor unavailable	n0*=bitwise_and.Tensor_out(L0,L1,·)
SKIP	w123:392	executor ExecutorchInvalidArgumentException: [ExecuTorch Error 0x12] Invalid argument: Execution failed for method: forward	n0*=_pdist_forward(L0,·)
MISMATCH	w123:405	out[0] non-finite mismatch (nan/inf positions differ)	n0*=log.out(L0,·)
SKIP	w123:420	executor ExecutorchRuntimeException: [ExecuTorch Error 0x14] Operator missing: Execution failed for method: forward	n0*=_fft_r2c(L0,·,·,·)
SKIP	w123:429	executor ExecutorchInvalidArgumentException: [ExecuTorch Error 0x12] Invalid argument: Execution failed for method: forward	n0*=_native_batch_norm_legit_no_training(L0,·,·,L1,L2,·,·)
CRASH	w123:235	executor unavailable	n0*=_log_softmax.out(L0,·,·,·)
SKIP	w123:510	executor ExecutorchInvalidArgumentException: [ExecuTorch Error 0x12] Invalid argument: Execution failed for method: forward	n0*=arange.start_out(·,·,·,·)
SKIP	w123:389	executor ExecutorchInvalidArgumentException: [ExecuTorch Error 0x12] Invalid argument: Execution failed for method: forward	n0*=native_group_norm(L0,·,·,·,·,·,·,·)
SKIP	w123:535	executor ExecutorchInvalidArgumentException: [ExecuTorch Error 0x12] Invalid argument: Execution failed for method: forward	n0*=native_group_norm(L0,·,·,·,·,·,·,·)
SKIP	w123:54	executor ExecutorchInvalidArgumentException: [ExecuTorch Error 0x12] Invalid argument: Execution failed for method: forward	n0*=arange.start_out(·,·,·,·)
MISMATCH	w123:562	out[0] non-finite mismatch (nan/inf positions differ)	n0*=bitwise_left_shift.Tensor_out(L0,L1,·)
MISMATCH	w123:594	out[0] non-finite mismatch (nan/inf positions differ)	n0*=logit(L0,·)
MISMATCH	w123:595	out[0] non-finite mismatch (nan/inf positions differ)	n0*=gelu.out(L0,·,·)
SKIP	w123:60	executor ExecutorchInvalidArgumentException: [ExecuTorch Error 0x12] Invalid argument: Execution failed for method: forward	n0*=scatter.value_out(L0,·,L1,·,·)
SKIP	w123:617	executor ExecutorchInvalidArgumentException: [ExecuTorch Error 0x12] Invalid argument: Execution failed for method: forward	n0*=native_group_norm(L0,·,·,·,·,·,·,·)
CRASH	w123:336	executor unavailable	n0*=var.correction_out(L0,·,·,·,·)
CRASH	w123:374	executor unavailable	n0*=asin.out(L0,·)
CRASH	w123:437	executor unavailable	n0*=ceil.out(L0,·)
CRASH	w123:448	executor unavailable	n0*=masked_scatter(L0,L1,L2)
CRASH	w123:481	executor unavailable	n0*=sqrt.out(L0,·)
CRASH	w123:509	executor unavailable	n0*=amax.out(L0,·,·,·)
CRASH	w123:542	executor unavailable	n0*=amin.out(L0,·,·,·)
CRASH	w123:604	executor unavailable	n0*=select_scatter(L0,L1,·,·)
CRASH	w123:608	executor unavailable	n0*=remainder.Tensor_out(L0,L1,·)
CRASH	w123:609	executor unavailable	n0*=fmod.Scalar(L0,·)
SKIP	w123:738	executor ExecutorchInvalidArgumentException: [ExecuTorch Error 0x12] Invalid argument: Execution failed for method: forward	n0*=arange.start_out(·,·,·,·)
SKIP	w123:763	executor ExecutorchInvalidArgumentException: [ExecuTorch Error 0x12] Invalid argument: Execution failed for method: forward	n0*=native_group_norm(L0,·,·,·,·,·,·,·)
SKIP	w123:79	executor ExecutorchInvalidArgumentException: [ExecuTorch Error 0x12] Invalid argument: Execution failed for method: forward	n0*=native_group_norm(L0,·,·,·,·,·,·,·)
SKIP	w124:106	executor ExecutorchInvalidArgumentException: [ExecuTorch Error 0x12] Invalid argument: Execution failed for method: forward	n0*=gather.out(L0,·,L1,·,·)
SKIP	w124:105	executor ExecutorchInvalidArgumentException: [ExecuTorch Error 0x12] Invalid argument: Execution failed for method: forward	n0*=arange.start_out(·,·,·,·)
CRASH	w123:648	executor unavailable	n0*=_fft_r2c(L0,·,·,·)
SKIP	w124:130	executor ExecutorchInvalidArgumentException: [ExecuTorch Error 0x12] Invalid argument: Execution failed for method: forward	n0*=native_group_norm(L0,·,·,·,·,·,·,·)
CRASH	w123:658	executor unavailable	n0*=pixel_unshuffle(L0,·)
SKIP	w124:15	executor ExecutorchRuntimeException: [ExecuTorch Error 0x14] Operator missing: Execution failed for method: forward	n0*=_fft_r2c(L0,·,·,·)
MISMATCH	w124:174	out[0] shape (0, 0, 0) vs (0, 0, 0, 0, 0)	n0*=topk.values(L0,·,·,·,·,L1,L2)
SKIP	w124:176	executor ExecutorchInvalidArgumentException: [ExecuTorch Error 0x12] Invalid argument: Execution failed for method: forward	n0*=copy(L0,L1,·)
MISMATCH	w124:190	out[0] non-finite mismatch (nan/inf positions differ)	n0*=gelu.out(L0,·,·)
SKIP	w124:253	executor ExecutorchRuntimeException: [ExecuTorch Error 0x1] Internal error: Execution failed for method: forward	n0*=pixel_unshuffle(L0,·)
MISMATCH	w124:306	out[0] max|delta|=7.206e+16 (rtol=0.0 atol=0.0)	n0*=bitwise_left_shift.Tensor_Scalar(L0,·)
SKIP	w124:314	executor ExecutorchInvalidArgumentException: [ExecuTorch Error 0x12] Invalid argument: Execution failed for method: forward	n0*=expand_copy(L0,·,·)
SKIP	w124:358	executor ExecutorchInvalidArgumentException: [ExecuTorch Error 0x12] Invalid argument: Execution failed for method: forward	n0*=native_group_norm(L0,·,·,·,·,·,·,·)
MISMATCH	w124:385	out[0] max|delta|=6.918e+18 (rtol=0.01 atol=0.001)	n0*=bitwise_left_shift.Tensor_out(L0,L1,·)
MISMATCH	w124:391	out[0] max|delta|=2.147e+09 (rtol=0.0 atol=0.0)	n0*=sum.IntList_out(L0,·,·,·,·)
SKIP	w124:333	executor ExecutorchInvalidArgumentException: [ExecuTorch Error 0x12] Invalid argument: Execution failed for method: forward	n0*=arange.start_out(·,·,·,·)
SKIP	w124:397	executor ExecutorchInvalidArgumentException: [ExecuTorch Error 0x12] Invalid argument: Execution failed for method: forward	n0*=scatter.src_out(L0,·,L1,L2,·)
MISMATCH	w124:402	out[0] shape (0, 0, 0, 0) vs (0, 0, 0, 0, 0)	n0*=topk.values(L0,·,·,·,·,L1,L2)
MISMATCH	w124:418	out[0] non-finite mismatch (nan/inf positions differ)	n0*=gelu.out(L0,·,·)
MISMATCH	w124:39	out[0] max|delta|=3.200e+01 (rtol=0.0 atol=0.0)	n0*=bitwise_right_shift.Tensor_Scalar(L0,·)
SKIP	w124:440	executor ExecutorchInvalidArgumentException: [ExecuTorch Error 0x12] Invalid argument: Execution failed for method: forward	n0*=native_group_norm(L0,·,·,·,·,·,·,·)
SKIP	w124:443	executor ExecutorchInvalidArgumentException: [ExecuTorch Error 0x12] Invalid argument: Execution failed for method: forward	n0*=_pdist_forward(L0,·)
CRASH	w123:719	executor unavailable	n0*=expand_copy(L0,·,·)
CRASH	w123:78	executor unavailable	n0*=ne.Tensor_out(L0,L1,·)
CRASH	w123:92	executor unavailable	n0*=round.out(L0,·)
CRASH	w124:117	executor unavailable	n0*=flip(L0,·)
CRASH	w124:13	executor unavailable	n0*=any.dims_out(L0,·,·,·)
MISMATCH	w124:456	out[0] non-finite mismatch (nan/inf positions differ)	n0*=log.out(L0,·)
SKIP	w124:471	executor ExecutorchRuntimeException: [ExecuTorch Error 0x14] Operator missing: Execution failed for method: forward	n0*=_fft_r2c(L0,·,·,·)
CRASH	w124:243	executor unavailable	n0*=_fft_r2c(L0,·,·,·)
SKIP	w124:542	executor ExecutorchInvalidArgumentException: [ExecuTorch Error 0x12] Invalid argument: Execution failed for method: forward	n0*=expand_copy(L0,·,·)
MISMATCH	w124:556	out[0] max|delta|=6.000e+00 (rtol=0.01 atol=0.001)	n0*=remainder.Scalar_out(L0,·,·)
SKIP	w124:559	executor ExecutorchInvalidArgumentException: [ExecuTorch Error 0x12] Invalid argument: Execution failed for method: forward	n0*=_adaptive_avg_pool2d(L0,·)
CRASH	w124:320	executor unavailable	n0*=prod(L0,·)
SKIP	w124:561	executor ExecutorchInvalidArgumentException: [ExecuTorch Error 0x12] Invalid argument: Execution failed for method: forward	n0*=arange.start_out(·,·,·,·)
SKIP	w124:581	executor ExecutorchInvalidArgumentException: [ExecuTorch Error 0x12] Invalid argument: Execution failed for method: forward	n0*=convolution(L0,L1,·,·,·,·,·,·,·)
SKIP	w124:586	executor ExecutorchInvalidArgumentException: [ExecuTorch Error 0x12] Invalid argument: Execution failed for method: forward	n0*=native_group_norm(L0,·,·,·,·,·,·,·)
CRASH	w124:349	executor unavailable	n0*=prod.int_out(L0,·,·,·,·)
CRASH	w124:382	executor unavailable	n0*=bitwise_left_shift.Tensor_Scalar_out(L0,·,·)
MISMATCH	w124:630	out[0] shape (0,) vs (0, 0, 0, 0, 0)	n0*=topk.values(L0,·,·,·,·,L1,L2)
MISMATCH	w124:646	out[0] non-finite mismatch (nan/inf positions differ)	n0*=gelu.out(L0,·,·)
CRASH	w124:411	executor unavailable	n0*=pow.Tensor_Scalar_out(L0,·,·)
MISMATCH	w124:661	out[0] shape (1,) vs (0, 0, 0, 0, 0)	n0*=max.dim_max(L0,·,·,L1,L2)
SKIP	w124:671	executor ExecutorchInvalidArgumentException: [ExecuTorch Error 0x12] Invalid argument: Execution failed for method: forward	n0*=_pdist_forward(L0,·)
CRASH	w124:432	executor unavailable	n0*=fmod.Scalar(L0,·)
MISMATCH	w124:684	out[0] non-finite mismatch (nan/inf positions differ)	n0*=log.out(L0,·)
SKIP	w124:699	executor ExecutorchRuntimeException: [ExecuTorch Error 0x14] Operator missing: Execution failed for method: forward	n0*=_fft_r2c(L0,·,·,·)
CRASH	w124:448	executor unavailable	n0*=arange.out(·,·)
SKIP	w124:668	executor ExecutorchInvalidArgumentException: [ExecuTorch Error 0x12] Invalid argument: Execution failed for method: forward	n0*=native_group_norm(L0,·,·,·,·,·,·,·)
MISMATCH	w124:723	out[0] max|delta|=6.400e+01 (rtol=0.0 atol=0.0)	n0*=bitwise_right_shift.Tensor_Scalar(L0,·)
MISMATCH	w124:755	out[0] max|delta|=3.000e+00 (rtol=0.0 atol=0.0)	n0*=remainder.Scalar(L0,·)
SKIP	w124:764	executor ExecutorchInvalidArgumentException: [ExecuTorch Error 0x12] Invalid argument: Execution failed for method: forward	n0*=scatter_add.out(L0,·,L1,L2,·)
MISMATCH	w124:776	out[0] max|delta|=1.000e+00 (rtol=0.0 atol=0.0)	n0*=prod(L0,·)
SKIP	w124:80	executor ExecutorchInvalidArgumentException: [ExecuTorch Error 0x12] Invalid argument: Execution failed for method: forward	n0*=scatter_add.out(L0,·,L1,L2,·)
SKIP	w124:86	executor ExecutorchInvalidArgumentException: [ExecuTorch Error 0x12] Invalid argument: Execution failed for method: forward	n0*=expand_copy(L0,·,·)
MISMATCH	w124:92	out[0] max|delta|=1.000e+00 (rtol=0.0 atol=0.0)	n0*=prod(L0,·)
SKIP	w125:147	executor ExecutorchInvalidArgumentException: [ExecuTorch Error 0x12] Invalid argument: Execution failed for method: forward	n0*=arange.start_out(·,·,·,·)
MISMATCH	w125:196	out[0] max|delta|=7.206e+16 (rtol=0.01 atol=0.001)	n0*=bitwise_left_shift.Tensor_Scalar_out(L0,·,·)
MISMATCH	w125:199	out[0] non-finite mismatch (nan/inf positions differ)	n0*=bitwise_left_shift.Tensor_out(L0,L1,·)
MISMATCH	w125:216	out[0] shape (1, 0) vs (0, 0, 0)	n0*=topk.values(L0,·,·,·,·,L1,L2)
SKIP	w125:218	executor ExecutorchInvalidArgumentException: [ExecuTorch Error 0x12] Invalid argument: Execution failed for method: forward	n0*=copy(L0,L1,·)
MISMATCH	w125:230	out[0] shape (1, 1, 1) vs (0, 0, 0, 0, 0)	n0*=min.dim_min(L0,·,·,L1,L2)
MISMATCH	w125:231	out[0] non-finite mismatch (nan/inf positions differ)	n0*=logit(L0,·)
CRASH	w124:61	executor unavailable	n0*=addmm.out(L0,L1,L2,·,·,·)
CRASH	w124:611	executor unavailable	n0*=maximum.out(L0,L1,·)
CRASH	w124:618	executor unavailable	n0*=index_put(L0,·,L1,·)
CRASH	w124:656	executor unavailable	n0*=acosh.out(L0,·)
SKIP	w125:254	executor ExecutorchInvalidArgumentException: [ExecuTorch Error 0x12] Invalid argument: Execution failed for method: forward	n0*=native_group_norm(L0,·,·,·,·,·,·,·)
SKIP	w125:257	executor ExecutorchInvalidArgumentException: [ExecuTorch Error 0x12] Invalid argument: Execution failed for method: forward	n0*=_pdist_forward(L0,·)
SKIP	w125:26	executor ExecutorchInvalidArgumentException: [ExecuTorch Error 0x12] Invalid argument: Execution failed for method: forward	n0*=native_group_norm(L0,·,·,·,·,·,·,·)
MISMATCH	w125:270	out[0] non-finite mismatch (nan/inf positions differ)	n0*=log.out(L0,·)
CRASH	w124:710	executor unavailable	n0*=rsqrt.out(L0,·)
SKIP	w125:285	executor ExecutorchRuntimeException: [ExecuTorch Error 0x14] Operator missing: Execution failed for method: forward	n0*=_fft_r2c(L0,·,·,·)
SKIP	w125:29	executor ExecutorchInvalidArgumentException: [ExecuTorch Error 0x12] Invalid argument: Execution failed for method: forward	n0*=_pdist_forward(L0,·)
CRASH	w125:102	executor unavailable	n0*=neg.out(L0,·)
CRASH	w125:11	executor unavailable	n0*=asin.out(L0,·)
SKIP	w125:350	executor ExecutorchInvalidArgumentException: [ExecuTorch Error 0x12] Invalid argument: Execution failed for method: forward	n0*=scatter_add.out(L0,·,L1,L2,·)
CRASH	w125:145	executor unavailable	n0*=_adaptive_avg_pool2d(L0,·)
CRASH	w125:198	executor unavailable	n0*=bitwise_xor.Scalar_out(L0,·,·)
CRASH	w125:206	executor unavailable	n0*=logit.out(L0,·,·)
MISMATCH	w125:366	out[0] non-finite mismatch (nan/inf positions differ)	n0*=native_layer_norm(L0,·,·,·,·)
MISMATCH	w125:370	out[0] max|delta|=5.000e+00 (rtol=0.0 atol=0.0)	n0*=remainder.Scalar_out(L0,·,·)
SKIP	w125:375	executor ExecutorchInvalidArgumentException: [ExecuTorch Error 0x12] Invalid argument: Execution failed for method: forward	n0*=arange.start_out(·,·,·,·)
CRASH	w125:224	executor unavailable	n0*=squeeze_copy.dim(L0,·)
MISMATCH	w125:4	out[0] non-finite mismatch (nan/inf positions differ)	n0*=gelu.out(L0,·,·)
SKIP	w125:400	executor ExecutorchInvalidArgumentException: [ExecuTorch Error 0x12] Invalid argument: Execution failed for method: forward	n0*=native_group_norm(L0,·,·,·,·,·,·,·)
MISMATCH	w125:427	out[0] non-finite mismatch (nan/inf positions differ)	n0*=bitwise_left_shift.Tensor_out(L0,L1,·)
SKIP	w125:439	executor ExecutorchInvalidArgumentException: [ExecuTorch Error 0x12] Invalid argument: Execution failed for method: forward	n0*=scatter.src_out(L0,·,L1,L2,·)
MISMATCH	w125:444	out[0] shape (1, 1, 1, 1, 1) vs (0, 0, 0, 0, 0)	n0*=topk.values(L0,·,·,·,·,L1,L2)
CRASH	w125:247	executor unavailable	n0*=max.dim_max(L0,·,·,L1,L2)
SKIP	w125:446	executor ExecutorchInvalidArgumentException: [ExecuTorch Error 0x12] Invalid argument: Execution failed for method: forward	n0*=copy(L0,L1,·)
MISMATCH	w125:460	out[0] non-finite mismatch (nan/inf positions differ)	n0*=gelu.out(L0,·,·)
MISMATCH	w125:473	out[0] max|delta|=3.000e+00 (rtol=0.01 atol=0.001)	n0*=remainder.Tensor_out(L0,L1,·)
SKIP	w125:482	executor ExecutorchInvalidArgumentException: [ExecuTorch Error 0x12] Invalid argument: Execution failed for method: forward	n0*=native_group_norm(L0,·,·,·,·,·,·,·)
MISMATCH	w125:498	out[0] non-finite mismatch (nan/inf positions differ)	n0*=log.out(L0,·)
SKIP	w125:513	executor ExecutorchRuntimeException: [ExecuTorch Error 0x14] Operator missing: Execution failed for method: forward	n0*=_fft_r2c(L0,·,·,·)
SKIP	w125:57	executor ExecutorchRuntimeException: [ExecuTorch Error 0x14] Operator missing: Execution failed for method: forward	n0*=_fft_r2c(L0,·,·,·)
MISMATCH	w125:576	out[0] max|delta|=9.223e+18 (rtol=0.0 atol=0.0)	n0*=bitwise_left_shift.Tensor_Scalar(L0,·)
SKIP	w125:584	executor ExecutorchInvalidArgumentException: [ExecuTorch Error 0x12] Invalid argument: Execution failed for method: forward	n0*=expand_copy(L0,·,·)
SKIP	w125:578	executor ExecutorchInvalidArgumentException: [ExecuTorch Error 0x12] Invalid argument: Execution failed for method: forward	n0*=scatter_add.out(L0,·,L1,L2,·)
SKIP	w125:603	executor ExecutorchInvalidArgumentException: [ExecuTorch Error 0x12] Invalid argument: Execution failed for method: forward	n0*=arange.start_out(·,·,·,·)
MISMATCH	w125:655	out[0] non-finite mismatch (nan/inf positions differ)	n0*=bitwise_left_shift.Tensor_out(L0,L1,·)
CRASH	w125:323	executor unavailable	n0*=ge.Scalar_out(L0,·,·)
CRASH	w125:331	executor unavailable	n0*=addmm.out(L0,L1,L2,·,·,·)
SKIP	w125:667	executor ExecutorchInvalidArgumentException: [ExecuTorch Error 0x12] Invalid argument: Execution failed for method: forward	n0*=scatter.src_out(L0,·,L1,L2,·)
MISMATCH	w125:672	out[0] shape (1, 1, 1, 1) vs (0, 0, 0, 0, 0)	n0*=topk.values(L0,·,·,·,·,L1,L2)
CRASH	w125:401	executor unavailable	n0*=squeeze_copy.dims(L0,·)
MISMATCH	w125:688	out[0] non-finite mismatch (nan/inf positions differ)	n0*=gelu.out(L0,·,·)
MISMATCH	w125:701	out[0] max|delta|=4.000e+00 (rtol=0.01 atol=0.001)	n0*=remainder.Tensor_out(L0,L1,·)
SKIP	w125:710	executor ExecutorchInvalidArgumentException: [ExecuTorch Error 0x12] Invalid argument: Execution failed for method: forward	n0*=native_group_norm(L0,·,·,·,·,·,·,·)
SKIP	w125:713	executor ExecutorchInvalidArgumentException: [ExecuTorch Error 0x12] Invalid argument: Execution failed for method: forward	n0*=_pdist_forward(L0,·)
CRASH	w125:452	executor unavailable	n0*=squeeze_copy.dim(L0,·)
CRASH	w125:52	executor unavailable	n0*=any.dims_out(L0,·,·,·)
CRASH	w125:524	executor unavailable	n0*=rsqrt.out(L0,·)
MISMATCH	w125:726	out[0] non-finite mismatch (nan/inf positions differ)	n0*=log.out(L0,·)
CRASH	w125:59	executor unavailable	n0*=erf.out(L0,·)
CRASH	w125:593	executor unavailable	n0*=floor.out(L0,·)
CRASH	w125:617	executor unavailable	n0*=eq.Tensor_out(L0,L1,·)
SKIP	w125:741	executor ExecutorchRuntimeException: [ExecuTorch Error 0x14] Operator missing: Execution failed for method: forward	n0*=_fft_r2c(L0,·,·,·)
CRASH	w125:652	executor unavailable	n0*=bitwise_left_shift.Tensor_Scalar_out(L0,·,·)
CRASH	w125:650	executor unavailable	n0*=abs(L0)
CRASH	w125:663	executor unavailable	n0*=lt.Tensor_out(L0,L1,·)
SKIP	w125:86	executor IllegalArgumentException: unsupported input dtype code 24 on Android	n0*=linear.out(L0,L1,·,·)
SKIP	w126:111	executor ExecutorchRuntimeException: [ExecuTorch Error 0x14] Operator missing: Execution failed for method: forward	n0*=_fft_r2c(L0,·,·,·)
SKIP	w126:138	executor ExecutorchRuntimeException: [ExecuTorch Error 0x1] Internal error: Execution failed for method: forward	n0*=_softmax.out(L0,·,·,·)
SKIP	w126:140	executor IllegalArgumentException: unsupported input dtype code 24 on Android	n0*=linear.out(L0,L1,·,·)
MISMATCH	w126:167	out[0] max|delta|=6.000e+00 (rtol=0.0 atol=0.0)	n0*=remainder.Scalar(L0,·)
MISMATCH	w126:174	out[0] max|delta|=2.882e+17 (rtol=0.0 atol=0.0)	n0*=bitwise_left_shift.Tensor_Scalar(L0,·)
SKIP	w126:201	executor ExecutorchInvalidArgumentException: [ExecuTorch Error 0x12] Invalid argument: Execution failed for method: forward	n0*=arange.start_out(·,·,·,·)
SKIP	w126:226	executor ExecutorchInvalidArgumentException: [ExecuTorch Error 0x12] Invalid argument: Execution failed for method: forward	n0*=native_group_norm(L0,·,·,·,·,·,·,·)
MISMATCH	w126:25	out[0] max|delta|=1.611e+09 (rtol=0.0 atol=0.0)	n0*=bitwise_left_shift.Tensor_out(L0,L1,·)
MISMATCH	w126:253	out[0] max|delta|=9.223e+18 (rtol=0.01 atol=0.001)	n0*=bitwise_left_shift.Tensor_out(L0,L1,·)
MISMATCH	w126:270	out[0] shape (0, 0, 0, 0) vs (0, 0, 0, 0, 0)	n0*=topk.values(L0,·,·,·,·,L1,L2)
SKIP	w126:272	executor ExecutorchInvalidArgumentException: [ExecuTorch Error 0x12] Invalid argument: Execution failed for method: forward	n0*=copy(L0,L1,·)
MISMATCH	w126:286	out[0] non-finite mismatch (nan/inf positions differ)	n0*=gelu.out(L0,·,·)
SKIP	w126:311	executor ExecutorchInvalidArgumentException: [ExecuTorch Error 0x12] Invalid argument: Execution failed for method: forward	n0*=_pdist_forward(L0,·)
SKIP	w126:339	executor ExecutorchRuntimeException: [ExecuTorch Error 0x14] Operator missing: Execution failed for method: forward	n0*=_fft_r2c(L0,·,·,·)
CRASH	w125:714	executor unavailable	n0*=reflection_pad1d.out(L0,·,·)
CRASH	w125:75	executor unavailable	n0*=add.Scalar(L0,·,·)
CRASH	w125:779	executor unavailable	n0*=ge.Scalar_out(L0,·,·)
CRASH	w126:136	executor unavailable	n0*=floor_divide.out(L0,L1,·)
MISMATCH	w126:402	out[0] max|delta|=9.223e+18 (rtol=0.0 atol=0.0)	n0*=bitwise_left_shift.Tensor_Scalar(L0,·)
SKIP	w126:410	executor ExecutorchInvalidArgumentException: [ExecuTorch Error 0x12] Invalid argument: Execution failed for method: forward	n0*=expand_copy(L0,·,·)
MISMATCH	w126:416	out[0] max|delta|=1.000e+00 (rtol=0.0 atol=0.0)	n0*=prod(L0,·)
MISMATCH	w126:424	out[0] max|delta|=7.000e+00 (rtol=0.01 atol=0.001)	n0*=remainder.Scalar_out(L0,·,·)
CRASH	w126:221	executor unavailable	n0*=convolution(L0,L1,·,·,·,·,·,·,·)
CRASH	w126:234	executor unavailable	n0*=expm1.out(L0,·)
SKIP	w126:454	executor ExecutorchInvalidArgumentException: [ExecuTorch Error 0x12] Invalid argument: Execution failed for method: forward	n0*=native_group_norm(L0,·,·,·,·,·,·,·)
CRASH	w126:268	executor unavailable	n0*=avg_pool2d.out(L0,·,·,·,·,·,·,·)
CRASH	w126:28	executor unavailable	n0*=hardtanh(L0,·,·)
CRASH	w126:315	executor unavailable	n0*=bitwise_right_shift.Tensor_out(L0,L1,·)
SKIP	w126:493	executor ExecutorchInvalidArgumentException: [ExecuTorch Error 0x12] Invalid argument: Execution failed for method: forward	n0*=scatter.src_out(L0,·,L1,L2,·)
MISMATCH	w126:498	out[0] shape (0, 0) vs (0, 0, 0, 0, 0)	n0*=topk.values(L0,·,·,·,·,L1,L2)
CRASH	w126:337	executor unavailable	n0*=any.dims_out(L0,·,·,·)
SKIP	w126:500	executor ExecutorchInvalidArgumentException: [ExecuTorch Error 0x12] Invalid argument: Execution failed for method: forward	n0*=copy(L0,L1,·)
MISMATCH	w126:513	out[0] non-finite mismatch (nan/inf positions differ)	n0*=logit(L0,·)
MISMATCH	w126:514	out[0] non-finite mismatch (nan/inf positions differ)	n0*=gelu.out(L0,·,·)
CRASH	w126:353	executor unavailable	n0*=_upsample_bilinear2d_aa.out(L0,·,·,·,·,·)
CRASH	w126:354	executor unavailable	n0*=logical_xor.out(L0,L1,·)
MISMATCH	w126:534	out[0] max|delta|=3.999e-01 (rtol=0.01 atol=0.001)	n0*=_native_batch_norm_legit.no_stats(L0,·,·,·,·,·)
SKIP	w126:536	executor ExecutorchInvalidArgumentException: [ExecuTorch Error 0x12] Invalid argument: Execution failed for method: forward	n0*=native_group_norm(L0,·,·,·,·,·,·,·)
SKIP	w126:539	executor ExecutorchInvalidArgumentException: [ExecuTorch Error 0x12] Invalid argument: Execution failed for method: forward	n0*=_pdist_forward(L0,·)
SKIP	w126:567	executor ExecutorchRuntimeException: [ExecuTorch Error 0x14] Operator missing: Execution failed for method: forward	n0*=_fft_r2c(L0,·,·,·)
MISMATCH	w126:58	out[0] non-finite mismatch (nan/inf positions differ)	n0*=gelu.out(L0,·,·)
SKIP	w126:429	executor ExecutorchInvalidArgumentException: [ExecuTorch Error 0x12] Invalid argument: Execution failed for method: forward	n0*=arange.start_out(·,·,·,·)
SKIP	w126:657	executor ExecutorchInvalidArgumentException: [ExecuTorch Error 0x12] Invalid argument: Execution failed for method: forward	n0*=arange.start_out(·,·,·,·)
SKIP	w126:663	executor ExecutorchInvalidArgumentException: [ExecuTorch Error 0x12] Invalid argument: Execution failed for method: forward	n0*=scatter.value_out(L0,·,L1,·,·)
SKIP	w126:682	executor ExecutorchInvalidArgumentException: [ExecuTorch Error 0x12] Invalid argument: Execution failed for method: forward	n0*=native_group_norm(L0,·,·,·,·,·,·,·)
MISMATCH	w126:709	out[0] max|delta|=6.918e+18 (rtol=0.0 atol=0.0)	n0*=bitwise_left_shift.Tensor_out(L0,L1,·)
SKIP	w126:764	executor ExecutorchInvalidArgumentException: [ExecuTorch Error 0x12] Invalid argument: Execution failed for method: forward	n0*=native_group_norm(L0,·,·,·,·,·,·,·)
SKIP	w126:80	executor ExecutorchInvalidArgumentException: [ExecuTorch Error 0x12] Invalid argument: Execution failed for method: forward	n0*=native_group_norm(L0,·,·,·,·,·,·,·)
SKIP	w126:83	executor ExecutorchInvalidArgumentException: [ExecuTorch Error 0x12] Invalid argument: Execution failed for method: forward	n0*=_pdist_forward(L0,·)
MISMATCH	w126:96	out[0] non-finite mismatch (nan/inf positions differ)	n0*=log.out(L0,·)
MISMATCH	w127:123	out[0] shape (1, 1, 1) vs (0, 0, 0)	n0*=max.dim_max(L0,·,·,L1,L2)
SKIP	w127:130	executor ExecutorchInvalidArgumentException: [ExecuTorch Error 0x12] Invalid argument: Execution failed for method: forward	n0*=native_group_norm(L0,·,·,·,·,·,·,·)
SKIP	w127:133	executor ExecutorchInvalidArgumentException: [ExecuTorch Error 0x12] Invalid argument: Execution failed for method: forward	n0*=_pdist_forward(L0,·)
MISMATCH	w127:146	out[0] non-finite mismatch (nan/inf positions differ)	n0*=log.out(L0,·)
SKIP	w127:161	executor ExecutorchRuntimeException: [ExecuTorch Error 0x14] Operator missing: Execution failed for method: forward	n0*=_fft_r2c(L0,·,·,·)
MISMATCH	w127:224	out[0] max|delta|=2.882e+17 (rtol=0.0 atol=0.0)	n0*=bitwise_left_shift.Tensor_Scalar(L0,·)
SKIP	w127:23	executor ExecutorchInvalidArgumentException: [ExecuTorch Error 0x12] Invalid argument: Execution failed for method: forward	n0*=arange.start_out(·,·,·,·)
CRASH	w126:518	executor unavailable	n0*=reflection_pad2d(L0,·)
CRASH	w126:528	executor unavailable	n0*=fmod.Scalar(L0,·)
SKIP	w127:251	executor ExecutorchInvalidArgumentException: [ExecuTorch Error 0x12] Invalid argument: Execution failed for method: forward	n0*=arange.start_out(·,·,·,·)
SKIP	w127:271	executor ExecutorchInvalidArgumentException: [ExecuTorch Error 0x12] Invalid argument: Execution failed for method: forward	n0*=convolution(L0,L1,·,·,·,·,·,·,·)
SKIP	w127:276	executor ExecutorchInvalidArgumentException: [ExecuTorch Error 0x12] Invalid argument: Execution failed for method: forward	n0*=native_group_norm(L0,·,·,·,·,·,·,·)
CRASH	w126:712	executor unavailable	n0*=hardtanh(L0,·,·)
CRASH	w126:763	executor unavailable	n0*=ne.Scalar_out(L0,·,·)
CRASH	w126:92	executor unavailable	n0*=min(L0)
CRASH	w126:9	executor unavailable	n0*=sinh.out(L0,·)
CRASH	w127:0	executor unavailable	n0*=mean.dtype_out(L0,·,·)
CRASH	w127:142	executor unavailable	n0*=min(L0)
MISMATCH	w127:300	out[0] max|delta|=5.765e+17 (rtol=0.01 atol=0.001)	n0*=bitwise_left_shift.Tensor_Scalar_out(L0,·,·)
CRASH	w127:170	executor unavailable	n0*=_native_batch_norm_legit_no_training(L0,·,·,L1,L2,·,·)
CRASH	w127:19	executor unavailable	n0*=lift_fresh_copy(L0)
MISMATCH	w127:320	out[0] shape (1, 1, 0) vs (0, 0, 0, 0, 0)	n0*=topk.values(L0,·,·,·,·,L1,L2)
SKIP	w127:322	executor ExecutorchInvalidArgumentException: [ExecuTorch Error 0x12] Invalid argument: Execution failed for method: forward	n0*=copy(L0,L1,·)
MISMATCH	w127:335	out[0] non-finite mismatch (nan/inf positions differ)	n0*=logit(L0,·)
MISMATCH	w127:336	out[0] non-finite mismatch (nan/inf positions differ)	n0*=gelu.out(L0,·,·)
CRASH	w127:212	executor unavailable	n0*=logical_and(L0,L1)
SKIP	w127:358	executor ExecutorchInvalidArgumentException: [ExecuTorch Error 0x12] Invalid argument: Execution failed for method: forward	n0*=native_group_norm(L0,·,·,·,·,·,·,·)
MISMATCH	w127:303	out[0] max|delta|=6.918e+18 (rtol=0.01 atol=0.001)	n0*=bitwise_left_shift.Tensor_out(L0,L1,·)
SKIP	w127:389	executor ExecutorchRuntimeException: [ExecuTorch Error 0x14] Operator missing: Execution failed for method: forward	n0*=_fft_r2c(L0,·,·,·)
SKIP	w127:418	executor IllegalArgumentException: unsupported input dtype code 24 on Android	n0*=linear.out(L0,L1,·,·)
MISMATCH	w127:452	out[0] max|delta|=6.918e+18 (rtol=0.0 atol=0.0)	n0*=bitwise_left_shift.Tensor_Scalar(L0,·)
SKIP	w127:460	executor ExecutorchInvalidArgumentException: [ExecuTorch Error 0x12] Invalid argument: Execution failed for method: forward	n0*=expand_copy(L0,·,·)
SKIP	w127:479	executor ExecutorchInvalidArgumentException: [ExecuTorch Error 0x12] Invalid argument: Execution failed for method: forward	n0*=arange.start_out(·,·,·,·)
SKIP	w127:48	executor ExecutorchInvalidArgumentException: [ExecuTorch Error 0x12] Invalid argument: Execution failed for method: forward	n0*=native_group_norm(L0,·,·,·,·,·,·,·)
SKIP	w127:485	executor ExecutorchInvalidArgumentException: [ExecuTorch Error 0x12] Invalid argument: Execution failed for method: forward	n0*=scatter.value_out(L0,·,L1,·,·)
CRASH	w127:246	executor unavailable	n0*=remainder.Scalar_out(L0,·,·)
SKIP	w127:504	executor ExecutorchInvalidArgumentException: [ExecuTorch Error 0x12] Invalid argument: Execution failed for method: forward	n0*=native_group_norm(L0,·,·,·,·,·,·,·)
MISMATCH	w127:531	out[0] max|delta|=9.223e+18 (rtol=0.01 atol=0.001)	n0*=bitwise_left_shift.Tensor_out(L0,L1,·)
MISMATCH	w127:538	out[0] non-finite mismatch (nan/inf positions differ)	n0*=logit.out(L0,·,·)
MISMATCH	w127:548	out[0] shape (1, 1, 1, 1) vs (0, 0, 0, 0, 0)	n0*=topk.values(L0,·,·,·,·,L1,L2)
MISMATCH	w127:564	out[0] non-finite mismatch (nan/inf positions differ)	n0*=gelu.out(L0,·,·)
MISMATCH	w127:577	out[0] max|delta|=4.000e+00 (rtol=0.01 atol=0.001)	n0*=remainder.Tensor_out(L0,L1,·)
SKIP	w127:586	executor ExecutorchInvalidArgumentException: [ExecuTorch Error 0x12] Invalid argument: Execution failed for method: forward	n0*=native_group_norm(L0,·,·,·,·,·,·,·)
SKIP	w127:589	executor ExecutorchInvalidArgumentException: [ExecuTorch Error 0x12] Invalid argument: Execution failed for method: forward	n0*=_pdist_forward(L0,·)
MISMATCH	w127:602	out[0] non-finite mismatch (nan/inf positions differ)	n0*=log.out(L0,·)
SKIP	w127:617	executor ExecutorchRuntimeException: [ExecuTorch Error 0x14] Operator missing: Execution failed for method: forward	n0*=_fft_r2c(L0,·,·,·)
SKIP	w127:707	executor ExecutorchInvalidArgumentException: [ExecuTorch Error 0x12] Invalid argument: Execution failed for method: forward	n0*=arange.start_out(·,·,·,·)
SKIP	w127:732	executor ExecutorchInvalidArgumentException: [ExecuTorch Error 0x12] Invalid argument: Execution failed for method: forward	n0*=native_group_norm(L0,·,·,·,·,·,·,·)
MISMATCH	w127:75	out[0] non-finite mismatch (nan/inf positions differ)	n0*=bitwise_left_shift.Tensor_out(L0,L1,·)
MISMATCH	w127:756	out[0] max|delta|=2.306e+18 (rtol=0.01 atol=0.001)	n0*=bitwise_left_shift.Tensor_Scalar_out(L0,·,·)
MISMATCH	w127:759	out[0] max|delta|=6.918e+18 (rtol=0.01 atol=0.001)	n0*=bitwise_left_shift.Tensor_out(L0,L1,·)
CRASH	w127:30	executor unavailable	n0*=sub.Scalar(L0,·,·)
SKIP	w127:778	executor ExecutorchInvalidArgumentException: [ExecuTorch Error 0x12] Invalid argument: Execution failed for method: forward	n0*=copy(L0,L1,·)
CRASH	w127:348	executor unavailable	n0*=reciprocal.out(L0,·)
MISMATCH	w127:92	out[0] shape (0, 0) vs (0, 0, 0, 0, 0)	n0*=topk.values(L0,·,·,·,·,L1,L2)
SKIP	w127:94	executor ExecutorchInvalidArgumentException: [ExecuTorch Error 0x12] Invalid argument: Execution failed for method: forward	n0*=copy(L0,L1,·)
CRASH	w127:366	executor unavailable	n0*=arange.out(·,·)
MISMATCH	w13:103	out[0] non-finite mismatch (nan/inf positions differ)	n0*=logit.out(L0,·,·)
CRASH	w127:503	executor unavailable	n0*=ne.Tensor_out(L0,L1,·)
SKIP	w13:115	executor ExecutorchInvalidArgumentException: [ExecuTorch Error 0x12] Invalid argument: Execution failed for method: forward	n0*=copy(L0,L1,·)
MISMATCH	w13:129	out[0] non-finite mismatch (nan/inf positions differ)	n0*=gelu.out(L0,·,·)
CRASH	w127:549	executor unavailable	n0*=masked_fill.Scalar(L0,L1,·)
CRASH	w127:565	executor unavailable	n0*=rsub.Scalar(L0,·,·)
MISMATCH	w13:142	out[0] max|delta|=3.000e+00 (rtol=0.01 atol=0.001)	n0*=remainder.Tensor_out(L0,L1,·)
SKIP	w13:151	executor ExecutorchInvalidArgumentException: [ExecuTorch Error 0x12] Invalid argument: Execution failed for method: forward	n0*=native_group_norm(L0,·,·,·,·,·,·,·)
SKIP	w13:154	executor ExecutorchInvalidArgumentException: [ExecuTorch Error 0x12] Invalid argument: Execution failed for method: forward	n0*=_pdist_forward(L0,·)
CRASH	w127:627	executor unavailable	n0*=pixel_unshuffle(L0,·)
CRASH	w127:636	executor unavailable	n0*=leaky_relu.out(L0,·,·)
CRASH	w127:64	executor unavailable	n0*=hardtanh.out(L0,·,·,·)
MISMATCH	w13:167	out[0] non-finite mismatch (nan/inf positions differ)	n0*=log.out(L0,·)
SKIP	w13:182	executor ExecutorchRuntimeException: [ExecuTorch Error 0x14] Operator missing: Execution failed for method: forward	n0*=_fft_r2c(L0,·,·,·)
MISMATCH	w13:113	out[0] shape (0,) vs (0, 0, 0, 0, 0)	n0*=topk.values(L0,·,·,·,·,L1,L2)
SKIP	w13:192	executor ExecutorchRuntimeException: [ExecuTorch Error 0x1] Internal error: Execution failed for method: forward	n0*=pixel_unshuffle(L0,·)
SKIP	w13:246	executor IllegalArgumentException: unsupported input dtype code 24 on Android	n0*=pixel_shuffle(L0,·)
SKIP	w13:25	executor ExecutorchInvalidArgumentException: [ExecuTorch Error 0x12] Invalid argument: Execution failed for method: forward	n0*=expand_copy(L0,·,·)
SKIP	w13:253	executor ExecutorchInvalidArgumentException: [ExecuTorch Error 0x12] Invalid argument: Execution failed for method: forward	n0*=expand_copy(L0,·,·)
CRASH	w127:740	executor unavailable	n0*=expm1.out(L0,·)
CRASH	w127:753	executor unavailable	n0*=detach_copy(L0)
SKIP	w13:272	executor ExecutorchInvalidArgumentException: [ExecuTorch Error 0x12] Invalid argument: Execution failed for method: forward	n0*=arange.start_out(·,·,·,·)
SKIP	w13:297	executor ExecutorchInvalidArgumentException: [ExecuTorch Error 0x12] Invalid argument: Execution failed for method: forward	n0*=native_group_norm(L0,·,·,·,·,·,·,·)
CRASH	w127:771	executor unavailable	n0*=scatter.src_out(L0,·,L1,L2,·)
MISMATCH	w13:331	out[0] non-finite mismatch (nan/inf positions differ)	n0*=logit.out(L0,·,·)
MISMATCH	w13:357	out[0] non-finite mismatch (nan/inf positions differ)	n0*=gelu.out(L0,·,·)
SKIP	w13:382	executor ExecutorchInvalidArgumentException: [ExecuTorch Error 0x12] Invalid argument: Execution failed for method: forward	n0*=_pdist_forward(L0,·)
MISMATCH	w13:395	out[0] non-finite mismatch (nan/inf positions differ)	n0*=log.out(L0,·)
SKIP	w13:44	executor ExecutorchInvalidArgumentException: [ExecuTorch Error 0x12] Invalid argument: Execution failed for method: forward	n0*=arange.start_out(·,·,·,·)
SKIP	w13:379	executor ExecutorchInvalidArgumentException: [ExecuTorch Error 0x12] Invalid argument: Execution failed for method: forward	n0*=native_group_norm(L0,·,·,·,·,·,·,·)
MISMATCH	w13:473	out[0] max|delta|=2.882e+17 (rtol=0.0 atol=0.0)	n0*=bitwise_left_shift.Tensor_Scalar(L0,·)
SKIP	w13:500	executor ExecutorchInvalidArgumentException: [ExecuTorch Error 0x12] Invalid argument: Execution failed for method: forward	n0*=arange.start_out(·,·,·,·)
SKIP	w13:506	executor ExecutorchInvalidArgumentException: [ExecuTorch Error 0x12] Invalid argument: Execution failed for method: forward	n0*=scatter.value_out(L0,·,L1,·,·)
MISMATCH	w13:517	out[0] non-finite mismatch (nan/inf positions differ)	n0*=grid_sampler_2d(L0,L1,·,·,·)
SKIP	w13:525	executor ExecutorchInvalidArgumentException: [ExecuTorch Error 0x12] Invalid argument: Execution failed for method: forward	n0*=native_group_norm(L0,·,·,·,·,·,·,·)
CRASH	w13:156	executor unavailable	n0*=clone(L0,·)
CRASH	w13:183	executor unavailable	n0*=ones.out(·,·)
MISMATCH	w13:549	out[0] non-finite mismatch (nan/inf positions differ)	n0*=bitwise_left_shift.Tensor_Scalar_out(L0,·,·)
CRASH	w13:255	executor unavailable	n0*=bitwise_or.Tensor_out(L0,L1,·)
MISMATCH	w13:585	out[0] non-finite mismatch (nan/inf positions differ)	n0*=gelu.out(L0,·,·)
MISMATCH	w13:598	out[0] max|delta|=4.000e+00 (rtol=0.0 atol=0.0)	n0*=remainder.Tensor_out(L0,L1,·)
CRASH	w13:371	executor unavailable	n0*=fmod.Scalar(L0,·)
MISMATCH	w13:61	out[0] non-finite mismatch (nan/inf positions differ)	n0*=grid_sampler_2d(L0,L1,·,·,·)
SKIP	w13:610	executor ExecutorchInvalidArgumentException: [ExecuTorch Error 0x12] Invalid argument: Execution failed for method: forward	n0*=_pdist_forward(L0,·)
CRASH	w13:40	executor unavailable	n0*=lift_fresh_copy(L0)
CRASH	w13:410	executor unavailable	n0*=_fft_r2c(L0,·,·,·)
CRASH	w13:416	executor unavailable	n0*=fill.Scalar(L0,·)
CRASH	w13:477	executor unavailable	n0*=mean.dtype_out(L0,·,·)
SKIP	w13:607	executor ExecutorchInvalidArgumentException: [ExecuTorch Error 0x12] Invalid argument: Execution failed for method: forward	n0*=native_group_norm(L0,·,·,·,·,·,·,·)
CRASH	w13:53	executor unavailable	n0*=tanh.out(L0,·)
CRASH	w13:530	executor unavailable	n0*=asinh.out(L0,·)
CRASH	w13:540	executor unavailable	n0*=mul.out(L0,L1,·)
CRASH	w13:547	executor unavailable	n0*=abs(L0)
MISMATCH	w13:684	out[0] non-finite mismatch (nan/inf positions differ)	n0*=addmm.out(L0,L1,L2,·,·,·)
SKIP	w13:69	executor ExecutorchInvalidArgumentException: [ExecuTorch Error 0x12] Invalid argument: Execution failed for method: forward	n0*=native_group_norm(L0,·,·,·,·,·,·,·)
MISMATCH	w13:600	out[0] shape (1,) vs (0, 0, 0, 0)	n0*=max.dim_max(L0,·,·,L1,L2)
MISMATCH	w13:701	out[0] max|delta|=4.612e+18 (rtol=0.0 atol=0.0)	n0*=bitwise_left_shift.Tensor_Scalar(L0,·)
SKIP	w13:638	executor ExecutorchRuntimeException: [ExecuTorch Error 0x14] Operator missing: Execution failed for method: forward	n0*=_fft_r2c(L0,·,·,·)
SKIP	w13:728	executor ExecutorchInvalidArgumentException: [ExecuTorch Error 0x12] Invalid argument: Execution failed for method: forward	n0*=arange.start_out(·,·,·,·)
SKIP	w13:753	executor ExecutorchInvalidArgumentException: [ExecuTorch Error 0x12] Invalid argument: Execution failed for method: forward	n0*=native_group_norm(L0,·,·,·,·,·,·,·)
MISMATCH	w13:777	out[0] max|delta|=9.223e+18 (rtol=0.01 atol=0.001)	n0*=bitwise_left_shift.Tensor_Scalar_out(L0,·,·)
MISMATCH	w13:780	out[0] max|delta|=6.918e+18 (rtol=0.01 atol=0.001)	n0*=bitwise_left_shift.Tensor_out(L0,L1,·)
MISMATCH	w13:93	out[0] max|delta|=5.765e+17 (rtol=0.01 atol=0.001)	n0*=bitwise_left_shift.Tensor_Scalar_out(L0,·,·)
MISMATCH	w14:139	out[0] non-finite mismatch (nan/inf positions differ)	n0*=bitwise_left_shift.Tensor_out(L0,L1,·)
MISMATCH	w14:146	out[0] non-finite mismatch (nan/inf positions differ)	n0*=logit.out(L0,·,·)
MISMATCH	w14:172	out[0] non-finite mismatch (nan/inf positions differ)	n0*=gelu.out(L0,·,·)
SKIP	w14:197	executor ExecutorchInvalidArgumentException: [ExecuTorch Error 0x12] Invalid argument: Execution failed for method: forward	n0*=_pdist_forward(L0,·)
MISMATCH	w14:217	out[0] max|delta|=3.833e+00 (rtol=0.01 atol=0.001)	n0*=max_pool2d_with_indices_backward.grad_input(L0,L1,·,·,·,·,·,L2,L3)
SKIP	w14:225	executor ExecutorchRuntimeException: [ExecuTorch Error 0x14] Operator missing: Execution failed for method: forward	n0*=_fft_r2c(L0,·,·,·)
SKIP	w14:26	executor IllegalArgumentException: unsupported input dtype code 24 on Android	n0*=linear.out(L0,L1,·,·)
MISMATCH	w14:288	out[0] max|delta|=7.206e+16 (rtol=0.0 atol=0.0)	n0*=bitwise_left_shift.Tensor_Scalar(L0,·)
CRASH	w13:644	executor unavailable	n0*=fill.Scalar(L0,·)
CRASH	w13:653	executor unavailable	n0*=logical_xor.out(L0,L1,·)
CRASH	w13:693	executor unavailable	n0*=mean(L0,·)
SKIP	w14:296	executor ExecutorchInvalidArgumentException: [ExecuTorch Error 0x12] Invalid argument: Execution failed for method: forward	n0*=expand_copy(L0,·,·)
SKIP	w14:315	executor ExecutorchInvalidArgumentException: [ExecuTorch Error 0x12] Invalid argument: Execution failed for method: forward	n0*=arange.start_out(·,·,·,·)
CRASH	w13:778	executor unavailable	n0*=maximum.out(L0,L1,·)
CRASH	w13:89	executor unavailable	n0*=sign.out(L0,·)
SKIP	w14:340	executor ExecutorchInvalidArgumentException: [ExecuTorch Error 0x12] Invalid argument: Execution failed for method: forward	n0*=native_group_norm(L0,·,·,·,·,·,·,·)
CRASH	w13:96	executor unavailable	n0*=bitwise_left_shift.Tensor_out(L0,L1,·)
MISMATCH	w14:367	out[0] non-finite mismatch (nan/inf positions differ)	n0*=bitwise_left_shift.Tensor_out(L0,L1,·)
CRASH	w14:202	executor unavailable	n0*=arange.out(·,·)
CRASH	w14:230	executor unavailable	n0*=native_layer_norm(L0,·,·,·,·)
CRASH	w14:233	executor unavailable	n0*=slice_scatter(L0,L1,·,·,·,·)
MISMATCH	w14:384	out[0] shape (1, 1, 1, 0) vs (0, 0, 0, 0, 0)	n0*=topk.values(L0,·,·,·,·,L1,L2)
SKIP	w14:386	executor ExecutorchInvalidArgumentException: [ExecuTorch Error 0x12] Invalid argument: Execution failed for method: forward	n0*=copy(L0,L1,·)
MISMATCH	w14:400	out[0] non-finite mismatch (nan/inf positions differ)	n0*=gelu.out(L0,·,·)
CRASH	w14:262	executor unavailable	n0*=bitwise_not.out(L0,·)
CRASH	w14:263	executor unavailable	n0*=ge.Scalar_out(L0,·,·)
SKIP	w14:425	executor ExecutorchInvalidArgumentException: [ExecuTorch Error 0x12] Invalid argument: Execution failed for method: forward	n0*=_pdist_forward(L0,·)
SKIP	w14:422	executor ExecutorchInvalidArgumentException: [ExecuTorch Error 0x12] Invalid argument: Execution failed for method: forward	n0*=native_group_norm(L0,·,·,·,·,·,·,·)
MISMATCH	w14:438	out[0] non-finite mismatch (nan/inf positions differ)	n0*=log.out(L0,·)
SKIP	w14:453	executor ExecutorchRuntimeException: [ExecuTorch Error 0x14] Operator missing: Execution failed for method: forward	n0*=_fft_r2c(L0,·,·,·)
SKIP	w14:482	executor IllegalArgumentException: unsupported input dtype code 24 on Android	n0*=linear.out(L0,L1,·,·)
CRASH	w14:293	executor unavailable	n0*=narrow_copy(L0,·,·,·)
MISMATCH	w14:509	out[0] max|delta|=7.000e+00 (rtol=0.0 atol=0.0)	n0*=remainder.Scalar(L0,·)
SKIP	w14:524	executor ExecutorchInvalidArgumentException: [ExecuTorch Error 0x12] Invalid argument: Execution failed for method: forward	n0*=expand_copy(L0,·,·)
SKIP	w14:543	executor ExecutorchInvalidArgumentException: [ExecuTorch Error 0x12] Invalid argument: Execution failed for method: forward	n0*=arange.start_out(·,·,·,·)
MISMATCH	w14:560	out[0] non-finite mismatch (nan/inf positions differ)	n0*=grid_sampler_2d(L0,L1,·,·,·)
SKIP	w14:568	executor ExecutorchInvalidArgumentException: [ExecuTorch Error 0x12] Invalid argument: Execution failed for method: forward	n0*=native_group_norm(L0,·,·,·,·,·,·,·)
MISMATCH	w14:592	out[0] max|delta|=2.882e+17 (rtol=0.01 atol=0.001)	n0*=bitwise_left_shift.Tensor_Scalar_out(L0,·,·)
MISMATCH	w14:595	out[0] max|delta|=6.918e+18 (rtol=0.01 atol=0.001)	n0*=bitwise_left_shift.Tensor_out(L0,L1,·)
SKIP	w14:614	executor ExecutorchInvalidArgumentException: [ExecuTorch Error 0x12] Invalid argument: Execution failed for method: forward	n0*=copy(L0,L1,·)
MISMATCH	w14:628	out[0] non-finite mismatch (nan/inf positions differ)	n0*=gelu.out(L0,·,·)
MISMATCH	w14:641	out[0] max|delta|=4.000e+00 (rtol=0.01 atol=0.001)	n0*=remainder.Tensor_out(L0,L1,·)
SKIP	w14:650	executor ExecutorchInvalidArgumentException: [ExecuTorch Error 0x12] Invalid argument: Execution failed for method: forward	n0*=native_group_norm(L0,·,·,·,·,·,·,·)
SKIP	w14:653	executor ExecutorchInvalidArgumentException: [ExecuTorch Error 0x12] Invalid argument: Execution failed for method: forward	n0*=_pdist_forward(L0,·)
CRASH	w14:349	executor unavailable	n0*=cos.out(L0,·)
CRASH	w14:380	executor unavailable	n0*=ge.Tensor_out(L0,L1,·)
SKIP	w14:681	executor ExecutorchRuntimeException: [ExecuTorch Error 0x14] Operator missing: Execution failed for method: forward	n0*=_fft_r2c(L0,·,·,·)
CRASH	w14:466	executor unavailable	n0*=t_copy(L0)
CRASH	w14:479	executor unavailable	n0*=log1p.out(L0,·)
CRASH	w14:48	executor unavailable	n0*=logical_and(L0,L1)
CRASH	w14:480	executor unavailable	n0*=_softmax.out(L0,·,·,·)
CRASH	w14:530	executor unavailable	n0*=prod(L0,·)
CRASH	w14:552	executor unavailable	n0*=tanh.out(L0,·)
CRASH	w14:608	executor unavailable	n0*=ge.Tensor_out(L0,L1,·)
SKIP	w14:746	executor ExecutorchInvalidArgumentException: [ExecuTorch Error 0x12] Invalid argument: Execution failed for method: forward	n0*=scatter_add.out(L0,·,L1,L2,·)
SKIP	w14:752	executor ExecutorchInvalidArgumentException: [ExecuTorch Error 0x12] Invalid argument: Execution failed for method: forward	n0*=expand_copy(L0,·,·)
SKIP	w14:771	executor ExecutorchInvalidArgumentException: [ExecuTorch Error 0x12] Invalid argument: Execution failed for method: forward	n0*=arange.start_out(·,·,·,·)
CRASH	w14:613	executor unavailable	n0*=masked_fill.Scalar(L0,L1,·)
SKIP	w14:87	executor ExecutorchInvalidArgumentException: [ExecuTorch Error 0x12] Invalid argument: Execution failed for method: forward	n0*=arange.start_out(·,·,·,·)
MISMATCH	w15:106	out[0] shape (1, 1, 1, 1) vs (0, 0, 0, 0, 0)	n0*=topk.values(L0,·,·,·,·,L1,L2)
SKIP	w15:108	executor ExecutorchInvalidArgumentException: [ExecuTorch Error 0x12] Invalid argument: Execution failed for method: forward	n0*=copy(L0,L1,·)
MISMATCH	w15:122	out[0] non-finite mismatch (nan/inf positions differ)	n0*=gelu.out(L0,·,·)
SKIP	w15:144	executor ExecutorchInvalidArgumentException: [ExecuTorch Error 0x12] Invalid argument: Execution failed for method: forward	n0*=native_group_norm(L0,·,·,·,·,·,·,·)
SKIP	w15:147	executor ExecutorchInvalidArgumentException: [ExecuTorch Error 0x12] Invalid argument: Execution failed for method: forward	n0*=_pdist_forward(L0,·)
CRASH	w14:652	executor unavailable	n0*=div.out(L0,L1,·)
SKIP	w15:175	executor ExecutorchRuntimeException: [ExecuTorch Error 0x14] Operator missing: Execution failed for method: forward	n0*=_fft_r2c(L0,·,·,·)
CRASH	w14:662	executor unavailable	n0*=min(L0)
MISMATCH	w15:24	out[0] max|delta|=2.550e+02 (rtol=0.0 atol=0.0)	n0*=prod(L0,·)
SKIP	w15:265	executor ExecutorchInvalidArgumentException: [ExecuTorch Error 0x12] Invalid argument: Execution failed for method: forward	n0*=arange.start_out(·,·,·,·)
MISMATCH	w15:282	out[0] non-finite mismatch (nan/inf positions differ)	n0*=grid_sampler_2d(L0,L1,·,·,·)
MISMATCH	w15:290	out[0] non-finite mismatch (nan/inf positions differ)	n0*=native_group_norm(L0,·,·,·,·,·,·,·)
CRASH	w14:72	executor unavailable	n0*=exp.out(L0,·)
MISMATCH	w15:314	out[0] max|delta|=2.306e+18 (rtol=0.01 atol=0.001)	n0*=bitwise_left_shift.Tensor_Scalar_out(L0,·,·)
MISMATCH	w15:317	out[0] max|delta|=2.147e+09 (rtol=0.0 atol=0.0)	n0*=bitwise_left_shift.Tensor_out(L0,L1,·)
MISMATCH	w15:32	out[0] max|delta|=5.000e+00 (rtol=0.01 atol=0.001)	n0*=remainder.Scalar_out(L0,·,·)
CRASH	w15:116	executor unavailable	n0*=bitwise_or.Scalar_out(L0,·,·)
CRASH	w15:126	executor unavailable	n0*=reflection_pad2d(L0,·)
CRASH	w15:138	executor unavailable	n0*=logical_or.out(L0,L1,·)
CRASH	w15:146	executor unavailable	n0*=div.out(L0,L1,·)
CRASH	w15:153	executor unavailable	n0*=fmod.Tensor_out(L0,L1,·)
MISMATCH	w15:350	out[0] non-finite mismatch (nan/inf positions differ)	n0*=gelu.out(L0,·,·)
CRASH	w15:205	executor unavailable	n0*=unbind_copy.int(L0,·)
CRASH	w15:218	executor unavailable	n0*=_log_softmax.out(L0,·,·,·)
MISMATCH	w15:363	out[0] max|delta|=4.000e+00 (rtol=0.0 atol=0.0)	n0*=remainder.Tensor_out(L0,L1,·)
SKIP	w15:37	executor ExecutorchInvalidArgumentException: [ExecuTorch Error 0x12] Invalid argument: Execution failed for method: forward	n0*=arange.start_out(·,·,·,·)
SKIP	w15:372	executor ExecutorchInvalidArgumentException: [ExecuTorch Error 0x12] Invalid argument: Execution failed for method: forward	n0*=native_group_norm(L0,·,·,·,·,·,·,·)
CRASH	w15:254	executor unavailable	n0*=bitwise_xor.Tensor_out(L0,L1,·)
SKIP	w15:336	executor ExecutorchInvalidArgumentException: [ExecuTorch Error 0x12] Invalid argument: Execution failed for method: forward	n0*=copy(L0,L1,·)
CRASH	w15:260	executor unavailable	n0*=remainder.Scalar_out(L0,·,·)
SKIP	w15:403	executor ExecutorchRuntimeException: [ExecuTorch Error 0x14] Operator missing: Execution failed for method: forward	n0*=_fft_r2c(L0,·,·,·)
MISMATCH	w15:488	out[0] max|delta|=5.000e+00 (rtol=0.0 atol=0.0)	n0*=remainder.Scalar_out(L0,·,·)
SKIP	w15:493	executor ExecutorchInvalidArgumentException: [ExecuTorch Error 0x12] Invalid argument: Execution failed for method: forward	n0*=arange.start_out(·,·,·,·)
MISMATCH	w15:510	out[0] non-finite mismatch (nan/inf positions differ)	n0*=grid_sampler_2d(L0,L1,·,·,·)
CRASH	w15:301	executor unavailable	n0*=sinh.out(L0,·)
MISMATCH	w15:54	out[0] non-finite mismatch (nan/inf positions differ)	n0*=grid_sampler_2d(L0,L1,·,·,·)
MISMATCH	w15:542	out[0] max|delta|=2.147e+09 (rtol=0.0 atol=0.0)	n0*=bitwise_left_shift.Tensor_Scalar_out(L0,·,·)
CRASH	w15:311	executor unavailable	n0*=detach_copy(L0)
SKIP	w15:375	executor ExecutorchInvalidArgumentException: [ExecuTorch Error 0x12] Invalid argument: Execution failed for method: forward	n0*=_pdist_forward(L0,·)
SKIP	w15:557	executor ExecutorchInvalidArgumentException: [ExecuTorch Error 0x12] Invalid argument: Execution failed for method: forward	n0*=scatter.src_out(L0,·,L1,L2,·)
MISMATCH	w15:562	out[0] shape (1, 1, 1, 1) vs (0, 0, 0, 0, 0)	n0*=topk.values(L0,·,·,·,·,L1,L2)
SKIP	w15:600	executor ExecutorchInvalidArgumentException: [ExecuTorch Error 0x12] Invalid argument: Execution failed for method: forward	n0*=native_group_norm(L0,·,·,·,·,·,·,·)
SKIP	w15:62	executor ExecutorchInvalidArgumentException: [ExecuTorch Error 0x12] Invalid argument: Execution failed for method: forward	n0*=native_group_norm(L0,·,·,·,·,·,·,·)
SKIP	w15:631	executor ExecutorchRuntimeException: [ExecuTorch Error 0x14] Operator missing: Execution failed for method: forward	n0*=_fft_r2c(L0,·,·,·)
MISMATCH	w15:694	out[0] max|delta|=1.153e+18 (rtol=0.0 atol=0.0)	n0*=bitwise_left_shift.Tensor_Scalar(L0,·)
SKIP	w15:702	executor ExecutorchInvalidArgumentException: [ExecuTorch Error 0x12] Invalid argument: Execution failed for method: forward	n0*=expand_copy(L0,·,·)
SKIP	w15:721	executor ExecutorchInvalidArgumentException: [ExecuTorch Error 0x12] Invalid argument: Execution failed for method: forward	n0*=arange.start_out(·,·,·,·)
SKIP	w15:746	executor ExecutorchInvalidArgumentException: [ExecuTorch Error 0x12] Invalid argument: Execution failed for method: forward	n0*=native_group_norm(L0,·,·,·,·,·,·,·)
MISMATCH	w15:770	out[0] max|delta|=4.323e+17 (rtol=0.0 atol=0.0)	n0*=bitwise_left_shift.Tensor_Scalar_out(L0,·,·)
MISMATCH	w15:773	out[0] max|delta|=2.147e+09 (rtol=0.01 atol=0.001)	n0*=bitwise_left_shift.Tensor_out(L0,L1,·)
CRASH	w15:440	executor unavailable	n0*=bitwise_not.out(L0,·)
CRASH	w15:467	executor unavailable	n0*=pixel_shuffle(L0,·)
CRASH	w15:492	executor unavailable	n0*=amax.out(L0,·,·,·)
CRASH	w15:545	executor unavailable	n0*=bitwise_left_shift.Tensor_out(L0,L1,·)
CRASH	w15:51	executor unavailable	n0*=eq.Tensor_out(L0,L1,·)
CRASH	w15:561	executor unavailable	n0*=narrow_copy(L0,·,·,·)
MISMATCH	w15:89	out[0] max|delta|=6.918e+18 (rtol=0.01 atol=0.001)	n0*=bitwise_left_shift.Tensor_out(L0,L1,·)
CRASH	w15:604	executor unavailable	n0*=reflection_pad1d.out(L0,·,·)
SKIP	w16:10	executor ExecutorchInvalidArgumentException: [ExecuTorch Error 0x12] Invalid argument: Execution failed for method: forward	n0*=copy(L0,L1,·)
CRASH	w15:64	executor unavailable	n0*=gt.Tensor_out(L0,L1,·)
MISMATCH	w16:133	out[0] max|delta|=4.000e+00 (rtol=0.0 atol=0.0)	n0*=remainder.Scalar(L0,·)
CRASH	w15:642	executor unavailable	n0*=rsqrt.out(L0,·)
SKIP	w16:142	executor ExecutorchInvalidArgumentException: [ExecuTorch Error 0x12] Invalid argument: Execution failed for method: forward	n0*=scatter_add.out(L0,·,L1,L2,·)
MISMATCH	w16:158	out[0] non-finite mismatch (nan/inf positions differ)	n0*=native_layer_norm(L0,·,·,·,·)
SKIP	w16:167	executor ExecutorchInvalidArgumentException: [ExecuTorch Error 0x12] Invalid argument: Execution failed for method: forward	n0*=arange.start_out(·,·,·,·)
SKIP	w16:192	executor ExecutorchInvalidArgumentException: [ExecuTorch Error 0x12] Invalid argument: Execution failed for method: forward	n0*=native_group_norm(L0,·,·,·,·,·,·,·)
CRASH	w15:710	executor unavailable	n0*=bitwise_xor.Tensor_out(L0,L1,·)
MISMATCH	w15:86	out[0] max|delta|=1.074e+09 (rtol=0.0 atol=0.0)	n0*=bitwise_left_shift.Tensor_Scalar_out(L0,·,·)
MISMATCH	w16:219	out[0] max|delta|=9.223e+18 (rtol=0.01 atol=0.001)	n0*=bitwise_left_shift.Tensor_out(L0,L1,·)
MISMATCH	w16:22	out[0] shape (1, 1, 1, 1) vs (0, 0, 0, 0)	n0*=min.dim_min(L0,·,·,L1,L2)
MISMATCH	w16:24	out[0] non-finite mismatch (nan/inf positions differ)	n0*=gelu.out(L0,·,·)
MISMATCH	w16:252	out[0] non-finite mismatch (nan/inf positions differ)	n0*=gelu.out(L0,·,·)
MISMATCH	w16:267	out[0] shape (1,) vs (0, 0, 0, 0, 0)	n0*=max.dim_max(L0,·,·,L1,L2)
SKIP	w16:274	executor ExecutorchInvalidArgumentException: [ExecuTorch Error 0x12] Invalid argument: Execution failed for method: forward	n0*=native_group_norm(L0,·,·,·,·,·,·,·)
SKIP	w16:277	executor ExecutorchInvalidArgumentException: [ExecuTorch Error 0x12] Invalid argument: Execution failed for method: forward	n0*=_pdist_forward(L0,·)
MISMATCH	w16:290	out[0] non-finite mismatch (nan/inf positions differ)	n0*=log.out(L0,·)
SKIP	w16:305	executor ExecutorchRuntimeException: [ExecuTorch Error 0x14] Operator missing: Execution failed for method: forward	n0*=_fft_r2c(L0,·,·,·)
CRASH	w15:757	executor unavailable	n0*=sinh.out(L0,·)
SKIP	w16:370	executor ExecutorchInvalidArgumentException: [ExecuTorch Error 0x12] Invalid argument: Execution failed for method: forward	n0*=scatter_add.out(L0,·,L1,L2,·)
SKIP	w16:395	executor ExecutorchInvalidArgumentException: [ExecuTorch Error 0x12] Invalid argument: Execution failed for method: forward	n0*=arange.start_out(·,·,·,·)
CRASH	w15:79	executor unavailable	n0*=view_copy(L0,·)
SKIP	w16:420	executor ExecutorchInvalidArgumentException: [ExecuTorch Error 0x12] Invalid argument: Execution failed for method: forward	n0*=native_group_norm(L0,·,·,·,·,·,·,·)
MISMATCH	w16:447	out[0] max|delta|=9.223e+18 (rtol=0.0 atol=0.0)	n0*=bitwise_left_shift.Tensor_out(L0,L1,·)
MISMATCH	w16:454	out[0] non-finite mismatch (nan/inf positions differ)	n0*=logit.out(L0,·,·)
SKIP	w16:46	executor ExecutorchInvalidArgumentException: [ExecuTorch Error 0x12] Invalid argument: Execution failed for method: forward	n0*=native_group_norm(L0,·,·,·,·,·,·,·)
MISMATCH	w16:464	out[0] shape (1, 0) vs (0, 0, 0)	n0*=topk.values(L0,·,·,·,·,L1,L2)
SKIP	w16:466	executor ExecutorchInvalidArgumentException: [ExecuTorch Error 0x12] Invalid argument: Execution failed for method: forward	n0*=copy(L0,L1,·)
MISMATCH	w16:480	out[0] non-finite mismatch (nan/inf positions differ)	n0*=gelu.out(L0,·,·)
SKIP	w16:502	executor ExecutorchInvalidArgumentException: [ExecuTorch Error 0x12] Invalid argument: Execution failed for method: forward	n0*=native_group_norm(L0,·,·,·,·,·,·,·)
SKIP	w16:505	executor ExecutorchInvalidArgumentException: [ExecuTorch Error 0x12] Invalid argument: Execution failed for method: forward	n0*=_pdist_forward(L0,·)
MISMATCH	w16:518	out[0] non-finite mismatch (nan/inf positions differ)	n0*=log.out(L0,·)
SKIP	w16:533	executor ExecutorchRuntimeException: [ExecuTorch Error 0x14] Operator missing: Execution failed for method: forward	n0*=_fft_r2c(L0,·,·,·)
MISMATCH	w16:596	out[0] max|delta|=2.162e+17 (rtol=0.0 atol=0.0)	n0*=bitwise_left_shift.Tensor_Scalar(L0,·)
CRASH	w16:232	executor unavailable	n0*=ge.Tensor_out(L0,L1,·)
CRASH	w16:294	executor unavailable	n0*=tan.out(L0,·)
CRASH	w16:318	executor unavailable	n0*=t_copy(L0)
CRASH	w16:356	executor unavailable	n0*=logical_and(L0,L1)
CRASH	w16:369	executor unavailable	n0*=pixel_shuffle(L0,·)
SKIP	w16:623	executor ExecutorchInvalidArgumentException: [ExecuTorch Error 0x12] Invalid argument: Execution failed for method: forward	n0*=arange.start_out(·,·,·,·)
CRASH	w16:476	executor unavailable	n0*=argmin.out(L0,·,·,·)
CRASH	w16:486	executor unavailable	n0*=trunc.out(L0,·)
MISMATCH	w16:675	out[0] max|delta|=1.611e+09 (rtol=0.0 atol=0.0)	n0*=bitwise_left_shift.Tensor_out(L0,L1,·)
MISMATCH	w16:692	out[0] shape (1, 1) vs (0, 0, 0, 0, 0)	n0*=topk.values(L0,·,·,·,·,L1,L2)
SKIP	w16:694	executor ExecutorchInvalidArgumentException: [ExecuTorch Error 0x12] Invalid argument: Execution failed for method: forward	n0*=copy(L0,L1,·)
CRASH	w16:531	executor unavailable	n0*=any.dims_out(L0,·,·,·)
MISMATCH	w16:708	out[0] non-finite mismatch (nan/inf positions differ)	n0*=gelu.out(L0,·,·)
CRASH	w16:560	executor unavailable	n0*=_softmax.out(L0,·,·,·)
CRASH	w16:563	executor unavailable	n0*=unbind_copy.int(L0,·)
SKIP	w16:730	executor ExecutorchInvalidArgumentException: [ExecuTorch Error 0x12] Invalid argument: Execution failed for method: forward	n0*=native_group_norm(L0,·,·,·,·,·,·,·)
SKIP	w16:733	executor ExecutorchInvalidArgumentException: [ExecuTorch Error 0x12] Invalid argument: Execution failed for method: forward	n0*=_pdist_forward(L0,·)
CRASH	w16:589	executor unavailable	n0*=remainder.Scalar(L0,·)
SKIP	w16:761	executor ExecutorchRuntimeException: [ExecuTorch Error 0x14] Operator missing: Execution failed for method: forward	n0*=_fft_r2c(L0,·,·,·)
SKIP	w16:77	executor ExecutorchRuntimeException: [ExecuTorch Error 0x14] Operator missing: Execution failed for method: forward	n0*=_fft_r2c(L0,·,·,·)
MISMATCH	w16:8	out[0] shape (0,) vs (0, 0, 0, 0, 0)	n0*=topk.values(L0,·,·,·,·,L1,L2)
CRASH	w16:605	executor unavailable	n0*=split_copy.Tensor(L0,·,·)
MISMATCH	w17:116	out[0] non-finite mismatch (nan/inf positions differ)	n0*=native_layer_norm(L0,·,·,·,·)
SKIP	w17:125	executor ExecutorchInvalidArgumentException: [ExecuTorch Error 0x12] Invalid argument: Execution failed for method: forward	n0*=arange.start_out(·,·,·,·)
SKIP	w17:150	executor ExecutorchInvalidArgumentException: [ExecuTorch Error 0x12] Invalid argument: Execution failed for method: forward	n0*=native_group_norm(L0,·,·,·,·,·,·,·)
MISMATCH	w17:174	out[0] max|delta|=1.153e+18 (rtol=0.01 atol=0.001)	n0*=bitwise_left_shift.Tensor_Scalar_out(L0,·,·)
MISMATCH	w17:184	out[0] non-finite mismatch (nan/inf positions differ)	n0*=logit.out(L0,·,·)
SKIP	w17:189	executor ExecutorchInvalidArgumentException: [ExecuTorch Error 0x12] Invalid argument: Execution failed for method: forward	n0*=scatter.src_out(L0,·,L1,L2,·)
SKIP	w17:196	executor ExecutorchInvalidArgumentException: [ExecuTorch Error 0x12] Invalid argument: Execution failed for method: forward	n0*=copy(L0,L1,·)
MISMATCH	w17:225	out[0] shape (1, 1) vs (0, 0, 0, 0, 0)	n0*=max.dim_max(L0,·,·,L1,L2)
SKIP	w17:235	executor ExecutorchInvalidArgumentException: [ExecuTorch Error 0x12] Invalid argument: Execution failed for method: forward	n0*=_pdist_forward(L0,·)
SKIP	w17:263	executor ExecutorchRuntimeException: [ExecuTorch Error 0x14] Operator missing: Execution failed for method: forward	n0*=_fft_r2c(L0,·,·,·)
CRASH	w17:255	executor process died (native abort)	n0*=max_pool2d_with_indices_backward.grad_input(L0,L1,·,·,·,·,·,L2,L3)
MISMATCH	w17:326	out[0] max|delta|=4.612e+18 (rtol=0.0 atol=0.0)	n0*=bitwise_left_shift.Tensor_Scalar(L0,·)
SKIP	w17:327	executor ExecutorchRuntimeException: [ExecuTorch Error 0x1] Internal error: Execution failed for method: forward	n0*=pixel_shuffle(L0,·)
SKIP	w17:334	executor ExecutorchInvalidArgumentException: [ExecuTorch Error 0x12] Invalid argument: Execution failed for method: forward	n0*=expand_copy(L0,·,·)
SKIP	w17:35	executor ExecutorchRuntimeException: [ExecuTorch Error 0x14] Operator missing: Execution failed for method: forward	n0*=_fft_r2c(L0,·,·,·)
SKIP	w17:353	executor ExecutorchInvalidArgumentException: [ExecuTorch Error 0x12] Invalid argument: Execution failed for method: forward	n0*=arange.start_out(·,·,·,·)
MISMATCH	w17:369	out[0] max|delta|=2.550e+02 (rtol=0.0 atol=0.0)	n0*=prod.int_out(L0,·,·,·,·)
CRASH	w16:745	executor unavailable	n0*=pixel_shuffle(L0,·)
CRASH	w16:765	executor unavailable	n0*=log2.out(L0,·)
CRASH	w16:779	executor unavailable	n0*=add.Scalar(L0,·,·)
CRASH	w17:134	executor unavailable	n0*=tanh.out(L0,·)
SKIP	w17:4	executor ExecutorchInvalidArgumentException: [ExecuTorch Error 0x12] Invalid argument: Execution failed for method: forward	n0*=native_group_norm(L0,·,·,·,·,·,·,·)
CRASH	w17:165	executor unavailable	n0*=mul.out(L0,L1,·)
MISMATCH	w17:405	out[0] non-finite mismatch (nan/inf positions differ)	n0*=bitwise_left_shift.Tensor_out(L0,L1,·)
MISMATCH	w17:422	out[0] shape (0,) vs (0, 0, 0, 0, 0)	n0*=topk.values(L0,·,·,·,·,L1,L2)
MISMATCH	w17:437	out[0] non-finite mismatch (nan/inf positions differ)	n0*=logit(L0,·)
MISMATCH	w17:438	out[0] non-finite mismatch (nan/inf positions differ)	n0*=gelu.out(L0,·,·)
MISMATCH	w17:458	out[0] max|delta|=4.932e-02 (rtol=0.01 atol=0.001)	n0*=_native_batch_norm_legit.no_stats(L0,·,·,·,·,·)
CRASH	w17:24	executor unavailable	n0*=tan.out(L0,·)
CRASH	w17:247	executor unavailable	n0*=pixel_shuffle(L0,·)
CRASH	w17:307	executor unavailable	n0*=elu.out(L0,·,·,·,·)
SKIP	w17:491	executor ExecutorchRuntimeException: [ExecuTorch Error 0x14] Operator missing: Execution failed for method: forward	n0*=_fft_r2c(L0,·,·,·)
SKIP	w17:463	executor ExecutorchInvalidArgumentException: [ExecuTorch Error 0x12] Invalid argument: Execution failed for method: forward	n0*=_pdist_forward(L0,·)
MISMATCH	w17:402	out[0] max|delta|=9.223e+18 (rtol=0.01 atol=0.001)	n0*=bitwise_left_shift.Tensor_Scalar_out(L0,·,·)
CRASH	w17:338	executor unavailable	n0*=exp.out(L0,·)
CRASH	w17:34	executor unavailable	n0*=where.self_out(L0,L1,L2,·)
SKIP	w17:520	executor IllegalArgumentException: unsupported input dtype code 24 on Android	n0*=linear.out(L0,L1,·,·)
MISMATCH	w17:554	out[0] max|delta|=1.342e+08 (rtol=0.0 atol=0.0)	n0*=bitwise_left_shift.Tensor_Scalar(L0,·)
SKIP	w17:562	executor ExecutorchInvalidArgumentException: [ExecuTorch Error 0x12] Invalid argument: Execution failed for method: forward	n0*=expand_copy(L0,·,·)
MISMATCH	w17:568	out[0] max|delta|=1.000e+00 (rtol=0.0 atol=0.0)	n0*=prod(L0,·)
CRASH	w17:366	executor unavailable	n0*=replication_pad3d.out(L0,·,·)
SKIP	w17:581	executor ExecutorchInvalidArgumentException: [ExecuTorch Error 0x12] Invalid argument: Execution failed for method: forward	n0*=arange.start_out(·,·,·,·)
SKIP	w17:587	executor ExecutorchInvalidArgumentException: [ExecuTorch Error 0x12] Invalid argument: Execution failed for method: forward	n0*=scatter.value_out(L0,·,L1,·,·)
CRASH	w17:483	executor process died (native abort)	n0*=max_pool2d_with_indices_backward.grad_input(L0,L1,·,·,·,·,·,L2,L3)
MISMATCH	w17:630	out[0] max|delta|=1.153e+18 (rtol=0.01 atol=0.001)	n0*=bitwise_left_shift.Tensor_Scalar_out(L0,·,·)
CRASH	w17:39	executor unavailable	n0*=log2.out(L0,·)
MISMATCH	w17:633	out[0] non-finite mismatch (nan/inf positions differ)	n0*=bitwise_left_shift.Tensor_out(L0,L1,·)
SKIP	w17:652	executor ExecutorchInvalidArgumentException: [ExecuTorch Error 0x12] Invalid argument: Execution failed for method: forward	n0*=copy(L0,L1,·)
MISMATCH	w17:680	out[0] max|delta|=4.000e+00 (rtol=0.0 atol=0.0)	n0*=fmod.Scalar(L0,·)
SKIP	w17:688	executor ExecutorchInvalidArgumentException: [ExecuTorch Error 0x12] Invalid argument: Execution failed for method: forward	n0*=native_group_norm(L0,·,·,·,·,·,·,·)
SKIP	w17:691	executor ExecutorchInvalidArgumentException: [ExecuTorch Error 0x12] Invalid argument: Execution failed for method: forward	n0*=_pdist_forward(L0,·)
MISMATCH	w17:704	out[0] non-finite mismatch (nan/inf positions differ)	n0*=log.out(L0,·)
SKIP	w17:719	executor ExecutorchRuntimeException: [ExecuTorch Error 0x14] Operator missing: Execution failed for method: forward	n0*=_fft_r2c(L0,·,·,·)
MISMATCH	w17:743	out[0] max|delta|=8.000e+00 (rtol=0.0 atol=0.0)	n0*=bitwise_right_shift.Tensor_Scalar(L0,·)
CRASH	w17:471	executor unavailable	n0*=_cdist_forward(L0,L1,·,·)
CRASH	w17:512	executor unavailable	n0*=clamp.out(L0,·,·,·)
CRASH	w17:552	executor unavailable	n0*=sqrt.out(L0,·)
CRASH	w17:555	executor unavailable	n0*=pixel_shuffle(L0,·)
MISMATCH	w17:98	out[0] max|delta|=7.206e+16 (rtol=0.0 atol=0.0)	n0*=bitwise_left_shift.Tensor_Scalar(L0,·)
CRASH	w17:598	executor unavailable	n0*=grid_sampler_2d(L0,L1,·,·,·)
SKIP	w18:10	executor ExecutorchInvalidArgumentException: [ExecuTorch Error 0x12] Invalid argument: Execution failed for method: forward	n0*=_pdist_forward(L0,·)
CRASH	w17:606	executor unavailable	n0*=native_group_norm(L0,·,·,·,·,·,·,·)
SKIP	w18:109	executor ExecutorchInvalidArgumentException: [ExecuTorch Error 0x12] Invalid argument: Execution failed for method: forward	n0*=expand_copy(L0,·,·)
MISMATCH	w18:119	out[0] non-finite mismatch (nan/inf positions differ)	n0*=native_layer_norm(L0,·,·,·,·)
SKIP	w18:128	executor ExecutorchInvalidArgumentException: [ExecuTorch Error 0x12] Invalid argument: Execution failed for method: forward	n0*=arange.start_out(·,·,·,·)
CRASH	w17:664	executor unavailable	n0*=min.dim_min(L0,·,·,L1,L2)
SKIP	w18:153	executor ExecutorchInvalidArgumentException: [ExecuTorch Error 0x12] Invalid argument: Execution failed for method: forward	n0*=native_group_norm(L0,·,·,·,·,·,·,·)
CRASH	w17:683	executor unavailable	n0*=atan.out(L0,·)
CRASH	w17:685	executor unavailable	n0*=div.Scalar(L0,·)
MISMATCH	w18:180	out[0] max|delta|=1.611e+09 (rtol=0.0 atol=0.0)	n0*=bitwise_left_shift.Tensor_out(L0,L1,·)
MISMATCH	w18:197	out[0] shape (1, 0) vs (0, 0)	n0*=topk.values(L0,·,·,·,·,L1,L2)
MISMATCH	w18:212	out[0] non-finite mismatch (nan/inf positions differ)	n0*=logit(L0,·)
CRASH	w17:707	executor unavailable	n0*=bitwise_xor.Scalar(L0,·)
MISMATCH	w18:23	out[0] non-finite mismatch (nan/inf positions differ)	n0*=log.out(L0,·)
SKIP	w18:235	executor ExecutorchInvalidArgumentException: [ExecuTorch Error 0x12] Invalid argument: Execution failed for method: forward	n0*=native_group_norm(L0,·,·,·,·,·,·,·)
SKIP	w18:238	executor ExecutorchInvalidArgumentException: [ExecuTorch Error 0x12] Invalid argument: Execution failed for method: forward	n0*=_pdist_forward(L0,·)
SKIP	w18:250	executor ExecutorchRuntimeException: [ExecuTorch Error 0x1] Internal error: Execution failed for method: forward	n0*=pixel_shuffle(L0,·)
SKIP	w18:266	executor ExecutorchRuntimeException: [ExecuTorch Error 0x14] Operator missing: Execution failed for method: forward	n0*=_fft_r2c(L0,·,·,·)
CRASH	w17:741	executor unavailable	n0*=argmax.out(L0,·,·,·)
SKIP	w18:356	executor ExecutorchInvalidArgumentException: [ExecuTorch Error 0x12] Invalid argument: Execution failed for method: forward	n0*=arange.start_out(·,·,·,·)
MISMATCH	w18:373	out[0] non-finite mismatch (nan/inf positions differ)	n0*=grid_sampler_2d(L0,L1,·,·,·)
SKIP	w18:38	executor ExecutorchRuntimeException: [ExecuTorch Error 0x14] Operator missing: Execution failed for method: forward	n0*=_fft_r2c(L0,·,·,·)
SKIP	w18:381	executor ExecutorchInvalidArgumentException: [ExecuTorch Error 0x12] Invalid argument: Execution failed for method: forward	n0*=native_group_norm(L0,·,·,·,·,·,·,·)
MISMATCH	w18:405	out[0] max|delta|=2.306e+18 (rtol=0.01 atol=0.001)	n0*=bitwise_left_shift.Tensor_Scalar_out(L0,·,·)
MISMATCH	w18:408	out[0] max|delta|=2.147e+09 (rtol=0.0 atol=0.0)	n0*=bitwise_left_shift.Tensor_out(L0,L1,·)
MISMATCH	w18:425	out[0] shape (0, 0, 0, 0) vs (0, 0, 0, 0, 0)	n0*=topk.values(L0,·,·,·,·,L1,L2)
MISMATCH	w18:441	out[0] non-finite mismatch (nan/inf positions differ)	n0*=gelu.out(L0,·,·)
CRASH	w17:83	executor unavailable	n0*=slice_copy.Tensor(L0,·,·,·,·)
SKIP	w18:463	executor ExecutorchInvalidArgumentException: [ExecuTorch Error 0x12] Invalid argument: Execution failed for method: forward	n0*=native_group_norm(L0,·,·,·,·,·,·,·)
SKIP	w18:466	executor ExecutorchInvalidArgumentException: [ExecuTorch Error 0x12] Invalid argument: Execution failed for method: forward	n0*=_pdist_forward(L0,·)
SKIP	w18:478	executor ExecutorchRuntimeException: [ExecuTorch Error 0x1] Internal error: Execution failed for method: forward	n0*=pixel_shuffle(L0,·)
SKIP	w18:494	executor ExecutorchRuntimeException: [ExecuTorch Error 0x14] Operator missing: Execution failed for method: forward	n0*=_fft_r2c(L0,·,·,·)
CRASH	w18:154	executor unavailable	n0*=squeeze_copy.dims(L0,·)
CRASH	w18:198	executor unavailable	n0*=masked_fill.Scalar(L0,L1,·)
CRASH	w18:200	executor unavailable	n0*=stack(·,·)
CRASH	w18:231	executor unavailable	n0*=unsqueeze_copy(L0,·)
SKIP	w18:504	executor ExecutorchRuntimeException: [ExecuTorch Error 0x1] Internal error: Execution failed for method: forward	n0*=pixel_unshuffle(L0,·)
CRASH	w18:284	executor unavailable	n0*=add.Scalar(L0,·,·)
CRASH	w18:327	executor unavailable	n0*=sqrt.out(L0,·)
MISMATCH	w18:557	out[0] max|delta|=7.206e+16 (rtol=0.0 atol=0.0)	n0*=bitwise_left_shift.Tensor_Scalar(L0,·)
SKIP	w18:559	executor ExecutorchInvalidArgumentException: [ExecuTorch Error 0x12] Invalid argument: Execution failed for method: forward	n0*=scatter_add.out(L0,·,L1,L2,·)
CRASH	w18:366	executor unavailable	n0*=permute_copy(L0,·)
SKIP	w18:584	executor ExecutorchInvalidArgumentException: [ExecuTorch Error 0x12] Invalid argument: Execution failed for method: forward	n0*=arange.start_out(·,·,·,·)
SKIP	w18:590	executor ExecutorchInvalidArgumentException: [ExecuTorch Error 0x12] Invalid argument: Execution failed for method: forward	n0*=scatter.value_out(L0,·,L1,·,·)
MISMATCH	w18:600	out[0] max|delta|=1.000e+00 (rtol=0.0 atol=0.0)	n0*=prod.int_out(L0,·,·,·,·)
CRASH	w18:400	executor unavailable	n0*=replication_pad2d.out(L0,·,·)
SKIP	w18:609	executor ExecutorchInvalidArgumentException: [ExecuTorch Error 0x12] Invalid argument: Execution failed for method: forward	n0*=native_group_norm(L0,·,·,·,·,·,·,·)
CRASH	w18:406	executor unavailable	n0*=maximum.out(L0,L1,·)
MISMATCH	w18:62	out[0] max|delta|=5.120e+02 (rtol=0.0 atol=0.0)	n0*=bitwise_right_shift.Tensor_Scalar(L0,·)
MISMATCH	w18:636	out[0] non-finite mismatch (nan/inf positions differ)	n0*=bitwise_left_shift.Tensor_out(L0,L1,·)
CRASH	w18:449	executor unavailable	n0*=bitwise_or.Scalar(L0,·)
MISMATCH	w18:642	out[0] max|delta|=2.550e+02 (rtol=0.0 atol=0.0)	n0*=sum.IntList_out(L0,·,·,·,·)
CRASH	w18:455	executor unavailable	n0*=fmod.Scalar(L0,·)
MISMATCH	w18:653	out[0] shape (1,) vs (0, 0, 0, 0, 0)	n0*=topk.values(L0,·,·,·,·,L1,L2)
SKIP	w18:67	executor IllegalArgumentException: unsupported input dtype code 24 on Android	n0*=linear.out(L0,L1,·,·)
MISMATCH	w18:669	out[0] non-finite mismatch (nan/inf positions differ)	n0*=gelu.out(L0,·,·)
MISMATCH	w18:683	out[0] max|delta|=3.000e+00 (rtol=0.0 atol=0.0)	n0*=fmod.Scalar(L0,·)
SKIP	w18:691	executor ExecutorchInvalidArgumentException: [ExecuTorch Error 0x12] Invalid argument: Execution failed for method: forward	n0*=native_group_norm(L0,·,·,·,·,·,·,·)
SKIP	w18:694	executor ExecutorchInvalidArgumentException: [ExecuTorch Error 0x12] Invalid argument: Execution failed for method: forward	n0*=_pdist_forward(L0,·)
SKIP	w18:7	executor ExecutorchInvalidArgumentException: [ExecuTorch Error 0x12] Invalid argument: Execution failed for method: forward	n0*=native_group_norm(L0,·,·,·,·,·,·,·)
SKIP	w18:722	executor ExecutorchRuntimeException: [ExecuTorch Error 0x14] Operator missing: Execution failed for method: forward	n0*=_fft_r2c(L0,·,·,·)
MISMATCH	w18:778	out[0] max|delta|=3.000e+00 (rtol=0.0 atol=0.0)	n0*=remainder.Scalar(L0,·)
SKIP	w19:1	executor ExecutorchInvalidArgumentException: [ExecuTorch Error 0x12] Invalid argument: Execution failed for method: forward	n0*=native_group_norm(L0,·,·,·,·,·,·,·)
MISMATCH	w19:109	out[0] max|delta|=1.000e+00 (rtol=0.0 atol=0.0)	n0*=prod(L0,·)
SKIP	w19:122	executor ExecutorchInvalidArgumentException: [ExecuTorch Error 0x12] Invalid argument: Execution failed for method: forward	n0*=arange.start_out(·,·,·,·)
SKIP	w19:147	executor ExecutorchInvalidArgumentException: [ExecuTorch Error 0x12] Invalid argument: Execution failed for method: forward	n0*=native_group_norm(L0,·,·,·,·,·,·,·)
MISMATCH	w19:174	out[0] max|delta|=6.918e+18 (rtol=0.01 atol=0.001)	n0*=bitwise_left_shift.Tensor_out(L0,L1,·)
MISMATCH	w19:180	out[0] max|delta|=4.295e+09 (rtol=0.0 atol=0.0)	n0*=sum.IntList_out(L0,·,·,·,·)
MISMATCH	w19:205	out[0] shape (1,) vs (0,)	n0*=min.dim_min(L0,·,·,L1,L2)
MISMATCH	w19:207	out[0] non-finite mismatch (nan/inf positions differ)	n0*=gelu.out(L0,·,·)
MISMATCH	w19:171	out[0] max|delta|=6.918e+18 (rtol=0.0 atol=0.0)	n0*=bitwise_left_shift.Tensor_Scalar_out(L0,·,·)
CRASH	w18:503	executor unavailable	n0*=_native_batch_norm_legit_no_training(L0,·,·,L1,L2,·,·)
CRASH	w19:24	executor process died (native abort)	n0*=max_pool2d_with_indices_backward.grad_input(L0,L1,·,·,·,·,·,L2,L3)
SKIP	w19:260	executor ExecutorchRuntimeException: [ExecuTorch Error 0x14] Operator missing: Execution failed for method: forward	n0*=_fft_r2c(L0,·,·,·)
CRASH	w19:252	executor process died (native abort)	n0*=max_pool2d_with_indices_backward.grad_input(L0,L1,·,·,·,·,·,L2,L3)
CRASH	w18:60	executor unavailable	n0*=argmax.out(L0,·,·,·)
CRASH	w18:6	executor unavailable	n0*=ne.Scalar_out(L0,·,·)
CRASH	w18:616	executor unavailable	n0*=amin.out(L0,·,·,·)
CRASH	w18:655	executor unavailable	n0*=copy(L0,L1,·)
SKIP	w19:32	executor ExecutorchRuntimeException: [ExecuTorch Error 0x14] Operator missing: Execution failed for method: forward	n0*=_fft_r2c(L0,·,·,·)
SKIP	w19:331	executor ExecutorchInvalidArgumentException: [ExecuTorch Error 0x12] Invalid argument: Execution failed for method: forward	n0*=expand_copy(L0,·,·)
CRASH	w18:685	executor unavailable	n0*=logical_or.out(L0,L1,·)
SKIP	w19:350	executor ExecutorchInvalidArgumentException: [ExecuTorch Error 0x12] Invalid argument: Execution failed for method: forward	n0*=arange.start_out(·,·,·,·)
SKIP	w19:370	executor ExecutorchInvalidArgumentException: [ExecuTorch Error 0x12] Invalid argument: Execution failed for method: forward	n0*=convolution(L0,L1,·,·,·,·,·,·,·)
SKIP	w19:375	executor ExecutorchInvalidArgumentException: [ExecuTorch Error 0x12] Invalid argument: Execution failed for method: forward	n0*=native_group_norm(L0,·,·,·,·,·,·,·)
CRASH	w18:772	executor unavailable	n0*=narrow_copy.out(L0,·,·,·,·)
CRASH	w18:769	executor unavailable	n0*=unfold_copy(L0,·,·,·)
MISMATCH	w19:419	out[0] max|delta|=4.000e+00 (rtol=0.0 atol=0.0)	n0*=topk.values(L0,·,·,·,·,L1,L2)
SKIP	w19:42	executor ExecutorchRuntimeException: [ExecuTorch Error 0x1] Internal error: Execution failed for method: forward	n0*=pixel_unshuffle(L0,·)
SKIP	w19:421	executor ExecutorchInvalidArgumentException: [ExecuTorch Error 0x12] Invalid argument: Execution failed for method: forward	n0*=copy(L0,L1,·)
CRASH	w19:156	executor unavailable	n0*=cos.out(L0,·)
MISMATCH	w19:455	out[0] max|delta|=3.999e-01 (rtol=0.01 atol=0.001)	n0*=_native_batch_norm_legit.no_stats(L0,·,·,·,·,·)
SKIP	w19:457	executor ExecutorchInvalidArgumentException: [ExecuTorch Error 0x12] Invalid argument: Execution failed for method: forward	n0*=native_group_norm(L0,·,·,·,·,·,·,·)
SKIP	w19:460	executor ExecutorchInvalidArgumentException: [ExecuTorch Error 0x12] Invalid argument: Execution failed for method: forward	n0*=_pdist_forward(L0,·)
MISMATCH	w19:473	out[0] non-finite mismatch (nan/inf positions differ)	n0*=log.out(L0,·)
SKIP	w19:488	executor ExecutorchRuntimeException: [ExecuTorch Error 0x14] Operator missing: Execution failed for method: forward	n0*=_fft_r2c(L0,·,·,·)
CRASH	w19:221	executor unavailable	n0*=fmod.Scalar(L0,·)
CRASH	w19:480	executor process died (native abort)	n0*=max_pool2d_with_indices_backward.grad_input(L0,L1,·,·,·,·,·,L2,L3)
CRASH	w19:229	executor unavailable	n0*=native_group_norm(L0,·,·,·,·,·,·,·)
SKIP	w19:517	executor IllegalArgumentException: unsupported input dtype code 24 on Android	n0*=linear.out(L0,L1,·,·)
SKIP	w19:559	executor ExecutorchInvalidArgumentException: [ExecuTorch Error 0x12] Invalid argument: Execution failed for method: forward	n0*=expand_copy(L0,·,·)
MISMATCH	w19:573	out[0] max|delta|=8.000e+00 (rtol=0.0 atol=0.0)	n0*=remainder.Scalar_out(L0,·,·)
SKIP	w19:578	executor ExecutorchInvalidArgumentException: [ExecuTorch Error 0x12] Invalid argument: Execution failed for method: forward	n0*=arange.start_out(·,·,·,·)
MISMATCH	w19:603	out[0] non-finite mismatch (nan/inf positions differ)	n0*=native_group_norm(L0,·,·,·,·,·,·,·)
MISMATCH	w19:627	out[0] non-finite mismatch (nan/inf positions differ)	n0*=bitwise_left_shift.Tensor_Scalar_out(L0,·,·)
CRASH	w19:277	executor unavailable	n0*=ceil.out(L0,·)
MISMATCH	w19:663	out[0] non-finite mismatch (nan/inf positions differ)	n0*=gelu.out(L0,·,·)
CRASH	w19:396	executor unavailable	n0*=detach_copy(L0)
CRASH	w19:397	executor unavailable	n0*=abs(L0)
CRASH	w19:410	executor unavailable	n0*=lt.Tensor_out(L0,L1,·)
CRASH	w19:447	executor unavailable	n0*=reciprocal.out(L0,·)
SKIP	w19:685	executor ExecutorchInvalidArgumentException: [ExecuTorch Error 0x12] Invalid argument: Execution failed for method: forward	n0*=native_group_norm(L0,·,·,·,·,·,·,·)
SKIP	w19:688	executor ExecutorchInvalidArgumentException: [ExecuTorch Error 0x12] Invalid argument: Execution failed for method: forward	n0*=_pdist_forward(L0,·)
CRASH	w19:461	executor unavailable	n0*=reflection_pad1d.out(L0,·,·)
SKIP	w19:716	executor ExecutorchRuntimeException: [ExecuTorch Error 0x14] Operator missing: Execution failed for method: forward	n0*=_fft_r2c(L0,·,·,·)
CRASH	w19:708	executor process died (native abort)	n0*=max_pool2d_with_indices_backward.grad_input(L0,L1,·,·,·,·,·,L2,L3)
CRASH	w19:508	executor unavailable	n0*=log10.out(L0,·)
CRASH	w19:52	executor unavailable	n0*=log10.out(L0,·)
MISMATCH	w19:779	out[0] max|delta|=6.918e+18 (rtol=0.0 atol=0.0)	n0*=bitwise_left_shift.Tensor_Scalar(L0,·)
MISMATCH	w19:95	out[0] max|delta|=9.223e+18 (rtol=0.0 atol=0.0)	n0*=bitwise_left_shift.Tensor_Scalar(L0,·)
SKIP	w19:96	executor ExecutorchRuntimeException: [ExecuTorch Error 0x1] Internal error: Execution failed for method: forward	n0*=pixel_shuffle(L0,·)
MISMATCH	w2:130	out[0] max|delta|=2.684e+08 (rtol=0.0 atol=0.0)	n0*=bitwise_left_shift.Tensor_Scalar(L0,·)
SKIP	w2:138	executor ExecutorchInvalidArgumentException: [ExecuTorch Error 0x12] Invalid argument: Execution failed for method: forward	n0*=expand_copy(L0,·,·)
SKIP	w2:157	executor ExecutorchInvalidArgumentException: [ExecuTorch Error 0x12] Invalid argument: Execution failed for method: forward	n0*=arange.start_out(·,·,·,·)
CRASH	w19:633	executor unavailable	n0*=hardtanh(L0,·,·)
CRASH	w19:635	executor unavailable	n0*=index_put(L0,·,L1,·)
CRASH	w19:644	executor unavailable	n0*=replication_pad1d.out(L0,·,·)
SKIP	w2:182	executor ExecutorchInvalidArgumentException: [ExecuTorch Error 0x12] Invalid argument: Execution failed for method: forward	n0*=native_group_norm(L0,·,·,·,·,·,·,·)
CRASH	w19:654	executor unavailable	n0*=fmod.Scalar_out(L0,·,·)
MISMATCH	w2:226	out[0] shape (1, 1, 1, 1) vs (0, 0, 0, 0, 0)	n0*=topk.values(L0,·,·,·,·,L1,L2)
SKIP	w2:264	executor ExecutorchInvalidArgumentException: [ExecuTorch Error 0x12] Invalid argument: Execution failed for method: forward	n0*=native_group_norm(L0,·,·,·,·,·,·,·)
SKIP	w2:267	executor ExecutorchInvalidArgumentException: [ExecuTorch Error 0x12] Invalid argument: Execution failed for method: forward	n0*=_pdist_forward(L0,·)
MISMATCH	w2:280	out[0] non-finite mismatch (nan/inf positions differ)	n0*=log.out(L0,·)
SKIP	w2:295	executor ExecutorchRuntimeException: [ExecuTorch Error 0x14] Operator missing: Execution failed for method: forward	n0*=_fft_r2c(L0,·,·,·)
SKIP	w2:324	executor IllegalArgumentException: unsupported input dtype code 24 on Android	n0*=linear.out(L0,L1,·,·)
SKIP	w2:36	executor ExecutorchInvalidArgumentException: [ExecuTorch Error 0x12] Invalid argument: Execution failed for method: forward	n0*=native_group_norm(L0,·,·,·,·,·,·,·)
CRASH	w19:68	executor unavailable	n0*=floor_divide(L0,L1)
MISMATCH	w2:376	out[0] non-finite mismatch (nan/inf positions differ)	n0*=native_layer_norm(L0,·,·,·,·)
SKIP	w2:385	executor ExecutorchInvalidArgumentException: [ExecuTorch Error 0x12] Invalid argument: Execution failed for method: forward	n0*=arange.start_out(·,·,·,·)
SKIP	w2:39	executor ExecutorchInvalidArgumentException: [ExecuTorch Error 0x12] Invalid argument: Execution failed for method: forward	n0*=_pdist_forward(L0,·)
MISMATCH	w2:402	out[0] non-finite mismatch (nan/inf positions differ)	n0*=grid_sampler_2d(L0,L1,·,·,·)
SKIP	w2:410	executor ExecutorchInvalidArgumentException: [ExecuTorch Error 0x12] Invalid argument: Execution failed for method: forward	n0*=native_group_norm(L0,·,·,·,·,·,·,·)
MISMATCH	w2:437	out[0] max|delta|=2.147e+09 (rtol=0.0 atol=0.0)	n0*=bitwise_left_shift.Tensor_out(L0,L1,·)
CRASH	w19:733	executor unavailable	n0*=ceil.out(L0,·)
CRASH	w19:749	executor unavailable	n0*=logical_xor(L0,L1)
CRASH	w19:86	executor unavailable	n0*=sub.out(L0,L1,·,·)
CRASH	w2:103	executor unavailable	n0*=floor_divide(L0,L1)
MISMATCH	w2:454	out[0] shape (0, 0, 0, 0) vs (0, 0, 0, 0, 0)	n0*=topk.values(L0,·,·,·,·,L1,L2)
SKIP	w2:456	executor ExecutorchInvalidArgumentException: [ExecuTorch Error 0x12] Invalid argument: Execution failed for method: forward	n0*=copy(L0,L1,·)
MISMATCH	w2:469	out[0] non-finite mismatch (nan/inf positions differ)	n0*=logit(L0,·)
MISMATCH	w2:484	out[0] max|delta|=4.000e+00 (rtol=0.0 atol=0.0)	n0*=fmod.Scalar(L0,·)
CRASH	w2:161	executor unavailable	n0*=bitwise_and.Scalar(L0,·)
CRASH	w2:178	executor unavailable	n0*=acos.out(L0,·)
SKIP	w2:495	executor ExecutorchInvalidArgumentException: [ExecuTorch Error 0x12] Invalid argument: Execution failed for method: forward	n0*=_pdist_forward(L0,·)
MISMATCH	w2:508	out[0] non-finite mismatch (nan/inf positions differ)	n0*=log.out(L0,·)
SKIP	w2:523	executor ExecutorchRuntimeException: [ExecuTorch Error 0x14] Operator missing: Execution failed for method: forward	n0*=_fft_r2c(L0,·,·,·)
SKIP	w2:492	executor ExecutorchInvalidArgumentException: [ExecuTorch Error 0x12] Invalid argument: Execution failed for method: forward	n0*=native_group_norm(L0,·,·,·,·,·,·,·)
MISMATCH	w2:586	out[0] max|delta|=2.882e+17 (rtol=0.0 atol=0.0)	n0*=bitwise_left_shift.Tensor_Scalar(L0,·)
SKIP	w2:594	executor ExecutorchInvalidArgumentException: [ExecuTorch Error 0x12] Invalid argument: Execution failed for method: forward	n0*=expand_copy(L0,·,·)
MISMATCH	w2:600	out[0] max|delta|=2.550e+02 (rtol=0.0 atol=0.0)	n0*=prod(L0,·)
CRASH	w2:291	executor unavailable	n0*=index_select(L0,·,L1)
SKIP	w2:613	executor ExecutorchInvalidArgumentException: [ExecuTorch Error 0x12] Invalid argument: Execution failed for method: forward	n0*=arange.start_out(·,·,·,·)
CRASH	w2:314	executor unavailable	n0*=leaky_relu.out(L0,·,·)
CRASH	w2:345	executor unavailable	n0*=narrow_copy.out(L0,·,·,·,·)
CRASH	w2:388	executor unavailable	n0*=relu(L0)
SKIP	w2:638	executor ExecutorchInvalidArgumentException: [ExecuTorch Error 0x12] Invalid argument: Execution failed for method: forward	n0*=native_group_norm(L0,·,·,·,·,·,·,·)
MISMATCH	w2:662	out[0] max|delta|=1.441e+17 (rtol=0.01 atol=0.001)	n0*=bitwise_left_shift.Tensor_Scalar_out(L0,·,·)
MISMATCH	w2:665	out[0] max|delta|=6.918e+18 (rtol=0.01 atol=0.001)	n0*=bitwise_left_shift.Tensor_out(L0,L1,·)
SKIP	w2:67	executor ExecutorchRuntimeException: [ExecuTorch Error 0x14] Operator missing: Execution failed for method: forward	n0*=_fft_r2c(L0,·,·,·)
MISMATCH	w2:672	out[0] non-finite mismatch (nan/inf positions differ)	n0*=logit.out(L0,·,·)
MISMATCH	w2:698	out[0] non-finite mismatch (nan/inf positions differ)	n0*=gelu.out(L0,·,·)
CRASH	w2:419	executor unavailable	n0*=cos.out(L0,·)
MISMATCH	w2:711	out[0] max|delta|=4.000e+00 (rtol=0.0 atol=0.0)	n0*=remainder.Tensor_out(L0,L1,·)
SKIP	w2:720	executor ExecutorchInvalidArgumentException: [ExecuTorch Error 0x12] Invalid argument: Execution failed for method: forward	n0*=native_group_norm(L0,·,·,·,·,·,·,·)
CRASH	w2:439	executor unavailable	n0*=var.correction_out(L0,·,·,·,·)
SKIP	w2:723	executor ExecutorchInvalidArgumentException: [ExecuTorch Error 0x12] Invalid argument: Execution failed for method: forward	n0*=_pdist_forward(L0,·)
SKIP	w2:751	executor ExecutorchRuntimeException: [ExecuTorch Error 0x14] Operator missing: Execution failed for method: forward	n0*=_fft_r2c(L0,·,·,·)
SKIP	w20:106	executor ExecutorchInvalidArgumentException: [ExecuTorch Error 0x12] Invalid argument: Execution failed for method: forward	n0*=expand_copy(L0,·,·)
SKIP	w20:125	executor ExecutorchInvalidArgumentException: [ExecuTorch Error 0x12] Invalid argument: Execution failed for method: forward	n0*=arange.start_out(·,·,·,·)
CRASH	w2:493	executor unavailable	n0*=cosh.out(L0,·)
CRASH	w2:527	executor unavailable	n0*=log2.out(L0,·)
CRASH	w2:543	executor unavailable	n0*=log10.out(L0,·)
SKIP	w20:150	executor ExecutorchInvalidArgumentException: [ExecuTorch Error 0x12] Invalid argument: Execution failed for method: forward	n0*=native_group_norm(L0,·,·,·,·,·,·,·)
CRASH	w2:6	executor unavailable	n0*=squeeze_copy.dim(L0,·)
CRASH	w2:609	executor unavailable	n0*=lift_fresh_copy(L0)
MISMATCH	w20:177	out[0] max|delta|=2.147e+09 (rtol=0.0 atol=0.0)	n0*=bitwise_left_shift.Tensor_out(L0,L1,·)
MISMATCH	w20:183	out[0] max|delta|=2.550e+02 (rtol=0.0 atol=0.0)	n0*=sum.IntList_out(L0,·,·,·,·)
MISMATCH	w20:184	out[0] non-finite mismatch (nan/inf positions differ)	n0*=logit.out(L0,·,·)
CRASH	w2:629	executor unavailable	n0*=prod.int_out(L0,·,·,·,·)
MISMATCH	w20:210	out[0] non-finite mismatch (nan/inf positions differ)	n0*=gelu.out(L0,·,·)
MISMATCH	w20:232	out[0] non-finite mismatch (nan/inf positions differ)	n0*=native_group_norm(L0,·,·,·,·,·,·,·)
SKIP	w20:235	executor ExecutorchInvalidArgumentException: [ExecuTorch Error 0x12] Invalid argument: Execution failed for method: forward	n0*=_pdist_forward(L0,·)
SKIP	w20:247	executor ExecutorchRuntimeException: [ExecuTorch Error 0x1] Internal error: Execution failed for method: forward	n0*=pixel_shuffle(L0,·)
SKIP	w20:263	executor ExecutorchRuntimeException: [ExecuTorch Error 0x14] Operator missing: Execution failed for method: forward	n0*=_fft_r2c(L0,·,·,·)
CRASH	w2:671	executor unavailable	n0*=sum.IntList_out(L0,·,·,·,·)
CRASH	w20:255	executor process died (native abort)	n0*=max_pool2d_with_indices_backward.grad_input(L0,L1,·,·,·,·,·,L2,L3)
CRASH	w2:709	executor unavailable	n0*=var_mean.correction(L0,·,·,·)
SKIP	w20:334	executor ExecutorchInvalidArgumentException: [ExecuTorch Error 0x12] Invalid argument: Execution failed for method: forward	n0*=expand_copy(L0,·,·)
CRASH	w2:757	executor unavailable	n0*=fill.Scalar(L0,·)
SKIP	w20:35	executor ExecutorchRuntimeException: [ExecuTorch Error 0x14] Operator missing: Execution failed for method: forward	n0*=_fft_r2c(L0,·,·,·)
SKIP	w20:353	executor ExecutorchInvalidArgumentException: [ExecuTorch Error 0x12] Invalid argument: Execution failed for method: forward	n0*=arange.start_out(·,·,·,·)
SKIP	w20:378	executor ExecutorchInvalidArgumentException: [ExecuTorch Error 0x12] Invalid argument: Execution failed for method: forward	n0*=native_group_norm(L0,·,·,·,·,·,·,·)
SKIP	w20:4	executor ExecutorchInvalidArgumentException: [ExecuTorch Error 0x12] Invalid argument: Execution failed for method: forward	n0*=native_group_norm(L0,·,·,·,·,·,·,·)
MISMATCH	w20:402	out[0] max|delta|=9.223e+18 (rtol=0.01 atol=0.001)	n0*=bitwise_left_shift.Tensor_Scalar_out(L0,·,·)
CRASH	w2:99	executor unavailable	n0*=gt.Scalar_out(L0,·,·)
CRASH	w20:127	executor unavailable	n0*=select_copy.int(L0,·,·)
SKIP	w20:424	executor ExecutorchInvalidArgumentException: [ExecuTorch Error 0x12] Invalid argument: Execution failed for method: forward	n0*=copy(L0,L1,·)
MISMATCH	w20:438	out[0] non-finite mismatch (nan/inf positions differ)	n0*=gelu.out(L0,·,·)
CRASH	w20:130	executor unavailable	n0*=var.correction(L0,·,·,·)
SKIP	w20:460	executor ExecutorchInvalidArgumentException: [ExecuTorch Error 0x12] Invalid argument: Execution failed for method: forward	n0*=native_group_norm(L0,·,·,·,·,·,·,·)
SKIP	w20:463	executor ExecutorchInvalidArgumentException: [ExecuTorch Error 0x12] Invalid argument: Execution failed for method: forward	n0*=_pdist_forward(L0,·)
MISMATCH	w20:476	out[0] non-finite mismatch (nan/inf positions differ)	n0*=log.out(L0,·)
SKIP	w20:491	executor ExecutorchRuntimeException: [ExecuTorch Error 0x14] Operator missing: Execution failed for method: forward	n0*=_fft_r2c(L0,·,·,·)
MISMATCH	w20:554	out[0] max|delta|=5.765e+17 (rtol=0.0 atol=0.0)	n0*=bitwise_left_shift.Tensor_Scalar(L0,·)
SKIP	w20:562	executor ExecutorchInvalidArgumentException: [ExecuTorch Error 0x12] Invalid argument: Execution failed for method: forward	n0*=expand_copy(L0,·,·)
SKIP	w20:581	executor ExecutorchInvalidArgumentException: [ExecuTorch Error 0x12] Invalid argument: Execution failed for method: forward	n0*=arange.start_out(·,·,·,·)
CRASH	w20:214	executor unavailable	n0*=reflection_pad2d(L0,·)
CRASH	w20:28	executor unavailable	n0*=cumsum.out(L0,·,·,·)
CRASH	w20:288	executor unavailable	n0*=floor_divide.out(L0,L1,·)
CRASH	w20:322	executor unavailable	n0*=pow.Tensor_Tensor_out(L0,L1,·)
SKIP	w20:601	executor ExecutorchInvalidArgumentException: [ExecuTorch Error 0x12] Invalid argument: Execution failed for method: forward	n0*=convolution(L0,L1,·,·,·,·,·,·,·)
CRASH	w20:331	executor unavailable	n0*=narrow_copy(L0,·,·,·)
SKIP	w20:606	executor ExecutorchInvalidArgumentException: [ExecuTorch Error 0x12] Invalid argument: Execution failed for method: forward	n0*=native_group_norm(L0,·,·,·,·,·,·,·)
MISMATCH	w20:630	out[0] max|delta|=2.306e+18 (rtol=0.0 atol=0.0)	n0*=bitwise_left_shift.Tensor_Scalar_out(L0,·,·)
SKIP	w20:64	executor IllegalArgumentException: unsupported input dtype code 24 on Android	n0*=linear.out(L0,L1,·,·)
MISMATCH	w20:666	out[0] non-finite mismatch (nan/inf positions differ)	n0*=gelu.out(L0,·,·)
MISMATCH	w20:679	out[0] max|delta|=4.000e+00 (rtol=0.0 atol=0.0)	n0*=remainder.Tensor_out(L0,L1,·)
MISMATCH	w20:681	out[0] shape (1,) vs (0, 0, 0, 0, 0)	n0*=max.dim_max(L0,·,·,L1,L2)
SKIP	w20:688	executor ExecutorchInvalidArgumentException: [ExecuTorch Error 0x12] Invalid argument: Execution failed for method: forward	n0*=native_group_norm(L0,·,·,·,·,·,·,·)
CRASH	w20:391	executor unavailable	n0*=round.out(L0,·)
SKIP	w20:691	executor ExecutorchInvalidArgumentException: [ExecuTorch Error 0x12] Invalid argument: Execution failed for method: forward	n0*=_pdist_forward(L0,·)
SKIP	w20:7	executor ExecutorchInvalidArgumentException: [ExecuTorch Error 0x12] Invalid argument: Execution failed for method: forward	n0*=_pdist_forward(L0,·)
SKIP	w20:719	executor ExecutorchRuntimeException: [ExecuTorch Error 0x14] Operator missing: Execution failed for method: forward	n0*=_fft_r2c(L0,·,·,·)
CRASH	w20:454	executor unavailable	n0*=logical_or.out(L0,L1,·)
CRASH	w20:473	executor unavailable	n0*=mul.Scalar(L0,·)
CRASH	w20:527	executor unavailable	n0*=floor_divide(L0,L1)
MISMATCH	w20:98	out[0] max|delta|=1.153e+18 (rtol=0.0 atol=0.0)	n0*=bitwise_left_shift.Tensor_Scalar(L0,·)
CRASH	w20:575	executor unavailable	n0*=pixel_unshuffle(L0,·)
CRASH	w20:585	executor unavailable	n0*=bitwise_and.Scalar(L0,·)
MISMATCH	w21:120	out[0] max|delta|=4.323e+17 (rtol=0.0 atol=0.0)	n0*=bitwise_left_shift.Tensor_Scalar(L0,·)
CRASH	w20:594	executor unavailable	n0*=replication_pad3d.out(L0,·,·)
MISMATCH	w21:134	out[0] max|delta|=2.550e+02 (rtol=0.0 atol=0.0)	n0*=prod(L0,·)
SKIP	w21:147	executor ExecutorchInvalidArgumentException: [ExecuTorch Error 0x12] Invalid argument: Execution failed for method: forward	n0*=arange.start_out(·,·,·,·)
SKIP	w21:218	executor ExecutorchInvalidArgumentException: [ExecuTorch Error 0x12] Invalid argument: Execution failed for method: forward	n0*=copy(L0,L1,·)
MISMATCH	w21:232	out[0] non-finite mismatch (nan/inf positions differ)	n0*=gelu.out(L0,·,·)
MISMATCH	w21:245	out[0] max|delta|=3.000e+00 (rtol=0.0 atol=0.0)	n0*=remainder.Tensor_out(L0,L1,·)
SKIP	w21:254	executor ExecutorchInvalidArgumentException: [ExecuTorch Error 0x12] Invalid argument: Execution failed for method: forward	n0*=native_group_norm(L0,·,·,·,·,·,·,·)
SKIP	w21:257	executor ExecutorchInvalidArgumentException: [ExecuTorch Error 0x12] Invalid argument: Execution failed for method: forward	n0*=_pdist_forward(L0,·)
SKIP	w21:26	executor ExecutorchInvalidArgumentException: [ExecuTorch Error 0x12] Invalid argument: Execution failed for method: forward	n0*=native_group_norm(L0,·,·,·,·,·,·,·)
MISMATCH	w21:270	out[0] non-finite mismatch (nan/inf positions differ)	n0*=log.out(L0,·)
SKIP	w21:285	executor ExecutorchRuntimeException: [ExecuTorch Error 0x14] Operator missing: Execution failed for method: forward	n0*=_fft_r2c(L0,·,·,·)
CRASH	w20:677	executor unavailable	n0*=var_mean.correction(L0,·,·,·)
CRASH	w20:69	executor unavailable	n0*=min.unary_out(L0,·)
CRASH	w20:718	executor unavailable	n0*=where.self_out(L0,L1,L2,·)
CRASH	w20:726	executor unavailable	n0*=mean.out(L0,·,·,·,·)
MISMATCH	w21:348	out[0] max|delta|=1.729e+18 (rtol=0.0 atol=0.0)	n0*=bitwise_left_shift.Tensor_Scalar(L0,·)
CRASH	w20:773	executor unavailable	n0*=sub.out(L0,L1,·,·)
SKIP	w21:356	executor ExecutorchInvalidArgumentException: [ExecuTorch Error 0x12] Invalid argument: Execution failed for method: forward	n0*=expand_copy(L0,·,·)
SKIP	w21:375	executor ExecutorchInvalidArgumentException: [ExecuTorch Error 0x12] Invalid argument: Execution failed for method: forward	n0*=arange.start_out(·,·,·,·)
CRASH	w20:79	executor unavailable	n0*=elu.out(L0,·,·,·,·)
MISMATCH	w21:4	out[0] non-finite mismatch (nan/inf positions differ)	n0*=gelu.out(L0,·,·)
SKIP	w21:400	executor ExecutorchInvalidArgumentException: [ExecuTorch Error 0x12] Invalid argument: Execution failed for method: forward	n0*=native_group_norm(L0,·,·,·,·,·,·,·)
MISMATCH	w21:424	out[0] max|delta|=7.206e+16 (rtol=0.01 atol=0.001)	n0*=bitwise_left_shift.Tensor_Scalar_out(L0,·,·)
MISMATCH	w21:427	out[0] max|delta|=1.611e+09 (rtol=0.0 atol=0.0)	n0*=bitwise_left_shift.Tensor_out(L0,L1,·)
MISMATCH	w21:444	out[0] shape (1, 1, 1, 1) vs (0, 0, 0, 0)	n0*=topk.values(L0,·,·,·,·,L1,L2)
CRASH	w21:128	executor unavailable	n0*=expand_copy(L0,·,·)
SKIP	w21:446	executor ExecutorchInvalidArgumentException: [ExecuTorch Error 0x12] Invalid argument: Execution failed for method: forward	n0*=copy(L0,L1,·)
MISMATCH	w21:458	out[0] shape (1,) vs (0, 0, 0, 0, 0)	n0*=min.dim_min(L0,·,·,L1,L2)
MISMATCH	w21:460	out[0] non-finite mismatch (nan/inf positions differ)	n0*=gelu.out(L0,·,·)
MISMATCH	w21:459	out[0] non-finite mismatch (nan/inf positions differ)	n0*=logit(L0,·)
CRASH	w21:136	executor unavailable	n0*=bitwise_xor.Tensor_out(L0,L1,·)
SKIP	w21:482	executor ExecutorchInvalidArgumentException: [ExecuTorch Error 0x12] Invalid argument: Execution failed for method: forward	n0*=native_group_norm(L0,·,·,·,·,·,·,·)
SKIP	w21:485	executor ExecutorchInvalidArgumentException: [ExecuTorch Error 0x12] Invalid argument: Execution failed for method: forward	n0*=_pdist_forward(L0,·)
CRASH	w21:169	executor unavailable	n0*=glu.out(L0,·,·)
CRASH	w21:215	executor unavailable	n0*=narrow_copy(L0,·,·,·)
SKIP	w21:513	executor ExecutorchRuntimeException: [ExecuTorch Error 0x14] Operator missing: Execution failed for method: forward	n0*=_fft_r2c(L0,·,·,·)
CRASH	w21:505	executor process died (native abort)	n0*=max_pool2d_with_indices_backward.grad_input(L0,L1,·,·,·,·,·,L2,L3)
CRASH	w21:229	executor unavailable	n0*=zeros.out(·,·)
SKIP	w21:57	executor ExecutorchRuntimeException: [ExecuTorch Error 0x14] Operator missing: Execution failed for method: forward	n0*=_fft_r2c(L0,·,·,·)
MISMATCH	w21:576	out[0] max|delta|=2.882e+17 (rtol=0.0 atol=0.0)	n0*=bitwise_left_shift.Tensor_Scalar(L0,·)
SKIP	w21:603	executor ExecutorchInvalidArgumentException: [ExecuTorch Error 0x12] Invalid argument: Execution failed for method: forward	n0*=arange.start_out(·,·,·,·)
MISMATCH	w21:620	out[0] non-finite mismatch (nan/inf positions differ)	n0*=grid_sampler_2d(L0,L1,·,·,·)
MISMATCH	w21:628	out[0] non-finite mismatch (nan/inf positions differ)	n0*=native_group_norm(L0,·,·,·,·,·,·,·)
MISMATCH	w21:655	out[0] non-finite mismatch (nan/inf positions differ)	n0*=bitwise_left_shift.Tensor_out(L0,L1,·)
CRASH	w21:382	executor unavailable	n0*=sub.Scalar(L0,·,·)
CRASH	w21:384	executor unavailable	n0*=tanh.out(L0,·)
CRASH	w21:416	executor unavailable	n0*=hardtanh.out(L0,·,·,·)
CRASH	w21:420	executor unavailable	n0*=sign.out(L0,·)
SKIP	w21:674	executor ExecutorchInvalidArgumentException: [ExecuTorch Error 0x12] Invalid argument: Execution failed for method: forward	n0*=copy(L0,L1,·)
MISMATCH	w21:688	out[0] non-finite mismatch (nan/inf positions differ)	n0*=gelu.out(L0,·,·)
MISMATCH	w21:662	out[0] non-finite mismatch (nan/inf positions differ)	n0*=logit.out(L0,·,·)
CRASH	w21:486	executor unavailable	n0*=reflection_pad1d.out(L0,·,·)
CRASH	w21:487	executor unavailable	n0*=clone(L0,·)
SKIP	w21:710	executor ExecutorchInvalidArgumentException: [ExecuTorch Error 0x12] Invalid argument: Execution failed for method: forward	n0*=native_group_norm(L0,·,·,·,·,·,·,·)
SKIP	w21:713	executor ExecutorchInvalidArgumentException: [ExecuTorch Error 0x12] Invalid argument: Execution failed for method: forward	n0*=_pdist_forward(L0,·)
CRASH	w21:50	executor unavailable	n0*=cumsum.out(L0,·,·,·)
SKIP	w21:741	executor ExecutorchRuntimeException: [ExecuTorch Error 0x14] Operator missing: Execution failed for method: forward	n0*=_fft_r2c(L0,·,·,·)
SKIP	w21:751	executor ExecutorchRuntimeException: [ExecuTorch Error 0x1] Internal error: Execution failed for method: forward	n0*=pixel_unshuffle(L0,·)
SKIP	w21:86	executor IllegalArgumentException: unsupported input dtype code 24 on Android	n0*=linear.out(L0,L1,·,·)
SKIP	w21:84	executor ExecutorchRuntimeException: [ExecuTorch Error 0x1] Internal error: Execution failed for method: forward	n0*=_softmax.out(L0,·,·,·)
CRASH	w21:531	executor unavailable	n0*=add.Scalar(L0,·,·)
MISMATCH	w22:1	out[0] max|delta|=5.000e+00 (rtol=0.0 atol=0.0)	n0*=prod.int_out(L0,·,·,·,·)
SKIP	w22:10	executor ExecutorchInvalidArgumentException: [ExecuTorch Error 0x12] Invalid argument: Execution failed for method: forward	n0*=native_group_norm(L0,·,·,·,·,·,·,·)
SKIP	w22:123	executor ExecutorchRuntimeException: [ExecuTorch Error 0x14] Operator missing: Execution failed for method: forward	n0*=_fft_r2c(L0,·,·,·)
CRASH	w21:563	executor unavailable	n0*=narrow_copy.out(L0,·,·,·,·)
CRASH	w21:634	executor unavailable	n0*=lt.Scalar_out(L0,·,·)
CRASH	w21:635	executor unavailable	n0*=amin.out(L0,·,·,·)
SKIP	w22:194	executor ExecutorchInvalidArgumentException: [ExecuTorch Error 0x12] Invalid argument: Execution failed for method: forward	n0*=expand_copy(L0,·,·)
SKIP	w22:213	executor ExecutorchInvalidArgumentException: [ExecuTorch Error 0x12] Invalid argument: Execution failed for method: forward	n0*=arange.start_out(·,·,·,·)
CRASH	w21:66	executor unavailable	n0*=_native_batch_norm_legit_no_training(L0,·,·,L1,L2,·,·)
MISMATCH	w22:230	out[0] non-finite mismatch (nan/inf positions differ)	n0*=grid_sampler_2d(L0,L1,·,·,·)
SKIP	w22:238	executor ExecutorchInvalidArgumentException: [ExecuTorch Error 0x12] Invalid argument: Execution failed for method: forward	n0*=native_group_norm(L0,·,·,·,·,·,·,·)
MISMATCH	w22:262	out[0] non-finite mismatch (nan/inf positions differ)	n0*=bitwise_left_shift.Tensor_Scalar_out(L0,·,·)
MISMATCH	w22:265	out[0] non-finite mismatch (nan/inf positions differ)	n0*=bitwise_left_shift.Tensor_out(L0,L1,·)
SKIP	w22:284	executor ExecutorchInvalidArgumentException: [ExecuTorch Error 0x12] Invalid argument: Execution failed for method: forward	n0*=copy(L0,L1,·)
SKIP	w22:320	executor ExecutorchInvalidArgumentException: [ExecuTorch Error 0x12] Invalid argument: Execution failed for method: forward	n0*=native_group_norm(L0,·,·,·,·,·,·,·)
SKIP	w22:323	executor ExecutorchInvalidArgumentException: [ExecuTorch Error 0x12] Invalid argument: Execution failed for method: forward	n0*=_pdist_forward(L0,·)
MISMATCH	w22:336	out[0] non-finite mismatch (nan/inf positions differ)	n0*=log.out(L0,·)
CRASH	w21:730	executor unavailable	n0*=tan.out(L0,·)
CRASH	w21:758	executor unavailable	n0*=ceil.out(L0,·)
CRASH	w21:763	executor unavailable	n0*=argmax.out(L0,·,·,·)
SKIP	w22:351	executor ExecutorchRuntimeException: [ExecuTorch Error 0x14] Operator missing: Execution failed for method: forward	n0*=_fft_r2c(L0,·,·,·)
CRASH	w22:125	executor unavailable	n0*=erf.out(L0,·)
CRASH	w22:126	executor unavailable	n0*=logical_and.out(L0,L1,·)
MISMATCH	w22:37	out[0] max|delta|=6.918e+18 (rtol=0.01 atol=0.001)	n0*=bitwise_left_shift.Tensor_out(L0,L1,·)
CRASH	w22:144	executor unavailable	n0*=clamp.out(L0,·,·,·)
SKIP	w22:415	executor ExecutorchRuntimeException: [ExecuTorch Error 0x1] Internal error: Execution failed for method: forward	n0*=pixel_shuffle(L0,·)
SKIP	w22:422	executor ExecutorchInvalidArgumentException: [ExecuTorch Error 0x12] Invalid argument: Execution failed for method: forward	n0*=expand_copy(L0,·,·)
CRASH	w22:168	executor unavailable	n0*=neg.out(L0,·)
SKIP	w22:441	executor ExecutorchInvalidArgumentException: [ExecuTorch Error 0x12] Invalid argument: Execution failed for method: forward	n0*=arange.start_out(·,·,·,·)
SKIP	w22:466	executor ExecutorchInvalidArgumentException: [ExecuTorch Error 0x12] Invalid argument: Execution failed for method: forward	n0*=native_group_norm(L0,·,·,·,·,·,·,·)
MISMATCH	w22:510	out[0] shape (1, 1, 1) vs (0, 0, 0, 0, 0)	n0*=topk.values(L0,·,·,·,·,L1,L2)
CRASH	w22:198	executor unavailable	n0*=exp.out(L0,·)
SKIP	w22:512	executor ExecutorchInvalidArgumentException: [ExecuTorch Error 0x12] Invalid argument: Execution failed for method: forward	n0*=copy(L0,L1,·)
MISMATCH	w22:524	out[0] shape (1,) vs (0, 0, 0, 0, 0)	n0*=min.dim_min(L0,·,·,L1,L2)
MISMATCH	w22:54	out[0] shape (1, 1, 1, 1) vs (0, 0, 0, 0)	n0*=topk.values(L0,·,·,·,·,L1,L2)
SKIP	w22:579	executor ExecutorchRuntimeException: [ExecuTorch Error 0x14] Operator missing: Execution failed for method: forward	n0*=_fft_r2c(L0,·,·,·)
CRASH	w22:282	executor unavailable	n0*=topk.values(L0,·,·,·,·,L1,L2)
CRASH	w22:302	executor unavailable	n0*=reflection_pad2d(L0,·)
CRASH	w22:339	executor unavailable	n0*=bitwise_xor.Scalar(L0,·)
CRASH	w22:350	executor unavailable	n0*=where.self_out(L0,L1,L2,·)
MISMATCH	w22:664	out[0] max|delta|=7.000e+00 (rtol=0.0 atol=0.0)	n0*=remainder.Scalar_out(L0,·,·)
SKIP	w22:669	executor ExecutorchInvalidArgumentException: [ExecuTorch Error 0x12] Invalid argument: Execution failed for method: forward	n0*=arange.start_out(·,·,·,·)
MISMATCH	w22:686	out[0] non-finite mismatch (nan/inf positions differ)	n0*=grid_sampler_2d(L0,L1,·,·,·)
SKIP	w22:694	executor ExecutorchInvalidArgumentException: [ExecuTorch Error 0x12] Invalid argument: Execution failed for method: forward	n0*=native_group_norm(L0,·,·,·,·,·,·,·)
MISMATCH	w22:70	out[0] non-finite mismatch (nan/inf positions differ)	n0*=gelu.out(L0,·,·)
MISMATCH	w22:718	out[0] max|delta|=1.007e+08 (rtol=0.0 atol=0.0)	n0*=bitwise_left_shift.Tensor_Scalar_out(L0,·,·)
MISMATCH	w22:753	out[0] non-finite mismatch (nan/inf positions differ)	n0*=logit(L0,·)
MISMATCH	w22:767	out[0] max|delta|=4.000e+00 (rtol=0.0 atol=0.0)	n0*=remainder.Tensor_out(L0,L1,·)
SKIP	w22:776	executor ExecutorchInvalidArgumentException: [ExecuTorch Error 0x12] Invalid argument: Execution failed for method: forward	n0*=native_group_norm(L0,·,·,·,·,·,·,·)
SKIP	w22:779	executor ExecutorchInvalidArgumentException: [ExecuTorch Error 0x12] Invalid argument: Execution failed for method: forward	n0*=_pdist_forward(L0,·)
SKIP	w22:95	executor ExecutorchInvalidArgumentException: [ExecuTorch Error 0x12] Invalid argument: Execution failed for method: forward	n0*=_pdist_forward(L0,·)
MISMATCH	w23:134	out[0] max|delta|=1.000e+00 (rtol=0.0 atol=0.0)	n0*=prod(L0,·)
CRASH	w22:434	executor unavailable	n0*=alias_copy(L0)
CRASH	w22:474	executor unavailable	n0*=expm1.out(L0,·)
CRASH	w22:519	executor unavailable	n0*=pow.Tensor_Scalar_out(L0,·,·)
CRASH	w22:521	executor unavailable	n0*=linear(L0,L1,·)
SKIP	w23:141	executor ExecutorchRuntimeException: [ExecuTorch Error 0x1] Internal error: Execution failed for method: forward	n0*=pixel_unshuffle(L0,·)
SKIP	w23:147	executor ExecutorchInvalidArgumentException: [ExecuTorch Error 0x12] Invalid argument: Execution failed for method: forward	n0*=arange.start_out(·,·,·,·)
CRASH	w22:547	executor unavailable	n0*=ne.Scalar_out(L0,·,·)
CRASH	w22:564	executor unavailable	n0*=log.out(L0,·)
MISMATCH	w23:142	out[0] max|delta|=2.000e+00 (rtol=0.0 atol=0.0)	n0*=remainder.Scalar_out(L0,·,·)
MISMATCH	w23:18	out[0] max|delta|=4.000e+00 (rtol=0.0 atol=0.0)	n0*=fmod.Scalar(L0,·)
MISMATCH	w23:199	out[0] non-finite mismatch (nan/inf positions differ)	n0*=bitwise_left_shift.Tensor_out(L0,L1,·)
CRASH	w22:596	executor unavailable	n0*=ceil.out(L0,·)
SKIP	w23:172	executor ExecutorchInvalidArgumentException: [ExecuTorch Error 0x12] Invalid argument: Execution failed for method: forward	n0*=native_group_norm(L0,·,·,·,·,·,·,·)
SKIP	w23:211	executor ExecutorchInvalidArgumentException: [ExecuTorch Error 0x12] Invalid argument: Execution failed for method: forward	n0*=scatter.src_out(L0,·,L1,L2,·)
MISMATCH	w23:216	out[0] shape (0, 0) vs (0, 0, 0, 0)	n0*=topk.values(L0,·,·,·,·,L1,L2)
SKIP	w23:218	executor ExecutorchInvalidArgumentException: [ExecuTorch Error 0x12] Invalid argument: Execution failed for method: forward	n0*=copy(L0,L1,·)
MISMATCH	w23:232	out[0] non-finite mismatch (nan/inf positions differ)	n0*=gelu.out(L0,·,·)
SKIP	w23:254	executor ExecutorchInvalidArgumentException: [ExecuTorch Error 0x12] Invalid argument: Execution failed for method: forward	n0*=native_group_norm(L0,·,·,·,·,·,·,·)
SKIP	w23:257	executor ExecutorchInvalidArgumentException: [ExecuTorch Error 0x12] Invalid argument: Execution failed for method: forward	n0*=_pdist_forward(L0,·)
SKIP	w23:26	executor ExecutorchInvalidArgumentException: [ExecuTorch Error 0x12] Invalid argument: Execution failed for method: forward	n0*=native_group_norm(L0,·,·,·,·,·,·,·)
MISMATCH	w23:270	out[0] non-finite mismatch (nan/inf positions differ)	n0*=log.out(L0,·)
SKIP	w23:285	executor ExecutorchRuntimeException: [ExecuTorch Error 0x14] Operator missing: Execution failed for method: forward	n0*=_fft_r2c(L0,·,·,·)
SKIP	w23:29	executor ExecutorchInvalidArgumentException: [ExecuTorch Error 0x12] Invalid argument: Execution failed for method: forward	n0*=_pdist_forward(L0,·)
SKIP	w23:375	executor ExecutorchInvalidArgumentException: [ExecuTorch Error 0x12] Invalid argument: Execution failed for method: forward	n0*=arange.start_out(·,·,·,·)
CRASH	w22:683	executor unavailable	n0*=eq.Tensor_out(L0,L1,·)
MISMATCH	w23:4	out[0] non-finite mismatch (nan/inf positions differ)	n0*=gelu.out(L0,·,·)
SKIP	w23:400	executor ExecutorchInvalidArgumentException: [ExecuTorch Error 0x12] Invalid argument: Execution failed for method: forward	n0*=native_group_norm(L0,·,·,·,·,·,·,·)
MISMATCH	w23:42	out[0] non-finite mismatch (nan/inf positions differ)	n0*=log.out(L0,·)
MISMATCH	w23:424	out[0] max|delta|=2.306e+18 (rtol=0.01 atol=0.001)	n0*=bitwise_left_shift.Tensor_Scalar_out(L0,·,·)
MISMATCH	w23:427	out[0] max|delta|=6.918e+18 (rtol=0.0 atol=0.0)	n0*=bitwise_left_shift.Tensor_out(L0,L1,·)
CRASH	w22:750	executor unavailable	n0*=argmin.out(L0,·,·,·)
CRASH	w22:79	executor unavailable	n0*=select_scatter(L0,L1,·,·)
SKIP	w23:439	executor ExecutorchInvalidArgumentException: [ExecuTorch Error 0x12] Invalid argument: Execution failed for method: forward	n0*=scatter.src_out(L0,·,L1,L2,·)
CRASH	w23:114	executor unavailable	n0*=transpose_copy.int(L0,·,·)
SKIP	w23:482	executor ExecutorchInvalidArgumentException: [ExecuTorch Error 0x12] Invalid argument: Execution failed for method: forward	n0*=native_group_norm(L0,·,·,·,·,·,·,·)
SKIP	w23:485	executor ExecutorchInvalidArgumentException: [ExecuTorch Error 0x12] Invalid argument: Execution failed for method: forward	n0*=_pdist_forward(L0,·)
SKIP	w23:497	executor ExecutorchRuntimeException: [ExecuTorch Error 0x1] Internal error: Execution failed for method: forward	n0*=pixel_shuffle(L0,·)
CRASH	w23:140	executor unavailable	n0*=alias_copy(L0)
SKIP	w23:513	executor ExecutorchRuntimeException: [ExecuTorch Error 0x14] Operator missing: Execution failed for method: forward	n0*=_fft_r2c(L0,·,·,·)
SKIP	w23:57	executor ExecutorchRuntimeException: [ExecuTorch Error 0x14] Operator missing: Execution failed for method: forward	n0*=_fft_r2c(L0,·,·,·)
CRASH	w23:273	executor unavailable	n0*=bitwise_xor.Scalar(L0,·)
CRASH	w23:28	executor unavailable	n0*=div.out(L0,L1,·)
CRASH	w23:309	executor unavailable	n0*=bitwise_right_shift.Tensor_Scalar(L0,·)
CRASH	w23:369	executor unavailable	n0*=pixel_unshuffle(L0,·)
CRASH	w23:380	executor unavailable	n0*=var.correction(L0,·,·,·)
SKIP	w23:603	executor ExecutorchInvalidArgumentException: [ExecuTorch Error 0x12] Invalid argument: Execution failed for method: forward	n0*=arange.start_out(·,·,·,·)
SKIP	w23:628	executor ExecutorchInvalidArgumentException: [ExecuTorch Error 0x12] Invalid argument: Execution failed for method: forward	n0*=native_group_norm(L0,·,·,·,·,·,·,·)
CRASH	w23:419	executor unavailable	n0*=replication_pad2d.out(L0,·,·)
CRASH	w23:428	executor unavailable	n0*=div.out_mode(L0,L1,·,·)
MISMATCH	w23:655	out[0] non-finite mismatch (nan/inf positions differ)	n0*=bitwise_left_shift.Tensor_out(L0,L1,·)
MISMATCH	w23:688	out[0] non-finite mismatch (nan/inf positions differ)	n0*=gelu.out(L0,·,·)
SKIP	w23:674	executor ExecutorchInvalidArgumentException: [ExecuTorch Error 0x12] Invalid argument: Execution failed for method: forward	n0*=copy(L0,L1,·)
SKIP	w23:710	executor ExecutorchInvalidArgumentException: [ExecuTorch Error 0x12] Invalid argument: Execution failed for method: forward	n0*=native_group_norm(L0,·,·,·,·,·,·,·)
SKIP	w23:713	executor ExecutorchInvalidArgumentException: [ExecuTorch Error 0x12] Invalid argument: Execution failed for method: forward	n0*=_pdist_forward(L0,·)
SKIP	w23:741	executor ExecutorchRuntimeException: [ExecuTorch Error 0x14] Operator missing: Execution failed for method: forward	n0*=_fft_r2c(L0,·,·,·)
CRASH	w23:457	executor unavailable	n0*=zeros.out(·,·)
SKIP	w24:116	executor ExecutorchInvalidArgumentException: [ExecuTorch Error 0x12] Invalid argument: Execution failed for method: forward	n0*=convolution(L0,L1,·,·,·,·,·,·,·)
SKIP	w24:121	executor ExecutorchInvalidArgumentException: [ExecuTorch Error 0x12] Invalid argument: Execution failed for method: forward	n0*=native_group_norm(L0,·,·,·,·,·,·,·)
MISMATCH	w24:155	out[0] non-finite mismatch (nan/inf positions differ)	n0*=logit.out(L0,·,·)
CRASH	w23:510	executor unavailable	n0*=clamp.Tensor_out(L0,·,·,·)
MISMATCH	w24:181	out[0] non-finite mismatch (nan/inf positions differ)	n0*=gelu.out(L0,·,·)
CRASH	w23:550	executor unavailable	n0*=bitwise_not.out(L0,·)
SKIP	w24:206	executor ExecutorchInvalidArgumentException: [ExecuTorch Error 0x12] Invalid argument: Execution failed for method: forward	n0*=_pdist_forward(L0,·)
CRASH	w23:561	executor unavailable	n0*=slice_copy.Tensor(L0,·,·,·,·)
SKIP	w24:218	executor ExecutorchRuntimeException: [ExecuTorch Error 0x1] Internal error: Execution failed for method: forward	n0*=pixel_shuffle(L0,·)
MISMATCH	w24:219	out[0] non-finite mismatch (nan/inf positions differ)	n0*=log.out(L0,·)
SKIP	w24:234	executor ExecutorchRuntimeException: [ExecuTorch Error 0x14] Operator missing: Execution failed for method: forward	n0*=_fft_r2c(L0,·,·,·)
CRASH	w23:590	executor unavailable	n0*=prod(L0,·)
MISMATCH	w24:297	out[0] max|delta|=2.882e+17 (rtol=0.0 atol=0.0)	n0*=bitwise_left_shift.Tensor_Scalar(L0,·)
SKIP	w24:305	executor ExecutorchInvalidArgumentException: [ExecuTorch Error 0x12] Invalid argument: Execution failed for method: forward	n0*=expand_copy(L0,·,·)
MISMATCH	w24:319	out[0] max|delta|=2.000e+00 (rtol=0.01 atol=0.001)	n0*=remainder.Scalar_out(L0,·,·)
SKIP	w24:349	executor ExecutorchInvalidArgumentException: [ExecuTorch Error 0x12] Invalid argument: Execution failed for method: forward	n0*=native_group_norm(L0,·,·,·,·,·,·,·)
SKIP	w24:324	executor ExecutorchInvalidArgumentException: [ExecuTorch Error 0x12] Invalid argument: Execution failed for method: forward	n0*=arange.start_out(·,·,·,·)
MISMATCH	w24:376	out[0] max|delta|=6.918e+18 (rtol=0.0 atol=0.0)	n0*=bitwise_left_shift.Tensor_out(L0,L1,·)
MISMATCH	w24:393	out[0] shape (0, 0) vs (0, 0, 0, 0, 0)	n0*=topk.values(L0,·,·,·,·,L1,L2)
SKIP	w24:395	executor ExecutorchInvalidArgumentException: [ExecuTorch Error 0x12] Invalid argument: Execution failed for method: forward	n0*=copy(L0,L1,·)
MISMATCH	w24:409	out[0] non-finite mismatch (nan/inf positions differ)	n0*=gelu.out(L0,·,·)
MISMATCH	w24:423	out[0] max|delta|=3.000e+00 (rtol=0.0 atol=0.0)	n0*=fmod.Scalar(L0,·)
SKIP	w24:434	executor ExecutorchInvalidArgumentException: [ExecuTorch Error 0x12] Invalid argument: Execution failed for method: forward	n0*=_pdist_forward(L0,·)
MISMATCH	w24:447	out[0] non-finite mismatch (nan/inf positions differ)	n0*=log.out(L0,·)
CRASH	w23:653	executor unavailable	n0*=maximum.out(L0,L1,·)
CRASH	w23:95	executor unavailable	n0*=ge.Scalar_out(L0,·,·)
CRASH	w24:11	executor unavailable	n0*=native_layer_norm(L0,·,·,·,·)
CRASH	w24:145	executor unavailable	n0*=bitwise_left_shift.Tensor_Scalar_out(L0,·,·)
CRASH	w24:165	executor unavailable	n0*=topk.values(L0,·,·,·,·,L1,L2)
CRASH	w24:178	executor unavailable	n0*=zeros.out(·,·)
MISMATCH	w24:525	out[0] max|delta|=1.441e+17 (rtol=0.0 atol=0.0)	n0*=bitwise_left_shift.Tensor_Scalar(L0,·)
SKIP	w24:527	executor ExecutorchInvalidArgumentException: [ExecuTorch Error 0x12] Invalid argument: Execution failed for method: forward	n0*=scatter_add.out(L0,·,L1,L2,·)
SKIP	w24:533	executor ExecutorchInvalidArgumentException: [ExecuTorch Error 0x12] Invalid argument: Execution failed for method: forward	n0*=expand_copy(L0,·,·)
SKIP	w24:552	executor ExecutorchInvalidArgumentException: [ExecuTorch Error 0x12] Invalid argument: Execution failed for method: forward	n0*=arange.start_out(·,·,·,·)
MISMATCH	w24:569	out[0] non-finite mismatch (nan/inf positions differ)	n0*=grid_sampler_2d(L0,L1,·,·,·)
SKIP	w24:577	executor ExecutorchInvalidArgumentException: [ExecuTorch Error 0x12] Invalid argument: Execution failed for method: forward	n0*=native_group_norm(L0,·,·,·,·,·,·,·)
SKIP	w24:6	executor ExecutorchRuntimeException: [ExecuTorch Error 0x14] Operator missing: Execution failed for method: forward	n0*=_fft_r2c(L0,·,·,·)
MISMATCH	w24:604	out[0] non-finite mismatch (nan/inf positions differ)	n0*=bitwise_left_shift.Tensor_out(L0,L1,·)
MISMATCH	w24:611	out[0] non-finite mismatch (nan/inf positions differ)	n0*=logit.out(L0,·,·)
MISMATCH	w24:621	out[0] shape (0, 0) vs (0, 0, 0)	n0*=topk.values(L0,·,·,·,·,L1,L2)
MISMATCH	w24:636	out[0] non-finite mismatch (nan/inf positions differ)	n0*=logit(L0,·)
CRASH	w24:260	executor unavailable	n0*=log1p.out(L0,·)
CRASH	w24:326	executor unavailable	n0*=select_copy.int(L0,·,·)
CRASH	w24:348	executor unavailable	n0*=ne.Tensor_out(L0,L1,·)
CRASH	w24:358	executor unavailable	n0*=cos.out(L0,·)
SKIP	w24:659	executor ExecutorchInvalidArgumentException: [ExecuTorch Error 0x12] Invalid argument: Execution failed for method: forward	n0*=native_group_norm(L0,·,·,·,·,·,·,·)
MISMATCH	w24:675	out[0] non-finite mismatch (nan/inf positions differ)	n0*=log.out(L0,·)
MISMATCH	w24:69	out[0] max|delta|=5.765e+17 (rtol=0.0 atol=0.0)	n0*=bitwise_left_shift.Tensor_Scalar(L0,·)
SKIP	w24:690	executor ExecutorchRuntimeException: [ExecuTorch Error 0x14] Operator missing: Execution failed for method: forward	n0*=_fft_r2c(L0,·,·,·)
CRASH	w24:682	executor process died (native abort)	n0*=max_pool2d_with_indices_backward.grad_input(L0,L1,·,·,·,·,·,L2,L3)
MISMATCH	w24:736	out[0] non-finite mismatch (nan/inf positions differ)	n0*=addmm.out(L0,L1,L2,·,·,·)
MISMATCH	w24:753	out[0] max|delta|=1.153e+18 (rtol=0.0 atol=0.0)	n0*=bitwise_left_shift.Tensor_Scalar(L0,·)
SKIP	w24:755	executor ExecutorchInvalidArgumentException: [ExecuTorch Error 0x12] Invalid argument: Execution failed for method: forward	n0*=scatter_add.out(L0,·,L1,L2,·)
SKIP	w24:761	executor ExecutorchInvalidArgumentException: [ExecuTorch Error 0x12] Invalid argument: Execution failed for method: forward	n0*=expand_copy(L0,·,·)
SKIP	w24:780	executor ExecutorchInvalidArgumentException: [ExecuTorch Error 0x12] Invalid argument: Execution failed for method: forward	n0*=arange.start_out(·,·,·,·)
CRASH	w24:461	executor unavailable	n0*=where.self_out(L0,L1,L2,·)
CRASH	w24:462	executor unavailable	n0*=_fft_r2c(L0,·,·,·)
SKIP	w24:96	executor ExecutorchInvalidArgumentException: [ExecuTorch Error 0x12] Invalid argument: Execution failed for method: forward	n0*=arange.start_out(·,·,·,·)
MISMATCH	w25:121	out[0] non-finite mismatch (nan/inf positions differ)	n0*=native_group_norm(L0,·,·,·,·,·,·,·)
SKIP	w25:124	executor ExecutorchInvalidArgumentException: [ExecuTorch Error 0x12] Invalid argument: Execution failed for method: forward	n0*=_pdist_forward(L0,·)
MISMATCH	w25:137	out[0] non-finite mismatch (nan/inf positions differ)	n0*=log.out(L0,·)
SKIP	w25:14	executor ExecutorchInvalidArgumentException: [ExecuTorch Error 0x12] Invalid argument: Execution failed for method: forward	n0*=arange.start_out(·,·,·,·)
SKIP	w25:152	executor ExecutorchRuntimeException: [ExecuTorch Error 0x14] Operator missing: Execution failed for method: forward	n0*=_fft_r2c(L0,·,·,·)
MISMATCH	w25:157	out[0] non-finite mismatch (nan/inf positions differ)	n0*=native_layer_norm(L0,·,·,·,·)
CRASH	w24:559	executor unavailable	n0*=sub.Scalar(L0,·,·)
CRASH	w24:584	executor unavailable	n0*=amin.out(L0,·,·,·)
CRASH	w24:649	executor unavailable	n0*=reciprocal.out(L0,·)
CRASH	w24:647	executor unavailable	n0*=acosh.out(L0,·)
CRASH	w24:65	executor unavailable	n0*=pow.Tensor_Tensor_out(L0,L1,·)
MISMATCH	w25:208	out[0] max|delta|=2.000e+00 (rtol=0.0 atol=0.0)	n0*=remainder.Scalar(L0,·)
MISMATCH	w25:215	out[0] max|delta|=9.223e+18 (rtol=0.0 atol=0.0)	n0*=bitwise_left_shift.Tensor_Scalar(L0,·)
SKIP	w25:179	executor ExecutorchRuntimeException: [ExecuTorch Error 0x1] Internal error: Execution failed for method: forward	n0*=_softmax.out(L0,·,·,·)
SKIP	w25:242	executor ExecutorchInvalidArgumentException: [ExecuTorch Error 0x12] Invalid argument: Execution failed for method: forward	n0*=arange.start_out(·,·,·,·)
SKIP	w25:267	executor ExecutorchInvalidArgumentException: [ExecuTorch Error 0x12] Invalid argument: Execution failed for method: forward	n0*=native_group_norm(L0,·,·,·,·,·,·,·)
MISMATCH	w25:294	out[0] max|delta|=2.147e+09 (rtol=0.0 atol=0.0)	n0*=bitwise_left_shift.Tensor_out(L0,L1,·)
CRASH	w24:70	executor unavailable	n0*=pixel_shuffle(L0,·)
MISMATCH	w25:30	out[0] max|delta|=2.550e+02 (rtol=0.0 atol=0.0)	n0*=prod.int_out(L0,·,·,·,·)
MISMATCH	w25:311	out[0] shape (1,) vs (0, 0, 0, 0, 0)	n0*=topk.values(L0,·,·,·,·,L1,L2)
CRASH	w24:750	executor unavailable	n0*=max.unary_out(L0,·)
CRASH	w24:769	executor unavailable	n0*=bitwise_xor.Tensor_out(L0,L1,·)
CRASH	w24:78	executor unavailable	n0*=split_copy.Tensor(L0,·,·)
MISMATCH	w25:327	out[0] non-finite mismatch (nan/inf positions differ)	n0*=gelu.out(L0,·,·)
MISMATCH	w25:342	out[0] shape () vs (0, 0, 0, 0, 0)	n0*=max.dim_max(L0,·,·,L1,L2)
SKIP	w25:349	executor ExecutorchInvalidArgumentException: [ExecuTorch Error 0x12] Invalid argument: Execution failed for method: forward	n0*=native_group_norm(L0,·,·,·,·,·,·,·)
SKIP	w25:380	executor ExecutorchRuntimeException: [ExecuTorch Error 0x14] Operator missing: Execution failed for method: forward	n0*=_fft_r2c(L0,·,·,·)
CRASH	w25:102	executor unavailable	n0*=le.Scalar_out(L0,·,·)
SKIP	w25:39	executor ExecutorchInvalidArgumentException: [ExecuTorch Error 0x12] Invalid argument: Execution failed for method: forward	n0*=native_group_norm(L0,·,·,·,·,·,·,·)
SKIP	w25:409	executor IllegalArgumentException: unsupported input dtype code 24 on Android	n0*=linear.out(L0,L1,·,·)
MISMATCH	w25:436	out[0] max|delta|=2.000e+00 (rtol=0.0 atol=0.0)	n0*=remainder.Scalar(L0,·)
MISMATCH	w25:443	out[0] max|delta|=9.223e+18 (rtol=0.0 atol=0.0)	n0*=bitwise_left_shift.Tensor_Scalar(L0,·)
SKIP	w25:445	executor ExecutorchInvalidArgumentException: [ExecuTorch Error 0x12] Invalid argument: Execution failed for method: forward	n0*=scatter_add.out(L0,·,L1,L2,·)
SKIP	w25:451	executor ExecutorchInvalidArgumentException: [ExecuTorch Error 0x12] Invalid argument: Execution failed for method: forward	n0*=expand_copy(L0,·,·)
MISMATCH	w25:461	out[0] non-finite mismatch (nan/inf positions differ)	n0*=native_layer_norm(L0,·,·,·,·)
CRASH	w25:147	executor unavailable	n0*=any.dims_out(L0,·,·,·)
SKIP	w25:495	executor ExecutorchInvalidArgumentException: [ExecuTorch Error 0x12] Invalid argument: Execution failed for method: forward	n0*=native_group_norm(L0,·,·,·,·,·,·,·)
CRASH	w25:176	executor unavailable	n0*=bitwise_right_shift.Tensor_Scalar(L0,·)
MISMATCH	w25:522	out[0] max|delta|=6.918e+18 (rtol=0.01 atol=0.001)	n0*=bitwise_left_shift.Tensor_out(L0,L1,·)
MISMATCH	w25:539	out[0] shape (1, 1) vs (0, 0, 0, 0, 0)	n0*=topk.values(L0,·,·,·,·,L1,L2)
SKIP	w25:541	executor ExecutorchInvalidArgumentException: [ExecuTorch Error 0x12] Invalid argument: Execution failed for method: forward	n0*=copy(L0,L1,·)
MISMATCH	w25:555	out[0] non-finite mismatch (nan/inf positions differ)	n0*=gelu.out(L0,·,·)
CRASH	w25:237	executor unavailable	n0*=remainder.Scalar_out(L0,·,·)
CRASH	w25:298	executor unavailable	n0*=abs.out(L0,·)
CRASH	w25:312	executor unavailable	n0*=masked_fill.Scalar(L0,L1,·)
SKIP	w25:580	executor ExecutorchInvalidArgumentException: [ExecuTorch Error 0x12] Invalid argument: Execution failed for method: forward	n0*=_pdist_forward(L0,·)
CRASH	w25:358	executor unavailable	n0*=fmod.Tensor_out(L0,L1,·)
SKIP	w25:608	executor ExecutorchRuntimeException: [ExecuTorch Error 0x14] Operator missing: Execution failed for method: forward	n0*=_fft_r2c(L0,·,·,·)
CRASH	w25:600	executor process died (native abort)	n0*=max_pool2d_with_indices_backward.grad_input(L0,L1,·,·,·,·,·,L2,L3)
CRASH	w25:381	executor unavailable	n0*=ones.out(·,·)
MISMATCH	w25:632	out[0] max|delta|=6.400e+01 (rtol=0.0 atol=0.0)	n0*=bitwise_right_shift.Tensor_Scalar(L0,·)
CRASH	w25:397	executor unavailable	n0*=ceil.out(L0,·)
CRASH	w25:440	executor unavailable	n0*=max.unary_out(L0,·)
CRASH	w25:462	executor unavailable	n0*=tril.out(L0,·,·)
CRASH	w25:470	executor unavailable	n0*=arange.start_out(·,·,·,·)
MISMATCH	w25:671	out[0] max|delta|=2.162e+17 (rtol=0.0 atol=0.0)	n0*=bitwise_left_shift.Tensor_Scalar(L0,·)
SKIP	w25:698	executor ExecutorchInvalidArgumentException: [ExecuTorch Error 0x12] Invalid argument: Execution failed for method: forward	n0*=arange.start_out(·,·,·,·)
MISMATCH	w25:714	out[0] max|delta|=1.000e+00 (rtol=0.0 atol=0.0)	n0*=prod.int_out(L0,·,·,·,·)
SKIP	w25:723	executor ExecutorchInvalidArgumentException: [ExecuTorch Error 0x12] Invalid argument: Execution failed for method: forward	n0*=native_group_norm(L0,·,·,·,·,·,·,·)
MISMATCH	w25:750	out[0] non-finite mismatch (nan/inf positions differ)	n0*=bitwise_left_shift.Tensor_out(L0,L1,·)
CRASH	w25:498	executor unavailable	n0*=minimum.out(L0,L1,·)
MISMATCH	w25:767	out[0] shape (1, 1) vs (0, 0, 0, 0)	n0*=topk.values(L0,·,·,·,·,L1,L2)
SKIP	w25:769	executor ExecutorchInvalidArgumentException: [ExecuTorch Error 0x12] Invalid argument: Execution failed for method: forward	n0*=copy(L0,L1,·)
SKIP	w25:78	executor ExecutorchInvalidArgumentException: [ExecuTorch Error 0x12] Invalid argument: Execution failed for method: forward	n0*=scatter.src_out(L0,·,L1,L2,·)
MISMATCH	w25:99	out[0] non-finite mismatch (nan/inf positions differ)	n0*=gelu.out(L0,·,·)
SKIP	w26:112	executor ExecutorchInvalidArgumentException: [ExecuTorch Error 0x12] Invalid argument: Execution failed for method: forward	n0*=convolution(L0,L1,·,·,·,·,·,·,·)
SKIP	w26:117	executor ExecutorchInvalidArgumentException: [ExecuTorch Error 0x12] Invalid argument: Execution failed for method: forward	n0*=native_group_norm(L0,·,·,·,·,·,·,·)
CRASH	w25:525	executor unavailable	n0*=hardtanh(L0,·,·)
MISMATCH	w26:141	out[0] max|delta|=2.882e+17 (rtol=0.01 atol=0.001)	n0*=bitwise_left_shift.Tensor_Scalar_out(L0,·,·)
MISMATCH	w26:144	out[0] max|delta|=9.223e+18 (rtol=0.0 atol=0.0)	n0*=bitwise_left_shift.Tensor_out(L0,L1,·)
MISMATCH	w26:151	out[0] non-finite mismatch (nan/inf positions differ)	n0*=logit.out(L0,·,·)
SKIP	w26:156	executor ExecutorchInvalidArgumentException: [ExecuTorch Error 0x12] Invalid argument: Execution failed for method: forward	n0*=scatter.src_out(L0,·,L1,L2,·)
SKIP	w26:163	executor ExecutorchInvalidArgumentException: [ExecuTorch Error 0x12] Invalid argument: Execution failed for method: forward	n0*=copy(L0,L1,·)
MISMATCH	w26:177	out[0] non-finite mismatch (nan/inf positions differ)	n0*=gelu.out(L0,·,·)
SKIP	w26:2	executor ExecutorchRuntimeException: [ExecuTorch Error 0x14] Operator missing: Execution failed for method: forward	n0*=_fft_r2c(L0,·,·,·)
SKIP	w26:202	executor ExecutorchInvalidArgumentException: [ExecuTorch Error 0x12] Invalid argument: Execution failed for method: forward	n0*=_pdist_forward(L0,·)
MISMATCH	w26:215	out[0] non-finite mismatch (nan/inf positions differ)	n0*=log.out(L0,·)
SKIP	w26:230	executor ExecutorchRuntimeException: [ExecuTorch Error 0x14] Operator missing: Execution failed for method: forward	n0*=_fft_r2c(L0,·,·,·)
CRASH	w25:577	executor unavailable	n0*=native_group_norm(L0,·,·,·,·,·,·,·)
SKIP	w26:259	executor IllegalArgumentException: unsupported input dtype code 24 on Android	n0*=linear.out(L0,L1,·,·)
CRASH	w25:647	executor unavailable	n0*=mm.out(L0,L1,·)
CRASH	w25:658	executor unavailable	n0*=narrow_copy.out(L0,·,·,·,·)
CRASH	w25:737	executor unavailable	n0*=roll(L0,·,·)
CRASH	w25:738	executor unavailable	n0*=mul.out(L0,L1,·)
MISMATCH	w26:293	out[0] max|delta|=1.441e+17 (rtol=0.0 atol=0.0)	n0*=bitwise_left_shift.Tensor_Scalar(L0,·)
SKIP	w26:295	executor ExecutorchInvalidArgumentException: [ExecuTorch Error 0x12] Invalid argument: Execution failed for method: forward	n0*=scatter_add.out(L0,·,L1,L2,·)
CRASH	w25:77	executor unavailable	n0*=index.Tensor_out(L0,·,·)
CRASH	w25:770	executor unavailable	n0*=stack(·,·)
SKIP	w26:320	executor ExecutorchInvalidArgumentException: [ExecuTorch Error 0x12] Invalid argument: Execution failed for method: forward	n0*=arange.start_out(·,·,·,·)
CRASH	w26:106	executor unavailable	n0*=eq.Tensor_out(L0,L1,·)
SKIP	w26:345	executor ExecutorchInvalidArgumentException: [ExecuTorch Error 0x12] Invalid argument: Execution failed for method: forward	n0*=native_group_norm(L0,·,·,·,·,·,·,·)
MISMATCH	w26:372	out[0] max|delta|=1.611e+09 (rtol=0.0 atol=0.0)	n0*=bitwise_left_shift.Tensor_out(L0,L1,·)
SKIP	w26:384	executor ExecutorchInvalidArgumentException: [ExecuTorch Error 0x12] Invalid argument: Execution failed for method: forward	n0*=scatter.src_out(L0,·,L1,L2,·)
SKIP	w26:391	executor ExecutorchInvalidArgumentException: [ExecuTorch Error 0x12] Invalid argument: Execution failed for method: forward	n0*=copy(L0,L1,·)
MISMATCH	w26:405	out[0] non-finite mismatch (nan/inf positions differ)	n0*=gelu.out(L0,·,·)
CRASH	w26:189	executor unavailable	n0*=reciprocal.out(L0,·)
CRASH	w26:21	executor unavailable	n0*=leaky_relu.out(L0,·,·)
CRASH	w26:212	executor unavailable	n0*=mul.Scalar(L0,·)
MISMATCH	w26:443	out[0] non-finite mismatch (nan/inf positions differ)	n0*=log.out(L0,·)
MISMATCH	w26:463	out[0] non-finite mismatch (nan/inf positions differ)	n0*=native_layer_norm(L0,·,·,·,·)
SKIP	w26:458	executor ExecutorchRuntimeException: [ExecuTorch Error 0x14] Operator missing: Execution failed for method: forward	n0*=_fft_r2c(L0,·,·,·)
SKIP	w26:430	executor ExecutorchInvalidArgumentException: [ExecuTorch Error 0x12] Invalid argument: Execution failed for method: forward	n0*=_pdist_forward(L0,·)
MISMATCH	w26:514	out[0] max|delta|=5.000e+00 (rtol=0.0 atol=0.0)	n0*=remainder.Scalar(L0,·)
MISMATCH	w26:521	out[0] max|delta|=1.441e+17 (rtol=0.0 atol=0.0)	n0*=bitwise_left_shift.Tensor_Scalar(L0,·)
MISMATCH	w26:535	out[0] max|delta|=1.000e+00 (rtol=0.0 atol=0.0)	n0*=prod(L0,·)
SKIP	w26:548	executor ExecutorchInvalidArgumentException: [ExecuTorch Error 0x12] Invalid argument: Execution failed for method: forward	n0*=arange.start_out(·,·,·,·)
SKIP	w26:427	executor ExecutorchInvalidArgumentException: [ExecuTorch Error 0x12] Invalid argument: Execution failed for method: forward	n0*=native_group_norm(L0,·,·,·,·,·,·,·)
CRASH	w26:239	executor unavailable	n0*=_native_batch_norm_legit_no_training(L0,·,·,L1,L2,·,·)
SKIP	w26:568	executor ExecutorchInvalidArgumentException: [ExecuTorch Error 0x12] Invalid argument: Execution failed for method: forward	n0*=convolution(L0,L1,·,·,·,·,·,·,·)
SKIP	w26:573	executor ExecutorchInvalidArgumentException: [ExecuTorch Error 0x12] Invalid argument: Execution failed for method: forward	n0*=native_group_norm(L0,·,·,·,·,·,·,·)
MISMATCH	w26:58	out[0] max|delta|=3.000e+00 (rtol=0.0 atol=0.0)	n0*=remainder.Scalar(L0,·)
MISMATCH	w26:597	out[0] max|delta|=4.612e+18 (rtol=0.0 atol=0.0)	n0*=bitwise_left_shift.Tensor_Scalar_out(L0,·,·)
MISMATCH	w26:600	out[0] max|delta|=1.611e+09 (rtol=0.0 atol=0.0)	n0*=bitwise_left_shift.Tensor_out(L0,L1,·)
MISMATCH	w26:617	out[0] max|delta|=3.000e+00 (rtol=0.0 atol=0.0)	n0*=topk.values(L0,·,·,·,·,L1,L2)
SKIP	w26:619	executor ExecutorchInvalidArgumentException: [ExecuTorch Error 0x12] Invalid argument: Execution failed for method: forward	n0*=copy(L0,L1,·)
MISMATCH	w26:633	out[0] non-finite mismatch (nan/inf positions differ)	n0*=gelu.out(L0,·,·)
MISMATCH	w26:648	out[0] shape (1, 1) vs (0, 0, 0, 0, 0)	n0*=max.dim_max(L0,·,·,L1,L2)
SKIP	w26:655	executor ExecutorchInvalidArgumentException: [ExecuTorch Error 0x12] Invalid argument: Execution failed for method: forward	n0*=native_group_norm(L0,·,·,·,·,·,·,·)
SKIP	w26:658	executor ExecutorchInvalidArgumentException: [ExecuTorch Error 0x12] Invalid argument: Execution failed for method: forward	n0*=_pdist_forward(L0,·)
SKIP	w26:670	executor ExecutorchRuntimeException: [ExecuTorch Error 0x1] Internal error: Execution failed for method: forward	n0*=pixel_shuffle(L0,·)
MISMATCH	w26:671	out[0] non-finite mismatch (nan/inf positions differ)	n0*=log.out(L0,·)
SKIP	w26:67	executor ExecutorchInvalidArgumentException: [ExecuTorch Error 0x12] Invalid argument: Execution failed for method: forward	n0*=scatter_add.out(L0,·,L1,L2,·)
SKIP	w26:686	executor ExecutorchRuntimeException: [ExecuTorch Error 0x14] Operator missing: Execution failed for method: forward	n0*=_fft_r2c(L0,·,·,·)
MISMATCH	w26:710	out[0] max|delta|=1.024e+03 (rtol=0.0 atol=0.0)	n0*=bitwise_right_shift.Tensor_Scalar(L0,·)
MISMATCH	w26:742	out[0] max|delta|=8.000e+00 (rtol=0.0 atol=0.0)	n0*=remainder.Scalar(L0,·)
SKIP	w26:757	executor ExecutorchInvalidArgumentException: [ExecuTorch Error 0x12] Invalid argument: Execution failed for method: forward	n0*=expand_copy(L0,·,·)
CRASH	w26:678	executor process died (native abort)	n0*=max_pool2d_with_indices_backward.grad_input(L0,L1,·,·,·,·,·,L2,L3)
SKIP	w26:776	executor ExecutorchInvalidArgumentException: [ExecuTorch Error 0x12] Invalid argument: Execution failed for method: forward	n0*=arange.start_out(·,·,·,·)
MISMATCH	w26:87	out[0] max|delta|=7.000e+00 (rtol=0.0 atol=0.0)	n0*=remainder.Scalar_out(L0,·,·)
SKIP	w26:92	executor ExecutorchInvalidArgumentException: [ExecuTorch Error 0x12] Invalid argument: Execution failed for method: forward	n0*=arange.start_out(·,·,·,·)
CRASH	w26:267	executor unavailable	n0*=bitwise_not.out(L0,·)
MISMATCH	w27:166	out[0] non-finite mismatch (nan/inf positions differ)	n0*=addmm.out(L0,L1,L2,·,·,·)
CRASH	w26:324	executor unavailable	n0*=bitwise_and.Scalar(L0,·)
CRASH	w26:424	executor unavailable	n0*=div.Scalar(L0,·)
SKIP	w27:185	executor ExecutorchInvalidArgumentException: [ExecuTorch Error 0x12] Invalid argument: Execution failed for method: forward	n0*=scatter_add.out(L0,·,L1,L2,·)
MISMATCH	w27:197	out[0] max|delta|=2.550e+02 (rtol=0.0 atol=0.0)	n0*=prod(L0,·)
CRASH	w26:569	executor unavailable	n0*=acos.out(L0,·)
SKIP	w27:210	executor ExecutorchInvalidArgumentException: [ExecuTorch Error 0x12] Invalid argument: Execution failed for method: forward	n0*=arange.start_out(·,·,·,·)
CRASH	w26:626	executor unavailable	n0*=pow.Tensor_Scalar_out(L0,·,·)
CRASH	w26:647	executor unavailable	n0*=fmod.Scalar(L0,·)
SKIP	w27:235	executor ExecutorchInvalidArgumentException: [ExecuTorch Error 0x12] Invalid argument: Execution failed for method: forward	n0*=native_group_norm(L0,·,·,·,·,·,·,·)
CRASH	w26:74	executor unavailable	n0*=split_copy.Tensor(L0,·,·)
CRASH	w26:750	executor unavailable	n0*=pixel_shuffle(L0,·)
CRASH	w26:749	executor unavailable	n0*=bitwise_left_shift.Tensor_Scalar(L0,·)
MISMATCH	w27:262	out[0] max|delta|=6.918e+18 (rtol=0.01 atol=0.001)	n0*=bitwise_left_shift.Tensor_out(L0,L1,·)
SKIP	w27:281	executor ExecutorchInvalidArgumentException: [ExecuTorch Error 0x12] Invalid argument: Execution failed for method: forward	n0*=copy(L0,L1,·)
MISMATCH	w27:295	out[0] non-finite mismatch (nan/inf positions differ)	n0*=gelu.out(L0,·,·)
MISMATCH	w27:310	out[0] shape (1, 1, 1, 1, 1) vs (0, 0, 0, 0, 0)	n0*=max.dim_max(L0,·,·,L1,L2)
MISMATCH	w27:31	out[0] max|delta|=9.223e+18 (rtol=0.0 atol=0.0)	n0*=bitwise_left_shift.Tensor_Scalar_out(L0,·,·)
SKIP	w27:317	executor ExecutorchInvalidArgumentException: [ExecuTorch Error 0x12] Invalid argument: Execution failed for method: forward	n0*=native_group_norm(L0,·,·,·,·,·,·,·)
SKIP	w27:320	executor ExecutorchInvalidArgumentException: [ExecuTorch Error 0x12] Invalid argument: Execution failed for method: forward	n0*=_pdist_forward(L0,·)
CRASH	w26:97	executor unavailable	n0*=var.correction(L0,·,·,·)
MISMATCH	w27:34	out[0] non-finite mismatch (nan/inf positions differ)	n0*=bitwise_left_shift.Tensor_out(L0,L1,·)
SKIP	w27:348	executor ExecutorchRuntimeException: [ExecuTorch Error 0x14] Operator missing: Execution failed for method: forward	n0*=_fft_r2c(L0,·,·,·)
CRASH	w27:120	executor unavailable	n0*=_fft_r2c(L0,·,·,·)
MISMATCH	w27:404	out[0] max|delta|=2.000e+00 (rtol=0.0 atol=0.0)	n0*=remainder.Scalar(L0,·)
MISMATCH	w27:41	out[0] non-finite mismatch (nan/inf positions differ)	n0*=logit.out(L0,·,·)
SKIP	w27:413	executor ExecutorchInvalidArgumentException: [ExecuTorch Error 0x12] Invalid argument: Execution failed for method: forward	n0*=scatter_add.out(L0,·,L1,L2,·)
SKIP	w27:419	executor ExecutorchInvalidArgumentException: [ExecuTorch Error 0x12] Invalid argument: Execution failed for method: forward	n0*=expand_copy(L0,·,·)
MISMATCH	w27:425	out[0] max|delta|=1.000e+00 (rtol=0.0 atol=0.0)	n0*=prod(L0,·)
MISMATCH	w27:433	out[0] max|delta|=8.000e+00 (rtol=0.0 atol=0.0)	n0*=remainder.Scalar_out(L0,·,·)
SKIP	w27:438	executor ExecutorchInvalidArgumentException: [ExecuTorch Error 0x12] Invalid argument: Execution failed for method: forward	n0*=arange.start_out(·,·,·,·)
MISMATCH	w27:455	out[0] non-finite mismatch (nan/inf positions differ)	n0*=grid_sampler_2d(L0,L1,·,·,·)
SKIP	w27:458	executor ExecutorchInvalidArgumentException: [ExecuTorch Error 0x12] Invalid argument: Execution failed for method: forward	n0*=convolution(L0,L1,·,·,·,·,·,·,·)
SKIP	w27:463	executor ExecutorchInvalidArgumentException: [ExecuTorch Error 0x12] Invalid argument: Execution failed for method: forward	n0*=native_group_norm(L0,·,·,·,·,·,·,·)
CRASH	w27:144	executor unavailable	n0*=bitwise_right_shift.Tensor_Scalar(L0,·)
MISMATCH	w27:487	out[0] non-finite mismatch (nan/inf positions differ)	n0*=bitwise_left_shift.Tensor_Scalar_out(L0,·,·)
MISMATCH	w27:490	out[0] non-finite mismatch (nan/inf positions differ)	n0*=bitwise_left_shift.Tensor_out(L0,L1,·)
SKIP	w27:502	executor ExecutorchInvalidArgumentException: [ExecuTorch Error 0x12] Invalid argument: Execution failed for method: forward	n0*=scatter.src_out(L0,·,L1,L2,·)
SKIP	w27:509	executor ExecutorchInvalidArgumentException: [ExecuTorch Error 0x12] Invalid argument: Execution failed for method: forward	n0*=copy(L0,L1,·)
CRASH	w27:171	executor unavailable	n0*=logical_and(L0,L1)
MISMATCH	w27:522	out[0] non-finite mismatch (nan/inf positions differ)	n0*=logit(L0,·)
MISMATCH	w27:523	out[0] non-finite mismatch (nan/inf positions differ)	n0*=gelu.out(L0,·,·)
MISMATCH	w27:536	out[0] max|delta|=4.000e+00 (rtol=0.0 atol=0.0)	n0*=remainder.Tensor_out(L0,L1,·)
SKIP	w27:545	executor ExecutorchInvalidArgumentException: [ExecuTorch Error 0x12] Invalid argument: Execution failed for method: forward	n0*=native_group_norm(L0,·,·,·,·,·,·,·)
SKIP	w27:576	executor ExecutorchRuntimeException: [ExecuTorch Error 0x14] Operator missing: Execution failed for method: forward	n0*=_fft_r2c(L0,·,·,·)
CRASH	w27:271	executor unavailable	n0*=diagonal_copy(L0,·,·,·)
CRASH	w27:286	executor unavailable	n0*=fmod.Scalar_out(L0,·,·)
CRASH	w27:343	executor unavailable	n0*=any.dims_out(L0,·,·,·)
CRASH	w27:38	executor unavailable	n0*=abs.out(L0,·)
CRASH	w27:432	executor unavailable	n0*=pixel_unshuffle(L0,·)
MISMATCH	w27:632	out[0] max|delta|=7.000e+00 (rtol=0.0 atol=0.0)	n0*=remainder.Scalar(L0,·)
MISMATCH	w27:639	out[0] max|delta|=4.323e+17 (rtol=0.0 atol=0.0)	n0*=bitwise_left_shift.Tensor_Scalar(L0,·)
CRASH	w27:450	executor unavailable	n0*=flip(L0,·)
CRASH	w27:454	executor unavailable	n0*=prod.int_out(L0,·,·,·,·)
SKIP	w27:641	executor ExecutorchInvalidArgumentException: [ExecuTorch Error 0x12] Invalid argument: Execution failed for method: forward	n0*=scatter_add.out(L0,·,L1,L2,·)
SKIP	w27:647	executor ExecutorchInvalidArgumentException: [ExecuTorch Error 0x12] Invalid argument: Execution failed for method: forward	n0*=expand_copy(L0,·,·)
CRASH	w27:468	executor unavailable	n0*=asinh.out(L0,·)
SKIP	w27:666	executor ExecutorchInvalidArgumentException: [ExecuTorch Error 0x12] Invalid argument: Execution failed for method: forward	n0*=arange.start_out(·,·,·,·)
MISMATCH	w27:67	out[0] non-finite mismatch (nan/inf positions differ)	n0*=gelu.out(L0,·,·)
SKIP	w27:691	executor ExecutorchInvalidArgumentException: [ExecuTorch Error 0x12] Invalid argument: Execution failed for method: forward	n0*=native_group_norm(L0,·,·,·,·,·,·,·)
CRASH	w27:498	executor unavailable	n0*=lt.Tensor_out(L0,L1,·)
CRASH	w27:519	executor unavailable	n0*=argmin.out(L0,·,·,·)
MISMATCH	w27:751	out[0] non-finite mismatch (nan/inf positions differ)	n0*=gelu.out(L0,·,·)
SKIP	w27:7	executor ExecutorchInvalidArgumentException: [ExecuTorch Error 0x12] Invalid argument: Execution failed for method: forward	n0*=native_group_norm(L0,·,·,·,·,·,·,·)
SKIP	w27:773	executor ExecutorchInvalidArgumentException: [ExecuTorch Error 0x12] Invalid argument: Execution failed for method: forward	n0*=native_group_norm(L0,·,·,·,·,·,·,·)
SKIP	w27:776	executor ExecutorchInvalidArgumentException: [ExecuTorch Error 0x12] Invalid argument: Execution failed for method: forward	n0*=_pdist_forward(L0,·)
MISMATCH	w27:81	out[0] max|delta|=3.000e+00 (rtol=0.0 atol=0.0)	n0*=fmod.Scalar(L0,·)
MISMATCH	w27:89	out[0] non-finite mismatch (nan/inf positions differ)	n0*=native_group_norm(L0,·,·,·,·,·,·,·)
SKIP	w27:92	executor ExecutorchInvalidArgumentException: [ExecuTorch Error 0x12] Invalid argument: Execution failed for method: forward	n0*=_pdist_forward(L0,·)
MISMATCH	w28:112	out[0] non-finite mismatch (nan/inf positions differ)	n0*=grid_sampler_2d(L0,L1,·,·,·)
MISMATCH	w28:120	out[0] non-finite mismatch (nan/inf positions differ)	n0*=native_group_norm(L0,·,·,·,·,·,·,·)
CRASH	w27:541	executor unavailable	n0*=unsqueeze_copy(L0,·)
MISMATCH	w28:154	out[0] non-finite mismatch (nan/inf positions differ)	n0*=logit.out(L0,·,·)
MISMATCH	w28:178	out[0] shape (1,) vs (0, 0)	n0*=min.dim_min(L0,·,·,L1,L2)
MISMATCH	w28:180	out[0] non-finite mismatch (nan/inf positions differ)	n0*=gelu.out(L0,·,·)
SKIP	w28:202	executor ExecutorchInvalidArgumentException: [ExecuTorch Error 0x12] Invalid argument: Execution failed for method: forward	n0*=native_group_norm(L0,·,·,·,·,·,·,·)
SKIP	w28:205	executor ExecutorchInvalidArgumentException: [ExecuTorch Error 0x12] Invalid argument: Execution failed for method: forward	n0*=_pdist_forward(L0,·)
MISMATCH	w28:144	out[0] max|delta|=2.882e+17 (rtol=0.01 atol=0.001)	n0*=bitwise_left_shift.Tensor_Scalar_out(L0,·,·)
SKIP	w28:233	executor ExecutorchRuntimeException: [ExecuTorch Error 0x14] Operator missing: Execution failed for method: forward	n0*=_fft_r2c(L0,·,·,·)
SKIP	w27:737	executor ExecutorchInvalidArgumentException: [ExecuTorch Error 0x12] Invalid argument: Execution failed for method: forward	n0*=copy(L0,L1,·)
SKIP	w28:304	executor ExecutorchInvalidArgumentException: [ExecuTorch Error 0x12] Invalid argument: Execution failed for method: forward	n0*=expand_copy(L0,·,·)
SKIP	w28:323	executor ExecutorchInvalidArgumentException: [ExecuTorch Error 0x12] Invalid argument: Execution failed for method: forward	n0*=arange.start_out(·,·,·,·)
MISMATCH	w28:348	out[0] non-finite mismatch (nan/inf positions differ)	n0*=native_group_norm(L0,·,·,·,·,·,·,·)
MISMATCH	w28:375	out[0] non-finite mismatch (nan/inf positions differ)	n0*=bitwise_left_shift.Tensor_out(L0,L1,·)
CRASH	w27:592	executor unavailable	n0*=bitwise_and.Tensor_out(L0,L1,·)
SKIP	w28:387	executor ExecutorchInvalidArgumentException: [ExecuTorch Error 0x12] Invalid argument: Execution failed for method: forward	n0*=scatter.src_out(L0,·,L1,L2,·)
MISMATCH	w28:392	out[0] shape (0, 0) vs (0, 0, 0, 0, 0)	n0*=topk.values(L0,·,·,·,·,L1,L2)
MISMATCH	w28:407	out[0] non-finite mismatch (nan/inf positions differ)	n0*=logit(L0,·)
MISMATCH	w28:408	out[0] non-finite mismatch (nan/inf positions differ)	n0*=gelu.out(L0,·,·)
MISMATCH	w28:428	out[0] max|delta|=3.999e-01 (rtol=0.01 atol=0.001)	n0*=_native_batch_norm_legit.no_stats(L0,·,·,·,·,·)
SKIP	w28:430	executor ExecutorchInvalidArgumentException: [ExecuTorch Error 0x12] Invalid argument: Execution failed for method: forward	n0*=native_group_norm(L0,·,·,·,·,·,·,·)
CRASH	w27:96	executor unavailable	n0*=bitwise_right_shift.Tensor_out(L0,L1,·)
CRASH	w28:158	executor unavailable	n0*=index.Tensor_out(L0,·,·)
CRASH	w28:164	executor unavailable	n0*=topk.values(L0,·,·,·,·,L1,L2)
CRASH	w28:167	executor unavailable	n0*=stack(·,·)
CRASH	w28:23	executor unavailable	n0*=add.Scalar(L0,·,·)
SKIP	w28:433	executor ExecutorchInvalidArgumentException: [ExecuTorch Error 0x12] Invalid argument: Execution failed for method: forward	n0*=_pdist_forward(L0,·)
MISMATCH	w28:446	out[0] non-finite mismatch (nan/inf positions differ)	n0*=log.out(L0,·)
CRASH	w28:272	executor unavailable	n0*=mm.out(L0,L1,·)
CRASH	w28:277	executor unavailable	n0*=elu.out(L0,·,·,·,·)
SKIP	w28:461	executor ExecutorchRuntimeException: [ExecuTorch Error 0x14] Operator missing: Execution failed for method: forward	n0*=_fft_r2c(L0,·,·,·)
SKIP	w28:5	executor ExecutorchRuntimeException: [ExecuTorch Error 0x14] Operator missing: Execution failed for method: forward	n0*=_fft_r2c(L0,·,·,·)
MISMATCH	w28:524	out[0] max|delta|=7.206e+16 (rtol=0.0 atol=0.0)	n0*=bitwise_left_shift.Tensor_Scalar(L0,·)
SKIP	w28:532	executor ExecutorchInvalidArgumentException: [ExecuTorch Error 0x12] Invalid argument: Execution failed for method: forward	n0*=expand_copy(L0,·,·)
MISMATCH	w28:535	out[0] max|delta|=2.147e+09 (rtol=0.0 atol=0.0)	n0*=pow.Scalar_out(·,L0,·)
CRASH	w28:361	executor unavailable	n0*=round.out(L0,·)
CRASH	w28:372	executor unavailable	n0*=bitwise_left_shift.Tensor_Scalar_out(L0,·,·)
CRASH	w28:37	executor unavailable	n0*=gt.Scalar_out(L0,·,·)
SKIP	w28:551	executor ExecutorchInvalidArgumentException: [ExecuTorch Error 0x12] Invalid argument: Execution failed for method: forward	n0*=arange.start_out(·,·,·,·)
CRASH	w28:384	executor unavailable	n0*=diagonal_copy(L0,·,·,·)
SKIP	w28:576	executor ExecutorchInvalidArgumentException: [ExecuTorch Error 0x12] Invalid argument: Execution failed for method: forward	n0*=native_group_norm(L0,·,·,·,·,·,·,·)
MISMATCH	w28:603	out[0] max|delta|=6.918e+18 (rtol=0.0 atol=0.0)	n0*=bitwise_left_shift.Tensor_out(L0,L1,·)
MISMATCH	w28:610	out[0] non-finite mismatch (nan/inf positions differ)	n0*=logit.out(L0,·,·)
MISMATCH	w28:636	out[0] non-finite mismatch (nan/inf positions differ)	n0*=gelu.out(L0,·,·)
MISMATCH	w28:649	out[0] max|delta|=3.000e+00 (rtol=0.01 atol=0.001)	n0*=remainder.Tensor_out(L0,L1,·)
SKIP	w28:658	executor ExecutorchInvalidArgumentException: [ExecuTorch Error 0x12] Invalid argument: Execution failed for method: forward	n0*=native_group_norm(L0,·,·,·,·,·,·,·)
SKIP	w28:661	executor ExecutorchInvalidArgumentException: [ExecuTorch Error 0x12] Invalid argument: Execution failed for method: forward	n0*=_pdist_forward(L0,·)
SKIP	w28:673	executor ExecutorchRuntimeException: [ExecuTorch Error 0x1] Internal error: Execution failed for method: forward	n0*=pixel_shuffle(L0,·)
MISMATCH	w28:674	out[0] non-finite mismatch (nan/inf positions differ)	n0*=log.out(L0,·)
MISMATCH	w28:68	out[0] max|delta|=2.684e+08 (rtol=0.0 atol=0.0)	n0*=bitwise_left_shift.Tensor_Scalar(L0,·)
SKIP	w28:689	executor ExecutorchRuntimeException: [ExecuTorch Error 0x14] Operator missing: Execution failed for method: forward	n0*=_fft_r2c(L0,·,·,·)
SKIP	w28:760	executor ExecutorchInvalidArgumentException: [ExecuTorch Error 0x12] Invalid argument: Execution failed for method: forward	n0*=expand_copy(L0,·,·)
MISMATCH	w28:766	out[0] max|delta|=1.000e+00 (rtol=0.0 atol=0.0)	n0*=prod(L0,·)
SKIP	w28:779	executor ExecutorchInvalidArgumentException: [ExecuTorch Error 0x12] Invalid argument: Execution failed for method: forward	n0*=arange.start_out(·,·,·,·)
MISMATCH	w28:82	out[0] max|delta|=2.550e+02 (rtol=0.0 atol=0.0)	n0*=prod(L0,·)
MISMATCH	w28:86	out[0] non-finite mismatch (nan/inf positions differ)	n0*=native_layer_norm(L0,·,·,·,·)
SKIP	w28:95	executor ExecutorchInvalidArgumentException: [ExecuTorch Error 0x12] Invalid argument: Execution failed for method: forward	n0*=arange.start_out(·,·,·,·)
SKIP	w29:106	executor ExecutorchInvalidArgumentException: [ExecuTorch Error 0x12] Invalid argument: Execution failed for method: forward	n0*=native_group_norm(L0,·,·,·,·,·,·,·)
CRASH	w28:432	executor unavailable	n0*=div.out(L0,L1,·)
MISMATCH	w29:130	out[0] max|delta|=2.882e+17 (rtol=0.01 atol=0.001)	n0*=bitwise_left_shift.Tensor_Scalar_out(L0,·,·)
MISMATCH	w29:133	out[0] non-finite mismatch (nan/inf positions differ)	n0*=bitwise_left_shift.Tensor_out(L0,L1,·)
MISMATCH	w29:15	out[0] max|delta|=1.600e+01 (rtol=0.0 atol=0.0)	n0*=bitwise_right_shift.Tensor_Scalar(L0,·)
MISMATCH	w29:150	out[0] shape (1, 1, 1, 1) vs (0, 0, 0, 0, 0)	n0*=topk.values(L0,·,·,·,·,L1,L2)
MISMATCH	w29:165	out[0] non-finite mismatch (nan/inf positions differ)	n0*=logit(L0,·)
MISMATCH	w29:166	out[0] non-finite mismatch (nan/inf positions differ)	n0*=gelu.out(L0,·,·)
SKIP	w29:18	executor ExecutorchRuntimeException: [ExecuTorch Error 0x1] Internal error: Execution failed for method: forward	n0*=_softmax.out(L0,·,·,·)
CRASH	w28:540	executor unavailable	n0*=bitwise_xor.Tensor_out(L0,L1,·)
CRASH	w28:545	executor unavailable	n0*=pixel_unshuffle(L0,·)
SKIP	w29:188	executor ExecutorchInvalidArgumentException: [ExecuTorch Error 0x12] Invalid argument: Execution failed for method: forward	n0*=native_group_norm(L0,·,·,·,·,·,·,·)
SKIP	w29:191	executor ExecutorchInvalidArgumentException: [ExecuTorch Error 0x12] Invalid argument: Execution failed for method: forward	n0*=_pdist_forward(L0,·)
MISMATCH	w29:204	out[0] non-finite mismatch (nan/inf positions differ)	n0*=log.out(L0,·)
CRASH	w28:650	executor unavailable	n0*=fmod.Scalar(L0,·)
CRASH	w28:65	executor unavailable	n0*=max.unary_out(L0,·)
CRASH	w28:654	executor unavailable	n0*=unsqueeze_copy(L0,·)
SKIP	w29:219	executor ExecutorchRuntimeException: [ExecuTorch Error 0x14] Operator missing: Execution failed for method: forward	n0*=_fft_r2c(L0,·,·,·)
CRASH	w28:757	executor unavailable	n0*=narrow_copy(L0,·,·,·)
CRASH	w28:77	executor unavailable	n0*=split_copy.Tensor(L0,·,·)
CRASH	w28:8	executor unavailable	n0*=logical_and.out(L0,L1,·)
CRASH	w29:101	executor unavailable	n0*=convolution(L0,L1,·,·,·,·,·,·,·)
CRASH	w29:103	executor unavailable	n0*=glu.out(L0,·,·)
MISMATCH	w29:300	out[0] non-finite mismatch (nan/inf positions differ)	n0*=native_layer_norm(L0,·,·,·,·)
SKIP	w29:309	executor ExecutorchInvalidArgumentException: [ExecuTorch Error 0x12] Invalid argument: Execution failed for method: forward	n0*=arange.start_out(·,·,·,·)
SKIP	w29:334	executor ExecutorchInvalidArgumentException: [ExecuTorch Error 0x12] Invalid argument: Execution failed for method: forward	n0*=native_group_norm(L0,·,·,·,·,·,·,·)
MISMATCH	w29:368	out[0] non-finite mismatch (nan/inf positions differ)	n0*=logit.out(L0,·,·)
MISMATCH	w29:378	out[0] shape (0, 1) vs (0, 0, 0, 0, 0)	n0*=topk.values(L0,·,·,·,·,L1,L2)
SKIP	w29:380	executor ExecutorchInvalidArgumentException: [ExecuTorch Error 0x12] Invalid argument: Execution failed for method: forward	n0*=copy(L0,L1,·)
MISMATCH	w29:392	out[0] shape (1,) vs (0, 0, 0, 0, 0)	n0*=min.dim_min(L0,·,·,L1,L2)
CRASH	w29:128	executor unavailable	n0*=abs(L0)
MISMATCH	w29:407	out[0] max|delta|=3.000e+00 (rtol=0.01 atol=0.001)	n0*=remainder.Tensor_out(L0,L1,·)
SKIP	w29:416	executor ExecutorchInvalidArgumentException: [ExecuTorch Error 0x12] Invalid argument: Execution failed for method: forward	n0*=native_group_norm(L0,·,·,·,·,·,·,·)
SKIP	w29:419	executor ExecutorchInvalidArgumentException: [ExecuTorch Error 0x12] Invalid argument: Execution failed for method: forward	n0*=_pdist_forward(L0,·)
MISMATCH	w29:432	out[0] non-finite mismatch (nan/inf positions differ)	n0*=log.out(L0,·)
SKIP	w29:447	executor ExecutorchRuntimeException: [ExecuTorch Error 0x14] Operator missing: Execution failed for method: forward	n0*=_fft_r2c(L0,·,·,·)
MISMATCH	w29:47	out[0] max|delta|=6.000e+00 (rtol=0.0 atol=0.0)	n0*=remainder.Scalar(L0,·)
MISMATCH	w29:510	out[0] max|delta|=1.729e+18 (rtol=0.0 atol=0.0)	n0*=bitwise_left_shift.Tensor_Scalar(L0,·)
SKIP	w29:518	executor ExecutorchInvalidArgumentException: [ExecuTorch Error 0x12] Invalid argument: Execution failed for method: forward	n0*=expand_copy(L0,·,·)
MISMATCH	w29:528	out[0] non-finite mismatch (nan/inf positions differ)	n0*=native_layer_norm(L0,·,·,·,·)
SKIP	w29:537	executor ExecutorchInvalidArgumentException: [ExecuTorch Error 0x12] Invalid argument: Execution failed for method: forward	n0*=arange.start_out(·,·,·,·)
MISMATCH	w29:54	out[0] max|delta|=8.053e+08 (rtol=0.0 atol=0.0)	n0*=bitwise_left_shift.Tensor_Scalar(L0,·)
MISMATCH	w29:589	out[0] non-finite mismatch (nan/inf positions differ)	n0*=bitwise_left_shift.Tensor_out(L0,L1,·)
MISMATCH	w29:622	out[0] non-finite mismatch (nan/inf positions differ)	n0*=gelu.out(L0,·,·)
MISMATCH	w29:635	out[0] max|delta|=3.000e+00 (rtol=0.01 atol=0.001)	n0*=remainder.Tensor_out(L0,L1,·)
SKIP	w29:675	executor ExecutorchRuntimeException: [ExecuTorch Error 0x14] Operator missing: Execution failed for method: forward	n0*=_fft_r2c(L0,·,·,·)
MISMATCH	w29:68	out[0] max|delta|=1.000e+00 (rtol=0.0 atol=0.0)	n0*=prod(L0,·)
CRASH	w29:263	executor unavailable	n0*=elu.out(L0,·,·,·,·)
CRASH	w29:367	executor unavailable	n0*=sum.IntList_out(L0,·,·,·,·)
CRASH	w29:377	executor unavailable	n0*=narrow_copy(L0,·,·,·)
CRASH	w29:394	executor unavailable	n0*=gelu.out(L0,·,·)
MISMATCH	w29:731	out[0] max|delta|=4.000e+00 (rtol=0.0 atol=0.0)	n0*=remainder.Scalar(L0,·)
CRASH	w29:506	executor unavailable	n0*=pow.Tensor_Tensor_out(L0,L1,·)
SKIP	w29:746	executor ExecutorchInvalidArgumentException: [ExecuTorch Error 0x12] Invalid argument: Execution failed for method: forward	n0*=expand_copy(L0,·,·)
CRASH	w29:562	executor unavailable	n0*=native_group_norm(L0,·,·,·,·,·,·,·)
CRASH	w29:58	executor unavailable	n0*=mean.dtype_out(L0,·,·)
CRASH	w29:596	executor unavailable	n0*=logit.out(L0,·,·)
CRASH	w29:6	executor unavailable	n0*=logical_xor.out(L0,L1,·)
MISMATCH	w3:105	out[0] max|delta|=4.000e+00 (rtol=0.01 atol=0.001)	n0*=remainder.Tensor_out(L0,L1,·)
MISMATCH	w3:106	out[0] max|delta|=4.000e+00 (rtol=0.0 atol=0.0)	n0*=fmod.Scalar(L0,·)
CRASH	w29:618	executor unavailable	n0*=argmin.out(L0,·,·,·)
SKIP	w3:114	executor ExecutorchInvalidArgumentException: [ExecuTorch Error 0x12] Invalid argument: Execution failed for method: forward	n0*=native_group_norm(L0,·,·,·,·,·,·,·)
SKIP	w3:117	executor ExecutorchInvalidArgumentException: [ExecuTorch Error 0x12] Invalid argument: Execution failed for method: forward	n0*=_pdist_forward(L0,·)
MISMATCH	w29:738	out[0] max|delta|=2.162e+17 (rtol=0.0 atol=0.0)	n0*=bitwise_left_shift.Tensor_Scalar(L0,·)
CRASH	w29:655	executor unavailable	n0*=_cdist_forward(L0,L1,·,·)
SKIP	w3:129	executor ExecutorchRuntimeException: [ExecuTorch Error 0x1] Internal error: Execution failed for method: forward	n0*=pixel_shuffle(L0,·)
SKIP	w3:145	executor ExecutorchRuntimeException: [ExecuTorch Error 0x14] Operator missing: Execution failed for method: forward	n0*=_fft_r2c(L0,·,·,·)
SKIP	w29:81	executor ExecutorchInvalidArgumentException: [ExecuTorch Error 0x12] Invalid argument: Execution failed for method: forward	n0*=arange.start_out(·,·,·,·)
MISMATCH	w3:208	out[0] max|delta|=9.223e+18 (rtol=0.0 atol=0.0)	n0*=bitwise_left_shift.Tensor_Scalar(L0,·)
SKIP	w3:210	executor ExecutorchInvalidArgumentException: [ExecuTorch Error 0x12] Invalid argument: Execution failed for method: forward	n0*=scatter_add.out(L0,·,L1,L2,·)
MISMATCH	w3:24	out[0] non-finite mismatch (nan/inf positions differ)	n0*=grid_sampler_2d(L0,L1,·,·,·)
SKIP	w3:235	executor ExecutorchInvalidArgumentException: [ExecuTorch Error 0x12] Invalid argument: Execution failed for method: forward	n0*=arange.start_out(·,·,·,·)
CRASH	w29:682	executor unavailable	n0*=mean.out(L0,·,·,·,·)
MISMATCH	w3:287	out[0] max|delta|=6.918e+18 (rtol=0.01 atol=0.001)	n0*=bitwise_left_shift.Tensor_out(L0,L1,·)
SKIP	w29:765	executor ExecutorchInvalidArgumentException: [ExecuTorch Error 0x12] Invalid argument: Execution failed for method: forward	n0*=arange.start_out(·,·,·,·)
MISMATCH	w3:320	out[0] non-finite mismatch (nan/inf positions differ)	n0*=gelu.out(L0,·,·)
SKIP	w3:342	executor ExecutorchInvalidArgumentException: [ExecuTorch Error 0x12] Invalid argument: Execution failed for method: forward	n0*=native_group_norm(L0,·,·,·,·,·,·,·)
SKIP	w3:345	executor ExecutorchInvalidArgumentException: [ExecuTorch Error 0x12] Invalid argument: Execution failed for method: forward	n0*=_pdist_forward(L0,·)
SKIP	w3:357	executor ExecutorchRuntimeException: [ExecuTorch Error 0x1] Internal error: Execution failed for method: forward	n0*=pixel_shuffle(L0,·)
SKIP	w3:383	executor ExecutorchRuntimeException: [ExecuTorch Error 0x1] Internal error: Execution failed for method: forward	n0*=pixel_unshuffle(L0,·)
MISMATCH	w3:429	out[0] max|delta|=2.000e+00 (rtol=0.0 atol=0.0)	n0*=remainder.Scalar(L0,·)
MISMATCH	w3:436	out[0] max|delta|=1.441e+17 (rtol=0.0 atol=0.0)	n0*=bitwise_left_shift.Tensor_Scalar(L0,·)
SKIP	w3:438	executor ExecutorchInvalidArgumentException: [ExecuTorch Error 0x12] Invalid argument: Execution failed for method: forward	n0*=scatter_add.out(L0,·,L1,L2,·)
CRASH	w29:95	executor unavailable	n0*=eq.Tensor_out(L0,L1,·)
CRASH	w3:115	executor unavailable	n0*=cosh.out(L0,·)
CRASH	w3:175	executor unavailable	n0*=unbind_copy.int(L0,·)
SKIP	w3:463	executor ExecutorchInvalidArgumentException: [ExecuTorch Error 0x12] Invalid argument: Execution failed for method: forward	n0*=arange.start_out(·,·,·,·)
MISMATCH	w3:480	out[0] non-finite mismatch (nan/inf positions differ)	n0*=grid_sampler_2d(L0,L1,·,·,·)
SKIP	w3:488	executor ExecutorchInvalidArgumentException: [ExecuTorch Error 0x12] Invalid argument: Execution failed for method: forward	n0*=native_group_norm(L0,·,·,·,·,·,·,·)
CRASH	w3:240	executor unavailable	n0*=var.correction(L0,·,·,·)
CRASH	w3:245	executor unavailable	n0*=permute_copy(L0,·)
CRASH	w3:260	executor unavailable	n0*=native_group_norm(L0,·,·,·,·,·,·,·)
CRASH	w3:35	executor unavailable	n0*=minimum.out(L0,L1,·)
MISMATCH	w3:512	out[0] max|delta|=1.153e+18 (rtol=0.01 atol=0.001)	n0*=bitwise_left_shift.Tensor_Scalar_out(L0,·,·)
MISMATCH	w3:515	out[0] max|delta|=6.918e+18 (rtol=0.01 atol=0.001)	n0*=bitwise_left_shift.Tensor_out(L0,L1,·)
CRASH	w3:37	executor unavailable	n0*=asinh.out(L0,·)
CRASH	w3:373	executor unavailable	n0*=_fft_r2c(L0,·,·,·)
MISMATCH	w3:548	out[0] non-finite mismatch (nan/inf positions differ)	n0*=gelu.out(L0,·,·)
CRASH	w3:41	executor unavailable	n0*=cos.out(L0,·)
MISMATCH	w3:570	out[0] non-finite mismatch (nan/inf positions differ)	n0*=native_group_norm(L0,·,·,·,·,·,·,·)
SKIP	w3:573	executor ExecutorchInvalidArgumentException: [ExecuTorch Error 0x12] Invalid argument: Execution failed for method: forward	n0*=_pdist_forward(L0,·)
MISMATCH	w3:59	out[0] max|delta|=9.223e+18 (rtol=0.01 atol=0.001)	n0*=bitwise_left_shift.Tensor_out(L0,L1,·)
CRASH	w3:440	executor unavailable	n0*=mean.dtype_out(L0,·,·)
SKIP	w3:601	executor ExecutorchRuntimeException: [ExecuTorch Error 0x14] Operator missing: Execution failed for method: forward	n0*=_fft_r2c(L0,·,·,·)
CRASH	w3:45	executor unavailable	n0*=round.out(L0,·)
CRASH	w3:593	executor process died (native abort)	n0*=max_pool2d_with_indices_backward.grad_input(L0,L1,·,·,·,·,·,L2,L3)
MISMATCH	w3:657	out[0] max|delta|=5.000e+00 (rtol=0.0 atol=0.0)	n0*=remainder.Scalar(L0,·)
MISMATCH	w3:66	out[0] non-finite mismatch (nan/inf positions differ)	n0*=logit.out(L0,·,·)
MISMATCH	w3:664	out[0] max|delta|=7.206e+16 (rtol=0.0 atol=0.0)	n0*=bitwise_left_shift.Tensor_Scalar(L0,·)
SKIP	w3:691	executor ExecutorchInvalidArgumentException: [ExecuTorch Error 0x12] Invalid argument: Execution failed for method: forward	n0*=arange.start_out(·,·,·,·)
SKIP	w3:7	executor ExecutorchInvalidArgumentException: [ExecuTorch Error 0x12] Invalid argument: Execution failed for method: forward	n0*=arange.start_out(·,·,·,·)
MISMATCH	w3:708	out[0] non-finite mismatch (nan/inf positions differ)	n0*=grid_sampler_2d(L0,L1,·,·,·)
SKIP	w3:716	executor ExecutorchInvalidArgumentException: [ExecuTorch Error 0x12] Invalid argument: Execution failed for method: forward	n0*=native_group_norm(L0,·,·,·,·,·,·,·)
MISMATCH	w3:743	out[0] max|delta|=1.611e+09 (rtol=0.0 atol=0.0)	n0*=bitwise_left_shift.Tensor_out(L0,L1,·)
MISMATCH	w3:76	out[0] shape (1, 1, 1, 1, 0) vs (0, 0, 0, 0, 0)	n0*=topk.values(L0,·,·,·,·,L1,L2)
MISMATCH	w3:776	out[0] non-finite mismatch (nan/inf positions differ)	n0*=gelu.out(L0,·,·)
MISMATCH	w3:91	out[0] non-finite mismatch (nan/inf positions differ)	n0*=logit(L0,·)
MISMATCH	w3:92	out[0] non-finite mismatch (nan/inf positions differ)	n0*=gelu.out(L0,·,·)
SKIP	w30:103	executor ExecutorchInvalidArgumentException: [ExecuTorch Error 0x12] Invalid argument: Execution failed for method: forward	n0*=native_group_norm(L0,·,·,·,·,·,·,·)
SKIP	w30:106	executor ExecutorchInvalidArgumentException: [ExecuTorch Error 0x12] Invalid argument: Execution failed for method: forward	n0*=_pdist_forward(L0,·)
SKIP	w30:134	executor ExecutorchRuntimeException: [ExecuTorch Error 0x14] Operator missing: Execution failed for method: forward	n0*=_fft_r2c(L0,·,·,·)
CRASH	w3:504	executor unavailable	n0*=hardtanh.out(L0,·,·,·)
CRASH	w3:54	executor unavailable	n0*=abs(L0)
MISMATCH	w30:197	out[0] max|delta|=1.153e+18 (rtol=0.0 atol=0.0)	n0*=bitwise_left_shift.Tensor_Scalar(L0,·)
SKIP	w30:21	executor ExecutorchInvalidArgumentException: [ExecuTorch Error 0x12] Invalid argument: Execution failed for method: forward	n0*=native_group_norm(L0,·,·,·,·,·,·,·)
CRASH	w3:596	executor unavailable	n0*=any.dims_out(L0,·,·,·)
CRASH	w3:631	executor unavailable	n0*=unbind_copy.int(L0,·)
CRASH	w3:666	executor unavailable	n0*=scatter_add.out(L0,·,L1,L2,·)
SKIP	w30:224	executor ExecutorchInvalidArgumentException: [ExecuTorch Error 0x12] Invalid argument: Execution failed for method: forward	n0*=arange.start_out(·,·,·,·)
CRASH	w3:719	executor unavailable	n0*=minimum.out(L0,L1,·)
SKIP	w30:249	executor ExecutorchInvalidArgumentException: [ExecuTorch Error 0x12] Invalid argument: Execution failed for method: forward	n0*=native_group_norm(L0,·,·,·,·,·,·,·)
CRASH	w3:742	executor unavailable	n0*=bitwise_xor.Scalar_out(L0,·,·)
MISMATCH	w30:276	out[0] non-finite mismatch (nan/inf positions differ)	n0*=bitwise_left_shift.Tensor_out(L0,L1,·)
MISMATCH	w30:282	out[0] max|delta|=2.550e+02 (rtol=0.0 atol=0.0)	n0*=sum.IntList_out(L0,·,·,·,·)
MISMATCH	w30:293	out[0] shape (0, 0) vs (0, 0, 0, 0)	n0*=topk.values(L0,·,·,·,·,L1,L2)
MISMATCH	w30:308	out[0] non-finite mismatch (nan/inf positions differ)	n0*=logit(L0,·)
MISMATCH	w30:309	out[0] non-finite mismatch (nan/inf positions differ)	n0*=gelu.out(L0,·,·)
SKIP	w30:334	executor ExecutorchInvalidArgumentException: [ExecuTorch Error 0x12] Invalid argument: Execution failed for method: forward	n0*=_pdist_forward(L0,·)
CRASH	w30:135	executor unavailable	n0*=ones.out(·,·)
MISMATCH	w30:347	out[0] non-finite mismatch (nan/inf positions differ)	n0*=log.out(L0,·)
CRASH	w30:159	executor unavailable	n0*=floor_divide.out(L0,L1,·)
CRASH	w30:16	executor unavailable	n0*=convolution(L0,L1,·,·,·,·,·,·,·)
SKIP	w30:362	executor ExecutorchRuntimeException: [ExecuTorch Error 0x14] Operator missing: Execution failed for method: forward	n0*=_fft_r2c(L0,·,·,·)
CRASH	w30:164	executor unavailable	n0*=unbind_copy.int(L0,·)
CRASH	w30:192	executor unavailable	n0*=max(L0)
SKIP	w30:346	executor ExecutorchRuntimeException: [ExecuTorch Error 0x1] Internal error: Execution failed for method: forward	n0*=pixel_shuffle(L0,·)
MISMATCH	w30:418	out[0] max|delta|=6.000e+00 (rtol=0.0 atol=0.0)	n0*=remainder.Scalar(L0,·)
SKIP	w30:433	executor ExecutorchInvalidArgumentException: [ExecuTorch Error 0x12] Invalid argument: Execution failed for method: forward	n0*=expand_copy(L0,·,·)
MISMATCH	w30:439	out[0] max|delta|=1.000e+00 (rtol=0.0 atol=0.0)	n0*=prod(L0,·)
SKIP	w30:452	executor ExecutorchInvalidArgumentException: [ExecuTorch Error 0x12] Invalid argument: Execution failed for method: forward	n0*=arange.start_out(·,·,·,·)
SKIP	w30:477	executor ExecutorchInvalidArgumentException: [ExecuTorch Error 0x12] Invalid argument: Execution failed for method: forward	n0*=native_group_norm(L0,·,·,·,·,·,·,·)
SKIP	w30:372	executor ExecutorchRuntimeException: [ExecuTorch Error 0x1] Internal error: Execution failed for method: forward	n0*=pixel_unshuffle(L0,·)
MISMATCH	w30:48	out[0] max|delta|=6.918e+18 (rtol=0.0 atol=0.0)	n0*=bitwise_left_shift.Tensor_out(L0,L1,·)
MISMATCH	w30:504	out[0] max|delta|=1.611e+09 (rtol=0.01 atol=0.001)	n0*=bitwise_left_shift.Tensor_out(L0,L1,·)
SKIP	w30:523	executor ExecutorchInvalidArgumentException: [ExecuTorch Error 0x12] Invalid argument: Execution failed for method: forward	n0*=copy(L0,L1,·)
MISMATCH	w30:537	out[0] non-finite mismatch (nan/inf positions differ)	n0*=gelu.out(L0,·,·)
MISMATCH	w30:55	out[0] non-finite mismatch (nan/inf positions differ)	n0*=logit.out(L0,·,·)
SKIP	w30:559	executor ExecutorchInvalidArgumentException: [ExecuTorch Error 0x12] Invalid argument: Execution failed for method: forward	n0*=native_group_norm(L0,·,·,·,·,·,·,·)
SKIP	w30:562	executor ExecutorchInvalidArgumentException: [ExecuTorch Error 0x12] Invalid argument: Execution failed for method: forward	n0*=_pdist_forward(L0,·)
SKIP	w30:574	executor ExecutorchRuntimeException: [ExecuTorch Error 0x1] Internal error: Execution failed for method: forward	n0*=pixel_shuffle(L0,·)
MISMATCH	w30:575	out[0] non-finite mismatch (nan/inf positions differ)	n0*=log.out(L0,·)
SKIP	w30:590	executor ExecutorchRuntimeException: [ExecuTorch Error 0x14] Operator missing: Execution failed for method: forward	n0*=_fft_r2c(L0,·,·,·)
CRASH	w30:251	executor unavailable	n0*=gt.Tensor_out(L0,L1,·)
CRASH	w30:287	executor unavailable	n0*=index.Tensor_out(L0,·,·)
CRASH	w30:315	executor unavailable	n0*=trunc.out(L0,·)
CRASH	w30:349	executor unavailable	n0*=isnan(L0)
CRASH	w30:370	executor unavailable	n0*=slice_scatter(L0,L1,·,·,·,·)
CRASH	w30:386	executor unavailable	n0*=bitwise_right_shift.Tensor_Scalar(L0,·)
MISMATCH	w30:65	out[0] shape (1, 1, 1, 1) vs (0, 0, 0, 0, 0)	n0*=topk.values(L0,·,·,·,·,L1,L2)
MISMATCH	w30:653	out[0] max|delta|=9.223e+18 (rtol=0.0 atol=0.0)	n0*=bitwise_left_shift.Tensor_Scalar(L0,·)
MISMATCH	w30:667	out[0] max|delta|=1.000e+00 (rtol=0.0 atol=0.0)	n0*=prod(L0,·)
SKIP	w30:67	executor ExecutorchInvalidArgumentException: [ExecuTorch Error 0x12] Invalid argument: Execution failed for method: forward	n0*=copy(L0,L1,·)
SKIP	w30:680	executor ExecutorchInvalidArgumentException: [ExecuTorch Error 0x12] Invalid argument: Execution failed for method: forward	n0*=arange.start_out(·,·,·,·)
SKIP	w30:686	executor ExecutorchInvalidArgumentException: [ExecuTorch Error 0x12] Invalid argument: Execution failed for method: forward	n0*=scatter.value_out(L0,·,L1,·,·)
SKIP	w30:705	executor ExecutorchInvalidArgumentException: [ExecuTorch Error 0x12] Invalid argument: Execution failed for method: forward	n0*=native_group_norm(L0,·,·,·,·,·,·,·)
MISMATCH	w30:729	out[0] max|delta|=5.765e+17 (rtol=0.01 atol=0.001)	n0*=bitwise_left_shift.Tensor_Scalar_out(L0,·,·)
MISMATCH	w30:732	out[0] non-finite mismatch (nan/inf positions differ)	n0*=bitwise_left_shift.Tensor_out(L0,L1,·)
CRASH	w30:483	executor unavailable	n0*=lt.Scalar_out(L0,·,·)
CRASH	w30:511	executor unavailable	n0*=logit.out(L0,·,·)
CRASH	w30:551	executor unavailable	n0*=fmod.Scalar(L0,·)
MISMATCH	w30:81	out[0] non-finite mismatch (nan/inf positions differ)	n0*=gelu.out(L0,·,·)
CRASH	w30:579	executor unavailable	n0*=tan.out(L0,·)
CRASH	w30:600	executor unavailable	n0*=pixel_unshuffle(L0,·)
SKIP	w31:119	executor ExecutorchInvalidArgumentException: [ExecuTorch Error 0x12] Invalid argument: Execution failed for method: forward	n0*=native_group_norm(L0,·,·,·,·,·,·,·)
CRASH	w30:617	executor unavailable	n0*=_softmax.out(L0,·,·,·)
MISMATCH	w31:146	out[0] max|delta|=9.223e+18 (rtol=0.01 atol=0.001)	n0*=bitwise_left_shift.Tensor_out(L0,L1,·)
SKIP	w31:158	executor ExecutorchInvalidArgumentException: [ExecuTorch Error 0x12] Invalid argument: Execution failed for method: forward	n0*=scatter.src_out(L0,·,L1,L2,·)
SKIP	w31:165	executor ExecutorchInvalidArgumentException: [ExecuTorch Error 0x12] Invalid argument: Execution failed for method: forward	n0*=copy(L0,L1,·)
MISMATCH	w31:179	out[0] non-finite mismatch (nan/inf positions differ)	n0*=gelu.out(L0,·,·)
MISMATCH	w31:192	out[0] max|delta|=3.000e+00 (rtol=0.01 atol=0.001)	n0*=remainder.Tensor_out(L0,L1,·)
MISMATCH	w31:201	out[0] non-finite mismatch (nan/inf positions differ)	n0*=native_group_norm(L0,·,·,·,·,·,·,·)
SKIP	w31:204	executor ExecutorchInvalidArgumentException: [ExecuTorch Error 0x12] Invalid argument: Execution failed for method: forward	n0*=_pdist_forward(L0,·)
SKIP	w31:216	executor ExecutorchRuntimeException: [ExecuTorch Error 0x1] Internal error: Execution failed for method: forward	n0*=pixel_shuffle(L0,·)
SKIP	w31:232	executor ExecutorchRuntimeException: [ExecuTorch Error 0x14] Operator missing: Execution failed for method: forward	n0*=_fft_r2c(L0,·,·,·)
MISMATCH	w31:256	out[0] max|delta|=3.200e+01 (rtol=0.0 atol=0.0)	n0*=bitwise_right_shift.Tensor_Scalar(L0,·)
CRASH	w30:690	executor unavailable	n0*=permute_copy(L0,·)
CRASH	w30:722	executor unavailable	n0*=view_copy(L0,·)
CRASH	w30:761	executor unavailable	n0*=argmin.out(L0,·,·,·)
CRASH	w30:773	executor unavailable	n0*=bitwise_or.Scalar(L0,·)
CRASH	w30:8	executor unavailable	n0*=flip(L0,·)
MISMATCH	w31:295	out[0] max|delta|=9.223e+18 (rtol=0.0 atol=0.0)	n0*=bitwise_left_shift.Tensor_Scalar(L0,·)
SKIP	w31:296	executor IllegalArgumentException: unsupported input dtype code 24 on Android	n0*=pixel_shuffle(L0,·)
SKIP	w31:303	executor ExecutorchInvalidArgumentException: [ExecuTorch Error 0x12] Invalid argument: Execution failed for method: forward	n0*=expand_copy(L0,·,·)
CRASH	w31:111	executor unavailable	n0*=grid_sampler_2d(L0,L1,·,·,·)
SKIP	w31:322	executor ExecutorchInvalidArgumentException: [ExecuTorch Error 0x12] Invalid argument: Execution failed for method: forward	n0*=arange.start_out(·,·,·,·)
SKIP	w31:261	executor IllegalArgumentException: unsupported input dtype code 24 on Android	n0*=linear.out(L0,L1,·,·)
SKIP	w31:342	executor ExecutorchInvalidArgumentException: [ExecuTorch Error 0x12] Invalid argument: Execution failed for method: forward	n0*=convolution(L0,L1,·,·,·,·,·,·,·)
MISMATCH	w31:347	out[0] non-finite mismatch (nan/inf positions differ)	n0*=native_group_norm(L0,·,·,·,·,·,·,·)
MISMATCH	w31:371	out[0] max|delta|=6.918e+18 (rtol=0.0 atol=0.0)	n0*=bitwise_left_shift.Tensor_Scalar_out(L0,·,·)
CRASH	w31:152	executor unavailable	n0*=sum.IntList_out(L0,·,·,·,·)
CRASH	w31:169	executor unavailable	n0*=isinf(L0)
MISMATCH	w31:339	out[0] non-finite mismatch (nan/inf positions differ)	n0*=grid_sampler_2d(L0,L1,·,·,·)
MISMATCH	w31:407	out[0] non-finite mismatch (nan/inf positions differ)	n0*=gelu.out(L0,·,·)
CRASH	w31:191	executor unavailable	n0*=reciprocal.out(L0,·)
MISMATCH	w31:374	out[0] max|delta|=2.147e+09 (rtol=0.0 atol=0.0)	n0*=bitwise_left_shift.Tensor_out(L0,L1,·)
SKIP	w31:429	executor ExecutorchInvalidArgumentException: [ExecuTorch Error 0x12] Invalid argument: Execution failed for method: forward	n0*=native_group_norm(L0,·,·,·,·,·,·,·)
CRASH	w31:219	executor unavailable	n0*=isnan(L0)
SKIP	w31:460	executor ExecutorchRuntimeException: [ExecuTorch Error 0x14] Operator missing: Execution failed for method: forward	n0*=_fft_r2c(L0,·,·,·)
CRASH	w31:240	executor unavailable	n0*=slice_scatter(L0,L1,·,·,·,·)
CRASH	w31:257	executor unavailable	n0*=floor_divide.out(L0,L1,·)
MISMATCH	w31:523	out[0] max|delta|=4.323e+17 (rtol=0.0 atol=0.0)	n0*=bitwise_left_shift.Tensor_Scalar(L0,·)
SKIP	w31:550	executor ExecutorchInvalidArgumentException: [ExecuTorch Error 0x12] Invalid argument: Execution failed for method: forward	n0*=arange.start_out(·,·,·,·)
MISMATCH	w31:567	out[0] non-finite mismatch (nan/inf positions differ)	n0*=grid_sampler_2d(L0,L1,·,·,·)
SKIP	w31:575	executor ExecutorchInvalidArgumentException: [ExecuTorch Error 0x12] Invalid argument: Execution failed for method: forward	n0*=native_group_norm(L0,·,·,·,·,·,·,·)
MISMATCH	w31:599	out[0] non-finite mismatch (nan/inf positions differ)	n0*=bitwise_left_shift.Tensor_Scalar_out(L0,·,·)
SKIP	w31:621	executor ExecutorchInvalidArgumentException: [ExecuTorch Error 0x12] Invalid argument: Execution failed for method: forward	n0*=copy(L0,L1,·)
SKIP	w31:657	executor ExecutorchInvalidArgumentException: [ExecuTorch Error 0x12] Invalid argument: Execution failed for method: forward	n0*=native_group_norm(L0,·,·,·,·,·,·,·)
SKIP	w31:660	executor ExecutorchInvalidArgumentException: [ExecuTorch Error 0x12] Invalid argument: Execution failed for method: forward	n0*=_pdist_forward(L0,·)
SKIP	w31:688	executor ExecutorchRuntimeException: [ExecuTorch Error 0x14] Operator missing: Execution failed for method: forward	n0*=_fft_r2c(L0,·,·,·)
CRASH	w31:393	executor unavailable	n0*=copy(L0,L1,·)
CRASH	w31:4	executor unavailable	n0*=_fft_r2c(L0,·,·,·)
CRASH	w31:467	executor unavailable	n0*=mean.out(L0,·,·,·,·)
CRASH	w31:490	executor unavailable	n0*=unbind_copy.int(L0,·)
SKIP	w31:75	executor ExecutorchInvalidArgumentException: [ExecuTorch Error 0x12] Invalid argument: Execution failed for method: forward	n0*=expand_copy(L0,·,·)
CRASH	w31:510	executor unavailable	n0*=narrow_copy.out(L0,·,·,·,·)
SKIP	w31:778	executor ExecutorchInvalidArgumentException: [ExecuTorch Error 0x12] Invalid argument: Execution failed for method: forward	n0*=arange.start_out(·,·,·,·)
CRASH	w31:588	executor unavailable	n0*=round.out(L0,·)
SKIP	w31:94	executor ExecutorchInvalidArgumentException: [ExecuTorch Error 0x12] Invalid argument: Execution failed for method: forward	n0*=arange.start_out(·,·,·,·)
CRASH	w31:602	executor unavailable	n0*=bitwise_left_shift.Tensor_out(L0,L1,·)
CRASH	w31:619	executor unavailable	n0*=topk.values(L0,·,·,·,·,L1,L2)
SKIP	w32:105	executor ExecutorchRuntimeException: [ExecuTorch Error 0x1] Internal error: Execution failed for method: forward	n0*=_softmax.out(L0,·,·,·)
SKIP	w32:11	executor ExecutorchInvalidArgumentException: [ExecuTorch Error 0x12] Invalid argument: Execution failed for method: forward	n0*=copy(L0,L1,·)
CRASH	w31:652	executor unavailable	n0*=atan.out(L0,·)
MISMATCH	w32:141	out[0] max|delta|=4.612e+18 (rtol=0.0 atol=0.0)	n0*=bitwise_left_shift.Tensor_Scalar(L0,·)
SKIP	w32:162	executor ExecutorchRuntimeException: [ExecuTorch Error 0x1] Internal error: Execution failed for method: forward	n0*=pixel_unshuffle(L0,·)
SKIP	w32:168	executor ExecutorchInvalidArgumentException: [ExecuTorch Error 0x12] Invalid argument: Execution failed for method: forward	n0*=arange.start_out(·,·,·,·)
CRASH	w31:712	executor unavailable	n0*=bitwise_right_shift.Tensor_Scalar(L0,·)
CRASH	w31:710	executor unavailable	n0*=argmax.out(L0,·,·,·)
MISMATCH	w32:185	out[0] non-finite mismatch (nan/inf positions differ)	n0*=grid_sampler_2d(L0,L1,·,·,·)
SKIP	w32:193	executor ExecutorchInvalidArgumentException: [ExecuTorch Error 0x12] Invalid argument: Execution failed for method: forward	n0*=native_group_norm(L0,·,·,·,·,·,·,·)
MISMATCH	w32:217	out[0] max|delta|=5.765e+17 (rtol=0.01 atol=0.001)	n0*=bitwise_left_shift.Tensor_Scalar_out(L0,·,·)
MISMATCH	w32:220	out[0] non-finite mismatch (nan/inf positions differ)	n0*=bitwise_left_shift.Tensor_out(L0,L1,·)
SKIP	w32:232	executor ExecutorchInvalidArgumentException: [ExecuTorch Error 0x12] Invalid argument: Execution failed for method: forward	n0*=scatter.src_out(L0,·,L1,L2,·)
SKIP	w32:239	executor ExecutorchInvalidArgumentException: [ExecuTorch Error 0x12] Invalid argument: Execution failed for method: forward	n0*=copy(L0,L1,·)
MISMATCH	w32:252	out[0] non-finite mismatch (nan/inf positions differ)	n0*=logit(L0,·)
MISMATCH	w32:253	out[0] non-finite mismatch (nan/inf positions differ)	n0*=gelu.out(L0,·,·)
SKIP	w32:275	executor ExecutorchInvalidArgumentException: [ExecuTorch Error 0x12] Invalid argument: Execution failed for method: forward	n0*=native_group_norm(L0,·,·,·,·,·,·,·)
CRASH	w31:742	executor unavailable	n0*=sub.out(L0,L1,·,·)
MISMATCH	w32:291	out[0] non-finite mismatch (nan/inf positions differ)	n0*=log.out(L0,·)
SKIP	w32:306	executor ExecutorchRuntimeException: [ExecuTorch Error 0x14] Operator missing: Execution failed for method: forward	n0*=_fft_r2c(L0,·,·,·)
SKIP	w32:371	executor ExecutorchInvalidArgumentException: [ExecuTorch Error 0x12] Invalid argument: Execution failed for method: forward	n0*=scatter_add.out(L0,·,L1,L2,·)
SKIP	w32:377	executor ExecutorchInvalidArgumentException: [ExecuTorch Error 0x12] Invalid argument: Execution failed for method: forward	n0*=expand_copy(L0,·,·)
SKIP	w32:396	executor ExecutorchInvalidArgumentException: [ExecuTorch Error 0x12] Invalid argument: Execution failed for method: forward	n0*=arange.start_out(·,·,·,·)
MISMATCH	w32:411	out[0] max|delta|=1.000e+00 (rtol=0.0 atol=0.0)	n0*=any.all_out(L0,·)
SKIP	w32:421	executor ExecutorchInvalidArgumentException: [ExecuTorch Error 0x12] Invalid argument: Execution failed for method: forward	n0*=native_group_norm(L0,·,·,·,·,·,·,·)
CRASH	w31:96	executor unavailable	n0*=select_copy.int(L0,·,·)
CRASH	w32:15	executor unavailable	n0*=isinf(L0)
CRASH	w32:192	executor unavailable	n0*=ne.Tensor_out(L0,L1,·)
CRASH	w32:221	executor unavailable	n0*=div.out_mode(L0,L1,·,·)
MISMATCH	w32:454	out[0] max|delta|=1.000e+00 (rtol=0.0 atol=0.0)	n0*=sum.IntList_out(L0,·,·,·,·)
MISMATCH	w32:465	out[0] shape (0, 0, 0, 0) vs (0, 0, 0, 0, 0)	n0*=topk.values(L0,·,·,·,·,L1,L2)
CRASH	w32:256	executor unavailable	n0*=le.Scalar_out(L0,·,·)
CRASH	w32:272	executor unavailable	n0*=div.Scalar(L0,·)
MISMATCH	w32:481	out[0] non-finite mismatch (nan/inf positions differ)	n0*=gelu.out(L0,·,·)
CRASH	w32:33	executor unavailable	n0*=bitwise_or.Scalar(L0,·)
CRASH	w32:34	executor unavailable	n0*=select_scatter(L0,L1,·,·)
SKIP	w32:50	executor ExecutorchInvalidArgumentException: [ExecuTorch Error 0x12] Invalid argument: Execution failed for method: forward	n0*=_pdist_forward(L0,·)
SKIP	w32:503	executor ExecutorchInvalidArgumentException: [ExecuTorch Error 0x12] Invalid argument: Execution failed for method: forward	n0*=native_group_norm(L0,·,·,·,·,·,·,·)
SKIP	w32:506	executor ExecutorchInvalidArgumentException: [ExecuTorch Error 0x12] Invalid argument: Execution failed for method: forward	n0*=_pdist_forward(L0,·)
MISMATCH	w32:455	out[0] non-finite mismatch (nan/inf positions differ)	n0*=logit.out(L0,·,·)
CRASH	w32:380	executor unavailable	n0*=pow.Scalar_out(·,L0,·)
CRASH	w32:393	executor unavailable	n0*=atanh.out(L0,·)
SKIP	w32:467	executor ExecutorchInvalidArgumentException: [ExecuTorch Error 0x12] Invalid argument: Execution failed for method: forward	n0*=copy(L0,L1,·)
CRASH	w32:415	executor unavailable	n0*=logical_not.out(L0,·)
MISMATCH	w32:580	out[0] non-finite mismatch (nan/inf positions differ)	n0*=addmm.out(L0,L1,L2,·,·,·)
CRASH	w32:436	executor unavailable	n0*=mul.out(L0,L1,·)
SKIP	w32:624	executor ExecutorchInvalidArgumentException: [ExecuTorch Error 0x12] Invalid argument: Execution failed for method: forward	n0*=arange.start_out(·,·,·,·)
SKIP	w32:534	executor ExecutorchRuntimeException: [ExecuTorch Error 0x14] Operator missing: Execution failed for method: forward	n0*=_fft_r2c(L0,·,·,·)
SKIP	w32:649	executor ExecutorchInvalidArgumentException: [ExecuTorch Error 0x12] Invalid argument: Execution failed for method: forward	n0*=native_group_norm(L0,·,·,·,·,·,·,·)
MISMATCH	w32:673	out[0] max|delta|=2.013e+08 (rtol=0.0 atol=0.0)	n0*=bitwise_left_shift.Tensor_Scalar_out(L0,·,·)
MISMATCH	w32:676	out[0] max|delta|=9.223e+18 (rtol=0.0 atol=0.0)	n0*=bitwise_left_shift.Tensor_out(L0,L1,·)
MISMATCH	w32:683	out[0] non-finite mismatch (nan/inf positions differ)	n0*=logit.out(L0,·,·)
SKIP	w32:695	executor ExecutorchInvalidArgumentException: [ExecuTorch Error 0x12] Invalid argument: Execution failed for method: forward	n0*=copy(L0,L1,·)
SKIP	w32:731	executor ExecutorchInvalidArgumentException: [ExecuTorch Error 0x12] Invalid argument: Execution failed for method: forward	n0*=native_group_norm(L0,·,·,·,·,·,·,·)
SKIP	w32:734	executor ExecutorchInvalidArgumentException: [ExecuTorch Error 0x12] Invalid argument: Execution failed for method: forward	n0*=_pdist_forward(L0,·)
MISMATCH	w32:747	out[0] non-finite mismatch (nan/inf positions differ)	n0*=log.out(L0,·)
SKIP	w32:762	executor ExecutorchRuntimeException: [ExecuTorch Error 0x14] Operator missing: Execution failed for method: forward	n0*=_fft_r2c(L0,·,·,·)
SKIP	w32:772	executor ExecutorchRuntimeException: [ExecuTorch Error 0x1] Internal error: Execution failed for method: forward	n0*=pixel_unshuffle(L0,·)
CRASH	w32:501	executor unavailable	n0*=_native_batch_norm_legit.no_stats(L0,·,·,·,·,·)
CRASH	w32:529	executor unavailable	n0*=any.dims_out(L0,·,·,·)
CRASH	w32:554	executor unavailable	n0*=log10.out(L0,·)
CRASH	w32:597	executor unavailable	n0*=bitwise_left_shift.Tensor_Scalar(L0,·)
CRASH	w32:60	executor unavailable	n0*=mul.Scalar(L0,·)
SKIP	w33:105	executor ExecutorchInvalidArgumentException: [ExecuTorch Error 0x12] Invalid argument: Execution failed for method: forward	n0*=scatter_add.out(L0,·,L1,L2,·)
SKIP	w33:111	executor ExecutorchInvalidArgumentException: [ExecuTorch Error 0x12] Invalid argument: Execution failed for method: forward	n0*=expand_copy(L0,·,·)
MISMATCH	w33:117	out[0] max|delta|=2.550e+02 (rtol=0.0 atol=0.0)	n0*=prod(L0,·)
CRASH	w32:692	executor unavailable	n0*=narrow_copy(L0,·,·,·)
CRASH	w32:693	executor unavailable	n0*=topk.values(L0,·,·,·,·,L1,L2)
MISMATCH	w33:125	out[0] max|delta|=8.000e+00 (rtol=0.0 atol=0.0)	n0*=remainder.Scalar_out(L0,·,·)
CRASH	w32:712	executor unavailable	n0*=le.Scalar_out(L0,·,·)
SKIP	w33:130	executor ExecutorchInvalidArgumentException: [ExecuTorch Error 0x12] Invalid argument: Execution failed for method: forward	n0*=arange.start_out(·,·,·,·)
CRASH	w32:733	executor unavailable	n0*=div.out(L0,L1,·)
CRASH	w32:739	executor unavailable	n0*=arange.out(·,·)
SKIP	w33:155	executor ExecutorchInvalidArgumentException: [ExecuTorch Error 0x12] Invalid argument: Execution failed for method: forward	n0*=native_group_norm(L0,·,·,·,·,·,·,·)
CRASH	w32:76	executor unavailable	n0*=any.dims_out(L0,·,·,·)
MISMATCH	w33:182	out[0] max|delta|=6.918e+18 (rtol=0.01 atol=0.001)	n0*=bitwise_left_shift.Tensor_out(L0,L1,·)
SKIP	w33:194	executor ExecutorchInvalidArgumentException: [ExecuTorch Error 0x12] Invalid argument: Execution failed for method: forward	n0*=scatter.src_out(L0,·,L1,L2,·)
SKIP	w33:201	executor ExecutorchInvalidArgumentException: [ExecuTorch Error 0x12] Invalid argument: Execution failed for method: forward	n0*=copy(L0,L1,·)
CRASH	w32:78	executor unavailable	n0*=_fft_r2c(L0,·,·,·)
MISMATCH	w33:214	out[0] non-finite mismatch (nan/inf positions differ)	n0*=logit(L0,·)
MISMATCH	w33:215	out[0] non-finite mismatch (nan/inf positions differ)	n0*=gelu.out(L0,·,·)
SKIP	w33:237	executor ExecutorchInvalidArgumentException: [ExecuTorch Error 0x12] Invalid argument: Execution failed for method: forward	n0*=native_group_norm(L0,·,·,·,·,·,·,·)
MISMATCH	w33:25	out[0] non-finite mismatch (nan/inf positions differ)	n0*=log.out(L0,·)
MISMATCH	w33:253	out[0] non-finite mismatch (nan/inf positions differ)	n0*=log.out(L0,·)
SKIP	w33:268	executor ExecutorchRuntimeException: [ExecuTorch Error 0x14] Operator missing: Execution failed for method: forward	n0*=_fft_r2c(L0,·,·,·)
SKIP	w33:339	executor ExecutorchInvalidArgumentException: [ExecuTorch Error 0x12] Invalid argument: Execution failed for method: forward	n0*=expand_copy(L0,·,·)
SKIP	w33:352	executor ExecutorchRuntimeException: [ExecuTorch Error 0x1] Internal error: Execution failed for method: forward	n0*=pixel_unshuffle(L0,·)
SKIP	w33:358	executor ExecutorchInvalidArgumentException: [ExecuTorch Error 0x12] Invalid argument: Execution failed for method: forward	n0*=arange.start_out(·,·,·,·)
SKIP	w33:383	executor ExecutorchInvalidArgumentException: [ExecuTorch Error 0x12] Invalid argument: Execution failed for method: forward	n0*=native_group_norm(L0,·,·,·,·,·,·,·)
SKIP	w33:40	executor ExecutorchRuntimeException: [ExecuTorch Error 0x14] Operator missing: Execution failed for method: forward	n0*=_fft_r2c(L0,·,·,·)
MISMATCH	w33:417	out[0] non-finite mismatch (nan/inf positions differ)	n0*=logit.out(L0,·,·)
SKIP	w33:422	executor ExecutorchInvalidArgumentException: [ExecuTorch Error 0x12] Invalid argument: Execution failed for method: forward	n0*=scatter.src_out(L0,·,L1,L2,·)
SKIP	w33:429	executor ExecutorchInvalidArgumentException: [ExecuTorch Error 0x12] Invalid argument: Execution failed for method: forward	n0*=copy(L0,L1,·)
MISMATCH	w33:443	out[0] non-finite mismatch (nan/inf positions differ)	n0*=gelu.out(L0,·,·)
SKIP	w33:465	executor ExecutorchInvalidArgumentException: [ExecuTorch Error 0x12] Invalid argument: Execution failed for method: forward	n0*=native_group_norm(L0,·,·,·,·,·,·,·)
MISMATCH	w33:481	out[0] non-finite mismatch (nan/inf positions differ)	n0*=log.out(L0,·)
SKIP	w33:468	executor ExecutorchInvalidArgumentException: [ExecuTorch Error 0x12] Invalid argument: Execution failed for method: forward	n0*=_pdist_forward(L0,·)
SKIP	w33:496	executor ExecutorchRuntimeException: [ExecuTorch Error 0x14] Operator missing: Execution failed for method: forward	n0*=_fft_r2c(L0,·,·,·)
CRASH	w33:14	executor unavailable	n0*=clone(L0,·)
MISMATCH	w33:559	out[0] max|delta|=2.882e+17 (rtol=0.0 atol=0.0)	n0*=bitwise_left_shift.Tensor_Scalar(L0,·)
CRASH	w33:236	executor unavailable	n0*=ne.Scalar_out(L0,·,·)
CRASH	w33:282	executor unavailable	n0*=_upsample_bilinear2d_aa.out(L0,·,·,·,·,·)
CRASH	w33:315	executor unavailable	n0*=unfold_copy(L0,·,·,·)
CRASH	w33:404	executor unavailable	n0*=detach_copy(L0)
CRASH	w33:414	executor unavailable	n0*=abs.out(L0,·)
CRASH	w33:411	executor unavailable	n0*=div.out_mode(L0,L1,·,·)
SKIP	w33:586	executor ExecutorchInvalidArgumentException: [ExecuTorch Error 0x12] Invalid argument: Execution failed for method: forward	n0*=arange.start_out(·,·,·,·)
CRASH	w33:458	executor unavailable	n0*=max.dim_max(L0,·,·,L1,L2)
CRASH	w33:476	executor unavailable	n0*=_cdist_forward(L0,L1,·,·)
SKIP	w33:611	executor ExecutorchInvalidArgumentException: [ExecuTorch Error 0x12] Invalid argument: Execution failed for method: forward	n0*=native_group_norm(L0,·,·,·,·,·,·,·)
MISMATCH	w33:638	out[0] max|delta|=6.918e+18 (rtol=0.01 atol=0.001)	n0*=bitwise_left_shift.Tensor_out(L0,L1,·)
CRASH	w33:495	executor unavailable	n0*=where.self_out(L0,L1,L2,·)
MISMATCH	w33:655	out[0] shape (0, 0, 0, 0) vs (0, 0, 0, 0, 0)	n0*=topk.values(L0,·,·,·,·,L1,L2)
CRASH	w33:542	executor unavailable	n0*=addmm.out(L0,L1,L2,·,·,·)
CRASH	w33:544	executor unavailable	n0*=slice_copy.Tensor(L0,·,·,·,·)
SKIP	w33:693	executor ExecutorchInvalidArgumentException: [ExecuTorch Error 0x12] Invalid argument: Execution failed for method: forward	n0*=native_group_norm(L0,·,·,·,·,·,·,·)
SKIP	w33:696	executor ExecutorchInvalidArgumentException: [ExecuTorch Error 0x12] Invalid argument: Execution failed for method: forward	n0*=_pdist_forward(L0,·)
SKIP	w33:724	executor ExecutorchRuntimeException: [ExecuTorch Error 0x14] Operator missing: Execution failed for method: forward	n0*=_fft_r2c(L0,·,·,·)
SKIP	w33:9	executor ExecutorchInvalidArgumentException: [ExecuTorch Error 0x12] Invalid argument: Execution failed for method: forward	n0*=native_group_norm(L0,·,·,·,·,·,·,·)
SKIP	w34:116	executor ExecutorchInvalidArgumentException: [ExecuTorch Error 0x12] Invalid argument: Execution failed for method: forward	n0*=copy(L0,L1,·)
MISMATCH	w34:130	out[0] non-finite mismatch (nan/inf positions differ)	n0*=gelu.out(L0,·,·)
SKIP	w34:155	executor ExecutorchInvalidArgumentException: [ExecuTorch Error 0x12] Invalid argument: Execution failed for method: forward	n0*=_pdist_forward(L0,·)
SKIP	w34:183	executor ExecutorchRuntimeException: [ExecuTorch Error 0x14] Operator missing: Execution failed for method: forward	n0*=_fft_r2c(L0,·,·,·)
SKIP	w34:212	executor IllegalArgumentException: unsupported input dtype code 24 on Android	n0*=linear.out(L0,L1,·,·)
SKIP	w34:254	executor ExecutorchInvalidArgumentException: [ExecuTorch Error 0x12] Invalid argument: Execution failed for method: forward	n0*=expand_copy(L0,·,·)
SKIP	w34:26	executor ExecutorchInvalidArgumentException: [ExecuTorch Error 0x12] Invalid argument: Execution failed for method: forward	n0*=expand_copy(L0,·,·)
SKIP	w34:273	executor ExecutorchInvalidArgumentException: [ExecuTorch Error 0x12] Invalid argument: Execution failed for method: forward	n0*=arange.start_out(·,·,·,·)
MISMATCH	w34:290	out[0] non-finite mismatch (nan/inf positions differ)	n0*=grid_sampler_2d(L0,L1,·,·,·)
SKIP	w34:298	executor ExecutorchInvalidArgumentException: [ExecuTorch Error 0x12] Invalid argument: Execution failed for method: forward	n0*=native_group_norm(L0,·,·,·,·,·,·,·)
MISMATCH	w34:325	out[0] non-finite mismatch (nan/inf positions differ)	n0*=bitwise_left_shift.Tensor_out(L0,L1,·)
SKIP	w34:337	executor ExecutorchInvalidArgumentException: [ExecuTorch Error 0x12] Invalid argument: Execution failed for method: forward	n0*=scatter.src_out(L0,·,L1,L2,·)
MISMATCH	w34:358	out[0] non-finite mismatch (nan/inf positions differ)	n0*=gelu.out(L0,·,·)
MISMATCH	w34:378	out[0] max|delta|=3.999e-01 (rtol=0.01 atol=0.001)	n0*=_native_batch_norm_legit.no_stats(L0,·,·,·,·,·)
SKIP	w34:380	executor ExecutorchInvalidArgumentException: [ExecuTorch Error 0x12] Invalid argument: Execution failed for method: forward	n0*=native_group_norm(L0,·,·,·,·,·,·,·)
SKIP	w34:383	executor ExecutorchInvalidArgumentException: [ExecuTorch Error 0x12] Invalid argument: Execution failed for method: forward	n0*=_pdist_forward(L0,·)
CRASH	w33:674	executor unavailable	n0*=le.Scalar_out(L0,·,·)
CRASH	w33:79	executor unavailable	n0*=mm.out(L0,L1,·)
CRASH	w34:114	executor unavailable	n0*=topk.values(L0,·,·,·,·,L1,L2)
CRASH	w34:134	executor unavailable	n0*=reflection_pad2d(L0,·)
CRASH	w34:152	executor unavailable	n0*=native_group_norm(L0,·,·,·,·,·,·,·)
CRASH	w34:180	executor unavailable	n0*=clamp.Tensor_out(L0,·,·,·)
CRASH	w34:220	executor unavailable	n0*=bitwise_not.out(L0,·)
CRASH	w34:403	executor process died (native abort)	n0*=max_pool2d_with_indices_backward.grad_input(L0,L1,·,·,·,·,·,L2,L3)
SKIP	w34:411	executor ExecutorchRuntimeException: [ExecuTorch Error 0x14] Operator missing: Execution failed for method: forward	n0*=_fft_r2c(L0,·,·,·)
CRASH	w34:275	executor unavailable	n0*=select_copy.int(L0,·,·)
CRASH	w34:293	executor unavailable	n0*=convolution(L0,L1,·,·,·,·,·,·,·)
SKIP	w34:45	executor ExecutorchInvalidArgumentException: [ExecuTorch Error 0x12] Invalid argument: Execution failed for method: forward	n0*=arange.start_out(·,·,·,·)
SKIP	w34:482	executor ExecutorchInvalidArgumentException: [ExecuTorch Error 0x12] Invalid argument: Execution failed for method: forward	n0*=expand_copy(L0,·,·)
SKIP	w34:501	executor ExecutorchInvalidArgumentException: [ExecuTorch Error 0x12] Invalid argument: Execution failed for method: forward	n0*=arange.start_out(·,·,·,·)
CRASH	w34:343	executor unavailable	n0*=masked_fill.Scalar(L0,L1,·)
SKIP	w34:526	executor ExecutorchInvalidArgumentException: [ExecuTorch Error 0x12] Invalid argument: Execution failed for method: forward	n0*=native_group_norm(L0,·,·,·,·,·,·,·)
CRASH	w34:379	executor unavailable	n0*=ne.Scalar_out(L0,·,·)
MISMATCH	w34:553	out[0] max|delta|=6.918e+18 (rtol=0.01 atol=0.001)	n0*=bitwise_left_shift.Tensor_out(L0,L1,·)
MISMATCH	w34:560	out[0] non-finite mismatch (nan/inf positions differ)	n0*=logit.out(L0,·,·)
MISMATCH	w34:570	out[0] shape (0,) vs (0, 0)	n0*=topk.values(L0,·,·,·,·,L1,L2)
CRASH	w34:387	executor unavailable	n0*=bitwise_right_shift.Tensor_out(L0,L1,·)
SKIP	w34:611	executor ExecutorchInvalidArgumentException: [ExecuTorch Error 0x12] Invalid argument: Execution failed for method: forward	n0*=_pdist_forward(L0,·)
SKIP	w34:608	executor ExecutorchInvalidArgumentException: [ExecuTorch Error 0x12] Invalid argument: Execution failed for method: forward	n0*=native_group_norm(L0,·,·,·,·,·,·,·)
SKIP	w34:639	executor ExecutorchRuntimeException: [ExecuTorch Error 0x14] Operator missing: Execution failed for method: forward	n0*=_fft_r2c(L0,·,·,·)
SKIP	w34:668	executor IllegalArgumentException: unsupported input dtype code 24 on Android	n0*=linear.out(L0,L1,·,·)
SKIP	w34:521	executor ExecutorchInvalidArgumentException: [ExecuTorch Error 0x12] Invalid argument: Execution failed for method: forward	n0*=convolution(L0,L1,·,·,·,·,·,·,·)
SKIP	w34:70	executor ExecutorchInvalidArgumentException: [ExecuTorch Error 0x12] Invalid argument: Execution failed for method: forward	n0*=native_group_norm(L0,·,·,·,·,·,·,·)
SKIP	w34:710	executor ExecutorchInvalidArgumentException: [ExecuTorch Error 0x12] Invalid argument: Execution failed for method: forward	n0*=expand_copy(L0,·,·)
SKIP	w34:729	executor ExecutorchInvalidArgumentException: [ExecuTorch Error 0x12] Invalid argument: Execution failed for method: forward	n0*=arange.start_out(·,·,·,·)
MISMATCH	w34:745	out[0] max|delta|=1.000e+00 (rtol=0.0 atol=0.0)	n0*=prod.int_out(L0,·,·,·,·)
SKIP	w34:754	executor ExecutorchInvalidArgumentException: [ExecuTorch Error 0x12] Invalid argument: Execution failed for method: forward	n0*=native_group_norm(L0,·,·,·,·,·,·,·)
MISMATCH	w34:586	out[0] non-finite mismatch (nan/inf positions differ)	n0*=gelu.out(L0,·,·)
MISMATCH	w34:778	out[0] max|delta|=1.611e+09 (rtol=0.0 atol=0.0)	n0*=bitwise_left_shift.Tensor_Scalar_out(L0,·,·)
MISMATCH	w34:781	out[0] max|delta|=6.918e+18 (rtol=0.01 atol=0.001)	n0*=bitwise_left_shift.Tensor_out(L0,L1,·)
CRASH	w34:631	executor process died (native abort)	n0*=max_pool2d_with_indices_backward.grad_input(L0,L1,·,·,·,·,·,L2,L3)
SKIP	w35:123	executor ExecutorchInvalidArgumentException: [ExecuTorch Error 0x12] Invalid argument: Execution failed for method: forward	n0*=arange.start_out(·,·,·,·)
SKIP	w35:148	executor ExecutorchInvalidArgumentException: [ExecuTorch Error 0x12] Invalid argument: Execution failed for method: forward	n0*=native_group_norm(L0,·,·,·,·,·,·,·)
MISMATCH	w35:172	out[0] max|delta|=5.765e+17 (rtol=0.01 atol=0.001)	n0*=bitwise_left_shift.Tensor_Scalar_out(L0,·,·)
MISMATCH	w35:182	out[0] non-finite mismatch (nan/inf positions differ)	n0*=logit.out(L0,·,·)
MISMATCH	w35:208	out[0] non-finite mismatch (nan/inf positions differ)	n0*=gelu.out(L0,·,·)
CRASH	w34:5	executor unavailable	n0*=narrow_copy.out(L0,·,·,·,·)
CRASH	w34:550	executor unavailable	n0*=bitwise_left_shift.Tensor_Scalar_out(L0,·,·)
SKIP	w35:230	executor ExecutorchInvalidArgumentException: [ExecuTorch Error 0x12] Invalid argument: Execution failed for method: forward	n0*=native_group_norm(L0,·,·,·,·,·,·,·)
CRASH	w34:665	executor unavailable	n0*=log1p.out(L0,·)
SKIP	w35:233	executor ExecutorchInvalidArgumentException: [ExecuTorch Error 0x12] Invalid argument: Execution failed for method: forward	n0*=_pdist_forward(L0,·)
CRASH	w34:693	executor unavailable	n0*=sub.out(L0,L1,·,·)
CRASH	w34:694	executor unavailable	n0*=mean(L0,·)
MISMATCH	w35:246	out[0] non-finite mismatch (nan/inf positions differ)	n0*=log.out(L0,·)
SKIP	w35:261	executor ExecutorchRuntimeException: [ExecuTorch Error 0x14] Operator missing: Execution failed for method: forward	n0*=_fft_r2c(L0,·,·,·)
CRASH	w35:104	executor unavailable	n0*=expand_copy(L0,·,·)
MISMATCH	w35:324	out[0] max|delta|=9.223e+18 (rtol=0.0 atol=0.0)	n0*=bitwise_left_shift.Tensor_Scalar(L0,·)
CRASH	w35:125	executor unavailable	n0*=select_copy.int(L0,·,·)
SKIP	w35:33	executor ExecutorchRuntimeException: [ExecuTorch Error 0x14] Operator missing: Execution failed for method: forward	n0*=_fft_r2c(L0,·,·,·)
CRASH	w35:128	executor unavailable	n0*=var.correction(L0,·,·,·)
SKIP	w35:351	executor ExecutorchInvalidArgumentException: [ExecuTorch Error 0x12] Invalid argument: Execution failed for method: forward	n0*=arange.start_out(·,·,·,·)
SKIP	w35:352	executor ExecutorchInvalidArgumentException: [ExecuTorch Error 0x12] Invalid argument: Execution failed for method: forward	n0*=gather.out(L0,·,L1,·,·)
CRASH	w35:183	executor unavailable	n0*=lt.Tensor_out(L0,L1,·)
CRASH	w35:192	executor unavailable	n0*=topk.values(L0,·,·,·,·,L1,L2)
CRASH	w35:20	executor unavailable	n0*=isnan(L0)
SKIP	w35:376	executor ExecutorchInvalidArgumentException: [ExecuTorch Error 0x12] Invalid argument: Execution failed for method: forward	n0*=native_group_norm(L0,·,·,·,·,·,·,·)
MISMATCH	w35:338	out[0] max|delta|=1.000e+00 (rtol=0.0 atol=0.0)	n0*=prod(L0,·)
MISMATCH	w35:400	out[0] max|delta|=3.459e+18 (rtol=0.0 atol=0.0)	n0*=bitwise_left_shift.Tensor_Scalar_out(L0,·,·)
MISMATCH	w35:403	out[0] max|delta|=1.611e+09 (rtol=0.0 atol=0.0)	n0*=bitwise_left_shift.Tensor_out(L0,L1,·)
MISMATCH	w35:410	out[0] non-finite mismatch (nan/inf positions differ)	n0*=logit.out(L0,·,·)
SKIP	w35:422	executor ExecutorchInvalidArgumentException: [ExecuTorch Error 0x12] Invalid argument: Execution failed for method: forward	n0*=copy(L0,L1,·)
SKIP	w35:43	executor ExecutorchRuntimeException: [ExecuTorch Error 0x1] Internal error: Execution failed for method: forward	n0*=pixel_unshuffle(L0,·)
CRASH	w35:222	executor unavailable	n0*=fmod.Scalar(L0,·)
SKIP	w35:458	executor ExecutorchInvalidArgumentException: [ExecuTorch Error 0x12] Invalid argument: Execution failed for method: forward	n0*=native_group_norm(L0,·,·,·,·,·,·,·)
SKIP	w35:461	executor ExecutorchInvalidArgumentException: [ExecuTorch Error 0x12] Invalid argument: Execution failed for method: forward	n0*=_pdist_forward(L0,·)
MISMATCH	w35:366	out[0] max|delta|=1.000e+00 (rtol=0.0 atol=0.0)	n0*=any.all_out(L0,·)
SKIP	w35:489	executor ExecutorchRuntimeException: [ExecuTorch Error 0x14] Operator missing: Execution failed for method: forward	n0*=_fft_r2c(L0,·,·,·)
SKIP	w35:5	executor ExecutorchInvalidArgumentException: [ExecuTorch Error 0x12] Invalid argument: Execution failed for method: forward	n0*=_pdist_forward(L0,·)
SKIP	w35:554	executor ExecutorchInvalidArgumentException: [ExecuTorch Error 0x12] Invalid argument: Execution failed for method: forward	n0*=scatter_add.out(L0,·,L1,L2,·)
SKIP	w35:560	executor ExecutorchInvalidArgumentException: [ExecuTorch Error 0x12] Invalid argument: Execution failed for method: forward	n0*=expand_copy(L0,·,·)
SKIP	w35:579	executor ExecutorchInvalidArgumentException: [ExecuTorch Error 0x12] Invalid argument: Execution failed for method: forward	n0*=arange.start_out(·,·,·,·)
CRASH	w35:277	executor unavailable	n0*=bitwise_and.Tensor_out(L0,L1,·)
CRASH	w35:334	executor unavailable	n0*=bitwise_or.Tensor_out(L0,L1,·)
CRASH	w35:353	executor unavailable	n0*=select_copy.int(L0,·,·)
CRASH	w35:358	executor unavailable	n0*=sub.Scalar(L0,·,·)
SKIP	w35:604	executor ExecutorchInvalidArgumentException: [ExecuTorch Error 0x12] Invalid argument: Execution failed for method: forward	n0*=native_group_norm(L0,·,·,·,·,·,·,·)
CRASH	w35:386	executor unavailable	n0*=where.self(L0,L1,L2)
MISMATCH	w35:628	out[0] max|delta|=4.612e+18 (rtol=0.0 atol=0.0)	n0*=bitwise_left_shift.Tensor_Scalar_out(L0,·,·)
CRASH	w35:435	executor unavailable	n0*=logit(L0,·)
MISMATCH	w35:648	out[0] shape (0, 0, 0) vs (0, 0, 0, 0, 0)	n0*=topk.values(L0,·,·,·,·,L1,L2)
SKIP	w35:650	executor ExecutorchInvalidArgumentException: [ExecuTorch Error 0x12] Invalid argument: Execution failed for method: forward	n0*=copy(L0,L1,·)
MISMATCH	w35:664	out[0] non-finite mismatch (nan/inf positions differ)	n0*=gelu.out(L0,·,·)
CRASH	w35:459	executor unavailable	n0*=cosh.out(L0,·)
CRASH	w35:462	executor unavailable	n0*=reflection_pad1d.out(L0,·,·)
SKIP	w35:686	executor ExecutorchInvalidArgumentException: [ExecuTorch Error 0x12] Invalid argument: Execution failed for method: forward	n0*=native_group_norm(L0,·,·,·,·,·,·,·)
MISMATCH	w35:702	out[0] non-finite mismatch (nan/inf positions differ)	n0*=log.out(L0,·)
SKIP	w35:717	executor ExecutorchRuntimeException: [ExecuTorch Error 0x14] Operator missing: Execution failed for method: forward	n0*=_fft_r2c(L0,·,·,·)
MISMATCH	w35:722	out[0] non-finite mismatch (nan/inf positions differ)	n0*=native_layer_norm(L0,·,·,·,·)
CRASH	w35:525	executor unavailable	n0*=floor_divide(L0,L1)
CRASH	w35:537	executor unavailable	n0*=slice_copy.Tensor(L0,·,·,·,·)
MISMATCH	w35:96	out[0] max|delta|=1.153e+18 (rtol=0.0 atol=0.0)	n0*=bitwise_left_shift.Tensor_Scalar(L0,·)
SKIP	w35:689	executor ExecutorchInvalidArgumentException: [ExecuTorch Error 0x12] Invalid argument: Execution failed for method: forward	n0*=_pdist_forward(L0,·)
MISMATCH	w36:112	out[0] max|delta|=6.000e+00 (rtol=0.0 atol=0.0)	n0*=remainder.Scalar_out(L0,·,·)
SKIP	w36:117	executor ExecutorchInvalidArgumentException: [ExecuTorch Error 0x12] Invalid argument: Execution failed for method: forward	n0*=arange.start_out(·,·,·,·)
MISMATCH	w36:12	out[0] non-finite mismatch (nan/inf positions differ)	n0*=log.out(L0,·)
CRASH	w35:574	executor unavailable	n0*=remainder.Scalar_out(L0,·,·)
SKIP	w36:142	executor ExecutorchInvalidArgumentException: [ExecuTorch Error 0x12] Invalid argument: Execution failed for method: forward	n0*=native_group_norm(L0,·,·,·,·,·,·,·)
MISMATCH	w36:166	out[0] max|delta|=7.206e+16 (rtol=0.01 atol=0.001)	n0*=bitwise_left_shift.Tensor_Scalar_out(L0,·,·)
CRASH	w35:591	executor unavailable	n0*=flip(L0,·)
MISMATCH	w36:186	out[0] shape (0, 0, 0, 0) vs (0, 0, 0, 0, 0)	n0*=topk.values(L0,·,·,·,·,L1,L2)
SKIP	w36:188	executor ExecutorchInvalidArgumentException: [ExecuTorch Error 0x12] Invalid argument: Execution failed for method: forward	n0*=copy(L0,L1,·)
MISMATCH	w36:215	out[0] max|delta|=4.000e+00 (rtol=0.0 atol=0.0)	n0*=remainder.Tensor_out(L0,L1,·)
MISMATCH	w36:222	out[0] max|delta|=3.999e-01 (rtol=0.01 atol=0.001)	n0*=_native_batch_norm_legit.no_stats(L0,·,·,·,·,·)
SKIP	w36:227	executor ExecutorchInvalidArgumentException: [ExecuTorch Error 0x12] Invalid argument: Execution failed for method: forward	n0*=_pdist_forward(L0,·)
SKIP	w36:255	executor ExecutorchRuntimeException: [ExecuTorch Error 0x14] Operator missing: Execution failed for method: forward	n0*=_fft_r2c(L0,·,·,·)
SKIP	w36:27	executor ExecutorchRuntimeException: [ExecuTorch Error 0x14] Operator missing: Execution failed for method: forward	n0*=_fft_r2c(L0,·,·,·)
MISMATCH	w36:318	out[0] max|delta|=4.323e+17 (rtol=0.0 atol=0.0)	n0*=bitwise_left_shift.Tensor_Scalar(L0,·)
SKIP	w36:326	executor ExecutorchInvalidArgumentException: [ExecuTorch Error 0x12] Invalid argument: Execution failed for method: forward	n0*=expand_copy(L0,·,·)
MISMATCH	w36:332	out[0] max|delta|=1.000e+00 (rtol=0.0 atol=0.0)	n0*=prod(L0,·)
CRASH	w35:716	executor unavailable	n0*=where.self_out(L0,L1,L2,·)
CRASH	w35:732	executor unavailable	n0*=logical_xor.out(L0,L1,·)
CRASH	w35:771	executor unavailable	n0*=sub.out(L0,L1,·,·)
CRASH	w35:91	executor unavailable	n0*=max(L0)
CRASH	w36:115	executor unavailable	n0*=_adaptive_avg_pool2d(L0,·)
SKIP	w36:345	executor ExecutorchInvalidArgumentException: [ExecuTorch Error 0x12] Invalid argument: Execution failed for method: forward	n0*=arange.start_out(·,·,·,·)
CRASH	w36:157	executor unavailable	n0*=mul.out(L0,L1,·)
CRASH	w36:163	executor unavailable	n0*=detach_copy(L0)
SKIP	w36:370	executor ExecutorchInvalidArgumentException: [ExecuTorch Error 0x12] Invalid argument: Execution failed for method: forward	n0*=native_group_norm(L0,·,·,·,·,·,·,·)
MISMATCH	w36:397	out[0] max|delta|=6.918e+18 (rtol=0.01 atol=0.001)	n0*=bitwise_left_shift.Tensor_out(L0,L1,·)
CRASH	w36:22	executor unavailable	n0*=any.dims_out(L0,·,·,·)
MISMATCH	w36:414	out[0] shape (1, 1) vs (0, 0, 0, 0, 0)	n0*=topk.values(L0,·,·,·,·,L1,L2)
MISMATCH	w36:430	out[0] non-finite mismatch (nan/inf positions differ)	n0*=gelu.out(L0,·,·)
MISMATCH	w36:443	out[0] max|delta|=4.000e+00 (rtol=0.01 atol=0.001)	n0*=remainder.Tensor_out(L0,L1,·)
SKIP	w36:452	executor ExecutorchInvalidArgumentException: [ExecuTorch Error 0x12] Invalid argument: Execution failed for method: forward	n0*=native_group_norm(L0,·,·,·,·,·,·,·)
SKIP	w36:455	executor ExecutorchInvalidArgumentException: [ExecuTorch Error 0x12] Invalid argument: Execution failed for method: forward	n0*=_pdist_forward(L0,·)
MISMATCH	w36:468	out[0] non-finite mismatch (nan/inf positions differ)	n0*=log.out(L0,·)
SKIP	w36:483	executor ExecutorchRuntimeException: [ExecuTorch Error 0x14] Operator missing: Execution failed for method: forward	n0*=_fft_r2c(L0,·,·,·)
CRASH	w36:288	executor unavailable	n0*=logical_xor(L0,L1)
CRASH	w36:31	executor unavailable	n0*=log2.out(L0,·)
SKIP	w36:512	executor IllegalArgumentException: unsupported input dtype code 24 on Android	n0*=linear.out(L0,L1,·,·)
MISMATCH	w36:546	out[0] max|delta|=2.306e+18 (rtol=0.0 atol=0.0)	n0*=bitwise_left_shift.Tensor_Scalar(L0,·)
CRASH	w36:330	executor unavailable	n0*=exp.out(L0,·)
MISMATCH	w36:560	out[0] max|delta|=1.000e+00 (rtol=0.0 atol=0.0)	n0*=prod(L0,·)
CRASH	w36:336	executor unavailable	n0*=native_layer_norm(L0,·,·,·,·)
SKIP	w36:573	executor ExecutorchInvalidArgumentException: [ExecuTorch Error 0x12] Invalid argument: Execution failed for method: forward	n0*=arange.start_out(·,·,·,·)
SKIP	w36:598	executor ExecutorchInvalidArgumentException: [ExecuTorch Error 0x12] Invalid argument: Execution failed for method: forward	n0*=native_group_norm(L0,·,·,·,·,·,·,·)
MISMATCH	w36:622	out[0] non-finite mismatch (nan/inf positions differ)	n0*=bitwise_left_shift.Tensor_Scalar_out(L0,·,·)
MISMATCH	w36:625	out[0] max|delta|=6.918e+18 (rtol=0.0 atol=0.0)	n0*=bitwise_left_shift.Tensor_out(L0,L1,·)
MISMATCH	w36:631	out[0] max|delta|=2.550e+02 (rtol=0.0 atol=0.0)	n0*=sum.IntList_out(L0,·,·,·,·)
MISMATCH	w36:642	out[0] shape (1, 1, 1, 1) vs (0, 0, 0, 0, 0)	n0*=topk.values(L0,·,·,·,·,L1,L2)
SKIP	w36:644	executor ExecutorchInvalidArgumentException: [ExecuTorch Error 0x12] Invalid argument: Execution failed for method: forward	n0*=copy(L0,L1,·)
MISMATCH	w36:658	out[0] non-finite mismatch (nan/inf positions differ)	n0*=gelu.out(L0,·,·)
SKIP	w36:683	executor ExecutorchInvalidArgumentException: [ExecuTorch Error 0x12] Invalid argument: Execution failed for method: forward	n0*=_pdist_forward(L0,·)
MISMATCH	w36:696	out[0] non-finite mismatch (nan/inf positions differ)	n0*=log.out(L0,·)
SKIP	w36:711	executor ExecutorchRuntimeException: [ExecuTorch Error 0x14] Operator missing: Execution failed for method: forward	n0*=_fft_r2c(L0,·,·,·)
CRASH	w36:40	executor unavailable	n0*=t_copy(L0)
CRASH	w36:475	executor unavailable	n0*=max_pool2d_with_indices_backward.grad_input(L0,L1,·,·,·,·,·,L2,L3)
CRASH	w36:519	executor unavailable	n0*=floor_divide(L0,L1)
MISMATCH	w36:774	out[0] max|delta|=5.765e+17 (rtol=0.0 atol=0.0)	n0*=bitwise_left_shift.Tensor_Scalar(L0,·)
CRASH	w36:544	executor unavailable	n0*=sqrt.out(L0,·)
CRASH	w36:608	executor unavailable	n0*=where.self(L0,L1,L2)
CRASH	w36:605	executor unavailable	n0*=amin.out(L0,·,·,·)
SKIP	w36:98	executor ExecutorchInvalidArgumentException: [ExecuTorch Error 0x12] Invalid argument: Execution failed for method: forward	n0*=expand_copy(L0,·,·)
SKIP	w37:1	executor ExecutorchInvalidArgumentException: [ExecuTorch Error 0x12] Invalid argument: Execution failed for method: forward	n0*=_pdist_forward(L0,·)
CRASH	w36:634	executor unavailable	n0*=diagonal_copy(L0,·,·,·)
SKIP	w37:119	executor ExecutorchInvalidArgumentException: [ExecuTorch Error 0x12] Invalid argument: Execution failed for method: forward	n0*=arange.start_out(·,·,·,·)
MISMATCH	w37:136	out[0] non-finite mismatch (nan/inf positions differ)	n0*=grid_sampler_2d(L0,L1,·,·,·)
MISMATCH	w37:14	out[0] non-finite mismatch (nan/inf positions differ)	n0*=log.out(L0,·)
CRASH	w36:682	executor unavailable	n0*=div.out(L0,L1,·)
SKIP	w37:144	executor ExecutorchInvalidArgumentException: [ExecuTorch Error 0x12] Invalid argument: Execution failed for method: forward	n0*=native_group_norm(L0,·,·,·,·,·,·,·)
CRASH	w36:722	executor unavailable	n0*=rsqrt.out(L0,·)
CRASH	w36:721	executor unavailable	n0*=pixel_unshuffle(L0,·)
MISMATCH	w37:177	out[0] max|delta|=1.000e+00 (rtol=0.0 atol=0.0)	n0*=sum.IntList_out(L0,·,·,·,·)
CRASH	w36:758	executor unavailable	n0*=unfold_copy(L0,·,·,·)
CRASH	w36:759	executor unavailable	n0*=slice_copy.Tensor(L0,·,·,·,·)
SKIP	w37:226	executor ExecutorchInvalidArgumentException: [ExecuTorch Error 0x12] Invalid argument: Execution failed for method: forward	n0*=native_group_norm(L0,·,·,·,·,·,·,·)
MISMATCH	w36:90	out[0] max|delta|=2.684e+08 (rtol=0.0 atol=0.0)	n0*=bitwise_left_shift.Tensor_Scalar(L0,·)
SKIP	w37:229	executor ExecutorchInvalidArgumentException: [ExecuTorch Error 0x12] Invalid argument: Execution failed for method: forward	n0*=_pdist_forward(L0,·)
SKIP	w37:257	executor ExecutorchRuntimeException: [ExecuTorch Error 0x14] Operator missing: Execution failed for method: forward	n0*=_fft_r2c(L0,·,·,·)
SKIP	w37:29	executor ExecutorchRuntimeException: [ExecuTorch Error 0x14] Operator missing: Execution failed for method: forward	n0*=_fft_r2c(L0,·,·,·)
MISMATCH	w37:171	out[0] max|delta|=6.918e+18 (rtol=0.0 atol=0.0)	n0*=bitwise_left_shift.Tensor_out(L0,L1,·)
MISMATCH	w37:334	out[0] max|delta|=1.000e+00 (rtol=0.0 atol=0.0)	n0*=prod(L0,·)
MISMATCH	w37:338	out[0] non-finite mismatch (nan/inf positions differ)	n0*=native_layer_norm(L0,·,·,·,·)
MISMATCH	w37:342	out[0] max|delta|=8.000e+00 (rtol=0.0 atol=0.0)	n0*=remainder.Scalar_out(L0,·,·)
SKIP	w37:347	executor ExecutorchInvalidArgumentException: [ExecuTorch Error 0x12] Invalid argument: Execution failed for method: forward	n0*=arange.start_out(·,·,·,·)
MISMATCH	w37:364	out[0] non-finite mismatch (nan/inf positions differ)	n0*=grid_sampler_2d(L0,L1,·,·,·)
SKIP	w37:372	executor ExecutorchInvalidArgumentException: [ExecuTorch Error 0x12] Invalid argument: Execution failed for method: forward	n0*=native_group_norm(L0,·,·,·,·,·,·,·)
MISMATCH	w37:399	out[0] non-finite mismatch (nan/inf positions differ)	n0*=bitwise_left_shift.Tensor_out(L0,L1,·)
MISMATCH	w37:416	out[0] max|delta|=3.000e+00 (rtol=0.0 atol=0.0)	n0*=topk.values(L0,·,·,·,·,L1,L2)
MISMATCH	w37:432	out[0] non-finite mismatch (nan/inf positions differ)	n0*=gelu.out(L0,·,·)
MISMATCH	w37:452	out[0] max|delta|=3.999e-01 (rtol=0.01 atol=0.001)	n0*=_native_batch_norm_legit.no_stats(L0,·,·,·,·,·)
SKIP	w37:454	executor ExecutorchInvalidArgumentException: [ExecuTorch Error 0x12] Invalid argument: Execution failed for method: forward	n0*=native_group_norm(L0,·,·,·,·,·,·,·)
SKIP	w37:457	executor ExecutorchInvalidArgumentException: [ExecuTorch Error 0x12] Invalid argument: Execution failed for method: forward	n0*=_pdist_forward(L0,·)
MISMATCH	w37:470	out[0] non-finite mismatch (nan/inf positions differ)	n0*=log.out(L0,·)
SKIP	w37:485	executor ExecutorchRuntimeException: [ExecuTorch Error 0x14] Operator missing: Execution failed for method: forward	n0*=_fft_r2c(L0,·,·,·)
MISMATCH	w37:548	out[0] max|delta|=5.765e+17 (rtol=0.0 atol=0.0)	n0*=bitwise_left_shift.Tensor_Scalar(L0,·)
SKIP	w37:575	executor ExecutorchInvalidArgumentException: [ExecuTorch Error 0x12] Invalid argument: Execution failed for method: forward	n0*=arange.start_out(·,·,·,·)
SKIP	w37:58	executor IllegalArgumentException: unsupported input dtype code 24 on Android	n0*=linear.out(L0,L1,·,·)
SKIP	w37:600	executor ExecutorchInvalidArgumentException: [ExecuTorch Error 0x12] Invalid argument: Execution failed for method: forward	n0*=native_group_norm(L0,·,·,·,·,·,·,·)
MISMATCH	w37:627	out[0] max|delta|=9.223e+18 (rtol=0.0 atol=0.0)	n0*=bitwise_left_shift.Tensor_out(L0,L1,·)
CRASH	w37:126	executor unavailable	n0*=sub.Scalar(L0,·,·)
CRASH	w37:190	executor unavailable	n0*=copy(L0,L1,·)
CRASH	w37:223	executor unavailable	n0*=div.Scalar(L0,·)
CRASH	w37:224	executor unavailable	n0*=_native_batch_norm_legit.no_stats(L0,·,·,·,·,·)
SKIP	w37:646	executor ExecutorchInvalidArgumentException: [ExecuTorch Error 0x12] Invalid argument: Execution failed for method: forward	n0*=copy(L0,L1,·)
CRASH	w37:295	executor unavailable	n0*=ge.Scalar_out(L0,·,·)
MISMATCH	w37:660	out[0] non-finite mismatch (nan/inf positions differ)	n0*=gelu.out(L0,·,·)
MISMATCH	w37:634	out[0] non-finite mismatch (nan/inf positions differ)	n0*=logit.out(L0,·,·)
MISMATCH	w37:673	out[0] max|delta|=4.000e+00 (rtol=0.0 atol=0.0)	n0*=remainder.Tensor_out(L0,L1,·)
SKIP	w37:682	executor ExecutorchInvalidArgumentException: [ExecuTorch Error 0x12] Invalid argument: Execution failed for method: forward	n0*=native_group_norm(L0,·,·,·,·,·,·,·)
SKIP	w37:685	executor ExecutorchInvalidArgumentException: [ExecuTorch Error 0x12] Invalid argument: Execution failed for method: forward	n0*=_pdist_forward(L0,·)
CRASH	w37:371	executor unavailable	n0*=ne.Tensor_out(L0,L1,·)
SKIP	w37:713	executor ExecutorchRuntimeException: [ExecuTorch Error 0x14] Operator missing: Execution failed for method: forward	n0*=_fft_r2c(L0,·,·,·)
SKIP	w37:742	executor IllegalArgumentException: unsupported input dtype code 24 on Android	n0*=linear.out(L0,L1,·,·)
CRASH	w37:469	executor unavailable	n0*=pixel_shuffle(L0,·)
CRASH	w37:526	executor unavailable	n0*=full.out(·,·,·)
MISMATCH	w37:92	out[0] max|delta|=7.206e+16 (rtol=0.0 atol=0.0)	n0*=bitwise_left_shift.Tensor_Scalar(L0,·)
SKIP	w38:102	executor ExecutorchInvalidArgumentException: [ExecuTorch Error 0x12] Invalid argument: Execution failed for method: forward	n0*=arange.start_out(·,·,·,·)
MISMATCH	w38:118	out[0] max|delta|=2.550e+02 (rtol=0.0 atol=0.0)	n0*=prod.int_out(L0,·,·,·,·)
SKIP	w38:12	executor ExecutorchRuntimeException: [ExecuTorch Error 0x14] Operator missing: Execution failed for method: forward	n0*=_fft_r2c(L0,·,·,·)
CRASH	w37:597	executor unavailable	n0*=glu.out(L0,·,·)
CRASH	w37:610	executor unavailable	n0*=where.self(L0,L1,L2)
CRASH	w37:613	executor unavailable	n0*=round.out(L0,·)
MISMATCH	w38:151	out[0] max|delta|=1.441e+17 (rtol=0.01 atol=0.001)	n0*=bitwise_left_shift.Tensor_Scalar_out(L0,·,·)
MISMATCH	w38:154	out[0] max|delta|=9.223e+18 (rtol=0.01 atol=0.001)	n0*=bitwise_left_shift.Tensor_out(L0,L1,·)
CRASH	w37:632	executor unavailable	n0*=index_put(L0,·,L1,·)
MISMATCH	w38:171	out[0] shape (1, 1, 1, 1, 1) vs (0, 0, 0, 0, 0)	n0*=topk.values(L0,·,·,·,·,L1,L2)
MISMATCH	w38:187	out[0] non-finite mismatch (nan/inf positions differ)	n0*=gelu.out(L0,·,·)
SKIP	w38:209	executor ExecutorchInvalidArgumentException: [ExecuTorch Error 0x12] Invalid argument: Execution failed for method: forward	n0*=native_group_norm(L0,·,·,·,·,·,·,·)
SKIP	w38:212	executor ExecutorchInvalidArgumentException: [ExecuTorch Error 0x12] Invalid argument: Execution failed for method: forward	n0*=_pdist_forward(L0,·)
SKIP	w38:224	executor ExecutorchRuntimeException: [ExecuTorch Error 0x1] Internal error: Execution failed for method: forward	n0*=pixel_shuffle(L0,·)
SKIP	w38:240	executor ExecutorchRuntimeException: [ExecuTorch Error 0x14] Operator missing: Execution failed for method: forward	n0*=_fft_r2c(L0,·,·,·)
MISMATCH	w38:296	out[0] max|delta|=7.000e+00 (rtol=0.0 atol=0.0)	n0*=remainder.Scalar(L0,·)
SKIP	w38:305	executor ExecutorchInvalidArgumentException: [ExecuTorch Error 0x12] Invalid argument: Execution failed for method: forward	n0*=scatter_add.out(L0,·,L1,L2,·)
SKIP	w38:311	executor ExecutorchInvalidArgumentException: [ExecuTorch Error 0x12] Invalid argument: Execution failed for method: forward	n0*=expand_copy(L0,·,·)
SKIP	w38:330	executor ExecutorchInvalidArgumentException: [ExecuTorch Error 0x12] Invalid argument: Execution failed for method: forward	n0*=arange.start_out(·,·,·,·)
CRASH	w37:705	executor unavailable	n0*=max_pool2d_with_indices_backward.grad_input(L0,L1,·,·,·,·,·,L2,L3)
CRASH	w37:733	executor unavailable	n0*=log10.out(L0,·)
CRASH	w37:743	executor unavailable	n0*=unbind_copy.int(L0,·)
CRASH	w37:77	executor unavailable	n0*=slice_copy.Tensor(L0,·,·,·,·)
SKIP	w38:355	executor ExecutorchInvalidArgumentException: [ExecuTorch Error 0x12] Invalid argument: Execution failed for method: forward	n0*=native_group_norm(L0,·,·,·,·,·,·,·)
MISMATCH	w38:382	out[0] non-finite mismatch (nan/inf positions differ)	n0*=bitwise_left_shift.Tensor_out(L0,L1,·)
MISMATCH	w38:399	out[0] shape (1, 1, 1, 1, 1) vs (0, 0, 0, 0, 0)	n0*=topk.values(L0,·,·,·,·,L1,L2)
SKIP	w38:401	executor ExecutorchInvalidArgumentException: [ExecuTorch Error 0x12] Invalid argument: Execution failed for method: forward	n0*=copy(L0,L1,·)
SKIP	w38:41	executor IllegalArgumentException: unsupported input dtype code 24 on Android	n0*=linear.out(L0,L1,·,·)
MISMATCH	w38:415	out[0] non-finite mismatch (nan/inf positions differ)	n0*=gelu.out(L0,·,·)
CRASH	w38:127	executor unavailable	n0*=native_group_norm(L0,·,·,·,·,·,·,·)
MISMATCH	w38:430	out[0] shape (1, 1, 1, 1) vs (0, 0, 0, 0, 0)	n0*=max.dim_max(L0,·,·,L1,L2)
SKIP	w38:437	executor ExecutorchInvalidArgumentException: [ExecuTorch Error 0x12] Invalid argument: Execution failed for method: forward	n0*=native_group_norm(L0,·,·,·,·,·,·,·)
SKIP	w38:440	executor ExecutorchInvalidArgumentException: [ExecuTorch Error 0x12] Invalid argument: Execution failed for method: forward	n0*=_pdist_forward(L0,·)
CRASH	w38:197	executor unavailable	n0*=acosh.out(L0,·)
CRASH	w38:204	executor unavailable	n0*=atan.out(L0,·)
SKIP	w38:468	executor ExecutorchRuntimeException: [ExecuTorch Error 0x14] Operator missing: Execution failed for method: forward	n0*=_fft_r2c(L0,·,·,·)
CRASH	w38:239	executor unavailable	n0*=where.self_out(L0,L1,L2,·)
CRASH	w38:277	executor unavailable	n0*=bitwise_not.out(L0,·)
CRASH	w38:31	executor unavailable	n0*=leaky_relu.out(L0,·,·)
CRASH	w38:313	executor unavailable	n0*=bitwise_or.Tensor_out(L0,L1,·)
SKIP	w38:539	executor ExecutorchInvalidArgumentException: [ExecuTorch Error 0x12] Invalid argument: Execution failed for method: forward	n0*=expand_copy(L0,·,·)
MISMATCH	w38:545	out[0] max|delta|=1.000e+00 (rtol=0.0 atol=0.0)	n0*=prod(L0,·)
SKIP	w38:558	executor ExecutorchInvalidArgumentException: [ExecuTorch Error 0x12] Invalid argument: Execution failed for method: forward	n0*=arange.start_out(·,·,·,·)
MISMATCH	w38:575	out[0] non-finite mismatch (nan/inf positions differ)	n0*=grid_sampler_2d(L0,L1,·,·,·)
SKIP	w38:583	executor ExecutorchInvalidArgumentException: [ExecuTorch Error 0x12] Invalid argument: Execution failed for method: forward	n0*=native_group_norm(L0,·,·,·,·,·,·,·)
CRASH	w38:353	executor unavailable	n0*=logical_or(L0,L1)
MISMATCH	w38:681	out[0] non-finite mismatch (nan/inf positions differ)	n0*=log.out(L0,·)
SKIP	w38:696	executor ExecutorchRuntimeException: [ExecuTorch Error 0x14] Operator missing: Execution failed for method: forward	n0*=_fft_r2c(L0,·,·,·)
CRASH	w38:427	executor unavailable	n0*=reciprocal.out(L0,·)
CRASH	w38:434	executor unavailable	n0*=div.Scalar(L0,·)
CRASH	w38:460	executor unavailable	n0*=max_pool2d_with_indices_backward.grad_input(L0,L1,·,·,·,·,·,L2,L3)
MISMATCH	w38:759	out[0] max|delta|=1.441e+17 (rtol=0.0 atol=0.0)	n0*=bitwise_left_shift.Tensor_Scalar(L0,·)
SKIP	w38:83	executor ExecutorchInvalidArgumentException: [ExecuTorch Error 0x12] Invalid argument: Execution failed for method: forward	n0*=expand_copy(L0,·,·)
CRASH	w38:495	executor unavailable	n0*=_softmax.out(L0,·,·,·)
CRASH	w38:518	executor unavailable	n0*=narrow_copy.out(L0,·,·,·,·)
CRASH	w39:10	executor process died (native abort)	n0*=max_pool2d_with_indices_backward.grad_input(L0,L1,·,·,·,·,·,L2,L3)
SKIP	w39:108	executor ExecutorchInvalidArgumentException: [ExecuTorch Error 0x12] Invalid argument: Execution failed for method: forward	n0*=arange.start_out(·,·,·,·)
SKIP	w39:133	executor ExecutorchInvalidArgumentException: [ExecuTorch Error 0x12] Invalid argument: Execution failed for method: forward	n0*=native_group_norm(L0,·,·,·,·,·,·,·)
CRASH	w38:607	executor unavailable	n0*=bitwise_left_shift.Tensor_Scalar_out(L0,·,·)
MISMATCH	w39:103	out[0] max|delta|=8.000e+00 (rtol=0.01 atol=0.001)	n0*=remainder.Scalar_out(L0,·,·)
MISMATCH	w39:157	out[0] max|delta|=9.223e+18 (rtol=0.01 atol=0.001)	n0*=bitwise_left_shift.Tensor_Scalar_out(L0,·,·)
CRASH	w38:643	executor unavailable	n0*=gelu.out(L0,·,·)
MISMATCH	w39:167	out[0] non-finite mismatch (nan/inf positions differ)	n0*=logit.out(L0,·,·)
SKIP	w39:18	executor ExecutorchRuntimeException: [ExecuTorch Error 0x14] Operator missing: Execution failed for method: forward	n0*=_fft_r2c(L0,·,·,·)
MISMATCH	w39:192	out[0] non-finite mismatch (nan/inf positions differ)	n0*=logit(L0,·)
MISMATCH	w39:193	out[0] non-finite mismatch (nan/inf positions differ)	n0*=gelu.out(L0,·,·)
CRASH	w38:697	executor unavailable	n0*=ones.out(·,·)
SKIP	w39:2	executor ExecutorchRuntimeException: [ExecuTorch Error 0x1] Internal error: Execution failed for method: forward	n0*=pixel_shuffle(L0,·)
CRASH	w38:700	executor unavailable	n0*=log2.out(L0,·)
SKIP	w39:215	executor ExecutorchInvalidArgumentException: [ExecuTorch Error 0x12] Invalid argument: Execution failed for method: forward	n0*=native_group_norm(L0,·,·,·,·,·,·,·)
SKIP	w39:218	executor ExecutorchInvalidArgumentException: [ExecuTorch Error 0x12] Invalid argument: Execution failed for method: forward	n0*=_pdist_forward(L0,·)
CRASH	w38:72	executor unavailable	n0*=max.unary_out(L0,·)
CRASH	w38:720	executor unavailable	n0*=bitwise_right_shift.Tensor_Scalar(L0,·)
SKIP	w39:246	executor ExecutorchRuntimeException: [ExecuTorch Error 0x14] Operator missing: Execution failed for method: forward	n0*=_fft_r2c(L0,·,·,·)
CRASH	w38:75	executor unavailable	n0*=bitwise_left_shift.Tensor_Scalar(L0,·)
SKIP	w39:317	executor ExecutorchInvalidArgumentException: [ExecuTorch Error 0x12] Invalid argument: Execution failed for method: forward	n0*=expand_copy(L0,·,·)
MISMATCH	w39:353	out[0] non-finite mismatch (nan/inf positions differ)	n0*=grid_sampler_2d(L0,L1,·,·,·)
MISMATCH	w39:388	out[0] max|delta|=6.918e+18 (rtol=0.01 atol=0.001)	n0*=bitwise_left_shift.Tensor_out(L0,L1,·)
MISMATCH	w39:405	out[0] shape (0, 0, 0) vs (0, 0, 0, 0, 0)	n0*=topk.values(L0,·,·,·,·,L1,L2)
SKIP	w39:407	executor ExecutorchInvalidArgumentException: [ExecuTorch Error 0x12] Invalid argument: Execution failed for method: forward	n0*=copy(L0,L1,·)
MISMATCH	w39:421	out[0] non-finite mismatch (nan/inf positions differ)	n0*=gelu.out(L0,·,·)
SKIP	w39:443	executor ExecutorchInvalidArgumentException: [ExecuTorch Error 0x12] Invalid argument: Execution failed for method: forward	n0*=native_group_norm(L0,·,·,·,·,·,·,·)
SKIP	w39:446	executor ExecutorchInvalidArgumentException: [ExecuTorch Error 0x12] Invalid argument: Execution failed for method: forward	n0*=_pdist_forward(L0,·)
MISMATCH	w39:459	out[0] non-finite mismatch (nan/inf positions differ)	n0*=log.out(L0,·)
SKIP	w39:474	executor ExecutorchRuntimeException: [ExecuTorch Error 0x14] Operator missing: Execution failed for method: forward	n0*=_fft_r2c(L0,·,·,·)
SKIP	w39:503	executor IllegalArgumentException: unsupported input dtype code 24 on Android	n0*=linear.out(L0,L1,·,·)
CRASH	w39:128	executor unavailable	n0*=convolution(L0,L1,·,·,·,·,·,·,·)
CRASH	w39:166	executor unavailable	n0*=sum.IntList_out(L0,·,·,·,·)
SKIP	w39:564	executor ExecutorchInvalidArgumentException: [ExecuTorch Error 0x12] Invalid argument: Execution failed for method: forward	n0*=arange.start_out(·,·,·,·)
CRASH	w39:21	executor unavailable	n0*=logical_and.out(L0,L1,·)
CRASH	w39:22	executor unavailable	n0*=log2.out(L0,·)
CRASH	w39:230	executor unavailable	n0*=pixel_shuffle(L0,·)
SKIP	w39:589	executor ExecutorchInvalidArgumentException: [ExecuTorch Error 0x12] Invalid argument: Execution failed for method: forward	n0*=native_group_norm(L0,·,·,·,·,·,·,·)
MISMATCH	w39:613	out[0] max|delta|=4.612e+18 (rtol=0.0 atol=0.0)	n0*=bitwise_left_shift.Tensor_Scalar_out(L0,·,·)
MISMATCH	w39:616	out[0] max|delta|=6.918e+18 (rtol=0.01 atol=0.001)	n0*=bitwise_left_shift.Tensor_out(L0,L1,·)
CRASH	w39:3	executor unavailable	n0*=log.out(L0,·)
SKIP	w39:635	executor ExecutorchInvalidArgumentException: [ExecuTorch Error 0x12] Invalid argument: Execution failed for method: forward	n0*=copy(L0,L1,·)
MISMATCH	w39:649	out[0] non-finite mismatch (nan/inf positions differ)	n0*=gelu.out(L0,·,·)
CRASH	w39:334	executor unavailable	n0*=_adaptive_avg_pool2d(L0,·)
CRASH	w39:336	executor unavailable	n0*=arange.start_out(·,·,·,·)
SKIP	w39:671	executor ExecutorchInvalidArgumentException: [ExecuTorch Error 0x12] Invalid argument: Execution failed for method: forward	n0*=native_group_norm(L0,·,·,·,·,·,·,·)
SKIP	w39:674	executor ExecutorchInvalidArgumentException: [ExecuTorch Error 0x12] Invalid argument: Execution failed for method: forward	n0*=_pdist_forward(L0,·)
SKIP	w39:702	executor ExecutorchRuntimeException: [ExecuTorch Error 0x14] Operator missing: Execution failed for method: forward	n0*=_fft_r2c(L0,·,·,·)
CRASH	w39:415	executor unavailable	n0*=bitwise_or.Scalar_out(L0,·,·)
MISMATCH	w39:758	out[0] max|delta|=3.000e+00 (rtol=0.0 atol=0.0)	n0*=remainder.Scalar(L0,·)
MISMATCH	w39:623	out[0] non-finite mismatch (nan/inf positions differ)	n0*=logit.out(L0,·,·)
SKIP	w39:767	executor ExecutorchInvalidArgumentException: [ExecuTorch Error 0x12] Invalid argument: Execution failed for method: forward	n0*=scatter_add.out(L0,·,L1,L2,·)
MISMATCH	w39:81	out[0] max|delta|=5.765e+17 (rtol=0.0 atol=0.0)	n0*=bitwise_left_shift.Tensor_Scalar(L0,·)
SKIP	w39:89	executor ExecutorchInvalidArgumentException: [ExecuTorch Error 0x12] Invalid argument: Execution failed for method: forward	n0*=expand_copy(L0,·,·)
MISMATCH	w4:1	out[0] shape (1, 1, 1, 1) vs (0, 0, 0, 0, 0)	n0*=topk.values(L0,·,·,·,·,L1,L2)
CRASH	w39:462	executor unavailable	n0*=bitwise_xor.Scalar(L0,·)
SKIP	w4:160	executor ExecutorchInvalidArgumentException: [ExecuTorch Error 0x12] Invalid argument: Execution failed for method: forward	n0*=arange.start_out(·,·,·,·)
CRASH	w39:484	executor unavailable	n0*=pixel_unshuffle(L0,·)
SKIP	w4:166	executor ExecutorchInvalidArgumentException: [ExecuTorch Error 0x12] Invalid argument: Execution failed for method: forward	n0*=scatter.value_out(L0,·,L1,·,·)
SKIP	w4:185	executor ExecutorchInvalidArgumentException: [ExecuTorch Error 0x12] Invalid argument: Execution failed for method: forward	n0*=native_group_norm(L0,·,·,·,·,·,·,·)
MISMATCH	w4:212	out[0] max|delta|=9.223e+18 (rtol=0.0 atol=0.0)	n0*=bitwise_left_shift.Tensor_out(L0,L1,·)
MISMATCH	w4:229	out[0] shape (0,) vs (0, 0, 0, 0, 0)	n0*=topk.values(L0,·,·,·,·,L1,L2)
MISMATCH	w4:245	out[0] non-finite mismatch (nan/inf positions differ)	n0*=gelu.out(L0,·,·)
MISMATCH	w4:258	out[0] max|delta|=4.000e+00 (rtol=0.01 atol=0.001)	n0*=remainder.Tensor_out(L0,L1,·)
SKIP	w4:267	executor ExecutorchInvalidArgumentException: [ExecuTorch Error 0x12] Invalid argument: Execution failed for method: forward	n0*=native_group_norm(L0,·,·,·,·,·,·,·)
SKIP	w4:270	executor ExecutorchInvalidArgumentException: [ExecuTorch Error 0x12] Invalid argument: Execution failed for method: forward	n0*=_pdist_forward(L0,·)
MISMATCH	w4:17	out[0] non-finite mismatch (nan/inf positions differ)	n0*=gelu.out(L0,·,·)
MISMATCH	w4:283	out[0] non-finite mismatch (nan/inf positions differ)	n0*=log.out(L0,·)
SKIP	w4:298	executor ExecutorchRuntimeException: [ExecuTorch Error 0x14] Operator missing: Execution failed for method: forward	n0*=_fft_r2c(L0,·,·,·)
SKIP	w4:3	executor ExecutorchInvalidArgumentException: [ExecuTorch Error 0x12] Invalid argument: Execution failed for method: forward	n0*=copy(L0,L1,·)
SKIP	w4:308	executor ExecutorchRuntimeException: [ExecuTorch Error 0x1] Internal error: Execution failed for method: forward	n0*=pixel_unshuffle(L0,·)
SKIP	w4:325	executor ExecutorchRuntimeException: [ExecuTorch Error 0x1] Internal error: Execution failed for method: forward	n0*=_softmax.out(L0,·,·,·)
CRASH	w39:708	executor unavailable	n0*=fill.Scalar(L0,·)
CRASH	w39:77	executor unavailable	n0*=pow.Tensor_Tensor_out(L0,L1,·)
CRASH	w39:85	executor unavailable	n0*=mean.dtype_out(L0,·,·)
CRASH	w39:88	executor unavailable	n0*=constant_pad_nd(L0,·,·)
CRASH	w4:12	executor unavailable	n0*=linear(L0,L1,·)
CRASH	w4:175	executor unavailable	n0*=any.all_out(L0,·)
MISMATCH	w4:361	out[0] max|delta|=4.323e+17 (rtol=0.0 atol=0.0)	n0*=bitwise_left_shift.Tensor_Scalar(L0,·)
CRASH	w4:188	executor unavailable	n0*=minimum.out(L0,L1,·)
SKIP	w4:362	executor ExecutorchRuntimeException: [ExecuTorch Error 0x1] Internal error: Execution failed for method: forward	n0*=pixel_shuffle(L0,·)
SKIP	w4:369	executor ExecutorchInvalidArgumentException: [ExecuTorch Error 0x12] Invalid argument: Execution failed for method: forward	n0*=expand_copy(L0,·,·)
SKIP	w4:39	executor ExecutorchInvalidArgumentException: [ExecuTorch Error 0x12] Invalid argument: Execution failed for method: forward	n0*=native_group_norm(L0,·,·,·,·,·,·,·)
SKIP	w4:388	executor ExecutorchInvalidArgumentException: [ExecuTorch Error 0x12] Invalid argument: Execution failed for method: forward	n0*=arange.start_out(·,·,·,·)
CRASH	w4:231	executor unavailable	n0*=copy(L0,L1,·)
CRASH	w4:240	executor unavailable	n0*=linear(L0,L1,·)
SKIP	w4:413	executor ExecutorchInvalidArgumentException: [ExecuTorch Error 0x12] Invalid argument: Execution failed for method: forward	n0*=native_group_norm(L0,·,·,·,·,·,·,·)
SKIP	w4:42	executor ExecutorchInvalidArgumentException: [ExecuTorch Error 0x12] Invalid argument: Execution failed for method: forward	n0*=_pdist_forward(L0,·)
MISMATCH	w4:437	out[0] max|delta|=9.223e+18 (rtol=0.0 atol=0.0)	n0*=bitwise_left_shift.Tensor_Scalar_out(L0,·,·)
MISMATCH	w4:446	out[0] max|delta|=1.845e+19 (rtol=0.0 atol=0.0)	n0*=sum.IntList_out(L0,·,·,·,·)
SKIP	w4:459	executor ExecutorchInvalidArgumentException: [ExecuTorch Error 0x12] Invalid argument: Execution failed for method: forward	n0*=copy(L0,L1,·)
MISMATCH	w4:486	out[0] max|delta|=3.000e+00 (rtol=0.01 atol=0.001)	n0*=remainder.Tensor_out(L0,L1,·)
CRASH	w4:299	executor unavailable	n0*=ones.out(·,·)
SKIP	w4:498	executor ExecutorchInvalidArgumentException: [ExecuTorch Error 0x12] Invalid argument: Execution failed for method: forward	n0*=_pdist_forward(L0,·)
MISMATCH	w4:511	out[0] non-finite mismatch (nan/inf positions differ)	n0*=log.out(L0,·)
SKIP	w4:526	executor ExecutorchRuntimeException: [ExecuTorch Error 0x14] Operator missing: Execution failed for method: forward	n0*=_fft_r2c(L0,·,·,·)
CRASH	w4:315	executor unavailable	n0*=ceil.out(L0,·)
SKIP	w4:553	executor ExecutorchRuntimeException: [ExecuTorch Error 0x1] Internal error: Execution failed for method: forward	n0*=_softmax.out(L0,·,·,·)
MISMATCH	w4:572	out[0] non-finite mismatch (nan/inf positions differ)	n0*=addmm.out(L0,L1,L2,·,·,·)
CRASH	w4:340	executor unavailable	n0*=bitwise_and.Scalar_out(L0,·,·)
SKIP	w4:616	executor ExecutorchInvalidArgumentException: [ExecuTorch Error 0x12] Invalid argument: Execution failed for method: forward	n0*=arange.start_out(·,·,·,·)
SKIP	w4:70	executor ExecutorchRuntimeException: [ExecuTorch Error 0x14] Operator missing: Execution failed for method: forward	n0*=_fft_r2c(L0,·,·,·)
SKIP	w4:723	executor ExecutorchInvalidArgumentException: [ExecuTorch Error 0x12] Invalid argument: Execution failed for method: forward	n0*=native_group_norm(L0,·,·,·,·,·,·,·)
MISMATCH	w4:739	out[0] non-finite mismatch (nan/inf positions differ)	n0*=log.out(L0,·)
SKIP	w4:754	executor ExecutorchRuntimeException: [ExecuTorch Error 0x14] Operator missing: Execution failed for method: forward	n0*=_fft_r2c(L0,·,·,·)
CRASH	w4:439	executor unavailable	n0*=bitwise_xor.Scalar_out(L0,·,·)
CRASH	w4:495	executor unavailable	n0*=native_group_norm(L0,·,·,·,·,·,·,·)
CRASH	w4:527	executor unavailable	n0*=ones.out(·,·)
CRASH	w4:530	executor unavailable	n0*=log2.out(L0,·)
CRASH	w4:628	executor unavailable	n0*=flip(L0,·)
CRASH	w4:637	executor unavailable	n0*=acos.out(L0,·)
CRASH	w4:641	executor unavailable	n0*=native_group_norm(L0,·,·,·,·,·,·,·)
CRASH	w4:663	executor unavailable	n0*=abs(L0)
CRASH	w4:693	executor unavailable	n0*=squeeze_copy.dim(L0,·)
CRASH	w4:696	executor unavailable	n0*=linear(L0,L1,·)
MISMATCH	w40:116	out[0] non-finite mismatch (nan/inf positions differ)	n0*=gelu.out(L0,·,·)
MISMATCH	w40:130	out[0] max|delta|=4.000e+00 (rtol=0.0 atol=0.0)	n0*=fmod.Scalar(L0,·)
SKIP	w40:138	executor ExecutorchInvalidArgumentException: [ExecuTorch Error 0x12] Invalid argument: Execution failed for method: forward	n0*=native_group_norm(L0,·,·,·,·,·,·,·)
SKIP	w40:141	executor ExecutorchInvalidArgumentException: [ExecuTorch Error 0x12] Invalid argument: Execution failed for method: forward	n0*=_pdist_forward(L0,·)
SKIP	w40:153	executor ExecutorchRuntimeException: [ExecuTorch Error 0x1] Internal error: Execution failed for method: forward	n0*=pixel_shuffle(L0,·)
SKIP	w40:169	executor ExecutorchRuntimeException: [ExecuTorch Error 0x14] Operator missing: Execution failed for method: forward	n0*=_fft_r2c(L0,·,·,·)
CRASH	w40:161	executor process died (native abort)	n0*=max_pool2d_with_indices_backward.grad_input(L0,L1,·,·,·,·,·,L2,L3)
CRASH	w4:749	executor unavailable	n0*=any.dims_out(L0,·,·,·)
MISMATCH	w40:115	out[0] non-finite mismatch (nan/inf positions differ)	n0*=logit(L0,·)
SKIP	w40:240	executor ExecutorchInvalidArgumentException: [ExecuTorch Error 0x12] Invalid argument: Execution failed for method: forward	n0*=expand_copy(L0,·,·)
SKIP	w40:259	executor ExecutorchInvalidArgumentException: [ExecuTorch Error 0x12] Invalid argument: Execution failed for method: forward	n0*=arange.start_out(·,·,·,·)
CRASH	w4:767	executor unavailable	n0*=t_copy(L0)
MISMATCH	w40:308	out[0] max|delta|=2.162e+17 (rtol=0.0 atol=0.0)	n0*=bitwise_left_shift.Tensor_Scalar_out(L0,·,·)
SKIP	w40:31	executor ExecutorchInvalidArgumentException: [ExecuTorch Error 0x12] Invalid argument: Execution failed for method: forward	n0*=arange.start_out(·,·,·,·)
MISMATCH	w40:311	out[0] non-finite mismatch (nan/inf positions differ)	n0*=bitwise_left_shift.Tensor_out(L0,L1,·)
MISMATCH	w40:318	out[0] non-finite mismatch (nan/inf positions differ)	n0*=logit.out(L0,·,·)
SKIP	w40:323	executor ExecutorchInvalidArgumentException: [ExecuTorch Error 0x12] Invalid argument: Execution failed for method: forward	n0*=scatter.src_out(L0,·,L1,L2,·)
MISMATCH	w40:328	out[0] shape (1, 1, 1, 1) vs (0, 0, 0, 0, 0)	n0*=topk.values(L0,·,·,·,·,L1,L2)
SKIP	w40:196	executor ExecutorchRuntimeException: [ExecuTorch Error 0x1] Internal error: Execution failed for method: forward	n0*=_softmax.out(L0,·,·,·)
SKIP	w40:366	executor ExecutorchInvalidArgumentException: [ExecuTorch Error 0x12] Invalid argument: Execution failed for method: forward	n0*=native_group_norm(L0,·,·,·,·,·,·,·)
MISMATCH	w40:382	out[0] non-finite mismatch (nan/inf positions differ)	n0*=log.out(L0,·)
MISMATCH	w40:4	out[0] max|delta|=5.765e+17 (rtol=0.0 atol=0.0)	n0*=bitwise_left_shift.Tensor_Scalar(L0,·)
SKIP	w40:426	executor IllegalArgumentException: unsupported input dtype code 24 on Android	n0*=linear.out(L0,L1,·,·)
CRASH	w40:129	executor unavailable	n0*=remainder.Tensor_out(L0,L1,·)
CRASH	w40:164	executor unavailable	n0*=any.dims_out(L0,·,·,·)
CRASH	w40:233	executor unavailable	n0*=pixel_shuffle(L0,·)
CRASH	w40:25	executor unavailable	n0*=pixel_unshuffle(L0,·)
CRASH	w40:26	executor unavailable	n0*=remainder.Scalar_out(L0,·,·)
CRASH	w40:314	executor unavailable	n0*=hardtanh(L0,·,·)
MISMATCH	w40:503	out[0] max|delta|=2.550e+02 (rtol=0.0 atol=0.0)	n0*=prod.int_out(L0,·,·,·,·)
CRASH	w40:344	executor unavailable	n0*=gelu.out(L0,·,·)
CRASH	w40:36	executor unavailable	n0*=var.correction(L0,·,·,·)
CRASH	w40:397	executor unavailable	n0*=_fft_r2c(L0,·,·,·)
CRASH	w40:402	executor unavailable	n0*=native_layer_norm(L0,·,·,·,·)
MISMATCH	w40:536	out[0] non-finite mismatch (nan/inf positions differ)	n0*=bitwise_left_shift.Tensor_Scalar_out(L0,·,·)
SKIP	w40:56	executor ExecutorchInvalidArgumentException: [ExecuTorch Error 0x12] Invalid argument: Execution failed for method: forward	n0*=native_group_norm(L0,·,·,·,·,·,·,·)
MISMATCH	w40:571	out[0] non-finite mismatch (nan/inf positions differ)	n0*=logit(L0,·)
MISMATCH	w40:572	out[0] non-finite mismatch (nan/inf positions differ)	n0*=gelu.out(L0,·,·)
CRASH	w40:441	executor unavailable	n0*=elu.out(L0,·,·,·,·)
SKIP	w40:594	executor ExecutorchInvalidArgumentException: [ExecuTorch Error 0x12] Invalid argument: Execution failed for method: forward	n0*=native_group_norm(L0,·,·,·,·,·,·,·)
SKIP	w40:597	executor ExecutorchInvalidArgumentException: [ExecuTorch Error 0x12] Invalid argument: Execution failed for method: forward	n0*=_pdist_forward(L0,·)
CRASH	w40:45	executor unavailable	n0*=eq.Tensor_out(L0,L1,·)
MISMATCH	w40:610	out[0] non-finite mismatch (nan/inf positions differ)	n0*=log.out(L0,·)
SKIP	w40:625	executor ExecutorchRuntimeException: [ExecuTorch Error 0x14] Operator missing: Execution failed for method: forward	n0*=_fft_r2c(L0,·,·,·)
MISMATCH	w40:681	out[0] max|delta|=5.000e+00 (rtol=0.0 atol=0.0)	n0*=remainder.Scalar(L0,·)
SKIP	w40:696	executor ExecutorchInvalidArgumentException: [ExecuTorch Error 0x12] Invalid argument: Execution failed for method: forward	n0*=expand_copy(L0,·,·)
SKIP	w40:715	executor ExecutorchInvalidArgumentException: [ExecuTorch Error 0x12] Invalid argument: Execution failed for method: forward	n0*=arange.start_out(·,·,·,·)
MISMATCH	w40:732	out[0] non-finite mismatch (nan/inf positions differ)	n0*=grid_sampler_2d(L0,L1,·,·,·)
SKIP	w40:740	executor ExecutorchInvalidArgumentException: [ExecuTorch Error 0x12] Invalid argument: Execution failed for method: forward	n0*=native_group_norm(L0,·,·,·,·,·,·,·)
MISMATCH	w40:767	out[0] non-finite mismatch (nan/inf positions differ)	n0*=bitwise_left_shift.Tensor_out(L0,L1,·)
SKIP	w40:779	executor ExecutorchInvalidArgumentException: [ExecuTorch Error 0x12] Invalid argument: Execution failed for method: forward	n0*=scatter.src_out(L0,·,L1,L2,·)
MISMATCH	w40:83	out[0] non-finite mismatch (nan/inf positions differ)	n0*=bitwise_left_shift.Tensor_out(L0,L1,·)
MISMATCH	w40:90	out[0] non-finite mismatch (nan/inf positions differ)	n0*=logit.out(L0,·,·)
SKIP	w41:118	executor ExecutorchInvalidArgumentException: [ExecuTorch Error 0x12] Invalid argument: Execution failed for method: forward	n0*=native_group_norm(L0,·,·,·,·,·,·,·)
SKIP	w41:157	executor ExecutorchInvalidArgumentException: [ExecuTorch Error 0x12] Invalid argument: Execution failed for method: forward	n0*=scatter.src_out(L0,·,L1,L2,·)
MISMATCH	w40:80	out[0] max|delta|=8.647e+17 (rtol=0.0 atol=0.0)	n0*=bitwise_left_shift.Tensor_Scalar_out(L0,·,·)
SKIP	w41:164	executor ExecutorchInvalidArgumentException: [ExecuTorch Error 0x12] Invalid argument: Execution failed for method: forward	n0*=copy(L0,L1,·)
MISMATCH	w41:216	out[0] non-finite mismatch (nan/inf positions differ)	n0*=log.out(L0,·)
SKIP	w41:215	executor ExecutorchRuntimeException: [ExecuTorch Error 0x1] Internal error: Execution failed for method: forward	n0*=pixel_shuffle(L0,·)
SKIP	w41:231	executor ExecutorchRuntimeException: [ExecuTorch Error 0x14] Operator missing: Execution failed for method: forward	n0*=_fft_r2c(L0,·,·,·)
CRASH	w40:509	executor unavailable	n0*=glu.out(L0,·,·)
CRASH	w40:582	executor unavailable	n0*=acosh.out(L0,·)
CRASH	w40:580	executor unavailable	n0*=bitwise_or.Scalar(L0,·)
CRASH	w40:59	executor unavailable	n0*=minimum.out(L0,L1,·)
CRASH	w40:718	executor unavailable	n0*=relu(L0)
CRASH	w40:722	executor unavailable	n0*=sub.Scalar(L0,·,·)
SKIP	w41:3	executor ExecutorchRuntimeException: [ExecuTorch Error 0x14] Operator missing: Execution failed for method: forward	n0*=_fft_r2c(L0,·,·,·)
SKIP	w41:302	executor ExecutorchInvalidArgumentException: [ExecuTorch Error 0x12] Invalid argument: Execution failed for method: forward	n0*=expand_copy(L0,·,·)
CRASH	w40:759	executor unavailable	n0*=replication_pad2d.out(L0,·,·)
SKIP	w41:32	executor IllegalArgumentException: unsupported input dtype code 24 on Android	n0*=linear.out(L0,L1,·,·)
SKIP	w41:321	executor ExecutorchInvalidArgumentException: [ExecuTorch Error 0x12] Invalid argument: Execution failed for method: forward	n0*=arange.start_out(·,·,·,·)
SKIP	w41:346	executor ExecutorchInvalidArgumentException: [ExecuTorch Error 0x12] Invalid argument: Execution failed for method: forward	n0*=native_group_norm(L0,·,·,·,·,·,·,·)
MISMATCH	w41:370	out[0] non-finite mismatch (nan/inf positions differ)	n0*=bitwise_left_shift.Tensor_Scalar_out(L0,·,·)
MISMATCH	w41:373	out[0] non-finite mismatch (nan/inf positions differ)	n0*=bitwise_left_shift.Tensor_out(L0,L1,·)
CRASH	w41:142	executor unavailable	n0*=bitwise_left_shift.Tensor_Scalar_out(L0,·,·)
CRASH	w41:150	executor unavailable	n0*=index_put(L0,·,L1,·)
MISMATCH	w41:390	out[0] shape (0, 0, 0, 0) vs (0, 0, 0, 0, 0)	n0*=topk.values(L0,·,·,·,·,L1,L2)
SKIP	w41:392	executor ExecutorchInvalidArgumentException: [ExecuTorch Error 0x12] Invalid argument: Execution failed for method: forward	n0*=copy(L0,L1,·)
MISMATCH	w41:406	out[0] non-finite mismatch (nan/inf positions differ)	n0*=gelu.out(L0,·,·)
SKIP	w41:431	executor ExecutorchInvalidArgumentException: [ExecuTorch Error 0x12] Invalid argument: Execution failed for method: forward	n0*=_pdist_forward(L0,·)
SKIP	w41:459	executor ExecutorchRuntimeException: [ExecuTorch Error 0x14] Operator missing: Execution failed for method: forward	n0*=_fft_r2c(L0,·,·,·)
CRASH	w41:198	executor unavailable	n0*=_native_batch_norm_legit.no_stats(L0,·,·,·,·,·)
CRASH	w41:23	executor unavailable	n0*=log10.out(L0,·)
SKIP	w41:524	executor ExecutorchInvalidArgumentException: [ExecuTorch Error 0x12] Invalid argument: Execution failed for method: forward	n0*=scatter_add.out(L0,·,L1,L2,·)
CRASH	w41:240	executor unavailable	n0*=_native_batch_norm_legit_no_training(L0,·,·,L1,L2,·,·)
SKIP	w41:549	executor ExecutorchInvalidArgumentException: [ExecuTorch Error 0x12] Invalid argument: Execution failed for method: forward	n0*=arange.start_out(·,·,·,·)
SKIP	w41:574	executor ExecutorchInvalidArgumentException: [ExecuTorch Error 0x12] Invalid argument: Execution failed for method: forward	n0*=native_group_norm(L0,·,·,·,·,·,·,·)
MISMATCH	w41:601	out[0] non-finite mismatch (nan/inf positions differ)	n0*=bitwise_left_shift.Tensor_out(L0,L1,·)
MISMATCH	w41:608	out[0] non-finite mismatch (nan/inf positions differ)	n0*=logit.out(L0,·,·)
MISMATCH	w41:618	out[0] shape (1, 1) vs (0, 0, 0, 0, 0)	n0*=topk.values(L0,·,·,·,·,L1,L2)
MISMATCH	w41:633	out[0] non-finite mismatch (nan/inf positions differ)	n0*=logit(L0,·)
MISMATCH	w41:634	out[0] non-finite mismatch (nan/inf positions differ)	n0*=gelu.out(L0,·,·)
MISMATCH	w41:647	out[0] max|delta|=4.000e+00 (rtol=0.0 atol=0.0)	n0*=remainder.Tensor_out(L0,L1,·)
SKIP	w41:656	executor ExecutorchInvalidArgumentException: [ExecuTorch Error 0x12] Invalid argument: Execution failed for method: forward	n0*=native_group_norm(L0,·,·,·,·,·,·,·)
MISMATCH	w41:66	out[0] max|delta|=4.612e+18 (rtol=0.0 atol=0.0)	n0*=bitwise_left_shift.Tensor_Scalar(L0,·)
SKIP	w41:659	executor ExecutorchInvalidArgumentException: [ExecuTorch Error 0x12] Invalid argument: Execution failed for method: forward	n0*=_pdist_forward(L0,·)
SKIP	w41:687	executor ExecutorchRuntimeException: [ExecuTorch Error 0x14] Operator missing: Execution failed for method: forward	n0*=_fft_r2c(L0,·,·,·)
MISMATCH	w41:692	out[0] non-finite mismatch (nan/inf positions differ)	n0*=native_layer_norm(L0,·,·,·,·)
MISMATCH	w41:750	out[0] max|delta|=2.882e+17 (rtol=0.0 atol=0.0)	n0*=bitwise_left_shift.Tensor_Scalar(L0,·)
MISMATCH	w41:768	out[0] non-finite mismatch (nan/inf positions differ)	n0*=native_layer_norm(L0,·,·,·,·)
SKIP	w41:777	executor ExecutorchInvalidArgumentException: [ExecuTorch Error 0x12] Invalid argument: Execution failed for method: forward	n0*=arange.start_out(·,·,·,·)
SKIP	w41:93	executor ExecutorchInvalidArgumentException: [ExecuTorch Error 0x12] Invalid argument: Execution failed for method: forward	n0*=arange.start_out(·,·,·,·)
SKIP	w42:112	executor ExecutorchInvalidArgumentException: [ExecuTorch Error 0x12] Invalid argument: Execution failed for method: forward	n0*=native_group_norm(L0,·,·,·,·,·,·,·)
MISMATCH	w42:139	out[0] max|delta|=9.223e+18 (rtol=0.0 atol=0.0)	n0*=bitwise_left_shift.Tensor_out(L0,L1,·)
CRASH	w41:382	executor unavailable	n0*=diagonal_copy(L0,·,·,·)
CRASH	w41:500	executor unavailable	n0*=full.out(·,·,·)
CRASH	w41:509	executor unavailable	n0*=narrow_copy.out(L0,·,·,·,·)
MISMATCH	w42:156	out[0] max|delta|=4.000e+00 (rtol=0.0 atol=0.0)	n0*=topk.values(L0,·,·,·,·,L1,L2)
MISMATCH	w42:172	out[0] non-finite mismatch (nan/inf positions differ)	n0*=gelu.out(L0,·,·)
CRASH	w41:591	executor unavailable	n0*=view_copy(L0,·)
CRASH	w41:600	executor unavailable	n0*=bitwise_xor.Scalar_out(L0,·,·)
CRASH	w41:641	executor unavailable	n0*=asin.out(L0,·)
CRASH	w41:658	executor unavailable	n0*=div.out(L0,L1,·)
SKIP	w42:194	executor ExecutorchInvalidArgumentException: [ExecuTorch Error 0x12] Invalid argument: Execution failed for method: forward	n0*=native_group_norm(L0,·,·,·,·,·,·,·)
SKIP	w42:197	executor ExecutorchInvalidArgumentException: [ExecuTorch Error 0x12] Invalid argument: Execution failed for method: forward	n0*=_pdist_forward(L0,·)
CRASH	w41:691	executor unavailable	n0*=log2.out(L0,·)
SKIP	w42:225	executor ExecutorchRuntimeException: [ExecuTorch Error 0x14] Operator missing: Execution failed for method: forward	n0*=_fft_r2c(L0,·,·,·)
CRASH	w41:766	executor unavailable	n0*=bitwise_xor.Tensor_out(L0,L1,·)
MISMATCH	w42:288	out[0] max|delta|=1.729e+18 (rtol=0.0 atol=0.0)	n0*=bitwise_left_shift.Tensor_Scalar(L0,·)
MISMATCH	w42:310	out[0] max|delta|=6.000e+00 (rtol=0.01 atol=0.001)	n0*=remainder.Scalar_out(L0,·,·)
SKIP	w42:315	executor ExecutorchInvalidArgumentException: [ExecuTorch Error 0x12] Invalid argument: Execution failed for method: forward	n0*=arange.start_out(·,·,·,·)
MISMATCH	w42:331	out[0] max|delta|=1.000e+00 (rtol=0.0 atol=0.0)	n0*=prod.int_out(L0,·,·,·,·)
MISMATCH	w42:332	out[0] non-finite mismatch (nan/inf positions differ)	n0*=grid_sampler_2d(L0,L1,·,·,·)
SKIP	w42:340	executor ExecutorchInvalidArgumentException: [ExecuTorch Error 0x12] Invalid argument: Execution failed for method: forward	n0*=native_group_norm(L0,·,·,·,·,·,·,·)
CRASH	w42:108	executor unavailable	n0*=acos.out(L0,·)
MISMATCH	w42:367	out[0] max|delta|=9.223e+18 (rtol=0.0 atol=0.0)	n0*=bitwise_left_shift.Tensor_out(L0,L1,·)
CRASH	w42:123	executor unavailable	n0*=sinh.out(L0,·)
MISMATCH	w42:400	out[0] non-finite mismatch (nan/inf positions differ)	n0*=gelu.out(L0,·,·)
MISMATCH	w42:414	out[0] max|delta|=4.000e+00 (rtol=0.0 atol=0.0)	n0*=fmod.Scalar(L0,·)
SKIP	w42:422	executor ExecutorchInvalidArgumentException: [ExecuTorch Error 0x12] Invalid argument: Execution failed for method: forward	n0*=native_group_norm(L0,·,·,·,·,·,·,·)
SKIP	w42:425	executor ExecutorchInvalidArgumentException: [ExecuTorch Error 0x12] Invalid argument: Execution failed for method: forward	n0*=_pdist_forward(L0,·)
CRASH	w42:145	executor unavailable	n0*=sum.IntList_out(L0,·,·,·,·)
SKIP	w42:453	executor ExecutorchRuntimeException: [ExecuTorch Error 0x14] Operator missing: Execution failed for method: forward	n0*=_fft_r2c(L0,·,·,·)
MISMATCH	w42:509	out[0] max|delta|=2.000e+00 (rtol=0.0 atol=0.0)	n0*=remainder.Scalar(L0,·)
MISMATCH	w42:516	out[0] max|delta|=9.223e+18 (rtol=0.0 atol=0.0)	n0*=bitwise_left_shift.Tensor_Scalar(L0,·)
SKIP	w42:386	executor ExecutorchInvalidArgumentException: [ExecuTorch Error 0x12] Invalid argument: Execution failed for method: forward	n0*=copy(L0,L1,·)
SKIP	w42:543	executor ExecutorchInvalidArgumentException: [ExecuTorch Error 0x12] Invalid argument: Execution failed for method: forward	n0*=arange.start_out(·,·,·,·)
MISMATCH	w42:560	out[0] non-finite mismatch (nan/inf positions differ)	n0*=grid_sampler_2d(L0,L1,·,·,·)
SKIP	w42:568	executor ExecutorchInvalidArgumentException: [ExecuTorch Error 0x12] Invalid argument: Execution failed for method: forward	n0*=native_group_norm(L0,·,·,·,·,·,·,·)
MISMATCH	w42:592	out[0] max|delta|=2.882e+17 (rtol=0.0 atol=0.0)	n0*=bitwise_left_shift.Tensor_Scalar_out(L0,·,·)
MISMATCH	w42:595	out[0] max|delta|=2.147e+09 (rtol=0.0 atol=0.0)	n0*=bitwise_left_shift.Tensor_out(L0,L1,·)
MISMATCH	w42:60	out[0] max|delta|=5.765e+17 (rtol=0.0 atol=0.0)	n0*=bitwise_left_shift.Tensor_Scalar(L0,·)
MISMATCH	w42:612	out[0] shape (0, 0, 0) vs (0, 0, 0, 0, 0)	n0*=topk.values(L0,·,·,·,·,L1,L2)
SKIP	w42:614	executor ExecutorchInvalidArgumentException: [ExecuTorch Error 0x12] Invalid argument: Execution failed for method: forward	n0*=copy(L0,L1,·)
MISMATCH	w42:626	out[0] shape () vs (0, 0, 0, 0)	n0*=min.dim_min(L0,·,·,L1,L2)
MISMATCH	w42:628	out[0] non-finite mismatch (nan/inf positions differ)	n0*=gelu.out(L0,·,·)
MISMATCH	w42:643	out[0] shape () vs (0, 0, 0, 0)	n0*=max.dim_max(L0,·,·,L1,L2)
SKIP	w42:650	executor ExecutorchInvalidArgumentException: [ExecuTorch Error 0x12] Invalid argument: Execution failed for method: forward	n0*=native_group_norm(L0,·,·,·,·,·,·,·)
SKIP	w42:653	executor ExecutorchInvalidArgumentException: [ExecuTorch Error 0x12] Invalid argument: Execution failed for method: forward	n0*=_pdist_forward(L0,·)
CRASH	w42:251	executor unavailable	n0*=log1p.out(L0,·)
CRASH	w42:253	executor unavailable	n0*=masked_scatter(L0,L1,L2)
SKIP	w42:681	executor ExecutorchRuntimeException: [ExecuTorch Error 0x14] Operator missing: Execution failed for method: forward	n0*=_fft_r2c(L0,·,·,·)
MISMATCH	w42:686	out[0] non-finite mismatch (nan/inf positions differ)	n0*=native_layer_norm(L0,·,·,·,·)
CRASH	w42:38	executor unavailable	n0*=full.out(·,·,·)
CRASH	w42:402	executor unavailable	n0*=bmm.out(L0,L1,·)
CRASH	w42:431	executor unavailable	n0*=fmod.Tensor_out(L0,L1,·)
CRASH	w42:451	executor unavailable	n0*=any.dims_out(L0,·,·,·)
MISMATCH	w42:737	out[0] max|delta|=7.000e+00 (rtol=0.0 atol=0.0)	n0*=remainder.Scalar(L0,·)
CRASH	w42:522	executor unavailable	n0*=bitwise_right_shift.Tensor_Scalar_out(L0,·,·)
SKIP	w42:752	executor ExecutorchInvalidArgumentException: [ExecuTorch Error 0x12] Invalid argument: Execution failed for method: forward	n0*=expand_copy(L0,·,·)
CRASH	w42:534	executor unavailable	n0*=native_layer_norm(L0,·,·,·,·)
SKIP	w42:771	executor ExecutorchInvalidArgumentException: [ExecuTorch Error 0x12] Invalid argument: Execution failed for method: forward	n0*=arange.start_out(·,·,·,·)
SKIP	w42:87	executor ExecutorchInvalidArgumentException: [ExecuTorch Error 0x12] Invalid argument: Execution failed for method: forward	n0*=arange.start_out(·,·,·,·)
CRASH	w42:562	executor unavailable	n0*=logical_not.out(L0,·)
MISMATCH	w43:104	out[0] shape (1, 1) vs (0, 0, 0, 0, 0)	n0*=min.dim_min(L0,·,·,L1,L2)
SKIP	w43:128	executor ExecutorchInvalidArgumentException: [ExecuTorch Error 0x12] Invalid argument: Execution failed for method: forward	n0*=native_group_norm(L0,·,·,·,·,·,·,·)
SKIP	w43:131	executor ExecutorchInvalidArgumentException: [ExecuTorch Error 0x12] Invalid argument: Execution failed for method: forward	n0*=_pdist_forward(L0,·)
SKIP	w43:159	executor ExecutorchRuntimeException: [ExecuTorch Error 0x14] Operator missing: Execution failed for method: forward	n0*=_fft_r2c(L0,·,·,·)
CRASH	w42:618	executor unavailable	n0*=isinf(L0)
MISMATCH	w43:106	out[0] non-finite mismatch (nan/inf positions differ)	n0*=gelu.out(L0,·,·)
SKIP	w42:745	executor ExecutorchRuntimeException: [ExecuTorch Error 0x1] Internal error: Execution failed for method: forward	n0*=pixel_shuffle(L0,·)
SKIP	w43:2	executor ExecutorchInvalidArgumentException: [ExecuTorch Error 0x12] Invalid argument: Execution failed for method: forward	n0*=expand_copy(L0,·,·)
SKIP	w43:21	executor ExecutorchInvalidArgumentException: [ExecuTorch Error 0x12] Invalid argument: Execution failed for method: forward	n0*=arange.start_out(·,·,·,·)
SKIP	w43:224	executor ExecutorchInvalidArgumentException: [ExecuTorch Error 0x12] Invalid argument: Execution failed for method: forward	n0*=scatter_add.out(L0,·,L1,L2,·)
SKIP	w43:249	executor ExecutorchInvalidArgumentException: [ExecuTorch Error 0x12] Invalid argument: Execution failed for method: forward	n0*=arange.start_out(·,·,·,·)
CRASH	w42:657	executor unavailable	n0*=bitwise_right_shift.Tensor_out(L0,L1,·)
SKIP	w43:27	executor ExecutorchInvalidArgumentException: [ExecuTorch Error 0x12] Invalid argument: Execution failed for method: forward	n0*=scatter.value_out(L0,·,L1,·,·)
SKIP	w43:274	executor ExecutorchInvalidArgumentException: [ExecuTorch Error 0x12] Invalid argument: Execution failed for method: forward	n0*=native_group_norm(L0,·,·,·,·,·,·,·)
MISMATCH	w43:301	out[0] max|delta|=6.918e+18 (rtol=0.0 atol=0.0)	n0*=bitwise_left_shift.Tensor_out(L0,L1,·)
MISMATCH	w43:308	out[0] non-finite mismatch (nan/inf positions differ)	n0*=logit.out(L0,·,·)
SKIP	w43:313	executor ExecutorchInvalidArgumentException: [ExecuTorch Error 0x12] Invalid argument: Execution failed for method: forward	n0*=scatter.src_out(L0,·,L1,L2,·)
CRASH	w42:678	executor unavailable	n0*=clamp.Tensor_out(L0,·,·,·)
MISMATCH	w43:332	out[0] shape (1, 1) vs (0, 0, 0, 0, 0)	n0*=min.dim_min(L0,·,·,L1,L2)
MISMATCH	w43:334	out[0] non-finite mismatch (nan/inf positions differ)	n0*=gelu.out(L0,·,·)
SKIP	w43:356	executor ExecutorchInvalidArgumentException: [ExecuTorch Error 0x12] Invalid argument: Execution failed for method: forward	n0*=native_group_norm(L0,·,·,·,·,·,·,·)
SKIP	w43:359	executor ExecutorchInvalidArgumentException: [ExecuTorch Error 0x12] Invalid argument: Execution failed for method: forward	n0*=_pdist_forward(L0,·)
MISMATCH	w43:37	out[0] max|delta|=1.000e+00 (rtol=0.0 atol=0.0)	n0*=prod.int_out(L0,·,·,·,·)
MISMATCH	w43:372	out[0] non-finite mismatch (nan/inf positions differ)	n0*=log.out(L0,·)
SKIP	w43:387	executor ExecutorchRuntimeException: [ExecuTorch Error 0x14] Operator missing: Execution failed for method: forward	n0*=_fft_r2c(L0,·,·,·)
SKIP	w43:416	executor IllegalArgumentException: unsupported input dtype code 24 on Android	n0*=linear.out(L0,L1,·,·)
MISMATCH	w43:450	out[0] max|delta|=2.306e+18 (rtol=0.0 atol=0.0)	n0*=bitwise_left_shift.Tensor_Scalar(L0,·)
SKIP	w43:46	executor ExecutorchInvalidArgumentException: [ExecuTorch Error 0x12] Invalid argument: Execution failed for method: forward	n0*=native_group_norm(L0,·,·,·,·,·,·,·)
CRASH	w43:153	executor unavailable	n0*=reflection_pad2d.out(L0,·,·)
CRASH	w43:176	executor unavailable	n0*=ceil.out(L0,·)
CRASH	w43:188	executor unavailable	n0*=linear.out(L0,L1,·,·)
CRASH	w43:261	executor unavailable	n0*=flip(L0,·)
CRASH	w43:285	executor unavailable	n0*=sinh.out(L0,·)
CRASH	w43:294	executor unavailable	n0*=sign.out(L0,·)
SKIP	w43:477	executor ExecutorchInvalidArgumentException: [ExecuTorch Error 0x12] Invalid argument: Execution failed for method: forward	n0*=arange.start_out(·,·,·,·)
CRASH	w43:317	executor unavailable	n0*=narrow_copy(L0,·,·,·)
MISMATCH	w43:492	out[0] max|delta|=1.000e+00 (rtol=0.0 atol=0.0)	n0*=any.all_out(L0,·)
SKIP	w43:502	executor ExecutorchInvalidArgumentException: [ExecuTorch Error 0x12] Invalid argument: Execution failed for method: forward	n0*=native_group_norm(L0,·,·,·,·,·,·,·)
SKIP	w43:541	executor ExecutorchInvalidArgumentException: [ExecuTorch Error 0x12] Invalid argument: Execution failed for method: forward	n0*=scatter.src_out(L0,·,L1,L2,·)
CRASH	w43:371	executor unavailable	n0*=pixel_shuffle(L0,·)
CRASH	w43:370	executor unavailable	n0*=atan2.out(L0,L1,·)
SKIP	w43:584	executor ExecutorchInvalidArgumentException: [ExecuTorch Error 0x12] Invalid argument: Execution failed for method: forward	n0*=native_group_norm(L0,·,·,·,·,·,·,·)
SKIP	w43:587	executor ExecutorchInvalidArgumentException: [ExecuTorch Error 0x12] Invalid argument: Execution failed for method: forward	n0*=_pdist_forward(L0,·)
SKIP	w43:615	executor ExecutorchRuntimeException: [ExecuTorch Error 0x14] Operator missing: Execution failed for method: forward	n0*=_fft_r2c(L0,·,·,·)
CRASH	w43:429	executor unavailable	n0*=bitwise_and.Scalar_out(L0,·,·)
CRASH	w43:607	executor process died (native abort)	n0*=max_pool2d_with_indices_backward.grad_input(L0,L1,·,·,·,·,·,L2,L3)
CRASH	w43:442	executor unavailable	n0*=mean(L0,·)
MISMATCH	w43:678	out[0] max|delta|=7.206e+16 (rtol=0.0 atol=0.0)	n0*=bitwise_left_shift.Tensor_Scalar(L0,·)
SKIP	w43:680	executor ExecutorchInvalidArgumentException: [ExecuTorch Error 0x12] Invalid argument: Execution failed for method: forward	n0*=scatter_add.out(L0,·,L1,L2,·)
CRASH	w43:468	executor unavailable	n0*=native_layer_norm(L0,·,·,·,·)
MISMATCH	w43:70	out[0] max|delta|=4.612e+18 (rtol=0.01 atol=0.001)	n0*=bitwise_left_shift.Tensor_Scalar_out(L0,·,·)
SKIP	w43:705	executor ExecutorchInvalidArgumentException: [ExecuTorch Error 0x12] Invalid argument: Execution failed for method: forward	n0*=arange.start_out(·,·,·,·)
MISMATCH	w43:722	out[0] non-finite mismatch (nan/inf positions differ)	n0*=grid_sampler_2d(L0,L1,·,·,·)
MISMATCH	w43:73	out[0] max|delta|=6.918e+18 (rtol=0.0 atol=0.0)	n0*=bitwise_left_shift.Tensor_out(L0,L1,·)
SKIP	w43:730	executor ExecutorchInvalidArgumentException: [ExecuTorch Error 0x12] Invalid argument: Execution failed for method: forward	n0*=native_group_norm(L0,·,·,·,·,·,·,·)
MISMATCH	w43:754	out[0] non-finite mismatch (nan/inf positions differ)	n0*=bitwise_left_shift.Tensor_Scalar_out(L0,·,·)
MISMATCH	w43:774	out[0] shape (1, 1, 1, 1) vs (0, 0, 0, 0, 0)	n0*=topk.values(L0,·,·,·,·,L1,L2)
MISMATCH	w43:90	out[0] shape (1, 1, 1, 1) vs (0, 0, 0, 0, 0)	n0*=topk.values(L0,·,·,·,·,L1,L2)
SKIP	w43:92	executor ExecutorchInvalidArgumentException: [ExecuTorch Error 0x12] Invalid argument: Execution failed for method: forward	n0*=copy(L0,L1,·)
MISMATCH	w44:119	out[0] max|delta|=7.206e+16 (rtol=0.01 atol=0.001)	n0*=bitwise_left_shift.Tensor_Scalar_out(L0,·,·)
MISMATCH	w44:122	out[0] max|delta|=1.611e+09 (rtol=0.0 atol=0.0)	n0*=bitwise_left_shift.Tensor_out(L0,L1,·)
MISMATCH	w44:154	out[0] non-finite mismatch (nan/inf positions differ)	n0*=logit(L0,·)
MISMATCH	w44:155	out[0] non-finite mismatch (nan/inf positions differ)	n0*=gelu.out(L0,·,·)
SKIP	w44:177	executor ExecutorchInvalidArgumentException: [ExecuTorch Error 0x12] Invalid argument: Execution failed for method: forward	n0*=native_group_norm(L0,·,·,·,·,·,·,·)
SKIP	w44:180	executor ExecutorchInvalidArgumentException: [ExecuTorch Error 0x12] Invalid argument: Execution failed for method: forward	n0*=_pdist_forward(L0,·)
SKIP	w44:208	executor ExecutorchRuntimeException: [ExecuTorch Error 0x14] Operator missing: Execution failed for method: forward	n0*=_fft_r2c(L0,·,·,·)
CRASH	w43:540	executor unavailable	n0*=index.Tensor_out(L0,·,·)
CRASH	w43:555	executor unavailable	n0*=pow.Tensor_Scalar_out(L0,·,·)
CRASH	w43:647	executor unavailable	n0*=gt.Scalar_out(L0,·,·)
CRASH	w43:656	executor unavailable	n0*=full.out(·,·,·)
MISMATCH	w44:271	out[0] max|delta|=1.007e+08 (rtol=0.0 atol=0.0)	n0*=bitwise_left_shift.Tensor_Scalar(L0,·)
CRASH	w43:736	executor unavailable	n0*=lt.Scalar_out(L0,·,·)
CRASH	w43:744	executor unavailable	n0*=roll(L0,·,·)
CRASH	w43:773	executor unavailable	n0*=narrow_copy(L0,·,·,·)
CRASH	w43:777	executor unavailable	n0*=stack(·,·)
MISMATCH	w44:315	out[0] non-finite mismatch (nan/inf positions differ)	n0*=grid_sampler_2d(L0,L1,·,·,·)
SKIP	w44:318	executor ExecutorchInvalidArgumentException: [ExecuTorch Error 0x12] Invalid argument: Execution failed for method: forward	n0*=convolution(L0,L1,·,·,·,·,·,·,·)
SKIP	w44:323	executor ExecutorchInvalidArgumentException: [ExecuTorch Error 0x12] Invalid argument: Execution failed for method: forward	n0*=native_group_norm(L0,·,·,·,·,·,·,·)
MISMATCH	w44:347	out[0] non-finite mismatch (nan/inf positions differ)	n0*=bitwise_left_shift.Tensor_Scalar_out(L0,·,·)
CRASH	w44:136	executor unavailable	n0*=replication_pad1d.out(L0,·,·)
SKIP	w44:298	executor ExecutorchInvalidArgumentException: [ExecuTorch Error 0x12] Invalid argument: Execution failed for method: forward	n0*=arange.start_out(·,·,·,·)
MISMATCH	w44:367	out[0] shape (0, 0, 0) vs (0, 0, 0, 0)	n0*=topk.values(L0,·,·,·,·,L1,L2)
CRASH	w44:182	executor unavailable	n0*=clone(L0,·)
MISMATCH	w44:381	out[0] shape (1, 1) vs (0, 0, 0)	n0*=min.dim_min(L0,·,·,L1,L2)
MISMATCH	w44:382	out[0] non-finite mismatch (nan/inf positions differ)	n0*=logit(L0,·)
MISMATCH	w44:383	out[0] non-finite mismatch (nan/inf positions differ)	n0*=gelu.out(L0,·,·)
CRASH	w44:191	executor unavailable	n0*=atan2.out(L0,L1,·)
SKIP	w44:408	executor ExecutorchInvalidArgumentException: [ExecuTorch Error 0x12] Invalid argument: Execution failed for method: forward	n0*=_pdist_forward(L0,·)
MISMATCH	w44:43	out[0] max|delta|=2.306e+18 (rtol=0.0 atol=0.0)	n0*=bitwise_left_shift.Tensor_Scalar(L0,·)
SKIP	w44:436	executor ExecutorchRuntimeException: [ExecuTorch Error 0x14] Operator missing: Execution failed for method: forward	n0*=_fft_r2c(L0,·,·,·)
SKIP	w44:45	executor ExecutorchInvalidArgumentException: [ExecuTorch Error 0x12] Invalid argument: Execution failed for method: forward	n0*=scatter_add.out(L0,·,L1,L2,·)
CRASH	w44:428	executor process died (native abort)	n0*=max_pool2d_with_indices_backward.grad_input(L0,L1,·,·,·,·,·,L2,L3)
SKIP	w44:526	executor ExecutorchInvalidArgumentException: [ExecuTorch Error 0x12] Invalid argument: Execution failed for method: forward	n0*=arange.start_out(·,·,·,·)
SKIP	w44:551	executor ExecutorchInvalidArgumentException: [ExecuTorch Error 0x12] Invalid argument: Execution failed for method: forward	n0*=native_group_norm(L0,·,·,·,·,·,·,·)
MISMATCH	w44:578	out[0] non-finite mismatch (nan/inf positions differ)	n0*=bitwise_left_shift.Tensor_out(L0,L1,·)
CRASH	w44:236	executor unavailable	n0*=masked_scatter(L0,L1,L2)
MISMATCH	w44:595	out[0] shape (1, 1, 1, 1) vs (0, 0, 0, 0, 0)	n0*=topk.values(L0,·,·,·,·,L1,L2)
MISMATCH	w44:611	out[0] non-finite mismatch (nan/inf positions differ)	n0*=gelu.out(L0,·,·)
SKIP	w44:633	executor ExecutorchInvalidArgumentException: [ExecuTorch Error 0x12] Invalid argument: Execution failed for method: forward	n0*=native_group_norm(L0,·,·,·,·,·,·,·)
SKIP	w44:636	executor ExecutorchInvalidArgumentException: [ExecuTorch Error 0x12] Invalid argument: Execution failed for method: forward	n0*=_pdist_forward(L0,·)
CRASH	w44:297	executor unavailable	n0*=amax.out(L0,·,·,·)
CRASH	w44:354	executor unavailable	n0*=abs.out(L0,·)
CRASH	w44:656	executor process died (native abort)	n0*=max_pool2d_with_indices_backward.grad_input(L0,L1,·,·,·,·,·,L2,L3)
CRASH	w44:404	executor unavailable	n0*=ne.Scalar_out(L0,·,·)
CRASH	w44:405	executor unavailable	n0*=native_group_norm(L0,·,·,·,·,·,·,·)
SKIP	w44:648	executor ExecutorchRuntimeException: [ExecuTorch Error 0x1] Internal error: Execution failed for method: forward	n0*=pixel_shuffle(L0,·)
CRASH	w44:49	executor unavailable	n0*=bitwise_right_shift.Tensor_Scalar_out(L0,·,·)
SKIP	w44:664	executor ExecutorchRuntimeException: [ExecuTorch Error 0x14] Operator missing: Execution failed for method: forward	n0*=_fft_r2c(L0,·,·,·)
MISMATCH	w44:669	out[0] non-finite mismatch (nan/inf positions differ)	n0*=native_layer_norm(L0,·,·,·,·)
CRASH	w44:51	executor unavailable	n0*=expand_copy(L0,·,·)
CRASH	w44:520	executor unavailable	n0*=pixel_unshuffle(L0,·)
SKIP	w44:70	executor ExecutorchInvalidArgumentException: [ExecuTorch Error 0x12] Invalid argument: Execution failed for method: forward	n0*=arange.start_out(·,·,·,·)
SKIP	w44:7	executor ExecutorchRuntimeException: [ExecuTorch Error 0x1] Internal error: Execution failed for method: forward	n0*=_softmax.out(L0,·,·,·)
CRASH	w44:585	executor unavailable	n0*=logit.out(L0,·,·)
MISMATCH	w44:720	out[0] max|delta|=3.000e+00 (rtol=0.0 atol=0.0)	n0*=remainder.Scalar(L0,·)
MISMATCH	w44:727	out[0] max|delta|=2.306e+18 (rtol=0.0 atol=0.0)	n0*=bitwise_left_shift.Tensor_Scalar(L0,·)
CRASH	w44:596	executor unavailable	n0*=masked_fill.Scalar(L0,L1,·)
SKIP	w44:729	executor ExecutorchInvalidArgumentException: [ExecuTorch Error 0x12] Invalid argument: Execution failed for method: forward	n0*=scatter_add.out(L0,·,L1,L2,·)
CRASH	w44:60	executor unavailable	n0*=floor.out(L0,·)
MISMATCH	w44:749	out[0] max|delta|=6.000e+00 (rtol=0.0 atol=0.0)	n0*=remainder.Scalar_out(L0,·,·)
SKIP	w44:754	executor ExecutorchInvalidArgumentException: [ExecuTorch Error 0x12] Invalid argument: Execution failed for method: forward	n0*=arange.start_out(·,·,·,·)
MISMATCH	w44:771	out[0] non-finite mismatch (nan/inf positions differ)	n0*=grid_sampler_2d(L0,L1,·,·,·)
SKIP	w44:779	executor ExecutorchInvalidArgumentException: [ExecuTorch Error 0x12] Invalid argument: Execution failed for method: forward	n0*=native_group_norm(L0,·,·,·,·,·,·,·)
SKIP	w44:9	executor IllegalArgumentException: unsupported input dtype code 24 on Android	n0*=linear.out(L0,L1,·,·)
SKIP	w44:95	executor ExecutorchInvalidArgumentException: [ExecuTorch Error 0x12] Invalid argument: Execution failed for method: forward	n0*=native_group_norm(L0,·,·,·,·,·,·,·)
SKIP	w45:109	executor ExecutorchInvalidArgumentException: [ExecuTorch Error 0x12] Invalid argument: Execution failed for method: forward	n0*=native_group_norm(L0,·,·,·,·,·,·,·)
CRASH	w44:623	executor unavailable	n0*=reciprocal.out(L0,·)
MISMATCH	w45:153	out[0] shape (0, 0) vs (0, 0, 0, 0, 0)	n0*=topk.values(L0,·,·,·,·,L1,L2)
SKIP	w45:155	executor ExecutorchInvalidArgumentException: [ExecuTorch Error 0x12] Invalid argument: Execution failed for method: forward	n0*=copy(L0,L1,·)
SKIP	w44:735	executor ExecutorchInvalidArgumentException: [ExecuTorch Error 0x12] Invalid argument: Execution failed for method: forward	n0*=expand_copy(L0,·,·)
SKIP	w45:191	executor ExecutorchInvalidArgumentException: [ExecuTorch Error 0x12] Invalid argument: Execution failed for method: forward	n0*=native_group_norm(L0,·,·,·,·,·,·,·)
SKIP	w45:194	executor ExecutorchInvalidArgumentException: [ExecuTorch Error 0x12] Invalid argument: Execution failed for method: forward	n0*=_pdist_forward(L0,·)
SKIP	w45:222	executor ExecutorchRuntimeException: [ExecuTorch Error 0x14] Operator missing: Execution failed for method: forward	n0*=_fft_r2c(L0,·,·,·)
CRASH	w44:646	executor unavailable	n0*=mul.Scalar(L0,·)
SKIP	w45:249	executor ExecutorchRuntimeException: [ExecuTorch Error 0x1] Internal error: Execution failed for method: forward	n0*=_softmax.out(L0,·,·,·)
SKIP	w45:251	executor IllegalArgumentException: unsupported input dtype code 24 on Android	n0*=linear.out(L0,L1,·,·)
SKIP	w45:293	executor ExecutorchInvalidArgumentException: [ExecuTorch Error 0x12] Invalid argument: Execution failed for method: forward	n0*=expand_copy(L0,·,·)
SKIP	w45:312	executor ExecutorchInvalidArgumentException: [ExecuTorch Error 0x12] Invalid argument: Execution failed for method: forward	n0*=arange.start_out(·,·,·,·)
SKIP	w45:337	executor ExecutorchInvalidArgumentException: [ExecuTorch Error 0x12] Invalid argument: Execution failed for method: forward	n0*=native_group_norm(L0,·,·,·,·,·,·,·)
MISMATCH	w45:361	out[0] max|delta|=8.647e+17 (rtol=0.0 atol=0.0)	n0*=bitwise_left_shift.Tensor_Scalar_out(L0,·,·)
MISMATCH	w45:364	out[0] max|delta|=6.918e+18 (rtol=0.0 atol=0.0)	n0*=bitwise_left_shift.Tensor_out(L0,L1,·)
MISMATCH	w45:397	out[0] non-finite mismatch (nan/inf positions differ)	n0*=gelu.out(L0,·,·)
MISMATCH	w45:410	out[0] max|delta|=3.000e+00 (rtol=0.01 atol=0.001)	n0*=remainder.Tensor_out(L0,L1,·)
MISMATCH	w45:435	out[0] non-finite mismatch (nan/inf positions differ)	n0*=log.out(L0,·)
SKIP	w45:450	executor ExecutorchRuntimeException: [ExecuTorch Error 0x14] Operator missing: Execution failed for method: forward	n0*=_fft_r2c(L0,·,·,·)
MISMATCH	w45:506	out[0] max|delta|=7.000e+00 (rtol=0.0 atol=0.0)	n0*=remainder.Scalar(L0,·)
MISMATCH	w45:531	out[0] non-finite mismatch (nan/inf positions differ)	n0*=native_layer_norm(L0,·,·,·,·)
SKIP	w45:540	executor ExecutorchInvalidArgumentException: [ExecuTorch Error 0x12] Invalid argument: Execution failed for method: forward	n0*=arange.start_out(·,·,·,·)
SKIP	w45:565	executor ExecutorchInvalidArgumentException: [ExecuTorch Error 0x12] Invalid argument: Execution failed for method: forward	n0*=native_group_norm(L0,·,·,·,·,·,·,·)
CRASH	w44:84	executor unavailable	n0*=eq.Tensor_out(L0,L1,·)
CRASH	w45:107	executor unavailable	n0*=logical_or(L0,L1)
MISMATCH	w45:592	out[0] max|delta|=6.918e+18 (rtol=0.01 atol=0.001)	n0*=bitwise_left_shift.Tensor_out(L0,L1,·)
MISMATCH	w45:609	out[0] shape (1,) vs (0, 0, 0, 0, 0)	n0*=topk.values(L0,·,·,·,·,L1,L2)
MISMATCH	w45:625	out[0] non-finite mismatch (nan/inf positions differ)	n0*=gelu.out(L0,·,·)
CRASH	w45:219	executor unavailable	n0*=clamp.Tensor_out(L0,·,·,·)
MISMATCH	w45:645	out[0] max|delta|=3.999e-01 (rtol=0.01 atol=0.001)	n0*=_native_batch_norm_legit.no_stats(L0,·,·,·,·,·)
SKIP	w45:647	executor ExecutorchInvalidArgumentException: [ExecuTorch Error 0x12] Invalid argument: Execution failed for method: forward	n0*=native_group_norm(L0,·,·,·,·,·,·,·)
CRASH	w45:267	executor unavailable	n0*=neg.out(L0,·)
SKIP	w45:65	executor ExecutorchInvalidArgumentException: [ExecuTorch Error 0x12] Invalid argument: Execution failed for method: forward	n0*=expand_copy(L0,·,·)
SKIP	w45:650	executor ExecutorchInvalidArgumentException: [ExecuTorch Error 0x12] Invalid argument: Execution failed for method: forward	n0*=_pdist_forward(L0,·)
CRASH	w45:305	executor unavailable	n0*=alias_copy(L0)
CRASH	w45:390	executor unavailable	n0*=pow.Tensor_Scalar_out(L0,·,·)
CRASH	w45:393	executor unavailable	n0*=argmin.out(L0,·,·,·)
CRASH	w45:405	executor unavailable	n0*=bitwise_or.Scalar(L0,·)
SKIP	w45:678	executor ExecutorchRuntimeException: [ExecuTorch Error 0x14] Operator missing: Execution failed for method: forward	n0*=_fft_r2c(L0,·,·,·)
CRASH	w45:439	executor unavailable	n0*=tan.out(L0,·)
MISMATCH	w45:75	out[0] non-finite mismatch (nan/inf positions differ)	n0*=native_layer_norm(L0,·,·,·,·)
SKIP	w45:749	executor ExecutorchInvalidArgumentException: [ExecuTorch Error 0x12] Invalid argument: Execution failed for method: forward	n0*=expand_copy(L0,·,·)
CRASH	w45:492	executor unavailable	n0*=bitwise_and.Scalar_out(L0,·,·)
CRASH	w45:50	executor unavailable	n0*=remainder.Scalar(L0,·)
SKIP	w45:84	executor ExecutorchInvalidArgumentException: [ExecuTorch Error 0x12] Invalid argument: Execution failed for method: forward	n0*=arange.start_out(·,·,·,·)
SKIP	w46:107	executor ExecutorchInvalidArgumentException: [ExecuTorch Error 0x12] Invalid argument: Execution failed for method: forward	n0*=native_group_norm(L0,·,·,·,·,·,·,·)
MISMATCH	w46:131	out[0] max|delta|=9.223e+18 (rtol=0.01 atol=0.001)	n0*=bitwise_left_shift.Tensor_Scalar_out(L0,·,·)
MISMATCH	w46:134	out[0] max|delta|=2.147e+09 (rtol=0.0 atol=0.0)	n0*=bitwise_left_shift.Tensor_out(L0,L1,·)
SKIP	w46:153	executor ExecutorchInvalidArgumentException: [ExecuTorch Error 0x12] Invalid argument: Execution failed for method: forward	n0*=copy(L0,L1,·)
MISMATCH	w46:167	out[0] non-finite mismatch (nan/inf positions differ)	n0*=gelu.out(L0,·,·)
SKIP	w46:189	executor ExecutorchInvalidArgumentException: [ExecuTorch Error 0x12] Invalid argument: Execution failed for method: forward	n0*=native_group_norm(L0,·,·,·,·,·,·,·)
SKIP	w46:192	executor ExecutorchInvalidArgumentException: [ExecuTorch Error 0x12] Invalid argument: Execution failed for method: forward	n0*=_pdist_forward(L0,·)
MISMATCH	w46:205	out[0] non-finite mismatch (nan/inf positions differ)	n0*=log.out(L0,·)
SKIP	w46:21	executor IllegalArgumentException: unsupported input dtype code 24 on Android	n0*=linear.out(L0,L1,·,·)
SKIP	w46:220	executor ExecutorchRuntimeException: [ExecuTorch Error 0x14] Operator missing: Execution failed for method: forward	n0*=_fft_r2c(L0,·,·,·)
SKIP	w45:768	executor ExecutorchInvalidArgumentException: [ExecuTorch Error 0x12] Invalid argument: Execution failed for method: forward	n0*=arange.start_out(·,·,·,·)
MISMATCH	w46:244	out[0] max|delta|=8.000e+00 (rtol=0.0 atol=0.0)	n0*=bitwise_right_shift.Tensor_Scalar(L0,·)
SKIP	w46:291	executor ExecutorchInvalidArgumentException: [ExecuTorch Error 0x12] Invalid argument: Execution failed for method: forward	n0*=expand_copy(L0,·,·)
SKIP	w46:310	executor ExecutorchInvalidArgumentException: [ExecuTorch Error 0x12] Invalid argument: Execution failed for method: forward	n0*=arange.start_out(·,·,·,·)
CRASH	w45:644	executor unavailable	n0*=div.Scalar(L0,·)
CRASH	w45:659	executor unavailable	n0*=min(L0)
SKIP	w46:335	executor ExecutorchInvalidArgumentException: [ExecuTorch Error 0x12] Invalid argument: Execution failed for method: forward	n0*=native_group_norm(L0,·,·,·,·,·,·,·)
CRASH	w45:758	executor unavailable	n0*=floor.out(L0,·)
MISMATCH	w46:362	out[0] non-finite mismatch (nan/inf positions differ)	n0*=bitwise_left_shift.Tensor_out(L0,L1,·)
MISMATCH	w46:379	out[0] shape (1, 1, 1, 1) vs (0, 0, 0, 0, 0)	n0*=topk.values(L0,·,·,·,·,L1,L2)
CRASH	w45:779	executor unavailable	n0*=eq.Scalar_out(L0,·,·)
CRASH	w46:101	executor unavailable	n0*=logical_not.out(L0,·)
CRASH	w46:16	executor unavailable	n0*=bitwise_right_shift.Tensor_Scalar(L0,·)
MISMATCH	w46:408	out[0] max|delta|=3.000e+00 (rtol=0.01 atol=0.001)	n0*=remainder.Tensor_out(L0,L1,·)
CRASH	w46:2	executor unavailable	n0*=pixel_unshuffle(L0,·)
CRASH	w46:209	executor unavailable	n0*=tan.out(L0,·)
SKIP	w46:417	executor ExecutorchInvalidArgumentException: [ExecuTorch Error 0x12] Invalid argument: Execution failed for method: forward	n0*=native_group_norm(L0,·,·,·,·,·,·,·)
SKIP	w46:420	executor ExecutorchInvalidArgumentException: [ExecuTorch Error 0x12] Invalid argument: Execution failed for method: forward	n0*=_pdist_forward(L0,·)
SKIP	w46:381	executor ExecutorchInvalidArgumentException: [ExecuTorch Error 0x12] Invalid argument: Execution failed for method: forward	n0*=copy(L0,L1,·)
CRASH	w46:233	executor unavailable	n0*=t_copy(L0)
MISMATCH	w46:433	out[0] non-finite mismatch (nan/inf positions differ)	n0*=log.out(L0,·)
SKIP	w46:448	executor ExecutorchRuntimeException: [ExecuTorch Error 0x14] Operator missing: Execution failed for method: forward	n0*=_fft_r2c(L0,·,·,·)
SKIP	w46:458	executor ExecutorchRuntimeException: [ExecuTorch Error 0x1] Internal error: Execution failed for method: forward	n0*=pixel_unshuffle(L0,·)
CRASH	w46:265	executor unavailable	n0*=neg.out(L0,·)
MISMATCH	w46:472	out[0] max|delta|=1.280e+02 (rtol=0.0 atol=0.0)	n0*=bitwise_right_shift.Tensor_Scalar(L0,·)
CRASH	w46:307	executor unavailable	n0*=atanh.out(L0,·)
SKIP	w46:538	executor ExecutorchInvalidArgumentException: [ExecuTorch Error 0x12] Invalid argument: Execution failed for method: forward	n0*=arange.start_out(·,·,·,·)
SKIP	w46:544	executor ExecutorchInvalidArgumentException: [ExecuTorch Error 0x12] Invalid argument: Execution failed for method: forward	n0*=scatter.value_out(L0,·,L1,·,·)
MISMATCH	w46:55	out[0] max|delta|=1.342e+08 (rtol=0.0 atol=0.0)	n0*=bitwise_left_shift.Tensor_Scalar(L0,·)
MISMATCH	w46:555	out[0] non-finite mismatch (nan/inf positions differ)	n0*=grid_sampler_2d(L0,L1,·,·,·)
MISMATCH	w46:587	out[0] max|delta|=4.612e+18 (rtol=0.0 atol=0.0)	n0*=bitwise_left_shift.Tensor_Scalar_out(L0,·,·)
CRASH	w46:329	executor unavailable	n0*=logical_not.out(L0,·)
MISMATCH	w46:590	out[0] max|delta|=2.147e+09 (rtol=0.0 atol=0.0)	n0*=bitwise_left_shift.Tensor_out(L0,L1,·)
SKIP	w46:609	executor ExecutorchInvalidArgumentException: [ExecuTorch Error 0x12] Invalid argument: Execution failed for method: forward	n0*=copy(L0,L1,·)
SKIP	w46:63	executor ExecutorchInvalidArgumentException: [ExecuTorch Error 0x12] Invalid argument: Execution failed for method: forward	n0*=expand_copy(L0,·,·)
MISMATCH	w46:637	out[0] max|delta|=4.000e+00 (rtol=0.0 atol=0.0)	n0*=fmod.Scalar(L0,·)
MISMATCH	w46:643	out[0] non-finite mismatch (nan/inf positions differ)	n0*=_native_batch_norm_legit.no_stats(L0,·,·,·,·,·)
SKIP	w46:645	executor ExecutorchInvalidArgumentException: [ExecuTorch Error 0x12] Invalid argument: Execution failed for method: forward	n0*=native_group_norm(L0,·,·,·,·,·,·,·)
SKIP	w46:648	executor ExecutorchInvalidArgumentException: [ExecuTorch Error 0x12] Invalid argument: Execution failed for method: forward	n0*=_pdist_forward(L0,·)
MISMATCH	w46:661	out[0] non-finite mismatch (nan/inf positions differ)	n0*=log.out(L0,·)
SKIP	w46:676	executor ExecutorchRuntimeException: [ExecuTorch Error 0x14] Operator missing: Execution failed for method: forward	n0*=_fft_r2c(L0,·,·,·)
CRASH	w46:668	executor process died (native abort)	n0*=max_pool2d_with_indices_backward.grad_input(L0,L1,·,·,·,·,·,L2,L3)
MISMATCH	w46:753	out[0] max|delta|=1.000e+00 (rtol=0.0 atol=0.0)	n0*=prod(L0,·)
SKIP	w46:766	executor ExecutorchInvalidArgumentException: [ExecuTorch Error 0x12] Invalid argument: Execution failed for method: forward	n0*=arange.start_out(·,·,·,·)
SKIP	w46:82	executor ExecutorchInvalidArgumentException: [ExecuTorch Error 0x12] Invalid argument: Execution failed for method: forward	n0*=arange.start_out(·,·,·,·)
MISMATCH	w47:1	out[0] non-finite mismatch (nan/inf positions differ)	n0*=gelu.out(L0,·,·)
MISMATCH	w47:100	out[0] non-finite mismatch (nan/inf positions differ)	n0*=addmm.out(L0,L1,L2,·,·,·)
CRASH	w46:449	executor unavailable	n0*=ones.out(·,·)
CRASH	w46:48	executor unavailable	n0*=remainder.Scalar(L0,·)
SKIP	w47:144	executor ExecutorchInvalidArgumentException: [ExecuTorch Error 0x12] Invalid argument: Execution failed for method: forward	n0*=arange.start_out(·,·,·,·)
SKIP	w47:169	executor ExecutorchInvalidArgumentException: [ExecuTorch Error 0x12] Invalid argument: Execution failed for method: forward	n0*=native_group_norm(L0,·,·,·,·,·,·,·)
CRASH	w46:621	executor unavailable	n0*=min.dim_min(L0,·,·,L1,L2)
CRASH	w46:623	executor unavailable	n0*=gelu.out(L0,·,·)
CRASH	w46:625	executor unavailable	n0*=bmm.out(L0,L1,·)
CRASH	w46:724	executor unavailable	n0*=slice_copy.Tensor(L0,·,·,·,·)
CRASH	w46:745	executor unavailable	n0*=bitwise_right_shift.Tensor_Scalar_out(L0,·,·)
CRASH	w46:755	executor unavailable	n0*=bitwise_xor.Tensor_out(L0,L1,·)
MISMATCH	w47:203	out[0] non-finite mismatch (nan/inf positions differ)	n0*=logit.out(L0,·,·)
MISMATCH	w47:21	out[0] max|delta|=3.999e-01 (rtol=0.01 atol=0.001)	n0*=_native_batch_norm_legit.no_stats(L0,·,·,·,·,·)
MISMATCH	w47:213	out[0] shape (0, 0, 0, 0) vs (0, 0, 0, 0, 0)	n0*=topk.values(L0,·,·,·,·,L1,L2)
CRASH	w46:773	executor unavailable	n0*=sub.Scalar(L0,·,·)
SKIP	w47:215	executor ExecutorchInvalidArgumentException: [ExecuTorch Error 0x12] Invalid argument: Execution failed for method: forward	n0*=copy(L0,L1,·)
MISMATCH	w47:228	out[0] non-finite mismatch (nan/inf positions differ)	n0*=logit(L0,·)
SKIP	w47:23	executor ExecutorchInvalidArgumentException: [ExecuTorch Error 0x12] Invalid argument: Execution failed for method: forward	n0*=native_group_norm(L0,·,·,·,·,·,·,·)
MISMATCH	w47:242	out[0] max|delta|=4.000e+00 (rtol=0.01 atol=0.001)	n0*=remainder.Tensor_out(L0,L1,·)
SKIP	w47:254	executor ExecutorchInvalidArgumentException: [ExecuTorch Error 0x12] Invalid argument: Execution failed for method: forward	n0*=_pdist_forward(L0,·)
MISMATCH	w47:267	out[0] non-finite mismatch (nan/inf positions differ)	n0*=log.out(L0,·)
CRASH	w47:105	executor unavailable	n0*=logical_and(L0,L1)
SKIP	w47:282	executor ExecutorchRuntimeException: [ExecuTorch Error 0x14] Operator missing: Execution failed for method: forward	n0*=_fft_r2c(L0,·,·,·)
CRASH	w47:115	executor unavailable	n0*=sqrt.out(L0,·)
SKIP	w47:353	executor ExecutorchInvalidArgumentException: [ExecuTorch Error 0x12] Invalid argument: Execution failed for method: forward	n0*=expand_copy(L0,·,·)
SKIP	w47:372	executor ExecutorchInvalidArgumentException: [ExecuTorch Error 0x12] Invalid argument: Execution failed for method: forward	n0*=arange.start_out(·,·,·,·)
CRASH	w47:141	executor unavailable	n0*=atanh.out(L0,·)
MISMATCH	w47:39	out[0] non-finite mismatch (nan/inf positions differ)	n0*=log.out(L0,·)
SKIP	w47:397	executor ExecutorchInvalidArgumentException: [ExecuTorch Error 0x12] Invalid argument: Execution failed for method: forward	n0*=native_group_norm(L0,·,·,·,·,·,·,·)
MISMATCH	w47:424	out[0] max|delta|=9.223e+18 (rtol=0.01 atol=0.001)	n0*=bitwise_left_shift.Tensor_out(L0,L1,·)
MISMATCH	w47:431	out[0] non-finite mismatch (nan/inf positions differ)	n0*=logit.out(L0,·,·)
SKIP	w47:216	executor ExecutorchInvalidArgumentException: [ExecuTorch Error 0x12] Invalid argument: Execution failed for method: forward	n0*=stack(·,·)
SKIP	w47:436	executor ExecutorchInvalidArgumentException: [ExecuTorch Error 0x12] Invalid argument: Execution failed for method: forward	n0*=scatter.src_out(L0,·,L1,L2,·)
SKIP	w47:443	executor ExecutorchInvalidArgumentException: [ExecuTorch Error 0x12] Invalid argument: Execution failed for method: forward	n0*=copy(L0,L1,·)
MISMATCH	w47:441	out[0] shape (0, 0, 0, 0) vs (0, 0, 0, 0, 0)	n0*=topk.values(L0,·,·,·,·,L1,L2)
MISMATCH	w47:457	out[0] non-finite mismatch (nan/inf positions differ)	n0*=gelu.out(L0,·,·)
SKIP	w47:479	executor ExecutorchInvalidArgumentException: [ExecuTorch Error 0x12] Invalid argument: Execution failed for method: forward	n0*=native_group_norm(L0,·,·,·,·,·,·,·)
SKIP	w47:482	executor ExecutorchInvalidArgumentException: [ExecuTorch Error 0x12] Invalid argument: Execution failed for method: forward	n0*=_pdist_forward(L0,·)
MISMATCH	w47:495	out[0] non-finite mismatch (nan/inf positions differ)	n0*=log.out(L0,·)
SKIP	w47:510	executor ExecutorchRuntimeException: [ExecuTorch Error 0x14] Operator missing: Execution failed for method: forward	n0*=_fft_r2c(L0,·,·,·)
SKIP	w47:54	executor ExecutorchRuntimeException: [ExecuTorch Error 0x14] Operator missing: Execution failed for method: forward	n0*=_fft_r2c(L0,·,·,·)
MISMATCH	w47:573	out[0] max|delta|=1.342e+08 (rtol=0.0 atol=0.0)	n0*=bitwise_left_shift.Tensor_Scalar(L0,·)
SKIP	w47:38	executor ExecutorchRuntimeException: [ExecuTorch Error 0x1] Internal error: Execution failed for method: forward	n0*=pixel_shuffle(L0,·)
SKIP	w47:600	executor ExecutorchInvalidArgumentException: [ExecuTorch Error 0x12] Invalid argument: Execution failed for method: forward	n0*=arange.start_out(·,·,·,·)
SKIP	w47:625	executor ExecutorchInvalidArgumentException: [ExecuTorch Error 0x12] Invalid argument: Execution failed for method: forward	n0*=native_group_norm(L0,·,·,·,·,·,·,·)
SKIP	w47:64	executor ExecutorchRuntimeException: [ExecuTorch Error 0x1] Internal error: Execution failed for method: forward	n0*=pixel_unshuffle(L0,·)
MISMATCH	w47:652	out[0] non-finite mismatch (nan/inf positions differ)	n0*=bitwise_left_shift.Tensor_out(L0,L1,·)
MISMATCH	w47:659	out[0] non-finite mismatch (nan/inf positions differ)	n0*=logit.out(L0,·,·)
CRASH	w47:295	executor unavailable	n0*=t_copy(L0)
CRASH	w47:362	executor unavailable	n0*=floor.out(L0,·)
CRASH	w47:42	executor unavailable	n0*=bitwise_xor.Scalar(L0,·)
CRASH	w47:429	executor unavailable	n0*=index_put(L0,·,L1,·)
CRASH	w47:451	executor unavailable	n0*=bitwise_or.Scalar_out(L0,·,·)
MISMATCH	w47:685	out[0] non-finite mismatch (nan/inf positions differ)	n0*=gelu.out(L0,·,·)
CRASH	w47:503	executor unavailable	n0*=cumsum.out(L0,·,·,·)
CRASH	w47:524	executor unavailable	n0*=_upsample_bilinear2d_aa.out(L0,·,·,·,·,·)
CRASH	w47:546	executor unavailable	n0*=floor_divide(L0,L1)
SKIP	w47:707	executor ExecutorchInvalidArgumentException: [ExecuTorch Error 0x12] Invalid argument: Execution failed for method: forward	n0*=native_group_norm(L0,·,·,·,·,·,·,·)
SKIP	w47:710	executor ExecutorchInvalidArgumentException: [ExecuTorch Error 0x12] Invalid argument: Execution failed for method: forward	n0*=_pdist_forward(L0,·)
CRASH	w47:594	executor unavailable	n0*=pixel_unshuffle(L0,·)
CRASH	w47:596	executor unavailable	n0*=lift_fresh_copy(L0)
SKIP	w47:738	executor ExecutorchRuntimeException: [ExecuTorch Error 0x14] Operator missing: Execution failed for method: forward	n0*=_fft_r2c(L0,·,·,·)
SKIP	w48:117	executor ExecutorchInvalidArgumentException: [ExecuTorch Error 0x12] Invalid argument: Execution failed for method: forward	n0*=arange.start_out(·,·,·,·)
SKIP	w48:123	executor ExecutorchInvalidArgumentException: [ExecuTorch Error 0x12] Invalid argument: Execution failed for method: forward	n0*=scatter.value_out(L0,·,L1,·,·)
CRASH	w47:644	executor unavailable	n0*=replication_pad2d.out(L0,·,·)
SKIP	w48:137	executor ExecutorchInvalidArgumentException: [ExecuTorch Error 0x12] Invalid argument: Execution failed for method: forward	n0*=convolution(L0,L1,·,·,·,·,·,·,·)
SKIP	w48:142	executor ExecutorchInvalidArgumentException: [ExecuTorch Error 0x12] Invalid argument: Execution failed for method: forward	n0*=native_group_norm(L0,·,·,·,·,·,·,·)
CRASH	w47:666	executor unavailable	n0*=replication_pad1d.out(L0,·,·)
MISMATCH	w48:166	out[0] max|delta|=9.223e+18 (rtol=0.0 atol=0.0)	n0*=bitwise_left_shift.Tensor_Scalar_out(L0,·,·)
MISMATCH	w48:169	out[0] max|delta|=6.918e+18 (rtol=0.01 atol=0.001)	n0*=bitwise_left_shift.Tensor_out(L0,L1,·)
SKIP	w48:188	executor ExecutorchInvalidArgumentException: [ExecuTorch Error 0x12] Invalid argument: Execution failed for method: forward	n0*=copy(L0,L1,·)
SKIP	w48:224	executor ExecutorchInvalidArgumentException: [ExecuTorch Error 0x12] Invalid argument: Execution failed for method: forward	n0*=native_group_norm(L0,·,·,·,·,·,·,·)
SKIP	w48:227	executor ExecutorchInvalidArgumentException: [ExecuTorch Error 0x12] Invalid argument: Execution failed for method: forward	n0*=_pdist_forward(L0,·)
SKIP	w48:255	executor ExecutorchRuntimeException: [ExecuTorch Error 0x14] Operator missing: Execution failed for method: forward	n0*=_fft_r2c(L0,·,·,·)
SKIP	w48:27	executor ExecutorchRuntimeException: [ExecuTorch Error 0x14] Operator missing: Execution failed for method: forward	n0*=_fft_r2c(L0,·,·,·)
MISMATCH	w48:311	out[0] max|delta|=3.000e+00 (rtol=0.0 atol=0.0)	n0*=remainder.Scalar(L0,·)
SKIP	w48:319	executor IllegalArgumentException: unsupported input dtype code 24 on Android	n0*=pixel_shuffle(L0,·)
SKIP	w48:345	executor ExecutorchInvalidArgumentException: [ExecuTorch Error 0x12] Invalid argument: Execution failed for method: forward	n0*=arange.start_out(·,·,·,·)
SKIP	w48:370	executor ExecutorchInvalidArgumentException: [ExecuTorch Error 0x12] Invalid argument: Execution failed for method: forward	n0*=native_group_norm(L0,·,·,·,·,·,·,·)
SKIP	w48:416	executor ExecutorchInvalidArgumentException: [ExecuTorch Error 0x12] Invalid argument: Execution failed for method: forward	n0*=copy(L0,L1,·)
MISMATCH	w48:430	out[0] non-finite mismatch (nan/inf positions differ)	n0*=gelu.out(L0,·,·)
CRASH	w47:73	executor unavailable	n0*=leaky_relu.out(L0,·,·)
CRASH	w47:776	executor unavailable	n0*=ge.Scalar_out(L0,·,·)
CRASH	w47:9	executor unavailable	n0*=bitwise_or.Scalar(L0,·)
CRASH	w48:115	executor unavailable	n0*=_adaptive_avg_pool2d(L0,·)
SKIP	w48:452	executor ExecutorchInvalidArgumentException: [ExecuTorch Error 0x12] Invalid argument: Execution failed for method: forward	n0*=native_group_norm(L0,·,·,·,·,·,·,·)
SKIP	w48:483	executor ExecutorchRuntimeException: [ExecuTorch Error 0x14] Operator missing: Execution failed for method: forward	n0*=_fft_r2c(L0,·,·,·)
CRASH	w48:178	executor unavailable	n0*=diagonal_copy(L0,·,·,·)
CRASH	w48:261	executor unavailable	n0*=fill.Scalar(L0,·)
CRASH	w48:279	executor unavailable	n0*=bitwise_right_shift.Tensor_Scalar(L0,·)
CRASH	w48:281	executor unavailable	n0*=log1p.out(L0,·)
CRASH	w48:288	executor unavailable	n0*=logical_xor(L0,L1)
MISMATCH	w48:564	out[0] non-finite mismatch (nan/inf positions differ)	n0*=native_layer_norm(L0,·,·,·,·)
CRASH	w48:306	executor unavailable	n0*=logical_and(L0,L1)
SKIP	w48:598	executor ExecutorchInvalidArgumentException: [ExecuTorch Error 0x12] Invalid argument: Execution failed for method: forward	n0*=native_group_norm(L0,·,·,·,·,·,·,·)
MISMATCH	w48:625	out[0] non-finite mismatch (nan/inf positions differ)	n0*=bitwise_left_shift.Tensor_out(L0,L1,·)
SKIP	w48:637	executor ExecutorchInvalidArgumentException: [ExecuTorch Error 0x12] Invalid argument: Execution failed for method: forward	n0*=scatter.src_out(L0,·,L1,L2,·)
MISMATCH	w48:642	out[0] shape (0, 0, 0, 0) vs (0, 0, 0, 0, 0)	n0*=topk.values(L0,·,·,·,·,L1,L2)
SKIP	w48:644	executor ExecutorchInvalidArgumentException: [ExecuTorch Error 0x12] Invalid argument: Execution failed for method: forward	n0*=copy(L0,L1,·)
MISMATCH	w48:658	out[0] non-finite mismatch (nan/inf positions differ)	n0*=gelu.out(L0,·,·)
SKIP	w48:680	executor ExecutorchInvalidArgumentException: [ExecuTorch Error 0x12] Invalid argument: Execution failed for method: forward	n0*=native_group_norm(L0,·,·,·,·,·,·,·)
MISMATCH	w48:696	out[0] non-finite mismatch (nan/inf positions differ)	n0*=log.out(L0,·)
SKIP	w48:711	executor ExecutorchRuntimeException: [ExecuTorch Error 0x14] Operator missing: Execution failed for method: forward	n0*=_fft_r2c(L0,·,·,·)
SKIP	w48:738	executor ExecutorchRuntimeException: [ExecuTorch Error 0x1] Internal error: Execution failed for method: forward	n0*=_softmax.out(L0,·,·,·)
MISMATCH	w48:767	out[0] max|delta|=7.000e+00 (rtol=0.0 atol=0.0)	n0*=remainder.Scalar(L0,·)
MISMATCH	w48:83	out[0] max|delta|=4.000e+00 (rtol=0.0 atol=0.0)	n0*=remainder.Scalar(L0,·)
CRASH	w48:406	executor unavailable	n0*=diagonal_copy(L0,·,·,·)
SKIP	w48:98	executor ExecutorchInvalidArgumentException: [ExecuTorch Error 0x12] Invalid argument: Execution failed for method: forward	n0*=expand_copy(L0,·,·)
SKIP	w49:120	executor ExecutorchInvalidArgumentException: [ExecuTorch Error 0x12] Invalid argument: Execution failed for method: forward	n0*=native_group_norm(L0,·,·,·,·,·,·,·)
MISMATCH	w49:147	out[0] max|delta|=6.918e+18 (rtol=0.01 atol=0.001)	n0*=bitwise_left_shift.Tensor_out(L0,L1,·)
SKIP	w49:159	executor ExecutorchInvalidArgumentException: [ExecuTorch Error 0x12] Invalid argument: Execution failed for method: forward	n0*=scatter.src_out(L0,·,L1,L2,·)
MISMATCH	w49:164	out[0] shape (0, 0, 0, 0) vs (0, 0, 0, 0, 0)	n0*=topk.values(L0,·,·,·,·,L1,L2)
SKIP	w49:166	executor ExecutorchInvalidArgumentException: [ExecuTorch Error 0x12] Invalid argument: Execution failed for method: forward	n0*=copy(L0,L1,·)
MISMATCH	w49:179	out[0] non-finite mismatch (nan/inf positions differ)	n0*=logit(L0,·)
CRASH	w48:436	executor unavailable	n0*=trunc.out(L0,·)
MISMATCH	w49:180	out[0] non-finite mismatch (nan/inf positions differ)	n0*=gelu.out(L0,·,·)
MISMATCH	w49:193	out[0] max|delta|=4.000e+00 (rtol=0.0 atol=0.0)	n0*=remainder.Tensor_out(L0,L1,·)
MISMATCH	w49:200	out[0] max|delta|=3.999e-01 (rtol=0.01 atol=0.001)	n0*=_native_batch_norm_legit.no_stats(L0,·,·,·,·,·)
SKIP	w49:202	executor ExecutorchInvalidArgumentException: [ExecuTorch Error 0x12] Invalid argument: Execution failed for method: forward	n0*=native_group_norm(L0,·,·,·,·,·,·,·)
SKIP	w49:205	executor ExecutorchInvalidArgumentException: [ExecuTorch Error 0x12] Invalid argument: Execution failed for method: forward	n0*=_pdist_forward(L0,·)
SKIP	w49:233	executor ExecutorchRuntimeException: [ExecuTorch Error 0x14] Operator missing: Execution failed for method: forward	n0*=_fft_r2c(L0,·,·,·)
CRASH	w49:225	executor process died (native abort)	n0*=max_pool2d_with_indices_backward.grad_input(L0,L1,·,·,·,·,·,L2,L3)
CRASH	w48:538	executor unavailable	n0*=mean(L0,·)
CRASH	w48:615	executor unavailable	n0*=view_copy(L0,·)
MISMATCH	w49:289	out[0] max|delta|=6.000e+00 (rtol=0.0 atol=0.0)	n0*=remainder.Scalar(L0,·)
CRASH	w48:754	executor unavailable	n0*=_log_softmax.out(L0,·,·,·)
CRASH	w48:78	executor unavailable	n0*=logical_and(L0,L1)
CRASH	w48:781	executor unavailable	n0*=constant_pad_nd(L0,·,·)
CRASH	w48:81	executor unavailable	n0*=sub.out(L0,L1,·,·)
CRASH	w48:99	executor unavailable	n0*=split_copy.Tensor(L0,·,·)
SKIP	w49:304	executor ExecutorchInvalidArgumentException: [ExecuTorch Error 0x12] Invalid argument: Execution failed for method: forward	n0*=expand_copy(L0,·,·)
CRASH	w49:151	executor unavailable	n0*=abs.out(L0,·)
SKIP	w49:323	executor ExecutorchInvalidArgumentException: [ExecuTorch Error 0x12] Invalid argument: Execution failed for method: forward	n0*=arange.start_out(·,·,·,·)
CRASH	w49:161	executor unavailable	n0*=replication_pad1d.out(L0,·,·)
MISMATCH	w49:372	out[0] max|delta|=2.306e+18 (rtol=0.01 atol=0.001)	n0*=bitwise_left_shift.Tensor_Scalar_out(L0,·,·)
MISMATCH	w49:296	out[0] max|delta|=2.147e+09 (rtol=0.0 atol=0.0)	n0*=bitwise_left_shift.Tensor_Scalar(L0,·)
MISMATCH	w49:382	out[0] non-finite mismatch (nan/inf positions differ)	n0*=logit.out(L0,·,·)
MISMATCH	w49:392	out[0] shape (1, 1, 1, 1) vs (0, 0, 0, 0, 0)	n0*=topk.values(L0,·,·,·,·,L1,L2)
CRASH	w49:207	executor unavailable	n0*=clone(L0,·)
MISMATCH	w49:408	out[0] non-finite mismatch (nan/inf positions differ)	n0*=gelu.out(L0,·,·)
MISMATCH	w49:428	out[0] max|delta|=3.999e-01 (rtol=0.01 atol=0.001)	n0*=_native_batch_norm_legit.no_stats(L0,·,·,·,·,·)
SKIP	w49:430	executor ExecutorchInvalidArgumentException: [ExecuTorch Error 0x12] Invalid argument: Execution failed for method: forward	n0*=native_group_norm(L0,·,·,·,·,·,·,·)
SKIP	w49:433	executor ExecutorchInvalidArgumentException: [ExecuTorch Error 0x12] Invalid argument: Execution failed for method: forward	n0*=_pdist_forward(L0,·)
SKIP	w49:461	executor ExecutorchRuntimeException: [ExecuTorch Error 0x14] Operator missing: Execution failed for method: forward	n0*=_fft_r2c(L0,·,·,·)
CRASH	w49:237	executor unavailable	n0*=log2.out(L0,·)
SKIP	w49:5	executor ExecutorchRuntimeException: [ExecuTorch Error 0x14] Operator missing: Execution failed for method: forward	n0*=_fft_r2c(L0,·,·,·)
SKIP	w49:526	executor ExecutorchInvalidArgumentException: [ExecuTorch Error 0x12] Invalid argument: Execution failed for method: forward	n0*=scatter_add.out(L0,·,L1,L2,·)
SKIP	w49:551	executor ExecutorchInvalidArgumentException: [ExecuTorch Error 0x12] Invalid argument: Execution failed for method: forward	n0*=arange.start_out(·,·,·,·)
MISMATCH	w49:568	out[0] non-finite mismatch (nan/inf positions differ)	n0*=grid_sampler_2d(L0,L1,·,·,·)
MISMATCH	w49:600	out[0] max|delta|=2.147e+09 (rtol=0.0 atol=0.0)	n0*=bitwise_left_shift.Tensor_Scalar_out(L0,·,·)
MISMATCH	w49:603	out[0] max|delta|=2.147e+09 (rtol=0.0 atol=0.0)	n0*=bitwise_left_shift.Tensor_out(L0,L1,·)
MISMATCH	w49:620	out[0] shape (0, 0, 0, 0) vs (0, 0, 0, 0, 0)	n0*=topk.values(L0,·,·,·,·,L1,L2)
MISMATCH	w49:635	out[0] non-finite mismatch (nan/inf positions differ)	n0*=logit(L0,·)
MISMATCH	w49:636	out[0] non-finite mismatch (nan/inf positions differ)	n0*=gelu.out(L0,·,·)
SKIP	w49:658	executor ExecutorchInvalidArgumentException: [ExecuTorch Error 0x12] Invalid argument: Execution failed for method: forward	n0*=native_group_norm(L0,·,·,·,·,·,·,·)
SKIP	w49:661	executor ExecutorchInvalidArgumentException: [ExecuTorch Error 0x12] Invalid argument: Execution failed for method: forward	n0*=_pdist_forward(L0,·)
MISMATCH	w49:674	out[0] non-finite mismatch (nan/inf positions differ)	n0*=log.out(L0,·)
SKIP	w49:689	executor ExecutorchRuntimeException: [ExecuTorch Error 0x14] Operator missing: Execution failed for method: forward	n0*=_fft_r2c(L0,·,·,·)
CRASH	w49:681	executor process died (native abort)	n0*=max_pool2d_with_indices_backward.grad_input(L0,L1,·,·,·,·,·,L2,L3)
CRASH	w49:261	executor unavailable	n0*=masked_scatter(L0,L1,L2)
SKIP	w49:779	executor ExecutorchInvalidArgumentException: [ExecuTorch Error 0x12] Invalid argument: Execution failed for method: forward	n0*=arange.start_out(·,·,·,·)
MISMATCH	w49:90	out[0] max|delta|=4.000e+00 (rtol=0.01 atol=0.001)	n0*=remainder.Scalar_out(L0,·,·)
SKIP	w49:95	executor ExecutorchInvalidArgumentException: [ExecuTorch Error 0x12] Invalid argument: Execution failed for method: forward	n0*=arange.start_out(·,·,·,·)
CRASH	w49:421	executor unavailable	n0*=remainder.Tensor_out(L0,L1,·)
CRASH	w49:468	executor unavailable	n0*=mean.out(L0,·,·,·,·)
CRASH	w49:477	executor unavailable	n0*=bitwise_and.Tensor_out(L0,L1,·)
CRASH	w49:480	executor unavailable	n0*=leaky_relu.out(L0,·,·)
CRASH	w49:578	executor unavailable	n0*=gt.Tensor_out(L0,L1,·)
CRASH	w49:60	executor unavailable	n0*=mean(L0,·)
SKIP	w5:131	executor ExecutorchInvalidArgumentException: [ExecuTorch Error 0x12] Invalid argument: Execution failed for method: forward	n0*=native_group_norm(L0,·,·,·,·,·,·,·)
CRASH	w49:631	executor unavailable	n0*=linear(L0,L1,·)
MISMATCH	w5:158	out[0] non-finite mismatch (nan/inf positions differ)	n0*=bitwise_left_shift.Tensor_out(L0,L1,·)
SKIP	w5:16	executor ExecutorchRuntimeException: [ExecuTorch Error 0x14] Operator missing: Execution failed for method: forward	n0*=_fft_r2c(L0,·,·,·)
CRASH	w49:647	executor unavailable	n0*=var_mean.correction(L0,·,·,·)
MISMATCH	w5:165	out[0] non-finite mismatch (nan/inf positions differ)	n0*=logit.out(L0,·,·)
SKIP	w5:177	executor ExecutorchInvalidArgumentException: [ExecuTorch Error 0x12] Invalid argument: Execution failed for method: forward	n0*=copy(L0,L1,·)
MISMATCH	w5:191	out[0] non-finite mismatch (nan/inf positions differ)	n0*=gelu.out(L0,·,·)
MISMATCH	w5:204	out[0] max|delta|=4.000e+00 (rtol=0.01 atol=0.001)	n0*=remainder.Tensor_out(L0,L1,·)
SKIP	w5:213	executor ExecutorchInvalidArgumentException: [ExecuTorch Error 0x12] Invalid argument: Execution failed for method: forward	n0*=native_group_norm(L0,·,·,·,·,·,·,·)
SKIP	w5:216	executor ExecutorchInvalidArgumentException: [ExecuTorch Error 0x12] Invalid argument: Execution failed for method: forward	n0*=_pdist_forward(L0,·)
MISMATCH	w5:155	out[0] max|delta|=2.882e+17 (rtol=0.01 atol=0.001)	n0*=bitwise_left_shift.Tensor_Scalar_out(L0,·,·)
MISMATCH	w5:229	out[0] non-finite mismatch (nan/inf positions differ)	n0*=log.out(L0,·)
SKIP	w5:244	executor ExecutorchRuntimeException: [ExecuTorch Error 0x14] Operator missing: Execution failed for method: forward	n0*=_fft_r2c(L0,·,·,·)
CRASH	w49:715	executor unavailable	n0*=log1p.out(L0,·)
SKIP	w5:273	executor IllegalArgumentException: unsupported input dtype code 24 on Android	n0*=linear.out(L0,L1,·,·)
SKIP	w5:334	executor ExecutorchInvalidArgumentException: [ExecuTorch Error 0x12] Invalid argument: Execution failed for method: forward	n0*=arange.start_out(·,·,·,·)
SKIP	w5:359	executor ExecutorchInvalidArgumentException: [ExecuTorch Error 0x12] Invalid argument: Execution failed for method: forward	n0*=native_group_norm(L0,·,·,·,·,·,·,·)
MISMATCH	w5:383	out[0] max|delta|=7.206e+16 (rtol=0.01 atol=0.001)	n0*=bitwise_left_shift.Tensor_Scalar_out(L0,·,·)
MISMATCH	w5:386	out[0] max|delta|=2.147e+09 (rtol=0.0 atol=0.0)	n0*=bitwise_left_shift.Tensor_out(L0,L1,·)
SKIP	w5:405	executor ExecutorchInvalidArgumentException: [ExecuTorch Error 0x12] Invalid argument: Execution failed for method: forward	n0*=copy(L0,L1,·)
MISMATCH	w5:418	out[0] non-finite mismatch (nan/inf positions differ)	n0*=logit(L0,·)
MISMATCH	w5:419	out[0] non-finite mismatch (nan/inf positions differ)	n0*=gelu.out(L0,·,·)
SKIP	w5:441	executor ExecutorchInvalidArgumentException: [ExecuTorch Error 0x12] Invalid argument: Execution failed for method: forward	n0*=native_group_norm(L0,·,·,·,·,·,·,·)
SKIP	w5:444	executor ExecutorchInvalidArgumentException: [ExecuTorch Error 0x12] Invalid argument: Execution failed for method: forward	n0*=_pdist_forward(L0,·)
SKIP	w5:472	executor ExecutorchRuntimeException: [ExecuTorch Error 0x14] Operator missing: Execution failed for method: forward	n0*=_fft_r2c(L0,·,·,·)
CRASH	w49:99	executor unavailable	n0*=bitwise_and.Scalar(L0,·)
CRASH	w5:106	executor unavailable	n0*=arange.start_out(·,·,·,·)
CRASH	w5:108	executor unavailable	n0*=select_copy.int(L0,·,·)
SKIP	w5:537	executor ExecutorchInvalidArgumentException: [ExecuTorch Error 0x12] Invalid argument: Execution failed for method: forward	n0*=scatter_add.out(L0,·,L1,L2,·)
SKIP	w5:543	executor ExecutorchInvalidArgumentException: [ExecuTorch Error 0x12] Invalid argument: Execution failed for method: forward	n0*=expand_copy(L0,·,·)
CRASH	w5:22	executor unavailable	n0*=fill.Scalar(L0,·)
CRASH	w5:349	executor unavailable	n0*=any.all_out(L0,·)
CRASH	w5:355	executor unavailable	n0*=acos.out(L0,·)
CRASH	w5:397	executor unavailable	n0*=index.Tensor_out(L0,·,·)
CRASH	w5:402	executor unavailable	n0*=narrow_copy(L0,·,·,·)
CRASH	w5:414	executor unavailable	n0*=linear(L0,L1,·)
SKIP	w5:587	executor ExecutorchInvalidArgumentException: [ExecuTorch Error 0x12] Invalid argument: Execution failed for method: forward	n0*=native_group_norm(L0,·,·,·,·,·,·,·)
CRASH	w5:445	executor unavailable	n0*=reflection_pad1d.out(L0,·,·)
CRASH	w5:473	executor unavailable	n0*=ones.out(·,·)
CRASH	w5:48	executor unavailable	n0*=gt.Scalar_out(L0,·,·)
SKIP	w5:568	executor ExecutorchInvalidArgumentException: [ExecuTorch Error 0x12] Invalid argument: Execution failed for method: forward	n0*=scatter.value_out(L0,·,L1,·,·)
MISMATCH	w5:611	out[0] max|delta|=9.223e+18 (rtol=0.0 atol=0.0)	n0*=bitwise_left_shift.Tensor_Scalar_out(L0,·,·)
MISMATCH	w5:614	out[0] max|delta|=9.223e+18 (rtol=0.0 atol=0.0)	n0*=bitwise_left_shift.Tensor_out(L0,L1,·)
MISMATCH	w5:631	out[0] shape (1, 1) vs (0, 0, 0, 0, 0)	n0*=topk.values(L0,·,·,·,·,L1,L2)
SKIP	w5:633	executor ExecutorchInvalidArgumentException: [ExecuTorch Error 0x12] Invalid argument: Execution failed for method: forward	n0*=copy(L0,L1,·)
MISMATCH	w5:647	out[0] non-finite mismatch (nan/inf positions differ)	n0*=gelu.out(L0,·,·)
MISMATCH	w5:667	out[0] max|delta|=3.999e-01 (rtol=0.01 atol=0.001)	n0*=_native_batch_norm_legit.no_stats(L0,·,·,·,·,·)
SKIP	w5:669	executor ExecutorchInvalidArgumentException: [ExecuTorch Error 0x12] Invalid argument: Execution failed for method: forward	n0*=native_group_norm(L0,·,·,·,·,·,·,·)
SKIP	w5:672	executor ExecutorchInvalidArgumentException: [ExecuTorch Error 0x12] Invalid argument: Execution failed for method: forward	n0*=_pdist_forward(L0,·)
MISMATCH	w5:685	out[0] non-finite mismatch (nan/inf positions differ)	n0*=log.out(L0,·)
SKIP	w5:700	executor ExecutorchRuntimeException: [ExecuTorch Error 0x14] Operator missing: Execution failed for method: forward	n0*=_fft_r2c(L0,·,·,·)
SKIP	w5:729	executor IllegalArgumentException: unsupported input dtype code 24 on Android	n0*=linear.out(L0,L1,·,·)
SKIP	w50:0	executor ExecutorchRuntimeException: [ExecuTorch Error 0x14] Operator missing: Execution failed for method: forward	n0*=_fft_r2c(L0,·,·,·)
MISMATCH	w50:107	out[0] non-finite mismatch (nan/inf positions differ)	n0*=grid_sampler_2d(L0,L1,·,·,·)
SKIP	w50:115	executor ExecutorchInvalidArgumentException: [ExecuTorch Error 0x12] Invalid argument: Execution failed for method: forward	n0*=native_group_norm(L0,·,·,·,·,·,·,·)
CRASH	w5:545	executor unavailable	n0*=bitwise_or.Tensor_out(L0,L1,·)
CRASH	w5:559	executor unavailable	n0*=atanh.out(L0,·)
CRASH	w5:562	executor unavailable	n0*=arange.start_out(·,·,·,·)
MISMATCH	w50:139	out[0] max|delta|=9.223e+18 (rtol=0.01 atol=0.001)	n0*=bitwise_left_shift.Tensor_Scalar_out(L0,·,·)
MISMATCH	w50:142	out[0] max|delta|=9.223e+18 (rtol=0.01 atol=0.001)	n0*=bitwise_left_shift.Tensor_out(L0,L1,·)
MISMATCH	w50:159	out[0] shape (1, 1, 0, 1) vs (0, 0, 0, 0, 0)	n0*=topk.values(L0,·,·,·,·,L1,L2)
MISMATCH	w50:175	out[0] non-finite mismatch (nan/inf positions differ)	n0*=gelu.out(L0,·,·)
MISMATCH	w50:188	out[0] max|delta|=4.000e+00 (rtol=0.0 atol=0.0)	n0*=remainder.Tensor_out(L0,L1,·)
CRASH	w5:645	executor unavailable	n0*=min.dim_min(L0,·,·,L1,L2)
CRASH	w5:658	executor unavailable	n0*=var_mean.correction(L0,·,·,·)
CRASH	w5:72	executor unavailable	n0*=remainder.Scalar(L0,·)
CRASH	w5:732	executor unavailable	n0*=gt.Scalar_out(L0,·,·)
CRASH	w5:734	executor unavailable	n0*=min.unary_out(L0,·)
CRASH	w5:769	executor unavailable	n0*=bitwise_right_shift.Tensor_Scalar_out(L0,·,·)
CRASH	w50:109	executor unavailable	n0*=logical_not.out(L0,·)
CRASH	w50:121	executor unavailable	n0*=lt.Scalar_out(L0,·,·)
CRASH	w50:125	executor unavailable	n0*=where.self(L0,L1,L2)
SKIP	w50:228	executor ExecutorchRuntimeException: [ExecuTorch Error 0x14] Operator missing: Execution failed for method: forward	n0*=_fft_r2c(L0,·,·,·)
CRASH	w50:220	executor process died (native abort)	n0*=max_pool2d_with_indices_backward.grad_input(L0,L1,·,·,·,·,·,L2,L3)
SKIP	w50:27	executor ExecutorchRuntimeException: [ExecuTorch Error 0x1] Internal error: Execution failed for method: forward	n0*=_softmax.out(L0,·,·,·)
SKIP	w50:29	executor IllegalArgumentException: unsupported input dtype code 24 on Android	n0*=linear.out(L0,L1,·,·)
MISMATCH	w50:291	out[0] max|delta|=4.612e+18 (rtol=0.0 atol=0.0)	n0*=bitwise_left_shift.Tensor_Scalar(L0,·)
MISMATCH	w50:305	out[0] max|delta|=1.000e+00 (rtol=0.0 atol=0.0)	n0*=prod(L0,·)
SKIP	w50:318	executor ExecutorchInvalidArgumentException: [ExecuTorch Error 0x12] Invalid argument: Execution failed for method: forward	n0*=arange.start_out(·,·,·,·)
SKIP	w50:343	executor ExecutorchInvalidArgumentException: [ExecuTorch Error 0x12] Invalid argument: Execution failed for method: forward	n0*=native_group_norm(L0,·,·,·,·,·,·,·)
MISMATCH	w50:370	out[0] max|delta|=2.147e+09 (rtol=0.0 atol=0.0)	n0*=bitwise_left_shift.Tensor_out(L0,L1,·)
MISMATCH	w50:376	out[0] max|delta|=2.550e+02 (rtol=0.0 atol=0.0)	n0*=sum.IntList_out(L0,·,·,·,·)
SKIP	w50:382	executor ExecutorchInvalidArgumentException: [ExecuTorch Error 0x12] Invalid argument: Execution failed for method: forward	n0*=scatter.src_out(L0,·,L1,L2,·)
MISMATCH	w50:387	out[0] shape (0, 0, 0, 0) vs (0, 0, 0, 0, 0)	n0*=topk.values(L0,·,·,·,·,L1,L2)
SKIP	w50:389	executor ExecutorchInvalidArgumentException: [ExecuTorch Error 0x12] Invalid argument: Execution failed for method: forward	n0*=copy(L0,L1,·)
MISMATCH	w50:403	out[0] non-finite mismatch (nan/inf positions differ)	n0*=gelu.out(L0,·,·)
CRASH	w50:187	executor unavailable	n0*=reciprocal.out(L0,·)
SKIP	w50:425	executor ExecutorchInvalidArgumentException: [ExecuTorch Error 0x12] Invalid argument: Execution failed for method: forward	n0*=native_group_norm(L0,·,·,·,·,·,·,·)
SKIP	w50:428	executor ExecutorchInvalidArgumentException: [ExecuTorch Error 0x12] Invalid argument: Execution failed for method: forward	n0*=_pdist_forward(L0,·)
CRASH	w50:20	executor unavailable	n0*=log10.out(L0,·)
CRASH	w50:200	executor unavailable	n0*=_pdist_forward(L0,·)
SKIP	w50:456	executor ExecutorchRuntimeException: [ExecuTorch Error 0x14] Operator missing: Execution failed for method: forward	n0*=_fft_r2c(L0,·,·,·)
SKIP	w50:483	executor ExecutorchRuntimeException: [ExecuTorch Error 0x1] Internal error: Execution failed for method: forward	n0*=_softmax.out(L0,·,·,·)
MISMATCH	w50:541	out[0] max|delta|=5.000e+00 (rtol=0.0 atol=0.0)	n0*=remainder.Scalar_out(L0,·,·)
SKIP	w50:546	executor ExecutorchInvalidArgumentException: [ExecuTorch Error 0x12] Invalid argument: Execution failed for method: forward	n0*=arange.start_out(·,·,·,·)
MISMATCH	w50:571	out[0] non-finite mismatch (nan/inf positions differ)	n0*=native_group_norm(L0,·,·,·,·,·,·,·)
CRASH	w50:256	executor unavailable	n0*=masked_scatter(L0,L1,L2)
CRASH	w50:300	executor unavailable	n0*=split_copy.Tensor(L0,·,·)
CRASH	w50:323	executor unavailable	n0*=var.correction(L0,·,·,·)
CRASH	w50:33	executor unavailable	n0*=logical_xor(L0,L1)
CRASH	w50:368	executor unavailable	n0*=maximum.out(L0,L1,·)
CRASH	w50:441	executor unavailable	n0*=log.out(L0,·)
SKIP	w50:617	executor ExecutorchInvalidArgumentException: [ExecuTorch Error 0x12] Invalid argument: Execution failed for method: forward	n0*=copy(L0,L1,·)
MISMATCH	w50:63	out[0] max|delta|=5.765e+17 (rtol=0.0 atol=0.0)	n0*=bitwise_left_shift.Tensor_Scalar(L0,·)
MISMATCH	w50:631	out[0] non-finite mismatch (nan/inf positions differ)	n0*=gelu.out(L0,·,·)
CRASH	w50:455	executor unavailable	n0*=where.self_out(L0,L1,L2,·)
MISMATCH	w50:644	out[0] max|delta|=4.000e+00 (rtol=0.0 atol=0.0)	n0*=remainder.Tensor_out(L0,L1,·)
MISMATCH	w50:646	out[0] shape () vs (0, 0, 0, 0, 0)	n0*=max.dim_max(L0,·,·,L1,L2)
SKIP	w50:653	executor ExecutorchInvalidArgumentException: [ExecuTorch Error 0x12] Invalid argument: Execution failed for method: forward	n0*=native_group_norm(L0,·,·,·,·,·,·,·)
SKIP	w50:656	executor ExecutorchInvalidArgumentException: [ExecuTorch Error 0x12] Invalid argument: Execution failed for method: forward	n0*=_pdist_forward(L0,·)
SKIP	w50:684	executor ExecutorchRuntimeException: [ExecuTorch Error 0x14] Operator missing: Execution failed for method: forward	n0*=_fft_r2c(L0,·,·,·)
CRASH	w50:515	executor unavailable	n0*=pow.Tensor_Tensor_out(L0,L1,·)
CRASH	w50:517	executor unavailable	n0*=sqrt.out(L0,·)
CRASH	w50:564	executor unavailable	n0*=le.Tensor_out(L0,L1,·)
MISMATCH	w50:761	out[0] max|delta|=2.550e+02 (rtol=0.0 atol=0.0)	n0*=prod(L0,·)
MISMATCH	w50:765	out[0] non-finite mismatch (nan/inf positions differ)	n0*=native_layer_norm(L0,·,·,·,·)
SKIP	w50:774	executor ExecutorchInvalidArgumentException: [ExecuTorch Error 0x12] Invalid argument: Execution failed for method: forward	n0*=arange.start_out(·,·,·,·)
CRASH	w50:582	executor unavailable	n0*=sinh.out(L0,·)
MISMATCH	w50:81	out[0] non-finite mismatch (nan/inf positions differ)	n0*=native_layer_norm(L0,·,·,·,·)
CRASH	w50:586	executor unavailable	n0*=mul.out(L0,L1,·)
SKIP	w50:90	executor ExecutorchInvalidArgumentException: [ExecuTorch Error 0x12] Invalid argument: Execution failed for method: forward	n0*=arange.start_out(·,·,·,·)
MISMATCH	w51:12	out[0] max|delta|=9.223e+18 (rtol=0.01 atol=0.001)	n0*=bitwise_left_shift.Tensor_out(L0,L1,·)
SKIP	w51:188	executor ExecutorchInvalidArgumentException: [ExecuTorch Error 0x12] Invalid argument: Execution failed for method: forward	n0*=arange.start_out(·,·,·,·)
SKIP	w51:213	executor ExecutorchInvalidArgumentException: [ExecuTorch Error 0x12] Invalid argument: Execution failed for method: forward	n0*=native_group_norm(L0,·,·,·,·,·,·,·)
MISMATCH	w51:237	out[0] non-finite mismatch (nan/inf positions differ)	n0*=bitwise_left_shift.Tensor_Scalar_out(L0,·,·)
MISMATCH	w51:240	out[0] max|delta|=6.918e+18 (rtol=0.0 atol=0.0)	n0*=bitwise_left_shift.Tensor_out(L0,L1,·)
MISMATCH	w51:247	out[0] non-finite mismatch (nan/inf positions differ)	n0*=logit.out(L0,·,·)
MISMATCH	w51:273	out[0] non-finite mismatch (nan/inf positions differ)	n0*=gelu.out(L0,·,·)
SKIP	w51:295	executor ExecutorchInvalidArgumentException: [ExecuTorch Error 0x12] Invalid argument: Execution failed for method: forward	n0*=native_group_norm(L0,·,·,·,·,·,·,·)
SKIP	w51:298	executor ExecutorchInvalidArgumentException: [ExecuTorch Error 0x12] Invalid argument: Execution failed for method: forward	n0*=_pdist_forward(L0,·)
SKIP	w51:31	executor ExecutorchInvalidArgumentException: [ExecuTorch Error 0x12] Invalid argument: Execution failed for method: forward	n0*=copy(L0,L1,·)
SKIP	w51:310	executor ExecutorchRuntimeException: [ExecuTorch Error 0x1] Internal error: Execution failed for method: forward	n0*=pixel_shuffle(L0,·)
MISMATCH	w51:311	out[0] non-finite mismatch (nan/inf positions differ)	n0*=log.out(L0,·)
SKIP	w51:326	executor ExecutorchRuntimeException: [ExecuTorch Error 0x14] Operator missing: Execution failed for method: forward	n0*=_fft_r2c(L0,·,·,·)
SKIP	w51:355	executor IllegalArgumentException: unsupported input dtype code 24 on Android	n0*=linear.out(L0,L1,·,·)
MISMATCH	w51:382	out[0] max|delta|=2.000e+00 (rtol=0.0 atol=0.0)	n0*=remainder.Scalar(L0,·)
SKIP	w51:416	executor ExecutorchInvalidArgumentException: [ExecuTorch Error 0x12] Invalid argument: Execution failed for method: forward	n0*=arange.start_out(·,·,·,·)
CRASH	w50:708	executor unavailable	n0*=bitwise_right_shift.Tensor_Scalar(L0,·)
CRASH	w50:720	executor unavailable	n0*=floor_divide(L0,L1)
CRASH	w50:72	executor unavailable	n0*=split_copy.Tensor(L0,·,·)
CRASH	w50:771	executor unavailable	n0*=atanh.out(L0,·)
MISMATCH	w51:45	out[0] non-finite mismatch (nan/inf positions differ)	n0*=gelu.out(L0,·,·)
MISMATCH	w51:44	out[0] non-finite mismatch (nan/inf positions differ)	n0*=logit(L0,·)
MISMATCH	w51:501	out[0] non-finite mismatch (nan/inf positions differ)	n0*=gelu.out(L0,·,·)
SKIP	w51:441	executor ExecutorchInvalidArgumentException: [ExecuTorch Error 0x12] Invalid argument: Execution failed for method: forward	n0*=native_group_norm(L0,·,·,·,·,·,·,·)
MISMATCH	w51:514	out[0] max|delta|=4.000e+00 (rtol=0.0 atol=0.0)	n0*=remainder.Tensor_out(L0,L1,·)
SKIP	w51:523	executor ExecutorchInvalidArgumentException: [ExecuTorch Error 0x12] Invalid argument: Execution failed for method: forward	n0*=native_group_norm(L0,·,·,·,·,·,·,·)
CRASH	w51:171	executor unavailable	n0*=bitwise_or.Tensor_out(L0,L1,·)
CRASH	w51:185	executor unavailable	n0*=atanh.out(L0,·)
MISMATCH	w51:539	out[0] non-finite mismatch (nan/inf positions differ)	n0*=log.out(L0,·)
CRASH	w51:2	executor unavailable	n0*=view_copy(L0,·)
SKIP	w51:554	executor ExecutorchRuntimeException: [ExecuTorch Error 0x14] Operator missing: Execution failed for method: forward	n0*=_fft_r2c(L0,·,·,·)
CRASH	w51:279	executor unavailable	n0*=trunc.out(L0,·)
CRASH	w51:302	executor unavailable	n0*=bitwise_right_shift.Tensor_out(L0,L1,·)
CRASH	w51:307	executor unavailable	n0*=min(L0)
MISMATCH	w51:617	out[0] max|delta|=1.153e+18 (rtol=0.0 atol=0.0)	n0*=bitwise_left_shift.Tensor_Scalar(L0,·)
SKIP	w51:625	executor ExecutorchInvalidArgumentException: [ExecuTorch Error 0x12] Invalid argument: Execution failed for method: forward	n0*=expand_copy(L0,·,·)
MISMATCH	w51:631	out[0] max|delta|=2.550e+02 (rtol=0.0 atol=0.0)	n0*=prod(L0,·)
SKIP	w51:644	executor ExecutorchInvalidArgumentException: [ExecuTorch Error 0x12] Invalid argument: Execution failed for method: forward	n0*=arange.start_out(·,·,·,·)
MISMATCH	w51:65	out[0] max|delta|=3.999e-01 (rtol=0.01 atol=0.001)	n0*=_native_batch_norm_legit.no_stats(L0,·,·,·,·,·)
SKIP	w51:669	executor ExecutorchInvalidArgumentException: [ExecuTorch Error 0x12] Invalid argument: Execution failed for method: forward	n0*=native_group_norm(L0,·,·,·,·,·,·,·)
SKIP	w51:67	executor ExecutorchInvalidArgumentException: [ExecuTorch Error 0x12] Invalid argument: Execution failed for method: forward	n0*=native_group_norm(L0,·,·,·,·,·,·,·)
MISMATCH	w51:693	out[0] max|delta|=5.765e+17 (rtol=0.01 atol=0.001)	n0*=bitwise_left_shift.Tensor_Scalar_out(L0,·,·)
MISMATCH	w51:696	out[0] max|delta|=9.223e+18 (rtol=0.01 atol=0.001)	n0*=bitwise_left_shift.Tensor_out(L0,L1,·)
SKIP	w51:70	executor ExecutorchInvalidArgumentException: [ExecuTorch Error 0x12] Invalid argument: Execution failed for method: forward	n0*=_pdist_forward(L0,·)
SKIP	w51:715	executor ExecutorchInvalidArgumentException: [ExecuTorch Error 0x12] Invalid argument: Execution failed for method: forward	n0*=copy(L0,L1,·)
MISMATCH	w51:729	out[0] non-finite mismatch (nan/inf positions differ)	n0*=gelu.out(L0,·,·)
MISMATCH	w51:742	out[0] max|delta|=3.000e+00 (rtol=0.0 atol=0.0)	n0*=remainder.Tensor_out(L0,L1,·)
SKIP	w51:751	executor ExecutorchInvalidArgumentException: [ExecuTorch Error 0x12] Invalid argument: Execution failed for method: forward	n0*=native_group_norm(L0,·,·,·,·,·,·,·)
SKIP	w51:754	executor ExecutorchInvalidArgumentException: [ExecuTorch Error 0x12] Invalid argument: Execution failed for method: forward	n0*=_pdist_forward(L0,·)
SKIP	w51:98	executor ExecutorchRuntimeException: [ExecuTorch Error 0x14] Operator missing: Execution failed for method: forward	n0*=_fft_r2c(L0,·,·,·)
MISMATCH	w52:110	out[0] max|delta|=6.918e+18 (rtol=0.01 atol=0.001)	n0*=bitwise_left_shift.Tensor_out(L0,L1,·)
MISMATCH	w52:127	out[0] shape (1, 1, 1, 1) vs (0, 0, 0, 0, 0)	n0*=topk.values(L0,·,·,·,·,L1,L2)
CRASH	w51:412	executor unavailable	n0*=lift_fresh_copy(L0)
MISMATCH	w52:143	out[0] non-finite mismatch (nan/inf positions differ)	n0*=gelu.out(L0,·,·)
SKIP	w52:165	executor ExecutorchInvalidArgumentException: [ExecuTorch Error 0x12] Invalid argument: Execution failed for method: forward	n0*=native_group_norm(L0,·,·,·,·,·,·,·)
SKIP	w52:168	executor ExecutorchInvalidArgumentException: [ExecuTorch Error 0x12] Invalid argument: Execution failed for method: forward	n0*=_pdist_forward(L0,·)
CRASH	w51:438	executor unavailable	n0*=glu.out(L0,·,·)
MISMATCH	w52:181	out[0] non-finite mismatch (nan/inf positions differ)	n0*=log.out(L0,·)
SKIP	w52:196	executor ExecutorchRuntimeException: [ExecuTorch Error 0x14] Operator missing: Execution failed for method: forward	n0*=_fft_r2c(L0,·,·,·)
MISMATCH	w52:252	out[0] max|delta|=3.000e+00 (rtol=0.0 atol=0.0)	n0*=remainder.Scalar(L0,·)
MISMATCH	w52:259	out[0] max|delta|=7.206e+16 (rtol=0.0 atol=0.0)	n0*=bitwise_left_shift.Tensor_Scalar(L0,·)
CRASH	w51:521	executor unavailable	n0*=_native_batch_norm_legit.no_stats(L0,·,·,·,·,·)
CRASH	w51:570	executor unavailable	n0*=bitwise_and.Tensor_out(L0,L1,·)
SKIP	w52:267	executor ExecutorchInvalidArgumentException: [ExecuTorch Error 0x12] Invalid argument: Execution failed for method: forward	n0*=expand_copy(L0,·,·)
CRASH	w51:660	executor unavailable	n0*=prod.int_out(L0,·,·,·,·)
CRASH	w51:668	executor unavailable	n0*=ne.Tensor_out(L0,L1,·)
SKIP	w52:261	executor ExecutorchInvalidArgumentException: [ExecuTorch Error 0x12] Invalid argument: Execution failed for method: forward	n0*=scatter_add.out(L0,·,L1,L2,·)
CRASH	w51:713	executor unavailable	n0*=topk.values(L0,·,·,·,·,L1,L2)
SKIP	w52:311	executor ExecutorchInvalidArgumentException: [ExecuTorch Error 0x12] Invalid argument: Execution failed for method: forward	n0*=native_group_norm(L0,·,·,·,·,·,·,·)
CRASH	w51:764	executor unavailable	n0*=mul.Scalar(L0,·)
CRASH	w51:97	executor unavailable	n0*=where.self_out(L0,L1,L2,·)
CRASH	w52:114	executor unavailable	n0*=abs.out(L0,·)
MISMATCH	w52:335	out[0] max|delta|=7.206e+16 (rtol=0.01 atol=0.001)	n0*=bitwise_left_shift.Tensor_Scalar_out(L0,·,·)
MISMATCH	w52:338	out[0] max|delta|=9.223e+18 (rtol=0.01 atol=0.001)	n0*=bitwise_left_shift.Tensor_out(L0,L1,·)
MISMATCH	w52:345	out[0] non-finite mismatch (nan/inf positions differ)	n0*=logit.out(L0,·,·)
MISMATCH	w52:355	out[0] shape (1, 1, 1, 0) vs (0, 0, 0, 0, 0)	n0*=topk.values(L0,·,·,·,·,L1,L2)
MISMATCH	w52:369	out[0] shape (1,) vs (0,)	n0*=min.dim_min(L0,·,·,L1,L2)
MISMATCH	w52:370	out[0] non-finite mismatch (nan/inf positions differ)	n0*=logit(L0,·)
SKIP	w52:286	executor ExecutorchInvalidArgumentException: [ExecuTorch Error 0x12] Invalid argument: Execution failed for method: forward	n0*=arange.start_out(·,·,·,·)
MISMATCH	w52:371	out[0] non-finite mismatch (nan/inf positions differ)	n0*=gelu.out(L0,·,·)
MISMATCH	w52:385	out[0] max|delta|=4.000e+00 (rtol=0.0 atol=0.0)	n0*=fmod.Scalar(L0,·)
SKIP	w52:393	executor ExecutorchInvalidArgumentException: [ExecuTorch Error 0x12] Invalid argument: Execution failed for method: forward	n0*=native_group_norm(L0,·,·,·,·,·,·,·)
SKIP	w52:396	executor ExecutorchInvalidArgumentException: [ExecuTorch Error 0x12] Invalid argument: Execution failed for method: forward	n0*=_pdist_forward(L0,·)
MISMATCH	w52:409	out[0] non-finite mismatch (nan/inf positions differ)	n0*=log.out(L0,·)
SKIP	w52:424	executor ExecutorchRuntimeException: [ExecuTorch Error 0x14] Operator missing: Execution failed for method: forward	n0*=_fft_r2c(L0,·,·,·)
CRASH	w52:166	executor unavailable	n0*=cosh.out(L0,·)
MISMATCH	w52:45	out[0] max|delta|=2.550e+02 (rtol=0.0 atol=0.0)	n0*=prod(L0,·)
CRASH	w52:178	executor unavailable	n0*=mul.Scalar(L0,·)
SKIP	w52:495	executor ExecutorchInvalidArgumentException: [ExecuTorch Error 0x12] Invalid argument: Execution failed for method: forward	n0*=expand_copy(L0,·,·)
SKIP	w52:514	executor ExecutorchInvalidArgumentException: [ExecuTorch Error 0x12] Invalid argument: Execution failed for method: forward	n0*=arange.start_out(·,·,·,·)
MISMATCH	w52:539	out[0] non-finite mismatch (nan/inf positions differ)	n0*=native_group_norm(L0,·,·,·,·,·,·,·)
MISMATCH	w52:566	out[0] non-finite mismatch (nan/inf positions differ)	n0*=bitwise_left_shift.Tensor_out(L0,L1,·)
SKIP	w52:58	executor ExecutorchInvalidArgumentException: [ExecuTorch Error 0x12] Invalid argument: Execution failed for method: forward	n0*=arange.start_out(·,·,·,·)
MISMATCH	w52:599	out[0] non-finite mismatch (nan/inf positions differ)	n0*=gelu.out(L0,·,·)
SKIP	w52:621	executor ExecutorchInvalidArgumentException: [ExecuTorch Error 0x12] Invalid argument: Execution failed for method: forward	n0*=native_group_norm(L0,·,·,·,·,·,·,·)
SKIP	w52:652	executor ExecutorchRuntimeException: [ExecuTorch Error 0x14] Operator missing: Execution failed for method: forward	n0*=_fft_r2c(L0,·,·,·)
MISMATCH	w52:676	out[0] max|delta|=6.400e+01 (rtol=0.0 atol=0.0)	n0*=bitwise_right_shift.Tensor_Scalar(L0,·)
SKIP	w52:681	executor IllegalArgumentException: unsupported input dtype code 24 on Android	n0*=linear.out(L0,L1,·,·)
CRASH	w52:255	executor unavailable	n0*=pow.Tensor_Tensor_out(L0,L1,·)
CRASH	w52:26	executor unavailable	n0*=max(L0)
SKIP	w52:723	executor ExecutorchInvalidArgumentException: [ExecuTorch Error 0x12] Invalid argument: Execution failed for method: forward	n0*=expand_copy(L0,·,·)
SKIP	w52:742	executor ExecutorchInvalidArgumentException: [ExecuTorch Error 0x12] Invalid argument: Execution failed for method: forward	n0*=arange.start_out(·,·,·,·)
MISMATCH	w52:758	out[0] max|delta|=2.550e+02 (rtol=0.0 atol=0.0)	n0*=prod.int_out(L0,·,·,·,·)
MISMATCH	w52:759	out[0] non-finite mismatch (nan/inf positions differ)	n0*=grid_sampler_2d(L0,L1,·,·,·)
SKIP	w52:767	executor ExecutorchInvalidArgumentException: [ExecuTorch Error 0x12] Invalid argument: Execution failed for method: forward	n0*=native_group_norm(L0,·,·,·,·,·,·,·)
CRASH	w52:316	executor unavailable	n0*=asinh.out(L0,·)
CRASH	w52:429	executor unavailable	n0*=native_layer_norm(L0,·,·,·,·)
SKIP	w53:101	executor ExecutorchInvalidArgumentException: [ExecuTorch Error 0x12] Invalid argument: Execution failed for method: forward	n0*=native_group_norm(L0,·,·,·,·,·,·,·)
CRASH	w52:494	executor unavailable	n0*=constant_pad_nd(L0,·,·)
CRASH	w52:533	executor unavailable	n0*=logical_not.out(L0,·)
CRASH	w52:558	executor unavailable	n0*=replication_pad2d.out(L0,·,·)
CRASH	w52:563	executor unavailable	n0*=bitwise_left_shift.Tensor_Scalar_out(L0,·,·)
MISMATCH	w53:125	out[0] max|delta|=5.765e+17 (rtol=0.01 atol=0.001)	n0*=bitwise_left_shift.Tensor_Scalar_out(L0,·,·)
MISMATCH	w53:135	out[0] non-finite mismatch (nan/inf positions differ)	n0*=logit.out(L0,·,·)
SKIP	w53:15	executor IllegalArgumentException: unsupported input dtype code 24 on Android	n0*=linear.out(L0,L1,·,·)
MISMATCH	w53:160	out[0] non-finite mismatch (nan/inf positions differ)	n0*=logit(L0,·)
MISMATCH	w53:161	out[0] non-finite mismatch (nan/inf positions differ)	n0*=gelu.out(L0,·,·)
CRASH	w52:678	executor unavailable	n0*=log1p.out(L0,·)
MISMATCH	w53:174	out[0] max|delta|=4.000e+00 (rtol=0.01 atol=0.001)	n0*=remainder.Tensor_out(L0,L1,·)
SKIP	w53:183	executor ExecutorchInvalidArgumentException: [ExecuTorch Error 0x12] Invalid argument: Execution failed for method: forward	n0*=native_group_norm(L0,·,·,·,·,·,·,·)
CRASH	w52:698	executor unavailable	n0*=addmm.out(L0,L1,L2,·,·,·)
SKIP	w53:214	executor ExecutorchRuntimeException: [ExecuTorch Error 0x14] Operator missing: Execution failed for method: forward	n0*=_fft_r2c(L0,·,·,·)
CRASH	w52:709	executor unavailable	n0*=transpose_copy.int(L0,·,·)
SKIP	w53:279	executor ExecutorchInvalidArgumentException: [ExecuTorch Error 0x12] Invalid argument: Execution failed for method: forward	n0*=scatter_add.out(L0,·,L1,L2,·)
CRASH	w52:735	executor unavailable	n0*=alias_copy(L0)
SKIP	w53:304	executor ExecutorchInvalidArgumentException: [ExecuTorch Error 0x12] Invalid argument: Execution failed for method: forward	n0*=arange.start_out(·,·,·,·)
MISMATCH	w53:321	out[0] non-finite mismatch (nan/inf positions differ)	n0*=grid_sampler_2d(L0,L1,·,·,·)
SKIP	w53:329	executor ExecutorchInvalidArgumentException: [ExecuTorch Error 0x12] Invalid argument: Execution failed for method: forward	n0*=native_group_norm(L0,·,·,·,·,·,·,·)
MISMATCH	w53:353	out[0] max|delta|=4.612e+18 (rtol=0.01 atol=0.001)	n0*=bitwise_left_shift.Tensor_Scalar_out(L0,·,·)
MISMATCH	w53:356	out[0] non-finite mismatch (nan/inf positions differ)	n0*=bitwise_left_shift.Tensor_out(L0,L1,·)
CRASH	w52:780	executor unavailable	n0*=round.out(L0,·)
SKIP	w53:375	executor ExecutorchInvalidArgumentException: [ExecuTorch Error 0x12] Invalid argument: Execution failed for method: forward	n0*=copy(L0,L1,·)
MISMATCH	w53:389	out[0] non-finite mismatch (nan/inf positions differ)	n0*=gelu.out(L0,·,·)
CRASH	w52:83	executor unavailable	n0*=native_group_norm(L0,·,·,·,·,·,·,·)
SKIP	w53:411	executor ExecutorchInvalidArgumentException: [ExecuTorch Error 0x12] Invalid argument: Execution failed for method: forward	n0*=native_group_norm(L0,·,·,·,·,·,·,·)
SKIP	w53:414	executor ExecutorchInvalidArgumentException: [ExecuTorch Error 0x12] Invalid argument: Execution failed for method: forward	n0*=_pdist_forward(L0,·)
SKIP	w53:442	executor ExecutorchRuntimeException: [ExecuTorch Error 0x14] Operator missing: Execution failed for method: forward	n0*=_fft_r2c(L0,·,·,·)
SKIP	w53:471	executor IllegalArgumentException: unsupported input dtype code 24 on Android	n0*=linear.out(L0,L1,·,·)
MISMATCH	w53:498	out[0] max|delta|=7.000e+00 (rtol=0.0 atol=0.0)	n0*=remainder.Scalar(L0,·)
MISMATCH	w53:505	out[0] max|delta|=7.206e+16 (rtol=0.0 atol=0.0)	n0*=bitwise_left_shift.Tensor_Scalar(L0,·)
SKIP	w53:51	executor ExecutorchInvalidArgumentException: [ExecuTorch Error 0x12] Invalid argument: Execution failed for method: forward	n0*=scatter_add.out(L0,·,L1,L2,·)
SKIP	w53:532	executor ExecutorchInvalidArgumentException: [ExecuTorch Error 0x12] Invalid argument: Execution failed for method: forward	n0*=arange.start_out(·,·,·,·)
SKIP	w53:557	executor ExecutorchInvalidArgumentException: [ExecuTorch Error 0x12] Invalid argument: Execution failed for method: forward	n0*=native_group_norm(L0,·,·,·,·,·,·,·)
MISMATCH	w53:581	out[0] max|delta|=9.223e+18 (rtol=0.01 atol=0.001)	n0*=bitwise_left_shift.Tensor_Scalar_out(L0,·,·)
CRASH	w53:218	executor unavailable	n0*=log2.out(L0,·)
CRASH	w53:253	executor unavailable	n0*=mm.out(L0,L1,·)
CRASH	w53:269	executor unavailable	n0*=mean(L0,·)
MISMATCH	w53:584	out[0] non-finite mismatch (nan/inf positions differ)	n0*=bitwise_left_shift.Tensor_out(L0,L1,·)
SKIP	w53:603	executor ExecutorchInvalidArgumentException: [ExecuTorch Error 0x12] Invalid argument: Execution failed for method: forward	n0*=copy(L0,L1,·)
MISMATCH	w53:617	out[0] non-finite mismatch (nan/inf positions differ)	n0*=gelu.out(L0,·,·)
CRASH	w53:364	executor unavailable	n0*=lt.Tensor_out(L0,L1,·)
CRASH	w53:388	executor unavailable	n0*=logit(L0,·)
SKIP	w53:639	executor ExecutorchInvalidArgumentException: [ExecuTorch Error 0x12] Invalid argument: Execution failed for method: forward	n0*=native_group_norm(L0,·,·,·,·,·,·,·)
SKIP	w53:642	executor ExecutorchInvalidArgumentException: [ExecuTorch Error 0x12] Invalid argument: Execution failed for method: forward	n0*=_pdist_forward(L0,·)
CRASH	w53:425	executor unavailable	n0*=atan2.out(L0,L1,·)
CRASH	w53:443	executor unavailable	n0*=ones.out(·,·)
CRASH	w53:462	executor unavailable	n0*=log10.out(L0,·)
CRASH	w53:499	executor unavailable	n0*=transpose_copy.int(L0,·,·)
SKIP	w53:670	executor ExecutorchRuntimeException: [ExecuTorch Error 0x14] Operator missing: Execution failed for method: forward	n0*=_fft_r2c(L0,·,·,·)
CRASH	w53:509	executor unavailable	n0*=mean.dtype_out(L0,·,·)
CRASH	w53:547	executor unavailable	n0*=any.all_out(L0,·)
MISMATCH	w53:726	out[0] max|delta|=5.000e+00 (rtol=0.0 atol=0.0)	n0*=remainder.Scalar(L0,·)
MISMATCH	w53:630	out[0] max|delta|=4.000e+00 (rtol=0.0 atol=0.0)	n0*=remainder.Tensor_out(L0,L1,·)
MISMATCH	w53:733	out[0] max|delta|=2.882e+17 (rtol=0.0 atol=0.0)	n0*=bitwise_left_shift.Tensor_Scalar(L0,·)
SKIP	w53:735	executor ExecutorchInvalidArgumentException: [ExecuTorch Error 0x12] Invalid argument: Execution failed for method: forward	n0*=scatter_add.out(L0,·,L1,L2,·)
SKIP	w53:741	executor ExecutorchInvalidArgumentException: [ExecuTorch Error 0x12] Invalid argument: Execution failed for method: forward	n0*=expand_copy(L0,·,·)
SKIP	w53:76	executor ExecutorchInvalidArgumentException: [ExecuTorch Error 0x12] Invalid argument: Execution failed for method: forward	n0*=arange.start_out(·,·,·,·)
SKIP	w53:760	executor ExecutorchInvalidArgumentException: [ExecuTorch Error 0x12] Invalid argument: Execution failed for method: forward	n0*=arange.start_out(·,·,·,·)
MISMATCH	w53:93	out[0] non-finite mismatch (nan/inf positions differ)	n0*=grid_sampler_2d(L0,L1,·,·,·)
SKIP	w54:109	executor ExecutorchRuntimeException: [ExecuTorch Error 0x14] Operator missing: Execution failed for method: forward	n0*=_fft_r2c(L0,·,·,·)
MISMATCH	w54:165	out[0] max|delta|=7.000e+00 (rtol=0.0 atol=0.0)	n0*=remainder.Scalar(L0,·)
CRASH	w53:583	executor unavailable	n0*=bitwise_xor.Scalar_out(L0,·,·)
SKIP	w54:174	executor ExecutorchInvalidArgumentException: [ExecuTorch Error 0x12] Invalid argument: Execution failed for method: forward	n0*=scatter_add.out(L0,·,L1,L2,·)
SKIP	w54:199	executor ExecutorchInvalidArgumentException: [ExecuTorch Error 0x12] Invalid argument: Execution failed for method: forward	n0*=arange.start_out(·,·,·,·)
SKIP	w54:224	executor ExecutorchInvalidArgumentException: [ExecuTorch Error 0x12] Invalid argument: Execution failed for method: forward	n0*=native_group_norm(L0,·,·,·,·,·,·,·)
MISMATCH	w54:248	out[0] max|delta|=2.147e+09 (rtol=0.0 atol=0.0)	n0*=bitwise_left_shift.Tensor_Scalar_out(L0,·,·)
MISMATCH	w54:251	out[0] max|delta|=1.611e+09 (rtol=0.0 atol=0.0)	n0*=bitwise_left_shift.Tensor_out(L0,L1,·)
MISMATCH	w54:257	out[0] max|delta|=1.845e+19 (rtol=0.0 atol=0.0)	n0*=sum.IntList_out(L0,·,·,·,·)
MISMATCH	w54:268	out[0] shape (0, 0, 0, 0) vs (0, 0, 0, 0, 0)	n0*=topk.values(L0,·,·,·,·,L1,L2)
MISMATCH	w54:284	out[0] non-finite mismatch (nan/inf positions differ)	n0*=gelu.out(L0,·,·)
MISMATCH	w54:304	out[0] max|delta|=3.999e-01 (rtol=0.01 atol=0.001)	n0*=_native_batch_norm_legit.no_stats(L0,·,·,·,·,·)
SKIP	w54:306	executor ExecutorchInvalidArgumentException: [ExecuTorch Error 0x12] Invalid argument: Execution failed for method: forward	n0*=native_group_norm(L0,·,·,·,·,·,·,·)
SKIP	w54:309	executor ExecutorchInvalidArgumentException: [ExecuTorch Error 0x12] Invalid argument: Execution failed for method: forward	n0*=_pdist_forward(L0,·)
MISMATCH	w54:322	out[0] non-finite mismatch (nan/inf positions differ)	n0*=log.out(L0,·)
SKIP	w54:337	executor ExecutorchRuntimeException: [ExecuTorch Error 0x14] Operator missing: Execution failed for method: forward	n0*=_fft_r2c(L0,·,·,·)
CRASH	w53:655	executor unavailable	n0*=log.out(L0,·)
CRASH	w53:665	executor unavailable	n0*=any.dims_out(L0,·,·,·)
SKIP	w54:408	executor ExecutorchInvalidArgumentException: [ExecuTorch Error 0x12] Invalid argument: Execution failed for method: forward	n0*=expand_copy(L0,·,·)
MISMATCH	w54:422	out[0] max|delta|=2.000e+00 (rtol=0.01 atol=0.001)	n0*=remainder.Scalar_out(L0,·,·)
CRASH	w53:754	executor unavailable	n0*=pixel_unshuffle(L0,·)
SKIP	w54:427	executor ExecutorchInvalidArgumentException: [ExecuTorch Error 0x12] Invalid argument: Execution failed for method: forward	n0*=arange.start_out(·,·,·,·)
CRASH	w54:133	executor unavailable	n0*=bitwise_right_shift.Tensor_Scalar(L0,·)
CRASH	w54:189	executor unavailable	n0*=floor.out(L0,·)
CRASH	w54:252	executor unavailable	n0*=div.out_mode(L0,L1,·,·)
CRASH	w54:27	executor unavailable	n0*=abs.out(L0,·)
CRASH	w54:301	executor unavailable	n0*=atan.out(L0,·)
CRASH	w54:303	executor unavailable	n0*=div.Scalar(L0,·)
MISMATCH	w54:512	out[0] non-finite mismatch (nan/inf positions differ)	n0*=gelu.out(L0,·,·)
SKIP	w54:534	executor ExecutorchInvalidArgumentException: [ExecuTorch Error 0x12] Invalid argument: Execution failed for method: forward	n0*=native_group_norm(L0,·,·,·,·,·,·,·)
SKIP	w54:537	executor ExecutorchInvalidArgumentException: [ExecuTorch Error 0x12] Invalid argument: Execution failed for method: forward	n0*=_pdist_forward(L0,·)
MISMATCH	w54:550	out[0] non-finite mismatch (nan/inf positions differ)	n0*=log.out(L0,·)
MISMATCH	w54:56	out[0] non-finite mismatch (nan/inf positions differ)	n0*=gelu.out(L0,·,·)
SKIP	w54:565	executor ExecutorchRuntimeException: [ExecuTorch Error 0x14] Operator missing: Execution failed for method: forward	n0*=_fft_r2c(L0,·,·,·)
CRASH	w54:375	executor unavailable	n0*=ge.Scalar_out(L0,·,·)
CRASH	w54:378	executor unavailable	n0*=full.out(·,·,·)
CRASH	w54:380	executor unavailable	n0*=_log_softmax.out(L0,·,·,·)
MISMATCH	w54:55	out[0] non-finite mismatch (nan/inf positions differ)	n0*=logit(L0,·)
SKIP	w54:630	executor ExecutorchInvalidArgumentException: [ExecuTorch Error 0x12] Invalid argument: Execution failed for method: forward	n0*=scatter_add.out(L0,·,L1,L2,·)
SKIP	w54:636	executor ExecutorchInvalidArgumentException: [ExecuTorch Error 0x12] Invalid argument: Execution failed for method: forward	n0*=expand_copy(L0,·,·)
SKIP	w54:655	executor ExecutorchInvalidArgumentException: [ExecuTorch Error 0x12] Invalid argument: Execution failed for method: forward	n0*=arange.start_out(·,·,·,·)
SKIP	w54:680	executor ExecutorchInvalidArgumentException: [ExecuTorch Error 0x12] Invalid argument: Execution failed for method: forward	n0*=native_group_norm(L0,·,·,·,·,·,·,·)
MISMATCH	w54:70	out[0] max|delta|=4.000e+00 (rtol=0.0 atol=0.0)	n0*=fmod.Scalar(L0,·)
MISMATCH	w54:707	out[0] max|delta|=2.147e+09 (rtol=0.0 atol=0.0)	n0*=bitwise_left_shift.Tensor_out(L0,L1,·)
SKIP	w54:726	executor ExecutorchInvalidArgumentException: [ExecuTorch Error 0x12] Invalid argument: Execution failed for method: forward	n0*=copy(L0,L1,·)
MISMATCH	w54:724	out[0] max|delta|=3.000e+00 (rtol=0.0 atol=0.0)	n0*=topk.values(L0,·,·,·,·,L1,L2)
MISMATCH	w54:740	out[0] non-finite mismatch (nan/inf positions differ)	n0*=gelu.out(L0,·,·)
MISMATCH	w54:754	out[0] max|delta|=4.000e+00 (rtol=0.0 atol=0.0)	n0*=fmod.Scalar(L0,·)
SKIP	w54:762	executor ExecutorchInvalidArgumentException: [ExecuTorch Error 0x12] Invalid argument: Execution failed for method: forward	n0*=native_group_norm(L0,·,·,·,·,·,·,·)
SKIP	w54:765	executor ExecutorchInvalidArgumentException: [ExecuTorch Error 0x12] Invalid argument: Execution failed for method: forward	n0*=_pdist_forward(L0,·)
MISMATCH	w54:778	out[0] non-finite mismatch (nan/inf positions differ)	n0*=log.out(L0,·)
SKIP	w54:78	executor ExecutorchInvalidArgumentException: [ExecuTorch Error 0x12] Invalid argument: Execution failed for method: forward	n0*=native_group_norm(L0,·,·,·,·,·,·,·)
SKIP	w54:592	executor ExecutorchRuntimeException: [ExecuTorch Error 0x1] Internal error: Execution failed for method: forward	n0*=_softmax.out(L0,·,·,·)
SKIP	w54:81	executor ExecutorchInvalidArgumentException: [ExecuTorch Error 0x12] Invalid argument: Execution failed for method: forward	n0*=_pdist_forward(L0,·)
SKIP	w55:105	executor ExecutorchInvalidArgumentException: [ExecuTorch Error 0x12] Invalid argument: Execution failed for method: forward	n0*=arange.start_out(·,·,·,·)
MISMATCH	w54:738	out[0] shape (1, 1) vs (0, 0, 0)	n0*=min.dim_min(L0,·,·,L1,L2)
MISMATCH	w55:121	out[0] max|delta|=2.000e+00 (rtol=0.0 atol=0.0)	n0*=prod.int_out(L0,·,·,·,·)
SKIP	w55:130	executor ExecutorchInvalidArgumentException: [ExecuTorch Error 0x12] Invalid argument: Execution failed for method: forward	n0*=native_group_norm(L0,·,·,·,·,·,·,·)
SKIP	w55:15	executor ExecutorchRuntimeException: [ExecuTorch Error 0x14] Operator missing: Execution failed for method: forward	n0*=_fft_r2c(L0,·,·,·)
MISMATCH	w55:157	out[0] non-finite mismatch (nan/inf positions differ)	n0*=bitwise_left_shift.Tensor_out(L0,L1,·)
SKIP	w55:169	executor ExecutorchInvalidArgumentException: [ExecuTorch Error 0x12] Invalid argument: Execution failed for method: forward	n0*=scatter.src_out(L0,·,L1,L2,·)
CRASH	w54:568	executor unavailable	n0*=logical_and.out(L0,L1,·)
CRASH	w54:572	executor unavailable	n0*=mean.out(L0,·,·,·,·)
CRASH	w54:693	executor unavailable	n0*=round.out(L0,·)
CRASH	w54:704	executor unavailable	n0*=bitwise_left_shift.Tensor_Scalar_out(L0,·,·)
SKIP	w55:176	executor ExecutorchInvalidArgumentException: [ExecuTorch Error 0x12] Invalid argument: Execution failed for method: forward	n0*=copy(L0,L1,·)
CRASH	w54:715	executor unavailable	n0*=lt.Tensor_out(L0,L1,·)
MISMATCH	w55:188	out[0] shape (1, 1, 1, 1, 1) vs (0, 0, 0, 0, 0)	n0*=min.dim_min(L0,·,·,L1,L2)
MISMATCH	w55:190	out[0] non-finite mismatch (nan/inf positions differ)	n0*=gelu.out(L0,·,·)
CRASH	w54:725	executor unavailable	n0*=masked_fill.Scalar(L0,L1,·)
SKIP	w55:212	executor ExecutorchInvalidArgumentException: [ExecuTorch Error 0x12] Invalid argument: Execution failed for method: forward	n0*=native_group_norm(L0,·,·,·,·,·,·,·)
SKIP	w55:215	executor ExecutorchInvalidArgumentException: [ExecuTorch Error 0x12] Invalid argument: Execution failed for method: forward	n0*=_pdist_forward(L0,·)
CRASH	w54:764	executor unavailable	n0*=div.out(L0,L1,·)
CRASH	w54:94	executor unavailable	n0*=log.out(L0,·)
CRASH	w55:147	executor unavailable	n0*=view_copy(L0,·)
CRASH	w55:16	executor unavailable	n0*=ones.out(·,·)
CRASH	w55:165	executor unavailable	n0*=lt.Tensor_out(L0,L1,·)
SKIP	w55:243	executor ExecutorchRuntimeException: [ExecuTorch Error 0x14] Operator missing: Execution failed for method: forward	n0*=_fft_r2c(L0,·,·,·)
CRASH	w55:174	executor unavailable	n0*=topk.values(L0,·,·,·,·,L1,L2)
SKIP	w55:314	executor ExecutorchInvalidArgumentException: [ExecuTorch Error 0x12] Invalid argument: Execution failed for method: forward	n0*=expand_copy(L0,·,·)
SKIP	w55:333	executor ExecutorchInvalidArgumentException: [ExecuTorch Error 0x12] Invalid argument: Execution failed for method: forward	n0*=arange.start_out(·,·,·,·)
SKIP	w55:358	executor ExecutorchInvalidArgumentException: [ExecuTorch Error 0x12] Invalid argument: Execution failed for method: forward	n0*=native_group_norm(L0,·,·,·,·,·,·,·)
MISMATCH	w55:382	out[0] max|delta|=5.033e+07 (rtol=0.0 atol=0.0)	n0*=bitwise_left_shift.Tensor_Scalar_out(L0,·,·)
MISMATCH	w55:385	out[0] max|delta|=6.918e+18 (rtol=0.0 atol=0.0)	n0*=bitwise_left_shift.Tensor_out(L0,L1,·)
MISMATCH	w55:392	out[0] non-finite mismatch (nan/inf positions differ)	n0*=logit.out(L0,·,·)
SKIP	w55:397	executor ExecutorchInvalidArgumentException: [ExecuTorch Error 0x12] Invalid argument: Execution failed for method: forward	n0*=scatter.src_out(L0,·,L1,L2,·)
MISMATCH	w55:418	out[0] non-finite mismatch (nan/inf positions differ)	n0*=gelu.out(L0,·,·)
MISMATCH	w55:431	out[0] max|delta|=4.000e+00 (rtol=0.0 atol=0.0)	n0*=remainder.Tensor_out(L0,L1,·)
MISMATCH	w55:433	out[0] shape (1, 1) vs (0, 0, 0, 0, 0)	n0*=max.dim_max(L0,·,·,L1,L2)
SKIP	w55:440	executor ExecutorchInvalidArgumentException: [ExecuTorch Error 0x12] Invalid argument: Execution failed for method: forward	n0*=native_group_norm(L0,·,·,·,·,·,·,·)
SKIP	w55:443	executor ExecutorchInvalidArgumentException: [ExecuTorch Error 0x12] Invalid argument: Execution failed for method: forward	n0*=_pdist_forward(L0,·)
MISMATCH	w55:456	out[0] non-finite mismatch (nan/inf positions differ)	n0*=log.out(L0,·)
SKIP	w55:471	executor ExecutorchRuntimeException: [ExecuTorch Error 0x14] Operator missing: Execution failed for method: forward	n0*=_fft_r2c(L0,·,·,·)
SKIP	w55:561	executor ExecutorchInvalidArgumentException: [ExecuTorch Error 0x12] Invalid argument: Execution failed for method: forward	n0*=arange.start_out(·,·,·,·)
MISMATCH	w55:613	out[0] max|delta|=2.147e+09 (rtol=0.0 atol=0.0)	n0*=bitwise_left_shift.Tensor_out(L0,L1,·)
MISMATCH	w55:620	out[0] non-finite mismatch (nan/inf positions differ)	n0*=logit.out(L0,·,·)
MISMATCH	w55:646	out[0] non-finite mismatch (nan/inf positions differ)	n0*=gelu.out(L0,·,·)
CRASH	w55:227	executor unavailable	n0*=pixel_shuffle(L0,·)
CRASH	w55:307	executor unavailable	n0*=pixel_shuffle(L0,·)
CRASH	w55:320	executor unavailable	n0*=prod(L0,·)
CRASH	w55:35	executor unavailable	n0*=log10.out(L0,·)
SKIP	w55:668	executor ExecutorchInvalidArgumentException: [ExecuTorch Error 0x12] Invalid argument: Execution failed for method: forward	n0*=native_group_norm(L0,·,·,·,·,·,·,·)
MISMATCH	w55:684	out[0] non-finite mismatch (nan/inf positions differ)	n0*=log.out(L0,·)
SKIP	w55:699	executor ExecutorchRuntimeException: [ExecuTorch Error 0x14] Operator missing: Execution failed for method: forward	n0*=_fft_r2c(L0,·,·,·)
MISMATCH	w55:71	out[0] max|delta|=5.000e+00 (rtol=0.0 atol=0.0)	n0*=remainder.Scalar(L0,·)
CRASH	w55:498	executor unavailable	n0*=_softmax.out(L0,·,·,·)
CRASH	w55:515	executor unavailable	n0*=elu.out(L0,·,·,·,·)
CRASH	w55:549	executor unavailable	n0*=split_with_sizes_copy(L0,·,·)
CRASH	w55:546	executor unavailable	n0*=exp.out(L0,·)
CRASH	w55:586	executor unavailable	n0*=native_group_norm(L0,·,·,·,·,·,·,·)
CRASH	w55:595	executor unavailable	n0*=cos.out(L0,·)
SKIP	w55:770	executor ExecutorchInvalidArgumentException: [ExecuTorch Error 0x12] Invalid argument: Execution failed for method: forward	n0*=expand_copy(L0,·,·)
MISMATCH	w55:78	out[0] max|delta|=5.765e+17 (rtol=0.0 atol=0.0)	n0*=bitwise_left_shift.Tensor_Scalar(L0,·)
SKIP	w56:10	executor ExecutorchInvalidArgumentException: [ExecuTorch Error 0x12] Invalid argument: Execution failed for method: forward	n0*=native_group_norm(L0,·,·,·,·,·,·,·)
SKIP	w56:112	executor ExecutorchInvalidArgumentException: [ExecuTorch Error 0x12] Invalid argument: Execution failed for method: forward	n0*=expand_copy(L0,·,·)
CRASH	w55:640	executor unavailable	n0*=bitwise_or.Scalar_out(L0,·,·)
SKIP	w56:13	executor ExecutorchInvalidArgumentException: [ExecuTorch Error 0x12] Invalid argument: Execution failed for method: forward	n0*=_pdist_forward(L0,·)
SKIP	w56:131	executor ExecutorchInvalidArgumentException: [ExecuTorch Error 0x12] Invalid argument: Execution failed for method: forward	n0*=arange.start_out(·,·,·,·)
CRASH	w55:648	executor unavailable	n0*=bmm.out(L0,L1,·)
SKIP	w56:156	executor ExecutorchInvalidArgumentException: [ExecuTorch Error 0x12] Invalid argument: Execution failed for method: forward	n0*=native_group_norm(L0,·,·,·,·,·,·,·)
MISMATCH	w56:183	out[0] max|delta|=6.918e+18 (rtol=0.01 atol=0.001)	n0*=bitwise_left_shift.Tensor_out(L0,L1,·)
MISMATCH	w55:762	out[0] max|delta|=5.765e+17 (rtol=0.0 atol=0.0)	n0*=bitwise_left_shift.Tensor_Scalar(L0,·)
MISMATCH	w56:200	out[0] shape (1, 1, 0, 1, 1) vs (0, 0, 0, 0, 0)	n0*=topk.values(L0,·,·,·,·,L1,L2)
SKIP	w56:202	executor ExecutorchInvalidArgumentException: [ExecuTorch Error 0x12] Invalid argument: Execution failed for method: forward	n0*=copy(L0,L1,·)
MISMATCH	w56:216	out[0] non-finite mismatch (nan/inf positions differ)	n0*=gelu.out(L0,·,·)
SKIP	w56:238	executor ExecutorchInvalidArgumentException: [ExecuTorch Error 0x12] Invalid argument: Execution failed for method: forward	n0*=native_group_norm(L0,·,·,·,·,·,·,·)
MISMATCH	w56:26	out[0] non-finite mismatch (nan/inf positions differ)	n0*=log.out(L0,·)
SKIP	w56:269	executor ExecutorchRuntimeException: [ExecuTorch Error 0x14] Operator missing: Execution failed for method: forward	n0*=_fft_r2c(L0,·,·,·)
SKIP	w56:359	executor ExecutorchInvalidArgumentException: [ExecuTorch Error 0x12] Invalid argument: Execution failed for method: forward	n0*=arange.start_out(·,·,·,·)
SKIP	w56:384	executor ExecutorchInvalidArgumentException: [ExecuTorch Error 0x12] Invalid argument: Execution failed for method: forward	n0*=native_group_norm(L0,·,·,·,·,·,·,·)
SKIP	w56:41	executor ExecutorchRuntimeException: [ExecuTorch Error 0x14] Operator missing: Execution failed for method: forward	n0*=_fft_r2c(L0,·,·,·)
MISMATCH	w56:411	out[0] max|delta|=9.223e+18 (rtol=0.01 atol=0.001)	n0*=bitwise_left_shift.Tensor_out(L0,L1,·)
MISMATCH	w56:428	out[0] shape (1, 1, 1, 1) vs (0, 0, 0, 0, 0)	n0*=topk.values(L0,·,·,·,·,L1,L2)
SKIP	w56:430	executor ExecutorchInvalidArgumentException: [ExecuTorch Error 0x12] Invalid argument: Execution failed for method: forward	n0*=copy(L0,L1,·)
MISMATCH	w56:444	out[0] non-finite mismatch (nan/inf positions differ)	n0*=gelu.out(L0,·,·)
SKIP	w56:466	executor ExecutorchInvalidArgumentException: [ExecuTorch Error 0x12] Invalid argument: Execution failed for method: forward	n0*=native_group_norm(L0,·,·,·,·,·,·,·)
SKIP	w56:469	executor ExecutorchInvalidArgumentException: [ExecuTorch Error 0x12] Invalid argument: Execution failed for method: forward	n0*=_pdist_forward(L0,·)
CRASH	w55:735	executor unavailable	n0*=floor_divide(L0,L1)
CRASH	w55:75	executor unavailable	n0*=max.unary_out(L0,·)
MISMATCH	w56:482	out[0] non-finite mismatch (nan/inf positions differ)	n0*=log.out(L0,·)
CRASH	w56:123	executor unavailable	n0*=tril.out(L0,·,·)
CRASH	w56:192	executor unavailable	n0*=diagonal_copy(L0,·,·,·)
CRASH	w56:231	executor unavailable	n0*=max.dim_max(L0,·,·,L1,L2)
CRASH	w56:241	executor unavailable	n0*=_pdist_forward(L0,·)
SKIP	w56:497	executor ExecutorchRuntimeException: [ExecuTorch Error 0x14] Operator missing: Execution failed for method: forward	n0*=_fft_r2c(L0,·,·,·)
CRASH	w56:286	executor unavailable	n0*=ceil.out(L0,·)
MISMATCH	w56:553	out[0] max|delta|=7.000e+00 (rtol=0.0 atol=0.0)	n0*=remainder.Scalar(L0,·)
MISMATCH	w56:560	out[0] max|delta|=5.765e+17 (rtol=0.0 atol=0.0)	n0*=bitwise_left_shift.Tensor_Scalar(L0,·)
SKIP	w56:568	executor ExecutorchInvalidArgumentException: [ExecuTorch Error 0x12] Invalid argument: Execution failed for method: forward	n0*=expand_copy(L0,·,·)
CRASH	w56:402	executor unavailable	n0*=index_select.out(L0,·,L1,·)
SKIP	w56:587	executor ExecutorchInvalidArgumentException: [ExecuTorch Error 0x12] Invalid argument: Execution failed for method: forward	n0*=arange.start_out(·,·,·,·)
CRASH	w56:424	executor unavailable	n0*=ge.Tensor_out(L0,L1,·)
CRASH	w56:422	executor unavailable	n0*=index.Tensor_out(L0,·,·)
SKIP	w56:612	executor ExecutorchInvalidArgumentException: [ExecuTorch Error 0x12] Invalid argument: Execution failed for method: forward	n0*=native_group_norm(L0,·,·,·,·,·,·,·)
MISMATCH	w56:636	out[0] max|delta|=2.882e+17 (rtol=0.0 atol=0.0)	n0*=bitwise_left_shift.Tensor_Scalar_out(L0,·,·)
MISMATCH	w56:639	out[0] non-finite mismatch (nan/inf positions differ)	n0*=bitwise_left_shift.Tensor_out(L0,L1,·)
MISMATCH	w56:656	out[0] shape (1, 1, 1, 1) vs (0, 0, 0, 0, 0)	n0*=topk.values(L0,·,·,·,·,L1,L2)
MISMATCH	w56:672	out[0] non-finite mismatch (nan/inf positions differ)	n0*=gelu.out(L0,·,·)
SKIP	w56:694	executor ExecutorchInvalidArgumentException: [ExecuTorch Error 0x12] Invalid argument: Execution failed for method: forward	n0*=native_group_norm(L0,·,·,·,·,·,·,·)
SKIP	w56:697	executor ExecutorchInvalidArgumentException: [ExecuTorch Error 0x12] Invalid argument: Execution failed for method: forward	n0*=_pdist_forward(L0,·)
CRASH	w56:462	executor unavailable	n0*=unsqueeze_copy(L0,·)
SKIP	w56:725	executor ExecutorchRuntimeException: [ExecuTorch Error 0x14] Operator missing: Execution failed for method: forward	n0*=_fft_r2c(L0,·,·,·)
CRASH	w56:470	executor unavailable	n0*=reflection_pad1d.out(L0,·,·)
CRASH	w56:88	executor process died (native abort)	n0*=unfold_copy(L0,·,·,·)
MISMATCH	w57:106	out[0] max|delta|=9.223e+18 (rtol=0.0 atol=0.0)	n0*=bitwise_left_shift.Tensor_Scalar(L0,·)
MISMATCH	w57:120	out[0] max|delta|=1.000e+00 (rtol=0.0 atol=0.0)	n0*=prod(L0,·)
SKIP	w57:12	executor ExecutorchInvalidArgumentException: [ExecuTorch Error 0x12] Invalid argument: Execution failed for method: forward	n0*=native_group_norm(L0,·,·,·,·,·,·,·)
SKIP	w57:133	executor ExecutorchInvalidArgumentException: [ExecuTorch Error 0x12] Invalid argument: Execution failed for method: forward	n0*=arange.start_out(·,·,·,·)
SKIP	w57:139	executor ExecutorchInvalidArgumentException: [ExecuTorch Error 0x12] Invalid argument: Execution failed for method: forward	n0*=scatter.value_out(L0,·,L1,·,·)
SKIP	w57:15	executor ExecutorchInvalidArgumentException: [ExecuTorch Error 0x12] Invalid argument: Execution failed for method: forward	n0*=_pdist_forward(L0,·)
SKIP	w57:158	executor ExecutorchInvalidArgumentException: [ExecuTorch Error 0x12] Invalid argument: Execution failed for method: forward	n0*=native_group_norm(L0,·,·,·,·,·,·,·)
SKIP	w57:197	executor ExecutorchInvalidArgumentException: [ExecuTorch Error 0x12] Invalid argument: Execution failed for method: forward	n0*=scatter.src_out(L0,·,L1,L2,·)
MISMATCH	w57:202	out[0] shape (1, 0, 1, 1) vs (0, 0, 0, 0, 0)	n0*=topk.values(L0,·,·,·,·,L1,L2)
SKIP	w57:204	executor ExecutorchInvalidArgumentException: [ExecuTorch Error 0x12] Invalid argument: Execution failed for method: forward	n0*=copy(L0,L1,·)
MISMATCH	w57:218	out[0] non-finite mismatch (nan/inf positions differ)	n0*=gelu.out(L0,·,·)
SKIP	w57:243	executor ExecutorchInvalidArgumentException: [ExecuTorch Error 0x12] Invalid argument: Execution failed for method: forward	n0*=_pdist_forward(L0,·)
CRASH	w56:521	executor unavailable	n0*=bitwise_right_shift.Tensor_Scalar(L0,·)
SKIP	w57:271	executor ExecutorchRuntimeException: [ExecuTorch Error 0x14] Operator missing: Execution failed for method: forward	n0*=_fft_r2c(L0,·,·,·)
CRASH	w56:663	executor unavailable	n0*=fmod.Scalar_out(L0,·,·)
CRASH	w56:684	executor unavailable	n0*=reciprocal.out(L0,·)
CRASH	w56:690	executor unavailable	n0*=unsqueeze_copy(L0,·)
CRASH	w56:710	executor unavailable	n0*=log.out(L0,·)
CRASH	w56:726	executor unavailable	n0*=ones.out(·,·)
CRASH	w56:74	executor unavailable	n0*=logical_xor(L0,L1)
CRASH	w57:102	executor unavailable	n0*=pow.Tensor_Tensor_out(L0,L1,·)
MISMATCH	w57:348	out[0] max|delta|=1.000e+00 (rtol=0.0 atol=0.0)	n0*=prod(L0,·)
SKIP	w57:361	executor ExecutorchInvalidArgumentException: [ExecuTorch Error 0x12] Invalid argument: Execution failed for method: forward	n0*=arange.start_out(·,·,·,·)
SKIP	w57:381	executor ExecutorchInvalidArgumentException: [ExecuTorch Error 0x12] Invalid argument: Execution failed for method: forward	n0*=convolution(L0,L1,·,·,·,·,·,·,·)
SKIP	w57:386	executor ExecutorchInvalidArgumentException: [ExecuTorch Error 0x12] Invalid argument: Execution failed for method: forward	n0*=native_group_norm(L0,·,·,·,·,·,·,·)
MISMATCH	w57:413	out[0] max|delta|=2.147e+09 (rtol=0.0 atol=0.0)	n0*=bitwise_left_shift.Tensor_out(L0,L1,·)
SKIP	w57:43	executor ExecutorchRuntimeException: [ExecuTorch Error 0x14] Operator missing: Execution failed for method: forward	n0*=_fft_r2c(L0,·,·,·)
MISMATCH	w57:430	out[0] shape (0, 0) vs (0, 0, 0)	n0*=topk.values(L0,·,·,·,·,L1,L2)
SKIP	w57:432	executor ExecutorchInvalidArgumentException: [ExecuTorch Error 0x12] Invalid argument: Execution failed for method: forward	n0*=copy(L0,L1,·)
MISMATCH	w57:446	out[0] non-finite mismatch (nan/inf positions differ)	n0*=gelu.out(L0,·,·)
CRASH	w57:18	executor unavailable	n0*=logical_not(L0)
MISMATCH	w57:460	out[0] max|delta|=3.000e+00 (rtol=0.0 atol=0.0)	n0*=fmod.Scalar(L0,·)
SKIP	w57:468	executor ExecutorchInvalidArgumentException: [ExecuTorch Error 0x12] Invalid argument: Execution failed for method: forward	n0*=native_group_norm(L0,·,·,·,·,·,·,·)
SKIP	w57:471	executor ExecutorchInvalidArgumentException: [ExecuTorch Error 0x12] Invalid argument: Execution failed for method: forward	n0*=_pdist_forward(L0,·)
MISMATCH	w57:48	out[0] non-finite mismatch (nan/inf positions differ)	n0*=native_layer_norm(L0,·,·,·,·)
SKIP	w57:499	executor ExecutorchRuntimeException: [ExecuTorch Error 0x14] Operator missing: Execution failed for method: forward	n0*=_fft_r2c(L0,·,·,·)
CRASH	w57:240	executor unavailable	n0*=native_group_norm(L0,·,·,·,·,·,·,·)
CRASH	w57:247	executor unavailable	n0*=bitwise_right_shift.Tensor_out(L0,L1,·)
CRASH	w57:253	executor unavailable	n0*=mul.Scalar(L0,·)
CRASH	w57:491	executor process died (native abort)	n0*=max_pool2d_with_indices_backward.grad_input(L0,L1,·,·,·,·,·,L2,L3)
SKIP	w57:589	executor ExecutorchInvalidArgumentException: [ExecuTorch Error 0x12] Invalid argument: Execution failed for method: forward	n0*=arange.start_out(·,·,·,·)
SKIP	w57:595	executor ExecutorchInvalidArgumentException: [ExecuTorch Error 0x12] Invalid argument: Execution failed for method: forward	n0*=scatter.value_out(L0,·,L1,·,·)
SKIP	w57:614	executor ExecutorchInvalidArgumentException: [ExecuTorch Error 0x12] Invalid argument: Execution failed for method: forward	n0*=native_group_norm(L0,·,·,·,·,·,·,·)
MISMATCH	w57:638	out[0] max|delta|=1.441e+17 (rtol=0.01 atol=0.001)	n0*=bitwise_left_shift.Tensor_Scalar_out(L0,·,·)
MISMATCH	w57:641	out[0] non-finite mismatch (nan/inf positions differ)	n0*=bitwise_left_shift.Tensor_out(L0,L1,·)
MISMATCH	w57:674	out[0] non-finite mismatch (nan/inf positions differ)	n0*=gelu.out(L0,·,·)
MISMATCH	w57:688	out[0] max|delta|=4.000e+00 (rtol=0.0 atol=0.0)	n0*=fmod.Scalar(L0,·)
MISMATCH	w57:694	out[0] max|delta|=3.999e-01 (rtol=0.01 atol=0.001)	n0*=_native_batch_norm_legit.no_stats(L0,·,·,·,·,·)
SKIP	w57:696	executor ExecutorchInvalidArgumentException: [ExecuTorch Error 0x12] Invalid argument: Execution failed for method: forward	n0*=native_group_norm(L0,·,·,·,·,·,·,·)
SKIP	w57:699	executor ExecutorchInvalidArgumentException: [ExecuTorch Error 0x12] Invalid argument: Execution failed for method: forward	n0*=_pdist_forward(L0,·)
SKIP	w57:711	executor ExecutorchRuntimeException: [ExecuTorch Error 0x1] Internal error: Execution failed for method: forward	n0*=pixel_shuffle(L0,·)
MISMATCH	w57:712	out[0] non-finite mismatch (nan/inf positions differ)	n0*=log.out(L0,·)
SKIP	w57:727	executor ExecutorchRuntimeException: [ExecuTorch Error 0x14] Operator missing: Execution failed for method: forward	n0*=_fft_r2c(L0,·,·,·)
SKIP	w58:118	executor ExecutorchRuntimeException: [ExecuTorch Error 0x14] Operator missing: Execution failed for method: forward	n0*=_fft_r2c(L0,·,·,·)
MISMATCH	w58:181	out[0] max|delta|=2.882e+17 (rtol=0.0 atol=0.0)	n0*=bitwise_left_shift.Tensor_Scalar(L0,·)
CRASH	w57:527	executor unavailable	n0*=masked_scatter(L0,L1,L2)
CRASH	w57:566	executor unavailable	n0*=mean.dtype_out(L0,·,·)
CRASH	w57:63	executor unavailable	n0*=log10.out(L0,·)
CRASH	w57:630	executor unavailable	n0*=hardtanh.out(L0,·,·,·)
CRASH	w57:635	executor unavailable	n0*=detach_copy(L0)
SKIP	w58:208	executor ExecutorchInvalidArgumentException: [ExecuTorch Error 0x12] Invalid argument: Execution failed for method: forward	n0*=arange.start_out(·,·,·,·)
CRASH	w57:695	executor unavailable	n0*=ne.Scalar_out(L0,·,·)
MISMATCH	w58:225	out[0] non-finite mismatch (nan/inf positions differ)	n0*=grid_sampler_2d(L0,L1,·,·,·)
SKIP	w58:233	executor ExecutorchInvalidArgumentException: [ExecuTorch Error 0x12] Invalid argument: Execution failed for method: forward	n0*=native_group_norm(L0,·,·,·,·,·,·,·)
CRASH	w57:740	executor unavailable	n0*=t_copy(L0)
MISMATCH	w58:277	out[0] shape (1, 1, 1, 1) vs (0, 0, 0, 0, 0)	n0*=topk.values(L0,·,·,·,·,L1,L2)
SKIP	w58:279	executor ExecutorchInvalidArgumentException: [ExecuTorch Error 0x12] Invalid argument: Execution failed for method: forward	n0*=copy(L0,L1,·)
MISMATCH	w58:293	out[0] non-finite mismatch (nan/inf positions differ)	n0*=gelu.out(L0,·,·)
CRASH	w58:116	executor unavailable	n0*=any.dims_out(L0,·,·,·)
MISMATCH	w58:32	out[0] max|delta|=1.611e+09 (rtol=0.0 atol=0.0)	n0*=bitwise_left_shift.Tensor_out(L0,L1,·)
SKIP	w58:318	executor ExecutorchInvalidArgumentException: [ExecuTorch Error 0x12] Invalid argument: Execution failed for method: forward	n0*=_pdist_forward(L0,·)
CRASH	w58:128	executor unavailable	n0*=pixel_unshuffle(L0,·)
MISMATCH	w58:331	out[0] non-finite mismatch (nan/inf positions differ)	n0*=log.out(L0,·)
SKIP	w58:346	executor ExecutorchRuntimeException: [ExecuTorch Error 0x14] Operator missing: Execution failed for method: forward	n0*=_fft_r2c(L0,·,·,·)
CRASH	w58:157	executor unavailable	n0*=mm.out(L0,L1,·)
SKIP	w58:356	executor ExecutorchRuntimeException: [ExecuTorch Error 0x1] Internal error: Execution failed for method: forward	n0*=pixel_unshuffle(L0,·)
CRASH	w58:178	executor unavailable	n0*=max.unary_out(L0,·)
MISMATCH	w58:39	out[0] non-finite mismatch (nan/inf positions differ)	n0*=logit.out(L0,·,·)
CRASH	w58:192	executor unavailable	n0*=pow.Scalar_out(·,L0,·)
SKIP	w58:315	executor ExecutorchInvalidArgumentException: [ExecuTorch Error 0x12] Invalid argument: Execution failed for method: forward	n0*=native_group_norm(L0,·,·,·,·,·,·,·)
SKIP	w58:436	executor ExecutorchInvalidArgumentException: [ExecuTorch Error 0x12] Invalid argument: Execution failed for method: forward	n0*=arange.start_out(·,·,·,·)
MISMATCH	w58:453	out[0] non-finite mismatch (nan/inf positions differ)	n0*=grid_sampler_2d(L0,L1,·,·,·)
SKIP	w58:461	executor ExecutorchInvalidArgumentException: [ExecuTorch Error 0x12] Invalid argument: Execution failed for method: forward	n0*=native_group_norm(L0,·,·,·,·,·,·,·)
MISMATCH	w58:485	out[0] max|delta|=7.206e+16 (rtol=0.01 atol=0.001)	n0*=bitwise_left_shift.Tensor_Scalar_out(L0,·,·)
MISMATCH	w58:49	out[0] shape (1, 1, 1, 1) vs (0, 0, 0, 0, 0)	n0*=topk.values(L0,·,·,·,·,L1,L2)
MISMATCH	w58:495	out[0] non-finite mismatch (nan/inf positions differ)	n0*=logit.out(L0,·,·)
SKIP	w58:5	executor ExecutorchInvalidArgumentException: [ExecuTorch Error 0x12] Invalid argument: Execution failed for method: forward	n0*=native_group_norm(L0,·,·,·,·,·,·,·)
SKIP	w58:51	executor ExecutorchInvalidArgumentException: [ExecuTorch Error 0x12] Invalid argument: Execution failed for method: forward	n0*=copy(L0,L1,·)
MISMATCH	w58:521	out[0] non-finite mismatch (nan/inf positions differ)	n0*=gelu.out(L0,·,·)
MISMATCH	w58:535	out[0] max|delta|=4.000e+00 (rtol=0.0 atol=0.0)	n0*=fmod.Scalar(L0,·)
SKIP	w58:543	executor ExecutorchInvalidArgumentException: [ExecuTorch Error 0x12] Invalid argument: Execution failed for method: forward	n0*=native_group_norm(L0,·,·,·,·,·,·,·)
SKIP	w58:546	executor ExecutorchInvalidArgumentException: [ExecuTorch Error 0x12] Invalid argument: Execution failed for method: forward	n0*=_pdist_forward(L0,·)
SKIP	w58:574	executor ExecutorchRuntimeException: [ExecuTorch Error 0x14] Operator missing: Execution failed for method: forward	n0*=_fft_r2c(L0,·,·,·)
MISMATCH	w58:598	out[0] max|delta|=1.280e+02 (rtol=0.0 atol=0.0)	n0*=bitwise_right_shift.Tensor_Scalar(L0,·)
CRASH	w58:566	executor process died (native abort)	n0*=max_pool2d_with_indices_backward.grad_input(L0,L1,·,·,·,·,·,L2,L3)
CRASH	w58:621	executor process died (native abort)	n0*=unfold_copy(L0,·,·,·)
MISMATCH	w58:65	out[0] non-finite mismatch (nan/inf positions differ)	n0*=gelu.out(L0,·,·)
MISMATCH	w58:651	out[0] max|delta|=1.000e+00 (rtol=0.0 atol=0.0)	n0*=prod(L0,·)
MISMATCH	w58:655	out[0] non-finite mismatch (nan/inf positions differ)	n0*=native_layer_norm(L0,·,·,·,·)
SKIP	w58:664	executor ExecutorchInvalidArgumentException: [ExecuTorch Error 0x12] Invalid argument: Execution failed for method: forward	n0*=arange.start_out(·,·,·,·)
SKIP	w58:689	executor ExecutorchInvalidArgumentException: [ExecuTorch Error 0x12] Invalid argument: Execution failed for method: forward	n0*=native_group_norm(L0,·,·,·,·,·,·,·)
MISMATCH	w58:716	out[0] max|delta|=9.223e+18 (rtol=0.0 atol=0.0)	n0*=bitwise_left_shift.Tensor_out(L0,L1,·)
MISMATCH	w58:723	out[0] non-finite mismatch (nan/inf positions differ)	n0*=logit.out(L0,·,·)
CRASH	w58:34	executor unavailable	n0*=var.correction_out(L0,·,·,·,·)
CRASH	w58:345	executor unavailable	n0*=where.self_out(L0,L1,L2,·)
CRASH	w58:352	executor unavailable	n0*=fill.Scalar(L0,·)
CRASH	w58:426	executor unavailable	n0*=floor.out(L0,·)
CRASH	w58:435	executor unavailable	n0*=amax.out(L0,·,·,·)
MISMATCH	w58:733	out[0] shape (0,) vs (0, 0, 0, 0, 0)	n0*=topk.values(L0,·,·,·,·,L1,L2)
MISMATCH	w58:749	out[0] non-finite mismatch (nan/inf positions differ)	n0*=gelu.out(L0,·,·)
CRASH	w58:499	executor unavailable	n0*=index.Tensor_out(L0,·,·)
SKIP	w58:87	executor ExecutorchInvalidArgumentException: [ExecuTorch Error 0x12] Invalid argument: Execution failed for method: forward	n0*=native_group_norm(L0,·,·,·,·,·,·,·)
SKIP	w58:90	executor ExecutorchInvalidArgumentException: [ExecuTorch Error 0x12] Invalid argument: Execution failed for method: forward	n0*=_pdist_forward(L0,·)
CRASH	w58:531	executor unavailable	n0*=acosh.out(L0,·)
MISMATCH	w59:128	out[0] max|delta|=8.000e+00 (rtol=0.0 atol=0.0)	n0*=remainder.Scalar(L0,·)
SKIP	w59:156	executor ExecutorchRuntimeException: [ExecuTorch Error 0x1] Internal error: Execution failed for method: forward	n0*=pixel_unshuffle(L0,·)
CRASH	w58:616	executor unavailable	n0*=bitwise_and.Scalar_out(L0,·,·)
SKIP	w59:162	executor ExecutorchInvalidArgumentException: [ExecuTorch Error 0x12] Invalid argument: Execution failed for method: forward	n0*=arange.start_out(·,·,·,·)
SKIP	w59:187	executor ExecutorchInvalidArgumentException: [ExecuTorch Error 0x12] Invalid argument: Execution failed for method: forward	n0*=native_group_norm(L0,·,·,·,·,·,·,·)
MISMATCH	w59:211	out[0] max|delta|=9.223e+18 (rtol=0.01 atol=0.001)	n0*=bitwise_left_shift.Tensor_Scalar_out(L0,·,·)
CRASH	w58:656	executor unavailable	n0*=tril.out(L0,·,·)
MISMATCH	w59:220	out[0] max|delta|=1.845e+19 (rtol=0.0 atol=0.0)	n0*=sum.IntList_out(L0,·,·,·,·)
MISMATCH	w59:231	out[0] shape (1, 1) vs (0, 0, 0, 0, 0)	n0*=topk.values(L0,·,·,·,·,L1,L2)
SKIP	w59:233	executor ExecutorchInvalidArgumentException: [ExecuTorch Error 0x12] Invalid argument: Execution failed for method: forward	n0*=copy(L0,L1,·)
MISMATCH	w59:247	out[0] non-finite mismatch (nan/inf positions differ)	n0*=gelu.out(L0,·,·)
CRASH	w58:688	executor unavailable	n0*=ne.Tensor_out(L0,L1,·)
SKIP	w59:269	executor ExecutorchInvalidArgumentException: [ExecuTorch Error 0x12] Invalid argument: Execution failed for method: forward	n0*=native_group_norm(L0,·,·,·,·,·,·,·)
SKIP	w59:272	executor ExecutorchInvalidArgumentException: [ExecuTorch Error 0x12] Invalid argument: Execution failed for method: forward	n0*=_pdist_forward(L0,·)
SKIP	w59:300	executor ExecutorchRuntimeException: [ExecuTorch Error 0x14] Operator missing: Execution failed for method: forward	n0*=_fft_r2c(L0,·,·,·)
CRASH	w58:72	executor unavailable	n0*=asin.out(L0,·)
CRASH	w58:732	executor unavailable	n0*=narrow_copy(L0,·,·,·)
MISMATCH	w59:377	out[0] max|delta|=1.000e+00 (rtol=0.0 atol=0.0)	n0*=prod(L0,·)
SKIP	w59:390	executor ExecutorchInvalidArgumentException: [ExecuTorch Error 0x12] Invalid argument: Execution failed for method: forward	n0*=arange.start_out(·,·,·,·)
SKIP	w59:396	executor ExecutorchInvalidArgumentException: [ExecuTorch Error 0x12] Invalid argument: Execution failed for method: forward	n0*=scatter.value_out(L0,·,L1,·,·)
SKIP	w59:41	executor ExecutorchInvalidArgumentException: [ExecuTorch Error 0x12] Invalid argument: Execution failed for method: forward	n0*=native_group_norm(L0,·,·,·,·,·,·,·)
SKIP	w59:410	executor ExecutorchInvalidArgumentException: [ExecuTorch Error 0x12] Invalid argument: Execution failed for method: forward	n0*=convolution(L0,L1,·,·,·,·,·,·,·)
SKIP	w59:415	executor ExecutorchInvalidArgumentException: [ExecuTorch Error 0x12] Invalid argument: Execution failed for method: forward	n0*=native_group_norm(L0,·,·,·,·,·,·,·)
SKIP	w59:44	executor ExecutorchInvalidArgumentException: [ExecuTorch Error 0x12] Invalid argument: Execution failed for method: forward	n0*=_pdist_forward(L0,·)
MISMATCH	w59:442	out[0] non-finite mismatch (nan/inf positions differ)	n0*=bitwise_left_shift.Tensor_out(L0,L1,·)
MISMATCH	w59:459	out[0] shape (0, 0, 0, 0) vs (0, 0, 0, 0, 0)	n0*=topk.values(L0,·,·,·,·,L1,L2)
CRASH	w59:111	executor unavailable	n0*=mm.out(L0,L1,·)
CRASH	w59:146	executor unavailable	n0*=pow.Scalar_out(·,L0,·)
CRASH	w59:177	executor unavailable	n0*=any.all_out(L0,·)
MISMATCH	w59:475	out[0] non-finite mismatch (nan/inf positions differ)	n0*=gelu.out(L0,·,·)
CRASH	w59:228	executor unavailable	n0*=replication_pad1d.out(L0,·,·)
CRASH	w59:241	executor unavailable	n0*=bitwise_or.Scalar_out(L0,·,·)
SKIP	w59:500	executor ExecutorchInvalidArgumentException: [ExecuTorch Error 0x12] Invalid argument: Execution failed for method: forward	n0*=_pdist_forward(L0,·)
SKIP	w59:528	executor ExecutorchRuntimeException: [ExecuTorch Error 0x14] Operator missing: Execution failed for method: forward	n0*=_fft_r2c(L0,·,·,·)
CRASH	w59:297	executor unavailable	n0*=clamp.Tensor_out(L0,·,·,·)
CRASH	w59:311	executor unavailable	n0*=rsqrt.out(L0,·)
SKIP	w59:557	executor IllegalArgumentException: unsupported input dtype code 24 on Android	n0*=linear.out(L0,L1,·,·)
CRASH	w59:345	executor unavailable	n0*=neg.out(L0,·)
MISMATCH	w59:591	out[0] max|delta|=1.074e+09 (rtol=0.0 atol=0.0)	n0*=bitwise_left_shift.Tensor_Scalar(L0,·)
MISMATCH	w59:635	out[0] non-finite mismatch (nan/inf positions differ)	n0*=grid_sampler_2d(L0,L1,·,·,·)
MISMATCH	w59:670	out[0] max|delta|=1.611e+09 (rtol=0.0 atol=0.0)	n0*=bitwise_left_shift.Tensor_out(L0,L1,·)
SKIP	w59:689	executor ExecutorchInvalidArgumentException: [ExecuTorch Error 0x12] Invalid argument: Execution failed for method: forward	n0*=copy(L0,L1,·)
SKIP	w59:618	executor ExecutorchInvalidArgumentException: [ExecuTorch Error 0x12] Invalid argument: Execution failed for method: forward	n0*=arange.start_out(·,·,·,·)
MISMATCH	w59:702	out[0] non-finite mismatch (nan/inf positions differ)	n0*=logit(L0,·)
MISMATCH	w59:703	out[0] non-finite mismatch (nan/inf positions differ)	n0*=gelu.out(L0,·,·)
SKIP	w59:72	executor ExecutorchRuntimeException: [ExecuTorch Error 0x14] Operator missing: Execution failed for method: forward	n0*=_fft_r2c(L0,·,·,·)
SKIP	w59:728	executor ExecutorchInvalidArgumentException: [ExecuTorch Error 0x12] Invalid argument: Execution failed for method: forward	n0*=_pdist_forward(L0,·)
MISMATCH	w59:741	out[0] non-finite mismatch (nan/inf positions differ)	n0*=log.out(L0,·)
SKIP	w59:756	executor ExecutorchRuntimeException: [ExecuTorch Error 0x14] Operator missing: Execution failed for method: forward	n0*=_fft_r2c(L0,·,·,·)
CRASH	w59:445	executor unavailable	n0*=hardtanh(L0,·,·)
CRASH	w59:444	executor unavailable	n0*=var.correction_out(L0,·,·,·,·)
CRASH	w59:446	executor unavailable	n0*=abs.out(L0,·)
CRASH	w59:474	executor unavailable	n0*=logit(L0,·)
MISMATCH	w6:100	out[0] shape (1, 1, 1) vs (0, 0, 0, 0, 0)	n0*=max.dim_max(L0,·,·,L1,L2)
SKIP	w6:0	executor ExecutorchInvalidArgumentException: [ExecuTorch Error 0x12] Invalid argument: Execution failed for method: forward	n0*=arange.start_out(·,·,·,·)
SKIP	w6:107	executor ExecutorchInvalidArgumentException: [ExecuTorch Error 0x12] Invalid argument: Execution failed for method: forward	n0*=native_group_norm(L0,·,·,·,·,·,·,·)
SKIP	w6:110	executor ExecutorchInvalidArgumentException: [ExecuTorch Error 0x12] Invalid argument: Execution failed for method: forward	n0*=_pdist_forward(L0,·)
SKIP	w6:138	executor ExecutorchRuntimeException: [ExecuTorch Error 0x14] Operator missing: Execution failed for method: forward	n0*=_fft_r2c(L0,·,·,·)
CRASH	w59:533	executor unavailable	n0*=native_layer_norm(L0,·,·,·,·)
SKIP	w6:228	executor ExecutorchInvalidArgumentException: [ExecuTorch Error 0x12] Invalid argument: Execution failed for method: forward	n0*=arange.start_out(·,·,·,·)
SKIP	w6:25	executor ExecutorchInvalidArgumentException: [ExecuTorch Error 0x12] Invalid argument: Execution failed for method: forward	n0*=native_group_norm(L0,·,·,·,·,·,·,·)
SKIP	w6:253	executor ExecutorchInvalidArgumentException: [ExecuTorch Error 0x12] Invalid argument: Execution failed for method: forward	n0*=native_group_norm(L0,·,·,·,·,·,·,·)
CRASH	w59:645	executor unavailable	n0*=gt.Tensor_out(L0,L1,·)
CRASH	w59:663	executor unavailable	n0*=sign.out(L0,·)
CRASH	w59:755	executor unavailable	n0*=where.self_out(L0,L1,L2,·)
CRASH	w59:760	executor unavailable	n0*=log2.out(L0,·)
CRASH	w59:76	executor unavailable	n0*=log2.out(L0,·)
MISMATCH	w6:277	out[0] max|delta|=1.074e+09 (rtol=0.0 atol=0.0)	n0*=bitwise_left_shift.Tensor_Scalar_out(L0,·,·)
CRASH	w59:78	executor unavailable	n0*=fill.Scalar(L0,·)
MISMATCH	w6:280	out[0] max|delta|=6.918e+18 (rtol=0.01 atol=0.001)	n0*=bitwise_left_shift.Tensor_out(L0,L1,·)
CRASH	w59:87	executor unavailable	n0*=logical_xor.out(L0,L1,·)
MISMATCH	w6:313	out[0] non-finite mismatch (nan/inf positions differ)	n0*=gelu.out(L0,·,·)
MISMATCH	w6:333	out[0] max|delta|=3.999e-01 (rtol=0.01 atol=0.001)	n0*=_native_batch_norm_legit.no_stats(L0,·,·,·,·,·)
SKIP	w6:335	executor ExecutorchInvalidArgumentException: [ExecuTorch Error 0x12] Invalid argument: Execution failed for method: forward	n0*=native_group_norm(L0,·,·,·,·,·,·,·)
MISMATCH	w6:351	out[0] non-finite mismatch (nan/inf positions differ)	n0*=log.out(L0,·)
SKIP	w6:366	executor ExecutorchRuntimeException: [ExecuTorch Error 0x14] Operator missing: Execution failed for method: forward	n0*=_fft_r2c(L0,·,·,·)
MISMATCH	w6:429	out[0] max|delta|=5.765e+17 (rtol=0.0 atol=0.0)	n0*=bitwise_left_shift.Tensor_Scalar(L0,·)
SKIP	w6:437	executor ExecutorchInvalidArgumentException: [ExecuTorch Error 0x12] Invalid argument: Execution failed for method: forward	n0*=expand_copy(L0,·,·)
MISMATCH	w6:447	out[0] non-finite mismatch (nan/inf positions differ)	n0*=native_layer_norm(L0,·,·,·,·)
SKIP	w6:456	executor ExecutorchInvalidArgumentException: [ExecuTorch Error 0x12] Invalid argument: Execution failed for method: forward	n0*=arange.start_out(·,·,·,·)
SKIP	w6:481	executor ExecutorchInvalidArgumentException: [ExecuTorch Error 0x12] Invalid argument: Execution failed for method: forward	n0*=native_group_norm(L0,·,·,·,·,·,·,·)
CRASH	w6:157	executor unavailable	n0*=leaky_relu.out(L0,·,·)
CRASH	w6:160	executor unavailable	n0*=argmax.out(L0,·,·,·)
CRASH	w6:16	executor unavailable	n0*=prod.int_out(L0,·,·,·,·)
MISMATCH	w6:505	out[0] max|delta|=9.223e+18 (rtol=0.0 atol=0.0)	n0*=bitwise_left_shift.Tensor_Scalar_out(L0,·,·)
MISMATCH	w6:515	out[0] non-finite mismatch (nan/inf positions differ)	n0*=logit.out(L0,·,·)
MISMATCH	w6:52	out[0] max|delta|=6.918e+18 (rtol=0.01 atol=0.001)	n0*=bitwise_left_shift.Tensor_out(L0,L1,·)
MISMATCH	w6:525	out[0] shape (1, 1, 1) vs (0, 0, 0, 0, 0)	n0*=topk.values(L0,·,·,·,·,L1,L2)
SKIP	w6:528	executor ExecutorchInvalidArgumentException: [ExecuTorch Error 0x12] Invalid argument: Execution failed for method: forward	n0*=stack(·,·)
MISMATCH	w6:540	out[0] non-finite mismatch (nan/inf positions differ)	n0*=logit(L0,·)
SKIP	w6:527	executor ExecutorchInvalidArgumentException: [ExecuTorch Error 0x12] Invalid argument: Execution failed for method: forward	n0*=copy(L0,L1,·)
SKIP	w6:566	executor ExecutorchInvalidArgumentException: [ExecuTorch Error 0x12] Invalid argument: Execution failed for method: forward	n0*=_pdist_forward(L0,·)
SKIP	w6:594	executor ExecutorchRuntimeException: [ExecuTorch Error 0x14] Operator missing: Execution failed for method: forward	n0*=_fft_r2c(L0,·,·,·)
CRASH	w6:586	executor process died (native abort)	n0*=max_pool2d_with_indices_backward.grad_input(L0,L1,·,·,·,·,·,L2,L3)
SKIP	w6:64	executor ExecutorchInvalidArgumentException: [ExecuTorch Error 0x12] Invalid argument: Execution failed for method: forward	n0*=scatter.src_out(L0,·,L1,L2,·)
MISMATCH	w6:650	out[0] max|delta|=3.000e+00 (rtol=0.0 atol=0.0)	n0*=remainder.Scalar(L0,·)
SKIP	w6:665	executor ExecutorchInvalidArgumentException: [ExecuTorch Error 0x12] Invalid argument: Execution failed for method: forward	n0*=expand_copy(L0,·,·)
SKIP	w6:684	executor ExecutorchInvalidArgumentException: [ExecuTorch Error 0x12] Invalid argument: Execution failed for method: forward	n0*=arange.start_out(·,·,·,·)
SKIP	w6:71	executor ExecutorchInvalidArgumentException: [ExecuTorch Error 0x12] Invalid argument: Execution failed for method: forward	n0*=copy(L0,L1,·)
MISMATCH	w6:736	out[0] non-finite mismatch (nan/inf positions differ)	n0*=bitwise_left_shift.Tensor_out(L0,L1,·)
SKIP	w6:755	executor ExecutorchInvalidArgumentException: [ExecuTorch Error 0x12] Invalid argument: Execution failed for method: forward	n0*=copy(L0,L1,·)
MISMATCH	w6:768	out[0] non-finite mismatch (nan/inf positions differ)	n0*=logit(L0,·)
MISMATCH	w6:769	out[0] non-finite mismatch (nan/inf positions differ)	n0*=gelu.out(L0,·,·)
CRASH	w6:27	executor unavailable	n0*=gt.Tensor_out(L0,L1,·)
MISMATCH	w6:85	out[0] non-finite mismatch (nan/inf positions differ)	n0*=gelu.out(L0,·,·)
MISMATCH	w60:106	out[0] non-finite mismatch (nan/inf positions differ)	n0*=gelu.out(L0,·,·)
CRASH	w6:465	executor unavailable	n0*=tanh.out(L0,·)
CRASH	w6:480	executor unavailable	n0*=ne.Tensor_out(L0,L1,·)
CRASH	w6:511	executor unavailable	n0*=hardtanh(L0,·,·)
MISMATCH	w60:119	out[0] max|delta|=4.000e+00 (rtol=0.0 atol=0.0)	n0*=remainder.Tensor_out(L0,L1,·)
CRASH	w6:562	executor unavailable	n0*=ne.Scalar_out(L0,·,·)
SKIP	w60:128	executor ExecutorchInvalidArgumentException: [ExecuTorch Error 0x12] Invalid argument: Execution failed for method: forward	n0*=native_group_norm(L0,·,·,·,·,·,·,·)
SKIP	w60:131	executor ExecutorchInvalidArgumentException: [ExecuTorch Error 0x12] Invalid argument: Execution failed for method: forward	n0*=_pdist_forward(L0,·)
SKIP	w60:159	executor ExecutorchRuntimeException: [ExecuTorch Error 0x14] Operator missing: Execution failed for method: forward	n0*=_fft_r2c(L0,·,·,·)
SKIP	w60:169	executor ExecutorchRuntimeException: [ExecuTorch Error 0x1] Internal error: Execution failed for method: forward	n0*=pixel_unshuffle(L0,·)
CRASH	w6:627	executor unavailable	n0*=logical_xor(L0,L1)
CRASH	w6:667	executor unavailable	n0*=bitwise_or.Tensor_out(L0,L1,·)
CRASH	w6:709	executor unavailable	n0*=native_group_norm(L0,·,·,·,·,·,·,·)
CRASH	w6:711	executor unavailable	n0*=gt.Tensor_out(L0,L1,·)
SKIP	w60:21	executor ExecutorchInvalidArgumentException: [ExecuTorch Error 0x12] Invalid argument: Execution failed for method: forward	n0*=arange.start_out(·,·,·,·)
CRASH	w6:737	executor unavailable	n0*=div.out_mode(L0,L1,·,·)
MISMATCH	w60:222	out[0] max|delta|=7.206e+16 (rtol=0.0 atol=0.0)	n0*=bitwise_left_shift.Tensor_Scalar(L0,·)
CRASH	w6:753	executor unavailable	n0*=topk.values(L0,·,·,·,·,L1,L2)
SKIP	w60:249	executor ExecutorchInvalidArgumentException: [ExecuTorch Error 0x12] Invalid argument: Execution failed for method: forward	n0*=arange.start_out(·,·,·,·)
SKIP	w60:274	executor ExecutorchInvalidArgumentException: [ExecuTorch Error 0x12] Invalid argument: Execution failed for method: forward	n0*=native_group_norm(L0,·,·,·,·,·,·,·)
CRASH	w6:778	executor unavailable	n0*=select_scatter(L0,L1,·,·)
MISMATCH	w60:298	out[0] max|delta|=5.765e+17 (rtol=0.01 atol=0.001)	n0*=bitwise_left_shift.Tensor_Scalar_out(L0,·,·)
MISMATCH	w60:301	out[0] max|delta|=6.918e+18 (rtol=0.01 atol=0.001)	n0*=bitwise_left_shift.Tensor_out(L0,L1,·)
MISMATCH	w60:318	out[0] shape (0, 0) vs (0, 0, 0, 0, 0)	n0*=topk.values(L0,·,·,·,·,L1,L2)
SKIP	w60:320	executor ExecutorchInvalidArgumentException: [ExecuTorch Error 0x12] Invalid argument: Execution failed for method: forward	n0*=copy(L0,L1,·)
MISMATCH	w60:334	out[0] non-finite mismatch (nan/inf positions differ)	n0*=gelu.out(L0,·,·)
SKIP	w60:359	executor ExecutorchInvalidArgumentException: [ExecuTorch Error 0x12] Invalid argument: Execution failed for method: forward	n0*=_pdist_forward(L0,·)
MISMATCH	w60:372	out[0] non-finite mismatch (nan/inf positions differ)	n0*=log.out(L0,·)
SKIP	w60:387	executor ExecutorchRuntimeException: [ExecuTorch Error 0x14] Operator missing: Execution failed for method: forward	n0*=_fft_r2c(L0,·,·,·)
SKIP	w60:452	executor ExecutorchInvalidArgumentException: [ExecuTorch Error 0x12] Invalid argument: Execution failed for method: forward	n0*=scatter_add.out(L0,·,L1,L2,·)
SKIP	w60:46	executor ExecutorchInvalidArgumentException: [ExecuTorch Error 0x12] Invalid argument: Execution failed for method: forward	n0*=native_group_norm(L0,·,·,·,·,·,·,·)
SKIP	w60:477	executor ExecutorchInvalidArgumentException: [ExecuTorch Error 0x12] Invalid argument: Execution failed for method: forward	n0*=arange.start_out(·,·,·,·)
CRASH	w60:123	executor unavailable	n0*=atan.out(L0,·)
CRASH	w60:19	executor unavailable	n0*=_adaptive_avg_pool2d(L0,·)
CRASH	w60:200	executor unavailable	n0*=full.out(·,·,·)
MISMATCH	w60:529	out[0] max|delta|=9.223e+18 (rtol=0.0 atol=0.0)	n0*=bitwise_left_shift.Tensor_out(L0,L1,·)
CRASH	w60:241	executor unavailable	n0*=tril.out(L0,·,·)
MISMATCH	w60:561	out[0] non-finite mismatch (nan/inf positions differ)	n0*=logit(L0,·)
MISMATCH	w60:562	out[0] non-finite mismatch (nan/inf positions differ)	n0*=gelu.out(L0,·,·)
SKIP	w60:584	executor ExecutorchInvalidArgumentException: [ExecuTorch Error 0x12] Invalid argument: Execution failed for method: forward	n0*=native_group_norm(L0,·,·,·,·,·,·,·)
CRASH	w60:288	executor unavailable	n0*=roll(L0,·,·)
CRASH	w60:385	executor unavailable	n0*=any.dims_out(L0,·,·,·)
CRASH	w60:389	executor unavailable	n0*=erf.out(L0,·)
SKIP	w60:615	executor ExecutorchRuntimeException: [ExecuTorch Error 0x14] Operator missing: Execution failed for method: forward	n0*=_fft_r2c(L0,·,·,·)
CRASH	w60:426	executor unavailable	n0*=mm.out(L0,L1,·)
CRASH	w60:44	executor unavailable	n0*=logical_or(L0,L1)
CRASH	w60:441	executor unavailable	n0*=sub.out(L0,L1,·,·)
CRASH	w60:487	executor unavailable	n0*=permute_copy(L0,·)
SKIP	w60:680	executor ExecutorchInvalidArgumentException: [ExecuTorch Error 0x12] Invalid argument: Execution failed for method: forward	n0*=scatter_add.out(L0,·,L1,L2,·)
CRASH	w60:492	executor unavailable	n0*=any.all_out(L0,·)
SKIP	w60:705	executor ExecutorchInvalidArgumentException: [ExecuTorch Error 0x12] Invalid argument: Execution failed for method: forward	n0*=arange.start_out(·,·,·,·)
SKIP	w60:730	executor ExecutorchInvalidArgumentException: [ExecuTorch Error 0x12] Invalid argument: Execution failed for method: forward	n0*=native_group_norm(L0,·,·,·,·,·,·,·)
MISMATCH	w60:757	out[0] max|delta|=1.611e+09 (rtol=0.0 atol=0.0)	n0*=bitwise_left_shift.Tensor_out(L0,L1,·)
MISMATCH	w60:774	out[0] shape (1, 1, 1, 1) vs (0, 0, 0, 0)	n0*=topk.values(L0,·,·,·,·,L1,L2)
SKIP	w60:776	executor ExecutorchInvalidArgumentException: [ExecuTorch Error 0x12] Invalid argument: Execution failed for method: forward	n0*=copy(L0,L1,·)
MISMATCH	w60:8	out[0] max|delta|=2.550e+02 (rtol=0.0 atol=0.0)	n0*=prod(L0,·)
SKIP	w60:85	executor ExecutorchInvalidArgumentException: [ExecuTorch Error 0x12] Invalid argument: Execution failed for method: forward	n0*=scatter.src_out(L0,·,L1,L2,·)
MISMATCH	w60:90	out[0] shape (0, 0, 0, 0) vs (0, 0, 0, 0, 0)	n0*=topk.values(L0,·,·,·,·,L1,L2)
MISMATCH	w61:1	out[0] max|delta|=4.000e+00 (rtol=0.0 atol=0.0)	n0*=remainder.Tensor_out(L0,L1,·)
SKIP	w61:10	executor ExecutorchInvalidArgumentException: [ExecuTorch Error 0x12] Invalid argument: Execution failed for method: forward	n0*=native_group_norm(L0,·,·,·,·,·,·,·)
MISMATCH	w61:104	out[0] max|delta|=4.612e+18 (rtol=0.0 atol=0.0)	n0*=bitwise_left_shift.Tensor_Scalar(L0,·)
SKIP	w61:131	executor ExecutorchInvalidArgumentException: [ExecuTorch Error 0x12] Invalid argument: Execution failed for method: forward	n0*=arange.start_out(·,·,·,·)
SKIP	w61:137	executor ExecutorchInvalidArgumentException: [ExecuTorch Error 0x12] Invalid argument: Execution failed for method: forward	n0*=scatter.value_out(L0,·,L1,·,·)
SKIP	w61:156	executor ExecutorchInvalidArgumentException: [ExecuTorch Error 0x12] Invalid argument: Execution failed for method: forward	n0*=native_group_norm(L0,·,·,·,·,·,·,·)
MISMATCH	w61:180	out[0] max|delta|=9.223e+18 (rtol=0.01 atol=0.001)	n0*=bitwise_left_shift.Tensor_Scalar_out(L0,·,·)
CRASH	w60:585	executor unavailable	n0*=cosh.out(L0,·)
CRASH	w60:596	executor unavailable	n0*=min(L0)
CRASH	w60:624	executor unavailable	n0*=_native_batch_norm_legit_no_training(L0,·,·,L1,L2,·,·)
MISMATCH	w61:190	out[0] non-finite mismatch (nan/inf positions differ)	n0*=logit.out(L0,·,·)
MISMATCH	w61:216	out[0] non-finite mismatch (nan/inf positions differ)	n0*=gelu.out(L0,·,·)
CRASH	w60:694	executor unavailable	n0*=bitwise_xor.Tensor_out(L0,L1,·)
SKIP	w61:238	executor ExecutorchInvalidArgumentException: [ExecuTorch Error 0x12] Invalid argument: Execution failed for method: forward	n0*=native_group_norm(L0,·,·,·,·,·,·,·)
SKIP	w61:241	executor ExecutorchInvalidArgumentException: [ExecuTorch Error 0x12] Invalid argument: Execution failed for method: forward	n0*=_pdist_forward(L0,·)
CRASH	w60:729	executor unavailable	n0*=ne.Tensor_out(L0,L1,·)
MISMATCH	w61:26	out[0] non-finite mismatch (nan/inf positions differ)	n0*=log.out(L0,·)
CRASH	w60:738	executor unavailable	n0*=expm1.out(L0,·)
SKIP	w61:269	executor ExecutorchRuntimeException: [ExecuTorch Error 0x14] Operator missing: Execution failed for method: forward	n0*=_fft_r2c(L0,·,·,·)
CRASH	w61:12	executor unavailable	n0*=div.out(L0,L1,·)
CRASH	w61:142	executor unavailable	n0*=eq.Scalar_out(L0,·,·)
CRASH	w61:161	executor unavailable	n0*=asinh.out(L0,·)
CRASH	w61:16	executor unavailable	n0*=logical_not(L0)
CRASH	w61:18	executor unavailable	n0*=arange.out(·,·)
CRASH	w61:187	executor unavailable	n0*=abs.out(L0,·)
SKIP	w61:359	executor ExecutorchInvalidArgumentException: [ExecuTorch Error 0x12] Invalid argument: Execution failed for method: forward	n0*=arange.start_out(·,·,·,·)
MISMATCH	w61:376	out[0] non-finite mismatch (nan/inf positions differ)	n0*=grid_sampler_2d(L0,L1,·,·,·)
SKIP	w61:384	executor ExecutorchInvalidArgumentException: [ExecuTorch Error 0x12] Invalid argument: Execution failed for method: forward	n0*=native_group_norm(L0,·,·,·,·,·,·,·)
SKIP	w61:41	executor ExecutorchRuntimeException: [ExecuTorch Error 0x14] Operator missing: Execution failed for method: forward	n0*=_fft_r2c(L0,·,·,·)
MISMATCH	w61:411	out[0] max|delta|=9.223e+18 (rtol=0.01 atol=0.001)	n0*=bitwise_left_shift.Tensor_out(L0,L1,·)
SKIP	w61:423	executor ExecutorchInvalidArgumentException: [ExecuTorch Error 0x12] Invalid argument: Execution failed for method: forward	n0*=scatter.src_out(L0,·,L1,L2,·)
SKIP	w61:430	executor ExecutorchInvalidArgumentException: [ExecuTorch Error 0x12] Invalid argument: Execution failed for method: forward	n0*=copy(L0,L1,·)
MISMATCH	w61:442	out[0] shape () vs (0, 0, 0, 0, 0)	n0*=min.dim_min(L0,·,·,L1,L2)
MISMATCH	w61:444	out[0] non-finite mismatch (nan/inf positions differ)	n0*=gelu.out(L0,·,·)
SKIP	w61:466	executor ExecutorchInvalidArgumentException: [ExecuTorch Error 0x12] Invalid argument: Execution failed for method: forward	n0*=native_group_norm(L0,·,·,·,·,·,·,·)
SKIP	w61:469	executor ExecutorchInvalidArgumentException: [ExecuTorch Error 0x12] Invalid argument: Execution failed for method: forward	n0*=_pdist_forward(L0,·)
SKIP	w61:497	executor ExecutorchRuntimeException: [ExecuTorch Error 0x14] Operator missing: Execution failed for method: forward	n0*=_fft_r2c(L0,·,·,·)
SKIP	w61:340	executor ExecutorchInvalidArgumentException: [ExecuTorch Error 0x12] Invalid argument: Execution failed for method: forward	n0*=expand_copy(L0,·,·)
CRASH	w61:489	executor process died (native abort)	n0*=max_pool2d_with_indices_backward.grad_input(L0,L1,·,·,·,·,·,L2,L3)
SKIP	w61:562	executor ExecutorchInvalidArgumentException: [ExecuTorch Error 0x12] Invalid argument: Execution failed for method: forward	n0*=scatter_add.out(L0,·,L1,L2,·)
MISMATCH	w61:574	out[0] max|delta|=1.000e+00 (rtol=0.0 atol=0.0)	n0*=prod(L0,·)
MISMATCH	w61:560	out[0] max|delta|=7.206e+16 (rtol=0.0 atol=0.0)	n0*=bitwise_left_shift.Tensor_Scalar(L0,·)
SKIP	w61:587	executor ExecutorchInvalidArgumentException: [ExecuTorch Error 0x12] Invalid argument: Execution failed for method: forward	n0*=arange.start_out(·,·,·,·)
SKIP	w61:612	executor ExecutorchInvalidArgumentException: [ExecuTorch Error 0x12] Invalid argument: Execution failed for method: forward	n0*=native_group_norm(L0,·,·,·,·,·,·,·)
MISMATCH	w61:636	out[0] max|delta|=9.223e+18 (rtol=0.01 atol=0.001)	n0*=bitwise_left_shift.Tensor_Scalar_out(L0,·,·)
MISMATCH	w61:639	out[0] max|delta|=2.147e+09 (rtol=0.0 atol=0.0)	n0*=bitwise_left_shift.Tensor_out(L0,L1,·)
MISMATCH	w61:656	out[0] shape (1, 1, 1, 1) vs (0, 0, 0, 0, 0)	n0*=topk.values(L0,·,·,·,·,L1,L2)
SKIP	w61:658	executor ExecutorchInvalidArgumentException: [ExecuTorch Error 0x12] Invalid argument: Execution failed for method: forward	n0*=copy(L0,L1,·)
CRASH	w61:290	executor unavailable	n0*=clamp.out(L0,·,·,·)
CRASH	w61:291	executor unavailable	n0*=argmax.out(L0,·,·,·)
CRASH	w61:334	executor unavailable	n0*=scatter_add.out(L0,·,L1,L2,·)
MISMATCH	w61:672	out[0] non-finite mismatch (nan/inf positions differ)	n0*=gelu.out(L0,·,·)
CRASH	w61:395	executor unavailable	n0*=sinh.out(L0,·)
CRASH	w61:404	executor unavailable	n0*=sign.out(L0,·)
SKIP	w61:709	executor ExecutorchRuntimeException: [ExecuTorch Error 0x1] Internal error: Execution failed for method: forward	n0*=pixel_shuffle(L0,·)
SKIP	w61:725	executor ExecutorchRuntimeException: [ExecuTorch Error 0x14] Operator missing: Execution failed for method: forward	n0*=_fft_r2c(L0,·,·,·)
CRASH	w61:461	executor unavailable	n0*=atan.out(L0,·)
CRASH	w61:495	executor unavailable	n0*=any.dims_out(L0,·,·,·)
CRASH	w61:541	executor unavailable	n0*=elu.out(L0,·,·,·,·)
CRASH	w61:542	executor unavailable	n0*=neg.out(L0,·)
SKIP	w62:119	executor ExecutorchRuntimeException: [ExecuTorch Error 0x14] Operator missing: Execution failed for method: forward	n0*=_fft_r2c(L0,·,·,·)
MISMATCH	w62:165	out[0] non-finite mismatch (nan/inf positions differ)	n0*=addmm.out(L0,L1,L2,·,·,·)
MISMATCH	w62:175	out[0] max|delta|=7.000e+00 (rtol=0.0 atol=0.0)	n0*=remainder.Scalar(L0,·)
CRASH	w61:625	executor unavailable	n0*=round.out(L0,·)
CRASH	w61:646	executor unavailable	n0*=logit.out(L0,·,·)
CRASH	w61:664	executor unavailable	n0*=squeeze_copy.dim(L0,·)
SKIP	w62:234	executor ExecutorchInvalidArgumentException: [ExecuTorch Error 0x12] Invalid argument: Execution failed for method: forward	n0*=native_group_norm(L0,·,·,·,·,·,·,·)
MISMATCH	w62:261	out[0] max|delta|=6.918e+18 (rtol=0.0 atol=0.0)	n0*=bitwise_left_shift.Tensor_out(L0,L1,·)
MISMATCH	w62:278	out[0] shape (0,) vs (0, 0, 0, 0, 0)	n0*=topk.values(L0,·,·,·,·,L1,L2)
MISMATCH	w62:294	out[0] non-finite mismatch (nan/inf positions differ)	n0*=gelu.out(L0,·,·)
MISMATCH	w62:30	out[0] max|delta|=2.162e+17 (rtol=0.0 atol=0.0)	n0*=bitwise_left_shift.Tensor_Scalar_out(L0,·,·)
CRASH	w61:714	executor unavailable	n0*=tan.out(L0,·)
CRASH	w61:742	executor unavailable	n0*=ceil.out(L0,·)
CRASH	w61:87	executor unavailable	n0*=addmm.out(L0,L1,L2,·,·,·)
SKIP	w62:316	executor ExecutorchInvalidArgumentException: [ExecuTorch Error 0x12] Invalid argument: Execution failed for method: forward	n0*=native_group_norm(L0,·,·,·,·,·,·,·)
SKIP	w62:319	executor ExecutorchInvalidArgumentException: [ExecuTorch Error 0x12] Invalid argument: Execution failed for method: forward	n0*=_pdist_forward(L0,·)
CRASH	w61:97	executor unavailable	n0*=remainder.Scalar(L0,·)
MISMATCH	w62:33	out[0] max|delta|=9.223e+18 (rtol=0.01 atol=0.001)	n0*=bitwise_left_shift.Tensor_out(L0,L1,·)
SKIP	w62:347	executor ExecutorchRuntimeException: [ExecuTorch Error 0x14] Operator missing: Execution failed for method: forward	n0*=_fft_r2c(L0,·,·,·)
CRASH	w62:146	executor unavailable	n0*=_softmax.out(L0,·,·,·)
CRASH	w62:339	executor process died (native abort)	n0*=max_pool2d_with_indices_backward.grad_input(L0,L1,·,·,·,·,·,L2,L3)
CRASH	w62:188	executor unavailable	n0*=bitwise_right_shift.Tensor_Scalar_out(L0,·,·)
CRASH	w62:209	executor unavailable	n0*=arange.start_out(·,·,·,·)
SKIP	w62:374	executor ExecutorchRuntimeException: [ExecuTorch Error 0x1] Internal error: Execution failed for method: forward	n0*=_softmax.out(L0,·,·,·)
CRASH	w62:226	executor unavailable	n0*=grid_sampler_2d(L0,L1,·,·,·)
CRASH	w62:228	executor unavailable	n0*=logical_not.out(L0,·)
MISMATCH	w62:406	out[0] max|delta|=9.223e+18 (rtol=0.0 atol=0.0)	n0*=pow.Tensor_Tensor_out(L0,L1,·)
MISMATCH	w62:410	out[0] max|delta|=9.223e+18 (rtol=0.0 atol=0.0)	n0*=bitwise_left_shift.Tensor_Scalar(L0,·)
SKIP	w62:418	executor ExecutorchInvalidArgumentException: [ExecuTorch Error 0x12] Invalid argument: Execution failed for method: forward	n0*=expand_copy(L0,·,·)
SKIP	w62:357	executor ExecutorchRuntimeException: [ExecuTorch Error 0x1] Internal error: Execution failed for method: forward	n0*=pixel_unshuffle(L0,·)
SKIP	w62:462	executor ExecutorchInvalidArgumentException: [ExecuTorch Error 0x12] Invalid argument: Execution failed for method: forward	n0*=native_group_norm(L0,·,·,·,·,·,·,·)
MISMATCH	w62:486	out[0] max|delta|=9.223e+18 (rtol=0.01 atol=0.001)	n0*=bitwise_left_shift.Tensor_Scalar_out(L0,·,·)
MISMATCH	w62:489	out[0] max|delta|=1.611e+09 (rtol=0.0 atol=0.0)	n0*=bitwise_left_shift.Tensor_out(L0,L1,·)
MISMATCH	w62:522	out[0] non-finite mismatch (nan/inf positions differ)	n0*=gelu.out(L0,·,·)
CRASH	w62:272	executor unavailable	n0*=index.Tensor_out(L0,·,·)
SKIP	w62:544	executor ExecutorchInvalidArgumentException: [ExecuTorch Error 0x12] Invalid argument: Execution failed for method: forward	n0*=native_group_norm(L0,·,·,·,·,·,·,·)
SKIP	w62:547	executor ExecutorchInvalidArgumentException: [ExecuTorch Error 0x12] Invalid argument: Execution failed for method: forward	n0*=_pdist_forward(L0,·)
CRASH	w62:281	executor unavailable	n0*=stack(·,·)
MISMATCH	w62:560	out[0] non-finite mismatch (nan/inf positions differ)	n0*=log.out(L0,·)
MISMATCH	w62:567	out[0] max|delta|=1.110e+00 (rtol=0.01 atol=0.001)	n0*=max_pool2d_with_indices_backward.grad_input(L0,L1,·,·,·,·,·,L2,L3)
SKIP	w62:575	executor ExecutorchRuntimeException: [ExecuTorch Error 0x14] Operator missing: Execution failed for method: forward	n0*=_fft_r2c(L0,·,·,·)
SKIP	w62:6	executor ExecutorchInvalidArgumentException: [ExecuTorch Error 0x12] Invalid argument: Execution failed for method: forward	n0*=native_group_norm(L0,·,·,·,·,·,·,·)
SKIP	w62:602	executor ExecutorchRuntimeException: [ExecuTorch Error 0x1] Internal error: Execution failed for method: forward	n0*=_softmax.out(L0,·,·,·)
CRASH	w62:306	executor unavailable	n0*=reciprocal.out(L0,·)
MISMATCH	w62:66	out[0] non-finite mismatch (nan/inf positions differ)	n0*=gelu.out(L0,·,·)
SKIP	w62:665	executor ExecutorchInvalidArgumentException: [ExecuTorch Error 0x12] Invalid argument: Execution failed for method: forward	n0*=arange.start_out(·,·,·,·)
SKIP	w62:666	executor ExecutorchInvalidArgumentException: [ExecuTorch Error 0x12] Invalid argument: Execution failed for method: forward	n0*=gather.out(L0,·,L1,·,·)
SKIP	w62:690	executor ExecutorchInvalidArgumentException: [ExecuTorch Error 0x12] Invalid argument: Execution failed for method: forward	n0*=native_group_norm(L0,·,·,·,·,·,·,·)
CRASH	w62:437	executor unavailable	n0*=arange.start_out(·,·,·,·)
CRASH	w62:451	executor unavailable	n0*=eq.Tensor_out(L0,L1,·)
CRASH	w62:518	executor unavailable	n0*=argmin.out(L0,·,·,·)
CRASH	w62:521	executor unavailable	n0*=logit(L0,·)
CRASH	w62:532	executor unavailable	n0*=acosh.out(L0,·)
CRASH	w62:591	executor unavailable	n0*=bitwise_and.Tensor_out(L0,L1,·)
CRASH	w62:592	executor unavailable	n0*=ceil.out(L0,·)
CRASH	w62:603	executor unavailable	n0*=masked_scatter(L0,L1,L2)
SKIP	w62:736	executor ExecutorchInvalidArgumentException: [ExecuTorch Error 0x12] Invalid argument: Execution failed for method: forward	n0*=copy(L0,L1,·)
MISMATCH	w62:750	out[0] non-finite mismatch (nan/inf positions differ)	n0*=gelu.out(L0,·,·)
CRASH	w62:633	executor unavailable	n0*=max(L0)
SKIP	w62:772	executor ExecutorchInvalidArgumentException: [ExecuTorch Error 0x12] Invalid argument: Execution failed for method: forward	n0*=native_group_norm(L0,·,·,·,·,·,·,·)
SKIP	w62:775	executor ExecutorchInvalidArgumentException: [ExecuTorch Error 0x12] Invalid argument: Execution failed for method: forward	n0*=_pdist_forward(L0,·)
SKIP	w62:88	executor ExecutorchInvalidArgumentException: [ExecuTorch Error 0x12] Invalid argument: Execution failed for method: forward	n0*=native_group_norm(L0,·,·,·,·,·,·,·)
SKIP	w62:91	executor ExecutorchInvalidArgumentException: [ExecuTorch Error 0x12] Invalid argument: Execution failed for method: forward	n0*=_pdist_forward(L0,·)
MISMATCH	w63:104	out[0] max|delta|=2.162e+17 (rtol=0.0 atol=0.0)	n0*=bitwise_left_shift.Tensor_Scalar_out(L0,·,·)
SKIP	w63:119	executor ExecutorchInvalidArgumentException: [ExecuTorch Error 0x12] Invalid argument: Execution failed for method: forward	n0*=scatter.src_out(L0,·,L1,L2,·)
CRASH	w62:672	executor unavailable	n0*=sub.Scalar(L0,·,·)
CRASH	w62:681	executor unavailable	n0*=prod.int_out(L0,·,·,·,·)
MISMATCH	w63:155	out[0] shape (1, 1, 1) vs (0, 0, 0, 0, 0)	n0*=max.dim_max(L0,·,·,L1,L2)
SKIP	w63:162	executor ExecutorchInvalidArgumentException: [ExecuTorch Error 0x12] Invalid argument: Execution failed for method: forward	n0*=native_group_norm(L0,·,·,·,·,·,·,·)
SKIP	w63:165	executor ExecutorchInvalidArgumentException: [ExecuTorch Error 0x12] Invalid argument: Execution failed for method: forward	n0*=_pdist_forward(L0,·)
MISMATCH	w63:178	out[0] non-finite mismatch (nan/inf positions differ)	n0*=log.out(L0,·)
SKIP	w63:193	executor ExecutorchRuntimeException: [ExecuTorch Error 0x14] Operator missing: Execution failed for method: forward	n0*=_fft_r2c(L0,·,·,·)
MISMATCH	w63:21	out[0] max|delta|=6.000e+00 (rtol=0.0 atol=0.0)	n0*=remainder.Scalar(L0,·)
SKIP	w63:283	executor ExecutorchInvalidArgumentException: [ExecuTorch Error 0x12] Invalid argument: Execution failed for method: forward	n0*=arange.start_out(·,·,·,·)
CRASH	w62:706	executor unavailable	n0*=hardtanh.out(L0,·,·,·)
SKIP	w63:30	executor ExecutorchInvalidArgumentException: [ExecuTorch Error 0x12] Invalid argument: Execution failed for method: forward	n0*=scatter_add.out(L0,·,L1,L2,·)
MISMATCH	w63:308	out[0] non-finite mismatch (nan/inf positions differ)	n0*=native_group_norm(L0,·,·,·,·,·,·,·)
MISMATCH	w63:332	out[0] max|delta|=5.765e+17 (rtol=0.01 atol=0.001)	n0*=bitwise_left_shift.Tensor_Scalar_out(L0,·,·)
MISMATCH	w63:342	out[0] non-finite mismatch (nan/inf positions differ)	n0*=logit.out(L0,·,·)
SKIP	w63:354	executor ExecutorchInvalidArgumentException: [ExecuTorch Error 0x12] Invalid argument: Execution failed for method: forward	n0*=copy(L0,L1,·)
MISMATCH	w63:368	out[0] non-finite mismatch (nan/inf positions differ)	n0*=gelu.out(L0,·,·)
MISMATCH	w63:381	out[0] max|delta|=4.000e+00 (rtol=0.01 atol=0.001)	n0*=remainder.Tensor_out(L0,L1,·)
SKIP	w63:393	executor ExecutorchInvalidArgumentException: [ExecuTorch Error 0x12] Invalid argument: Execution failed for method: forward	n0*=_pdist_forward(L0,·)
SKIP	w63:390	executor ExecutorchInvalidArgumentException: [ExecuTorch Error 0x12] Invalid argument: Execution failed for method: forward	n0*=native_group_norm(L0,·,·,·,·,·,·,·)
SKIP	w63:405	executor ExecutorchRuntimeException: [ExecuTorch Error 0x1] Internal error: Execution failed for method: forward	n0*=pixel_shuffle(L0,·)
SKIP	w63:421	executor ExecutorchRuntimeException: [ExecuTorch Error 0x14] Operator missing: Execution failed for method: forward	n0*=_fft_r2c(L0,·,·,·)
SKIP	w63:450	executor IllegalArgumentException: unsupported input dtype code 24 on Android	n0*=linear.out(L0,L1,·,·)
MISMATCH	w63:46	out[0] non-finite mismatch (nan/inf positions differ)	n0*=native_layer_norm(L0,·,·,·,·)
CRASH	w63:143	executor unavailable	n0*=le.Scalar_out(L0,·,·)
CRASH	w63:140	executor unavailable	n0*=gelu.out(L0,·,·)
CRASH	w63:201	executor unavailable	n0*=slice_scatter(L0,L1,·,·,·,·)
CRASH	w63:225	executor unavailable	n0*=gt.Scalar_out(L0,·,·)
CRASH	w63:271	executor unavailable	n0*=split_with_sizes_copy(L0,·,·)
CRASH	w63:296	executor unavailable	n0*=replication_pad3d.out(L0,·,·)
MISMATCH	w63:484	out[0] max|delta|=1.342e+08 (rtol=0.0 atol=0.0)	n0*=bitwise_left_shift.Tensor_Scalar(L0,·)
SKIP	w63:486	executor ExecutorchInvalidArgumentException: [ExecuTorch Error 0x12] Invalid argument: Execution failed for method: forward	n0*=scatter_add.out(L0,·,L1,L2,·)
SKIP	w63:511	executor ExecutorchInvalidArgumentException: [ExecuTorch Error 0x12] Invalid argument: Execution failed for method: forward	n0*=arange.start_out(·,·,·,·)
CRASH	w63:338	executor unavailable	n0*=hardtanh(L0,·,·)
MISMATCH	w63:527	out[0] max|delta|=1.000e+00 (rtol=0.0 atol=0.0)	n0*=prod.int_out(L0,·,·,·,·)
SKIP	w63:536	executor ExecutorchInvalidArgumentException: [ExecuTorch Error 0x12] Invalid argument: Execution failed for method: forward	n0*=native_group_norm(L0,·,·,·,·,·,·,·)
MISMATCH	w63:560	out[0] max|delta|=1.441e+17 (rtol=0.01 atol=0.001)	n0*=bitwise_left_shift.Tensor_Scalar_out(L0,·,·)
MISMATCH	w63:563	out[0] non-finite mismatch (nan/inf positions differ)	n0*=bitwise_left_shift.Tensor_out(L0,L1,·)
CRASH	w63:403	executor unavailable	n0*=mul.Scalar(L0,·)
CRASH	w63:409	executor unavailable	n0*=bitwise_xor.Scalar(L0,·)
MISMATCH	w63:596	out[0] non-finite mismatch (nan/inf positions differ)	n0*=gelu.out(L0,·,·)
CRASH	w63:422	executor unavailable	n0*=ones.out(·,·)
MISMATCH	w63:611	out[0] shape (1,) vs (0, 0)	n0*=max.dim_max(L0,·,·,L1,L2)
SKIP	w63:618	executor ExecutorchInvalidArgumentException: [ExecuTorch Error 0x12] Invalid argument: Execution failed for method: forward	n0*=native_group_norm(L0,·,·,·,·,·,·,·)
SKIP	w63:621	executor ExecutorchInvalidArgumentException: [ExecuTorch Error 0x12] Invalid argument: Execution failed for method: forward	n0*=_pdist_forward(L0,·)
CRASH	w63:451	executor unavailable	n0*=unbind_copy.int(L0,·)
MISMATCH	w63:634	out[0] non-finite mismatch (nan/inf positions differ)	n0*=log.out(L0,·)
SKIP	w63:649	executor ExecutorchRuntimeException: [ExecuTorch Error 0x14] Operator missing: Execution failed for method: forward	n0*=_fft_r2c(L0,·,·,·)
CRASH	w63:468	executor unavailable	n0*=unfold_copy(L0,·,·,·)
MISMATCH	w63:695	out[0] non-finite mismatch (nan/inf positions differ)	n0*=addmm.out(L0,L1,L2,·,·,·)
MISMATCH	w63:712	out[0] max|delta|=2.306e+18 (rtol=0.0 atol=0.0)	n0*=bitwise_left_shift.Tensor_Scalar(L0,·)
SKIP	w63:714	executor ExecutorchInvalidArgumentException: [ExecuTorch Error 0x12] Invalid argument: Execution failed for method: forward	n0*=scatter_add.out(L0,·,L1,L2,·)
MISMATCH	w63:730	out[0] non-finite mismatch (nan/inf positions differ)	n0*=native_layer_norm(L0,·,·,·,·)
SKIP	w63:739	executor ExecutorchInvalidArgumentException: [ExecuTorch Error 0x12] Invalid argument: Execution failed for method: forward	n0*=arange.start_out(·,·,·,·)
CRASH	w63:699	executor process died (native abort)	n0*=narrow_copy.out(L0,·,·,·,·)
SKIP	w64:106	executor ExecutorchInvalidArgumentException: [ExecuTorch Error 0x12] Invalid argument: Execution failed for method: forward	n0*=_pdist_forward(L0,·)
SKIP	w64:161	executor ExecutorchRuntimeException: [ExecuTorch Error 0x1] Internal error: Execution failed for method: forward	n0*=_softmax.out(L0,·,·,·)
MISMATCH	w64:197	out[0] max|delta|=2.306e+18 (rtol=0.0 atol=0.0)	n0*=bitwise_left_shift.Tensor_Scalar(L0,·)
CRASH	w63:535	executor unavailable	n0*=ne.Tensor_out(L0,L1,·)
CRASH	w63:572	executor unavailable	n0*=diagonal_copy(L0,·,·,·)
CRASH	w63:61	executor unavailable	n0*=scatter.value_out(L0,·,L1,·,·)
CRASH	w63:612	executor unavailable	n0*=logical_or.out(L0,L1,·)
SKIP	w64:21	executor ExecutorchInvalidArgumentException: [ExecuTorch Error 0x12] Invalid argument: Execution failed for method: forward	n0*=native_group_norm(L0,·,·,·,·,·,·,·)
SKIP	w64:224	executor ExecutorchInvalidArgumentException: [ExecuTorch Error 0x12] Invalid argument: Execution failed for method: forward	n0*=arange.start_out(·,·,·,·)
SKIP	w64:249	executor ExecutorchInvalidArgumentException: [ExecuTorch Error 0x12] Invalid argument: Execution failed for method: forward	n0*=native_group_norm(L0,·,·,·,·,·,·,·)
MISMATCH	w64:273	out[0] max|delta|=9.223e+18 (rtol=0.0 atol=0.0)	n0*=bitwise_left_shift.Tensor_Scalar_out(L0,·,·)
MISMATCH	w64:293	out[0] shape (0,) vs (0, 0, 0, 0)	n0*=topk.values(L0,·,·,·,·,L1,L2)
CRASH	w63:731	executor unavailable	n0*=tril.out(L0,·,·)
SKIP	w64:295	executor ExecutorchInvalidArgumentException: [ExecuTorch Error 0x12] Invalid argument: Execution failed for method: forward	n0*=copy(L0,L1,·)
CRASH	w63:744	executor unavailable	n0*=var.correction(L0,·,·,·)
CRASH	w63:80	executor unavailable	n0*=native_group_norm(L0,·,·,·,·,·,·,·)
CRASH	w64:134	executor unavailable	n0*=_fft_r2c(L0,·,·,·)
CRASH	w64:101	executor unavailable	n0*=_native_batch_norm_legit.no_stats(L0,·,·,·,·,·)
CRASH	w64:146	executor unavailable	n0*=repeat(L0,·)
MISMATCH	w64:329	out[0] max|delta|=3.999e-01 (rtol=0.01 atol=0.001)	n0*=_native_batch_norm_legit.no_stats(L0,·,·,·,·,·)
SKIP	w64:331	executor ExecutorchInvalidArgumentException: [ExecuTorch Error 0x12] Invalid argument: Execution failed for method: forward	n0*=native_group_norm(L0,·,·,·,·,·,·,·)
SKIP	w64:334	executor ExecutorchInvalidArgumentException: [ExecuTorch Error 0x12] Invalid argument: Execution failed for method: forward	n0*=_pdist_forward(L0,·)
MISMATCH	w64:309	out[0] non-finite mismatch (nan/inf positions differ)	n0*=gelu.out(L0,·,·)
MISMATCH	w64:347	out[0] non-finite mismatch (nan/inf positions differ)	n0*=log.out(L0,·)
SKIP	w64:346	executor ExecutorchRuntimeException: [ExecuTorch Error 0x1] Internal error: Execution failed for method: forward	n0*=pixel_shuffle(L0,·)
SKIP	w64:362	executor ExecutorchRuntimeException: [ExecuTorch Error 0x14] Operator missing: Execution failed for method: forward	n0*=_fft_r2c(L0,·,·,·)
CRASH	w64:199	executor unavailable	n0*=scatter_add.out(L0,·,L1,L2,·)
CRASH	w64:203	executor unavailable	n0*=bitwise_right_shift.Tensor_Scalar_out(L0,·,·)
SKIP	w64:433	executor ExecutorchInvalidArgumentException: [ExecuTorch Error 0x12] Invalid argument: Execution failed for method: forward	n0*=expand_copy(L0,·,·)
MISMATCH	w64:45	out[0] max|delta|=5.765e+17 (rtol=0.01 atol=0.001)	n0*=bitwise_left_shift.Tensor_Scalar_out(L0,·,·)
SKIP	w64:452	executor ExecutorchInvalidArgumentException: [ExecuTorch Error 0x12] Invalid argument: Execution failed for method: forward	n0*=arange.start_out(·,·,·,·)
SKIP	w64:477	executor ExecutorchInvalidArgumentException: [ExecuTorch Error 0x12] Invalid argument: Execution failed for method: forward	n0*=native_group_norm(L0,·,·,·,·,·,·,·)
MISMATCH	w64:504	out[0] max|delta|=9.223e+18 (rtol=0.01 atol=0.001)	n0*=bitwise_left_shift.Tensor_out(L0,L1,·)
MISMATCH	w64:510	out[0] max|delta|=1.845e+19 (rtol=0.0 atol=0.0)	n0*=sum.IntList_out(L0,·,·,·,·)
MISMATCH	w64:511	out[0] non-finite mismatch (nan/inf positions differ)	n0*=logit.out(L0,·,·)
SKIP	w64:523	executor ExecutorchInvalidArgumentException: [ExecuTorch Error 0x12] Invalid argument: Execution failed for method: forward	n0*=copy(L0,L1,·)
SKIP	w64:562	executor ExecutorchInvalidArgumentException: [ExecuTorch Error 0x12] Invalid argument: Execution failed for method: forward	n0*=_pdist_forward(L0,·)
CRASH	w64:276	executor unavailable	n0*=bitwise_left_shift.Tensor_out(L0,L1,·)
CRASH	w64:305	executor unavailable	n0*=argmin.out(L0,·,·,·)
CRASH	w64:312	executor unavailable	n0*=le.Scalar_out(L0,·,·)
SKIP	w64:590	executor ExecutorchRuntimeException: [ExecuTorch Error 0x14] Operator missing: Execution failed for method: forward	n0*=_fft_r2c(L0,·,·,·)
CRASH	w64:379	executor unavailable	n0*=ceil.out(L0,·)
CRASH	w64:384	executor unavailable	n0*=argmax.out(L0,·,·,·)
MISMATCH	w64:653	out[0] max|delta|=5.369e+08 (rtol=0.0 atol=0.0)	n0*=bitwise_left_shift.Tensor_Scalar(L0,·)
SKIP	w64:655	executor ExecutorchInvalidArgumentException: [ExecuTorch Error 0x12] Invalid argument: Execution failed for method: forward	n0*=scatter_add.out(L0,·,L1,L2,·)
CRASH	w64:413	executor unavailable	n0*=logical_and(L0,L1)
SKIP	w64:67	executor ExecutorchInvalidArgumentException: [ExecuTorch Error 0x12] Invalid argument: Execution failed for method: forward	n0*=copy(L0,L1,·)
SKIP	w64:680	executor ExecutorchInvalidArgumentException: [ExecuTorch Error 0x12] Invalid argument: Execution failed for method: forward	n0*=arange.start_out(·,·,·,·)
SKIP	w64:705	executor ExecutorchInvalidArgumentException: [ExecuTorch Error 0x12] Invalid argument: Execution failed for method: forward	n0*=native_group_norm(L0,·,·,·,·,·,·,·)
CRASH	w64:501	executor unavailable	n0*=bitwise_left_shift.Tensor_Scalar_out(L0,·,·)
MISMATCH	w64:729	out[0] non-finite mismatch (nan/inf positions differ)	n0*=bitwise_left_shift.Tensor_Scalar_out(L0,·,·)
CRASH	w64:517	executor unavailable	n0*=ge.Tensor_out(L0,L1,·)
CRASH	w64:515	executor unavailable	n0*=index.Tensor_out(L0,·,·)
MISMATCH	w64:732	out[0] max|delta|=6.918e+18 (rtol=0.0 atol=0.0)	n0*=bitwise_left_shift.Tensor_out(L0,L1,·)
CRASH	w64:537	executor unavailable	n0*=gelu.out(L0,·,·)
MISMATCH	w64:765	out[0] non-finite mismatch (nan/inf positions differ)	n0*=gelu.out(L0,·,·)
MISMATCH	w64:81	out[0] non-finite mismatch (nan/inf positions differ)	n0*=gelu.out(L0,·,·)
CRASH	w64:566	executor unavailable	n0*=bitwise_right_shift.Tensor_out(L0,L1,·)
CRASH	w64:573	executor unavailable	n0*=atan2.out(L0,L1,·)
SKIP	w65:12	executor ExecutorchRuntimeException: [ExecuTorch Error 0x1] Internal error: Execution failed for method: forward	n0*=pixel_shuffle(L0,·)
SKIP	w65:118	executor ExecutorchInvalidArgumentException: [ExecuTorch Error 0x12] Invalid argument: Execution failed for method: forward	n0*=arange.start_out(·,·,·,·)
SKIP	w65:190	executor ExecutorchInvalidArgumentException: [ExecuTorch Error 0x12] Invalid argument: Execution failed for method: forward	n0*=stack(·,·)
MISMATCH	w65:203	out[0] non-finite mismatch (nan/inf positions differ)	n0*=gelu.out(L0,·,·)
MISMATCH	w65:217	out[0] max|delta|=4.000e+00 (rtol=0.0 atol=0.0)	n0*=fmod.Scalar(L0,·)
SKIP	w65:225	executor ExecutorchInvalidArgumentException: [ExecuTorch Error 0x12] Invalid argument: Execution failed for method: forward	n0*=native_group_norm(L0,·,·,·,·,·,·,·)
MISMATCH	w65:241	out[0] non-finite mismatch (nan/inf positions differ)	n0*=log.out(L0,·)
SKIP	w65:256	executor ExecutorchRuntimeException: [ExecuTorch Error 0x14] Operator missing: Execution failed for method: forward	n0*=_fft_r2c(L0,·,·,·)
SKIP	w65:28	executor ExecutorchRuntimeException: [ExecuTorch Error 0x14] Operator missing: Execution failed for method: forward	n0*=_fft_r2c(L0,·,·,·)
MISMATCH	w65:319	out[0] max|delta|=7.206e+16 (rtol=0.0 atol=0.0)	n0*=bitwise_left_shift.Tensor_Scalar(L0,·)
CRASH	w64:691	executor unavailable	n0*=eq.Scalar_out(L0,·,·)
CRASH	w64:727	executor unavailable	n0*=abs(L0)
CRASH	w64:773	executor unavailable	n0*=bitwise_or.Scalar(L0,·)
CRASH	w64:775	executor unavailable	n0*=acosh.out(L0,·)
SKIP	w65:346	executor ExecutorchInvalidArgumentException: [ExecuTorch Error 0x12] Invalid argument: Execution failed for method: forward	n0*=arange.start_out(·,·,·,·)
CRASH	w65:0	executor unavailable	n0*=_pdist_forward(L0,·)
MISMATCH	w65:363	out[0] non-finite mismatch (nan/inf positions differ)	n0*=grid_sampler_2d(L0,L1,·,·,·)
SKIP	w65:371	executor ExecutorchInvalidArgumentException: [ExecuTorch Error 0x12] Invalid argument: Execution failed for method: forward	n0*=native_group_norm(L0,·,·,·,·,·,·,·)
MISMATCH	w65:398	out[0] max|delta|=1.611e+09 (rtol=0.0 atol=0.0)	n0*=bitwise_left_shift.Tensor_out(L0,L1,·)
CRASH	w65:197	executor unavailable	n0*=bitwise_or.Scalar_out(L0,·,·)
MISMATCH	w65:431	out[0] non-finite mismatch (nan/inf positions differ)	n0*=gelu.out(L0,·,·)
CRASH	w65:207	executor unavailable	n0*=reflection_pad2d(L0,·)
SKIP	w65:352	executor ExecutorchInvalidArgumentException: [ExecuTorch Error 0x12] Invalid argument: Execution failed for method: forward	n0*=scatter.value_out(L0,·,L1,·,·)
CRASH	w65:216	executor unavailable	n0*=remainder.Tensor_out(L0,L1,·)
SKIP	w65:453	executor ExecutorchInvalidArgumentException: [ExecuTorch Error 0x12] Invalid argument: Execution failed for method: forward	n0*=native_group_norm(L0,·,·,·,·,·,·,·)
SKIP	w65:456	executor ExecutorchInvalidArgumentException: [ExecuTorch Error 0x12] Invalid argument: Execution failed for method: forward	n0*=_pdist_forward(L0,·)
SKIP	w65:484	executor ExecutorchRuntimeException: [ExecuTorch Error 0x14] Operator missing: Execution failed for method: forward	n0*=_fft_r2c(L0,·,·,·)
CRASH	w65:283	executor unavailable	n0*=_softmax.out(L0,·,·,·)
CRASH	w65:290	executor unavailable	n0*=min.unary_out(L0,·)
CRASH	w65:33	executor unavailable	n0*=native_layer_norm(L0,·,·,·,·)
CRASH	w65:341	executor unavailable	n0*=remainder.Scalar_out(L0,·,·)
MISMATCH	w65:547	out[0] max|delta|=1.678e+07 (rtol=0.0 atol=0.0)	n0*=bitwise_left_shift.Tensor_Scalar(L0,·)
SKIP	w65:549	executor ExecutorchInvalidArgumentException: [ExecuTorch Error 0x12] Invalid argument: Execution failed for method: forward	n0*=scatter_add.out(L0,·,L1,L2,·)
MISMATCH	w65:558	out[0] max|delta|=9.223e+18 (rtol=0.0 atol=0.0)	n0*=pow.Scalar_out(·,L0,·)
SKIP	w65:574	executor ExecutorchInvalidArgumentException: [ExecuTorch Error 0x12] Invalid argument: Execution failed for method: forward	n0*=arange.start_out(·,·,·,·)
SKIP	w65:599	executor ExecutorchInvalidArgumentException: [ExecuTorch Error 0x12] Invalid argument: Execution failed for method: forward	n0*=native_group_norm(L0,·,·,·,·,·,·,·)
MISMATCH	w65:626	out[0] max|delta|=9.223e+18 (rtol=0.01 atol=0.001)	n0*=bitwise_left_shift.Tensor_out(L0,L1,·)
MISMATCH	w65:643	out[0] shape (1, 1, 1, 1) vs (0, 0, 0, 0)	n0*=topk.values(L0,·,·,·,·,L1,L2)
SKIP	w65:645	executor ExecutorchInvalidArgumentException: [ExecuTorch Error 0x12] Invalid argument: Execution failed for method: forward	n0*=copy(L0,L1,·)
MISMATCH	w65:658	out[0] non-finite mismatch (nan/inf positions differ)	n0*=logit(L0,·)
MISMATCH	w65:659	out[0] non-finite mismatch (nan/inf positions differ)	n0*=gelu.out(L0,·,·)
SKIP	w65:681	executor ExecutorchInvalidArgumentException: [ExecuTorch Error 0x12] Invalid argument: Execution failed for method: forward	n0*=native_group_norm(L0,·,·,·,·,·,·,·)
SKIP	w65:684	executor ExecutorchInvalidArgumentException: [ExecuTorch Error 0x12] Invalid argument: Execution failed for method: forward	n0*=_pdist_forward(L0,·)
SKIP	w65:712	executor ExecutorchRuntimeException: [ExecuTorch Error 0x14] Operator missing: Execution failed for method: forward	n0*=_fft_r2c(L0,·,·,·)
MISMATCH	w65:736	out[0] max|delta|=3.200e+01 (rtol=0.0 atol=0.0)	n0*=bitwise_right_shift.Tensor_Scalar(L0,·)
SKIP	w65:739	executor ExecutorchRuntimeException: [ExecuTorch Error 0x1] Internal error: Execution failed for method: forward	n0*=_softmax.out(L0,·,·,·)
SKIP	w65:99	executor ExecutorchInvalidArgumentException: [ExecuTorch Error 0x12] Invalid argument: Execution failed for method: forward	n0*=expand_copy(L0,·,·)
MISMATCH	w66:171	out[0] max|delta|=4.000e+00 (rtol=0.0 atol=0.0)	n0*=fmod.Scalar(L0,·)
SKIP	w66:179	executor ExecutorchInvalidArgumentException: [ExecuTorch Error 0x12] Invalid argument: Execution failed for method: forward	n0*=native_group_norm(L0,·,·,·,·,·,·,·)
SKIP	w66:182	executor ExecutorchInvalidArgumentException: [ExecuTorch Error 0x12] Invalid argument: Execution failed for method: forward	n0*=_pdist_forward(L0,·)
MISMATCH	w66:124	out[0] max|delta|=6.918e+18 (rtol=0.01 atol=0.001)	n0*=bitwise_left_shift.Tensor_out(L0,L1,·)
SKIP	w66:210	executor ExecutorchRuntimeException: [ExecuTorch Error 0x14] Operator missing: Execution failed for method: forward	n0*=_fft_r2c(L0,·,·,·)
CRASH	w66:257	executor process died (native abort)	n0*=unfold_copy(L0,·,·,·)
SKIP	w66:275	executor ExecutorchInvalidArgumentException: [ExecuTorch Error 0x12] Invalid argument: Execution failed for method: forward	n0*=scatter_add.out(L0,·,L1,L2,·)
SKIP	w66:281	executor ExecutorchInvalidArgumentException: [ExecuTorch Error 0x12] Invalid argument: Execution failed for method: forward	n0*=expand_copy(L0,·,·)
SKIP	w66:300	executor ExecutorchInvalidArgumentException: [ExecuTorch Error 0x12] Invalid argument: Execution failed for method: forward	n0*=arange.start_out(·,·,·,·)
CRASH	w65:449	executor unavailable	n0*=unsqueeze_copy(L0,·)
CRASH	w65:451	executor unavailable	n0*=_native_batch_norm_legit.no_stats(L0,·,·,·,·,·)
SKIP	w66:325	executor ExecutorchInvalidArgumentException: [ExecuTorch Error 0x12] Invalid argument: Execution failed for method: forward	n0*=native_group_norm(L0,·,·,·,·,·,·,·)
MISMATCH	w66:349	out[0] max|delta|=7.206e+16 (rtol=0.01 atol=0.001)	n0*=bitwise_left_shift.Tensor_Scalar_out(L0,·,·)
MISMATCH	w66:352	out[0] max|delta|=1.611e+09 (rtol=0.01 atol=0.001)	n0*=bitwise_left_shift.Tensor_out(L0,L1,·)
MISMATCH	w66:359	out[0] non-finite mismatch (nan/inf positions differ)	n0*=logit.out(L0,·,·)
SKIP	w66:364	executor ExecutorchInvalidArgumentException: [ExecuTorch Error 0x12] Invalid argument: Execution failed for method: forward	n0*=scatter.src_out(L0,·,L1,L2,·)
MISMATCH	w66:369	out[0] shape (1, 1) vs (0, 0, 0, 0, 0)	n0*=topk.values(L0,·,·,·,·,L1,L2)
SKIP	w66:371	executor ExecutorchInvalidArgumentException: [ExecuTorch Error 0x12] Invalid argument: Execution failed for method: forward	n0*=copy(L0,L1,·)
CRASH	w65:602	executor unavailable	n0*=minimum.out(L0,L1,·)
CRASH	w65:668	executor unavailable	n0*=select_scatter(L0,L1,·,·)
CRASH	w65:730	executor unavailable	n0*=add.Scalar(L0,·,·)
SKIP	w66:407	executor ExecutorchInvalidArgumentException: [ExecuTorch Error 0x12] Invalid argument: Execution failed for method: forward	n0*=native_group_norm(L0,·,·,·,·,·,·,·)
CRASH	w65:84	executor unavailable	n0*=remainder.Scalar(L0,·)
SKIP	w66:438	executor ExecutorchRuntimeException: [ExecuTorch Error 0x14] Operator missing: Execution failed for method: forward	n0*=_fft_r2c(L0,·,·,·)
CRASH	w66:136	executor unavailable	n0*=scatter.src_out(L0,·,L1,L2,·)
SKIP	w66:47	executor ExecutorchInvalidArgumentException: [ExecuTorch Error 0x12] Invalid argument: Execution failed for method: forward	n0*=scatter_add.out(L0,·,L1,L2,·)
CRASH	w66:194	executor unavailable	n0*=pixel_shuffle(L0,·)
MISMATCH	w66:501	out[0] max|delta|=2.882e+17 (rtol=0.0 atol=0.0)	n0*=bitwise_left_shift.Tensor_Scalar(L0,·)
SKIP	w66:528	executor ExecutorchInvalidArgumentException: [ExecuTorch Error 0x12] Invalid argument: Execution failed for method: forward	n0*=arange.start_out(·,·,·,·)
CRASH	w66:234	executor unavailable	n0*=bitwise_right_shift.Tensor_Scalar(L0,·)
SKIP	w66:553	executor ExecutorchInvalidArgumentException: [ExecuTorch Error 0x12] Invalid argument: Execution failed for method: forward	n0*=native_group_norm(L0,·,·,·,·,·,·,·)
CRASH	w66:273	executor unavailable	n0*=bitwise_left_shift.Tensor_Scalar(L0,·)
SKIP	w66:592	executor ExecutorchInvalidArgumentException: [ExecuTorch Error 0x12] Invalid argument: Execution failed for method: forward	n0*=scatter.src_out(L0,·,L1,L2,·)
MISMATCH	w66:597	out[0] shape (0, 0, 0, 0) vs (0, 0, 0, 0, 0)	n0*=topk.values(L0,·,·,·,·,L1,L2)
SKIP	w66:599	executor ExecutorchInvalidArgumentException: [ExecuTorch Error 0x12] Invalid argument: Execution failed for method: forward	n0*=copy(L0,L1,·)
MISMATCH	w66:613	out[0] non-finite mismatch (nan/inf positions differ)	n0*=gelu.out(L0,·,·)
SKIP	w66:635	executor ExecutorchInvalidArgumentException: [ExecuTorch Error 0x12] Invalid argument: Execution failed for method: forward	n0*=native_group_norm(L0,·,·,·,·,·,·,·)
MISMATCH	w66:651	out[0] non-finite mismatch (nan/inf positions differ)	n0*=log.out(L0,·)
CRASH	w66:299	executor unavailable	n0*=amax.out(L0,·,·,·)
CRASH	w66:324	executor unavailable	n0*=ne.Tensor_out(L0,L1,·)
SKIP	w66:666	executor ExecutorchRuntimeException: [ExecuTorch Error 0x14] Operator missing: Execution failed for method: forward	n0*=_fft_r2c(L0,·,·,·)
SKIP	w66:72	executor ExecutorchInvalidArgumentException: [ExecuTorch Error 0x12] Invalid argument: Execution failed for method: forward	n0*=arange.start_out(·,·,·,·)
MISMATCH	w66:722	out[0] max|delta|=2.000e+00 (rtol=0.0 atol=0.0)	n0*=remainder.Scalar(L0,·)
MISMATCH	w66:729	out[0] max|delta|=7.206e+16 (rtol=0.0 atol=0.0)	n0*=bitwise_left_shift.Tensor_Scalar(L0,·)
SKIP	w66:737	executor ExecutorchInvalidArgumentException: [ExecuTorch Error 0x12] Invalid argument: Execution failed for method: forward	n0*=expand_copy(L0,·,·)
SKIP	w66:754	executor ExecutorchInvalidArgumentException: [ExecuTorch Error 0x12] Invalid argument: Execution failed for method: forward	n0*=_adaptive_avg_pool2d(L0,·)
SKIP	w66:756	executor ExecutorchInvalidArgumentException: [ExecuTorch Error 0x12] Invalid argument: Execution failed for method: forward	n0*=arange.start_out(·,·,·,·)
SKIP	w66:781	executor ExecutorchInvalidArgumentException: [ExecuTorch Error 0x12] Invalid argument: Execution failed for method: forward	n0*=native_group_norm(L0,·,·,·,·,·,·,·)
SKIP	w66:9	executor ExecutorchRuntimeException: [ExecuTorch Error 0x1] Internal error: Execution failed for method: forward	n0*=_softmax.out(L0,·,·,·)
SKIP	w66:97	executor ExecutorchInvalidArgumentException: [ExecuTorch Error 0x12] Invalid argument: Execution failed for method: forward	n0*=native_group_norm(L0,·,·,·,·,·,·,·)
SKIP	w67:11	executor ExecutorchInvalidArgumentException: [ExecuTorch Error 0x12] Invalid argument: Execution failed for method: forward	n0*=native_group_norm(L0,·,·,·,·,·,·,·)
CRASH	w66:404	executor unavailable	n0*=div.Scalar(L0,·)
CRASH	w66:480	executor unavailable	n0*=bitwise_and.Scalar_out(L0,·,·)
CRASH	w66:485	executor unavailable	n0*=unfold_copy(L0,·,·,·)
SKIP	w67:124	executor ExecutorchRuntimeException: [ExecuTorch Error 0x14] Operator missing: Execution failed for method: forward	n0*=_fft_r2c(L0,·,·,·)
CRASH	w66:544	executor unavailable	n0*=prod.int_out(L0,·,·,·,·)
CRASH	w66:577	executor unavailable	n0*=bitwise_left_shift.Tensor_Scalar_out(L0,·,·)
MISMATCH	w67:187	out[0] max|delta|=1.441e+17 (rtol=0.0 atol=0.0)	n0*=bitwise_left_shift.Tensor_Scalar(L0,·)
SKIP	w67:189	executor ExecutorchInvalidArgumentException: [ExecuTorch Error 0x12] Invalid argument: Execution failed for method: forward	n0*=scatter_add.out(L0,·,L1,L2,·)
SKIP	w67:195	executor ExecutorchInvalidArgumentException: [ExecuTorch Error 0x12] Invalid argument: Execution failed for method: forward	n0*=expand_copy(L0,·,·)
CRASH	w66:637	executor unavailable	n0*=div.out(L0,L1,·)
MISMATCH	w67:209	out[0] max|delta|=8.000e+00 (rtol=0.01 atol=0.001)	n0*=remainder.Scalar_out(L0,·,·)
CRASH	w66:645	executor unavailable	n0*=sin.out(L0,·)
SKIP	w67:214	executor ExecutorchInvalidArgumentException: [ExecuTorch Error 0x12] Invalid argument: Execution failed for method: forward	n0*=arange.start_out(·,·,·,·)
SKIP	w67:239	executor ExecutorchInvalidArgumentException: [ExecuTorch Error 0x12] Invalid argument: Execution failed for method: forward	n0*=native_group_norm(L0,·,·,·,·,·,·,·)
MISMATCH	w67:266	out[0] max|delta|=9.223e+18 (rtol=0.0 atol=0.0)	n0*=bitwise_left_shift.Tensor_out(L0,L1,·)
MISMATCH	w67:273	out[0] non-finite mismatch (nan/inf positions differ)	n0*=logit.out(L0,·,·)
SKIP	w67:285	executor ExecutorchInvalidArgumentException: [ExecuTorch Error 0x12] Invalid argument: Execution failed for method: forward	n0*=copy(L0,L1,·)
MISMATCH	w67:298	out[0] non-finite mismatch (nan/inf positions differ)	n0*=logit(L0,·)
MISMATCH	w67:299	out[0] non-finite mismatch (nan/inf positions differ)	n0*=gelu.out(L0,·,·)
CRASH	w66:711	executor unavailable	n0*=neg.out(L0,·)
SKIP	w67:321	executor ExecutorchInvalidArgumentException: [ExecuTorch Error 0x12] Invalid argument: Execution failed for method: forward	n0*=native_group_norm(L0,·,·,·,·,·,·,·)
SKIP	w67:324	executor ExecutorchInvalidArgumentException: [ExecuTorch Error 0x12] Invalid argument: Execution failed for method: forward	n0*=_pdist_forward(L0,·)
CRASH	w66:716	executor unavailable	n0*=narrow_copy.out(L0,·,·,·,·)
SKIP	w67:352	executor ExecutorchRuntimeException: [ExecuTorch Error 0x14] Operator missing: Execution failed for method: forward	n0*=_fft_r2c(L0,·,·,·)
CRASH	w66:90	executor unavailable	n0*=le.Tensor_out(L0,L1,·)
CRASH	w66:96	executor unavailable	n0*=ne.Tensor_out(L0,L1,·)
MISMATCH	w67:38	out[0] max|delta|=2.147e+09 (rtol=0.0 atol=0.0)	n0*=bitwise_left_shift.Tensor_out(L0,L1,·)
CRASH	w67:12	executor unavailable	n0*=squeeze_copy.dims(L0,·)
SKIP	w67:417	executor ExecutorchInvalidArgumentException: [ExecuTorch Error 0x12] Invalid argument: Execution failed for method: forward	n0*=scatter_add.out(L0,·,L1,L2,·)
SKIP	w67:442	executor ExecutorchInvalidArgumentException: [ExecuTorch Error 0x12] Invalid argument: Execution failed for method: forward	n0*=arange.start_out(·,·,·,·)
SKIP	w67:467	executor ExecutorchInvalidArgumentException: [ExecuTorch Error 0x12] Invalid argument: Execution failed for method: forward	n0*=native_group_norm(L0,·,·,·,·,·,·,·)
CRASH	w67:2	executor unavailable	n0*=prod.int_out(L0,·,·,·,·)
CRASH	w67:208	executor unavailable	n0*=pixel_unshuffle(L0,·)
CRASH	w67:24	executor unavailable	n0*=round.out(L0,·)
CRASH	w67:272	executor unavailable	n0*=sum.IntList_out(L0,·,·,·,·)
CRASH	w67:286	executor unavailable	n0*=stack(·,·)
MISMATCH	w67:501	out[0] non-finite mismatch (nan/inf positions differ)	n0*=logit.out(L0,·,·)
MISMATCH	w67:526	out[0] non-finite mismatch (nan/inf positions differ)	n0*=logit(L0,·)
MISMATCH	w67:527	out[0] non-finite mismatch (nan/inf positions differ)	n0*=gelu.out(L0,·,·)
CRASH	w67:327	executor unavailable	n0*=logical_not(L0)
MISMATCH	w67:494	out[0] max|delta|=6.918e+18 (rtol=0.0 atol=0.0)	n0*=bitwise_left_shift.Tensor_out(L0,L1,·)
MISMATCH	w67:547	out[0] max|delta|=3.999e-01 (rtol=0.01 atol=0.001)	n0*=_native_batch_norm_legit.no_stats(L0,·,·,·,·,·)
SKIP	w67:549	executor ExecutorchInvalidArgumentException: [ExecuTorch Error 0x12] Invalid argument: Execution failed for method: forward	n0*=native_group_norm(L0,·,·,·,·,·,·,·)
SKIP	w67:57	executor ExecutorchInvalidArgumentException: [ExecuTorch Error 0x12] Invalid argument: Execution failed for method: forward	n0*=copy(L0,L1,·)
SKIP	w67:580	executor ExecutorchRuntimeException: [ExecuTorch Error 0x14] Operator missing: Execution failed for method: forward	n0*=_fft_r2c(L0,·,·,·)
CRASH	w67:373	executor unavailable	n0*=clamp.out(L0,·,·,·)
SKIP	w67:645	executor ExecutorchInvalidArgumentException: [ExecuTorch Error 0x12] Invalid argument: Execution failed for method: forward	n0*=scatter_add.out(L0,·,L1,L2,·)
CRASH	w67:410	executor unavailable	n0*=max(L0)
CRASH	w67:411	executor unavailable	n0*=pow.Tensor_Tensor_out(L0,L1,·)
SKIP	w67:670	executor ExecutorchInvalidArgumentException: [ExecuTorch Error 0x12] Invalid argument: Execution failed for method: forward	n0*=arange.start_out(·,·,·,·)
SKIP	w67:695	executor ExecutorchInvalidArgumentException: [ExecuTorch Error 0x12] Invalid argument: Execution failed for method: forward	n0*=native_group_norm(L0,·,·,·,·,·,·,·)
MISMATCH	w67:70	out[0] non-finite mismatch (nan/inf positions differ)	n0*=logit(L0,·)
MISMATCH	w67:71	out[0] non-finite mismatch (nan/inf positions differ)	n0*=gelu.out(L0,·,·)
MISMATCH	w67:722	out[0] max|delta|=1.611e+09 (rtol=0.0 atol=0.0)	n0*=bitwise_left_shift.Tensor_out(L0,L1,·)
MISMATCH	w67:729	out[0] non-finite mismatch (nan/inf positions differ)	n0*=logit.out(L0,·,·)
SKIP	w67:741	executor ExecutorchInvalidArgumentException: [ExecuTorch Error 0x12] Invalid argument: Execution failed for method: forward	n0*=copy(L0,L1,·)
MISMATCH	w67:754	out[0] non-finite mismatch (nan/inf positions differ)	n0*=logit(L0,·)
MISMATCH	w67:755	out[0] non-finite mismatch (nan/inf positions differ)	n0*=gelu.out(L0,·,·)
CRASH	w67:458	executor unavailable	n0*=prod.int_out(L0,·,·,·,·)
CRASH	w67:464	executor unavailable	n0*=glu.out(L0,·,·)
SKIP	w67:777	executor ExecutorchInvalidArgumentException: [ExecuTorch Error 0x12] Invalid argument: Execution failed for method: forward	n0*=native_group_norm(L0,·,·,·,·,·,·,·)
SKIP	w67:780	executor ExecutorchInvalidArgumentException: [ExecuTorch Error 0x12] Invalid argument: Execution failed for method: forward	n0*=_pdist_forward(L0,·)
SKIP	w67:93	executor ExecutorchInvalidArgumentException: [ExecuTorch Error 0x12] Invalid argument: Execution failed for method: forward	n0*=native_group_norm(L0,·,·,·,·,·,·,·)
SKIP	w67:96	executor ExecutorchInvalidArgumentException: [ExecuTorch Error 0x12] Invalid argument: Execution failed for method: forward	n0*=_pdist_forward(L0,·)
CRASH	w67:491	executor unavailable	n0*=bitwise_left_shift.Tensor_Scalar_out(L0,·,·)
SKIP	w68:10	executor ExecutorchInvalidArgumentException: [ExecuTorch Error 0x12] Invalid argument: Execution failed for method: forward	n0*=scatter_add.out(L0,·,L1,L2,·)
MISMATCH	w68:104	out[0] shape (1, 0, 1) vs (0, 0, 0, 0, 0)	n0*=topk.values(L0,·,·,·,·,L1,L2)
MISMATCH	w68:120	out[0] non-finite mismatch (nan/inf positions differ)	n0*=gelu.out(L0,·,·)
MISMATCH	w68:133	out[0] max|delta|=4.000e+00 (rtol=0.0 atol=0.0)	n0*=remainder.Tensor_out(L0,L1,·)
SKIP	w68:142	executor ExecutorchInvalidArgumentException: [ExecuTorch Error 0x12] Invalid argument: Execution failed for method: forward	n0*=native_group_norm(L0,·,·,·,·,·,·,·)
SKIP	w68:173	executor ExecutorchRuntimeException: [ExecuTorch Error 0x14] Operator missing: Execution failed for method: forward	n0*=_fft_r2c(L0,·,·,·)
CRASH	w67:548	executor unavailable	n0*=ne.Scalar_out(L0,·,·)
CRASH	w67:581	executor unavailable	n0*=ones.out(·,·)
CRASH	w67:613	executor unavailable	n0*=logical_xor(L0,L1)
CRASH	w67:623	executor unavailable	n0*=_log_softmax.out(L0,·,·,·)
SKIP	w68:244	executor ExecutorchInvalidArgumentException: [ExecuTorch Error 0x12] Invalid argument: Execution failed for method: forward	n0*=expand_copy(L0,·,·)
MISMATCH	w68:250	out[0] max|delta|=2.550e+02 (rtol=0.0 atol=0.0)	n0*=prod(L0,·)
SKIP	w68:263	executor ExecutorchInvalidArgumentException: [ExecuTorch Error 0x12] Invalid argument: Execution failed for method: forward	n0*=arange.start_out(·,·,·,·)
SKIP	w68:269	executor ExecutorchInvalidArgumentException: [ExecuTorch Error 0x12] Invalid argument: Execution failed for method: forward	n0*=scatter.value_out(L0,·,L1,·,·)
MISMATCH	w68:279	out[0] max|delta|=2.550e+02 (rtol=0.0 atol=0.0)	n0*=prod.int_out(L0,·,·,·,·)
MISMATCH	w68:288	out[0] non-finite mismatch (nan/inf positions differ)	n0*=native_group_norm(L0,·,·,·,·,·,·,·)
CRASH	w67:684	executor unavailable	n0*=eq.Tensor_out(L0,L1,·)
MISMATCH	w68:315	out[0] non-finite mismatch (nan/inf positions differ)	n0*=bitwise_left_shift.Tensor_out(L0,L1,·)
SKIP	w68:334	executor ExecutorchInvalidArgumentException: [ExecuTorch Error 0x12] Invalid argument: Execution failed for method: forward	n0*=copy(L0,L1,·)
CRASH	w67:721	executor unavailable	n0*=bitwise_xor.Scalar_out(L0,·,·)
MISMATCH	w68:347	out[0] non-finite mismatch (nan/inf positions differ)	n0*=logit(L0,·)
MISMATCH	w68:348	out[0] non-finite mismatch (nan/inf positions differ)	n0*=gelu.out(L0,·,·)
SKIP	w68:35	executor ExecutorchInvalidArgumentException: [ExecuTorch Error 0x12] Invalid argument: Execution failed for method: forward	n0*=arange.start_out(·,·,·,·)
MISMATCH	w68:361	out[0] max|delta|=3.000e+00 (rtol=0.0 atol=0.0)	n0*=remainder.Tensor_out(L0,L1,·)
MISMATCH	w68:363	out[0] shape () vs (0, 0)	n0*=max.dim_max(L0,·,·,L1,L2)
MISMATCH	w68:368	out[0] max|delta|=3.999e-01 (rtol=0.01 atol=0.001)	n0*=_native_batch_norm_legit.no_stats(L0,·,·,·,·,·)
CRASH	w67:8	executor unavailable	n0*=glu.out(L0,·,·)
SKIP	w68:370	executor ExecutorchInvalidArgumentException: [ExecuTorch Error 0x12] Invalid argument: Execution failed for method: forward	n0*=native_group_norm(L0,·,·,·,·,·,·,·)
SKIP	w68:385	executor ExecutorchRuntimeException: [ExecuTorch Error 0x1] Internal error: Execution failed for method: forward	n0*=pixel_shuffle(L0,·)
MISMATCH	w68:386	out[0] non-finite mismatch (nan/inf positions differ)	n0*=log.out(L0,·)
SKIP	w68:401	executor ExecutorchRuntimeException: [ExecuTorch Error 0x14] Operator missing: Execution failed for method: forward	n0*=_fft_r2c(L0,·,·,·)
CRASH	w68:101	executor unavailable	n0*=replication_pad1d.out(L0,·,·)
MISMATCH	w68:457	out[0] max|delta|=7.000e+00 (rtol=0.0 atol=0.0)	n0*=remainder.Scalar(L0,·)
SKIP	w68:466	executor ExecutorchInvalidArgumentException: [ExecuTorch Error 0x12] Invalid argument: Execution failed for method: forward	n0*=scatter_add.out(L0,·,L1,L2,·)
SKIP	w68:472	executor ExecutorchInvalidArgumentException: [ExecuTorch Error 0x12] Invalid argument: Execution failed for method: forward	n0*=expand_copy(L0,·,·)
SKIP	w68:491	executor ExecutorchInvalidArgumentException: [ExecuTorch Error 0x12] Invalid argument: Execution failed for method: forward	n0*=arange.start_out(·,·,·,·)
MISMATCH	w68:507	out[0] max|delta|=1.000e+00 (rtol=0.0 atol=0.0)	n0*=prod.int_out(L0,·,·,·,·)
CRASH	w68:178	executor unavailable	n0*=native_layer_norm(L0,·,·,·,·)
SKIP	w68:511	executor ExecutorchInvalidArgumentException: [ExecuTorch Error 0x12] Invalid argument: Execution failed for method: forward	n0*=convolution(L0,L1,·,·,·,·,·,·,·)
CRASH	w68:191	executor unavailable	n0*=add.Scalar(L0,·,·)
CRASH	w68:199	executor unavailable	n0*=log1p.out(L0,·)
MISMATCH	w68:543	out[0] max|delta|=6.918e+18 (rtol=0.01 atol=0.001)	n0*=bitwise_left_shift.Tensor_out(L0,L1,·)
MISMATCH	w68:549	out[0] max|delta|=1.000e+00 (rtol=0.0 atol=0.0)	n0*=sum.IntList_out(L0,·,·,·,·)
SKIP	w68:555	executor ExecutorchInvalidArgumentException: [ExecuTorch Error 0x12] Invalid argument: Execution failed for method: forward	n0*=scatter.src_out(L0,·,L1,L2,·)
SKIP	w68:516	executor ExecutorchInvalidArgumentException: [ExecuTorch Error 0x12] Invalid argument: Execution failed for method: forward	n0*=native_group_norm(L0,·,·,·,·,·,·,·)
MISMATCH	w68:576	out[0] non-finite mismatch (nan/inf positions differ)	n0*=gelu.out(L0,·,·)
CRASH	w68:227	executor unavailable	n0*=sub.out(L0,L1,·,·)
MISMATCH	w68:589	out[0] max|delta|=3.000e+00 (rtol=0.0 atol=0.0)	n0*=remainder.Tensor_out(L0,L1,·)
SKIP	w68:598	executor ExecutorchInvalidArgumentException: [ExecuTorch Error 0x12] Invalid argument: Execution failed for method: forward	n0*=native_group_norm(L0,·,·,·,·,·,·,·)
SKIP	w68:60	executor ExecutorchInvalidArgumentException: [ExecuTorch Error 0x12] Invalid argument: Execution failed for method: forward	n0*=native_group_norm(L0,·,·,·,·,·,·,·)
MISMATCH	w68:614	out[0] non-finite mismatch (nan/inf positions differ)	n0*=log.out(L0,·)
SKIP	w68:629	executor ExecutorchRuntimeException: [ExecuTorch Error 0x14] Operator missing: Execution failed for method: forward	n0*=_fft_r2c(L0,·,·,·)
MISMATCH	w68:685	out[0] max|delta|=7.000e+00 (rtol=0.0 atol=0.0)	n0*=remainder.Scalar(L0,·)
CRASH	w68:328	executor unavailable	n0*=ge.Tensor_out(L0,L1,·)
CRASH	w68:360	executor unavailable	n0*=reciprocal.out(L0,·)
CRASH	w68:407	executor unavailable	n0*=fill.Scalar(L0,·)
CRASH	w68:445	executor unavailable	n0*=elu.out(L0,·,·,·,·)
CRASH	w68:461	executor unavailable	n0*=max.unary_out(L0,·)
CRASH	w68:469	executor unavailable	n0*=narrow_copy(L0,·,·,·)
SKIP	w68:744	executor ExecutorchInvalidArgumentException: [ExecuTorch Error 0x12] Invalid argument: Execution failed for method: forward	n0*=native_group_norm(L0,·,·,·,·,·,·,·)
MISMATCH	w68:768	out[0] max|delta|=8.053e+08 (rtol=0.0 atol=0.0)	n0*=bitwise_left_shift.Tensor_Scalar_out(L0,·,·)
SKIP	w69:100	executor ExecutorchInvalidArgumentException: [ExecuTorch Error 0x12] Invalid argument: Execution failed for method: forward	n0*=native_group_norm(L0,·,·,·,·,·,·,·)
SKIP	w69:103	executor ExecutorchInvalidArgumentException: [ExecuTorch Error 0x12] Invalid argument: Execution failed for method: forward	n0*=_pdist_forward(L0,·)
MISMATCH	w69:116	out[0] non-finite mismatch (nan/inf positions differ)	n0*=log.out(L0,·)
SKIP	w69:131	executor ExecutorchRuntimeException: [ExecuTorch Error 0x14] Operator missing: Execution failed for method: forward	n0*=_fft_r2c(L0,·,·,·)
SKIP	w69:18	executor ExecutorchInvalidArgumentException: [ExecuTorch Error 0x12] Invalid argument: Execution failed for method: forward	n0*=native_group_norm(L0,·,·,·,·,·,·,·)
CRASH	w68:55	executor unavailable	n0*=convolution(L0,L1,·,·,·,·,·,·,·)
SKIP	w69:202	executor ExecutorchInvalidArgumentException: [ExecuTorch Error 0x12] Invalid argument: Execution failed for method: forward	n0*=expand_copy(L0,·,·)
CRASH	w68:591	executor unavailable	n0*=max.dim_max(L0,·,·,L1,L2)
CRASH	w68:631	executor unavailable	n0*=erf.out(L0,·)
CRASH	w68:645	executor unavailable	n0*=bitwise_and.Tensor_out(L0,L1,·)
SKIP	w69:221	executor ExecutorchInvalidArgumentException: [ExecuTorch Error 0x12] Invalid argument: Execution failed for method: forward	n0*=arange.start_out(·,·,·,·)
SKIP	w69:246	executor ExecutorchInvalidArgumentException: [ExecuTorch Error 0x12] Invalid argument: Execution failed for method: forward	n0*=native_group_norm(L0,·,·,·,·,·,·,·)
CRASH	w68:69	executor unavailable	n0*=cos.out(L0,·)
CRASH	w68:700	executor unavailable	n0*=expand_copy(L0,·,·)
MISMATCH	w69:270	out[0] max|delta|=2.306e+18 (rtol=0.01 atol=0.001)	n0*=bitwise_left_shift.Tensor_Scalar_out(L0,·,·)
MISMATCH	w69:273	out[0] max|delta|=9.223e+18 (rtol=0.01 atol=0.001)	n0*=bitwise_left_shift.Tensor_out(L0,L1,·)
MISMATCH	w69:290	out[0] shape (1, 1, 1, 1) vs (0, 0, 0, 0, 0)	n0*=topk.values(L0,·,·,·,·,L1,L2)
SKIP	w69:292	executor ExecutorchInvalidArgumentException: [ExecuTorch Error 0x12] Invalid argument: Execution failed for method: forward	n0*=copy(L0,L1,·)
SKIP	w69:293	executor ExecutorchInvalidArgumentException: [ExecuTorch Error 0x12] Invalid argument: Execution failed for method: forward	n0*=stack(·,·)
MISMATCH	w69:306	out[0] non-finite mismatch (nan/inf positions differ)	n0*=gelu.out(L0,·,·)
SKIP	w69:328	executor ExecutorchInvalidArgumentException: [ExecuTorch Error 0x12] Invalid argument: Execution failed for method: forward	n0*=native_group_norm(L0,·,·,·,·,·,·,·)
SKIP	w69:331	executor ExecutorchInvalidArgumentException: [ExecuTorch Error 0x12] Invalid argument: Execution failed for method: forward	n0*=_pdist_forward(L0,·)
SKIP	w69:359	executor ExecutorchRuntimeException: [ExecuTorch Error 0x14] Operator missing: Execution failed for method: forward	n0*=_fft_r2c(L0,·,·,·)
MISMATCH	w69:415	out[0] max|delta|=6.000e+00 (rtol=0.0 atol=0.0)	n0*=remainder.Scalar(L0,·)
MISMATCH	w69:42	out[0] max|delta|=2.162e+17 (rtol=0.0 atol=0.0)	n0*=bitwise_left_shift.Tensor_Scalar_out(L0,·,·)
CRASH	w68:91	executor unavailable	n0*=abs.out(L0,·)
CRASH	w69:126	executor unavailable	n0*=any.dims_out(L0,·,·,·)
CRASH	w69:186	executor unavailable	n0*=mean(L0,·)
CRASH	w69:187	executor unavailable	n0*=remainder.Scalar(L0,·)
CRASH	w69:190	executor unavailable	n0*=pow.Tensor_Tensor_out(L0,L1,·)
SKIP	w69:423	executor ExecutorchRuntimeException: [ExecuTorch Error 0x1] Internal error: Execution failed for method: forward	n0*=pixel_shuffle(L0,·)
CRASH	w69:210	executor unavailable	n0*=bitwise_xor.Tensor_out(L0,L1,·)
SKIP	w69:449	executor ExecutorchInvalidArgumentException: [ExecuTorch Error 0x12] Invalid argument: Execution failed for method: forward	n0*=arange.start_out(·,·,·,·)
MISMATCH	w69:501	out[0] max|delta|=1.611e+09 (rtol=0.0 atol=0.0)	n0*=bitwise_left_shift.Tensor_out(L0,L1,·)
MISMATCH	w69:508	out[0] non-finite mismatch (nan/inf positions differ)	n0*=logit.out(L0,·,·)
SKIP	w69:520	executor ExecutorchInvalidArgumentException: [ExecuTorch Error 0x12] Invalid argument: Execution failed for method: forward	n0*=copy(L0,L1,·)
MISMATCH	w69:533	out[0] non-finite mismatch (nan/inf positions differ)	n0*=logit(L0,·)
MISMATCH	w69:534	out[0] non-finite mismatch (nan/inf positions differ)	n0*=gelu.out(L0,·,·)
SKIP	w69:556	executor ExecutorchInvalidArgumentException: [ExecuTorch Error 0x12] Invalid argument: Execution failed for method: forward	n0*=native_group_norm(L0,·,·,·,·,·,·,·)
SKIP	w69:559	executor ExecutorchInvalidArgumentException: [ExecuTorch Error 0x12] Invalid argument: Execution failed for method: forward	n0*=_pdist_forward(L0,·)
MISMATCH	w69:572	out[0] non-finite mismatch (nan/inf positions differ)	n0*=log.out(L0,·)
MISMATCH	w69:579	out[0] max|delta|=2.420e+00 (rtol=0.01 atol=0.001)	n0*=max_pool2d_with_indices_backward.grad_input(L0,L1,·,·,·,·,·,L2,L3)
SKIP	w69:587	executor ExecutorchRuntimeException: [ExecuTorch Error 0x14] Operator missing: Execution failed for method: forward	n0*=_fft_r2c(L0,·,·,·)
CRASH	w69:278	executor unavailable	n0*=index_put(L0,·,L1,·)
MISMATCH	w69:611	out[0] max|delta|=8.000e+00 (rtol=0.0 atol=0.0)	n0*=bitwise_right_shift.Tensor_Scalar(L0,·)
MISMATCH	w69:62	out[0] shape (0, 0, 0) vs (0, 0, 0, 0, 0)	n0*=topk.values(L0,·,·,·,·,L1,L2)
CRASH	w69:324	executor unavailable	n0*=unsqueeze_copy(L0,·)
SKIP	w69:64	executor ExecutorchInvalidArgumentException: [ExecuTorch Error 0x12] Invalid argument: Execution failed for method: forward	n0*=copy(L0,L1,·)
MISMATCH	w69:650	out[0] max|delta|=1.153e+18 (rtol=0.0 atol=0.0)	n0*=bitwise_left_shift.Tensor_Scalar(L0,·)
SKIP	w69:652	executor ExecutorchInvalidArgumentException: [ExecuTorch Error 0x12] Invalid argument: Execution failed for method: forward	n0*=scatter_add.out(L0,·,L1,L2,·)
CRASH	w69:342	executor unavailable	n0*=atan2.out(L0,L1,·)
SKIP	w69:658	executor ExecutorchInvalidArgumentException: [ExecuTorch Error 0x12] Invalid argument: Execution failed for method: forward	n0*=expand_copy(L0,·,·)
SKIP	w69:677	executor ExecutorchInvalidArgumentException: [ExecuTorch Error 0x12] Invalid argument: Execution failed for method: forward	n0*=arange.start_out(·,·,·,·)
CRASH	w69:389	executor unavailable	n0*=unbind_copy.int(L0,·)
MISMATCH	w69:726	out[0] max|delta|=1.611e+09 (rtol=0.0 atol=0.0)	n0*=bitwise_left_shift.Tensor_Scalar_out(L0,·,·)
MISMATCH	w69:729	out[0] non-finite mismatch (nan/inf positions differ)	n0*=bitwise_left_shift.Tensor_out(L0,L1,·)
CRASH	w69:416	executor unavailable	n0*=transpose_copy.int(L0,·,·)
MISMATCH	w69:736	out[0] non-finite mismatch (nan/inf positions differ)	n0*=logit.out(L0,·,·)
MISMATCH	w69:746	out[0] shape (1, 1, 1, 1, 0) vs (0, 0, 0, 0, 0)	n0*=topk.values(L0,·,·,·,·,L1,L2)
CRASH	w69:422	executor unavailable	n0*=bitwise_left_shift.Tensor_Scalar(L0,·)
MISMATCH	w69:762	out[0] non-finite mismatch (nan/inf positions differ)	n0*=gelu.out(L0,·,·)
MISMATCH	w69:78	out[0] non-finite mismatch (nan/inf positions differ)	n0*=gelu.out(L0,·,·)
SKIP	w69:702	executor ExecutorchInvalidArgumentException: [ExecuTorch Error 0x12] Invalid argument: Execution failed for method: forward	n0*=native_group_norm(L0,·,·,·,·,·,·,·)
MISMATCH	w69:91	out[0] max|delta|=3.000e+00 (rtol=0.01 atol=0.001)	n0*=remainder.Tensor_out(L0,L1,·)
MISMATCH	w7:11	out[0] non-finite mismatch (nan/inf positions differ)	n0*=gelu.out(L0,·,·)
SKIP	w7:129	executor ExecutorchInvalidArgumentException: [ExecuTorch Error 0x12] Invalid argument: Execution failed for method: forward	n0*=scatter_add.out(L0,·,L1,L2,·)
SKIP	w7:135	executor ExecutorchInvalidArgumentException: [ExecuTorch Error 0x12] Invalid argument: Execution failed for method: forward	n0*=expand_copy(L0,·,·)
SKIP	w7:154	executor ExecutorchInvalidArgumentException: [ExecuTorch Error 0x12] Invalid argument: Execution failed for method: forward	n0*=arange.start_out(·,·,·,·)
SKIP	w7:179	executor ExecutorchInvalidArgumentException: [ExecuTorch Error 0x12] Invalid argument: Execution failed for method: forward	n0*=native_group_norm(L0,·,·,·,·,·,·,·)
MISMATCH	w7:213	out[0] non-finite mismatch (nan/inf positions differ)	n0*=logit.out(L0,·,·)
MISMATCH	w7:223	out[0] shape (1, 1, 1, 1) vs (0, 0, 0, 0)	n0*=topk.values(L0,·,·,·,·,L1,L2)
MISMATCH	w7:239	out[0] non-finite mismatch (nan/inf positions differ)	n0*=gelu.out(L0,·,·)
SKIP	w7:261	executor ExecutorchInvalidArgumentException: [ExecuTorch Error 0x12] Invalid argument: Execution failed for method: forward	n0*=native_group_norm(L0,·,·,·,·,·,·,·)
CRASH	w69:544	executor unavailable	n0*=acosh.out(L0,·)
CRASH	w69:547	executor unavailable	n0*=remainder.Tensor_out(L0,L1,·)
CRASH	w69:594	executor unavailable	n0*=mean.out(L0,·,·,·,·)
SKIP	w7:292	executor ExecutorchRuntimeException: [ExecuTorch Error 0x14] Operator missing: Execution failed for method: forward	n0*=_fft_r2c(L0,·,·,·)
CRASH	w69:679	executor unavailable	n0*=select_copy.int(L0,·,·)
CRASH	w7:284	executor process died (native abort)	n0*=max_pool2d_with_indices_backward.grad_input(L0,L1,·,·,·,·,·,L2,L3)
CRASH	w69:689	executor unavailable	n0*=flip(L0,·)
MISMATCH	w7:316	out[0] max|delta|=3.200e+01 (rtol=0.0 atol=0.0)	n0*=bitwise_right_shift.Tensor_Scalar(L0,·)
CRASH	w69:740	executor unavailable	n0*=index.Tensor_out(L0,·,·)
SKIP	w7:33	executor ExecutorchInvalidArgumentException: [ExecuTorch Error 0x12] Invalid argument: Execution failed for method: forward	n0*=native_group_norm(L0,·,·,·,·,·,·,·)
CRASH	w69:749	executor unavailable	n0*=stack(·,·)
SKIP	w7:36	executor ExecutorchInvalidArgumentException: [ExecuTorch Error 0x12] Invalid argument: Execution failed for method: forward	n0*=_pdist_forward(L0,·)
SKIP	w7:363	executor ExecutorchInvalidArgumentException: [ExecuTorch Error 0x12] Invalid argument: Execution failed for method: forward	n0*=expand_copy(L0,·,·)
SKIP	w7:382	executor ExecutorchInvalidArgumentException: [ExecuTorch Error 0x12] Invalid argument: Execution failed for method: forward	n0*=arange.start_out(·,·,·,·)
SKIP	w7:407	executor ExecutorchInvalidArgumentException: [ExecuTorch Error 0x12] Invalid argument: Execution failed for method: forward	n0*=native_group_norm(L0,·,·,·,·,·,·,·)
MISMATCH	w7:431	out[0] max|delta|=2.882e+17 (rtol=0.01 atol=0.001)	n0*=bitwise_left_shift.Tensor_Scalar_out(L0,·,·)
MISMATCH	w7:434	out[0] max|delta|=6.918e+18 (rtol=0.01 atol=0.001)	n0*=bitwise_left_shift.Tensor_out(L0,L1,·)
CRASH	w7:124	executor unavailable	n0*=max.unary_out(L0,·)
MISMATCH	w7:451	out[0] shape (1,) vs (0, 0)	n0*=topk.values(L0,·,·,·,·,L1,L2)
MISMATCH	w7:467	out[0] non-finite mismatch (nan/inf positions differ)	n0*=gelu.out(L0,·,·)
CRASH	w7:20	executor unavailable	n0*=select_scatter(L0,L1,·,·)
CRASH	w7:22	executor unavailable	n0*=var_mean.correction(L0,·,·,·)
SKIP	w7:453	executor ExecutorchInvalidArgumentException: [ExecuTorch Error 0x12] Invalid argument: Execution failed for method: forward	n0*=copy(L0,L1,·)
SKIP	w7:489	executor ExecutorchInvalidArgumentException: [ExecuTorch Error 0x12] Invalid argument: Execution failed for method: forward	n0*=native_group_norm(L0,·,·,·,·,·,·,·)
CRASH	w7:24	executor unavailable	n0*=remainder.Tensor_out(L0,L1,·)
MISMATCH	w7:505	out[0] non-finite mismatch (nan/inf positions differ)	n0*=log.out(L0,·)
SKIP	w7:520	executor ExecutorchRuntimeException: [ExecuTorch Error 0x14] Operator missing: Execution failed for method: forward	n0*=_fft_r2c(L0,·,·,·)
MISMATCH	w7:487	out[0] max|delta|=3.999e-01 (rtol=0.01 atol=0.001)	n0*=_native_batch_norm_legit.no_stats(L0,·,·,·,·,·)
CRASH	w7:262	executor unavailable	n0*=cosh.out(L0,·)
MISMATCH	w7:583	out[0] max|delta|=9.223e+18 (rtol=0.0 atol=0.0)	n0*=bitwise_left_shift.Tensor_Scalar(L0,·)
MISMATCH	w7:605	out[0] max|delta|=5.000e+00 (rtol=0.01 atol=0.001)	n0*=remainder.Scalar_out(L0,·,·)
SKIP	w7:610	executor ExecutorchInvalidArgumentException: [ExecuTorch Error 0x12] Invalid argument: Execution failed for method: forward	n0*=arange.start_out(·,·,·,·)
CRASH	w7:328	executor unavailable	n0*=floor_divide(L0,L1)
CRASH	w7:356	executor unavailable	n0*=pixel_shuffle(L0,·)
CRASH	w7:414	executor unavailable	n0*=amin.out(L0,·,·,·)
CRASH	w7:426	executor unavailable	n0*=replication_pad2d.out(L0,·,·)
CRASH	w7:445	executor unavailable	n0*=index.Tensor_out(L0,·,·)
SKIP	w7:635	executor ExecutorchInvalidArgumentException: [ExecuTorch Error 0x12] Invalid argument: Execution failed for method: forward	n0*=native_group_norm(L0,·,·,·,·,·,·,·)
SKIP	w7:64	executor ExecutorchRuntimeException: [ExecuTorch Error 0x14] Operator missing: Execution failed for method: forward	n0*=_fft_r2c(L0,·,·,·)
CRASH	w7:476	executor unavailable	n0*=select_scatter(L0,L1,·,·)
MISMATCH	w7:659	out[0] non-finite mismatch (nan/inf positions differ)	n0*=bitwise_left_shift.Tensor_Scalar_out(L0,·,·)
CRASH	w7:485	executor unavailable	n0*=unsqueeze_copy(L0,·)
SKIP	w7:674	executor ExecutorchInvalidArgumentException: [ExecuTorch Error 0x12] Invalid argument: Execution failed for method: forward	n0*=scatter.src_out(L0,·,L1,L2,·)
MISMATCH	w7:695	out[0] non-finite mismatch (nan/inf positions differ)	n0*=gelu.out(L0,·,·)
SKIP	w7:717	executor ExecutorchInvalidArgumentException: [ExecuTorch Error 0x12] Invalid argument: Execution failed for method: forward	n0*=native_group_norm(L0,·,·,·,·,·,·,·)
SKIP	w7:748	executor ExecutorchRuntimeException: [ExecuTorch Error 0x14] Operator missing: Execution failed for method: forward	n0*=_fft_r2c(L0,·,·,·)
SKIP	w7:757	executor ExecutorchInvalidArgumentException: [ExecuTorch Error 0x12] Invalid argument: Execution failed for method: forward	n0*=_native_batch_norm_legit_no_training(L0,·,·,L1,L2,·,·)
CRASH	w7:514	executor unavailable	n0*=reflection_pad2d.out(L0,·,·)
SKIP	w7:93	executor IllegalArgumentException: unsupported input dtype code 24 on Android	n0*=linear.out(L0,L1,·,·)
MISMATCH	w70:117	out[0] max|delta|=4.323e+17 (rtol=0.0 atol=0.0)	n0*=bitwise_left_shift.Tensor_Scalar_out(L0,·,·)
MISMATCH	w70:120	out[0] max|delta|=6.918e+18 (rtol=0.01 atol=0.001)	n0*=bitwise_left_shift.Tensor_out(L0,L1,·)
MISMATCH	w70:137	out[0] shape (1, 1) vs (0, 0, 0, 0)	n0*=topk.values(L0,·,·,·,·,L1,L2)
SKIP	w70:139	executor ExecutorchInvalidArgumentException: [ExecuTorch Error 0x12] Invalid argument: Execution failed for method: forward	n0*=copy(L0,L1,·)
CRASH	w7:562	executor unavailable	n0*=bitwise_and.Scalar_out(L0,·,·)
SKIP	w7:681	executor ExecutorchInvalidArgumentException: [ExecuTorch Error 0x12] Invalid argument: Execution failed for method: forward	n0*=copy(L0,L1,·)
MISMATCH	w70:153	out[0] non-finite mismatch (nan/inf positions differ)	n0*=gelu.out(L0,·,·)
CRASH	w7:576	executor unavailable	n0*=remainder.Scalar(L0,·)
SKIP	w70:175	executor ExecutorchInvalidArgumentException: [ExecuTorch Error 0x12] Invalid argument: Execution failed for method: forward	n0*=native_group_norm(L0,·,·,·,·,·,·,·)
SKIP	w70:178	executor ExecutorchInvalidArgumentException: [ExecuTorch Error 0x12] Invalid argument: Execution failed for method: forward	n0*=_pdist_forward(L0,·)
CRASH	w7:597	executor unavailable	n0*=prod(L0,·)
SKIP	w70:206	executor ExecutorchRuntimeException: [ExecuTorch Error 0x14] Operator missing: Execution failed for method: forward	n0*=_fft_r2c(L0,·,·,·)
MISMATCH	w70:230	out[0] max|delta|=6.400e+01 (rtol=0.0 atol=0.0)	n0*=bitwise_right_shift.Tensor_Scalar(L0,·)
CRASH	w7:622	executor unavailable	n0*=flip(L0,·)
MISMATCH	w70:262	out[0] max|delta|=4.000e+00 (rtol=0.0 atol=0.0)	n0*=remainder.Scalar(L0,·)
SKIP	w70:296	executor ExecutorchInvalidArgumentException: [ExecuTorch Error 0x12] Invalid argument: Execution failed for method: forward	n0*=arange.start_out(·,·,·,·)
SKIP	w70:321	executor ExecutorchInvalidArgumentException: [ExecuTorch Error 0x12] Invalid argument: Execution failed for method: forward	n0*=native_group_norm(L0,·,·,·,·,·,·,·)
CRASH	w7:741	executor unavailable	n0*=cumsum.out(L0,·,·,·)
CRASH	w7:763	executor unavailable	n0*=logical_xor.out(L0,L1,·)
CRASH	w7:776	executor unavailable	n0*=masked_scatter(L0,L1,L2)
CRASH	w70:114	executor unavailable	n0*=detach_copy(L0)
MISMATCH	w70:345	out[0] max|delta|=2.147e+09 (rtol=0.0 atol=0.0)	n0*=bitwise_left_shift.Tensor_Scalar_out(L0,·,·)
MISMATCH	w70:348	out[0] max|delta|=9.223e+18 (rtol=0.01 atol=0.001)	n0*=bitwise_left_shift.Tensor_out(L0,L1,·)
MISMATCH	w70:355	out[0] non-finite mismatch (nan/inf positions differ)	n0*=logit.out(L0,·,·)
CRASH	w70:16	executor unavailable	n0*=ge.Scalar_out(L0,·,·)
MISMATCH	w70:365	out[0] shape (1, 1, 1, 1) vs (0, 0, 0, 0, 0)	n0*=topk.values(L0,·,·,·,·,L1,L2)
SKIP	w70:367	executor ExecutorchInvalidArgumentException: [ExecuTorch Error 0x12] Invalid argument: Execution failed for method: forward	n0*=copy(L0,L1,·)
MISMATCH	w70:381	out[0] non-finite mismatch (nan/inf positions differ)	n0*=gelu.out(L0,·,·)
SKIP	w70:403	executor ExecutorchInvalidArgumentException: [ExecuTorch Error 0x12] Invalid argument: Execution failed for method: forward	n0*=native_group_norm(L0,·,·,·,·,·,·,·)
SKIP	w70:406	executor ExecutorchInvalidArgumentException: [ExecuTorch Error 0x12] Invalid argument: Execution failed for method: forward	n0*=_pdist_forward(L0,·)
CRASH	w70:207	executor unavailable	n0*=ones.out(·,·)
MISMATCH	w70:419	out[0] non-finite mismatch (nan/inf positions differ)	n0*=log.out(L0,·)
SKIP	w70:434	executor ExecutorchRuntimeException: [ExecuTorch Error 0x14] Operator missing: Execution failed for method: forward	n0*=_fft_r2c(L0,·,·,·)
CRASH	w70:223	executor unavailable	n0*=ceil.out(L0,·)
CRASH	w70:23	executor unavailable	n0*=neg.out(L0,·)
CRASH	w70:274	executor unavailable	n0*=narrow_copy(L0,·,·,·)
SKIP	w70:49	executor ExecutorchInvalidArgumentException: [ExecuTorch Error 0x12] Invalid argument: Execution failed for method: forward	n0*=expand_copy(L0,·,·)
MISMATCH	w70:497	out[0] max|delta|=2.147e+09 (rtol=0.0 atol=0.0)	n0*=bitwise_left_shift.Tensor_Scalar(L0,·)
SKIP	w70:5	executor ExecutorchRuntimeException: [ExecuTorch Error 0x1] Internal error: Execution failed for method: forward	n0*=_softmax.out(L0,·,·,·)
CRASH	w70:292	executor unavailable	n0*=lift_fresh_copy(L0)
SKIP	w70:505	executor ExecutorchInvalidArgumentException: [ExecuTorch Error 0x12] Invalid argument: Execution failed for method: forward	n0*=expand_copy(L0,·,·)
MISMATCH	w70:519	out[0] max|delta|=8.000e+00 (rtol=0.0 atol=0.0)	n0*=remainder.Scalar_out(L0,·,·)
SKIP	w70:524	executor ExecutorchInvalidArgumentException: [ExecuTorch Error 0x12] Invalid argument: Execution failed for method: forward	n0*=arange.start_out(·,·,·,·)
MISMATCH	w70:539	out[0] max|delta|=1.000e+00 (rtol=0.0 atol=0.0)	n0*=any.all_out(L0,·)
CRASH	w70:312	executor unavailable	n0*=prod.int_out(L0,·,·,·,·)
MISMATCH	w70:573	out[0] max|delta|=1.729e+18 (rtol=0.0 atol=0.0)	n0*=bitwise_left_shift.Tensor_Scalar_out(L0,·,·)
MISMATCH	w70:576	out[0] max|delta|=1.611e+09 (rtol=0.0 atol=0.0)	n0*=bitwise_left_shift.Tensor_out(L0,L1,·)
MISMATCH	w70:583	out[0] non-finite mismatch (nan/inf positions differ)	n0*=logit.out(L0,·,·)
MISMATCH	w70:593	out[0] shape (1, 1, 1, 1) vs (0, 0, 0, 0, 0)	n0*=topk.values(L0,·,·,·,·,L1,L2)
MISMATCH	w70:609	out[0] non-finite mismatch (nan/inf positions differ)	n0*=gelu.out(L0,·,·)
MISMATCH	w70:629	out[0] max|delta|=3.999e-01 (rtol=0.01 atol=0.001)	n0*=_native_batch_norm_legit.no_stats(L0,·,·,·,·,·)
SKIP	w70:631	executor ExecutorchInvalidArgumentException: [ExecuTorch Error 0x12] Invalid argument: Execution failed for method: forward	n0*=native_group_norm(L0,·,·,·,·,·,·,·)
SKIP	w70:634	executor ExecutorchInvalidArgumentException: [ExecuTorch Error 0x12] Invalid argument: Execution failed for method: forward	n0*=_pdist_forward(L0,·)
CRASH	w70:338	executor unavailable	n0*=view_copy(L0,·)
MISMATCH	w70:647	out[0] non-finite mismatch (nan/inf positions differ)	n0*=log.out(L0,·)
SKIP	w70:662	executor ExecutorchRuntimeException: [ExecuTorch Error 0x14] Operator missing: Execution failed for method: forward	n0*=_fft_r2c(L0,·,·,·)
SKIP	w70:68	executor ExecutorchInvalidArgumentException: [ExecuTorch Error 0x12] Invalid argument: Execution failed for method: forward	n0*=arange.start_out(·,·,·,·)
SKIP	w70:727	executor ExecutorchInvalidArgumentException: [ExecuTorch Error 0x12] Invalid argument: Execution failed for method: forward	n0*=scatter_add.out(L0,·,L1,L2,·)
SKIP	w70:752	executor ExecutorchInvalidArgumentException: [ExecuTorch Error 0x12] Invalid argument: Execution failed for method: forward	n0*=arange.start_out(·,·,·,·)
MISMATCH	w70:769	out[0] non-finite mismatch (nan/inf positions differ)	n0*=grid_sampler_2d(L0,L1,·,·,·)
SKIP	w70:777	executor ExecutorchInvalidArgumentException: [ExecuTorch Error 0x12] Invalid argument: Execution failed for method: forward	n0*=native_group_norm(L0,·,·,·,·,·,·,·)
SKIP	w70:93	executor ExecutorchInvalidArgumentException: [ExecuTorch Error 0x12] Invalid argument: Execution failed for method: forward	n0*=native_group_norm(L0,·,·,·,·,·,·,·)
CRASH	w70:431	executor unavailable	n0*=clamp.Tensor_out(L0,·,·,·)
CRASH	w70:451	executor unavailable	n0*=ceil.out(L0,·)
CRASH	w70:479	executor unavailable	n0*=neg.out(L0,·)
MISMATCH	w71:111	out[0] non-finite mismatch (nan/inf positions differ)	n0*=gelu.out(L0,·,·)
SKIP	w71:133	executor ExecutorchInvalidArgumentException: [ExecuTorch Error 0x12] Invalid argument: Execution failed for method: forward	n0*=native_group_norm(L0,·,·,·,·,·,·,·)
CRASH	w70:592	executor unavailable	n0*=narrow_copy(L0,·,·,·)
SKIP	w71:148	executor ExecutorchRuntimeException: [ExecuTorch Error 0x1] Internal error: Execution failed for method: forward	n0*=pixel_shuffle(L0,·)
SKIP	w71:164	executor ExecutorchRuntimeException: [ExecuTorch Error 0x14] Operator missing: Execution failed for method: forward	n0*=_fft_r2c(L0,·,·,·)
CRASH	w70:630	executor unavailable	n0*=ne.Scalar_out(L0,·,·)
CRASH	w70:665	executor unavailable	n0*=logical_and.out(L0,L1,·)
CRASH	w70:713	executor unavailable	n0*=logical_and(L0,L1)
CRASH	w70:763	executor unavailable	n0*=eq.Scalar_out(L0,·,·)
CRASH	w70:768	executor unavailable	n0*=prod.int_out(L0,·,·,·,·)
CRASH	w70:779	executor unavailable	n0*=gt.Tensor_out(L0,L1,·)
CRASH	w70:80	executor unavailable	n0*=flip(L0,·)
CRASH	w71:105	executor unavailable	n0*=bitwise_or.Scalar_out(L0,·,·)
SKIP	w71:254	executor ExecutorchInvalidArgumentException: [ExecuTorch Error 0x12] Invalid argument: Execution failed for method: forward	n0*=arange.start_out(·,·,·,·)
SKIP	w71:26	executor ExecutorchInvalidArgumentException: [ExecuTorch Error 0x12] Invalid argument: Execution failed for method: forward	n0*=arange.start_out(·,·,·,·)
SKIP	w71:279	executor ExecutorchInvalidArgumentException: [ExecuTorch Error 0x12] Invalid argument: Execution failed for method: forward	n0*=native_group_norm(L0,·,·,·,·,·,·,·)
MISMATCH	w71:303	out[0] max|delta|=9.223e+18 (rtol=0.01 atol=0.001)	n0*=bitwise_left_shift.Tensor_Scalar_out(L0,·,·)
MISMATCH	w71:306	out[0] non-finite mismatch (nan/inf positions differ)	n0*=bitwise_left_shift.Tensor_out(L0,L1,·)
SKIP	w71:325	executor ExecutorchInvalidArgumentException: [ExecuTorch Error 0x12] Invalid argument: Execution failed for method: forward	n0*=copy(L0,L1,·)
MISMATCH	w71:339	out[0] non-finite mismatch (nan/inf positions differ)	n0*=gelu.out(L0,·,·)
MISMATCH	w71:359	out[0] max|delta|=3.999e-01 (rtol=0.01 atol=0.001)	n0*=_native_batch_norm_legit.no_stats(L0,·,·,·,·,·)
SKIP	w71:361	executor ExecutorchInvalidArgumentException: [ExecuTorch Error 0x12] Invalid argument: Execution failed for method: forward	n0*=native_group_norm(L0,·,·,·,·,·,·,·)
SKIP	w71:392	executor ExecutorchRuntimeException: [ExecuTorch Error 0x14] Operator missing: Execution failed for method: forward	n0*=_fft_r2c(L0,·,·,·)
MISMATCH	w71:43	out[0] non-finite mismatch (nan/inf positions differ)	n0*=grid_sampler_2d(L0,L1,·,·,·)
MISMATCH	w71:466	out[0] max|delta|=9.223e+18 (rtol=0.0 atol=0.0)	n0*=pow.Scalar_out(·,L0,·)
MISMATCH	w71:469	out[0] max|delta|=1.000e+00 (rtol=0.0 atol=0.0)	n0*=prod(L0,·)
SKIP	w71:482	executor ExecutorchInvalidArgumentException: [ExecuTorch Error 0x12] Invalid argument: Execution failed for method: forward	n0*=arange.start_out(·,·,·,·)
SKIP	w71:502	executor ExecutorchInvalidArgumentException: [ExecuTorch Error 0x12] Invalid argument: Execution failed for method: forward	n0*=convolution(L0,L1,·,·,·,·,·,·,·)
SKIP	w71:507	executor ExecutorchInvalidArgumentException: [ExecuTorch Error 0x12] Invalid argument: Execution failed for method: forward	n0*=native_group_norm(L0,·,·,·,·,·,·,·)
SKIP	w71:51	executor ExecutorchInvalidArgumentException: [ExecuTorch Error 0x12] Invalid argument: Execution failed for method: forward	n0*=native_group_norm(L0,·,·,·,·,·,·,·)
MISMATCH	w71:534	out[0] max|delta|=9.223e+18 (rtol=0.01 atol=0.001)	n0*=bitwise_left_shift.Tensor_out(L0,L1,·)
SKIP	w71:546	executor ExecutorchInvalidArgumentException: [ExecuTorch Error 0x12] Invalid argument: Execution failed for method: forward	n0*=scatter.src_out(L0,·,L1,L2,·)
MISMATCH	w71:567	out[0] non-finite mismatch (nan/inf positions differ)	n0*=gelu.out(L0,·,·)
SKIP	w71:589	executor ExecutorchInvalidArgumentException: [ExecuTorch Error 0x12] Invalid argument: Execution failed for method: forward	n0*=native_group_norm(L0,·,·,·,·,·,·,·)
SKIP	w71:592	executor ExecutorchInvalidArgumentException: [ExecuTorch Error 0x12] Invalid argument: Execution failed for method: forward	n0*=_pdist_forward(L0,·)
SKIP	w71:620	executor ExecutorchRuntimeException: [ExecuTorch Error 0x14] Operator missing: Execution failed for method: forward	n0*=_fft_r2c(L0,·,·,·)
CRASH	w71:161	executor unavailable	n0*=clamp.Tensor_out(L0,·,·,·)
CRASH	w71:182	executor unavailable	n0*=add.Scalar(L0,·,·)
MISMATCH	w71:683	out[0] max|delta|=2.306e+18 (rtol=0.0 atol=0.0)	n0*=bitwise_left_shift.Tensor_Scalar(L0,·)
SKIP	w71:7	executor ExecutorchInvalidArgumentException: [ExecuTorch Error 0x12] Invalid argument: Execution failed for method: forward	n0*=expand_copy(L0,·,·)
SKIP	w71:710	executor ExecutorchInvalidArgumentException: [ExecuTorch Error 0x12] Invalid argument: Execution failed for method: forward	n0*=arange.start_out(·,·,·,·)
CRASH	w71:377	executor unavailable	n0*=log.out(L0,·)
CRASH	w71:389	executor unavailable	n0*=clamp.Tensor_out(L0,·,·,·)
SKIP	w71:735	executor ExecutorchInvalidArgumentException: [ExecuTorch Error 0x12] Invalid argument: Execution failed for method: forward	n0*=native_group_norm(L0,·,·,·,·,·,·,·)
MISMATCH	w71:762	out[0] max|delta|=6.918e+18 (rtol=0.01 atol=0.001)	n0*=bitwise_left_shift.Tensor_out(L0,L1,·)
MISMATCH	w71:779	out[0] shape (0,) vs (0, 0, 0)	n0*=topk.values(L0,·,·,·,·,L1,L2)
MISMATCH	w71:78	out[0] max|delta|=9.223e+18 (rtol=0.0 atol=0.0)	n0*=bitwise_left_shift.Tensor_out(L0,L1,·)
MISMATCH	w71:95	out[0] shape (1,) vs (0, 0, 0, 0, 0)	n0*=topk.values(L0,·,·,·,·,L1,L2)
SKIP	w71:97	executor ExecutorchInvalidArgumentException: [ExecuTorch Error 0x12] Invalid argument: Execution failed for method: forward	n0*=copy(L0,L1,·)
CRASH	w71:588	executor unavailable	n0*=ne.Scalar_out(L0,·,·)
CRASH	w71:639	executor unavailable	n0*=leaky_relu.out(L0,·,·)
CRASH	w71:64	executor unavailable	n0*=round.out(L0,·)
CRASH	w71:642	executor unavailable	n0*=argmax.out(L0,·,·,·)
CRASH	w71:641	executor unavailable	n0*=clamp.out(L0,·,·,·)
CRASH	w71:644	executor unavailable	n0*=bitwise_right_shift.Tensor_Scalar(L0,·)
CRASH	w71:649	executor unavailable	n0*=linear.out(L0,L1,·,·)
CRASH	w71:677	executor unavailable	n0*=transpose_copy.int(L0,·,·)
SKIP	w72:126	executor ExecutorchRuntimeException: [ExecuTorch Error 0x14] Operator missing: Execution failed for method: forward	n0*=_fft_r2c(L0,·,·,·)
SKIP	w72:13	executor ExecutorchInvalidArgumentException: [ExecuTorch Error 0x12] Invalid argument: Execution failed for method: forward	n0*=native_group_norm(L0,·,·,·,·,·,·,·)
MISMATCH	w72:182	out[0] max|delta|=8.000e+00 (rtol=0.0 atol=0.0)	n0*=remainder.Scalar(L0,·)
SKIP	w72:216	executor ExecutorchInvalidArgumentException: [ExecuTorch Error 0x12] Invalid argument: Execution failed for method: forward	n0*=arange.start_out(·,·,·,·)
SKIP	w72:241	executor ExecutorchInvalidArgumentException: [ExecuTorch Error 0x12] Invalid argument: Execution failed for method: forward	n0*=native_group_norm(L0,·,·,·,·,·,·,·)
MISMATCH	w72:268	out[0] max|delta|=1.611e+09 (rtol=0.0 atol=0.0)	n0*=bitwise_left_shift.Tensor_out(L0,L1,·)
MISMATCH	w72:275	out[0] non-finite mismatch (nan/inf positions differ)	n0*=logit.out(L0,·,·)
SKIP	w72:287	executor ExecutorchInvalidArgumentException: [ExecuTorch Error 0x12] Invalid argument: Execution failed for method: forward	n0*=copy(L0,L1,·)
MISMATCH	w72:301	out[0] non-finite mismatch (nan/inf positions differ)	n0*=gelu.out(L0,·,·)
MISMATCH	w72:314	out[0] max|delta|=4.000e+00 (rtol=0.01 atol=0.001)	n0*=remainder.Tensor_out(L0,L1,·)
SKIP	w72:323	executor ExecutorchInvalidArgumentException: [ExecuTorch Error 0x12] Invalid argument: Execution failed for method: forward	n0*=native_group_norm(L0,·,·,·,·,·,·,·)
SKIP	w72:326	executor ExecutorchInvalidArgumentException: [ExecuTorch Error 0x12] Invalid argument: Execution failed for method: forward	n0*=_pdist_forward(L0,·)
MISMATCH	w72:339	out[0] non-finite mismatch (nan/inf positions differ)	n0*=log.out(L0,·)
SKIP	w72:354	executor ExecutorchRuntimeException: [ExecuTorch Error 0x14] Operator missing: Execution failed for method: forward	n0*=_fft_r2c(L0,·,·,·)
MISMATCH	w72:40	out[0] max|delta|=6.918e+18 (rtol=0.01 atol=0.001)	n0*=bitwise_left_shift.Tensor_out(L0,L1,·)
MISMATCH	w72:439	out[0] max|delta|=5.000e+00 (rtol=0.0 atol=0.0)	n0*=remainder.Scalar_out(L0,·,·)
MISMATCH	w72:461	out[0] non-finite mismatch (nan/inf positions differ)	n0*=grid_sampler_2d(L0,L1,·,·,·)
SKIP	w72:469	executor ExecutorchInvalidArgumentException: [ExecuTorch Error 0x12] Invalid argument: Execution failed for method: forward	n0*=native_group_norm(L0,·,·,·,·,·,·,·)
CRASH	w71:731	executor unavailable	n0*=acos.out(L0,·)
MISMATCH	w72:493	out[0] max|delta|=2.306e+18 (rtol=0.01 atol=0.001)	n0*=bitwise_left_shift.Tensor_Scalar_out(L0,·,·)
CRASH	w71:76	executor unavailable	n0*=maximum.out(L0,L1,·)
CRASH	w72:100	executor unavailable	n0*=clone(L0,·)
CRASH	w72:106	executor unavailable	n0*=_cdist_forward(L0,L1,·,·)
MISMATCH	w72:496	out[0] max|delta|=6.918e+18 (rtol=0.0 atol=0.0)	n0*=bitwise_left_shift.Tensor_out(L0,L1,·)
MISMATCH	w72:529	out[0] non-finite mismatch (nan/inf positions differ)	n0*=gelu.out(L0,·,·)
SKIP	w72:551	executor ExecutorchInvalidArgumentException: [ExecuTorch Error 0x12] Invalid argument: Execution failed for method: forward	n0*=native_group_norm(L0,·,·,·,·,·,·,·)
SKIP	w72:554	executor ExecutorchInvalidArgumentException: [ExecuTorch Error 0x12] Invalid argument: Execution failed for method: forward	n0*=_pdist_forward(L0,·)
SKIP	w72:508	executor ExecutorchInvalidArgumentException: [ExecuTorch Error 0x12] Invalid argument: Execution failed for method: forward	n0*=scatter.src_out(L0,·,L1,L2,·)
MISMATCH	w72:513	out[0] shape (1, 0, 1, 1) vs (0, 0, 0, 0, 0)	n0*=topk.values(L0,·,·,·,·,L1,L2)
SKIP	w72:566	executor ExecutorchRuntimeException: [ExecuTorch Error 0x1] Internal error: Execution failed for method: forward	n0*=pixel_shuffle(L0,·)
SKIP	w72:582	executor ExecutorchRuntimeException: [ExecuTorch Error 0x14] Operator missing: Execution failed for method: forward	n0*=_fft_r2c(L0,·,·,·)
SKIP	w72:59	executor ExecutorchInvalidArgumentException: [ExecuTorch Error 0x12] Invalid argument: Execution failed for method: forward	n0*=copy(L0,L1,·)
CRASH	w72:265	executor unavailable	n0*=bitwise_left_shift.Tensor_Scalar_out(L0,·,·)
CRASH	w72:296	executor unavailable	n0*=linear(L0,L1,·)
CRASH	w72:298	executor unavailable	n0*=zeros.out(·,·)
MISMATCH	w72:645	out[0] max|delta|=2.306e+18 (rtol=0.0 atol=0.0)	n0*=bitwise_left_shift.Tensor_Scalar(L0,·)
CRASH	w72:421	executor unavailable	n0*=mean.dtype_out(L0,·,·)
CRASH	w72:424	executor unavailable	n0*=constant_pad_nd(L0,·,·)
CRASH	w72:43	executor unavailable	n0*=hardtanh(L0,·,·)
SKIP	w72:672	executor ExecutorchInvalidArgumentException: [ExecuTorch Error 0x12] Invalid argument: Execution failed for method: forward	n0*=arange.start_out(·,·,·,·)
MISMATCH	w72:689	out[0] non-finite mismatch (nan/inf positions differ)	n0*=grid_sampler_2d(L0,L1,·,·,·)
CRASH	w72:47	executor unavailable	n0*=logit.out(L0,·,·)
CRASH	w72:476	executor unavailable	n0*=amin.out(L0,·,·,·)
SKIP	w72:697	executor ExecutorchInvalidArgumentException: [ExecuTorch Error 0x12] Invalid argument: Execution failed for method: forward	n0*=native_group_norm(L0,·,·,·,·,·,·,·)
MISMATCH	w72:73	out[0] non-finite mismatch (nan/inf positions differ)	n0*=gelu.out(L0,·,·)
SKIP	w72:743	executor ExecutorchInvalidArgumentException: [ExecuTorch Error 0x12] Invalid argument: Execution failed for method: forward	n0*=copy(L0,L1,·)
MISMATCH	w72:757	out[0] non-finite mismatch (nan/inf positions differ)	n0*=gelu.out(L0,·,·)
MISMATCH	w72:777	out[0] max|delta|=3.999e-01 (rtol=0.01 atol=0.001)	n0*=_native_batch_norm_legit.no_stats(L0,·,·,·,·,·)
SKIP	w72:779	executor ExecutorchInvalidArgumentException: [ExecuTorch Error 0x12] Invalid argument: Execution failed for method: forward	n0*=native_group_norm(L0,·,·,·,·,·,·,·)
SKIP	w72:95	executor ExecutorchInvalidArgumentException: [ExecuTorch Error 0x12] Invalid argument: Execution failed for method: forward	n0*=native_group_norm(L0,·,·,·,·,·,·,·)
SKIP	w73:0	executor ExecutorchRuntimeException: [ExecuTorch Error 0x14] Operator missing: Execution failed for method: forward	n0*=_fft_r2c(L0,·,·,·)
MISMATCH	w72:724	out[0] max|delta|=6.918e+18 (rtol=0.01 atol=0.001)	n0*=bitwise_left_shift.Tensor_out(L0,L1,·)
MISMATCH	w73:159	out[0] shape (1, 1, 1, 1) vs (0, 0, 0, 0, 0)	n0*=topk.values(L0,·,·,·,·,L1,L2)
SKIP	w73:161	executor ExecutorchInvalidArgumentException: [ExecuTorch Error 0x12] Invalid argument: Execution failed for method: forward	n0*=copy(L0,L1,·)
MISMATCH	w73:175	out[0] non-finite mismatch (nan/inf positions differ)	n0*=gelu.out(L0,·,·)
MISMATCH	w73:188	out[0] max|delta|=4.000e+00 (rtol=0.01 atol=0.001)	n0*=remainder.Tensor_out(L0,L1,·)
SKIP	w73:197	executor ExecutorchInvalidArgumentException: [ExecuTorch Error 0x12] Invalid argument: Execution failed for method: forward	n0*=native_group_norm(L0,·,·,·,·,·,·,·)
SKIP	w73:200	executor ExecutorchInvalidArgumentException: [ExecuTorch Error 0x12] Invalid argument: Execution failed for method: forward	n0*=_pdist_forward(L0,·)
SKIP	w73:228	executor ExecutorchRuntimeException: [ExecuTorch Error 0x14] Operator missing: Execution failed for method: forward	n0*=_fft_r2c(L0,·,·,·)
SKIP	w73:299	executor ExecutorchInvalidArgumentException: [ExecuTorch Error 0x12] Invalid argument: Execution failed for method: forward	n0*=expand_copy(L0,·,·)
MISMATCH	w73:302	out[0] max|delta|=1.000e+00 (rtol=0.01 atol=0.001)	n0*=pow.Scalar_out(·,L0,·)
SKIP	w73:318	executor ExecutorchInvalidArgumentException: [ExecuTorch Error 0x12] Invalid argument: Execution failed for method: forward	n0*=arange.start_out(·,·,·,·)
CRASH	w72:557	executor unavailable	n0*=logical_not(L0)
MISMATCH	w73:343	out[0] non-finite mismatch (nan/inf positions differ)	n0*=native_group_norm(L0,·,·,·,·,·,·,·)
CRASH	w72:602	executor unavailable	n0*=log10.out(L0,·)
CRASH	w72:607	executor unavailable	n0*=floor_divide.out(L0,L1,·)
MISMATCH	w73:367	out[0] max|delta|=2.882e+17 (rtol=0.01 atol=0.001)	n0*=bitwise_left_shift.Tensor_Scalar_out(L0,·,·)
MISMATCH	w73:370	out[0] max|delta|=9.223e+18 (rtol=0.01 atol=0.001)	n0*=bitwise_left_shift.Tensor_out(L0,L1,·)
CRASH	w72:641	executor unavailable	n0*=pow.Tensor_Tensor_out(L0,L1,·)
SKIP	w73:389	executor ExecutorchInvalidArgumentException: [ExecuTorch Error 0x12] Invalid argument: Execution failed for method: forward	n0*=copy(L0,L1,·)
MISMATCH	w73:402	out[0] non-finite mismatch (nan/inf positions differ)	n0*=logit(L0,·)
MISMATCH	w73:403	out[0] non-finite mismatch (nan/inf positions differ)	n0*=gelu.out(L0,·,·)
MISMATCH	w73:423	out[0] max|delta|=3.999e-01 (rtol=0.01 atol=0.001)	n0*=_native_batch_norm_legit.no_stats(L0,·,·,·,·,·)
SKIP	w73:425	executor ExecutorchInvalidArgumentException: [ExecuTorch Error 0x12] Invalid argument: Execution failed for method: forward	n0*=native_group_norm(L0,·,·,·,·,·,·,·)
MISMATCH	w73:441	out[0] non-finite mismatch (nan/inf positions differ)	n0*=log.out(L0,·)
SKIP	w73:456	executor ExecutorchRuntimeException: [ExecuTorch Error 0x14] Operator missing: Execution failed for method: forward	n0*=_fft_r2c(L0,·,·,·)
CRASH	w72:753	executor unavailable	n0*=argmin.out(L0,·,·,·)
CRASH	w73:100	executor unavailable	n0*=permute_copy(L0,·)
CRASH	w73:15	executor unavailable	n0*=logical_xor.out(L0,L1,·)
CRASH	w73:189	executor unavailable	n0*=fmod.Scalar(L0,·)
CRASH	w73:213	executor unavailable	n0*=log.out(L0,·)
CRASH	w73:265	executor unavailable	n0*=bitwise_not.out(L0,·)
SKIP	w73:546	executor ExecutorchInvalidArgumentException: [ExecuTorch Error 0x12] Invalid argument: Execution failed for method: forward	n0*=arange.start_out(·,·,·,·)
MISMATCH	w73:563	out[0] non-finite mismatch (nan/inf positions differ)	n0*=grid_sampler_2d(L0,L1,·,·,·)
SKIP	w73:571	executor ExecutorchInvalidArgumentException: [ExecuTorch Error 0x12] Invalid argument: Execution failed for method: forward	n0*=native_group_norm(L0,·,·,·,·,·,·,·)
MISMATCH	w73:595	out[0] max|delta|=1.441e+17 (rtol=0.01 atol=0.001)	n0*=bitwise_left_shift.Tensor_Scalar_out(L0,·,·)
MISMATCH	w73:598	out[0] non-finite mismatch (nan/inf positions differ)	n0*=bitwise_left_shift.Tensor_out(L0,L1,·)
MISMATCH	w73:605	out[0] non-finite mismatch (nan/inf positions differ)	n0*=logit.out(L0,·,·)
MISMATCH	w73:525	out[0] max|delta|=1.280e+02 (rtol=0.0 atol=0.0)	n0*=bitwise_right_shift.Tensor_Scalar_out(L0,·,·)
CRASH	w73:321	executor unavailable	n0*=relu(L0)
MISMATCH	w73:629	out[0] shape () vs (0, 0, 0, 0, 0)	n0*=min.dim_min(L0,·,·,L1,L2)
MISMATCH	w73:631	out[0] non-finite mismatch (nan/inf positions differ)	n0*=gelu.out(L0,·,·)
MISMATCH	w73:642	out[0] max|delta|=1.172e-02 (rtol=0.01 atol=0.001)	n0*=var_mean.correction(L0,·,·,·)
CRASH	w73:350	executor unavailable	n0*=amin.out(L0,·,·,·)
MISMATCH	w73:645	out[0] max|delta|=4.000e+00 (rtol=0.0 atol=0.0)	n0*=fmod.Scalar(L0,·)
SKIP	w73:653	executor ExecutorchInvalidArgumentException: [ExecuTorch Error 0x12] Invalid argument: Execution failed for method: forward	n0*=native_group_norm(L0,·,·,·,·,·,·,·)
SKIP	w73:656	executor ExecutorchInvalidArgumentException: [ExecuTorch Error 0x12] Invalid argument: Execution failed for method: forward	n0*=_pdist_forward(L0,·)
MISMATCH	w73:644	out[0] max|delta|=4.000e+00 (rtol=0.01 atol=0.001)	n0*=remainder.Tensor_out(L0,L1,·)
SKIP	w73:684	executor ExecutorchRuntimeException: [ExecuTorch Error 0x14] Operator missing: Execution failed for method: forward	n0*=_fft_r2c(L0,·,·,·)
CRASH	w73:424	executor unavailable	n0*=ne.Scalar_out(L0,·,·)
CRASH	w73:429	executor unavailable	n0*=reflection_pad1d.out(L0,·,·)
CRASH	w73:461	executor unavailable	n0*=native_layer_norm(L0,·,·,·,·)
SKIP	w73:71	executor ExecutorchInvalidArgumentException: [ExecuTorch Error 0x12] Invalid argument: Execution failed for method: forward	n0*=expand_copy(L0,·,·)
SKIP	w73:713	executor IllegalArgumentException: unsupported input dtype code 24 on Android	n0*=linear.out(L0,L1,·,·)
CRASH	w73:48	executor unavailable	n0*=slice_copy.Tensor(L0,·,·,·,·)
SKIP	w73:749	executor ExecutorchInvalidArgumentException: [ExecuTorch Error 0x12] Invalid argument: Execution failed for method: forward	n0*=scatter_add.out(L0,·,L1,L2,·)
SKIP	w73:755	executor ExecutorchInvalidArgumentException: [ExecuTorch Error 0x12] Invalid argument: Execution failed for method: forward	n0*=expand_copy(L0,·,·)
SKIP	w73:774	executor ExecutorchInvalidArgumentException: [ExecuTorch Error 0x12] Invalid argument: Execution failed for method: forward	n0*=arange.start_out(·,·,·,·)
SKIP	w73:90	executor ExecutorchInvalidArgumentException: [ExecuTorch Error 0x12] Invalid argument: Execution failed for method: forward	n0*=arange.start_out(·,·,·,·)
SKIP	w74:113	executor ExecutorchInvalidArgumentException: [ExecuTorch Error 0x12] Invalid argument: Execution failed for method: forward	n0*=arange.start_out(·,·,·,·)
MISMATCH	w74:129	out[0] max|delta|=1.000e+00 (rtol=0.0 atol=0.0)	n0*=prod.int_out(L0,·,·,·,·)
CRASH	w73:519	executor unavailable	n0*=bitwise_left_shift.Tensor_Scalar(L0,·)
SKIP	w74:138	executor ExecutorchInvalidArgumentException: [ExecuTorch Error 0x12] Invalid argument: Execution failed for method: forward	n0*=native_group_norm(L0,·,·,·,·,·,·,·)
CRASH	w73:56	executor unavailable	n0*=remainder.Scalar(L0,·)
CRASH	w73:580	executor unavailable	n0*=cos.out(L0,·)
CRASH	w73:604	executor unavailable	n0*=sum.IntList_out(L0,·,·,·,·)
CRASH	w73:624	executor unavailable	n0*=pow.Tensor_Scalar_out(L0,·,·)
MISMATCH	w74:165	out[0] non-finite mismatch (nan/inf positions differ)	n0*=bitwise_left_shift.Tensor_out(L0,L1,·)
MISMATCH	w74:182	out[0] shape (0,) vs (0, 0, 0, 0, 0)	n0*=topk.values(L0,·,·,·,·,L1,L2)
SKIP	w74:184	executor ExecutorchInvalidArgumentException: [ExecuTorch Error 0x12] Invalid argument: Execution failed for method: forward	n0*=copy(L0,L1,·)
MISMATCH	w74:196	out[0] shape (1, 1) vs (0, 0, 0)	n0*=min.dim_min(L0,·,·,L1,L2)
MISMATCH	w74:197	out[0] non-finite mismatch (nan/inf positions differ)	n0*=logit(L0,·)
MISMATCH	w74:198	out[0] non-finite mismatch (nan/inf positions differ)	n0*=gelu.out(L0,·,·)
CRASH	w73:643	executor unavailable	n0*=reciprocal.out(L0,·)
SKIP	w74:220	executor ExecutorchInvalidArgumentException: [ExecuTorch Error 0x12] Invalid argument: Execution failed for method: forward	n0*=native_group_norm(L0,·,·,·,·,·,·,·)
SKIP	w74:23	executor ExecutorchRuntimeException: [ExecuTorch Error 0x14] Operator missing: Execution failed for method: forward	n0*=_fft_r2c(L0,·,·,·)
SKIP	w74:235	executor ExecutorchRuntimeException: [ExecuTorch Error 0x1] Internal error: Execution failed for method: forward	n0*=pixel_shuffle(L0,·)
SKIP	w74:251	executor ExecutorchRuntimeException: [ExecuTorch Error 0x14] Operator missing: Execution failed for method: forward	n0*=_fft_r2c(L0,·,·,·)
MISMATCH	w74:314	out[0] max|delta|=3.459e+18 (rtol=0.0 atol=0.0)	n0*=bitwise_left_shift.Tensor_Scalar(L0,·)
SKIP	w74:316	executor ExecutorchInvalidArgumentException: [ExecuTorch Error 0x12] Invalid argument: Execution failed for method: forward	n0*=scatter_add.out(L0,·,L1,L2,·)
SKIP	w74:322	executor ExecutorchInvalidArgumentException: [ExecuTorch Error 0x12] Invalid argument: Execution failed for method: forward	n0*=expand_copy(L0,·,·)
CRASH	w73:669	executor unavailable	n0*=log.out(L0,·)
MISMATCH	w74:336	out[0] max|delta|=7.000e+00 (rtol=0.0 atol=0.0)	n0*=remainder.Scalar_out(L0,·,·)
SKIP	w74:341	executor ExecutorchInvalidArgumentException: [ExecuTorch Error 0x12] Invalid argument: Execution failed for method: forward	n0*=arange.start_out(·,·,·,·)
CRASH	w73:695	executor unavailable	n0*=rsqrt.out(L0,·)
SKIP	w74:366	executor ExecutorchInvalidArgumentException: [ExecuTorch Error 0x12] Invalid argument: Execution failed for method: forward	n0*=native_group_norm(L0,·,·,·,·,·,·,·)
MISMATCH	w74:390	out[0] max|delta|=5.033e+07 (rtol=0.0 atol=0.0)	n0*=bitwise_left_shift.Tensor_Scalar_out(L0,·,·)
MISMATCH	w74:393	out[0] max|delta|=6.918e+18 (rtol=0.01 atol=0.001)	n0*=bitwise_left_shift.Tensor_out(L0,L1,·)
MISMATCH	w74:399	out[0] max|delta|=4.295e+09 (rtol=0.0 atol=0.0)	n0*=sum.IntList_out(L0,·,·,·,·)
MISMATCH	w74:400	out[0] non-finite mismatch (nan/inf positions differ)	n0*=logit.out(L0,·,·)
CRASH	w74:115	executor unavailable	n0*=select_copy.int(L0,·,·)
CRASH	w74:143	executor unavailable	n0*=asinh.out(L0,·)
CRASH	w74:151	executor unavailable	n0*=round.out(L0,·)
MISMATCH	w74:426	out[0] non-finite mismatch (nan/inf positions differ)	n0*=gelu.out(L0,·,·)
MISMATCH	w74:439	out[0] max|delta|=3.000e+00 (rtol=0.01 atol=0.001)	n0*=remainder.Tensor_out(L0,L1,·)
MISMATCH	w74:446	out[0] max|delta|=3.999e-01 (rtol=0.01 atol=0.001)	n0*=_native_batch_norm_legit.no_stats(L0,·,·,·,·,·)
SKIP	w74:448	executor ExecutorchInvalidArgumentException: [ExecuTorch Error 0x12] Invalid argument: Execution failed for method: forward	n0*=native_group_norm(L0,·,·,·,·,·,·,·)
CRASH	w74:191	executor unavailable	n0*=pow.Tensor_Scalar_out(L0,·,·)
SKIP	w74:479	executor ExecutorchRuntimeException: [ExecuTorch Error 0x14] Operator missing: Execution failed for method: forward	n0*=_fft_r2c(L0,·,·,·)
MISMATCH	w74:484	out[0] non-finite mismatch (nan/inf positions differ)	n0*=native_layer_norm(L0,·,·,·,·)
CRASH	w74:246	executor unavailable	n0*=any.dims_out(L0,·,·,·)
CRASH	w74:264	executor unavailable	n0*=t_copy(L0)
CRASH	w74:31	executor unavailable	n0*=slice_scatter(L0,L1,·,·,·,·)
SKIP	w74:50	executor ExecutorchRuntimeException: [ExecuTorch Error 0x1] Internal error: Execution failed for method: forward	n0*=_softmax.out(L0,·,·,·)
CRASH	w74:33	executor unavailable	n0*=pixel_unshuffle(L0,·)
CRASH	w74:339	executor unavailable	n0*=_adaptive_avg_pool2d(L0,·)
MISMATCH	w74:525	out[0] non-finite mismatch (nan/inf positions differ)	n0*=addmm.out(L0,L1,L2,·,·,·)
SKIP	w74:544	executor ExecutorchInvalidArgumentException: [ExecuTorch Error 0x12] Invalid argument: Execution failed for method: forward	n0*=scatter_add.out(L0,·,L1,L2,·)
CRASH	w74:36	executor unavailable	n0*=t_copy(L0)
SKIP	w74:569	executor ExecutorchInvalidArgumentException: [ExecuTorch Error 0x12] Invalid argument: Execution failed for method: forward	n0*=arange.start_out(·,·,·,·)
SKIP	w74:594	executor ExecutorchInvalidArgumentException: [ExecuTorch Error 0x12] Invalid argument: Execution failed for method: forward	n0*=native_group_norm(L0,·,·,·,·,·,·,·)
MISMATCH	w74:618	out[0] max|delta|=5.033e+07 (rtol=0.0 atol=0.0)	n0*=bitwise_left_shift.Tensor_Scalar_out(L0,·,·)
MISMATCH	w74:621	out[0] non-finite mismatch (nan/inf positions differ)	n0*=bitwise_left_shift.Tensor_out(L0,L1,·)
MISMATCH	w74:638	out[0] shape (1, 1, 1, 0, 1) vs (0, 0, 0, 0, 0)	n0*=topk.values(L0,·,·,·,·,L1,L2)
SKIP	w74:640	executor ExecutorchInvalidArgumentException: [ExecuTorch Error 0x12] Invalid argument: Execution failed for method: forward	n0*=copy(L0,L1,·)
MISMATCH	w74:654	out[0] non-finite mismatch (nan/inf positions differ)	n0*=gelu.out(L0,·,·)
MISMATCH	w74:667	out[0] max|delta|=4.000e+00 (rtol=0.0 atol=0.0)	n0*=remainder.Tensor_out(L0,L1,·)
SKIP	w74:676	executor ExecutorchInvalidArgumentException: [ExecuTorch Error 0x12] Invalid argument: Execution failed for method: forward	n0*=native_group_norm(L0,·,·,·,·,·,·,·)
SKIP	w74:679	executor ExecutorchInvalidArgumentException: [ExecuTorch Error 0x12] Invalid argument: Execution failed for method: forward	n0*=_pdist_forward(L0,·)
CRASH	w74:386	executor unavailable	n0*=sign.out(L0,·)
SKIP	w74:707	executor ExecutorchRuntimeException: [ExecuTorch Error 0x14] Operator missing: Execution failed for method: forward	n0*=_fft_r2c(L0,·,·,·)
CRASH	w74:412	executor unavailable	n0*=copy(L0,L1,·)
SKIP	w74:94	executor ExecutorchInvalidArgumentException: [ExecuTorch Error 0x12] Invalid argument: Execution failed for method: forward	n0*=expand_copy(L0,·,·)
CRASH	w74:485	executor unavailable	n0*=fill.Scalar(L0,·)
CRASH	w74:491	executor unavailable	n0*=repeat(L0,·)
MISMATCH	w75:133	out[0] max|delta|=8.000e+00 (rtol=0.0 atol=0.0)	n0*=remainder.Scalar(L0,·)
SKIP	w75:148	executor ExecutorchInvalidArgumentException: [ExecuTorch Error 0x12] Invalid argument: Execution failed for method: forward	n0*=expand_copy(L0,·,·)
SKIP	w75:167	executor ExecutorchInvalidArgumentException: [ExecuTorch Error 0x12] Invalid argument: Execution failed for method: forward	n0*=arange.start_out(·,·,·,·)
CRASH	w74:589	executor unavailable	n0*=convolution(L0,L1,·,·,·,·,·,·,·)
CRASH	w74:612	executor unavailable	n0*=index_select.out(L0,·,L1,·)
CRASH	w74:658	executor unavailable	n0*=reflection_pad2d(L0,·)
CRASH	w74:7	executor unavailable	n0*=pixel_shuffle(L0,·)
CRASH	w74:699	executor unavailable	n0*=max_pool2d_with_indices_backward.grad_input(L0,L1,·,·,·,·,·,L2,L3)
CRASH	w74:708	executor unavailable	n0*=ones.out(·,·)
SKIP	w75:192	executor ExecutorchInvalidArgumentException: [ExecuTorch Error 0x12] Invalid argument: Execution failed for method: forward	n0*=native_group_norm(L0,·,·,·,·,·,·,·)
CRASH	w74:743	executor unavailable	n0*=floor_divide(L0,L1)
MISMATCH	w75:216	out[0] max|delta|=4.612e+18 (rtol=0.01 atol=0.001)	n0*=bitwise_left_shift.Tensor_Scalar_out(L0,·,·)
CRASH	w74:758	executor unavailable	n0*=logical_and(L0,L1)
MISMATCH	w75:219	out[0] max|delta|=6.918e+18 (rtol=0.01 atol=0.001)	n0*=bitwise_left_shift.Tensor_out(L0,L1,·)
MISMATCH	w75:22	out[0] shape (1, 1) vs (0, 0, 0)	n0*=min.dim_min(L0,·,·,L1,L2)
SKIP	w75:238	executor ExecutorchInvalidArgumentException: [ExecuTorch Error 0x12] Invalid argument: Execution failed for method: forward	n0*=copy(L0,L1,·)
MISMATCH	w75:24	out[0] non-finite mismatch (nan/inf positions differ)	n0*=gelu.out(L0,·,·)
MISMATCH	w75:252	out[0] non-finite mismatch (nan/inf positions differ)	n0*=gelu.out(L0,·,·)
MISMATCH	w75:265	out[0] max|delta|=4.000e+00 (rtol=0.0 atol=0.0)	n0*=remainder.Tensor_out(L0,L1,·)
SKIP	w75:274	executor ExecutorchInvalidArgumentException: [ExecuTorch Error 0x12] Invalid argument: Execution failed for method: forward	n0*=native_group_norm(L0,·,·,·,·,·,·,·)
SKIP	w75:277	executor ExecutorchInvalidArgumentException: [ExecuTorch Error 0x12] Invalid argument: Execution failed for method: forward	n0*=_pdist_forward(L0,·)
MISMATCH	w75:290	out[0] non-finite mismatch (nan/inf positions differ)	n0*=log.out(L0,·)
CRASH	w74:82	executor unavailable	n0*=pow.Tensor_Tensor_out(L0,L1,·)
SKIP	w75:3	executor ExecutorchInvalidArgumentException: [ExecuTorch Error 0x12] Invalid argument: Execution failed for method: forward	n0*=scatter.src_out(L0,·,L1,L2,·)
SKIP	w75:305	executor ExecutorchRuntimeException: [ExecuTorch Error 0x14] Operator missing: Execution failed for method: forward	n0*=_fft_r2c(L0,·,·,·)
MISMATCH	w75:368	out[0] max|delta|=9.223e+18 (rtol=0.0 atol=0.0)	n0*=bitwise_left_shift.Tensor_Scalar(L0,·)
CRASH	w75:352	executor process died (native abort)	n0*=unfold_copy(L0,·,·,·)
CRASH	w75:111	executor unavailable	n0*=min.unary_out(L0,·)
SKIP	w75:395	executor ExecutorchInvalidArgumentException: [ExecuTorch Error 0x12] Invalid argument: Execution failed for method: forward	n0*=arange.start_out(·,·,·,·)
MISMATCH	w75:412	out[0] non-finite mismatch (nan/inf positions differ)	n0*=grid_sampler_2d(L0,L1,·,·,·)
SKIP	w75:415	executor ExecutorchInvalidArgumentException: [ExecuTorch Error 0x12] Invalid argument: Execution failed for method: forward	n0*=convolution(L0,L1,·,·,·,·,·,·,·)
SKIP	w75:420	executor ExecutorchInvalidArgumentException: [ExecuTorch Error 0x12] Invalid argument: Execution failed for method: forward	n0*=native_group_norm(L0,·,·,·,·,·,·,·)
MISMATCH	w75:447	out[0] max|delta|=1.611e+09 (rtol=0.0 atol=0.0)	n0*=bitwise_left_shift.Tensor_out(L0,L1,·)
SKIP	w75:46	executor ExecutorchInvalidArgumentException: [ExecuTorch Error 0x12] Invalid argument: Execution failed for method: forward	n0*=native_group_norm(L0,·,·,·,·,·,·,·)
MISMATCH	w75:478	out[0] shape () vs (0, 0, 0, 0, 0)	n0*=min.dim_min(L0,·,·,L1,L2)
CRASH	w75:162	executor unavailable	n0*=remainder.Scalar_out(L0,·,·)
CRASH	w75:17	executor unavailable	n0*=pow.Tensor_Scalar_out(L0,·,·)
MISMATCH	w75:480	out[0] non-finite mismatch (nan/inf positions differ)	n0*=gelu.out(L0,·,·)
SKIP	w75:502	executor ExecutorchInvalidArgumentException: [ExecuTorch Error 0x12] Invalid argument: Execution failed for method: forward	n0*=native_group_norm(L0,·,·,·,·,·,·,·)
CRASH	w75:244	executor unavailable	n0*=squeeze_copy.dim(L0,·)
CRASH	w75:260	executor unavailable	n0*=bitwise_or.Scalar(L0,·)
CRASH	w75:318	executor unavailable	n0*=t_copy(L0)
CRASH	w75:324	executor unavailable	n0*=leaky_relu.out(L0,·,·)
CRASH	w75:335	executor unavailable	n0*=unbind_copy.int(L0,·)
CRASH	w75:376	executor unavailable	n0*=expand_copy(L0,·,·)
MISMATCH	w75:589	out[0] max|delta|=4.000e+00 (rtol=0.0 atol=0.0)	n0*=remainder.Scalar(L0,·)
CRASH	w75:414	executor unavailable	n0*=logical_not.out(L0,·)
SKIP	w75:533	executor ExecutorchRuntimeException: [ExecuTorch Error 0x14] Operator missing: Execution failed for method: forward	n0*=_fft_r2c(L0,·,·,·)
MISMATCH	w75:62	out[0] non-finite mismatch (nan/inf positions differ)	n0*=log.out(L0,·)
SKIP	w75:623	executor ExecutorchInvalidArgumentException: [ExecuTorch Error 0x12] Invalid argument: Execution failed for method: forward	n0*=arange.start_out(·,·,·,·)
CRASH	w75:426	executor unavailable	n0*=lt.Scalar_out(L0,·,·)
MISMATCH	w75:640	out[0] non-finite mismatch (nan/inf positions differ)	n0*=grid_sampler_2d(L0,L1,·,·,·)
SKIP	w75:648	executor ExecutorchInvalidArgumentException: [ExecuTorch Error 0x12] Invalid argument: Execution failed for method: forward	n0*=native_group_norm(L0,·,·,·,·,·,·,·)
MISMATCH	w75:675	out[0] non-finite mismatch (nan/inf positions differ)	n0*=bitwise_left_shift.Tensor_out(L0,L1,·)
MISMATCH	w75:682	out[0] non-finite mismatch (nan/inf positions differ)	n0*=logit.out(L0,·,·)
SKIP	w75:694	executor ExecutorchInvalidArgumentException: [ExecuTorch Error 0x12] Invalid argument: Execution failed for method: forward	n0*=copy(L0,L1,·)
SKIP	w75:604	executor ExecutorchInvalidArgumentException: [ExecuTorch Error 0x12] Invalid argument: Execution failed for method: forward	n0*=expand_copy(L0,·,·)
SKIP	w75:730	executor ExecutorchInvalidArgumentException: [ExecuTorch Error 0x12] Invalid argument: Execution failed for method: forward	n0*=native_group_norm(L0,·,·,·,·,·,·,·)
SKIP	w75:733	executor ExecutorchInvalidArgumentException: [ExecuTorch Error 0x12] Invalid argument: Execution failed for method: forward	n0*=_pdist_forward(L0,·)
MISMATCH	w75:746	out[0] non-finite mismatch (nan/inf positions differ)	n0*=log.out(L0,·)
SKIP	w75:761	executor ExecutorchRuntimeException: [ExecuTorch Error 0x14] Operator missing: Execution failed for method: forward	n0*=_fft_r2c(L0,·,·,·)
SKIP	w75:77	executor ExecutorchRuntimeException: [ExecuTorch Error 0x14] Operator missing: Execution failed for method: forward	n0*=_fft_r2c(L0,·,·,·)
MISMATCH	w75:8	out[0] shape (1, 1, 0, 1) vs (0, 0, 0, 0, 0)	n0*=topk.values(L0,·,·,·,·,L1,L2)
SKIP	w76:0	executor ExecutorchInvalidArgumentException: [ExecuTorch Error 0x12] Invalid argument: Execution failed for method: forward	n0*=copy(L0,L1,·)
MISMATCH	w76:130	out[0] max|delta|=5.765e+17 (rtol=0.0 atol=0.0)	n0*=bitwise_left_shift.Tensor_Scalar(L0,·)
MISMATCH	w76:14	out[0] non-finite mismatch (nan/inf positions differ)	n0*=gelu.out(L0,·,·)
MISMATCH	w76:152	out[0] max|delta|=2.000e+00 (rtol=0.0 atol=0.0)	n0*=remainder.Scalar_out(L0,·,·)
CRASH	w75:470	executor unavailable	n0*=isinf(L0)
SKIP	w76:157	executor ExecutorchInvalidArgumentException: [ExecuTorch Error 0x12] Invalid argument: Execution failed for method: forward	n0*=arange.start_out(·,·,·,·)
CRASH	w75:479	executor unavailable	n0*=logit(L0,·)
SKIP	w76:182	executor ExecutorchInvalidArgumentException: [ExecuTorch Error 0x12] Invalid argument: Execution failed for method: forward	n0*=native_group_norm(L0,·,·,·,·,·,·,·)
MISMATCH	w76:209	out[0] max|delta|=6.918e+18 (rtol=0.0 atol=0.0)	n0*=bitwise_left_shift.Tensor_out(L0,L1,·)
SKIP	w76:221	executor ExecutorchInvalidArgumentException: [ExecuTorch Error 0x12] Invalid argument: Execution failed for method: forward	n0*=scatter.src_out(L0,·,L1,L2,·)
SKIP	w76:228	executor ExecutorchInvalidArgumentException: [ExecuTorch Error 0x12] Invalid argument: Execution failed for method: forward	n0*=copy(L0,L1,·)
MISMATCH	w76:242	out[0] non-finite mismatch (nan/inf positions differ)	n0*=gelu.out(L0,·,·)
MISMATCH	w76:255	out[0] max|delta|=4.000e+00 (rtol=0.0 atol=0.0)	n0*=remainder.Tensor_out(L0,L1,·)
MISMATCH	w76:257	out[0] shape (1,) vs (0, 0, 0, 0, 0)	n0*=max.dim_max(L0,·,·,L1,L2)
SKIP	w76:264	executor ExecutorchInvalidArgumentException: [ExecuTorch Error 0x12] Invalid argument: Execution failed for method: forward	n0*=native_group_norm(L0,·,·,·,·,·,·,·)
SKIP	w76:267	executor ExecutorchInvalidArgumentException: [ExecuTorch Error 0x12] Invalid argument: Execution failed for method: forward	n0*=_pdist_forward(L0,·)
CRASH	w75:515	executor unavailable	n0*=mul.Scalar(L0,·)
CRASH	w75:528	executor unavailable	n0*=any.dims_out(L0,·,·,·)
SKIP	w76:295	executor ExecutorchRuntimeException: [ExecuTorch Error 0x14] Operator missing: Execution failed for method: forward	n0*=_fft_r2c(L0,·,·,·)
CRASH	w75:66	executor unavailable	n0*=tan.out(L0,·)
CRASH	w75:679	executor unavailable	n0*=abs.out(L0,·)
CRASH	w75:763	executor unavailable	n0*=erf.out(L0,·)
MISMATCH	w76:358	out[0] max|delta|=9.223e+18 (rtol=0.0 atol=0.0)	n0*=bitwise_left_shift.Tensor_Scalar(L0,·)
SKIP	w76:36	executor ExecutorchInvalidArgumentException: [ExecuTorch Error 0x12] Invalid argument: Execution failed for method: forward	n0*=native_group_norm(L0,·,·,·,·,·,·,·)
SKIP	w76:366	executor ExecutorchInvalidArgumentException: [ExecuTorch Error 0x12] Invalid argument: Execution failed for method: forward	n0*=expand_copy(L0,·,·)
CRASH	w76:124	executor unavailable	n0*=transpose_copy.int(L0,·,·)
CRASH	w76:13	executor unavailable	n0*=logit(L0,·)
SKIP	w76:385	executor ExecutorchInvalidArgumentException: [ExecuTorch Error 0x12] Invalid argument: Execution failed for method: forward	n0*=arange.start_out(·,·,·,·)
SKIP	w76:39	executor ExecutorchInvalidArgumentException: [ExecuTorch Error 0x12] Invalid argument: Execution failed for method: forward	n0*=_pdist_forward(L0,·)
CRASH	w76:170	executor unavailable	n0*=replication_pad3d.out(L0,·,·)
SKIP	w76:410	executor ExecutorchInvalidArgumentException: [ExecuTorch Error 0x12] Invalid argument: Execution failed for method: forward	n0*=native_group_norm(L0,·,·,·,·,·,·,·)
CRASH	w76:195	executor unavailable	n0*=round.out(L0,·)
MISMATCH	w76:434	out[0] max|delta|=1.441e+17 (rtol=0.01 atol=0.001)	n0*=bitwise_left_shift.Tensor_Scalar_out(L0,·,·)
MISMATCH	w76:444	out[0] non-finite mismatch (nan/inf positions differ)	n0*=logit.out(L0,·,·)
MISMATCH	w76:468	out[0] shape () vs (0, 0, 0)	n0*=min.dim_min(L0,·,·,L1,L2)
CRASH	w76:226	executor unavailable	n0*=topk.values(L0,·,·,·,·,L1,L2)
SKIP	w76:51	executor ExecutorchRuntimeException: [ExecuTorch Error 0x1] Internal error: Execution failed for method: forward	n0*=pixel_shuffle(L0,·)
MISMATCH	w76:52	out[0] non-finite mismatch (nan/inf positions differ)	n0*=log.out(L0,·)
SKIP	w76:523	executor ExecutorchRuntimeException: [ExecuTorch Error 0x14] Operator missing: Execution failed for method: forward	n0*=_fft_r2c(L0,·,·,·)
CRASH	w76:261	executor unavailable	n0*=div.Scalar(L0,·)
SKIP	w76:550	executor ExecutorchRuntimeException: [ExecuTorch Error 0x1] Internal error: Execution failed for method: forward	n0*=_softmax.out(L0,·,·,·)
MISMATCH	w76:586	out[0] max|delta|=1.441e+17 (rtol=0.0 atol=0.0)	n0*=bitwise_left_shift.Tensor_Scalar(L0,·)
SKIP	w76:495	executor ExecutorchInvalidArgumentException: [ExecuTorch Error 0x12] Invalid argument: Execution failed for method: forward	n0*=_pdist_forward(L0,·)
SKIP	w76:594	executor ExecutorchInvalidArgumentException: [ExecuTorch Error 0x12] Invalid argument: Execution failed for method: forward	n0*=expand_copy(L0,·,·)
SKIP	w76:613	executor ExecutorchInvalidArgumentException: [ExecuTorch Error 0x12] Invalid argument: Execution failed for method: forward	n0*=arange.start_out(·,·,·,·)
SKIP	w76:638	executor ExecutorchInvalidArgumentException: [ExecuTorch Error 0x12] Invalid argument: Execution failed for method: forward	n0*=native_group_norm(L0,·,·,·,·,·,·,·)
CRASH	w76:298	executor unavailable	n0*=logical_and.out(L0,L1,·)
CRASH	w76:59	executor process died (native abort)	n0*=max_pool2d_with_indices_backward.grad_input(L0,L1,·,·,·,·,·,L2,L3)
MISMATCH	w76:665	out[0] max|delta|=6.918e+18 (rtol=0.01 atol=0.001)	n0*=bitwise_left_shift.Tensor_out(L0,L1,·)
SKIP	w76:67	executor ExecutorchRuntimeException: [ExecuTorch Error 0x14] Operator missing: Execution failed for method: forward	n0*=_fft_r2c(L0,·,·,·)
CRASH	w76:337	executor unavailable	n0*=bitwise_and.Scalar_out(L0,·,·)
CRASH	w76:35	executor unavailable	n0*=ne.Scalar_out(L0,·,·)
SKIP	w76:720	executor ExecutorchInvalidArgumentException: [ExecuTorch Error 0x12] Invalid argument: Execution failed for method: forward	n0*=native_group_norm(L0,·,·,·,·,·,·,·)
SKIP	w76:723	executor ExecutorchInvalidArgumentException: [ExecuTorch Error 0x12] Invalid argument: Execution failed for method: forward	n0*=_pdist_forward(L0,·)
MISMATCH	w76:736	out[0] non-finite mismatch (nan/inf positions differ)	n0*=log.out(L0,·)
SKIP	w76:751	executor ExecutorchRuntimeException: [ExecuTorch Error 0x14] Operator missing: Execution failed for method: forward	n0*=_fft_r2c(L0,·,·,·)
SKIP	w76:778	executor ExecutorchRuntimeException: [ExecuTorch Error 0x1] Internal error: Execution failed for method: forward	n0*=_softmax.out(L0,·,·,·)
CRASH	w76:462	executor unavailable	n0*=squeeze_copy.dim(L0,·)
CRASH	w76:467	executor unavailable	n0*=zeros.out(·,·)
CRASH	w76:508	executor unavailable	n0*=log.out(L0,·)
CRASH	w76:515	executor unavailable	n0*=max_pool2d_with_indices_backward.grad_input(L0,L1,·,·,·,·,·,L2,L3)
MISMATCH	w77:156	out[0] max|delta|=1.153e+18 (rtol=0.0 atol=0.0)	n0*=bitwise_left_shift.Tensor_Scalar(L0,·)
CRASH	w76:580	executor unavailable	n0*=transpose_copy.int(L0,·,·)
SKIP	w77:158	executor ExecutorchInvalidArgumentException: [ExecuTorch Error 0x12] Invalid argument: Execution failed for method: forward	n0*=scatter_add.out(L0,·,L1,L2,·)
SKIP	w77:164	executor ExecutorchInvalidArgumentException: [ExecuTorch Error 0x12] Invalid argument: Execution failed for method: forward	n0*=expand_copy(L0,·,·)
SKIP	w77:183	executor ExecutorchInvalidArgumentException: [ExecuTorch Error 0x12] Invalid argument: Execution failed for method: forward	n0*=arange.start_out(·,·,·,·)
SKIP	w77:208	executor ExecutorchInvalidArgumentException: [ExecuTorch Error 0x12] Invalid argument: Execution failed for method: forward	n0*=native_group_norm(L0,·,·,·,·,·,·,·)
MISMATCH	w77:232	out[0] max|delta|=5.033e+07 (rtol=0.0 atol=0.0)	n0*=bitwise_left_shift.Tensor_Scalar_out(L0,·,·)
CRASH	w76:637	executor unavailable	n0*=ne.Tensor_out(L0,L1,·)
SKIP	w77:254	executor ExecutorchInvalidArgumentException: [ExecuTorch Error 0x12] Invalid argument: Execution failed for method: forward	n0*=copy(L0,L1,·)
MISMATCH	w77:268	out[0] non-finite mismatch (nan/inf positions differ)	n0*=gelu.out(L0,·,·)
MISMATCH	w77:252	out[0] shape (0,) vs (0, 0, 0, 0, 0)	n0*=topk.values(L0,·,·,·,·,L1,L2)
MISMATCH	w77:288	out[0] max|delta|=3.999e-01 (rtol=0.01 atol=0.001)	n0*=_native_batch_norm_legit.no_stats(L0,·,·,·,·,·)
SKIP	w77:290	executor ExecutorchInvalidArgumentException: [ExecuTorch Error 0x12] Invalid argument: Execution failed for method: forward	n0*=native_group_norm(L0,·,·,·,·,·,·,·)
MISMATCH	w77:306	out[0] non-finite mismatch (nan/inf positions differ)	n0*=log.out(L0,·)
SKIP	w77:305	executor ExecutorchRuntimeException: [ExecuTorch Error 0x1] Internal error: Execution failed for method: forward	n0*=pixel_shuffle(L0,·)
SKIP	w77:321	executor ExecutorchRuntimeException: [ExecuTorch Error 0x14] Operator missing: Execution failed for method: forward	n0*=_fft_r2c(L0,·,·,·)
CRASH	w76:697	executor unavailable	n0*=logit(L0,·)
MISMATCH	w77:38	out[0] shape (1,) vs (0,)	n0*=min.dim_min(L0,·,·,L1,L2)
MISMATCH	w77:384	out[0] max|delta|=4.612e+18 (rtol=0.0 atol=0.0)	n0*=bitwise_left_shift.Tensor_Scalar(L0,·)
CRASH	w76:73	executor unavailable	n0*=fill.Scalar(L0,·)
SKIP	w77:392	executor ExecutorchInvalidArgumentException: [ExecuTorch Error 0x12] Invalid argument: Execution failed for method: forward	n0*=expand_copy(L0,·,·)
MISMATCH	w77:40	out[0] non-finite mismatch (nan/inf positions differ)	n0*=gelu.out(L0,·,·)
CRASH	w76:763	executor unavailable	n0*=repeat(L0,·)
CRASH	w76:768	executor unavailable	n0*=ceil.out(L0,·)
SKIP	w77:411	executor ExecutorchInvalidArgumentException: [ExecuTorch Error 0x12] Invalid argument: Execution failed for method: forward	n0*=arange.start_out(·,·,·,·)
SKIP	w77:436	executor ExecutorchInvalidArgumentException: [ExecuTorch Error 0x12] Invalid argument: Execution failed for method: forward	n0*=native_group_norm(L0,·,·,·,·,·,·,·)
CRASH	w77:105	executor unavailable	n0*=repeat(L0,·)
MISMATCH	w77:463	out[0] max|delta|=1.611e+09 (rtol=0.0 atol=0.0)	n0*=bitwise_left_shift.Tensor_out(L0,L1,·)
MISMATCH	w77:496	out[0] non-finite mismatch (nan/inf positions differ)	n0*=gelu.out(L0,·,·)
MISMATCH	w77:509	out[0] max|delta|=4.000e+00 (rtol=0.0 atol=0.0)	n0*=remainder.Tensor_out(L0,L1,·)
SKIP	w77:518	executor ExecutorchInvalidArgumentException: [ExecuTorch Error 0x12] Invalid argument: Execution failed for method: forward	n0*=native_group_norm(L0,·,·,·,·,·,·,·)
SKIP	w77:521	executor ExecutorchInvalidArgumentException: [ExecuTorch Error 0x12] Invalid argument: Execution failed for method: forward	n0*=_pdist_forward(L0,·)
CRASH	w77:14	executor unavailable	n0*=logit.out(L0,·,·)
MISMATCH	w77:54	out[0] max|delta|=4.000e+00 (rtol=0.0 atol=0.0)	n0*=fmod.Scalar(L0,·)
SKIP	w77:549	executor ExecutorchRuntimeException: [ExecuTorch Error 0x14] Operator missing: Execution failed for method: forward	n0*=_fft_r2c(L0,·,·,·)
MISMATCH	w77:612	out[0] max|delta|=4.612e+18 (rtol=0.0 atol=0.0)	n0*=bitwise_left_shift.Tensor_Scalar(L0,·)
CRASH	w77:299	executor unavailable	n0*=fmod.Tensor_out(L0,L1,·)
CRASH	w77:328	executor unavailable	n0*=mean.out(L0,·,·,·,·)
CRASH	w77:351	executor unavailable	n0*=unbind_copy.int(L0,·)
CRASH	w77:366	executor unavailable	n0*=neg.out(L0,·)
CRASH	w77:386	executor unavailable	n0*=scatter_add.out(L0,·,L1,L2,·)
SKIP	w77:62	executor ExecutorchInvalidArgumentException: [ExecuTorch Error 0x12] Invalid argument: Execution failed for method: forward	n0*=native_group_norm(L0,·,·,·,·,·,·,·)
CRASH	w77:410	executor unavailable	n0*=amax.out(L0,·,·,·)
SKIP	w77:639	executor ExecutorchInvalidArgumentException: [ExecuTorch Error 0x12] Invalid argument: Execution failed for method: forward	n0*=arange.start_out(·,·,·,·)
MISMATCH	w77:656	out[0] non-finite mismatch (nan/inf positions differ)	n0*=grid_sampler_2d(L0,L1,·,·,·)
SKIP	w77:664	executor ExecutorchInvalidArgumentException: [ExecuTorch Error 0x12] Invalid argument: Execution failed for method: forward	n0*=native_group_norm(L0,·,·,·,·,·,·,·)
MISMATCH	w77:691	out[0] max|delta|=1.611e+09 (rtol=0.0 atol=0.0)	n0*=bitwise_left_shift.Tensor_out(L0,L1,·)
MISMATCH	w77:708	out[0] shape (0, 0, 0, 0) vs (0, 0, 0, 0, 0)	n0*=topk.values(L0,·,·,·,·,L1,L2)
CRASH	w77:44	executor unavailable	n0*=reflection_pad2d(L0,·)
MISMATCH	w77:724	out[0] non-finite mismatch (nan/inf positions differ)	n0*=gelu.out(L0,·,·)
SKIP	w77:746	executor ExecutorchInvalidArgumentException: [ExecuTorch Error 0x12] Invalid argument: Execution failed for method: forward	n0*=native_group_norm(L0,·,·,·,·,·,·,·)
SKIP	w77:749	executor ExecutorchInvalidArgumentException: [ExecuTorch Error 0x12] Invalid argument: Execution failed for method: forward	n0*=_pdist_forward(L0,·)
CRASH	w77:472	executor unavailable	n0*=diagonal_copy(L0,·,·,·)
MISMATCH	w77:7	out[0] max|delta|=1.611e+09 (rtol=0.0 atol=0.0)	n0*=bitwise_left_shift.Tensor_out(L0,L1,·)
SKIP	w77:777	executor ExecutorchRuntimeException: [ExecuTorch Error 0x14] Operator missing: Execution failed for method: forward	n0*=_fft_r2c(L0,·,·,·)
SKIP	w77:93	executor ExecutorchRuntimeException: [ExecuTorch Error 0x14] Operator missing: Execution failed for method: forward	n0*=_fft_r2c(L0,·,·,·)
CRASH	w77:511	executor unavailable	n0*=max.dim_max(L0,·,·,L1,L2)
SKIP	w78:104	executor ExecutorchRuntimeException: [ExecuTorch Error 0x1] Internal error: Execution failed for method: forward	n0*=pixel_shuffle(L0,·)
MISMATCH	w78:105	out[0] non-finite mismatch (nan/inf positions differ)	n0*=log.out(L0,·)
SKIP	w78:120	executor ExecutorchRuntimeException: [ExecuTorch Error 0x14] Operator missing: Execution failed for method: forward	n0*=_fft_r2c(L0,·,·,·)
SKIP	w78:191	executor ExecutorchInvalidArgumentException: [ExecuTorch Error 0x12] Invalid argument: Execution failed for method: forward	n0*=expand_copy(L0,·,·)
CRASH	w77:564	executor unavailable	n0*=logical_xor.out(L0,L1,·)
MISMATCH	w78:262	out[0] max|delta|=1.611e+09 (rtol=0.0 atol=0.0)	n0*=bitwise_left_shift.Tensor_out(L0,L1,·)
SKIP	w78:282	executor ExecutorchInvalidArgumentException: [ExecuTorch Error 0x12] Invalid argument: Execution failed for method: forward	n0*=stack(·,·)
SKIP	w78:281	executor ExecutorchInvalidArgumentException: [ExecuTorch Error 0x12] Invalid argument: Execution failed for method: forward	n0*=copy(L0,L1,·)
MISMATCH	w78:295	out[0] non-finite mismatch (nan/inf positions differ)	n0*=gelu.out(L0,·,·)
MISMATCH	w78:226	out[0] max|delta|=2.550e+02 (rtol=0.0 atol=0.0)	n0*=prod.int_out(L0,·,·,·,·)
CRASH	w77:600	executor unavailable	n0*=logical_and(L0,L1)
SKIP	w78:317	executor ExecutorchInvalidArgumentException: [ExecuTorch Error 0x12] Invalid argument: Execution failed for method: forward	n0*=native_group_norm(L0,·,·,·,·,·,·,·)
MISMATCH	w78:34	out[0] max|delta|=1.611e+09 (rtol=0.01 atol=0.001)	n0*=bitwise_left_shift.Tensor_out(L0,L1,·)
SKIP	w78:348	executor ExecutorchRuntimeException: [ExecuTorch Error 0x14] Operator missing: Execution failed for method: forward	n0*=_fft_r2c(L0,·,·,·)
CRASH	w77:619	executor unavailable	n0*=constant_pad_nd(L0,·,·)
CRASH	w78:340	executor process died (native abort)	n0*=max_pool2d_with_indices_backward.grad_input(L0,L1,·,·,·,·,·,L2,L3)
MISMATCH	w78:394	out[0] non-finite mismatch (nan/inf positions differ)	n0*=addmm.out(L0,L1,L2,·,·,·)
SKIP	w78:438	executor ExecutorchInvalidArgumentException: [ExecuTorch Error 0x12] Invalid argument: Execution failed for method: forward	n0*=arange.start_out(·,·,·,·)
SKIP	w78:463	executor ExecutorchInvalidArgumentException: [ExecuTorch Error 0x12] Invalid argument: Execution failed for method: forward	n0*=native_group_norm(L0,·,·,·,·,·,·,·)
MISMATCH	w78:487	out[0] max|delta|=2.162e+17 (rtol=0.0 atol=0.0)	n0*=bitwise_left_shift.Tensor_Scalar_out(L0,·,·)
CRASH	w78:144	executor unavailable	n0*=bitwise_right_shift.Tensor_Scalar(L0,·)
CRASH	w78:158	executor unavailable	n0*=ge.Scalar_out(L0,·,·)
CRASH	w78:228	executor unavailable	n0*=le.Tensor_out(L0,L1,·)
CRASH	w78:267	executor unavailable	n0*=index_put(L0,·,L1,·)
MISMATCH	w78:490	out[0] max|delta|=1.611e+09 (rtol=0.0 atol=0.0)	n0*=bitwise_left_shift.Tensor_out(L0,L1,·)
MISMATCH	w78:507	out[0] shape (0, 0, 0, 0) vs (0, 0, 0, 0, 0)	n0*=topk.values(L0,·,·,·,·,L1,L2)
CRASH	w78:314	executor unavailable	n0*=div.Scalar(L0,·)
MISMATCH	w78:51	out[0] shape (0, 0, 0, 0) vs (0, 0, 0, 0, 0)	n0*=topk.values(L0,·,·,·,·,L1,L2)
SKIP	w78:509	executor ExecutorchInvalidArgumentException: [ExecuTorch Error 0x12] Invalid argument: Execution failed for method: forward	n0*=copy(L0,L1,·)
CRASH	w78:335	executor unavailable	n0*=isnan(L0)
SKIP	w78:545	executor ExecutorchInvalidArgumentException: [ExecuTorch Error 0x12] Invalid argument: Execution failed for method: forward	n0*=native_group_norm(L0,·,·,·,·,·,·,·)
CRASH	w78:372	executor unavailable	n0*=bitwise_right_shift.Tensor_Scalar(L0,·)
MISMATCH	w78:561	out[0] non-finite mismatch (nan/inf positions differ)	n0*=log.out(L0,·)
CRASH	w78:391	executor unavailable	n0*=_log_softmax.out(L0,·,·,·)
SKIP	w78:576	executor ExecutorchRuntimeException: [ExecuTorch Error 0x14] Operator missing: Execution failed for method: forward	n0*=_fft_r2c(L0,·,·,·)
SKIP	w78:548	executor ExecutorchInvalidArgumentException: [ExecuTorch Error 0x12] Invalid argument: Execution failed for method: forward	n0*=_pdist_forward(L0,·)
CRASH	w78:409	executor unavailable	n0*=sqrt.out(L0,·)
MISMATCH	w78:622	out[0] non-finite mismatch (nan/inf positions differ)	n0*=addmm.out(L0,L1,L2,·,·,·)
MISMATCH	w78:645	out[0] max|delta|=1.600e+01 (rtol=0.0 atol=0.0)	n0*=bitwise_right_shift.Tensor_Scalar_out(L0,·,·)
SKIP	w78:647	executor ExecutorchInvalidArgumentException: [ExecuTorch Error 0x12] Invalid argument: Execution failed for method: forward	n0*=expand_copy(L0,·,·)
MISMATCH	w78:65	out[0] shape (1,) vs (0, 0, 0, 0, 0)	n0*=min.dim_min(L0,·,·,L1,L2)
MISMATCH	w78:657	out[0] non-finite mismatch (nan/inf positions differ)	n0*=native_layer_norm(L0,·,·,·,·)
MISMATCH	w78:67	out[0] non-finite mismatch (nan/inf positions differ)	n0*=gelu.out(L0,·,·)
CRASH	w78:451	executor unavailable	n0*=replication_pad3d.out(L0,·,·)
MISMATCH	w78:7	out[0] non-finite mismatch (nan/inf positions differ)	n0*=native_group_norm(L0,·,·,·,·,·,·,·)
CRASH	w78:489	executor unavailable	n0*=bitwise_xor.Scalar_out(L0,·,·)
CRASH	w78:488	executor unavailable	n0*=maximum.out(L0,L1,·)
MISMATCH	w78:715	out[0] max|delta|=9.223e+18 (rtol=0.01 atol=0.001)	n0*=bitwise_left_shift.Tensor_Scalar_out(L0,·,·)
MISMATCH	w78:718	out[0] max|delta|=6.918e+18 (rtol=0.01 atol=0.001)	n0*=bitwise_left_shift.Tensor_out(L0,L1,·)
SKIP	w78:737	executor ExecutorchInvalidArgumentException: [ExecuTorch Error 0x12] Invalid argument: Execution failed for method: forward	n0*=copy(L0,L1,·)
MISMATCH	w78:750	out[0] non-finite mismatch (nan/inf positions differ)	n0*=logit(L0,·)
MISMATCH	w78:751	out[0] non-finite mismatch (nan/inf positions differ)	n0*=gelu.out(L0,·,·)
MISMATCH	w78:771	out[0] non-finite mismatch (nan/inf positions differ)	n0*=_native_batch_norm_legit.no_stats(L0,·,·,·,·,·)
SKIP	w78:773	executor ExecutorchInvalidArgumentException: [ExecuTorch Error 0x12] Invalid argument: Execution failed for method: forward	n0*=native_group_norm(L0,·,·,·,·,·,·,·)
SKIP	w78:89	executor ExecutorchInvalidArgumentException: [ExecuTorch Error 0x12] Invalid argument: Execution failed for method: forward	n0*=native_group_norm(L0,·,·,·,·,·,·,·)
SKIP	w78:92	executor ExecutorchInvalidArgumentException: [ExecuTorch Error 0x12] Invalid argument: Execution failed for method: forward	n0*=_pdist_forward(L0,·)
MISMATCH	w79:12	out[0] max|delta|=9.223e+18 (rtol=0.01 atol=0.001)	n0*=bitwise_left_shift.Tensor_out(L0,L1,·)
MISMATCH	w79:161	out[0] max|delta|=1.441e+17 (rtol=0.0 atol=0.0)	n0*=bitwise_left_shift.Tensor_Scalar(L0,·)
MISMATCH	w79:18	out[0] max|delta|=1.000e+00 (rtol=0.0 atol=0.0)	n0*=sum.IntList_out(L0,·,·,·,·)
SKIP	w79:188	executor ExecutorchInvalidArgumentException: [ExecuTorch Error 0x12] Invalid argument: Execution failed for method: forward	n0*=arange.start_out(·,·,·,·)
SKIP	w79:189	executor ExecutorchInvalidArgumentException: [ExecuTorch Error 0x12] Invalid argument: Execution failed for method: forward	n0*=gather.out(L0,·,L1,·,·)
SKIP	w79:213	executor ExecutorchInvalidArgumentException: [ExecuTorch Error 0x12] Invalid argument: Execution failed for method: forward	n0*=native_group_norm(L0,·,·,·,·,·,·,·)
MISMATCH	w79:237	out[0] max|delta|=2.882e+17 (rtol=0.01 atol=0.001)	n0*=bitwise_left_shift.Tensor_Scalar_out(L0,·,·)
MISMATCH	w79:240	out[0] non-finite mismatch (nan/inf positions differ)	n0*=bitwise_left_shift.Tensor_out(L0,L1,·)
MISMATCH	w79:247	out[0] non-finite mismatch (nan/inf positions differ)	n0*=logit.out(L0,·,·)
CRASH	w78:58	executor unavailable	n0*=fmod.Scalar_out(L0,·,·)
CRASH	w78:677	executor unavailable	n0*=eq.Scalar_out(L0,·,·)
CRASH	w78:685	executor unavailable	n0*=logical_not.out(L0,·)
SKIP	w79:259	executor ExecutorchInvalidArgumentException: [ExecuTorch Error 0x12] Invalid argument: Execution failed for method: forward	n0*=copy(L0,L1,·)
CRASH	w78:755	executor unavailable	n0*=reflection_pad2d(L0,·)
CRASH	w78:98	executor unavailable	n0*=fmod.Tensor_out(L0,L1,·)
CRASH	w79:119	executor unavailable	n0*=clamp.out(L0,·,·,·)
CRASH	w79:126	executor unavailable	n0*=masked_scatter(L0,L1,L2)
CRASH	w79:128	executor unavailable	n0*=unbind_copy.int(L0,·)
MISMATCH	w79:29	out[0] shape (0, 0, 0) vs (0, 0, 0, 0, 0)	n0*=topk.values(L0,·,·,·,·,L1,L2)
SKIP	w79:295	executor ExecutorchInvalidArgumentException: [ExecuTorch Error 0x12] Invalid argument: Execution failed for method: forward	n0*=native_group_norm(L0,·,·,·,·,·,·,·)
SKIP	w79:298	executor ExecutorchInvalidArgumentException: [ExecuTorch Error 0x12] Invalid argument: Execution failed for method: forward	n0*=_pdist_forward(L0,·)
SKIP	w79:31	executor ExecutorchInvalidArgumentException: [ExecuTorch Error 0x12] Invalid argument: Execution failed for method: forward	n0*=copy(L0,L1,·)
CRASH	w79:166	executor unavailable	n0*=narrow_copy(L0,·,·,·)
CRASH	w79:182	executor unavailable	n0*=pixel_unshuffle(L0,·)
CRASH	w79:318	executor process died (native abort)	n0*=max_pool2d_with_indices_backward.grad_input(L0,L1,·,·,·,·,·,L2,L3)
CRASH	w79:219	executor unavailable	n0*=lt.Scalar_out(L0,·,·)
SKIP	w79:391	executor ExecutorchInvalidArgumentException: [ExecuTorch Error 0x12] Invalid argument: Execution failed for method: forward	n0*=scatter_add.out(L0,·,L1,L2,·)
SKIP	w79:397	executor ExecutorchInvalidArgumentException: [ExecuTorch Error 0x12] Invalid argument: Execution failed for method: forward	n0*=expand_copy(L0,·,·)
SKIP	w79:416	executor ExecutorchInvalidArgumentException: [ExecuTorch Error 0x12] Invalid argument: Execution failed for method: forward	n0*=arange.start_out(·,·,·,·)
MISMATCH	w79:441	out[0] non-finite mismatch (nan/inf positions differ)	n0*=native_group_norm(L0,·,·,·,·,·,·,·)
MISMATCH	w79:45	out[0] non-finite mismatch (nan/inf positions differ)	n0*=gelu.out(L0,·,·)
MISMATCH	w79:465	out[0] max|delta|=9.223e+18 (rtol=0.01 atol=0.001)	n0*=bitwise_left_shift.Tensor_Scalar_out(L0,·,·)
MISMATCH	w79:468	out[0] max|delta|=9.223e+18 (rtol=0.01 atol=0.001)	n0*=bitwise_left_shift.Tensor_out(L0,L1,·)
MISMATCH	w79:485	out[0] shape (1, 1, 1, 1) vs (0, 0, 0, 0, 0)	n0*=topk.values(L0,·,·,·,·,L1,L2)
CRASH	w79:25	executor unavailable	n0*=ge.Tensor_out(L0,L1,·)
MISMATCH	w79:501	out[0] non-finite mismatch (nan/inf positions differ)	n0*=gelu.out(L0,·,·)
SKIP	w79:326	executor ExecutorchRuntimeException: [ExecuTorch Error 0x14] Operator missing: Execution failed for method: forward	n0*=_fft_r2c(L0,·,·,·)
MISMATCH	w79:514	out[0] max|delta|=4.000e+00 (rtol=0.01 atol=0.001)	n0*=remainder.Tensor_out(L0,L1,·)
MISMATCH	w79:515	out[0] max|delta|=4.000e+00 (rtol=0.0 atol=0.0)	n0*=fmod.Scalar(L0,·)
SKIP	w79:526	executor ExecutorchInvalidArgumentException: [ExecuTorch Error 0x12] Invalid argument: Execution failed for method: forward	n0*=_pdist_forward(L0,·)
SKIP	w79:554	executor ExecutorchRuntimeException: [ExecuTorch Error 0x14] Operator missing: Execution failed for method: forward	n0*=_fft_r2c(L0,·,·,·)
MISMATCH	w79:610	out[0] max|delta|=5.000e+00 (rtol=0.0 atol=0.0)	n0*=remainder.Scalar(L0,·)
SKIP	w79:625	executor ExecutorchInvalidArgumentException: [ExecuTorch Error 0x12] Invalid argument: Execution failed for method: forward	n0*=expand_copy(L0,·,·)
MISMATCH	w79:639	out[0] max|delta|=8.000e+00 (rtol=0.0 atol=0.0)	n0*=remainder.Scalar_out(L0,·,·)
SKIP	w79:644	executor ExecutorchInvalidArgumentException: [ExecuTorch Error 0x12] Invalid argument: Execution failed for method: forward	n0*=arange.start_out(·,·,·,·)
MISMATCH	w79:661	out[0] non-finite mismatch (nan/inf positions differ)	n0*=grid_sampler_2d(L0,L1,·,·,·)
SKIP	w79:67	executor ExecutorchInvalidArgumentException: [ExecuTorch Error 0x12] Invalid argument: Execution failed for method: forward	n0*=native_group_norm(L0,·,·,·,·,·,·,·)
MISMATCH	w79:693	out[0] max|delta|=8.053e+08 (rtol=0.0 atol=0.0)	n0*=bitwise_left_shift.Tensor_Scalar_out(L0,·,·)
MISMATCH	w79:696	out[0] non-finite mismatch (nan/inf positions differ)	n0*=bitwise_left_shift.Tensor_out(L0,L1,·)
MISMATCH	w79:703	out[0] non-finite mismatch (nan/inf positions differ)	n0*=logit.out(L0,·,·)
SKIP	w79:70	executor ExecutorchInvalidArgumentException: [ExecuTorch Error 0x12] Invalid argument: Execution failed for method: forward	n0*=_pdist_forward(L0,·)
MISMATCH	w79:713	out[0] shape (1, 1, 1, 1) vs (0, 0, 0, 0, 0)	n0*=topk.values(L0,·,·,·,·,L1,L2)
SKIP	w79:715	executor ExecutorchInvalidArgumentException: [ExecuTorch Error 0x12] Invalid argument: Execution failed for method: forward	n0*=copy(L0,L1,·)
MISMATCH	w79:729	out[0] non-finite mismatch (nan/inf positions differ)	n0*=gelu.out(L0,·,·)
MISMATCH	w79:749	out[0] max|delta|=3.999e-01 (rtol=0.01 atol=0.001)	n0*=_native_batch_norm_legit.no_stats(L0,·,·,·,·,·)
SKIP	w79:751	executor ExecutorchInvalidArgumentException: [ExecuTorch Error 0x12] Invalid argument: Execution failed for method: forward	n0*=native_group_norm(L0,·,·,·,·,·,·,·)
SKIP	w79:754	executor ExecutorchInvalidArgumentException: [ExecuTorch Error 0x12] Invalid argument: Execution failed for method: forward	n0*=_pdist_forward(L0,·)
SKIP	w79:98	executor ExecutorchRuntimeException: [ExecuTorch Error 0x14] Operator missing: Execution failed for method: forward	n0*=_fft_r2c(L0,·,·,·)
SKIP	w8:101	executor ExecutorchInvalidArgumentException: [ExecuTorch Error 0x12] Invalid argument: Execution failed for method: forward	n0*=_pdist_forward(L0,·)
SKIP	w8:129	executor ExecutorchRuntimeException: [ExecuTorch Error 0x14] Operator missing: Execution failed for method: forward	n0*=_fft_r2c(L0,·,·,·)
SKIP	w8:16	executor ExecutorchInvalidArgumentException: [ExecuTorch Error 0x12] Invalid argument: Execution failed for method: forward	n0*=native_group_norm(L0,·,·,·,·,·,·,·)
MISMATCH	w8:185	out[0] max|delta|=3.000e+00 (rtol=0.0 atol=0.0)	n0*=remainder.Scalar(L0,·)
SKIP	w8:200	executor ExecutorchInvalidArgumentException: [ExecuTorch Error 0x12] Invalid argument: Execution failed for method: forward	n0*=expand_copy(L0,·,·)
CRASH	w79:356	executor unavailable	n0*=unbind_copy.int(L0,·)
SKIP	w8:219	executor ExecutorchInvalidArgumentException: [ExecuTorch Error 0x12] Invalid argument: Execution failed for method: forward	n0*=arange.start_out(·,·,·,·)
MISMATCH	w8:235	out[0] max|delta|=2.550e+02 (rtol=0.0 atol=0.0)	n0*=prod.int_out(L0,·,·,·,·)
CRASH	w79:449	executor unavailable	n0*=expm1.out(L0,·)
CRASH	w79:466	executor unavailable	n0*=maximum.out(L0,L1,·)
CRASH	w79:548	executor unavailable	n0*=reflection_pad2d.out(L0,·,·)
MISMATCH	w8:288	out[0] shape (1, 1, 1, 1) vs (0, 0, 0, 0, 0)	n0*=topk.values(L0,·,·,·,·,L1,L2)
SKIP	w8:290	executor ExecutorchInvalidArgumentException: [ExecuTorch Error 0x12] Invalid argument: Execution failed for method: forward	n0*=copy(L0,L1,·)
SKIP	w8:244	executor ExecutorchInvalidArgumentException: [ExecuTorch Error 0x12] Invalid argument: Execution failed for method: forward	n0*=native_group_norm(L0,·,·,·,·,·,·,·)
SKIP	w8:326	executor ExecutorchInvalidArgumentException: [ExecuTorch Error 0x12] Invalid argument: Execution failed for method: forward	n0*=native_group_norm(L0,·,·,·,·,·,·,·)
SKIP	w8:329	executor ExecutorchInvalidArgumentException: [ExecuTorch Error 0x12] Invalid argument: Execution failed for method: forward	n0*=_pdist_forward(L0,·)
MISMATCH	w8:342	out[0] non-finite mismatch (nan/inf positions differ)	n0*=log.out(L0,·)
SKIP	w8:357	executor ExecutorchRuntimeException: [ExecuTorch Error 0x14] Operator missing: Execution failed for method: forward	n0*=_fft_r2c(L0,·,·,·)
CRASH	w79:663	executor unavailable	n0*=logical_not.out(L0,·)
CRASH	w79:664	executor unavailable	n0*=convolution(L0,L1,·,·,·,·,·,·,·)
CRASH	w79:753	executor unavailable	n0*=div.out(L0,L1,·)
CRASH	w79:79	executor unavailable	n0*=min(L0)
CRASH	w79:9	executor unavailable	n0*=bitwise_left_shift.Tensor_Scalar_out(L0,·,·)
MISMATCH	w8:420	out[0] max|delta|=5.765e+17 (rtol=0.0 atol=0.0)	n0*=bitwise_left_shift.Tensor_Scalar(L0,·)
MISMATCH	w8:43	out[0] max|delta|=6.918e+18 (rtol=0.01 atol=0.001)	n0*=bitwise_left_shift.Tensor_out(L0,L1,·)
CRASH	w8:138	executor unavailable	n0*=_native_batch_norm_legit_no_training(L0,·,·,L1,L2,·,·)
MISMATCH	w8:442	out[0] max|delta|=5.000e+00 (rtol=0.0 atol=0.0)	n0*=remainder.Scalar_out(L0,·,·)
SKIP	w8:447	executor ExecutorchInvalidArgumentException: [ExecuTorch Error 0x12] Invalid argument: Execution failed for method: forward	n0*=arange.start_out(·,·,·,·)
SKIP	w8:472	executor ExecutorchInvalidArgumentException: [ExecuTorch Error 0x12] Invalid argument: Execution failed for method: forward	n0*=native_group_norm(L0,·,·,·,·,·,·,·)
MISMATCH	w8:516	out[0] shape (1, 1, 1, 1) vs (0, 0, 0, 0, 0)	n0*=topk.values(L0,·,·,·,·,L1,L2)
MISMATCH	w8:532	out[0] non-finite mismatch (nan/inf positions differ)	n0*=gelu.out(L0,·,·)
MISMATCH	w8:545	out[0] max|delta|=4.000e+00 (rtol=0.01 atol=0.001)	n0*=remainder.Tensor_out(L0,L1,·)
SKIP	w8:554	executor ExecutorchInvalidArgumentException: [ExecuTorch Error 0x12] Invalid argument: Execution failed for method: forward	n0*=native_group_norm(L0,·,·,·,·,·,·,·)
SKIP	w8:557	executor ExecutorchInvalidArgumentException: [ExecuTorch Error 0x12] Invalid argument: Execution failed for method: forward	n0*=_pdist_forward(L0,·)
SKIP	w8:569	executor ExecutorchRuntimeException: [ExecuTorch Error 0x1] Internal error: Execution failed for method: forward	n0*=pixel_shuffle(L0,·)
MISMATCH	w8:570	out[0] non-finite mismatch (nan/inf positions differ)	n0*=log.out(L0,·)
SKIP	w8:585	executor ExecutorchRuntimeException: [ExecuTorch Error 0x14] Operator missing: Execution failed for method: forward	n0*=_fft_r2c(L0,·,·,·)
CRASH	w8:246	executor unavailable	n0*=gt.Tensor_out(L0,L1,·)
CRASH	w8:29	executor unavailable	n0*=round.out(L0,·)
CRASH	w8:311	executor unavailable	n0*=asin.out(L0,·)
CRASH	w8:338	executor unavailable	n0*=min(L0)
CRASH	w8:352	executor unavailable	n0*=any.dims_out(L0,·,·,·)
SKIP	w8:62	executor ExecutorchInvalidArgumentException: [ExecuTorch Error 0x12] Invalid argument: Execution failed for method: forward	n0*=copy(L0,L1,·)
CRASH	w8:376	executor unavailable	n0*=leaky_relu.out(L0,·,·)
SKIP	w8:63	executor ExecutorchInvalidArgumentException: [ExecuTorch Error 0x12] Invalid argument: Execution failed for method: forward	n0*=stack(·,·)
MISMATCH	w8:648	out[0] max|delta|=5.765e+17 (rtol=0.0 atol=0.0)	n0*=bitwise_left_shift.Tensor_Scalar(L0,·)
SKIP	w8:656	executor ExecutorchInvalidArgumentException: [ExecuTorch Error 0x12] Invalid argument: Execution failed for method: forward	n0*=expand_copy(L0,·,·)
SKIP	w8:675	executor ExecutorchInvalidArgumentException: [ExecuTorch Error 0x12] Invalid argument: Execution failed for method: forward	n0*=arange.start_out(·,·,·,·)
SKIP	w8:695	executor ExecutorchInvalidArgumentException: [ExecuTorch Error 0x12] Invalid argument: Execution failed for method: forward	n0*=convolution(L0,L1,·,·,·,·,·,·,·)
SKIP	w8:700	executor ExecutorchInvalidArgumentException: [ExecuTorch Error 0x12] Invalid argument: Execution failed for method: forward	n0*=native_group_norm(L0,·,·,·,·,·,·,·)
CRASH	w8:434	executor unavailable	n0*=prod(L0,·)
MISMATCH	w8:744	out[0] shape (0, 0, 0, 0) vs (0, 0, 0, 0, 0)	n0*=topk.values(L0,·,·,·,·,L1,L2)
MISMATCH	w8:75	out[0] non-finite mismatch (nan/inf positions differ)	n0*=logit(L0,·)
SKIP	w8:746	executor ExecutorchInvalidArgumentException: [ExecuTorch Error 0x12] Invalid argument: Execution failed for method: forward	n0*=copy(L0,L1,·)
MISMATCH	w8:76	out[0] non-finite mismatch (nan/inf positions differ)	n0*=gelu.out(L0,·,·)
MISMATCH	w8:760	out[0] non-finite mismatch (nan/inf positions differ)	n0*=gelu.out(L0,·,·)
MISMATCH	w8:89	out[0] max|delta|=3.000e+00 (rtol=0.01 atol=0.001)	n0*=remainder.Tensor_out(L0,L1,·)
CRASH	w8:5	executor unavailable	n0*=eq.Tensor_out(L0,L1,·)
CRASH	w8:534	executor unavailable	n0*=bmm.out(L0,L1,·)
CRASH	w8:54	executor unavailable	n0*=index.Tensor_out(L0,·,·)
MISMATCH	w80:104	out[0] max|delta|=3.999e-01 (rtol=0.01 atol=0.001)	n0*=_native_batch_norm_legit.no_stats(L0,·,·,·,·,·)
SKIP	w80:106	executor ExecutorchInvalidArgumentException: [ExecuTorch Error 0x12] Invalid argument: Execution failed for method: forward	n0*=native_group_norm(L0,·,·,·,·,·,·,·)
SKIP	w80:109	executor ExecutorchInvalidArgumentException: [ExecuTorch Error 0x12] Invalid argument: Execution failed for method: forward	n0*=_pdist_forward(L0,·)
CRASH	w8:578	executor unavailable	n0*=cumsum.out(L0,·,·,·)
MISMATCH	w80:122	out[0] non-finite mismatch (nan/inf positions differ)	n0*=log.out(L0,·)
SKIP	w8:98	executor ExecutorchInvalidArgumentException: [ExecuTorch Error 0x12] Invalid argument: Execution failed for method: forward	n0*=native_group_norm(L0,·,·,·,·,·,·,·)
MISMATCH	w80:129	out[0] max|delta|=2.420e+00 (rtol=0.01 atol=0.001)	n0*=max_pool2d_with_indices_backward.grad_input(L0,L1,·,·,·,·,·,L2,L3)
SKIP	w80:137	executor ExecutorchRuntimeException: [ExecuTorch Error 0x14] Operator missing: Execution failed for method: forward	n0*=_fft_r2c(L0,·,·,·)
CRASH	w8:590	executor unavailable	n0*=native_layer_norm(L0,·,·,·,·)
MISMATCH	w80:193	out[0] max|delta|=8.000e+00 (rtol=0.0 atol=0.0)	n0*=remainder.Scalar(L0,·)
MISMATCH	w80:200	out[0] max|delta|=5.765e+17 (rtol=0.0 atol=0.0)	n0*=bitwise_left_shift.Tensor_Scalar(L0,·)
SKIP	w80:227	executor ExecutorchInvalidArgumentException: [ExecuTorch Error 0x12] Invalid argument: Execution failed for method: forward	n0*=arange.start_out(·,·,·,·)
SKIP	w80:24	executor ExecutorchInvalidArgumentException: [ExecuTorch Error 0x12] Invalid argument: Execution failed for method: forward	n0*=native_group_norm(L0,·,·,·,·,·,·,·)
SKIP	w80:252	executor ExecutorchInvalidArgumentException: [ExecuTorch Error 0x12] Invalid argument: Execution failed for method: forward	n0*=native_group_norm(L0,·,·,·,·,·,·,·)
MISMATCH	w80:276	out[0] max|delta|=7.206e+16 (rtol=0.01 atol=0.001)	n0*=bitwise_left_shift.Tensor_Scalar_out(L0,·,·)
MISMATCH	w80:279	out[0] max|delta|=6.918e+18 (rtol=0.0 atol=0.0)	n0*=bitwise_left_shift.Tensor_out(L0,L1,·)
MISMATCH	w80:286	out[0] non-finite mismatch (nan/inf positions differ)	n0*=logit.out(L0,·,·)
MISMATCH	w80:296	out[0] shape (1, 1, 1, 0) vs (0, 0, 0, 0, 0)	n0*=topk.values(L0,·,·,·,·,L1,L2)
MISMATCH	w80:312	out[0] non-finite mismatch (nan/inf positions differ)	n0*=gelu.out(L0,·,·)
CRASH	w8:67	executor unavailable	n0*=fmod.Scalar_out(L0,·,·)
CRASH	w8:719	executor unavailable	n0*=replication_pad2d.out(L0,·,·)
CRASH	w8:729	executor unavailable	n0*=var.correction_out(L0,·,·,·,·)
CRASH	w8:86	executor unavailable	n0*=acosh.out(L0,·)
CRASH	w8:9	executor unavailable	n0*=le.Tensor_out(L0,L1,·)
SKIP	w80:337	executor ExecutorchInvalidArgumentException: [ExecuTorch Error 0x12] Invalid argument: Execution failed for method: forward	n0*=_pdist_forward(L0,·)
MISMATCH	w80:350	out[0] non-finite mismatch (nan/inf positions differ)	n0*=log.out(L0,·)
CRASH	w80:1	executor unavailable	n0*=select_copy.int(L0,·,·)
SKIP	w80:365	executor ExecutorchRuntimeException: [ExecuTorch Error 0x14] Operator missing: Execution failed for method: forward	n0*=_fft_r2c(L0,·,·,·)
SKIP	w80:455	executor ExecutorchInvalidArgumentException: [ExecuTorch Error 0x12] Invalid argument: Execution failed for method: forward	n0*=arange.start_out(·,·,·,·)
SKIP	w80:480	executor ExecutorchInvalidArgumentException: [ExecuTorch Error 0x12] Invalid argument: Execution failed for method: forward	n0*=native_group_norm(L0,·,·,·,·,·,·,·)
MISMATCH	w80:504	out[0] max|delta|=7.206e+16 (rtol=0.0 atol=0.0)	n0*=bitwise_left_shift.Tensor_Scalar_out(L0,·,·)
MISMATCH	w80:51	out[0] non-finite mismatch (nan/inf positions differ)	n0*=bitwise_left_shift.Tensor_out(L0,L1,·)
CRASH	w80:205	executor unavailable	n0*=narrow_copy(L0,·,·,·)
CRASH	w80:237	executor unavailable	n0*=permute_copy(L0,·)
CRASH	w80:234	executor unavailable	n0*=sub.Scalar(L0,·,·)
MISMATCH	w80:538	out[0] shape (1, 1) vs (0, 0, 0, 0, 0)	n0*=min.dim_min(L0,·,·,L1,L2)
MISMATCH	w80:540	out[0] non-finite mismatch (nan/inf positions differ)	n0*=gelu.out(L0,·,·)
CRASH	w80:290	executor unavailable	n0*=index.Tensor_out(L0,·,·)
CRASH	w80:308	executor unavailable	n0*=argmin.out(L0,·,·,·)
MISMATCH	w80:524	out[0] shape (1, 1, 1, 1) vs (0, 0, 0, 0, 0)	n0*=topk.values(L0,·,·,·,·,L1,L2)
SKIP	w80:565	executor ExecutorchInvalidArgumentException: [ExecuTorch Error 0x12] Invalid argument: Execution failed for method: forward	n0*=_pdist_forward(L0,·)
MISMATCH	w80:578	out[0] non-finite mismatch (nan/inf positions differ)	n0*=log.out(L0,·)
MISMATCH	w80:58	out[0] non-finite mismatch (nan/inf positions differ)	n0*=logit.out(L0,·,·)
SKIP	w80:593	executor ExecutorchRuntimeException: [ExecuTorch Error 0x14] Operator missing: Execution failed for method: forward	n0*=_fft_r2c(L0,·,·,·)
CRASH	w80:330	executor unavailable	n0*=unsqueeze_copy(L0,·)
MISMATCH	w80:649	out[0] max|delta|=7.000e+00 (rtol=0.0 atol=0.0)	n0*=remainder.Scalar(L0,·)
SKIP	w80:658	executor ExecutorchInvalidArgumentException: [ExecuTorch Error 0x12] Invalid argument: Execution failed for method: forward	n0*=scatter_add.out(L0,·,L1,L2,·)
SKIP	w80:683	executor ExecutorchInvalidArgumentException: [ExecuTorch Error 0x12] Invalid argument: Execution failed for method: forward	n0*=arange.start_out(·,·,·,·)
MISMATCH	w80:68	out[0] max|delta|=3.000e+00 (rtol=0.0 atol=0.0)	n0*=topk.values(L0,·,·,·,·,L1,L2)
MISMATCH	w80:700	out[0] non-finite mismatch (nan/inf positions differ)	n0*=grid_sampler_2d(L0,L1,·,·,·)
SKIP	w80:708	executor ExecutorchInvalidArgumentException: [ExecuTorch Error 0x12] Invalid argument: Execution failed for method: forward	n0*=native_group_norm(L0,·,·,·,·,·,·,·)
MISMATCH	w80:732	out[0] max|delta|=5.033e+07 (rtol=0.0 atol=0.0)	n0*=bitwise_left_shift.Tensor_Scalar_out(L0,·,·)
CRASH	w80:412	executor unavailable	n0*=unfold_copy(L0,·,·,·)
CRASH	w80:474	executor unavailable	n0*=logical_not.out(L0,·)
CRASH	w80:488	executor unavailable	n0*=expm1.out(L0,·)
CRASH	w80:512	executor unavailable	n0*=index_put(L0,·,L1,·)
CRASH	w80:52	executor unavailable	n0*=div.out_mode(L0,L1,·,·)
MISMATCH	w80:735	out[0] max|delta|=6.918e+18 (rtol=0.01 atol=0.001)	n0*=bitwise_left_shift.Tensor_out(L0,L1,·)
MISMATCH	w80:742	out[0] non-finite mismatch (nan/inf positions differ)	n0*=logit.out(L0,·,·)
MISMATCH	w80:752	out[0] shape (1, 0, 1, 1) vs (0, 0, 0, 0, 0)	n0*=topk.values(L0,·,·,·,·,L1,L2)
MISMATCH	w80:768	out[0] non-finite mismatch (nan/inf positions differ)	n0*=gelu.out(L0,·,·)
CRASH	w80:548	executor unavailable	n0*=bitwise_or.Scalar(L0,·)
MISMATCH	w80:82	out[0] shape (1,) vs (0,)	n0*=min.dim_min(L0,·,·,L1,L2)
MISMATCH	w80:84	out[0] non-finite mismatch (nan/inf positions differ)	n0*=gelu.out(L0,·,·)
SKIP	w81:111	executor ExecutorchRuntimeException: [ExecuTorch Error 0x14] Operator missing: Execution failed for method: forward	n0*=_fft_r2c(L0,·,·,·)
SKIP	w81:121	executor ExecutorchRuntimeException: [ExecuTorch Error 0x1] Internal error: Execution failed for method: forward	n0*=pixel_unshuffle(L0,·)
CRASH	w80:597	executor unavailable	n0*=log2.out(L0,·)
MISMATCH	w81:174	out[0] max|delta|=1.153e+18 (rtol=0.0 atol=0.0)	n0*=bitwise_left_shift.Tensor_Scalar(L0,·)
CRASH	w80:625	executor unavailable	n0*=gt.Scalar_out(L0,·,·)
CRASH	w80:626	executor unavailable	n0*=logical_xor(L0,L1)
SKIP	w81:182	executor ExecutorchInvalidArgumentException: [ExecuTorch Error 0x12] Invalid argument: Execution failed for method: forward	n0*=expand_copy(L0,·,·)
SKIP	w81:201	executor ExecutorchInvalidArgumentException: [ExecuTorch Error 0x12] Invalid argument: Execution failed for method: forward	n0*=arange.start_out(·,·,·,·)
MISMATCH	w81:22	out[0] max|delta|=7.206e+16 (rtol=0.01 atol=0.001)	n0*=bitwise_left_shift.Tensor_Scalar_out(L0,·,·)
SKIP	w81:226	executor ExecutorchInvalidArgumentException: [ExecuTorch Error 0x12] Invalid argument: Execution failed for method: forward	n0*=native_group_norm(L0,·,·,·,·,·,·,·)
MISMATCH	w81:25	out[0] max|delta|=6.918e+18 (rtol=0.0 atol=0.0)	n0*=bitwise_left_shift.Tensor_out(L0,L1,·)
CRASH	w80:664	executor unavailable	n0*=expand_copy(L0,·,·)
MISMATCH	w81:270	out[0] shape (0, 0, 0, 0) vs (0, 0, 0, 0, 0)	n0*=topk.values(L0,·,·,·,·,L1,L2)
SKIP	w81:308	executor ExecutorchInvalidArgumentException: [ExecuTorch Error 0x12] Invalid argument: Execution failed for method: forward	n0*=native_group_norm(L0,·,·,·,·,·,·,·)
MISMATCH	w81:324	out[0] non-finite mismatch (nan/inf positions differ)	n0*=log.out(L0,·)
SKIP	w81:339	executor ExecutorchRuntimeException: [ExecuTorch Error 0x14] Operator missing: Execution failed for method: forward	n0*=_fft_r2c(L0,·,·,·)
CRASH	w80:718	executor unavailable	n0*=where.self(L0,L1,L2)
CRASH	w80:734	executor unavailable	n0*=bitwise_xor.Scalar_out(L0,·,·)
MISMATCH	w81:402	out[0] max|delta|=7.206e+16 (rtol=0.0 atol=0.0)	n0*=bitwise_left_shift.Tensor_Scalar(L0,·)
MISMATCH	w81:416	out[0] max|delta|=1.000e+00 (rtol=0.0 atol=0.0)	n0*=prod(L0,·)
MISMATCH	w81:42	out[0] shape (0, 0, 0, 0) vs (0, 0, 0, 0, 0)	n0*=topk.values(L0,·,·,·,·,L1,L2)
SKIP	w81:429	executor ExecutorchInvalidArgumentException: [ExecuTorch Error 0x12] Invalid argument: Execution failed for method: forward	n0*=arange.start_out(·,·,·,·)
SKIP	w81:454	executor ExecutorchInvalidArgumentException: [ExecuTorch Error 0x12] Invalid argument: Execution failed for method: forward	n0*=native_group_norm(L0,·,·,·,·,·,·,·)
MISMATCH	w81:481	out[0] max|delta|=2.147e+09 (rtol=0.0 atol=0.0)	n0*=bitwise_left_shift.Tensor_out(L0,L1,·)
CRASH	w81:105	executor unavailable	n0*=reflection_pad2d.out(L0,·,·)
CRASH	w81:166	executor unavailable	n0*=mean(L0,·)
CRASH	w81:240	executor unavailable	n0*=roll(L0,·,·)
CRASH	w81:247	executor unavailable	n0*=detach_copy(L0)
MISMATCH	w81:498	out[0] shape (1, 1, 1) vs (0, 0, 0)	n0*=topk.values(L0,·,·,·,·,L1,L2)
CRASH	w81:261	executor unavailable	n0*=lt.Tensor_out(L0,L1,·)
MISMATCH	w81:514	out[0] non-finite mismatch (nan/inf positions differ)	n0*=gelu.out(L0,·,·)
CRASH	w81:311	executor unavailable	n0*=_pdist_forward(L0,·)
SKIP	w81:536	executor ExecutorchInvalidArgumentException: [ExecuTorch Error 0x12] Invalid argument: Execution failed for method: forward	n0*=native_group_norm(L0,·,·,·,·,·,·,·)
SKIP	w81:539	executor ExecutorchInvalidArgumentException: [ExecuTorch Error 0x12] Invalid argument: Execution failed for method: forward	n0*=_pdist_forward(L0,·)
CRASH	w81:36	executor unavailable	n0*=index.Tensor_out(L0,·,·)
CRASH	w81:383	executor unavailable	n0*=elu.out(L0,·,·,·,·)
CRASH	w81:387	executor unavailable	n0*=slice_copy.Tensor(L0,·,·,·,·)
SKIP	w81:567	executor ExecutorchRuntimeException: [ExecuTorch Error 0x14] Operator missing: Execution failed for method: forward	n0*=_fft_r2c(L0,·,·,·)
MISMATCH	w81:58	out[0] non-finite mismatch (nan/inf positions differ)	n0*=gelu.out(L0,·,·)
CRASH	w81:406	executor unavailable	n0*=mean.dtype_out(L0,·,·)
MISMATCH	w81:630	out[0] max|delta|=1.678e+07 (rtol=0.0 atol=0.0)	n0*=bitwise_left_shift.Tensor_Scalar(L0,·)
SKIP	w81:632	executor ExecutorchInvalidArgumentException: [ExecuTorch Error 0x12] Invalid argument: Execution failed for method: forward	n0*=scatter_add.out(L0,·,L1,L2,·)
SKIP	w81:638	executor ExecutorchInvalidArgumentException: [ExecuTorch Error 0x12] Invalid argument: Execution failed for method: forward	n0*=expand_copy(L0,·,·)
SKIP	w81:657	executor ExecutorchInvalidArgumentException: [ExecuTorch Error 0x12] Invalid argument: Execution failed for method: forward	n0*=arange.start_out(·,·,·,·)
SKIP	w81:682	executor ExecutorchInvalidArgumentException: [ExecuTorch Error 0x12] Invalid argument: Execution failed for method: forward	n0*=native_group_norm(L0,·,·,·,·,·,·,·)
MISMATCH	w81:709	out[0] non-finite mismatch (nan/inf positions differ)	n0*=bitwise_left_shift.Tensor_out(L0,L1,·)
SKIP	w81:728	executor ExecutorchInvalidArgumentException: [ExecuTorch Error 0x12] Invalid argument: Execution failed for method: forward	n0*=copy(L0,L1,·)
CRASH	w81:446	executor unavailable	n0*=grid_sampler_2d(L0,L1,·,·,·)
MISMATCH	w81:742	out[0] non-finite mismatch (nan/inf positions differ)	n0*=gelu.out(L0,·,·)
SKIP	w81:764	executor ExecutorchInvalidArgumentException: [ExecuTorch Error 0x12] Invalid argument: Execution failed for method: forward	n0*=native_group_norm(L0,·,·,·,·,·,·,·)
MISMATCH	w81:780	out[0] non-finite mismatch (nan/inf positions differ)	n0*=log.out(L0,·)
MISMATCH	w81:613	out[0] non-finite mismatch (nan/inf positions differ)	n0*=addmm.out(L0,L1,L2,·,·,·)
MISMATCH	w81:80	out[0] non-finite mismatch (nan/inf positions differ)	n0*=native_group_norm(L0,·,·,·,·,·,·,·)
MISMATCH	w82:0	out[0] max|delta|=2.882e+17 (rtol=0.01 atol=0.001)	n0*=bitwise_left_shift.Tensor_Scalar_out(L0,·,·)
SKIP	w82:160	executor ExecutorchInvalidArgumentException: [ExecuTorch Error 0x12] Invalid argument: Execution failed for method: forward	n0*=expand_copy(L0,·,·)
SKIP	w82:179	executor ExecutorchInvalidArgumentException: [ExecuTorch Error 0x12] Invalid argument: Execution failed for method: forward	n0*=arange.start_out(·,·,·,·)
CRASH	w81:483	executor unavailable	n0*=var.correction_out(L0,·,·,·,·)
SKIP	w82:204	executor ExecutorchInvalidArgumentException: [ExecuTorch Error 0x12] Invalid argument: Execution failed for method: forward	n0*=native_group_norm(L0,·,·,·,·,·,·,·)
MISMATCH	w82:228	out[0] max|delta|=7.206e+16 (rtol=0.01 atol=0.001)	n0*=bitwise_left_shift.Tensor_Scalar_out(L0,·,·)
MISMATCH	w82:231	out[0] non-finite mismatch (nan/inf positions differ)	n0*=bitwise_left_shift.Tensor_out(L0,L1,·)
MISMATCH	w82:238	out[0] non-finite mismatch (nan/inf positions differ)	n0*=logit.out(L0,·,·)
SKIP	w82:250	executor ExecutorchInvalidArgumentException: [ExecuTorch Error 0x12] Invalid argument: Execution failed for method: forward	n0*=copy(L0,L1,·)
MISMATCH	w82:277	out[0] max|delta|=3.000e+00 (rtol=0.01 atol=0.001)	n0*=remainder.Tensor_out(L0,L1,·)
SKIP	w82:289	executor ExecutorchInvalidArgumentException: [ExecuTorch Error 0x12] Invalid argument: Execution failed for method: forward	n0*=_pdist_forward(L0,·)
SKIP	w82:286	executor ExecutorchInvalidArgumentException: [ExecuTorch Error 0x12] Invalid argument: Execution failed for method: forward	n0*=native_group_norm(L0,·,·,·,·,·,·,·)
MISMATCH	w82:3	out[0] max|delta|=2.147e+09 (rtol=0.0 atol=0.0)	n0*=bitwise_left_shift.Tensor_out(L0,L1,·)
SKIP	w82:317	executor ExecutorchRuntimeException: [ExecuTorch Error 0x14] Operator missing: Execution failed for method: forward	n0*=_fft_r2c(L0,·,·,·)
MISMATCH	w82:20	out[0] shape (1, 1, 1, 1) vs (0, 0, 0, 0, 0)	n0*=topk.values(L0,·,·,·,·,L1,L2)
MISMATCH	w82:36	out[0] non-finite mismatch (nan/inf positions differ)	n0*=gelu.out(L0,·,·)
SKIP	w82:401	executor ExecutorchRuntimeException: [ExecuTorch Error 0x1] Internal error: Execution failed for method: forward	n0*=pixel_unshuffle(L0,·)
MISMATCH	w82:423	out[0] max|delta|=2.550e+02 (rtol=0.0 atol=0.0)	n0*=prod.int_out(L0,·,·,·,·)
MISMATCH	w82:424	out[0] non-finite mismatch (nan/inf positions differ)	n0*=grid_sampler_2d(L0,L1,·,·,·)
SKIP	w82:432	executor ExecutorchInvalidArgumentException: [ExecuTorch Error 0x12] Invalid argument: Execution failed for method: forward	n0*=native_group_norm(L0,·,·,·,·,·,·,·)
CRASH	w81:64	executor unavailable	n0*=trunc.out(L0,·)
CRASH	w81:69	executor unavailable	n0*=var_mean.correction(L0,·,·,·)
CRASH	w81:771	executor unavailable	n0*=bitwise_right_shift.Tensor_out(L0,L1,·)
CRASH	w81:88	executor unavailable	n0*=arange.out(·,·)
MISMATCH	w82:476	out[0] shape (0, 0, 0, 0) vs (0, 0, 0, 0, 0)	n0*=topk.values(L0,·,·,·,·,L1,L2)
MISMATCH	w82:490	out[0] shape (1,) vs (0,)	n0*=min.dim_min(L0,·,·,L1,L2)
MISMATCH	w82:512	out[0] max|delta|=3.999e-01 (rtol=0.01 atol=0.001)	n0*=_native_batch_norm_legit.no_stats(L0,·,·,·,·,·)
SKIP	w82:514	executor ExecutorchInvalidArgumentException: [ExecuTorch Error 0x12] Invalid argument: Execution failed for method: forward	n0*=native_group_norm(L0,·,·,·,·,·,·,·)
SKIP	w82:517	executor ExecutorchInvalidArgumentException: [ExecuTorch Error 0x12] Invalid argument: Execution failed for method: forward	n0*=_pdist_forward(L0,·)
MISMATCH	w82:466	out[0] non-finite mismatch (nan/inf positions differ)	n0*=logit.out(L0,·,·)
CRASH	w82:22	executor unavailable	n0*=copy(L0,L1,·)
CRASH	w82:226	executor unavailable	n0*=abs(L0)
SKIP	w82:545	executor ExecutorchRuntimeException: [ExecuTorch Error 0x14] Operator missing: Execution failed for method: forward	n0*=_fft_r2c(L0,·,·,·)
CRASH	w82:537	executor process died (native abort)	n0*=max_pool2d_with_indices_backward.grad_input(L0,L1,·,·,·,·,·,L2,L3)
SKIP	w82:58	executor ExecutorchInvalidArgumentException: [ExecuTorch Error 0x12] Invalid argument: Execution failed for method: forward	n0*=native_group_norm(L0,·,·,·,·,·,·,·)
CRASH	w82:301	executor unavailable	n0*=pixel_shuffle(L0,·)
MISMATCH	w82:591	out[0] non-finite mismatch (nan/inf positions differ)	n0*=addmm.out(L0,L1,L2,·,·,·)
CRASH	w82:320	executor unavailable	n0*=logical_and.out(L0,L1,·)
MISMATCH	w82:601	out[0] max|delta|=6.000e+00 (rtol=0.0 atol=0.0)	n0*=remainder.Scalar(L0,·)
CRASH	w82:327	executor unavailable	n0*=pixel_unshuffle(L0,·)
MISMATCH	w82:608	out[0] max|delta|=1.153e+18 (rtol=0.0 atol=0.0)	n0*=bitwise_left_shift.Tensor_Scalar(L0,·)
SKIP	w82:635	executor ExecutorchInvalidArgumentException: [ExecuTorch Error 0x12] Invalid argument: Execution failed for method: forward	n0*=arange.start_out(·,·,·,·)
SKIP	w82:660	executor ExecutorchInvalidArgumentException: [ExecuTorch Error 0x12] Invalid argument: Execution failed for method: forward	n0*=native_group_norm(L0,·,·,·,·,·,·,·)
CRASH	w82:396	executor unavailable	n0*=bitwise_xor.Tensor_out(L0,L1,·)
MISMATCH	w82:687	out[0] max|delta|=6.918e+18 (rtol=0.0 atol=0.0)	n0*=bitwise_left_shift.Tensor_out(L0,L1,·)
MISMATCH	w82:693	out[0] max|delta|=1.000e+00 (rtol=0.0 atol=0.0)	n0*=sum.IntList_out(L0,·,·,·,·)
SKIP	w82:706	executor ExecutorchInvalidArgumentException: [ExecuTorch Error 0x12] Invalid argument: Execution failed for method: forward	n0*=copy(L0,L1,·)
MISMATCH	w82:720	out[0] non-finite mismatch (nan/inf positions differ)	n0*=gelu.out(L0,·,·)
MISMATCH	w82:733	out[0] max|delta|=4.000e+00 (rtol=0.0 atol=0.0)	n0*=remainder.Tensor_out(L0,L1,·)
SKIP	w82:742	executor ExecutorchInvalidArgumentException: [ExecuTorch Error 0x12] Invalid argument: Execution failed for method: forward	n0*=native_group_norm(L0,·,·,·,·,·,·,·)
SKIP	w82:745	executor ExecutorchInvalidArgumentException: [ExecuTorch Error 0x12] Invalid argument: Execution failed for method: forward	n0*=_pdist_forward(L0,·)
SKIP	w82:61	executor ExecutorchInvalidArgumentException: [ExecuTorch Error 0x12] Invalid argument: Execution failed for method: forward	n0*=_pdist_forward(L0,·)
SKIP	w82:773	executor ExecutorchRuntimeException: [ExecuTorch Error 0x14] Operator missing: Execution failed for method: forward	n0*=_fft_r2c(L0,·,·,·)
SKIP	w82:89	executor ExecutorchRuntimeException: [ExecuTorch Error 0x14] Operator missing: Execution failed for method: forward	n0*=_fft_r2c(L0,·,·,·)
CRASH	w82:439	executor unavailable	n0*=amin.out(L0,·,·,·)
CRASH	w82:765	executor process died (native abort)	n0*=max_pool2d_with_indices_backward.grad_input(L0,L1,·,·,·,·,·,L2,L3)
SKIP	w83:120	executor ExecutorchInvalidArgumentException: [ExecuTorch Error 0x12] Invalid argument: Execution failed for method: forward	n0*=scatter_add.out(L0,·,L1,L2,·)
SKIP	w83:126	executor ExecutorchInvalidArgumentException: [ExecuTorch Error 0x12] Invalid argument: Execution failed for method: forward	n0*=expand_copy(L0,·,·)
CRASH	w82:453	executor unavailable	n0*=detach_copy(L0)
SKIP	w83:145	executor ExecutorchInvalidArgumentException: [ExecuTorch Error 0x12] Invalid argument: Execution failed for method: forward	n0*=arange.start_out(·,·,·,·)
MISMATCH	w83:15	out[0] max|delta|=4.000e+00 (rtol=0.0 atol=0.0)	n0*=remainder.Tensor_out(L0,L1,·)
SKIP	w83:170	executor ExecutorchInvalidArgumentException: [ExecuTorch Error 0x12] Invalid argument: Execution failed for method: forward	n0*=native_group_norm(L0,·,·,·,·,·,·,·)
MISMATCH	w83:194	out[0] max|delta|=1.441e+17 (rtol=0.01 atol=0.001)	n0*=bitwise_left_shift.Tensor_Scalar_out(L0,·,·)
MISMATCH	w83:197	out[0] non-finite mismatch (nan/inf positions differ)	n0*=bitwise_left_shift.Tensor_out(L0,L1,·)
MISMATCH	w83:204	out[0] non-finite mismatch (nan/inf positions differ)	n0*=logit.out(L0,·,·)
MISMATCH	w83:214	out[0] shape (1, 1, 1, 0) vs (0, 0, 0, 0, 0)	n0*=topk.values(L0,·,·,·,·,L1,L2)
SKIP	w83:216	executor ExecutorchInvalidArgumentException: [ExecuTorch Error 0x12] Invalid argument: Execution failed for method: forward	n0*=copy(L0,L1,·)
MISMATCH	w83:229	out[0] non-finite mismatch (nan/inf positions differ)	n0*=logit(L0,·)
MISMATCH	w83:230	out[0] non-finite mismatch (nan/inf positions differ)	n0*=gelu.out(L0,·,·)
SKIP	w83:24	executor ExecutorchInvalidArgumentException: [ExecuTorch Error 0x12] Invalid argument: Execution failed for method: forward	n0*=native_group_norm(L0,·,·,·,·,·,·,·)
MISMATCH	w83:243	out[0] max|delta|=4.000e+00 (rtol=0.0 atol=0.0)	n0*=remainder.Tensor_out(L0,L1,·)
SKIP	w83:252	executor ExecutorchInvalidArgumentException: [ExecuTorch Error 0x12] Invalid argument: Execution failed for method: forward	n0*=native_group_norm(L0,·,·,·,·,·,·,·)
CRASH	w82:582	executor unavailable	n0*=bitwise_not.out(L0,·)
CRASH	w82:676	executor unavailable	n0*=hardtanh.out(L0,·,·,·)
SKIP	w83:255	executor ExecutorchInvalidArgumentException: [ExecuTorch Error 0x12] Invalid argument: Execution failed for method: forward	n0*=_pdist_forward(L0,·)
CRASH	w82:679	executor unavailable	n0*=replication_pad2d.out(L0,·,·)
SKIP	w83:27	executor ExecutorchInvalidArgumentException: [ExecuTorch Error 0x12] Invalid argument: Execution failed for method: forward	n0*=_pdist_forward(L0,·)
CRASH	w82:766	executor unavailable	n0*=cumsum.out(L0,·,·,·)
CRASH	w82:779	executor unavailable	n0*=fill.Scalar(L0,·)
CRASH	w83:114	executor unavailable	n0*=pow.Tensor_Tensor_out(L0,L1,·)
CRASH	w83:125	executor unavailable	n0*=constant_pad_nd(L0,·,·)
CRASH	w83:129	executor unavailable	n0*=pow.Scalar_out(·,L0,·)
SKIP	w83:312	executor IllegalArgumentException: unsupported input dtype code 24 on Android	n0*=linear.out(L0,L1,·,·)
CRASH	w83:154	executor unavailable	n0*=tanh.out(L0,·)
SKIP	w83:283	executor ExecutorchRuntimeException: [ExecuTorch Error 0x14] Operator missing: Execution failed for method: forward	n0*=_fft_r2c(L0,·,·,·)
MISMATCH	w83:346	out[0] max|delta|=9.223e+18 (rtol=0.0 atol=0.0)	n0*=bitwise_left_shift.Tensor_Scalar(L0,·)
SKIP	w83:354	executor ExecutorchInvalidArgumentException: [ExecuTorch Error 0x12] Invalid argument: Execution failed for method: forward	n0*=expand_copy(L0,·,·)
SKIP	w83:373	executor ExecutorchInvalidArgumentException: [ExecuTorch Error 0x12] Invalid argument: Execution failed for method: forward	n0*=arange.start_out(·,·,·,·)
CRASH	w83:202	executor unavailable	n0*=index_put(L0,·,L1,·)
SKIP	w83:398	executor ExecutorchInvalidArgumentException: [ExecuTorch Error 0x12] Invalid argument: Execution failed for method: forward	n0*=native_group_norm(L0,·,·,·,·,·,·,·)
MISMATCH	w83:40	out[0] non-finite mismatch (nan/inf positions differ)	n0*=log.out(L0,·)
CRASH	w83:231	executor unavailable	n0*=rsub.Scalar(L0,·,·)
MISMATCH	w83:422	out[0] max|delta|=5.765e+17 (rtol=0.01 atol=0.001)	n0*=bitwise_left_shift.Tensor_Scalar_out(L0,·,·)
MISMATCH	w83:425	out[0] max|delta|=6.918e+18 (rtol=0.01 atol=0.001)	n0*=bitwise_left_shift.Tensor_out(L0,L1,·)
SKIP	w83:437	executor ExecutorchInvalidArgumentException: [ExecuTorch Error 0x12] Invalid argument: Execution failed for method: forward	n0*=scatter.src_out(L0,·,L1,L2,·)
SKIP	w83:444	executor ExecutorchInvalidArgumentException: [ExecuTorch Error 0x12] Invalid argument: Execution failed for method: forward	n0*=copy(L0,L1,·)
MISMATCH	w83:457	out[0] non-finite mismatch (nan/inf positions differ)	n0*=logit(L0,·)
MISMATCH	w83:458	out[0] non-finite mismatch (nan/inf positions differ)	n0*=gelu.out(L0,·,·)
SKIP	w83:483	executor ExecutorchInvalidArgumentException: [ExecuTorch Error 0x12] Invalid argument: Execution failed for method: forward	n0*=_pdist_forward(L0,·)
SKIP	w83:480	executor ExecutorchInvalidArgumentException: [ExecuTorch Error 0x12] Invalid argument: Execution failed for method: forward	n0*=native_group_norm(L0,·,·,·,·,·,·,·)
MISMATCH	w83:496	out[0] non-finite mismatch (nan/inf positions differ)	n0*=log.out(L0,·)
SKIP	w83:511	executor ExecutorchRuntimeException: [ExecuTorch Error 0x14] Operator missing: Execution failed for method: forward	n0*=_fft_r2c(L0,·,·,·)
MISMATCH	w83:390	out[0] non-finite mismatch (nan/inf positions differ)	n0*=grid_sampler_2d(L0,L1,·,·,·)
SKIP	w83:55	executor ExecutorchRuntimeException: [ExecuTorch Error 0x14] Operator missing: Execution failed for method: forward	n0*=_fft_r2c(L0,·,·,·)
MISMATCH	w83:585	out[0] max|delta|=9.223e+18 (rtol=0.0 atol=0.0)	n0*=pow.Scalar_out(·,L0,·)
SKIP	w83:601	executor ExecutorchInvalidArgumentException: [ExecuTorch Error 0x12] Invalid argument: Execution failed for method: forward	n0*=arange.start_out(·,·,·,·)
CRASH	w83:254	executor unavailable	n0*=div.out(L0,L1,·)
SKIP	w83:626	executor ExecutorchInvalidArgumentException: [ExecuTorch Error 0x12] Invalid argument: Execution failed for method: forward	n0*=native_group_norm(L0,·,·,·,·,·,·,·)
MISMATCH	w83:659	out[0] max|delta|=1.000e+00 (rtol=0.0 atol=0.0)	n0*=sum.IntList_out(L0,·,·,·,·)
SKIP	w83:582	executor ExecutorchInvalidArgumentException: [ExecuTorch Error 0x12] Invalid argument: Execution failed for method: forward	n0*=expand_copy(L0,·,·)
MISMATCH	w83:670	out[0] shape (0,) vs (0, 0, 0)	n0*=topk.values(L0,·,·,·,·,L1,L2)
SKIP	w83:672	executor ExecutorchInvalidArgumentException: [ExecuTorch Error 0x12] Invalid argument: Execution failed for method: forward	n0*=copy(L0,L1,·)
MISMATCH	w83:686	out[0] non-finite mismatch (nan/inf positions differ)	n0*=gelu.out(L0,·,·)
MISMATCH	w83:701	out[0] shape (1, 1, 1) vs (0, 0, 0, 0, 0)	n0*=max.dim_max(L0,·,·,L1,L2)
MISMATCH	w83:706	out[0] non-finite mismatch (nan/inf positions differ)	n0*=_native_batch_norm_legit.no_stats(L0,·,·,·,·,·)
SKIP	w83:708	executor ExecutorchInvalidArgumentException: [ExecuTorch Error 0x12] Invalid argument: Execution failed for method: forward	n0*=native_group_norm(L0,·,·,·,·,·,·,·)
SKIP	w83:711	executor ExecutorchInvalidArgumentException: [ExecuTorch Error 0x12] Invalid argument: Execution failed for method: forward	n0*=_pdist_forward(L0,·)
SKIP	w83:739	executor ExecutorchRuntimeException: [ExecuTorch Error 0x14] Operator missing: Execution failed for method: forward	n0*=_fft_r2c(L0,·,·,·)
MISMATCH	w83:79	out[0] max|delta|=1.280e+02 (rtol=0.0 atol=0.0)	n0*=bitwise_right_shift.Tensor_Scalar(L0,·)
SKIP	w83:82	executor ExecutorchRuntimeException: [ExecuTorch Error 0x1] Internal error: Execution failed for method: forward	n0*=_softmax.out(L0,·,·,·)
CRASH	w83:508	executor unavailable	n0*=clamp.Tensor_out(L0,·,·,·)
CRASH	w83:510	executor unavailable	n0*=where.self_out(L0,L1,L2,·)
CRASH	w83:541	executor unavailable	n0*=unbind_copy.int(L0,·)
CRASH	w83:567	executor unavailable	n0*=remainder.Scalar(L0,·)
CRASH	w83:647	executor unavailable	n0*=detach_copy(L0)
CRASH	w83:656	executor unavailable	n0*=hardtanh(L0,·,·)
MISMATCH	w84:103	out[0] non-finite mismatch (nan/inf positions differ)	n0*=gelu.out(L0,·,·)
SKIP	w84:125	executor ExecutorchInvalidArgumentException: [ExecuTorch Error 0x12] Invalid argument: Execution failed for method: forward	n0*=native_group_norm(L0,·,·,·,·,·,·,·)
SKIP	w84:128	executor ExecutorchInvalidArgumentException: [ExecuTorch Error 0x12] Invalid argument: Execution failed for method: forward	n0*=_pdist_forward(L0,·)
SKIP	w84:156	executor ExecutorchRuntimeException: [ExecuTorch Error 0x14] Operator missing: Execution failed for method: forward	n0*=_fft_r2c(L0,·,·,·)
CRASH	w83:714	executor unavailable	n0*=logical_not(L0)
CRASH	w83:731	executor unavailable	n0*=max_pool2d_with_indices_backward.grad_input(L0,L1,·,·,·,·,·,L2,L3)
SKIP	w84:18	executor ExecutorchInvalidArgumentException: [ExecuTorch Error 0x12] Invalid argument: Execution failed for method: forward	n0*=arange.start_out(·,·,·,·)
CRASH	w84:148	executor process died (native abort)	n0*=max_pool2d_with_indices_backward.grad_input(L0,L1,·,·,·,·,·,L2,L3)
CRASH	w83:754	executor unavailable	n0*=logical_xor.out(L0,L1,·)
CRASH	w83:761	executor unavailable	n0*=argmax.out(L0,·,·,·)
CRASH	w83:98	executor unavailable	n0*=_log_softmax.out(L0,·,·,·)
MISMATCH	w84:212	out[0] max|delta|=8.000e+00 (rtol=0.0 atol=0.0)	n0*=remainder.Scalar(L0,·)
MISMATCH	w84:219	out[0] max|delta|=8.647e+17 (rtol=0.0 atol=0.0)	n0*=bitwise_left_shift.Tensor_Scalar(L0,·)
CRASH	w84:102	executor unavailable	n0*=logit(L0,·)
SKIP	w84:227	executor ExecutorchInvalidArgumentException: [ExecuTorch Error 0x12] Invalid argument: Execution failed for method: forward	n0*=expand_copy(L0,·,·)
SKIP	w84:246	executor ExecutorchInvalidArgumentException: [ExecuTorch Error 0x12] Invalid argument: Execution failed for method: forward	n0*=arange.start_out(·,·,·,·)
SKIP	w84:271	executor ExecutorchInvalidArgumentException: [ExecuTorch Error 0x12] Invalid argument: Execution failed for method: forward	n0*=native_group_norm(L0,·,·,·,·,·,·,·)
MISMATCH	w84:298	out[0] max|delta|=6.918e+18 (rtol=0.01 atol=0.001)	n0*=bitwise_left_shift.Tensor_out(L0,L1,·)
MISMATCH	w84:304	out[0] max|delta|=1.000e+00 (rtol=0.0 atol=0.0)	n0*=sum.IntList_out(L0,·,·,·,·)
MISMATCH	w84:315	out[0] shape (0, 0) vs (0, 0, 0, 0, 0)	n0*=topk.values(L0,·,·,·,·,L1,L2)
MISMATCH	w84:331	out[0] non-finite mismatch (nan/inf positions differ)	n0*=gelu.out(L0,·,·)
SKIP	w84:353	executor ExecutorchInvalidArgumentException: [ExecuTorch Error 0x12] Invalid argument: Execution failed for method: forward	n0*=native_group_norm(L0,·,·,·,·,·,·,·)
SKIP	w84:356	executor ExecutorchInvalidArgumentException: [ExecuTorch Error 0x12] Invalid argument: Execution failed for method: forward	n0*=_pdist_forward(L0,·)
SKIP	w84:384	executor ExecutorchRuntimeException: [ExecuTorch Error 0x14] Operator missing: Execution failed for method: forward	n0*=_fft_r2c(L0,·,·,·)
SKIP	w84:43	executor ExecutorchInvalidArgumentException: [ExecuTorch Error 0x12] Invalid argument: Execution failed for method: forward	n0*=native_group_norm(L0,·,·,·,·,·,·,·)
MISMATCH	w84:447	out[0] max|delta|=2.306e+18 (rtol=0.0 atol=0.0)	n0*=bitwise_left_shift.Tensor_Scalar(L0,·)
MISMATCH	w84:469	out[0] max|delta|=8.000e+00 (rtol=0.01 atol=0.001)	n0*=remainder.Scalar_out(L0,·,·)
SKIP	w84:474	executor ExecutorchInvalidArgumentException: [ExecuTorch Error 0x12] Invalid argument: Execution failed for method: forward	n0*=arange.start_out(·,·,·,·)
MISMATCH	w84:491	out[0] non-finite mismatch (nan/inf positions differ)	n0*=grid_sampler_2d(L0,L1,·,·,·)
MISMATCH	w84:5	out[0] max|delta|=1.000e+00 (rtol=0.0 atol=0.0)	n0*=prod(L0,·)
SKIP	w84:499	executor ExecutorchInvalidArgumentException: [ExecuTorch Error 0x12] Invalid argument: Execution failed for method: forward	n0*=native_group_norm(L0,·,·,·,·,·,·,·)
SKIP	w84:545	executor ExecutorchInvalidArgumentException: [ExecuTorch Error 0x12] Invalid argument: Execution failed for method: forward	n0*=copy(L0,L1,·)
MISMATCH	w84:557	out[0] shape (1,) vs (0, 0, 0, 0, 0)	n0*=min.dim_min(L0,·,·,L1,L2)
MISMATCH	w84:579	out[0] non-finite mismatch (nan/inf positions differ)	n0*=_native_batch_norm_legit.no_stats(L0,·,·,·,·,·)
SKIP	w84:581	executor ExecutorchInvalidArgumentException: [ExecuTorch Error 0x12] Invalid argument: Execution failed for method: forward	n0*=native_group_norm(L0,·,·,·,·,·,·,·)
SKIP	w84:584	executor ExecutorchInvalidArgumentException: [ExecuTorch Error 0x12] Invalid argument: Execution failed for method: forward	n0*=_pdist_forward(L0,·)
MISMATCH	w84:597	out[0] non-finite mismatch (nan/inf positions differ)	n0*=log.out(L0,·)
SKIP	w84:612	executor ExecutorchRuntimeException: [ExecuTorch Error 0x14] Operator missing: Execution failed for method: forward	n0*=_fft_r2c(L0,·,·,·)
CRASH	w84:177	executor unavailable	n0*=clamp.out(L0,·,·,·)
CRASH	w84:192	executor unavailable	n0*=floor_divide(L0,L1)
MISMATCH	w84:675	out[0] max|delta|=2.684e+08 (rtol=0.0 atol=0.0)	n0*=bitwise_left_shift.Tensor_Scalar(L0,·)
SKIP	w84:683	executor ExecutorchInvalidArgumentException: [ExecuTorch Error 0x12] Invalid argument: Execution failed for method: forward	n0*=expand_copy(L0,·,·)
CRASH	w84:280	executor unavailable	n0*=cos.out(L0,·)
MISMATCH	w84:689	out[0] max|delta|=1.000e+00 (rtol=0.0 atol=0.0)	n0*=prod(L0,·)
MISMATCH	w84:70	out[0] max|delta|=1.611e+09 (rtol=0.0 atol=0.0)	n0*=bitwise_left_shift.Tensor_out(L0,L1,·)
SKIP	w84:700	executor ExecutorchInvalidArgumentException: [ExecuTorch Error 0x12] Invalid argument: Execution failed for method: forward	n0*=_adaptive_avg_pool2d(L0,·)
SKIP	w84:702	executor ExecutorchInvalidArgumentException: [ExecuTorch Error 0x12] Invalid argument: Execution failed for method: forward	n0*=arange.start_out(·,·,·,·)
CRASH	w84:36	executor unavailable	n0*=le.Tensor_out(L0,L1,·)
SKIP	w84:727	executor ExecutorchInvalidArgumentException: [ExecuTorch Error 0x12] Invalid argument: Execution failed for method: forward	n0*=native_group_norm(L0,·,·,·,·,·,·,·)
CRASH	w84:486	executor unavailable	n0*=flip(L0,·)
CRASH	w84:521	executor unavailable	n0*=abs(L0)
MISMATCH	w84:754	out[0] non-finite mismatch (nan/inf positions differ)	n0*=bitwise_left_shift.Tensor_out(L0,L1,·)
CRASH	w84:559	executor unavailable	n0*=gelu.out(L0,·,·)
MISMATCH	w84:771	out[0] shape (1, 1, 1, 1) vs (0, 0, 0, 0, 0)	n0*=topk.values(L0,·,·,·,·,L1,L2)
SKIP	w84:773	executor ExecutorchInvalidArgumentException: [ExecuTorch Error 0x12] Invalid argument: Execution failed for method: forward	n0*=copy(L0,L1,·)
CRASH	w84:57	executor unavailable	n0*=roll(L0,·,·)
SKIP	w85:101	executor ExecutorchInvalidArgumentException: [ExecuTorch Error 0x12] Invalid argument: Execution failed for method: forward	n0*=expand_copy(L0,·,·)
MISMATCH	w85:107	out[0] max|delta|=2.550e+02 (rtol=0.0 atol=0.0)	n0*=prod(L0,·)
CRASH	w84:622	executor unavailable	n0*=pixel_unshuffle(L0,·)
CRASH	w84:621	executor unavailable	n0*=_native_batch_norm_legit_no_training(L0,·,·,L1,L2,·,·)
SKIP	w85:120	executor ExecutorchInvalidArgumentException: [ExecuTorch Error 0x12] Invalid argument: Execution failed for method: forward	n0*=arange.start_out(·,·,·,·)
SKIP	w85:145	executor ExecutorchInvalidArgumentException: [ExecuTorch Error 0x12] Invalid argument: Execution failed for method: forward	n0*=native_group_norm(L0,·,·,·,·,·,·,·)
CRASH	w84:651	executor unavailable	n0*=mm.out(L0,L1,·)
MISMATCH	w85:172	out[0] max|delta|=6.918e+18 (rtol=0.0 atol=0.0)	n0*=bitwise_left_shift.Tensor_out(L0,L1,·)
CRASH	w84:656	executor unavailable	n0*=elu.out(L0,·,·,·,·)
MISMATCH	w85:189	out[0] shape (1, 1, 1, 1, 1) vs (0, 0, 0, 0, 0)	n0*=topk.values(L0,·,·,·,·,L1,L2)
SKIP	w85:2	executor ExecutorchInvalidArgumentException: [ExecuTorch Error 0x12] Invalid argument: Execution failed for method: forward	n0*=_pdist_forward(L0,·)
MISMATCH	w85:205	out[0] non-finite mismatch (nan/inf positions differ)	n0*=gelu.out(L0,·,·)
MISMATCH	w85:218	out[0] max|delta|=4.000e+00 (rtol=0.0 atol=0.0)	n0*=remainder.Tensor_out(L0,L1,·)
SKIP	w85:227	executor ExecutorchInvalidArgumentException: [ExecuTorch Error 0x12] Invalid argument: Execution failed for method: forward	n0*=native_group_norm(L0,·,·,·,·,·,·,·)
SKIP	w85:258	executor ExecutorchRuntimeException: [ExecuTorch Error 0x14] Operator missing: Execution failed for method: forward	n0*=_fft_r2c(L0,·,·,·)
MISMATCH	w85:282	out[0] max|delta|=1.600e+01 (rtol=0.0 atol=0.0)	n0*=bitwise_right_shift.Tensor_Scalar(L0,·)
SKIP	w85:30	executor ExecutorchRuntimeException: [ExecuTorch Error 0x14] Operator missing: Execution failed for method: forward	n0*=_fft_r2c(L0,·,·,·)
MISMATCH	w85:321	out[0] max|delta|=1.153e+18 (rtol=0.0 atol=0.0)	n0*=bitwise_left_shift.Tensor_Scalar(L0,·)
MISMATCH	w85:343	out[0] max|delta|=4.000e+00 (rtol=0.01 atol=0.001)	n0*=remainder.Scalar_out(L0,·,·)
SKIP	w85:348	executor ExecutorchInvalidArgumentException: [ExecuTorch Error 0x12] Invalid argument: Execution failed for method: forward	n0*=arange.start_out(·,·,·,·)
SKIP	w85:373	executor ExecutorchInvalidArgumentException: [ExecuTorch Error 0x12] Invalid argument: Execution failed for method: forward	n0*=native_group_norm(L0,·,·,·,·,·,·,·)
MISMATCH	w85:407	out[0] non-finite mismatch (nan/inf positions differ)	n0*=logit.out(L0,·,·)
CRASH	w84:713	executor unavailable	n0*=eq.Scalar_out(L0,·,·)
MISMATCH	w85:432	out[0] non-finite mismatch (nan/inf positions differ)	n0*=logit(L0,·)
MISMATCH	w85:433	out[0] non-finite mismatch (nan/inf positions differ)	n0*=gelu.out(L0,·,·)
CRASH	w84:74	executor unavailable	n0*=abs.out(L0,·)
MISMATCH	w85:447	out[0] max|delta|=4.000e+00 (rtol=0.0 atol=0.0)	n0*=fmod.Scalar(L0,·)
MISMATCH	w85:448	out[0] shape (1,) vs (0, 0, 0, 0, 0)	n0*=max.dim_max(L0,·,·,L1,L2)
CRASH	w84:85	executor unavailable	n0*=avg_pool2d.out(L0,·,·,·,·,·,·,·)
SKIP	w85:458	executor ExecutorchInvalidArgumentException: [ExecuTorch Error 0x12] Invalid argument: Execution failed for method: forward	n0*=_pdist_forward(L0,·)
CRASH	w85:130	executor unavailable	n0*=permute_copy(L0,·)
MISMATCH	w85:471	out[0] non-finite mismatch (nan/inf positions differ)	n0*=log.out(L0,·)
CRASH	w85:162	executor unavailable	n0*=view_copy(L0,·)
SKIP	w85:486	executor ExecutorchRuntimeException: [ExecuTorch Error 0x14] Operator missing: Execution failed for method: forward	n0*=_fft_r2c(L0,·,·,·)
SKIP	w85:455	executor ExecutorchInvalidArgumentException: [ExecuTorch Error 0x12] Invalid argument: Execution failed for method: forward	n0*=native_group_norm(L0,·,·,·,·,·,·,·)
CRASH	w85:264	executor unavailable	n0*=fill.Scalar(L0,·)
SKIP	w85:557	executor ExecutorchInvalidArgumentException: [ExecuTorch Error 0x12] Invalid argument: Execution failed for method: forward	n0*=expand_copy(L0,·,·)
SKIP	w85:576	executor ExecutorchInvalidArgumentException: [ExecuTorch Error 0x12] Invalid argument: Execution failed for method: forward	n0*=arange.start_out(·,·,·,·)
CRASH	w85:304	executor unavailable	n0*=addmm.out(L0,L1,L2,·,·,·)
SKIP	w85:582	executor ExecutorchInvalidArgumentException: [ExecuTorch Error 0x12] Invalid argument: Execution failed for method: forward	n0*=scatter.value_out(L0,·,L1,·,·)
SKIP	w85:601	executor ExecutorchInvalidArgumentException: [ExecuTorch Error 0x12] Invalid argument: Execution failed for method: forward	n0*=native_group_norm(L0,·,·,·,·,·,·,·)
CRASH	w85:365	executor unavailable	n0*=grid_sampler_2d(L0,L1,·,·,·)
CRASH	w85:413	executor unavailable	n0*=ge.Tensor_out(L0,L1,·)
CRASH	w85:411	executor unavailable	n0*=index.Tensor_out(L0,·,·)
CRASH	w85:416	executor unavailable	n0*=narrow_copy(L0,·,·,·)
SKIP	w85:647	executor ExecutorchInvalidArgumentException: [ExecuTorch Error 0x12] Invalid argument: Execution failed for method: forward	n0*=copy(L0,L1,·)
CRASH	w85:430	executor unavailable	n0*=zeros.out(·,·)
MISMATCH	w85:661	out[0] non-finite mismatch (nan/inf positions differ)	n0*=gelu.out(L0,·,·)
MISMATCH	w85:660	out[0] non-finite mismatch (nan/inf positions differ)	n0*=logit(L0,·)
SKIP	w85:683	executor ExecutorchInvalidArgumentException: [ExecuTorch Error 0x12] Invalid argument: Execution failed for method: forward	n0*=native_group_norm(L0,·,·,·,·,·,·,·)
SKIP	w85:714	executor ExecutorchRuntimeException: [ExecuTorch Error 0x14] Operator missing: Execution failed for method: forward	n0*=_fft_r2c(L0,·,·,·)
MISMATCH	w85:770	out[0] max|delta|=2.000e+00 (rtol=0.0 atol=0.0)	n0*=remainder.Scalar(L0,·)
SKIP	w85:778	executor ExecutorchRuntimeException: [ExecuTorch Error 0x1] Internal error: Execution failed for method: forward	n0*=pixel_shuffle(L0,·)
SKIP	w85:95	executor ExecutorchInvalidArgumentException: [ExecuTorch Error 0x12] Invalid argument: Execution failed for method: forward	n0*=scatter_add.out(L0,·,L1,L2,·)
MISMATCH	w86:151	out[0] max|delta|=7.206e+16 (rtol=0.0 atol=0.0)	n0*=bitwise_left_shift.Tensor_Scalar(L0,·)
SKIP	w86:159	executor ExecutorchInvalidArgumentException: [ExecuTorch Error 0x12] Invalid argument: Execution failed for method: forward	n0*=expand_copy(L0,·,·)
SKIP	w86:178	executor ExecutorchInvalidArgumentException: [ExecuTorch Error 0x12] Invalid argument: Execution failed for method: forward	n0*=arange.start_out(·,·,·,·)
MISMATCH	w86:19	out[0] shape (0, 0, 0, 0) vs (0, 0, 0, 0, 0)	n0*=topk.values(L0,·,·,·,·,L1,L2)
SKIP	w86:198	executor ExecutorchInvalidArgumentException: [ExecuTorch Error 0x12] Invalid argument: Execution failed for method: forward	n0*=convolution(L0,L1,·,·,·,·,·,·,·)
MISMATCH	w86:2	out[0] max|delta|=2.147e+09 (rtol=0.0 atol=0.0)	n0*=bitwise_left_shift.Tensor_out(L0,L1,·)
CRASH	w85:516	executor unavailable	n0*=unbind_copy.int(L0,·)
CRASH	w85:574	executor unavailable	n0*=_adaptive_avg_pool2d(L0,·)
CRASH	w85:594	executor unavailable	n0*=le.Tensor_out(L0,L1,·)
SKIP	w86:21	executor ExecutorchInvalidArgumentException: [ExecuTorch Error 0x12] Invalid argument: Execution failed for method: forward	n0*=copy(L0,L1,·)
CRASH	w85:631	executor unavailable	n0*=hardtanh(L0,·,·)
CRASH	w85:645	executor unavailable	n0*=topk.values(L0,·,·,·,·,L1,L2)
MISMATCH	w86:227	out[0] max|delta|=5.765e+17 (rtol=0.01 atol=0.001)	n0*=bitwise_left_shift.Tensor_Scalar_out(L0,·,·)
MISMATCH	w86:230	out[0] max|delta|=9.223e+18 (rtol=0.01 atol=0.001)	n0*=bitwise_left_shift.Tensor_out(L0,L1,·)
MISMATCH	w86:236	out[0] max|delta|=1.000e+00 (rtol=0.0 atol=0.0)	n0*=sum.IntList_out(L0,·,·,·,·)
MISMATCH	w86:247	out[0] shape (1, 1, 1, 1) vs (0, 0, 0, 0, 0)	n0*=topk.values(L0,·,·,·,·,L1,L2)
CRASH	w85:686	executor unavailable	n0*=_pdist_forward(L0,·)
SKIP	w86:285	executor ExecutorchInvalidArgumentException: [ExecuTorch Error 0x12] Invalid argument: Execution failed for method: forward	n0*=native_group_norm(L0,·,·,·,·,·,·,·)
CRASH	w85:723	executor unavailable	n0*=_native_batch_norm_legit_no_training(L0,·,·,L1,L2,·,·)
MISMATCH	w86:301	out[0] non-finite mismatch (nan/inf positions differ)	n0*=log.out(L0,·)
SKIP	w86:316	executor ExecutorchRuntimeException: [ExecuTorch Error 0x14] Operator missing: Execution failed for method: forward	n0*=_fft_r2c(L0,·,·,·)
CRASH	w85:86	executor unavailable	n0*=remainder.Scalar(L0,·)
CRASH	w86:107	executor unavailable	n0*=leaky_relu.out(L0,·,·)
SKIP	w86:345	executor IllegalArgumentException: unsupported input dtype code 24 on Android	n0*=linear.out(L0,L1,·,·)
CRASH	w86:117	executor unavailable	n0*=linear.out(L0,L1,·,·)
SKIP	w86:406	executor ExecutorchInvalidArgumentException: [ExecuTorch Error 0x12] Invalid argument: Execution failed for method: forward	n0*=arange.start_out(·,·,·,·)
SKIP	w86:431	executor ExecutorchInvalidArgumentException: [ExecuTorch Error 0x12] Invalid argument: Execution failed for method: forward	n0*=native_group_norm(L0,·,·,·,·,·,·,·)
MISMATCH	w86:455	out[0] max|delta|=1.153e+18 (rtol=0.01 atol=0.001)	n0*=bitwise_left_shift.Tensor_Scalar_out(L0,·,·)
MISMATCH	w86:35	out[0] non-finite mismatch (nan/inf positions differ)	n0*=gelu.out(L0,·,·)
MISMATCH	w86:458	out[0] max|delta|=1.611e+09 (rtol=0.0 atol=0.0)	n0*=bitwise_left_shift.Tensor_out(L0,L1,·)
MISMATCH	w86:464	out[0] max|delta|=1.000e+00 (rtol=0.0 atol=0.0)	n0*=sum.IntList_out(L0,·,·,·,·)
SKIP	w86:470	executor ExecutorchInvalidArgumentException: [ExecuTorch Error 0x12] Invalid argument: Execution failed for method: forward	n0*=scatter.src_out(L0,·,L1,L2,·)
MISMATCH	w86:475	out[0] shape (0, 0) vs (0, 0, 0, 0, 0)	n0*=topk.values(L0,·,·,·,·,L1,L2)
CRASH	w86:203	executor unavailable	n0*=native_group_norm(L0,·,·,·,·,·,·,·)
CRASH	w86:204	executor unavailable	n0*=squeeze_copy.dims(L0,·)
MISMATCH	w86:491	out[0] non-finite mismatch (nan/inf positions differ)	n0*=gelu.out(L0,·,·)
SKIP	w86:513	executor ExecutorchInvalidArgumentException: [ExecuTorch Error 0x12] Invalid argument: Execution failed for method: forward	n0*=native_group_norm(L0,·,·,·,·,·,·,·)
SKIP	w86:516	executor ExecutorchInvalidArgumentException: [ExecuTorch Error 0x12] Invalid argument: Execution failed for method: forward	n0*=_pdist_forward(L0,·)
SKIP	w86:528	executor ExecutorchRuntimeException: [ExecuTorch Error 0x1] Internal error: Execution failed for method: forward	n0*=pixel_shuffle(L0,·)
SKIP	w86:544	executor ExecutorchRuntimeException: [ExecuTorch Error 0x14] Operator missing: Execution failed for method: forward	n0*=_fft_r2c(L0,·,·,·)
SKIP	w86:57	executor ExecutorchInvalidArgumentException: [ExecuTorch Error 0x12] Invalid argument: Execution failed for method: forward	n0*=native_group_norm(L0,·,·,·,·,·,·,·)
MISMATCH	w86:600	out[0] max|delta|=3.000e+00 (rtol=0.0 atol=0.0)	n0*=remainder.Scalar(L0,·)
SKIP	w86:60	executor ExecutorchInvalidArgumentException: [ExecuTorch Error 0x12] Invalid argument: Execution failed for method: forward	n0*=_pdist_forward(L0,·)
MISMATCH	w86:607	out[0] max|delta|=1.153e+18 (rtol=0.0 atol=0.0)	n0*=bitwise_left_shift.Tensor_Scalar(L0,·)
SKIP	w86:615	executor ExecutorchInvalidArgumentException: [ExecuTorch Error 0x12] Invalid argument: Execution failed for method: forward	n0*=expand_copy(L0,·,·)
MISMATCH	w86:629	out[0] max|delta|=7.000e+00 (rtol=0.0 atol=0.0)	n0*=remainder.Scalar_out(L0,·,·)
SKIP	w86:634	executor ExecutorchInvalidArgumentException: [ExecuTorch Error 0x12] Invalid argument: Execution failed for method: forward	n0*=arange.start_out(·,·,·,·)
SKIP	w86:659	executor ExecutorchInvalidArgumentException: [ExecuTorch Error 0x12] Invalid argument: Execution failed for method: forward	n0*=native_group_norm(L0,·,·,·,·,·,·,·)
MISMATCH	w86:686	out[0] max|delta|=6.918e+18 (rtol=0.01 atol=0.001)	n0*=bitwise_left_shift.Tensor_out(L0,L1,·)
CRASH	w86:273	executor unavailable	n0*=acosh.out(L0,·)
CRASH	w86:330	executor unavailable	n0*=_upsample_bilinear2d_aa.out(L0,·,·,·,·,·)
CRASH	w86:353	executor unavailable	n0*=bitwise_not.out(L0,·)
CRASH	w86:394	executor unavailable	n0*=split_with_sizes_copy(L0,·,·)
SKIP	w86:72	executor ExecutorchRuntimeException: [ExecuTorch Error 0x1] Internal error: Execution failed for method: forward	n0*=pixel_shuffle(L0,·)
CRASH	w86:405	executor unavailable	n0*=amax.out(L0,·,·,·)
MISMATCH	w86:732	out[0] max|delta|=3.000e+00 (rtol=0.01 atol=0.001)	n0*=remainder.Tensor_out(L0,L1,·)
MISMATCH	w86:703	out[0] shape (0,) vs (0, 0, 0, 0, 0)	n0*=topk.values(L0,·,·,·,·,L1,L2)
SKIP	w86:741	executor ExecutorchInvalidArgumentException: [ExecuTorch Error 0x12] Invalid argument: Execution failed for method: forward	n0*=native_group_norm(L0,·,·,·,·,·,·,·)
CRASH	w86:459	executor unavailable	n0*=div.out_mode(L0,L1,·,·)
MISMATCH	w86:757	out[0] non-finite mismatch (nan/inf positions differ)	n0*=log.out(L0,·)
MISMATCH	w86:719	out[0] non-finite mismatch (nan/inf positions differ)	n0*=gelu.out(L0,·,·)
SKIP	w86:772	executor ExecutorchRuntimeException: [ExecuTorch Error 0x14] Operator missing: Execution failed for method: forward	n0*=_fft_r2c(L0,·,·,·)
SKIP	w86:88	executor ExecutorchRuntimeException: [ExecuTorch Error 0x14] Operator missing: Execution failed for method: forward	n0*=_fft_r2c(L0,·,·,·)
CRASH	w86:80	executor process died (native abort)	n0*=max_pool2d_with_indices_backward.grad_input(L0,L1,·,·,·,·,·,L2,L3)
CRASH	w86:527	executor unavailable	n0*=atan2.out(L0,L1,·)
MISMATCH	w87:103	out[0] non-finite mismatch (nan/inf positions differ)	n0*=log.out(L0,·)
SKIP	w87:102	executor ExecutorchRuntimeException: [ExecuTorch Error 0x1] Internal error: Execution failed for method: forward	n0*=pixel_shuffle(L0,·)
SKIP	w87:118	executor ExecutorchRuntimeException: [ExecuTorch Error 0x14] Operator missing: Execution failed for method: forward	n0*=_fft_r2c(L0,·,·,·)
SKIP	w87:147	executor IllegalArgumentException: unsupported input dtype code 24 on Android	n0*=linear.out(L0,L1,·,·)
SKIP	w87:189	executor ExecutorchInvalidArgumentException: [ExecuTorch Error 0x12] Invalid argument: Execution failed for method: forward	n0*=expand_copy(L0,·,·)
SKIP	w87:208	executor ExecutorchInvalidArgumentException: [ExecuTorch Error 0x12] Invalid argument: Execution failed for method: forward	n0*=arange.start_out(·,·,·,·)
CRASH	w86:649	executor unavailable	n0*=any.all_out(L0,·)
CRASH	w86:67	executor unavailable	n0*=sin.out(L0,·)
CRASH	w86:672	executor unavailable	n0*=round.out(L0,·)
CRASH	w86:688	executor unavailable	n0*=var.correction_out(L0,·,·,·,·)
CRASH	w86:700	executor unavailable	n0*=replication_pad1d.out(L0,·,·)
SKIP	w87:233	executor ExecutorchInvalidArgumentException: [ExecuTorch Error 0x12] Invalid argument: Execution failed for method: forward	n0*=native_group_norm(L0,·,·,·,·,·,·,·)
MISMATCH	w87:260	out[0] max|delta|=1.611e+09 (rtol=0.0 atol=0.0)	n0*=bitwise_left_shift.Tensor_out(L0,L1,·)
MISMATCH	w87:267	out[0] non-finite mismatch (nan/inf positions differ)	n0*=logit.out(L0,·,·)
SKIP	w87:272	executor ExecutorchInvalidArgumentException: [ExecuTorch Error 0x12] Invalid argument: Execution failed for method: forward	n0*=scatter.src_out(L0,·,L1,L2,·)
MISMATCH	w87:277	out[0] shape (1, 1, 1, 1, 0) vs (0, 0, 0, 0, 0)	n0*=topk.values(L0,·,·,·,·,L1,L2)
MISMATCH	w87:293	out[0] non-finite mismatch (nan/inf positions differ)	n0*=gelu.out(L0,·,·)
SKIP	w87:318	executor ExecutorchInvalidArgumentException: [ExecuTorch Error 0x12] Invalid argument: Execution failed for method: forward	n0*=_pdist_forward(L0,·)
MISMATCH	w87:32	out[0] max|delta|=6.918e+18 (rtol=0.01 atol=0.001)	n0*=bitwise_left_shift.Tensor_out(L0,L1,·)
SKIP	w87:346	executor ExecutorchRuntimeException: [ExecuTorch Error 0x14] Operator missing: Execution failed for method: forward	n0*=_fft_r2c(L0,·,·,·)
MISMATCH	w87:370	out[0] max|delta|=1.600e+01 (rtol=0.0 atol=0.0)	n0*=bitwise_right_shift.Tensor_Scalar(L0,·)
CRASH	w86:86	executor unavailable	n0*=any.dims_out(L0,·,·,·)
CRASH	w87:120	executor unavailable	n0*=erf.out(L0,·)
CRASH	w87:144	executor unavailable	n0*=log1p.out(L0,·)
CRASH	w87:182	executor unavailable	n0*=pixel_shuffle(L0,·)
MISMATCH	w87:409	out[0] max|delta|=2.306e+18 (rtol=0.0 atol=0.0)	n0*=bitwise_left_shift.Tensor_Scalar(L0,·)
CRASH	w87:191	executor unavailable	n0*=bitwise_or.Tensor_out(L0,L1,·)
CRASH	w87:230	executor unavailable	n0*=glu.out(L0,·,·)
SKIP	w87:436	executor ExecutorchInvalidArgumentException: [ExecuTorch Error 0x12] Invalid argument: Execution failed for method: forward	n0*=arange.start_out(·,·,·,·)
CRASH	w87:240	executor unavailable	n0*=amin.out(L0,·,·,·)
MISMATCH	w87:453	out[0] non-finite mismatch (nan/inf positions differ)	n0*=grid_sampler_2d(L0,L1,·,·,·)
SKIP	w87:461	executor ExecutorchInvalidArgumentException: [ExecuTorch Error 0x12] Invalid argument: Execution failed for method: forward	n0*=native_group_norm(L0,·,·,·,·,·,·,·)
MISMATCH	w87:488	out[0] max|delta|=9.223e+18 (rtol=0.01 atol=0.001)	n0*=bitwise_left_shift.Tensor_out(L0,L1,·)
MISMATCH	w87:49	out[0] shape (0,) vs (0, 0, 0, 0, 0)	n0*=topk.values(L0,·,·,·,·,L1,L2)
SKIP	w87:411	executor ExecutorchInvalidArgumentException: [ExecuTorch Error 0x12] Invalid argument: Execution failed for method: forward	n0*=scatter_add.out(L0,·,L1,L2,·)
MISMATCH	w87:495	out[0] non-finite mismatch (nan/inf positions differ)	n0*=logit.out(L0,·,·)
SKIP	w87:5	executor ExecutorchInvalidArgumentException: [ExecuTorch Error 0x12] Invalid argument: Execution failed for method: forward	n0*=native_group_norm(L0,·,·,·,·,·,·,·)
SKIP	w87:500	executor ExecutorchInvalidArgumentException: [ExecuTorch Error 0x12] Invalid argument: Execution failed for method: forward	n0*=scatter.src_out(L0,·,L1,L2,·)
SKIP	w87:507	executor ExecutorchInvalidArgumentException: [ExecuTorch Error 0x12] Invalid argument: Execution failed for method: forward	n0*=copy(L0,L1,·)
MISMATCH	w87:520	out[0] non-finite mismatch (nan/inf positions differ)	n0*=logit(L0,·)
MISMATCH	w87:536	out[0] shape (1, 1) vs (0, 0, 0, 0)	n0*=max.dim_max(L0,·,·,L1,L2)
SKIP	w87:543	executor ExecutorchInvalidArgumentException: [ExecuTorch Error 0x12] Invalid argument: Execution failed for method: forward	n0*=native_group_norm(L0,·,·,·,·,·,·,·)
SKIP	w87:546	executor ExecutorchInvalidArgumentException: [ExecuTorch Error 0x12] Invalid argument: Execution failed for method: forward	n0*=_pdist_forward(L0,·)
SKIP	w87:574	executor ExecutorchRuntimeException: [ExecuTorch Error 0x14] Operator missing: Execution failed for method: forward	n0*=_fft_r2c(L0,·,·,·)
CRASH	w87:288	executor unavailable	n0*=linear(L0,L1,·)
CRASH	w87:566	executor process died (native abort)	n0*=max_pool2d_with_indices_backward.grad_input(L0,L1,·,·,·,·,·,L2,L3)
CRASH	w87:339	executor unavailable	n0*=cumsum.out(L0,·,·,·)
CRASH	w87:35	executor unavailable	n0*=hardtanh(L0,·,·)
CRASH	w87:368	executor unavailable	n0*=argmax.out(L0,·,·,·)
MISMATCH	w87:637	out[0] max|delta|=4.612e+18 (rtol=0.0 atol=0.0)	n0*=bitwise_left_shift.Tensor_Scalar(L0,·)
SKIP	w87:639	executor ExecutorchInvalidArgumentException: [ExecuTorch Error 0x12] Invalid argument: Execution failed for method: forward	n0*=scatter_add.out(L0,·,L1,L2,·)
CRASH	w87:393	executor unavailable	n0*=unfold_copy(L0,·,·,·)
MISMATCH	w87:65	out[0] non-finite mismatch (nan/inf positions differ)	n0*=gelu.out(L0,·,·)
SKIP	w87:664	executor ExecutorchInvalidArgumentException: [ExecuTorch Error 0x12] Invalid argument: Execution failed for method: forward	n0*=arange.start_out(·,·,·,·)
MISMATCH	w87:713	out[0] max|delta|=5.765e+17 (rtol=0.01 atol=0.001)	n0*=bitwise_left_shift.Tensor_Scalar_out(L0,·,·)
MISMATCH	w87:716	out[0] max|delta|=6.918e+18 (rtol=0.01 atol=0.001)	n0*=bitwise_left_shift.Tensor_out(L0,L1,·)
MISMATCH	w87:748	out[0] non-finite mismatch (nan/inf positions differ)	n0*=logit(L0,·)
MISMATCH	w87:762	out[0] max|delta|=3.000e+00 (rtol=0.01 atol=0.001)	n0*=remainder.Tensor_out(L0,L1,·)
SKIP	w87:774	executor ExecutorchInvalidArgumentException: [ExecuTorch Error 0x12] Invalid argument: Execution failed for method: forward	n0*=_pdist_forward(L0,·)
MISMATCH	w87:80	out[0] shape (1, 1) vs (0, 0, 0, 0, 0)	n0*=max.dim_max(L0,·,·,L1,L2)
MISMATCH	w87:87	out[0] non-finite mismatch (nan/inf positions differ)	n0*=native_group_norm(L0,·,·,·,·,·,·,·)
SKIP	w87:90	executor ExecutorchInvalidArgumentException: [ExecuTorch Error 0x12] Invalid argument: Execution failed for method: forward	n0*=_pdist_forward(L0,·)
MISMATCH	w87:78	out[0] max|delta|=4.000e+00 (rtol=0.0 atol=0.0)	n0*=remainder.Tensor_out(L0,L1,·)
SKIP	w88:125	executor ExecutorchInvalidArgumentException: [ExecuTorch Error 0x12] Invalid argument: Execution failed for method: forward	n0*=scatter.src_out(L0,·,L1,L2,·)
MISMATCH	w88:146	out[0] non-finite mismatch (nan/inf positions differ)	n0*=gelu.out(L0,·,·)
CRASH	w87:489	executor unavailable	n0*=div.out_mode(L0,L1,·,·)
CRASH	w87:521	executor unavailable	n0*=gelu.out(L0,·,·)
CRASH	w87:544	executor unavailable	n0*=cosh.out(L0,·)
CRASH	w87:62	executor unavailable	n0*=zeros.out(·,·)
CRASH	w87:568	executor unavailable	n0*=reflection_pad2d.out(L0,·,·)
CRASH	w87:611	executor unavailable	n0*=bitwise_not.out(L0,·)
SKIP	w88:168	executor ExecutorchInvalidArgumentException: [ExecuTorch Error 0x12] Invalid argument: Execution failed for method: forward	n0*=native_group_norm(L0,·,·,·,·,·,·,·)
SKIP	w88:171	executor ExecutorchInvalidArgumentException: [ExecuTorch Error 0x12] Invalid argument: Execution failed for method: forward	n0*=_pdist_forward(L0,·)
SKIP	w88:183	executor ExecutorchRuntimeException: [ExecuTorch Error 0x1] Internal error: Execution failed for method: forward	n0*=pixel_shuffle(L0,·)
SKIP	w88:199	executor ExecutorchRuntimeException: [ExecuTorch Error 0x14] Operator missing: Execution failed for method: forward	n0*=_fft_r2c(L0,·,·,·)
CRASH	w87:685	executor unavailable	n0*=acos.out(L0,·)
CRASH	w87:706	executor unavailable	n0*=view_copy(L0,·)
CRASH	w87:715	executor unavailable	n0*=bitwise_xor.Scalar_out(L0,·,·)
MISMATCH	w88:262	out[0] max|delta|=1.678e+07 (rtol=0.0 atol=0.0)	n0*=bitwise_left_shift.Tensor_Scalar(L0,·)
SKIP	w88:270	executor ExecutorchInvalidArgumentException: [ExecuTorch Error 0x12] Invalid argument: Execution failed for method: forward	n0*=expand_copy(L0,·,·)
CRASH	w87:733	executor unavailable	n0*=topk.values(L0,·,·,·,·,L1,L2)
SKIP	w88:289	executor ExecutorchInvalidArgumentException: [ExecuTorch Error 0x12] Invalid argument: Execution failed for method: forward	n0*=arange.start_out(·,·,·,·)
SKIP	w88:314	executor ExecutorchInvalidArgumentException: [ExecuTorch Error 0x12] Invalid argument: Execution failed for method: forward	n0*=native_group_norm(L0,·,·,·,·,·,·,·)
MISMATCH	w88:338	out[0] max|delta|=5.765e+17 (rtol=0.0 atol=0.0)	n0*=bitwise_left_shift.Tensor_Scalar_out(L0,·,·)
MISMATCH	w88:34	out[0] max|delta|=5.765e+17 (rtol=0.0 atol=0.0)	n0*=bitwise_left_shift.Tensor_Scalar(L0,·)
SKIP	w88:353	executor ExecutorchInvalidArgumentException: [ExecuTorch Error 0x12] Invalid argument: Execution failed for method: forward	n0*=scatter.src_out(L0,·,L1,L2,·)
SKIP	w88:360	executor ExecutorchInvalidArgumentException: [ExecuTorch Error 0x12] Invalid argument: Execution failed for method: forward	n0*=copy(L0,L1,·)
SKIP	w88:427	executor ExecutorchRuntimeException: [ExecuTorch Error 0x14] Operator missing: Execution failed for method: forward	n0*=_fft_r2c(L0,·,·,·)
CRASH	w88:127	executor unavailable	n0*=replication_pad1d.out(L0,·,·)
MISMATCH	w88:490	out[0] max|delta|=8.647e+17 (rtol=0.0 atol=0.0)	n0*=bitwise_left_shift.Tensor_Scalar(L0,·)
SKIP	w88:498	executor ExecutorchInvalidArgumentException: [ExecuTorch Error 0x12] Invalid argument: Execution failed for method: forward	n0*=expand_copy(L0,·,·)
SKIP	w88:517	executor ExecutorchInvalidArgumentException: [ExecuTorch Error 0x12] Invalid argument: Execution failed for method: forward	n0*=arange.start_out(·,·,·,·)
CRASH	w88:148	executor unavailable	n0*=bmm.out(L0,L1,·)
SKIP	w88:542	executor ExecutorchInvalidArgumentException: [ExecuTorch Error 0x12] Invalid argument: Execution failed for method: forward	n0*=native_group_norm(L0,·,·,·,·,·,·,·)
MISMATCH	w88:566	out[0] max|delta|=9.223e+18 (rtol=0.01 atol=0.001)	n0*=bitwise_left_shift.Tensor_Scalar_out(L0,·,·)
MISMATCH	w88:569	out[0] max|delta|=9.223e+18 (rtol=0.01 atol=0.001)	n0*=bitwise_left_shift.Tensor_out(L0,L1,·)
SKIP	w88:581	executor ExecutorchInvalidArgumentException: [ExecuTorch Error 0x12] Invalid argument: Execution failed for method: forward	n0*=scatter.src_out(L0,·,L1,L2,·)
CRASH	w88:224	executor unavailable	n0*=floor_divide.out(L0,L1,·)
CRASH	w88:227	executor unavailable	n0*=masked_scatter(L0,L1,L2)
CRASH	w88:30	executor unavailable	n0*=pow.Tensor_Tensor_out(L0,L1,·)
MISMATCH	w88:602	out[0] non-finite mismatch (nan/inf positions differ)	n0*=gelu.out(L0,·,·)
CRASH	w88:310	executor unavailable	n0*=acos.out(L0,·)
SKIP	w88:61	executor ExecutorchInvalidArgumentException: [ExecuTorch Error 0x12] Invalid argument: Execution failed for method: forward	n0*=arange.start_out(·,·,·,·)
MISMATCH	w88:615	out[0] max|delta|=3.000e+00 (rtol=0.0 atol=0.0)	n0*=remainder.Tensor_out(L0,L1,·)
SKIP	w88:624	executor ExecutorchInvalidArgumentException: [ExecuTorch Error 0x12] Invalid argument: Execution failed for method: forward	n0*=native_group_norm(L0,·,·,·,·,·,·,·)
SKIP	w88:627	executor ExecutorchInvalidArgumentException: [ExecuTorch Error 0x12] Invalid argument: Execution failed for method: forward	n0*=_pdist_forward(L0,·)
SKIP	w88:655	executor ExecutorchRuntimeException: [ExecuTorch Error 0x14] Operator missing: Execution failed for method: forward	n0*=_fft_r2c(L0,·,·,·)
SKIP	w88:684	executor IllegalArgumentException: unsupported input dtype code 24 on Android	n0*=linear.out(L0,L1,·,·)
CRASH	w88:439	executor unavailable	n0*=repeat(L0,·)
CRASH	w88:451	executor unavailable	n0*=bitwise_right_shift.Tensor_Scalar(L0,·)
SKIP	w88:720	executor ExecutorchInvalidArgumentException: [ExecuTorch Error 0x12] Invalid argument: Execution failed for method: forward	n0*=scatter_add.out(L0,·,L1,L2,·)
CRASH	w88:471	executor unavailable	n0*=elu.out(L0,·,·,·,·)
CRASH	w88:511	executor unavailable	n0*=pixel_unshuffle(L0,·)
SKIP	w88:739	executor ExecutorchRuntimeException: [ExecuTorch Error 0x1] Internal error: Execution failed for method: forward	n0*=pixel_unshuffle(L0,·)
CRASH	w88:537	executor unavailable	n0*=convolution(L0,L1,·,·,·,·,·,·,·)
CRASH	w88:544	executor unavailable	n0*=gt.Tensor_out(L0,L1,·)
SKIP	w88:770	executor ExecutorchInvalidArgumentException: [ExecuTorch Error 0x12] Invalid argument: Execution failed for method: forward	n0*=native_group_norm(L0,·,·,·,·,·,·,·)
SKIP	w88:86	executor ExecutorchInvalidArgumentException: [ExecuTorch Error 0x12] Invalid argument: Execution failed for method: forward	n0*=native_group_norm(L0,·,·,·,·,·,·,·)
SKIP	w89:123	executor ExecutorchInvalidArgumentException: [ExecuTorch Error 0x12] Invalid argument: Execution failed for method: forward	n0*=arange.start_out(·,·,·,·)
CRASH	w88:575	executor unavailable	n0*=sum.IntList_out(L0,·,·,·,·)
SKIP	w88:745	executor ExecutorchInvalidArgumentException: [ExecuTorch Error 0x12] Invalid argument: Execution failed for method: forward	n0*=arange.start_out(·,·,·,·)
MISMATCH	w89:172	out[0] max|delta|=4.027e+08 (rtol=0.0 atol=0.0)	n0*=bitwise_left_shift.Tensor_Scalar_out(L0,·,·)
MISMATCH	w89:175	out[0] max|delta|=6.918e+18 (rtol=0.01 atol=0.001)	n0*=bitwise_left_shift.Tensor_out(L0,L1,·)
MISMATCH	w89:18	out[0] non-finite mismatch (nan/inf positions differ)	n0*=log.out(L0,·)
MISMATCH	w89:192	out[0] shape (1, 1, 1, 1) vs (0, 0, 0, 0, 0)	n0*=topk.values(L0,·,·,·,·,L1,L2)
CRASH	w88:597	executor unavailable	n0*=linear(L0,L1,·)
MISMATCH	w89:221	out[0] max|delta|=4.000e+00 (rtol=0.0 atol=0.0)	n0*=remainder.Tensor_out(L0,L1,·)
MISMATCH	w89:208	out[0] non-finite mismatch (nan/inf positions differ)	n0*=gelu.out(L0,·,·)
SKIP	w89:233	executor ExecutorchInvalidArgumentException: [ExecuTorch Error 0x12] Invalid argument: Execution failed for method: forward	n0*=_pdist_forward(L0,·)
MISMATCH	w89:246	out[0] non-finite mismatch (nan/inf positions differ)	n0*=log.out(L0,·)
CRASH	w89:25	executor process died (native abort)	n0*=max_pool2d_with_indices_backward.grad_input(L0,L1,·,·,·,·,·,L2,L3)
SKIP	w89:261	executor ExecutorchRuntimeException: [ExecuTorch Error 0x14] Operator missing: Execution failed for method: forward	n0*=_fft_r2c(L0,·,·,·)
MISMATCH	w89:317	out[0] max|delta|=8.000e+00 (rtol=0.0 atol=0.0)	n0*=remainder.Scalar(L0,·)
SKIP	w89:326	executor ExecutorchInvalidArgumentException: [ExecuTorch Error 0x12] Invalid argument: Execution failed for method: forward	n0*=scatter_add.out(L0,·,L1,L2,·)
SKIP	w89:33	executor ExecutorchRuntimeException: [ExecuTorch Error 0x14] Operator missing: Execution failed for method: forward	n0*=_fft_r2c(L0,·,·,·)
SKIP	w89:332	executor ExecutorchInvalidArgumentException: [ExecuTorch Error 0x12] Invalid argument: Execution failed for method: forward	n0*=expand_copy(L0,·,·)
CRASH	w88:725	executor unavailable	n0*=constant_pad_nd(L0,·,·)
CRASH	w88:726	executor unavailable	n0*=expand_copy(L0,·,·)
CRASH	w88:73	executor unavailable	n0*=flip(L0,·)
CRASH	w88:769	executor unavailable	n0*=ne.Tensor_out(L0,L1,·)
SKIP	w89:351	executor ExecutorchInvalidArgumentException: [ExecuTorch Error 0x12] Invalid argument: Execution failed for method: forward	n0*=arange.start_out(·,·,·,·)
CRASH	w89:10	executor unavailable	n0*=arange.out(·,·)
SKIP	w89:376	executor ExecutorchInvalidArgumentException: [ExecuTorch Error 0x12] Invalid argument: Execution failed for method: forward	n0*=native_group_norm(L0,·,·,·,·,·,·,·)
MISMATCH	w89:403	out[0] non-finite mismatch (nan/inf positions differ)	n0*=bitwise_left_shift.Tensor_out(L0,L1,·)
CRASH	w89:136	executor unavailable	n0*=replication_pad3d.out(L0,·,·)
CRASH	w89:165	executor unavailable	n0*=view_copy(L0,·)
MISMATCH	w89:436	out[0] non-finite mismatch (nan/inf positions differ)	n0*=gelu.out(L0,·,·)
SKIP	w89:458	executor ExecutorchInvalidArgumentException: [ExecuTorch Error 0x12] Invalid argument: Execution failed for method: forward	n0*=native_group_norm(L0,·,·,·,·,·,·,·)
SKIP	w89:461	executor ExecutorchInvalidArgumentException: [ExecuTorch Error 0x12] Invalid argument: Execution failed for method: forward	n0*=_pdist_forward(L0,·)
CRASH	w89:230	executor unavailable	n0*=native_group_norm(L0,·,·,·,·,·,·,·)
CRASH	w89:232	executor unavailable	n0*=div.out(L0,L1,·)
MISMATCH	w89:474	out[0] non-finite mismatch (nan/inf positions differ)	n0*=log.out(L0,·)
SKIP	w89:489	executor ExecutorchRuntimeException: [ExecuTorch Error 0x14] Operator missing: Execution failed for method: forward	n0*=_fft_r2c(L0,·,·,·)
SKIP	w89:5	executor ExecutorchInvalidArgumentException: [ExecuTorch Error 0x12] Invalid argument: Execution failed for method: forward	n0*=_pdist_forward(L0,·)
MISMATCH	w89:545	out[0] max|delta|=2.000e+00 (rtol=0.0 atol=0.0)	n0*=remainder.Scalar(L0,·)
MISMATCH	w89:57	out[0] max|delta|=8.000e+00 (rtol=0.0 atol=0.0)	n0*=bitwise_right_shift.Tensor_Scalar(L0,·)
SKIP	w89:579	executor ExecutorchInvalidArgumentException: [ExecuTorch Error 0x12] Invalid argument: Execution failed for method: forward	n0*=arange.start_out(·,·,·,·)
CRASH	w89:295	executor unavailable	n0*=min.unary_out(L0,·)
SKIP	w89:599	executor ExecutorchInvalidArgumentException: [ExecuTorch Error 0x12] Invalid argument: Execution failed for method: forward	n0*=convolution(L0,L1,·,·,·,·,·,·,·)
SKIP	w89:604	executor ExecutorchInvalidArgumentException: [ExecuTorch Error 0x12] Invalid argument: Execution failed for method: forward	n0*=native_group_norm(L0,·,·,·,·,·,·,·)
CRASH	w89:324	executor unavailable	n0*=bitwise_left_shift.Tensor_Scalar(L0,·)
MISMATCH	w89:638	out[0] non-finite mismatch (nan/inf positions differ)	n0*=logit.out(L0,·,·)
CRASH	w89:345	executor unavailable	n0*=pixel_unshuffle(L0,·)
MISMATCH	w89:663	out[0] non-finite mismatch (nan/inf positions differ)	n0*=logit(L0,·)
MISMATCH	w89:664	out[0] non-finite mismatch (nan/inf positions differ)	n0*=gelu.out(L0,·,·)
SKIP	w89:689	executor ExecutorchInvalidArgumentException: [ExecuTorch Error 0x12] Invalid argument: Execution failed for method: forward	n0*=_pdist_forward(L0,·)
SKIP	w89:717	executor ExecutorchRuntimeException: [ExecuTorch Error 0x14] Operator missing: Execution failed for method: forward	n0*=_fft_r2c(L0,·,·,·)
MISMATCH	w89:780	out[0] max|delta|=4.612e+18 (rtol=0.0 atol=0.0)	n0*=bitwise_left_shift.Tensor_Scalar(L0,·)
MISMATCH	w9:103	out[0] max|delta|=4.000e+00 (rtol=0.0 atol=0.0)	n0*=remainder.Tensor_out(L0,L1,·)
SKIP	w9:115	executor ExecutorchInvalidArgumentException: [ExecuTorch Error 0x12] Invalid argument: Execution failed for method: forward	n0*=_pdist_forward(L0,·)
SKIP	w9:143	executor ExecutorchRuntimeException: [ExecuTorch Error 0x14] Operator missing: Execution failed for method: forward	n0*=_fft_r2c(L0,·,·,·)
CRASH	w89:422	executor unavailable	n0*=copy(L0,L1,·)
CRASH	w89:431	executor unavailable	n0*=linear(L0,L1,·)
CRASH	w89:471	executor unavailable	n0*=mul.Scalar(L0,·)
CRASH	w89:49	executor unavailable	n0*=bitwise_and.Tensor_out(L0,L1,·)
CRASH	w89:514	executor unavailable	n0*=floor_divide.out(L0,L1,·)
SKIP	w9:214	executor ExecutorchInvalidArgumentException: [ExecuTorch Error 0x12] Invalid argument: Execution failed for method: forward	n0*=expand_copy(L0,·,·)
MISMATCH	w9:224	out[0] non-finite mismatch (nan/inf positions differ)	n0*=native_layer_norm(L0,·,·,·,·)
CRASH	w89:552	executor unavailable	n0*=bitwise_left_shift.Tensor_Scalar(L0,·)
SKIP	w9:233	executor ExecutorchInvalidArgumentException: [ExecuTorch Error 0x12] Invalid argument: Execution failed for method: forward	n0*=arange.start_out(·,·,·,·)
CRASH	w89:605	executor unavailable	n0*=squeeze_copy.dims(L0,·)
CRASH	w89:639	executor unavailable	n0*=lt.Tensor_out(L0,L1,·)
MISMATCH	w9:250	out[0] non-finite mismatch (nan/inf positions differ)	n0*=grid_sampler_2d(L0,L1,·,·,·)
SKIP	w9:253	executor ExecutorchInvalidArgumentException: [ExecuTorch Error 0x12] Invalid argument: Execution failed for method: forward	n0*=convolution(L0,L1,·,·,·,·,·,·,·)
SKIP	w9:258	executor ExecutorchInvalidArgumentException: [ExecuTorch Error 0x12] Invalid argument: Execution failed for method: forward	n0*=native_group_norm(L0,·,·,·,·,·,·,·)
MISMATCH	w9:285	out[0] max|delta|=9.223e+18 (rtol=0.01 atol=0.001)	n0*=bitwise_left_shift.Tensor_out(L0,L1,·)
CRASH	w89:680	executor unavailable	n0*=logical_or.out(L0,L1,·)
SKIP	w9:30	executor ExecutorchInvalidArgumentException: [ExecuTorch Error 0x12] Invalid argument: Execution failed for method: forward	n0*=native_group_norm(L0,·,·,·,·,·,·,·)
MISMATCH	w9:302	out[0] shape (0,) vs (0, 0)	n0*=topk.values(L0,·,·,·,·,L1,L2)
SKIP	w9:304	executor ExecutorchInvalidArgumentException: [ExecuTorch Error 0x12] Invalid argument: Execution failed for method: forward	n0*=copy(L0,L1,·)
MISMATCH	w9:318	out[0] non-finite mismatch (nan/inf positions differ)	n0*=gelu.out(L0,·,·)
SKIP	w9:371	executor ExecutorchRuntimeException: [ExecuTorch Error 0x14] Operator missing: Execution failed for method: forward	n0*=_fft_r2c(L0,·,·,·)
SKIP	w9:398	executor ExecutorchRuntimeException: [ExecuTorch Error 0x1] Internal error: Execution failed for method: forward	n0*=_softmax.out(L0,·,·,·)
CRASH	w89:768	executor unavailable	n0*=logical_and(L0,L1)
SKIP	w9:436	executor ExecutorchInvalidArgumentException: [ExecuTorch Error 0x12] Invalid argument: Execution failed for method: forward	n0*=scatter_add.out(L0,·,L1,L2,·)
SKIP	w9:461	executor ExecutorchInvalidArgumentException: [ExecuTorch Error 0x12] Invalid argument: Execution failed for method: forward	n0*=arange.start_out(·,·,·,·)
SKIP	w9:486	executor ExecutorchInvalidArgumentException: [ExecuTorch Error 0x12] Invalid argument: Execution failed for method: forward	n0*=native_group_norm(L0,·,·,·,·,·,·,·)
SKIP	w9:5	executor ExecutorchInvalidArgumentException: [ExecuTorch Error 0x12] Invalid argument: Execution failed for method: forward	n0*=arange.start_out(·,·,·,·)
MISMATCH	w9:510	out[0] max|delta|=2.147e+09 (rtol=0.0 atol=0.0)	n0*=bitwise_left_shift.Tensor_Scalar_out(L0,·,·)
MISMATCH	w9:513	out[0] max|delta|=2.147e+09 (rtol=0.01 atol=0.001)	n0*=bitwise_left_shift.Tensor_out(L0,L1,·)
MISMATCH	w9:520	out[0] non-finite mismatch (nan/inf positions differ)	n0*=logit.out(L0,·,·)
MISMATCH	w9:530	out[0] shape (1, 1, 1, 1) vs (0, 0, 0, 0, 0)	n0*=topk.values(L0,·,·,·,·,L1,L2)
MISMATCH	w9:54	out[0] max|delta|=1.153e+18 (rtol=0.01 atol=0.001)	n0*=bitwise_left_shift.Tensor_Scalar_out(L0,·,·)
MISMATCH	w9:546	out[0] non-finite mismatch (nan/inf positions differ)	n0*=gelu.out(L0,·,·)
MISMATCH	w9:560	out[0] max|delta|=4.000e+00 (rtol=0.0 atol=0.0)	n0*=fmod.Scalar(L0,·)
CRASH	w9:148	executor unavailable	n0*=native_layer_norm(L0,·,·,·,·)
CRASH	w9:169	executor unavailable	n0*=log1p.out(L0,·)
SKIP	w9:571	executor ExecutorchInvalidArgumentException: [ExecuTorch Error 0x12] Invalid argument: Execution failed for method: forward	n0*=_pdist_forward(L0,·)
MISMATCH	w9:584	out[0] non-finite mismatch (nan/inf positions differ)	n0*=log.out(L0,·)
SKIP	w9:568	executor ExecutorchInvalidArgumentException: [ExecuTorch Error 0x12] Invalid argument: Execution failed for method: forward	n0*=native_group_norm(L0,·,·,·,·,·,·,·)
SKIP	w9:599	executor ExecutorchRuntimeException: [ExecuTorch Error 0x14] Operator missing: Execution failed for method: forward	n0*=_fft_r2c(L0,·,·,·)
CRASH	w9:377	executor unavailable	n0*=fill.Scalar(L0,·)
CRASH	w9:38	executor unavailable	n0*=expm1.out(L0,·)
CRASH	w9:383	executor unavailable	n0*=repeat(L0,·)
CRASH	w9:438	executor unavailable	n0*=mean.dtype_out(L0,·,·)
MISMATCH	w9:64	out[0] non-finite mismatch (nan/inf positions differ)	n0*=logit.out(L0,·,·)
CRASH	w9:501	executor unavailable	n0*=mul.out(L0,L1,·)
MISMATCH	w9:655	out[0] max|delta|=7.000e+00 (rtol=0.0 atol=0.0)	n0*=remainder.Scalar(L0,·)
CRASH	w9:506	executor unavailable	n0*=sign.out(L0,·)
CRASH	w9:512	executor unavailable	n0*=bitwise_xor.Scalar_out(L0,·,·)
SKIP	w9:670	executor ExecutorchInvalidArgumentException: [ExecuTorch Error 0x12] Invalid argument: Execution failed for method: forward	n0*=expand_copy(L0,·,·)
CRASH	w9:516	executor unavailable	n0*=hardtanh(L0,·,·)
SKIP	w9:689	executor ExecutorchInvalidArgumentException: [ExecuTorch Error 0x12] Invalid argument: Execution failed for method: forward	n0*=arange.start_out(·,·,·,·)
MISMATCH	w9:706	out[0] non-finite mismatch (nan/inf positions differ)	n0*=grid_sampler_2d(L0,L1,·,·,·)
CRASH	w9:553	executor unavailable	n0*=asin.out(L0,·)
CRASH	w9:567	executor unavailable	n0*=ne.Scalar_out(L0,·,·)
MISMATCH	w9:74	out[0] shape (0, 0, 0, 0) vs (0, 0, 0, 0, 0)	n0*=topk.values(L0,·,·,·,·,L1,L2)
MISMATCH	w9:774	out[0] non-finite mismatch (nan/inf positions differ)	n0*=gelu.out(L0,·,·)
SKIP	w90:116	executor ExecutorchRuntimeException: [ExecuTorch Error 0x14] Operator missing: Execution failed for method: forward	n0*=_fft_r2c(L0,·,·,·)
CRASH	w90:108	executor process died (native abort)	n0*=max_pool2d_with_indices_backward.grad_input(L0,L1,·,·,·,·,·,L2,L3)
SKIP	w90:206	executor ExecutorchInvalidArgumentException: [ExecuTorch Error 0x12] Invalid argument: Execution failed for method: forward	n0*=arange.start_out(·,·,·,·)
SKIP	w90:231	executor ExecutorchInvalidArgumentException: [ExecuTorch Error 0x12] Invalid argument: Execution failed for method: forward	n0*=native_group_norm(L0,·,·,·,·,·,·,·)
CRASH	w9:60	executor unavailable	n0*=hardtanh(L0,·,·)
MISMATCH	w90:258	out[0] max|delta|=1.611e+09 (rtol=0.0 atol=0.0)	n0*=bitwise_left_shift.Tensor_out(L0,L1,·)
CRASH	w9:617	executor unavailable	n0*=add.Scalar(L0,·,·)
MISMATCH	w90:265	out[0] non-finite mismatch (nan/inf positions differ)	n0*=logit.out(L0,·,·)
SKIP	w90:270	executor ExecutorchInvalidArgumentException: [ExecuTorch Error 0x12] Invalid argument: Execution failed for method: forward	n0*=scatter.src_out(L0,·,L1,L2,·)
MISMATCH	w90:275	out[0] shape (0,) vs (0, 0, 0, 0, 0)	n0*=topk.values(L0,·,·,·,·,L1,L2)
MISMATCH	w90:290	out[0] non-finite mismatch (nan/inf positions differ)	n0*=logit(L0,·)
MISMATCH	w90:291	out[0] non-finite mismatch (nan/inf positions differ)	n0*=gelu.out(L0,·,·)
SKIP	w90:3	executor ExecutorchInvalidArgumentException: [ExecuTorch Error 0x12] Invalid argument: Execution failed for method: forward	n0*=native_group_norm(L0,·,·,·,·,·,·,·)
SKIP	w90:316	executor ExecutorchInvalidArgumentException: [ExecuTorch Error 0x12] Invalid argument: Execution failed for method: forward	n0*=_pdist_forward(L0,·)
SKIP	w90:344	executor ExecutorchRuntimeException: [ExecuTorch Error 0x14] Operator missing: Execution failed for method: forward	n0*=_fft_r2c(L0,·,·,·)
MISMATCH	w90:37	out[0] non-finite mismatch (nan/inf positions differ)	n0*=logit.out(L0,·,·)
CRASH	w9:700	executor unavailable	n0*=eq.Scalar_out(L0,·,·)
CRASH	w9:738	executor unavailable	n0*=bitwise_left_shift.Tensor_Scalar_out(L0,·,·)
MISMATCH	w90:407	out[0] max|delta|=1.441e+17 (rtol=0.0 atol=0.0)	n0*=bitwise_left_shift.Tensor_Scalar(L0,·)
SKIP	w90:409	executor ExecutorchInvalidArgumentException: [ExecuTorch Error 0x12] Invalid argument: Execution failed for method: forward	n0*=scatter_add.out(L0,·,L1,L2,·)
CRASH	w90:105	executor unavailable	n0*=tan.out(L0,·)
CRASH	w90:111	executor unavailable	n0*=any.dims_out(L0,·,·,·)
CRASH	w90:135	executor unavailable	n0*=leaky_relu.out(L0,·,·)
SKIP	w90:434	executor ExecutorchInvalidArgumentException: [ExecuTorch Error 0x12] Invalid argument: Execution failed for method: forward	n0*=arange.start_out(·,·,·,·)
CRASH	w90:225	executor unavailable	n0*=logical_not.out(L0,·)
CRASH	w90:237	executor unavailable	n0*=lt.Scalar_out(L0,·,·)
CRASH	w90:248	executor unavailable	n0*=view_copy(L0,·)
SKIP	w90:459	executor ExecutorchInvalidArgumentException: [ExecuTorch Error 0x12] Invalid argument: Execution failed for method: forward	n0*=native_group_norm(L0,·,·,·,·,·,·,·)
MISMATCH	w90:486	out[0] non-finite mismatch (nan/inf positions differ)	n0*=bitwise_left_shift.Tensor_out(L0,L1,·)
SKIP	w90:50	executor ExecutorchInvalidArgumentException: [ExecuTorch Error 0x12] Invalid argument: Execution failed for method: forward	n0*=stack(·,·)
MISMATCH	w90:503	out[0] shape (1, 1, 1, 1) vs (0, 0, 0, 0, 0)	n0*=topk.values(L0,·,·,·,·,L1,L2)
MISMATCH	w90:532	out[0] max|delta|=4.000e+00 (rtol=0.01 atol=0.001)	n0*=remainder.Tensor_out(L0,L1,·)
CRASH	w90:296	executor unavailable	n0*=sigmoid.out(L0,·)
CRASH	w90:30	executor unavailable	n0*=bitwise_left_shift.Tensor_out(L0,L1,·)
SKIP	w90:544	executor ExecutorchInvalidArgumentException: [ExecuTorch Error 0x12] Invalid argument: Execution failed for method: forward	n0*=_pdist_forward(L0,·)
SKIP	w90:572	executor ExecutorchRuntimeException: [ExecuTorch Error 0x14] Operator missing: Execution failed for method: forward	n0*=_fft_r2c(L0,·,·,·)
MISMATCH	w90:61	out[0] shape (1,) vs (0, 0, 0)	n0*=min.dim_min(L0,·,·,L1,L2)
MISMATCH	w90:63	out[0] non-finite mismatch (nan/inf positions differ)	n0*=gelu.out(L0,·,·)
SKIP	w90:637	executor ExecutorchInvalidArgumentException: [ExecuTorch Error 0x12] Invalid argument: Execution failed for method: forward	n0*=scatter_add.out(L0,·,L1,L2,·)
MISMATCH	w90:635	out[0] max|delta|=9.223e+18 (rtol=0.0 atol=0.0)	n0*=bitwise_left_shift.Tensor_Scalar(L0,·)
SKIP	w90:662	executor ExecutorchInvalidArgumentException: [ExecuTorch Error 0x12] Invalid argument: Execution failed for method: forward	n0*=arange.start_out(·,·,·,·)
CRASH	w90:351	executor unavailable	n0*=mean.out(L0,·,·,·,·)
SKIP	w90:687	executor ExecutorchInvalidArgumentException: [ExecuTorch Error 0x12] Invalid argument: Execution failed for method: forward	n0*=native_group_norm(L0,·,·,·,·,·,·,·)
MISMATCH	w90:714	out[0] max|delta|=9.223e+18 (rtol=0.01 atol=0.001)	n0*=bitwise_left_shift.Tensor_out(L0,L1,·)
MISMATCH	w90:721	out[0] non-finite mismatch (nan/inf positions differ)	n0*=logit.out(L0,·,·)
SKIP	w90:733	executor ExecutorchInvalidArgumentException: [ExecuTorch Error 0x12] Invalid argument: Execution failed for method: forward	n0*=copy(L0,L1,·)
MISMATCH	w90:747	out[0] non-finite mismatch (nan/inf positions differ)	n0*=gelu.out(L0,·,·)
MISMATCH	w90:76	out[0] max|delta|=4.000e+00 (rtol=0.0 atol=0.0)	n0*=remainder.Tensor_out(L0,L1,·)
SKIP	w90:85	executor ExecutorchInvalidArgumentException: [ExecuTorch Error 0x12] Invalid argument: Execution failed for method: forward	n0*=native_group_norm(L0,·,·,·,·,·,·,·)
SKIP	w90:88	executor ExecutorchInvalidArgumentException: [ExecuTorch Error 0x12] Invalid argument: Execution failed for method: forward	n0*=_pdist_forward(L0,·)
SKIP	w90:772	executor ExecutorchInvalidArgumentException: [ExecuTorch Error 0x12] Invalid argument: Execution failed for method: forward	n0*=_pdist_forward(L0,·)
MISMATCH	w91:10	out[0] max|delta|=5.000e+00 (rtol=0.0 atol=0.0)	n0*=remainder.Scalar(L0,·)
CRASH	w90:401	executor unavailable	n0*=transpose_copy.int(L0,·,·)
MISMATCH	w91:129	out[0] non-finite mismatch (nan/inf positions differ)	n0*=gelu.out(L0,·,·)
SKIP	w91:151	executor ExecutorchInvalidArgumentException: [ExecuTorch Error 0x12] Invalid argument: Execution failed for method: forward	n0*=native_group_norm(L0,·,·,·,·,·,·,·)
SKIP	w91:154	executor ExecutorchInvalidArgumentException: [ExecuTorch Error 0x12] Invalid argument: Execution failed for method: forward	n0*=_pdist_forward(L0,·)
MISMATCH	w91:167	out[0] non-finite mismatch (nan/inf positions differ)	n0*=log.out(L0,·)
MISMATCH	w91:17	out[0] max|delta|=1.441e+17 (rtol=0.0 atol=0.0)	n0*=bitwise_left_shift.Tensor_Scalar(L0,·)
SKIP	w91:182	executor ExecutorchRuntimeException: [ExecuTorch Error 0x14] Operator missing: Execution failed for method: forward	n0*=_fft_r2c(L0,·,·,·)
MISMATCH	w91:245	out[0] max|delta|=2.882e+17 (rtol=0.0 atol=0.0)	n0*=bitwise_left_shift.Tensor_Scalar(L0,·)
SKIP	w91:25	executor ExecutorchInvalidArgumentException: [ExecuTorch Error 0x12] Invalid argument: Execution failed for method: forward	n0*=expand_copy(L0,·,·)
CRASH	w90:476	executor unavailable	n0*=view_copy(L0,·)
CRASH	w90:523	executor unavailable	n0*=reflection_pad2d(L0,·)
CRASH	w90:533	executor unavailable	n0*=fmod.Scalar(L0,·)
CRASH	w90:541	executor unavailable	n0*=native_group_norm(L0,·,·,·,·,·,·,·)
SKIP	w91:272	executor ExecutorchInvalidArgumentException: [ExecuTorch Error 0x12] Invalid argument: Execution failed for method: forward	n0*=arange.start_out(·,·,·,·)
SKIP	w91:297	executor ExecutorchInvalidArgumentException: [ExecuTorch Error 0x12] Invalid argument: Execution failed for method: forward	n0*=native_group_norm(L0,·,·,·,·,·,·,·)
CRASH	w90:651	executor unavailable	n0*=bitwise_xor.Tensor_out(L0,L1,·)
MISMATCH	w91:321	out[0] max|delta|=9.223e+18 (rtol=0.01 atol=0.001)	n0*=bitwise_left_shift.Tensor_Scalar_out(L0,·,·)
MISMATCH	w91:341	out[0] shape (0, 0, 0, 0) vs (0, 0, 0, 0, 0)	n0*=topk.values(L0,·,·,·,·,L1,L2)
CRASH	w90:671	executor unavailable	n0*=tanh.out(L0,·)
MISMATCH	w91:357	out[0] non-finite mismatch (nan/inf positions differ)	n0*=gelu.out(L0,·,·)
SKIP	w91:379	executor ExecutorchInvalidArgumentException: [ExecuTorch Error 0x12] Invalid argument: Execution failed for method: forward	n0*=native_group_norm(L0,·,·,·,·,·,·,·)
SKIP	w91:38	executor ExecutorchRuntimeException: [ExecuTorch Error 0x1] Internal error: Execution failed for method: forward	n0*=pixel_unshuffle(L0,·)
SKIP	w91:382	executor ExecutorchInvalidArgumentException: [ExecuTorch Error 0x12] Invalid argument: Execution failed for method: forward	n0*=_pdist_forward(L0,·)
MISMATCH	w91:395	out[0] non-finite mismatch (nan/inf positions differ)	n0*=log.out(L0,·)
SKIP	w91:410	executor ExecutorchRuntimeException: [ExecuTorch Error 0x14] Operator missing: Execution failed for method: forward	n0*=_fft_r2c(L0,·,·,·)
MISMATCH	w91:456	out[0] non-finite mismatch (nan/inf positions differ)	n0*=addmm.out(L0,L1,L2,·,·,·)
SKIP	w91:481	executor ExecutorchInvalidArgumentException: [ExecuTorch Error 0x12] Invalid argument: Execution failed for method: forward	n0*=expand_copy(L0,·,·)
SKIP	w91:500	executor ExecutorchInvalidArgumentException: [ExecuTorch Error 0x12] Invalid argument: Execution failed for method: forward	n0*=arange.start_out(·,·,·,·)
SKIP	w91:506	executor ExecutorchInvalidArgumentException: [ExecuTorch Error 0x12] Invalid argument: Execution failed for method: forward	n0*=scatter.value_out(L0,·,L1,·,·)
CRASH	w91:170	executor unavailable	n0*=bitwise_xor.Scalar(L0,·)
CRASH	w91:186	executor unavailable	n0*=log2.out(L0,·)
CRASH	w91:191	executor unavailable	n0*=_native_batch_norm_legit_no_training(L0,·,·,L1,L2,·,·)
CRASH	w91:192	executor unavailable	n0*=pixel_unshuffle(L0,·)
CRASH	w91:249	executor unavailable	n0*=mean.dtype_out(L0,·,·)
MISMATCH	w91:549	out[0] max|delta|=1.153e+18 (rtol=0.01 atol=0.001)	n0*=bitwise_left_shift.Tensor_Scalar_out(L0,·,·)
MISMATCH	w91:585	out[0] non-finite mismatch (nan/inf positions differ)	n0*=gelu.out(L0,·,·)
MISMATCH	w91:605	out[0] max|delta|=3.999e-01 (rtol=0.01 atol=0.001)	n0*=_native_batch_norm_legit.no_stats(L0,·,·,·,·,·)
MISMATCH	w91:61	out[0] non-finite mismatch (nan/inf positions differ)	n0*=grid_sampler_2d(L0,L1,·,·,·)
SKIP	w91:638	executor ExecutorchRuntimeException: [ExecuTorch Error 0x14] Operator missing: Execution failed for method: forward	n0*=_fft_r2c(L0,·,·,·)
CRASH	w91:271	executor unavailable	n0*=amax.out(L0,·,·,·)
SKIP	w91:69	executor ExecutorchInvalidArgumentException: [ExecuTorch Error 0x12] Invalid argument: Execution failed for method: forward	n0*=native_group_norm(L0,·,·,·,·,·,·,·)
MISMATCH	w91:701	out[0] max|delta|=7.206e+16 (rtol=0.0 atol=0.0)	n0*=bitwise_left_shift.Tensor_Scalar(L0,·)
SKIP	w91:703	executor ExecutorchInvalidArgumentException: [ExecuTorch Error 0x12] Invalid argument: Execution failed for method: forward	n0*=scatter_add.out(L0,·,L1,L2,·)
SKIP	w91:709	executor ExecutorchInvalidArgumentException: [ExecuTorch Error 0x12] Invalid argument: Execution failed for method: forward	n0*=expand_copy(L0,·,·)
CRASH	w91:365	executor unavailable	n0*=bitwise_or.Scalar(L0,·)
CRASH	w91:44	executor unavailable	n0*=arange.start_out(·,·,·,·)
SKIP	w91:728	executor ExecutorchInvalidArgumentException: [ExecuTorch Error 0x12] Invalid argument: Execution failed for method: forward	n0*=arange.start_out(·,·,·,·)
CRASH	w91:483	executor unavailable	n0*=bitwise_or.Tensor_out(L0,L1,·)
SKIP	w91:734	executor ExecutorchInvalidArgumentException: [ExecuTorch Error 0x12] Invalid argument: Execution failed for method: forward	n0*=scatter.value_out(L0,·,L1,·,·)
CRASH	w91:503	executor unavailable	n0*=relu(L0)
CRASH	w91:520	executor unavailable	n0*=convolution(L0,L1,·,·,·,·,·,·,·)
CRASH	w91:539	executor unavailable	n0*=roll(L0,·,·)
MISMATCH	w91:777	out[0] max|delta|=2.882e+17 (rtol=0.01 atol=0.001)	n0*=bitwise_left_shift.Tensor_Scalar_out(L0,·,·)
MISMATCH	w91:96	out[0] max|delta|=6.918e+18 (rtol=0.0 atol=0.0)	n0*=bitwise_left_shift.Tensor_out(L0,L1,·)
SKIP	w92:100	executor ExecutorchRuntimeException: [ExecuTorch Error 0x14] Operator missing: Execution failed for method: forward	n0*=_fft_r2c(L0,·,·,·)
SKIP	w91:753	executor ExecutorchInvalidArgumentException: [ExecuTorch Error 0x12] Invalid argument: Execution failed for method: forward	n0*=native_group_norm(L0,·,·,·,·,·,·,·)
CRASH	w91:615	executor unavailable	n0*=arange.out(·,·)
CRASH	w91:630	executor unavailable	n0*=max_pool2d_with_indices_backward.grad_input(L0,L1,·,·,·,·,·,L2,L3)
CRASH	w91:637	executor unavailable	n0*=where.self_out(L0,L1,L2,·)
CRASH	w91:641	executor unavailable	n0*=logical_and.out(L0,L1,·)
MISMATCH	w92:242	out[0] max|delta|=6.918e+18 (rtol=0.01 atol=0.001)	n0*=bitwise_left_shift.Tensor_out(L0,L1,·)
SKIP	w92:297	executor ExecutorchInvalidArgumentException: [ExecuTorch Error 0x12] Invalid argument: Execution failed for method: forward	n0*=native_group_norm(L0,·,·,·,·,·,·,·)
SKIP	w92:300	executor ExecutorchInvalidArgumentException: [ExecuTorch Error 0x12] Invalid argument: Execution failed for method: forward	n0*=_pdist_forward(L0,·)
CRASH	w91:711	executor unavailable	n0*=bitwise_or.Tensor_out(L0,L1,·)
CRASH	w91:721	executor unavailable	n0*=alias_copy(L0)
CRASH	w92:110	executor unavailable	n0*=pixel_unshuffle(L0,·)
CRASH	w92:14	executor unavailable	n0*=bitwise_left_shift.Tensor_out(L0,L1,·)
CRASH	w92:163	executor unavailable	n0*=bitwise_left_shift.Tensor_Scalar(L0,·)
CRASH	w92:215	executor unavailable	n0*=native_group_norm(L0,·,·,·,·,·,·,·)
CRASH	w92:217	executor unavailable	n0*=gt.Tensor_out(L0,L1,·)
CRASH	w92:234	executor unavailable	n0*=replication_pad2d.out(L0,·,·)
MISMATCH	w92:405	out[0] max|delta|=1.000e+00 (rtol=0.0 atol=0.0)	n0*=prod(L0,·)
SKIP	w92:418	executor ExecutorchInvalidArgumentException: [ExecuTorch Error 0x12] Invalid argument: Execution failed for method: forward	n0*=arange.start_out(·,·,·,·)
MISMATCH	w92:47	out[0] non-finite mismatch (nan/inf positions differ)	n0*=gelu.out(L0,·,·)
MISMATCH	w92:470	out[0] max|delta|=1.611e+09 (rtol=0.0 atol=0.0)	n0*=bitwise_left_shift.Tensor_out(L0,L1,·)
MISMATCH	w92:477	out[0] non-finite mismatch (nan/inf positions differ)	n0*=logit.out(L0,·,·)
CRASH	w92:299	executor unavailable	n0*=div.out(L0,L1,·)
CRASH	w92:323	executor unavailable	n0*=any.dims_out(L0,·,·,·)
CRASH	w92:328	executor unavailable	n0*=_fft_r2c(L0,·,·,·)
MISMATCH	w92:516	out[0] max|delta|=3.000e+00 (rtol=0.01 atol=0.001)	n0*=remainder.Tensor_out(L0,L1,·)
SKIP	w92:525	executor ExecutorchInvalidArgumentException: [ExecuTorch Error 0x12] Invalid argument: Execution failed for method: forward	n0*=native_group_norm(L0,·,·,·,·,·,·,·)
SKIP	w92:528	executor ExecutorchInvalidArgumentException: [ExecuTorch Error 0x12] Invalid argument: Execution failed for method: forward	n0*=_pdist_forward(L0,·)
CRASH	w92:336	executor unavailable	n0*=slice_scatter(L0,L1,·,·,·,·)
CRASH	w92:548	executor process died (native abort)	n0*=max_pool2d_with_indices_backward.grad_input(L0,L1,·,·,·,·,·,L2,L3)
SKIP	w92:556	executor ExecutorchRuntimeException: [ExecuTorch Error 0x14] Operator missing: Execution failed for method: forward	n0*=_fft_r2c(L0,·,·,·)
SKIP	w92:443	executor ExecutorchInvalidArgumentException: [ExecuTorch Error 0x12] Invalid argument: Execution failed for method: forward	n0*=native_group_norm(L0,·,·,·,·,·,·,·)
MISMATCH	w92:61	out[0] max|delta|=4.000e+00 (rtol=0.0 atol=0.0)	n0*=fmod.Scalar(L0,·)
MISMATCH	w92:612	out[0] max|delta|=4.000e+00 (rtol=0.0 atol=0.0)	n0*=remainder.Scalar(L0,·)
MISMATCH	w92:619	out[0] max|delta|=5.765e+17 (rtol=0.0 atol=0.0)	n0*=bitwise_left_shift.Tensor_Scalar(L0,·)
SKIP	w92:627	executor ExecutorchInvalidArgumentException: [ExecuTorch Error 0x12] Invalid argument: Execution failed for method: forward	n0*=expand_copy(L0,·,·)
SKIP	w92:646	executor ExecutorchInvalidArgumentException: [ExecuTorch Error 0x12] Invalid argument: Execution failed for method: forward	n0*=arange.start_out(·,·,·,·)
SKIP	w92:671	executor ExecutorchInvalidArgumentException: [ExecuTorch Error 0x12] Invalid argument: Execution failed for method: forward	n0*=native_group_norm(L0,·,·,·,·,·,·,·)
CRASH	w92:384	executor unavailable	n0*=remainder.Scalar(L0,·)
SKIP	w92:69	executor ExecutorchInvalidArgumentException: [ExecuTorch Error 0x12] Invalid argument: Execution failed for method: forward	n0*=native_group_norm(L0,·,·,·,·,·,·,·)
MISMATCH	w92:695	out[0] max|delta|=6.918e+18 (rtol=0.0 atol=0.0)	n0*=bitwise_left_shift.Tensor_Scalar_out(L0,·,·)
CRASH	w92:392	executor unavailable	n0*=pixel_shuffle(L0,·)
MISMATCH	w92:704	out[0] max|delta|=1.000e+00 (rtol=0.0 atol=0.0)	n0*=sum.IntList_out(L0,·,·,·,·)
MISMATCH	w92:698	out[0] max|delta|=9.223e+18 (rtol=0.01 atol=0.001)	n0*=bitwise_left_shift.Tensor_out(L0,L1,·)
SKIP	w92:710	executor ExecutorchInvalidArgumentException: [ExecuTorch Error 0x12] Invalid argument: Execution failed for method: forward	n0*=scatter.src_out(L0,·,L1,L2,·)
SKIP	w92:72	executor ExecutorchInvalidArgumentException: [ExecuTorch Error 0x12] Invalid argument: Execution failed for method: forward	n0*=_pdist_forward(L0,·)
MISMATCH	w92:731	out[0] non-finite mismatch (nan/inf positions differ)	n0*=gelu.out(L0,·,·)
SKIP	w92:753	executor ExecutorchInvalidArgumentException: [ExecuTorch Error 0x12] Invalid argument: Execution failed for method: forward	n0*=native_group_norm(L0,·,·,·,·,·,·,·)
SKIP	w92:756	executor ExecutorchInvalidArgumentException: [ExecuTorch Error 0x12] Invalid argument: Execution failed for method: forward	n0*=_pdist_forward(L0,·)
CRASH	w92:46	executor unavailable	n0*=logit(L0,·)
CRASH	w92:49	executor unavailable	n0*=bmm.out(L0,L1,·)
CRASH	w92:531	executor unavailable	n0*=logical_not(L0)
CRASH	w92:533	executor unavailable	n0*=arange.out(·,·)
MISMATCH	w92:85	out[0] non-finite mismatch (nan/inf positions differ)	n0*=log.out(L0,·)
MISMATCH	w93:137	out[0] shape (1, 1, 1, 1) vs (0, 0, 0, 0, 0)	n0*=topk.values(L0,·,·,·,·,L1,L2)
SKIP	w93:139	executor ExecutorchInvalidArgumentException: [ExecuTorch Error 0x12] Invalid argument: Execution failed for method: forward	n0*=copy(L0,L1,·)
MISMATCH	w93:152	out[0] non-finite mismatch (nan/inf positions differ)	n0*=logit(L0,·)
MISMATCH	w93:153	out[0] non-finite mismatch (nan/inf positions differ)	n0*=gelu.out(L0,·,·)
CRASH	w92:636	executor unavailable	n0*=floor.out(L0,·)
CRASH	w92:637	executor unavailable	n0*=native_layer_norm(L0,·,·,·,·)
CRASH	w92:650	executor unavailable	n0*=bitwise_and.Scalar(L0,·)
SKIP	w93:175	executor ExecutorchInvalidArgumentException: [ExecuTorch Error 0x12] Invalid argument: Execution failed for method: forward	n0*=native_group_norm(L0,·,·,·,·,·,·,·)
SKIP	w93:178	executor ExecutorchInvalidArgumentException: [ExecuTorch Error 0x12] Invalid argument: Execution failed for method: forward	n0*=_pdist_forward(L0,·)
CRASH	w92:662	executor unavailable	n0*=prod.int_out(L0,·,·,·,·)
MISMATCH	w93:191	out[0] non-finite mismatch (nan/inf positions differ)	n0*=log.out(L0,·)
CRASH	w92:684	executor unavailable	n0*=round.out(L0,·)
SKIP	w93:206	executor ExecutorchRuntimeException: [ExecuTorch Error 0x14] Operator missing: Execution failed for method: forward	n0*=_fft_r2c(L0,·,·,·)
CRASH	w92:703	executor unavailable	n0*=index_put(L0,·,L1,·)
SKIP	w93:233	executor ExecutorchRuntimeException: [ExecuTorch Error 0x1] Internal error: Execution failed for method: forward	n0*=_softmax.out(L0,·,·,·)
SKIP	w93:277	executor ExecutorchInvalidArgumentException: [ExecuTorch Error 0x12] Invalid argument: Execution failed for method: forward	n0*=expand_copy(L0,·,·)
SKIP	w93:321	executor ExecutorchInvalidArgumentException: [ExecuTorch Error 0x12] Invalid argument: Execution failed for method: forward	n0*=native_group_norm(L0,·,·,·,·,·,·,·)
MISMATCH	w93:345	out[0] max|delta|=5.033e+07 (rtol=0.0 atol=0.0)	n0*=bitwise_left_shift.Tensor_Scalar_out(L0,·,·)
MISMATCH	w93:348	out[0] non-finite mismatch (nan/inf positions differ)	n0*=bitwise_left_shift.Tensor_out(L0,L1,·)
SKIP	w93:367	executor ExecutorchInvalidArgumentException: [ExecuTorch Error 0x12] Invalid argument: Execution failed for method: forward	n0*=copy(L0,L1,·)
CRASH	w92:750	executor unavailable	n0*=div.Scalar(L0,·)
MISMATCH	w93:401	out[0] max|delta|=3.999e-01 (rtol=0.01 atol=0.001)	n0*=_native_batch_norm_legit.no_stats(L0,·,·,·,·,·)
SKIP	w93:403	executor ExecutorchInvalidArgumentException: [ExecuTorch Error 0x12] Invalid argument: Execution failed for method: forward	n0*=native_group_norm(L0,·,·,·,·,·,·,·)
SKIP	w93:406	executor ExecutorchInvalidArgumentException: [ExecuTorch Error 0x12] Invalid argument: Execution failed for method: forward	n0*=_pdist_forward(L0,·)
MISMATCH	w93:41	out[0] max|delta|=1.441e+17 (rtol=0.0 atol=0.0)	n0*=bitwise_left_shift.Tensor_Scalar(L0,·)
CRASH	w92:779	executor unavailable	n0*=any.dims_out(L0,·,·,·)
SKIP	w93:43	executor ExecutorchInvalidArgumentException: [ExecuTorch Error 0x12] Invalid argument: Execution failed for method: forward	n0*=scatter_add.out(L0,·,L1,L2,·)
SKIP	w93:434	executor ExecutorchRuntimeException: [ExecuTorch Error 0x14] Operator missing: Execution failed for method: forward	n0*=_fft_r2c(L0,·,·,·)
CRASH	w93:183	executor unavailable	n0*=arange.out(·,·)
CRASH	w93:188	executor unavailable	n0*=mul.Scalar(L0,·)
CRASH	w93:215	executor unavailable	n0*=_native_batch_norm_legit_no_training(L0,·,·,L1,L2,·,·)
MISMATCH	w93:490	out[0] max|delta|=7.000e+00 (rtol=0.0 atol=0.0)	n0*=remainder.Scalar(L0,·)
SKIP	w93:49	executor ExecutorchInvalidArgumentException: [ExecuTorch Error 0x12] Invalid argument: Execution failed for method: forward	n0*=expand_copy(L0,·,·)
SKIP	w93:505	executor ExecutorchInvalidArgumentException: [ExecuTorch Error 0x12] Invalid argument: Execution failed for method: forward	n0*=expand_copy(L0,·,·)
CRASH	w93:317	executor unavailable	n0*=acos.out(L0,·)
CRASH	w93:316	executor unavailable	n0*=convolution(L0,L1,·,·,·,·,·,·,·)
SKIP	w93:524	executor ExecutorchInvalidArgumentException: [ExecuTorch Error 0x12] Invalid argument: Execution failed for method: forward	n0*=arange.start_out(·,·,·,·)
CRASH	w93:32	executor unavailable	n0*=sub.out(L0,L1,·,·)
SKIP	w93:530	executor ExecutorchInvalidArgumentException: [ExecuTorch Error 0x12] Invalid argument: Execution failed for method: forward	n0*=scatter.value_out(L0,·,L1,·,·)
CRASH	w93:334	executor unavailable	n0*=round.out(L0,·)
CRASH	w93:380	executor unavailable	n0*=logit(L0,·)
SKIP	w93:549	executor ExecutorchInvalidArgumentException: [ExecuTorch Error 0x12] Invalid argument: Execution failed for method: forward	n0*=native_group_norm(L0,·,·,·,·,·,·,·)
CRASH	w93:400	executor unavailable	n0*=div.Scalar(L0,·)
MISMATCH	w93:576	out[0] max|delta|=6.918e+18 (rtol=0.01 atol=0.001)	n0*=bitwise_left_shift.Tensor_out(L0,L1,·)
MISMATCH	w93:593	out[0] shape (0, 0, 0, 0) vs (0, 0, 0, 0, 0)	n0*=topk.values(L0,·,·,·,·,L1,L2)
SKIP	w93:595	executor ExecutorchInvalidArgumentException: [ExecuTorch Error 0x12] Invalid argument: Execution failed for method: forward	n0*=copy(L0,L1,·)
MISMATCH	w93:609	out[0] non-finite mismatch (nan/inf positions differ)	n0*=gelu.out(L0,·,·)
SKIP	w93:631	executor ExecutorchInvalidArgumentException: [ExecuTorch Error 0x12] Invalid argument: Execution failed for method: forward	n0*=native_group_norm(L0,·,·,·,·,·,·,·)
SKIP	w93:634	executor ExecutorchInvalidArgumentException: [ExecuTorch Error 0x12] Invalid argument: Execution failed for method: forward	n0*=_pdist_forward(L0,·)
CRASH	w93:432	executor unavailable	n0*=any.dims_out(L0,·,·,·)
SKIP	w93:68	executor ExecutorchInvalidArgumentException: [ExecuTorch Error 0x12] Invalid argument: Execution failed for method: forward	n0*=arange.start_out(·,·,·,·)
SKIP	w93:7	executor IllegalArgumentException: unsupported input dtype code 24 on Android	n0*=linear.out(L0,L1,·,·)
SKIP	w93:662	executor ExecutorchRuntimeException: [ExecuTorch Error 0x14] Operator missing: Execution failed for method: forward	n0*=_fft_r2c(L0,·,·,·)
CRASH	w93:451	executor unavailable	n0*=ceil.out(L0,·)
SKIP	w93:752	executor ExecutorchInvalidArgumentException: [ExecuTorch Error 0x12] Invalid argument: Execution failed for method: forward	n0*=arange.start_out(·,·,·,·)
SKIP	w93:758	executor ExecutorchInvalidArgumentException: [ExecuTorch Error 0x12] Invalid argument: Execution failed for method: forward	n0*=scatter.value_out(L0,·,L1,·,·)
MISMATCH	w93:768	out[0] max|delta|=2.000e+00 (rtol=0.0 atol=0.0)	n0*=prod.int_out(L0,·,·,·,·)
SKIP	w93:777	executor ExecutorchInvalidArgumentException: [ExecuTorch Error 0x12] Invalid argument: Execution failed for method: forward	n0*=native_group_norm(L0,·,·,·,·,·,·,·)
SKIP	w93:93	executor ExecutorchInvalidArgumentException: [ExecuTorch Error 0x12] Invalid argument: Execution failed for method: forward	n0*=native_group_norm(L0,·,·,·,·,·,·,·)
SKIP	w94:104	executor ExecutorchInvalidArgumentException: [ExecuTorch Error 0x12] Invalid argument: Execution failed for method: forward	n0*=expand_copy(L0,·,·)
CRASH	w93:479	executor unavailable	n0*=neg.out(L0,·)
MISMATCH	w94:118	out[0] max|delta|=4.000e+00 (rtol=0.01 atol=0.001)	n0*=remainder.Scalar_out(L0,·,·)
SKIP	w94:123	executor ExecutorchInvalidArgumentException: [ExecuTorch Error 0x12] Invalid argument: Execution failed for method: forward	n0*=arange.start_out(·,·,·,·)
MISMATCH	w94:175	out[0] max|delta|=6.918e+18 (rtol=0.0 atol=0.0)	n0*=bitwise_left_shift.Tensor_out(L0,L1,·)
SKIP	w94:2	executor ExecutorchInvalidArgumentException: [ExecuTorch Error 0x12] Invalid argument: Execution failed for method: forward	n0*=native_group_norm(L0,·,·,·,·,·,·,·)
CRASH	w93:536	executor unavailable	n0*=flip(L0,·)
CRASH	w93:565	executor unavailable	n0*=hardtanh.out(L0,·,·,·)
MISMATCH	w94:223	out[0] shape (1, 1) vs (0, 0, 0, 0, 0)	n0*=max.dim_max(L0,·,·,L1,L2)
SKIP	w94:230	executor ExecutorchInvalidArgumentException: [ExecuTorch Error 0x12] Invalid argument: Execution failed for method: forward	n0*=native_group_norm(L0,·,·,·,·,·,·,·)
SKIP	w94:233	executor ExecutorchInvalidArgumentException: [ExecuTorch Error 0x12] Invalid argument: Execution failed for method: forward	n0*=_pdist_forward(L0,·)
CRASH	w93:649	executor unavailable	n0*=isnan(L0)
CRASH	w93:656	executor unavailable	n0*=reflection_pad2d.out(L0,·,·)
CRASH	w93:668	executor unavailable	n0*=fill.Scalar(L0,·)
SKIP	w94:261	executor ExecutorchRuntimeException: [ExecuTorch Error 0x14] Operator missing: Execution failed for method: forward	n0*=_fft_r2c(L0,·,·,·)
CRASH	w93:754	executor unavailable	n0*=select_copy.int(L0,·,·)
CRASH	w93:757	executor unavailable	n0*=var.correction(L0,·,·,·)
CRASH	w93:773	executor unavailable	n0*=acos.out(L0,·)
SKIP	w94:326	executor ExecutorchInvalidArgumentException: [ExecuTorch Error 0x12] Invalid argument: Execution failed for method: forward	n0*=scatter_add.out(L0,·,L1,L2,·)
SKIP	w94:33	executor ExecutorchRuntimeException: [ExecuTorch Error 0x14] Operator missing: Execution failed for method: forward	n0*=_fft_r2c(L0,·,·,·)
SKIP	w94:332	executor ExecutorchInvalidArgumentException: [ExecuTorch Error 0x12] Invalid argument: Execution failed for method: forward	n0*=expand_copy(L0,·,·)
CRASH	w94:12	executor unavailable	n0*=sin.out(L0,·)
SKIP	w94:376	executor ExecutorchInvalidArgumentException: [ExecuTorch Error 0x12] Invalid argument: Execution failed for method: forward	n0*=native_group_norm(L0,·,·,·,·,·,·,·)
MISMATCH	w94:403	out[0] max|delta|=6.918e+18 (rtol=0.01 atol=0.001)	n0*=bitwise_left_shift.Tensor_out(L0,L1,·)
CRASH	w94:15	executor unavailable	n0*=mul.Scalar(L0,·)
MISMATCH	w94:420	out[0] shape (1, 1, 1, 0) vs (0, 0, 0, 0, 0)	n0*=topk.values(L0,·,·,·,·,L1,L2)
MISMATCH	w94:435	out[0] non-finite mismatch (nan/inf positions differ)	n0*=logit(L0,·)
MISMATCH	w94:450	out[0] max|delta|=4.000e+00 (rtol=0.0 atol=0.0)	n0*=fmod.Scalar(L0,·)
SKIP	w94:458	executor ExecutorchInvalidArgumentException: [ExecuTorch Error 0x12] Invalid argument: Execution failed for method: forward	n0*=native_group_norm(L0,·,·,·,·,·,·,·)
SKIP	w94:351	executor ExecutorchInvalidArgumentException: [ExecuTorch Error 0x12] Invalid argument: Execution failed for method: forward	n0*=arange.start_out(·,·,·,·)
MISMATCH	w94:474	out[0] non-finite mismatch (nan/inf positions differ)	n0*=log.out(L0,·)
SKIP	w94:489	executor ExecutorchRuntimeException: [ExecuTorch Error 0x14] Operator missing: Execution failed for method: forward	n0*=_fft_r2c(L0,·,·,·)
CRASH	w94:203	executor unavailable	n0*=linear(L0,L1,·)
SKIP	w94:499	executor ExecutorchRuntimeException: [ExecuTorch Error 0x1] Internal error: Execution failed for method: forward	n0*=pixel_unshuffle(L0,·)
SKIP	w94:518	executor IllegalArgumentException: unsupported input dtype code 24 on Android	n0*=linear.out(L0,L1,·,·)
MISMATCH	w94:552	out[0] max|delta|=3.355e+07 (rtol=0.0 atol=0.0)	n0*=bitwise_left_shift.Tensor_Scalar(L0,·)
CRASH	w94:220	executor unavailable	n0*=reciprocal.out(L0,·)
SKIP	w94:579	executor ExecutorchInvalidArgumentException: [ExecuTorch Error 0x12] Invalid argument: Execution failed for method: forward	n0*=arange.start_out(·,·,·,·)
CRASH	w94:279	executor unavailable	n0*=add.Scalar(L0,·,·)
CRASH	w94:355	executor unavailable	n0*=bitwise_and.Scalar(L0,·)
CRASH	w94:362	executor unavailable	n0*=eq.Scalar_out(L0,·,·)
CRASH	w94:360	executor unavailable	n0*=tanh.out(L0,·)
CRASH	w94:421	executor unavailable	n0*=masked_fill.Scalar(L0,L1,·)
MISMATCH	w94:638	out[0] non-finite mismatch (nan/inf positions differ)	n0*=logit.out(L0,·,·)
CRASH	w94:446	executor unavailable	n0*=acosh.out(L0,·)
SKIP	w94:650	executor ExecutorchInvalidArgumentException: [ExecuTorch Error 0x12] Invalid argument: Execution failed for method: forward	n0*=copy(L0,L1,·)
MISMATCH	w94:664	out[0] non-finite mismatch (nan/inf positions differ)	n0*=gelu.out(L0,·,·)
SKIP	w94:689	executor ExecutorchInvalidArgumentException: [ExecuTorch Error 0x12] Invalid argument: Execution failed for method: forward	n0*=_pdist_forward(L0,·)
MISMATCH	w94:702	out[0] non-finite mismatch (nan/inf positions differ)	n0*=log.out(L0,·)
CRASH	w94:510	executor unavailable	n0*=clamp.out(L0,·,·,·)
SKIP	w94:717	executor ExecutorchRuntimeException: [ExecuTorch Error 0x14] Operator missing: Execution failed for method: forward	n0*=_fft_r2c(L0,·,·,·)
CRASH	w94:54	executor unavailable	n0*=clamp.out(L0,·,·,·)
MISMATCH	w94:780	out[0] max|delta|=2.684e+08 (rtol=0.0 atol=0.0)	n0*=bitwise_left_shift.Tensor_Scalar(L0,·)
CRASH	w94:567	executor unavailable	n0*=split_with_sizes_copy(L0,·,·)
MISMATCH	w94:96	out[0] max|delta|=2.147e+09 (rtol=0.0 atol=0.0)	n0*=bitwise_left_shift.Tensor_Scalar(L0,·)
CRASH	w94:570	executor unavailable	n0*=native_layer_norm(L0,·,·,·,·)
SKIP	w95:0	executor IllegalArgumentException: unsupported input dtype code 24 on Android	n0*=linear.out(L0,L1,·,·)
SKIP	w94:98	executor ExecutorchInvalidArgumentException: [ExecuTorch Error 0x12] Invalid argument: Execution failed for method: forward	n0*=scatter_add.out(L0,·,L1,L2,·)
MISMATCH	w95:113	out[0] max|delta|=6.918e+18 (rtol=0.01 atol=0.001)	n0*=bitwise_left_shift.Tensor_out(L0,L1,·)
MISMATCH	w95:120	out[0] non-finite mismatch (nan/inf positions differ)	n0*=logit.out(L0,·,·)
MISMATCH	w95:130	out[0] shape (0, 0, 0) vs (0, 0, 0, 0)	n0*=topk.values(L0,·,·,·,·,L1,L2)
SKIP	w95:132	executor ExecutorchInvalidArgumentException: [ExecuTorch Error 0x12] Invalid argument: Execution failed for method: forward	n0*=copy(L0,L1,·)
MISMATCH	w95:146	out[0] non-finite mismatch (nan/inf positions differ)	n0*=gelu.out(L0,·,·)
MISMATCH	w95:159	out[0] max|delta|=4.000e+00 (rtol=0.0 atol=0.0)	n0*=remainder.Tensor_out(L0,L1,·)
SKIP	w95:168	executor ExecutorchInvalidArgumentException: [ExecuTorch Error 0x12] Invalid argument: Execution failed for method: forward	n0*=native_group_norm(L0,·,·,·,·,·,·,·)
CRASH	w94:601	executor unavailable	n0*=glu.out(L0,·,·)
MISMATCH	w95:184	out[0] non-finite mismatch (nan/inf positions differ)	n0*=log.out(L0,·)
CRASH	w94:620	executor unavailable	n0*=hardtanh.out(L0,·,·,·)
SKIP	w95:199	executor ExecutorchRuntimeException: [ExecuTorch Error 0x14] Operator missing: Execution failed for method: forward	n0*=_fft_r2c(L0,·,·,·)
MISMATCH	w95:262	out[0] max|delta|=9.223e+18 (rtol=0.0 atol=0.0)	n0*=bitwise_left_shift.Tensor_Scalar(L0,·)
SKIP	w95:289	executor ExecutorchInvalidArgumentException: [ExecuTorch Error 0x12] Invalid argument: Execution failed for method: forward	n0*=arange.start_out(·,·,·,·)
MISMATCH	w95:338	out[0] max|delta|=4.612e+18 (rtol=0.0 atol=0.0)	n0*=bitwise_left_shift.Tensor_Scalar_out(L0,·,·)
MISMATCH	w95:34	out[0] max|delta|=2.306e+18 (rtol=0.0 atol=0.0)	n0*=bitwise_left_shift.Tensor_Scalar(L0,·)
MISMATCH	w95:341	out[0] max|delta|=9.223e+18 (rtol=0.0 atol=0.0)	n0*=bitwise_left_shift.Tensor_out(L0,L1,·)
MISMATCH	w95:358	out[0] shape (1, 1, 1, 1) vs (0, 0, 0, 0, 0)	n0*=topk.values(L0,·,·,·,·,L1,L2)
MISMATCH	w95:374	out[0] non-finite mismatch (nan/inf positions differ)	n0*=gelu.out(L0,·,·)
MISMATCH	w95:373	out[0] non-finite mismatch (nan/inf positions differ)	n0*=logit(L0,·)
MISMATCH	w95:389	out[0] shape () vs (0, 0)	n0*=max.dim_max(L0,·,·,L1,L2)
SKIP	w95:396	executor ExecutorchInvalidArgumentException: [ExecuTorch Error 0x12] Invalid argument: Execution failed for method: forward	n0*=native_group_norm(L0,·,·,·,·,·,·,·)
SKIP	w95:399	executor ExecutorchInvalidArgumentException: [ExecuTorch Error 0x12] Invalid argument: Execution failed for method: forward	n0*=_pdist_forward(L0,·)
SKIP	w95:42	executor ExecutorchInvalidArgumentException: [ExecuTorch Error 0x12] Invalid argument: Execution failed for method: forward	n0*=expand_copy(L0,·,·)
SKIP	w95:427	executor ExecutorchRuntimeException: [ExecuTorch Error 0x14] Operator missing: Execution failed for method: forward	n0*=_fft_r2c(L0,·,·,·)
CRASH	w94:720	executor unavailable	n0*=logical_and.out(L0,L1,·)
CRASH	w94:87	executor unavailable	n0*=sub.out(L0,L1,·,·)
CRASH	w95:100	executor unavailable	n0*=roll(L0,·,·)
CRASH	w95:107	executor unavailable	n0*=detach_copy(L0)
MISMATCH	w95:48	out[0] max|delta|=1.000e+00 (rtol=0.0 atol=0.0)	n0*=prod(L0,·)
MISMATCH	w95:483	out[0] max|delta|=5.000e+00 (rtol=0.0 atol=0.0)	n0*=remainder.Scalar(L0,·)
SKIP	w95:498	executor ExecutorchInvalidArgumentException: [ExecuTorch Error 0x12] Invalid argument: Execution failed for method: forward	n0*=expand_copy(L0,·,·)
SKIP	w95:517	executor ExecutorchInvalidArgumentException: [ExecuTorch Error 0x12] Invalid argument: Execution failed for method: forward	n0*=arange.start_out(·,·,·,·)
SKIP	w95:542	executor ExecutorchInvalidArgumentException: [ExecuTorch Error 0x12] Invalid argument: Execution failed for method: forward	n0*=native_group_norm(L0,·,·,·,·,·,·,·)
MISMATCH	w95:566	out[0] max|delta|=1.441e+17 (rtol=0.01 atol=0.001)	n0*=bitwise_left_shift.Tensor_Scalar_out(L0,·,·)
MISMATCH	w95:569	out[0] non-finite mismatch (nan/inf positions differ)	n0*=bitwise_left_shift.Tensor_out(L0,L1,·)
MISMATCH	w95:576	out[0] non-finite mismatch (nan/inf positions differ)	n0*=logit.out(L0,·,·)
CRASH	w95:258	executor unavailable	n0*=pow.Tensor_Tensor_out(L0,L1,·)
CRASH	w95:291	executor unavailable	n0*=select_copy.int(L0,·,·)
CRASH	w95:292	executor unavailable	n0*=relu(L0)
SKIP	w95:61	executor ExecutorchInvalidArgumentException: [ExecuTorch Error 0x12] Invalid argument: Execution failed for method: forward	n0*=arange.start_out(·,·,·,·)
MISMATCH	w95:616	out[0] max|delta|=3.000e+00 (rtol=0.0 atol=0.0)	n0*=fmod.Scalar(L0,·)
SKIP	w95:624	executor ExecutorchInvalidArgumentException: [ExecuTorch Error 0x12] Invalid argument: Execution failed for method: forward	n0*=native_group_norm(L0,·,·,·,·,·,·,·)
CRASH	w95:387	executor unavailable	n0*=remainder.Tensor_out(L0,L1,·)
CRASH	w95:407	executor unavailable	n0*=_cdist_forward(L0,L1,·,·)
SKIP	w95:655	executor ExecutorchRuntimeException: [ExecuTorch Error 0x14] Operator missing: Execution failed for method: forward	n0*=_fft_r2c(L0,·,·,·)
CRASH	w95:443	executor unavailable	n0*=bitwise_and.Tensor_out(L0,L1,·)
CRASH	w95:465	executor unavailable	n0*=ge.Scalar_out(L0,·,·)
MISMATCH	w95:711	out[0] max|delta|=6.000e+00 (rtol=0.0 atol=0.0)	n0*=remainder.Scalar(L0,·)
SKIP	w95:726	executor ExecutorchInvalidArgumentException: [ExecuTorch Error 0x12] Invalid argument: Execution failed for method: forward	n0*=expand_copy(L0,·,·)
MISMATCH	w95:732	out[0] max|delta|=2.550e+02 (rtol=0.0 atol=0.0)	n0*=prod(L0,·)
MISMATCH	w95:736	out[0] non-finite mismatch (nan/inf positions differ)	n0*=native_layer_norm(L0,·,·,·,·)
CRASH	w95:472	executor unavailable	n0*=neg.out(L0,·)
SKIP	w95:745	executor ExecutorchInvalidArgumentException: [ExecuTorch Error 0x12] Invalid argument: Execution failed for method: forward	n0*=arange.start_out(·,·,·,·)
SKIP	w95:765	executor ExecutorchInvalidArgumentException: [ExecuTorch Error 0x12] Invalid argument: Execution failed for method: forward	n0*=convolution(L0,L1,·,·,·,·,·,·,·)
SKIP	w95:770	executor ExecutorchInvalidArgumentException: [ExecuTorch Error 0x12] Invalid argument: Execution failed for method: forward	n0*=native_group_norm(L0,·,·,·,·,·,·,·)
SKIP	w95:86	executor ExecutorchInvalidArgumentException: [ExecuTorch Error 0x12] Invalid argument: Execution failed for method: forward	n0*=native_group_norm(L0,·,·,·,·,·,·,·)
SKIP	w96:120	executor ExecutorchInvalidArgumentException: [ExecuTorch Error 0x12] Invalid argument: Execution failed for method: forward	n0*=native_group_norm(L0,·,·,·,·,·,·,·)
MISMATCH	w96:147	out[0] max|delta|=6.918e+18 (rtol=0.0 atol=0.0)	n0*=bitwise_left_shift.Tensor_out(L0,L1,·)
MISMATCH	w96:154	out[0] non-finite mismatch (nan/inf positions differ)	n0*=logit.out(L0,·,·)
MISMATCH	w96:164	out[0] shape (0,) vs (0, 0, 0, 0, 0)	n0*=topk.values(L0,·,·,·,·,L1,L2)
MISMATCH	w96:180	out[0] non-finite mismatch (nan/inf positions differ)	n0*=gelu.out(L0,·,·)
MISMATCH	w96:193	out[0] max|delta|=4.000e+00 (rtol=0.0 atol=0.0)	n0*=remainder.Tensor_out(L0,L1,·)
CRASH	w95:588	executor unavailable	n0*=copy(L0,L1,·)
CRASH	w95:625	executor unavailable	n0*=cosh.out(L0,·)
SKIP	w96:202	executor ExecutorchInvalidArgumentException: [ExecuTorch Error 0x12] Invalid argument: Execution failed for method: forward	n0*=native_group_norm(L0,·,·,·,·,·,·,·)
SKIP	w96:233	executor ExecutorchRuntimeException: [ExecuTorch Error 0x14] Operator missing: Execution failed for method: forward	n0*=_fft_r2c(L0,·,·,·)
CRASH	w95:747	executor unavailable	n0*=select_copy.int(L0,·,·)
CRASH	w95:748	executor unavailable	n0*=relu(L0)
CRASH	w95:763	executor unavailable	n0*=le.Tensor_out(L0,L1,·)
CRASH	w95:773	executor unavailable	n0*=minimum.out(L0,L1,·)
CRASH	w95:780	executor unavailable	n0*=where.self(L0,L1,L2)
CRASH	w96:117	executor unavailable	n0*=glu.out(L0,·,·)
SKIP	w96:304	executor ExecutorchInvalidArgumentException: [ExecuTorch Error 0x12] Invalid argument: Execution failed for method: forward	n0*=expand_copy(L0,·,·)
SKIP	w96:34	executor IllegalArgumentException: unsupported input dtype code 24 on Android	n0*=linear.out(L0,L1,·,·)
SKIP	w96:348	executor ExecutorchInvalidArgumentException: [ExecuTorch Error 0x12] Invalid argument: Execution failed for method: forward	n0*=native_group_norm(L0,·,·,·,·,·,·,·)
CRASH	w96:182	executor unavailable	n0*=bmm.out(L0,L1,·)
MISMATCH	w96:375	out[0] max|delta|=1.611e+09 (rtol=0.0 atol=0.0)	n0*=bitwise_left_shift.Tensor_out(L0,L1,·)
MISMATCH	w96:382	out[0] non-finite mismatch (nan/inf positions differ)	n0*=logit.out(L0,·,·)
CRASH	w96:195	executor unavailable	n0*=max.dim_max(L0,·,·,L1,L2)
CRASH	w96:196	executor unavailable	n0*=logical_or.out(L0,L1,·)
CRASH	w96:197	executor unavailable	n0*=atan.out(L0,·)
MISMATCH	w96:408	out[0] non-finite mismatch (nan/inf positions differ)	n0*=gelu.out(L0,·,·)
SKIP	w96:430	executor ExecutorchInvalidArgumentException: [ExecuTorch Error 0x12] Invalid argument: Execution failed for method: forward	n0*=native_group_norm(L0,·,·,·,·,·,·,·)
MISMATCH	w96:29	out[0] max|delta|=1.280e+02 (rtol=0.0 atol=0.0)	n0*=bitwise_right_shift.Tensor_Scalar(L0,·)
SKIP	w96:433	executor ExecutorchInvalidArgumentException: [ExecuTorch Error 0x12] Invalid argument: Execution failed for method: forward	n0*=_pdist_forward(L0,·)
SKIP	w96:461	executor ExecutorchRuntimeException: [ExecuTorch Error 0x14] Operator missing: Execution failed for method: forward	n0*=_fft_r2c(L0,·,·,·)
SKIP	w96:5	executor ExecutorchRuntimeException: [ExecuTorch Error 0x14] Operator missing: Execution failed for method: forward	n0*=_fft_r2c(L0,·,·,·)
MISMATCH	w96:524	out[0] max|delta|=5.765e+17 (rtol=0.0 atol=0.0)	n0*=bitwise_left_shift.Tensor_Scalar(L0,·)
SKIP	w96:526	executor ExecutorchInvalidArgumentException: [ExecuTorch Error 0x12] Invalid argument: Execution failed for method: forward	n0*=scatter_add.out(L0,·,L1,L2,·)
SKIP	w96:551	executor ExecutorchInvalidArgumentException: [ExecuTorch Error 0x12] Invalid argument: Execution failed for method: forward	n0*=arange.start_out(·,·,·,·)
SKIP	w96:576	executor ExecutorchInvalidArgumentException: [ExecuTorch Error 0x12] Invalid argument: Execution failed for method: forward	n0*=native_group_norm(L0,·,·,·,·,·,·,·)
SKIP	w96:615	executor ExecutorchInvalidArgumentException: [ExecuTorch Error 0x12] Invalid argument: Execution failed for method: forward	n0*=scatter.src_out(L0,·,L1,L2,·)
MISMATCH	w96:636	out[0] non-finite mismatch (nan/inf positions differ)	n0*=gelu.out(L0,·,·)
SKIP	w96:661	executor ExecutorchInvalidArgumentException: [ExecuTorch Error 0x12] Invalid argument: Execution failed for method: forward	n0*=_pdist_forward(L0,·)
MISMATCH	w96:68	out[0] max|delta|=2.306e+18 (rtol=0.0 atol=0.0)	n0*=bitwise_left_shift.Tensor_Scalar(L0,·)
SKIP	w96:689	executor ExecutorchRuntimeException: [ExecuTorch Error 0x14] Operator missing: Execution failed for method: forward	n0*=_fft_r2c(L0,·,·,·)
CRASH	w96:279	executor unavailable	n0*=addmm.out(L0,L1,L2,·,·,·)
CRASH	w96:379	executor unavailable	n0*=abs.out(L0,·)
CRASH	w96:386	executor unavailable	n0*=index.Tensor_out(L0,·,·)
CRASH	w96:393	executor unavailable	n0*=masked_fill.Scalar(L0,L1,·)
CRASH	w96:421	executor unavailable	n0*=remainder.Tensor_out(L0,L1,·)
MISMATCH	w96:713	out[0] max|delta|=8.000e+00 (rtol=0.0 atol=0.0)	n0*=bitwise_right_shift.Tensor_Scalar(L0,·)
CRASH	w96:487	executor unavailable	n0*=log1p.out(L0,·)
SKIP	w96:754	executor ExecutorchInvalidArgumentException: [ExecuTorch Error 0x12] Invalid argument: Execution failed for method: forward	n0*=scatter_add.out(L0,·,L1,L2,·)
SKIP	w96:779	executor ExecutorchInvalidArgumentException: [ExecuTorch Error 0x12] Invalid argument: Execution failed for method: forward	n0*=arange.start_out(·,·,·,·)
SKIP	w96:95	executor ExecutorchInvalidArgumentException: [ExecuTorch Error 0x12] Invalid argument: Execution failed for method: forward	n0*=arange.start_out(·,·,·,·)
CRASH	w96:545	executor unavailable	n0*=pixel_unshuffle(L0,·)
SKIP	w97:116	executor ExecutorchInvalidArgumentException: [ExecuTorch Error 0x12] Invalid argument: Execution failed for method: forward	n0*=native_group_norm(L0,·,·,·,·,·,·,·)
CRASH	w96:609	executor unavailable	n0*=sum.IntList_out(L0,·,·,·,·)
CRASH	w96:639	executor unavailable	n0*=le.Scalar_out(L0,·,·)
CRASH	w96:641	executor unavailable	n0*=sigmoid.out(L0,·)
CRASH	w96:647	executor unavailable	n0*=var_mean.correction(L0,·,·,·)
SKIP	w97:147	executor ExecutorchRuntimeException: [ExecuTorch Error 0x14] Operator missing: Execution failed for method: forward	n0*=_fft_r2c(L0,·,·,·)
SKIP	w97:15	executor ExecutorchInvalidArgumentException: [ExecuTorch Error 0x12] Invalid argument: Execution failed for method: forward	n0*=scatter.value_out(L0,·,L1,·,·)
MISMATCH	w97:210	out[0] max|delta|=2.306e+18 (rtol=0.0 atol=0.0)	n0*=bitwise_left_shift.Tensor_Scalar(L0,·)
MISMATCH	w97:254	out[0] non-finite mismatch (nan/inf positions differ)	n0*=grid_sampler_2d(L0,L1,·,·,·)
MISMATCH	w97:26	out[0] non-finite mismatch (nan/inf positions differ)	n0*=grid_sampler_2d(L0,L1,·,·,·)
SKIP	w97:262	executor ExecutorchInvalidArgumentException: [ExecuTorch Error 0x12] Invalid argument: Execution failed for method: forward	n0*=native_group_norm(L0,·,·,·,·,·,·,·)
MISMATCH	w97:286	out[0] non-finite mismatch (nan/inf positions differ)	n0*=bitwise_left_shift.Tensor_Scalar_out(L0,·,·)
MISMATCH	w97:289	out[0] max|delta|=6.918e+18 (rtol=0.01 atol=0.001)	n0*=bitwise_left_shift.Tensor_out(L0,L1,·)
MISMATCH	w97:322	out[0] non-finite mismatch (nan/inf positions differ)	n0*=gelu.out(L0,·,·)
MISMATCH	w97:337	out[0] shape (1,) vs (0, 0, 0, 0, 0)	n0*=max.dim_max(L0,·,·,L1,L2)
SKIP	w97:344	executor ExecutorchInvalidArgumentException: [ExecuTorch Error 0x12] Invalid argument: Execution failed for method: forward	n0*=native_group_norm(L0,·,·,·,·,·,·,·)
SKIP	w97:347	executor ExecutorchInvalidArgumentException: [ExecuTorch Error 0x12] Invalid argument: Execution failed for method: forward	n0*=_pdist_forward(L0,·)
SKIP	w97:359	executor ExecutorchRuntimeException: [ExecuTorch Error 0x1] Internal error: Execution failed for method: forward	n0*=pixel_shuffle(L0,·)
CRASH	w96:698	executor unavailable	n0*=_native_batch_norm_legit_no_training(L0,·,·,L1,L2,·,·)
SKIP	w97:375	executor ExecutorchRuntimeException: [ExecuTorch Error 0x14] Operator missing: Execution failed for method: forward	n0*=_fft_r2c(L0,·,·,·)
SKIP	w97:440	executor ExecutorchInvalidArgumentException: [ExecuTorch Error 0x12] Invalid argument: Execution failed for method: forward	n0*=scatter_add.out(L0,·,L1,L2,·)
SKIP	w97:465	executor ExecutorchInvalidArgumentException: [ExecuTorch Error 0x12] Invalid argument: Execution failed for method: forward	n0*=arange.start_out(·,·,·,·)
CRASH	w97:101	executor unavailable	n0*=asin.out(L0,·)
CRASH	w97:11	executor unavailable	n0*=select_copy.int(L0,·,·)
CRASH	w97:119	executor unavailable	n0*=_pdist_forward(L0,·)
CRASH	w97:128	executor unavailable	n0*=min(L0)
CRASH	w97:173	executor unavailable	n0*=log1p.out(L0,·)
MISMATCH	w97:482	out[0] non-finite mismatch (nan/inf positions differ)	n0*=grid_sampler_2d(L0,L1,·,·,·)
SKIP	w97:490	executor ExecutorchInvalidArgumentException: [ExecuTorch Error 0x12] Invalid argument: Execution failed for method: forward	n0*=native_group_norm(L0,·,·,·,·,·,·,·)
MISMATCH	w97:514	out[0] max|delta|=7.206e+16 (rtol=0.01 atol=0.001)	n0*=bitwise_left_shift.Tensor_Scalar_out(L0,·,·)
MISMATCH	w97:517	out[0] max|delta|=1.611e+09 (rtol=0.01 atol=0.001)	n0*=bitwise_left_shift.Tensor_out(L0,L1,·)
CRASH	w97:237	executor unavailable	n0*=arange.start_out(·,·,·,·)
MISMATCH	w97:563	out[0] max|delta|=4.000e+00 (rtol=0.0 atol=0.0)	n0*=remainder.Tensor_out(L0,L1,·)
SKIP	w97:572	executor ExecutorchInvalidArgumentException: [ExecuTorch Error 0x12] Invalid argument: Execution failed for method: forward	n0*=native_group_norm(L0,·,·,·,·,·,·,·)
SKIP	w97:575	executor ExecutorchInvalidArgumentException: [ExecuTorch Error 0x12] Invalid argument: Execution failed for method: forward	n0*=_pdist_forward(L0,·)
CRASH	w97:340	executor unavailable	n0*=unsqueeze_copy(L0,·)
SKIP	w97:603	executor ExecutorchRuntimeException: [ExecuTorch Error 0x14] Operator missing: Execution failed for method: forward	n0*=_fft_r2c(L0,·,·,·)
CRASH	w97:350	executor unavailable	n0*=logical_not(L0)
MISMATCH	w97:61	out[0] max|delta|=6.918e+18 (rtol=0.0 atol=0.0)	n0*=bitwise_left_shift.Tensor_out(L0,L1,·)
CRASH	w97:358	executor unavailable	n0*=atan2.out(L0,L1,·)
CRASH	w97:4	executor unavailable	n0*=remainder.Scalar_out(L0,·,·)
SKIP	w97:668	executor ExecutorchInvalidArgumentException: [ExecuTorch Error 0x12] Invalid argument: Execution failed for method: forward	n0*=scatter_add.out(L0,·,L1,L2,·)
CRASH	w97:414	executor unavailable	n0*=mm.out(L0,L1,·)
SKIP	w97:693	executor ExecutorchInvalidArgumentException: [ExecuTorch Error 0x12] Invalid argument: Execution failed for method: forward	n0*=arange.start_out(·,·,·,·)
SKIP	w97:718	executor ExecutorchInvalidArgumentException: [ExecuTorch Error 0x12] Invalid argument: Execution failed for method: forward	n0*=native_group_norm(L0,·,·,·,·,·,·,·)
MISMATCH	w97:742	out[0] max|delta|=2.013e+08 (rtol=0.0 atol=0.0)	n0*=bitwise_left_shift.Tensor_Scalar_out(L0,·,·)
MISMATCH	w97:745	out[0] max|delta|=9.223e+18 (rtol=0.01 atol=0.001)	n0*=bitwise_left_shift.Tensor_out(L0,L1,·)
MISMATCH	w97:762	out[0] shape (1, 1) vs (0, 0, 0, 0, 0)	n0*=topk.values(L0,·,·,·,·,L1,L2)
MISMATCH	w97:777	out[0] non-finite mismatch (nan/inf positions differ)	n0*=logit(L0,·)
MISMATCH	w97:778	out[0] non-finite mismatch (nan/inf positions differ)	n0*=gelu.out(L0,·,·)
SKIP	w97:9	executor ExecutorchInvalidArgumentException: [ExecuTorch Error 0x12] Invalid argument: Execution failed for method: forward	n0*=arange.start_out(·,·,·,·)
MISMATCH	w97:94	out[0] non-finite mismatch (nan/inf positions differ)	n0*=gelu.out(L0,·,·)
SKIP	w98:116	executor ExecutorchInvalidArgumentException: [ExecuTorch Error 0x12] Invalid argument: Execution failed for method: forward	n0*=arange.start_out(·,·,·,·)
SKIP	w98:122	executor ExecutorchInvalidArgumentException: [ExecuTorch Error 0x12] Invalid argument: Execution failed for method: forward	n0*=scatter.value_out(L0,·,L1,·,·)
CRASH	w97:468	executor unavailable	n0*=relu(L0)
SKIP	w98:141	executor ExecutorchInvalidArgumentException: [ExecuTorch Error 0x12] Invalid argument: Execution failed for method: forward	n0*=native_group_norm(L0,·,·,·,·,·,·,·)
CRASH	w97:562	executor unavailable	n0*=reciprocal.out(L0,·)
CRASH	w97:576	executor unavailable	n0*=reflection_pad1d.out(L0,·,·)
CRASH	w97:628	executor unavailable	n0*=floor_divide.out(L0,L1,·)
CRASH	w97:629	executor unavailable	n0*=log1p.out(L0,·)
MISMATCH	w98:200	out[0] non-finite mismatch (nan/inf positions differ)	n0*=logit(L0,·)
MISMATCH	w98:201	out[0] non-finite mismatch (nan/inf positions differ)	n0*=gelu.out(L0,·,·)
MISMATCH	w98:214	out[0] max|delta|=4.000e+00 (rtol=0.01 atol=0.001)	n0*=remainder.Tensor_out(L0,L1,·)
CRASH	w97:664	executor unavailable	n0*=sqrt.out(L0,·)
SKIP	w98:226	executor ExecutorchInvalidArgumentException: [ExecuTorch Error 0x12] Invalid argument: Execution failed for method: forward	n0*=_pdist_forward(L0,·)
CRASH	w97:690	executor unavailable	n0*=atanh.out(L0,·)
SKIP	w98:254	executor ExecutorchRuntimeException: [ExecuTorch Error 0x14] Operator missing: Execution failed for method: forward	n0*=_fft_r2c(L0,·,·,·)
SKIP	w98:26	executor ExecutorchRuntimeException: [ExecuTorch Error 0x14] Operator missing: Execution failed for method: forward	n0*=_fft_r2c(L0,·,·,·)
CRASH	w97:757	executor unavailable	n0*=scatter.src_out(L0,·,L1,L2,·)
CRASH	w97:764	executor unavailable	n0*=copy(L0,L1,·)
SKIP	w98:223	executor ExecutorchInvalidArgumentException: [ExecuTorch Error 0x12] Invalid argument: Execution failed for method: forward	n0*=native_group_norm(L0,·,·,·,·,·,·,·)
MISMATCH	w98:300	out[0] non-finite mismatch (nan/inf positions differ)	n0*=addmm.out(L0,L1,L2,·,·,·)
MISMATCH	w98:317	out[0] max|delta|=2.162e+17 (rtol=0.0 atol=0.0)	n0*=bitwise_left_shift.Tensor_Scalar(L0,·)
SKIP	w98:325	executor ExecutorchInvalidArgumentException: [ExecuTorch Error 0x12] Invalid argument: Execution failed for method: forward	n0*=expand_copy(L0,·,·)
CRASH	w98:106	executor unavailable	n0*=floor.out(L0,·)
SKIP	w98:344	executor ExecutorchInvalidArgumentException: [ExecuTorch Error 0x12] Invalid argument: Execution failed for method: forward	n0*=arange.start_out(·,·,·,·)
CRASH	w98:131	executor unavailable	n0*=any.all_out(L0,·)
CRASH	w98:135	executor unavailable	n0*=logical_not.out(L0,·)
SKIP	w98:369	executor ExecutorchInvalidArgumentException: [ExecuTorch Error 0x12] Invalid argument: Execution failed for method: forward	n0*=native_group_norm(L0,·,·,·,·,·,·,·)
MISMATCH	w98:396	out[0] max|delta|=2.147e+09 (rtol=0.0 atol=0.0)	n0*=bitwise_left_shift.Tensor_out(L0,L1,·)
SKIP	w98:415	executor ExecutorchInvalidArgumentException: [ExecuTorch Error 0x12] Invalid argument: Execution failed for method: forward	n0*=copy(L0,L1,·)
MISMATCH	w98:429	out[0] non-finite mismatch (nan/inf positions differ)	n0*=gelu.out(L0,·,·)
MISMATCH	w98:442	out[0] max|delta|=4.000e+00 (rtol=0.0 atol=0.0)	n0*=remainder.Tensor_out(L0,L1,·)
SKIP	w98:451	executor ExecutorchInvalidArgumentException: [ExecuTorch Error 0x12] Invalid argument: Execution failed for method: forward	n0*=native_group_norm(L0,·,·,·,·,·,·,·)
SKIP	w98:454	executor ExecutorchInvalidArgumentException: [ExecuTorch Error 0x12] Invalid argument: Execution failed for method: forward	n0*=_pdist_forward(L0,·)
MISMATCH	w98:467	out[0] non-finite mismatch (nan/inf positions differ)	n0*=log.out(L0,·)
SKIP	w98:482	executor ExecutorchRuntimeException: [ExecuTorch Error 0x14] Operator missing: Execution failed for method: forward	n0*=_fft_r2c(L0,·,·,·)
CRASH	w98:474	executor process died (native abort)	n0*=max_pool2d_with_indices_backward.grad_input(L0,L1,·,·,·,·,·,L2,L3)
SKIP	w98:566	executor ExecutorchRuntimeException: [ExecuTorch Error 0x1] Internal error: Execution failed for method: forward	n0*=pixel_unshuffle(L0,·)
SKIP	w98:597	executor ExecutorchInvalidArgumentException: [ExecuTorch Error 0x12] Invalid argument: Execution failed for method: forward	n0*=native_group_norm(L0,·,·,·,·,·,·,·)
CRASH	w98:191	executor unavailable	n0*=isinf(L0)
CRASH	w98:242	executor unavailable	n0*=bitwise_xor.Scalar(L0,·)
CRASH	w98:293	executor unavailable	n0*=mm.out(L0,L1,·)
CRASH	w98:298	executor unavailable	n0*=elu.out(L0,·,·,·,·)
MISMATCH	w98:641	out[0] shape (0, 0, 0, 0) vs (0, 0, 0, 0, 0)	n0*=topk.values(L0,·,·,·,·,L1,L2)
MISMATCH	w98:657	out[0] non-finite mismatch (nan/inf positions differ)	n0*=gelu.out(L0,·,·)
CRASH	w98:362	executor unavailable	n0*=le.Tensor_out(L0,L1,·)
CRASH	w98:390	executor unavailable	n0*=detach_copy(L0)
MISMATCH	w98:677	out[0] max|delta|=3.999e-01 (rtol=0.01 atol=0.001)	n0*=_native_batch_norm_legit.no_stats(L0,·,·,·,·,·)
SKIP	w98:679	executor ExecutorchInvalidArgumentException: [ExecuTorch Error 0x12] Invalid argument: Execution failed for method: forward	n0*=native_group_norm(L0,·,·,·,·,·,·,·)
SKIP	w98:682	executor ExecutorchInvalidArgumentException: [ExecuTorch Error 0x12] Invalid argument: Execution failed for method: forward	n0*=_pdist_forward(L0,·)
MISMATCH	w98:702	out[0] max|delta|=1.110e+00 (rtol=0.01 atol=0.001)	n0*=max_pool2d_with_indices_backward.grad_input(L0,L1,·,·,·,·,·,L2,L3)
SKIP	w98:710	executor ExecutorchRuntimeException: [ExecuTorch Error 0x14] Operator missing: Execution failed for method: forward	n0*=_fft_r2c(L0,·,·,·)
CRASH	w98:453	executor unavailable	n0*=div.out(L0,L1,·)
MISMATCH	w98:756	out[0] non-finite mismatch (nan/inf positions differ)	n0*=addmm.out(L0,L1,L2,·,·,·)
MISMATCH	w98:773	out[0] max|delta|=4.612e+18 (rtol=0.0 atol=0.0)	n0*=bitwise_left_shift.Tensor_Scalar(L0,·)
MISMATCH	w98:89	out[0] max|delta|=5.765e+17 (rtol=0.0 atol=0.0)	n0*=bitwise_left_shift.Tensor_Scalar(L0,·)
CRASH	w98:572	executor unavailable	n0*=arange.start_out(·,·,·,·)
CRASH	w98:574	executor unavailable	n0*=select_copy.int(L0,·,·)
CRASH	w98:58	executor unavailable	n0*=gt.Scalar_out(L0,·,·)
CRASH	w98:583	executor unavailable	n0*=eq.Scalar_out(L0,·,·)
MISMATCH	w99:147	out[0] max|delta|=9.223e+18 (rtol=0.01 atol=0.001)	n0*=bitwise_left_shift.Tensor_Scalar_out(L0,·,·)
MISMATCH	w99:150	out[0] max|delta|=6.918e+18 (rtol=0.0 atol=0.0)	n0*=bitwise_left_shift.Tensor_out(L0,L1,·)
MISMATCH	w99:157	out[0] non-finite mismatch (nan/inf positions differ)	n0*=logit.out(L0,·,·)
SKIP	w99:162	executor ExecutorchInvalidArgumentException: [ExecuTorch Error 0x12] Invalid argument: Execution failed for method: forward	n0*=scatter.src_out(L0,·,L1,L2,·)
MISMATCH	w99:167	out[0] shape (0, 0) vs (0, 0, 0, 0, 0)	n0*=topk.values(L0,·,·,·,·,L1,L2)
SKIP	w99:169	executor ExecutorchInvalidArgumentException: [ExecuTorch Error 0x12] Invalid argument: Execution failed for method: forward	n0*=copy(L0,L1,·)
SKIP	w98:97	executor ExecutorchInvalidArgumentException: [ExecuTorch Error 0x12] Invalid argument: Execution failed for method: forward	n0*=expand_copy(L0,·,·)
CRASH	w98:608	executor unavailable	n0*=sinh.out(L0,·)
SKIP	w99:18	executor ExecutorchRuntimeException: [ExecuTorch Error 0x1] Internal error: Execution failed for method: forward	n0*=pixel_unshuffle(L0,·)
MISMATCH	w99:182	out[0] non-finite mismatch (nan/inf positions differ)	n0*=logit(L0,·)
MISMATCH	w99:183	out[0] non-finite mismatch (nan/inf positions differ)	n0*=gelu.out(L0,·,·)
MISMATCH	w99:196	out[0] max|delta|=4.000e+00 (rtol=0.01 atol=0.001)	n0*=remainder.Tensor_out(L0,L1,·)
SKIP	w99:205	executor ExecutorchInvalidArgumentException: [ExecuTorch Error 0x12] Invalid argument: Execution failed for method: forward	n0*=native_group_norm(L0,·,·,·,·,·,·,·)
SKIP	w99:208	executor ExecutorchInvalidArgumentException: [ExecuTorch Error 0x12] Invalid argument: Execution failed for method: forward	n0*=_pdist_forward(L0,·)
SKIP	w99:301	executor ExecutorchInvalidArgumentException: [ExecuTorch Error 0x12] Invalid argument: Execution failed for method: forward	n0*=scatter_add.out(L0,·,L1,L2,·)
MISMATCH	w99:321	out[0] max|delta|=6.000e+00 (rtol=0.01 atol=0.001)	n0*=remainder.Scalar_out(L0,·,·)
SKIP	w99:326	executor ExecutorchInvalidArgumentException: [ExecuTorch Error 0x12] Invalid argument: Execution failed for method: forward	n0*=arange.start_out(·,·,·,·)
MISMATCH	w99:343	out[0] non-finite mismatch (nan/inf positions differ)	n0*=grid_sampler_2d(L0,L1,·,·,·)
CRASH	w98:635	executor unavailable	n0*=index.Tensor_out(L0,·,·)
SKIP	w99:351	executor ExecutorchInvalidArgumentException: [ExecuTorch Error 0x12] Invalid argument: Execution failed for method: forward	n0*=native_group_norm(L0,·,·,·,·,·,·,·)
SKIP	w99:37	executor IllegalArgumentException: unsupported input dtype code 24 on Android	n0*=linear.out(L0,L1,·,·)
CRASH	w98:713	executor unavailable	n0*=logical_and.out(L0,L1,·)
CRASH	w98:716	executor unavailable	n0*=fill.Scalar(L0,·)
CRASH	w98:758	executor unavailable	n0*=slice_copy.Tensor(L0,·,·,·,·)
MISMATCH	w99:395	out[0] shape (0, 0, 0) vs (0, 0, 0, 0, 0)	n0*=topk.values(L0,·,·,·,·,L1,L2)
CRASH	w99:118	executor unavailable	n0*=convolution(L0,L1,·,·,·,·,·,·,·)
MISMATCH	w99:410	out[0] non-finite mismatch (nan/inf positions differ)	n0*=logit(L0,·)
MISMATCH	w99:411	out[0] non-finite mismatch (nan/inf positions differ)	n0*=gelu.out(L0,·,·)
SKIP	w99:436	executor ExecutorchInvalidArgumentException: [ExecuTorch Error 0x12] Invalid argument: Execution failed for method: forward	n0*=_pdist_forward(L0,·)
CRASH	w99:179	executor unavailable	n0*=argmin.out(L0,·,·,·)
SKIP	w99:464	executor ExecutorchRuntimeException: [ExecuTorch Error 0x14] Operator missing: Execution failed for method: forward	n0*=_fft_r2c(L0,·,·,·)
CRASH	w99:236	executor unavailable	n0*=_fft_r2c(L0,·,·,·)
CRASH	w99:3	executor unavailable	n0*=any.dims_out(L0,·,·,·)
CRASH	w99:30	executor unavailable	n0*=argmax.out(L0,·,·,·)
CRASH	w99:300	executor unavailable	n0*=pixel_shuffle(L0,·)
SKIP	w99:433	executor ExecutorchInvalidArgumentException: [ExecuTorch Error 0x12] Invalid argument: Execution failed for method: forward	n0*=native_group_norm(L0,·,·,·,·,·,·,·)
MISMATCH	w99:527	out[0] max|delta|=7.206e+16 (rtol=0.0 atol=0.0)	n0*=bitwise_left_shift.Tensor_Scalar(L0,·)
SKIP	w99:535	executor ExecutorchInvalidArgumentException: [ExecuTorch Error 0x12] Invalid argument: Execution failed for method: forward	n0*=expand_copy(L0,·,·)
CRASH	w99:349	executor unavailable	n0*=logical_or(L0,L1)
CRASH	w99:352	executor unavailable	n0*=squeeze_copy.dims(L0,·)
SKIP	w99:579	executor ExecutorchInvalidArgumentException: [ExecuTorch Error 0x12] Invalid argument: Execution failed for method: forward	n0*=native_group_norm(L0,·,·,·,·,·,·,·)
MISMATCH	w99:606	out[0] max|delta|=2.147e+09 (rtol=0.0 atol=0.0)	n0*=bitwise_left_shift.Tensor_out(L0,L1,·)
MISMATCH	w99:613	out[0] non-finite mismatch (nan/inf positions differ)	n0*=logit.out(L0,·,·)
MISMATCH	w99:623	out[0] max|delta|=1.000e+00 (rtol=0.0 atol=0.0)	n0*=topk.values(L0,·,·,·,·,L1,L2)
MISMATCH	w99:638	out[0] non-finite mismatch (nan/inf positions differ)	n0*=logit(L0,·)
MISMATCH	w99:639	out[0] non-finite mismatch (nan/inf positions differ)	n0*=gelu.out(L0,·,·)
SKIP	w99:554	executor ExecutorchInvalidArgumentException: [ExecuTorch Error 0x12] Invalid argument: Execution failed for method: forward	n0*=arange.start_out(·,·,·,·)
SKIP	w99:661	executor ExecutorchInvalidArgumentException: [ExecuTorch Error 0x12] Invalid argument: Execution failed for method: forward	n0*=native_group_norm(L0,·,·,·,·,·,·,·)
SKIP	w99:664	executor ExecutorchInvalidArgumentException: [ExecuTorch Error 0x12] Invalid argument: Execution failed for method: forward	n0*=_pdist_forward(L0,·)
SKIP	w99:692	executor ExecutorchRuntimeException: [ExecuTorch Error 0x14] Operator missing: Execution failed for method: forward	n0*=_fft_r2c(L0,·,·,·)
CRASH	w99:378	executor unavailable	n0*=bitwise_left_shift.Tensor_out(L0,L1,·)
MISMATCH	w99:716	out[0] max|delta|=6.400e+01 (rtol=0.0 atol=0.0)	n0*=bitwise_right_shift.Tensor_Scalar(L0,·)
SKIP	w99:73	executor ExecutorchInvalidArgumentException: [ExecuTorch Error 0x12] Invalid argument: Execution failed for method: forward	n0*=scatter_add.out(L0,·,L1,L2,·)
MISMATCH	w99:738	out[0] non-finite mismatch (nan/inf positions differ)	n0*=addmm.out(L0,L1,L2,·,·,·)
CRASH	w99:432	executor unavailable	n0*=ne.Scalar_out(L0,·,·)
CRASH	w99:463	executor unavailable	n0*=where.self_out(L0,L1,L2,·)
CRASH	w99:486	executor unavailable	n0*=argmax.out(L0,·,·,·)
SKIP	w99:757	executor ExecutorchInvalidArgumentException: [ExecuTorch Error 0x12] Invalid argument: Execution failed for method: forward	n0*=scatter_add.out(L0,·,L1,L2,·)
SKIP	w99:8	executor ExecutorchRuntimeException: [ExecuTorch Error 0x14] Operator missing: Execution failed for method: forward	n0*=_fft_r2c(L0,·,·,·)
CRASH	w99:544	executor unavailable	n0*=floor.out(L0,·)
CRASH	w99:55	executor unavailable	n0*=unfold_copy(L0,·,·,·)
SKIP	w99:98	executor ExecutorchInvalidArgumentException: [ExecuTorch Error 0x12] Invalid argument: Execution failed for method: forward	n0*=arange.start_out(·,·,·,·)
CRASH	w99:58	executor unavailable	n0*=narrow_copy.out(L0,·,·,·,·)
CRASH	w99:645	executor unavailable	n0*=trunc.out(L0,·)
CRASH	w99:651	executor unavailable	n0*=reciprocal.out(L0,·)
SKIP	w99:79	executor ExecutorchInvalidArgumentException: [ExecuTorch Error 0x12] Invalid argument: Execution failed for method: forward	n0*=expand_copy(L0,·,·)
CRASH	w99:708	executor unavailable	n0*=bitwise_and.Tensor_out(L0,L1,·)
CRASH	w99:717	executor unavailable	n0*=floor_divide.out(L0,L1,·)
CRASH	w99:726	executor unavailable	n0*=min.unary_out(L0,·)
CRASH	w99:755	executor unavailable	n0*=bitwise_left_shift.Tensor_Scalar(L0,·)
