job_id	op	status	cm_bucket	cm_compute	cm_all	leaf_nonfinite	note
w0:103	_fft_r2c	CRASH	CM-QUANT-ONLY		dequantize_per_tensor,quantize_per_tensor	False	
w0:771	pixel_shuffle	SKIP	CM-COMPUTE	transpose	dequantize_per_tensor,quantize_per_tensor,transpose	False	
w101:100	arange.start_out	SKIP	CM-QUANT-ONLY		dequantize_per_tensor	False	
w101:694	_fft_r2c	CRASH	CM-QUANT-ONLY		dequantize_per_tensor,quantize_per_tensor	True	
w102:608	bitwise_right_shift.Tensor_Scalar	MISMATCH	NO-CM			False	
w103:556	scatter.src_out	SKIP	CM-QUANT-ONLY		dequantize_per_tensor,quantize_per_tensor	False	
w104:613	pixel_shuffle	SKIP	CM-COMPUTE	transpose	dequantize_per_tensor,quantize_per_tensor,transpose	False	
w105:625	stack	SKIP	NO-CM			False	
w106:545	max_pool2d_with_indices_backward.grad_input	MISMATCH	CM-QUANT-ONLY		dequantize_per_tensor,quantize_per_tensor	False	
w107:493	stack	SKIP	NO-CM			False	
w108:390	_fft_r2c	TIMEOUT	CM-QUANT-ONLY		dequantize_per_tensor,quantize_per_tensor	False	
w109:348	_pdist_forward	SKIP	NO-CM			False	
w10:412	_fft_r2c	CRASH	CM-QUANT-ONLY		dequantize_per_tensor,quantize_per_tensor	False	
w110:405	_fft_r2c	TIMEOUT	CM-QUANT-ONLY		dequantize_per_tensor,quantize_per_tensor	False	
w111:517	bitwise_left_shift.Tensor_out	MISMATCH	NO-CM			False	
w112:50	where.self	MISMATCH	CM-QUANT-ONLY		dequantize_per_tensor,quantize_per_tensor	False	
w113:374	index_put	MISMATCH	CM-QUANT-ONLY		dequantize_per_tensor,quantize_per_tensor	True	
w114:189	native_group_norm	SKIP	CM-QUANT-ONLY		dequantize_per_tensor,quantize_per_tensor	False	
w115:11	min.dim_min	SKIP	NO-CM			False	
w115:669	index_put	MISMATCH	CM-QUANT-ONLY		dequantize_per_tensor,quantize_per_tensor	True	
w116:567	div.out_mode	MISMATCH	CM-QUANT-ONLY		dequantize_per_tensor,quantize_per_tensor	False	
w117:476	stack	SKIP	NO-CM			False	
w118:41	bitwise_left_shift.Tensor_out	MISMATCH	CM-QUANT-ONLY		dequantize_per_tensor,quantize_per_tensor	False	
w119:362	ones.out	SKIP	NO-CM			False	
w11:247	full.out	SKIP	CM-QUANT-ONLY		dequantize_per_tensor	False	
w120:260	stack	SKIP	NO-CM			False	
w121:273	arange.out	SKIP	CM-QUANT-ONLY		dequantize_per_tensor	False	
w121:781	linear.out	CRASH	NO-CM			False	
w122:668	stack	SKIP	NO-CM			False	
w123:748	permute_copy	SKIP	CM-COMPUTE	transpose	dequantize_per_tensor,quantize_per_tensor,transpose	False	
w124:705	fill.Scalar	MISMATCH	CM-QUANT-ONLY		dequantize_per_tensor,quantize_per_tensor	False	
w125:660	index_put	MISMATCH	CM-QUANT-ONLY		dequantize_per_tensor,quantize_per_tensor	True	
w126:567	_fft_r2c	TIMEOUT	CM-QUANT-ONLY		dequantize_per_tensor,quantize_per_tensor	False	
w127:702	remainder.Scalar_out	MISMATCH	NO-CM			False	
w12:60	_pdist_forward	SKIP	NO-CM			False	
w13:451	full.out	SKIP	CM-QUANT-ONLY		dequantize_per_tensor	False	
w14:477	bitwise_right_shift.Tensor_Scalar	MISMATCH	NO-CM			False	
w15:379	bitwise_right_shift.Tensor_out	MISMATCH	NO-CM			False	
w16:305	_fft_r2c	TIMEOUT	CM-QUANT-ONLY		dequantize_per_tensor,quantize_per_tensor	False	
w17:232	native_group_norm	SKIP	CM-QUANT-ONLY		dequantize_per_tensor,quantize_per_tensor	False	
w18:107	bitwise_right_shift.Tensor_Scalar_out	MISMATCH	NO-CM			False	
w19:100	narrow_copy	SKIP	NO-CM			False	
w19:73	full.out	SKIP	CM-QUANT-ONLY		dequantize_per_tensor	False	
w20:12	arange.out	SKIP	NO-CM			False	
w20:747	masked_scatter	MISMATCH	CM-QUANT-ONLY		dequantize_per_tensor,quantize_per_tensor	True	
w21:725	pixel_shuffle	SKIP	CM-COMPUTE	transpose	dequantize_per_tensor,quantize_per_tensor,transpose	False	
w22:65	linear	CRASH	NO-CM			False	
w23:628	native_group_norm	SKIP	CM-QUANT-ONLY		dequantize_per_tensor,quantize_per_tensor	False	
w24:632	linear	CRASH	NO-CM			False	
w25:486	prod.int_out	MISMATCH	CM-QUANT-ONLY		dequantize_per_tensor,quantize_per_tensor	False	
w26:491	logical_xor	MISMATCH	CM-QUANT-ONLY		dequantize_per_tensor,quantize_per_tensor	True	
w27:325	arange.out	SKIP	CM-QUANT-ONLY		dequantize_per_tensor	False	
w28:177	zeros.out	SKIP	CM-QUANT-ONLY		dequantize_per_tensor	False	
w28:779	arange.start_out	SKIP	NO-CM			False	
w29:75	pixel_unshuffle	SKIP	CM-COMPUTE	transpose	dequantize_per_tensor,quantize_per_tensor,transpose	False	
w2:727	bitwise_right_shift.Tensor_out	MISMATCH	NO-CM			False	
w30:614	bitwise_right_shift.Tensor_Scalar	MISMATCH	NO-CM			False	
w31:550	arange.start_out	SKIP	CM-QUANT-ONLY		dequantize_per_tensor	False	
w32:563	linear.out	CRASH	NO-CM			False	
w33:40	_fft_r2c	TIMEOUT	CM-QUANT-ONLY		dequantize_per_tensor,quantize_per_tensor	True	
w34:301	minimum.out	SKIP	CM-COMPUTE	minimum	minimum	False	
w35:271	pixel_unshuffle	SKIP	CM-COMPUTE	transpose	dequantize_per_tensor,quantize_per_tensor,transpose	False	
w36:215	remainder.Tensor_out	MISMATCH	NO-CM			False	
w37:13	pixel_shuffle	SKIP	CM-COMPUTE	transpose	dequantize_per_tensor,quantize_per_tensor,transpose	False	
w38:12	_fft_r2c	TIMEOUT	CM-QUANT-ONLY		dequantize_per_tensor,quantize_per_tensor	False	
w38:753	transpose_copy.int	SKIP	CM-COMPUTE	transpose	dequantize_per_tensor,quantize_per_tensor,transpose	False	
w39:708	fill.Scalar	MISMATCH	CM-QUANT-ONLY		dequantize_per_tensor,quantize_per_tensor	False	
w3:773	zeros.out	SKIP	NO-CM			False	
w40:80	bitwise_left_shift.Tensor_Scalar_out	MISMATCH	NO-CM			False	
w41:777	arange.start_out	SKIP	CM-QUANT-ONLY		dequantize_per_tensor	False	
w42:612	topk.values	SKIP	NO-CM			False	
w43:541	scatter.src_out	SKIP	NO-CM			False	
w44:598	stack	SKIP	NO-CM			False	
w45:678	_fft_r2c	TIMEOUT	CM-QUANT-ONLY		dequantize_per_tensor,quantize_per_tensor	True	
w46:677	ones.out	SKIP	NO-CM			False	
w47:600	arange.start_out	SKIP	CM-QUANT-ONLY		dequantize_per_tensor	False	
w48:547	pixel_shuffle	SKIP	CM-COMPUTE	transpose	dequantize_per_tensor,quantize_per_tensor,transpose	False	
w49:461	_fft_r2c	TIMEOUT	CM-QUANT-ONLY		dequantize_per_tensor,quantize_per_tensor	True	
w4:298	_fft_r2c	TIMEOUT	CM-QUANT-ONLY		dequantize_per_tensor,quantize_per_tensor	False	
w50:269	full.out	SKIP	CM-QUANT-ONLY		dequantize_per_tensor	False	
w51:310	pixel_shuffle	SKIP	CM-COMPUTE	transpose	dequantize_per_tensor,quantize_per_tensor,transpose	False	
w52:197	ones.out	SKIP	CM-QUANT-ONLY		dequantize_per_tensor	False	
w53:198	pixel_shuffle	SKIP	CM-COMPUTE	transpose	dequantize_per_tensor,quantize_per_tensor,transpose	False	
w53:70	pixel_unshuffle	SKIP	CM-COMPUTE	transpose	dequantize_per_tensor,quantize_per_tensor,transpose	False	
w54:70	fmod.Scalar	MISMATCH	NO-CM			False	
w55:676	arange.out	SKIP	NO-CM			False	
w56:70	linear.out	CRASH	CM-QUANT-ONLY		dequantize_per_tensor,quantize_per_tensor	False	
w57:696	native_group_norm	SKIP	CM-QUANT-ONLY		dequantize_per_tensor,quantize_per_tensor	False	
w58:62	zeros.out	SKIP	NO-CM			False	
w59:618	arange.start_out	SKIP	CM-QUANT-ONLY		dequantize_per_tensor	False	
w5:619	index_put	MISMATCH	CM-QUANT-ONLY		dequantize_per_tensor,quantize_per_tensor	True	
w60:549	stack	SKIP	NO-CM			False	
w61:474	arange.out	SKIP	CM-QUANT-ONLY		dequantize_per_tensor	False	
w62:357	pixel_unshuffle	SKIP	CM-COMPUTE	transpose	dequantize_per_tensor,quantize_per_tensor,transpose	False	
w63:340	index_put	MISMATCH	CM-QUANT-ONLY		dequantize_per_tensor,quantize_per_tensor	True	
w64:403	full.out	SKIP	CM-QUANT-ONLY		dequantize_per_tensor	False	
w65:456	_pdist_forward	SKIP	CM-QUANT-ONLY		dequantize_per_tensor,quantize_per_tensor	True	
w66:300	arange.start_out	SKIP	NO-CM			False	
w67:21	where.self	SKIP	CM-QUANT-ONLY		dequantize_per_tensor,quantize_per_tensor	False	
w68:133	remainder.Tensor_out	MISMATCH	NO-CM			False	
w68:771	bitwise_left_shift.Tensor_out	MISMATCH	NO-CM			False	
w69:65	stack	SKIP	NO-CM			False	
w6:650	remainder.Scalar	MISMATCH	NO-CM			False	
w70:498	pixel_shuffle	SKIP	CM-COMPUTE	transpose	dequantize_per_tensor,quantize_per_tensor,transpose	False	
w71:466	pow.Scalar_out	MISMATCH	NO-CM			False	
w72:439	remainder.Scalar_out	MISMATCH	NO-CM			False	
w73:390	stack	SKIP	NO-CM			False	
w74:314	bitwise_left_shift.Tensor_Scalar	MISMATCH	NO-CM			False	
w75:238	copy	SKIP	CM-QUANT-ONLY		dequantize_per_tensor,quantize_per_tensor	True	
w76:221	scatter.src_out	SKIP	CM-QUANT-ONLY		dequantize_per_tensor,quantize_per_tensor	True	
w76:91	bitwise_right_shift.Tensor_Scalar	MISMATCH	NO-CM			False	
w78:104	pixel_shuffle	SKIP	CM-COMPUTE	transpose	dequantize_per_tensor,quantize_per_tensor,transpose	False	
w78:738	stack	SKIP	NO-CM			False	
w79:639	remainder.Scalar_out	MISMATCH	NO-CM			False	
w7:512	max_pool2d_with_indices_backward.grad_input	MISMATCH	CM-QUANT-ONLY		dequantize_per_tensor,quantize_per_tensor	False	
w80:537	zeros.out	SKIP	CM-QUANT-ONLY		dequantize_per_tensor	False	
w81:568	ones.out	SKIP	CM-QUANT-ONLY		dequantize_per_tensor	False	
w82:635	arange.start_out	SKIP	CM-QUANT-ONLY		dequantize_per_tensor	False	
w83:56	ones.out	SKIP	CM-QUANT-ONLY		dequantize_per_tensor	False	
w84:572	remainder.Tensor_out	MISMATCH	CM-QUANT-ONLY		dequantize_per_tensor,quantize_per_tensor	False	
w85:543	transpose_copy.int	SKIP	CM-COMPUTE	transpose	dequantize_per_tensor,quantize_per_tensor,transpose	False	
w86:513	native_group_norm	SKIP	CM-QUANT-ONLY		dequantize_per_tensor,quantize_per_tensor	False	
w87:488	bitwise_left_shift.Tensor_out	MISMATCH	CM-QUANT-ONLY		dequantize_per_tensor,quantize_per_tensor	False	
w88:353	scatter.src_out	SKIP	CM-QUANT-ONLY		dequantize_per_tensor,quantize_per_tensor	True	
w89:324	bitwise_left_shift.Tensor_Scalar	MISMATCH	NO-CM			False	
w8:276	index_put	MISMATCH	CM-QUANT-ONLY		dequantize_per_tensor,quantize_per_tensor	True	
w90:288	zeros.out	SKIP	NO-CM			False	
w91:206	bitwise_right_shift.Tensor_Scalar	MISMATCH	NO-CM			False	
w92:272	zeros.out	SKIP	CM-QUANT-ONLY		dequantize_per_tensor	False	
w93:175	native_group_norm	SKIP	CM-QUANT-ONLY		dequantize_per_tensor,quantize_per_tensor	False	
w94:180	index_put	MISMATCH	CM-QUANT-ONLY		dequantize_per_tensor,quantize_per_tensor	True	
w94:98	scatter_add.out	SKIP	CM-QUANT-ONLY		dequantize_per_tensor,quantize_per_tensor	False	
w95:656	ones.out	SKIP	CM-QUANT-ONLY		dequantize_per_tensor	False	
w96:633	zeros.out	SKIP	NO-CM			False	
w97:603	_fft_r2c	TIMEOUT	CM-QUANT-ONLY		dequantize_per_tensor,quantize_per_tensor	True	
w98:546	pixel_shuffle	SKIP	CM-COMPUTE	transpose	dequantize_per_tensor,quantize_per_tensor,transpose	False	
w99:448	pixel_shuffle	SKIP	CM-COMPUTE	transpose	dequantize_per_tensor,quantize_per_tensor,transpose	False	
w9:372	ones.out	SKIP	CM-QUANT-ONLY		dequantize_per_tensor	False	
w0:265	stack	SKIP	NO-CM			False	
w100:157	full.out	SKIP	CM-QUANT-ONLY		dequantize_per_tensor	False	
w101:210	_pdist_forward	SKIP	NO-CM			False	
w101:94	pixel_unshuffle	SKIP	CM-COMPUTE	transpose	dequantize_per_tensor,quantize_per_tensor,transpose	False	
w102:72	zeros.out	SKIP	NO-CM			False	
w103:640	pixel_unshuffle	SKIP	CM-COMPUTE	transpose	transpose	False	
w104:710	copy	SKIP	NO-CM			False	
w105:732	full.out	SKIP	CM-QUANT-ONLY		dequantize_per_tensor	False	
w106:74	arange.out	SKIP	NO-CM			False	
w107:562	logical_and.out	MISMATCH	CM-QUANT-ONLY		dequantize_per_tensor,quantize_per_tensor	True	
w108:537	index_put	MISMATCH	CM-QUANT-ONLY		dequantize_per_tensor,quantize_per_tensor	True	
w109:538	stack	SKIP	CM-QUANT-ONLY		dequantize_per_tensor,quantize_per_tensor	False	
w10:582	linear	CRASH	NO-CM			False	
w110:577	zeros.out	SKIP	NO-CM			False	
w111:66	index_put	MISMATCH	CM-QUANT-ONLY		dequantize_per_tensor,quantize_per_tensor	True	
w112:609	_fft_r2c	TIMEOUT	CM-QUANT-ONLY		dequantize_per_tensor,quantize_per_tensor	False	
w113:519	pixel_shuffle	SKIP	CM-COMPUTE	transpose	dequantize_per_tensor,quantize_per_tensor,transpose	False	
w114:362	bitwise_left_shift.Tensor_out	MISMATCH	NO-CM			False	
w115:227	copy	SKIP	NO-CM			False	
w115:90	bitwise_right_shift.Tensor_Scalar	MISMATCH	NO-CM			False	
w116:652	_fft_r2c	TIMEOUT	CM-QUANT-ONLY		dequantize_per_tensor,quantize_per_tensor	True	
w117:626	pixel_unshuffle	SKIP	CM-COMPUTE	transpose	dequantize_per_tensor,quantize_per_tensor,transpose	False	
w118:584	ones.out	SKIP	CM-QUANT-ONLY		dequantize_per_tensor	False	
w119:508	index_put	MISMATCH	CM-QUANT-ONLY		dequantize_per_tensor,quantize_per_tensor	True	
w11:42	pixel_shuffle	SKIP	CM-COMPUTE	transpose	dequantize_per_tensor,quantize_per_tensor,transpose	False	
w120:367	full.out	SKIP	CM-QUANT-ONLY		dequantize_per_tensor	False	
w121:386	arange.start_out	SKIP	CM-QUANT-ONLY		dequantize_per_tensor	False	
w122:247	native_group_norm	SKIP	CM-QUANT-ONLY		dequantize_per_tensor,quantize_per_tensor	False	
w122:79	linear.out	CRASH	NO-CM			False	
w124:187	zeros.out	SKIP	CM-QUANT-ONLY		dequantize_per_tensor	False	
w125:141	pixel_unshuffle	SKIP	CM-COMPUTE	transpose	dequantize_per_tensor,quantize_per_tensor,transpose	False	
w125:751	pixel_unshuffle	SKIP	CM-COMPUTE	transpose	dequantize_per_tensor,quantize_per_tensor,transpose	False	
w126:88	arange.out	SKIP	NO-CM			False	
w12:129	full.out	SKIP	CM-QUANT-ONLY		dequantize_per_tensor	False	
w12:706	stack	SKIP	NO-CM			False	
w0:293	max.dim_max	SKIP	NO-CM			False	
w100:231	native_group_norm	SKIP	CM-QUANT-ONLY		dequantize_per_tensor,quantize_per_tensor	False	
w101:214	bitwise_right_shift.Tensor_out	MISMATCH	NO-CM			False	
w102:100	_pdist_forward	SKIP	CM-QUANT-ONLY		dequantize_per_tensor,quantize_per_tensor	True	
w102:726	bitwise_left_shift.Tensor_out	MISMATCH	CM-QUANT-ONLY		dequantize_per_tensor,quantize_per_tensor	False	
w103:695	scatter_add.out	SKIP	CM-QUANT-ONLY		dequantize_per_tensor,quantize_per_tensor	False	
w104:711	stack	SKIP	NO-CM			False	
w105:755	pixel_shuffle	SKIP	CM-COMPUTE	transpose	dequantize_per_tensor,quantize_per_tensor,transpose	False	
w106:741	remainder.Tensor_out	MISMATCH	NO-CM			False	
w107:569	pixel_unshuffle	SKIP	CM-COMPUTE	transpose	dequantize_per_tensor,quantize_per_tensor,transpose	False	
w108:551	copy	SKIP	CM-QUANT-ONLY		dequantize_per_tensor,quantize_per_tensor	True	
w109:548	zeros.out	SKIP	CM-QUANT-ONLY		dequantize_per_tensor	False	
w10:584	zeros.out	SKIP	CM-QUANT-ONLY		dequantize_per_tensor	False	
w110:602	native_group_norm	SKIP	CM-QUANT-ONLY		dequantize_per_tensor,quantize_per_tensor	False	
w111:693	arange.start_out	SKIP	CM-QUANT-ONLY		dequantize_per_tensor	False	
w112:610	ones.out	SKIP	NO-CM			False	
w113:526	expand_copy	SKIP	NO-CM			False	
w114:367	index_put	MISMATCH	CM-QUANT-ONLY		dequantize_per_tensor,quantize_per_tensor	True	
w115:228	stack	SKIP	CM-QUANT-ONLY		dequantize_per_tensor,quantize_per_tensor	False	
w116:122	scatter.src_out	SKIP	CM-QUANT-ONLY		dequantize_per_tensor,quantize_per_tensor	True	
w116:653	ones.out	SKIP	NO-CM			False	
w117:63	arange.out	SKIP	CM-QUANT-ONLY		dequantize_per_tensor	False	
w118:589	fill.Scalar	MISMATCH	CM-QUANT-ONLY		dequantize_per_tensor,quantize_per_tensor	False	
w119:515	scatter.src_out	SKIP	CM-QUANT-ONLY		dequantize_per_tensor,quantize_per_tensor	True	
w11:43	scatter_add.out	SKIP	CM-QUANT-ONLY		dequantize_per_tensor,quantize_per_tensor	True	
w120:390	pixel_shuffle	SKIP	CM-COMPUTE	transpose	dequantize_per_tensor,quantize_per_tensor,transpose	False	
w121:40	_pdist_forward	SKIP	CM-QUANT-ONLY		dequantize_per_tensor,quantize_per_tensor	False	
w122:254	bitwise_right_shift.Tensor_out	MISMATCH	NO-CM			False	
w122:91	full.out	SKIP	CM-QUANT-ONLY		dequantize_per_tensor	False	
w124:220	arange.out	SKIP	NO-CM			False	
w125:199	bitwise_left_shift.Tensor_out	MISMATCH	CM-QUANT-ONLY		dequantize_per_tensor,quantize_per_tensor	False	
w125:81	bitwise_right_shift.Tensor_Scalar	MISMATCH	NO-CM			False	
w126:95	pixel_shuffle	SKIP	CM-COMPUTE	transpose	dequantize_per_tensor,quantize_per_tensor,transpose	False	
w12:152	pixel_shuffle	SKIP	CM-COMPUTE	transpose	dequantize_per_tensor,quantize_per_tensor,transpose	False	
w12:716	zeros.out	SKIP	NO-CM			False	
w13:638	_fft_r2c	TIMEOUT	CM-QUANT-ONLY		dequantize_per_tensor,quantize_per_tensor	False	
w14:625	zeros.out	SKIP	NO-CM			False	
w15:565	stack	SKIP	NO-CM			False	
w16:447	bitwise_left_shift.Tensor_out	MISMATCH	NO-CM			False	
w17:334	expand_copy	SKIP	CM-QUANT-ONLY		dequantize_per_tensor,quantize_per_tensor	False	
w18:276	pixel_unshuffle	SKIP	CM-COMPUTE	transpose	dequantize_per_tensor,quantize_per_tensor,transpose	False	
w19:244	pixel_shuffle	SKIP	CM-COMPUTE	transpose	dequantize_per_tensor,quantize_per_tensor,transpose	False	
w1:169	bitwise_right_shift.Tensor_Scalar	MISMATCH	NO-CM			False	
w20:264	ones.out	SKIP	NO-CM			False	
w21:257	_pdist_forward	SKIP	CM-QUANT-ONLY		dequantize_per_tensor,quantize_per_tensor	False	
w22:133	pixel_unshuffle	SKIP	CM-COMPUTE	transpose	dequantize_per_tensor,quantize_per_tensor,transpose	False	
w23:147	arange.start_out	SKIP	NO-CM			False	
w24:131	where.self	SKIP	CM-QUANT-ONLY		dequantize_per_tensor,quantize_per_tensor	False	
w24:731	full.out	SKIP	NO-CM			False	
w25:671	bitwise_left_shift.Tensor_Scalar	MISMATCH	NO-CM			False	
w26:630	zeros.out	SKIP	NO-CM			False	
w27:433	remainder.Scalar_out	MISMATCH	NO-CM			False	
w28:348	native_group_norm	SKIP	CM-QUANT-ONLY		dequantize_per_tensor,quantize_per_tensor	False	
w29:191	_pdist_forward	SKIP	NO-CM			False	
w2:264	native_group_norm	SKIP	CM-QUANT-ONLY		dequantize_per_tensor,quantize_per_tensor	False	
w30:140	fill.Scalar	MISMATCH	CM-QUANT-ONLY		dequantize_per_tensor,quantize_per_tensor	False	
w31:104	permute_copy	SKIP	CM-COMPUTE	transpose	dequantize_per_tensor,quantize_per_tensor,transpose	False	
w31:712	bitwise_right_shift.Tensor_Scalar	MISMATCH	NO-CM			False	
w32:706	zeros.out	SKIP	NO-CM			False	
w33:497	ones.out	SKIP	CM-QUANT-ONLY		dequantize_per_tensor	False	
w34:452	full.out	SKIP	NO-CM			False	
w35:422	copy	SKIP	CM-QUANT-ONLY		dequantize_per_tensor,quantize_per_tensor	True	
w36:33	fill.Scalar	MISMATCH	CM-QUANT-ONLY		dequantize_per_tensor,quantize_per_tensor	False	
w37:298	full.out	SKIP	CM-QUANT-ONLY		dequantize_per_tensor	False	
w38:281	full.out	SKIP	NO-CM			False	
w39:190	zeros.out	SKIP	NO-CM			False	
w3:117	_pdist_forward	SKIP	CM-QUANT-ONLY		dequantize_per_tensor,quantize_per_tensor	True	
w40:179	pixel_unshuffle	SKIP	CM-COMPUTE	transpose	dequantize_per_tensor,quantize_per_tensor,transpose	False	
w41:255	bitwise_right_shift.Tensor_Scalar	MISMATCH	NO-CM			False	
w42:202	arange.out	SKIP	CM-QUANT-ONLY		dequantize_per_tensor	False	
w42:722	full.out	SKIP	CM-QUANT-ONLY		dequantize_per_tensor	False	
w43:777	stack	SKIP	NO-CM			False	
w44:727	bitwise_left_shift.Tensor_Scalar	MISMATCH	NO-CM			False	
w46:220	_fft_r2c	TIMEOUT	CM-QUANT-ONLY		dequantize_per_tensor,quantize_per_tensor	False	
w47:201	index_put	MISMATCH	CM-QUANT-ONLY		dequantize_per_tensor,quantize_per_tensor	True	
w47:739	ones.out	SKIP	CM-QUANT-ONLY		dequantize_per_tensor	False	
w48:711	_fft_r2c	TIMEOUT	CM-QUANT-ONLY		dequantize_per_tensor,quantize_per_tensor	False	
w49:6	ones.out	SKIP	NO-CM			False	
w4:459	copy	SKIP	CM-QUANT-ONLY		dequantize_per_tensor,quantize_per_tensor	True	
w50:398	linear	CRASH	NO-CM			False	
w51:498	zeros.out	SKIP	NO-CM			False	
w52:385	fmod.Scalar	MISMATCH	NO-CM			False	
w53:339	where.self	SKIP	CM-QUANT-ONLY		dequantize_per_tensor,quantize_per_tensor	False	
w54:115	fill.Scalar	MISMATCH	CM-QUANT-ONLY		dequantize_per_tensor,quantize_per_tensor	False	
w55:169	scatter.src_out	SKIP	NO-CM			False	
w56:13	_pdist_forward	SKIP	CM-QUANT-ONLY		dequantize_per_tensor,quantize_per_tensor	True	
w57:161	minimum.out	SKIP	CM-COMPUTE	minimum	minimum	False	
w58:119	ones.out	SKIP	CM-QUANT-ONLY		dequantize_per_tensor	False	
w58:90	_pdist_forward	SKIP	NO-CM			False	
w59:733	arange.out	SKIP	NO-CM			False	
w5:710	pixel_unshuffle	SKIP	CM-COMPUTE	transpose	dequantize_per_tensor,quantize_per_tensor,transpose	False	
w60:705	arange.start_out	SKIP	CM-QUANT-ONLY		dequantize_per_tensor	False	
w61:656	topk.values	SKIP	NO-CM			False	
w62:547	_pdist_forward	SKIP	NO-CM			False	
w63:55	arange.start_out	SKIP	NO-CM			False	
w64:591	ones.out	SKIP	NO-CM			False	
w65:645	copy	SKIP	CM-QUANT-ONLY		dequantize_per_tensor,quantize_per_tensor	True	
w66:422	pixel_shuffle	SKIP	CM-COMPUTE	transpose	dequantize_per_tensor,quantize_per_tensor,transpose	False	
w67:381	linear.out	CRASH	CM-QUANT-ONLY		dequantize_per_tensor,quantize_per_tensor	False	
w68:332	topk.values	SKIP	NO-CM			False	
w69:202	expand_copy	SKIP	CM-QUANT-ONLY		dequantize_per_tensor,quantize_per_tensor	True	
w6:100	max.dim_max	SKIP	NO-CM			False	
w6:755	copy	SKIP	NO-CM			False	
w70:622	remainder.Tensor_out	MISMATCH	NO-CM			False	
w71:649	linear.out	CRASH	NO-CM			False	
w72:57	topk.values	SKIP	NO-CM			False	
w73:546	arange.start_out	SKIP	CM-QUANT-ONLY		dequantize_per_tensor	False	
w74:412	copy	SKIP	NO-CM			False	
w75:389	pixel_unshuffle	SKIP	CM-COMPUTE	transpose	dequantize_per_tensor,quantize_per_tensor,transpose	False	
w76:305	pixel_unshuffle	SKIP	CM-COMPUTE	transpose	transpose	False	
w77:27	stack	SKIP	NO-CM			False	
w78:226	prod.int_out	MISMATCH	CM-QUANT-ONLY		dequantize_per_tensor,quantize_per_tensor	False	
w79:259	copy	SKIP	CM-QUANT-ONLY		dequantize_per_tensor,quantize_per_tensor	True	
w79:759	arange.out	SKIP	CM-QUANT-ONLY		dequantize_per_tensor	False	
w7:682	stack	SKIP	CM-QUANT-ONLY		dequantize_per_tensor,quantize_per_tensor	False	
w80:699	prod.int_out	MISMATCH	CM-QUANT-ONLY		dequantize_per_tensor,quantize_per_tensor	False	
w81:88	arange.out	SKIP	NO-CM			False	
w82:773	_fft_r2c	TIMEOUT	CM-QUANT-ONLY		dequantize_per_tensor,quantize_per_tensor	False	
w83:683	zeros.out	SKIP	CM-QUANT-ONLY		dequantize_per_tensor	False	
w84:773	copy	SKIP	NO-CM			False	
w85:698	pixel_shuffle	SKIP	CM-COMPUTE	transpose	dequantize_per_tensor,quantize_per_tensor,transpose	False	
w86:691	index_put	MISMATCH	CM-QUANT-ONLY		dequantize_per_tensor,quantize_per_tensor	False	
w87:546	_pdist_forward	SKIP	NO-CM			False	
w88:468	full.out	SKIP	CM-QUANT-ONLY		dequantize_per_tensor	False	
w89:481	max_pool2d_with_indices_backward.grad_input	MISMATCH	CM-QUANT-ONLY		dequantize_per_tensor,quantize_per_tensor	False	
w8:422	scatter_add.out	SKIP	CM-QUANT-ONLY		dequantize_per_tensor,quantize_per_tensor	True	
w90:428	pixel_unshuffle	SKIP	CM-COMPUTE	transpose	dequantize_per_tensor,quantize_per_tensor,transpose	False	
w91:411	ones.out	SKIP	NO-CM			False	
w92:364	floor_divide	MISMATCH	CM-QUANT-ONLY		dequantize_per_tensor,quantize_per_tensor	False	
w93:296	arange.start_out	SKIP	NO-CM			False	
w94:325	pixel_shuffle	SKIP	CM-COMPUTE	transpose	dequantize_per_tensor,quantize_per_tensor,transpose	False	
w95:199	_fft_r2c	TIMEOUT	CM-QUANT-ONLY		dequantize_per_tensor,quantize_per_tensor	False	
w96:130	where.self	SKIP	CM-QUANT-ONLY		dequantize_per_tensor,quantize_per_tensor	False	
w96:754	scatter_add.out	SKIP	CM-QUANT-ONLY		dequantize_per_tensor,quantize_per_tensor	True	
w97:762	topk.values	SKIP	CM-QUANT-ONLY		dequantize_per_tensor,quantize_per_tensor	True	
w98:716	fill.Scalar	MISMATCH	CM-QUANT-ONLY		dequantize_per_tensor,quantize_per_tensor	False	
w99:589	where.self	SKIP	CM-QUANT-ONLY		dequantize_per_tensor,quantize_per_tensor	False	
w9:543	zeros.out	SKIP	CM-QUANT-ONLY		dequantize_per_tensor	False	
w0:309	fmod.Tensor_out	MISMATCH	CM-QUANT-ONLY		dequantize_per_tensor,quantize_per_tensor	False	
w100:263	index_put	MISMATCH	CM-QUANT-ONLY		dequantize_per_tensor,quantize_per_tensor	True	
w101:215	arange.out	SKIP	CM-QUANT-ONLY		dequantize_per_tensor	False	
w102:105	arange.out	SKIP	NO-CM			False	
w102:731	index_put	MISMATCH	CM-QUANT-ONLY		dequantize_per_tensor,quantize_per_tensor	True	
w103:71	where.self	SKIP	CM-QUANT-ONLY		dequantize_per_tensor,quantize_per_tensor	False	
w104:719	linear	CRASH	NO-CM			False	
w105:781	arange.start_out	SKIP	NO-CM			False	
w106:753	_pdist_forward	SKIP	NO-CM			False	
w107:623	pixel_shuffle	SKIP	CM-COMPUTE	transpose	dequantize_per_tensor,quantize_per_tensor,transpose	False	
w108:552	stack	SKIP	CM-QUANT-ONLY		dequantize_per_tensor,quantize_per_tensor	False	
w109:576	_pdist_forward	SKIP	NO-CM			False	
w10:617	arange.out	SKIP	CM-QUANT-ONLY		dequantize_per_tensor	False	
w110:617	pixel_shuffle	SKIP	CM-COMPUTE	transpose	dequantize_per_tensor,quantize_per_tensor,transpose	False	
w111:73	scatter.src_out	SKIP	CM-QUANT-ONLY		dequantize_per_tensor,quantize_per_tensor	True	
w112:650	full.out	SKIP	NO-CM			False	
w113:545	arange.start_out	SKIP	CM-QUANT-ONLY		dequantize_per_tensor	False	
w114:381	copy	SKIP	CM-QUANT-ONLY		dequantize_per_tensor,quantize_per_tensor	True	
w115:238	zeros.out	SKIP	NO-CM			False	
w116:130	stack	SKIP	NO-CM			False	
w116:658	fill.Scalar	MISMATCH	CM-QUANT-ONLY		dequantize_per_tensor,quantize_per_tensor	False	
w117:689	index_put	MISMATCH	CM-QUANT-ONLY		dequantize_per_tensor,quantize_per_tensor	True	
w118:607	bitwise_right_shift.Tensor_Scalar	MISMATCH	NO-CM			False	
w119:520	topk.values	SKIP	NO-CM			False	
w11:434	_fft_r2c	TIMEOUT	CM-QUANT-ONLY		dequantize_per_tensor,quantize_per_tensor	False	
w120:416	arange.start_out	SKIP	CM-QUANT-ONLY		dequantize_per_tensor	False	
w121:443	index_put	MISMATCH	CM-QUANT-ONLY		dequantize_per_tensor,quantize_per_tensor	True	
w122:255	arange.out	SKIP	NO-CM			False	
w123:111	index_put	MISMATCH	CM-QUANT-ONLY		dequantize_per_tensor,quantize_per_tensor	True	
w124:243	_fft_r2c	TIMEOUT	CM-QUANT-ONLY		dequantize_per_tensor,quantize_per_tensor	True	
w125:204	index_put	MISMATCH	CM-QUANT-ONLY		dequantize_per_tensor,quantize_per_tensor	True	
w125:98	full.out	SKIP	CM-QUANT-ONLY		dequantize_per_tensor	False	
w127:123	max.dim_max	SKIP	NO-CM			False	
w12:159	expand_copy	SKIP	NO-CM			False	
w12:72	pixel_shuffle	SKIP	CM-COMPUTE	transpose	transpose	False	
w13:639	ones.out	SKIP	CM-QUANT-ONLY		dequantize_per_tensor	False	
w14:650	native_group_norm	SKIP	CM-QUANT-ONLY		dequantize_per_tensor,quantize_per_tensor	False	
w15:608	arange.out	SKIP	CM-QUANT-ONLY		dequantize_per_tensor	False	
w16:452	index_put	MISMATCH	CM-QUANT-ONLY		dequantize_per_tensor,quantize_per_tensor	True	
w17:35	_fft_r2c	TIMEOUT	CM-QUANT-ONLY		dequantize_per_tensor,quantize_per_tensor	False	
w18:307	full.out	SKIP	CM-QUANT-ONLY		dequantize_per_tensor	False	
w19:260	_fft_r2c	TIMEOUT	CM-QUANT-ONLY		dequantize_per_tensor,quantize_per_tensor	False	
w1:186	full.out	SKIP	NO-CM			False	
w20:269	fill.Scalar	MISMATCH	CM-QUANT-ONLY		dequantize_per_tensor,quantize_per_tensor	False	
w21:262	arange.out	SKIP	NO-CM			False	
w22:164	full.out	SKIP	NO-CM			False	
w23:18	fmod.Scalar	MISMATCH	NO-CM			False	
w24:153	index_put	MISMATCH	CM-QUANT-ONLY		dequantize_per_tensor,quantize_per_tensor	True	
w24:755	scatter_add.out	SKIP	CM-QUANT-ONLY		dequantize_per_tensor,quantize_per_tensor	True	
w25:672	pixel_shuffle	SKIP	CM-COMPUTE	transpose	dequantize_per_tensor,quantize_per_tensor,transpose	False	
w26:655	native_group_norm	SKIP	CM-QUANT-ONLY		dequantize_per_tensor,quantize_per_tensor	False	
w27:463	native_group_norm	SKIP	CM-QUANT-ONLY		dequantize_per_tensor,quantize_per_tensor	False	
w28:375	bitwise_left_shift.Tensor_out	MISMATCH	CM-QUANT-ONLY		dequantize_per_tensor,quantize_per_tensor	False	
w29:203	pixel_shuffle	SKIP	CM-COMPUTE	transpose	dequantize_per_tensor,quantize_per_tensor,transpose	False	
w2:267	_pdist_forward	SKIP	CM-QUANT-ONLY		dequantize_per_tensor,quantize_per_tensor	False	
w30:175	full.out	SKIP	NO-CM			False	
w31:129	where.self	SKIP	CM-QUANT-ONLY		dequantize_per_tensor,quantize_per_tensor	False	
w31:729	full.out	SKIP	CM-QUANT-ONLY		dequantize_per_tensor	False	
w32:707	min.dim_min	SKIP	NO-CM			False	
w33:502	fill.Scalar	MISMATCH	CM-QUANT-ONLY		dequantize_per_tensor,quantize_per_tensor	False	
w34:495	pixel_unshuffle	SKIP	CM-COMPUTE	transpose	dequantize_per_tensor,quantize_per_tensor,transpose	False	
w35:423	stack	SKIP	NO-CM			False	
w36:345	arange.start_out	SKIP	NO-CM			False	
w37:314	transpose_copy.int	SKIP	CM-COMPUTE	transpose	dequantize_per_tensor,quantize_per_tensor,transpose	False	
w38:296	remainder.Scalar	MISMATCH	NO-CM			False	
w39:2	pixel_shuffle	SKIP	CM-COMPUTE	transpose	dequantize_per_tensor,quantize_per_tensor,transpose	False	
w3:145	_fft_r2c	TIMEOUT	CM-QUANT-ONLY		dequantize_per_tensor,quantize_per_tensor	False	
w40:233	pixel_shuffle	SKIP	CM-COMPUTE	transpose	dequantize_per_tensor,quantize_per_tensor,transpose	False	
w41:260	linear.out	CRASH	CM-QUANT-ONLY		dequantize_per_tensor,quantize_per_tensor	False	
w42:209	pixel_shuffle	SKIP	CM-COMPUTE	transpose	dequantize_per_tensor,quantize_per_tensor,transpose	False	
w42:737	remainder.Scalar	MISMATCH	NO-CM			False	
w43:78	index_put	MISMATCH	CM-QUANT-ONLY		dequantize_per_tensor,quantize_per_tensor	True	
w44:735	expand_copy	SKIP	NO-CM			False	
w46:221	ones.out	SKIP	NO-CM			False	
w47:215	copy	SKIP	CM-QUANT-ONLY		dequantize_per_tensor,quantize_per_tensor	True	
w47:744	fill.Scalar	MISMATCH	CM-QUANT-ONLY		dequantize_per_tensor,quantize_per_tensor	False	
w48:721	pixel_unshuffle	SKIP	CM-COMPUTE	transpose	dequantize_per_tensor,quantize_per_tensor,transpose	False	
w49:620	topk.values	SKIP	NO-CM			False	
w4:460	stack	SKIP	CM-QUANT-ONLY		dequantize_per_tensor,quantize_per_tensor	False	
w50:400	zeros.out	SKIP	NO-CM			False	
w51:514	remainder.Tensor_out	MISMATCH	NO-CM			False	
w52:401	arange.out	SKIP	CM-QUANT-ONLY		dequantize_per_tensor	False	
w53:356	bitwise_left_shift.Tensor_out	MISMATCH	CM-QUANT-ONLY		dequantize_per_tensor,quantize_per_tensor	False	
w54:119	pixel_unshuffle	SKIP	CM-COMPUTE	transpose	dequantize_per_tensor,quantize_per_tensor,transpose	False	
w55:174	topk.values	SKIP	CM-QUANT-ONLY		dequantize_per_tensor,quantize_per_tensor	True	
w56:141	permute_copy	SKIP	CM-COMPUTE	transpose	dequantize_per_tensor,quantize_per_tensor,transpose	False	
w57:197	scatter.src_out	SKIP	CM-QUANT-ONLY		dequantize_per_tensor,quantize_per_tensor	True	
w58:181	bitwise_left_shift.Tensor_Scalar	MISMATCH	NO-CM			False	
w58:95	arange.out	SKIP	CM-QUANT-ONLY		dequantize_per_tensor	False	
w59:748	max_pool2d_with_indices_backward.grad_input	MISMATCH	CM-QUANT-ONLY		dequantize_per_tensor,quantize_per_tensor	False	
w5:72	remainder.Scalar	MISMATCH	NO-CM			False	
w60:740	where.self	SKIP	CM-QUANT-ONLY		dequantize_per_tensor,quantize_per_tensor	False	
w61:658	copy	SKIP	CM-QUANT-ONLY		dequantize_per_tensor,quantize_per_tensor	True	
w62:552	arange.out	SKIP	NO-CM			False	
w63:563	bitwise_left_shift.Tensor_out	MISMATCH	CM-QUANT-ONLY		dequantize_per_tensor,quantize_per_tensor	False	
w64:596	fill.Scalar	MISMATCH	CM-QUANT-ONLY		dequantize_per_tensor,quantize_per_tensor	True	
w65:646	stack	SKIP	NO-CM			False	
w66:430	max_pool2d_with_indices_backward.grad_input	MISMATCH	CM-QUANT-ONLY		dequantize_per_tensor,quantize_per_tensor	False	
w67:416	pixel_shuffle	SKIP	CM-COMPUTE	transpose	dequantize_per_tensor,quantize_per_tensor,transpose	False	
w68:335	stack	SKIP	NO-CM			False	
w69:215	pixel_unshuffle	SKIP	CM-COMPUTE	transpose	dequantize_per_tensor,quantize_per_tensor,transpose	False	
w6:107	native_group_norm	SKIP	CM-QUANT-ONLY		dequantize_per_tensor,quantize_per_tensor	False	
w6:756	stack	SKIP	NO-CM			False	
w70:634	_pdist_forward	SKIP	CM-QUANT-ONLY		dequantize_per_tensor,quantize_per_tensor	True	
w71:683	bitwise_left_shift.Tensor_Scalar	MISMATCH	NO-CM			False	
w72:582	_fft_r2c	TIMEOUT	CM-QUANT-ONLY		dequantize_per_tensor,quantize_per_tensor	False	
w73:571	native_group_norm	SKIP	CM-QUANT-ONLY		dequantize_per_tensor,quantize_per_tensor	False	
w74:413	stack	SKIP	NO-CM			False	
w75:39	max.dim_max	SKIP	NO-CM			False	
w76:319	bitwise_right_shift.Tensor_Scalar	MISMATCH	NO-CM			False	
w77:298	arange.out	SKIP	CM-QUANT-ONLY		dequantize_per_tensor	False	
w78:230	convolution	SKIP	CM-QUANT-ONLY		dequantize_per_tensor,quantize_per_tensor	False	
w79:260	stack	SKIP	NO-CM			False	
w79:766	pixel_shuffle	SKIP	CM-COMPUTE	transpose	dequantize_per_tensor,quantize_per_tensor,transpose	False	
w7:725	arange.out	SKIP	CM-QUANT-ONLY		dequantize_per_tensor	False	
w80:708	native_group_norm	SKIP	CM-QUANT-ONLY		dequantize_per_tensor,quantize_per_tensor	False	
w81:95	pixel_shuffle	SKIP	CM-COMPUTE	transpose	dequantize_per_tensor,quantize_per_tensor,transpose	False	
w82:8	index_put	MISMATCH	CM-QUANT-ONLY		dequantize_per_tensor,quantize_per_tensor	True	
w83:711	_pdist_forward	SKIP	NO-CM			False	
w84:774	stack	SKIP	NO-CM			False	
w85:7	arange.out	SKIP	NO-CM			False	
w86:7	index_put	MISMATCH	CM-QUANT-ONLY		dequantize_per_tensor,quantize_per_tensor	True	
w87:551	arange.out	SKIP	NO-CM			False	
w88:490	bitwise_left_shift.Tensor_Scalar	MISMATCH	NO-CM			False	
w89:489	_fft_r2c	TIMEOUT	CM-QUANT-ONLY		dequantize_per_tensor,quantize_per_tensor	False	
w8:43	bitwise_left_shift.Tensor_out	MISMATCH	CM-QUANT-ONLY		dequantize_per_tensor,quantize_per_tensor	False	
w90:434	arange.start_out	SKIP	CM-QUANT-ONLY		dequantize_per_tensor	False	
w91:44	arange.start_out	SKIP	CM-QUANT-ONLY		dequantize_per_tensor	False	
w92:369	full.out	SKIP	CM-QUANT-ONLY		dequantize_per_tensor	False	
w93:306	permute_copy	SKIP	CM-COMPUTE	transpose	dequantize_per_tensor,quantize_per_tensor,transpose	False	
w94:33	_fft_r2c	TIMEOUT	CM-QUANT-ONLY		dequantize_per_tensor,quantize_per_tensor	False	
w95:200	ones.out	SKIP	NO-CM			False	
w96:147	bitwise_left_shift.Tensor_out	MISMATCH	NO-CM			False	
w96:773	pixel_unshuffle	SKIP	CM-COMPUTE	transpose	dequantize_per_tensor,quantize_per_tensor,transpose	False	
w97:765	stack	SKIP	CM-QUANT-ONLY		dequantize_per_tensor,quantize_per_tensor	False	
w98:720	pixel_unshuffle	SKIP	CM-COMPUTE	transpose	dequantize_per_tensor,quantize_per_tensor,transpose	False	
w99:611	index_put	MISMATCH	CM-QUANT-ONLY		dequantize_per_tensor,quantize_per_tensor	True	
w9:560	fmod.Scalar	MISMATCH	NO-CM			False	
w0:323	max_pool2d_with_indices_backward.grad_input	MISMATCH	CM-QUANT-ONLY		dequantize_per_tensor,quantize_per_tensor	True	
w100:270	scatter.src_out	SKIP	CM-QUANT-ONLY		dequantize_per_tensor,quantize_per_tensor	True	
w101:238	_fft_r2c	CRASH	CM-QUANT-ONLY		dequantize_per_tensor,quantize_per_tensor	False	
w102:106	fmod.Tensor_out	MISMATCH	CM-QUANT-ONLY		dequantize_per_tensor,quantize_per_tensor	False	
w102:746	stack	SKIP	NO-CM			False	
w103:720	arange.start_out	SKIP	NO-CM			False	
w104:721	zeros.out	SKIP	NO-CM			False	
w105:8	ones.out	SKIP	CM-QUANT-ONLY		dequantize_per_tensor	False	
w106:758	arange.out	SKIP	NO-CM			False	
w107:630	expand_copy	SKIP	CM-QUANT-ONLY		dequantize_per_tensor,quantize_per_tensor	False	
w108:562	zeros.out	SKIP	CM-QUANT-ONLY		dequantize_per_tensor	False	
w109:580	bitwise_right_shift.Tensor_out	MISMATCH	NO-CM			False	
w0:331	_fft_r2c	CRASH	CM-QUANT-ONLY		dequantize_per_tensor,quantize_per_tensor	False	
w100:278	stack	SKIP	NO-CM			False	
w101:239	ones.out	SKIP	NO-CM			False	
w102:112	pixel_shuffle	SKIP	CM-COMPUTE	transpose	dequantize_per_tensor,quantize_per_tensor,transpose	False	
w102:756	zeros.out	SKIP	NO-CM			False	
w103:745	native_group_norm	SKIP	CM-QUANT-ONLY		dequantize_per_tensor,quantize_per_tensor	False	
w104:749	_pdist_forward	SKIP	NO-CM			False	
w105:97	arange.start_out	SKIP	NO-CM			False	
w106:773	max_pool2d_with_indices_backward.grad_input	MISMATCH	CM-QUANT-ONLY		dequantize_per_tensor,quantize_per_tensor	False	
w107:649	arange.start_out	SKIP	NO-CM			False	
w108:59	where.self	SKIP	CM-QUANT-ONLY		dequantize_per_tensor,quantize_per_tensor	False	
w109:581	arange.out	SKIP	CM-QUANT-ONLY		dequantize_per_tensor	False	
w10:640	_fft_r2c	CRASH	CM-QUANT-ONLY		dequantize_per_tensor,quantize_per_tensor	True	
w110:633	_fft_r2c	TIMEOUT	CM-QUANT-ONLY		dequantize_per_tensor,quantize_per_tensor	False	
w111:775	zeros.out	SKIP	NO-CM			False	
w112:67	bitwise_left_shift.Tensor_out	MISMATCH	CM-QUANT-ONLY		dequantize_per_tensor,quantize_per_tensor	False	
w113:580	where.self	SKIP	CM-QUANT-ONLY		dequantize_per_tensor,quantize_per_tensor	False	
w114:408	remainder.Tensor_out	MISMATCH	NO-CM			False	
w115:26	remainder.Tensor_out	MISMATCH	CM-QUANT-ONLY		dequantize_per_tensor,quantize_per_tensor	False	
w116:140	zeros.out	SKIP	CM-QUANT-ONLY		dequantize_per_tensor	False	
w116:693	full.out	SKIP	CM-QUANT-ONLY		dequantize_per_tensor	False	
w117:704	stack	SKIP	NO-CM			False	
w118:624	full.out	SKIP	CM-QUANT-ONLY		dequantize_per_tensor	False	
w119:523	stack	SKIP	NO-CM			False	
w11:440	fill.Scalar	MISMATCH	CM-QUANT-ONLY		dequantize_per_tensor,quantize_per_tensor	True	
w120:426	permute_copy	SKIP	CM-COMPUTE	transpose	dequantize_per_tensor,quantize_per_tensor,transpose	False	
w121:458	stack	SKIP	CM-QUANT-ONLY		dequantize_per_tensor,quantize_per_tensor	False	
w122:27	arange.out	SKIP	NO-CM			False	
w123:169	arange.out	SKIP	NO-CM			False	
w124:272	linear.out	CRASH	NO-CM			False	
w125:219	stack	SKIP	NO-CM			False	
w126:112	ones.out	SKIP	CM-QUANT-ONLY		dequantize_per_tensor	False	
w127:138	arange.out	SKIP	CM-QUANT-ONLY		dequantize_per_tensor	False	
w12:178	arange.start_out	SKIP	CM-QUANT-ONLY		dequantize_per_tensor	False	
w12:748	bitwise_right_shift.Tensor_out	MISMATCH	NO-CM			False	
w13:679	full.out	SKIP	NO-CM			False	
w14:665	pixel_shuffle	SKIP	CM-COMPUTE	transpose	dequantize_per_tensor,quantize_per_tensor,transpose	False	
w15:631	_fft_r2c	TIMEOUT	CM-QUANT-ONLY		dequantize_per_tensor,quantize_per_tensor	False	
w16:467	stack	SKIP	NO-CM			False	
w17:36	ones.out	SKIP	NO-CM			False	
w18:384	minimum.out	SKIP	CM-COMPUTE	minimum	minimum	False	
w19:284	bitwise_right_shift.Tensor_Scalar	MISMATCH	NO-CM			False	
w1:216	expand_copy	SKIP	NO-CM			False	
w20:304	full.out	SKIP	CM-QUANT-ONLY		dequantize_per_tensor	False	
w21:277	max_pool2d_with_indices_backward.grad_input	MISMATCH	CM-QUANT-ONLY		dequantize_per_tensor,quantize_per_tensor	False	
w22:213	arange.start_out	SKIP	NO-CM			False	
w23:211	scatter.src_out	SKIP	CM-QUANT-ONLY		dequantize_per_tensor,quantize_per_tensor	True	
w24:176	linear	CRASH	NO-CM			False	
w24:90	pixel_unshuffle	SKIP	CM-COMPUTE	transpose	dequantize_per_tensor,quantize_per_tensor,transpose	False	
w25:750	bitwise_left_shift.Tensor_out	MISMATCH	CM-QUANT-ONLY		dequantize_per_tensor,quantize_per_tensor	False	
w26:663	arange.out	SKIP	NO-CM			False	
w27:502	scatter.src_out	SKIP	NO-CM			False	
w28:387	scatter.src_out	SKIP	CM-QUANT-ONLY		dequantize_per_tensor,quantize_per_tensor	True	
w29:220	ones.out	SKIP	NO-CM			False	
w2:272	arange.out	SKIP	CM-QUANT-ONLY		dequantize_per_tensor	False	
w30:198	pixel_shuffle	SKIP	CM-COMPUTE	transpose	dequantize_per_tensor,quantize_per_tensor,transpose	False	
w31:158	scatter.src_out	SKIP	NO-CM			False	
w31:94	arange.start_out	SKIP	CM-QUANT-ONLY		dequantize_per_tensor	False	
w32:734	_pdist_forward	SKIP	CM-QUANT-ONLY		dequantize_per_tensor,quantize_per_tensor	False	
w33:559	bitwise_left_shift.Tensor_Scalar	MISMATCH	NO-CM			False	
w34:529	minimum.out	SKIP	CM-COMPUTE	minimum	minimum	False	
w35:433	zeros.out	SKIP	CM-QUANT-ONLY		dequantize_per_tensor	False	
w36:397	bitwise_left_shift.Tensor_out	MISMATCH	CM-QUANT-ONLY		dequantize_per_tensor,quantize_per_tensor	False	
w37:342	remainder.Scalar_out	MISMATCH	NO-CM			False	
w38:330	arange.start_out	SKIP	CM-QUANT-ONLY		dequantize_per_tensor	False	
w39:230	pixel_shuffle	SKIP	CM-COMPUTE	transpose	dequantize_per_tensor,quantize_per_tensor,transpose	False	
w3:174	linear.out	CRASH	CM-QUANT-ONLY		dequantize_per_tensor,quantize_per_tensor	False	
w40:25	pixel_unshuffle	SKIP	CM-COMPUTE	transpose	dequantize_per_tensor,quantize_per_tensor,transpose	False	
w41:272	full.out	SKIP	CM-QUANT-ONLY		dequantize_per_tensor	False	
w42:225	_fft_r2c	TIMEOUT	CM-QUANT-ONLY		dequantize_per_tensor,quantize_per_tensor	True	
w42:765	pixel_unshuffle	SKIP	CM-COMPUTE	transpose	dequantize_per_tensor,quantize_per_tensor,transpose	False	
w43:92	copy	SKIP	NO-CM			False	
w44:749	remainder.Scalar_out	MISMATCH	NO-CM			False	
w46:271	logical_and	MISMATCH	CM-QUANT-ONLY		dequantize_per_tensor,quantize_per_tensor	True	
w47:226	zeros.out	SKIP	NO-CM			False	
w47:766	masked_scatter	MISMATCH	CM-QUANT-ONLY		dequantize_per_tensor,quantize_per_tensor	True	
w48:740	linear.out	CRASH	NO-CM			False	
w49:633	zeros.out	SKIP	CM-QUANT-ONLY		dequantize_per_tensor	False	
w4:470	zeros.out	SKIP	NO-CM			False	
w50:428	_pdist_forward	SKIP	NO-CM			False	
w51:538	pixel_shuffle	SKIP	CM-COMPUTE	transpose	dequantize_per_tensor,quantize_per_tensor,transpose	False	
w52:424	_fft_r2c	TIMEOUT	CM-QUANT-ONLY		dequantize_per_tensor,quantize_per_tensor	False	
w53:375	copy	SKIP	CM-QUANT-ONLY		dequantize_per_tensor,quantize_per_tensor	True	
w54:165	remainder.Scalar	MISMATCH	NO-CM			False	
w55:177	stack	SKIP	CM-QUANT-ONLY		dequantize_per_tensor,quantize_per_tensor	False	
w56:200	topk.values	SKIP	NO-CM			False	
w57:204	copy	SKIP	NO-CM			False	
w58:202	pixel_unshuffle	SKIP	CM-COMPUTE	transpose	dequantize_per_tensor,quantize_per_tensor,transpose	False	
w59:128	remainder.Scalar	MISMATCH	NO-CM			False	
w59:757	ones.out	SKIP	NO-CM			False	
w5:741	full.out	SKIP	CM-QUANT-ONLY		dequantize_per_tensor	False	
w60:776	copy	SKIP	NO-CM			False	
w61:669	zeros.out	SKIP	NO-CM			False	
w62:576	ones.out	SKIP	NO-CM			False	
w63:593	zeros.out	SKIP	NO-CM			False	
w64:631	full.out	SKIP	NO-CM			False	
w65:681	native_group_norm	SKIP	CM-QUANT-ONLY		dequantize_per_tensor,quantize_per_tensor	False	
w66:439	ones.out	SKIP	CM-QUANT-ONLY		dequantize_per_tensor	False	
w67:421	bitwise_right_shift.Tensor_Scalar_out	MISMATCH	NO-CM			False	
w68:35	arange.start_out	SKIP	CM-QUANT-ONLY		dequantize_per_tensor	False	
w69:246	native_group_norm	SKIP	CM-QUANT-ONLY		dequantize_per_tensor,quantize_per_tensor	False	
w6:115	arange.out	SKIP	NO-CM			False	
w70:117	bitwise_left_shift.Tensor_Scalar_out	MISMATCH	NO-CM			False	
w0:341	pixel_unshuffle	SKIP	CM-COMPUTE	transpose	dequantize_per_tensor,quantize_per_tensor,transpose	False	
w100:286	linear	CRASH	NO-CM			False	
w101:248	pixel_unshuffle	SKIP	CM-COMPUTE	transpose	dequantize_per_tensor,quantize_per_tensor,transpose	False	
w102:128	_fft_r2c	CRASH	CM-QUANT-ONLY		dequantize_per_tensor,quantize_per_tensor	False	
w102:97	native_group_norm	SKIP	CM-QUANT-ONLY		dequantize_per_tensor,quantize_per_tensor	False	
w104:149	remainder.Scalar	MISMATCH	NO-CM			False	
w104:754	arange.out	SKIP	NO-CM			False	
w106:11	bitwise_left_shift.Tensor_out	MISMATCH	NO-CM			False	
w106:781	_fft_r2c	TIMEOUT	CM-QUANT-ONLY		dequantize_per_tensor,quantize_per_tensor	False	
w107:659	permute_copy	SKIP	CM-COMPUTE	transpose	dequantize_per_tensor,quantize_per_tensor,transpose	False	
w108:595	arange.out	SKIP	NO-CM			False	
w109:596	max_pool2d_with_indices_backward.grad_input	MISMATCH	CM-QUANT-ONLY		dequantize_per_tensor,quantize_per_tensor	False	
w10:641	ones.out	SKIP	CM-QUANT-ONLY		dequantize_per_tensor	False	
w110:634	ones.out	SKIP	CM-QUANT-ONLY		dequantize_per_tensor	False	
w111:81	stack	SKIP	NO-CM			False	
w112:672	bitwise_left_shift.Tensor_Scalar	MISMATCH	NO-CM			False	
w113:597	bitwise_left_shift.Tensor_out	MISMATCH	CM-QUANT-ONLY		dequantize_per_tensor,quantize_per_tensor	False	
w114:417	native_group_norm	SKIP	CM-QUANT-ONLY		dequantize_per_tensor,quantize_per_tensor	False	
w115:270	bitwise_right_shift.Tensor_out	MISMATCH	NO-CM			False	
w116:165	native_group_norm	SKIP	CM-QUANT-ONLY		dequantize_per_tensor,quantize_per_tensor	False	
w116:716	pixel_shuffle	SKIP	CM-COMPUTE	transpose	dequantize_per_tensor,quantize_per_tensor,transpose	False	
w117:714	zeros.out	SKIP	NO-CM			False	
w118:646	bitwise_left_shift.Tensor_Scalar	MISMATCH	NO-CM			False	
w119:533	zeros.out	SKIP	CM-QUANT-ONLY		dequantize_per_tensor	False	
w11:444	pixel_unshuffle	SKIP	CM-COMPUTE	transpose	dequantize_per_tensor,quantize_per_tensor,transpose	False	
w120:441	native_group_norm	SKIP	CM-QUANT-ONLY		dequantize_per_tensor,quantize_per_tensor	False	
w121:484	remainder.Tensor_out	MISMATCH	NO-CM			False	
w122:278	_fft_r2c	TIMEOUT	CM-QUANT-ONLY		dequantize_per_tensor,quantize_per_tensor	False	
w123:176	pixel_shuffle	SKIP	CM-COMPUTE	transpose	dequantize_per_tensor,quantize_per_tensor,transpose	False	
w124:284	full.out	SKIP	CM-QUANT-ONLY		dequantize_per_tensor	False	
w125:227	linear	CRASH	NO-CM			False	
w126:117	fill.Scalar	MISMATCH	CM-QUANT-ONLY		dequantize_per_tensor,quantize_per_tensor	False	
w127:161	_fft_r2c	TIMEOUT	CM-QUANT-ONLY		dequantize_per_tensor,quantize_per_tensor	False	
w12:188	permute_copy	SKIP	CM-COMPUTE	transpose	dequantize_per_tensor,quantize_per_tensor,transpose	False	
w12:749	arange.out	SKIP	CM-QUANT-ONLY		dequantize_per_tensor	False	
w13:69	native_group_norm	SKIP	CM-QUANT-ONLY		dequantize_per_tensor,quantize_per_tensor	False	
w14:673	max_pool2d_with_indices_backward.grad_input	MISMATCH	CM-QUANT-ONLY		dequantize_per_tensor,quantize_per_tensor	False	
w15:632	ones.out	SKIP	CM-QUANT-ONLY		dequantize_per_tensor	False	
w16:477	zeros.out	SKIP	NO-CM			False	
w17:4	native_group_norm	SKIP	CM-QUANT-ONLY		dequantize_per_tensor,quantize_per_tensor	False	
w18:39	ones.out	SKIP	CM-QUANT-ONLY		dequantize_per_tensor	False	
w19:301	full.out	SKIP	CM-QUANT-ONLY		dequantize_per_tensor	False	
w1:229	pixel_unshuffle	SKIP	CM-COMPUTE	transpose	dequantize_per_tensor,quantize_per_tensor,transpose	False	
w20:334	expand_copy	SKIP	CM-QUANT-ONLY		dequantize_per_tensor,quantize_per_tensor	False	
w21:285	_fft_r2c	TIMEOUT	CM-QUANT-ONLY		dequantize_per_tensor,quantize_per_tensor	False	
w22:265	bitwise_left_shift.Tensor_out	MISMATCH	CM-QUANT-ONLY		dequantize_per_tensor,quantize_per_tensor	False	
w23:219	stack	SKIP	NO-CM			False	
w24:178	zeros.out	SKIP	NO-CM			False	
w24:96	arange.start_out	SKIP	NO-CM			False	
w25:751	div.out_mode	MISMATCH	CM-QUANT-ONLY		dequantize_per_tensor,quantize_per_tensor	True	
w26:67	scatter_add.out	SKIP	CM-QUANT-ONLY		dequantize_per_tensor,quantize_per_tensor	True	
w27:509	copy	SKIP	NO-CM			False	
w28:395	stack	SKIP	NO-CM			False	
w29:260	full.out	SKIP	NO-CM			False	
w0:355	bitwise_right_shift.Tensor_Scalar	MISMATCH	NO-CM			False	
w100:288	zeros.out	SKIP	NO-CM			False	
w101:322	pixel_unshuffle	SKIP	CM-COMPUTE	transpose	dequantize_per_tensor,quantize_per_tensor,transpose	False	
w102:129	ones.out	SKIP	NO-CM			False	
w103:10	pixel_shuffle	SKIP	CM-COMPUTE	transpose	dequantize_per_tensor,quantize_per_tensor,transpose	False	
w104:158	scatter_add.out	SKIP	CM-QUANT-ONLY		dequantize_per_tensor,quantize_per_tensor	True	
w104:761	pixel_shuffle	SKIP	CM-COMPUTE	transpose	dequantize_per_tensor,quantize_per_tensor,transpose	False	
w106:138	full.out	SKIP	CM-QUANT-ONLY		dequantize_per_tensor	False	
w106:97	_fft_r2c	TIMEOUT	CM-QUANT-ONLY		dequantize_per_tensor,quantize_per_tensor	False	
w107:674	native_group_norm	SKIP	CM-QUANT-ONLY		dequantize_per_tensor,quantize_per_tensor	False	
w108:600	mul.Scalar	SKIP	CM-COMPUTE	quantized_mul	dequantize_per_tensor,quantize_per_tensor,quantized_mul	True	
w109:604	_fft_r2c	TIMEOUT	CM-QUANT-ONLY		dequantize_per_tensor,quantize_per_tensor	True	
w10:646	fill.Scalar	MISMATCH	CM-QUANT-ONLY		dequantize_per_tensor,quantize_per_tensor	False	
w110:639	fill.Scalar	MISMATCH	CM-QUANT-ONLY		dequantize_per_tensor,quantize_per_tensor	False	
w111:9	arange.start_out	SKIP	NO-CM			False	
w112:693	pixel_unshuffle	SKIP	CM-COMPUTE	transpose	dequantize_per_tensor,quantize_per_tensor,transpose	False	
w113:614	topk.values	SKIP	NO-CM			False	
w114:420	_pdist_forward	SKIP	CM-QUANT-ONLY		dequantize_per_tensor,quantize_per_tensor	False	
w115:278	pixel_shuffle	SKIP	CM-COMPUTE	transpose	dequantize_per_tensor,quantize_per_tensor,transpose	False	
w116:168	_pdist_forward	SKIP	CM-QUANT-ONLY		dequantize_per_tensor,quantize_per_tensor	False	
w116:723	expand_copy	SKIP	CM-QUANT-ONLY		dequantize_per_tensor,quantize_per_tensor	False	
w117:742	_pdist_forward	SKIP	NO-CM			False	
w118:647	pixel_shuffle	SKIP	CM-COMPUTE	transpose	dequantize_per_tensor,quantize_per_tensor,transpose	False	
w119:534	min.dim_min	SKIP	NO-CM			False	
w11:475	full.out	SKIP	CM-QUANT-ONLY		dequantize_per_tensor	False	
w120:468	bitwise_left_shift.Tensor_out	MISMATCH	CM-QUANT-ONLY		dequantize_per_tensor,quantize_per_tensor	False	
w121:485	fmod.Scalar	MISMATCH	NO-CM			False	
w122:279	ones.out	SKIP	CM-QUANT-ONLY		dequantize_per_tensor	False	
w123:192	_fft_r2c	TIMEOUT	CM-QUANT-ONLY		dequantize_per_tensor,quantize_per_tensor	False	
w124:312	bitwise_right_shift.Tensor_Scalar_out	MISMATCH	NO-CM			False	
w125:229	zeros.out	SKIP	NO-CM			False	
w126:121	pixel_unshuffle	SKIP	CM-COMPUTE	transpose	dequantize_per_tensor,quantize_per_tensor,transpose	False	
w127:162	ones.out	SKIP	CM-QUANT-ONLY		dequantize_per_tensor	False	
w12:21	copy	SKIP	NO-CM			False	
w12:772	_fft_r2c	TIMEOUT	CM-QUANT-ONLY		dequantize_per_tensor,quantize_per_tensor	False	
w13:701	bitwise_left_shift.Tensor_Scalar	MISMATCH	NO-CM			False	
w14:681	_fft_r2c	TIMEOUT	CM-QUANT-ONLY		dequantize_per_tensor,quantize_per_tensor	False	
w15:660	linear.out	CRASH	NO-CM			False	
w16:505	_pdist_forward	SKIP	CM-QUANT-ONLY		dequantize_per_tensor,quantize_per_tensor	False	
w17:406	div.out_mode	MISMATCH	CM-QUANT-ONLY		dequantize_per_tensor,quantize_per_tensor	True	
w18:391	where.self	SKIP	CM-QUANT-ONLY		dequantize_per_tensor,quantize_per_tensor	False	
w19:32	_fft_r2c	TIMEOUT	CM-QUANT-ONLY		dequantize_per_tensor,quantize_per_tensor	False	
w1:235	arange.start_out	SKIP	NO-CM			False	
w20:35	_fft_r2c	TIMEOUT	CM-QUANT-ONLY		dequantize_per_tensor,quantize_per_tensor	True	
w21:286	ones.out	SKIP	CM-QUANT-ONLY		dequantize_per_tensor	False	
w22:270	index_put	MISMATCH	CM-QUANT-ONLY		dequantize_per_tensor,quantize_per_tensor	True	
w23:229	zeros.out	SKIP	CM-QUANT-ONLY		dequantize_per_tensor	False	
w24:179	min.dim_min	SKIP	NO-CM			False	
w25:121	native_group_norm	SKIP	CM-QUANT-ONLY		dequantize_per_tensor,quantize_per_tensor	False	
w25:755	index_put	MISMATCH	CM-QUANT-ONLY		dequantize_per_tensor,quantize_per_tensor	True	
w26:670	pixel_shuffle	SKIP	CM-COMPUTE	transpose	dequantize_per_tensor,quantize_per_tensor,transpose	False	
w27:510	stack	SKIP	NO-CM			False	
w28:403	linear	CRASH	NO-CM			False	
w29:32	full.out	SKIP	NO-CM			False	
w2:295	_fft_r2c	TIMEOUT	CM-QUANT-ONLY		dequantize_per_tensor,quantize_per_tensor	False	
w30:21	native_group_norm	SKIP	CM-QUANT-ONLY		dequantize_per_tensor,quantize_per_tensor	False	
w31:165	copy	SKIP	NO-CM			False	
w32:107	linear.out	CRASH	CM-QUANT-ONLY		dequantize_per_tensor,quantize_per_tensor	False	
w32:762	_fft_r2c	TIMEOUT	CM-QUANT-ONLY		dequantize_per_tensor,quantize_per_tensor	False	
w33:586	arange.start_out	SKIP	CM-QUANT-ONLY		dequantize_per_tensor	False	
w34:553	bitwise_left_shift.Tensor_out	MISMATCH	CM-QUANT-ONLY		dequantize_per_tensor,quantize_per_tensor	False	
w35:466	arange.out	SKIP	NO-CM			False	
w36:402	index_put	MISMATCH	CM-QUANT-ONLY		dequantize_per_tensor,quantize_per_tensor	True	
w37:404	index_put	MISMATCH	CM-QUANT-ONLY		dequantize_per_tensor,quantize_per_tensor	True	
w38:382	bitwise_left_shift.Tensor_out	MISMATCH	CM-QUANT-ONLY		dequantize_per_tensor,quantize_per_tensor	False	
w39:24	fill.Scalar	MISMATCH	CM-QUANT-ONLY		dequantize_per_tensor,quantize_per_tensor	False	
w3:208	bitwise_left_shift.Tensor_Scalar	MISMATCH	NO-CM			False	
w40:259	arange.start_out	SKIP	NO-CM			False	
w41:300	bitwise_right_shift.Tensor_Scalar_out	MISMATCH	NO-CM			False	
w42:231	fill.Scalar	MISMATCH	CM-QUANT-ONLY		dequantize_per_tensor,quantize_per_tensor	False	
w42:97	permute_copy	SKIP	CM-COMPUTE	transpose	dequantize_per_tensor,quantize_per_tensor,transpose	False	
w44:127	index_put	MISMATCH	CM-QUANT-ONLY		dequantize_per_tensor,quantize_per_tensor	True	
w45:156	stack	SKIP	NO-CM			False	
w46:291	expand_copy	SKIP	NO-CM			False	
w47:259	arange.out	SKIP	NO-CM			False	
w48:117	arange.start_out	SKIP	CM-QUANT-ONLY		dequantize_per_tensor	False	
w48:767	remainder.Scalar	MISMATCH	NO-CM			False	
w49:673	pixel_shuffle	SKIP	CM-COMPUTE	transpose	dequantize_per_tensor,quantize_per_tensor,transpose	False	
w4:504	fmod.Tensor_out	MISMATCH	CM-QUANT-ONLY		dequantize_per_tensor,quantize_per_tensor	False	
w50:456	_fft_r2c	TIMEOUT	CM-QUANT-ONLY		dequantize_per_tensor,quantize_per_tensor	False	
w51:555	ones.out	SKIP	NO-CM			False	
w52:434	pixel_unshuffle	SKIP	CM-COMPUTE	transpose	dequantize_per_tensor,quantize_per_tensor,transpose	False	
w53:386	zeros.out	SKIP	NO-CM			False	
w54:174	scatter_add.out	SKIP	CM-QUANT-ONLY		dequantize_per_tensor,quantize_per_tensor	True	
w55:212	native_group_norm	SKIP	CM-QUANT-ONLY		dequantize_per_tensor,quantize_per_tensor	False	
w56:203	stack	SKIP	NO-CM			False	
w57:215	zeros.out	SKIP	CM-QUANT-ONLY		dequantize_per_tensor	False	
w58:218	permute_copy	SKIP	CM-COMPUTE	transpose	dequantize_per_tensor,quantize_per_tensor,transpose	False	
w59:16	zeros.out	SKIP	CM-QUANT-ONLY		dequantize_per_tensor	False	
w59:82	pixel_unshuffle	SKIP	CM-COMPUTE	transpose	dequantize_per_tensor,quantize_per_tensor,transpose	False	
w5:80	pixel_shuffle	SKIP	CM-COMPUTE	transpose	dequantize_per_tensor,quantize_per_tensor,transpose	False	
w60:78	index_put	MISMATCH	CM-QUANT-ONLY		dequantize_per_tensor,quantize_per_tensor	True	
w61:702	arange.out	SKIP	NO-CM			False	
w62:585	pixel_unshuffle	SKIP	CM-COMPUTE	transpose	dequantize_per_tensor,quantize_per_tensor,transpose	False	
w63:621	_pdist_forward	SKIP	NO-CM			False	
w64:67	copy	SKIP	CM-QUANT-ONLY		dequantize_per_tensor,quantize_per_tensor	True	
w65:689	arange.out	SKIP	NO-CM			False	
w66:452	_upsample_bilinear2d_aa.out	MISMATCH	CM-QUANT-ONLY		dequantize_per_tensor,quantize_per_tensor	False	
w67:436	pixel_unshuffle	SKIP	CM-COMPUTE	transpose	dequantize_per_tensor,quantize_per_tensor,transpose	False	
w68:363	max.dim_max	SKIP	NO-CM			False	
w69:290	topk.values	SKIP	NO-CM			False	
w6:138	_fft_r2c	TIMEOUT	CM-QUANT-ONLY		dequantize_per_tensor,quantize_per_tensor	False	
w70:121	div.out_mode	MISMATCH	CM-QUANT-ONLY		dequantize_per_tensor,quantize_per_tensor	False	
w70:663	ones.out	SKIP	NO-CM			False	
w71:735	native_group_norm	SKIP	CM-QUANT-ONLY		dequantize_per_tensor,quantize_per_tensor	False	
w72:623	full.out	SKIP	CM-QUANT-ONLY		dequantize_per_tensor	False	
w73:629	min.dim_min	SKIP	NO-CM			False	
w74:463	pixel_shuffle	SKIP	CM-COMPUTE	transpose	dequantize_per_tensor,quantize_per_tensor,transpose	False	
w75:477	zeros.out	SKIP	CM-QUANT-ONLY		dequantize_per_tensor	False	
w76:39	_pdist_forward	SKIP	CM-QUANT-ONLY		dequantize_per_tensor,quantize_per_tensor	False	
w77:37	zeros.out	SKIP	CM-QUANT-ONLY		dequantize_per_tensor	False	
w78:292	zeros.out	SKIP	CM-QUANT-ONLY		dequantize_per_tensor	False	
w79:31	copy	SKIP	CM-QUANT-ONLY		dequantize_per_tensor,quantize_per_tensor	True	
w7:105	full.out	SKIP	CM-QUANT-ONLY		dequantize_per_tensor	False	
w7:8	zeros.out	SKIP	NO-CM			False	
w80:763	linear	CRASH	NO-CM			False	
w82:160	expand_copy	SKIP	CM-QUANT-ONLY		dequantize_per_tensor,quantize_per_tensor	False	
w82:99	pixel_unshuffle	SKIP	CM-COMPUTE	transpose	dequantize_per_tensor,quantize_per_tensor,transpose	False	
w83:780	full.out	SKIP	NO-CM			False	
w85:120	arange.start_out	SKIP	CM-QUANT-ONLY		dequantize_per_tensor	False	
w85:770	remainder.Scalar	MISMATCH	NO-CM			False	
w86:72	pixel_shuffle	SKIP	CM-COMPUTE	transpose	dequantize_per_tensor,quantize_per_tensor,transpose	False	
w87:580	fill.Scalar	MISMATCH	CM-QUANT-ONLY		dequantize_per_tensor,quantize_per_tensor	False	
w88:55	pixel_unshuffle	SKIP	CM-COMPUTE	transpose	dequantize_per_tensor,quantize_per_tensor,transpose	False	
w89:530	full.out	SKIP	NO-CM			False	
w8:475	minimum.out	MISMATCH	CM-QUANT-ONLY		dequantize_per_tensor,quantize_per_tensor	True	
w90:50	stack	SKIP	NO-CM			False	
w91:481	expand_copy	SKIP	NO-CM			False	
w92:500	zeros.out	SKIP	CM-QUANT-ONLY		dequantize_per_tensor	False	
w93:406	_pdist_forward	SKIP	CM-QUANT-ONLY		dequantize_per_tensor,quantize_per_tensor	False	
w94:351	arange.start_out	SKIP	NO-CM			False	
w95:262	bitwise_left_shift.Tensor_Scalar	MISMATCH	NO-CM			False	
w96:193	remainder.Tensor_out	MISMATCH	NO-CM			False	
w97:124	arange.out	SKIP	NO-CM			False	
w98:116	arange.start_out	SKIP	NO-CM			False	
w98:89	bitwise_left_shift.Tensor_Scalar	MISMATCH	NO-CM			False	
w99:664	_pdist_forward	SKIP	CM-QUANT-ONLY		dequantize_per_tensor,quantize_per_tensor	True	
w9:600	ones.out	SKIP	CM-QUANT-ONLY		dequantize_per_tensor	False	
w0:36	copy	SKIP	CM-QUANT-ONLY		dequantize_per_tensor,quantize_per_tensor	False	
w100:30	bitwise_left_shift.Tensor_out	MISMATCH	CM-QUANT-ONLY		dequantize_per_tensor,quantize_per_tensor	False	
w101:323	remainder.Scalar_out	MISMATCH	CM-QUANT-ONLY		dequantize_per_tensor,quantize_per_tensor	False	
w102:152	bitwise_right_shift.Tensor_Scalar	MISMATCH	NO-CM			False	
w103:100	scatter.src_out	SKIP	CM-QUANT-ONLY		dequantize_per_tensor,quantize_per_tensor	False	
w104:183	arange.start_out	SKIP	CM-QUANT-ONLY		dequantize_per_tensor	False	
w104:769	max_pool2d_with_indices_backward.grad_input	MISMATCH	CM-QUANT-ONLY		dequantize_per_tensor,quantize_per_tensor	False	
w106:161	pixel_shuffle	SKIP	CM-COMPUTE	transpose	dequantize_per_tensor,quantize_per_tensor,transpose	False	
w106:98	ones.out	SKIP	CM-QUANT-ONLY		dequantize_per_tensor	False	
w107:701	bitwise_left_shift.Tensor_out	MISMATCH	CM-QUANT-ONLY		dequantize_per_tensor,quantize_per_tensor	False	
w108:610	max_pool2d_with_indices_backward.grad_input	MISMATCH	CM-QUANT-ONLY		dequantize_per_tensor,quantize_per_tensor	False	
w109:614	pixel_unshuffle	SKIP	CM-COMPUTE	transpose	dequantize_per_tensor,quantize_per_tensor,transpose	False	
w10:650	pixel_unshuffle	SKIP	CM-COMPUTE	transpose	dequantize_per_tensor,quantize_per_tensor,transpose	False	
w110:64	native_group_norm	SKIP	CM-QUANT-ONLY		dequantize_per_tensor,quantize_per_tensor	False	
w111:91	zeros.out	SKIP	NO-CM			False	
w112:699	arange.start_out	SKIP	CM-QUANT-ONLY		dequantize_per_tensor	False	
w113:617	stack	SKIP	NO-CM			False	
w114:424	bitwise_right_shift.Tensor_out	MISMATCH	NO-CM			False	
w115:294	_fft_r2c	TIMEOUT	CM-QUANT-ONLY		dequantize_per_tensor,quantize_per_tensor	False	
w116:180	pixel_shuffle	SKIP	CM-COMPUTE	transpose	dequantize_per_tensor,quantize_per_tensor,transpose	False	
w116:742	arange.start_out	SKIP	CM-QUANT-ONLY		dequantize_per_tensor	False	
w117:747	arange.out	SKIP	CM-QUANT-ONLY		dequantize_per_tensor	False	
w118:673	arange.start_out	SKIP	NO-CM			False	
w119:561	_pdist_forward	SKIP	NO-CM			False	
w11:499	scatter_add.out	SKIP	CM-QUANT-ONLY		dequantize_per_tensor,quantize_per_tensor	True	
w120:473	index_put	MISMATCH	CM-QUANT-ONLY		dequantize_per_tensor,quantize_per_tensor	True	
w121:496	_pdist_forward	SKIP	NO-CM			False	
w122:284	fill.Scalar	MISMATCH	CM-QUANT-ONLY		dequantize_per_tensor,quantize_per_tensor	False	
w123:28	pixel_shuffle	SKIP	CM-COMPUTE	transpose	dequantize_per_tensor,quantize_per_tensor,transpose	False	
w124:314	expand_copy	SKIP	CM-QUANT-ONLY		dequantize_per_tensor,quantize_per_tensor	True	
w125:254	native_group_norm	SKIP	CM-QUANT-ONLY		dequantize_per_tensor,quantize_per_tensor	False	
w126:140	linear.out	CRASH	NO-CM			False	
w127:167	fill.Scalar	MISMATCH	CM-QUANT-ONLY		dequantize_per_tensor,quantize_per_tensor	False	
w12:213	where.self	SKIP	CM-QUANT-ONLY		dequantize_per_tensor,quantize_per_tensor	False	
w12:773	ones.out	SKIP	NO-CM			False	
w13:707	bitwise_right_shift.Tensor_Scalar_out	MISMATCH	NO-CM			False	
w14:682	ones.out	SKIP	NO-CM			False	
w15:672	full.out	SKIP	CM-QUANT-ONLY		dequantize_per_tensor	False	
w16:509	bitwise_right_shift.Tensor_out	MISMATCH	NO-CM			False	
w17:41	fill.Scalar	MISMATCH	CM-QUANT-ONLY		dequantize_per_tensor,quantize_per_tensor	False	
w18:428	stack	SKIP	NO-CM			False	
w19:33	ones.out	SKIP	CM-QUANT-ONLY		dequantize_per_tensor	False	
w1:260	native_group_norm	SKIP	CM-QUANT-ONLY		dequantize_per_tensor,quantize_per_tensor	False	
w20:353	arange.start_out	SKIP	NO-CM			False	
w21:309	bitwise_right_shift.Tensor_Scalar	MISMATCH	NO-CM			False	
w22:284	copy	SKIP	CM-QUANT-ONLY		dequantize_per_tensor,quantize_per_tensor	True	
w23:254	native_group_norm	SKIP	CM-QUANT-ONLY		dequantize_per_tensor,quantize_per_tensor	False	
w24:218	pixel_shuffle	SKIP	CM-COMPUTE	transpose	dequantize_per_tensor,quantize_per_tensor,transpose	False	
w25:124	_pdist_forward	SKIP	NO-CM			False	
w25:769	copy	SKIP	CM-QUANT-ONLY		dequantize_per_tensor,quantize_per_tensor	False	
w0:360	linear.out	CRASH	NO-CM			False	
w100:316	_pdist_forward	SKIP	CM-QUANT-ONLY		dequantize_per_tensor,quantize_per_tensor	False	
w101:353	native_group_norm	SKIP	CM-QUANT-ONLY		dequantize_per_tensor,quantize_per_tensor	False	
w102:169	full.out	SKIP	NO-CM			False	
w103:108	stack	SKIP	NO-CM			False	
w104:208	native_group_norm	SKIP	CM-QUANT-ONLY		dequantize_per_tensor,quantize_per_tensor	False	
w104:777	_fft_r2c	TIMEOUT	CM-QUANT-ONLY		dequantize_per_tensor,quantize_per_tensor	False	
w106:187	arange.start_out	SKIP	NO-CM			False	
w107:0	where.self	MISMATCH	CM-QUANT-ONLY		dequantize_per_tensor,quantize_per_tensor	False	
w107:706	index_put	MISMATCH	CM-QUANT-ONLY		dequantize_per_tensor,quantize_per_tensor	True	
w108:618	_fft_r2c	TIMEOUT	CM-QUANT-ONLY		dequantize_per_tensor,quantize_per_tensor	False	
w109:62	bitwise_left_shift.Tensor_out	MISMATCH	CM-QUANT-ONLY		dequantize_per_tensor,quantize_per_tensor	False	
w10:66	convolution	SKIP	CM-QUANT-ONLY		dequantize_per_tensor,quantize_per_tensor	False	
w110:643	pixel_unshuffle	SKIP	CM-COMPUTE	transpose	dequantize_per_tensor,quantize_per_tensor,transpose	False	
w112:115	max.dim_max	SKIP	NO-CM			False	
w112:756	index_put	MISMATCH	CM-QUANT-ONLY		dequantize_per_tensor,quantize_per_tensor	True	
w113:625	linear	CRASH	NO-CM			False	
w114:448	_fft_r2c	TIMEOUT	CM-QUANT-ONLY		dequantize_per_tensor,quantize_per_tensor	False	
w115:295	ones.out	SKIP	NO-CM			False	
w116:196	_fft_r2c	TIMEOUT	CM-QUANT-ONLY		dequantize_per_tensor,quantize_per_tensor	False	
w116:752	permute_copy	MISMATCH	CM-COMPUTE	transpose	dequantize_per_tensor,quantize_per_tensor,transpose	False	
w117:752	mul.Scalar	SKIP	CM-COMPUTE	quantized_mul	dequantize_per_tensor,quantize_per_tensor,quantized_mul	True	
w118:708	where.self	SKIP	CM-QUANT-ONLY		dequantize_per_tensor,quantize_per_tensor	False	
w119:566	arange.out	SKIP	NO-CM			False	
w11:518	pixel_unshuffle	SKIP	CM-COMPUTE	transpose	dequantize_per_tensor,quantize_per_tensor,transpose	False	
w120:488	stack	SKIP	NO-CM			False	
w121:501	arange.out	SKIP	CM-QUANT-ONLY		dequantize_per_tensor	False	
w122:319	full.out	SKIP	NO-CM			False	
w123:282	arange.start_out	SKIP	NO-CM			False	
w124:327	pixel_unshuffle	SKIP	CM-COMPUTE	transpose	dequantize_per_tensor,quantize_per_tensor,transpose	False	
w125:261	bitwise_right_shift.Tensor_out	MISMATCH	NO-CM			False	
w126:152	full.out	SKIP	CM-QUANT-ONLY		dequantize_per_tensor	False	
w127:171	pixel_unshuffle	SKIP	CM-COMPUTE	transpose	dequantize_per_tensor,quantize_per_tensor,transpose	False	
w12:22	stack	SKIP	CM-QUANT-ONLY		dequantize_per_tensor	False	
w12:88	_fft_r2c	TIMEOUT	CM-QUANT-ONLY		dequantize_per_tensor,quantize_per_tensor	False	
w13:728	arange.start_out	SKIP	CM-QUANT-ONLY		dequantize_per_tensor	False	
w14:710	linear.out	CRASH	NO-CM			False	
w15:695	pixel_shuffle	SKIP	CM-COMPUTE	transpose	dequantize_per_tensor,quantize_per_tensor,transpose	False	
w16:533	_fft_r2c	TIMEOUT	CM-QUANT-ONLY		dequantize_per_tensor,quantize_per_tensor	False	
w17:410	index_put	MISMATCH	CM-QUANT-ONLY		dequantize_per_tensor,quantize_per_tensor	True	
w18:438	zeros.out	SKIP	CM-QUANT-ONLY		dequantize_per_tensor	False	
w19:344	pixel_unshuffle	SKIP	CM-COMPUTE	transpose	dequantize_per_tensor,quantize_per_tensor,transpose	False	
w1:270	where.self	SKIP	CM-QUANT-ONLY		dequantize_per_tensor,quantize_per_tensor	False	
w20:36	ones.out	SKIP	CM-QUANT-ONLY		dequantize_per_tensor	False	
w21:348	bitwise_left_shift.Tensor_Scalar	MISMATCH	NO-CM			False	
w22:285	stack	SKIP	CM-QUANT-ONLY		dequantize_per_tensor,quantize_per_tensor	False	
w23:257	_pdist_forward	SKIP	NO-CM			False	
w24:234	_fft_r2c	TIMEOUT	CM-QUANT-ONLY		dequantize_per_tensor,quantize_per_tensor	False	
w25:136	pixel_shuffle	SKIP	CM-COMPUTE	transpose	dequantize_per_tensor,quantize_per_tensor,transpose	False	
w25:770	stack	SKIP	NO-CM			False	
w26:686	_fft_r2c	TIMEOUT	CM-QUANT-ONLY		dequantize_per_tensor,quantize_per_tensor	True	
w27:536	remainder.Tensor_out	MISMATCH	NO-CM			False	
w28:407	logit	MISMATCH	CM-QUANT-ONLY		dequantize_per_tensor,quantize_per_tensor	False	
w29:366	index_put	MISMATCH	CM-QUANT-ONLY		dequantize_per_tensor,quantize_per_tensor	True	
w2:319	bitwise_right_shift.Tensor_Scalar	MISMATCH	NO-CM			False	
w30:24	minimum.out	MISMATCH	CM-QUANT-ONLY		dequantize_per_tensor,quantize_per_tensor	True	
w31:174	linear	CRASH	NO-CM			False	
w32:141	bitwise_left_shift.Tensor_Scalar	MISMATCH	NO-CM			False	
w32:768	fill.Scalar	MISMATCH	CM-QUANT-ONLY		dequantize_per_tensor,quantize_per_tensor	False	
w33:621	where.self	SKIP	CM-QUANT-ONLY		dequantize_per_tensor,quantize_per_tensor	False	
w34:573	stack	SKIP	NO-CM			False	
w35:530	full.out	SKIP	CM-QUANT-ONLY		dequantize_per_tensor	False	
w36:417	stack	SKIP	NO-CM			False	
w37:429	zeros.out	SKIP	NO-CM			False	
w38:399	topk.values	SKIP	NO-CM			False	
w39:247	ones.out	SKIP	CM-QUANT-ONLY		dequantize_per_tensor	False	
w3:270	where.self	SKIP	CM-QUANT-ONLY		dequantize_per_tensor,quantize_per_tensor	False	
w40:269	permute_copy	SKIP	CM-COMPUTE	transpose	dequantize_per_tensor,quantize_per_tensor,transpose	False	
w41:32	linear.out	CRASH	NO-CM			False	
w42:266	full.out	SKIP	CM-QUANT-ONLY		dequantize_per_tensor	False	
w43:104	min.dim_min	SKIP	NO-CM			False	
w44:152	zeros.out	SKIP	CM-QUANT-ONLY		dequantize_per_tensor	False	
w45:18	bitwise_right_shift.Tensor_Scalar	MISMATCH	NO-CM			False	
w46:33	full.out	SKIP	NO-CM			False	
w47:282	_fft_r2c	TIMEOUT	CM-QUANT-ONLY		dequantize_per_tensor,quantize_per_tensor	False	
w48:166	bitwise_left_shift.Tensor_Scalar_out	MISMATCH	NO-CM			False	
w48:83	remainder.Scalar	MISMATCH	NO-CM			False	
w49:69	pixel_shuffle	SKIP	CM-COMPUTE	transpose	dequantize_per_tensor,quantize_per_tensor,transpose	False	
w4:527	ones.out	SKIP	NO-CM			False	
w50:497	full.out	SKIP	NO-CM			False	
w51:595	full.out	SKIP	CM-QUANT-ONLY		dequantize_per_tensor	False	
w52:453	linear.out	CRASH	NO-CM			False	
w53:414	_pdist_forward	SKIP	CM-QUANT-ONLY		dequantize_per_tensor,quantize_per_tensor	True	
w54:199	arange.start_out	SKIP	CM-QUANT-ONLY		dequantize_per_tensor	False	
w55:220	arange.out	SKIP	NO-CM			False	
w56:241	_pdist_forward	SKIP	CM-QUANT-ONLY		dequantize_per_tensor,quantize_per_tensor	False	
w57:243	_pdist_forward	SKIP	CM-QUANT-ONLY		dequantize_per_tensor,quantize_per_tensor	False	
w58:279	copy	SKIP	CM-QUANT-ONLY		dequantize_per_tensor,quantize_per_tensor	False	
w59:197	where.self	SKIP	CM-QUANT-ONLY		dequantize_per_tensor,quantize_per_tensor	False	
w5:0	pixel_shuffle	SKIP	CM-COMPUTE	transpose	dequantize_per_tensor,quantize_per_tensor,transpose	False	
w60:103	zeros.out	SKIP	NO-CM			False	
w61:1	remainder.Tensor_out	MISMATCH	NO-CM			False	
w61:725	_fft_r2c	TIMEOUT	CM-QUANT-ONLY		dequantize_per_tensor,quantize_per_tensor	False	
w62:63	zeros.out	SKIP	NO-CM			False	
w63:649	_fft_r2c	TIMEOUT	CM-QUANT-ONLY		dequantize_per_tensor,quantize_per_tensor	False	
w64:732	bitwise_left_shift.Tensor_out	MISMATCH	NO-CM			False	
w65:704	max_pool2d_with_indices_backward.grad_input	MISMATCH	CM-QUANT-ONLY		dequantize_per_tensor,quantize_per_tensor	False	
w66:47	scatter_add.out	SKIP	CM-QUANT-ONLY		dequantize_per_tensor,quantize_per_tensor	True	
w67:494	bitwise_left_shift.Tensor_out	MISMATCH	NO-CM			False	
w68:378	arange.out	SKIP	NO-CM			False	
w69:293	stack	SKIP	NO-CM			False	
w6:162	bitwise_right_shift.Tensor_Scalar	MISMATCH	NO-CM			False	
w70:140	stack	SKIP	NO-CM			False	
w70:68	arange.start_out	SKIP	NO-CM			False	
w71:762	bitwise_left_shift.Tensor_out	MISMATCH	CM-QUANT-ONLY		dequantize_per_tensor,quantize_per_tensor	False	
w72:666	pixel_unshuffle	SKIP	CM-COMPUTE	transpose	dequantize_per_tensor,quantize_per_tensor,transpose	False	
w73:644	remainder.Tensor_out	MISMATCH	CM-QUANT-ONLY		dequantize_per_tensor,quantize_per_tensor	False	
w74:485	fill.Scalar	MISMATCH	CM-QUANT-ONLY		dequantize_per_tensor,quantize_per_tensor	True	
w75:534	ones.out	SKIP	CM-QUANT-ONLY		dequantize_per_tensor	False	
w76:44	arange.out	SKIP	CM-QUANT-ONLY		dequantize_per_tensor	False	
w77:386	scatter_add.out	SKIP	NO-CM			False	
w78:332	pixel_shuffle	SKIP	CM-COMPUTE	transpose	transpose	False	
w0:37	stack	SKIP	NO-CM			False	
w100:321	arange.out	SKIP	CM-QUANT-ONLY		dequantize_per_tensor	False	
w101:356	minimum.out	SKIP	CM-COMPUTE	minimum	minimum	False	
w102:184	remainder.Scalar	MISMATCH	NO-CM			False	
w103:118	zeros.out	SKIP	NO-CM			False	
w104:247	scatter.src_out	SKIP	CM-QUANT-ONLY		dequantize_per_tensor,quantize_per_tensor	True	
w104:778	ones.out	SKIP	CM-QUANT-ONLY		dequantize_per_tensor	False	
w106:188	gather.out	SKIP	CM-QUANT-ONLY		dequantize_per_tensor,quantize_per_tensor	True	
w107:103	_fft_r2c	TIMEOUT	CM-QUANT-ONLY		dequantize_per_tensor,quantize_per_tensor	False	
w107:713	scatter.src_out	SKIP	CM-QUANT-ONLY		dequantize_per_tensor,quantize_per_tensor	True	
w108:619	ones.out	SKIP	CM-QUANT-ONLY		dequantize_per_tensor	False	
w109:628	bitwise_right_shift.Tensor_Scalar	MISMATCH	NO-CM			False	
w10:664	bitwise_right_shift.Tensor_Scalar	MISMATCH	NO-CM			False	
w110:674	full.out	SKIP	NO-CM			False	
w112:125	_pdist_forward	SKIP	NO-CM			False	
w112:771	stack	SKIP	NO-CM			False	
w113:627	zeros.out	SKIP	NO-CM			False	
w114:449	ones.out	SKIP	CM-QUANT-ONLY		dequantize_per_tensor	False	
w115:300	fill.Scalar	MISMATCH	CM-QUANT-ONLY		dequantize_per_tensor,quantize_per_tensor	False	
w116:197	ones.out	SKIP	CM-QUANT-ONLY		dequantize_per_tensor	False	
w116:9	full.out	SKIP	CM-QUANT-ONLY		dequantize_per_tensor	False	
w117:762	max_pool2d_with_indices_backward.grad_input	MISMATCH	CM-QUANT-ONLY		dequantize_per_tensor,quantize_per_tensor	False	
w118:725	bitwise_left_shift.Tensor_out	MISMATCH	CM-QUANT-ONLY		dequantize_per_tensor,quantize_per_tensor	False	
w119:589	_fft_r2c	TIMEOUT	CM-QUANT-ONLY		dequantize_per_tensor,quantize_per_tensor	False	
w11:544	convolution	SKIP	CM-QUANT-ONLY		dequantize_per_tensor,quantize_per_tensor	False	
w120:498	zeros.out	SKIP	CM-QUANT-ONLY		dequantize_per_tensor	False	
w0:104	ones.out	SKIP	NO-CM			False	
w0:372	full.out	SKIP	CM-QUANT-ONLY		dequantize_per_tensor	False	
w100:344	_fft_r2c	CRASH	CM-QUANT-ONLY		dequantize_per_tensor,quantize_per_tensor	False	
w101:397	topk.values	SKIP	NO-CM			False	
w102:199	expand_copy	SKIP	CM-QUANT-ONLY		dequantize_per_tensor,quantize_per_tensor	False	
w103:134	remainder.Tensor_out	MISMATCH	NO-CM			False	
w104:255	stack	SKIP	CM-QUANT-ONLY		dequantize_per_tensor,quantize_per_tensor	False	
w104:93	_fft_r2c	TIMEOUT	CM-QUANT-ONLY		dequantize_per_tensor,quantize_per_tensor	False	
w106:251	scatter.src_out	SKIP	CM-QUANT-ONLY		dequantize_per_tensor,quantize_per_tensor	True	
w107:104	ones.out	SKIP	CM-QUANT-ONLY		dequantize_per_tensor	False	
w107:718	topk.values	SKIP	CM-QUANT-ONLY		dequantize_per_tensor,quantize_per_tensor	True	
w108:624	fill.Scalar	MISMATCH	CM-QUANT-ONLY		dequantize_per_tensor,quantize_per_tensor	False	
w109:63	div.out_mode	MISMATCH	CM-QUANT-ONLY		dequantize_per_tensor,quantize_per_tensor	False	
w10:704	pixel_shuffle	SKIP	CM-COMPUTE	transpose	dequantize_per_tensor,quantize_per_tensor,transpose	False	
w110:697	pixel_shuffle	SKIP	CM-COMPUTE	transpose	dequantize_per_tensor,quantize_per_tensor,transpose	False	
w112:130	arange.out	SKIP	NO-CM			False	
w112:781	zeros.out	SKIP	CM-QUANT-ONLY		dequantize_per_tensor	False	
w113:628	min.dim_min	SKIP	NO-CM			False	
w114:458	pixel_unshuffle	SKIP	CM-COMPUTE	transpose	dequantize_per_tensor,quantize_per_tensor,transpose	False	
w115:318	bitwise_right_shift.Tensor_Scalar	MISMATCH	NO-CM			False	
w116:202	fill.Scalar	MISMATCH	CM-QUANT-ONLY		dequantize_per_tensor,quantize_per_tensor	False	
w117:12	scatter.src_out	SKIP	NO-CM			False	
w117:770	_fft_r2c	TIMEOUT	CM-QUANT-ONLY		dequantize_per_tensor,quantize_per_tensor	False	
w118:731	sum.IntList_out	MISMATCH	CM-QUANT-ONLY		dequantize_per_tensor,quantize_per_tensor	False	
w119:590	ones.out	SKIP	CM-QUANT-ONLY		dequantize_per_tensor	False	
w11:559	where.self	SKIP	CM-QUANT-ONLY		dequantize_per_tensor,quantize_per_tensor	False	
w120:514	remainder.Tensor_out	MISMATCH	NO-CM			False	
w121:52	pixel_shuffle	SKIP	CM-COMPUTE	transpose	dequantize_per_tensor,quantize_per_tensor,transpose	False	
w122:362	pixel_unshuffle	SKIP	CM-COMPUTE	transpose	dequantize_per_tensor,quantize_per_tensor,transpose	False	
w123:35	expand_copy	SKIP	CM-QUANT-ONLY		dequantize_per_tensor,quantize_per_tensor	False	
w124:385	bitwise_left_shift.Tensor_out	MISMATCH	CM-QUANT-ONLY		dequantize_per_tensor,quantize_per_tensor	False	
w125:267	mul.Scalar	SKIP	CM-COMPUTE	quantized_mul	dequantize_per_tensor,quantize_per_tensor,quantized_mul	True	
w126:174	bitwise_left_shift.Tensor_Scalar	MISMATCH	NO-CM			False	
w127:202	full.out	SKIP	CM-QUANT-ONLY		dequantize_per_tensor	False	
w12:249	copy	SKIP	CM-QUANT-ONLY		dequantize_per_tensor,quantize_per_tensor	True	
w13:115	copy	SKIP	NO-CM			False	
w14:139	bitwise_left_shift.Tensor_out	MISMATCH	CM-QUANT-ONLY		dequantize_per_tensor,quantize_per_tensor	False	
w14:745	pixel_shuffle	SKIP	CM-COMPUTE	transpose	dequantize_per_tensor,quantize_per_tensor,transpose	False	
w15:702	expand_copy	SKIP	CM-QUANT-ONLY		dequantize_per_tensor,quantize_per_tensor	True	
w16:54	arange.out	SKIP	NO-CM			False	
w17:435	zeros.out	SKIP	CM-QUANT-ONLY		dequantize_per_tensor	False	
w18:463	native_group_norm	SKIP	CM-QUANT-ONLY		dequantize_per_tensor,quantize_per_tensor	False	
w19:370	convolution	SKIP	CM-QUANT-ONLY		dequantize_per_tensor,quantize_per_tensor	False	
w1:306	copy	SKIP	CM-QUANT-ONLY		dequantize_per_tensor,quantize_per_tensor	True	
w20:410	index_put	MISMATCH	CM-QUANT-ONLY		dequantize_per_tensor,quantize_per_tensor	True	
w21:356	expand_copy	SKIP	NO-CM			False	
w22:295	zeros.out	SKIP	CM-QUANT-ONLY		dequantize_per_tensor	False	
w23:285	_fft_r2c	TIMEOUT	CM-QUANT-ONLY		dequantize_per_tensor,quantize_per_tensor	False	
w24:240	fill.Scalar	MISMATCH	CM-QUANT-ONLY		dequantize_per_tensor,quantize_per_tensor	False	
w25:152	_fft_r2c	TIMEOUT	CM-QUANT-ONLY		dequantize_per_tensor,quantize_per_tensor	False	
w25:86	stack	SKIP	NO-CM			False	
w26:710	bitwise_right_shift.Tensor_Scalar	MISMATCH	NO-CM			False	
w27:553	arange.out	SKIP	CM-QUANT-ONLY		dequantize_per_tensor	False	
w28:438	arange.out	SKIP	CM-QUANT-ONLY		dequantize_per_tensor	False	
w29:380	copy	SKIP	CM-QUANT-ONLY		dequantize_per_tensor,quantize_per_tensor	True	
w2:351	remainder.Scalar	MISMATCH	NO-CM			False	
w30:276	bitwise_left_shift.Tensor_out	MISMATCH	CM-QUANT-ONLY		dequantize_per_tensor,quantize_per_tensor	False	
w31:177	min.dim_min	SKIP	NO-CM			False	
w32:220	bitwise_left_shift.Tensor_out	MISMATCH	CM-QUANT-ONLY		dequantize_per_tensor,quantize_per_tensor	False	
w32:79	ones.out	SKIP	CM-QUANT-ONLY		dequantize_per_tensor	False	
w33:639	div.out_mode	MISMATCH	CM-QUANT-ONLY		dequantize_per_tensor,quantize_per_tensor	False	
w34:611	_pdist_forward	SKIP	CM-QUANT-ONLY		dequantize_per_tensor,quantize_per_tensor	True	
w35:554	scatter_add.out	SKIP	CM-QUANT-ONLY		dequantize_per_tensor,quantize_per_tensor	True	
w36:427	zeros.out	SKIP	CM-QUANT-ONLY		dequantize_per_tensor	False	
w37:485	_fft_r2c	TIMEOUT	CM-QUANT-ONLY		dequantize_per_tensor,quantize_per_tensor	False	
w38:402	stack	SKIP	NO-CM			False	
w39:317	expand_copy	SKIP	CM-QUANT-ONLY		dequantize_per_tensor,quantize_per_tensor	False	
w3:292	index_put	MISMATCH	CM-QUANT-ONLY		dequantize_per_tensor,quantize_per_tensor	True	
w40:308	bitwise_left_shift.Tensor_Scalar_out	MISMATCH	NO-CM			False	
w41:346	native_group_norm	SKIP	CM-QUANT-ONLY		dequantize_per_tensor,quantize_per_tensor	False	
w42:288	bitwise_left_shift.Tensor_Scalar	MISMATCH	NO-CM			False	
w43:136	arange.out	SKIP	NO-CM			False	
w44:180	_pdist_forward	SKIP	NO-CM			False	
w45:199	arange.out	SKIP	CM-QUANT-ONLY		dequantize_per_tensor	False	
w46:367	index_put	MISMATCH	CM-QUANT-ONLY		dequantize_per_tensor,quantize_per_tensor	True	
w47:288	fill.Scalar	MISMATCH	CM-QUANT-ONLY		dequantize_per_tensor,quantize_per_tensor	False	
w48:188	copy	SKIP	CM-QUANT-ONLY		dequantize_per_tensor,quantize_per_tensor	True	
w48:98	expand_copy	SKIP	CM-QUANT-ONLY		dequantize_per_tensor,quantize_per_tensor	False	
w49:695	fill.Scalar	MISMATCH	CM-QUANT-ONLY		dequantize_per_tensor,quantize_per_tensor	True	
w4:536	pixel_unshuffle	SKIP	CM-COMPUTE	transpose	dequantize_per_tensor,quantize_per_tensor,transpose	False	
w50:540	pixel_unshuffle	SKIP	CM-COMPUTE	transpose	dequantize_per_tensor,quantize_per_tensor,transpose	False	
w51:618	pixel_shuffle	SKIP	CM-COMPUTE	transpose	dequantize_per_tensor,quantize_per_tensor,transpose	False	
w52:495	expand_copy	SKIP	CM-QUANT-ONLY		dequantize_per_tensor,quantize_per_tensor	False	
w53:419	arange.out	SKIP	CM-QUANT-ONLY		dequantize_per_tensor	False	
w54:271	stack	SKIP	CM-QUANT-ONLY		dequantize_per_tensor,quantize_per_tensor	False	
w55:243	_fft_r2c	TIMEOUT	CM-QUANT-ONLY		dequantize_per_tensor,quantize_per_tensor	False	
w56:270	ones.out	SKIP	NO-CM			False	
w57:361	arange.start_out	SKIP	CM-QUANT-ONLY		dequantize_per_tensor	False	
w58:288	linear	CRASH	NO-CM			False	
w59:231	topk.values	SKIP	CM-QUANT-ONLY		dequantize_per_tensor,quantize_per_tensor	True	
w5:158	bitwise_left_shift.Tensor_out	MISMATCH	CM-QUANT-ONLY		dequantize_per_tensor,quantize_per_tensor	False	
w60:136	arange.out	SKIP	CM-QUANT-ONLY		dequantize_per_tensor	False	
w61:125	pixel_unshuffle	SKIP	CM-COMPUTE	transpose	dequantize_per_tensor,quantize_per_tensor,transpose	False	
w61:731	fill.Scalar	MISMATCH	CM-QUANT-ONLY		dequantize_per_tensor,quantize_per_tensor	False	
w62:736	copy	SKIP	CM-QUANT-ONLY		dequantize_per_tensor,quantize_per_tensor	False	
w63:690	full.out	SKIP	CM-QUANT-ONLY		dequantize_per_tensor	False	
w64:762	zeros.out	SKIP	CM-QUANT-ONLY		dequantize_per_tensor	False	
w65:713	ones.out	SKIP	CM-QUANT-ONLY		dequantize_per_tensor	False	
w66:553	native_group_norm	SKIP	CM-QUANT-ONLY		dequantize_per_tensor,quantize_per_tensor	False	
w67:514	stack	SKIP	NO-CM			False	
w68:401	_fft_r2c	TIMEOUT	CM-QUANT-ONLY		dequantize_per_tensor,quantize_per_tensor	False	
w69:303	zeros.out	SKIP	NO-CM			False	
w6:238	permute_copy	SKIP	CM-COMPUTE	transpose	dequantize_per_tensor,quantize_per_tensor,transpose	False	
w70:175	native_group_norm	SKIP	CM-QUANT-ONLY		dequantize_per_tensor,quantize_per_tensor	False	
w70:726	pixel_shuffle	SKIP	CM-COMPUTE	transpose	dequantize_per_tensor,quantize_per_tensor,transpose	False	
w71:774	scatter.src_out	SKIP	CM-QUANT-ONLY		dequantize_per_tensor,quantize_per_tensor	True	
w72:697	native_group_norm	SKIP	CM-QUANT-ONLY		dequantize_per_tensor,quantize_per_tensor	False	
w73:656	_pdist_forward	SKIP	CM-QUANT-ONLY		dequantize_per_tensor,quantize_per_tensor	True	
w74:520	full.out	SKIP	CM-QUANT-ONLY		dequantize_per_tensor	False	
w75:557	bitwise_right_shift.Tensor_Scalar	MISMATCH	NO-CM			False	
w76:465	linear	CRASH	NO-CM			False	
w77:392	expand_copy	SKIP	CM-QUANT-ONLY		dequantize_per_tensor,quantize_per_tensor	False	
w78:349	ones.out	SKIP	CM-QUANT-ONLY		dequantize_per_tensor	False	
w79:326	_fft_r2c	CRASH	CM-QUANT-ONLY		dequantize_per_tensor,quantize_per_tensor	True	
w7:148	pixel_unshuffle	SKIP	CM-COMPUTE	transpose	dequantize_per_tensor,quantize_per_tensor,transpose	False	
w80:114	arange.out	SKIP	CM-QUANT-ONLY		dequantize_per_tensor	False	
w80:99	max.dim_max	SKIP	NO-CM			False	
w82:214	where.self	MISMATCH	CM-QUANT-ONLY		dequantize_per_tensor,quantize_per_tensor	False	
w83:15	remainder.Tensor_out	MISMATCH	NO-CM			False	
w84:128	_pdist_forward	SKIP	NO-CM			False	
w85:184	scatter.src_out	SKIP	CM-QUANT-ONLY		dequantize_per_tensor,quantize_per_tensor	True	
w86:129	full.out	SKIP	NO-CM			False	
w86:773	ones.out	SKIP	CM-QUANT-ONLY		dequantize_per_tensor	False	
w87:699	where.self	SKIP	CM-QUANT-ONLY		dequantize_per_tensor,quantize_per_tensor	False	
w88:597	linear	CRASH	NO-CM			False	
w89:604	native_group_norm	SKIP	CM-QUANT-ONLY		dequantize_per_tensor,quantize_per_tensor	False	
w8:557	_pdist_forward	SKIP	CM-QUANT-ONLY		dequantize_per_tensor,quantize_per_tensor	False	
w90:544	_pdist_forward	SKIP	CM-QUANT-ONLY		dequantize_per_tensor,quantize_per_tensor	False	
w91:535	where.self	SKIP	CM-QUANT-ONLY		dequantize_per_tensor,quantize_per_tensor	False	
w92:533	arange.out	SKIP	NO-CM			False	
w93:434	_fft_r2c	TIMEOUT	CM-QUANT-ONLY		dequantize_per_tensor,quantize_per_tensor	False	
w94:423	stack	SKIP	NO-CM			False	
w95:34	bitwise_left_shift.Tensor_Scalar	MISMATCH	NO-CM			False	
w96:233	_fft_r2c	TIMEOUT	CM-QUANT-ONLY		dequantize_per_tensor,quantize_per_tensor	False	
w97:188	full.out	SKIP	NO-CM			False	
w98:188	stack	SKIP	NO-CM			False	
w99:155	index_put	MISMATCH	CM-QUANT-ONLY		dequantize_per_tensor,quantize_per_tensor	True	
w99:72	pixel_shuffle	SKIP	CM-COMPUTE	transpose	dequantize_per_tensor,quantize_per_tensor,transpose	False	
w9:670	expand_copy	SKIP	CM-QUANT-ONLY		dequantize_per_tensor,quantize_per_tensor	False	
w0:388	transpose_copy.int	SKIP	CM-COMPUTE	transpose	dequantize_per_tensor,quantize_per_tensor,transpose	False	
w100:345	ones.out	SKIP	CM-QUANT-ONLY		dequantize_per_tensor	False	
w101:400	stack	SKIP	NO-CM			False	
w102:243	native_group_norm	SKIP	CM-QUANT-ONLY		dequantize_per_tensor,quantize_per_tensor	False	
w103:151	arange.out	SKIP	CM-QUANT-ONLY		dequantize_per_tensor	False	
w104:27	stack	SKIP	NO-CM			False	
w105:107	permute_copy	SKIP	CM-COMPUTE	transpose	dequantize_per_tensor,quantize_per_tensor,transpose	False	
w106:258	copy	SKIP	CM-QUANT-ONLY		dequantize_per_tensor,quantize_per_tensor	True	
w107:113	pixel_unshuffle	SKIP	CM-COMPUTE	transpose	dequantize_per_tensor,quantize_per_tensor,transpose	False	
w107:721	stack	SKIP	NO-CM			False	
w108:628	pixel_unshuffle	SKIP	CM-COMPUTE	transpose	dequantize_per_tensor,quantize_per_tensor,transpose	False	
w109:645	full.out	SKIP	CM-QUANT-ONLY		dequantize_per_tensor	False	
w10:705	scatter_add.out	SKIP	NO-CM			False	
w110:704	expand_copy	SKIP	CM-QUANT-ONLY		dequantize_per_tensor,quantize_per_tensor	False	
w112:15	arange.start_out	SKIP	NO-CM			False	
w112:79	scatter.src_out	SKIP	CM-QUANT-ONLY		dequantize_per_tensor,quantize_per_tensor	True	
w113:63	pixel_shuffle	SKIP	CM-COMPUTE	transpose	dequantize_per_tensor,quantize_per_tensor,transpose	False	
w114:472	bitwise_right_shift.Tensor_Scalar	MISMATCH	NO-CM			False	
w115:323	linear.out	CRASH	CM-QUANT-ONLY		dequantize_per_tensor,quantize_per_tensor	True	
w116:220	bitwise_right_shift.Tensor_Scalar	MISMATCH	NO-CM			False	
w117:127	full.out	SKIP	CM-QUANT-ONLY		dequantize_per_tensor	False	
w117:78	max_pool2d_with_indices_backward.grad_input	MISMATCH	CM-QUANT-ONLY		dequantize_per_tensor,quantize_per_tensor	False	
w118:737	scatter.src_out	SKIP	CM-QUANT-ONLY		dequantize_per_tensor,quantize_per_tensor	True	
w119:599	pixel_unshuffle	SKIP	CM-COMPUTE	transpose	dequantize_per_tensor,quantize_per_tensor,transpose	False	
w11:576	bitwise_left_shift.Tensor_out	MISMATCH	CM-QUANT-ONLY		dequantize_per_tensor,quantize_per_tensor	False	
w120:531	arange.out	SKIP	NO-CM			False	
w121:524	_fft_r2c	TIMEOUT	CM-QUANT-ONLY		dequantize_per_tensor,quantize_per_tensor	False	
w122:363	remainder.Scalar_out	MISMATCH	NO-CM			False	
w123:351	topk.values	SKIP	CM-QUANT-ONLY		dequantize_per_tensor,quantize_per_tensor	True	
w124:386	div.out_mode	MISMATCH	CM-QUANT-ONLY		dequantize_per_tensor,quantize_per_tensor	False	
w125:285	_fft_r2c	TIMEOUT	CM-QUANT-ONLY		dequantize_per_tensor,quantize_per_tensor	True	
w126:175	pixel_shuffle	SKIP	CM-COMPUTE	transpose	dequantize_per_tensor,quantize_per_tensor,transpose	False	
w127:225	pixel_shuffle	SKIP	CM-COMPUTE	transpose	dequantize_per_tensor,quantize_per_tensor,transpose	False	
w12:250	stack	SKIP	NO-CM			False	
w13:116	stack	SKIP	NO-CM			False	
w14:159	stack	SKIP	NO-CM			False	
w14:746	scatter_add.out	SKIP	CM-QUANT-ONLY		dequantize_per_tensor,quantize_per_tensor	True	
w15:715	pixel_unshuffle	SKIP	CM-COMPUTE	transpose	dequantize_per_tensor,quantize_per_tensor,transpose	False	
w16:596	bitwise_left_shift.Tensor_Scalar	MISMATCH	NO-CM			False	
w17:463	_pdist_forward	SKIP	CM-QUANT-ONLY		dequantize_per_tensor,quantize_per_tensor	True	
w18:466	_pdist_forward	SKIP	NO-CM			False	
w19:385	where.self	SKIP	CM-QUANT-ONLY		dequantize_per_tensor,quantize_per_tensor	False	
w1:307	stack	SKIP	NO-CM			False	
w20:424	copy	SKIP	CM-QUANT-ONLY		dequantize_per_tensor,quantize_per_tensor	False	
w21:375	arange.start_out	SKIP	CM-QUANT-ONLY		dequantize_per_tensor	False	
w22:296	min.dim_min	SKIP	NO-CM			False	
w23:286	ones.out	SKIP	CM-QUANT-ONLY		dequantize_per_tensor	False	
w24:244	pixel_unshuffle	SKIP	CM-COMPUTE	transpose	dequantize_per_tensor,quantize_per_tensor,transpose	False	
w25:176	bitwise_right_shift.Tensor_Scalar	MISMATCH	NO-CM			False	
w25:94	linear	CRASH	NO-CM			False	
w26:727	full.out	SKIP	NO-CM			False	
w27:576	_fft_r2c	TIMEOUT	CM-QUANT-ONLY		dequantize_per_tensor,quantize_per_tensor	False	
w28:445	pixel_shuffle	SKIP	CM-COMPUTE	transpose	dequantize_per_tensor,quantize_per_tensor,transpose	False	
w29:381	stack	SKIP	NO-CM			False	
w2:352	transpose_copy.int	SKIP	CM-COMPUTE	transpose	dequantize_per_tensor,quantize_per_tensor,transpose	False	
w30:293	topk.values	SKIP	NO-CM			False	
w31:208	bitwise_right_shift.Tensor_out	MISMATCH	NO-CM			False	
w32:225	index_put	MISMATCH	CM-QUANT-ONLY		dequantize_per_tensor,quantize_per_tensor	True	
w32:84	fill.Scalar	MISMATCH	CM-QUANT-ONLY		dequantize_per_tensor,quantize_per_tensor	False	
w33:643	index_put	MISMATCH	CM-QUANT-ONLY		dequantize_per_tensor,quantize_per_tensor	True	
w34:616	arange.out	SKIP	CM-QUANT-ONLY		dequantize_per_tensor	False	
w35:560	expand_copy	SKIP	NO-CM			False	
w36:443	remainder.Tensor_out	MISMATCH	CM-QUANT-ONLY		dequantize_per_tensor,quantize_per_tensor	False	
w37:486	ones.out	SKIP	NO-CM			False	
w38:410	linear	CRASH	NO-CM			False	
w39:336	arange.start_out	SKIP	CM-QUANT-ONLY		dequantize_per_tensor	False	
w3:304	topk.values	SKIP	NO-CM			False	
w40:311	bitwise_left_shift.Tensor_out	MISMATCH	CM-QUANT-ONLY		dequantize_per_tensor,quantize_per_tensor	False	
w41:373	bitwise_left_shift.Tensor_out	MISMATCH	CM-QUANT-ONLY		dequantize_per_tensor,quantize_per_tensor	False	
w42:3	fill.Scalar	MISMATCH	CM-QUANT-ONLY		dequantize_per_tensor,quantize_per_tensor	False	
w43:143	pixel_shuffle	SKIP	CM-COMPUTE	transpose	dequantize_per_tensor,quantize_per_tensor,transpose	False	
w44:185	arange.out	SKIP	NO-CM			False	
w45:222	_fft_r2c	TIMEOUT	CM-QUANT-ONLY		dequantize_per_tensor,quantize_per_tensor	False	
w46:379	topk.values	SKIP	NO-CM			False	
w47:306	bitwise_right_shift.Tensor_Scalar	MISMATCH	NO-CM			False	
w48:189	stack	SKIP	NO-CM			False	
w49:147	bitwise_left_shift.Tensor_out	MISMATCH	CM-QUANT-ONLY		dequantize_per_tensor,quantize_per_tensor	False	
w49:699	pixel_unshuffle	SKIP	CM-COMPUTE	transpose	dequantize_per_tensor,quantize_per_tensor,transpose	False	
w4:555	linear.out	CRASH	CM-QUANT-ONLY		dequantize_per_tensor,quantize_per_tensor	True	
w50:541	remainder.Scalar_out	MISMATCH	NO-CM			False	
w51:644	arange.start_out	SKIP	NO-CM			False	
w52:514	arange.start_out	SKIP	CM-QUANT-ONLY		dequantize_per_tensor	False	
w53:426	pixel_shuffle	SKIP	CM-COMPUTE	transpose	dequantize_per_tensor,quantize_per_tensor,transpose	False	
w54:306	native_group_norm	SKIP	CM-QUANT-ONLY		dequantize_per_tensor,quantize_per_tensor	False	
w55:249	fill.Scalar	MISMATCH	CM-QUANT-ONLY		dequantize_per_tensor,quantize_per_tensor	False	
w56:275	fill.Scalar	MISMATCH	CM-QUANT-ONLY		dequantize_per_tensor,quantize_per_tensor	False	
w57:381	convolution	SKIP	CM-QUANT-ONLY		dequantize_per_tensor,quantize_per_tensor	False	
w58:290	zeros.out	SKIP	CM-QUANT-ONLY		dequantize_per_tensor	False	
w59:234	stack	SKIP	NO-CM			False	
w5:16	_fft_r2c	TIMEOUT	CM-QUANT-ONLY		dequantize_per_tensor,quantize_per_tensor	True	
w60:143	pixel_shuffle	SKIP	CM-COMPUTE	transpose	dequantize_per_tensor,quantize_per_tensor,transpose	False	
w61:131	arange.start_out	SKIP	NO-CM			False	
w61:749	bitwise_right_shift.Tensor_Scalar	MISMATCH	NO-CM			False	
w62:737	stack	SKIP	NO-CM			False	
w63:739	arange.start_out	SKIP	NO-CM			False	
w64:78	zeros.out	SKIP	CM-QUANT-ONLY		dequantize_per_tensor	False	
w65:718	fill.Scalar	MISMATCH	CM-QUANT-ONLY		dequantize_per_tensor,quantize_per_tensor	False	
w66:563	where.self	SKIP	CM-QUANT-ONLY		dequantize_per_tensor,quantize_per_tensor	False	
w67:522	linear	CRASH	NO-CM			False	
w68:402	ones.out	SKIP	CM-QUANT-ONLY		dequantize_per_tensor	False	
w69:328	native_group_norm	SKIP	CM-QUANT-ONLY		dequantize_per_tensor,quantize_per_tensor	False	
w6:280	bitwise_left_shift.Tensor_out	MISMATCH	CM-QUANT-ONLY		dequantize_per_tensor,quantize_per_tensor	False	
w70:178	_pdist_forward	SKIP	NO-CM			False	
w70:727	scatter_add.out	SKIP	CM-QUANT-ONLY		dequantize_per_tensor,quantize_per_tensor	True	
w71:78	bitwise_left_shift.Tensor_out	MISMATCH	NO-CM			False	
w72:70	zeros.out	SKIP	CM-QUANT-ONLY		dequantize_per_tensor	False	
w73:661	arange.out	SKIP	CM-QUANT-ONLY		dequantize_per_tensor	False	
w74:544	scatter_add.out	SKIP	CM-QUANT-ONLY		dequantize_per_tensor,quantize_per_tensor	True	
w75:574	full.out	SKIP	CM-QUANT-ONLY		dequantize_per_tensor	False	
w76:467	zeros.out	SKIP	NO-CM			False	
w77:421	permute_copy	SKIP	CM-COMPUTE	transpose	dequantize_per_tensor,quantize_per_tensor,transpose	False	
w78:354	fill.Scalar	MISMATCH	CM-QUANT-ONLY		dequantize_per_tensor,quantize_per_tensor	True	
w79:327	ones.out	SKIP	CM-QUANT-ONLY		dequantize_per_tensor	False	
w7:154	arange.start_out	SKIP	NO-CM			False	
w80:121	pixel_shuffle	SKIP	CM-COMPUTE	transpose	dequantize_per_tensor,quantize_per_tensor,transpose	False	
w81:103	max_pool2d_with_indices_backward.grad_input	MISMATCH	CM-QUANT-ONLY		dequantize_per_tensor,quantize_per_tensor	False	
w82:23	stack	SKIP	NO-CM			False	
w83:170	native_group_norm	SKIP	CM-QUANT-ONLY		dequantize_per_tensor,quantize_per_tensor	False	
w84:133	arange.out	SKIP	NO-CM			False	
w85:189	topk.values	SKIP	NO-CM			False	
w86:151	bitwise_left_shift.Tensor_Scalar	MISMATCH	NO-CM			False	
w86:778	fill.Scalar	MISMATCH	CM-QUANT-ONLY		dequantize_per_tensor,quantize_per_tensor	False	
w87:721	index_put	MISMATCH	CM-QUANT-ONLY		dequantize_per_tensor,quantize_per_tensor	True	
w88:599	zeros.out	SKIP	CM-QUANT-ONLY		dequantize_per_tensor	False	
w89:636	index_put	MISMATCH	CM-QUANT-ONLY		dequantize_per_tensor,quantize_per_tensor	True	
w8:562	arange.out	SKIP	CM-QUANT-ONLY		dequantize_per_tensor	False	
w90:549	arange.out	SKIP	CM-QUANT-ONLY		dequantize_per_tensor	False	
w91:572	stack	SKIP	CM-QUANT-ONLY		dequantize_per_tensor,quantize_per_tensor	False	
w92:540	pixel_shuffle	SKIP	CM-COMPUTE	transpose	dequantize_per_tensor,quantize_per_tensor,transpose	False	
w93:435	ones.out	SKIP	CM-QUANT-ONLY		dequantize_per_tensor	False	
w94:433	zeros.out	SKIP	NO-CM			False	
w95:341	bitwise_left_shift.Tensor_out	MISMATCH	NO-CM			False	
w96:234	ones.out	SKIP	CM-QUANT-ONLY		dequantize_per_tensor	False	
w97:210	bitwise_left_shift.Tensor_Scalar	MISMATCH	NO-CM			False	
w98:196	linear	CRASH	NO-CM			False	
w99:162	scatter.src_out	SKIP	CM-QUANT-ONLY		dequantize_per_tensor,quantize_per_tensor	True	
w99:73	scatter_add.out	SKIP	CM-QUANT-ONLY		dequantize_per_tensor,quantize_per_tensor	True	
w9:689	arange.start_out	SKIP	NO-CM			False	
w0:395	pixel_shuffle	SKIP	CM-COMPUTE	transpose	dequantize_per_tensor,quantize_per_tensor,transpose	False	
w100:350	fill.Scalar	MISMATCH	CM-QUANT-ONLY		dequantize_per_tensor,quantize_per_tensor	True	
w101:408	linear	CRASH	NO-CM			False	
w102:253	where.self	SKIP	CM-QUANT-ONLY		dequantize_per_tensor,quantize_per_tensor	False	
w103:158	pixel_shuffle	SKIP	CM-COMPUTE	transpose	dequantize_per_tensor,quantize_per_tensor,transpose	False	
w104:290	native_group_norm	SKIP	CM-QUANT-ONLY		dequantize_per_tensor,quantize_per_tensor	False	
w105:132	where.self	SKIP	CM-QUANT-ONLY		dequantize_per_tensor,quantize_per_tensor	False	
w106:259	stack	SKIP	NO-CM			False	
w107:132	linear.out	CRASH	CM-QUANT-ONLY		dequantize_per_tensor,quantize_per_tensor	False	
w107:731	zeros.out	SKIP	CM-QUANT-ONLY		dequantize_per_tensor	False	
w108:659	full.out	SKIP	CM-QUANT-ONLY		dequantize_per_tensor	False	
w109:67	index_put	MISMATCH	CM-QUANT-ONLY		dequantize_per_tensor,quantize_per_tensor	True	
w10:711	expand_copy	SKIP	NO-CM			False	
w110:74	where.self	SKIP	CM-QUANT-ONLY		dequantize_per_tensor,quantize_per_tensor	True	
w112:153	_fft_r2c	TIMEOUT	CM-QUANT-ONLY		dequantize_per_tensor,quantize_per_tensor	False	
w112:87	stack	SKIP	NO-CM			False	
w113:652	native_group_norm	SKIP	CM-QUANT-ONLY		dequantize_per_tensor,quantize_per_tensor	False	
w114:489	full.out	SKIP	NO-CM			False	
w115:335	full.out	SKIP	NO-CM			False	
w116:225	linear.out	CRASH	NO-CM			False	
w117:150	pixel_shuffle	SKIP	CM-COMPUTE	transpose	dequantize_per_tensor,quantize_per_tensor,transpose	False	
w117:780	pixel_unshuffle	SKIP	CM-COMPUTE	transpose	dequantize_per_tensor,quantize_per_tensor,transpose	False	
w118:745	stack	SKIP	NO-CM			False	
w119:64	topk.values	SKIP	NO-CM			False	
w11:581	index_put	MISMATCH	CM-QUANT-ONLY		dequantize_per_tensor,quantize_per_tensor	True	
w120:554	_fft_r2c	TIMEOUT	CM-QUANT-ONLY		dequantize_per_tensor,quantize_per_tensor	False	
w121:525	ones.out	SKIP	CM-QUANT-ONLY		dequantize_per_tensor	False	
w122:368	arange.start_out	SKIP	CM-QUANT-ONLY		dequantize_per_tensor	False	
w123:354	stack	SKIP	NO-CM			False	
w124:390	index_put	MISMATCH	CM-QUANT-ONLY		dequantize_per_tensor,quantize_per_tensor	True	
w125:286	ones.out	SKIP	CM-QUANT-ONLY		dequantize_per_tensor	False	
w126:180	bitwise_right_shift.Tensor_Scalar_out	MISMATCH	NO-CM			False	
w127:23	arange.start_out	SKIP	CM-QUANT-ONLY		dequantize_per_tensor	False	
w12:258	linear	CRASH	NO-CM			False	
w13:126	zeros.out	SKIP	CM-QUANT-ONLY		dequantize_per_tensor	False	
w14:167	linear	CRASH	NO-CM			False	
w14:752	expand_copy	SKIP	CM-QUANT-ONLY		dequantize_per_tensor,quantize_per_tensor	False	
w15:72	where.self	MISMATCH	CM-QUANT-ONLY		dequantize_per_tensor,quantize_per_tensor	False	
w16:623	arange.start_out	SKIP	NO-CM			False	
w17:468	arange.out	SKIP	CM-QUANT-ONLY		dequantize_per_tensor	False	
w18:471	arange.out	SKIP	NO-CM			False	
w19:407	index_put	MISMATCH	CM-QUANT-ONLY		dequantize_per_tensor,quantize_per_tensor	True	
w1:317	zeros.out	SKIP	NO-CM			False	
w20:425	stack	SKIP	NO-CM			False	
w21:403	minimum.out	SKIP	CM-COMPUTE	minimum	minimum	False	
w22:323	_pdist_forward	SKIP	NO-CM			False	
w23:29	_pdist_forward	SKIP	CM-QUANT-ONLY		dequantize_per_tensor,quantize_per_tensor	False	
w24:275	full.out	SKIP	CM-QUANT-ONLY		dequantize_per_tensor	False	
w25:193	full.out	SKIP	CM-QUANT-ONLY		dequantize_per_tensor	False	
w25:96	zeros.out	SKIP	CM-QUANT-ONLY		dequantize_per_tensor	False	
w26:742	remainder.Scalar	MISMATCH	NO-CM			False	
w27:577	ones.out	SKIP	NO-CM			False	
w28:46	full.out	SKIP	CM-QUANT-ONLY		dequantize_per_tensor	False	
w29:391	zeros.out	SKIP	CM-QUANT-ONLY		dequantize_per_tensor	False	
w2:359	pixel_shuffle	SKIP	CM-COMPUTE	transpose	dequantize_per_tensor,quantize_per_tensor,transpose	False	
w30:296	stack	SKIP	NO-CM			False	
w31:209	arange.out	SKIP	CM-QUANT-ONLY		dequantize_per_tensor	False	
w32:232	scatter.src_out	SKIP	CM-QUANT-ONLY		dequantize_per_tensor,quantize_per_tensor	True	
w33:104	pixel_shuffle	SKIP	CM-COMPUTE	transpose	dequantize_per_tensor,quantize_per_tensor,transpose	False	
w33:658	stack	SKIP	NO-CM			False	
w34:639	_fft_r2c	TIMEOUT	CM-QUANT-ONLY		dequantize_per_tensor,quantize_per_tensor	True	
w35:57	bitwise_right_shift.Tensor_Scalar	MISMATCH	NO-CM			False	
w36:452	native_group_norm	SKIP	CM-QUANT-ONLY		dequantize_per_tensor,quantize_per_tensor	False	
w37:491	fill.Scalar	MISMATCH	CM-QUANT-ONLY		dequantize_per_tensor,quantize_per_tensor	False	
w38:430	max.dim_max	SKIP	NO-CM			False	
w39:388	bitwise_left_shift.Tensor_out	MISMATCH	CM-QUANT-ONLY		dequantize_per_tensor,quantize_per_tensor	False	
w3:307	stack	SKIP	NO-CM			False	
w40:328	topk.values	SKIP	NO-CM			False	
w41:392	copy	SKIP	CM-QUANT-ONLY		dequantize_per_tensor,quantize_per_tensor	True	
w42:310	remainder.Scalar_out	MISMATCH	CM-QUANT-ONLY		dequantize_per_tensor,quantize_per_tensor	False	
w43:15	pixel_unshuffle	SKIP	CM-COMPUTE	transpose	dequantize_per_tensor,quantize_per_tensor,transpose	True	
w44:192	pixel_shuffle	SKIP	CM-COMPUTE	transpose	dequantize_per_tensor,quantize_per_tensor,transpose	False	
w45:223	ones.out	SKIP	NO-CM			False	
w46:382	stack	SKIP	NO-CM			False	
w47:31	arange.out	SKIP	CM-QUANT-ONLY		dequantize_per_tensor	False	
w48:199	zeros.out	SKIP	CM-QUANT-ONLY		dequantize_per_tensor	False	
w49:159	scatter.src_out	SKIP	CM-QUANT-ONLY		dequantize_per_tensor,quantize_per_tensor	True	
w49:718	linear.out	CRASH	CM-QUANT-ONLY		dequantize_per_tensor,quantize_per_tensor	False	
w4:567	full.out	SKIP	NO-CM			False	
w50:556	permute_copy	SKIP	CM-COMPUTE	transpose	dequantize_per_tensor,quantize_per_tensor,transpose	False	
w51:679	where.self	SKIP	CM-QUANT-ONLY		dequantize_per_tensor,quantize_per_tensor	False	
w52:52	pixel_unshuffle	SKIP	CM-COMPUTE	transpose	dequantize_per_tensor,quantize_per_tensor,transpose	True	
w53:434	max_pool2d_with_indices_backward.grad_input	MISMATCH	CM-QUANT-ONLY		dequantize_per_tensor,quantize_per_tensor	False	
w54:314	arange.out	SKIP	CM-QUANT-ONLY		dequantize_per_tensor	False	
w55:267	bitwise_right_shift.Tensor_Scalar	MISMATCH	NO-CM			False	
w56:279	pixel_unshuffle	SKIP	CM-COMPUTE	transpose	dequantize_per_tensor,quantize_per_tensor,transpose	False	
w57:418	index_put	MISMATCH	CM-QUANT-ONLY		dequantize_per_tensor,quantize_per_tensor	True	
w58:318	_pdist_forward	SKIP	NO-CM			False	
w59:242	linear	CRASH	NO-CM			False	
w5:17	ones.out	SKIP	CM-QUANT-ONLY		dequantize_per_tensor	False	
w60:159	_fft_r2c	TIMEOUT	CM-QUANT-ONLY		dequantize_per_tensor,quantize_per_tensor	True	
w61:137	scatter.value_out	SKIP	CM-QUANT-ONLY		dequantize_per_tensor,quantize_per_tensor	False	
w61:754	linear.out	CRASH	NO-CM			False	
w62:745	linear	CRASH	NO-CM			False	
w63:759	convolution	SKIP	CM-QUANT-ONLY		dequantize_per_tensor,quantize_per_tensor	False	
w64:96	max.dim_max	SKIP	NO-CM			False	
w65:722	pixel_unshuffle	SKIP	CM-COMPUTE	transpose	dequantize_per_tensor,quantize_per_tensor,transpose	False	
w66:585	index_put	MISMATCH	CM-QUANT-ONLY		dequantize_per_tensor,quantize_per_tensor	True	
w67:525	min.dim_min	SKIP	NO-CM			False	
w68:411	pixel_unshuffle	SKIP	CM-COMPUTE	transpose	dequantize_per_tensor,quantize_per_tensor,transpose	False	
w69:331	_pdist_forward	SKIP	CM-QUANT-ONLY		dequantize_per_tensor,quantize_per_tensor	True	
w6:285	index_put	MISMATCH	CM-QUANT-ONLY		dequantize_per_tensor,quantize_per_tensor	True	
w70:19	full.out	SKIP	CM-QUANT-ONLY		dequantize_per_tensor	False	
w70:746	pixel_unshuffle	SKIP	CM-COMPUTE	transpose	dequantize_per_tensor,quantize_per_tensor,transpose	False	
w71:83	index_put	MISMATCH	CM-QUANT-ONLY		dequantize_per_tensor,quantize_per_tensor	True	
w72:71	min.dim_min	SKIP	NO-CM			False	
w73:668	pixel_shuffle	SKIP	CM-COMPUTE	transpose	dequantize_per_tensor,quantize_per_tensor,transpose	False	
w74:563	pixel_unshuffle	SKIP	CM-COMPUTE	transpose	dequantize_per_tensor,quantize_per_tensor,transpose	False	
w75:589	remainder.Scalar	MISMATCH	NO-CM			False	
w76:468	min.dim_min	SKIP	NO-CM			False	
w77:468	index_put	MISMATCH	CM-QUANT-ONLY		dequantize_per_tensor,quantize_per_tensor	True	
w78:372	bitwise_right_shift.Tensor_Scalar	MISMATCH	NO-CM			False	
w79:332	fill.Scalar	MISMATCH	CM-QUANT-ONLY		dequantize_per_tensor,quantize_per_tensor	False	
w7:164	permute_copy	MISMATCH	CM-COMPUTE	transpose	dequantize_per_tensor,quantize_per_tensor,transpose	False	
w80:137	_fft_r2c	TIMEOUT	CM-QUANT-ONLY		dequantize_per_tensor,quantize_per_tensor	False	
w81:111	_fft_r2c	TIMEOUT	CM-QUANT-ONLY		dequantize_per_tensor,quantize_per_tensor	False	
w82:236	index_put	MISMATCH	CM-QUANT-ONLY		dequantize_per_tensor,quantize_per_tensor	True	
w83:197	bitwise_left_shift.Tensor_out	MISMATCH	CM-QUANT-ONLY		dequantize_per_tensor,quantize_per_tensor	False	
w84:156	_fft_r2c	TIMEOUT	CM-QUANT-ONLY		dequantize_per_tensor,quantize_per_tensor	False	
w85:192	stack	SKIP	CM-QUANT-ONLY		dequantize_per_tensor,quantize_per_tensor	False	
w86:178	arange.start_out	SKIP	CM-QUANT-ONLY		dequantize_per_tensor	False	
w86:88	_fft_r2c	TIMEOUT	CM-QUANT-ONLY		dequantize_per_tensor,quantize_per_tensor	False	
w87:733	topk.values	SKIP	NO-CM			False	
w88:61	arange.start_out	SKIP	CM-QUANT-ONLY		dequantize_per_tensor	False	
w89:651	stack	SKIP	NO-CM			False	
w8:569	pixel_shuffle	SKIP	CM-COMPUTE	transpose	dequantize_per_tensor,quantize_per_tensor,transpose	False	
w90:572	_fft_r2c	TIMEOUT	CM-QUANT-ONLY		dequantize_per_tensor,quantize_per_tensor	False	
w91:582	zeros.out	SKIP	CM-QUANT-ONLY		dequantize_per_tensor	False	
w92:556	_fft_r2c	TIMEOUT	CM-QUANT-ONLY		dequantize_per_tensor,quantize_per_tensor	False	
w93:475	full.out	SKIP	CM-QUANT-ONLY		dequantize_per_tensor	False	
w94:434	min.dim_min	SKIP	NO-CM			False	
w95:346	index_put	MISMATCH	CM-QUANT-ONLY		dequantize_per_tensor,quantize_per_tensor	True	
w96:243	pixel_unshuffle	SKIP	CM-COMPUTE	transpose	dequantize_per_tensor,quantize_per_tensor,transpose	False	
w97:211	pixel_shuffle	SKIP	CM-COMPUTE	transpose	dequantize_per_tensor,quantize_per_tensor,transpose	False	
w98:226	_pdist_forward	SKIP	CM-QUANT-ONLY		dequantize_per_tensor,quantize_per_tensor	False	
w99:169	copy	SKIP	CM-QUANT-ONLY		dequantize_per_tensor,quantize_per_tensor	True	
w99:733	full.out	SKIP	CM-QUANT-ONLY		dequantize_per_tensor	False	
w9:709	convolution	SKIP	CM-QUANT-ONLY		dequantize_per_tensor,quantize_per_tensor	False	
w0:421	arange.start_out	SKIP	NO-CM			False	
w100:415	expand_copy	SKIP	CM-QUANT-ONLY		dequantize_per_tensor,quantize_per_tensor	False	
w101:410	zeros.out	SKIP	NO-CM			False	
w102:275	index_put	MISMATCH	CM-QUANT-ONLY		dequantize_per_tensor,quantize_per_tensor	True	
w103:17	expand_copy	SKIP	CM-QUANT-ONLY		dequantize_per_tensor,quantize_per_tensor	False	
w104:293	_pdist_forward	SKIP	CM-QUANT-ONLY		dequantize_per_tensor,quantize_per_tensor	True	
w105:154	index_put	MISMATCH	CM-QUANT-ONLY		dequantize_per_tensor,quantize_per_tensor	True	
w106:267	linear	CRASH	NO-CM			False	
w107:144	full.out	SKIP	CM-QUANT-ONLY		dequantize_per_tensor	False	
w107:733	logit	MISMATCH	CM-QUANT-ONLY		dequantize_per_tensor,quantize_per_tensor	False	
w108:702	pixel_unshuffle	SKIP	CM-COMPUTE	transpose	dequantize_per_tensor,quantize_per_tensor,transpose	False	
w109:688	pixel_unshuffle	SKIP	CM-COMPUTE	transpose	dequantize_per_tensor,quantize_per_tensor,transpose	False	
w10:736	scatter.value_out	SKIP	NO-CM			False	
w110:748	native_group_norm	SKIP	CM-QUANT-ONLY		dequantize_per_tensor,quantize_per_tensor	False	
w112:154	ones.out	SKIP	NO-CM			False	
w112:9	pixel_unshuffle	SKIP	CM-COMPUTE	transpose	dequantize_per_tensor,quantize_per_tensor,transpose	False	
w113:660	arange.out	SKIP	NO-CM			False	
w114:505	transpose_copy.int	SKIP	CM-COMPUTE	transpose	dequantize_per_tensor,quantize_per_tensor,transpose	False	
w115:35	native_group_norm	SKIP	CM-QUANT-ONLY		dequantize_per_tensor,quantize_per_tensor	False	
w116:232	floor_divide	MISMATCH	CM-QUANT-ONLY		dequantize_per_tensor,quantize_per_tensor	False	
w117:157	expand_copy	SKIP	CM-QUANT-ONLY		dequantize_per_tensor,quantize_per_tensor	False	
w117:86	_fft_r2c	TIMEOUT	CM-QUANT-ONLY		dequantize_per_tensor,quantize_per_tensor	True	
w118:755	zeros.out	SKIP	CM-QUANT-ONLY		dequantize_per_tensor	False	
w119:652	bitwise_left_shift.Tensor_Scalar	MISMATCH	NO-CM			False	
w11:596	stack	SKIP	NO-CM			False	
w120:555	ones.out	SKIP	NO-CM			False	
w121:530	fill.Scalar	MISMATCH	CM-QUANT-ONLY		dequantize_per_tensor,quantize_per_tensor	False	
w122:384	prod.int_out	MISMATCH	CM-QUANT-ONLY		dequantize_per_tensor,quantize_per_tensor	False	
w123:362	linear	CRASH	NO-CM			False	
w124:397	scatter.src_out	SKIP	CM-QUANT-ONLY		dequantize_per_tensor,quantize_per_tensor	True	
w125:29	_pdist_forward	SKIP	CM-QUANT-ONLY		dequantize_per_tensor,quantize_per_tensor	True	
w126:253	bitwise_left_shift.Tensor_out	MISMATCH	CM-QUANT-ONLY		dequantize_per_tensor,quantize_per_tensor	False	
w127:245	pixel_unshuffle	SKIP	CM-COMPUTE	transpose	dequantize_per_tensor,quantize_per_tensor,transpose	False	
w12:292	bitwise_right_shift.Tensor_out	MISMATCH	NO-CM			False	
w13:127	min.dim_min	SKIP	NO-CM			False	
w14:169	zeros.out	SKIP	CM-QUANT-ONLY		dequantize_per_tensor	False	
w14:771	arange.start_out	SKIP	CM-QUANT-ONLY		dequantize_per_tensor	False	
w15:741	convolution	SKIP	CM-QUANT-ONLY		dequantize_per_tensor,quantize_per_tensor	False	
w16:639	prod.int_out	MISMATCH	CM-QUANT-ONLY		dequantize_per_tensor,quantize_per_tensor	False	
w17:483	max_pool2d_with_indices_backward.grad_input	MISMATCH	CM-QUANT-ONLY		dequantize_per_tensor,quantize_per_tensor	False	
w18:494	_fft_r2c	TIMEOUT	CM-QUANT-ONLY		dequantize_per_tensor,quantize_per_tensor	False	
w19:421	copy	SKIP	NO-CM			False	
w1:333	remainder.Tensor_out	MISMATCH	NO-CM			False	
w20:435	zeros.out	SKIP	CM-QUANT-ONLY		dequantize_per_tensor	False	
w21:41	pixel_shuffle	SKIP	CM-COMPUTE	transpose	dequantize_per_tensor,quantize_per_tensor,transpose	False	
w22:328	arange.out	SKIP	CM-QUANT-ONLY		dequantize_per_tensor	False	
w23:291	fill.Scalar	MISMATCH	CM-QUANT-ONLY		dequantize_per_tensor,quantize_per_tensor	False	
w24:303	bitwise_right_shift.Tensor_Scalar_out	MISMATCH	NO-CM			False	
w25:208	remainder.Scalar	MISMATCH	NO-CM			False	
w26:112	convolution	SKIP	CM-QUANT-ONLY		dequantize_per_tensor,quantize_per_tensor	False	
w26:750	pixel_shuffle	SKIP	CM-COMPUTE	transpose	dequantize_per_tensor,quantize_per_tensor,transpose	True	
w27:582	fill.Scalar	MISMATCH	CM-QUANT-ONLY		dequantize_per_tensor,quantize_per_tensor	False	
w28:461	_fft_r2c	TIMEOUT	CM-QUANT-ONLY		dequantize_per_tensor,quantize_per_tensor	True	
w29:419	_pdist_forward	SKIP	CM-QUANT-ONLY		dequantize_per_tensor,quantize_per_tensor	False	
w2:360	scatter_add.out	SKIP	CM-QUANT-ONLY		dequantize_per_tensor,quantize_per_tensor	True	
w30:339	arange.out	SKIP	CM-QUANT-ONLY		dequantize_per_tensor	False	
w31:216	pixel_shuffle	SKIP	CM-COMPUTE	transpose	dequantize_per_tensor,quantize_per_tensor,transpose	False	
w32:237	topk.values	SKIP	CM-QUANT-ONLY		dequantize_per_tensor,quantize_per_tensor	True	
w33:105	scatter_add.out	SKIP	CM-QUANT-ONLY		dequantize_per_tensor,quantize_per_tensor	False	
w33:668	zeros.out	SKIP	NO-CM			False	
w34:640	ones.out	SKIP	CM-QUANT-ONLY		dequantize_per_tensor	False	
w35:573	pixel_unshuffle	SKIP	CM-COMPUTE	transpose	dequantize_per_tensor,quantize_per_tensor,transpose	False	
w36:455	_pdist_forward	SKIP	CM-QUANT-ONLY		dequantize_per_tensor,quantize_per_tensor	False	
w37:509	bitwise_right_shift.Tensor_Scalar	MISMATCH	NO-CM			False	
w38:440	_pdist_forward	SKIP	CM-QUANT-ONLY		dequantize_per_tensor,quantize_per_tensor	False	
w39:407	copy	SKIP	NO-CM			False	
w3:315	linear	CRASH	NO-CM			False	
w40:331	stack	SKIP	NO-CM			False	
w41:393	stack	SKIP	NO-CM			False	
w42:315	arange.start_out	SKIP	NO-CM			False	
w43:159	_fft_r2c	TIMEOUT	CM-QUANT-ONLY		dequantize_per_tensor,quantize_per_tensor	False	
w44:208	_fft_r2c	TIMEOUT	CM-QUANT-ONLY		dequantize_per_tensor,quantize_per_tensor	True	
w45:23	linear.out	CRASH	NO-CM			False	
w46:392	zeros.out	SKIP	CM-QUANT-ONLY		dequantize_per_tensor	False	
w47:323	full.out	SKIP	CM-QUANT-ONLY		dequantize_per_tensor	False	
w48:227	_pdist_forward	SKIP	NO-CM			False	
w49:166	copy	SKIP	CM-QUANT-ONLY		dequantize_per_tensor,quantize_per_tensor	True	
w49:730	full.out	SKIP	NO-CM			False	
w4:616	arange.start_out	SKIP	CM-QUANT-ONLY		dequantize_per_tensor	False	
w50:571	native_group_norm	SKIP	CM-QUANT-ONLY		dequantize_per_tensor,quantize_per_tensor	False	
w51:696	bitwise_left_shift.Tensor_out	MISMATCH	CM-QUANT-ONLY		dequantize_per_tensor,quantize_per_tensor	False	
w52:549	where.self	MISMATCH	CM-QUANT-ONLY		dequantize_per_tensor,quantize_per_tensor	False	
w53:442	_fft_r2c	TIMEOUT	CM-QUANT-ONLY		dequantize_per_tensor,quantize_per_tensor	False	
w54:329	max_pool2d_with_indices_backward.grad_input	MISMATCH	CM-QUANT-ONLY		dequantize_per_tensor,quantize_per_tensor	False	
w55:284	full.out	SKIP	CM-QUANT-ONLY		dequantize_per_tensor	False	
w56:310	full.out	SKIP	CM-QUANT-ONLY		dequantize_per_tensor	False	
w57:425	scatter.src_out	SKIP	CM-QUANT-ONLY		dequantize_per_tensor,quantize_per_tensor	True	
w58:323	arange.out	SKIP	CM-QUANT-ONLY		dequantize_per_tensor	False	
w59:244	zeros.out	SKIP	CM-QUANT-ONLY		dequantize_per_tensor	False	
w5:175	topk.values	SKIP	NO-CM			False	
w60:160	ones.out	SKIP	CM-QUANT-ONLY		dequantize_per_tensor	False	
w61:17	bitwise_right_shift.Tensor_out	MISMATCH	NO-CM			False	
w61:766	full.out	SKIP	CM-QUANT-ONLY		dequantize_per_tensor	False	
w62:775	_pdist_forward	SKIP	CM-QUANT-ONLY		dequantize_per_tensor,quantize_per_tensor	False	
w63:774	where.self	SKIP	CM-QUANT-ONLY		dequantize_per_tensor,quantize_per_tensor	False	
w65:0	_pdist_forward	SKIP	CM-QUANT-ONLY		dequantize_per_tensor,quantize_per_tensor	True	
w65:736	bitwise_right_shift.Tensor_Scalar	MISMATCH	NO-CM			False	
w66:599	copy	SKIP	NO-CM			False	
w67:557	arange.out	SKIP	CM-QUANT-ONLY		dequantize_per_tensor	False	
w68:442	full.out	SKIP	NO-CM			False	
w69:336	arange.out	SKIP	CM-QUANT-ONLY		dequantize_per_tensor	False	
w6:300	stack	SKIP	CM-QUANT-ONLY		dequantize_per_tensor,quantize_per_tensor	False	
w70:198	max_pool2d_with_indices_backward.grad_input	MISMATCH	CM-QUANT-ONLY		dequantize_per_tensor,quantize_per_tensor	False	
w71:106	linear	CRASH	NO-CM			False	
w71:97	copy	SKIP	NO-CM			False	
w72:729	index_put	MISMATCH	CM-QUANT-ONLY		dequantize_per_tensor,quantize_per_tensor	True	
w73:684	_fft_r2c	TIMEOUT	CM-QUANT-ONLY		dequantize_per_tensor,quantize_per_tensor	True	
w74:569	arange.start_out	SKIP	CM-QUANT-ONLY		dequantize_per_tensor	False	
w75:597	pixel_shuffle	SKIP	CM-COMPUTE	transpose	dequantize_per_tensor,quantize_per_tensor,transpose	False	
w76:495	_pdist_forward	SKIP	CM-QUANT-ONLY		dequantize_per_tensor,quantize_per_tensor	False	
w77:480	topk.values	SKIP	NO-CM			False	
w78:389	full.out	SKIP	NO-CM			False	
w79:336	pixel_unshuffle	SKIP	CM-COMPUTE	transpose	dequantize_per_tensor,quantize_per_tensor,transpose	False	
w7:189	where.self	SKIP	CM-QUANT-ONLY		dequantize_per_tensor,quantize_per_tensor	False	
w80:138	ones.out	SKIP	CM-QUANT-ONLY		dequantize_per_tensor	False	
w81:112	ones.out	SKIP	CM-QUANT-ONLY		dequantize_per_tensor	False	
w82:250	copy	SKIP	CM-QUANT-ONLY		dequantize_per_tensor,quantize_per_tensor	False	
w83:202	index_put	MISMATCH	CM-QUANT-ONLY		dequantize_per_tensor,quantize_per_tensor	True	
w84:157	ones.out	SKIP	CM-QUANT-ONLY		dequantize_per_tensor	False	
w85:2	_pdist_forward	SKIP	NO-CM			False	
w86:194	prod.int_out	MISMATCH	CM-QUANT-ONLY		dequantize_per_tensor,quantize_per_tensor	False	
w86:89	ones.out	SKIP	CM-QUANT-ONLY		dequantize_per_tensor	False	
w87:736	stack	SKIP	CM-QUANT-ONLY		dequantize_per_tensor	False	
w88:627	_pdist_forward	SKIP	CM-QUANT-ONLY		dequantize_per_tensor,quantize_per_tensor	False	
w89:661	zeros.out	SKIP	NO-CM			False	
w8:585	_fft_r2c	TIMEOUT	CM-QUANT-ONLY		dequantize_per_tensor,quantize_per_tensor	False	
w90:573	ones.out	SKIP	NO-CM			False	
w91:615	arange.out	SKIP	CM-QUANT-ONLY		dequantize_per_tensor	False	
w92:557	ones.out	SKIP	CM-QUANT-ONLY		dequantize_per_tensor	False	
w93:490	remainder.Scalar	MISMATCH	NO-CM			False	
w94:435	logit	MISMATCH	CM-QUANT-ONLY		dequantize_per_tensor,quantize_per_tensor	False	
w95:358	topk.values	SKIP	NO-CM			False	
w96:262	linear.out	CRASH	CM-QUANT-ONLY		dequantize_per_tensor,quantize_per_tensor	True	
w97:231	pixel_unshuffle	SKIP	CM-COMPUTE	transpose	dequantize_per_tensor,quantize_per_tensor,transpose	False	
w98:231	arange.out	SKIP	NO-CM			False	
w99:170	stack	SKIP	NO-CM			False	
w99:757	scatter_add.out	SKIP	CM-QUANT-ONLY		dequantize_per_tensor,quantize_per_tensor	True	
w9:714	native_group_norm	SKIP	CM-QUANT-ONLY		dequantize_per_tensor,quantize_per_tensor	False	
w0:47	zeros.out	SKIP	NO-CM			False	
w100:428	pixel_unshuffle	SKIP	CM-COMPUTE	transpose	dequantize_per_tensor,quantize_per_tensor,transpose	False	
w101:435	native_group_norm	SKIP	CM-QUANT-ONLY		dequantize_per_tensor,quantize_per_tensor	False	
w102:290	stack	SKIP	CM-QUANT-ONLY		dequantize_per_tensor,quantize_per_tensor	False	
w103:174	_fft_r2c	CRASH	CM-QUANT-ONLY		dequantize_per_tensor,quantize_per_tensor	True	
w104:295	clone	MISMATCH	CM-QUANT-ONLY		dequantize_per_tensor,quantize_per_tensor	True	
w105:169	stack	SKIP	NO-CM			False	
w106:269	zeros.out	SKIP	NO-CM			False	
w107:17	bitwise_left_shift.Tensor_out	MISMATCH	NO-CM			False	
w107:747	remainder.Tensor_out	MISMATCH	NO-CM			False	
w108:733	native_group_norm	SKIP	CM-QUANT-ONLY		dequantize_per_tensor,quantize_per_tensor	False	
w109:765	copy	SKIP	CM-QUANT-ONLY		dequantize_per_tensor,quantize_per_tensor	False	
w10:755	native_group_norm	SKIP	CM-QUANT-ONLY		dequantize_per_tensor,quantize_per_tensor	False	
w110:775	bitwise_left_shift.Tensor_out	MISMATCH	CM-QUANT-ONLY		dequantize_per_tensor,quantize_per_tensor	False	
w112:177	bitwise_right_shift.Tensor_Scalar	MISMATCH	NO-CM			False	
w112:95	linear	CRASH	NO-CM			False	
w113:675	max_pool2d_with_indices_backward.grad_input	MISMATCH	CM-QUANT-ONLY		dequantize_per_tensor,quantize_per_tensor	False	
w114:513	scatter_add.out	SKIP	CM-QUANT-ONLY		dequantize_per_tensor,quantize_per_tensor	True	
w115:350	remainder.Scalar	MISMATCH	NO-CM			False	
w116:237	full.out	SKIP	CM-QUANT-ONLY		dequantize_per_tensor	False	
w117:176	arange.start_out	SKIP	CM-QUANT-ONLY		dequantize_per_tensor	False	
w117:87	ones.out	SKIP	CM-QUANT-ONLY		dequantize_per_tensor	False	
w118:87	remainder.Tensor_out	MISMATCH	NO-CM			False	
w119:654	scatter_add.out	SKIP	CM-QUANT-ONLY		dequantize_per_tensor,quantize_per_tensor	True	
w11:606	zeros.out	SKIP	NO-CM			False	
w120:595	full.out	SKIP	CM-QUANT-ONLY		dequantize_per_tensor	False	
w121:534	pixel_unshuffle	SKIP	CM-COMPUTE	transpose	dequantize_per_tensor,quantize_per_tensor,transpose	False	
w122:393	native_group_norm	SKIP	CM-QUANT-ONLY		dequantize_per_tensor,quantize_per_tensor	False	
w123:364	zeros.out	SKIP	CM-QUANT-ONLY		dequantize_per_tensor	False	
w124:405	stack	SKIP	CM-QUANT-ONLY		dequantize_per_tensor,quantize_per_tensor	False	
w125:291	fill.Scalar	MISMATCH	CM-QUANT-ONLY		dequantize_per_tensor,quantize_per_tensor	True	
w126:272	copy	SKIP	CM-QUANT-ONLY		dequantize_per_tensor,quantize_per_tensor	True	
w127:251	arange.start_out	SKIP	NO-CM			False	
w12:293	arange.out	SKIP	NO-CM			False	
w13:142	remainder.Tensor_out	MISMATCH	CM-QUANT-ONLY		dequantize_per_tensor,quantize_per_tensor	False	
w14:187	max.dim_max	SKIP	NO-CM			False	
w14:772	gather.out	SKIP	CM-QUANT-ONLY		dequantize_per_tensor,quantize_per_tensor	False	
w15:756	where.self	SKIP	CM-QUANT-ONLY		dequantize_per_tensor,quantize_per_tensor	False	
w16:651	minimum.out	SKIP	CM-COMPUTE	minimum	minimum	False	
w17:491	_fft_r2c	TIMEOUT	CM-QUANT-ONLY		dequantize_per_tensor,quantize_per_tensor	False	
w18:495	ones.out	SKIP	NO-CM			False	
w19:422	stack	SKIP	NO-CM			False	
w1:345	_pdist_forward	SKIP	NO-CM			False	
w20:45	pixel_unshuffle	SKIP	CM-COMPUTE	transpose	dequantize_per_tensor,quantize_per_tensor,transpose	False	
w21:444	topk.values	SKIP	NO-CM			False	
w22:351	_fft_r2c	TIMEOUT	CM-QUANT-ONLY		dequantize_per_tensor,quantize_per_tensor	True	
w23:295	pixel_unshuffle	SKIP	CM-COMPUTE	transpose	dequantize_per_tensor,quantize_per_tensor,transpose	False	
w24:319	remainder.Scalar_out	MISMATCH	CM-QUANT-ONLY		dequantize_per_tensor,quantize_per_tensor	False	
w25:216	pixel_shuffle	SKIP	CM-COMPUTE	transpose	transpose	False	
w26:144	bitwise_left_shift.Tensor_out	MISMATCH	NO-CM			False	
w26:751	scatter_add.out	SKIP	CM-QUANT-ONLY		dequantize_per_tensor,quantize_per_tensor	True	
w27:600	bitwise_right_shift.Tensor_Scalar	MISMATCH	NO-CM			False	
w28:462	ones.out	SKIP	CM-QUANT-ONLY		dequantize_per_tensor	False	
w29:423	bitwise_right_shift.Tensor_out	MISMATCH	NO-CM			False	
w2:385	arange.start_out	SKIP	CM-QUANT-ONLY		dequantize_per_tensor	False	
w30:346	pixel_shuffle	SKIP	CM-COMPUTE	transpose	dequantize_per_tensor,quantize_per_tensor,transpose	False	
w31:232	_fft_r2c	TIMEOUT	CM-QUANT-ONLY		dequantize_per_tensor,quantize_per_tensor	False	
w32:239	copy	SKIP	CM-QUANT-ONLY		dequantize_per_tensor,quantize_per_tensor	True	
w33:111	expand_copy	SKIP	NO-CM			False	
w33:69	linear.out	CRASH	CM-QUANT-ONLY		dequantize_per_tensor,quantize_per_tensor	False	
w34:649	pixel_unshuffle	SKIP	CM-COMPUTE	transpose	dequantize_per_tensor,quantize_per_tensor,transpose	False	
w35:579	arange.start_out	SKIP	NO-CM			False	
w36:460	arange.out	SKIP	NO-CM			False	
w37:514	linear.out	CRASH	NO-CM			False	
w38:445	arange.out	SKIP	CM-QUANT-ONLY		dequantize_per_tensor	False	
w39:408	stack	SKIP	NO-CM			False	
w3:317	zeros.out	SKIP	CM-QUANT-ONLY		dequantize_per_tensor	False	
w40:341	zeros.out	SKIP	NO-CM			False	
w41:4	ones.out	SKIP	CM-QUANT-ONLY		dequantize_per_tensor	False	
w42:340	native_group_norm	SKIP	CM-QUANT-ONLY		dequantize_per_tensor,quantize_per_tensor	False	
w43:169	pixel_unshuffle	SKIP	CM-COMPUTE	transpose	dequantize_per_tensor,quantize_per_tensor,transpose	False	
w44:209	ones.out	SKIP	CM-QUANT-ONLY		dequantize_per_tensor	False	
w45:286	pixel_shuffle	SKIP	CM-COMPUTE	transpose	dequantize_per_tensor,quantize_per_tensor,transpose	False	
w46:432	pixel_shuffle	SKIP	CM-COMPUTE	transpose	dequantize_per_tensor,quantize_per_tensor,transpose	False	
w47:353	expand_copy	SKIP	CM-QUANT-ONLY		dequantize_per_tensor,quantize_per_tensor	False	
w48:231	bitwise_right_shift.Tensor_out	MISMATCH	NO-CM			False	
w49:167	stack	SKIP	NO-CM			False	
w49:753	pixel_shuffle	SKIP	CM-COMPUTE	transpose	dequantize_per_tensor,quantize_per_tensor,transpose	False	
w4:641	native_group_norm	SKIP	CM-QUANT-ONLY		dequantize_per_tensor,quantize_per_tensor	False	
w50:581	where.self	SKIP	CM-QUANT-ONLY		dequantize_per_tensor,quantize_per_tensor	False	
w51:70	_pdist_forward	SKIP	CM-QUANT-ONLY		dequantize_per_tensor,quantize_per_tensor	False	
w52:566	bitwise_left_shift.Tensor_out	MISMATCH	CM-QUANT-ONLY		dequantize_per_tensor,quantize_per_tensor	False	
w53:443	ones.out	SKIP	NO-CM			False	
w54:337	_fft_r2c	TIMEOUT	CM-QUANT-ONLY		dequantize_per_tensor,quantize_per_tensor	False	
w55:300	transpose_copy.int	SKIP	CM-COMPUTE	transpose	dequantize_per_tensor,quantize_per_tensor,transpose	False	
w56:353	pixel_unshuffle	SKIP	CM-COMPUTE	transpose	dequantize_per_tensor,quantize_per_tensor,transpose	False	
w57:43	_fft_r2c	TIMEOUT	CM-QUANT-ONLY		dequantize_per_tensor,quantize_per_tensor	False	
w58:338	max_pool2d_with_indices_backward.grad_input	MISMATCH	CM-QUANT-ONLY		dequantize_per_tensor,quantize_per_tensor	False	
w59:272	_pdist_forward	SKIP	CM-QUANT-ONLY		dequantize_per_tensor,quantize_per_tensor	False	
w5:177	copy	SKIP	NO-CM			False	
w60:169	pixel_unshuffle	SKIP	CM-COMPUTE	transpose	dequantize_per_tensor,quantize_per_tensor,transpose	False	
w61:18	arange.out	SKIP	NO-CM			False	
w61:82	full.out	SKIP	CM-QUANT-ONLY		dequantize_per_tensor	False	
w62:780	arange.out	SKIP	CM-QUANT-ONLY		dequantize_per_tensor	False	
w63:80	native_group_norm	SKIP	CM-QUANT-ONLY		dequantize_per_tensor,quantize_per_tensor	False	
w65:112	pixel_unshuffle	SKIP	CM-COMPUTE	transpose	dequantize_per_tensor,quantize_per_tensor,transpose	False	
w65:753	full.out	SKIP	CM-QUANT-ONLY		dequantize_per_tensor	False	
w66:600	stack	SKIP	NO-CM			False	
w67:564	pixel_shuffle	SKIP	CM-COMPUTE	transpose	dequantize_per_tensor,quantize_per_tensor,transpose	False	
w68:457	remainder.Scalar	MISMATCH	NO-CM			False	
w69:359	_fft_r2c	TIMEOUT	CM-QUANT-ONLY		dequantize_per_tensor,quantize_per_tensor	False	
w6:310	zeros.out	SKIP	NO-CM			False	
w70:206	_fft_r2c	TIMEOUT	CM-QUANT-ONLY		dequantize_per_tensor,quantize_per_tensor	False	
w71:108	zeros.out	SKIP	CM-QUANT-ONLY		dequantize_per_tensor	False	
w71:98	stack	SKIP	NO-CM			False	
w72:743	copy	SKIP	CM-QUANT-ONLY		dequantize_per_tensor,quantize_per_tensor	False	
w73:685	ones.out	SKIP	CM-QUANT-ONLY		dequantize_per_tensor	False	
w74:604	where.self	MISMATCH	CM-QUANT-ONLY		dequantize_per_tensor,quantize_per_tensor	True	
w75:604	expand_copy	SKIP	NO-CM			False	
w76:500	arange.out	SKIP	CM-QUANT-ONLY		dequantize_per_tensor	False	
w77:483	stack	SKIP	NO-CM			False	
w78:432	pixel_unshuffle	SKIP	CM-COMPUTE	transpose	dequantize_per_tensor,quantize_per_tensor,transpose	False	
w79:367	full.out	SKIP	CM-QUANT-ONLY		dequantize_per_tensor	False	
w7:211	index_put	MISMATCH	CM-QUANT-ONLY		dequantize_per_tensor,quantize_per_tensor	True	
w80:193	remainder.Scalar	MISMATCH	NO-CM			False	
w81:121	pixel_unshuffle	SKIP	CM-COMPUTE	transpose	dequantize_per_tensor,quantize_per_tensor,transpose	False	
w82:251	stack	SKIP	NO-CM			False	
w83:217	stack	SKIP	NO-CM			False	
w84:18	arange.start_out	SKIP	CM-QUANT-ONLY		dequantize_per_tensor	False	
w85:200	linear	CRASH	NO-CM			False	
w86:203	native_group_norm	SKIP	CM-QUANT-ONLY		dequantize_per_tensor,quantize_per_tensor	False	
w87:102	pixel_shuffle	SKIP	CM-COMPUTE	transpose	dequantize_per_tensor,quantize_per_tensor,transpose	False	
w87:774	_pdist_forward	SKIP	NO-CM			False	
w88:631	bitwise_right_shift.Tensor_out	MISMATCH	NO-CM			False	
w89:689	_pdist_forward	SKIP	CM-QUANT-ONLY		dequantize_per_tensor,quantize_per_tensor	False	
w8:586	ones.out	SKIP	NO-CM			False	
w90:578	fill.Scalar	MISMATCH	CM-QUANT-ONLY		dequantize_per_tensor,quantize_per_tensor	False	
w91:638	_fft_r2c	TIMEOUT	CM-QUANT-ONLY		dequantize_per_tensor,quantize_per_tensor	False	
w92:562	fill.Scalar	MISMATCH	CM-QUANT-ONLY		dequantize_per_tensor,quantize_per_tensor	False	
w93:498	pixel_shuffle	SKIP	CM-COMPUTE	transpose	dequantize_per_tensor,quantize_per_tensor,transpose	False	
w94:449	remainder.Tensor_out	MISMATCH	CM-QUANT-ONLY		dequantize_per_tensor,quantize_per_tensor	False	
w95:361	stack	SKIP	NO-CM			False	
w96:29	bitwise_right_shift.Tensor_Scalar	MISMATCH	NO-CM			False	
w97:237	arange.start_out	SKIP	NO-CM			False	
w98:254	_fft_r2c	TIMEOUT	CM-QUANT-ONLY		dequantize_per_tensor,quantize_per_tensor	False	
w99:18	pixel_unshuffle	SKIP	CM-COMPUTE	transpose	dequantize_per_tensor,quantize_per_tensor,transpose	False	
w99:8	_fft_r2c	TIMEOUT	CM-QUANT-ONLY		dequantize_per_tensor,quantize_per_tensor	False	
w9:724	where.self	SKIP	CM-QUANT-ONLY		dequantize_per_tensor,quantize_per_tensor	False	
w0:478	index_put	MISMATCH	CM-QUANT-ONLY		dequantize_per_tensor,quantize_per_tensor	True	
w100:434	arange.start_out	SKIP	CM-QUANT-ONLY		dequantize_per_tensor	False	
w101:438	_pdist_forward	SKIP	CM-QUANT-ONLY		dequantize_per_tensor,quantize_per_tensor	True	
w102:300	zeros.out	SKIP	CM-QUANT-ONLY		dequantize_per_tensor	False	
w103:175	ones.out	SKIP	CM-QUANT-ONLY		dequantize_per_tensor	False	
w104:313	max_pool2d_with_indices_backward.grad_input	MISMATCH	CM-QUANT-ONLY		dequantize_per_tensor,quantize_per_tensor	False	
w105:177	linear	CRASH	NO-CM			False	
w106:270	min.dim_min	SKIP	NO-CM			False	
w107:174	expand_copy	SKIP	NO-CM			False	
w107:75	_pdist_forward	SKIP	CM-QUANT-ONLY		dequantize_per_tensor,quantize_per_tensor	True	
w108:743	where.self	SKIP	CM-QUANT-ONLY		dequantize_per_tensor,quantize_per_tensor	True	
w109:776	zeros.out	SKIP	CM-QUANT-ONLY		dequantize_per_tensor	False	
w10:758	minimum.out	SKIP	CM-COMPUTE	minimum	minimum	False	
w110:96	index_put	MISMATCH	CM-QUANT-ONLY		dequantize_per_tensor,quantize_per_tensor	False	
w112:194	full.out	SKIP	CM-QUANT-ONLY		dequantize_per_tensor	False	
w112:97	zeros.out	SKIP	CM-QUANT-ONLY		dequantize_per_tensor	False	
w113:683	_fft_r2c	TIMEOUT	CM-QUANT-ONLY		dequantize_per_tensor,quantize_per_tensor	False	
w114:590	bitwise_left_shift.Tensor_out	MISMATCH	NO-CM			False	
w115:363	bitwise_right_shift.Tensor_Scalar_out	MISMATCH	NO-CM			False	
w116:260	pixel_shuffle	SKIP	CM-COMPUTE	transpose	dequantize_per_tensor,quantize_per_tensor,transpose	False	
w117:19	copy	SKIP	CM-QUANT-ONLY		dequantize_per_tensor,quantize_per_tensor	True	
w118:104	arange.out	SKIP	NO-CM			False	
w118:99	_pdist_forward	SKIP	NO-CM			False	
w119:658	bitwise_right_shift.Tensor_Scalar_out	MISMATCH	NO-CM			False	
w11:607	min.dim_min	SKIP	NO-CM			False	
w120:644	arange.start_out	SKIP	CM-QUANT-ONLY		dequantize_per_tensor	False	
w121:548	bitwise_right_shift.Tensor_Scalar	MISMATCH	NO-CM			False	
w122:42	max_pool2d_with_indices_backward.grad_input	MISMATCH	CM-QUANT-ONLY		dequantize_per_tensor,quantize_per_tensor	False	
w123:389	native_group_norm	SKIP	CM-QUANT-ONLY		dequantize_per_tensor,quantize_per_tensor	False	
w124:413	linear	CRASH	NO-CM			False	
w125:326	full.out	SKIP	CM-QUANT-ONLY		dequantize_per_tensor	False	
w126:273	stack	SKIP	CM-QUANT-ONLY		dequantize_per_tensor,quantize_per_tensor	False	
w127:322	copy	SKIP	NO-CM			False	
w12:30	linear	CRASH	NO-CM			False	
w13:151	native_group_norm	SKIP	CM-QUANT-ONLY		dequantize_per_tensor,quantize_per_tensor	False	
w14:197	_pdist_forward	SKIP	CM-QUANT-ONLY		dequantize_per_tensor,quantize_per_tensor	False	
w14:781	permute_copy	MISMATCH	CM-COMPUTE	transpose	dequantize_per_tensor,quantize_per_tensor,transpose	False	
w15:770	bitwise_left_shift.Tensor_Scalar_out	MISMATCH	NO-CM			False	
w16:680	index_put	MISMATCH	CM-QUANT-ONLY		dequantize_per_tensor,quantize_per_tensor	True	
w17:515	bitwise_right_shift.Tensor_Scalar	MISMATCH	NO-CM			False	
w18:500	fill.Scalar	MISMATCH	CM-QUANT-ONLY		dequantize_per_tensor,quantize_per_tensor	False	
w19:432	zeros.out	SKIP	NO-CM			False	
w1:350	arange.out	SKIP	CM-QUANT-ONLY		dequantize_per_tensor	False	
w20:463	_pdist_forward	SKIP	NO-CM			False	
w21:446	copy	SKIP	CM-QUANT-ONLY		dequantize_per_tensor,quantize_per_tensor	True	
w22:352	ones.out	SKIP	CM-QUANT-ONLY		dequantize_per_tensor	False	
w23:309	bitwise_right_shift.Tensor_Scalar	MISMATCH	NO-CM			False	
w24:324	arange.start_out	SKIP	CM-QUANT-ONLY		dequantize_per_tensor	False	
w25:217	scatter_add.out	SKIP	CM-QUANT-ONLY		dequantize_per_tensor,quantize_per_tensor	True	
w26:145	div.out_mode	MISMATCH	CM-QUANT-ONLY		dequantize_per_tensor,quantize_per_tensor	False	
w26:757	expand_copy	SKIP	NO-CM			False	
w27:617	full.out	SKIP	CM-QUANT-ONLY		dequantize_per_tensor	False	
w28:467	fill.Scalar	MISMATCH	CM-QUANT-ONLY		dequantize_per_tensor,quantize_per_tensor	False	
w29:424	arange.out	SKIP	CM-QUANT-ONLY		dequantize_per_tensor	False	
w2:44	arange.out	SKIP	NO-CM			False	
w30:362	_fft_r2c	TIMEOUT	CM-QUANT-ONLY		dequantize_per_tensor,quantize_per_tensor	False	
w31:256	bitwise_right_shift.Tensor_Scalar	MISMATCH	NO-CM			False	
w32:240	stack	SKIP	NO-CM			False	
w33:130	arange.start_out	SKIP	NO-CM			False	
w33:696	_pdist_forward	SKIP	CM-QUANT-ONLY		dequantize_per_tensor,quantize_per_tensor	False	
w34:663	bitwise_right_shift.Tensor_Scalar	MISMATCH	NO-CM			False	
w35:614	where.self	MISMATCH	CM-QUANT-ONLY		dequantize_per_tensor,quantize_per_tensor	False	
w36:467	pixel_shuffle	SKIP	CM-COMPUTE	transpose	dequantize_per_tensor,quantize_per_tensor,transpose	False	
w37:53	bitwise_right_shift.Tensor_Scalar	MISMATCH	NO-CM			False	
w38:452	pixel_shuffle	SKIP	CM-COMPUTE	transpose	dequantize_per_tensor,quantize_per_tensor,transpose	False	
w39:418	zeros.out	SKIP	CM-QUANT-ONLY		dequantize_per_tensor	False	
w3:365	max_pool2d_with_indices_backward.grad_input	MISMATCH	CM-QUANT-ONLY		dequantize_per_tensor,quantize_per_tensor	False	
w40:366	native_group_norm	SKIP	CM-QUANT-ONLY		dequantize_per_tensor,quantize_per_tensor	False	
w41:403	zeros.out	SKIP	NO-CM			False	
w42:367	bitwise_left_shift.Tensor_out	MISMATCH	NO-CM			False	
w43:183	bitwise_right_shift.Tensor_Scalar	MISMATCH	NO-CM			False	
w44:21	full.out	SKIP	CM-QUANT-ONLY		dequantize_per_tensor	False	
w45:293	expand_copy	SKIP	CM-QUANT-ONLY		dequantize_per_tensor,quantize_per_tensor	False	
w46:440	max_pool2d_with_indices_backward.grad_input	MISMATCH	CM-QUANT-ONLY		dequantize_per_tensor,quantize_per_tensor	False	
w47:372	arange.start_out	SKIP	NO-CM			False	
w48:232	arange.out	SKIP	CM-QUANT-ONLY		dequantize_per_tensor	False	
w49:175	linear	CRASH	NO-CM			False	
w49:754	scatter_add.out	SKIP	CM-QUANT-ONLY		dequantize_per_tensor,quantize_per_tensor	True	
w4:651	where.self	SKIP	CM-QUANT-ONLY		dequantize_per_tensor,quantize_per_tensor	False	
w50:603	index_put	MISMATCH	CM-QUANT-ONLY		dequantize_per_tensor,quantize_per_tensor	True	
w51:715	copy	SKIP	CM-QUANT-ONLY		dequantize_per_tensor,quantize_per_tensor	False	
w52:571	index_put	MISMATCH	CM-QUANT-ONLY		dequantize_per_tensor,quantize_per_tensor	True	
w53:448	fill.Scalar	MISMATCH	CM-QUANT-ONLY		dequantize_per_tensor,quantize_per_tensor	True	
w54:338	ones.out	SKIP	NO-CM			False	
w55:314	expand_copy	SKIP	CM-QUANT-ONLY		dequantize_per_tensor,quantize_per_tensor	False	
w56:359	arange.start_out	SKIP	CM-QUANT-ONLY		dequantize_per_tensor	False	
w57:433	stack	SKIP	NO-CM			False	
w58:346	_fft_r2c	TIMEOUT	CM-QUANT-ONLY		dequantize_per_tensor,quantize_per_tensor	False	
w59:277	arange.out	SKIP	CM-QUANT-ONLY		dequantize_per_tensor	False	
w5:178	stack	SKIP	NO-CM			False	
w60:200	full.out	SKIP	CM-QUANT-ONLY		dequantize_per_tensor	False	
w61:188	index_put	MISMATCH	CM-QUANT-ONLY		dequantize_per_tensor,quantize_per_tensor	True	
w62:103	pixel_shuffle	SKIP	CM-COMPUTE	transpose	dequantize_per_tensor,quantize_per_tensor,transpose	True	
w62:88	native_group_norm	SKIP	CM-QUANT-ONLY		dequantize_per_tensor,quantize_per_tensor	False	
w64:106	_pdist_forward	SKIP	NO-CM			False	
w65:12	pixel_shuffle	SKIP	CM-COMPUTE	transpose	dequantize_per_tensor,quantize_per_tensor,transpose	False	
w65:92	pixel_shuffle	SKIP	CM-COMPUTE	transpose	dequantize_per_tensor,quantize_per_tensor,transpose	False	
w66:610	zeros.out	SKIP	CM-QUANT-ONLY		dequantize_per_tensor	False	
w67:572	max_pool2d_with_indices_backward.grad_input	MISMATCH	CM-QUANT-ONLY		dequantize_per_tensor,quantize_per_tensor	False	
w68:466	scatter_add.out	SKIP	NO-CM			False	
w69:360	ones.out	SKIP	NO-CM			False	
w6:358	max_pool2d_with_indices_backward.grad_input	MISMATCH	CM-QUANT-ONLY		dequantize_per_tensor,quantize_per_tensor	False	
w70:207	ones.out	SKIP	NO-CM			False	
w71:141	arange.out	SKIP	CM-QUANT-ONLY		dequantize_per_tensor	False	
w72:103	arange.out	SKIP	CM-QUANT-ONLY		dequantize_per_tensor	False	
w72:744	stack	SKIP	NO-CM			False	
w73:690	fill.Scalar	MISMATCH	CM-QUANT-ONLY		dequantize_per_tensor,quantize_per_tensor	False	
w74:622	div.out_mode	MISMATCH	CM-QUANT-ONLY		dequantize_per_tensor,quantize_per_tensor	False	
w75:617	pixel_unshuffle	SKIP	CM-COMPUTE	transpose	dequantize_per_tensor,quantize_per_tensor,transpose	False	
w76:51	pixel_shuffle	SKIP	CM-COMPUTE	transpose	dequantize_per_tensor,quantize_per_tensor,transpose	False	
w77:493	zeros.out	SKIP	NO-CM			False	
w78:438	arange.start_out	SKIP	CM-QUANT-ONLY		dequantize_per_tensor	False	
w79:391	scatter_add.out	SKIP	CM-QUANT-ONLY		dequantize_per_tensor,quantize_per_tensor	True	
w7:223	topk.values	SKIP	NO-CM			False	
w80:200	bitwise_left_shift.Tensor_Scalar	MISMATCH	NO-CM			False	
w81:175	pixel_shuffle	SKIP	CM-COMPUTE	transpose	dequantize_per_tensor,quantize_per_tensor,transpose	False	
w82:261	zeros.out	SKIP	NO-CM			False	
w83:243	remainder.Tensor_out	MISMATCH	NO-CM			False	
w84:185	linear.out	CRASH	CM-QUANT-ONLY		dequantize_per_tensor,quantize_per_tensor	False	
w85:202	zeros.out	SKIP	CM-QUANT-ONLY		dequantize_per_tensor	False	
w86:206	minimum.out	SKIP	CM-COMPUTE	minimum	minimum	False	
w87:118	_fft_r2c	TIMEOUT	CM-QUANT-ONLY		dequantize_per_tensor,quantize_per_tensor	False	
w87:78	remainder.Tensor_out	MISMATCH	NO-CM			False	
w88:632	arange.out	SKIP	NO-CM			False	
w89:694	arange.out	SKIP	CM-QUANT-ONLY		dequantize_per_tensor	False	
w8:595	pixel_unshuffle	SKIP	CM-COMPUTE	transpose	dequantize_per_tensor,quantize_per_tensor,transpose	False	
w90:58	linear	CRASH	NO-CM			False	
w91:639	ones.out	SKIP	NO-CM			False	
w92:61	fmod.Scalar	MISMATCH	NO-CM			False	
w93:524	arange.start_out	SKIP	NO-CM			False	
w94:450	fmod.Scalar	MISMATCH	NO-CM			False	
w95:369	linear	CRASH	NO-CM			False	
w96:304	expand_copy	SKIP	NO-CM			False	
w97:289	bitwise_left_shift.Tensor_out	MISMATCH	CM-QUANT-ONLY		dequantize_per_tensor,quantize_per_tensor	False	
w98:255	ones.out	SKIP	NO-CM			False	
w99:180	zeros.out	SKIP	NO-CM			False	
w99:92	pixel_unshuffle	SKIP	CM-COMPUTE	transpose	dequantize_per_tensor,quantize_per_tensor,transpose	False	
w9:761	stack	SKIP	NO-CM			False	
w0:485	scatter.src_out	SKIP	CM-QUANT-ONLY		dequantize_per_tensor,quantize_per_tensor	True	
w100:459	native_group_norm	SKIP	CM-QUANT-ONLY		dequantize_per_tensor,quantize_per_tensor	False	
w101:443	arange.out	SKIP	NO-CM			False	
w102:340	pixel_shuffle	SKIP	CM-COMPUTE	transpose	dequantize_per_tensor,quantize_per_tensor,transpose	False	
w103:180	fill.Scalar	MISMATCH	CM-QUANT-ONLY		dequantize_per_tensor,quantize_per_tensor	False	
w104:321	_fft_r2c	TIMEOUT	CM-QUANT-ONLY		dequantize_per_tensor,quantize_per_tensor	False	
w105:179	zeros.out	SKIP	NO-CM			False	
w106:287	max.dim_max	SKIP	NO-CM			False	
w107:193	arange.start_out	SKIP	CM-QUANT-ONLY		dequantize_per_tensor	False	
w107:756	native_group_norm	SKIP	CM-QUANT-ONLY		dequantize_per_tensor,quantize_per_tensor	False	
w108:748	mul.out	MISMATCH	CM-QUANT-ONLY		dequantize_per_tensor,quantize_per_tensor	True	
w109:82	stack	SKIP	CM-QUANT-ONLY		dequantize_per_tensor	False	
w10:81	where.self	SKIP	CM-QUANT-ONLY		dequantize_per_tensor,quantize_per_tensor	False	
w111:108	fmod.Scalar	MISMATCH	NO-CM			False	
w112:216	bitwise_left_shift.Tensor_Scalar	MISMATCH	NO-CM			False	
w113:0	ones.out	SKIP	CM-QUANT-ONLY		dequantize_per_tensor	False	
w113:684	ones.out	SKIP	NO-CM			False	
w114:595	index_put	MISMATCH	CM-QUANT-ONLY		dequantize_per_tensor,quantize_per_tensor	True	
w115:38	_pdist_forward	SKIP	NO-CM			False	
w116:267	expand_copy	SKIP	CM-QUANT-ONLY		dequantize_per_tensor,quantize_per_tensor	False	
w117:20	stack	SKIP	NO-CM			False	
w118:127	_fft_r2c	TIMEOUT	CM-QUANT-ONLY		dequantize_per_tensor,quantize_per_tensor	False	
w119:102	native_group_norm	SKIP	CM-QUANT-ONLY		dequantize_per_tensor,quantize_per_tensor	False	
w119:66	copy	SKIP	NO-CM			False	
w11:62	pixel_unshuffle	SKIP	CM-COMPUTE	transpose	dequantize_per_tensor,quantize_per_tensor,transpose	False	
w120:650	scatter.value_out	SKIP	CM-QUANT-ONLY		dequantize_per_tensor,quantize_per_tensor	True	
w121:553	linear.out	CRASH	CM-QUANT-ONLY		dequantize_per_tensor,quantize_per_tensor	False	
w122:420	bitwise_left_shift.Tensor_out	MISMATCH	CM-QUANT-ONLY		dequantize_per_tensor,quantize_per_tensor	False	
w123:392	_pdist_forward	SKIP	NO-CM			False	
w124:432	fmod.Scalar	MISMATCH	NO-CM			False	
w125:349	pixel_shuffle	SKIP	CM-COMPUTE	transpose	dequantize_per_tensor,quantize_per_tensor,transpose	False	
w126:281	linear	CRASH	NO-CM			False	
w127:323	stack	SKIP	NO-CM			False	
w12:316	_fft_r2c	TIMEOUT	CM-QUANT-ONLY		dequantize_per_tensor,quantize_per_tensor	False	
w13:154	_pdist_forward	SKIP	CM-QUANT-ONLY		dequantize_per_tensor,quantize_per_tensor	True	
w14:202	arange.out	SKIP	NO-CM			False	
w14:87	arange.start_out	SKIP	CM-QUANT-ONLY		dequantize_per_tensor	False	
w15:89	bitwise_left_shift.Tensor_out	MISMATCH	CM-QUANT-ONLY		dequantize_per_tensor,quantize_per_tensor	False	
w16:69	max_pool2d_with_indices_backward.grad_input	MISMATCH	CM-QUANT-ONLY		dequantize_per_tensor,quantize_per_tensor	False	
w17:555	pixel_shuffle	SKIP	CM-COMPUTE	transpose	dequantize_per_tensor,quantize_per_tensor,transpose	False	
w18:559	scatter_add.out	SKIP	CM-QUANT-ONLY		dequantize_per_tensor,quantize_per_tensor	True	
w19:460	_pdist_forward	SKIP	NO-CM			False	
w1:373	_fft_r2c	CRASH	CM-QUANT-ONLY		dequantize_per_tensor,quantize_per_tensor	False	
w20:467	bitwise_right_shift.Tensor_out	MISMATCH	NO-CM			False	
w21:447	stack	SKIP	NO-CM			False	
w22:361	pixel_unshuffle	SKIP	CM-COMPUTE	transpose	dequantize_per_tensor,quantize_per_tensor,transpose	False	
w23:314	linear.out	CRASH	NO-CM			False	
w24:35	linear.out	CRASH	CM-QUANT-ONLY		dequantize_per_tensor,quantize_per_tensor	False	
w25:236	pixel_unshuffle	SKIP	CM-COMPUTE	transpose	dequantize_per_tensor,quantize_per_tensor,transpose	False	
w26:149	index_put	MISMATCH	CM-QUANT-ONLY		dequantize_per_tensor,quantize_per_tensor	True	
w26:770	pixel_unshuffle	SKIP	CM-COMPUTE	transpose	dequantize_per_tensor,quantize_per_tensor,transpose	False	
w27:62	linear	CRASH	NO-CM			False	
w28:5	_fft_r2c	TIMEOUT	CM-QUANT-ONLY		dequantize_per_tensor,quantize_per_tensor	False	
w29:447	_fft_r2c	TIMEOUT	CM-QUANT-ONLY		dequantize_per_tensor,quantize_per_tensor	False	
w2:456	copy	SKIP	CM-QUANT-ONLY		dequantize_per_tensor,quantize_per_tensor	False	
w30:363	ones.out	SKIP	CM-QUANT-ONLY		dequantize_per_tensor	False	
w31:262	unbind_copy.int	MISMATCH	CM-QUANT-ONLY		dequantize_per_tensor,quantize_per_tensor	True	
w32:275	native_group_norm	SKIP	CM-QUANT-ONLY		dequantize_per_tensor,quantize_per_tensor	False	
w33:155	native_group_norm	SKIP	CM-QUANT-ONLY		dequantize_per_tensor,quantize_per_tensor	False	
w33:724	_fft_r2c	TIMEOUT	CM-QUANT-ONLY		dequantize_per_tensor,quantize_per_tensor	False	
w34:664	floor_divide.out	MISMATCH	CM-QUANT-ONLY		dequantize_per_tensor,quantize_per_tensor	False	
w35:628	bitwise_left_shift.Tensor_Scalar_out	MISMATCH	NO-CM			False	
w36:475	max_pool2d_with_indices_backward.grad_input	MISMATCH	CM-QUANT-ONLY		dequantize_per_tensor,quantize_per_tensor	False	
w37:549	pixel_shuffle	SKIP	CM-COMPUTE	transpose	dequantize_per_tensor,quantize_per_tensor,transpose	False	
w38:468	_fft_r2c	TIMEOUT	CM-QUANT-ONLY		dequantize_per_tensor,quantize_per_tensor	True	
w39:443	native_group_norm	SKIP	CM-QUANT-ONLY		dequantize_per_tensor,quantize_per_tensor	False	
w3:373	_fft_r2c	TIMEOUT	CM-QUANT-ONLY		dequantize_per_tensor,quantize_per_tensor	False	
w40:374	arange.out	SKIP	NO-CM			False	
w41:419	remainder.Tensor_out	MISMATCH	CM-QUANT-ONLY		dequantize_per_tensor,quantize_per_tensor	False	
w42:372	index_put	MISMATCH	CM-QUANT-ONLY		dequantize_per_tensor,quantize_per_tensor	True	
w43:2	expand_copy	SKIP	NO-CM			False	
w44:218	pixel_unshuffle	SKIP	CM-COMPUTE	transpose	dequantize_per_tensor,quantize_per_tensor,transpose	False	
w45:306	pixel_unshuffle	SKIP	CM-COMPUTE	transpose	dequantize_per_tensor,quantize_per_tensor,transpose	False	
w46:448	_fft_r2c	TIMEOUT	CM-QUANT-ONLY		dequantize_per_tensor,quantize_per_tensor	False	
w47:38	pixel_shuffle	SKIP	CM-COMPUTE	transpose	dequantize_per_tensor,quantize_per_tensor,transpose	False	
w48:255	_fft_r2c	TIMEOUT	CM-QUANT-ONLY		dequantize_per_tensor,quantize_per_tensor	True	
w49:177	zeros.out	SKIP	CM-QUANT-ONLY		dequantize_per_tensor	False	
w49:779	arange.start_out	SKIP	CM-QUANT-ONLY		dequantize_per_tensor	False	
w4:673	index_put	MISMATCH	CM-QUANT-ONLY		dequantize_per_tensor,quantize_per_tensor	True	
w50:617	copy	SKIP	CM-QUANT-ONLY		dequantize_per_tensor,quantize_per_tensor	True	
w51:724	linear	CRASH	NO-CM			False	
w52:58	arange.start_out	SKIP	CM-QUANT-ONLY		dequantize_per_tensor	False	
w53:452	pixel_unshuffle	SKIP	CM-COMPUTE	transpose	dequantize_per_tensor,quantize_per_tensor,transpose	False	
w54:361	bitwise_right_shift.Tensor_Scalar	MISMATCH	NO-CM			False	
w55:333	arange.start_out	SKIP	CM-QUANT-ONLY		dequantize_per_tensor	False	
w56:41	_fft_r2c	TIMEOUT	CM-QUANT-ONLY		dequantize_per_tensor,quantize_per_tensor	False	
w57:44	ones.out	SKIP	CM-QUANT-ONLY		dequantize_per_tensor	False	
w58:356	pixel_unshuffle	SKIP	CM-COMPUTE	transpose	dequantize_per_tensor,quantize_per_tensor,transpose	False	
w59:292	max_pool2d_with_indices_backward.grad_input	MISMATCH	CM-QUANT-ONLY		dequantize_per_tensor,quantize_per_tensor	True	
w5:186	linear	CRASH	NO-CM			False	
w60:21	arange.start_out	SKIP	NO-CM			False	
w61:200	topk.values	SKIP	NO-CM			False	
w62:119	_fft_r2c	TIMEOUT	CM-QUANT-ONLY		dequantize_per_tensor,quantize_per_tensor	False	
w62:91	_pdist_forward	SKIP	CM-QUANT-ONLY		dequantize_per_tensor,quantize_per_tensor	False	
w64:118	pixel_shuffle	SKIP	CM-COMPUTE	transpose	dequantize_per_tensor,quantize_per_tensor,transpose	False	
w65:190	stack	SKIP	NO-CM			False	
w66:11	linear.out	CRASH	NO-CM			False	
w66:611	min.dim_min	SKIP	NO-CM			False	
w67:58	stack	SKIP	CM-QUANT-ONLY		dequantize_per_tensor	False	
w68:472	expand_copy	SKIP	CM-QUANT-ONLY		dequantize_per_tensor,quantize_per_tensor	True	
w69:365	fill.Scalar	MISMATCH	CM-QUANT-ONLY		dequantize_per_tensor,quantize_per_tensor	False	
w6:366	_fft_r2c	TIMEOUT	CM-QUANT-ONLY		dequantize_per_tensor,quantize_per_tensor	False	
w70:212	fill.Scalar	MISMATCH	CM-QUANT-ONLY		dequantize_per_tensor,quantize_per_tensor	False	
w71:148	pixel_shuffle	SKIP	CM-COMPUTE	transpose	dequantize_per_tensor,quantize_per_tensor,transpose	False	
w72:126	_fft_r2c	TIMEOUT	CM-QUANT-ONLY		dequantize_per_tensor,quantize_per_tensor	False	
w72:754	zeros.out	SKIP	NO-CM			False	
w73:71	expand_copy	SKIP	CM-QUANT-ONLY		dequantize_per_tensor,quantize_per_tensor	True	
w74:64	full.out	SKIP	CM-QUANT-ONLY		dequantize_per_tensor	False	
w75:623	arange.start_out	SKIP	CM-QUANT-ONLY		dequantize_per_tensor	False	
w76:523	_fft_r2c	TIMEOUT	CM-QUANT-ONLY		dequantize_per_tensor,quantize_per_tensor	True	
w77:494	min.dim_min	SKIP	NO-CM			False	
w78:463	native_group_norm	SKIP	CM-QUANT-ONLY		dequantize_per_tensor,quantize_per_tensor	False	
w79:397	expand_copy	SKIP	CM-QUANT-ONLY		dequantize_per_tensor,quantize_per_tensor	False	
w7:226	stack	SKIP	CM-QUANT-ONLY		dequantize_per_tensor,quantize_per_tensor	False	
w80:227	arange.start_out	SKIP	CM-QUANT-ONLY		dequantize_per_tensor	False	
w81:182	expand_copy	SKIP	NO-CM			False	
w82:279	max.dim_max	SKIP	NO-CM			False	
w83:255	_pdist_forward	SKIP	CM-QUANT-ONLY		dequantize_per_tensor,quantize_per_tensor	False	
w84:197	full.out	SKIP	CM-QUANT-ONLY		dequantize_per_tensor	False	
w85:218	remainder.Tensor_out	MISMATCH	NO-CM			False	
w86:21	copy	SKIP	CM-QUANT-ONLY		dequantize_per_tensor,quantize_per_tensor	False	
w87:119	ones.out	SKIP	NO-CM			False	
w87:80	max.dim_max	SKIP	NO-CM			False	
w88:639	pixel_shuffle	SKIP	CM-COMPUTE	transpose	dequantize_per_tensor,quantize_per_tensor,transpose	False	
w89:701	pixel_shuffle	SKIP	CM-COMPUTE	transpose	dequantize_per_tensor,quantize_per_tensor,transpose	False	
w8:626	full.out	SKIP	NO-CM			False	
w90:596	bitwise_right_shift.Tensor_Scalar	MISMATCH	NO-CM			False	
w91:662	bitwise_right_shift.Tensor_Scalar	MISMATCH	NO-CM			False	
w92:612	remainder.Scalar	MISMATCH	NO-CM			False	
w93:530	scatter.value_out	SKIP	NO-CM			False	
w94:458	native_group_norm	SKIP	CM-QUANT-ONLY		dequantize_per_tensor,quantize_per_tensor	False	
w95:371	zeros.out	SKIP	NO-CM			False	
w96:317	pixel_unshuffle	SKIP	CM-COMPUTE	transpose	dequantize_per_tensor,quantize_per_tensor,transpose	False	
w97:3	pixel_unshuffle	SKIP	CM-COMPUTE	transpose	dequantize_per_tensor,quantize_per_tensor,transpose	False	
w98:26	_fft_r2c	TIMEOUT	CM-QUANT-ONLY		dequantize_per_tensor,quantize_per_tensor	False	
w99:181	min.dim_min	SKIP	NO-CM			False	
w99:98	arange.start_out	SKIP	CM-QUANT-ONLY		dequantize_per_tensor	False	
w9:77	stack	SKIP	NO-CM			False	
w0:490	topk.values	SKIP	NO-CM			False	
w100:50	stack	SKIP	NO-CM			False	
w101:466	_fft_r2c	CRASH	CM-QUANT-ONLY		dequantize_per_tensor,quantize_per_tensor	False	
w102:356	_fft_r2c	CRASH	CM-QUANT-ONLY		dequantize_per_tensor,quantize_per_tensor	False	
w103:198	bitwise_right_shift.Tensor_Scalar	MISMATCH	NO-CM			False	
w104:322	ones.out	SKIP	CM-QUANT-ONLY		dequantize_per_tensor	False	
w105:207	_pdist_forward	SKIP	NO-CM			False	
w106:297	_pdist_forward	SKIP	CM-QUANT-ONLY		dequantize_per_tensor,quantize_per_tensor	False	
w107:22	index_put	MISMATCH	CM-QUANT-ONLY		dequantize_per_tensor,quantize_per_tensor	True	
w107:759	_pdist_forward	SKIP	NO-CM			False	
w108:765	index_put	MISMATCH	CM-QUANT-ONLY		dequantize_per_tensor,quantize_per_tensor	True	
w10:118	stack	SKIP	CM-QUANT-ONLY		dequantize_per_tensor	False	
w110:111	stack	SKIP	CM-QUANT-ONLY		dequantize_per_tensor,quantize_per_tensor	False	
w111:123	bitwise_right_shift.Tensor_out	MISMATCH	NO-CM			False	
w112:217	pixel_shuffle	SKIP	CM-COMPUTE	transpose	dequantize_per_tensor,quantize_per_tensor,transpose	False	
w113:10	rsqrt.out	MISMATCH	CM-QUANT-ONLY		dequantize_per_tensor,quantize_per_tensor	False	
w113:70	expand_copy	SKIP	CM-QUANT-ONLY		dequantize_per_tensor,quantize_per_tensor	False	
w114:609	copy	SKIP	CM-QUANT-ONLY		dequantize_per_tensor,quantize_per_tensor	False	
w115:384	arange.start_out	SKIP	CM-QUANT-ONLY		dequantize_per_tensor	False	
w116:280	pixel_unshuffle	SKIP	CM-COMPUTE	transpose	dequantize_per_tensor,quantize_per_tensor,transpose	False	
w117:228	bitwise_left_shift.Tensor_out	MISMATCH	NO-CM			False	
w118:155	masked_scatter	MISMATCH	CM-QUANT-ONLY		dequantize_per_tensor,quantize_per_tensor	True	
w119:105	_pdist_forward	SKIP	CM-QUANT-ONLY		dequantize_per_tensor,quantize_per_tensor	False	
w119:67	stack	SKIP	NO-CM			False	
w11:622	remainder.Tensor_out	MISMATCH	NO-CM			False	
w120:697	div.out_mode	MISMATCH	CM-QUANT-ONLY		dequantize_per_tensor,quantize_per_tensor	False	
w121:565	full.out	SKIP	CM-QUANT-ONLY		dequantize_per_tensor	False	
w122:425	index_put	MISMATCH	CM-QUANT-ONLY		dequantize_per_tensor,quantize_per_tensor	True	
w123:396	bitwise_right_shift.Tensor_out	MISMATCH	NO-CM			False	
w124:44	linear.out	CRASH	CM-QUANT-ONLY		dequantize_per_tensor,quantize_per_tensor	False	
w125:350	scatter_add.out	SKIP	CM-QUANT-ONLY		dequantize_per_tensor,quantize_per_tensor	True	
w126:315	bitwise_right_shift.Tensor_out	MISMATCH	NO-CM			False	
w127:358	native_group_norm	SKIP	CM-QUANT-ONLY		dequantize_per_tensor,quantize_per_tensor	False	
w12:317	ones.out	SKIP	CM-QUANT-ONLY		dequantize_per_tensor	False	
w13:159	arange.out	SKIP	CM-QUANT-ONLY		dequantize_per_tensor	False	
w14:225	_fft_r2c	TIMEOUT	CM-QUANT-ONLY		dequantize_per_tensor,quantize_per_tensor	False	
w14:97	permute_copy	SKIP	CM-COMPUTE	transpose	dequantize_per_tensor,quantize_per_tensor,transpose	False	
w15:94	index_put	MISMATCH	CM-QUANT-ONLY		dequantize_per_tensor,quantize_per_tensor	True	
w16:692	topk.values	SKIP	NO-CM			False	
w17:581	arange.start_out	SKIP	CM-QUANT-ONLY		dequantize_per_tensor	False	
w18:563	bitwise_right_shift.Tensor_Scalar_out	MISMATCH	NO-CM			False	
w19:488	_fft_r2c	TIMEOUT	CM-QUANT-ONLY		dequantize_per_tensor,quantize_per_tensor	False	
w1:374	ones.out	SKIP	NO-CM			False	
w20:468	arange.out	SKIP	CM-QUANT-ONLY		dequantize_per_tensor	False	
w21:455	linear	CRASH	NO-CM			False	
w22:37	bitwise_left_shift.Tensor_out	MISMATCH	CM-QUANT-ONLY		dequantize_per_tensor,quantize_per_tensor	False	
w23:326	full.out	SKIP	CM-QUANT-ONLY		dequantize_per_tensor	False	
w24:376	bitwise_left_shift.Tensor_out	MISMATCH	NO-CM			False	
w25:242	arange.start_out	SKIP	NO-CM			False	
w26:156	scatter.src_out	SKIP	NO-CM			False	
w26:776	arange.start_out	SKIP	CM-QUANT-ONLY		dequantize_per_tensor	False	
w27:632	remainder.Scalar	MISMATCH	NO-CM			False	
w28:525	pixel_shuffle	SKIP	CM-COMPUTE	transpose	dequantize_per_tensor,quantize_per_tensor,transpose	False	
w29:448	ones.out	SKIP	CM-QUANT-ONLY		dequantize_per_tensor	False	
w2:457	stack	SKIP	NO-CM			False	
w30:372	pixel_unshuffle	SKIP	CM-COMPUTE	transpose	dequantize_per_tensor,quantize_per_tensor,transpose	False	
w31:273	full.out	SKIP	NO-CM			False	
w32:283	arange.out	SKIP	CM-QUANT-ONLY		dequantize_per_tensor	False	
w33:165	where.self	SKIP	CM-QUANT-ONLY		dequantize_per_tensor,quantize_per_tensor	False	
w33:725	ones.out	SKIP	NO-CM			False	
w34:680	full.out	SKIP	CM-QUANT-ONLY		dequantize_per_tensor	False	
w35:648	topk.values	SKIP	NO-CM			False	
w36:483	_fft_r2c	TIMEOUT	CM-QUANT-ONLY		dequantize_per_tensor,quantize_per_tensor	False	
w37:575	arange.start_out	SKIP	NO-CM			False	
w38:469	ones.out	SKIP	NO-CM			False	
w39:446	_pdist_forward	SKIP	NO-CM			False	
w3:374	ones.out	SKIP	NO-CM			False	
w40:381	pixel_shuffle	SKIP	CM-COMPUTE	transpose	dequantize_per_tensor,quantize_per_tensor,transpose	False	
w41:431	_pdist_forward	SKIP	CM-QUANT-ONLY		dequantize_per_tensor,quantize_per_tensor	True	
w42:38	full.out	SKIP	CM-QUANT-ONLY		dequantize_per_tensor	False	
w43:200	full.out	SKIP	CM-QUANT-ONLY		dequantize_per_tensor	False	
w44:249	full.out	SKIP	CM-QUANT-ONLY		dequantize_per_tensor	False	
w45:312	arange.start_out	SKIP	CM-QUANT-ONLY		dequantize_per_tensor	False	
w46:449	ones.out	SKIP	CM-QUANT-ONLY		dequantize_per_tensor	False	
w47:392	convolution	SKIP	CM-QUANT-ONLY		dequantize_per_tensor,quantize_per_tensor	False	
w48:256	ones.out	SKIP	CM-QUANT-ONLY		dequantize_per_tensor	False	
w49:193	remainder.Tensor_out	MISMATCH	NO-CM			False	
w49:90	remainder.Scalar_out	MISMATCH	CM-QUANT-ONLY		dequantize_per_tensor,quantize_per_tensor	False	
w4:688	stack	SKIP	CM-QUANT-ONLY		dequantize_per_tensor,quantize_per_tensor	False	
w50:618	stack	SKIP	CM-QUANT-ONLY		dequantize_per_tensor,quantize_per_tensor	False	
w51:726	zeros.out	SKIP	NO-CM			False	
w52:586	stack	SKIP	CM-QUANT-ONLY		dequantize_per_tensor	False	
w53:471	linear.out	CRASH	CM-QUANT-ONLY		dequantize_per_tensor,quantize_per_tensor	False	
w54:366	linear.out	CRASH	NO-CM			False	
w55:349	prod.int_out	MISMATCH	CM-QUANT-ONLY		dequantize_per_tensor,quantize_per_tensor	False	
w56:430	copy	SKIP	CM-QUANT-ONLY		dequantize_per_tensor,quantize_per_tensor	True	
w57:444	min.dim_min	SKIP	NO-CM			False	
w58:37	index_put	MISMATCH	CM-QUANT-ONLY		dequantize_per_tensor,quantize_per_tensor	True	
w59:300	_fft_r2c	TIMEOUT	CM-QUANT-ONLY		dequantize_per_tensor,quantize_per_tensor	False	
w5:213	native_group_norm	SKIP	CM-QUANT-ONLY		dequantize_per_tensor,quantize_per_tensor	False	
w60:243	pixel_unshuffle	SKIP	CM-COMPUTE	transpose	dequantize_per_tensor,quantize_per_tensor,transpose	False	
w61:203	stack	SKIP	NO-CM			False	
w62:129	pixel_unshuffle	SKIP	CM-COMPUTE	transpose	dequantize_per_tensor,quantize_per_tensor,transpose	False	
w62:95	bitwise_right_shift.Tensor_out	MISMATCH	NO-CM			False	
w64:126	max_pool2d_with_indices_backward.grad_input	MISMATCH	CM-QUANT-ONLY		dequantize_per_tensor,quantize_per_tensor	False	
w65:20	max_pool2d_with_indices_backward.grad_input	MISMATCH	CM-QUANT-ONLY		dequantize_per_tensor,quantize_per_tensor	False	
w66:124	bitwise_left_shift.Tensor_out	MISMATCH	CM-QUANT-ONLY		dequantize_per_tensor,quantize_per_tensor	False	
w66:626	remainder.Tensor_out	MISMATCH	NO-CM			False	
w67:580	_fft_r2c	TIMEOUT	CM-QUANT-ONLY		dequantize_per_tensor,quantize_per_tensor	False	
w68:491	arange.start_out	SKIP	NO-CM			False	
w69:369	pixel_unshuffle	SKIP	CM-COMPUTE	transpose	dequantize_per_tensor,quantize_per_tensor,transpose	False	
w6:367	ones.out	SKIP	CM-QUANT-ONLY		dequantize_per_tensor	False	
w70:216	pixel_unshuffle	SKIP	CM-COMPUTE	transpose	dequantize_per_tensor,quantize_per_tensor,transpose	False	
w71:156	max_pool2d_with_indices_backward.grad_input	MISMATCH	CM-QUANT-ONLY		dequantize_per_tensor,quantize_per_tensor	False	
w72:132	fill.Scalar	MISMATCH	CM-QUANT-ONLY		dequantize_per_tensor,quantize_per_tensor	False	
w72:95	native_group_norm	SKIP	CM-QUANT-ONLY		dequantize_per_tensor,quantize_per_tensor	False	
w73:713	linear.out	CRASH	NO-CM			False	
w74:640	copy	SKIP	CM-QUANT-ONLY		dequantize_per_tensor,quantize_per_tensor	True	
w75:675	bitwise_left_shift.Tensor_out	MISMATCH	CM-QUANT-ONLY		dequantize_per_tensor,quantize_per_tensor	False	
w76:524	ones.out	SKIP	NO-CM			False	
w77:518	native_group_norm	SKIP	CM-QUANT-ONLY		dequantize_per_tensor,quantize_per_tensor	False	
w78:487	bitwise_left_shift.Tensor_Scalar_out	MISMATCH	NO-CM			False	
w79:410	pixel_unshuffle	SKIP	CM-COMPUTE	transpose	dequantize_per_tensor,quantize_per_tensor,transpose	False	
w7:236	zeros.out	SKIP	NO-CM			False	
w80:233	scatter.value_out	SKIP	NO-CM			False	
w81:201	arange.start_out	SKIP	NO-CM			False	
w82:286	native_group_norm	SKIP	CM-QUANT-ONLY		dequantize_per_tensor,quantize_per_tensor	False	
w83:260	arange.out	SKIP	NO-CM			False	
w84:212	remainder.Scalar	MISMATCH	NO-CM			False	
w85:235	arange.out	SKIP	NO-CM			False	
w86:22	stack	SKIP	NO-CM			False	
w87:143	floor_divide.out	MISMATCH	CM-QUANT-ONLY		dequantize_per_tensor,quantize_per_tensor	False	
w87:90	_pdist_forward	SKIP	NO-CM			False	
w88:648	cumsum.out	SKIP	CM-QUANT-ONLY		dequantize_per_tensor,quantize_per_tensor	False	
w89:709	max_pool2d_with_indices_backward.grad_input	MISMATCH	CM-QUANT-ONLY		dequantize_per_tensor,quantize_per_tensor	False	
w8:63	stack	SKIP	CM-QUANT-ONLY		dequantize_per_tensor	False	
w90:6	minimum.out	SKIP	CM-COMPUTE	minimum	minimum	False	
w91:679	full.out	SKIP	NO-CM			False	
w92:620	pixel_shuffle	SKIP	CM-COMPUTE	transpose	dequantize_per_tensor,quantize_per_tensor,transpose	False	
w93:576	bitwise_left_shift.Tensor_out	MISMATCH	CM-QUANT-ONLY		dequantize_per_tensor,quantize_per_tensor	False	
w94:473	pixel_shuffle	SKIP	CM-COMPUTE	transpose	transpose	False	
w95:373	logit	MISMATCH	CM-QUANT-ONLY		dequantize_per_tensor,quantize_per_tensor	False	
w96:323	arange.start_out	SKIP	NO-CM			False	
w97:309	stack	SKIP	NO-CM			False	
w98:264	pixel_unshuffle	SKIP	CM-COMPUTE	transpose	dequantize_per_tensor,quantize_per_tensor,transpose	False	
w99:196	remainder.Tensor_out	MISMATCH	CM-QUANT-ONLY		dequantize_per_tensor,quantize_per_tensor	False	
w9:103	remainder.Tensor_out	MISMATCH	NO-CM			False	
w9:771	zeros.out	SKIP	CM-QUANT-ONLY		dequantize_per_tensor	False	
w0:493	stack	SKIP	NO-CM			False	
w100:506	stack	SKIP	NO-CM			False	
w101:467	ones.out	SKIP	CM-QUANT-ONLY		dequantize_per_tensor	False	
w102:366	pixel_unshuffle	SKIP	CM-COMPUTE	transpose	dequantize_per_tensor,quantize_per_tensor,transpose	False	
w103:215	full.out	SKIP	CM-QUANT-ONLY		dequantize_per_tensor	False	
w104:37	zeros.out	SKIP	NO-CM			False	
w105:212	arange.out	SKIP	NO-CM			False	
w106:30	copy	SKIP	CM-QUANT-ONLY		dequantize_per_tensor,quantize_per_tensor	False	
w107:228	where.self	SKIP	CM-QUANT-ONLY		dequantize_per_tensor,quantize_per_tensor	False	
w107:764	arange.out	SKIP	CM-QUANT-ONLY		dequantize_per_tensor	False	
w108:780	stack	SKIP	NO-CM			False	
w10:12	remainder.Scalar	MISMATCH	NO-CM			False	
w110:119	linear	CRASH	NO-CM			False	
w111:124	arange.out	SKIP	CM-QUANT-ONLY		dequantize_per_tensor	False	
w112:218	scatter_add.out	SKIP	CM-QUANT-ONLY		dequantize_per_tensor,quantize_per_tensor	True	
w113:141	bitwise_left_shift.Tensor_out	MISMATCH	NO-CM			False	
w113:712	linear.out	CRASH	NO-CM			False	
w114:610	stack	SKIP	NO-CM			False	
w115:409	native_group_norm	SKIP	CM-QUANT-ONLY		dequantize_per_tensor,quantize_per_tensor	False	
w116:286	arange.start_out	SKIP	CM-QUANT-ONLY		dequantize_per_tensor	False	
w117:233	index_put	MISMATCH	CM-QUANT-ONLY		dequantize_per_tensor,quantize_per_tensor	True	
w118:156	linear.out	CRASH	NO-CM			False	
w119:133	_fft_r2c	TIMEOUT	CM-QUANT-ONLY		dequantize_per_tensor,quantize_per_tensor	False	
w119:673	pixel_unshuffle	SKIP	CM-COMPUTE	transpose	dequantize_per_tensor,quantize_per_tensor,transpose	False	
w11:638	bitwise_right_shift.Tensor_out	MISMATCH	NO-CM			False	
w120:70	_pdist_forward	SKIP	CM-QUANT-ONLY		dequantize_per_tensor,quantize_per_tensor	True	
w121:589	scatter_add.out	SKIP	CM-QUANT-ONLY		dequantize_per_tensor,quantize_per_tensor	True	
w122:437	topk.values	SKIP	NO-CM			False	
w123:412	max_pool2d_with_indices_backward.grad_input	MISMATCH	CM-QUANT-ONLY		dequantize_per_tensor,quantize_per_tensor	False	
w124:440	native_group_norm	SKIP	CM-QUANT-ONLY		dequantize_per_tensor,quantize_per_tensor	False	
w125:370	remainder.Scalar_out	MISMATCH	NO-CM			False	
w126:323	pixel_shuffle	SKIP	CM-COMPUTE	transpose	dequantize_per_tensor,quantize_per_tensor,transpose	False	
w127:366	arange.out	SKIP	NO-CM			False	
w12:32	zeros.out	SKIP	CM-QUANT-ONLY		dequantize_per_tensor	False	
w13:166	pixel_shuffle	SKIP	CM-COMPUTE	transpose	dequantize_per_tensor,quantize_per_tensor,transpose	False	
w14:226	ones.out	SKIP	CM-QUANT-ONLY		dequantize_per_tensor	False	
w15:106	topk.values	SKIP	NO-CM			False	
w16:10	copy	SKIP	CM-QUANT-ONLY		dequantize_per_tensor,quantize_per_tensor	True	
w16:695	stack	SKIP	CM-QUANT-ONLY		dequantize_per_tensor,quantize_per_tensor	False	
w17:587	scatter.value_out	SKIP	NO-CM			False	
w18:584	arange.start_out	SKIP	CM-QUANT-ONLY		dequantize_per_tensor	False	
w19:489	ones.out	SKIP	CM-QUANT-ONLY		dequantize_per_tensor	False	
w1:414	full.out	SKIP	CM-QUANT-ONLY		dequantize_per_tensor	False	
w20:491	_fft_r2c	TIMEOUT	CM-QUANT-ONLY		dequantize_per_tensor,quantize_per_tensor	False	
w21:457	zeros.out	SKIP	NO-CM			False	
w22:42	index_put	MISMATCH	CM-QUANT-ONLY		dequantize_per_tensor,quantize_per_tensor	True	
w23:34	arange.out	SKIP	NO-CM			False	
w24:393	topk.values	SKIP	NO-CM			False	
w25:248	scatter.value_out	SKIP	CM-QUANT-ONLY		dequantize_per_tensor,quantize_per_tensor	False	
w26:164	stack	SKIP	NO-CM			False	
w26:8	fill.Scalar	MISMATCH	CM-QUANT-ONLY		dequantize_per_tensor,quantize_per_tensor	False	
w27:639	bitwise_left_shift.Tensor_Scalar	MISMATCH	NO-CM			False	
w28:532	expand_copy	SKIP	CM-QUANT-ONLY		dequantize_per_tensor,quantize_per_tensor	False	
w29:453	fill.Scalar	MISMATCH	CM-QUANT-ONLY		dequantize_per_tensor,quantize_per_tensor	False	
w2:467	zeros.out	SKIP	CM-QUANT-ONLY		dequantize_per_tensor	False	
w30:391	linear.out	CRASH	CM-QUANT-ONLY		dequantize_per_tensor,quantize_per_tensor	False	
w31:28	bitwise_right_shift.Tensor_Scalar	MISMATCH	NO-CM			False	
w32:290	pixel_shuffle	SKIP	CM-COMPUTE	transpose	dequantize_per_tensor,quantize_per_tensor,transpose	False	
w33:182	bitwise_left_shift.Tensor_out	MISMATCH	CM-QUANT-ONLY		dequantize_per_tensor,quantize_per_tensor	False	
w33:730	fill.Scalar	MISMATCH	CM-QUANT-ONLY		dequantize_per_tensor,quantize_per_tensor	False	
w34:70	native_group_norm	SKIP	CM-QUANT-ONLY		dequantize_per_tensor,quantize_per_tensor	False	
w35:650	copy	SKIP	NO-CM			False	
w36:484	ones.out	SKIP	CM-QUANT-ONLY		dequantize_per_tensor	False	
w37:58	linear.out	CRASH	NO-CM			False	
w38:474	fill.Scalar	MISMATCH	CM-QUANT-ONLY		dequantize_per_tensor,quantize_per_tensor	False	
w39:458	pixel_shuffle	SKIP	CM-COMPUTE	transpose	dequantize_per_tensor,quantize_per_tensor,transpose	False	
w3:387	_upsample_bilinear2d_aa.out	MISMATCH	CM-QUANT-ONLY		dequantize_per_tensor,quantize_per_tensor	False	
w40:397	_fft_r2c	TIMEOUT	CM-QUANT-ONLY		dequantize_per_tensor,quantize_per_tensor	False	
w41:436	arange.out	SKIP	CM-QUANT-ONLY		dequantize_per_tensor	False	
w42:386	copy	SKIP	NO-CM			False	
w43:21	arange.start_out	SKIP	CM-QUANT-ONLY		dequantize_per_tensor	False	
w44:298	arange.start_out	SKIP	CM-QUANT-ONLY		dequantize_per_tensor	False	
w45:318	scatter.value_out	SKIP	NO-CM			False	
w46:458	pixel_unshuffle	SKIP	CM-COMPUTE	transpose	dequantize_per_tensor,quantize_per_tensor,transpose	False	
w47:397	native_group_norm	SKIP	CM-QUANT-ONLY		dequantize_per_tensor,quantize_per_tensor	False	
w48:261	fill.Scalar	MISMATCH	CM-QUANT-ONLY		dequantize_per_tensor,quantize_per_tensor	False	
w49:202	native_group_norm	SKIP	CM-QUANT-ONLY		dequantize_per_tensor,quantize_per_tensor	False	
w49:95	arange.start_out	SKIP	CM-QUANT-ONLY		dequantize_per_tensor	False	
w4:698	zeros.out	SKIP	CM-QUANT-ONLY		dequantize_per_tensor	False	
w50:628	zeros.out	SKIP	CM-QUANT-ONLY		dequantize_per_tensor	False	
w51:75	arange.out	SKIP	NO-CM			False	
w52:594	linear	CRASH	NO-CM			False	
w53:483	full.out	SKIP	CM-QUANT-ONLY		dequantize_per_tensor	False	
w54:378	full.out	SKIP	NO-CM			False	
w55:385	bitwise_left_shift.Tensor_out	MISMATCH	NO-CM			False	
w56:431	stack	SKIP	NO-CM			False	
w57:460	fmod.Scalar	MISMATCH	NO-CM			False	
w58:370	bitwise_right_shift.Tensor_Scalar	MISMATCH	NO-CM			False	
w59:301	ones.out	SKIP	NO-CM			False	
w5:216	_pdist_forward	SKIP	CM-QUANT-ONLY		dequantize_per_tensor,quantize_per_tensor	True	
w60:259	permute_copy	SKIP	CM-COMPUTE	transpose	dequantize_per_tensor,quantize_per_tensor,transpose	False	
w61:213	zeros.out	SKIP	NO-CM			False	
w62:148	linear.out	CRASH	NO-CM			False	
w62:96	arange.out	SKIP	CM-QUANT-ONLY		dequantize_per_tensor	False	
w64:134	_fft_r2c	TIMEOUT	CM-QUANT-ONLY		dequantize_per_tensor,quantize_per_tensor	False	
w65:200	zeros.out	SKIP	CM-QUANT-ONLY		dequantize_per_tensor	False	
w66:136	scatter.src_out	SKIP	CM-QUANT-ONLY		dequantize_per_tensor,quantize_per_tensor	True	
w66:642	bitwise_right_shift.Tensor_out	MISMATCH	NO-CM			False	
w67:586	fill.Scalar	MISMATCH	CM-QUANT-ONLY		dequantize_per_tensor,quantize_per_tensor	False	
w68:501	permute_copy	MISMATCH	CM-COMPUTE	transpose	dequantize_per_tensor,quantize_per_tensor,transpose	False	
w69:383	bitwise_right_shift.Tensor_Scalar	MISMATCH	NO-CM			False	
w6:372	fill.Scalar	MISMATCH	CM-QUANT-ONLY		dequantize_per_tensor,quantize_per_tensor	False	
w70:235	linear.out	CRASH	NO-CM			False	
w71:164	_fft_r2c	TIMEOUT	CM-QUANT-ONLY		dequantize_per_tensor,quantize_per_tensor	False	
w72:136	pixel_unshuffle	SKIP	CM-COMPUTE	transpose	dequantize_per_tensor,quantize_per_tensor,transpose	False	
w73:0	_fft_r2c	TIMEOUT	CM-QUANT-ONLY		dequantize_per_tensor,quantize_per_tensor	True	
w73:725	full.out	SKIP	CM-QUANT-ONLY		dequantize_per_tensor	False	
w74:641	stack	SKIP	NO-CM			False	
w75:694	copy	SKIP	NO-CM			False	
w76:529	fill.Scalar	MISMATCH	CM-QUANT-ONLY		dequantize_per_tensor,quantize_per_tensor	False	
w77:521	_pdist_forward	SKIP	CM-QUANT-ONLY		dequantize_per_tensor,quantize_per_tensor	False	
w78:509	copy	SKIP	NO-CM			False	
w79:416	arange.start_out	SKIP	CM-QUANT-ONLY		dequantize_per_tensor	False	
w7:269	arange.out	SKIP	CM-QUANT-ONLY		dequantize_per_tensor	False	
w80:24	native_group_norm	SKIP	CM-QUANT-ONLY		dequantize_per_tensor,quantize_per_tensor	False	
w81:236	where.self	SKIP	CM-QUANT-ONLY		dequantize_per_tensor,quantize_per_tensor	False	
w82:289	_pdist_forward	SKIP	CM-QUANT-ONLY		dequantize_per_tensor,quantize_per_tensor	False	
w83:27	_pdist_forward	SKIP	CM-QUANT-ONLY		dequantize_per_tensor,quantize_per_tensor	True	
w84:219	bitwise_left_shift.Tensor_Scalar	MISMATCH	NO-CM			False	
w85:250	max_pool2d_with_indices_backward.grad_input	MISMATCH	CM-QUANT-ONLY		dequantize_per_tensor,quantize_per_tensor	False	
w86:230	bitwise_left_shift.Tensor_out	MISMATCH	CM-QUANT-ONLY		dequantize_per_tensor,quantize_per_tensor	False	
w87:15	where.self	SKIP	CM-QUANT-ONLY		dequantize_per_tensor,quantize_per_tensor	False	
w88:118	index_put	MISMATCH	CM-QUANT-ONLY		dequantize_per_tensor,quantize_per_tensor	True	
w88:655	_fft_r2c	TIMEOUT	CM-QUANT-ONLY		dequantize_per_tensor,quantize_per_tensor	False	
w89:717	_fft_r2c	TIMEOUT	CM-QUANT-ONLY		dequantize_per_tensor,quantize_per_tensor	False	
w8:656	expand_copy	SKIP	CM-QUANT-ONLY		dequantize_per_tensor,quantize_per_tensor	False	
w90:60	zeros.out	SKIP	CM-QUANT-ONLY		dequantize_per_tensor	False	
w91:69	native_group_norm	SKIP	CM-QUANT-ONLY		dequantize_per_tensor,quantize_per_tensor	False	
w92:627	expand_copy	SKIP	CM-QUANT-ONLY		dequantize_per_tensor,quantize_per_tensor	False	
w93:595	copy	SKIP	NO-CM			False	
w94:489	_fft_r2c	TIMEOUT	CM-QUANT-ONLY		dequantize_per_tensor,quantize_per_tensor	False	
w95:387	remainder.Tensor_out	MISMATCH	NO-CM			False	
w96:358	where.self	SKIP	CM-QUANT-ONLY		dequantize_per_tensor,quantize_per_tensor	False	
w97:317	linear	CRASH	NO-CM			False	
w98:295	full.out	SKIP	CM-QUANT-ONLY		dequantize_per_tensor	False	
w99:205	native_group_norm	SKIP	CM-QUANT-ONLY		dequantize_per_tensor,quantize_per_tensor	False	
w9:115	_pdist_forward	SKIP	NO-CM			False	
w9:772	min.dim_min	SKIP	NO-CM			False	
w0:531	_pdist_forward	SKIP	CM-QUANT-ONLY		dequantize_per_tensor,quantize_per_tensor	True	
w100:516	zeros.out	SKIP	NO-CM			False	
w101:490	bitwise_right_shift.Tensor_Scalar	MISMATCH	NO-CM			False	
w102:397	full.out	SKIP	CM-QUANT-ONLY		dequantize_per_tensor	False	
w103:230	remainder.Scalar	MISMATCH	NO-CM			False	
w104:389	narrow_copy	SKIP	CM-QUANT-ONLY		dequantize_per_tensor,quantize_per_tensor	True	
w105:227	max_pool2d_with_indices_backward.grad_input	MISMATCH	CM-QUANT-ONLY		dequantize_per_tensor,quantize_per_tensor	False	
w106:302	arange.out	SKIP	NO-CM			False	
w107:246	div.out_mode	MISMATCH	CM-QUANT-ONLY		dequantize_per_tensor,quantize_per_tensor	False	
w107:80	arange.out	SKIP	NO-CM			False	
w108:95	copy	SKIP	CM-QUANT-ONLY		dequantize_per_tensor,quantize_per_tensor	False	
w10:128	zeros.out	SKIP	CM-QUANT-ONLY		dequantize_per_tensor	False	
w110:121	zeros.out	SKIP	NO-CM			False	
w111:147	_fft_r2c	TIMEOUT	CM-QUANT-ONLY		dequantize_per_tensor,quantize_per_tensor	False	
w112:237	pixel_unshuffle	SKIP	CM-COMPUTE	transpose	dequantize_per_tensor,quantize_per_tensor,transpose	False	
w113:153	scatter.src_out	SKIP	CM-QUANT-ONLY		dequantize_per_tensor,quantize_per_tensor	True	
w113:724	full.out	SKIP	CM-QUANT-ONLY		dequantize_per_tensor	False	
w114:620	zeros.out	SKIP	CM-QUANT-ONLY		dequantize_per_tensor	False	
w115:43	arange.out	SKIP	NO-CM			False	
w116:32	pixel_shuffle	SKIP	CM-COMPUTE	transpose	dequantize_per_tensor,quantize_per_tensor,transpose	False	
w117:247	copy	SKIP	CM-QUANT-ONLY		dequantize_per_tensor,quantize_per_tensor	False	
w118:168	full.out	SKIP	CM-QUANT-ONLY		dequantize_per_tensor	False	
w119:134	ones.out	SKIP	CM-QUANT-ONLY		dequantize_per_tensor	False	
w119:679	arange.start_out	SKIP	NO-CM			False	
w11:639	arange.out	SKIP	NO-CM			False	
w120:715	copy	SKIP	CM-QUANT-ONLY		dequantize_per_tensor,quantize_per_tensor	True	
w121:595	expand_copy	SKIP	NO-CM			False	
w122:440	stack	SKIP	NO-CM			False	
w123:420	_fft_r2c	TIMEOUT	CM-QUANT-ONLY		dequantize_per_tensor,quantize_per_tensor	False	
w124:443	_pdist_forward	SKIP	NO-CM			False	
w125:375	arange.start_out	SKIP	NO-CM			False	
w126:339	_fft_r2c	TIMEOUT	CM-QUANT-ONLY		dequantize_per_tensor,quantize_per_tensor	False	
w127:373	pixel_shuffle	SKIP	CM-COMPUTE	transpose	transpose	False	
w12:322	fill.Scalar	MISMATCH	CM-QUANT-ONLY		dequantize_per_tensor,quantize_per_tensor	False	
w13:182	_fft_r2c	TIMEOUT	CM-QUANT-ONLY		dequantize_per_tensor,quantize_per_tensor	False	
w14:231	fill.Scalar	MISMATCH	CM-QUANT-ONLY		dequantize_per_tensor,quantize_per_tensor	False	
w15:108	copy	SKIP	CM-QUANT-ONLY		dequantize_per_tensor,quantize_per_tensor	False	
w16:101	bitwise_right_shift.Tensor_Scalar	MISMATCH	NO-CM			False	
w16:705	zeros.out	SKIP	CM-QUANT-ONLY		dequantize_per_tensor	False	
w17:606	native_group_norm	SKIP	CM-QUANT-ONLY		dequantize_per_tensor,quantize_per_tensor	False	
w18:619	where.self	SKIP	CM-QUANT-ONLY		dequantize_per_tensor,quantize_per_tensor	False	
w19:494	fill.Scalar	MISMATCH	CM-QUANT-ONLY		dequantize_per_tensor,quantize_per_tensor	False	
w1:512	bitwise_left_shift.Tensor_Scalar_out	MISMATCH	NO-CM			False	
w20:501	pixel_unshuffle	SKIP	CM-COMPUTE	transpose	dequantize_per_tensor,quantize_per_tensor,transpose	False	
w21:459	logit	MISMATCH	CM-QUANT-ONLY		dequantize_per_tensor,quantize_per_tensor	False	
w22:422	expand_copy	SKIP	NO-CM			False	
w23:369	pixel_unshuffle	SKIP	CM-COMPUTE	transpose	dequantize_per_tensor,quantize_per_tensor,transpose	False	
w24:395	copy	SKIP	CM-QUANT-ONLY		dequantize_per_tensor,quantize_per_tensor	False	
w25:252	permute_copy	SKIP	CM-COMPUTE	transpose	dequantize_per_tensor,quantize_per_tensor,transpose	False	
w26:2	_fft_r2c	TIMEOUT	CM-QUANT-ONLY		dequantize_per_tensor,quantize_per_tensor	False	
w26:86	pixel_unshuffle	SKIP	CM-COMPUTE	transpose	dequantize_per_tensor,quantize_per_tensor,transpose	False	
w27:64	zeros.out	SKIP	NO-CM			False	
w28:535	pow.Scalar_out	MISMATCH	NO-CM			False	
w29:47	remainder.Scalar	MISMATCH	NO-CM			False	
w2:483	remainder.Tensor_out	MISMATCH	NO-CM			False	
w30:403	full.out	SKIP	NO-CM			False	
w31:297	scatter_add.out	SKIP	CM-QUANT-ONLY		dequantize_per_tensor,quantize_per_tensor	True	
w32:306	_fft_r2c	TIMEOUT	CM-QUANT-ONLY		dequantize_per_tensor,quantize_per_tensor	False	
w33:183	div.out_mode	MISMATCH	CM-QUANT-ONLY		dequantize_per_tensor,quantize_per_tensor	False	
w33:765	full.out	SKIP	NO-CM			False	
w34:710	expand_copy	SKIP	CM-QUANT-ONLY		dequantize_per_tensor,quantize_per_tensor	False	
w35:651	stack	SKIP	CM-QUANT-ONLY		dequantize_per_tensor,quantize_per_tensor	False	
w36:497	_upsample_bilinear2d_aa.out	MISMATCH	CM-QUANT-ONLY		dequantize_per_tensor,quantize_per_tensor	False	
w37:610	where.self	SKIP	CM-QUANT-ONLY		dequantize_per_tensor,quantize_per_tensor	False	
w38:492	bitwise_right_shift.Tensor_Scalar	MISMATCH	NO-CM			False	
w39:47	linear.out	CRASH	CM-QUANT-ONLY		dequantize_per_tensor,quantize_per_tensor	False	
w3:397	bitwise_right_shift.Tensor_Scalar	MISMATCH	NO-CM			False	
w40:398	ones.out	SKIP	NO-CM			False	
w41:44	full.out	SKIP	NO-CM			False	
w42:387	stack	SKIP	NO-CM			False	
w43:249	arange.start_out	SKIP	CM-QUANT-ONLY		dequantize_per_tensor	False	
w44:326	minimum.out	SKIP	CM-COMPUTE	minimum	minimum	False	
w45:35	full.out	SKIP	CM-QUANT-ONLY		dequantize_per_tensor	False	
w46:472	bitwise_right_shift.Tensor_Scalar	MISMATCH	NO-CM			False	
w47:424	bitwise_left_shift.Tensor_out	MISMATCH	CM-QUANT-ONLY		dequantize_per_tensor,quantize_per_tensor	False	
w48:265	pixel_unshuffle	SKIP	CM-COMPUTE	transpose	dequantize_per_tensor,quantize_per_tensor,transpose	False	
w49:205	_pdist_forward	SKIP	CM-QUANT-ONLY		dequantize_per_tensor,quantize_per_tensor	False	
w4:1	topk.values	SKIP	CM-QUANT-ONLY		dequantize_per_tensor,quantize_per_tensor	True	
w4:70	_fft_r2c	TIMEOUT	CM-QUANT-ONLY		dequantize_per_tensor,quantize_per_tensor	False	
w50:64	pixel_shuffle	SKIP	CM-COMPUTE	transpose	dequantize_per_tensor,quantize_per_tensor,transpose	False	
w51:751	native_group_norm	SKIP	CM-QUANT-ONLY		dequantize_per_tensor,quantize_per_tensor	False	
w52:596	zeros.out	SKIP	CM-QUANT-ONLY		dequantize_per_tensor	False	
w53:498	remainder.Scalar	MISMATCH	NO-CM			False	
w54:408	expand_copy	SKIP	NO-CM			False	
w55:390	index_put	MISMATCH	CM-QUANT-ONLY		dequantize_per_tensor,quantize_per_tensor	True	
w56:47	fill.Scalar	MISMATCH	CM-QUANT-ONLY		dequantize_per_tensor,quantize_per_tensor	False	
w57:471	_pdist_forward	SKIP	CM-QUANT-ONLY		dequantize_per_tensor,quantize_per_tensor	True	
w58:387	full.out	SKIP	NO-CM			False	
w59:306	fill.Scalar	MISMATCH	CM-QUANT-ONLY		dequantize_per_tensor,quantize_per_tensor	False	
w5:221	arange.out	SKIP	CM-QUANT-ONLY		dequantize_per_tensor	False	
w60:301	bitwise_left_shift.Tensor_out	MISMATCH	CM-QUANT-ONLY		dequantize_per_tensor,quantize_per_tensor	False	
w61:241	_pdist_forward	SKIP	NO-CM			False	
w62:16	where.self	SKIP	CM-QUANT-ONLY		dequantize_per_tensor,quantize_per_tensor	False	
w63:104	bitwise_left_shift.Tensor_Scalar_out	MISMATCH	NO-CM			False	
w64:135	ones.out	SKIP	NO-CM			False	
w65:217	fmod.Scalar	MISMATCH	NO-CM			False	
w66:144	stack	SKIP	NO-CM			False	
w66:643	arange.out	SKIP	NO-CM			False	
w67:590	pixel_unshuffle	SKIP	CM-COMPUTE	transpose	dequantize_per_tensor,quantize_per_tensor,transpose	False	
w68:511	convolution	SKIP	CM-QUANT-ONLY		dequantize_per_tensor,quantize_per_tensor	False	
w69:388	linear.out	CRASH	NO-CM			False	
w6:376	pixel_unshuffle	SKIP	CM-COMPUTE	transpose	dequantize_per_tensor,quantize_per_tensor,transpose	False	
w70:247	full.out	SKIP	NO-CM			False	
w71:165	ones.out	SKIP	NO-CM			False	
w72:150	bitwise_right_shift.Tensor_Scalar	MISMATCH	NO-CM			False	
w73:1	ones.out	SKIP	NO-CM			False	
w73:748	pixel_shuffle	SKIP	CM-COMPUTE	transpose	dequantize_per_tensor,quantize_per_tensor,transpose	False	
w74:651	zeros.out	SKIP	CM-QUANT-ONLY		dequantize_per_tensor	False	
w75:695	stack	SKIP	CM-QUANT-ONLY		dequantize_per_tensor,quantize_per_tensor	False	
w76:547	bitwise_right_shift.Tensor_Scalar	MISMATCH	NO-CM			False	
w77:54	fmod.Scalar	MISMATCH	NO-CM			False	
w78:510	stack	SKIP	NO-CM			False	
w79:42	zeros.out	SKIP	CM-QUANT-ONLY		dequantize_per_tensor	False	
w7:276	pixel_shuffle	SKIP	CM-COMPUTE	transpose	dequantize_per_tensor,quantize_per_tensor,transpose	False	
w80:252	native_group_norm	SKIP	CM-QUANT-ONLY		dequantize_per_tensor,quantize_per_tensor	False	
w81:25	bitwise_left_shift.Tensor_out	MISMATCH	NO-CM			False	
w82:317	_fft_r2c	CRASH	CM-QUANT-ONLY		dequantize_per_tensor,quantize_per_tensor	False	
w83:283	_fft_r2c	TIMEOUT	CM-QUANT-ONLY		dequantize_per_tensor,quantize_per_tensor	False	
w84:225	bitwise_right_shift.Tensor_Scalar_out	MISMATCH	NO-CM			False	
w85:258	_fft_r2c	TIMEOUT	CM-QUANT-ONLY		dequantize_per_tensor,quantize_per_tensor	False	
w86:250	stack	SKIP	CM-QUANT-ONLY		dequantize_per_tensor,quantize_per_tensor	False	
w87:159	full.out	SKIP	NO-CM			False	
w88:125	scatter.src_out	SKIP	NO-CM			False	
w88:696	full.out	SKIP	NO-CM			False	
w89:718	ones.out	SKIP	NO-CM			False	
w8:703	minimum.out	SKIP	CM-COMPUTE	minimum	minimum	False	
w90:61	min.dim_min	SKIP	NO-CM			False	
w91:702	pixel_shuffle	SKIP	CM-COMPUTE	transpose	dequantize_per_tensor,quantize_per_tensor,transpose	False	
w92:640	pixel_unshuffle	SKIP	CM-COMPUTE	transpose	dequantize_per_tensor,quantize_per_tensor,transpose	False	
w93:596	stack	SKIP	NO-CM			False	
w94:490	ones.out	SKIP	CM-QUANT-ONLY		dequantize_per_tensor	False	
w95:389	max.dim_max	SKIP	NO-CM			False	
w96:380	index_put	MISMATCH	CM-QUANT-ONLY		dequantize_per_tensor,quantize_per_tensor	True	
w97:319	zeros.out	SKIP	NO-CM			False	
w98:318	pixel_shuffle	SKIP	CM-COMPUTE	transpose	dequantize_per_tensor,quantize_per_tensor,transpose	False	
w99:208	_pdist_forward	SKIP	NO-CM			False	
w9:120	arange.out	SKIP	CM-QUANT-ONLY		dequantize_per_tensor	False	
w9:85	linear	CRASH	NO-CM			False	
w0:11	detach_copy	MISMATCH	CM-QUANT-ONLY		dequantize_per_tensor,quantize_per_tensor	True	
w0:80	arange.out	SKIP	CM-QUANT-ONLY		dequantize_per_tensor	False	
w101:11	ones.out	SKIP	CM-QUANT-ONLY		dequantize_per_tensor	False	
w101:735	full.out	SKIP	CM-QUANT-ONLY		dequantize_per_tensor	False	
w102:613	linear.out	CRASH	NO-CM			False	
w103:572	linear	CRASH	NO-CM			False	
w104:633	pixel_unshuffle	SKIP	CM-COMPUTE	transpose	dequantize_per_tensor,quantize_per_tensor,transpose	False	
w105:657	div.Scalar	MISMATCH	CM-QUANT-ONLY		dequantize_per_tensor,quantize_per_tensor	False	
w106:616	bitwise_left_shift.Tensor_Scalar	MISMATCH	NO-CM			False	
w107:504	min.dim_min	SKIP	NO-CM			False	
w108:396	fill.Scalar	MISMATCH	CM-QUANT-ONLY		dequantize_per_tensor,quantize_per_tensor	False	
w109:353	arange.out	SKIP	CM-QUANT-ONLY		dequantize_per_tensor	False	
w10:436	bitwise_right_shift.Tensor_Scalar	MISMATCH	NO-CM			False	
w110:429	bitwise_right_shift.Tensor_Scalar	MISMATCH	NO-CM			False	
w111:537	stack	SKIP	NO-CM			False	
w112:523	bitwise_left_shift.Tensor_out	MISMATCH	NO-CM			False	
w113:399	zeros.out	SKIP	CM-QUANT-ONLY		dequantize_per_tensor	False	
w114:21	linear.out	CRASH	NO-CM			False	
w115:129	bitwise_left_shift.Tensor_Scalar	MISMATCH	NO-CM			False	
w115:683	copy	SKIP	NO-CM			False	
w116:585	copy	SKIP	NO-CM			False	
w117:534	max_pool2d_with_indices_backward.grad_input	MISMATCH	CM-QUANT-ONLY		dequantize_per_tensor,quantize_per_tensor	False	
w118:412	transpose_copy.int	SKIP	CM-COMPUTE	transpose	dequantize_per_tensor,quantize_per_tensor,transpose	False	
w119:390	linear.out	CRASH	CM-QUANT-ONLY		dequantize_per_tensor,quantize_per_tensor	False	
w11:277	expand_copy	SKIP	NO-CM			False	
w120:288	max.dim_max	SKIP	NO-CM			False	
w121:296	_fft_r2c	TIMEOUT	CM-QUANT-ONLY		dequantize_per_tensor,quantize_per_tensor	False	
w122:134	pixel_unshuffle	SKIP	CM-COMPUTE	transpose	dequantize_per_tensor,quantize_per_tensor,transpose	False	
w122:706	_pdist_forward	SKIP	NO-CM			False	
w123:89	where.self	SKIP	CM-QUANT-ONLY		dequantize_per_tensor,quantize_per_tensor	False	
w124:740	full.out	SKIP	NO-CM			False	
w125:672	topk.values	SKIP	CM-QUANT-ONLY		dequantize_per_tensor,quantize_per_tensor	True	
w126:608	full.out	SKIP	NO-CM			False	
w127:735	minimum.out	SKIP	CM-COMPUTE	minimum	minimum	False	
w12:609	scatter_add.out	SKIP	CM-QUANT-ONLY		dequantize_per_tensor,quantize_per_tensor	True	
w13:500	arange.start_out	SKIP	NO-CM			False	
w14:518	scatter_add.out	SKIP	CM-QUANT-ONLY		dequantize_per_tensor,quantize_per_tensor	True	
w15:403	_fft_r2c	TIMEOUT	CM-QUANT-ONLY		dequantize_per_tensor,quantize_per_tensor	False	
w16:329	bitwise_right_shift.Tensor_Scalar	MISMATCH	NO-CM			False	
w17:239	bitwise_right_shift.Tensor_out	MISMATCH	NO-CM			False	
w18:128	arange.start_out	SKIP	NO-CM			False	
w19:128	scatter.value_out	SKIP	NO-CM			False	
w19:779	bitwise_left_shift.Tensor_Scalar	MISMATCH	NO-CM			False	
w20:135	permute_copy	SKIP	CM-COMPUTE	transpose	dequantize_per_tensor,quantize_per_tensor,transpose	False	
w20:760	full.out	SKIP	CM-QUANT-ONLY		dequantize_per_tensor	False	
w21:741	_fft_r2c	TIMEOUT	CM-QUANT-ONLY		dequantize_per_tensor,quantize_per_tensor	True	
w22:67	zeros.out	SKIP	NO-CM			False	
w23:675	stack	SKIP	NO-CM			False	
w24:635	min.dim_min	SKIP	NO-CM			False	
w25:542	stack	SKIP	NO-CM			False	
w26:514	remainder.Scalar	MISMATCH	NO-CM			False	
w27:340	max_pool2d_with_indices_backward.grad_input	MISMATCH	CM-QUANT-ONLY		dequantize_per_tensor,quantize_per_tensor	False	
w28:210	arange.out	SKIP	CM-QUANT-ONLY		dequantize_per_tensor	False	
w28:95	arange.start_out	SKIP	CM-QUANT-ONLY		dequantize_per_tensor	False	
w29:765	arange.start_out	SKIP	CM-QUANT-ONLY		dequantize_per_tensor	False	
w2:751	_fft_r2c	TIMEOUT	CM-QUANT-ONLY		dequantize_per_tensor,quantize_per_tensor	False	
w30:65	topk.values	SKIP	NO-CM			False	
w31:621	copy	SKIP	NO-CM			False	
w32:598	pixel_shuffle	SKIP	CM-COMPUTE	transpose	dequantize_per_tensor,quantize_per_tensor,transpose	False	
w33:429	copy	SKIP	CM-QUANT-ONLY		dequantize_per_tensor,quantize_per_tensor	False	
w34:337	scatter.src_out	SKIP	CM-QUANT-ONLY		dequantize_per_tensor,quantize_per_tensor	True	
w35:302	full.out	SKIP	CM-QUANT-ONLY		dequantize_per_tensor	False	
w36:231	bitwise_right_shift.Tensor_out	MISMATCH	NO-CM			False	
w37:171	bitwise_left_shift.Tensor_out	MISMATCH	NO-CM			False	
w38:174	stack	SKIP	NO-CM			False	
w38:780	pixel_unshuffle	SKIP	CM-COMPUTE	transpose	dequantize_per_tensor,quantize_per_tensor,transpose	False	
w39:731	linear.out	CRASH	NO-CM			False	
w40:103	stack	SKIP	NO-CM			False	
w41:121	minimum.out	SKIP	CM-COMPUTE	minimum	minimum	False	
w42:112	native_group_norm	SKIP	CM-QUANT-ONLY		dequantize_per_tensor,quantize_per_tensor	False	
w42:615	stack	SKIP	CM-QUANT-ONLY		dequantize_per_tensor,quantize_per_tensor	False	
w43:559	zeros.out	SKIP	NO-CM			False	
w44:633	native_group_norm	SKIP	CM-QUANT-ONLY		dequantize_per_tensor,quantize_per_tensor	False	
w45:688	pixel_unshuffle	SKIP	CM-COMPUTE	transpose	dequantize_per_tensor,quantize_per_tensor,transpose	False	
w46:705	linear.out	CRASH	CM-QUANT-ONLY		dequantize_per_tensor,quantize_per_tensor	False	
w47:635	where.self	SKIP	CM-QUANT-ONLY		dequantize_per_tensor,quantize_per_tensor	False	
w48:56	linear.out	CRASH	NO-CM			False	
w49:467	fill.Scalar	MISMATCH	CM-QUANT-ONLY		dequantize_per_tensor,quantize_per_tensor	False	
w4:327	linear.out	CRASH	NO-CM			False	
w50:291	bitwise_left_shift.Tensor_Scalar	MISMATCH	NO-CM			False	
w51:326	_fft_r2c	TIMEOUT	CM-QUANT-ONLY		dequantize_per_tensor,quantize_per_tensor	False	
w52:252	remainder.Scalar	MISMATCH	NO-CM			False	
w53:215	ones.out	SKIP	CM-QUANT-ONLY		dequantize_per_tensor	False	
w53:726	remainder.Scalar	MISMATCH	NO-CM			False	
w54:727	stack	SKIP	NO-CM			False	
w55:699	_fft_r2c	TIMEOUT	CM-QUANT-ONLY		dequantize_per_tensor,quantize_per_tensor	False	
w56:725	_fft_r2c	TIMEOUT	CM-QUANT-ONLY		dequantize_per_tensor,quantize_per_tensor	False	
w57:704	arange.out	SKIP	NO-CM			False	
w58:638	pixel_shuffle	SKIP	CM-COMPUTE	transpose	dequantize_per_tensor,quantize_per_tensor,transpose	False	
w59:675	index_put	MISMATCH	CM-QUANT-ONLY		dequantize_per_tensor,quantize_per_tensor	True	
w5:634	stack	SKIP	NO-CM			False	
w60:56	where.self	SKIP	CM-QUANT-ONLY		dequantize_per_tensor,quantize_per_tensor	False	
w61:498	ones.out	SKIP	CM-QUANT-ONLY		dequantize_per_tensor	False	
w62:38	index_put	MISMATCH	CM-QUANT-ONLY		dequantize_per_tensor,quantize_per_tensor	True	
w63:365	zeros.out	SKIP	NO-CM			False	
w64:446	pixel_unshuffle	SKIP	CM-COMPUTE	transpose	dequantize_per_tensor,quantize_per_tensor,transpose	False	
w65:484	_fft_r2c	TIMEOUT	CM-QUANT-ONLY		dequantize_per_tensor,quantize_per_tensor	False	
w66:328	minimum.out	SKIP	CM-COMPUTE	minimum	minimum	False	
w67:266	bitwise_left_shift.Tensor_out	MISMATCH	NO-CM			False	
w68:173	_fft_r2c	TIMEOUT	CM-QUANT-ONLY		dequantize_per_tensor,quantize_per_tensor	False	
w69:107	bitwise_right_shift.Tensor_out	MISMATCH	NO-CM			False	
w69:652	scatter_add.out	SKIP	CM-QUANT-ONLY		dequantize_per_tensor,quantize_per_tensor	True	
w6:663	bitwise_right_shift.Tensor_Scalar_out	MISMATCH	NO-CM			False	
w70:505	expand_copy	SKIP	CM-QUANT-ONLY		dequantize_per_tensor,quantize_per_tensor	False	
w71:534	bitwise_left_shift.Tensor_out	MISMATCH	CM-QUANT-ONLY		dequantize_per_tensor,quantize_per_tensor	False	
w72:45	index_put	MISMATCH	CM-QUANT-ONLY		dequantize_per_tensor,quantize_per_tensor	True	
w73:402	logit	MISMATCH	CM-QUANT-ONLY		dequantize_per_tensor,quantize_per_tensor	False	
w74:316	scatter_add.out	SKIP	CM-QUANT-ONLY		dequantize_per_tensor,quantize_per_tensor	True	
w75:249	zeros.out	SKIP	CM-QUANT-ONLY		dequantize_per_tensor	False	
w76:229	stack	SKIP	NO-CM			False	
w77:156	bitwise_left_shift.Tensor_Scalar	MISMATCH	NO-CM			False	
w78:121	ones.out	SKIP	CM-QUANT-ONLY		dequantize_per_tensor	False	
w78:781	arange.out	SKIP	CM-QUANT-ONLY		dequantize_per_tensor	False	
w79:672	minimum.out	SKIP	CM-COMPUTE	minimum	minimum	False	
w7:521	ones.out	SKIP	NO-CM			False	
w80:570	arange.out	SKIP	CM-QUANT-ONLY		dequantize_per_tensor	False	
w81:608	full.out	SKIP	CM-QUANT-ONLY		dequantize_per_tensor	False	
w82:670	where.self	SKIP	CM-QUANT-ONLY		dequantize_per_tensor,quantize_per_tensor	False	
w83:585	pow.Scalar_out	MISMATCH	NO-CM			False	
w84:612	_fft_r2c	TIMEOUT	CM-QUANT-ONLY		dequantize_per_tensor,quantize_per_tensor	False	
w85:557	expand_copy	SKIP	NO-CM			False	
w86:528	pixel_shuffle	SKIP	CM-COMPUTE	transpose	dequantize_per_tensor,quantize_per_tensor,transpose	False	
w87:500	scatter.src_out	SKIP	CM-QUANT-ONLY		dequantize_per_tensor,quantize_per_tensor	True	
w88:360	copy	SKIP	NO-CM			False	
w89:326	scatter_add.out	SKIP	CM-QUANT-ONLY		dequantize_per_tensor,quantize_per_tensor	True	
w8:291	stack	SKIP	NO-CM			False	
w90:328	pixel_shuffle	SKIP	CM-COMPUTE	transpose	dequantize_per_tensor,quantize_per_tensor,transpose	False	
w91:266	pixel_unshuffle	SKIP	CM-COMPUTE	transpose	dequantize_per_tensor,quantize_per_tensor,transpose	False	
w92:305	arange.out	SKIP	CM-QUANT-ONLY		dequantize_per_tensor	False	
w93:19	full.out	SKIP	NO-CM			False	
w94:205	zeros.out	SKIP	NO-CM			False	
w95:118	index_put	MISMATCH	CM-QUANT-ONLY		dequantize_per_tensor,quantize_per_tensor	True	
w95:711	remainder.Scalar	MISMATCH	NO-CM			False	
w96:661	_pdist_forward	SKIP	CM-QUANT-ONLY		dequantize_per_tensor,quantize_per_tensor	True	
w97:644	full.out	SKIP	CM-QUANT-ONLY		dequantize_per_tensor	False	
w98:566	pixel_unshuffle	SKIP	CM-COMPUTE	transpose	dequantize_per_tensor,quantize_per_tensor,transpose	False	
w99:465	ones.out	SKIP	CM-QUANT-ONLY		dequantize_per_tensor	False	
w9:40	where.self	SKIP	CM-QUANT-ONLY		dequantize_per_tensor,quantize_per_tensor	False	
w0:543	pixel_shuffle	SKIP	CM-COMPUTE	transpose	dequantize_per_tensor,quantize_per_tensor,transpose	False	
w100:548	bitwise_right_shift.Tensor_out	MISMATCH	NO-CM			False	
w101:51	full.out	SKIP	CM-QUANT-ONLY		dequantize_per_tensor	False	
w102:42	bitwise_left_shift.Tensor_out	MISMATCH	CM-QUANT-ONLY		dequantize_per_tensor,quantize_per_tensor	False	
w103:239	scatter_add.out	SKIP	CM-QUANT-ONLY		dequantize_per_tensor,quantize_per_tensor	True	
w104:431	convolution	SKIP	CM-QUANT-ONLY		dequantize_per_tensor,quantize_per_tensor	True	
w105:235	_fft_r2c	TIMEOUT	CM-QUANT-ONLY		dequantize_per_tensor,quantize_per_tensor	True	
w106:309	pixel_shuffle	SKIP	CM-COMPUTE	transpose	dequantize_per_tensor,quantize_per_tensor,transpose	False	
w107:262	topk.values	SKIP	CM-QUANT-ONLY		dequantize_per_tensor,quantize_per_tensor	True	
w108:104	linear	CRASH	NO-CM			False	
w109:108	remainder.Tensor_out	MISMATCH	NO-CM			False	
w10:129	min.dim_min	SKIP	NO-CM			False	
w110:122	min.dim_min	SKIP	NO-CM			False	
w111:153	fill.Scalar	MISMATCH	CM-QUANT-ONLY		dequantize_per_tensor,quantize_per_tensor	False	
w112:238	remainder.Scalar_out	MISMATCH	CM-QUANT-ONLY		dequantize_per_tensor,quantize_per_tensor	False	
w113:158	topk.values	SKIP	NO-CM			False	
w113:746	bitwise_left_shift.Tensor_Scalar	MISMATCH	NO-CM			False	
w114:621	min.dim_min	SKIP	NO-CM			False	
w115:436	bitwise_left_shift.Tensor_out	MISMATCH	NO-CM			False	
w116:321	where.self	SKIP	CM-QUANT-ONLY		dequantize_per_tensor,quantize_per_tensor	True	
w117:248	stack	SKIP	NO-CM			False	
w118:191	pixel_shuffle	SKIP	CM-COMPUTE	transpose	dequantize_per_tensor,quantize_per_tensor,transpose	False	
w119:143	pixel_unshuffle	SKIP	CM-COMPUTE	transpose	dequantize_per_tensor,quantize_per_tensor,transpose	False	
w119:731	bitwise_left_shift.Tensor_out	MISMATCH	NO-CM			False	
w11:662	_fft_r2c	TIMEOUT	CM-QUANT-ONLY		dequantize_per_tensor,quantize_per_tensor	False	
w120:716	stack	SKIP	NO-CM			False	
w121:608	pixel_unshuffle	SKIP	CM-COMPUTE	transpose	dequantize_per_tensor,quantize_per_tensor,transpose	False	
w122:450	zeros.out	SKIP	NO-CM			False	
w123:421	ones.out	SKIP	NO-CM			False	
w124:447	bitwise_right_shift.Tensor_out	MISMATCH	NO-CM			False	
w125:446	copy	SKIP	CM-QUANT-ONLY		dequantize_per_tensor,quantize_per_tensor	False	
w126:340	ones.out	SKIP	CM-QUANT-ONLY		dequantize_per_tensor	False	
w127:389	_fft_r2c	TIMEOUT	CM-QUANT-ONLY		dequantize_per_tensor,quantize_per_tensor	False	
w12:340	bitwise_right_shift.Tensor_Scalar	MISMATCH	NO-CM			False	
w13:183	ones.out	SKIP	NO-CM			False	
w14:235	pixel_unshuffle	SKIP	CM-COMPUTE	transpose	dequantize_per_tensor,quantize_per_tensor,transpose	False	
w15:109	stack	SKIP	NO-CM			False	
w16:106	linear.out	CRASH	CM-QUANT-ONLY		dequantize_per_tensor,quantize_per_tensor	False	
w16:733	_pdist_forward	SKIP	CM-QUANT-ONLY		dequantize_per_tensor,quantize_per_tensor	True	
w17:633	bitwise_left_shift.Tensor_out	MISMATCH	CM-QUANT-ONLY		dequantize_per_tensor,quantize_per_tensor	False	
w18:62	bitwise_right_shift.Tensor_Scalar	MISMATCH	NO-CM			False	
w19:512	bitwise_right_shift.Tensor_Scalar	MISMATCH	NO-CM			False	
w1:515	bitwise_left_shift.Tensor_out	MISMATCH	CM-QUANT-ONLY		dequantize_per_tensor,quantize_per_tensor	False	
w20:520	linear.out	CRASH	CM-QUANT-ONLY		dequantize_per_tensor,quantize_per_tensor	False	
w21:485	_pdist_forward	SKIP	CM-QUANT-ONLY		dequantize_per_tensor,quantize_per_tensor	False	
w22:466	native_group_norm	SKIP	CM-QUANT-ONLY		dequantize_per_tensor,quantize_per_tensor	False	
w23:381	scatter.value_out	SKIP	NO-CM			False	
w24:396	stack	SKIP	NO-CM			False	
w25:30	prod.int_out	MISMATCH	CM-QUANT-ONLY		dequantize_per_tensor,quantize_per_tensor	False	
w26:208	fmod.Tensor_out	MISMATCH	CM-QUANT-ONLY		dequantize_per_tensor,quantize_per_tensor	False	
w26:87	remainder.Scalar_out	MISMATCH	NO-CM			False	
w27:641	scatter_add.out	SKIP	CM-QUANT-ONLY		dequantize_per_tensor,quantize_per_tensor	True	
w28:551	arange.start_out	SKIP	CM-QUANT-ONLY		dequantize_per_tensor	False	
w29:471	bitwise_right_shift.Tensor_Scalar	MISMATCH	NO-CM			False	
w2:484	fmod.Scalar	MISMATCH	NO-CM			False	
w30:418	remainder.Scalar	MISMATCH	NO-CM			False	
w31:303	expand_copy	SKIP	CM-QUANT-ONLY		dequantize_per_tensor,quantize_per_tensor	False	
w32:307	ones.out	SKIP	NO-CM			False	
w33:187	index_put	MISMATCH	CM-QUANT-ONLY		dequantize_per_tensor,quantize_per_tensor	True	
w33:81	full.out	SKIP	CM-QUANT-ONLY		dequantize_per_tensor	False	
w34:723	pixel_unshuffle	SKIP	CM-COMPUTE	transpose	dequantize_per_tensor,quantize_per_tensor,transpose	False	
w35:661	zeros.out	SKIP	CM-QUANT-ONLY		dequantize_per_tensor	False	
w36:56	linear.out	CRASH	NO-CM			False	
w37:627	bitwise_left_shift.Tensor_out	MISMATCH	NO-CM			False	
w38:509	full.out	SKIP	CM-QUANT-ONLY		dequantize_per_tensor	False	
w39:474	_fft_r2c	TIMEOUT	CM-QUANT-ONLY		dequantize_per_tensor,quantize_per_tensor	False	
w3:398	floor_divide.out	MISMATCH	CM-QUANT-ONLY		dequantize_per_tensor,quantize_per_tensor	False	
w40:421	bitwise_right_shift.Tensor_Scalar	MISMATCH	NO-CM			False	
w41:443	pixel_shuffle	SKIP	CM-COMPUTE	transpose	dequantize_per_tensor,quantize_per_tensor,transpose	False	
w42:397	zeros.out	SKIP	NO-CM			False	
w43:269	convolution	SKIP	CM-QUANT-ONLY		dequantize_per_tensor,quantize_per_tensor	False	
w44:333	where.self	SKIP	CM-QUANT-ONLY		dequantize_per_tensor,quantize_per_tensor	True	
w45:361	bitwise_left_shift.Tensor_Scalar_out	MISMATCH	NO-CM			False	
w46:477	linear.out	CRASH	CM-QUANT-ONLY		dequantize_per_tensor,quantize_per_tensor	False	
w47:429	index_put	MISMATCH	CM-QUANT-ONLY		dequantize_per_tensor,quantize_per_tensor	True	
w48:27	_fft_r2c	TIMEOUT	CM-QUANT-ONLY		dequantize_per_tensor,quantize_per_tensor	True	
w49:210	arange.out	SKIP	NO-CM			False	
w4:111	full.out	SKIP	CM-QUANT-ONLY		dequantize_per_tensor	False	
w4:71	ones.out	SKIP	NO-CM			False	
w50:656	_pdist_forward	SKIP	NO-CM			False	
w51:754	_pdist_forward	SKIP	CM-QUANT-ONLY		dequantize_per_tensor,quantize_per_tensor	False	
w52:597	min.dim_min	SKIP	NO-CM			False	
w53:50	pixel_shuffle	SKIP	CM-COMPUTE	transpose	dequantize_per_tensor,quantize_per_tensor,transpose	False	
w54:421	pixel_unshuffle	SKIP	CM-COMPUTE	transpose	dequantize_per_tensor,quantize_per_tensor,transpose	False	
w55:397	scatter.src_out	SKIP	NO-CM			False	
w56:473	bitwise_right_shift.Tensor_out	MISMATCH	NO-CM			False	
w57:476	arange.out	SKIP	NO-CM			False	
w58:410	pixel_shuffle	SKIP	CM-COMPUTE	transpose	dequantize_per_tensor,quantize_per_tensor,transpose	False	
w59:34	max.dim_max	SKIP	NO-CM			False	
w5:244	_fft_r2c	TIMEOUT	CM-QUANT-ONLY		dequantize_per_tensor,quantize_per_tensor	False	
w60:306	index_put	MISMATCH	CM-QUANT-ONLY		dequantize_per_tensor,quantize_per_tensor	True	
w61:246	arange.out	SKIP	NO-CM			False	
w62:160	full.out	SKIP	CM-QUANT-ONLY		dequantize_per_tensor	False	
w63:112	index_put	MISMATCH	CM-QUANT-ONLY		dequantize_per_tensor,quantize_per_tensor	True	
w64:163	linear.out	CRASH	CM-QUANT-ONLY		dequantize_per_tensor,quantize_per_tensor	False	
w65:218	max.dim_max	SKIP	NO-CM			False	
w66:152	linear	CRASH	NO-CM			False	
w66:66	pixel_unshuffle	SKIP	CM-COMPUTE	transpose	dequantize_per_tensor,quantize_per_tensor,transpose	False	
w67:621	full.out	SKIP	NO-CM			False	
w68:526	where.self	SKIP	CM-QUANT-ONLY		dequantize_per_tensor,quantize_per_tensor	False	
w69:400	full.out	SKIP	CM-QUANT-ONLY		dequantize_per_tensor	False	
w6:390	bitwise_right_shift.Tensor_Scalar	MISMATCH	NO-CM			False	
w70:262	remainder.Scalar	MISMATCH	NO-CM			False	
w71:170	fill.Scalar	MISMATCH	CM-QUANT-ONLY		dequantize_per_tensor,quantize_per_tensor	False	
w72:182	remainder.Scalar	MISMATCH	NO-CM			False	
w73:142	bitwise_left_shift.Tensor_out	MISMATCH	NO-CM			False	
w73:749	scatter_add.out	SKIP	CM-QUANT-ONLY		dequantize_per_tensor,quantize_per_tensor	True	
w74:652	min.dim_min	SKIP	NO-CM			False	
w75:705	zeros.out	SKIP	NO-CM			False	
w76:564	full.out	SKIP	NO-CM			False	
w77:549	_fft_r2c	TIMEOUT	CM-QUANT-ONLY		dequantize_per_tensor,quantize_per_tensor	False	
w78:520	zeros.out	SKIP	CM-QUANT-ONLY		dequantize_per_tensor	False	
w79:444	minimum.out	MISMATCH	CM-QUANT-ONLY		dequantize_per_tensor,quantize_per_tensor	True	
w7:292	_fft_r2c	TIMEOUT	CM-QUANT-ONLY		dequantize_per_tensor,quantize_per_tensor	False	
w80:279	bitwise_left_shift.Tensor_out	MISMATCH	NO-CM			False	
w81:26	div.out_mode	MISMATCH	CM-QUANT-ONLY		dequantize_per_tensor,quantize_per_tensor	False	
w82:318	ones.out	SKIP	CM-QUANT-ONLY		dequantize_per_tensor	False	
w83:293	pixel_unshuffle	SKIP	CM-COMPUTE	transpose	dequantize_per_tensor,quantize_per_tensor,transpose	False	
w84:246	arange.start_out	SKIP	CM-QUANT-ONLY		dequantize_per_tensor	False	
w85:299	full.out	SKIP	CM-QUANT-ONLY		dequantize_per_tensor	False	
w86:260	zeros.out	SKIP	NO-CM			False	
w87:189	expand_copy	SKIP	NO-CM			False	
w88:133	stack	SKIP	NO-CM			False	
w88:720	scatter_add.out	SKIP	CM-QUANT-ONLY		dequantize_per_tensor,quantize_per_tensor	True	
w89:723	fill.Scalar	MISMATCH	CM-QUANT-ONLY		dequantize_per_tensor,quantize_per_tensor	False	
w8:71	linear	CRASH	NO-CM			False	
w90:636	pixel_shuffle	SKIP	CM-COMPUTE	transpose	dequantize_per_tensor,quantize_per_tensor,transpose	False	
w91:703	scatter_add.out	SKIP	CM-QUANT-ONLY		dequantize_per_tensor,quantize_per_tensor	True	
w92:695	bitwise_left_shift.Tensor_Scalar_out	MISMATCH	NO-CM			False	
w93:604	linear	CRASH	NO-CM			False	
w94:495	fill.Scalar	MISMATCH	CM-QUANT-ONLY		dequantize_per_tensor,quantize_per_tensor	False	
w95:396	native_group_norm	SKIP	CM-QUANT-ONLY		dequantize_per_tensor,quantize_per_tensor	False	
w96:387	scatter.src_out	SKIP	CM-QUANT-ONLY		dequantize_per_tensor,quantize_per_tensor	True	
w97:347	_pdist_forward	SKIP	CM-QUANT-ONLY		dequantize_per_tensor,quantize_per_tensor	False	
w98:32	fill.Scalar	MISMATCH	CM-QUANT-ONLY		dequantize_per_tensor,quantize_per_tensor	False	
w99:220	pixel_shuffle	SKIP	CM-COMPUTE	transpose	transpose	False	
w9:127	pixel_shuffle	SKIP	CM-COMPUTE	transpose	dequantize_per_tensor,quantize_per_tensor,transpose	False	
w9:87	zeros.out	SKIP	CM-QUANT-ONLY		dequantize_per_tensor	False	
w0:559	_fft_r2c	CRASH	CM-QUANT-ONLY		dequantize_per_tensor,quantize_per_tensor	False	
w100:572	_fft_r2c	CRASH	CM-QUANT-ONLY		dequantize_per_tensor,quantize_per_tensor	True	
w101:513	unfold_copy	SKIP	NO-CM			False	
w102:421	scatter_add.out	SKIP	CM-QUANT-ONLY		dequantize_per_tensor,quantize_per_tensor	True	
w103:258	pixel_unshuffle	SKIP	CM-COMPUTE	transpose	dequantize_per_tensor,quantize_per_tensor,transpose	False	
w104:436	native_group_norm	SKIP	CM-QUANT-ONLY		dequantize_per_tensor,quantize_per_tensor	False	
w105:236	ones.out	SKIP	NO-CM			False	
w106:31	stack	SKIP	NO-CM			False	
w107:265	stack	SKIP	NO-CM			False	
w108:134	_pdist_forward	SKIP	CM-QUANT-ONLY		dequantize_per_tensor,quantize_per_tensor	False	
w109:120	_pdist_forward	SKIP	NO-CM			False	
w10:153	native_group_norm	SKIP	CM-QUANT-ONLY		dequantize_per_tensor,quantize_per_tensor	False	
w110:146	native_group_norm	SKIP	CM-QUANT-ONLY		dequantize_per_tensor,quantize_per_tensor	False	
w111:157	pixel_unshuffle	SKIP	CM-COMPUTE	transpose	dequantize_per_tensor,quantize_per_tensor,transpose	True	
w112:243	arange.start_out	SKIP	NO-CM			False	
w113:160	copy	SKIP	CM-QUANT-ONLY		dequantize_per_tensor,quantize_per_tensor	False	
w113:748	scatter_add.out	SKIP	CM-QUANT-ONLY		dequantize_per_tensor,quantize_per_tensor	True	
w114:63	expand_copy	SKIP	CM-QUANT-ONLY		dequantize_per_tensor,quantize_per_tensor	False	
w115:441	index_put	MISMATCH	CM-QUANT-ONLY		dequantize_per_tensor,quantize_per_tensor	True	
w116:358	stack	SKIP	NO-CM			False	
w117:258	zeros.out	SKIP	NO-CM			False	
w118:198	expand_copy	SKIP	NO-CM			False	
w119:157	bitwise_right_shift.Tensor_Scalar	MISMATCH	NO-CM			False	
w119:750	copy	SKIP	NO-CM			False	
w11:672	pixel_unshuffle	SKIP	CM-COMPUTE	transpose	dequantize_per_tensor,quantize_per_tensor,transpose	False	
w120:75	arange.out	SKIP	CM-QUANT-ONLY		dequantize_per_tensor	False	
w121:614	arange.start_out	SKIP	CM-QUANT-ONLY		dequantize_per_tensor	False	
w122:466	remainder.Tensor_out	MISMATCH	NO-CM			False	
w123:461	full.out	SKIP	CM-QUANT-ONLY		dequantize_per_tensor	False	
w124:448	arange.out	SKIP	CM-QUANT-ONLY		dequantize_per_tensor	False	
w125:447	stack	SKIP	NO-CM			False	
w126:363	bitwise_right_shift.Tensor_Scalar	MISMATCH	NO-CM			False	
w127:390	ones.out	SKIP	NO-CM			False	
w12:357	full.out	SKIP	NO-CM			False	
w13:206	bitwise_right_shift.Tensor_Scalar	MISMATCH	NO-CM			False	
w14:249	bitwise_right_shift.Tensor_Scalar	MISMATCH	NO-CM			False	
w15:117	linear	CRASH	NO-CM			False	
w16:11	stack	SKIP	NO-CM			False	
w16:745	pixel_shuffle	SKIP	CM-COMPUTE	transpose	transpose	False	
w17:638	index_put	MISMATCH	CM-QUANT-ONLY		dequantize_per_tensor,quantize_per_tensor	True	
w18:636	bitwise_left_shift.Tensor_out	MISMATCH	CM-QUANT-ONLY		dequantize_per_tensor,quantize_per_tensor	False	
w19:529	full.out	SKIP	CM-QUANT-ONLY		dequantize_per_tensor	False	
w1:532	topk.values	SKIP	NO-CM			False	
w20:532	full.out	SKIP	CM-QUANT-ONLY		dequantize_per_tensor	False	
w21:513	_fft_r2c	TIMEOUT	CM-QUANT-ONLY		dequantize_per_tensor,quantize_per_tensor	True	
w22:498	index_put	MISMATCH	CM-QUANT-ONLY		dequantize_per_tensor,quantize_per_tensor	True	
w23:41	pixel_shuffle	SKIP	CM-COMPUTE	transpose	dequantize_per_tensor,quantize_per_tensor,transpose	False	
w24:406	zeros.out	SKIP	CM-QUANT-ONLY		dequantize_per_tensor	False	
w25:311	topk.values	SKIP	CM-QUANT-ONLY		dequantize_per_tensor,quantize_per_tensor	True	
w26:230	_fft_r2c	TIMEOUT	CM-QUANT-ONLY		dequantize_per_tensor,quantize_per_tensor	False	
w27:104	pixel_shuffle	SKIP	CM-COMPUTE	transpose	dequantize_per_tensor,quantize_per_tensor,transpose	False	
w27:647	expand_copy	SKIP	CM-QUANT-ONLY		dequantize_per_tensor,quantize_per_tensor	True	
w28:579	minimum.out	SKIP	CM-COMPUTE	minimum	minimum	False	
w29:476	linear.out	CRASH	CM-QUANT-ONLY		dequantize_per_tensor,quantize_per_tensor	False	
w2:495	_pdist_forward	SKIP	NO-CM			False	
w30:426	pixel_shuffle	SKIP	CM-COMPUTE	transpose	dequantize_per_tensor,quantize_per_tensor,transpose	False	
w31:322	arange.start_out	SKIP	NO-CM			False	
w32:316	pixel_unshuffle	SKIP	CM-COMPUTE	transpose	dequantize_per_tensor,quantize_per_tensor,transpose	True	
w33:194	scatter.src_out	SKIP	CM-QUANT-ONLY		dequantize_per_tensor,quantize_per_tensor	True	
w34:114	topk.values	SKIP	NO-CM			False	
w34:729	arange.start_out	SKIP	NO-CM			False	
w35:677	remainder.Tensor_out	MISMATCH	NO-CM			False	
w36:598	native_group_norm	SKIP	CM-QUANT-ONLY		dequantize_per_tensor,quantize_per_tensor	False	
w37:639	scatter.src_out	SKIP	CM-QUANT-ONLY		dequantize_per_tensor,quantize_per_tensor	False	
w38:525	transpose_copy.int	SKIP	CM-COMPUTE	transpose	dequantize_per_tensor,quantize_per_tensor,transpose	False	
w39:475	ones.out	SKIP	CM-QUANT-ONLY		dequantize_per_tensor	False	
w3:414	full.out	SKIP	CM-QUANT-ONLY		dequantize_per_tensor	False	
w40:438	full.out	SKIP	CM-QUANT-ONLY		dequantize_per_tensor	False	
w41:459	_fft_r2c	TIMEOUT	CM-QUANT-ONLY		dequantize_per_tensor,quantize_per_tensor	False	
w42:414	fmod.Scalar	MISMATCH	NO-CM			False	
w43:301	bitwise_left_shift.Tensor_out	MISMATCH	NO-CM			False	
w44:355	index_put	MISMATCH	CM-QUANT-ONLY		dequantize_per_tensor,quantize_per_tensor	True	
w45:364	bitwise_left_shift.Tensor_out	MISMATCH	NO-CM			False	
w46:489	full.out	SKIP	CM-QUANT-ONLY		dequantize_per_tensor	False	
w47:436	scatter.src_out	SKIP	CM-QUANT-ONLY		dequantize_per_tensor,quantize_per_tensor	True	
w48:279	bitwise_right_shift.Tensor_Scalar	MISMATCH	NO-CM			False	
w49:233	_fft_r2c	TIMEOUT	CM-QUANT-ONLY		dequantize_per_tensor,quantize_per_tensor	False	
w4:127	transpose_copy.int	SKIP	CM-COMPUTE	transpose	dequantize_per_tensor,quantize_per_tensor,transpose	False	
w4:723	native_group_norm	SKIP	CM-QUANT-ONLY		dequantize_per_tensor,quantize_per_tensor	False	
w50:660	bitwise_right_shift.Tensor_out	MISMATCH	NO-CM			False	
w51:759	arange.out	SKIP	CM-QUANT-ONLY		dequantize_per_tensor	False	
w52:621	native_group_norm	SKIP	CM-QUANT-ONLY		dequantize_per_tensor,quantize_per_tensor	False	
w53:506	pixel_shuffle	SKIP	CM-COMPUTE	transpose	transpose	False	
w54:43	stack	SKIP	NO-CM			False	
w55:405	stack	SKIP	NO-CM			False	
w56:474	arange.out	SKIP	NO-CM			False	
w57:477	fmod.Tensor_out	MISMATCH	CM-QUANT-ONLY		dequantize_per_tensor,quantize_per_tensor	False	
w58:430	pixel_unshuffle	SKIP	CM-COMPUTE	transpose	dequantize_per_tensor,quantize_per_tensor,transpose	False	
w59:341	full.out	SKIP	NO-CM			False	
w5:268	bitwise_right_shift.Tensor_Scalar	MISMATCH	NO-CM			False	
w60:31	permute_copy	SKIP	CM-COMPUTE	transpose	dequantize_per_tensor,quantize_per_tensor,transpose	False	
w61:253	pixel_shuffle	SKIP	CM-COMPUTE	transpose	transpose	False	
w62:175	remainder.Scalar	MISMATCH	NO-CM			False	
w63:119	scatter.src_out	SKIP	CM-QUANT-ONLY		dequantize_per_tensor,quantize_per_tensor	True	
w64:175	full.out	SKIP	CM-QUANT-ONLY		dequantize_per_tensor	False	
w65:231	logical_not	MISMATCH	CM-QUANT-ONLY		dequantize_per_tensor,quantize_per_tensor	True	
w66:154	zeros.out	SKIP	NO-CM			False	
w66:666	_fft_r2c	TIMEOUT	CM-QUANT-ONLY		dequantize_per_tensor,quantize_per_tensor	False	
w67:670	arange.start_out	SKIP	NO-CM			False	
w68:543	bitwise_left_shift.Tensor_out	MISMATCH	CM-QUANT-ONLY		dequantize_per_tensor,quantize_per_tensor	False	
w69:415	remainder.Scalar	MISMATCH	NO-CM			False	
w6:407	full.out	SKIP	CM-QUANT-ONLY		dequantize_per_tensor	False	
w70:290	pixel_unshuffle	SKIP	CM-COMPUTE	transpose	dequantize_per_tensor,quantize_per_tensor,transpose	False	
w71:205	full.out	SKIP	CM-QUANT-ONLY		dequantize_per_tensor	False	
w72:190	pixel_shuffle	SKIP	CM-COMPUTE	transpose	dequantize_per_tensor,quantize_per_tensor,transpose	False	
w73:147	index_put	MISMATCH	CM-QUANT-ONLY		dequantize_per_tensor,quantize_per_tensor	True	
w73:755	expand_copy	SKIP	CM-QUANT-ONLY		dequantize_per_tensor,quantize_per_tensor	False	
w74:667	remainder.Tensor_out	MISMATCH	NO-CM			False	
w75:723	max.dim_max	SKIP	NO-CM			False	
w76:586	bitwise_left_shift.Tensor_Scalar	MISMATCH	NO-CM			False	
w77:550	ones.out	SKIP	NO-CM			False	
w78:54	stack	SKIP	NO-CM			False	
w79:485	topk.values	SKIP	CM-QUANT-ONLY		dequantize_per_tensor,quantize_per_tensor	True	
w7:293	ones.out	SKIP	CM-QUANT-ONLY		dequantize_per_tensor	False	
w80:284	index_put	MISMATCH	CM-QUANT-ONLY		dequantize_per_tensor,quantize_per_tensor	True	
w81:273	stack	SKIP	CM-QUANT-ONLY		dequantize_per_tensor,quantize_per_tensor	False	
w82:33	zeros.out	SKIP	CM-QUANT-ONLY		dequantize_per_tensor	False	
w83:307	bitwise_right_shift.Tensor_Scalar	MISMATCH	NO-CM			False	
w84:256	permute_copy	SKIP	CM-COMPUTE	transpose	dequantize_per_tensor,quantize_per_tensor,transpose	False	
w85:30	_fft_r2c	TIMEOUT	CM-QUANT-ONLY		dequantize_per_tensor,quantize_per_tensor	False	
w86:293	arange.out	SKIP	CM-QUANT-ONLY		dequantize_per_tensor	False	
w87:228	convolution	SKIP	CM-QUANT-ONLY		dequantize_per_tensor,quantize_per_tensor	False	
w88:143	zeros.out	SKIP	NO-CM			False	
w88:745	arange.start_out	SKIP	NO-CM			False	
w89:727	pixel_unshuffle	SKIP	CM-COMPUTE	transpose	dequantize_per_tensor,quantize_per_tensor,transpose	False	
w8:73	zeros.out	SKIP	CM-QUANT-ONLY		dequantize_per_tensor	False	
w90:637	scatter_add.out	SKIP	CM-QUANT-ONLY		dequantize_per_tensor,quantize_per_tensor	True	
w91:709	expand_copy	SKIP	CM-QUANT-ONLY		dequantize_per_tensor,quantize_per_tensor	False	
w92:703	index_put	MISMATCH	CM-QUANT-ONLY		dequantize_per_tensor,quantize_per_tensor	True	
w93:606	zeros.out	SKIP	NO-CM			False	
w94:499	pixel_unshuffle	SKIP	CM-COMPUTE	transpose	dequantize_per_tensor,quantize_per_tensor,transpose	False	
w95:399	_pdist_forward	SKIP	CM-QUANT-ONLY		dequantize_per_tensor,quantize_per_tensor	False	
w96:395	stack	SKIP	NO-CM			False	
w97:351	bitwise_right_shift.Tensor_out	MISMATCH	NO-CM			False	
w98:338	pixel_unshuffle	SKIP	CM-COMPUTE	transpose	dequantize_per_tensor,quantize_per_tensor,transpose	False	
w99:236	_fft_r2c	TIMEOUT	CM-QUANT-ONLY		dequantize_per_tensor,quantize_per_tensor	False	
w9:143	_fft_r2c	TIMEOUT	CM-QUANT-ONLY		dequantize_per_tensor,quantize_per_tensor	False	
w0:560	ones.out	SKIP	NO-CM			False	
w100:573	ones.out	SKIP	NO-CM			False	
w101:531	scatter_add.out	SKIP	CM-QUANT-ONLY		dequantize_per_tensor,quantize_per_tensor	True	
w102:440	pixel_unshuffle	SKIP	CM-COMPUTE	transpose	dequantize_per_tensor,quantize_per_tensor,transpose	False	
w103:264	arange.start_out	SKIP	NO-CM			False	
w104:446	where.self	SKIP	CM-QUANT-ONLY		dequantize_per_tensor,quantize_per_tensor	False	
w105:241	fill.Scalar	MISMATCH	CM-QUANT-ONLY		dequantize_per_tensor,quantize_per_tensor	False	
w106:317	max_pool2d_with_indices_backward.grad_input	MISMATCH	CM-QUANT-ONLY		dequantize_per_tensor,quantize_per_tensor	False	
w107:275	zeros.out	SKIP	NO-CM			False	
w108:139	arange.out	SKIP	NO-CM			False	
w109:125	arange.out	SKIP	CM-QUANT-ONLY		dequantize_per_tensor	False	
w10:156	_pdist_forward	SKIP	CM-QUANT-ONLY		dequantize_per_tensor,quantize_per_tensor	True	
w110:149	_pdist_forward	SKIP	NO-CM			False	
w111:272	where.self	SKIP	CM-QUANT-ONLY		dequantize_per_tensor,quantize_per_tensor	False	
w112:25	permute_copy	SKIP	CM-COMPUTE	transpose	dequantize_per_tensor,quantize_per_tensor,transpose	False	
w113:161	stack	SKIP	NO-CM			False	
w113:751	narrow_copy	SKIP	CM-QUANT-ONLY		dequantize_per_tensor,quantize_per_tensor	True	
w114:636	remainder.Tensor_out	MISMATCH	NO-CM			False	
w115:453	topk.values	SKIP	NO-CM			False	
w116:366	linear	CRASH	NO-CM			False	
w117:259	min.dim_min	SKIP	NO-CM			False	
w118:217	arange.start_out	SKIP	NO-CM			False	
w119:162	linear.out	CRASH	NO-CM			False	
w119:759	linear	CRASH	NO-CM			False	
w11:727	scatter_add.out	SKIP	CM-QUANT-ONLY		dequantize_per_tensor,quantize_per_tensor	True	
w120:751	native_group_norm	SKIP	CM-QUANT-ONLY		dequantize_per_tensor,quantize_per_tensor	False	
w121:639	native_group_norm	SKIP	CM-QUANT-ONLY		dequantize_per_tensor,quantize_per_tensor	False	
w122:478	_pdist_forward	SKIP	NO-CM			False	
w123:48	pixel_unshuffle	SKIP	CM-COMPUTE	transpose	dequantize_per_tensor,quantize_per_tensor,transpose	False	
w124:471	_fft_r2c	TIMEOUT	CM-QUANT-ONLY		dequantize_per_tensor,quantize_per_tensor	False	
w125:457	zeros.out	SKIP	NO-CM			False	
w126:368	linear.out	CRASH	NO-CM			False	
w127:399	pixel_unshuffle	SKIP	CM-COMPUTE	transpose	dequantize_per_tensor,quantize_per_tensor,transpose	False	
w12:372	remainder.Scalar	MISMATCH	NO-CM			False	
w13:223	full.out	SKIP	NO-CM			False	
w14:266	full.out	SKIP	CM-QUANT-ONLY		dequantize_per_tensor	False	
w15:119	zeros.out	SKIP	NO-CM			False	
w16:118	full.out	SKIP	CM-QUANT-ONLY		dequantize_per_tensor	False	
w16:761	_fft_r2c	TIMEOUT	CM-QUANT-ONLY		dequantize_per_tensor,quantize_per_tensor	False	
w17:652	copy	SKIP	NO-CM			False	
w18:637	div.out_mode	MISMATCH	CM-QUANT-ONLY		dequantize_per_tensor,quantize_per_tensor	False	
w19:559	expand_copy	SKIP	NO-CM			False	
w1:535	stack	SKIP	NO-CM			False	
w20:562	expand_copy	SKIP	NO-CM			False	
w21:514	ones.out	SKIP	CM-QUANT-ONLY		dequantize_per_tensor	False	
w22:510	topk.values	SKIP	CM-QUANT-ONLY		dequantize_per_tensor,quantize_per_tensor	True	
w23:410	where.self	SKIP	CM-QUANT-ONLY		dequantize_per_tensor,quantize_per_tensor	False	
w24:423	fmod.Scalar	MISMATCH	NO-CM			False	
w25:314	stack	SKIP	NO-CM			False	
w26:254	bitwise_right_shift.Tensor_Scalar	MISMATCH	NO-CM			False	
w27:112	max_pool2d_with_indices_backward.grad_input	MISMATCH	CM-QUANT-ONLY		dequantize_per_tensor,quantize_per_tensor	False	
w27:666	arange.start_out	SKIP	CM-QUANT-ONLY		dequantize_per_tensor	False	
w28:586	where.self	MISMATCH	CM-QUANT-ONLY		dequantize_per_tensor,quantize_per_tensor	False	
w29:488	full.out	SKIP	CM-QUANT-ONLY		dequantize_per_tensor	False	
w2:500	arange.out	SKIP	CM-QUANT-ONLY		dequantize_per_tensor	False	
w30:433	expand_copy	SKIP	CM-QUANT-ONLY		dequantize_per_tensor,quantize_per_tensor	False	
w31:33	linear.out	CRASH	CM-QUANT-ONLY		dequantize_per_tensor,quantize_per_tensor	False	
w32:330	bitwise_right_shift.Tensor_Scalar	MISMATCH	NO-CM			False	
w33:201	copy	SKIP	CM-QUANT-ONLY		dequantize_per_tensor,quantize_per_tensor	True	
w34:116	copy	SKIP	NO-CM			False	
w34:739	permute_copy	SKIP	CM-COMPUTE	transpose	dequantize_per_tensor,quantize_per_tensor,transpose	False	
w35:689	_pdist_forward	SKIP	CM-QUANT-ONLY		dequantize_per_tensor,quantize_per_tensor	False	
w36:608	where.self	SKIP	CM-QUANT-ONLY		dequantize_per_tensor,quantize_per_tensor	False	
w37:646	copy	SKIP	CM-QUANT-ONLY		dequantize_per_tensor,quantize_per_tensor	True	
w38:53	full.out	SKIP	CM-QUANT-ONLY		dequantize_per_tensor	False	
w39:477	logical_and.out	MISMATCH	CM-QUANT-ONLY		dequantize_per_tensor,quantize_per_tensor	True	
w3:429	remainder.Scalar	MISMATCH	NO-CM			False	
w40:481	pixel_unshuffle	SKIP	CM-COMPUTE	transpose	dequantize_per_tensor,quantize_per_tensor,transpose	False	
w41:460	ones.out	SKIP	CM-QUANT-ONLY		dequantize_per_tensor	False	
w42:425	_pdist_forward	SKIP	NO-CM			False	
w43:31	permute_copy	SKIP	CM-COMPUTE	transpose	dequantize_per_tensor,quantize_per_tensor,transpose	False	
w44:367	topk.values	SKIP	NO-CM			False	
w45:369	index_put	MISMATCH	CM-QUANT-ONLY		dequantize_per_tensor,quantize_per_tensor	True	
w46:533	remainder.Scalar_out	MISMATCH	CM-QUANT-ONLY		dequantize_per_tensor,quantize_per_tensor	False	
w47:443	copy	SKIP	CM-QUANT-ONLY		dequantize_per_tensor,quantize_per_tensor	True	
w48:28	ones.out	SKIP	CM-QUANT-ONLY		dequantize_per_tensor	False	
w49:234	ones.out	SKIP	NO-CM			False	
w4:134	pixel_shuffle	SKIP	CM-COMPUTE	transpose	dequantize_per_tensor,quantize_per_tensor,transpose	False	
w4:731	arange.out	SKIP	CM-QUANT-ONLY		dequantize_per_tensor	False	
w50:661	arange.out	SKIP	CM-QUANT-ONLY		dequantize_per_tensor	False	
w51:764	mul.Scalar	SKIP	CM-COMPUTE	quantized_mul	dequantize_per_tensor,quantize_per_tensor,quantized_mul	True	
w52:644	max_pool2d_with_indices_backward.grad_input	MISMATCH	CM-QUANT-ONLY		dequantize_per_tensor,quantize_per_tensor	False	
w53:51	scatter_add.out	SKIP	CM-QUANT-ONLY		dequantize_per_tensor,quantize_per_tensor	True	
w54:452	native_group_norm	SKIP	CM-QUANT-ONLY		dequantize_per_tensor,quantize_per_tensor	False	
w55:415	zeros.out	SKIP	NO-CM			False	
w56:497	_fft_r2c	TIMEOUT	CM-QUANT-ONLY		dequantize_per_tensor,quantize_per_tensor	False	
w57:499	_fft_r2c	TIMEOUT	CM-QUANT-ONLY		dequantize_per_tensor,quantize_per_tensor	False	
w58:436	arange.start_out	SKIP	CM-QUANT-ONLY		dequantize_per_tensor	False	
w59:369	bitwise_right_shift.Tensor_Scalar_out	MISMATCH	NO-CM			False	
w5:285	full.out	SKIP	CM-QUANT-ONLY		dequantize_per_tensor	False	
w60:320	copy	SKIP	CM-QUANT-ONLY		dequantize_per_tensor,quantize_per_tensor	False	
w61:261	max_pool2d_with_indices_backward.grad_input	MISMATCH	CM-QUANT-ONLY		dequantize_per_tensor,quantize_per_tensor	False	
w62:183	pixel_shuffle	SKIP	CM-COMPUTE	transpose	dequantize_per_tensor,quantize_per_tensor,transpose	False	
w63:127	stack	SKIP	NO-CM			False	
w64:199	scatter_add.out	SKIP	CM-QUANT-ONLY		dequantize_per_tensor,quantize_per_tensor	True	
w65:240	pixel_shuffle	SKIP	CM-COMPUTE	transpose	dequantize_per_tensor,quantize_per_tensor,transpose	False	
w66:171	fmod.Scalar	MISMATCH	NO-CM			False	
w66:667	ones.out	SKIP	CM-QUANT-ONLY		dequantize_per_tensor	False	
w67:68	zeros.out	SKIP	NO-CM			False	
w68:548	index_put	MISMATCH	CM-QUANT-ONLY		dequantize_per_tensor,quantize_per_tensor	True	
w69:416	transpose_copy.int	SKIP	CM-COMPUTE	transpose	dequantize_per_tensor,quantize_per_tensor,transpose	False	
w6:437	expand_copy	SKIP	CM-QUANT-ONLY		dequantize_per_tensor,quantize_per_tensor	False	
w70:296	arange.start_out	SKIP	CM-QUANT-ONLY		dequantize_per_tensor	False	
w71:228	pixel_shuffle	SKIP	CM-COMPUTE	transpose	dequantize_per_tensor,quantize_per_tensor,transpose	False	
w72:210	pixel_unshuffle	SKIP	CM-COMPUTE	transpose	dequantize_per_tensor,quantize_per_tensor,transpose	False	
w73:159	topk.values	SKIP	CM-QUANT-ONLY		dequantize_per_tensor,quantize_per_tensor	True	
w73:774	arange.start_out	SKIP	CM-QUANT-ONLY		dequantize_per_tensor	False	
w74:683	bitwise_right_shift.Tensor_out	MISMATCH	NO-CM			False	
w75:733	_pdist_forward	SKIP	CM-QUANT-ONLY		dequantize_per_tensor,quantize_per_tensor	False	
w76:594	expand_copy	SKIP	CM-QUANT-ONLY		dequantize_per_tensor,quantize_per_tensor	False	
w77:555	fill.Scalar	MISMATCH	CM-QUANT-ONLY		dequantize_per_tensor,quantize_per_tensor	False	
w78:545	native_group_norm	SKIP	CM-QUANT-ONLY		dequantize_per_tensor,quantize_per_tensor	False	
w79:488	stack	SKIP	NO-CM			False	
w7:321	linear.out	CRASH	NO-CM			False	
w80:299	stack	SKIP	NO-CM			False	
w81:30	index_put	MISMATCH	CM-QUANT-ONLY		dequantize_per_tensor,quantize_per_tensor	True	
w82:358	full.out	SKIP	NO-CM			False	
w83:324	full.out	SKIP	CM-QUANT-ONLY		dequantize_per_tensor	False	
w84:271	native_group_norm	SKIP	CM-QUANT-ONLY		dequantize_per_tensor,quantize_per_tensor	False	
w85:31	ones.out	SKIP	NO-CM			False	
w86:30	linear	CRASH	NO-CM			False	
w87:233	native_group_norm	SKIP	CM-QUANT-ONLY		dequantize_per_tensor,quantize_per_tensor	False	
w88:168	native_group_norm	SKIP	CM-QUANT-ONLY		dequantize_per_tensor,quantize_per_tensor	False	
w88:770	native_group_norm	SKIP	CM-QUANT-ONLY		dequantize_per_tensor,quantize_per_tensor	False	
w89:746	linear.out	CRASH	NO-CM			False	
w8:744	topk.values	SKIP	CM-QUANT-ONLY		dequantize_per_tensor,quantize_per_tensor	True	
w90:672	permute_copy	SKIP	CM-COMPUTE	transpose	dequantize_per_tensor,quantize_per_tensor,transpose	False	
w91:722	pixel_unshuffle	SKIP	CM-COMPUTE	transpose	dequantize_per_tensor,quantize_per_tensor,transpose	False	
w92:710	scatter.src_out	SKIP	CM-QUANT-ONLY		dequantize_per_tensor,quantize_per_tensor	True	
w93:634	_pdist_forward	SKIP	CM-QUANT-ONLY		dequantize_per_tensor,quantize_per_tensor	True	
w94:513	bitwise_right_shift.Tensor_Scalar	MISMATCH	NO-CM			False	
w95:404	arange.out	SKIP	CM-QUANT-ONLY		dequantize_per_tensor	False	
w96:403	linear	CRASH	NO-CM			False	
w97:352	arange.out	SKIP	NO-CM			False	
w98:344	arange.start_out	SKIP	CM-QUANT-ONLY		dequantize_per_tensor	False	
w99:237	ones.out	SKIP	CM-QUANT-ONLY		dequantize_per_tensor	False	
w9:144	ones.out	SKIP	CM-QUANT-ONLY		dequantize_per_tensor	False	
w0:565	fill.Scalar	MISMATCH	CM-QUANT-ONLY		dequantize_per_tensor,quantize_per_tensor	False	
w100:578	fill.Scalar	MISMATCH	CM-QUANT-ONLY		dequantize_per_tensor,quantize_per_tensor	False	
w101:535	bitwise_right_shift.Tensor_Scalar_out	MISMATCH	NO-CM			False	
w102:441	remainder.Scalar_out	MISMATCH	NO-CM			False	
w103:274	permute_copy	SKIP	CM-COMPUTE	transpose	dequantize_per_tensor,quantize_per_tensor,transpose	False	
w104:468	index_put	MISMATCH	CM-QUANT-ONLY		dequantize_per_tensor,quantize_per_tensor	True	
w105:245	pixel_unshuffle	SKIP	CM-COMPUTE	transpose	dequantize_per_tensor,quantize_per_tensor,transpose	False	
w106:325	_fft_r2c	TIMEOUT	CM-QUANT-ONLY		dequantize_per_tensor,quantize_per_tensor	False	
w107:303	_pdist_forward	SKIP	CM-QUANT-ONLY		dequantize_per_tensor,quantize_per_tensor	True	
w108:146	pixel_shuffle	SKIP	CM-COMPUTE	transpose	dequantize_per_tensor,quantize_per_tensor,transpose	False	
w109:132	pixel_shuffle	SKIP	CM-COMPUTE	transpose	dequantize_per_tensor,quantize_per_tensor,transpose	False	
w10:160	bitwise_right_shift.Tensor_out	MISMATCH	NO-CM			False	
w110:154	arange.out	SKIP	CM-QUANT-ONLY		dequantize_per_tensor	False	
w111:289	bitwise_left_shift.Tensor_out	MISMATCH	CM-QUANT-ONLY		dequantize_per_tensor,quantize_per_tensor	False	
w112:307	scatter.src_out	SKIP	CM-QUANT-ONLY		dequantize_per_tensor,quantize_per_tensor	True	
w113:171	zeros.out	SKIP	NO-CM			False	
w113:754	expand_copy	SKIP	NO-CM			False	
w114:653	arange.out	SKIP	NO-CM			False	
w115:455	copy	SKIP	CM-QUANT-ONLY		dequantize_per_tensor,quantize_per_tensor	False	
w116:370	logit	MISMATCH	CM-QUANT-ONLY		dequantize_per_tensor,quantize_per_tensor	False	
w117:286	_pdist_forward	SKIP	NO-CM			False	
w118:227	permute_copy	SKIP	CM-COMPUTE	transpose	dequantize_per_tensor,quantize_per_tensor,transpose	False	
w119:197	pixel_shuffle	SKIP	CM-COMPUTE	transpose	dequantize_per_tensor,quantize_per_tensor,transpose	False	
w119:761	zeros.out	SKIP	NO-CM			False	
w11:746	pixel_unshuffle	SKIP	CM-COMPUTE	transpose	dequantize_per_tensor,quantize_per_tensor,transpose	False	
w120:754	_pdist_forward	SKIP	NO-CM			False	
w121:649	where.self	SKIP	CM-QUANT-ONLY		dequantize_per_tensor,quantize_per_tensor	False	
w122:483	arange.out	SKIP	NO-CM			False	
w123:489	bitwise_right_shift.Tensor_Scalar_out	MISMATCH	NO-CM			False	
w124:472	ones.out	SKIP	CM-QUANT-ONLY		dequantize_per_tensor	False	
w125:489	bitwise_right_shift.Tensor_out	MISMATCH	NO-CM			False	
w126:380	full.out	SKIP	NO-CM			False	
w127:403	_upsample_bilinear2d_aa.out	MISMATCH	CM-QUANT-ONLY		dequantize_per_tensor,quantize_per_tensor	False	
w12:381	scatter_add.out	SKIP	CM-QUANT-ONLY		dequantize_per_tensor,quantize_per_tensor	False	
w13:246	pixel_shuffle	SKIP	CM-COMPUTE	transpose	dequantize_per_tensor,quantize_per_tensor,transpose	False	
w14:296	expand_copy	SKIP	NO-CM			False	
w15:152	arange.out	SKIP	CM-QUANT-ONLY		dequantize_per_tensor	False	
w16:133	remainder.Scalar	MISMATCH	NO-CM			False	
w16:762	ones.out	SKIP	CM-QUANT-ONLY		dequantize_per_tensor	False	
w17:653	stack	SKIP	NO-CM			False	
w18:653	topk.values	SKIP	CM-QUANT-ONLY		dequantize_per_tensor,quantize_per_tensor	True	
w19:572	pixel_unshuffle	SKIP	CM-COMPUTE	transpose	dequantize_per_tensor,quantize_per_tensor,transpose	True	
w1:561	remainder.Tensor_out	MISMATCH	NO-CM			False	
w20:581	arange.start_out	SKIP	NO-CM			False	
w21:519	fill.Scalar	MISMATCH	CM-QUANT-ONLY		dequantize_per_tensor,quantize_per_tensor	False	
w22:512	copy	SKIP	NO-CM			False	
w23:427	bitwise_left_shift.Tensor_out	MISMATCH	NO-CM			False	
w24:424	max.dim_max	SKIP	NO-CM			False	
w25:324	zeros.out	SKIP	NO-CM			False	
w26:26	bitwise_right_shift.Tensor_Scalar	MISMATCH	NO-CM			False	
w27:120	_fft_r2c	TIMEOUT	CM-QUANT-ONLY		dequantize_per_tensor,quantize_per_tensor	False	
w27:7	native_group_norm	SKIP	CM-QUANT-ONLY		dequantize_per_tensor,quantize_per_tensor	False	
w28:6	ones.out	SKIP	NO-CM			False	
w29:510	bitwise_left_shift.Tensor_Scalar	MISMATCH	NO-CM			False	
w2:515	max_pool2d_with_indices_backward.grad_input	MISMATCH	CM-QUANT-ONLY		dequantize_per_tensor,quantize_per_tensor	False	
w30:452	arange.start_out	SKIP	NO-CM			False	
w31:357	where.self	SKIP	CM-QUANT-ONLY		dequantize_per_tensor,quantize_per_tensor	False	
w32:347	full.out	SKIP	CM-QUANT-ONLY		dequantize_per_tensor	False	
w33:202	stack	SKIP	NO-CM			False	
w34:117	stack	SKIP	NO-CM			False	
w34:749	convolution	SKIP	CM-QUANT-ONLY		dequantize_per_tensor,quantize_per_tensor	False	
w35:694	arange.out	SKIP	NO-CM			False	
w36:625	bitwise_left_shift.Tensor_out	MISMATCH	NO-CM			False	
w37:647	stack	SKIP	NO-CM			False	
w38:539	expand_copy	SKIP	CM-QUANT-ONLY		dequantize_per_tensor,quantize_per_tensor	False	
w39:503	linear.out	CRASH	CM-QUANT-ONLY		dequantize_per_tensor,quantize_per_tensor	False	
w3:437	pixel_shuffle	SKIP	CM-COMPUTE	transpose	dequantize_per_tensor,quantize_per_tensor,transpose	False	
w40:503	prod.int_out	MISMATCH	CM-QUANT-ONLY		dequantize_per_tensor,quantize_per_tensor	False	
w41:488	linear.out	CRASH	CM-QUANT-ONLY		dequantize_per_tensor,quantize_per_tensor	False	
w42:430	arange.out	SKIP	CM-QUANT-ONLY		dequantize_per_tensor	False	
w43:313	scatter.src_out	SKIP	CM-QUANT-ONLY		dequantize_per_tensor,quantize_per_tensor	True	
w44:370	stack	SKIP	CM-QUANT-ONLY		dequantize_per_tensor,quantize_per_tensor	False	
w45:384	stack	SKIP	NO-CM			False	
w46:538	arange.start_out	SKIP	CM-QUANT-ONLY		dequantize_per_tensor	False	
w47:444	stack	SKIP	NO-CM			False	
w48:311	remainder.Scalar	MISMATCH	NO-CM			False	
w49:243	pixel_unshuffle	SKIP	CM-COMPUTE	transpose	dequantize_per_tensor,quantize_per_tensor,transpose	False	
w4:14	zeros.out	SKIP	NO-CM			False	
w4:754	_fft_r2c	TIMEOUT	CM-QUANT-ONLY		dequantize_per_tensor,quantize_per_tensor	False	
w50:684	_fft_r2c	TIMEOUT	CM-QUANT-ONLY		dequantize_per_tensor,quantize_per_tensor	False	
w51:766	pixel_shuffle	SKIP	CM-COMPUTE	transpose	dequantize_per_tensor,quantize_per_tensor,transpose	False	
w52:652	_fft_r2c	TIMEOUT	CM-QUANT-ONLY		dequantize_per_tensor,quantize_per_tensor	False	
w53:532	arange.start_out	SKIP	NO-CM			False	
w54:462	where.self	SKIP	CM-QUANT-ONLY		dequantize_per_tensor,quantize_per_tensor	False	
w55:431	remainder.Tensor_out	MISMATCH	NO-CM			False	
w56:498	ones.out	SKIP	CM-QUANT-ONLY		dequantize_per_tensor	False	
w57:500	ones.out	SKIP	CM-QUANT-ONLY		dequantize_per_tensor	False	
w58:464	minimum.out	SKIP	CM-COMPUTE	minimum	minimum	False	
w59:384	pixel_unshuffle	SKIP	CM-COMPUTE	transpose	dequantize_per_tensor,quantize_per_tensor,transpose	False	
w5:334	arange.start_out	SKIP	CM-QUANT-ONLY		dequantize_per_tensor	False	
w60:321	stack	SKIP	CM-QUANT-ONLY		dequantize_per_tensor,quantize_per_tensor	False	
w61:269	_fft_r2c	TIMEOUT	CM-QUANT-ONLY		dequantize_per_tensor,quantize_per_tensor	False	
w62:209	arange.start_out	SKIP	NO-CM			False	
w63:137	zeros.out	SKIP	CM-QUANT-ONLY		dequantize_per_tensor	False	
w64:21	native_group_norm	SKIP	CM-QUANT-ONLY		dequantize_per_tensor,quantize_per_tensor	False	
w65:248	max_pool2d_with_indices_backward.grad_input	MISMATCH	CM-QUANT-ONLY		dequantize_per_tensor,quantize_per_tensor	False	
w66:182	_pdist_forward	SKIP	CM-QUANT-ONLY		dequantize_per_tensor,quantize_per_tensor	True	
w66:690	bitwise_right_shift.Tensor_Scalar	MISMATCH	NO-CM			False	
w67:680	permute_copy	SKIP	CM-COMPUTE	transpose	dequantize_per_tensor,quantize_per_tensor,transpose	False	
w68:555	scatter.src_out	SKIP	NO-CM			False	
w69:42	bitwise_left_shift.Tensor_Scalar_out	MISMATCH	NO-CM			False	
w6:456	arange.start_out	SKIP	CM-QUANT-ONLY		dequantize_per_tensor	False	
w70:306	permute_copy	SKIP	CM-COMPUTE	transpose	dequantize_per_tensor,quantize_per_tensor,transpose	False	
w71:254	arange.start_out	SKIP	NO-CM			False	
w72:216	arange.start_out	SKIP	NO-CM			False	
w73:161	copy	SKIP	NO-CM			False	
w73:90	arange.start_out	SKIP	NO-CM			False	
w74:684	arange.out	SKIP	CM-QUANT-ONLY		dequantize_per_tensor	False	
w75:738	arange.out	SKIP	NO-CM			False	
w76:613	arange.start_out	SKIP	CM-QUANT-ONLY		dequantize_per_tensor	False	
w77:559	pixel_unshuffle	SKIP	CM-COMPUTE	transpose	dequantize_per_tensor,quantize_per_tensor,transpose	False	
w78:548	_pdist_forward	SKIP	CM-QUANT-ONLY		dequantize_per_tensor,quantize_per_tensor	False	
w79:498	zeros.out	SKIP	CM-QUANT-ONLY		dequantize_per_tensor	False	
w7:33	native_group_norm	SKIP	CM-QUANT-ONLY		dequantize_per_tensor,quantize_per_tensor	False	
w80:307	linear	CRASH	NO-CM			False	
w81:339	_fft_r2c	TIMEOUT	CM-QUANT-ONLY		dequantize_per_tensor,quantize_per_tensor	False	
w82:401	pixel_unshuffle	SKIP	CM-COMPUTE	transpose	dequantize_per_tensor,quantize_per_tensor,transpose	False	
w83:340	transpose_copy.int	SKIP	CM-COMPUTE	transpose	dequantize_per_tensor,quantize_per_tensor,transpose	False	
w84:298	bitwise_left_shift.Tensor_out	MISMATCH	CM-QUANT-ONLY		dequantize_per_tensor,quantize_per_tensor	False	
w85:348	arange.start_out	SKIP	NO-CM			False	
w86:300	pixel_shuffle	SKIP	CM-COMPUTE	transpose	transpose	False	
w87:243	where.self	SKIP	CM-QUANT-ONLY		dequantize_per_tensor,quantize_per_tensor	False	
w88:171	_pdist_forward	SKIP	NO-CM			False	
w88:86	native_group_norm	SKIP	CM-QUANT-ONLY		dequantize_per_tensor,quantize_per_tensor	False	
w89:758	full.out	SKIP	NO-CM			False	
w8:747	stack	SKIP	NO-CM			False	
w90:697	where.self	SKIP	CM-QUANT-ONLY		dequantize_per_tensor,quantize_per_tensor	False	
w91:728	arange.start_out	SKIP	NO-CM			False	
w92:715	topk.values	SKIP	NO-CM			False	
w93:646	pixel_shuffle	SKIP	CM-COMPUTE	transpose	dequantize_per_tensor,quantize_per_tensor,transpose	False	
w94:589	permute_copy	SKIP	CM-COMPUTE	transpose	dequantize_per_tensor,quantize_per_tensor,transpose	False	
w95:419	max_pool2d_with_indices_backward.grad_input	MISMATCH	CM-QUANT-ONLY		dequantize_per_tensor,quantize_per_tensor	False	
w96:405	zeros.out	SKIP	NO-CM			False	
w97:359	pixel_shuffle	SKIP	CM-COMPUTE	transpose	dequantize_per_tensor,quantize_per_tensor,transpose	False	
w98:401	index_put	MISMATCH	CM-QUANT-ONLY		dequantize_per_tensor,quantize_per_tensor	True	
w99:246	pixel_unshuffle	SKIP	CM-COMPUTE	transpose	dequantize_per_tensor,quantize_per_tensor,transpose	False	
w9:149	fill.Scalar	MISMATCH	CM-QUANT-ONLY		dequantize_per_tensor,quantize_per_tensor	False	
w0:569	pixel_unshuffle	SKIP	CM-COMPUTE	transpose	dequantize_per_tensor,quantize_per_tensor,transpose	False	
w100:596	bitwise_right_shift.Tensor_Scalar	MISMATCH	NO-CM			False	
w101:556	arange.start_out	SKIP	CM-QUANT-ONLY		dequantize_per_tensor	False	
w102:446	arange.start_out	SKIP	NO-CM			False	
w103:30	pixel_unshuffle	SKIP	CM-COMPUTE	transpose	dequantize_per_tensor,quantize_per_tensor,transpose	True	
w104:483	stack	SKIP	NO-CM			False	
w105:276	full.out	SKIP	CM-QUANT-ONLY		dequantize_per_tensor	False	
w106:326	ones.out	SKIP	CM-QUANT-ONLY		dequantize_per_tensor	False	
w107:331	_fft_r2c	TIMEOUT	CM-QUANT-ONLY		dequantize_per_tensor,quantize_per_tensor	False	
w108:154	max_pool2d_with_indices_backward.grad_input	MISMATCH	CM-QUANT-ONLY		dequantize_per_tensor,quantize_per_tensor	False	
w109:148	_fft_r2c	TIMEOUT	CM-QUANT-ONLY		dequantize_per_tensor,quantize_per_tensor	True	
w10:184	_fft_r2c	CRASH	CM-QUANT-ONLY		dequantize_per_tensor,quantize_per_tensor	False	
w110:161	pixel_shuffle	SKIP	CM-COMPUTE	transpose	dequantize_per_tensor,quantize_per_tensor,transpose	False	
w111:294	index_put	MISMATCH	CM-QUANT-ONLY		dequantize_per_tensor,quantize_per_tensor	True	
w112:314	copy	SKIP	CM-QUANT-ONLY		dequantize_per_tensor,quantize_per_tensor	True	
w113:203	bitwise_right_shift.Tensor_out	MISMATCH	NO-CM			False	
w113:757	pow.Scalar_out	MISMATCH	NO-CM			False	
w114:654	fmod.Tensor_out	MISMATCH	CM-QUANT-ONLY		dequantize_per_tensor,quantize_per_tensor	False	
w115:456	stack	SKIP	CM-QUANT-ONLY		dequantize_per_tensor,quantize_per_tensor	False	
w116:386	max.dim_max	SKIP	NO-CM			False	
w117:291	arange.out	SKIP	CM-QUANT-ONLY		dequantize_per_tensor	False	
w118:24	where.self	SKIP	CM-QUANT-ONLY		dequantize_per_tensor,quantize_per_tensor	False	
w119:20	native_group_norm	SKIP	CM-QUANT-ONLY		dequantize_per_tensor,quantize_per_tensor	False	
w119:77	zeros.out	SKIP	CM-QUANT-ONLY		dequantize_per_tensor	False	
w11:752	arange.start_out	SKIP	CM-QUANT-ONLY		dequantize_per_tensor	False	
w120:82	pixel_shuffle	SKIP	CM-COMPUTE	transpose	dequantize_per_tensor,quantize_per_tensor,transpose	False	
w121:671	index_put	MISMATCH	CM-QUANT-ONLY		dequantize_per_tensor,quantize_per_tensor	True	
w122:490	pixel_shuffle	SKIP	CM-COMPUTE	transpose	dequantize_per_tensor,quantize_per_tensor,transpose	False	
w123:5	full.out	SKIP	CM-QUANT-ONLY		dequantize_per_tensor	False	
w124:512	full.out	SKIP	CM-QUANT-ONLY		dequantize_per_tensor	False	
w125:490	arange.out	SKIP	NO-CM			False	
w126:410	expand_copy	SKIP	NO-CM			False	
w127:430	full.out	SKIP	NO-CM			False	
w12:406	arange.start_out	SKIP	CM-QUANT-ONLY		dequantize_per_tensor	False	
w13:25	expand_copy	SKIP	NO-CM			False	
w14:315	arange.start_out	SKIP	NO-CM			False	
w15:159	pixel_shuffle	SKIP	CM-COMPUTE	transpose	dequantize_per_tensor,quantize_per_tensor,transpose	False	
w16:141	pixel_shuffle	SKIP	CM-COMPUTE	transpose	dequantize_per_tensor,quantize_per_tensor,transpose	False	
w16:767	fill.Scalar	MISMATCH	CM-QUANT-ONLY		dequantize_per_tensor,quantize_per_tensor	True	
w17:663	zeros.out	SKIP	CM-QUANT-ONLY		dequantize_per_tensor	False	
w18:655	copy	SKIP	NO-CM			False	
w19:573	remainder.Scalar_out	MISMATCH	NO-CM			False	
w1:601	_fft_r2c	CRASH	CM-QUANT-ONLY		dequantize_per_tensor,quantize_per_tensor	False	
w20:616	where.self	SKIP	CM-QUANT-ONLY		dequantize_per_tensor,quantize_per_tensor	False	
w21:523	pixel_unshuffle	SKIP	CM-COMPUTE	transpose	dequantize_per_tensor,quantize_per_tensor,transpose	False	
w22:513	stack	SKIP	NO-CM			False	
w23:439	scatter.src_out	SKIP	NO-CM			False	
w24:434	_pdist_forward	SKIP	CM-QUANT-ONLY		dequantize_per_tensor,quantize_per_tensor	True	
w25:349	native_group_norm	SKIP	CM-QUANT-ONLY		dequantize_per_tensor,quantize_per_tensor	False	
w26:271	full.out	SKIP	CM-QUANT-ONLY		dequantize_per_tensor	False	
w27:185	scatter_add.out	SKIP	CM-QUANT-ONLY		dequantize_per_tensor,quantize_per_tensor	True	
w27:701	where.self	SKIP	CM-QUANT-ONLY		dequantize_per_tensor,quantize_per_tensor	False	
w28:603	bitwise_left_shift.Tensor_out	MISMATCH	NO-CM			False	
w29:518	expand_copy	SKIP	CM-QUANT-ONLY		dequantize_per_tensor,quantize_per_tensor	False	
w2:523	_fft_r2c	TIMEOUT	CM-QUANT-ONLY		dequantize_per_tensor,quantize_per_tensor	False	
w30:48	bitwise_left_shift.Tensor_out	MISMATCH	NO-CM			False	
w31:371	bitwise_left_shift.Tensor_Scalar_out	MISMATCH	NO-CM			False	
w32:371	scatter_add.out	SKIP	CM-QUANT-ONLY		dequantize_per_tensor,quantize_per_tensor	False	
w33:210	linear	CRASH	NO-CM			False	
w34:127	zeros.out	SKIP	NO-CM			False	
w35:104	expand_copy	SKIP	NO-CM			False	
w35:701	pixel_shuffle	SKIP	CM-COMPUTE	transpose	dequantize_per_tensor,quantize_per_tensor,transpose	False	
w36:626	div.out_mode	MISMATCH	CM-QUANT-ONLY		dequantize_per_tensor,quantize_per_tensor	False	
w37:65	floor_divide	MISMATCH	CM-QUANT-ONLY		dequantize_per_tensor,quantize_per_tensor	False	
w38:552	pixel_unshuffle	SKIP	CM-COMPUTE	transpose	dequantize_per_tensor,quantize_per_tensor,transpose	False	
w39:515	full.out	SKIP	CM-QUANT-ONLY		dequantize_per_tensor	False	
w3:438	scatter_add.out	SKIP	CM-QUANT-ONLY		dequantize_per_tensor,quantize_per_tensor	True	
w40:540	div.out_mode	MISMATCH	CM-QUANT-ONLY		dequantize_per_tensor,quantize_per_tensor	True	
w41:500	full.out	SKIP	NO-CM			False	
w42:437	pixel_shuffle	SKIP	CM-COMPUTE	transpose	dequantize_per_tensor,quantize_per_tensor,transpose	False	
w43:321	stack	SKIP	CM-QUANT-ONLY		dequantize_per_tensor,quantize_per_tensor	False	
w44:380	zeros.out	SKIP	NO-CM			False	
w45:394	zeros.out	SKIP	CM-QUANT-ONLY		dequantize_per_tensor	False	
w46:544	scatter.value_out	SKIP	NO-CM			False	
w47:46	max_pool2d_with_indices_backward.grad_input	MISMATCH	CM-QUANT-ONLY		dequantize_per_tensor,quantize_per_tensor	False	
w48:345	arange.start_out	SKIP	CM-QUANT-ONLY		dequantize_per_tensor	False	
w49:289	remainder.Scalar	MISMATCH	NO-CM			False	
w4:160	arange.start_out	SKIP	NO-CM			False	
w4:755	ones.out	SKIP	NO-CM			False	
w50:694	pixel_unshuffle	SKIP	CM-COMPUTE	transpose	dequantize_per_tensor,quantize_per_tensor,transpose	False	
w51:774	max_pool2d_with_indices_backward.grad_input	MISMATCH	CM-QUANT-ONLY		dequantize_per_tensor,quantize_per_tensor	False	
w52:658	fill.Scalar	MISMATCH	CM-QUANT-ONLY		dequantize_per_tensor,quantize_per_tensor	True	
w53:55	bitwise_right_shift.Tensor_Scalar_out	MISMATCH	NO-CM			False	
w54:467	mul.out	MISMATCH	CM-QUANT-ONLY		dequantize_per_tensor,quantize_per_tensor	True	
w55:433	max.dim_max	SKIP	NO-CM			False	
w56:51	pixel_unshuffle	SKIP	CM-COMPUTE	transpose	dequantize_per_tensor,quantize_per_tensor,transpose	False	
w57:509	pixel_unshuffle	SKIP	CM-COMPUTE	transpose	dequantize_per_tensor,quantize_per_tensor,transpose	False	
w58:49	topk.values	SKIP	NO-CM			False	
w59:390	arange.start_out	SKIP	CM-QUANT-ONLY		dequantize_per_tensor	False	
w5:369	where.self	MISMATCH	CM-QUANT-ONLY		dequantize_per_tensor,quantize_per_tensor	False	
w60:331	zeros.out	SKIP	CM-QUANT-ONLY		dequantize_per_tensor	False	
w61:270	ones.out	SKIP	CM-QUANT-ONLY		dequantize_per_tensor	False	
w62:234	native_group_norm	SKIP	CM-QUANT-ONLY		dequantize_per_tensor,quantize_per_tensor	False	
w63:138	min.dim_min	SKIP	NO-CM			False	
w64:218	pixel_unshuffle	SKIP	CM-COMPUTE	transpose	dequantize_per_tensor,quantize_per_tensor,transpose	False	
w65:256	_fft_r2c	TIMEOUT	CM-QUANT-ONLY		dequantize_per_tensor,quantize_per_tensor	False	
w66:187	arange.out	SKIP	CM-QUANT-ONLY		dequantize_per_tensor	False	
w66:707	full.out	SKIP	NO-CM			False	
w67:690	convolution	SKIP	CM-QUANT-ONLY		dequantize_per_tensor,quantize_per_tensor	False	
w68:563	stack	SKIP	NO-CM			False	
w69:423	pixel_shuffle	SKIP	CM-COMPUTE	transpose	dequantize_per_tensor,quantize_per_tensor,transpose	False	
w6:491	where.self	SKIP	CM-QUANT-ONLY		dequantize_per_tensor,quantize_per_tensor	False	
w70:331	where.self	SKIP	CM-QUANT-ONLY		dequantize_per_tensor,quantize_per_tensor	False	
w71:26	arange.start_out	SKIP	NO-CM			False	
w72:236	convolution	SKIP	CM-QUANT-ONLY		dequantize_per_tensor,quantize_per_tensor	False	
w73:162	stack	SKIP	NO-CM			False	
w74:0	arange.out	SKIP	NO-CM			False	
w74:691	pixel_shuffle	SKIP	CM-COMPUTE	transpose	dequantize_per_tensor,quantize_per_tensor,transpose	False	
w75:745	pixel_shuffle	SKIP	CM-COMPUTE	transpose	dequantize_per_tensor,quantize_per_tensor,transpose	False	
w76:648	where.self	SKIP	CM-QUANT-ONLY		dequantize_per_tensor,quantize_per_tensor	False	
w77:590	full.out	SKIP	CM-QUANT-ONLY		dequantize_per_tensor	False	
w78:568	max_pool2d_with_indices_backward.grad_input	SKIP	CM-QUANT-ONLY		dequantize_per_tensor,quantize_per_tensor	False	
w79:514	remainder.Tensor_out	MISMATCH	CM-QUANT-ONLY		dequantize_per_tensor,quantize_per_tensor	False	
w7:333	full.out	SKIP	CM-QUANT-ONLY		dequantize_per_tensor	False	
w80:309	zeros.out	SKIP	CM-QUANT-ONLY		dequantize_per_tensor	False	
w81:340	ones.out	SKIP	NO-CM			False	
w82:407	arange.start_out	SKIP	NO-CM			False	
w83:354	expand_copy	SKIP	NO-CM			False	
w84:303	index_put	MISMATCH	CM-QUANT-ONLY		dequantize_per_tensor,quantize_per_tensor	True	
w85:36	fill.Scalar	MISMATCH	CM-QUANT-ONLY		dequantize_per_tensor,quantize_per_tensor	False	
w86:316	_fft_r2c	TIMEOUT	CM-QUANT-ONLY		dequantize_per_tensor,quantize_per_tensor	False	
w87:261	div.out_mode	MISMATCH	CM-QUANT-ONLY		dequantize_per_tensor,quantize_per_tensor	False	
w88:176	arange.out	SKIP	NO-CM			False	
w89:123	arange.start_out	SKIP	CM-QUANT-ONLY		dequantize_per_tensor	False	
w89:781	pixel_shuffle	SKIP	CM-COMPUTE	transpose	dequantize_per_tensor,quantize_per_tensor,transpose	False	
w8:757	zeros.out	SKIP	NO-CM			False	
w90:714	bitwise_left_shift.Tensor_out	MISMATCH	CM-QUANT-ONLY		dequantize_per_tensor,quantize_per_tensor	False	
w91:734	scatter.value_out	SKIP	CM-QUANT-ONLY		dequantize_per_tensor,quantize_per_tensor	False	
w92:718	stack	SKIP	NO-CM			False	
w93:662	_fft_r2c	TIMEOUT	CM-QUANT-ONLY		dequantize_per_tensor,quantize_per_tensor	False	
w94:62	linear.out	CRASH	CM-QUANT-ONLY		dequantize_per_tensor,quantize_per_tensor	False	
w95:42	expand_copy	SKIP	CM-QUANT-ONLY		dequantize_per_tensor,quantize_per_tensor	False	
w96:421	remainder.Tensor_out	MISMATCH	NO-CM			False	
w97:375	_fft_r2c	TIMEOUT	CM-QUANT-ONLY		dequantize_per_tensor,quantize_per_tensor	False	
w98:413	topk.values	SKIP	NO-CM			False	
w99:265	linear.out	CRASH	NO-CM			False	
w9:172	linear.out	CRASH	NO-CM			False	
w0:600	full.out	SKIP	CM-QUANT-ONLY		dequantize_per_tensor	False	
w100:60	zeros.out	SKIP	CM-QUANT-ONLY		dequantize_per_tensor	False	
w101:581	native_group_norm	SKIP	CM-QUANT-ONLY		dequantize_per_tensor,quantize_per_tensor	False	
w102:481	where.self	SKIP	CM-QUANT-ONLY		dequantize_per_tensor,quantize_per_tensor	False	
w103:304	mul.out	MISMATCH	CM-QUANT-ONLY		dequantize_per_tensor,quantize_per_tensor	True	
w104:493	zeros.out	SKIP	CM-QUANT-ONLY		dequantize_per_tensor	False	
w105:299	pixel_shuffle	SKIP	CM-COMPUTE	transpose	dequantize_per_tensor,quantize_per_tensor,transpose	False	
w106:331	fill.Scalar	MISMATCH	CM-QUANT-ONLY		dequantize_per_tensor,quantize_per_tensor	False	
w107:332	ones.out	SKIP	NO-CM			False	
w108:162	_fft_r2c	TIMEOUT	CM-QUANT-ONLY		dequantize_per_tensor,quantize_per_tensor	True	
w109:149	ones.out	SKIP	NO-CM			False	
w10:185	ones.out	SKIP	CM-QUANT-ONLY		dequantize_per_tensor	False	
w110:177	_fft_r2c	TIMEOUT	CM-QUANT-ONLY		dequantize_per_tensor,quantize_per_tensor	False	
w111:301	scatter.src_out	SKIP	CM-QUANT-ONLY		dequantize_per_tensor,quantize_per_tensor	True	
w112:315	stack	SKIP	NO-CM			False	
w113:204	arange.out	SKIP	CM-QUANT-ONLY		dequantize_per_tensor	False	
w113:773	arange.start_out	SKIP	CM-QUANT-ONLY		dequantize_per_tensor	False	
w114:668	max_pool2d_with_indices_backward.grad_input	MISMATCH	CM-QUANT-ONLY		dequantize_per_tensor,quantize_per_tensor	False	
w115:464	linear	CRASH	NO-CM			False	
w116:39	expand_copy	SKIP	NO-CM			False	
w117:30	zeros.out	SKIP	CM-QUANT-ONLY		dequantize_per_tensor	False	
w118:252	where.self	SKIP	CM-QUANT-ONLY		dequantize_per_tensor,quantize_per_tensor	False	
w119:223	arange.start_out	SKIP	CM-QUANT-ONLY		dequantize_per_tensor	False	
w119:778	fmod.Scalar	MISMATCH	NO-CM			False	
w11:93	native_group_norm	SKIP	CM-QUANT-ONLY		dequantize_per_tensor,quantize_per_tensor	False	
w120:98	_fft_r2c	TIMEOUT	CM-QUANT-ONLY		dequantize_per_tensor,quantize_per_tensor	True	
w121:68	_fft_r2c	TIMEOUT	CM-QUANT-ONLY		dequantize_per_tensor,quantize_per_tensor	True	
w122:50	_fft_r2c	TIMEOUT	CM-QUANT-ONLY		dequantize_per_tensor,quantize_per_tensor	False	
w123:510	arange.start_out	SKIP	NO-CM			False	
w124:536	scatter_add.out	SKIP	CM-QUANT-ONLY		dequantize_per_tensor,quantize_per_tensor	True	
w125:505	max_pool2d_with_indices_backward.grad_input	MISMATCH	CM-QUANT-ONLY		dequantize_per_tensor,quantize_per_tensor	False	
w126:423	pixel_unshuffle	SKIP	CM-COMPUTE	transpose	dequantize_per_tensor,quantize_per_tensor,transpose	False	
w127:452	bitwise_left_shift.Tensor_Scalar	MISMATCH	NO-CM			False	
w12:475	topk.values	SKIP	NO-CM			False	
w13:272	arange.start_out	SKIP	CM-QUANT-ONLY		dequantize_per_tensor	False	
w14:335	convolution	SKIP	CM-QUANT-ONLY		dequantize_per_tensor,quantize_per_tensor	False	
w15:175	_fft_r2c	TIMEOUT	CM-QUANT-ONLY		dequantize_per_tensor,quantize_per_tensor	True	
w16:161	pixel_unshuffle	SKIP	CM-COMPUTE	transpose	dequantize_per_tensor,quantize_per_tensor,transpose	False	
w16:77	_fft_r2c	TIMEOUT	CM-QUANT-ONLY		dequantize_per_tensor,quantize_per_tensor	False	
w17:664	min.dim_min	SKIP	NO-CM			False	
w18:656	stack	SKIP	NO-CM			False	
w19:578	arange.start_out	SKIP	NO-CM			False	
w1:602	ones.out	SKIP	CM-QUANT-ONLY		dequantize_per_tensor	False	
w20:630	bitwise_left_shift.Tensor_Scalar_out	MISMATCH	NO-CM			False	
w21:554	full.out	SKIP	NO-CM			False	
w22:523	zeros.out	SKIP	NO-CM			False	
w23:447	stack	SKIP	NO-CM			False	
w24:462	_fft_r2c	TIMEOUT	CM-QUANT-ONLY		dequantize_per_tensor,quantize_per_tensor	False	
w25:364	pixel_shuffle	SKIP	CM-COMPUTE	transpose	dequantize_per_tensor,quantize_per_tensor,transpose	False	
w26:295	scatter_add.out	SKIP	CM-QUANT-ONLY		dequantize_per_tensor,quantize_per_tensor	True	
w27:204	pixel_unshuffle	SKIP	CM-COMPUTE	transpose	dequantize_per_tensor,quantize_per_tensor,transpose	False	
w27:737	copy	SKIP	CM-QUANT-ONLY		dequantize_per_tensor,quantize_per_tensor	True	
w28:608	index_put	MISMATCH	CM-QUANT-ONLY		dequantize_per_tensor,quantize_per_tensor	True	
w29:537	arange.start_out	SKIP	NO-CM			False	
w2:524	ones.out	SKIP	NO-CM			False	
w30:487	where.self	SKIP	CM-QUANT-ONLY		dequantize_per_tensor,quantize_per_tensor	False	
w31:379	index_put	MISMATCH	CM-QUANT-ONLY		dequantize_per_tensor,quantize_per_tensor	True	
w32:377	expand_copy	SKIP	CM-QUANT-ONLY		dequantize_per_tensor,quantize_per_tensor	False	
w33:213	min.dim_min	SKIP	NO-CM			False	
w34:152	native_group_norm	SKIP	CM-QUANT-ONLY		dequantize_per_tensor,quantize_per_tensor	False	
w35:123	arange.start_out	SKIP	CM-QUANT-ONLY		dequantize_per_tensor	False	
w35:717	_fft_r2c	TIMEOUT	CM-QUANT-ONLY		dequantize_per_tensor,quantize_per_tensor	False	
w36:642	topk.values	SKIP	NO-CM			False	
w37:673	remainder.Tensor_out	MISMATCH	NO-CM			False	
w38:558	arange.start_out	SKIP	CM-QUANT-ONLY		dequantize_per_tensor	False	
w39:589	native_group_norm	SKIP	CM-QUANT-ONLY		dequantize_per_tensor,quantize_per_tensor	False	
w3:463	arange.start_out	SKIP	NO-CM			False	
w40:544	index_put	MISMATCH	CM-QUANT-ONLY		dequantize_per_tensor,quantize_per_tensor	True	
w41:524	scatter_add.out	SKIP	CM-QUANT-ONLY		dequantize_per_tensor,quantize_per_tensor	False	
w42:453	_fft_r2c	TIMEOUT	CM-QUANT-ONLY		dequantize_per_tensor,quantize_per_tensor	False	
w43:329	linear	CRASH	NO-CM			False	
w44:381	min.dim_min	SKIP	NO-CM			False	
w45:410	remainder.Tensor_out	MISMATCH	CM-QUANT-ONLY		dequantize_per_tensor,quantize_per_tensor	False	
w46:563	native_group_norm	SKIP	CM-QUANT-ONLY		dequantize_per_tensor,quantize_per_tensor	False	
w47:476	div.Scalar	MISMATCH	CM-QUANT-ONLY		dequantize_per_tensor,quantize_per_tensor	False	
w48:370	native_group_norm	SKIP	CM-QUANT-ONLY		dequantize_per_tensor,quantize_per_tensor	False	
w49:302	bitwise_right_shift.Tensor_Scalar_out	MISMATCH	NO-CM			False	
w4:166	scatter.value_out	SKIP	NO-CM			False	
w4:760	fill.Scalar	MISMATCH	CM-QUANT-ONLY		dequantize_per_tensor,quantize_per_tensor	False	
w50:708	bitwise_right_shift.Tensor_Scalar	MISMATCH	NO-CM			False	
w51:82	pixel_shuffle	SKIP	CM-COMPUTE	transpose	dequantize_per_tensor,quantize_per_tensor,transpose	False	
w52:681	linear.out	CRASH	CM-QUANT-ONLY		dequantize_per_tensor,quantize_per_tensor	False	
w53:552	convolution	SKIP	CM-QUANT-ONLY		dequantize_per_tensor,quantize_per_tensor	False	
w54:484	index_put	MISMATCH	CM-QUANT-ONLY		dequantize_per_tensor,quantize_per_tensor	True	
w55:443	_pdist_forward	SKIP	CM-QUANT-ONLY		dequantize_per_tensor,quantize_per_tensor	True	
w56:521	bitwise_right_shift.Tensor_Scalar	MISMATCH	NO-CM			False	
w57:523	bitwise_right_shift.Tensor_Scalar	MISMATCH	NO-CM			False	
w58:508	stack	SKIP	NO-CM			False	
w59:396	scatter.value_out	SKIP	NO-CM			False	
w5:406	stack	SKIP	NO-CM			False	
w60:359	_pdist_forward	SKIP	CM-QUANT-ONLY		dequantize_per_tensor,quantize_per_tensor	False	
w61:333	pixel_shuffle	SKIP	CM-COMPUTE	transpose	dequantize_per_tensor,quantize_per_tensor,transpose	False	
w62:244	where.self	SKIP	CM-QUANT-ONLY		dequantize_per_tensor,quantize_per_tensor	False	
w63:165	_pdist_forward	SKIP	NO-CM			False	
w64:273	bitwise_left_shift.Tensor_Scalar_out	MISMATCH	NO-CM			False	
w65:257	ones.out	SKIP	CM-QUANT-ONLY		dequantize_per_tensor	False	
w66:194	pixel_shuffle	SKIP	CM-COMPUTE	transpose	dequantize_per_tensor,quantize_per_tensor,transpose	False	
w66:722	remainder.Scalar	MISMATCH	NO-CM			False	
w67:695	native_group_norm	SKIP	CM-QUANT-ONLY		dequantize_per_tensor,quantize_per_tensor	False	
w68:573	zeros.out	SKIP	NO-CM			False	
w69:428	bitwise_right_shift.Tensor_Scalar_out	MISMATCH	NO-CM			False	
w6:505	bitwise_left_shift.Tensor_Scalar_out	MISMATCH	NO-CM			False	
w70:365	topk.values	SKIP	NO-CM			False	
w71:279	native_group_norm	SKIP	CM-QUANT-ONLY		dequantize_per_tensor,quantize_per_tensor	False	
w72:244	minimum.out	MISMATCH	CM-QUANT-ONLY		dequantize_per_tensor,quantize_per_tensor	True	
w73:172	zeros.out	SKIP	CM-QUANT-ONLY		dequantize_per_tensor	False	
w74:138	native_group_norm	SKIP	CM-QUANT-ONLY		dequantize_per_tensor,quantize_per_tensor	False	
w74:707	_fft_r2c	TIMEOUT	CM-QUANT-ONLY		dequantize_per_tensor,quantize_per_tensor	False	
w75:761	_fft_r2c	TIMEOUT	CM-QUANT-ONLY		dequantize_per_tensor,quantize_per_tensor	False	
w76:67	_fft_r2c	TIMEOUT	CM-QUANT-ONLY		dequantize_per_tensor,quantize_per_tensor	False	
w77:612	bitwise_left_shift.Tensor_Scalar	MISMATCH	NO-CM			False	
w78:576	_fft_r2c	TIMEOUT	CM-QUANT-ONLY		dequantize_per_tensor,quantize_per_tensor	True	
w79:515	fmod.Scalar	MISMATCH	NO-CM			False	
w7:356	pixel_shuffle	SKIP	CM-COMPUTE	transpose	dequantize_per_tensor,quantize_per_tensor,transpose	False	
w80:310	min.dim_min	SKIP	NO-CM			False	
w81:345	fill.Scalar	MISMATCH	CM-QUANT-ONLY		dequantize_per_tensor,quantize_per_tensor	False	
w82:435	minimum.out	SKIP	CM-COMPUTE	minimum	minimum	False	
w83:367	pixel_unshuffle	SKIP	CM-COMPUTE	transpose	dequantize_per_tensor,quantize_per_tensor,transpose	False	
w84:318	stack	SKIP	NO-CM			False	
w85:373	native_group_norm	SKIP	CM-QUANT-ONLY		dequantize_per_tensor,quantize_per_tensor	False	
w86:317	ones.out	SKIP	NO-CM			False	
w87:280	stack	SKIP	NO-CM			False	
w88:183	pixel_shuffle	SKIP	CM-COMPUTE	transpose	dequantize_per_tensor,quantize_per_tensor,transpose	False	
w89:133	permute_copy	SKIP	CM-COMPUTE	transpose	dequantize_per_tensor,quantize_per_tensor,transpose	False	
w8:101	_pdist_forward	SKIP	NO-CM			False	
w8:758	min.dim_min	SKIP	NO-CM			False	
w90:733	copy	SKIP	NO-CM			False	
w91:79	where.self	MISMATCH	CM-QUANT-ONLY		dequantize_per_tensor,quantize_per_tensor	False	
w92:72	_pdist_forward	SKIP	CM-QUANT-ONLY		dequantize_per_tensor,quantize_per_tensor	False	
w93:672	pixel_unshuffle	SKIP	CM-COMPUTE	transpose	dequantize_per_tensor,quantize_per_tensor,transpose	False	
w94:650	copy	SKIP	NO-CM			False	
w95:427	_fft_r2c	TIMEOUT	CM-QUANT-ONLY		dequantize_per_tensor,quantize_per_tensor	False	
w96:433	_pdist_forward	SKIP	CM-QUANT-ONLY		dequantize_per_tensor,quantize_per_tensor	True	
w97:376	ones.out	SKIP	CM-QUANT-ONLY		dequantize_per_tensor	False	
w98:415	copy	SKIP	NO-CM			False	
w99:277	full.out	SKIP	CM-QUANT-ONLY		dequantize_per_tensor	False	
w9:208	scatter_add.out	SKIP	CM-QUANT-ONLY		dequantize_per_tensor,quantize_per_tensor	True	
w0:623	pixel_shuffle	SKIP	CM-COMPUTE	transpose	dequantize_per_tensor,quantize_per_tensor,transpose	False	
w100:613	full.out	SKIP	CM-QUANT-ONLY		dequantize_per_tensor	False	
w101:605	bitwise_left_shift.Tensor_Scalar_out	MISMATCH	NO-CM			False	
w102:498	bitwise_left_shift.Tensor_out	MISMATCH	CM-QUANT-ONLY		dequantize_per_tensor,quantize_per_tensor	False	
w103:336	stack	SKIP	NO-CM			False	
w104:518	native_group_norm	SKIP	CM-QUANT-ONLY		dequantize_per_tensor,quantize_per_tensor	False	
w105:320	remainder.Scalar_out	MISMATCH	CM-QUANT-ONLY		dequantize_per_tensor,quantize_per_tensor	False	
w106:366	full.out	SKIP	CM-QUANT-ONLY		dequantize_per_tensor	False	
w107:355	bitwise_right_shift.Tensor_Scalar	MISMATCH	NO-CM			False	
w108:168	fill.Scalar	MISMATCH	CM-QUANT-ONLY		dequantize_per_tensor,quantize_per_tensor	False	
w109:154	fill.Scalar	MISMATCH	CM-QUANT-ONLY		dequantize_per_tensor,quantize_per_tensor	False	
w10:190	fill.Scalar	MISMATCH	CM-QUANT-ONLY		dequantize_per_tensor,quantize_per_tensor	False	
w110:187	pixel_unshuffle	SKIP	CM-COMPUTE	transpose	dequantize_per_tensor,quantize_per_tensor,transpose	False	
w111:309	stack	SKIP	NO-CM			False	
w112:323	linear	CRASH	NO-CM			False	
w113:227	_fft_r2c	CRASH	CM-QUANT-ONLY		dequantize_per_tensor,quantize_per_tensor	False	
w113:83	pixel_unshuffle	SKIP	CM-COMPUTE	transpose	dequantize_per_tensor,quantize_per_tensor,transpose	False	
w114:676	_fft_r2c	TIMEOUT	CM-QUANT-ONLY		dequantize_per_tensor,quantize_per_tensor	True	
w115:491	native_group_norm	SKIP	CM-QUANT-ONLY		dequantize_per_tensor,quantize_per_tensor	False	
w116:396	_pdist_forward	SKIP	CM-QUANT-ONLY		dequantize_per_tensor,quantize_per_tensor	False	
w117:314	_fft_r2c	TIMEOUT	CM-QUANT-ONLY		dequantize_per_tensor,quantize_per_tensor	False	
w118:274	index_put	MISMATCH	CM-QUANT-ONLY		dequantize_per_tensor,quantize_per_tensor	True	
w119:224	gather.out	SKIP	NO-CM			False	
w11:120	bitwise_left_shift.Tensor_out	MISMATCH	CM-QUANT-ONLY		dequantize_per_tensor,quantize_per_tensor	False	
w120:104	fill.Scalar	MISMATCH	CM-QUANT-ONLY		dequantize_per_tensor,quantize_per_tensor	True	
w120:99	ones.out	SKIP	CM-QUANT-ONLY		dequantize_per_tensor	False	
w121:685	copy	SKIP	NO-CM			False	
w122:506	_fft_r2c	TIMEOUT	CM-QUANT-ONLY		dequantize_per_tensor,quantize_per_tensor	False	
w123:54	arange.start_out	SKIP	CM-QUANT-ONLY		dequantize_per_tensor	False	
w124:542	expand_copy	SKIP	NO-CM			False	
w125:513	_fft_r2c	TIMEOUT	CM-QUANT-ONLY		dequantize_per_tensor,quantize_per_tensor	False	
w126:424	remainder.Scalar_out	MISMATCH	CM-QUANT-ONLY		dequantize_per_tensor,quantize_per_tensor	False	
w127:453	pixel_shuffle	SKIP	CM-COMPUTE	transpose	dequantize_per_tensor,quantize_per_tensor,transpose	False	
w12:477	copy	SKIP	NO-CM			False	
w13:273	gather.out	SKIP	NO-CM			False	
w14:340	native_group_norm	SKIP	CM-QUANT-ONLY		dequantize_per_tensor,quantize_per_tensor	False	
w15:176	ones.out	SKIP	CM-QUANT-ONLY		dequantize_per_tensor	False	
w16:167	arange.start_out	SKIP	NO-CM			False	
w16:78	ones.out	SKIP	NO-CM			False	
w17:680	fmod.Scalar	MISMATCH	NO-CM			False	
w18:666	zeros.out	SKIP	CM-QUANT-ONLY		dequantize_per_tensor	False	
w19:613	where.self	SKIP	CM-QUANT-ONLY		dequantize_per_tensor,quantize_per_tensor	True	
w1:607	fill.Scalar	MISMATCH	CM-QUANT-ONLY		dequantize_per_tensor,quantize_per_tensor	False	
w20:638	index_put	MISMATCH	CM-QUANT-ONLY		dequantize_per_tensor,quantize_per_tensor	True	
w21:57	_fft_r2c	TIMEOUT	CM-QUANT-ONLY		dequantize_per_tensor,quantize_per_tensor	False	
w22:524	min.dim_min	SKIP	NO-CM			False	
w23:457	zeros.out	SKIP	CM-QUANT-ONLY		dequantize_per_tensor	False	
w24:463	ones.out	SKIP	CM-QUANT-ONLY		dequantize_per_tensor	False	
w25:380	_fft_r2c	TIMEOUT	CM-QUANT-ONLY		dequantize_per_tensor,quantize_per_tensor	True	
w26:3	ones.out	SKIP	CM-QUANT-ONLY		dequantize_per_tensor	False	
w27:210	arange.start_out	SKIP	NO-CM			False	
w27:738	stack	SKIP	NO-CM			False	
w28:623	stack	SKIP	NO-CM			False	
w29:609	stack	SKIP	NO-CM			False	
w2:547	bitwise_right_shift.Tensor_Scalar	MISMATCH	NO-CM			False	
w30:523	copy	SKIP	CM-QUANT-ONLY		dequantize_per_tensor,quantize_per_tensor	True	
w31:393	copy	SKIP	NO-CM			False	
w32:412	prod.int_out	MISMATCH	CM-QUANT-ONLY		dequantize_per_tensor,quantize_per_tensor	False	
w33:228	remainder.Tensor_out	MISMATCH	CM-QUANT-ONLY		dequantize_per_tensor,quantize_per_tensor	False	
w34:155	_pdist_forward	SKIP	NO-CM			False	
w35:129	scatter.value_out	SKIP	CM-QUANT-ONLY		dequantize_per_tensor,quantize_per_tensor	True	
w35:723	fill.Scalar	MISMATCH	CM-QUANT-ONLY		dequantize_per_tensor,quantize_per_tensor	False	
w36:644	copy	SKIP	NO-CM			False	
w37:685	_pdist_forward	SKIP	NO-CM			False	
w38:568	permute_copy	SKIP	CM-COMPUTE	transpose	dequantize_per_tensor,quantize_per_tensor,transpose	False	
w39:59	full.out	SKIP	CM-QUANT-ONLY		dequantize_per_tensor	False	
w3:488	native_group_norm	SKIP	CM-QUANT-ONLY		dequantize_per_tensor,quantize_per_tensor	False	
w40:559	stack	SKIP	CM-QUANT-ONLY		dequantize_per_tensor,quantize_per_tensor	False	
w41:555	scatter.value_out	SKIP	NO-CM			False	
w42:454	ones.out	SKIP	NO-CM			False	
w43:331	zeros.out	SKIP	CM-QUANT-ONLY		dequantize_per_tensor	False	
w44:382	logit	MISMATCH	CM-QUANT-ONLY		dequantize_per_tensor,quantize_per_tensor	False	
w45:427	arange.out	SKIP	CM-QUANT-ONLY		dequantize_per_tensor	False	
w46:573	where.self	MISMATCH	CM-QUANT-ONLY		dequantize_per_tensor,quantize_per_tensor	False	
w47:482	_pdist_forward	SKIP	NO-CM			False	
w48:380	where.self	SKIP	CM-QUANT-ONLY		dequantize_per_tensor,quantize_per_tensor	False	
w49:304	expand_copy	SKIP	NO-CM			False	
w4:170	permute_copy	SKIP	CM-COMPUTE	transpose	dequantize_per_tensor,quantize_per_tensor,transpose	False	
w50:0	_fft_r2c	TIMEOUT	CM-QUANT-ONLY		dequantize_per_tensor,quantize_per_tensor	False	
w50:774	arange.start_out	SKIP	NO-CM			False	
w51:98	_fft_r2c	TIMEOUT	CM-QUANT-ONLY		dequantize_per_tensor,quantize_per_tensor	False	
w52:688	floor_divide	MISMATCH	CM-QUANT-ONLY		dequantize_per_tensor,quantize_per_tensor	False	
w53:557	native_group_norm	SKIP	CM-QUANT-ONLY		dequantize_per_tensor,quantize_per_tensor	False	
w54:496	topk.values	SKIP	NO-CM			False	
w55:448	arange.out	SKIP	CM-QUANT-ONLY		dequantize_per_tensor	False	
w56:538	full.out	SKIP	NO-CM			False	
w57:540	full.out	SKIP	NO-CM			False	
w58:51	copy	SKIP	NO-CM			False	
w59:410	convolution	SKIP	CM-QUANT-ONLY		dequantize_per_tensor,quantize_per_tensor	False	
w5:417	min.dim_min	SKIP	NO-CM			False	
w60:379	max_pool2d_with_indices_backward.grad_input	MISMATCH	CM-QUANT-ONLY		dequantize_per_tensor,quantize_per_tensor	False	
w61:334	scatter_add.out	SKIP	CM-QUANT-ONLY		dequantize_per_tensor,quantize_per_tensor	True	
w62:261	bitwise_left_shift.Tensor_out	MISMATCH	NO-CM			False	
w63:169	bitwise_right_shift.Tensor_out	MISMATCH	NO-CM			False	
w64:276	bitwise_left_shift.Tensor_out	MISMATCH	CM-QUANT-ONLY		dequantize_per_tensor,quantize_per_tensor	False	
w65:266	pixel_unshuffle	SKIP	CM-COMPUTE	transpose	dequantize_per_tensor,quantize_per_tensor,transpose	False	
w66:210	_fft_r2c	TIMEOUT	CM-QUANT-ONLY		dequantize_per_tensor,quantize_per_tensor	True	
w66:730	pixel_shuffle	SKIP	CM-COMPUTE	transpose	dequantize_per_tensor,quantize_per_tensor,transpose	False	
w67:698	minimum.out	SKIP	CM-COMPUTE	minimum	minimum	False	
w68:598	native_group_norm	SKIP	CM-QUANT-ONLY		dequantize_per_tensor,quantize_per_tensor	False	
w69:449	arange.start_out	SKIP	NO-CM			False	
w6:52	bitwise_left_shift.Tensor_out	MISMATCH	CM-QUANT-ONLY		dequantize_per_tensor,quantize_per_tensor	False	
w70:367	copy	SKIP	NO-CM			False	
w71:289	where.self	MISMATCH	CM-QUANT-ONLY		dequantize_per_tensor,quantize_per_tensor	False	
w72:251	where.self	SKIP	CM-QUANT-ONLY		dequantize_per_tensor,quantize_per_tensor	False	
w73:188	remainder.Tensor_out	MISMATCH	CM-QUANT-ONLY		dequantize_per_tensor,quantize_per_tensor	False	
w74:148	where.self	SKIP	CM-QUANT-ONLY		dequantize_per_tensor,quantize_per_tensor	False	
w74:732	floor_divide.out	MISMATCH	CM-QUANT-ONLY		dequantize_per_tensor,quantize_per_tensor	False	
w75:762	ones.out	SKIP	CM-QUANT-ONLY		dequantize_per_tensor	False	
w76:68	ones.out	SKIP	NO-CM			False	
w77:613	pixel_shuffle	SKIP	CM-COMPUTE	transpose	dequantize_per_tensor,quantize_per_tensor,transpose	False	
w78:577	ones.out	SKIP	CM-QUANT-ONLY		dequantize_per_tensor	False	
w79:526	_pdist_forward	SKIP	NO-CM			False	
w7:36	_pdist_forward	SKIP	CM-QUANT-ONLY		dequantize_per_tensor,quantize_per_tensor	True	
w80:325	remainder.Tensor_out	MISMATCH	NO-CM			False	
w81:349	pixel_unshuffle	SKIP	CM-COMPUTE	transpose	dequantize_per_tensor,quantize_per_tensor,transpose	True	
w82:479	stack	SKIP	CM-QUANT-ONLY		dequantize_per_tensor,quantize_per_tensor	False	
w83:373	arange.start_out	SKIP	CM-QUANT-ONLY		dequantize_per_tensor	False	
w84:326	linear	CRASH	NO-CM			False	
w85:405	index_put	MISMATCH	CM-QUANT-ONLY		dequantize_per_tensor,quantize_per_tensor	True	
w86:32	zeros.out	SKIP	CM-QUANT-ONLY		dequantize_per_tensor	False	
w87:290	zeros.out	SKIP	NO-CM			False	
w88:191	max_pool2d_with_indices_backward.grad_input	MISMATCH	CM-QUANT-ONLY		dequantize_per_tensor,quantize_per_tensor	False	
w89:158	where.self	SKIP	CM-QUANT-ONLY		dequantize_per_tensor,quantize_per_tensor	True	
w8:106	arange.out	SKIP	CM-QUANT-ONLY		dequantize_per_tensor	False	
w8:89	remainder.Tensor_out	MISMATCH	CM-QUANT-ONLY		dequantize_per_tensor,quantize_per_tensor	False	
w90:734	stack	SKIP	NO-CM			False	
w91:96	bitwise_left_shift.Tensor_out	MISMATCH	NO-CM			False	
w92:726	linear	CRASH	NO-CM			False	
w93:68	arange.start_out	SKIP	CM-QUANT-ONLY		dequantize_per_tensor	False	
w94:651	stack	SKIP	CM-QUANT-ONLY		dequantize_per_tensor,quantize_per_tensor	False	
w95:428	ones.out	SKIP	NO-CM			False	
w96:438	arange.out	SKIP	CM-QUANT-ONLY		dequantize_per_tensor	False	
w97:432	transpose_copy.int	SKIP	CM-COMPUTE	transpose	dequantize_per_tensor,quantize_per_tensor,transpose	False	
w98:416	stack	SKIP	NO-CM			False	
w99:290	sub.out	MISMATCH	CM-QUANT-ONLY		dequantize_per_tensor,quantize_per_tensor	True	
w9:233	arange.start_out	SKIP	CM-QUANT-ONLY		dequantize_per_tensor	False	
w0:624	scatter_add.out	SKIP	NO-CM			False	
w100:646	pow.Scalar_out	MISMATCH	NO-CM			False	
w101:608	bitwise_left_shift.Tensor_out	MISMATCH	NO-CM			False	
w102:510	scatter.src_out	SKIP	CM-QUANT-ONLY		dequantize_per_tensor,quantize_per_tensor	True	
w103:347	min.dim_min	SKIP	NO-CM			False	
w104:521	_pdist_forward	SKIP	NO-CM			False	
w105:382	index_put	MISMATCH	CM-QUANT-ONLY		dequantize_per_tensor,quantize_per_tensor	True	
w106:381	remainder.Scalar	MISMATCH	NO-CM			False	
w107:37	stack	SKIP	CM-QUANT-ONLY		dequantize_per_tensor,quantize_per_tensor	False	
w108:172	pixel_unshuffle	SKIP	CM-COMPUTE	transpose	dequantize_per_tensor,quantize_per_tensor,transpose	False	
w109:158	pixel_unshuffle	SKIP	CM-COMPUTE	transpose	dequantize_per_tensor,quantize_per_tensor,transpose	False	
w10:21	scatter_add.out	SKIP	CM-QUANT-ONLY		dequantize_per_tensor,quantize_per_tensor	True	
w110:20	expand_copy	SKIP	NO-CM			False	
w111:319	zeros.out	SKIP	NO-CM			False	
w112:327	logit	MISMATCH	CM-QUANT-ONLY		dequantize_per_tensor,quantize_per_tensor	False	
w113:228	ones.out	SKIP	NO-CM			False	
w113:89	arange.start_out	SKIP	NO-CM			False	
w114:682	fill.Scalar	MISMATCH	CM-QUANT-ONLY		dequantize_per_tensor,quantize_per_tensor	True	
w115:494	_pdist_forward	SKIP	CM-QUANT-ONLY		dequantize_per_tensor,quantize_per_tensor	False	
w116:408	pixel_shuffle	SKIP	CM-COMPUTE	transpose	dequantize_per_tensor,quantize_per_tensor,transpose	False	
w117:315	ones.out	SKIP	CM-QUANT-ONLY		dequantize_per_tensor	False	
w118:289	stack	SKIP	CM-QUANT-ONLY		dequantize_per_tensor,quantize_per_tensor	False	
w119:233	permute_copy	SKIP	CM-COMPUTE	transpose	dequantize_per_tensor,quantize_per_tensor,transpose	False	
w11:140	stack	SKIP	NO-CM			False	
w120:108	pixel_unshuffle	SKIP	CM-COMPUTE	transpose	dequantize_per_tensor,quantize_per_tensor,transpose	False	
w121:1	copy	SKIP	CM-QUANT-ONLY		dequantize_per_tensor,quantize_per_tensor	False	
w121:686	stack	SKIP	NO-CM			False	
w122:507	ones.out	SKIP	NO-CM			False	
w123:567	index_put	MISMATCH	CM-QUANT-ONLY		dequantize_per_tensor,quantize_per_tensor	True	
w124:559	_adaptive_avg_pool2d	SKIP	CM-QUANT-ONLY		dequantize_per_tensor,quantize_per_tensor	False	
w125:514	ones.out	SKIP	NO-CM			False	
w126:429	arange.start_out	SKIP	NO-CM			False	
w127:460	expand_copy	SKIP	NO-CM			False	
w12:478	stack	SKIP	NO-CM			False	
w13:300	minimum.out	SKIP	CM-COMPUTE	minimum	minimum	False	
w14:350	where.self	SKIP	CM-QUANT-ONLY		dequantize_per_tensor,quantize_per_tensor	False	
w15:204	linear.out	CRASH	CM-QUANT-ONLY		dequantize_per_tensor,quantize_per_tensor	False	
w16:177	permute_copy	SKIP	CM-COMPUTE	transpose	dequantize_per_tensor,quantize_per_tensor,transpose	False	
w16:83	fill.Scalar	MISMATCH	CM-QUANT-ONLY		dequantize_per_tensor,quantize_per_tensor	False	
w17:691	_pdist_forward	SKIP	NO-CM			False	
w18:67	linear.out	CRASH	NO-CM			False	
w19:642	scatter.src_out	SKIP	NO-CM			False	
w1:611	pixel_unshuffle	SKIP	CM-COMPUTE	transpose	dequantize_per_tensor,quantize_per_tensor,transpose	False	
w20:649	narrow_copy	SKIP	CM-QUANT-ONLY		dequantize_per_tensor,quantize_per_tensor	True	
w21:577	pixel_shuffle	SKIP	CM-COMPUTE	transpose	dequantize_per_tensor,quantize_per_tensor,transpose	False	
w22:54	topk.values	SKIP	NO-CM			False	
w23:485	_pdist_forward	SKIP	CM-QUANT-ONLY		dequantize_per_tensor,quantize_per_tensor	False	
w24:468	fill.Scalar	MISMATCH	CM-QUANT-ONLY		dequantize_per_tensor,quantize_per_tensor	False	
w25:381	ones.out	SKIP	NO-CM			False	
w26:320	arange.start_out	SKIP	CM-QUANT-ONLY		dequantize_per_tensor	False	
w27:220	permute_copy	MISMATCH	CM-COMPUTE	transpose	dequantize_per_tensor,quantize_per_tensor,transpose	False	
w27:748	zeros.out	SKIP	CM-QUANT-ONLY		dequantize_per_tensor	False	
w28:633	zeros.out	SKIP	CM-QUANT-ONLY		dequantize_per_tensor	False	
w29:619	zeros.out	SKIP	CM-QUANT-ONLY		dequantize_per_tensor	False	
w2:564	full.out	SKIP	NO-CM			False	
w30:524	stack	SKIP	NO-CM			False	
w31:394	stack	SKIP	CM-QUANT-ONLY		dequantize_per_tensor,quantize_per_tensor	False	
w32:431	where.self	SKIP	CM-QUANT-ONLY		dequantize_per_tensor,quantize_per_tensor	False	
w33:237	native_group_norm	SKIP	CM-QUANT-ONLY		dequantize_per_tensor,quantize_per_tensor	False	
w34:160	arange.out	SKIP	CM-QUANT-ONLY		dequantize_per_tensor	False	
w35:180	index_put	MISMATCH	CM-QUANT-ONLY		dequantize_per_tensor,quantize_per_tensor	True	
w35:727	pixel_unshuffle	SKIP	CM-COMPUTE	transpose	dequantize_per_tensor,quantize_per_tensor,transpose	False	
w36:645	stack	SKIP	NO-CM			False	
w37:697	pixel_shuffle	SKIP	CM-COMPUTE	transpose	dequantize_per_tensor,quantize_per_tensor,transpose	False	
w38:593	where.self	SKIP	CM-QUANT-ONLY		dequantize_per_tensor,quantize_per_tensor	False	
w39:599	where.self	MISMATCH	CM-QUANT-ONLY		dequantize_per_tensor,quantize_per_tensor	False	
w3:535	stack	SKIP	NO-CM			False	
w40:602	arange.out	SKIP	NO-CM			False	
w41:601	bitwise_left_shift.Tensor_out	MISMATCH	CM-QUANT-ONLY		dequantize_per_tensor,quantize_per_tensor	False	
w42:459	fill.Scalar	MISMATCH	CM-QUANT-ONLY		dequantize_per_tensor,quantize_per_tensor	False	
w43:359	_pdist_forward	SKIP	CM-QUANT-ONLY		dequantize_per_tensor,quantize_per_tensor	True	
w44:405	native_group_norm	SKIP	CM-QUANT-ONLY		dequantize_per_tensor,quantize_per_tensor	False	
w45:450	_fft_r2c	TIMEOUT	CM-QUANT-ONLY		dequantize_per_tensor,quantize_per_tensor	False	
w46:587	bitwise_left_shift.Tensor_Scalar_out	MISMATCH	NO-CM			False	
w47:487	arange.out	SKIP	CM-QUANT-ONLY		dequantize_per_tensor	False	
w48:4	arange.out	SKIP	CM-QUANT-ONLY		dequantize_per_tensor	False	
w49:317	pixel_unshuffle	SKIP	CM-COMPUTE	transpose	dequantize_per_tensor,quantize_per_tensor,transpose	False	
w4:185	native_group_norm	SKIP	CM-QUANT-ONLY		dequantize_per_tensor,quantize_per_tensor	False	
w50:142	bitwise_left_shift.Tensor_out	MISMATCH	CM-QUANT-ONLY		dequantize_per_tensor,quantize_per_tensor	False	
w50:84	pixel_unshuffle	SKIP	CM-COMPUTE	transpose	dequantize_per_tensor,quantize_per_tensor,transpose	False	
w51:99	ones.out	SKIP	NO-CM			False	
w52:693	full.out	SKIP	CM-QUANT-ONLY		dequantize_per_tensor	False	
w53:567	where.self	SKIP	CM-QUANT-ONLY		dequantize_per_tensor,quantize_per_tensor	False	
w54:499	stack	SKIP	NO-CM			False	
w0:643	pixel_unshuffle	SKIP	CM-COMPUTE	transpose	dequantize_per_tensor,quantize_per_tensor,transpose	False	
w100:662	arange.start_out	SKIP	NO-CM			False	
w101:613	index_put	MISMATCH	CM-QUANT-ONLY		dequantize_per_tensor,quantize_per_tensor	False	
w102:517	copy	SKIP	CM-QUANT-ONLY		dequantize_per_tensor,quantize_per_tensor	False	
w103:36	arange.start_out	SKIP	NO-CM			False	
w104:526	arange.out	SKIP	CM-QUANT-ONLY		dequantize_per_tensor	False	
w105:397	stack	SKIP	NO-CM			False	
w106:389	pixel_shuffle	SKIP	CM-COMPUTE	transpose	dequantize_per_tensor,quantize_per_tensor,transpose	False	
w107:372	full.out	SKIP	CM-QUANT-ONLY		dequantize_per_tensor	False	
w108:186	bitwise_right_shift.Tensor_Scalar	MISMATCH	NO-CM			False	
w109:189	full.out	SKIP	CM-QUANT-ONLY		dequantize_per_tensor	False	
w10:225	full.out	SKIP	CM-QUANT-ONLY		dequantize_per_tensor	False	
w110:206	linear.out	CRASH	NO-CM			False	
w111:344	native_group_norm	SKIP	CM-QUANT-ONLY		dequantize_per_tensor,quantize_per_tensor	False	
w112:358	arange.out	SKIP	CM-QUANT-ONLY		dequantize_per_tensor	False	
w113:237	pixel_unshuffle	SKIP	CM-COMPUTE	transpose	dequantize_per_tensor,quantize_per_tensor,transpose	False	
w113:9	pixel_unshuffle	SKIP	CM-COMPUTE	transpose	dequantize_per_tensor,quantize_per_tensor,transpose	False	
w114:686	pixel_unshuffle	SKIP	CM-COMPUTE	transpose	dequantize_per_tensor,quantize_per_tensor,transpose	False	
w115:499	arange.out	SKIP	CM-QUANT-ONLY		dequantize_per_tensor	False	
w116:424	_fft_r2c	TIMEOUT	CM-QUANT-ONLY		dequantize_per_tensor,quantize_per_tensor	False	
w117:32	logit	MISMATCH	CM-QUANT-ONLY		dequantize_per_tensor,quantize_per_tensor	False	
w118:299	zeros.out	SKIP	CM-QUANT-ONLY		dequantize_per_tensor	False	
w119:272	bitwise_left_shift.Tensor_Scalar_out	MISMATCH	NO-CM			False	
w11:150	zeros.out	SKIP	NO-CM			False	
w120:12	bitwise_left_shift.Tensor_out	MISMATCH	CM-QUANT-ONLY		dequantize_per_tensor,quantize_per_tensor	False	
w121:109	full.out	SKIP	NO-CM			False	
w121:694	linear	CRASH	NO-CM			False	
w122:545	mm.out	SKIP	NO-CM			False	
w123:582	stack	SKIP	CM-QUANT-ONLY		dequantize_per_tensor,quantize_per_tensor	False	
w124:618	index_put	MISMATCH	CM-QUANT-ONLY		dequantize_per_tensor,quantize_per_tensor	True	
w125:519	fill.Scalar	MISMATCH	CM-QUANT-ONLY		dequantize_per_tensor,quantize_per_tensor	False	
w126:45	stack	SKIP	NO-CM			False	
w127:473	pixel_unshuffle	SKIP	CM-COMPUTE	transpose	dequantize_per_tensor,quantize_per_tensor,transpose	False	
w12:504	remainder.Tensor_out	MISMATCH	NO-CM			False	
w13:329	index_put	MISMATCH	CM-QUANT-ONLY		dequantize_per_tensor,quantize_per_tensor	True	
w14:367	bitwise_left_shift.Tensor_out	MISMATCH	CM-QUANT-ONLY		dequantize_per_tensor,quantize_per_tensor	False	
w15:216	full.out	SKIP	NO-CM			False	
w16:192	native_group_norm	SKIP	CM-QUANT-ONLY		dequantize_per_tensor,quantize_per_tensor	False	
w17:119	pixel_unshuffle	SKIP	CM-COMPUTE	transpose	dequantize_per_tensor,quantize_per_tensor,transpose	False	
w17:696	arange.out	SKIP	NO-CM			False	
w18:683	fmod.Scalar	MISMATCH	NO-CM			False	
w19:650	stack	SKIP	NO-CM			False	
w1:665	pixel_shuffle	SKIP	CM-COMPUTE	transpose	dequantize_per_tensor,quantize_per_tensor,transpose	False	
w20:653	stack	SKIP	NO-CM			False	
w21:58	ones.out	SKIP	NO-CM			False	
w22:541	max.dim_max	SKIP	NO-CM			False	
w23:490	arange.out	SKIP	NO-CM			False	
w24:47	full.out	SKIP	NO-CM			False	
w25:386	fill.Scalar	MISMATCH	CM-QUANT-ONLY		dequantize_per_tensor,quantize_per_tensor	False	
w26:384	scatter.src_out	SKIP	NO-CM			False	
w27:235	native_group_norm	SKIP	CM-QUANT-ONLY		dequantize_per_tensor,quantize_per_tensor	False	
w27:776	_pdist_forward	SKIP	CM-QUANT-ONLY		dequantize_per_tensor,quantize_per_tensor	False	
w28:661	_pdist_forward	SKIP	CM-QUANT-ONLY		dequantize_per_tensor,quantize_per_tensor	True	
w29:620	min.dim_min	SKIP	NO-CM			False	
w2:587	pixel_shuffle	SKIP	CM-COMPUTE	transpose	dequantize_per_tensor,quantize_per_tensor,transpose	False	
w30:532	linear	CRASH	NO-CM			False	
w31:4	_fft_r2c	TIMEOUT	CM-QUANT-ONLY		dequantize_per_tensor,quantize_per_tensor	False	
w32:453	index_put	MISMATCH	CM-QUANT-ONLY		dequantize_per_tensor,quantize_per_tensor	True	
w33:24	pixel_shuffle	SKIP	CM-COMPUTE	transpose	dequantize_per_tensor,quantize_per_tensor,transpose	False	
w34:183	_fft_r2c	TIMEOUT	CM-QUANT-ONLY		dequantize_per_tensor,quantize_per_tensor	False	
w35:192	topk.values	SKIP	NO-CM			False	
w35:741	bitwise_right_shift.Tensor_Scalar	MISMATCH	NO-CM			False	
w36:653	linear	CRASH	NO-CM			False	
w37:70	full.out	SKIP	CM-QUANT-ONLY		dequantize_per_tensor	False	
w38:615	index_put	MISMATCH	CM-QUANT-ONLY		dequantize_per_tensor,quantize_per_tensor	True	
w39:613	bitwise_left_shift.Tensor_Scalar_out	MISMATCH	NO-CM			False	
w3:573	_pdist_forward	SKIP	NO-CM			False	
w40:609	pixel_shuffle	SKIP	CM-COMPUTE	transpose	dequantize_per_tensor,quantize_per_tensor,transpose	False	
w41:606	index_put	MISMATCH	CM-QUANT-ONLY		dequantize_per_tensor,quantize_per_tensor	True	
w42:482	linear.out	CRASH	NO-CM			False	
w43:364	arange.out	SKIP	CM-QUANT-ONLY		dequantize_per_tensor	False	
w44:408	_pdist_forward	SKIP	NO-CM			False	
w45:451	ones.out	SKIP	CM-QUANT-ONLY		dequantize_per_tensor	False	
w46:609	copy	SKIP	CM-QUANT-ONLY		dequantize_per_tensor,quantize_per_tensor	True	
w47:494	pixel_shuffle	SKIP	CM-COMPUTE	transpose	dequantize_per_tensor,quantize_per_tensor,transpose	False	
w48:416	copy	SKIP	CM-QUANT-ONLY		dequantize_per_tensor,quantize_per_tensor	False	
w49:351	minimum.out	SKIP	CM-COMPUTE	minimum	minimum	False	
w4:195	where.self	SKIP	CM-QUANT-ONLY		dequantize_per_tensor,quantize_per_tensor	False	
w50:162	stack	SKIP	NO-CM			False	
w51:104	fill.Scalar	MISMATCH	CM-QUANT-ONLY		dequantize_per_tensor,quantize_per_tensor	False	
w52:110	bitwise_left_shift.Tensor_out	MISMATCH	CM-QUANT-ONLY		dequantize_per_tensor,quantize_per_tensor	False	
w52:716	pixel_shuffle	SKIP	CM-COMPUTE	transpose	dequantize_per_tensor,quantize_per_tensor,transpose	False	
w53:584	bitwise_left_shift.Tensor_out	MISMATCH	NO-CM			False	
w54:507	linear	CRASH	NO-CM			False	
w55:471	_fft_r2c	TIMEOUT	CM-QUANT-ONLY		dequantize_per_tensor,quantize_per_tensor	False	
w56:561	pixel_shuffle	SKIP	CM-COMPUTE	transpose	dequantize_per_tensor,quantize_per_tensor,transpose	False	
w57:583	pixel_unshuffle	SKIP	CM-COMPUTE	transpose	dequantize_per_tensor,quantize_per_tensor,transpose	False	
w58:52	stack	SKIP	CM-QUANT-ONLY		dequantize_per_tensor,quantize_per_tensor	False	
w59:447	index_put	MISMATCH	CM-QUANT-ONLY		dequantize_per_tensor,quantize_per_tensor	True	
w5:464	max_pool2d_with_indices_backward.grad_input	MISMATCH	CM-QUANT-ONLY		dequantize_per_tensor,quantize_per_tensor	False	
w60:388	ones.out	SKIP	CM-QUANT-ONLY		dequantize_per_tensor	False	
w61:379	convolution	SKIP	CM-QUANT-ONLY		dequantize_per_tensor,quantize_per_tensor	False	
w62:281	stack	SKIP	NO-CM			False	
w63:177	pixel_shuffle	SKIP	CM-COMPUTE	transpose	dequantize_per_tensor,quantize_per_tensor,transpose	False	
w64:31	where.self	SKIP	CM-QUANT-ONLY		dequantize_per_tensor,quantize_per_tensor	False	
w65:285	linear.out	CRASH	NO-CM			False	
w66:216	fill.Scalar	MISMATCH	CM-QUANT-ONLY		dequantize_per_tensor,quantize_per_tensor	False	
w66:756	arange.start_out	SKIP	NO-CM			False	
w67:727	index_put	MISMATCH	CM-QUANT-ONLY		dequantize_per_tensor,quantize_per_tensor	True	
w68:613	pixel_shuffle	SKIP	CM-COMPUTE	transpose	dequantize_per_tensor,quantize_per_tensor,transpose	False	
w69:50	index_put	MISMATCH	CM-QUANT-ONLY		dequantize_per_tensor,quantize_per_tensor	True	
w6:538	zeros.out	SKIP	CM-QUANT-ONLY		dequantize_per_tensor	False	
w70:378	zeros.out	SKIP	NO-CM			False	
w71:326	stack	SKIP	NO-CM			False	
w72:288	stack	SKIP	NO-CM			False	
w73:212	pixel_shuffle	SKIP	CM-COMPUTE	transpose	dequantize_per_tensor,quantize_per_tensor,transpose	False	
w74:184	copy	SKIP	CM-QUANT-ONLY		dequantize_per_tensor,quantize_per_tensor	True	
w74:87	pixel_shuffle	SKIP	CM-COMPUTE	transpose	dequantize_per_tensor,quantize_per_tensor,transpose	False	
w75:771	pixel_unshuffle	SKIP	CM-COMPUTE	transpose	dequantize_per_tensor,quantize_per_tensor,transpose	False	
w76:685	stack	SKIP	NO-CM			False	
w77:655	prod.int_out	MISMATCH	CM-QUANT-ONLY		dequantize_per_tensor,quantize_per_tensor	False	
w78:600	bitwise_right_shift.Tensor_Scalar	MISMATCH	NO-CM			False	
w79:546	max_pool2d_with_indices_backward.grad_input	MISMATCH	CM-QUANT-ONLY		dequantize_per_tensor,quantize_per_tensor	False	
w7:376	pixel_unshuffle	SKIP	CM-COMPUTE	transpose	transpose	False	
w80:34	where.self	SKIP	CM-QUANT-ONLY		dequantize_per_tensor,quantize_per_tensor	False	
w81:45	stack	SKIP	CM-QUANT-ONLY		dequantize_per_tensor	False	
w82:522	arange.out	SKIP	NO-CM			False	
w83:425	bitwise_left_shift.Tensor_out	MISMATCH	CM-QUANT-ONLY		dequantize_per_tensor,quantize_per_tensor	False	
w84:361	arange.out	SKIP	CM-QUANT-ONLY		dequantize_per_tensor	False	
w85:447	fmod.Scalar	MISMATCH	NO-CM			False	
w86:326	pixel_unshuffle	SKIP	CM-COMPUTE	transpose	dequantize_per_tensor,quantize_per_tensor,transpose	False	
w87:32	bitwise_left_shift.Tensor_out	MISMATCH	CM-QUANT-ONLY		dequantize_per_tensor,quantize_per_tensor	False	
w88:200	ones.out	SKIP	NO-CM			False	
w89:195	stack	SKIP	CM-QUANT-ONLY		dequantize_per_tensor	False	
w8:130	ones.out	SKIP	CM-QUANT-ONLY		dequantize_per_tensor	False	
w90:126	pixel_unshuffle	SKIP	CM-COMPUTE	transpose	dequantize_per_tensor,quantize_per_tensor,transpose	False	
w90:772	_pdist_forward	SKIP	NO-CM			False	
w92:101	ones.out	SKIP	NO-CM			False	
w92:761	arange.out	SKIP	CM-QUANT-ONLY		dequantize_per_tensor	False	
w93:691	linear.out	CRASH	NO-CM			False	
w94:679	max.dim_max	SKIP	NO-CM			False	
w95:491	pixel_shuffle	SKIP	CM-COMPUTE	transpose	dequantize_per_tensor,quantize_per_tensor,transpose	False	
w96:462	ones.out	SKIP	CM-QUANT-ONLY		dequantize_per_tensor	False	
w97:459	pixel_unshuffle	SKIP	CM-COMPUTE	transpose	dequantize_per_tensor,quantize_per_tensor,transpose	False	
w98:442	remainder.Tensor_out	MISMATCH	NO-CM			False	
w99:320	pixel_unshuffle	SKIP	CM-COMPUTE	transpose	dequantize_per_tensor,quantize_per_tensor,transpose	False	
w9:290	index_put	MISMATCH	CM-QUANT-ONLY		dequantize_per_tensor,quantize_per_tensor	True	
w0:649	arange.start_out	SKIP	CM-QUANT-ONLY		dequantize_per_tensor	False	
w100:697	where.self	SKIP	CM-QUANT-ONLY		dequantize_per_tensor,quantize_per_tensor	False	
w101:627	copy	SKIP	CM-QUANT-ONLY		dequantize_per_tensor,quantize_per_tensor	False	
w102:518	stack	SKIP	NO-CM			False	
w103:363	fmod.Scalar	MISMATCH	NO-CM			False	
w104:533	pixel_shuffle	SKIP	CM-COMPUTE	transpose	dequantize_per_tensor,quantize_per_tensor,transpose	False	
w105:425	max.dim_max	SKIP	NO-CM			False	
w106:409	pixel_unshuffle	SKIP	CM-COMPUTE	transpose	dequantize_per_tensor,quantize_per_tensor,transpose	False	
w107:395	pixel_shuffle	SKIP	CM-COMPUTE	transpose	dequantize_per_tensor,quantize_per_tensor,transpose	False	
w108:203	full.out	SKIP	CM-QUANT-ONLY		dequantize_per_tensor	False	
w109:211	bitwise_left_shift.Tensor_Scalar	MISMATCH	NO-CM			False	
w10:274	arange.start_out	SKIP	CM-QUANT-ONLY		dequantize_per_tensor	False	
w110:218	full.out	SKIP	CM-QUANT-ONLY		dequantize_per_tensor	False	
w111:352	arange.out	SKIP	CM-QUANT-ONLY		dequantize_per_tensor	False	
w112:365	pixel_shuffle	SKIP	CM-COMPUTE	transpose	dequantize_per_tensor,quantize_per_tensor,transpose	False	
w113:251	bitwise_right_shift.Tensor_Scalar	MISMATCH	NO-CM			False	
w113:95	scatter.value_out	SKIP	NO-CM			False	
w114:717	full.out	SKIP	CM-QUANT-ONLY		dequantize_per_tensor	False	
w115:506	pixel_shuffle	SKIP	CM-COMPUTE	transpose	dequantize_per_tensor,quantize_per_tensor,transpose	False	
w116:425	ones.out	SKIP	CM-QUANT-ONLY		dequantize_per_tensor	False	
w117:320	fill.Scalar	MISMATCH	CM-QUANT-ONLY		dequantize_per_tensor,quantize_per_tensor	False	
w118:300	min.dim_min	SKIP	NO-CM			False	
w119:275	bitwise_left_shift.Tensor_out	MISMATCH	CM-QUANT-ONLY		dequantize_per_tensor,quantize_per_tensor	False	
w11:166	remainder.Tensor_out	MISMATCH	CM-QUANT-ONLY		dequantize_per_tensor,quantize_per_tensor	False	
w120:139	full.out	SKIP	CM-QUANT-ONLY		dequantize_per_tensor	False	
w121:152	pixel_unshuffle	SKIP	CM-COMPUTE	transpose	dequantize_per_tensor,quantize_per_tensor,transpose	True	
w121:696	zeros.out	SKIP	CM-QUANT-ONLY		dequantize_per_tensor	False	
w122:547	full.out	SKIP	CM-QUANT-ONLY		dequantize_per_tensor	False	
w123:592	zeros.out	SKIP	CM-QUANT-ONLY		dequantize_per_tensor	False	
w124:633	stack	SKIP	NO-CM			False	
w125:537	bitwise_right_shift.Tensor_Scalar	MISMATCH	NO-CM			False	
w126:486	index_put	MISMATCH	CM-QUANT-ONLY		dequantize_per_tensor,quantize_per_tensor	True	
w127:479	arange.start_out	SKIP	NO-CM			False	
w12:516	_pdist_forward	SKIP	CM-QUANT-ONLY		dequantize_per_tensor,quantize_per_tensor	False	
w13:336	scatter.src_out	SKIP	CM-QUANT-ONLY		dequantize_per_tensor,quantize_per_tensor	True	
w14:38	full.out	SKIP	CM-QUANT-ONLY		dequantize_per_tensor	False	
w15:265	arange.start_out	SKIP	NO-CM			False	
w16:21	zeros.out	SKIP	CM-QUANT-ONLY		dequantize_per_tensor	False	
w17:125	arange.start_out	SKIP	CM-QUANT-ONLY		dequantize_per_tensor	False	
w17:703	pixel_shuffle	SKIP	CM-COMPUTE	transpose	dequantize_per_tensor,quantize_per_tensor,transpose	False	
w18:691	native_group_norm	SKIP	CM-QUANT-ONLY		dequantize_per_tensor,quantize_per_tensor	False	
w19:660	zeros.out	SKIP	CM-QUANT-ONLY		dequantize_per_tensor	False	
w1:672	expand_copy	SKIP	NO-CM			False	
w20:661	linear	CRASH	NO-CM			False	
w21:60	logical_and.out	MISMATCH	CM-QUANT-ONLY		dequantize_per_tensor,quantize_per_tensor	True	
w22:545	div.Scalar	MISMATCH	CM-QUANT-ONLY		dequantize_per_tensor,quantize_per_tensor	False	
w23:497	pixel_shuffle	SKIP	CM-COMPUTE	transpose	dequantize_per_tensor,quantize_per_tensor,transpose	False	
w24:472	pixel_unshuffle	SKIP	CM-COMPUTE	transpose	dequantize_per_tensor,quantize_per_tensor,transpose	False	
w25:404	bitwise_right_shift.Tensor_Scalar	MISMATCH	NO-CM			False	
w26:391	copy	SKIP	NO-CM			False	
w27:238	minimum.out	SKIP	CM-COMPUTE	minimum	minimum	False	
w27:81	fmod.Scalar	MISMATCH	NO-CM			False	
w28:666	arange.out	SKIP	CM-QUANT-ONLY		dequantize_per_tensor	False	
w29:651	bitwise_right_shift.Tensor_out	MISMATCH	NO-CM			False	
w2:594	expand_copy	SKIP	CM-QUANT-ONLY		dequantize_per_tensor,quantize_per_tensor	True	
w30:534	zeros.out	SKIP	NO-CM			False	
w31:429	native_group_norm	SKIP	CM-QUANT-ONLY		dequantize_per_tensor,quantize_per_tensor	False	
w32:468	stack	SKIP	CM-QUANT-ONLY		dequantize_per_tensor	False	
w33:245	arange.out	SKIP	NO-CM			False	
w34:224	full.out	SKIP	CM-QUANT-ONLY		dequantize_per_tensor	False	
w35:195	stack	SKIP	CM-QUANT-ONLY		dequantize_per_tensor,quantize_per_tensor	False	
w35:746	linear.out	CRASH	NO-CM			False	
w36:655	zeros.out	SKIP	CM-QUANT-ONLY		dequantize_per_tensor	False	
w37:705	max_pool2d_with_indices_backward.grad_input	MISMATCH	CM-QUANT-ONLY		dequantize_per_tensor,quantize_per_tensor	False	
w38:622	scatter.src_out	SKIP	CM-QUANT-ONLY		dequantize_per_tensor,quantize_per_tensor	True	
w39:621	index_put	MISMATCH	CM-QUANT-ONLY		dequantize_per_tensor,quantize_per_tensor	True	
w3:578	arange.out	SKIP	NO-CM			False	
w40:625	_fft_r2c	TIMEOUT	CM-QUANT-ONLY		dequantize_per_tensor,quantize_per_tensor	True	
w41:618	topk.values	SKIP	NO-CM			False	
w42:494	full.out	SKIP	CM-QUANT-ONLY		dequantize_per_tensor	False	
w43:37	prod.int_out	MISMATCH	CM-QUANT-ONLY		dequantize_per_tensor,quantize_per_tensor	False	
w44:413	arange.out	SKIP	NO-CM			False	
w45:456	fill.Scalar	MISMATCH	CM-QUANT-ONLY		dequantize_per_tensor,quantize_per_tensor	False	
w46:610	stack	SKIP	NO-CM			False	
w47:510	_fft_r2c	TIMEOUT	CM-QUANT-ONLY		dequantize_per_tensor,quantize_per_tensor	False	
w48:417	stack	SKIP	NO-CM			False	
w49:380	index_put	MISMATCH	CM-QUANT-ONLY		dequantize_per_tensor,quantize_per_tensor	True	
w4:200	mul.out	MISMATCH	CM-QUANT-ONLY		dequantize_per_tensor,quantize_per_tensor	True	
w50:170	linear	CRASH	NO-CM			False	
w51:127	linear.out	CRASH	NO-CM			False	
w52:127	topk.values	SKIP	NO-CM			False	
w52:723	expand_copy	SKIP	CM-QUANT-ONLY		dequantize_per_tensor,quantize_per_tensor	False	
w53:589	index_put	MISMATCH	CM-QUANT-ONLY		dequantize_per_tensor,quantize_per_tensor	True	
w54:509	zeros.out	SKIP	NO-CM			False	
w55:481	pixel_unshuffle	SKIP	CM-COMPUTE	transpose	dequantize_per_tensor,quantize_per_tensor,transpose	False	
w56:603	prod.int_out	MISMATCH	CM-QUANT-ONLY		dequantize_per_tensor,quantize_per_tensor	False	
w57:589	arange.start_out	SKIP	NO-CM			False	
w58:535	fmod.Scalar	MISMATCH	NO-CM			False	
w59:462	stack	SKIP	CM-QUANT-ONLY		dequantize_per_tensor,quantize_per_tensor	False	
w5:472	_fft_r2c	TIMEOUT	CM-QUANT-ONLY		dequantize_per_tensor,quantize_per_tensor	False	
w60:393	fill.Scalar	MISMATCH	CM-QUANT-ONLY		dequantize_per_tensor,quantize_per_tensor	False	
w61:384	native_group_norm	SKIP	CM-QUANT-ONLY		dequantize_per_tensor,quantize_per_tensor	False	
w62:291	zeros.out	SKIP	CM-QUANT-ONLY		dequantize_per_tensor	False	
w63:193	_fft_r2c	TIMEOUT	CM-QUANT-ONLY		dequantize_per_tensor,quantize_per_tensor	False	
w64:331	native_group_norm	SKIP	CM-QUANT-ONLY		dequantize_per_tensor,quantize_per_tensor	False	
w65:297	full.out	SKIP	NO-CM			False	
w66:220	pixel_unshuffle	SKIP	CM-COMPUTE	transpose	dequantize_per_tensor,quantize_per_tensor,transpose	False	
w67:101	arange.out	SKIP	NO-CM			False	
w67:739	topk.values	SKIP	NO-CM			False	
w68:629	_fft_r2c	TIMEOUT	CM-QUANT-ONLY		dequantize_per_tensor,quantize_per_tensor	True	
w69:521	stack	SKIP	CM-QUANT-ONLY		dequantize_per_tensor,quantize_per_tensor	False	
w6:540	logit	MISMATCH	CM-QUANT-ONLY		dequantize_per_tensor,quantize_per_tensor	False	
w70:394	remainder.Tensor_out	MISMATCH	CM-QUANT-ONLY		dequantize_per_tensor,quantize_per_tensor	False	
w71:334	linear	CRASH	NO-CM			False	
w72:298	zeros.out	SKIP	CM-QUANT-ONLY		dequantize_per_tensor	False	
w73:220	max_pool2d_with_indices_backward.grad_input	MISMATCH	CM-QUANT-ONLY		dequantize_per_tensor,quantize_per_tensor	False	
w74:185	stack	SKIP	CM-QUANT-ONLY		dequantize_per_tensor,quantize_per_tensor	False	
w75:11	stack	SKIP	NO-CM			False	
w75:78	ones.out	SKIP	NO-CM			False	
w76:723	_pdist_forward	SKIP	NO-CM			False	
w77:674	where.self	SKIP	CM-QUANT-ONLY		dequantize_per_tensor,quantize_per_tensor	False	
w78:62	linear	CRASH	NO-CM			False	
w79:554	_fft_r2c	TIMEOUT	CM-QUANT-ONLY		dequantize_per_tensor,quantize_per_tensor	True	
w7:382	arange.start_out	SKIP	NO-CM			False	
w80:342	arange.out	SKIP	NO-CM			False	
w81:464	where.self	SKIP	CM-QUANT-ONLY		dequantize_per_tensor,quantize_per_tensor	False	
w82:529	pixel_shuffle	SKIP	CM-COMPUTE	transpose	dequantize_per_tensor,quantize_per_tensor,transpose	False	
w83:444	copy	SKIP	CM-QUANT-ONLY		dequantize_per_tensor,quantize_per_tensor	True	
w84:368	pixel_shuffle	SKIP	CM-COMPUTE	transpose	dequantize_per_tensor,quantize_per_tensor,transpose	False	
w85:448	max.dim_max	SKIP	NO-CM			False	
w86:33	min.dim_min	SKIP	NO-CM			False	
w87:323	arange.out	SKIP	CM-QUANT-ONLY		dequantize_per_tensor	False	
w88:205	fill.Scalar	MISMATCH	CM-QUANT-ONLY		dequantize_per_tensor,quantize_per_tensor	False	
w89:205	zeros.out	SKIP	CM-QUANT-ONLY		dequantize_per_tensor	False	
w8:153	bitwise_right_shift.Tensor_Scalar	MISMATCH	NO-CM			False	
w90:13	where.self	SKIP	CM-QUANT-ONLY		dequantize_per_tensor,quantize_per_tensor	False	
w90:82	div.Scalar	MISMATCH	CM-QUANT-ONLY		dequantize_per_tensor,quantize_per_tensor	False	
w92:106	fill.Scalar	MISMATCH	CM-QUANT-ONLY		dequantize_per_tensor,quantize_per_tensor	False	
w92:77	arange.out	SKIP	NO-CM			False	
w93:703	full.out	SKIP	NO-CM			False	
w94:689	_pdist_forward	SKIP	NO-CM			False	
w95:498	expand_copy	SKIP	NO-CM			False	
w96:471	pixel_unshuffle	SKIP	CM-COMPUTE	transpose	dequantize_per_tensor,quantize_per_tensor,transpose	False	
w97:465	arange.start_out	SKIP	CM-QUANT-ONLY		dequantize_per_tensor	False	
w98:444	max.dim_max	SKIP	NO-CM			False	
w99:321	remainder.Scalar_out	MISMATCH	CM-QUANT-ONLY		dequantize_per_tensor,quantize_per_tensor	False	
w9:30	native_group_norm	SKIP	CM-QUANT-ONLY		dequantize_per_tensor,quantize_per_tensor	False	
w0:113	pixel_unshuffle	SKIP	CM-COMPUTE	transpose	dequantize_per_tensor,quantize_per_tensor,transpose	False	
w0:85	mul.Scalar	SKIP	CM-COMPUTE	quantized_mul	dequantize_per_tensor,quantize_per_tensor,quantized_mul	True	
w101:110	permute_copy	SKIP	CM-COMPUTE	transpose	dequantize_per_tensor,quantize_per_tensor,transpose	False	
w101:750	remainder.Scalar	MISMATCH	NO-CM			False	
w102:62	stack	SKIP	NO-CM			False	
w103:574	zeros.out	SKIP	NO-CM			False	
w104:639	arange.start_out	SKIP	CM-QUANT-ONLY		dequantize_per_tensor	False	
w105:663	_pdist_forward	SKIP	CM-QUANT-ONLY		dequantize_per_tensor,quantize_per_tensor	True	
w106:617	pixel_shuffle	SKIP	CM-COMPUTE	transpose	transpose	False	
w107:519	remainder.Tensor_out	MISMATCH	NO-CM			False	
w108:400	pixel_unshuffle	SKIP	CM-COMPUTE	transpose	dequantize_per_tensor,quantize_per_tensor,transpose	False	
w109:360	pixel_shuffle	SKIP	CM-COMPUTE	transpose	dequantize_per_tensor,quantize_per_tensor,transpose	False	
w10:46	arange.start_out	SKIP	NO-CM			False	
w110:446	full.out	SKIP	NO-CM			False	
w111:547	zeros.out	SKIP	NO-CM			False	
w112:528	index_put	MISMATCH	CM-QUANT-ONLY		dequantize_per_tensor,quantize_per_tensor	True	
w113:40	full.out	SKIP	NO-CM			False	
w114:220	_fft_r2c	TIMEOUT	CM-QUANT-ONLY		dequantize_per_tensor,quantize_per_tensor	False	
w115:131	scatter_add.out	SKIP	CM-QUANT-ONLY		dequantize_per_tensor,quantize_per_tensor	True	
w115:684	stack	SKIP	NO-CM			False	
w116:586	stack	SKIP	NO-CM			False	
w117:535	cumsum.out	SKIP	NO-CM			False	
w118:46	index_put	MISMATCH	CM-QUANT-ONLY		dequantize_per_tensor,quantize_per_tensor	True	
w119:402	full.out	SKIP	NO-CM			False	
w11:296	arange.start_out	SKIP	CM-QUANT-ONLY		dequantize_per_tensor	False	
w120:295	native_group_norm	SKIP	CM-QUANT-ONLY		dequantize_per_tensor,quantize_per_tensor	False	
w121:297	ones.out	SKIP	NO-CM			False	
w122:140	arange.start_out	SKIP	NO-CM			False	
w122:718	pixel_shuffle	SKIP	CM-COMPUTE	transpose	dequantize_per_tensor,quantize_per_tensor,transpose	False	
w124:105	arange.start_out	SKIP	NO-CM			False	
w124:755	remainder.Scalar	MISMATCH	NO-CM			False	
w125:675	stack	SKIP	NO-CM			False	
w126:663	scatter.value_out	SKIP	NO-CM			False	
w127:742	where.self	SKIP	CM-QUANT-ONLY		dequantize_per_tensor,quantize_per_tensor	True	
w12:615	expand_copy	SKIP	NO-CM			False	
w13:510	permute_copy	SKIP	CM-COMPUTE	transpose	dequantize_per_tensor,quantize_per_tensor,transpose	False	
w14:537	pixel_unshuffle	SKIP	CM-COMPUTE	transpose	dequantize_per_tensor,quantize_per_tensor,transpose	False	
w15:404	ones.out	SKIP	NO-CM			False	
w16:346	full.out	SKIP	CM-QUANT-ONLY		dequantize_per_tensor	False	
w17:240	arange.out	SKIP	CM-QUANT-ONLY		dequantize_per_tensor	False	
w18:15	arange.out	SKIP	CM-QUANT-ONLY		dequantize_per_tensor	False	
w19:157	where.self	SKIP	CM-QUANT-ONLY		dequantize_per_tensor,quantize_per_tensor	False	
w19:9	arange.out	SKIP	NO-CM			False	
w20:150	native_group_norm	SKIP	CM-QUANT-ONLY		dequantize_per_tensor,quantize_per_tensor	False	
w21:1	zeros.out	SKIP	CM-QUANT-ONLY		dequantize_per_tensor	False	
w21:747	fill.Scalar	MISMATCH	CM-QUANT-ONLY		dequantize_per_tensor,quantize_per_tensor	False	
w22:68	min.dim_min	SKIP	NO-CM			False	
w23:683	linear	CRASH	NO-CM			False	
w24:667	arange.out	SKIP	CM-QUANT-ONLY		dequantize_per_tensor	False	
w25:552	zeros.out	SKIP	CM-QUANT-ONLY		dequantize_per_tensor	False	
w26:542	pixel_unshuffle	SKIP	CM-COMPUTE	transpose	dequantize_per_tensor,quantize_per_tensor,transpose	False	
w27:348	_fft_r2c	TIMEOUT	CM-QUANT-ONLY		dequantize_per_tensor,quantize_per_tensor	False	
w28:217	pixel_shuffle	SKIP	CM-COMPUTE	transpose	dequantize_per_tensor,quantize_per_tensor,transpose	False	
w28:96	gather.out	SKIP	NO-CM			False	
w2:1	stack	SKIP	NO-CM			False	
w2:752	ones.out	SKIP	NO-CM			False	
w30:653	bitwise_left_shift.Tensor_Scalar	MISMATCH	NO-CM			False	
w31:622	stack	SKIP	NO-CM			False	
w32:62	pixel_shuffle	SKIP	CM-COMPUTE	transpose	dequantize_per_tensor,quantize_per_tensor,transpose	False	
w33:430	stack	SKIP	NO-CM			False	
w34:345	stack	SKIP	NO-CM			False	
w35:324	bitwise_left_shift.Tensor_Scalar	MISMATCH	NO-CM			False	
w36:232	arange.out	SKIP	CM-QUANT-ONLY		dequantize_per_tensor	False	
w37:191	stack	SKIP	NO-CM			False	
w38:18	fill.Scalar	MISMATCH	CM-QUANT-ONLY		dequantize_per_tensor,quantize_per_tensor	False	
w38:83	expand_copy	SKIP	CM-QUANT-ONLY		dequantize_per_tensor,quantize_per_tensor	False	
w39:743	full.out	SKIP	CM-QUANT-ONLY		dequantize_per_tensor	False	
w40:111	linear	CRASH	NO-CM			False	
w41:150	index_put	MISMATCH	CM-QUANT-ONLY		dequantize_per_tensor,quantize_per_tensor	True	
w42:122	where.self	SKIP	CM-QUANT-ONLY		dequantize_per_tensor,quantize_per_tensor	False	
w42:623	linear	CRASH	NO-CM			False	
w43:599	pixel_shuffle	SKIP	CM-COMPUTE	transpose	dequantize_per_tensor,quantize_per_tensor,transpose	False	
w44:636	_pdist_forward	SKIP	CM-QUANT-ONLY		dequantize_per_tensor,quantize_per_tensor	True	
w45:719	full.out	SKIP	NO-CM			False	
w46:717	full.out	SKIP	CM-QUANT-ONLY		dequantize_per_tensor	False	
w47:652	bitwise_left_shift.Tensor_out	MISMATCH	NO-CM			False	
w48:573	arange.start_out	SKIP	NO-CM			False	
w49:471	pixel_unshuffle	SKIP	CM-COMPUTE	transpose	dequantize_per_tensor,quantize_per_tensor,transpose	False	
w4:361	bitwise_left_shift.Tensor_Scalar	MISMATCH	NO-CM			False	
w50:318	arange.start_out	SKIP	CM-QUANT-ONLY		dequantize_per_tensor	False	
w51:327	ones.out	SKIP	CM-QUANT-ONLY		dequantize_per_tensor	False	
w52:259	bitwise_left_shift.Tensor_Scalar	MISMATCH	NO-CM			False	
w53:224	pixel_unshuffle	SKIP	CM-COMPUTE	transpose	dequantize_per_tensor,quantize_per_tensor,transpose	False	
w53:734	pixel_shuffle	SKIP	CM-COMPUTE	transpose	dequantize_per_tensor,quantize_per_tensor,transpose	False	
w54:737	zeros.out	SKIP	CM-QUANT-ONLY		dequantize_per_tensor	False	
w55:7	max_pool2d_with_indices_backward.grad_input	MISMATCH	CM-QUANT-ONLY		dequantize_per_tensor,quantize_per_tensor	False	
w56:726	ones.out	SKIP	CM-QUANT-ONLY		dequantize_per_tensor	False	
w0:684	where.self	SKIP	CM-QUANT-ONLY		dequantize_per_tensor,quantize_per_tensor	False	
w100:726	scatter.src_out	SKIP	CM-QUANT-ONLY		dequantize_per_tensor,quantize_per_tensor	True	
w101:628	stack	SKIP	NO-CM			False	
w102:528	zeros.out	SKIP	NO-CM			False	
w103:364	max.dim_max	SKIP	NO-CM			False	
w104:54	fmod.Scalar	MISMATCH	NO-CM			False	
w105:439	bitwise_right_shift.Tensor_out	MISMATCH	NO-CM			False	
w106:42	min.dim_min	SKIP	NO-CM			False	
w107:402	expand_copy	SKIP	CM-QUANT-ONLY		dequantize_per_tensor,quantize_per_tensor	False	
w108:218	remainder.Scalar	MISMATCH	NO-CM			False	
w109:219	expand_copy	SKIP	NO-CM			False	
w10:309	where.self	SKIP	CM-QUANT-ONLY		dequantize_per_tensor,quantize_per_tensor	False	
w110:248	expand_copy	SKIP	NO-CM			False	
w111:375	_fft_r2c	TIMEOUT	CM-QUANT-ONLY		dequantize_per_tensor,quantize_per_tensor	False	
w112:381	_fft_r2c	TIMEOUT	CM-QUANT-ONLY		dequantize_per_tensor,quantize_per_tensor	False	
w113:268	full.out	SKIP	NO-CM			False	
w114:102	convolution	SKIP	CM-QUANT-ONLY		dequantize_per_tensor,quantize_per_tensor	False	
w114:740	pixel_shuffle	SKIP	CM-COMPUTE	transpose	dequantize_per_tensor,quantize_per_tensor,transpose	False	
w115:522	_fft_r2c	TIMEOUT	CM-QUANT-ONLY		dequantize_per_tensor,quantize_per_tensor	False	
w116:480	remainder.Scalar	MISMATCH	NO-CM			False	
w117:324	pixel_unshuffle	SKIP	CM-COMPUTE	transpose	dequantize_per_tensor,quantize_per_tensor,transpose	False	
w118:315	remainder.Tensor_out	MISMATCH	CM-QUANT-ONLY		dequantize_per_tensor,quantize_per_tensor	False	
w119:280	index_put	MISMATCH	CM-QUANT-ONLY		dequantize_per_tensor,quantize_per_tensor	True	
w11:175	native_group_norm	SKIP	CM-QUANT-ONLY		dequantize_per_tensor,quantize_per_tensor	False	
w120:161	bitwise_left_shift.Tensor_Scalar	MISMATCH	NO-CM			False	
w121:158	arange.start_out	SKIP	CM-QUANT-ONLY		dequantize_per_tensor	False	
w121:712	remainder.Tensor_out	MISMATCH	CM-QUANT-ONLY		dequantize_per_tensor,quantize_per_tensor	False	
w122:571	scatter_add.out	SKIP	CM-QUANT-ONLY		dequantize_per_tensor,quantize_per_tensor	True	
w123:593	min.dim_min	SKIP	NO-CM			False	
w124:643	zeros.out	SKIP	CM-QUANT-ONLY		dequantize_per_tensor	False	
w125:554	full.out	SKIP	NO-CM			False	
w126:493	scatter.src_out	SKIP	CM-QUANT-ONLY		dequantize_per_tensor,quantize_per_tensor	True	
w127:531	bitwise_left_shift.Tensor_out	MISMATCH	CM-QUANT-ONLY		dequantize_per_tensor,quantize_per_tensor	False	
w12:521	arange.out	SKIP	CM-QUANT-ONLY		dequantize_per_tensor	False	
w13:344	stack	SKIP	NO-CM			False	
w14:387	stack	SKIP	NO-CM			False	
w15:32	remainder.Scalar_out	MISMATCH	CM-QUANT-ONLY		dequantize_per_tensor,quantize_per_tensor	False	
w16:210	index_select.out	MISMATCH	CM-QUANT-ONLY		dequantize_per_tensor,quantize_per_tensor	True	
w17:150	native_group_norm	SKIP	CM-QUANT-ONLY		dequantize_per_tensor,quantize_per_tensor	False	
w17:711	max_pool2d_with_indices_backward.grad_input	MISMATCH	CM-QUANT-ONLY		dequantize_per_tensor,quantize_per_tensor	True	
w18:694	_pdist_forward	SKIP	NO-CM			False	
w19:678	max.dim_max	SKIP	NO-CM			False	
w1:743	bitwise_left_shift.Tensor_out	MISMATCH	NO-CM			False	
w20:663	zeros.out	SKIP	NO-CM			False	
w21:603	arange.start_out	SKIP	CM-QUANT-ONLY		dequantize_per_tensor	False	
w22:556	arange.out	SKIP	NO-CM			False	
w23:513	_fft_r2c	TIMEOUT	CM-QUANT-ONLY		dequantize_per_tensor,quantize_per_tensor	False	
w24:503	full.out	SKIP	NO-CM			False	
w25:409	linear.out	CRASH	NO-CM			False	
w26:392	stack	SKIP	NO-CM			False	
w27:262	bitwise_left_shift.Tensor_out	MISMATCH	CM-QUANT-ONLY		dequantize_per_tensor,quantize_per_tensor	False	
w27:92	_pdist_forward	SKIP	NO-CM			False	
w28:689	_fft_r2c	TIMEOUT	CM-QUANT-ONLY		dequantize_per_tensor,quantize_per_tensor	False	
w29:652	arange.out	SKIP	NO-CM			False	
w2:638	native_group_norm	SKIP	CM-QUANT-ONLY		dequantize_per_tensor,quantize_per_tensor	False	
w30:552	max.dim_max	SKIP	NO-CM			False	
w31:45	full.out	SKIP	CM-QUANT-ONLY		dequantize_per_tensor	False	
w32:478	zeros.out	SKIP	NO-CM			False	
w33:252	pixel_shuffle	SKIP	CM-COMPUTE	transpose	dequantize_per_tensor,quantize_per_tensor,transpose	False	
w34:24	bitwise_right_shift.Tensor_Scalar_out	MISMATCH	NO-CM			False	
w35:205	zeros.out	SKIP	CM-QUANT-ONLY		dequantize_per_tensor	False	
w35:758	full.out	SKIP	CM-QUANT-ONLY		dequantize_per_tensor	False	
w36:68	full.out	SKIP	CM-QUANT-ONLY		dequantize_per_tensor	False	
w37:713	_fft_r2c	TIMEOUT	CM-QUANT-ONLY		dequantize_per_tensor,quantize_per_tensor	False	
w38:630	stack	SKIP	NO-CM			False	
w39:635	copy	SKIP	CM-QUANT-ONLY		dequantize_per_tensor,quantize_per_tensor	True	
w3:601	_fft_r2c	TIMEOUT	CM-QUANT-ONLY		dequantize_per_tensor,quantize_per_tensor	False	
w40:626	ones.out	SKIP	CM-QUANT-ONLY		dequantize_per_tensor	False	
w41:621	stack	SKIP	NO-CM			False	
w42:509	remainder.Scalar	MISMATCH	NO-CM			False	
w43:371	pixel_shuffle	SKIP	CM-COMPUTE	transpose	dequantize_per_tensor,quantize_per_tensor,transpose	False	
w44:420	pixel_shuffle	SKIP	CM-COMPUTE	transpose	dequantize_per_tensor,quantize_per_tensor,transpose	False	
w45:491	full.out	SKIP	NO-CM			False	
w46:618	linear	CRASH	NO-CM			False	
w47:511	ones.out	SKIP	CM-QUANT-ONLY		dequantize_per_tensor	False	
w48:427	zeros.out	SKIP	CM-QUANT-ONLY		dequantize_per_tensor	False	
w49:395	stack	SKIP	CM-QUANT-ONLY		dequantize_per_tensor,quantize_per_tensor	False	
w4:212	bitwise_left_shift.Tensor_out	MISMATCH	NO-CM			False	
w50:172	zeros.out	SKIP	NO-CM			False	
w51:134	floor_divide	MISMATCH	CM-QUANT-ONLY		dequantize_per_tensor,quantize_per_tensor	False	
w52:130	stack	SKIP	NO-CM			False	
w52:742	arange.start_out	SKIP	CM-QUANT-ONLY		dequantize_per_tensor	False	
w53:603	copy	SKIP	CM-QUANT-ONLY		dequantize_per_tensor,quantize_per_tensor	True	
w54:53	zeros.out	SKIP	CM-QUANT-ONLY		dequantize_per_tensor	False	
w55:495	bitwise_right_shift.Tensor_Scalar	MISMATCH	NO-CM			False	
w56:636	bitwise_left_shift.Tensor_Scalar_out	MISMATCH	NO-CM			False	
w57:595	scatter.value_out	SKIP	CM-QUANT-ONLY		dequantize_per_tensor,quantize_per_tensor	True	
w58:546	_pdist_forward	SKIP	NO-CM			False	
w59:472	zeros.out	SKIP	NO-CM			False	
w5:473	ones.out	SKIP	CM-QUANT-ONLY		dequantize_per_tensor	False	
w60:428	full.out	SKIP	NO-CM			False	
w61:4	logical_or.out	MISMATCH	CM-QUANT-ONLY		dequantize_per_tensor,quantize_per_tensor	True	
w62:30	bitwise_left_shift.Tensor_Scalar_out	MISMATCH	NO-CM			False	
w63:194	ones.out	SKIP	CM-QUANT-ONLY		dequantize_per_tensor	False	
w64:334	_pdist_forward	SKIP	CM-QUANT-ONLY		dequantize_per_tensor,quantize_per_tensor	False	
w65:320	pixel_shuffle	SKIP	CM-COMPUTE	transpose	dequantize_per_tensor,quantize_per_tensor,transpose	False	
w66:23	full.out	SKIP	CM-QUANT-ONLY		dequantize_per_tensor	False	
w67:124	_fft_r2c	TIMEOUT	CM-QUANT-ONLY		dequantize_per_tensor,quantize_per_tensor	False	
w67:741	copy	SKIP	CM-QUANT-ONLY		dequantize_per_tensor,quantize_per_tensor	False	
w68:630	ones.out	SKIP	CM-QUANT-ONLY		dequantize_per_tensor	False	
w69:531	zeros.out	SKIP	NO-CM			False	
w6:566	_pdist_forward	SKIP	NO-CM			False	
w70:406	_pdist_forward	SKIP	NO-CM			False	
w71:336	zeros.out	SKIP	CM-QUANT-ONLY		dequantize_per_tensor	False	
w72:299	min.dim_min	SKIP	NO-CM			False	
w73:228	_fft_r2c	TIMEOUT	CM-QUANT-ONLY		dequantize_per_tensor,quantize_per_tensor	False	
w74:195	zeros.out	SKIP	NO-CM			False	
w75:113	floor_divide	MISMATCH	CM-QUANT-ONLY		dequantize_per_tensor,quantize_per_tensor	False	
w75:83	fill.Scalar	MISMATCH	CM-QUANT-ONLY		dequantize_per_tensor,quantize_per_tensor	True	
w76:735	pixel_shuffle	SKIP	CM-COMPUTE	transpose	dequantize_per_tensor,quantize_per_tensor,transpose	False	
w77:696	index_put	MISMATCH	CM-QUANT-ONLY		dequantize_per_tensor,quantize_per_tensor	True	
w78:633	transpose_copy.int	SKIP	CM-COMPUTE	transpose	dequantize_per_tensor,quantize_per_tensor,transpose	False	
w79:555	ones.out	SKIP	CM-QUANT-ONLY		dequantize_per_tensor	False	
w7:407	native_group_norm	SKIP	CM-QUANT-ONLY		dequantize_per_tensor,quantize_per_tensor	False	
w80:349	pixel_shuffle	SKIP	CM-COMPUTE	transpose	dequantize_per_tensor,quantize_per_tensor,transpose	False	
w81:486	index_put	MISMATCH	CM-QUANT-ONLY		dequantize_per_tensor,quantize_per_tensor	True	
w82:545	_fft_r2c	TIMEOUT	CM-QUANT-ONLY		dequantize_per_tensor,quantize_per_tensor	False	
w83:445	stack	SKIP	NO-CM			False	
w84:384	_fft_r2c	TIMEOUT	CM-QUANT-ONLY		dequantize_per_tensor,quantize_per_tensor	False	
w85:455	native_group_norm	SKIP	CM-QUANT-ONLY		dequantize_per_tensor,quantize_per_tensor	False	
w86:357	full.out	SKIP	CM-QUANT-ONLY		dequantize_per_tensor	False	
w87:346	_fft_r2c	TIMEOUT	CM-QUANT-ONLY		dequantize_per_tensor,quantize_per_tensor	False	
w88:209	pixel_unshuffle	SKIP	CM-COMPUTE	transpose	dequantize_per_tensor,quantize_per_tensor,transpose	False	
w89:221	remainder.Tensor_out	MISMATCH	NO-CM			False	
w8:158	linear.out	CRASH	CM-QUANT-ONLY		dequantize_per_tensor,quantize_per_tensor	False	
w90:157	full.out	SKIP	CM-QUANT-ONLY		dequantize_per_tensor	False	
w91:10	remainder.Scalar	MISMATCH	NO-CM			False	
w92:110	pixel_unshuffle	SKIP	CM-COMPUTE	transpose	dequantize_per_tensor,quantize_per_tensor,transpose	False	
w92:776	max_pool2d_with_indices_backward.grad_input	MISMATCH	CM-QUANT-ONLY		dequantize_per_tensor,quantize_per_tensor	False	
w93:746	pixel_unshuffle	SKIP	CM-COMPUTE	transpose	transpose	False	
w94:694	arange.out	SKIP	CM-QUANT-ONLY		dequantize_per_tensor	False	
w95:520	relu	MISMATCH	CM-QUANT-ONLY		dequantize_per_tensor,quantize_per_tensor	True	
w96:5	_fft_r2c	TIMEOUT	CM-QUANT-ONLY		dequantize_per_tensor,quantize_per_tensor	True	
w97:490	native_group_norm	SKIP	CM-QUANT-ONLY		dequantize_per_tensor,quantize_per_tensor	False	
w98:454	_pdist_forward	SKIP	NO-CM			False	
w99:326	arange.start_out	SKIP	NO-CM			False	
w9:304	copy	SKIP	CM-QUANT-ONLY		dequantize_per_tensor,quantize_per_tensor	True	
w0:713	scatter.src_out	SKIP	CM-QUANT-ONLY		dequantize_per_tensor,quantize_per_tensor	True	
w100:734	stack	SKIP	NO-CM			False	
w101:638	zeros.out	SKIP	CM-QUANT-ONLY		dequantize_per_tensor	False	
w102:544	remainder.Tensor_out	MISMATCH	NO-CM			False	
w103:402	_fft_r2c	TIMEOUT	CM-QUANT-ONLY		dequantize_per_tensor,quantize_per_tensor	False	
w104:541	max_pool2d_with_indices_backward.grad_input	MISMATCH	CM-QUANT-ONLY		dequantize_per_tensor,quantize_per_tensor	False	
w105:440	arange.out	SKIP	CM-QUANT-ONLY		dequantize_per_tensor	False	
w106:472	index_put	MISMATCH	CM-QUANT-ONLY		dequantize_per_tensor,quantize_per_tensor	True	
w107:446	native_group_norm	SKIP	CM-QUANT-ONLY		dequantize_per_tensor,quantize_per_tensor	False	
w108:236	pow.Scalar_out	MISMATCH	NO-CM			False	
w109:232	pixel_unshuffle	SKIP	CM-COMPUTE	transpose	dequantize_per_tensor,quantize_per_tensor,transpose	False	
w10:326	bitwise_left_shift.Tensor_out	MISMATCH	CM-QUANT-ONLY		dequantize_per_tensor,quantize_per_tensor	False	
w110:267	arange.start_out	SKIP	CM-QUANT-ONLY		dequantize_per_tensor	False	
w111:376	ones.out	SKIP	NO-CM			False	
w112:382	ones.out	SKIP	CM-QUANT-ONLY		dequantize_per_tensor	False	
w113:291	pixel_shuffle	SKIP	CM-COMPUTE	transpose	dequantize_per_tensor,quantize_per_tensor,transpose	False	
w114:107	native_group_norm	SKIP	CM-QUANT-ONLY		dequantize_per_tensor,quantize_per_tensor	False	
w114:741	scatter_add.out	SKIP	CM-QUANT-ONLY		dequantize_per_tensor,quantize_per_tensor	True	
w115:523	ones.out	SKIP	CM-QUANT-ONLY		dequantize_per_tensor	False	
w116:481	transpose_copy.int	SKIP	CM-COMPUTE	transpose	dequantize_per_tensor,quantize_per_tensor,transpose	False	
w117:338	bitwise_right_shift.Tensor_Scalar	MISMATCH	NO-CM			False	
w118:324	native_group_norm	SKIP	CM-QUANT-ONLY		dequantize_per_tensor,quantize_per_tensor	False	
w119:295	stack	SKIP	NO-CM			False	
w11:183	arange.out	SKIP	NO-CM			False	
w120:162	pixel_shuffle	SKIP	CM-COMPUTE	transpose	dequantize_per_tensor,quantize_per_tensor,transpose	False	
w121:178	convolution	SKIP	CM-QUANT-ONLY		dequantize_per_tensor,quantize_per_tensor	False	
w121:724	_pdist_forward	SKIP	CM-QUANT-ONLY		dequantize_per_tensor,quantize_per_tensor	False	
w122:575	bitwise_right_shift.Tensor_Scalar_out	MISMATCH	NO-CM			False	
w123:60	scatter.value_out	SKIP	CM-QUANT-ONLY		dequantize_per_tensor,quantize_per_tensor	False	
w124:668	native_group_norm	SKIP	CM-QUANT-ONLY		dequantize_per_tensor,quantize_per_tensor	False	
w125:57	_fft_r2c	TIMEOUT	CM-QUANT-ONLY		dequantize_per_tensor,quantize_per_tensor	False	
w126:500	copy	SKIP	CM-QUANT-ONLY		dequantize_per_tensor,quantize_per_tensor	True	
w127:551	stack	SKIP	CM-QUANT-ONLY		dequantize_per_tensor,quantize_per_tensor	False	
w12:536	max_pool2d_with_indices_backward.grad_input	MISMATCH	CM-QUANT-ONLY		dequantize_per_tensor,quantize_per_tensor	False	
w13:354	zeros.out	SKIP	NO-CM			False	
w14:397	zeros.out	SKIP	CM-QUANT-ONLY		dequantize_per_tensor	False	
w15:334	topk.values	SKIP	NO-CM			False	
w16:239	stack	SKIP	CM-QUANT-ONLY		dequantize_per_tensor,quantize_per_tensor	False	
w17:153	minimum.out	SKIP	CM-COMPUTE	minimum	minimum	False	
w17:719	_fft_r2c	TIMEOUT	CM-QUANT-ONLY		dequantize_per_tensor,quantize_per_tensor	False	
w18:698	bitwise_right_shift.Tensor_out	MISMATCH	NO-CM			False	
w19:685	native_group_norm	SKIP	CM-QUANT-ONLY		dequantize_per_tensor,quantize_per_tensor	False	
w1:744	div.out_mode	MISMATCH	CM-QUANT-ONLY		dequantize_per_tensor,quantize_per_tensor	True	
w20:679	remainder.Tensor_out	MISMATCH	NO-CM			False	
w21:613	permute_copy	SKIP	CM-COMPUTE	transpose	dequantize_per_tensor,quantize_per_tensor,transpose	False	
w22:563	pixel_shuffle	SKIP	CM-COMPUTE	transpose	dequantize_per_tensor,quantize_per_tensor,transpose	False	
w23:514	ones.out	SKIP	NO-CM			False	
w24:519	transpose_copy.int	SKIP	CM-COMPUTE	transpose	dequantize_per_tensor,quantize_per_tensor,transpose	False	
w25:421	full.out	SKIP	CM-QUANT-ONLY		dequantize_per_tensor	False	
w26:402	zeros.out	SKIP	NO-CM			False	
w27:263	div.out_mode	MISMATCH	CM-QUANT-ONLY		dequantize_per_tensor,quantize_per_tensor	True	
w27:96	bitwise_right_shift.Tensor_out	MISMATCH	NO-CM			False	
w28:690	ones.out	SKIP	CM-QUANT-ONLY		dequantize_per_tensor	False	
w29:667	max_pool2d_with_indices_backward.grad_input	MISMATCH	CM-QUANT-ONLY		dequantize_per_tensor,quantize_per_tensor	False	
w2:665	bitwise_left_shift.Tensor_out	MISMATCH	CM-QUANT-ONLY		dequantize_per_tensor,quantize_per_tensor	False	
w30:559	native_group_norm	SKIP	CM-QUANT-ONLY		dequantize_per_tensor,quantize_per_tensor	False	
w31:452	max_pool2d_with_indices_backward.grad_input	MISMATCH	CM-QUANT-ONLY		dequantize_per_tensor,quantize_per_tensor	False	
w32:494	remainder.Tensor_out	MISMATCH	CM-QUANT-ONLY		dequantize_per_tensor,quantize_per_tensor	False	
w33:268	_fft_r2c	TIMEOUT	CM-QUANT-ONLY		dequantize_per_tensor,quantize_per_tensor	False	
w34:247	pixel_shuffle	SKIP	CM-COMPUTE	transpose	dequantize_per_tensor,quantize_per_tensor,transpose	False	
w35:206	min.dim_min	SKIP	NO-CM			False	
w36:112	remainder.Scalar_out	MISMATCH	NO-CM			False	
w36:683	_pdist_forward	SKIP	NO-CM			False	
w37:737	bitwise_right_shift.Tensor_Scalar	MISMATCH	NO-CM			False	
w38:665	native_group_norm	SKIP	CM-QUANT-ONLY		dequantize_per_tensor,quantize_per_tensor	False	
w39:636	stack	SKIP	CM-QUANT-ONLY		dequantize_per_tensor,quantize_per_tensor	False	
w3:607	fill.Scalar	MISMATCH	CM-QUANT-ONLY		dequantize_per_tensor,quantize_per_tensor	False	
w40:66	where.self	SKIP	CM-QUANT-ONLY		dequantize_per_tensor,quantize_per_tensor	False	
w41:629	linear	CRASH	NO-CM			False	
w42:516	bitwise_left_shift.Tensor_Scalar	MISMATCH	NO-CM			False	
w43:379	max_pool2d_with_indices_backward.grad_input	MISMATCH	CM-QUANT-ONLY		dequantize_per_tensor,quantize_per_tensor	True	
w44:436	_fft_r2c	TIMEOUT	CM-QUANT-ONLY		dequantize_per_tensor,quantize_per_tensor	False	
w45:540	arange.start_out	SKIP	CM-QUANT-ONLY		dequantize_per_tensor	False	
w46:621	min.dim_min	SKIP	NO-CM			False	
w47:516	fill.Scalar	MISMATCH	CM-QUANT-ONLY		dequantize_per_tensor,quantize_per_tensor	False	
w48:428	min.dim_min	SKIP	NO-CM			False	
w49:405	zeros.out	SKIP	NO-CM			False	
w4:217	index_put	MISMATCH	CM-QUANT-ONLY		dequantize_per_tensor,quantize_per_tensor	True	
w50:188	remainder.Tensor_out	MISMATCH	NO-CM			False	
w51:188	arange.start_out	SKIP	CM-QUANT-ONLY		dequantize_per_tensor	False	
w52:138	linear	CRASH	NO-CM			False	
w52:93	where.self	MISMATCH	CM-QUANT-ONLY		dequantize_per_tensor,quantize_per_tensor	False	
w53:604	stack	SKIP	NO-CM			False	
w54:534	native_group_norm	SKIP	CM-QUANT-ONLY		dequantize_per_tensor,quantize_per_tensor	False	
w55:512	full.out	SKIP	CM-QUANT-ONLY		dequantize_per_tensor	False	
w56:640	div.out_mode	MISMATCH	CM-QUANT-ONLY		dequantize_per_tensor,quantize_per_tensor	False	
w57:605	prod.int_out	MISMATCH	CM-QUANT-ONLY		dequantize_per_tensor,quantize_per_tensor	False	
w58:551	arange.out	SKIP	CM-QUANT-ONLY		dequantize_per_tensor	False	
w59:512	pixel_shuffle	SKIP	CM-COMPUTE	transpose	dequantize_per_tensor,quantize_per_tensor,transpose	False	
w5:536	pixel_shuffle	SKIP	CM-COMPUTE	transpose	dequantize_per_tensor,quantize_per_tensor,transpose	False	
w60:452	scatter_add.out	SKIP	CM-QUANT-ONLY		dequantize_per_tensor,quantize_per_tensor	True	
w61:41	_fft_r2c	TIMEOUT	CM-QUANT-ONLY		dequantize_per_tensor,quantize_per_tensor	False	
w62:309	max.dim_max	SKIP	NO-CM			False	
w63:199	fill.Scalar	MISMATCH	CM-QUANT-ONLY		dequantize_per_tensor,quantize_per_tensor	True	
w64:339	arange.out	SKIP	NO-CM			False	
w65:346	arange.start_out	SKIP	CM-QUANT-ONLY		dequantize_per_tensor	False	
w66:234	bitwise_right_shift.Tensor_Scalar	MISMATCH	NO-CM			False	
w67:125	ones.out	SKIP	CM-QUANT-ONLY		dequantize_per_tensor	False	
w67:742	stack	SKIP	CM-QUANT-ONLY		dequantize_per_tensor,quantize_per_tensor	False	
w68:639	pixel_unshuffle	SKIP	CM-COMPUTE	transpose	dequantize_per_tensor,quantize_per_tensor,transpose	False	
w69:559	_pdist_forward	SKIP	NO-CM			False	
w6:571	arange.out	SKIP	CM-QUANT-ONLY		dequantize_per_tensor	False	
w70:411	arange.out	SKIP	NO-CM			False	
w71:337	min.dim_min	SKIP	NO-CM			False	
w72:323	native_group_norm	SKIP	CM-QUANT-ONLY		dequantize_per_tensor,quantize_per_tensor	False	
w73:252	bitwise_right_shift.Tensor_Scalar	MISMATCH	NO-CM			False	
w74:220	native_group_norm	SKIP	CM-QUANT-ONLY		dequantize_per_tensor,quantize_per_tensor	False	
w75:133	remainder.Scalar	MISMATCH	NO-CM			False	
w76:0	copy	SKIP	NO-CM			False	
w76:743	max_pool2d_with_indices_backward.grad_input	MISMATCH	CM-QUANT-ONLY		dequantize_per_tensor,quantize_per_tensor	False	
w77:711	stack	SKIP	NO-CM			False	
w78:64	zeros.out	SKIP	CM-QUANT-ONLY		dequantize_per_tensor	False	
w79:560	fill.Scalar	MISMATCH	CM-QUANT-ONLY		dequantize_per_tensor,quantize_per_tensor	False	
w7:41	arange.out	SKIP	NO-CM			False	
w80:365	_fft_r2c	TIMEOUT	CM-QUANT-ONLY		dequantize_per_tensor,quantize_per_tensor	False	
w81:501	stack	SKIP	NO-CM			False	
w82:546	ones.out	SKIP	CM-QUANT-ONLY		dequantize_per_tensor	False	
w83:453	linear	CRASH	NO-CM			False	
w84:425	full.out	SKIP	NO-CM			False	
w85:458	_pdist_forward	SKIP	NO-CM			False	
w86:380	pixel_shuffle	SKIP	CM-COMPUTE	transpose	dequantize_per_tensor,quantize_per_tensor,transpose	False	
w87:347	ones.out	SKIP	CM-QUANT-ONLY		dequantize_per_tensor	False	
w88:228	linear.out	CRASH	CM-QUANT-ONLY		dequantize_per_tensor,quantize_per_tensor	False	
w89:233	_pdist_forward	SKIP	NO-CM			False	
w8:170	full.out	SKIP	CM-QUANT-ONLY		dequantize_per_tensor	False	
w90:180	pixel_shuffle	SKIP	CM-COMPUTE	transpose	dequantize_per_tensor,quantize_per_tensor,transpose	True	
w91:116	stack	SKIP	NO-CM			False	
w92:124	bitwise_right_shift.Tensor_Scalar	MISMATCH	NO-CM			False	
w92:84	pixel_shuffle	SKIP	CM-COMPUTE	transpose	dequantize_per_tensor,quantize_per_tensor,transpose	False	
w93:758	scatter.value_out	SKIP	NO-CM			False	
w94:709	max_pool2d_with_indices_backward.grad_input	MISMATCH	CM-QUANT-ONLY		dequantize_per_tensor,quantize_per_tensor	False	
w95:574	index_put	MISMATCH	CM-QUANT-ONLY		dequantize_per_tensor,quantize_per_tensor	True	
w96:502	full.out	SKIP	CM-QUANT-ONLY		dequantize_per_tensor	False	
w97:500	where.self	MISMATCH	CM-QUANT-ONLY		dequantize_per_tensor,quantize_per_tensor	False	
w98:459	arange.out	SKIP	NO-CM			False	
w99:351	native_group_norm	SKIP	CM-QUANT-ONLY		dequantize_per_tensor,quantize_per_tensor	False	
w9:305	stack	SKIP	NO-CM			False	
w0:72	native_group_norm	SKIP	CM-QUANT-ONLY		dequantize_per_tensor,quantize_per_tensor	False	
w100:744	zeros.out	SKIP	CM-QUANT-ONLY		dequantize_per_tensor	False	
w101:654	remainder.Tensor_out	MISMATCH	CM-QUANT-ONLY		dequantize_per_tensor,quantize_per_tensor	False	
w102:556	_pdist_forward	SKIP	CM-QUANT-ONLY		dequantize_per_tensor,quantize_per_tensor	False	
w103:403	ones.out	SKIP	NO-CM			False	
w104:549	_fft_r2c	TIMEOUT	CM-QUANT-ONLY		dequantize_per_tensor,quantize_per_tensor	False	
w105:463	_fft_r2c	TIMEOUT	CM-QUANT-ONLY		dequantize_per_tensor,quantize_per_tensor	False	
w106:484	topk.values	SKIP	NO-CM			False	
w107:45	linear	CRASH	NO-CM			False	
w108:24	arange.start_out	SKIP	NO-CM			False	
w109:238	arange.start_out	SKIP	NO-CM			False	
w10:331	index_put	MISMATCH	CM-QUANT-ONLY		dequantize_per_tensor,quantize_per_tensor	True	
w110:277	permute_copy	SKIP	CM-COMPUTE	transpose	dequantize_per_tensor,quantize_per_tensor,transpose	False	
w111:399	bitwise_right_shift.Tensor_Scalar	MISMATCH	NO-CM			False	
w112:391	pixel_unshuffle	SKIP	CM-COMPUTE	transpose	dequantize_per_tensor,quantize_per_tensor,transpose	False	
w113:298	expand_copy	SKIP	NO-CM			False	
w114:110	minimum.out	SKIP	CM-COMPUTE	minimum	minimum	False	
w114:760	pixel_unshuffle	SKIP	CM-COMPUTE	transpose	dequantize_per_tensor,quantize_per_tensor,transpose	False	
w115:551	linear.out	CRASH	CM-QUANT-ONLY		dequantize_per_tensor,quantize_per_tensor	False	
w116:488	pixel_shuffle	SKIP	CM-COMPUTE	transpose	dequantize_per_tensor,quantize_per_tensor,transpose	False	
w117:355	full.out	SKIP	CM-QUANT-ONLY		dequantize_per_tensor	False	
w118:327	_pdist_forward	SKIP	CM-QUANT-ONLY		dequantize_per_tensor,quantize_per_tensor	True	
w119:305	zeros.out	SKIP	CM-QUANT-ONLY		dequantize_per_tensor	False	
w11:19	full.out	SKIP	NO-CM			False	
w120:167	bitwise_right_shift.Tensor_Scalar_out	MISMATCH	NO-CM			False	
w121:183	native_group_norm	SKIP	CM-QUANT-ONLY		dequantize_per_tensor,quantize_per_tensor	False	
w121:736	pixel_shuffle	SKIP	CM-COMPUTE	transpose	dequantize_per_tensor,quantize_per_tensor,transpose	False	
w122:577	expand_copy	SKIP	NO-CM			False	
w123:648	_fft_r2c	TIMEOUT	CM-QUANT-ONLY		dequantize_per_tensor,quantize_per_tensor	False	
w124:671	_pdist_forward	SKIP	NO-CM			False	
w125:576	bitwise_left_shift.Tensor_Scalar	MISMATCH	NO-CM			False	
w126:501	stack	SKIP	NO-CM			False	
w127:561	zeros.out	SKIP	CM-QUANT-ONLY		dequantize_per_tensor	False	
w12:544	_fft_r2c	TIMEOUT	CM-QUANT-ONLY		dequantize_per_tensor,quantize_per_tensor	False	
w13:387	arange.out	SKIP	NO-CM			False	
w14:413	remainder.Tensor_out	MISMATCH	CM-QUANT-ONLY		dequantize_per_tensor,quantize_per_tensor	False	
w15:336	copy	SKIP	NO-CM			False	
w16:247	linear	CRASH	NO-CM			False	
w17:160	where.self	SKIP	CM-QUANT-ONLY		dequantize_per_tensor,quantize_per_tensor	False	
w17:720	ones.out	SKIP	CM-QUANT-ONLY		dequantize_per_tensor	False	
w18:699	arange.out	SKIP	NO-CM			False	
w19:688	_pdist_forward	SKIP	CM-QUANT-ONLY		dequantize_per_tensor,quantize_per_tensor	False	
w1:762	copy	SKIP	CM-QUANT-ONLY		dequantize_per_tensor,quantize_per_tensor	True	
w20:688	native_group_norm	SKIP	CM-QUANT-ONLY		dequantize_per_tensor,quantize_per_tensor	False	
w21:63	fill.Scalar	MISMATCH	CM-QUANT-ONLY		dequantize_per_tensor,quantize_per_tensor	False	
w22:57	stack	SKIP	NO-CM			False	
w23:537	bitwise_right_shift.Tensor_Scalar	MISMATCH	NO-CM			False	
w24:525	bitwise_left_shift.Tensor_Scalar	MISMATCH	NO-CM			False	
w25:436	remainder.Scalar	MISMATCH	NO-CM			False	
w26:43	full.out	SKIP	NO-CM			False	
w27:281	copy	SKIP	NO-CM			False	
w27:97	arange.out	SKIP	NO-CM			False	
w28:695	fill.Scalar	MISMATCH	CM-QUANT-ONLY		dequantize_per_tensor,quantize_per_tensor	False	
w29:675	_fft_r2c	TIMEOUT	CM-QUANT-ONLY		dequantize_per_tensor,quantize_per_tensor	True	
w2:67	_fft_r2c	TIMEOUT	CM-QUANT-ONLY		dequantize_per_tensor,quantize_per_tensor	False	
w30:562	_pdist_forward	SKIP	NO-CM			False	
w31:460	_fft_r2c	TIMEOUT	CM-QUANT-ONLY		dequantize_per_tensor,quantize_per_tensor	False	
w32:496	max.dim_max	SKIP	NO-CM			False	
w33:269	ones.out	SKIP	NO-CM			False	
w34:254	expand_copy	SKIP	CM-QUANT-ONLY		dequantize_per_tensor,quantize_per_tensor	False	
w35:222	fmod.Scalar	MISMATCH	NO-CM			False	
w36:117	arange.start_out	SKIP	NO-CM			False	
w36:688	arange.out	SKIP	CM-QUANT-ONLY		dequantize_per_tensor	False	
w37:754	full.out	SKIP	NO-CM			False	
w38:673	arange.out	SKIP	NO-CM			False	
w39:646	zeros.out	SKIP	CM-QUANT-ONLY		dequantize_per_tensor	False	
w3:64	index_put	MISMATCH	CM-QUANT-ONLY		dequantize_per_tensor,quantize_per_tensor	True	
w40:666	full.out	SKIP	CM-QUANT-ONLY		dequantize_per_tensor	False	
w41:647	remainder.Tensor_out	MISMATCH	NO-CM			False	
w42:522	bitwise_right_shift.Tensor_Scalar_out	MISMATCH	NO-CM			False	
w43:387	_fft_r2c	TIMEOUT	CM-QUANT-ONLY		dequantize_per_tensor,quantize_per_tensor	False	
w44:437	ones.out	SKIP	CM-QUANT-ONLY		dequantize_per_tensor	False	
w45:592	bitwise_left_shift.Tensor_out	MISMATCH	CM-QUANT-ONLY		dequantize_per_tensor,quantize_per_tensor	False	
w46:637	fmod.Scalar	MISMATCH	NO-CM			False	
w47:539	linear.out	CRASH	CM-QUANT-ONLY		dequantize_per_tensor,quantize_per_tensor	False	
w48:452	native_group_norm	SKIP	CM-QUANT-ONLY		dequantize_per_tensor,quantize_per_tensor	False	
w49:421	remainder.Tensor_out	MISMATCH	NO-CM			False	
w4:231	copy	SKIP	NO-CM			False	
w50:200	_pdist_forward	SKIP	NO-CM			False	
w51:240	bitwise_left_shift.Tensor_out	MISMATCH	NO-CM			False	
w52:158	max.dim_max	SKIP	NO-CM			False	
w53:10	bitwise_right_shift.Tensor_Scalar	MISMATCH	NO-CM			False	
w53:614	zeros.out	SKIP	CM-QUANT-ONLY		dequantize_per_tensor	False	
w54:557	max_pool2d_with_indices_backward.grad_input	MISMATCH	CM-QUANT-ONLY		dequantize_per_tensor,quantize_per_tensor	True	
w55:535	pixel_shuffle	SKIP	CM-COMPUTE	transpose	dequantize_per_tensor,quantize_per_tensor,transpose	False	
w56:659	stack	SKIP	NO-CM			False	
w57:614	native_group_norm	SKIP	CM-QUANT-ONLY		dequantize_per_tensor,quantize_per_tensor	False	
w58:558	pixel_shuffle	SKIP	CM-COMPUTE	transpose	dequantize_per_tensor,quantize_per_tensor,transpose	False	
w0:721	stack	SKIP	NO-CM			False	
w100:76	remainder.Tensor_out	MISMATCH	CM-QUANT-ONLY		dequantize_per_tensor,quantize_per_tensor	False	
w101:656	max.dim_max	SKIP	NO-CM			False	
w102:561	arange.out	SKIP	CM-QUANT-ONLY		dequantize_per_tensor	False	
w103:443	full.out	SKIP	NO-CM			False	
w104:555	fill.Scalar	MISMATCH	CM-QUANT-ONLY		dequantize_per_tensor,quantize_per_tensor	False	
w105:473	pixel_unshuffle	SKIP	CM-COMPUTE	transpose	dequantize_per_tensor,quantize_per_tensor,transpose	False	
w106:486	copy	SKIP	NO-CM			False	
w107:456	where.self	SKIP	CM-QUANT-ONLY		dequantize_per_tensor,quantize_per_tensor	False	
w108:252	arange.start_out	SKIP	CM-QUANT-ONLY		dequantize_per_tensor	False	
w109:258	convolution	SKIP	CM-QUANT-ONLY		dequantize_per_tensor,quantize_per_tensor	False	
w10:346	stack	SKIP	NO-CM			False	
w110:324	index_put	MISMATCH	CM-QUANT-ONLY		dequantize_per_tensor,quantize_per_tensor	False	
w111:404	linear.out	CRASH	NO-CM			False	
w112:422	full.out	SKIP	NO-CM			False	
w113:311	pixel_unshuffle	SKIP	CM-COMPUTE	transpose	dequantize_per_tensor,quantize_per_tensor,transpose	False	
w114:134	bitwise_left_shift.Tensor_out	MISMATCH	NO-CM			False	
w114:766	arange.start_out	SKIP	CM-QUANT-ONLY		dequantize_per_tensor	False	
w115:578	remainder.Scalar	MISMATCH	NO-CM			False	
w116:495	expand_copy	SKIP	NO-CM			False	
w117:370	remainder.Scalar	MISMATCH	NO-CM			False	
w118:339	pixel_shuffle	SKIP	CM-COMPUTE	transpose	dequantize_per_tensor,quantize_per_tensor,transpose	False	
w119:333	_pdist_forward	SKIP	NO-CM			False	
w11:198	max_pool2d_with_indices_backward.grad_input	MISMATCH	CM-QUANT-ONLY		dequantize_per_tensor,quantize_per_tensor	False	
w120:17	index_put	MISMATCH	CM-QUANT-ONLY		dequantize_per_tensor,quantize_per_tensor	True	
w121:2	stack	SKIP	NO-CM			False	
w121:74	fill.Scalar	MISMATCH	CM-QUANT-ONLY		dequantize_per_tensor,quantize_per_tensor	False	
w122:590	pixel_unshuffle	SKIP	CM-COMPUTE	transpose	dequantize_per_tensor,quantize_per_tensor,transpose	False	
w123:654	fill.Scalar	MISMATCH	CM-QUANT-ONLY		dequantize_per_tensor,quantize_per_tensor	False	
w124:681	mul.Scalar	SKIP	CM-COMPUTE	quantized_mul	dequantize_per_tensor,quantize_per_tensor,quantized_mul	True	
w125:577	pixel_shuffle	SKIP	CM-COMPUTE	transpose	dequantize_per_tensor,quantize_per_tensor,transpose	False	
w126:509	linear	CRASH	NO-CM			False	
w127:586	native_group_norm	SKIP	CM-QUANT-ONLY		dequantize_per_tensor,quantize_per_tensor	False	
w12:545	ones.out	SKIP	CM-QUANT-ONLY		dequantize_per_tensor	False	
w13:394	pixel_shuffle	SKIP	CM-COMPUTE	transpose	transpose	False	
w14:430	arange.out	SKIP	CM-QUANT-ONLY		dequantize_per_tensor	False	
w15:337	stack	SKIP	CM-QUANT-ONLY		dequantize_per_tensor,quantize_per_tensor	False	
w16:249	zeros.out	SKIP	NO-CM			False	
w17:182	index_put	MISMATCH	CM-QUANT-ONLY		dequantize_per_tensor,quantize_per_tensor	True	
w17:725	fill.Scalar	MISMATCH	CM-QUANT-ONLY		dequantize_per_tensor,quantize_per_tensor	False	
w18:714	max_pool2d_with_indices_backward.grad_input	MISMATCH	CM-QUANT-ONLY		dequantize_per_tensor,quantize_per_tensor	False	
w19:693	arange.out	SKIP	CM-QUANT-ONLY		dequantize_per_tensor	False	
w1:763	stack	SKIP	NO-CM			False	
w20:696	arange.out	SKIP	CM-QUANT-ONLY		dequantize_per_tensor	False	
w21:638	where.self	SKIP	CM-QUANT-ONLY		dequantize_per_tensor,quantize_per_tensor	False	
w22:579	_fft_r2c	TIMEOUT	CM-QUANT-ONLY		dequantize_per_tensor,quantize_per_tensor	False	
w23:554	full.out	SKIP	NO-CM			False	
w24:527	scatter_add.out	SKIP	CM-QUANT-ONLY		dequantize_per_tensor,quantize_per_tensor	True	
w25:443	bitwise_left_shift.Tensor_Scalar	MISMATCH	NO-CM			False	
w26:430	_pdist_forward	SKIP	CM-QUANT-ONLY		dequantize_per_tensor,quantize_per_tensor	True	
w27:282	stack	SKIP	CM-QUANT-ONLY		dequantize_per_tensor,quantize_per_tensor	False	
w28:120	native_group_norm	SKIP	CM-QUANT-ONLY		dequantize_per_tensor,quantize_per_tensor	False	
w28:714	floor_divide.out	MISMATCH	CM-QUANT-ONLY		dequantize_per_tensor,quantize_per_tensor	False	
w29:676	ones.out	SKIP	CM-QUANT-ONLY		dequantize_per_tensor	False	
w2:670	index_put	MISMATCH	CM-QUANT-ONLY		dequantize_per_tensor,quantize_per_tensor	True	
w30:567	arange.out	SKIP	CM-QUANT-ONLY		dequantize_per_tensor	False	
w31:466	fill.Scalar	MISMATCH	CM-QUANT-ONLY		dequantize_per_tensor,quantize_per_tensor	True	
w32:50	_pdist_forward	SKIP	NO-CM			False	
w33:309	full.out	SKIP	NO-CM			False	
w34:26	expand_copy	SKIP	CM-QUANT-ONLY		dequantize_per_tensor,quantize_per_tensor	False	
w35:230	native_group_norm	SKIP	CM-QUANT-ONLY		dequantize_per_tensor,quantize_per_tensor	False	
w36:152	where.self	SKIP	CM-QUANT-ONLY		dequantize_per_tensor,quantize_per_tensor	False	
w36:711	_fft_r2c	TIMEOUT	CM-QUANT-ONLY		dequantize_per_tensor,quantize_per_tensor	False	
w37:777	pixel_shuffle	SKIP	CM-COMPUTE	transpose	dequantize_per_tensor,quantize_per_tensor,transpose	False	
w38:680	pixel_shuffle	SKIP	CM-COMPUTE	transpose	dequantize_per_tensor,quantize_per_tensor,transpose	False	
w39:674	_pdist_forward	SKIP	CM-QUANT-ONLY		dequantize_per_tensor,quantize_per_tensor	True	
w3:642	full.out	SKIP	CM-QUANT-ONLY		dequantize_per_tensor	False	
w40:681	remainder.Scalar	MISMATCH	NO-CM			False	
w41:659	_pdist_forward	SKIP	CM-QUANT-ONLY		dequantize_per_tensor,quantize_per_tensor	False	
w42:543	arange.start_out	SKIP	NO-CM			False	
w43:388	ones.out	SKIP	NO-CM			False	
w44:45	scatter_add.out	SKIP	CM-QUANT-ONLY		dequantize_per_tensor,quantize_per_tensor	True	
w45:612	stack	SKIP	NO-CM			False	
w46:648	_pdist_forward	SKIP	NO-CM			False	
w47:54	_fft_r2c	TIMEOUT	CM-QUANT-ONLY		dequantize_per_tensor,quantize_per_tensor	False	
w48:467	pixel_shuffle	SKIP	CM-COMPUTE	transpose	dequantize_per_tensor,quantize_per_tensor,transpose	False	
w49:433	_pdist_forward	SKIP	CM-QUANT-ONLY		dequantize_per_tensor,quantize_per_tensor	False	
w4:232	stack	SKIP	NO-CM			False	
w50:205	arange.out	SKIP	CM-QUANT-ONLY		dequantize_per_tensor	False	
w51:260	stack	SKIP	NO-CM			False	
w52:165	native_group_norm	SKIP	CM-QUANT-ONLY		dequantize_per_tensor,quantize_per_tensor	False	
w53:101	native_group_norm	SKIP	CM-QUANT-ONLY		dequantize_per_tensor,quantize_per_tensor	False	
w53:642	_pdist_forward	SKIP	NO-CM			False	
w54:565	_fft_r2c	TIMEOUT	CM-QUANT-ONLY		dequantize_per_tensor,quantize_per_tensor	False	
w55:555	pixel_unshuffle	SKIP	CM-COMPUTE	transpose	dequantize_per_tensor,quantize_per_tensor,transpose	False	
w56:669	zeros.out	SKIP	CM-QUANT-ONLY		dequantize_per_tensor	False	
w57:646	index_put	MISMATCH	CM-QUANT-ONLY		dequantize_per_tensor,quantize_per_tensor	True	
w58:574	_fft_r2c	TIMEOUT	CM-QUANT-ONLY		dequantize_per_tensor,quantize_per_tensor	True	
w59:528	_fft_r2c	TIMEOUT	CM-QUANT-ONLY		dequantize_per_tensor,quantize_per_tensor	False	
w5:541	bitwise_right_shift.Tensor_Scalar_out	MISMATCH	NO-CM			False	
w60:477	arange.start_out	SKIP	CM-QUANT-ONLY		dequantize_per_tensor	False	
w61:423	scatter.src_out	SKIP	CM-QUANT-ONLY		dequantize_per_tensor,quantize_per_tensor	True	
w62:324	arange.out	SKIP	NO-CM			False	
w63:277	pixel_unshuffle	SKIP	CM-COMPUTE	transpose	dequantize_per_tensor,quantize_per_tensor,transpose	False	
w64:354	max_pool2d_with_indices_backward.grad_input	MISMATCH	CM-QUANT-ONLY		dequantize_per_tensor,quantize_per_tensor	False	
w65:415	topk.values	SKIP	NO-CM			False	
w66:251	full.out	SKIP	NO-CM			False	
w67:153	linear.out	CRASH	NO-CM			False	
w67:780	_pdist_forward	SKIP	NO-CM			False	
w68:670	full.out	SKIP	CM-QUANT-ONLY		dequantize_per_tensor	False	
w69:57	scatter.src_out	SKIP	CM-QUANT-ONLY		dequantize_per_tensor,quantize_per_tensor	False	
w6:594	_fft_r2c	TIMEOUT	CM-QUANT-ONLY		dequantize_per_tensor,quantize_per_tensor	False	
w70:434	_fft_r2c	TIMEOUT	CM-QUANT-ONLY		dequantize_per_tensor,quantize_per_tensor	False	
w71:392	_fft_r2c	TIMEOUT	CM-QUANT-ONLY		dequantize_per_tensor,quantize_per_tensor	False	
w72:354	_fft_r2c	TIMEOUT	CM-QUANT-ONLY		dequantize_per_tensor,quantize_per_tensor	True	
w73:269	full.out	SKIP	NO-CM			False	
w74:23	_fft_r2c	TIMEOUT	CM-QUANT-ONLY		dequantize_per_tensor,quantize_per_tensor	False	
w75:167	arange.start_out	SKIP	NO-CM			False	
w76:151	pixel_unshuffle	SKIP	CM-COMPUTE	transpose	dequantize_per_tensor,quantize_per_tensor,transpose	False	
w76:752	ones.out	SKIP	CM-QUANT-ONLY		dequantize_per_tensor	False	
w77:769	max_pool2d_with_indices_backward.grad_input	MISMATCH	CM-QUANT-ONLY		dequantize_per_tensor,quantize_per_tensor	False	
w78:647	expand_copy	SKIP	CM-QUANT-ONLY		dequantize_per_tensor,quantize_per_tensor	False	
w79:595	full.out	SKIP	CM-QUANT-ONLY		dequantize_per_tensor	False	
w7:446	scatter.src_out	SKIP	CM-QUANT-ONLY		dequantize_per_tensor,quantize_per_tensor	True	
w80:371	fill.Scalar	MISMATCH	CM-QUANT-ONLY		dequantize_per_tensor,quantize_per_tensor	False	
w81:539	_pdist_forward	SKIP	NO-CM			False	
w82:58	native_group_norm	SKIP	CM-QUANT-ONLY		dequantize_per_tensor,quantize_per_tensor	False	
w83:483	_pdist_forward	SKIP	CM-QUANT-ONLY		dequantize_per_tensor,quantize_per_tensor	False	
w84:499	native_group_norm	SKIP	CM-QUANT-ONLY		dequantize_per_tensor,quantize_per_tensor	False	
w85:47	ceil.out	MISMATCH	CM-QUANT-ONLY		dequantize_per_tensor,quantize_per_tensor	True	
w86:431	native_group_norm	SKIP	CM-QUANT-ONLY		dequantize_per_tensor,quantize_per_tensor	False	
w87:356	pixel_unshuffle	SKIP	CM-COMPUTE	transpose	dequantize_per_tensor,quantize_per_tensor,transpose	False	
w88:314	native_group_norm	SKIP	CM-QUANT-ONLY		dequantize_per_tensor,quantize_per_tensor	False	
w89:262	ones.out	SKIP	CM-QUANT-ONLY		dequantize_per_tensor	False	
w8:200	expand_copy	SKIP	NO-CM			False	
w90:216	permute_copy	SKIP	CM-COMPUTE	transpose	dequantize_per_tensor,quantize_per_tensor,transpose	False	
w91:126	zeros.out	SKIP	NO-CM			False	
w92:141	full.out	SKIP	NO-CM			False	
w93:137	topk.values	SKIP	NO-CM			False	
w94:104	expand_copy	SKIP	CM-QUANT-ONLY		dequantize_per_tensor,quantize_per_tensor	True	
w94:718	ones.out	SKIP	NO-CM			False	
w95:599	zeros.out	SKIP	NO-CM			False	
w96:551	arange.start_out	SKIP	CM-QUANT-ONLY		dequantize_per_tensor	False	
w97:522	index_put	MISMATCH	CM-QUANT-ONLY		dequantize_per_tensor,quantize_per_tensor	True	
w98:483	ones.out	SKIP	CM-QUANT-ONLY		dequantize_per_tensor	False	
w99:378	bitwise_left_shift.Tensor_out	MISMATCH	NO-CM			False	
w9:315	zeros.out	SKIP	NO-CM			False	
w0:729	linear	CRASH	NO-CM			False	
w100:760	remainder.Tensor_out	MISMATCH	NO-CM			False	
w101:66	remainder.Scalar	MISMATCH	NO-CM			False	
w102:568	pixel_shuffle	SKIP	CM-COMPUTE	transpose	dequantize_per_tensor,quantize_per_tensor,transpose	False	
w103:46	permute_copy	SKIP	CM-COMPUTE	transpose	dequantize_per_tensor,quantize_per_tensor,transpose	False	
w104:573	bitwise_right_shift.Tensor_Scalar	MISMATCH	NO-CM			False	
w105:487	bitwise_right_shift.Tensor_Scalar	MISMATCH	NO-CM			False	
w106:487	stack	SKIP	NO-CM			False	
w107:47	zeros.out	SKIP	NO-CM			False	
w108:287	where.self	SKIP	CM-QUANT-ONLY		dequantize_per_tensor,quantize_per_tensor	False	
w109:273	where.self	SKIP	CM-QUANT-ONLY		dequantize_per_tensor,quantize_per_tensor	False	
w10:356	zeros.out	SKIP	CM-QUANT-ONLY		dequantize_per_tensor	False	
w110:331	scatter.src_out	SKIP	CM-QUANT-ONLY		dequantize_per_tensor,quantize_per_tensor	True	
w111:416	full.out	SKIP	CM-QUANT-ONLY		dequantize_per_tensor	False	
w112:446	scatter_add.out	SKIP	CM-QUANT-ONLY		dequantize_per_tensor,quantize_per_tensor	True	
w113:317	arange.start_out	SKIP	CM-QUANT-ONLY		dequantize_per_tensor	False	
w114:139	index_put	MISMATCH	CM-QUANT-ONLY		dequantize_per_tensor,quantize_per_tensor	False	
w114:772	scatter.value_out	SKIP	NO-CM			False	
w115:586	pixel_shuffle	SKIP	CM-COMPUTE	transpose	dequantize_per_tensor,quantize_per_tensor,transpose	False	
w116:508	pixel_unshuffle	SKIP	CM-COMPUTE	transpose	dequantize_per_tensor,quantize_per_tensor,transpose	False	
w117:398	pixel_unshuffle	SKIP	CM-COMPUTE	transpose	dequantize_per_tensor,quantize_per_tensor,transpose	False	
w118:355	_fft_r2c	TIMEOUT	CM-QUANT-ONLY		dequantize_per_tensor,quantize_per_tensor	False	
w119:337	bitwise_right_shift.Tensor_out	MISMATCH	NO-CM			False	
w11:206	_fft_r2c	TIMEOUT	CM-QUANT-ONLY		dequantize_per_tensor,quantize_per_tensor	False	
w120:182	pixel_unshuffle	SKIP	CM-COMPUTE	transpose	dequantize_per_tensor,quantize_per_tensor,transpose	False	
w121:229	copy	SKIP	CM-QUANT-ONLY		dequantize_per_tensor,quantize_per_tensor	False	
w121:752	_fft_r2c	TIMEOUT	CM-QUANT-ONLY		dequantize_per_tensor,quantize_per_tensor	False	
w122:596	arange.start_out	SKIP	CM-QUANT-ONLY		dequantize_per_tensor	False	
w123:658	pixel_unshuffle	SKIP	CM-COMPUTE	transpose	dequantize_per_tensor,quantize_per_tensor,transpose	False	
w124:683	pixel_shuffle	SKIP	CM-COMPUTE	transpose	dequantize_per_tensor,quantize_per_tensor,transpose	False	
w125:578	scatter_add.out	SKIP	CM-QUANT-ONLY		dequantize_per_tensor,quantize_per_tensor	True	
w126:511	zeros.out	SKIP	NO-CM			False	
w127:617	_fft_r2c	TIMEOUT	CM-QUANT-ONLY		dequantize_per_tensor,quantize_per_tensor	False	
w12:550	fill.Scalar	MISMATCH	CM-QUANT-ONLY		dequantize_per_tensor,quantize_per_tensor	False	
w13:410	_fft_r2c	TIMEOUT	CM-QUANT-ONLY		dequantize_per_tensor,quantize_per_tensor	False	
w14:437	pixel_shuffle	SKIP	CM-COMPUTE	transpose	dequantize_per_tensor,quantize_per_tensor,transpose	False	
w15:347	zeros.out	SKIP	NO-CM			False	
w16:277	_pdist_forward	SKIP	CM-QUANT-ONLY		dequantize_per_tensor,quantize_per_tensor	False	
w17:189	scatter.src_out	SKIP	CM-QUANT-ONLY		dequantize_per_tensor,quantize_per_tensor	True	
w17:729	pixel_unshuffle	SKIP	CM-COMPUTE	transpose	dequantize_per_tensor,quantize_per_tensor,transpose	False	
w18:722	_fft_r2c	TIMEOUT	CM-QUANT-ONLY		dequantize_per_tensor,quantize_per_tensor	False	
w19:700	pixel_shuffle	SKIP	CM-COMPUTE	transpose	dequantize_per_tensor,quantize_per_tensor,transpose	False	
w1:773	zeros.out	SKIP	CM-QUANT-ONLY		dequantize_per_tensor	False	
w20:7	_pdist_forward	SKIP	CM-QUANT-ONLY		dequantize_per_tensor,quantize_per_tensor	False	
w21:67	pixel_unshuffle	SKIP	CM-COMPUTE	transpose	dequantize_per_tensor,quantize_per_tensor,transpose	False	
w22:580	ones.out	SKIP	CM-QUANT-ONLY		dequantize_per_tensor	False	
w23:57	_fft_r2c	TIMEOUT	CM-QUANT-ONLY		dequantize_per_tensor,quantize_per_tensor	True	
w24:546	pixel_unshuffle	SKIP	CM-COMPUTE	transpose	dequantize_per_tensor,quantize_per_tensor,transpose	False	
w25:444	pixel_shuffle	SKIP	CM-COMPUTE	transpose	dequantize_per_tensor,quantize_per_tensor,transpose	False	
w26:442	pixel_shuffle	SKIP	CM-COMPUTE	transpose	dequantize_per_tensor,quantize_per_tensor,transpose	False	
w27:290	linear	CRASH	NO-CM			False	
w28:15	pixel_unshuffle	SKIP	CM-COMPUTE	transpose	dequantize_per_tensor,quantize_per_tensor,transpose	False	
w28:730	full.out	SKIP	NO-CM			False	
w29:716	full.out	SKIP	CM-QUANT-ONLY		dequantize_per_tensor	False	
w2:68	ones.out	SKIP	NO-CM			False	
w30:574	pixel_shuffle	SKIP	CM-COMPUTE	transpose	dequantize_per_tensor,quantize_per_tensor,transpose	False	
w31:5	ones.out	SKIP	NO-CM			False	
w32:503	native_group_norm	SKIP	CM-QUANT-ONLY		dequantize_per_tensor,quantize_per_tensor	False	
w33:332	pixel_shuffle	SKIP	CM-COMPUTE	transpose	dequantize_per_tensor,quantize_per_tensor,transpose	False	
w34:267	pixel_unshuffle	SKIP	CM-COMPUTE	transpose	dequantize_per_tensor,quantize_per_tensor,transpose	False	
w35:233	_pdist_forward	SKIP	NO-CM			False	
w36:188	copy	SKIP	CM-QUANT-ONLY		dequantize_per_tensor,quantize_per_tensor	True	
w36:712	ones.out	SKIP	CM-QUANT-ONLY		dequantize_per_tensor	False	
w37:92	bitwise_left_shift.Tensor_Scalar	MISMATCH	NO-CM			False	
w38:696	_fft_r2c	TIMEOUT	CM-QUANT-ONLY		dequantize_per_tensor,quantize_per_tensor	False	
w39:679	arange.out	SKIP	NO-CM			False	
w3:657	remainder.Scalar	MISMATCH	NO-CM			False	
w40:690	scatter_add.out	SKIP	CM-QUANT-ONLY		dequantize_per_tensor,quantize_per_tensor	True	
w41:664	arange.out	SKIP	NO-CM			False	
w42:578	where.self	MISMATCH	CM-QUANT-ONLY		dequantize_per_tensor,quantize_per_tensor	True	
w43:397	pixel_unshuffle	SKIP	CM-COMPUTE	transpose	dequantize_per_tensor,quantize_per_tensor,transpose	False	
w44:477	full.out	SKIP	CM-QUANT-ONLY		dequantize_per_tensor	False	
w45:620	linear	CRASH	NO-CM			False	
w46:652	bitwise_right_shift.Tensor_out	MISMATCH	NO-CM			False	
w47:573	bitwise_left_shift.Tensor_Scalar	MISMATCH	NO-CM			False	
w48:483	_fft_r2c	TIMEOUT	CM-QUANT-ONLY		dequantize_per_tensor,quantize_per_tensor	False	
w49:438	arange.out	SKIP	CM-QUANT-ONLY		dequantize_per_tensor	False	
w4:240	linear	CRASH	NO-CM			False	
w50:210	mul.Scalar	SKIP	CM-COMPUTE	quantized_mul	dequantize_per_tensor,quantize_per_tensor,quantized_mul	True	
w51:270	zeros.out	SKIP	CM-QUANT-ONLY		dequantize_per_tensor	False	
w52:168	_pdist_forward	SKIP	CM-QUANT-ONLY		dequantize_per_tensor,quantize_per_tensor	True	
w53:145	topk.values	SKIP	CM-QUANT-ONLY		dequantize_per_tensor,quantize_per_tensor	True	
w53:647	arange.out	SKIP	NO-CM			False	
w54:606	full.out	SKIP	NO-CM			False	
w55:56	full.out	SKIP	CM-QUANT-ONLY		dequantize_per_tensor	False	
w56:670	min.dim_min	SKIP	NO-CM			False	
w57:661	stack	SKIP	NO-CM			False	
w58:575	ones.out	SKIP	CM-QUANT-ONLY		dequantize_per_tensor	False	
w59:542	_upsample_bilinear2d_aa.out	MISMATCH	CM-QUANT-ONLY		dequantize_per_tensor,quantize_per_tensor	False	
w5:556	pixel_unshuffle	SKIP	CM-COMPUTE	transpose	dequantize_per_tensor,quantize_per_tensor,transpose	False	
w60:487	permute_copy	SKIP	CM-COMPUTE	transpose	dequantize_per_tensor,quantize_per_tensor,transpose	False	
w61:430	copy	SKIP	CM-QUANT-ONLY		dequantize_per_tensor,quantize_per_tensor	True	
w62:329	mul.Scalar	SKIP	CM-COMPUTE	quantized_mul	dequantize_per_tensor,quantize_per_tensor,quantized_mul	True	
w63:283	arange.start_out	SKIP	CM-QUANT-ONLY		dequantize_per_tensor	False	
w64:362	_fft_r2c	TIMEOUT	CM-QUANT-ONLY		dequantize_per_tensor,quantize_per_tensor	False	
w65:418	stack	SKIP	CM-QUANT-ONLY		dequantize_per_tensor,quantize_per_tensor	False	
w66:257	unfold_copy	SKIP	NO-CM			False	
w67:165	full.out	SKIP	CM-QUANT-ONLY		dequantize_per_tensor	False	
w67:96	_pdist_forward	SKIP	CM-QUANT-ONLY		dequantize_per_tensor,quantize_per_tensor	False	
w68:685	remainder.Scalar	MISMATCH	NO-CM			False	
w69:571	pixel_shuffle	SKIP	CM-COMPUTE	transpose	dequantize_per_tensor,quantize_per_tensor,transpose	False	
w6:595	ones.out	SKIP	CM-QUANT-ONLY		dequantize_per_tensor	False	
w70:435	ones.out	SKIP	CM-QUANT-ONLY		dequantize_per_tensor	False	
w71:393	ones.out	SKIP	NO-CM			False	
w72:360	fill.Scalar	MISMATCH	CM-QUANT-ONLY		dequantize_per_tensor,quantize_per_tensor	False	
w73:299	expand_copy	SKIP	NO-CM			False	
w74:24	ones.out	SKIP	NO-CM			False	
w75:192	native_group_norm	SKIP	CM-QUANT-ONLY		dequantize_per_tensor,quantize_per_tensor	False	
w76:152	remainder.Scalar_out	MISMATCH	NO-CM			False	
w76:761	pixel_unshuffle	SKIP	CM-COMPUTE	transpose	dequantize_per_tensor,quantize_per_tensor,transpose	False	
w77:77	pixel_shuffle	SKIP	CM-COMPUTE	transpose	dequantize_per_tensor,quantize_per_tensor,transpose	False	
w78:660	pixel_unshuffle	SKIP	CM-COMPUTE	transpose	dequantize_per_tensor,quantize_per_tensor,transpose	False	
w79:610	remainder.Scalar	MISMATCH	NO-CM			False	
w7:454	stack	SKIP	NO-CM			False	
w80:375	pixel_unshuffle	SKIP	CM-COMPUTE	transpose	dequantize_per_tensor,quantize_per_tensor,transpose	False	
w81:544	arange.out	SKIP	CM-QUANT-ONLY		dequantize_per_tensor	False	
w82:586	full.out	SKIP	CM-QUANT-ONLY		dequantize_per_tensor	False	
w83:495	pixel_shuffle	SKIP	CM-COMPUTE	transpose	dequantize_per_tensor,quantize_per_tensor,transpose	False	
w84:509	where.self	MISMATCH	CM-QUANT-ONLY		dequantize_per_tensor,quantize_per_tensor	False	
w85:470	pixel_shuffle	SKIP	CM-COMPUTE	transpose	transpose	False	
w86:463	index_put	MISMATCH	CM-QUANT-ONLY		dequantize_per_tensor,quantize_per_tensor	True	
w87:37	index_put	MISMATCH	CM-QUANT-ONLY		dequantize_per_tensor,quantize_per_tensor	True	
w88:324	where.self	SKIP	CM-QUANT-ONLY		dequantize_per_tensor,quantize_per_tensor	False	
w89:267	fill.Scalar	MISMATCH	CM-QUANT-ONLY		dequantize_per_tensor,quantize_per_tensor	False	
w8:213	pixel_unshuffle	SKIP	CM-COMPUTE	transpose	dequantize_per_tensor,quantize_per_tensor,transpose	False	
w90:231	native_group_norm	SKIP	CM-QUANT-ONLY		dequantize_per_tensor,quantize_per_tensor	False	
w91:154	_pdist_forward	SKIP	NO-CM			False	
w92:164	pixel_shuffle	SKIP	CM-COMPUTE	transpose	dequantize_per_tensor,quantize_per_tensor,transpose	False	
w93:139	copy	SKIP	NO-CM			False	
w94:118	remainder.Scalar_out	MISMATCH	CM-QUANT-ONLY		dequantize_per_tensor,quantize_per_tensor	False	
w94:723	fill.Scalar	MISMATCH	CM-QUANT-ONLY		dequantize_per_tensor,quantize_per_tensor	False	
w95:61	arange.start_out	SKIP	NO-CM			False	
w96:576	native_group_norm	SKIP	CM-QUANT-ONLY		dequantize_per_tensor,quantize_per_tensor	False	
w97:537	stack	SKIP	NO-CM			False	
w98:488	fill.Scalar	MISMATCH	CM-QUANT-ONLY		dequantize_per_tensor,quantize_per_tensor	False	
w99:398	stack	SKIP	NO-CM			False	
w9:331	remainder.Tensor_out	MISMATCH	CM-QUANT-ONLY		dequantize_per_tensor,quantize_per_tensor	False	
w0:756	native_group_norm	SKIP	CM-QUANT-ONLY		dequantize_per_tensor,quantize_per_tensor	False	
w100:85	native_group_norm	SKIP	CM-QUANT-ONLY		dequantize_per_tensor,quantize_per_tensor	False	
w101:663	native_group_norm	SKIP	CM-QUANT-ONLY		dequantize_per_tensor,quantize_per_tensor	False	
w102:584	_fft_r2c	CRASH	CM-QUANT-ONLY		dequantize_per_tensor,quantize_per_tensor	False	
w103:492	arange.start_out	SKIP	CM-QUANT-ONLY		dequantize_per_tensor	False	
w104:59	div.Scalar	MISMATCH	CM-QUANT-ONLY		dequantize_per_tensor,quantize_per_tensor	False	
w105:504	full.out	SKIP	CM-QUANT-ONLY		dequantize_per_tensor	False	
w106:497	zeros.out	SKIP	CM-QUANT-ONLY		dequantize_per_tensor	False	
w107:470	bitwise_left_shift.Tensor_Scalar_out	MISMATCH	NO-CM			False	
w108:292	mul.out	MISMATCH	CM-QUANT-ONLY		dequantize_per_tensor,quantize_per_tensor	True	
w109:302	scatter.src_out	SKIP	CM-QUANT-ONLY		dequantize_per_tensor,quantize_per_tensor	True	
w10:378	div.Scalar	MISMATCH	CM-QUANT-ONLY		dequantize_per_tensor,quantize_per_tensor	False	
w110:339	stack	SKIP	NO-CM			False	
w111:438	bitwise_left_shift.Tensor_Scalar	MISMATCH	NO-CM			False	
w112:452	expand_copy	SKIP	CM-QUANT-ONLY		dequantize_per_tensor,quantize_per_tensor	False	
w113:327	permute_copy	SKIP	CM-COMPUTE	transpose	dequantize_per_tensor,quantize_per_tensor,transpose	False	
w114:154	stack	SKIP	NO-CM			False	
w114:82	arange.start_out	SKIP	CM-QUANT-ONLY		dequantize_per_tensor	False	
w115:637	native_group_norm	SKIP	CM-QUANT-ONLY		dequantize_per_tensor,quantize_per_tensor	False	
w116:52	pixel_unshuffle	SKIP	CM-COMPUTE	transpose	dequantize_per_tensor,quantize_per_tensor,transpose	False	
w117:404	arange.start_out	SKIP	CM-QUANT-ONLY		dequantize_per_tensor	False	
w118:356	ones.out	SKIP	CM-QUANT-ONLY		dequantize_per_tensor	False	
w119:338	arange.out	SKIP	CM-QUANT-ONLY		dequantize_per_tensor	False	
w11:207	ones.out	SKIP	CM-QUANT-ONLY		dequantize_per_tensor	False	
w120:188	arange.start_out	SKIP	CM-QUANT-ONLY		dequantize_per_tensor	False	
w121:230	stack	SKIP	NO-CM			False	
w121:753	ones.out	SKIP	CM-QUANT-ONLY		dequantize_per_tensor	False	
w122:621	native_group_norm	SKIP	CM-QUANT-ONLY		dequantize_per_tensor,quantize_per_tensor	False	
w123:689	full.out	SKIP	NO-CM			False	
w124:699	_fft_r2c	TIMEOUT	CM-QUANT-ONLY		dequantize_per_tensor,quantize_per_tensor	False	
w125:58	ones.out	SKIP	CM-QUANT-ONLY		dequantize_per_tensor	False	
w126:513	logit	MISMATCH	CM-QUANT-ONLY		dequantize_per_tensor,quantize_per_tensor	False	
w127:641	bitwise_right_shift.Tensor_Scalar	MISMATCH	NO-CM			False	
w12:554	pixel_unshuffle	SKIP	CM-COMPUTE	transpose	dequantize_per_tensor,quantize_per_tensor,transpose	False	
w13:411	ones.out	SKIP	CM-QUANT-ONLY		dequantize_per_tensor	False	
w14:453	_fft_r2c	TIMEOUT	CM-QUANT-ONLY		dequantize_per_tensor,quantize_per_tensor	False	
w15:363	remainder.Tensor_out	MISMATCH	NO-CM			False	
w16:282	arange.out	SKIP	CM-QUANT-ONLY		dequantize_per_tensor	False	
w17:196	copy	SKIP	NO-CM			False	
w17:743	bitwise_right_shift.Tensor_Scalar	MISMATCH	NO-CM			False	
w18:732	pixel_unshuffle	SKIP	CM-COMPUTE	transpose	dequantize_per_tensor,quantize_per_tensor,transpose	False	
w19:716	_fft_r2c	TIMEOUT	CM-QUANT-ONLY		dequantize_per_tensor,quantize_per_tensor	False	
w1:79	stack	SKIP	CM-QUANT-ONLY		dequantize_per_tensor,quantize_per_tensor	False	
w20:703	pixel_shuffle	SKIP	CM-COMPUTE	transpose	dequantize_per_tensor,quantize_per_tensor,transpose	False	
w21:674	copy	SKIP	CM-QUANT-ONLY		dequantize_per_tensor,quantize_per_tensor	True	
w22:585	fill.Scalar	MISMATCH	CM-QUANT-ONLY		dequantize_per_tensor,quantize_per_tensor	False	
w23:58	ones.out	SKIP	NO-CM			False	
w24:552	arange.start_out	SKIP	NO-CM			False	
w25:445	scatter_add.out	SKIP	CM-QUANT-ONLY		dequantize_per_tensor,quantize_per_tensor	False	
w26:458	_fft_r2c	TIMEOUT	CM-QUANT-ONLY		dequantize_per_tensor,quantize_per_tensor	False	
w27:31	bitwise_left_shift.Tensor_Scalar_out	MISMATCH	NO-CM			False	
w28:152	index_put	MISMATCH	CM-QUANT-ONLY		dequantize_per_tensor,quantize_per_tensor	True	
w28:753	pixel_shuffle	SKIP	CM-COMPUTE	transpose	dequantize_per_tensor,quantize_per_tensor,transpose	False	
w29:731	remainder.Scalar	MISMATCH	NO-CM			False	
w2:685	stack	SKIP	NO-CM			False	
w30:590	_fft_r2c	TIMEOUT	CM-QUANT-ONLY		dequantize_per_tensor,quantize_per_tensor	False	
w31:501	full.out	SKIP	NO-CM			False	
w32:534	_fft_r2c	TIMEOUT	CM-QUANT-ONLY		dequantize_per_tensor,quantize_per_tensor	False	
w33:352	pixel_unshuffle	SKIP	CM-COMPUTE	transpose	dequantize_per_tensor,quantize_per_tensor,transpose	False	
w34:273	arange.start_out	SKIP	CM-QUANT-ONLY		dequantize_per_tensor	False	
w35:245	pixel_shuffle	SKIP	CM-COMPUTE	transpose	dequantize_per_tensor,quantize_per_tensor,transpose	False	
w36:189	stack	SKIP	NO-CM			False	
w36:721	pixel_unshuffle	SKIP	CM-COMPUTE	transpose	dequantize_per_tensor,quantize_per_tensor,transpose	False	
w37:93	pixel_shuffle	SKIP	CM-COMPUTE	transpose	dequantize_per_tensor,quantize_per_tensor,transpose	False	
w38:697	ones.out	SKIP	NO-CM			False	
w39:686	pixel_shuffle	SKIP	CM-COMPUTE	transpose	dequantize_per_tensor,quantize_per_tensor,transpose	False	
w3:726	where.self	SKIP	CM-QUANT-ONLY		dequantize_per_tensor,quantize_per_tensor	False	
w40:696	expand_copy	SKIP	CM-QUANT-ONLY		dequantize_per_tensor,quantize_per_tensor	False	
w41:671	pixel_shuffle	SKIP	CM-COMPUTE	transpose	dequantize_per_tensor,quantize_per_tensor,transpose	False	
w42:592	bitwise_left_shift.Tensor_Scalar_out	MISMATCH	NO-CM			False	
w43:428	full.out	SKIP	CM-QUANT-ONLY		dequantize_per_tensor	False	
w44:520	pixel_unshuffle	SKIP	CM-COMPUTE	transpose	dequantize_per_tensor,quantize_per_tensor,transpose	True	
w45:622	zeros.out	SKIP	NO-CM			False	
w46:653	arange.out	SKIP	NO-CM			False	
w47:574	pixel_shuffle	SKIP	CM-COMPUTE	transpose	transpose	False	
w48:497	_upsample_bilinear2d_aa.out	MISMATCH	CM-QUANT-ONLY		dequantize_per_tensor,quantize_per_tensor	False	
w49:443	mul.Scalar	SKIP	CM-COMPUTE	quantized_mul	dequantize_per_tensor,quantize_per_tensor,quantized_mul	True	
w4:242	zeros.out	SKIP	NO-CM			False	
w50:228	_fft_r2c	TIMEOUT	CM-QUANT-ONLY		dequantize_per_tensor,quantize_per_tensor	False	
w51:298	_pdist_forward	SKIP	NO-CM			False	
w52:172	bitwise_right_shift.Tensor_out	MISMATCH	NO-CM			False	
w53:148	stack	SKIP	NO-CM			False	
w53:670	_fft_r2c	TIMEOUT	CM-QUANT-ONLY		dequantize_per_tensor,quantize_per_tensor	False	
w54:622	transpose_copy.int	SKIP	CM-COMPUTE	transpose	dequantize_per_tensor,quantize_per_tensor,transpose	False	
w55:586	native_group_norm	SKIP	CM-QUANT-ONLY		dequantize_per_tensor,quantize_per_tensor	False	
w56:685	remainder.Tensor_out	MISMATCH	CM-QUANT-ONLY		dequantize_per_tensor,quantize_per_tensor	False	
w57:671	zeros.out	SKIP	CM-QUANT-ONLY		dequantize_per_tensor	False	
w58:580	fill.Scalar	MISMATCH	CM-QUANT-ONLY		dequantize_per_tensor,quantize_per_tensor	False	
w59:592	pixel_shuffle	SKIP	CM-COMPUTE	transpose	dequantize_per_tensor,quantize_per_tensor,transpose	False	
w5:587	native_group_norm	SKIP	CM-QUANT-ONLY		dequantize_per_tensor,quantize_per_tensor	False	
w60:512	where.self	SKIP	CM-QUANT-ONLY		dequantize_per_tensor,quantize_per_tensor	False	
w61:431	stack	SKIP	CM-QUANT-ONLY		dequantize_per_tensor,quantize_per_tensor	False	
w62:331	pixel_shuffle	SKIP	CM-COMPUTE	transpose	dequantize_per_tensor,quantize_per_tensor,transpose	False	
w63:30	scatter_add.out	SKIP	CM-QUANT-ONLY		dequantize_per_tensor,quantize_per_tensor	True	
w64:363	ones.out	SKIP	NO-CM			False	
w65:426	linear	CRASH	NO-CM			False	
w66:267	transpose_copy.int	SKIP	CM-COMPUTE	transpose	dequantize_per_tensor,quantize_per_tensor,transpose	False	
w67:188	pixel_shuffle	SKIP	CM-COMPUTE	transpose	dequantize_per_tensor,quantize_per_tensor,transpose	False	
w68:10	scatter_add.out	SKIP	CM-QUANT-ONLY		dequantize_per_tensor,quantize_per_tensor	True	
w68:693	pixel_shuffle	SKIP	CM-COMPUTE	transpose	dequantize_per_tensor,quantize_per_tensor,transpose	False	
w69:587	_fft_r2c	TIMEOUT	CM-QUANT-ONLY		dequantize_per_tensor,quantize_per_tensor	False	
w6:618	bitwise_right_shift.Tensor_Scalar	MISMATCH	NO-CM			False	
w70:440	fill.Scalar	MISMATCH	CM-QUANT-ONLY		dequantize_per_tensor,quantize_per_tensor	True	
w71:402	pixel_unshuffle	SKIP	CM-COMPUTE	transpose	dequantize_per_tensor,quantize_per_tensor,transpose	False	
w72:364	pixel_unshuffle	SKIP	CM-COMPUTE	transpose	dequantize_per_tensor,quantize_per_tensor,transpose	False	
w73:312	pixel_unshuffle	SKIP	CM-COMPUTE	transpose	dequantize_per_tensor,quantize_per_tensor,transpose	True	
w74:251	_fft_r2c	TIMEOUT	CM-QUANT-ONLY		dequantize_per_tensor,quantize_per_tensor	False	
w75:202	where.self	SKIP	CM-QUANT-ONLY		dequantize_per_tensor,quantize_per_tensor	False	
w76:157	arange.start_out	SKIP	CM-QUANT-ONLY		dequantize_per_tensor	False	
w76:77	pixel_unshuffle	SKIP	CM-COMPUTE	transpose	dequantize_per_tensor,quantize_per_tensor,transpose	False	
w77:777	_fft_r2c	TIMEOUT	CM-QUANT-ONLY		dequantize_per_tensor,quantize_per_tensor	False	
w78:676	permute_copy	MISMATCH	CM-COMPUTE	transpose	dequantize_per_tensor,quantize_per_tensor,transpose	False	
w79:618	pixel_shuffle	SKIP	CM-COMPUTE	transpose	dequantize_per_tensor,quantize_per_tensor,transpose	False	
w7:464	zeros.out	SKIP	NO-CM			False	
w80:504	bitwise_left_shift.Tensor_Scalar_out	MISMATCH	NO-CM			False	
w81:55	zeros.out	SKIP	CM-QUANT-ONLY		dequantize_per_tensor	False	
w82:601	remainder.Scalar	MISMATCH	NO-CM			False	
w83:511	_fft_r2c	TIMEOUT	CM-QUANT-ONLY		dequantize_per_tensor,quantize_per_tensor	False	
w84:545	copy	SKIP	NO-CM			False	
w85:486	_fft_r2c	TIMEOUT	CM-QUANT-ONLY		dequantize_per_tensor,quantize_per_tensor	False	
w86:470	scatter.src_out	SKIP	CM-QUANT-ONLY		dequantize_per_tensor,quantize_per_tensor	True	
w87:387	full.out	SKIP	NO-CM			False	
w88:338	bitwise_left_shift.Tensor_Scalar_out	MISMATCH	NO-CM			False	
w89:271	pixel_unshuffle	SKIP	CM-COMPUTE	transpose	dequantize_per_tensor,quantize_per_tensor,transpose	False	
w8:219	arange.start_out	SKIP	CM-QUANT-ONLY		dequantize_per_tensor	False	
w90:263	index_put	MISMATCH	CM-QUANT-ONLY		dequantize_per_tensor,quantize_per_tensor	True	
w91:17	bitwise_left_shift.Tensor_Scalar	MISMATCH	NO-CM			False	
w92:225	where.self	SKIP	CM-QUANT-ONLY		dequantize_per_tensor,quantize_per_tensor	False	
w93:140	stack	SKIP	NO-CM			False	
w94:123	arange.start_out	SKIP	CM-QUANT-ONLY		dequantize_per_tensor	False	
w94:74	full.out	SKIP	CM-QUANT-ONLY		dequantize_per_tensor	False	
w95:616	fmod.Scalar	MISMATCH	NO-CM			False	
w96:608	index_put	MISMATCH	CM-QUANT-ONLY		dequantize_per_tensor,quantize_per_tensor	False	
w97:572	native_group_norm	SKIP	CM-QUANT-ONLY		dequantize_per_tensor,quantize_per_tensor	False	
w98:506	bitwise_right_shift.Tensor_Scalar	MISMATCH	NO-CM			False	
w99:408	zeros.out	SKIP	NO-CM			False	
w9:347	bitwise_right_shift.Tensor_out	MISMATCH	NO-CM			False	
w0:759	_pdist_forward	SKIP	CM-QUANT-ONLY		dequantize_per_tensor,quantize_per_tensor	False	
w100:93	arange.out	SKIP	NO-CM			False	
w101:666	_pdist_forward	SKIP	NO-CM			False	
w102:585	ones.out	SKIP	CM-QUANT-ONLY		dequantize_per_tensor	False	
w103:544	bitwise_left_shift.Tensor_out	MISMATCH	NO-CM			False	
w104:590	full.out	SKIP	NO-CM			False	
w105:528	scatter_add.out	SKIP	CM-QUANT-ONLY		dequantize_per_tensor,quantize_per_tensor	False	
w106:499	logit	MISMATCH	CM-QUANT-ONLY		dequantize_per_tensor,quantize_per_tensor	False	
w107:48	min.dim_min	SKIP	NO-CM			False	
w108:324	stack	SKIP	NO-CM			False	
w109:310	stack	SKIP	NO-CM			False	
w10:389	arange.out	SKIP	CM-QUANT-ONLY		dequantize_per_tensor	False	
w110:349	zeros.out	SKIP	CM-QUANT-ONLY		dequantize_per_tensor	False	
w111:446	expand_copy	SKIP	CM-QUANT-ONLY		dequantize_per_tensor,quantize_per_tensor	False	
w112:465	pixel_unshuffle	SKIP	CM-COMPUTE	transpose	dequantize_per_tensor,quantize_per_tensor,transpose	False	
w113:352	where.self	SKIP	CM-QUANT-ONLY		dequantize_per_tensor,quantize_per_tensor	False	
w114:164	zeros.out	SKIP	CM-QUANT-ONLY		dequantize_per_tensor	False	
w115:0	stack	SKIP	NO-CM			False	
w115:66	_fft_r2c	TIMEOUT	CM-QUANT-ONLY		dequantize_per_tensor,quantize_per_tensor	False	
w116:524	permute_copy	SKIP	CM-COMPUTE	transpose	dequantize_per_tensor,quantize_per_tensor,transpose	False	
w117:447	index_select.out	MISMATCH	CM-QUANT-ONLY		dequantize_per_tensor,quantize_per_tensor	True	
w118:365	pixel_unshuffle	SKIP	CM-COMPUTE	transpose	dequantize_per_tensor,quantize_per_tensor,transpose	False	
w119:345	pixel_shuffle	SKIP	CM-COMPUTE	transpose	transpose	False	
w11:212	fill.Scalar	MISMATCH	CM-QUANT-ONLY		dequantize_per_tensor,quantize_per_tensor	False	
w120:245	index_put	MISMATCH	CM-QUANT-ONLY		dequantize_per_tensor,quantize_per_tensor	True	
w121:240	zeros.out	SKIP	CM-QUANT-ONLY		dequantize_per_tensor	False	
w121:758	fill.Scalar	MISMATCH	CM-QUANT-ONLY		dequantize_per_tensor,quantize_per_tensor	False	
w122:660	scatter.src_out	SKIP	CM-QUANT-ONLY		dequantize_per_tensor,quantize_per_tensor	False	
w123:712	pixel_shuffle	SKIP	CM-COMPUTE	transpose	dequantize_per_tensor,quantize_per_tensor,transpose	False	
w0:769	mul.Scalar	SKIP	CM-COMPUTE	quantized_mul	dequantize_per_tensor,quantize_per_tensor,quantized_mul	True	
w101:10	_fft_r2c	CRASH	CM-QUANT-ONLY		dequantize_per_tensor,quantize_per_tensor	False	
w101:678	pixel_shuffle	SKIP	CM-COMPUTE	transpose	dequantize_per_tensor,quantize_per_tensor,transpose	False	
w102:594	pixel_unshuffle	SKIP	CM-COMPUTE	transpose	dequantize_per_tensor,quantize_per_tensor,transpose	False	
w103:549	index_put	MISMATCH	CM-QUANT-ONLY		dequantize_per_tensor,quantize_per_tensor	True	
w104:612	bitwise_left_shift.Tensor_Scalar	MISMATCH	NO-CM			False	
w105:588	where.self	MISMATCH	CM-QUANT-ONLY		dequantize_per_tensor,quantize_per_tensor	False	
w106:530	arange.out	SKIP	NO-CM			False	
w107:492	copy	SKIP	NO-CM			False	
w108:362	_pdist_forward	SKIP	CM-QUANT-ONLY		dequantize_per_tensor,quantize_per_tensor	False	
w109:320	zeros.out	SKIP	NO-CM			False	
w10:396	pixel_shuffle	SKIP	CM-COMPUTE	transpose	dequantize_per_tensor,quantize_per_tensor,transpose	False	
w110:367	max.dim_max	SKIP	NO-CM			False	
w111:500	where.self	SKIP	CM-QUANT-ONLY		dequantize_per_tensor,quantize_per_tensor	False	
w112:471	arange.start_out	SKIP	NO-CM			False	
w113:369	bitwise_left_shift.Tensor_out	MISMATCH	NO-CM			False	
w114:165	min.dim_min	SKIP	NO-CM			False	
w115:10	zeros.out	SKIP	CM-QUANT-ONLY		dequantize_per_tensor	False	
w115:664	bitwise_left_shift.Tensor_out	MISMATCH	NO-CM			False	
w116:549	where.self	SKIP	CM-QUANT-ONLY		dequantize_per_tensor,quantize_per_tensor	False	
w117:461	index_put	MISMATCH	CM-QUANT-ONLY		dequantize_per_tensor,quantize_per_tensor	True	
w118:379	bitwise_right_shift.Tensor_Scalar	MISMATCH	NO-CM			False	
w119:361	_fft_r2c	TIMEOUT	CM-QUANT-ONLY		dequantize_per_tensor,quantize_per_tensor	False	
w11:216	pixel_unshuffle	SKIP	CM-COMPUTE	transpose	dequantize_per_tensor,quantize_per_tensor,transpose	False	
w120:252	scatter.src_out	SKIP	CM-QUANT-ONLY		dequantize_per_tensor,quantize_per_tensor	False	
w121:268	_pdist_forward	SKIP	CM-QUANT-ONLY		dequantize_per_tensor,quantize_per_tensor	True	
w121:762	pixel_unshuffle	SKIP	CM-COMPUTE	transpose	dequantize_per_tensor,quantize_per_tensor,transpose	False	
w122:667	copy	SKIP	NO-CM			False	
w123:738	arange.start_out	SKIP	NO-CM			False	
w124:700	ones.out	SKIP	CM-QUANT-ONLY		dequantize_per_tensor	False	
w125:655	bitwise_left_shift.Tensor_out	MISMATCH	CM-QUANT-ONLY		dequantize_per_tensor,quantize_per_tensor	False	
w126:55	zeros.out	SKIP	NO-CM			False	
w127:681	pixel_shuffle	SKIP	CM-COMPUTE	transpose	dequantize_per_tensor,quantize_per_tensor,transpose	False	
w12:585	full.out	SKIP	CM-QUANT-ONLY		dequantize_per_tensor	False	
w13:44	arange.start_out	SKIP	NO-CM			False	
w14:459	fill.Scalar	MISMATCH	CM-QUANT-ONLY		dequantize_per_tensor,quantize_per_tensor	False	
w15:375	_pdist_forward	SKIP	CM-QUANT-ONLY		dequantize_per_tensor,quantize_per_tensor	True	
w16:297	max_pool2d_with_indices_backward.grad_input	MISMATCH	CM-QUANT-ONLY		dequantize_per_tensor,quantize_per_tensor	False	
w17:207	zeros.out	SKIP	CM-QUANT-ONLY		dequantize_per_tensor	False	
w18:10	_pdist_forward	SKIP	NO-CM			False	
w18:89	logical_and	MISMATCH	CM-QUANT-ONLY		dequantize_per_tensor,quantize_per_tensor	True	
w19:722	fill.Scalar	MISMATCH	CM-QUANT-ONLY		dequantize_per_tensor,quantize_per_tensor	False	
w20:106	expand_copy	SKIP	CM-QUANT-ONLY		dequantize_per_tensor,quantize_per_tensor	False	
w20:720	ones.out	SKIP	CM-QUANT-ONLY		dequantize_per_tensor	False	
w21:713	_pdist_forward	SKIP	NO-CM			False	
w22:643	pixel_shuffle	SKIP	CM-COMPUTE	transpose	dequantize_per_tensor,quantize_per_tensor,transpose	False	
w23:623	convolution	SKIP	CM-QUANT-ONLY		dequantize_per_tensor,quantize_per_tensor	False	
w24:624	stack	SKIP	CM-QUANT-ONLY		dequantize_per_tensor,quantize_per_tensor	False	
w25:464	pixel_unshuffle	SKIP	CM-COMPUTE	transpose	dequantize_per_tensor,quantize_per_tensor,transpose	False	
w26:482	bitwise_right_shift.Tensor_Scalar	MISMATCH	NO-CM			False	
w27:324	bitwise_right_shift.Tensor_out	MISMATCH	NO-CM			False	
w28:175	linear	CRASH	NO-CM			False	
w28:773	pixel_unshuffle	SKIP	CM-COMPUTE	transpose	dequantize_per_tensor,quantize_per_tensor,transpose	False	
w29:746	expand_copy	SKIP	CM-QUANT-ONLY		dequantize_per_tensor,quantize_per_tensor	False	
w2:723	_pdist_forward	SKIP	NO-CM			False	
w30:600	pixel_unshuffle	SKIP	CM-COMPUTE	transpose	dequantize_per_tensor,quantize_per_tensor,transpose	False	
w31:544	pixel_unshuffle	SKIP	CM-COMPUTE	transpose	dequantize_per_tensor,quantize_per_tensor,transpose	False	
w32:558	bitwise_right_shift.Tensor_Scalar	MISMATCH	NO-CM			False	
w33:393	where.self	SKIP	CM-QUANT-ONLY		dequantize_per_tensor,quantize_per_tensor	False	
w34:298	native_group_norm	SKIP	CM-QUANT-ONLY		dequantize_per_tensor,quantize_per_tensor	False	
w35:262	ones.out	SKIP	CM-QUANT-ONLY		dequantize_per_tensor	False	
w36:199	zeros.out	SKIP	CM-QUANT-ONLY		dequantize_per_tensor	False	
w36:98	expand_copy	SKIP	NO-CM			False	
w38:118	prod.int_out	MISMATCH	CM-QUANT-ONLY		dequantize_per_tensor,quantize_per_tensor	False	
w38:737	full.out	SKIP	CM-QUANT-ONLY		dequantize_per_tensor	False	
w39:703	ones.out	SKIP	CM-QUANT-ONLY		dequantize_per_tensor	False	
w3:763	stack	SKIP	NO-CM			False	
w40:750	where.self	MISMATCH	CM-QUANT-ONLY		dequantize_per_tensor,quantize_per_tensor	False	
w41:728	full.out	SKIP	CM-QUANT-ONLY		dequantize_per_tensor	False	
w42:600	index_put	MISMATCH	CM-QUANT-ONLY		dequantize_per_tensor,quantize_per_tensor	True	
w43:477	arange.start_out	SKIP	NO-CM			False	
w44:578	bitwise_left_shift.Tensor_out	MISMATCH	CM-QUANT-ONLY		dequantize_per_tensor,quantize_per_tensor	False	
w45:662	pixel_shuffle	SKIP	CM-COMPUTE	transpose	dequantize_per_tensor,quantize_per_tensor,transpose	False	
w46:676	_fft_r2c	TIMEOUT	CM-QUANT-ONLY		dequantize_per_tensor,quantize_per_tensor	False	
w47:60	fill.Scalar	MISMATCH	CM-QUANT-ONLY		dequantize_per_tensor,quantize_per_tensor	False	
w48:524	full.out	SKIP	CM-QUANT-ONLY		dequantize_per_tensor	False	
w49:46	full.out	SKIP	NO-CM			False	
w4:275	arange.out	SKIP	NO-CM			False	
w50:257	linear.out	CRASH	NO-CM			False	
w51:31	copy	SKIP	CM-QUANT-ONLY		dequantize_per_tensor,quantize_per_tensor	True	
w52:196	_fft_r2c	TIMEOUT	CM-QUANT-ONLY		dequantize_per_tensor,quantize_per_tensor	False	
w53:158	zeros.out	SKIP	NO-CM			False	
w53:680	pixel_unshuffle	SKIP	CM-COMPUTE	transpose	dequantize_per_tensor,quantize_per_tensor,transpose	False	
w54:655	arange.start_out	SKIP	NO-CM			False	
w55:643	zeros.out	SKIP	CM-QUANT-ONLY		dequantize_per_tensor	False	
w56:697	_pdist_forward	SKIP	CM-QUANT-ONLY		dequantize_per_tensor,quantize_per_tensor	False	
w57:688	fmod.Scalar	MISMATCH	NO-CM			False	
w58:615	full.out	SKIP	NO-CM			False	
w59:612	pixel_unshuffle	SKIP	CM-COMPUTE	transpose	dequantize_per_tensor,quantize_per_tensor,transpose	False	
w5:614	bitwise_left_shift.Tensor_out	MISMATCH	NO-CM			False	
w60:534	index_put	MISMATCH	CM-QUANT-ONLY		dequantize_per_tensor,quantize_per_tensor	True	
w61:469	_pdist_forward	SKIP	CM-QUANT-ONLY		dequantize_per_tensor,quantize_per_tensor	True	
w62:353	fill.Scalar	MISMATCH	CM-QUANT-ONLY		dequantize_per_tensor,quantize_per_tensor	False	
w63:323	mul.out	MISMATCH	CM-QUANT-ONLY		dequantize_per_tensor,quantize_per_tensor	True	
w64:372	pixel_unshuffle	SKIP	CM-COMPUTE	transpose	dequantize_per_tensor,quantize_per_tensor,transpose	False	
w65:453	native_group_norm	SKIP	CM-QUANT-ONLY		dequantize_per_tensor,quantize_per_tensor	False	
w66:281	expand_copy	SKIP	NO-CM			False	
w67:195	expand_copy	SKIP	NO-CM			False	
w68:115	linear	CRASH	NO-CM			False	
w68:700	expand_copy	SKIP	CM-QUANT-ONLY		dequantize_per_tensor,quantize_per_tensor	False	
w69:64	copy	SKIP	NO-CM			False	
w6:64	scatter.src_out	SKIP	CM-QUANT-ONLY		dequantize_per_tensor,quantize_per_tensor	True	
w70:475	full.out	SKIP	CM-QUANT-ONLY		dequantize_per_tensor	False	
w71:433	full.out	SKIP	CM-QUANT-ONLY		dequantize_per_tensor	False	
w72:418	pixel_shuffle	SKIP	CM-COMPUTE	transpose	dequantize_per_tensor,quantize_per_tensor,transpose	False	
w73:328	permute_copy	SKIP	CM-COMPUTE	transpose	dequantize_per_tensor,quantize_per_tensor,transpose	False	
w74:292	full.out	SKIP	CM-QUANT-ONLY		dequantize_per_tensor	False	
w75:224	index_put	MISMATCH	CM-QUANT-ONLY		dequantize_per_tensor,quantize_per_tensor	True	
w76:214	index_put	MISMATCH	CM-QUANT-ONLY		dequantize_per_tensor,quantize_per_tensor	True	
w76:9	linear	CRASH	NO-CM			False	
w77:94	ones.out	SKIP	NO-CM			False	
w78:737	copy	SKIP	CM-QUANT-ONLY		dequantize_per_tensor,quantize_per_tensor	True	
w79:638	pixel_unshuffle	SKIP	CM-COMPUTE	transpose	dequantize_per_tensor,quantize_per_tensor,transpose	False	
w7:497	arange.out	SKIP	CM-QUANT-ONLY		dequantize_per_tensor	False	
w80:527	stack	SKIP	NO-CM			False	
w81:567	_fft_r2c	TIMEOUT	CM-QUANT-ONLY		dequantize_per_tensor,quantize_per_tensor	False	
w82:629	pixel_unshuffle	SKIP	CM-COMPUTE	transpose	dequantize_per_tensor,quantize_per_tensor,transpose	False	
w83:55	_fft_r2c	TIMEOUT	CM-QUANT-ONLY		dequantize_per_tensor,quantize_per_tensor	False	
w84:556	zeros.out	SKIP	NO-CM			False	
w85:496	pixel_unshuffle	SKIP	CM-COMPUTE	transpose	dequantize_per_tensor,quantize_per_tensor,transpose	False	
w86:478	stack	SKIP	NO-CM			False	
w87:411	scatter_add.out	SKIP	CM-QUANT-ONLY		dequantize_per_tensor,quantize_per_tensor	True	
w88:35	pixel_shuffle	SKIP	CM-COMPUTE	transpose	dequantize_per_tensor,quantize_per_tensor,transpose	False	
w89:317	remainder.Scalar	MISMATCH	NO-CM			False	
w8:26	where.self	SKIP	CM-QUANT-ONLY		dequantize_per_tensor,quantize_per_tensor	False	
w90:278	stack	SKIP	NO-CM			False	
w91:183	ones.out	SKIP	NO-CM			False	
w92:262	stack	SKIP	NO-CM			False	
w93:150	zeros.out	SKIP	CM-QUANT-ONLY		dequantize_per_tensor	False	
w94:175	bitwise_left_shift.Tensor_out	MISMATCH	NO-CM			False	
w94:758	full.out	SKIP	CM-QUANT-ONLY		dequantize_per_tensor	False	
w95:655	_fft_r2c	TIMEOUT	CM-QUANT-ONLY		dequantize_per_tensor,quantize_per_tensor	False	
w96:631	linear	CRASH	NO-CM			False	
w97:580	arange.out	SKIP	NO-CM			False	
w98:523	full.out	SKIP	NO-CM			False	
w99:441	arange.out	SKIP	NO-CM			False	
w9:371	_fft_r2c	TIMEOUT	CM-QUANT-ONLY		dequantize_per_tensor,quantize_per_tensor	False	
w0:132	linear.out	CRASH	CM-QUANT-ONLY		dequantize_per_tensor,quantize_per_tensor	False	
w100:116	_fft_r2c	CRASH	CM-QUANT-ONLY		dequantize_per_tensor,quantize_per_tensor	True	
w101:135	where.self	SKIP	CM-QUANT-ONLY		dequantize_per_tensor,quantize_per_tensor	False	
w101:757	bitwise_left_shift.Tensor_Scalar	MISMATCH	NO-CM			False	
w102:625	full.out	SKIP	CM-QUANT-ONLY		dequantize_per_tensor	False	
w103:590	remainder.Tensor_out	MISMATCH	NO-CM			False	
w104:649	permute_copy	SKIP	CM-COMPUTE	transpose	dequantize_per_tensor,quantize_per_tensor,transpose	False	
w105:675	pixel_shuffle	SKIP	CM-COMPUTE	transpose	dequantize_per_tensor,quantize_per_tensor,transpose	False	
w106:624	expand_copy	SKIP	NO-CM			False	
w107:531	_pdist_forward	SKIP	NO-CM			False	
w108:414	bitwise_right_shift.Tensor_Scalar	MISMATCH	NO-CM			False	
w109:376	_fft_r2c	TIMEOUT	CM-QUANT-ONLY		dequantize_per_tensor,quantize_per_tensor	True	
w10:496	pixel_unshuffle	SKIP	CM-COMPUTE	transpose	dequantize_per_tensor,quantize_per_tensor,transpose	False	
w110:469	pixel_shuffle	SKIP	CM-COMPUTE	transpose	dequantize_per_tensor,quantize_per_tensor,transpose	False	
w111:575	_pdist_forward	SKIP	NO-CM			False	
w112:543	stack	SKIP	NO-CM			False	
w113:424	native_group_norm	SKIP	CM-QUANT-ONLY		dequantize_per_tensor,quantize_per_tensor	False	
w114:221	ones.out	SKIP	NO-CM			False	
w115:135	bitwise_right_shift.Tensor_Scalar_out	MISMATCH	NO-CM			False	
w115:694	zeros.out	SKIP	CM-QUANT-ONLY		dequantize_per_tensor	False	
w116:614	max.dim_max	SKIP	NO-CM			False	
w117:542	_fft_r2c	TIMEOUT	CM-QUANT-ONLY		dequantize_per_tensor,quantize_per_tensor	False	
w118:480	where.self	SKIP	CM-QUANT-ONLY		dequantize_per_tensor,quantize_per_tensor	False	
w119:418	transpose_copy.int	SKIP	CM-COMPUTE	transpose	dequantize_per_tensor,quantize_per_tensor,transpose	False	
w11:331	where.self	SKIP	CM-QUANT-ONLY		dequantize_per_tensor,quantize_per_tensor	False	
w120:31	copy	SKIP	CM-QUANT-ONLY		dequantize_per_tensor,quantize_per_tensor	True	
w121:302	fill.Scalar	MISMATCH	CM-QUANT-ONLY		dequantize_per_tensor,quantize_per_tensor	False	
w122:19	native_group_norm	SKIP	CM-QUANT-ONLY		dequantize_per_tensor,quantize_per_tensor	False	
w122:734	_fft_r2c	TIMEOUT	CM-QUANT-ONLY		dequantize_per_tensor,quantize_per_tensor	False	
w124:130	native_group_norm	SKIP	CM-QUANT-ONLY		dequantize_per_tensor,quantize_per_tensor	False	
w124:763	pixel_shuffle	SKIP	CM-COMPUTE	transpose	dequantize_per_tensor,quantize_per_tensor,transpose	False	
w125:685	zeros.out	SKIP	CM-QUANT-ONLY		dequantize_per_tensor	False	
w126:709	bitwise_left_shift.Tensor_out	MISMATCH	NO-CM			False	
w127:759	bitwise_left_shift.Tensor_out	MISMATCH	CM-QUANT-ONLY		dequantize_per_tensor,quantize_per_tensor	False	
w12:628	pixel_unshuffle	SKIP	CM-COMPUTE	transpose	dequantize_per_tensor,quantize_per_tensor,transpose	False	
w13:54	permute_copy	SKIP	CM-COMPUTE	transpose	dequantize_per_tensor,quantize_per_tensor,transpose	False	
w14:543	arange.start_out	SKIP	NO-CM			False	
w15:427	bitwise_right_shift.Tensor_Scalar	MISMATCH	NO-CM			False	
w16:369	pixel_shuffle	SKIP	CM-COMPUTE	transpose	dequantize_per_tensor,quantize_per_tensor,transpose	False	
w17:247	pixel_shuffle	SKIP	CM-COMPUTE	transpose	transpose	False	
w18:181	div.out_mode	MISMATCH	CM-QUANT-ONLY		dequantize_per_tensor,quantize_per_tensor	False	
w19:16	pixel_shuffle	SKIP	CM-COMPUTE	transpose	dequantize_per_tensor,quantize_per_tensor,transpose	False	
w1:114	native_group_norm	SKIP	CM-QUANT-ONLY		dequantize_per_tensor,quantize_per_tensor	False	
w20:160	where.self	MISMATCH	CM-QUANT-ONLY		dequantize_per_tensor,quantize_per_tensor	False	
w21:120	bitwise_left_shift.Tensor_Scalar	MISMATCH	NO-CM			False	
w21:751	pixel_unshuffle	SKIP	CM-COMPUTE	transpose	dequantize_per_tensor,quantize_per_tensor,transpose	False	
w22:741	stack	SKIP	NO-CM			False	
w23:685	zeros.out	SKIP	CM-QUANT-ONLY		dequantize_per_tensor	False	
w24:674	pixel_shuffle	SKIP	CM-COMPUTE	transpose	dequantize_per_tensor,quantize_per_tensor,transpose	False	
w25:585	arange.out	SKIP	CM-QUANT-ONLY		dequantize_per_tensor	False	
w26:548	arange.start_out	SKIP	NO-CM			False	
w27:349	ones.out	SKIP	CM-QUANT-ONLY		dequantize_per_tensor	False	
w28:233	_fft_r2c	TIMEOUT	CM-QUANT-ONLY		dequantize_per_tensor,quantize_per_tensor	False	
w29:1	pixel_unshuffle	SKIP	CM-COMPUTE	transpose	dequantize_per_tensor,quantize_per_tensor,transpose	False	
w2:108	full.out	SKIP	NO-CM			False	
w2:77	pixel_unshuffle	SKIP	CM-COMPUTE	transpose	dequantize_per_tensor,quantize_per_tensor,transpose	False	
w30:67	copy	SKIP	CM-QUANT-ONLY		dequantize_per_tensor,quantize_per_tensor	True	
w31:630	linear	CRASH	NO-CM			False	
w32:624	arange.start_out	SKIP	CM-QUANT-ONLY		dequantize_per_tensor	False	
w33:440	zeros.out	SKIP	NO-CM			False	
w34:355	zeros.out	SKIP	CM-QUANT-ONLY		dequantize_per_tensor	False	
w35:33	_fft_r2c	TIMEOUT	CM-QUANT-ONLY		dequantize_per_tensor,quantize_per_tensor	True	
w36:247	max_pool2d_with_indices_backward.grad_input	MISMATCH	CM-QUANT-ONLY		dequantize_per_tensor,quantize_per_tensor	True	
w37:199	linear	CRASH	NO-CM			False	
w38:184	zeros.out	SKIP	NO-CM			False	
w39:103	remainder.Scalar_out	MISMATCH	CM-QUANT-ONLY		dequantize_per_tensor,quantize_per_tensor	False	
w39:758	remainder.Scalar	MISMATCH	NO-CM			False	
w40:130	fmod.Scalar	MISMATCH	NO-CM			False	
w41:157	scatter.src_out	SKIP	CM-QUANT-ONLY		dequantize_per_tensor,quantize_per_tensor	True	
w42:127	mul.out	MISMATCH	CM-QUANT-ONLY		dequantize_per_tensor,quantize_per_tensor	True	
w42:625	zeros.out	SKIP	NO-CM			False	
w43:615	_fft_r2c	TIMEOUT	CM-QUANT-ONLY		dequantize_per_tensor,quantize_per_tensor	False	
w44:642	fmod.Tensor_out	MISMATCH	CM-QUANT-ONLY		dequantize_per_tensor,quantize_per_tensor	False	
w45:749	expand_copy	SKIP	NO-CM			False	
w46:76	pixel_unshuffle	SKIP	CM-COMPUTE	transpose	dequantize_per_tensor,quantize_per_tensor,transpose	False	
w47:657	index_put	MISMATCH	CM-QUANT-ONLY		dequantize_per_tensor,quantize_per_tensor	True	
w48:625	bitwise_left_shift.Tensor_out	MISMATCH	CM-QUANT-ONLY		dequantize_per_tensor,quantize_per_tensor	False	
w49:485	bitwise_right_shift.Tensor_Scalar	MISMATCH	NO-CM			False	
w4:362	pixel_shuffle	SKIP	CM-COMPUTE	transpose	dequantize_per_tensor,quantize_per_tensor,transpose	False	
w50:338	convolution	SKIP	CM-QUANT-ONLY		dequantize_per_tensor,quantize_per_tensor	False	
w51:355	linear.out	CRASH	NO-CM			False	
w52:286	arange.start_out	SKIP	CM-QUANT-ONLY		dequantize_per_tensor	False	
w53:255	full.out	SKIP	CM-QUANT-ONLY		dequantize_per_tensor	False	
w53:741	expand_copy	SKIP	CM-QUANT-ONLY		dequantize_per_tensor,quantize_per_tensor	False	
w54:754	fmod.Scalar	MISMATCH	NO-CM			False	
w55:700	ones.out	SKIP	NO-CM			False	
w56:735	pixel_unshuffle	SKIP	CM-COMPUTE	transpose	dequantize_per_tensor,quantize_per_tensor,transpose	False	
w57:727	_fft_r2c	TIMEOUT	CM-QUANT-ONLY		dequantize_per_tensor,quantize_per_tensor	False	
w58:664	arange.start_out	SKIP	CM-QUANT-ONLY		dequantize_per_tensor	False	
w59:690	stack	SKIP	NO-CM			False	
w5:662	max.dim_max	SKIP	NO-CM			False	
w60:577	max.dim_max	SKIP	NO-CM			False	
w61:507	pixel_unshuffle	SKIP	CM-COMPUTE	transpose	dequantize_per_tensor,quantize_per_tensor,transpose	False	
w62:418	expand_copy	SKIP	NO-CM			False	
w63:398	arange.out	SKIP	CM-QUANT-ONLY		dequantize_per_tensor	False	
w64:48	bitwise_left_shift.Tensor_out	MISMATCH	NO-CM			False	
w65:494	pixel_unshuffle	SKIP	CM-COMPUTE	transpose	dequantize_per_tensor,quantize_per_tensor,transpose	False	
w66:353	div.out_mode	MISMATCH	CM-QUANT-ONLY		dequantize_per_tensor,quantize_per_tensor	False	
w67:286	stack	SKIP	NO-CM			False	
w68:183	pixel_unshuffle	SKIP	CM-COMPUTE	transpose	dequantize_per_tensor,quantize_per_tensor,transpose	True	
w69:123	max_pool2d_with_indices_backward.grad_input	MISMATCH	CM-QUANT-ONLY		dequantize_per_tensor,quantize_per_tensor	False	
w69:671	pixel_unshuffle	SKIP	CM-COMPUTE	transpose	dequantize_per_tensor,quantize_per_tensor,transpose	False	
w6:678	pixel_unshuffle	SKIP	CM-COMPUTE	transpose	dequantize_per_tensor,quantize_per_tensor,transpose	False	
w70:519	remainder.Scalar_out	MISMATCH	NO-CM			False	
w71:554	stack	SKIP	NO-CM			False	
w72:496	bitwise_left_shift.Tensor_out	MISMATCH	NO-CM			False	
w73:433	arange.out	SKIP	CM-QUANT-ONLY		dequantize_per_tensor	False	
w74:335	pixel_unshuffle	SKIP	CM-COMPUTE	transpose	dequantize_per_tensor,quantize_per_tensor,transpose	False	
w75:277	_pdist_forward	SKIP	CM-QUANT-ONLY		dequantize_per_tensor,quantize_per_tensor	False	
w76:255	remainder.Tensor_out	MISMATCH	NO-CM			False	
w77:177	pixel_unshuffle	SKIP	CM-COMPUTE	transpose	dequantize_per_tensor,quantize_per_tensor,transpose	False	
w78:149	linear.out	CRASH	CM-QUANT-ONLY		dequantize_per_tensor,quantize_per_tensor	False	
w78:97	arange.out	SKIP	CM-QUANT-ONLY		dequantize_per_tensor	False	
w79:713	topk.values	SKIP	NO-CM			False	
w7:561	full.out	SKIP	CM-QUANT-ONLY		dequantize_per_tensor	False	
w80:593	_fft_r2c	TIMEOUT	CM-QUANT-ONLY		dequantize_per_tensor,quantize_per_tensor	False	
w81:638	expand_copy	SKIP	CM-QUANT-ONLY		dequantize_per_tensor,quantize_per_tensor	False	
w82:692	index_put	MISMATCH	CM-QUANT-ONLY		dequantize_per_tensor,quantize_per_tensor	True	
w83:61	fill.Scalar	MISMATCH	CM-QUANT-ONLY		dequantize_per_tensor,quantize_per_tensor	False	
w84:622	pixel_unshuffle	SKIP	CM-COMPUTE	transpose	dequantize_per_tensor,quantize_per_tensor,transpose	False	
w85:604	minimum.out	SKIP	CM-COMPUTE	minimum	minimum	False	
w86:573	linear.out	CRASH	CM-QUANT-ONLY		dequantize_per_tensor,quantize_per_tensor	False	
w87:507	copy	SKIP	NO-CM			False	
w88:371	zeros.out	SKIP	NO-CM			False	
w89:34	ones.out	SKIP	CM-QUANT-ONLY		dequantize_per_tensor	False	
w8:341	pixel_shuffle	SKIP	CM-COMPUTE	transpose	dequantize_per_tensor,quantize_per_tensor,transpose	False	
w90:344	_fft_r2c	TIMEOUT	CM-QUANT-ONLY		dequantize_per_tensor,quantize_per_tensor	False	
w91:324	bitwise_left_shift.Tensor_out	MISMATCH	NO-CM			False	
w92:312	pixel_shuffle	SKIP	CM-COMPUTE	transpose	dequantize_per_tensor,quantize_per_tensor,transpose	False	
w93:206	_fft_r2c	TIMEOUT	CM-QUANT-ONLY		dequantize_per_tensor,quantize_per_tensor	True	
w94:223	max.dim_max	SKIP	NO-CM			False	
w95:133	stack	SKIP	NO-CM			False	
w95:726	expand_copy	SKIP	NO-CM			False	
w96:673	pixel_shuffle	SKIP	CM-COMPUTE	transpose	dequantize_per_tensor,quantize_per_tensor,transpose	False	
w97:668	scatter_add.out	SKIP	CM-QUANT-ONLY		dequantize_per_tensor,quantize_per_tensor	True	
w98:654	zeros.out	SKIP	CM-QUANT-ONLY		dequantize_per_tensor	False	
w99:505	full.out	SKIP	CM-QUANT-ONLY		dequantize_per_tensor	False	
w9:436	scatter_add.out	SKIP	CM-QUANT-ONLY		dequantize_per_tensor,quantize_per_tensor	True	
w0:144	full.out	SKIP	CM-QUANT-ONLY		dequantize_per_tensor	False	
w100:119	logical_and.out	MISMATCH	CM-QUANT-ONLY		dequantize_per_tensor,quantize_per_tensor	True	
w101:157	index_put	MISMATCH	CM-QUANT-ONLY		dequantize_per_tensor,quantize_per_tensor	True	
w101:758	pixel_shuffle	SKIP	CM-COMPUTE	transpose	dequantize_per_tensor,quantize_per_tensor,transpose	False	
w102:647	bitwise_left_shift.Tensor_Scalar	MISMATCH	NO-CM			False	
w103:591	fmod.Scalar	MISMATCH	NO-CM			False	
w104:65	_pdist_forward	SKIP	CM-QUANT-ONLY		dequantize_per_tensor,quantize_per_tensor	False	
w105:691	_fft_r2c	TIMEOUT	CM-QUANT-ONLY		dequantize_per_tensor,quantize_per_tensor	True	
w106:66	native_group_norm	SKIP	CM-QUANT-ONLY		dequantize_per_tensor,quantize_per_tensor	False	
w107:536	arange.out	SKIP	NO-CM			False	
w108:44	convolution	SKIP	CM-QUANT-ONLY		dequantize_per_tensor,quantize_per_tensor	False	
w109:382	fill.Scalar	MISMATCH	CM-QUANT-ONLY		dequantize_per_tensor,quantize_per_tensor	True	
w10:512	permute_copy	SKIP	CM-COMPUTE	transpose	dequantize_per_tensor,quantize_per_tensor,transpose	False	
w110:489	pixel_unshuffle	SKIP	CM-COMPUTE	transpose	dequantize_per_tensor,quantize_per_tensor,transpose	False	
w111:587	pixel_shuffle	SKIP	CM-COMPUTE	transpose	dequantize_per_tensor,quantize_per_tensor,transpose	False	
w112:551	linear	CRASH	NO-CM			False	
w113:427	_pdist_forward	SKIP	CM-QUANT-ONLY		dequantize_per_tensor,quantize_per_tensor	False	
w114:276	remainder.Scalar	MISMATCH	NO-CM			False	
w115:137	expand_copy	SKIP	NO-CM			False	
w115:710	remainder.Tensor_out	MISMATCH	NO-CM			False	
w116:621	native_group_norm	SKIP	CM-QUANT-ONLY		dequantize_per_tensor,quantize_per_tensor	False	
w117:548	fill.Scalar	MISMATCH	CM-QUANT-ONLY		dequantize_per_tensor,quantize_per_tensor	False	
w118:509	scatter.src_out	SKIP	CM-QUANT-ONLY		dequantize_per_tensor,quantize_per_tensor	True	
w119:426	scatter_add.out	SKIP	CM-QUANT-ONLY		dequantize_per_tensor,quantize_per_tensor	True	
w11:368	stack	SKIP	CM-QUANT-ONLY		dequantize_per_tensor,quantize_per_tensor	False	
w120:310	pixel_shuffle	SKIP	CM-COMPUTE	transpose	dequantize_per_tensor,quantize_per_tensor,transpose	False	
w121:306	pixel_unshuffle	SKIP	CM-COMPUTE	transpose	dequantize_per_tensor,quantize_per_tensor,transpose	False	
w122:197	index_put	MISMATCH	CM-QUANT-ONLY		dequantize_per_tensor,quantize_per_tensor	True	
w122:735	ones.out	SKIP	NO-CM			False	
w124:140	where.self	SKIP	CM-QUANT-ONLY		dequantize_per_tensor,quantize_per_tensor	True	
w124:764	scatter_add.out	SKIP	CM-QUANT-ONLY		dequantize_per_tensor,quantize_per_tensor	False	
w125:713	_pdist_forward	SKIP	CM-QUANT-ONLY		dequantize_per_tensor,quantize_per_tensor	True	
w126:729	stack	SKIP	NO-CM			False	
w127:764	index_put	MISMATCH	CM-QUANT-ONLY		dequantize_per_tensor,quantize_per_tensor	True	
w12:629	remainder.Scalar_out	MISMATCH	NO-CM			False	
w13:552	bitwise_left_shift.Tensor_out	MISMATCH	CM-QUANT-ONLY		dequantize_per_tensor,quantize_per_tensor	False	
w14:549	scatter.value_out	SKIP	NO-CM			False	
w15:444	full.out	SKIP	CM-QUANT-ONLY		dequantize_per_tensor	False	
w16:370	scatter_add.out	SKIP	NO-CM			False	
w17:255	max_pool2d_with_indices_backward.grad_input	MISMATCH	CM-QUANT-ONLY		dequantize_per_tensor,quantize_per_tensor	False	
w18:185	index_put	MISMATCH	CM-QUANT-ONLY		dequantize_per_tensor,quantize_per_tensor	True	
w19:171	bitwise_left_shift.Tensor_Scalar_out	MISMATCH	NO-CM			False	
w1:117	_pdist_forward	SKIP	CM-QUANT-ONLY		dequantize_per_tensor,quantize_per_tensor	False	
w20:197	stack	SKIP	CM-QUANT-ONLY		dequantize_per_tensor,quantize_per_tensor	False	
w21:147	arange.start_out	SKIP	CM-QUANT-ONLY		dequantize_per_tensor	False	
w21:98	full.out	SKIP	CM-QUANT-ONLY		dequantize_per_tensor	False	
w22:751	zeros.out	SKIP	NO-CM			False	
w23:725	pixel_shuffle	SKIP	CM-COMPUTE	transpose	dequantize_per_tensor,quantize_per_tensor,transpose	False	
w24:69	bitwise_left_shift.Tensor_Scalar	MISMATCH	NO-CM			False	
w25:592	pixel_shuffle	SKIP	CM-COMPUTE	transpose	dequantize_per_tensor,quantize_per_tensor,transpose	False	
w26:558	permute_copy	SKIP	CM-COMPUTE	transpose	dequantize_per_tensor,quantize_per_tensor,transpose	False	
w27:354	fill.Scalar	MISMATCH	CM-QUANT-ONLY		dequantize_per_tensor,quantize_per_tensor	False	
w28:239	fill.Scalar	MISMATCH	CM-QUANT-ONLY		dequantize_per_tensor,quantize_per_tensor	False	
w29:121	mul.out	MISMATCH	CM-QUANT-ONLY		dequantize_per_tensor,quantize_per_tensor	True	
w2:11	zeros.out	SKIP	NO-CM			False	
w2:91	bitwise_right_shift.Tensor_Scalar	MISMATCH	NO-CM			False	
w30:674	pixel_unshuffle	SKIP	CM-COMPUTE	transpose	dequantize_per_tensor,quantize_per_tensor,transpose	False	
w31:632	zeros.out	SKIP	NO-CM			False	
w32:640	prod.int_out	MISMATCH	CM-QUANT-ONLY		dequantize_per_tensor,quantize_per_tensor	False	
w33:441	min.dim_min	SKIP	NO-CM			False	
w34:356	min.dim_min	SKIP	NO-CM			False	
w35:330	bitwise_right_shift.Tensor_Scalar_out	MISMATCH	NO-CM			False	
w36:255	_fft_r2c	TIMEOUT	CM-QUANT-ONLY		dequantize_per_tensor,quantize_per_tensor	False	
w37:21	max_pool2d_with_indices_backward.grad_input	MISMATCH	CM-QUANT-ONLY		dequantize_per_tensor,quantize_per_tensor	True	
w38:212	_pdist_forward	SKIP	CM-QUANT-ONLY		dequantize_per_tensor,quantize_per_tensor	True	
w39:108	arange.start_out	SKIP	NO-CM			False	
w39:766	pixel_shuffle	SKIP	CM-COMPUTE	transpose	dequantize_per_tensor,quantize_per_tensor,transpose	False	
w40:141	_pdist_forward	SKIP	CM-QUANT-ONLY		dequantize_per_tensor,quantize_per_tensor	True	
w41:162	topk.values	SKIP	NO-CM			False	
w42:139	bitwise_left_shift.Tensor_out	MISMATCH	NO-CM			False	
w42:626	min.dim_min	SKIP	NO-CM			False	
w43:616	ones.out	SKIP	CM-QUANT-ONLY		dequantize_per_tensor	False	
w44:664	_fft_r2c	TIMEOUT	CM-QUANT-ONLY		dequantize_per_tensor,quantize_per_tensor	True	
w45:78	pixel_unshuffle	SKIP	CM-COMPUTE	transpose	dequantize_per_tensor,quantize_per_tensor,transpose	False	
w46:760	pixel_unshuffle	SKIP	CM-COMPUTE	transpose	dequantize_per_tensor,quantize_per_tensor,transpose	False	
w47:672	stack	SKIP	NO-CM			False	
w48:637	scatter.src_out	SKIP	CM-QUANT-ONLY		dequantize_per_tensor,quantize_per_tensor	True	
w49:490	linear.out	CRASH	CM-QUANT-ONLY		dequantize_per_tensor,quantize_per_tensor	False	
w4:369	expand_copy	SKIP	CM-QUANT-ONLY		dequantize_per_tensor,quantize_per_tensor	True	
w50:353	where.self	SKIP	CM-QUANT-ONLY		dequantize_per_tensor,quantize_per_tensor	False	
w51:382	remainder.Scalar	MISMATCH	NO-CM			False	
w52:321	where.self	SKIP	CM-QUANT-ONLY		dequantize_per_tensor,quantize_per_tensor	False	
w53:27	full.out	SKIP	CM-QUANT-ONLY		dequantize_per_tensor	False	
w53:754	pixel_unshuffle	SKIP	CM-COMPUTE	transpose	dequantize_per_tensor,quantize_per_tensor,transpose	False	
w54:765	_pdist_forward	SKIP	CM-QUANT-ONLY		dequantize_per_tensor,quantize_per_tensor	True	
w55:71	remainder.Scalar	MISMATCH	NO-CM			False	
w56:749	bitwise_right_shift.Tensor_Scalar	MISMATCH	NO-CM			False	
w57:733	fill.Scalar	MISMATCH	CM-QUANT-ONLY		dequantize_per_tensor,quantize_per_tensor	False	
w58:680	prod.int_out	MISMATCH	CM-QUANT-ONLY		dequantize_per_tensor,quantize_per_tensor	False	
w59:698	linear	CRASH	NO-CM			False	
w5:672	_pdist_forward	SKIP	NO-CM			False	
w60:592	arange.out	SKIP	CM-QUANT-ONLY		dequantize_per_tensor	False	
w61:51	pixel_unshuffle	SKIP	CM-COMPUTE	transpose	dequantize_per_tensor,quantize_per_tensor,transpose	False	
w62:437	arange.start_out	SKIP	CM-QUANT-ONLY		dequantize_per_tensor	False	
w63:405	pixel_shuffle	SKIP	CM-COMPUTE	transpose	dequantize_per_tensor,quantize_per_tensor,transpose	False	
w64:509	index_put	MISMATCH	CM-QUANT-ONLY		dequantize_per_tensor,quantize_per_tensor	True	
w65:5	arange.out	SKIP	NO-CM			False	
w66:369	topk.values	SKIP	CM-QUANT-ONLY		dequantize_per_tensor,quantize_per_tensor	True	
w67:296	zeros.out	SKIP	NO-CM			False	
w68:202	linear.out	CRASH	NO-CM			False	
w69:131	_fft_r2c	TIMEOUT	CM-QUANT-ONLY		dequantize_per_tensor,quantize_per_tensor	True	
w69:712	where.self	SKIP	CM-QUANT-ONLY		dequantize_per_tensor,quantize_per_tensor	False	
w6:684	arange.start_out	SKIP	CM-QUANT-ONLY		dequantize_per_tensor	False	
w70:524	arange.start_out	SKIP	CM-QUANT-ONLY		dequantize_per_tensor	False	
w71:564	zeros.out	SKIP	NO-CM			False	
w72:508	scatter.src_out	SKIP	CM-QUANT-ONLY		dequantize_per_tensor,quantize_per_tensor	True	
w73:456	_fft_r2c	TIMEOUT	CM-QUANT-ONLY		dequantize_per_tensor,quantize_per_tensor	False	
w74:336	remainder.Scalar_out	MISMATCH	NO-CM			False	
w75:282	arange.out	SKIP	NO-CM			False	
w76:257	max.dim_max	SKIP	NO-CM			False	
w77:183	arange.start_out	SKIP	NO-CM			False	
w78:177	transpose_copy.int	SKIP	CM-COMPUTE	transpose	dequantize_per_tensor,quantize_per_tensor,transpose	False	
w79:155	transpose_copy.int	SKIP	CM-COMPUTE	transpose	dequantize_per_tensor,quantize_per_tensor,transpose	False	
w79:715	copy	SKIP	CM-QUANT-ONLY		dequantize_per_tensor,quantize_per_tensor	True	
w7:583	bitwise_left_shift.Tensor_Scalar	MISMATCH	NO-CM			False	
w80:621	masked_scatter	MISMATCH	CM-QUANT-ONLY		dequantize_per_tensor,quantize_per_tensor	True	
w81:657	arange.start_out	SKIP	NO-CM			False	
w82:707	stack	SKIP	NO-CM			False	
w83:636	where.self	SKIP	CM-QUANT-ONLY		dequantize_per_tensor,quantize_per_tensor	False	
w84:641	linear.out	CRASH	NO-CM			False	
w85:611	where.self	SKIP	CM-QUANT-ONLY		dequantize_per_tensor,quantize_per_tensor	False	
w86:600	remainder.Scalar	MISMATCH	NO-CM			False	
w87:508	stack	SKIP	NO-CM			False	
w88:411	pixel_shuffle	SKIP	CM-COMPUTE	transpose	dequantize_per_tensor,quantize_per_tensor,transpose	False	
w89:345	pixel_unshuffle	SKIP	CM-COMPUTE	transpose	dequantize_per_tensor,quantize_per_tensor,transpose	False	
w8:357	_fft_r2c	TIMEOUT	CM-QUANT-ONLY		dequantize_per_tensor,quantize_per_tensor	False	
w90:345	ones.out	SKIP	CM-QUANT-ONLY		dequantize_per_tensor	False	
w91:344	stack	SKIP	NO-CM			False	
w0:167	pixel_shuffle	SKIP	CM-COMPUTE	transpose	dequantize_per_tensor,quantize_per_tensor,transpose	False	
w100:122	fill.Scalar	MISMATCH	CM-QUANT-ONLY		dequantize_per_tensor,quantize_per_tensor	False	
w101:16	fill.Scalar	MISMATCH	CM-QUANT-ONLY		dequantize_per_tensor,quantize_per_tensor	False	
w101:759	scatter_add.out	SKIP	CM-QUANT-ONLY		dequantize_per_tensor,quantize_per_tensor	True	
w102:648	pixel_shuffle	SKIP	CM-COMPUTE	transpose	dequantize_per_tensor,quantize_per_tensor,transpose	False	
w103:607	arange.out	SKIP	CM-QUANT-ONLY		dequantize_per_tensor	False	
w104:674	where.self	SKIP	CM-QUANT-ONLY		dequantize_per_tensor,quantize_per_tensor	False	
w105:692	ones.out	SKIP	CM-QUANT-ONLY		dequantize_per_tensor	False	
w106:69	_pdist_forward	SKIP	CM-QUANT-ONLY		dequantize_per_tensor,quantize_per_tensor	False	
w107:543	pixel_shuffle	SKIP	CM-COMPUTE	transpose	dequantize_per_tensor,quantize_per_tensor,transpose	False	
w108:454	pixel_shuffle	SKIP	CM-COMPUTE	transpose	dequantize_per_tensor,quantize_per_tensor,transpose	False	
w109:386	pixel_unshuffle	SKIP	CM-COMPUTE	transpose	dequantize_per_tensor,quantize_per_tensor,transpose	False	
w10:522	convolution	SKIP	CM-QUANT-ONLY		dequantize_per_tensor,quantize_per_tensor	False	
w110:495	arange.start_out	SKIP	NO-CM			False	
w111:603	_fft_r2c	TIMEOUT	CM-QUANT-ONLY		dequantize_per_tensor,quantize_per_tensor	False	
w112:553	zeros.out	SKIP	CM-QUANT-ONLY		dequantize_per_tensor	False	
w113:432	arange.out	SKIP	NO-CM			False	
w114:285	scatter_add.out	SKIP	CM-QUANT-ONLY		dequantize_per_tensor,quantize_per_tensor	True	
w115:156	arange.start_out	SKIP	NO-CM			False	
w115:72	fill.Scalar	MISMATCH	CM-QUANT-ONLY		dequantize_per_tensor,quantize_per_tensor	False	
w116:624	_pdist_forward	SKIP	NO-CM			False	
w117:552	pixel_unshuffle	SKIP	CM-COMPUTE	transpose	dequantize_per_tensor,quantize_per_tensor,transpose	False	
w118:517	stack	SKIP	NO-CM			False	
w119:430	bitwise_right_shift.Tensor_Scalar_out	MISMATCH	NO-CM			False	
w11:378	zeros.out	SKIP	CM-QUANT-ONLY		dequantize_per_tensor	False	
w120:32	stack	SKIP	NO-CM			False	
w121:337	full.out	SKIP	CM-QUANT-ONLY		dequantize_per_tensor	False	
w122:209	topk.values	SKIP	CM-QUANT-ONLY		dequantize_per_tensor,quantize_per_tensor	True	
w122:740	fill.Scalar	MISMATCH	CM-QUANT-ONLY		dequantize_per_tensor,quantize_per_tensor	False	
w124:15	_fft_r2c	TIMEOUT	CM-QUANT-ONLY		dequantize_per_tensor,quantize_per_tensor	False	
w124:768	bitwise_right_shift.Tensor_Scalar_out	MISMATCH	NO-CM			False	
w125:718	arange.out	SKIP	CM-QUANT-ONLY		dequantize_per_tensor	False	
w126:739	zeros.out	SKIP	CM-QUANT-ONLY		dequantize_per_tensor	False	
w127:771	scatter.src_out	SKIP	NO-CM			False	
w12:634	arange.start_out	SKIP	NO-CM			False	
w13:572	stack	SKIP	CM-QUANT-ONLY		dequantize_per_tensor,quantize_per_tensor	False	
w14:578	where.self	SKIP	CM-QUANT-ONLY		dequantize_per_tensor,quantize_per_tensor	False	
w15:467	pixel_shuffle	SKIP	CM-COMPUTE	transpose	dequantize_per_tensor,quantize_per_tensor,transpose	False	
w16:374	bitwise_right_shift.Tensor_Scalar_out	MISMATCH	NO-CM			False	
w17:263	_fft_r2c	TIMEOUT	CM-QUANT-ONLY		dequantize_per_tensor,quantize_per_tensor	False	
w18:200	stack	SKIP	NO-CM			False	
w19:174	bitwise_left_shift.Tensor_out	MISMATCH	CM-QUANT-ONLY		dequantize_per_tensor,quantize_per_tensor	False	
w1:121	bitwise_right_shift.Tensor_out	MISMATCH	NO-CM			False	
w20:207	zeros.out	SKIP	NO-CM			False	
w21:182	where.self	SKIP	CM-QUANT-ONLY		dequantize_per_tensor,quantize_per_tensor	False	
w22:1	prod.int_out	MISMATCH	CM-QUANT-ONLY		dequantize_per_tensor,quantize_per_tensor	False	
w22:767	remainder.Tensor_out	MISMATCH	NO-CM			False	
w23:741	_fft_r2c	TIMEOUT	CM-QUANT-ONLY		dequantize_per_tensor,quantize_per_tensor	False	
w24:690	_fft_r2c	TIMEOUT	CM-QUANT-ONLY		dequantize_per_tensor,quantize_per_tensor	False	
w25:608	_fft_r2c	TIMEOUT	CM-QUANT-ONLY		dequantize_per_tensor,quantize_per_tensor	False	
w26:58	remainder.Scalar	MISMATCH	NO-CM			False	
w27:384	floor_divide	MISMATCH	CM-QUANT-ONLY		dequantize_per_tensor,quantize_per_tensor	False	
w28:243	pixel_unshuffle	SKIP	CM-COMPUTE	transpose	dequantize_per_tensor,quantize_per_tensor,transpose	False	
w29:133	bitwise_left_shift.Tensor_out	MISMATCH	CM-QUANT-ONLY		dequantize_per_tensor,quantize_per_tensor	False	
w2:131	pixel_shuffle	SKIP	CM-COMPUTE	transpose	dequantize_per_tensor,quantize_per_tensor,transpose	False	
w30:106	_pdist_forward	SKIP	NO-CM			False	
w30:68	stack	SKIP	NO-CM			False	
w31:657	native_group_norm	SKIP	CM-QUANT-ONLY		dequantize_per_tensor,quantize_per_tensor	False	
w32:659	where.self	SKIP	CM-QUANT-ONLY		dequantize_per_tensor,quantize_per_tensor	False	
w33:468	_pdist_forward	SKIP	CM-QUANT-ONLY		dequantize_per_tensor,quantize_per_tensor	True	
w34:383	_pdist_forward	SKIP	NO-CM			False	
w35:34	ones.out	SKIP	CM-QUANT-ONLY		dequantize_per_tensor	False	
w36:256	ones.out	SKIP	CM-QUANT-ONLY		dequantize_per_tensor	False	
w37:229	_pdist_forward	SKIP	NO-CM			False	
w38:240	_fft_r2c	TIMEOUT	CM-QUANT-ONLY		dequantize_per_tensor,quantize_per_tensor	False	
w39:133	native_group_norm	SKIP	CM-QUANT-ONLY		dequantize_per_tensor,quantize_per_tensor	False	
w39:767	scatter_add.out	SKIP	CM-QUANT-ONLY		dequantize_per_tensor,quantize_per_tensor	True	
w40:146	arange.out	SKIP	NO-CM			False	
w41:164	copy	SKIP	NO-CM			False	
w42:159	stack	SKIP	NO-CM			False	
w42:653	_pdist_forward	SKIP	CM-QUANT-ONLY		dequantize_per_tensor,quantize_per_tensor	True	
w43:656	full.out	SKIP	CM-QUANT-ONLY		dequantize_per_tensor	False	
w44:670	fill.Scalar	MISMATCH	CM-QUANT-ONLY		dequantize_per_tensor,quantize_per_tensor	False	
w45:84	arange.start_out	SKIP	CM-QUANT-ONLY		dequantize_per_tensor	False	
w46:766	arange.start_out	SKIP	NO-CM			False	
w47:682	zeros.out	SKIP	CM-QUANT-ONLY		dequantize_per_tensor	False	
w48:645	stack	SKIP	NO-CM			False	
w49:5	_fft_r2c	TIMEOUT	CM-QUANT-ONLY		dequantize_per_tensor,quantize_per_tensor	False	
w4:382	pixel_unshuffle	SKIP	CM-COMPUTE	transpose	dequantize_per_tensor,quantize_per_tensor,transpose	False	
w50:375	index_put	MISMATCH	CM-QUANT-ONLY		dequantize_per_tensor,quantize_per_tensor	True	
w51:390	pixel_shuffle	SKIP	CM-COMPUTE	transpose	transpose	False	
w52:338	bitwise_left_shift.Tensor_out	MISMATCH	CM-QUANT-ONLY		dequantize_per_tensor,quantize_per_tensor	False	
w53:279	scatter_add.out	SKIP	CM-QUANT-ONLY		dequantize_per_tensor,quantize_per_tensor	True	
w53:76	arange.start_out	SKIP	NO-CM			False	
w54:81	_pdist_forward	SKIP	NO-CM			False	
w55:713	_upsample_bilinear2d_aa.out	MISMATCH	CM-QUANT-ONLY		dequantize_per_tensor,quantize_per_tensor	False	
w56:766	full.out	SKIP	NO-CM			False	
w57:756	linear.out	CRASH	CM-QUANT-ONLY		dequantize_per_tensor,quantize_per_tensor	True	
w58:716	bitwise_left_shift.Tensor_out	MISMATCH	NO-CM			False	
w59:700	zeros.out	SKIP	CM-QUANT-ONLY		dequantize_per_tensor	False	
w5:676	bitwise_right_shift.Tensor_out	MISMATCH	NO-CM			False	
w60:599	pixel_shuffle	SKIP	CM-COMPUTE	transpose	transpose	False	
w61:587	arange.start_out	SKIP	CM-QUANT-ONLY		dequantize_per_tensor	False	
w62:438	gather.out	SKIP	NO-CM			False	
w63:421	_fft_r2c	TIMEOUT	CM-QUANT-ONLY		dequantize_per_tensor,quantize_per_tensor	False	
w64:524	stack	SKIP	NO-CM			False	
w65:52	bitwise_right_shift.Tensor_Scalar	MISMATCH	NO-CM			False	
w66:371	copy	SKIP	CM-QUANT-ONLY		dequantize_per_tensor,quantize_per_tensor	True	
w67:324	_pdist_forward	SKIP	NO-CM			False	
w68:214	full.out	SKIP	CM-QUANT-ONLY		dequantize_per_tensor	False	
w69:132	ones.out	SKIP	CM-QUANT-ONLY		dequantize_per_tensor	False	
w69:73	linear	CRASH	NO-CM			False	
w6:694	permute_copy	SKIP	CM-COMPUTE	transpose	dequantize_per_tensor,quantize_per_tensor,transpose	False	
w70:534	permute_copy	SKIP	CM-COMPUTE	transpose	dequantize_per_tensor,quantize_per_tensor,transpose	False	
w71:589	native_group_norm	SKIP	CM-QUANT-ONLY		dequantize_per_tensor,quantize_per_tensor	False	
w72:516	stack	SKIP	NO-CM			False	
w73:457	ones.out	SKIP	NO-CM			False	
w74:341	arange.start_out	SKIP	CM-QUANT-ONLY		dequantize_per_tensor	False	
w75:3	scatter.src_out	SKIP	CM-QUANT-ONLY		dequantize_per_tensor,quantize_per_tensor	True	
w76:264	native_group_norm	SKIP	CM-QUANT-ONLY		dequantize_per_tensor,quantize_per_tensor	False	
w77:240	index_put	MISMATCH	CM-QUANT-ONLY		dequantize_per_tensor,quantize_per_tensor	True	
w78:184	pixel_shuffle	SKIP	CM-COMPUTE	transpose	dequantize_per_tensor,quantize_per_tensor,transpose	False	
w79:17	index_put	MISMATCH	CM-QUANT-ONLY		dequantize_per_tensor,quantize_per_tensor	True	
w79:716	stack	SKIP	NO-CM			False	
w7:604	pixel_unshuffle	SKIP	CM-COMPUTE	transpose	dequantize_per_tensor,quantize_per_tensor,transpose	False	
w80:634	full.out	SKIP	NO-CM			False	
w81:714	index_put	MISMATCH	CM-QUANT-ONLY		dequantize_per_tensor,quantize_per_tensor	True	
w82:717	zeros.out	SKIP	CM-QUANT-ONLY		dequantize_per_tensor	False	
w83:65	pixel_unshuffle	SKIP	CM-COMPUTE	transpose	dequantize_per_tensor,quantize_per_tensor,transpose	False	
w84:653	full.out	SKIP	NO-CM			False	
w85:633	index_put	MISMATCH	CM-QUANT-ONLY		dequantize_per_tensor,quantize_per_tensor	True	
w86:607	bitwise_left_shift.Tensor_Scalar	MISMATCH	NO-CM			False	
w87:518	zeros.out	SKIP	NO-CM			False	
w88:427	_fft_r2c	TIMEOUT	CM-QUANT-ONLY		dequantize_per_tensor,quantize_per_tensor	False	
w89:386	where.self	SKIP	CM-QUANT-ONLY		dequantize_per_tensor,quantize_per_tensor	True	
w8:358	ones.out	SKIP	NO-CM			False	
w90:385	full.out	SKIP	CM-QUANT-ONLY		dequantize_per_tensor	False	
w91:352	linear	CRASH	NO-CM			False	
w92:328	_fft_r2c	TIMEOUT	CM-QUANT-ONLY		dequantize_per_tensor,quantize_per_tensor	False	
w93:220	_upsample_bilinear2d_aa.out	MISMATCH	CM-QUANT-ONLY		dequantize_per_tensor,quantize_per_tensor	False	
w94:238	arange.out	SKIP	NO-CM			False	
w95:143	zeros.out	SKIP	CM-QUANT-ONLY		dequantize_per_tensor	False	
w95:755	permute_copy	SKIP	CM-COMPUTE	transpose	dequantize_per_tensor,quantize_per_tensor,transpose	False	
w96:689	_fft_r2c	TIMEOUT	CM-QUANT-ONLY		dequantize_per_tensor,quantize_per_tensor	False	
w97:693	arange.start_out	SKIP	CM-QUANT-ONLY		dequantize_per_tensor	False	
w98:682	_pdist_forward	SKIP	NO-CM			False	
w99:528	pixel_shuffle	SKIP	CM-COMPUTE	transpose	dequantize_per_tensor,quantize_per_tensor,transpose	False	
w9:461	arange.start_out	SKIP	CM-QUANT-ONLY		dequantize_per_tensor	False	
w0:187	pixel_unshuffle	SKIP	CM-COMPUTE	transpose	dequantize_per_tensor,quantize_per_tensor,transpose	False	
w100:126	pixel_unshuffle	SKIP	CM-COMPUTE	transpose	dequantize_per_tensor,quantize_per_tensor,transpose	False	
w101:164	scatter.src_out	SKIP	CM-QUANT-ONLY		dequantize_per_tensor,quantize_per_tensor	True	
w101:765	expand_copy	SKIP	CM-QUANT-ONLY		dequantize_per_tensor,quantize_per_tensor	False	
w102:649	scatter_add.out	SKIP	CM-QUANT-ONLY		dequantize_per_tensor,quantize_per_tensor	True	
w103:630	_fft_r2c	TIMEOUT	CM-QUANT-ONLY		dequantize_per_tensor,quantize_per_tensor	False	
w104:691	bitwise_left_shift.Tensor_out	MISMATCH	NO-CM			False	
w105:7	_fft_r2c	TIMEOUT	CM-QUANT-ONLY		dequantize_per_tensor,quantize_per_tensor	False	
w106:700	index_put	MISMATCH	CM-QUANT-ONLY		dequantize_per_tensor,quantize_per_tensor	True	
w107:551	max_pool2d_with_indices_backward.grad_input	MISMATCH	CM-QUANT-ONLY		dequantize_per_tensor,quantize_per_tensor	False	
w108:461	expand_copy	SKIP	NO-CM			False	
w109:4	pixel_unshuffle	SKIP	CM-COMPUTE	transpose	dequantize_per_tensor,quantize_per_tensor,transpose	False	
w10:56	permute_copy	SKIP	CM-COMPUTE	transpose	dequantize_per_tensor,quantize_per_tensor,transpose	False	
w110:530	where.self	SKIP	CM-QUANT-ONLY		dequantize_per_tensor,quantize_per_tensor	False	
w111:604	ones.out	SKIP	NO-CM			False	
w112:578	native_group_norm	SKIP	CM-QUANT-ONLY		dequantize_per_tensor,quantize_per_tensor	False	
w113:455	_fft_r2c	TIMEOUT	CM-QUANT-ONLY		dequantize_per_tensor,quantize_per_tensor	False	
w114:289	bitwise_right_shift.Tensor_Scalar_out	MISMATCH	NO-CM			False	
w115:191	where.self	SKIP	CM-QUANT-ONLY		dequantize_per_tensor,quantize_per_tensor	False	
w115:727	arange.out	SKIP	CM-QUANT-ONLY		dequantize_per_tensor	False	
w116:628	bitwise_right_shift.Tensor_out	MISMATCH	NO-CM			False	
w117:58	_pdist_forward	SKIP	NO-CM			False	
w118:555	_pdist_forward	SKIP	NO-CM			False	
w119:432	expand_copy	SKIP	CM-QUANT-ONLY		dequantize_per_tensor,quantize_per_tensor	False	
w11:394	remainder.Tensor_out	MISMATCH	NO-CM			False	
w120:326	_fft_r2c	TIMEOUT	CM-QUANT-ONLY		dequantize_per_tensor,quantize_per_tensor	False	
w121:359	bitwise_left_shift.Tensor_Scalar	MISMATCH	NO-CM			False	
w122:212	stack	SKIP	NO-CM			False	
w122:744	pixel_unshuffle	SKIP	CM-COMPUTE	transpose	dequantize_per_tensor,quantize_per_tensor,transpose	False	
w124:16	ones.out	SKIP	CM-QUANT-ONLY		dequantize_per_tensor	False	
w124:80	scatter_add.out	SKIP	CM-QUANT-ONLY		dequantize_per_tensor,quantize_per_tensor	True	
w125:733	max_pool2d_with_indices_backward.grad_input	MISMATCH	CM-QUANT-ONLY		dequantize_per_tensor,quantize_per_tensor	False	
w126:757	max.dim_max	SKIP	NO-CM			False	
w127:778	copy	SKIP	CM-QUANT-ONLY		dequantize_per_tensor,quantize_per_tensor	True	
w12:691	index_put	MISMATCH	CM-QUANT-ONLY		dequantize_per_tensor,quantize_per_tensor	True	
w13:582	zeros.out	SKIP	NO-CM			False	
w14:595	bitwise_left_shift.Tensor_out	MISMATCH	CM-QUANT-ONLY		dequantize_per_tensor,quantize_per_tensor	False	
w15:488	remainder.Scalar_out	MISMATCH	NO-CM			False	
w16:389	pixel_unshuffle	SKIP	CM-COMPUTE	transpose	dequantize_per_tensor,quantize_per_tensor,transpose	False	
w17:264	ones.out	SKIP	CM-QUANT-ONLY		dequantize_per_tensor	False	
w18:238	_pdist_forward	SKIP	NO-CM			False	
w19:194	stack	SKIP	NO-CM			False	
w1:122	arange.out	SKIP	CM-QUANT-ONLY		dequantize_per_tensor	False	
w20:235	_pdist_forward	SKIP	NO-CM			False	
w21:216	topk.values	SKIP	CM-QUANT-ONLY		dequantize_per_tensor,quantize_per_tensor	True	
w22:107	pixel_shuffle	SKIP	CM-COMPUTE	transpose	dequantize_per_tensor,quantize_per_tensor,transpose	False	
w22:95	_pdist_forward	SKIP	CM-QUANT-ONLY		dequantize_per_tensor,quantize_per_tensor	False	
w23:751	pixel_unshuffle	SKIP	CM-COMPUTE	transpose	dequantize_per_tensor,quantize_per_tensor,transpose	False	
w24:691	ones.out	SKIP	NO-CM			False	
w25:609	ones.out	SKIP	NO-CM			False	
w26:597	bitwise_left_shift.Tensor_Scalar_out	MISMATCH	NO-CM			False	
w27:389	full.out	SKIP	CM-QUANT-ONLY		dequantize_per_tensor	False	
w28:274	full.out	SKIP	CM-QUANT-ONLY		dequantize_per_tensor	False	
w29:150	topk.values	SKIP	NO-CM			False	
w2:157	arange.start_out	SKIP	CM-QUANT-ONLY		dequantize_per_tensor	False	
w30:111	arange.out	SKIP	NO-CM			False	
w30:686	scatter.value_out	SKIP	CM-QUANT-ONLY		dequantize_per_tensor,quantize_per_tensor	False	
w31:688	_fft_r2c	TIMEOUT	CM-QUANT-ONLY		dequantize_per_tensor,quantize_per_tensor	False	
w32:676	bitwise_left_shift.Tensor_out	MISMATCH	NO-CM			False	
w33:473	arange.out	SKIP	CM-QUANT-ONLY		dequantize_per_tensor	False	
w34:388	arange.out	SKIP	CM-QUANT-ONLY		dequantize_per_tensor	False	
w35:386	where.self	SKIP	CM-QUANT-ONLY		dequantize_per_tensor,quantize_per_tensor	True	
w36:27	_fft_r2c	TIMEOUT	CM-QUANT-ONLY		dequantize_per_tensor,quantize_per_tensor	False	
w37:257	_fft_r2c	TIMEOUT	CM-QUANT-ONLY		dequantize_per_tensor,quantize_per_tensor	False	
w38:241	ones.out	SKIP	CM-QUANT-ONLY		dequantize_per_tensor	False	
w39:136	minimum.out	SKIP	CM-COMPUTE	minimum	minimum	False	
w39:82	pixel_shuffle	SKIP	CM-COMPUTE	transpose	dequantize_per_tensor,quantize_per_tensor,transpose	False	
w40:153	pixel_shuffle	SKIP	CM-COMPUTE	transpose	dequantize_per_tensor,quantize_per_tensor,transpose	False	
w41:165	stack	SKIP	NO-CM			False	
w42:169	zeros.out	SKIP	CM-QUANT-ONLY		dequantize_per_tensor	False	
w42:658	arange.out	SKIP	CM-QUANT-ONLY		dequantize_per_tensor	False	
w43:705	arange.start_out	SKIP	CM-QUANT-ONLY		dequantize_per_tensor	False	
w44:674	pixel_unshuffle	SKIP	CM-COMPUTE	transpose	dequantize_per_tensor,quantize_per_tensor,transpose	False	
w46:154	stack	SKIP	NO-CM			False	
w46:82	arange.start_out	SKIP	NO-CM			False	
w47:707	native_group_norm	SKIP	CM-QUANT-ONLY		dequantize_per_tensor,quantize_per_tensor	False	
w48:653	linear	CRASH	NO-CM			False	
w49:526	scatter_add.out	SKIP	CM-QUANT-ONLY		dequantize_per_tensor,quantize_per_tensor	True	
w4:388	arange.start_out	SKIP	NO-CM			False	
w50:382	scatter.src_out	SKIP	CM-QUANT-ONLY		dequantize_per_tensor,quantize_per_tensor	True	
w51:416	arange.start_out	SKIP	CM-QUANT-ONLY		dequantize_per_tensor	False	
w52:343	index_put	MISMATCH	CM-QUANT-ONLY		dequantize_per_tensor,quantize_per_tensor	True	
w53:298	pixel_unshuffle	SKIP	CM-COMPUTE	transpose	dequantize_per_tensor,quantize_per_tensor,transpose	False	
w53:760	arange.start_out	SKIP	NO-CM			False	
w54:86	arange.out	SKIP	NO-CM			False	
w55:727	masked_scatter	MISMATCH	CM-QUANT-ONLY		dequantize_per_tensor,quantize_per_tensor	True	
w56:82	full.out	SKIP	CM-QUANT-ONLY		dequantize_per_tensor	False	
w57:768	full.out	SKIP	NO-CM			False	
w58:728	scatter.src_out	SKIP	CM-QUANT-ONLY		dequantize_per_tensor,quantize_per_tensor	True	
w59:702	logit	MISMATCH	CM-QUANT-ONLY		dequantize_per_tensor,quantize_per_tensor	False	
w5:677	arange.out	SKIP	CM-QUANT-ONLY		dequantize_per_tensor	False	
w60:615	_fft_r2c	TIMEOUT	CM-QUANT-ONLY		dequantize_per_tensor,quantize_per_tensor	False	
w61:597	permute_copy	MISMATCH	CM-COMPUTE	transpose	dequantize_per_tensor,quantize_per_tensor,transpose	False	
w62:501	scatter.src_out	SKIP	CM-QUANT-ONLY		dequantize_per_tensor,quantize_per_tensor	True	
w63:427	fill.Scalar	MISMATCH	CM-QUANT-ONLY		dequantize_per_tensor,quantize_per_tensor	False	
w64:550	remainder.Tensor_out	MISMATCH	NO-CM			False	
w65:558	pow.Scalar_out	MISMATCH	NO-CM			False	
w66:372	stack	SKIP	NO-CM			False	
w67:329	arange.out	SKIP	CM-QUANT-ONLY		dequantize_per_tensor	False	
w68:244	expand_copy	SKIP	NO-CM			False	
w69:137	fill.Scalar	MISMATCH	CM-QUANT-ONLY		dequantize_per_tensor,quantize_per_tensor	False	
w69:749	stack	SKIP	NO-CM			False	
w6:709	native_group_norm	SKIP	CM-QUANT-ONLY		dequantize_per_tensor,quantize_per_tensor	False	
w70:559	where.self	SKIP	CM-QUANT-ONLY		dequantize_per_tensor,quantize_per_tensor	False	
w71:592	_pdist_forward	SKIP	CM-QUANT-ONLY		dequantize_per_tensor,quantize_per_tensor	False	
w72:526	zeros.out	SKIP	CM-QUANT-ONLY		dequantize_per_tensor	False	
w73:497	full.out	SKIP	CM-QUANT-ONLY		dequantize_per_tensor	False	
w74:366	native_group_norm	SKIP	CM-QUANT-ONLY		dequantize_per_tensor,quantize_per_tensor	False	
w75:305	_fft_r2c	TIMEOUT	CM-QUANT-ONLY		dequantize_per_tensor,quantize_per_tensor	False	
w76:272	arange.out	SKIP	CM-QUANT-ONLY		dequantize_per_tensor	False	
w77:247	scatter.src_out	SKIP	CM-QUANT-ONLY		dequantize_per_tensor,quantize_per_tensor	True	
w78:189	bitwise_right_shift.Tensor_Scalar_out	MISMATCH	NO-CM			False	
w79:188	arange.start_out	SKIP	NO-CM			False	
w79:724	linear	CRASH	NO-CM			False	
w7:64	_fft_r2c	TIMEOUT	CM-QUANT-ONLY		dequantize_per_tensor,quantize_per_tensor	False	
w80:649	remainder.Scalar	MISMATCH	NO-CM			False	
w81:728	copy	SKIP	NO-CM			False	
w82:73	pixel_shuffle	SKIP	CM-COMPUTE	transpose	dequantize_per_tensor,quantize_per_tensor,transpose	False	
w83:653	bitwise_left_shift.Tensor_out	MISMATCH	NO-CM			False	
w84:676	pixel_shuffle	SKIP	CM-COMPUTE	transpose	dequantize_per_tensor,quantize_per_tensor,transpose	False	
w85:647	copy	SKIP	NO-CM			False	
w86:615	expand_copy	SKIP	NO-CM			False	
w87:52	stack	SKIP	NO-CM			False	
w88:428	ones.out	SKIP	NO-CM			False	
w89:408	index_put	MISMATCH	CM-QUANT-ONLY		dequantize_per_tensor,quantize_per_tensor	True	
w8:367	pixel_unshuffle	SKIP	CM-COMPUTE	transpose	dequantize_per_tensor,quantize_per_tensor,transpose	False	
w90:407	bitwise_left_shift.Tensor_Scalar	MISMATCH	NO-CM			False	
w91:354	zeros.out	SKIP	CM-QUANT-ONLY		dequantize_per_tensor	False	
w92:329	ones.out	SKIP	NO-CM			False	
w93:235	linear.out	CRASH	NO-CM			False	
w94:261	_fft_r2c	TIMEOUT	CM-QUANT-ONLY		dequantize_per_tensor,quantize_per_tensor	False	
w95:159	remainder.Tensor_out	MISMATCH	NO-CM			False	
w95:765	convolution	SKIP	CM-QUANT-ONLY		dequantize_per_tensor,quantize_per_tensor	False	
w96:690	ones.out	SKIP	NO-CM			False	
w97:703	permute_copy	SKIP	CM-COMPUTE	transpose	dequantize_per_tensor,quantize_per_tensor,transpose	False	
w98:694	pixel_shuffle	SKIP	CM-COMPUTE	transpose	transpose	False	
w99:535	expand_copy	SKIP	NO-CM			False	
w9:486	native_group_norm	SKIP	CM-QUANT-ONLY		dequantize_per_tensor,quantize_per_tensor	False	
w0:228	where.self	SKIP	CM-QUANT-ONLY		dequantize_per_tensor,quantize_per_tensor	False	
w100:13	where.self	SKIP	CM-QUANT-ONLY		dequantize_per_tensor,quantize_per_tensor	True	
w101:171	copy	SKIP	CM-QUANT-ONLY		dequantize_per_tensor,quantize_per_tensor	False	
w101:778	pixel_unshuffle	SKIP	CM-COMPUTE	transpose	transpose	False	
w102:674	arange.start_out	SKIP	NO-CM			False	
w103:631	ones.out	SKIP	NO-CM			False	
w104:696	index_put	MISMATCH	CM-QUANT-ONLY		dequantize_per_tensor,quantize_per_tensor	True	
w105:701	pixel_unshuffle	SKIP	CM-COMPUTE	transpose	dequantize_per_tensor,quantize_per_tensor,transpose	False	
w106:715	stack	SKIP	NO-CM			False	
w107:559	_fft_r2c	TIMEOUT	CM-QUANT-ONLY		dequantize_per_tensor,quantize_per_tensor	False	
w108:480	arange.start_out	SKIP	CM-QUANT-ONLY		dequantize_per_tensor	False	
w109:447	expand_copy	SKIP	CM-QUANT-ONLY		dequantize_per_tensor,quantize_per_tensor	False	
w10:573	copy	SKIP	NO-CM			False	
w110:552	index_put	MISMATCH	CM-QUANT-ONLY		dequantize_per_tensor,quantize_per_tensor	True	
w111:644	full.out	SKIP	NO-CM			False	
w112:585	bitwise_right_shift.Tensor_out	MISMATCH	NO-CM			False	
w113:456	ones.out	SKIP	CM-QUANT-ONLY		dequantize_per_tensor	False	
w114:291	expand_copy	SKIP	CM-QUANT-ONLY		dequantize_per_tensor,quantize_per_tensor	True	
w115:213	index_put	MISMATCH	CM-QUANT-ONLY		dequantize_per_tensor,quantize_per_tensor	True	
w115:750	_fft_r2c	TIMEOUT	CM-QUANT-ONLY		dequantize_per_tensor,quantize_per_tensor	True	
w116:629	arange.out	SKIP	NO-CM			False	
w117:583	full.out	SKIP	NO-CM			False	
w118:560	arange.out	SKIP	CM-QUANT-ONLY		dequantize_per_tensor	False	
w119:44	bitwise_left_shift.Tensor_Scalar_out	MISMATCH	NO-CM			False	
w11:406	_pdist_forward	SKIP	NO-CM			False	
w120:327	ones.out	SKIP	CM-QUANT-ONLY		dequantize_per_tensor	False	
w121:360	pixel_shuffle	SKIP	CM-COMPUTE	transpose	dequantize_per_tensor,quantize_per_tensor,transpose	False	
w122:22	_pdist_forward	SKIP	NO-CM			False	
w122:758	bitwise_right_shift.Tensor_Scalar	MISMATCH	NO-CM			False	
w124:176	copy	SKIP	CM-QUANT-ONLY		dequantize_per_tensor,quantize_per_tensor	True	
w124:86	expand_copy	SKIP	NO-CM			False	
w125:741	_fft_r2c	TIMEOUT	CM-QUANT-ONLY		dequantize_per_tensor,quantize_per_tensor	False	
w126:772	arange.out	SKIP	NO-CM			False	
w127:80	index_put	MISMATCH	CM-QUANT-ONLY		dequantize_per_tensor,quantize_per_tensor	True	
w12:7	index_put	MISMATCH	CM-QUANT-ONLY		dequantize_per_tensor,quantize_per_tensor	True	
w13:598	remainder.Tensor_out	MISMATCH	NO-CM			False	
w14:600	index_put	MISMATCH	CM-QUANT-ONLY		dequantize_per_tensor,quantize_per_tensor	True	
w15:493	arange.start_out	SKIP	NO-CM			False	
w16:395	arange.start_out	SKIP	CM-QUANT-ONLY		dequantize_per_tensor	False	
w17:269	fill.Scalar	MISMATCH	CM-QUANT-ONLY		dequantize_per_tensor,quantize_per_tensor	False	
w18:243	arange.out	SKIP	NO-CM			False	
w19:204	zeros.out	SKIP	CM-QUANT-ONLY		dequantize_per_tensor	False	
w1:145	_fft_r2c	CRASH	CM-QUANT-ONLY		dequantize_per_tensor,quantize_per_tensor	False	
w20:240	arange.out	SKIP	CM-QUANT-ONLY		dequantize_per_tensor	False	
w21:219	stack	SKIP	NO-CM			False	
w22:115	max_pool2d_with_indices_backward.grad_input	MISMATCH	CM-QUANT-ONLY		dequantize_per_tensor,quantize_per_tensor	False	
w23:1	zeros.out	SKIP	NO-CM			False	
w23:81	bitwise_right_shift.Tensor_Scalar	MISMATCH	NO-CM			False	
w24:7	ones.out	SKIP	NO-CM			False	
w25:614	fill.Scalar	MISMATCH	CM-QUANT-ONLY		dequantize_per_tensor,quantize_per_tensor	False	
w26:601	div.out_mode	MISMATCH	CM-QUANT-ONLY		dequantize_per_tensor,quantize_per_tensor	True	
w27:404	remainder.Scalar	MISMATCH	NO-CM			False	
w28:304	expand_copy	SKIP	NO-CM			False	
w29:153	stack	SKIP	NO-CM			False	
w2:192	where.self	SKIP	CM-QUANT-ONLY		dequantize_per_tensor,quantize_per_tensor	False	
w30:118	pixel_shuffle	SKIP	CM-COMPUTE	transpose	dequantize_per_tensor,quantize_per_tensor,transpose	False	
w30:690	permute_copy	SKIP	CM-COMPUTE	transpose	dequantize_per_tensor,quantize_per_tensor,transpose	False	
w31:689	ones.out	SKIP	NO-CM			False	
w32:681	index_put	MISMATCH	CM-QUANT-ONLY		dequantize_per_tensor,quantize_per_tensor	True	
w33:480	pixel_shuffle	SKIP	CM-COMPUTE	transpose	dequantize_per_tensor,quantize_per_tensor,transpose	False	
w34:411	_fft_r2c	TIMEOUT	CM-QUANT-ONLY		dequantize_per_tensor,quantize_per_tensor	True	
w35:39	fill.Scalar	MISMATCH	CM-QUANT-ONLY		dequantize_per_tensor,quantize_per_tensor	False	
w36:28	ones.out	SKIP	NO-CM			False	
w37:258	ones.out	SKIP	CM-QUANT-ONLY		dequantize_per_tensor	False	
w38:246	fill.Scalar	MISMATCH	CM-QUANT-ONLY		dequantize_per_tensor,quantize_per_tensor	True	
w39:143	where.self	SKIP	CM-QUANT-ONLY		dequantize_per_tensor,quantize_per_tensor	False	
w39:89	expand_copy	SKIP	CM-QUANT-ONLY		dequantize_per_tensor,quantize_per_tensor	False	
w40:169	_fft_r2c	TIMEOUT	CM-QUANT-ONLY		dequantize_per_tensor,quantize_per_tensor	False	
w41:175	zeros.out	SKIP	CM-QUANT-ONLY		dequantize_per_tensor	False	
w42:187	max.dim_max	SKIP	NO-CM			False	
w42:665	pixel_shuffle	SKIP	CM-COMPUTE	transpose	dequantize_per_tensor,quantize_per_tensor,transpose	False	
w43:73	bitwise_left_shift.Tensor_out	MISMATCH	NO-CM			False	
w44:688	bitwise_right_shift.Tensor_Scalar	MISMATCH	NO-CM			False	
w46:164	zeros.out	SKIP	NO-CM			False	
w47:138	pixel_unshuffle	SKIP	CM-COMPUTE	transpose	dequantize_per_tensor,quantize_per_tensor,transpose	False	
w47:710	_pdist_forward	SKIP	NO-CM			False	
w48:655	zeros.out	SKIP	CM-QUANT-ONLY		dequantize_per_tensor	False	
w49:551	arange.start_out	SKIP	CM-QUANT-ONLY		dequantize_per_tensor	False	
w4:4	stack	SKIP	CM-QUANT-ONLY		dequantize_per_tensor,quantize_per_tensor	False	
w50:387	topk.values	SKIP	NO-CM			False	
w51:42	zeros.out	SKIP	CM-QUANT-ONLY		dequantize_per_tensor	False	
w52:358	stack	SKIP	NO-CM			False	
w53:304	arange.start_out	SKIP	CM-QUANT-ONLY		dequantize_per_tensor	False	
w54:101	max_pool2d_with_indices_backward.grad_input	MISMATCH	CM-QUANT-ONLY		dequantize_per_tensor,quantize_per_tensor	False	
w55:105	arange.start_out	SKIP	CM-QUANT-ONLY		dequantize_per_tensor	False	
w55:740	full.out	SKIP	NO-CM			False	
w57:127	pixel_unshuffle	SKIP	CM-COMPUTE	transpose	dequantize_per_tensor,quantize_per_tensor,transpose	False	
w57:84	full.out	SKIP	NO-CM			False	
w58:736	stack	SKIP	NO-CM			False	
w59:72	_fft_r2c	TIMEOUT	CM-QUANT-ONLY		dequantize_per_tensor,quantize_per_tensor	False	
w5:684	pixel_shuffle	SKIP	CM-COMPUTE	transpose	transpose	False	
w60:616	ones.out	SKIP	CM-QUANT-ONLY		dequantize_per_tensor	False	
w61:612	native_group_norm	SKIP	CM-QUANT-ONLY		dequantize_per_tensor,quantize_per_tensor	False	
w62:509	stack	SKIP	NO-CM			False	
w63:462	full.out	SKIP	NO-CM			False	
w64:562	_pdist_forward	SKIP	CM-QUANT-ONLY		dequantize_per_tensor,quantize_per_tensor	False	
w65:574	arange.start_out	SKIP	NO-CM			False	
w66:382	zeros.out	SKIP	NO-CM			False	
w67:352	_fft_r2c	TIMEOUT	CM-QUANT-ONLY		dequantize_per_tensor,quantize_per_tensor	False	
w68:263	arange.start_out	SKIP	CM-QUANT-ONLY		dequantize_per_tensor	False	
w69:141	pixel_unshuffle	SKIP	CM-COMPUTE	transpose	dequantize_per_tensor,quantize_per_tensor,transpose	False	
w69:759	zeros.out	SKIP	CM-QUANT-ONLY		dequantize_per_tensor	False	
w6:71	copy	SKIP	CM-QUANT-ONLY		dequantize_per_tensor,quantize_per_tensor	True	
w70:573	bitwise_left_shift.Tensor_Scalar_out	MISMATCH	NO-CM			False	
w71:620	_fft_r2c	TIMEOUT	CM-QUANT-ONLY		dequantize_per_tensor,quantize_per_tensor	False	
w72:551	native_group_norm	SKIP	CM-QUANT-ONLY		dequantize_per_tensor,quantize_per_tensor	False	
w73:520	pixel_shuffle	SKIP	CM-COMPUTE	transpose	dequantize_per_tensor,quantize_per_tensor,transpose	False	
w74:393	bitwise_left_shift.Tensor_out	MISMATCH	CM-QUANT-ONLY		dequantize_per_tensor,quantize_per_tensor	False	
w75:306	ones.out	SKIP	CM-QUANT-ONLY		dequantize_per_tensor	False	
w76:29	max.dim_max	SKIP	NO-CM			False	
w77:252	topk.values	SKIP	NO-CM			False	
w78:191	expand_copy	SKIP	NO-CM			False	
w79:189	gather.out	SKIP	CM-QUANT-ONLY		dequantize_per_tensor,quantize_per_tensor	True	
w79:726	zeros.out	SKIP	CM-QUANT-ONLY		dequantize_per_tensor	False	
w7:667	index_put	MISMATCH	CM-QUANT-ONLY		dequantize_per_tensor,quantize_per_tensor	True	
w80:657	pixel_shuffle	SKIP	CM-COMPUTE	transpose	dequantize_per_tensor,quantize_per_tensor,transpose	False	
w81:729	stack	SKIP	NO-CM			False	
w82:745	_pdist_forward	SKIP	NO-CM			False	
w83:672	copy	SKIP	CM-QUANT-ONLY		dequantize_per_tensor,quantize_per_tensor	False	
w84:683	expand_copy	SKIP	NO-CM			False	
w85:648	stack	SKIP	CM-QUANT-ONLY		dequantize_per_tensor,quantize_per_tensor	False	
w86:634	arange.start_out	SKIP	CM-QUANT-ONLY		dequantize_per_tensor	False	
w87:520	logit	MISMATCH	CM-QUANT-ONLY		dequantize_per_tensor,quantize_per_tensor	False	
w88:430	logical_and.out	MISMATCH	CM-QUANT-ONLY		dequantize_per_tensor,quantize_per_tensor	True	
w89:423	stack	SKIP	NO-CM			False	
w8:381	bitwise_right_shift.Tensor_Scalar	MISMATCH	NO-CM			False	
w90:408	pixel_shuffle	SKIP	CM-COMPUTE	transpose	dequantize_per_tensor,quantize_per_tensor,transpose	False	
w91:382	_pdist_forward	SKIP	NO-CM			False	
w92:334	fill.Scalar	MISMATCH	CM-QUANT-ONLY		dequantize_per_tensor,quantize_per_tensor	False	
w93:247	full.out	SKIP	NO-CM			False	
w94:262	ones.out	SKIP	CM-QUANT-ONLY		dequantize_per_tensor	False	
w95:176	arange.out	SKIP	CM-QUANT-ONLY		dequantize_per_tensor	False	
w95:773	minimum.out	SKIP	CM-COMPUTE	minimum	minimum	False	
w96:713	bitwise_right_shift.Tensor_Scalar	MISMATCH	NO-CM			False	
w97:728	where.self	SKIP	CM-QUANT-ONLY		dequantize_per_tensor,quantize_per_tensor	False	
w98:702	max_pool2d_with_indices_backward.grad_input	MISMATCH	CM-QUANT-ONLY		dequantize_per_tensor,quantize_per_tensor	False	
w99:548	pixel_unshuffle	SKIP	CM-COMPUTE	transpose	dequantize_per_tensor,quantize_per_tensor,transpose	False	
w9:496	where.self	MISMATCH	CM-QUANT-ONLY		dequantize_per_tensor,quantize_per_tensor	False	
w0:264	copy	SKIP	CM-QUANT-ONLY		dequantize_per_tensor,quantize_per_tensor	False	
w100:145	linear.out	CRASH	NO-CM			False	
w101:172	stack	SKIP	NO-CM			False	
w101:81	expand_copy	SKIP	CM-QUANT-ONLY		dequantize_per_tensor,quantize_per_tensor	False	
w102:709	where.self	SKIP	CM-QUANT-ONLY		dequantize_per_tensor,quantize_per_tensor	False	
w103:636	fill.Scalar	MISMATCH	CM-QUANT-ONLY		dequantize_per_tensor,quantize_per_tensor	False	
w104:70	arange.out	SKIP	CM-QUANT-ONLY		dequantize_per_tensor	False	
w105:71	pixel_shuffle	SKIP	CM-COMPUTE	transpose	dequantize_per_tensor,quantize_per_tensor,transpose	False	
w106:725	zeros.out	SKIP	NO-CM			False	
w107:560	ones.out	SKIP	NO-CM			False	
w108:490	permute_copy	SKIP	CM-COMPUTE	transpose	dequantize_per_tensor,quantize_per_tensor,transpose	False	
w109:518	bitwise_left_shift.Tensor_out	MISMATCH	CM-QUANT-ONLY		dequantize_per_tensor,quantize_per_tensor	False	
w10:574	stack	SKIP	NO-CM			False	
w110:567	stack	SKIP	NO-CM			False	
w111:659	remainder.Scalar	MISMATCH	NO-CM			False	
w112:586	arange.out	SKIP	NO-CM			False	
w113:465	pixel_unshuffle	SKIP	CM-COMPUTE	transpose	dequantize_per_tensor,quantize_per_tensor,transpose	False	
w114:359	bitwise_left_shift.Tensor_Scalar_out	MISMATCH	NO-CM			False	
w115:220	scatter.src_out	SKIP	CM-QUANT-ONLY		dequantize_per_tensor,quantize_per_tensor	False	
w115:751	ones.out	SKIP	CM-QUANT-ONLY		dequantize_per_tensor	False	
w116:636	pixel_shuffle	SKIP	CM-COMPUTE	transpose	dequantize_per_tensor,quantize_per_tensor,transpose	False	
w117:606	pixel_shuffle	SKIP	CM-COMPUTE	transpose	dequantize_per_tensor,quantize_per_tensor,transpose	False	
w118:583	_fft_r2c	TIMEOUT	CM-QUANT-ONLY		dequantize_per_tensor,quantize_per_tensor	False	
w119:457	scatter.value_out	SKIP	CM-QUANT-ONLY		dequantize_per_tensor,quantize_per_tensor	False	
w11:410	bitwise_right_shift.Tensor_out	MISMATCH	NO-CM			False	
w120:332	fill.Scalar	MISMATCH	CM-QUANT-ONLY		dequantize_per_tensor,quantize_per_tensor	True	
w121:367	expand_copy	SKIP	CM-QUANT-ONLY		dequantize_per_tensor,quantize_per_tensor	True	
w122:238	remainder.Tensor_out	MISMATCH	CM-QUANT-ONLY		dequantize_per_tensor,quantize_per_tensor	False	
w122:775	full.out	SKIP	CM-QUANT-ONLY		dequantize_per_tensor	False	
w124:177	stack	SKIP	NO-CM			False	
w124:99	pixel_unshuffle	SKIP	CM-COMPUTE	transpose	dequantize_per_tensor,quantize_per_tensor,transpose	False	
w125:742	ones.out	SKIP	CM-QUANT-ONLY		dequantize_per_tensor	False	
w126:779	pixel_shuffle	SKIP	CM-COMPUTE	transpose	transpose	False	
w127:95	stack	SKIP	NO-CM			False	
w12:705	copy	SKIP	CM-QUANT-ONLY		dequantize_per_tensor,quantize_per_tensor	False	
w13:615	arange.out	SKIP	CM-QUANT-ONLY		dequantize_per_tensor	False	
w14:614	copy	SKIP	CM-QUANT-ONLY		dequantize_per_tensor,quantize_per_tensor	True	
w15:521	minimum.out	SKIP	CM-COMPUTE	minimum	minimum	False	
w16:405	permute_copy	SKIP	CM-COMPUTE	transpose	dequantize_per_tensor,quantize_per_tensor,transpose	False	
w17:273	pixel_unshuffle	SKIP	CM-COMPUTE	transpose	dequantize_per_tensor,quantize_per_tensor,transpose	False	
w18:266	_fft_r2c	TIMEOUT	CM-QUANT-ONLY		dequantize_per_tensor,quantize_per_tensor	False	
w19:229	native_group_norm	SKIP	CM-QUANT-ONLY		dequantize_per_tensor,quantize_per_tensor	False	
w1:146	ones.out	SKIP	NO-CM			False	
w20:255	max_pool2d_with_indices_backward.grad_input	MISMATCH	CM-QUANT-ONLY		dequantize_per_tensor,quantize_per_tensor	False	
w21:229	zeros.out	SKIP	CM-QUANT-ONLY		dequantize_per_tensor	False	
w22:123	_fft_r2c	TIMEOUT	CM-QUANT-ONLY		dequantize_per_tensor,quantize_per_tensor	False	
w23:126	bitwise_right_shift.Tensor_Scalar_out	MISMATCH	NO-CM			False	
w23:93	floor_divide	MISMATCH	CM-QUANT-ONLY		dequantize_per_tensor,quantize_per_tensor	False	
w24:70	pixel_shuffle	SKIP	CM-COMPUTE	transpose	dequantize_per_tensor,quantize_per_tensor,transpose	False	
w25:632	bitwise_right_shift.Tensor_Scalar	MISMATCH	NO-CM			False	
w26:605	index_put	MISMATCH	CM-QUANT-ONLY		dequantize_per_tensor,quantize_per_tensor	True	
w27:413	scatter_add.out	SKIP	CM-QUANT-ONLY		dequantize_per_tensor,quantize_per_tensor	False	
w28:317	pixel_unshuffle	SKIP	CM-COMPUTE	transpose	dequantize_per_tensor,quantize_per_tensor,transpose	False	
w29:163	zeros.out	SKIP	CM-QUANT-ONLY		dequantize_per_tensor	False	
w2:229	stack	SKIP	NO-CM			False	
w30:134	_fft_r2c	TIMEOUT	CM-QUANT-ONLY		dequantize_per_tensor,quantize_per_tensor	False	
w30:752	stack	SKIP	NO-CM			False	
w31:694	fill.Scalar	MISMATCH	CM-QUANT-ONLY		dequantize_per_tensor,quantize_per_tensor	False	
w32:695	copy	SKIP	NO-CM			False	
w33:488	max_pool2d_with_indices_backward.grad_input	MISMATCH	CM-QUANT-ONLY		dequantize_per_tensor,quantize_per_tensor	False	
w34:421	pixel_unshuffle	SKIP	CM-COMPUTE	transpose	dequantize_per_tensor,quantize_per_tensor,transpose	False	
w35:400	bitwise_left_shift.Tensor_Scalar_out	MISMATCH	NO-CM			False	
w36:296	full.out	SKIP	CM-QUANT-ONLY		dequantize_per_tensor	False	
w37:263	fill.Scalar	MISMATCH	CM-QUANT-ONLY		dequantize_per_tensor,quantize_per_tensor	True	
w38:250	pixel_unshuffle	SKIP	CM-COMPUTE	transpose	dequantize_per_tensor,quantize_per_tensor,transpose	False	
w39:18	_fft_r2c	TIMEOUT	CM-QUANT-ONLY		dequantize_per_tensor,quantize_per_tensor	False	
w3:105	remainder.Tensor_out	MISMATCH	CM-QUANT-ONLY		dequantize_per_tensor,quantize_per_tensor	False	
w40:170	ones.out	SKIP	NO-CM			False	
w41:231	_fft_r2c	TIMEOUT	CM-QUANT-ONLY		dequantize_per_tensor,quantize_per_tensor	False	
w42:194	native_group_norm	SKIP	CM-QUANT-ONLY		dequantize_per_tensor,quantize_per_tensor	False	
w42:681	_fft_r2c	TIMEOUT	CM-QUANT-ONLY		dequantize_per_tensor,quantize_per_tensor	False	
w43:740	where.self	SKIP	CM-QUANT-ONLY		dequantize_per_tensor,quantize_per_tensor	False	
w44:705	full.out	SKIP	CM-QUANT-ONLY		dequantize_per_tensor	False	
w46:192	_pdist_forward	SKIP	NO-CM			False	
w47:144	arange.start_out	SKIP	NO-CM			False	
w47:715	arange.out	SKIP	CM-QUANT-ONLY		dequantize_per_tensor	False	
w48:671	remainder.Tensor_out	MISMATCH	NO-CM			False	
w49:579	minimum.out	SKIP	CM-COMPUTE	minimum	minimum	False	
w4:413	native_group_norm	SKIP	CM-QUANT-ONLY		dequantize_per_tensor,quantize_per_tensor	False	
w50:389	copy	SKIP	CM-QUANT-ONLY		dequantize_per_tensor,quantize_per_tensor	True	
w51:473	index_put	MISMATCH	CM-QUANT-ONLY		dequantize_per_tensor,quantize_per_tensor	True	
w52:368	zeros.out	SKIP	CM-QUANT-ONLY		dequantize_per_tensor	False	
w53:310	scatter.value_out	SKIP	CM-QUANT-ONLY		dequantize_per_tensor,quantize_per_tensor	False	
w54:109	_fft_r2c	TIMEOUT	CM-QUANT-ONLY		dequantize_per_tensor,quantize_per_tensor	False	
w55:15	_fft_r2c	TIMEOUT	CM-QUANT-ONLY		dequantize_per_tensor,quantize_per_tensor	False	
w55:84	bitwise_right_shift.Tensor_Scalar_out	MISMATCH	NO-CM			False	
w57:139	scatter.value_out	SKIP	CM-QUANT-ONLY		dequantize_per_tensor,quantize_per_tensor	False	
w105:635	zeros.out	SKIP	CM-QUANT-ONLY		dequantize_per_tensor	False	
w125:262	arange.out	SKIP	CM-QUANT-ONLY		dequantize_per_tensor	False	
w19:122	arange.start_out	SKIP	CM-QUANT-ONLY		dequantize_per_tensor	False	
w26:678	max_pool2d_with_indices_backward.grad_input	MISMATCH	CM-QUANT-ONLY		dequantize_per_tensor,quantize_per_tensor	False	
w32:535	ones.out	SKIP	CM-QUANT-ONLY		dequantize_per_tensor	False	
w38:401	copy	SKIP	CM-QUANT-ONLY		dequantize_per_tensor,quantize_per_tensor	True	
w44:142	stack	SKIP	NO-CM			False	
w4:498	_pdist_forward	SKIP	CM-QUANT-ONLY		dequantize_per_tensor,quantize_per_tensor	False	
w56:125	pixel_unshuffle	SKIP	CM-COMPUTE	transpose	dequantize_per_tensor,quantize_per_tensor,transpose	False	
w5:644	zeros.out	SKIP	NO-CM			False	
w63:611	max.dim_max	SKIP	NO-CM			False	
w67:752	zeros.out	SKIP	NO-CM			False	
w70:576	bitwise_left_shift.Tensor_out	MISMATCH	CM-QUANT-ONLY		dequantize_per_tensor,quantize_per_tensor	False	
w74:398	index_put	MISMATCH	CM-QUANT-ONLY		dequantize_per_tensor,quantize_per_tensor	True	
w78:204	pixel_unshuffle	SKIP	CM-COMPUTE	transpose	dequantize_per_tensor,quantize_per_tensor,transpose	False	
w80:512	index_put	MISMATCH	CM-QUANT-ONLY		dequantize_per_tensor,quantize_per_tensor	True	
w84:100	zeros.out	SKIP	CM-QUANT-ONLY		dequantize_per_tensor	False	
w87:558	pixel_shuffle	SKIP	CM-COMPUTE	transpose	dequantize_per_tensor,quantize_per_tensor,transpose	False	
w90:316	_pdist_forward	SKIP	CM-QUANT-ONLY		dequantize_per_tensor,quantize_per_tensor	True	
w93:41	bitwise_left_shift.Tensor_Scalar	MISMATCH	NO-CM			False	
w96:655	div.Scalar	MISMATCH	CM-QUANT-ONLY		dequantize_per_tensor,quantize_per_tensor	False	
w99:634	linear	CRASH	NO-CM			False	
w123:307	native_group_norm	SKIP	CM-QUANT-ONLY		dequantize_per_tensor,quantize_per_tensor	False	
w17:425	stack	SKIP	NO-CM			False	
w25:649	full.out	SKIP	NO-CM			False	
w31:524	pixel_shuffle	SKIP	CM-COMPUTE	transpose	dequantize_per_tensor,quantize_per_tensor,transpose	False	
w37:477	max_pool2d_with_indices_backward.grad_input	MISMATCH	CM-QUANT-ONLY		dequantize_per_tensor,quantize_per_tensor	False	
w43:103	zeros.out	SKIP	CM-QUANT-ONLY		dequantize_per_tensor	False	
w49:661	_pdist_forward	SKIP	NO-CM			False	
w55:176	copy	SKIP	NO-CM			False	
w59:780	bitwise_right_shift.Tensor_Scalar	MISMATCH	NO-CM			False	
w63:21	remainder.Scalar	MISMATCH	NO-CM			False	
w67:353	ones.out	SKIP	CM-QUANT-ONLY		dequantize_per_tensor	False	
w70:137	topk.values	SKIP	NO-CM			False	
w73:64	pixel_shuffle	SKIP	CM-COMPUTE	transpose	dequantize_per_tensor,quantize_per_tensor,transpose	False	
w77:38	min.dim_min	SKIP	NO-CM			False	
w7:748	_fft_r2c	TIMEOUT	CM-QUANT-ONLY		dequantize_per_tensor,quantize_per_tensor	False	
w83:601	arange.start_out	SKIP	NO-CM			False	
w87:318	_pdist_forward	SKIP	NO-CM			False	
w8:472	native_group_norm	SKIP	CM-QUANT-ONLY		dequantize_per_tensor,quantize_per_tensor	False	
w93:190	pixel_shuffle	SKIP	CM-COMPUTE	transpose	dequantize_per_tensor,quantize_per_tensor,transpose	False	
w96:177	zeros.out	SKIP	CM-QUANT-ONLY		dequantize_per_tensor	False	
w99:436	_pdist_forward	SKIP	CM-QUANT-ONLY		dequantize_per_tensor,quantize_per_tensor	False	
w109:35	native_group_norm	SKIP	CM-QUANT-ONLY		dequantize_per_tensor,quantize_per_tensor	False	
w126:167	remainder.Scalar	MISMATCH	NO-CM			False	
w19:717	ones.out	SKIP	CM-QUANT-ONLY		dequantize_per_tensor	False	
w27:419	expand_copy	SKIP	NO-CM			False	
w32:739	arange.out	SKIP	CM-QUANT-ONLY		dequantize_per_tensor	False	
w39:223	arange.out	SKIP	NO-CM			False	
w44:720	remainder.Scalar	MISMATCH	NO-CM			False	
w50:29	linear.out	CRASH	CM-QUANT-ONLY		dequantize_per_tensor,quantize_per_tensor	False	
w56:269	_fft_r2c	TIMEOUT	CM-QUANT-ONLY		dequantize_per_tensor,quantize_per_tensor	False	
w5:8	max_pool2d_with_indices_backward.grad_input	MISMATCH	CM-QUANT-ONLY		dequantize_per_tensor,quantize_per_tensor	False	
w64:346	pixel_shuffle	SKIP	CM-COMPUTE	transpose	dequantize_per_tensor,quantize_per_tensor,transpose	False	
w68:269	scatter.value_out	SKIP	CM-QUANT-ONLY		dequantize_per_tensor,quantize_per_tensor	False	
w70:662	_fft_r2c	TIMEOUT	CM-QUANT-ONLY		dequantize_per_tensor,quantize_per_tensor	True	
w74:456	arange.out	SKIP	NO-CM			False	
w78:282	stack	SKIP	NO-CM			False	
w80:683	arange.start_out	SKIP	CM-QUANT-ONLY		dequantize_per_tensor	False	
w84:546	stack	SKIP	CM-QUANT-ONLY		dequantize_per_tensor,quantize_per_tensor	False	
w87:62	zeros.out	SKIP	NO-CM			False	
w90:47	topk.values	SKIP	NO-CM			False	
w94:10	arange.out	SKIP	NO-CM			False	
w96:753	pixel_shuffle	SKIP	CM-COMPUTE	transpose	dequantize_per_tensor,quantize_per_tensor,transpose	False	
w99:692	_fft_r2c	TIMEOUT	CM-QUANT-ONLY		dequantize_per_tensor,quantize_per_tensor	False	
w101:106	scatter.value_out	SKIP	NO-CM			False	
w124:253	pixel_unshuffle	SKIP	CM-COMPUTE	transpose	dequantize_per_tensor,quantize_per_tensor,transpose	False	
w18:109	expand_copy	SKIP	NO-CM			False	
w25:78	scatter.src_out	SKIP	CM-QUANT-ONLY		dequantize_per_tensor,quantize_per_tensor	True	
w31:698	pixel_unshuffle	SKIP	CM-COMPUTE	transpose	dequantize_per_tensor,quantize_per_tensor,transpose	False	
w38:13	ones.out	SKIP	NO-CM			False	
w43:46	native_group_norm	SKIP	CM-QUANT-ONLY		dequantize_per_tensor,quantize_per_tensor	False	
w49:690	ones.out	SKIP	CM-QUANT-ONLY		dequantize_per_tensor	False	
w55:215	_pdist_forward	SKIP	CM-QUANT-ONLY		dequantize_per_tensor,quantize_per_tensor	False	
w5:106	arange.start_out	SKIP	CM-QUANT-ONLY		dequantize_per_tensor	False	
w63:355	stack	SKIP	CM-QUANT-ONLY		dequantize_per_tensor,quantize_per_tensor	False	
w67:417	scatter_add.out	SKIP	CM-QUANT-ONLY		dequantize_per_tensor,quantize_per_tensor	True	
w70:368	stack	SKIP	NO-CM			False	
w74:170	index_put	MISMATCH	CM-QUANT-ONLY		dequantize_per_tensor,quantize_per_tensor	True	
w77:639	arange.start_out	SKIP	NO-CM			False	
w7:88	bitwise_right_shift.Tensor_Scalar	MISMATCH	NO-CM			False	
w83:681	linear	CRASH	NO-CM			False	
w87:409	bitwise_left_shift.Tensor_Scalar	MISMATCH	NO-CM			False	
w8:519	stack	SKIP	NO-CM			False	
w93:270	pixel_shuffle	SKIP	CM-COMPUTE	transpose	dequantize_per_tensor,quantize_per_tensor,transpose	False	
w96:210	arange.out	SKIP	CM-QUANT-ONLY		dequantize_per_tensor	False	
w99:49	full.out	SKIP	CM-QUANT-ONLY		dequantize_per_tensor	False	
w112:506	where.self	SKIP	CM-QUANT-ONLY		dequantize_per_tensor,quantize_per_tensor	False	
w12:172	pixel_unshuffle	SKIP	CM-COMPUTE	transpose	dequantize_per_tensor,quantize_per_tensor,transpose	False	
w20:263	_fft_r2c	TIMEOUT	CM-QUANT-ONLY		dequantize_per_tensor,quantize_per_tensor	False	
w28:380	index_put	MISMATCH	CM-QUANT-ONLY		dequantize_per_tensor,quantize_per_tensor	True	
w33:561	scatter_add.out	SKIP	CM-QUANT-ONLY		dequantize_per_tensor,quantize_per_tensor	True	
w3:17	permute_copy	SKIP	CM-COMPUTE	transpose	dequantize_per_tensor,quantize_per_tensor,transpose	False	
w46:197	arange.out	SKIP	CM-QUANT-ONLY		dequantize_per_tensor	False	
w51:32	stack	SKIP	CM-QUANT-ONLY		dequantize_per_tensor,quantize_per_tensor	False	
w57:240	native_group_norm	SKIP	CM-QUANT-ONLY		dequantize_per_tensor,quantize_per_tensor	False	
w60:575	remainder.Tensor_out	MISMATCH	CM-QUANT-ONLY		dequantize_per_tensor,quantize_per_tensor	False	
w64:655	scatter_add.out	SKIP	CM-QUANT-ONLY		dequantize_per_tensor,quantize_per_tensor	True	
w68:653	bitwise_right_shift.Tensor_Scalar	MISMATCH	NO-CM			False	
w71:539	index_put	MISMATCH	CM-QUANT-ONLY		dequantize_per_tensor,quantize_per_tensor	True	
w75:265	remainder.Tensor_out	MISMATCH	NO-CM			False	
w78:92	_pdist_forward	SKIP	CM-QUANT-ONLY		dequantize_per_tensor,quantize_per_tensor	False	
w81:380	full.out	SKIP	CM-QUANT-ONLY		dequantize_per_tensor	False	
w85:114	pixel_unshuffle	SKIP	CM-COMPUTE	transpose	dequantize_per_tensor,quantize_per_tensor,transpose	False	
w88:437	pixel_unshuffle	SKIP	CM-COMPUTE	transpose	dequantize_per_tensor,quantize_per_tensor,transpose	False	
w91:124	linear	CRASH	NO-CM			False	
w94:332	expand_copy	SKIP	NO-CM			False	
w97:440	scatter_add.out	SKIP	CM-QUANT-ONLY		dequantize_per_tensor,quantize_per_tensor	True	
w9:5	arange.start_out	SKIP	CM-QUANT-ONLY		dequantize_per_tensor	False	
w120:270	zeros.out	SKIP	NO-CM			False	
w15:696	scatter_add.out	SKIP	CM-QUANT-ONLY		dequantize_per_tensor,quantize_per_tensor	True	
w24:116	convolution	SKIP	CM-QUANT-ONLY		dequantize_per_tensor,quantize_per_tensor	False	
w30:203	bitwise_right_shift.Tensor_Scalar_out	MISMATCH	NO-CM			False	
w36:37	pixel_unshuffle	SKIP	CM-COMPUTE	transpose	dequantize_per_tensor,quantize_per_tensor,transpose	False	
w42:197	_pdist_forward	SKIP	CM-QUANT-ONLY		dequantize_per_tensor,quantize_per_tensor	True	
w48:548	scatter_add.out	SKIP	CM-QUANT-ONLY		dequantize_per_tensor,quantize_per_tensor	True	
w53:676	fill.Scalar	MISMATCH	CM-QUANT-ONLY		dequantize_per_tensor,quantize_per_tensor	False	
w59:162	arange.start_out	SKIP	CM-QUANT-ONLY		dequantize_per_tensor	False	
w62:347	_fft_r2c	TIMEOUT	CM-QUANT-ONLY		dequantize_per_tensor,quantize_per_tensor	False	
w66:415	arange.out	SKIP	CM-QUANT-ONLY		dequantize_per_tensor	False	
w6:179	full.out	SKIP	CM-QUANT-ONLY		dequantize_per_tensor	False	
w73:197	native_group_norm	SKIP	CM-QUANT-ONLY		dequantize_per_tensor,quantize_per_tensor	False	
w76:682	topk.values	SKIP	NO-CM			False	
w7:129	scatter_add.out	SKIP	CM-QUANT-ONLY		dequantize_per_tensor,quantize_per_tensor	False	
w82:89	_fft_r2c	TIMEOUT	CM-QUANT-ONLY		dequantize_per_tensor,quantize_per_tensor	False	
w86:521	arange.out	SKIP	NO-CM			False	
w89:579	arange.start_out	SKIP	NO-CM			False	
w92:418	arange.start_out	SKIP	CM-QUANT-ONLY		dequantize_per_tensor	False	
w95:483	remainder.Scalar	MISMATCH	NO-CM			False	
w98:710	_fft_r2c	TIMEOUT	CM-QUANT-ONLY		dequantize_per_tensor,quantize_per_tensor	False	
w113:389	stack	SKIP	CM-QUANT-ONLY		dequantize_per_tensor,quantize_per_tensor	False	
w12:568	bitwise_right_shift.Tensor_Scalar	MISMATCH	NO-CM			False	
w20:388	where.self	SKIP	CM-QUANT-ONLY		dequantize_per_tensor,quantize_per_tensor	False	
w28:433	_pdist_forward	SKIP	CM-QUANT-ONLY		dequantize_per_tensor,quantize_per_tensor	False	
w33:638	bitwise_left_shift.Tensor_out	MISMATCH	CM-QUANT-ONLY		dequantize_per_tensor,quantize_per_tensor	False	
w3:210	scatter_add.out	SKIP	CM-QUANT-ONLY		dequantize_per_tensor,quantize_per_tensor	True	
w46:284	pixel_shuffle	SKIP	CM-COMPUTE	transpose	dequantize_per_tensor,quantize_per_tensor,transpose	False	
w51:531	arange.out	SKIP	CM-QUANT-ONLY		dequantize_per_tensor	False	
w57:57	_upsample_bilinear2d_aa.out	MISMATCH	CM-QUANT-ONLY		dequantize_per_tensor,quantize_per_tensor	False	
w60:699	pixel_unshuffle	SKIP	CM-COMPUTE	transpose	dequantize_per_tensor,quantize_per_tensor,transpose	False	
w64:752	stack	SKIP	NO-CM			False	
w69:103	_pdist_forward	SKIP	CM-QUANT-ONLY		dequantize_per_tensor,quantize_per_tensor	True	
w71:626	fill.Scalar	MISMATCH	CM-QUANT-ONLY		dequantize_per_tensor,quantize_per_tensor	True	
w75:376	expand_copy	SKIP	CM-QUANT-ONLY		dequantize_per_tensor,quantize_per_tensor	True	
w79:245	index_put	MISMATCH	CM-QUANT-ONLY		dequantize_per_tensor,quantize_per_tensor	True	
w81:559	max_pool2d_with_indices_backward.grad_input	MISMATCH	CM-QUANT-ONLY		dequantize_per_tensor,quantize_per_tensor	False	
w85:155	where.self	SKIP	CM-QUANT-ONLY		dequantize_per_tensor,quantize_per_tensor	False	
w88:498	expand_copy	SKIP	CM-QUANT-ONLY		dequantize_per_tensor,quantize_per_tensor	False	
w91:246	pixel_shuffle	SKIP	CM-COMPUTE	transpose	dequantize_per_tensor,quantize_per_tensor,transpose	False	
w94:345	pixel_unshuffle	SKIP	CM-COMPUTE	transpose	dequantize_per_tensor,quantize_per_tensor,transpose	False	
w97:575	_pdist_forward	SKIP	NO-CM			False	
w9:571	_pdist_forward	SKIP	NO-CM			False	
w106:553	_fft_r2c	TIMEOUT	CM-QUANT-ONLY		dequantize_per_tensor,quantize_per_tensor	False	
w125:584	expand_copy	SKIP	CM-QUANT-ONLY		dequantize_per_tensor,quantize_per_tensor	False	
w19:237	arange.out	SKIP	NO-CM			False	
w26:687	ones.out	SKIP	NO-CM			False	
w32:575	full.out	SKIP	NO-CM			False	
w38:720	bitwise_right_shift.Tensor_Scalar	MISMATCH	NO-CM			False	
w44:154	logit	MISMATCH	CM-QUANT-ONLY		dequantize_per_tensor,quantize_per_tensor	False	
w4:526	_fft_r2c	TIMEOUT	CM-QUANT-ONLY		dequantize_per_tensor,quantize_per_tensor	False	
w56:18	arange.out	SKIP	NO-CM			False	
w5:700	_fft_r2c	TIMEOUT	CM-QUANT-ONLY		dequantize_per_tensor,quantize_per_tensor	False	
w63:633	pixel_shuffle	SKIP	CM-COMPUTE	transpose	dequantize_per_tensor,quantize_per_tensor,transpose	False	
w68:107	stack	SKIP	NO-CM			False	
w70:606	zeros.out	SKIP	NO-CM			False	
w74:410	topk.values	SKIP	NO-CM			False	
w78:210	arange.start_out	SKIP	CM-QUANT-ONLY		dequantize_per_tensor	False	
w80:565	_pdist_forward	SKIP	NO-CM			False	
w84:101	min.dim_min	SKIP	NO-CM			False	
w87:574	_fft_r2c	TIMEOUT	CM-QUANT-ONLY		dequantize_per_tensor,quantize_per_tensor	False	
w114:197	arange.out	SKIP	NO-CM			False	
w12:744	_pdist_forward	SKIP	NO-CM			False	
w20:76	full.out	SKIP	CM-QUANT-ONLY		dequantize_per_tensor	False	
w28:89	pixel_unshuffle	SKIP	CM-COMPUTE	transpose	dequantize_per_tensor,quantize_per_tensor,transpose	False	
w34:330	index_put	MISMATCH	CM-QUANT-ONLY		dequantize_per_tensor,quantize_per_tensor	True	
w3:748	index_put	MISMATCH	CM-QUANT-ONLY		dequantize_per_tensor,quantize_per_tensor	False	
w46:345	where.self	SKIP	CM-QUANT-ONLY		dequantize_per_tensor,quantize_per_tensor	False	
w51:557	logical_and.out	MISMATCH	CM-QUANT-ONLY		dequantize_per_tensor,quantize_per_tensor	True	
w57:699	_pdist_forward	SKIP	CM-QUANT-ONLY		dequantize_per_tensor,quantize_per_tensor	False	
w60:777	stack	SKIP	NO-CM			False	
w65:403	index_put	MISMATCH	CM-QUANT-ONLY		dequantize_per_tensor,quantize_per_tensor	True	
w69:160	linear.out	CRASH	CM-QUANT-ONLY		dequantize_per_tensor,quantize_per_tensor	False	
w71:7	expand_copy	SKIP	CM-QUANT-ONLY		dequantize_per_tensor,quantize_per_tensor	False	
w75:420	native_group_norm	SKIP	CM-QUANT-ONLY		dequantize_per_tensor,quantize_per_tensor	False	
w79:298	_pdist_forward	SKIP	CM-QUANT-ONLY		dequantize_per_tensor,quantize_per_tensor	True	
w81:632	scatter_add.out	SKIP	CM-QUANT-ONLY		dequantize_per_tensor,quantize_per_tensor	True	
w85:420	stack	SKIP	CM-QUANT-ONLY		dequantize_per_tensor,quantize_per_tensor	False	
w88:517	arange.start_out	SKIP	CM-QUANT-ONLY		dequantize_per_tensor	False	
w91:402	max_pool2d_with_indices_backward.grad_input	MISMATCH	CM-QUANT-ONLY		dequantize_per_tensor,quantize_per_tensor	False	
w94:403	bitwise_left_shift.Tensor_out	MISMATCH	CM-QUANT-ONLY		dequantize_per_tensor,quantize_per_tensor	False	
w97:66	index_put	MISMATCH	CM-QUANT-ONLY		dequantize_per_tensor,quantize_per_tensor	True	
w9:599	_fft_r2c	TIMEOUT	CM-QUANT-ONLY		dequantize_per_tensor,quantize_per_tensor	False	
w123:125	copy	SKIP	CM-QUANT-ONLY		dequantize_per_tensor,quantize_per_tensor	True	
w17:353	arange.start_out	SKIP	NO-CM			False	
w25:522	bitwise_left_shift.Tensor_out	MISMATCH	CM-QUANT-ONLY		dequantize_per_tensor,quantize_per_tensor	False	
w31:176	zeros.out	SKIP	NO-CM			False	
w37:419	stack	SKIP	NO-CM			False	
w42:781	permute_copy	SKIP	CM-COMPUTE	transpose	dequantize_per_tensor,quantize_per_tensor,transpose	False	
w49:623	stack	SKIP	NO-CM			False	
w55:162	index_put	MISMATCH	CM-QUANT-ONLY		dequantize_per_tensor,quantize_per_tensor	True	
w59:756	_fft_r2c	TIMEOUT	CM-QUANT-ONLY		dequantize_per_tensor,quantize_per_tensor	False	
w63:170	arange.out	SKIP	CM-QUANT-ONLY		dequantize_per_tensor	False	
w67:285	copy	SKIP	CM-QUANT-ONLY		dequantize_per_tensor,quantize_per_tensor	True	
w70:120	bitwise_left_shift.Tensor_out	MISMATCH	CM-QUANT-ONLY		dequantize_per_tensor,quantize_per_tensor	False	
w73:628	zeros.out	SKIP	NO-CM			False	
w77:350	linear.out	CRASH	NO-CM			False	
w7:732	pixel_shuffle	SKIP	CM-COMPUTE	transpose	dequantize_per_tensor,quantize_per_tensor,transpose	False	
w83:576	scatter_add.out	SKIP	CM-QUANT-ONLY		dequantize_per_tensor,quantize_per_tensor	True	
w86:772	_fft_r2c	TIMEOUT	CM-QUANT-ONLY		dequantize_per_tensor,quantize_per_tensor	False	
w8:447	arange.start_out	SKIP	NO-CM			False	
w93:178	_pdist_forward	SKIP	NO-CM			False	
w96:167	stack	SKIP	NO-CM			False	
w99:361	where.self	SKIP	CM-QUANT-ONLY		dequantize_per_tensor,quantize_per_tensor	False	
w117:5	index_put	MISMATCH	CM-QUANT-ONLY		dequantize_per_tensor,quantize_per_tensor	True	
w14:509	remainder.Scalar	MISMATCH	NO-CM			False	
w22:293	linear	CRASH	NO-CM			False	
w2:271	bitwise_right_shift.Tensor_out	MISMATCH	NO-CM			False	
w35:420	topk.values	SKIP	NO-CM			False	
w41:103	permute_copy	SKIP	CM-COMPUTE	transpose	dequantize_per_tensor,quantize_per_tensor,transpose	False	
w47:575	scatter_add.out	SKIP	CM-QUANT-ONLY		dequantize_per_tensor,quantize_per_tensor	True	
w52:465	full.out	SKIP	NO-CM			False	
w58:518	zeros.out	SKIP	NO-CM			False	
w61:622	where.self	MISMATCH	CM-QUANT-ONLY		dequantize_per_tensor,quantize_per_tensor	False	
w65:69	full.out	SKIP	NO-CM			False	
w69:628	full.out	SKIP	NO-CM			False	
w72:469	native_group_norm	SKIP	CM-QUANT-ONLY		dequantize_per_tensor,quantize_per_tensor	False	
w76:239	zeros.out	SKIP	NO-CM			False	
w79:644	arange.start_out	SKIP	NO-CM			False	
w82:20	topk.values	SKIP	NO-CM			False	
w85:714	_fft_r2c	TIMEOUT	CM-QUANT-ONLY		dequantize_per_tensor,quantize_per_tensor	False	
w89:33	_fft_r2c	TIMEOUT	CM-QUANT-ONLY		dequantize_per_tensor,quantize_per_tensor	False	
w92:100	_fft_r2c	TIMEOUT	CM-QUANT-ONLY		dequantize_per_tensor,quantize_per_tensor	False	
w95:183	pixel_shuffle	SKIP	CM-COMPUTE	transpose	dequantize_per_tensor,quantize_per_tensor,transpose	False	
w98:141	native_group_norm	SKIP	CM-QUANT-ONLY		dequantize_per_tensor,quantize_per_tensor	False	
w101:695	ones.out	SKIP	CM-QUANT-ONLY		dequantize_per_tensor	False	
w124:333	arange.start_out	SKIP	CM-QUANT-ONLY		dequantize_per_tensor	False	
w18:267	ones.out	SKIP	NO-CM			False	
w26:459	ones.out	SKIP	CM-QUANT-ONLY		dequantize_per_tensor	False	
w31:75	expand_copy	SKIP	CM-QUANT-ONLY		dequantize_per_tensor,quantize_per_tensor	False	
w38:269	linear.out	CRASH	NO-CM			False	
w43:549	stack	SKIP	NO-CM			False	
w4:270	_pdist_forward	SKIP	NO-CM			False	
w55:227	pixel_shuffle	SKIP	CM-COMPUTE	transpose	dequantize_per_tensor,quantize_per_tensor,transpose	False	
w5:444	_pdist_forward	SKIP	NO-CM			False	
w63:393	_pdist_forward	SKIP	NO-CM			False	
w67:43	index_put	MISMATCH	CM-QUANT-ONLY		dequantize_per_tensor,quantize_per_tensor	True	
w70:42	pixel_shuffle	SKIP	CM-COMPUTE	transpose	dequantize_per_tensor,quantize_per_tensor,transpose	False	
w74:228	arange.out	SKIP	CM-QUANT-ONLY		dequantize_per_tensor	False	
w77:754	arange.out	SKIP	CM-QUANT-ONLY		dequantize_per_tensor	False	
w7:93	linear.out	CRASH	NO-CM			False	
w83:716	arange.out	SKIP	CM-QUANT-ONLY		dequantize_per_tensor	False	
w87:489	div.out_mode	MISMATCH	CM-QUANT-ONLY		dequantize_per_tensor,quantize_per_tensor	False	
w8:529	zeros.out	SKIP	CM-QUANT-ONLY		dequantize_per_tensor	False	
w93:290	pixel_unshuffle	SKIP	CM-COMPUTE	transpose	dequantize_per_tensor,quantize_per_tensor,transpose	False	
w96:217	pixel_shuffle	SKIP	CM-COMPUTE	transpose	dequantize_per_tensor,quantize_per_tensor,transpose	False	
w99:527	bitwise_left_shift.Tensor_Scalar	MISMATCH	NO-CM			False	
w116:676	bitwise_right_shift.Tensor_Scalar	MISMATCH	NO-CM			False	
w14:454	ones.out	SKIP	CM-QUANT-ONLY		dequantize_per_tensor	False	
w22:207	pixel_unshuffle	SKIP	CM-COMPUTE	transpose	dequantize_per_tensor,quantize_per_tensor,transpose	False	
w2:239	zeros.out	SKIP	NO-CM			False	
w35:290	linear.out	CRASH	CM-QUANT-ONLY		dequantize_per_tensor,quantize_per_tensor	False	
w40:715	arange.start_out	SKIP	NO-CM			False	
w47:283	ones.out	SKIP	CM-QUANT-ONLY		dequantize_per_tensor	False	
w52:448	bitwise_right_shift.Tensor_Scalar	MISMATCH	NO-CM			False	
w58:280	stack	SKIP	NO-CM			False	
w61:503	fill.Scalar	MISMATCH	CM-QUANT-ONLY		dequantize_per_tensor,quantize_per_tensor	False	
w65:684	_pdist_forward	SKIP	NO-CM			False	
w69:564	arange.out	SKIP	NO-CM			False	
w72:444	arange.start_out	SKIP	NO-CM			False	
w76:228	copy	SKIP	CM-QUANT-ONLY		dequantize_per_tensor,quantize_per_tensor	True	
w79:625	expand_copy	SKIP	NO-CM			False	
w82:179	arange.start_out	SKIP	CM-QUANT-ONLY		dequantize_per_tensor	False	
w85:71	full.out	SKIP	NO-CM			False	
w89:325	pixel_shuffle	SKIP	CM-COMPUTE	transpose	dequantize_per_tensor,quantize_per_tensor,transpose	False	
w91:506	scatter.value_out	SKIP	NO-CM			False	
w95:141	linear	CRASH	NO-CM			False	
w98:132	prod.int_out	MISMATCH	CM-QUANT-ONLY		dequantize_per_tensor,quantize_per_tensor	False	
w0:779	max_pool2d_with_indices_backward.grad_input	MISMATCH	CM-QUANT-ONLY		dequantize_per_tensor,quantize_per_tensor	False	
w123:79	native_group_norm	SKIP	CM-QUANT-ONLY		dequantize_per_tensor,quantize_per_tensor	False	
w17:760	full.out	SKIP	CM-QUANT-ONLY		dequantize_per_tensor	False	
w25:733	where.self	SKIP	CM-QUANT-ONLY		dequantize_per_tensor,quantize_per_tensor	False	
w31:607	index_put	MISMATCH	CM-QUANT-ONLY		dequantize_per_tensor,quantize_per_tensor	True	
w37:94	scatter_add.out	SKIP	CM-QUANT-ONLY		dequantize_per_tensor,quantize_per_tensor	True	
w43:131	_pdist_forward	SKIP	CM-QUANT-ONLY		dequantize_per_tensor,quantize_per_tensor	False	
w49:689	_fft_r2c	TIMEOUT	CM-QUANT-ONLY		dequantize_per_tensor,quantize_per_tensor	False	
w55:21	fill.Scalar	MISMATCH	CM-QUANT-ONLY		dequantize_per_tensor,quantize_per_tensor	False	
w59:96	bitwise_right_shift.Tensor_Scalar	MISMATCH	NO-CM			False	
w63:308	native_group_norm	SKIP	CM-QUANT-ONLY		dequantize_per_tensor,quantize_per_tensor	False	
w67:362	pixel_unshuffle	SKIP	CM-COMPUTE	transpose	dequantize_per_tensor,quantize_per_tensor,transpose	False	
w70:150	zeros.out	SKIP	CM-QUANT-ONLY		dequantize_per_tensor	False	
w73:645	fmod.Scalar	MISMATCH	NO-CM			False	
w77:389	narrow_copy	SKIP	CM-QUANT-ONLY		dequantize_per_tensor,quantize_per_tensor	False	
w7:754	fill.Scalar	MISMATCH	CM-QUANT-ONLY		dequantize_per_tensor,quantize_per_tensor	False	
w83:673	stack	SKIP	NO-CM			False	
w87:352	fill.Scalar	MISMATCH	CM-QUANT-ONLY		dequantize_per_tensor,quantize_per_tensor	False	
w8:499	bitwise_left_shift.Tensor_out	MISMATCH	NO-CM			False	
w93:207	ones.out	SKIP	CM-QUANT-ONLY		dequantize_per_tensor	False	
w96:202	native_group_norm	SKIP	CM-QUANT-ONLY		dequantize_per_tensor,quantize_per_tensor	False	
w99:464	_fft_r2c	TIMEOUT	CM-QUANT-ONLY		dequantize_per_tensor,quantize_per_tensor	False	
w110:406	ones.out	SKIP	CM-QUANT-ONLY		dequantize_per_tensor	False	
w127:133	_pdist_forward	SKIP	CM-QUANT-ONLY		dequantize_per_tensor,quantize_per_tensor	False	
w1:201	remainder.Scalar	MISMATCH	NO-CM			False	
w27:54	stack	SKIP	NO-CM			False	
w33:358	arange.start_out	SKIP	CM-QUANT-ONLY		dequantize_per_tensor	False	
w39:310	pixel_shuffle	SKIP	CM-COMPUTE	transpose	dequantize_per_tensor,quantize_per_tensor,transpose	False	
w45:166	zeros.out	SKIP	NO-CM			False	
w50:433	arange.out	SKIP	CM-QUANT-ONLY		dequantize_per_tensor	False	
w56:717	max_pool2d_with_indices_backward.grad_input	MISMATCH	CM-QUANT-ONLY		dequantize_per_tensor,quantize_per_tensor	False	
w60:387	_fft_r2c	TIMEOUT	CM-QUANT-ONLY		dequantize_per_tensor,quantize_per_tensor	False	
w64:452	arange.start_out	SKIP	NO-CM			False	
w68:361	remainder.Tensor_out	MISMATCH	NO-CM			False	
w71:325	copy	SKIP	CM-QUANT-ONLY		dequantize_per_tensor,quantize_per_tensor	False	
w74:772	scatter_add.out	SKIP	CM-QUANT-ONLY		dequantize_per_tensor,quantize_per_tensor	True	
w78:586	pixel_unshuffle	SKIP	CM-COMPUTE	transpose	dequantize_per_tensor,quantize_per_tensor,transpose	False	
w80:755	stack	SKIP	NO-CM			False	
w84:696	pixel_unshuffle	SKIP	CM-COMPUTE	transpose	dequantize_per_tensor,quantize_per_tensor,transpose	False	
w88:240	full.out	SKIP	NO-CM			False	
w90:506	stack	SKIP	CM-QUANT-ONLY		dequantize_per_tensor,quantize_per_tensor	False	
w94:206	min.dim_min	SKIP	NO-CM			False	
w96:95	arange.start_out	SKIP	NO-CM			False	
w9:348	arange.out	SKIP	CM-QUANT-ONLY		dequantize_per_tensor	False	
w115:239	min.dim_min	SKIP	NO-CM			False	
w13:474	pixel_shuffle	SKIP	CM-COMPUTE	transpose	dequantize_per_tensor,quantize_per_tensor,transpose	False	
w21:349	pixel_shuffle	SKIP	CM-COMPUTE	transpose	dequantize_per_tensor,quantize_per_tensor,transpose	False	
w29:344	where.self	SKIP	CM-QUANT-ONLY		dequantize_per_tensor,quantize_per_tensor	False	
w34:536	where.self	MISMATCH	CM-QUANT-ONLY		dequantize_per_tensor,quantize_per_tensor	True	
w40:240	expand_copy	SKIP	CM-QUANT-ONLY		dequantize_per_tensor,quantize_per_tensor	False	
w47:169	native_group_norm	SKIP	CM-QUANT-ONLY		dequantize_per_tensor,quantize_per_tensor	False	
w52:220	bitwise_right_shift.Tensor_Scalar	MISMATCH	NO-CM			False	
w58:118	_fft_r2c	TIMEOUT	CM-QUANT-ONLY		dequantize_per_tensor,quantize_per_tensor	False	
w61:359	arange.start_out	SKIP	CM-QUANT-ONLY		dequantize_per_tensor	False	
w65:485	ones.out	SKIP	CM-QUANT-ONLY		dequantize_per_tensor	False	
w69:278	index_put	MISMATCH	CM-QUANT-ONLY		dequantize_per_tensor,quantize_per_tensor	True	
w71:767	index_put	MISMATCH	CM-QUANT-ONLY		dequantize_per_tensor,quantize_per_tensor	True	
w75:54	arange.out	SKIP	CM-QUANT-ONLY		dequantize_per_tensor	False	
w79:318	max_pool2d_with_indices_backward.grad_input	MISMATCH	CM-QUANT-ONLY		dequantize_per_tensor,quantize_per_tensor	True	
w82:113	bitwise_right_shift.Tensor_Scalar	MISMATCH	NO-CM			False	
w85:550	pixel_shuffle	SKIP	CM-COMPUTE	transpose	dequantize_per_tensor,quantize_per_tensor,transpose	False	
w88:589	stack	SKIP	CM-QUANT-ONLY		dequantize_per_tensor,quantize_per_tensor	False	
w91:474	pixel_shuffle	SKIP	CM-COMPUTE	transpose	dequantize_per_tensor,quantize_per_tensor,transpose	False	
w94:717	_fft_r2c	TIMEOUT	CM-QUANT-ONLY		dequantize_per_tensor,quantize_per_tensor	True	
w97:750	index_put	MISMATCH	CM-QUANT-ONLY		dequantize_per_tensor,quantize_per_tensor	True	
w9:655	remainder.Scalar	MISMATCH	NO-CM			False	
w118:61	stack	SKIP	NO-CM			False	
w14:722	full.out	SKIP	CM-QUANT-ONLY		dequantize_per_tensor	False	
w23:142	remainder.Scalar_out	MISMATCH	NO-CM			False	
w2:336	full.out	SKIP	NO-CM			False	
w35:489	_fft_r2c	TIMEOUT	CM-QUANT-ONLY		dequantize_per_tensor,quantize_per_tensor	True	
w41:3	_fft_r2c	TIMEOUT	CM-QUANT-ONLY		dequantize_per_tensor,quantize_per_tensor	True	
w47:748	pixel_unshuffle	SKIP	CM-COMPUTE	transpose	dequantize_per_tensor,quantize_per_tensor,transpose	False	
w53:329	native_group_norm	SKIP	CM-QUANT-ONLY		dequantize_per_tensor,quantize_per_tensor	False	
w58:658	pixel_unshuffle	SKIP	CM-COMPUTE	transpose	dequantize_per_tensor,quantize_per_tensor,transpose	False	
w61:70	linear.out	CRASH	CM-QUANT-ONLY		dequantize_per_tensor,quantize_per_tensor	False	
w66:239	linear.out	CRASH	CM-QUANT-ONLY		dequantize_per_tensor,quantize_per_tensor	False	
w69:91	remainder.Tensor_out	MISMATCH	CM-QUANT-ONLY		dequantize_per_tensor,quantize_per_tensor	False	
w72:588	fill.Scalar	MISMATCH	CM-QUANT-ONLY		dequantize_per_tensor,quantize_per_tensor	False	
w76:336	full.out	SKIP	CM-QUANT-ONLY		dequantize_per_tensor	False	
w79:754	_pdist_forward	SKIP	CM-QUANT-ONLY		dequantize_per_tensor,quantize_per_tensor	False	
w82:61	_pdist_forward	SKIP	NO-CM			False	
w85:86	remainder.Scalar	MISMATCH	NO-CM			False	
w89:490	ones.out	SKIP	NO-CM			False	
w92:300	_pdist_forward	SKIP	NO-CM			False	
w95:22	logical_and	MISMATCH	CM-QUANT-ONLY		dequantize_per_tensor,quantize_per_tensor	True	
w98:482	_fft_r2c	TIMEOUT	CM-QUANT-ONLY		dequantize_per_tensor,quantize_per_tensor	False	
w10:413	ones.out	SKIP	NO-CM			False	
w126:544	arange.out	SKIP	NO-CM			False	
w19:740	bitwise_right_shift.Tensor_Scalar	MISMATCH	NO-CM			False	
w27:495	index_put	MISMATCH	CM-QUANT-ONLY		dequantize_per_tensor,quantize_per_tensor	True	
w32:763	ones.out	SKIP	CM-QUANT-ONLY		dequantize_per_tensor	False	
w39:238	max_pool2d_with_indices_backward.grad_input	MISMATCH	CM-QUANT-ONLY		dequantize_per_tensor,quantize_per_tensor	False	
w44:748	pixel_unshuffle	SKIP	CM-COMPUTE	transpose	dequantize_per_tensor,quantize_per_tensor,transpose	False	
w50:390	stack	SKIP	CM-QUANT-ONLY		dequantize_per_tensor,quantize_per_tensor	False	
w56:553	remainder.Scalar	MISMATCH	NO-CM			False	
w60:101	linear	CRASH	NO-CM			False	
w64:368	fill.Scalar	MISMATCH	CM-QUANT-ONLY		dequantize_per_tensor,quantize_per_tensor	False	
w68:320	index_put	MISMATCH	CM-QUANT-ONLY		dequantize_per_tensor,quantize_per_tensor	True	
w70:672	pixel_unshuffle	SKIP	CM-COMPUTE	transpose	dequantize_per_tensor,quantize_per_tensor,transpose	False	
w74:479	_fft_r2c	TIMEOUT	CM-QUANT-ONLY		dequantize_per_tensor,quantize_per_tensor	True	
w78:325	arange.out	SKIP	CM-QUANT-ONLY		dequantize_per_tensor	False	
w80:71	stack	SKIP	NO-CM			False	
w84:589	arange.out	SKIP	CM-QUANT-ONLY		dequantize_per_tensor	False	
w87:638	pixel_shuffle	SKIP	CM-COMPUTE	transpose	transpose	False	
w90:486	bitwise_left_shift.Tensor_out	MISMATCH	CM-QUANT-ONLY		dequantize_per_tensor,quantize_per_tensor	False	
w94:158	where.self	MISMATCH	CM-QUANT-ONLY		dequantize_per_tensor,quantize_per_tensor	False	
w96:779	arange.start_out	SKIP	CM-QUANT-ONLY		dequantize_per_tensor	False	
w9:285	bitwise_left_shift.Tensor_out	MISMATCH	CM-QUANT-ONLY		dequantize_per_tensor,quantize_per_tensor	False	
w114:382	stack	SKIP	NO-CM			False	
w13:113	topk.values	SKIP	CM-QUANT-ONLY		dequantize_per_tensor,quantize_per_tensor	True	
w21:245	remainder.Tensor_out	MISMATCH	CM-QUANT-ONLY		dequantize_per_tensor,quantize_per_tensor	False	
w29:164	min.dim_min	SKIP	NO-CM			False	
w34:45	arange.start_out	SKIP	CM-QUANT-ONLY		dequantize_per_tensor	False	
w3:79	stack	SKIP	NO-CM			False	
w46:660	pixel_shuffle	SKIP	CM-COMPUTE	transpose	dequantize_per_tensor,quantize_per_tensor,transpose	False	
w51:611	transpose_copy.int	SKIP	CM-COMPUTE	transpose	dequantize_per_tensor,quantize_per_tensor,transpose	False	
w122:119	bitwise_right_shift.Tensor_Scalar_out	MISMATCH	NO-CM			False	
w16:534	ones.out	SKIP	NO-CM			False	
w24:700	pixel_unshuffle	SKIP	CM-COMPUTE	transpose	dequantize_per_tensor,quantize_per_tensor,transpose	False	
w30:78	zeros.out	SKIP	CM-QUANT-ONLY		dequantize_per_tensor	False	
w37:154	where.self	SKIP	CM-QUANT-ONLY		dequantize_per_tensor,quantize_per_tensor	False	
w42:60	bitwise_left_shift.Tensor_Scalar	MISMATCH	NO-CM			False	
w48:91	pixel_shuffle	SKIP	CM-COMPUTE	transpose	dequantize_per_tensor,quantize_per_tensor,transpose	False	
w54:193	pixel_unshuffle	SKIP	CM-COMPUTE	transpose	dequantize_per_tensor,quantize_per_tensor,transpose	False	
w59:64	max_pool2d_with_indices_backward.grad_input	MISMATCH	CM-QUANT-ONLY		dequantize_per_tensor,quantize_per_tensor	False	
w62:575	_fft_r2c	TIMEOUT	CM-QUANT-ONLY		dequantize_per_tensor,quantize_per_tensor	False	
w66:754	_adaptive_avg_pool2d	SKIP	CM-QUANT-ONLY		dequantize_per_tensor,quantize_per_tensor	False	
w6:665	expand_copy	SKIP	NO-CM			False	
w73:525	bitwise_right_shift.Tensor_Scalar_out	MISMATCH	NO-CM			False	
w77:255	stack	SKIP	NO-CM			False	
w7:520	_fft_r2c	TIMEOUT	CM-QUANT-ONLY		dequantize_per_tensor,quantize_per_tensor	False	
w83:145	arange.start_out	SKIP	CM-QUANT-ONLY		dequantize_per_tensor	False	
w86:714	linear	CRASH	NO-CM			False	
w8:299	linear	CRASH	NO-CM			False	
w92:532	bitwise_right_shift.Tensor_out	MISMATCH	NO-CM			False	
w95:745	arange.start_out	SKIP	CM-QUANT-ONLY		dequantize_per_tensor	False	
w98:97	expand_copy	SKIP	CM-QUANT-ONLY		dequantize_per_tensor,quantize_per_tensor	True	
w103:564	stack	SKIP	NO-CM			False	
w124:728	linear.out	CRASH	NO-CM			False	
w18:454	remainder.Tensor_out	MISMATCH	NO-CM			False	
w26:619	copy	SKIP	NO-CM			False	
w32:12	stack	SKIP	NO-CM			False	
w38:36	bitwise_right_shift.Tensor_Scalar	MISMATCH	NO-CM			False	
w43:90	topk.values	SKIP	CM-QUANT-ONLY		dequantize_per_tensor,quantize_per_tensor	True	
w4:437	bitwise_left_shift.Tensor_Scalar_out	MISMATCH	NO-CM			False	
w55:633	stack	SKIP	NO-CM			False	
w5:611	bitwise_left_shift.Tensor_Scalar_out	MISMATCH	NO-CM			False	
w63:49	pixel_unshuffle	SKIP	CM-COMPUTE	transpose	dequantize_per_tensor,quantize_per_tensor,transpose	False	
w67:50	scatter.src_out	SKIP	CM-QUANT-ONLY		dequantize_per_tensor,quantize_per_tensor	True	
w70:503	bitwise_right_shift.Tensor_Scalar_out	MISMATCH	NO-CM			False	
w74:315	pixel_shuffle	SKIP	CM-COMPUTE	transpose	dequantize_per_tensor,quantize_per_tensor,transpose	False	
w78:120	_fft_r2c	TIMEOUT	CM-QUANT-ONLY		dequantize_per_tensor,quantize_per_tensor	False	
w80:339	clone	MISMATCH	CM-QUANT-ONLY		dequantize_per_tensor,quantize_per_tensor	True	
w83:740	ones.out	SKIP	NO-CM			False	
w87:536	max.dim_max	SKIP	NO-CM			False	
w90:206	arange.start_out	SKIP	NO-CM			False	
w93:367	copy	SKIP	CM-QUANT-ONLY		dequantize_per_tensor,quantize_per_tensor	True	
w96:526	scatter_add.out	SKIP	CM-QUANT-ONLY		dequantize_per_tensor,quantize_per_tensor	True	
w99:579	native_group_norm	SKIP	CM-QUANT-ONLY		dequantize_per_tensor,quantize_per_tensor	False	
w122:349	expand_copy	SKIP	CM-QUANT-ONLY		dequantize_per_tensor,quantize_per_tensor	False	
w17:235	_pdist_forward	SKIP	CM-QUANT-ONLY		dequantize_per_tensor,quantize_per_tensor	False	
w25:14	arange.start_out	SKIP	CM-QUANT-ONLY		dequantize_per_tensor	False	
w31:163	topk.values	SKIP	CM-QUANT-ONLY		dequantize_per_tensor,quantize_per_tensor	True	
w37:326	bitwise_right_shift.Tensor_Scalar_out	MISMATCH	NO-CM			False	
w42:682	ones.out	SKIP	CM-QUANT-ONLY		dequantize_per_tensor	False	
w49:462	ones.out	SKIP	CM-QUANT-ONLY		dequantize_per_tensor	False	
w54:629	pixel_shuffle	SKIP	CM-COMPUTE	transpose	dequantize_per_tensor,quantize_per_tensor,transpose	False	
w59:728	_pdist_forward	SKIP	CM-QUANT-ONLY		dequantize_per_tensor,quantize_per_tensor	True	
w62:616	full.out	SKIP	CM-QUANT-ONLY		dequantize_per_tensor	False	
w67:189	scatter_add.out	SKIP	NO-CM			False	
w6:753	topk.values	SKIP	NO-CM			False	
w73:598	bitwise_left_shift.Tensor_out	MISMATCH	CM-QUANT-ONLY		dequantize_per_tensor,quantize_per_tensor	False	
w77:321	_fft_r2c	TIMEOUT	CM-QUANT-ONLY		dequantize_per_tensor,quantize_per_tensor	False	
w7:674	scatter.src_out	SKIP	CM-QUANT-ONLY		dequantize_per_tensor,quantize_per_tensor	True	
w83:455	zeros.out	SKIP	NO-CM			False	
w86:732	remainder.Tensor_out	MISMATCH	CM-QUANT-ONLY		dequantize_per_tensor,quantize_per_tensor	False	
w8:421	pixel_shuffle	SKIP	CM-COMPUTE	transpose	dequantize_per_tensor,quantize_per_tensor,transpose	False	
w93:103	where.self	SKIP	CM-QUANT-ONLY		dequantize_per_tensor,quantize_per_tensor	False	
w96:11	fill.Scalar	MISMATCH	CM-QUANT-ONLY		dequantize_per_tensor,quantize_per_tensor	False	
w99:150	bitwise_left_shift.Tensor_out	MISMATCH	NO-CM			False	
w121:280	pixel_shuffle	SKIP	CM-COMPUTE	transpose	dequantize_per_tensor,quantize_per_tensor,transpose	False	
w16:311	fill.Scalar	MISMATCH	CM-QUANT-ONLY		dequantize_per_tensor,quantize_per_tensor	False	
w24:235	ones.out	SKIP	CM-QUANT-ONLY		dequantize_per_tensor	False	
w30:259	where.self	SKIP	CM-QUANT-ONLY		dequantize_per_tensor,quantize_per_tensor	False	
w36:414	topk.values	SKIP	CM-QUANT-ONLY		dequantize_per_tensor,quantize_per_tensor	True	
w42:226	ones.out	SKIP	NO-CM			False	
w48:735	bitwise_right_shift.Tensor_Scalar	MISMATCH	NO-CM			False	
w54:110	ones.out	SKIP	NO-CM			False	
w59:44	_pdist_forward	SKIP	CM-QUANT-ONLY		dequantize_per_tensor,quantize_per_tensor	False	
w62:416	bitwise_right_shift.Tensor_Scalar_out	MISMATCH	NO-CM			False	
w66:448	pixel_unshuffle	SKIP	CM-COMPUTE	transpose	dequantize_per_tensor,quantize_per_tensor,transpose	False	
w104:620	expand_copy	SKIP	NO-CM			False	
w125:216	topk.values	SKIP	CM-QUANT-ONLY		dequantize_per_tensor,quantize_per_tensor	True	
w18:778	remainder.Scalar	MISMATCH	NO-CM			False	
w26:658	_pdist_forward	SKIP	NO-CM			False	
w32:162	pixel_unshuffle	SKIP	CM-COMPUTE	transpose	dequantize_per_tensor,quantize_per_tensor,transpose	False	
w38:387	index_put	MISMATCH	CM-QUANT-ONLY		dequantize_per_tensor,quantize_per_tensor	True	
w43:93	stack	SKIP	NO-CM			False	
w4:47	arange.out	SKIP	NO-CM			False	
w55:683	pixel_shuffle	SKIP	CM-COMPUTE	transpose	transpose	False	
w5:633	copy	SKIP	CM-QUANT-ONLY		dequantize_per_tensor,quantize_per_tensor	True	
w63:583	stack	SKIP	NO-CM			False	
w67:723	div.out_mode	MISMATCH	CM-QUANT-ONLY		dequantize_per_tensor,quantize_per_tensor	False	
w70:518	pixel_unshuffle	SKIP	CM-COMPUTE	transpose	dequantize_per_tensor,quantize_per_tensor,transpose	False	
w74:322	expand_copy	SKIP	NO-CM			False	
w78:130	pixel_unshuffle	SKIP	CM-COMPUTE	transpose	dequantize_per_tensor,quantize_per_tensor,transpose	False	
w80:366	ones.out	SKIP	CM-QUANT-ONLY		dequantize_per_tensor	False	
w83:96	full.out	SKIP	NO-CM			False	
w87:543	native_group_norm	SKIP	CM-QUANT-ONLY		dequantize_per_tensor,quantize_per_tensor	False	
w90:270	scatter.src_out	SKIP	CM-QUANT-ONLY		dequantize_per_tensor,quantize_per_tensor	True	
w93:368	stack	SKIP	NO-CM			False	
w96:623	stack	SKIP	NO-CM			False	
w99:626	stack	SKIP	NO-CM			False	
w117:70	pixel_shuffle	SKIP	CM-COMPUTE	transpose	dequantize_per_tensor,quantize_per_tensor,transpose	False	
w14:615	stack	SKIP	NO-CM			False	
w22:620	full.out	SKIP	CM-QUANT-ONLY		dequantize_per_tensor	False	
w121:457	copy	SKIP	NO-CM			False	
w16:430	where.self	SKIP	CM-QUANT-ONLY		dequantize_per_tensor,quantize_per_tensor	False	
w24:6	_fft_r2c	TIMEOUT	CM-QUANT-ONLY		dequantize_per_tensor,quantize_per_tensor	False	
w30:591	ones.out	SKIP	CM-QUANT-ONLY		dequantize_per_tensor	False	
w36:425	linear	CRASH	NO-CM			False	
w42:254	linear.out	CRASH	NO-CM			False	
w48:752	full.out	SKIP	CM-QUANT-ONLY		dequantize_per_tensor	False	
w54:150	full.out	SKIP	NO-CM			False	
w11:435	ones.out	SKIP	CM-QUANT-ONLY		dequantize_per_tensor	False	
w15:615	pixel_shuffle	SKIP	CM-COMPUTE	transpose	transpose	False	
w23:660	index_put	MISMATCH	CM-QUANT-ONLY		dequantize_per_tensor,quantize_per_tensor	True	
w30:191	transpose_copy.int	SKIP	CM-COMPUTE	transpose	dequantize_per_tensor,quantize_per_tensor,transpose	False	
w36:318	bitwise_left_shift.Tensor_Scalar	MISMATCH	NO-CM			False	
w41:9	fill.Scalar	MISMATCH	CM-QUANT-ONLY		dequantize_per_tensor,quantize_per_tensor	False	
w48:51	bitwise_right_shift.Tensor_Scalar	MISMATCH	NO-CM			False	
w53:418	bitwise_right_shift.Tensor_out	MISMATCH	NO-CM			False	
w59:156	pixel_unshuffle	SKIP	CM-COMPUTE	transpose	dequantize_per_tensor,quantize_per_tensor,transpose	False	
w62:319	_pdist_forward	SKIP	NO-CM			False	
w66:407	native_group_norm	SKIP	CM-QUANT-ONLY		dequantize_per_tensor,quantize_per_tensor	False	
w6:139	ones.out	SKIP	CM-QUANT-ONLY		dequantize_per_tensor	False	
w72:68	linear	CRASH	NO-CM			False	
w76:457	stack	SKIP	NO-CM			False	
w7:128	pixel_shuffle	SKIP	CM-COMPUTE	transpose	dequantize_per_tensor,quantize_per_tensor,transpose	False	
w111:518	div.out_mode	MISMATCH	CM-QUANT-ONLY		dequantize_per_tensor,quantize_per_tensor	False	
w127:646	linear.out	CRASH	CM-QUANT-ONLY		dequantize_per_tensor,quantize_per_tensor	False	
w1:90	min.dim_min	SKIP	NO-CM			False	
w28:205	_pdist_forward	SKIP	NO-CM			False	
w33:496	_fft_r2c	TIMEOUT	CM-QUANT-ONLY		dequantize_per_tensor,quantize_per_tensor	False	
w39:712	pixel_unshuffle	SKIP	CM-COMPUTE	transpose	dequantize_per_tensor,quantize_per_tensor,transpose	False	
w45:650	_pdist_forward	SKIP	CM-QUANT-ONLY		dequantize_per_tensor,quantize_per_tensor	False	
w50:520	pixel_shuffle	SKIP	CM-COMPUTE	transpose	dequantize_per_tensor,quantize_per_tensor,transpose	False	
w57:202	topk.values	SKIP	NO-CM			False	
w60:529	bitwise_left_shift.Tensor_out	MISMATCH	NO-CM			False	
w64:590	_fft_r2c	TIMEOUT	CM-QUANT-ONLY		dequantize_per_tensor,quantize_per_tensor	True	
w68:385	pixel_shuffle	SKIP	CM-COMPUTE	transpose	dequantize_per_tensor,quantize_per_tensor,transpose	False	
w71:421	linear.out	CRASH	CM-QUANT-ONLY		dequantize_per_tensor,quantize_per_tensor	False	
w75:22	min.dim_min	SKIP	NO-CM			False	
w78:723	index_put	MISMATCH	CM-QUANT-ONLY		dequantize_per_tensor,quantize_per_tensor	True	
w80:766	min.dim_min	SKIP	NO-CM			False	
w84:90	stack	SKIP	CM-QUANT-ONLY		dequantize_per_tensor,quantize_per_tensor	False	
w88:36	scatter_add.out	SKIP	NO-CM			False	
w90:532	remainder.Tensor_out	MISMATCH	CM-QUANT-ONLY		dequantize_per_tensor,quantize_per_tensor	False	
w94:271	pixel_unshuffle	SKIP	CM-COMPUTE	transpose	dequantize_per_tensor,quantize_per_tensor,transpose	False	
w97:148	ones.out	SKIP	NO-CM			False	
w9:412	full.out	SKIP	NO-CM			False	
w111:765	stack	SKIP	NO-CM			False	
w127:707	arange.start_out	SKIP	NO-CM			False	
w20:125	arange.start_out	SKIP	NO-CM			False	
w28:323	arange.start_out	SKIP	NO-CM			False	
w33:537	full.out	SKIP	NO-CM			False	
w3:106	fmod.Scalar	MISMATCH	NO-CM			False	
w45:679	ones.out	SKIP	CM-QUANT-ONLY		dequantize_per_tensor	False	
w51:303	arange.out	SKIP	NO-CM			False	
w57:205	stack	SKIP	NO-CM			False	
w60:559	zeros.out	SKIP	NO-CM			False	
w64:614	bitwise_right_shift.Tensor_Scalar	MISMATCH	NO-CM			False	
w68:60	native_group_norm	SKIP	CM-QUANT-ONLY		dequantize_per_tensor,quantize_per_tensor	False	
w71:5	bitwise_right_shift.Tensor_Scalar_out	MISMATCH	NO-CM			False	
w75:239	stack	SKIP	CM-QUANT-ONLY		dequantize_per_tensor,quantize_per_tensor	False	
w78:764	remainder.Tensor_out	MISMATCH	NO-CM			False	
w80:82	min.dim_min	SKIP	NO-CM			False	
w85:101	expand_copy	SKIP	CM-QUANT-ONLY		dequantize_per_tensor,quantize_per_tensor	False	
w88:361	stack	SKIP	NO-CM			False	
w90:76	remainder.Tensor_out	MISMATCH	NO-CM			False	
w94:302	full.out	SKIP	NO-CM			False	
w97:157	pixel_unshuffle	SKIP	CM-COMPUTE	transpose	dequantize_per_tensor,quantize_per_tensor,transpose	False	
w9:455	pixel_unshuffle	SKIP	CM-COMPUTE	transpose	dequantize_per_tensor,quantize_per_tensor,transpose	False	
w108:391	ones.out	SKIP	NO-CM			False	
w126:111	_fft_r2c	TIMEOUT	CM-QUANT-ONLY		dequantize_per_tensor,quantize_per_tensor	False	
w19:350	arange.start_out	SKIP	NO-CM			False	
w27:332	pixel_shuffle	SKIP	CM-COMPUTE	transpose	transpose	False	
w32:731	native_group_norm	SKIP	CM-QUANT-ONLY		dequantize_per_tensor,quantize_per_tensor	False	
w39:180	stack	SKIP	CM-QUANT-ONLY		dequantize_per_tensor,quantize_per_tensor	False	
w44:606	linear	CRASH	NO-CM			False	
w50:229	ones.out	SKIP	CM-QUANT-ONLY		dequantize_per_tensor	False	
w56:213	zeros.out	SKIP	CM-QUANT-ONLY		dequantize_per_tensor	False	
w5:724	bitwise_right_shift.Tensor_Scalar	MISMATCH	NO-CM			False	
w64:296	stack	SKIP	CM-QUANT-ONLY		dequantize_per_tensor,quantize_per_tensor	False	
w68:174	ones.out	SKIP	CM-QUANT-ONLY		dequantize_per_tensor	False	
w70:654	max_pool2d_with_indices_backward.grad_input	MISMATCH	CM-QUANT-ONLY		dequantize_per_tensor,quantize_per_tensor	False	
w74:455	bitwise_right_shift.Tensor_out	MISMATCH	NO-CM			False	
w78:281	copy	SKIP	CM-QUANT-ONLY		dequantize_per_tensor,quantize_per_tensor	True	
w80:677	pixel_unshuffle	SKIP	CM-COMPUTE	transpose	dequantize_per_tensor,quantize_per_tensor,transpose	False	
w84:469	remainder.Scalar_out	MISMATCH	CM-QUANT-ONLY		dequantize_per_tensor,quantize_per_tensor	False	
w87:615	full.out	SKIP	NO-CM			False	
w90:412	narrow_copy	SKIP	NO-CM			False	
w93:686	bitwise_right_shift.Tensor_Scalar	MISMATCH	NO-CM			False	
w96:730	full.out	SKIP	CM-QUANT-ONLY		dequantize_per_tensor	False	
w99:676	pixel_shuffle	SKIP	CM-COMPUTE	transpose	transpose	False	
w11:270	pixel_shuffle	SKIP	CM-COMPUTE	transpose	dequantize_per_tensor,quantize_per_tensor,transpose	False	
w15:557	scatter.src_out	SKIP	CM-QUANT-ONLY		dequantize_per_tensor,quantize_per_tensor	False	
w23:603	arange.start_out	SKIP	NO-CM			False	
w30:135	ones.out	SKIP	NO-CM			False	
w36:227	_pdist_forward	SKIP	CM-QUANT-ONLY		dequantize_per_tensor,quantize_per_tensor	False	
w41:687	_fft_r2c	TIMEOUT	CM-QUANT-ONLY		dequantize_per_tensor,quantize_per_tensor	False	
w48:169	bitwise_left_shift.Tensor_out	MISMATCH	CM-QUANT-ONLY		dequantize_per_tensor,quantize_per_tensor	False	
w53:388	logit	MISMATCH	CM-QUANT-ONLY		dequantize_per_tensor,quantize_per_tensor	False	
w59:113	full.out	SKIP	NO-CM			False	
w62:266	index_put	MISMATCH	CM-QUANT-ONLY		dequantize_per_tensor,quantize_per_tensor	True	
w66:335	where.self	SKIP	CM-QUANT-ONLY		dequantize_per_tensor,quantize_per_tensor	False	
w6:130	max_pool2d_with_indices_backward.grad_input	MISMATCH	CM-QUANT-ONLY		dequantize_per_tensor,quantize_per_tensor	False	
w72:646	pixel_shuffle	SKIP	CM-COMPUTE	transpose	dequantize_per_tensor,quantize_per_tensor,transpose	False	
w76:420	where.self	SKIP	CM-QUANT-ONLY		dequantize_per_tensor,quantize_per_tensor	False	
w79:98	_fft_r2c	TIMEOUT	CM-QUANT-ONLY		dequantize_per_tensor,quantize_per_tensor	True	
w82:750	arange.out	SKIP	NO-CM			False	
w86:406	arange.start_out	SKIP	CM-QUANT-ONLY		dequantize_per_tensor	False	
w89:553	pixel_shuffle	SKIP	CM-COMPUTE	transpose	dequantize_per_tensor,quantize_per_tensor,transpose	False	
w92:34	stack	SKIP	NO-CM			False	
w95:289	arange.start_out	SKIP	CM-QUANT-ONLY		dequantize_per_tensor	False	
w98:644	stack	SKIP	CM-QUANT-ONLY		dequantize_per_tensor,quantize_per_tensor	False	
w116:138	linear	CRASH	NO-CM			False	
w13:648	pixel_unshuffle	SKIP	CM-COMPUTE	transpose	dequantize_per_tensor,quantize_per_tensor,transpose	False	
w21:733	max_pool2d_with_indices_backward.grad_input	MISMATCH	CM-QUANT-ONLY		dequantize_per_tensor,quantize_per_tensor	False	
w29:738	bitwise_left_shift.Tensor_Scalar	MISMATCH	NO-CM			False	
w34:583	zeros.out	SKIP	NO-CM			False	
w40:26	remainder.Scalar_out	MISMATCH	NO-CM			False	
w47:254	_pdist_forward	SKIP	NO-CM			False	
w52:408	pixel_shuffle	SKIP	CM-COMPUTE	transpose	dequantize_per_tensor,quantize_per_tensor,transpose	False	
w58:208	arange.start_out	SKIP	CM-QUANT-ONLY		dequantize_per_tensor	False	
w61:441	zeros.out	SKIP	NO-CM			False	
w65:643	topk.values	SKIP	NO-CM			False	
w69:301	linear	CRASH	NO-CM			False	
w72:326	_pdist_forward	SKIP	CM-QUANT-ONLY		dequantize_per_tensor,quantize_per_tensor	True	
w76:11	zeros.out	SKIP	CM-QUANT-ONLY		dequantize_per_tensor	False	
w79:531	arange.out	SKIP	CM-QUANT-ONLY		dequantize_per_tensor	False	
w82:153	pixel_shuffle	SKIP	CM-COMPUTE	transpose	dequantize_per_tensor,quantize_per_tensor,transpose	False	
w85:686	_pdist_forward	SKIP	NO-CM			False	
w89:261	_fft_r2c	TIMEOUT	CM-QUANT-ONLY		dequantize_per_tensor,quantize_per_tensor	False	
w91:494	pixel_unshuffle	SKIP	CM-COMPUTE	transpose	dequantize_per_tensor,quantize_per_tensor,transpose	False	
w95:113	bitwise_left_shift.Tensor_out	MISMATCH	CM-QUANT-ONLY		dequantize_per_tensor,quantize_per_tensor	False	
w97:9	arange.start_out	SKIP	NO-CM			False	
w107:503	zeros.out	SKIP	CM-QUANT-ONLY		dequantize_per_tensor	False	
w125:67	pixel_unshuffle	SKIP	CM-COMPUTE	transpose	dequantize_per_tensor,quantize_per_tensor,transpose	False	
w19:266	fill.Scalar	MISMATCH	CM-QUANT-ONLY		dequantize_per_tensor,quantize_per_tensor	False	
w27:320	_pdist_forward	SKIP	CM-QUANT-ONLY		dequantize_per_tensor,quantize_per_tensor	False	
w32:696	stack	SKIP	NO-CM			False	
w38:76	pixel_shuffle	SKIP	CM-COMPUTE	transpose	dequantize_per_tensor,quantize_per_tensor,transpose	False	
w44:561	where.self	SKIP	CM-QUANT-ONLY		dequantize_per_tensor,quantize_per_tensor	False	
w4:532	fill.Scalar	MISMATCH	CM-QUANT-ONLY		dequantize_per_tensor,quantize_per_tensor	False	
w56:202	copy	SKIP	NO-CM			False	
w5:701	ones.out	SKIP	CM-QUANT-ONLY		dequantize_per_tensor	False	
w63:659	pixel_unshuffle	SKIP	CM-COMPUTE	transpose	dequantize_per_tensor,quantize_per_tensor,transpose	False	
w68:149	bitwise_right_shift.Tensor_out	MISMATCH	CM-QUANT-ONLY		dequantize_per_tensor,quantize_per_tensor	False	
w70:646	pixel_shuffle	SKIP	CM-COMPUTE	transpose	dequantize_per_tensor,quantize_per_tensor,transpose	False	
w74:423	zeros.out	SKIP	CM-QUANT-ONLY		dequantize_per_tensor	False	
w78:267	index_put	MISMATCH	CM-QUANT-ONLY		dequantize_per_tensor,quantize_per_tensor	True	
w80:577	pixel_shuffle	SKIP	CM-COMPUTE	transpose	dequantize_per_tensor,quantize_per_tensor,transpose	False	
w84:356	_pdist_forward	SKIP	CM-QUANT-ONLY		dequantize_per_tensor,quantize_per_tensor	True	
w87:575	ones.out	SKIP	CM-QUANT-ONLY		dequantize_per_tensor	False	
w90:409	scatter_add.out	SKIP	CM-QUANT-ONLY		dequantize_per_tensor,quantize_per_tensor	True	
w93:43	scatter_add.out	SKIP	CM-QUANT-ONLY		dequantize_per_tensor,quantize_per_tensor	True	
w96:68	bitwise_left_shift.Tensor_Scalar	MISMATCH	NO-CM			False	
w99:669	arange.out	SKIP	NO-CM			False	
w119:522	copy	SKIP	CM-QUANT-ONLY		dequantize_per_tensor,quantize_per_tensor	True	
w15:380	arange.out	SKIP	CM-QUANT-ONLY		dequantize_per_tensor	False	
w23:262	arange.out	SKIP	CM-QUANT-ONLY		dequantize_per_tensor	False	
w2:728	arange.out	SKIP	CM-QUANT-ONLY		dequantize_per_tensor	False	
w36:19	max_pool2d_with_indices_backward.grad_input	MISMATCH	CM-QUANT-ONLY		dequantize_per_tensor,quantize_per_tensor	True	
w41:321	arange.start_out	SKIP	CM-QUANT-ONLY		dequantize_per_tensor	False	
w48:142	native_group_norm	SKIP	CM-QUANT-ONLY		dequantize_per_tensor,quantize_per_tensor	False	
w53:376	stack	SKIP	CM-QUANT-ONLY		dequantize_per_tensor,quantize_per_tensor	False	
w58:747	min.dim_min	SKIP	NO-CM			False	
w61:726	ones.out	SKIP	CM-QUANT-ONLY		dequantize_per_tensor	False	
w66:325	native_group_norm	SKIP	CM-QUANT-ONLY		dequantize_per_tensor,quantize_per_tensor	False	
w6:110	_pdist_forward	SKIP	NO-CM			False	
w72:60	stack	SKIP	NO-CM			False	
w76:385	arange.start_out	SKIP	CM-QUANT-ONLY		dequantize_per_tensor	False	
w79:90	max_pool2d_with_indices_backward.grad_input	MISMATCH	CM-QUANT-ONLY		dequantize_per_tensor,quantize_per_tensor	False	
w82:687	bitwise_left_shift.Tensor_out	MISMATCH	NO-CM			False	
w86:322	fill.Scalar	MISMATCH	CM-QUANT-ONLY		dequantize_per_tensor,quantize_per_tensor	False	
w89:513	bitwise_right_shift.Tensor_Scalar	MISMATCH	NO-CM			False	
w113:55	remainder.Scalar	MISMATCH	NO-CM			False	
w12:608	pixel_shuffle	SKIP	CM-COMPUTE	transpose	dequantize_per_tensor,quantize_per_tensor,transpose	False	
w20:719	_fft_r2c	TIMEOUT	CM-QUANT-ONLY		dequantize_per_tensor,quantize_per_tensor	False	
w28:760	expand_copy	SKIP	CM-QUANT-ONLY		dequantize_per_tensor,quantize_per_tensor	True	
w34:283	permute_copy	SKIP	CM-COMPUTE	transpose	dequantize_per_tensor,quantize_per_tensor,transpose	False	
w3:287	bitwise_left_shift.Tensor_out	MISMATCH	CM-QUANT-ONLY		dequantize_per_tensor,quantize_per_tensor	False	
w46:310	arange.start_out	SKIP	NO-CM			False	
w51:554	_fft_r2c	TIMEOUT	CM-QUANT-ONLY		dequantize_per_tensor,quantize_per_tensor	False	
w57:672	min.dim_min	SKIP	NO-CM			False	
w60:774	topk.values	SKIP	NO-CM			False	
w65:28	_fft_r2c	TIMEOUT	CM-QUANT-ONLY		dequantize_per_tensor,quantize_per_tensor	False	
w69:108	arange.out	SKIP	NO-CM			False	
w71:684	pixel_shuffle	SKIP	CM-COMPUTE	transpose	dequantize_per_tensor,quantize_per_tensor,transpose	False	
w75:395	arange.start_out	SKIP	CM-QUANT-ONLY		dequantize_per_tensor	False	
w79:295	native_group_norm	SKIP	CM-QUANT-ONLY		dequantize_per_tensor,quantize_per_tensor	False	
w81:596	linear.out	CRASH	NO-CM			False	
w85:172	bitwise_left_shift.Tensor_out	MISMATCH	NO-CM			False	
w88:511	pixel_unshuffle	SKIP	CM-COMPUTE	transpose	dequantize_per_tensor,quantize_per_tensor,transpose	False	
w91:307	where.self	SKIP	CM-QUANT-ONLY		dequantize_per_tensor,quantize_per_tensor	False	
w94:386	where.self	MISMATCH	CM-QUANT-ONLY		dequantize_per_tensor,quantize_per_tensor	False	
w97:61	bitwise_left_shift.Tensor_out	MISMATCH	NO-CM			False	
w9:576	arange.out	SKIP	NO-CM			False	
w112:665	remainder.Scalar	MISMATCH	NO-CM			False	
w12:231	div.out_mode	MISMATCH	CM-QUANT-ONLY		dequantize_per_tensor,quantize_per_tensor	False	
w20:273	pixel_unshuffle	SKIP	CM-COMPUTE	transpose	dequantize_per_tensor,quantize_per_tensor,transpose	False	
w28:405	zeros.out	SKIP	CM-QUANT-ONLY		dequantize_per_tensor	False	
w33:614	minimum.out	SKIP	CM-COMPUTE	minimum	minimum	False	
w3:186	full.out	SKIP	NO-CM			False	
w46:261	full.out	SKIP	CM-QUANT-ONLY		dequantize_per_tensor	False	
w51:488	stack	SKIP	NO-CM			False	
w57:271	_fft_r2c	TIMEOUT	CM-QUANT-ONLY		dequantize_per_tensor,quantize_per_tensor	False	
w60:680	scatter_add.out	SKIP	CM-QUANT-ONLY		dequantize_per_tensor,quantize_per_tensor	True	
w64:68	stack	SKIP	NO-CM			False	
w68:70	where.self	SKIP	CM-QUANT-ONLY		dequantize_per_tensor,quantize_per_tensor	False	
w71:621	ones.out	SKIP	CM-QUANT-ONLY		dequantize_per_tensor	False	
w75:346	full.out	SKIP	NO-CM			False	
w79:223	where.self	MISMATCH	CM-QUANT-ONLY		dequantize_per_tensor,quantize_per_tensor	False	
w81:511	zeros.out	SKIP	CM-QUANT-ONLY		dequantize_per_tensor	False	
w85:14	pixel_shuffle	SKIP	CM-COMPUTE	transpose	dequantize_per_tensor,quantize_per_tensor,transpose	False	
w88:456	linear.out	CRASH	NO-CM			False	
w91:182	_fft_r2c	TIMEOUT	CM-QUANT-ONLY		dequantize_per_tensor,quantize_per_tensor	True	
w94:34	ones.out	SKIP	CM-QUANT-ONLY		dequantize_per_tensor	False	
w97:508	index_select.out	MISMATCH	CM-QUANT-ONLY		dequantize_per_tensor,quantize_per_tensor	True	
w9:533	stack	SKIP	CM-QUANT-ONLY		dequantize_per_tensor,quantize_per_tensor	False	
w119:385	bitwise_right_shift.Tensor_Scalar	MISMATCH	NO-CM			False	
w15:37	arange.start_out	SKIP	CM-QUANT-ONLY		dequantize_per_tensor	False	
w23:199	bitwise_left_shift.Tensor_out	MISMATCH	CM-QUANT-ONLY		dequantize_per_tensor,quantize_per_tensor	False	
w2:695	zeros.out	SKIP	CM-QUANT-ONLY		dequantize_per_tensor	False	
w35:553	pixel_shuffle	SKIP	CM-COMPUTE	transpose	dequantize_per_tensor,quantize_per_tensor,transpose	False	
w41:302	expand_copy	SKIP	NO-CM			False	
w47:779	full.out	SKIP	NO-CM			False	
w53:368	scatter.src_out	SKIP	CM-QUANT-ONLY		dequantize_per_tensor,quantize_per_tensor	True	
w58:746	zeros.out	SKIP	NO-CM			False	
w61:709	pixel_shuffle	SKIP	CM-COMPUTE	transpose	dequantize_per_tensor,quantize_per_tensor,transpose	False	
w66:275	scatter_add.out	SKIP	CM-QUANT-ONLY		dequantize_per_tensor,quantize_per_tensor	False	
w6:0	arange.start_out	SKIP	NO-CM			False	
w72:59	copy	SKIP	CM-QUANT-ONLY		dequantize_per_tensor,quantize_per_tensor	True	
w76:366	expand_copy	SKIP	CM-QUANT-ONLY		dequantize_per_tensor,quantize_per_tensor	False	
w79:774	max_pool2d_with_indices_backward.grad_input	MISMATCH	CM-QUANT-ONLY		dequantize_per_tensor,quantize_per_tensor	False	
w82:65	bitwise_right_shift.Tensor_out	MISMATCH	NO-CM			False	
w85:95	scatter_add.out	SKIP	CM-QUANT-ONLY		dequantize_per_tensor,quantize_per_tensor	True	
w89:5	_pdist_forward	SKIP	NO-CM			False	
w92:306	fmod.Tensor_out	MISMATCH	CM-QUANT-ONLY		dequantize_per_tensor,quantize_per_tensor	False	
w95:240	full.out	SKIP	CM-QUANT-ONLY		dequantize_per_tensor	False	
w98:511	linear.out	CRASH	NO-CM			False	
w120:42	zeros.out	SKIP	CM-QUANT-ONLY		dequantize_per_tensor	False	
w16:289	pixel_shuffle	SKIP	CM-COMPUTE	transpose	dequantize_per_tensor,quantize_per_tensor,transpose	False	
w24:168	stack	SKIP	NO-CM			False	
w30:234	permute_copy	MISMATCH	CM-COMPUTE	transpose	dequantize_per_tensor,quantize_per_tensor,transpose	False	
w36:4	arange.out	SKIP	NO-CM			False	
w42:21	bitwise_right_shift.Tensor_Scalar	MISMATCH	NO-CM			False	
w102:61	copy	SKIP	NO-CM			False	
w122:262	pixel_shuffle	SKIP	CM-COMPUTE	transpose	dequantize_per_tensor,quantize_per_tensor,transpose	False	
w17:197	stack	SKIP	NO-CM			False	
w24:780	arange.start_out	SKIP	NO-CM			False	
w31:14	pixel_unshuffle	SKIP	CM-COMPUTE	transpose	dequantize_per_tensor,quantize_per_tensor,transpose	False	
w37:29	_fft_r2c	TIMEOUT	CM-QUANT-ONLY		dequantize_per_tensor,quantize_per_tensor	False	
w42:614	copy	SKIP	NO-CM			False	
w49:445	pixel_shuffle	SKIP	CM-COMPUTE	transpose	dequantize_per_tensor,quantize_per_tensor,transpose	False	
w54:234	where.self	MISMATCH	CM-QUANT-ONLY		dequantize_per_tensor,quantize_per_tensor	False	
w59:689	copy	SKIP	CM-QUANT-ONLY		dequantize_per_tensor,quantize_per_tensor	True	
w62:581	fill.Scalar	MISMATCH	CM-QUANT-ONLY		dequantize_per_tensor,quantize_per_tensor	False	
w67:134	pixel_unshuffle	SKIP	CM-COMPUTE	transpose	dequantize_per_tensor,quantize_per_tensor,transpose	False	
w6:72	stack	SKIP	NO-CM			False	
w73:540	pixel_unshuffle	SKIP	CM-COMPUTE	transpose	dequantize_per_tensor,quantize_per_tensor,transpose	False	
w77:265	zeros.out	SKIP	CM-QUANT-ONLY		dequantize_per_tensor	False	
w7:544	bitwise_right_shift.Tensor_Scalar	MISMATCH	NO-CM			False	
w83:408	where.self	SKIP	CM-QUANT-ONLY		dequantize_per_tensor,quantize_per_tensor	True	
w86:716	zeros.out	SKIP	CM-QUANT-ONLY		dequantize_per_tensor	False	
w8:398	full.out	SKIP	NO-CM			False	
w92:728	zeros.out	SKIP	NO-CM			False	
w95:780	where.self	MISMATCH	CM-QUANT-ONLY		dequantize_per_tensor,quantize_per_tensor	True	
w99:14	fill.Scalar	MISMATCH	CM-QUANT-ONLY		dequantize_per_tensor,quantize_per_tensor	False	
w115:67	ones.out	SKIP	CM-QUANT-ONLY		dequantize_per_tensor	False	
w13:630	max_pool2d_with_indices_backward.grad_input	MISMATCH	CM-QUANT-ONLY		dequantize_per_tensor,quantize_per_tensor	True	
w21:675	stack	SKIP	NO-CM			False	
w29:378	topk.values	SKIP	NO-CM			False	
w34:558	index_put	MISMATCH	CM-QUANT-ONLY		dequantize_per_tensor,quantize_per_tensor	True	
w40:253	pixel_unshuffle	SKIP	CM-COMPUTE	transpose	dequantize_per_tensor,quantize_per_tensor,transpose	False	
w47:216	stack	SKIP	NO-CM			False	
w52:370	logit	MISMATCH	CM-QUANT-ONLY		dequantize_per_tensor,quantize_per_tensor	False	
w58:182	pixel_shuffle	SKIP	CM-COMPUTE	transpose	transpose	False	
w61:42	ones.out	SKIP	CM-QUANT-ONLY		dequantize_per_tensor	False	
w65:631	index_put	MISMATCH	CM-QUANT-ONLY		dequantize_per_tensor,quantize_per_tensor	False	
w69:292	copy	SKIP	CM-QUANT-ONLY		dequantize_per_tensor,quantize_per_tensor	True	
w72:287	copy	SKIP	CM-QUANT-ONLY		dequantize_per_tensor,quantize_per_tensor	False	
w75:77	_fft_r2c	TIMEOUT	CM-QUANT-ONLY		dequantize_per_tensor,quantize_per_tensor	True	
w79:32	stack	SKIP	CM-QUANT-ONLY		dequantize_per_tensor,quantize_per_tensor	False	
w82:130	full.out	SKIP	CM-QUANT-ONLY		dequantize_per_tensor	False	
w85:576	arange.start_out	SKIP	CM-QUANT-ONLY		dequantize_per_tensor	False	
w89:175	bitwise_left_shift.Tensor_out	MISMATCH	NO-CM			False	
w91:479	bitwise_right_shift.Tensor_Scalar_out	MISMATCH	NO-CM			False	
w94:741	bitwise_right_shift.Tensor_Scalar	MISMATCH	NO-CM			False	
w97:81	stack	SKIP	NO-CM			False	
w110:625	max_pool2d_with_indices_backward.grad_input	MISMATCH	CM-QUANT-ONLY		dequantize_per_tensor,quantize_per_tensor	False	
w127:185	bitwise_right_shift.Tensor_Scalar	MISMATCH	NO-CM			False	
w1:299	scatter.src_out	SKIP	CM-QUANT-ONLY		dequantize_per_tensor,quantize_per_tensor	True	
w28:167	stack	SKIP	NO-CM			False	
w33:41	ones.out	SKIP	CM-QUANT-ONLY		dequantize_per_tensor	False	
w39:702	_fft_r2c	TIMEOUT	CM-QUANT-ONLY		dequantize_per_tensor,quantize_per_tensor	False	
w45:194	_pdist_forward	SKIP	NO-CM			False	
w50:457	ones.out	SKIP	CM-QUANT-ONLY		dequantize_per_tensor	False	
w57:15	_pdist_forward	SKIP	NO-CM			False	
w60:456	bitwise_right_shift.Tensor_Scalar_out	MISMATCH	NO-CM			False	
w64:567	arange.out	SKIP	NO-CM			False	
w68:370	native_group_norm	SKIP	CM-QUANT-ONLY		dequantize_per_tensor,quantize_per_tensor	False	
w71:369	arange.out	SKIP	CM-QUANT-ONLY		dequantize_per_tensor	False	
w75:134	transpose_copy.int	SKIP	CM-COMPUTE	transpose	dequantize_per_tensor,quantize_per_tensor,transpose	False	
w78:645	bitwise_right_shift.Tensor_Scalar_out	MISMATCH	NO-CM			False	
w80:765	zeros.out	SKIP	CM-QUANT-ONLY		dequantize_per_tensor	False	
w84:75	index_put	MISMATCH	CM-QUANT-ONLY		dequantize_per_tensor,quantize_per_tensor	True	
w88:346	index_put	MISMATCH	CM-QUANT-ONLY		dequantize_per_tensor,quantize_per_tensor	True	
w90:516	zeros.out	SKIP	NO-CM			False	
w94:233	_pdist_forward	SKIP	CM-QUANT-ONLY		dequantize_per_tensor,quantize_per_tensor	False	
w97:147	_fft_r2c	TIMEOUT	CM-QUANT-ONLY		dequantize_per_tensor,quantize_per_tensor	False	
w9:377	fill.Scalar	MISMATCH	CM-QUANT-ONLY		dequantize_per_tensor,quantize_per_tensor	False	
w116:58	arange.start_out	SKIP	NO-CM			False	
w13:79	where.self	MISMATCH	CM-QUANT-ONLY		dequantize_per_tensor,quantize_per_tensor	False	
w22:13	minimum.out	SKIP	CM-COMPUTE	minimum	minimum	False	
w29:759	pixel_unshuffle	SKIP	CM-COMPUTE	transpose	dequantize_per_tensor,quantize_per_tensor,transpose	False	
w35:261	_fft_r2c	TIMEOUT	CM-QUANT-ONLY		dequantize_per_tensor,quantize_per_tensor	False	
w40:294	where.self	SKIP	CM-QUANT-ONLY		dequantize_per_tensor,quantize_per_tensor	False	
w47:266	pixel_shuffle	SKIP	CM-COMPUTE	transpose	transpose	False	
w52:430	fill.Scalar	MISMATCH	CM-QUANT-ONLY		dequantize_per_tensor,quantize_per_tensor	False	
w58:277	topk.values	SKIP	NO-CM			False	
w61:497	_fft_r2c	TIMEOUT	CM-QUANT-ONLY		dequantize_per_tensor,quantize_per_tensor	False	
w65:656	zeros.out	SKIP	CM-QUANT-ONLY		dequantize_per_tensor	False	
w69:459	permute_copy	SKIP	CM-COMPUTE	transpose	dequantize_per_tensor,quantize_per_tensor,transpose	False	
w72:40	bitwise_left_shift.Tensor_out	MISMATCH	CM-QUANT-ONLY		dequantize_per_tensor,quantize_per_tensor	False	
w76:209	bitwise_left_shift.Tensor_out	MISMATCH	NO-CM			False	
w79:564	pixel_unshuffle	SKIP	CM-COMPUTE	transpose	dequantize_per_tensor,quantize_per_tensor,transpose	False	
w82:173	pixel_unshuffle	SKIP	CM-COMPUTE	transpose	dequantize_per_tensor,quantize_per_tensor,transpose	False	
w85:691	arange.out	SKIP	CM-QUANT-ONLY		dequantize_per_tensor	False	
w89:290	linear.out	CRASH	NO-CM			False	
w91:500	arange.start_out	SKIP	NO-CM			False	
w95:12	full.out	SKIP	CM-QUANT-ONLY		dequantize_per_tensor	False	
w98:10	pixel_shuffle	SKIP	CM-COMPUTE	transpose	dequantize_per_tensor,quantize_per_tensor,transpose	False	
w118:411	remainder.Scalar	MISMATCH	NO-CM			False	
w14:658	arange.out	SKIP	CM-QUANT-ONLY		dequantize_per_tensor	False	
w22:669	arange.start_out	SKIP	CM-QUANT-ONLY		dequantize_per_tensor	False	
w2:296	ones.out	SKIP	CM-QUANT-ONLY		dequantize_per_tensor	False	
w35:461	_pdist_forward	SKIP	NO-CM			False	
w41:27	bitwise_right_shift.Tensor_Scalar	MISMATCH	NO-CM			False	
w47:738	_fft_r2c	TIMEOUT	CM-QUANT-ONLY		dequantize_per_tensor,quantize_per_tensor	False	
w53:214	_fft_r2c	TIMEOUT	CM-QUANT-ONLY		dequantize_per_tensor,quantize_per_tensor	False	
w58:621	unfold_copy	SKIP	CM-QUANT-ONLY		dequantize_per_tensor,quantize_per_tensor	True	
w61:659	stack	SKIP	NO-CM			False	
w66:211	ones.out	SKIP	NO-CM			False	
w69:658	expand_copy	SKIP	CM-QUANT-ONLY		dequantize_per_tensor,quantize_per_tensor	False	
w72:566	pixel_shuffle	SKIP	CM-COMPUTE	transpose	dequantize_per_tensor,quantize_per_tensor,transpose	False	
w76:296	ones.out	SKIP	CM-QUANT-ONLY		dequantize_per_tensor	False	
w79:74	bitwise_right_shift.Tensor_out	MISMATCH	NO-CM			False	
w82:551	fill.Scalar	MISMATCH	CM-QUANT-ONLY		dequantize_per_tensor,quantize_per_tensor	False	
w85:778	pixel_shuffle	SKIP	CM-COMPUTE	transpose	dequantize_per_tensor,quantize_per_tensor,transpose	False	
w89:461	_pdist_forward	SKIP	CM-QUANT-ONLY		dequantize_per_tensor,quantize_per_tensor	False	
w92:242	bitwise_left_shift.Tensor_out	MISMATCH	CM-QUANT-ONLY		dequantize_per_tensor,quantize_per_tensor	False	
w95:209	pixel_unshuffle	SKIP	CM-COMPUTE	transpose	dequantize_per_tensor,quantize_per_tensor,transpose	False	
w98:426	zeros.out	SKIP	NO-CM			False	
w115:122	remainder.Scalar	MISMATCH	NO-CM			False	
w13:416	fill.Scalar	MISMATCH	CM-QUANT-ONLY		dequantize_per_tensor,quantize_per_tensor	False	
w21:269	pixel_shuffle	SKIP	CM-COMPUTE	transpose	dequantize_per_tensor,quantize_per_tensor,transpose	False	
w29:219	_fft_r2c	TIMEOUT	CM-QUANT-ONLY		dequantize_per_tensor,quantize_per_tensor	False	
w34:501	arange.start_out	SKIP	CM-QUANT-ONLY		dequantize_per_tensor	False	
w40:175	fill.Scalar	MISMATCH	CM-QUANT-ONLY		dequantize_per_tensor,quantize_per_tensor	False	
w46:682	fill.Scalar	MISMATCH	CM-QUANT-ONLY		dequantize_per_tensor,quantize_per_tensor	False	
w52:173	arange.out	SKIP	NO-CM			False	
w122:676	linear	CRASH	NO-CM			False	
w17:304	full.out	SKIP	CM-QUANT-ONLY		dequantize_per_tensor	False	
w25:451	expand_copy	SKIP	CM-QUANT-ONLY		dequantize_per_tensor,quantize_per_tensor	False	
w31:166	stack	SKIP	NO-CM			False	
w37:399	bitwise_left_shift.Tensor_out	MISMATCH	CM-QUANT-ONLY		dequantize_per_tensor,quantize_per_tensor	False	
w42:745	pixel_shuffle	SKIP	CM-COMPUTE	transpose	dequantize_per_tensor,quantize_per_tensor,transpose	False	
w49:586	where.self	MISMATCH	CM-QUANT-ONLY		dequantize_per_tensor,quantize_per_tensor	False	
w54:726	copy	SKIP	NO-CM			False	
w59:73	ones.out	SKIP	NO-CM			False	
w62:665	arange.start_out	SKIP	CM-QUANT-ONLY		dequantize_per_tensor	False	
w67:214	arange.start_out	SKIP	NO-CM			False	
w6:83	min.dim_min	SKIP	NO-CM			False	
w73:618	stack	SKIP	NO-CM			False	
w77:345	bitwise_right_shift.Tensor_Scalar	MISMATCH	NO-CM			False	
w7:681	copy	SKIP	CM-QUANT-ONLY		dequantize_per_tensor,quantize_per_tensor	True	
w83:512	ones.out	SKIP	CM-QUANT-ONLY		dequantize_per_tensor	False	
w86:756	pixel_shuffle	SKIP	CM-COMPUTE	transpose	transpose	False	
w8:442	remainder.Scalar_out	MISMATCH	NO-CM			False	
w93:148	linear	CRASH	NO-CM			False	
w96:164	topk.values	SKIP	NO-CM			False	
w99:301	scatter_add.out	SKIP	CM-QUANT-ONLY		dequantize_per_tensor,quantize_per_tensor	True	
