[feed] 61735 jobs → broker 127.0.0.1:15664 (window=64, timeout=300s)
  [t=   3s] 0/61735 ( 0.0/s)  ok=0 mism=0 crash=0 timeout=0 skip=0  |  inflight=64
  [t=   6s] 1/61735 ( 0.2/s)  ok=1 mism=0 crash=0 timeout=0 skip=0  |  inflight=64
  [t=   9s] 1/61735 ( 0.1/s)  ok=1 mism=0 crash=0 timeout=0 skip=0  |  inflight=64
  [t=  12s] 1/61735 ( 0.1/s)  ok=1 mism=0 crash=0 timeout=0 skip=0  |  inflight=64
  [t=  15s] 1/61735 ( 0.1/s)  ok=1 mism=0 crash=0 timeout=0 skip=0  |  inflight=64
  [t=  18s] 1/61735 ( 0.1/s)  ok=1 mism=0 crash=0 timeout=0 skip=0  |  inflight=64
  [t=  21s] 1/61735 ( 0.0/s)  ok=1 mism=0 crash=0 timeout=0 skip=0  |  inflight=64
  [t=  24s] 1/61735 ( 0.0/s)  ok=1 mism=0 crash=0 timeout=0 skip=0  |  inflight=64
  [t=  27s] 1/61735 ( 0.0/s)  ok=1 mism=0 crash=0 timeout=0 skip=0  |  inflight=64
  [t=  30s] 1/61735 ( 0.0/s)  ok=1 mism=0 crash=0 timeout=0 skip=0  |  inflight=64
  [t=  33s] 1/61735 ( 0.0/s)  ok=1 mism=0 crash=0 timeout=0 skip=0  |  inflight=64
  [t=  36s] 1/61735 ( 0.0/s)  ok=1 mism=0 crash=0 timeout=0 skip=0  |  inflight=64
  [t=  39s] 1/61735 ( 0.0/s)  ok=1 mism=0 crash=0 timeout=0 skip=0  |  inflight=64
  [t=  42s] 1/61735 ( 0.0/s)  ok=1 mism=0 crash=0 timeout=0 skip=0  |  inflight=64
  [2] CRASH    w0:103 fvp_runner rc=5: >> building runner (cache miss): backend=cortex-m target=cortex
  [t=  46s] 2/61735 ( 0.0/s)  ok=1 mism=0 crash=1 timeout=0 skip=0  |  inflight=64
  [t=  49s] 4/61735 ( 0.1/s)  ok=3 mism=0 crash=1 timeout=0 skip=0  |  inflight=64
  [t=  52s] 4/61735 ( 0.1/s)  ok=3 mism=0 crash=1 timeout=0 skip=0  |  inflight=64
  [t=  55s] 4/61735 ( 0.1/s)  ok=3 mism=0 crash=1 timeout=0 skip=0  |  inflight=64
  [5] CRASH    w0:132 fvp_runner rc=5: >> building runner (cache miss): backend=cortex-m target=cortex
  [t=  58s] 8/61735 ( 0.1/s)  ok=6 mism=0 crash=2 timeout=0 skip=0  |  inflight=63
  [t=  61s] 25/61735 ( 0.4/s)  ok=20 mism=0 crash=2 timeout=0 skip=3  |  inflight=64
  [36] MISMATCH w0:11 out[0] max|delta|=3.777e+00 (rtol=0.01 atol=0.001)
  [t=  65s] 45/61735 ( 0.7/s)  ok=38 mism=1 crash=2 timeout=0 skip=4  |  inflight=63
  [t=  68s] 56/61735 ( 0.8/s)  ok=48 mism=1 crash=2 timeout=0 skip=5  |  inflight=64
  [t=  71s] 57/61735 ( 0.8/s)  ok=49 mism=1 crash=2 timeout=0 skip=5  |  inflight=64
  [t=  74s] 57/61735 ( 0.8/s)  ok=49 mism=1 crash=2 timeout=0 skip=5  |  inflight=64
  [t=  77s] 57/61735 ( 0.7/s)  ok=49 mism=1 crash=2 timeout=0 skip=5  |  inflight=64
  [t=  80s] 57/61735 ( 0.7/s)  ok=49 mism=1 crash=2 timeout=0 skip=5  |  inflight=64
  [t=  83s] 57/61735 ( 0.7/s)  ok=49 mism=1 crash=2 timeout=0 skip=5  |  inflight=64
  [t=  86s] 57/61735 ( 0.7/s)  ok=49 mism=1 crash=2 timeout=0 skip=5  |  inflight=64
  [t=  89s] 57/61735 ( 0.6/s)  ok=49 mism=1 crash=2 timeout=0 skip=5  |  inflight=64
  [t=  92s] 57/61735 ( 0.6/s)  ok=49 mism=1 crash=2 timeout=0 skip=5  |  inflight=64
  [t=  95s] 57/61735 ( 0.6/s)  ok=49 mism=1 crash=2 timeout=0 skip=5  |  inflight=64
  [t=  98s] 57/61735 ( 0.6/s)  ok=49 mism=1 crash=2 timeout=0 skip=5  |  inflight=64
  [t= 101s] 57/61735 ( 0.6/s)  ok=49 mism=1 crash=2 timeout=0 skip=5  |  inflight=64
  [t= 104s] 57/61735 ( 0.5/s)  ok=49 mism=1 crash=2 timeout=0 skip=5  |  inflight=64
  [t= 107s] 57/61735 ( 0.5/s)  ok=49 mism=1 crash=2 timeout=0 skip=5  |  inflight=64
  [t= 110s] 57/61735 ( 0.5/s)  ok=49 mism=1 crash=2 timeout=0 skip=5  |  inflight=64
  [t= 114s] 61/61735 ( 0.5/s)  ok=53 mism=1 crash=2 timeout=0 skip=5  |  inflight=64
  [t= 117s] 62/61735 ( 0.5/s)  ok=54 mism=1 crash=2 timeout=0 skip=5  |  inflight=64
  [t= 120s] 71/61735 ( 0.6/s)  ok=63 mism=1 crash=2 timeout=0 skip=5  |  inflight=64
  [t= 123s] 79/61735 ( 0.6/s)  ok=71 mism=1 crash=2 timeout=0 skip=5  |  inflight=64
  [t= 126s] 83/61735 ( 0.7/s)  ok=75 mism=1 crash=2 timeout=0 skip=5  |  inflight=64
  [t= 129s] 83/61735 ( 0.6/s)  ok=75 mism=1 crash=2 timeout=0 skip=5  |  inflight=64
  [t= 132s] 83/61735 ( 0.6/s)  ok=75 mism=1 crash=2 timeout=0 skip=5  |  inflight=64
  [t= 135s] 92/61735 ( 0.7/s)  ok=84 mism=1 crash=2 timeout=0 skip=5  |  inflight=63
  [t= 138s] 109/61735 ( 0.8/s)  ok=100 mism=1 crash=2 timeout=0 skip=6  |  inflight=64
  [t= 141s] 113/61735 ( 0.8/s)  ok=104 mism=1 crash=2 timeout=0 skip=6  |  inflight=63
  [t= 144s] 114/61735 ( 0.8/s)  ok=105 mism=1 crash=2 timeout=0 skip=6  |  inflight=64
  [t= 147s] 114/61735 ( 0.8/s)  ok=105 mism=1 crash=2 timeout=0 skip=6  |  inflight=64
  [t= 150s] 114/61735 ( 0.8/s)  ok=105 mism=1 crash=2 timeout=0 skip=6  |  inflight=64
  [t= 153s] 114/61735 ( 0.7/s)  ok=105 mism=1 crash=2 timeout=0 skip=6  |  inflight=64
  [t= 156s] 114/61735 ( 0.7/s)  ok=105 mism=1 crash=2 timeout=0 skip=6  |  inflight=64
  [t= 159s] 114/61735 ( 0.7/s)  ok=105 mism=1 crash=2 timeout=0 skip=6  |  inflight=64
  [t= 162s] 114/61735 ( 0.7/s)  ok=105 mism=1 crash=2 timeout=0 skip=6  |  inflight=64
  [t= 165s] 114/61735 ( 0.7/s)  ok=105 mism=1 crash=2 timeout=0 skip=6  |  inflight=64
  [t= 169s] 116/61735 ( 0.7/s)  ok=107 mism=1 crash=2 timeout=0 skip=6  |  inflight=64
  [t= 172s] 118/61735 ( 0.7/s)  ok=109 mism=1 crash=2 timeout=0 skip=6  |  inflight=64
  [t= 175s] 126/61735 ( 0.7/s)  ok=116 mism=1 crash=2 timeout=0 skip=7  |  inflight=64
  [t= 178s] 133/61735 ( 0.7/s)  ok=122 mism=1 crash=2 timeout=0 skip=8  |  inflight=64
  [145] MISMATCH w0:355 out[0] max|delta|=1.280e+02 (rtol=0.0 atol=0.0)
  [t= 182s] 150/61735 ( 0.8/s)  ok=137 mism=2 crash=2 timeout=0 skip=9  |  inflight=63
  [t= 185s] 160/61735 ( 0.9/s)  ok=144 mism=2 crash=2 timeout=0 skip=12  |  inflight=64
  [t= 188s] 174/61735 ( 0.9/s)  ok=155 mism=2 crash=2 timeout=0 skip=15  |  inflight=63
  [180] CRASH    w0:331 fvp_runner rc=5: >> building runner (cache miss): backend=cortex-m target=cortex
  [t= 192s] 188/61735 ( 1.0/s)  ok=168 mism=2 crash=3 timeout=0 skip=15  |  inflight=63
  [191] MISMATCH w0:309 out[0] max|delta|=1.302e-01 (rtol=0.01 atol=0.001)
  [200] MISMATCH w0:323 out[0] max|delta|=1.111e+00 (rtol=0.01 atol=0.001)
  [t= 195s] 203/61735 ( 1.0/s)  ok=181 mism=4 crash=3 timeout=0 skip=15  |  inflight=64
  [t= 198s] 214/61735 ( 1.1/s)  ok=192 mism=4 crash=3 timeout=0 skip=15  |  inflight=64
  [t= 201s] 219/61735 ( 1.1/s)  ok=196 mism=4 crash=3 timeout=0 skip=16  |  inflight=64
  [220] MISMATCH w0:478 out[0] max|delta|=2.599e-01 (rtol=0.01 atol=0.001)
  [t= 205s] 224/61735 ( 1.1/s)  ok=200 mism=5 crash=3 timeout=0 skip=16  |  inflight=64
  [t= 208s] 229/61735 ( 1.1/s)  ok=203 mism=5 crash=3 timeout=0 skip=18  |  inflight=63
  [t= 211s] 230/61735 ( 1.1/s)  ok=204 mism=5 crash=3 timeout=0 skip=18  |  inflight=64
  [t= 214s] 232/61735 ( 1.1/s)  ok=206 mism=5 crash=3 timeout=0 skip=18  |  inflight=63
  [t= 217s] 232/61735 ( 1.1/s)  ok=206 mism=5 crash=3 timeout=0 skip=18  |  inflight=64
  [t= 220s] 234/61735 ( 1.1/s)  ok=208 mism=5 crash=3 timeout=0 skip=18  |  inflight=64
  [t= 224s] 236/61735 ( 1.1/s)  ok=210 mism=5 crash=3 timeout=0 skip=18  |  inflight=64
  [239] CRASH    w0:360 fvp_runner rc=5: >> building runner (cache miss): backend=cortex-m target=cortex
  [t= 227s] 240/61735 ( 1.1/s)  ok=213 mism=5 crash=4 timeout=0 skip=18  |  inflight=63
  [t= 230s] 243/61735 ( 1.1/s)  ok=216 mism=5 crash=4 timeout=0 skip=18  |  inflight=64
  [t= 233s] 250/61735 ( 1.1/s)  ok=223 mism=5 crash=4 timeout=0 skip=18  |  inflight=63
  [t= 236s] 258/61735 ( 1.1/s)  ok=231 mism=5 crash=4 timeout=0 skip=18  |  inflight=63
  [t= 239s] 270/61735 ( 1.1/s)  ok=243 mism=5 crash=4 timeout=0 skip=18  |  inflight=64
  [t= 242s] 281/61735 ( 1.2/s)  ok=252 mism=5 crash=4 timeout=0 skip=20  |  inflight=63
  [t= 245s] 296/61735 ( 1.2/s)  ok=265 mism=5 crash=4 timeout=0 skip=22  |  inflight=63
  [t= 248s] 309/61735 ( 1.2/s)  ok=278 mism=5 crash=4 timeout=0 skip=22  |  inflight=63
  [t= 252s] 316/61735 ( 1.3/s)  ok=284 mism=5 crash=4 timeout=0 skip=23  |  inflight=63
  [t= 255s] 330/61735 ( 1.3/s)  ok=298 mism=5 crash=4 timeout=0 skip=23  |  inflight=63
  [t= 258s] 340/61735 ( 1.3/s)  ok=305 mism=5 crash=4 timeout=0 skip=26  |  inflight=63
  [t= 261s] 347/61735 ( 1.3/s)  ok=312 mism=5 crash=4 timeout=0 skip=26  |  inflight=64
  [t= 265s] 353/61735 ( 1.3/s)  ok=318 mism=5 crash=4 timeout=0 skip=26  |  inflight=64
  [t= 268s] 358/61735 ( 1.3/s)  ok=323 mism=5 crash=4 timeout=0 skip=26  |  inflight=64
  [t= 271s] 360/61735 ( 1.3/s)  ok=325 mism=5 crash=4 timeout=0 skip=26  |  inflight=64
  [t= 274s] 362/61735 ( 1.3/s)  ok=327 mism=5 crash=4 timeout=0 skip=26  |  inflight=64
  [t= 277s] 366/61735 ( 1.3/s)  ok=330 mism=5 crash=4 timeout=0 skip=27  |  inflight=64
  [t= 281s] 368/61735 ( 1.3/s)  ok=332 mism=5 crash=4 timeout=0 skip=27  |  inflight=64
  [t= 284s] 376/61735 ( 1.3/s)  ok=340 mism=5 crash=4 timeout=0 skip=27  |  inflight=63
  [378] CRASH    w0:559 fvp_runner rc=5: >> building runner (cache miss): backend=cortex-m target=cortex
  [t= 287s] 389/61735 ( 1.4/s)  ok=352 mism=5 crash=5 timeout=0 skip=27  |  inflight=64
  [t= 290s] 403/61735 ( 1.4/s)  ok=363 mism=5 crash=5 timeout=0 skip=30  |  inflight=63
  [413] MISMATCH w0:565 out[0] max|delta|=1.945e+00 (rtol=0.01 atol=0.001)
  [t= 293s] 415/61735 ( 1.4/s)  ok=374 mism=6 crash=5 timeout=0 skip=30  |  inflight=63
  [t= 296s] 427/61735 ( 1.4/s)  ok=385 mism=6 crash=5 timeout=0 skip=31  |  inflight=63
  [t= 300s] 438/61735 ( 1.5/s)  ok=395 mism=6 crash=5 timeout=0 skip=32  |  inflight=64
  [440] MISMATCH w0:779 out[0] max|delta|=1.111e+00 (rtol=0.01 atol=0.001)
  [t= 303s] 456/61735 ( 1.5/s)  ok=412 mism=7 crash=5 timeout=0 skip=32  |  inflight=63
  [t= 306s] 470/61735 ( 1.5/s)  ok=424 mism=7 crash=5 timeout=0 skip=34  |  inflight=63
  [476] MISMATCH w1:121 out[0] max|delta|=2.300e+01 (rtol=0.0 atol=0.0)
  [t= 309s] 491/61735 ( 1.6/s)  ok=441 mism=8 crash=5 timeout=0 skip=37  |  inflight=63
  [t= 312s] 507/61735 ( 1.6/s)  ok=455 mism=8 crash=5 timeout=0 skip=39  |  inflight=63
  [513] MISMATCH w1:169 out[0] max|delta|=2.560e+02 (rtol=0.0 atol=0.0)
  [t= 316s] 527/61735 ( 1.7/s)  ok=473 mism=9 crash=5 timeout=0 skip=40  |  inflight=64
  [530] MISMATCH w1:201 out[0] max|delta|=5.000e+00 (rtol=0.0 atol=0.0)
  [t= 319s] 546/61735 ( 1.7/s)  ok=490 mism=10 crash=5 timeout=0 skip=41  |  inflight=63
  [t= 322s] 561/61735 ( 1.7/s)  ok=503 mism=10 crash=5 timeout=0 skip=43  |  inflight=63
  [t= 325s] 579/61735 ( 1.8/s)  ok=520 mism=10 crash=5 timeout=0 skip=44  |  inflight=63
  [t= 328s] 600/61735 ( 1.8/s)  ok=540 mism=10 crash=5 timeout=0 skip=45  |  inflight=63
  [605] CRASH    w0:729 fvp_runner rc=5: >> building runner (cache miss): backend=cortex-m target=cortex
  [t= 331s] 622/61735 ( 1.9/s)  ok=554 mism=10 crash=6 timeout=0 skip=52  |  inflight=63
  [631] MISMATCH w1:333 out[0] max|delta|=3.000e+00 (rtol=0.0 atol=0.0)
  [t= 334s] 643/61735 ( 1.9/s)  ok=573 mism=11 crash=6 timeout=0 skip=53  |  inflight=63
  [t= 337s] 660/61735 ( 2.0/s)  ok=589 mism=11 crash=6 timeout=0 skip=54  |  inflight=63
  [t= 340s] 689/61735 ( 2.0/s)  ok=615 mism=11 crash=6 timeout=0 skip=57  |  inflight=63
  [t= 343s] 704/61735 ( 2.0/s)  ok=630 mism=11 crash=6 timeout=0 skip=57  |  inflight=64
  [709] CRASH    w1:145 fvp_runner rc=5: >> building runner (cache miss): backend=cortex-m target=cortex
  [t= 346s] 726/61735 ( 2.1/s)  ok=651 mism=11 crash=7 timeout=0 skip=57  |  inflight=63
  [t= 350s] 744/61735 ( 2.1/s)  ok=669 mism=11 crash=7 timeout=0 skip=57  |  inflight=63
  [746] MISMATCH w1:515 out[0] max|delta|=4.800e+01 (rtol=0.01 atol=0.001)
  [759] MISMATCH w1:512 out[0] max|delta|=1.153e+18 (rtol=0.0 atol=0.0)
  [t= 353s] 768/61735 ( 2.2/s)  ok=689 mism=13 crash=7 timeout=0 skip=59  |  inflight=63
  [774] MISMATCH w1:561 out[0] max|delta|=4.000e+00 (rtol=0.0 atol=0.0)
  [t= 356s] 793/61735 ( 2.2/s)  ok=713 mism=14 crash=7 timeout=0 skip=59  |  inflight=63
  [t= 359s] 814/61735 ( 2.3/s)  ok=733 mism=14 crash=7 timeout=0 skip=60  |  inflight=63
  [815] MISMATCH w1:607 out[0] max|delta|=1.929e+00 (rtol=0.01 atol=0.001)
  [t= 362s] 835/61735 ( 2.3/s)  ok=752 mism=15 crash=7 timeout=0 skip=61  |  inflight=64
  [t= 365s] 852/61735 ( 2.3/s)  ok=766 mism=15 crash=7 timeout=0 skip=64  |  inflight=64
  [t= 368s] 877/61735 ( 2.4/s)  ok=791 mism=15 crash=7 timeout=0 skip=64  |  inflight=63
  [893] MISMATCH w1:744 out[0] max|delta|=1.270e+02 (rtol=0.01 atol=0.001)
  [t= 371s] 893/61735 ( 2.4/s)  ok=806 mism=16 crash=7 timeout=0 skip=64  |  inflight=63
  [894] MISMATCH w1:743 out[0] max|delta|=9.223e+18 (rtol=0.0 atol=0.0)
  [897] CRASH    w1:373 fvp_runner rc=5: >> building runner (cache miss): backend=cortex-m target=cortex
  [t= 375s] 911/61735 ( 2.4/s)  ok=820 mism=17 crash=8 timeout=0 skip=66  |  inflight=63
  [t= 378s] 930/61735 ( 2.5/s)  ok=838 mism=17 crash=8 timeout=0 skip=67  |  inflight=63
  [945] MISMATCH w10:12 out[0] max|delta|=8.000e+00 (rtol=0.0 atol=0.0)
  [t= 381s] 955/61735 ( 2.5/s)  ok=858 mism=18 crash=8 timeout=0 skip=71  |  inflight=63
  [980] MISMATCH w10:160 out[0] max|delta|=2.300e+01 (rtol=0.0 atol=0.0)
  [t= 384s] 981/61735 ( 2.6/s)  ok=881 mism=19 crash=8 timeout=0 skip=73  |  inflight=63
  [1003] MISMATCH w10:190 out[0] max|delta|=1.929e+00 (rtol=0.01 atol=0.001)
  [t= 387s] 1010/61735 ( 2.6/s)  ok=908 mism=20 crash=8 timeout=0 skip=74  |  inflight=64
  [t= 390s] 1042/61735 ( 2.7/s)  ok=939 mism=20 crash=8 timeout=0 skip=75  |  inflight=63
  [t= 393s] 1077/61735 ( 2.7/s)  ok=973 mism=20 crash=8 timeout=0 skip=76  |  inflight=63
  [1097] MISMATCH w10:326 out[0] max|delta|=4.800e+01 (rtol=0.01 atol=0.001)
  [1099] MISMATCH w10:331 out[0] max|delta|=2.599e-01 (rtol=0.01 atol=0.001)
  [t= 396s] 1111/61735 ( 2.8/s)  ok=1004 mism=22 crash=8 timeout=0 skip=77  |  inflight=63
  [t= 400s] 1153/61735 ( 2.9/s)  ok=1042 mism=22 crash=8 timeout=0 skip=81  |  inflight=63
  [1155] MISMATCH w10:378 out[0] max|delta|=1.280e+02 (rtol=0.01 atol=0.001)
  [1170] CRASH    w1:601 fvp_runner rc=5: >> building runner (cache miss): backend=cortex-m target=cortex
  [1177] MISMATCH w10:436 out[0] max|delta|=8.000e+00 (rtol=0.0 atol=0.0)
  [t= 403s] 1190/61735 ( 3.0/s)  ok=1074 mism=24 crash=9 timeout=0 skip=83  |  inflight=63
  [t= 406s] 1227/61735 ( 3.0/s)  ok=1108 mism=24 crash=9 timeout=0 skip=86  |  inflight=63
  [t= 409s] 1262/61735 ( 3.1/s)  ok=1140 mism=24 crash=9 timeout=0 skip=89  |  inflight=63
  [t= 412s] 1297/61735 ( 3.1/s)  ok=1173 mism=24 crash=9 timeout=0 skip=91  |  inflight=63
  [1310] MISMATCH w10:632 out[0] max|delta|=2.694e+00 (rtol=0.01 atol=0.001)
  [1316] MISMATCH w10:646 out[0] max|delta|=1.929e+00 (rtol=0.01 atol=0.001)
  [1330] MISMATCH w10:664 out[0] max|delta|=1.280e+02 (rtol=0.0 atol=0.0)
  [t= 415s] 1332/61735 ( 3.2/s)  ok=1202 mism=27 crash=9 timeout=0 skip=94  |  inflight=63
  [t= 418s] 1374/61735 ( 3.3/s)  ok=1240 mism=27 crash=9 timeout=0 skip=98  |  inflight=63
  [t= 421s] 1404/61735 ( 3.3/s)  ok=1268 mism=27 crash=9 timeout=0 skip=100  |  inflight=63
  [1428] MISMATCH w100:119 out[0] max|delta|=1.000e+00 (rtol=0.01 atol=0.001)
  [1430] MISMATCH w100:122 out[0] max|delta|=2.847e+00 (rtol=0.01 atol=0.001)
  [t= 424s] 1442/61735 ( 3.4/s)  ok=1302 mism=29 crash=9 timeout=0 skip=102  |  inflight=63
  [1467] CRASH    w10:184 fvp_runner rc=5: >> building runner (cache miss): backend=cortex-m target=cortex
  [t= 427s] 1482/61735 ( 3.5/s)  ok=1340 mism=29 crash=10 timeout=0 skip=103  |  inflight=63
  [t= 430s] 1512/61735 ( 3.5/s)  ok=1369 mism=29 crash=10 timeout=0 skip=104  |  inflight=63
  [1528] CRASH    w10:582 fvp_runner rc=5: >> building runner (cache miss): backend=cortex-m target=cortex
  [1533] MISMATCH w100:263 out[0] max|delta|=2.599e-01 (rtol=0.01 atol=0.001)
  [t= 433s] 1542/61735 ( 3.6/s)  ok=1395 mism=30 crash=11 timeout=0 skip=106  |  inflight=63
  [1555] MISMATCH w100:30 out[0] max|delta|=4.800e+01 (rtol=0.01 atol=0.001)
  [t= 436s] 1575/61735 ( 3.6/s)  ok=1423 mism=31 crash=11 timeout=0 skip=110  |  inflight=63
  [1585] MISMATCH w100:350 out[0] max|delta|=4.980e-01 (rtol=0.01 atol=0.001)
  [t= 440s] 1605/61735 ( 3.7/s)  ok=1451 mism=32 crash=11 timeout=0 skip=111  |  inflight=63
  [t= 443s] 1633/61735 ( 3.7/s)  ok=1479 mism=32 crash=11 timeout=0 skip=111  |  inflight=63
  [t= 446s] 1662/61735 ( 3.7/s)  ok=1505 mism=32 crash=11 timeout=0 skip=114  |  inflight=63
  [t= 449s] 1694/61735 ( 3.8/s)  ok=1534 mism=32 crash=11 timeout=0 skip=117  |  inflight=63
  [1722] CRASH    w10:412 fvp_runner rc=5: >> building runner (cache miss): backend=cortex-m target=cortex
  [t= 452s] 1727/61735 ( 3.8/s)  ok=1563 mism=32 crash=12 timeout=0 skip=120  |  inflight=63
  [1734] MISMATCH w100:548 out[0] max|delta|=2.300e+01 (rtol=0.0 atol=0.0)
  [1756] MISMATCH w100:578 out[0] max|delta|=4.941e-01 (rtol=0.01 atol=0.001)
  [t= 455s] 1763/61735 ( 3.9/s)  ok=1596 mism=34 crash=12 timeout=0 skip=121  |  inflight=63
  [1765] MISMATCH w100:596 out[0] max|delta|=1.280e+02 (rtol=0.0 atol=0.0)
  [1795] MISMATCH w100:646 out[0] max|delta|=1.000e+00 (rtol=0.0 atol=0.0)
  [1800] CRASH    w100:145 fvp_runner rc=5: >> building runner (cache miss): backend=cortex-m target=cortex
  [t= 458s] 1800/61735 ( 3.9/s)  ok=1628 mism=36 crash=13 timeout=0 skip=123  |  inflight=63
  [t= 461s] 1841/61735 ( 4.0/s)  ok=1667 mism=36 crash=13 timeout=0 skip=125  |  inflight=63
  [1878] MISMATCH w100:760 out[0] max|delta|=4.000e+00 (rtol=0.0 atol=0.0)
  [t= 464s] 1880/61735 ( 4.1/s)  ok=1702 mism=37 crash=13 timeout=0 skip=128  |  inflight=63
  [1887] MISMATCH w100:76 out[0] max|delta|=2.000e+00 (rtol=0.01 atol=0.001)
  [t= 467s] 1924/61735 ( 4.1/s)  ok=1739 mism=38 crash=13 timeout=0 skip=134  |  inflight=63
  [1952] MISMATCH w101:157 out[0] max|delta|=2.599e-01 (rtol=0.01 atol=0.001)
  [1956] MISMATCH w101:16 out[0] max|delta|=1.945e+00 (rtol=0.01 atol=0.001)
  [t= 470s] 1967/61735 ( 4.2/s)  ok=1776 mism=40 crash=13 timeout=0 skip=138  |  inflight=63
  [1999] MISMATCH w101:214 out[0] max|delta|=2.300e+01 (rtol=0.0 atol=0.0)
  [2012] CRASH    w10:640 fvp_runner rc=5: >> building runner (cache miss): backend=cortex-m target=cortex
  [t= 473s] 2013/61735 ( 4.3/s)  ok=1818 mism=41 crash=14 timeout=0 skip=140  |  inflight=63
  [t= 477s] 2064/61735 ( 4.3/s)  ok=1867 mism=41 crash=14 timeout=0 skip=142  |  inflight=63
  [2099] CRASH    w100:286 fvp_runner rc=5: >> building runner (cache miss): backend=cortex-m target=cortex
  [t= 480s] 2114/61735 ( 4.4/s)  ok=1913 mism=41 crash=15 timeout=0 skip=145  |  inflight=63
  [t= 483s] 2161/61735 ( 4.5/s)  ok=1956 mism=41 crash=15 timeout=0 skip=149  |  inflight=63
  [2204] MISMATCH w101:490 out[0] max|delta|=4.000e+00 (rtol=0.0 atol=0.0)
  [t= 486s] 2211/61735 ( 4.6/s)  ok=2001 mism=42 crash=15 timeout=0 skip=153  |  inflight=63
  [2229] MISMATCH w101:535 out[0] max|delta|=1.280e+02 (rtol=0.0 atol=0.0)
  [t= 489s] 2254/61735 ( 4.6/s)  ok=2040 mism=43 crash=15 timeout=0 skip=156  |  inflight=63
  [2274] MISMATCH w101:605 out[0] max|delta|=9.223e+18 (rtol=0.0 atol=0.0)
  [2279] MISMATCH w101:608 out[0] max|delta|=2.306e+18 (rtol=0.0 atol=0.0)
  [2280] MISMATCH w101:613 out[0] max|delta|=6.197e-01 (rtol=0.01 atol=0.001)
  [2296] CRASH    w100:116 fvp_runner rc=5: >> building runner (cache miss): backend=cortex-m target=cortex
  [t= 492s] 2304/61735 ( 4.7/s)  ok=2082 mism=46 crash=16 timeout=0 skip=160  |  inflight=63
  [2311] MISMATCH w101:66 out[0] max|delta|=5.000e+00 (rtol=0.0 atol=0.0)
  [2318] MISMATCH w101:654 out[0] max|delta|=1.000e+00 (rtol=0.01 atol=0.001)
  [t= 495s] 2349/61735 ( 4.7/s)  ok=2120 mism=48 crash=16 timeout=0 skip=165  |  inflight=63
  [2374] MISMATCH w101:750 out[0] max|delta|=2.000e+00 (rtol=0.0 atol=0.0)
  [2377] MISMATCH w101:757 out[0] max|delta|=2.882e+17 (rtol=0.0 atol=0.0)
  [2388] MISMATCH w101:323 out[0] max|delta|=4.000e+00 (rtol=0.01 atol=0.001)
  [2392] CRASH    w101:408 fvp_runner rc=5: >> building runner (cache miss): backend=cortex-m target=cortex
  [t= 498s] 2404/61735 ( 4.8/s)  ok=2165 mism=51 crash=17 timeout=0 skip=171  |  inflight=63
  [2414] MISMATCH w102:106 out[0] max|delta|=3.184e-01 (rtol=0.01 atol=0.001)
  [2445] MISMATCH w102:152 out[0] max|delta|=4.000e+00 (rtol=0.0 atol=0.0)
  [t= 501s] 2453/61735 ( 4.9/s)  ok=2208 mism=53 crash=17 timeout=0 skip=175  |  inflight=63
  [2463] MISMATCH w102:184 out[0] max|delta|=3.000e+00 (rtol=0.0 atol=0.0)
  [t= 504s] 2498/61735 ( 5.0/s)  ok=2250 mism=54 crash=17 timeout=0 skip=177  |  inflight=63
  [2532] MISMATCH w102:275 out[0] max|delta|=2.599e-01 (rtol=0.01 atol=0.001)
  [t= 507s] 2543/61735 ( 5.0/s)  ok=2292 mism=55 crash=17 timeout=0 skip=179  |  inflight=63
  [2570] CRASH    w100:344 fvp_runner rc=5: >> building runner (cache miss): backend=cortex-m target=cortex
  [t= 510s] 2597/61735 ( 5.1/s)  ok=2343 mism=55 crash=18 timeout=0 skip=181  |  inflight=63
  [t= 513s] 2641/61735 ( 5.1/s)  ok=2385 mism=55 crash=18 timeout=0 skip=183  |  inflight=63
  [2645] MISMATCH w102:42 out[0] max|delta|=4.800e+01 (rtol=0.01 atol=0.001)
  [2664] MISMATCH w102:441 out[0] max|delta|=5.000e+00 (rtol=0.0 atol=0.0)
  [t= 516s] 2687/61735 ( 5.2/s)  ok=2426 mism=57 crash=18 timeout=0 skip=186  |  inflight=63
  [2705] MISMATCH w102:498 out[0] max|delta|=4.800e+01 (rtol=0.01 atol=0.001)
  [2731] MISMATCH w102:544 out[0] max|delta|=4.000e+00 (rtol=0.0 atol=0.0)
  [t= 519s] 2732/61735 ( 5.3/s)  ok=2463 mism=59 crash=18 timeout=0 skip=192  |  inflight=63
  [2774] MISMATCH w102:608 out[0] max|delta|=2.560e+02 (rtol=0.0 atol=0.0)
  [t= 522s] 2779/61735 ( 5.3/s)  ok=2504 mism=60 crash=18 timeout=0 skip=197  |  inflight=63
  [2799] MISMATCH w102:647 out[0] max|delta|=7.206e+16 (rtol=0.0 atol=0.0)
  [t= 526s] 2824/61735 ( 5.4/s)  ok=2542 mism=61 crash=18 timeout=0 skip=203  |  inflight=63
  [2839] CRASH    w100:572 fvp_runner rc=5: >> building runner (cache miss): backend=cortex-m target=cortex
  [2849] MISMATCH w102:726 out[0] max|delta|=4.800e+01 (rtol=0.01 atol=0.001)
  [2857] MISMATCH w102:731 out[0] max|delta|=2.599e-01 (rtol=0.01 atol=0.001)
  [t= 529s] 2875/61735 ( 5.4/s)  ok=2585 mism=63 crash=19 timeout=0 skip=208  |  inflight=63
  [t= 532s] 2922/61735 ( 5.5/s)  ok=2628 mism=63 crash=19 timeout=0 skip=212  |  inflight=63
  [2936] MISMATCH w103:134 out[0] max|delta|=4.000e+00 (rtol=0.0 atol=0.0)
  [t= 535s] 2966/61735 ( 5.5/s)  ok=2668 mism=64 crash=19 timeout=0 skip=215  |  inflight=63
  [2972] MISMATCH w103:180 out[0] max|delta|=2.871e+00 (rtol=0.01 atol=0.001)
  [2988] MISMATCH w103:198 out[0] max|delta|=4.000e+00 (rtol=0.0 atol=0.0)
  [3010] MISMATCH w103:230 out[0] max|delta|=2.000e+00 (rtol=0.0 atol=0.0)
  [t= 538s] 3017/61735 ( 5.6/s)  ok=2713 mism=67 crash=19 timeout=0 skip=218  |  inflight=63
  [3018] CRASH    w102:613 fvp_runner rc=5: >> building runner (cache miss): backend=cortex-m target=cortex
  [3066] MISMATCH w103:304 out[0] max|delta|=1.280e+02 (rtol=0.01 atol=0.001)
  [t= 541s] 3069/61735 ( 5.7/s)  ok=2758 mism=68 crash=20 timeout=0 skip=223  |  inflight=63
  [3105] CRASH    w101:10 fvp_runner rc=5: >> building runner (cache miss): backend=cortex-m target=cortex
  [3107] MISMATCH w103:363 out[0] max|delta|=3.000e+00 (rtol=0.0 atol=0.0)
  [t= 544s] 3120/61735 ( 5.7/s)  ok=2803 mism=69 crash=21 timeout=0 skip=227  |  inflight=63
  [t= 547s] 3167/61735 ( 5.8/s)  ok=2848 mism=69 crash=21 timeout=0 skip=229  |  inflight=63
  [t= 550s] 3213/61735 ( 5.8/s)  ok=2892 mism=69 crash=21 timeout=0 skip=231  |  inflight=63
  [3223] MISMATCH w103:544 out[0] max|delta|=2.306e+18 (rtol=0.0 atol=0.0)
  [3226] MISMATCH w103:549 out[0] max|delta|=2.599e-01 (rtol=0.01 atol=0.001)
  [3253] MISMATCH w103:590 out[0] max|delta|=4.000e+00 (rtol=0.0 atol=0.0)
  [3255] MISMATCH w103:591 out[0] max|delta|=4.000e+00 (rtol=0.0 atol=0.0)
  [t= 553s] 3257/61735 ( 5.9/s)  ok=2929 mism=73 crash=21 timeout=0 skip=234  |  inflight=63
  [3285] MISMATCH w103:636 out[0] max|delta|=4.980e-01 (rtol=0.01 atol=0.001)
  [t= 556s] 3301/61735 ( 5.9/s)  ok=2969 mism=74 crash=21 timeout=0 skip=237  |  inflight=63
  [t= 559s] 3341/61735 ( 6.0/s)  ok=3007 mism=74 crash=21 timeout=0 skip=239  |  inflight=63
  [3359] CRASH    w101:238 fvp_runner rc=5: >> building runner (cache miss): backend=cortex-m target=cortex
  [t= 562s] 3385/61735 ( 6.0/s)  ok=3048 mism=74 crash=22 timeout=0 skip=241  |  inflight=63
  [3431] MISMATCH w104:149 out[0] max|delta|=6.000e+00 (rtol=0.0 atol=0.0)
  [t= 565s] 3432/61735 ( 6.1/s)  ok=3094 mism=75 crash=22 timeout=0 skip=241  |  inflight=63
  [3459] CRASH    w103:572 fvp_runner rc=5: >> building runner (cache miss): backend=cortex-m target=cortex
  [t= 568s] 3484/61735 ( 6.1/s)  ok=3142 mism=75 crash=23 timeout=0 skip=244  |  inflight=63
  [t= 571s] 3529/61735 ( 6.2/s)  ok=3184 mism=75 crash=23 timeout=0 skip=247  |  inflight=63
  [3537] MISMATCH w104:295 out[0] max|delta|=3.777e+00 (rtol=0.01 atol=0.001)
  [3552] MISMATCH w104:313 out[0] max|delta|=7.484e-01 (rtol=0.01 atol=0.001)
  [t= 574s] 3582/61735 ( 6.2/s)  ok=3232 mism=77 crash=23 timeout=0 skip=250  |  inflight=63
  [3614] CRASH    w101:466 fvp_runner rc=5: >> building runner (cache miss): backend=cortex-m target=cortex
  [t= 578s] 3637/61735 ( 6.3/s)  ok=3282 mism=77 crash=24 timeout=0 skip=254  |  inflight=63
  [3651] MISMATCH w104:468 out[0] max|delta|=2.599e-01 (rtol=0.01 atol=0.001)
  [t= 581s] 3687/61735 ( 6.3/s)  ok=3327 mism=78 crash=24 timeout=0 skip=258  |  inflight=63
  [3701] MISMATCH w104:541 out[0] max|delta|=6.747e-01 (rtol=0.01 atol=0.001)
  [3702] MISMATCH w104:54 out[0] max|delta|=3.000e+00 (rtol=0.0 atol=0.0)
  [3712] MISMATCH w104:555 out[0] max|delta|=4.980e-01 (rtol=0.01 atol=0.001)
  [3724] MISMATCH w104:573 out[0] max|delta|=2.000e+00 (rtol=0.0 atol=0.0)
  [3735] MISMATCH w104:59 out[0] max|delta|=1.280e+02 (rtol=0.01 atol=0.001)
  [t= 584s] 3741/61735 ( 6.4/s)  ok=3372 mism=83 crash=24 timeout=0 skip=262  |  inflight=63
  [3749] MISMATCH w104:612 out[0] max|delta|=7.206e+16 (rtol=0.0 atol=0.0)
  [t= 587s] 3794/61735 ( 6.5/s)  ok=3417 mism=84 crash=24 timeout=0 skip=269  |  inflight=63
  [3803] MISMATCH w104:696 out[0] max|delta|=2.599e-01 (rtol=0.01 atol=0.001)
  [t= 590s] 3840/61735 ( 6.5/s)  ok=3458 mism=85 crash=24 timeout=0 skip=273  |  inflight=63
  [3857] CRASH    w101:694 fvp_runner rc=5: >> building runner (cache miss): backend=cortex-m target=cortex
  [3859] MISMATCH w104:769 out[0] max|delta|=1.592e+00 (rtol=0.01 atol=0.001)
  [t= 593s] 3892/61735 ( 6.6/s)  ok=3503 mism=86 crash=25 timeout=0 skip=278  |  inflight=63
  [3921] MISMATCH w105:154 out[0] max|delta|=2.599e-01 (rtol=0.01 atol=0.001)
  [t= 597s] 3938/61735 ( 6.6/s)  ok=3545 mism=87 crash=25 timeout=0 skip=281  |  inflight=63
  [3976] MISMATCH w105:227 out[0] max|delta|=3.891e+00 (rtol=0.01 atol=0.001)
  [t= 600s] 3982/61735 ( 6.6/s)  ok=3585 mism=88 crash=25 timeout=0 skip=284  |  inflight=63
  [3986] MISMATCH w105:241 out[0] max|delta|=1.459e+00 (rtol=0.01 atol=0.001)
  [4016] CRASH    w104:719 fvp_runner rc=5: >> building runner (cache miss): backend=cortex-m target=cortex
  [t= 603s] 4032/61735 ( 6.7/s)  ok=3630 mism=89 crash=26 timeout=0 skip=287  |  inflight=63
  [4038] MISMATCH w105:320 out[0] max|delta|=3.000e+00 (rtol=0.01 atol=0.001)
  [4043] MISMATCH w104:691 out[0] max|delta|=1.000e+00 (rtol=0.0 atol=0.0)
  [t= 606s] 4078/61735 ( 6.7/s)  ok=3674 mism=91 crash=26 timeout=0 skip=287  |  inflight=63
  [4079] MISMATCH w105:382 out[0] max|delta|=2.599e-01 (rtol=0.01 atol=0.001)
  [4104] CRASH    w102:128 fvp_runner rc=5: >> building runner (cache miss): backend=cortex-m target=cortex
  [t= 609s] 4124/61735 ( 6.8/s)  ok=3715 mism=92 crash=27 timeout=0 skip=290  |  inflight=63
  [4150] MISMATCH w105:487 out[0] max|delta|=4.000e+00 (rtol=0.0 atol=0.0)
  [t= 612s] 4172/61735 ( 6.8/s)  ok=3760 mism=93 crash=27 timeout=0 skip=292  |  inflight=63
  [4215] MISMATCH w105:588 out[0] max|delta|=6.129e-01 (rtol=0.01 atol=0.001)
  [t= 615s] 4220/61735 ( 6.9/s)  ok=3806 mism=94 crash=27 timeout=0 skip=293  |  inflight=63
  [4242] CRASH    w105:177 fvp_runner rc=5: >> building runner (cache miss): backend=cortex-m target=cortex
  [4262] MISMATCH w105:657 out[0] max|delta|=1.280e+02 (rtol=0.01 atol=0.001)
  [t= 619s] 4264/61735 ( 6.9/s)  ok=3846 mism=95 crash=28 timeout=0 skip=295  |  inflight=63
  [t= 622s] 4308/61735 ( 6.9/s)  ok=3885 mism=95 crash=28 timeout=0 skip=300  |  inflight=63
  [4324] CRASH    w102:356 fvp_runner rc=5: >> building runner (cache miss): backend=cortex-m target=cortex
  [4356] MISMATCH w105:439 out[0] max|delta|=2.300e+01 (rtol=0.0 atol=0.0)
  [t= 625s] 4356/61735 ( 7.0/s)  ok=3927 mism=96 crash=29 timeout=0 skip=304  |  inflight=63
  [4377] MISMATCH w106:11 out[0] max|delta|=2.306e+18 (rtol=0.0 atol=0.0)
  [t= 628s] 4403/61735 ( 7.0/s)  ok=3971 mism=97 crash=29 timeout=0 skip=306  |  inflight=63
  [t= 631s] 4445/61735 ( 7.0/s)  ok=4011 mism=97 crash=29 timeout=0 skip=308  |  inflight=63
  [t= 634s] 4491/61735 ( 7.1/s)  ok=4052 mism=97 crash=29 timeout=0 skip=313  |  inflight=63
  [4518] MISMATCH w106:317 out[0] max|delta|=1.645e+00 (rtol=0.01 atol=0.001)
  [4526] MISMATCH w106:331 out[0] max|delta|=3.733e+00 (rtol=0.01 atol=0.001)
  [t= 637s] 4534/61735 ( 7.1/s)  ok=4087 mism=99 crash=29 timeout=0 skip=319  |  inflight=63
  [4538] CRASH    w102:584 fvp_runner rc=5: >> building runner (cache miss): backend=cortex-m target=cortex
  [4560] MISMATCH w106:381 out[0] max|delta|=6.000e+00 (rtol=0.0 atol=0.0)
  [t= 640s] 4578/61735 ( 7.2/s)  ok=4127 mism=100 crash=30 timeout=0 skip=321  |  inflight=63
  [4621] MISMATCH w106:472 out[0] max|delta|=2.599e-01 (rtol=0.01 atol=0.001)
  [t= 643s] 4621/61735 ( 7.2/s)  ok=4167 mism=101 crash=30 timeout=0 skip=323  |  inflight=63
  [4634] MISMATCH w106:499 out[0] max|delta|=1.280e+02 (rtol=0.01 atol=0.001)
  [4659] CRASH    w106:267 fvp_runner rc=5: >> building runner (cache miss): backend=cortex-m target=cortex
  [4667] MISMATCH w106:545 out[0] max|delta|=1.161e+00 (rtol=0.01 atol=0.001)
  [t= 646s] 4667/61735 ( 7.2/s)  ok=4204 mism=103 crash=31 timeout=0 skip=329  |  inflight=63
  [t= 649s] 4707/61735 ( 7.3/s)  ok=4244 mism=103 crash=31 timeout=0 skip=329  |  inflight=63
  [4720] MISMATCH w106:616 out[0] max|delta|=1.441e+17 (rtol=0.0 atol=0.0)
  [4741] CRASH    w103:174 fvp_runner rc=5: >> building runner (cache miss): backend=cortex-m target=cortex
  [t= 652s] 4754/61735 ( 7.3/s)  ok=4285 mism=104 crash=32 timeout=0 skip=333  |  inflight=63
  [4777] MISMATCH w106:700 out[0] max|delta|=2.599e-01 (rtol=0.01 atol=0.001)
  [t= 655s] 4801/61735 ( 7.3/s)  ok=4328 mism=105 crash=32 timeout=0 skip=336  |  inflight=63
  [4806] MISMATCH w106:741 out[0] max|delta|=4.000e+00 (rtol=0.0 atol=0.0)
  [4830] MISMATCH w106:773 out[0] max|delta|=7.534e-01 (rtol=0.01 atol=0.001)
  [t= 659s] 4845/61735 ( 7.4/s)  ok=4367 mism=107 crash=32 timeout=0 skip=339  |  inflight=63
  [4848] MISMATCH w107:0 out[0] max|delta|=2.489e+00 (rtol=0.01 atol=0.001)
  [t= 662s] 4888/61735 ( 7.4/s)  ok=4405 mism=108 crash=32 timeout=0 skip=343  |  inflight=63
  [4907] MISMATCH w107:17 out[0] max|delta|=2.306e+18 (rtol=0.0 atol=0.0)
  [t= 665s] 4933/61735 ( 7.4/s)  ok=4446 mism=109 crash=32 timeout=1 skip=345  |  inflight=63
  [4941] MISMATCH w107:22 out[0] max|delta|=2.599e-01 (rtol=0.01 atol=0.001)
  [4961] MISMATCH w107:246 out[0] max|delta|=1.610e+02 (rtol=0.01 atol=0.001)
  [t= 668s] 4975/61735 ( 7.5/s)  ok=4483 mism=111 crash=32 timeout=1 skip=348  |  inflight=63
  [t= 671s] 5018/61735 ( 7.5/s)  ok=4524 mism=111 crash=32 timeout=1 skip=350  |  inflight=63
  [5035] MISMATCH w107:355 out[0] max|delta|=2.560e+02 (rtol=0.0 atol=0.0)
  [5042] CRASH    w107:132 fvp_runner rc=5: >> building runner (cache miss): backend=cortex-m target=cortex
  [t= 674s] 5063/61735 ( 7.5/s)  ok=4562 mism=112 crash=33 timeout=2 skip=354  |  inflight=63
  [t= 677s] 5106/61735 ( 7.5/s)  ok=4602 mism=112 crash=33 timeout=2 skip=357  |  inflight=63
  [5113] MISMATCH w107:470 out[0] max|delta|=2.306e+18 (rtol=0.0 atol=0.0)
  [t= 680s] 5145/61735 ( 7.6/s)  ok=4634 mism=113 crash=33 timeout=2 skip=363  |  inflight=63
  [5147] MISMATCH w107:519 out[0] max|delta|=4.000e+00 (rtol=0.0 atol=0.0)
  [5170] MISMATCH w107:551 out[0] max|delta|=1.110e+00 (rtol=0.01 atol=0.001)
  [5176] MISMATCH w107:562 out[0] max|delta|=1.000e+00 (rtol=0.01 atol=0.001)
  [t= 683s] 5189/61735 ( 7.6/s)  ok=4670 mism=116 crash=33 timeout=2 skip=368  |  inflight=63
  [t= 686s] 5229/61735 ( 7.6/s)  ok=4708 mism=116 crash=33 timeout=2 skip=370  |  inflight=63
  [5255] CRASH    w107:45 fvp_runner rc=5: >> building runner (cache miss): backend=cortex-m target=cortex
  [5266] MISMATCH w107:701 out[0] max|delta|=4.800e+01 (rtol=0.01 atol=0.001)
  [5269] MISMATCH w107:706 out[0] max|delta|=2.599e-01 (rtol=0.01 atol=0.001)
  [t= 689s] 5269/61735 ( 7.6/s)  ok=4742 mism=118 crash=34 timeout=2 skip=373  |  inflight=63
  [5287] MISMATCH w107:733 out[0] max|delta|=1.280e+02 (rtol=0.01 atol=0.001)
  [5295] MISMATCH w107:747 out[0] max|delta|=3.000e+00 (rtol=0.0 atol=0.0)
  [t= 692s] 5315/61735 ( 7.7/s)  ok=4777 mism=120 crash=34 timeout=3 skip=381  |  inflight=63
  [t= 695s] 5357/61735 ( 7.7/s)  ok=4818 mism=120 crash=34 timeout=3 skip=382  |  inflight=63
  [5370] MISMATCH w108:154 out[0] max|delta|=1.164e+00 (rtol=0.01 atol=0.001)
  [5378] MISMATCH w108:168 out[0] max|delta|=2.847e+00 (rtol=0.01 atol=0.001)
  [5393] MISMATCH w108:186 out[0] max|delta|=2.560e+02 (rtol=0.0 atol=0.0)
  [t= 698s] 5399/61735 ( 7.7/s)  ok=4853 mism=123 crash=34 timeout=3 skip=386  |  inflight=63
  [5409] MISMATCH w108:218 out[0] max|delta|=7.000e+00 (rtol=0.0 atol=0.0)
  [5426] MISMATCH w108:236 out[0] max|delta|=1.000e+00 (rtol=0.0 atol=0.0)
  [t= 701s] 5443/61735 ( 7.8/s)  ok=4891 mism=125 crash=34 timeout=4 skip=389  |  inflight=63
  [5464] MISMATCH w108:292 out[0] max|delta|=1.280e+02 (rtol=0.01 atol=0.001)
  [t= 704s] 5487/61735 ( 7.8/s)  ok=4932 mism=126 crash=34 timeout=4 skip=391  |  inflight=63
  [5504] CRASH    w108:104 fvp_runner rc=5: >> building runner (cache miss): backend=cortex-m target=cortex
  [t= 708s] 5530/61735 ( 7.8/s)  ok=4972 mism=126 crash=35 timeout=4 skip=393  |  inflight=63
  [5533] MISMATCH w108:396 out[0] max|delta|=2.392e+00 (rtol=0.01 atol=0.001)
  [5547] MISMATCH w108:414 out[0] max|delta|=1.600e+01 (rtol=0.0 atol=0.0)
  [t= 711s] 5576/61735 ( 7.8/s)  ok=5010 mism=128 crash=35 timeout=6 skip=397  |  inflight=63
  [t= 714s] 5622/61735 ( 7.9/s)  ok=5054 mism=128 crash=35 timeout=6 skip=399  |  inflight=63
  [5627] MISMATCH w108:537 out[0] max|delta|=2.599e-01 (rtol=0.01 atol=0.001)
  [t= 717s] 5665/61735 ( 7.9/s)  ok=5091 mism=129 crash=35 timeout=6 skip=404  |  inflight=63
  [5676] MISMATCH w108:610 out[0] max|delta|=1.645e+00 (rtol=0.01 atol=0.001)
  [5680] MISMATCH w108:624 out[0] max|delta|=2.392e+00 (rtol=0.01 atol=0.001)
  [t= 720s] 5714/61735 ( 7.9/s)  ok=5133 mism=131 crash=35 timeout=7 skip=408  |  inflight=63
  [5761] MISMATCH w108:748 out[0] max|delta|=1.280e+02 (rtol=0.01 atol=0.001)
  [t= 723s] 5762/61735 ( 8.0/s)  ok=5177 mism=132 crash=35 timeout=7 skip=411  |  inflight=63
  [5774] MISMATCH w108:765 out[0] max|delta|=2.599e-01 (rtol=0.01 atol=0.001)
  [5805] MISMATCH w109:108 out[0] max|delta|=4.000e+00 (rtol=0.0 atol=0.0)
  [t= 726s] 5805/61735 ( 8.0/s)  ok=5216 mism=134 crash=35 timeout=7 skip=413  |  inflight=63
  [5841] MISMATCH w109:154 out[0] max|delta|=1.459e+00 (rtol=0.01 atol=0.001)
  [t= 729s] 5853/61735 ( 8.0/s)  ok=5257 mism=135 crash=35 timeout=8 skip=418  |  inflight=63
  [5882] MISMATCH w109:211 out[0] max|delta|=1.153e+18 (rtol=0.0 atol=0.0)
  [t= 732s] 5900/61735 ( 8.1/s)  ok=5300 mism=136 crash=35 timeout=8 skip=421  |  inflight=63
  [t= 735s] 5943/61735 ( 8.1/s)  ok=5340 mism=136 crash=35 timeout=8 skip=424  |  inflight=63
  [t= 739s] 5991/61735 ( 8.1/s)  ok=5380 mism=136 crash=35 timeout=10 skip=430  |  inflight=63
  [6003] MISMATCH w109:382 out[0] max|delta|=9.882e-01 (rtol=0.01 atol=0.001)
  [t= 742s] 6038/61735 ( 8.1/s)  ok=5423 mism=137 crash=35 timeout=10 skip=433  |  inflight=63
  [t= 745s] 6084/61735 ( 8.2/s)  ok=5468 mism=137 crash=35 timeout=10 skip=434  |  inflight=63
  [6088] MISMATCH w109:518 out[0] max|delta|=4.785e+01 (rtol=0.01 atol=0.001)
  [6131] MISMATCH w109:580 out[0] max|delta|=2.300e+01 (rtol=0.0 atol=0.0)
  [t= 748s] 6133/61735 ( 8.2/s)  ok=5511 mism=139 crash=35 timeout=10 skip=438  |  inflight=63
  [6141] MISMATCH w109:596 out[0] max|delta|=1.161e+00 (rtol=0.01 atol=0.001)
  [6158] MISMATCH w109:62 out[0] max|delta|=4.800e+01 (rtol=0.01 atol=0.001)
  [6162] MISMATCH w109:628 out[0] max|delta|=1.280e+02 (rtol=0.0 atol=0.0)
  [6163] MISMATCH w109:63 out[0] max|delta|=2.701e+02 (rtol=0.01 atol=0.001)
  [t= 751s] 6183/61735 ( 8.2/s)  ok=5555 mism=143 crash=35 timeout=10 skip=440  |  inflight=63
  [6188] MISMATCH w109:67 out[0] max|delta|=2.599e-01 (rtol=0.01 atol=0.001)
  [t= 754s] 6228/61735 ( 8.3/s)  ok=5597 mism=144 crash=35 timeout=11 skip=441  |  inflight=63
  [t= 757s] 6275/61735 ( 8.3/s)  ok=5641 mism=144 crash=35 timeout=11 skip=444  |  inflight=63
  [6303] MISMATCH w11:120 out[0] max|delta|=4.800e+01 (rtol=0.01 atol=0.001)
  [t= 760s] 6324/61735 ( 8.3/s)  ok=5687 mism=145 crash=35 timeout=11 skip=446  |  inflight=63
  [6335] MISMATCH w11:166 out[0] max|delta|=2.000e+00 (rtol=0.01 atol=0.001)
  [6359] MISMATCH w11:198 out[0] max|delta|=2.768e+00 (rtol=0.01 atol=0.001)
  [t= 763s] 6368/61735 ( 8.3/s)  ok=5725 mism=147 crash=35 timeout=11 skip=450  |  inflight=63
  [6373] MISMATCH w11:212 out[0] max|delta|=9.804e-01 (rtol=0.01 atol=0.001)
  [t= 766s] 6417/61735 ( 8.4/s)  ok=5768 mism=148 crash=35 timeout=12 skip=454  |  inflight=63
  [t= 769s] 6465/61735 ( 8.4/s)  ok=5814 mism=148 crash=35 timeout=12 skip=456  |  inflight=63
  [6498] MISMATCH w11:394 out[0] max|delta|=4.000e+00 (rtol=0.0 atol=0.0)
  [6508] MISMATCH w11:410 out[0] max|delta|=2.300e+01 (rtol=0.0 atol=0.0)
  [t= 772s] 6512/61735 ( 8.4/s)  ok=5855 mism=150 crash=35 timeout=12 skip=460  |  inflight=63
  [6524] MISMATCH w11:440 out[0] max|delta|=2.412e+00 (rtol=0.01 atol=0.001)
  [t= 775s] 6559/61735 ( 8.5/s)  ok=5897 mism=151 crash=35 timeout=12 skip=464  |  inflight=63
  [t= 778s] 6610/61735 ( 8.5/s)  ok=5942 mism=151 crash=35 timeout=15 skip=467  |  inflight=63
  [6627] MISMATCH w11:576 out[0] max|delta|=4.800e+01 (rtol=0.01 atol=0.001)
  [6629] MISMATCH w11:581 out[0] max|delta|=2.599e-01 (rtol=0.01 atol=0.001)
  [6660] MISMATCH w11:622 out[0] max|delta|=4.000e+00 (rtol=0.0 atol=0.0)
  [t= 781s] 6660/61735 ( 8.5/s)  ok=5984 mism=154 crash=35 timeout=15 skip=472  |  inflight=63
  [6674] MISMATCH w11:638 out[0] max|delta|=4.700e+01 (rtol=0.0 atol=0.0)
  [t= 784s] 6709/61735 ( 8.6/s)  ok=6030 mism=155 crash=35 timeout=15 skip=474  |  inflight=63
  [t= 787s] 6757/61735 ( 8.6/s)  ok=6075 mism=155 crash=35 timeout=15 skip=477  |  inflight=63
  [t= 791s] 6804/61735 ( 8.6/s)  ok=6117 mism=155 crash=35 timeout=16 skip=481  |  inflight=63
  [t= 794s] 6852/61735 ( 8.6/s)  ok=6159 mism=155 crash=35 timeout=16 skip=487  |  inflight=63
  [t= 797s] 6895/61735 ( 8.7/s)  ok=6198 mism=155 crash=35 timeout=16 skip=491  |  inflight=63
  [6930] MISMATCH w110:324 out[0] max|delta|=8.090e-01 (rtol=0.01 atol=0.001)
  [t= 800s] 6941/61735 ( 8.7/s)  ok=6240 mism=156 crash=35 timeout=17 skip=493  |  inflight=63
  [6957] CRASH    w110:119 fvp_runner rc=5: >> building runner (cache miss): backend=cortex-m target=cortex
  [t= 803s] 6989/61735 ( 8.7/s)  ok=6284 mism=156 crash=36 timeout=17 skip=496  |  inflight=63
  [6995] MISMATCH w110:429 out[0] max|delta|=1.600e+01 (rtol=0.0 atol=0.0)
  [t= 806s] 7032/61735 ( 8.7/s)  ok=6322 mism=157 crash=36 timeout=17 skip=500  |  inflight=63
  [7063] MISMATCH w110:552 out[0] max|delta|=2.599e-01 (rtol=0.01 atol=0.001)
  [t= 809s] 7078/61735 ( 8.7/s)  ok=6365 mism=158 crash=36 timeout=17 skip=502  |  inflight=63
  [7112] MISMATCH w110:625 out[0] max|delta|=1.645e+00 (rtol=0.01 atol=0.001)
  [7120] MISMATCH w110:639 out[0] max|delta|=1.929e+00 (rtol=0.01 atol=0.001)
  [t= 812s] 7126/61735 ( 8.8/s)  ok=6405 mism=160 crash=36 timeout=17 skip=508  |  inflight=63
  [7158] CRASH    w110:206 fvp_runner rc=5: >> building runner (cache miss): backend=cortex-m target=cortex
  [t= 815s] 7173/61735 ( 8.8/s)  ok=6447 mism=160 crash=37 timeout=18 skip=511  |  inflight=63
  [7214] MISMATCH w110:775 out[0] max|delta|=4.800e+01 (rtol=0.01 atol=0.001)
  [t= 818s] 7221/61735 ( 8.8/s)  ok=6492 mism=161 crash=37 timeout=18 skip=513  |  inflight=63
  [7234] MISMATCH w110:96 out[0] max|delta|=4.405e-01 (rtol=0.01 atol=0.001)
  [7244] MISMATCH w111:123 out[0] max|delta|=4.700e+01 (rtol=0.0 atol=0.0)
  [7245] MISMATCH w111:108 out[0] max|delta|=3.000e+00 (rtol=0.0 atol=0.0)
  [t= 821s] 7272/61735 ( 8.9/s)  ok=6539 mism=164 crash=37 timeout=18 skip=514  |  inflight=63
  [7275] MISMATCH w111:153 out[0] max|delta|=2.871e+00 (rtol=0.01 atol=0.001)
  [t= 824s] 7321/61735 ( 8.9/s)  ok=6586 mism=165 crash=37 timeout=18 skip=515  |  inflight=63
  [7361] MISMATCH w111:289 out[0] max|delta|=4.800e+01 (rtol=0.01 atol=0.001)
  [7366] MISMATCH w111:294 out[0] max|delta|=2.599e-01 (rtol=0.01 atol=0.001)
  [t= 827s] 7371/61735 ( 8.9/s)  ok=6631 mism=167 crash=37 timeout=19 skip=517  |  inflight=63
  [t= 830s] 7423/61735 ( 8.9/s)  ok=6679 mism=167 crash=37 timeout=19 skip=521  |  inflight=63
  [7438] MISMATCH w111:399 out[0] max|delta|=8.000e+00 (rtol=0.0 atol=0.0)
  [7464] MISMATCH w111:438 out[0] max|delta|=9.223e+18 (rtol=0.0 atol=0.0)
  [t= 834s] 7472/61735 ( 9.0/s)  ok=6723 mism=169 crash=37 timeout=19 skip=524  |  inflight=63
  [7516] MISMATCH w111:517 out[0] max|delta|=2.306e+18 (rtol=0.0 atol=0.0)
  [7517] MISMATCH w111:518 out[0] max|delta|=2.553e+02 (rtol=0.01 atol=0.001)
  [t= 837s] 7525/61735 ( 9.0/s)  ok=6772 mism=171 crash=37 timeout=20 skip=525  |  inflight=63
  [t= 840s] 7568/61735 ( 9.0/s)  ok=6811 mism=171 crash=37 timeout=20 skip=529  |  inflight=63
  [7601] CRASH    w111:404 fvp_runner rc=5: >> building runner (cache miss): backend=cortex-m target=cortex
  [7612] MISMATCH w111:659 out[0] max|delta|=5.000e+00 (rtol=0.0 atol=0.0)
  [7615] MISMATCH w111:66 out[0] max|delta|=2.599e-01 (rtol=0.01 atol=0.001)
  [t= 843s] 7619/61735 ( 9.0/s)  ok=6856 mism=173 crash=38 timeout=20 skip=532  |  inflight=63
  [t= 846s] 7671/61735 ( 9.1/s)  ok=6907 mism=173 crash=38 timeout=20 skip=533  |  inflight=63
  [t= 849s] 7716/61735 ( 9.1/s)  ok=6946 mism=173 crash=38 timeout=21 skip=538  |  inflight=63
  [7769] MISMATCH w112:177 out[0] max|delta|=7.670e+02 (rtol=0.0 atol=0.0)
  [t= 852s] 7776/61735 ( 9.1/s)  ok=6999 mism=174 crash=38 timeout=21 skip=544  |  inflight=63
  [7789] MISMATCH w112:216 out[0] max|delta|=4.612e+18 (rtol=0.0 atol=0.0)
  [7808] MISMATCH w112:238 out[0] max|delta|=4.000e+00 (rtol=0.01 atol=0.001)
  [t= 855s] 7822/61735 ( 9.1/s)  ok=7038 mism=176 crash=38 timeout=21 skip=549  |  inflight=63
  [7866] MISMATCH w112:327 out[0] max|delta|=1.280e+02 (rtol=0.01 atol=0.001)
  [t= 858s] 7870/61735 ( 9.2/s)  ok=7081 mism=177 crash=38 timeout=22 skip=552  |  inflight=63
  [t= 862s] 7927/61735 ( 9.2/s)  ok=7133 mism=177 crash=38 timeout=22 skip=557  |  inflight=64
  [t= 865s] 7968/61735 ( 9.2/s)  ok=7170 mism=177 crash=38 timeout=22 skip=561  |  inflight=63
  [7981] MISMATCH w112:50 out[0] max|delta|=1.179e+00 (rtol=0.01 atol=0.001)
  [7997] MISMATCH w112:523 out[0] max|delta|=2.306e+18 (rtol=0.0 atol=0.0)
  [8002] MISMATCH w112:528 out[0] max|delta|=2.599e-01 (rtol=0.01 atol=0.001)
  [t= 868s] 8024/61735 ( 9.2/s)  ok=7219 mism=180 crash=38 timeout=23 skip=564  |  inflight=63
  [8031] CRASH    w112:323 fvp_runner rc=5: >> building runner (cache miss): backend=cortex-m target=cortex
  [8041] MISMATCH w112:585 out[0] max|delta|=2.300e+01 (rtol=0.0 atol=0.0)
  [t= 871s] 8067/61735 ( 9.3/s)  ok=7257 mism=181 crash=39 timeout=23 skip=567  |  inflight=63
  [8093] MISMATCH w112:665 out[0] max|delta|=6.000e+00 (rtol=0.0 atol=0.0)
  [8097] MISMATCH w112:67 out[0] max|delta|=4.800e+01 (rtol=0.01 atol=0.001)
  [8098] MISMATCH w112:672 out[0] max|delta|=1.441e+17 (rtol=0.0 atol=0.0)
  [t= 874s] 8118/61735 ( 9.3/s)  ok=7302 mism=184 crash=39 timeout=23 skip=570  |  inflight=63
  [8157] MISMATCH w112:756 out[0] max|delta|=2.599e-01 (rtol=0.01 atol=0.001)
  [t= 877s] 8173/61735 ( 9.3/s)  ok=7353 mism=185 crash=39 timeout=23 skip=573  |  inflight=63
  [8181] MISMATCH w113:10 out[0] max|delta|=1.000e+00 (rtol=0.01 atol=0.001)
  [t= 880s] 8208/61735 ( 9.3/s)  ok=7383 mism=186 crash=39 timeout=23 skip=577  |  inflight=63
  [8209] MISMATCH w113:141 out[0] max|delta|=2.306e+18 (rtol=0.0 atol=0.0)
  [8210] CRASH    w112:551 fvp_runner rc=5: >> building runner (cache miss): backend=cortex-m target=cortex
  [8261] MISMATCH w113:203 out[0] max|delta|=3.200e+01 (rtol=0.0 atol=0.0)
  [t= 883s] 8262/61735 ( 9.4/s)  ok=7427 mism=188 crash=40 timeout=24 skip=583  |  inflight=63
  [8302] MISMATCH w113:251 out[0] max|delta|=8.000e+00 (rtol=0.0 atol=0.0)
  [t= 886s] 8315/61735 ( 9.4/s)  ok=7476 mism=189 crash=40 timeout=24 skip=586  |  inflight=63
  [t= 890s] 8361/61735 ( 9.4/s)  ok=7517 mism=189 crash=40 timeout=24 skip=591  |  inflight=63
  [8372] MISMATCH w113:369 out[0] max|delta|=9.223e+18 (rtol=0.0 atol=0.0)
  [8374] MISMATCH w113:374 out[0] max|delta|=2.599e-01 (rtol=0.01 atol=0.001)
  [t= 893s] 8421/61735 ( 9.4/s)  ok=7567 mism=191 crash=40 timeout=25 skip=598  |  inflight=63
  [8433] CRASH    w112:95 fvp_runner rc=5: >> building runner (cache miss): backend=cortex-m target=cortex
  [t= 896s] 8489/61735 ( 9.5/s)  ok=7630 mism=191 crash=41 timeout=25 skip=602  |  inflight=63
  [8494] MISMATCH w113:55 out[0] max|delta|=3.000e+00 (rtol=0.0 atol=0.0)
  [8525] MISMATCH w113:597 out[0] max|delta|=4.800e+01 (rtol=0.01 atol=0.001)
  [t= 899s] 8548/61735 ( 9.5/s)  ok=7680 mism=193 crash=41 timeout=25 skip=609  |  inflight=63
  [8573] MISMATCH w113:675 out[0] max|delta|=2.018e+00 (rtol=0.01 atol=0.001)
  [8617] MISMATCH w113:746 out[0] max|delta|=5.765e+17 (rtol=0.0 atol=0.0)
  [t= 902s] 8622/61735 ( 9.6/s)  ok=7743 mism=195 crash=41 timeout=26 skip=617  |  inflight=63
  [8624] MISMATCH w113:757 out[0] max|delta|=2.147e+09 (rtol=0.0 atol=0.0)
  [8682] MISMATCH w114:134 out[0] max|delta|=1.000e+00 (rtol=0.0 atol=0.0)
  [8685] MISMATCH w114:139 out[0] max|delta|=8.090e-01 (rtol=0.01 atol=0.001)
  [t= 905s] 8686/61735 ( 9.6/s)  ok=7796 mism=198 crash=41 timeout=26 skip=625  |  inflight=63
  [t= 908s] 8744/61735 ( 9.6/s)  ok=7849 mism=198 crash=41 timeout=26 skip=630  |  inflight=63
  [8768] CRASH    w113:625 fvp_runner rc=5: >> building runner (cache miss): backend=cortex-m target=cortex
  [8783] MISMATCH w114:276 out[0] max|delta|=5.000e+00 (rtol=0.0 atol=0.0)
  [8793] MISMATCH w114:289 out[0] max|delta|=7.670e+02 (rtol=0.0 atol=0.0)
  [t= 911s] 8816/61735 ( 9.7/s)  ok=7914 mism=200 crash=42 timeout=27 skip=633  |  inflight=63
  [8839] MISMATCH w114:359 out[0] max|delta|=1.441e+17 (rtol=0.0 atol=0.0)
  [8840] MISMATCH w114:362 out[0] max|delta|=2.306e+18 (rtol=0.0 atol=0.0)
  [8843] MISMATCH w114:367 out[0] max|delta|=2.599e-01 (rtol=0.01 atol=0.001)
  [8873] MISMATCH w114:408 out[0] max|delta|=4.000e+00 (rtol=0.0 atol=0.0)
  [t= 914s] 8885/61735 ( 9.7/s)  ok=7975 mism=204 crash=42 timeout=27 skip=637  |  inflight=63
  [8886] MISMATCH w114:424 out[0] max|delta|=2.300e+01 (rtol=0.0 atol=0.0)
  [8923] MISMATCH w114:472 out[0] max|delta|=8.000e+00 (rtol=0.0 atol=0.0)
  [t= 917s] 8944/61735 ( 9.8/s)  ok=8028 mism=206 crash=42 timeout=27 skip=641  |  inflight=63
  [8996] MISMATCH w114:595 out[0] max|delta|=2.599e-01 (rtol=0.01 atol=0.001)
  [8999] MISMATCH w114:590 out[0] max|delta|=9.223e+18 (rtol=0.0 atol=0.0)
  [t= 920s] 9015/61735 ( 9.8/s)  ok=8091 mism=208 crash=42 timeout=28 skip=646  |  inflight=63
  [9025] MISMATCH w114:636 out[0] max|delta|=4.000e+00 (rtol=0.0 atol=0.0)
  [9041] CRASH    w113:712 fvp_runner rc=5: >> building runner (cache miss): backend=cortex-m target=cortex
  [9043] MISMATCH w114:654 out[0] max|delta|=3.420e-01 (rtol=0.01 atol=0.001)
  [9051] MISMATCH w114:668 out[0] max|delta|=1.645e+00 (rtol=0.01 atol=0.001)
  [9059] MISMATCH w114:682 out[0] max|delta|=3.765e+00 (rtol=0.01 atol=0.001)
  [t= 923s] 9083/61735 ( 9.8/s)  ok=8151 mism=212 crash=43 timeout=28 skip=649  |  inflight=63
  [t= 926s] 9144/61735 ( 9.9/s)  ok=8204 mism=212 crash=43 timeout=28 skip=657  |  inflight=63
  [9160] MISMATCH w115:122 out[0] max|delta|=4.000e+00 (rtol=0.0 atol=0.0)
  [9165] MISMATCH w115:129 out[0] max|delta|=2.882e+17 (rtol=0.0 atol=0.0)
  [9169] MISMATCH w115:135 out[0] max|delta|=5.000e+00 (rtol=0.0 atol=0.0)
  [t= 929s] 9217/61735 ( 9.9/s)  ok=8267 mism=215 crash=43 timeout=29 skip=663  |  inflight=63
  [9230] MISMATCH w115:213 out[0] max|delta|=2.599e-01 (rtol=0.01 atol=0.001)
  [9266] MISMATCH w115:26 out[0] max|delta|=9.995e-01 (rtol=0.01 atol=0.001)
  [9273] MISMATCH w115:270 out[0] max|delta|=4.700e+01 (rtol=0.0 atol=0.0)
  [t= 933s] 9285/61735 (10.0/s)  ok=8326 mism=218 crash=43 timeout=29 skip=669  |  inflight=63
  [9293] MISMATCH w115:300 out[0] max|delta|=2.392e+00 (rtol=0.01 atol=0.001)
  [9307] MISMATCH w115:318 out[0] max|delta|=6.400e+01 (rtol=0.0 atol=0.0)
  [9328] CRASH    w114:21 fvp_runner rc=5: >> building runner (cache miss): backend=cortex-m target=cortex
  [9333] MISMATCH w115:350 out[0] max|delta|=5.000e+00 (rtol=0.0 atol=0.0)
  [9341] MISMATCH w115:363 out[0] max|delta|=3.830e+02 (rtol=0.0 atol=0.0)
  [t= 936s] 9345/61735 (10.0/s)  ok=8378 mism=222 crash=44 timeout=29 skip=672  |  inflight=63
  [9391] MISMATCH w115:436 out[0] max|delta|=2.306e+18 (rtol=0.0 atol=0.0)
  [9394] MISMATCH w115:441 out[0] max|delta|=2.599e-01 (rtol=0.01 atol=0.001)
  [t= 939s] 9417/61735 (10.0/s)  ok=8441 mism=224 crash=44 timeout=29 skip=679  |  inflight=63
  [t= 942s] 9483/61735 (10.1/s)  ok=8501 mism=224 crash=44 timeout=30 skip=684  |  inflight=63
  [9489] MISMATCH w115:578 out[0] max|delta|=3.000e+00 (rtol=0.0 atol=0.0)
  [9537] CRASH    w115:323 fvp_runner rc=5: >> building runner (cache miss): backend=cortex-m target=cortex
  [t= 945s] 9542/61735 (10.1/s)  ok=8556 mism=225 crash=45 timeout=30 skip=686  |  inflight=63
  [9549] MISMATCH w115:664 out[0] max|delta|=2.306e+18 (rtol=0.0 atol=0.0)
  [9553] MISMATCH w115:669 out[0] max|delta|=2.599e-01 (rtol=0.01 atol=0.001)
  [9582] MISMATCH w115:710 out[0] max|delta|=4.000e+00 (rtol=0.0 atol=0.0)
  [9588] MISMATCH w115:72 out[0] max|delta|=2.847e+00 (rtol=0.01 atol=0.001)
  [t= 948s] 9608/61735 (10.1/s)  ok=8613 mism=229 crash=45 timeout=30 skip=691  |  inflight=63
  [9631] CRASH    w115:464 fvp_runner rc=5: >> building runner (cache miss): backend=cortex-m target=cortex
  [9638] MISMATCH w115:90 out[0] max|delta|=3.200e+01 (rtol=0.0 atol=0.0)
  [t= 951s] 9675/61735 (10.2/s)  ok=8673 mism=230 crash=46 timeout=31 skip=695  |  inflight=63
  [9714] MISMATCH w116:202 out[0] max|delta|=1.459e+00 (rtol=0.01 atol=0.001)
  [9730] MISMATCH w116:220 out[0] max|delta|=7.670e+02 (rtol=0.0 atol=0.0)
  [t= 954s] 9733/61735 (10.2/s)  ok=8725 mism=232 crash=46 timeout=31 skip=699  |  inflight=63
  [9738] MISMATCH w116:232 out[0] max|delta|=9.814e+01 (rtol=0.01 atol=0.001)
  [t= 957s] 9795/61735 (10.2/s)  ok=8779 mism=233 crash=46 timeout=31 skip=706  |  inflight=63
  [9805] CRASH    w115:551 fvp_runner rc=5: >> building runner (cache miss): backend=cortex-m target=cortex
  [9832] MISMATCH w116:370 out[0] max|delta|=1.280e+02 (rtol=0.01 atol=0.001)
  [t= 960s] 9858/61735 (10.3/s)  ok=8835 mism=234 crash=47 timeout=32 skip=710  |  inflight=63
  [9910] CRASH    w116:138 fvp_runner rc=5: >> building runner (cache miss): backend=cortex-m target=cortex
  [9916] MISMATCH w116:480 out[0] max|delta|=6.000e+00 (rtol=0.0 atol=0.0)
  [t= 963s] 9923/61735 (10.3/s)  ok=8894 mism=235 crash=48 timeout=32 skip=714  |  inflight=63
  [9972] MISMATCH w116:567 out[0] max|delta|=1.253e+03 (rtol=0.01 atol=0.001)
  [t= 966s] 9981/61735 (10.3/s)  ok=8945 mism=236 crash=48 timeout=32 skip=720  |  inflight=63
  [9982] MISMATCH w116:628 out[0] max|delta|=2.300e+01 (rtol=0.0 atol=0.0)
  [10043] MISMATCH w116:658 out[0] max|delta|=4.980e-01 (rtol=0.01 atol=0.001)
  [10054] MISMATCH w116:676 out[0] max|delta|=4.000e+00 (rtol=0.0 atol=0.0)
  [t= 969s] 10056/61735 (10.4/s)  ok=9007 mism=239 crash=48 timeout=33 skip=729  |  inflight=63
  [10104] MISMATCH w116:752 out[0] max|delta|=2.075e+00 (rtol=0.01 atol=0.001)
  [t= 972s] 10113/61735 (10.4/s)  ok=9060 mism=240 crash=48 timeout=33 skip=732  |  inflight=63
  [10165] CRASH    w116:225 fvp_runner rc=5: >> building runner (cache miss): backend=cortex-m target=cortex
  [t= 976s] 10171/61735 (10.4/s)  ok=9114 mism=240 crash=49 timeout=33 skip=735  |  inflight=63
  [10223] MISMATCH w117:228 out[0] max|delta|=2.306e+18 (rtol=0.0 atol=0.0)
  [10226] MISMATCH w117:233 out[0] max|delta|=2.599e-01 (rtol=0.01 atol=0.001)
  [t= 979s] 10241/61735 (10.5/s)  ok=9175 mism=242 crash=49 timeout=34 skip=741  |  inflight=63
  [10292] MISMATCH w117:320 out[0] max|delta|=1.945e+00 (rtol=0.01 atol=0.001)
  [10293] MISMATCH w117:32 out[0] max|delta|=1.280e+02 (rtol=0.01 atol=0.001)
  [t= 982s] 10301/61735 (10.5/s)  ok=9226 mism=244 crash=49 timeout=34 skip=748  |  inflight=63
  [10303] MISMATCH w117:338 out[0] max|delta|=4.000e+00 (rtol=0.0 atol=0.0)
  [10324] MISMATCH w117:370 out[0] max|delta|=7.000e+00 (rtol=0.0 atol=0.0)
  [t= 985s] 10356/61735 (10.5/s)  ok=9276 mism=246 crash=49 timeout=34 skip=751  |  inflight=63
  [10370] MISMATCH w117:447 out[0] max|delta|=2.098e+00 (rtol=0.01 atol=0.001)
  [10381] MISMATCH w117:461 out[0] max|delta|=2.599e-01 (rtol=0.01 atol=0.001)
  [10405] MISMATCH w117:5 out[0] max|delta|=2.599e-01 (rtol=0.01 atol=0.001)
  [10426] MISMATCH w117:534 out[0] max|delta|=1.249e+00 (rtol=0.01 atol=0.001)
  [t= 988s] 10429/61735 (10.6/s)  ok=9341 mism=250 crash=49 timeout=35 skip=754  |  inflight=63
  [10438] MISMATCH w117:548 out[0] max|delta|=1.929e+00 (rtol=0.01 atol=0.001)
  [10441] CRASH    w116:366 fvp_runner rc=5: >> building runner (cache miss): backend=cortex-m target=cortex
  [t= 991s] 10495/61735 (10.6/s)  ok=9399 mism=251 crash=50 timeout=35 skip=760  |  inflight=63
  [10524] MISMATCH w117:689 out[0] max|delta|=2.599e-01 (rtol=0.01 atol=0.001)
  [10551] MISMATCH w117:78 out[0] max|delta|=1.594e+00 (rtol=0.01 atol=0.001)
  [t= 994s] 10554/61735 (10.6/s)  ok=9453 mism=253 crash=50 timeout=35 skip=763  |  inflight=63
  [10581] MISMATCH w117:762 out[0] max|delta|=1.161e+00 (rtol=0.01 atol=0.001)
  [t= 997s] 10631/61735 (10.7/s)  ok=9523 mism=254 crash=50 timeout=35 skip=769  |  inflight=63
  [10647] MISMATCH w118:155 out[0] max|delta|=2.000e+00 (rtol=0.01 atol=0.001)
  [t=1000s] 10682/61735 (10.7/s)  ok=9570 mism=255 crash=50 timeout=35 skip=772  |  inflight=64
  [10685] CRASH    w113:227 fvp_runner rc=5: >> building runner (cache miss): backend=cortex-m target=cortex
  [10734] MISMATCH w118:274 out[0] max|delta|=2.599e-01 (rtol=0.01 atol=0.001)
  [t=1003s] 10747/61735 (10.7/s)  ok=9628 mism=256 crash=51 timeout=35 skip=777  |  inflight=63
  [10769] MISMATCH w118:315 out[0] max|delta|=2.000e+00 (rtol=0.01 atol=0.001)
  [10810] MISMATCH w118:379 out[0] max|delta|=4.000e+00 (rtol=0.0 atol=0.0)
  [t=1006s] 10818/61735 (10.8/s)  ok=9690 mism=258 crash=51 timeout=35 skip=784  |  inflight=63
  [10828] MISMATCH w118:41 out[0] max|delta|=4.800e+01 (rtol=0.01 atol=0.001)
  [10831] MISMATCH w118:411 out[0] max|delta|=4.000e+00 (rtol=0.0 atol=0.0)
  [10865] MISMATCH w118:46 out[0] max|delta|=2.599e-01 (rtol=0.01 atol=0.001)
  [10866] CRASH    w118:156 fvp_runner rc=5: >> building runner (cache miss): backend=cortex-m target=cortex
  [t=1009s] 10867/61735 (10.8/s)  ok=9734 mism=261 crash=52 timeout=35 skip=785  |  inflight=63
  [10936] MISMATCH w118:589 out[0] max|delta|=2.847e+00 (rtol=0.01 atol=0.001)
  [t=1012s] 10951/61735 (10.8/s)  ok=9810 mism=262 crash=52 timeout=36 skip=791  |  inflight=63
  [10977] MISMATCH w118:607 out[0] max|delta|=3.200e+01 (rtol=0.0 atol=0.0)
  [10998] MISMATCH w118:646 out[0] max|delta|=1.153e+18 (rtol=0.0 atol=0.0)
  [t=1015s] 11007/61735 (10.8/s)  ok=9860 mism=264 crash=52 timeout=36 skip=795  |  inflight=64
  [11024] MISMATCH w118:731 out[0] max|delta|=1.000e+00 (rtol=0.0 atol=0.0)
  [11053] MISMATCH w118:725 out[0] max|delta|=4.800e+01 (rtol=0.01 atol=0.001)
  [t=1018s] 11072/61735 (10.9/s)  ok=9919 mism=266 crash=52 timeout=37 skip=798  |  inflight=63
  [11098] MISMATCH w118:87 out[0] max|delta|=4.000e+00 (rtol=0.0 atol=0.0)
  [11139] MISMATCH w119:157 out[0] max|delta|=4.000e+00 (rtol=0.0 atol=0.0)
  [t=1022s] 11147/61735 (10.9/s)  ok=9986 mism=268 crash=52 timeout=37 skip=804  |  inflight=64
  [t=1025s] 11200/61735 (10.9/s)  ok=10035 mism=268 crash=52 timeout=37 skip=808  |  inflight=63
  [11218] MISMATCH w119:272 out[0] max|delta|=5.765e+17 (rtol=0.0 atol=0.0)
  [11219] MISMATCH w119:275 out[0] max|delta|=4.800e+01 (rtol=0.01 atol=0.001)
  [11223] MISMATCH w119:280 out[0] max|delta|=2.599e-01 (rtol=0.01 atol=0.001)
  [11261] MISMATCH w119:337 out[0] max|delta|=2.300e+01 (rtol=0.0 atol=0.0)
  [t=1028s] 11266/61735 (11.0/s)  ok=10091 mism=272 crash=52 timeout=38 skip=813  |  inflight=63
  [11298] MISMATCH w119:385 out[0] max|delta|=2.000e+00 (rtol=0.0 atol=0.0)
  [t=1031s] 11321/61735 (11.0/s)  ok=10142 mism=273 crash=52 timeout=38 skip=816  |  inflight=64
  [11326] MISMATCH w119:430 out[0] max|delta|=7.670e+02 (rtol=0.0 atol=0.0)
  [11332] CRASH    w119:162 fvp_runner rc=5: >> building runner (cache miss): backend=cortex-m target=cortex
  [11334] MISMATCH w119:44 out[0] max|delta|=5.765e+17 (rtol=0.0 atol=0.0)
  [t=1034s] 11375/61735 (11.0/s)  ok=10190 mism=275 crash=53 timeout=39 skip=818  |  inflight=63
  [11382] MISMATCH w119:508 out[0] max|delta|=2.599e-01 (rtol=0.01 atol=0.001)
  [t=1037s] 11436/61735 (11.0/s)  ok=10240 mism=276 crash=53 timeout=39 skip=828  |  inflight=63
  [11473] MISMATCH w119:652 out[0] max|delta|=9.223e+18 (rtol=0.0 atol=0.0)
  [11478] MISMATCH w119:658 out[0] max|delta|=5.000e+00 (rtol=0.0 atol=0.0)
  [t=1040s] 11494/61735 (11.0/s)  ok=10288 mism=278 crash=53 timeout=40 skip=835  |  inflight=64
  [11510] CRASH    w119:390 fvp_runner rc=5: >> building runner (cache miss): backend=cortex-m target=cortex
  [11532] MISMATCH w119:731 out[0] max|delta|=2.306e+18 (rtol=0.0 atol=0.0)
  [t=1043s] 11557/61735 (11.1/s)  ok=10347 mism=279 crash=54 timeout=40 skip=837  |  inflight=63
  [11565] MISMATCH w119:778 out[0] max|delta|=4.000e+00 (rtol=0.0 atol=0.0)
  [t=1046s] 11626/61735 (11.1/s)  ok=10409 mism=280 crash=54 timeout=40 skip=843  |  inflight=63
  [11673] MISMATCH w12:231 out[0] max|delta|=1.609e+02 (rtol=0.01 atol=0.001)
  [t=1049s] 11677/61735 (11.1/s)  ok=10454 mism=281 crash=54 timeout=40 skip=848  |  inflight=64
  [11712] MISMATCH w12:292 out[0] max|delta|=4.700e+01 (rtol=0.0 atol=0.0)
  [11731] MISMATCH w12:372 out[0] max|delta|=3.000e+00 (rtol=0.0 atol=0.0)
  [11732] MISMATCH w12:322 out[0] max|delta|=1.929e+00 (rtol=0.01 atol=0.001)
  [t=1052s] 11737/61735 (11.2/s)  ok=10505 mism=284 crash=54 timeout=41 skip=853  |  inflight=63
  [11749] MISMATCH w12:340 out[0] max|delta|=4.000e+00 (rtol=0.0 atol=0.0)
  [11767] CRASH    w119:759 fvp_runner rc=5: >> building runner (cache miss): backend=cortex-m target=cortex
  [t=1055s] 11812/61735 (11.2/s)  ok=10575 mism=285 crash=55 timeout=41 skip=856  |  inflight=63
  [t=1059s] 11858/61735 (11.2/s)  ok=10617 mism=285 crash=55 timeout=42 skip=859  |  inflight=64
  [11862] MISMATCH w12:504 out[0] max|delta|=4.000e+00 (rtol=0.0 atol=0.0)
  [11884] MISMATCH w12:536 out[0] max|delta|=1.161e+00 (rtol=0.01 atol=0.001)
  [11897] MISMATCH w12:550 out[0] max|delta|=3.294e+00 (rtol=0.01 atol=0.001)
  [11910] MISMATCH w12:568 out[0] max|delta|=2.000e+00 (rtol=0.0 atol=0.0)
  [t=1062s] 11922/61735 (11.2/s)  ok=10672 mism=289 crash=55 timeout=42 skip=864  |  inflight=63
  [11950] MISMATCH w12:629 out[0] max|delta|=8.000e+00 (rtol=0.0 atol=0.0)
  [11990] MISMATCH w12:691 out[0] max|delta|=2.599e-01 (rtol=0.01 atol=0.001)
  [t=1065s] 11994/61735 (11.3/s)  ok=10735 mism=291 crash=55 timeout=43 skip=870  |  inflight=63
  [11995] MISMATCH w12:7 out[0] max|delta|=2.599e-01 (rtol=0.01 atol=0.001)
  [12003] CRASH    w12:258 fvp_runner rc=5: >> building runner (cache miss): backend=cortex-m target=cortex
  [12033] MISMATCH w12:748 out[0] max|delta|=2.300e+01 (rtol=0.0 atol=0.0)
  [t=1068s] 12045/61735 (11.3/s)  ok=10776 mism=293 crash=56 timeout=44 skip=876  |  inflight=63
  [12075] MISMATCH w120:104 out[0] max|delta|=1.945e+00 (rtol=0.01 atol=0.001)
  [12086] MISMATCH w120:12 out[0] max|delta|=4.800e+01 (rtol=0.01 atol=0.001)
  [12113] MISMATCH w120:161 out[0] max|delta|=1.153e+18 (rtol=0.0 atol=0.0)
  [12114] MISMATCH w120:167 out[0] max|delta|=2.560e+02 (rtol=0.0 atol=0.0)
  [t=1071s] 12114/61735 (11.3/s)  ok=10837 mism=297 crash=56 timeout=45 skip=879  |  inflight=63
  [12117] MISMATCH w120:17 out[0] max|delta|=2.599e-01 (rtol=0.01 atol=0.001)
  [12161] MISMATCH w120:245 out[0] max|delta|=2.599e-01 (rtol=0.01 atol=0.001)
  [t=1074s] 12183/61735 (11.3/s)  ok=10898 mism=299 crash=56 timeout=45 skip=885  |  inflight=64
  [12227] MISMATCH w120:332 out[0] max|delta|=3.322e+00 (rtol=0.01 atol=0.001)
  [t=1077s] 12237/61735 (11.4/s)  ok=10945 mism=300 crash=56 timeout=45 skip=891  |  inflight=63
  [12276] CRASH    w12:30 fvp_runner rc=5: >> building runner (cache miss): backend=cortex-m target=cortex
  [12318] MISMATCH w120:468 out[0] max|delta|=4.800e+01 (rtol=0.01 atol=0.001)
  [t=1080s] 12318/61735 (11.4/s)  ok=11017 mism=301 crash=57 timeout=46 skip=897  |  inflight=63
  [12321] MISMATCH w120:473 out[0] max|delta|=2.599e-01 (rtol=0.01 atol=0.001)
  [12357] MISMATCH w120:514 out[0] max|delta|=4.000e+00 (rtol=0.0 atol=0.0)
  [t=1083s] 12374/61735 (11.4/s)  ok=11068 mism=303 crash=57 timeout=46 skip=900  |  inflight=64
  [t=1086s] 12437/61735 (11.4/s)  ok=11129 mism=303 crash=57 timeout=46 skip=902  |  inflight=63
  [12481] MISMATCH w120:697 out[0] max|delta|=2.237e+01 (rtol=0.01 atol=0.001)
  [t=1090s] 12517/61735 (11.5/s)  ok=11199 mism=304 crash=57 timeout=47 skip=910  |  inflight=64
  [t=1093s] 12575/61735 (11.5/s)  ok=11253 mism=304 crash=57 timeout=47 skip=914  |  inflight=63
  [t=1096s] 12654/61735 (11.5/s)  ok=11324 mism=304 crash=57 timeout=47 skip=922  |  inflight=63
  [12704] MISMATCH w121:302 out[0] max|delta|=2.392e+00 (rtol=0.01 atol=0.001)
  [t=1099s] 12706/61735 (11.6/s)  ok=11369 mism=305 crash=57 timeout=48 skip=927  |  inflight=64
  [12747] MISMATCH w121:359 out[0] max|delta|=2.306e+18 (rtol=0.0 atol=0.0)
  [t=1102s] 12775/61735 (11.6/s)  ok=11432 mism=306 crash=57 timeout=48 skip=932  |  inflight=63
  [12797] MISMATCH w121:443 out[0] max|delta|=2.599e-01 (rtol=0.01 atol=0.001)
  [12808] MISMATCH w121:516 out[0] max|delta|=1.164e+00 (rtol=0.01 atol=0.001)
  [12829] MISMATCH w121:484 out[0] max|delta|=4.000e+00 (rtol=0.0 atol=0.0)
  [12831] MISMATCH w121:485 out[0] max|delta|=4.000e+00 (rtol=0.0 atol=0.0)
  [t=1106s] 12850/61735 (11.6/s)  ok=11499 mism=310 crash=57 timeout=48 skip=936  |  inflight=64
  [12861] MISMATCH w121:530 out[0] max|delta|=3.322e+00 (rtol=0.01 atol=0.001)
  [12873] MISMATCH w121:548 out[0] max|delta|=1.600e+01 (rtol=0.0 atol=0.0)
  [t=1109s] 12913/61735 (11.6/s)  ok=11552 mism=312 crash=57 timeout=49 skip=943  |  inflight=63
  [12964] MISMATCH w121:671 out[0] max|delta|=2.599e-01 (rtol=0.01 atol=0.001)
  [t=1112s] 12983/61735 (11.7/s)  ok=11615 mism=313 crash=57 timeout=49 skip=949  |  inflight=63
  [12993] MISMATCH w121:712 out[0] max|delta|=6.309e-02 (rtol=0.01 atol=0.001)
  [13012] MISMATCH w121:74 out[0] max|delta|=2.847e+00 (rtol=0.01 atol=0.001)
  [13025] MISMATCH w121:758 out[0] max|delta|=9.882e-01 (rtol=0.01 atol=0.001)
  [t=1115s] 13034/61735 (11.7/s)  ok=11656 mism=316 crash=57 timeout=52 skip=953  |  inflight=63
  [13063] MISMATCH w122:119 out[0] max|delta|=3.830e+02 (rtol=0.0 atol=0.0)
  [13080] CRASH    w121:553 fvp_runner rc=5: >> building runner (cache miss): backend=cortex-m target=cortex
  [t=1118s] 13096/61735 (11.7/s)  ok=11714 mism=317 crash=58 timeout=52 skip=955  |  inflight=63
  [13119] MISMATCH w122:197 out[0] max|delta|=2.599e-01 (rtol=0.01 atol=0.001)
  [13148] MISMATCH w122:238 out[0] max|delta|=9.995e-01 (rtol=0.01 atol=0.001)
  [13160] MISMATCH w122:254 out[0] max|delta|=2.300e+01 (rtol=0.0 atol=0.0)
  [t=1121s] 13162/61735 (11.7/s)  ok=11771 mism=320 crash=58 timeout=52 skip=961  |  inflight=63
  [13173] CRASH    w121:694 fvp_runner rc=5: >> building runner (cache miss): backend=cortex-m target=cortex
  [13191] MISMATCH w122:284 out[0] max|delta|=4.941e-01 (rtol=0.01 atol=0.001)
  [t=1124s] 13218/61735 (11.8/s)  ok=11820 mism=321 crash=59 timeout=53 skip=965  |  inflight=63
  [13234] MISMATCH w122:363 out[0] max|delta|=6.000e+00 (rtol=0.0 atol=0.0)
  [13252] MISMATCH w122:384 out[0] max|delta|=4.000e+00 (rtol=0.0 atol=0.0)
  [13272] MISMATCH w122:42 out[0] max|delta|=1.645e+00 (rtol=0.01 atol=0.001)
  [13273] MISMATCH w122:420 out[0] max|delta|=4.800e+01 (rtol=0.01 atol=0.001)
  [13277] MISMATCH w122:425 out[0] max|delta|=2.599e-01 (rtol=0.01 atol=0.001)
  [t=1127s] 13295/61735 (11.8/s)  ok=11886 mism=326 crash=59 timeout=53 skip=971  |  inflight=63
  [13304] MISMATCH w122:466 out[0] max|delta|=4.000e+00 (rtol=0.0 atol=0.0)
  [t=1130s] 13357/61735 (11.8/s)  ok=11940 mism=327 crash=59 timeout=54 skip=977  |  inflight=63
  [13374] MISMATCH w122:575 out[0] max|delta|=1.600e+01 (rtol=0.0 atol=0.0)
  [t=1133s] 13407/61735 (11.8/s)  ok=11983 mism=328 crash=59 timeout=54 skip=983  |  inflight=63
  [13447] CRASH    w121:781 fvp_runner rc=5: >> building runner (cache miss): backend=cortex-m target=cortex
  [t=1136s] 13490/61735 (11.9/s)  ok=12059 mism=328 crash=60 timeout=54 skip=989  |  inflight=63
  [13494] MISMATCH w122:740 out[0] max|delta|=9.804e-01 (rtol=0.01 atol=0.001)
  [13505] MISMATCH w122:758 out[0] max|delta|=4.000e+00 (rtol=0.0 atol=0.0)
  [t=1140s] 13540/61735 (11.9/s)  ok=12103 mism=330 crash=60 timeout=55 skip=992  |  inflight=64
  [13542] MISMATCH w123:111 out[0] max|delta|=2.599e-01 (rtol=0.01 atol=0.001)
  [t=1143s] 13612/61735 (11.9/s)  ok=12171 mism=331 crash=60 timeout=55 skip=995  |  inflight=63
  [t=1146s] 13674/61735 (11.9/s)  ok=12229 mism=331 crash=60 timeout=56 skip=998  |  inflight=63
  [13677] CRASH    w122:676 fvp_runner rc=5: >> building runner (cache miss): backend=cortex-m target=cortex
  [13727] MISMATCH w123:396 out[0] max|delta|=2.300e+01 (rtol=0.0 atol=0.0)
  [t=1149s] 13732/61735 (12.0/s)  ok=12279 mism=332 crash=61 timeout=56 skip=1004  |  inflight=63
  [13737] MISMATCH w123:412 out[0] max|delta|=1.645e+00 (rtol=0.01 atol=0.001)
  [13779] MISMATCH w123:489 out[0] max|delta|=2.560e+02 (rtol=0.0 atol=0.0)
  [t=1152s] 13802/61735 (12.0/s)  ok=12342 mism=334 crash=61 timeout=56 skip=1009  |  inflight=63
  [13836] MISMATCH w123:567 out[0] max|delta|=2.599e-01 (rtol=0.01 atol=0.001)
  [t=1155s] 13852/61735 (12.0/s)  ok=12388 mism=335 crash=61 timeout=57 skip=1011  |  inflight=64
  [13892] MISMATCH w123:654 out[0] max|delta|=3.733e+00 (rtol=0.01 atol=0.001)
  [t=1158s] 13909/61735 (12.0/s)  ok=12440 mism=336 crash=61 timeout=57 skip=1015  |  inflight=63
  [13935] CRASH    w122:79 fvp_runner rc=5: >> building runner (cache miss): backend=cortex-m target=cortex
  [t=1161s] 13984/61735 (12.0/s)  ok=12508 mism=336 crash=62 timeout=57 skip=1021  |  inflight=63
  [t=1164s] 14030/61735 (12.1/s)  ok=12551 mism=336 crash=62 timeout=57 skip=1024  |  inflight=64
  [t=1167s] 14096/61735 (12.1/s)  ok=12612 mism=336 crash=62 timeout=57 skip=1029  |  inflight=63
  [14145] MISMATCH w124:312 out[0] max|delta|=1.910e+02 (rtol=0.0 atol=0.0)
  [t=1171s] 14159/61735 (12.1/s)  ok=12669 mism=337 crash=62 timeout=58 skip=1033  |  inflight=64
  [14163] CRASH    w123:362 fvp_runner rc=5: >> building runner (cache miss): backend=cortex-m target=cortex
  [14166] MISMATCH w124:386 out[0] max|delta|=5.771e+02 (rtol=0.01 atol=0.001)
  [14201] MISMATCH w124:385 out[0] max|delta|=4.800e+01 (rtol=0.01 atol=0.001)
  [14205] MISMATCH w124:390 out[0] max|delta|=2.599e-01 (rtol=0.01 atol=0.001)
  [t=1174s] 14216/61735 (12.1/s)  ok=12717 mism=340 crash=63 timeout=58 skip=1038  |  inflight=63
  [14238] MISMATCH w124:432 out[0] max|delta|=3.000e+00 (rtol=0.0 atol=0.0)
  [14248] MISMATCH w124:447 out[0] max|delta|=2.300e+01 (rtol=0.0 atol=0.0)
  [t=1177s] 14282/61735 (12.1/s)  ok=12779 mism=342 crash=63 timeout=58 skip=1040  |  inflight=63
  [t=1180s] 14327/61735 (12.1/s)  ok=12819 mism=342 crash=63 timeout=59 skip=1044  |  inflight=64
  [14362] MISMATCH w124:618 out[0] max|delta|=2.599e-01 (rtol=0.01 atol=0.001)
  [t=1183s] 14385/61735 (12.2/s)  ok=12874 mism=343 crash=63 timeout=59 skip=1046  |  inflight=63
  [14409] CRASH    w124:272 fvp_runner rc=5: >> building runner (cache miss): backend=cortex-m target=cortex
  [14419] MISMATCH w124:7 out[0] max|delta|=6.452e-01 (rtol=0.01 atol=0.001)
  [14425] MISMATCH w124:705 out[0] max|delta|=3.322e+00 (rtol=0.01 atol=0.001)
  [14428] CRASH    w124:44 fvp_runner rc=5: >> building runner (cache miss): backend=cortex-m target=cortex
  [t=1186s] 14450/61735 (12.2/s)  ok=12928 mism=345 crash=65 timeout=60 skip=1052  |  inflight=63
  [14457] MISMATCH w124:755 out[0] max|delta|=3.000e+00 (rtol=0.0 atol=0.0)
  [14470] MISMATCH w124:768 out[0] max|delta|=2.300e+01 (rtol=0.0 atol=0.0)
  [t=1189s] 14498/61735 (12.2/s)  ok=12968 mism=347 crash=65 timeout=61 skip=1057  |  inflight=63
  [14566] MISMATCH w125:199 out[0] max|delta|=4.800e+01 (rtol=0.01 atol=0.001)
  [t=1192s] 14568/61735 (12.2/s)  ok=13036 mism=348 crash=65 timeout=61 skip=1058  |  inflight=63
  [14572] MISMATCH w125:204 out[0] max|delta|=2.599e-01 (rtol=0.01 atol=0.001)
  [14609] MISMATCH w125:261 out[0] max|delta|=2.300e+01 (rtol=0.0 atol=0.0)
  [t=1196s] 14628/61735 (12.2/s)  ok=13086 mism=350 crash=65 timeout=62 skip=1065  |  inflight=63
  [14637] MISMATCH w125:291 out[0] max|delta|=2.871e+00 (rtol=0.01 atol=0.001)
  [14684] MISMATCH w125:370 out[0] max|delta|=5.000e+00 (rtol=0.0 atol=0.0)
  [t=1199s] 14695/61735 (12.3/s)  ok=13146 mism=352 crash=65 timeout=62 skip=1070  |  inflight=63
  [14716] MISMATCH w125:489 out[0] max|delta|=2.300e+01 (rtol=0.0 atol=0.0)
  [t=1202s] 14759/61735 (12.3/s)  ok=13204 mism=353 crash=65 timeout=63 skip=1074  |  inflight=63
  [14760] MISMATCH w125:537 out[0] max|delta|=2.000e+00 (rtol=0.0 atol=0.0)
  [14772] MISMATCH w125:505 out[0] max|delta|=1.163e+00 (rtol=0.01 atol=0.001)
  [14785] MISMATCH w125:519 out[0] max|delta|=2.847e+00 (rtol=0.01 atol=0.001)
  [t=1205s] 14804/61735 (12.3/s)  ok=13244 mism=356 crash=65 timeout=63 skip=1076  |  inflight=63
  [14813] MISMATCH w125:576 out[0] max|delta|=9.223e+18 (rtol=0.0 atol=0.0)
  [14864] MISMATCH w125:655 out[0] max|delta|=4.800e+01 (rtol=0.01 atol=0.001)
  [14871] MISMATCH w125:660 out[0] max|delta|=2.599e-01 (rtol=0.01 atol=0.001)
  [t=1208s] 14877/61735 (12.3/s)  ok=13307 mism=359 crash=65 timeout=63 skip=1083  |  inflight=63
  [14889] CRASH    w124:413 fvp_runner rc=5: >> building runner (cache miss): backend=cortex-m target=cortex
  [14929] MISMATCH w125:733 out[0] max|delta|=1.163e+00 (rtol=0.01 atol=0.001)
  [14936] MISMATCH w125:81 out[0] max|delta|=6.400e+01 (rtol=0.0 atol=0.0)
  [t=1211s] 14937/61735 (12.3/s)  ok=13358 mism=361 crash=66 timeout=64 skip=1088  |  inflight=63
  [14949] MISMATCH w126:117 out[0] max|delta|=1.945e+00 (rtol=0.01 atol=0.001)
  [t=1214s] 14992/61735 (12.3/s)  ok=13409 mism=362 crash=66 timeout=64 skip=1091  |  inflight=63
  [15010] MISMATCH w126:167 out[0] max|delta|=6.000e+00 (rtol=0.0 atol=0.0)
  [15015] MISMATCH w126:174 out[0] max|delta|=2.882e+17 (rtol=0.0 atol=0.0)
  [15019] MISMATCH w126:180 out[0] max|delta|=3.200e+01 (rtol=0.0 atol=0.0)
  [t=1217s] 15063/61735 (12.4/s)  ok=13474 mism=365 crash=66 timeout=65 skip=1093  |  inflight=63
  [15065] MISMATCH w126:253 out[0] max|delta|=4.800e+01 (rtol=0.01 atol=0.001)
  [t=1220s] 15108/61735 (12.4/s)  ok=13516 mism=366 crash=66 timeout=65 skip=1095  |  inflight=64
  [15115] MISMATCH w126:363 out[0] max|delta|=2.560e+02 (rtol=0.0 atol=0.0)
  [15120] MISMATCH w126:315 out[0] max|delta|=2.300e+01 (rtol=0.0 atol=0.0)
  [15121] CRASH    w124:728 fvp_runner rc=5: >> building runner (cache miss): backend=cortex-m target=cortex
  [t=1223s] 15177/61735 (12.4/s)  ok=13577 mism=368 crash=67 timeout=65 skip=1100  |  inflight=63
  [15188] MISMATCH w126:424 out[0] max|delta|=4.000e+00 (rtol=0.01 atol=0.001)
  [15192] MISMATCH w126:486 out[0] max|delta|=2.599e-01 (rtol=0.01 atol=0.001)
  [t=1226s] 15231/61735 (12.4/s)  ok=13625 mism=370 crash=67 timeout=66 skip=1103  |  inflight=64
  [15251] MISMATCH w126:513 out[0] max|delta|=1.280e+02 (rtol=0.01 atol=0.001)
  [t=1229s] 15280/61735 (12.4/s)  ok=13667 mism=371 crash=67 timeout=67 skip=1108  |  inflight=63
  [t=1232s] 15348/61735 (12.5/s)  ok=13731 mism=371 crash=67 timeout=68 skip=1111  |  inflight=63
  [15358] CRASH    w125:227 fvp_runner rc=5: >> building runner (cache miss): backend=cortex-m target=cortex
  [15376] MISMATCH w126:709 out[0] max|delta|=2.306e+18 (rtol=0.0 atol=0.0)
  [t=1236s] 15402/61735 (12.5/s)  ok=13781 mism=372 crash=68 timeout=68 skip=1113  |  inflight=64
  [t=1239s] 15459/61735 (12.5/s)  ok=13830 mism=372 crash=68 timeout=68 skip=1121  |  inflight=63
  [15485] MISMATCH w127:167 out[0] max|delta|=3.294e+00 (rtol=0.01 atol=0.001)
  [15496] MISMATCH w127:185 out[0] max|delta|=1.600e+01 (rtol=0.0 atol=0.0)
  [t=1242s] 15526/61735 (12.5/s)  ok=13889 mism=374 crash=68 timeout=69 skip=1126  |  inflight=63
  [t=1245s] 15572/61735 (12.5/s)  ok=13933 mism=374 crash=68 timeout=69 skip=1128  |  inflight=63
  [15574] CRASH    w126:140 fvp_runner rc=5: >> building runner (cache miss): backend=cortex-m target=cortex
  [t=1248s] 15649/61735 (12.5/s)  ok=14001 mism=374 crash=69 timeout=71 skip=1134  |  inflight=63
  [15658] MISMATCH w127:403 out[0] max|delta|=1.548e-02 (rtol=0.01 atol=0.001)
  [15680] MISMATCH w127:452 out[0] max|delta|=2.306e+18 (rtol=0.0 atol=0.0)
  [t=1251s] 15704/61735 (12.6/s)  ok=14048 mism=376 crash=69 timeout=71 skip=1140  |  inflight=64
  [15729] MISMATCH w127:531 out[0] max|delta|=4.800e+01 (rtol=0.01 atol=0.001)
  [t=1254s] 15750/61735 (12.6/s)  ok=14091 mism=377 crash=69 timeout=71 skip=1142  |  inflight=63
  [15815] MISMATCH w127:641 out[0] max|delta|=4.000e+00 (rtol=0.0 atol=0.0)
  [t=1257s] 15824/61735 (12.6/s)  ok=14161 mism=378 crash=69 timeout=72 skip=1144  |  inflight=63
  [15826] CRASH    w126:281 fvp_runner rc=5: >> building runner (cache miss): backend=cortex-m target=cortex
  [15851] MISMATCH w127:702 out[0] max|delta|=5.000e+00 (rtol=0.0 atol=0.0)
  [t=1260s] 15879/61735 (12.6/s)  ok=14210 mism=379 crash=70 timeout=73 skip=1147  |  inflight=63
  [15889] MISMATCH w127:759 out[0] max|delta|=4.800e+01 (rtol=0.01 atol=0.001)
  [15893] MISMATCH w127:764 out[0] max|delta|=2.599e-01 (rtol=0.01 atol=0.001)
  [15908] MISMATCH w127:80 out[0] max|delta|=2.599e-01 (rtol=0.01 atol=0.001)
  [t=1263s] 15931/61735 (12.6/s)  ok=14255 mism=382 crash=70 timeout=73 skip=1151  |  inflight=63
  [15950] MISMATCH w13:142 out[0] max|delta|=2.999e+00 (rtol=0.01 atol=0.001)
  [15996] MISMATCH w13:206 out[0] max|delta|=1.280e+02 (rtol=0.0 atol=0.0)
  [t=1266s] 16000/61735 (12.6/s)  ok=14313 mism=384 crash=70 timeout=73 skip=1160  |  inflight=63
  [16012] CRASH    w127:646 fvp_runner rc=5: >> building runner (cache miss): backend=cortex-m target=cortex
  [t=1269s] 16056/61735 (12.7/s)  ok=14362 mism=384 crash=71 timeout=74 skip=1165  |  inflight=64
  [16060] CRASH    w126:368 fvp_runner rc=5: >> building runner (cache miss): backend=cortex-m target=cortex
  [16091] MISMATCH w13:329 out[0] max|delta|=2.599e-01 (rtol=0.01 atol=0.001)
  [16107] MISMATCH w13:416 out[0] max|delta|=2.871e+00 (rtol=0.01 atol=0.001)
  [t=1272s] 16126/61735 (12.7/s)  ok=14424 mism=386 crash=72 timeout=74 skip=1170  |  inflight=63
  [t=1275s] 16197/61735 (12.7/s)  ok=14489 mism=386 crash=72 timeout=75 skip=1175  |  inflight=64
  [16238] MISMATCH w13:552 out[0] max|delta|=4.800e+01 (rtol=0.01 atol=0.001)
  [t=1278s] 16248/61735 (12.7/s)  ok=14536 mism=387 crash=72 timeout=75 skip=1178  |  inflight=63
  [16267] MISMATCH w13:598 out[0] max|delta|=4.000e+00 (rtol=0.0 atol=0.0)
  [16291] MISMATCH w13:630 out[0] max|delta|=2.078e+00 (rtol=0.01 atol=0.001)
  [16301] MISMATCH w13:701 out[0] max|delta|=4.612e+18 (rtol=0.0 atol=0.0)
  [t=1281s] 16337/61735 (12.7/s)  ok=14614 mism=390 crash=72 timeout=76 skip=1185  |  inflight=63
  [16338] CRASH    w126:509 fvp_runner rc=5: >> building runner (cache miss): backend=cortex-m target=cortex
  [16341] MISMATCH w13:707 out[0] max|delta|=7.670e+02 (rtol=0.0 atol=0.0)
  [t=1285s] 16391/61735 (12.8/s)  ok=14665 mism=391 crash=73 timeout=76 skip=1186  |  inflight=63
  [16403] MISMATCH w13:79 out[0] max|delta|=3.888e+00 (rtol=0.01 atol=0.001)
  [16441] MISMATCH w14:139 out[0] max|delta|=4.800e+01 (rtol=0.01 atol=0.001)
  [t=1288s] 16468/61735 (12.8/s)  ok=14736 mism=393 crash=73 timeout=77 skip=1189  |  inflight=63
  [16512] MISMATCH w14:231 out[0] max|delta|=9.804e-01 (rtol=0.01 atol=0.001)
  [16525] MISMATCH w14:249 out[0] max|delta|=1.280e+02 (rtol=0.0 atol=0.0)
  [t=1291s] 16535/61735 (12.8/s)  ok=14796 mism=395 crash=73 timeout=77 skip=1194  |  inflight=64
  [t=1294s] 16590/61735 (12.8/s)  ok=14846 mism=395 crash=73 timeout=78 skip=1198  |  inflight=63
  [16604] MISMATCH w14:367 out[0] max|delta|=4.800e+01 (rtol=0.01 atol=0.001)
  [16633] MISMATCH w14:413 out[0] max|delta|=3.998e+00 (rtol=0.01 atol=0.001)
  [t=1297s] 16659/61735 (12.8/s)  ok=14907 mism=397 crash=73 timeout=78 skip=1204  |  inflight=63
  [16670] MISMATCH w14:459 out[0] max|delta|=1.929e+00 (rtol=0.01 atol=0.001)
  [16678] MISMATCH w14:477 out[0] max|delta|=3.830e+02 (rtol=0.0 atol=0.0)
  [16687] CRASH    w14:167 fvp_runner rc=5: >> building runner (cache miss): backend=cortex-m target=cortex
  [16708] MISMATCH w14:509 out[0] max|delta|=7.000e+00 (rtol=0.0 atol=0.0)
  [t=1300s] 16739/61735 (12.9/s)  ok=14978 mism=400 crash=74 timeout=78 skip=1209  |  inflight=64
  [16765] MISMATCH w14:595 out[0] max|delta|=4.800e+01 (rtol=0.01 atol=0.001)
  [16768] MISMATCH w14:600 out[0] max|delta|=2.599e-01 (rtol=0.01 atol=0.001)
  [t=1304s] 16809/61735 (12.9/s)  ok=15040 mism=402 crash=74 timeout=79 skip=1214  |  inflight=63
  [16825] MISMATCH w14:673 out[0] max|delta|=1.594e+00 (rtol=0.01 atol=0.001)
  [t=1307s] 16883/61735 (12.9/s)  ok=15106 mism=403 crash=74 timeout=79 skip=1221  |  inflight=63
  [16902] MISMATCH w14:781 out[0] max|delta|=2.075e+00 (rtol=0.01 atol=0.001)
  [t=1310s] 16931/61735 (12.9/s)  ok=15145 mism=404 crash=74 timeout=79 skip=1229  |  inflight=63
  [t=1313s] 17005/61735 (13.0/s)  ok=15215 mism=404 crash=74 timeout=79 skip=1233  |  inflight=63
  [17062] MISMATCH w15:32 out[0] max|delta|=2.000e+00 (rtol=0.01 atol=0.001)
  [17065] CRASH    w14:710 fvp_runner rc=5: >> building runner (cache miss): backend=cortex-m target=cortex
  [t=1316s] 17065/61735 (13.0/s)  ok=15271 mism=405 crash=75 timeout=80 skip=1234  |  inflight=63
  [17097] MISMATCH w15:363 out[0] max|delta|=4.000e+00 (rtol=0.0 atol=0.0)
  [17110] MISMATCH w15:379 out[0] max|delta|=2.300e+01 (rtol=0.0 atol=0.0)
  [t=1319s] 17118/61735 (13.0/s)  ok=15315 mism=407 crash=75 timeout=80 skip=1241  |  inflight=63
  [17144] MISMATCH w15:427 out[0] max|delta|=6.400e+01 (rtol=0.0 atol=0.0)
  [17179] MISMATCH w15:488 out[0] max|delta|=5.000e+00 (rtol=0.0 atol=0.0)
  [t=1322s] 17191/61735 (13.0/s)  ok=15381 mism=409 crash=75 timeout=81 skip=1245  |  inflight=63
  [17207] CRASH    w15:204 fvp_runner rc=5: >> building runner (cache miss): backend=cortex-m target=cortex
  [t=1325s] 17253/61735 (13.0/s)  ok=15438 mism=409 crash=76 timeout=82 skip=1248  |  inflight=63
  [t=1328s] 17309/61735 (13.0/s)  ok=15490 mism=409 crash=76 timeout=83 skip=1251  |  inflight=63
  [17332] CRASH    w15:117 fvp_runner rc=5: >> building runner (cache miss): backend=cortex-m target=cortex
  [17354] MISMATCH w15:72 out[0] max|delta|=3.118e+00 (rtol=0.01 atol=0.001)
  [t=1331s] 17387/61735 (13.1/s)  ok=15558 mism=410 crash=77 timeout=84 skip=1258  |  inflight=63
  [17394] MISMATCH w15:770 out[0] max|delta|=1.441e+17 (rtol=0.0 atol=0.0)
  [17406] MISMATCH w15:89 out[0] max|delta|=4.800e+01 (rtol=0.01 atol=0.001)
  [17410] MISMATCH w15:94 out[0] max|delta|=2.599e-01 (rtol=0.01 atol=0.001)
  [17416] MISMATCH w16:101 out[0] max|delta|=3.200e+01 (rtol=0.0 atol=0.0)
  [17432] MISMATCH w16:133 out[0] max|delta|=4.000e+00 (rtol=0.0 atol=0.0)
  [t=1334s] 17450/61735 (13.1/s)  ok=15612 mism=415 crash=77 timeout=84 skip=1262  |  inflight=63
  [17489] MISMATCH w16:210 out[0] max|delta|=2.131e+00 (rtol=0.01 atol=0.001)
  [t=1337s] 17509/61735 (13.1/s)  ok=15664 mism=416 crash=77 timeout=84 skip=1268  |  inflight=63
  [17554] MISMATCH w16:297 out[0] max|delta|=2.040e+00 (rtol=0.01 atol=0.001)
  [17561] MISMATCH w16:311 out[0] max|delta|=2.412e+00 (rtol=0.01 atol=0.001)
  [17574] MISMATCH w16:329 out[0] max|delta|=2.000e+00 (rtol=0.0 atol=0.0)
  [t=1340s] 17578/61735 (13.1/s)  ok=15725 mism=419 crash=77 timeout=85 skip=1272  |  inflight=63
  [17594] CRASH    w15:660 fvp_runner rc=5: >> building runner (cache miss): backend=cortex-m target=cortex
  [17608] MISMATCH w16:374 out[0] max|delta|=4.700e+01 (rtol=0.0 atol=0.0)
  [17648] CRASH    w16:106 fvp_runner rc=5: >> building runner (cache miss): backend=cortex-m target=cortex
  [t=1344s] 17648/61735 (13.1/s)  ok=15785 mism=420 crash=79 timeout=85 skip=1279  |  inflight=63
  [17668] MISMATCH w16:447 out[0] max|delta|=9.223e+18 (rtol=0.0 atol=0.0)
  [17671] MISMATCH w16:452 out[0] max|delta|=2.599e-01 (rtol=0.01 atol=0.001)
  [17705] MISMATCH w16:509 out[0] max|delta|=2.300e+01 (rtol=0.0 atol=0.0)
  [t=1347s] 17711/61735 (13.2/s)  ok=15841 mism=423 crash=79 timeout=85 skip=1283  |  inflight=63
  [17760] MISMATCH w16:596 out[0] max|delta|=7.206e+16 (rtol=0.0 atol=0.0)
  [17789] MISMATCH w16:639 out[0] max|delta|=2.000e+00 (rtol=0.0 atol=0.0)
  [t=1350s] 17789/61735 (13.2/s)  ok=15913 mism=425 crash=79 timeout=86 skip=1286  |  inflight=63
  [17816] MISMATCH w16:680 out[0] max|delta|=2.599e-01 (rtol=0.01 atol=0.001)
  [17822] MISMATCH w16:69 out[0] max|delta|=1.249e+00 (rtol=0.01 atol=0.001)
  [t=1353s] 17849/61735 (13.2/s)  ok=15967 mism=427 crash=79 timeout=86 skip=1290  |  inflight=64
  [17863] CRASH    w16:247 fvp_runner rc=5: >> building runner (cache miss): backend=cortex-m target=cortex
  [17876] MISMATCH w16:767 out[0] max|delta|=3.294e+00 (rtol=0.01 atol=0.001)
  [17892] MISMATCH w16:83 out[0] max|delta|=2.392e+00 (rtol=0.01 atol=0.001)
  [t=1356s] 17918/61735 (13.2/s)  ok=16029 mism=429 crash=80 timeout=86 skip=1294  |  inflight=63
  [17960] MISMATCH w17:182 out[0] max|delta|=2.599e-01 (rtol=0.01 atol=0.001)
  [17964] MISMATCH w17:239 out[0] max|delta|=2.300e+01 (rtol=0.0 atol=0.0)
  [t=1359s] 17997/61735 (13.2/s)  ok=16093 mism=431 crash=80 timeout=87 skip=1306  |  inflight=63
  [18007] MISMATCH w17:255 out[0] max|delta|=2.043e+00 (rtol=0.01 atol=0.001)
  [18016] MISMATCH w17:269 out[0] max|delta|=2.847e+00 (rtol=0.01 atol=0.001)
  [t=1362s] 18051/61735 (13.3/s)  ok=16141 mism=433 crash=80 timeout=87 skip=1310  |  inflight=63
  [18098] MISMATCH w17:406 out[0] max|delta|=1.270e+02 (rtol=0.01 atol=0.001)
  [18100] MISMATCH w17:41 out[0] max|delta|=9.804e-01 (rtol=0.01 atol=0.001)
  [18102] MISMATCH w17:410 out[0] max|delta|=2.599e-01 (rtol=0.01 atol=0.001)
  [t=1365s] 18133/61735 (13.3/s)  ok=16214 mism=436 crash=80 timeout=87 skip=1316  |  inflight=63
  [18156] MISMATCH w17:483 out[0] max|delta|=1.161e+00 (rtol=0.01 atol=0.001)
  [18179] MISMATCH w17:515 out[0] max|delta|=1.280e+02 (rtol=0.0 atol=0.0)
  [t=1369s] 18194/61735 (13.3/s)  ok=16269 mism=438 crash=80 timeout=88 skip=1319  |  inflight=64
  [18210] MISMATCH w17:633 out[0] max|delta|=4.800e+01 (rtol=0.01 atol=0.001)
  [18244] MISMATCH w17:638 out[0] max|delta|=2.599e-01 (rtol=0.01 atol=0.001)
  [t=1372s] 18258/61735 (13.3/s)  ok=16326 mism=440 crash=80 timeout=88 skip=1324  |  inflight=63
  [18274] MISMATCH w17:680 out[0] max|delta|=4.000e+00 (rtol=0.0 atol=0.0)
  [18293] MISMATCH w17:711 out[0] max|delta|=1.645e+00 (rtol=0.01 atol=0.001)
  [18305] MISMATCH w17:725 out[0] max|delta|=1.929e+00 (rtol=0.01 atol=0.001)
  [18318] MISMATCH w17:743 out[0] max|delta|=8.000e+00 (rtol=0.0 atol=0.0)
  [t=1375s] 18333/61735 (13.3/s)  ok=16388 mism=444 crash=80 timeout=89 skip=1332  |  inflight=63
  [18361] MISMATCH w18:107 out[0] max|delta|=4.700e+01 (rtol=0.0 atol=0.0)
  [t=1378s] 18383/61735 (13.3/s)  ok=16434 mism=445 crash=80 timeout=89 skip=1335  |  inflight=63
  [18410] MISMATCH w18:181 out[0] max|delta|=5.531e+01 (rtol=0.01 atol=0.001)
  [18411] MISMATCH w18:185 out[0] max|delta|=2.599e-01 (rtol=0.01 atol=0.001)
  [t=1381s] 18460/61735 (13.4/s)  ok=16503 mism=447 crash=80 timeout=89 skip=1341  |  inflight=63
  [t=1384s] 18525/61735 (13.4/s)  ok=16566 mism=447 crash=80 timeout=90 skip=1342  |  inflight=64
  [18576] MISMATCH w18:500 out[0] max|delta|=4.941e-01 (rtol=0.01 atol=0.001)
  [t=1387s] 18580/61735 (13.4/s)  ok=16615 mism=448 crash=80 timeout=90 skip=1347  |  inflight=63
  [18583] MISMATCH w18:454 out[0] max|delta|=4.000e+00 (rtol=0.0 atol=0.0)
  [18652] MISMATCH w18:563 out[0] max|delta|=7.670e+02 (rtol=0.0 atol=0.0)
  [t=1390s] 18657/61735 (13.4/s)  ok=16685 mism=450 crash=80 timeout=90 skip=1352  |  inflight=63
  [18666] MISMATCH w18:636 out[0] max|delta|=4.800e+01 (rtol=0.01 atol=0.001)
  [18667] MISMATCH w18:637 out[0] max|delta|=2.695e+02 (rtol=0.01 atol=0.001)
  [18699] MISMATCH w18:62 out[0] max|delta|=5.120e+02 (rtol=0.0 atol=0.0)
  [t=1393s] 18712/61735 (13.4/s)  ok=16731 mism=453 crash=80 timeout=91 skip=1357  |  inflight=63
  [18734] MISMATCH w18:683 out[0] max|delta|=3.000e+00 (rtol=0.0 atol=0.0)
  [18744] MISMATCH w18:698 out[0] max|delta|=2.300e+01 (rtol=0.0 atol=0.0)
  [18751] MISMATCH w18:714 out[0] max|delta|=1.607e+00 (rtol=0.01 atol=0.001)
  [t=1396s] 18780/61735 (13.5/s)  ok=16791 mism=456 crash=80 timeout=91 skip=1362  |  inflight=63
  [18796] MISMATCH w18:778 out[0] max|delta|=3.000e+00 (rtol=0.0 atol=0.0)
  [18802] MISMATCH w18:89 out[0] max|delta|=1.000e+00 (rtol=0.0 atol=0.0)
  [t=1399s] 18846/61735 (13.5/s)  ok=16851 mism=458 crash=80 timeout=92 skip=1365  |  inflight=63
  [18859] MISMATCH w19:174 out[0] max|delta|=4.800e+01 (rtol=0.01 atol=0.001)
  [18863] MISMATCH w19:171 out[0] max|delta|=2.306e+18 (rtol=0.0 atol=0.0)
  [t=1402s] 18892/61735 (13.5/s)  ok=16891 mism=460 crash=80 timeout=92 skip=1369  |  inflight=63
  [18931] MISMATCH w19:266 out[0] max|delta|=9.882e-01 (rtol=0.01 atol=0.001)
  [18936] CRASH    w18:67 fvp_runner rc=5: >> building runner (cache miss): backend=cortex-m target=cortex
  [18940] MISMATCH w19:284 out[0] max|delta|=1.280e+02 (rtol=0.0 atol=0.0)
  [t=1405s] 18968/61735 (13.5/s)  ok=16958 mism=462 crash=81 timeout=92 skip=1375  |  inflight=63
  [18994] MISMATCH w19:407 out[0] max|delta|=2.599e-01 (rtol=0.01 atol=0.001)
  [t=1409s] 19027/61735 (13.5/s)  ok=17011 mism=463 crash=81 timeout=93 skip=1379  |  inflight=63
  [19085] MISMATCH w19:494 out[0] max|delta|=3.322e+00 (rtol=0.01 atol=0.001)
  [19096] MISMATCH w19:512 out[0] max|delta|=1.280e+02 (rtol=0.0 atol=0.0)
  [t=1412s] 19099/61735 (13.5/s)  ok=17077 mism=465 crash=81 timeout=93 skip=1383  |  inflight=63
  [19137] MISMATCH w19:573 out[0] max|delta|=8.000e+00 (rtol=0.0 atol=0.0)
  [t=1415s] 19163/61735 (13.5/s)  ok=17136 mism=466 crash=81 timeout=93 skip=1387  |  inflight=63
  [t=1418s] 19215/61735 (13.6/s)  ok=17181 mism=466 crash=81 timeout=94 skip=1393  |  inflight=63
  [19241] MISMATCH w19:722 out[0] max|delta|=2.871e+00 (rtol=0.01 atol=0.001)
  [19255] MISMATCH w19:740 out[0] max|delta|=2.560e+02 (rtol=0.0 atol=0.0)
  [19277] MISMATCH w19:779 out[0] max|delta|=2.306e+18 (rtol=0.0 atol=0.0)
  [t=1421s] 19297/61735 (13.6/s)  ok=17252 mism=469 crash=81 timeout=94 skip=1401  |  inflight=63
  [t=1424s] 19348/61735 (13.6/s)  ok=17299 mism=469 crash=81 timeout=95 skip=1404  |  inflight=64
  [19410] MISMATCH w2:319 out[0] max|delta|=1.100e+01 (rtol=0.0 atol=0.0)
  [19417] MISMATCH w2:271 out[0] max|delta|=2.300e+01 (rtol=0.0 atol=0.0)
  [t=1427s] 19425/61735 (13.6/s)  ok=17368 mism=471 crash=81 timeout=95 skip=1410  |  inflight=63
  [19429] MISMATCH w2:287 out[0] max|delta|=1.745e+00 (rtol=0.01 atol=0.001)
  [19468] MISMATCH w2:351 out[0] max|delta|=6.000e+00 (rtol=0.0 atol=0.0)
  [t=1431s] 19491/61735 (13.6/s)  ok=17425 mism=473 crash=81 timeout=96 skip=1416  |  inflight=64
  [t=1434s] 19546/61735 (13.6/s)  ok=17475 mism=473 crash=81 timeout=96 skip=1421  |  inflight=63
  [19553] MISMATCH w2:483 out[0] max|delta|=4.000e+00 (rtol=0.0 atol=0.0)
  [19554] MISMATCH w2:484 out[0] max|delta|=4.000e+00 (rtol=0.0 atol=0.0)
  [19576] MISMATCH w2:515 out[0] max|delta|=1.249e+00 (rtol=0.01 atol=0.001)
  [19599] MISMATCH w2:547 out[0] max|delta|=8.000e+00 (rtol=0.0 atol=0.0)
  [t=1437s] 19623/61735 (13.7/s)  ok=17545 mism=477 crash=81 timeout=96 skip=1424  |  inflight=63
  [t=1440s] 19674/61735 (13.7/s)  ok=17592 mism=477 crash=81 timeout=97 skip=1427  |  inflight=63
  [19686] MISMATCH w2:665 out[0] max|delta|=4.800e+01 (rtol=0.01 atol=0.001)
  [19689] MISMATCH w2:670 out[0] max|delta|=2.599e-01 (rtol=0.01 atol=0.001)
  [19729] MISMATCH w2:727 out[0] max|delta|=2.300e+01 (rtol=0.0 atol=0.0)
  [t=1443s] 19750/61735 (13.7/s)  ok=17659 mism=480 crash=81 timeout=97 skip=1433  |  inflight=63
  [19775] MISMATCH w2:91 out[0] max|delta|=1.600e+01 (rtol=0.0 atol=0.0)
  [t=1446s] 19805/61735 (13.7/s)  ok=17707 mism=481 crash=81 timeout=98 skip=1438  |  inflight=64
  [19821] MISMATCH w20:160 out[0] max|delta|=2.229e+00 (rtol=0.01 atol=0.001)
  [19852] MISMATCH w20:269 out[0] max|delta|=2.847e+00 (rtol=0.01 atol=0.001)
  [t=1449s] 19876/61735 (13.7/s)  ok=17770 mism=483 crash=81 timeout=98 skip=1444  |  inflight=63
  [19885] MISMATCH w20:255 out[0] max|delta|=1.645e+00 (rtol=0.01 atol=0.001)
  [t=1452s] 19940/61735 (13.7/s)  ok=17830 mism=484 crash=81 timeout=98 skip=1447  |  inflight=64
  [19948] MISMATCH w20:410 out[0] max|delta|=2.599e-01 (rtol=0.01 atol=0.001)
  [19984] MISMATCH w20:467 out[0] max|delta|=2.300e+01 (rtol=0.0 atol=0.0)
  [t=1455s] 19996/61735 (13.7/s)  ok=17881 mism=486 crash=81 timeout=98 skip=1450  |  inflight=63
  [t=1458s] 20067/61735 (13.8/s)  ok=17943 mism=486 crash=81 timeout=99 skip=1458  |  inflight=63
  [t=1462s] 20110/61735 (13.8/s)  ok=17983 mism=486 crash=81 timeout=99 skip=1461  |  inflight=63
  [20136] MISMATCH w20:630 out[0] max|delta|=2.306e+18 (rtol=0.0 atol=0.0)
  [20143] MISMATCH w20:638 out[0] max|delta|=2.599e-01 (rtol=0.01 atol=0.001)
  [20163] MISMATCH w20:679 out[0] max|delta|=4.000e+00 (rtol=0.0 atol=0.0)
  [t=1465s] 20172/61735 (13.8/s)  ok=18037 mism=489 crash=81 timeout=99 skip=1466  |  inflight=63
  [20211] MISMATCH w20:747 out[0] max|delta|=2.000e+00 (rtol=0.01 atol=0.001)
  [t=1468s] 20233/61735 (13.8/s)  ok=18091 mism=490 crash=81 timeout=100 skip=1471  |  inflight=63
  [20234] CRASH    w20:520 fvp_runner rc=5: >> building runner (cache miss): backend=cortex-m target=cortex
  [20263] MISMATCH w21:120 out[0] max|delta|=1.441e+17 (rtol=0.0 atol=0.0)
  [t=1471s] 20275/61735 (13.8/s)  ok=18130 mism=491 crash=82 timeout=100 skip=1472  |  inflight=64
  [t=1474s] 20344/61735 (13.8/s)  ok=18190 mism=491 crash=82 timeout=102 skip=1479  |  inflight=63
  [20346] MISMATCH w21:245 out[0] max|delta|=9.995e-01 (rtol=0.01 atol=0.001)
  [20347] CRASH    w20:661 fvp_runner rc=5: >> building runner (cache miss): backend=cortex-m target=cortex
  [20371] MISMATCH w21:277 out[0] max|delta|=2.001e+00 (rtol=0.01 atol=0.001)
  [20391] MISMATCH w21:348 out[0] max|delta|=5.765e+17 (rtol=0.0 atol=0.0)
  [20395] MISMATCH w21:309 out[0] max|delta|=2.560e+02 (rtol=0.0 atol=0.0)
  [t=1477s] 20409/61735 (13.8/s)  ok=18247 mism=495 crash=83 timeout=102 skip=1482  |  inflight=64
  [t=1480s] 20468/61735 (13.8/s)  ok=18301 mism=495 crash=83 timeout=103 skip=1486  |  inflight=63
  [20488] MISMATCH w21:459 out[0] max|delta|=1.280e+02 (rtol=0.01 atol=0.001)
  [20528] MISMATCH w21:519 out[0] max|delta|=4.980e-01 (rtol=0.01 atol=0.001)
  [t=1483s] 20538/61735 (13.8/s)  ok=18361 mism=497 crash=83 timeout=104 skip=1493  |  inflight=63
  [20579] MISMATCH w21:60 out[0] max|delta|=1.000e+00 (rtol=0.01 atol=0.001)
  [t=1486s] 20583/61735 (13.8/s)  ok=18400 mism=498 crash=83 timeout=105 skip=1497  |  inflight=64
  [20597] MISMATCH w21:63 out[0] max|delta|=2.392e+00 (rtol=0.01 atol=0.001)
  [t=1489s] 20653/61735 (13.9/s)  ok=18463 mism=499 crash=83 timeout=105 skip=1503  |  inflight=63
  [20662] MISMATCH w21:733 out[0] max|delta|=1.161e+00 (rtol=0.01 atol=0.001)
  [20669] CRASH    w21:455 fvp_runner rc=5: >> building runner (cache miss): backend=cortex-m target=cortex
  [20671] MISMATCH w21:747 out[0] max|delta|=3.322e+00 (rtol=0.01 atol=0.001)
  [20710] MISMATCH w22:1 out[0] max|delta|=5.000e+00 (rtol=0.0 atol=0.0)
  [t=1493s] 20712/61735 (13.9/s)  ok=18514 mism=502 crash=84 timeout=106 skip=1506  |  inflight=64
  [20719] MISMATCH w22:115 out[0] max|delta|=1.163e+00 (rtol=0.01 atol=0.001)
  [t=1496s] 20763/61735 (13.9/s)  ok=18560 mism=503 crash=84 timeout=106 skip=1510  |  inflight=63
  [20820] MISMATCH w22:265 out[0] max|delta|=4.800e+01 (rtol=0.01 atol=0.001)
  [20826] MISMATCH w22:270 out[0] max|delta|=2.599e-01 (rtol=0.01 atol=0.001)
  [t=1499s] 20840/61735 (13.9/s)  ok=18629 mism=505 crash=84 timeout=106 skip=1516  |  inflight=63
  [t=1502s] 20885/61735 (13.9/s)  ok=18669 mism=505 crash=84 timeout=107 skip=1520  |  inflight=64
  [20894] MISMATCH w22:37 out[0] max|delta|=4.800e+01 (rtol=0.01 atol=0.001)
  [20925] MISMATCH w22:42 out[0] max|delta|=2.599e-01 (rtol=0.01 atol=0.001)
  [t=1505s] 20957/61735 (13.9/s)  ok=18736 mism=507 crash=84 timeout=108 skip=1522  |  inflight=63
  [20978] MISMATCH w22:498 out[0] max|delta|=2.599e-01 (rtol=0.01 atol=0.001)
  [21014] MISMATCH w22:545 out[0] max|delta|=1.280e+02 (rtol=0.01 atol=0.001)
  [t=1508s] 21016/61735 (13.9/s)  ok=18785 mism=509 crash=84 timeout=109 skip=1529  |  inflight=64
  [21017] CRASH    w22:293 fvp_runner rc=5: >> building runner (cache miss): backend=cortex-m target=cortex
  [21039] MISMATCH w22:585 out[0] max|delta|=4.980e-01 (rtol=0.01 atol=0.001)
  [t=1511s] 21069/61735 (13.9/s)  ok=18829 mism=510 crash=85 timeout=109 skip=1536  |  inflight=63
  [t=1514s] 21147/61735 (14.0/s)  ok=18903 mism=510 crash=85 timeout=110 skip=1539  |  inflight=63
  [21166] MISMATCH w22:767 out[0] max|delta|=4.000e+00 (rtol=0.0 atol=0.0)
  [t=1518s] 21196/61735 (14.0/s)  ok=18948 mism=511 crash=85 timeout=110 skip=1542  |  inflight=64
  [21211] MISMATCH w23:126 out[0] max|delta|=9.500e+01 (rtol=0.0 atol=0.0)
  [21220] MISMATCH w23:142 out[0] max|delta|=2.000e+00 (rtol=0.0 atol=0.0)
  [21242] MISMATCH w23:18 out[0] max|delta|=4.000e+00 (rtol=0.0 atol=0.0)
  [21256] MISMATCH w23:199 out[0] max|delta|=4.800e+01 (rtol=0.01 atol=0.001)
  [t=1521s] 21266/61735 (14.0/s)  ok=19012 mism=515 crash=85 timeout=110 skip=1544  |  inflight=63
  [21286] CRASH    w22:65 fvp_runner rc=5: >> building runner (cache miss): backend=cortex-m target=cortex
  [21298] MISMATCH w23:291 out[0] max|delta|=1.929e+00 (rtol=0.01 atol=0.001)
  [t=1524s] 21332/61735 (14.0/s)  ok=19067 mism=516 crash=86 timeout=112 skip=1551  |  inflight=64
  [21346] MISMATCH w23:309 out[0] max|delta|=1.600e+01 (rtol=0.0 atol=0.0)
  [t=1527s] 21382/61735 (14.0/s)  ok=19113 mism=517 crash=86 timeout=112 skip=1554  |  inflight=63
  [21426] MISMATCH w23:427 out[0] max|delta|=2.306e+18 (rtol=0.0 atol=0.0)
  [t=1530s] 21459/61735 (14.0/s)  ok=19181 mism=518 crash=86 timeout=113 skip=1561  |  inflight=63
  [21509] MISMATCH w23:537 out[0] max|delta|=1.600e+01 (rtol=0.0 atol=0.0)
  [t=1533s] 21513/61735 (14.0/s)  ok=19230 mism=519 crash=86 timeout=113 skip=1565  |  inflight=64
  [21559] CRASH    w23:314 fvp_runner rc=5: >> building runner (cache miss): backend=cortex-m target=cortex
  [t=1536s] 21568/61735 (14.0/s)  ok=19281 mism=519 crash=87 timeout=113 skip=1568  |  inflight=63
  [21601] MISMATCH w23:660 out[0] max|delta|=2.599e-01 (rtol=0.01 atol=0.001)
  [t=1539s] 21649/61735 (14.1/s)  ok=19354 mism=520 crash=87 timeout=114 skip=1574  |  inflight=63
  [21675] MISMATCH w23:81 out[0] max|delta|=2.000e+00 (rtol=0.0 atol=0.0)
  [21681] MISMATCH w23:93 out[0] max|delta|=3.090e+01 (rtol=0.01 atol=0.001)
  [t=1542s] 21694/61735 (14.1/s)  ok=19396 mism=522 crash=87 timeout=114 skip=1575  |  inflight=64
  [21724] MISMATCH w24:153 out[0] max|delta|=2.599e-01 (rtol=0.01 atol=0.001)
  [t=1545s] 21758/61735 (14.1/s)  ok=19455 mism=523 crash=87 timeout=114 skip=1579  |  inflight=63
  [21789] MISMATCH w24:240 out[0] max|delta|=3.765e+00 (rtol=0.01 atol=0.001)
  [21823] CRASH    w23:683 fvp_runner rc=5: >> building runner (cache miss): backend=cortex-m target=cortex
  [t=1548s] 21827/61735 (14.1/s)  ok=19517 mism=524 crash=88 timeout=115 skip=1583  |  inflight=63
  [21832] MISMATCH w24:303 out[0] max|delta|=9.500e+01 (rtol=0.0 atol=0.0)
  [21840] MISMATCH w24:319 out[0] max|delta|=1.000e+00 (rtol=0.01 atol=0.001)
  [21854] MISMATCH w24:376 out[0] max|delta|=9.223e+18 (rtol=0.0 atol=0.0)
  [t=1552s] 21873/61735 (14.1/s)  ok=19559 mism=527 crash=88 timeout=115 skip=1584  |  inflight=63
  [21905] MISMATCH w24:423 out[0] max|delta|=3.000e+00 (rtol=0.0 atol=0.0)
  [21938] MISMATCH w24:468 out[0] max|delta|=2.392e+00 (rtol=0.01 atol=0.001)
  [t=1555s] 21949/61735 (14.1/s)  ok=19623 mism=529 crash=88 timeout=116 skip=1593  |  inflight=63
  [21982] MISMATCH w24:525 out[0] max|delta|=1.441e+17 (rtol=0.0 atol=0.0)
  [t=1558s] 22002/61735 (14.1/s)  ok=19670 mism=530 crash=88 timeout=116 skip=1598  |  inflight=64
  [22050] CRASH    w24:35 fvp_runner rc=5: >> building runner (cache miss): backend=cortex-m target=cortex
  [22053] CRASH    w24:176 fvp_runner rc=5: >> building runner (cache miss): backend=cortex-m target=cortex
  [t=1561s] 22064/61735 (14.1/s)  ok=19725 mism=530 crash=90 timeout=118 skip=1601  |  inflight=63
  [22105] MISMATCH w24:69 out[0] max|delta|=5.765e+17 (rtol=0.0 atol=0.0)
  [t=1564s] 22134/61735 (14.2/s)  ok=19787 mism=531 crash=90 timeout=118 skip=1608  |  inflight=63
  [t=1567s] 22185/61735 (14.2/s)  ok=19834 mism=531 crash=90 timeout=118 skip=1612  |  inflight=63
  [22236] MISMATCH w25:176 out[0] max|delta|=2.000e+00 (rtol=0.0 atol=0.0)
  [t=1570s] 22252/61735 (14.2/s)  ok=19894 mism=532 crash=90 timeout=119 skip=1617  |  inflight=63
  [22256] MISMATCH w25:208 out[0] max|delta|=2.000e+00 (rtol=0.0 atol=0.0)
  [22313] CRASH    w24:632 fvp_runner rc=5: >> building runner (cache miss): backend=cortex-m target=cortex
  [t=1573s] 22315/61735 (14.2/s)  ok=19948 mism=533 crash=91 timeout=120 skip=1623  |  inflight=63
  [22324] MISMATCH w25:30 out[0] max|delta|=1.000e+00 (rtol=0.0 atol=0.0)
  [t=1576s] 22371/61735 (14.2/s)  ok=19996 mism=534 crash=91 timeout=121 skip=1629  |  inflight=63
  [22386] MISMATCH w25:386 out[0] max|delta|=2.412e+00 (rtol=0.01 atol=0.001)
  [22402] MISMATCH w25:404 out[0] max|delta|=1.600e+01 (rtol=0.0 atol=0.0)
  [22418] MISMATCH w25:436 out[0] max|delta|=2.000e+00 (rtol=0.0 atol=0.0)
  [22423] MISMATCH w25:443 out[0] max|delta|=2.306e+18 (rtol=0.0 atol=0.0)
  [t=1579s] 22444/61735 (14.2/s)  ok=20060 mism=538 crash=91 timeout=121 skip=1634  |  inflight=63
  [22453] MISMATCH w25:486 out[0] max|delta|=1.000e+00 (rtol=0.0 atol=0.0)
  [22475] MISMATCH w25:522 out[0] max|delta|=4.800e+01 (rtol=0.01 atol=0.001)
  [t=1582s] 22503/61735 (14.2/s)  ok=20115 mism=540 crash=91 timeout=121 skip=1636  |  inflight=63
  [22535] MISMATCH w25:614 out[0] max|delta|=2.871e+00 (rtol=0.01 atol=0.001)
  [22549] MISMATCH w25:632 out[0] max|delta|=6.400e+01 (rtol=0.0 atol=0.0)
  [t=1585s] 22552/61735 (14.2/s)  ok=20157 mism=542 crash=91 timeout=122 skip=1640  |  inflight=63
  [22566] MISMATCH w25:671 out[0] max|delta|=7.206e+16 (rtol=0.0 atol=0.0)
  [22597] CRASH    w25:409 fvp_runner rc=5: >> building runner (cache miss): backend=cortex-m target=cortex
  [22621] MISMATCH w25:751 out[0] max|delta|=1.270e+02 (rtol=0.01 atol=0.001)
  [22622] MISMATCH w25:750 out[0] max|delta|=4.800e+01 (rtol=0.01 atol=0.001)
  [22626] MISMATCH w25:755 out[0] max|delta|=2.599e-01 (rtol=0.01 atol=0.001)
  [t=1588s] 22630/61735 (14.2/s)  ok=20228 mism=546 crash=92 timeout=122 skip=1642  |  inflight=63
  [22686] MISMATCH w26:144 out[0] max|delta|=9.223e+18 (rtol=0.0 atol=0.0)
  [t=1592s] 22686/61735 (14.3/s)  ok=20277 mism=547 crash=92 timeout=122 skip=1648  |  inflight=64
  [22687] MISMATCH w26:145 out[0] max|delta|=3.725e+01 (rtol=0.01 atol=0.001)
  [22688] MISMATCH w26:149 out[0] max|delta|=2.599e-01 (rtol=0.01 atol=0.001)
  [22729] MISMATCH w26:208 out[0] max|delta|=3.420e-01 (rtol=0.01 atol=0.001)
  [22732] MISMATCH w26:26 out[0] max|delta|=6.400e+01 (rtol=0.0 atol=0.0)
  [t=1595s] 22750/61735 (14.3/s)  ok=20333 mism=551 crash=92 timeout=123 skip=1651  |  inflight=63
  [22770] MISMATCH w26:254 out[0] max|delta|=6.400e+01 (rtol=0.0 atol=0.0)
  [t=1598s] 22817/61735 (14.3/s)  ok=20396 mism=552 crash=92 timeout=123 skip=1654  |  inflight=63
  [22863] CRASH    w25:94 fvp_runner rc=5: >> building runner (cache miss): backend=cortex-m target=cortex
  [t=1601s] 22866/61735 (14.3/s)  ok=20439 mism=552 crash=93 timeout=124 skip=1658  |  inflight=64
  [22918] MISMATCH w26:482 out[0] max|delta|=1.600e+01 (rtol=0.0 atol=0.0)
  [22927] MISMATCH w26:491 out[0] max|delta|=1.000e+00 (rtol=0.0 atol=0.0)
  [t=1604s] 22941/61735 (14.3/s)  ok=20506 mism=554 crash=93 timeout=125 skip=1663  |  inflight=63
  [22942] MISMATCH w26:514 out[0] max|delta|=5.000e+00 (rtol=0.0 atol=0.0)
  [22985] MISMATCH w26:58 out[0] max|delta|=3.000e+00 (rtol=0.0 atol=0.0)
  [22992] MISMATCH w26:597 out[0] max|delta|=4.612e+18 (rtol=0.0 atol=0.0)
  [22999] MISMATCH w26:601 out[0] max|delta|=1.270e+02 (rtol=0.01 atol=0.001)
  [23000] MISMATCH w26:605 out[0] max|delta|=2.599e-01 (rtol=0.01 atol=0.001)
  [t=1607s] 23004/61735 (14.3/s)  ok=20561 mism=559 crash=93 timeout=125 skip=1666  |  inflight=63
  [23037] MISMATCH w26:678 out[0] max|delta|=1.465e+00 (rtol=0.01 atol=0.001)
  [t=1610s] 23066/61735 (14.3/s)  ok=20612 mism=560 crash=93 timeout=126 skip=1675  |  inflight=63
  [23083] MISMATCH w26:710 out[0] max|delta|=1.024e+03 (rtol=0.0 atol=0.0)
  [23099] MISMATCH w26:742 out[0] max|delta|=8.000e+00 (rtol=0.0 atol=0.0)
  [23122] MISMATCH w27:112 out[0] max|delta|=2.040e+00 (rtol=0.01 atol=0.001)
  [23134] MISMATCH w26:8 out[0] max|delta|=3.733e+00 (rtol=0.01 atol=0.001)
  [23141] MISMATCH w26:87 out[0] max|delta|=7.000e+00 (rtol=0.0 atol=0.0)
  [t=1613s] 23149/61735 (14.4/s)  ok=20682 mism=565 crash=93 timeout=127 skip=1682  |  inflight=63
  [t=1616s] 23202/61735 (14.4/s)  ok=20734 mism=565 crash=93 timeout=127 skip=1683  |  inflight=63
  [23222] MISMATCH w27:220 out[0] max|delta|=3.236e+00 (rtol=0.01 atol=0.001)
  [23254] MISMATCH w27:324 out[0] max|delta|=2.300e+01 (rtol=0.0 atol=0.0)
  [23255] MISMATCH w27:262 out[0] max|delta|=4.800e+01 (rtol=0.01 atol=0.001)
  [23256] MISMATCH w27:263 out[0] max|delta|=1.270e+02 (rtol=0.01 atol=0.001)
  [23287] MISMATCH w27:31 out[0] max|delta|=9.223e+18 (rtol=0.0 atol=0.0)
  [t=1619s] 23290/61735 (14.4/s)  ok=20808 mism=570 crash=93 timeout=128 skip=1691  |  inflight=63
  [23305] MISMATCH w27:340 out[0] max|delta|=1.110e+00 (rtol=0.01 atol=0.001)
  [23317] MISMATCH w27:354 out[0] max|delta|=2.412e+00 (rtol=0.01 atol=0.001)
  [23334] MISMATCH w27:384 out[0] max|delta|=1.990e+02 (rtol=0.01 atol=0.001)
  [23340] MISMATCH w27:404 out[0] max|delta|=2.000e+00 (rtol=0.0 atol=0.0)
  [t=1623s] 23340/61735 (14.4/s)  ok=20851 mism=574 crash=93 timeout=128 skip=1694  |  inflight=64
  [23363] MISMATCH w27:433 out[0] max|delta|=8.000e+00 (rtol=0.0 atol=0.0)
  [23399] MISMATCH w27:495 out[0] max|delta|=2.599e-01 (rtol=0.01 atol=0.001)
  [t=1626s] 23412/61735 (14.4/s)  ok=20915 mism=576 crash=93 timeout=128 skip=1700  |  inflight=63
  [23428] MISMATCH w27:536 out[0] max|delta|=4.000e+00 (rtol=0.0 atol=0.0)
  [23455] MISMATCH w27:582 out[0] max|delta|=1.471e+00 (rtol=0.01 atol=0.001)
  [23472] MISMATCH w27:600 out[0] max|delta|=7.670e+02 (rtol=0.0 atol=0.0)
  [23477] CRASH    w27:290 fvp_runner rc=5: >> building runner (cache miss): backend=cortex-m target=cortex
  [t=1629s] 23477/61735 (14.4/s)  ok=20971 mism=579 crash=94 timeout=129 skip=1704  |  inflight=63
  [23491] MISMATCH w27:632 out[0] max|delta|=7.000e+00 (rtol=0.0 atol=0.0)
  [23494] MISMATCH w27:639 out[0] max|delta|=1.441e+17 (rtol=0.0 atol=0.0)
  [t=1632s] 23526/61735 (14.4/s)  ok=21012 mism=581 crash=94 timeout=129 skip=1710  |  inflight=63
  [23594] MISMATCH w27:81 out[0] max|delta|=3.000e+00 (rtol=0.0 atol=0.0)
  [t=1635s] 23600/61735 (14.4/s)  ok=21080 mism=582 crash=94 timeout=129 skip=1715  |  inflight=63
  [23608] MISMATCH w27:96 out[0] max|delta|=2.300e+01 (rtol=0.0 atol=0.0)
  [23638] MISMATCH w28:152 out[0] max|delta|=2.599e-01 (rtol=0.01 atol=0.001)
  [t=1638s] 23658/61735 (14.4/s)  ok=21130 mism=584 crash=94 timeout=129 skip=1721  |  inflight=64
  [23702] CRASH    w27:62 fvp_runner rc=5: >> building runner (cache miss): backend=cortex-m target=cortex
  [23704] MISMATCH w28:239 out[0] max|delta|=9.804e-01 (rtol=0.01 atol=0.001)
  [t=1641s] 23709/61735 (14.4/s)  ok=21175 mism=585 crash=95 timeout=129 skip=1725  |  inflight=63
  [t=1644s] 23786/61735 (14.5/s)  ok=21246 mism=585 crash=95 timeout=130 skip=1730  |  inflight=63
  [23797] MISMATCH w28:375 out[0] max|delta|=4.800e+01 (rtol=0.01 atol=0.001)
  [23803] MISMATCH w28:380 out[0] max|delta|=2.599e-01 (rtol=0.01 atol=0.001)
  [23822] MISMATCH w28:407 out[0] max|delta|=1.280e+02 (rtol=0.01 atol=0.001)
  [t=1647s] 23836/61735 (14.5/s)  ok=21289 mism=588 crash=95 timeout=130 skip=1734  |  inflight=63
  [23863] MISMATCH w28:467 out[0] max|delta|=2.392e+00 (rtol=0.01 atol=0.001)
  [23901] MISMATCH w28:535 out[0] max|delta|=2.147e+09 (rtol=0.0 atol=0.0)
  [t=1650s] 23904/61735 (14.5/s)  ok=21348 mism=590 crash=95 timeout=131 skip=1740  |  inflight=63
  [23939] MISMATCH w28:586 out[0] max|delta|=3.888e+00 (rtol=0.01 atol=0.001)
  [23952] MISMATCH w28:603 out[0] max|delta|=2.306e+18 (rtol=0.0 atol=0.0)
  [23954] MISMATCH w28:608 out[0] max|delta|=2.599e-01 (rtol=0.01 atol=0.001)
  [23962] CRASH    w28:175 fvp_runner rc=5: >> building runner (cache miss): backend=cortex-m target=cortex
  [t=1654s] 23967/61735 (14.5/s)  ok=21402 mism=593 crash=96 timeout=132 skip=1744  |  inflight=64
  [24019] MISMATCH w28:695 out[0] max|delta|=2.871e+00 (rtol=0.01 atol=0.001)
  [t=1657s] 24020/61735 (14.5/s)  ok=21449 mism=594 crash=96 timeout=132 skip=1749  |  inflight=63
  [24035] MISMATCH w28:714 out[0] max|delta|=3.367e+02 (rtol=0.01 atol=0.001)
  [24068] MISMATCH w29:121 out[0] max|delta|=1.280e+02 (rtol=0.01 atol=0.001)
  [t=1660s] 24100/61735 (14.5/s)  ok=21518 mism=596 crash=96 timeout=133 skip=1757  |  inflight=63
  [24111] MISMATCH w29:133 out[0] max|delta|=4.800e+01 (rtol=0.01 atol=0.001)
  [t=1663s] 24150/61735 (14.5/s)  ok=21563 mism=597 crash=96 timeout=133 skip=1761  |  inflight=64
  [24197] CRASH    w28:403 fvp_runner rc=5: >> building runner (cache miss): backend=cortex-m target=cortex
  [t=1666s] 24220/61735 (14.5/s)  ok=21627 mism=597 crash=97 timeout=134 skip=1765  |  inflight=63
  [24281] MISMATCH w29:366 out[0] max|delta|=2.599e-01 (rtol=0.01 atol=0.001)
  [t=1669s] 24289/61735 (14.6/s)  ok=21690 mism=598 crash=97 timeout=134 skip=1770  |  inflight=64
  [24315] MISMATCH w29:423 out[0] max|delta|=2.300e+01 (rtol=0.0 atol=0.0)
  [24333] MISMATCH w29:453 out[0] max|delta|=2.412e+00 (rtol=0.01 atol=0.001)
  [t=1672s] 24341/61735 (14.6/s)  ok=21735 mism=600 crash=97 timeout=135 skip=1774  |  inflight=63
  [24342] MISMATCH w29:471 out[0] max|delta|=6.400e+01 (rtol=0.0 atol=0.0)
  [24343] MISMATCH w29:47 out[0] max|delta|=6.000e+00 (rtol=0.0 atol=0.0)
  [24372] MISMATCH w29:510 out[0] max|delta|=5.765e+17 (rtol=0.0 atol=0.0)
  [t=1675s] 24415/61735 (14.6/s)  ok=21803 mism=603 crash=97 timeout=135 skip=1777  |  inflight=63
  [24465] MISMATCH w29:651 out[0] max|delta|=2.300e+01 (rtol=0.0 atol=0.0)
  [t=1679s] 24470/61735 (14.6/s)  ok=21852 mism=604 crash=97 timeout=136 skip=1781  |  inflight=64
  [24472] MISMATCH w29:667 out[0] max|delta|=1.249e+00 (rtol=0.01 atol=0.001)
  [24512] MISMATCH w29:731 out[0] max|delta|=4.000e+00 (rtol=0.0 atol=0.0)
  [24517] MISMATCH w29:738 out[0] max|delta|=7.206e+16 (rtol=0.0 atol=0.0)
  [t=1682s] 24526/61735 (14.6/s)  ok=21900 mism=607 crash=97 timeout=137 skip=1785  |  inflight=63
  [24565] CRASH    w29:476 fvp_runner rc=5: >> building runner (cache miss): backend=cortex-m target=cortex
  [24570] MISMATCH w3:105 out[0] max|delta|=9.995e-01 (rtol=0.01 atol=0.001)
  [24571] MISMATCH w3:106 out[0] max|delta|=4.000e+00 (rtol=0.0 atol=0.0)
  [t=1685s] 24601/61735 (14.6/s)  ok=21969 mism=609 crash=98 timeout=137 skip=1788  |  inflight=63
  [24639] MISMATCH w3:208 out[0] max|delta|=9.223e+18 (rtol=0.0 atol=0.0)
  [t=1688s] 24657/61735 (14.6/s)  ok=22020 mism=610 crash=98 timeout=138 skip=1791  |  inflight=64
  [24686] MISMATCH w3:292 out[0] max|delta|=2.599e-01 (rtol=0.01 atol=0.001)
  [24690] MISMATCH w3:287 out[0] max|delta|=4.800e+01 (rtol=0.01 atol=0.001)
  [t=1691s] 24716/61735 (14.6/s)  ok=22073 mism=612 crash=98 timeout=138 skip=1795  |  inflight=63
  [24742] MISMATCH w3:365 out[0] max|delta|=1.645e+00 (rtol=0.01 atol=0.001)
  [24759] MISMATCH w3:387 out[0] max|delta|=1.681e-02 (rtol=0.01 atol=0.001)
  [24765] MISMATCH w3:397 out[0] max|delta|=1.600e+01 (rtol=0.0 atol=0.0)
  [24766] MISMATCH w3:398 out[0] max|delta|=1.990e+02 (rtol=0.01 atol=0.001)
  [t=1694s] 24784/61735 (14.6/s)  ok=22135 mism=616 crash=98 timeout=138 skip=1797  |  inflight=63
  [24787] MISMATCH w3:429 out[0] max|delta|=2.000e+00 (rtol=0.0 atol=0.0)
  [24838] CRASH    w3:174 fvp_runner rc=5: >> building runner (cache miss): backend=cortex-m target=cortex
  [t=1697s] 24839/61735 (14.6/s)  ok=22183 mism=617 crash=99 timeout=139 skip=1801  |  inflight=64
  [t=1700s] 24904/61735 (14.6/s)  ok=22245 mism=617 crash=99 timeout=139 skip=1804  |  inflight=63
  [24915] MISMATCH w3:607 out[0] max|delta|=2.847e+00 (rtol=0.01 atol=0.001)
  [24925] CRASH    w3:315 fvp_runner rc=5: >> building runner (cache miss): backend=cortex-m target=cortex
  [24936] MISMATCH w3:64 out[0] max|delta|=2.599e-01 (rtol=0.01 atol=0.001)
  [24945] MISMATCH w3:657 out[0] max|delta|=5.000e+00 (rtol=0.0 atol=0.0)
  [t=1703s] 24972/61735 (14.7/s)  ok=22307 mism=620 crash=100 timeout=140 skip=1805  |  inflight=63
  [25016] MISMATCH w3:748 out[0] max|delta|=8.090e-01 (rtol=0.01 atol=0.001)
  [t=1706s] 25029/61735 (14.7/s)  ok=22359 mism=621 crash=100 timeout=140 skip=1809  |  inflight=63
  [25077] MISMATCH w30:203 out[0] max|delta|=9.500e+01 (rtol=0.0 atol=0.0)
  [25083] MISMATCH w30:140 out[0] max|delta|=1.945e+00 (rtol=0.01 atol=0.001)
  [t=1709s] 25115/61735 (14.7/s)  ok=22437 mism=623 crash=100 timeout=140 skip=1815  |  inflight=63
  [25145] MISMATCH w30:234 out[0] max|delta|=8.359e-01 (rtol=0.01 atol=0.001)
  [25150] MISMATCH w30:24 out[0] max|delta|=1.658e+00 (rtol=0.01 atol=0.001)
  [t=1712s] 25168/61735 (14.7/s)  ok=22483 mism=625 crash=100 timeout=142 skip=1818  |  inflight=63
  [25170] MISMATCH w30:276 out[0] max|delta|=4.800e+01 (rtol=0.01 atol=0.001)
  [t=1715s] 25228/61735 (14.7/s)  ok=22538 mism=626 crash=100 timeout=142 skip=1822  |  inflight=63
  [25279] MISMATCH w30:418 out[0] max|delta|=6.000e+00 (rtol=0.0 atol=0.0)
  [t=1719s] 25310/61735 (14.7/s)  ok=22613 mism=627 crash=100 timeout=142 skip=1828  |  inflight=64
  [25315] MISMATCH w30:48 out[0] max|delta|=2.306e+18 (rtol=0.0 atol=0.0)
  [t=1722s] 25360/61735 (14.7/s)  ok=22657 mism=628 crash=100 timeout=143 skip=1832  |  inflight=63
  [25413] MISMATCH w30:614 out[0] max|delta|=2.560e+02 (rtol=0.0 atol=0.0)
  [t=1725s] 25431/61735 (14.7/s)  ok=22719 mism=629 crash=100 timeout=143 skip=1840  |  inflight=63
  [25435] MISMATCH w30:653 out[0] max|delta|=9.223e+18 (rtol=0.0 atol=0.0)
  [25446] CRASH    w30:391 fvp_runner rc=5: >> building runner (cache miss): backend=cortex-m target=cortex
  [t=1728s] 25491/61735 (14.7/s)  ok=22771 mism=630 crash=101 timeout=144 skip=1845  |  inflight=64
  [25538] CRASH    w30:532 fvp_runner rc=5: >> building runner (cache miss): backend=cortex-m target=cortex
  [t=1731s] 25567/61735 (14.8/s)  ok=22841 mism=630 crash=102 timeout=144 skip=1850  |  inflight=63
  [25621] MISMATCH w31:208 out[0] max|delta|=2.300e+01 (rtol=0.0 atol=0.0)
  [t=1735s] 25632/61735 (14.8/s)  ok=22896 mism=631 crash=102 timeout=145 skip=1858  |  inflight=64
  [25653] MISMATCH w31:256 out[0] max|delta|=3.200e+01 (rtol=0.0 atol=0.0)
  [25660] MISMATCH w31:262 out[0] max|delta|=1.511e+00 (rtol=0.01 atol=0.001)
  [25669] MISMATCH w31:28 out[0] max|delta|=6.400e+01 (rtol=0.0 atol=0.0)
  [t=1738s] 25686/61735 (14.8/s)  ok=22944 mism=634 crash=102 timeout=145 skip=1861  |  inflight=63
  [25715] CRASH    w30:619 fvp_runner rc=5: >> building runner (cache miss): backend=cortex-m target=cortex
  [25733] MISMATCH w31:371 out[0] max|delta|=2.306e+18 (rtol=0.0 atol=0.0)
  [25739] MISMATCH w31:379 out[0] max|delta|=2.599e-01 (rtol=0.01 atol=0.001)
  [t=1741s] 25760/61735 (14.8/s)  ok=23010 mism=636 crash=103 timeout=146 skip=1865  |  inflight=63
  [25786] MISMATCH w31:452 out[0] max|delta|=1.594e+00 (rtol=0.01 atol=0.001)
  [25792] MISMATCH w31:466 out[0] max|delta|=9.882e-01 (rtol=0.01 atol=0.001)
  [25819] CRASH    w31:174 fvp_runner rc=5: >> building runner (cache miss): backend=cortex-m target=cortex
  [t=1744s] 25820/61735 (14.8/s)  ok=23064 mism=638 crash=104 timeout=146 skip=1868  |  inflight=63
  [t=1747s] 25886/61735 (14.8/s)  ok=23125 mism=638 crash=104 timeout=147 skip=1872  |  inflight=63
  [25888] MISMATCH w31:607 out[0] max|delta|=2.599e-01 (rtol=0.01 atol=0.001)
  [25947] MISMATCH w31:694 out[0] max|delta|=1.945e+00 (rtol=0.01 atol=0.001)
  [t=1750s] 25947/61735 (14.8/s)  ok=23179 mism=640 crash=104 timeout=147 skip=1877  |  inflight=63
  [25961] CRASH    w31:33 fvp_runner rc=5: >> building runner (cache miss): backend=cortex-m target=cortex
  [25962] MISMATCH w31:712 out[0] max|delta|=8.000e+00 (rtol=0.0 atol=0.0)
  [t=1753s] 26004/61735 (14.8/s)  ok=23231 mism=641 crash=105 timeout=147 skip=1880  |  inflight=63
  [26016] MISMATCH w32:102 out[0] max|delta|=4.000e+00 (rtol=0.0 atol=0.0)
  [26039] MISMATCH w32:141 out[0] max|delta|=4.612e+18 (rtol=0.0 atol=0.0)
  [t=1756s] 26069/61735 (14.8/s)  ok=23291 mism=643 crash=105 timeout=147 skip=1883  |  inflight=63
  [26089] MISMATCH w32:220 out[0] max|delta|=4.800e+01 (rtol=0.01 atol=0.001)
  [26095] MISMATCH w32:225 out[0] max|delta|=2.599e-01 (rtol=0.01 atol=0.001)
  [26100] CRASH    w31:630 fvp_runner rc=5: >> building runner (cache miss): backend=cortex-m target=cortex
  [t=1759s] 26134/61735 (14.9/s)  ok=23346 mism=645 crash=106 timeout=148 skip=1889  |  inflight=63
  [26172] MISMATCH w32:330 out[0] max|delta|=2.000e+00 (rtol=0.0 atol=0.0)
  [t=1762s] 26188/61735 (14.9/s)  ok=23395 mism=646 crash=106 timeout=148 skip=1893  |  inflight=63
  [26219] MISMATCH w32:412 out[0] max|delta|=1.000e+00 (rtol=0.0 atol=0.0)
  [26232] CRASH    w32:107 fvp_runner rc=5: >> building runner (cache miss): backend=cortex-m target=cortex
  [t=1765s] 26250/61735 (14.9/s)  ok=23451 mism=647 crash=107 timeout=148 skip=1897  |  inflight=63
  [26252] MISMATCH w32:453 out[0] max|delta|=2.599e-01 (rtol=0.01 atol=0.001)
  [26282] MISMATCH w32:494 out[0] max|delta|=9.995e-01 (rtol=0.01 atol=0.001)
  [26320] MISMATCH w32:558 out[0] max|delta|=1.280e+02 (rtol=0.0 atol=0.0)
  [t=1768s] 26331/61735 (14.9/s)  ok=23521 mism=650 crash=107 timeout=150 skip=1903  |  inflight=63
  [26377] MISMATCH w32:640 out[0] max|delta|=1.000e+00 (rtol=0.0 atol=0.0)
  [t=1771s] 26381/61735 (14.9/s)  ok=23566 mism=651 crash=107 timeout=150 skip=1907  |  inflight=63
  [26403] MISMATCH w32:676 out[0] max|delta|=2.306e+18 (rtol=0.0 atol=0.0)
  [26407] MISMATCH w32:681 out[0] max|delta|=2.599e-01 (rtol=0.01 atol=0.001)
  [t=1774s] 26462/61735 (14.9/s)  ok=23636 mism=653 crash=107 timeout=151 skip=1915  |  inflight=63
  [26463] MISMATCH w32:768 out[0] max|delta|=1.471e+00 (rtol=0.01 atol=0.001)
  [26476] MISMATCH w32:84 out[0] max|delta|=1.929e+00 (rtol=0.01 atol=0.001)
  [t=1778s] 26519/61735 (14.9/s)  ok=23686 mism=655 crash=107 timeout=151 skip=1920  |  inflight=64
  [26520] CRASH    w32:563 fvp_runner rc=5: >> building runner (cache miss): backend=cortex-m target=cortex
  [26555] MISMATCH w33:182 out[0] max|delta|=4.800e+01 (rtol=0.01 atol=0.001)
  [26556] MISMATCH w33:187 out[0] max|delta|=2.599e-01 (rtol=0.01 atol=0.001)
  [26559] MISMATCH w33:183 out[0] max|delta|=1.689e+02 (rtol=0.01 atol=0.001)
  [t=1781s] 26584/61735 (14.9/s)  ok=23739 mism=658 crash=108 timeout=151 skip=1928  |  inflight=63
  [26585] MISMATCH w33:228 out[0] max|delta|=9.995e-01 (rtol=0.01 atol=0.001)
  [t=1784s] 26659/61735 (14.9/s)  ok=23807 mism=659 crash=108 timeout=152 skip=1933  |  inflight=64
  [t=1787s] 26709/61735 (14.9/s)  ok=23853 mism=659 crash=108 timeout=152 skip=1937  |  inflight=63
  [26772] MISMATCH w33:488 out[0] max|delta|=1.649e+00 (rtol=0.01 atol=0.001)
  [26784] MISMATCH w33:502 out[0] max|delta|=1.929e+00 (rtol=0.01 atol=0.001)
  [t=1790s] 26792/61735 (15.0/s)  ok=23925 mism=661 crash=108 timeout=153 skip=1945  |  inflight=63
  [26796] CRASH    w33:210 fvp_runner rc=5: >> building runner (cache miss): backend=cortex-m target=cortex
  [26817] MISMATCH w33:559 out[0] max|delta|=2.882e+17 (rtol=0.0 atol=0.0)
  [t=1794s] 26847/61735 (15.0/s)  ok=23974 mism=662 crash=109 timeout=153 skip=1949  |  inflight=63
  [26864] MISMATCH w33:638 out[0] max|delta|=4.800e+01 (rtol=0.01 atol=0.001)
  [26866] MISMATCH w33:639 out[0] max|delta|=9.181e+01 (rtol=0.01 atol=0.001)
  [26872] MISMATCH w33:643 out[0] max|delta|=2.599e-01 (rtol=0.01 atol=0.001)
  [26913] MISMATCH w33:730 out[0] max|delta|=2.871e+00 (rtol=0.01 atol=0.001)
  [t=1797s] 26919/61735 (15.0/s)  ok=24036 mism=666 crash=109 timeout=153 skip=1955  |  inflight=63
  [t=1800s] 26981/61735 (15.0/s)  ok=24093 mism=666 crash=109 timeout=154 skip=1959  |  inflight=64
  [t=1803s] 27030/61735 (15.0/s)  ok=24137 mism=666 crash=109 timeout=155 skip=1963  |  inflight=63
  [27068] MISMATCH w34:24 out[0] max|delta|=1.910e+02 (rtol=0.0 atol=0.0)
  [27073] CRASH    w33:69 fvp_runner rc=5: >> building runner (cache miss): backend=cortex-m target=cortex
  [t=1806s] 27102/61735 (15.0/s)  ok=24199 mism=667 crash=110 timeout=155 skip=1971  |  inflight=63
  [27133] MISMATCH w34:330 out[0] max|delta|=2.599e-01 (rtol=0.01 atol=0.001)
  [t=1809s] 27172/61735 (15.0/s)  ok=24261 mism=668 crash=110 timeout=155 skip=1978  |  inflight=64
  [t=1812s] 27239/61735 (15.0/s)  ok=24324 mism=668 crash=110 timeout=156 skip=1981  |  inflight=63
  [27279] MISMATCH w34:536 out[0] max|delta|=5.500e-01 (rtol=0.01 atol=0.001)
  [27293] MISMATCH w34:553 out[0] max|delta|=4.800e+01 (rtol=0.01 atol=0.001)
  [27297] MISMATCH w34:558 out[0] max|delta|=2.599e-01 (rtol=0.01 atol=0.001)
  [t=1816s] 27310/61735 (15.0/s)  ok=24387 mism=671 crash=110 timeout=156 skip=1986  |  inflight=64
  [27318] MISMATCH w34:663 out[0] max|delta|=4.000e+00 (rtol=0.0 atol=0.0)
  [27327] MISMATCH w34:664 out[0] max|delta|=1.687e+02 (rtol=0.01 atol=0.001)
  [t=1819s] 27379/61735 (15.1/s)  ok=24445 mism=673 crash=110 timeout=157 skip=1994  |  inflight=63
  [t=1822s] 27447/61735 (15.1/s)  ok=24510 mism=673 crash=110 timeout=157 skip=1997  |  inflight=64
  [t=1825s] 27514/61735 (15.1/s)  ok=24572 mism=673 crash=110 timeout=157 skip=2002  |  inflight=63
  [27523] MISMATCH w35:180 out[0] max|delta|=2.599e-01 (rtol=0.01 atol=0.001)
  [27558] MISMATCH w35:222 out[0] max|delta|=4.000e+00 (rtol=0.0 atol=0.0)
  [t=1828s] 27590/61735 (15.1/s)  ok=24638 mism=675 crash=110 timeout=158 skip=2009  |  inflight=64
  [27591] MISMATCH w35:330 out[0] max|delta|=5.000e+00 (rtol=0.0 atol=0.0)
  [27628] MISMATCH w35:324 out[0] max|delta|=9.223e+18 (rtol=0.0 atol=0.0)
  [27635] MISMATCH w35:400 out[0] max|delta|=1.153e+18 (rtol=0.0 atol=0.0)
  [t=1831s] 27649/61735 (15.1/s)  ok=24692 mism=678 crash=110 timeout=158 skip=2011  |  inflight=63
  [27667] MISMATCH w35:39 out[0] max|delta|=2.412e+00 (rtol=0.01 atol=0.001)
  [t=1835s] 27723/61735 (15.1/s)  ok=24758 mism=679 crash=110 timeout=159 skip=2017  |  inflight=64
  [27768] MISMATCH w35:57 out[0] max|delta|=1.280e+02 (rtol=0.0 atol=0.0)
  [t=1838s] 27774/61735 (15.1/s)  ok=24805 mism=680 crash=110 timeout=159 skip=2020  |  inflight=63
  [27814] CRASH    w35:290 fvp_runner rc=5: >> building runner (cache miss): backend=cortex-m target=cortex
  [27844] MISMATCH w35:614 out[0] max|delta|=2.229e+00 (rtol=0.01 atol=0.001)
  [27850] MISMATCH w35:628 out[0] max|delta|=4.612e+18 (rtol=0.0 atol=0.0)
  [t=1841s] 27853/61735 (15.1/s)  ok=24874 mism=682 crash=111 timeout=160 skip=2026  |  inflight=63
  [27891] MISMATCH w35:677 out[0] max|delta|=4.000e+00 (rtol=0.0 atol=0.0)
  [t=1844s] 27907/61735 (15.1/s)  ok=24920 mism=683 crash=111 timeout=160 skip=2033  |  inflight=63
  [27918] MISMATCH w35:723 out[0] max|delta|=1.929e+00 (rtol=0.01 atol=0.001)
  [27934] MISMATCH w35:741 out[0] max|delta|=1.280e+02 (rtol=0.0 atol=0.0)
  [27976] MISMATCH w36:112 out[0] max|delta|=6.000e+00 (rtol=0.0 atol=0.0)
  [t=1847s] 27987/61735 (15.2/s)  ok=24995 mism=686 crash=111 timeout=160 skip=2035  |  inflight=63
  [28030] MISMATCH w36:19 out[0] max|delta|=1.645e+00 (rtol=0.01 atol=0.001)
  [t=1850s] 28038/61735 (15.2/s)  ok=25041 mism=687 crash=111 timeout=160 skip=2039  |  inflight=64
  [28040] MISMATCH w36:215 out[0] max|delta|=4.000e+00 (rtol=0.0 atol=0.0)
  [28054] MISMATCH w36:231 out[0] max|delta|=4.700e+01 (rtol=0.0 atol=0.0)
  [28066] MISMATCH w36:247 out[0] max|delta|=2.175e+00 (rtol=0.01 atol=0.001)
  [t=1853s] 28083/61735 (15.2/s)  ok=25079 mism=690 crash=111 timeout=161 skip=2042  |  inflight=63
  [28114] MISMATCH w36:318 out[0] max|delta|=1.441e+17 (rtol=0.0 atol=0.0)
  [28123] MISMATCH w36:33 out[0] max|delta|=3.322e+00 (rtol=0.01 atol=0.001)
  [28124] CRASH    w35:746 fvp_runner rc=5: >> building runner (cache miss): backend=cortex-m target=cortex
  [t=1856s] 28163/61735 (15.2/s)  ok=25152 mism=692 crash=112 timeout=161 skip=2046  |  inflight=63
  [28172] MISMATCH w36:397 out[0] max|delta|=4.800e+01 (rtol=0.01 atol=0.001)
  [28176] MISMATCH w36:402 out[0] max|delta|=2.599e-01 (rtol=0.01 atol=0.001)
  [28198] MISMATCH w36:443 out[0] max|delta|=3.000e+00 (rtol=0.01 atol=0.001)
  [t=1859s] 28215/61735 (15.2/s)  ok=25193 mism=695 crash=112 timeout=162 skip=2053  |  inflight=64
  [28220] MISMATCH w36:475 out[0] max|delta|=1.592e+00 (rtol=0.01 atol=0.001)
  [28242] MISMATCH w36:497 out[0] max|delta|=1.548e-02 (rtol=0.01 atol=0.001)
  [t=1862s] 28274/61735 (15.2/s)  ok=25247 mism=697 crash=112 timeout=163 skip=2055  |  inflight=63
  [28316] MISMATCH w36:625 out[0] max|delta|=2.306e+18 (rtol=0.0 atol=0.0)
  [28317] MISMATCH w36:626 out[0] max|delta|=1.612e+02 (rtol=0.01 atol=0.001)
  [t=1865s] 28339/61735 (15.2/s)  ok=25304 mism=699 crash=112 timeout=163 skip=2061  |  inflight=63
  [28387] CRASH    w36:425 fvp_runner rc=5: >> building runner (cache miss): backend=cortex-m target=cortex
  [t=1869s] 28389/61735 (15.2/s)  ok=25348 mism=699 crash=113 timeout=164 skip=2065  |  inflight=63
  [28430] MISMATCH w36:774 out[0] max|delta|=5.765e+17 (rtol=0.0 atol=0.0)
  [t=1872s] 28464/61735 (15.2/s)  ok=25419 mism=700 crash=113 timeout=164 skip=2068  |  inflight=63
  [28492] MISMATCH w37:171 out[0] max|delta|=2.306e+18 (rtol=0.0 atol=0.0)
  [28515] MISMATCH w37:21 out[0] max|delta|=1.419e+00 (rtol=0.01 atol=0.001)
  [t=1875s] 28516/61735 (15.2/s)  ok=25467 mism=702 crash=113 timeout=164 skip=2070  |  inflight=64
  [28545] MISMATCH w37:263 out[0] max|delta|=1.929e+00 (rtol=0.01 atol=0.001)
  [t=1878s] 28576/61735 (15.2/s)  ok=25522 mism=703 crash=113 timeout=164 skip=2074  |  inflight=63
  [28583] MISMATCH w37:326 out[0] max|delta|=9.500e+01 (rtol=0.0 atol=0.0)
  [28591] MISMATCH w37:342 out[0] max|delta|=8.000e+00 (rtol=0.0 atol=0.0)
  [28601] MISMATCH w37:399 out[0] max|delta|=4.800e+01 (rtol=0.01 atol=0.001)
  [28604] CRASH    w36:56 fvp_runner rc=5: >> building runner (cache miss): backend=cortex-m target=cortex
  [28608] MISMATCH w37:404 out[0] max|delta|=2.599e-01 (rtol=0.01 atol=0.001)
  [t=1881s] 28640/61735 (15.2/s)  ok=25580 mism=707 crash=114 timeout=165 skip=2074  |  inflight=64
  [28644] MISMATCH w37:477 out[0] max|delta|=3.435e+00 (rtol=0.01 atol=0.001)
  [28684] MISMATCH w37:53 out[0] max|delta|=6.400e+01 (rtol=0.0 atol=0.0)
  [28696] MISMATCH w37:491 out[0] max|delta|=2.847e+00 (rtol=0.01 atol=0.001)
  [t=1884s] 28696/61735 (15.2/s)  ok=25630 mism=710 crash=114 timeout=165 skip=2077  |  inflight=63
  [28709] MISMATCH w37:509 out[0] max|delta|=8.000e+00 (rtol=0.0 atol=0.0)
  [t=1888s] 28766/61735 (15.2/s)  ok=25696 mism=711 crash=114 timeout=166 skip=2079  |  inflight=64
  [28781] MISMATCH w37:627 out[0] max|delta|=2.306e+18 (rtol=0.0 atol=0.0)
  [28797] MISMATCH w37:65 out[0] max|delta|=1.990e+02 (rtol=0.01 atol=0.001)
  [t=1891s] 28816/61735 (15.2/s)  ok=25740 mism=713 crash=114 timeout=166 skip=2083  |  inflight=63
  [28820] MISMATCH w37:673 out[0] max|delta|=4.000e+00 (rtol=0.0 atol=0.0)
  [28838] MISMATCH w37:705 out[0] max|delta|=1.592e+00 (rtol=0.01 atol=0.001)
  [28846] CRASH    w36:653 fvp_runner rc=5: >> building runner (cache miss): backend=cortex-m target=cortex
  [28860] MISMATCH w37:737 out[0] max|delta|=2.560e+02 (rtol=0.0 atol=0.0)
  [t=1894s] 28892/61735 (15.3/s)  ok=25806 mism=716 crash=115 timeout=168 skip=2087  |  inflight=63
  [28898] MISMATCH w37:92 out[0] max|delta|=7.206e+16 (rtol=0.0 atol=0.0)
  [28917] MISMATCH w38:118 out[0] max|delta|=2.550e+02 (rtol=0.0 atol=0.0)
  [t=1897s] 28939/61735 (15.3/s)  ok=25847 mism=718 crash=115 timeout=168 skip=2091  |  inflight=64
  [28970] MISMATCH w38:18 out[0] max|delta|=4.980e-01 (rtol=0.01 atol=0.001)
  [t=1900s] 29002/61735 (15.3/s)  ok=25905 mism=719 crash=115 timeout=169 skip=2094  |  inflight=63
  [29008] MISMATCH w38:246 out[0] max|delta|=9.804e-01 (rtol=0.01 atol=0.001)
  [29045] MISMATCH w38:296 out[0] max|delta|=7.000e+00 (rtol=0.0 atol=0.0)
  [t=1903s] 29062/61735 (15.3/s)  ok=25959 mism=721 crash=115 timeout=169 skip=2098  |  inflight=63
  [29063] CRASH    w37:199 fvp_runner rc=5: >> building runner (cache miss): backend=cortex-m target=cortex
  [29089] MISMATCH w38:36 out[0] max|delta|=1.910e+02 (rtol=0.0 atol=0.0)
  [t=1906s] 29106/61735 (15.3/s)  ok=25999 mism=722 crash=116 timeout=170 skip=2099  |  inflight=63
  [29107] MISMATCH w38:382 out[0] max|delta|=4.800e+01 (rtol=0.01 atol=0.001)
  [29110] MISMATCH w38:387 out[0] max|delta|=2.599e-01 (rtol=0.01 atol=0.001)
  [t=1909s] 29178/61735 (15.3/s)  ok=26060 mism=724 crash=116 timeout=171 skip=2107  |  inflight=63
  [29185] MISMATCH w38:474 out[0] max|delta|=2.412e+00 (rtol=0.01 atol=0.001)
  [29189] MISMATCH w38:492 out[0] max|delta|=1.280e+02 (rtol=0.0 atol=0.0)
  [t=1912s] 29231/61735 (15.3/s)  ok=26106 mism=726 crash=116 timeout=171 skip=2112  |  inflight=64
  [29269] MISMATCH w38:615 out[0] max|delta|=2.599e-01 (rtol=0.01 atol=0.001)
  [t=1915s] 29285/61735 (15.3/s)  ok=26152 mism=727 crash=116 timeout=172 skip=2118  |  inflight=63
  [29292] CRASH    w37:514 fvp_runner rc=5: >> building runner (cache miss): backend=cortex-m target=cortex
  [29340] MISMATCH w38:720 out[0] max|delta|=2.560e+02 (rtol=0.0 atol=0.0)
  [t=1919s] 29358/61735 (15.3/s)  ok=26218 mism=728 crash=117 timeout=172 skip=2123  |  inflight=64
  [29400] MISMATCH w39:103 out[0] max|delta|=5.000e+00 (rtol=0.01 atol=0.001)
  [t=1922s] 29405/61735 (15.3/s)  ok=26259 mism=729 crash=117 timeout=173 skip=2127  |  inflight=63
  [t=1925s] 29478/61735 (15.3/s)  ok=26325 mism=729 crash=117 timeout=173 skip=2134  |  inflight=63
  [29483] MISMATCH w39:238 out[0] max|delta|=1.161e+00 (rtol=0.01 atol=0.001)
  [29484] MISMATCH w39:24 out[0] max|delta|=4.941e-01 (rtol=0.01 atol=0.001)
  [29530] CRASH    w37:58 fvp_runner rc=5: >> building runner (cache miss): backend=cortex-m target=cortex
  [t=1928s] 29534/61735 (15.3/s)  ok=26375 mism=731 crash=118 timeout=174 skip=2136  |  inflight=63
  [t=1931s] 29584/61735 (15.3/s)  ok=26422 mism=731 crash=118 timeout=174 skip=2139  |  inflight=63
  [29593] MISMATCH w39:388 out[0] max|delta|=4.800e+01 (rtol=0.01 atol=0.001)
  [29661] MISMATCH w39:477 out[0] max|delta|=1.000e+00 (rtol=0.01 atol=0.001)
  [t=1934s] 29662/61735 (15.3/s)  ok=26491 mism=733 crash=118 timeout=174 skip=2146  |  inflight=63
  [t=1937s] 29705/61735 (15.3/s)  ok=26532 mism=733 crash=118 timeout=175 skip=2147  |  inflight=64
  [29742] MISMATCH w39:599 out[0] max|delta|=3.888e+00 (rtol=0.01 atol=0.001)
  [29747] CRASH    w38:269 fvp_runner rc=5: >> building runner (cache miss): backend=cortex-m target=cortex
  [29750] MISMATCH w39:613 out[0] max|delta|=4.612e+18 (rtol=0.0 atol=0.0)
  [29755] MISMATCH w39:621 out[0] max|delta|=2.599e-01 (rtol=0.01 atol=0.001)
  [t=1940s] 29760/61735 (15.3/s)  ok=26581 mism=736 crash=119 timeout=175 skip=2149  |  inflight=63
  [29812] MISMATCH w39:708 out[0] max|delta|=2.392e+00 (rtol=0.01 atol=0.001)
  [t=1943s] 29827/61735 (15.4/s)  ok=26639 mism=737 crash=119 timeout=175 skip=2157  |  inflight=63
  [29829] CRASH    w39:47 fvp_runner rc=5: >> building runner (cache miss): backend=cortex-m target=cortex
  [29848] MISMATCH w39:758 out[0] max|delta|=3.000e+00 (rtol=0.0 atol=0.0)
  [t=1946s] 29874/61735 (15.3/s)  ok=26678 mism=738 crash=120 timeout=176 skip=2162  |  inflight=63
  [t=1949s] 29940/61735 (15.4/s)  ok=26734 mism=738 crash=120 timeout=177 skip=2171  |  inflight=63
  [29952] MISMATCH w4:200 out[0] max|delta|=1.280e+02 (rtol=0.01 atol=0.001)
  [29962] MISMATCH w4:212 out[0] max|delta|=9.223e+18 (rtol=0.0 atol=0.0)
  [29967] MISMATCH w4:217 out[0] max|delta|=2.599e-01 (rtol=0.01 atol=0.001)
  [29987] CRASH    w38:410 fvp_runner rc=5: >> building runner (cache miss): backend=cortex-m target=cortex
  [t=1953s] 30001/61735 (15.4/s)  ok=26787 mism=741 crash=121 timeout=177 skip=2175  |  inflight=64
  [t=1956s] 30049/61735 (15.4/s)  ok=26830 mism=741 crash=121 timeout=178 skip=2179  |  inflight=63
  [30064] MISMATCH w4:361 out[0] max|delta|=1.441e+17 (rtol=0.0 atol=0.0)
  [30066] CRASH    w39:503 fvp_runner rc=5: >> building runner (cache miss): backend=cortex-m target=cortex
  [30126] MISMATCH w4:437 out[0] max|delta|=9.223e+18 (rtol=0.0 atol=0.0)
  [t=1959s] 30131/61735 (15.4/s)  ok=26902 mism=743 crash=122 timeout=178 skip=2186  |  inflight=63
  [30166] MISMATCH w4:504 out[0] max|delta|=3.420e-01 (rtol=0.01 atol=0.001)
  [t=1962s] 30174/61735 (15.4/s)  ok=26941 mism=744 crash=122 timeout=178 skip=2189  |  inflight=64
  [30186] MISMATCH w4:532 out[0] max|delta|=1.471e+00 (rtol=0.01 atol=0.001)
  [30219] CRASH    w39:731 fvp_runner rc=5: >> building runner (cache miss): backend=cortex-m target=cortex
  [t=1965s] 30236/61735 (15.4/s)  ok=26997 mism=745 crash=123 timeout=179 skip=2192  |  inflight=63
  [30280] MISMATCH w4:673 out[0] max|delta|=2.599e-01 (rtol=0.01 atol=0.001)
  [t=1968s] 30304/61735 (15.4/s)  ok=27059 mism=746 crash=123 timeout=179 skip=2197  |  inflight=64
  [30345] MISMATCH w4:760 out[0] max|delta|=3.733e+00 (rtol=0.01 atol=0.001)
  [t=1971s] 30349/61735 (15.4/s)  ok=27097 mism=747 crash=123 timeout=181 skip=2201  |  inflight=63
  [30390] CRASH    w4:555 fvp_runner rc=5: >> building runner (cache miss): backend=cortex-m target=cortex
  [30395] MISMATCH w40:175 out[0] max|delta|=2.847e+00 (rtol=0.01 atol=0.001)
  [30397] MISMATCH w40:130 out[0] max|delta|=4.000e+00 (rtol=0.0 atol=0.0)
  [t=1974s] 30427/61735 (15.4/s)  ok=27167 mism=749 crash=124 timeout=181 skip=2206  |  inflight=63
  [30444] CRASH    w4:240 fvp_runner rc=5: >> building runner (cache miss): backend=cortex-m target=cortex
  [t=1977s] 30475/61735 (15.4/s)  ok=27211 mism=749 crash=125 timeout=181 skip=2209  |  inflight=64
  [30485] MISMATCH w40:26 out[0] max|delta|=8.000e+00 (rtol=0.0 atol=0.0)
  [30518] MISMATCH w40:308 out[0] max|delta|=7.206e+16 (rtol=0.0 atol=0.0)
  [30520] MISMATCH w40:311 out[0] max|delta|=4.800e+01 (rtol=0.01 atol=0.001)
  [t=1980s] 30540/61735 (15.4/s)  ok=27265 mism=752 crash=125 timeout=182 skip=2216  |  inflight=63
  [30604] MISMATCH w40:421 out[0] max|delta|=6.400e+01 (rtol=0.0 atol=0.0)
  [t=1983s] 30608/61735 (15.4/s)  ok=27327 mism=753 crash=125 timeout=182 skip=2221  |  inflight=63
  [t=1987s] 30655/61735 (15.4/s)  ok=27371 mism=753 crash=125 timeout=183 skip=2223  |  inflight=63
  [30664] MISMATCH w40:503 out[0] max|delta|=3.000e+00 (rtol=0.0 atol=0.0)
  [30690] MISMATCH w40:540 out[0] max|delta|=1.270e+02 (rtol=0.01 atol=0.001)
  [30691] MISMATCH w40:544 out[0] max|delta|=2.599e-01 (rtol=0.01 atol=0.001)
  [30698] CRASH    w4:327 fvp_runner rc=5: >> building runner (cache miss): backend=cortex-m target=cortex
  [t=1990s] 30727/61735 (15.4/s)  ok=27438 mism=756 crash=126 timeout=183 skip=2224  |  inflight=63
  [30786] MISMATCH w40:681 out[0] max|delta|=5.000e+00 (rtol=0.0 atol=0.0)
  [t=1993s] 30789/61735 (15.4/s)  ok=27494 mism=757 crash=126 timeout=183 skip=2229  |  inflight=64
  [30834] MISMATCH w40:750 out[0] max|delta|=2.191e+00 (rtol=0.01 atol=0.001)
  [t=1996s] 30851/61735 (15.5/s)  ok=27550 mism=758 crash=126 timeout=185 skip=2232  |  inflight=63
  [30860] MISMATCH w40:80 out[0] max|delta|=2.882e+17 (rtol=0.0 atol=0.0)
  [30908] MISMATCH w41:150 out[0] max|delta|=2.599e-01 (rtol=0.01 atol=0.001)
  [t=1999s] 30922/61735 (15.5/s)  ok=27613 mism=760 crash=126 timeout=185 skip=2238  |  inflight=63
  [30928] CRASH    w40:111 fvp_runner rc=5: >> building runner (cache miss): backend=cortex-m target=cortex
  [t=2002s] 30975/61735 (15.5/s)  ok=27662 mism=760 crash=127 timeout=186 skip=2240  |  inflight=63
  [30984] MISMATCH w41:255 out[0] max|delta|=2.560e+02 (rtol=0.0 atol=0.0)
  [30993] MISMATCH w41:27 out[0] max|delta|=2.000e+00 (rtol=0.0 atol=0.0)
  [31015] MISMATCH w41:300 out[0] max|delta|=2.300e+01 (rtol=0.0 atol=0.0)
  [t=2005s] 31043/61735 (15.5/s)  ok=27723 mism=763 crash=127 timeout=186 skip=2244  |  inflight=63
  [31056] MISMATCH w41:373 out[0] max|delta|=4.800e+01 (rtol=0.01 atol=0.001)
  [31087] MISMATCH w41:419 out[0] max|delta|=9.995e-01 (rtol=0.01 atol=0.001)
  [t=2009s] 31107/61735 (15.5/s)  ok=27777 mism=765 crash=127 timeout=186 skip=2252  |  inflight=64
  [t=2012s] 31155/61735 (15.5/s)  ok=27822 mism=765 crash=127 timeout=187 skip=2254  |  inflight=63
  [31194] CRASH    w41:260 fvp_runner rc=5: >> building runner (cache miss): backend=cortex-m target=cortex
  [31215] MISMATCH w41:601 out[0] max|delta|=4.800e+01 (rtol=0.01 atol=0.001)
  [31220] MISMATCH w41:606 out[0] max|delta|=2.599e-01 (rtol=0.01 atol=0.001)
  [t=2015s] 31235/61735 (15.5/s)  ok=27894 mism=767 crash=128 timeout=188 skip=2258  |  inflight=63
  [31240] CRASH    w41:32 fvp_runner rc=5: >> building runner (cache miss): backend=cortex-m target=cortex
  [31249] MISMATCH w41:647 out[0] max|delta|=4.000e+00 (rtol=0.0 atol=0.0)
  [t=2018s] 31287/61735 (15.5/s)  ok=27940 mism=768 crash=129 timeout=189 skip=2261  |  inflight=64
  [31348] MISMATCH w41:9 out[0] max|delta|=4.980e-01 (rtol=0.01 atol=0.001)
  [t=2021s] 31354/61735 (15.5/s)  ok=28004 mism=769 crash=129 timeout=189 skip=2263  |  inflight=63
  [31382] MISMATCH w42:127 out[0] max|delta|=1.280e+02 (rtol=0.01 atol=0.001)
  [31386] MISMATCH w42:139 out[0] max|delta|=9.223e+18 (rtol=0.0 atol=0.0)
  [t=2025s] 31422/61735 (15.5/s)  ok=28065 mism=771 crash=129 timeout=189 skip=2268  |  inflight=64
  [31435] CRASH    w41:488 fvp_runner rc=5: >> building runner (cache miss): backend=cortex-m target=cortex
  [31437] MISMATCH w42:21 out[0] max|delta|=1.280e+02 (rtol=0.0 atol=0.0)
  [31451] MISMATCH w42:231 out[0] max|delta|=1.459e+00 (rtol=0.01 atol=0.001)
  [t=2028s] 31471/61735 (15.5/s)  ok=28104 mism=773 crash=130 timeout=190 skip=2274  |  inflight=63
  [31482] CRASH    w41:629 fvp_runner rc=5: >> building runner (cache miss): backend=cortex-m target=cortex
  [31491] MISMATCH w42:288 out[0] max|delta|=5.765e+17 (rtol=0.0 atol=0.0)
  [31500] MISMATCH w42:3 out[0] max|delta|=2.392e+00 (rtol=0.01 atol=0.001)
  [31505] MISMATCH w42:310 out[0] max|delta|=3.000e+00 (rtol=0.01 atol=0.001)
  [31515] MISMATCH w42:367 out[0] max|delta|=9.223e+18 (rtol=0.0 atol=0.0)
  [31520] MISMATCH w42:372 out[0] max|delta|=2.599e-01 (rtol=0.01 atol=0.001)
  [t=2031s] 31556/61735 (15.5/s)  ok=28178 mism=778 crash=131 timeout=190 skip=2279  |  inflight=63
  [31582] MISMATCH w42:414 out[0] max|delta|=4.000e+00 (rtol=0.0 atol=0.0)
  [t=2034s] 31605/61735 (15.5/s)  ok=28221 mism=779 crash=131 timeout=190 skip=2284  |  inflight=64
  [31607] MISMATCH w42:522 out[0] max|delta|=9.500e+01 (rtol=0.0 atol=0.0)
  [31611] MISMATCH w42:459 out[0] max|delta|=2.412e+00 (rtol=0.01 atol=0.001)
  [31640] MISMATCH w42:509 out[0] max|delta|=2.000e+00 (rtol=0.0 atol=0.0)
  [31646] MISMATCH w42:516 out[0] max|delta|=9.223e+18 (rtol=0.0 atol=0.0)
  [t=2037s] 31677/61735 (15.6/s)  ok=28285 mism=783 crash=131 timeout=191 skip=2287  |  inflight=63
  [31686] MISMATCH w42:578 out[0] max|delta|=5.500e-01 (rtol=0.01 atol=0.001)
  [31694] MISMATCH w42:592 out[0] max|delta|=2.882e+17 (rtol=0.0 atol=0.0)
  [31700] MISMATCH w42:60 out[0] max|delta|=5.765e+17 (rtol=0.0 atol=0.0)
  [31701] MISMATCH w42:600 out[0] max|delta|=2.599e-01 (rtol=0.01 atol=0.001)
  [31740] CRASH    w42:254 fvp_runner rc=5: >> building runner (cache miss): backend=cortex-m target=cortex
  [t=2040s] 31741/61735 (15.6/s)  ok=28337 mism=787 crash=132 timeout=191 skip=2294  |  inflight=64
  [31786] MISMATCH w42:737 out[0] max|delta|=7.000e+00 (rtol=0.0 atol=0.0)
  [t=2043s] 31799/61735 (15.6/s)  ok=28387 mism=788 crash=132 timeout=193 skip=2299  |  inflight=63
  [t=2046s] 31874/61735 (15.6/s)  ok=28454 mism=788 crash=132 timeout=193 skip=2307  |  inflight=63
  [31892] MISMATCH w43:183 out[0] max|delta|=2.560e+02 (rtol=0.0 atol=0.0)
  [t=2050s] 31924/61735 (15.6/s)  ok=28499 mism=789 crash=132 timeout=193 skip=2311  |  inflight=64
  [31969] MISMATCH w43:301 out[0] max|delta|=2.306e+18 (rtol=0.0 atol=0.0)
  [31971] CRASH    w42:482 fvp_runner rc=5: >> building runner (cache miss): backend=cortex-m target=cortex
  [t=2053s] 32001/61735 (15.6/s)  ok=28567 mism=790 crash=133 timeout=194 skip=2317  |  inflight=63
  [32031] MISMATCH w43:37 out[0] max|delta|=1.000e+00 (rtol=0.0 atol=0.0)
  [32037] MISMATCH w43:379 out[0] max|delta|=2.175e+00 (rtol=0.01 atol=0.001)
  [t=2056s] 32067/61735 (15.6/s)  ok=28625 mism=792 crash=133 timeout=194 skip=2323  |  inflight=64
  [t=2059s] 32126/61735 (15.6/s)  ok=28681 mism=792 crash=133 timeout=194 skip=2326  |  inflight=63
  [t=2062s] 32203/61735 (15.6/s)  ok=28753 mism=792 crash=133 timeout=195 skip=2330  |  inflight=63
  [32220] CRASH    w42:623 fvp_runner rc=5: >> building runner (cache miss): backend=cortex-m target=cortex
  [t=2065s] 32252/61735 (15.6/s)  ok=28800 mism=792 crash=134 timeout=195 skip=2331  |  inflight=63
  [32256] MISMATCH w43:762 out[0] max|delta|=2.599e-01 (rtol=0.01 atol=0.001)
  [32274] MISMATCH w43:73 out[0] max|delta|=2.306e+18 (rtol=0.0 atol=0.0)
  [32311] MISMATCH w43:78 out[0] max|delta|=2.599e-01 (rtol=0.01 atol=0.001)
  [t=2068s] 32332/61735 (15.6/s)  ok=28871 mism=795 crash=134 timeout=195 skip=2337  |  inflight=63
  [32347] MISMATCH w44:127 out[0] max|delta|=2.599e-01 (rtol=0.01 atol=0.001)
  [32369] MISMATCH w44:154 out[0] max|delta|=1.280e+02 (rtol=0.01 atol=0.001)
  [t=2072s] 32391/61735 (15.6/s)  ok=28925 mism=797 crash=134 timeout=196 skip=2339  |  inflight=63
  [t=2075s] 32439/61735 (15.6/s)  ok=28966 mism=797 crash=134 timeout=196 skip=2346  |  inflight=63
  [32483] CRASH    w43:329 fvp_runner rc=5: >> building runner (cache miss): backend=cortex-m target=cortex
  [32502] MISMATCH w44:382 out[0] max|delta|=1.280e+02 (rtol=0.01 atol=0.001)
  [32511] MISMATCH w44:355 out[0] max|delta|=2.599e-01 (rtol=0.01 atol=0.001)
  [t=2078s] 32514/61735 (15.7/s)  ok=29033 mism=799 crash=135 timeout=196 skip=2351  |  inflight=63
  [t=2081s] 32589/61735 (15.7/s)  ok=29098 mism=799 crash=135 timeout=197 skip=2360  |  inflight=63
  [t=2084s] 32646/61735 (15.7/s)  ok=29154 mism=799 crash=135 timeout=197 skip=2361  |  inflight=63
  [32666] MISMATCH w44:578 out[0] max|delta|=4.800e+01 (rtol=0.01 atol=0.001)
  [32713] MISMATCH w44:642 out[0] max|delta|=5.064e-01 (rtol=0.01 atol=0.001)
  [32727] MISMATCH w44:670 out[0] max|delta|=9.882e-01 (rtol=0.01 atol=0.001)
  [t=2087s] 32731/61735 (15.7/s)  ok=29230 mism=802 crash=135 timeout=198 skip=2366  |  inflight=63
  [32739] MISMATCH w44:688 out[0] max|delta|=1.600e+01 (rtol=0.0 atol=0.0)
  [32756] MISMATCH w44:720 out[0] max|delta|=3.000e+00 (rtol=0.0 atol=0.0)
  [32764] MISMATCH w44:727 out[0] max|delta|=2.306e+18 (rtol=0.0 atol=0.0)
  [32781] MISMATCH w44:749 out[0] max|delta|=6.000e+00 (rtol=0.0 atol=0.0)
  [t=2090s] 32782/61735 (15.7/s)  ok=29273 mism=806 crash=135 timeout=199 skip=2369  |  inflight=64
  [32810] MISMATCH w45:0 out[0] max|delta|=4.980e-01 (rtol=0.01 atol=0.001)
  [t=2093s] 32853/61735 (15.7/s)  ok=29340 mism=807 crash=135 timeout=200 skip=2371  |  inflight=63
  [32864] MISMATCH w45:18 out[0] max|delta|=1.280e+02 (rtol=0.0 atol=0.0)
  [32883] CRASH    w44:606 fvp_runner rc=5: >> building runner (cache miss): backend=cortex-m target=cortex
  [t=2096s] 32933/61735 (15.7/s)  ok=29414 mism=808 crash=136 timeout=200 skip=2375  |  inflight=63
  [t=2100s] 32980/61735 (15.7/s)  ok=29456 mism=808 crash=136 timeout=200 skip=2380  |  inflight=64
  [32983] MISMATCH w45:361 out[0] max|delta|=2.882e+17 (rtol=0.0 atol=0.0)
  [32987] MISMATCH w45:364 out[0] max|delta|=2.306e+18 (rtol=0.0 atol=0.0)
  [32989] MISMATCH w45:369 out[0] max|delta|=2.599e-01 (rtol=0.01 atol=0.001)
  [33018] MISMATCH w45:410 out[0] max|delta|=1.000e+00 (rtol=0.01 atol=0.001)
  [33054] MISMATCH w45:456 out[0] max|delta|=3.322e+00 (rtol=0.01 atol=0.001)
  [t=2103s] 33060/61735 (15.7/s)  ok=29526 mism=813 crash=136 timeout=201 skip=2384  |  inflight=63
  [t=2106s] 33122/61735 (15.7/s)  ok=29586 mism=813 crash=136 timeout=201 skip=2386  |  inflight=64
  [33125] CRASH    w45:23 fvp_runner rc=5: >> building runner (cache miss): backend=cortex-m target=cortex
  [33150] MISMATCH w45:592 out[0] max|delta|=4.800e+01 (rtol=0.01 atol=0.001)
  [t=2109s] 33189/61735 (15.7/s)  ok=29647 mism=814 crash=137 timeout=201 skip=2390  |  inflight=63
  [t=2112s] 33260/61735 (15.7/s)  ok=29713 mism=814 crash=137 timeout=202 skip=2394  |  inflight=63
  [t=2115s] 33311/61735 (15.7/s)  ok=29762 mism=814 crash=137 timeout=202 skip=2396  |  inflight=63
  [t=2118s] 33389/61735 (15.8/s)  ok=29835 mism=814 crash=137 timeout=202 skip=2401  |  inflight=63
  [33400] CRASH    w45:620 fvp_runner rc=5: >> building runner (cache miss): backend=cortex-m target=cortex
  [33411] MISMATCH w46:271 out[0] max|delta|=1.000e+00 (rtol=0.0 atol=0.0)
  [t=2121s] 33454/61735 (15.8/s)  ok=29891 mism=815 crash=138 timeout=204 skip=2406  |  inflight=63
  [33474] MISMATCH w46:367 out[0] max|delta|=2.599e-01 (rtol=0.01 atol=0.001)
  [t=2124s] 33509/61735 (15.8/s)  ok=29941 mism=816 crash=138 timeout=204 skip=2410  |  inflight=63
  [33518] MISMATCH w46:440 out[0] max|delta|=1.163e+00 (rtol=0.01 atol=0.001)
  [33542] MISMATCH w46:472 out[0] max|delta|=1.280e+02 (rtol=0.0 atol=0.0)
  [33584] MISMATCH w46:533 out[0] max|delta|=1.000e+00 (rtol=0.01 atol=0.001)
  [t=2127s] 33594/61735 (15.8/s)  ok=30016 mism=819 crash=138 timeout=205 skip=2416  |  inflight=63
  [33615] MISMATCH w46:573 out[0] max|delta|=9.206e-01 (rtol=0.01 atol=0.001)
  [33625] MISMATCH w46:587 out[0] max|delta|=4.612e+18 (rtol=0.0 atol=0.0)
  [t=2131s] 33646/61735 (15.8/s)  ok=30062 mism=821 crash=138 timeout=205 skip=2420  |  inflight=64
  [33654] MISMATCH w46:637 out[0] max|delta|=4.000e+00 (rtol=0.0 atol=0.0)
  [33665] MISMATCH w46:652 out[0] max|delta|=4.700e+01 (rtol=0.0 atol=0.0)
  [33687] MISMATCH w46:682 out[0] max|delta|=3.322e+00 (rtol=0.01 atol=0.001)
  [t=2134s] 33712/61735 (15.8/s)  ok=30120 mism=824 crash=138 timeout=205 skip=2425  |  inflight=63
  [33739] CRASH    w46:477 fvp_runner rc=5: >> building runner (cache miss): backend=cortex-m target=cortex
  [t=2137s] 33784/61735 (15.8/s)  ok=30186 mism=824 crash=139 timeout=206 skip=2429  |  inflight=64
  [33833] CRASH    w46:618 fvp_runner rc=5: >> building runner (cache miss): backend=cortex-m target=cortex
  [33835] MISMATCH w47:201 out[0] max|delta|=2.599e-01 (rtol=0.01 atol=0.001)
  [t=2140s] 33837/61735 (15.8/s)  ok=30234 mism=825 crash=140 timeout=206 skip=2432  |  inflight=63
  [33899] MISMATCH w47:288 out[0] max|delta|=1.459e+00 (rtol=0.01 atol=0.001)
  [33915] MISMATCH w47:306 out[0] max|delta|=1.600e+01 (rtol=0.0 atol=0.0)
  [t=2143s] 33916/61735 (15.8/s)  ok=30304 mism=827 crash=140 timeout=206 skip=2439  |  inflight=63
  [t=2146s] 33977/61735 (15.8/s)  ok=30357 mism=827 crash=140 timeout=207 skip=2446  |  inflight=64
  [33998] MISMATCH w47:424 out[0] max|delta|=4.800e+01 (rtol=0.01 atol=0.001)
  [34002] MISMATCH w47:429 out[0] max|delta|=2.599e-01 (rtol=0.01 atol=0.001)
  [34005] CRASH    w46:705 fvp_runner rc=5: >> building runner (cache miss): backend=cortex-m target=cortex
  [34017] MISMATCH w47:46 out[0] max|delta|=2.043e+00 (rtol=0.01 atol=0.001)
  [34029] MISMATCH w47:476 out[0] max|delta|=1.280e+02 (rtol=0.01 atol=0.001)
  [t=2149s] 34035/61735 (15.8/s)  ok=30406 mism=831 crash=141 timeout=207 skip=2450  |  inflight=63
  [34058] MISMATCH w47:516 out[0] max|delta|=3.322e+00 (rtol=0.01 atol=0.001)
  [34082] MISMATCH w47:60 out[0] max|delta|=9.882e-01 (rtol=0.01 atol=0.001)
  [34106] MISMATCH w47:573 out[0] max|delta|=5.765e+17 (rtol=0.0 atol=0.0)
  [t=2152s] 34118/61735 (15.9/s)  ok=30479 mism=834 crash=141 timeout=208 skip=2456  |  inflight=63
  [34153] MISMATCH w47:652 out[0] max|delta|=2.306e+18 (rtol=0.0 atol=0.0)
  [34155] MISMATCH w47:657 out[0] max|delta|=2.599e-01 (rtol=0.01 atol=0.001)
  [t=2156s] 34169/61735 (15.8/s)  ok=30524 mism=836 crash=141 timeout=208 skip=2460  |  inflight=64
  [34213] MISMATCH w47:744 out[0] max|delta|=1.945e+00 (rtol=0.01 atol=0.001)
  [34231] MISMATCH w47:766 out[0] max|delta|=2.000e+00 (rtol=0.01 atol=0.001)
  [t=2159s] 34243/61735 (15.9/s)  ok=30590 mism=838 crash=141 timeout=208 skip=2466  |  inflight=63
  [34302] MISMATCH w48:169 out[0] max|delta|=4.800e+01 (rtol=0.01 atol=0.001)
  [34303] MISMATCH w48:166 out[0] max|delta|=9.223e+18 (rtol=0.0 atol=0.0)
  [34307] CRASH    w47:539 fvp_runner rc=5: >> building runner (cache miss): backend=cortex-m target=cortex
  [t=2162s] 34310/61735 (15.9/s)  ok=30651 mism=840 crash=142 timeout=209 skip=2468  |  inflight=64
  [34355] MISMATCH w48:231 out[0] max|delta|=2.300e+01 (rtol=0.0 atol=0.0)
  [34364] MISMATCH w48:311 out[0] max|delta|=3.000e+00 (rtol=0.0 atol=0.0)
  [t=2165s] 34366/61735 (15.9/s)  ok=30699 mism=842 crash=142 timeout=210 skip=2473  |  inflight=63
  [34376] MISMATCH w48:261 out[0] max|delta|=2.847e+00 (rtol=0.01 atol=0.001)
  [34388] MISMATCH w48:279 out[0] max|delta|=1.280e+02 (rtol=0.0 atol=0.0)
  [t=2169s] 34454/61735 (15.9/s)  ok=30779 mism=844 crash=142 timeout=210 skip=2479  |  inflight=64
  [t=2172s] 34504/61735 (15.9/s)  ok=30824 mism=844 crash=142 timeout=210 skip=2484  |  inflight=63
  [34544] MISMATCH w48:497 out[0] max|delta|=1.548e-02 (rtol=0.01 atol=0.001)
  [34548] MISMATCH w48:51 out[0] max|delta|=1.600e+01 (rtol=0.0 atol=0.0)
  [t=2175s] 34591/61735 (15.9/s)  ok=30902 mism=846 crash=142 timeout=211 skip=2490  |  inflight=63
  [34615] MISMATCH w48:625 out[0] max|delta|=4.800e+01 (rtol=0.01 atol=0.001)
  [t=2178s] 34639/61735 (15.9/s)  ok=30946 mism=847 crash=142 timeout=211 skip=2493  |  inflight=64
  [34651] MISMATCH w48:671 out[0] max|delta|=4.000e+00 (rtol=0.0 atol=0.0)
  [34670] MISMATCH w48:703 out[0] max|delta|=1.645e+00 (rtol=0.01 atol=0.001)
  [34687] MISMATCH w48:735 out[0] max|delta|=3.200e+01 (rtol=0.0 atol=0.0)
  [t=2181s] 34705/61735 (15.9/s)  ok=31006 mism=850 crash=142 timeout=212 skip=2495  |  inflight=63
  [34713] MISMATCH w48:767 out[0] max|delta|=7.000e+00 (rtol=0.0 atol=0.0)
  [34726] MISMATCH w48:83 out[0] max|delta|=4.000e+00 (rtol=0.0 atol=0.0)
  [34771] MISMATCH w49:147 out[0] max|delta|=4.800e+01 (rtol=0.01 atol=0.001)
  [34773] CRASH    w48:56 fvp_runner rc=5: >> building runner (cache miss): backend=cortex-m target=cortex
  [t=2184s] 34773/61735 (15.9/s)  ok=31067 mism=853 crash=143 timeout=212 skip=2498  |  inflight=63
  [34808] MISMATCH w49:193 out[0] max|delta|=4.000e+00 (rtol=0.0 atol=0.0)
  [t=2188s] 34826/61735 (15.9/s)  ok=31112 mism=854 crash=143 timeout=212 skip=2505  |  inflight=63
  [34885] MISMATCH w49:289 out[0] max|delta|=6.000e+00 (rtol=0.0 atol=0.0)
  [34899] MISMATCH w49:302 out[0] max|delta|=5.000e+00 (rtol=0.0 atol=0.0)
  [t=2191s] 34906/61735 (15.9/s)  ok=31185 mism=856 crash=143 timeout=213 skip=2509  |  inflight=63
  [34947] MISMATCH w49:380 out[0] max|delta|=2.599e-01 (rtol=0.01 atol=0.001)
  [t=2194s] 34957/61735 (15.9/s)  ok=31233 mism=857 crash=143 timeout=213 skip=2511  |  inflight=64
  [34973] MISMATCH w49:421 out[0] max|delta|=4.000e+00 (rtol=0.0 atol=0.0)
  [35002] CRASH    w48:653 fvp_runner rc=5: >> building runner (cache miss): backend=cortex-m target=cortex
  [35004] MISMATCH w49:467 out[0] max|delta|=3.733e+00 (rtol=0.01 atol=0.001)
  [35016] MISMATCH w49:485 out[0] max|delta|=1.280e+02 (rtol=0.0 atol=0.0)
  [t=2197s] 35023/61735 (15.9/s)  ok=31287 mism=860 crash=144 timeout=213 skip=2519  |  inflight=63
  [35059] MISMATCH w49:586 out[0] max|delta|=9.956e-02 (rtol=0.01 atol=0.001)
  [t=2200s] 35086/61735 (15.9/s)  ok=31345 mism=861 crash=144 timeout=214 skip=2522  |  inflight=64
  [t=2203s] 35145/61735 (16.0/s)  ok=31399 mism=861 crash=144 timeout=214 skip=2527  |  inflight=63
  [35161] MISMATCH w49:695 out[0] max|delta|=3.294e+00 (rtol=0.01 atol=0.001)
  [t=2207s] 35214/61735 (16.0/s)  ok=31459 mism=862 crash=144 timeout=215 skip=2534  |  inflight=63
  [35215] CRASH    w49:490 fvp_runner rc=5: >> building runner (cache miss): backend=cortex-m target=cortex
  [35230] MISMATCH w49:90 out[0] max|delta|=1.000e+00 (rtol=0.01 atol=0.001)
  [35257] CRASH    w48:740 fvp_runner rc=5: >> building runner (cache miss): backend=cortex-m target=cortex
  [t=2210s] 35259/61735 (16.0/s)  ok=31497 mism=863 crash=146 timeout=215 skip=2538  |  inflight=64
  [35270] MISMATCH w5:158 out[0] max|delta|=4.800e+01 (rtol=0.01 atol=0.001)
  [35321] MISMATCH w5:268 out[0] max|delta|=6.400e+01 (rtol=0.0 atol=0.0)
  [t=2213s] 35331/61735 (16.0/s)  ok=31560 mism=865 crash=146 timeout=215 skip=2545  |  inflight=63
  [t=2216s] 35385/61735 (16.0/s)  ok=31612 mism=865 crash=146 timeout=216 skip=2546  |  inflight=64
  [35408] MISMATCH w5:369 out[0] max|delta|=9.882e-01 (rtol=0.01 atol=0.001)
  [t=2219s] 35428/61735 (16.0/s)  ok=31653 mism=866 crash=146 timeout=216 skip=2547  |  inflight=63
  [35445] CRASH    w49:718 fvp_runner rc=5: >> building runner (cache miss): backend=cortex-m target=cortex
  [35472] CRASH    w49:175 fvp_runner rc=5: >> building runner (cache miss): backend=cortex-m target=cortex
  [35475] MISMATCH w5:464 out[0] max|delta|=1.249e+00 (rtol=0.01 atol=0.001)
  [t=2222s] 35504/61735 (16.0/s)  ok=31721 mism=867 crash=148 timeout=217 skip=2551  |  inflight=63
  [35538] MISMATCH w5:541 out[0] max|delta|=2.300e+01 (rtol=0.0 atol=0.0)
  [t=2225s] 35559/61735 (16.0/s)  ok=31771 mism=868 crash=148 timeout=217 skip=2555  |  inflight=64
  [35580] MISMATCH w5:611 out[0] max|delta|=9.223e+18 (rtol=0.0 atol=0.0)
  [35581] MISMATCH w5:614 out[0] max|delta|=2.306e+18 (rtol=0.0 atol=0.0)
  [35584] MISMATCH w5:619 out[0] max|delta|=2.599e-01 (rtol=0.01 atol=0.001)
  [35623] MISMATCH w5:676 out[0] max|delta|=2.300e+01 (rtol=0.0 atol=0.0)
  [t=2228s] 35631/61735 (16.0/s)  ok=31831 mism=872 crash=148 timeout=218 skip=2562  |  inflight=63
  [35653] MISMATCH w5:72 out[0] max|delta|=8.000e+00 (rtol=0.0 atol=0.0)
  [35656] MISMATCH w5:724 out[0] max|delta|=2.560e+02 (rtol=0.0 atol=0.0)
  [t=2232s] 35692/61735 (16.0/s)  ok=31887 mism=874 crash=148 timeout=218 skip=2565  |  inflight=63
  [35695] MISMATCH w5:8 out[0] max|delta|=1.594e+00 (rtol=0.01 atol=0.001)
  [35729] CRASH    w5:186 fvp_runner rc=5: >> building runner (cache miss): backend=cortex-m target=cortex
  [t=2235s] 35741/61735 (16.0/s)  ok=31933 mism=875 crash=149 timeout=218 skip=2566  |  inflight=63
  [35745] MISMATCH w50:142 out[0] max|delta|=4.800e+01 (rtol=0.01 atol=0.001)
  [35777] MISMATCH w50:188 out[0] max|delta|=4.000e+00 (rtol=0.0 atol=0.0)
  [t=2238s] 35819/61735 (16.0/s)  ok=32002 mism=877 crash=149 timeout=219 skip=2572  |  inflight=63
  [35854] MISMATCH w50:291 out[0] max|delta|=4.612e+18 (rtol=0.0 atol=0.0)
  [t=2241s] 35864/61735 (16.0/s)  ok=32045 mism=878 crash=149 timeout=219 skip=2573  |  inflight=64
  [35908] MISMATCH w50:375 out[0] max|delta|=2.599e-01 (rtol=0.01 atol=0.001)
  [t=2244s] 35928/61735 (16.0/s)  ok=32099 mism=879 crash=149 timeout=220 skip=2581  |  inflight=63
  [35948] CRASH    w50:170 fvp_runner rc=5: >> building runner (cache miss): backend=cortex-m target=cortex
  [t=2247s] 35988/61735 (16.0/s)  ok=32154 mism=879 crash=150 timeout=220 skip=2585  |  inflight=63
  [36024] MISMATCH w50:541 out[0] max|delta|=5.000e+00 (rtol=0.0 atol=0.0)
  [36031] CRASH    w50:29 fvp_runner rc=5: >> building runner (cache miss): backend=cortex-m target=cortex
  [t=2250s] 36033/61735 (16.0/s)  ok=32193 mism=880 crash=151 timeout=221 skip=2588  |  inflight=63
  [36038] MISMATCH w50:603 out[0] max|delta|=2.599e-01 (rtol=0.01 atol=0.001)
  [t=2253s] 36106/61735 (16.0/s)  ok=32257 mism=881 crash=151 timeout=221 skip=2596  |  inflight=63
  [36115] MISMATCH w50:660 out[0] max|delta|=2.300e+01 (rtol=0.0 atol=0.0)
  [36140] MISMATCH w50:708 out[0] max|delta|=3.200e+01 (rtol=0.0 atol=0.0)
  [t=2257s] 36159/61735 (16.0/s)  ok=32306 mism=883 crash=151 timeout=221 skip=2598  |  inflight=64
  [36186] CRASH    w50:257 fvp_runner rc=5: >> building runner (cache miss): backend=cortex-m target=cortex
  [36208] MISMATCH w51:104 out[0] max|delta|=9.882e-01 (rtol=0.01 atol=0.001)
  [t=2260s] 36214/61735 (16.0/s)  ok=32357 mism=884 crash=152 timeout=221 skip=2600  |  inflight=63
  [36232] MISMATCH w51:134 out[0] max|delta|=1.999e+00 (rtol=0.01 atol=0.001)
  [t=2263s] 36289/61735 (16.0/s)  ok=32429 mism=885 crash=152 timeout=222 skip=2601  |  inflight=63
  [36312] MISMATCH w51:240 out[0] max|delta|=2.306e+18 (rtol=0.0 atol=0.0)
  [t=2266s] 36332/61735 (16.0/s)  ok=32469 mism=886 crash=152 timeout=222 skip=2603  |  inflight=64
  [t=2269s] 36396/61735 (16.0/s)  ok=32526 mism=886 crash=152 timeout=223 skip=2609  |  inflight=63
  [36401] MISMATCH w51:382 out[0] max|delta|=2.000e+00 (rtol=0.0 atol=0.0)
  [36420] CRASH    w50:398 fvp_runner rc=5: >> building runner (cache miss): backend=cortex-m target=cortex
  [36463] MISMATCH w51:473 out[0] max|delta|=2.599e-01 (rtol=0.01 atol=0.001)
  [t=2272s] 36464/61735 (16.1/s)  ok=32587 mism=888 crash=153 timeout=224 skip=2612  |  inflight=63
  [36492] MISMATCH w51:514 out[0] max|delta|=4.000e+00 (rtol=0.0 atol=0.0)
  [t=2275s] 36514/61735 (16.1/s)  ok=32630 mism=889 crash=153 timeout=225 skip=2617  |  inflight=63
  [36520] MISMATCH w51:557 out[0] max|delta|=1.000e+00 (rtol=0.01 atol=0.001)
  [t=2278s] 36581/61735 (16.1/s)  ok=32692 mism=890 crash=153 timeout=225 skip=2621  |  inflight=63
  [36608] MISMATCH w51:696 out[0] max|delta|=4.800e+01 (rtol=0.01 atol=0.001)
  [t=2281s] 36646/61735 (16.1/s)  ok=32751 mism=891 crash=153 timeout=225 skip=2626  |  inflight=63
  [36647] CRASH    w51:127 fvp_runner rc=5: >> building runner (cache miss): backend=cortex-m target=cortex
  [36671] MISMATCH w51:774 out[0] max|delta|=2.768e+00 (rtol=0.01 atol=0.001)
  [t=2284s] 36694/61735 (16.1/s)  ok=32788 mism=892 crash=154 timeout=227 skip=2633  |  inflight=63
  [36703] MISMATCH w52:110 out[0] max|delta|=4.800e+01 (rtol=0.01 atol=0.001)
  [36714] MISMATCH w52:172 out[0] max|delta|=2.300e+01 (rtol=0.0 atol=0.0)
  [t=2287s] 36775/61735 (16.1/s)  ok=32860 mism=894 crash=154 timeout=227 skip=2640  |  inflight=63
  [36779] MISMATCH w52:220 out[0] max|delta|=3.200e+01 (rtol=0.0 atol=0.0)
  [36794] MISMATCH w52:252 out[0] max|delta|=3.000e+00 (rtol=0.0 atol=0.0)
  [36797] MISMATCH w52:259 out[0] max|delta|=7.206e+16 (rtol=0.0 atol=0.0)
  [t=2290s] 36824/61735 (16.1/s)  ok=32904 mism=897 crash=154 timeout=228 skip=2641  |  inflight=64
  [36853] MISMATCH w52:338 out[0] max|delta|=4.800e+01 (rtol=0.01 atol=0.001)
  [36858] MISMATCH w52:343 out[0] max|delta|=2.599e-01 (rtol=0.01 atol=0.001)
  [36874] MISMATCH w52:370 out[0] max|delta|=1.280e+02 (rtol=0.01 atol=0.001)
  [36883] MISMATCH w52:385 out[0] max|delta|=4.000e+00 (rtol=0.0 atol=0.0)
  [t=2293s] 36886/61735 (16.1/s)  ok=32959 mism=901 crash=154 timeout=228 skip=2644  |  inflight=63
  [36911] CRASH    w51:355 fvp_runner rc=5: >> building runner (cache miss): backend=cortex-m target=cortex
  [36919] MISMATCH w52:430 out[0] max|delta|=3.322e+00 (rtol=0.01 atol=0.001)
  [36929] MISMATCH w52:448 out[0] max|delta|=2.560e+02 (rtol=0.0 atol=0.0)
  [t=2297s] 36956/61735 (16.1/s)  ok=33022 mism=903 crash=155 timeout=228 skip=2648  |  inflight=64
  [36997] MISMATCH w52:549 out[0] max|delta|=1.179e+00 (rtol=0.01 atol=0.001)
  [t=2300s] 37003/61735 (16.1/s)  ok=33064 mism=904 crash=155 timeout=229 skip=2651  |  inflight=63
  [37011] MISMATCH w52:566 out[0] max|delta|=4.800e+01 (rtol=0.01 atol=0.001)
  [37014] MISMATCH w52:571 out[0] max|delta|=2.599e-01 (rtol=0.01 atol=0.001)
  [37060] MISMATCH w52:644 out[0] max|delta|=1.161e+00 (rtol=0.01 atol=0.001)
  [37069] MISMATCH w52:658 out[0] max|delta|=2.392e+00 (rtol=0.01 atol=0.001)
  [t=2303s] 37070/61735 (16.1/s)  ok=33122 mism=908 crash=155 timeout=229 skip=2656  |  inflight=63
  [37084] MISMATCH w52:688 out[0] max|delta|=1.824e+01 (rtol=0.01 atol=0.001)
  [t=2306s] 37126/61735 (16.1/s)  ok=33172 mism=909 crash=155 timeout=230 skip=2660  |  inflight=63
  [37128] CRASH    w51:724 fvp_runner rc=5: >> building runner (cache miss): backend=cortex-m target=cortex
  [37163] MISMATCH w52:93 out[0] max|delta|=7.320e-01 (rtol=0.01 atol=0.001)
  [37169] MISMATCH w53:10 out[0] max|delta|=8.000e+00 (rtol=0.0 atol=0.0)
  [t=2309s] 37173/61735 (16.1/s)  ok=33215 mism=911 crash=156 timeout=230 skip=2661  |  inflight=63
  [t=2312s] 37238/61735 (16.1/s)  ok=33277 mism=911 crash=156 timeout=230 skip=2664  |  inflight=63
  [37255] CRASH    w52:681 fvp_runner rc=5: >> building runner (cache miss): backend=cortex-m target=cortex
  [t=2315s] 37296/61735 (16.1/s)  ok=33327 mism=911 crash=157 timeout=232 skip=2669  |  inflight=63
  [t=2318s] 37355/61735 (16.1/s)  ok=33380 mism=911 crash=157 timeout=232 skip=2675  |  inflight=63
  [37365] MISMATCH w53:356 out[0] max|delta|=4.800e+01 (rtol=0.01 atol=0.001)
  [37368] CRASH    w52:138 fvp_runner rc=5: >> building runner (cache miss): backend=cortex-m target=cortex
  [37390] MISMATCH w53:388 out[0] max|delta|=1.280e+02 (rtol=0.01 atol=0.001)
  [37413] MISMATCH w53:418 out[0] max|delta|=2.300e+01 (rtol=0.0 atol=0.0)
  [t=2321s] 37416/61735 (16.1/s)  ok=33431 mism=914 crash=158 timeout=232 skip=2681  |  inflight=63
  [37426] MISMATCH w53:434 out[0] max|delta|=1.592e+00 (rtol=0.01 atol=0.001)
  [37437] MISMATCH w53:448 out[0] max|delta|=2.847e+00 (rtol=0.01 atol=0.001)
  [37469] MISMATCH w53:498 out[0] max|delta|=7.000e+00 (rtol=0.0 atol=0.0)
  [t=2324s] 37476/61735 (16.1/s)  ok=33482 mism=917 crash=158 timeout=233 skip=2686  |  inflight=63
  [37514] MISMATCH w53:55 out[0] max|delta|=7.670e+02 (rtol=0.0 atol=0.0)
  [37520] CRASH    w53:15 fvp_runner rc=5: >> building runner (cache miss): backend=cortex-m target=cortex
  [t=2327s] 37533/61735 (16.1/s)  ok=33531 mism=918 crash=159 timeout=233 skip=2692  |  inflight=63
  [37534] MISMATCH w53:589 out[0] max|delta|=2.599e-01 (rtol=0.01 atol=0.001)
  [37535] MISMATCH w53:584 out[0] max|delta|=1.000e+00 (rtol=0.0 atol=0.0)
  [37594] MISMATCH w53:676 out[0] max|delta|=4.980e-01 (rtol=0.01 atol=0.001)
  [t=2330s] 37603/61735 (16.1/s)  ok=33591 mism=921 crash=159 timeout=234 skip=2698  |  inflight=63
  [37615] CRASH    w52:453 fvp_runner rc=5: >> building runner (cache miss): backend=cortex-m target=cortex
  [37628] MISMATCH w53:726 out[0] max|delta|=5.000e+00 (rtol=0.0 atol=0.0)
  [t=2333s] 37661/61735 (16.1/s)  ok=33639 mism=922 crash=160 timeout=235 skip=2705  |  inflight=63
  [37669] MISMATCH w54:101 out[0] max|delta|=1.592e+00 (rtol=0.01 atol=0.001)
  [37681] MISMATCH w54:115 out[0] max|delta|=2.412e+00 (rtol=0.01 atol=0.001)
  [37711] MISMATCH w54:165 out[0] max|delta|=7.000e+00 (rtol=0.0 atol=0.0)
  [t=2336s] 37718/61735 (16.1/s)  ok=33690 mism=925 crash=160 timeout=235 skip=2708  |  inflight=63
  [37755] CRASH    w53:471 fvp_runner rc=5: >> building runner (cache miss): backend=cortex-m target=cortex
  [37762] MISMATCH w54:234 out[0] max|delta|=2.191e+00 (rtol=0.01 atol=0.001)
  [t=2339s] 37789/61735 (16.2/s)  ok=33753 mism=926 crash=161 timeout=236 skip=2713  |  inflight=63
  [37822] MISMATCH w54:329 out[0] max|delta|=1.614e+00 (rtol=0.01 atol=0.001)
  [37845] MISMATCH w54:361 out[0] max|delta|=6.400e+01 (rtol=0.0 atol=0.0)
  [t=2343s] 37847/61735 (16.2/s)  ok=33806 mism=928 crash=161 timeout=236 skip=2716  |  inflight=63
  [37873] CRASH    w52:594 fvp_runner rc=5: >> building runner (cache miss): backend=cortex-m target=cortex
  [t=2346s] 37913/61735 (16.2/s)  ok=33863 mism=928 crash=162 timeout=236 skip=2724  |  inflight=63
  [37918] MISMATCH w54:467 out[0] max|delta|=1.280e+02 (rtol=0.01 atol=0.001)
  [37927] MISMATCH w54:484 out[0] max|delta|=2.599e-01 (rtol=0.01 atol=0.001)
  [37984] MISMATCH w54:557 out[0] max|delta|=1.419e+00 (rtol=0.01 atol=0.001)
  [t=2349s] 37986/61735 (16.2/s)  ok=33929 mism=931 crash=162 timeout=237 skip=2727  |  inflight=64
  [t=2352s] 38036/61735 (16.2/s)  ok=33975 mism=931 crash=162 timeout=238 skip=2730  |  inflight=63
  [38067] MISMATCH w54:70 out[0] max|delta|=4.000e+00 (rtol=0.0 atol=0.0)
  [38100] MISMATCH w54:754 out[0] max|delta|=4.000e+00 (rtol=0.0 atol=0.0)
  [t=2355s] 38105/61735 (16.2/s)  ok=34038 mism=933 crash=162 timeout=238 skip=2734  |  inflight=63
  [38131] CRASH    w54:366 fvp_runner rc=5: >> building runner (cache miss): backend=cortex-m target=cortex
  [38180] MISMATCH w55:162 out[0] max|delta|=2.599e-01 (rtol=0.01 atol=0.001)
  [t=2358s] 38180/61735 (16.2/s)  ok=34106 mism=934 crash=163 timeout=239 skip=2738  |  inflight=64
  [38219] MISMATCH w55:21 out[0] max|delta|=2.847e+00 (rtol=0.01 atol=0.001)
  [t=2361s] 38231/61735 (16.2/s)  ok=34149 mism=935 crash=163 timeout=239 skip=2745  |  inflight=63
  [38250] MISMATCH w55:249 out[0] max|delta|=4.941e-01 (rtol=0.01 atol=0.001)
  [38268] MISMATCH w55:267 out[0] max|delta|=8.000e+00 (rtol=0.0 atol=0.0)
  [38285] MISMATCH w55:349 out[0] max|delta|=1.000e+00 (rtol=0.0 atol=0.0)
  [t=2364s] 38313/61735 (16.2/s)  ok=34223 mism=938 crash=163 timeout=240 skip=2749  |  inflight=63
  [38347] MISMATCH w55:385 out[0] max|delta|=2.306e+18 (rtol=0.0 atol=0.0)
  [38349] MISMATCH w55:390 out[0] max|delta|=2.599e-01 (rtol=0.01 atol=0.001)
  [t=2367s] 38373/61735 (16.2/s)  ok=34277 mism=940 crash=163 timeout=240 skip=2753  |  inflight=64
  [38379] MISMATCH w55:431 out[0] max|delta|=4.000e+00 (rtol=0.0 atol=0.0)
  [38385] CRASH    w54:507 fvp_runner rc=5: >> building runner (cache miss): backend=cortex-m target=cortex
  [38398] MISMATCH w55:463 out[0] max|delta|=6.221e+00 (rtol=0.01 atol=0.001)
  [38421] MISMATCH w55:495 out[0] max|delta|=3.200e+01 (rtol=0.0 atol=0.0)
  [t=2370s] 38441/61735 (16.2/s)  ok=34335 mism=943 crash=164 timeout=240 skip=2759  |  inflight=63
  [t=2373s] 38525/61735 (16.2/s)  ok=34413 mism=943 crash=164 timeout=241 skip=2764  |  inflight=63
  [38563] MISMATCH w55:7 out[0] max|delta|=1.649e+00 (rtol=0.01 atol=0.001)
  [38571] MISMATCH w55:71 out[0] max|delta|=5.000e+00 (rtol=0.0 atol=0.0)
  [38572] MISMATCH w55:713 out[0] max|delta|=1.548e-02 (rtol=0.01 atol=0.001)
  [t=2376s] 38573/61735 (16.2/s)  ok=34455 mism=946 crash=164 timeout=241 skip=2767  |  inflight=64
  [38584] MISMATCH w55:727 out[0] max|delta|=2.000e+00 (rtol=0.01 atol=0.001)
  [38615] MISMATCH w55:84 out[0] max|delta|=1.910e+02 (rtol=0.0 atol=0.0)
  [t=2380s] 38656/61735 (16.2/s)  ok=34532 mism=948 crash=164 timeout=241 skip=2771  |  inflight=63
  [t=2383s] 38718/61735 (16.2/s)  ok=34588 mism=948 crash=164 timeout=241 skip=2777  |  inflight=63
  [38741] MISMATCH w56:275 out[0] max|delta|=4.980e-01 (rtol=0.01 atol=0.001)
  [t=2386s] 38800/61735 (16.3/s)  ok=34663 mism=949 crash=164 timeout=242 skip=2782  |  inflight=63
  [t=2389s] 38861/61735 (16.3/s)  ok=34722 mism=949 crash=164 timeout=242 skip=2784  |  inflight=64
  [38863] MISMATCH w56:47 out[0] max|delta|=3.733e+00 (rtol=0.01 atol=0.001)
  [38866] MISMATCH w56:473 out[0] max|delta|=2.300e+01 (rtol=0.0 atol=0.0)
  [38870] MISMATCH w56:521 out[0] max|delta|=1.280e+02 (rtol=0.0 atol=0.0)
  [38925] MISMATCH w56:553 out[0] max|delta|=7.000e+00 (rtol=0.0 atol=0.0)
  [t=2392s] 38927/61735 (16.3/s)  ok=34780 mism=953 crash=164 timeout=242 skip=2788  |  inflight=63
  [38963] MISMATCH w56:603 out[0] max|delta|=2.550e+02 (rtol=0.0 atol=0.0)
  [38986] MISMATCH w56:636 out[0] max|delta|=2.882e+17 (rtol=0.0 atol=0.0)
  [38990] MISMATCH w56:640 out[0] max|delta|=4.845e+02 (rtol=0.01 atol=0.001)
  [t=2395s] 39004/61735 (16.3/s)  ok=34850 mism=956 crash=164 timeout=243 skip=2791  |  inflight=63
  [39011] MISMATCH w56:685 out[0] max|delta|=2.000e+00 (rtol=0.01 atol=0.001)
  [39035] MISMATCH w56:717 out[0] max|delta|=1.671e+00 (rtol=0.01 atol=0.001)
  [t=2398s] 39050/61735 (16.3/s)  ok=34889 mism=958 crash=164 timeout=243 skip=2796  |  inflight=64
  [39064] MISMATCH w56:749 out[0] max|delta|=1.280e+02 (rtol=0.0 atol=0.0)
  [t=2401s] 39130/61735 (16.3/s)  ok=34963 mism=959 crash=164 timeout=244 skip=2800  |  inflight=63
  [t=2405s] 39188/61735 (16.3/s)  ok=35013 mism=959 crash=164 timeout=245 skip=2807  |  inflight=64
  [39235] CRASH    w56:70 fvp_runner rc=5: >> building runner (cache miss): backend=cortex-m target=cortex
  [t=2408s] 39268/61735 (16.3/s)  ok=35089 mism=959 crash=165 timeout=245 skip=2810  |  inflight=63
  [39321] MISMATCH w57:418 out[0] max|delta|=2.599e-01 (rtol=0.01 atol=0.001)
  [t=2411s] 39330/61735 (16.3/s)  ok=35145 mism=960 crash=165 timeout=245 skip=2815  |  inflight=64
  [39348] MISMATCH w57:460 out[0] max|delta|=3.000e+00 (rtol=0.0 atol=0.0)
  [39366] MISMATCH w57:477 out[0] max|delta|=3.184e-01 (rtol=0.01 atol=0.001)
  [39386] MISMATCH w57:523 out[0] max|delta|=8.000e+00 (rtol=0.0 atol=0.0)
  [t=2414s] 39395/61735 (16.3/s)  ok=35201 mism=963 crash=165 timeout=246 skip=2820  |  inflight=63
  [39407] MISMATCH w57:57 out[0] max|delta|=1.681e-02 (rtol=0.01 atol=0.001)
  [39432] MISMATCH w57:605 out[0] max|delta|=3.000e+00 (rtol=0.0 atol=0.0)
  [39461] MISMATCH w57:646 out[0] max|delta|=2.599e-01 (rtol=0.01 atol=0.001)
  [t=2417s] 39470/61735 (16.3/s)  ok=35268 mism=966 crash=165 timeout=246 skip=2825  |  inflight=63
  [39488] MISMATCH w57:688 out[0] max|delta|=4.000e+00 (rtol=0.0 atol=0.0)
  [39514] MISMATCH w57:719 out[0] max|delta|=2.694e+00 (rtol=0.01 atol=0.001)
  [39518] MISMATCH w57:733 out[0] max|delta|=4.980e-01 (rtol=0.01 atol=0.001)
  [t=2420s] 39521/61735 (16.3/s)  ok=35311 mism=969 crash=165 timeout=246 skip=2830  |  inflight=63
  [39564] MISMATCH w58:110 out[0] max|delta|=1.110e+00 (rtol=0.01 atol=0.001)
  [t=2423s] 39593/61735 (16.3/s)  ok=35378 mism=970 crash=165 timeout=247 skip=2833  |  inflight=63
  [39611] MISMATCH w58:181 out[0] max|delta|=2.882e+17 (rtol=0.0 atol=0.0)
  [t=2426s] 39653/61735 (16.3/s)  ok=35433 mism=971 crash=165 timeout=247 skip=2837  |  inflight=64
  [t=2430s] 39702/61735 (16.3/s)  ok=35478 mism=971 crash=165 timeout=247 skip=2841  |  inflight=63
  [39723] MISMATCH w58:338 out[0] max|delta|=1.111e+00 (rtol=0.01 atol=0.001)
  [39743] CRASH    w57:756 fvp_runner rc=5: >> building runner (cache miss): backend=cortex-m target=cortex
  [39756] MISMATCH w58:37 out[0] max|delta|=2.599e-01 (rtol=0.01 atol=0.001)
  [39757] MISMATCH w58:370 out[0] max|delta|=1.600e+01 (rtol=0.0 atol=0.0)
  [t=2433s] 39782/61735 (16.4/s)  ok=35548 mism=974 crash=166 timeout=248 skip=2846  |  inflight=63
  [t=2436s] 39831/61735 (16.4/s)  ok=35594 mism=974 crash=166 timeout=248 skip=2849  |  inflight=64
  [39865] MISMATCH w58:535 out[0] max|delta|=4.000e+00 (rtol=0.0 atol=0.0)
  [39876] CRASH    w58:288 fvp_runner rc=5: >> building runner (cache miss): backend=cortex-m target=cortex
  [t=2439s] 39894/61735 (16.4/s)  ok=35647 mism=975 crash=167 timeout=248 skip=2857  |  inflight=63
  [39903] MISMATCH w58:580 out[0] max|delta|=2.871e+00 (rtol=0.01 atol=0.001)
  [39917] MISMATCH w58:598 out[0] max|delta|=1.280e+02 (rtol=0.0 atol=0.0)
  [t=2442s] 39966/61735 (16.4/s)  ok=35709 mism=977 crash=167 timeout=249 skip=2864  |  inflight=64
  [39970] MISMATCH w58:680 out[0] max|delta|=1.000e+00 (rtol=0.0 atol=0.0)
  [39995] MISMATCH w58:716 out[0] max|delta|=9.223e+18 (rtol=0.0 atol=0.0)
  [t=2445s] 40020/61735 (16.4/s)  ok=35757 mism=979 crash=167 timeout=249 skip=2868  |  inflight=63
  [40077] MISMATCH w59:128 out[0] max|delta|=8.000e+00 (rtol=0.0 atol=0.0)
  [t=2448s] 40104/61735 (16.4/s)  ok=35833 mism=980 crash=167 timeout=250 skip=2874  |  inflight=63
  [40134] MISMATCH w59:219 out[0] max|delta|=2.599e-01 (rtol=0.01 atol=0.001)
  [t=2451s] 40151/61735 (16.4/s)  ok=35875 mism=981 crash=167 timeout=250 skip=2878  |  inflight=63
  [40184] MISMATCH w59:292 out[0] max|delta|=1.111e+00 (rtol=0.01 atol=0.001)
  [40193] MISMATCH w59:306 out[0] max|delta|=3.765e+00 (rtol=0.01 atol=0.001)
  [t=2454s] 40225/61735 (16.4/s)  ok=35940 mism=983 crash=167 timeout=251 skip=2884  |  inflight=63
  [40236] MISMATCH w59:369 out[0] max|delta|=1.910e+02 (rtol=0.0 atol=0.0)
  [40287] MISMATCH w59:447 out[0] max|delta|=2.599e-01 (rtol=0.01 atol=0.001)
  [t=2458s] 40288/61735 (16.4/s)  ok=35997 mism=985 crash=167 timeout=251 skip=2888  |  inflight=64
  [40335] MISMATCH w59:520 out[0] max|delta|=4.087e+00 (rtol=0.01 atol=0.001)
  [40336] CRASH    w59:242 fvp_runner rc=5: >> building runner (cache miss): backend=cortex-m target=cortex
  [t=2461s] 40340/61735 (16.4/s)  ok=36043 mism=986 crash=168 timeout=252 skip=2891  |  inflight=63
  [40345] MISMATCH w59:597 out[0] max|delta|=1.100e+01 (rtol=0.0 atol=0.0)
  [40351] MISMATCH w59:542 out[0] max|delta|=1.681e-02 (rtol=0.01 atol=0.001)
  [40409] MISMATCH w59:64 out[0] max|delta|=1.592e+00 (rtol=0.01 atol=0.001)
  [t=2464s] 40418/61735 (16.4/s)  ok=36115 mism=989 crash=168 timeout=252 skip=2894  |  inflight=63
  [40431] MISMATCH w59:675 out[0] max|delta|=2.599e-01 (rtol=0.01 atol=0.001)
  [40452] MISMATCH w59:702 out[0] max|delta|=1.280e+02 (rtol=0.01 atol=0.001)
  [t=2467s] 40474/61735 (16.4/s)  ok=36163 mism=991 crash=168 timeout=253 skip=2899  |  inflight=64
  [40475] MISMATCH w59:780 out[0] max|delta|=3.200e+01 (rtol=0.0 atol=0.0)
  [40487] MISMATCH w59:748 out[0] max|delta|=1.163e+00 (rtol=0.01 atol=0.001)
  [40523] MISMATCH w59:96 out[0] max|delta|=2.560e+02 (rtol=0.0 atol=0.0)
  [t=2470s] 40525/61735 (16.4/s)  ok=36206 mism=994 crash=168 timeout=253 skip=2904  |  inflight=63
  [40548] MISMATCH w6:130 out[0] max|delta|=1.164e+00 (rtol=0.01 atol=0.001)
  [40574] MISMATCH w6:162 out[0] max|delta|=2.000e+00 (rtol=0.0 atol=0.0)
  [t=2473s] 40596/61735 (16.4/s)  ok=36270 mism=996 crash=168 timeout=253 skip=2909  |  inflight=63
  [40649] CRASH    w59:698 fvp_runner rc=5: >> building runner (cache miss): backend=cortex-m target=cortex
  [t=2476s] 40649/61735 (16.4/s)  ok=36320 mism=996 crash=169 timeout=254 skip=2910  |  inflight=64
  [40654] MISMATCH w6:280 out[0] max|delta|=4.800e+01 (rtol=0.01 atol=0.001)
  [40658] MISMATCH w6:285 out[0] max|delta|=2.599e-01 (rtol=0.01 atol=0.001)
  [40704] MISMATCH w6:358 out[0] max|delta|=1.166e+00 (rtol=0.01 atol=0.001)
  [40724] MISMATCH w6:372 out[0] max|delta|=2.847e+00 (rtol=0.01 atol=0.001)
  [t=2479s] 40727/61735 (16.4/s)  ok=36388 mism=1000 crash=169 timeout=255 skip=2915  |  inflight=63
  [40734] MISMATCH w6:390 out[0] max|delta|=1.600e+01 (rtol=0.0 atol=0.0)
  [t=2483s] 40786/61735 (16.4/s)  ok=36444 mism=1001 crash=169 timeout=255 skip=2917  |  inflight=64
  [40806] MISMATCH w6:505 out[0] max|delta|=9.223e+18 (rtol=0.0 atol=0.0)
  [40817] MISMATCH w6:52 out[0] max|delta|=4.800e+01 (rtol=0.01 atol=0.001)
  [40826] MISMATCH w6:540 out[0] max|delta|=1.280e+02 (rtol=0.01 atol=0.001)
  [t=2486s] 40840/61735 (16.4/s)  ok=36492 mism=1004 crash=169 timeout=255 skip=2920  |  inflight=63
  [40853] MISMATCH w6:586 out[0] max|delta|=2.528e+00 (rtol=0.01 atol=0.001)
  [40875] MISMATCH w6:618 out[0] max|delta|=3.200e+01 (rtol=0.0 atol=0.0)
  [40896] MISMATCH w6:650 out[0] max|delta|=3.000e+00 (rtol=0.0 atol=0.0)
  [40903] MISMATCH w6:663 out[0] max|delta|=3.830e+02 (rtol=0.0 atol=0.0)
  [t=2489s] 40921/61735 (16.4/s)  ok=36559 mism=1008 crash=169 timeout=256 skip=2929  |  inflight=63
  [t=2492s] 40973/61735 (16.4/s)  ok=36604 mism=1008 crash=169 timeout=256 skip=2936  |  inflight=63
  [41011] MISMATCH w60:119 out[0] max|delta|=4.000e+00 (rtol=0.0 atol=0.0)
  [t=2495s] 41046/61735 (16.5/s)  ok=36670 mism=1009 crash=169 timeout=257 skip=2941  |  inflight=63
  [t=2498s] 41105/61735 (16.5/s)  ok=36725 mism=1009 crash=169 timeout=257 skip=2945  |  inflight=64
  [41132] MISMATCH w60:301 out[0] max|delta|=4.800e+01 (rtol=0.01 atol=0.001)
  [41137] MISMATCH w60:306 out[0] max|delta|=2.599e-01 (rtol=0.01 atol=0.001)
  [t=2501s] 41160/61735 (16.5/s)  ok=36772 mism=1011 crash=169 timeout=258 skip=2950  |  inflight=63
  [41189] MISMATCH w60:379 out[0] max|delta|=7.484e-01 (rtol=0.01 atol=0.001)
  [41197] CRASH    w60:101 fvp_runner rc=5: >> building runner (cache miss): backend=cortex-m target=cortex
  [41205] MISMATCH w60:393 out[0] max|delta|=2.412e+00 (rtol=0.01 atol=0.001)
  [41220] MISMATCH w60:456 out[0] max|delta|=7.670e+02 (rtol=0.0 atol=0.0)
  [t=2504s] 41240/61735 (16.5/s)  ok=36844 mism=1014 crash=170 timeout=258 skip=2954  |  inflight=63
  [t=2507s] 41292/61735 (16.5/s)  ok=36891 mism=1014 crash=170 timeout=259 skip=2958  |  inflight=63
  [41297] MISMATCH w60:529 out[0] max|delta|=9.223e+18 (rtol=0.0 atol=0.0)
  [41305] MISMATCH w60:534 out[0] max|delta|=2.599e-01 (rtol=0.01 atol=0.001)
  [41331] MISMATCH w60:575 out[0] max|delta|=2.000e+00 (rtol=0.01 atol=0.001)
  [t=2510s] 41372/61735 (16.5/s)  ok=36961 mism=1017 crash=170 timeout=260 skip=2964  |  inflight=63
  [t=2514s] 41431/61735 (16.5/s)  ok=37017 mism=1017 crash=170 timeout=260 skip=2967  |  inflight=64
  [41435] MISMATCH w61:1 out[0] max|delta|=4.000e+00 (rtol=0.0 atol=0.0)
  [41462] MISMATCH w60:78 out[0] max|delta|=2.599e-01 (rtol=0.01 atol=0.001)
  [41481] MISMATCH w61:104 out[0] max|delta|=4.612e+18 (rtol=0.0 atol=0.0)
  [t=2517s] 41490/61735 (16.5/s)  ok=37067 mism=1020 crash=170 timeout=261 skip=2972  |  inflight=63
  [41540] MISMATCH w61:17 out[0] max|delta|=2.300e+01 (rtol=0.0 atol=0.0)
  [41553] MISMATCH w61:188 out[0] max|delta|=2.599e-01 (rtol=0.01 atol=0.001)
  [t=2520s] 41573/61735 (16.5/s)  ok=37141 mism=1022 crash=170 timeout=261 skip=2979  |  inflight=64
  [41606] MISMATCH w61:261 out[0] max|delta|=1.645e+00 (rtol=0.01 atol=0.001)
  [t=2523s] 41639/61735 (16.5/s)  ok=37201 mism=1023 crash=170 timeout=261 skip=2984  |  inflight=63
  [41705] MISMATCH w61:4 out[0] max|delta|=1.000e+00 (rtol=0.01 atol=0.001)
  [t=2526s] 41719/61735 (16.5/s)  ok=37271 mism=1024 crash=170 timeout=262 skip=2992  |  inflight=63
  [41736] MISMATCH w61:503 out[0] max|delta|=4.980e-01 (rtol=0.01 atol=0.001)
  [t=2529s] 41781/61735 (16.5/s)  ok=37325 mism=1025 crash=170 timeout=263 skip=2998  |  inflight=63
  [41817] MISMATCH w61:597 out[0] max|delta|=6.452e-01 (rtol=0.01 atol=0.001)
  [41842] MISMATCH w61:622 out[0] max|delta|=1.994e+00 (rtol=0.01 atol=0.001)
  [41856] MISMATCH w61:644 out[0] max|delta|=2.599e-01 (rtol=0.01 atol=0.001)
  [t=2532s] 41863/61735 (16.5/s)  ok=37398 mism=1028 crash=170 timeout=264 skip=3003  |  inflight=63
  [41909] MISMATCH w61:731 out[0] max|delta|=3.765e+00 (rtol=0.01 atol=0.001)
  [t=2536s] 41910/61735 (16.5/s)  ok=37440 mism=1029 crash=170 timeout=264 skip=3007  |  inflight=63
  [41926] MISMATCH w61:749 out[0] max|delta|=6.400e+01 (rtol=0.0 atol=0.0)
  [t=2539s] 41991/61735 (16.5/s)  ok=37515 mism=1030 crash=170 timeout=265 skip=3011  |  inflight=63
  [42011] MISMATCH w62:175 out[0] max|delta|=7.000e+00 (rtol=0.0 atol=0.0)
  [t=2542s] 42041/61735 (16.5/s)  ok=37559 mism=1031 crash=170 timeout=266 skip=3015  |  inflight=64
  [42067] MISMATCH w62:261 out[0] max|delta|=2.306e+18 (rtol=0.0 atol=0.0)
  [42070] MISMATCH w62:266 out[0] max|delta|=2.599e-01 (rtol=0.01 atol=0.001)
  [42086] CRASH    w61:70 fvp_runner rc=5: >> building runner (cache miss): backend=cortex-m target=cortex
  [t=2545s] 42092/61735 (16.5/s)  ok=37603 mism=1033 crash=171 timeout=266 skip=3019  |  inflight=63
  [42094] MISMATCH w62:30 out[0] max|delta|=7.206e+16 (rtol=0.0 atol=0.0)
  [42131] CRASH    w61:754 fvp_runner rc=5: >> building runner (cache miss): backend=cortex-m target=cortex
  [42135] MISMATCH w62:353 out[0] max|delta|=4.941e-01 (rtol=0.01 atol=0.001)
  [42155] MISMATCH w62:371 out[0] max|delta|=2.000e+00 (rtol=0.0 atol=0.0)
  [42158] MISMATCH w62:38 out[0] max|delta|=2.599e-01 (rtol=0.01 atol=0.001)
  [t=2548s] 42168/61735 (16.6/s)  ok=37668 mism=1037 crash=172 timeout=266 skip=3025  |  inflight=63
  [42180] MISMATCH w62:416 out[0] max|delta|=2.300e+01 (rtol=0.0 atol=0.0)
  [t=2551s] 42223/61735 (16.6/s)  ok=37718 mism=1038 crash=172 timeout=267 skip=3028  |  inflight=64
  [t=2554s] 42281/61735 (16.6/s)  ok=37770 mism=1038 crash=172 timeout=267 skip=3034  |  inflight=63
  [42288] MISMATCH w62:581 out[0] max|delta|=3.733e+00 (rtol=0.01 atol=0.001)
  [t=2557s] 42353/61735 (16.6/s)  ok=37835 mism=1039 crash=172 timeout=268 skip=3039  |  inflight=63
  [42367] CRASH    w62:148 fvp_runner rc=5: >> building runner (cache miss): backend=cortex-m target=cortex
  [t=2560s] 42407/61735 (16.6/s)  ok=37885 mism=1039 crash=173 timeout=268 skip=3042  |  inflight=63
  [42410] MISMATCH w63:104 out[0] max|delta|=7.206e+16 (rtol=0.0 atol=0.0)
  [42448] MISMATCH w62:95 out[0] max|delta|=4.700e+01 (rtol=0.0 atol=0.0)
  [42453] MISMATCH w63:169 out[0] max|delta|=2.300e+01 (rtol=0.0 atol=0.0)
  [42455] MISMATCH w63:112 out[0] max|delta|=2.599e-01 (rtol=0.01 atol=0.001)
  [t=2563s] 42493/61735 (16.6/s)  ok=37956 mism=1043 crash=173 timeout=268 skip=3053  |  inflight=63
  [42516] MISMATCH w63:199 out[0] max|delta|=2.871e+00 (rtol=0.01 atol=0.001)
  [42530] MISMATCH w63:21 out[0] max|delta|=6.000e+00 (rtol=0.0 atol=0.0)
  [t=2566s] 42543/61735 (16.6/s)  ok=38003 mism=1045 crash=173 timeout=268 skip=3054  |  inflight=64
  [42592] MISMATCH w63:323 out[0] max|delta|=1.280e+02 (rtol=0.01 atol=0.001)
  [t=2569s] 42598/61735 (16.6/s)  ok=38053 mism=1046 crash=173 timeout=268 skip=3058  |  inflight=63
  [42604] MISMATCH w63:340 out[0] max|delta|=2.599e-01 (rtol=0.01 atol=0.001)
  [42636] CRASH    w62:745 fvp_runner rc=5: >> building runner (cache miss): backend=cortex-m target=cortex
  [42677] MISMATCH w63:427 out[0] max|delta|=1.459e+00 (rtol=0.01 atol=0.001)
  [t=2573s] 42684/61735 (16.6/s)  ok=38130 mism=1048 crash=174 timeout=269 skip=3063  |  inflight=63
  [t=2576s] 42742/61735 (16.6/s)  ok=38183 mism=1048 crash=174 timeout=269 skip=3068  |  inflight=63
  [42765] MISMATCH w63:563 out[0] max|delta|=4.800e+01 (rtol=0.01 atol=0.001)
  [t=2579s] 42827/61735 (16.6/s)  ok=38262 mism=1049 crash=174 timeout=269 skip=3073  |  inflight=63
  [t=2582s] 42877/61735 (16.6/s)  ok=38309 mism=1049 crash=174 timeout=270 skip=3075  |  inflight=64
  [42955] MISMATCH w64:126 out[0] max|delta|=1.594e+00 (rtol=0.01 atol=0.001)
  [t=2585s] 42967/61735 (16.6/s)  ok=38391 mism=1050 crash=174 timeout=271 skip=3081  |  inflight=63
  [t=2588s] 43034/61735 (16.6/s)  ok=38453 mism=1050 crash=174 timeout=272 skip=3085  |  inflight=63
  [43046] MISMATCH w64:273 out[0] max|delta|=9.223e+18 (rtol=0.0 atol=0.0)
  [43052] MISMATCH w64:276 out[0] max|delta|=4.800e+01 (rtol=0.01 atol=0.001)
  [t=2591s] 43087/61735 (16.6/s)  ok=38500 mism=1052 crash=174 timeout=273 skip=3088  |  inflight=63
  [43101] MISMATCH w64:354 out[0] max|delta|=2.717e+00 (rtol=0.01 atol=0.001)
  [43113] MISMATCH w64:368 out[0] max|delta|=9.882e-01 (rtol=0.01 atol=0.001)
  [t=2594s] 43161/61735 (16.6/s)  ok=38565 mism=1054 crash=174 timeout=273 skip=3095  |  inflight=63
  [43183] CRASH    w64:163 fvp_runner rc=5: >> building runner (cache miss): backend=cortex-m target=cortex
  [43199] MISMATCH w64:48 out[0] max|delta|=2.550e+02 (rtol=0.0 atol=0.0)
  [43220] MISMATCH w64:509 out[0] max|delta|=2.599e-01 (rtol=0.01 atol=0.001)
  [t=2597s] 43230/61735 (16.6/s)  ok=38627 mism=1056 crash=175 timeout=274 skip=3098  |  inflight=63
  [43251] MISMATCH w64:550 out[0] max|delta|=3.000e+00 (rtol=0.0 atol=0.0)
  [43258] MISMATCH w64:596 out[0] max|delta|=1.945e+00 (rtol=0.01 atol=0.001)
  [43297] MISMATCH w64:614 out[0] max|delta|=2.560e+02 (rtol=0.0 atol=0.0)
  [t=2600s] 43308/61735 (16.7/s)  ok=38696 mism=1059 crash=175 timeout=274 skip=3104  |  inflight=63
  [43362] MISMATCH w64:732 out[0] max|delta|=2.306e+18 (rtol=0.0 atol=0.0)
  [t=2603s] 43373/61735 (16.7/s)  ok=38757 mism=1060 crash=175 timeout=274 skip=3107  |  inflight=64
  [t=2607s] 43442/61735 (16.7/s)  ok=38820 mism=1060 crash=175 timeout=275 skip=3112  |  inflight=63
  [43475] MISMATCH w65:248 out[0] max|delta|=2.717e+00 (rtol=0.01 atol=0.001)
  [43483] MISMATCH w65:20 out[0] max|delta|=2.717e+00 (rtol=0.01 atol=0.001)
  [43498] MISMATCH w65:217 out[0] max|delta|=4.000e+00 (rtol=0.0 atol=0.0)
  [43513] MISMATCH w65:231 out[0] max|delta|=1.000e+00 (rtol=0.0 atol=0.0)
  [t=2610s] 43519/61735 (16.7/s)  ok=38888 mism=1064 crash=175 timeout=275 skip=3117  |  inflight=63
  [t=2613s] 43565/61735 (16.7/s)  ok=38931 mism=1064 crash=175 timeout=275 skip=3120  |  inflight=64
  [43624] MISMATCH w65:403 out[0] max|delta|=2.599e-01 (rtol=0.01 atol=0.001)
  [t=2616s] 43639/61735 (16.7/s)  ok=39000 mism=1065 crash=175 timeout=276 skip=3123  |  inflight=63
  [t=2619s] 43700/61735 (16.7/s)  ok=39054 mism=1065 crash=175 timeout=276 skip=3130  |  inflight=64
  [43710] MISMATCH w65:52 out[0] max|delta|=1.280e+02 (rtol=0.0 atol=0.0)
  [43734] MISMATCH w65:558 out[0] max|delta|=1.000e+00 (rtol=0.0 atol=0.0)
  [43747] CRASH    w65:285 fvp_runner rc=5: >> building runner (cache miss): backend=cortex-m target=cortex
  [t=2622s] 43756/61735 (16.7/s)  ok=39105 mism=1067 crash=176 timeout=277 skip=3131  |  inflight=63
  [43780] MISMATCH w65:631 out[0] max|delta|=8.090e-01 (rtol=0.01 atol=0.001)
  [43831] MISMATCH w65:704 out[0] max|delta|=1.163e+00 (rtol=0.01 atol=0.001)
  [t=2625s] 43835/61735 (16.7/s)  ok=39173 mism=1069 crash=176 timeout=277 skip=3140  |  inflight=63
  [43838] MISMATCH w65:718 out[0] max|delta|=1.945e+00 (rtol=0.01 atol=0.001)
  [43847] MISMATCH w65:736 out[0] max|delta|=3.200e+01 (rtol=0.0 atol=0.0)
  [t=2628s] 43889/61735 (16.7/s)  ok=39222 mism=1071 crash=176 timeout=277 skip=3143  |  inflight=64
  [43914] MISMATCH w66:124 out[0] max|delta|=4.800e+01 (rtol=0.01 atol=0.001)
  [t=2631s] 43940/61735 (16.7/s)  ok=39267 mism=1072 crash=176 timeout=278 skip=3147  |  inflight=63
  [43942] MISMATCH w66:171 out[0] max|delta|=4.000e+00 (rtol=0.0 atol=0.0)
  [43944] MISMATCH w66:216 out[0] max|delta|=1.459e+00 (rtol=0.01 atol=0.001)
  [43979] CRASH    w65:426 fvp_runner rc=5: >> building runner (cache miss): backend=cortex-m target=cortex
  [44000] MISMATCH w66:234 out[0] max|delta|=4.000e+00 (rtol=0.0 atol=0.0)
  [t=2634s] 44020/61735 (16.7/s)  ok=39335 mism=1075 crash=177 timeout=278 skip=3155  |  inflight=63
  [t=2637s] 44064/61735 (16.7/s)  ok=39374 mism=1075 crash=177 timeout=278 skip=3160  |  inflight=63
  [44077] MISMATCH w66:353 out[0] max|delta|=4.014e+00 (rtol=0.01 atol=0.001)
  [t=2640s] 44132/61735 (16.7/s)  ok=39432 mism=1076 crash=177 timeout=279 skip=3168  |  inflight=63
  [44140] MISMATCH w66:430 out[0] max|delta|=2.040e+00 (rtol=0.01 atol=0.001)
  [44155] MISMATCH w66:452 out[0] max|delta|=1.548e-02 (rtol=0.01 atol=0.001)
  [t=2644s] 44194/61735 (16.7/s)  ok=39487 mism=1078 crash=177 timeout=280 skip=3172  |  inflight=63
  [44195] CRASH    w66:239 fvp_runner rc=5: >> building runner (cache miss): backend=cortex-m target=cortex
  [44239] CRASH    w66:11 fvp_runner rc=5: >> building runner (cache miss): backend=cortex-m target=cortex
  [44249] MISMATCH w66:585 out[0] max|delta|=2.599e-01 (rtol=0.01 atol=0.001)
  [t=2647s] 44253/61735 (16.7/s)  ok=39539 mism=1079 crash=179 timeout=281 skip=3175  |  inflight=63
  [44277] MISMATCH w66:626 out[0] max|delta|=4.000e+00 (rtol=0.0 atol=0.0)
  [44284] MISMATCH w66:642 out[0] max|delta|=2.300e+01 (rtol=0.0 atol=0.0)
  [44302] MISMATCH w66:722 out[0] max|delta|=2.000e+00 (rtol=0.0 atol=0.0)
  [44321] MISMATCH w66:690 out[0] max|delta|=2.000e+00 (rtol=0.0 atol=0.0)
  [t=2650s] 44336/61735 (16.7/s)  ok=39610 mism=1083 crash=179 timeout=281 skip=3183  |  inflight=63
  [t=2653s] 44386/61735 (16.7/s)  ok=39656 mism=1083 crash=179 timeout=282 skip=3186  |  inflight=64
  [t=2656s] 44440/61735 (16.7/s)  ok=39706 mism=1083 crash=179 timeout=282 skip=3190  |  inflight=63
  [44481] CRASH    w66:152 fvp_runner rc=5: >> building runner (cache miss): backend=cortex-m target=cortex
  [44513] MISMATCH w67:266 out[0] max|delta|=9.223e+18 (rtol=0.0 atol=0.0)
  [t=2659s] 44529/61735 (16.7/s)  ok=39784 mism=1084 crash=180 timeout=283 skip=3198  |  inflight=63
  [t=2662s] 44576/61735 (16.7/s)  ok=39827 mism=1084 crash=180 timeout=283 skip=3202  |  inflight=63
  [44593] MISMATCH w67:421 out[0] max|delta|=1.910e+02 (rtol=0.0 atol=0.0)
  [44600] MISMATCH w67:43 out[0] max|delta|=2.599e-01 (rtol=0.01 atol=0.001)
  [44638] MISMATCH w67:494 out[0] max|delta|=9.223e+18 (rtol=0.0 atol=0.0)
  [t=2665s] 44642/61735 (16.8/s)  ok=39884 mism=1087 crash=180 timeout=284 skip=3207  |  inflight=63
  [44692] MISMATCH w67:572 out[0] max|delta|=1.592e+00 (rtol=0.01 atol=0.001)
  [44699] MISMATCH w67:586 out[0] max|delta|=3.294e+00 (rtol=0.01 atol=0.001)
  [t=2668s] 44708/61735 (16.8/s)  ok=39942 mism=1089 crash=180 timeout=284 skip=3213  |  inflight=64
  [44731] CRASH    w67:153 fvp_runner rc=5: >> building runner (cache miss): backend=cortex-m target=cortex
  [44757] CRASH    w67:381 fvp_runner rc=5: >> building runner (cache miss): backend=cortex-m target=cortex
  [t=2671s] 44764/61735 (16.8/s)  ok=39992 mism=1089 crash=182 timeout=284 skip=3217  |  inflight=63
  [44794] MISMATCH w67:723 out[0] max|delta|=3.189e+01 (rtol=0.01 atol=0.001)
  [44795] MISMATCH w67:727 out[0] max|delta|=2.599e-01 (rtol=0.01 atol=0.001)
  [t=2674s] 44843/61735 (16.8/s)  ok=40059 mism=1091 crash=182 timeout=285 skip=3226  |  inflight=63
  [44856] MISMATCH w68:149 out[0] max|delta|=3.982e+00 (rtol=0.01 atol=0.001)
  [44887] MISMATCH w68:133 out[0] max|delta|=4.000e+00 (rtol=0.0 atol=0.0)
  [t=2678s] 44897/61735 (16.8/s)  ok=40109 mism=1093 crash=182 timeout=285 skip=3228  |  inflight=64
  [t=2681s] 44973/61735 (16.8/s)  ok=40180 mism=1093 crash=182 timeout=285 skip=3233  |  inflight=63
  [44986] CRASH    w67:522 fvp_runner rc=5: >> building runner (cache miss): backend=cortex-m target=cortex
  [45018] MISMATCH w68:320 out[0] max|delta|=2.599e-01 (rtol=0.01 atol=0.001)
  [t=2684s] 45032/61735 (16.8/s)  ok=40231 mism=1094 crash=183 timeout=286 skip=3238  |  inflight=64
  [45037] MISMATCH w68:361 out[0] max|delta|=3.000e+00 (rtol=0.0 atol=0.0)
  [t=2687s] 45086/61735 (16.8/s)  ok=40278 mism=1095 crash=183 timeout=286 skip=3244  |  inflight=63
  [45100] MISMATCH w68:457 out[0] max|delta|=7.000e+00 (rtol=0.0 atol=0.0)
  [45123] MISMATCH w68:501 out[0] max|delta|=2.075e+00 (rtol=0.01 atol=0.001)
  [45158] MISMATCH w68:543 out[0] max|delta|=4.800e+01 (rtol=0.01 atol=0.001)
  [45164] MISMATCH w68:548 out[0] max|delta|=2.599e-01 (rtol=0.01 atol=0.001)
  [t=2690s] 45168/61735 (16.8/s)  ok=40349 mism=1099 crash=183 timeout=287 skip=3250  |  inflight=63
  [t=2693s] 45215/61735 (16.8/s)  ok=40389 mism=1099 crash=183 timeout=287 skip=3257  |  inflight=63
  [45219] CRASH    w68:115 fvp_runner rc=5: >> building runner (cache miss): backend=cortex-m target=cortex
  [45220] MISMATCH w68:685 out[0] max|delta|=7.000e+00 (rtol=0.0 atol=0.0)
  [45248] MISMATCH w68:653 out[0] max|delta|=8.000e+00 (rtol=0.0 atol=0.0)
  [t=2696s] 45300/61735 (16.8/s)  ok=40465 mism=1101 crash=184 timeout=288 skip=3262  |  inflight=63
  [45312] MISMATCH w69:123 out[0] max|delta|=2.001e+00 (rtol=0.01 atol=0.001)
  [45323] MISMATCH w68:771 out[0] max|delta|=2.550e+02 (rtol=0.0 atol=0.0)
  [45349] MISMATCH w69:107 out[0] max|delta|=4.700e+01 (rtol=0.0 atol=0.0)
  [t=2700s] 45355/61735 (16.8/s)  ok=40515 mism=1104 crash=184 timeout=288 skip=3264  |  inflight=64
  [45363] MISMATCH w69:137 out[0] max|delta|=1.945e+00 (rtol=0.01 atol=0.001)
  [t=2703s] 45421/61735 (16.8/s)  ok=40573 mism=1105 crash=184 timeout=289 skip=3270  |  inflight=63
  [45455] MISMATCH w69:278 out[0] max|delta|=2.599e-01 (rtol=0.01 atol=0.001)
  [45492] CRASH    w68:202 fvp_runner rc=5: >> building runner (cache miss): backend=cortex-m target=cortex
  [t=2706s] 45492/61735 (16.8/s)  ok=40636 mism=1106 crash=185 timeout=289 skip=3276  |  inflight=64
  [45520] MISMATCH w69:365 out[0] max|delta|=3.733e+00 (rtol=0.01 atol=0.001)
  [45533] MISMATCH w69:383 out[0] max|delta|=2.560e+02 (rtol=0.0 atol=0.0)
  [t=2709s] 45541/61735 (16.8/s)  ok=40679 mism=1108 crash=185 timeout=289 skip=3280  |  inflight=63
  [45554] MISMATCH w69:415 out[0] max|delta|=6.000e+00 (rtol=0.0 atol=0.0)
  [45559] MISMATCH w69:42 out[0] max|delta|=7.206e+16 (rtol=0.0 atol=0.0)
  [45566] MISMATCH w69:428 out[0] max|delta|=2.300e+01 (rtol=0.0 atol=0.0)
  [45582] CRASH    w69:160 fvp_runner rc=5: >> building runner (cache miss): backend=cortex-m target=cortex
  [t=2712s] 45611/61735 (16.8/s)  ok=40739 mism=1111 crash=186 timeout=290 skip=3285  |  inflight=63
  [45623] MISMATCH w69:50 out[0] max|delta|=2.599e-01 (rtol=0.01 atol=0.001)
  [t=2715s] 45674/61735 (16.8/s)  ok=40795 mism=1112 crash=186 timeout=290 skip=3291  |  inflight=63
  [45721] CRASH    w69:301 fvp_runner rc=5: >> building runner (cache miss): backend=cortex-m target=cortex
  [t=2718s] 45739/61735 (16.8/s)  ok=40856 mism=1112 crash=187 timeout=291 skip=3293  |  inflight=63
  [45741] MISMATCH w69:650 out[0] max|delta|=1.153e+18 (rtol=0.0 atol=0.0)
  [t=2722s] 45813/61735 (16.8/s)  ok=40922 mism=1113 crash=187 timeout=291 skip=3300  |  inflight=64
  [45832] MISMATCH w69:91 out[0] max|delta|=2.000e+00 (rtol=0.01 atol=0.001)
  [t=2725s] 45862/61735 (16.8/s)  ok=40966 mism=1114 crash=187 timeout=291 skip=3304  |  inflight=63
  [45880] MISMATCH w7:164 out[0] max|delta|=1.058e+00 (rtol=0.01 atol=0.001)
  [45913] MISMATCH w7:211 out[0] max|delta|=2.599e-01 (rtol=0.01 atol=0.001)
  [t=2728s] 45942/61735 (16.8/s)  ok=41037 mism=1116 crash=187 timeout=292 skip=3310  |  inflight=63
  [45998] CRASH    w69:388 fvp_runner rc=5: >> building runner (cache miss): backend=cortex-m target=cortex
  [t=2731s] 46001/61735 (16.8/s)  ok=41091 mism=1116 crash=188 timeout=293 skip=3313  |  inflight=64
  [t=2734s] 46053/61735 (16.8/s)  ok=41135 mism=1116 crash=188 timeout=293 skip=3321  |  inflight=63
  [46069] MISMATCH w7:434 out[0] max|delta|=4.800e+01 (rtol=0.01 atol=0.001)
  [46130] MISMATCH w7:512 out[0] max|delta|=2.717e+00 (rtol=0.01 atol=0.001)
  [t=2737s] 46135/61735 (16.9/s)  ok=41208 mism=1118 crash=188 timeout=294 skip=3327  |  inflight=63
  [46157] MISMATCH w7:544 out[0] max|delta|=3.200e+01 (rtol=0.0 atol=0.0)
  [46180] MISMATCH w7:583 out[0] max|delta|=9.223e+18 (rtol=0.0 atol=0.0)
  [t=2740s] 46190/61735 (16.9/s)  ok=41259 mism=1120 crash=188 timeout=294 skip=3329  |  inflight=63
  [46239] CRASH    w69:73 fvp_runner rc=5: >> building runner (cache miss): backend=cortex-m target=cortex
  [46240] MISMATCH w7:667 out[0] max|delta|=2.599e-01 (rtol=0.01 atol=0.001)
  [t=2743s] 46244/61735 (16.9/s)  ok=41309 mism=1121 crash=189 timeout=295 skip=3330  |  inflight=63
  [46303] MISMATCH w7:754 out[0] max|delta|=3.294e+00 (rtol=0.01 atol=0.001)
  [t=2746s] 46326/61735 (16.9/s)  ok=41384 mism=1122 crash=189 timeout=295 skip=3336  |  inflight=63
  [46329] MISMATCH w7:88 out[0] max|delta|=6.400e+01 (rtol=0.0 atol=0.0)
  [46349] MISMATCH w70:117 out[0] max|delta|=1.441e+17 (rtol=0.0 atol=0.0)
  [46351] MISMATCH w70:120 out[0] max|delta|=4.800e+01 (rtol=0.01 atol=0.001)
  [46354] MISMATCH w70:121 out[0] max|delta|=3.893e+01 (rtol=0.01 atol=0.001)
  [t=2749s] 46378/61735 (16.9/s)  ok=41429 mism=1126 crash=189 timeout=295 skip=3339  |  inflight=63
  [46400] MISMATCH w70:198 out[0] max|delta|=1.161e+00 (rtol=0.01 atol=0.001)
  [46412] MISMATCH w70:212 out[0] max|delta|=2.392e+00 (rtol=0.01 atol=0.001)
  [t=2753s] 46443/61735 (16.9/s)  ok=41485 mism=1128 crash=189 timeout=296 skip=3345  |  inflight=63
  [46449] MISMATCH w70:262 out[0] max|delta|=4.000e+00 (rtol=0.0 atol=0.0)
  [46510] CRASH    w7:321 fvp_runner rc=5: >> building runner (cache miss): backend=cortex-m target=cortex
  [t=2756s] 46514/61735 (16.9/s)  ok=41550 mism=1129 crash=190 timeout=296 skip=3349  |  inflight=63
  [46540] MISMATCH w70:394 out[0] max|delta|=9.995e-01 (rtol=0.01 atol=0.001)
  [t=2759s] 46564/61735 (16.9/s)  ok=41591 mism=1130 crash=190 timeout=297 skip=3356  |  inflight=63
  [46575] MISMATCH w70:440 out[0] max|delta|=3.733e+00 (rtol=0.01 atol=0.001)
  [46610] MISMATCH w70:503 out[0] max|delta|=6.400e+01 (rtol=0.0 atol=0.0)
  [46627] MISMATCH w70:519 out[0] max|delta|=8.000e+00 (rtol=0.0 atol=0.0)
  [t=2762s] 46648/61735 (16.9/s)  ok=41663 mism=1133 crash=190 timeout=297 skip=3365  |  inflight=63
  [46656] MISMATCH w70:573 out[0] max|delta|=5.765e+17 (rtol=0.0 atol=0.0)
  [46660] MISMATCH w70:576 out[0] max|delta|=4.800e+01 (rtol=0.01 atol=0.001)
  [46689] MISMATCH w70:622 out[0] max|delta|=4.000e+00 (rtol=0.0 atol=0.0)
  [t=2765s] 46698/61735 (16.9/s)  ok=41709 mism=1136 crash=190 timeout=297 skip=3366  |  inflight=64
  [46715] MISMATCH w70:654 out[0] max|delta|=1.111e+00 (rtol=0.01 atol=0.001)
  [46741] MISMATCH w70:686 out[0] max|delta|=6.400e+01 (rtol=0.0 atol=0.0)
  [46746] CRASH    w7:93 fvp_runner rc=5: >> building runner (cache miss): backend=cortex-m target=cortex
  [t=2768s] 46763/61735 (16.9/s)  ok=41764 mism=1138 crash=191 timeout=298 skip=3372  |  inflight=63
  [t=2771s] 46836/61735 (16.9/s)  ok=41834 mism=1138 crash=191 timeout=298 skip=3375  |  inflight=64
  [46861] MISMATCH w71:156 out[0] max|delta|=1.163e+00 (rtol=0.01 atol=0.001)
  [46872] MISMATCH w71:170 out[0] max|delta|=3.765e+00 (rtol=0.01 atol=0.001)
  [t=2774s] 46889/61735 (16.9/s)  ok=41881 mism=1140 crash=191 timeout=299 skip=3378  |  inflight=63
  [46948] MISMATCH w71:289 out[0] max|delta|=9.882e-01 (rtol=0.01 atol=0.001)
  [t=2777s] 46965/61735 (16.9/s)  ok=41950 mism=1141 crash=191 timeout=299 skip=3384  |  inflight=63
  [47019] CRASH    w70:235 fvp_runner rc=5: >> building runner (cache miss): backend=cortex-m target=cortex
  [t=2780s] 47021/61735 (16.9/s)  ok=41999 mism=1141 crash=192 timeout=300 skip=3389  |  inflight=64
  [47069] MISMATCH w71:466 out[0] max|delta|=1.000e+00 (rtol=0.0 atol=0.0)
  [47091] MISMATCH w71:5 out[0] max|delta|=7.670e+02 (rtol=0.0 atol=0.0)
  [t=2783s] 47097/61735 (16.9/s)  ok=42071 mism=1143 crash=192 timeout=300 skip=3391  |  inflight=63
  [47110] MISMATCH w71:534 out[0] max|delta|=4.800e+01 (rtol=0.01 atol=0.001)
  [47112] MISMATCH w71:539 out[0] max|delta|=2.599e-01 (rtol=0.01 atol=0.001)
  [t=2787s] 47157/61735 (16.9/s)  ok=42125 mism=1145 crash=192 timeout=301 skip=3394  |  inflight=64
  [47180] MISMATCH w71:626 out[0] max|delta|=1.471e+00 (rtol=0.01 atol=0.001)
  [t=2790s] 47208/61735 (16.9/s)  ok=42173 mism=1146 crash=192 timeout=301 skip=3396  |  inflight=63
  [47220] MISMATCH w71:683 out[0] max|delta|=2.306e+18 (rtol=0.0 atol=0.0)
  [47246] CRASH    w71:421 fvp_runner rc=5: >> building runner (cache miss): backend=cortex-m target=cortex
  [47247] CRASH    w71:106 fvp_runner rc=5: >> building runner (cache miss): backend=cortex-m target=cortex
  [47273] MISMATCH w71:762 out[0] max|delta|=4.800e+01 (rtol=0.01 atol=0.001)
  [47277] MISMATCH w71:767 out[0] max|delta|=2.599e-01 (rtol=0.01 atol=0.001)
  [t=2793s] 47288/61735 (16.9/s)  ok=42242 mism=1149 crash=194 timeout=301 skip=3402  |  inflight=63
  [47289] MISMATCH w71:78 out[0] max|delta|=9.223e+18 (rtol=0.0 atol=0.0)
  [47291] MISMATCH w71:83 out[0] max|delta|=2.599e-01 (rtol=0.01 atol=0.001)
  [47293] MISMATCH w72:132 out[0] max|delta|=4.980e-01 (rtol=0.01 atol=0.001)
  [t=2796s] 47338/61735 (16.9/s)  ok=42284 mism=1152 crash=194 timeout=302 skip=3406  |  inflight=63
  [47346] MISMATCH w72:150 out[0] max|delta|=2.560e+02 (rtol=0.0 atol=0.0)
  [47364] MISMATCH w72:182 out[0] max|delta|=8.000e+00 (rtol=0.0 atol=0.0)
  [47402] MISMATCH w72:244 out[0] max|delta|=1.658e+00 (rtol=0.01 atol=0.001)
  [t=2799s] 47405/61735 (16.9/s)  ok=42344 mism=1155 crash=194 timeout=302 skip=3410  |  inflight=63
  [t=2802s] 47474/61735 (16.9/s)  ok=42406 mism=1155 crash=194 timeout=302 skip=3417  |  inflight=63
  [47494] MISMATCH w72:40 out[0] max|delta|=4.800e+01 (rtol=0.01 atol=0.001)
  [47499] MISMATCH w72:360 out[0] max|delta|=2.871e+00 (rtol=0.01 atol=0.001)
  [47516] CRASH    w71:334 fvp_runner rc=5: >> building runner (cache miss): backend=cortex-m target=cortex
  [t=2805s] 47524/61735 (16.9/s)  ok=42451 mism=1157 crash=195 timeout=303 skip=3418  |  inflight=63
  [47547] MISMATCH w72:439 out[0] max|delta|=5.000e+00 (rtol=0.0 atol=0.0)
  [47551] MISMATCH w72:45 out[0] max|delta|=2.599e-01 (rtol=0.01 atol=0.001)
  [47589] MISMATCH w72:496 out[0] max|delta|=2.306e+18 (rtol=0.0 atol=0.0)
  [t=2808s] 47601/61735 (17.0/s)  ok=42521 mism=1160 crash=195 timeout=303 skip=3422  |  inflight=63
  [47647] MISMATCH w72:588 out[0] max|delta|=3.733e+00 (rtol=0.01 atol=0.001)
  [t=2811s] 47663/61735 (17.0/s)  ok=42574 mism=1161 crash=195 timeout=303 skip=3430  |  inflight=64
  [t=2814s] 47719/61735 (17.0/s)  ok=42624 mism=1161 crash=195 timeout=304 skip=3435  |  inflight=63
  [47734] MISMATCH w72:729 out[0] max|delta|=2.599e-01 (rtol=0.01 atol=0.001)
  [47756] CRASH    w71:649 fvp_runner rc=5: >> building runner (cache miss): backend=cortex-m target=cortex
  [t=2817s] 47800/61735 (17.0/s)  ok=42697 mism=1162 crash=196 timeout=304 skip=3441  |  inflight=63
  [47827] MISMATCH w73:142 out[0] max|delta|=1.000e+00 (rtol=0.0 atol=0.0)
  [47828] MISMATCH w73:147 out[0] max|delta|=2.599e-01 (rtol=0.01 atol=0.001)
  [t=2821s] 47850/61735 (17.0/s)  ok=42740 mism=1164 crash=196 timeout=305 skip=3445  |  inflight=63
  [47851] MISMATCH w73:188 out[0] max|delta|=9.995e-01 (rtol=0.01 atol=0.001)
  [47871] MISMATCH w73:220 out[0] max|delta|=1.249e+00 (rtol=0.01 atol=0.001)
  [47892] MISMATCH w73:252 out[0] max|delta|=6.400e+01 (rtol=0.0 atol=0.0)
  [t=2824s] 47918/61735 (17.0/s)  ok=42801 mism=1167 crash=196 timeout=305 skip=3449  |  inflight=63
  [t=2827s] 47981/61735 (17.0/s)  ok=42860 mism=1167 crash=196 timeout=306 skip=3452  |  inflight=63
  [47995] MISMATCH w73:402 out[0] max|delta|=1.280e+02 (rtol=0.01 atol=0.001)
  [48016] CRASH    w72:68 fvp_runner rc=5: >> building runner (cache miss): backend=cortex-m target=cortex
  [48031] MISMATCH w73:525 out[0] max|delta|=9.500e+01 (rtol=0.0 atol=0.0)
  [t=2830s] 48031/61735 (17.0/s)  ok=42902 mism=1169 crash=197 timeout=306 skip=3457  |  inflight=63
  [t=2833s] 48114/61735 (17.0/s)  ok=42980 mism=1169 crash=197 timeout=306 skip=3462  |  inflight=63
  [48120] MISMATCH w73:598 out[0] max|delta|=4.800e+01 (rtol=0.01 atol=0.001)
  [48148] MISMATCH w73:644 out[0] max|delta|=3.000e+00 (rtol=0.01 atol=0.001)
  [48149] MISMATCH w73:645 out[0] max|delta|=4.000e+00 (rtol=0.0 atol=0.0)
  [t=2836s] 48168/61735 (17.0/s)  ok=43023 mism=1172 crash=197 timeout=307 skip=3469  |  inflight=64
  [48175] MISMATCH w73:690 out[0] max|delta|=9.804e-01 (rtol=0.01 atol=0.001)
  [t=2839s] 48223/61735 (17.0/s)  ok=43070 mism=1173 crash=197 timeout=307 skip=3476  |  inflight=63
  [48260] CRASH    w73:257 fvp_runner rc=5: >> building runner (cache miss): backend=cortex-m target=cortex
  [48293] MISMATCH w74:170 out[0] max|delta|=2.599e-01 (rtol=0.01 atol=0.001)
  [t=2843s] 48305/61735 (17.0/s)  ok=43143 mism=1174 crash=198 timeout=307 skip=3483  |  inflight=64
  [t=2846s] 48353/61735 (17.0/s)  ok=43188 mism=1174 crash=198 timeout=307 skip=3486  |  inflight=63
  [48395] MISMATCH w74:314 out[0] max|delta|=1.153e+18 (rtol=0.0 atol=0.0)
  [48413] MISMATCH w74:336 out[0] max|delta|=7.000e+00 (rtol=0.0 atol=0.0)
  [t=2849s] 48427/61735 (17.0/s)  ok=43253 mism=1176 crash=198 timeout=308 skip=3492  |  inflight=63
  [48455] MISMATCH w74:393 out[0] max|delta|=4.800e+01 (rtol=0.01 atol=0.001)
  [48458] MISMATCH w74:398 out[0] max|delta|=2.599e-01 (rtol=0.01 atol=0.001)
  [t=2852s] 48480/61735 (17.0/s)  ok=43299 mism=1178 crash=198 timeout=308 skip=3497  |  inflight=64
  [48485] MISMATCH w74:485 out[0] max|delta|=3.294e+00 (rtol=0.01 atol=0.001)
  [48499] MISMATCH w74:455 out[0] max|delta|=2.300e+01 (rtol=0.0 atol=0.0)
  [48507] CRASH    w73:713 fvp_runner rc=5: >> building runner (cache miss): backend=cortex-m target=cortex
  [t=2855s] 48548/61735 (17.0/s)  ok=43360 mism=1180 crash=199 timeout=308 skip=3501  |  inflight=63
  [48576] MISMATCH w74:622 out[0] max|delta|=4.966e+03 (rtol=0.01 atol=0.001)
  [48600] MISMATCH w74:604 out[0] max|delta|=4.035e+00 (rtol=0.01 atol=0.001)
  [t=2858s] 48612/61735 (17.0/s)  ok=43418 mism=1182 crash=199 timeout=309 skip=3504  |  inflight=64
  [48639] MISMATCH w74:667 out[0] max|delta|=4.000e+00 (rtol=0.0 atol=0.0)
  [48651] MISMATCH w74:683 out[0] max|delta|=2.300e+01 (rtol=0.0 atol=0.0)
  [t=2861s] 48664/61735 (17.0/s)  ok=43460 mism=1184 crash=199 timeout=310 skip=3511  |  inflight=63
  [48683] MISMATCH w74:732 out[0] max|delta|=1.990e+02 (rtol=0.01 atol=0.001)
  [t=2864s] 48733/61735 (17.0/s)  ok=43524 mism=1185 crash=199 timeout=311 skip=3514  |  inflight=63
  [48734] MISMATCH w75:113 out[0] max|delta|=1.999e+00 (rtol=0.01 atol=0.001)
  [48753] CRASH    w74:280 fvp_runner rc=5: >> building runner (cache miss): backend=cortex-m target=cortex
  [48754] MISMATCH w75:133 out[0] max|delta|=8.000e+00 (rtol=0.0 atol=0.0)
  [t=2868s] 48801/61735 (17.0/s)  ok=43585 mism=1187 crash=200 timeout=311 skip=3518  |  inflight=64
  [48820] MISMATCH w75:224 out[0] max|delta|=2.599e-01 (rtol=0.01 atol=0.001)
  [48846] MISMATCH w75:265 out[0] max|delta|=4.000e+00 (rtol=0.0 atol=0.0)
  [t=2871s] 48864/61735 (17.0/s)  ok=43638 mism=1189 crash=200 timeout=312 skip=3525  |  inflight=63
  [t=2874s] 48941/61735 (17.0/s)  ok=43709 mism=1189 crash=200 timeout=312 skip=3531  |  inflight=63
  [t=2877s] 48992/61735 (17.0/s)  ok=43756 mism=1189 crash=200 timeout=313 skip=3534  |  inflight=63
  [49051] MISMATCH w75:557 out[0] max|delta|=2.000e+00 (rtol=0.0 atol=0.0)
  [49070] MISMATCH w75:589 out[0] max|delta|=4.000e+00 (rtol=0.0 atol=0.0)
  [t=2880s] 49080/61735 (17.0/s)  ok=43835 mism=1191 crash=200 timeout=313 skip=3541  |  inflight=63
  [49118] MISMATCH w75:675 out[0] max|delta|=4.800e+01 (rtol=0.01 atol=0.001)
  [t=2883s] 49132/61735 (17.0/s)  ok=43883 mism=1192 crash=200 timeout=313 skip=3544  |  inflight=64
  [49195] MISMATCH w75:83 out[0] max|delta|=9.804e-01 (rtol=0.01 atol=0.001)
  [t=2886s] 49207/61735 (17.0/s)  ok=43948 mism=1193 crash=200 timeout=314 skip=3552  |  inflight=63
  [49239] MISMATCH w76:152 out[0] max|delta|=2.000e+00 (rtol=0.0 atol=0.0)
  [t=2889s] 49271/61735 (17.1/s)  ok=44008 mism=1194 crash=200 timeout=314 skip=3555  |  inflight=64
  [49274] MISMATCH w76:209 out[0] max|delta|=2.306e+18 (rtol=0.0 atol=0.0)
  [49278] MISMATCH w76:214 out[0] max|delta|=2.599e-01 (rtol=0.01 atol=0.001)
  [49311] MISMATCH w76:255 out[0] max|delta|=4.000e+00 (rtol=0.0 atol=0.0)
  [t=2892s] 49329/61735 (17.1/s)  ok=44056 mism=1197 crash=200 timeout=315 skip=3561  |  inflight=63
  [49363] MISMATCH w76:319 out[0] max|delta|=1.280e+02 (rtol=0.0 atol=0.0)
  [t=2895s] 49402/61735 (17.1/s)  ok=44121 mism=1198 crash=200 timeout=315 skip=3568  |  inflight=63
  [t=2899s] 49461/61735 (17.1/s)  ok=44175 mism=1198 crash=200 timeout=316 skip=3572  |  inflight=64
  [49511] MISMATCH w76:529 out[0] max|delta|=3.322e+00 (rtol=0.01 atol=0.001)
  [49516] MISMATCH w76:586 out[0] max|delta|=1.441e+17 (rtol=0.0 atol=0.0)
  [49529] MISMATCH w76:547 out[0] max|delta|=3.200e+01 (rtol=0.0 atol=0.0)
  [t=2902s] 49532/61735 (17.1/s)  ok=44237 mism=1201 crash=200 timeout=316 skip=3578  |  inflight=63
  [t=2905s] 49598/61735 (17.1/s)  ok=44299 mism=1201 crash=200 timeout=316 skip=3582  |  inflight=64
  [t=2908s] 49647/61735 (17.1/s)  ok=44342 mism=1201 crash=200 timeout=317 skip=3587  |  inflight=63
  [49650] MISMATCH w76:743 out[0] max|delta|=1.645e+00 (rtol=0.01 atol=0.001)
  [49687] CRASH    w76:465 fvp_runner rc=5: >> building runner (cache miss): backend=cortex-m target=cortex
  [49690] MISMATCH w76:91 out[0] max|delta|=2.000e+00 (rtol=0.0 atol=0.0)
  [t=2911s] 49715/61735 (17.1/s)  ok=44404 mism=1203 crash=201 timeout=317 skip=3590  |  inflight=63
  [49727] MISMATCH w77:156 out[0] max|delta|=1.153e+18 (rtol=0.0 atol=0.0)
  [t=2914s] 49773/61735 (17.1/s)  ok=44457 mism=1204 crash=201 timeout=318 skip=3593  |  inflight=64
  [49793] MISMATCH w77:240 out[0] max|delta|=2.599e-01 (rtol=0.01 atol=0.001)
  [t=2917s] 49822/61735 (17.1/s)  ok=44500 mism=1205 crash=201 timeout=318 skip=3598  |  inflight=63
  [49859] MISMATCH w77:345 out[0] max|delta|=3.200e+01 (rtol=0.0 atol=0.0)
  [t=2920s] 49889/61735 (17.1/s)  ok=44561 mism=1206 crash=201 timeout=318 skip=3603  |  inflight=63
  [49900] CRASH    w77:122 fvp_runner rc=5: >> building runner (cache miss): backend=cortex-m target=cortex
  [49902] CRASH    w76:780 fvp_runner rc=5: >> building runner (cache miss): backend=cortex-m target=cortex
  [t=2923s] 49944/61735 (17.1/s)  ok=44611 mism=1206 crash=203 timeout=319 skip=3605  |  inflight=64
  [49954] MISMATCH w77:468 out[0] max|delta|=2.599e-01 (rtol=0.01 atol=0.001)
  [50007] MISMATCH w77:54 out[0] max|delta|=4.000e+00 (rtol=0.0 atol=0.0)
  [t=2926s] 50011/61735 (17.1/s)  ok=44670 mism=1208 crash=203 timeout=319 skip=3611  |  inflight=63
  [50017] MISMATCH w77:555 out[0] max|delta|=3.322e+00 (rtol=0.01 atol=0.001)
  [50053] MISMATCH w77:612 out[0] max|delta|=4.612e+18 (rtol=0.0 atol=0.0)
  [t=2929s] 50075/61735 (17.1/s)  ok=44726 mism=1210 crash=203 timeout=320 skip=3616  |  inflight=64
  [50079] MISMATCH w77:655 out[0] max|delta|=3.000e+00 (rtol=0.0 atol=0.0)
  [50105] MISMATCH w77:696 out[0] max|delta|=2.599e-01 (rtol=0.01 atol=0.001)
  [t=2933s] 50123/61735 (17.1/s)  ok=44770 mism=1212 crash=203 timeout=320 skip=3618  |  inflight=63
  [50154] MISMATCH w77:769 out[0] max|delta|=1.592e+00 (rtol=0.01 atol=0.001)
  [50163] CRASH    w76:9 fvp_runner rc=5: >> building runner (cache miss): backend=cortex-m target=cortex
  [t=2936s] 50206/61735 (17.1/s)  ok=44845 mism=1213 crash=204 timeout=321 skip=3623  |  inflight=63
  [t=2939s] 50248/61735 (17.1/s)  ok=44881 mism=1213 crash=204 timeout=321 skip=3629  |  inflight=64
  [50255] MISMATCH w78:226 out[0] max|delta|=3.000e+00 (rtol=0.0 atol=0.0)
  [50284] MISMATCH w78:267 out[0] max|delta|=2.599e-01 (rtol=0.01 atol=0.001)
  [t=2942s] 50310/61735 (17.1/s)  ok=44936 mism=1215 crash=204 timeout=322 skip=3633  |  inflight=63
  [50350] MISMATCH w78:354 out[0] max|delta|=2.847e+00 (rtol=0.01 atol=0.001)
  [50361] MISMATCH w78:372 out[0] max|delta|=2.560e+02 (rtol=0.0 atol=0.0)
  [t=2945s] 50373/61735 (17.1/s)  ok=44993 mism=1217 crash=204 timeout=322 skip=3637  |  inflight=64
  [50384] CRASH    w77:350 fvp_runner rc=5: >> building runner (cache miss): backend=cortex-m target=cortex
  [50416] CRASH    w78:149 fvp_runner rc=5: >> building runner (cache miss): backend=cortex-m target=cortex
  [t=2948s] 50426/61735 (17.1/s)  ok=45041 mism=1217 crash=206 timeout=323 skip=3639  |  inflight=63
  [50446] MISMATCH w78:487 out[0] max|delta|=7.206e+16 (rtol=0.0 atol=0.0)
  [50478] MISMATCH w78:189 out[0] max|delta|=3.200e+01 (rtol=0.0 atol=0.0)
  [t=2951s] 50504/61735 (17.1/s)  ok=45107 mism=1219 crash=206 timeout=323 skip=3649  |  inflight=63
  [50511] MISMATCH w78:600 out[0] max|delta|=3.200e+01 (rtol=0.0 atol=0.0)
  [50539] MISMATCH w78:645 out[0] max|delta|=1.600e+01 (rtol=0.0 atol=0.0)
  [t=2955s] 50552/61735 (17.1/s)  ok=45148 mism=1221 crash=206 timeout=324 skip=3653  |  inflight=63
  [50554] MISMATCH w78:676 out[0] max|delta|=6.452e-01 (rtol=0.01 atol=0.001)
  [50584] MISMATCH w78:723 out[0] max|delta|=2.599e-01 (rtol=0.01 atol=0.001)
  [50608] MISMATCH w78:764 out[0] max|delta|=3.000e+00 (rtol=0.0 atol=0.0)
  [t=2958s] 50613/61735 (17.1/s)  ok=45204 mism=1224 crash=206 timeout=324 skip=3655  |  inflight=63
  [t=2961s] 50683/61735 (17.1/s)  ok=45270 mism=1224 crash=206 timeout=324 skip=3659  |  inflight=63
  [50684] MISMATCH w79:17 out[0] max|delta|=2.599e-01 (rtol=0.01 atol=0.001)
  [50723] MISMATCH w79:223 out[0] max|delta|=2.191e+00 (rtol=0.01 atol=0.001)
  [50730] CRASH    w78:62 fvp_runner rc=5: >> building runner (cache miss): backend=cortex-m target=cortex
  [t=2964s] 50732/61735 (17.1/s)  ok=45312 mism=1226 crash=207 timeout=326 skip=3661  |  inflight=63
  [50741] MISMATCH w79:245 out[0] max|delta|=2.599e-01 (rtol=0.01 atol=0.001)
  [50796] MISMATCH w79:318 out[0] max|delta|=1.745e+00 (rtol=0.01 atol=0.001)
  [50806] MISMATCH w79:332 out[0] max|delta|=3.294e+00 (rtol=0.01 atol=0.001)
  [t=2967s] 50817/61735 (17.1/s)  ok=45383 mism=1229 crash=207 timeout=326 skip=3672  |  inflight=63
  [50869] MISMATCH w79:444 out[0] max|delta|=1.658e+00 (rtol=0.01 atol=0.001)
  [t=2970s] 50869/61735 (17.1/s)  ok=45429 mism=1230 crash=207 timeout=326 skip=3677  |  inflight=64
  [50918] MISMATCH w79:560 out[0] max|delta|=1.929e+00 (rtol=0.01 atol=0.001)
  [50929] MISMATCH w79:514 out[0] max|delta|=3.000e+00 (rtol=0.01 atol=0.001)
  [50930] MISMATCH w79:515 out[0] max|delta|=4.000e+00 (rtol=0.0 atol=0.0)
  [t=2973s] 50931/61735 (17.1/s)  ok=45483 mism=1233 crash=207 timeout=327 skip=3681  |  inflight=63
  [50953] MISMATCH w79:546 out[0] max|delta|=1.163e+00 (rtol=0.01 atol=0.001)
  [50984] MISMATCH w79:639 out[0] max|delta|=8.000e+00 (rtol=0.0 atol=0.0)
  [50989] MISMATCH w79:610 out[0] max|delta|=5.000e+00 (rtol=0.0 atol=0.0)
  [t=2976s] 51014/61735 (17.1/s)  ok=45555 mism=1236 crash=207 timeout=327 skip=3689  |  inflight=63
  [t=2979s] 51063/61735 (17.1/s)  ok=45599 mism=1236 crash=207 timeout=328 skip=3693  |  inflight=63
  [51081] MISMATCH w79:74 out[0] max|delta|=4.700e+01 (rtol=0.0 atol=0.0)
  [51108] MISMATCH w79:774 out[0] max|delta|=1.592e+00 (rtol=0.01 atol=0.001)
  [t=2982s] 51122/61735 (17.1/s)  ok=45651 mism=1238 crash=207 timeout=328 skip=3698  |  inflight=63
  [51123] MISMATCH w79:90 out[0] max|delta|=1.594e+00 (rtol=0.01 atol=0.001)
  [51173] MISMATCH w8:153 out[0] max|delta|=3.200e+01 (rtol=0.0 atol=0.0)
  [51193] MISMATCH w8:185 out[0] max|delta|=3.000e+00 (rtol=0.0 atol=0.0)
  [t=2986s] 51195/61735 (17.1/s)  ok=45717 mism=1241 crash=207 timeout=328 skip=3702  |  inflight=64
  [51232] MISMATCH w8:235 out[0] max|delta|=1.000e+00 (rtol=0.0 atol=0.0)
  [t=2989s] 51248/61735 (17.1/s)  ok=45765 mism=1242 crash=207 timeout=329 skip=3705  |  inflight=63
  [51263] MISMATCH w8:276 out[0] max|delta|=2.599e-01 (rtol=0.01 atol=0.001)
  [51282] CRASH    w79:724 fvp_runner rc=5: >> building runner (cache miss): backend=cortex-m target=cortex
  [t=2992s] 51318/61735 (17.2/s)  ok=45827 mism=1243 crash=208 timeout=329 skip=3711  |  inflight=63
  [51330] MISMATCH w8:381 out[0] max|delta|=4.000e+00 (rtol=0.0 atol=0.0)
  [51363] MISMATCH w8:43 out[0] max|delta|=4.800e+01 (rtol=0.01 atol=0.001)
  [t=2995s] 51368/61735 (17.2/s)  ok=45872 mism=1245 crash=208 timeout=329 skip=3714  |  inflight=64
  [51369] CRASH    w8:158 fvp_runner rc=5: >> building runner (cache miss): backend=cortex-m target=cortex
  [51375] MISMATCH w8:442 out[0] max|delta|=5.000e+00 (rtol=0.0 atol=0.0)
  [51385] MISMATCH w8:499 out[0] max|delta|=2.550e+02 (rtol=0.0 atol=0.0)
  [51403] MISMATCH w8:475 out[0] max|delta|=1.658e+00 (rtol=0.01 atol=0.001)
  [t=2998s] 51429/61735 (17.2/s)  ok=45925 mism=1248 crash=209 timeout=330 skip=3717  |  inflight=63
  [t=3001s] 51500/61735 (17.2/s)  ok=45987 mism=1248 crash=209 timeout=330 skip=3726  |  inflight=63
  [51507] CRASH    w8:299 fvp_runner rc=5: >> building runner (cache miss): backend=cortex-m target=cortex
  [t=3004s] 51551/61735 (17.2/s)  ok=46034 mism=1248 crash=210 timeout=332 skip=3727  |  inflight=64
  [51591] MISMATCH w8:89 out[0] max|delta|=2.000e+00 (rtol=0.01 atol=0.001)
  [t=3007s] 51628/61735 (17.2/s)  ok=46101 mism=1249 crash=210 timeout=332 skip=3736  |  inflight=63
  [51668] MISMATCH w80:193 out[0] max|delta|=8.000e+00 (rtol=0.0 atol=0.0)
  [51676] MISMATCH w80:200 out[0] max|delta|=5.765e+17 (rtol=0.0 atol=0.0)
  [t=3010s] 51688/61735 (17.2/s)  ok=46158 mism=1251 crash=210 timeout=333 skip=3736  |  inflight=63
  [51736] MISMATCH w80:279 out[0] max|delta|=2.306e+18 (rtol=0.0 atol=0.0)
  [t=3013s] 51737/61735 (17.2/s)  ok=46202 mism=1252 crash=210 timeout=333 skip=3740  |  inflight=63
  [51739] MISMATCH w80:284 out[0] max|delta|=2.599e-01 (rtol=0.01 atol=0.001)
  [51769] MISMATCH w80:325 out[0] max|delta|=3.000e+00 (rtol=0.0 atol=0.0)
  [51772] CRASH    w8:71 fvp_runner rc=5: >> building runner (cache miss): backend=cortex-m target=cortex
  [51779] MISMATCH w80:339 out[0] max|delta|=3.777e+00 (rtol=0.01 atol=0.001)
  [51798] MISMATCH w80:371 out[0] max|delta|=2.412e+00 (rtol=0.01 atol=0.001)
  [t=3017s] 51818/61735 (17.2/s)  ok=46270 mism=1256 crash=211 timeout=333 skip=3748  |  inflight=63
  [t=3020s] 51871/61735 (17.2/s)  ok=46322 mism=1256 crash=211 timeout=334 skip=3748  |  inflight=64
  [51890] MISMATCH w80:504 out[0] max|delta|=7.206e+16 (rtol=0.0 atol=0.0)
  [51898] MISMATCH w80:512 out[0] max|delta|=2.599e-01 (rtol=0.01 atol=0.001)
  [t=3023s] 51946/61735 (17.2/s)  ok=46390 mism=1258 crash=211 timeout=334 skip=3753  |  inflight=63
  [51968] MISMATCH w80:621 out[0] max|delta|=2.000e+00 (rtol=0.01 atol=0.001)
  [51983] MISMATCH w80:649 out[0] max|delta|=7.000e+00 (rtol=0.0 atol=0.0)
  [52011] CRASH    w80:307 fvp_runner rc=5: >> building runner (cache miss): backend=cortex-m target=cortex
  [t=3026s] 52011/61735 (17.2/s)  ok=46446 mism=1260 crash=212 timeout=336 skip=3757  |  inflight=63
  [52029] MISMATCH w80:699 out[0] max|delta|=2.000e+00 (rtol=0.0 atol=0.0)
  [52056] MISMATCH w80:735 out[0] max|delta|=1.000e+00 (rtol=0.0 atol=0.0)
  [t=3029s] 52067/61735 (17.2/s)  ok=46497 mism=1262 crash=212 timeout=336 skip=3760  |  inflight=63
  [52092] MISMATCH w81:103 out[0] max|delta|=7.484e-01 (rtol=0.01 atol=0.001)
  [t=3032s] 52150/61735 (17.2/s)  ok=46571 mism=1263 crash=212 timeout=336 skip=3768  |  inflight=63
  [52189] MISMATCH w81:25 out[0] max|delta|=2.306e+18 (rtol=0.0 atol=0.0)
  [52197] MISMATCH w81:26 out[0] max|delta|=1.991e+02 (rtol=0.01 atol=0.001)
  [t=3036s] 52198/61735 (17.2/s)  ok=46614 mism=1265 crash=212 timeout=337 skip=3770  |  inflight=64
  [52227] MISMATCH w81:30 out[0] max|delta|=2.599e-01 (rtol=0.01 atol=0.001)
  [t=3039s] 52263/61735 (17.2/s)  ok=46675 mism=1266 crash=212 timeout=337 skip=3773  |  inflight=63
  [52264] MISMATCH w81:345 out[0] max|delta|=3.765e+00 (rtol=0.01 atol=0.001)
  [52292] CRASH    w80:763 fvp_runner rc=5: >> building runner (cache miss): backend=cortex-m target=cortex
  [t=3042s] 52339/61735 (17.2/s)  ok=46746 mism=1267 crash=213 timeout=337 skip=3776  |  inflight=64
  [52352] MISMATCH w81:486 out[0] max|delta|=2.599e-01 (rtol=0.01 atol=0.001)
  [t=3045s] 52393/61735 (17.2/s)  ok=46795 mism=1268 crash=213 timeout=338 skip=3779  |  inflight=63
  [52409] MISMATCH w81:559 out[0] max|delta|=1.249e+00 (rtol=0.01 atol=0.001)
  [t=3048s] 52469/61735 (17.2/s)  ok=46863 mism=1269 crash=213 timeout=338 skip=3786  |  inflight=63
  [52506] MISMATCH w81:714 out[0] max|delta|=2.599e-01 (rtol=0.01 atol=0.001)
  [t=3051s] 52527/61735 (17.2/s)  ok=46916 mism=1270 crash=213 timeout=339 skip=3789  |  inflight=63
  [t=3054s] 52581/61735 (17.2/s)  ok=46965 mism=1270 crash=213 timeout=341 skip=3792  |  inflight=63
  [52584] MISMATCH w82:113 out[0] max|delta|=7.670e+02 (rtol=0.0 atol=0.0)
  [52630] CRASH    w81:596 fvp_runner rc=5: >> building runner (cache miss): backend=cortex-m target=cortex
  [t=3057s] 52659/61735 (17.2/s)  ok=47035 mism=1271 crash=214 timeout=341 skip=3798  |  inflight=63
  [52661] MISMATCH w82:214 out[0] max|delta|=2.229e+00 (rtol=0.01 atol=0.001)
  [52675] MISMATCH w82:236 out[0] max|delta|=2.599e-01 (rtol=0.01 atol=0.001)
  [t=3061s] 52726/61735 (17.2/s)  ok=47093 mism=1273 crash=214 timeout=341 skip=3805  |  inflight=64
  [t=3064s] 52799/61735 (17.2/s)  ok=47160 mism=1273 crash=214 timeout=342 skip=3810  |  inflight=63
  [t=3067s] 52873/61735 (17.2/s)  ok=47230 mism=1273 crash=214 timeout=342 skip=3814  |  inflight=63
  [52888] MISMATCH w82:551 out[0] max|delta|=2.412e+00 (rtol=0.01 atol=0.001)
  [52920] MISMATCH w82:601 out[0] max|delta|=6.000e+00 (rtol=0.0 atol=0.0)
  [t=3070s] 52925/61735 (17.2/s)  ok=47276 mism=1275 crash=214 timeout=343 skip=3817  |  inflight=63
  [52955] MISMATCH w82:65 out[0] max|delta|=2.300e+01 (rtol=0.0 atol=0.0)
  [52973] MISMATCH w82:687 out[0] max|delta|=2.306e+18 (rtol=0.0 atol=0.0)
  [52974] MISMATCH w82:692 out[0] max|delta|=2.599e-01 (rtol=0.01 atol=0.001)
  [t=3073s] 53004/61735 (17.2/s)  ok=47345 mism=1278 crash=214 timeout=343 skip=3824  |  inflight=63
  [53026] MISMATCH w82:765 out[0] max|delta|=1.900e+00 (rtol=0.01 atol=0.001)
  [53039] MISMATCH w82:8 out[0] max|delta|=2.599e-01 (rtol=0.01 atol=0.001)
  [53050] MISMATCH w82:95 out[0] max|delta|=3.765e+00 (rtol=0.01 atol=0.001)
  [t=3076s] 53069/61735 (17.3/s)  ok=47403 mism=1281 crash=214 timeout=343 skip=3828  |  inflight=64
  [53071] MISMATCH w83:15 out[0] max|delta|=4.000e+00 (rtol=0.0 atol=0.0)
  [53072] CRASH    w82:487 fvp_runner rc=5: >> building runner (cache miss): backend=cortex-m target=cortex
  [53126] MISMATCH w83:197 out[0] max|delta|=4.800e+01 (rtol=0.01 atol=0.001)
  [t=3079s] 53128/61735 (17.3/s)  ok=47454 mism=1283 crash=215 timeout=343 skip=3833  |  inflight=63
  [53129] MISMATCH w83:202 out[0] max|delta|=2.599e-01 (rtol=0.01 atol=0.001)
  [53157] MISMATCH w83:243 out[0] max|delta|=4.000e+00 (rtol=0.0 atol=0.0)
  [53207] CRASH    w79:326 fvp_runner rc=5: >> building runner (cache miss): backend=cortex-m target=cortex
  [t=3082s] 53208/61735 (17.3/s)  ok=47527 mism=1285 crash=216 timeout=343 skip=3837  |  inflight=63
  [53210] MISMATCH w83:307 out[0] max|delta|=6.400e+01 (rtol=0.0 atol=0.0)
  [t=3086s] 53266/61735 (17.3/s)  ok=47579 mism=1286 crash=216 timeout=343 skip=3842  |  inflight=64
  [53286] MISMATCH w83:425 out[0] max|delta|=4.800e+01 (rtol=0.01 atol=0.001)
  [t=3089s] 53353/61735 (17.3/s)  ok=47658 mism=1287 crash=216 timeout=343 skip=3849  |  inflight=63
  [53386] MISMATCH w83:585 out[0] max|delta|=1.000e+00 (rtol=0.0 atol=0.0)
  [53402] MISMATCH w83:61 out[0] max|delta|=3.765e+00 (rtol=0.01 atol=0.001)
  [t=3092s] 53405/61735 (17.3/s)  ok=47704 mism=1289 crash=216 timeout=344 skip=3852  |  inflight=64
  [53427] MISMATCH w83:653 out[0] max|delta|=2.306e+18 (rtol=0.0 atol=0.0)
  [t=3095s] 53452/61735 (17.3/s)  ok=47745 mism=1290 crash=216 timeout=344 skip=3857  |  inflight=63
  [53496] CRASH    w83:453 fvp_runner rc=5: >> building runner (cache miss): backend=cortex-m target=cortex
  [t=3098s] 53534/61735 (17.3/s)  ok=47820 mism=1290 crash=217 timeout=344 skip=3863  |  inflight=63
  [t=3101s] 53586/61735 (17.3/s)  ok=47865 mism=1290 crash=217 timeout=346 skip=3868  |  inflight=64
  [53602] MISMATCH w84:212 out[0] max|delta|=8.000e+00 (rtol=0.0 atol=0.0)
  [53610] MISMATCH w84:219 out[0] max|delta|=2.882e+17 (rtol=0.0 atol=0.0)
  [53614] MISMATCH w84:225 out[0] max|delta|=1.100e+01 (rtol=0.0 atol=0.0)
  [53656] MISMATCH w84:298 out[0] max|delta|=4.800e+01 (rtol=0.01 atol=0.001)
  [t=3104s] 53656/61735 (17.3/s)  ok=47927 mism=1294 crash=217 timeout=346 skip=3872  |  inflight=63
  [53661] MISMATCH w84:303 out[0] max|delta|=2.599e-01 (rtol=0.01 atol=0.001)
  [t=3108s] 53718/61735 (17.3/s)  ok=47984 mism=1295 crash=217 timeout=346 skip=3876  |  inflight=64
  [53729] CRASH    w83:681 fvp_runner rc=5: >> building runner (cache miss): backend=cortex-m target=cortex
  [53764] CRASH    w84:185 fvp_runner rc=5: >> building runner (cache miss): backend=cortex-m target=cortex
  [t=3111s] 53772/61735 (17.3/s)  ok=48034 mism=1295 crash=219 timeout=347 skip=3877  |  inflight=63
  [53780] MISMATCH w84:469 out[0] max|delta|=5.000e+00 (rtol=0.01 atol=0.001)
  [53805] MISMATCH w84:509 out[0] max|delta|=7.387e-01 (rtol=0.01 atol=0.001)
  [53847] MISMATCH w84:572 out[0] max|delta|=3.000e+00 (rtol=0.01 atol=0.001)
  [t=3114s] 53852/61735 (17.3/s)  ok=48106 mism=1298 crash=219 timeout=347 skip=3882  |  inflight=63
  [53871] MISMATCH w84:618 out[0] max|delta|=2.392e+00 (rtol=0.01 atol=0.001)
  [t=3117s] 53900/61735 (17.3/s)  ok=48151 mism=1299 crash=219 timeout=347 skip=3884  |  inflight=63
  [53960] MISMATCH w84:75 out[0] max|delta|=2.599e-01 (rtol=0.01 atol=0.001)
  [t=3120s] 53967/61735 (17.3/s)  ok=48213 mism=1300 crash=219 timeout=348 skip=3887  |  inflight=63
  [53991] CRASH    w84:326 fvp_runner rc=5: >> building runner (cache miss): backend=cortex-m target=cortex
  [t=3123s] 54037/61735 (17.3/s)  ok=48274 mism=1300 crash=220 timeout=348 skip=3895  |  inflight=64
  [54045] MISMATCH w85:172 out[0] max|delta|=2.306e+18 (rtol=0.0 atol=0.0)
  [54081] MISMATCH w85:218 out[0] max|delta|=4.000e+00 (rtol=0.0 atol=0.0)
  [t=3126s] 54087/61735 (17.3/s)  ok=48316 mism=1302 crash=220 timeout=349 skip=3900  |  inflight=63
  [54105] MISMATCH w85:250 out[0] max|delta|=1.645e+00 (rtol=0.01 atol=0.001)
  [t=3129s] 54156/61735 (17.3/s)  ok=48381 mism=1303 crash=220 timeout=349 skip=3903  |  inflight=63
  [54186] MISMATCH w85:36 out[0] max|delta|=9.804e-01 (rtol=0.01 atol=0.001)
  [t=3133s] 54218/61735 (17.3/s)  ok=48440 mism=1304 crash=220 timeout=349 skip=3905  |  inflight=63
  [54220] CRASH    w84:641 fvp_runner rc=5: >> building runner (cache miss): backend=cortex-m target=cortex
  [54227] MISMATCH w85:405 out[0] max|delta|=2.599e-01 (rtol=0.01 atol=0.001)
  [54255] MISMATCH w85:447 out[0] max|delta|=4.000e+00 (rtol=0.0 atol=0.0)
  [54267] MISMATCH w85:47 out[0] max|delta|=4.006e+00 (rtol=0.01 atol=0.001)
  [t=3136s] 54288/61735 (17.3/s)  ok=48498 mism=1307 crash=221 timeout=350 skip=3912  |  inflight=63
  [t=3139s] 54353/61735 (17.3/s)  ok=48557 mism=1307 crash=221 timeout=350 skip=3918  |  inflight=63
  [54367] MISMATCH w85:633 out[0] max|delta|=2.599e-01 (rtol=0.01 atol=0.001)
  [t=3142s] 54402/61735 (17.3/s)  ok=48601 mism=1308 crash=221 timeout=351 skip=3921  |  inflight=63
  [54437] MISMATCH w85:720 out[0] max|delta|=4.941e-01 (rtol=0.01 atol=0.001)
  [54466] MISMATCH w85:770 out[0] max|delta|=2.000e+00 (rtol=0.0 atol=0.0)
  [54476] MISMATCH w85:86 out[0] max|delta|=3.000e+00 (rtol=0.0 atol=0.0)
  [54484] CRASH    w85:200 fvp_runner rc=5: >> building runner (cache miss): backend=cortex-m target=cortex
  [t=3145s] 54487/61735 (17.3/s)  ok=48675 mism=1311 crash=222 timeout=351 skip=3928  |  inflight=63
  [54520] MISMATCH w86:151 out[0] max|delta|=7.206e+16 (rtol=0.0 atol=0.0)
  [t=3148s] 54542/61735 (17.3/s)  ok=48726 mism=1312 crash=222 timeout=352 skip=3930  |  inflight=63
  [54546] MISMATCH w86:230 out[0] max|delta|=4.800e+01 (rtol=0.01 atol=0.001)
  [54558] MISMATCH w86:194 out[0] max|delta|=2.000e+00 (rtol=0.0 atol=0.0)
  [t=3151s] 54617/61735 (17.3/s)  ok=48793 mism=1314 crash=222 timeout=352 skip=3936  |  inflight=63
  [54641] MISMATCH w86:322 out[0] max|delta|=2.847e+00 (rtol=0.01 atol=0.001)
  [t=3154s] 54680/61735 (17.3/s)  ok=48847 mism=1315 crash=222 timeout=352 skip=3944  |  inflight=64
  [54740] MISMATCH w86:463 out[0] max|delta|=2.599e-01 (rtol=0.01 atol=0.001)
  [t=3157s] 54748/61735 (17.3/s)  ok=48910 mism=1316 crash=222 timeout=353 skip=3947  |  inflight=63
  [t=3161s] 54816/61735 (17.3/s)  ok=48973 mism=1316 crash=222 timeout=353 skip=3952  |  inflight=63
  [54818] CRASH    w86:30 fvp_runner rc=5: >> building runner (cache miss): backend=cortex-m target=cortex
  [54834] MISMATCH w86:600 out[0] max|delta|=3.000e+00 (rtol=0.0 atol=0.0)
  [54842] MISMATCH w86:607 out[0] max|delta|=1.153e+18 (rtol=0.0 atol=0.0)
  [t=3164s] 54865/61735 (17.3/s)  ok=49016 mism=1318 crash=223 timeout=354 skip=3954  |  inflight=63
  [54898] MISMATCH w86:686 out[0] max|delta|=4.800e+01 (rtol=0.01 atol=0.001)
  [54905] MISMATCH w86:691 out[0] max|delta|=4.487e+00 (rtol=0.01 atol=0.001)
  [54909] MISMATCH w86:7 out[0] max|delta|=2.599e-01 (rtol=0.01 atol=0.001)
  [54935] MISMATCH w86:732 out[0] max|delta|=2.000e+00 (rtol=0.01 atol=0.001)
  [t=3167s] 54946/61735 (17.4/s)  ok=49089 mism=1322 crash=223 timeout=354 skip=3958  |  inflight=63
  [54964] MISMATCH w86:778 out[0] max|delta|=4.941e-01 (rtol=0.01 atol=0.001)
  [t=3170s] 54997/61735 (17.3/s)  ok=49134 mism=1323 crash=223 timeout=354 skip=3963  |  inflight=64
  [55002] CRASH    w86:573 fvp_runner rc=5: >> building runner (cache miss): backend=cortex-m target=cortex
  [55013] MISMATCH w87:143 out[0] max|delta|=2.653e+02 (rtol=0.01 atol=0.001)
  [t=3173s] 55061/61735 (17.4/s)  ok=49191 mism=1324 crash=224 timeout=354 skip=3968  |  inflight=63
  [55083] MISMATCH w87:261 out[0] max|delta|=1.682e+02 (rtol=0.01 atol=0.001)
  [55127] MISMATCH w87:32 out[0] max|delta|=4.800e+01 (rtol=0.01 atol=0.001)
  [t=3176s] 55128/61735 (17.4/s)  ok=49251 mism=1326 crash=224 timeout=354 skip=3973  |  inflight=63
  [55129] CRASH    w86:714 fvp_runner rc=5: >> building runner (cache miss): backend=cortex-m target=cortex
  [55159] MISMATCH w87:352 out[0] max|delta|=2.871e+00 (rtol=0.01 atol=0.001)
  [55171] MISMATCH w87:37 out[0] max|delta|=2.599e-01 (rtol=0.01 atol=0.001)
  [55173] CRASH    w82:317 fvp_runner rc=5: >> building runner (cache miss): backend=cortex-m target=cortex
  [t=3179s] 55181/61735 (17.4/s)  ok=49297 mism=1328 crash=226 timeout=354 skip=3976  |  inflight=63
  [55207] MISMATCH w87:409 out[0] max|delta|=2.306e+18 (rtol=0.0 atol=0.0)
  [55254] MISMATCH w87:488 out[0] max|delta|=4.800e+01 (rtol=0.01 atol=0.001)
  [55259] MISMATCH w87:489 out[0] max|delta|=3.893e+01 (rtol=0.01 atol=0.001)
  [t=3182s] 55267/61735 (17.4/s)  ok=49375 mism=1331 crash=226 timeout=354 skip=3981  |  inflight=63
  [55270] MISMATCH w87:520 out[0] max|delta|=1.280e+02 (rtol=0.01 atol=0.001)
  [55274] MISMATCH w87:580 out[0] max|delta|=2.392e+00 (rtol=0.01 atol=0.001)
  [t=3185s] 55317/61735 (17.4/s)  ok=49415 mism=1333 crash=226 timeout=354 skip=3989  |  inflight=64
  [t=3188s] 55380/61735 (17.4/s)  ok=49473 mism=1333 crash=226 timeout=355 skip=3993  |  inflight=63
  [55398] MISMATCH w87:721 out[0] max|delta|=2.599e-01 (rtol=0.01 atol=0.001)
  [55420] MISMATCH w87:78 out[0] max|delta|=4.000e+00 (rtol=0.0 atol=0.0)
  [55454] MISMATCH w88:118 out[0] max|delta|=2.599e-01 (rtol=0.01 atol=0.001)
  [t=3192s] 55470/61735 (17.4/s)  ok=49554 mism=1336 crash=226 timeout=355 skip=3999  |  inflight=63
  [55526] MISMATCH w88:205 out[0] max|delta|=9.804e-01 (rtol=0.01 atol=0.001)
  [t=3195s] 55526/61735 (17.4/s)  ok=49600 mism=1337 crash=226 timeout=357 skip=4006  |  inflight=64
  [55527] MISMATCH w88:191 out[0] max|delta|=1.594e+00 (rtol=0.01 atol=0.001)
  [55578] MISMATCH w88:338 out[0] max|delta|=5.765e+17 (rtol=0.0 atol=0.0)
  [t=3198s] 55593/61735 (17.4/s)  ok=49663 mism=1339 crash=226 timeout=357 skip=4008  |  inflight=63
  [55624] MISMATCH w88:346 out[0] max|delta|=2.599e-01 (rtol=0.01 atol=0.001)
  [t=3201s] 55661/61735 (17.4/s)  ok=49721 mism=1340 crash=226 timeout=358 skip=4016  |  inflight=63
  [55685] MISMATCH w88:430 out[0] max|delta|=1.000e+00 (rtol=0.01 atol=0.001)
  [t=3204s] 55705/61735 (17.4/s)  ok=49761 mism=1341 crash=226 timeout=358 skip=4019  |  inflight=64
  [55720] MISMATCH w88:490 out[0] max|delta|=2.882e+17 (rtol=0.0 atol=0.0)
  [55749] CRASH    w88:228 fvp_runner rc=5: >> building runner (cache miss): backend=cortex-m target=cortex
  [55779] MISMATCH w88:569 out[0] max|delta|=4.800e+01 (rtol=0.01 atol=0.001)
  [t=3207s] 55779/61735 (17.4/s)  ok=49826 mism=1343 crash=227 timeout=359 skip=4024  |  inflight=63
  [55822] MISMATCH w88:631 out[0] max|delta|=2.300e+01 (rtol=0.0 atol=0.0)
  [t=3210s] 55838/61735 (17.4/s)  ok=49875 mism=1344 crash=227 timeout=360 skip=4032  |  inflight=64
  [55884] CRASH    w88:456 fvp_runner rc=5: >> building runner (cache miss): backend=cortex-m target=cortex
  [t=3213s] 55890/61735 (17.4/s)  ok=49923 mism=1344 crash=228 timeout=361 skip=4034  |  inflight=63
  [t=3216s] 55969/61735 (17.4/s)  ok=49997 mism=1344 crash=228 timeout=361 skip=4039  |  inflight=63
  [55986] MISMATCH w89:175 out[0] max|delta|=1.000e+00 (rtol=0.0 atol=0.0)
  [56012] MISMATCH w89:221 out[0] max|delta|=3.000e+00 (rtol=0.0 atol=0.0)
  [t=3219s] 56023/61735 (17.4/s)  ok=50044 mism=1346 crash=228 timeout=362 skip=4043  |  inflight=64
  [56043] MISMATCH w89:267 out[0] max|delta|=9.882e-01 (rtol=0.01 atol=0.001)
  [t=3222s] 56075/61735 (17.4/s)  ok=50093 mism=1347 crash=228 timeout=362 skip=4045  |  inflight=63
  [56076] MISMATCH w89:317 out[0] max|delta|=8.000e+00 (rtol=0.0 atol=0.0)
  [56080] MISMATCH w89:324 out[0] max|delta|=4.612e+18 (rtol=0.0 atol=0.0)
  [56133] MISMATCH w89:408 out[0] max|delta|=2.599e-01 (rtol=0.01 atol=0.001)
  [56140] CRASH    w88:597 fvp_runner rc=5: >> building runner (cache miss): backend=cortex-m target=cortex
  [t=3225s] 56150/61735 (17.4/s)  ok=50157 mism=1350 crash=229 timeout=363 skip=4051  |  inflight=63
  [56161] MISMATCH w89:481 out[0] max|delta|=1.645e+00 (rtol=0.01 atol=0.001)
  [t=3229s] 56206/61735 (17.4/s)  ok=50208 mism=1351 crash=229 timeout=363 skip=4055  |  inflight=63
  [56212] MISMATCH w89:57 out[0] max|delta|=5.000e+00 (rtol=0.0 atol=0.0)
  [56217] MISMATCH w89:513 out[0] max|delta|=6.400e+01 (rtol=0.0 atol=0.0)
  [56256] MISMATCH w89:636 out[0] max|delta|=2.599e-01 (rtol=0.01 atol=0.001)
  [t=3232s] 56289/61735 (17.4/s)  ok=50284 mism=1354 crash=229 timeout=363 skip=4059  |  inflight=63
  [t=3235s] 56342/61735 (17.4/s)  ok=50332 mism=1354 crash=229 timeout=364 skip=4063  |  inflight=63
  [56353] MISMATCH w89:709 out[0] max|delta|=2.396e+00 (rtol=0.01 atol=0.001)
  [56364] MISMATCH w89:723 out[0] max|delta|=2.412e+00 (rtol=0.01 atol=0.001)
  [56386] CRASH    w89:290 fvp_runner rc=5: >> building runner (cache miss): backend=cortex-m target=cortex
  [56392] MISMATCH w9:103 out[0] max|delta|=4.000e+00 (rtol=0.0 atol=0.0)
  [t=3238s] 56413/61735 (17.4/s)  ok=50394 mism=1357 crash=230 timeout=364 skip=4068  |  inflight=63
  [56464] MISMATCH w9:149 out[0] max|delta|=9.804e-01 (rtol=0.01 atol=0.001)
  [t=3242s] 56482/61735 (17.4/s)  ok=50458 mism=1358 crash=230 timeout=364 skip=4072  |  inflight=64
  [t=3245s] 56533/61735 (17.4/s)  ok=50507 mism=1358 crash=230 timeout=364 skip=4074  |  inflight=63
  [56557] MISMATCH w9:285 out[0] max|delta|=4.800e+01 (rtol=0.01 atol=0.001)
  [56562] MISMATCH w9:290 out[0] max|delta|=2.599e-01 (rtol=0.01 atol=0.001)
  [56596] MISMATCH w9:331 out[0] max|delta|=2.000e+00 (rtol=0.01 atol=0.001)
  [56606] MISMATCH w9:347 out[0] max|delta|=2.300e+01 (rtol=0.0 atol=0.0)
  [t=3248s] 56607/61735 (17.4/s)  ok=50570 mism=1362 crash=230 timeout=366 skip=4079  |  inflight=63
  [56630] CRASH    w89:746 fvp_runner rc=5: >> building runner (cache miss): backend=cortex-m target=cortex
  [56636] MISMATCH w9:377 out[0] max|delta|=3.765e+00 (rtol=0.01 atol=0.001)
  [t=3251s] 56658/61735 (17.4/s)  ok=50616 mism=1363 crash=231 timeout=366 skip=4082  |  inflight=63
  [56718] MISMATCH w9:496 out[0] max|delta|=2.229e+00 (rtol=0.01 atol=0.001)
  [t=3254s] 56734/61735 (17.4/s)  ok=50684 mism=1364 crash=231 timeout=367 skip=4088  |  inflight=63
  [56766] MISMATCH w9:560 out[0] max|delta|=4.000e+00 (rtol=0.0 atol=0.0)
  [t=3257s] 56791/61735 (17.4/s)  ok=50736 mism=1365 crash=231 timeout=367 skip=4092  |  inflight=64
  [56801] MISMATCH w9:623 out[0] max|delta|=1.600e+01 (rtol=0.0 atol=0.0)
  [56826] MISMATCH w9:655 out[0] max|delta|=7.000e+00 (rtol=0.0 atol=0.0)
  [t=3260s] 56844/61735 (17.4/s)  ok=50785 mism=1367 crash=231 timeout=367 skip=4094  |  inflight=63
  [56882] CRASH    w9:172 fvp_runner rc=5: >> building runner (cache miss): backend=cortex-m target=cortex
  [t=3263s] 56927/61735 (17.4/s)  ok=50857 mism=1367 crash=232 timeout=368 skip=4103  |  inflight=63
  [t=3266s] 56973/61735 (17.4/s)  ok=50900 mism=1367 crash=232 timeout=368 skip=4106  |  inflight=63
  [57039] MISMATCH w90:263 out[0] max|delta|=2.599e-01 (rtol=0.01 atol=0.001)
  [t=3269s] 57044/61735 (17.4/s)  ok=50965 mism=1368 crash=232 timeout=368 skip=4111  |  inflight=63
  [57093] MISMATCH w90:336 out[0] max|delta|=1.745e+00 (rtol=0.01 atol=0.001)
  [t=3272s] 57105/61735 (17.5/s)  ok=51019 mism=1369 crash=232 timeout=369 skip=4116  |  inflight=63
  [57112] MISMATCH w90:407 out[0] max|delta|=1.441e+17 (rtol=0.0 atol=0.0)
  [57113] CRASH    w9:313 fvp_runner rc=5: >> building runner (cache miss): backend=cortex-m target=cortex
  [t=3275s] 57174/61735 (17.5/s)  ok=51080 mism=1370 crash=233 timeout=369 skip=4122  |  inflight=63
  [57202] MISMATCH w90:486 out[0] max|delta|=4.800e+01 (rtol=0.01 atol=0.001)
  [57208] MISMATCH w90:491 out[0] max|delta|=2.599e-01 (rtol=0.01 atol=0.001)
  [57235] MISMATCH w90:532 out[0] max|delta|=2.000e+00 (rtol=0.01 atol=0.001)
  [t=3279s] 57242/61735 (17.5/s)  ok=51139 mism=1373 crash=233 timeout=370 skip=4127  |  inflight=64
  [57243] MISMATCH w90:596 out[0] max|delta|=1.600e+01 (rtol=0.0 atol=0.0)
  [57267] MISMATCH w90:578 out[0] max|delta|=1.929e+00 (rtol=0.01 atol=0.001)
  [t=3282s] 57293/61735 (17.5/s)  ok=51182 mism=1375 crash=233 timeout=370 skip=4133  |  inflight=63
  [57340] MISMATCH w90:714 out[0] max|delta|=4.800e+01 (rtol=0.01 atol=0.001)
  [t=3285s] 57364/61735 (17.5/s)  ok=51247 mism=1376 crash=233 timeout=370 skip=4138  |  inflight=63
  [57373] MISMATCH w90:76 out[0] max|delta|=4.000e+00 (rtol=0.0 atol=0.0)
  [57375] CRASH    w9:85 fvp_runner rc=5: >> building runner (cache miss): backend=cortex-m target=cortex
  [57406] MISMATCH w90:82 out[0] max|delta|=1.280e+02 (rtol=0.01 atol=0.001)
  [57421] MISMATCH w91:10 out[0] max|delta|=5.000e+00 (rtol=0.0 atol=0.0)
  [t=3288s] 57425/61735 (17.5/s)  ok=51300 mism=1379 crash=234 timeout=373 skip=4139  |  inflight=64
  [57464] MISMATCH w91:17 out[0] max|delta|=1.441e+17 (rtol=0.0 atol=0.0)
  [57484] MISMATCH w91:206 out[0] max|delta|=9.500e+01 (rtol=0.0 atol=0.0)
  [t=3291s] 57503/61735 (17.5/s)  ok=51372 mism=1381 crash=234 timeout=373 skip=4143  |  inflight=63
  [57562] MISMATCH w91:324 out[0] max|delta|=1.000e+00 (rtol=0.0 atol=0.0)
  [t=3294s] 57563/61735 (17.5/s)  ok=51428 mism=1382 crash=234 timeout=373 skip=4146  |  inflight=64
  [t=3297s] 57615/61735 (17.5/s)  ok=51475 mism=1382 crash=234 timeout=374 skip=4150  |  inflight=63
  [57619] CRASH    w90:58 fvp_runner rc=5: >> building runner (cache miss): backend=cortex-m target=cortex
  [57624] MISMATCH w91:402 out[0] max|delta|=1.162e+00 (rtol=0.01 atol=0.001)
  [57667] MISMATCH w91:479 out[0] max|delta|=1.910e+02 (rtol=0.0 atol=0.0)
  [t=3300s] 57700/61735 (17.5/s)  ok=51549 mism=1384 crash=235 timeout=374 skip=4158  |  inflight=63
  [t=3303s] 57748/61735 (17.5/s)  ok=51594 mism=1384 crash=235 timeout=375 skip=4160  |  inflight=64
  [57790] MISMATCH w91:662 out[0] max|delta|=1.100e+01 (rtol=0.0 atol=0.0)
  [t=3307s] 57824/61735 (17.5/s)  ok=51662 mism=1385 crash=235 timeout=375 skip=4167  |  inflight=63
  [57851] MISMATCH w92:106 out[0] max|delta|=2.847e+00 (rtol=0.01 atol=0.001)
  [57870] MISMATCH w91:79 out[0] max|delta|=4.106e-01 (rtol=0.01 atol=0.001)
  [57881] MISMATCH w91:96 out[0] max|delta|=2.306e+18 (rtol=0.0 atol=0.0)
  [57886] CRASH    w91:124 fvp_runner rc=5: >> building runner (cache miss): backend=cortex-m target=cortex
  [t=3310s] 57891/61735 (17.5/s)  ok=51721 mism=1388 crash=236 timeout=375 skip=4171  |  inflight=63
  [57893] MISMATCH w92:124 out[0] max|delta|=6.400e+01 (rtol=0.0 atol=0.0)
  [57916] MISMATCH w92:133 out[0] max|delta|=1.000e+00 (rtol=0.0 atol=0.0)
  [t=3313s] 57941/61735 (17.5/s)  ok=51766 mism=1390 crash=236 timeout=375 skip=4174  |  inflight=63
  [57974] MISMATCH w92:242 out[0] max|delta|=4.800e+01 (rtol=0.01 atol=0.001)
  [58022] MISMATCH w92:306 out[0] max|delta|=3.420e-01 (rtol=0.01 atol=0.001)
  [t=3316s] 58022/61735 (17.5/s)  ok=51839 mism=1392 crash=236 timeout=376 skip=4179  |  inflight=63
  [58034] MISMATCH w92:320 out[0] max|delta|=1.848e+00 (rtol=0.01 atol=0.001)
  [58044] MISMATCH w92:334 out[0] max|delta|=4.941e-01 (rtol=0.01 atol=0.001)
  [58057] MISMATCH w92:352 out[0] max|delta|=3.200e+01 (rtol=0.0 atol=0.0)
  [58062] MISMATCH w92:364 out[0] max|delta|=9.995e-01 (rtol=0.01 atol=0.001)
  [t=3319s] 58081/61735 (17.5/s)  ok=51890 mism=1396 crash=236 timeout=376 skip=4183  |  inflight=64
  [58129] CRASH    w91:352 fvp_runner rc=5: >> building runner (cache miss): backend=cortex-m target=cortex
  [t=3322s] 58139/61735 (17.5/s)  ok=51943 mism=1396 crash=237 timeout=377 skip=4186  |  inflight=63
  [58183] MISMATCH w92:532 out[0] max|delta|=4.700e+01 (rtol=0.0 atol=0.0)
  [58211] MISMATCH w92:562 out[0] max|delta|=3.733e+00 (rtol=0.01 atol=0.001)
  [t=3325s] 58225/61735 (17.5/s)  ok=52021 mism=1398 crash=237 timeout=377 skip=4192  |  inflight=63
  [58239] MISMATCH w92:61 out[0] max|delta|=4.000e+00 (rtol=0.0 atol=0.0)
  [58241] MISMATCH w92:612 out[0] max|delta|=4.000e+00 (rtol=0.0 atol=0.0)
  [t=3328s] 58275/61735 (17.5/s)  ok=52064 mism=1400 crash=237 timeout=378 skip=4196  |  inflight=63
  [58292] MISMATCH w92:695 out[0] max|delta|=2.306e+18 (rtol=0.0 atol=0.0)
  [58296] MISMATCH w92:703 out[0] max|delta|=2.599e-01 (rtol=0.01 atol=0.001)
  [58340] MISMATCH w92:776 out[0] max|delta|=1.161e+00 (rtol=0.01 atol=0.001)
  [t=3331s] 58351/61735 (17.5/s)  ok=52130 mism=1403 crash=237 timeout=378 skip=4203  |  inflight=63
  [t=3334s] 58415/61735 (17.5/s)  ok=52189 mism=1403 crash=237 timeout=378 skip=4208  |  inflight=64
  [58447] MISMATCH w93:220 out[0] max|delta|=1.600e-02 (rtol=0.01 atol=0.001)
  [t=3337s] 58461/61735 (17.5/s)  ok=52229 mism=1404 crash=237 timeout=378 skip=4213  |  inflight=63
  [58507] CRASH    w92:726 fvp_runner rc=5: >> building runner (cache miss): backend=cortex-m target=cortex
  [t=3340s] 58545/61735 (17.5/s)  ok=52304 mism=1404 crash=238 timeout=379 skip=4220  |  inflight=63
  [58576] MISMATCH w93:41 out[0] max|delta|=1.441e+17 (rtol=0.0 atol=0.0)
  [t=3343s] 58601/61735 (17.5/s)  ok=52353 mism=1405 crash=238 timeout=380 skip=4225  |  inflight=64
  [58631] MISMATCH w93:490 out[0] max|delta|=7.000e+00 (rtol=0.0 atol=0.0)
  [t=3346s] 58658/61735 (17.5/s)  ok=52405 mism=1406 crash=238 timeout=381 skip=4228  |  inflight=63
  [58693] MISMATCH w93:576 out[0] max|delta|=4.800e+01 (rtol=0.01 atol=0.001)
  [t=3349s] 58734/61735 (17.5/s)  ok=52475 mism=1407 crash=238 timeout=381 skip=4233  |  inflight=63
  [58744] CRASH    w93:148 fvp_runner rc=5: >> building runner (cache miss): backend=cortex-m target=cortex
  [58773] MISMATCH w93:686 out[0] max|delta|=1.280e+02 (rtol=0.0 atol=0.0)
  [t=3353s] 58789/61735 (17.5/s)  ok=52524 mism=1408 crash=239 timeout=381 skip=4237  |  inflight=63
  [58848] MISMATCH w94:118 out[0] max|delta|=1.000e+00 (rtol=0.01 atol=0.001)
  [t=3356s] 58860/61735 (17.5/s)  ok=52588 mism=1409 crash=239 timeout=382 skip=4242  |  inflight=63
  [58873] MISMATCH w94:158 out[0] max|delta|=9.206e-01 (rtol=0.01 atol=0.001)
  [58885] MISMATCH w94:175 out[0] max|delta|=2.306e+18 (rtol=0.0 atol=0.0)
  [58890] MISMATCH w94:180 out[0] max|delta|=2.599e-01 (rtol=0.01 atol=0.001)
  [t=3359s] 58927/61735 (17.5/s)  ok=52647 mism=1412 crash=239 timeout=383 skip=4246  |  inflight=63
  [t=3362s] 58974/61735 (17.5/s)  ok=52690 mism=1412 crash=239 timeout=383 skip=4250  |  inflight=63
  [59007] CRASH    w93:235 fvp_runner rc=5: >> building runner (cache miss): backend=cortex-m target=cortex
  [59040] MISMATCH w94:386 out[0] max|delta|=4.941e-01 (rtol=0.01 atol=0.001)
  [t=3365s] 59044/61735 (17.5/s)  ok=52752 mism=1413 crash=240 timeout=383 skip=4256  |  inflight=63
  [59053] MISMATCH w94:403 out[0] max|delta|=4.800e+01 (rtol=0.01 atol=0.001)
  [59056] MISMATCH w94:408 out[0] max|delta|=8.090e-01 (rtol=0.01 atol=0.001)
  [59076] MISMATCH w94:435 out[0] max|delta|=1.280e+02 (rtol=0.01 atol=0.001)
  [59086] MISMATCH w94:449 out[0] max|delta|=9.995e-01 (rtol=0.01 atol=0.001)
  [59088] MISMATCH w94:450 out[0] max|delta|=4.000e+00 (rtol=0.0 atol=0.0)
  [t=3368s] 59112/61735 (17.6/s)  ok=52809 mism=1418 crash=240 timeout=384 skip=4261  |  inflight=63
  [59130] MISMATCH w94:495 out[0] max|delta|=9.882e-01 (rtol=0.01 atol=0.001)
  [59141] MISMATCH w94:513 out[0] max|delta|=6.400e+01 (rtol=0.0 atol=0.0)
  [t=3371s] 59160/61735 (17.6/s)  ok=52853 mism=1420 crash=240 timeout=384 skip=4263  |  inflight=63
  [t=3374s] 59242/61735 (17.6/s)  ok=52931 mism=1420 crash=240 timeout=384 skip=4267  |  inflight=63
  [59251] CRASH    w93:604 fvp_runner rc=5: >> building runner (cache miss): backend=cortex-m target=cortex
  [59272] MISMATCH w94:709 out[0] max|delta|=2.527e+00 (rtol=0.01 atol=0.001)
  [59282] MISMATCH w94:723 out[0] max|delta|=3.322e+00 (rtol=0.01 atol=0.001)
  [59291] MISMATCH w94:741 out[0] max|delta|=1.280e+02 (rtol=0.0 atol=0.0)
  [t=3377s] 59297/61735 (17.6/s)  ok=52976 mism=1423 crash=241 timeout=385 skip=4272  |  inflight=64
  [59346] MISMATCH w95:113 out[0] max|delta|=4.800e+01 (rtol=0.01 atol=0.001)
  [59350] MISMATCH w95:118 out[0] max|delta|=2.599e-01 (rtol=0.01 atol=0.001)
  [t=3380s] 59362/61735 (17.6/s)  ok=53034 mism=1425 crash=241 timeout=385 skip=4277  |  inflight=63
  [59373] MISMATCH w95:159 out[0] max|delta|=4.000e+00 (rtol=0.0 atol=0.0)
  [59399] MISMATCH w95:191 out[0] max|delta|=1.645e+00 (rtol=0.01 atol=0.001)
  [59415] MISMATCH w95:22 out[0] max|delta|=1.000e+00 (rtol=0.0 atol=0.0)
  [59434] CRASH    w94:62 fvp_runner rc=5: >> building runner (cache miss): backend=cortex-m target=cortex
  [t=3384s] 59434/61735 (17.6/s)  ok=53096 mism=1428 crash=242 timeout=386 skip=4282  |  inflight=64
  [59440] MISMATCH w95:262 out[0] max|delta|=9.223e+18 (rtol=0.0 atol=0.0)
  [t=3387s] 59484/61735 (17.6/s)  ok=53143 mism=1429 crash=242 timeout=386 skip=4284  |  inflight=63
  [59487] MISMATCH w95:338 out[0] max|delta|=4.612e+18 (rtol=0.0 atol=0.0)
  [59490] MISMATCH w95:34 out[0] max|delta|=2.306e+18 (rtol=0.0 atol=0.0)
  [59493] MISMATCH w95:341 out[0] max|delta|=9.223e+18 (rtol=0.0 atol=0.0)
  [59494] MISMATCH w95:346 out[0] max|delta|=2.599e-01 (rtol=0.01 atol=0.001)
  [59498] CRASH    w93:691 fvp_runner rc=5: >> building runner (cache miss): backend=cortex-m target=cortex
  [59512] MISMATCH w95:373 out[0] max|delta|=1.280e+02 (rtol=0.01 atol=0.001)
  [59521] MISMATCH w95:387 out[0] max|delta|=4.000e+00 (rtol=0.0 atol=0.0)
  [59549] MISMATCH w95:419 out[0] max|delta|=1.645e+00 (rtol=0.01 atol=0.001)
  [t=3390s] 59557/61735 (17.6/s)  ok=53198 mism=1436 crash=243 timeout=387 skip=4293  |  inflight=63
  [59595] MISMATCH w95:483 out[0] max|delta|=5.000e+00 (rtol=0.0 atol=0.0)
  [59619] MISMATCH w95:520 out[0] max|delta|=3.777e+00 (rtol=0.01 atol=0.001)
  [t=3393s] 59620/61735 (17.6/s)  ok=53257 mism=1438 crash=243 timeout=387 skip=4295  |  inflight=64
  [59653] MISMATCH w95:574 out[0] max|delta|=2.599e-01 (rtol=0.01 atol=0.001)
  [59677] MISMATCH w95:616 out[0] max|delta|=3.000e+00 (rtol=0.0 atol=0.0)
  [t=3396s] 59679/61735 (17.6/s)  ok=53310 mism=1440 crash=243 timeout=387 skip=4299  |  inflight=63
  [59748] MISMATCH w95:711 out[0] max|delta|=6.000e+00 (rtol=0.0 atol=0.0)
  [t=3399s] 59757/61735 (17.6/s)  ok=53382 mism=1441 crash=243 timeout=388 skip=4303  |  inflight=63
  [59759] CRASH    w95:141 fvp_runner rc=5: >> building runner (cache miss): backend=cortex-m target=cortex
  [59769] MISMATCH w96:11 out[0] max|delta|=3.733e+00 (rtol=0.01 atol=0.001)
  [59789] MISMATCH w95:780 out[0] max|delta|=4.676e+00 (rtol=0.01 atol=0.001)
  [t=3402s] 59806/61735 (17.6/s)  ok=53424 mism=1443 crash=244 timeout=388 skip=4307  |  inflight=64
  [59832] MISMATCH w96:147 out[0] max|delta|=2.306e+18 (rtol=0.0 atol=0.0)
  [59870] MISMATCH w96:193 out[0] max|delta|=4.000e+00 (rtol=0.0 atol=0.0)
  [t=3405s] 59876/61735 (17.6/s)  ok=53488 mism=1445 crash=244 timeout=388 skip=4311  |  inflight=63
  [59938] MISMATCH w96:29 out[0] max|delta|=1.280e+02 (rtol=0.0 atol=0.0)
  [t=3409s] 59945/61735 (17.6/s)  ok=53550 mism=1446 crash=244 timeout=389 skip=4316  |  inflight=64
  [59994] CRASH    w95:369 fvp_runner rc=5: >> building runner (cache miss): backend=cortex-m target=cortex
  [t=3412s] 59995/61735 (17.6/s)  ok=53595 mism=1446 crash=245 timeout=389 skip=4320  |  inflight=63
  [59996] MISMATCH w96:380 out[0] max|delta|=2.599e-01 (rtol=0.01 atol=0.001)
  [60024] MISMATCH w96:421 out[0] max|delta|=4.000e+00 (rtol=0.0 atol=0.0)
  [t=3415s] 60070/61735 (17.6/s)  ok=53661 mism=1448 crash=245 timeout=389 skip=4327  |  inflight=63
  [60128] CRASH    w96:262 fvp_runner rc=5: >> building runner (cache miss): backend=cortex-m target=cortex
  [t=3418s] 60128/61735 (17.6/s)  ok=53713 mism=1448 crash=246 timeout=390 skip=4331  |  inflight=63
  [60158] MISMATCH w96:608 out[0] max|delta|=1.098e-01 (rtol=0.01 atol=0.001)
  [60182] MISMATCH w96:655 out[0] max|delta|=1.280e+02 (rtol=0.01 atol=0.001)
  [t=3421s] 60188/61735 (17.6/s)  ok=53769 mism=1450 crash=246 timeout=390 skip=4333  |  inflight=63
  [60194] MISMATCH w96:665 out[0] max|delta|=4.700e+01 (rtol=0.0 atol=0.0)
  [60200] MISMATCH w96:68 out[0] max|delta|=2.306e+18 (rtol=0.0 atol=0.0)
  [60225] MISMATCH w96:713 out[0] max|delta|=8.000e+00 (rtol=0.0 atol=0.0)
  [60263] CRASH    w96:403 fvp_runner rc=5: >> building runner (cache miss): backend=cortex-m target=cortex
  [t=3424s] 60264/61735 (17.6/s)  ok=53833 mism=1453 crash=247 timeout=391 skip=4340  |  inflight=63
  [t=3427s] 60312/61735 (17.6/s)  ok=53876 mism=1453 crash=247 timeout=392 skip=4344  |  inflight=63
  [60357] MISMATCH w97:210 out[0] max|delta|=2.306e+18 (rtol=0.0 atol=0.0)
  [t=3430s] 60394/61735 (17.6/s)  ok=53951 mism=1454 crash=247 timeout=392 skip=4350  |  inflight=63
  [60409] MISMATCH w97:289 out[0] max|delta|=4.800e+01 (rtol=0.01 atol=0.001)
  [t=3434s] 60448/61735 (17.6/s)  ok=54000 mism=1455 crash=247 timeout=392 skip=4354  |  inflight=64
  [60453] MISMATCH w97:351 out[0] max|delta|=2.300e+01 (rtol=0.0 atol=0.0)
  [60495] CRASH    w96:631 fvp_runner rc=5: >> building runner (cache miss): backend=cortex-m target=cortex
  [t=3437s] 60536/61735 (17.6/s)  ok=54078 mism=1456 crash=248 timeout=393 skip=4361  |  inflight=63
  [60562] MISMATCH w97:500 out[0] max|delta|=2.229e+00 (rtol=0.01 atol=0.001)
  [60567] MISMATCH w97:508 out[0] max|delta|=2.131e+00 (rtol=0.01 atol=0.001)
  [60575] MISMATCH w97:522 out[0] max|delta|=2.599e-01 (rtol=0.01 atol=0.001)
  [t=3440s] 60586/61735 (17.6/s)  ok=54123 mism=1459 crash=248 timeout=393 skip=4363  |  inflight=64
  [60639] MISMATCH w97:61 out[0] max|delta|=2.306e+18 (rtol=0.0 atol=0.0)
  [t=3443s] 60660/61735 (17.6/s)  ok=54192 mism=1460 crash=248 timeout=394 skip=4366  |  inflight=63
  [60672] MISMATCH w97:66 out[0] max|delta|=2.599e-01 (rtol=0.01 atol=0.001)
  [t=3446s] 60726/61735 (17.6/s)  ok=54251 mism=1461 crash=248 timeout=394 skip=4372  |  inflight=63
  [60729] MISMATCH w97:745 out[0] max|delta|=4.800e+01 (rtol=0.01 atol=0.001)
  [60734] MISMATCH w97:750 out[0] max|delta|=2.599e-01 (rtol=0.01 atol=0.001)
  [60757] CRASH    w97:317 fvp_runner rc=5: >> building runner (cache miss): backend=cortex-m target=cortex
  [t=3449s] 60774/61735 (17.6/s)  ok=54291 mism=1463 crash=249 timeout=394 skip=4377  |  inflight=63
  [60790] MISMATCH w98:132 out[0] max|delta|=3.000e+00 (rtol=0.0 atol=0.0)
  [60811] MISMATCH w98:173 out[0] max|delta|=2.599e-01 (rtol=0.01 atol=0.001)
  [t=3452s] 60849/61735 (17.6/s)  ok=54359 mism=1465 crash=249 timeout=394 skip=4382  |  inflight=63
  [60873] MISMATCH w98:32 out[0] max|delta|=1.471e+00 (rtol=0.01 atol=0.001)
  [t=3456s] 60911/61735 (17.6/s)  ok=54415 mism=1466 crash=249 timeout=395 skip=4386  |  inflight=64
  [60966] MISMATCH w98:401 out[0] max|delta|=2.599e-01 (rtol=0.01 atol=0.001)
  [t=3459s] 60967/61735 (17.6/s)  ok=54468 mism=1467 crash=249 timeout=395 skip=4388  |  inflight=63
  [60995] MISMATCH w98:442 out[0] max|delta|=4.000e+00 (rtol=0.0 atol=0.0)
  [61033] MISMATCH w98:488 out[0] max|delta|=1.945e+00 (rtol=0.01 atol=0.001)
  [61044] MISMATCH w98:506 out[0] max|delta|=2.560e+02 (rtol=0.0 atol=0.0)
  [t=3462s] 61044/61735 (17.6/s)  ok=54533 mism=1470 crash=249 timeout=396 skip=4396  |  inflight=63
  [61047] CRASH    w98:196 fvp_runner rc=5: >> building runner (cache miss): backend=cortex-m target=cortex
  [61071] MISMATCH w98:551 out[0] max|delta|=1.100e+01 (rtol=0.0 atol=0.0)
  [t=3465s] 61092/61735 (17.6/s)  ok=54576 mism=1471 crash=250 timeout=396 skip=4399  |  inflight=64
  [t=3468s] 61163/61735 (17.6/s)  ok=54644 mism=1471 crash=250 timeout=396 skip=4402  |  inflight=63
  [61181] MISMATCH w98:702 out[0] max|delta|=3.151e+00 (rtol=0.01 atol=0.001)
  [61187] MISMATCH w98:716 out[0] max|delta|=9.804e-01 (rtol=0.01 atol=0.001)
  [61223] MISMATCH w98:773 out[0] max|delta|=4.612e+18 (rtol=0.0 atol=0.0)
  [61226] MISMATCH w98:779 out[0] max|delta|=3.830e+02 (rtol=0.0 atol=0.0)
  [t=3471s] 61227/61735 (17.6/s)  ok=54698 mism=1475 crash=250 timeout=397 skip=4407  |  inflight=64
  [61231] MISMATCH w98:89 out[0] max|delta|=5.765e+17 (rtol=0.0 atol=0.0)
  [61264] MISMATCH w99:14 out[0] max|delta|=1.929e+00 (rtol=0.01 atol=0.001)
  [61274] MISMATCH w99:150 out[0] max|delta|=2.306e+18 (rtol=0.0 atol=0.0)
  [t=3474s] 61274/61735 (17.6/s)  ok=54741 mism=1478 crash=250 timeout=397 skip=4408  |  inflight=63
  [61276] CRASH    w98:511 fvp_runner rc=5: >> building runner (cache miss): backend=cortex-m target=cortex
  [61278] MISMATCH w99:155 out[0] max|delta|=2.599e-01 (rtol=0.01 atol=0.001)
  [61306] MISMATCH w99:196 out[0] max|delta|=3.000e+00 (rtol=0.01 atol=0.001)
  [t=3477s] 61347/61735 (17.6/s)  ok=54800 mism=1480 crash=251 timeout=397 skip=4419  |  inflight=63
  [61375] MISMATCH w99:321 out[0] max|delta|=3.000e+00 (rtol=0.01 atol=0.001)
  [61386] MISMATCH w99:290 out[0] max|delta|=1.200e+01 (rtol=0.01 atol=0.001)
  [t=3481s] 61410/61735 (17.6/s)  ok=54855 mism=1482 crash=251 timeout=399 skip=4423  |  inflight=64
  [61445] MISMATCH w99:378 out[0] max|delta|=2.306e+18 (rtol=0.0 atol=0.0)
  [t=3484s] 61481/61735 (17.6/s)  ok=54918 mism=1483 crash=251 timeout=399 skip=4430  |  inflight=63
  [61527] MISMATCH w99:527 out[0] max|delta|=7.206e+16 (rtol=0.0 atol=0.0)
  [t=3487s] 61547/61735 (17.7/s)  ok=54975 mism=1484 crash=251 timeout=400 skip=4437  |  inflight=64
  [61548] CRASH    w99:265 fvp_runner rc=5: >> building runner (cache miss): backend=cortex-m target=cortex
  [61580] MISMATCH w99:611 out[0] max|delta|=2.599e-01 (rtol=0.01 atol=0.001)
  [t=3490s] 61598/61735 (17.6/s)  ok=55021 mism=1485 crash=252 timeout=400 skip=4440  |  inflight=63
  [t=3493s] 61683/61735 (17.7/s)  ok=55098 mism=1485 crash=252 timeout=400 skip=4448  |  inflight=52
  [t=3496s] 61716/61735 (17.7/s)  ok=55128 mism=1485 crash=252 timeout=401 skip=4450  |  inflight=19
  [t=3499s] 61716/61735 (17.6/s)  ok=55128 mism=1485 crash=252 timeout=401 skip=4450  |  inflight=19
  [61717] CRASH    w99:634 fvp_runner rc=5: >> building runner (cache miss): backend=cortex-m target=cortex
  [t=3502s] 61718/61735 (17.6/s)  ok=55128 mism=1485 crash=253 timeout=402 skip=4450  |  inflight=17
  [t=3505s] 61718/61735 (17.6/s)  ok=55128 mism=1485 crash=253 timeout=402 skip=4450  |  inflight=17
  [t=3509s] 61719/61735 (17.6/s)  ok=55128 mism=1485 crash=253 timeout=403 skip=4450  |  inflight=16
  [t=3512s] 61719/61735 (17.6/s)  ok=55128 mism=1485 crash=253 timeout=403 skip=4450  |  inflight=16
  [t=3515s] 61720/61735 (17.6/s)  ok=55128 mism=1485 crash=253 timeout=404 skip=4450  |  inflight=15
  [t=3518s] 61720/61735 (17.5/s)  ok=55128 mism=1485 crash=253 timeout=404 skip=4450  |  inflight=15
  [t=3521s] 61720/61735 (17.5/s)  ok=55128 mism=1485 crash=253 timeout=404 skip=4450  |  inflight=15
  [t=3524s] 61721/61735 (17.5/s)  ok=55128 mism=1485 crash=253 timeout=405 skip=4450  |  inflight=14
  [t=3527s] 61721/61735 (17.5/s)  ok=55128 mism=1485 crash=253 timeout=405 skip=4450  |  inflight=14
  [t=3530s] 61721/61735 (17.5/s)  ok=55128 mism=1485 crash=253 timeout=405 skip=4450  |  inflight=14
  [t=3534s] 61723/61735 (17.5/s)  ok=55128 mism=1485 crash=253 timeout=407 skip=4450  |  inflight=12
  [t=3537s] 61723/61735 (17.5/s)  ok=55128 mism=1485 crash=253 timeout=407 skip=4450  |  inflight=12
  [t=3540s] 61724/61735 (17.4/s)  ok=55128 mism=1485 crash=253 timeout=408 skip=4450  |  inflight=11
  [t=3543s] 61724/61735 (17.4/s)  ok=55128 mism=1485 crash=253 timeout=408 skip=4450  |  inflight=11
  [t=3546s] 61725/61735 (17.4/s)  ok=55128 mism=1485 crash=253 timeout=409 skip=4450  |  inflight=10
  [t=3549s] 61725/61735 (17.4/s)  ok=55128 mism=1485 crash=253 timeout=409 skip=4450  |  inflight=10
  [t=3552s] 61725/61735 (17.4/s)  ok=55128 mism=1485 crash=253 timeout=409 skip=4450  |  inflight=10
  [t=3555s] 61726/61735 (17.4/s)  ok=55128 mism=1485 crash=253 timeout=410 skip=4450  |  inflight=9
  [t=3558s] 61726/61735 (17.3/s)  ok=55128 mism=1485 crash=253 timeout=410 skip=4450  |  inflight=9
  [t=3561s] 61727/61735 (17.3/s)  ok=55128 mism=1485 crash=253 timeout=411 skip=4450  |  inflight=8
  [t=3564s] 61727/61735 (17.3/s)  ok=55128 mism=1485 crash=253 timeout=411 skip=4450  |  inflight=8
  [t=3567s] 61727/61735 (17.3/s)  ok=55128 mism=1485 crash=253 timeout=411 skip=4450  |  inflight=8
  [t=3570s] 61727/61735 (17.3/s)  ok=55128 mism=1485 crash=253 timeout=411 skip=4450  |  inflight=8
  [t=3573s] 61729/61735 (17.3/s)  ok=55128 mism=1485 crash=253 timeout=413 skip=4450  |  inflight=6
  [t=3576s] 61729/61735 (17.3/s)  ok=55128 mism=1485 crash=253 timeout=413 skip=4450  |  inflight=6
  [t=3580s] 61730/61735 (17.2/s)  ok=55128 mism=1485 crash=253 timeout=414 skip=4450  |  inflight=5
  [t=3583s] 61730/61735 (17.2/s)  ok=55128 mism=1485 crash=253 timeout=414 skip=4450  |  inflight=5
  [t=3586s] 61730/61735 (17.2/s)  ok=55128 mism=1485 crash=253 timeout=414 skip=4450  |  inflight=5
  [t=3589s] 61731/61735 (17.2/s)  ok=55128 mism=1485 crash=253 timeout=415 skip=4450  |  inflight=4
  [t=3592s] 61731/61735 (17.2/s)  ok=55128 mism=1485 crash=253 timeout=415 skip=4450  |  inflight=4
  [t=3595s] 61732/61735 (17.2/s)  ok=55128 mism=1485 crash=253 timeout=416 skip=4450  |  inflight=3
  [t=3598s] 61732/61735 (17.2/s)  ok=55128 mism=1485 crash=253 timeout=416 skip=4450  |  inflight=3
  [t=3601s] 61732/61735 (17.1/s)  ok=55128 mism=1485 crash=253 timeout=416 skip=4450  |  inflight=3
  [t=3604s] 61733/61735 (17.1/s)  ok=55128 mism=1485 crash=253 timeout=417 skip=4450  |  inflight=2
  [t=3607s] 61733/61735 (17.1/s)  ok=55128 mism=1485 crash=253 timeout=417 skip=4450  |  inflight=2
  [t=3611s] 61734/61735 (17.1/s)  ok=55128 mism=1485 crash=253 timeout=418 skip=4450  |  inflight=1

── Done — 61735 graphs ──────────────────────────────
  OK       : 55128
  MISMATCH : 1485
  CRASH    : 253
  TIMEOUT  : 419
  SKIP     : 4450
  skip-log: /data/jwen929/mobile/findings/cortex_m/_work/skip.tsv  (replay one with `mobile feed <job_id>`)
