status	job	reason	graph
CRASH	w0:103	fvp_runner rc=5: >> building runner (cache miss): backend=cortex-m target=cortex-m55 ops=10383d3a (shared SDK, no fetch) ... cortex-m runner build failed (see /tmp/fvp_job_5pzegg2u/build.fail.log) 	n0*=_fft_r2c(L0,·,·,·)
CRASH	w0:132	fvp_runner rc=5: >> building runner (cache miss): backend=cortex-m target=cortex-m55 ops=28dc928b (shared SDK, no fetch) ... cortex-m runner build failed (see /tmp/fvp_job_2u5ihmgt/build.fail.log) 	n0*=linear.out(L0,L1,·,·)
SKIP	w0:167	fvp_runner rc=2: 	n0*=pixel_shuffle(L0,·)
SKIP	w0:113	fvp_runner rc=2: >> building runner (cache miss): backend=cortex-m target=cortex-m55 ops=ec508c10 (shared SDK, no fetch) ... 	n0*=pixel_unshuffle(L0,·)
SKIP	w0:187	fvp_runner rc=2: 	n0*=pixel_unshuffle(L0,·)
SKIP	w0:104	fvp_runner rc=2: >> building runner (cache miss): backend=cortex-m target=cortex-m55 ops=64bbaae4 (shared SDK, no fetch) ... no out-*.bin produced (see /tmp/fvp_job_zr_6_4iw/uart.log) 	n0*=ones.out(·,·)
MISMATCH	w0:11	out[0] max|delta|=3.777e+00 (rtol=0.01 atol=0.001)	n0*=detach_copy(L0)
SKIP	w0:144	fvp_runner rc=2: >> building runner (cache miss): backend=cortex-m target=cortex-m55 ops=619ebf74 (shared SDK, no fetch) ... no out-*.bin produced (see /tmp/fvp_job_3nulkez5/uart.log) 	n0*=full.out(·,·,·)
SKIP	w0:228	fvp_runner rc=2: >> building runner (cache miss): backend=cortex-m target=cortex-m55 ops=f71b2a15 (shared SDK, no fetch) ... 	n0*=where.self(L0,L1,L2)
SKIP	w0:264	fvp_runner rc=2: >> building runner (cache miss): backend=cortex-m target=cortex-m55 ops=49180fa3 (shared SDK, no fetch) ... 	n0*=copy(L0,L1,·)
SKIP	w0:341	fvp_runner rc=2: 	n0*=pixel_unshuffle(L0,·)
SKIP	w0:265	fvp_runner rc=2: >> building runner (cache miss): backend=cortex-m target=cortex-m55 ops=e04d9675 (shared SDK, no fetch) ... no out-*.bin produced (see /tmp/fvp_job__v44shut/uart.log) 	n0*=stack(·,·)
MISMATCH	w0:355	out[0] max|delta|=1.280e+02 (rtol=0.0 atol=0.0)	n0*=bitwise_right_shift.Tensor_Scalar(L0,·)
SKIP	w0:36	fvp_runner rc=2: 	n0*=copy(L0,L1,·)
SKIP	w0:37	fvp_runner rc=2: no out-*.bin produced (see /tmp/fvp_job_53s0xdct/uart.log) 	n0*=stack(·,·)
SKIP	w0:372	fvp_runner rc=2: no out-*.bin produced (see /tmp/fvp_job_ikvm7j3h/uart.log) 	n0*=full.out(·,·,·)
SKIP	w0:388	fvp_runner rc=2: 	n0*=transpose_copy.int(L0,·,·)
SKIP	w0:395	fvp_runner rc=2: 	n0*=pixel_shuffle(L0,·)
SKIP	w0:293	fvp_runner rc=2: >> building runner (cache miss): backend=cortex-m target=cortex-m55 ops=674799f8 (shared SDK, no fetch) ... 	n0*=max.dim_max(L0,·,·,L1,L2)
CRASH	w0:331	fvp_runner rc=5: >> building runner (cache miss): backend=cortex-m target=cortex-m55 ops=10383d3a (shared SDK, no fetch) ... cortex-m runner build failed (see /tmp/fvp_job_t8mz1s4k/build.fail.log) 	n0*=_fft_r2c(L0,·,·,·)
MISMATCH	w0:309	out[0] max|delta|=1.302e-01 (rtol=0.01 atol=0.001)	n0*=fmod.Tensor_out(L0,L1,·)
MISMATCH	w0:323	out[0] max|delta|=1.111e+00 (rtol=0.01 atol=0.001)	n0*=max_pool2d_with_indices_backward.grad_input(L0,L1,·,·,·,·,·,L2,L3)
SKIP	w0:47	fvp_runner rc=2: no out-*.bin produced (see /tmp/fvp_job_5mq5ysxe/uart.log) 	n0*=zeros.out(·,·)
MISMATCH	w0:478	out[0] max|delta|=2.599e-01 (rtol=0.01 atol=0.001)	n0*=index_put(L0,·,L1,·)
SKIP	w0:490	fvp_runner rc=2: 	n0*=topk.values(L0,·,·,·,·,L1,L2)
SKIP	w0:493	fvp_runner rc=2: no out-*.bin produced (see /tmp/fvp_job_o1r10umb/uart.log) 	n0*=stack(·,·)
CRASH	w0:360	fvp_runner rc=5: >> building runner (cache miss): backend=cortex-m target=cortex-m55 ops=b0707b1a (shared SDK, no fetch) ... cortex-m runner build failed (see /tmp/fvp_job__h99tdn7/build.fail.log) 	n0*=linear.out(L0,L1,·,·)
SKIP	w0:543	fvp_runner rc=2: 	n0*=pixel_shuffle(L0,·)
SKIP	w0:560	fvp_runner rc=2: no out-*.bin produced (see /tmp/fvp_job_0tynhfn4/uart.log) 	n0*=ones.out(·,·)
SKIP	w0:569	fvp_runner rc=2: 	n0*=pixel_unshuffle(L0,·)
SKIP	w0:421	fvp_runner rc=2: >> building runner (cache miss): backend=cortex-m target=cortex-m55 ops=3593e1ef (shared SDK, no fetch) ... no out-*.bin produced (see /tmp/fvp_job_5giwm45f/uart.log) 	n0*=arange.start_out(·,·,·,·)
SKIP	w0:600	fvp_runner rc=2: no out-*.bin produced (see /tmp/fvp_job_v22xyrzp/uart.log) 	n0*=full.out(·,·,·)
SKIP	w0:623	fvp_runner rc=2: 	n0*=pixel_shuffle(L0,·)
SKIP	w0:485	fvp_runner rc=2: >> building runner (cache miss): backend=cortex-m target=cortex-m55 ops=9cb43d57 (shared SDK, no fetch) ... 	n0*=scatter.src_out(L0,·,L1,L2,·)
SKIP	w0:643	fvp_runner rc=2: 	n0*=pixel_unshuffle(L0,·)
SKIP	w0:684	fvp_runner rc=2: 	n0*=where.self(L0,L1,L2)
CRASH	w0:559	fvp_runner rc=5: >> building runner (cache miss): backend=cortex-m target=cortex-m55 ops=10383d3a (shared SDK, no fetch) ... cortex-m runner build failed (see /tmp/fvp_job_bunxp6ox/build.fail.log) 	n0*=_fft_r2c(L0,·,·,·)
SKIP	w0:713	fvp_runner rc=2: 	n0*=scatter.src_out(L0,·,L1,L2,·)
SKIP	w0:531	fvp_runner rc=2: >> building runner (cache miss): backend=cortex-m target=cortex-m55 ops=60d86bb1 (shared SDK, no fetch) ... 	n0*=_pdist_forward(L0,·)
SKIP	w0:721	fvp_runner rc=2: no out-*.bin produced (see /tmp/fvp_job_b3_g2778/uart.log) 	n0*=stack(·,·)
MISMATCH	w0:565	out[0] max|delta|=1.945e+00 (rtol=0.01 atol=0.001)	n0*=fill.Scalar(L0,·)
SKIP	w0:759	fvp_runner rc=2: 	n0*=_pdist_forward(L0,·)
SKIP	w0:771	fvp_runner rc=2: 	n0*=pixel_shuffle(L0,·)
MISMATCH	w0:779	out[0] max|delta|=1.111e+00 (rtol=0.01 atol=0.001)	n0*=max_pool2d_with_indices_backward.grad_input(L0,L1,·,·,·,·,·,L2,L3)
SKIP	w0:624	fvp_runner rc=2: >> building runner (cache miss): backend=cortex-m target=cortex-m55 ops=c5f62f3b (shared SDK, no fetch) ... 	n0*=scatter_add.out(L0,·,L1,L2,·)
SKIP	w1:117	fvp_runner rc=2: 	n0*=_pdist_forward(L0,·)
MISMATCH	w1:121	out[0] max|delta|=2.300e+01 (rtol=0.0 atol=0.0)	n0*=bitwise_right_shift.Tensor_out(L0,L1,·)
SKIP	w0:80	fvp_runner rc=2: no out-*.bin produced (see /tmp/fvp_job_f9twsxom/uart.log) 	n0*=arange.out(·,·)
SKIP	w1:122	fvp_runner rc=2: no out-*.bin produced (see /tmp/fvp_job_dcctw1h2/uart.log) 	n0*=arange.out(·,·)
SKIP	w0:649	fvp_runner rc=2: >> building runner (cache miss): backend=cortex-m target=cortex-m55 ops=cf6ddabd (shared SDK, no fetch) ... no out-*.bin produced (see /tmp/fvp_job_mq5qikaw/uart.log) 	n0*=arange.start_out(·,·,·,·)
SKIP	w1:146	fvp_runner rc=2: no out-*.bin produced (see /tmp/fvp_job_16n3sofz/uart.log) 	n0*=ones.out(·,·)
SKIP	w1:155	fvp_runner rc=2: 	n0*=pixel_unshuffle(L0,·)
MISMATCH	w1:169	out[0] max|delta|=2.560e+02 (rtol=0.0 atol=0.0)	n0*=bitwise_right_shift.Tensor_Scalar(L0,·)
SKIP	w1:186	fvp_runner rc=2: no out-*.bin produced (see /tmp/fvp_job_3tuoyu_4/uart.log) 	n0*=full.out(·,·,·)
MISMATCH	w1:201	out[0] max|delta|=5.000e+00 (rtol=0.0 atol=0.0)	n0*=remainder.Scalar(L0,·)
SKIP	w1:216	fvp_runner rc=2: 	n0*=expand_copy(L0,·,·)
SKIP	w1:229	fvp_runner rc=2: 	n0*=pixel_unshuffle(L0,·)
SKIP	w1:235	fvp_runner rc=2: no out-*.bin produced (see /tmp/fvp_job_huw9f7x9/uart.log) 	n0*=arange.start_out(·,·,·,·)
SKIP	w1:270	fvp_runner rc=2: 	n0*=where.self(L0,L1,L2)
SKIP	w1:299	fvp_runner rc=2: 	n0*=scatter.src_out(L0,·,L1,L2,·)
SKIP	w1:306	fvp_runner rc=2: 	n0*=copy(L0,L1,·)
SKIP	w1:307	fvp_runner rc=2: no out-*.bin produced (see /tmp/fvp_job_6mggslzv/uart.log) 	n0*=stack(·,·)
CRASH	w0:729	fvp_runner rc=5: >> building runner (cache miss): backend=cortex-m target=cortex-m55 ops=b0707b1a (shared SDK, no fetch) ... cortex-m runner build failed (see /tmp/fvp_job_jc5tme_u/build.fail.log) 	n0*=linear(L0,L1,·)
SKIP	w1:317	fvp_runner rc=2: no out-*.bin produced (see /tmp/fvp_job_z2cs7umv/uart.log) 	n0*=zeros.out(·,·)
SKIP	w0:756	fvp_runner rc=2: 	n0*=native_group_norm(L0,·,·,·,·,·,·,·)
SKIP	w1:114	fvp_runner rc=2: 	n0*=native_group_norm(L0,·,·,·,·,·,·,·)
SKIP	w0:72	fvp_runner rc=2: >> building runner (cache miss): backend=cortex-m target=cortex-m55 ops=01e3346f (shared SDK, no fetch) ... 	n0*=native_group_norm(L0,·,·,·,·,·,·,·)
SKIP	w1:260	fvp_runner rc=2: 	n0*=native_group_norm(L0,·,·,·,·,·,·,·)
MISMATCH	w1:333	out[0] max|delta|=3.000e+00 (rtol=0.0 atol=0.0)	n0*=remainder.Tensor_out(L0,L1,·)
SKIP	w1:350	fvp_runner rc=2: no out-*.bin produced (see /tmp/fvp_job_v2d6f1xu/uart.log) 	n0*=arange.out(·,·)
SKIP	w1:374	fvp_runner rc=2: no out-*.bin produced (see /tmp/fvp_job_ja9ltjt7/uart.log) 	n0*=ones.out(·,·)
SKIP	w0:85	fvp_runner rc=2: 	n0*=mul.Scalar(L0,·)
SKIP	w0:769	fvp_runner rc=2: >> building runner (cache miss): backend=cortex-m target=cortex-m55 ops=30a90f2d (shared SDK, no fetch) ... 	n0*=mul.Scalar(L0,·)
SKIP	w1:414	fvp_runner rc=2: no out-*.bin produced (see /tmp/fvp_job_3ad75ndh/uart.log) 	n0*=full.out(·,·,·)
CRASH	w1:145	fvp_runner rc=5: >> building runner (cache miss): backend=cortex-m target=cortex-m55 ops=10383d3a (shared SDK, no fetch) ... cortex-m runner build failed (see /tmp/fvp_job_jl6vgjpr/build.fail.log) 	n0*=_fft_r2c(L0,·,·,·)
MISMATCH	w1:515	out[0] max|delta|=4.800e+01 (rtol=0.01 atol=0.001)	n0*=bitwise_left_shift.Tensor_out(L0,L1,·)
MISMATCH	w1:512	out[0] max|delta|=1.153e+18 (rtol=0.0 atol=0.0)	n0*=bitwise_left_shift.Tensor_Scalar_out(L0,·,·)
SKIP	w1:532	fvp_runner rc=2: 	n0*=topk.values(L0,·,·,·,·,L1,L2)
SKIP	w1:535	fvp_runner rc=2: no out-*.bin produced (see /tmp/fvp_job_0yuqnscm/uart.log) 	n0*=stack(·,·)
MISMATCH	w1:561	out[0] max|delta|=4.000e+00 (rtol=0.0 atol=0.0)	n0*=remainder.Tensor_out(L0,L1,·)
SKIP	w1:602	fvp_runner rc=2: no out-*.bin produced (see /tmp/fvp_job_6pvwm7_8/uart.log) 	n0*=ones.out(·,·)
MISMATCH	w1:607	out[0] max|delta|=1.929e+00 (rtol=0.01 atol=0.001)	n0*=fill.Scalar(L0,·)
SKIP	w1:611	fvp_runner rc=2: 	n0*=pixel_unshuffle(L0,·)
SKIP	w1:665	fvp_runner rc=2: 	n0*=pixel_shuffle(L0,·)
SKIP	w1:672	fvp_runner rc=2: 	n0*=expand_copy(L0,·,·)
SKIP	w1:345	fvp_runner rc=2: >> building runner (cache miss): backend=cortex-m target=cortex-m55 ops=92297ce9 (shared SDK, no fetch) ... 	n0*=_pdist_forward(L0,·)
MISMATCH	w1:744	out[0] max|delta|=1.270e+02 (rtol=0.01 atol=0.001)	n0*=div.out_mode(L0,L1,·,·)
MISMATCH	w1:743	out[0] max|delta|=9.223e+18 (rtol=0.0 atol=0.0)	n0*=bitwise_left_shift.Tensor_out(L0,L1,·)
CRASH	w1:373	fvp_runner rc=5: >> building runner (cache miss): backend=cortex-m target=cortex-m55 ops=10383d3a (shared SDK, no fetch) ... cortex-m runner build failed (see /tmp/fvp_job_f9rtq0yy/build.fail.log) 	n0*=_fft_r2c(L0,·,·,·)
SKIP	w1:773	fvp_runner rc=2: no out-*.bin produced (see /tmp/fvp_job_nt60b4jb/uart.log) 	n0*=zeros.out(·,·)
SKIP	w1:762	fvp_runner rc=2: 	n0*=copy(L0,L1,·)
SKIP	w1:763	fvp_runner rc=2: no out-*.bin produced (see /tmp/fvp_job_guxcl0eu/uart.log) 	n0*=stack(·,·)
SKIP	w1:90	fvp_runner rc=2: 	n0*=min.dim_min(L0,·,·,L1,L2)
MISMATCH	w10:12	out[0] max|delta|=8.000e+00 (rtol=0.0 atol=0.0)	n0*=remainder.Scalar(L0,·)
SKIP	w10:118	fvp_runner rc=2: no out-*.bin produced (see /tmp/fvp_job_co2789yu/uart.log) 	n0*=stack(·,·)
SKIP	w10:128	fvp_runner rc=2: no out-*.bin produced (see /tmp/fvp_job_lxb2tey2/uart.log) 	n0*=zeros.out(·,·)
SKIP	w10:129	fvp_runner rc=2: 	n0*=min.dim_min(L0,·,·,L1,L2)
SKIP	w10:153	fvp_runner rc=2: 	n0*=native_group_norm(L0,·,·,·,·,·,·,·)
SKIP	w10:156	fvp_runner rc=2: 	n0*=_pdist_forward(L0,·)
MISMATCH	w10:160	out[0] max|delta|=2.300e+01 (rtol=0.0 atol=0.0)	n0*=bitwise_right_shift.Tensor_out(L0,L1,·)
SKIP	w10:185	fvp_runner rc=2: no out-*.bin produced (see /tmp/fvp_job_x0xuvtjg/uart.log) 	n0*=ones.out(·,·)
MISMATCH	w10:190	out[0] max|delta|=1.929e+00 (rtol=0.01 atol=0.001)	n0*=fill.Scalar(L0,·)
SKIP	w10:225	fvp_runner rc=2: no out-*.bin produced (see /tmp/fvp_job_nm7pduen/uart.log) 	n0*=full.out(·,·,·)
SKIP	w10:274	fvp_runner rc=2: no out-*.bin produced (see /tmp/fvp_job_0ulrm68t/uart.log) 	n0*=arange.start_out(·,·,·,·)
SKIP	w10:309	fvp_runner rc=2: 	n0*=where.self(L0,L1,L2)
MISMATCH	w10:326	out[0] max|delta|=4.800e+01 (rtol=0.01 atol=0.001)	n0*=bitwise_left_shift.Tensor_out(L0,L1,·)
MISMATCH	w10:331	out[0] max|delta|=2.599e-01 (rtol=0.01 atol=0.001)	n0*=index_put(L0,·,L1,·)
SKIP	w10:346	fvp_runner rc=2: no out-*.bin produced (see /tmp/fvp_job_lphd_zvv/uart.log) 	n0*=stack(·,·)
SKIP	w10:356	fvp_runner rc=2: no out-*.bin produced (see /tmp/fvp_job__m92qx7j/uart.log) 	n0*=zeros.out(·,·)
SKIP	w10:389	fvp_runner rc=2: no out-*.bin produced (see /tmp/fvp_job_wpjrzzps/uart.log) 	n0*=arange.out(·,·)
SKIP	w10:396	fvp_runner rc=2: 	n0*=pixel_shuffle(L0,·)
MISMATCH	w10:378	out[0] max|delta|=1.280e+02 (rtol=0.01 atol=0.001)	n0*=div.Scalar(L0,·)
SKIP	w10:413	fvp_runner rc=2: no out-*.bin produced (see /tmp/fvp_job_9whf34kt/uart.log) 	n0*=ones.out(·,·)
CRASH	w1:601	fvp_runner rc=5: >> building runner (cache miss): backend=cortex-m target=cortex-m55 ops=10383d3a (shared SDK, no fetch) ... cortex-m runner build failed (see /tmp/fvp_job_6mfxif1j/build.fail.log) 	n0*=_fft_r2c(L0,·,·,·)
MISMATCH	w10:436	out[0] max|delta|=8.000e+00 (rtol=0.0 atol=0.0)	n0*=bitwise_right_shift.Tensor_Scalar(L0,·)
SKIP	w10:46	fvp_runner rc=2: no out-*.bin produced (see /tmp/fvp_job_au0rfite/uart.log) 	n0*=arange.start_out(·,·,·,·)
SKIP	w10:496	fvp_runner rc=2: 	n0*=pixel_unshuffle(L0,·)
SKIP	w10:512	fvp_runner rc=2: 	n0*=permute_copy(L0,·)
SKIP	w10:522	fvp_runner rc=2: 	n0*=convolution(L0,L1,·,·,·,·,·,·,·)
SKIP	w10:56	fvp_runner rc=2: 	n0*=permute_copy(L0,·)
SKIP	w1:79	fvp_runner rc=2: >> building runner (cache miss): backend=cortex-m target=cortex-m55 ops=3f4fd840 (shared SDK, no fetch) ... no out-*.bin produced (see /tmp/fvp_job_q0wzymp_/uart.log) 	n0*=stack(·,·)
SKIP	w10:573	fvp_runner rc=2: 	n0*=copy(L0,L1,·)
SKIP	w10:584	fvp_runner rc=2: no out-*.bin produced (see /tmp/fvp_job_s2fjc4f6/uart.log) 	n0*=zeros.out(·,·)
SKIP	w10:617	fvp_runner rc=2: no out-*.bin produced (see /tmp/fvp_job_z3mod3b_/uart.log) 	n0*=arange.out(·,·)
SKIP	w10:641	fvp_runner rc=2: no out-*.bin produced (see /tmp/fvp_job_3ibyrms9/uart.log) 	n0*=ones.out(·,·)
MISMATCH	w10:632	out[0] max|delta|=2.694e+00 (rtol=0.01 atol=0.001)	n0*=max_pool2d_with_indices_backward.grad_input(L0,L1,·,·,·,·,·,L2,L3)
MISMATCH	w10:646	out[0] max|delta|=1.929e+00 (rtol=0.01 atol=0.001)	n0*=fill.Scalar(L0,·)
SKIP	w10:650	fvp_runner rc=2: 	n0*=pixel_unshuffle(L0,·)
SKIP	w10:21	fvp_runner rc=2: >> building runner (cache miss): backend=cortex-m target=cortex-m55 ops=9baf382d (shared SDK, no fetch) ... 	n0*=scatter_add.out(L0,·,L1,L2,·)
MISMATCH	w10:664	out[0] max|delta|=1.280e+02 (rtol=0.0 atol=0.0)	n0*=bitwise_right_shift.Tensor_Scalar(L0,·)
SKIP	w10:66	fvp_runner rc=2: 	n0*=convolution(L0,L1,·,·,·,·,·,·,·)
SKIP	w10:704	fvp_runner rc=2: 	n0*=pixel_shuffle(L0,·)
SKIP	w10:711	fvp_runner rc=2: 	n0*=expand_copy(L0,·,·)
SKIP	w10:705	fvp_runner rc=2: 	n0*=scatter_add.out(L0,·,L1,L2,·)
SKIP	w10:755	fvp_runner rc=2: 	n0*=native_group_norm(L0,·,·,·,·,·,·,·)
SKIP	w10:81	fvp_runner rc=2: 	n0*=where.self(L0,L1,L2)
MISMATCH	w100:119	out[0] max|delta|=1.000e+00 (rtol=0.01 atol=0.001)	n0*=logical_and.out(L0,L1,·)
MISMATCH	w100:122	out[0] max|delta|=2.847e+00 (rtol=0.01 atol=0.001)	n0*=fill.Scalar(L0,·)
SKIP	w100:13	fvp_runner rc=2: 	n0*=where.self(L0,L1,L2)
SKIP	w100:126	fvp_runner rc=2: 	n0*=pixel_unshuffle(L0,·)
SKIP	w100:157	fvp_runner rc=2: no out-*.bin produced (see /tmp/fvp_job_wduigq5x/uart.log) 	n0*=full.out(·,·,·)
CRASH	w10:184	fvp_runner rc=5: >> building runner (cache miss): backend=cortex-m target=cortex-m55 ops=10383d3a (shared SDK, no fetch) ... cortex-m runner build failed (see /tmp/fvp_job_m2ik5bm3/build.fail.log) 	n0*=_fft_r2c(L0,·,·,·)
SKIP	w100:231	fvp_runner rc=2: 	n0*=native_group_norm(L0,·,·,·,·,·,·,·)
CRASH	w10:582	fvp_runner rc=5: >> building runner (cache miss): backend=cortex-m target=cortex-m55 ops=b0707b1a (shared SDK, no fetch) ... cortex-m runner build failed (see /tmp/fvp_job_onpknjuv/build.fail.log) 	n0*=linear(L0,L1,·)
MISMATCH	w100:263	out[0] max|delta|=2.599e-01 (rtol=0.01 atol=0.001)	n0*=index_put(L0,·,L1,·)
SKIP	w100:270	fvp_runner rc=2: 	n0*=scatter.src_out(L0,·,L1,L2,·)
SKIP	w100:288	fvp_runner rc=2: no out-*.bin produced (see /tmp/fvp_job_3af9kpk4/uart.log) 	n0*=zeros.out(·,·)
SKIP	w100:278	fvp_runner rc=2: no out-*.bin produced (see /tmp/fvp_job_gz_k93_x/uart.log) 	n0*=stack(·,·)
MISMATCH	w100:30	out[0] max|delta|=4.800e+01 (rtol=0.01 atol=0.001)	n0*=bitwise_left_shift.Tensor_out(L0,L1,·)
SKIP	w10:574	fvp_runner rc=2: >> building runner (cache miss): backend=cortex-m target=cortex-m55 ops=49f8cd31 (shared SDK, no fetch) ... no out-*.bin produced (see /tmp/fvp_job_dt_x_wu6/uart.log) 	n0*=stack(·,·)
SKIP	w100:316	fvp_runner rc=2: 	n0*=_pdist_forward(L0,·)
SKIP	w100:321	fvp_runner rc=2: no out-*.bin produced (see /tmp/fvp_job_7hivfv0y/uart.log) 	n0*=arange.out(·,·)
MISMATCH	w100:350	out[0] max|delta|=4.980e-01 (rtol=0.01 atol=0.001)	n0*=fill.Scalar(L0,·)
SKIP	w100:345	fvp_runner rc=2: no out-*.bin produced (see /tmp/fvp_job_iof82ixs/uart.log) 	n0*=ones.out(·,·)
SKIP	w100:415	fvp_runner rc=2: 	n0*=expand_copy(L0,·,·)
SKIP	w100:434	fvp_runner rc=2: no out-*.bin produced (see /tmp/fvp_job_mii7j4sv/uart.log) 	n0*=arange.start_out(·,·,·,·)
SKIP	w100:428	fvp_runner rc=2: 	n0*=pixel_unshuffle(L0,·)
SKIP	w100:459	fvp_runner rc=2: 	n0*=native_group_norm(L0,·,·,·,·,·,·,·)
SKIP	w10:736	fvp_runner rc=2: >> building runner (cache miss): backend=cortex-m target=cortex-m55 ops=5e38e7e0 (shared SDK, no fetch) ... 	n0*=scatter.value_out(L0,·,L1,·,·)
SKIP	w10:758	fvp_runner rc=2: >> building runner (cache miss): backend=cortex-m target=cortex-m55 ops=d18286c8 (shared SDK, no fetch) ... 	n0*=minimum.out(L0,L1,·)
SKIP	w100:50	fvp_runner rc=2: no out-*.bin produced (see /tmp/fvp_job_y9kv0ppg/uart.log) 	n0*=stack(·,·)
SKIP	w100:506	fvp_runner rc=2: no out-*.bin produced (see /tmp/fvp_job__c9u0k8q/uart.log) 	n0*=stack(·,·)
SKIP	w100:516	fvp_runner rc=2: no out-*.bin produced (see /tmp/fvp_job_xe0zdgp7/uart.log) 	n0*=zeros.out(·,·)
CRASH	w10:412	fvp_runner rc=5: >> building runner (cache miss): backend=cortex-m target=cortex-m55 ops=10383d3a (shared SDK, no fetch) ... cortex-m runner build failed (see /tmp/fvp_job_oqkn90zk/build.fail.log) 	n0*=_fft_r2c(L0,·,·,·)
MISMATCH	w100:548	out[0] max|delta|=2.300e+01 (rtol=0.0 atol=0.0)	n0*=bitwise_right_shift.Tensor_out(L0,L1,·)
SKIP	w100:573	fvp_runner rc=2: no out-*.bin produced (see /tmp/fvp_job_ahd034h0/uart.log) 	n0*=ones.out(·,·)
MISMATCH	w100:578	out[0] max|delta|=4.941e-01 (rtol=0.01 atol=0.001)	n0*=fill.Scalar(L0,·)
MISMATCH	w100:596	out[0] max|delta|=1.280e+02 (rtol=0.0 atol=0.0)	n0*=bitwise_right_shift.Tensor_Scalar(L0,·)
SKIP	w100:60	fvp_runner rc=2: no out-*.bin produced (see /tmp/fvp_job__0jiu24r/uart.log) 	n0*=zeros.out(·,·)
SKIP	w100:613	fvp_runner rc=2: no out-*.bin produced (see /tmp/fvp_job_7hsn4u6p/uart.log) 	n0*=full.out(·,·,·)
MISMATCH	w100:646	out[0] max|delta|=1.000e+00 (rtol=0.0 atol=0.0)	n0*=pow.Scalar_out(·,L0,·)
CRASH	w100:145	fvp_runner rc=5: >> building runner (cache miss): backend=cortex-m target=cortex-m55 ops=b0707b1a (shared SDK, no fetch) ... cortex-m runner build failed (see /tmp/fvp_job__p1twjno/build.fail.log) 	n0*=linear.out(L0,L1,·,·)
SKIP	w100:662	fvp_runner rc=2: no out-*.bin produced (see /tmp/fvp_job_bwvur__y/uart.log) 	n0*=arange.start_out(·,·,·,·)
SKIP	w100:697	fvp_runner rc=2: 	n0*=where.self(L0,L1,L2)
SKIP	w100:726	fvp_runner rc=2: 	n0*=scatter.src_out(L0,·,L1,L2,·)
SKIP	w100:734	fvp_runner rc=2: no out-*.bin produced (see /tmp/fvp_job_71li2qe3/uart.log) 	n0*=stack(·,·)
SKIP	w100:744	fvp_runner rc=2: no out-*.bin produced (see /tmp/fvp_job_tos8_1rs/uart.log) 	n0*=zeros.out(·,·)
MISMATCH	w100:760	out[0] max|delta|=4.000e+00 (rtol=0.0 atol=0.0)	n0*=remainder.Tensor_out(L0,L1,·)
MISMATCH	w100:76	out[0] max|delta|=2.000e+00 (rtol=0.01 atol=0.001)	n0*=remainder.Tensor_out(L0,L1,·)
SKIP	w100:93	fvp_runner rc=2: no out-*.bin produced (see /tmp/fvp_job_ncd4z1g_/uart.log) 	n0*=arange.out(·,·)
SKIP	w101:100	fvp_runner rc=2: no out-*.bin produced (see /tmp/fvp_job_sm81r8ck/uart.log) 	n0*=arange.start_out(·,·,·,·)
SKIP	w100:85	fvp_runner rc=2: 	n0*=native_group_norm(L0,·,·,·,·,·,·,·)
SKIP	w101:106	fvp_runner rc=2: 	n0*=scatter.value_out(L0,·,L1,·,·)
SKIP	w101:11	fvp_runner rc=2: no out-*.bin produced (see /tmp/fvp_job_pb_6x2pm/uart.log) 	n0*=ones.out(·,·)
SKIP	w101:110	fvp_runner rc=2: 	n0*=permute_copy(L0,·)
SKIP	w101:135	fvp_runner rc=2: 	n0*=where.self(L0,L1,L2)
MISMATCH	w101:157	out[0] max|delta|=2.599e-01 (rtol=0.01 atol=0.001)	n0*=index_put(L0,·,L1,·)
MISMATCH	w101:16	out[0] max|delta|=1.945e+00 (rtol=0.01 atol=0.001)	n0*=fill.Scalar(L0,·)
SKIP	w101:164	fvp_runner rc=2: 	n0*=scatter.src_out(L0,·,L1,L2,·)
SKIP	w101:171	fvp_runner rc=2: 	n0*=copy(L0,L1,·)
SKIP	w101:172	fvp_runner rc=2: no out-*.bin produced (see /tmp/fvp_job_sqwrf9nt/uart.log) 	n0*=stack(·,·)
SKIP	w101:210	fvp_runner rc=2: 	n0*=_pdist_forward(L0,·)
MISMATCH	w101:214	out[0] max|delta|=2.300e+01 (rtol=0.0 atol=0.0)	n0*=bitwise_right_shift.Tensor_out(L0,L1,·)
SKIP	w101:215	fvp_runner rc=2: no out-*.bin produced (see /tmp/fvp_job_k2dx12le/uart.log) 	n0*=arange.out(·,·)
CRASH	w10:640	fvp_runner rc=5: >> building runner (cache miss): backend=cortex-m target=cortex-m55 ops=10383d3a (shared SDK, no fetch) ... cortex-m runner build failed (see /tmp/fvp_job_nm25olgf/build.fail.log) 	n0*=_fft_r2c(L0,·,·,·)
SKIP	w101:239	fvp_runner rc=2: no out-*.bin produced (see /tmp/fvp_job_pht1ub4w/uart.log) 	n0*=ones.out(·,·)
SKIP	w101:248	fvp_runner rc=2: 	n0*=pixel_unshuffle(L0,·)
SKIP	w101:322	fvp_runner rc=2: 	n0*=pixel_unshuffle(L0,·)
CRASH	w100:286	fvp_runner rc=5: >> building runner (cache miss): backend=cortex-m target=cortex-m55 ops=b0707b1a (shared SDK, no fetch) ... cortex-m runner build failed (see /tmp/fvp_job_8_wmhdx1/build.fail.log) 	n0*=linear(L0,L1,·)
SKIP	w101:353	fvp_runner rc=2: 	n0*=native_group_norm(L0,·,·,·,·,·,·,·)
SKIP	w101:356	fvp_runner rc=2: 	n0*=minimum.out(L0,L1,·)
SKIP	w101:397	fvp_runner rc=2: 	n0*=topk.values(L0,·,·,·,·,L1,L2)
SKIP	w101:400	fvp_runner rc=2: no out-*.bin produced (see /tmp/fvp_job_q9h4gfu4/uart.log) 	n0*=stack(·,·)
SKIP	w101:410	fvp_runner rc=2: no out-*.bin produced (see /tmp/fvp_job_mdes9l1m/uart.log) 	n0*=zeros.out(·,·)
SKIP	w101:435	fvp_runner rc=2: 	n0*=native_group_norm(L0,·,·,·,·,·,·,·)
SKIP	w101:438	fvp_runner rc=2: 	n0*=_pdist_forward(L0,·)
SKIP	w101:443	fvp_runner rc=2: no out-*.bin produced (see /tmp/fvp_job_iwbwvfqa/uart.log) 	n0*=arange.out(·,·)
SKIP	w101:467	fvp_runner rc=2: no out-*.bin produced (see /tmp/fvp_job_p2e_150e/uart.log) 	n0*=ones.out(·,·)
MISMATCH	w101:490	out[0] max|delta|=4.000e+00 (rtol=0.0 atol=0.0)	n0*=bitwise_right_shift.Tensor_Scalar(L0,·)
SKIP	w101:51	fvp_runner rc=2: no out-*.bin produced (see /tmp/fvp_job_gl1r8ckb/uart.log) 	n0*=full.out(·,·,·)
SKIP	w101:513	fvp_runner rc=2: 	n0*=unfold_copy(L0,·,·,·)
SKIP	w101:531	fvp_runner rc=2: 	n0*=scatter_add.out(L0,·,L1,L2,·)
MISMATCH	w101:535	out[0] max|delta|=1.280e+02 (rtol=0.0 atol=0.0)	n0*=bitwise_right_shift.Tensor_Scalar_out(L0,·,·)
SKIP	w101:556	fvp_runner rc=2: no out-*.bin produced (see /tmp/fvp_job_4pha7jr1/uart.log) 	n0*=arange.start_out(·,·,·,·)
SKIP	w101:581	fvp_runner rc=2: 	n0*=native_group_norm(L0,·,·,·,·,·,·,·)
MISMATCH	w101:605	out[0] max|delta|=9.223e+18 (rtol=0.0 atol=0.0)	n0*=bitwise_left_shift.Tensor_Scalar_out(L0,·,·)
MISMATCH	w101:608	out[0] max|delta|=2.306e+18 (rtol=0.0 atol=0.0)	n0*=bitwise_left_shift.Tensor_out(L0,L1,·)
MISMATCH	w101:613	out[0] max|delta|=6.197e-01 (rtol=0.01 atol=0.001)	n0*=index_put(L0,·,L1,·)
SKIP	w101:627	fvp_runner rc=2: 	n0*=copy(L0,L1,·)
SKIP	w101:628	fvp_runner rc=2: no out-*.bin produced (see /tmp/fvp_job__sspzahh/uart.log) 	n0*=stack(·,·)
CRASH	w100:116	fvp_runner rc=5: >> building runner (cache miss): backend=cortex-m target=cortex-m55 ops=10383d3a (shared SDK, no fetch) ... cortex-m runner build failed (see /tmp/fvp_job_uiek03hw/build.fail.log) 	n0*=_fft_r2c(L0,·,·,·)
SKIP	w101:638	fvp_runner rc=2: no out-*.bin produced (see /tmp/fvp_job_eea8jvk8/uart.log) 	n0*=zeros.out(·,·)
SKIP	w101:656	fvp_runner rc=2: 	n0*=max.dim_max(L0,·,·,L1,L2)
MISMATCH	w101:66	out[0] max|delta|=5.000e+00 (rtol=0.0 atol=0.0)	n0*=remainder.Scalar(L0,·)
SKIP	w101:663	fvp_runner rc=2: 	n0*=native_group_norm(L0,·,·,·,·,·,·,·)
SKIP	w101:666	fvp_runner rc=2: 	n0*=_pdist_forward(L0,·)
MISMATCH	w101:654	out[0] max|delta|=1.000e+00 (rtol=0.01 atol=0.001)	n0*=remainder.Tensor_out(L0,L1,·)
SKIP	w101:678	fvp_runner rc=2: 	n0*=pixel_shuffle(L0,·)
SKIP	w101:695	fvp_runner rc=2: no out-*.bin produced (see /tmp/fvp_job_y1fmf4x8/uart.log) 	n0*=ones.out(·,·)
SKIP	w101:735	fvp_runner rc=2: no out-*.bin produced (see /tmp/fvp_job_jrtjgp80/uart.log) 	n0*=full.out(·,·,·)
MISMATCH	w101:750	out[0] max|delta|=2.000e+00 (rtol=0.0 atol=0.0)	n0*=remainder.Scalar(L0,·)
MISMATCH	w101:757	out[0] max|delta|=2.882e+17 (rtol=0.0 atol=0.0)	n0*=bitwise_left_shift.Tensor_Scalar(L0,·)
SKIP	w101:758	fvp_runner rc=2: 	n0*=pixel_shuffle(L0,·)
SKIP	w101:765	fvp_runner rc=2: 	n0*=expand_copy(L0,·,·)
SKIP	w101:759	fvp_runner rc=2: 	n0*=scatter_add.out(L0,·,L1,L2,·)
MISMATCH	w101:323	out[0] max|delta|=4.000e+00 (rtol=0.01 atol=0.001)	n0*=remainder.Scalar_out(L0,·,·)
CRASH	w101:408	fvp_runner rc=5: >> building runner (cache miss): backend=cortex-m target=cortex-m55 ops=b0707b1a (shared SDK, no fetch) ... cortex-m runner build failed (see /tmp/fvp_job_px8u_62k/build.fail.log) 	n0*=linear(L0,L1,·)
SKIP	w101:81	fvp_runner rc=2: 	n0*=expand_copy(L0,·,·)
SKIP	w101:94	fvp_runner rc=2: 	n0*=pixel_unshuffle(L0,·)
SKIP	w102:100	fvp_runner rc=2: 	n0*=_pdist_forward(L0,·)
SKIP	w102:105	fvp_runner rc=2: no out-*.bin produced (see /tmp/fvp_job_v6febbce/uart.log) 	n0*=arange.out(·,·)
MISMATCH	w102:106	out[0] max|delta|=3.184e-01 (rtol=0.01 atol=0.001)	n0*=fmod.Tensor_out(L0,L1,·)
SKIP	w102:112	fvp_runner rc=2: 	n0*=pixel_shuffle(L0,·)
SKIP	w102:129	fvp_runner rc=2: no out-*.bin produced (see /tmp/fvp_job_y_j02yfo/uart.log) 	n0*=ones.out(·,·)
MISMATCH	w102:152	out[0] max|delta|=4.000e+00 (rtol=0.0 atol=0.0)	n0*=bitwise_right_shift.Tensor_Scalar(L0,·)
SKIP	w102:169	fvp_runner rc=2: no out-*.bin produced (see /tmp/fvp_job_z81hxvfd/uart.log) 	n0*=full.out(·,·,·)
MISMATCH	w102:184	out[0] max|delta|=3.000e+00 (rtol=0.0 atol=0.0)	n0*=remainder.Scalar(L0,·)
SKIP	w102:199	fvp_runner rc=2: 	n0*=expand_copy(L0,·,·)
SKIP	w102:243	fvp_runner rc=2: 	n0*=native_group_norm(L0,·,·,·,·,·,·,·)
SKIP	w102:253	fvp_runner rc=2: 	n0*=where.self(L0,L1,L2)
MISMATCH	w102:275	out[0] max|delta|=2.599e-01 (rtol=0.01 atol=0.001)	n0*=index_put(L0,·,L1,·)
SKIP	w102:300	fvp_runner rc=2: no out-*.bin produced (see /tmp/fvp_job_vqpyx7_j/uart.log) 	n0*=zeros.out(·,·)
CRASH	w100:344	fvp_runner rc=5: >> building runner (cache miss): backend=cortex-m target=cortex-m55 ops=10383d3a (shared SDK, no fetch) ... cortex-m runner build failed (see /tmp/fvp_job__6go457b/build.fail.log) 	n0*=_fft_r2c(L0,·,·,·)
SKIP	w102:340	fvp_runner rc=2: 	n0*=pixel_shuffle(L0,·)
SKIP	w102:366	fvp_runner rc=2: 	n0*=pixel_unshuffle(L0,·)
SKIP	w102:397	fvp_runner rc=2: no out-*.bin produced (see /tmp/fvp_job_bi2ukilf/uart.log) 	n0*=full.out(·,·,·)
MISMATCH	w102:42	out[0] max|delta|=4.800e+01 (rtol=0.01 atol=0.001)	n0*=bitwise_left_shift.Tensor_out(L0,L1,·)
SKIP	w102:421	fvp_runner rc=2: 	n0*=scatter_add.out(L0,·,L1,L2,·)
SKIP	w102:446	fvp_runner rc=2: no out-*.bin produced (see /tmp/fvp_job_w271ijji/uart.log) 	n0*=arange.start_out(·,·,·,·)
MISMATCH	w102:441	out[0] max|delta|=5.000e+00 (rtol=0.0 atol=0.0)	n0*=remainder.Scalar_out(L0,·,·)
SKIP	w102:440	fvp_runner rc=2: 	n0*=pixel_unshuffle(L0,·)
SKIP	w101:778	fvp_runner rc=2: >> building runner (cache miss): backend=cortex-m target=cortex-m55 ops=9dfc78d5 (shared SDK, no fetch) ... 	n0*=pixel_unshuffle(L0,·)
SKIP	w102:481	fvp_runner rc=2: 	n0*=where.self(L0,L1,L2)
MISMATCH	w102:498	out[0] max|delta|=4.800e+01 (rtol=0.01 atol=0.001)	n0*=bitwise_left_shift.Tensor_out(L0,L1,·)
SKIP	w102:510	fvp_runner rc=2: 	n0*=scatter.src_out(L0,·,L1,L2,·)
SKIP	w102:518	fvp_runner rc=2: no out-*.bin produced (see /tmp/fvp_job_pn0knsrc/uart.log) 	n0*=stack(·,·)
SKIP	w102:517	fvp_runner rc=2: 	n0*=copy(L0,L1,·)
SKIP	w102:528	fvp_runner rc=2: no out-*.bin produced (see /tmp/fvp_job_u2yzmfl9/uart.log) 	n0*=zeros.out(·,·)
MISMATCH	w102:544	out[0] max|delta|=4.000e+00 (rtol=0.0 atol=0.0)	n0*=remainder.Tensor_out(L0,L1,·)
SKIP	w102:556	fvp_runner rc=2: 	n0*=_pdist_forward(L0,·)
SKIP	w102:561	fvp_runner rc=2: no out-*.bin produced (see /tmp/fvp_job_02gbuj3q/uart.log) 	n0*=arange.out(·,·)
SKIP	w102:568	fvp_runner rc=2: 	n0*=pixel_shuffle(L0,·)
SKIP	w102:585	fvp_runner rc=2: no out-*.bin produced (see /tmp/fvp_job_6gx58xs8/uart.log) 	n0*=ones.out(·,·)
SKIP	w102:594	fvp_runner rc=2: 	n0*=pixel_unshuffle(L0,·)
MISMATCH	w102:608	out[0] max|delta|=2.560e+02 (rtol=0.0 atol=0.0)	n0*=bitwise_right_shift.Tensor_Scalar(L0,·)
SKIP	w102:61	fvp_runner rc=2: 	n0*=copy(L0,L1,·)
SKIP	w102:62	fvp_runner rc=2: no out-*.bin produced (see /tmp/fvp_job_zehqxc71/uart.log) 	n0*=stack(·,·)
SKIP	w102:625	fvp_runner rc=2: no out-*.bin produced (see /tmp/fvp_job_smjyszby/uart.log) 	n0*=full.out(·,·,·)
MISMATCH	w102:647	out[0] max|delta|=7.206e+16 (rtol=0.0 atol=0.0)	n0*=bitwise_left_shift.Tensor_Scalar(L0,·)
SKIP	w102:649	fvp_runner rc=2: 	n0*=scatter_add.out(L0,·,L1,L2,·)
SKIP	w102:648	fvp_runner rc=2: 	n0*=pixel_shuffle(L0,·)
SKIP	w102:674	fvp_runner rc=2: no out-*.bin produced (see /tmp/fvp_job_d6b7u987/uart.log) 	n0*=arange.start_out(·,·,·,·)
SKIP	w102:290	fvp_runner rc=2: >> building runner (cache miss): backend=cortex-m target=cortex-m55 ops=122d2443 (shared SDK, no fetch) ... no out-*.bin produced (see /tmp/fvp_job_jy3dlvne/uart.log) 	n0*=stack(·,·)
CRASH	w100:572	fvp_runner rc=5: >> building runner (cache miss): backend=cortex-m target=cortex-m55 ops=10383d3a (shared SDK, no fetch) ... cortex-m runner build failed (see /tmp/fvp_job_ud2wqk9h/build.fail.log) 	n0*=_fft_r2c(L0,·,·,·)
SKIP	w102:709	fvp_runner rc=2: 	n0*=where.self(L0,L1,L2)
MISMATCH	w102:726	out[0] max|delta|=4.800e+01 (rtol=0.01 atol=0.001)	n0*=bitwise_left_shift.Tensor_out(L0,L1,·)
SKIP	w102:72	fvp_runner rc=2: no out-*.bin produced (see /tmp/fvp_job_eqzd8tkc/uart.log) 	n0*=zeros.out(·,·)
MISMATCH	w102:731	out[0] max|delta|=2.599e-01 (rtol=0.01 atol=0.001)	n0*=index_put(L0,·,L1,·)
SKIP	w102:746	fvp_runner rc=2: no out-*.bin produced (see /tmp/fvp_job_3p_5vprr/uart.log) 	n0*=stack(·,·)
SKIP	w102:756	fvp_runner rc=2: no out-*.bin produced (see /tmp/fvp_job_7rtk8wyl/uart.log) 	n0*=zeros.out(·,·)
SKIP	w102:97	fvp_runner rc=2: 	n0*=native_group_norm(L0,·,·,·,·,·,·,·)
SKIP	w103:10	fvp_runner rc=2: 	n0*=pixel_shuffle(L0,·)
SKIP	w103:100	fvp_runner rc=2: 	n0*=scatter.src_out(L0,·,L1,L2,·)
SKIP	w103:108	fvp_runner rc=2: no out-*.bin produced (see /tmp/fvp_job_53fopyjm/uart.log) 	n0*=stack(·,·)
SKIP	w103:118	fvp_runner rc=2: no out-*.bin produced (see /tmp/fvp_job_t13gxeh9/uart.log) 	n0*=zeros.out(·,·)
MISMATCH	w103:134	out[0] max|delta|=4.000e+00 (rtol=0.0 atol=0.0)	n0*=remainder.Tensor_out(L0,L1,·)
SKIP	w103:151	fvp_runner rc=2: no out-*.bin produced (see /tmp/fvp_job_gk31j9j4/uart.log) 	n0*=arange.out(·,·)
SKIP	w103:158	fvp_runner rc=2: 	n0*=pixel_shuffle(L0,·)
SKIP	w103:17	fvp_runner rc=2: 	n0*=expand_copy(L0,·,·)
SKIP	w103:175	fvp_runner rc=2: no out-*.bin produced (see /tmp/fvp_job_bi7pzxkc/uart.log) 	n0*=ones.out(·,·)
MISMATCH	w103:180	out[0] max|delta|=2.871e+00 (rtol=0.01 atol=0.001)	n0*=fill.Scalar(L0,·)
MISMATCH	w103:198	out[0] max|delta|=4.000e+00 (rtol=0.0 atol=0.0)	n0*=bitwise_right_shift.Tensor_Scalar(L0,·)
SKIP	w103:215	fvp_runner rc=2: no out-*.bin produced (see /tmp/fvp_job_4bqo6b_9/uart.log) 	n0*=full.out(·,·,·)
MISMATCH	w103:230	out[0] max|delta|=2.000e+00 (rtol=0.0 atol=0.0)	n0*=remainder.Scalar(L0,·)
CRASH	w102:613	fvp_runner rc=5: >> building runner (cache miss): backend=cortex-m target=cortex-m55 ops=b0707b1a (shared SDK, no fetch) ... cortex-m runner build failed (see /tmp/fvp_job_jxynaimh/build.fail.log) 	n0*=linear.out(L0,L1,·,·)
SKIP	w103:239	fvp_runner rc=2: 	n0*=scatter_add.out(L0,·,L1,L2,·)
SKIP	w103:258	fvp_runner rc=2: 	n0*=pixel_unshuffle(L0,·)
SKIP	w103:264	fvp_runner rc=2: no out-*.bin produced (see /tmp/fvp_job__5r563j8/uart.log) 	n0*=arange.start_out(·,·,·,·)
SKIP	w103:274	fvp_runner rc=2: 	n0*=permute_copy(L0,·)
SKIP	w103:30	fvp_runner rc=2: 	n0*=pixel_unshuffle(L0,·)
MISMATCH	w103:304	out[0] max|delta|=1.280e+02 (rtol=0.01 atol=0.001)	n0*=mul.out(L0,L1,·)
SKIP	w103:336	fvp_runner rc=2: no out-*.bin produced (see /tmp/fvp_job_rnhuwpsi/uart.log) 	n0*=stack(·,·)
SKIP	w103:347	fvp_runner rc=2: 	n0*=min.dim_min(L0,·,·,L1,L2)
SKIP	w103:36	fvp_runner rc=2: no out-*.bin produced (see /tmp/fvp_job_gm93z_vy/uart.log) 	n0*=arange.start_out(·,·,·,·)
CRASH	w101:10	fvp_runner rc=5: >> building runner (cache miss): backend=cortex-m target=cortex-m55 ops=10383d3a (shared SDK, no fetch) ... cortex-m runner build failed (see /tmp/fvp_job_3g27zz7f/build.fail.log) 	n0*=_fft_r2c(L0,·,·,·)
MISMATCH	w103:363	out[0] max|delta|=3.000e+00 (rtol=0.0 atol=0.0)	n0*=fmod.Scalar(L0,·)
SKIP	w103:364	fvp_runner rc=2: 	n0*=max.dim_max(L0,·,·,L1,L2)
SKIP	w103:403	fvp_runner rc=2: no out-*.bin produced (see /tmp/fvp_job_0azfwcjp/uart.log) 	n0*=ones.out(·,·)
SKIP	w103:443	fvp_runner rc=2: no out-*.bin produced (see /tmp/fvp_job_dv6cbzox/uart.log) 	n0*=full.out(·,·,·)
SKIP	w103:46	fvp_runner rc=2: 	n0*=permute_copy(L0,·)
SKIP	w103:492	fvp_runner rc=2: no out-*.bin produced (see /tmp/fvp_job_k5wc7h1i/uart.log) 	n0*=arange.start_out(·,·,·,·)
MISMATCH	w103:544	out[0] max|delta|=2.306e+18 (rtol=0.0 atol=0.0)	n0*=bitwise_left_shift.Tensor_out(L0,L1,·)
MISMATCH	w103:549	out[0] max|delta|=2.599e-01 (rtol=0.01 atol=0.001)	n0*=index_put(L0,·,L1,·)
SKIP	w103:556	fvp_runner rc=2: 	n0*=scatter.src_out(L0,·,L1,L2,·)
SKIP	w103:564	fvp_runner rc=2: no out-*.bin produced (see /tmp/fvp_job_u2s68vyk/uart.log) 	n0*=stack(·,·)
SKIP	w103:574	fvp_runner rc=2: no out-*.bin produced (see /tmp/fvp_job___vn3_u3/uart.log) 	n0*=zeros.out(·,·)
MISMATCH	w103:590	out[0] max|delta|=4.000e+00 (rtol=0.0 atol=0.0)	n0*=remainder.Tensor_out(L0,L1,·)
MISMATCH	w103:591	out[0] max|delta|=4.000e+00 (rtol=0.0 atol=0.0)	n0*=fmod.Scalar(L0,·)
SKIP	w103:607	fvp_runner rc=2: no out-*.bin produced (see /tmp/fvp_job_cn1v4u89/uart.log) 	n0*=arange.out(·,·)
SKIP	w103:631	fvp_runner rc=2: no out-*.bin produced (see /tmp/fvp_job_jd_ecb2_/uart.log) 	n0*=ones.out(·,·)
MISMATCH	w103:636	out[0] max|delta|=4.980e-01 (rtol=0.01 atol=0.001)	n0*=fill.Scalar(L0,·)
SKIP	w103:640	fvp_runner rc=2: 	n0*=pixel_unshuffle(L0,·)
SKIP	w103:695	fvp_runner rc=2: 	n0*=scatter_add.out(L0,·,L1,L2,·)
SKIP	w103:71	fvp_runner rc=2: 	n0*=where.self(L0,L1,L2)
SKIP	w103:720	fvp_runner rc=2: no out-*.bin produced (see /tmp/fvp_job_yfqbqrpp/uart.log) 	n0*=arange.start_out(·,·,·,·)
SKIP	w103:745	fvp_runner rc=2: 	n0*=native_group_norm(L0,·,·,·,·,·,·,·)
CRASH	w101:238	fvp_runner rc=5: >> building runner (cache miss): backend=cortex-m target=cortex-m55 ops=10383d3a (shared SDK, no fetch) ... cortex-m runner build failed (see /tmp/fvp_job_ok7rv7il/build.fail.log) 	n0*=_fft_r2c(L0,·,·,·)
MISMATCH	w104:149	out[0] max|delta|=6.000e+00 (rtol=0.0 atol=0.0)	n0*=remainder.Scalar(L0,·)
SKIP	w104:158	fvp_runner rc=2: 	n0*=scatter_add.out(L0,·,L1,L2,·)
SKIP	w104:183	fvp_runner rc=2: no out-*.bin produced (see /tmp/fvp_job_7glmsoih/uart.log) 	n0*=arange.start_out(·,·,·,·)
CRASH	w103:572	fvp_runner rc=5: >> building runner (cache miss): backend=cortex-m target=cortex-m55 ops=b0707b1a (shared SDK, no fetch) ... cortex-m runner build failed (see /tmp/fvp_job_93wko05_/build.fail.log) 	n0*=linear(L0,L1,·)
SKIP	w104:208	fvp_runner rc=2: 	n0*=native_group_norm(L0,·,·,·,·,·,·,·)
SKIP	w104:247	fvp_runner rc=2: 	n0*=scatter.src_out(L0,·,L1,L2,·)
SKIP	w104:255	fvp_runner rc=2: no out-*.bin produced (see /tmp/fvp_job_m8hegeo1/uart.log) 	n0*=stack(·,·)
SKIP	w104:27	fvp_runner rc=2: no out-*.bin produced (see /tmp/fvp_job_nqgadi_h/uart.log) 	n0*=stack(·,·)
SKIP	w104:293	fvp_runner rc=2: 	n0*=_pdist_forward(L0,·)
SKIP	w104:290	fvp_runner rc=2: 	n0*=native_group_norm(L0,·,·,·,·,·,·,·)
MISMATCH	w104:295	out[0] max|delta|=3.777e+00 (rtol=0.01 atol=0.001)	n0*=clone(L0,·)
MISMATCH	w104:313	out[0] max|delta|=7.484e-01 (rtol=0.01 atol=0.001)	n0*=max_pool2d_with_indices_backward.grad_input(L0,L1,·,·,·,·,·,L2,L3)
SKIP	w104:322	fvp_runner rc=2: no out-*.bin produced (see /tmp/fvp_job_t3fo6fjw/uart.log) 	n0*=ones.out(·,·)
SKIP	w104:37	fvp_runner rc=2: no out-*.bin produced (see /tmp/fvp_job__ntgdg_e/uart.log) 	n0*=zeros.out(·,·)
SKIP	w104:389	fvp_runner rc=2: 	n0*=narrow_copy(L0,·,·,·)
CRASH	w101:466	fvp_runner rc=5: >> building runner (cache miss): backend=cortex-m target=cortex-m55 ops=10383d3a (shared SDK, no fetch) ... cortex-m runner build failed (see /tmp/fvp_job_mf0sfax1/build.fail.log) 	n0*=_fft_r2c(L0,·,·,·)
SKIP	w104:431	fvp_runner rc=2: 	n0*=convolution(L0,L1,·,·,·,·,·,·,·)
SKIP	w104:436	fvp_runner rc=2: 	n0*=native_group_norm(L0,·,·,·,·,·,·,·)
SKIP	w104:446	fvp_runner rc=2: 	n0*=where.self(L0,L1,L2)
MISMATCH	w104:468	out[0] max|delta|=2.599e-01 (rtol=0.01 atol=0.001)	n0*=index_put(L0,·,L1,·)
SKIP	w104:483	fvp_runner rc=2: no out-*.bin produced (see /tmp/fvp_job_zo54a3_j/uart.log) 	n0*=stack(·,·)
SKIP	w104:493	fvp_runner rc=2: no out-*.bin produced (see /tmp/fvp_job_qwycnjju/uart.log) 	n0*=zeros.out(·,·)
SKIP	w104:518	fvp_runner rc=2: 	n0*=native_group_norm(L0,·,·,·,·,·,·,·)
SKIP	w104:521	fvp_runner rc=2: 	n0*=_pdist_forward(L0,·)
SKIP	w104:526	fvp_runner rc=2: no out-*.bin produced (see /tmp/fvp_job_5i32ei7o/uart.log) 	n0*=arange.out(·,·)
SKIP	w104:533	fvp_runner rc=2: 	n0*=pixel_shuffle(L0,·)
MISMATCH	w104:541	out[0] max|delta|=6.747e-01 (rtol=0.01 atol=0.001)	n0*=max_pool2d_with_indices_backward.grad_input(L0,L1,·,·,·,·,·,L2,L3)
MISMATCH	w104:54	out[0] max|delta|=3.000e+00 (rtol=0.0 atol=0.0)	n0*=fmod.Scalar(L0,·)
MISMATCH	w104:555	out[0] max|delta|=4.980e-01 (rtol=0.01 atol=0.001)	n0*=fill.Scalar(L0,·)
MISMATCH	w104:573	out[0] max|delta|=2.000e+00 (rtol=0.0 atol=0.0)	n0*=bitwise_right_shift.Tensor_Scalar(L0,·)
MISMATCH	w104:59	out[0] max|delta|=1.280e+02 (rtol=0.01 atol=0.001)	n0*=div.Scalar(L0,·)
SKIP	w104:590	fvp_runner rc=2: no out-*.bin produced (see /tmp/fvp_job_ubdbguv0/uart.log) 	n0*=full.out(·,·,·)
MISMATCH	w104:612	out[0] max|delta|=7.206e+16 (rtol=0.0 atol=0.0)	n0*=bitwise_left_shift.Tensor_Scalar(L0,·)
SKIP	w104:613	fvp_runner rc=2: 	n0*=pixel_shuffle(L0,·)
SKIP	w104:620	fvp_runner rc=2: 	n0*=expand_copy(L0,·,·)
SKIP	w104:633	fvp_runner rc=2: 	n0*=pixel_unshuffle(L0,·)
SKIP	w104:639	fvp_runner rc=2: no out-*.bin produced (see /tmp/fvp_job_ydwt2cri/uart.log) 	n0*=arange.start_out(·,·,·,·)
SKIP	w104:649	fvp_runner rc=2: 	n0*=permute_copy(L0,·)
SKIP	w104:65	fvp_runner rc=2: 	n0*=_pdist_forward(L0,·)
SKIP	w104:674	fvp_runner rc=2: 	n0*=where.self(L0,L1,L2)
MISMATCH	w104:696	out[0] max|delta|=2.599e-01 (rtol=0.01 atol=0.001)	n0*=index_put(L0,·,L1,·)
SKIP	w104:70	fvp_runner rc=2: no out-*.bin produced (see /tmp/fvp_job_j9orj84s/uart.log) 	n0*=arange.out(·,·)
SKIP	w104:710	fvp_runner rc=2: 	n0*=copy(L0,L1,·)
SKIP	w104:711	fvp_runner rc=2: no out-*.bin produced (see /tmp/fvp_job_ocgfm04i/uart.log) 	n0*=stack(·,·)
SKIP	w104:721	fvp_runner rc=2: no out-*.bin produced (see /tmp/fvp_job_1jb8_52h/uart.log) 	n0*=zeros.out(·,·)
SKIP	w104:749	fvp_runner rc=2: 	n0*=_pdist_forward(L0,·)
SKIP	w104:754	fvp_runner rc=2: no out-*.bin produced (see /tmp/fvp_job_ryjyfjq3/uart.log) 	n0*=arange.out(·,·)
SKIP	w104:761	fvp_runner rc=2: 	n0*=pixel_shuffle(L0,·)
CRASH	w101:694	fvp_runner rc=5: >> building runner (cache miss): backend=cortex-m target=cortex-m55 ops=10383d3a (shared SDK, no fetch) ... cortex-m runner build failed (see /tmp/fvp_job_ii07yv4n/build.fail.log) 	n0*=_fft_r2c(L0,·,·,·)
MISMATCH	w104:769	out[0] max|delta|=1.592e+00 (rtol=0.01 atol=0.001)	n0*=max_pool2d_with_indices_backward.grad_input(L0,L1,·,·,·,·,·,L2,L3)
SKIP	w104:778	fvp_runner rc=2: no out-*.bin produced (see /tmp/fvp_job_15cfw56h/uart.log) 	n0*=ones.out(·,·)
SKIP	w105:107	fvp_runner rc=2: 	n0*=permute_copy(L0,·)
SKIP	w105:132	fvp_runner rc=2: 	n0*=where.self(L0,L1,L2)
MISMATCH	w105:154	out[0] max|delta|=2.599e-01 (rtol=0.01 atol=0.001)	n0*=index_put(L0,·,L1,·)
SKIP	w105:169	fvp_runner rc=2: no out-*.bin produced (see /tmp/fvp_job_2bs2oue0/uart.log) 	n0*=stack(·,·)
SKIP	w105:179	fvp_runner rc=2: no out-*.bin produced (see /tmp/fvp_job_5_2mr03p/uart.log) 	n0*=zeros.out(·,·)
SKIP	w105:207	fvp_runner rc=2: 	n0*=_pdist_forward(L0,·)
SKIP	w105:212	fvp_runner rc=2: no out-*.bin produced (see /tmp/fvp_job_atxhe42x/uart.log) 	n0*=arange.out(·,·)
MISMATCH	w105:227	out[0] max|delta|=3.891e+00 (rtol=0.01 atol=0.001)	n0*=max_pool2d_with_indices_backward.grad_input(L0,L1,·,·,·,·,·,L2,L3)
SKIP	w105:236	fvp_runner rc=2: no out-*.bin produced (see /tmp/fvp_job_2fgcv_po/uart.log) 	n0*=ones.out(·,·)
MISMATCH	w105:241	out[0] max|delta|=1.459e+00 (rtol=0.01 atol=0.001)	n0*=fill.Scalar(L0,·)
SKIP	w105:245	fvp_runner rc=2: 	n0*=pixel_unshuffle(L0,·)
SKIP	w105:276	fvp_runner rc=2: no out-*.bin produced (see /tmp/fvp_job_h5day10k/uart.log) 	n0*=full.out(·,·,·)
CRASH	w104:719	fvp_runner rc=5: >> building runner (cache miss): backend=cortex-m target=cortex-m55 ops=b0707b1a (shared SDK, no fetch) ... cortex-m runner build failed (see /tmp/fvp_job_m3w0npeu/build.fail.log) 	n0*=linear(L0,L1,·)
SKIP	w105:299	fvp_runner rc=2: 	n0*=pixel_shuffle(L0,·)
MISMATCH	w105:320	out[0] max|delta|=3.000e+00 (rtol=0.01 atol=0.001)	n0*=remainder.Scalar_out(L0,·,·)
MISMATCH	w104:691	out[0] max|delta|=1.000e+00 (rtol=0.0 atol=0.0)	n0*=bitwise_left_shift.Tensor_out(L0,L1,·)
MISMATCH	w105:382	out[0] max|delta|=2.599e-01 (rtol=0.01 atol=0.001)	n0*=index_put(L0,·,L1,·)
SKIP	w105:397	fvp_runner rc=2: no out-*.bin produced (see /tmp/fvp_job_dirhjiem/uart.log) 	n0*=stack(·,·)
CRASH	w102:128	fvp_runner rc=5: >> building runner (cache miss): backend=cortex-m target=cortex-m55 ops=10383d3a (shared SDK, no fetch) ... cortex-m runner build failed (see /tmp/fvp_job_w_6dz0mi/build.fail.log) 	n0*=_fft_r2c(L0,·,·,·)
SKIP	w105:425	fvp_runner rc=2: 	n0*=max.dim_max(L0,·,·,L1,L2)
SKIP	w105:440	fvp_runner rc=2: no out-*.bin produced (see /tmp/fvp_job_56vzp7vd/uart.log) 	n0*=arange.out(·,·)
SKIP	w105:473	fvp_runner rc=2: 	n0*=pixel_unshuffle(L0,·)
MISMATCH	w105:487	out[0] max|delta|=4.000e+00 (rtol=0.0 atol=0.0)	n0*=bitwise_right_shift.Tensor_Scalar(L0,·)
SKIP	w105:504	fvp_runner rc=2: no out-*.bin produced (see /tmp/fvp_job_t1_qvim4/uart.log) 	n0*=full.out(·,·,·)
SKIP	w105:528	fvp_runner rc=2: 	n0*=scatter_add.out(L0,·,L1,L2,·)
MISMATCH	w105:588	out[0] max|delta|=6.129e-01 (rtol=0.01 atol=0.001)	n0*=where.self(L0,L1,L2)
SKIP	w105:625	fvp_runner rc=2: no out-*.bin produced (see /tmp/fvp_job_8iyulv89/uart.log) 	n0*=stack(·,·)
CRASH	w105:177	fvp_runner rc=5: >> building runner (cache miss): backend=cortex-m target=cortex-m55 ops=b0707b1a (shared SDK, no fetch) ... cortex-m runner build failed (see /tmp/fvp_job__4wfgil_/build.fail.log) 	n0*=linear(L0,L1,·)
SKIP	w105:635	fvp_runner rc=2: no out-*.bin produced (see /tmp/fvp_job_egnh7f81/uart.log) 	n0*=zeros.out(·,·)
MISMATCH	w105:657	out[0] max|delta|=1.280e+02 (rtol=0.01 atol=0.001)	n0*=div.Scalar(L0,·)
SKIP	w105:663	fvp_runner rc=2: 	n0*=_pdist_forward(L0,·)
SKIP	w105:675	fvp_runner rc=2: 	n0*=pixel_shuffle(L0,·)
SKIP	w105:692	fvp_runner rc=2: no out-*.bin produced (see /tmp/fvp_job_h71mupp2/uart.log) 	n0*=ones.out(·,·)
SKIP	w105:701	fvp_runner rc=2: 	n0*=pixel_unshuffle(L0,·)
SKIP	w105:71	fvp_runner rc=2: 	n0*=pixel_shuffle(L0,·)
SKIP	w105:732	fvp_runner rc=2: no out-*.bin produced (see /tmp/fvp_job_gqllwg5u/uart.log) 	n0*=full.out(·,·,·)
CRASH	w102:356	fvp_runner rc=5: >> building runner (cache miss): backend=cortex-m target=cortex-m55 ops=10383d3a (shared SDK, no fetch) ... cortex-m runner build failed (see /tmp/fvp_job_f0nqtfty/build.fail.log) 	n0*=_fft_r2c(L0,·,·,·)
SKIP	w105:755	fvp_runner rc=2: 	n0*=pixel_shuffle(L0,·)
SKIP	w105:781	fvp_runner rc=2: no out-*.bin produced (see /tmp/fvp_job_2hf_f7jl/uart.log) 	n0*=arange.start_out(·,·,·,·)
SKIP	w105:8	fvp_runner rc=2: no out-*.bin produced (see /tmp/fvp_job_1mfe3ptl/uart.log) 	n0*=ones.out(·,·)
MISMATCH	w105:439	out[0] max|delta|=2.300e+01 (rtol=0.0 atol=0.0)	n0*=bitwise_right_shift.Tensor_out(L0,L1,·)
SKIP	w105:97	fvp_runner rc=2: no out-*.bin produced (see /tmp/fvp_job_i40qyggm/uart.log) 	n0*=arange.start_out(·,·,·,·)
MISMATCH	w106:11	out[0] max|delta|=2.306e+18 (rtol=0.0 atol=0.0)	n0*=bitwise_left_shift.Tensor_out(L0,L1,·)
SKIP	w106:138	fvp_runner rc=2: no out-*.bin produced (see /tmp/fvp_job_i8n9lr2d/uart.log) 	n0*=full.out(·,·,·)
SKIP	w106:161	fvp_runner rc=2: 	n0*=pixel_shuffle(L0,·)
SKIP	w106:187	fvp_runner rc=2: no out-*.bin produced (see /tmp/fvp_job_q0wo1yh4/uart.log) 	n0*=arange.start_out(·,·,·,·)
SKIP	w106:251	fvp_runner rc=2: 	n0*=scatter.src_out(L0,·,L1,L2,·)
SKIP	w106:258	fvp_runner rc=2: 	n0*=copy(L0,L1,·)
SKIP	w106:259	fvp_runner rc=2: no out-*.bin produced (see /tmp/fvp_job_lttez156/uart.log) 	n0*=stack(·,·)
SKIP	w106:269	fvp_runner rc=2: no out-*.bin produced (see /tmp/fvp_job_xxq68r41/uart.log) 	n0*=zeros.out(·,·)
SKIP	w106:270	fvp_runner rc=2: 	n0*=min.dim_min(L0,·,·,L1,L2)
SKIP	w106:287	fvp_runner rc=2: 	n0*=max.dim_max(L0,·,·,L1,L2)
SKIP	w106:297	fvp_runner rc=2: 	n0*=_pdist_forward(L0,·)
SKIP	w106:30	fvp_runner rc=2: 	n0*=copy(L0,L1,·)
SKIP	w106:302	fvp_runner rc=2: no out-*.bin produced (see /tmp/fvp_job_hczfu9vk/uart.log) 	n0*=arange.out(·,·)
SKIP	w106:309	fvp_runner rc=2: 	n0*=pixel_shuffle(L0,·)
MISMATCH	w106:317	out[0] max|delta|=1.645e+00 (rtol=0.01 atol=0.001)	n0*=max_pool2d_with_indices_backward.grad_input(L0,L1,·,·,·,·,·,L2,L3)
SKIP	w106:326	fvp_runner rc=2: no out-*.bin produced (see /tmp/fvp_job_ak5ggbmh/uart.log) 	n0*=ones.out(·,·)
MISMATCH	w106:331	out[0] max|delta|=3.733e+00 (rtol=0.01 atol=0.001)	n0*=fill.Scalar(L0,·)
CRASH	w102:584	fvp_runner rc=5: >> building runner (cache miss): backend=cortex-m target=cortex-m55 ops=10383d3a (shared SDK, no fetch) ... cortex-m runner build failed (see /tmp/fvp_job_pwgfdzff/build.fail.log) 	n0*=_fft_r2c(L0,·,·,·)
SKIP	w106:366	fvp_runner rc=2: no out-*.bin produced (see /tmp/fvp_job_bjz12d1s/uart.log) 	n0*=full.out(·,·,·)
MISMATCH	w106:381	out[0] max|delta|=6.000e+00 (rtol=0.0 atol=0.0)	n0*=remainder.Scalar(L0,·)
SKIP	w106:389	fvp_runner rc=2: 	n0*=pixel_shuffle(L0,·)
SKIP	w106:409	fvp_runner rc=2: 	n0*=pixel_unshuffle(L0,·)
SKIP	w106:42	fvp_runner rc=2: 	n0*=min.dim_min(L0,·,·,L1,L2)
MISMATCH	w106:472	out[0] max|delta|=2.599e-01 (rtol=0.01 atol=0.001)	n0*=index_put(L0,·,L1,·)
SKIP	w106:484	fvp_runner rc=2: 	n0*=topk.values(L0,·,·,·,·,L1,L2)
SKIP	w106:486	fvp_runner rc=2: 	n0*=copy(L0,L1,·)
SKIP	w106:487	fvp_runner rc=2: no out-*.bin produced (see /tmp/fvp_job_yglxm1gn/uart.log) 	n0*=stack(·,·)
SKIP	w106:497	fvp_runner rc=2: no out-*.bin produced (see /tmp/fvp_job_cv16qs5v/uart.log) 	n0*=zeros.out(·,·)
MISMATCH	w106:499	out[0] max|delta|=1.280e+02 (rtol=0.01 atol=0.001)	n0*=logit(L0,·)
SKIP	w106:530	fvp_runner rc=2: no out-*.bin produced (see /tmp/fvp_job_jc8cmqfb/uart.log) 	n0*=arange.out(·,·)
CRASH	w106:267	fvp_runner rc=5: >> building runner (cache miss): backend=cortex-m target=cortex-m55 ops=b0707b1a (shared SDK, no fetch) ... cortex-m runner build failed (see /tmp/fvp_job_scnd9xja/build.fail.log) 	n0*=linear(L0,L1,·)
SKIP	w106:188	fvp_runner rc=2: >> building runner (cache miss): backend=cortex-m target=cortex-m55 ops=08f1e6cb (shared SDK, no fetch) ... 	n0*=gather.out(L0,·,L1,·,·)
MISMATCH	w106:545	out[0] max|delta|=1.161e+00 (rtol=0.01 atol=0.001)	n0*=max_pool2d_with_indices_backward.grad_input(L0,L1,·,·,·,·,·,L2,L3)
MISMATCH	w106:616	out[0] max|delta|=1.441e+17 (rtol=0.0 atol=0.0)	n0*=bitwise_left_shift.Tensor_Scalar(L0,·)
SKIP	w106:617	fvp_runner rc=2: 	n0*=pixel_shuffle(L0,·)
SKIP	w106:624	fvp_runner rc=2: 	n0*=expand_copy(L0,·,·)
SKIP	w106:31	fvp_runner rc=2: >> building runner (cache miss): backend=cortex-m target=cortex-m55 ops=f743e410 (shared SDK, no fetch) ... no out-*.bin produced (see /tmp/fvp_job_imb46l1m/uart.log) 	n0*=stack(·,·)
CRASH	w103:174	fvp_runner rc=5: >> building runner (cache miss): backend=cortex-m target=cortex-m55 ops=10383d3a (shared SDK, no fetch) ... cortex-m runner build failed (see /tmp/fvp_job_38lv9v3p/build.fail.log) 	n0*=_fft_r2c(L0,·,·,·)
SKIP	w106:66	fvp_runner rc=2: 	n0*=native_group_norm(L0,·,·,·,·,·,·,·)
SKIP	w106:69	fvp_runner rc=2: 	n0*=_pdist_forward(L0,·)
MISMATCH	w106:700	out[0] max|delta|=2.599e-01 (rtol=0.01 atol=0.001)	n0*=index_put(L0,·,L1,·)
SKIP	w106:715	fvp_runner rc=2: no out-*.bin produced (see /tmp/fvp_job_5x8tnrry/uart.log) 	n0*=stack(·,·)
SKIP	w106:725	fvp_runner rc=2: no out-*.bin produced (see /tmp/fvp_job_y9f44ay_/uart.log) 	n0*=zeros.out(·,·)
SKIP	w106:74	fvp_runner rc=2: no out-*.bin produced (see /tmp/fvp_job_6mkuzhe_/uart.log) 	n0*=arange.out(·,·)
MISMATCH	w106:741	out[0] max|delta|=4.000e+00 (rtol=0.0 atol=0.0)	n0*=remainder.Tensor_out(L0,L1,·)
SKIP	w106:753	fvp_runner rc=2: 	n0*=_pdist_forward(L0,·)
SKIP	w106:758	fvp_runner rc=2: no out-*.bin produced (see /tmp/fvp_job_03m9jdlh/uart.log) 	n0*=arange.out(·,·)
MISMATCH	w106:773	out[0] max|delta|=7.534e-01 (rtol=0.01 atol=0.001)	n0*=max_pool2d_with_indices_backward.grad_input(L0,L1,·,·,·,·,·,L2,L3)
SKIP	w106:98	fvp_runner rc=2: no out-*.bin produced (see /tmp/fvp_job_dirc0b__/uart.log) 	n0*=ones.out(·,·)
MISMATCH	w107:0	out[0] max|delta|=2.489e+00 (rtol=0.01 atol=0.001)	n0*=where.self(L0,L1,L2)
SKIP	w107:104	fvp_runner rc=2: no out-*.bin produced (see /tmp/fvp_job_sm7su7od/uart.log) 	n0*=ones.out(·,·)
SKIP	w107:113	fvp_runner rc=2: 	n0*=pixel_unshuffle(L0,·)
SKIP	w107:144	fvp_runner rc=2: no out-*.bin produced (see /tmp/fvp_job_v7_mx32k/uart.log) 	n0*=full.out(·,·,·)
TIMEOUT	w103:402	FVP exceeded job-timeout	n0*=_fft_r2c(L0,·,·,·)
MISMATCH	w107:17	out[0] max|delta|=2.306e+18 (rtol=0.0 atol=0.0)	n0*=bitwise_left_shift.Tensor_out(L0,L1,·)
SKIP	w107:174	fvp_runner rc=2: 	n0*=expand_copy(L0,·,·)
SKIP	w107:193	fvp_runner rc=2: no out-*.bin produced (see /tmp/fvp_job_y0frd0ss/uart.log) 	n0*=arange.start_out(·,·,·,·)
MISMATCH	w107:22	out[0] max|delta|=2.599e-01 (rtol=0.01 atol=0.001)	n0*=index_put(L0,·,L1,·)
SKIP	w107:228	fvp_runner rc=2: 	n0*=where.self(L0,L1,L2)
MISMATCH	w107:246	out[0] max|delta|=1.610e+02 (rtol=0.01 atol=0.001)	n0*=div.out_mode(L0,L1,·,·)
SKIP	w107:262	fvp_runner rc=2: 	n0*=topk.values(L0,·,·,·,·,L1,L2)
SKIP	w107:265	fvp_runner rc=2: no out-*.bin produced (see /tmp/fvp_job_bgvges31/uart.log) 	n0*=stack(·,·)
SKIP	w107:275	fvp_runner rc=2: no out-*.bin produced (see /tmp/fvp_job_r0umjr4i/uart.log) 	n0*=zeros.out(·,·)
SKIP	w107:303	fvp_runner rc=2: 	n0*=_pdist_forward(L0,·)
SKIP	w107:332	fvp_runner rc=2: no out-*.bin produced (see /tmp/fvp_job_0tutl_yx/uart.log) 	n0*=ones.out(·,·)
MISMATCH	w107:355	out[0] max|delta|=2.560e+02 (rtol=0.0 atol=0.0)	n0*=bitwise_right_shift.Tensor_Scalar(L0,·)
TIMEOUT	w103:630	FVP exceeded job-timeout	n0*=_fft_r2c(L0,·,·,·)
CRASH	w107:132	fvp_runner rc=5: >> building runner (cache miss): backend=cortex-m target=cortex-m55 ops=28dc928b (shared SDK, no fetch) ... cortex-m runner build failed (see /tmp/fvp_job_re2h650k/build.fail.log) 	n0*=linear.out(L0,L1,·,·)
SKIP	w107:37	fvp_runner rc=2: no out-*.bin produced (see /tmp/fvp_job_w6pcmqwb/uart.log) 	n0*=stack(·,·)
SKIP	w107:372	fvp_runner rc=2: no out-*.bin produced (see /tmp/fvp_job_wqlcj2kn/uart.log) 	n0*=full.out(·,·,·)
SKIP	w107:395	fvp_runner rc=2: 	n0*=pixel_shuffle(L0,·)
SKIP	w107:402	fvp_runner rc=2: 	n0*=expand_copy(L0,·,·)
SKIP	w107:446	fvp_runner rc=2: 	n0*=native_group_norm(L0,·,·,·,·,·,·,·)
SKIP	w107:456	fvp_runner rc=2: 	n0*=where.self(L0,L1,L2)
SKIP	w107:47	fvp_runner rc=2: no out-*.bin produced (see /tmp/fvp_job_ecr6tcbu/uart.log) 	n0*=zeros.out(·,·)
MISMATCH	w107:470	out[0] max|delta|=2.306e+18 (rtol=0.0 atol=0.0)	n0*=bitwise_left_shift.Tensor_Scalar_out(L0,·,·)
SKIP	w107:48	fvp_runner rc=2: 	n0*=min.dim_min(L0,·,·,L1,L2)
SKIP	w107:492	fvp_runner rc=2: 	n0*=copy(L0,L1,·)
SKIP	w107:493	fvp_runner rc=2: no out-*.bin produced (see /tmp/fvp_job_y9ovhfg2/uart.log) 	n0*=stack(·,·)
SKIP	w107:504	fvp_runner rc=2: 	n0*=min.dim_min(L0,·,·,L1,L2)
SKIP	w107:503	fvp_runner rc=2: no out-*.bin produced (see /tmp/fvp_job_t4c7ckle/uart.log) 	n0*=zeros.out(·,·)
MISMATCH	w107:519	out[0] max|delta|=4.000e+00 (rtol=0.0 atol=0.0)	n0*=remainder.Tensor_out(L0,L1,·)
SKIP	w107:531	fvp_runner rc=2: 	n0*=_pdist_forward(L0,·)
SKIP	w107:536	fvp_runner rc=2: no out-*.bin produced (see /tmp/fvp_job_krgtz5ik/uart.log) 	n0*=arange.out(·,·)
SKIP	w107:543	fvp_runner rc=2: 	n0*=pixel_shuffle(L0,·)
MISMATCH	w107:551	out[0] max|delta|=1.110e+00 (rtol=0.01 atol=0.001)	n0*=max_pool2d_with_indices_backward.grad_input(L0,L1,·,·,·,·,·,L2,L3)
SKIP	w107:560	fvp_runner rc=2: no out-*.bin produced (see /tmp/fvp_job_no9c2ry2/uart.log) 	n0*=ones.out(·,·)
MISMATCH	w107:562	out[0] max|delta|=1.000e+00 (rtol=0.01 atol=0.001)	n0*=logical_and.out(L0,L1,·)
SKIP	w107:569	fvp_runner rc=2: 	n0*=pixel_unshuffle(L0,·)
SKIP	w107:623	fvp_runner rc=2: 	n0*=pixel_shuffle(L0,·)
SKIP	w107:630	fvp_runner rc=2: 	n0*=expand_copy(L0,·,·)
SKIP	w107:649	fvp_runner rc=2: no out-*.bin produced (see /tmp/fvp_job_xazoxb62/uart.log) 	n0*=arange.start_out(·,·,·,·)
SKIP	w107:659	fvp_runner rc=2: 	n0*=permute_copy(L0,·)
SKIP	w107:674	fvp_runner rc=2: 	n0*=native_group_norm(L0,·,·,·,·,·,·,·)
CRASH	w107:45	fvp_runner rc=5: >> building runner (cache miss): backend=cortex-m target=cortex-m55 ops=b0707b1a (shared SDK, no fetch) ... cortex-m runner build failed (see /tmp/fvp_job_snvibz0c/build.fail.log) 	n0*=linear(L0,L1,·)
MISMATCH	w107:701	out[0] max|delta|=4.800e+01 (rtol=0.01 atol=0.001)	n0*=bitwise_left_shift.Tensor_out(L0,L1,·)
MISMATCH	w107:706	out[0] max|delta|=2.599e-01 (rtol=0.01 atol=0.001)	n0*=index_put(L0,·,L1,·)
SKIP	w107:713	fvp_runner rc=2: 	n0*=scatter.src_out(L0,·,L1,L2,·)
SKIP	w107:718	fvp_runner rc=2: 	n0*=topk.values(L0,·,·,·,·,L1,L2)
SKIP	w107:721	fvp_runner rc=2: no out-*.bin produced (see /tmp/fvp_job_cisnedpc/uart.log) 	n0*=stack(·,·)
SKIP	w107:731	fvp_runner rc=2: no out-*.bin produced (see /tmp/fvp_job_skmh2o4n/uart.log) 	n0*=zeros.out(·,·)
MISMATCH	w107:733	out[0] max|delta|=1.280e+02 (rtol=0.01 atol=0.001)	n0*=logit(L0,·)
TIMEOUT	w104:321	FVP exceeded job-timeout	n0*=_fft_r2c(L0,·,·,·)
MISMATCH	w107:747	out[0] max|delta|=3.000e+00 (rtol=0.0 atol=0.0)	n0*=remainder.Tensor_out(L0,L1,·)
SKIP	w107:75	fvp_runner rc=2: 	n0*=_pdist_forward(L0,·)
SKIP	w107:756	fvp_runner rc=2: 	n0*=native_group_norm(L0,·,·,·,·,·,·,·)
SKIP	w107:759	fvp_runner rc=2: 	n0*=_pdist_forward(L0,·)
SKIP	w107:764	fvp_runner rc=2: no out-*.bin produced (see /tmp/fvp_job_q8cm36kn/uart.log) 	n0*=arange.out(·,·)
SKIP	w107:80	fvp_runner rc=2: no out-*.bin produced (see /tmp/fvp_job_0axz48vb/uart.log) 	n0*=arange.out(·,·)
SKIP	w108:134	fvp_runner rc=2: 	n0*=_pdist_forward(L0,·)
SKIP	w108:139	fvp_runner rc=2: no out-*.bin produced (see /tmp/fvp_job_iefvb1m7/uart.log) 	n0*=arange.out(·,·)
SKIP	w108:146	fvp_runner rc=2: 	n0*=pixel_shuffle(L0,·)
MISMATCH	w108:154	out[0] max|delta|=1.164e+00 (rtol=0.01 atol=0.001)	n0*=max_pool2d_with_indices_backward.grad_input(L0,L1,·,·,·,·,·,L2,L3)
MISMATCH	w108:168	out[0] max|delta|=2.847e+00 (rtol=0.01 atol=0.001)	n0*=fill.Scalar(L0,·)
SKIP	w108:172	fvp_runner rc=2: 	n0*=pixel_unshuffle(L0,·)
MISMATCH	w108:186	out[0] max|delta|=2.560e+02 (rtol=0.0 atol=0.0)	n0*=bitwise_right_shift.Tensor_Scalar(L0,·)
SKIP	w108:203	fvp_runner rc=2: no out-*.bin produced (see /tmp/fvp_job_n99jh4x7/uart.log) 	n0*=full.out(·,·,·)
MISMATCH	w108:218	out[0] max|delta|=7.000e+00 (rtol=0.0 atol=0.0)	n0*=remainder.Scalar(L0,·)
TIMEOUT	w104:549	FVP exceeded job-timeout	n0*=_fft_r2c(L0,·,·,·)
MISMATCH	w108:236	out[0] max|delta|=1.000e+00 (rtol=0.0 atol=0.0)	n0*=pow.Scalar_out(·,L0,·)
SKIP	w108:24	fvp_runner rc=2: no out-*.bin produced (see /tmp/fvp_job_xnm__r0y/uart.log) 	n0*=arange.start_out(·,·,·,·)
SKIP	w108:252	fvp_runner rc=2: no out-*.bin produced (see /tmp/fvp_job_di61hyjs/uart.log) 	n0*=arange.start_out(·,·,·,·)
SKIP	w108:287	fvp_runner rc=2: 	n0*=where.self(L0,L1,L2)
MISMATCH	w108:292	out[0] max|delta|=1.280e+02 (rtol=0.01 atol=0.001)	n0*=mul.out(L0,L1,·)
SKIP	w108:324	fvp_runner rc=2: no out-*.bin produced (see /tmp/fvp_job_v9bn4ows/uart.log) 	n0*=stack(·,·)
CRASH	w108:104	fvp_runner rc=5: >> building runner (cache miss): backend=cortex-m target=cortex-m55 ops=b0707b1a (shared SDK, no fetch) ... cortex-m runner build failed (see /tmp/fvp_job__tee9axw/build.fail.log) 	n0*=linear(L0,L1,·)
SKIP	w108:362	fvp_runner rc=2: 	n0*=_pdist_forward(L0,·)
SKIP	w108:391	fvp_runner rc=2: no out-*.bin produced (see /tmp/fvp_job_k0no08e1/uart.log) 	n0*=ones.out(·,·)
MISMATCH	w108:396	out[0] max|delta|=2.392e+00 (rtol=0.01 atol=0.001)	n0*=fill.Scalar(L0,·)
SKIP	w108:400	fvp_runner rc=2: 	n0*=pixel_unshuffle(L0,·)
MISMATCH	w108:414	out[0] max|delta|=1.600e+01 (rtol=0.0 atol=0.0)	n0*=bitwise_right_shift.Tensor_Scalar(L0,·)
TIMEOUT	w104:777	FVP exceeded job-timeout	n0*=_fft_r2c(L0,·,·,·)
SKIP	w108:44	fvp_runner rc=2: 	n0*=convolution(L0,L1,·,·,·,·,·,·,·)
SKIP	w108:454	fvp_runner rc=2: 	n0*=pixel_shuffle(L0,·)
TIMEOUT	w104:93	FVP exceeded job-timeout	n0*=_fft_r2c(L0,·,·,·)
SKIP	w108:461	fvp_runner rc=2: 	n0*=expand_copy(L0,·,·)
SKIP	w108:480	fvp_runner rc=2: no out-*.bin produced (see /tmp/fvp_job_ec98qkuk/uart.log) 	n0*=arange.start_out(·,·,·,·)
SKIP	w108:490	fvp_runner rc=2: 	n0*=permute_copy(L0,·)
MISMATCH	w108:537	out[0] max|delta|=2.599e-01 (rtol=0.01 atol=0.001)	n0*=index_put(L0,·,L1,·)
SKIP	w108:552	fvp_runner rc=2: no out-*.bin produced (see /tmp/fvp_job_ay3oweyf/uart.log) 	n0*=stack(·,·)
SKIP	w108:551	fvp_runner rc=2: 	n0*=copy(L0,L1,·)
SKIP	w108:562	fvp_runner rc=2: no out-*.bin produced (see /tmp/fvp_job_24jncpw2/uart.log) 	n0*=zeros.out(·,·)
SKIP	w108:59	fvp_runner rc=2: 	n0*=where.self(L0,L1,L2)
SKIP	w108:595	fvp_runner rc=2: no out-*.bin produced (see /tmp/fvp_job_2bmjfk0u/uart.log) 	n0*=arange.out(·,·)
SKIP	w108:600	fvp_runner rc=2: 	n0*=mul.Scalar(L0,·)
TIMEOUT	w105:235	FVP exceeded job-timeout	n0*=_fft_r2c(L0,·,·,·)
MISMATCH	w108:610	out[0] max|delta|=1.645e+00 (rtol=0.01 atol=0.001)	n0*=max_pool2d_with_indices_backward.grad_input(L0,L1,·,·,·,·,·,L2,L3)
SKIP	w108:619	fvp_runner rc=2: no out-*.bin produced (see /tmp/fvp_job_mhdpg87o/uart.log) 	n0*=ones.out(·,·)
MISMATCH	w108:624	out[0] max|delta|=2.392e+00 (rtol=0.01 atol=0.001)	n0*=fill.Scalar(L0,·)
SKIP	w108:628	fvp_runner rc=2: 	n0*=pixel_unshuffle(L0,·)
SKIP	w108:659	fvp_runner rc=2: no out-*.bin produced (see /tmp/fvp_job_s6lj6o8g/uart.log) 	n0*=full.out(·,·,·)
SKIP	w108:702	fvp_runner rc=2: 	n0*=pixel_unshuffle(L0,·)
SKIP	w108:733	fvp_runner rc=2: 	n0*=native_group_norm(L0,·,·,·,·,·,·,·)
SKIP	w108:743	fvp_runner rc=2: 	n0*=where.self(L0,L1,L2)
MISMATCH	w108:748	out[0] max|delta|=1.280e+02 (rtol=0.01 atol=0.001)	n0*=mul.out(L0,L1,·)
MISMATCH	w108:765	out[0] max|delta|=2.599e-01 (rtol=0.01 atol=0.001)	n0*=index_put(L0,·,L1,·)
SKIP	w108:780	fvp_runner rc=2: no out-*.bin produced (see /tmp/fvp_job_gxa08n7y/uart.log) 	n0*=stack(·,·)
SKIP	w108:95	fvp_runner rc=2: 	n0*=copy(L0,L1,·)
MISMATCH	w109:108	out[0] max|delta|=4.000e+00 (rtol=0.0 atol=0.0)	n0*=remainder.Tensor_out(L0,L1,·)
SKIP	w109:120	fvp_runner rc=2: 	n0*=_pdist_forward(L0,·)
SKIP	w109:125	fvp_runner rc=2: no out-*.bin produced (see /tmp/fvp_job_xv_d9nal/uart.log) 	n0*=arange.out(·,·)
SKIP	w109:132	fvp_runner rc=2: 	n0*=pixel_shuffle(L0,·)
TIMEOUT	w105:463	FVP exceeded job-timeout	n0*=_fft_r2c(L0,·,·,·)
SKIP	w109:149	fvp_runner rc=2: no out-*.bin produced (see /tmp/fvp_job_ajv2b_ew/uart.log) 	n0*=ones.out(·,·)
MISMATCH	w109:154	out[0] max|delta|=1.459e+00 (rtol=0.01 atol=0.001)	n0*=fill.Scalar(L0,·)
SKIP	w109:158	fvp_runner rc=2: 	n0*=pixel_unshuffle(L0,·)
SKIP	w109:189	fvp_runner rc=2: no out-*.bin produced (see /tmp/fvp_job_rys4r79l/uart.log) 	n0*=full.out(·,·,·)
MISMATCH	w109:211	out[0] max|delta|=1.153e+18 (rtol=0.0 atol=0.0)	n0*=bitwise_left_shift.Tensor_Scalar(L0,·)
SKIP	w109:219	fvp_runner rc=2: 	n0*=expand_copy(L0,·,·)
SKIP	w109:232	fvp_runner rc=2: 	n0*=pixel_unshuffle(L0,·)
SKIP	w109:238	fvp_runner rc=2: no out-*.bin produced (see /tmp/fvp_job_ml29v4fz/uart.log) 	n0*=arange.start_out(·,·,·,·)
SKIP	w109:258	fvp_runner rc=2: 	n0*=convolution(L0,L1,·,·,·,·,·,·,·)
SKIP	w109:273	fvp_runner rc=2: 	n0*=where.self(L0,L1,L2)
SKIP	w109:302	fvp_runner rc=2: 	n0*=scatter.src_out(L0,·,L1,L2,·)
SKIP	w109:310	fvp_runner rc=2: no out-*.bin produced (see /tmp/fvp_job_flnhgvhm/uart.log) 	n0*=stack(·,·)
SKIP	w109:320	fvp_runner rc=2: no out-*.bin produced (see /tmp/fvp_job_cz1gb30n/uart.log) 	n0*=zeros.out(·,·)
TIMEOUT	w105:691	FVP exceeded job-timeout	n0*=_fft_r2c(L0,·,·,·)
TIMEOUT	w105:7	FVP exceeded job-timeout	n0*=_fft_r2c(L0,·,·,·)
SKIP	w109:348	fvp_runner rc=2: 	n0*=_pdist_forward(L0,·)
SKIP	w109:35	fvp_runner rc=2: 	n0*=native_group_norm(L0,·,·,·,·,·,·,·)
SKIP	w109:353	fvp_runner rc=2: no out-*.bin produced (see /tmp/fvp_job_joiyj5cf/uart.log) 	n0*=arange.out(·,·)
SKIP	w109:360	fvp_runner rc=2: 	n0*=pixel_shuffle(L0,·)
MISMATCH	w109:382	out[0] max|delta|=9.882e-01 (rtol=0.01 atol=0.001)	n0*=fill.Scalar(L0,·)
SKIP	w109:386	fvp_runner rc=2: 	n0*=pixel_unshuffle(L0,·)
SKIP	w109:4	fvp_runner rc=2: 	n0*=pixel_unshuffle(L0,·)
SKIP	w109:447	fvp_runner rc=2: 	n0*=expand_copy(L0,·,·)
MISMATCH	w109:518	out[0] max|delta|=4.785e+01 (rtol=0.01 atol=0.001)	n0*=bitwise_left_shift.Tensor_out(L0,L1,·)
SKIP	w109:538	fvp_runner rc=2: no out-*.bin produced (see /tmp/fvp_job_amch59tr/uart.log) 	n0*=stack(·,·)
SKIP	w109:548	fvp_runner rc=2: no out-*.bin produced (see /tmp/fvp_job_2pjaxd44/uart.log) 	n0*=zeros.out(·,·)
SKIP	w109:576	fvp_runner rc=2: 	n0*=_pdist_forward(L0,·)
MISMATCH	w109:580	out[0] max|delta|=2.300e+01 (rtol=0.0 atol=0.0)	n0*=bitwise_right_shift.Tensor_out(L0,L1,·)
SKIP	w109:581	fvp_runner rc=2: no out-*.bin produced (see /tmp/fvp_job_rj9vgjsw/uart.log) 	n0*=arange.out(·,·)
MISMATCH	w109:596	out[0] max|delta|=1.161e+00 (rtol=0.01 atol=0.001)	n0*=max_pool2d_with_indices_backward.grad_input(L0,L1,·,·,·,·,·,L2,L3)
SKIP	w109:614	fvp_runner rc=2: 	n0*=pixel_unshuffle(L0,·)
MISMATCH	w109:62	out[0] max|delta|=4.800e+01 (rtol=0.01 atol=0.001)	n0*=bitwise_left_shift.Tensor_out(L0,L1,·)
MISMATCH	w109:628	out[0] max|delta|=1.280e+02 (rtol=0.0 atol=0.0)	n0*=bitwise_right_shift.Tensor_Scalar(L0,·)
MISMATCH	w109:63	out[0] max|delta|=2.701e+02 (rtol=0.01 atol=0.001)	n0*=div.out_mode(L0,L1,·,·)
SKIP	w109:645	fvp_runner rc=2: no out-*.bin produced (see /tmp/fvp_job_0g2du6qz/uart.log) 	n0*=full.out(·,·,·)
MISMATCH	w109:67	out[0] max|delta|=2.599e-01 (rtol=0.01 atol=0.001)	n0*=index_put(L0,·,L1,·)
SKIP	w109:688	fvp_runner rc=2: 	n0*=pixel_unshuffle(L0,·)
TIMEOUT	w106:325	FVP exceeded job-timeout	n0*=_fft_r2c(L0,·,·,·)
SKIP	w109:765	fvp_runner rc=2: 	n0*=copy(L0,L1,·)
SKIP	w109:776	fvp_runner rc=2: no out-*.bin produced (see /tmp/fvp_job_q4r0gs7i/uart.log) 	n0*=zeros.out(·,·)
SKIP	w109:82	fvp_runner rc=2: no out-*.bin produced (see /tmp/fvp_job_f6482emo/uart.log) 	n0*=stack(·,·)
MISMATCH	w11:120	out[0] max|delta|=4.800e+01 (rtol=0.01 atol=0.001)	n0*=bitwise_left_shift.Tensor_out(L0,L1,·)
SKIP	w11:140	fvp_runner rc=2: no out-*.bin produced (see /tmp/fvp_job_drsr6tye/uart.log) 	n0*=stack(·,·)
SKIP	w11:150	fvp_runner rc=2: no out-*.bin produced (see /tmp/fvp_job_y_wg6g0l/uart.log) 	n0*=zeros.out(·,·)
MISMATCH	w11:166	out[0] max|delta|=2.000e+00 (rtol=0.01 atol=0.001)	n0*=remainder.Tensor_out(L0,L1,·)
SKIP	w11:175	fvp_runner rc=2: 	n0*=native_group_norm(L0,·,·,·,·,·,·,·)
SKIP	w11:183	fvp_runner rc=2: no out-*.bin produced (see /tmp/fvp_job_hg7fpb0n/uart.log) 	n0*=arange.out(·,·)
SKIP	w11:19	fvp_runner rc=2: no out-*.bin produced (see /tmp/fvp_job_fcuklh79/uart.log) 	n0*=full.out(·,·,·)
MISMATCH	w11:198	out[0] max|delta|=2.768e+00 (rtol=0.01 atol=0.001)	n0*=max_pool2d_with_indices_backward.grad_input(L0,L1,·,·,·,·,·,L2,L3)
SKIP	w11:207	fvp_runner rc=2: no out-*.bin produced (see /tmp/fvp_job_o8g4uj73/uart.log) 	n0*=ones.out(·,·)
MISMATCH	w11:212	out[0] max|delta|=9.804e-01 (rtol=0.01 atol=0.001)	n0*=fill.Scalar(L0,·)
SKIP	w11:216	fvp_runner rc=2: 	n0*=pixel_unshuffle(L0,·)
TIMEOUT	w106:553	FVP exceeded job-timeout	n0*=_fft_r2c(L0,·,·,·)
SKIP	w11:247	fvp_runner rc=2: no out-*.bin produced (see /tmp/fvp_job_6a4qq0fp/uart.log) 	n0*=full.out(·,·,·)
SKIP	w11:270	fvp_runner rc=2: 	n0*=pixel_shuffle(L0,·)
SKIP	w11:277	fvp_runner rc=2: 	n0*=expand_copy(L0,·,·)
SKIP	w11:296	fvp_runner rc=2: no out-*.bin produced (see /tmp/fvp_job_r7v8of0i/uart.log) 	n0*=arange.start_out(·,·,·,·)
SKIP	w11:331	fvp_runner rc=2: 	n0*=where.self(L0,L1,L2)
SKIP	w11:368	fvp_runner rc=2: no out-*.bin produced (see /tmp/fvp_job_iy52smd4/uart.log) 	n0*=stack(·,·)
SKIP	w11:378	fvp_runner rc=2: no out-*.bin produced (see /tmp/fvp_job_f9zpsphu/uart.log) 	n0*=zeros.out(·,·)
MISMATCH	w11:394	out[0] max|delta|=4.000e+00 (rtol=0.0 atol=0.0)	n0*=remainder.Tensor_out(L0,L1,·)
SKIP	w11:406	fvp_runner rc=2: 	n0*=_pdist_forward(L0,·)
MISMATCH	w11:410	out[0] max|delta|=2.300e+01 (rtol=0.0 atol=0.0)	n0*=bitwise_right_shift.Tensor_out(L0,L1,·)
SKIP	w11:42	fvp_runner rc=2: 	n0*=pixel_shuffle(L0,·)
SKIP	w11:43	fvp_runner rc=2: 	n0*=scatter_add.out(L0,·,L1,L2,·)
SKIP	w11:435	fvp_runner rc=2: no out-*.bin produced (see /tmp/fvp_job_x8kvygw1/uart.log) 	n0*=ones.out(·,·)
MISMATCH	w11:440	out[0] max|delta|=2.412e+00 (rtol=0.01 atol=0.001)	n0*=fill.Scalar(L0,·)
SKIP	w11:444	fvp_runner rc=2: 	n0*=pixel_unshuffle(L0,·)
SKIP	w11:475	fvp_runner rc=2: no out-*.bin produced (see /tmp/fvp_job_6vn3uy0m/uart.log) 	n0*=full.out(·,·,·)
TIMEOUT	w106:781	FVP exceeded job-timeout	n0*=_fft_r2c(L0,·,·,·)
SKIP	w11:499	fvp_runner rc=2: 	n0*=scatter_add.out(L0,·,L1,L2,·)
TIMEOUT	w106:97	FVP exceeded job-timeout	n0*=_fft_r2c(L0,·,·,·)
SKIP	w11:518	fvp_runner rc=2: 	n0*=pixel_unshuffle(L0,·)
TIMEOUT	w107:103	FVP exceeded job-timeout	n0*=_fft_r2c(L0,·,·,·)
SKIP	w11:544	fvp_runner rc=2: 	n0*=convolution(L0,L1,·,·,·,·,·,·,·)
SKIP	w11:559	fvp_runner rc=2: 	n0*=where.self(L0,L1,L2)
MISMATCH	w11:576	out[0] max|delta|=4.800e+01 (rtol=0.01 atol=0.001)	n0*=bitwise_left_shift.Tensor_out(L0,L1,·)
MISMATCH	w11:581	out[0] max|delta|=2.599e-01 (rtol=0.01 atol=0.001)	n0*=index_put(L0,·,L1,·)
SKIP	w11:596	fvp_runner rc=2: no out-*.bin produced (see /tmp/fvp_job_lkpz96ix/uart.log) 	n0*=stack(·,·)
SKIP	w11:607	fvp_runner rc=2: 	n0*=min.dim_min(L0,·,·,L1,L2)
SKIP	w11:606	fvp_runner rc=2: no out-*.bin produced (see /tmp/fvp_job_6ej3_axe/uart.log) 	n0*=zeros.out(·,·)
SKIP	w11:62	fvp_runner rc=2: 	n0*=pixel_unshuffle(L0,·)
MISMATCH	w11:622	out[0] max|delta|=4.000e+00 (rtol=0.0 atol=0.0)	n0*=remainder.Tensor_out(L0,L1,·)
SKIP	w11:639	fvp_runner rc=2: no out-*.bin produced (see /tmp/fvp_job_tukxxfyd/uart.log) 	n0*=arange.out(·,·)
MISMATCH	w11:638	out[0] max|delta|=4.700e+01 (rtol=0.0 atol=0.0)	n0*=bitwise_right_shift.Tensor_out(L0,L1,·)
SKIP	w11:672	fvp_runner rc=2: 	n0*=pixel_unshuffle(L0,·)
SKIP	w11:727	fvp_runner rc=2: 	n0*=scatter_add.out(L0,·,L1,L2,·)
SKIP	w11:746	fvp_runner rc=2: 	n0*=pixel_unshuffle(L0,·)
SKIP	w11:752	fvp_runner rc=2: no out-*.bin produced (see /tmp/fvp_job_ix0hwkmb/uart.log) 	n0*=arange.start_out(·,·,·,·)
SKIP	w11:93	fvp_runner rc=2: 	n0*=native_group_norm(L0,·,·,·,·,·,·,·)
TIMEOUT	w107:331	FVP exceeded job-timeout	n0*=_fft_r2c(L0,·,·,·)
SKIP	w110:111	fvp_runner rc=2: no out-*.bin produced (see /tmp/fvp_job_m8defza6/uart.log) 	n0*=stack(·,·)
SKIP	w110:121	fvp_runner rc=2: no out-*.bin produced (see /tmp/fvp_job_ckawje0x/uart.log) 	n0*=zeros.out(·,·)
SKIP	w110:122	fvp_runner rc=2: 	n0*=min.dim_min(L0,·,·,L1,L2)
SKIP	w110:146	fvp_runner rc=2: 	n0*=native_group_norm(L0,·,·,·,·,·,·,·)
SKIP	w110:149	fvp_runner rc=2: 	n0*=_pdist_forward(L0,·)
SKIP	w110:154	fvp_runner rc=2: no out-*.bin produced (see /tmp/fvp_job_n_v1wkm3/uart.log) 	n0*=arange.out(·,·)
SKIP	w110:161	fvp_runner rc=2: 	n0*=pixel_shuffle(L0,·)
SKIP	w110:187	fvp_runner rc=2: 	n0*=pixel_unshuffle(L0,·)
SKIP	w110:20	fvp_runner rc=2: 	n0*=expand_copy(L0,·,·)
SKIP	w110:218	fvp_runner rc=2: no out-*.bin produced (see /tmp/fvp_job_1n1jau9p/uart.log) 	n0*=full.out(·,·,·)
SKIP	w110:248	fvp_runner rc=2: 	n0*=expand_copy(L0,·,·)
SKIP	w110:267	fvp_runner rc=2: no out-*.bin produced (see /tmp/fvp_job_6pk8m4_x/uart.log) 	n0*=arange.start_out(·,·,·,·)
SKIP	w110:277	fvp_runner rc=2: 	n0*=permute_copy(L0,·)
MISMATCH	w110:324	out[0] max|delta|=8.090e-01 (rtol=0.01 atol=0.001)	n0*=index_put(L0,·,L1,·)
SKIP	w110:331	fvp_runner rc=2: 	n0*=scatter.src_out(L0,·,L1,L2,·)
SKIP	w110:339	fvp_runner rc=2: no out-*.bin produced (see /tmp/fvp_job__52of7rm/uart.log) 	n0*=stack(·,·)
TIMEOUT	w107:559	FVP exceeded job-timeout	n0*=_fft_r2c(L0,·,·,·)
SKIP	w110:349	fvp_runner rc=2: no out-*.bin produced (see /tmp/fvp_job_hwdkk_87/uart.log) 	n0*=zeros.out(·,·)
CRASH	w110:119	fvp_runner rc=5: >> building runner (cache miss): backend=cortex-m target=cortex-m55 ops=b0707b1a (shared SDK, no fetch) ... cortex-m runner build failed (see /tmp/fvp_job_0beq71me/build.fail.log) 	n0*=linear(L0,L1,·)
SKIP	w110:367	fvp_runner rc=2: 	n0*=max.dim_max(L0,·,·,L1,L2)
SKIP	w110:406	fvp_runner rc=2: no out-*.bin produced (see /tmp/fvp_job_gd26ccfb/uart.log) 	n0*=ones.out(·,·)
MISMATCH	w110:429	out[0] max|delta|=1.600e+01 (rtol=0.0 atol=0.0)	n0*=bitwise_right_shift.Tensor_Scalar(L0,·)
SKIP	w110:446	fvp_runner rc=2: no out-*.bin produced (see /tmp/fvp_job_8v083v35/uart.log) 	n0*=full.out(·,·,·)
SKIP	w110:469	fvp_runner rc=2: 	n0*=pixel_shuffle(L0,·)
SKIP	w110:489	fvp_runner rc=2: 	n0*=pixel_unshuffle(L0,·)
SKIP	w110:495	fvp_runner rc=2: no out-*.bin produced (see /tmp/fvp_job_dp0h2ovg/uart.log) 	n0*=arange.start_out(·,·,·,·)
SKIP	w110:530	fvp_runner rc=2: 	n0*=where.self(L0,L1,L2)
MISMATCH	w110:552	out[0] max|delta|=2.599e-01 (rtol=0.01 atol=0.001)	n0*=index_put(L0,·,L1,·)
SKIP	w110:567	fvp_runner rc=2: no out-*.bin produced (see /tmp/fvp_job_g28k9xhr/uart.log) 	n0*=stack(·,·)
SKIP	w110:577	fvp_runner rc=2: no out-*.bin produced (see /tmp/fvp_job_ds8zmvb4/uart.log) 	n0*=zeros.out(·,·)
SKIP	w110:602	fvp_runner rc=2: 	n0*=native_group_norm(L0,·,·,·,·,·,·,·)
SKIP	w110:617	fvp_runner rc=2: 	n0*=pixel_shuffle(L0,·)
MISMATCH	w110:625	out[0] max|delta|=1.645e+00 (rtol=0.01 atol=0.001)	n0*=max_pool2d_with_indices_backward.grad_input(L0,L1,·,·,·,·,·,L2,L3)
SKIP	w110:634	fvp_runner rc=2: no out-*.bin produced (see /tmp/fvp_job_jbck8m72/uart.log) 	n0*=ones.out(·,·)
MISMATCH	w110:639	out[0] max|delta|=1.929e+00 (rtol=0.01 atol=0.001)	n0*=fill.Scalar(L0,·)
SKIP	w110:64	fvp_runner rc=2: 	n0*=native_group_norm(L0,·,·,·,·,·,·,·)
SKIP	w110:643	fvp_runner rc=2: 	n0*=pixel_unshuffle(L0,·)
SKIP	w110:674	fvp_runner rc=2: no out-*.bin produced (see /tmp/fvp_job_v84mom1i/uart.log) 	n0*=full.out(·,·,·)
SKIP	w110:697	fvp_runner rc=2: 	n0*=pixel_shuffle(L0,·)
CRASH	w110:206	fvp_runner rc=5: >> building runner (cache miss): backend=cortex-m target=cortex-m55 ops=b0707b1a (shared SDK, no fetch) ... cortex-m runner build failed (see /tmp/fvp_job_obt62usf/build.fail.log) 	n0*=linear.out(L0,L1,·,·)
TIMEOUT	w108:162	FVP exceeded job-timeout	n0*=_fft_r2c(L0,·,·,·)
SKIP	w110:704	fvp_runner rc=2: 	n0*=expand_copy(L0,·,·)
SKIP	w110:74	fvp_runner rc=2: 	n0*=where.self(L0,L1,L2)
SKIP	w110:748	fvp_runner rc=2: 	n0*=native_group_norm(L0,·,·,·,·,·,·,·)
MISMATCH	w110:775	out[0] max|delta|=4.800e+01 (rtol=0.01 atol=0.001)	n0*=bitwise_left_shift.Tensor_out(L0,L1,·)
MISMATCH	w110:96	out[0] max|delta|=4.405e-01 (rtol=0.01 atol=0.001)	n0*=index_put(L0,·,L1,·)
MISMATCH	w111:123	out[0] max|delta|=4.700e+01 (rtol=0.0 atol=0.0)	n0*=bitwise_right_shift.Tensor_out(L0,L1,·)
MISMATCH	w111:108	out[0] max|delta|=3.000e+00 (rtol=0.0 atol=0.0)	n0*=fmod.Scalar(L0,·)
SKIP	w111:124	fvp_runner rc=2: no out-*.bin produced (see /tmp/fvp_job_wgjotopg/uart.log) 	n0*=arange.out(·,·)
MISMATCH	w111:153	out[0] max|delta|=2.871e+00 (rtol=0.01 atol=0.001)	n0*=fill.Scalar(L0,·)
SKIP	w111:157	fvp_runner rc=2: 	n0*=pixel_unshuffle(L0,·)
TIMEOUT	w108:390	FVP exceeded job-timeout	n0*=_fft_r2c(L0,·,·,·)
SKIP	w111:272	fvp_runner rc=2: 	n0*=where.self(L0,L1,L2)
MISMATCH	w111:289	out[0] max|delta|=4.800e+01 (rtol=0.01 atol=0.001)	n0*=bitwise_left_shift.Tensor_out(L0,L1,·)
MISMATCH	w111:294	out[0] max|delta|=2.599e-01 (rtol=0.01 atol=0.001)	n0*=index_put(L0,·,L1,·)
SKIP	w111:301	fvp_runner rc=2: 	n0*=scatter.src_out(L0,·,L1,L2,·)
SKIP	w111:309	fvp_runner rc=2: no out-*.bin produced (see /tmp/fvp_job__yi55jk9/uart.log) 	n0*=stack(·,·)
SKIP	w111:319	fvp_runner rc=2: no out-*.bin produced (see /tmp/fvp_job_g_01e0p6/uart.log) 	n0*=zeros.out(·,·)
SKIP	w111:344	fvp_runner rc=2: 	n0*=native_group_norm(L0,·,·,·,·,·,·,·)
SKIP	w111:352	fvp_runner rc=2: no out-*.bin produced (see /tmp/fvp_job_44kamh2i/uart.log) 	n0*=arange.out(·,·)
SKIP	w111:376	fvp_runner rc=2: no out-*.bin produced (see /tmp/fvp_job_k04r_ume/uart.log) 	n0*=ones.out(·,·)
MISMATCH	w111:399	out[0] max|delta|=8.000e+00 (rtol=0.0 atol=0.0)	n0*=bitwise_right_shift.Tensor_Scalar(L0,·)
SKIP	w111:416	fvp_runner rc=2: no out-*.bin produced (see /tmp/fvp_job_cha8_b31/uart.log) 	n0*=full.out(·,·,·)
MISMATCH	w111:438	out[0] max|delta|=9.223e+18 (rtol=0.0 atol=0.0)	n0*=bitwise_left_shift.Tensor_Scalar(L0,·)
SKIP	w111:446	fvp_runner rc=2: 	n0*=expand_copy(L0,·,·)
TIMEOUT	w108:618	FVP exceeded job-timeout	n0*=_fft_r2c(L0,·,·,·)
SKIP	w111:500	fvp_runner rc=2: 	n0*=where.self(L0,L1,L2)
MISMATCH	w111:517	out[0] max|delta|=2.306e+18 (rtol=0.0 atol=0.0)	n0*=bitwise_left_shift.Tensor_out(L0,L1,·)
MISMATCH	w111:518	out[0] max|delta|=2.553e+02 (rtol=0.01 atol=0.001)	n0*=div.out_mode(L0,L1,·,·)
SKIP	w111:537	fvp_runner rc=2: no out-*.bin produced (see /tmp/fvp_job_tudd4uq_/uart.log) 	n0*=stack(·,·)
SKIP	w111:547	fvp_runner rc=2: no out-*.bin produced (see /tmp/fvp_job_o5594q2n/uart.log) 	n0*=zeros.out(·,·)
SKIP	w111:575	fvp_runner rc=2: 	n0*=_pdist_forward(L0,·)
SKIP	w111:587	fvp_runner rc=2: 	n0*=pixel_shuffle(L0,·)
SKIP	w111:604	fvp_runner rc=2: no out-*.bin produced (see /tmp/fvp_job_h6pccqgj/uart.log) 	n0*=ones.out(·,·)
SKIP	w111:644	fvp_runner rc=2: no out-*.bin produced (see /tmp/fvp_job_f_byox7j/uart.log) 	n0*=full.out(·,·,·)
CRASH	w111:404	fvp_runner rc=5: >> building runner (cache miss): backend=cortex-m target=cortex-m55 ops=b0707b1a (shared SDK, no fetch) ... cortex-m runner build failed (see /tmp/fvp_job__xic5fo1/build.fail.log) 	n0*=linear.out(L0,L1,·,·)
SKIP	w111:693	fvp_runner rc=2: no out-*.bin produced (see /tmp/fvp_job_yqjpdlgn/uart.log) 	n0*=arange.start_out(·,·,·,·)
MISMATCH	w111:659	out[0] max|delta|=5.000e+00 (rtol=0.0 atol=0.0)	n0*=remainder.Scalar(L0,·)
MISMATCH	w111:66	out[0] max|delta|=2.599e-01 (rtol=0.01 atol=0.001)	n0*=index_put(L0,·,L1,·)
SKIP	w111:73	fvp_runner rc=2: 	n0*=scatter.src_out(L0,·,L1,L2,·)
TIMEOUT	w109:148	FVP exceeded job-timeout	n0*=_fft_r2c(L0,·,·,·)
SKIP	w111:765	fvp_runner rc=2: no out-*.bin produced (see /tmp/fvp_job_iulgp4xf/uart.log) 	n0*=stack(·,·)
SKIP	w111:775	fvp_runner rc=2: no out-*.bin produced (see /tmp/fvp_job_hogf5flc/uart.log) 	n0*=zeros.out(·,·)
SKIP	w111:81	fvp_runner rc=2: no out-*.bin produced (see /tmp/fvp_job_lqc7ai2u/uart.log) 	n0*=stack(·,·)
SKIP	w111:9	fvp_runner rc=2: no out-*.bin produced (see /tmp/fvp_job_umj8fawu/uart.log) 	n0*=arange.start_out(·,·,·,·)
SKIP	w111:91	fvp_runner rc=2: no out-*.bin produced (see /tmp/fvp_job_rhyu_bt1/uart.log) 	n0*=zeros.out(·,·)
SKIP	w112:15	fvp_runner rc=2: no out-*.bin produced (see /tmp/fvp_job_z3i4vkc6/uart.log) 	n0*=arange.start_out(·,·,·,·)
SKIP	w112:115	fvp_runner rc=2: 	n0*=max.dim_max(L0,·,·,L1,L2)
SKIP	w112:125	fvp_runner rc=2: 	n0*=_pdist_forward(L0,·)
SKIP	w112:154	fvp_runner rc=2: no out-*.bin produced (see /tmp/fvp_job_705y_wyw/uart.log) 	n0*=ones.out(·,·)
SKIP	w112:130	fvp_runner rc=2: no out-*.bin produced (see /tmp/fvp_job_o684znvy/uart.log) 	n0*=arange.out(·,·)
SKIP	w112:194	fvp_runner rc=2: no out-*.bin produced (see /tmp/fvp_job_hywji0nc/uart.log) 	n0*=full.out(·,·,·)
MISMATCH	w112:177	out[0] max|delta|=7.670e+02 (rtol=0.0 atol=0.0)	n0*=bitwise_right_shift.Tensor_Scalar(L0,·)
SKIP	w112:243	fvp_runner rc=2: no out-*.bin produced (see /tmp/fvp_job_q876_3vt/uart.log) 	n0*=arange.start_out(·,·,·,·)
MISMATCH	w112:216	out[0] max|delta|=4.612e+18 (rtol=0.0 atol=0.0)	n0*=bitwise_left_shift.Tensor_Scalar(L0,·)
SKIP	w112:217	fvp_runner rc=2: 	n0*=pixel_shuffle(L0,·)
SKIP	w112:218	fvp_runner rc=2: 	n0*=scatter_add.out(L0,·,L1,L2,·)
SKIP	w112:237	fvp_runner rc=2: 	n0*=pixel_unshuffle(L0,·)
MISMATCH	w112:238	out[0] max|delta|=4.000e+00 (rtol=0.01 atol=0.001)	n0*=remainder.Scalar_out(L0,·,·)
SKIP	w112:25	fvp_runner rc=2: 	n0*=permute_copy(L0,·)
SKIP	w112:307	fvp_runner rc=2: 	n0*=scatter.src_out(L0,·,L1,L2,·)
TIMEOUT	w109:376	FVP exceeded job-timeout	n0*=_fft_r2c(L0,·,·,·)
SKIP	w112:314	fvp_runner rc=2: 	n0*=copy(L0,L1,·)
SKIP	w112:315	fvp_runner rc=2: no out-*.bin produced (see /tmp/fvp_job_wb65l1va/uart.log) 	n0*=stack(·,·)
MISMATCH	w112:327	out[0] max|delta|=1.280e+02 (rtol=0.01 atol=0.001)	n0*=logit(L0,·)
SKIP	w112:358	fvp_runner rc=2: no out-*.bin produced (see /tmp/fvp_job_jp9o803u/uart.log) 	n0*=arange.out(·,·)
SKIP	w112:365	fvp_runner rc=2: 	n0*=pixel_shuffle(L0,·)
SKIP	w112:382	fvp_runner rc=2: no out-*.bin produced (see /tmp/fvp_job_vk9392dc/uart.log) 	n0*=ones.out(·,·)
SKIP	w112:391	fvp_runner rc=2: 	n0*=pixel_unshuffle(L0,·)
SKIP	w112:422	fvp_runner rc=2: no out-*.bin produced (see /tmp/fvp_job_oq7pah7i/uart.log) 	n0*=full.out(·,·,·)
SKIP	w112:446	fvp_runner rc=2: 	n0*=scatter_add.out(L0,·,L1,L2,·)
SKIP	w112:452	fvp_runner rc=2: 	n0*=expand_copy(L0,·,·)
SKIP	w112:465	fvp_runner rc=2: 	n0*=pixel_unshuffle(L0,·)
SKIP	w112:471	fvp_runner rc=2: no out-*.bin produced (see /tmp/fvp_job_g27z6ws5/uart.log) 	n0*=arange.start_out(·,·,·,·)
MISMATCH	w112:50	out[0] max|delta|=1.179e+00 (rtol=0.01 atol=0.001)	n0*=where.self(L0,L1,L2)
SKIP	w112:506	fvp_runner rc=2: 	n0*=where.self(L0,L1,L2)
TIMEOUT	w109:604	FVP exceeded job-timeout	n0*=_fft_r2c(L0,·,·,·)
MISMATCH	w112:523	out[0] max|delta|=2.306e+18 (rtol=0.0 atol=0.0)	n0*=bitwise_left_shift.Tensor_out(L0,L1,·)
MISMATCH	w112:528	out[0] max|delta|=2.599e-01 (rtol=0.01 atol=0.001)	n0*=index_put(L0,·,L1,·)
SKIP	w112:543	fvp_runner rc=2: no out-*.bin produced (see /tmp/fvp_job_sgghwrn1/uart.log) 	n0*=stack(·,·)
SKIP	w112:553	fvp_runner rc=2: no out-*.bin produced (see /tmp/fvp_job_m4wx3f_u/uart.log) 	n0*=zeros.out(·,·)
CRASH	w112:323	fvp_runner rc=5: >> building runner (cache miss): backend=cortex-m target=cortex-m55 ops=b0707b1a (shared SDK, no fetch) ... cortex-m runner build failed (see /tmp/fvp_job_14k5j5ca/build.fail.log) 	n0*=linear(L0,L1,·)
SKIP	w112:578	fvp_runner rc=2: 	n0*=native_group_norm(L0,·,·,·,·,·,·,·)
SKIP	w112:586	fvp_runner rc=2: no out-*.bin produced (see /tmp/fvp_job__k10gnka/uart.log) 	n0*=arange.out(·,·)
MISMATCH	w112:585	out[0] max|delta|=2.300e+01 (rtol=0.0 atol=0.0)	n0*=bitwise_right_shift.Tensor_out(L0,L1,·)
SKIP	w112:610	fvp_runner rc=2: no out-*.bin produced (see /tmp/fvp_job_3ypt8rxt/uart.log) 	n0*=ones.out(·,·)
SKIP	w112:650	fvp_runner rc=2: no out-*.bin produced (see /tmp/fvp_job_33fhmao5/uart.log) 	n0*=full.out(·,·,·)
MISMATCH	w112:665	out[0] max|delta|=6.000e+00 (rtol=0.0 atol=0.0)	n0*=remainder.Scalar(L0,·)
MISMATCH	w112:67	out[0] max|delta|=4.800e+01 (rtol=0.01 atol=0.001)	n0*=bitwise_left_shift.Tensor_out(L0,L1,·)
MISMATCH	w112:672	out[0] max|delta|=1.441e+17 (rtol=0.0 atol=0.0)	n0*=bitwise_left_shift.Tensor_Scalar(L0,·)
SKIP	w112:693	fvp_runner rc=2: 	n0*=pixel_unshuffle(L0,·)
SKIP	w112:699	fvp_runner rc=2: no out-*.bin produced (see /tmp/fvp_job_9armjtzz/uart.log) 	n0*=arange.start_out(·,·,·,·)
MISMATCH	w112:756	out[0] max|delta|=2.599e-01 (rtol=0.01 atol=0.001)	n0*=index_put(L0,·,L1,·)
SKIP	w112:771	fvp_runner rc=2: no out-*.bin produced (see /tmp/fvp_job_pybh8nqy/uart.log) 	n0*=stack(·,·)
SKIP	w112:781	fvp_runner rc=2: no out-*.bin produced (see /tmp/fvp_job_3mn75xx9/uart.log) 	n0*=zeros.out(·,·)
SKIP	w112:79	fvp_runner rc=2: 	n0*=scatter.src_out(L0,·,L1,L2,·)
SKIP	w112:87	fvp_runner rc=2: no out-*.bin produced (see /tmp/fvp_job_rxstpb_u/uart.log) 	n0*=stack(·,·)
SKIP	w112:9	fvp_runner rc=2: 	n0*=pixel_unshuffle(L0,·)
SKIP	w112:97	fvp_runner rc=2: no out-*.bin produced (see /tmp/fvp_job_ooz8quw3/uart.log) 	n0*=zeros.out(·,·)
SKIP	w113:0	fvp_runner rc=2: no out-*.bin produced (see /tmp/fvp_job_mcdzw6vq/uart.log) 	n0*=ones.out(·,·)
MISMATCH	w113:10	out[0] max|delta|=1.000e+00 (rtol=0.01 atol=0.001)	n0*=rsqrt.out(L0,·)
MISMATCH	w113:141	out[0] max|delta|=2.306e+18 (rtol=0.0 atol=0.0)	n0*=bitwise_left_shift.Tensor_out(L0,L1,·)
CRASH	w112:551	fvp_runner rc=5: >> building runner (cache miss): backend=cortex-m target=cortex-m55 ops=b0707b1a (shared SDK, no fetch) ... cortex-m runner build failed (see /tmp/fvp_job_w569ocde/build.fail.log) 	n0*=linear(L0,L1,·)
TIMEOUT	w11:206	FVP exceeded job-timeout	n0*=_fft_r2c(L0,·,·,·)
SKIP	w113:153	fvp_runner rc=2: 	n0*=scatter.src_out(L0,·,L1,L2,·)
SKIP	w113:160	fvp_runner rc=2: 	n0*=copy(L0,L1,·)
SKIP	w113:158	fvp_runner rc=2: 	n0*=topk.values(L0,·,·,·,·,L1,L2)
SKIP	w113:161	fvp_runner rc=2: no out-*.bin produced (see /tmp/fvp_job_opnndlwu/uart.log) 	n0*=stack(·,·)
SKIP	w113:171	fvp_runner rc=2: no out-*.bin produced (see /tmp/fvp_job_17navfll/uart.log) 	n0*=zeros.out(·,·)
SKIP	w113:204	fvp_runner rc=2: no out-*.bin produced (see /tmp/fvp_job_2ahs2zix/uart.log) 	n0*=arange.out(·,·)
MISMATCH	w113:203	out[0] max|delta|=3.200e+01 (rtol=0.0 atol=0.0)	n0*=bitwise_right_shift.Tensor_out(L0,L1,·)
SKIP	w113:228	fvp_runner rc=2: no out-*.bin produced (see /tmp/fvp_job_xvep25ju/uart.log) 	n0*=ones.out(·,·)
SKIP	w113:268	fvp_runner rc=2: no out-*.bin produced (see /tmp/fvp_job_5lb50wyx/uart.log) 	n0*=full.out(·,·,·)
SKIP	w113:237	fvp_runner rc=2: 	n0*=pixel_unshuffle(L0,·)
MISMATCH	w113:251	out[0] max|delta|=8.000e+00 (rtol=0.0 atol=0.0)	n0*=bitwise_right_shift.Tensor_Scalar(L0,·)
SKIP	w113:317	fvp_runner rc=2: no out-*.bin produced (see /tmp/fvp_job_dpvwg7fi/uart.log) 	n0*=arange.start_out(·,·,·,·)
SKIP	w113:291	fvp_runner rc=2: 	n0*=pixel_shuffle(L0,·)
SKIP	w113:298	fvp_runner rc=2: 	n0*=expand_copy(L0,·,·)
SKIP	w113:311	fvp_runner rc=2: 	n0*=pixel_unshuffle(L0,·)
SKIP	w113:327	fvp_runner rc=2: 	n0*=permute_copy(L0,·)
SKIP	w113:352	fvp_runner rc=2: 	n0*=where.self(L0,L1,L2)
MISMATCH	w113:369	out[0] max|delta|=9.223e+18 (rtol=0.0 atol=0.0)	n0*=bitwise_left_shift.Tensor_out(L0,L1,·)
MISMATCH	w113:374	out[0] max|delta|=2.599e-01 (rtol=0.01 atol=0.001)	n0*=index_put(L0,·,L1,·)
TIMEOUT	w11:434	FVP exceeded job-timeout	n0*=_fft_r2c(L0,·,·,·)
SKIP	w113:389	fvp_runner rc=2: no out-*.bin produced (see /tmp/fvp_job_375cp7pd/uart.log) 	n0*=stack(·,·)
SKIP	w113:399	fvp_runner rc=2: no out-*.bin produced (see /tmp/fvp_job_ixr02jer/uart.log) 	n0*=zeros.out(·,·)
SKIP	w113:40	fvp_runner rc=2: no out-*.bin produced (see /tmp/fvp_job_ax800qm7/uart.log) 	n0*=full.out(·,·,·)
SKIP	w113:424	fvp_runner rc=2: 	n0*=native_group_norm(L0,·,·,·,·,·,·,·)
SKIP	w113:427	fvp_runner rc=2: 	n0*=_pdist_forward(L0,·)
SKIP	w113:432	fvp_runner rc=2: no out-*.bin produced (see /tmp/fvp_job_ax53qpzu/uart.log) 	n0*=arange.out(·,·)
CRASH	w112:95	fvp_runner rc=5: >> building runner (cache miss): backend=cortex-m target=cortex-m55 ops=b0707b1a (shared SDK, no fetch) ... cortex-m runner build failed (see /tmp/fvp_job_ovb4u9qh/build.fail.log) 	n0*=linear(L0,L1,·)
SKIP	w113:456	fvp_runner rc=2: no out-*.bin produced (see /tmp/fvp_job_seuaap30/uart.log) 	n0*=ones.out(·,·)
SKIP	w113:465	fvp_runner rc=2: 	n0*=pixel_unshuffle(L0,·)
SKIP	w113:519	fvp_runner rc=2: 	n0*=pixel_shuffle(L0,·)
SKIP	w113:526	fvp_runner rc=2: 	n0*=expand_copy(L0,·,·)
SKIP	w113:545	fvp_runner rc=2: no out-*.bin produced (see /tmp/fvp_job_mhwmzr7h/uart.log) 	n0*=arange.start_out(·,·,·,·)
MISMATCH	w113:55	out[0] max|delta|=3.000e+00 (rtol=0.0 atol=0.0)	n0*=remainder.Scalar(L0,·)
SKIP	w113:580	fvp_runner rc=2: 	n0*=where.self(L0,L1,L2)
MISMATCH	w113:597	out[0] max|delta|=4.800e+01 (rtol=0.01 atol=0.001)	n0*=bitwise_left_shift.Tensor_out(L0,L1,·)
SKIP	w113:617	fvp_runner rc=2: no out-*.bin produced (see /tmp/fvp_job_3__fts0i/uart.log) 	n0*=stack(·,·)
SKIP	w113:614	fvp_runner rc=2: 	n0*=topk.values(L0,·,·,·,·,L1,L2)
SKIP	w113:627	fvp_runner rc=2: no out-*.bin produced (see /tmp/fvp_job_nqakjfgs/uart.log) 	n0*=zeros.out(·,·)
SKIP	w113:628	fvp_runner rc=2: 	n0*=min.dim_min(L0,·,·,L1,L2)
SKIP	w113:63	fvp_runner rc=2: 	n0*=pixel_shuffle(L0,·)
SKIP	w113:652	fvp_runner rc=2: 	n0*=native_group_norm(L0,·,·,·,·,·,·,·)
SKIP	w113:660	fvp_runner rc=2: no out-*.bin produced (see /tmp/fvp_job_skkrwjsr/uart.log) 	n0*=arange.out(·,·)
MISMATCH	w113:675	out[0] max|delta|=2.018e+00 (rtol=0.01 atol=0.001)	n0*=max_pool2d_with_indices_backward.grad_input(L0,L1,·,·,·,·,·,L2,L3)
SKIP	w113:684	fvp_runner rc=2: no out-*.bin produced (see /tmp/fvp_job_c8_g24lb/uart.log) 	n0*=ones.out(·,·)
SKIP	w113:70	fvp_runner rc=2: 	n0*=expand_copy(L0,·,·)
TIMEOUT	w11:662	FVP exceeded job-timeout	n0*=_fft_r2c(L0,·,·,·)
SKIP	w113:724	fvp_runner rc=2: no out-*.bin produced (see /tmp/fvp_job_78yee6wl/uart.log) 	n0*=full.out(·,·,·)
MISMATCH	w113:746	out[0] max|delta|=5.765e+17 (rtol=0.0 atol=0.0)	n0*=bitwise_left_shift.Tensor_Scalar(L0,·)
SKIP	w113:748	fvp_runner rc=2: 	n0*=scatter_add.out(L0,·,L1,L2,·)
SKIP	w113:751	fvp_runner rc=2: 	n0*=narrow_copy(L0,·,·,·)
SKIP	w113:754	fvp_runner rc=2: 	n0*=expand_copy(L0,·,·)
MISMATCH	w113:757	out[0] max|delta|=2.147e+09 (rtol=0.0 atol=0.0)	n0*=pow.Scalar_out(·,L0,·)
SKIP	w113:773	fvp_runner rc=2: no out-*.bin produced (see /tmp/fvp_job_ydudbc8b/uart.log) 	n0*=arange.start_out(·,·,·,·)
SKIP	w113:83	fvp_runner rc=2: 	n0*=pixel_unshuffle(L0,·)
SKIP	w113:9	fvp_runner rc=2: 	n0*=pixel_unshuffle(L0,·)
SKIP	w113:89	fvp_runner rc=2: no out-*.bin produced (see /tmp/fvp_job_jyls2_2t/uart.log) 	n0*=arange.start_out(·,·,·,·)
SKIP	w113:95	fvp_runner rc=2: 	n0*=scatter.value_out(L0,·,L1,·,·)
SKIP	w114:102	fvp_runner rc=2: 	n0*=convolution(L0,L1,·,·,·,·,·,·,·)
SKIP	w114:107	fvp_runner rc=2: 	n0*=native_group_norm(L0,·,·,·,·,·,·,·)
SKIP	w114:110	fvp_runner rc=2: 	n0*=minimum.out(L0,L1,·)
MISMATCH	w114:134	out[0] max|delta|=1.000e+00 (rtol=0.0 atol=0.0)	n0*=bitwise_left_shift.Tensor_out(L0,L1,·)
MISMATCH	w114:139	out[0] max|delta|=8.090e-01 (rtol=0.01 atol=0.001)	n0*=index_put(L0,·,L1,·)
SKIP	w114:154	fvp_runner rc=2: no out-*.bin produced (see /tmp/fvp_job_z7ro2so4/uart.log) 	n0*=stack(·,·)
SKIP	w114:165	fvp_runner rc=2: 	n0*=min.dim_min(L0,·,·,L1,L2)
SKIP	w114:164	fvp_runner rc=2: no out-*.bin produced (see /tmp/fvp_job_azvqv1ri/uart.log) 	n0*=zeros.out(·,·)
SKIP	w114:189	fvp_runner rc=2: 	n0*=native_group_norm(L0,·,·,·,·,·,·,·)
SKIP	w114:197	fvp_runner rc=2: no out-*.bin produced (see /tmp/fvp_job_1so1t_3v/uart.log) 	n0*=arange.out(·,·)
SKIP	w114:221	fvp_runner rc=2: no out-*.bin produced (see /tmp/fvp_job_6toy153l/uart.log) 	n0*=ones.out(·,·)
CRASH	w113:625	fvp_runner rc=5: >> building runner (cache miss): backend=cortex-m target=cortex-m55 ops=b0707b1a (shared SDK, no fetch) ... cortex-m runner build failed (see /tmp/fvp_job_i5r2j73a/build.fail.log) 	n0*=linear(L0,L1,·)
MISMATCH	w114:276	out[0] max|delta|=5.000e+00 (rtol=0.0 atol=0.0)	n0*=remainder.Scalar(L0,·)
SKIP	w114:285	fvp_runner rc=2: 	n0*=scatter_add.out(L0,·,L1,L2,·)
TIMEOUT	w110:177	FVP exceeded job-timeout	n0*=_fft_r2c(L0,·,·,·)
MISMATCH	w114:289	out[0] max|delta|=7.670e+02 (rtol=0.0 atol=0.0)	n0*=bitwise_right_shift.Tensor_Scalar_out(L0,·,·)
SKIP	w114:291	fvp_runner rc=2: 	n0*=expand_copy(L0,·,·)
MISMATCH	w114:359	out[0] max|delta|=1.441e+17 (rtol=0.0 atol=0.0)	n0*=bitwise_left_shift.Tensor_Scalar_out(L0,·,·)
MISMATCH	w114:362	out[0] max|delta|=2.306e+18 (rtol=0.0 atol=0.0)	n0*=bitwise_left_shift.Tensor_out(L0,L1,·)
MISMATCH	w114:367	out[0] max|delta|=2.599e-01 (rtol=0.01 atol=0.001)	n0*=index_put(L0,·,L1,·)
SKIP	w114:381	fvp_runner rc=2: 	n0*=copy(L0,L1,·)
SKIP	w114:382	fvp_runner rc=2: no out-*.bin produced (see /tmp/fvp_job_sezbea1u/uart.log) 	n0*=stack(·,·)
MISMATCH	w114:408	out[0] max|delta|=4.000e+00 (rtol=0.0 atol=0.0)	n0*=remainder.Tensor_out(L0,L1,·)
SKIP	w114:417	fvp_runner rc=2: 	n0*=native_group_norm(L0,·,·,·,·,·,·,·)
SKIP	w114:420	fvp_runner rc=2: 	n0*=_pdist_forward(L0,·)
MISMATCH	w114:424	out[0] max|delta|=2.300e+01 (rtol=0.0 atol=0.0)	n0*=bitwise_right_shift.Tensor_out(L0,L1,·)
SKIP	w114:449	fvp_runner rc=2: no out-*.bin produced (see /tmp/fvp_job_hylup1d3/uart.log) 	n0*=ones.out(·,·)
SKIP	w114:458	fvp_runner rc=2: 	n0*=pixel_unshuffle(L0,·)
MISMATCH	w114:472	out[0] max|delta|=8.000e+00 (rtol=0.0 atol=0.0)	n0*=bitwise_right_shift.Tensor_Scalar(L0,·)
SKIP	w114:489	fvp_runner rc=2: no out-*.bin produced (see /tmp/fvp_job_4lq_prij/uart.log) 	n0*=full.out(·,·,·)
SKIP	w114:505	fvp_runner rc=2: 	n0*=transpose_copy.int(L0,·,·)
SKIP	w114:513	fvp_runner rc=2: 	n0*=scatter_add.out(L0,·,L1,L2,·)
MISMATCH	w114:595	out[0] max|delta|=2.599e-01 (rtol=0.01 atol=0.001)	n0*=index_put(L0,·,L1,·)
MISMATCH	w114:590	out[0] max|delta|=9.223e+18 (rtol=0.0 atol=0.0)	n0*=bitwise_left_shift.Tensor_out(L0,L1,·)
SKIP	w114:609	fvp_runner rc=2: 	n0*=copy(L0,L1,·)
SKIP	w114:610	fvp_runner rc=2: no out-*.bin produced (see /tmp/fvp_job_61czeg4_/uart.log) 	n0*=stack(·,·)
TIMEOUT	w110:405	FVP exceeded job-timeout	n0*=_fft_r2c(L0,·,·,·)
SKIP	w114:620	fvp_runner rc=2: no out-*.bin produced (see /tmp/fvp_job_kl6eicqy/uart.log) 	n0*=zeros.out(·,·)
SKIP	w114:621	fvp_runner rc=2: 	n0*=min.dim_min(L0,·,·,L1,L2)
SKIP	w114:63	fvp_runner rc=2: 	n0*=expand_copy(L0,·,·)
MISMATCH	w114:636	out[0] max|delta|=4.000e+00 (rtol=0.0 atol=0.0)	n0*=remainder.Tensor_out(L0,L1,·)
CRASH	w113:712	fvp_runner rc=5: >> building runner (cache miss): backend=cortex-m target=cortex-m55 ops=b0707b1a (shared SDK, no fetch) ... cortex-m runner build failed (see /tmp/fvp_job_xto5lwyx/build.fail.log) 	n0*=linear.out(L0,L1,·,·)
SKIP	w114:653	fvp_runner rc=2: no out-*.bin produced (see /tmp/fvp_job_w_17p8yw/uart.log) 	n0*=arange.out(·,·)
MISMATCH	w114:654	out[0] max|delta|=3.420e-01 (rtol=0.01 atol=0.001)	n0*=fmod.Tensor_out(L0,L1,·)
MISMATCH	w114:668	out[0] max|delta|=1.645e+00 (rtol=0.01 atol=0.001)	n0*=max_pool2d_with_indices_backward.grad_input(L0,L1,·,·,·,·,·,L2,L3)
MISMATCH	w114:682	out[0] max|delta|=3.765e+00 (rtol=0.01 atol=0.001)	n0*=fill.Scalar(L0,·)
SKIP	w114:686	fvp_runner rc=2: 	n0*=pixel_unshuffle(L0,·)
SKIP	w114:717	fvp_runner rc=2: no out-*.bin produced (see /tmp/fvp_job_ohjx7sir/uart.log) 	n0*=full.out(·,·,·)
SKIP	w114:741	fvp_runner rc=2: 	n0*=scatter_add.out(L0,·,L1,L2,·)
SKIP	w114:740	fvp_runner rc=2: 	n0*=pixel_shuffle(L0,·)
SKIP	w114:760	fvp_runner rc=2: 	n0*=pixel_unshuffle(L0,·)
SKIP	w114:766	fvp_runner rc=2: no out-*.bin produced (see /tmp/fvp_job_i828me1r/uart.log) 	n0*=arange.start_out(·,·,·,·)
SKIP	w114:772	fvp_runner rc=2: 	n0*=scatter.value_out(L0,·,L1,·,·)
SKIP	w114:82	fvp_runner rc=2: no out-*.bin produced (see /tmp/fvp_job__7r8o1s2/uart.log) 	n0*=arange.start_out(·,·,·,·)
SKIP	w115:0	fvp_runner rc=2: no out-*.bin produced (see /tmp/fvp_job_7zfnkdyx/uart.log) 	n0*=stack(·,·)
SKIP	w115:10	fvp_runner rc=2: no out-*.bin produced (see /tmp/fvp_job_vo1lfnie/uart.log) 	n0*=zeros.out(·,·)
SKIP	w115:11	fvp_runner rc=2: 	n0*=min.dim_min(L0,·,·,L1,L2)
MISMATCH	w115:122	out[0] max|delta|=4.000e+00 (rtol=0.0 atol=0.0)	n0*=remainder.Scalar(L0,·)
MISMATCH	w115:129	out[0] max|delta|=2.882e+17 (rtol=0.0 atol=0.0)	n0*=bitwise_left_shift.Tensor_Scalar(L0,·)
SKIP	w115:131	fvp_runner rc=2: 	n0*=scatter_add.out(L0,·,L1,L2,·)
MISMATCH	w115:135	out[0] max|delta|=5.000e+00 (rtol=0.0 atol=0.0)	n0*=bitwise_right_shift.Tensor_Scalar_out(L0,·,·)
SKIP	w115:137	fvp_runner rc=2: 	n0*=expand_copy(L0,·,·)
SKIP	w115:156	fvp_runner rc=2: no out-*.bin produced (see /tmp/fvp_job_mre8ia8e/uart.log) 	n0*=arange.start_out(·,·,·,·)
TIMEOUT	w110:633	FVP exceeded job-timeout	n0*=_fft_r2c(L0,·,·,·)
SKIP	w115:191	fvp_runner rc=2: 	n0*=where.self(L0,L1,L2)
MISMATCH	w115:213	out[0] max|delta|=2.599e-01 (rtol=0.01 atol=0.001)	n0*=index_put(L0,·,L1,·)
SKIP	w115:220	fvp_runner rc=2: 	n0*=scatter.src_out(L0,·,L1,L2,·)
SKIP	w115:227	fvp_runner rc=2: 	n0*=copy(L0,L1,·)
SKIP	w115:228	fvp_runner rc=2: no out-*.bin produced (see /tmp/fvp_job_ussark_6/uart.log) 	n0*=stack(·,·)
SKIP	w115:238	fvp_runner rc=2: no out-*.bin produced (see /tmp/fvp_job_74fhpnra/uart.log) 	n0*=zeros.out(·,·)
SKIP	w115:239	fvp_runner rc=2: 	n0*=min.dim_min(L0,·,·,L1,L2)
MISMATCH	w115:26	out[0] max|delta|=9.995e-01 (rtol=0.01 atol=0.001)	n0*=remainder.Tensor_out(L0,L1,·)
MISMATCH	w115:270	out[0] max|delta|=4.700e+01 (rtol=0.0 atol=0.0)	n0*=bitwise_right_shift.Tensor_out(L0,L1,·)
SKIP	w115:278	fvp_runner rc=2: 	n0*=pixel_shuffle(L0,·)
SKIP	w115:295	fvp_runner rc=2: no out-*.bin produced (see /tmp/fvp_job_6olkxp3n/uart.log) 	n0*=ones.out(·,·)
MISMATCH	w115:300	out[0] max|delta|=2.392e+00 (rtol=0.01 atol=0.001)	n0*=fill.Scalar(L0,·)
MISMATCH	w115:318	out[0] max|delta|=6.400e+01 (rtol=0.0 atol=0.0)	n0*=bitwise_right_shift.Tensor_Scalar(L0,·)
SKIP	w115:335	fvp_runner rc=2: no out-*.bin produced (see /tmp/fvp_job_fjnc8rto/uart.log) 	n0*=full.out(·,·,·)
CRASH	w114:21	fvp_runner rc=5: >> building runner (cache miss): backend=cortex-m target=cortex-m55 ops=b0707b1a (shared SDK, no fetch) ... cortex-m runner build failed (see /tmp/fvp_job_ud54uh6f/build.fail.log) 	n0*=linear.out(L0,L1,·,·)
SKIP	w115:35	fvp_runner rc=2: 	n0*=native_group_norm(L0,·,·,·,·,·,·,·)
MISMATCH	w115:350	out[0] max|delta|=5.000e+00 (rtol=0.0 atol=0.0)	n0*=remainder.Scalar(L0,·)
MISMATCH	w115:363	out[0] max|delta|=3.830e+02 (rtol=0.0 atol=0.0)	n0*=bitwise_right_shift.Tensor_Scalar_out(L0,·,·)
SKIP	w115:38	fvp_runner rc=2: 	n0*=_pdist_forward(L0,·)
SKIP	w115:384	fvp_runner rc=2: no out-*.bin produced (see /tmp/fvp_job_2a6z674p/uart.log) 	n0*=arange.start_out(·,·,·,·)
SKIP	w115:409	fvp_runner rc=2: 	n0*=native_group_norm(L0,·,·,·,·,·,·,·)
SKIP	w115:43	fvp_runner rc=2: no out-*.bin produced (see /tmp/fvp_job_ot809mfc/uart.log) 	n0*=arange.out(·,·)
MISMATCH	w115:436	out[0] max|delta|=2.306e+18 (rtol=0.0 atol=0.0)	n0*=bitwise_left_shift.Tensor_out(L0,L1,·)
MISMATCH	w115:441	out[0] max|delta|=2.599e-01 (rtol=0.01 atol=0.001)	n0*=index_put(L0,·,L1,·)
SKIP	w115:453	fvp_runner rc=2: 	n0*=topk.values(L0,·,·,·,·,L1,L2)
SKIP	w115:456	fvp_runner rc=2: no out-*.bin produced (see /tmp/fvp_job_64nf52ik/uart.log) 	n0*=stack(·,·)
SKIP	w115:455	fvp_runner rc=2: 	n0*=copy(L0,L1,·)
TIMEOUT	w111:147	FVP exceeded job-timeout	n0*=_fft_r2c(L0,·,·,·)
SKIP	w115:491	fvp_runner rc=2: 	n0*=native_group_norm(L0,·,·,·,·,·,·,·)
SKIP	w115:494	fvp_runner rc=2: 	n0*=_pdist_forward(L0,·)
SKIP	w115:499	fvp_runner rc=2: no out-*.bin produced (see /tmp/fvp_job_wamr10bm/uart.log) 	n0*=arange.out(·,·)
SKIP	w115:506	fvp_runner rc=2: 	n0*=pixel_shuffle(L0,·)
SKIP	w115:523	fvp_runner rc=2: no out-*.bin produced (see /tmp/fvp_job_m8ddfceb/uart.log) 	n0*=ones.out(·,·)
MISMATCH	w115:578	out[0] max|delta|=3.000e+00 (rtol=0.0 atol=0.0)	n0*=remainder.Scalar(L0,·)
SKIP	w115:586	fvp_runner rc=2: 	n0*=pixel_shuffle(L0,·)
SKIP	w115:637	fvp_runner rc=2: 	n0*=native_group_norm(L0,·,·,·,·,·,·,·)
CRASH	w115:323	fvp_runner rc=5: >> building runner (cache miss): backend=cortex-m target=cortex-m55 ops=28dc928b (shared SDK, no fetch) ... cortex-m runner build failed (see /tmp/fvp_job_wez2g8s0/build.fail.log) 	n0*=linear.out(L0,L1,·,·)
MISMATCH	w115:664	out[0] max|delta|=2.306e+18 (rtol=0.0 atol=0.0)	n0*=bitwise_left_shift.Tensor_out(L0,L1,·)
MISMATCH	w115:669	out[0] max|delta|=2.599e-01 (rtol=0.01 atol=0.001)	n0*=index_put(L0,·,L1,·)
SKIP	w115:67	fvp_runner rc=2: no out-*.bin produced (see /tmp/fvp_job_p5wbkt4z/uart.log) 	n0*=ones.out(·,·)
SKIP	w115:683	fvp_runner rc=2: 	n0*=copy(L0,L1,·)
SKIP	w115:684	fvp_runner rc=2: no out-*.bin produced (see /tmp/fvp_job_z9nkv99y/uart.log) 	n0*=stack(·,·)
SKIP	w115:694	fvp_runner rc=2: no out-*.bin produced (see /tmp/fvp_job_hzz6qwhi/uart.log) 	n0*=zeros.out(·,·)
MISMATCH	w115:710	out[0] max|delta|=4.000e+00 (rtol=0.0 atol=0.0)	n0*=remainder.Tensor_out(L0,L1,·)
MISMATCH	w115:72	out[0] max|delta|=2.847e+00 (rtol=0.01 atol=0.001)	n0*=fill.Scalar(L0,·)
SKIP	w115:727	fvp_runner rc=2: no out-*.bin produced (see /tmp/fvp_job_ja8hon6e/uart.log) 	n0*=arange.out(·,·)
SKIP	w115:751	fvp_runner rc=2: no out-*.bin produced (see /tmp/fvp_job__1ywhng6/uart.log) 	n0*=ones.out(·,·)
TIMEOUT	w111:375	FVP exceeded job-timeout	n0*=_fft_r2c(L0,·,·,·)
CRASH	w115:464	fvp_runner rc=5: >> building runner (cache miss): backend=cortex-m target=cortex-m55 ops=b0707b1a (shared SDK, no fetch) ... cortex-m runner build failed (see /tmp/fvp_job_58omm73p/build.fail.log) 	n0*=linear(L0,L1,·)
MISMATCH	w115:90	out[0] max|delta|=3.200e+01 (rtol=0.0 atol=0.0)	n0*=bitwise_right_shift.Tensor_Scalar(L0,·)
SKIP	w116:122	fvp_runner rc=2: 	n0*=scatter.src_out(L0,·,L1,L2,·)
SKIP	w116:130	fvp_runner rc=2: no out-*.bin produced (see /tmp/fvp_job_kwl1857k/uart.log) 	n0*=stack(·,·)
SKIP	w116:140	fvp_runner rc=2: no out-*.bin produced (see /tmp/fvp_job_v7z_w5bz/uart.log) 	n0*=zeros.out(·,·)
SKIP	w116:165	fvp_runner rc=2: 	n0*=native_group_norm(L0,·,·,·,·,·,·,·)
SKIP	w116:168	fvp_runner rc=2: 	n0*=_pdist_forward(L0,·)
SKIP	w116:180	fvp_runner rc=2: 	n0*=pixel_shuffle(L0,·)
SKIP	w116:197	fvp_runner rc=2: no out-*.bin produced (see /tmp/fvp_job_ofox8juo/uart.log) 	n0*=ones.out(·,·)
MISMATCH	w116:202	out[0] max|delta|=1.459e+00 (rtol=0.01 atol=0.001)	n0*=fill.Scalar(L0,·)
MISMATCH	w116:220	out[0] max|delta|=7.670e+02 (rtol=0.0 atol=0.0)	n0*=bitwise_right_shift.Tensor_Scalar(L0,·)
MISMATCH	w116:232	out[0] max|delta|=9.814e+01 (rtol=0.01 atol=0.001)	n0*=floor_divide(L0,L1)
SKIP	w116:237	fvp_runner rc=2: no out-*.bin produced (see /tmp/fvp_job_plq_mfyl/uart.log) 	n0*=full.out(·,·,·)
SKIP	w116:260	fvp_runner rc=2: 	n0*=pixel_shuffle(L0,·)
SKIP	w116:267	fvp_runner rc=2: 	n0*=expand_copy(L0,·,·)
SKIP	w116:280	fvp_runner rc=2: 	n0*=pixel_unshuffle(L0,·)
SKIP	w116:286	fvp_runner rc=2: no out-*.bin produced (see /tmp/fvp_job_0btvf74d/uart.log) 	n0*=arange.start_out(·,·,·,·)
SKIP	w116:32	fvp_runner rc=2: 	n0*=pixel_shuffle(L0,·)
SKIP	w116:321	fvp_runner rc=2: 	n0*=where.self(L0,L1,L2)
CRASH	w115:551	fvp_runner rc=5: >> building runner (cache miss): backend=cortex-m target=cortex-m55 ops=28dc928b (shared SDK, no fetch) ... cortex-m runner build failed (see /tmp/fvp_job_p3ohz11g/build.fail.log) 	n0*=linear.out(L0,L1,·,·)
TIMEOUT	w111:603	FVP exceeded job-timeout	n0*=_fft_r2c(L0,·,·,·)
SKIP	w116:358	fvp_runner rc=2: no out-*.bin produced (see /tmp/fvp_job_ze2w10jc/uart.log) 	n0*=stack(·,·)
MISMATCH	w116:370	out[0] max|delta|=1.280e+02 (rtol=0.01 atol=0.001)	n0*=logit(L0,·)
SKIP	w116:386	fvp_runner rc=2: 	n0*=max.dim_max(L0,·,·,L1,L2)
SKIP	w116:39	fvp_runner rc=2: 	n0*=expand_copy(L0,·,·)
SKIP	w116:396	fvp_runner rc=2: 	n0*=_pdist_forward(L0,·)
SKIP	w116:408	fvp_runner rc=2: 	n0*=pixel_shuffle(L0,·)
SKIP	w116:425	fvp_runner rc=2: no out-*.bin produced (see /tmp/fvp_job_zbt3uvt4/uart.log) 	n0*=ones.out(·,·)
SKIP	w116:488	fvp_runner rc=2: 	n0*=pixel_shuffle(L0,·)
CRASH	w116:138	fvp_runner rc=5: >> building runner (cache miss): backend=cortex-m target=cortex-m55 ops=b0707b1a (shared SDK, no fetch) ... cortex-m runner build failed (see /tmp/fvp_job_y1m2oix7/build.fail.log) 	n0*=linear(L0,L1,·)
MISMATCH	w116:480	out[0] max|delta|=6.000e+00 (rtol=0.0 atol=0.0)	n0*=remainder.Scalar(L0,·)
SKIP	w116:481	fvp_runner rc=2: 	n0*=transpose_copy.int(L0,·,·)
SKIP	w116:495	fvp_runner rc=2: 	n0*=expand_copy(L0,·,·)
SKIP	w116:508	fvp_runner rc=2: 	n0*=pixel_unshuffle(L0,·)
SKIP	w116:52	fvp_runner rc=2: 	n0*=pixel_unshuffle(L0,·)
SKIP	w116:524	fvp_runner rc=2: 	n0*=permute_copy(L0,·)
SKIP	w116:549	fvp_runner rc=2: 	n0*=where.self(L0,L1,L2)
MISMATCH	w116:567	out[0] max|delta|=1.253e+03 (rtol=0.01 atol=0.001)	n0*=div.out_mode(L0,L1,·,·)
SKIP	w116:58	fvp_runner rc=2: no out-*.bin produced (see /tmp/fvp_job_5n2061fd/uart.log) 	n0*=arange.start_out(·,·,·,·)
MISMATCH	w116:628	out[0] max|delta|=2.300e+01 (rtol=0.0 atol=0.0)	n0*=bitwise_right_shift.Tensor_out(L0,L1,·)
SKIP	w116:585	fvp_runner rc=2: 	n0*=copy(L0,L1,·)
SKIP	w116:586	fvp_runner rc=2: no out-*.bin produced (see /tmp/fvp_job_sz27xj5v/uart.log) 	n0*=stack(·,·)
SKIP	w116:614	fvp_runner rc=2: 	n0*=max.dim_max(L0,·,·,L1,L2)
SKIP	w116:621	fvp_runner rc=2: 	n0*=native_group_norm(L0,·,·,·,·,·,·,·)
SKIP	w116:624	fvp_runner rc=2: 	n0*=_pdist_forward(L0,·)
SKIP	w116:629	fvp_runner rc=2: no out-*.bin produced (see /tmp/fvp_job__j1rghxk/uart.log) 	n0*=arange.out(·,·)
TIMEOUT	w112:153	FVP exceeded job-timeout	n0*=_fft_r2c(L0,·,·,·)
SKIP	w116:636	fvp_runner rc=2: 	n0*=pixel_shuffle(L0,·)
SKIP	w116:693	fvp_runner rc=2: no out-*.bin produced (see /tmp/fvp_job_ksnjnlo6/uart.log) 	n0*=full.out(·,·,·)
SKIP	w116:653	fvp_runner rc=2: no out-*.bin produced (see /tmp/fvp_job_hw6m_jpy/uart.log) 	n0*=ones.out(·,·)
MISMATCH	w116:658	out[0] max|delta|=4.980e-01 (rtol=0.01 atol=0.001)	n0*=fill.Scalar(L0,·)
MISMATCH	w116:676	out[0] max|delta|=4.000e+00 (rtol=0.0 atol=0.0)	n0*=bitwise_right_shift.Tensor_Scalar(L0,·)
SKIP	w116:716	fvp_runner rc=2: 	n0*=pixel_shuffle(L0,·)
SKIP	w116:723	fvp_runner rc=2: 	n0*=expand_copy(L0,·,·)
SKIP	w116:742	fvp_runner rc=2: no out-*.bin produced (see /tmp/fvp_job_v1msfok2/uart.log) 	n0*=arange.start_out(·,·,·,·)
MISMATCH	w116:752	out[0] max|delta|=2.075e+00 (rtol=0.01 atol=0.001)	n0*=permute_copy(L0,·)
SKIP	w116:9	fvp_runner rc=2: no out-*.bin produced (see /tmp/fvp_job_5fr2mgvd/uart.log) 	n0*=full.out(·,·,·)
SKIP	w117:127	fvp_runner rc=2: no out-*.bin produced (see /tmp/fvp_job_h_3_b9k2/uart.log) 	n0*=full.out(·,·,·)
CRASH	w116:225	fvp_runner rc=5: >> building runner (cache miss): backend=cortex-m target=cortex-m55 ops=b0707b1a (shared SDK, no fetch) ... cortex-m runner build failed (see /tmp/fvp_job_admfxhkc/build.fail.log) 	n0*=linear.out(L0,L1,·,·)
SKIP	w117:150	fvp_runner rc=2: 	n0*=pixel_shuffle(L0,·)
SKIP	w117:157	fvp_runner rc=2: 	n0*=expand_copy(L0,·,·)
SKIP	w117:176	fvp_runner rc=2: no out-*.bin produced (see /tmp/fvp_job_mx5b685o/uart.log) 	n0*=arange.start_out(·,·,·,·)
SKIP	w117:19	fvp_runner rc=2: 	n0*=copy(L0,L1,·)
SKIP	w117:20	fvp_runner rc=2: no out-*.bin produced (see /tmp/fvp_job_avciq5tb/uart.log) 	n0*=stack(·,·)
TIMEOUT	w112:381	FVP exceeded job-timeout	n0*=_fft_r2c(L0,·,·,·)
MISMATCH	w117:228	out[0] max|delta|=2.306e+18 (rtol=0.0 atol=0.0)	n0*=bitwise_left_shift.Tensor_out(L0,L1,·)
MISMATCH	w117:233	out[0] max|delta|=2.599e-01 (rtol=0.01 atol=0.001)	n0*=index_put(L0,·,L1,·)
SKIP	w117:247	fvp_runner rc=2: 	n0*=copy(L0,L1,·)
SKIP	w117:248	fvp_runner rc=2: no out-*.bin produced (see /tmp/fvp_job_4jlzt7cd/uart.log) 	n0*=stack(·,·)
SKIP	w117:258	fvp_runner rc=2: no out-*.bin produced (see /tmp/fvp_job_ike565mk/uart.log) 	n0*=zeros.out(·,·)
SKIP	w117:259	fvp_runner rc=2: 	n0*=min.dim_min(L0,·,·,L1,L2)
SKIP	w117:286	fvp_runner rc=2: 	n0*=_pdist_forward(L0,·)
SKIP	w117:291	fvp_runner rc=2: no out-*.bin produced (see /tmp/fvp_job_4z8s8e0e/uart.log) 	n0*=arange.out(·,·)
SKIP	w117:30	fvp_runner rc=2: no out-*.bin produced (see /tmp/fvp_job_ygfisog5/uart.log) 	n0*=zeros.out(·,·)
SKIP	w117:315	fvp_runner rc=2: no out-*.bin produced (see /tmp/fvp_job_of4fafuy/uart.log) 	n0*=ones.out(·,·)
MISMATCH	w117:320	out[0] max|delta|=1.945e+00 (rtol=0.01 atol=0.001)	n0*=fill.Scalar(L0,·)
MISMATCH	w117:32	out[0] max|delta|=1.280e+02 (rtol=0.01 atol=0.001)	n0*=logit(L0,·)
SKIP	w117:324	fvp_runner rc=2: 	n0*=pixel_unshuffle(L0,·)
MISMATCH	w117:338	out[0] max|delta|=4.000e+00 (rtol=0.0 atol=0.0)	n0*=bitwise_right_shift.Tensor_Scalar(L0,·)
SKIP	w117:355	fvp_runner rc=2: no out-*.bin produced (see /tmp/fvp_job_pmbgddxz/uart.log) 	n0*=full.out(·,·,·)
MISMATCH	w117:370	out[0] max|delta|=7.000e+00 (rtol=0.0 atol=0.0)	n0*=remainder.Scalar(L0,·)
SKIP	w117:398	fvp_runner rc=2: 	n0*=pixel_unshuffle(L0,·)
SKIP	w117:404	fvp_runner rc=2: no out-*.bin produced (see /tmp/fvp_job_nsnnz0gy/uart.log) 	n0*=arange.start_out(·,·,·,·)
MISMATCH	w117:447	out[0] max|delta|=2.098e+00 (rtol=0.01 atol=0.001)	n0*=index_select.out(L0,·,L1,·)
MISMATCH	w117:461	out[0] max|delta|=2.599e-01 (rtol=0.01 atol=0.001)	n0*=index_put(L0,·,L1,·)
SKIP	w117:476	fvp_runner rc=2: no out-*.bin produced (see /tmp/fvp_job_ohqqc721/uart.log) 	n0*=stack(·,·)
MISMATCH	w117:5	out[0] max|delta|=2.599e-01 (rtol=0.01 atol=0.001)	n0*=index_put(L0,·,L1,·)
SKIP	w117:552	fvp_runner rc=2: 	n0*=pixel_unshuffle(L0,·)
MISMATCH	w117:534	out[0] max|delta|=1.249e+00 (rtol=0.01 atol=0.001)	n0*=max_pool2d_with_indices_backward.grad_input(L0,L1,·,·,·,·,·,L2,L3)
TIMEOUT	w112:609	FVP exceeded job-timeout	n0*=_fft_r2c(L0,·,·,·)
SKIP	w117:535	fvp_runner rc=2: 	n0*=cumsum.out(L0,·,·,·)
SKIP	w117:12	fvp_runner rc=2: >> building runner (cache miss): backend=cortex-m target=cortex-m55 ops=a36cbf36 (shared SDK, no fetch) ... 	n0*=scatter.src_out(L0,·,L1,L2,·)
MISMATCH	w117:548	out[0] max|delta|=1.929e+00 (rtol=0.01 atol=0.001)	n0*=fill.Scalar(L0,·)
CRASH	w116:366	fvp_runner rc=5: >> building runner (cache miss): backend=cortex-m target=cortex-m55 ops=b0707b1a (shared SDK, no fetch) ... cortex-m runner build failed (see /tmp/fvp_job_zva8mocn/build.fail.log) 	n0*=linear(L0,L1,·)
SKIP	w117:626	fvp_runner rc=2: 	n0*=pixel_unshuffle(L0,·)
SKIP	w117:58	fvp_runner rc=2: 	n0*=_pdist_forward(L0,·)
SKIP	w117:63	fvp_runner rc=2: no out-*.bin produced (see /tmp/fvp_job_70sklign/uart.log) 	n0*=arange.out(·,·)
SKIP	w117:583	fvp_runner rc=2: no out-*.bin produced (see /tmp/fvp_job_ckwm3bjt/uart.log) 	n0*=full.out(·,·,·)
SKIP	w117:606	fvp_runner rc=2: 	n0*=pixel_shuffle(L0,·)
SKIP	w117:714	fvp_runner rc=2: no out-*.bin produced (see /tmp/fvp_job_kmanrt5f/uart.log) 	n0*=zeros.out(·,·)
MISMATCH	w117:689	out[0] max|delta|=2.599e-01 (rtol=0.01 atol=0.001)	n0*=index_put(L0,·,L1,·)
SKIP	w117:70	fvp_runner rc=2: 	n0*=pixel_shuffle(L0,·)
SKIP	w117:704	fvp_runner rc=2: no out-*.bin produced (see /tmp/fvp_job_vwpf1hnt/uart.log) 	n0*=stack(·,·)
MISMATCH	w117:78	out[0] max|delta|=1.594e+00 (rtol=0.01 atol=0.001)	n0*=max_pool2d_with_indices_backward.grad_input(L0,L1,·,·,·,·,·,L2,L3)
SKIP	w117:742	fvp_runner rc=2: 	n0*=_pdist_forward(L0,·)
SKIP	w117:747	fvp_runner rc=2: no out-*.bin produced (see /tmp/fvp_job__v35rbzs/uart.log) 	n0*=arange.out(·,·)
SKIP	w117:752	fvp_runner rc=2: 	n0*=mul.Scalar(L0,·)
MISMATCH	w117:762	out[0] max|delta|=1.161e+00 (rtol=0.01 atol=0.001)	n0*=max_pool2d_with_indices_backward.grad_input(L0,L1,·,·,·,·,·,L2,L3)
SKIP	w117:780	fvp_runner rc=2: 	n0*=pixel_unshuffle(L0,·)
SKIP	w117:87	fvp_runner rc=2: no out-*.bin produced (see /tmp/fvp_job_x7syci2z/uart.log) 	n0*=ones.out(·,·)
SKIP	w118:104	fvp_runner rc=2: no out-*.bin produced (see /tmp/fvp_job_m8ak0q06/uart.log) 	n0*=arange.out(·,·)
MISMATCH	w118:155	out[0] max|delta|=2.000e+00 (rtol=0.01 atol=0.001)	n0*=masked_scatter(L0,L1,L2)
SKIP	w118:168	fvp_runner rc=2: no out-*.bin produced (see /tmp/fvp_job_rvcb485o/uart.log) 	n0*=full.out(·,·,·)
SKIP	w118:191	fvp_runner rc=2: 	n0*=pixel_shuffle(L0,·)
SKIP	w118:198	fvp_runner rc=2: 	n0*=expand_copy(L0,·,·)
CRASH	w113:227	fvp_runner rc=5: >> building runner (cache miss): backend=cortex-m target=cortex-m55 ops=10383d3a (shared SDK, no fetch) ... cortex-m runner build failed (see /tmp/fvp_job_71z9df6r/build.fail.log) 	n0*=_fft_r2c(L0,·,·,·)
SKIP	w118:217	fvp_runner rc=2: no out-*.bin produced (see /tmp/fvp_job_yzcyrhr5/uart.log) 	n0*=arange.start_out(·,·,·,·)
SKIP	w118:227	fvp_runner rc=2: 	n0*=permute_copy(L0,·)
SKIP	w118:24	fvp_runner rc=2: 	n0*=where.self(L0,L1,L2)
SKIP	w118:252	fvp_runner rc=2: 	n0*=where.self(L0,L1,L2)
MISMATCH	w118:274	out[0] max|delta|=2.599e-01 (rtol=0.01 atol=0.001)	n0*=index_put(L0,·,L1,·)
SKIP	w118:324	fvp_runner rc=2: 	n0*=native_group_norm(L0,·,·,·,·,·,·,·)
SKIP	w118:289	fvp_runner rc=2: no out-*.bin produced (see /tmp/fvp_job_zgctwqxg/uart.log) 	n0*=stack(·,·)
SKIP	w118:300	fvp_runner rc=2: 	n0*=min.dim_min(L0,·,·,L1,L2)
SKIP	w118:299	fvp_runner rc=2: no out-*.bin produced (see /tmp/fvp_job_tbyp7afh/uart.log) 	n0*=zeros.out(·,·)
MISMATCH	w118:315	out[0] max|delta|=2.000e+00 (rtol=0.01 atol=0.001)	n0*=remainder.Tensor_out(L0,L1,·)
SKIP	w118:327	fvp_runner rc=2: 	n0*=_pdist_forward(L0,·)
SKIP	w118:339	fvp_runner rc=2: 	n0*=pixel_shuffle(L0,·)
SKIP	w118:356	fvp_runner rc=2: no out-*.bin produced (see /tmp/fvp_job_pyfdgjdt/uart.log) 	n0*=ones.out(·,·)
SKIP	w118:365	fvp_runner rc=2: 	n0*=pixel_unshuffle(L0,·)
MISMATCH	w118:379	out[0] max|delta|=4.000e+00 (rtol=0.0 atol=0.0)	n0*=bitwise_right_shift.Tensor_Scalar(L0,·)
MISMATCH	w118:41	out[0] max|delta|=4.800e+01 (rtol=0.01 atol=0.001)	n0*=bitwise_left_shift.Tensor_out(L0,L1,·)
SKIP	w118:412	fvp_runner rc=2: 	n0*=transpose_copy.int(L0,·,·)
MISMATCH	w118:411	out[0] max|delta|=4.000e+00 (rtol=0.0 atol=0.0)	n0*=remainder.Scalar(L0,·)
MISMATCH	w118:46	out[0] max|delta|=2.599e-01 (rtol=0.01 atol=0.001)	n0*=index_put(L0,·,L1,·)
CRASH	w118:156	fvp_runner rc=5: >> building runner (cache miss): backend=cortex-m target=cortex-m55 ops=b0707b1a (shared SDK, no fetch) ... cortex-m runner build failed (see /tmp/fvp_job_h0irw8ca/build.fail.log) 	n0*=linear.out(L0,L1,·,·)
SKIP	w118:480	fvp_runner rc=2: 	n0*=where.self(L0,L1,L2)
SKIP	w118:509	fvp_runner rc=2: 	n0*=scatter.src_out(L0,·,L1,L2,·)
SKIP	w118:517	fvp_runner rc=2: no out-*.bin produced (see /tmp/fvp_job_0l66psng/uart.log) 	n0*=stack(·,·)
TIMEOUT	w113:455	FVP exceeded job-timeout	n0*=_fft_r2c(L0,·,·,·)
SKIP	w118:584	fvp_runner rc=2: no out-*.bin produced (see /tmp/fvp_job_z867dwle/uart.log) 	n0*=ones.out(·,·)
MISMATCH	w118:589	out[0] max|delta|=2.847e+00 (rtol=0.01 atol=0.001)	n0*=fill.Scalar(L0,·)
SKIP	w118:555	fvp_runner rc=2: 	n0*=_pdist_forward(L0,·)
SKIP	w118:560	fvp_runner rc=2: no out-*.bin produced (see /tmp/fvp_job_eu4rss7r/uart.log) 	n0*=arange.out(·,·)
MISMATCH	w118:607	out[0] max|delta|=3.200e+01 (rtol=0.0 atol=0.0)	n0*=bitwise_right_shift.Tensor_Scalar(L0,·)
SKIP	w118:61	fvp_runner rc=2: no out-*.bin produced (see /tmp/fvp_job_3minzx0w/uart.log) 	n0*=stack(·,·)
SKIP	w118:624	fvp_runner rc=2: no out-*.bin produced (see /tmp/fvp_job_uviz32al/uart.log) 	n0*=full.out(·,·,·)
MISMATCH	w118:646	out[0] max|delta|=1.153e+18 (rtol=0.0 atol=0.0)	n0*=bitwise_left_shift.Tensor_Scalar(L0,·)
SKIP	w118:647	fvp_runner rc=2: 	n0*=pixel_shuffle(L0,·)
SKIP	w118:673	fvp_runner rc=2: no out-*.bin produced (see /tmp/fvp_job_8vlj115f/uart.log) 	n0*=arange.start_out(·,·,·,·)
MISMATCH	w118:731	out[0] max|delta|=1.000e+00 (rtol=0.0 atol=0.0)	n0*=sum.IntList_out(L0,·,·,·,·)
SKIP	w118:708	fvp_runner rc=2: 	n0*=where.self(L0,L1,L2)
MISMATCH	w118:725	out[0] max|delta|=4.800e+01 (rtol=0.01 atol=0.001)	n0*=bitwise_left_shift.Tensor_out(L0,L1,·)
TIMEOUT	w113:683	FVP exceeded job-timeout	n0*=_fft_r2c(L0,·,·,·)
SKIP	w118:737	fvp_runner rc=2: 	n0*=scatter.src_out(L0,·,L1,L2,·)
SKIP	w118:745	fvp_runner rc=2: no out-*.bin produced (see /tmp/fvp_job_u0i0u1u5/uart.log) 	n0*=stack(·,·)
SKIP	w118:755	fvp_runner rc=2: no out-*.bin produced (see /tmp/fvp_job_nw86wdhe/uart.log) 	n0*=zeros.out(·,·)
MISMATCH	w118:87	out[0] max|delta|=4.000e+00 (rtol=0.0 atol=0.0)	n0*=remainder.Tensor_out(L0,L1,·)
SKIP	w118:99	fvp_runner rc=2: 	n0*=_pdist_forward(L0,·)
SKIP	w119:102	fvp_runner rc=2: 	n0*=native_group_norm(L0,·,·,·,·,·,·,·)
SKIP	w119:105	fvp_runner rc=2: 	n0*=_pdist_forward(L0,·)
SKIP	w119:134	fvp_runner rc=2: no out-*.bin produced (see /tmp/fvp_job_ene0eg6a/uart.log) 	n0*=ones.out(·,·)
SKIP	w119:143	fvp_runner rc=2: 	n0*=pixel_unshuffle(L0,·)
MISMATCH	w119:157	out[0] max|delta|=4.000e+00 (rtol=0.0 atol=0.0)	n0*=bitwise_right_shift.Tensor_Scalar(L0,·)
SKIP	w119:197	fvp_runner rc=2: 	n0*=pixel_shuffle(L0,·)
SKIP	w119:20	fvp_runner rc=2: 	n0*=native_group_norm(L0,·,·,·,·,·,·,·)
SKIP	w119:223	fvp_runner rc=2: no out-*.bin produced (see /tmp/fvp_job_kdivt829/uart.log) 	n0*=arange.start_out(·,·,·,·)
SKIP	w119:233	fvp_runner rc=2: 	n0*=permute_copy(L0,·)
MISMATCH	w119:272	out[0] max|delta|=5.765e+17 (rtol=0.0 atol=0.0)	n0*=bitwise_left_shift.Tensor_Scalar_out(L0,·,·)
MISMATCH	w119:275	out[0] max|delta|=4.800e+01 (rtol=0.01 atol=0.001)	n0*=bitwise_left_shift.Tensor_out(L0,L1,·)
MISMATCH	w119:280	out[0] max|delta|=2.599e-01 (rtol=0.01 atol=0.001)	n0*=index_put(L0,·,L1,·)
SKIP	w119:295	fvp_runner rc=2: no out-*.bin produced (see /tmp/fvp_job_87wu0qeh/uart.log) 	n0*=stack(·,·)
TIMEOUT	w114:220	FVP exceeded job-timeout	n0*=_fft_r2c(L0,·,·,·)
SKIP	w119:305	fvp_runner rc=2: no out-*.bin produced (see /tmp/fvp_job_lkydswfy/uart.log) 	n0*=zeros.out(·,·)
SKIP	w119:333	fvp_runner rc=2: 	n0*=_pdist_forward(L0,·)
MISMATCH	w119:337	out[0] max|delta|=2.300e+01 (rtol=0.0 atol=0.0)	n0*=bitwise_right_shift.Tensor_out(L0,L1,·)
SKIP	w119:338	fvp_runner rc=2: no out-*.bin produced (see /tmp/fvp_job_o1jsxflh/uart.log) 	n0*=arange.out(·,·)
SKIP	w119:345	fvp_runner rc=2: 	n0*=pixel_shuffle(L0,·)
SKIP	w119:362	fvp_runner rc=2: no out-*.bin produced (see /tmp/fvp_job_gxwclk6c/uart.log) 	n0*=ones.out(·,·)
MISMATCH	w119:385	out[0] max|delta|=2.000e+00 (rtol=0.0 atol=0.0)	n0*=bitwise_right_shift.Tensor_Scalar(L0,·)
SKIP	w119:402	fvp_runner rc=2: no out-*.bin produced (see /tmp/fvp_job_qngobz4t/uart.log) 	n0*=full.out(·,·,·)
SKIP	w119:418	fvp_runner rc=2: 	n0*=transpose_copy.int(L0,·,·)
SKIP	w119:426	fvp_runner rc=2: 	n0*=scatter_add.out(L0,·,L1,L2,·)
MISMATCH	w119:430	out[0] max|delta|=7.670e+02 (rtol=0.0 atol=0.0)	n0*=bitwise_right_shift.Tensor_Scalar_out(L0,·,·)
SKIP	w119:432	fvp_runner rc=2: 	n0*=expand_copy(L0,·,·)
CRASH	w119:162	fvp_runner rc=5: >> building runner (cache miss): backend=cortex-m target=cortex-m55 ops=b0707b1a (shared SDK, no fetch) ... cortex-m runner build failed (see /tmp/fvp_job_0edpci2l/build.fail.log) 	n0*=linear.out(L0,L1,·,·)
MISMATCH	w119:44	out[0] max|delta|=5.765e+17 (rtol=0.0 atol=0.0)	n0*=bitwise_left_shift.Tensor_Scalar_out(L0,·,·)
TIMEOUT	w114:448	FVP exceeded job-timeout	n0*=_fft_r2c(L0,·,·,·)
MISMATCH	w119:508	out[0] max|delta|=2.599e-01 (rtol=0.01 atol=0.001)	n0*=index_put(L0,·,L1,·)
SKIP	w119:515	fvp_runner rc=2: 	n0*=scatter.src_out(L0,·,L1,L2,·)
SKIP	w119:520	fvp_runner rc=2: 	n0*=topk.values(L0,·,·,·,·,L1,L2)
SKIP	w119:522	fvp_runner rc=2: 	n0*=copy(L0,L1,·)
SKIP	w119:523	fvp_runner rc=2: no out-*.bin produced (see /tmp/fvp_job_vzd3_ri7/uart.log) 	n0*=stack(·,·)
SKIP	w119:533	fvp_runner rc=2: no out-*.bin produced (see /tmp/fvp_job_gtzvtw2e/uart.log) 	n0*=zeros.out(·,·)
SKIP	w119:534	fvp_runner rc=2: 	n0*=min.dim_min(L0,·,·,L1,L2)
SKIP	w119:561	fvp_runner rc=2: 	n0*=_pdist_forward(L0,·)
SKIP	w119:566	fvp_runner rc=2: no out-*.bin produced (see /tmp/fvp_job_73j29oo0/uart.log) 	n0*=arange.out(·,·)
SKIP	w119:590	fvp_runner rc=2: no out-*.bin produced (see /tmp/fvp_job_pcc5l9mf/uart.log) 	n0*=ones.out(·,·)
SKIP	w119:599	fvp_runner rc=2: 	n0*=pixel_unshuffle(L0,·)
SKIP	w119:224	fvp_runner rc=2: >> building runner (cache miss): backend=cortex-m target=cortex-m55 ops=0cbd1fec (shared SDK, no fetch) ... 	n0*=gather.out(L0,·,L1,·,·)
SKIP	w119:64	fvp_runner rc=2: 	n0*=topk.values(L0,·,·,·,·,L1,L2)
MISMATCH	w119:652	out[0] max|delta|=9.223e+18 (rtol=0.0 atol=0.0)	n0*=bitwise_left_shift.Tensor_Scalar(L0,·)
SKIP	w119:654	fvp_runner rc=2: 	n0*=scatter_add.out(L0,·,L1,L2,·)
MISMATCH	w119:658	out[0] max|delta|=5.000e+00 (rtol=0.0 atol=0.0)	n0*=bitwise_right_shift.Tensor_Scalar_out(L0,·,·)
SKIP	w119:66	fvp_runner rc=2: 	n0*=copy(L0,L1,·)
SKIP	w119:67	fvp_runner rc=2: no out-*.bin produced (see /tmp/fvp_job_tu4jca9a/uart.log) 	n0*=stack(·,·)
SKIP	w119:673	fvp_runner rc=2: 	n0*=pixel_unshuffle(L0,·)
SKIP	w119:679	fvp_runner rc=2: no out-*.bin produced (see /tmp/fvp_job_529ipk18/uart.log) 	n0*=arange.start_out(·,·,·,·)
TIMEOUT	w114:676	FVP exceeded job-timeout	n0*=_fft_r2c(L0,·,·,·)
CRASH	w119:390	fvp_runner rc=5: >> building runner (cache miss): backend=cortex-m target=cortex-m55 ops=28dc928b (shared SDK, no fetch) ... cortex-m runner build failed (see /tmp/fvp_job_8j1tbab_/build.fail.log) 	n0*=linear.out(L0,L1,·,·)
MISMATCH	w119:731	out[0] max|delta|=2.306e+18 (rtol=0.0 atol=0.0)	n0*=bitwise_left_shift.Tensor_out(L0,L1,·)
SKIP	w119:750	fvp_runner rc=2: 	n0*=copy(L0,L1,·)
SKIP	w119:761	fvp_runner rc=2: no out-*.bin produced (see /tmp/fvp_job_6c7xb872/uart.log) 	n0*=zeros.out(·,·)
SKIP	w119:77	fvp_runner rc=2: no out-*.bin produced (see /tmp/fvp_job_10nt_e7u/uart.log) 	n0*=zeros.out(·,·)
MISMATCH	w119:778	out[0] max|delta|=4.000e+00 (rtol=0.0 atol=0.0)	n0*=fmod.Scalar(L0,·)
SKIP	w12:129	fvp_runner rc=2: no out-*.bin produced (see /tmp/fvp_job_wnmyacvh/uart.log) 	n0*=full.out(·,·,·)
SKIP	w12:178	fvp_runner rc=2: no out-*.bin produced (see /tmp/fvp_job_amosmfv5/uart.log) 	n0*=arange.start_out(·,·,·,·)
SKIP	w12:152	fvp_runner rc=2: 	n0*=pixel_shuffle(L0,·)
SKIP	w12:159	fvp_runner rc=2: 	n0*=expand_copy(L0,·,·)
SKIP	w119:457	fvp_runner rc=2: >> building runner (cache miss): backend=cortex-m target=cortex-m55 ops=4a4fd532 (shared SDK, no fetch) ... 	n0*=scatter.value_out(L0,·,L1,·,·)
SKIP	w12:172	fvp_runner rc=2: 	n0*=pixel_unshuffle(L0,·)
SKIP	w12:188	fvp_runner rc=2: 	n0*=permute_copy(L0,·)
SKIP	w12:21	fvp_runner rc=2: 	n0*=copy(L0,L1,·)
SKIP	w12:213	fvp_runner rc=2: 	n0*=where.self(L0,L1,L2)
SKIP	w12:22	fvp_runner rc=2: no out-*.bin produced (see /tmp/fvp_job_0c5483o2/uart.log) 	n0*=stack(·,·)
MISMATCH	w12:231	out[0] max|delta|=1.609e+02 (rtol=0.01 atol=0.001)	n0*=div.out_mode(L0,L1,·,·)
SKIP	w12:249	fvp_runner rc=2: 	n0*=copy(L0,L1,·)
SKIP	w12:250	fvp_runner rc=2: no out-*.bin produced (see /tmp/fvp_job_1_snlnmf/uart.log) 	n0*=stack(·,·)
TIMEOUT	w115:294	FVP exceeded job-timeout	n0*=_fft_r2c(L0,·,·,·)
MISMATCH	w12:292	out[0] max|delta|=4.700e+01 (rtol=0.0 atol=0.0)	n0*=bitwise_right_shift.Tensor_out(L0,L1,·)
SKIP	w12:293	fvp_runner rc=2: no out-*.bin produced (see /tmp/fvp_job_zu0gnwsf/uart.log) 	n0*=arange.out(·,·)
SKIP	w12:317	fvp_runner rc=2: no out-*.bin produced (see /tmp/fvp_job_fki6d30c/uart.log) 	n0*=ones.out(·,·)
SKIP	w12:32	fvp_runner rc=2: no out-*.bin produced (see /tmp/fvp_job_ma0e5w6r/uart.log) 	n0*=zeros.out(·,·)
MISMATCH	w12:372	out[0] max|delta|=3.000e+00 (rtol=0.0 atol=0.0)	n0*=remainder.Scalar(L0,·)
MISMATCH	w12:322	out[0] max|delta|=1.929e+00 (rtol=0.01 atol=0.001)	n0*=fill.Scalar(L0,·)
MISMATCH	w12:340	out[0] max|delta|=4.000e+00 (rtol=0.0 atol=0.0)	n0*=bitwise_right_shift.Tensor_Scalar(L0,·)
SKIP	w12:357	fvp_runner rc=2: no out-*.bin produced (see /tmp/fvp_job_t62vinmh/uart.log) 	n0*=full.out(·,·,·)
CRASH	w119:759	fvp_runner rc=5: >> building runner (cache miss): backend=cortex-m target=cortex-m55 ops=b0707b1a (shared SDK, no fetch) ... cortex-m runner build failed (see /tmp/fvp_job_h7ndecg_/build.fail.log) 	n0*=linear(L0,L1,·)
SKIP	w12:381	fvp_runner rc=2: 	n0*=scatter_add.out(L0,·,L1,L2,·)
SKIP	w12:406	fvp_runner rc=2: no out-*.bin produced (see /tmp/fvp_job_khyvfyn_/uart.log) 	n0*=arange.start_out(·,·,·,·)
SKIP	w12:475	fvp_runner rc=2: 	n0*=topk.values(L0,·,·,·,·,L1,L2)
SKIP	w12:477	fvp_runner rc=2: 	n0*=copy(L0,L1,·)
SKIP	w12:478	fvp_runner rc=2: no out-*.bin produced (see /tmp/fvp_job_dc3fmilg/uart.log) 	n0*=stack(·,·)
TIMEOUT	w115:522	FVP exceeded job-timeout	n0*=_fft_r2c(L0,·,·,·)
MISMATCH	w12:504	out[0] max|delta|=4.000e+00 (rtol=0.0 atol=0.0)	n0*=remainder.Tensor_out(L0,L1,·)
SKIP	w12:516	fvp_runner rc=2: 	n0*=_pdist_forward(L0,·)
SKIP	w12:521	fvp_runner rc=2: no out-*.bin produced (see /tmp/fvp_job_ql90wi9v/uart.log) 	n0*=arange.out(·,·)
MISMATCH	w12:536	out[0] max|delta|=1.161e+00 (rtol=0.01 atol=0.001)	n0*=max_pool2d_with_indices_backward.grad_input(L0,L1,·,·,·,·,·,L2,L3)
SKIP	w12:545	fvp_runner rc=2: no out-*.bin produced (see /tmp/fvp_job_8h9tqz_y/uart.log) 	n0*=ones.out(·,·)
MISMATCH	w12:550	out[0] max|delta|=3.294e+00 (rtol=0.01 atol=0.001)	n0*=fill.Scalar(L0,·)
SKIP	w12:554	fvp_runner rc=2: 	n0*=pixel_unshuffle(L0,·)
MISMATCH	w12:568	out[0] max|delta|=2.000e+00 (rtol=0.0 atol=0.0)	n0*=bitwise_right_shift.Tensor_Scalar(L0,·)
SKIP	w12:585	fvp_runner rc=2: no out-*.bin produced (see /tmp/fvp_job_42sobhiv/uart.log) 	n0*=full.out(·,·,·)
SKIP	w12:60	fvp_runner rc=2: 	n0*=_pdist_forward(L0,·)
SKIP	w12:608	fvp_runner rc=2: 	n0*=pixel_shuffle(L0,·)
SKIP	w12:609	fvp_runner rc=2: 	n0*=scatter_add.out(L0,·,L1,L2,·)
SKIP	w12:615	fvp_runner rc=2: 	n0*=expand_copy(L0,·,·)
TIMEOUT	w115:66	FVP exceeded job-timeout	n0*=_fft_r2c(L0,·,·,·)
SKIP	w12:628	fvp_runner rc=2: 	n0*=pixel_unshuffle(L0,·)
MISMATCH	w12:629	out[0] max|delta|=8.000e+00 (rtol=0.0 atol=0.0)	n0*=remainder.Scalar_out(L0,·,·)
SKIP	w12:634	fvp_runner rc=2: no out-*.bin produced (see /tmp/fvp_job_ouhngw4t/uart.log) 	n0*=arange.start_out(·,·,·,·)
MISMATCH	w12:691	out[0] max|delta|=2.599e-01 (rtol=0.01 atol=0.001)	n0*=index_put(L0,·,L1,·)
MISMATCH	w12:7	out[0] max|delta|=2.599e-01 (rtol=0.01 atol=0.001)	n0*=index_put(L0,·,L1,·)
TIMEOUT	w115:750	FVP exceeded job-timeout	n0*=_fft_r2c(L0,·,·,·)
SKIP	w12:705	fvp_runner rc=2: 	n0*=copy(L0,L1,·)
SKIP	w12:706	fvp_runner rc=2: no out-*.bin produced (see /tmp/fvp_job_h_i599o9/uart.log) 	n0*=stack(·,·)
CRASH	w12:258	fvp_runner rc=5: >> building runner (cache miss): backend=cortex-m target=cortex-m55 ops=b0707b1a (shared SDK, no fetch) ... cortex-m runner build failed (see /tmp/fvp_job_vihs1rif/build.fail.log) 	n0*=linear(L0,L1,·)
SKIP	w12:72	fvp_runner rc=2: 	n0*=pixel_shuffle(L0,·)
SKIP	w12:716	fvp_runner rc=2: no out-*.bin produced (see /tmp/fvp_job_dnc_zhqs/uart.log) 	n0*=zeros.out(·,·)
SKIP	w12:744	fvp_runner rc=2: 	n0*=_pdist_forward(L0,·)
MISMATCH	w12:748	out[0] max|delta|=2.300e+01 (rtol=0.0 atol=0.0)	n0*=bitwise_right_shift.Tensor_out(L0,L1,·)
SKIP	w12:749	fvp_runner rc=2: no out-*.bin produced (see /tmp/fvp_job_arupok__/uart.log) 	n0*=arange.out(·,·)
SKIP	w12:773	fvp_runner rc=2: no out-*.bin produced (see /tmp/fvp_job_cvfuzc6w/uart.log) 	n0*=ones.out(·,·)
MISMATCH	w120:104	out[0] max|delta|=1.945e+00 (rtol=0.01 atol=0.001)	n0*=fill.Scalar(L0,·)
SKIP	w120:108	fvp_runner rc=2: 	n0*=pixel_unshuffle(L0,·)
MISMATCH	w120:12	out[0] max|delta|=4.800e+01 (rtol=0.01 atol=0.001)	n0*=bitwise_left_shift.Tensor_out(L0,L1,·)
TIMEOUT	w116:196	FVP exceeded job-timeout	n0*=_fft_r2c(L0,·,·,·)
SKIP	w120:139	fvp_runner rc=2: no out-*.bin produced (see /tmp/fvp_job__u1pq5lf/uart.log) 	n0*=full.out(·,·,·)
MISMATCH	w120:161	out[0] max|delta|=1.153e+18 (rtol=0.0 atol=0.0)	n0*=bitwise_left_shift.Tensor_Scalar(L0,·)
MISMATCH	w120:167	out[0] max|delta|=2.560e+02 (rtol=0.0 atol=0.0)	n0*=bitwise_right_shift.Tensor_Scalar_out(L0,·,·)
SKIP	w120:162	fvp_runner rc=2: 	n0*=pixel_shuffle(L0,·)
MISMATCH	w120:17	out[0] max|delta|=2.599e-01 (rtol=0.01 atol=0.001)	n0*=index_put(L0,·,L1,·)
SKIP	w120:182	fvp_runner rc=2: 	n0*=pixel_unshuffle(L0,·)
SKIP	w120:188	fvp_runner rc=2: no out-*.bin produced (see /tmp/fvp_job_z6z9zseu/uart.log) 	n0*=arange.start_out(·,·,·,·)
MISMATCH	w120:245	out[0] max|delta|=2.599e-01 (rtol=0.01 atol=0.001)	n0*=index_put(L0,·,L1,·)
SKIP	w120:252	fvp_runner rc=2: 	n0*=scatter.src_out(L0,·,L1,L2,·)
SKIP	w120:260	fvp_runner rc=2: no out-*.bin produced (see /tmp/fvp_job_qfdddls1/uart.log) 	n0*=stack(·,·)
SKIP	w120:270	fvp_runner rc=2: no out-*.bin produced (see /tmp/fvp_job_q_jfvi4z/uart.log) 	n0*=zeros.out(·,·)
SKIP	w120:288	fvp_runner rc=2: 	n0*=max.dim_max(L0,·,·,L1,L2)
SKIP	w120:295	fvp_runner rc=2: 	n0*=native_group_norm(L0,·,·,·,·,·,·,·)
SKIP	w120:31	fvp_runner rc=2: 	n0*=copy(L0,L1,·)
SKIP	w120:310	fvp_runner rc=2: 	n0*=pixel_shuffle(L0,·)
SKIP	w120:32	fvp_runner rc=2: no out-*.bin produced (see /tmp/fvp_job_8xl4ou9w/uart.log) 	n0*=stack(·,·)
SKIP	w120:327	fvp_runner rc=2: no out-*.bin produced (see /tmp/fvp_job_l2cf1764/uart.log) 	n0*=ones.out(·,·)
MISMATCH	w120:332	out[0] max|delta|=3.322e+00 (rtol=0.01 atol=0.001)	n0*=fill.Scalar(L0,·)
SKIP	w120:367	fvp_runner rc=2: no out-*.bin produced (see /tmp/fvp_job_wj159eae/uart.log) 	n0*=full.out(·,·,·)
SKIP	w120:390	fvp_runner rc=2: 	n0*=pixel_shuffle(L0,·)
CRASH	w12:30	fvp_runner rc=5: >> building runner (cache miss): backend=cortex-m target=cortex-m55 ops=b0707b1a (shared SDK, no fetch) ... cortex-m runner build failed (see /tmp/fvp_job_ay14ebyw/build.fail.log) 	n0*=linear(L0,L1,·)
TIMEOUT	w116:424	FVP exceeded job-timeout	n0*=_fft_r2c(L0,·,·,·)
SKIP	w120:416	fvp_runner rc=2: no out-*.bin produced (see /tmp/fvp_job_h994hwkb/uart.log) 	n0*=arange.start_out(·,·,·,·)
SKIP	w120:42	fvp_runner rc=2: no out-*.bin produced (see /tmp/fvp_job_0kutf9a8/uart.log) 	n0*=zeros.out(·,·)
SKIP	w120:426	fvp_runner rc=2: 	n0*=permute_copy(L0,·)
SKIP	w120:441	fvp_runner rc=2: 	n0*=native_group_norm(L0,·,·,·,·,·,·,·)
MISMATCH	w120:468	out[0] max|delta|=4.800e+01 (rtol=0.01 atol=0.001)	n0*=bitwise_left_shift.Tensor_out(L0,L1,·)
MISMATCH	w120:473	out[0] max|delta|=2.599e-01 (rtol=0.01 atol=0.001)	n0*=index_put(L0,·,L1,·)
SKIP	w120:488	fvp_runner rc=2: no out-*.bin produced (see /tmp/fvp_job_r0mwrezf/uart.log) 	n0*=stack(·,·)
SKIP	w120:498	fvp_runner rc=2: no out-*.bin produced (see /tmp/fvp_job_a8w443u1/uart.log) 	n0*=zeros.out(·,·)
MISMATCH	w120:514	out[0] max|delta|=4.000e+00 (rtol=0.0 atol=0.0)	n0*=remainder.Tensor_out(L0,L1,·)
SKIP	w120:531	fvp_runner rc=2: no out-*.bin produced (see /tmp/fvp_job_24txk4zx/uart.log) 	n0*=arange.out(·,·)
SKIP	w120:555	fvp_runner rc=2: no out-*.bin produced (see /tmp/fvp_job_qlhm418k/uart.log) 	n0*=ones.out(·,·)
SKIP	w120:595	fvp_runner rc=2: no out-*.bin produced (see /tmp/fvp_job_mgknk4_u/uart.log) 	n0*=full.out(·,·,·)
TIMEOUT	w116:652	FVP exceeded job-timeout	n0*=_fft_r2c(L0,·,·,·)
SKIP	w120:644	fvp_runner rc=2: no out-*.bin produced (see /tmp/fvp_job_wgx2sabr/uart.log) 	n0*=arange.start_out(·,·,·,·)
SKIP	w120:650	fvp_runner rc=2: 	n0*=scatter.value_out(L0,·,L1,·,·)
SKIP	w120:75	fvp_runner rc=2: no out-*.bin produced (see /tmp/fvp_job_jclzxu_3/uart.log) 	n0*=arange.out(·,·)
SKIP	w120:751	fvp_runner rc=2: 	n0*=native_group_norm(L0,·,·,·,·,·,·,·)
MISMATCH	w120:697	out[0] max|delta|=2.237e+01 (rtol=0.01 atol=0.001)	n0*=div.out_mode(L0,L1,·,·)
SKIP	w120:754	fvp_runner rc=2: 	n0*=_pdist_forward(L0,·)
SKIP	w120:70	fvp_runner rc=2: 	n0*=_pdist_forward(L0,·)
SKIP	w120:716	fvp_runner rc=2: no out-*.bin produced (see /tmp/fvp_job_tcppcuog/uart.log) 	n0*=stack(·,·)
SKIP	w120:715	fvp_runner rc=2: 	n0*=copy(L0,L1,·)
SKIP	w121:109	fvp_runner rc=2: no out-*.bin produced (see /tmp/fvp_job_ghgzbvpq/uart.log) 	n0*=full.out(·,·,·)
SKIP	w120:82	fvp_runner rc=2: 	n0*=pixel_shuffle(L0,·)
SKIP	w120:99	fvp_runner rc=2: no out-*.bin produced (see /tmp/fvp_job_ie03nph1/uart.log) 	n0*=ones.out(·,·)
SKIP	w121:1	fvp_runner rc=2: 	n0*=copy(L0,L1,·)
SKIP	w121:152	fvp_runner rc=2: 	n0*=pixel_unshuffle(L0,·)
SKIP	w121:158	fvp_runner rc=2: no out-*.bin produced (see /tmp/fvp_job_l705wxq1/uart.log) 	n0*=arange.start_out(·,·,·,·)
SKIP	w121:178	fvp_runner rc=2: 	n0*=convolution(L0,L1,·,·,·,·,·,·,·)
SKIP	w121:183	fvp_runner rc=2: 	n0*=native_group_norm(L0,·,·,·,·,·,·,·)
SKIP	w121:2	fvp_runner rc=2: no out-*.bin produced (see /tmp/fvp_job__6drwej5/uart.log) 	n0*=stack(·,·)
SKIP	w121:230	fvp_runner rc=2: no out-*.bin produced (see /tmp/fvp_job_pd6ehz0z/uart.log) 	n0*=stack(·,·)
SKIP	w121:229	fvp_runner rc=2: 	n0*=copy(L0,L1,·)
SKIP	w121:240	fvp_runner rc=2: no out-*.bin produced (see /tmp/fvp_job_gu7djxka/uart.log) 	n0*=zeros.out(·,·)
SKIP	w121:306	fvp_runner rc=2: 	n0*=pixel_unshuffle(L0,·)
SKIP	w121:268	fvp_runner rc=2: 	n0*=_pdist_forward(L0,·)
SKIP	w121:273	fvp_runner rc=2: no out-*.bin produced (see /tmp/fvp_job_kb7t8h0n/uart.log) 	n0*=arange.out(·,·)
SKIP	w121:280	fvp_runner rc=2: 	n0*=pixel_shuffle(L0,·)
SKIP	w121:297	fvp_runner rc=2: no out-*.bin produced (see /tmp/fvp_job_qmpbbgox/uart.log) 	n0*=ones.out(·,·)
MISMATCH	w121:302	out[0] max|delta|=2.392e+00 (rtol=0.01 atol=0.001)	n0*=fill.Scalar(L0,·)
TIMEOUT	w117:314	FVP exceeded job-timeout	n0*=_fft_r2c(L0,·,·,·)
SKIP	w121:337	fvp_runner rc=2: no out-*.bin produced (see /tmp/fvp_job_3dck8olw/uart.log) 	n0*=full.out(·,·,·)
SKIP	w121:360	fvp_runner rc=2: 	n0*=pixel_shuffle(L0,·)
MISMATCH	w121:359	out[0] max|delta|=2.306e+18 (rtol=0.0 atol=0.0)	n0*=bitwise_left_shift.Tensor_Scalar(L0,·)
SKIP	w121:367	fvp_runner rc=2: 	n0*=expand_copy(L0,·,·)
SKIP	w121:386	fvp_runner rc=2: no out-*.bin produced (see /tmp/fvp_job_71mnmd0l/uart.log) 	n0*=arange.start_out(·,·,·,·)
SKIP	w121:40	fvp_runner rc=2: 	n0*=_pdist_forward(L0,·)
MISMATCH	w121:443	out[0] max|delta|=2.599e-01 (rtol=0.01 atol=0.001)	n0*=index_put(L0,·,L1,·)
SKIP	w121:496	fvp_runner rc=2: 	n0*=_pdist_forward(L0,·)
SKIP	w121:501	fvp_runner rc=2: no out-*.bin produced (see /tmp/fvp_job_6ohv1gcb/uart.log) 	n0*=arange.out(·,·)
MISMATCH	w121:516	out[0] max|delta|=1.164e+00 (rtol=0.01 atol=0.001)	n0*=max_pool2d_with_indices_backward.grad_input(L0,L1,·,·,·,·,·,L2,L3)
SKIP	w121:457	fvp_runner rc=2: 	n0*=copy(L0,L1,·)
SKIP	w121:458	fvp_runner rc=2: no out-*.bin produced (see /tmp/fvp_job_jiy3xek5/uart.log) 	n0*=stack(·,·)
MISMATCH	w121:484	out[0] max|delta|=4.000e+00 (rtol=0.0 atol=0.0)	n0*=remainder.Tensor_out(L0,L1,·)
MISMATCH	w121:485	out[0] max|delta|=4.000e+00 (rtol=0.0 atol=0.0)	n0*=fmod.Scalar(L0,·)
TIMEOUT	w117:542	FVP exceeded job-timeout	n0*=_fft_r2c(L0,·,·,·)
SKIP	w121:52	fvp_runner rc=2: 	n0*=pixel_shuffle(L0,·)
SKIP	w121:525	fvp_runner rc=2: no out-*.bin produced (see /tmp/fvp_job_17urodqv/uart.log) 	n0*=ones.out(·,·)
MISMATCH	w121:530	out[0] max|delta|=3.322e+00 (rtol=0.01 atol=0.001)	n0*=fill.Scalar(L0,·)
SKIP	w121:534	fvp_runner rc=2: 	n0*=pixel_unshuffle(L0,·)
MISMATCH	w121:548	out[0] max|delta|=1.600e+01 (rtol=0.0 atol=0.0)	n0*=bitwise_right_shift.Tensor_Scalar(L0,·)
SKIP	w121:565	fvp_runner rc=2: no out-*.bin produced (see /tmp/fvp_job_3vgnr819/uart.log) 	n0*=full.out(·,·,·)
SKIP	w121:589	fvp_runner rc=2: 	n0*=scatter_add.out(L0,·,L1,L2,·)
SKIP	w121:595	fvp_runner rc=2: 	n0*=expand_copy(L0,·,·)
SKIP	w121:608	fvp_runner rc=2: 	n0*=pixel_unshuffle(L0,·)
SKIP	w121:614	fvp_runner rc=2: no out-*.bin produced (see /tmp/fvp_job_q69yzy5d/uart.log) 	n0*=arange.start_out(·,·,·,·)
SKIP	w121:639	fvp_runner rc=2: 	n0*=native_group_norm(L0,·,·,·,·,·,·,·)
SKIP	w121:649	fvp_runner rc=2: 	n0*=where.self(L0,L1,L2)
MISMATCH	w121:671	out[0] max|delta|=2.599e-01 (rtol=0.01 atol=0.001)	n0*=index_put(L0,·,L1,·)
SKIP	w121:686	fvp_runner rc=2: no out-*.bin produced (see /tmp/fvp_job_z9vo2myo/uart.log) 	n0*=stack(·,·)
SKIP	w121:685	fvp_runner rc=2: 	n0*=copy(L0,L1,·)
SKIP	w121:696	fvp_runner rc=2: no out-*.bin produced (see /tmp/fvp_job_wyx2futr/uart.log) 	n0*=zeros.out(·,·)
TIMEOUT	w117:770	FVP exceeded job-timeout	n0*=_fft_r2c(L0,·,·,·)
MISMATCH	w121:712	out[0] max|delta|=6.309e-02 (rtol=0.01 atol=0.001)	n0*=remainder.Tensor_out(L0,L1,·)
SKIP	w121:724	fvp_runner rc=2: 	n0*=_pdist_forward(L0,·)
SKIP	w121:736	fvp_runner rc=2: 	n0*=pixel_shuffle(L0,·)
MISMATCH	w121:74	out[0] max|delta|=2.847e+00 (rtol=0.01 atol=0.001)	n0*=fill.Scalar(L0,·)
TIMEOUT	w117:86	FVP exceeded job-timeout	n0*=_fft_r2c(L0,·,·,·)
SKIP	w121:753	fvp_runner rc=2: no out-*.bin produced (see /tmp/fvp_job_g896h0fk/uart.log) 	n0*=ones.out(·,·)
MISMATCH	w121:758	out[0] max|delta|=9.882e-01 (rtol=0.01 atol=0.001)	n0*=fill.Scalar(L0,·)
SKIP	w121:762	fvp_runner rc=2: 	n0*=pixel_unshuffle(L0,·)
TIMEOUT	w118:127	FVP exceeded job-timeout	n0*=_fft_r2c(L0,·,·,·)
MISMATCH	w122:119	out[0] max|delta|=3.830e+02 (rtol=0.0 atol=0.0)	n0*=bitwise_right_shift.Tensor_Scalar_out(L0,·,·)
SKIP	w122:134	fvp_runner rc=2: 	n0*=pixel_unshuffle(L0,·)
CRASH	w121:553	fvp_runner rc=5: >> building runner (cache miss): backend=cortex-m target=cortex-m55 ops=28dc928b (shared SDK, no fetch) ... cortex-m runner build failed (see /tmp/fvp_job_c1u9d7ny/build.fail.log) 	n0*=linear.out(L0,L1,·,·)
SKIP	w122:140	fvp_runner rc=2: no out-*.bin produced (see /tmp/fvp_job_rf9op9b7/uart.log) 	n0*=arange.start_out(·,·,·,·)
SKIP	w122:19	fvp_runner rc=2: 	n0*=native_group_norm(L0,·,·,·,·,·,·,·)
MISMATCH	w122:197	out[0] max|delta|=2.599e-01 (rtol=0.01 atol=0.001)	n0*=index_put(L0,·,L1,·)
SKIP	w122:209	fvp_runner rc=2: 	n0*=topk.values(L0,·,·,·,·,L1,L2)
SKIP	w122:212	fvp_runner rc=2: no out-*.bin produced (see /tmp/fvp_job_1ysu3o05/uart.log) 	n0*=stack(·,·)
SKIP	w122:22	fvp_runner rc=2: 	n0*=_pdist_forward(L0,·)
MISMATCH	w122:238	out[0] max|delta|=9.995e-01 (rtol=0.01 atol=0.001)	n0*=remainder.Tensor_out(L0,L1,·)
SKIP	w122:247	fvp_runner rc=2: 	n0*=native_group_norm(L0,·,·,·,·,·,·,·)
MISMATCH	w122:254	out[0] max|delta|=2.300e+01 (rtol=0.0 atol=0.0)	n0*=bitwise_right_shift.Tensor_out(L0,L1,·)
SKIP	w122:255	fvp_runner rc=2: no out-*.bin produced (see /tmp/fvp_job_l4khokg_/uart.log) 	n0*=arange.out(·,·)
SKIP	w122:262	fvp_runner rc=2: 	n0*=pixel_shuffle(L0,·)
SKIP	w122:27	fvp_runner rc=2: no out-*.bin produced (see /tmp/fvp_job_h5q1rw1l/uart.log) 	n0*=arange.out(·,·)
CRASH	w121:694	fvp_runner rc=5: >> building runner (cache miss): backend=cortex-m target=cortex-m55 ops=b0707b1a (shared SDK, no fetch) ... cortex-m runner build failed (see /tmp/fvp_job_60z1ctmw/build.fail.log) 	n0*=linear(L0,L1,·)
SKIP	w122:279	fvp_runner rc=2: no out-*.bin produced (see /tmp/fvp_job_b_8noh7u/uart.log) 	n0*=ones.out(·,·)
MISMATCH	w122:284	out[0] max|delta|=4.941e-01 (rtol=0.01 atol=0.001)	n0*=fill.Scalar(L0,·)
SKIP	w122:319	fvp_runner rc=2: no out-*.bin produced (see /tmp/fvp_job_ku8b8qa_/uart.log) 	n0*=full.out(·,·,·)
TIMEOUT	w118:355	FVP exceeded job-timeout	n0*=_fft_r2c(L0,·,·,·)
SKIP	w122:349	fvp_runner rc=2: 	n0*=expand_copy(L0,·,·)
SKIP	w122:362	fvp_runner rc=2: 	n0*=pixel_unshuffle(L0,·)
MISMATCH	w122:363	out[0] max|delta|=6.000e+00 (rtol=0.0 atol=0.0)	n0*=remainder.Scalar_out(L0,·,·)
SKIP	w122:368	fvp_runner rc=2: no out-*.bin produced (see /tmp/fvp_job_lu59jeja/uart.log) 	n0*=arange.start_out(·,·,·,·)
MISMATCH	w122:384	out[0] max|delta|=4.000e+00 (rtol=0.0 atol=0.0)	n0*=prod.int_out(L0,·,·,·,·)
SKIP	w122:393	fvp_runner rc=2: 	n0*=native_group_norm(L0,·,·,·,·,·,·,·)
MISMATCH	w122:42	out[0] max|delta|=1.645e+00 (rtol=0.01 atol=0.001)	n0*=max_pool2d_with_indices_backward.grad_input(L0,L1,·,·,·,·,·,L2,L3)
MISMATCH	w122:420	out[0] max|delta|=4.800e+01 (rtol=0.01 atol=0.001)	n0*=bitwise_left_shift.Tensor_out(L0,L1,·)
MISMATCH	w122:425	out[0] max|delta|=2.599e-01 (rtol=0.01 atol=0.001)	n0*=index_put(L0,·,L1,·)
SKIP	w122:440	fvp_runner rc=2: no out-*.bin produced (see /tmp/fvp_job_cuqmxs5t/uart.log) 	n0*=stack(·,·)
SKIP	w122:437	fvp_runner rc=2: 	n0*=topk.values(L0,·,·,·,·,L1,L2)
SKIP	w122:450	fvp_runner rc=2: no out-*.bin produced (see /tmp/fvp_job_oqahr1pd/uart.log) 	n0*=zeros.out(·,·)
MISMATCH	w122:466	out[0] max|delta|=4.000e+00 (rtol=0.0 atol=0.0)	n0*=remainder.Tensor_out(L0,L1,·)
SKIP	w122:478	fvp_runner rc=2: 	n0*=_pdist_forward(L0,·)
SKIP	w122:483	fvp_runner rc=2: no out-*.bin produced (see /tmp/fvp_job_56v2rn0t/uart.log) 	n0*=arange.out(·,·)
SKIP	w122:490	fvp_runner rc=2: 	n0*=pixel_shuffle(L0,·)
SKIP	w122:545	fvp_runner rc=2: 	n0*=mm.out(L0,L1,·)
SKIP	w122:507	fvp_runner rc=2: no out-*.bin produced (see /tmp/fvp_job_5lrvnhu2/uart.log) 	n0*=ones.out(·,·)
TIMEOUT	w118:583	FVP exceeded job-timeout	n0*=_fft_r2c(L0,·,·,·)
SKIP	w122:547	fvp_runner rc=2: no out-*.bin produced (see /tmp/fvp_job_tua0wb9v/uart.log) 	n0*=full.out(·,·,·)
SKIP	w122:571	fvp_runner rc=2: 	n0*=scatter_add.out(L0,·,L1,L2,·)
MISMATCH	w122:575	out[0] max|delta|=1.600e+01 (rtol=0.0 atol=0.0)	n0*=bitwise_right_shift.Tensor_Scalar_out(L0,·,·)
SKIP	w122:577	fvp_runner rc=2: 	n0*=expand_copy(L0,·,·)
SKIP	w122:590	fvp_runner rc=2: 	n0*=pixel_unshuffle(L0,·)
SKIP	w122:596	fvp_runner rc=2: no out-*.bin produced (see /tmp/fvp_job_5o_svmsc/uart.log) 	n0*=arange.start_out(·,·,·,·)
SKIP	w122:621	fvp_runner rc=2: 	n0*=native_group_norm(L0,·,·,·,·,·,·,·)
SKIP	w122:660	fvp_runner rc=2: 	n0*=scatter.src_out(L0,·,L1,L2,·)
SKIP	w122:667	fvp_runner rc=2: 	n0*=copy(L0,L1,·)
SKIP	w122:668	fvp_runner rc=2: no out-*.bin produced (see /tmp/fvp_job_ldltljd6/uart.log) 	n0*=stack(·,·)
CRASH	w121:781	fvp_runner rc=5: >> building runner (cache miss): backend=cortex-m target=cortex-m55 ops=b0707b1a (shared SDK, no fetch) ... cortex-m runner build failed (see /tmp/fvp_job_d_sqi5x_/build.fail.log) 	n0*=linear.out(L0,L1,·,·)
SKIP	w122:735	fvp_runner rc=2: no out-*.bin produced (see /tmp/fvp_job_572ed24h/uart.log) 	n0*=ones.out(·,·)
SKIP	w122:706	fvp_runner rc=2: 	n0*=_pdist_forward(L0,·)
SKIP	w122:718	fvp_runner rc=2: 	n0*=pixel_shuffle(L0,·)
MISMATCH	w122:740	out[0] max|delta|=9.804e-01 (rtol=0.01 atol=0.001)	n0*=fill.Scalar(L0,·)
SKIP	w122:744	fvp_runner rc=2: 	n0*=pixel_unshuffle(L0,·)
MISMATCH	w122:758	out[0] max|delta|=4.000e+00 (rtol=0.0 atol=0.0)	n0*=bitwise_right_shift.Tensor_Scalar(L0,·)
SKIP	w122:775	fvp_runner rc=2: no out-*.bin produced (see /tmp/fvp_job_4wore3ib/uart.log) 	n0*=full.out(·,·,·)
SKIP	w122:91	fvp_runner rc=2: no out-*.bin produced (see /tmp/fvp_job_0ql8s3vr/uart.log) 	n0*=full.out(·,·,·)
TIMEOUT	w119:133	FVP exceeded job-timeout	n0*=_fft_r2c(L0,·,·,·)
MISMATCH	w123:111	out[0] max|delta|=2.599e-01 (rtol=0.01 atol=0.001)	n0*=index_put(L0,·,L1,·)
SKIP	w123:125	fvp_runner rc=2: 	n0*=copy(L0,L1,·)
SKIP	w123:169	fvp_runner rc=2: no out-*.bin produced (see /tmp/fvp_job_dgkvvpit/uart.log) 	n0*=arange.out(·,·)
SKIP	w123:176	fvp_runner rc=2: 	n0*=pixel_shuffle(L0,·)
SKIP	w123:282	fvp_runner rc=2: no out-*.bin produced (see /tmp/fvp_job_rv2gpfs8/uart.log) 	n0*=arange.start_out(·,·,·,·)
SKIP	w123:28	fvp_runner rc=2: 	n0*=pixel_shuffle(L0,·)
SKIP	w123:307	fvp_runner rc=2: 	n0*=native_group_norm(L0,·,·,·,·,·,·,·)
TIMEOUT	w119:361	FVP exceeded job-timeout	n0*=_fft_r2c(L0,·,·,·)
CRASH	w122:676	fvp_runner rc=5: >> building runner (cache miss): backend=cortex-m target=cortex-m55 ops=b0707b1a (shared SDK, no fetch) ... cortex-m runner build failed (see /tmp/fvp_job_6jihre0g/build.fail.log) 	n0*=linear(L0,L1,·)
SKIP	w123:351	fvp_runner rc=2: 	n0*=topk.values(L0,·,·,·,·,L1,L2)
SKIP	w123:35	fvp_runner rc=2: 	n0*=expand_copy(L0,·,·)
SKIP	w123:354	fvp_runner rc=2: no out-*.bin produced (see /tmp/fvp_job_zwks7riz/uart.log) 	n0*=stack(·,·)
SKIP	w123:364	fvp_runner rc=2: no out-*.bin produced (see /tmp/fvp_job_01kdvylc/uart.log) 	n0*=zeros.out(·,·)
SKIP	w123:389	fvp_runner rc=2: 	n0*=native_group_norm(L0,·,·,·,·,·,·,·)
SKIP	w123:392	fvp_runner rc=2: 	n0*=_pdist_forward(L0,·)
MISMATCH	w123:396	out[0] max|delta|=2.300e+01 (rtol=0.0 atol=0.0)	n0*=bitwise_right_shift.Tensor_out(L0,L1,·)
MISMATCH	w123:412	out[0] max|delta|=1.645e+00 (rtol=0.01 atol=0.001)	n0*=max_pool2d_with_indices_backward.grad_input(L0,L1,·,·,·,·,·,L2,L3)
SKIP	w123:421	fvp_runner rc=2: no out-*.bin produced (see /tmp/fvp_job_jo62pixl/uart.log) 	n0*=ones.out(·,·)
SKIP	w123:461	fvp_runner rc=2: no out-*.bin produced (see /tmp/fvp_job_iueg_nki/uart.log) 	n0*=full.out(·,·,·)
SKIP	w123:48	fvp_runner rc=2: 	n0*=pixel_unshuffle(L0,·)
MISMATCH	w123:489	out[0] max|delta|=2.560e+02 (rtol=0.0 atol=0.0)	n0*=bitwise_right_shift.Tensor_Scalar_out(L0,·,·)
SKIP	w123:5	fvp_runner rc=2: no out-*.bin produced (see /tmp/fvp_job_i5p6tz79/uart.log) 	n0*=full.out(·,·,·)
SKIP	w123:510	fvp_runner rc=2: no out-*.bin produced (see /tmp/fvp_job_lfek766r/uart.log) 	n0*=arange.start_out(·,·,·,·)
SKIP	w123:582	fvp_runner rc=2: no out-*.bin produced (see /tmp/fvp_job_x09niv4g/uart.log) 	n0*=stack(·,·)
SKIP	w123:54	fvp_runner rc=2: no out-*.bin produced (see /tmp/fvp_job_6zu3wpg5/uart.log) 	n0*=arange.start_out(·,·,·,·)
MISMATCH	w123:567	out[0] max|delta|=2.599e-01 (rtol=0.01 atol=0.001)	n0*=index_put(L0,·,L1,·)
TIMEOUT	w119:589	FVP exceeded job-timeout	n0*=_fft_r2c(L0,·,·,·)
SKIP	w123:592	fvp_runner rc=2: no out-*.bin produced (see /tmp/fvp_job_8s3vgajc/uart.log) 	n0*=zeros.out(·,·)
SKIP	w123:593	fvp_runner rc=2: 	n0*=min.dim_min(L0,·,·,L1,L2)
SKIP	w123:60	fvp_runner rc=2: 	n0*=scatter.value_out(L0,·,L1,·,·)
MISMATCH	w123:654	out[0] max|delta|=3.733e+00 (rtol=0.01 atol=0.001)	n0*=fill.Scalar(L0,·)
SKIP	w123:658	fvp_runner rc=2: 	n0*=pixel_unshuffle(L0,·)
SKIP	w123:689	fvp_runner rc=2: no out-*.bin produced (see /tmp/fvp_job_x5jfag7r/uart.log) 	n0*=full.out(·,·,·)
SKIP	w123:712	fvp_runner rc=2: 	n0*=pixel_shuffle(L0,·)
CRASH	w122:79	fvp_runner rc=5: >> building runner (cache miss): backend=cortex-m target=cortex-m55 ops=b0707b1a (shared SDK, no fetch) ... cortex-m runner build failed (see /tmp/fvp_job_51y8pj02/build.fail.log) 	n0*=linear.out(L0,L1,·,·)
SKIP	w123:89	fvp_runner rc=2: 	n0*=where.self(L0,L1,L2)
SKIP	w123:738	fvp_runner rc=2: no out-*.bin produced (see /tmp/fvp_job_44xbg8ta/uart.log) 	n0*=arange.start_out(·,·,·,·)
SKIP	w123:748	fvp_runner rc=2: 	n0*=permute_copy(L0,·)
SKIP	w123:79	fvp_runner rc=2: 	n0*=native_group_norm(L0,·,·,·,·,·,·,·)
SKIP	w124:105	fvp_runner rc=2: no out-*.bin produced (see /tmp/fvp_job_ms3jg2wk/uart.log) 	n0*=arange.start_out(·,·,·,·)
SKIP	w124:130	fvp_runner rc=2: 	n0*=native_group_norm(L0,·,·,·,·,·,·,·)
SKIP	w124:140	fvp_runner rc=2: 	n0*=where.self(L0,L1,L2)
SKIP	w124:16	fvp_runner rc=2: no out-*.bin produced (see /tmp/fvp_job__wyjm5a1/uart.log) 	n0*=ones.out(·,·)
SKIP	w124:177	fvp_runner rc=2: no out-*.bin produced (see /tmp/fvp_job_7wr6y7km/uart.log) 	n0*=stack(·,·)
SKIP	w124:176	fvp_runner rc=2: 	n0*=copy(L0,L1,·)
SKIP	w124:187	fvp_runner rc=2: no out-*.bin produced (see /tmp/fvp_job_lrfwshs5/uart.log) 	n0*=zeros.out(·,·)
SKIP	w124:220	fvp_runner rc=2: no out-*.bin produced (see /tmp/fvp_job_2bn06cq_/uart.log) 	n0*=arange.out(·,·)
SKIP	w124:253	fvp_runner rc=2: 	n0*=pixel_unshuffle(L0,·)
SKIP	w124:284	fvp_runner rc=2: no out-*.bin produced (see /tmp/fvp_job_pu4owm0p/uart.log) 	n0*=full.out(·,·,·)
MISMATCH	w124:312	out[0] max|delta|=1.910e+02 (rtol=0.0 atol=0.0)	n0*=bitwise_right_shift.Tensor_Scalar_out(L0,·,·)
SKIP	w124:314	fvp_runner rc=2: 	n0*=expand_copy(L0,·,·)
TIMEOUT	w12:316	FVP exceeded job-timeout	n0*=_fft_r2c(L0,·,·,·)
SKIP	w124:327	fvp_runner rc=2: 	n0*=pixel_unshuffle(L0,·)
CRASH	w123:362	fvp_runner rc=5: >> building runner (cache miss): backend=cortex-m target=cortex-m55 ops=b0707b1a (shared SDK, no fetch) ... cortex-m runner build failed (see /tmp/fvp_job_fjkxedtb/build.fail.log) 	n0*=linear(L0,L1,·)
MISMATCH	w124:386	out[0] max|delta|=5.771e+02 (rtol=0.01 atol=0.001)	n0*=div.out_mode(L0,L1,·,·)
SKIP	w124:333	fvp_runner rc=2: no out-*.bin produced (see /tmp/fvp_job_bzpfem6r/uart.log) 	n0*=arange.start_out(·,·,·,·)
MISMATCH	w124:385	out[0] max|delta|=4.800e+01 (rtol=0.01 atol=0.001)	n0*=bitwise_left_shift.Tensor_out(L0,L1,·)
MISMATCH	w124:390	out[0] max|delta|=2.599e-01 (rtol=0.01 atol=0.001)	n0*=index_put(L0,·,L1,·)
SKIP	w124:397	fvp_runner rc=2: 	n0*=scatter.src_out(L0,·,L1,L2,·)
SKIP	w124:440	fvp_runner rc=2: 	n0*=native_group_norm(L0,·,·,·,·,·,·,·)
SKIP	w124:443	fvp_runner rc=2: 	n0*=_pdist_forward(L0,·)
SKIP	w124:405	fvp_runner rc=2: no out-*.bin produced (see /tmp/fvp_job_3jkuyg9k/uart.log) 	n0*=stack(·,·)
MISMATCH	w124:432	out[0] max|delta|=3.000e+00 (rtol=0.0 atol=0.0)	n0*=fmod.Scalar(L0,·)
SKIP	w124:448	fvp_runner rc=2: no out-*.bin produced (see /tmp/fvp_job__zg_xorm/uart.log) 	n0*=arange.out(·,·)
MISMATCH	w124:447	out[0] max|delta|=2.300e+01 (rtol=0.0 atol=0.0)	n0*=bitwise_right_shift.Tensor_out(L0,L1,·)
SKIP	w124:472	fvp_runner rc=2: no out-*.bin produced (see /tmp/fvp_job_xjxzc1lz/uart.log) 	n0*=ones.out(·,·)
TIMEOUT	w12:544	FVP exceeded job-timeout	n0*=_fft_r2c(L0,·,·,·)
SKIP	w124:512	fvp_runner rc=2: no out-*.bin produced (see /tmp/fvp_job_3r7rg90r/uart.log) 	n0*=full.out(·,·,·)
SKIP	w124:536	fvp_runner rc=2: 	n0*=scatter_add.out(L0,·,L1,L2,·)
SKIP	w124:542	fvp_runner rc=2: 	n0*=expand_copy(L0,·,·)
SKIP	w124:559	fvp_runner rc=2: 	n0*=_adaptive_avg_pool2d(L0,·)
MISMATCH	w124:618	out[0] max|delta|=2.599e-01 (rtol=0.01 atol=0.001)	n0*=index_put(L0,·,L1,·)
SKIP	w124:633	fvp_runner rc=2: no out-*.bin produced (see /tmp/fvp_job_wp254lct/uart.log) 	n0*=stack(·,·)
SKIP	w124:643	fvp_runner rc=2: no out-*.bin produced (see /tmp/fvp_job_vr6plpac/uart.log) 	n0*=zeros.out(·,·)
SKIP	w124:668	fvp_runner rc=2: 	n0*=native_group_norm(L0,·,·,·,·,·,·,·)
SKIP	w124:671	fvp_runner rc=2: 	n0*=_pdist_forward(L0,·)
SKIP	w124:681	fvp_runner rc=2: 	n0*=mul.Scalar(L0,·)
SKIP	w124:683	fvp_runner rc=2: 	n0*=pixel_shuffle(L0,·)
CRASH	w124:272	fvp_runner rc=5: >> building runner (cache miss): backend=cortex-m target=cortex-m55 ops=b0707b1a (shared SDK, no fetch) ... cortex-m runner build failed (see /tmp/fvp_job_73kpo8pw/build.fail.log) 	n0*=linear.out(L0,L1,·,·)
SKIP	w124:740	fvp_runner rc=2: no out-*.bin produced (see /tmp/fvp_job_yk5jw0vp/uart.log) 	n0*=full.out(·,·,·)
MISMATCH	w124:7	out[0] max|delta|=6.452e-01 (rtol=0.01 atol=0.001)	n0*=max_pool2d_with_indices_backward.grad_input(L0,L1,·,·,·,·,·,L2,L3)
SKIP	w124:700	fvp_runner rc=2: no out-*.bin produced (see /tmp/fvp_job_e8dfxfg_/uart.log) 	n0*=ones.out(·,·)
MISMATCH	w124:705	out[0] max|delta|=3.322e+00 (rtol=0.01 atol=0.001)	n0*=fill.Scalar(L0,·)
CRASH	w124:44	fvp_runner rc=5: >> building runner (cache miss): backend=cortex-m target=cortex-m55 ops=28dc928b (shared SDK, no fetch) ... cortex-m runner build failed (see /tmp/fvp_job_y16o9uwg/build.fail.log) 	n0*=linear.out(L0,L1,·,·)
TIMEOUT	w12:772	FVP exceeded job-timeout	n0*=_fft_r2c(L0,·,·,·)
TIMEOUT	w12:88	FVP exceeded job-timeout	n0*=_fft_r2c(L0,·,·,·)
MISMATCH	w124:755	out[0] max|delta|=3.000e+00 (rtol=0.0 atol=0.0)	n0*=remainder.Scalar(L0,·)
SKIP	w124:763	fvp_runner rc=2: 	n0*=pixel_shuffle(L0,·)
SKIP	w124:764	fvp_runner rc=2: 	n0*=scatter_add.out(L0,·,L1,L2,·)
MISMATCH	w124:768	out[0] max|delta|=2.300e+01 (rtol=0.0 atol=0.0)	n0*=bitwise_right_shift.Tensor_Scalar_out(L0,·,·)
SKIP	w124:80	fvp_runner rc=2: 	n0*=scatter_add.out(L0,·,L1,L2,·)
SKIP	w124:86	fvp_runner rc=2: 	n0*=expand_copy(L0,·,·)
SKIP	w124:99	fvp_runner rc=2: 	n0*=pixel_unshuffle(L0,·)
SKIP	w125:141	fvp_runner rc=2: 	n0*=pixel_unshuffle(L0,·)
MISMATCH	w125:199	out[0] max|delta|=4.800e+01 (rtol=0.01 atol=0.001)	n0*=bitwise_left_shift.Tensor_out(L0,L1,·)
MISMATCH	w125:204	out[0] max|delta|=2.599e-01 (rtol=0.01 atol=0.001)	n0*=index_put(L0,·,L1,·)
SKIP	w125:216	fvp_runner rc=2: 	n0*=topk.values(L0,·,·,·,·,L1,L2)
SKIP	w125:219	fvp_runner rc=2: no out-*.bin produced (see /tmp/fvp_job_xc3zbhg6/uart.log) 	n0*=stack(·,·)
TIMEOUT	w120:326	FVP exceeded job-timeout	n0*=_fft_r2c(L0,·,·,·)
SKIP	w125:229	fvp_runner rc=2: no out-*.bin produced (see /tmp/fvp_job_bbncfh9o/uart.log) 	n0*=zeros.out(·,·)
SKIP	w125:254	fvp_runner rc=2: 	n0*=native_group_norm(L0,·,·,·,·,·,·,·)
MISMATCH	w125:261	out[0] max|delta|=2.300e+01 (rtol=0.0 atol=0.0)	n0*=bitwise_right_shift.Tensor_out(L0,L1,·)
SKIP	w125:262	fvp_runner rc=2: no out-*.bin produced (see /tmp/fvp_job_ftch5vjl/uart.log) 	n0*=arange.out(·,·)
SKIP	w125:267	fvp_runner rc=2: 	n0*=mul.Scalar(L0,·)
SKIP	w125:286	fvp_runner rc=2: no out-*.bin produced (see /tmp/fvp_job_g5nb_vr4/uart.log) 	n0*=ones.out(·,·)
SKIP	w125:29	fvp_runner rc=2: 	n0*=_pdist_forward(L0,·)
SKIP	w125:349	fvp_runner rc=2: 	n0*=pixel_shuffle(L0,·)
SKIP	w125:350	fvp_runner rc=2: 	n0*=scatter_add.out(L0,·,L1,L2,·)
MISMATCH	w125:291	out[0] max|delta|=2.871e+00 (rtol=0.01 atol=0.001)	n0*=fill.Scalar(L0,·)
SKIP	w125:326	fvp_runner rc=2: no out-*.bin produced (see /tmp/fvp_job_y96vj3dd/uart.log) 	n0*=full.out(·,·,·)
MISMATCH	w125:370	out[0] max|delta|=5.000e+00 (rtol=0.0 atol=0.0)	n0*=remainder.Scalar_out(L0,·,·)
SKIP	w125:375	fvp_runner rc=2: no out-*.bin produced (see /tmp/fvp_job_9dh0yr75/uart.log) 	n0*=arange.start_out(·,·,·,·)
MISMATCH	w125:489	out[0] max|delta|=2.300e+01 (rtol=0.0 atol=0.0)	n0*=bitwise_right_shift.Tensor_out(L0,L1,·)
SKIP	w125:490	fvp_runner rc=2: no out-*.bin produced (see /tmp/fvp_job_eyr31_ws/uart.log) 	n0*=arange.out(·,·)
SKIP	w125:446	fvp_runner rc=2: 	n0*=copy(L0,L1,·)
SKIP	w125:447	fvp_runner rc=2: no out-*.bin produced (see /tmp/fvp_job_myqublo2/uart.log) 	n0*=stack(·,·)
SKIP	w125:457	fvp_runner rc=2: no out-*.bin produced (see /tmp/fvp_job_wq60galo/uart.log) 	n0*=zeros.out(·,·)
TIMEOUT	w120:554	FVP exceeded job-timeout	n0*=_fft_r2c(L0,·,·,·)
MISMATCH	w125:537	out[0] max|delta|=2.000e+00 (rtol=0.0 atol=0.0)	n0*=bitwise_right_shift.Tensor_Scalar(L0,·)
SKIP	w125:554	fvp_runner rc=2: no out-*.bin produced (see /tmp/fvp_job_1umbx32x/uart.log) 	n0*=full.out(·,·,·)
MISMATCH	w125:505	out[0] max|delta|=1.163e+00 (rtol=0.01 atol=0.001)	n0*=max_pool2d_with_indices_backward.grad_input(L0,L1,·,·,·,·,·,L2,L3)
SKIP	w125:514	fvp_runner rc=2: no out-*.bin produced (see /tmp/fvp_job_f2v1xbck/uart.log) 	n0*=ones.out(·,·)
MISMATCH	w125:519	out[0] max|delta|=2.847e+00 (rtol=0.01 atol=0.001)	n0*=fill.Scalar(L0,·)
MISMATCH	w125:576	out[0] max|delta|=9.223e+18 (rtol=0.0 atol=0.0)	n0*=bitwise_left_shift.Tensor_Scalar(L0,·)
SKIP	w125:577	fvp_runner rc=2: 	n0*=pixel_shuffle(L0,·)
SKIP	w125:578	fvp_runner rc=2: 	n0*=scatter_add.out(L0,·,L1,L2,·)
SKIP	w125:58	fvp_runner rc=2: no out-*.bin produced (see /tmp/fvp_job_9x_xts1d/uart.log) 	n0*=ones.out(·,·)
SKIP	w125:584	fvp_runner rc=2: 	n0*=expand_copy(L0,·,·)
SKIP	w125:685	fvp_runner rc=2: no out-*.bin produced (see /tmp/fvp_job_dkmcnnwf/uart.log) 	n0*=zeros.out(·,·)
MISMATCH	w125:655	out[0] max|delta|=4.800e+01 (rtol=0.01 atol=0.001)	n0*=bitwise_left_shift.Tensor_out(L0,L1,·)
MISMATCH	w125:660	out[0] max|delta|=2.599e-01 (rtol=0.01 atol=0.001)	n0*=index_put(L0,·,L1,·)
SKIP	w125:67	fvp_runner rc=2: 	n0*=pixel_unshuffle(L0,·)
SKIP	w125:672	fvp_runner rc=2: 	n0*=topk.values(L0,·,·,·,·,L1,L2)
SKIP	w125:675	fvp_runner rc=2: no out-*.bin produced (see /tmp/fvp_job_4rusyojz/uart.log) 	n0*=stack(·,·)
CRASH	w124:413	fvp_runner rc=5: >> building runner (cache miss): backend=cortex-m target=cortex-m55 ops=b0707b1a (shared SDK, no fetch) ... cortex-m runner build failed (see /tmp/fvp_job_zjl19b7x/build.fail.log) 	n0*=linear(L0,L1,·)
TIMEOUT	w120:98	FVP exceeded job-timeout	n0*=_fft_r2c(L0,·,·,·)
SKIP	w125:742	fvp_runner rc=2: no out-*.bin produced (see /tmp/fvp_job_3a2_diqj/uart.log) 	n0*=ones.out(·,·)
SKIP	w125:751	fvp_runner rc=2: 	n0*=pixel_unshuffle(L0,·)
SKIP	w125:713	fvp_runner rc=2: 	n0*=_pdist_forward(L0,·)
SKIP	w125:718	fvp_runner rc=2: no out-*.bin produced (see /tmp/fvp_job_ltrq9wiy/uart.log) 	n0*=arange.out(·,·)
MISMATCH	w125:733	out[0] max|delta|=1.163e+00 (rtol=0.01 atol=0.001)	n0*=max_pool2d_with_indices_backward.grad_input(L0,L1,·,·,·,·,·,L2,L3)
MISMATCH	w125:81	out[0] max|delta|=6.400e+01 (rtol=0.0 atol=0.0)	n0*=bitwise_right_shift.Tensor_Scalar(L0,·)
MISMATCH	w126:117	out[0] max|delta|=1.945e+00 (rtol=0.01 atol=0.001)	n0*=fill.Scalar(L0,·)
SKIP	w126:121	fvp_runner rc=2: 	n0*=pixel_unshuffle(L0,·)
SKIP	w125:98	fvp_runner rc=2: no out-*.bin produced (see /tmp/fvp_job_sixqmduk/uart.log) 	n0*=full.out(·,·,·)
SKIP	w126:112	fvp_runner rc=2: no out-*.bin produced (see /tmp/fvp_job_4l8g_ayo/uart.log) 	n0*=ones.out(·,·)
SKIP	w126:152	fvp_runner rc=2: no out-*.bin produced (see /tmp/fvp_job_vty__c1m/uart.log) 	n0*=full.out(·,·,·)
MISMATCH	w126:167	out[0] max|delta|=6.000e+00 (rtol=0.0 atol=0.0)	n0*=remainder.Scalar(L0,·)
MISMATCH	w126:174	out[0] max|delta|=2.882e+17 (rtol=0.0 atol=0.0)	n0*=bitwise_left_shift.Tensor_Scalar(L0,·)
SKIP	w126:175	fvp_runner rc=2: 	n0*=pixel_shuffle(L0,·)
MISMATCH	w126:180	out[0] max|delta|=3.200e+01 (rtol=0.0 atol=0.0)	n0*=bitwise_right_shift.Tensor_Scalar_out(L0,·,·)
TIMEOUT	w121:296	FVP exceeded job-timeout	n0*=_fft_r2c(L0,·,·,·)
MISMATCH	w126:253	out[0] max|delta|=4.800e+01 (rtol=0.01 atol=0.001)	n0*=bitwise_left_shift.Tensor_out(L0,L1,·)
SKIP	w126:273	fvp_runner rc=2: no out-*.bin produced (see /tmp/fvp_job_i80esj2n/uart.log) 	n0*=stack(·,·)
SKIP	w126:272	fvp_runner rc=2: 	n0*=copy(L0,L1,·)
MISMATCH	w126:363	out[0] max|delta|=2.560e+02 (rtol=0.0 atol=0.0)	n0*=bitwise_right_shift.Tensor_Scalar(L0,·)
MISMATCH	w126:315	out[0] max|delta|=2.300e+01 (rtol=0.0 atol=0.0)	n0*=bitwise_right_shift.Tensor_out(L0,L1,·)
CRASH	w124:728	fvp_runner rc=5: >> building runner (cache miss): backend=cortex-m target=cortex-m55 ops=b0707b1a (shared SDK, no fetch) ... cortex-m runner build failed (see /tmp/fvp_job_qwqkyxr0/build.fail.log) 	n0*=linear.out(L0,L1,·,·)
SKIP	w126:323	fvp_runner rc=2: 	n0*=pixel_shuffle(L0,·)
SKIP	w126:340	fvp_runner rc=2: no out-*.bin produced (see /tmp/fvp_job_gapy8e4x/uart.log) 	n0*=ones.out(·,·)
SKIP	w126:380	fvp_runner rc=2: no out-*.bin produced (see /tmp/fvp_job_ki0z10b4/uart.log) 	n0*=full.out(·,·,·)
SKIP	w126:429	fvp_runner rc=2: no out-*.bin produced (see /tmp/fvp_job_5g7o7dyv/uart.log) 	n0*=arange.start_out(·,·,·,·)
SKIP	w126:410	fvp_runner rc=2: 	n0*=expand_copy(L0,·,·)
SKIP	w126:423	fvp_runner rc=2: 	n0*=pixel_unshuffle(L0,·)
MISMATCH	w126:424	out[0] max|delta|=4.000e+00 (rtol=0.01 atol=0.001)	n0*=remainder.Scalar_out(L0,·,·)
TIMEOUT	w121:524	FVP exceeded job-timeout	n0*=_fft_r2c(L0,·,·,·)
MISMATCH	w126:486	out[0] max|delta|=2.599e-01 (rtol=0.01 atol=0.001)	n0*=index_put(L0,·,L1,·)
SKIP	w126:493	fvp_runner rc=2: 	n0*=scatter.src_out(L0,·,L1,L2,·)
SKIP	w126:45	fvp_runner rc=2: no out-*.bin produced (see /tmp/fvp_job_72rh_2zs/uart.log) 	n0*=stack(·,·)
SKIP	w126:500	fvp_runner rc=2: 	n0*=copy(L0,L1,·)
SKIP	w126:501	fvp_runner rc=2: no out-*.bin produced (see /tmp/fvp_job_ptbhdxn3/uart.log) 	n0*=stack(·,·)
SKIP	w126:511	fvp_runner rc=2: no out-*.bin produced (see /tmp/fvp_job_1h__lwmv/uart.log) 	n0*=zeros.out(·,·)
MISMATCH	w126:513	out[0] max|delta|=1.280e+02 (rtol=0.01 atol=0.001)	n0*=logit(L0,·)
SKIP	w126:544	fvp_runner rc=2: no out-*.bin produced (see /tmp/fvp_job_csttf175/uart.log) 	n0*=arange.out(·,·)
SKIP	w126:55	fvp_runner rc=2: no out-*.bin produced (see /tmp/fvp_job_mgdvzes9/uart.log) 	n0*=zeros.out(·,·)
TIMEOUT	w121:68	FVP exceeded job-timeout	n0*=_fft_r2c(L0,·,·,·)
SKIP	w126:568	fvp_runner rc=2: no out-*.bin produced (see /tmp/fvp_job_m3yfh4xk/uart.log) 	n0*=ones.out(·,·)
SKIP	w126:608	fvp_runner rc=2: no out-*.bin produced (see /tmp/fvp_job_9lnvkf96/uart.log) 	n0*=full.out(·,·,·)
TIMEOUT	w121:752	FVP exceeded job-timeout	n0*=_fft_r2c(L0,·,·,·)
SKIP	w126:663	fvp_runner rc=2: 	n0*=scatter.value_out(L0,·,L1,·,·)
CRASH	w125:227	fvp_runner rc=5: >> building runner (cache miss): backend=cortex-m target=cortex-m55 ops=b0707b1a (shared SDK, no fetch) ... cortex-m runner build failed (see /tmp/fvp_job_6ig5uluo/build.fail.log) 	n0*=linear(L0,L1,·)
MISMATCH	w126:709	out[0] max|delta|=2.306e+18 (rtol=0.0 atol=0.0)	n0*=bitwise_left_shift.Tensor_out(L0,L1,·)
SKIP	w126:729	fvp_runner rc=2: no out-*.bin produced (see /tmp/fvp_job_2w02ra8n/uart.log) 	n0*=stack(·,·)
SKIP	w126:739	fvp_runner rc=2: no out-*.bin produced (see /tmp/fvp_job_ud3tm4hq/uart.log) 	n0*=zeros.out(·,·)
SKIP	w126:757	fvp_runner rc=2: 	n0*=max.dim_max(L0,·,·,L1,L2)
SKIP	w126:772	fvp_runner rc=2: no out-*.bin produced (see /tmp/fvp_job_ndr47wvp/uart.log) 	n0*=arange.out(·,·)
SKIP	w126:779	fvp_runner rc=2: 	n0*=pixel_shuffle(L0,·)
SKIP	w126:88	fvp_runner rc=2: no out-*.bin produced (see /tmp/fvp_job_pl88q2qm/uart.log) 	n0*=arange.out(·,·)
SKIP	w126:95	fvp_runner rc=2: 	n0*=pixel_shuffle(L0,·)
SKIP	w127:162	fvp_runner rc=2: no out-*.bin produced (see /tmp/fvp_job_9dw5sd40/uart.log) 	n0*=ones.out(·,·)
SKIP	w127:171	fvp_runner rc=2: 	n0*=pixel_unshuffle(L0,·)
SKIP	w127:123	fvp_runner rc=2: 	n0*=max.dim_max(L0,·,·,L1,L2)
SKIP	w127:133	fvp_runner rc=2: 	n0*=_pdist_forward(L0,·)
SKIP	w127:138	fvp_runner rc=2: no out-*.bin produced (see /tmp/fvp_job_sawvgzi3/uart.log) 	n0*=arange.out(·,·)
MISMATCH	w127:167	out[0] max|delta|=3.294e+00 (rtol=0.01 atol=0.001)	n0*=fill.Scalar(L0,·)
TIMEOUT	w122:278	FVP exceeded job-timeout	n0*=_fft_r2c(L0,·,·,·)
MISMATCH	w127:185	out[0] max|delta|=1.600e+01 (rtol=0.0 atol=0.0)	n0*=bitwise_right_shift.Tensor_Scalar(L0,·)
SKIP	w127:202	fvp_runner rc=2: no out-*.bin produced (see /tmp/fvp_job_xp1cg81k/uart.log) 	n0*=full.out(·,·,·)
SKIP	w127:225	fvp_runner rc=2: 	n0*=pixel_shuffle(L0,·)
SKIP	w127:23	fvp_runner rc=2: no out-*.bin produced (see /tmp/fvp_job_8c7ycgim/uart.log) 	n0*=arange.start_out(·,·,·,·)
SKIP	w127:245	fvp_runner rc=2: 	n0*=pixel_unshuffle(L0,·)
SKIP	w127:251	fvp_runner rc=2: no out-*.bin produced (see /tmp/fvp_job__j3qz66o/uart.log) 	n0*=arange.start_out(·,·,·,·)
CRASH	w126:140	fvp_runner rc=5: >> building runner (cache miss): backend=cortex-m target=cortex-m55 ops=b0707b1a (shared SDK, no fetch) ... cortex-m runner build failed (see /tmp/fvp_job_lbt_qht0/build.fail.log) 	n0*=linear.out(L0,L1,·,·)
SKIP	w127:322	fvp_runner rc=2: 	n0*=copy(L0,L1,·)
SKIP	w127:323	fvp_runner rc=2: no out-*.bin produced (see /tmp/fvp_job_q_v6dejp/uart.log) 	n0*=stack(·,·)
SKIP	w127:358	fvp_runner rc=2: 	n0*=native_group_norm(L0,·,·,·,·,·,·,·)
TIMEOUT	w122:50	FVP exceeded job-timeout	n0*=_fft_r2c(L0,·,·,·)
TIMEOUT	w122:506	FVP exceeded job-timeout	n0*=_fft_r2c(L0,·,·,·)
SKIP	w127:366	fvp_runner rc=2: no out-*.bin produced (see /tmp/fvp_job_zlojwe49/uart.log) 	n0*=arange.out(·,·)
SKIP	w127:373	fvp_runner rc=2: 	n0*=pixel_shuffle(L0,·)
SKIP	w127:390	fvp_runner rc=2: no out-*.bin produced (see /tmp/fvp_job_dmb6d8pk/uart.log) 	n0*=ones.out(·,·)
SKIP	w127:399	fvp_runner rc=2: 	n0*=pixel_unshuffle(L0,·)
MISMATCH	w127:403	out[0] max|delta|=1.548e-02 (rtol=0.01 atol=0.001)	n0*=_upsample_bilinear2d_aa.out(L0,·,·,·,·,·)
SKIP	w127:430	fvp_runner rc=2: no out-*.bin produced (see /tmp/fvp_job_a5ryw66d/uart.log) 	n0*=full.out(·,·,·)
MISMATCH	w127:452	out[0] max|delta|=2.306e+18 (rtol=0.0 atol=0.0)	n0*=bitwise_left_shift.Tensor_Scalar(L0,·)
SKIP	w127:453	fvp_runner rc=2: 	n0*=pixel_shuffle(L0,·)
SKIP	w127:460	fvp_runner rc=2: 	n0*=expand_copy(L0,·,·)
SKIP	w127:473	fvp_runner rc=2: 	n0*=pixel_unshuffle(L0,·)
SKIP	w127:479	fvp_runner rc=2: no out-*.bin produced (see /tmp/fvp_job_snwas8f_/uart.log) 	n0*=arange.start_out(·,·,·,·)
MISMATCH	w127:531	out[0] max|delta|=4.800e+01 (rtol=0.01 atol=0.001)	n0*=bitwise_left_shift.Tensor_out(L0,L1,·)
SKIP	w127:551	fvp_runner rc=2: no out-*.bin produced (see /tmp/fvp_job_pyz5qc98/uart.log) 	n0*=stack(·,·)
SKIP	w127:561	fvp_runner rc=2: no out-*.bin produced (see /tmp/fvp_job_ytwncuhg/uart.log) 	n0*=zeros.out(·,·)
TIMEOUT	w122:734	FVP exceeded job-timeout	n0*=_fft_r2c(L0,·,·,·)
SKIP	w127:586	fvp_runner rc=2: 	n0*=native_group_norm(L0,·,·,·,·,·,·,·)
SKIP	w127:681	fvp_runner rc=2: 	n0*=pixel_shuffle(L0,·)
MISMATCH	w127:641	out[0] max|delta|=4.000e+00 (rtol=0.0 atol=0.0)	n0*=bitwise_right_shift.Tensor_Scalar(L0,·)
CRASH	w126:281	fvp_runner rc=5: >> building runner (cache miss): backend=cortex-m target=cortex-m55 ops=b0707b1a (shared SDK, no fetch) ... cortex-m runner build failed (see /tmp/fvp_job_bciwxqhs/build.fail.log) 	n0*=linear(L0,L1,·)
SKIP	w127:742	fvp_runner rc=2: 	n0*=where.self(L0,L1,L2)
MISMATCH	w127:702	out[0] max|delta|=5.000e+00 (rtol=0.0 atol=0.0)	n0*=remainder.Scalar_out(L0,·,·)
SKIP	w127:707	fvp_runner rc=2: no out-*.bin produced (see /tmp/fvp_job_l_13x6iv/uart.log) 	n0*=arange.start_out(·,·,·,·)
SKIP	w127:735	fvp_runner rc=2: 	n0*=minimum.out(L0,L1,·)
TIMEOUT	w123:192	FVP exceeded job-timeout	n0*=_fft_r2c(L0,·,·,·)
MISMATCH	w127:759	out[0] max|delta|=4.800e+01 (rtol=0.01 atol=0.001)	n0*=bitwise_left_shift.Tensor_out(L0,L1,·)
MISMATCH	w127:764	out[0] max|delta|=2.599e-01 (rtol=0.01 atol=0.001)	n0*=index_put(L0,·,L1,·)
SKIP	w127:771	fvp_runner rc=2: 	n0*=scatter.src_out(L0,·,L1,L2,·)
SKIP	w127:778	fvp_runner rc=2: 	n0*=copy(L0,L1,·)
MISMATCH	w127:80	out[0] max|delta|=2.599e-01 (rtol=0.01 atol=0.001)	n0*=index_put(L0,·,L1,·)
SKIP	w127:95	fvp_runner rc=2: no out-*.bin produced (see /tmp/fvp_job_tvbs8dq_/uart.log) 	n0*=stack(·,·)
SKIP	w13:113	fvp_runner rc=2: 	n0*=topk.values(L0,·,·,·,·,L1,L2)
SKIP	w13:115	fvp_runner rc=2: 	n0*=copy(L0,L1,·)
SKIP	w13:116	fvp_runner rc=2: no out-*.bin produced (see /tmp/fvp_job_64ia35kh/uart.log) 	n0*=stack(·,·)
SKIP	w13:126	fvp_runner rc=2: no out-*.bin produced (see /tmp/fvp_job_z1dj4unu/uart.log) 	n0*=zeros.out(·,·)
SKIP	w13:127	fvp_runner rc=2: 	n0*=min.dim_min(L0,·,·,L1,L2)
MISMATCH	w13:142	out[0] max|delta|=2.999e+00 (rtol=0.01 atol=0.001)	n0*=remainder.Tensor_out(L0,L1,·)
SKIP	w13:151	fvp_runner rc=2: 	n0*=native_group_norm(L0,·,·,·,·,·,·,·)
SKIP	w13:154	fvp_runner rc=2: 	n0*=_pdist_forward(L0,·)
SKIP	w13:159	fvp_runner rc=2: no out-*.bin produced (see /tmp/fvp_job_4d_h02dz/uart.log) 	n0*=arange.out(·,·)
SKIP	w13:166	fvp_runner rc=2: 	n0*=pixel_shuffle(L0,·)
SKIP	w13:183	fvp_runner rc=2: no out-*.bin produced (see /tmp/fvp_job_8owbpnbf/uart.log) 	n0*=ones.out(·,·)
MISMATCH	w13:206	out[0] max|delta|=1.280e+02 (rtol=0.0 atol=0.0)	n0*=bitwise_right_shift.Tensor_Scalar(L0,·)
SKIP	w13:223	fvp_runner rc=2: no out-*.bin produced (see /tmp/fvp_job_hxl1auxx/uart.log) 	n0*=full.out(·,·,·)
TIMEOUT	w123:420	FVP exceeded job-timeout	n0*=_fft_r2c(L0,·,·,·)
CRASH	w127:646	fvp_runner rc=5: >> building runner (cache miss): backend=cortex-m target=cortex-m55 ops=28dc928b (shared SDK, no fetch) ... cortex-m runner build failed (see /tmp/fvp_job_0w8bmd25/build.fail.log) 	n0*=linear.out(L0,L1,·,·)
SKIP	w13:246	fvp_runner rc=2: 	n0*=pixel_shuffle(L0,·)
SKIP	w13:25	fvp_runner rc=2: 	n0*=expand_copy(L0,·,·)
SKIP	w13:272	fvp_runner rc=2: no out-*.bin produced (see /tmp/fvp_job_74cod_wv/uart.log) 	n0*=arange.start_out(·,·,·,·)
SKIP	w13:273	fvp_runner rc=2: 	n0*=gather.out(L0,·,L1,·,·)
SKIP	w13:344	fvp_runner rc=2: no out-*.bin produced (see /tmp/fvp_job_nq8f4mj0/uart.log) 	n0*=stack(·,·)
CRASH	w126:368	fvp_runner rc=5: >> building runner (cache miss): backend=cortex-m target=cortex-m55 ops=b0707b1a (shared SDK, no fetch) ... cortex-m runner build failed (see /tmp/fvp_job_6ccqkbps/build.fail.log) 	n0*=linear.out(L0,L1,·,·)
SKIP	w13:300	fvp_runner rc=2: 	n0*=minimum.out(L0,L1,·)
SKIP	w13:354	fvp_runner rc=2: no out-*.bin produced (see /tmp/fvp_job_jbs7km6h/uart.log) 	n0*=zeros.out(·,·)
MISMATCH	w13:329	out[0] max|delta|=2.599e-01 (rtol=0.01 atol=0.001)	n0*=index_put(L0,·,L1,·)
SKIP	w13:336	fvp_runner rc=2: 	n0*=scatter.src_out(L0,·,L1,L2,·)
SKIP	w13:411	fvp_runner rc=2: no out-*.bin produced (see /tmp/fvp_job_6ekabm84/uart.log) 	n0*=ones.out(·,·)
MISMATCH	w13:416	out[0] max|delta|=2.871e+00 (rtol=0.01 atol=0.001)	n0*=fill.Scalar(L0,·)
SKIP	w13:387	fvp_runner rc=2: no out-*.bin produced (see /tmp/fvp_job_za6a8wgt/uart.log) 	n0*=arange.out(·,·)
SKIP	w13:394	fvp_runner rc=2: 	n0*=pixel_shuffle(L0,·)
SKIP	w13:44	fvp_runner rc=2: no out-*.bin produced (see /tmp/fvp_job_cuuu1mvn/uart.log) 	n0*=arange.start_out(·,·,·,·)
TIMEOUT	w123:648	FVP exceeded job-timeout	n0*=_fft_r2c(L0,·,·,·)
SKIP	w13:451	fvp_runner rc=2: no out-*.bin produced (see /tmp/fvp_job_w14lacfd/uart.log) 	n0*=full.out(·,·,·)
SKIP	w13:474	fvp_runner rc=2: 	n0*=pixel_shuffle(L0,·)
SKIP	w13:500	fvp_runner rc=2: no out-*.bin produced (see /tmp/fvp_job_63iklsam/uart.log) 	n0*=arange.start_out(·,·,·,·)
SKIP	w13:510	fvp_runner rc=2: 	n0*=permute_copy(L0,·)
SKIP	w13:54	fvp_runner rc=2: 	n0*=permute_copy(L0,·)
MISMATCH	w13:552	out[0] max|delta|=4.800e+01 (rtol=0.01 atol=0.001)	n0*=bitwise_left_shift.Tensor_out(L0,L1,·)
SKIP	w13:572	fvp_runner rc=2: no out-*.bin produced (see /tmp/fvp_job_dr4nlsog/uart.log) 	n0*=stack(·,·)
SKIP	w13:582	fvp_runner rc=2: no out-*.bin produced (see /tmp/fvp_job_sy96ciqa/uart.log) 	n0*=zeros.out(·,·)
MISMATCH	w13:598	out[0] max|delta|=4.000e+00 (rtol=0.0 atol=0.0)	n0*=remainder.Tensor_out(L0,L1,·)
SKIP	w13:615	fvp_runner rc=2: no out-*.bin produced (see /tmp/fvp_job_sorpz8al/uart.log) 	n0*=arange.out(·,·)
MISMATCH	w13:630	out[0] max|delta|=2.078e+00 (rtol=0.01 atol=0.001)	n0*=max_pool2d_with_indices_backward.grad_input(L0,L1,·,·,·,·,·,L2,L3)
SKIP	w13:639	fvp_runner rc=2: no out-*.bin produced (see /tmp/fvp_job_i8uttpvq/uart.log) 	n0*=ones.out(·,·)
MISMATCH	w13:701	out[0] max|delta|=4.612e+18 (rtol=0.0 atol=0.0)	n0*=bitwise_left_shift.Tensor_Scalar(L0,·)
SKIP	w13:648	fvp_runner rc=2: 	n0*=pixel_unshuffle(L0,·)
TIMEOUT	w124:15	FVP exceeded job-timeout	n0*=_fft_r2c(L0,·,·,·)
SKIP	w13:679	fvp_runner rc=2: no out-*.bin produced (see /tmp/fvp_job_hxtg5fja/uart.log) 	n0*=full.out(·,·,·)
SKIP	w13:69	fvp_runner rc=2: 	n0*=native_group_norm(L0,·,·,·,·,·,·,·)
CRASH	w126:509	fvp_runner rc=5: >> building runner (cache miss): backend=cortex-m target=cortex-m55 ops=b0707b1a (shared SDK, no fetch) ... cortex-m runner build failed (see /tmp/fvp_job_ny5wfw0r/build.fail.log) 	n0*=linear(L0,L1,·)
MISMATCH	w13:707	out[0] max|delta|=7.670e+02 (rtol=0.0 atol=0.0)	n0*=bitwise_right_shift.Tensor_Scalar_out(L0,·,·)
SKIP	w13:728	fvp_runner rc=2: no out-*.bin produced (see /tmp/fvp_job_ju867k35/uart.log) 	n0*=arange.start_out(·,·,·,·)
TIMEOUT	w124:243	FVP exceeded job-timeout	n0*=_fft_r2c(L0,·,·,·)
MISMATCH	w13:79	out[0] max|delta|=3.888e+00 (rtol=0.01 atol=0.001)	n0*=where.self(L0,L1,L2)
MISMATCH	w14:139	out[0] max|delta|=4.800e+01 (rtol=0.01 atol=0.001)	n0*=bitwise_left_shift.Tensor_out(L0,L1,·)
SKIP	w14:197	fvp_runner rc=2: 	n0*=_pdist_forward(L0,·)
SKIP	w14:159	fvp_runner rc=2: no out-*.bin produced (see /tmp/fvp_job_qck6r613/uart.log) 	n0*=stack(·,·)
SKIP	w14:169	fvp_runner rc=2: no out-*.bin produced (see /tmp/fvp_job_1tk7a234/uart.log) 	n0*=zeros.out(·,·)
SKIP	w14:187	fvp_runner rc=2: 	n0*=max.dim_max(L0,·,·,L1,L2)
SKIP	w14:202	fvp_runner rc=2: no out-*.bin produced (see /tmp/fvp_job_88b_504m/uart.log) 	n0*=arange.out(·,·)
SKIP	w14:226	fvp_runner rc=2: no out-*.bin produced (see /tmp/fvp_job_5l7dnxdi/uart.log) 	n0*=ones.out(·,·)
MISMATCH	w14:231	out[0] max|delta|=9.804e-01 (rtol=0.01 atol=0.001)	n0*=fill.Scalar(L0,·)
SKIP	w14:235	fvp_runner rc=2: 	n0*=pixel_unshuffle(L0,·)
MISMATCH	w14:249	out[0] max|delta|=1.280e+02 (rtol=0.0 atol=0.0)	n0*=bitwise_right_shift.Tensor_Scalar(L0,·)
SKIP	w14:266	fvp_runner rc=2: no out-*.bin produced (see /tmp/fvp_job_6otzb2g5/uart.log) 	n0*=full.out(·,·,·)
SKIP	w14:296	fvp_runner rc=2: 	n0*=expand_copy(L0,·,·)
SKIP	w14:315	fvp_runner rc=2: no out-*.bin produced (see /tmp/fvp_job_nmub7yn3/uart.log) 	n0*=arange.start_out(·,·,·,·)
SKIP	w14:335	fvp_runner rc=2: 	n0*=convolution(L0,L1,·,·,·,·,·,·,·)
SKIP	w14:340	fvp_runner rc=2: 	n0*=native_group_norm(L0,·,·,·,·,·,·,·)
TIMEOUT	w124:471	FVP exceeded job-timeout	n0*=_fft_r2c(L0,·,·,·)
SKIP	w14:350	fvp_runner rc=2: 	n0*=where.self(L0,L1,L2)
MISMATCH	w14:367	out[0] max|delta|=4.800e+01 (rtol=0.01 atol=0.001)	n0*=bitwise_left_shift.Tensor_out(L0,L1,·)
SKIP	w14:38	fvp_runner rc=2: no out-*.bin produced (see /tmp/fvp_job_wh_2qa4b/uart.log) 	n0*=full.out(·,·,·)
SKIP	w14:387	fvp_runner rc=2: no out-*.bin produced (see /tmp/fvp_job_hlfxqwws/uart.log) 	n0*=stack(·,·)
SKIP	w14:397	fvp_runner rc=2: no out-*.bin produced (see /tmp/fvp_job_f327cm10/uart.log) 	n0*=zeros.out(·,·)
MISMATCH	w14:413	out[0] max|delta|=3.998e+00 (rtol=0.01 atol=0.001)	n0*=remainder.Tensor_out(L0,L1,·)
SKIP	w14:430	fvp_runner rc=2: no out-*.bin produced (see /tmp/fvp_job_8do1nx9a/uart.log) 	n0*=arange.out(·,·)
SKIP	w14:437	fvp_runner rc=2: 	n0*=pixel_shuffle(L0,·)
SKIP	w14:454	fvp_runner rc=2: no out-*.bin produced (see /tmp/fvp_job_czqsdn2p/uart.log) 	n0*=ones.out(·,·)
MISMATCH	w14:459	out[0] max|delta|=1.929e+00 (rtol=0.01 atol=0.001)	n0*=fill.Scalar(L0,·)
MISMATCH	w14:477	out[0] max|delta|=3.830e+02 (rtol=0.0 atol=0.0)	n0*=bitwise_right_shift.Tensor_Scalar(L0,·)
CRASH	w14:167	fvp_runner rc=5: >> building runner (cache miss): backend=cortex-m target=cortex-m55 ops=b0707b1a (shared SDK, no fetch) ... cortex-m runner build failed (see /tmp/fvp_job_ldbqi7ua/build.fail.log) 	n0*=linear(L0,L1,·)
MISMATCH	w14:509	out[0] max|delta|=7.000e+00 (rtol=0.0 atol=0.0)	n0*=remainder.Scalar(L0,·)
SKIP	w14:518	fvp_runner rc=2: 	n0*=scatter_add.out(L0,·,L1,L2,·)
SKIP	w14:537	fvp_runner rc=2: 	n0*=pixel_unshuffle(L0,·)
SKIP	w14:543	fvp_runner rc=2: no out-*.bin produced (see /tmp/fvp_job_b7unkmuv/uart.log) 	n0*=arange.start_out(·,·,·,·)
SKIP	w14:549	fvp_runner rc=2: 	n0*=scatter.value_out(L0,·,L1,·,·)
SKIP	w14:615	fvp_runner rc=2: no out-*.bin produced (see /tmp/fvp_job_lg5cniep/uart.log) 	n0*=stack(·,·)
SKIP	w14:625	fvp_runner rc=2: no out-*.bin produced (see /tmp/fvp_job_npu1oybz/uart.log) 	n0*=zeros.out(·,·)
SKIP	w14:578	fvp_runner rc=2: 	n0*=where.self(L0,L1,L2)
MISMATCH	w14:595	out[0] max|delta|=4.800e+01 (rtol=0.01 atol=0.001)	n0*=bitwise_left_shift.Tensor_out(L0,L1,·)
MISMATCH	w14:600	out[0] max|delta|=2.599e-01 (rtol=0.01 atol=0.001)	n0*=index_put(L0,·,L1,·)
SKIP	w14:614	fvp_runner rc=2: 	n0*=copy(L0,L1,·)
TIMEOUT	w124:699	FVP exceeded job-timeout	n0*=_fft_r2c(L0,·,·,·)
SKIP	w14:650	fvp_runner rc=2: 	n0*=native_group_norm(L0,·,·,·,·,·,·,·)
SKIP	w14:658	fvp_runner rc=2: no out-*.bin produced (see /tmp/fvp_job_f6c483ap/uart.log) 	n0*=arange.out(·,·)
SKIP	w14:665	fvp_runner rc=2: 	n0*=pixel_shuffle(L0,·)
MISMATCH	w14:673	out[0] max|delta|=1.594e+00 (rtol=0.01 atol=0.001)	n0*=max_pool2d_with_indices_backward.grad_input(L0,L1,·,·,·,·,·,L2,L3)
SKIP	w14:682	fvp_runner rc=2: no out-*.bin produced (see /tmp/fvp_job_vqtmkgdd/uart.log) 	n0*=ones.out(·,·)
SKIP	w14:752	fvp_runner rc=2: 	n0*=expand_copy(L0,·,·)
SKIP	w14:722	fvp_runner rc=2: no out-*.bin produced (see /tmp/fvp_job_0qzt8lat/uart.log) 	n0*=full.out(·,·,·)
SKIP	w14:745	fvp_runner rc=2: 	n0*=pixel_shuffle(L0,·)
SKIP	w14:746	fvp_runner rc=2: 	n0*=scatter_add.out(L0,·,L1,L2,·)
SKIP	w15:106	fvp_runner rc=2: 	n0*=topk.values(L0,·,·,·,·,L1,L2)
SKIP	w15:109	fvp_runner rc=2: no out-*.bin produced (see /tmp/fvp_job_cja1v637/uart.log) 	n0*=stack(·,·)
SKIP	w14:771	fvp_runner rc=2: no out-*.bin produced (see /tmp/fvp_job_y5ofhy7f/uart.log) 	n0*=arange.start_out(·,·,·,·)
SKIP	w15:119	fvp_runner rc=2: no out-*.bin produced (see /tmp/fvp_job_8senlg0z/uart.log) 	n0*=zeros.out(·,·)
SKIP	w14:772	fvp_runner rc=2: 	n0*=gather.out(L0,·,L1,·,·)
MISMATCH	w14:781	out[0] max|delta|=2.075e+00 (rtol=0.01 atol=0.001)	n0*=permute_copy(L0,·)
SKIP	w14:87	fvp_runner rc=2: no out-*.bin produced (see /tmp/fvp_job_ylq19czk/uart.log) 	n0*=arange.start_out(·,·,·,·)
SKIP	w14:97	fvp_runner rc=2: 	n0*=permute_copy(L0,·)
SKIP	w15:108	fvp_runner rc=2: 	n0*=copy(L0,L1,·)
SKIP	w15:152	fvp_runner rc=2: no out-*.bin produced (see /tmp/fvp_job_xd6_s3jt/uart.log) 	n0*=arange.out(·,·)
SKIP	w15:159	fvp_runner rc=2: 	n0*=pixel_shuffle(L0,·)
SKIP	w15:176	fvp_runner rc=2: no out-*.bin produced (see /tmp/fvp_job_froxmbar/uart.log) 	n0*=ones.out(·,·)
SKIP	w15:216	fvp_runner rc=2: no out-*.bin produced (see /tmp/fvp_job_d3lugyf0/uart.log) 	n0*=full.out(·,·,·)
TIMEOUT	w125:285	FVP exceeded job-timeout	n0*=_fft_r2c(L0,·,·,·)
SKIP	w15:265	fvp_runner rc=2: no out-*.bin produced (see /tmp/fvp_job_5uns9xml/uart.log) 	n0*=arange.start_out(·,·,·,·)
MISMATCH	w15:32	out[0] max|delta|=2.000e+00 (rtol=0.01 atol=0.001)	n0*=remainder.Scalar_out(L0,·,·)
CRASH	w14:710	fvp_runner rc=5: >> building runner (cache miss): backend=cortex-m target=cortex-m55 ops=b0707b1a (shared SDK, no fetch) ... cortex-m runner build failed (see /tmp/fvp_job_5praenkx/build.fail.log) 	n0*=linear.out(L0,L1,·,·)
SKIP	w15:336	fvp_runner rc=2: 	n0*=copy(L0,L1,·)
SKIP	w15:334	fvp_runner rc=2: 	n0*=topk.values(L0,·,·,·,·,L1,L2)
SKIP	w15:337	fvp_runner rc=2: no out-*.bin produced (see /tmp/fvp_job_je4tb68z/uart.log) 	n0*=stack(·,·)
SKIP	w15:347	fvp_runner rc=2: no out-*.bin produced (see /tmp/fvp_job_hakgq8fy/uart.log) 	n0*=zeros.out(·,·)
MISMATCH	w15:363	out[0] max|delta|=4.000e+00 (rtol=0.0 atol=0.0)	n0*=remainder.Tensor_out(L0,L1,·)
SKIP	w15:37	fvp_runner rc=2: no out-*.bin produced (see /tmp/fvp_job_20oiy7o8/uart.log) 	n0*=arange.start_out(·,·,·,·)
SKIP	w15:375	fvp_runner rc=2: 	n0*=_pdist_forward(L0,·)
MISMATCH	w15:379	out[0] max|delta|=2.300e+01 (rtol=0.0 atol=0.0)	n0*=bitwise_right_shift.Tensor_out(L0,L1,·)
SKIP	w15:380	fvp_runner rc=2: no out-*.bin produced (see /tmp/fvp_job_38iqq0o3/uart.log) 	n0*=arange.out(·,·)
SKIP	w15:404	fvp_runner rc=2: no out-*.bin produced (see /tmp/fvp_job_51pcaeea/uart.log) 	n0*=ones.out(·,·)
MISMATCH	w15:427	out[0] max|delta|=6.400e+01 (rtol=0.0 atol=0.0)	n0*=bitwise_right_shift.Tensor_Scalar(L0,·)
SKIP	w15:444	fvp_runner rc=2: no out-*.bin produced (see /tmp/fvp_job_psfjl888/uart.log) 	n0*=full.out(·,·,·)
TIMEOUT	w125:513	FVP exceeded job-timeout	n0*=_fft_r2c(L0,·,·,·)
SKIP	w15:467	fvp_runner rc=2: 	n0*=pixel_shuffle(L0,·)
MISMATCH	w15:488	out[0] max|delta|=5.000e+00 (rtol=0.0 atol=0.0)	n0*=remainder.Scalar_out(L0,·,·)
SKIP	w15:493	fvp_runner rc=2: no out-*.bin produced (see /tmp/fvp_job_z7sruih0/uart.log) 	n0*=arange.start_out(·,·,·,·)
SKIP	w15:521	fvp_runner rc=2: 	n0*=minimum.out(L0,L1,·)
TIMEOUT	w125:57	FVP exceeded job-timeout	n0*=_fft_r2c(L0,·,·,·)
CRASH	w15:204	fvp_runner rc=5: >> building runner (cache miss): backend=cortex-m target=cortex-m55 ops=28dc928b (shared SDK, no fetch) ... cortex-m runner build failed (see /tmp/fvp_job_5bgnba3r/build.fail.log) 	n0*=linear.out(L0,L1,·,·)
SKIP	w15:557	fvp_runner rc=2: 	n0*=scatter.src_out(L0,·,L1,L2,·)
SKIP	w15:565	fvp_runner rc=2: no out-*.bin produced (see /tmp/fvp_job_1bbim2pb/uart.log) 	n0*=stack(·,·)
SKIP	w15:608	fvp_runner rc=2: no out-*.bin produced (see /tmp/fvp_job__enhpitt/uart.log) 	n0*=arange.out(·,·)
SKIP	w15:615	fvp_runner rc=2: 	n0*=pixel_shuffle(L0,·)
SKIP	w15:632	fvp_runner rc=2: no out-*.bin produced (see /tmp/fvp_job_nhaos1fj/uart.log) 	n0*=ones.out(·,·)
TIMEOUT	w125:741	FVP exceeded job-timeout	n0*=_fft_r2c(L0,·,·,·)
SKIP	w15:672	fvp_runner rc=2: no out-*.bin produced (see /tmp/fvp_job_wc33eqa2/uart.log) 	n0*=full.out(·,·,·)
SKIP	w15:695	fvp_runner rc=2: 	n0*=pixel_shuffle(L0,·)
CRASH	w15:117	fvp_runner rc=5: >> building runner (cache miss): backend=cortex-m target=cortex-m55 ops=b0707b1a (shared SDK, no fetch) ... cortex-m runner build failed (see /tmp/fvp_job_ulzz8ze6/build.fail.log) 	n0*=linear(L0,L1,·)
SKIP	w15:696	fvp_runner rc=2: 	n0*=scatter_add.out(L0,·,L1,L2,·)
SKIP	w15:702	fvp_runner rc=2: 	n0*=expand_copy(L0,·,·)
SKIP	w15:715	fvp_runner rc=2: 	n0*=pixel_unshuffle(L0,·)
MISMATCH	w15:72	out[0] max|delta|=3.118e+00 (rtol=0.01 atol=0.001)	n0*=where.self(L0,L1,L2)
TIMEOUT	w126:111	FVP exceeded job-timeout	n0*=_fft_r2c(L0,·,·,·)
SKIP	w15:741	fvp_runner rc=2: 	n0*=convolution(L0,L1,·,·,·,·,·,·,·)
SKIP	w15:756	fvp_runner rc=2: 	n0*=where.self(L0,L1,L2)
MISMATCH	w15:770	out[0] max|delta|=1.441e+17 (rtol=0.0 atol=0.0)	n0*=bitwise_left_shift.Tensor_Scalar_out(L0,·,·)
MISMATCH	w15:89	out[0] max|delta|=4.800e+01 (rtol=0.01 atol=0.001)	n0*=bitwise_left_shift.Tensor_out(L0,L1,·)
MISMATCH	w15:94	out[0] max|delta|=2.599e-01 (rtol=0.01 atol=0.001)	n0*=index_put(L0,·,L1,·)
SKIP	w16:10	fvp_runner rc=2: 	n0*=copy(L0,L1,·)
MISMATCH	w16:101	out[0] max|delta|=3.200e+01 (rtol=0.0 atol=0.0)	n0*=bitwise_right_shift.Tensor_Scalar(L0,·)
SKIP	w16:11	fvp_runner rc=2: no out-*.bin produced (see /tmp/fvp_job_a1m2s8mp/uart.log) 	n0*=stack(·,·)
SKIP	w16:118	fvp_runner rc=2: no out-*.bin produced (see /tmp/fvp_job_5esa03_y/uart.log) 	n0*=full.out(·,·,·)
MISMATCH	w16:133	out[0] max|delta|=4.000e+00 (rtol=0.0 atol=0.0)	n0*=remainder.Scalar(L0,·)
SKIP	w16:141	fvp_runner rc=2: 	n0*=pixel_shuffle(L0,·)
SKIP	w16:161	fvp_runner rc=2: 	n0*=pixel_unshuffle(L0,·)
SKIP	w16:167	fvp_runner rc=2: no out-*.bin produced (see /tmp/fvp_job_dffvwcpy/uart.log) 	n0*=arange.start_out(·,·,·,·)
SKIP	w16:177	fvp_runner rc=2: 	n0*=permute_copy(L0,·)
SKIP	w16:192	fvp_runner rc=2: 	n0*=native_group_norm(L0,·,·,·,·,·,·,·)
SKIP	w16:21	fvp_runner rc=2: no out-*.bin produced (see /tmp/fvp_job_n549joqe/uart.log) 	n0*=zeros.out(·,·)
MISMATCH	w16:210	out[0] max|delta|=2.131e+00 (rtol=0.01 atol=0.001)	n0*=index_select.out(L0,·,L1,·)
SKIP	w16:239	fvp_runner rc=2: no out-*.bin produced (see /tmp/fvp_job_1v3ffna5/uart.log) 	n0*=stack(·,·)
SKIP	w16:249	fvp_runner rc=2: no out-*.bin produced (see /tmp/fvp_job_s284y50l/uart.log) 	n0*=zeros.out(·,·)
SKIP	w16:277	fvp_runner rc=2: 	n0*=_pdist_forward(L0,·)
SKIP	w16:282	fvp_runner rc=2: no out-*.bin produced (see /tmp/fvp_job_3qwo_s_h/uart.log) 	n0*=arange.out(·,·)
TIMEOUT	w126:339	FVP exceeded job-timeout	n0*=_fft_r2c(L0,·,·,·)
SKIP	w16:289	fvp_runner rc=2: 	n0*=pixel_shuffle(L0,·)
MISMATCH	w16:297	out[0] max|delta|=2.040e+00 (rtol=0.01 atol=0.001)	n0*=max_pool2d_with_indices_backward.grad_input(L0,L1,·,·,·,·,·,L2,L3)
MISMATCH	w16:311	out[0] max|delta|=2.412e+00 (rtol=0.01 atol=0.001)	n0*=fill.Scalar(L0,·)
MISMATCH	w16:329	out[0] max|delta|=2.000e+00 (rtol=0.0 atol=0.0)	n0*=bitwise_right_shift.Tensor_Scalar(L0,·)
SKIP	w16:346	fvp_runner rc=2: no out-*.bin produced (see /tmp/fvp_job_23um_oag/uart.log) 	n0*=full.out(·,·,·)
CRASH	w15:660	fvp_runner rc=5: >> building runner (cache miss): backend=cortex-m target=cortex-m55 ops=b0707b1a (shared SDK, no fetch) ... cortex-m runner build failed (see /tmp/fvp_job_dq8fhi8_/build.fail.log) 	n0*=linear.out(L0,L1,·,·)
SKIP	w16:369	fvp_runner rc=2: 	n0*=pixel_shuffle(L0,·)
SKIP	w16:370	fvp_runner rc=2: 	n0*=scatter_add.out(L0,·,L1,L2,·)
MISMATCH	w16:374	out[0] max|delta|=4.700e+01 (rtol=0.0 atol=0.0)	n0*=bitwise_right_shift.Tensor_Scalar_out(L0,·,·)
SKIP	w16:389	fvp_runner rc=2: 	n0*=pixel_unshuffle(L0,·)
SKIP	w16:395	fvp_runner rc=2: no out-*.bin produced (see /tmp/fvp_job_46lcjd7k/uart.log) 	n0*=arange.start_out(·,·,·,·)
SKIP	w16:405	fvp_runner rc=2: 	n0*=permute_copy(L0,·)
SKIP	w16:430	fvp_runner rc=2: 	n0*=where.self(L0,L1,L2)
CRASH	w16:106	fvp_runner rc=5: >> building runner (cache miss): backend=cortex-m target=cortex-m55 ops=28dc928b (shared SDK, no fetch) ... cortex-m runner build failed (see /tmp/fvp_job_o8zoeo1j/build.fail.log) 	n0*=linear.out(L0,L1,·,·)
MISMATCH	w16:447	out[0] max|delta|=9.223e+18 (rtol=0.0 atol=0.0)	n0*=bitwise_left_shift.Tensor_out(L0,L1,·)
MISMATCH	w16:452	out[0] max|delta|=2.599e-01 (rtol=0.01 atol=0.001)	n0*=index_put(L0,·,L1,·)
SKIP	w16:46	fvp_runner rc=2: 	n0*=native_group_norm(L0,·,·,·,·,·,·,·)
SKIP	w16:467	fvp_runner rc=2: no out-*.bin produced (see /tmp/fvp_job_z3qqbve8/uart.log) 	n0*=stack(·,·)
SKIP	w16:477	fvp_runner rc=2: no out-*.bin produced (see /tmp/fvp_job_zqa5y8tb/uart.log) 	n0*=zeros.out(·,·)
SKIP	w16:505	fvp_runner rc=2: 	n0*=_pdist_forward(L0,·)
MISMATCH	w16:509	out[0] max|delta|=2.300e+01 (rtol=0.0 atol=0.0)	n0*=bitwise_right_shift.Tensor_out(L0,L1,·)
SKIP	w16:534	fvp_runner rc=2: no out-*.bin produced (see /tmp/fvp_job_eysb86i2/uart.log) 	n0*=ones.out(·,·)
SKIP	w16:54	fvp_runner rc=2: no out-*.bin produced (see /tmp/fvp_job_s1mbi59s/uart.log) 	n0*=arange.out(·,·)
TIMEOUT	w126:567	FVP exceeded job-timeout	n0*=_fft_r2c(L0,·,·,·)
MISMATCH	w16:596	out[0] max|delta|=7.206e+16 (rtol=0.0 atol=0.0)	n0*=bitwise_left_shift.Tensor_Scalar(L0,·)
SKIP	w16:623	fvp_runner rc=2: no out-*.bin produced (see /tmp/fvp_job_5sw8s92j/uart.log) 	n0*=arange.start_out(·,·,·,·)
MISMATCH	w16:639	out[0] max|delta|=2.000e+00 (rtol=0.0 atol=0.0)	n0*=prod.int_out(L0,·,·,·,·)
SKIP	w16:651	fvp_runner rc=2: 	n0*=minimum.out(L0,L1,·)
MISMATCH	w16:680	out[0] max|delta|=2.599e-01 (rtol=0.01 atol=0.001)	n0*=index_put(L0,·,L1,·)
MISMATCH	w16:69	out[0] max|delta|=1.249e+00 (rtol=0.01 atol=0.001)	n0*=max_pool2d_with_indices_backward.grad_input(L0,L1,·,·,·,·,·,L2,L3)
SKIP	w16:692	fvp_runner rc=2: 	n0*=topk.values(L0,·,·,·,·,L1,L2)
SKIP	w16:695	fvp_runner rc=2: no out-*.bin produced (see /tmp/fvp_job_4ghc2nwy/uart.log) 	n0*=stack(·,·)
SKIP	w16:705	fvp_runner rc=2: no out-*.bin produced (see /tmp/fvp_job_5swsahxc/uart.log) 	n0*=zeros.out(·,·)
SKIP	w16:733	fvp_runner rc=2: 	n0*=_pdist_forward(L0,·)
SKIP	w16:745	fvp_runner rc=2: 	n0*=pixel_shuffle(L0,·)
CRASH	w16:247	fvp_runner rc=5: >> building runner (cache miss): backend=cortex-m target=cortex-m55 ops=b0707b1a (shared SDK, no fetch) ... cortex-m runner build failed (see /tmp/fvp_job_ni0r8air/build.fail.log) 	n0*=linear(L0,L1,·)
SKIP	w16:762	fvp_runner rc=2: no out-*.bin produced (see /tmp/fvp_job_4s3rfsii/uart.log) 	n0*=ones.out(·,·)
MISMATCH	w16:767	out[0] max|delta|=3.294e+00 (rtol=0.01 atol=0.001)	n0*=fill.Scalar(L0,·)
SKIP	w16:78	fvp_runner rc=2: no out-*.bin produced (see /tmp/fvp_job_ze8diwg9/uart.log) 	n0*=ones.out(·,·)
MISMATCH	w16:83	out[0] max|delta|=2.392e+00 (rtol=0.01 atol=0.001)	n0*=fill.Scalar(L0,·)
SKIP	w17:119	fvp_runner rc=2: 	n0*=pixel_unshuffle(L0,·)
SKIP	w17:125	fvp_runner rc=2: no out-*.bin produced (see /tmp/fvp_job_ho4wmu2u/uart.log) 	n0*=arange.start_out(·,·,·,·)
SKIP	w17:150	fvp_runner rc=2: 	n0*=native_group_norm(L0,·,·,·,·,·,·,·)
SKIP	w17:153	fvp_runner rc=2: 	n0*=minimum.out(L0,L1,·)
SKIP	w17:160	fvp_runner rc=2: 	n0*=where.self(L0,L1,L2)
TIMEOUT	w127:161	FVP exceeded job-timeout	n0*=_fft_r2c(L0,·,·,·)
MISMATCH	w17:182	out[0] max|delta|=2.599e-01 (rtol=0.01 atol=0.001)	n0*=index_put(L0,·,L1,·)
MISMATCH	w17:239	out[0] max|delta|=2.300e+01 (rtol=0.0 atol=0.0)	n0*=bitwise_right_shift.Tensor_out(L0,L1,·)
SKIP	w17:240	fvp_runner rc=2: no out-*.bin produced (see /tmp/fvp_job_rgb0ly0l/uart.log) 	n0*=arange.out(·,·)
SKIP	w17:189	fvp_runner rc=2: 	n0*=scatter.src_out(L0,·,L1,L2,·)
SKIP	w17:196	fvp_runner rc=2: 	n0*=copy(L0,L1,·)
SKIP	w17:197	fvp_runner rc=2: no out-*.bin produced (see /tmp/fvp_job__0kxyf0v/uart.log) 	n0*=stack(·,·)
SKIP	w17:207	fvp_runner rc=2: no out-*.bin produced (see /tmp/fvp_job_zdn1fptd/uart.log) 	n0*=zeros.out(·,·)
SKIP	w17:232	fvp_runner rc=2: 	n0*=native_group_norm(L0,·,·,·,·,·,·,·)
SKIP	w17:235	fvp_runner rc=2: 	n0*=_pdist_forward(L0,·)
SKIP	w17:247	fvp_runner rc=2: 	n0*=pixel_shuffle(L0,·)
MISMATCH	w17:255	out[0] max|delta|=2.043e+00 (rtol=0.01 atol=0.001)	n0*=max_pool2d_with_indices_backward.grad_input(L0,L1,·,·,·,·,·,L2,L3)
SKIP	w17:264	fvp_runner rc=2: no out-*.bin produced (see /tmp/fvp_job_4ssof0md/uart.log) 	n0*=ones.out(·,·)
MISMATCH	w17:269	out[0] max|delta|=2.847e+00 (rtol=0.01 atol=0.001)	n0*=fill.Scalar(L0,·)
SKIP	w17:273	fvp_runner rc=2: 	n0*=pixel_unshuffle(L0,·)
SKIP	w17:304	fvp_runner rc=2: no out-*.bin produced (see /tmp/fvp_job_72j_ny2p/uart.log) 	n0*=full.out(·,·,·)
SKIP	w17:334	fvp_runner rc=2: 	n0*=expand_copy(L0,·,·)
SKIP	w17:4	fvp_runner rc=2: 	n0*=native_group_norm(L0,·,·,·,·,·,·,·)
SKIP	w17:353	fvp_runner rc=2: no out-*.bin produced (see /tmp/fvp_job_wokevat8/uart.log) 	n0*=arange.start_out(·,·,·,·)
SKIP	w17:36	fvp_runner rc=2: no out-*.bin produced (see /tmp/fvp_job_eb6y53i8/uart.log) 	n0*=ones.out(·,·)
MISMATCH	w17:406	out[0] max|delta|=1.270e+02 (rtol=0.01 atol=0.001)	n0*=div.out_mode(L0,L1,·,·)
MISMATCH	w17:41	out[0] max|delta|=9.804e-01 (rtol=0.01 atol=0.001)	n0*=fill.Scalar(L0,·)
MISMATCH	w17:410	out[0] max|delta|=2.599e-01 (rtol=0.01 atol=0.001)	n0*=index_put(L0,·,L1,·)
SKIP	w17:425	fvp_runner rc=2: no out-*.bin produced (see /tmp/fvp_job_fydugusl/uart.log) 	n0*=stack(·,·)
SKIP	w17:435	fvp_runner rc=2: no out-*.bin produced (see /tmp/fvp_job_a5oynnjc/uart.log) 	n0*=zeros.out(·,·)
SKIP	w17:463	fvp_runner rc=2: 	n0*=_pdist_forward(L0,·)
TIMEOUT	w127:389	FVP exceeded job-timeout	n0*=_fft_r2c(L0,·,·,·)
SKIP	w17:468	fvp_runner rc=2: no out-*.bin produced (see /tmp/fvp_job_er51jz2t/uart.log) 	n0*=arange.out(·,·)
MISMATCH	w17:483	out[0] max|delta|=1.161e+00 (rtol=0.01 atol=0.001)	n0*=max_pool2d_with_indices_backward.grad_input(L0,L1,·,·,·,·,·,L2,L3)
MISMATCH	w17:515	out[0] max|delta|=1.280e+02 (rtol=0.0 atol=0.0)	n0*=bitwise_right_shift.Tensor_Scalar(L0,·)
SKIP	w17:555	fvp_runner rc=2: 	n0*=pixel_shuffle(L0,·)
SKIP	w17:581	fvp_runner rc=2: no out-*.bin produced (see /tmp/fvp_job_y85uitj8/uart.log) 	n0*=arange.start_out(·,·,·,·)
MISMATCH	w17:633	out[0] max|delta|=4.800e+01 (rtol=0.01 atol=0.001)	n0*=bitwise_left_shift.Tensor_out(L0,L1,·)
SKIP	w17:587	fvp_runner rc=2: 	n0*=scatter.value_out(L0,·,L1,·,·)
SKIP	w17:606	fvp_runner rc=2: 	n0*=native_group_norm(L0,·,·,·,·,·,·,·)
MISMATCH	w17:638	out[0] max|delta|=2.599e-01 (rtol=0.01 atol=0.001)	n0*=index_put(L0,·,L1,·)
SKIP	w17:652	fvp_runner rc=2: 	n0*=copy(L0,L1,·)
SKIP	w17:653	fvp_runner rc=2: no out-*.bin produced (see /tmp/fvp_job_8l4fas43/uart.log) 	n0*=stack(·,·)
SKIP	w17:663	fvp_runner rc=2: no out-*.bin produced (see /tmp/fvp_job_vcnvw0e3/uart.log) 	n0*=zeros.out(·,·)
SKIP	w17:664	fvp_runner rc=2: 	n0*=min.dim_min(L0,·,·,L1,L2)
MISMATCH	w17:680	out[0] max|delta|=4.000e+00 (rtol=0.0 atol=0.0)	n0*=fmod.Scalar(L0,·)
SKIP	w17:691	fvp_runner rc=2: 	n0*=_pdist_forward(L0,·)
SKIP	w17:696	fvp_runner rc=2: no out-*.bin produced (see /tmp/fvp_job_2gnmk5_j/uart.log) 	n0*=arange.out(·,·)
SKIP	w17:703	fvp_runner rc=2: 	n0*=pixel_shuffle(L0,·)
SKIP	w17:760	fvp_runner rc=2: no out-*.bin produced (see /tmp/fvp_job__tt8ds27/uart.log) 	n0*=full.out(·,·,·)
MISMATCH	w17:711	out[0] max|delta|=1.645e+00 (rtol=0.01 atol=0.001)	n0*=max_pool2d_with_indices_backward.grad_input(L0,L1,·,·,·,·,·,L2,L3)
SKIP	w17:720	fvp_runner rc=2: no out-*.bin produced (see /tmp/fvp_job_mkupvx0s/uart.log) 	n0*=ones.out(·,·)
MISMATCH	w17:725	out[0] max|delta|=1.929e+00 (rtol=0.01 atol=0.001)	n0*=fill.Scalar(L0,·)
TIMEOUT	w127:617	FVP exceeded job-timeout	n0*=_fft_r2c(L0,·,·,·)
SKIP	w17:729	fvp_runner rc=2: 	n0*=pixel_unshuffle(L0,·)
MISMATCH	w17:743	out[0] max|delta|=8.000e+00 (rtol=0.0 atol=0.0)	n0*=bitwise_right_shift.Tensor_Scalar(L0,·)
SKIP	w18:10	fvp_runner rc=2: 	n0*=_pdist_forward(L0,·)
SKIP	w18:109	fvp_runner rc=2: 	n0*=expand_copy(L0,·,·)
MISMATCH	w18:107	out[0] max|delta|=4.700e+01 (rtol=0.0 atol=0.0)	n0*=bitwise_right_shift.Tensor_Scalar_out(L0,·,·)
SKIP	w18:128	fvp_runner rc=2: no out-*.bin produced (see /tmp/fvp_job_m5zchebh/uart.log) 	n0*=arange.start_out(·,·,·,·)
SKIP	w18:15	fvp_runner rc=2: no out-*.bin produced (see /tmp/fvp_job_thohewk7/uart.log) 	n0*=arange.out(·,·)
MISMATCH	w18:181	out[0] max|delta|=5.531e+01 (rtol=0.01 atol=0.001)	n0*=div.out_mode(L0,L1,·,·)
MISMATCH	w18:185	out[0] max|delta|=2.599e-01 (rtol=0.01 atol=0.001)	n0*=index_put(L0,·,L1,·)
SKIP	w18:200	fvp_runner rc=2: no out-*.bin produced (see /tmp/fvp_job_53vk9mxk/uart.log) 	n0*=stack(·,·)
SKIP	w18:267	fvp_runner rc=2: no out-*.bin produced (see /tmp/fvp_job_a9p3ryj2/uart.log) 	n0*=ones.out(·,·)
SKIP	w18:276	fvp_runner rc=2: 	n0*=pixel_unshuffle(L0,·)
SKIP	w18:238	fvp_runner rc=2: 	n0*=_pdist_forward(L0,·)
SKIP	w18:243	fvp_runner rc=2: no out-*.bin produced (see /tmp/fvp_job_g98njn8n/uart.log) 	n0*=arange.out(·,·)
SKIP	w18:307	fvp_runner rc=2: no out-*.bin produced (see /tmp/fvp_job_gry_z3dt/uart.log) 	n0*=full.out(·,·,·)
TIMEOUT	w13:182	FVP exceeded job-timeout	n0*=_fft_r2c(L0,·,·,·)
SKIP	w18:428	fvp_runner rc=2: no out-*.bin produced (see /tmp/fvp_job_zaser2ng/uart.log) 	n0*=stack(·,·)
SKIP	w18:438	fvp_runner rc=2: no out-*.bin produced (see /tmp/fvp_job_11zdxn33/uart.log) 	n0*=zeros.out(·,·)
SKIP	w18:384	fvp_runner rc=2: 	n0*=minimum.out(L0,L1,·)
SKIP	w18:39	fvp_runner rc=2: no out-*.bin produced (see /tmp/fvp_job_3f_hlzj0/uart.log) 	n0*=ones.out(·,·)
SKIP	w18:391	fvp_runner rc=2: 	n0*=where.self(L0,L1,L2)
MISMATCH	w18:500	out[0] max|delta|=4.941e-01 (rtol=0.01 atol=0.001)	n0*=fill.Scalar(L0,·)
MISMATCH	w18:454	out[0] max|delta|=4.000e+00 (rtol=0.0 atol=0.0)	n0*=remainder.Tensor_out(L0,L1,·)
SKIP	w18:463	fvp_runner rc=2: 	n0*=native_group_norm(L0,·,·,·,·,·,·,·)
SKIP	w18:466	fvp_runner rc=2: 	n0*=_pdist_forward(L0,·)
SKIP	w18:471	fvp_runner rc=2: no out-*.bin produced (see /tmp/fvp_job_0b4km4ii/uart.log) 	n0*=arange.out(·,·)
SKIP	w18:495	fvp_runner rc=2: no out-*.bin produced (see /tmp/fvp_job_uhhb8cv0/uart.log) 	n0*=ones.out(·,·)
SKIP	w18:559	fvp_runner rc=2: 	n0*=scatter_add.out(L0,·,L1,L2,·)
MISMATCH	w18:563	out[0] max|delta|=7.670e+02 (rtol=0.0 atol=0.0)	n0*=bitwise_right_shift.Tensor_Scalar_out(L0,·,·)
TIMEOUT	w13:410	FVP exceeded job-timeout	n0*=_fft_r2c(L0,·,·,·)
MISMATCH	w18:636	out[0] max|delta|=4.800e+01 (rtol=0.01 atol=0.001)	n0*=bitwise_left_shift.Tensor_out(L0,L1,·)
MISMATCH	w18:637	out[0] max|delta|=2.695e+02 (rtol=0.01 atol=0.001)	n0*=div.out_mode(L0,L1,·,·)
SKIP	w18:584	fvp_runner rc=2: no out-*.bin produced (see /tmp/fvp_job_xqpfrupk/uart.log) 	n0*=arange.start_out(·,·,·,·)
SKIP	w18:619	fvp_runner rc=2: 	n0*=where.self(L0,L1,L2)
MISMATCH	w18:62	out[0] max|delta|=5.120e+02 (rtol=0.0 atol=0.0)	n0*=bitwise_right_shift.Tensor_Scalar(L0,·)
SKIP	w18:653	fvp_runner rc=2: 	n0*=topk.values(L0,·,·,·,·,L1,L2)
SKIP	w18:656	fvp_runner rc=2: no out-*.bin produced (see /tmp/fvp_job_xcfg_dzj/uart.log) 	n0*=stack(·,·)
SKIP	w18:699	fvp_runner rc=2: no out-*.bin produced (see /tmp/fvp_job_9f0ww3q_/uart.log) 	n0*=arange.out(·,·)
SKIP	w18:655	fvp_runner rc=2: 	n0*=copy(L0,L1,·)
SKIP	w18:666	fvp_runner rc=2: no out-*.bin produced (see /tmp/fvp_job_pkgksf0g/uart.log) 	n0*=zeros.out(·,·)
MISMATCH	w18:683	out[0] max|delta|=3.000e+00 (rtol=0.0 atol=0.0)	n0*=fmod.Scalar(L0,·)
SKIP	w18:691	fvp_runner rc=2: 	n0*=native_group_norm(L0,·,·,·,·,·,·,·)
SKIP	w18:694	fvp_runner rc=2: 	n0*=_pdist_forward(L0,·)
MISMATCH	w18:698	out[0] max|delta|=2.300e+01 (rtol=0.0 atol=0.0)	n0*=bitwise_right_shift.Tensor_out(L0,L1,·)
MISMATCH	w18:714	out[0] max|delta|=1.607e+00 (rtol=0.01 atol=0.001)	n0*=max_pool2d_with_indices_backward.grad_input(L0,L1,·,·,·,·,·,L2,L3)
SKIP	w18:732	fvp_runner rc=2: 	n0*=pixel_unshuffle(L0,·)
MISMATCH	w18:778	out[0] max|delta|=3.000e+00 (rtol=0.0 atol=0.0)	n0*=remainder.Scalar(L0,·)
MISMATCH	w18:89	out[0] max|delta|=1.000e+00 (rtol=0.0 atol=0.0)	n0*=logical_and(L0,L1)
SKIP	w19:100	fvp_runner rc=2: 	n0*=narrow_copy(L0,·,·,·)
TIMEOUT	w13:638	FVP exceeded job-timeout	n0*=_fft_r2c(L0,·,·,·)
SKIP	w19:122	fvp_runner rc=2: no out-*.bin produced (see /tmp/fvp_job_2hzq3v3t/uart.log) 	n0*=arange.start_out(·,·,·,·)
SKIP	w19:128	fvp_runner rc=2: 	n0*=scatter.value_out(L0,·,L1,·,·)
SKIP	w19:16	fvp_runner rc=2: 	n0*=pixel_shuffle(L0,·)
SKIP	w19:157	fvp_runner rc=2: 	n0*=where.self(L0,L1,L2)
MISMATCH	w19:174	out[0] max|delta|=4.800e+01 (rtol=0.01 atol=0.001)	n0*=bitwise_left_shift.Tensor_out(L0,L1,·)
MISMATCH	w19:171	out[0] max|delta|=2.306e+18 (rtol=0.0 atol=0.0)	n0*=bitwise_left_shift.Tensor_Scalar_out(L0,·,·)
SKIP	w19:194	fvp_runner rc=2: no out-*.bin produced (see /tmp/fvp_job_nbrk0424/uart.log) 	n0*=stack(·,·)
SKIP	w19:204	fvp_runner rc=2: no out-*.bin produced (see /tmp/fvp_job_07e013y3/uart.log) 	n0*=zeros.out(·,·)
SKIP	w19:229	fvp_runner rc=2: 	n0*=native_group_norm(L0,·,·,·,·,·,·,·)
SKIP	w19:237	fvp_runner rc=2: no out-*.bin produced (see /tmp/fvp_job_t809qr5e/uart.log) 	n0*=arange.out(·,·)
SKIP	w19:244	fvp_runner rc=2: 	n0*=pixel_shuffle(L0,·)
MISMATCH	w19:266	out[0] max|delta|=9.882e-01 (rtol=0.01 atol=0.001)	n0*=fill.Scalar(L0,·)
CRASH	w18:67	fvp_runner rc=5: >> building runner (cache miss): backend=cortex-m target=cortex-m55 ops=b0707b1a (shared SDK, no fetch) ... cortex-m runner build failed (see /tmp/fvp_job_aiui94yu/build.fail.log) 	n0*=linear.out(L0,L1,·,·)
SKIP	w19:33	fvp_runner rc=2: no out-*.bin produced (see /tmp/fvp_job_tkzvz3ym/uart.log) 	n0*=ones.out(·,·)
MISMATCH	w19:284	out[0] max|delta|=1.280e+02 (rtol=0.0 atol=0.0)	n0*=bitwise_right_shift.Tensor_Scalar(L0,·)
SKIP	w19:344	fvp_runner rc=2: 	n0*=pixel_unshuffle(L0,·)
SKIP	w19:301	fvp_runner rc=2: no out-*.bin produced (see /tmp/fvp_job_ja7i5sv9/uart.log) 	n0*=full.out(·,·,·)
SKIP	w19:350	fvp_runner rc=2: no out-*.bin produced (see /tmp/fvp_job_jzp042yg/uart.log) 	n0*=arange.start_out(·,·,·,·)
MISMATCH	w19:407	out[0] max|delta|=2.599e-01 (rtol=0.01 atol=0.001)	n0*=index_put(L0,·,L1,·)
SKIP	w19:370	fvp_runner rc=2: 	n0*=convolution(L0,L1,·,·,·,·,·,·,·)
SKIP	w19:385	fvp_runner rc=2: 	n0*=where.self(L0,L1,L2)
TIMEOUT	w14:225	FVP exceeded job-timeout	n0*=_fft_r2c(L0,·,·,·)
SKIP	w19:460	fvp_runner rc=2: 	n0*=_pdist_forward(L0,·)
SKIP	w19:422	fvp_runner rc=2: no out-*.bin produced (see /tmp/fvp_job_8buqxmdn/uart.log) 	n0*=stack(·,·)
SKIP	w19:421	fvp_runner rc=2: 	n0*=copy(L0,L1,·)
SKIP	w19:432	fvp_runner rc=2: no out-*.bin produced (see /tmp/fvp_job_6tcstdiv/uart.log) 	n0*=zeros.out(·,·)
SKIP	w19:489	fvp_runner rc=2: no out-*.bin produced (see /tmp/fvp_job_5jk84a08/uart.log) 	n0*=ones.out(·,·)
MISMATCH	w19:494	out[0] max|delta|=3.322e+00 (rtol=0.01 atol=0.001)	n0*=fill.Scalar(L0,·)
MISMATCH	w19:512	out[0] max|delta|=1.280e+02 (rtol=0.0 atol=0.0)	n0*=bitwise_right_shift.Tensor_Scalar(L0,·)
SKIP	w19:529	fvp_runner rc=2: no out-*.bin produced (see /tmp/fvp_job_p9bgd5ni/uart.log) 	n0*=full.out(·,·,·)
SKIP	w19:559	fvp_runner rc=2: 	n0*=expand_copy(L0,·,·)
SKIP	w19:572	fvp_runner rc=2: 	n0*=pixel_unshuffle(L0,·)
MISMATCH	w19:573	out[0] max|delta|=8.000e+00 (rtol=0.0 atol=0.0)	n0*=remainder.Scalar_out(L0,·,·)
SKIP	w19:578	fvp_runner rc=2: no out-*.bin produced (see /tmp/fvp_job_4okbu_3m/uart.log) 	n0*=arange.start_out(·,·,·,·)
TIMEOUT	w14:453	FVP exceeded job-timeout	n0*=_fft_r2c(L0,·,·,·)
SKIP	w19:613	fvp_runner rc=2: 	n0*=where.self(L0,L1,L2)
SKIP	w19:678	fvp_runner rc=2: 	n0*=max.dim_max(L0,·,·,L1,L2)
SKIP	w19:642	fvp_runner rc=2: 	n0*=scatter.src_out(L0,·,L1,L2,·)
SKIP	w19:650	fvp_runner rc=2: no out-*.bin produced (see /tmp/fvp_job_l8ezodod/uart.log) 	n0*=stack(·,·)
SKIP	w19:660	fvp_runner rc=2: no out-*.bin produced (see /tmp/fvp_job__livj47w/uart.log) 	n0*=zeros.out(·,·)
SKIP	w19:685	fvp_runner rc=2: 	n0*=native_group_norm(L0,·,·,·,·,·,·,·)
SKIP	w19:688	fvp_runner rc=2: 	n0*=_pdist_forward(L0,·)
SKIP	w19:693	fvp_runner rc=2: no out-*.bin produced (see /tmp/fvp_job_9ii_7b0z/uart.log) 	n0*=arange.out(·,·)
SKIP	w19:700	fvp_runner rc=2: 	n0*=pixel_shuffle(L0,·)
SKIP	w19:717	fvp_runner rc=2: no out-*.bin produced (see /tmp/fvp_job_s6o2lo_a/uart.log) 	n0*=ones.out(·,·)
MISMATCH	w19:722	out[0] max|delta|=2.871e+00 (rtol=0.01 atol=0.001)	n0*=fill.Scalar(L0,·)
SKIP	w19:73	fvp_runner rc=2: no out-*.bin produced (see /tmp/fvp_job_il0f19p4/uart.log) 	n0*=full.out(·,·,·)
MISMATCH	w19:740	out[0] max|delta|=2.560e+02 (rtol=0.0 atol=0.0)	n0*=bitwise_right_shift.Tensor_Scalar(L0,·)
SKIP	w2:11	fvp_runner rc=2: no out-*.bin produced (see /tmp/fvp_job_gx2_k9os/uart.log) 	n0*=zeros.out(·,·)
MISMATCH	w19:779	out[0] max|delta|=2.306e+18 (rtol=0.0 atol=0.0)	n0*=bitwise_left_shift.Tensor_Scalar(L0,·)
SKIP	w19:9	fvp_runner rc=2: no out-*.bin produced (see /tmp/fvp_job_tc4ozvef/uart.log) 	n0*=arange.out(·,·)
SKIP	w2:1	fvp_runner rc=2: no out-*.bin produced (see /tmp/fvp_job_q_10ekl5/uart.log) 	n0*=stack(·,·)
SKIP	w2:108	fvp_runner rc=2: no out-*.bin produced (see /tmp/fvp_job_8bfznxrz/uart.log) 	n0*=full.out(·,·,·)
TIMEOUT	w14:681	FVP exceeded job-timeout	n0*=_fft_r2c(L0,·,·,·)
SKIP	w2:131	fvp_runner rc=2: 	n0*=pixel_shuffle(L0,·)
SKIP	w2:157	fvp_runner rc=2: no out-*.bin produced (see /tmp/fvp_job_lm2s7_ra/uart.log) 	n0*=arange.start_out(·,·,·,·)
SKIP	w2:192	fvp_runner rc=2: 	n0*=where.self(L0,L1,L2)
SKIP	w2:229	fvp_runner rc=2: no out-*.bin produced (see /tmp/fvp_job_tqoh8ybu/uart.log) 	n0*=stack(·,·)
SKIP	w2:239	fvp_runner rc=2: no out-*.bin produced (see /tmp/fvp_job_hty2yc2t/uart.log) 	n0*=zeros.out(·,·)
MISMATCH	w2:319	out[0] max|delta|=1.100e+01 (rtol=0.0 atol=0.0)	n0*=bitwise_right_shift.Tensor_Scalar(L0,·)
SKIP	w2:264	fvp_runner rc=2: 	n0*=native_group_norm(L0,·,·,·,·,·,·,·)
SKIP	w2:267	fvp_runner rc=2: 	n0*=_pdist_forward(L0,·)
MISMATCH	w2:271	out[0] max|delta|=2.300e+01 (rtol=0.0 atol=0.0)	n0*=bitwise_right_shift.Tensor_out(L0,L1,·)
SKIP	w2:272	fvp_runner rc=2: no out-*.bin produced (see /tmp/fvp_job_aa5hnczx/uart.log) 	n0*=arange.out(·,·)
MISMATCH	w2:287	out[0] max|delta|=1.745e+00 (rtol=0.01 atol=0.001)	n0*=max_pool2d_with_indices_backward.grad_input(L0,L1,·,·,·,·,·,L2,L3)
SKIP	w2:296	fvp_runner rc=2: no out-*.bin produced (see /tmp/fvp_job_msin4jzv/uart.log) 	n0*=ones.out(·,·)
TIMEOUT	w15:175	FVP exceeded job-timeout	n0*=_fft_r2c(L0,·,·,·)
SKIP	w2:336	fvp_runner rc=2: no out-*.bin produced (see /tmp/fvp_job__10kzk0p/uart.log) 	n0*=full.out(·,·,·)
MISMATCH	w2:351	out[0] max|delta|=6.000e+00 (rtol=0.0 atol=0.0)	n0*=remainder.Scalar(L0,·)
SKIP	w2:352	fvp_runner rc=2: 	n0*=transpose_copy.int(L0,·,·)
SKIP	w2:359	fvp_runner rc=2: 	n0*=pixel_shuffle(L0,·)
SKIP	w2:360	fvp_runner rc=2: 	n0*=scatter_add.out(L0,·,L1,L2,·)
SKIP	w2:385	fvp_runner rc=2: no out-*.bin produced (see /tmp/fvp_job_e6wabxm6/uart.log) 	n0*=arange.start_out(·,·,·,·)
SKIP	w2:457	fvp_runner rc=2: no out-*.bin produced (see /tmp/fvp_job_xl1_8iju/uart.log) 	n0*=stack(·,·)
SKIP	w2:44	fvp_runner rc=2: no out-*.bin produced (see /tmp/fvp_job_5y1s30tw/uart.log) 	n0*=arange.out(·,·)
SKIP	w2:456	fvp_runner rc=2: 	n0*=copy(L0,L1,·)
SKIP	w2:467	fvp_runner rc=2: no out-*.bin produced (see /tmp/fvp_job_myqcoijh/uart.log) 	n0*=zeros.out(·,·)
SKIP	w2:524	fvp_runner rc=2: no out-*.bin produced (see /tmp/fvp_job_ws5opz8f/uart.log) 	n0*=ones.out(·,·)
MISMATCH	w2:483	out[0] max|delta|=4.000e+00 (rtol=0.0 atol=0.0)	n0*=remainder.Tensor_out(L0,L1,·)
MISMATCH	w2:484	out[0] max|delta|=4.000e+00 (rtol=0.0 atol=0.0)	n0*=fmod.Scalar(L0,·)
SKIP	w2:495	fvp_runner rc=2: 	n0*=_pdist_forward(L0,·)
SKIP	w2:500	fvp_runner rc=2: no out-*.bin produced (see /tmp/fvp_job_22i9ydha/uart.log) 	n0*=arange.out(·,·)
MISMATCH	w2:515	out[0] max|delta|=1.249e+00 (rtol=0.01 atol=0.001)	n0*=max_pool2d_with_indices_backward.grad_input(L0,L1,·,·,·,·,·,L2,L3)
MISMATCH	w2:547	out[0] max|delta|=8.000e+00 (rtol=0.0 atol=0.0)	n0*=bitwise_right_shift.Tensor_Scalar(L0,·)
SKIP	w2:564	fvp_runner rc=2: no out-*.bin produced (see /tmp/fvp_job_7iqzgfvj/uart.log) 	n0*=full.out(·,·,·)
SKIP	w2:587	fvp_runner rc=2: 	n0*=pixel_shuffle(L0,·)
TIMEOUT	w15:403	FVP exceeded job-timeout	n0*=_fft_r2c(L0,·,·,·)
SKIP	w2:594	fvp_runner rc=2: 	n0*=expand_copy(L0,·,·)
SKIP	w2:638	fvp_runner rc=2: 	n0*=native_group_norm(L0,·,·,·,·,·,·,·)
MISMATCH	w2:665	out[0] max|delta|=4.800e+01 (rtol=0.01 atol=0.001)	n0*=bitwise_left_shift.Tensor_out(L0,L1,·)
MISMATCH	w2:670	out[0] max|delta|=2.599e-01 (rtol=0.01 atol=0.001)	n0*=index_put(L0,·,L1,·)
SKIP	w2:68	fvp_runner rc=2: no out-*.bin produced (see /tmp/fvp_job_00we8tua/uart.log) 	n0*=ones.out(·,·)
SKIP	w2:685	fvp_runner rc=2: no out-*.bin produced (see /tmp/fvp_job_538ajwl5/uart.log) 	n0*=stack(·,·)
SKIP	w2:695	fvp_runner rc=2: no out-*.bin produced (see /tmp/fvp_job_11j04826/uart.log) 	n0*=zeros.out(·,·)
SKIP	w2:728	fvp_runner rc=2: no out-*.bin produced (see /tmp/fvp_job_upcab9sk/uart.log) 	n0*=arange.out(·,·)
SKIP	w2:723	fvp_runner rc=2: 	n0*=_pdist_forward(L0,·)
MISMATCH	w2:727	out[0] max|delta|=2.300e+01 (rtol=0.0 atol=0.0)	n0*=bitwise_right_shift.Tensor_out(L0,L1,·)
SKIP	w2:752	fvp_runner rc=2: no out-*.bin produced (see /tmp/fvp_job_51gf3v3p/uart.log) 	n0*=ones.out(·,·)
SKIP	w2:77	fvp_runner rc=2: 	n0*=pixel_unshuffle(L0,·)
SKIP	w20:125	fvp_runner rc=2: no out-*.bin produced (see /tmp/fvp_job_ragpuix5/uart.log) 	n0*=arange.start_out(·,·,·,·)
SKIP	w20:135	fvp_runner rc=2: 	n0*=permute_copy(L0,·)
TIMEOUT	w15:631	FVP exceeded job-timeout	n0*=_fft_r2c(L0,·,·,·)
MISMATCH	w2:91	out[0] max|delta|=1.600e+01 (rtol=0.0 atol=0.0)	n0*=bitwise_right_shift.Tensor_Scalar(L0,·)
SKIP	w20:106	fvp_runner rc=2: 	n0*=expand_copy(L0,·,·)
SKIP	w20:12	fvp_runner rc=2: no out-*.bin produced (see /tmp/fvp_job_hefeid79/uart.log) 	n0*=arange.out(·,·)
SKIP	w20:150	fvp_runner rc=2: 	n0*=native_group_norm(L0,·,·,·,·,·,·,·)
MISMATCH	w20:160	out[0] max|delta|=2.229e+00 (rtol=0.01 atol=0.001)	n0*=where.self(L0,L1,L2)
SKIP	w20:197	fvp_runner rc=2: no out-*.bin produced (see /tmp/fvp_job_ttmzs58k/uart.log) 	n0*=stack(·,·)
SKIP	w20:264	fvp_runner rc=2: no out-*.bin produced (see /tmp/fvp_job_kemm__6t/uart.log) 	n0*=ones.out(·,·)
MISMATCH	w20:269	out[0] max|delta|=2.847e+00 (rtol=0.01 atol=0.001)	n0*=fill.Scalar(L0,·)
SKIP	w20:207	fvp_runner rc=2: no out-*.bin produced (see /tmp/fvp_job_w88oj3m7/uart.log) 	n0*=zeros.out(·,·)
SKIP	w20:273	fvp_runner rc=2: 	n0*=pixel_unshuffle(L0,·)
SKIP	w20:235	fvp_runner rc=2: 	n0*=_pdist_forward(L0,·)
SKIP	w20:240	fvp_runner rc=2: no out-*.bin produced (see /tmp/fvp_job_3oniql9v/uart.log) 	n0*=arange.out(·,·)
MISMATCH	w20:255	out[0] max|delta|=1.645e+00 (rtol=0.01 atol=0.001)	n0*=max_pool2d_with_indices_backward.grad_input(L0,L1,·,·,·,·,·,L2,L3)
SKIP	w20:304	fvp_runner rc=2: no out-*.bin produced (see /tmp/fvp_job__3rlmk66/uart.log) 	n0*=full.out(·,·,·)
SKIP	w20:334	fvp_runner rc=2: 	n0*=expand_copy(L0,·,·)
SKIP	w20:353	fvp_runner rc=2: no out-*.bin produced (see /tmp/fvp_job_5ufbqca9/uart.log) 	n0*=arange.start_out(·,·,·,·)
MISMATCH	w20:410	out[0] max|delta|=2.599e-01 (rtol=0.01 atol=0.001)	n0*=index_put(L0,·,L1,·)
SKIP	w20:36	fvp_runner rc=2: no out-*.bin produced (see /tmp/fvp_job_d4uhwk7t/uart.log) 	n0*=ones.out(·,·)
SKIP	w20:388	fvp_runner rc=2: 	n0*=where.self(L0,L1,L2)
MISMATCH	w20:467	out[0] max|delta|=2.300e+01 (rtol=0.0 atol=0.0)	n0*=bitwise_right_shift.Tensor_out(L0,L1,·)
SKIP	w20:424	fvp_runner rc=2: 	n0*=copy(L0,L1,·)
SKIP	w20:425	fvp_runner rc=2: no out-*.bin produced (see /tmp/fvp_job_1o_d0qqe/uart.log) 	n0*=stack(·,·)
SKIP	w20:435	fvp_runner rc=2: no out-*.bin produced (see /tmp/fvp_job_kfws8g45/uart.log) 	n0*=zeros.out(·,·)
SKIP	w20:45	fvp_runner rc=2: 	n0*=pixel_unshuffle(L0,·)
SKIP	w20:463	fvp_runner rc=2: 	n0*=_pdist_forward(L0,·)
SKIP	w20:468	fvp_runner rc=2: no out-*.bin produced (see /tmp/fvp_job_jssdw6jx/uart.log) 	n0*=arange.out(·,·)
TIMEOUT	w16:305	FVP exceeded job-timeout	n0*=_fft_r2c(L0,·,·,·)
SKIP	w20:501	fvp_runner rc=2: 	n0*=pixel_unshuffle(L0,·)
SKIP	w20:532	fvp_runner rc=2: no out-*.bin produced (see /tmp/fvp_job_yc2tcz6m/uart.log) 	n0*=full.out(·,·,·)
SKIP	w20:562	fvp_runner rc=2: 	n0*=expand_copy(L0,·,·)
SKIP	w20:581	fvp_runner rc=2: no out-*.bin produced (see /tmp/fvp_job_0uvp_vn0/uart.log) 	n0*=arange.start_out(·,·,·,·)
SKIP	w20:649	fvp_runner rc=2: 	n0*=narrow_copy(L0,·,·,·)
SKIP	w20:653	fvp_runner rc=2: no out-*.bin produced (see /tmp/fvp_job_jk63_cdd/uart.log) 	n0*=stack(·,·)
SKIP	w20:616	fvp_runner rc=2: 	n0*=where.self(L0,L1,L2)
MISMATCH	w20:630	out[0] max|delta|=2.306e+18 (rtol=0.0 atol=0.0)	n0*=bitwise_left_shift.Tensor_Scalar_out(L0,·,·)
MISMATCH	w20:638	out[0] max|delta|=2.599e-01 (rtol=0.01 atol=0.001)	n0*=index_put(L0,·,L1,·)
SKIP	w20:663	fvp_runner rc=2: no out-*.bin produced (see /tmp/fvp_job_jqpwrhcr/uart.log) 	n0*=zeros.out(·,·)
MISMATCH	w20:679	out[0] max|delta|=4.000e+00 (rtol=0.0 atol=0.0)	n0*=remainder.Tensor_out(L0,L1,·)
SKIP	w20:688	fvp_runner rc=2: 	n0*=native_group_norm(L0,·,·,·,·,·,·,·)
SKIP	w20:696	fvp_runner rc=2: no out-*.bin produced (see /tmp/fvp_job_0_n5oq11/uart.log) 	n0*=arange.out(·,·)
SKIP	w20:7	fvp_runner rc=2: 	n0*=_pdist_forward(L0,·)
SKIP	w20:703	fvp_runner rc=2: 	n0*=pixel_shuffle(L0,·)
TIMEOUT	w16:533	FVP exceeded job-timeout	n0*=_fft_r2c(L0,·,·,·)
SKIP	w20:720	fvp_runner rc=2: no out-*.bin produced (see /tmp/fvp_job_tej_63i8/uart.log) 	n0*=ones.out(·,·)
MISMATCH	w20:747	out[0] max|delta|=2.000e+00 (rtol=0.01 atol=0.001)	n0*=masked_scatter(L0,L1,L2)
SKIP	w20:760	fvp_runner rc=2: no out-*.bin produced (see /tmp/fvp_job_zu9rzqpc/uart.log) 	n0*=full.out(·,·,·)
SKIP	w20:76	fvp_runner rc=2: no out-*.bin produced (see /tmp/fvp_job_4gtpzwoc/uart.log) 	n0*=full.out(·,·,·)
CRASH	w20:520	fvp_runner rc=5: >> building runner (cache miss): backend=cortex-m target=cortex-m55 ops=28dc928b (shared SDK, no fetch) ... cortex-m runner build failed (see /tmp/fvp_job_nzcuk559/build.fail.log) 	n0*=linear.out(L0,L1,·,·)
SKIP	w21:1	fvp_runner rc=2: no out-*.bin produced (see /tmp/fvp_job_chgs9wx8/uart.log) 	n0*=zeros.out(·,·)
MISMATCH	w21:120	out[0] max|delta|=1.441e+17 (rtol=0.0 atol=0.0)	n0*=bitwise_left_shift.Tensor_Scalar(L0,·)
SKIP	w21:147	fvp_runner rc=2: no out-*.bin produced (see /tmp/fvp_job_1b5r7nkh/uart.log) 	n0*=arange.start_out(·,·,·,·)
SKIP	w21:182	fvp_runner rc=2: 	n0*=where.self(L0,L1,L2)
TIMEOUT	w16:761	FVP exceeded job-timeout	n0*=_fft_r2c(L0,·,·,·)
TIMEOUT	w16:77	FVP exceeded job-timeout	n0*=_fft_r2c(L0,·,·,·)
SKIP	w21:257	fvp_runner rc=2: 	n0*=_pdist_forward(L0,·)
SKIP	w21:262	fvp_runner rc=2: no out-*.bin produced (see /tmp/fvp_job_lj_a0q37/uart.log) 	n0*=arange.out(·,·)
SKIP	w21:216	fvp_runner rc=2: 	n0*=topk.values(L0,·,·,·,·,L1,L2)
SKIP	w21:219	fvp_runner rc=2: no out-*.bin produced (see /tmp/fvp_job_vbaprbxy/uart.log) 	n0*=stack(·,·)
SKIP	w21:229	fvp_runner rc=2: no out-*.bin produced (see /tmp/fvp_job_0khj9icp/uart.log) 	n0*=zeros.out(·,·)
MISMATCH	w21:245	out[0] max|delta|=9.995e-01 (rtol=0.01 atol=0.001)	n0*=remainder.Tensor_out(L0,L1,·)
CRASH	w20:661	fvp_runner rc=5: >> building runner (cache miss): backend=cortex-m target=cortex-m55 ops=b0707b1a (shared SDK, no fetch) ... cortex-m runner build failed (see /tmp/fvp_job_h1liwgbp/build.fail.log) 	n0*=linear(L0,L1,·)
SKIP	w21:269	fvp_runner rc=2: 	n0*=pixel_shuffle(L0,·)
MISMATCH	w21:277	out[0] max|delta|=2.001e+00 (rtol=0.01 atol=0.001)	n0*=max_pool2d_with_indices_backward.grad_input(L0,L1,·,·,·,·,·,L2,L3)
SKIP	w21:286	fvp_runner rc=2: no out-*.bin produced (see /tmp/fvp_job_w8mi4zzh/uart.log) 	n0*=ones.out(·,·)
MISMATCH	w21:348	out[0] max|delta|=5.765e+17 (rtol=0.0 atol=0.0)	n0*=bitwise_left_shift.Tensor_Scalar(L0,·)
MISMATCH	w21:309	out[0] max|delta|=2.560e+02 (rtol=0.0 atol=0.0)	n0*=bitwise_right_shift.Tensor_Scalar(L0,·)
SKIP	w21:349	fvp_runner rc=2: 	n0*=pixel_shuffle(L0,·)
SKIP	w21:403	fvp_runner rc=2: 	n0*=minimum.out(L0,L1,·)
SKIP	w21:41	fvp_runner rc=2: 	n0*=pixel_shuffle(L0,·)
SKIP	w21:356	fvp_runner rc=2: 	n0*=expand_copy(L0,·,·)
SKIP	w21:375	fvp_runner rc=2: no out-*.bin produced (see /tmp/fvp_job_2fyt6khe/uart.log) 	n0*=arange.start_out(·,·,·,·)
TIMEOUT	w17:263	FVP exceeded job-timeout	n0*=_fft_r2c(L0,·,·,·)
SKIP	w21:444	fvp_runner rc=2: 	n0*=topk.values(L0,·,·,·,·,L1,L2)
SKIP	w21:446	fvp_runner rc=2: 	n0*=copy(L0,L1,·)
SKIP	w21:447	fvp_runner rc=2: no out-*.bin produced (see /tmp/fvp_job_a89ijfjh/uart.log) 	n0*=stack(·,·)
SKIP	w21:457	fvp_runner rc=2: no out-*.bin produced (see /tmp/fvp_job_qumv_tmp/uart.log) 	n0*=zeros.out(·,·)
TIMEOUT	w17:35	FVP exceeded job-timeout	n0*=_fft_r2c(L0,·,·,·)
MISMATCH	w21:459	out[0] max|delta|=1.280e+02 (rtol=0.01 atol=0.001)	n0*=logit(L0,·)
SKIP	w21:485	fvp_runner rc=2: 	n0*=_pdist_forward(L0,·)
SKIP	w21:514	fvp_runner rc=2: no out-*.bin produced (see /tmp/fvp_job_24_gifpk/uart.log) 	n0*=ones.out(·,·)
MISMATCH	w21:519	out[0] max|delta|=4.980e-01 (rtol=0.01 atol=0.001)	n0*=fill.Scalar(L0,·)
SKIP	w21:523	fvp_runner rc=2: 	n0*=pixel_unshuffle(L0,·)
SKIP	w21:603	fvp_runner rc=2: no out-*.bin produced (see /tmp/fvp_job_836rt1wx/uart.log) 	n0*=arange.start_out(·,·,·,·)
SKIP	w21:554	fvp_runner rc=2: no out-*.bin produced (see /tmp/fvp_job_sdit3ttq/uart.log) 	n0*=full.out(·,·,·)
SKIP	w21:577	fvp_runner rc=2: 	n0*=pixel_shuffle(L0,·)
SKIP	w21:58	fvp_runner rc=2: no out-*.bin produced (see /tmp/fvp_job_iyj6io8l/uart.log) 	n0*=ones.out(·,·)
TIMEOUT	w17:491	FVP exceeded job-timeout	n0*=_fft_r2c(L0,·,·,·)
MISMATCH	w21:60	out[0] max|delta|=1.000e+00 (rtol=0.01 atol=0.001)	n0*=logical_and.out(L0,L1,·)
SKIP	w21:613	fvp_runner rc=2: 	n0*=permute_copy(L0,·)
MISMATCH	w21:63	out[0] max|delta|=2.392e+00 (rtol=0.01 atol=0.001)	n0*=fill.Scalar(L0,·)
SKIP	w21:638	fvp_runner rc=2: 	n0*=where.self(L0,L1,L2)
SKIP	w21:67	fvp_runner rc=2: 	n0*=pixel_unshuffle(L0,·)
SKIP	w21:674	fvp_runner rc=2: 	n0*=copy(L0,L1,·)
SKIP	w21:675	fvp_runner rc=2: no out-*.bin produced (see /tmp/fvp_job_z_o588h6/uart.log) 	n0*=stack(·,·)
SKIP	w21:713	fvp_runner rc=2: 	n0*=_pdist_forward(L0,·)
SKIP	w21:725	fvp_runner rc=2: 	n0*=pixel_shuffle(L0,·)
MISMATCH	w21:733	out[0] max|delta|=1.161e+00 (rtol=0.01 atol=0.001)	n0*=max_pool2d_with_indices_backward.grad_input(L0,L1,·,·,·,·,·,L2,L3)
CRASH	w21:455	fvp_runner rc=5: >> building runner (cache miss): backend=cortex-m target=cortex-m55 ops=b0707b1a (shared SDK, no fetch) ... cortex-m runner build failed (see /tmp/fvp_job_hl5y2evp/build.fail.log) 	n0*=linear(L0,L1,·)
SKIP	w21:98	fvp_runner rc=2: no out-*.bin produced (see /tmp/fvp_job_m3o288gt/uart.log) 	n0*=full.out(·,·,·)
MISMATCH	w21:747	out[0] max|delta|=3.322e+00 (rtol=0.01 atol=0.001)	n0*=fill.Scalar(L0,·)
SKIP	w21:751	fvp_runner rc=2: 	n0*=pixel_unshuffle(L0,·)
TIMEOUT	w17:719	FVP exceeded job-timeout	n0*=_fft_r2c(L0,·,·,·)
MISMATCH	w22:1	out[0] max|delta|=5.000e+00 (rtol=0.0 atol=0.0)	n0*=prod.int_out(L0,·,·,·,·)
SKIP	w22:107	fvp_runner rc=2: 	n0*=pixel_shuffle(L0,·)
MISMATCH	w22:115	out[0] max|delta|=1.163e+00 (rtol=0.01 atol=0.001)	n0*=max_pool2d_with_indices_backward.grad_input(L0,L1,·,·,·,·,·,L2,L3)
SKIP	w22:13	fvp_runner rc=2: 	n0*=minimum.out(L0,L1,·)
SKIP	w22:133	fvp_runner rc=2: 	n0*=pixel_unshuffle(L0,·)
SKIP	w22:164	fvp_runner rc=2: no out-*.bin produced (see /tmp/fvp_job_31vrjym8/uart.log) 	n0*=full.out(·,·,·)
SKIP	w22:207	fvp_runner rc=2: 	n0*=pixel_unshuffle(L0,·)
SKIP	w22:213	fvp_runner rc=2: no out-*.bin produced (see /tmp/fvp_job_hw69oeaw/uart.log) 	n0*=arange.start_out(·,·,·,·)
SKIP	w22:285	fvp_runner rc=2: no out-*.bin produced (see /tmp/fvp_job_qjmgafkx/uart.log) 	n0*=stack(·,·)
SKIP	w22:295	fvp_runner rc=2: no out-*.bin produced (see /tmp/fvp_job_u_ijd4a2/uart.log) 	n0*=zeros.out(·,·)
SKIP	w22:296	fvp_runner rc=2: 	n0*=min.dim_min(L0,·,·,L1,L2)
MISMATCH	w22:265	out[0] max|delta|=4.800e+01 (rtol=0.01 atol=0.001)	n0*=bitwise_left_shift.Tensor_out(L0,L1,·)
MISMATCH	w22:270	out[0] max|delta|=2.599e-01 (rtol=0.01 atol=0.001)	n0*=index_put(L0,·,L1,·)
SKIP	w22:284	fvp_runner rc=2: 	n0*=copy(L0,L1,·)
TIMEOUT	w18:266	FVP exceeded job-timeout	n0*=_fft_r2c(L0,·,·,·)
SKIP	w22:361	fvp_runner rc=2: 	n0*=pixel_unshuffle(L0,·)
SKIP	w22:323	fvp_runner rc=2: 	n0*=_pdist_forward(L0,·)
SKIP	w22:328	fvp_runner rc=2: no out-*.bin produced (see /tmp/fvp_job_1s3wjqpz/uart.log) 	n0*=arange.out(·,·)
SKIP	w22:352	fvp_runner rc=2: no out-*.bin produced (see /tmp/fvp_job_hv3wiw9g/uart.log) 	n0*=ones.out(·,·)
MISMATCH	w22:37	out[0] max|delta|=4.800e+01 (rtol=0.01 atol=0.001)	n0*=bitwise_left_shift.Tensor_out(L0,L1,·)
TIMEOUT	w18:38	FVP exceeded job-timeout	n0*=_fft_r2c(L0,·,·,·)
MISMATCH	w22:42	out[0] max|delta|=2.599e-01 (rtol=0.01 atol=0.001)	n0*=index_put(L0,·,L1,·)
SKIP	w22:422	fvp_runner rc=2: 	n0*=expand_copy(L0,·,·)
SKIP	w22:466	fvp_runner rc=2: 	n0*=native_group_norm(L0,·,·,·,·,·,·,·)
TIMEOUT	w18:494	FVP exceeded job-timeout	n0*=_fft_r2c(L0,·,·,·)
MISMATCH	w22:498	out[0] max|delta|=2.599e-01 (rtol=0.01 atol=0.001)	n0*=index_put(L0,·,L1,·)
SKIP	w22:510	fvp_runner rc=2: 	n0*=topk.values(L0,·,·,·,·,L1,L2)
SKIP	w22:513	fvp_runner rc=2: no out-*.bin produced (see /tmp/fvp_job_u6c7ujwz/uart.log) 	n0*=stack(·,·)
SKIP	w22:512	fvp_runner rc=2: 	n0*=copy(L0,L1,·)
SKIP	w22:524	fvp_runner rc=2: 	n0*=min.dim_min(L0,·,·,L1,L2)
SKIP	w22:523	fvp_runner rc=2: no out-*.bin produced (see /tmp/fvp_job_btzdgakb/uart.log) 	n0*=zeros.out(·,·)
SKIP	w22:54	fvp_runner rc=2: 	n0*=topk.values(L0,·,·,·,·,L1,L2)
SKIP	w22:541	fvp_runner rc=2: 	n0*=max.dim_max(L0,·,·,L1,L2)
MISMATCH	w22:545	out[0] max|delta|=1.280e+02 (rtol=0.01 atol=0.001)	n0*=div.Scalar(L0,·)
CRASH	w22:293	fvp_runner rc=5: >> building runner (cache miss): backend=cortex-m target=cortex-m55 ops=b0707b1a (shared SDK, no fetch) ... cortex-m runner build failed (see /tmp/fvp_job_kl3t8u6q/build.fail.log) 	n0*=linear(L0,L1,·)
SKIP	w22:556	fvp_runner rc=2: no out-*.bin produced (see /tmp/fvp_job_ukjpv73m/uart.log) 	n0*=arange.out(·,·)
SKIP	w22:563	fvp_runner rc=2: 	n0*=pixel_shuffle(L0,·)
SKIP	w22:57	fvp_runner rc=2: no out-*.bin produced (see /tmp/fvp_job_7vq75gt_/uart.log) 	n0*=stack(·,·)
SKIP	w22:580	fvp_runner rc=2: no out-*.bin produced (see /tmp/fvp_job_iyrjvssk/uart.log) 	n0*=ones.out(·,·)
MISMATCH	w22:585	out[0] max|delta|=4.980e-01 (rtol=0.01 atol=0.001)	n0*=fill.Scalar(L0,·)
SKIP	w22:669	fvp_runner rc=2: no out-*.bin produced (see /tmp/fvp_job_qgezz033/uart.log) 	n0*=arange.start_out(·,·,·,·)
SKIP	w22:67	fvp_runner rc=2: no out-*.bin produced (see /tmp/fvp_job_m8fi2z_h/uart.log) 	n0*=zeros.out(·,·)
SKIP	w22:620	fvp_runner rc=2: no out-*.bin produced (see /tmp/fvp_job_r1jyff8r/uart.log) 	n0*=full.out(·,·,·)
SKIP	w22:643	fvp_runner rc=2: 	n0*=pixel_shuffle(L0,·)
SKIP	w22:68	fvp_runner rc=2: 	n0*=min.dim_min(L0,·,·,L1,L2)
TIMEOUT	w18:722	FVP exceeded job-timeout	n0*=_fft_r2c(L0,·,·,·)
SKIP	w22:751	fvp_runner rc=2: no out-*.bin produced (see /tmp/fvp_job_8s1u8mm9/uart.log) 	n0*=zeros.out(·,·)
SKIP	w22:741	fvp_runner rc=2: no out-*.bin produced (see /tmp/fvp_job_k8wuv8mv/uart.log) 	n0*=stack(·,·)
MISMATCH	w22:767	out[0] max|delta|=4.000e+00 (rtol=0.0 atol=0.0)	n0*=remainder.Tensor_out(L0,L1,·)
SKIP	w23:1	fvp_runner rc=2: no out-*.bin produced (see /tmp/fvp_job_sn65_rrf/uart.log) 	n0*=zeros.out(·,·)
SKIP	w22:95	fvp_runner rc=2: 	n0*=_pdist_forward(L0,·)
MISMATCH	w23:126	out[0] max|delta|=9.500e+01 (rtol=0.0 atol=0.0)	n0*=bitwise_right_shift.Tensor_Scalar_out(L0,·,·)
MISMATCH	w23:142	out[0] max|delta|=2.000e+00 (rtol=0.0 atol=0.0)	n0*=remainder.Scalar_out(L0,·,·)
SKIP	w23:147	fvp_runner rc=2: no out-*.bin produced (see /tmp/fvp_job_sonjhi07/uart.log) 	n0*=arange.start_out(·,·,·,·)
MISMATCH	w23:18	out[0] max|delta|=4.000e+00 (rtol=0.0 atol=0.0)	n0*=fmod.Scalar(L0,·)
MISMATCH	w23:199	out[0] max|delta|=4.800e+01 (rtol=0.01 atol=0.001)	n0*=bitwise_left_shift.Tensor_out(L0,L1,·)
SKIP	w23:211	fvp_runner rc=2: 	n0*=scatter.src_out(L0,·,L1,L2,·)
SKIP	w23:219	fvp_runner rc=2: no out-*.bin produced (see /tmp/fvp_job_mf_aew54/uart.log) 	n0*=stack(·,·)
TIMEOUT	w19:260	FVP exceeded job-timeout	n0*=_fft_r2c(L0,·,·,·)
SKIP	w23:229	fvp_runner rc=2: no out-*.bin produced (see /tmp/fvp_job_vowf7zlt/uart.log) 	n0*=zeros.out(·,·)
CRASH	w22:65	fvp_runner rc=5: >> building runner (cache miss): backend=cortex-m target=cortex-m55 ops=b0707b1a (shared SDK, no fetch) ... cortex-m runner build failed (see /tmp/fvp_job_g17bcakj/build.fail.log) 	n0*=linear(L0,L1,·)
SKIP	w23:286	fvp_runner rc=2: no out-*.bin produced (see /tmp/fvp_job_utrtd21o/uart.log) 	n0*=ones.out(·,·)
SKIP	w23:29	fvp_runner rc=2: 	n0*=_pdist_forward(L0,·)
MISMATCH	w23:291	out[0] max|delta|=1.929e+00 (rtol=0.01 atol=0.001)	n0*=fill.Scalar(L0,·)
SKIP	w23:254	fvp_runner rc=2: 	n0*=native_group_norm(L0,·,·,·,·,·,·,·)
SKIP	w23:257	fvp_runner rc=2: 	n0*=_pdist_forward(L0,·)
SKIP	w23:262	fvp_runner rc=2: no out-*.bin produced (see /tmp/fvp_job_o0e4hc1h/uart.log) 	n0*=arange.out(·,·)
TIMEOUT	w19:32	FVP exceeded job-timeout	n0*=_fft_r2c(L0,·,·,·)
SKIP	w23:295	fvp_runner rc=2: 	n0*=pixel_unshuffle(L0,·)
MISMATCH	w23:309	out[0] max|delta|=1.600e+01 (rtol=0.0 atol=0.0)	n0*=bitwise_right_shift.Tensor_Scalar(L0,·)
SKIP	w23:326	fvp_runner rc=2: no out-*.bin produced (see /tmp/fvp_job_yqq2auvy/uart.log) 	n0*=full.out(·,·,·)
SKIP	w23:34	fvp_runner rc=2: no out-*.bin produced (see /tmp/fvp_job_bmo7gze7/uart.log) 	n0*=arange.out(·,·)
SKIP	w23:369	fvp_runner rc=2: 	n0*=pixel_unshuffle(L0,·)
SKIP	w23:381	fvp_runner rc=2: 	n0*=scatter.value_out(L0,·,L1,·,·)
SKIP	w23:410	fvp_runner rc=2: 	n0*=where.self(L0,L1,L2)
SKIP	w23:41	fvp_runner rc=2: 	n0*=pixel_shuffle(L0,·)
TIMEOUT	w19:488	FVP exceeded job-timeout	n0*=_fft_r2c(L0,·,·,·)
MISMATCH	w23:427	out[0] max|delta|=2.306e+18 (rtol=0.0 atol=0.0)	n0*=bitwise_left_shift.Tensor_out(L0,L1,·)
SKIP	w23:439	fvp_runner rc=2: 	n0*=scatter.src_out(L0,·,L1,L2,·)
SKIP	w23:447	fvp_runner rc=2: no out-*.bin produced (see /tmp/fvp_job_9f9jbpag/uart.log) 	n0*=stack(·,·)
SKIP	w23:457	fvp_runner rc=2: no out-*.bin produced (see /tmp/fvp_job_fhrl4_my/uart.log) 	n0*=zeros.out(·,·)
SKIP	w23:485	fvp_runner rc=2: 	n0*=_pdist_forward(L0,·)
SKIP	w23:490	fvp_runner rc=2: no out-*.bin produced (see /tmp/fvp_job_lvd1gbwo/uart.log) 	n0*=arange.out(·,·)
SKIP	w23:497	fvp_runner rc=2: 	n0*=pixel_shuffle(L0,·)
SKIP	w23:514	fvp_runner rc=2: no out-*.bin produced (see /tmp/fvp_job_nalah860/uart.log) 	n0*=ones.out(·,·)
MISMATCH	w23:537	out[0] max|delta|=1.600e+01 (rtol=0.0 atol=0.0)	n0*=bitwise_right_shift.Tensor_Scalar(L0,·)
SKIP	w23:554	fvp_runner rc=2: no out-*.bin produced (see /tmp/fvp_job_u99hhy_e/uart.log) 	n0*=full.out(·,·,·)
SKIP	w23:58	fvp_runner rc=2: no out-*.bin produced (see /tmp/fvp_job_abj2kndj/uart.log) 	n0*=ones.out(·,·)
SKIP	w23:603	fvp_runner rc=2: no out-*.bin produced (see /tmp/fvp_job_7e58q5it/uart.log) 	n0*=arange.start_out(·,·,·,·)
CRASH	w23:314	fvp_runner rc=5: >> building runner (cache miss): backend=cortex-m target=cortex-m55 ops=b0707b1a (shared SDK, no fetch) ... cortex-m runner build failed (see /tmp/fvp_job_vgjim2ez/build.fail.log) 	n0*=linear.out(L0,L1,·,·)
TIMEOUT	w19:716	FVP exceeded job-timeout	n0*=_fft_r2c(L0,·,·,·)
SKIP	w23:675	fvp_runner rc=2: no out-*.bin produced (see /tmp/fvp_job_2lfah8lf/uart.log) 	n0*=stack(·,·)
SKIP	w23:628	fvp_runner rc=2: 	n0*=native_group_norm(L0,·,·,·,·,·,·,·)
SKIP	w23:623	fvp_runner rc=2: 	n0*=convolution(L0,L1,·,·,·,·,·,·,·)
MISMATCH	w23:660	out[0] max|delta|=2.599e-01 (rtol=0.01 atol=0.001)	n0*=index_put(L0,·,L1,·)
SKIP	w23:685	fvp_runner rc=2: no out-*.bin produced (see /tmp/fvp_job_q7w5ls0w/uart.log) 	n0*=zeros.out(·,·)
SKIP	w23:751	fvp_runner rc=2: 	n0*=pixel_unshuffle(L0,·)
SKIP	w23:725	fvp_runner rc=2: 	n0*=pixel_shuffle(L0,·)
SKIP	w24:116	fvp_runner rc=2: 	n0*=convolution(L0,L1,·,·,·,·,·,·,·)
MISMATCH	w23:81	out[0] max|delta|=2.000e+00 (rtol=0.0 atol=0.0)	n0*=bitwise_right_shift.Tensor_Scalar(L0,·)
MISMATCH	w23:93	out[0] max|delta|=3.090e+01 (rtol=0.01 atol=0.001)	n0*=floor_divide(L0,L1)
SKIP	w24:131	fvp_runner rc=2: 	n0*=where.self(L0,L1,L2)
MISMATCH	w24:153	out[0] max|delta|=2.599e-01 (rtol=0.01 atol=0.001)	n0*=index_put(L0,·,L1,·)
SKIP	w24:168	fvp_runner rc=2: no out-*.bin produced (see /tmp/fvp_job_d92shon1/uart.log) 	n0*=stack(·,·)
SKIP	w24:178	fvp_runner rc=2: no out-*.bin produced (see /tmp/fvp_job_idqbs2uj/uart.log) 	n0*=zeros.out(·,·)
SKIP	w24:179	fvp_runner rc=2: 	n0*=min.dim_min(L0,·,·,L1,L2)
TIMEOUT	w2:295	FVP exceeded job-timeout	n0*=_fft_r2c(L0,·,·,·)
SKIP	w24:218	fvp_runner rc=2: 	n0*=pixel_shuffle(L0,·)
SKIP	w24:235	fvp_runner rc=2: no out-*.bin produced (see /tmp/fvp_job_5wgligl_/uart.log) 	n0*=ones.out(·,·)
MISMATCH	w24:240	out[0] max|delta|=3.765e+00 (rtol=0.01 atol=0.001)	n0*=fill.Scalar(L0,·)
SKIP	w24:244	fvp_runner rc=2: 	n0*=pixel_unshuffle(L0,·)
SKIP	w24:275	fvp_runner rc=2: no out-*.bin produced (see /tmp/fvp_job_xn0wzk5u/uart.log) 	n0*=full.out(·,·,·)
CRASH	w23:683	fvp_runner rc=5: >> building runner (cache miss): backend=cortex-m target=cortex-m55 ops=b0707b1a (shared SDK, no fetch) ... cortex-m runner build failed (see /tmp/fvp_job_d4sttd_i/build.fail.log) 	n0*=linear(L0,L1,·)
MISMATCH	w24:303	out[0] max|delta|=9.500e+01 (rtol=0.0 atol=0.0)	n0*=bitwise_right_shift.Tensor_Scalar_out(L0,·,·)
MISMATCH	w24:319	out[0] max|delta|=1.000e+00 (rtol=0.01 atol=0.001)	n0*=remainder.Scalar_out(L0,·,·)
SKIP	w24:324	fvp_runner rc=2: no out-*.bin produced (see /tmp/fvp_job_rvkns7y2/uart.log) 	n0*=arange.start_out(·,·,·,·)
MISMATCH	w24:376	out[0] max|delta|=9.223e+18 (rtol=0.0 atol=0.0)	n0*=bitwise_left_shift.Tensor_out(L0,L1,·)
SKIP	w24:393	fvp_runner rc=2: 	n0*=topk.values(L0,·,·,·,·,L1,L2)
SKIP	w24:396	fvp_runner rc=2: no out-*.bin produced (see /tmp/fvp_job_r4r9iykz/uart.log) 	n0*=stack(·,·)
SKIP	w24:395	fvp_runner rc=2: 	n0*=copy(L0,L1,·)
SKIP	w24:406	fvp_runner rc=2: no out-*.bin produced (see /tmp/fvp_job_ak50copr/uart.log) 	n0*=zeros.out(·,·)
TIMEOUT	w2:523	FVP exceeded job-timeout	n0*=_fft_r2c(L0,·,·,·)
MISMATCH	w24:423	out[0] max|delta|=3.000e+00 (rtol=0.0 atol=0.0)	n0*=fmod.Scalar(L0,·)
SKIP	w24:424	fvp_runner rc=2: 	n0*=max.dim_max(L0,·,·,L1,L2)
SKIP	w24:434	fvp_runner rc=2: 	n0*=_pdist_forward(L0,·)
SKIP	w24:463	fvp_runner rc=2: no out-*.bin produced (see /tmp/fvp_job_sjfoh_ug/uart.log) 	n0*=ones.out(·,·)
SKIP	w24:47	fvp_runner rc=2: no out-*.bin produced (see /tmp/fvp_job_eoowph1d/uart.log) 	n0*=full.out(·,·,·)
MISMATCH	w24:468	out[0] max|delta|=2.392e+00 (rtol=0.01 atol=0.001)	n0*=fill.Scalar(L0,·)
SKIP	w24:472	fvp_runner rc=2: 	n0*=pixel_unshuffle(L0,·)
SKIP	w24:503	fvp_runner rc=2: no out-*.bin produced (see /tmp/fvp_job_q_fhbjof/uart.log) 	n0*=full.out(·,·,·)
SKIP	w24:519	fvp_runner rc=2: 	n0*=transpose_copy.int(L0,·,·)
SKIP	w24:527	fvp_runner rc=2: 	n0*=scatter_add.out(L0,·,L1,L2,·)
MISMATCH	w24:525	out[0] max|delta|=1.441e+17 (rtol=0.0 atol=0.0)	n0*=bitwise_left_shift.Tensor_Scalar(L0,·)
SKIP	w24:546	fvp_runner rc=2: 	n0*=pixel_unshuffle(L0,·)
SKIP	w24:552	fvp_runner rc=2: no out-*.bin produced (see /tmp/fvp_job_bkccu5v_/uart.log) 	n0*=arange.start_out(·,·,·,·)
TIMEOUT	w2:67	FVP exceeded job-timeout	n0*=_fft_r2c(L0,·,·,·)
SKIP	w24:635	fvp_runner rc=2: 	n0*=min.dim_min(L0,·,·,L1,L2)
CRASH	w24:35	fvp_runner rc=5: >> building runner (cache miss): backend=cortex-m target=cortex-m55 ops=28dc928b (shared SDK, no fetch) ... cortex-m runner build failed (see /tmp/fvp_job_ea_ce0oh/build.fail.log) 	n0*=linear.out(L0,L1,·,·)
TIMEOUT	w2:751	FVP exceeded job-timeout	n0*=_fft_r2c(L0,·,·,·)
CRASH	w24:176	fvp_runner rc=5: >> building runner (cache miss): backend=cortex-m target=cortex-m55 ops=b0707b1a (shared SDK, no fetch) ... cortex-m runner build failed (see /tmp/fvp_job_jvoy31_4/build.fail.log) 	n0*=linear(L0,L1,·)
SKIP	w24:674	fvp_runner rc=2: 	n0*=pixel_shuffle(L0,·)
SKIP	w24:624	fvp_runner rc=2: no out-*.bin produced (see /tmp/fvp_job_bc2ikrg1/uart.log) 	n0*=stack(·,·)
SKIP	w24:634	fvp_runner rc=2: no out-*.bin produced (see /tmp/fvp_job__eb6fkuo/uart.log) 	n0*=zeros.out(·,·)
SKIP	w24:667	fvp_runner rc=2: no out-*.bin produced (see /tmp/fvp_job_uxa030zr/uart.log) 	n0*=arange.out(·,·)
SKIP	w24:731	fvp_runner rc=2: no out-*.bin produced (see /tmp/fvp_job_2erjifzz/uart.log) 	n0*=full.out(·,·,·)
MISMATCH	w24:69	out[0] max|delta|=5.765e+17 (rtol=0.0 atol=0.0)	n0*=bitwise_left_shift.Tensor_Scalar(L0,·)
SKIP	w24:691	fvp_runner rc=2: no out-*.bin produced (see /tmp/fvp_job_j64v4t53/uart.log) 	n0*=ones.out(·,·)
SKIP	w24:7	fvp_runner rc=2: no out-*.bin produced (see /tmp/fvp_job_vau6_hv9/uart.log) 	n0*=ones.out(·,·)
SKIP	w24:700	fvp_runner rc=2: 	n0*=pixel_unshuffle(L0,·)
SKIP	w24:70	fvp_runner rc=2: 	n0*=pixel_shuffle(L0,·)
SKIP	w24:755	fvp_runner rc=2: 	n0*=scatter_add.out(L0,·,L1,L2,·)
SKIP	w24:780	fvp_runner rc=2: no out-*.bin produced (see /tmp/fvp_job_is5hb50d/uart.log) 	n0*=arange.start_out(·,·,·,·)
SKIP	w24:90	fvp_runner rc=2: 	n0*=pixel_unshuffle(L0,·)
SKIP	w24:96	fvp_runner rc=2: no out-*.bin produced (see /tmp/fvp_job_pd74bk1e/uart.log) 	n0*=arange.start_out(·,·,·,·)
TIMEOUT	w20:263	FVP exceeded job-timeout	n0*=_fft_r2c(L0,·,·,·)
SKIP	w25:121	fvp_runner rc=2: 	n0*=native_group_norm(L0,·,·,·,·,·,·,·)
SKIP	w25:124	fvp_runner rc=2: 	n0*=_pdist_forward(L0,·)
SKIP	w25:136	fvp_runner rc=2: 	n0*=pixel_shuffle(L0,·)
SKIP	w25:14	fvp_runner rc=2: no out-*.bin produced (see /tmp/fvp_job_y66zyexi/uart.log) 	n0*=arange.start_out(·,·,·,·)
MISMATCH	w25:176	out[0] max|delta|=2.000e+00 (rtol=0.0 atol=0.0)	n0*=bitwise_right_shift.Tensor_Scalar(L0,·)
SKIP	w25:193	fvp_runner rc=2: no out-*.bin produced (see /tmp/fvp_job_671saz_a/uart.log) 	n0*=full.out(·,·,·)
MISMATCH	w25:208	out[0] max|delta|=2.000e+00 (rtol=0.0 atol=0.0)	n0*=remainder.Scalar(L0,·)
SKIP	w25:216	fvp_runner rc=2: 	n0*=pixel_shuffle(L0,·)
SKIP	w25:217	fvp_runner rc=2: 	n0*=scatter_add.out(L0,·,L1,L2,·)
TIMEOUT	w20:35	FVP exceeded job-timeout	n0*=_fft_r2c(L0,·,·,·)
SKIP	w25:236	fvp_runner rc=2: 	n0*=pixel_unshuffle(L0,·)
SKIP	w25:242	fvp_runner rc=2: no out-*.bin produced (see /tmp/fvp_job__aa10r4h/uart.log) 	n0*=arange.start_out(·,·,·,·)
SKIP	w25:248	fvp_runner rc=2: 	n0*=scatter.value_out(L0,·,L1,·,·)
SKIP	w25:252	fvp_runner rc=2: 	n0*=permute_copy(L0,·)
CRASH	w24:632	fvp_runner rc=5: >> building runner (cache miss): backend=cortex-m target=cortex-m55 ops=b0707b1a (shared SDK, no fetch) ... cortex-m runner build failed (see /tmp/fvp_job_m66zgayp/build.fail.log) 	n0*=linear(L0,L1,·)
MISMATCH	w25:30	out[0] max|delta|=1.000e+00 (rtol=0.0 atol=0.0)	n0*=prod.int_out(L0,·,·,·,·)
SKIP	w25:311	fvp_runner rc=2: 	n0*=topk.values(L0,·,·,·,·,L1,L2)
SKIP	w25:314	fvp_runner rc=2: no out-*.bin produced (see /tmp/fvp_job_dt4nwk_t/uart.log) 	n0*=stack(·,·)
SKIP	w25:324	fvp_runner rc=2: no out-*.bin produced (see /tmp/fvp_job_13q74_ae/uart.log) 	n0*=zeros.out(·,·)
SKIP	w25:364	fvp_runner rc=2: 	n0*=pixel_shuffle(L0,·)
SKIP	w25:349	fvp_runner rc=2: 	n0*=native_group_norm(L0,·,·,·,·,·,·,·)
TIMEOUT	w20:491	FVP exceeded job-timeout	n0*=_fft_r2c(L0,·,·,·)
SKIP	w25:381	fvp_runner rc=2: no out-*.bin produced (see /tmp/fvp_job_zh4ly59o/uart.log) 	n0*=ones.out(·,·)
SKIP	w25:421	fvp_runner rc=2: no out-*.bin produced (see /tmp/fvp_job_gucnevg7/uart.log) 	n0*=full.out(·,·,·)
MISMATCH	w25:386	out[0] max|delta|=2.412e+00 (rtol=0.01 atol=0.001)	n0*=fill.Scalar(L0,·)
MISMATCH	w25:404	out[0] max|delta|=1.600e+01 (rtol=0.0 atol=0.0)	n0*=bitwise_right_shift.Tensor_Scalar(L0,·)
MISMATCH	w25:436	out[0] max|delta|=2.000e+00 (rtol=0.0 atol=0.0)	n0*=remainder.Scalar(L0,·)
SKIP	w25:444	fvp_runner rc=2: 	n0*=pixel_shuffle(L0,·)
MISMATCH	w25:443	out[0] max|delta|=2.306e+18 (rtol=0.0 atol=0.0)	n0*=bitwise_left_shift.Tensor_Scalar(L0,·)
SKIP	w25:445	fvp_runner rc=2: 	n0*=scatter_add.out(L0,·,L1,L2,·)
SKIP	w25:451	fvp_runner rc=2: 	n0*=expand_copy(L0,·,·)
SKIP	w25:464	fvp_runner rc=2: 	n0*=pixel_unshuffle(L0,·)
MISMATCH	w25:486	out[0] max|delta|=1.000e+00 (rtol=0.0 atol=0.0)	n0*=prod.int_out(L0,·,·,·,·)
MISMATCH	w25:522	out[0] max|delta|=4.800e+01 (rtol=0.01 atol=0.001)	n0*=bitwise_left_shift.Tensor_out(L0,L1,·)
SKIP	w25:542	fvp_runner rc=2: no out-*.bin produced (see /tmp/fvp_job_8rf19w3r/uart.log) 	n0*=stack(·,·)
SKIP	w25:552	fvp_runner rc=2: no out-*.bin produced (see /tmp/fvp_job_8ghymal1/uart.log) 	n0*=zeros.out(·,·)
SKIP	w25:585	fvp_runner rc=2: no out-*.bin produced (see /tmp/fvp_job_iy6mtsi7/uart.log) 	n0*=arange.out(·,·)
SKIP	w25:592	fvp_runner rc=2: 	n0*=pixel_shuffle(L0,·)
SKIP	w25:609	fvp_runner rc=2: no out-*.bin produced (see /tmp/fvp_job_wjrqvu0s/uart.log) 	n0*=ones.out(·,·)
MISMATCH	w25:614	out[0] max|delta|=2.871e+00 (rtol=0.01 atol=0.001)	n0*=fill.Scalar(L0,·)
TIMEOUT	w20:719	FVP exceeded job-timeout	n0*=_fft_r2c(L0,·,·,·)
MISMATCH	w25:632	out[0] max|delta|=6.400e+01 (rtol=0.0 atol=0.0)	n0*=bitwise_right_shift.Tensor_Scalar(L0,·)
SKIP	w25:649	fvp_runner rc=2: no out-*.bin produced (see /tmp/fvp_job_cnbagm24/uart.log) 	n0*=full.out(·,·,·)
SKIP	w25:672	fvp_runner rc=2: 	n0*=pixel_shuffle(L0,·)
MISMATCH	w25:671	out[0] max|delta|=7.206e+16 (rtol=0.0 atol=0.0)	n0*=bitwise_left_shift.Tensor_Scalar(L0,·)
CRASH	w25:409	fvp_runner rc=5: >> building runner (cache miss): backend=cortex-m target=cortex-m55 ops=b0707b1a (shared SDK, no fetch) ... cortex-m runner build failed (see /tmp/fvp_job_8ihuvhjp/build.fail.log) 	n0*=linear.out(L0,L1,·,·)
SKIP	w25:733	fvp_runner rc=2: 	n0*=where.self(L0,L1,L2)
MISMATCH	w25:751	out[0] max|delta|=1.270e+02 (rtol=0.01 atol=0.001)	n0*=div.out_mode(L0,L1,·,·)
MISMATCH	w25:750	out[0] max|delta|=4.800e+01 (rtol=0.01 atol=0.001)	n0*=bitwise_left_shift.Tensor_out(L0,L1,·)
MISMATCH	w25:755	out[0] max|delta|=2.599e-01 (rtol=0.01 atol=0.001)	n0*=index_put(L0,·,L1,·)
SKIP	w25:769	fvp_runner rc=2: 	n0*=copy(L0,L1,·)
SKIP	w25:770	fvp_runner rc=2: no out-*.bin produced (see /tmp/fvp_job_8k9f5ae6/uart.log) 	n0*=stack(·,·)
SKIP	w25:78	fvp_runner rc=2: 	n0*=scatter.src_out(L0,·,L1,L2,·)
SKIP	w25:86	fvp_runner rc=2: no out-*.bin produced (see /tmp/fvp_job_4xan75z8/uart.log) 	n0*=stack(·,·)
SKIP	w25:96	fvp_runner rc=2: no out-*.bin produced (see /tmp/fvp_job_eh_0_fe6/uart.log) 	n0*=zeros.out(·,·)
SKIP	w26:112	fvp_runner rc=2: 	n0*=convolution(L0,L1,·,·,·,·,·,·,·)
MISMATCH	w26:144	out[0] max|delta|=9.223e+18 (rtol=0.0 atol=0.0)	n0*=bitwise_left_shift.Tensor_out(L0,L1,·)
MISMATCH	w26:145	out[0] max|delta|=3.725e+01 (rtol=0.01 atol=0.001)	n0*=div.out_mode(L0,L1,·,·)
MISMATCH	w26:149	out[0] max|delta|=2.599e-01 (rtol=0.01 atol=0.001)	n0*=index_put(L0,·,L1,·)
SKIP	w26:156	fvp_runner rc=2: 	n0*=scatter.src_out(L0,·,L1,L2,·)
SKIP	w26:164	fvp_runner rc=2: no out-*.bin produced (see /tmp/fvp_job_huj784bv/uart.log) 	n0*=stack(·,·)
MISMATCH	w26:208	out[0] max|delta|=3.420e-01 (rtol=0.01 atol=0.001)	n0*=fmod.Tensor_out(L0,L1,·)
TIMEOUT	w21:285	FVP exceeded job-timeout	n0*=_fft_r2c(L0,·,·,·)
MISMATCH	w26:26	out[0] max|delta|=6.400e+01 (rtol=0.0 atol=0.0)	n0*=bitwise_right_shift.Tensor_Scalar(L0,·)
SKIP	w26:271	fvp_runner rc=2: no out-*.bin produced (see /tmp/fvp_job_57s66v5n/uart.log) 	n0*=full.out(·,·,·)
MISMATCH	w26:254	out[0] max|delta|=6.400e+01 (rtol=0.0 atol=0.0)	n0*=bitwise_right_shift.Tensor_Scalar(L0,·)
SKIP	w26:3	fvp_runner rc=2: no out-*.bin produced (see /tmp/fvp_job_313_t2ea/uart.log) 	n0*=ones.out(·,·)
SKIP	w26:295	fvp_runner rc=2: 	n0*=scatter_add.out(L0,·,L1,L2,·)
SKIP	w26:320	fvp_runner rc=2: no out-*.bin produced (see /tmp/fvp_job_69jy2r4l/uart.log) 	n0*=arange.start_out(·,·,·,·)
SKIP	w26:402	fvp_runner rc=2: no out-*.bin produced (see /tmp/fvp_job_8txurzer/uart.log) 	n0*=zeros.out(·,·)
SKIP	w26:384	fvp_runner rc=2: 	n0*=scatter.src_out(L0,·,L1,L2,·)
SKIP	w26:392	fvp_runner rc=2: no out-*.bin produced (see /tmp/fvp_job_6y35fenj/uart.log) 	n0*=stack(·,·)
SKIP	w26:391	fvp_runner rc=2: 	n0*=copy(L0,L1,·)
CRASH	w25:94	fvp_runner rc=5: >> building runner (cache miss): backend=cortex-m target=cortex-m55 ops=b0707b1a (shared SDK, no fetch) ... cortex-m runner build failed (see /tmp/fvp_job_s3i0eqpv/build.fail.log) 	n0*=linear(L0,L1,·)
TIMEOUT	w21:513	FVP exceeded job-timeout	n0*=_fft_r2c(L0,·,·,·)
SKIP	w26:459	fvp_runner rc=2: no out-*.bin produced (see /tmp/fvp_job_a3mrn_6b/uart.log) 	n0*=ones.out(·,·)
SKIP	w26:43	fvp_runner rc=2: no out-*.bin produced (see /tmp/fvp_job_qq2j8x3l/uart.log) 	n0*=full.out(·,·,·)
SKIP	w26:430	fvp_runner rc=2: 	n0*=_pdist_forward(L0,·)
SKIP	w26:442	fvp_runner rc=2: 	n0*=pixel_shuffle(L0,·)
TIMEOUT	w21:57	FVP exceeded job-timeout	n0*=_fft_r2c(L0,·,·,·)
MISMATCH	w26:482	out[0] max|delta|=1.600e+01 (rtol=0.0 atol=0.0)	n0*=bitwise_right_shift.Tensor_Scalar(L0,·)
MISMATCH	w26:491	out[0] max|delta|=1.000e+00 (rtol=0.0 atol=0.0)	n0*=logical_xor(L0,L1)
SKIP	w26:499	fvp_runner rc=2: no out-*.bin produced (see /tmp/fvp_job_xldb9001/uart.log) 	n0*=full.out(·,·,·)
MISMATCH	w26:514	out[0] max|delta|=5.000e+00 (rtol=0.0 atol=0.0)	n0*=remainder.Scalar(L0,·)
SKIP	w26:542	fvp_runner rc=2: 	n0*=pixel_unshuffle(L0,·)
SKIP	w26:548	fvp_runner rc=2: no out-*.bin produced (see /tmp/fvp_job_0z6hj3n4/uart.log) 	n0*=arange.start_out(·,·,·,·)
SKIP	w26:558	fvp_runner rc=2: 	n0*=permute_copy(L0,·)
MISMATCH	w26:58	out[0] max|delta|=3.000e+00 (rtol=0.0 atol=0.0)	n0*=remainder.Scalar(L0,·)
MISMATCH	w26:597	out[0] max|delta|=4.612e+18 (rtol=0.0 atol=0.0)	n0*=bitwise_left_shift.Tensor_Scalar_out(L0,·,·)
MISMATCH	w26:601	out[0] max|delta|=1.270e+02 (rtol=0.01 atol=0.001)	n0*=div.out_mode(L0,L1,·,·)
MISMATCH	w26:605	out[0] max|delta|=2.599e-01 (rtol=0.01 atol=0.001)	n0*=index_put(L0,·,L1,·)
SKIP	w26:663	fvp_runner rc=2: no out-*.bin produced (see /tmp/fvp_job_4ykvq8lr/uart.log) 	n0*=arange.out(·,·)
TIMEOUT	w21:741	FVP exceeded job-timeout	n0*=_fft_r2c(L0,·,·,·)
SKIP	w26:670	fvp_runner rc=2: 	n0*=pixel_shuffle(L0,·)
SKIP	w26:619	fvp_runner rc=2: 	n0*=copy(L0,L1,·)
SKIP	w26:630	fvp_runner rc=2: no out-*.bin produced (see /tmp/fvp_job_te18sbpw/uart.log) 	n0*=zeros.out(·,·)
MISMATCH	w26:678	out[0] max|delta|=1.465e+00 (rtol=0.01 atol=0.001)	n0*=max_pool2d_with_indices_backward.grad_input(L0,L1,·,·,·,·,·,L2,L3)
SKIP	w26:655	fvp_runner rc=2: 	n0*=native_group_norm(L0,·,·,·,·,·,·,·)
SKIP	w26:658	fvp_runner rc=2: 	n0*=_pdist_forward(L0,·)
SKIP	w26:67	fvp_runner rc=2: 	n0*=scatter_add.out(L0,·,L1,L2,·)
SKIP	w26:687	fvp_runner rc=2: no out-*.bin produced (see /tmp/fvp_job_4sv2ords/uart.log) 	n0*=ones.out(·,·)
SKIP	w26:750	fvp_runner rc=2: 	n0*=pixel_shuffle(L0,·)
MISMATCH	w26:710	out[0] max|delta|=1.024e+03 (rtol=0.0 atol=0.0)	n0*=bitwise_right_shift.Tensor_Scalar(L0,·)
SKIP	w26:727	fvp_runner rc=2: no out-*.bin produced (see /tmp/fvp_job_hvsa99yr/uart.log) 	n0*=full.out(·,·,·)
MISMATCH	w26:742	out[0] max|delta|=8.000e+00 (rtol=0.0 atol=0.0)	n0*=remainder.Scalar(L0,·)
SKIP	w26:751	fvp_runner rc=2: 	n0*=scatter_add.out(L0,·,L1,L2,·)
TIMEOUT	w22:123	FVP exceeded job-timeout	n0*=_fft_r2c(L0,·,·,·)
SKIP	w27:104	fvp_runner rc=2: 	n0*=pixel_shuffle(L0,·)
SKIP	w26:757	fvp_runner rc=2: 	n0*=expand_copy(L0,·,·)
MISMATCH	w27:112	out[0] max|delta|=2.040e+00 (rtol=0.01 atol=0.001)	n0*=max_pool2d_with_indices_backward.grad_input(L0,L1,·,·,·,·,·,L2,L3)
SKIP	w26:770	fvp_runner rc=2: 	n0*=pixel_unshuffle(L0,·)
SKIP	w26:776	fvp_runner rc=2: no out-*.bin produced (see /tmp/fvp_job_26mwmm7d/uart.log) 	n0*=arange.start_out(·,·,·,·)
MISMATCH	w26:8	out[0] max|delta|=3.733e+00 (rtol=0.01 atol=0.001)	n0*=fill.Scalar(L0,·)
SKIP	w26:86	fvp_runner rc=2: 	n0*=pixel_unshuffle(L0,·)
MISMATCH	w26:87	out[0] max|delta|=7.000e+00 (rtol=0.0 atol=0.0)	n0*=remainder.Scalar_out(L0,·,·)
SKIP	w27:185	fvp_runner rc=2: 	n0*=scatter_add.out(L0,·,L1,L2,·)
SKIP	w27:204	fvp_runner rc=2: 	n0*=pixel_unshuffle(L0,·)
SKIP	w27:210	fvp_runner rc=2: no out-*.bin produced (see /tmp/fvp_job_x7hlihlc/uart.log) 	n0*=arange.start_out(·,·,·,·)
MISMATCH	w27:220	out[0] max|delta|=3.236e+00 (rtol=0.01 atol=0.001)	n0*=permute_copy(L0,·)
SKIP	w27:235	fvp_runner rc=2: 	n0*=native_group_norm(L0,·,·,·,·,·,·,·)
SKIP	w27:238	fvp_runner rc=2: 	n0*=minimum.out(L0,L1,·)
TIMEOUT	w22:351	FVP exceeded job-timeout	n0*=_fft_r2c(L0,·,·,·)
SKIP	w27:320	fvp_runner rc=2: 	n0*=_pdist_forward(L0,·)
MISMATCH	w27:324	out[0] max|delta|=2.300e+01 (rtol=0.0 atol=0.0)	n0*=bitwise_right_shift.Tensor_out(L0,L1,·)
MISMATCH	w27:262	out[0] max|delta|=4.800e+01 (rtol=0.01 atol=0.001)	n0*=bitwise_left_shift.Tensor_out(L0,L1,·)
MISMATCH	w27:263	out[0] max|delta|=1.270e+02 (rtol=0.01 atol=0.001)	n0*=div.out_mode(L0,L1,·,·)
SKIP	w27:325	fvp_runner rc=2: no out-*.bin produced (see /tmp/fvp_job_trpcqzha/uart.log) 	n0*=arange.out(·,·)
SKIP	w27:281	fvp_runner rc=2: 	n0*=copy(L0,L1,·)
SKIP	w27:282	fvp_runner rc=2: no out-*.bin produced (see /tmp/fvp_job_4mbzxfe2/uart.log) 	n0*=stack(·,·)
MISMATCH	w27:31	out[0] max|delta|=9.223e+18 (rtol=0.0 atol=0.0)	n0*=bitwise_left_shift.Tensor_Scalar_out(L0,·,·)
SKIP	w27:332	fvp_runner rc=2: 	n0*=pixel_shuffle(L0,·)
MISMATCH	w27:340	out[0] max|delta|=1.110e+00 (rtol=0.01 atol=0.001)	n0*=max_pool2d_with_indices_backward.grad_input(L0,L1,·,·,·,·,·,L2,L3)
SKIP	w27:349	fvp_runner rc=2: no out-*.bin produced (see /tmp/fvp_job_h1fbq5_i/uart.log) 	n0*=ones.out(·,·)
MISMATCH	w27:354	out[0] max|delta|=2.412e+00 (rtol=0.01 atol=0.001)	n0*=fill.Scalar(L0,·)
SKIP	w27:389	fvp_runner rc=2: no out-*.bin produced (see /tmp/fvp_job_gh97aqkd/uart.log) 	n0*=full.out(·,·,·)
MISMATCH	w27:384	out[0] max|delta|=1.990e+02 (rtol=0.01 atol=0.001)	n0*=floor_divide(L0,L1)
MISMATCH	w27:404	out[0] max|delta|=2.000e+00 (rtol=0.0 atol=0.0)	n0*=remainder.Scalar(L0,·)
SKIP	w27:463	fvp_runner rc=2: 	n0*=native_group_norm(L0,·,·,·,·,·,·,·)
SKIP	w27:413	fvp_runner rc=2: 	n0*=scatter_add.out(L0,·,L1,L2,·)
SKIP	w27:419	fvp_runner rc=2: 	n0*=expand_copy(L0,·,·)
MISMATCH	w27:433	out[0] max|delta|=8.000e+00 (rtol=0.0 atol=0.0)	n0*=remainder.Scalar_out(L0,·,·)
MISMATCH	w27:495	out[0] max|delta|=2.599e-01 (rtol=0.01 atol=0.001)	n0*=index_put(L0,·,L1,·)
SKIP	w27:502	fvp_runner rc=2: 	n0*=scatter.src_out(L0,·,L1,L2,·)
SKIP	w27:509	fvp_runner rc=2: 	n0*=copy(L0,L1,·)
SKIP	w27:510	fvp_runner rc=2: no out-*.bin produced (see /tmp/fvp_job_du1jqltx/uart.log) 	n0*=stack(·,·)
SKIP	w27:520	fvp_runner rc=2: no out-*.bin produced (see /tmp/fvp_job_1_cpbop0/uart.log) 	n0*=zeros.out(·,·)
MISMATCH	w27:536	out[0] max|delta|=4.000e+00 (rtol=0.0 atol=0.0)	n0*=remainder.Tensor_out(L0,L1,·)
SKIP	w27:54	fvp_runner rc=2: no out-*.bin produced (see /tmp/fvp_job_r9unu_wt/uart.log) 	n0*=stack(·,·)
TIMEOUT	w22:579	FVP exceeded job-timeout	n0*=_fft_r2c(L0,·,·,·)
SKIP	w27:553	fvp_runner rc=2: no out-*.bin produced (see /tmp/fvp_job_c1jwxpm9/uart.log) 	n0*=arange.out(·,·)
SKIP	w27:577	fvp_runner rc=2: no out-*.bin produced (see /tmp/fvp_job_yozkg1tl/uart.log) 	n0*=ones.out(·,·)
MISMATCH	w27:582	out[0] max|delta|=1.471e+00 (rtol=0.01 atol=0.001)	n0*=fill.Scalar(L0,·)
MISMATCH	w27:600	out[0] max|delta|=7.670e+02 (rtol=0.0 atol=0.0)	n0*=bitwise_right_shift.Tensor_Scalar(L0,·)
CRASH	w27:290	fvp_runner rc=5: >> building runner (cache miss): backend=cortex-m target=cortex-m55 ops=b0707b1a (shared SDK, no fetch) ... cortex-m runner build failed (see /tmp/fvp_job_qdwqocm8/build.fail.log) 	n0*=linear(L0,L1,·)
SKIP	w27:617	fvp_runner rc=2: no out-*.bin produced (see /tmp/fvp_job_v43nyw42/uart.log) 	n0*=full.out(·,·,·)
MISMATCH	w27:632	out[0] max|delta|=7.000e+00 (rtol=0.0 atol=0.0)	n0*=remainder.Scalar(L0,·)
MISMATCH	w27:639	out[0] max|delta|=1.441e+17 (rtol=0.0 atol=0.0)	n0*=bitwise_left_shift.Tensor_Scalar(L0,·)
SKIP	w27:641	fvp_runner rc=2: 	n0*=scatter_add.out(L0,·,L1,L2,·)
SKIP	w27:64	fvp_runner rc=2: no out-*.bin produced (see /tmp/fvp_job_njq4eawj/uart.log) 	n0*=zeros.out(·,·)
SKIP	w27:647	fvp_runner rc=2: 	n0*=expand_copy(L0,·,·)
SKIP	w27:666	fvp_runner rc=2: no out-*.bin produced (see /tmp/fvp_job_5ewc3k7a/uart.log) 	n0*=arange.start_out(·,·,·,·)
SKIP	w27:738	fvp_runner rc=2: no out-*.bin produced (see /tmp/fvp_job_k5ld17uk/uart.log) 	n0*=stack(·,·)
SKIP	w27:748	fvp_runner rc=2: no out-*.bin produced (see /tmp/fvp_job_4h73uvrh/uart.log) 	n0*=zeros.out(·,·)
SKIP	w27:7	fvp_runner rc=2: 	n0*=native_group_norm(L0,·,·,·,·,·,·,·)
SKIP	w27:701	fvp_runner rc=2: 	n0*=where.self(L0,L1,L2)
SKIP	w27:737	fvp_runner rc=2: 	n0*=copy(L0,L1,·)
SKIP	w27:776	fvp_runner rc=2: 	n0*=_pdist_forward(L0,·)
MISMATCH	w27:81	out[0] max|delta|=3.000e+00 (rtol=0.0 atol=0.0)	n0*=fmod.Scalar(L0,·)
SKIP	w27:92	fvp_runner rc=2: 	n0*=_pdist_forward(L0,·)
MISMATCH	w27:96	out[0] max|delta|=2.300e+01 (rtol=0.0 atol=0.0)	n0*=bitwise_right_shift.Tensor_out(L0,L1,·)
SKIP	w27:97	fvp_runner rc=2: no out-*.bin produced (see /tmp/fvp_job_2b8r3uim/uart.log) 	n0*=arange.out(·,·)
SKIP	w28:120	fvp_runner rc=2: 	n0*=native_group_norm(L0,·,·,·,·,·,·,·)
SKIP	w28:15	fvp_runner rc=2: 	n0*=pixel_unshuffle(L0,·)
MISMATCH	w28:152	out[0] max|delta|=2.599e-01 (rtol=0.01 atol=0.001)	n0*=index_put(L0,·,L1,·)
SKIP	w28:167	fvp_runner rc=2: no out-*.bin produced (see /tmp/fvp_job_4r1h4s3l/uart.log) 	n0*=stack(·,·)
SKIP	w28:177	fvp_runner rc=2: no out-*.bin produced (see /tmp/fvp_job_vmlln7sj/uart.log) 	n0*=zeros.out(·,·)
SKIP	w28:205	fvp_runner rc=2: 	n0*=_pdist_forward(L0,·)
SKIP	w28:210	fvp_runner rc=2: no out-*.bin produced (see /tmp/fvp_job_vgq61jg9/uart.log) 	n0*=arange.out(·,·)
SKIP	w28:217	fvp_runner rc=2: 	n0*=pixel_shuffle(L0,·)
CRASH	w27:62	fvp_runner rc=5: >> building runner (cache miss): backend=cortex-m target=cortex-m55 ops=b0707b1a (shared SDK, no fetch) ... cortex-m runner build failed (see /tmp/fvp_job__j78xg3b/build.fail.log) 	n0*=linear(L0,L1,·)
MISMATCH	w28:239	out[0] max|delta|=9.804e-01 (rtol=0.01 atol=0.001)	n0*=fill.Scalar(L0,·)
SKIP	w28:243	fvp_runner rc=2: 	n0*=pixel_unshuffle(L0,·)
TIMEOUT	w23:285	FVP exceeded job-timeout	n0*=_fft_r2c(L0,·,·,·)
SKIP	w28:274	fvp_runner rc=2: no out-*.bin produced (see /tmp/fvp_job_3i3oxisx/uart.log) 	n0*=full.out(·,·,·)
SKIP	w28:304	fvp_runner rc=2: 	n0*=expand_copy(L0,·,·)
SKIP	w28:317	fvp_runner rc=2: 	n0*=pixel_unshuffle(L0,·)
SKIP	w28:323	fvp_runner rc=2: no out-*.bin produced (see /tmp/fvp_job_ei7g7ig6/uart.log) 	n0*=arange.start_out(·,·,·,·)
SKIP	w28:348	fvp_runner rc=2: 	n0*=native_group_norm(L0,·,·,·,·,·,·,·)
MISMATCH	w28:375	out[0] max|delta|=4.800e+01 (rtol=0.01 atol=0.001)	n0*=bitwise_left_shift.Tensor_out(L0,L1,·)
MISMATCH	w28:380	out[0] max|delta|=2.599e-01 (rtol=0.01 atol=0.001)	n0*=index_put(L0,·,L1,·)
SKIP	w28:387	fvp_runner rc=2: 	n0*=scatter.src_out(L0,·,L1,L2,·)
SKIP	w28:395	fvp_runner rc=2: no out-*.bin produced (see /tmp/fvp_job_f7ezb8h8/uart.log) 	n0*=stack(·,·)
SKIP	w28:405	fvp_runner rc=2: no out-*.bin produced (see /tmp/fvp_job_6bmgun7e/uart.log) 	n0*=zeros.out(·,·)
MISMATCH	w28:407	out[0] max|delta|=1.280e+02 (rtol=0.01 atol=0.001)	n0*=logit(L0,·)
SKIP	w28:433	fvp_runner rc=2: 	n0*=_pdist_forward(L0,·)
SKIP	w28:438	fvp_runner rc=2: no out-*.bin produced (see /tmp/fvp_job_3dz4yk79/uart.log) 	n0*=arange.out(·,·)
SKIP	w28:445	fvp_runner rc=2: 	n0*=pixel_shuffle(L0,·)
SKIP	w28:462	fvp_runner rc=2: no out-*.bin produced (see /tmp/fvp_job_vo7ye6yq/uart.log) 	n0*=ones.out(·,·)
SKIP	w28:46	fvp_runner rc=2: no out-*.bin produced (see /tmp/fvp_job_7lipy8lu/uart.log) 	n0*=full.out(·,·,·)
MISMATCH	w28:467	out[0] max|delta|=2.392e+00 (rtol=0.01 atol=0.001)	n0*=fill.Scalar(L0,·)
TIMEOUT	w23:513	FVP exceeded job-timeout	n0*=_fft_r2c(L0,·,·,·)
SKIP	w28:525	fvp_runner rc=2: 	n0*=pixel_shuffle(L0,·)
SKIP	w28:532	fvp_runner rc=2: 	n0*=expand_copy(L0,·,·)
MISMATCH	w28:535	out[0] max|delta|=2.147e+09 (rtol=0.0 atol=0.0)	n0*=pow.Scalar_out(·,L0,·)
SKIP	w28:551	fvp_runner rc=2: no out-*.bin produced (see /tmp/fvp_job_fsme4m9f/uart.log) 	n0*=arange.start_out(·,·,·,·)
TIMEOUT	w23:57	FVP exceeded job-timeout	n0*=_fft_r2c(L0,·,·,·)
SKIP	w28:579	fvp_runner rc=2: 	n0*=minimum.out(L0,L1,·)
MISMATCH	w28:586	out[0] max|delta|=3.888e+00 (rtol=0.01 atol=0.001)	n0*=where.self(L0,L1,L2)
SKIP	w28:6	fvp_runner rc=2: no out-*.bin produced (see /tmp/fvp_job_8lxvlvnm/uart.log) 	n0*=ones.out(·,·)
MISMATCH	w28:603	out[0] max|delta|=2.306e+18 (rtol=0.0 atol=0.0)	n0*=bitwise_left_shift.Tensor_out(L0,L1,·)
MISMATCH	w28:608	out[0] max|delta|=2.599e-01 (rtol=0.01 atol=0.001)	n0*=index_put(L0,·,L1,·)
CRASH	w28:175	fvp_runner rc=5: >> building runner (cache miss): backend=cortex-m target=cortex-m55 ops=b0707b1a (shared SDK, no fetch) ... cortex-m runner build failed (see /tmp/fvp_job_a0f5yvg5/build.fail.log) 	n0*=linear(L0,L1,·)
SKIP	w28:623	fvp_runner rc=2: no out-*.bin produced (see /tmp/fvp_job_eml00d4f/uart.log) 	n0*=stack(·,·)
SKIP	w28:633	fvp_runner rc=2: no out-*.bin produced (see /tmp/fvp_job_as3o5h5x/uart.log) 	n0*=zeros.out(·,·)
SKIP	w28:661	fvp_runner rc=2: 	n0*=_pdist_forward(L0,·)
SKIP	w28:666	fvp_runner rc=2: no out-*.bin produced (see /tmp/fvp_job_ithly25u/uart.log) 	n0*=arange.out(·,·)
SKIP	w28:690	fvp_runner rc=2: no out-*.bin produced (see /tmp/fvp_job_4hj3fviw/uart.log) 	n0*=ones.out(·,·)
MISMATCH	w28:695	out[0] max|delta|=2.871e+00 (rtol=0.01 atol=0.001)	n0*=fill.Scalar(L0,·)
SKIP	w28:760	fvp_runner rc=2: 	n0*=expand_copy(L0,·,·)
TIMEOUT	w23:741	FVP exceeded job-timeout	n0*=_fft_r2c(L0,·,·,·)
MISMATCH	w28:714	out[0] max|delta|=3.367e+02 (rtol=0.01 atol=0.001)	n0*=floor_divide.out(L0,L1,·)
SKIP	w28:730	fvp_runner rc=2: no out-*.bin produced (see /tmp/fvp_job_3kashq70/uart.log) 	n0*=full.out(·,·,·)
SKIP	w28:753	fvp_runner rc=2: 	n0*=pixel_shuffle(L0,·)
SKIP	w28:773	fvp_runner rc=2: 	n0*=pixel_unshuffle(L0,·)
MISMATCH	w29:121	out[0] max|delta|=1.280e+02 (rtol=0.01 atol=0.001)	n0*=mul.out(L0,L1,·)
SKIP	w28:779	fvp_runner rc=2: no out-*.bin produced (see /tmp/fvp_job_l86p1aud/uart.log) 	n0*=arange.start_out(·,·,·,·)
SKIP	w28:89	fvp_runner rc=2: 	n0*=pixel_unshuffle(L0,·)
SKIP	w28:95	fvp_runner rc=2: no out-*.bin produced (see /tmp/fvp_job_o0ujtxin/uart.log) 	n0*=arange.start_out(·,·,·,·)
SKIP	w28:96	fvp_runner rc=2: 	n0*=gather.out(L0,·,L1,·,·)
SKIP	w29:1	fvp_runner rc=2: 	n0*=pixel_unshuffle(L0,·)
MISMATCH	w29:133	out[0] max|delta|=4.800e+01 (rtol=0.01 atol=0.001)	n0*=bitwise_left_shift.Tensor_out(L0,L1,·)
SKIP	w29:150	fvp_runner rc=2: 	n0*=topk.values(L0,·,·,·,·,L1,L2)
SKIP	w29:153	fvp_runner rc=2: no out-*.bin produced (see /tmp/fvp_job_p3b2mdje/uart.log) 	n0*=stack(·,·)
SKIP	w29:163	fvp_runner rc=2: no out-*.bin produced (see /tmp/fvp_job_uq1fhkce/uart.log) 	n0*=zeros.out(·,·)
SKIP	w29:164	fvp_runner rc=2: 	n0*=min.dim_min(L0,·,·,L1,L2)
SKIP	w29:191	fvp_runner rc=2: 	n0*=_pdist_forward(L0,·)
SKIP	w29:203	fvp_runner rc=2: 	n0*=pixel_shuffle(L0,·)
SKIP	w29:220	fvp_runner rc=2: no out-*.bin produced (see /tmp/fvp_job_dflgtryf/uart.log) 	n0*=ones.out(·,·)
TIMEOUT	w24:234	FVP exceeded job-timeout	n0*=_fft_r2c(L0,·,·,·)
CRASH	w28:403	fvp_runner rc=5: >> building runner (cache miss): backend=cortex-m target=cortex-m55 ops=b0707b1a (shared SDK, no fetch) ... cortex-m runner build failed (see /tmp/fvp_job_t1yp7yqt/build.fail.log) 	n0*=linear(L0,L1,·)
SKIP	w29:260	fvp_runner rc=2: no out-*.bin produced (see /tmp/fvp_job_ulbkia27/uart.log) 	n0*=full.out(·,·,·)
SKIP	w29:32	fvp_runner rc=2: no out-*.bin produced (see /tmp/fvp_job_i8asihrv/uart.log) 	n0*=full.out(·,·,·)
SKIP	w29:378	fvp_runner rc=2: 	n0*=topk.values(L0,·,·,·,·,L1,L2)
SKIP	w29:380	fvp_runner rc=2: 	n0*=copy(L0,L1,·)
SKIP	w29:381	fvp_runner rc=2: no out-*.bin produced (see /tmp/fvp_job_02xmhv4t/uart.log) 	n0*=stack(·,·)
SKIP	w29:344	fvp_runner rc=2: 	n0*=where.self(L0,L1,L2)
MISMATCH	w29:366	out[0] max|delta|=2.599e-01 (rtol=0.01 atol=0.001)	n0*=index_put(L0,·,L1,·)
SKIP	w29:448	fvp_runner rc=2: no out-*.bin produced (see /tmp/fvp_job_gq_axjkj/uart.log) 	n0*=ones.out(·,·)
SKIP	w29:391	fvp_runner rc=2: no out-*.bin produced (see /tmp/fvp_job_uf_8ly8s/uart.log) 	n0*=zeros.out(·,·)
SKIP	w29:419	fvp_runner rc=2: 	n0*=_pdist_forward(L0,·)
MISMATCH	w29:423	out[0] max|delta|=2.300e+01 (rtol=0.0 atol=0.0)	n0*=bitwise_right_shift.Tensor_out(L0,L1,·)
SKIP	w29:424	fvp_runner rc=2: no out-*.bin produced (see /tmp/fvp_job_5dgjn78w/uart.log) 	n0*=arange.out(·,·)
MISMATCH	w29:453	out[0] max|delta|=2.412e+00 (rtol=0.01 atol=0.001)	n0*=fill.Scalar(L0,·)
TIMEOUT	w24:462	FVP exceeded job-timeout	n0*=_fft_r2c(L0,·,·,·)
MISMATCH	w29:471	out[0] max|delta|=6.400e+01 (rtol=0.0 atol=0.0)	n0*=bitwise_right_shift.Tensor_Scalar(L0,·)
MISMATCH	w29:47	out[0] max|delta|=6.000e+00 (rtol=0.0 atol=0.0)	n0*=remainder.Scalar(L0,·)
SKIP	w29:488	fvp_runner rc=2: no out-*.bin produced (see /tmp/fvp_job_xhfis5w8/uart.log) 	n0*=full.out(·,·,·)
MISMATCH	w29:510	out[0] max|delta|=5.765e+17 (rtol=0.0 atol=0.0)	n0*=bitwise_left_shift.Tensor_Scalar(L0,·)
SKIP	w29:518	fvp_runner rc=2: 	n0*=expand_copy(L0,·,·)
SKIP	w29:537	fvp_runner rc=2: no out-*.bin produced (see /tmp/fvp_job_3npyckf8/uart.log) 	n0*=arange.start_out(·,·,·,·)
TIMEOUT	w24:6	FVP exceeded job-timeout	n0*=_fft_r2c(L0,·,·,·)
SKIP	w29:609	fvp_runner rc=2: no out-*.bin produced (see /tmp/fvp_job_nlot86ze/uart.log) 	n0*=stack(·,·)
SKIP	w29:619	fvp_runner rc=2: no out-*.bin produced (see /tmp/fvp_job_pok9604x/uart.log) 	n0*=zeros.out(·,·)
SKIP	w29:620	fvp_runner rc=2: 	n0*=min.dim_min(L0,·,·,L1,L2)
SKIP	w29:652	fvp_runner rc=2: no out-*.bin produced (see /tmp/fvp_job_6acdyql9/uart.log) 	n0*=arange.out(·,·)
MISMATCH	w29:651	out[0] max|delta|=2.300e+01 (rtol=0.0 atol=0.0)	n0*=bitwise_right_shift.Tensor_out(L0,L1,·)
MISMATCH	w29:667	out[0] max|delta|=1.249e+00 (rtol=0.01 atol=0.001)	n0*=max_pool2d_with_indices_backward.grad_input(L0,L1,·,·,·,·,·,L2,L3)
SKIP	w29:676	fvp_runner rc=2: no out-*.bin produced (see /tmp/fvp_job_9hsitl7i/uart.log) 	n0*=ones.out(·,·)
SKIP	w29:716	fvp_runner rc=2: no out-*.bin produced (see /tmp/fvp_job_xiutegqc/uart.log) 	n0*=full.out(·,·,·)
MISMATCH	w29:731	out[0] max|delta|=4.000e+00 (rtol=0.0 atol=0.0)	n0*=remainder.Scalar(L0,·)
TIMEOUT	w24:690	FVP exceeded job-timeout	n0*=_fft_r2c(L0,·,·,·)
MISMATCH	w29:738	out[0] max|delta|=7.206e+16 (rtol=0.0 atol=0.0)	n0*=bitwise_left_shift.Tensor_Scalar(L0,·)
SKIP	w29:746	fvp_runner rc=2: 	n0*=expand_copy(L0,·,·)
SKIP	w29:75	fvp_runner rc=2: 	n0*=pixel_unshuffle(L0,·)
SKIP	w29:759	fvp_runner rc=2: 	n0*=pixel_unshuffle(L0,·)
SKIP	w29:765	fvp_runner rc=2: no out-*.bin produced (see /tmp/fvp_job_uy9lqs5f/uart.log) 	n0*=arange.start_out(·,·,·,·)
CRASH	w29:476	fvp_runner rc=5: >> building runner (cache miss): backend=cortex-m target=cortex-m55 ops=28dc928b (shared SDK, no fetch) ... cortex-m runner build failed (see /tmp/fvp_job_zngl66f2/build.fail.log) 	n0*=linear.out(L0,L1,·,·)
MISMATCH	w3:105	out[0] max|delta|=9.995e-01 (rtol=0.01 atol=0.001)	n0*=remainder.Tensor_out(L0,L1,·)
MISMATCH	w3:106	out[0] max|delta|=4.000e+00 (rtol=0.0 atol=0.0)	n0*=fmod.Scalar(L0,·)
SKIP	w3:117	fvp_runner rc=2: 	n0*=_pdist_forward(L0,·)
SKIP	w3:17	fvp_runner rc=2: 	n0*=permute_copy(L0,·)
TIMEOUT	w25:152	FVP exceeded job-timeout	n0*=_fft_r2c(L0,·,·,·)
SKIP	w3:186	fvp_runner rc=2: no out-*.bin produced (see /tmp/fvp_job_4zjyc3v9/uart.log) 	n0*=full.out(·,·,·)
MISMATCH	w3:208	out[0] max|delta|=9.223e+18 (rtol=0.0 atol=0.0)	n0*=bitwise_left_shift.Tensor_Scalar(L0,·)
SKIP	w3:210	fvp_runner rc=2: 	n0*=scatter_add.out(L0,·,L1,L2,·)
SKIP	w3:270	fvp_runner rc=2: 	n0*=where.self(L0,L1,L2)
MISMATCH	w3:292	out[0] max|delta|=2.599e-01 (rtol=0.01 atol=0.001)	n0*=index_put(L0,·,L1,·)
MISMATCH	w3:287	out[0] max|delta|=4.800e+01 (rtol=0.01 atol=0.001)	n0*=bitwise_left_shift.Tensor_out(L0,L1,·)
SKIP	w3:304	fvp_runner rc=2: 	n0*=topk.values(L0,·,·,·,·,L1,L2)
SKIP	w3:307	fvp_runner rc=2: no out-*.bin produced (see /tmp/fvp_job_9xu3cr2k/uart.log) 	n0*=stack(·,·)
SKIP	w3:317	fvp_runner rc=2: no out-*.bin produced (see /tmp/fvp_job__62o_dqj/uart.log) 	n0*=zeros.out(·,·)
MISMATCH	w3:365	out[0] max|delta|=1.645e+00 (rtol=0.01 atol=0.001)	n0*=max_pool2d_with_indices_backward.grad_input(L0,L1,·,·,·,·,·,L2,L3)
SKIP	w3:374	fvp_runner rc=2: no out-*.bin produced (see /tmp/fvp_job_4x5ncvqa/uart.log) 	n0*=ones.out(·,·)
MISMATCH	w3:387	out[0] max|delta|=1.681e-02 (rtol=0.01 atol=0.001)	n0*=_upsample_bilinear2d_aa.out(L0,·,·,·,·,·)
MISMATCH	w3:397	out[0] max|delta|=1.600e+01 (rtol=0.0 atol=0.0)	n0*=bitwise_right_shift.Tensor_Scalar(L0,·)
MISMATCH	w3:398	out[0] max|delta|=1.990e+02 (rtol=0.01 atol=0.001)	n0*=floor_divide.out(L0,L1,·)
SKIP	w3:414	fvp_runner rc=2: no out-*.bin produced (see /tmp/fvp_job_0x4i43lh/uart.log) 	n0*=full.out(·,·,·)
MISMATCH	w3:429	out[0] max|delta|=2.000e+00 (rtol=0.0 atol=0.0)	n0*=remainder.Scalar(L0,·)
TIMEOUT	w25:380	FVP exceeded job-timeout	n0*=_fft_r2c(L0,·,·,·)
SKIP	w3:437	fvp_runner rc=2: 	n0*=pixel_shuffle(L0,·)
SKIP	w3:438	fvp_runner rc=2: 	n0*=scatter_add.out(L0,·,L1,L2,·)
SKIP	w3:463	fvp_runner rc=2: no out-*.bin produced (see /tmp/fvp_job_7t8uc0u1/uart.log) 	n0*=arange.start_out(·,·,·,·)
SKIP	w3:488	fvp_runner rc=2: 	n0*=native_group_norm(L0,·,·,·,·,·,·,·)
CRASH	w3:174	fvp_runner rc=5: >> building runner (cache miss): backend=cortex-m target=cortex-m55 ops=28dc928b (shared SDK, no fetch) ... cortex-m runner build failed (see /tmp/fvp_job_bnlzcnj_/build.fail.log) 	n0*=linear.out(L0,L1,·,·)
SKIP	w3:535	fvp_runner rc=2: no out-*.bin produced (see /tmp/fvp_job_mhpnz8nf/uart.log) 	n0*=stack(·,·)
SKIP	w3:573	fvp_runner rc=2: 	n0*=_pdist_forward(L0,·)
SKIP	w3:578	fvp_runner rc=2: no out-*.bin produced (see /tmp/fvp_job_qj7m2fd_/uart.log) 	n0*=arange.out(·,·)
MISMATCH	w3:607	out[0] max|delta|=2.847e+00 (rtol=0.01 atol=0.001)	n0*=fill.Scalar(L0,·)
CRASH	w3:315	fvp_runner rc=5: >> building runner (cache miss): backend=cortex-m target=cortex-m55 ops=b0707b1a (shared SDK, no fetch) ... cortex-m runner build failed (see /tmp/fvp_job_zqp8s3he/build.fail.log) 	n0*=linear(L0,L1,·)
TIMEOUT	w25:608	FVP exceeded job-timeout	n0*=_fft_r2c(L0,·,·,·)
MISMATCH	w3:64	out[0] max|delta|=2.599e-01 (rtol=0.01 atol=0.001)	n0*=index_put(L0,·,L1,·)
SKIP	w3:642	fvp_runner rc=2: no out-*.bin produced (see /tmp/fvp_job_ep6eev9l/uart.log) 	n0*=full.out(·,·,·)
MISMATCH	w3:657	out[0] max|delta|=5.000e+00 (rtol=0.0 atol=0.0)	n0*=remainder.Scalar(L0,·)
SKIP	w3:763	fvp_runner rc=2: no out-*.bin produced (see /tmp/fvp_job__wzjj26y/uart.log) 	n0*=stack(·,·)
SKIP	w3:726	fvp_runner rc=2: 	n0*=where.self(L0,L1,L2)
MISMATCH	w3:748	out[0] max|delta|=8.090e-01 (rtol=0.01 atol=0.001)	n0*=index_put(L0,·,L1,·)
SKIP	w3:773	fvp_runner rc=2: no out-*.bin produced (see /tmp/fvp_job_4usa_he6/uart.log) 	n0*=zeros.out(·,·)
SKIP	w30:111	fvp_runner rc=2: no out-*.bin produced (see /tmp/fvp_job_mlk2rjmi/uart.log) 	n0*=arange.out(·,·)
SKIP	w30:118	fvp_runner rc=2: 	n0*=pixel_shuffle(L0,·)
SKIP	w3:79	fvp_runner rc=2: no out-*.bin produced (see /tmp/fvp_job_iu8q6o4b/uart.log) 	n0*=stack(·,·)
SKIP	w30:106	fvp_runner rc=2: 	n0*=_pdist_forward(L0,·)
SKIP	w30:135	fvp_runner rc=2: no out-*.bin produced (see /tmp/fvp_job_53q8m737/uart.log) 	n0*=ones.out(·,·)
MISMATCH	w30:203	out[0] max|delta|=9.500e+01 (rtol=0.0 atol=0.0)	n0*=bitwise_right_shift.Tensor_Scalar_out(L0,·,·)
MISMATCH	w30:140	out[0] max|delta|=1.945e+00 (rtol=0.01 atol=0.001)	n0*=fill.Scalar(L0,·)
SKIP	w30:175	fvp_runner rc=2: no out-*.bin produced (see /tmp/fvp_job_hbcw0jdk/uart.log) 	n0*=full.out(·,·,·)
SKIP	w30:191	fvp_runner rc=2: 	n0*=transpose_copy.int(L0,·,·)
SKIP	w30:198	fvp_runner rc=2: 	n0*=pixel_shuffle(L0,·)
SKIP	w30:259	fvp_runner rc=2: 	n0*=where.self(L0,L1,L2)
SKIP	w30:21	fvp_runner rc=2: 	n0*=native_group_norm(L0,·,·,·,·,·,·,·)
TIMEOUT	w26:2	FVP exceeded job-timeout	n0*=_fft_r2c(L0,·,·,·)
MISMATCH	w30:234	out[0] max|delta|=8.359e-01 (rtol=0.01 atol=0.001)	n0*=permute_copy(L0,·)
MISMATCH	w30:24	out[0] max|delta|=1.658e+00 (rtol=0.01 atol=0.001)	n0*=minimum.out(L0,L1,·)
TIMEOUT	w26:230	FVP exceeded job-timeout	n0*=_fft_r2c(L0,·,·,·)
MISMATCH	w30:276	out[0] max|delta|=4.800e+01 (rtol=0.01 atol=0.001)	n0*=bitwise_left_shift.Tensor_out(L0,L1,·)
SKIP	w30:293	fvp_runner rc=2: 	n0*=topk.values(L0,·,·,·,·,L1,L2)
SKIP	w30:296	fvp_runner rc=2: no out-*.bin produced (see /tmp/fvp_job_egmj7uj_/uart.log) 	n0*=stack(·,·)
SKIP	w30:339	fvp_runner rc=2: no out-*.bin produced (see /tmp/fvp_job_amn7loiw/uart.log) 	n0*=arange.out(·,·)
SKIP	w30:346	fvp_runner rc=2: 	n0*=pixel_shuffle(L0,·)
SKIP	w30:363	fvp_runner rc=2: no out-*.bin produced (see /tmp/fvp_job_fbm3simv/uart.log) 	n0*=ones.out(·,·)
SKIP	w30:372	fvp_runner rc=2: 	n0*=pixel_unshuffle(L0,·)
SKIP	w30:403	fvp_runner rc=2: no out-*.bin produced (see /tmp/fvp_job_sxau408f/uart.log) 	n0*=full.out(·,·,·)
MISMATCH	w30:418	out[0] max|delta|=6.000e+00 (rtol=0.0 atol=0.0)	n0*=remainder.Scalar(L0,·)
SKIP	w30:426	fvp_runner rc=2: 	n0*=pixel_shuffle(L0,·)
SKIP	w30:433	fvp_runner rc=2: 	n0*=expand_copy(L0,·,·)
SKIP	w30:452	fvp_runner rc=2: no out-*.bin produced (see /tmp/fvp_job_xr9m6kgk/uart.log) 	n0*=arange.start_out(·,·,·,·)
MISMATCH	w30:48	out[0] max|delta|=2.306e+18 (rtol=0.0 atol=0.0)	n0*=bitwise_left_shift.Tensor_out(L0,L1,·)
TIMEOUT	w26:458	FVP exceeded job-timeout	n0*=_fft_r2c(L0,·,·,·)
SKIP	w30:487	fvp_runner rc=2: 	n0*=where.self(L0,L1,L2)
SKIP	w30:523	fvp_runner rc=2: 	n0*=copy(L0,L1,·)
SKIP	w30:524	fvp_runner rc=2: no out-*.bin produced (see /tmp/fvp_job_yrtmqut1/uart.log) 	n0*=stack(·,·)
SKIP	w30:534	fvp_runner rc=2: no out-*.bin produced (see /tmp/fvp_job_zhvy9s3a/uart.log) 	n0*=zeros.out(·,·)
SKIP	w30:552	fvp_runner rc=2: 	n0*=max.dim_max(L0,·,·,L1,L2)
SKIP	w30:559	fvp_runner rc=2: 	n0*=native_group_norm(L0,·,·,·,·,·,·,·)
SKIP	w30:562	fvp_runner rc=2: 	n0*=_pdist_forward(L0,·)
SKIP	w30:567	fvp_runner rc=2: no out-*.bin produced (see /tmp/fvp_job_00yyu856/uart.log) 	n0*=arange.out(·,·)
SKIP	w30:574	fvp_runner rc=2: 	n0*=pixel_shuffle(L0,·)
SKIP	w30:591	fvp_runner rc=2: no out-*.bin produced (see /tmp/fvp_job_eaq7ujal/uart.log) 	n0*=ones.out(·,·)
SKIP	w30:600	fvp_runner rc=2: 	n0*=pixel_unshuffle(L0,·)
MISMATCH	w30:614	out[0] max|delta|=2.560e+02 (rtol=0.0 atol=0.0)	n0*=bitwise_right_shift.Tensor_Scalar(L0,·)
SKIP	w30:65	fvp_runner rc=2: 	n0*=topk.values(L0,·,·,·,·,L1,L2)
MISMATCH	w30:653	out[0] max|delta|=9.223e+18 (rtol=0.0 atol=0.0)	n0*=bitwise_left_shift.Tensor_Scalar(L0,·)
SKIP	w30:67	fvp_runner rc=2: 	n0*=copy(L0,L1,·)
CRASH	w30:391	fvp_runner rc=5: >> building runner (cache miss): backend=cortex-m target=cortex-m55 ops=28dc928b (shared SDK, no fetch) ... cortex-m runner build failed (see /tmp/fvp_job_g346sple/build.fail.log) 	n0*=linear.out(L0,L1,·,·)
SKIP	w30:674	fvp_runner rc=2: 	n0*=pixel_unshuffle(L0,·)
SKIP	w30:68	fvp_runner rc=2: no out-*.bin produced (see /tmp/fvp_job_cx2_wzl2/uart.log) 	n0*=stack(·,·)
SKIP	w30:686	fvp_runner rc=2: 	n0*=scatter.value_out(L0,·,L1,·,·)
SKIP	w30:690	fvp_runner rc=2: 	n0*=permute_copy(L0,·)
TIMEOUT	w26:686	FVP exceeded job-timeout	n0*=_fft_r2c(L0,·,·,·)
SKIP	w30:752	fvp_runner rc=2: no out-*.bin produced (see /tmp/fvp_job_m_mk4xmq/uart.log) 	n0*=stack(·,·)
SKIP	w30:78	fvp_runner rc=2: no out-*.bin produced (see /tmp/fvp_job_f9g32jgl/uart.log) 	n0*=zeros.out(·,·)
CRASH	w30:532	fvp_runner rc=5: >> building runner (cache miss): backend=cortex-m target=cortex-m55 ops=b0707b1a (shared SDK, no fetch) ... cortex-m runner build failed (see /tmp/fvp_job_h8dww_08/build.fail.log) 	n0*=linear(L0,L1,·)
SKIP	w31:14	fvp_runner rc=2: 	n0*=pixel_unshuffle(L0,·)
SKIP	w31:104	fvp_runner rc=2: 	n0*=permute_copy(L0,·)
SKIP	w31:129	fvp_runner rc=2: 	n0*=where.self(L0,L1,L2)
TIMEOUT	w27:120	FVP exceeded job-timeout	n0*=_fft_r2c(L0,·,·,·)
SKIP	w31:158	fvp_runner rc=2: 	n0*=scatter.src_out(L0,·,L1,L2,·)
SKIP	w31:163	fvp_runner rc=2: 	n0*=topk.values(L0,·,·,·,·,L1,L2)
SKIP	w31:165	fvp_runner rc=2: 	n0*=copy(L0,L1,·)
SKIP	w31:166	fvp_runner rc=2: no out-*.bin produced (see /tmp/fvp_job_cjcs96sp/uart.log) 	n0*=stack(·,·)
SKIP	w31:176	fvp_runner rc=2: no out-*.bin produced (see /tmp/fvp_job_atqs83_j/uart.log) 	n0*=zeros.out(·,·)
SKIP	w31:177	fvp_runner rc=2: 	n0*=min.dim_min(L0,·,·,L1,L2)
MISMATCH	w31:208	out[0] max|delta|=2.300e+01 (rtol=0.0 atol=0.0)	n0*=bitwise_right_shift.Tensor_out(L0,L1,·)
SKIP	w31:209	fvp_runner rc=2: no out-*.bin produced (see /tmp/fvp_job_mx0y98e6/uart.log) 	n0*=arange.out(·,·)
SKIP	w31:216	fvp_runner rc=2: 	n0*=pixel_shuffle(L0,·)
MISMATCH	w31:256	out[0] max|delta|=3.200e+01 (rtol=0.0 atol=0.0)	n0*=bitwise_right_shift.Tensor_Scalar(L0,·)
MISMATCH	w31:262	out[0] max|delta|=1.511e+00 (rtol=0.01 atol=0.001)	n0*=unbind_copy.int(L0,·)
SKIP	w31:273	fvp_runner rc=2: no out-*.bin produced (see /tmp/fvp_job_i4gfz2y7/uart.log) 	n0*=full.out(·,·,·)
MISMATCH	w31:28	out[0] max|delta|=6.400e+01 (rtol=0.0 atol=0.0)	n0*=bitwise_right_shift.Tensor_Scalar(L0,·)
SKIP	w31:297	fvp_runner rc=2: 	n0*=scatter_add.out(L0,·,L1,L2,·)
SKIP	w31:303	fvp_runner rc=2: 	n0*=expand_copy(L0,·,·)
SKIP	w31:322	fvp_runner rc=2: no out-*.bin produced (see /tmp/fvp_job_w3qandrc/uart.log) 	n0*=arange.start_out(·,·,·,·)
CRASH	w30:619	fvp_runner rc=5: >> building runner (cache miss): backend=cortex-m target=cortex-m55 ops=28dc928b (shared SDK, no fetch) ... cortex-m runner build failed (see /tmp/fvp_job_7ngbrlfe/build.fail.log) 	n0*=linear.out(L0,L1,·,·)
SKIP	w31:357	fvp_runner rc=2: 	n0*=where.self(L0,L1,L2)
TIMEOUT	w27:348	FVP exceeded job-timeout	n0*=_fft_r2c(L0,·,·,·)
MISMATCH	w31:371	out[0] max|delta|=2.306e+18 (rtol=0.0 atol=0.0)	n0*=bitwise_left_shift.Tensor_Scalar_out(L0,·,·)
MISMATCH	w31:379	out[0] max|delta|=2.599e-01 (rtol=0.01 atol=0.001)	n0*=index_put(L0,·,L1,·)
SKIP	w31:393	fvp_runner rc=2: 	n0*=copy(L0,L1,·)
SKIP	w31:394	fvp_runner rc=2: no out-*.bin produced (see /tmp/fvp_job_ymqtb1r2/uart.log) 	n0*=stack(·,·)
SKIP	w31:429	fvp_runner rc=2: 	n0*=native_group_norm(L0,·,·,·,·,·,·,·)
SKIP	w31:45	fvp_runner rc=2: no out-*.bin produced (see /tmp/fvp_job_efndzncy/uart.log) 	n0*=full.out(·,·,·)
MISMATCH	w31:452	out[0] max|delta|=1.594e+00 (rtol=0.01 atol=0.001)	n0*=max_pool2d_with_indices_backward.grad_input(L0,L1,·,·,·,·,·,L2,L3)
MISMATCH	w31:466	out[0] max|delta|=9.882e-01 (rtol=0.01 atol=0.001)	n0*=fill.Scalar(L0,·)
SKIP	w31:5	fvp_runner rc=2: no out-*.bin produced (see /tmp/fvp_job_q7r1wb6m/uart.log) 	n0*=ones.out(·,·)
CRASH	w31:174	fvp_runner rc=5: >> building runner (cache miss): backend=cortex-m target=cortex-m55 ops=b0707b1a (shared SDK, no fetch) ... cortex-m runner build failed (see /tmp/fvp_job_sp8h_029/build.fail.log) 	n0*=linear(L0,L1,·)
SKIP	w31:501	fvp_runner rc=2: no out-*.bin produced (see /tmp/fvp_job_v1mc0uaj/uart.log) 	n0*=full.out(·,·,·)
SKIP	w31:524	fvp_runner rc=2: 	n0*=pixel_shuffle(L0,·)
SKIP	w31:544	fvp_runner rc=2: 	n0*=pixel_unshuffle(L0,·)
SKIP	w31:550	fvp_runner rc=2: no out-*.bin produced (see /tmp/fvp_job_nyo7ogq9/uart.log) 	n0*=arange.start_out(·,·,·,·)
TIMEOUT	w27:576	FVP exceeded job-timeout	n0*=_fft_r2c(L0,·,·,·)
MISMATCH	w31:607	out[0] max|delta|=2.599e-01 (rtol=0.01 atol=0.001)	n0*=index_put(L0,·,L1,·)
SKIP	w31:621	fvp_runner rc=2: 	n0*=copy(L0,L1,·)
SKIP	w31:622	fvp_runner rc=2: no out-*.bin produced (see /tmp/fvp_job_hccei67q/uart.log) 	n0*=stack(·,·)
SKIP	w31:632	fvp_runner rc=2: no out-*.bin produced (see /tmp/fvp_job_19g9nnex/uart.log) 	n0*=zeros.out(·,·)
SKIP	w31:657	fvp_runner rc=2: 	n0*=native_group_norm(L0,·,·,·,·,·,·,·)
SKIP	w31:689	fvp_runner rc=2: no out-*.bin produced (see /tmp/fvp_job_golq81qz/uart.log) 	n0*=ones.out(·,·)
MISMATCH	w31:694	out[0] max|delta|=1.945e+00 (rtol=0.01 atol=0.001)	n0*=fill.Scalar(L0,·)
SKIP	w31:698	fvp_runner rc=2: 	n0*=pixel_unshuffle(L0,·)
CRASH	w31:33	fvp_runner rc=5: >> building runner (cache miss): backend=cortex-m target=cortex-m55 ops=28dc928b (shared SDK, no fetch) ... cortex-m runner build failed (see /tmp/fvp_job_z9thvdxh/build.fail.log) 	n0*=linear.out(L0,L1,·,·)
MISMATCH	w31:712	out[0] max|delta|=8.000e+00 (rtol=0.0 atol=0.0)	n0*=bitwise_right_shift.Tensor_Scalar(L0,·)
SKIP	w31:729	fvp_runner rc=2: no out-*.bin produced (see /tmp/fvp_job_56byumv1/uart.log) 	n0*=full.out(·,·,·)
SKIP	w31:75	fvp_runner rc=2: 	n0*=expand_copy(L0,·,·)
SKIP	w31:94	fvp_runner rc=2: no out-*.bin produced (see /tmp/fvp_job_ftfxnjxi/uart.log) 	n0*=arange.start_out(·,·,·,·)
MISMATCH	w32:102	out[0] max|delta|=4.000e+00 (rtol=0.0 atol=0.0)	n0*=bitwise_right_shift.Tensor_Scalar(L0,·)
SKIP	w32:12	fvp_runner rc=2: no out-*.bin produced (see /tmp/fvp_job_fjz26pmc/uart.log) 	n0*=stack(·,·)
MISMATCH	w32:141	out[0] max|delta|=4.612e+18 (rtol=0.0 atol=0.0)	n0*=bitwise_left_shift.Tensor_Scalar(L0,·)
SKIP	w32:162	fvp_runner rc=2: 	n0*=pixel_unshuffle(L0,·)
MISMATCH	w32:220	out[0] max|delta|=4.800e+01 (rtol=0.01 atol=0.001)	n0*=bitwise_left_shift.Tensor_out(L0,L1,·)
TIMEOUT	w28:233	FVP exceeded job-timeout	n0*=_fft_r2c(L0,·,·,·)
MISMATCH	w32:225	out[0] max|delta|=2.599e-01 (rtol=0.01 atol=0.001)	n0*=index_put(L0,·,L1,·)
SKIP	w32:232	fvp_runner rc=2: 	n0*=scatter.src_out(L0,·,L1,L2,·)
CRASH	w31:630	fvp_runner rc=5: >> building runner (cache miss): backend=cortex-m target=cortex-m55 ops=b0707b1a (shared SDK, no fetch) ... cortex-m runner build failed (see /tmp/fvp_job_zwp5u1ck/build.fail.log) 	n0*=linear(L0,L1,·)
SKIP	w32:237	fvp_runner rc=2: 	n0*=topk.values(L0,·,·,·,·,L1,L2)
SKIP	w32:239	fvp_runner rc=2: 	n0*=copy(L0,L1,·)
SKIP	w32:240	fvp_runner rc=2: no out-*.bin produced (see /tmp/fvp_job_izgyuohs/uart.log) 	n0*=stack(·,·)
SKIP	w32:283	fvp_runner rc=2: no out-*.bin produced (see /tmp/fvp_job_4olgvwex/uart.log) 	n0*=arange.out(·,·)
SKIP	w32:275	fvp_runner rc=2: 	n0*=native_group_norm(L0,·,·,·,·,·,·,·)
SKIP	w32:290	fvp_runner rc=2: 	n0*=pixel_shuffle(L0,·)
SKIP	w32:307	fvp_runner rc=2: no out-*.bin produced (see /tmp/fvp_job_dr_uoa7v/uart.log) 	n0*=ones.out(·,·)
SKIP	w32:316	fvp_runner rc=2: 	n0*=pixel_unshuffle(L0,·)
MISMATCH	w32:330	out[0] max|delta|=2.000e+00 (rtol=0.0 atol=0.0)	n0*=bitwise_right_shift.Tensor_Scalar(L0,·)
SKIP	w32:347	fvp_runner rc=2: no out-*.bin produced (see /tmp/fvp_job_12p_fhnm/uart.log) 	n0*=full.out(·,·,·)
SKIP	w32:371	fvp_runner rc=2: 	n0*=scatter_add.out(L0,·,L1,L2,·)
SKIP	w32:377	fvp_runner rc=2: 	n0*=expand_copy(L0,·,·)
MISMATCH	w32:412	out[0] max|delta|=1.000e+00 (rtol=0.0 atol=0.0)	n0*=prod.int_out(L0,·,·,·,·)
CRASH	w32:107	fvp_runner rc=5: >> building runner (cache miss): backend=cortex-m target=cortex-m55 ops=28dc928b (shared SDK, no fetch) ... cortex-m runner build failed (see /tmp/fvp_job_v0skbzav/build.fail.log) 	n0*=linear.out(L0,L1,·,·)
SKIP	w32:431	fvp_runner rc=2: 	n0*=where.self(L0,L1,L2)
SKIP	w32:496	fvp_runner rc=2: 	n0*=max.dim_max(L0,·,·,L1,L2)
MISMATCH	w32:453	out[0] max|delta|=2.599e-01 (rtol=0.01 atol=0.001)	n0*=index_put(L0,·,L1,·)
SKIP	w32:50	fvp_runner rc=2: 	n0*=_pdist_forward(L0,·)
SKIP	w32:468	fvp_runner rc=2: no out-*.bin produced (see /tmp/fvp_job_nhfw2of3/uart.log) 	n0*=stack(·,·)
SKIP	w32:478	fvp_runner rc=2: no out-*.bin produced (see /tmp/fvp_job_dgzh7ed3/uart.log) 	n0*=zeros.out(·,·)
TIMEOUT	w28:461	FVP exceeded job-timeout	n0*=_fft_r2c(L0,·,·,·)
SKIP	w32:503	fvp_runner rc=2: 	n0*=native_group_norm(L0,·,·,·,·,·,·,·)
MISMATCH	w32:494	out[0] max|delta|=9.995e-01 (rtol=0.01 atol=0.001)	n0*=remainder.Tensor_out(L0,L1,·)
SKIP	w32:575	fvp_runner rc=2: no out-*.bin produced (see /tmp/fvp_job_3v566q05/uart.log) 	n0*=full.out(·,·,·)
SKIP	w32:535	fvp_runner rc=2: no out-*.bin produced (see /tmp/fvp_job_ouv4e5be/uart.log) 	n0*=ones.out(·,·)
TIMEOUT	w28:5	FVP exceeded job-timeout	n0*=_fft_r2c(L0,·,·,·)
MISMATCH	w32:558	out[0] max|delta|=1.280e+02 (rtol=0.0 atol=0.0)	n0*=bitwise_right_shift.Tensor_Scalar(L0,·)
SKIP	w32:598	fvp_runner rc=2: 	n0*=pixel_shuffle(L0,·)
SKIP	w32:62	fvp_runner rc=2: 	n0*=pixel_shuffle(L0,·)
SKIP	w32:624	fvp_runner rc=2: no out-*.bin produced (see /tmp/fvp_job_zi09o34l/uart.log) 	n0*=arange.start_out(·,·,·,·)
MISMATCH	w32:640	out[0] max|delta|=1.000e+00 (rtol=0.0 atol=0.0)	n0*=prod.int_out(L0,·,·,·,·)
SKIP	w32:707	fvp_runner rc=2: 	n0*=min.dim_min(L0,·,·,L1,L2)
SKIP	w32:659	fvp_runner rc=2: 	n0*=where.self(L0,L1,L2)
MISMATCH	w32:676	out[0] max|delta|=2.306e+18 (rtol=0.0 atol=0.0)	n0*=bitwise_left_shift.Tensor_out(L0,L1,·)
MISMATCH	w32:681	out[0] max|delta|=2.599e-01 (rtol=0.01 atol=0.001)	n0*=index_put(L0,·,L1,·)
SKIP	w32:696	fvp_runner rc=2: no out-*.bin produced (see /tmp/fvp_job_tuq_isir/uart.log) 	n0*=stack(·,·)
SKIP	w32:695	fvp_runner rc=2: 	n0*=copy(L0,L1,·)
SKIP	w32:706	fvp_runner rc=2: no out-*.bin produced (see /tmp/fvp_job_isohsdaw/uart.log) 	n0*=zeros.out(·,·)
SKIP	w32:731	fvp_runner rc=2: 	n0*=native_group_norm(L0,·,·,·,·,·,·,·)
SKIP	w32:734	fvp_runner rc=2: 	n0*=_pdist_forward(L0,·)
SKIP	w32:739	fvp_runner rc=2: no out-*.bin produced (see /tmp/fvp_job_m49ehjgs/uart.log) 	n0*=arange.out(·,·)
TIMEOUT	w28:689	FVP exceeded job-timeout	n0*=_fft_r2c(L0,·,·,·)
SKIP	w32:763	fvp_runner rc=2: no out-*.bin produced (see /tmp/fvp_job_ysg230tw/uart.log) 	n0*=ones.out(·,·)
MISMATCH	w32:768	out[0] max|delta|=1.471e+00 (rtol=0.01 atol=0.001)	n0*=fill.Scalar(L0,·)
SKIP	w32:79	fvp_runner rc=2: no out-*.bin produced (see /tmp/fvp_job_oxonepl9/uart.log) 	n0*=ones.out(·,·)
MISMATCH	w32:84	out[0] max|delta|=1.929e+00 (rtol=0.01 atol=0.001)	n0*=fill.Scalar(L0,·)
SKIP	w33:104	fvp_runner rc=2: 	n0*=pixel_shuffle(L0,·)
SKIP	w33:105	fvp_runner rc=2: 	n0*=scatter_add.out(L0,·,L1,L2,·)
SKIP	w33:111	fvp_runner rc=2: 	n0*=expand_copy(L0,·,·)
SKIP	w33:130	fvp_runner rc=2: no out-*.bin produced (see /tmp/fvp_job_vswtzy3q/uart.log) 	n0*=arange.start_out(·,·,·,·)
CRASH	w32:563	fvp_runner rc=5: >> building runner (cache miss): backend=cortex-m target=cortex-m55 ops=b0707b1a (shared SDK, no fetch) ... cortex-m runner build failed (see /tmp/fvp_job_xen_zwav/build.fail.log) 	n0*=linear.out(L0,L1,·,·)
SKIP	w33:155	fvp_runner rc=2: 	n0*=native_group_norm(L0,·,·,·,·,·,·,·)
SKIP	w33:165	fvp_runner rc=2: 	n0*=where.self(L0,L1,L2)
MISMATCH	w33:182	out[0] max|delta|=4.800e+01 (rtol=0.01 atol=0.001)	n0*=bitwise_left_shift.Tensor_out(L0,L1,·)
MISMATCH	w33:187	out[0] max|delta|=2.599e-01 (rtol=0.01 atol=0.001)	n0*=index_put(L0,·,L1,·)
MISMATCH	w33:183	out[0] max|delta|=1.689e+02 (rtol=0.01 atol=0.001)	n0*=div.out_mode(L0,L1,·,·)
SKIP	w33:194	fvp_runner rc=2: 	n0*=scatter.src_out(L0,·,L1,L2,·)
SKIP	w33:245	fvp_runner rc=2: no out-*.bin produced (see /tmp/fvp_job_0l6crik7/uart.log) 	n0*=arange.out(·,·)
SKIP	w33:201	fvp_runner rc=2: 	n0*=copy(L0,L1,·)
SKIP	w33:202	fvp_runner rc=2: no out-*.bin produced (see /tmp/fvp_job_hc6sik8l/uart.log) 	n0*=stack(·,·)
SKIP	w33:269	fvp_runner rc=2: no out-*.bin produced (see /tmp/fvp_job_mfmmx2_s/uart.log) 	n0*=ones.out(·,·)
SKIP	w33:213	fvp_runner rc=2: 	n0*=min.dim_min(L0,·,·,L1,L2)
MISMATCH	w33:228	out[0] max|delta|=9.995e-01 (rtol=0.01 atol=0.001)	n0*=remainder.Tensor_out(L0,L1,·)
SKIP	w33:237	fvp_runner rc=2: 	n0*=native_group_norm(L0,·,·,·,·,·,·,·)
SKIP	w33:24	fvp_runner rc=2: 	n0*=pixel_shuffle(L0,·)
SKIP	w33:252	fvp_runner rc=2: 	n0*=pixel_shuffle(L0,·)
TIMEOUT	w29:219	FVP exceeded job-timeout	n0*=_fft_r2c(L0,·,·,·)
SKIP	w33:309	fvp_runner rc=2: no out-*.bin produced (see /tmp/fvp_job_k76wlkj8/uart.log) 	n0*=full.out(·,·,·)
SKIP	w33:332	fvp_runner rc=2: 	n0*=pixel_shuffle(L0,·)
SKIP	w33:352	fvp_runner rc=2: 	n0*=pixel_unshuffle(L0,·)
SKIP	w33:358	fvp_runner rc=2: no out-*.bin produced (see /tmp/fvp_job_k3bmk13t/uart.log) 	n0*=arange.start_out(·,·,·,·)
SKIP	w33:393	fvp_runner rc=2: 	n0*=where.self(L0,L1,L2)
SKIP	w33:41	fvp_runner rc=2: no out-*.bin produced (see /tmp/fvp_job_6l81dygt/uart.log) 	n0*=ones.out(·,·)
SKIP	w33:429	fvp_runner rc=2: 	n0*=copy(L0,L1,·)
SKIP	w33:430	fvp_runner rc=2: no out-*.bin produced (see /tmp/fvp_job_xfqgogqm/uart.log) 	n0*=stack(·,·)
SKIP	w33:440	fvp_runner rc=2: no out-*.bin produced (see /tmp/fvp_job_ekhq2i0b/uart.log) 	n0*=zeros.out(·,·)
SKIP	w33:441	fvp_runner rc=2: 	n0*=min.dim_min(L0,·,·,L1,L2)
SKIP	w33:468	fvp_runner rc=2: 	n0*=_pdist_forward(L0,·)
SKIP	w33:473	fvp_runner rc=2: no out-*.bin produced (see /tmp/fvp_job_2tkj8mey/uart.log) 	n0*=arange.out(·,·)
TIMEOUT	w29:447	FVP exceeded job-timeout	n0*=_fft_r2c(L0,·,·,·)
SKIP	w33:480	fvp_runner rc=2: 	n0*=pixel_shuffle(L0,·)
MISMATCH	w33:488	out[0] max|delta|=1.649e+00 (rtol=0.01 atol=0.001)	n0*=max_pool2d_with_indices_backward.grad_input(L0,L1,·,·,·,·,·,L2,L3)
SKIP	w33:497	fvp_runner rc=2: no out-*.bin produced (see /tmp/fvp_job_tghhqawb/uart.log) 	n0*=ones.out(·,·)
MISMATCH	w33:502	out[0] max|delta|=1.929e+00 (rtol=0.01 atol=0.001)	n0*=fill.Scalar(L0,·)
CRASH	w33:210	fvp_runner rc=5: >> building runner (cache miss): backend=cortex-m target=cortex-m55 ops=b0707b1a (shared SDK, no fetch) ... cortex-m runner build failed (see /tmp/fvp_job_el40p3gk/build.fail.log) 	n0*=linear(L0,L1,·)
SKIP	w33:586	fvp_runner rc=2: no out-*.bin produced (see /tmp/fvp_job_nykcm1qe/uart.log) 	n0*=arange.start_out(·,·,·,·)
SKIP	w33:537	fvp_runner rc=2: no out-*.bin produced (see /tmp/fvp_job_y5xvcbt8/uart.log) 	n0*=full.out(·,·,·)
MISMATCH	w33:559	out[0] max|delta|=2.882e+17 (rtol=0.0 atol=0.0)	n0*=bitwise_left_shift.Tensor_Scalar(L0,·)
SKIP	w33:561	fvp_runner rc=2: 	n0*=scatter_add.out(L0,·,L1,L2,·)
SKIP	w33:614	fvp_runner rc=2: 	n0*=minimum.out(L0,L1,·)
SKIP	w33:621	fvp_runner rc=2: 	n0*=where.self(L0,L1,L2)
MISMATCH	w33:638	out[0] max|delta|=4.800e+01 (rtol=0.01 atol=0.001)	n0*=bitwise_left_shift.Tensor_out(L0,L1,·)
MISMATCH	w33:639	out[0] max|delta|=9.181e+01 (rtol=0.01 atol=0.001)	n0*=div.out_mode(L0,L1,·,·)
MISMATCH	w33:643	out[0] max|delta|=2.599e-01 (rtol=0.01 atol=0.001)	n0*=index_put(L0,·,L1,·)
SKIP	w33:658	fvp_runner rc=2: no out-*.bin produced (see /tmp/fvp_job_1w78m5r6/uart.log) 	n0*=stack(·,·)
SKIP	w33:668	fvp_runner rc=2: no out-*.bin produced (see /tmp/fvp_job_ppu4zr1f/uart.log) 	n0*=zeros.out(·,·)
SKIP	w33:696	fvp_runner rc=2: 	n0*=_pdist_forward(L0,·)
SKIP	w33:765	fvp_runner rc=2: no out-*.bin produced (see /tmp/fvp_job_8fyl9525/uart.log) 	n0*=full.out(·,·,·)
SKIP	w33:725	fvp_runner rc=2: no out-*.bin produced (see /tmp/fvp_job_yxvi76jw/uart.log) 	n0*=ones.out(·,·)
MISMATCH	w33:730	out[0] max|delta|=2.871e+00 (rtol=0.01 atol=0.001)	n0*=fill.Scalar(L0,·)
TIMEOUT	w29:675	FVP exceeded job-timeout	n0*=_fft_r2c(L0,·,·,·)
SKIP	w33:81	fvp_runner rc=2: no out-*.bin produced (see /tmp/fvp_job_nlnjqw8l/uart.log) 	n0*=full.out(·,·,·)
SKIP	w34:114	fvp_runner rc=2: 	n0*=topk.values(L0,·,·,·,·,L1,L2)
SKIP	w34:117	fvp_runner rc=2: no out-*.bin produced (see /tmp/fvp_job_cpvc0bsn/uart.log) 	n0*=stack(·,·)
SKIP	w34:116	fvp_runner rc=2: 	n0*=copy(L0,L1,·)
SKIP	w34:127	fvp_runner rc=2: no out-*.bin produced (see /tmp/fvp_job_3rlzvktj/uart.log) 	n0*=zeros.out(·,·)
SKIP	w34:152	fvp_runner rc=2: 	n0*=native_group_norm(L0,·,·,·,·,·,·,·)
SKIP	w34:155	fvp_runner rc=2: 	n0*=_pdist_forward(L0,·)
SKIP	w34:160	fvp_runner rc=2: no out-*.bin produced (see /tmp/fvp_job_2cnp9b5t/uart.log) 	n0*=arange.out(·,·)
TIMEOUT	w3:145	FVP exceeded job-timeout	n0*=_fft_r2c(L0,·,·,·)
SKIP	w34:224	fvp_runner rc=2: no out-*.bin produced (see /tmp/fvp_job_vzfupjyp/uart.log) 	n0*=full.out(·,·,·)
MISMATCH	w34:24	out[0] max|delta|=1.910e+02 (rtol=0.0 atol=0.0)	n0*=bitwise_right_shift.Tensor_Scalar_out(L0,·,·)
SKIP	w34:247	fvp_runner rc=2: 	n0*=pixel_shuffle(L0,·)
CRASH	w33:69	fvp_runner rc=5: >> building runner (cache miss): backend=cortex-m target=cortex-m55 ops=28dc928b (shared SDK, no fetch) ... cortex-m runner build failed (see /tmp/fvp_job_we_xo3mq/build.fail.log) 	n0*=linear.out(L0,L1,·,·)
SKIP	w34:301	fvp_runner rc=2: 	n0*=minimum.out(L0,L1,·)
SKIP	w34:254	fvp_runner rc=2: 	n0*=expand_copy(L0,·,·)
SKIP	w34:26	fvp_runner rc=2: 	n0*=expand_copy(L0,·,·)
SKIP	w34:267	fvp_runner rc=2: 	n0*=pixel_unshuffle(L0,·)
SKIP	w34:273	fvp_runner rc=2: no out-*.bin produced (see /tmp/fvp_job_iggjml9w/uart.log) 	n0*=arange.start_out(·,·,·,·)
SKIP	w34:283	fvp_runner rc=2: 	n0*=permute_copy(L0,·)
SKIP	w34:298	fvp_runner rc=2: 	n0*=native_group_norm(L0,·,·,·,·,·,·,·)
SKIP	w34:383	fvp_runner rc=2: 	n0*=_pdist_forward(L0,·)
MISMATCH	w34:330	out[0] max|delta|=2.599e-01 (rtol=0.01 atol=0.001)	n0*=index_put(L0,·,L1,·)
SKIP	w34:337	fvp_runner rc=2: 	n0*=scatter.src_out(L0,·,L1,L2,·)
SKIP	w34:345	fvp_runner rc=2: no out-*.bin produced (see /tmp/fvp_job_lq7hrlh1/uart.log) 	n0*=stack(·,·)
SKIP	w34:355	fvp_runner rc=2: no out-*.bin produced (see /tmp/fvp_job_qjwztqof/uart.log) 	n0*=zeros.out(·,·)
SKIP	w34:356	fvp_runner rc=2: 	n0*=min.dim_min(L0,·,·,L1,L2)
SKIP	w34:388	fvp_runner rc=2: no out-*.bin produced (see /tmp/fvp_job_q9c10h9c/uart.log) 	n0*=arange.out(·,·)
SKIP	w34:45	fvp_runner rc=2: no out-*.bin produced (see /tmp/fvp_job_p5hzll06/uart.log) 	n0*=arange.start_out(·,·,·,·)
SKIP	w34:452	fvp_runner rc=2: no out-*.bin produced (see /tmp/fvp_job_ryuu1cf8/uart.log) 	n0*=full.out(·,·,·)
SKIP	w34:421	fvp_runner rc=2: 	n0*=pixel_unshuffle(L0,·)
TIMEOUT	w3:373	FVP exceeded job-timeout	n0*=_fft_r2c(L0,·,·,·)
SKIP	w34:495	fvp_runner rc=2: 	n0*=pixel_unshuffle(L0,·)
SKIP	w34:501	fvp_runner rc=2: no out-*.bin produced (see /tmp/fvp_job_77nsls6h/uart.log) 	n0*=arange.start_out(·,·,·,·)
SKIP	w34:529	fvp_runner rc=2: 	n0*=minimum.out(L0,L1,·)
SKIP	w34:573	fvp_runner rc=2: no out-*.bin produced (see /tmp/fvp_job_4rqx2_m1/uart.log) 	n0*=stack(·,·)
SKIP	w34:583	fvp_runner rc=2: no out-*.bin produced (see /tmp/fvp_job_w0_o5nwk/uart.log) 	n0*=zeros.out(·,·)
MISMATCH	w34:536	out[0] max|delta|=5.500e-01 (rtol=0.01 atol=0.001)	n0*=where.self(L0,L1,L2)
MISMATCH	w34:553	out[0] max|delta|=4.800e+01 (rtol=0.01 atol=0.001)	n0*=bitwise_left_shift.Tensor_out(L0,L1,·)
MISMATCH	w34:558	out[0] max|delta|=2.599e-01 (rtol=0.01 atol=0.001)	n0*=index_put(L0,·,L1,·)
MISMATCH	w34:663	out[0] max|delta|=4.000e+00 (rtol=0.0 atol=0.0)	n0*=bitwise_right_shift.Tensor_Scalar(L0,·)
SKIP	w34:611	fvp_runner rc=2: 	n0*=_pdist_forward(L0,·)
MISMATCH	w34:664	out[0] max|delta|=1.687e+02 (rtol=0.01 atol=0.001)	n0*=floor_divide.out(L0,L1,·)
SKIP	w34:616	fvp_runner rc=2: no out-*.bin produced (see /tmp/fvp_job_j1oruu25/uart.log) 	n0*=arange.out(·,·)
SKIP	w34:640	fvp_runner rc=2: no out-*.bin produced (see /tmp/fvp_job_sltyrotj/uart.log) 	n0*=ones.out(·,·)
SKIP	w34:649	fvp_runner rc=2: 	n0*=pixel_unshuffle(L0,·)
SKIP	w34:710	fvp_runner rc=2: 	n0*=expand_copy(L0,·,·)
TIMEOUT	w3:601	FVP exceeded job-timeout	n0*=_fft_r2c(L0,·,·,·)
SKIP	w34:723	fvp_runner rc=2: 	n0*=pixel_unshuffle(L0,·)
SKIP	w34:729	fvp_runner rc=2: no out-*.bin produced (see /tmp/fvp_job_thsn1j4r/uart.log) 	n0*=arange.start_out(·,·,·,·)
SKIP	w34:680	fvp_runner rc=2: no out-*.bin produced (see /tmp/fvp_job_2qi4bhtl/uart.log) 	n0*=full.out(·,·,·)
SKIP	w34:70	fvp_runner rc=2: 	n0*=native_group_norm(L0,·,·,·,·,·,·,·)
SKIP	w34:739	fvp_runner rc=2: 	n0*=permute_copy(L0,·)
SKIP	w34:749	fvp_runner rc=2: 	n0*=convolution(L0,L1,·,·,·,·,·,·,·)
SKIP	w35:104	fvp_runner rc=2: 	n0*=expand_copy(L0,·,·)
SKIP	w35:123	fvp_runner rc=2: no out-*.bin produced (see /tmp/fvp_job_uk64xyih/uart.log) 	n0*=arange.start_out(·,·,·,·)
SKIP	w35:129	fvp_runner rc=2: 	n0*=scatter.value_out(L0,·,L1,·,·)
SKIP	w35:205	fvp_runner rc=2: no out-*.bin produced (see /tmp/fvp_job__f8k_wd_/uart.log) 	n0*=zeros.out(·,·)
SKIP	w35:206	fvp_runner rc=2: 	n0*=min.dim_min(L0,·,·,L1,L2)
MISMATCH	w35:180	out[0] max|delta|=2.599e-01 (rtol=0.01 atol=0.001)	n0*=index_put(L0,·,L1,·)
SKIP	w35:192	fvp_runner rc=2: 	n0*=topk.values(L0,·,·,·,·,L1,L2)
SKIP	w35:195	fvp_runner rc=2: no out-*.bin produced (see /tmp/fvp_job_adm6qx6y/uart.log) 	n0*=stack(·,·)
TIMEOUT	w30:134	FVP exceeded job-timeout	n0*=_fft_r2c(L0,·,·,·)
SKIP	w35:271	fvp_runner rc=2: 	n0*=pixel_unshuffle(L0,·)
MISMATCH	w35:222	out[0] max|delta|=4.000e+00 (rtol=0.0 atol=0.0)	n0*=fmod.Scalar(L0,·)
SKIP	w35:230	fvp_runner rc=2: 	n0*=native_group_norm(L0,·,·,·,·,·,·,·)
SKIP	w35:233	fvp_runner rc=2: 	n0*=_pdist_forward(L0,·)
SKIP	w35:245	fvp_runner rc=2: 	n0*=pixel_shuffle(L0,·)
SKIP	w35:262	fvp_runner rc=2: no out-*.bin produced (see /tmp/fvp_job_5y8bt2xu/uart.log) 	n0*=ones.out(·,·)
MISMATCH	w35:330	out[0] max|delta|=5.000e+00 (rtol=0.0 atol=0.0)	n0*=bitwise_right_shift.Tensor_Scalar_out(L0,·,·)
SKIP	w35:34	fvp_runner rc=2: no out-*.bin produced (see /tmp/fvp_job_upzru41w/uart.log) 	n0*=ones.out(·,·)
SKIP	w35:302	fvp_runner rc=2: no out-*.bin produced (see /tmp/fvp_job_3861ch9a/uart.log) 	n0*=full.out(·,·,·)
MISMATCH	w35:324	out[0] max|delta|=9.223e+18 (rtol=0.0 atol=0.0)	n0*=bitwise_left_shift.Tensor_Scalar(L0,·)
MISMATCH	w35:400	out[0] max|delta|=1.153e+18 (rtol=0.0 atol=0.0)	n0*=bitwise_left_shift.Tensor_Scalar_out(L0,·,·)
SKIP	w35:386	fvp_runner rc=2: 	n0*=where.self(L0,L1,L2)
MISMATCH	w35:39	out[0] max|delta|=2.412e+00 (rtol=0.01 atol=0.001)	n0*=fill.Scalar(L0,·)
TIMEOUT	w30:362	FVP exceeded job-timeout	n0*=_fft_r2c(L0,·,·,·)
SKIP	w35:420	fvp_runner rc=2: 	n0*=topk.values(L0,·,·,·,·,L1,L2)
SKIP	w35:423	fvp_runner rc=2: no out-*.bin produced (see /tmp/fvp_job_aqjlc54b/uart.log) 	n0*=stack(·,·)
SKIP	w35:422	fvp_runner rc=2: 	n0*=copy(L0,L1,·)
SKIP	w35:43	fvp_runner rc=2: 	n0*=pixel_unshuffle(L0,·)
SKIP	w35:433	fvp_runner rc=2: no out-*.bin produced (see /tmp/fvp_job_asfmq9nh/uart.log) 	n0*=zeros.out(·,·)
SKIP	w35:461	fvp_runner rc=2: 	n0*=_pdist_forward(L0,·)
SKIP	w35:466	fvp_runner rc=2: no out-*.bin produced (see /tmp/fvp_job_plfk2_hk/uart.log) 	n0*=arange.out(·,·)
MISMATCH	w35:57	out[0] max|delta|=1.280e+02 (rtol=0.0 atol=0.0)	n0*=bitwise_right_shift.Tensor_Scalar(L0,·)
SKIP	w35:579	fvp_runner rc=2: no out-*.bin produced (see /tmp/fvp_job_hzyge8x9/uart.log) 	n0*=arange.start_out(·,·,·,·)
SKIP	w35:530	fvp_runner rc=2: no out-*.bin produced (see /tmp/fvp_job_bzabv5wu/uart.log) 	n0*=full.out(·,·,·)
SKIP	w35:553	fvp_runner rc=2: 	n0*=pixel_shuffle(L0,·)
SKIP	w35:554	fvp_runner rc=2: 	n0*=scatter_add.out(L0,·,L1,L2,·)
SKIP	w35:560	fvp_runner rc=2: 	n0*=expand_copy(L0,·,·)
SKIP	w35:573	fvp_runner rc=2: 	n0*=pixel_unshuffle(L0,·)
CRASH	w35:290	fvp_runner rc=5: >> building runner (cache miss): backend=cortex-m target=cortex-m55 ops=28dc928b (shared SDK, no fetch) ... cortex-m runner build failed (see /tmp/fvp_job_8vgdx_bt/build.fail.log) 	n0*=linear.out(L0,L1,·,·)
SKIP	w35:648	fvp_runner rc=2: 	n0*=topk.values(L0,·,·,·,·,L1,L2)
TIMEOUT	w30:590	FVP exceeded job-timeout	n0*=_fft_r2c(L0,·,·,·)
MISMATCH	w35:614	out[0] max|delta|=2.229e+00 (rtol=0.01 atol=0.001)	n0*=where.self(L0,L1,L2)
MISMATCH	w35:628	out[0] max|delta|=4.612e+18 (rtol=0.0 atol=0.0)	n0*=bitwise_left_shift.Tensor_Scalar_out(L0,·,·)
SKIP	w35:694	fvp_runner rc=2: no out-*.bin produced (see /tmp/fvp_job_u2_s4410/uart.log) 	n0*=arange.out(·,·)
SKIP	w35:650	fvp_runner rc=2: 	n0*=copy(L0,L1,·)
SKIP	w35:651	fvp_runner rc=2: no out-*.bin produced (see /tmp/fvp_job_wxjkqrl7/uart.log) 	n0*=stack(·,·)
SKIP	w35:661	fvp_runner rc=2: no out-*.bin produced (see /tmp/fvp_job_tsdx7qdr/uart.log) 	n0*=zeros.out(·,·)
MISMATCH	w35:677	out[0] max|delta|=4.000e+00 (rtol=0.0 atol=0.0)	n0*=remainder.Tensor_out(L0,L1,·)
SKIP	w35:689	fvp_runner rc=2: 	n0*=_pdist_forward(L0,·)
SKIP	w35:701	fvp_runner rc=2: 	n0*=pixel_shuffle(L0,·)
SKIP	w35:758	fvp_runner rc=2: no out-*.bin produced (see /tmp/fvp_job_ttznfi1g/uart.log) 	n0*=full.out(·,·,·)
MISMATCH	w35:723	out[0] max|delta|=1.929e+00 (rtol=0.01 atol=0.001)	n0*=fill.Scalar(L0,·)
SKIP	w35:727	fvp_runner rc=2: 	n0*=pixel_unshuffle(L0,·)
MISMATCH	w35:741	out[0] max|delta|=1.280e+02 (rtol=0.0 atol=0.0)	n0*=bitwise_right_shift.Tensor_Scalar(L0,·)
MISMATCH	w36:112	out[0] max|delta|=6.000e+00 (rtol=0.0 atol=0.0)	n0*=remainder.Scalar_out(L0,·,·)
SKIP	w36:117	fvp_runner rc=2: no out-*.bin produced (see /tmp/fvp_job_sntidc0w/uart.log) 	n0*=arange.start_out(·,·,·,·)
SKIP	w36:152	fvp_runner rc=2: 	n0*=where.self(L0,L1,L2)
SKIP	w36:189	fvp_runner rc=2: no out-*.bin produced (see /tmp/fvp_job_nbhl2h0r/uart.log) 	n0*=stack(·,·)
SKIP	w36:188	fvp_runner rc=2: 	n0*=copy(L0,L1,·)
MISMATCH	w36:19	out[0] max|delta|=1.645e+00 (rtol=0.01 atol=0.001)	n0*=max_pool2d_with_indices_backward.grad_input(L0,L1,·,·,·,·,·,L2,L3)
SKIP	w36:199	fvp_runner rc=2: no out-*.bin produced (see /tmp/fvp_job_mdn4m_v7/uart.log) 	n0*=zeros.out(·,·)
MISMATCH	w36:215	out[0] max|delta|=4.000e+00 (rtol=0.0 atol=0.0)	n0*=remainder.Tensor_out(L0,L1,·)
SKIP	w36:227	fvp_runner rc=2: 	n0*=_pdist_forward(L0,·)
MISMATCH	w36:231	out[0] max|delta|=4.700e+01 (rtol=0.0 atol=0.0)	n0*=bitwise_right_shift.Tensor_out(L0,L1,·)
SKIP	w36:232	fvp_runner rc=2: no out-*.bin produced (see /tmp/fvp_job_bx9oujh1/uart.log) 	n0*=arange.out(·,·)
MISMATCH	w36:247	out[0] max|delta|=2.175e+00 (rtol=0.01 atol=0.001)	n0*=max_pool2d_with_indices_backward.grad_input(L0,L1,·,·,·,·,·,L2,L3)
SKIP	w36:256	fvp_runner rc=2: no out-*.bin produced (see /tmp/fvp_job_82ky66ph/uart.log) 	n0*=ones.out(·,·)
TIMEOUT	w31:232	FVP exceeded job-timeout	n0*=_fft_r2c(L0,·,·,·)
SKIP	w36:28	fvp_runner rc=2: no out-*.bin produced (see /tmp/fvp_job_2o8qyi8l/uart.log) 	n0*=ones.out(·,·)
SKIP	w36:296	fvp_runner rc=2: no out-*.bin produced (see /tmp/fvp_job_rw132oww/uart.log) 	n0*=full.out(·,·,·)
MISMATCH	w36:318	out[0] max|delta|=1.441e+17 (rtol=0.0 atol=0.0)	n0*=bitwise_left_shift.Tensor_Scalar(L0,·)
MISMATCH	w36:33	out[0] max|delta|=3.322e+00 (rtol=0.01 atol=0.001)	n0*=fill.Scalar(L0,·)
CRASH	w35:746	fvp_runner rc=5: >> building runner (cache miss): backend=cortex-m target=cortex-m55 ops=b0707b1a (shared SDK, no fetch) ... cortex-m runner build failed (see /tmp/fvp_job_4su3f7e0/build.fail.log) 	n0*=linear.out(L0,L1,·,·)
SKIP	w36:345	fvp_runner rc=2: no out-*.bin produced (see /tmp/fvp_job_l5j2p96x/uart.log) 	n0*=arange.start_out(·,·,·,·)
SKIP	w36:37	fvp_runner rc=2: 	n0*=pixel_unshuffle(L0,·)
SKIP	w36:4	fvp_runner rc=2: no out-*.bin produced (see /tmp/fvp_job_g973n3cy/uart.log) 	n0*=arange.out(·,·)
MISMATCH	w36:397	out[0] max|delta|=4.800e+01 (rtol=0.01 atol=0.001)	n0*=bitwise_left_shift.Tensor_out(L0,L1,·)
SKIP	w36:460	fvp_runner rc=2: no out-*.bin produced (see /tmp/fvp_job_jzvqc7v3/uart.log) 	n0*=arange.out(·,·)
MISMATCH	w36:402	out[0] max|delta|=2.599e-01 (rtol=0.01 atol=0.001)	n0*=index_put(L0,·,L1,·)
SKIP	w36:414	fvp_runner rc=2: 	n0*=topk.values(L0,·,·,·,·,L1,L2)
SKIP	w36:417	fvp_runner rc=2: no out-*.bin produced (see /tmp/fvp_job_fzkhh2p6/uart.log) 	n0*=stack(·,·)
SKIP	w36:427	fvp_runner rc=2: no out-*.bin produced (see /tmp/fvp_job_ztbn_lz9/uart.log) 	n0*=zeros.out(·,·)
MISMATCH	w36:443	out[0] max|delta|=3.000e+00 (rtol=0.01 atol=0.001)	n0*=remainder.Tensor_out(L0,L1,·)
SKIP	w36:452	fvp_runner rc=2: 	n0*=native_group_norm(L0,·,·,·,·,·,·,·)
TIMEOUT	w31:4	FVP exceeded job-timeout	n0*=_fft_r2c(L0,·,·,·)
SKIP	w36:455	fvp_runner rc=2: 	n0*=_pdist_forward(L0,·)
SKIP	w36:467	fvp_runner rc=2: 	n0*=pixel_shuffle(L0,·)
MISMATCH	w36:475	out[0] max|delta|=1.592e+00 (rtol=0.01 atol=0.001)	n0*=max_pool2d_with_indices_backward.grad_input(L0,L1,·,·,·,·,·,L2,L3)
SKIP	w36:484	fvp_runner rc=2: no out-*.bin produced (see /tmp/fvp_job_n82pd7c8/uart.log) 	n0*=ones.out(·,·)
TIMEOUT	w31:460	FVP exceeded job-timeout	n0*=_fft_r2c(L0,·,·,·)
MISMATCH	w36:497	out[0] max|delta|=1.548e-02 (rtol=0.01 atol=0.001)	n0*=_upsample_bilinear2d_aa.out(L0,·,·,·,·,·)
SKIP	w36:598	fvp_runner rc=2: 	n0*=native_group_norm(L0,·,·,·,·,·,·,·)
SKIP	w36:608	fvp_runner rc=2: 	n0*=where.self(L0,L1,L2)
MISMATCH	w36:625	out[0] max|delta|=2.306e+18 (rtol=0.0 atol=0.0)	n0*=bitwise_left_shift.Tensor_out(L0,L1,·)
MISMATCH	w36:626	out[0] max|delta|=1.612e+02 (rtol=0.01 atol=0.001)	n0*=div.out_mode(L0,L1,·,·)
SKIP	w36:645	fvp_runner rc=2: no out-*.bin produced (see /tmp/fvp_job_hlj0za26/uart.log) 	n0*=stack(·,·)
SKIP	w36:644	fvp_runner rc=2: 	n0*=copy(L0,L1,·)
SKIP	w36:642	fvp_runner rc=2: 	n0*=topk.values(L0,·,·,·,·,L1,L2)
SKIP	w36:655	fvp_runner rc=2: no out-*.bin produced (see /tmp/fvp_job_b9aosnyq/uart.log) 	n0*=zeros.out(·,·)
SKIP	w36:712	fvp_runner rc=2: no out-*.bin produced (see /tmp/fvp_job_bhfsyzmr/uart.log) 	n0*=ones.out(·,·)
SKIP	w36:68	fvp_runner rc=2: no out-*.bin produced (see /tmp/fvp_job_2iiiyub_/uart.log) 	n0*=full.out(·,·,·)
SKIP	w36:683	fvp_runner rc=2: 	n0*=_pdist_forward(L0,·)
SKIP	w36:688	fvp_runner rc=2: no out-*.bin produced (see /tmp/fvp_job_912h4rv4/uart.log) 	n0*=arange.out(·,·)
TIMEOUT	w31:688	FVP exceeded job-timeout	n0*=_fft_r2c(L0,·,·,·)
CRASH	w36:425	fvp_runner rc=5: >> building runner (cache miss): backend=cortex-m target=cortex-m55 ops=b0707b1a (shared SDK, no fetch) ... cortex-m runner build failed (see /tmp/fvp_job_aq_saum5/build.fail.log) 	n0*=linear(L0,L1,·)
SKIP	w36:721	fvp_runner rc=2: 	n0*=pixel_unshuffle(L0,·)
MISMATCH	w36:774	out[0] max|delta|=5.765e+17 (rtol=0.0 atol=0.0)	n0*=bitwise_left_shift.Tensor_Scalar(L0,·)
SKIP	w36:98	fvp_runner rc=2: 	n0*=expand_copy(L0,·,·)
SKIP	w37:13	fvp_runner rc=2: 	n0*=pixel_shuffle(L0,·)
SKIP	w37:154	fvp_runner rc=2: 	n0*=where.self(L0,L1,L2)
MISMATCH	w37:171	out[0] max|delta|=2.306e+18 (rtol=0.0 atol=0.0)	n0*=bitwise_left_shift.Tensor_out(L0,L1,·)
SKIP	w37:191	fvp_runner rc=2: no out-*.bin produced (see /tmp/fvp_job_674o7l3u/uart.log) 	n0*=stack(·,·)
MISMATCH	w37:21	out[0] max|delta|=1.419e+00 (rtol=0.01 atol=0.001)	n0*=max_pool2d_with_indices_backward.grad_input(L0,L1,·,·,·,·,·,L2,L3)
SKIP	w37:229	fvp_runner rc=2: 	n0*=_pdist_forward(L0,·)
SKIP	w37:258	fvp_runner rc=2: no out-*.bin produced (see /tmp/fvp_job_sh6mwzma/uart.log) 	n0*=ones.out(·,·)
MISMATCH	w37:263	out[0] max|delta|=1.929e+00 (rtol=0.01 atol=0.001)	n0*=fill.Scalar(L0,·)
SKIP	w37:298	fvp_runner rc=2: no out-*.bin produced (see /tmp/fvp_job__difjduv/uart.log) 	n0*=full.out(·,·,·)
SKIP	w37:314	fvp_runner rc=2: 	n0*=transpose_copy.int(L0,·,·)
MISMATCH	w37:326	out[0] max|delta|=9.500e+01 (rtol=0.0 atol=0.0)	n0*=bitwise_right_shift.Tensor_Scalar_out(L0,·,·)
TIMEOUT	w32:306	FVP exceeded job-timeout	n0*=_fft_r2c(L0,·,·,·)
MISMATCH	w37:342	out[0] max|delta|=8.000e+00 (rtol=0.0 atol=0.0)	n0*=remainder.Scalar_out(L0,·,·)
MISMATCH	w37:399	out[0] max|delta|=4.800e+01 (rtol=0.01 atol=0.001)	n0*=bitwise_left_shift.Tensor_out(L0,L1,·)
CRASH	w36:56	fvp_runner rc=5: >> building runner (cache miss): backend=cortex-m target=cortex-m55 ops=b0707b1a (shared SDK, no fetch) ... cortex-m runner build failed (see /tmp/fvp_job_yyyd2jgz/build.fail.log) 	n0*=linear.out(L0,L1,·,·)
MISMATCH	w37:404	out[0] max|delta|=2.599e-01 (rtol=0.01 atol=0.001)	n0*=index_put(L0,·,L1,·)
MISMATCH	w37:477	out[0] max|delta|=3.435e+00 (rtol=0.01 atol=0.001)	n0*=max_pool2d_with_indices_backward.grad_input(L0,L1,·,·,·,·,·,L2,L3)
SKIP	w37:419	fvp_runner rc=2: no out-*.bin produced (see /tmp/fvp_job_47wm3bl9/uart.log) 	n0*=stack(·,·)
SKIP	w37:429	fvp_runner rc=2: no out-*.bin produced (see /tmp/fvp_job_ywd884p5/uart.log) 	n0*=zeros.out(·,·)
MISMATCH	w37:53	out[0] max|delta|=6.400e+01 (rtol=0.0 atol=0.0)	n0*=bitwise_right_shift.Tensor_Scalar(L0,·)
SKIP	w37:486	fvp_runner rc=2: no out-*.bin produced (see /tmp/fvp_job_4wl6gold/uart.log) 	n0*=ones.out(·,·)
MISMATCH	w37:491	out[0] max|delta|=2.847e+00 (rtol=0.01 atol=0.001)	n0*=fill.Scalar(L0,·)
MISMATCH	w37:509	out[0] max|delta|=8.000e+00 (rtol=0.0 atol=0.0)	n0*=bitwise_right_shift.Tensor_Scalar(L0,·)
TIMEOUT	w32:534	FVP exceeded job-timeout	n0*=_fft_r2c(L0,·,·,·)
SKIP	w37:549	fvp_runner rc=2: 	n0*=pixel_shuffle(L0,·)
SKIP	w37:575	fvp_runner rc=2: no out-*.bin produced (see /tmp/fvp_job_kndpqbui/uart.log) 	n0*=arange.start_out(·,·,·,·)
SKIP	w37:610	fvp_runner rc=2: 	n0*=where.self(L0,L1,L2)
MISMATCH	w37:627	out[0] max|delta|=2.306e+18 (rtol=0.0 atol=0.0)	n0*=bitwise_left_shift.Tensor_out(L0,L1,·)
SKIP	w37:639	fvp_runner rc=2: 	n0*=scatter.src_out(L0,·,L1,L2,·)
SKIP	w37:646	fvp_runner rc=2: 	n0*=copy(L0,L1,·)
SKIP	w37:647	fvp_runner rc=2: no out-*.bin produced (see /tmp/fvp_job_adgj9369/uart.log) 	n0*=stack(·,·)
MISMATCH	w37:65	out[0] max|delta|=1.990e+02 (rtol=0.01 atol=0.001)	n0*=floor_divide(L0,L1)
MISMATCH	w37:673	out[0] max|delta|=4.000e+00 (rtol=0.0 atol=0.0)	n0*=remainder.Tensor_out(L0,L1,·)
SKIP	w37:685	fvp_runner rc=2: 	n0*=_pdist_forward(L0,·)
SKIP	w37:697	fvp_runner rc=2: 	n0*=pixel_shuffle(L0,·)
SKIP	w37:70	fvp_runner rc=2: no out-*.bin produced (see /tmp/fvp_job_q22adt5m/uart.log) 	n0*=full.out(·,·,·)
MISMATCH	w37:705	out[0] max|delta|=1.592e+00 (rtol=0.01 atol=0.001)	n0*=max_pool2d_with_indices_backward.grad_input(L0,L1,·,·,·,·,·,L2,L3)
CRASH	w36:653	fvp_runner rc=5: >> building runner (cache miss): backend=cortex-m target=cortex-m55 ops=b0707b1a (shared SDK, no fetch) ... cortex-m runner build failed (see /tmp/fvp_job_hdvcf92o/build.fail.log) 	n0*=linear(L0,L1,·)
TIMEOUT	w32:762	FVP exceeded job-timeout	n0*=_fft_r2c(L0,·,·,·)
TIMEOUT	w32:78	FVP exceeded job-timeout	n0*=_fft_r2c(L0,·,·,·)
MISMATCH	w37:737	out[0] max|delta|=2.560e+02 (rtol=0.0 atol=0.0)	n0*=bitwise_right_shift.Tensor_Scalar(L0,·)
SKIP	w37:754	fvp_runner rc=2: no out-*.bin produced (see /tmp/fvp_job_vch430cu/uart.log) 	n0*=full.out(·,·,·)
SKIP	w37:777	fvp_runner rc=2: 	n0*=pixel_shuffle(L0,·)
SKIP	w37:93	fvp_runner rc=2: 	n0*=pixel_shuffle(L0,·)
MISMATCH	w37:92	out[0] max|delta|=7.206e+16 (rtol=0.0 atol=0.0)	n0*=bitwise_left_shift.Tensor_Scalar(L0,·)
SKIP	w37:94	fvp_runner rc=2: 	n0*=scatter_add.out(L0,·,L1,L2,·)
MISMATCH	w38:118	out[0] max|delta|=2.550e+02 (rtol=0.0 atol=0.0)	n0*=prod.int_out(L0,·,·,·,·)
SKIP	w38:13	fvp_runner rc=2: no out-*.bin produced (see /tmp/fvp_job_v2bs9zz_/uart.log) 	n0*=ones.out(·,·)
SKIP	w38:174	fvp_runner rc=2: no out-*.bin produced (see /tmp/fvp_job_ju1_0nx5/uart.log) 	n0*=stack(·,·)
MISMATCH	w38:18	out[0] max|delta|=4.980e-01 (rtol=0.01 atol=0.001)	n0*=fill.Scalar(L0,·)
SKIP	w38:184	fvp_runner rc=2: no out-*.bin produced (see /tmp/fvp_job_v4ukocub/uart.log) 	n0*=zeros.out(·,·)
TIMEOUT	w33:268	FVP exceeded job-timeout	n0*=_fft_r2c(L0,·,·,·)
SKIP	w38:212	fvp_runner rc=2: 	n0*=_pdist_forward(L0,·)
SKIP	w38:241	fvp_runner rc=2: no out-*.bin produced (see /tmp/fvp_job_d77a31_r/uart.log) 	n0*=ones.out(·,·)
MISMATCH	w38:246	out[0] max|delta|=9.804e-01 (rtol=0.01 atol=0.001)	n0*=fill.Scalar(L0,·)
SKIP	w38:250	fvp_runner rc=2: 	n0*=pixel_unshuffle(L0,·)
SKIP	w38:281	fvp_runner rc=2: no out-*.bin produced (see /tmp/fvp_job_omnyv_6k/uart.log) 	n0*=full.out(·,·,·)
MISMATCH	w38:296	out[0] max|delta|=7.000e+00 (rtol=0.0 atol=0.0)	n0*=remainder.Scalar(L0,·)
SKIP	w38:305	fvp_runner rc=2: 	n0*=scatter_add.out(L0,·,L1,L2,·)
CRASH	w37:199	fvp_runner rc=5: >> building runner (cache miss): backend=cortex-m target=cortex-m55 ops=b0707b1a (shared SDK, no fetch) ... cortex-m runner build failed (see /tmp/fvp_job_82mjc2yu/build.fail.log) 	n0*=linear(L0,L1,·)
TIMEOUT	w33:40	FVP exceeded job-timeout	n0*=_fft_r2c(L0,·,·,·)
SKIP	w38:330	fvp_runner rc=2: no out-*.bin produced (see /tmp/fvp_job_nqme8ezs/uart.log) 	n0*=arange.start_out(·,·,·,·)
MISMATCH	w38:36	out[0] max|delta|=1.910e+02 (rtol=0.0 atol=0.0)	n0*=bitwise_right_shift.Tensor_Scalar(L0,·)
MISMATCH	w38:382	out[0] max|delta|=4.800e+01 (rtol=0.01 atol=0.001)	n0*=bitwise_left_shift.Tensor_out(L0,L1,·)
MISMATCH	w38:387	out[0] max|delta|=2.599e-01 (rtol=0.01 atol=0.001)	n0*=index_put(L0,·,L1,·)
SKIP	w38:399	fvp_runner rc=2: 	n0*=topk.values(L0,·,·,·,·,L1,L2)
SKIP	w38:401	fvp_runner rc=2: 	n0*=copy(L0,L1,·)
SKIP	w38:402	fvp_runner rc=2: no out-*.bin produced (see /tmp/fvp_job_y8bpe01e/uart.log) 	n0*=stack(·,·)
SKIP	w38:430	fvp_runner rc=2: 	n0*=max.dim_max(L0,·,·,L1,L2)
TIMEOUT	w33:496	FVP exceeded job-timeout	n0*=_fft_r2c(L0,·,·,·)
SKIP	w38:440	fvp_runner rc=2: 	n0*=_pdist_forward(L0,·)
SKIP	w38:445	fvp_runner rc=2: no out-*.bin produced (see /tmp/fvp_job_qj4dhruh/uart.log) 	n0*=arange.out(·,·)
SKIP	w38:452	fvp_runner rc=2: 	n0*=pixel_shuffle(L0,·)
SKIP	w38:469	fvp_runner rc=2: no out-*.bin produced (see /tmp/fvp_job_bweb3ab5/uart.log) 	n0*=ones.out(·,·)
MISMATCH	w38:474	out[0] max|delta|=2.412e+00 (rtol=0.01 atol=0.001)	n0*=fill.Scalar(L0,·)
MISMATCH	w38:492	out[0] max|delta|=1.280e+02 (rtol=0.0 atol=0.0)	n0*=bitwise_right_shift.Tensor_Scalar(L0,·)
SKIP	w38:509	fvp_runner rc=2: no out-*.bin produced (see /tmp/fvp_job__2ub9ldg/uart.log) 	n0*=full.out(·,·,·)
SKIP	w38:552	fvp_runner rc=2: 	n0*=pixel_unshuffle(L0,·)
SKIP	w38:525	fvp_runner rc=2: 	n0*=transpose_copy.int(L0,·,·)
SKIP	w38:53	fvp_runner rc=2: no out-*.bin produced (see /tmp/fvp_job_6v0gjnou/uart.log) 	n0*=full.out(·,·,·)
SKIP	w38:539	fvp_runner rc=2: 	n0*=expand_copy(L0,·,·)
SKIP	w38:558	fvp_runner rc=2: no out-*.bin produced (see /tmp/fvp_job_64euwgn0/uart.log) 	n0*=arange.start_out(·,·,·,·)
SKIP	w38:568	fvp_runner rc=2: 	n0*=permute_copy(L0,·)
SKIP	w38:593	fvp_runner rc=2: 	n0*=where.self(L0,L1,L2)
MISMATCH	w38:615	out[0] max|delta|=2.599e-01 (rtol=0.01 atol=0.001)	n0*=index_put(L0,·,L1,·)
TIMEOUT	w33:724	FVP exceeded job-timeout	n0*=_fft_r2c(L0,·,·,·)
SKIP	w38:673	fvp_runner rc=2: no out-*.bin produced (see /tmp/fvp_job_themvb3v/uart.log) 	n0*=arange.out(·,·)
SKIP	w38:622	fvp_runner rc=2: 	n0*=scatter.src_out(L0,·,L1,L2,·)
SKIP	w38:680	fvp_runner rc=2: 	n0*=pixel_shuffle(L0,·)
SKIP	w38:630	fvp_runner rc=2: no out-*.bin produced (see /tmp/fvp_job_xw5vwjny/uart.log) 	n0*=stack(·,·)
CRASH	w37:514	fvp_runner rc=5: >> building runner (cache miss): backend=cortex-m target=cortex-m55 ops=b0707b1a (shared SDK, no fetch) ... cortex-m runner build failed (see /tmp/fvp_job_494873zk/build.fail.log) 	n0*=linear.out(L0,L1,·,·)
SKIP	w38:665	fvp_runner rc=2: 	n0*=native_group_norm(L0,·,·,·,·,·,·,·)
SKIP	w38:697	fvp_runner rc=2: no out-*.bin produced (see /tmp/fvp_job_zobg2qhy/uart.log) 	n0*=ones.out(·,·)
MISMATCH	w38:720	out[0] max|delta|=2.560e+02 (rtol=0.0 atol=0.0)	n0*=bitwise_right_shift.Tensor_Scalar(L0,·)
SKIP	w38:737	fvp_runner rc=2: no out-*.bin produced (see /tmp/fvp_job_ck4_a1ww/uart.log) 	n0*=full.out(·,·,·)
SKIP	w38:753	fvp_runner rc=2: 	n0*=transpose_copy.int(L0,·,·)
SKIP	w39:108	fvp_runner rc=2: no out-*.bin produced (see /tmp/fvp_job_v22lhdxf/uart.log) 	n0*=arange.start_out(·,·,·,·)
SKIP	w38:76	fvp_runner rc=2: 	n0*=pixel_shuffle(L0,·)
SKIP	w38:780	fvp_runner rc=2: 	n0*=pixel_unshuffle(L0,·)
SKIP	w38:83	fvp_runner rc=2: 	n0*=expand_copy(L0,·,·)
MISMATCH	w39:103	out[0] max|delta|=5.000e+00 (rtol=0.01 atol=0.001)	n0*=remainder.Scalar_out(L0,·,·)
TIMEOUT	w34:183	FVP exceeded job-timeout	n0*=_fft_r2c(L0,·,·,·)
SKIP	w39:133	fvp_runner rc=2: 	n0*=native_group_norm(L0,·,·,·,·,·,·,·)
SKIP	w39:180	fvp_runner rc=2: no out-*.bin produced (see /tmp/fvp_job_b2ganzje/uart.log) 	n0*=stack(·,·)
SKIP	w39:136	fvp_runner rc=2: 	n0*=minimum.out(L0,L1,·)
SKIP	w39:143	fvp_runner rc=2: 	n0*=where.self(L0,L1,L2)
SKIP	w39:190	fvp_runner rc=2: no out-*.bin produced (see /tmp/fvp_job_qcxzwfj1/uart.log) 	n0*=zeros.out(·,·)
SKIP	w39:2	fvp_runner rc=2: 	n0*=pixel_shuffle(L0,·)
SKIP	w39:223	fvp_runner rc=2: no out-*.bin produced (see /tmp/fvp_job_bxgv20vx/uart.log) 	n0*=arange.out(·,·)
SKIP	w39:230	fvp_runner rc=2: 	n0*=pixel_shuffle(L0,·)
MISMATCH	w39:238	out[0] max|delta|=1.161e+00 (rtol=0.01 atol=0.001)	n0*=max_pool2d_with_indices_backward.grad_input(L0,L1,·,·,·,·,·,L2,L3)
MISMATCH	w39:24	out[0] max|delta|=4.941e-01 (rtol=0.01 atol=0.001)	n0*=fill.Scalar(L0,·)
SKIP	w39:247	fvp_runner rc=2: no out-*.bin produced (see /tmp/fvp_job_6bcwnjr8/uart.log) 	n0*=ones.out(·,·)
CRASH	w37:58	fvp_runner rc=5: >> building runner (cache miss): backend=cortex-m target=cortex-m55 ops=b0707b1a (shared SDK, no fetch) ... cortex-m runner build failed (see /tmp/fvp_job_ujxrx6jl/build.fail.log) 	n0*=linear.out(L0,L1,·,·)
TIMEOUT	w34:411	FVP exceeded job-timeout	n0*=_fft_r2c(L0,·,·,·)
SKIP	w39:310	fvp_runner rc=2: 	n0*=pixel_shuffle(L0,·)
SKIP	w39:317	fvp_runner rc=2: 	n0*=expand_copy(L0,·,·)
SKIP	w39:336	fvp_runner rc=2: no out-*.bin produced (see /tmp/fvp_job_ltl1in7s/uart.log) 	n0*=arange.start_out(·,·,·,·)
MISMATCH	w39:388	out[0] max|delta|=4.800e+01 (rtol=0.01 atol=0.001)	n0*=bitwise_left_shift.Tensor_out(L0,L1,·)
SKIP	w39:407	fvp_runner rc=2: 	n0*=copy(L0,L1,·)
SKIP	w39:408	fvp_runner rc=2: no out-*.bin produced (see /tmp/fvp_job_vxbzcx6_/uart.log) 	n0*=stack(·,·)
SKIP	w39:418	fvp_runner rc=2: no out-*.bin produced (see /tmp/fvp_job_nfomw535/uart.log) 	n0*=zeros.out(·,·)
SKIP	w39:475	fvp_runner rc=2: no out-*.bin produced (see /tmp/fvp_job_sh7ylq8y/uart.log) 	n0*=ones.out(·,·)
SKIP	w39:443	fvp_runner rc=2: 	n0*=native_group_norm(L0,·,·,·,·,·,·,·)
SKIP	w39:446	fvp_runner rc=2: 	n0*=_pdist_forward(L0,·)
SKIP	w39:458	fvp_runner rc=2: 	n0*=pixel_shuffle(L0,·)
MISMATCH	w39:477	out[0] max|delta|=1.000e+00 (rtol=0.01 atol=0.001)	n0*=logical_and.out(L0,L1,·)
TIMEOUT	w34:639	FVP exceeded job-timeout	n0*=_fft_r2c(L0,·,·,·)
SKIP	w39:515	fvp_runner rc=2: no out-*.bin produced (see /tmp/fvp_job_9pi03dci/uart.log) 	n0*=full.out(·,·,·)
SKIP	w39:59	fvp_runner rc=2: no out-*.bin produced (see /tmp/fvp_job_h8h1l185/uart.log) 	n0*=full.out(·,·,·)
SKIP	w39:589	fvp_runner rc=2: 	n0*=native_group_norm(L0,·,·,·,·,·,·,·)
MISMATCH	w39:599	out[0] max|delta|=3.888e+00 (rtol=0.01 atol=0.001)	n0*=where.self(L0,L1,L2)
CRASH	w38:269	fvp_runner rc=5: >> building runner (cache miss): backend=cortex-m target=cortex-m55 ops=b0707b1a (shared SDK, no fetch) ... cortex-m runner build failed (see /tmp/fvp_job__rzqx8_g/build.fail.log) 	n0*=linear.out(L0,L1,·,·)
MISMATCH	w39:613	out[0] max|delta|=4.612e+18 (rtol=0.0 atol=0.0)	n0*=bitwise_left_shift.Tensor_Scalar_out(L0,·,·)
MISMATCH	w39:621	out[0] max|delta|=2.599e-01 (rtol=0.01 atol=0.001)	n0*=index_put(L0,·,L1,·)
SKIP	w39:636	fvp_runner rc=2: no out-*.bin produced (see /tmp/fvp_job__3zdy3i_/uart.log) 	n0*=stack(·,·)
SKIP	w39:635	fvp_runner rc=2: 	n0*=copy(L0,L1,·)
SKIP	w39:646	fvp_runner rc=2: no out-*.bin produced (see /tmp/fvp_job_ajcb9fk8/uart.log) 	n0*=zeros.out(·,·)
SKIP	w39:674	fvp_runner rc=2: 	n0*=_pdist_forward(L0,·)
SKIP	w39:679	fvp_runner rc=2: no out-*.bin produced (see /tmp/fvp_job_sm4ru1ko/uart.log) 	n0*=arange.out(·,·)
SKIP	w39:686	fvp_runner rc=2: 	n0*=pixel_shuffle(L0,·)
SKIP	w39:703	fvp_runner rc=2: no out-*.bin produced (see /tmp/fvp_job_tbh4_lhb/uart.log) 	n0*=ones.out(·,·)
MISMATCH	w39:708	out[0] max|delta|=2.392e+00 (rtol=0.01 atol=0.001)	n0*=fill.Scalar(L0,·)
SKIP	w39:712	fvp_runner rc=2: 	n0*=pixel_unshuffle(L0,·)
CRASH	w39:47	fvp_runner rc=5: >> building runner (cache miss): backend=cortex-m target=cortex-m55 ops=28dc928b (shared SDK, no fetch) ... cortex-m runner build failed (see /tmp/fvp_job_ysugsz46/build.fail.log) 	n0*=linear.out(L0,L1,·,·)
SKIP	w39:743	fvp_runner rc=2: no out-*.bin produced (see /tmp/fvp_job_jvbt78n1/uart.log) 	n0*=full.out(·,·,·)
SKIP	w39:89	fvp_runner rc=2: 	n0*=expand_copy(L0,·,·)
MISMATCH	w39:758	out[0] max|delta|=3.000e+00 (rtol=0.0 atol=0.0)	n0*=remainder.Scalar(L0,·)
SKIP	w39:766	fvp_runner rc=2: 	n0*=pixel_shuffle(L0,·)
SKIP	w39:767	fvp_runner rc=2: 	n0*=scatter_add.out(L0,·,L1,L2,·)
SKIP	w39:82	fvp_runner rc=2: 	n0*=pixel_shuffle(L0,·)
TIMEOUT	w35:261	FVP exceeded job-timeout	n0*=_fft_r2c(L0,·,·,·)
SKIP	w4:1	fvp_runner rc=2: 	n0*=topk.values(L0,·,·,·,·,L1,L2)
SKIP	w4:111	fvp_runner rc=2: no out-*.bin produced (see /tmp/fvp_job__o21xl1b/uart.log) 	n0*=full.out(·,·,·)
SKIP	w4:127	fvp_runner rc=2: 	n0*=transpose_copy.int(L0,·,·)
SKIP	w4:134	fvp_runner rc=2: 	n0*=pixel_shuffle(L0,·)
SKIP	w4:14	fvp_runner rc=2: no out-*.bin produced (see /tmp/fvp_job_cduw_mjf/uart.log) 	n0*=zeros.out(·,·)
TIMEOUT	w35:33	FVP exceeded job-timeout	n0*=_fft_r2c(L0,·,·,·)
SKIP	w4:160	fvp_runner rc=2: no out-*.bin produced (see /tmp/fvp_job_3yvbtqiz/uart.log) 	n0*=arange.start_out(·,·,·,·)
SKIP	w4:166	fvp_runner rc=2: 	n0*=scatter.value_out(L0,·,L1,·,·)
SKIP	w4:170	fvp_runner rc=2: 	n0*=permute_copy(L0,·)
SKIP	w4:185	fvp_runner rc=2: 	n0*=native_group_norm(L0,·,·,·,·,·,·,·)
SKIP	w4:195	fvp_runner rc=2: 	n0*=where.self(L0,L1,L2)
MISMATCH	w4:200	out[0] max|delta|=1.280e+02 (rtol=0.01 atol=0.001)	n0*=mul.out(L0,L1,·)
MISMATCH	w4:212	out[0] max|delta|=9.223e+18 (rtol=0.0 atol=0.0)	n0*=bitwise_left_shift.Tensor_out(L0,L1,·)
MISMATCH	w4:217	out[0] max|delta|=2.599e-01 (rtol=0.01 atol=0.001)	n0*=index_put(L0,·,L1,·)
SKIP	w4:232	fvp_runner rc=2: no out-*.bin produced (see /tmp/fvp_job_f1patwfv/uart.log) 	n0*=stack(·,·)
SKIP	w4:231	fvp_runner rc=2: 	n0*=copy(L0,L1,·)
CRASH	w38:410	fvp_runner rc=5: >> building runner (cache miss): backend=cortex-m target=cortex-m55 ops=b0707b1a (shared SDK, no fetch) ... cortex-m runner build failed (see /tmp/fvp_job_8x2zy6ys/build.fail.log) 	n0*=linear(L0,L1,·)
SKIP	w4:242	fvp_runner rc=2: no out-*.bin produced (see /tmp/fvp_job_8q7chl7_/uart.log) 	n0*=zeros.out(·,·)
SKIP	w4:270	fvp_runner rc=2: 	n0*=_pdist_forward(L0,·)
SKIP	w4:275	fvp_runner rc=2: no out-*.bin produced (see /tmp/fvp_job_f0_ugvy8/uart.log) 	n0*=arange.out(·,·)
SKIP	w4:299	fvp_runner rc=2: no out-*.bin produced (see /tmp/fvp_job_a3wdmkz3/uart.log) 	n0*=ones.out(·,·)
TIMEOUT	w35:489	FVP exceeded job-timeout	n0*=_fft_r2c(L0,·,·,·)
SKIP	w4:388	fvp_runner rc=2: no out-*.bin produced (see /tmp/fvp_job_nwj8mnnx/uart.log) 	n0*=arange.start_out(·,·,·,·)
MISMATCH	w4:361	out[0] max|delta|=1.441e+17 (rtol=0.0 atol=0.0)	n0*=bitwise_left_shift.Tensor_Scalar(L0,·)
SKIP	w4:362	fvp_runner rc=2: 	n0*=pixel_shuffle(L0,·)
CRASH	w39:503	fvp_runner rc=5: >> building runner (cache miss): backend=cortex-m target=cortex-m55 ops=28dc928b (shared SDK, no fetch) ... cortex-m runner build failed (see /tmp/fvp_job_jpx5j5ru/build.fail.log) 	n0*=linear.out(L0,L1,·,·)
SKIP	w4:369	fvp_runner rc=2: 	n0*=expand_copy(L0,·,·)
SKIP	w4:382	fvp_runner rc=2: 	n0*=pixel_unshuffle(L0,·)
SKIP	w4:4	fvp_runner rc=2: no out-*.bin produced (see /tmp/fvp_job_hqii4dpj/uart.log) 	n0*=stack(·,·)
SKIP	w4:459	fvp_runner rc=2: 	n0*=copy(L0,L1,·)
SKIP	w4:413	fvp_runner rc=2: 	n0*=native_group_norm(L0,·,·,·,·,·,·,·)
SKIP	w4:460	fvp_runner rc=2: no out-*.bin produced (see /tmp/fvp_job_msr2g969/uart.log) 	n0*=stack(·,·)
MISMATCH	w4:437	out[0] max|delta|=9.223e+18 (rtol=0.0 atol=0.0)	n0*=bitwise_left_shift.Tensor_Scalar_out(L0,·,·)
SKIP	w4:47	fvp_runner rc=2: no out-*.bin produced (see /tmp/fvp_job_ppcrl6ez/uart.log) 	n0*=arange.out(·,·)
SKIP	w4:470	fvp_runner rc=2: no out-*.bin produced (see /tmp/fvp_job_15bbe9ui/uart.log) 	n0*=zeros.out(·,·)
SKIP	w4:498	fvp_runner rc=2: 	n0*=_pdist_forward(L0,·)
MISMATCH	w4:504	out[0] max|delta|=3.420e-01 (rtol=0.01 atol=0.001)	n0*=fmod.Tensor_out(L0,L1,·)
TIMEOUT	w35:717	FVP exceeded job-timeout	n0*=_fft_r2c(L0,·,·,·)
SKIP	w4:527	fvp_runner rc=2: no out-*.bin produced (see /tmp/fvp_job_tb4p0047/uart.log) 	n0*=ones.out(·,·)
MISMATCH	w4:532	out[0] max|delta|=1.471e+00 (rtol=0.01 atol=0.001)	n0*=fill.Scalar(L0,·)
SKIP	w4:536	fvp_runner rc=2: 	n0*=pixel_unshuffle(L0,·)
SKIP	w4:567	fvp_runner rc=2: no out-*.bin produced (see /tmp/fvp_job_eprd5u0t/uart.log) 	n0*=full.out(·,·,·)
CRASH	w39:731	fvp_runner rc=5: >> building runner (cache miss): backend=cortex-m target=cortex-m55 ops=b0707b1a (shared SDK, no fetch) ... cortex-m runner build failed (see /tmp/fvp_job_vklqnf4e/build.fail.log) 	n0*=linear.out(L0,L1,·,·)
SKIP	w4:616	fvp_runner rc=2: no out-*.bin produced (see /tmp/fvp_job_ovr6s4s5/uart.log) 	n0*=arange.start_out(·,·,·,·)
SKIP	w4:651	fvp_runner rc=2: 	n0*=where.self(L0,L1,L2)
SKIP	w4:641	fvp_runner rc=2: 	n0*=native_group_norm(L0,·,·,·,·,·,·,·)
MISMATCH	w4:673	out[0] max|delta|=2.599e-01 (rtol=0.01 atol=0.001)	n0*=index_put(L0,·,L1,·)
SKIP	w4:688	fvp_runner rc=2: no out-*.bin produced (see /tmp/fvp_job_96nhucyi/uart.log) 	n0*=stack(·,·)
SKIP	w4:698	fvp_runner rc=2: no out-*.bin produced (see /tmp/fvp_job_bq59ls18/uart.log) 	n0*=zeros.out(·,·)
SKIP	w4:71	fvp_runner rc=2: no out-*.bin produced (see /tmp/fvp_job_yt5p3vgl/uart.log) 	n0*=ones.out(·,·)
SKIP	w4:723	fvp_runner rc=2: 	n0*=native_group_norm(L0,·,·,·,·,·,·,·)
TIMEOUT	w36:255	FVP exceeded job-timeout	n0*=_fft_r2c(L0,·,·,·)
SKIP	w4:731	fvp_runner rc=2: no out-*.bin produced (see /tmp/fvp_job_27yefk_b/uart.log) 	n0*=arange.out(·,·)
TIMEOUT	w36:27	FVP exceeded job-timeout	n0*=_fft_r2c(L0,·,·,·)
SKIP	w4:755	fvp_runner rc=2: no out-*.bin produced (see /tmp/fvp_job_q1476558/uart.log) 	n0*=ones.out(·,·)
MISMATCH	w4:760	out[0] max|delta|=3.733e+00 (rtol=0.01 atol=0.001)	n0*=fill.Scalar(L0,·)
SKIP	w40:103	fvp_runner rc=2: no out-*.bin produced (see /tmp/fvp_job_xc4wmgwz/uart.log) 	n0*=stack(·,·)
CRASH	w4:555	fvp_runner rc=5: >> building runner (cache miss): backend=cortex-m target=cortex-m55 ops=28dc928b (shared SDK, no fetch) ... cortex-m runner build failed (see /tmp/fvp_job_m6ads76s/build.fail.log) 	n0*=linear.out(L0,L1,·,·)
SKIP	w40:179	fvp_runner rc=2: 	n0*=pixel_unshuffle(L0,·)
MISMATCH	w40:175	out[0] max|delta|=2.847e+00 (rtol=0.01 atol=0.001)	n0*=fill.Scalar(L0,·)
MISMATCH	w40:130	out[0] max|delta|=4.000e+00 (rtol=0.0 atol=0.0)	n0*=fmod.Scalar(L0,·)
SKIP	w40:141	fvp_runner rc=2: 	n0*=_pdist_forward(L0,·)
SKIP	w40:146	fvp_runner rc=2: no out-*.bin produced (see /tmp/fvp_job_55l78siw/uart.log) 	n0*=arange.out(·,·)
SKIP	w40:153	fvp_runner rc=2: 	n0*=pixel_shuffle(L0,·)
SKIP	w40:170	fvp_runner rc=2: no out-*.bin produced (see /tmp/fvp_job_ozxz4whg/uart.log) 	n0*=ones.out(·,·)
SKIP	w40:233	fvp_runner rc=2: 	n0*=pixel_shuffle(L0,·)
SKIP	w40:240	fvp_runner rc=2: 	n0*=expand_copy(L0,·,·)
CRASH	w4:240	fvp_runner rc=5: >> building runner (cache miss): backend=cortex-m target=cortex-m55 ops=b0707b1a (shared SDK, no fetch) ... cortex-m runner build failed (see /tmp/fvp_job_uo5nv9ta/build.fail.log) 	n0*=linear(L0,L1,·)
SKIP	w40:25	fvp_runner rc=2: 	n0*=pixel_unshuffle(L0,·)
SKIP	w40:253	fvp_runner rc=2: 	n0*=pixel_unshuffle(L0,·)
TIMEOUT	w36:483	FVP exceeded job-timeout	n0*=_fft_r2c(L0,·,·,·)
SKIP	w40:259	fvp_runner rc=2: no out-*.bin produced (see /tmp/fvp_job_kmzyhvoo/uart.log) 	n0*=arange.start_out(·,·,·,·)
MISMATCH	w40:26	out[0] max|delta|=8.000e+00 (rtol=0.0 atol=0.0)	n0*=remainder.Scalar_out(L0,·,·)
SKIP	w40:269	fvp_runner rc=2: 	n0*=permute_copy(L0,·)
SKIP	w40:294	fvp_runner rc=2: 	n0*=where.self(L0,L1,L2)
MISMATCH	w40:308	out[0] max|delta|=7.206e+16 (rtol=0.0 atol=0.0)	n0*=bitwise_left_shift.Tensor_Scalar_out(L0,·,·)
MISMATCH	w40:311	out[0] max|delta|=4.800e+01 (rtol=0.01 atol=0.001)	n0*=bitwise_left_shift.Tensor_out(L0,L1,·)
SKIP	w40:328	fvp_runner rc=2: 	n0*=topk.values(L0,·,·,·,·,L1,L2)
SKIP	w40:331	fvp_runner rc=2: no out-*.bin produced (see /tmp/fvp_job_atjs7fky/uart.log) 	n0*=stack(·,·)
SKIP	w40:341	fvp_runner rc=2: no out-*.bin produced (see /tmp/fvp_job_ucl5k8tq/uart.log) 	n0*=zeros.out(·,·)
SKIP	w40:366	fvp_runner rc=2: 	n0*=native_group_norm(L0,·,·,·,·,·,·,·)
SKIP	w40:374	fvp_runner rc=2: no out-*.bin produced (see /tmp/fvp_job_srflwltf/uart.log) 	n0*=arange.out(·,·)
SKIP	w40:381	fvp_runner rc=2: 	n0*=pixel_shuffle(L0,·)
SKIP	w40:398	fvp_runner rc=2: no out-*.bin produced (see /tmp/fvp_job_9tsm4r07/uart.log) 	n0*=ones.out(·,·)
MISMATCH	w40:421	out[0] max|delta|=6.400e+01 (rtol=0.0 atol=0.0)	n0*=bitwise_right_shift.Tensor_Scalar(L0,·)
SKIP	w40:438	fvp_runner rc=2: no out-*.bin produced (see /tmp/fvp_job_uppmf_hv/uart.log) 	n0*=full.out(·,·,·)
TIMEOUT	w36:711	FVP exceeded job-timeout	n0*=_fft_r2c(L0,·,·,·)
SKIP	w40:481	fvp_runner rc=2: 	n0*=pixel_unshuffle(L0,·)
MISMATCH	w40:503	out[0] max|delta|=3.000e+00 (rtol=0.0 atol=0.0)	n0*=prod.int_out(L0,·,·,·,·)
MISMATCH	w40:540	out[0] max|delta|=1.270e+02 (rtol=0.01 atol=0.001)	n0*=div.out_mode(L0,L1,·,·)
MISMATCH	w40:544	out[0] max|delta|=2.599e-01 (rtol=0.01 atol=0.001)	n0*=index_put(L0,·,L1,·)
CRASH	w4:327	fvp_runner rc=5: >> building runner (cache miss): backend=cortex-m target=cortex-m55 ops=b0707b1a (shared SDK, no fetch) ... cortex-m runner build failed (see /tmp/fvp_job_n6y7v83u/build.fail.log) 	n0*=linear.out(L0,L1,·,·)
SKIP	w40:559	fvp_runner rc=2: no out-*.bin produced (see /tmp/fvp_job_zrm5r8pt/uart.log) 	n0*=stack(·,·)
SKIP	w40:602	fvp_runner rc=2: no out-*.bin produced (see /tmp/fvp_job_rp1gb8mt/uart.log) 	n0*=arange.out(·,·)
SKIP	w40:609	fvp_runner rc=2: 	n0*=pixel_shuffle(L0,·)
SKIP	w40:626	fvp_runner rc=2: no out-*.bin produced (see /tmp/fvp_job_tase4gwi/uart.log) 	n0*=ones.out(·,·)
SKIP	w40:66	fvp_runner rc=2: 	n0*=where.self(L0,L1,L2)
SKIP	w40:666	fvp_runner rc=2: no out-*.bin produced (see /tmp/fvp_job_c4ah6ibn/uart.log) 	n0*=full.out(·,·,·)
MISMATCH	w40:681	out[0] max|delta|=5.000e+00 (rtol=0.0 atol=0.0)	n0*=remainder.Scalar(L0,·)
SKIP	w40:690	fvp_runner rc=2: 	n0*=scatter_add.out(L0,·,L1,L2,·)
TIMEOUT	w37:257	FVP exceeded job-timeout	n0*=_fft_r2c(L0,·,·,·)
SKIP	w40:696	fvp_runner rc=2: 	n0*=expand_copy(L0,·,·)
SKIP	w40:715	fvp_runner rc=2: no out-*.bin produced (see /tmp/fvp_job_r4c9yvxd/uart.log) 	n0*=arange.start_out(·,·,·,·)
MISMATCH	w40:750	out[0] max|delta|=2.191e+00 (rtol=0.01 atol=0.001)	n0*=where.self(L0,L1,L2)
TIMEOUT	w37:29	FVP exceeded job-timeout	n0*=_fft_r2c(L0,·,·,·)
MISMATCH	w40:80	out[0] max|delta|=2.882e+17 (rtol=0.0 atol=0.0)	n0*=bitwise_left_shift.Tensor_Scalar_out(L0,·,·)
SKIP	w41:103	fvp_runner rc=2: 	n0*=permute_copy(L0,·)
SKIP	w41:121	fvp_runner rc=2: 	n0*=minimum.out(L0,L1,·)
MISMATCH	w41:150	out[0] max|delta|=2.599e-01 (rtol=0.01 atol=0.001)	n0*=index_put(L0,·,L1,·)
SKIP	w41:157	fvp_runner rc=2: 	n0*=scatter.src_out(L0,·,L1,L2,·)
SKIP	w41:162	fvp_runner rc=2: 	n0*=topk.values(L0,·,·,·,·,L1,L2)
SKIP	w41:164	fvp_runner rc=2: 	n0*=copy(L0,L1,·)
SKIP	w41:165	fvp_runner rc=2: no out-*.bin produced (see /tmp/fvp_job_7cva2j1y/uart.log) 	n0*=stack(·,·)
CRASH	w40:111	fvp_runner rc=5: >> building runner (cache miss): backend=cortex-m target=cortex-m55 ops=b0707b1a (shared SDK, no fetch) ... cortex-m runner build failed (see /tmp/fvp_job_bdz3sndd/build.fail.log) 	n0*=linear(L0,L1,·)
SKIP	w41:175	fvp_runner rc=2: no out-*.bin produced (see /tmp/fvp_job_c9_umksl/uart.log) 	n0*=zeros.out(·,·)
SKIP	w41:232	fvp_runner rc=2: no out-*.bin produced (see /tmp/fvp_job_0ch2acc2/uart.log) 	n0*=ones.out(·,·)
TIMEOUT	w37:485	FVP exceeded job-timeout	n0*=_fft_r2c(L0,·,·,·)
MISMATCH	w41:255	out[0] max|delta|=2.560e+02 (rtol=0.0 atol=0.0)	n0*=bitwise_right_shift.Tensor_Scalar(L0,·)
MISMATCH	w41:27	out[0] max|delta|=2.000e+00 (rtol=0.0 atol=0.0)	n0*=bitwise_right_shift.Tensor_Scalar(L0,·)
SKIP	w41:272	fvp_runner rc=2: no out-*.bin produced (see /tmp/fvp_job_fxrvwi4p/uart.log) 	n0*=full.out(·,·,·)
SKIP	w41:302	fvp_runner rc=2: 	n0*=expand_copy(L0,·,·)
MISMATCH	w41:300	out[0] max|delta|=2.300e+01 (rtol=0.0 atol=0.0)	n0*=bitwise_right_shift.Tensor_Scalar_out(L0,·,·)
SKIP	w41:321	fvp_runner rc=2: no out-*.bin produced (see /tmp/fvp_job_03vpqp31/uart.log) 	n0*=arange.start_out(·,·,·,·)
SKIP	w41:346	fvp_runner rc=2: 	n0*=native_group_norm(L0,·,·,·,·,·,·,·)
MISMATCH	w41:373	out[0] max|delta|=4.800e+01 (rtol=0.01 atol=0.001)	n0*=bitwise_left_shift.Tensor_out(L0,L1,·)
SKIP	w41:392	fvp_runner rc=2: 	n0*=copy(L0,L1,·)
SKIP	w41:393	fvp_runner rc=2: no out-*.bin produced (see /tmp/fvp_job_2bvdtp1t/uart.log) 	n0*=stack(·,·)
SKIP	w41:443	fvp_runner rc=2: 	n0*=pixel_shuffle(L0,·)
SKIP	w41:4	fvp_runner rc=2: no out-*.bin produced (see /tmp/fvp_job_nailp85s/uart.log) 	n0*=ones.out(·,·)
SKIP	w41:403	fvp_runner rc=2: no out-*.bin produced (see /tmp/fvp_job_33yacyl_/uart.log) 	n0*=zeros.out(·,·)
MISMATCH	w41:419	out[0] max|delta|=9.995e-01 (rtol=0.01 atol=0.001)	n0*=remainder.Tensor_out(L0,L1,·)
SKIP	w41:431	fvp_runner rc=2: 	n0*=_pdist_forward(L0,·)
SKIP	w41:436	fvp_runner rc=2: no out-*.bin produced (see /tmp/fvp_job_623jmp8m/uart.log) 	n0*=arange.out(·,·)
SKIP	w41:44	fvp_runner rc=2: no out-*.bin produced (see /tmp/fvp_job_r8ygr927/uart.log) 	n0*=full.out(·,·,·)
TIMEOUT	w37:713	FVP exceeded job-timeout	n0*=_fft_r2c(L0,·,·,·)
SKIP	w41:460	fvp_runner rc=2: no out-*.bin produced (see /tmp/fvp_job_4otkvn4t/uart.log) 	n0*=ones.out(·,·)
SKIP	w41:500	fvp_runner rc=2: no out-*.bin produced (see /tmp/fvp_job_vingt7zl/uart.log) 	n0*=full.out(·,·,·)
SKIP	w41:524	fvp_runner rc=2: 	n0*=scatter_add.out(L0,·,L1,L2,·)
SKIP	w41:555	fvp_runner rc=2: 	n0*=scatter.value_out(L0,·,L1,·,·)
CRASH	w41:260	fvp_runner rc=5: >> building runner (cache miss): backend=cortex-m target=cortex-m55 ops=28dc928b (shared SDK, no fetch) ... cortex-m runner build failed (see /tmp/fvp_job_oxajka9m/build.fail.log) 	n0*=linear.out(L0,L1,·,·)
TIMEOUT	w38:12	FVP exceeded job-timeout	n0*=_fft_r2c(L0,·,·,·)
MISMATCH	w41:601	out[0] max|delta|=4.800e+01 (rtol=0.01 atol=0.001)	n0*=bitwise_left_shift.Tensor_out(L0,L1,·)
MISMATCH	w41:606	out[0] max|delta|=2.599e-01 (rtol=0.01 atol=0.001)	n0*=index_put(L0,·,L1,·)
SKIP	w41:618	fvp_runner rc=2: 	n0*=topk.values(L0,·,·,·,·,L1,L2)
SKIP	w41:621	fvp_runner rc=2: no out-*.bin produced (see /tmp/fvp_job_x7pe31k7/uart.log) 	n0*=stack(·,·)
CRASH	w41:32	fvp_runner rc=5: >> building runner (cache miss): backend=cortex-m target=cortex-m55 ops=b0707b1a (shared SDK, no fetch) ... cortex-m runner build failed (see /tmp/fvp_job_fk5mzcn2/build.fail.log) 	n0*=linear.out(L0,L1,·,·)
MISMATCH	w41:647	out[0] max|delta|=4.000e+00 (rtol=0.0 atol=0.0)	n0*=remainder.Tensor_out(L0,L1,·)
SKIP	w41:659	fvp_runner rc=2: 	n0*=_pdist_forward(L0,·)
SKIP	w41:664	fvp_runner rc=2: no out-*.bin produced (see /tmp/fvp_job_aiuamfff/uart.log) 	n0*=arange.out(·,·)
SKIP	w41:671	fvp_runner rc=2: 	n0*=pixel_shuffle(L0,·)
TIMEOUT	w38:240	FVP exceeded job-timeout	n0*=_fft_r2c(L0,·,·,·)
SKIP	w41:728	fvp_runner rc=2: no out-*.bin produced (see /tmp/fvp_job_syxxyo5t/uart.log) 	n0*=full.out(·,·,·)
SKIP	w41:777	fvp_runner rc=2: no out-*.bin produced (see /tmp/fvp_job_yyvhtpt5/uart.log) 	n0*=arange.start_out(·,·,·,·)
MISMATCH	w41:9	out[0] max|delta|=4.980e-01 (rtol=0.01 atol=0.001)	n0*=fill.Scalar(L0,·)
SKIP	w42:112	fvp_runner rc=2: 	n0*=native_group_norm(L0,·,·,·,·,·,·,·)
SKIP	w42:122	fvp_runner rc=2: 	n0*=where.self(L0,L1,L2)
MISMATCH	w42:127	out[0] max|delta|=1.280e+02 (rtol=0.01 atol=0.001)	n0*=mul.out(L0,L1,·)
MISMATCH	w42:139	out[0] max|delta|=9.223e+18 (rtol=0.0 atol=0.0)	n0*=bitwise_left_shift.Tensor_out(L0,L1,·)
SKIP	w42:159	fvp_runner rc=2: no out-*.bin produced (see /tmp/fvp_job_6rs961sp/uart.log) 	n0*=stack(·,·)
SKIP	w42:169	fvp_runner rc=2: no out-*.bin produced (see /tmp/fvp_job_9hmba156/uart.log) 	n0*=zeros.out(·,·)
SKIP	w42:187	fvp_runner rc=2: 	n0*=max.dim_max(L0,·,·,L1,L2)
SKIP	w42:194	fvp_runner rc=2: 	n0*=native_group_norm(L0,·,·,·,·,·,·,·)
SKIP	w42:197	fvp_runner rc=2: 	n0*=_pdist_forward(L0,·)
SKIP	w42:202	fvp_runner rc=2: no out-*.bin produced (see /tmp/fvp_job_ih21k6jz/uart.log) 	n0*=arange.out(·,·)
CRASH	w41:488	fvp_runner rc=5: >> building runner (cache miss): backend=cortex-m target=cortex-m55 ops=28dc928b (shared SDK, no fetch) ... cortex-m runner build failed (see /tmp/fvp_job_xssca6qu/build.fail.log) 	n0*=linear.out(L0,L1,·,·)
SKIP	w42:209	fvp_runner rc=2: 	n0*=pixel_shuffle(L0,·)
MISMATCH	w42:21	out[0] max|delta|=1.280e+02 (rtol=0.0 atol=0.0)	n0*=bitwise_right_shift.Tensor_Scalar(L0,·)
SKIP	w42:226	fvp_runner rc=2: no out-*.bin produced (see /tmp/fvp_job_3qany5tv/uart.log) 	n0*=ones.out(·,·)
MISMATCH	w42:231	out[0] max|delta|=1.459e+00 (rtol=0.01 atol=0.001)	n0*=fill.Scalar(L0,·)
TIMEOUT	w38:468	FVP exceeded job-timeout	n0*=_fft_r2c(L0,·,·,·)
SKIP	w42:315	fvp_runner rc=2: no out-*.bin produced (see /tmp/fvp_job_2ls4sntr/uart.log) 	n0*=arange.start_out(·,·,·,·)
SKIP	w42:266	fvp_runner rc=2: no out-*.bin produced (see /tmp/fvp_job_c4rfz4te/uart.log) 	n0*=full.out(·,·,·)
CRASH	w41:629	fvp_runner rc=5: >> building runner (cache miss): backend=cortex-m target=cortex-m55 ops=b0707b1a (shared SDK, no fetch) ... cortex-m runner build failed (see /tmp/fvp_job_6zky7ve9/build.fail.log) 	n0*=linear(L0,L1,·)
SKIP	w42:282	fvp_runner rc=2: 	n0*=transpose_copy.int(L0,·,·)
MISMATCH	w42:288	out[0] max|delta|=5.765e+17 (rtol=0.0 atol=0.0)	n0*=bitwise_left_shift.Tensor_Scalar(L0,·)
MISMATCH	w42:3	out[0] max|delta|=2.392e+00 (rtol=0.01 atol=0.001)	n0*=fill.Scalar(L0,·)
MISMATCH	w42:310	out[0] max|delta|=3.000e+00 (rtol=0.01 atol=0.001)	n0*=remainder.Scalar_out(L0,·,·)
MISMATCH	w42:367	out[0] max|delta|=9.223e+18 (rtol=0.0 atol=0.0)	n0*=bitwise_left_shift.Tensor_out(L0,L1,·)
MISMATCH	w42:372	out[0] max|delta|=2.599e-01 (rtol=0.01 atol=0.001)	n0*=index_put(L0,·,L1,·)
SKIP	w42:38	fvp_runner rc=2: no out-*.bin produced (see /tmp/fvp_job_rqx9scaq/uart.log) 	n0*=full.out(·,·,·)
SKIP	w42:387	fvp_runner rc=2: no out-*.bin produced (see /tmp/fvp_job_8hkrzuwk/uart.log) 	n0*=stack(·,·)
SKIP	w42:340	fvp_runner rc=2: 	n0*=native_group_norm(L0,·,·,·,·,·,·,·)
SKIP	w42:386	fvp_runner rc=2: 	n0*=copy(L0,L1,·)
SKIP	w42:397	fvp_runner rc=2: no out-*.bin produced (see /tmp/fvp_job_tzuulhf9/uart.log) 	n0*=zeros.out(·,·)
MISMATCH	w42:414	out[0] max|delta|=4.000e+00 (rtol=0.0 atol=0.0)	n0*=fmod.Scalar(L0,·)
SKIP	w42:425	fvp_runner rc=2: 	n0*=_pdist_forward(L0,·)
SKIP	w42:430	fvp_runner rc=2: no out-*.bin produced (see /tmp/fvp_job_0jleeshi/uart.log) 	n0*=arange.out(·,·)
SKIP	w42:437	fvp_runner rc=2: 	n0*=pixel_shuffle(L0,·)
MISMATCH	w42:522	out[0] max|delta|=9.500e+01 (rtol=0.0 atol=0.0)	n0*=bitwise_right_shift.Tensor_Scalar_out(L0,·,·)
SKIP	w42:454	fvp_runner rc=2: no out-*.bin produced (see /tmp/fvp_job_ji0_oq9f/uart.log) 	n0*=ones.out(·,·)
MISMATCH	w42:459	out[0] max|delta|=2.412e+00 (rtol=0.01 atol=0.001)	n0*=fill.Scalar(L0,·)
SKIP	w42:494	fvp_runner rc=2: no out-*.bin produced (see /tmp/fvp_job_jbflu93o/uart.log) 	n0*=full.out(·,·,·)
MISMATCH	w42:509	out[0] max|delta|=2.000e+00 (rtol=0.0 atol=0.0)	n0*=remainder.Scalar(L0,·)
MISMATCH	w42:516	out[0] max|delta|=9.223e+18 (rtol=0.0 atol=0.0)	n0*=bitwise_left_shift.Tensor_Scalar(L0,·)
TIMEOUT	w38:696	FVP exceeded job-timeout	n0*=_fft_r2c(L0,·,·,·)
SKIP	w42:543	fvp_runner rc=2: no out-*.bin produced (see /tmp/fvp_job_smmlffl6/uart.log) 	n0*=arange.start_out(·,·,·,·)
MISMATCH	w42:578	out[0] max|delta|=5.500e-01 (rtol=0.01 atol=0.001)	n0*=where.self(L0,L1,L2)
MISMATCH	w42:592	out[0] max|delta|=2.882e+17 (rtol=0.0 atol=0.0)	n0*=bitwise_left_shift.Tensor_Scalar_out(L0,·,·)
SKIP	w42:658	fvp_runner rc=2: no out-*.bin produced (see /tmp/fvp_job_mtqmpxaq/uart.log) 	n0*=arange.out(·,·)
MISMATCH	w42:60	out[0] max|delta|=5.765e+17 (rtol=0.0 atol=0.0)	n0*=bitwise_left_shift.Tensor_Scalar(L0,·)
MISMATCH	w42:600	out[0] max|delta|=2.599e-01 (rtol=0.01 atol=0.001)	n0*=index_put(L0,·,L1,·)
SKIP	w42:612	fvp_runner rc=2: 	n0*=topk.values(L0,·,·,·,·,L1,L2)
SKIP	w42:614	fvp_runner rc=2: 	n0*=copy(L0,L1,·)
SKIP	w42:615	fvp_runner rc=2: no out-*.bin produced (see /tmp/fvp_job_fb5wstqe/uart.log) 	n0*=stack(·,·)
SKIP	w42:625	fvp_runner rc=2: no out-*.bin produced (see /tmp/fvp_job_14p8wh9x/uart.log) 	n0*=zeros.out(·,·)
SKIP	w42:626	fvp_runner rc=2: 	n0*=min.dim_min(L0,·,·,L1,L2)
SKIP	w42:653	fvp_runner rc=2: 	n0*=_pdist_forward(L0,·)
CRASH	w42:254	fvp_runner rc=5: >> building runner (cache miss): backend=cortex-m target=cortex-m55 ops=b0707b1a (shared SDK, no fetch) ... cortex-m runner build failed (see /tmp/fvp_job_3lvi09qc/build.fail.log) 	n0*=linear.out(L0,L1,·,·)
TIMEOUT	w39:18	FVP exceeded job-timeout	n0*=_fft_r2c(L0,·,·,·)
SKIP	w42:665	fvp_runner rc=2: 	n0*=pixel_shuffle(L0,·)
SKIP	w42:682	fvp_runner rc=2: no out-*.bin produced (see /tmp/fvp_job_5gimu4u8/uart.log) 	n0*=ones.out(·,·)
SKIP	w42:722	fvp_runner rc=2: no out-*.bin produced (see /tmp/fvp_job_s61huzr0/uart.log) 	n0*=full.out(·,·,·)
MISMATCH	w42:737	out[0] max|delta|=7.000e+00 (rtol=0.0 atol=0.0)	n0*=remainder.Scalar(L0,·)
TIMEOUT	w39:246	FVP exceeded job-timeout	n0*=_fft_r2c(L0,·,·,·)
SKIP	w42:745	fvp_runner rc=2: 	n0*=pixel_shuffle(L0,·)
SKIP	w43:103	fvp_runner rc=2: no out-*.bin produced (see /tmp/fvp_job_k11cwppk/uart.log) 	n0*=zeros.out(·,·)
SKIP	w42:765	fvp_runner rc=2: 	n0*=pixel_unshuffle(L0,·)
SKIP	w42:781	fvp_runner rc=2: 	n0*=permute_copy(L0,·)
SKIP	w42:97	fvp_runner rc=2: 	n0*=permute_copy(L0,·)
SKIP	w43:104	fvp_runner rc=2: 	n0*=min.dim_min(L0,·,·,L1,L2)
SKIP	w43:131	fvp_runner rc=2: 	n0*=_pdist_forward(L0,·)
SKIP	w43:136	fvp_runner rc=2: no out-*.bin produced (see /tmp/fvp_job_xf8c3k69/uart.log) 	n0*=arange.out(·,·)
SKIP	w43:143	fvp_runner rc=2: 	n0*=pixel_shuffle(L0,·)
SKIP	w43:15	fvp_runner rc=2: 	n0*=pixel_unshuffle(L0,·)
SKIP	w43:169	fvp_runner rc=2: 	n0*=pixel_unshuffle(L0,·)
MISMATCH	w43:183	out[0] max|delta|=2.560e+02 (rtol=0.0 atol=0.0)	n0*=bitwise_right_shift.Tensor_Scalar(L0,·)
SKIP	w43:2	fvp_runner rc=2: 	n0*=expand_copy(L0,·,·)
SKIP	w43:200	fvp_runner rc=2: no out-*.bin produced (see /tmp/fvp_job_t24j5ubr/uart.log) 	n0*=full.out(·,·,·)
SKIP	w43:21	fvp_runner rc=2: no out-*.bin produced (see /tmp/fvp_job_k5h239vx/uart.log) 	n0*=arange.start_out(·,·,·,·)
SKIP	w43:249	fvp_runner rc=2: no out-*.bin produced (see /tmp/fvp_job_nvboyi_x/uart.log) 	n0*=arange.start_out(·,·,·,·)
SKIP	w43:269	fvp_runner rc=2: 	n0*=convolution(L0,L1,·,·,·,·,·,·,·)
MISMATCH	w43:301	out[0] max|delta|=2.306e+18 (rtol=0.0 atol=0.0)	n0*=bitwise_left_shift.Tensor_out(L0,L1,·)
TIMEOUT	w39:474	FVP exceeded job-timeout	n0*=_fft_r2c(L0,·,·,·)
CRASH	w42:482	fvp_runner rc=5: >> building runner (cache miss): backend=cortex-m target=cortex-m55 ops=b0707b1a (shared SDK, no fetch) ... cortex-m runner build failed (see /tmp/fvp_job_nmxmbr_y/build.fail.log) 	n0*=linear.out(L0,L1,·,·)
SKIP	w43:31	fvp_runner rc=2: 	n0*=permute_copy(L0,·)
SKIP	w43:313	fvp_runner rc=2: 	n0*=scatter.src_out(L0,·,L1,L2,·)
SKIP	w43:321	fvp_runner rc=2: no out-*.bin produced (see /tmp/fvp_job_vy96f83i/uart.log) 	n0*=stack(·,·)
SKIP	w43:331	fvp_runner rc=2: no out-*.bin produced (see /tmp/fvp_job_o6p1uh3v/uart.log) 	n0*=zeros.out(·,·)
SKIP	w43:359	fvp_runner rc=2: 	n0*=_pdist_forward(L0,·)
SKIP	w43:364	fvp_runner rc=2: no out-*.bin produced (see /tmp/fvp_job_qzgxc69s/uart.log) 	n0*=arange.out(·,·)
SKIP	w43:428	fvp_runner rc=2: no out-*.bin produced (see /tmp/fvp_job_mzaew6ql/uart.log) 	n0*=full.out(·,·,·)
MISMATCH	w43:37	out[0] max|delta|=1.000e+00 (rtol=0.0 atol=0.0)	n0*=prod.int_out(L0,·,·,·,·)
SKIP	w43:371	fvp_runner rc=2: 	n0*=pixel_shuffle(L0,·)
MISMATCH	w43:379	out[0] max|delta|=2.175e+00 (rtol=0.01 atol=0.001)	n0*=max_pool2d_with_indices_backward.grad_input(L0,L1,·,·,·,·,·,L2,L3)
SKIP	w43:388	fvp_runner rc=2: no out-*.bin produced (see /tmp/fvp_job_14lyy2dz/uart.log) 	n0*=ones.out(·,·)
SKIP	w43:397	fvp_runner rc=2: 	n0*=pixel_unshuffle(L0,·)
SKIP	w43:46	fvp_runner rc=2: 	n0*=native_group_norm(L0,·,·,·,·,·,·,·)
SKIP	w43:477	fvp_runner rc=2: no out-*.bin produced (see /tmp/fvp_job_n0xi9qbh/uart.log) 	n0*=arange.start_out(·,·,·,·)
SKIP	w43:559	fvp_runner rc=2: no out-*.bin produced (see /tmp/fvp_job_ktqpcdut/uart.log) 	n0*=zeros.out(·,·)
SKIP	w43:541	fvp_runner rc=2: 	n0*=scatter.src_out(L0,·,L1,L2,·)
SKIP	w43:549	fvp_runner rc=2: no out-*.bin produced (see /tmp/fvp_job_e__yhjw2/uart.log) 	n0*=stack(·,·)
TIMEOUT	w39:702	FVP exceeded job-timeout	n0*=_fft_r2c(L0,·,·,·)
SKIP	w43:599	fvp_runner rc=2: 	n0*=pixel_shuffle(L0,·)
SKIP	w43:616	fvp_runner rc=2: no out-*.bin produced (see /tmp/fvp_job_gtfa7cs6/uart.log) 	n0*=ones.out(·,·)
CRASH	w42:623	fvp_runner rc=5: >> building runner (cache miss): backend=cortex-m target=cortex-m55 ops=b0707b1a (shared SDK, no fetch) ... cortex-m runner build failed (see /tmp/fvp_job_x3j3g52h/build.fail.log) 	n0*=linear(L0,L1,·)
SKIP	w43:656	fvp_runner rc=2: no out-*.bin produced (see /tmp/fvp_job_3lj60e3i/uart.log) 	n0*=full.out(·,·,·)
SKIP	w43:705	fvp_runner rc=2: no out-*.bin produced (see /tmp/fvp_job_u01fmki5/uart.log) 	n0*=arange.start_out(·,·,·,·)
MISMATCH	w43:762	out[0] max|delta|=2.599e-01 (rtol=0.01 atol=0.001)	n0*=index_put(L0,·,L1,·)
MISMATCH	w43:73	out[0] max|delta|=2.306e+18 (rtol=0.0 atol=0.0)	n0*=bitwise_left_shift.Tensor_out(L0,L1,·)
SKIP	w43:740	fvp_runner rc=2: 	n0*=where.self(L0,L1,L2)
SKIP	w43:777	fvp_runner rc=2: no out-*.bin produced (see /tmp/fvp_job_y3gg97eu/uart.log) 	n0*=stack(·,·)
MISMATCH	w43:78	out[0] max|delta|=2.599e-01 (rtol=0.01 atol=0.001)	n0*=index_put(L0,·,L1,·)
SKIP	w43:90	fvp_runner rc=2: 	n0*=topk.values(L0,·,·,·,·,L1,L2)
SKIP	w43:92	fvp_runner rc=2: 	n0*=copy(L0,L1,·)
SKIP	w43:93	fvp_runner rc=2: no out-*.bin produced (see /tmp/fvp_job_2a1fq40p/uart.log) 	n0*=stack(·,·)
MISMATCH	w44:127	out[0] max|delta|=2.599e-01 (rtol=0.01 atol=0.001)	n0*=index_put(L0,·,L1,·)
SKIP	w44:142	fvp_runner rc=2: no out-*.bin produced (see /tmp/fvp_job_n65g4410/uart.log) 	n0*=stack(·,·)
SKIP	w44:152	fvp_runner rc=2: no out-*.bin produced (see /tmp/fvp_job_qlv878d0/uart.log) 	n0*=zeros.out(·,·)
MISMATCH	w44:154	out[0] max|delta|=1.280e+02 (rtol=0.01 atol=0.001)	n0*=logit(L0,·)
TIMEOUT	w4:298	FVP exceeded job-timeout	n0*=_fft_r2c(L0,·,·,·)
SKIP	w44:185	fvp_runner rc=2: no out-*.bin produced (see /tmp/fvp_job_ohx9zz8f/uart.log) 	n0*=arange.out(·,·)
SKIP	w44:180	fvp_runner rc=2: 	n0*=_pdist_forward(L0,·)
SKIP	w44:192	fvp_runner rc=2: 	n0*=pixel_shuffle(L0,·)
SKIP	w44:209	fvp_runner rc=2: no out-*.bin produced (see /tmp/fvp_job_nypj2j1r/uart.log) 	n0*=ones.out(·,·)
SKIP	w44:21	fvp_runner rc=2: no out-*.bin produced (see /tmp/fvp_job_93ettp8j/uart.log) 	n0*=full.out(·,·,·)
SKIP	w44:218	fvp_runner rc=2: 	n0*=pixel_unshuffle(L0,·)
SKIP	w44:249	fvp_runner rc=2: no out-*.bin produced (see /tmp/fvp_job_05k4tld7/uart.log) 	n0*=full.out(·,·,·)
SKIP	w44:298	fvp_runner rc=2: no out-*.bin produced (see /tmp/fvp_job_9iikcvqd/uart.log) 	n0*=arange.start_out(·,·,·,·)
CRASH	w43:329	fvp_runner rc=5: >> building runner (cache miss): backend=cortex-m target=cortex-m55 ops=b0707b1a (shared SDK, no fetch) ... cortex-m runner build failed (see /tmp/fvp_job_8fhg8gir/build.fail.log) 	n0*=linear(L0,L1,·)
SKIP	w44:380	fvp_runner rc=2: no out-*.bin produced (see /tmp/fvp_job_vhcpu8v9/uart.log) 	n0*=zeros.out(·,·)
SKIP	w44:326	fvp_runner rc=2: 	n0*=minimum.out(L0,L1,·)
SKIP	w44:381	fvp_runner rc=2: 	n0*=min.dim_min(L0,·,·,L1,L2)
SKIP	w44:333	fvp_runner rc=2: 	n0*=where.self(L0,L1,L2)
MISMATCH	w44:382	out[0] max|delta|=1.280e+02 (rtol=0.01 atol=0.001)	n0*=logit(L0,·)
MISMATCH	w44:355	out[0] max|delta|=2.599e-01 (rtol=0.01 atol=0.001)	n0*=index_put(L0,·,L1,·)
SKIP	w44:367	fvp_runner rc=2: 	n0*=topk.values(L0,·,·,·,·,L1,L2)
SKIP	w44:370	fvp_runner rc=2: no out-*.bin produced (see /tmp/fvp_job_c7g_j6zb/uart.log) 	n0*=stack(·,·)
SKIP	w44:437	fvp_runner rc=2: no out-*.bin produced (see /tmp/fvp_job_fx8tefp8/uart.log) 	n0*=ones.out(·,·)
SKIP	w44:405	fvp_runner rc=2: 	n0*=native_group_norm(L0,·,·,·,·,·,·,·)
SKIP	w44:45	fvp_runner rc=2: 	n0*=scatter_add.out(L0,·,L1,L2,·)
SKIP	w44:408	fvp_runner rc=2: 	n0*=_pdist_forward(L0,·)
SKIP	w44:413	fvp_runner rc=2: no out-*.bin produced (see /tmp/fvp_job_vlk5bq6t/uart.log) 	n0*=arange.out(·,·)
SKIP	w44:420	fvp_runner rc=2: 	n0*=pixel_shuffle(L0,·)
TIMEOUT	w4:526	FVP exceeded job-timeout	n0*=_fft_r2c(L0,·,·,·)
SKIP	w44:477	fvp_runner rc=2: no out-*.bin produced (see /tmp/fvp_job_ifa3qp6t/uart.log) 	n0*=full.out(·,·,·)
SKIP	w44:520	fvp_runner rc=2: 	n0*=pixel_unshuffle(L0,·)
SKIP	w44:561	fvp_runner rc=2: 	n0*=where.self(L0,L1,L2)
MISMATCH	w44:578	out[0] max|delta|=4.800e+01 (rtol=0.01 atol=0.001)	n0*=bitwise_left_shift.Tensor_out(L0,L1,·)
SKIP	w44:598	fvp_runner rc=2: no out-*.bin produced (see /tmp/fvp_job_3we_m8j7/uart.log) 	n0*=stack(·,·)
TIMEOUT	w4:70	FVP exceeded job-timeout	n0*=_fft_r2c(L0,·,·,·)
SKIP	w44:633	fvp_runner rc=2: 	n0*=native_group_norm(L0,·,·,·,·,·,·,·)
SKIP	w44:636	fvp_runner rc=2: 	n0*=_pdist_forward(L0,·)
MISMATCH	w44:642	out[0] max|delta|=5.064e-01 (rtol=0.01 atol=0.001)	n0*=fmod.Tensor_out(L0,L1,·)
MISMATCH	w44:670	out[0] max|delta|=9.882e-01 (rtol=0.01 atol=0.001)	n0*=fill.Scalar(L0,·)
SKIP	w44:674	fvp_runner rc=2: 	n0*=pixel_unshuffle(L0,·)
TIMEOUT	w4:754	FVP exceeded job-timeout	n0*=_fft_r2c(L0,·,·,·)
MISMATCH	w44:688	out[0] max|delta|=1.600e+01 (rtol=0.0 atol=0.0)	n0*=bitwise_right_shift.Tensor_Scalar(L0,·)
SKIP	w44:705	fvp_runner rc=2: no out-*.bin produced (see /tmp/fvp_job_zsbps7v8/uart.log) 	n0*=full.out(·,·,·)
MISMATCH	w44:720	out[0] max|delta|=3.000e+00 (rtol=0.0 atol=0.0)	n0*=remainder.Scalar(L0,·)
MISMATCH	w44:727	out[0] max|delta|=2.306e+18 (rtol=0.0 atol=0.0)	n0*=bitwise_left_shift.Tensor_Scalar(L0,·)
SKIP	w44:735	fvp_runner rc=2: 	n0*=expand_copy(L0,·,·)
SKIP	w44:748	fvp_runner rc=2: 	n0*=pixel_unshuffle(L0,·)
MISMATCH	w44:749	out[0] max|delta|=6.000e+00 (rtol=0.0 atol=0.0)	n0*=remainder.Scalar_out(L0,·,·)
MISMATCH	w45:0	out[0] max|delta|=4.980e-01 (rtol=0.01 atol=0.001)	n0*=fill.Scalar(L0,·)
TIMEOUT	w40:169	FVP exceeded job-timeout	n0*=_fft_r2c(L0,·,·,·)
SKIP	w45:199	fvp_runner rc=2: no out-*.bin produced (see /tmp/fvp_job_rrveqtx1/uart.log) 	n0*=arange.out(·,·)
SKIP	w45:156	fvp_runner rc=2: no out-*.bin produced (see /tmp/fvp_job_l1pjampw/uart.log) 	n0*=stack(·,·)
SKIP	w45:166	fvp_runner rc=2: no out-*.bin produced (see /tmp/fvp_job_j2evc0yz/uart.log) 	n0*=zeros.out(·,·)
MISMATCH	w45:18	out[0] max|delta|=1.280e+02 (rtol=0.0 atol=0.0)	n0*=bitwise_right_shift.Tensor_Scalar(L0,·)
SKIP	w45:194	fvp_runner rc=2: 	n0*=_pdist_forward(L0,·)
CRASH	w44:606	fvp_runner rc=5: >> building runner (cache miss): backend=cortex-m target=cortex-m55 ops=b0707b1a (shared SDK, no fetch) ... cortex-m runner build failed (see /tmp/fvp_job_ofhzflsb/build.fail.log) 	n0*=linear(L0,L1,·)
SKIP	w45:223	fvp_runner rc=2: no out-*.bin produced (see /tmp/fvp_job__ll6um8x/uart.log) 	n0*=ones.out(·,·)
SKIP	w45:286	fvp_runner rc=2: 	n0*=pixel_shuffle(L0,·)
SKIP	w45:293	fvp_runner rc=2: 	n0*=expand_copy(L0,·,·)
SKIP	w45:306	fvp_runner rc=2: 	n0*=pixel_unshuffle(L0,·)
SKIP	w45:312	fvp_runner rc=2: no out-*.bin produced (see /tmp/fvp_job_x3ztg5ty/uart.log) 	n0*=arange.start_out(·,·,·,·)
SKIP	w45:318	fvp_runner rc=2: 	n0*=scatter.value_out(L0,·,L1,·,·)
SKIP	w45:35	fvp_runner rc=2: no out-*.bin produced (see /tmp/fvp_job_7rtf4ewj/uart.log) 	n0*=full.out(·,·,·)
MISMATCH	w45:361	out[0] max|delta|=2.882e+17 (rtol=0.0 atol=0.0)	n0*=bitwise_left_shift.Tensor_Scalar_out(L0,·,·)
MISMATCH	w45:364	out[0] max|delta|=2.306e+18 (rtol=0.0 atol=0.0)	n0*=bitwise_left_shift.Tensor_out(L0,L1,·)
MISMATCH	w45:369	out[0] max|delta|=2.599e-01 (rtol=0.01 atol=0.001)	n0*=index_put(L0,·,L1,·)
SKIP	w45:384	fvp_runner rc=2: no out-*.bin produced (see /tmp/fvp_job_kzyxknqy/uart.log) 	n0*=stack(·,·)
SKIP	w45:394	fvp_runner rc=2: no out-*.bin produced (see /tmp/fvp_job__s1l7bq8/uart.log) 	n0*=zeros.out(·,·)
TIMEOUT	w40:397	FVP exceeded job-timeout	n0*=_fft_r2c(L0,·,·,·)
MISMATCH	w45:410	out[0] max|delta|=1.000e+00 (rtol=0.01 atol=0.001)	n0*=remainder.Tensor_out(L0,L1,·)
SKIP	w45:427	fvp_runner rc=2: no out-*.bin produced (see /tmp/fvp_job_60xamo5x/uart.log) 	n0*=arange.out(·,·)
SKIP	w45:451	fvp_runner rc=2: no out-*.bin produced (see /tmp/fvp_job_99vf8eir/uart.log) 	n0*=ones.out(·,·)
MISMATCH	w45:456	out[0] max|delta|=3.322e+00 (rtol=0.01 atol=0.001)	n0*=fill.Scalar(L0,·)
SKIP	w45:491	fvp_runner rc=2: no out-*.bin produced (see /tmp/fvp_job__7qz6yvh/uart.log) 	n0*=full.out(·,·,·)
SKIP	w45:540	fvp_runner rc=2: no out-*.bin produced (see /tmp/fvp_job_n7nqiiue/uart.log) 	n0*=arange.start_out(·,·,·,·)
CRASH	w45:23	fvp_runner rc=5: >> building runner (cache miss): backend=cortex-m target=cortex-m55 ops=b0707b1a (shared SDK, no fetch) ... cortex-m runner build failed (see /tmp/fvp_job_pjpx7kuq/build.fail.log) 	n0*=linear.out(L0,L1,·,·)
SKIP	w45:622	fvp_runner rc=2: no out-*.bin produced (see /tmp/fvp_job_ymq5vld9/uart.log) 	n0*=zeros.out(·,·)
MISMATCH	w45:592	out[0] max|delta|=4.800e+01 (rtol=0.01 atol=0.001)	n0*=bitwise_left_shift.Tensor_out(L0,L1,·)
SKIP	w45:612	fvp_runner rc=2: no out-*.bin produced (see /tmp/fvp_job_62eomrc9/uart.log) 	n0*=stack(·,·)
SKIP	w45:688	fvp_runner rc=2: 	n0*=pixel_unshuffle(L0,·)
SKIP	w45:650	fvp_runner rc=2: 	n0*=_pdist_forward(L0,·)
SKIP	w45:662	fvp_runner rc=2: 	n0*=pixel_shuffle(L0,·)
TIMEOUT	w40:625	FVP exceeded job-timeout	n0*=_fft_r2c(L0,·,·,·)
SKIP	w45:679	fvp_runner rc=2: no out-*.bin produced (see /tmp/fvp_job_svmtl2b8/uart.log) 	n0*=ones.out(·,·)
SKIP	w45:719	fvp_runner rc=2: no out-*.bin produced (see /tmp/fvp_job_5p8arvmf/uart.log) 	n0*=full.out(·,·,·)
SKIP	w45:749	fvp_runner rc=2: 	n0*=expand_copy(L0,·,·)
SKIP	w45:78	fvp_runner rc=2: 	n0*=pixel_unshuffle(L0,·)
SKIP	w45:84	fvp_runner rc=2: no out-*.bin produced (see /tmp/fvp_job_1rqeacij/uart.log) 	n0*=arange.start_out(·,·,·,·)
SKIP	w46:154	fvp_runner rc=2: no out-*.bin produced (see /tmp/fvp_job_ub2rfkge/uart.log) 	n0*=stack(·,·)
SKIP	w46:164	fvp_runner rc=2: no out-*.bin produced (see /tmp/fvp_job_d8o91vqb/uart.log) 	n0*=zeros.out(·,·)
SKIP	w46:192	fvp_runner rc=2: 	n0*=_pdist_forward(L0,·)
SKIP	w46:197	fvp_runner rc=2: no out-*.bin produced (see /tmp/fvp_job_jvcij9s2/uart.log) 	n0*=arange.out(·,·)
SKIP	w46:221	fvp_runner rc=2: no out-*.bin produced (see /tmp/fvp_job_7pzucxzw/uart.log) 	n0*=ones.out(·,·)
CRASH	w45:620	fvp_runner rc=5: >> building runner (cache miss): backend=cortex-m target=cortex-m55 ops=b0707b1a (shared SDK, no fetch) ... cortex-m runner build failed (see /tmp/fvp_job__l2jczqs/build.fail.log) 	n0*=linear(L0,L1,·)
TIMEOUT	w41:231	FVP exceeded job-timeout	n0*=_fft_r2c(L0,·,·,·)
SKIP	w46:261	fvp_runner rc=2: no out-*.bin produced (see /tmp/fvp_job_b62u537z/uart.log) 	n0*=full.out(·,·,·)
MISMATCH	w46:271	out[0] max|delta|=1.000e+00 (rtol=0.0 atol=0.0)	n0*=logical_and(L0,L1)
SKIP	w46:284	fvp_runner rc=2: 	n0*=pixel_shuffle(L0,·)
SKIP	w46:291	fvp_runner rc=2: 	n0*=expand_copy(L0,·,·)
SKIP	w46:33	fvp_runner rc=2: no out-*.bin produced (see /tmp/fvp_job_7zygz3bq/uart.log) 	n0*=full.out(·,·,·)
SKIP	w46:310	fvp_runner rc=2: no out-*.bin produced (see /tmp/fvp_job_u6vbu7y9/uart.log) 	n0*=arange.start_out(·,·,·,·)
TIMEOUT	w41:3	FVP exceeded job-timeout	n0*=_fft_r2c(L0,·,·,·)
SKIP	w46:345	fvp_runner rc=2: 	n0*=where.self(L0,L1,L2)
MISMATCH	w46:367	out[0] max|delta|=2.599e-01 (rtol=0.01 atol=0.001)	n0*=index_put(L0,·,L1,·)
SKIP	w46:379	fvp_runner rc=2: 	n0*=topk.values(L0,·,·,·,·,L1,L2)
SKIP	w46:382	fvp_runner rc=2: no out-*.bin produced (see /tmp/fvp_job_j8vg3ks9/uart.log) 	n0*=stack(·,·)
SKIP	w46:392	fvp_runner rc=2: no out-*.bin produced (see /tmp/fvp_job_jrrl9uud/uart.log) 	n0*=zeros.out(·,·)
SKIP	w46:432	fvp_runner rc=2: 	n0*=pixel_shuffle(L0,·)
MISMATCH	w46:440	out[0] max|delta|=1.163e+00 (rtol=0.01 atol=0.001)	n0*=max_pool2d_with_indices_backward.grad_input(L0,L1,·,·,·,·,·,L2,L3)
SKIP	w46:449	fvp_runner rc=2: no out-*.bin produced (see /tmp/fvp_job_agxn4lg8/uart.log) 	n0*=ones.out(·,·)
SKIP	w46:458	fvp_runner rc=2: 	n0*=pixel_unshuffle(L0,·)
MISMATCH	w46:472	out[0] max|delta|=1.280e+02 (rtol=0.0 atol=0.0)	n0*=bitwise_right_shift.Tensor_Scalar(L0,·)
SKIP	w46:538	fvp_runner rc=2: no out-*.bin produced (see /tmp/fvp_job_9r3bhvux/uart.log) 	n0*=arange.start_out(·,·,·,·)
SKIP	w46:489	fvp_runner rc=2: no out-*.bin produced (see /tmp/fvp_job_jy4unxzv/uart.log) 	n0*=full.out(·,·,·)
TIMEOUT	w41:459	FVP exceeded job-timeout	n0*=_fft_r2c(L0,·,·,·)
MISMATCH	w46:533	out[0] max|delta|=1.000e+00 (rtol=0.01 atol=0.001)	n0*=remainder.Scalar_out(L0,·,·)
SKIP	w46:544	fvp_runner rc=2: 	n0*=scatter.value_out(L0,·,L1,·,·)
SKIP	w46:621	fvp_runner rc=2: 	n0*=min.dim_min(L0,·,·,L1,L2)
SKIP	w46:563	fvp_runner rc=2: 	n0*=native_group_norm(L0,·,·,·,·,·,·,·)
MISMATCH	w46:573	out[0] max|delta|=9.206e-01 (rtol=0.01 atol=0.001)	n0*=where.self(L0,L1,L2)
MISMATCH	w46:587	out[0] max|delta|=4.612e+18 (rtol=0.0 atol=0.0)	n0*=bitwise_left_shift.Tensor_Scalar_out(L0,·,·)
SKIP	w46:609	fvp_runner rc=2: 	n0*=copy(L0,L1,·)
SKIP	w46:610	fvp_runner rc=2: no out-*.bin produced (see /tmp/fvp_job_t7xh5gf0/uart.log) 	n0*=stack(·,·)
MISMATCH	w46:637	out[0] max|delta|=4.000e+00 (rtol=0.0 atol=0.0)	n0*=fmod.Scalar(L0,·)
SKIP	w46:648	fvp_runner rc=2: 	n0*=_pdist_forward(L0,·)
MISMATCH	w46:652	out[0] max|delta|=4.700e+01 (rtol=0.0 atol=0.0)	n0*=bitwise_right_shift.Tensor_out(L0,L1,·)
SKIP	w46:653	fvp_runner rc=2: no out-*.bin produced (see /tmp/fvp_job_e8zoyefz/uart.log) 	n0*=arange.out(·,·)
SKIP	w46:660	fvp_runner rc=2: 	n0*=pixel_shuffle(L0,·)
SKIP	w46:677	fvp_runner rc=2: no out-*.bin produced (see /tmp/fvp_job_l2712x84/uart.log) 	n0*=ones.out(·,·)
MISMATCH	w46:682	out[0] max|delta|=3.322e+00 (rtol=0.01 atol=0.001)	n0*=fill.Scalar(L0,·)
SKIP	w46:717	fvp_runner rc=2: no out-*.bin produced (see /tmp/fvp_job_08ti01mi/uart.log) 	n0*=full.out(·,·,·)
SKIP	w46:76	fvp_runner rc=2: 	n0*=pixel_unshuffle(L0,·)
SKIP	w46:760	fvp_runner rc=2: 	n0*=pixel_unshuffle(L0,·)
SKIP	w46:766	fvp_runner rc=2: no out-*.bin produced (see /tmp/fvp_job_l2kh6hzq/uart.log) 	n0*=arange.start_out(·,·,·,·)
TIMEOUT	w41:687	FVP exceeded job-timeout	n0*=_fft_r2c(L0,·,·,·)
CRASH	w46:477	fvp_runner rc=5: >> building runner (cache miss): backend=cortex-m target=cortex-m55 ops=28dc928b (shared SDK, no fetch) ... cortex-m runner build failed (see /tmp/fvp_job_9pdohf72/build.fail.log) 	n0*=linear.out(L0,L1,·,·)
SKIP	w46:82	fvp_runner rc=2: no out-*.bin produced (see /tmp/fvp_job_y_pxykxn/uart.log) 	n0*=arange.start_out(·,·,·,·)
SKIP	w47:138	fvp_runner rc=2: 	n0*=pixel_unshuffle(L0,·)
SKIP	w47:144	fvp_runner rc=2: no out-*.bin produced (see /tmp/fvp_job_5wxgm9nb/uart.log) 	n0*=arange.start_out(·,·,·,·)
SKIP	w47:169	fvp_runner rc=2: 	n0*=native_group_norm(L0,·,·,·,·,·,·,·)
CRASH	w46:618	fvp_runner rc=5: >> building runner (cache miss): backend=cortex-m target=cortex-m55 ops=b0707b1a (shared SDK, no fetch) ... cortex-m runner build failed (see /tmp/fvp_job_lvkjk1ix/build.fail.log) 	n0*=linear(L0,L1,·)
MISMATCH	w47:201	out[0] max|delta|=2.599e-01 (rtol=0.01 atol=0.001)	n0*=index_put(L0,·,L1,·)
SKIP	w47:216	fvp_runner rc=2: no out-*.bin produced (see /tmp/fvp_job_wjfaaoqs/uart.log) 	n0*=stack(·,·)
SKIP	w47:215	fvp_runner rc=2: 	n0*=copy(L0,L1,·)
SKIP	w47:226	fvp_runner rc=2: no out-*.bin produced (see /tmp/fvp_job_iptk9_6i/uart.log) 	n0*=zeros.out(·,·)
SKIP	w47:254	fvp_runner rc=2: 	n0*=_pdist_forward(L0,·)
SKIP	w47:259	fvp_runner rc=2: no out-*.bin produced (see /tmp/fvp_job_dmj4o9_w/uart.log) 	n0*=arange.out(·,·)
SKIP	w47:266	fvp_runner rc=2: 	n0*=pixel_shuffle(L0,·)
SKIP	w47:283	fvp_runner rc=2: no out-*.bin produced (see /tmp/fvp_job_b_ncxlyu/uart.log) 	n0*=ones.out(·,·)
MISMATCH	w47:288	out[0] max|delta|=1.459e+00 (rtol=0.01 atol=0.001)	n0*=fill.Scalar(L0,·)
MISMATCH	w47:306	out[0] max|delta|=1.600e+01 (rtol=0.0 atol=0.0)	n0*=bitwise_right_shift.Tensor_Scalar(L0,·)
SKIP	w47:31	fvp_runner rc=2: no out-*.bin produced (see /tmp/fvp_job_2c7gf2x1/uart.log) 	n0*=arange.out(·,·)
SKIP	w47:323	fvp_runner rc=2: no out-*.bin produced (see /tmp/fvp_job_xtwmiimm/uart.log) 	n0*=full.out(·,·,·)
TIMEOUT	w42:225	FVP exceeded job-timeout	n0*=_fft_r2c(L0,·,·,·)
SKIP	w47:353	fvp_runner rc=2: 	n0*=expand_copy(L0,·,·)
SKIP	w47:372	fvp_runner rc=2: no out-*.bin produced (see /tmp/fvp_job__zkyxkhk/uart.log) 	n0*=arange.start_out(·,·,·,·)
SKIP	w47:38	fvp_runner rc=2: 	n0*=pixel_shuffle(L0,·)
SKIP	w47:392	fvp_runner rc=2: 	n0*=convolution(L0,L1,·,·,·,·,·,·,·)
SKIP	w47:397	fvp_runner rc=2: 	n0*=native_group_norm(L0,·,·,·,·,·,·,·)
MISMATCH	w47:424	out[0] max|delta|=4.800e+01 (rtol=0.01 atol=0.001)	n0*=bitwise_left_shift.Tensor_out(L0,L1,·)
MISMATCH	w47:429	out[0] max|delta|=2.599e-01 (rtol=0.01 atol=0.001)	n0*=index_put(L0,·,L1,·)
CRASH	w46:705	fvp_runner rc=5: >> building runner (cache miss): backend=cortex-m target=cortex-m55 ops=28dc928b (shared SDK, no fetch) ... cortex-m runner build failed (see /tmp/fvp_job_5hqc0l8p/build.fail.log) 	n0*=linear.out(L0,L1,·,·)
SKIP	w47:436	fvp_runner rc=2: 	n0*=scatter.src_out(L0,·,L1,L2,·)
SKIP	w47:443	fvp_runner rc=2: 	n0*=copy(L0,L1,·)
SKIP	w47:444	fvp_runner rc=2: no out-*.bin produced (see /tmp/fvp_job_zkcuuh8j/uart.log) 	n0*=stack(·,·)
MISMATCH	w47:46	out[0] max|delta|=2.043e+00 (rtol=0.01 atol=0.001)	n0*=max_pool2d_with_indices_backward.grad_input(L0,L1,·,·,·,·,·,L2,L3)
MISMATCH	w47:476	out[0] max|delta|=1.280e+02 (rtol=0.01 atol=0.001)	n0*=div.Scalar(L0,·)
SKIP	w47:482	fvp_runner rc=2: 	n0*=_pdist_forward(L0,·)
SKIP	w47:487	fvp_runner rc=2: no out-*.bin produced (see /tmp/fvp_job_kb103i14/uart.log) 	n0*=arange.out(·,·)
SKIP	w47:494	fvp_runner rc=2: 	n0*=pixel_shuffle(L0,·)
SKIP	w47:511	fvp_runner rc=2: no out-*.bin produced (see /tmp/fvp_job_wj4mq0fx/uart.log) 	n0*=ones.out(·,·)
MISMATCH	w47:516	out[0] max|delta|=3.322e+00 (rtol=0.01 atol=0.001)	n0*=fill.Scalar(L0,·)
MISMATCH	w47:60	out[0] max|delta|=9.882e-01 (rtol=0.01 atol=0.001)	n0*=fill.Scalar(L0,·)
SKIP	w47:600	fvp_runner rc=2: no out-*.bin produced (see /tmp/fvp_job_36x727dx/uart.log) 	n0*=arange.start_out(·,·,·,·)
TIMEOUT	w42:453	FVP exceeded job-timeout	n0*=_fft_r2c(L0,·,·,·)
SKIP	w47:574	fvp_runner rc=2: 	n0*=pixel_shuffle(L0,·)
MISMATCH	w47:573	out[0] max|delta|=5.765e+17 (rtol=0.0 atol=0.0)	n0*=bitwise_left_shift.Tensor_Scalar(L0,·)
SKIP	w47:575	fvp_runner rc=2: 	n0*=scatter_add.out(L0,·,L1,L2,·)
SKIP	w47:682	fvp_runner rc=2: no out-*.bin produced (see /tmp/fvp_job_dm2z8wei/uart.log) 	n0*=zeros.out(·,·)
SKIP	w47:628	fvp_runner rc=2: 	n0*=minimum.out(L0,L1,·)
SKIP	w47:635	fvp_runner rc=2: 	n0*=where.self(L0,L1,L2)
MISMATCH	w47:652	out[0] max|delta|=2.306e+18 (rtol=0.0 atol=0.0)	n0*=bitwise_left_shift.Tensor_out(L0,L1,·)
MISMATCH	w47:657	out[0] max|delta|=2.599e-01 (rtol=0.01 atol=0.001)	n0*=index_put(L0,·,L1,·)
SKIP	w47:672	fvp_runner rc=2: no out-*.bin produced (see /tmp/fvp_job_imhnn912/uart.log) 	n0*=stack(·,·)
SKIP	w47:707	fvp_runner rc=2: 	n0*=native_group_norm(L0,·,·,·,·,·,·,·)
SKIP	w47:710	fvp_runner rc=2: 	n0*=_pdist_forward(L0,·)
SKIP	w47:715	fvp_runner rc=2: no out-*.bin produced (see /tmp/fvp_job_dq7keas4/uart.log) 	n0*=arange.out(·,·)
SKIP	w47:739	fvp_runner rc=2: no out-*.bin produced (see /tmp/fvp_job_t39erc4u/uart.log) 	n0*=ones.out(·,·)
MISMATCH	w47:744	out[0] max|delta|=1.945e+00 (rtol=0.01 atol=0.001)	n0*=fill.Scalar(L0,·)
SKIP	w47:748	fvp_runner rc=2: 	n0*=pixel_unshuffle(L0,·)
MISMATCH	w47:766	out[0] max|delta|=2.000e+00 (rtol=0.01 atol=0.001)	n0*=masked_scatter(L0,L1,L2)
SKIP	w47:779	fvp_runner rc=2: no out-*.bin produced (see /tmp/fvp_job_iud2aqdz/uart.log) 	n0*=full.out(·,·,·)
TIMEOUT	w42:681	FVP exceeded job-timeout	n0*=_fft_r2c(L0,·,·,·)
SKIP	w48:117	fvp_runner rc=2: no out-*.bin produced (see /tmp/fvp_job_ru81pz90/uart.log) 	n0*=arange.start_out(·,·,·,·)
SKIP	w48:142	fvp_runner rc=2: 	n0*=native_group_norm(L0,·,·,·,·,·,·,·)
MISMATCH	w48:169	out[0] max|delta|=4.800e+01 (rtol=0.01 atol=0.001)	n0*=bitwise_left_shift.Tensor_out(L0,L1,·)
MISMATCH	w48:166	out[0] max|delta|=9.223e+18 (rtol=0.0 atol=0.0)	n0*=bitwise_left_shift.Tensor_Scalar_out(L0,·,·)
CRASH	w47:539	fvp_runner rc=5: >> building runner (cache miss): backend=cortex-m target=cortex-m55 ops=28dc928b (shared SDK, no fetch) ... cortex-m runner build failed (see /tmp/fvp_job_y55_ndag/build.fail.log) 	n0*=linear.out(L0,L1,·,·)
SKIP	w48:232	fvp_runner rc=2: no out-*.bin produced (see /tmp/fvp_job_oqmtzhk_/uart.log) 	n0*=arange.out(·,·)
SKIP	w48:189	fvp_runner rc=2: no out-*.bin produced (see /tmp/fvp_job_0oo09cqx/uart.log) 	n0*=stack(·,·)
SKIP	w48:188	fvp_runner rc=2: 	n0*=copy(L0,L1,·)
SKIP	w48:199	fvp_runner rc=2: no out-*.bin produced (see /tmp/fvp_job_a9fz3hm9/uart.log) 	n0*=zeros.out(·,·)
SKIP	w48:227	fvp_runner rc=2: 	n0*=_pdist_forward(L0,·)
MISMATCH	w48:231	out[0] max|delta|=2.300e+01 (rtol=0.0 atol=0.0)	n0*=bitwise_right_shift.Tensor_out(L0,L1,·)
TIMEOUT	w43:159	FVP exceeded job-timeout	n0*=_fft_r2c(L0,·,·,·)
MISMATCH	w48:311	out[0] max|delta|=3.000e+00 (rtol=0.0 atol=0.0)	n0*=remainder.Scalar(L0,·)
SKIP	w48:256	fvp_runner rc=2: no out-*.bin produced (see /tmp/fvp_job_m83f5n6k/uart.log) 	n0*=ones.out(·,·)
MISMATCH	w48:261	out[0] max|delta|=2.847e+00 (rtol=0.01 atol=0.001)	n0*=fill.Scalar(L0,·)
SKIP	w48:265	fvp_runner rc=2: 	n0*=pixel_unshuffle(L0,·)
MISMATCH	w48:279	out[0] max|delta|=1.280e+02 (rtol=0.0 atol=0.0)	n0*=bitwise_right_shift.Tensor_Scalar(L0,·)
SKIP	w48:28	fvp_runner rc=2: no out-*.bin produced (see /tmp/fvp_job_74mstoni/uart.log) 	n0*=ones.out(·,·)
SKIP	w48:380	fvp_runner rc=2: 	n0*=where.self(L0,L1,L2)
SKIP	w48:345	fvp_runner rc=2: no out-*.bin produced (see /tmp/fvp_job_n6jeveiw/uart.log) 	n0*=arange.start_out(·,·,·,·)
SKIP	w48:370	fvp_runner rc=2: 	n0*=native_group_norm(L0,·,·,·,·,·,·,·)
SKIP	w48:4	fvp_runner rc=2: no out-*.bin produced (see /tmp/fvp_job_2gscln8v/uart.log) 	n0*=arange.out(·,·)
SKIP	w48:417	fvp_runner rc=2: no out-*.bin produced (see /tmp/fvp_job_rci3vnx1/uart.log) 	n0*=stack(·,·)
SKIP	w48:416	fvp_runner rc=2: 	n0*=copy(L0,L1,·)
SKIP	w48:427	fvp_runner rc=2: no out-*.bin produced (see /tmp/fvp_job_mrpr1bkq/uart.log) 	n0*=zeros.out(·,·)
SKIP	w48:428	fvp_runner rc=2: 	n0*=min.dim_min(L0,·,·,L1,L2)
SKIP	w48:452	fvp_runner rc=2: 	n0*=native_group_norm(L0,·,·,·,·,·,·,·)
SKIP	w48:467	fvp_runner rc=2: 	n0*=pixel_shuffle(L0,·)
MISMATCH	w48:497	out[0] max|delta|=1.548e-02 (rtol=0.01 atol=0.001)	n0*=_upsample_bilinear2d_aa.out(L0,·,·,·,·,·)
TIMEOUT	w43:387	FVP exceeded job-timeout	n0*=_fft_r2c(L0,·,·,·)
MISMATCH	w48:51	out[0] max|delta|=1.600e+01 (rtol=0.0 atol=0.0)	n0*=bitwise_right_shift.Tensor_Scalar(L0,·)
