[feed] 55756 jobs → broker 127.0.0.1:15554 (window=16, timeout=60s)
  [25] MISMATCH w0:14 out[0] max|delta|=1.611e+09 (rtol=0.0 atol=0.0)
  [41] MISMATCH w0:166 out[0] max|delta|=1.441e+17 (rtol=0.0 atol=0.0)
  [42] MISMATCH w0:17 out[0] max|delta|=2.147e+09 (rtol=0.0 atol=0.0)
  [85] MISMATCH w0:232 out[0] max|delta|=1.442e+00 (rtol=0.01 atol=0.001)
  [92] MISMATCH w0:245 out[0] max|delta|=1.611e+09 (rtol=0.0 atol=0.0)
  [109] MISMATCH w0:270 out[0] max|delta|=4.000e+00 (rtol=0.0 atol=0.0)
  [113] CRASH    w0:264 executor process died (native abort)
  [153] MISMATCH w0:337 out[0] max|delta|=4.295e+09 (rtol=0.0 atol=0.0)
  [155] CRASH    w0:328 executor process died (native abort)
  [160] CRASH    w0:341 executor process died (native abort)
  [161] CRASH    w0:352 executor process died (native abort)
  [167] CRASH    w0:36 executor process died (native abort)
  [171] CRASH    w0:360 executor process died (native abort)
  [173] CRASH    w0:37 executor process died (native abort)
  [178] CRASH    w0:372 executor process died (native abort)
  [179] CRASH    w0:376 executor process died (native abort)
  [180] CRASH    w0:370 executor process died (native abort)
  [191] MISMATCH w0:4 out[0] max|delta|=3.061e+00 (rtol=0.01 atol=0.001)
  [208] CRASH    w0:238 executor unavailable
  [225] MISMATCH w0:446 out[0] non-finite mismatch (nan/inf positions differ)
  [234] MISMATCH w0:460 out[0] max|delta|=4.293e+00 (rtol=0.01 atol=0.001)
  [242] MISMATCH w0:473 out[0] max|delta|=9.223e+18 (rtol=0.01 atol=0.001)
  [258] MISMATCH w0:498 out[0] max|delta|=4.000e+00 (rtol=0.0 atol=0.0)
  [260] CRASH    w0:5 executor process died (native abort)
  [261] CRASH    w0:499 executor process died (native abort)
  [262] CRASH    w0:501 executor process died (native abort)
  [263] CRASH    w0:508 executor process died (native abort)
  [272] CRASH    w0:51 executor process died (native abort)
  [275] CRASH    w0:511 executor process died (native abort)
  [276] CRASH    w0:525 executor process died (native abort)
  [277] CRASH    w0:528 executor process died (native abort)
  [293] CRASH    w0:530 executor process died (native abort)
  [300] CRASH    w0:55 executor process died (native abort)
  [304] CRASH    w0:565 executor process died (native abort)
  [337] MISMATCH w0:622 out[0] max|delta|=6.711e+07 (rtol=0.0 atol=0.0)
  [344] CRASH    w0:626 executor process died (native abort)
  [348] CRASH    w0:614 executor process died (native abort)
  [350] CRASH    w0:629 executor process died (native abort)
  [358] CRASH    w0:652 executor process died (native abort)
  [363] MISMATCH w0:666 out[0] non-finite mismatch (nan/inf positions differ)
  [373] CRASH    w0:671 executor process died (native abort)
  [377] CRASH    w0:675 executor process died (native abort)
  [385] MISMATCH w0:701 out[0] max|delta|=9.223e+18 (rtol=0.01 atol=0.001)
  [407] CRASH    w0:72 executor process died (native abort)
  [411] CRASH    w0:736 executor process died (native abort)
  [t=  15s] 411/55756 (27.4/s)  ok=354 mism=15 crash=30 timeout=0 skip=12  |  inflight=15
  [413] CRASH    w0:74 executor process died (native abort)
  [414] CRASH    w0:753 executor process died (native abort)
  [418] CRASH    w0:756 executor process died (native abort)
  [422] CRASH    w0:758 executor process died (native abort)
  [430] CRASH    w0:769 executor process died (native abort)
  [454] MISMATCH w1:105 out[0] max|delta|=4.000e+00 (rtol=0.0 atol=0.0)
  [462] MISMATCH w1:114 out[0] max|delta|=7.295e-01 (rtol=0.01 atol=0.001)
  [471] MISMATCH w1:129 out[0] max|delta|=4.000e+00 (rtol=0.0 atol=0.0)
  [485] MISMATCH w1:156 out[0] non-finite mismatch (nan/inf positions differ)
  [505] CRASH    w1:17 executor process died (native abort)
  [508] MISMATCH w1:201 out[0] max|delta|=5.000e+00 (rtol=0.0 atol=0.0)
  [514] CRASH    w1:190 executor process died (native abort)
  [515] CRASH    w1:212 executor process died (native abort)
  [516] CRASH    w1:21 executor process died (native abort)
  [535] CRASH    w1:237 executor process died (native abort)
  [537] CRASH    w1:244 executor process died (native abort)
  [538] CRASH    w1:245 executor process died (native abort)
  [539] CRASH    w1:249 executor process died (native abort)
  [546] CRASH    w1:257 executor process died (native abort)
  [551] CRASH    w1:261 executor process died (native abort)
  [554] CRASH    w1:27 executor process died (native abort)
  [555] CRASH    w1:277 executor process died (native abort)
  [561] MISMATCH w1:284 out[0] max|delta|=9.223e+18 (rtol=0.01 atol=0.001)
  [564] MISMATCH w1:287 out[0] max|delta|=6.918e+18 (rtol=0.01 atol=0.001)
  [574] CRASH    w1:288 executor process died (native abort)
  [584] CRASH    w1:313 executor process died (native abort)
  [586] CRASH    w1:322 executor process died (native abort)
  [593] MISMATCH w1:333 out[0] max|delta|=4.000e+00 (rtol=0.01 atol=0.001)
  [623] MISMATCH w1:379 out[0] max|delta|=1.000e+00 (rtol=0.0 atol=0.0)
  [651] CRASH    w1:412 executor process died (native abort)
  [657] CRASH    w1:414 executor process died (native abort)
  [658] CRASH    w1:443 executor process died (native abort)
  [659] CRASH    w1:444 executor process died (native abort)
  [660] MISMATCH w1:436 out[0] max|delta|=9.223e+18 (rtol=0.0 atol=0.0)
  [662] MISMATCH w1:450 out[0] max|delta|=2.550e+02 (rtol=0.0 atol=0.0)
  [676] CRASH    w1:46 executor process died (native abort)
  [678] CRASH    w1:466 executor process died (native abort)
  [679] CRASH    w1:472 executor process died (native abort)
  [680] CRASH    w1:477 executor process died (native abort)
  [685] CRASH    w1:485 executor process died (native abort)
  [687] CRASH    w1:489 executor process died (native abort)
  [692] CRASH    w1:49 executor process died (native abort)
  [694] CRASH    w1:505 executor process died (native abort)
  [701] MISMATCH w1:512 out[0] max|delta|=3.459e+18 (rtol=0.0 atol=0.0)
  [705] MISMATCH w1:515 out[0] max|delta|=6.918e+18 (rtol=0.01 atol=0.001)
  [715] CRASH    w1:516 executor process died (native abort)
  [735] MISMATCH w1:561 out[0] max|delta|=4.000e+00 (rtol=0.0 atol=0.0)
  [767] CRASH    w1:534 executor process died (native abort)
  [797] MISMATCH w1:664 out[0] max|delta|=2.306e+18 (rtol=0.0 atol=0.0)
  [810] MISMATCH w1:685 out[0] max|delta|=4.000e+00 (rtol=0.0 atol=0.0)
  [838] MISMATCH w1:730 out[0] max|delta|=1.000e+00 (rtol=0.0 atol=0.0)
  [846] MISMATCH w1:743 out[0] max|delta|=6.918e+18 (rtol=0.0 atol=0.0)
  [848] CRASH    w1:713 executor process died (native abort)
  [850] MISMATCH w1:749 out[0] max|delta|=2.550e+02 (rtol=0.0 atol=0.0)
  [853] CRASH    w1:733 executor process died (native abort)
  [854] CRASH    w1:746 executor process died (native abort)
  [t=  30s] 855/55756 (28.5/s)  ok=724 mism=34 crash=67 timeout=0 skip=30  |  inflight=15
  [859] CRASH    w1:768 executor process died (native abort)
  [864] CRASH    w1:773 executor process died (native abort)
  [865] CRASH    w1:776 executor process died (native abort)
  [866] CRASH    w1:778 executor process died (native abort)
  [867] CRASH    w1:771 executor process died (native abort)
  [892] MISMATCH w10:12 out[0] max|delta|=8.000e+00 (rtol=0.0 atol=0.0)
  [929] MISMATCH w10:153 out[0] max|delta|=4.257e-01 (rtol=0.01 atol=0.001)
  [947] CRASH    w10:197 executor process died (native abort)
  [951] CRASH    w10:190 executor process died (native abort)
  [954] CRASH    w10:211 executor process died (native abort)
  [955] CRASH    w10:223 executor process died (native abort)
  [967] CRASH    w10:232 executor process died (native abort)
  [972] CRASH    w10:225 executor process died (native abort)
  [975] CRASH    w10:254 executor process died (native abort)
  [976] CRASH    w10:26 executor process died (native abort)
  [980] CRASH    w10:265 executor process died (native abort)
  [985] CRASH    w10:27 executor process died (native abort)
  [990] CRASH    w10:262 executor process died (native abort)
  [993] MISMATCH w10:284 out[0] max|delta|=4.295e+09 (rtol=0.0 atol=0.0)
  [995] CRASH    w10:283 executor process died (native abort)
  [1001] CRASH    w10:294 executor process died (native abort)
  [1003] MISMATCH w10:299 out[0] non-finite mismatch (nan/inf positions differ)
  [1017] MISMATCH w10:313 out[0] max|delta|=3.096e+00 (rtol=0.01 atol=0.001)
  [1024] MISMATCH w10:326 out[0] max|delta|=6.918e+18 (rtol=0.01 atol=0.001)
  [1045] MISMATCH w10:359 out[0] non-finite mismatch (nan/inf positions differ)
  [1063] MISMATCH w10:381 out[0] max|delta|=1.042e+00 (rtol=0.01 atol=0.001)
  [1074] MISMATCH w10:40 out[0] max|delta|=4.000e+00 (rtol=0.0 atol=0.0)
  [1077] CRASH    w10:389 executor process died (native abort)
  [1084] CRASH    w10:396 executor process died (native abort)
  [1092] CRASH    w10:423 executor process died (native abort)
  [1098] CRASH    w10:439 executor process died (native abort)
  [1101] MISMATCH w10:422 out[0] max|delta|=3.000e+00 (rtol=0.0 atol=0.0)
  [1112] CRASH    w10:451 executor process died (native abort)
  [1113] CRASH    w10:457 executor process died (native abort)
  [1115] CRASH    w10:467 executor process died (native abort)
  [1118] MISMATCH w10:475 out[0] max|delta|=2.882e+17 (rtol=0.0 atol=0.0)
  [1120] CRASH    w10:48 executor process died (native abort)
  [1132] CRASH    w10:469 executor process died (native abort)
  [1142] MISMATCH w10:518 out[0] max|delta|=1.000e+00 (rtol=0.0 atol=0.0)
  [1147] CRASH    w10:516 executor process died (native abort)
  [1148] CRASH    w10:524 executor process died (native abort)
  [1149] CRASH    w10:527 executor process died (native abort)
  [1160] MISMATCH w10:541 out[0] max|delta|=3.593e+00 (rtol=0.01 atol=0.001)
  [1168] MISMATCH w10:554 out[0] max|delta|=2.147e+09 (rtol=0.0 atol=0.0)
  [1200] MISMATCH w10:607 out[0] max|delta|=3.999e-01 (rtol=0.01 atol=0.001)
  [1238] MISMATCH w10:664 out[0] max|delta|=1.280e+02 (rtol=0.0 atol=0.0)
  [1256] CRASH    w10:695 executor process died (native abort)
  [1261] CRASH    w10:68 executor process died (native abort)
  [1262] MISMATCH w10:711 out[0] max|delta|=4.295e+09 (rtol=0.0 atol=0.0)
  [1267] CRASH    w10:710 executor process died (native abort)
  [1268] CRASH    w10:72 executor process died (native abort)
  [1270] MISMATCH w10:724 out[0] max|delta|=4.000e+00 (rtol=0.0 atol=0.0)
  [t=  45s] 1270/55756 (28.2/s)  ok=1076 mism=52 crash=101 timeout=0 skip=41  |  inflight=15
  [1272] CRASH    w10:707 executor process died (native abort)
  [1284] CRASH    w10:732 executor process died (native abort)
  [1288] CRASH    w10:744 executor process died (native abort)
  [1289] CRASH    w10:752 executor process died (native abort)
  [1301] CRASH    w10:769 executor process died (native abort)
  [1308] MISMATCH w10:779 out[0] max|delta|=8.053e+08 (rtol=0.0 atol=0.0)
  [1323] MISMATCH w10:98 out[0] max|delta|=6.918e+18 (rtol=0.01 atol=0.001)
  [1348] MISMATCH w100:140 out[0] max|delta|=6.400e+01 (rtol=0.0 atol=0.0)
  [1369] CRASH    w100:17 executor process died (native abort)
  [1371] CRASH    w100:171 executor process died (native abort)
  [1372] CRASH    w100:161 executor process died (native abort)
  [1373] CRASH    w100:183 executor process died (native abort)
  [1397] CRASH    w100:20 executor process died (native abort)
  [1403] CRASH    w100:215 executor process died (native abort)
  [1404] CRASH    w100:228 executor process died (native abort)
  [1405] CRASH    w100:231 executor process died (native abort)
  [1406] MISMATCH w100:232 out[0] max|delta|=4.000e+00 (rtol=0.0 atol=0.0)
  [1408] CRASH    w100:226 executor process died (native abort)
  [1423] MISMATCH w100:258 out[0] max|delta|=6.918e+18 (rtol=0.01 atol=0.001)
  [1425] CRASH    w100:245 executor process died (native abort)
  [1430] CRASH    w100:259 executor process died (native abort)
  [1431] MISMATCH w100:27 out[0] max|delta|=5.765e+17 (rtol=0.01 atol=0.001)
  [1438] CRASH    w100:283 executor process died (native abort)
  [1448] MISMATCH w100:30 out[0] max|delta|=6.918e+18 (rtol=0.01 atol=0.001)
  [1449] MISMATCH w100:3 out[0] non-finite mismatch (nan/inf positions differ)
  [1454] MISMATCH w100:304 out[0] max|delta|=3.000e+00 (rtol=0.01 atol=0.001)
  [1527] CRASH    w100:414 executor process died (native abort)
  [1532] CRASH    w100:428 executor process died (native abort)
  [1537] CRASH    w100:437 executor process died (native abort)
  [1539] CRASH    w100:454 executor process died (native abort)
  [1543] CRASH    w100:456 executor process died (native abort)
  [1560] CRASH    w100:476 executor process died (native abort)
  [1561] MISMATCH w100:486 out[0] max|delta|=9.223e+18 (rtol=0.01 atol=0.001)
  [1575] CRASH    w100:505 executor process died (native abort)
  [1576] CRASH    w100:506 executor process died (native abort)
  [1577] CRASH    w100:511 executor process died (native abort)
  [1578] CRASH    w100:49 executor process died (native abort)
  [1580] CRASH    w100:519 executor process died (native abort)
  [1583] CRASH    w100:514 executor process died (native abort)
  [1627] MISMATCH w100:596 out[0] max|delta|=1.280e+02 (rtol=0.0 atol=0.0)
  [1659] CRASH    w100:617 executor process died (native abort)
  [1668] CRASH    w100:65 executor process died (native abort)
  [1674] CRASH    w100:68 executor process died (native abort)
  [1676] CRASH    w100:684 executor process died (native abort)
  [1679] CRASH    w100:687 executor process died (native abort)
  [1693] MISMATCH w100:711 out[0] max|delta|=7.206e+16 (rtol=0.01 atol=0.001)
  [t=  60s] 1694/55756 (28.2/s)  ok=1442 mism=64 crash=135 timeout=0 skip=53  |  inflight=15
  [1695] CRASH    w100:702 executor process died (native abort)
  [1714] CRASH    w100:740 executor process died (native abort)
  [1715] CRASH    w100:742 executor process died (native abort)
  [1717] CRASH    w100:744 executor process died (native abort)
  [1718] CRASH    w100:752 executor process died (native abort)
  [1721] CRASH    w100:749 executor process died (native abort)
  [1724] MISMATCH w100:76 out[0] max|delta|=3.000e+00 (rtol=0.01 atol=0.001)
  [1788] MISMATCH w101:152 out[0] max|delta|=6.918e+18 (rtol=0.01 atol=0.001)
  [1802] CRASH    w101:16 executor process died (native abort)
  [1805] CRASH    w101:171 executor process died (native abort)
  [1806] CRASH    w101:178 executor process died (native abort)
  [1807] CRASH    w101:180 executor process died (native abort)
  [1812] CRASH    w101:190 executor process died (native abort)
  [1816] CRASH    w101:185 executor process died (native abort)
  [1817] CRASH    w101:197 executor process died (native abort)
  [1818] CRASH    w101:187 executor process died (native abort)
  [1820] CRASH    w101:203 executor process died (native abort)
  [1826] CRASH    w101:207 executor process died (native abort)
  [1830] CRASH    w101:209 executor process died (native abort)
  [1831] CRASH    w101:204 executor process died (native abort)
  [1832] CRASH    w101:215 executor process died (native abort)
  [1914] CRASH    w101:337 executor process died (native abort)
  [1923] CRASH    w101:368 executor process died (native abort)
  [1927] CRASH    w101:367 executor process died (native abort)
  [1945] CRASH    w101:405 executor process died (native abort)
  [1954] CRASH    w101:418 executor process died (native abort)
  [1965] CRASH    w101:435 executor process died (native abort)
  [1983] CRASH    w101:467 executor process died (native abort)
  [1984] CRASH    w101:471 executor process died (native abort)
  [2001] CRASH    w101:51 executor process died (native abort)
  [2010] CRASH    w101:513 executor process died (native abort)
  [2011] MISMATCH w101:529 out[0] max|delta|=1.441e+17 (rtol=0.0 atol=0.0)
  [2033] MISMATCH w101:572 out[0] max|delta|=2.550e+02 (rtol=0.0 atol=0.0)
  [2037] MISMATCH w101:573 out[0] non-finite mismatch (nan/inf positions differ)
  [2054] MISMATCH w101:605 out[0] max|delta|=9.223e+18 (rtol=0.0 atol=0.0)
  [2057] MISMATCH w101:608 out[0] max|delta|=6.918e+18 (rtol=0.0 atol=0.0)
  [2058] CRASH    w101:581 executor process died (native abort)
  [2073] CRASH    w101:623 executor process died (native abort)
  [2079] CRASH    w101:638 executor process died (native abort)
  [2081] MISMATCH w101:661 out[0] max|delta|=3.999e-01 (rtol=0.01 atol=0.001)
  [2091] CRASH    w101:665 executor process died (native abort)
  [2103] MISMATCH w101:66 out[0] max|delta|=5.000e+00 (rtol=0.0 atol=0.0)
  [2117] CRASH    w101:707 executor process died (native abort)
  [2122] MISMATCH w101:73 out[0] max|delta|=2.882e+17 (rtol=0.0 atol=0.0)
  [2125] CRASH    w101:721 executor process died (native abort)
  [t=  75s] 2125/55756 (28.3/s)  ok=1809 mism=74 crash=170 timeout=0 skip=72  |  inflight=15
  [2127] CRASH    w101:733 executor process died (native abort)
  [2128] CRASH    w101:739 executor process died (native abort)
  [2131] MISMATCH w101:750 out[0] max|delta|=2.000e+00 (rtol=0.0 atol=0.0)
  [2133] CRASH    w101:749 executor process died (native abort)
  [2136] MISMATCH w101:757 out[0] max|delta|=2.882e+17 (rtol=0.0 atol=0.0)
  [2152] CRASH    w101:772 executor process died (native abort)
  [2154] CRASH    w101:775 executor process died (native abort)
  [2161] MISMATCH w101:87 out[0] max|delta|=1.000e+00 (rtol=0.0 atol=0.0)
  [2202] CRASH    w102:133 executor process died (native abort)
  [2203] CRASH    w102:139 executor process died (native abort)
  [2204] CRASH    w102:147 executor process died (native abort)
  [2205] CRASH    w102:15 executor process died (native abort)
  [2211] CRASH    w102:157 executor process died (native abort)
  [2215] CRASH    w102:16 executor process died (native abort)
  [2221] CRASH    w102:155 executor process died (native abort)
  [2223] MISMATCH w102:184 out[0] max|delta|=3.000e+00 (rtol=0.0 atol=0.0)
  [2227] MISMATCH w102:191 out[0] max|delta|=1.441e+17 (rtol=0.0 atol=0.0)
  [2231] MISMATCH w102:169 out[0] max|delta|=4.295e+09 (rtol=0.0 atol=0.0)
  [2233] CRASH    w102:195 executor process died (native abort)
  [2237] CRASH    w102:199 executor process died (native abort)
  [2256] CRASH    w102:220 executor process died (native abort)
  [2260] CRASH    w102:221 executor process died (native abort)
  [2261] CRASH    w102:227 executor process died (native abort)
  [2262] CRASH    w102:238 executor process died (native abort)
  [2271] MISMATCH w102:243 out[0] non-finite mismatch (nan/inf positions differ)
  [2280] MISMATCH w102:267 out[0] max|delta|=2.882e+17 (rtol=0.01 atol=0.001)
  [2283] MISMATCH w102:270 out[0] max|delta|=2.147e+09 (rtol=0.0 atol=0.0)
  [2310] CRASH    w102:289 executor process died (native abort)
  [2320] CRASH    w102:308 executor process died (native abort)
  [2321] CRASH    w102:32 executor process died (native abort)
  [2322] CRASH    w102:325 executor process died (native abort)
  [2346] MISMATCH w102:362 out[0] max|delta|=4.295e+09 (rtol=0.0 atol=0.0)
  [2349] CRASH    w102:327 executor process died (native abort)
  [2353] CRASH    w102:361 executor process died (native abort)
  [2354] CRASH    w102:375 executor process died (native abort)
  [2355] CRASH    w102:377 executor process died (native abort)
  [2361] CRASH    w102:383 executor process died (native abort)
  [2371] CRASH    w102:395 executor process died (native abort)
  [2372] CRASH    w102:397 executor process died (native abort)
  [2373] CRASH    w102:401 executor process died (native abort)
  [2374] MISMATCH w102:39 out[0] max|delta|=1.441e+17 (rtol=0.01 atol=0.001)
  [2376] CRASH    w102:413 executor process died (native abort)
  [2382] MISMATCH w102:42 out[0] non-finite mismatch (nan/inf positions differ)
  [2400] MISMATCH w102:441 out[0] max|delta|=5.000e+00 (rtol=0.0 atol=0.0)
  [2432] MISMATCH w102:485 out[0] max|delta|=2.549e+00 (rtol=0.01 atol=0.001)
  [2440] MISMATCH w102:498 out[0] non-finite mismatch (nan/inf positions differ)
  [2444] MISMATCH w102:499 out[0] non-finite mismatch (nan/inf positions differ)
  [2467] CRASH    w102:517 executor process died (native abort)
  [2472] MISMATCH w102:551 out[0] max|delta|=3.999e-01 (rtol=0.01 atol=0.001)
  [2475] CRASH    w102:550 executor process died (native abort)
  [2478] CRASH    w102:555 executor process died (native abort)
  [2479] CRASH    w102:561 executor process died (native abort)
  [2493] MISMATCH w102:590 out[0] max|delta|=4.295e+09 (rtol=0.0 atol=0.0)
  [2513] CRASH    w102:605 executor process died (native abort)
  [t=  90s] 2515/55756 (27.9/s)  ok=2132 mism=92 crash=206 timeout=0 skip=85  |  inflight=15
  [2518] CRASH    w102:611 executor process died (native abort)
  [2520] CRASH    w102:625 executor process died (native abort)
  [2522] MISMATCH w102:647 out[0] max|delta|=7.206e+16 (rtol=0.0 atol=0.0)
  [2535] CRASH    w102:654 executor process died (native abort)
  [2545] CRASH    w102:67 executor process died (native abort)
  [2546] CRASH    w102:677 executor process died (native abort)
  [2547] CRASH    w102:68 executor process died (native abort)
  [2556] MISMATCH w102:7 out[0] non-finite mismatch (nan/inf positions differ)
  [2571] MISMATCH w102:723 out[0] max|delta|=7.206e+16 (rtol=0.01 atol=0.001)
  [2574] MISMATCH w102:726 out[0] non-finite mismatch (nan/inf positions differ)
  [2634] CRASH    w103:114 executor process died (native abort)
  [2638] MISMATCH w103:134 out[0] max|delta|=4.000e+00 (rtol=0.0 atol=0.0)
  [2639] CRASH    w103:116 executor process died (native abort)
  [2642] CRASH    w103:123 executor process died (native abort)
  [2643] CRASH    w103:140 executor process died (native abort)
  [2645] CRASH    w103:13 executor process died (native abort)
  [2647] CRASH    w103:143 executor process died (native abort)
  [2651] CRASH    w103:145 executor process died (native abort)
  [2666] CRASH    w103:175 executor process died (native abort)
  [2678] CRASH    w103:180 executor process died (native abort)
  [2689] CRASH    w103:213 executor process died (native abort)
  [2693] MISMATCH w103:230 out[0] max|delta|=2.000e+00 (rtol=0.0 atol=0.0)
  [2694] CRASH    w103:219 executor process died (native abort)
  [2750] CRASH    w103:305 executor process died (native abort)
  [2755] CRASH    w103:306 executor process died (native abort)
  [2756] CRASH    w103:304 executor process died (native abort)
  [2757] CRASH    w103:319 executor process died (native abort)
  [2771] MISMATCH w103:341 out[0] max|delta|=4.000e+00 (rtol=0.0 atol=0.0)
  [2773] CRASH    w103:335 executor process died (native abort)
  [2776] CRASH    w103:342 executor process died (native abort)
  [2777] CRASH    w103:344 executor process died (native abort)
  [2778] CRASH    w103:351 executor process died (native abort)
  [2785] MISMATCH w103:363 out[0] max|delta|=3.000e+00 (rtol=0.0 atol=0.0)
  [2829] CRASH    w103:421 executor process died (native abort)
  [2834] CRASH    w103:441 executor process died (native abort)
  [2836] CRASH    w103:45 executor process died (native abort)
  [2889] MISMATCH w103:541 out[0] max|delta|=9.223e+18 (rtol=0.01 atol=0.001)
  [2890] MISMATCH w103:544 out[0] max|delta|=9.223e+18 (rtol=0.0 atol=0.0)
  [2917] MISMATCH w103:591 out[0] max|delta|=4.000e+00 (rtol=0.0 atol=0.0)
  [2918] MISMATCH w103:590 out[0] max|delta|=4.000e+00 (rtol=0.0 atol=0.0)
  [2930] CRASH    w103:589 executor process died (native abort)
  [2940] CRASH    w103:61 executor process died (native abort)
  [2949] CRASH    w103:636 executor process died (native abort)
  [2978] CRASH    w103:685 executor process died (native abort)
  [2980] MISMATCH w103:700 out[0] max|delta|=4.000e+00 (rtol=0.0 atol=0.0)
  [t= 105s] 2995/55756 (28.5/s)  ok=2550 mism=105 crash=238 timeout=0 skip=102  |  inflight=15
  [2996] CRASH    w103:711 executor process died (native abort)
  [2999] CRASH    w103:734 executor process died (native abort)
  [3001] CRASH    w103:740 executor process died (native abort)
  [3002] CRASH    w103:742 executor process died (native abort)
  [3012] MISMATCH w103:759 out[0] max|delta|=3.339e+00 (rtol=0.01 atol=0.001)
  [3017] MISMATCH w103:769 out[0] non-finite mismatch (nan/inf positions differ)
  [3018] CRASH    w103:760 executor process died (native abort)
  [3022] CRASH    w103:762 executor process died (native abort)
  [3024] MISMATCH w103:778 out[0] max|delta|=2.550e+02 (rtol=0.0 atol=0.0)
  [3025] CRASH    w103:746 executor process died (native abort)
  [3026] CRASH    w103:78 executor process died (native abort)
  [3034] MISMATCH w103:88 out[0] max|delta|=1.611e+09 (rtol=0.0 atol=0.0)
  [3070] MISMATCH w104:149 out[0] max|delta|=6.000e+00 (rtol=0.0 atol=0.0)
  [3082] MISMATCH w104:163 out[0] max|delta|=4.295e+09 (rtol=0.0 atol=0.0)
  [3113] CRASH    w104:192 executor process died (native abort)
  [3114] MISMATCH w104:208 out[0] max|delta|=6.913e-01 (rtol=0.01 atol=0.001)
  [3118] MISMATCH w104:21 out[0] max|delta|=7.000e+00 (rtol=0.0 atol=0.0)
  [3124] MISMATCH w104:222 out[0] max|delta|=1.593e+00 (rtol=0.01 atol=0.001)
  [3129] MISMATCH w104:232 out[0] max|delta|=1.441e+17 (rtol=0.01 atol=0.001)
  [3132] MISMATCH w104:235 out[0] max|delta|=9.223e+18 (rtol=0.01 atol=0.001)
  [3151] CRASH    w104:254 executor process died (native abort)
  [3159] CRASH    w104:26 executor process died (native abort)
  [3171] CRASH    w104:290 executor process died (native abort)
  [3177] MISMATCH w104:281 out[0] max|delta|=4.000e+00 (rtol=0.01 atol=0.001)
  [3180] CRASH    w104:270 executor process died (native abort)
  [3184] CRASH    w104:32 executor process died (native abort)
  [3186] CRASH    w104:322 executor process died (native abort)
  [3188] MISMATCH w104:327 out[0] max|delta|=1.288e+10 (rtol=0.0 atol=0.0)
  [3223] MISMATCH w104:391 out[0] max|delta|=4.000e+00 (rtol=0.0 atol=0.0)
  [3229] MISMATCH w104:398 out[0] max|delta|=2.550e+02 (rtol=0.0 atol=0.0)
  [3235] MISMATCH w104:402 out[0] non-finite mismatch (nan/inf positions differ)
  [3243] MISMATCH w104:421 out[0] max|delta|=4.295e+09 (rtol=0.0 atol=0.0)
  [3290] CRASH    w104:479 executor process died (native abort)
  [3291] CRASH    w104:488 executor process died (native abort)
  [3292] CRASH    w104:497 executor process died (native abort)
  [3293] CRASH    w104:491 executor process died (native abort)
  [3294] CRASH    w104:498 executor process died (native abort)
  [3310] CRASH    w104:508 executor process died (native abort)
  [3315] CRASH    w104:518 executor process died (native abort)
  [3322] MISMATCH w104:54 out[0] max|delta|=3.000e+00 (rtol=0.0 atol=0.0)
  [3329] CRASH    w104:501 executor process died (native abort)
  [3334] CRASH    w104:554 executor process died (native abort)
  [3335] CRASH    w104:555 executor process died (native abort)
  [3364] MISMATCH w104:612 out[0] max|delta|=7.206e+16 (rtol=0.0 atol=0.0)
  [3371] MISMATCH w104:626 out[0] max|delta|=2.550e+02 (rtol=0.0 atol=0.0)
  [3382] CRASH    w104:633 executor process died (native abort)
  [3383] CRASH    w104:641 executor process died (native abort)
  [3386] CRASH    w104:642 executor process died (native abort)
  [3387] CRASH    w104:648 executor process died (native abort)
  [3401] CRASH    w104:661 executor process died (native abort)
  [3405] CRASH    w104:649 executor process died (native abort)
  [3406] CRASH    w104:678 executor process died (native abort)
  [3407] CRASH    w104:679 executor process died (native abort)
  [t= 120s] 3407/55756 (28.3/s)  ok=2897 mism=125 crash=271 timeout=0 skip=114  |  inflight=15
  [3415] MISMATCH w104:691 out[0] non-finite mismatch (nan/inf positions differ)
  [3422] MISMATCH w104:7 out[0] non-finite mismatch (nan/inf positions differ)
  [3424] CRASH    w104:694 executor process died (native abort)
  [3428] CRASH    w104:70 executor process died (native abort)
  [3432] MISMATCH w104:716 out[0] max|delta|=4.000e+00 (rtol=0.0 atol=0.0)
  [3433] CRASH    w104:681 executor process died (native abort)
  [3436] CRASH    w104:726 executor process died (native abort)
  [3446] CRASH    w104:710 executor process died (native abort)
  [3496] CRASH    w105:106 executor process died (native abort)
  [3497] CRASH    w105:119 executor process died (native abort)
  [3498] CRASH    w105:12 executor process died (native abort)
  [3499] CRASH    w105:123 executor process died (native abort)
  [3506] MISMATCH w105:136 out[0] max|delta|=2.498e+00 (rtol=0.01 atol=0.001)
  [3513] MISMATCH w105:146 out[0] max|delta|=4.612e+18 (rtol=0.01 atol=0.001)
  [3515] CRASH    w105:137 executor process died (native abort)
  [3522] MISMATCH w105:155 out[0] max|delta|=2.147e+09 (rtol=0.0 atol=0.0)
  [3530] CRASH    w105:150 executor process died (native abort)
  [3533] CRASH    w105:174 executor process died (native abort)
  [3534] CRASH    w105:184 executor process died (native abort)
  [3541] MISMATCH w105:195 out[0] max|delta|=3.000e+00 (rtol=0.01 atol=0.001)
  [3544] CRASH    w105:194 executor process died (native abort)
  [3552] CRASH    w105:20 executor process died (native abort)
  [3554] CRASH    w105:204 executor process died (native abort)
  [3555] MISMATCH w105:212 out[0] max|delta|=1.288e+10 (rtol=0.0 atol=0.0)
  [3584] MISMATCH w105:262 out[0] non-finite mismatch (nan/inf positions differ)
  [3608] CRASH    w105:280 executor process died (native abort)
  [3612] CRASH    w105:290 executor process died (native abort)
  [3613] CRASH    w105:28 executor process died (native abort)
  [3614] CRASH    w105:305 executor process died (native abort)
  [3618] CRASH    w105:302 executor process died (native abort)
  [3628] MISMATCH w105:325 out[0] max|delta|=8.590e+09 (rtol=0.0 atol=0.0)
  [3634] CRASH    w105:327 executor process died (native abort)
  [3635] CRASH    w105:334 executor process died (native abort)
  [3636] CRASH    w105:339 executor process died (native abort)
  [3645] CRASH    w105:34 executor process died (native abort)
  [3651] CRASH    w105:350 executor process died (native abort)
  [3656] MISMATCH w105:374 out[0] max|delta|=2.147e+09 (rtol=0.0 atol=0.0)
  [3657] CRASH    w105:364 executor process died (native abort)
  [3659] MISMATCH w105:377 out[0] max|delta|=9.223e+18 (rtol=0.01 atol=0.001)
  [3660] CRASH    w105:378 executor process died (native abort)
  [3679] MISMATCH w105:402 out[0] max|delta|=4.000e+00 (rtol=0.0 atol=0.0)
  [3684] MISMATCH w105:410 out[0] non-finite mismatch (nan/inf positions differ)
  [3755] MISMATCH w105:526 out[0] max|delta|=2.306e+18 (rtol=0.0 atol=0.0)
  [3756] CRASH    w105:52 executor process died (native abort)
  [3767] CRASH    w105:530 executor process died (native abort)
  [3772] CRASH    w105:544 executor process died (native abort)
  [3773] CRASH    w105:555 executor process died (native abort)
  [3778] CRASH    w105:563 executor process died (native abort)
  [t= 135s] 3784/55756 (28.0/s)  ok=3212 mism=140 crash=304 timeout=0 skip=128  |  inflight=15
  [3785] CRASH    w105:556 executor process died (native abort)
  [3787] CRASH    w105:575 executor process died (native abort)
  [3789] CRASH    w105:579 executor process died (native abort)
  [3795] CRASH    w105:592 executor process died (native abort)
  [3800] CRASH    w105:594 executor process died (native abort)
  [3802] MISMATCH w105:602 out[0] max|delta|=9.223e+18 (rtol=0.01 atol=0.001)
  [3805] MISMATCH w105:605 out[0] max|delta|=6.918e+18 (rtol=0.01 atol=0.001)
  [3806] CRASH    w105:578 executor process died (native abort)
  [3809] MISMATCH w105:611 out[0] max|delta|=1.000e+00 (rtol=0.0 atol=0.0)
  [3819] MISMATCH w105:630 out[0] max|delta|=4.000e+00 (rtol=0.0 atol=0.0)
  [3832] CRASH    w105:643 executor process died (native abort)
  [3865] MISMATCH w105:70 out[0] max|delta|=1.441e+17 (rtol=0.0 atol=0.0)
  [3881] CRASH    w105:710 executor process died (native abort)
  [3888] CRASH    w105:730 executor process died (native abort)
  [3889] CRASH    w105:736 executor process died (native abort)
  [3890] CRASH    w105:746 executor process died (native abort)
  [3891] CRASH    w105:732 executor process died (native abort)
  [3894] MISMATCH w105:754 out[0] max|delta|=1.441e+17 (rtol=0.0 atol=0.0)
  [3903] CRASH    w105:761 executor process died (native abort)
  [3907] CRASH    w105:762 executor process died (native abort)
  [3908] CRASH    w105:772 executor process died (native abort)
  [3918] CRASH    w105:77 executor process died (native abort)
  [3925] CRASH    w105:8 executor process died (native abort)
  [3932] MISMATCH w106:103 out[0] max|delta|=4.295e+09 (rtol=0.0 atol=0.0)
  [3934] MISMATCH w106:11 out[0] max|delta|=6.918e+18 (rtol=0.0 atol=0.0)
  [3944] MISMATCH w106:124 out[0] non-finite mismatch (nan/inf positions differ)
  [3948] CRASH    w106:12 executor process died (native abort)
  [3969] MISMATCH w106:160 out[0] max|delta|=9.223e+18 (rtol=0.0 atol=0.0)
  [3999] CRASH    w106:190 executor process died (native abort)
  [4000] CRASH    w106:196 executor process died (native abort)
  [4001] CRASH    w106:207 executor process died (native abort)
  [4002] CRASH    w106:209 executor process died (native abort)
  [4011] CRASH    w106:212 executor process died (native abort)
  [4015] CRASH    w106:213 executor process died (native abort)
  [4019] MISMATCH w106:239 out[0] max|delta|=2.147e+09 (rtol=0.0 atol=0.0)
  [4020] CRASH    w106:226 executor process died (native abort)
  [4035] CRASH    w106:258 executor process died (native abort)
  [4038] CRASH    w106:227 executor process died (native abort)
  [4040] CRASH    w106:264 executor process died (native abort)
  [4041] CRASH    w106:274 executor process died (native abort)
  [4077] CRASH    w106:30 executor process died (native abort)
  [4093] CRASH    w106:352 executor process died (native abort)
  [4097] CRASH    w106:354 executor process died (native abort)
  [4101] CRASH    w106:36 executor process died (native abort)
  [4102] CRASH    w106:37 executor process died (native abort)
  [4106] MISMATCH w106:381 out[0] max|delta|=6.000e+00 (rtol=0.0 atol=0.0)
  [4111] MISMATCH w106:388 out[0] max|delta|=1.153e+18 (rtol=0.0 atol=0.0)
  [4113] CRASH    w106:366 executor process died (native abort)
  [4116] CRASH    w106:39 executor process died (native abort)
  [4117] CRASH    w106:392 executor process died (native abort)
  [4118] CRASH    w106:395 executor process died (native abort)
  [t= 150s] 4118/55756 (27.4/s)  ok=3483 mism=153 crash=342 timeout=0 skip=140  |  inflight=15
  [4141] CRASH    w106:417 executor process died (native abort)
  [4142] CRASH    w106:424 executor process died (native abort)
  [4143] CRASH    w106:435 executor process died (native abort)
  [4144] CRASH    w106:437 executor process died (native abort)
  [4152] MISMATCH w106:44 out[0] non-finite mismatch (nan/inf positions differ)
  [4156] MISMATCH w106:454 out[0] max|delta|=1.593e+00 (rtol=0.01 atol=0.001)
  [4159] MISMATCH w106:464 out[0] max|delta|=9.223e+18 (rtol=0.01 atol=0.001)
  [4162] MISMATCH w106:467 out[0] max|delta|=2.147e+09 (rtol=0.0 atol=0.0)
  [4187] MISMATCH w106:500 out[0] non-finite mismatch (nan/inf positions differ)
  [4247] CRASH    w106:580 executor process died (native abort)
  [4250] MISMATCH w106:616 out[0] max|delta|=1.441e+17 (rtol=0.0 atol=0.0)
  [4263] CRASH    w106:623 executor process died (native abort)
  [4272] CRASH    w106:645 executor process died (native abort)
  [4273] CRASH    w106:652 executor process died (native abort)
  [4274] CRASH    w106:653 executor process died (native abort)
  [4278] CRASH    w106:66 executor process died (native abort)
  [4286] CRASH    w106:665 executor process died (native abort)
  [4291] CRASH    w106:669 executor process died (native abort)
  [4302] MISMATCH w106:695 out[0] max|delta|=2.147e+09 (rtol=0.0 atol=0.0)
  [4320] CRASH    w106:714 executor process died (native abort)
  [4321] MISMATCH w106:682 out[0] max|delta|=1.646e+00 (rtol=0.01 atol=0.001)
  [4325] CRASH    w106:728 executor process died (native abort)
  [4331] MISMATCH w106:741 out[0] max|delta|=4.000e+00 (rtol=0.0 atol=0.0)
  [4359] MISMATCH w106:8 out[0] max|delta|=4.612e+18 (rtol=0.01 atol=0.001)
  [4390] MISMATCH w107:127 out[0] max|delta|=6.400e+01 (rtol=0.0 atol=0.0)
  [4392] CRASH    w107:122 executor process died (native abort)
  [4396] CRASH    w107:108 executor process died (native abort)
  [4400] CRASH    w107:124 executor process died (native abort)
  [4401] CRASH    w107:144 executor process died (native abort)
  [4407] CRASH    w107:148 executor process died (native abort)
  [4414] MISMATCH w107:166 out[0] max|delta|=5.765e+17 (rtol=0.0 atol=0.0)
  [4416] MISMATCH w107:17 out[0] max|delta|=6.918e+18 (rtol=0.0 atol=0.0)
  [4426] CRASH    w107:170 executor process died (native abort)
  [4439] CRASH    w107:195 executor process died (native abort)
  [4440] CRASH    w107:203 executor process died (native abort)
  [4441] CRASH    w107:202 executor process died (native abort)
  [4442] CRASH    w107:184 executor process died (native abort)
  [4447] CRASH    w107:213 executor process died (native abort)
  [4449] CRASH    w107:215 executor process died (native abort)
  [4450] MISMATCH w107:218 out[0] non-finite mismatch (nan/inf positions differ)
  [4466] MISMATCH w107:242 out[0] max|delta|=1.153e+18 (rtol=0.01 atol=0.001)
  [4471] MISMATCH w107:245 out[0] max|delta|=2.147e+09 (rtol=0.01 atol=0.001)
  [4524] CRASH    w107:302 executor process died (native abort)
  [4527] MISMATCH w107:337 out[0] max|delta|=3.436e+10 (rtol=0.0 atol=0.0)
  [4534] CRASH    w107:328 executor process died (native abort)
  [4544] CRASH    w107:372 executor process died (native abort)
  [4549] CRASH    w107:370 executor process died (native abort)
  [4557] CRASH    w107:398 executor process died (native abort)
  [4560] CRASH    w107:4 executor process died (native abort)
  [4561] MISMATCH w107:401 out[0] max|delta|=4.000e+00 (rtol=0.0 atol=0.0)
  [t= 165s] 4561/55756 (27.6/s)  ok=3862 mism=171 crash=374 timeout=0 skip=154  |  inflight=15
  [4576] CRASH    w107:412 executor process died (native abort)
  [4584] MISMATCH w107:438 out[0] non-finite mismatch (nan/inf positions differ)
  [4585] CRASH    w107:424 executor process died (native abort)
  [4588] CRASH    w107:402 executor process died (native abort)
  [4589] CRASH    w107:443 executor process died (native abort)
  [4599] CRASH    w107:463 executor process died (native abort)
  [4601] MISMATCH w107:460 out[0] max|delta|=1.646e+00 (rtol=0.01 atol=0.001)
  [4606] MISMATCH w107:470 out[0] max|delta|=6.918e+18 (rtol=0.0 atol=0.0)
  [4613] MISMATCH w107:479 out[0] max|delta|=1.000e+00 (rtol=0.0 atol=0.0)
  [4634] CRASH    w107:492 executor process died (native abort)
  [4640] MISMATCH w107:526 out[0] max|delta|=3.999e-01 (rtol=0.01 atol=0.001)
  [4663] MISMATCH w107:565 out[0] max|delta|=1.718e+10 (rtol=0.0 atol=0.0)
  [4664] CRASH    w107:556 executor process died (native abort)
  [4669] CRASH    w107:55 executor process died (native abort)
  [4674] CRASH    w107:52 executor process died (native abort)
  [4688] CRASH    w107:569 executor process died (native abort)
  [4698] CRASH    w107:62 executor process died (native abort)
  [4699] MISMATCH w107:629 out[0] max|delta|=4.000e+00 (rtol=0.0 atol=0.0)
  [4713] CRASH    w107:640 executor process died (native abort)
  [4729] CRASH    w107:674 executor process died (native abort)
  [4731] MISMATCH w107:688 out[0] max|delta|=3.704e+00 (rtol=0.01 atol=0.001)
  [4733] CRASH    w107:671 executor process died (native abort)
  [4734] CRASH    w107:689 executor process died (native abort)
  [4735] CRASH    w107:69 executor process died (native abort)
  [4742] MISMATCH w107:70 out[0] max|delta|=3.999e-01 (rtol=0.01 atol=0.001)
  [4746] MISMATCH w107:701 out[0] max|delta|=6.918e+18 (rtol=0.01 atol=0.001)
  [4756] MISMATCH w107:715 out[0] max|delta|=1.593e+00 (rtol=0.01 atol=0.001)
  [4772] MISMATCH w107:747 out[0] max|delta|=4.000e+00 (rtol=0.0 atol=0.0)
  [4796] MISMATCH w107:80 out[0] max|delta|=2.147e+10 (rtol=0.0 atol=0.0)
  [4819] CRASH    w108:12 executor process died (native abort)
  [4823] CRASH    w108:121 executor process died (native abort)
  [4824] CRASH    w108:127 executor process died (native abort)
  [4825] CRASH    w108:131 executor process died (native abort)
  [4849] CRASH    w108:133 executor process died (native abort)
  [4854] CRASH    w108:168 executor process died (native abort)
  [4859] CRASH    w108:173 executor process died (native abort)
  [4867] CRASH    w108:201 executor process died (native abort)
  [4871] CRASH    w108:203 executor process died (native abort)
  [4875] MISMATCH w108:218 out[0] max|delta|=7.000e+00 (rtol=0.0 atol=0.0)
  [4878] CRASH    w108:207 executor process died (native abort)
  [4935] MISMATCH w108:304 out[0] max|delta|=1.611e+09 (rtol=0.0 atol=0.0)
  [4950] CRASH    w108:33 executor process died (native abort)
  [4951] CRASH    w108:332 executor process died (native abort)
  [4952] CRASH    w108:337 executor process died (native abort)
  [4953] CRASH    w108:339 executor process died (native abort)
  [4961] CRASH    w108:342 executor process died (native abort)
  [4964] MISMATCH w108:357 out[0] max|delta|=3.999e-01 (rtol=0.01 atol=0.001)
  [4969] CRASH    w108:349 executor process died (native abort)
  [4981] CRASH    w108:372 executor process died (native abort)
  [t= 180s] 4983/55756 (27.6/s)  ok=4222 mism=187 crash=407 timeout=0 skip=167  |  inflight=15
  [4988] CRASH    w108:396 executor process died (native abort)
  [4989] CRASH    w108:4 executor process died (native abort)
  [4991] CRASH    w108:355 executor process died (native abort)
  [4992] CRASH    w108:403 executor process died (native abort)
  [5024] MISMATCH w108:461 out[0] max|delta|=4.000e+00 (rtol=0.0 atol=0.0)
  [5049] CRASH    w108:494 executor process died (native abort)
  [5050] CRASH    w108:50 executor process died (native abort)
  [5053] CRASH    w108:502 executor process died (native abort)
  [5062] CRASH    w108:520 executor process died (native abort)
  [5064] CRASH    w108:521 executor process died (native abort)
  [5067] MISMATCH w108:529 out[0] max|delta|=1.441e+17 (rtol=0.01 atol=0.001)
  [5069] CRASH    w108:506 executor process died (native abort)
  [5072] CRASH    w108:535 executor process died (native abort)
  [5086] CRASH    w108:551 executor process died (native abort)
  [5087] CRASH    w108:558 executor process died (native abort)
  [5090] MISMATCH w108:532 out[0] max|delta|=1.611e+09 (rtol=0.0 atol=0.0)
  [5093] CRASH    w108:562 executor process died (native abort)
  [5096] CRASH    w108:570 executor process died (native abort)
  [5106] CRASH    w108:577 executor process died (native abort)
  [5117] MISMATCH w108:595 out[0] max|delta|=1.288e+10 (rtol=0.0 atol=0.0)
  [5132] MISMATCH w108:63 out[0] max|delta|=4.292e+00 (rtol=0.01 atol=0.001)
  [5134] MISMATCH w108:629 out[0] non-finite mismatch (nan/inf positions differ)
  [5171] CRASH    w108:663 executor process died (native abort)
  [5178] CRASH    w108:688 executor process died (native abort)
  [5192] CRASH    w108:711 executor process died (native abort)
  [5195] CRASH    w108:722 executor process died (native abort)
  [5196] CRASH    w108:728 executor process died (native abort)
  [5197] CRASH    w108:730 executor process died (native abort)
  [5213] CRASH    w108:747 executor process died (native abort)
  [5218] MISMATCH w108:760 out[0] max|delta|=2.147e+09 (rtol=0.0 atol=0.0)
  [5222] CRASH    w108:748 executor process died (native abort)
  [5228] CRASH    w108:776 executor process died (native abort)
  [5230] CRASH    w108:779 executor process died (native abort)
  [5239] CRASH    w108:77 executor process died (native abort)
  [5243] CRASH    w108:95 executor process died (native abort)
  [5255] MISMATCH w109:117 out[0] non-finite mismatch (nan/inf positions differ)
  [5314] CRASH    w109:203 executor process died (native abort)
  [5315] MISMATCH w109:211 out[0] max|delta|=1.153e+18 (rtol=0.0 atol=0.0)
  [5319] CRASH    w109:20 executor process died (native abort)
  [5324] CRASH    w109:215 executor process died (native abort)
  [5330] CRASH    w109:232 executor process died (native abort)
  [5339] CRASH    w109:240 executor process died (native abort)
  [5340] CRASH    w109:241 executor process died (native abort)
  [5344] CRASH    w109:247 executor process died (native abort)
  [t= 195s] 5348/55756 (27.4/s)  ok=4532 mism=196 crash=442 timeout=0 skip=178  |  inflight=15
  [5350] CRASH    w109:260 executor process died (native abort)
  [5353] CRASH    w109:264 executor process died (native abort)
  [5359] MISMATCH w109:277 out[0] max|delta|=1.000e+00 (rtol=0.0 atol=0.0)
  [5360] CRASH    w109:258 executor process died (native abort)
  [5363] CRASH    w109:278 executor process died (native abort)
  [5368] MISMATCH w109:27 out[0] non-finite mismatch (nan/inf positions differ)
  [5378] CRASH    w109:291 executor process died (native abort)
  [5382] CRASH    w109:30 executor process died (native abort)
  [5389] CRASH    w109:309 executor process died (native abort)
  [5390] MISMATCH w109:315 out[0] max|delta|=4.000e+00 (rtol=0.0 atol=0.0)
  [5394] CRASH    w109:318 executor process died (native abort)
  [5395] CRASH    w109:310 executor process died (native abort)
  [5396] CRASH    w109:32 executor process died (native abort)
  [5397] CRASH    w109:316 executor process died (native abort)
  [5404] MISMATCH w109:336 out[0] max|delta|=4.000e+00 (rtol=0.01 atol=0.001)
  [5411] CRASH    w109:325 executor process died (native abort)
  [5412] CRASH    w109:342 executor process died (native abort)
  [5413] CRASH    w109:345 executor process died (native abort)
  [5414] CRASH    w109:328 executor process died (native abort)
  [5418] CRASH    w109:347 executor process died (native abort)
  [5423] CRASH    w109:353 executor process died (native abort)
  [5424] CRASH    w109:36 executor process died (native abort)
  [5467] MISMATCH w109:35 out[0] max|delta|=4.664e-03 (rtol=0.01 atol=0.001)
  [5474] MISMATCH w109:446 out[0] max|delta|=4.295e+09 (rtol=0.0 atol=0.0)
  [5506] CRASH    w109:488 executor process died (native abort)
  [5511] CRASH    w109:49 executor process died (native abort)
  [5512] CRASH    w109:50 executor process died (native abort)
  [5513] CRASH    w109:507 executor process died (native abort)
  [5520] MISMATCH w109:518 out[0] non-finite mismatch (nan/inf positions differ)
  [5527] CRASH    w109:508 executor process died (native abort)
  [5537] CRASH    w109:543 executor process died (native abort)
  [5538] CRASH    w109:544 executor process died (native abort)
  [5539] CRASH    w109:546 executor process died (native abort)
  [5548] CRASH    w109:553 executor process died (native abort)
  [5554] CRASH    w109:548 executor process died (native abort)
  [5555] MISMATCH w109:571 out[0] max|delta|=3.999e-01 (rtol=0.01 atol=0.001)
  [5557] CRASH    w109:569 executor process died (native abort)
  [5558] CRASH    w109:575 executor process died (native abort)
  [5588] MISMATCH w109:610 out[0] max|delta|=1.288e+10 (rtol=0.0 atol=0.0)
  [5649] CRASH    w109:703 executor process died (native abort)
  [5652] CRASH    w109:701 executor process died (native abort)
  [5660] CRASH    w109:736 executor process died (native abort)
  [5662] MISMATCH w109:746 out[0] max|delta|=9.223e+18 (rtol=0.01 atol=0.001)
  [5667] CRASH    w109:747 executor process died (native abort)
  [5682] CRASH    w109:765 executor process died (native abort)
  [5683] CRASH    w109:774 executor process died (native abort)
  [t= 211s] 5685/55756 (27.0/s)  ok=4811 mism=206 crash=478 timeout=0 skip=190  |  inflight=15
  [5686] CRASH    w109:776 executor process died (native abort)
  [5687] CRASH    w109:81 executor process died (native abort)
  [5690] CRASH    w109:88 executor process died (native abort)
  [5693] CRASH    w109:781 executor process died (native abort)
  [5695] CRASH    w109:90 executor process died (native abort)
  [5696] CRASH    w109:95 executor process died (native abort)
  [5718] MISMATCH w11:120 out[0] non-finite mismatch (nan/inf positions differ)
  [5722] MISMATCH w11:121 out[0] non-finite mismatch (nan/inf positions differ)
  [5779] CRASH    w11:207 executor process died (native abort)
  [5780] CRASH    w11:212 executor process died (native abort)
  [5781] CRASH    w11:216 executor process died (native abort)
  [5782] CRASH    w11:217 executor process died (native abort)
  [5799] CRASH    w11:233 executor process died (native abort)
  [5802] CRASH    w11:245 executor process died (native abort)
  [5803] CRASH    w11:247 executor process died (native abort)
  [5804] CRASH    w11:251 executor process died (native abort)
  [5807] CRASH    w11:260 executor process died (native abort)
  [5811] CRASH    w11:261 executor process died (native abort)
  [5814] MISMATCH w11:269 out[0] max|delta|=2.882e+17 (rtol=0.0 atol=0.0)
  [5882] CRASH    w11:367 executor process died (native abort)
  [5883] CRASH    w11:368 executor process died (native abort)
  [5884] CRASH    w11:374 executor process died (native abort)
  [5885] CRASH    w11:376 executor process died (native abort)
  [5889] CRASH    w11:386 executor process died (native abort)
  [5894] CRASH    w11:378 executor process died (native abort)
  [5900] CRASH    w11:381 executor process died (native abort)
  [5904] CRASH    w11:405 executor process died (native abort)
  [5911] CRASH    w11:416 executor process died (native abort)
  [5912] MISMATCH w11:394 out[0] max|delta|=4.000e+00 (rtol=0.0 atol=0.0)
  [5914] MISMATCH w11:41 out[0] max|delta|=7.206e+16 (rtol=0.0 atol=0.0)
  [5924] CRASH    w11:431 executor process died (native abort)
  [5926] CRASH    w11:435 executor process died (native abort)
  [5927] CRASH    w11:440 executor process died (native abort)
  [5928] CRASH    w11:444 executor process died (native abort)
  [5957] MISMATCH w11:497 out[0] max|delta|=5.765e+17 (rtol=0.0 atol=0.0)
  [5987] MISMATCH w11:541 out[0] non-finite mismatch (nan/inf positions differ)
  [6007] MISMATCH w11:573 out[0] max|delta|=7.206e+16 (rtol=0.01 atol=0.001)
  [6010] MISMATCH w11:576 out[0] max|delta|=6.918e+18 (rtol=0.01 atol=0.001)
  [6028] CRASH    w11:596 executor process died (native abort)
  [6030] CRASH    w11:601 executor process died (native abort)
  [6031] CRASH    w11:604 executor process died (native abort)
  [6032] CRASH    w11:614 executor process died (native abort)
  [6039] CRASH    w11:62 executor process died (native abort)
  [6042] CRASH    w11:621 executor process died (native abort)
  [t= 226s] 6044/55756 (26.8/s)  ok=5117 mism=215 crash=513 timeout=0 skip=199  |  inflight=15
  [6045] CRASH    w11:628 executor process died (native abort)
  [6046] CRASH    w11:631 executor process died (native abort)
  [6066] CRASH    w11:644 executor process died (native abort)
  [6070] MISMATCH w11:668 out[0] max|delta|=3.436e+10 (rtol=0.0 atol=0.0)
  [6080] CRASH    w11:633 executor process died (native abort)
  [6097] CRASH    w11:70 executor process died (native abort)
  [6102] MISMATCH w11:725 out[0] max|delta|=5.369e+08 (rtol=0.0 atol=0.0)
  [6115] MISMATCH w11:743 out[0] non-finite mismatch (nan/inf positions differ)
  [6160] MISMATCH w110:12 out[0] max|delta|=2.684e+08 (rtol=0.0 atol=0.0)
  [6167] MISMATCH w110:116 out[0] max|delta|=4.295e+09 (rtol=0.0 atol=0.0)
  [6169] CRASH    w110:110 executor process died (native abort)
  [6177] MISMATCH w110:144 out[0] max|delta|=3.999e-01 (rtol=0.01 atol=0.001)
  [6186] CRASH    w110:148 executor process died (native abort)
  [6187] CRASH    w110:154 executor process died (native abort)
  [6188] CRASH    w110:16 executor process died (native abort)
  [6189] CRASH    w110:136 executor process died (native abort)
  [6222] CRASH    w110:204 executor process died (native abort)
  [6223] CRASH    w110:218 executor process died (native abort)
  [6227] CRASH    w110:216 executor process died (native abort)
  [6277] MISMATCH w110:306 out[0] max|delta|=2.549e+00 (rtol=0.01 atol=0.001)
  [6289] MISMATCH w110:319 out[0] max|delta|=2.147e+09 (rtol=0.0 atol=0.0)
  [6306] CRASH    w110:338 executor process died (native abort)
  [6307] CRASH    w110:344 executor process died (native abort)
  [6308] CRASH    w110:347 executor process died (native abort)
  [6309] CRASH    w110:349 executor process died (native abort)
  [6317] MISMATCH w110:365 out[0] max|delta|=4.000e+00 (rtol=0.01 atol=0.001)
  [6318] CRASH    w110:354 executor process died (native abort)
  [6325] CRASH    w110:364 executor process died (native abort)
  [6331] CRASH    w110:374 executor process died (native abort)
  [6344] CRASH    w110:406 executor process died (native abort)
  [6354] CRASH    w110:42 executor process died (native abort)
  [6359] CRASH    w110:426 executor process died (native abort)
  [6375] MISMATCH w110:468 out[0] max|delta|=5.765e+17 (rtol=0.0 atol=0.0)
  [6406] CRASH    w110:504 executor process died (native abort)
  [6415] MISMATCH w110:534 out[0] max|delta|=4.003e+00 (rtol=0.01 atol=0.001)
  [6423] MISMATCH w110:544 out[0] non-finite mismatch (nan/inf positions differ)
  [6435] MISMATCH w110:56 out[0] non-finite mismatch (nan/inf positions differ)
  [6446] CRASH    w110:567 executor process died (native abort)
  [6449] CRASH    w110:573 executor process died (native abort)
  [6454] CRASH    w110:575 executor process died (native abort)
  [6455] CRASH    w110:592 executor process died (native abort)
  [6458] CRASH    w110:582 executor process died (native abort)
  [6462] CRASH    w110:598 executor process died (native abort)
  [6474] CRASH    w110:61 executor process died (native abort)
  [t= 241s] 6474/55756 (26.9/s)  ok=5489 mism=228 crash=544 timeout=0 skip=213  |  inflight=15
  [6482] CRASH    w110:634 executor process died (native abort)
  [6484] CRASH    w110:602 executor process died (native abort)
  [6489] CRASH    w110:639 executor process died (native abort)
  [6501] MISMATCH w110:660 out[0] non-finite mismatch (nan/inf positions differ)
  [6546] CRASH    w110:725 executor process died (native abort)
  [6549] CRASH    w110:726 executor process died (native abort)
  [6550] CRASH    w110:732 executor process died (native abort)
  [6551] CRASH    w110:743 executor process died (native abort)
  [6564] CRASH    w110:763 executor process died (native abort)
  [6565] CRASH    w110:745 executor process died (native abort)
  [6566] CRASH    w110:764 executor process died (native abort)
  [6567] CRASH    w110:765 executor process died (native abort)
  [6570] MISMATCH w110:772 out[0] max|delta|=5.369e+08 (rtol=0.0 atol=0.0)
  [6573] MISMATCH w110:775 out[0] max|delta|=6.918e+18 (rtol=0.01 atol=0.001)
  [6579] CRASH    w110:778 executor process died (native abort)
  [6586] CRASH    w110:78 executor process died (native abort)
  [6587] MISMATCH w110:88 out[0] non-finite mismatch (nan/inf positions differ)
  [6598] CRASH    w110:94 executor process died (native abort)
  [6601] MISMATCH w111:108 out[0] max|delta|=3.000e+00 (rtol=0.0 atol=0.0)
  [6609] CRASH    w111:11 executor process died (native abort)
  [6672] MISMATCH w111:224 out[0] max|delta|=1.000e+00 (rtol=0.0 atol=0.0)
  [6680] CRASH    w111:214 executor process died (native abort)
  [6684] CRASH    w111:246 executor process died (native abort)
  [6685] CRASH    w111:247 executor process died (native abort)
  [6686] CRASH    w111:239 executor process died (native abort)
  [6689] MISMATCH w111:254 out[0] non-finite mismatch (nan/inf positions differ)
  [6695] CRASH    w111:259 executor process died (native abort)
  [6703] CRASH    w111:263 executor process died (native abort)
  [6711] CRASH    w111:276 executor process died (native abort)
  [6727] CRASH    w111:31 executor process died (native abort)
  [6728] MISMATCH w111:289 out[0] non-finite mismatch (nan/inf positions differ)
  [6729] CRASH    w111:279 executor process died (native abort)
  [6733] CRASH    w111:314 executor process died (native abort)
  [6734] CRASH    w111:324 executor process died (native abort)
  [6735] CRASH    w111:315 executor process died (native abort)
  [6790] MISMATCH w111:402 out[0] non-finite mismatch (nan/inf positions differ)
  [6805] MISMATCH w111:438 out[0] max|delta|=9.223e+18 (rtol=0.0 atol=0.0)
  [6827] CRASH    w111:468 executor process died (native abort)
  [6829] MISMATCH w111:48 out[0] max|delta|=8.000e+00 (rtol=0.0 atol=0.0)
  [6831] CRASH    w111:442 executor process died (native abort)
  [6833] CRASH    w111:474 executor process died (native abort)
  [6834] CRASH    w111:485 executor process died (native abort)
  [6837] CRASH    w111:479 executor process died (native abort)
  [6843] CRASH    w111:490 executor process died (native abort)
  [6847] CRASH    w111:487 executor process died (native abort)
  [t= 256s] 6847/55756 (26.8/s)  ok=5807 mism=239 crash=578 timeout=0 skip=223  |  inflight=15
  [6848] CRASH    w111:505 executor process died (native abort)
  [6852] MISMATCH w111:514 out[0] max|delta|=2.306e+18 (rtol=0.01 atol=0.001)
  [6855] MISMATCH w111:517 out[0] max|delta|=6.918e+18 (rtol=0.0 atol=0.0)
  [6858] CRASH    w111:491 executor process died (native abort)
  [6863] CRASH    w111:518 executor process died (native abort)
  [6898] MISMATCH w111:572 out[0] max|delta|=8.627e-01 (rtol=0.01 atol=0.001)
  [6921] MISMATCH w111:61 out[0] non-finite mismatch (nan/inf positions differ)
  [6938] CRASH    w111:622 executor process died (native abort)
  [6945] CRASH    w111:520 executor process died (native abort)
  [6950] CRASH    w111:648 executor process died (native abort)
  [6952] MISMATCH w111:666 out[0] max|delta|=9.223e+18 (rtol=0.0 atol=0.0)
  [6956] MISMATCH w111:673 out[0] max|delta|=4.000e+00 (rtol=0.0 atol=0.0)
  [6964] CRASH    w111:674 executor process died (native abort)
  [6976] CRASH    w111:696 executor process died (native abort)
  [6977] CRASH    w111:702 executor process died (native abort)
  [6986] CRASH    w111:715 executor process died (native abort)
  [6990] CRASH    w111:718 executor process died (native abort)
  [6996] CRASH    w111:734 executor process died (native abort)
  [7002] MISMATCH w111:742 out[0] max|delta|=2.306e+18 (rtol=0.01 atol=0.001)
  [7006] MISMATCH w111:745 out[0] max|delta|=1.611e+09 (rtol=0.0 atol=0.0)
  [7055] MISMATCH w112:122 out[0] non-finite mismatch (nan/inf positions differ)
  [7076] CRASH    w112:119 executor process died (native abort)
  [7085] CRASH    w112:17 executor process died (native abort)
  [7088] CRASH    w112:172 executor process died (native abort)
  [7095] CRASH    w112:194 executor process died (native abort)
  [7100] CRASH    w112:192 executor process died (native abort)
  [7107] MISMATCH w112:216 out[0] max|delta|=4.612e+18 (rtol=0.0 atol=0.0)
  [7118] CRASH    w112:223 executor process died (native abort)
  [7123] CRASH    w112:237 executor process died (native abort)
  [7125] CRASH    w112:24 executor process died (native abort)
  [7126] CRASH    w112:245 executor process died (native abort)
  [7127] MISMATCH w112:238 out[0] max|delta|=7.000e+00 (rtol=0.01 atol=0.001)
  [7128] CRASH    w112:252 executor process died (native abort)
  [7140] CRASH    w112:263 executor process died (native abort)
  [7153] MISMATCH w112:292 out[0] max|delta|=1.441e+17 (rtol=0.01 atol=0.001)
  [7158] MISMATCH w112:295 out[0] non-finite mismatch (nan/inf positions differ)
  [7178] MISMATCH w112:328 out[0] non-finite mismatch (nan/inf positions differ)
  [7201] CRASH    w112:314 executor process died (native abort)
  [7208] CRASH    w112:365 executor process died (native abort)
  [7210] CRASH    w112:37 executor process died (native abort)
  [7212] CRASH    w112:382 executor process died (native abort)
  [7235] CRASH    w112:402 executor process died (native abort)
  [7243] CRASH    w112:386 executor process died (native abort)
  [7248] CRASH    w112:426 executor process died (native abort)
  [7249] MISMATCH w112:444 out[0] max|delta|=1.153e+18 (rtol=0.0 atol=0.0)
  [t= 271s] 7252/55756 (26.8/s)  ok=6152 mism=254 crash=608 timeout=0 skip=238  |  inflight=15
  [7254] CRASH    w112:451 executor process died (native abort)
  [7255] CRASH    w112:452 executor process died (native abort)
  [7262] CRASH    w112:462 executor process died (native abort)
  [7267] CRASH    w112:438 executor process died (native abort)
  [7302] MISMATCH w112:523 out[0] max|delta|=6.918e+18 (rtol=0.0 atol=0.0)
  [7309] MISMATCH w112:529 out[0] max|delta|=1.000e+00 (rtol=0.0 atol=0.0)
  [7314] MISMATCH w112:54 out[0] max|delta|=3.339e+00 (rtol=0.01 atol=0.001)
  [7321] CRASH    w112:558 executor process died (native abort)
  [7322] CRASH    w112:553 executor process died (native abort)
  [7323] CRASH    w112:549 executor process died (native abort)
  [7328] MISMATCH w112:569 out[0] max|delta|=4.000e+00 (rtol=0.0 atol=0.0)
  [7334] CRASH    w112:57 executor process died (native abort)
  [7341] CRASH    w112:574 executor process died (native abort)
  [7343] MISMATCH w112:586 out[0] max|delta|=1.288e+10 (rtol=0.0 atol=0.0)
  [7352] CRASH    w112:591 executor process died (native abort)
  [7359] MISMATCH w112:615 out[0] max|delta|=3.006e+10 (rtol=0.0 atol=0.0)
  [7372] MISMATCH w112:64 out[0] max|delta|=2.882e+17 (rtol=0.01 atol=0.001)
  [7375] CRASH    w112:622 executor process died (native abort)
  [7383] CRASH    w112:648 executor process died (native abort)
  [7387] MISMATCH w112:665 out[0] max|delta|=6.000e+00 (rtol=0.0 atol=0.0)
  [7389] CRASH    w112:654 executor process died (native abort)
  [7391] MISMATCH w112:67 out[0] max|delta|=6.918e+18 (rtol=0.01 atol=0.001)
  [7394] MISMATCH w112:672 out[0] max|delta|=4.323e+17 (rtol=0.0 atol=0.0)
  [7397] MISMATCH w112:680 out[0] max|delta|=4.000e+00 (rtol=0.0 atol=0.0)
  [7401] CRASH    w112:676 executor process died (native abort)
  [7415] CRASH    w112:693 executor process died (native abort)
  [7430] MISMATCH w112:724 out[0] max|delta|=6.088e-01 (rtol=0.01 atol=0.001)
  [7481] CRASH    w112:97 executor process died (native abort)
  [7486] CRASH    w113:0 executor process died (native abort)
  [7491] CRASH    w113:109 executor process died (native abort)
  [7494] CRASH    w113:128 executor process died (native abort)
  [7502] CRASH    w113:131 executor process died (native abort)
  [7507] MISMATCH w113:141 out[0] max|delta|=9.223e+18 (rtol=0.0 atol=0.0)
  [7513] CRASH    w113:142 executor process died (native abort)
  [7519] CRASH    w113:129 executor process died (native abort)
  [7523] CRASH    w113:160 executor process died (native abort)
  [7525] CRASH    w113:169 executor process died (native abort)
  [7527] CRASH    w113:179 executor process died (native abort)
  [7539] CRASH    w113:186 executor process died (native abort)
  [7551] MISMATCH w113:196 out[0] non-finite mismatch (nan/inf positions differ)
  [7584] MISMATCH w113:26 out[0] non-finite mismatch (nan/inf positions differ)
  [7628] CRASH    w113:311 executor process died (native abort)
  [7632] MISMATCH w113:334 out[0] non-finite mismatch (nan/inf positions differ)
  [7633] CRASH    w113:326 executor process died (native abort)
  [7636] CRASH    w113:327 executor process died (native abort)
  [7637] CRASH    w113:343 executor process died (native abort)
  [7646] MISMATCH w113:356 out[0] max|delta|=3.006e+00 (rtol=0.01 atol=0.001)
  [7653] MISMATCH w113:366 out[0] non-finite mismatch (nan/inf positions differ)
  [7656] MISMATCH w113:369 out[0] max|delta|=9.223e+18 (rtol=0.0 atol=0.0)
  [7669] CRASH    w113:370 executor process died (native abort)
  [7672] CRASH    w113:38 executor process died (native abort)
  [7673] CRASH    w113:389 executor process died (native abort)
  [t= 286s] 7673/55756 (26.9/s)  ok=6507 mism=273 crash=641 timeout=0 skip=252  |  inflight=15
  [7674] CRASH    w113:397 executor process died (native abort)
  [7676] CRASH    w113:394 executor process died (native abort)
  [7677] CRASH    w113:402 executor process died (native abort)
  [7678] MISMATCH w113:40 out[0] max|delta|=4.295e+09 (rtol=0.0 atol=0.0)
  [7679] CRASH    w113:399 executor process died (native abort)
  [7680] CRASH    w113:407 executor process died (native abort)
  [7716] MISMATCH w113:432 out[0] max|delta|=2.147e+10 (rtol=0.0 atol=0.0)
  [7751] MISMATCH w113:518 out[0] max|delta|=2.306e+18 (rtol=0.0 atol=0.0)
  [7778] MISMATCH w113:55 out[0] max|delta|=3.000e+00 (rtol=0.0 atol=0.0)
  [7790] CRASH    w113:567 executor process died (native abort)
  [7791] MISMATCH w113:584 out[0] max|delta|=1.000e+00 (rtol=0.0 atol=0.0)
  [7794] CRASH    w113:571 executor process died (native abort)
  [7799] CRASH    w113:587 executor process died (native abort)
  [7800] MISMATCH w113:597 out[0] non-finite mismatch (nan/inf positions differ)
  [7830] CRASH    w113:635 executor process died (native abort)
  [7832] CRASH    w113:642 executor process died (native abort)
  [7833] CRASH    w113:649 executor process died (native abort)
  [7834] CRASH    w113:654 executor process died (native abort)
  [7851] CRASH    w113:665 executor process died (native abort)
  [7859] MISMATCH w113:689 out[0] max|delta|=2.147e+10 (rtol=0.0 atol=0.0)
  [7894] MISMATCH w113:746 out[0] max|delta|=5.765e+17 (rtol=0.0 atol=0.0)
  [7906] MISMATCH w113:764 out[0] non-finite mismatch (nan/inf positions differ)
  [7922] CRASH    w113:775 executor process died (native abort)
  [7927] CRASH    w113:776 executor process died (native abort)
  [7929] CRASH    w113:91 executor process died (native abort)
  [7930] CRASH    w114:102 executor process died (native abort)
  [7933] CRASH    w113:92 executor process died (native abort)
  [7936] CRASH    w114:107 executor process died (native abort)
  [7937] CRASH    w114:11 executor process died (native abort)
  [7938] CRASH    w114:104 executor process died (native abort)
  [7945] MISMATCH w114:121 out[0] max|delta|=3.063e+00 (rtol=0.01 atol=0.001)
  [7950] MISMATCH w114:131 out[0] max|delta|=9.223e+18 (rtol=0.01 atol=0.001)
  [7951] CRASH    w114:108 executor process died (native abort)
  [7955] CRASH    w114:13 executor process died (native abort)
  [7956] CRASH    w114:137 executor process died (native abort)
  [7960] CRASH    w114:142 executor process died (native abort)
  [7976] CRASH    w114:153 executor process died (native abort)
  [7978] CRASH    w114:172 executor process died (native abort)
  [7980] CRASH    w114:164 executor process died (native abort)
  [7988] CRASH    w114:179 executor process died (native abort)
  [7992] CRASH    w114:185 executor process died (native abort)
  [7994] CRASH    w114:189 executor process died (native abort)
  [7995] CRASH    w114:191 executor process died (native abort)
  [7997] CRASH    w114:186 executor process died (native abort)
  [8019] CRASH    w114:21 executor process died (native abort)
  [8026] CRASH    w114:233 executor process died (native abort)
  [t= 301s] 8029/55756 (26.7/s)  ok=6805 mism=284 crash=676 timeout=0 skip=264  |  inflight=15
  [8043] MISMATCH w114:276 out[0] max|delta|=5.000e+00 (rtol=0.0 atol=0.0)
  [8044] CRASH    w114:259 executor process died (native abort)
  [8050] CRASH    w114:265 executor process died (native abort)
  [8054] MISMATCH w114:290 out[0] max|delta|=4.000e+00 (rtol=0.0 atol=0.0)
  [8055] CRASH    w114:287 executor process died (native abort)
  [8056] CRASH    w114:291 executor process died (native abort)
  [8094] MISMATCH w114:335 out[0] non-finite mismatch (nan/inf positions differ)
  [8098] MISMATCH w114:359 out[0] max|delta|=4.323e+17 (rtol=0.0 atol=0.0)
  [8129] CRASH    w114:381 executor process died (native abort)
  [8133] MISMATCH w114:415 out[0] max|delta|=3.999e-01 (rtol=0.01 atol=0.001)
  [8136] MISMATCH w114:408 out[0] max|delta|=4.000e+00 (rtol=0.0 atol=0.0)
  [8148] CRASH    w114:419 executor process died (native abort)
  [8155] CRASH    w114:445 executor process died (native abort)
  [8165] CRASH    w114:47 executor process died (native abort)
  [8180] CRASH    w114:487 executor process died (native abort)
  [8195] MISMATCH w114:525 out[0] max|delta|=1.000e+00 (rtol=0.0 atol=0.0)
  [8201] CRASH    w114:518 executor process died (native abort)
  [8213] CRASH    w114:552 executor process died (native abort)
  [8214] CRASH    w114:505 executor process died (native abort)
  [8216] CRASH    w114:558 executor process died (native abort)
  [8217] CRASH    w114:564 executor process died (native abort)
  [8226] MISMATCH w114:577 out[0] max|delta|=1.646e+00 (rtol=0.01 atol=0.001)
  [8235] MISMATCH w114:590 out[0] max|delta|=6.918e+18 (rtol=0.0 atol=0.0)
  [8238] MISMATCH w114:591 out[0] non-finite mismatch (nan/inf positions differ)
  [8273] MISMATCH w114:645 out[0] non-finite mismatch (nan/inf positions differ)
  [8295] CRASH    w114:681 executor process died (native abort)
  [8300] CRASH    w114:682 executor process died (native abort)
  [8305] CRASH    w114:687 executor process died (native abort)
  [8316] CRASH    w114:717 executor process died (native abort)
  [8319] CRASH    w114:721 executor process died (native abort)
  [8320] CRASH    w114:73 executor process died (native abort)
  [8321] CRASH    w114:731 executor process died (native abort)
  [8335] CRASH    w114:746 executor process died (native abort)
  [8344] CRASH    w114:747 executor process died (native abort)
  [8357] CRASH    w114:780 executor process died (native abort)
  [8358] CRASH    w114:85 executor process died (native abort)
  [8359] CRASH    w114:754 executor process died (native abort)
  [8366] MISMATCH w114:99 out[0] non-finite mismatch (nan/inf positions differ)
  [8382] MISMATCH w115:122 out[0] max|delta|=4.000e+00 (rtol=0.0 atol=0.0)
  [8384] MISMATCH w115:129 out[0] max|delta|=2.882e+17 (rtol=0.0 atol=0.0)
  [8386] MISMATCH w115:13 out[0] non-finite mismatch (nan/inf positions differ)
  [8393] MISMATCH w115:143 out[0] max|delta|=2.550e+02 (rtol=0.0 atol=0.0)
  [8411] MISMATCH w115:173 out[0] non-finite mismatch (nan/inf positions differ)
  [8432] CRASH    w115:182 executor process died (native abort)
  [8433] MISMATCH w115:205 out[0] max|delta|=2.306e+18 (rtol=0.01 atol=0.001)
  [8442] CRASH    w115:211 executor process died (native abort)
  [8445] CRASH    w115:216 executor process died (native abort)
  [8450] MISMATCH w115:208 out[0] max|delta|=1.611e+09 (rtol=0.0 atol=0.0)
  [8451] CRASH    w115:233 executor process died (native abort)
  [8452] CRASH    w115:234 executor process died (native abort)
  [8457] CRASH    w115:227 executor process died (native abort)
  [8458] CRASH    w115:241 executor process died (native abort)
  [8463] CRASH    w115:236 executor process died (native abort)
  [t= 316s] 8463/55756 (26.8/s)  ok=7173 mism=303 crash=710 timeout=0 skip=277  |  inflight=15
  [8464] CRASH    w115:25 executor process died (native abort)
  [8465] CRASH    w115:246 executor process died (native abort)
  [8527] MISMATCH w115:350 out[0] max|delta|=5.000e+00 (rtol=0.0 atol=0.0)
  [8543] CRASH    w115:333 executor process died (native abort)
  [8547] CRASH    w115:37 executor process died (native abort)
  [8549] CRASH    w115:375 executor process died (native abort)
  [8551] CRASH    w115:393 executor process died (native abort)
  [8560] MISMATCH w115:401 out[0] non-finite mismatch (nan/inf positions differ)
  [8563] CRASH    w115:398 executor process died (native abort)
  [8571] CRASH    w115:406 executor process died (native abort)
  [8576] MISMATCH w115:433 out[0] max|delta|=7.206e+16 (rtol=0.01 atol=0.001)
  [8577] CRASH    w115:394 executor process died (native abort)
  [8579] MISMATCH w115:436 out[0] max|delta|=6.918e+18 (rtol=0.0 atol=0.0)
  [8593] CRASH    w115:455 executor process died (native abort)
  [8598] CRASH    w115:426 executor process died (native abort)
  [8599] CRASH    w115:471 executor process died (native abort)
  [8609] CRASH    w115:481 executor process died (native abort)
  [8620] MISMATCH w115:5 out[0] max|delta|=4.000e+00 (rtol=0.0 atol=0.0)
  [8622] MISMATCH w115:491 out[0] max|delta|=1.793e+00 (rtol=0.01 atol=0.001)
  [8628] MISMATCH w115:489 out[0] max|delta|=3.999e-01 (rtol=0.01 atol=0.001)
  [8666] MISMATCH w115:578 out[0] max|delta|=3.000e+00 (rtol=0.0 atol=0.0)
  [8668] CRASH    w115:561 executor process died (native abort)
  [8674] CRASH    w115:567 executor process died (native abort)
  [8678] CRASH    w115:577 executor process died (native abort)
  [8680] CRASH    w115:6 executor process died (native abort)
  [8692] MISMATCH w115:599 out[0] max|delta|=1.000e+00 (rtol=0.0 atol=0.0)
  [8702] CRASH    w115:622 executor process died (native abort)
  [8707] CRASH    w115:634 executor process died (native abort)
  [8709] CRASH    w115:600 executor process died (native abort)
  [8710] CRASH    w115:652 executor process died (native abort)
  [8715] MISMATCH w115:661 out[0] max|delta|=2.306e+18 (rtol=0.01 atol=0.001)
  [8718] MISMATCH w115:664 out[0] max|delta|=6.918e+18 (rtol=0.0 atol=0.0)
  [8719] CRASH    w115:651 executor process died (native abort)
  [8723] CRASH    w115:665 executor process died (native abort)
  [8725] CRASH    w115:67 executor process died (native abort)
  [8733] CRASH    w115:683 executor process died (native abort)
  [8743] MISMATCH w115:697 out[0] non-finite mismatch (nan/inf positions differ)
  [8752] MISMATCH w115:710 out[0] max|delta|=4.000e+00 (rtol=0.0 atol=0.0)
  [8802] MISMATCH w115:90 out[0] max|delta|=3.200e+01 (rtol=0.0 atol=0.0)
  [8814] MISMATCH w116:107 out[0] max|delta|=1.153e+18 (rtol=0.01 atol=0.001)
  [8817] MISMATCH w116:110 out[0] non-finite mismatch (nan/inf positions differ)
  [8822] MISMATCH w116:116 out[0] max|delta|=1.000e+00 (rtol=0.0 atol=0.0)
  [8825] CRASH    w116:100 executor process died (native abort)
  [8829] CRASH    w116:113 executor process died (native abort)
  [8830] CRASH    w116:129 executor process died (native abort)
  [8831] CRASH    w116:13 executor process died (native abort)
  [8837] CRASH    w116:140 executor process died (native abort)
  [8842] CRASH    w116:148 executor process died (native abort)
  [8849] CRASH    w116:135 executor process died (native abort)
  [t= 331s] 8871/55756 (26.8/s)  ok=7518 mism=320 crash=742 timeout=0 skip=291  |  inflight=15
  [8875] CRASH    w116:197 executor process died (native abort)
  [8879] CRASH    w116:202 executor process died (native abort)
  [8880] CRASH    w116:223 executor process died (native abort)
  [8881] CRASH    w116:167 executor process died (native abort)
  [8953] MISMATCH w116:338 out[0] max|delta|=9.223e+18 (rtol=0.01 atol=0.001)
  [8969] CRASH    w116:35 executor process died (native abort)
  [8978] CRASH    w116:364 executor process died (native abort)
  [8983] CRASH    w116:383 executor process died (native abort)
  [8984] CRASH    w116:395 executor process died (native abort)
  [9011] CRASH    w116:425 executor process died (native abort)
  [9020] CRASH    w116:429 executor process died (native abort)
  [9025] CRASH    w116:463 executor process died (native abort)
  [9026] CRASH    w116:469 executor process died (native abort)
  [9031] MISMATCH w116:480 out[0] max|delta|=6.000e+00 (rtol=0.0 atol=0.0)
  [9034] CRASH    w116:479 executor process died (native abort)
  [9056] MISMATCH w116:487 out[0] max|delta|=8.053e+08 (rtol=0.0 atol=0.0)
  [9069] MISMATCH w116:539 out[0] non-finite mismatch (nan/inf positions differ)
  [9080] MISMATCH w116:553 out[0] max|delta|=1.646e+00 (rtol=0.01 atol=0.001)
  [9093] MISMATCH w116:572 out[0] max|delta|=9.223e+18 (rtol=0.0 atol=0.0)
  [9102] CRASH    w116:58 executor process died (native abort)
  [9103] CRASH    w116:569 executor process died (native abort)
  [9104] CRASH    w116:591 executor process died (native abort)
  [9105] CRASH    w116:594 executor process died (native abort)
  [9112] CRASH    w116:604 executor process died (native abort)
  [9114] CRASH    w116:60 executor process died (native abort)
  [9115] CRASH    w116:61 executor process died (native abort)
  [9116] CRASH    w116:611 executor process died (native abort)
  [9121] CRASH    w116:621 executor process died (native abort)
  [9127] CRASH    w116:623 executor process died (native abort)
  [9141] CRASH    w116:636 executor process died (native abort)
  [9144] CRASH    w116:657 executor process died (native abort)
  [9149] CRASH    w116:658 executor process died (native abort)
  [9177] MISMATCH w116:715 out[0] max|delta|=1.074e+09 (rtol=0.0 atol=0.0)
  [9186] MISMATCH w116:729 out[0] max|delta|=2.550e+02 (rtol=0.0 atol=0.0)
  [9226] CRASH    w116:84 executor process died (native abort)
  [9227] MISMATCH w117:0 out[0] non-finite mismatch (nan/inf positions differ)
  [9229] CRASH    w116:9 executor process died (native abort)
  [9232] CRASH    w116:98 executor process died (native abort)
  [9233] CRASH    w117:107 executor process died (native abort)
  [9237] CRASH    w117:1 executor process died (native abort)
  [9244] CRASH    w117:113 executor process died (native abort)
  [9247] CRASH    w117:125 executor process died (native abort)
  [9248] CRASH    w117:127 executor process died (native abort)
  [t= 346s] 9256/55756 (26.7/s)  ok=7852 mism=329 crash=776 timeout=0 skip=299  |  inflight=15
  [9264] CRASH    w117:141 executor process died (native abort)
  [9270] CRASH    w117:157 executor process died (native abort)
  [9271] CRASH    w117:156 executor process died (native abort)
  [9272] CRASH    w117:164 executor process died (native abort)
  [9286] MISMATCH w117:186 out[0] max|delta|=4.000e+00 (rtol=0.0 atol=0.0)
  [9298] CRASH    w117:19 executor process died (native abort)
  [9300] MISMATCH w117:202 out[0] max|delta|=4.000e+00 (rtol=0.0 atol=0.0)
  [9315] CRASH    w117:216 executor process died (native abort)
  [9317] MISMATCH w117:228 out[0] max|delta|=6.918e+18 (rtol=0.0 atol=0.0)
  [9320] CRASH    w117:218 executor process died (native abort)
  [9330] CRASH    w117:247 executor process died (native abort)
  [9333] MISMATCH w117:253 out[0] max|delta|=4.000e+00 (rtol=0.0 atol=0.0)
  [9336] CRASH    w117:25 executor process died (native abort)
  [9337] CRASH    w117:254 executor process died (native abort)
  [9338] CRASH    w117:256 executor process died (native abort)
  [9341] CRASH    w117:263 executor process died (native abort)
  [9354] CRASH    w117:273 executor process died (native abort)
  [9355] CRASH    w117:279 executor process died (native abort)
  [9356] CRASH    w117:28 executor process died (native abort)
  [9357] CRASH    w117:266 executor process died (native abort)
  [9359] CRASH    w117:280 executor process died (native abort)
  [9363] CRASH    w117:285 executor process died (native abort)
  [9408] MISMATCH w117:370 out[0] max|delta|=7.000e+00 (rtol=0.0 atol=0.0)
  [9414] MISMATCH w117:377 out[0] max|delta|=1.441e+17 (rtol=0.0 atol=0.0)
  [9430] CRASH    w117:381 executor process died (native abort)
  [9437] CRASH    w117:398 executor process died (native abort)
  [9438] CRASH    w117:407 executor process died (native abort)
  [9439] CRASH    w117:413 executor process died (native abort)
  [9447] CRASH    w117:426 executor process died (native abort)
  [9453] CRASH    w117:429 executor process died (native abort)
  [9457] CRASH    w117:418 executor process died (native abort)
  [9458] MISMATCH w117:443 out[0] max|delta|=4.515e+00 (rtol=0.01 atol=0.001)
  [9459] CRASH    w117:446 executor process died (native abort)
  [9462] CRASH    w117:430 executor process died (native abort)
  [9464] MISMATCH w117:453 out[0] max|delta|=7.206e+16 (rtol=0.01 atol=0.001)
  [9467] MISMATCH w117:456 out[0] max|delta|=1.611e+09 (rtol=0.0 atol=0.0)
  [9470] CRASH    w117:457 executor process died (native abort)
  [9479] CRASH    w117:444 executor process died (native abort)
  [9480] CRASH    w117:472 executor process died (native abort)
  [9499] MISMATCH w117:502 out[0] max|delta|=4.000e+00 (rtol=0.01 atol=0.001)
  [9565] CRASH    w117:597 executor process died (native abort)
  [9571] CRASH    w117:609 executor process died (native abort)
  [9582] CRASH    w117:634 executor process died (native abort)
  [9584] CRASH    w117:642 executor process died (native abort)
  [9591] CRASH    w117:654 executor process died (native abort)
  [9593] CRASH    w117:658 executor process died (native abort)
  [9602] CRASH    w117:646 executor process died (native abort)
  [t= 361s] 9602/55756 (26.6/s)  ok=8141 mism=339 crash=813 timeout=0 skip=309  |  inflight=15
  [9607] MISMATCH w117:681 out[0] max|delta|=4.612e+18 (rtol=0.01 atol=0.001)
  [9610] MISMATCH w117:684 out[0] max|delta|=6.918e+18 (rtol=0.01 atol=0.001)
  [9615] CRASH    w117:68 executor process died (native abort)
  [9626] CRASH    w117:709 executor process died (native abort)
  [9627] CRASH    w117:712 executor process died (native abort)
  [9653] MISMATCH w117:739 out[0] non-finite mismatch (nan/inf positions differ)
  [9711] CRASH    w118:132 executor process died (native abort)
  [9712] MISMATCH w118:15 out[0] max|delta|=4.295e+09 (rtol=0.0 atol=0.0)
  [9716] CRASH    w118:138 executor process died (native abort)
  [9721] CRASH    w118:146 executor process died (native abort)
  [9729] CRASH    w118:172 executor process died (native abort)
  [9744] CRASH    w118:194 executor process died (native abort)
  [9749] CRASH    w118:168 executor process died (native abort)
  [9757] CRASH    w118:182 executor process died (native abort)
  [9759] CRASH    w118:219 executor process died (native abort)
  [9766] CRASH    w118:237 executor process died (native abort)
  [9774] CRASH    w118:239 executor process died (native abort)
  [9779] MISMATCH w118:256 out[0] max|delta|=8.000e+00 (rtol=0.0 atol=0.0)
  [9789] MISMATCH w118:269 out[0] max|delta|=9.223e+18 (rtol=0.01 atol=0.001)
  [9799] MISMATCH w118:28 out[0] max|delta|=3.061e+00 (rtol=0.01 atol=0.001)
  [9821] MISMATCH w118:315 out[0] max|delta|=3.000e+00 (rtol=0.01 atol=0.001)
  [9851] CRASH    w118:356 executor process died (native abort)
  [9852] CRASH    w118:366 executor process died (native abort)
  [9853] CRASH    w118:368 executor process died (native abort)
  [9854] CRASH    w118:374 executor process died (native abort)
  [9861] CRASH    w118:382 executor process died (native abort)
  [9874] MISMATCH w118:411 out[0] max|delta|=4.000e+00 (rtol=0.0 atol=0.0)
  [9883] MISMATCH w118:432 out[0] max|delta|=2.550e+02 (rtol=0.0 atol=0.0)
  [9906] CRASH    w118:448 executor process died (native abort)
  [9910] CRASH    w118:467 executor process died (native abort)
  [9912] CRASH    w118:471 executor process died (native abort)
  [9914] CRASH    w118:486 executor process died (native abort)
  [9921] MISMATCH w118:494 out[0] max|delta|=9.223e+18 (rtol=0.01 atol=0.001)
  [9924] MISMATCH w118:497 out[0] max|delta|=1.611e+09 (rtol=0.0 atol=0.0)
  [9937] CRASH    w118:485 executor process died (native abort)
  [9945] CRASH    w118:525 executor process died (native abort)
  [9958] MISMATCH w118:552 out[0] non-finite mismatch (nan/inf positions differ)
  [9981] CRASH    w118:522 executor process died (native abort)
  [9982] CRASH    w118:596 executor process died (native abort)
  [9983] CRASH    w118:584 executor process died (native abort)
  [9984] CRASH    w118:60 executor process died (native abort)
  [10005] CRASH    w118:624 executor process died (native abort)
  [10006] MISMATCH w118:646 out[0] max|delta|=1.153e+18 (rtol=0.0 atol=0.0)
  [10009] CRASH    w118:653 executor process died (native abort)
  [10010] CRASH    w118:654 executor process died (native abort)
  [t= 376s] 10015/55756 (26.6/s)  ok=8494 mism=353 crash=844 timeout=0 skip=324  |  inflight=15
  [10016] CRASH    w118:66 executor process died (native abort)
  [10023] CRASH    w118:661 executor process died (native abort)
  [10028] MISMATCH w118:683 out[0] max|delta|=4.295e+09 (rtol=0.0 atol=0.0)
  [10031] CRASH    w118:682 executor process died (native abort)
  [10033] CRASH    w118:687 executor process died (native abort)
  [10048] MISMATCH w118:712 out[0] max|delta|=1.646e+00 (rtol=0.01 atol=0.001)
  [10058] MISMATCH w118:725 out[0] non-finite mismatch (nan/inf positions differ)
  [10094] CRASH    w118:744 executor process died (native abort)
  [10098] MISMATCH w118:87 out[0] max|delta|=4.000e+00 (rtol=0.0 atol=0.0)
  [10115] CRASH    w118:98 executor process died (native abort)
  [10117] CRASH    w119:104 executor process died (native abort)
  [10123] CRASH    w118:86 executor process died (native abort)
  [10130] CRASH    w119:134 executor process died (native abort)
  [10131] MISMATCH w119:139 out[0] max|delta|=8.590e+09 (rtol=0.0 atol=0.0)
  [10137] CRASH    w119:143 executor process died (native abort)
  [10138] CRASH    w119:15 executor process died (native abort)
  [10157] CRASH    w119:17 executor process died (native abort)
  [10165] CRASH    w119:172 executor process died (native abort)
  [10167] CRASH    w119:200 executor process died (native abort)
  [10168] CRASH    w119:204 executor process died (native abort)
  [10190] MISMATCH w119:239 out[0] max|delta|=3.000e+00 (rtol=0.0 atol=0.0)
  [10203] MISMATCH w119:243 out[0] max|delta|=5.631e+00 (rtol=0.01 atol=0.001)
  [10211] MISMATCH w119:272 out[0] max|delta|=1.729e+18 (rtol=0.0 atol=0.0)
  [10215] MISMATCH w119:275 out[0] non-finite mismatch (nan/inf positions differ)
  [10237] MISMATCH w119:308 out[0] non-finite mismatch (nan/inf positions differ)
  [10251] CRASH    w119:313 executor process died (native abort)
  [10253] CRASH    w119:327 executor process died (native abort)
  [10254] CRASH    w119:332 executor process died (native abort)
  [10255] CRASH    w119:338 executor process died (native abort)
  [10271] CRASH    w119:35 executor process died (native abort)
  [10284] CRASH    w119:372 executor process died (native abort)
  [10288] CRASH    w119:4 executor process died (native abort)
  [10290] CRASH    w119:400 executor process died (native abort)
  [10302] MISMATCH w119:424 out[0] max|delta|=1.441e+17 (rtol=0.0 atol=0.0)
  [10311] MISMATCH w119:44 out[0] max|delta|=1.729e+18 (rtol=0.0 atol=0.0)
  [10328] CRASH    w119:442 executor process died (native abort)
  [10331] MISMATCH w119:47 out[0] max|delta|=2.147e+09 (rtol=0.0 atol=0.0)
  [10333] CRASH    w119:453 executor process died (native abort)
  [10338] CRASH    w119:465 executor process died (native abort)
  [10342] MISMATCH w119:468 out[0] non-finite mismatch (nan/inf positions differ)
  [10343] CRASH    w119:491 executor process died (native abort)
  [10351] MISMATCH w119:503 out[0] max|delta|=2.147e+09 (rtol=0.0 atol=0.0)
  [10370] CRASH    w119:522 executor process died (native abort)
  [10377] MISMATCH w119:536 out[0] non-finite mismatch (nan/inf positions differ)
  [10393] MISMATCH w119:566 out[0] max|delta|=3.006e+10 (rtol=0.0 atol=0.0)
  [10426] CRASH    w119:602 executor process died (native abort)
  [10428] CRASH    w119:616 executor process died (native abort)
  [10431] CRASH    w119:610 executor process died (native abort)
  [10432] CRASH    w119:634 executor process died (native abort)
  [10435] CRASH    w119:628 executor process died (native abort)
  [10440] MISMATCH w119:652 out[0] max|delta|=9.223e+18 (rtol=0.0 atol=0.0)
  [10444] CRASH    w119:656 executor process died (native abort)
  [t= 391s] 10444/55756 (26.7/s)  ok=8853 mism=371 crash=878 timeout=0 skip=342  |  inflight=15
  [10449] CRASH    w119:659 executor process died (native abort)
  [10452] CRASH    w119:673 executor process died (native abort)
  [10486] MISMATCH w119:718 out[0] max|delta|=3.296e+00 (rtol=0.01 atol=0.001)
  [10490] MISMATCH w119:728 out[0] max|delta|=7.206e+16 (rtol=0.01 atol=0.001)
  [10494] MISMATCH w119:731 out[0] max|delta|=6.918e+18 (rtol=0.0 atol=0.0)
  [10521] MISMATCH w119:778 out[0] max|delta|=4.000e+00 (rtol=0.0 atol=0.0)
  [10527] MISMATCH w119:80 out[0] non-finite mismatch (nan/inf positions differ)
  [10559] CRASH    w12:115 executor process died (native abort)
  [10564] CRASH    w12:127 executor process died (native abort)
  [10568] MISMATCH w12:151 out[0] max|delta|=9.223e+18 (rtol=0.0 atol=0.0)
  [10569] CRASH    w12:129 executor process died (native abort)
  [10571] CRASH    w12:158 executor process died (native abort)
  [10577] CRASH    w12:136 executor process died (native abort)
  [10584] CRASH    w12:169 executor process died (native abort)
  [10589] CRASH    w12:172 executor process died (native abort)
  [10594] MISMATCH w12:194 out[0] max|delta|=1.000e+00 (rtol=0.0 atol=0.0)
  [10601] CRASH    w12:200 executor process died (native abort)
  [10608] MISMATCH w12:217 out[0] max|delta|=6.000e+00 (rtol=0.0 atol=0.0)
  [10609] CRASH    w12:166 executor process died (native abort)
  [10610] CRASH    w12:218 executor process died (native abort)
  [10612] CRASH    w12:219 executor process died (native abort)
  [10617] MISMATCH w12:230 out[0] max|delta|=2.147e+09 (rtol=0.0 atol=0.0)
  [10633] MISMATCH w12:256 out[0] max|delta|=4.295e+09 (rtol=0.0 atol=0.0)
  [10638] MISMATCH w12:263 out[0] non-finite mismatch (nan/inf positions differ)
  [10649] CRASH    w12:249 executor process died (native abort)
  [10652] MISMATCH w12:283 out[0] max|delta|=3.999e-01 (rtol=0.01 atol=0.001)
  [10671] CRASH    w12:220 executor process died (native abort)
  [10678] CRASH    w12:32 executor process died (native abort)
  [10679] CRASH    w12:322 executor process died (native abort)
  [10680] CRASH    w12:327 executor process died (native abort)
  [10685] CRASH    w12:334 executor process died (native abort)
  [10689] CRASH    w12:335 executor process died (native abort)
  [10690] CRASH    w12:343 executor process died (native abort)
  [10705] CRASH    w12:355 executor process died (native abort)
  [10706] MISMATCH w12:372 out[0] max|delta|=3.000e+00 (rtol=0.0 atol=0.0)
  [10710] MISMATCH w12:379 out[0] max|delta|=2.882e+17 (rtol=0.0 atol=0.0)
  [10712] CRASH    w12:371 executor process died (native abort)
  [10716] MISMATCH w12:387 out[0] max|delta|=4.295e+09 (rtol=0.0 atol=0.0)
  [10742] MISMATCH w12:423 out[0] non-finite mismatch (nan/inf positions differ)
  [10748] CRASH    w12:415 executor process died (native abort)
  [10749] CRASH    w12:317 executor process died (native abort)
  [10750] CRASH    w12:428 executor process died (native abort)
  [10751] CRASH    w12:431 executor process died (native abort)
  [10758] CRASH    w12:445 executor process died (native abort)
  [10780] CRASH    w12:47 executor process died (native abort)
  [10781] MISMATCH w12:483 out[0] max|delta|=4.000e+00 (rtol=0.0 atol=0.0)
  [10786] CRASH    w12:486 executor process died (native abort)
  [10787] CRASH    w12:496 executor process died (native abort)
  [t= 406s] 10787/55756 (26.6/s)  ok=9139 mism=388 crash=909 timeout=0 skip=351  |  inflight=15
  [10792] MISMATCH w12:504 out[0] max|delta|=4.000e+00 (rtol=0.0 atol=0.0)
  [10799] CRASH    w12:509 executor process died (native abort)
  [10804] CRASH    w12:510 executor process died (native abort)
  [10853] CRASH    w12:583 executor process died (native abort)
  [10854] CRASH    w12:585 executor process died (native abort)
  [10855] CRASH    w12:599 executor process died (native abort)
  [10862] MISMATCH w12:607 out[0] max|delta|=1.441e+17 (rtol=0.0 atol=0.0)
  [10865] MISMATCH w12:615 out[0] max|delta|=4.000e+00 (rtol=0.0 atol=0.0)
  [10875] CRASH    w12:614 executor process died (native abort)
  [10876] MISMATCH w12:629 out[0] max|delta|=8.000e+00 (rtol=0.0 atol=0.0)
  [10880] CRASH    w12:628 executor process died (native abort)
  [10881] CRASH    w12:637 executor process died (native abort)
  [10885] CRASH    w12:643 executor process died (native abort)
  [10889] CRASH    w12:644 executor process died (native abort)
  [10892] CRASH    w12:656 executor process died (native abort)
  [10904] MISMATCH w12:673 out[0] max|delta|=1.000e+00 (rtol=0.0 atol=0.0)
  [10915] MISMATCH w12:686 out[0] max|delta|=2.147e+09 (rtol=0.0 atol=0.0)
  [10940] CRASH    w12:705 executor process died (native abort)
  [10945] MISMATCH w12:732 out[0] max|delta|=4.000e+00 (rtol=0.0 atol=0.0)
  [10954] CRASH    w12:731 executor process died (native abort)
  [10955] CRASH    w12:743 executor process died (native abort)
  [10957] CRASH    w12:749 executor process died (native abort)
  [10959] CRASH    w12:754 executor process died (native abort)
  [10982] CRASH    w12:778 executor process died (native abort)
  [10986] CRASH    w120:0 executor process died (native abort)
  [10987] CRASH    w120:1 executor process died (native abort)
  [10988] CRASH    w120:103 executor process died (native abort)
  [10996] MISMATCH w120:12 out[0] max|delta|=9.223e+18 (rtol=0.01 atol=0.001)
  [11002] CRASH    w120:104 executor process died (native abort)
  [11008] CRASH    w120:125 executor process died (native abort)
  [11013] CRASH    w120:108 executor process died (native abort)
  [11015] CRASH    w120:15 executor process died (native abort)
  [11024] MISMATCH w120:161 out[0] max|delta|=1.153e+18 (rtol=0.0 atol=0.0)
  [11026] MISMATCH w120:167 out[0] max|delta|=2.560e+02 (rtol=0.0 atol=0.0)
  [11052] MISMATCH w120:205 out[0] non-finite mismatch (nan/inf positions differ)
  [11061] MISMATCH w120:213 out[0] non-finite mismatch (nan/inf positions differ)
  [11077] MISMATCH w120:240 out[0] max|delta|=2.147e+09 (rtol=0.0 atol=0.0)
  [11097] CRASH    w120:259 executor process died (native abort)
  [11098] CRASH    w120:273 executor process died (native abort)
  [11099] CRASH    w120:275 executor process died (native abort)
  [11100] CRASH    w120:266 executor process died (native abort)
  [11109] CRASH    w120:285 executor process died (native abort)
  [11115] CRASH    w120:278 executor process died (native abort)
  [11128] CRASH    w120:31 executor process died (native abort)
  [t= 421s] 11130/55756 (26.4/s)  ok=9425 mism=401 crash=940 timeout=0 skip=364  |  inflight=15
  [11133] CRASH    w120:327 executor process died (native abort)
  [11134] CRASH    w120:331 executor process died (native abort)
  [11143] CRASH    w120:337 executor process died (native abort)
  [11157] CRASH    w120:355 executor process died (native abort)
  [11170] MISMATCH w120:389 out[0] max|delta|=8.647e+17 (rtol=0.0 atol=0.0)
  [11218] CRASH    w120:45 executor process died (native abort)
  [11220] MISMATCH w120:465 out[0] max|delta|=4.612e+18 (rtol=0.01 atol=0.001)
  [11223] CRASH    w120:456 executor process died (native abort)
  [11224] MISMATCH w120:468 out[0] non-finite mismatch (nan/inf positions differ)
  [11225] CRASH    w120:458 executor process died (native abort)
  [11226] CRASH    w120:47 executor process died (native abort)
  [11238] CRASH    w120:469 executor process died (native abort)
  [11243] CRASH    w120:487 executor process died (native abort)
  [11244] CRASH    w120:496 executor process died (native abort)
  [11245] CRASH    w120:498 executor process died (native abort)
  [11248] CRASH    w120:506 executor process died (native abort)
  [11252] CRASH    w120:50 executor process died (native abort)
  [11254] CRASH    w120:493 executor process died (native abort)
  [11255] CRASH    w120:513 executor process died (native abort)
  [11259] MISMATCH w120:521 out[0] max|delta|=3.999e-01 (rtol=0.01 atol=0.001)
  [11329] CRASH    w120:621 executor process died (native abort)
  [11332] CRASH    w120:63 executor process died (native abort)
  [11335] CRASH    w120:635 executor process died (native abort)
  [11336] CRASH    w120:647 executor process died (native abort)
  [11346] MISMATCH w120:661 out[0] non-finite mismatch (nan/inf positions differ)
  [11359] CRASH    w120:67 executor process died (native abort)
  [11364] MISMATCH w120:693 out[0] max|delta|=2.882e+17 (rtol=0.01 atol=0.001)
  [11366] CRASH    w120:684 executor process died (native abort)
  [11371] CRASH    w120:686 executor process died (native abort)
  [11386] CRASH    w120:715 executor process died (native abort)
  [11388] CRASH    w120:724 executor process died (native abort)
  [11389] CRASH    w120:731 executor process died (native abort)
  [11390] CRASH    w120:734 executor process died (native abort)
  [11432] MISMATCH w120:9 out[0] max|delta|=2.882e+17 (rtol=0.01 atol=0.001)
  [11453] MISMATCH w121:131 out[0] max|delta|=2.306e+18 (rtol=0.0 atol=0.0)
  [11454] CRASH    w121:1 executor process died (native abort)
  [11470] CRASH    w121:149 executor process died (native abort)
  [11471] CRASH    w121:161 executor process died (native abort)
  [11472] CRASH    w121:160 executor process died (native abort)
  [11473] CRASH    w121:138 executor process died (native abort)
  [11485] CRASH    w121:180 executor process died (native abort)
  [11486] CRASH    w121:183 executor process died (native abort)
  [11487] CRASH    w121:184 executor process died (native abort)
  [t= 436s] 11488/55756 (26.3/s)  ok=9728 mism=409 crash=975 timeout=0 skip=376  |  inflight=15
  [11490] CRASH    w121:17 executor process died (native abort)
  [11494] MISMATCH w121:197 out[0] max|delta|=2.862e+00 (rtol=0.01 atol=0.001)
  [11499] MISMATCH w121:207 out[0] max|delta|=4.612e+18 (rtol=0.01 atol=0.001)
  [11504] MISMATCH w121:210 out[0] max|delta|=2.147e+09 (rtol=0.0 atol=0.0)
  [11508] MISMATCH w121:216 out[0] max|delta|=4.000e+00 (rtol=0.0 atol=0.0)
  [11521] CRASH    w121:230 executor process died (native abort)
  [11522] CRASH    w121:240 executor process died (native abort)
  [11523] CRASH    w121:245 executor process died (native abort)
  [11546] MISMATCH w121:265 out[0] non-finite mismatch (nan/inf positions differ)
  [11593] MISMATCH w121:359 out[0] max|delta|=2.306e+18 (rtol=0.0 atol=0.0)
  [11613] CRASH    w121:39 executor process died (native abort)
  [11614] CRASH    w121:377 executor process died (native abort)
  [11615] CRASH    w121:395 executor process died (native abort)
  [11616] CRASH    w121:396 executor process died (native abort)
  [11627] CRASH    w121:408 executor process died (native abort)
  [11636] MISMATCH w121:435 out[0] max|delta|=4.612e+18 (rtol=0.01 atol=0.001)
  [11639] MISMATCH w121:438 out[0] max|delta|=2.147e+09 (rtol=0.0 atol=0.0)
  [11644] MISMATCH w121:444 out[0] max|delta|=4.295e+09 (rtol=0.0 atol=0.0)
  [11651] CRASH    w121:439 executor process died (native abort)
  [11657] CRASH    w121:464 executor process died (native abort)
  [11662] CRASH    w121:466 executor process died (native abort)
  [11665] MISMATCH w121:484 out[0] max|delta|=4.000e+00 (rtol=0.0 atol=0.0)
  [11666] MISMATCH w121:485 out[0] max|delta|=4.000e+00 (rtol=0.0 atol=0.0)
  [11679] MISMATCH w121:493 out[0] non-finite mismatch (nan/inf positions differ)
  [11763] CRASH    w121:636 executor process died (native abort)
  [11766] MISMATCH w121:666 out[0] non-finite mismatch (nan/inf positions differ)
  [11771] CRASH    w121:640 executor process died (native abort)
  [11782] CRASH    w121:685 executor process died (native abort)
  [11801] CRASH    w121:718 executor process died (native abort)
  [11802] CRASH    w121:721 executor process died (native abort)
  [11803] CRASH    w121:723 executor process died (native abort)
  [11804] CRASH    w121:696 executor process died (native abort)
  [11816] CRASH    w121:734 executor process died (native abort)
  [11818] CRASH    w121:74 executor process died (native abort)
  [11819] CRASH    w121:753 executor process died (native abort)
  [11826] CRASH    w121:758 executor process died (native abort)
  [11847] MISMATCH w121:779 out[0] non-finite mismatch (nan/inf positions differ)
  [11872] MISMATCH w122:121 out[0] max|delta|=4.000e+00 (rtol=0.0 atol=0.0)
  [11905] MISMATCH w122:192 out[0] max|delta|=2.147e+09 (rtol=0.0 atol=0.0)
  [11917] CRASH    w122:2 executor process died (native abort)
  [11922] CRASH    w122:211 executor process died (native abort)
  [11926] CRASH    w122:217 executor process died (native abort)
  [11929] MISMATCH w122:238 out[0] max|delta|=4.000e+00 (rtol=0.01 atol=0.001)
  [11935] CRASH    w122:247 executor process died (native abort)
  [11937] CRASH    w122:218 executor process died (native abort)
  [11942] CRASH    w122:230 executor process died (native abort)
  [11944] CRASH    w122:260 executor process died (native abort)
  [11950] MISMATCH w122:27 out[0] max|delta|=3.006e+10 (rtol=0.0 atol=0.0)
  [t= 451s] 11957/55756 (26.5/s)  ok=10132 mism=427 crash=1005 timeout=0 skip=393  |  inflight=15
  [11965] CRASH    w122:284 executor process died (native abort)
  [11994] CRASH    w122:348 executor process died (native abort)
  [12000] MISMATCH w122:355 out[0] max|delta|=2.550e+02 (rtol=0.0 atol=0.0)
  [12004] MISMATCH w122:363 out[0] max|delta|=6.000e+00 (rtol=0.0 atol=0.0)
  [12042] CRASH    w122:410 executor process died (native abort)
  [12045] MISMATCH w122:420 out[0] max|delta|=9.223e+18 (rtol=0.01 atol=0.001)
  [12049] CRASH    w122:407 executor process died (native abort)
  [12051] CRASH    w122:439 executor process died (native abort)
  [12052] CRASH    w122:445 executor process died (native abort)
  [12057] CRASH    w122:448 executor process died (native abort)
  [12058] CRASH    w122:453 executor process died (native abort)
  [12063] CRASH    w122:446 executor process died (native abort)
  [12069] CRASH    w122:471 executor process died (native abort)
  [12071] MISMATCH w122:473 out[0] max|delta|=3.999e-01 (rtol=0.01 atol=0.001)
  [12074] CRASH    w122:455 executor process died (native abort)
  [12075] CRASH    w122:477 executor process died (native abort)
  [12078] MISMATCH w122:483 out[0] max|delta|=4.295e+09 (rtol=0.0 atol=0.0)
  [12083] CRASH    w122:472 executor process died (native abort)
  [12087] CRASH    w122:490 executor process died (native abort)
  [12093] CRASH    w122:503 executor process died (native abort)
  [12098] MISMATCH w122:512 out[0] max|delta|=8.590e+09 (rtol=0.0 atol=0.0)
  [12130] MISMATCH w122:569 out[0] max|delta|=5.033e+07 (rtol=0.0 atol=0.0)
  [12152] MISMATCH w122:612 out[0] max|delta|=1.000e+00 (rtol=0.0 atol=0.0)
  [12161] CRASH    w122:61 executor process died (native abort)
  [12166] CRASH    w122:618 executor process died (native abort)
  [12170] CRASH    w122:621 executor process died (native abort)
  [12173] MISMATCH w122:645 out[0] max|delta|=1.441e+17 (rtol=0.01 atol=0.001)
  [12176] MISMATCH w122:648 out[0] non-finite mismatch (nan/inf positions differ)
  [12181] CRASH    w122:649 executor process died (native abort)
  [12192] CRASH    w122:635 executor process died (native abort)
  [12194] MISMATCH w122:673 out[0] max|delta|=4.000e+00 (rtol=0.0 atol=0.0)
  [12196] CRASH    w122:683 executor process died (native abort)
  [12199] CRASH    w122:686 executor process died (native abort)
  [12225] CRASH    w122:71 executor process died (native abort)
  [12233] CRASH    w122:69 executor process died (native abort)
  [12245] CRASH    w122:740 executor process died (native abort)
  [12277] MISMATCH w123:103 out[0] max|delta|=1.153e+18 (rtol=0.01 atol=0.001)
  [12280] MISMATCH w123:106 out[0] max|delta|=1.611e+09 (rtol=0.0 atol=0.0)
  [12297] MISMATCH w123:139 out[0] non-finite mismatch (nan/inf positions differ)
  [12309] CRASH    w123:125 executor process died (native abort)
  [12325] CRASH    w123:163 executor process died (native abort)
  [12337] CRASH    w123:203 executor process died (native abort)
  [12359] CRASH    w123:231 executor process died (native abort)
  [12360] CRASH    w123:237 executor process died (native abort)
  [12361] CRASH    w123:247 executor process died (native abort)
  [12362] CRASH    w123:211 executor process died (native abort)
  [12376] CRASH    w123:259 executor process died (native abort)
  [12385] CRASH    w123:284 executor process died (native abort)
  [t= 467s] 12385/55756 (26.5/s)  ok=10498 mism=441 crash=1039 timeout=0 skip=407  |  inflight=15
  [12388] CRASH    w123:285 executor process died (native abort)
  [12392] CRASH    w123:292 executor process died (native abort)
  [12398] MISMATCH w123:304 out[0] non-finite mismatch (nan/inf positions differ)
  [12420] MISMATCH w123:331 out[0] max|delta|=1.441e+17 (rtol=0.01 atol=0.001)
  [12421] MISMATCH w123:334 out[0] non-finite mismatch (nan/inf positions differ)
  [12451] MISMATCH w123:389 out[0] max|delta|=1.794e+00 (rtol=0.01 atol=0.001)
  [12469] CRASH    w123:402 executor process died (native abort)
  [12475] CRASH    w123:42 executor process died (native abort)
  [12476] CRASH    w123:425 executor process died (native abort)
  [12477] CRASH    w123:431 executor process died (native abort)
  [12494] CRASH    w123:45 executor process died (native abort)
  [12500] CRASH    w123:459 executor process died (native abort)
  [12503] CRASH    w123:461 executor process died (native abort)
  [12504] CRASH    w123:48 executor process died (native abort)
  [12518] CRASH    w123:491 executor process died (native abort)
  [12527] CRASH    w123:5 executor process died (native abort)
  [12529] CRASH    w123:513 executor process died (native abort)
  [12531] CRASH    w123:519 executor process died (native abort)
  [12556] MISMATCH w123:562 out[0] max|delta|=6.918e+18 (rtol=0.01 atol=0.001)
  [12578] CRASH    w123:581 executor process died (native abort)
  [12582] CRASH    w123:600 executor process died (native abort)
  [12589] CRASH    w123:614 executor process died (native abort)
  [12594] CRASH    w123:619 executor process died (native abort)
  [12600] CRASH    w123:63 executor process died (native abort)
  [12615] CRASH    w123:654 executor process died (native abort)
  [12618] CRASH    w123:667 executor process died (native abort)
  [12633] CRASH    w123:687 executor process died (native abort)
  [12645] CRASH    w123:719 executor process died (native abort)
  [12684] MISMATCH w123:777 out[0] max|delta|=2.956e+00 (rtol=0.01 atol=0.001)
  [12705] CRASH    w123:80 executor process died (native abort)
  [12706] CRASH    w124:105 executor process died (native abort)
  [12707] CRASH    w124:108 executor process died (native abort)
  [12708] CRASH    w124:114 executor process died (native abort)
  [12715] CRASH    w124:127 executor process died (native abort)
  [12718] CRASH    w124:130 executor process died (native abort)
  [12723] CRASH    w124:12 executor process died (native abort)
  [12738] CRASH    w124:131 executor process died (native abort)
  [12743] CRASH    w124:16 executor process died (native abort)
  [12745] CRASH    w124:176 executor process died (native abort)
  [12746] MISMATCH w124:144 out[0] max|delta|=1.000e+00 (rtol=0.0 atol=0.0)
  [t= 482s] 12748/55756 (26.5/s)  ok=10807 mism=448 crash=1072 timeout=0 skip=421  |  inflight=15
  [12750] CRASH    w124:185 executor process died (native abort)
  [12760] MISMATCH w124:190 out[0] non-finite mismatch (nan/inf positions differ)
  [12778] MISMATCH w124:220 out[0] max|delta|=1.288e+10 (rtol=0.0 atol=0.0)
  [12831] MISMATCH w124:306 out[0] max|delta|=7.206e+16 (rtol=0.0 atol=0.0)
  [12834] MISMATCH w124:312 out[0] max|delta|=2.560e+02 (rtol=0.0 atol=0.0)
  [12835] MISMATCH w124:313 out[0] max|delta|=4.000e+00 (rtol=0.0 atol=0.0)
  [12844] CRASH    w124:310 executor process died (native abort)
  [12850] CRASH    w124:314 executor process died (native abort)
  [12855] CRASH    w124:335 executor process died (native abort)
  [12861] CRASH    w124:355 executor process died (native abort)
  [12863] CRASH    w124:36 executor process died (native abort)
  [12868] CRASH    w124:342 executor process died (native abort)
  [12870] MISMATCH w124:372 out[0] max|delta|=1.300e+00 (rtol=0.01 atol=0.001)
  [12875] CRASH    w124:375 executor process died (native abort)
  [12880] MISMATCH w124:385 out[0] non-finite mismatch (nan/inf positions differ)
  [12883] MISMATCH w124:39 out[0] max|delta|=3.200e+01 (rtol=0.0 atol=0.0)
  [12896] CRASH    w124:404 executor process died (native abort)
  [12897] MISMATCH w124:382 out[0] non-finite mismatch (nan/inf positions differ)
  [12900] CRASH    w124:410 executor process died (native abort)
  [12901] CRASH    w124:42 executor process died (native abort)
  [12902] CRASH    w124:420 executor process died (native abort)
  [12911] MISMATCH w124:432 out[0] max|delta|=3.000e+00 (rtol=0.0 atol=0.0)
  [12920] MISMATCH w124:440 out[0] non-finite mismatch (nan/inf positions differ)
  [12981] MISMATCH w124:542 out[0] max|delta|=4.000e+00 (rtol=0.0 atol=0.0)
  [13007] CRASH    w124:570 executor process died (native abort)
  [13012] CRASH    w124:583 executor process died (native abort)
  [13014] CRASH    w124:587 executor process died (native abort)
  [13015] CRASH    w124:600 executor process died (native abort)
  [13025] MISMATCH w124:613 out[0] max|delta|=2.147e+09 (rtol=0.0 atol=0.0)
  [13026] CRASH    w124:60 executor process died (native abort)
  [13027] CRASH    w124:601 executor process died (native abort)
  [13028] CRASH    w124:614 executor process died (native abort)
  [13029] CRASH    w124:603 executor process died (native abort)
  [13042] CRASH    w124:632 executor process died (native abort)
  [13063] MISMATCH w124:668 out[0] max|delta|=2.319e+00 (rtol=0.01 atol=0.001)
  [13095] MISMATCH w124:723 out[0] max|delta|=6.400e+01 (rtol=0.0 atol=0.0)
  [13110] MISMATCH w124:755 out[0] max|delta|=3.000e+00 (rtol=0.0 atol=0.0)
  [13122] CRASH    w124:726 executor process died (native abort)
  [13124] MISMATCH w124:776 out[0] max|delta|=1.000e+00 (rtol=0.0 atol=0.0)
  [13128] CRASH    w124:756 executor process died (native abort)
  [13135] MISMATCH w124:92 out[0] max|delta|=1.000e+00 (rtol=0.0 atol=0.0)
  [13137] CRASH    w124:85 executor process died (native abort)
  [13152] CRASH    w125:102 executor process died (native abort)
  [13167] CRASH    w125:128 executor process died (native abort)
  [13172] CRASH    w125:141 executor process died (native abort)
  [13174] CRASH    w125:149 executor process died (native abort)
  [13175] CRASH    w125:150 executor process died (native abort)
  [13181] CRASH    w125:16 executor process died (native abort)
  [13186] CRASH    w125:161 executor process died (native abort)
  [t= 497s] 13187/55756 (26.6/s)  ok=11183 mism=466 crash=1103 timeout=0 skip=435  |  inflight=15
  [13189] CRASH    w125:169 executor process died (native abort)
  [13190] CRASH    w125:173 executor process died (native abort)
  [13202] MISMATCH w125:196 out[0] max|delta|=7.206e+16 (rtol=0.01 atol=0.001)
  [13206] MISMATCH w125:199 out[0] max|delta|=6.918e+18 (rtol=0.01 atol=0.001)
  [13238] MISMATCH w125:252 out[0] max|delta|=3.999e-01 (rtol=0.01 atol=0.001)
  [13270] CRASH    w125:291 executor process died (native abort)
  [13275] CRASH    w125:304 executor process died (native abort)
  [13280] CRASH    w125:286 executor process died (native abort)
  [13282] CRASH    w125:324 executor process died (native abort)
  [13304] CRASH    w125:352 executor process died (native abort)
  [13308] CRASH    w125:355 executor process died (native abort)
  [13309] CRASH    w125:326 executor process died (native abort)
  [13310] CRASH    w125:366 executor process died (native abort)
  [13312] MISMATCH w125:370 out[0] max|delta|=5.000e+00 (rtol=0.0 atol=0.0)
  [13325] CRASH    w125:384 executor process died (native abort)
  [13326] CRASH    w125:389 executor process died (native abort)
  [13327] MISMATCH w125:369 out[0] max|delta|=4.000e+00 (rtol=0.0 atol=0.0)
  [13329] CRASH    w125:39 executor process died (native abort)
  [13330] CRASH    w125:395 executor process died (native abort)
  [13336] MISMATCH w125:4 out[0] non-finite mismatch (nan/inf positions differ)
  [13339] MISMATCH w125:400 out[0] non-finite mismatch (nan/inf positions differ)
  [13354] MISMATCH w125:427 out[0] max|delta|=6.918e+18 (rtol=0.01 atol=0.001)
  [13383] CRASH    w125:446 executor process died (native abort)
  [13386] MISMATCH w125:473 out[0] max|delta|=4.000e+00 (rtol=0.01 atol=0.001)
  [13392] MISMATCH w125:482 out[0] max|delta|=8.959e-01 (rtol=0.01 atol=0.001)
  [13413] CRASH    w125:519 executor process died (native abort)
  [13416] CRASH    w125:524 executor process died (native abort)
  [13417] CRASH    w125:526 executor process died (native abort)
  [13418] CRASH    w125:532 executor process died (native abort)
  [13428] CRASH    w125:540 executor process died (native abort)
  [13433] CRASH    w125:534 executor process died (native abort)
  [13437] CRASH    w125:552 executor process died (native abort)
  [13438] CRASH    w125:568 executor process died (native abort)
  [13444] MISMATCH w125:576 out[0] max|delta|=9.223e+18 (rtol=0.0 atol=0.0)
  [13449] CRASH    w125:58 executor process died (native abort)
  [13488] MISMATCH w125:642 out[0] max|delta|=8.000e+00 (rtol=0.0 atol=0.0)
  [13494] MISMATCH w125:652 out[0] max|delta|=1.611e+09 (rtol=0.0 atol=0.0)
  [13497] MISMATCH w125:655 out[0] non-finite mismatch (nan/inf positions differ)
  [13524] CRASH    w125:674 executor process died (native abort)
  [13533] CRASH    w125:700 executor process died (native abort)
  [13535] CRASH    w125:706 executor process died (native abort)
  [13538] CRASH    w125:712 executor process died (native abort)
  [13553] CRASH    w125:723 executor process died (native abort)
  [13557] CRASH    w125:738 executor process died (native abort)
  [13558] CRASH    w125:718 executor process died (native abort)
  [13559] CRASH    w125:746 executor process died (native abort)
  [13560] CRASH    w125:742 executor process died (native abort)
  [t= 512s] 13572/55756 (26.5/s)  ok=11508 mism=480 crash=1136 timeout=0 skip=448  |  inflight=15
  [13581] CRASH    w125:78 executor process died (native abort)
  [13582] CRASH    w125:84 executor process died (native abort)
  [13630] MISMATCH w126:167 out[0] max|delta|=6.000e+00 (rtol=0.0 atol=0.0)
  [13636] MISMATCH w126:174 out[0] max|delta|=2.882e+17 (rtol=0.0 atol=0.0)
  [13639] MISMATCH w126:180 out[0] max|delta|=3.200e+01 (rtol=0.0 atol=0.0)
  [13660] CRASH    w126:182 executor process died (native abort)
  [13662] CRASH    w126:210 executor process died (native abort)
  [13663] CRASH    w126:208 executor process died (native abort)
  [13664] CRASH    w126:221 executor process died (native abort)
  [13677] CRASH    w126:240 executor process died (native abort)
  [13678] CRASH    w126:241 executor process died (native abort)
  [13679] CRASH    w126:243 executor process died (native abort)
  [13680] CRASH    w126:227 executor process died (native abort)
  [13682] MISMATCH w126:25 out[0] max|delta|=2.147e+09 (rtol=0.0 atol=0.0)
  [13687] MISMATCH w126:253 out[0] max|delta|=9.223e+18 (rtol=0.01 atol=0.001)
  [13691] MISMATCH w126:259 out[0] max|delta|=1.000e+00 (rtol=0.0 atol=0.0)
  [13706] CRASH    w126:272 executor process died (native abort)
  [13710] MISMATCH w126:299 out[0] max|delta|=4.000e+00 (rtol=0.01 atol=0.001)
  [13711] CRASH    w126:279 executor process died (native abort)
  [13716] CRASH    w126:304 executor process died (native abort)
  [13774] MISMATCH w126:402 out[0] max|delta|=9.223e+18 (rtol=0.0 atol=0.0)
  [13798] CRASH    w126:438 executor process died (native abort)
  [13799] CRASH    w126:439 executor process died (native abort)
  [13800] CRASH    w126:44 executor process died (native abort)
  [13801] CRASH    w126:451 executor process died (native abort)
  [13809] CRASH    w126:455 executor process died (native abort)
  [13811] CRASH    w126:468 executor process died (native abort)
  [13816] CRASH    w126:471 executor process died (native abort)
  [13831] MISMATCH w126:495 out[0] max|delta|=1.593e+00 (rtol=0.01 atol=0.001)
  [13844] CRASH    w126:500 executor process died (native abort)
  [13850] CRASH    w126:506 executor process died (native abort)
  [13851] CRASH    w126:53 executor process died (native abort)
  [13852] CRASH    w126:532 executor process died (native abort)
  [13855] MISMATCH w126:534 out[0] max|delta|=3.999e-01 (rtol=0.01 atol=0.001)
  [13946] CRASH    w126:679 executor process died (native abort)
  [13950] CRASH    w126:659 executor process died (native abort)
  [13951] CRASH    w126:682 executor process died (native abort)
  [13952] MISMATCH w126:696 out[0] max|delta|=8.000e+00 (rtol=0.0 atol=0.0)
  [13953] CRASH    w126:70 executor process died (native abort)
  [13961] MISMATCH w126:709 out[0] max|delta|=6.918e+18 (rtol=0.0 atol=0.0)
  [13964] CRASH    w126:698 executor process died (native abort)
  [13965] CRASH    w126:699 executor process died (native abort)
  [13970] CRASH    w126:712 executor process died (native abort)
  [13974] CRASH    w126:728 executor process died (native abort)
  [t= 527s] 13975/55756 (26.5/s)  ok=11856 mism=492 crash=1168 timeout=0 skip=459  |  inflight=15
  [13984] CRASH    w126:737 executor process died (native abort)
  [13999] MISMATCH w126:772 out[0] max|delta|=1.288e+10 (rtol=0.0 atol=0.0)
  [14003] MISMATCH w126:764 out[0] non-finite mismatch (nan/inf positions differ)
  [14070] CRASH    w127:162 executor process died (native abort)
  [14073] CRASH    w127:158 executor process died (native abort)
  [14074] CRASH    w127:167 executor process died (native abort)
  [14075] CRASH    w127:180 executor process died (native abort)
  [14098] CRASH    w127:182 executor process died (native abort)
  [14102] MISMATCH w127:224 out[0] max|delta|=2.882e+17 (rtol=0.0 atol=0.0)
  [14105] CRASH    w127:202 executor process died (native abort)
  [14106] CRASH    w127:228 executor process died (native abort)
  [14107] CRASH    w127:231 executor process died (native abort)
  [14127] CRASH    w127:25 executor process died (native abort)
  [14130] CRASH    w127:26 executor process died (native abort)
  [14131] CRASH    w127:260 executor process died (native abort)
  [14132] CRASH    w127:273 executor process died (native abort)
  [14144] MISMATCH w127:276 out[0] max|delta|=2.548e+00 (rtol=0.01 atol=0.001)
  [14145] MISMATCH w127:290 out[0] max|delta|=3.096e+00 (rtol=0.01 atol=0.001)
  [14151] MISMATCH w127:300 out[0] max|delta|=5.765e+17 (rtol=0.01 atol=0.001)
  [14154] MISMATCH w127:303 out[0] max|delta|=6.918e+18 (rtol=0.01 atol=0.001)
  [14175] MISMATCH w127:336 out[0] non-finite mismatch (nan/inf positions differ)
  [14223] CRASH    w127:399 executor process died (native abort)
  [14232] MISMATCH w127:430 out[0] max|delta|=4.295e+09 (rtol=0.0 atol=0.0)
  [14233] CRASH    w127:394 executor process died (native abort)
  [14245] MISMATCH w127:452 out[0] max|delta|=6.918e+18 (rtol=0.0 atol=0.0)
  [14250] CRASH    w127:45 executor process died (native abort)
  [14253] CRASH    w127:418 executor process died (native abort)
  [14254] CRASH    w127:467 executor process died (native abort)
  [14255] CRASH    w127:434 executor process died (native abort)
  [14257] CRASH    w127:470 executor process died (native abort)
  [14287] CRASH    w127:499 executor process died (native abort)
  [14305] MISMATCH w127:537 out[0] max|delta|=1.845e+19 (rtol=0.0 atol=0.0)
  [14336] MISMATCH w127:586 out[0] max|delta|=2.160e+00 (rtol=0.01 atol=0.001)
  [14368] CRASH    w127:62 executor process died (native abort)
  [14389] CRASH    w127:662 executor process died (native abort)
  [14409] CRASH    w127:709 executor process died (native abort)
  [14413] CRASH    w127:716 executor process died (native abort)
  [14414] CRASH    w127:688 executor process died (native abort)
  [14415] CRASH    w127:729 executor process died (native abort)
  [14426] MISMATCH w127:75 out[0] non-finite mismatch (nan/inf positions differ)
  [14430] MISMATCH w127:756 out[0] max|delta|=2.306e+18 (rtol=0.01 atol=0.001)
  [14432] CRASH    w127:746 executor process died (native abort)
  [t= 542s] 14440/55756 (26.7/s)  ok=12265 mism=506 crash=1196 timeout=0 skip=473  |  inflight=15
  [14465] MISMATCH w127:759 out[0] max|delta|=6.918e+18 (rtol=0.01 atol=0.001)
  [14476] CRASH    w13:115 executor process died (native abort)
  [14477] MISMATCH w13:121 out[0] max|delta|=4.000e+00 (rtol=0.0 atol=0.0)
  [14502] MISMATCH w13:151 out[0] max|delta|=4.742e-01 (rtol=0.01 atol=0.001)
  [14526] MISMATCH w13:188 out[0] max|delta|=1.718e+10 (rtol=0.0 atol=0.0)
  [14541] CRASH    w13:201 executor process died (native abort)
  [14549] CRASH    w13:227 executor process died (native abort)
  [14553] CRASH    w13:237 executor process died (native abort)
  [14554] CRASH    w13:252 executor process died (native abort)
  [14571] CRASH    w13:272 executor process died (native abort)
  [14573] CRASH    w13:274 executor process died (native abort)
  [14574] CRASH    w13:275 executor process died (native abort)
  [14575] CRASH    w13:281 executor process died (native abort)
  [14584] MISMATCH w13:298 out[0] max|delta|=4.295e+09 (rtol=0.0 atol=0.0)
  [14585] CRASH    w13:282 executor process died (native abort)
  [14594] CRASH    w13:294 executor process died (native abort)
  [14595] CRASH    w13:313 executor process died (native abort)
  [14596] CRASH    w13:314 executor process died (native abort)
  [14619] CRASH    w13:343 executor process died (native abort)
  [14620] MISMATCH w13:350 out[0] max|delta|=3.000e+00 (rtol=0.0 atol=0.0)
  [14638] MISMATCH w13:377 out[0] max|delta|=3.999e-01 (rtol=0.01 atol=0.001)
  [14692] CRASH    w13:449 executor process died (native abort)
  [14693] CRASH    w13:451 executor process died (native abort)
  [14694] CRASH    w13:46 executor process died (native abort)
  [14695] CRASH    w13:465 executor process died (native abort)
  [14699] MISMATCH w13:473 out[0] max|delta|=2.882e+17 (rtol=0.0 atol=0.0)
  [14713] CRASH    w13:480 executor process died (native abort)
  [14719] CRASH    w13:491 executor process died (native abort)
  [14720] CRASH    w13:47 executor process died (native abort)
  [14721] CRASH    w13:503 executor process died (native abort)
  [14724] CRASH    w13:509 executor process died (native abort)
  [14727] MISMATCH w13:517 out[0] non-finite mismatch (nan/inf positions differ)
  [14741] MISMATCH w13:539 out[0] max|delta|=1.593e+00 (rtol=0.01 atol=0.001)
  [14745] MISMATCH w13:549 out[0] max|delta|=1.441e+17 (rtol=0.01 atol=0.001)
  [14751] MISMATCH w13:552 out[0] max|delta|=6.918e+18 (rtol=0.01 atol=0.001)
  [14756] MISMATCH w13:558 out[0] max|delta|=2.550e+02 (rtol=0.0 atol=0.0)
  [14779] MISMATCH w13:598 out[0] max|delta|=4.000e+00 (rtol=0.0 atol=0.0)
  [14788] MISMATCH w13:61 out[0] non-finite mismatch (nan/inf positions differ)
  [14807] MISMATCH w13:644 out[0] max|delta|=3.006e+10 (rtol=0.0 atol=0.0)
  [14814] CRASH    w13:639 executor process died (native abort)
  [14818] CRASH    w13:648 executor process died (native abort)
  [14823] CRASH    w13:66 executor process died (native abort)
  [14825] CRASH    w13:677 executor process died (native abort)
  [14839] MISMATCH w13:701 out[0] max|delta|=4.612e+18 (rtol=0.0 atol=0.0)
  [14840] CRASH    w13:683 executor process died (native abort)
  [14844] MISMATCH w13:709 out[0] max|delta|=4.295e+09 (rtol=0.0 atol=0.0)
  [14864] CRASH    w13:731 executor process died (native abort)
  [14865] CRASH    w13:738 executor process died (native abort)
  [14866] CRASH    w13:742 executor process died (native abort)
  [14867] CRASH    w13:708 executor process died (native abort)
  [t= 557s] 14869/55756 (26.7/s)  ok=12628 mism=524 crash=1228 timeout=0 skip=489  |  inflight=15
  [14874] CRASH    w13:754 executor process died (native abort)
  [14886] MISMATCH w13:777 out[0] non-finite mismatch (nan/inf positions differ)
  [14889] MISMATCH w13:780 out[0] max|delta|=6.918e+18 (rtol=0.01 atol=0.001)
  [14899] MISMATCH w13:93 out[0] max|delta|=5.765e+17 (rtol=0.01 atol=0.001)
  [14932] MISMATCH w14:139 out[0] max|delta|=6.918e+18 (rtol=0.01 atol=0.001)
  [14946] CRASH    w14:16 executor process died (native abort)
  [14947] CRASH    w14:164 executor process died (native abort)
  [14948] CRASH    w14:165 executor process died (native abort)
  [14949] CRASH    w14:169 executor process died (native abort)
  [14955] MISMATCH w14:183 out[0] max|delta|=1.172e-02 (rtol=0.01 atol=0.001)
  [14960] MISMATCH w14:192 out[0] max|delta|=3.999e-01 (rtol=0.01 atol=0.001)
  [14963] CRASH    w14:174 executor process died (native abort)
  [14970] CRASH    w14:194 executor process died (native abort)
  [14975] CRASH    w14:177 executor process died (native abort)
  [14985] CRASH    w14:226 executor process died (native abort)
  [14986] CRASH    w14:231 executor process died (native abort)
  [14987] CRASH    w14:196 executor process died (native abort)
  [14995] CRASH    w14:24 executor process died (native abort)
  [15023] MISMATCH w14:288 out[0] max|delta|=7.206e+16 (rtol=0.0 atol=0.0)
  [15052] CRASH    w14:325 executor process died (native abort)
  [15053] CRASH    w14:329 executor process died (native abort)
  [15054] CRASH    w14:236 executor process died (native abort)
  [15055] CRASH    w14:335 executor process died (native abort)
  [15057] MISMATCH w14:341 out[0] max|delta|=4.000e+00 (rtol=0.0 atol=0.0)
  [15066] CRASH    w14:337 executor process died (native abort)
  [15070] CRASH    w14:357 executor process died (native abort)
  [15074] MISMATCH w14:367 out[0] non-finite mismatch (nan/inf positions differ)
  [15076] CRASH    w14:370 executor process died (native abort)
  [15088] CRASH    w14:38 executor process died (native abort)
  [15092] CRASH    w14:395 executor process died (native abort)
  [15093] CRASH    w14:397 executor process died (native abort)
  [15102] MISMATCH w14:400 out[0] non-finite mismatch (nan/inf positions differ)
  [15159] MISMATCH w14:509 out[0] max|delta|=7.000e+00 (rtol=0.0 atol=0.0)
  [15161] MISMATCH w14:480 out[0] non-finite mismatch (nan/inf positions differ)
  [15179] CRASH    w14:52 executor process died (native abort)
  [15190] CRASH    w14:552 executor process died (native abort)
  [15191] CRASH    w14:553 executor process died (native abort)
  [15195] CRASH    w14:557 executor process died (native abort)
  [15196] CRASH    w14:565 executor process died (native abort)
  [15202] MISMATCH w14:560 out[0] non-finite mismatch (nan/inf positions differ)
  [15213] MISMATCH w14:592 out[0] max|delta|=2.882e+17 (rtol=0.01 atol=0.001)
  [15216] MISMATCH w14:595 out[0] non-finite mismatch (nan/inf positions differ)
  [15233] CRASH    w14:614 executor process died (native abort)
  [15234] CRASH    w14:569 executor process died (native abort)
  [15235] CRASH    w14:623 executor process died (native abort)
  [t= 572s] 15235/55756 (26.6/s)  ok=12933 mism=539 crash=1258 timeout=0 skip=505  |  inflight=15
  [15236] CRASH    w14:628 executor process died (native abort)
  [15326] CRASH    w14:752 executor process died (native abort)
  [15329] CRASH    w14:762 executor process died (native abort)
  [15330] CRASH    w14:774 executor process died (native abort)
  [15331] CRASH    w14:781 executor process died (native abort)
  [15340] CRASH    w14:8 executor process died (native abort)
  [15343] CRASH    w14:89 executor process died (native abort)
  [15347] CRASH    w14:96 executor process died (native abort)
  [15348] CRASH    w15:108 executor process died (native abort)
  [15352] CRASH    w15:114 executor process died (native abort)
  [15359] CRASH    w15:115 executor process died (native abort)
  [15363] MISMATCH w15:142 out[0] max|delta|=3.999e-01 (rtol=0.01 atol=0.001)
  [15366] CRASH    w15:141 executor process died (native abort)
  [15367] CRASH    w15:146 executor process died (native abort)
  [15424] MISMATCH w15:24 out[0] max|delta|=2.550e+02 (rtol=0.0 atol=0.0)
  [15428] MISMATCH w15:245 out[0] max|delta|=4.000e+00 (rtol=0.0 atol=0.0)
  [15449] MISMATCH w15:282 out[0] non-finite mismatch (nan/inf positions differ)
  [15465] MISMATCH w15:314 out[0] max|delta|=2.306e+18 (rtol=0.01 atol=0.001)
  [15469] CRASH    w15:285 executor process died (native abort)
  [15474] CRASH    w15:287 executor process died (native abort)
  [15475] MISMATCH w15:317 out[0] max|delta|=2.147e+09 (rtol=0.0 atol=0.0)
  [15484] CRASH    w15:336 executor process died (native abort)
  [15486] CRASH    w15:342 executor process died (native abort)
  [15490] CRASH    w15:345 executor process died (native abort)
  [15491] CRASH    w15:350 executor process died (native abort)
  [15500] MISMATCH w15:363 out[0] max|delta|=4.000e+00 (rtol=0.0 atol=0.0)
  [15517] CRASH    w15:374 executor process died (native abort)
  [15520] CRASH    w15:39 executor process died (native abort)
  [15521] CRASH    w15:355 executor process died (native abort)
  [15522] CRASH    w15:4 executor process died (native abort)
  [15573] MISMATCH w15:488 out[0] max|delta|=5.000e+00 (rtol=0.0 atol=0.0)
  [15587] MISMATCH w15:510 out[0] non-finite mismatch (nan/inf positions differ)
  [15600] MISMATCH w15:532 out[0] max|delta|=3.063e+00 (rtol=0.01 atol=0.001)
  [15606] MISMATCH w15:542 out[0] max|delta|=2.147e+09 (rtol=0.0 atol=0.0)
  [15609] MISMATCH w15:545 out[0] max|delta|=1.611e+09 (rtol=0.0 atol=0.0)
  [15612] MISMATCH w15:54 out[0] non-finite mismatch (nan/inf positions differ)
  [15616] CRASH    w15:534 executor process died (native abort)
  [15627] CRASH    w15:570 executor process died (native abort)
  [15628] CRASH    w15:573 executor process died (native abort)
  [15630] CRASH    w15:583 executor process died (native abort)
  [15633] CRASH    w15:59 executor process died (native abort)
  [15648] CRASH    w15:602 executor process died (native abort)
  [15654] CRASH    w15:608 executor process died (native abort)
  [15660] CRASH    w15:632 executor process died (native abort)
  [15662] CRASH    w15:636 executor process died (native abort)
  [15668] MISMATCH w15:63 out[0] max|delta|=4.000e+00 (rtol=0.0 atol=0.0)
  [t= 587s] 15671/55756 (26.7/s)  ok=13308 mism=553 crash=1290 timeout=0 skip=520  |  inflight=15
  [15676] CRASH    w15:650 executor process died (native abort)
  [15692] CRASH    w15:672 executor process died (native abort)
  [15694] MISMATCH w15:694 out[0] max|delta|=1.153e+18 (rtol=0.0 atol=0.0)
  [15742] MISMATCH w15:770 out[0] max|delta|=4.323e+17 (rtol=0.0 atol=0.0)
  [15750] CRASH    w15:762 executor process died (native abort)
  [15756] MISMATCH w15:86 out[0] max|delta|=1.074e+09 (rtol=0.0 atol=0.0)
  [15759] MISMATCH w15:89 out[0] non-finite mismatch (nan/inf positions differ)
  [15764] CRASH    w15:78 executor process died (native abort)
  [15778] CRASH    w16:116 executor process died (native abort)
  [15783] MISMATCH w16:133 out[0] max|delta|=4.000e+00 (rtol=0.0 atol=0.0)
  [15784] CRASH    w16:118 executor process died (native abort)
  [15785] CRASH    w16:10 executor process died (native abort)
  [15786] CRASH    w16:134 executor process died (native abort)
  [15790] CRASH    w16:122 executor process died (native abort)
  [15794] CRASH    w16:147 executor process died (native abort)
  [15803] CRASH    w16:155 executor process died (native abort)
  [15804] CRASH    w16:158 executor process died (native abort)
  [15821] MISMATCH w16:16 out[0] max|delta|=4.000e+00 (rtol=0.0 atol=0.0)
  [15828] MISMATCH w16:193 out[0] max|delta|=4.295e+09 (rtol=0.0 atol=0.0)
  [15829] MISMATCH w16:192 out[0] non-finite mismatch (nan/inf positions differ)
  [15843] MISMATCH w16:206 out[0] max|delta|=1.593e+00 (rtol=0.01 atol=0.001)
  [15850] MISMATCH w16:219 out[0] max|delta|=6.918e+18 (rtol=0.01 atol=0.001)
  [15862] MISMATCH w16:24 out[0] non-finite mismatch (nan/inf positions differ)
  [15898] CRASH    w16:29 executor process died (native abort)
  [15904] CRASH    w16:311 executor process died (native abort)
  [15905] CRASH    w16:316 executor process died (native abort)
  [15913] CRASH    w16:324 executor process died (native abort)
  [15924] CRASH    w16:344 executor process died (native abort)
  [15926] CRASH    w16:346 executor process died (native abort)
  [15930] CRASH    w16:36 executor process died (native abort)
  [15970] MISMATCH w16:420 out[0] non-finite mismatch (nan/inf positions differ)
  [15990] MISMATCH w16:447 out[0] max|delta|=9.223e+18 (rtol=0.0 atol=0.0)
  [16001] MISMATCH w16:46 out[0] max|delta|=1.155e+00 (rtol=0.01 atol=0.001)
  [16004] MISMATCH w16:472 out[0] max|delta|=4.000e+00 (rtol=0.0 atol=0.0)
  [16008] CRASH    w16:473 executor process died (native abort)
  [16010] CRASH    w16:475 executor process died (native abort)
  [16011] CRASH    w16:48 executor process died (native abort)
  [16012] CRASH    w16:482 executor process died (native abort)
  [16016] CRASH    w16:480 executor process died (native abort)
  [16019] MISMATCH w16:493 out[0] max|delta|=4.000e+00 (rtol=0.0 atol=0.0)
  [16025] CRASH    w16:485 executor process died (native abort)
  [16028] CRASH    w16:498 executor process died (native abort)
  [16029] CRASH    w16:504 executor process died (native abort)
  [16049] CRASH    w16:530 executor process died (native abort)
  [16050] CRASH    w16:502 executor process died (native abort)
  [16051] CRASH    w16:539 executor process died (native abort)
  [t= 602s] 16051/55756 (26.7/s)  ok=13628 mism=569 crash=1320 timeout=0 skip=534  |  inflight=15
  [16052] CRASH    w16:538 executor process died (native abort)
  [16053] MISMATCH w16:54 out[0] max|delta|=1.288e+10 (rtol=0.0 atol=0.0)
  [16084] MISMATCH w16:596 out[0] max|delta|=2.162e+17 (rtol=0.0 atol=0.0)
  [16090] MISMATCH w16:603 out[0] max|delta|=4.000e+00 (rtol=0.0 atol=0.0)
  [16127] CRASH    w16:645 executor process died (native abort)
  [16134] MISMATCH w16:675 out[0] max|delta|=1.611e+09 (rtol=0.0 atol=0.0)
  [16138] CRASH    w16:664 executor process died (native abort)
  [16148] CRASH    w16:700 executor process died (native abort)
  [16150] CRASH    w16:701 executor process died (native abort)
  [16152] CRASH    w16:703 executor process died (native abort)
  [16153] CRASH    w16:705 executor process died (native abort)
  [16169] CRASH    w16:726 executor process died (native abort)
  [16173] CRASH    w16:730 executor process died (native abort)
  [16178] CRASH    w16:732 executor process died (native abort)
  [16185] CRASH    w16:762 executor process died (native abort)
  [16194] MISMATCH w16:772 out[0] non-finite mismatch (nan/inf positions differ)
  [16226] MISMATCH w17:116 out[0] non-finite mismatch (nan/inf positions differ)
  [16246] MISMATCH w17:150 out[0] max|delta|=1.372e+00 (rtol=0.01 atol=0.001)
  [16255] MISMATCH w17:164 out[0] max|delta|=1.727e+00 (rtol=0.01 atol=0.001)
  [16262] MISMATCH w17:174 out[0] max|delta|=1.153e+18 (rtol=0.01 atol=0.001)
  [16283] CRASH    w17:196 executor process died (native abort)
  [16286] CRASH    w17:197 executor process died (native abort)
  [16287] CRASH    w17:205 executor process died (native abort)
  [16288] CRASH    w17:215 executor process died (native abort)
  [16291] CRASH    w17:207 executor process died (native abort)
  [16293] MISMATCH w17:223 out[0] max|delta|=4.000e+00 (rtol=0.01 atol=0.001)
  [16304] CRASH    w17:228 executor process died (native abort)
  [16306] CRASH    w17:232 executor process died (native abort)
  [16307] CRASH    w17:240 executor process died (native abort)
  [16324] CRASH    w17:264 executor process died (native abort)
  [16325] CRASH    w17:268 executor process died (native abort)
  [16329] CRASH    w17:269 executor process died (native abort)
  [16357] MISMATCH w17:326 out[0] max|delta|=4.612e+18 (rtol=0.0 atol=0.0)
  [16370] MISMATCH w17:344 out[0] non-finite mismatch (nan/inf positions differ)
  [16381] CRASH    w17:356 executor process died (native abort)
  [16382] CRASH    w17:363 executor process died (native abort)
  [16383] CRASH    w17:367 executor process died (native abort)
  [16394] CRASH    w17:375 executor process died (native abort)
  [16402] CRASH    w17:395 executor process died (native abort)
  [16403] CRASH    w17:4 executor process died (native abort)
  [16407] MISMATCH w17:405 out[0] max|delta|=6.918e+18 (rtol=0.01 atol=0.001)
  [16415] CRASH    w17:41 executor process died (native abort)
  [16416] MISMATCH w17:402 out[0] max|delta|=9.223e+18 (rtol=0.01 atol=0.001)
  [16422] CRASH    w17:424 executor process died (native abort)
  [16423] CRASH    w17:430 executor process died (native abort)
  [t= 617s] 16423/55756 (26.6/s)  ok=13945 mism=583 crash=1351 timeout=0 skip=544  |  inflight=15
  [16441] MISMATCH w17:458 out[0] max|delta|=4.932e-02 (rtol=0.01 atol=0.001)
  [16498] MISMATCH w17:554 out[0] max|delta|=1.342e+08 (rtol=0.0 atol=0.0)
  [16505] MISMATCH w17:568 out[0] max|delta|=1.000e+00 (rtol=0.0 atol=0.0)
  [16517] CRASH    w17:569 executor process died (native abort)
  [16528] CRASH    w17:590 executor process died (native abort)
  [16533] CRASH    w17:606 executor process died (native abort)
  [16537] CRASH    w17:621 executor process died (native abort)
  [16539] CRASH    w17:623 executor process died (native abort)
  [16544] MISMATCH w17:630 out[0] max|delta|=1.153e+18 (rtol=0.01 atol=0.001)
  [16547] MISMATCH w17:633 out[0] max|delta|=6.918e+18 (rtol=0.01 atol=0.001)
  [16550] CRASH    w17:62 executor process died (native abort)
  [16564] CRASH    w17:658 executor process died (native abort)
  [16565] CRASH    w17:661 executor process died (native abort)
  [16566] CRASH    w17:663 executor process died (native abort)
  [16571] MISMATCH w17:666 out[0] non-finite mismatch (nan/inf positions differ)
  [16580] MISMATCH w17:680 out[0] max|delta|=4.000e+00 (rtol=0.0 atol=0.0)
  [16590] MISMATCH w17:696 out[0] max|delta|=2.147e+10 (rtol=0.0 atol=0.0)
  [16614] MISMATCH w17:743 out[0] max|delta|=8.000e+00 (rtol=0.0 atol=0.0)
  [16647] MISMATCH w17:98 out[0] max|delta|=7.206e+16 (rtol=0.0 atol=0.0)
  [16651] MISMATCH w18:107 out[0] max|delta|=6.400e+01 (rtol=0.0 atol=0.0)
  [16652] MISMATCH w18:109 out[0] max|delta|=4.000e+00 (rtol=0.0 atol=0.0)
  [16655] MISMATCH w18:115 out[0] max|delta|=1.000e+00 (rtol=0.0 atol=0.0)
  [16659] MISMATCH w18:123 out[0] max|delta|=6.000e+00 (rtol=0.01 atol=0.001)
  [16668] CRASH    w18:119 executor process died (native abort)
  [16671] CRASH    w18:131 executor process died (native abort)
  [16672] CRASH    w18:137 executor process died (native abort)
  [16673] CRASH    w18:142 executor process died (native abort)
  [16677] CRASH    w18:15 executor process died (native abort)
  [16679] CRASH    w18:150 executor process died (native abort)
  [16680] CRASH    w18:153 executor process died (native abort)
  [16681] CRASH    w18:148 executor process died (native abort)
  [16689] MISMATCH w18:167 out[0] max|delta|=3.339e+00 (rtol=0.01 atol=0.001)
  [16693] CRASH    w18:154 executor process died (native abort)
  [16699] CRASH    w18:170 executor process died (native abort)
  [16700] MISMATCH w18:180 out[0] max|delta|=1.611e+09 (rtol=0.0 atol=0.0)
  [16720] CRASH    w18:205 executor process died (native abort)
  [16814] MISMATCH w18:373 out[0] non-finite mismatch (nan/inf positions differ)
  [16815] CRASH    w18:359 executor process died (native abort)
  [16817] CRASH    w18:370 executor process died (native abort)
  [16818] CRASH    w18:378 executor process died (native abort)
  [16819] CRASH    w18:381 executor process died (native abort)
  [16827] CRASH    w18:39 executor process died (native abort)
  [16830] CRASH    w18:395 executor process died (native abort)
  [16832] MISMATCH w18:405 out[0] non-finite mismatch (nan/inf positions differ)
  [16835] MISMATCH w18:408 out[0] max|delta|=1.611e+09 (rtol=0.0 atol=0.0)
  [16836] CRASH    w18:398 executor process died (native abort)
  [16837] CRASH    w18:409 executor process died (native abort)
  [16852] MISMATCH w18:433 out[0] max|delta|=4.000e+00 (rtol=0.0 atol=0.0)
  [16855] CRASH    w18:43 executor process died (native abort)
  [t= 632s] 16855/55756 (26.7/s)  ok=14313 mism=603 crash=1380 timeout=0 skip=559  |  inflight=15
  [16856] CRASH    w18:436 executor process died (native abort)
  [16866] MISMATCH w18:454 out[0] max|delta|=4.000e+00 (rtol=0.0 atol=0.0)
  [16924] MISMATCH w18:557 out[0] max|delta|=7.206e+16 (rtol=0.0 atol=0.0)
  [16930] CRASH    w18:533 executor process died (native abort)
  [16942] CRASH    w18:564 executor process died (native abort)
  [16949] CRASH    w18:584 executor process died (native abort)
  [16957] CRASH    w18:609 executor process died (native abort)
  [16967] CRASH    w18:593 executor process died (native abort)
  [16972] CRASH    w18:606 executor process died (native abort)
  [16976] MISMATCH w18:62 out[0] max|delta|=5.120e+02 (rtol=0.0 atol=0.0)
  [16985] CRASH    w18:664 executor process died (native abort)
  [16986] CRASH    w18:666 executor process died (native abort)
  [16987] MISMATCH w18:636 out[0] non-finite mismatch (nan/inf positions differ)
  [16995] MISMATCH w18:683 out[0] max|delta|=3.000e+00 (rtol=0.0 atol=0.0)
  [17013] CRASH    w18:671 executor process died (native abort)
  [17046] MISMATCH w18:778 out[0] max|delta|=3.000e+00 (rtol=0.0 atol=0.0)
  [17069] MISMATCH w19:109 out[0] max|delta|=1.000e+00 (rtol=0.0 atol=0.0)
  [17089] CRASH    w19:131 executor process died (native abort)
  [17090] CRASH    w19:136 executor process died (native abort)
  [17091] CRASH    w19:122 executor process died (native abort)
  [17092] CRASH    w19:14 executor process died (native abort)
  [17097] CRASH    w19:148 executor process died (native abort)
  [17102] CRASH    w19:142 executor process died (native abort)
  [17105] CRASH    w19:144 executor process died (native abort)
  [17106] CRASH    w19:162 executor process died (native abort)
  [17112] MISMATCH w19:171 out[0] max|delta|=6.918e+18 (rtol=0.0 atol=0.0)
  [17115] MISMATCH w19:174 out[0] max|delta|=6.918e+18 (rtol=0.01 atol=0.001)
  [17130] CRASH    w19:164 executor process died (native abort)
  [17131] CRASH    w19:193 executor process died (native abort)
  [17132] CRASH    w19:199 executor process died (native abort)
  [17133] CRASH    w19:163 executor process died (native abort)
  [17174] MISMATCH w19:265 out[0] non-finite mismatch (nan/inf positions differ)
  [17195] MISMATCH w19:3 out[0] non-finite mismatch (nan/inf positions differ)
  [17207] CRASH    w19:315 executor process died (native abort)
  [17214] CRASH    w19:327 executor process died (native abort)
  [17219] CRASH    w19:33 executor process died (native abort)
  [17222] CRASH    w19:344 executor process died (native abort)
  [17231] CRASH    w19:359 executor process died (native abort)
  [17235] CRASH    w19:360 executor process died (native abort)
  [17240] CRASH    w19:372 executor process died (native abort)
  [17241] CRASH    w19:375 executor process died (native abort)
  [17242] CRASH    w19:364 executor process died (native abort)
  [17243] CRASH    w19:370 executor process died (native abort)
  [t= 647s] 17243/55756 (26.6/s)  ok=14648 mism=614 crash=1412 timeout=0 skip=569  |  inflight=15
  [17281] CRASH    w19:421 executor process died (native abort)
  [17303] MISMATCH w19:470 out[0] max|delta|=4.295e+09 (rtol=0.0 atol=0.0)
  [17318] CRASH    w19:485 executor process died (native abort)
  [17322] CRASH    w19:489 executor process died (native abort)
  [17323] CRASH    w19:494 executor process died (native abort)
  [17324] CRASH    w19:51 executor process died (native abort)
  [17335] CRASH    w19:517 executor process died (native abort)
  [17344] CRASH    w19:527 executor process died (native abort)
  [17349] CRASH    w19:536 executor process died (native abort)
  [17350] CRASH    w19:555 executor process died (native abort)
  [17351] CRASH    w19:529 executor process died (native abort)
  [17362] MISMATCH w19:573 out[0] max|delta|=8.000e+00 (rtol=0.0 atol=0.0)
  [17385] MISMATCH w19:603 out[0] max|delta|=7.295e-01 (rtol=0.01 atol=0.001)
  [17402] MISMATCH w19:627 out[0] max|delta|=5.765e+17 (rtol=0.01 atol=0.001)
  [17423] CRASH    w19:649 executor process died (native abort)
  [17424] CRASH    w19:655 executor process died (native abort)
  [17425] CRASH    w19:658 executor process died (native abort)
  [17426] CRASH    w19:660 executor process died (native abort)
  [17430] CRASH    w19:665 executor process died (native abort)
  [17443] CRASH    w19:682 executor process died (native abort)
  [17444] CRASH    w19:687 executor process died (native abort)
  [17445] CRASH    w19:693 executor process died (native abort)
  [17461] CRASH    w19:717 executor process died (native abort)
  [17462] MISMATCH w19:726 out[0] max|delta|=4.000e+00 (rtol=0.0 atol=0.0)
  [17463] CRASH    w19:721 executor process died (native abort)
  [17464] CRASH    w19:722 executor process died (native abort)
  [17465] CRASH    w19:73 executor process died (native abort)
  [17494] MISMATCH w19:779 out[0] max|delta|=6.918e+18 (rtol=0.0 atol=0.0)
  [17504] MISMATCH w19:95 out[0] max|delta|=9.223e+18 (rtol=0.0 atol=0.0)
  [17523] MISMATCH w2:130 out[0] max|delta|=2.684e+08 (rtol=0.0 atol=0.0)
  [17534] CRASH    w2:0 executor process died (native abort)
  [17556] MISMATCH w2:167 out[0] max|delta|=4.000e+00 (rtol=0.0 atol=0.0)
  [17564] MISMATCH w2:196 out[0] max|delta|=3.189e+00 (rtol=0.01 atol=0.001)
  [17587] MISMATCH w2:234 out[0] max|delta|=4.000e+00 (rtol=0.0 atol=0.0)
  [17601] CRASH    w2:228 executor process died (native abort)
  [17621] CRASH    w2:264 executor process died (native abort)
  [17628] CRASH    w2:296 executor process died (native abort)
  [17634] CRASH    w2:26 executor process died (native abort)
  [17645] CRASH    w2:33 executor process died (native abort)
  [17649] CRASH    w2:334 executor process died (native abort)
  [17650] CRASH    w2:340 executor process died (native abort)
  [t= 662s] 17651/55756 (26.6/s)  ok=15002 mism=625 crash=1442 timeout=0 skip=582  |  inflight=15
  [17664] MISMATCH w2:36 out[0] max|delta|=6.913e-01 (rtol=0.01 atol=0.001)
  [17679] MISMATCH w2:376 out[0] non-finite mismatch (nan/inf positions differ)
  [17693] MISMATCH w2:402 out[0] non-finite mismatch (nan/inf positions differ)
  [17708] MISMATCH w2:424 out[0] max|delta|=3.296e+00 (rtol=0.01 atol=0.001)
  [17741] CRASH    w2:456 executor process died (native abort)
  [17744] MISMATCH w2:484 out[0] max|delta|=4.000e+00 (rtol=0.0 atol=0.0)
  [17746] CRASH    w2:475 executor process died (native abort)
  [17748] CRASH    w2:467 executor process died (native abort)
  [17761] CRASH    w2:500 executor process died (native abort)
  [17791] CRASH    w2:542 executor process died (native abort)
  [17798] CRASH    w2:562 executor process died (native abort)
  [17804] CRASH    w2:568 executor process died (native abort)
  [17805] MISMATCH w2:586 out[0] max|delta|=2.882e+17 (rtol=0.0 atol=0.0)
  [17812] CRASH    w2:593 executor process died (native abort)
  [17814] MISMATCH w2:600 out[0] max|delta|=2.550e+02 (rtol=0.0 atol=0.0)
  [17817] CRASH    w2:6 executor process died (native abort)
  [17845] MISMATCH w2:607 out[0] max|delta|=3.000e+00 (rtol=0.0 atol=0.0)
  [17848] MISMATCH w2:652 out[0] max|delta|=3.060e+00 (rtol=0.01 atol=0.001)
  [17852] MISMATCH w2:662 out[0] max|delta|=1.441e+17 (rtol=0.01 atol=0.001)
  [17855] MISMATCH w2:665 out[0] max|delta|=6.918e+18 (rtol=0.01 atol=0.001)
  [17875] CRASH    w2:7 executor process died (native abort)
  [17876] CRASH    w2:698 executor process died (native abort)
  [17877] CRASH    w2:700 executor process died (native abort)
  [17878] CRASH    w2:695 executor process died (native abort)
  [17894] CRASH    w2:720 executor process died (native abort)
  [17902] CRASH    w2:722 executor process died (native abort)
  [17915] CRASH    w2:762 executor process died (native abort)
  [17920] CRASH    w2:77 executor process died (native abort)
  [17922] CRASH    w2:78 executor process died (native abort)
  [17925] CRASH    w2:778 executor process died (native abort)
  [17935] CRASH    w2:9 executor process died (native abort)
  [17939] CRASH    w2:94 executor process died (native abort)
  [17985] MISMATCH w20:164 out[0] max|delta|=1.000e+00 (rtol=0.0 atol=0.0)
  [17996] MISMATCH w20:177 out[0] max|delta|=2.147e+09 (rtol=0.0 atol=0.0)
  [18001] MISMATCH w20:183 out[0] max|delta|=1.000e+00 (rtol=0.0 atol=0.0)
  [18027] CRASH    w20:205 executor process died (native abort)
  [18030] CRASH    w20:228 executor process died (native abort)
  [18031] CRASH    w20:229 executor process died (native abort)
  [18032] CRASH    w20:234 executor process died (native abort)
  [18035] CRASH    w20:232 executor process died (native abort)
  [18042] CRASH    w20:240 executor process died (native abort)
  [18051] CRASH    w20:268 executor process died (native abort)
  [18052] CRASH    w20:269 executor process died (native abort)
  [18063] CRASH    w20:282 executor process died (native abort)
  [18065] CRASH    w20:284 executor process died (native abort)
  [18066] CRASH    w20:290 executor process died (native abort)
  [18067] CRASH    w20:273 executor process died (native abort)
  [t= 677s] 18067/55756 (26.7/s)  ok=15358 mism=639 crash=1475 timeout=0 skip=595  |  inflight=15
  [18129] MISMATCH w20:392 out[0] max|delta|=7.000e+00 (rtol=0.0 atol=0.0)
  [18137] MISMATCH w20:402 out[0] max|delta|=9.223e+18 (rtol=0.01 atol=0.001)
  [18139] CRASH    w20:393 executor process died (native abort)
  [18141] CRASH    w20:4 executor process died (native abort)
  [18142] CRASH    w20:40 executor process died (native abort)
  [18143] CRASH    w20:406 executor process died (native abort)
  [18144] MISMATCH w20:405 out[0] max|delta|=2.147e+09 (rtol=0.0 atol=0.0)
  [18157] CRASH    w20:424 executor process died (native abort)
  [18160] CRASH    w20:431 executor process died (native abort)
  [18161] CRASH    w20:430 executor process died (native abort)
  [18162] CRASH    w20:435 executor process died (native abort)
  [18165] CRASH    w20:433 executor process died (native abort)
  [18178] CRASH    w20:46 executor process died (native abort)
  [18179] CRASH    w20:462 executor process died (native abort)
  [18180] CRASH    w20:468 executor process died (native abort)
  [18233] MISMATCH w20:554 out[0] max|delta|=5.765e+17 (rtol=0.0 atol=0.0)
  [18236] MISMATCH w20:561 out[0] max|delta|=3.000e+00 (rtol=0.0 atol=0.0)
  [18277] MISMATCH w20:630 out[0] max|delta|=6.918e+18 (rtol=0.0 atol=0.0)
  [18289] CRASH    w20:636 executor process died (native abort)
  [18296] CRASH    w20:62 executor process died (native abort)
  [18298] CRASH    w20:652 executor process died (native abort)
  [18299] CRASH    w20:666 executor process died (native abort)
  [18321] CRASH    w20:688 executor process died (native abort)
  [18327] CRASH    w20:690 executor process died (native abort)
  [18331] CRASH    w20:696 executor process died (native abort)
  [18333] CRASH    w20:720 executor process died (native abort)
  [18339] MISMATCH w20:724 out[0] non-finite mismatch (nan/inf positions differ)
  [18382] MISMATCH w20:98 out[0] max|delta|=1.153e+18 (rtol=0.0 atol=0.0)
  [18398] MISMATCH w21:120 out[0] max|delta|=1.441e+17 (rtol=0.0 atol=0.0)
  [18404] MISMATCH w21:134 out[0] max|delta|=2.550e+02 (rtol=0.0 atol=0.0)
  [18426] CRASH    w21:167 executor process died (native abort)
  [18427] MISMATCH w21:173 out[0] max|delta|=4.000e+00 (rtol=0.0 atol=0.0)
  [18432] CRASH    w21:169 executor process died (native abort)
  [18435] CRASH    w21:150 executor process died (native abort)
  [18436] CRASH    w21:188 executor process died (native abort)
  [18462] CRASH    w21:22 executor process died (native abort)
  [18463] CRASH    w21:229 executor process died (native abort)
  [18464] CRASH    w21:23 executor process died (native abort)
  [18465] CRASH    w21:237 executor process died (native abort)
  [18476] CRASH    w21:244 executor process died (native abort)
  [18484] CRASH    w21:251 executor process died (native abort)
  [t= 692s] 18487/55756 (26.7/s)  ok=15725 mism=650 crash=1505 timeout=0 skip=607  |  inflight=15
  [18490] MISMATCH w21:262 out[0] max|delta|=4.295e+09 (rtol=0.0 atol=0.0)
  [18529] MISMATCH w21:312 out[0] non-finite mismatch (nan/inf positions differ)
  [18530] MISMATCH w21:348 out[0] max|delta|=1.729e+18 (rtol=0.0 atol=0.0)
  [18548] MISMATCH w21:355 out[0] max|delta|=4.000e+00 (rtol=0.0 atol=0.0)
  [18561] CRASH    w21:385 executor process died (native abort)
  [18562] CRASH    w21:384 executor process died (native abort)
  [18563] CRASH    w21:400 executor process died (native abort)
  [18564] CRASH    w21:401 executor process died (native abort)
  [18572] CRASH    w21:415 executor process died (native abort)
  [18577] MISMATCH w21:424 out[0] max|delta|=7.206e+16 (rtol=0.01 atol=0.001)
  [18578] CRASH    w21:417 executor process died (native abort)
  [18598] CRASH    w21:446 executor process died (native abort)
  [18605] MISMATCH w21:427 out[0] max|delta|=1.611e+09 (rtol=0.0 atol=0.0)
  [18614] CRASH    w21:478 executor process died (native abort)
  [18619] CRASH    w21:484 executor process died (native abort)
  [18627] CRASH    w21:465 executor process died (native abort)
  [18662] MISMATCH w21:576 out[0] max|delta|=2.882e+17 (rtol=0.0 atol=0.0)
  [18684] CRASH    w21:6 executor process died (native abort)
  [18685] CRASH    w21:605 executor process died (native abort)
  [18686] CRASH    w21:606 executor process died (native abort)
  [18687] CRASH    w21:612 executor process died (native abort)
  [18695] CRASH    w21:625 executor process died (native abort)
  [18700] MISMATCH w21:620 out[0] non-finite mismatch (nan/inf positions differ)
  [18701] CRASH    w21:63 executor process died (native abort)
  [18708] CRASH    w21:645 executor process died (native abort)
  [18717] CRASH    w21:658 executor process died (native abort)
  [18727] CRASH    w21:674 executor process died (native abort)
  [18728] CRASH    w21:683 executor process died (native abort)
  [18731] CRASH    w21:690 executor process died (native abort)
  [18738] CRASH    w21:700 executor process died (native abort)
  [18754] MISMATCH w21:710 out[0] non-finite mismatch (nan/inf positions differ)
  [18797] MISMATCH w22:1 out[0] max|delta|=1.000e+00 (rtol=0.0 atol=0.0)
  [18835] CRASH    w22:133 executor process died (native abort)
  [18849] CRASH    w22:178 executor process died (native abort)
  [18851] MISMATCH w22:193 out[0] max|delta|=4.000e+00 (rtol=0.0 atol=0.0)
  [18862] CRASH    w22:201 executor process died (native abort)
  [18865] CRASH    w22:207 executor process died (native abort)
  [18869] CRASH    w22:215 executor process died (native abort)
  [18870] CRASH    w22:222 executor process died (native abort)
  [18874] MISMATCH w22:230 out[0] non-finite mismatch (nan/inf positions differ)
  [18878] CRASH    w22:233 executor process died (native abort)
  [18879] CRASH    w22:216 executor process died (native abort)
  [18884] CRASH    w22:235 executor process died (native abort)
  [18889] CRASH    w22:25 executor process died (native abort)
  [18890] CRASH    w22:254 executor process died (native abort)
  [t= 708s] 18894/55756 (26.7/s)  ok=16076 mism=662 crash=1538 timeout=0 skip=618  |  inflight=15
  [18896] MISMATCH w22:262 out[0] non-finite mismatch (nan/inf positions differ)
  [18898] MISMATCH w22:238 out[0] max|delta|=1.372e+00 (rtol=0.01 atol=0.001)
  [18901] MISMATCH w22:265 out[0] non-finite mismatch (nan/inf positions differ)
  [18930] CRASH    w22:284 executor process died (native abort)
  [18948] CRASH    w22:322 executor process died (native abort)
  [18953] CRASH    w22:328 executor process died (native abort)
  [18965] MISMATCH w22:37 out[0] max|delta|=9.223e+18 (rtol=0.01 atol=0.001)
  [18969] CRASH    w22:362 executor process died (native abort)
  [18976] CRASH    w22:378 executor process died (native abort)
  [18981] CRASH    w22:38 executor process died (native abort)
  [18994] MISMATCH w22:422 out[0] max|delta|=4.000e+00 (rtol=0.0 atol=0.0)
  [19003] CRASH    w22:421 executor process died (native abort)
  [19010] CRASH    w22:432 executor process died (native abort)
  [19016] CRASH    w22:444 executor process died (native abort)
  [19022] CRASH    w22:463 executor process died (native abort)
  [19029] MISMATCH w22:485 out[0] max|delta|=3.606e+00 (rtol=0.01 atol=0.001)
  [19038] CRASH    w22:480 executor process died (native abort)
  [19054] MISMATCH w22:519 out[0] max|delta|=3.000e+00 (rtol=0.0 atol=0.0)
  [19055] CRASH    w22:521 executor process died (native abort)
  [19093] MISMATCH w22:589 out[0] max|delta|=4.000e+00 (rtol=0.0 atol=0.0)
  [19106] MISMATCH w22:584 out[0] non-finite mismatch (nan/inf positions differ)
  [19116] MISMATCH w22:62 out[0] max|delta|=4.000e+00 (rtol=0.0 atol=0.0)
  [19140] MISMATCH w22:664 out[0] max|delta|=7.000e+00 (rtol=0.0 atol=0.0)
  [19153] MISMATCH w22:686 out[0] non-finite mismatch (nan/inf positions differ)
  [19156] CRASH    w22:671 executor process died (native abort)
  [19157] CRASH    w22:678 executor process died (native abort)
  [19158] CRASH    w22:683 executor process died (native abort)
  [19159] CRASH    w22:691 executor process died (native abort)
  [19162] CRASH    w22:7 executor process died (native abort)
  [19168] CRASH    w22:695 executor process died (native abort)
  [19172] MISMATCH w22:718 out[0] max|delta|=1.007e+08 (rtol=0.0 atol=0.0)
  [19175] MISMATCH w22:721 out[0] max|delta|=6.918e+18 (rtol=0.01 atol=0.001)
  [19177] CRASH    w22:72 executor process died (native abort)
  [19180] CRASH    w22:724 executor process died (native abort)
  [19181] MISMATCH w22:727 out[0] max|delta|=1.000e+00 (rtol=0.0 atol=0.0)
  [19205] MISMATCH w22:767 out[0] max|delta|=4.000e+00 (rtol=0.0 atol=0.0)
  [19214] MISMATCH w22:776 out[0] non-finite mismatch (nan/inf positions differ)
  [19254] MISMATCH w23:134 out[0] max|delta|=1.000e+00 (rtol=0.0 atol=0.0)
  [19259] MISMATCH w23:142 out[0] max|delta|=2.000e+00 (rtol=0.0 atol=0.0)
  [19270] CRASH    w23:150 executor process died (native abort)
  [19271] CRASH    w23:156 executor process died (native abort)
  [19272] CRASH    w23:157 executor process died (native abort)
  [19273] CRASH    w23:161 executor process died (native abort)
  [19280] CRASH    w23:172 executor process died (native abort)
  [19283] MISMATCH w23:18 out[0] max|delta|=4.000e+00 (rtol=0.0 atol=0.0)
  [19285] CRASH    w23:173 executor process died (native abort)
  [19287] CRASH    w23:169 executor process died (native abort)
  [19288] CRASH    w23:186 executor process died (native abort)
  [19293] CRASH    w23:189 executor process died (native abort)
  [19298] MISMATCH w23:199 out[0] non-finite mismatch (nan/inf positions differ)
  [19307] CRASH    w23:188 executor process died (native abort)
  [19313] CRASH    w23:187 executor process died (native abort)
  [19314] CRASH    w23:22 executor process died (native abort)
  [t= 723s] 19316/55756 (26.7/s)  ok=16432 mism=683 crash=1570 timeout=0 skip=631  |  inflight=15
  [19337] MISMATCH w23:254 out[0] non-finite mismatch (nan/inf positions differ)
  [19356] CRASH    w23:28 executor process died (native abort)
  [19357] CRASH    w23:286 executor process died (native abort)
  [19359] CRASH    w23:291 executor process died (native abort)
  [19365] CRASH    w23:304 executor process died (native abort)
  [19368] CRASH    w23:306 executor process died (native abort)
  [19370] CRASH    w23:295 executor process died (native abort)
  [19371] CRASH    w23:312 executor process died (native abort)
  [19379] CRASH    w23:324 executor process died (native abort)
  [19383] CRASH    w23:326 executor process died (native abort)
  [19387] CRASH    w23:330 executor process died (native abort)
  [19420] MISMATCH w23:385 out[0] max|delta|=3.000e+00 (rtol=0.0 atol=0.0)
  [19445] MISMATCH w23:424 out[0] max|delta|=2.306e+18 (rtol=0.01 atol=0.001)
  [19447] MISMATCH w23:427 out[0] max|delta|=9.223e+18 (rtol=0.0 atol=0.0)
  [19484] MISMATCH w23:490 out[0] max|delta|=1.288e+10 (rtol=0.0 atol=0.0)
  [19496] CRASH    w23:478 executor process died (native abort)
  [19500] CRASH    w23:495 executor process died (native abort)
  [19501] CRASH    w23:510 executor process died (native abort)
  [19502] CRASH    w23:519 executor process died (native abort)
  [19520] CRASH    w23:54 executor process died (native abort)
  [19542] CRASH    w23:580 executor process died (native abort)
  [19547] CRASH    w23:583 executor process died (native abort)
  [19551] CRASH    w23:6 executor process died (native abort)
  [19553] CRASH    w23:606 executor process died (native abort)
  [19557] CRASH    w23:612 executor process died (native abort)
  [19564] MISMATCH w23:62 out[0] non-finite mismatch (nan/inf positions differ)
  [19565] MISMATCH w23:625 out[0] non-finite mismatch (nan/inf positions differ)
  [19567] MISMATCH w23:629 out[0] max|delta|=4.000e+00 (rtol=0.0 atol=0.0)
  [19574] MISMATCH w23:623 out[0] max|delta|=3.432e+00 (rtol=0.01 atol=0.001)
  [19585] MISMATCH w23:655 out[0] max|delta|=6.918e+18 (rtol=0.01 atol=0.001)
  [19589] MISMATCH w23:656 out[0] non-finite mismatch (nan/inf positions differ)
  [19590] MISMATCH w23:642 out[0] max|delta|=2.956e+00 (rtol=0.01 atol=0.001)
  [19614] MISMATCH w23:70 out[0] max|delta|=4.295e+09 (rtol=0.0 atol=0.0)
  [19624] MISMATCH w23:710 out[0] non-finite mismatch (nan/inf positions differ)
  [19649] CRASH    w23:752 executor process died (native abort)
  [19650] CRASH    w23:754 executor process died (native abort)
  [19651] CRASH    w23:76 executor process died (native abort)
  [19652] CRASH    w23:762 executor process died (native abort)
  [19678] CRASH    w23:9 executor process died (native abort)
  [19679] CRASH    w23:96 executor process died (native abort)
  [19680] CRASH    w23:768 executor process died (native abort)
  [19681] CRASH    w24:105 executor process died (native abort)
  [19685] CRASH    w24:106 executor process died (native abort)
  [19688] CRASH    w24:118 executor process died (native abort)
  [19689] CRASH    w24:11 executor process died (native abort)
  [t= 738s] 19690/55756 (26.7/s)  ok=16746 mism=697 crash=1601 timeout=0 skip=646  |  inflight=15
  [19700] MISMATCH w24:116 out[0] max|delta|=1.149e+01 (rtol=0.01 atol=0.001)
  [19710] MISMATCH w24:145 out[0] max|delta|=9.223e+18 (rtol=0.01 atol=0.001)
  [19713] MISMATCH w24:148 out[0] max|delta|=1.611e+09 (rtol=0.01 atol=0.001)
  [19722] MISMATCH w24:162 out[0] max|delta|=1.593e+00 (rtol=0.01 atol=0.001)
  [19742] CRASH    w24:167 executor process died (native abort)
  [19752] CRASH    w24:186 executor process died (native abort)
  [19754] CRASH    w24:203 executor process died (native abort)
  [19771] CRASH    w24:235 executor process died (native abort)
  [19772] CRASH    w24:240 executor process died (native abort)
  [19773] CRASH    w24:244 executor process died (native abort)
  [19774] CRASH    w24:216 executor process died (native abort)
  [19776] CRASH    w24:245 executor process died (native abort)
  [19780] CRASH    w24:25 executor process died (native abort)
  [19795] CRASH    w24:275 executor process died (native abort)
  [19804] MISMATCH w24:297 out[0] max|delta|=2.882e+17 (rtol=0.0 atol=0.0)
  [19848] MISMATCH w24:363 out[0] max|delta|=1.307e+00 (rtol=0.01 atol=0.001)
  [19855] MISMATCH w24:376 out[0] max|delta|=9.223e+18 (rtol=0.0 atol=0.0)
  [19879] MISMATCH w24:423 out[0] max|delta|=3.000e+00 (rtol=0.0 atol=0.0)
  [19880] CRASH    w24:414 executor process died (native abort)
  [19882] CRASH    w24:395 executor process died (native abort)
  [19885] CRASH    w24:427 executor process died (native abort)
  [19886] CRASH    w24:433 executor process died (native abort)
  [19906] MISMATCH w24:47 out[0] max|delta|=4.295e+09 (rtol=0.0 atol=0.0)
  [19909] CRASH    w24:45 executor process died (native abort)
  [19910] CRASH    w24:468 executor process died (native abort)
  [19911] CRASH    w24:473 executor process died (native abort)
  [19912] CRASH    w24:475 executor process died (native abort)
  [19919] CRASH    w24:483 executor process died (native abort)
  [19938] MISMATCH w24:525 out[0] max|delta|=1.441e+17 (rtol=0.0 atol=0.0)
  [19942] CRASH    w24:51 executor process died (native abort)
  [19948] CRASH    w24:529 executor process died (native abort)
  [19965] MISMATCH w24:569 out[0] non-finite mismatch (nan/inf positions differ)
  [19970] CRASH    w24:532 executor process died (native abort)
  [19971] CRASH    w24:577 executor process died (native abort)
  [19972] CRASH    w24:578 executor process died (native abort)
  [19973] CRASH    w24:572 executor process died (native abort)
  [19988] MISMATCH w24:604 out[0] max|delta|=9.223e+18 (rtol=0.01 atol=0.001)
  [20005] CRASH    w24:605 executor process died (native abort)
  [20011] CRASH    w24:639 executor process died (native abort)
  [20015] CRASH    w24:634 executor process died (native abort)
  [20016] CRASH    w24:655 executor process died (native abort)
  [20018] CRASH    w24:642 executor process died (native abort)
  [20023] CRASH    w24:661 executor process died (native abort)
  [20026] CRASH    w24:656 executor process died (native abort)
  [20027] CRASH    w24:667 executor process died (native abort)
  [20037] MISMATCH w24:659 out[0] non-finite mismatch (nan/inf positions differ)
  [20039] MISMATCH w24:69 out[0] max|delta|=5.765e+17 (rtol=0.0 atol=0.0)
  [t= 753s] 20045/55756 (26.6/s)  ok=17044 mism=711 crash=1634 timeout=0 skip=656  |  inflight=15
  [20078] MISMATCH w24:753 out[0] max|delta|=1.153e+18 (rtol=0.0 atol=0.0)
  [20124] MISMATCH w25:119 out[0] max|delta|=3.999e-01 (rtol=0.01 atol=0.001)
  [20128] CRASH    w25:111 executor process died (native abort)
  [20132] CRASH    w25:121 executor process died (native abort)
  [20136] CRASH    w25:123 executor process died (native abort)
  [20152] CRASH    w25:157 executor process died (native abort)
  [20157] CRASH    w25:16 executor process died (native abort)
  [20162] CRASH    w25:171 executor process died (native abort)
  [20171] CRASH    w25:193 executor process died (native abort)
  [20175] CRASH    w25:197 executor process died (native abort)
  [20176] CRASH    w25:2 executor process died (native abort)
  [20177] CRASH    w25:207 executor process died (native abort)
  [20181] MISMATCH w25:215 out[0] max|delta|=9.223e+18 (rtol=0.0 atol=0.0)
  [20185] MISMATCH w25:208 out[0] max|delta|=2.000e+00 (rtol=0.0 atol=0.0)
  [20236] MISMATCH w25:294 out[0] max|delta|=1.611e+09 (rtol=0.0 atol=0.0)
  [20241] MISMATCH w25:30 out[0] max|delta|=2.000e+00 (rtol=0.0 atol=0.0)
  [20251] MISMATCH w25:319 out[0] max|delta|=4.000e+00 (rtol=0.0 atol=0.0)
  [20263] CRASH    w25:329 executor process died (native abort)
  [20265] CRASH    w25:332 executor process died (native abort)
  [20266] CRASH    w25:322 executor process died (native abort)
  [20267] CRASH    w25:346 executor process died (native abort)
  [20285] CRASH    w25:36 executor process died (native abort)
  [20293] CRASH    w25:377 executor process died (native abort)
  [20294] CRASH    w25:386 executor process died (native abort)
  [20295] CRASH    w25:39 executor process died (native abort)
  [20301] CRASH    w25:399 executor process died (native abort)
  [20320] MISMATCH w25:436 out[0] max|delta|=2.000e+00 (rtol=0.0 atol=0.0)
  [20326] MISMATCH w25:443 out[0] max|delta|=9.223e+18 (rtol=0.0 atol=0.0)
  [20329] CRASH    w25:421 executor process died (native abort)
  [20343] CRASH    w25:451 executor process died (native abort)
  [20351] MISMATCH w25:486 out[0] max|delta|=2.530e+02 (rtol=0.0 atol=0.0)
  [20363] MISMATCH w25:5 out[0] non-finite mismatch (nan/inf positions differ)
  [20378] MISMATCH w25:522 out[0] max|delta|=9.223e+18 (rtol=0.01 atol=0.001)
  [20421] CRASH    w25:579 executor process died (native abort)
  [20423] CRASH    w25:585 executor process died (native abort)
  [20426] CRASH    w25:590 executor process died (native abort)
  [20434] MISMATCH w25:618 out[0] max|delta|=4.000e+00 (rtol=0.0 atol=0.0)
  [20436] CRASH    w25:614 executor process died (native abort)
  [20443] MISMATCH w25:632 out[0] max|delta|=6.400e+01 (rtol=0.0 atol=0.0)
  [20457] CRASH    w25:635 executor process died (native abort)
  [20466] CRASH    w25:653 executor process died (native abort)
  [20468] MISMATCH w25:671 out[0] max|delta|=2.162e+17 (rtol=0.0 atol=0.0)
  [20470] MISMATCH w25:679 out[0] max|delta|=4.000e+00 (rtol=0.0 atol=0.0)
  [20476] CRASH    w25:678 executor process died (native abort)
  [20498] CRASH    w25:700 executor process died (native abort)
  [20503] CRASH    w25:720 executor process died (native abort)
  [20508] CRASH    w25:724 executor process died (native abort)
  [20518] MISMATCH w25:750 out[0] non-finite mismatch (nan/inf positions differ)
  [t= 768s] 20526/55756 (26.7/s)  ok=17463 mism=728 crash=1665 timeout=0 skip=670  |  inflight=15
  [20549] MISMATCH w25:99 out[0] non-finite mismatch (nan/inf positions differ)
  [20551] MISMATCH w26:102 out[0] max|delta|=4.000e+00 (rtol=0.0 atol=0.0)
  [20565] MISMATCH w26:117 out[0] non-finite mismatch (nan/inf positions differ)
  [20576] MISMATCH w26:141 out[0] max|delta|=2.882e+17 (rtol=0.01 atol=0.001)
  [20577] MISMATCH w26:144 out[0] max|delta|=6.918e+18 (rtol=0.0 atol=0.0)
  [20580] CRASH    w26:13 executor process died (native abort)
  [20583] MISMATCH w26:150 out[0] max|delta|=2.147e+09 (rtol=0.0 atol=0.0)
  [20586] CRASH    w26:132 executor process died (native abort)
  [20590] CRASH    w26:145 executor process died (native abort)
  [20596] CRASH    w26:170 executor process died (native abort)
  [20602] CRASH    w26:172 executor process died (native abort)
  [20608] CRASH    w26:182 executor process died (native abort)
  [20620] CRASH    w26:201 executor process died (native abort)
  [20622] CRASH    w26:21 executor process died (native abort)
  [20627] CRASH    w26:212 executor process died (native abort)
  [20640] CRASH    w26:235 executor process died (native abort)
  [20646] CRASH    w26:241 executor process died (native abort)
  [20653] CRASH    w26:249 executor process died (native abort)
  [20674] MISMATCH w26:293 out[0] max|delta|=1.441e+17 (rtol=0.0 atol=0.0)
  [20700] CRASH    w26:322 executor process died (native abort)
  [20704] CRASH    w26:323 executor process died (native abort)
  [20705] CRASH    w26:330 executor process died (native abort)
  [20706] CRASH    w26:340 executor process died (native abort)
  [20717] MISMATCH w26:359 out[0] max|delta|=1.727e+00 (rtol=0.01 atol=0.001)
  [20726] MISMATCH w26:372 out[0] max|delta|=1.611e+09 (rtol=0.0 atol=0.0)
  [20736] CRASH    w26:342 executor process died (native abort)
  [20747] CRASH    w26:400 executor process died (native abort)
  [20748] CRASH    w26:406 executor process died (native abort)
  [20749] CRASH    w26:407 executor process died (native abort)
  [20760] CRASH    w26:391 executor process died (native abort)
  [20765] CRASH    w26:410 executor process died (native abort)
  [20770] CRASH    w26:427 executor process died (native abort)
  [20779] CRASH    w26:459 executor process died (native abort)
  [20785] MISMATCH w26:464 out[0] max|delta|=2.147e+10 (rtol=0.0 atol=0.0)
  [20811] MISMATCH w26:514 out[0] max|delta|=5.000e+00 (rtol=0.0 atol=0.0)
  [20817] MISMATCH w26:521 out[0] max|delta|=1.441e+17 (rtol=0.0 atol=0.0)
  [20824] MISMATCH w26:535 out[0] max|delta|=1.000e+00 (rtol=0.0 atol=0.0)
  [20828] MISMATCH w26:539 out[0] non-finite mismatch (nan/inf positions differ)
  [20829] MISMATCH w26:43 out[0] max|delta|=4.295e+09 (rtol=0.0 atol=0.0)
  [20853] MISMATCH w26:573 out[0] non-finite mismatch (nan/inf positions differ)
  [20855] MISMATCH w26:58 out[0] max|delta|=3.000e+00 (rtol=0.0 atol=0.0)
  [20864] MISMATCH w26:597 out[0] max|delta|=4.612e+18 (rtol=0.0 atol=0.0)
  [20869] MISMATCH w26:600 out[0] max|delta|=1.611e+09 (rtol=0.0 atol=0.0)
  [20872] CRASH    w26:590 executor process died (native abort)
  [20876] CRASH    w26:588 executor process died (native abort)
  [20882] CRASH    w26:601 executor process died (native abort)
  [20885] CRASH    w26:628 executor process died (native abort)
  [20897] CRASH    w26:635 executor process died (native abort)
  [20903] CRASH    w26:651 executor process died (native abort)
  [20908] CRASH    w26:655 executor process died (native abort)
  [20909] MISMATCH w26:663 out[0] max|delta|=2.147e+10 (rtol=0.0 atol=0.0)
  [20917] CRASH    w26:668 executor process died (native abort)
  [20927] MISMATCH w26:692 out[0] max|delta|=2.577e+10 (rtol=0.0 atol=0.0)
  [t= 783s] 20929/55756 (26.7/s)  ok=17790 mism=749 crash=1697 timeout=0 skip=693  |  inflight=15
  [20939] MISMATCH w26:710 out[0] max|delta|=1.024e+03 (rtol=0.0 atol=0.0)
  [20957] MISMATCH w26:742 out[0] max|delta|=8.000e+00 (rtol=0.0 atol=0.0)
  [20976] MISMATCH w26:771 out[0] max|delta|=5.000e+00 (rtol=0.01 atol=0.001)
  [20991] MISMATCH w26:87 out[0] max|delta|=7.000e+00 (rtol=0.0 atol=0.0)
  [21013] CRASH    w27:102 executor process died (native abort)
  [21017] CRASH    w27:125 executor process died (native abort)
  [21023] CRASH    w27:131 executor process died (native abort)
  [21026] CRASH    w27:147 executor process died (native abort)
  [21043] CRASH    w27:175 executor process died (native abort)
  [21048] CRASH    w27:177 executor process died (native abort)
  [21049] CRASH    w27:190 executor process died (native abort)
  [21050] CRASH    w27:191 executor process died (native abort)
  [21052] MISMATCH w27:197 out[0] max|delta|=2.550e+02 (rtol=0.0 atol=0.0)
  [21059] CRASH    w27:2 executor process died (native abort)
  [21065] CRASH    w27:204 executor process died (native abort)
  [21066] MISMATCH w27:210 out[0] max|delta|=2.577e+10 (rtol=0.0 atol=0.0)
  [21068] CRASH    w27:21 executor process died (native abort)
  [21069] CRASH    w27:220 executor process died (native abort)
  [21096] MISMATCH w27:262 out[0] non-finite mismatch (nan/inf positions differ)
  [21101] MISMATCH w27:268 out[0] max|delta|=9.223e+18 (rtol=0.0 atol=0.0)
  [21124] MISMATCH w27:31 out[0] max|delta|=9.223e+18 (rtol=0.0 atol=0.0)
  [21147] MISMATCH w27:34 out[0] non-finite mismatch (nan/inf positions differ)
  [21154] CRASH    w27:353 executor process died (native abort)
  [21155] CRASH    w27:354 executor process died (native abort)
  [21156] CRASH    w27:360 executor process died (native abort)
  [21157] CRASH    w27:35 executor process died (native abort)
  [21180] MISMATCH w27:40 out[0] max|delta|=9.223e+18 (rtol=0.0 atol=0.0)
  [21181] MISMATCH w27:404 out[0] max|delta|=2.000e+00 (rtol=0.0 atol=0.0)
  [21182] CRASH    w27:387 executor process died (native abort)
  [21187] CRASH    w27:389 executor process died (native abort)
  [21190] CRASH    w27:4 executor process died (native abort)
  [21191] CRASH    w27:418 executor process died (native abort)
  [21194] MISMATCH w27:425 out[0] max|delta|=1.000e+00 (rtol=0.0 atol=0.0)
  [21200] MISMATCH w27:433 out[0] max|delta|=8.000e+00 (rtol=0.0 atol=0.0)
  [21212] MISMATCH w27:455 out[0] non-finite mismatch (nan/inf positions differ)
  [21219] CRASH    w27:447 executor process died (native abort)
  [21224] CRASH    w27:460 executor process died (native abort)
  [21226] MISMATCH w27:463 out[0] max|delta|=2.000e+00 (rtol=0.01 atol=0.001)
  [21232] MISMATCH w27:487 out[0] max|delta|=7.206e+16 (rtol=0.01 atol=0.001)
  [21235] MISMATCH w27:490 out[0] non-finite mismatch (nan/inf positions differ)
  [21254] MISMATCH w27:477 out[0] max|delta|=8.000e+00 (rtol=0.0 atol=0.0)
  [21266] MISMATCH w27:536 out[0] max|delta|=4.000e+00 (rtol=0.0 atol=0.0)
  [21280] CRASH    w27:53 executor process died (native abort)
  [21293] CRASH    w27:573 executor process died (native abort)
  [21294] CRASH    w27:582 executor process died (native abort)
  [21297] CRASH    w27:587 executor process died (native abort)
  [21301] CRASH    w27:595 executor process died (native abort)
  [21306] CRASH    w27:59 executor process died (native abort)
  [21311] CRASH    w27:603 executor process died (native abort)
  [21315] CRASH    w27:615 executor process died (native abort)
  [21316] CRASH    w27:617 executor process died (native abort)
  [21323] MISMATCH w27:632 out[0] max|delta|=7.000e+00 (rtol=0.0 atol=0.0)
  [21329] MISMATCH w27:639 out[0] max|delta|=4.323e+17 (rtol=0.0 atol=0.0)
  [21330] CRASH    w27:631 executor process died (native abort)
  [21342] CRASH    w27:647 executor process died (native abort)
  [t= 798s] 21351/55756 (26.8/s)  ok=18143 mism=771 crash=1730 timeout=0 skip=707  |  inflight=15
  [21378] MISMATCH w27:718 out[0] max|delta|=6.918e+18 (rtol=0.0 atol=0.0)
  [21397] CRASH    w27:737 executor process died (native abort)
  [21408] CRASH    w27:746 executor process died (native abort)
  [21412] CRASH    w27:763 executor process died (native abort)
  [21413] CRASH    w27:775 executor process died (native abort)
  [21414] CRASH    w27:756 executor process died (native abort)
  [21418] CRASH    w27:79 executor process died (native abort)
  [21420] MISMATCH w27:81 out[0] max|delta|=3.000e+00 (rtol=0.0 atol=0.0)
  [21422] CRASH    w27:8 executor process died (native abort)
  [21423] CRASH    w27:85 executor process died (native abort)
  [21429] CRASH    w27:89 executor process died (native abort)
  [21432] CRASH    w27:91 executor process died (native abort)
  [21436] CRASH    w27:86 executor process died (native abort)
  [21437] CRASH    w28:104 executor process died (native abort)
  [21442] MISMATCH w28:112 out[0] non-finite mismatch (nan/inf positions differ)
  [21448] CRASH    w28:115 executor process died (native abort)
  [21462] MISMATCH w28:144 out[0] max|delta|=2.882e+17 (rtol=0.01 atol=0.001)
  [21486] CRASH    w28:166 executor process died (native abort)
  [21497] CRASH    w28:185 executor process died (native abort)
  [21498] CRASH    w28:192 executor process died (native abort)
  [21499] CRASH    w28:198 executor process died (native abort)
  [21504] CRASH    w28:204 executor process died (native abort)
  [21514] CRASH    w28:210 executor process died (native abort)
  [21519] CRASH    w28:215 executor process died (native abort)
  [21523] CRASH    w28:238 executor process died (native abort)
  [21525] CRASH    w28:239 executor process died (native abort)
  [21527] CRASH    w28:243 executor process died (native abort)
  [21528] CRASH    w28:246 executor process died (native abort)
  [21541] CRASH    w28:244 executor process died (native abort)
  [21550] CRASH    w28:272 executor process died (native abort)
  [21551] CRASH    w28:274 executor process died (native abort)
  [21591] MISMATCH w28:348 out[0] non-finite mismatch (nan/inf positions differ)
  [21606] MISMATCH w28:372 out[0] max|delta|=1.007e+08 (rtol=0.0 atol=0.0)
  [21610] MISMATCH w28:375 out[0] non-finite mismatch (nan/inf positions differ)
  [21619] CRASH    w28:362 executor process died (native abort)
  [21631] CRASH    w28:405 executor process died (native abort)
  [21635] CRASH    w28:410 executor process died (native abort)
  [21641] CRASH    w28:394 executor process died (native abort)
  [21643] CRASH    w28:432 executor process died (native abort)
  [21647] CRASH    w28:438 executor process died (native abort)
  [21648] CRASH    w28:44 executor process died (native abort)
  [21653] CRASH    w28:443 executor process died (native abort)
  [21663] CRASH    w28:46 executor process died (native abort)
  [21664] CRASH    w28:462 executor process died (native abort)
  [21668] CRASH    w28:467 executor process died (native abort)
  [t= 813s] 21672/55756 (26.7/s)  ok=18406 mism=778 crash=1768 timeout=0 skip=720  |  inflight=15
  [21699] MISMATCH w28:524 out[0] max|delta|=7.206e+16 (rtol=0.0 atol=0.0)
  [21748] MISMATCH w28:603 out[0] max|delta|=6.918e+18 (rtol=0.0 atol=0.0)
  [21755] CRASH    w28:592 executor process died (native abort)
  [21763] CRASH    w28:604 executor process died (native abort)
  [21764] MISMATCH w28:628 out[0] max|delta|=4.295e+09 (rtol=0.0 atol=0.0)
  [21766] CRASH    w28:629 executor process died (native abort)
  [21767] CRASH    w28:631 executor process died (native abort)
  [21775] CRASH    w28:641 executor process died (native abort)
  [21785] CRASH    w28:654 executor process died (native abort)
  [21786] CRASH    w28:633 executor process died (native abort)
  [21789] CRASH    w28:660 executor process died (native abort)
  [21790] CRASH    w28:666 executor process died (native abort)
  [21798] MISMATCH w28:68 out[0] max|delta|=2.684e+08 (rtol=0.0 atol=0.0)
  [21804] CRASH    w28:686 executor process died (native abort)
  [21809] CRASH    w28:690 executor process died (native abort)
  [21848] MISMATCH w28:766 out[0] max|delta|=1.000e+00 (rtol=0.0 atol=0.0)
  [21864] MISMATCH w28:82 out[0] max|delta|=2.550e+02 (rtol=0.0 atol=0.0)
  [21878] CRASH    w28:98 executor process died (native abort)
  [21879] CRASH    w29:101 executor process died (native abort)
  [21880] CRASH    w29:1 executor process died (native abort)
  [21881] CRASH    w29:103 executor process died (native abort)
  [21890] CRASH    w29:106 executor process died (native abort)
  [21892] CRASH    w29:12 executor process died (native abort)
  [21893] CRASH    w29:120 executor process died (native abort)
  [21894] CRASH    w29:122 executor process died (native abort)
  [21899] MISMATCH w29:130 out[0] max|delta|=2.882e+17 (rtol=0.01 atol=0.001)
  [21903] MISMATCH w29:133 out[0] max|delta|=6.918e+18 (rtol=0.01 atol=0.001)
  [21913] MISMATCH w29:15 out[0] max|delta|=1.600e+01 (rtol=0.0 atol=0.0)
  [21917] CRASH    w29:121 executor process died (native abort)
  [21920] CRASH    w29:158 executor process died (native abort)
  [21921] CRASH    w29:159 executor process died (native abort)
  [21922] CRASH    w29:163 executor process died (native abort)
  [21926] MISMATCH w29:166 out[0] non-finite mismatch (nan/inf positions differ)
  [22000] CRASH    w29:161 executor process died (native abort)
  [22008] CRASH    w29:30 executor process died (native abort)
  [22009] CRASH    w29:319 executor process died (native abort)
  [22010] CRASH    w29:318 executor process died (native abort)
  [22011] MISMATCH w29:32 out[0] max|delta|=4.295e+09 (rtol=0.0 atol=0.0)
  [22024] CRASH    w29:331 executor process died (native abort)
  [22033] CRASH    w29:350 executor process died (native abort)
  [22046] CRASH    w29:348 executor process died (native abort)
  [t= 828s] 22049/55756 (26.6/s)  ok=18732 mism=789 crash=1798 timeout=0 skip=730  |  inflight=15
  [22053] CRASH    w29:380 executor process died (native abort)
  [22054] CRASH    w29:39 executor process died (native abort)
  [22058] CRASH    w29:394 executor process died (native abort)
  [22064] CRASH    w29:399 executor process died (native abort)
  [22068] CRASH    w29:391 executor process died (native abort)
  [22069] CRASH    w29:412 executor process died (native abort)
  [22075] CRASH    w29:418 executor process died (native abort)
  [22090] CRASH    w29:448 executor process died (native abort)
  [22097] CRASH    w29:453 executor process died (native abort)
  [22103] CRASH    w29:474 executor process died (native abort)
  [22106] CRASH    w29:476 executor process died (native abort)
  [22110] MISMATCH w29:47 out[0] max|delta|=6.000e+00 (rtol=0.0 atol=0.0)
  [22112] CRASH    w29:486 executor process died (native abort)
  [22116] CRASH    w29:488 executor process died (native abort)
  [22121] CRASH    w29:492 executor process died (native abort)
  [22130] MISMATCH w29:510 out[0] max|delta|=1.729e+18 (rtol=0.0 atol=0.0)
  [22142] MISMATCH w29:528 out[0] non-finite mismatch (nan/inf positions differ)
  [22143] MISMATCH w29:517 out[0] max|delta|=3.000e+00 (rtol=0.0 atol=0.0)
  [22150] MISMATCH w29:54 out[0] max|delta|=8.053e+08 (rtol=0.0 atol=0.0)
  [22161] MISMATCH w29:563 out[0] max|delta|=4.000e+00 (rtol=0.0 atol=0.0)
  [22172] MISMATCH w29:576 out[0] max|delta|=1.593e+00 (rtol=0.01 atol=0.001)
  [22179] MISMATCH w29:589 out[0] max|delta|=9.223e+18 (rtol=0.01 atol=0.001)
  [22180] MISMATCH w29:562 out[0] non-finite mismatch (nan/inf positions differ)
  [22195] CRASH    w29:590 executor process died (native abort)
  [22196] CRASH    w29:61 executor process died (native abort)
  [22197] CRASH    w29:614 executor process died (native abort)
  [22198] CRASH    w29:615 executor process died (native abort)
  [22202] CRASH    w29:624 executor process died (native abort)
  [22203] CRASH    w29:627 executor process died (native abort)
  [22204] CRASH    w29:619 executor process died (native abort)
  [22205] CRASH    w29:62 executor process died (native abort)
  [22221] MISMATCH w29:652 out[0] max|delta|=2.147e+10 (rtol=0.0 atol=0.0)
  [22235] MISMATCH w29:68 out[0] max|delta|=1.000e+00 (rtol=0.0 atol=0.0)
  [22240] CRASH    w29:676 executor process died (native abort)
  [22251] CRASH    w29:686 executor process died (native abort)
  [22266] MISMATCH w29:731 out[0] max|delta|=4.000e+00 (rtol=0.0 atol=0.0)
  [22271] MISMATCH w29:738 out[0] max|delta|=2.162e+17 (rtol=0.0 atol=0.0)
  [22275] MISMATCH w29:745 out[0] max|delta|=4.000e+00 (rtol=0.0 atol=0.0)
  [22284] MISMATCH w29:756 out[0] non-finite mismatch (nan/inf positions differ)
  [22319] MISMATCH w3:106 out[0] max|delta|=4.000e+00 (rtol=0.0 atol=0.0)
  [22325] CRASH    w3:110 executor process died (native abort)
  [22326] CRASH    w3:114 executor process died (native abort)
  [22327] CRASH    w3:10 executor process died (native abort)
  [22328] CRASH    w3:116 executor process died (native abort)
  [22346] CRASH    w3:127 executor process died (native abort)
  [22352] CRASH    w3:150 executor process died (native abort)
  [22353] CRASH    w3:16 executor process died (native abort)
  [22354] CRASH    w3:164 executor process died (native abort)
  [22371] CRASH    w3:184 executor process died (native abort)
  [22376] CRASH    w3:166 executor process died (native abort)
  [22381] CRASH    w3:190 executor process died (native abort)
  [22382] MISMATCH w3:208 out[0] max|delta|=9.223e+18 (rtol=0.0 atol=0.0)
  [22386] CRASH    w3:215 executor process died (native abort)
  [t= 843s] 22387/55756 (26.6/s)  ok=19006 mism=806 crash=1834 timeout=0 skip=741  |  inflight=15
  [22407] MISMATCH w3:24 out[0] non-finite mismatch (nan/inf positions differ)
  [22434] MISMATCH w3:274 out[0] max|delta|=1.646e+00 (rtol=0.01 atol=0.001)
  [22440] MISMATCH w3:287 out[0] max|delta|=9.223e+18 (rtol=0.01 atol=0.001)
  [22455] CRASH    w3:303 executor process died (native abort)
  [22456] CRASH    w3:306 executor process died (native abort)
  [22457] CRASH    w3:313 executor process died (native abort)
  [22458] CRASH    w3:312 executor process died (native abort)
  [22465] CRASH    w3:325 executor process died (native abort)
  [22466] CRASH    w3:317 executor process died (native abort)
  [22467] CRASH    w3:33 executor process died (native abort)
  [22469] CRASH    w3:322 executor process died (native abort)
  [22471] CRASH    w3:339 executor process died (native abort)
  [22512] MISMATCH w3:400 out[0] non-finite mismatch (nan/inf positions differ)
  [22524] MISMATCH w3:429 out[0] max|delta|=2.000e+00 (rtol=0.0 atol=0.0)
  [22530] MISMATCH w3:436 out[0] max|delta|=1.441e+17 (rtol=0.0 atol=0.0)
  [22534] MISMATCH w3:444 out[0] max|delta|=4.295e+09 (rtol=0.0 atol=0.0)
  [22549] MISMATCH w3:46 out[0] max|delta|=2.891e+00 (rtol=0.01 atol=0.001)
  [22560] MISMATCH w3:480 out[0] non-finite mismatch (nan/inf positions differ)
  [22578] CRASH    w3:503 executor process died (native abort)
  [22579] MISMATCH w3:512 out[0] max|delta|=1.153e+18 (rtol=0.01 atol=0.001)
  [22581] MISMATCH w3:515 out[0] max|delta|=6.918e+18 (rtol=0.01 atol=0.001)
  [22584] CRASH    w3:485 executor process died (native abort)
  [22588] CRASH    w3:505 executor process died (native abort)
  [22600] CRASH    w3:548 executor process died (native abort)
  [22606] CRASH    w3:550 executor process died (native abort)
  [22628] MISMATCH w3:59 out[0] non-finite mismatch (nan/inf positions differ)
  [22640] CRASH    w3:553 executor process died (native abort)
  [22643] CRASH    w3:607 executor process died (native abort)
  [22644] CRASH    w3:612 executor process died (native abort)
  [22659] CRASH    w3:640 executor process died (native abort)
  [22662] MISMATCH w3:657 out[0] max|delta|=5.000e+00 (rtol=0.0 atol=0.0)
  [22663] CRASH    w3:642 executor process died (native abort)
  [22668] MISMATCH w3:664 out[0] max|delta|=7.206e+16 (rtol=0.0 atol=0.0)
  [22696] MISMATCH w3:708 out[0] non-finite mismatch (nan/inf positions differ)
  [22718] MISMATCH w3:743 out[0] max|delta|=1.611e+09 (rtol=0.0 atol=0.0)
  [22731] MISMATCH w3:768 out[0] max|delta|=4.000e+00 (rtol=0.0 atol=0.0)
  [22740] CRASH    w3:771 executor process died (native abort)
  [22741] CRASH    w3:778 executor process died (native abort)
  [22742] CRASH    w3:87 executor process died (native abort)
  [22743] CRASH    w3:9 executor process died (native abort)
  [22744] CRASH    w3:92 executor process died (native abort)
  [22748] CRASH    w3:94 executor process died (native abort)
  [22752] CRASH    w3:97 executor process died (native abort)
  [22753] CRASH    w30:103 executor process died (native abort)
  [22767] CRASH    w30:10 executor process died (native abort)
  [22775] CRASH    w30:105 executor process died (native abort)
  [22776] CRASH    w30:139 executor process died (native abort)
  [22777] CRASH    w30:140 executor process died (native abort)
  [t= 858s] 22779/55756 (26.5/s)  ok=19335 mism=823 crash=1865 timeout=0 skip=756  |  inflight=15
  [22795] MISMATCH w30:161 out[0] non-finite mismatch (nan/inf positions differ)
  [22808] MISMATCH w30:197 out[0] max|delta|=1.153e+18 (rtol=0.0 atol=0.0)
  [22819] MISMATCH w30:21 out[0] non-finite mismatch (nan/inf positions differ)
  [22860] CRASH    w30:265 executor process died (native abort)
  [22863] MISMATCH w30:276 out[0] non-finite mismatch (nan/inf positions differ)
  [22872] CRASH    w30:279 executor process died (native abort)
  [22874] MISMATCH w30:301 out[0] max|delta|=4.000e+00 (rtol=0.0 atol=0.0)
  [22876] CRASH    w30:295 executor process died (native abort)
  [22878] CRASH    w30:304 executor process died (native abort)
  [22880] CRASH    w30:311 executor process died (native abort)
  [22887] MISMATCH w30:322 out[0] max|delta|=4.000e+00 (rtol=0.01 atol=0.001)
  [22894] CRASH    w30:328 executor process died (native abort)
  [22897] CRASH    w30:327 executor process died (native abort)
  [22902] CRASH    w30:333 executor process died (native abort)
  [22907] MISMATCH w30:35 out[0] max|delta|=4.293e+00 (rtol=0.01 atol=0.001)
  [22914] CRASH    w30:363 executor process died (native abort)
  [22917] MISMATCH w30:368 out[0] max|delta|=1.288e+10 (rtol=0.0 atol=0.0)
  [22947] MISMATCH w30:418 out[0] max|delta|=6.000e+00 (rtol=0.0 atol=0.0)
  [22960] MISMATCH w30:439 out[0] max|delta|=1.000e+00 (rtol=0.0 atol=0.0)
  [22987] MISMATCH w30:48 out[0] max|delta|=6.918e+18 (rtol=0.0 atol=0.0)
  [23000] CRASH    w30:49 executor process died (native abort)
  [23007] CRASH    w30:5 executor process died (native abort)
  [23013] CRASH    w30:523 executor process died (native abort)
  [23015] CRASH    w30:529 executor process died (native abort)
  [23020] CRASH    w30:530 executor process died (native abort)
  [23040] CRASH    w30:561 executor process died (native abort)
  [23044] CRASH    w30:567 executor process died (native abort)
  [23049] CRASH    w30:572 executor process died (native abort)
  [23050] CRASH    w30:591 executor process died (native abort)
  [23055] CRASH    w30:595 executor process died (native abort)
  [23062] CRASH    w30:6 executor process died (native abort)
  [23088] MISMATCH w30:653 out[0] max|delta|=9.223e+18 (rtol=0.0 atol=0.0)
  [23095] MISMATCH w30:667 out[0] max|delta|=1.000e+00 (rtol=0.0 atol=0.0)
  [23121] CRASH    w30:67 executor process died (native abort)
  [23127] CRASH    w30:702 executor process died (native abort)
  [23132] CRASH    w30:694 executor process died (native abort)
  [23133] MISMATCH w30:729 out[0] max|delta|=5.765e+17 (rtol=0.01 atol=0.001)
  [23137] MISMATCH w30:732 out[0] non-finite mismatch (nan/inf positions differ)
  [23151] CRASH    w30:74 executor process died (native abort)
  [23152] CRASH    w30:757 executor process died (native abort)
  [23153] CRASH    w30:758 executor process died (native abort)
  [23154] CRASH    w30:73 executor process died (native abort)
  [23156] CRASH    w30:766 executor process died (native abort)
  [23157] CRASH    w30:76 executor process died (native abort)
  [23158] CRASH    w30:760 executor process died (native abort)
  [23168] CRASH    w30:777 executor process died (native abort)
  [t= 873s] 23177/55756 (26.5/s)  ok=19673 mism=838 crash=1896 timeout=0 skip=770  |  inflight=15
  [23189] MISMATCH w31:111 out[0] non-finite mismatch (nan/inf positions differ)
  [23194] MISMATCH w31:120 out[0] max|delta|=4.000e+00 (rtol=0.0 atol=0.0)
  [23214] MISMATCH w31:146 out[0] max|delta|=6.918e+18 (rtol=0.01 atol=0.001)
  [23234] CRASH    w31:165 executor process died (native abort)
  [23242] CRASH    w31:171 executor process died (native abort)
  [23243] CRASH    w31:197 executor process died (native abort)
  [23244] CRASH    w31:198 executor process died (native abort)
  [23250] CRASH    w31:201 executor process died (native abort)
  [23275] MISMATCH w31:256 out[0] max|delta|=3.200e+01 (rtol=0.0 atol=0.0)
  [23283] CRASH    w31:243 executor process died (native abort)
  [23294] MISMATCH w31:295 out[0] max|delta|=9.223e+18 (rtol=0.0 atol=0.0)
  [23297] CRASH    w31:209 executor process died (native abort)
  [23318] MISMATCH w31:339 out[0] non-finite mismatch (nan/inf positions differ)
  [23324] CRASH    w31:342 executor process died (native abort)
  [23325] CRASH    w31:344 executor process died (native abort)
  [23326] CRASH    w31:347 executor process died (native abort)
  [23340] MISMATCH w31:371 out[0] max|delta|=6.918e+18 (rtol=0.0 atol=0.0)
  [23365] MISMATCH w31:407 out[0] non-finite mismatch (nan/inf positions differ)
  [23383] CRASH    w31:393 executor process died (native abort)
  [23402] CRASH    w31:45 executor process died (native abort)
  [23407] CRASH    w31:466 executor process died (native abort)
  [23417] CRASH    w31:487 executor process died (native abort)
  [23431] CRASH    w31:515 executor process died (native abort)
  [23433] CRASH    w31:517 executor process died (native abort)
  [23434] CRASH    w31:527 executor process died (native abort)
  [23435] CRASH    w31:499 executor process died (native abort)
  [23436] MISMATCH w31:523 out[0] max|delta|=4.323e+17 (rtol=0.0 atol=0.0)
  [23458] MISMATCH w31:567 out[0] non-finite mismatch (nan/inf positions differ)
  [23465] CRASH    w31:564 executor process died (native abort)
  [23469] CRASH    w31:570 executor process died (native abort)
  [23470] MISMATCH w31:589 out[0] max|delta|=1.000e+00 (rtol=0.0 atol=0.0)
  [23471] CRASH    w31:592 executor process died (native abort)
  [23478] MISMATCH w31:599 out[0] max|delta|=4.612e+18 (rtol=0.01 atol=0.001)
  [23516] MISMATCH w31:635 out[0] non-finite mismatch (nan/inf positions differ)
  [23554] CRASH    w31:694 executor process died (native abort)
  [23560] CRASH    w31:729 executor process died (native abort)
  [23561] CRASH    w31:74 executor process died (native abort)
  [23562] CRASH    w31:743 executor process died (native abort)
  [23565] CRASH    w31:733 executor process died (native abort)
  [23576] CRASH    w31:745 executor process died (native abort)
  [23592] CRASH    w31:780 executor process died (native abort)
  [23593] MISMATCH w31:88 out[0] max|delta|=4.000e+00 (rtol=0.0 atol=0.0)
  [23598] CRASH    w31:75 executor process died (native abort)
  [23601] CRASH    w31:97 executor process died (native abort)
  [23624] MISMATCH w32:141 out[0] max|delta|=4.612e+18 (rtol=0.0 atol=0.0)
  [t= 888s] 23632/55756 (26.6/s)  ok=20072 mism=853 crash=1926 timeout=0 skip=781  |  inflight=15
  [23653] MISMATCH w32:185 out[0] non-finite mismatch (nan/inf positions differ)
  [23659] CRASH    w32:188 executor process died (native abort)
  [23660] CRASH    w32:190 executor process died (native abort)
  [23665] CRASH    w32:193 executor process died (native abort)
  [23672] MISMATCH w32:217 out[0] non-finite mismatch (nan/inf positions differ)
  [23676] MISMATCH w32:220 out[0] non-finite mismatch (nan/inf positions differ)
  [23694] CRASH    w32:239 executor process died (native abort)
  [23695] CRASH    w32:248 executor process died (native abort)
  [23696] CRASH    w32:25 executor process died (native abort)
  [23697] CRASH    w32:258 executor process died (native abort)
  [23704] CRASH    w32:265 executor process died (native abort)
  [23710] CRASH    w32:272 executor process died (native abort)
  [23713] CRASH    w32:275 executor process died (native abort)
  [23714] CRASH    w32:283 executor process died (native abort)
  [23719] CRASH    w32:288 executor process died (native abort)
  [23814] MISMATCH w32:435 out[0] max|delta|=3.432e+00 (rtol=0.01 atol=0.001)
  [23819] CRASH    w32:436 executor process died (native abort)
  [23824] CRASH    w32:398 executor process died (native abort)
  [23826] MISMATCH w32:45 out[0] max|delta|=3.999e-01 (rtol=0.01 atol=0.001)
  [23828] CRASH    w32:438 executor process died (native abort)
  [23830] MISMATCH w32:454 out[0] max|delta|=4.295e+09 (rtol=0.0 atol=0.0)
  [23841] MISMATCH w32:473 out[0] max|delta|=4.000e+00 (rtol=0.0 atol=0.0)
  [23846] CRASH    w32:468 executor process died (native abort)
  [23854] CRASH    w32:449 executor process died (native abort)
  [23855] MISMATCH w32:494 out[0] max|delta|=4.000e+00 (rtol=0.01 atol=0.001)
  [23860] CRASH    w32:49 executor process died (native abort)
  [23862] CRASH    w32:505 executor process died (native abort)
  [23863] CRASH    w32:486 executor process died (native abort)
  [23884] MISMATCH w32:539 out[0] non-finite mismatch (nan/inf positions differ)
  [23888] CRASH    w32:545 executor process died (native abort)
  [23947] CRASH    w32:644 executor process died (native abort)
  [23948] CRASH    w32:634 executor process died (native abort)
  [23949] CRASH    w32:649 executor process died (native abort)
  [23950] CRASH    w32:646 executor process died (native abort)
  [23963] MISMATCH w32:673 out[0] max|delta|=2.013e+08 (rtol=0.0 atol=0.0)
  [23967] MISMATCH w32:676 out[0] max|delta|=9.223e+18 (rtol=0.0 atol=0.0)
  [23981] CRASH    w32:677 executor process died (native abort)
  [23982] CRASH    w32:695 executor process died (native abort)
  [23983] CRASH    w32:702 executor process died (native abort)
  [23984] CRASH    w32:704 executor process died (native abort)
  [23989] CRASH    w32:711 executor process died (native abort)
  [23997] CRASH    w32:721 executor process died (native abort)
  [23998] CRASH    w32:710 executor process died (native abort)
  [24000] CRASH    w32:728 executor process died (native abort)
  [t= 903s] 24008/55756 (26.6/s)  ok=20389 mism=864 crash=1959 timeout=0 skip=796  |  inflight=15
  [24060] MISMATCH w33:117 out[0] max|delta|=2.550e+02 (rtol=0.0 atol=0.0)
  [24074] CRASH    w33:132 executor process died (native abort)
  [24075] CRASH    w33:130 executor process died (native abort)
  [24076] CRASH    w33:139 executor process died (native abort)
  [24077] CRASH    w33:140 executor process died (native abort)
  [24082] CRASH    w33:152 executor process died (native abort)
  [24088] CRASH    w33:156 executor process died (native abort)
  [24092] MISMATCH w33:169 out[0] max|delta|=8.000e+00 (rtol=0.0 atol=0.0)
  [24103] MISMATCH w33:182 out[0] non-finite mismatch (nan/inf positions differ)
  [24114] CRASH    w33:183 executor process died (native abort)
  [24136] CRASH    w33:233 executor process died (native abort)
  [24137] CRASH    w33:239 executor process died (native abort)
  [24138] CRASH    w33:237 executor process died (native abort)
  [24140] CRASH    w33:201 executor process died (native abort)
  [24158] MISMATCH w33:273 out[0] non-finite mismatch (nan/inf positions differ)
  [24222] CRASH    w33:383 executor process died (native abort)
  [24227] CRASH    w33:384 executor process died (native abort)
  [24232] CRASH    w33:380 executor process died (native abort)
  [24238] CRASH    w33:41 executor process died (native abort)
  [24253] CRASH    w33:429 executor process died (native abort)
  [24256] CRASH    w33:435 executor process died (native abort)
  [24261] CRASH    w33:438 executor process died (native abort)
  [24266] MISMATCH w33:46 out[0] max|delta|=8.590e+09 (rtol=0.0 atol=0.0)
  [24269] CRASH    w33:461 executor process died (native abort)
  [24270] CRASH    w33:462 executor process died (native abort)
  [24276] CRASH    w33:445 executor process died (native abort)
  [24324] MISMATCH w33:559 out[0] max|delta|=2.882e+17 (rtol=0.0 atol=0.0)
  [24341] CRASH    w33:551 executor process died (native abort)
  [24343] MISMATCH w33:596 out[0] max|delta|=4.000e+00 (rtol=0.0 atol=0.0)
  [24346] CRASH    w33:577 executor process died (native abort)
  [24347] CRASH    w33:588 executor process died (native abort)
  [24348] CRASH    w33:6 executor process died (native abort)
  [24359] CRASH    w33:608 executor process died (native abort)
  [24371] MISMATCH w33:638 out[0] non-finite mismatch (nan/inf positions differ)
  [24375] CRASH    w33:626 executor process died (native abort)
  [24389] CRASH    w33:663 executor process died (native abort)
  [24390] CRASH    w33:666 executor process died (native abort)
  [24395] CRASH    w33:67 executor process died (native abort)
  [24405] CRASH    w33:693 executor process died (native abort)
  [24410] CRASH    w33:695 executor process died (native abort)
  [t= 918s] 24421/55756 (26.6/s)  ok=20750 mism=872 crash=1991 timeout=0 skip=808  |  inflight=15
  [24451] MISMATCH w33:751 out[0] non-finite mismatch (nan/inf positions differ)
  [24489] CRASH    w34:122 executor process died (native abort)
  [24492] CRASH    w34:125 executor process died (native abort)
  [24493] CRASH    w34:135 executor process died (native abort)
  [24494] CRASH    w34:142 executor process died (native abort)
  [24500] CRASH    w34:148 executor process died (native abort)
  [24519] CRASH    w34:160 executor process died (native abort)
  [24527] CRASH    w34:180 executor process died (native abort)
  [24531] CRASH    w34:154 executor process died (native abort)
  [24533] CRASH    w34:204 executor process died (native abort)
  [24543] CRASH    w34:22 executor process died (native abort)
  [24545] CRASH    w34:222 executor process died (native abort)
  [24552] MISMATCH w34:24 out[0] max|delta|=2.560e+02 (rtol=0.0 atol=0.0)
  [24564] MISMATCH w34:253 out[0] max|delta|=4.000e+00 (rtol=0.0 atol=0.0)
  [24590] MISMATCH w34:290 out[0] non-finite mismatch (nan/inf positions differ)
  [24596] MISMATCH w34:298 out[0] non-finite mismatch (nan/inf positions differ)
  [24610] MISMATCH w34:312 out[0] max|delta|=1.646e+00 (rtol=0.01 atol=0.001)
  [24616] MISMATCH w34:325 out[0] non-finite mismatch (nan/inf positions differ)
  [24624] CRASH    w34:326 executor process died (native abort)
  [24629] CRASH    w34:328 executor process died (native abort)
  [24631] CRASH    w34:344 executor process died (native abort)
  [24632] CRASH    w34:350 executor process died (native abort)
  [24636] CRASH    w34:355 executor process died (native abort)
  [24638] CRASH    w34:360 executor process died (native abort)
  [24639] CRASH    w34:363 executor process died (native abort)
  [24640] CRASH    w34:353 executor process died (native abort)
  [24650] CRASH    w34:370 executor process died (native abort)
  [24660] CRASH    w34:382 executor process died (native abort)
  [24694] MISMATCH w34:438 out[0] non-finite mismatch (nan/inf positions differ)
  [24739] MISMATCH w34:526 out[0] non-finite mismatch (nan/inf positions differ)
  [24746] MISMATCH w34:540 out[0] max|delta|=1.000e+00 (rtol=0.0 atol=0.0)
  [24751] MISMATCH w34:550 out[0] max|delta|=2.882e+17 (rtol=0.01 atol=0.001)
  [24754] MISMATCH w34:553 out[0] non-finite mismatch (nan/inf positions differ)
  [24765] CRASH    w34:55 executor process died (native abort)
  [24774] CRASH    w34:581 executor process died (native abort)
  [24775] CRASH    w34:59 executor process died (native abort)
  [24777] CRASH    w34:591 executor process died (native abort)
  [24787] CRASH    w34:604 executor process died (native abort)
  [24788] MISMATCH w34:61 out[0] max|delta|=3.000e+00 (rtol=0.0 atol=0.0)
  [24806] CRASH    w34:616 executor process died (native abort)
  [24815] CRASH    w34:649 executor process died (native abort)
  [24816] CRASH    w34:610 executor process died (native abort)
  [24818] CRASH    w34:660 executor process died (native abort)
  [24825] CRASH    w34:67 executor process died (native abort)
  [t= 933s] 24841/55756 (26.6/s)  ok=21113 mism=885 crash=2022 timeout=0 skip=821  |  inflight=15
  [24845] MISMATCH w34:70 out[0] non-finite mismatch (nan/inf positions differ)
  [24879] MISMATCH w34:755 out[0] max|delta|=4.295e+09 (rtol=0.0 atol=0.0)
  [24880] MISMATCH w34:754 out[0] non-finite mismatch (nan/inf positions differ)
  [24893] MISMATCH w34:778 out[0] max|delta|=1.611e+09 (rtol=0.0 atol=0.0)
  [24897] MISMATCH w34:781 out[0] non-finite mismatch (nan/inf positions differ)
  [24912] CRASH    w34:84 executor process died (native abort)
  [24918] CRASH    w34:98 executor process died (native abort)
  [24923] CRASH    w35:103 executor process died (native abort)
  [24933] CRASH    w35:125 executor process died (native abort)
  [24936] CRASH    w35:126 executor process died (native abort)
  [24937] CRASH    w35:132 executor process died (native abort)
  [24938] CRASH    w35:133 executor process died (native abort)
  [24954] CRASH    w35:149 executor process died (native abort)
  [24961] CRASH    w35:162 executor process died (native abort)
  [24962] MISMATCH w35:172 out[0] max|delta|=5.765e+17 (rtol=0.01 atol=0.001)
  [24966] CRASH    w35:163 executor process died (native abort)
  [24977] CRASH    w35:194 executor process died (native abort)
  [24999] MISMATCH w35:222 out[0] max|delta|=4.000e+00 (rtol=0.0 atol=0.0)
  [25055] MISMATCH w35:324 out[0] max|delta|=9.223e+18 (rtol=0.0 atol=0.0)
  [25064] MISMATCH w35:338 out[0] max|delta|=1.000e+00 (rtol=0.0 atol=0.0)
  [25065] CRASH    w35:328 executor process died (native abort)
  [25066] CRASH    w35:332 executor process died (native abort)
  [25067] CRASH    w35:331 executor process died (native abort)
  [25068] CRASH    w35:34 executor process died (native abort)
  [25086] CRASH    w35:360 executor process died (native abort)
  [25092] CRASH    w35:377 executor process died (native abort)
  [25094] CRASH    w35:38 executor process died (native abort)
  [25095] CRASH    w35:39 executor process died (native abort)
  [25102] MISMATCH w35:400 out[0] max|delta|=3.459e+18 (rtol=0.0 atol=0.0)
  [25105] MISMATCH w35:403 out[0] max|delta|=1.611e+09 (rtol=0.0 atol=0.0)
  [25107] CRASH    w35:4 executor process died (native abort)
  [25108] CRASH    w35:390 executor process died (native abort)
  [25109] CRASH    w35:406 executor process died (native abort)
  [25121] CRASH    w35:422 executor process died (native abort)
  [25126] MISMATCH w35:436 out[0] non-finite mismatch (nan/inf positions differ)
  [25129] MISMATCH w35:44 out[0] non-finite mismatch (nan/inf positions differ)
  [25191] CRASH    w35:530 executor process died (native abort)
  [25196] CRASH    w35:508 executor process died (native abort)
  [25200] MISMATCH w35:559 out[0] max|delta|=4.000e+00 (rtol=0.0 atol=0.0)
  [25201] CRASH    w35:534 executor process died (native abort)
  [25208] CRASH    w35:567 executor process died (native abort)
  [25227] CRASH    w35:589 executor process died (native abort)
  [25228] CRASH    w35:593 executor process died (native abort)
  [25229] CRASH    w35:601 executor process died (native abort)
  [25230] CRASH    w35:570 executor process died (native abort)
  [25242] MISMATCH w35:628 out[0] max|delta|=4.612e+18 (rtol=0.0 atol=0.0)
  [t= 948s] 25260/55756 (26.6/s)  ok=21473 mism=900 crash=2053 timeout=0 skip=834  |  inflight=15
  [25268] CRASH    w35:650 executor process died (native abort)
  [25275] MISMATCH w35:677 out[0] max|delta|=4.000e+00 (rtol=0.0 atol=0.0)
  [25283] MISMATCH w35:686 out[0] non-finite mismatch (nan/inf positions differ)
  [25302] MISMATCH w35:722 out[0] non-finite mismatch (nan/inf positions differ)
  [25305] MISMATCH w35:728 out[0] non-finite mismatch (nan/inf positions differ)
  [25342] MISMATCH w35:96 out[0] max|delta|=1.153e+18 (rtol=0.0 atol=0.0)
  [25343] CRASH    w35:756 executor process died (native abort)
  [25351] MISMATCH w36:112 out[0] max|delta|=6.000e+00 (rtol=0.0 atol=0.0)
  [25354] CRASH    w35:90 executor process died (native abort)
  [25359] CRASH    w36:120 executor process died (native abort)
  [25361] CRASH    w36:126 executor process died (native abort)
  [25367] CRASH    w36:131 executor process died (native abort)
  [25368] CRASH    w36:137 executor process died (native abort)
  [25371] CRASH    w36:127 executor process died (native abort)
  [25375] CRASH    w36:143 executor process died (native abort)
  [25381] MISMATCH w36:156 out[0] max|delta|=4.295e+09 (rtol=0.0 atol=0.0)
  [25382] CRASH    w36:157 executor process died (native abort)
  [25384] CRASH    w36:159 executor process died (native abort)
  [25390] MISMATCH w36:166 out[0] max|delta|=7.206e+16 (rtol=0.01 atol=0.001)
  [25411] MISMATCH w36:194 out[0] max|delta|=4.000e+00 (rtol=0.0 atol=0.0)
  [25419] CRASH    w36:188 executor process died (native abort)
  [25422] MISMATCH w36:215 out[0] max|delta|=4.000e+00 (rtol=0.0 atol=0.0)
  [25431] CRASH    w36:224 executor process died (native abort)
  [25432] CRASH    w36:226 executor process died (native abort)
  [25434] CRASH    w36:232 executor process died (native abort)
  [25438] CRASH    w36:24 executor process died (native abort)
  [25461] CRASH    w36:266 executor process died (native abort)
  [25469] CRASH    w36:282 executor process died (native abort)
  [25470] CRASH    w36:296 executor process died (native abort)
  [25471] CRASH    w36:294 executor process died (native abort)
  [25482] MISMATCH w36:318 out[0] max|delta|=4.323e+17 (rtol=0.0 atol=0.0)
  [25491] MISMATCH w36:332 out[0] max|delta|=1.000e+00 (rtol=0.0 atol=0.0)
  [25495] CRASH    w36:322 executor process died (native abort)
  [25501] MISMATCH w36:345 out[0] max|delta|=1.288e+10 (rtol=0.0 atol=0.0)
  [25504] CRASH    w36:33 executor process died (native abort)
  [25510] CRASH    w36:365 executor process died (native abort)
  [25513] CRASH    w36:367 executor process died (native abort)
  [25529] MISMATCH w36:397 out[0] max|delta|=6.918e+18 (rtol=0.01 atol=0.001)
  [25540] MISMATCH w36:384 out[0] max|delta|=1.442e+00 (rtol=0.01 atol=0.001)
  [25558] MISMATCH w36:443 out[0] max|delta|=3.000e+00 (rtol=0.01 atol=0.001)
  [25560] CRASH    w36:416 executor process died (native abort)
  [25580] MISMATCH w36:489 out[0] max|delta|=2.577e+10 (rtol=0.0 atol=0.0)
  [25586] CRASH    w36:484 executor process died (native abort)
  [25597] CRASH    w36:454 executor process died (native abort)
  [25602] CRASH    w36:510 executor process died (native abort)
  [25614] MISMATCH w36:546 out[0] max|delta|=2.306e+18 (rtol=0.0 atol=0.0)
  [25616] CRASH    w36:54 executor process died (native abort)
  [25622] CRASH    w36:528 executor process died (native abort)
  [25631] CRASH    w36:56 executor process died (native abort)
  [25637] CRASH    w36:576 executor process died (native abort)
  [25638] CRASH    w36:583 executor process died (native abort)
  [25642] MISMATCH w36:560 out[0] max|delta|=1.000e+00 (rtol=0.0 atol=0.0)
  [25648] CRASH    w36:595 executor process died (native abort)
  [25656] CRASH    w36:598 executor process died (native abort)
  [25663] MISMATCH w36:622 out[0] non-finite mismatch (nan/inf positions differ)
  [t= 963s] 25663/55756 (26.6/s)  ok=21808 mism=920 crash=2088 timeout=0 skip=847  |  inflight=15
  [25671] MISMATCH w36:631 out[0] max|delta|=1.000e+00 (rtol=0.0 atol=0.0)
  [25720] CRASH    w36:693 executor process died (native abort)
  [25722] CRASH    w36:708 executor process died (native abort)
  [25723] CRASH    w36:712 executor process died (native abort)
  [25724] CRASH    w36:72 executor process died (native abort)
  [25728] CRASH    w36:730 executor process died (native abort)
  [25731] CRASH    w36:721 executor process died (native abort)
  [25736] CRASH    w36:724 executor process died (native abort)
  [25747] CRASH    w36:750 executor process died (native abort)
  [25748] CRASH    w36:766 executor process died (native abort)
  [25755] MISMATCH w36:774 out[0] max|delta|=5.765e+17 (rtol=0.0 atol=0.0)
  [25766] MISMATCH w36:90 out[0] max|delta|=2.684e+08 (rtol=0.0 atol=0.0)
  [25767] CRASH    w36:781 executor process died (native abort)
  [25769] CRASH    w36:82 executor process died (native abort)
  [25770] MISMATCH w36:97 out[0] max|delta|=4.000e+00 (rtol=0.0 atol=0.0)
  [25796] MISMATCH w37:136 out[0] non-finite mismatch (nan/inf positions differ)
  [25804] MISMATCH w36:98 out[0] max|delta|=4.000e+00 (rtol=0.0 atol=0.0)
  [25806] MISMATCH w37:144 out[0] non-finite mismatch (nan/inf positions differ)
  [25822] MISMATCH w37:171 out[0] max|delta|=6.918e+18 (rtol=0.0 atol=0.0)
  [25830] CRASH    w37:158 executor process died (native abort)
  [25848] CRASH    w37:204 executor process died (native abort)
  [25868] CRASH    w37:239 executor process died (native abort)
  [25869] CRASH    w37:254 executor process died (native abort)
  [25870] CRASH    w37:258 executor process died (native abort)
  [25871] CRASH    w37:228 executor process died (native abort)
  [25896] CRASH    w37:263 executor process died (native abort)
  [25901] CRASH    w37:298 executor process died (native abort)
  [25906] CRASH    w37:327 executor process died (native abort)
  [25907] CRASH    w37:328 executor process died (native abort)
  [25911] MISMATCH w37:334 out[0] max|delta|=1.000e+00 (rtol=0.0 atol=0.0)
  [25916] MISMATCH w37:342 out[0] max|delta|=8.000e+00 (rtol=0.0 atol=0.0)
  [25927] MISMATCH w37:35 out[0] max|delta|=1.288e+10 (rtol=0.0 atol=0.0)
  [25929] MISMATCH w37:364 out[0] non-finite mismatch (nan/inf positions differ)
  [25939] MISMATCH w37:373 out[0] max|delta|=4.000e+00 (rtol=0.0 atol=0.0)
  [25941] MISMATCH w37:372 out[0] non-finite mismatch (nan/inf positions differ)
  [25951] MISMATCH w37:386 out[0] max|delta|=3.514e+00 (rtol=0.01 atol=0.001)
  [25957] MISMATCH w37:399 out[0] max|delta|=6.918e+18 (rtol=0.01 atol=0.001)
  [25980] CRASH    w37:418 executor process died (native abort)
  [25993] CRASH    w37:444 executor process died (native abort)
  [25994] CRASH    w37:450 executor process died (native abort)
  [25996] CRASH    w37:456 executor process died (native abort)
  [26015] CRASH    w37:48 executor process died (native abort)
  [26020] CRASH    w37:482 executor process died (native abort)
  [26021] CRASH    w37:491 executor process died (native abort)
  [26022] CRASH    w37:50 executor process died (native abort)
  [26023] MISMATCH w37:495 out[0] max|delta|=4.000e+00 (rtol=0.0 atol=0.0)
  [26049] MISMATCH w37:548 out[0] max|delta|=5.765e+17 (rtol=0.0 atol=0.0)
  [26051] CRASH    w37:530 executor process died (native abort)
  [26055] CRASH    w37:542 executor process died (native abort)
  [26058] CRASH    w37:552 executor process died (native abort)
  [26059] CRASH    w37:563 executor process died (native abort)
  [t= 978s] 26072/55756 (26.7/s)  ok=22153 mism=938 crash=2121 timeout=0 skip=860  |  inflight=15
  [26086] MISMATCH w37:600 out[0] max|delta|=2.002e+00 (rtol=0.01 atol=0.001)
  [26104] MISMATCH w37:627 out[0] max|delta|=6.918e+18 (rtol=0.0 atol=0.0)
  [26132] CRASH    w37:646 executor process died (native abort)
  [26134] MISMATCH w37:673 out[0] max|delta|=4.000e+00 (rtol=0.0 atol=0.0)
  [26140] CRASH    w37:679 executor process died (native abort)
  [26142] CRASH    w37:682 executor process died (native abort)
  [26143] CRASH    w37:690 executor process died (native abort)
  [26144] CRASH    w37:678 executor process died (native abort)
  [26149] CRASH    w37:695 executor process died (native abort)
  [26166] CRASH    w37:724 executor process died (native abort)
  [26169] CRASH    w37:732 executor process died (native abort)
  [26171] CRASH    w37:70 executor process died (native abort)
  [26173] CRASH    w37:74 executor process died (native abort)
  [26184] CRASH    w37:752 executor process died (native abort)
  [26187] CRASH    w37:758 executor process died (native abort)
  [26199] MISMATCH w37:740 out[0] non-finite mismatch (nan/inf positions differ)
  [26206] MISMATCH w37:92 out[0] max|delta|=7.206e+16 (rtol=0.0 atol=0.0)
  [26249] MISMATCH w38:151 out[0] max|delta|=1.441e+17 (rtol=0.01 atol=0.001)
  [26252] MISMATCH w38:154 out[0] max|delta|=9.223e+18 (rtol=0.01 atol=0.001)
  [26268] CRASH    w38:18 executor process died (native abort)
  [26269] CRASH    w38:180 executor process died (native abort)
  [26270] CRASH    w38:182 executor process died (native abort)
  [26271] CRASH    w38:189 executor process died (native abort)
  [26278] MISMATCH w38:200 out[0] max|delta|=4.000e+00 (rtol=0.0 atol=0.0)
  [26279] CRASH    w38:199 executor process died (native abort)
  [26288] CRASH    w38:192 executor process died (native abort)
  [26300] CRASH    w38:237 executor process died (native abort)
  [26302] CRASH    w38:241 executor process died (native abort)
  [26303] CRASH    w38:245 executor process died (native abort)
  [26335] MISMATCH w38:296 out[0] max|delta|=7.000e+00 (rtol=0.0 atol=0.0)
  [26389] MISMATCH w38:382 out[0] non-finite mismatch (nan/inf positions differ)
  [26408] CRASH    w38:401 executor process died (native abort)
  [26414] CRASH    w38:420 executor process died (native abort)
  [26415] CRASH    w38:427 executor process died (native abort)
  [26416] CRASH    w38:433 executor process died (native abort)
  [26431] CRASH    w38:445 executor process died (native abort)
  [26444] CRASH    w38:473 executor process died (native abort)
  [26445] CRASH    w38:474 executor process died (native abort)
  [26448] CRASH    w38:487 executor process died (native abort)
  [26465] CRASH    w38:507 executor process died (native abort)
  [26473] CRASH    w38:51 executor process died (native abort)
  [26478] MISMATCH w38:545 out[0] max|delta|=1.000e+00 (rtol=0.0 atol=0.0)
  [t= 993s] 26493/55756 (26.7/s)  ok=22518 mism=949 crash=2152 timeout=0 skip=874  |  inflight=15
  [26497] MISMATCH w38:575 out[0] non-finite mismatch (nan/inf positions differ)
  [26543] CRASH    w38:629 executor process died (native abort)
  [26548] CRASH    w38:635 executor process died (native abort)
  [26553] CRASH    w38:636 executor process died (native abort)
  [26571] MISMATCH w38:663 out[0] non-finite mismatch (nan/inf positions differ)
  [26603] MISMATCH w38:759 out[0] max|delta|=1.441e+17 (rtol=0.0 atol=0.0)
  [26606] CRASH    w38:735 executor process died (native abort)
  [26608] MISMATCH w38:766 out[0] max|delta|=4.000e+00 (rtol=0.0 atol=0.0)
  [26615] CRASH    w38:737 executor process died (native abort)
  [26630] MISMATCH w39:103 out[0] max|delta|=8.000e+00 (rtol=0.01 atol=0.001)
  [26648] CRASH    w39:118 executor process died (native abort)
  [26649] CRASH    w39:128 executor process died (native abort)
  [26650] CRASH    w39:130 executor process died (native abort)
  [26651] CRASH    w39:133 executor process died (native abort)
  [26663] MISMATCH w39:157 out[0] max|delta|=9.223e+18 (rtol=0.01 atol=0.001)
  [26742] CRASH    w39:267 executor process died (native abort)
  [26748] CRASH    w39:285 executor process died (native abort)
  [26753] CRASH    w39:29 executor process died (native abort)
  [26756] CRASH    w39:313 executor process died (native abort)
  [26762] CRASH    w39:317 executor process died (native abort)
  [26777] MISMATCH w39:341 out[0] max|delta|=1.172e-02 (rtol=0.01 atol=0.001)
  [26782] MISMATCH w39:353 out[0] non-finite mismatch (nan/inf positions differ)
  [26785] CRASH    w39:339 executor process died (native abort)
  [26803] MISMATCH w39:388 out[0] max|delta|=6.918e+18 (rtol=0.01 atol=0.001)
  [26805] CRASH    w39:376 executor process died (native abort)
  [26810] CRASH    w39:39 executor process died (native abort)
  [26821] CRASH    w39:416 executor process died (native abort)
  [26823] CRASH    w39:423 executor process died (native abort)
  [26839] MISMATCH w39:443 out[0] max|delta|=2.000e+00 (rtol=0.01 atol=0.001)
  [26853] MISMATCH w39:45 out[0] non-finite mismatch (nan/inf positions differ)
  [26916] CRASH    w39:567 executor process died (native abort)
  [26917] CRASH    w39:57 executor process died (native abort)
  [26918] CRASH    w39:571 executor process died (native abort)
  [26919] CRASH    w39:573 executor process died (native abort)
  [26925] CRASH    w39:584 executor process died (native abort)
  [26927] CRASH    w39:586 executor process died (native abort)
  [26928] CRASH    w39:578 executor process died (native abort)
  [26929] CRASH    w39:59 executor process died (native abort)
  [26943] MISMATCH w39:613 out[0] max|delta|=4.612e+18 (rtol=0.0 atol=0.0)
  [26946] CRASH    w39:606 executor process died (native abort)
  [26948] MISMATCH w39:616 out[0] max|delta|=6.918e+18 (rtol=0.01 atol=0.001)
  [26964] CRASH    w39:641 executor process died (native abort)
  [t=1008s] 26969/55756 (26.7/s)  ok=22938 mism=962 crash=2181 timeout=0 skip=888  |  inflight=15
  [26970] CRASH    w39:635 executor process died (native abort)
  [26984] MISMATCH w39:671 out[0] non-finite mismatch (nan/inf positions differ)
  [27034] MISMATCH w39:758 out[0] max|delta|=3.000e+00 (rtol=0.0 atol=0.0)
  [27051] MISMATCH w39:81 out[0] max|delta|=1.729e+18 (rtol=0.0 atol=0.0)
  [27055] CRASH    w39:772 executor process died (native abort)
  [27059] CRASH    w39:773 executor process died (native abort)
  [27061] CRASH    w39:89 executor process died (native abort)
  [27062] CRASH    w4:0 executor process died (native abort)
  [27073] CRASH    w4:109 executor process died (native abort)
  [27076] CRASH    w4:111 executor process died (native abort)
  [27077] CRASH    w4:115 executor process died (native abort)
  [27078] CRASH    w4:12 executor process died (native abort)
  [27118] MISMATCH w4:17 out[0] non-finite mismatch (nan/inf positions differ)
  [27119] MISMATCH w4:185 out[0] max|delta|=2.000e+00 (rtol=0.01 atol=0.001)
  [27136] MISMATCH w4:212 out[0] max|delta|=9.223e+18 (rtol=0.0 atol=0.0)
  [27172] CRASH    w4:263 executor process died (native abort)
  [27175] CRASH    w4:264 executor process died (native abort)
  [27180] CRASH    w4:275 executor process died (native abort)
  [27195] CRASH    w4:309 executor process died (native abort)
  [27203] CRASH    w4:311 executor process died (native abort)
  [27208] CRASH    w4:327 executor process died (native abort)
  [27209] CRASH    w4:337 executor process died (native abort)
  [27217] CRASH    w4:343 executor process died (native abort)
  [27220] MISMATCH w4:361 out[0] max|delta|=4.323e+17 (rtol=0.0 atol=0.0)
  [27226] CRASH    w4:36 executor process died (native abort)
  [27232] CRASH    w4:369 executor process died (native abort)
  [27235] CRASH    w4:379 executor process died (native abort)
  [27237] CRASH    w4:382 executor process died (native abort)
  [27250] MISMATCH w4:404 out[0] max|delta|=2.550e+02 (rtol=0.0 atol=0.0)
  [27265] MISMATCH w4:427 out[0] max|delta|=3.593e+00 (rtol=0.01 atol=0.001)
  [27270] MISMATCH w4:437 out[0] max|delta|=9.223e+18 (rtol=0.0 atol=0.0)
  [27301] CRASH    w4:459 executor process died (native abort)
  [27317] CRASH    w4:497 executor process died (native abort)
  [27325] CRASH    w4:508 executor process died (native abort)
  [27331] CRASH    w4:52 executor process died (native abort)
  [27334] CRASH    w4:531 executor process died (native abort)
  [27336] CRASH    w4:536 executor process died (native abort)
  [27349] CRASH    w4:532 executor process died (native abort)
  [27379] CRASH    w4:597 executor process died (native abort)
  [27386] CRASH    w4:618 executor process died (native abort)
  [27398] CRASH    w4:641 executor process died (native abort)
  [27413] MISMATCH w4:674 out[0] max|delta|=1.000e+00 (rtol=0.0 atol=0.0)
  [t=1023s] 27420/55756 (26.8/s)  ok=23335 mism=973 crash=2212 timeout=0 skip=900  |  inflight=15
  [27422] MISMATCH w4:693 out[0] max|delta|=4.000e+00 (rtol=0.0 atol=0.0)
  [27431] MISMATCH w4:655 out[0] max|delta|=3.615e+00 (rtol=0.01 atol=0.001)
  [27463] MISMATCH w4:75 out[0] non-finite mismatch (nan/inf positions differ)
  [27495] CRASH    w4:91 executor process died (native abort)
  [27500] CRASH    w4:97 executor process died (native abort)
  [27501] CRASH    w40:108 executor process died (native abort)
  [27502] CRASH    w40:12 executor process died (native abort)
  [27503] CRASH    w40:11 executor process died (native abort)
  [27506] CRASH    w40:121 executor process died (native abort)
  [27510] MISMATCH w40:130 out[0] max|delta|=4.000e+00 (rtol=0.0 atol=0.0)
  [27514] CRASH    w40:135 executor process died (native abort)
  [27515] CRASH    w40:138 executor process died (native abort)
  [27541] CRASH    w40:153 executor process died (native abort)
  [27547] CRASH    w40:175 executor process died (native abort)
  [27552] CRASH    w40:179 executor process died (native abort)
  [27591] MISMATCH w40:26 out[0] max|delta|=8.000e+00 (rtol=0.0 atol=0.0)
  [27609] MISMATCH w40:284 out[0] non-finite mismatch (nan/inf positions differ)
  [27624] MISMATCH w40:308 out[0] max|delta|=2.162e+17 (rtol=0.0 atol=0.0)
  [27627] MISMATCH w40:311 out[0] non-finite mismatch (nan/inf positions differ)
  [27644] CRASH    w40:337 executor process died (native abort)
  [27645] CRASH    w40:339 executor process died (native abort)
  [27646] CRASH    w40:345 executor process died (native abort)
  [27647] CRASH    w40:349 executor process died (native abort)
  [27659] CRASH    w40:356 executor process died (native abort)
  [27671] CRASH    w40:366 executor process died (native abort)
  [27678] MISMATCH w40:4 out[0] max|delta|=5.765e+17 (rtol=0.0 atol=0.0)
  [27680] MISMATCH w40:403 out[0] max|delta|=8.590e+09 (rtol=0.0 atol=0.0)
  [27682] CRASH    w40:40 executor process died (native abort)
  [27683] CRASH    w40:41 executor process died (native abort)
  [27686] CRASH    w40:368 executor process died (native abort)
  [27760] MISMATCH w40:536 out[0] non-finite mismatch (nan/inf positions differ)
  [27771] CRASH    w40:53 executor process died (native abort)
  [27773] CRASH    w40:540 executor process died (native abort)
  [27777] CRASH    w40:558 executor process died (native abort)
  [27778] CRASH    w40:564 executor process died (native abort)
  [27782] CRASH    w40:572 executor process died (native abort)
  [27783] CRASH    w40:56 executor process died (native abort)
  [27784] CRASH    w40:574 executor process died (native abort)
  [27785] CRASH    w40:567 executor process died (native abort)
  [27804] CRASH    w40:594 executor process died (native abort)
  [27812] CRASH    w40:577 executor process died (native abort)
  [t=1038s] 27840/55756 (26.8/s)  ok=23701 mism=984 crash=2242 timeout=0 skip=913  |  inflight=15
  [27844] MISMATCH w40:681 out[0] max|delta|=5.000e+00 (rtol=0.0 atol=0.0)
  [27854] CRASH    w40:666 executor process died (native abort)
  [27855] CRASH    w40:692 executor process died (native abort)
  [27856] CRASH    w40:695 executor process died (native abort)
  [27858] CRASH    w40:696 executor process died (native abort)
  [27861] CRASH    w40:626 executor process died (native abort)
  [27866] CRASH    w40:70 executor process died (native abort)
  [27869] CRASH    w40:718 executor process died (native abort)
  [27876] MISMATCH w40:732 out[0] non-finite mismatch (nan/inf positions differ)
  [27879] CRASH    w40:724 executor process died (native abort)
  [27881] CRASH    w40:737 executor process died (native abort)
  [27882] CRASH    w40:741 executor process died (native abort)
  [27892] CRASH    w40:757 executor process died (native abort)
  [27893] CRASH    w40:755 executor process died (native abort)
  [27901] MISMATCH w40:767 out[0] max|delta|=1.611e+09 (rtol=0.0 atol=0.0)
  [27912] MISMATCH w40:80 out[0] max|delta|=8.647e+17 (rtol=0.0 atol=0.0)
  [27915] MISMATCH w40:83 out[0] non-finite mismatch (nan/inf positions differ)
  [28003] CRASH    w41:213 executor process died (native abort)
  [28007] CRASH    w41:178 executor process died (native abort)
  [28008] CRASH    w41:232 executor process died (native abort)
  [28009] CRASH    w41:242 executor process died (native abort)
  [28013] CRASH    w41:236 executor process died (native abort)
  [28033] CRASH    w41:270 executor process died (native abort)
  [28034] CRASH    w41:272 executor process died (native abort)
  [28035] CRASH    w41:285 executor process died (native abort)
  [28059] MISMATCH w41:312 out[0] non-finite mismatch (nan/inf positions differ)
  [28090] MISMATCH w41:370 out[0] max|delta|=2.306e+18 (rtol=0.01 atol=0.001)
  [28093] MISMATCH w41:373 out[0] max|delta|=6.918e+18 (rtol=0.01 atol=0.001)
  [28136] MISMATCH w41:44 out[0] max|delta|=4.295e+09 (rtol=0.0 atol=0.0)
  [28139] CRASH    w41:436 executor process died (native abort)
  [28146] MISMATCH w41:465 out[0] max|delta|=1.718e+10 (rtol=0.0 atol=0.0)
  [28153] CRASH    w41:460 executor process died (native abort)
  [28156] CRASH    w41:478 executor process died (native abort)
  [28157] CRASH    w41:486 executor process died (native abort)
  [28170] CRASH    w41:498 executor process died (native abort)
  [28183] CRASH    w41:504 executor process died (native abort)
  [28212] CRASH    w41:558 executor process died (native abort)
  [28217] CRASH    w41:575 executor process died (native abort)
  [28218] CRASH    w41:58 executor process died (native abort)
  [28219] CRASH    w41:589 executor process died (native abort)
  [28228] MISMATCH w41:601 out[0] max|delta|=9.223e+18 (rtol=0.01 atol=0.001)
  [t=1053s] 28239/55756 (26.8/s)  ok=24046 mism=995 crash=2272 timeout=0 skip=926  |  inflight=15
  [28242] MISMATCH w41:626 out[0] max|delta|=4.000e+00 (rtol=0.0 atol=0.0)
  [28248] MISMATCH w41:634 out[0] non-finite mismatch (nan/inf positions differ)
  [28255] MISMATCH w41:647 out[0] max|delta|=4.000e+00 (rtol=0.0 atol=0.0)
  [28263] CRASH    w41:620 executor process died (native abort)
  [28265] MISMATCH w41:66 out[0] max|delta|=4.612e+18 (rtol=0.0 atol=0.0)
  [28283] MISMATCH w41:692 out[0] non-finite mismatch (nan/inf positions differ)
  [28297] CRASH    w41:706 executor process died (native abort)
  [28304] CRASH    w41:714 executor process died (native abort)
  [28311] CRASH    w41:728 executor process died (native abort)
  [28314] MISMATCH w41:750 out[0] max|delta|=2.882e+17 (rtol=0.0 atol=0.0)
  [28335] CRASH    w41:73 executor process died (native abort)
  [28340] CRASH    w41:780 executor process died (native abort)
  [28341] CRASH    w41:8 executor process died (native abort)
  [28342] CRASH    w41:9 executor process died (native abort)
  [28350] CRASH    w41:96 executor process died (native abort)
  [28363] CRASH    w42:109 executor process died (native abort)
  [28366] CRASH    w42:112 executor process died (native abort)
  [28369] MISMATCH w42:126 out[0] max|delta|=1.646e+00 (rtol=0.01 atol=0.001)
  [28377] MISMATCH w42:139 out[0] max|delta|=9.223e+18 (rtol=0.0 atol=0.0)
  [28395] CRASH    w42:172 executor process died (native abort)
  [28396] CRASH    w42:127 executor process died (native abort)
  [28397] CRASH    w42:177 executor process died (native abort)
  [28398] CRASH    w42:174 executor process died (native abort)
  [28407] CRASH    w42:191 executor process died (native abort)
  [28411] CRASH    w42:18 executor process died (native abort)
  [28412] CRASH    w42:194 executor process died (native abort)
  [28413] CRASH    w42:196 executor process died (native abort)
  [28415] CRASH    w42:202 executor process died (native abort)
  [28430] CRASH    w42:207 executor process died (native abort)
  [28438] CRASH    w42:231 executor process died (native abort)
  [28439] CRASH    w42:236 executor process died (native abort)
  [28440] CRASH    w42:24 executor process died (native abort)
  [28467] MISMATCH w42:288 out[0] max|delta|=1.729e+18 (rtol=0.0 atol=0.0)
  [28488] MISMATCH w42:310 out[0] max|delta|=6.000e+00 (rtol=0.01 atol=0.001)
  [28500] MISMATCH w42:332 out[0] non-finite mismatch (nan/inf positions differ)
  [28522] MISMATCH w42:367 out[0] max|delta|=9.223e+18 (rtol=0.0 atol=0.0)
  [28531] CRASH    w42:36 executor process died (native abort)
  [28536] CRASH    w42:38 executor process died (native abort)
  [28540] CRASH    w42:392 executor process died (native abort)
  [28541] CRASH    w42:405 executor process died (native abort)
  [28549] MISMATCH w42:414 out[0] max|delta|=4.000e+00 (rtol=0.0 atol=0.0)
  [28550] CRASH    w42:395 executor process died (native abort)
  [28554] CRASH    w42:412 executor process died (native abort)
  [28556] CRASH    w42:42 executor process died (native abort)
  [28557] CRASH    w42:424 executor process died (native abort)
  [28564] CRASH    w42:430 executor process died (native abort)
  [28575] CRASH    w42:419 executor process died (native abort)
  [t=1068s] 28596/55756 (26.8/s)  ok=24344 mism=1008 crash=2306 timeout=0 skip=938  |  inflight=15
  [28604] MISMATCH w42:509 out[0] max|delta|=2.000e+00 (rtol=0.0 atol=0.0)
  [28609] MISMATCH w42:516 out[0] max|delta|=9.223e+18 (rtol=0.0 atol=0.0)
  [28634] MISMATCH w42:560 out[0] non-finite mismatch (nan/inf positions differ)
  [28639] MISMATCH w42:569 out[0] max|delta|=4.000e+00 (rtol=0.0 atol=0.0)
  [28642] CRASH    w42:546 executor process died (native abort)
  [28648] CRASH    w42:583 executor process died (native abort)
  [28649] CRASH    w42:584 executor process died (native abort)
  [28653] CRASH    w42:459 executor process died (native abort)
  [28657] MISMATCH w42:595 out[0] max|delta|=2.147e+09 (rtol=0.0 atol=0.0)
  [28661] MISMATCH w42:60 out[0] max|delta|=5.765e+17 (rtol=0.0 atol=0.0)
  [28682] CRASH    w42:630 executor process died (native abort)
  [28683] CRASH    w42:64 executor process died (native abort)
  [28684] CRASH    w42:640 executor process died (native abort)
  [28685] MISMATCH w42:641 out[0] max|delta|=4.000e+00 (rtol=0.01 atol=0.001)
  [28691] CRASH    w42:647 executor process died (native abort)
  [28695] CRASH    w42:652 executor process died (native abort)
  [28696] CRASH    w42:658 executor process died (native abort)
  [28713] MISMATCH w42:687 out[0] max|delta|=1.718e+10 (rtol=0.0 atol=0.0)
  [28714] MISMATCH w42:686 out[0] non-finite mismatch (nan/inf positions differ)
  [28742] MISMATCH w42:737 out[0] max|delta|=7.000e+00 (rtol=0.0 atol=0.0)
  [28756] MISMATCH w42:592 out[0] max|delta|=8.647e+17 (rtol=0.0 atol=0.0)
  [28786] CRASH    w43:1 executor process died (native abort)
  [28787] CRASH    w43:101 executor process died (native abort)
  [28788] CRASH    w43:103 executor process died (native abort)
  [28789] CRASH    w43:106 executor process died (native abort)
  [28793] CRASH    w43:108 executor process died (native abort)
  [28803] CRASH    w43:118 executor process died (native abort)
  [28804] CRASH    w43:111 executor process died (native abort)
  [28805] CRASH    w43:130 executor process died (native abort)
  [28827] MISMATCH w43:165 out[0] max|delta|=4.295e+09 (rtol=0.0 atol=0.0)
  [28883] MISMATCH w43:229 out[0] max|delta|=4.000e+00 (rtol=0.0 atol=0.0)
  [28887] CRASH    w43:251 executor process died (native abort)
  [28888] CRASH    w43:252 executor process died (native abort)
  [28889] CRASH    w43:258 executor process died (native abort)
  [28890] CRASH    w43:259 executor process died (native abort)
  [28898] CRASH    w43:271 executor process died (native abort)
  [28905] CRASH    w43:274 executor process died (native abort)
  [28913] CRASH    w43:290 executor process died (native abort)
  [28916] MISMATCH w43:301 out[0] max|delta|=6.918e+18 (rtol=0.0 atol=0.0)
  [28924] CRASH    w43:304 executor process died (native abort)
  [28927] CRASH    w43:291 executor process died (native abort)
  [28928] CRASH    w43:320 executor process died (native abort)
  [28929] CRASH    w43:30 executor process died (native abort)
  [28935] CRASH    w43:331 executor process died (native abort)
  [t=1083s] 28948/55756 (26.7/s)  ok=24642 mism=1022 crash=2336 timeout=0 skip=948  |  inflight=15
  [29004] MISMATCH w43:450 out[0] max|delta|=2.306e+18 (rtol=0.0 atol=0.0)
  [29008] CRASH    w43:428 executor process died (native abort)
  [29017] CRASH    w43:43 executor process died (native abort)
  [29024] CRASH    w43:480 executor process died (native abort)
  [29026] CRASH    w43:486 executor process died (native abort)
  [29031] CRASH    w43:491 executor process died (native abort)
  [29033] CRASH    w43:497 executor process died (native abort)
  [29035] CRASH    w43:499 executor process died (native abort)
  [29036] CRASH    w43:502 executor process died (native abort)
  [29053] MISMATCH w43:529 out[0] max|delta|=2.147e+09 (rtol=0.0 atol=0.0)
  [29068] CRASH    w43:503 executor process died (native abort)
  [29086] CRASH    w43:567 executor process died (native abort)
  [29088] CRASH    w43:581 executor process died (native abort)
  [29143] MISMATCH w43:678 out[0] max|delta|=7.206e+16 (rtol=0.0 atol=0.0)
  [29155] MISMATCH w43:70 out[0] max|delta|=4.612e+18 (rtol=0.01 atol=0.001)
  [29168] MISMATCH w43:722 out[0] non-finite mismatch (nan/inf positions differ)
  [29173] MISMATCH w43:73 out[0] max|delta|=6.918e+18 (rtol=0.0 atol=0.0)
  [29184] CRASH    w43:725 executor process died (native abort)
  [29186] CRASH    w43:745 executor process died (native abort)
  [29187] MISMATCH w43:754 out[0] max|delta|=9.223e+18 (rtol=0.01 atol=0.001)
  [29191] CRASH    w43:747 executor process died (native abort)
  [29192] CRASH    w43:760 executor process died (native abort)
  [29215] MISMATCH w43:98 out[0] max|delta|=4.000e+00 (rtol=0.0 atol=0.0)
  [29221] CRASH    w43:92 executor process died (native abort)
  [29227] CRASH    w43:99 executor process died (native abort)
  [29232] CRASH    w44:110 executor process died (native abort)
  [29233] MISMATCH w44:122 out[0] max|delta|=2.147e+09 (rtol=0.0 atol=0.0)
  [29245] MISMATCH w44:119 out[0] max|delta|=7.206e+16 (rtol=0.01 atol=0.001)
  [29249] MISMATCH w44:147 out[0] max|delta|=4.000e+00 (rtol=0.0 atol=0.0)
  [29251] CRASH    w44:141 executor process died (native abort)
  [29252] CRASH    w44:148 executor process died (native abort)
  [29253] CRASH    w44:123 executor process died (native abort)
  [29254] CRASH    w44:150 executor process died (native abort)
  [29325] MISMATCH w44:271 out[0] max|delta|=1.007e+08 (rtol=0.0 atol=0.0)
  [29328] CRASH    w44:263 executor process died (native abort)
  [29329] CRASH    w44:253 executor process died (native abort)
  [29330] CRASH    w44:275 executor process died (native abort)
  [29331] CRASH    w44:278 executor process died (native abort)
  [29335] CRASH    w44:279 executor process died (native abort)
  [29346] CRASH    w44:289 executor process died (native abort)
  [29351] MISMATCH w44:315 out[0] non-finite mismatch (nan/inf positions differ)
  [29352] CRASH    w44:298 executor process died (native abort)
  [29354] CRASH    w44:320 executor process died (native abort)
  [29369] MISMATCH w44:347 out[0] max|delta|=2.306e+18 (rtol=0.01 atol=0.001)
  [29382] CRASH    w44:35 executor process died (native abort)
  [t=1098s] 29392/55756 (26.8/s)  ok=25025 mism=1036 crash=2367 timeout=0 skip=964  |  inflight=15
  [29394] CRASH    w44:369 executor process died (native abort)
  [29413] CRASH    w44:402 executor process died (native abort)
  [29417] CRASH    w44:407 executor process died (native abort)
  [29426] MISMATCH w44:43 out[0] max|delta|=2.306e+18 (rtol=0.0 atol=0.0)
  [29435] CRASH    w44:437 executor process died (native abort)
  [29451] CRASH    w44:418 executor process died (native abort)
  [29456] CRASH    w44:477 executor process died (native abort)
  [29466] CRASH    w44:503 executor process died (native abort)
  [29468] CRASH    w44:506 executor process died (native abort)
  [29483] CRASH    w44:520 executor process died (native abort)
  [29488] CRASH    w44:529 executor process died (native abort)
  [29489] CRASH    w44:51 executor process died (native abort)
  [29490] CRASH    w44:540 executor process died (native abort)
  [29515] MISMATCH w44:578 out[0] non-finite mismatch (nan/inf positions differ)
  [29519] MISMATCH w44:584 out[0] max|delta|=1.845e+19 (rtol=0.0 atol=0.0)
  [29586] CRASH    w44:669 executor process died (native abort)
  [29592] CRASH    w44:670 executor process died (native abort)
  [29597] MISMATCH w44:720 out[0] max|delta|=3.000e+00 (rtol=0.0 atol=0.0)
  [29599] CRASH    w44:705 executor process died (native abort)
  [29602] MISMATCH w44:727 out[0] max|delta|=2.306e+18 (rtol=0.0 atol=0.0)
  [29606] CRASH    w44:73 executor process died (native abort)
  [29608] CRASH    w44:734 executor process died (native abort)
  [29613] CRASH    w44:709 executor process died (native abort)
  [29616] MISMATCH w44:749 out[0] max|delta|=6.000e+00 (rtol=0.0 atol=0.0)
  [29627] CRASH    w44:756 executor process died (native abort)
  [29630] MISMATCH w44:771 out[0] non-finite mismatch (nan/inf positions differ)
  [29632] CRASH    w44:763 executor process died (native abort)
  [29642] CRASH    w44:84 executor process died (native abort)
  [29643] CRASH    w44:768 executor process died (native abort)
  [29644] CRASH    w44:90 executor process died (native abort)
  [29676] MISMATCH w44:95 out[0] non-finite mismatch (nan/inf positions differ)
  [29702] CRASH    w45:171 executor process died (native abort)
  [29704] CRASH    w45:164 executor process died (native abort)
  [29705] CRASH    w45:174 executor process died (native abort)
  [29706] CRASH    w45:187 executor process died (native abort)
  [29708] CRASH    w45:191 executor process died (native abort)
  [29710] CRASH    w45:188 executor process died (native abort)
  [29715] CRASH    w45:193 executor process died (native abort)
  [29723] CRASH    w45:204 executor process died (native abort)
  [29725] CRASH    w45:21 executor process died (native abort)
  [29731] CRASH    w45:219 executor process died (native abort)
  [29744] CRASH    w45:228 executor process died (native abort)
  [t=1113s] 29773/55756 (26.7/s)  ok=25352 mism=1044 crash=2401 timeout=0 skip=976  |  inflight=15
  [29792] MISMATCH w45:322 out[0] max|delta|=4.295e+09 (rtol=0.0 atol=0.0)
  [29795] MISMATCH w45:328 out[0] max|delta|=1.000e+00 (rtol=0.0 atol=0.0)
  [29807] MISMATCH w45:351 out[0] max|delta|=7.000e+00 (rtol=0.0 atol=0.0)
  [29815] MISMATCH w45:361 out[0] max|delta|=8.647e+17 (rtol=0.0 atol=0.0)
  [29818] CRASH    w45:35 executor process died (native abort)
  [29819] MISMATCH w45:364 out[0] max|delta|=6.918e+18 (rtol=0.0 atol=0.0)
  [29827] CRASH    w45:353 executor process died (native abort)
  [29833] CRASH    w45:389 executor process died (native abort)
  [29835] CRASH    w45:392 executor process died (native abort)
  [29836] CRASH    w45:397 executor process died (native abort)
  [29838] CRASH    w45:383 executor process died (native abort)
  [29839] MISMATCH w45:4 out[0] max|delta|=4.000e+00 (rtol=0.0 atol=0.0)
  [29840] CRASH    w45:402 executor process died (native abort)
  [29846] MISMATCH w45:410 out[0] max|delta|=4.000e+00 (rtol=0.01 atol=0.001)
  [29856] CRASH    w45:415 executor process died (native abort)
  [29867] CRASH    w45:432 executor process died (native abort)
  [29878] CRASH    w45:451 executor process died (native abort)
  [29890] CRASH    w45:477 executor process died (native abort)
  [29891] CRASH    w45:49 executor process died (native abort)
  [29917] MISMATCH w45:531 out[0] non-finite mismatch (nan/inf positions differ)
  [29935] MISMATCH w45:560 out[0] max|delta|=3.090e+00 (rtol=0.01 atol=0.001)
  [29955] MISMATCH w45:592 out[0] max|delta|=9.223e+18 (rtol=0.01 atol=0.001)
  [29975] CRASH    w45:611 executor process died (native abort)
  [29982] CRASH    w45:627 executor process died (native abort)
  [29984] MISMATCH w45:645 out[0] max|delta|=3.999e-01 (rtol=0.01 atol=0.001)
  [29987] CRASH    w45:630 executor process died (native abort)
  [29990] CRASH    w45:649 executor process died (native abort)
  [30005] CRASH    w45:643 executor process died (native abort)
  [30008] CRASH    w45:679 executor process died (native abort)
  [30010] CRASH    w45:683 executor process died (native abort)
  [30011] CRASH    w45:688 executor process died (native abort)
  [30037] CRASH    w45:705 executor process died (native abort)
  [30039] CRASH    w45:717 executor process died (native abort)
  [30041] CRASH    w45:723 executor process died (native abort)
  [30058] MISMATCH w45:759 out[0] non-finite mismatch (nan/inf positions differ)
  [30059] MISMATCH w45:75 out[0] non-finite mismatch (nan/inf positions differ)
  [30080] CRASH    w45:777 executor process died (native abort)
  [30086] CRASH    w45:93 executor process died (native abort)
  [30087] CRASH    w46:104 executor process died (native abort)
  [30099] CRASH    w46:122 executor process died (native abort)
  [30100] CRASH    w46:123 executor process died (native abort)
  [30101] CRASH    w46:108 executor process died (native abort)
  [30105] CRASH    w46:124 executor process died (native abort)
  [30109] MISMATCH w46:134 out[0] max|delta|=2.147e+09 (rtol=0.0 atol=0.0)
  [30111] CRASH    w46:137 executor process died (native abort)
  [30124] MISMATCH w46:131 out[0] max|delta|=9.223e+18 (rtol=0.01 atol=0.001)
  [30140] CRASH    w46:172 executor process died (native abort)
  [30147] MISMATCH w46:189 out[0] max|delta|=7.295e-01 (rtol=0.01 atol=0.001)
  [t=1128s] 30148/55756 (26.7/s)  ok=25667 mism=1060 crash=2433 timeout=0 skip=988  |  inflight=15
  [30158] MISMATCH w46:204 out[0] max|delta|=4.000e+00 (rtol=0.0 atol=0.0)
  [30180] MISMATCH w46:244 out[0] max|delta|=8.000e+00 (rtol=0.0 atol=0.0)
  [30205] CRASH    w46:185 executor process died (native abort)
  [30206] MISMATCH w46:291 out[0] max|delta|=4.000e+00 (rtol=0.0 atol=0.0)
  [30211] CRASH    w46:287 executor process died (native abort)
  [30222] CRASH    w46:313 executor process died (native abort)
  [30223] CRASH    w46:319 executor process died (native abort)
  [30234] CRASH    w46:332 executor process died (native abort)
  [30240] CRASH    w46:336 executor process died (native abort)
  [30242] MISMATCH w46:349 out[0] max|delta|=1.000e+00 (rtol=0.0 atol=0.0)
  [30252] MISMATCH w46:362 out[0] non-finite mismatch (nan/inf positions differ)
  [30266] CRASH    w46:37 executor process died (native abort)
  [30276] CRASH    w46:392 executor process died (native abort)
  [30282] CRASH    w46:350 executor process died (native abort)
  [30283] MISMATCH w46:417 out[0] non-finite mismatch (nan/inf positions differ)
  [30316] MISMATCH w46:472 out[0] max|delta|=1.280e+02 (rtol=0.0 atol=0.0)
  [30333] CRASH    w46:489 executor process died (native abort)
  [30339] CRASH    w46:493 executor process died (native abort)
  [30342] CRASH    w46:519 executor process died (native abort)
  [30346] MISMATCH w46:533 out[0] max|delta|=4.000e+00 (rtol=0.01 atol=0.001)
  [30355] MISMATCH w46:55 out[0] max|delta|=1.342e+08 (rtol=0.0 atol=0.0)
  [30360] MISMATCH w46:555 out[0] non-finite mismatch (nan/inf positions differ)
  [30370] CRASH    w46:552 executor process died (native abort)
  [30377] MISMATCH w46:587 out[0] max|delta|=4.612e+18 (rtol=0.0 atol=0.0)
  [30378] CRASH    w46:560 executor process died (native abort)
  [30399] MISMATCH w46:577 out[0] max|delta|=3.081e+00 (rtol=0.01 atol=0.001)
  [30402] MISMATCH w46:590 out[0] max|delta|=2.147e+09 (rtol=0.0 atol=0.0)
  [30403] CRASH    w46:623 executor process died (native abort)
  [30407] MISMATCH w46:637 out[0] max|delta|=4.000e+00 (rtol=0.0 atol=0.0)
  [30409] CRASH    w46:628 executor process died (native abort)
  [30411] MISMATCH w46:643 out[0] non-finite mismatch (nan/inf positions differ)
  [30413] CRASH    w46:635 executor process died (native abort)
  [30414] CRASH    w46:645 executor process died (native abort)
  [30426] CRASH    w46:641 executor process died (native abort)
  [30432] CRASH    w46:658 executor process died (native abort)
  [30473] CRASH    w46:715 executor process died (native abort)
  [30478] MISMATCH w46:753 out[0] max|delta|=1.000e+00 (rtol=0.0 atol=0.0)
  [30512] MISMATCH w47:1 out[0] non-finite mismatch (nan/inf positions differ)
  [30546] CRASH    w47:147 executor process died (native abort)
  [30547] CRASH    w47:164 executor process died (native abort)
  [30548] CRASH    w47:166 executor process died (native abort)
  [30549] CRASH    w47:170 executor process died (native abort)
  [30557] CRASH    w47:184 executor process died (native abort)
  [30562] CRASH    w47:185 executor process died (native abort)
  [30565] MISMATCH w47:196 out[0] max|delta|=6.918e+18 (rtol=0.0 atol=0.0)
  [30566] CRASH    w47:186 executor process died (native abort)
  [30567] CRASH    w47:197 executor process died (native abort)
  [30576] MISMATCH w47:21 out[0] max|delta|=3.999e-01 (rtol=0.01 atol=0.001)
  [30584] CRASH    w47:215 executor process died (native abort)
  [30585] CRASH    w47:221 executor process died (native abort)
  [t=1143s] 30600/55756 (26.8/s)  ok=26055 mism=1079 crash=2464 timeout=0 skip=1002  |  inflight=15
  [30604] MISMATCH w47:251 out[0] non-finite mismatch (nan/inf positions differ)
  [30649] CRASH    w47:321 executor process died (native abort)
  [30654] CRASH    w47:323 executor process died (native abort)
  [30657] CRASH    w47:327 executor process died (native abort)
  [30658] CRASH    w47:349 executor process died (native abort)
  [30680] CRASH    w47:374 executor process died (native abort)
  [30681] CRASH    w47:38 executor process died (native abort)
  [30682] CRASH    w47:381 executor process died (native abort)
  [30683] CRASH    w47:382 executor process died (native abort)
  [30691] CRASH    w47:394 executor process died (native abort)
  [30699] CRASH    w47:397 executor process died (native abort)
  [30701] MISMATCH w47:411 out[0] max|delta|=2.407e+00 (rtol=0.01 atol=0.001)
  [30708] MISMATCH w47:424 out[0] non-finite mismatch (nan/inf positions differ)
  [30726] CRASH    w47:443 executor process died (native abort)
  [30727] CRASH    w47:452 executor process died (native abort)
  [30743] MISMATCH w47:479 out[0] max|delta|=1.372e+00 (rtol=0.01 atol=0.001)
  [30796] MISMATCH w47:573 out[0] max|delta|=5.765e+17 (rtol=0.0 atol=0.0)
  [30801] CRASH    w47:565 executor process died (native abort)
  [30806] CRASH    w47:549 executor process died (native abort)
  [30807] CRASH    w47:580 executor process died (native abort)
  [30808] CRASH    w47:59 executor process died (native abort)
  [30818] CRASH    w47:60 executor process died (native abort)
  [30821] CRASH    w47:609 executor process died (native abort)
  [30822] CRASH    w47:610 executor process died (native abort)
  [30823] CRASH    w47:614 executor process died (native abort)
  [30832] CRASH    w47:622 executor process died (native abort)
  [30838] MISMATCH w47:639 out[0] max|delta|=3.686e+00 (rtol=0.01 atol=0.001)
  [30840] CRASH    w47:642 executor process died (native abort)
  [30850] MISMATCH w47:652 out[0] non-finite mismatch (nan/inf positions differ)
  [30917] CRASH    w47:748 executor process died (native abort)
  [30922] CRASH    w47:744 executor process died (native abort)
  [30927] CRASH    w47:765 executor process died (native abort)
  [30942] CRASH    w47:93 executor process died (native abort)
  [30949] CRASH    w47:99 executor process died (native abort)
  [30954] CRASH    w48:105 executor process died (native abort)
  [30956] CRASH    w48:117 executor process died (native abort)
  [30960] CRASH    w48:126 executor process died (native abort)
  [30961] CRASH    w48:127 executor process died (native abort)
  [30963] CRASH    w48:119 executor process died (native abort)
  [30964] CRASH    w48:131 executor process died (native abort)
  [30967] CRASH    w48:137 executor process died (native abort)
  [30973] MISMATCH w48:143 out[0] max|delta|=4.000e+00 (rtol=0.0 atol=0.0)
  [30982] MISMATCH w48:142 out[0] max|delta|=3.270e-01 (rtol=0.01 atol=0.001)
  [t=1158s] 30982/55756 (26.7/s)  ok=26381 mism=1088 crash=2498 timeout=0 skip=1015  |  inflight=15
  [30991] MISMATCH w48:166 out[0] max|delta|=9.223e+18 (rtol=0.0 atol=0.0)
  [30994] MISMATCH w48:169 out[0] max|delta|=6.918e+18 (rtol=0.01 atol=0.001)
  [31021] CRASH    w48:188 executor process died (native abort)
  [31033] CRASH    w48:220 executor process died (native abort)
  [31034] CRASH    w48:226 executor process died (native abort)
  [31036] CRASH    w48:232 executor process died (native abort)
  [31048] CRASH    w48:256 executor process died (native abort)
  [31050] CRASH    w48:260 executor process died (native abort)
  [31051] CRASH    w48:261 executor process died (native abort)
  [31052] CRASH    w48:265 executor process died (native abort)
  [31062] CRASH    w48:273 executor process died (native abort)
  [31072] CRASH    w48:28 executor process died (native abort)
  [31078] MISMATCH w48:311 out[0] max|delta|=3.000e+00 (rtol=0.0 atol=0.0)
  [31084] CRASH    w48:310 executor process died (native abort)
  [31087] CRASH    w48:322 executor process died (native abort)
  [31120] MISMATCH w48:370 out[0] non-finite mismatch (nan/inf positions differ)
  [31154] MISMATCH w48:430 out[0] non-finite mismatch (nan/inf positions differ)
  [31170] CRASH    w48:416 executor process died (native abort)
  [31172] CRASH    w48:449 executor process died (native abort)
  [31177] CRASH    w48:454 executor process died (native abort)
  [31185] CRASH    w48:48 executor process died (native abort)
  [31191] CRASH    w48:488 executor process died (native abort)
  [31195] CRASH    w48:494 executor process died (native abort)
  [31210] CRASH    w48:522 executor process died (native abort)
  [31218] CRASH    w48:524 executor process died (native abort)
  [31225] CRASH    w48:553 executor process died (native abort)
  [31229] CRASH    w48:554 executor process died (native abort)
  [31239] MISMATCH w48:564 out[0] non-finite mismatch (nan/inf positions differ)
  [31262] MISMATCH w48:612 out[0] max|delta|=1.727e+00 (rtol=0.01 atol=0.001)
  [31269] MISMATCH w48:625 out[0] non-finite mismatch (nan/inf positions differ)
  [31289] MISMATCH w48:658 out[0] non-finite mismatch (nan/inf positions differ)
  [31296] MISMATCH w48:671 out[0] max|delta|=4.000e+00 (rtol=0.0 atol=0.0)
  [31310] CRASH    w48:682 executor process died (native abort)
  [31314] CRASH    w48:663 executor process died (native abort)
  [31319] CRASH    w48:693 executor process died (native abort)
  [31320] CRASH    w48:716 executor process died (native abort)
  [31326] CRASH    w48:721 executor process died (native abort)
  [31345] MISMATCH w48:767 out[0] max|delta|=7.000e+00 (rtol=0.0 atol=0.0)
  [31348] CRASH    w48:72 executor process died (native abort)
  [31355] CRASH    w48:752 executor process died (native abort)
  [31357] MISMATCH w48:83 out[0] max|delta|=4.000e+00 (rtol=0.0 atol=0.0)
  [31362] CRASH    w48:9 executor process died (native abort)
  [31363] CRASH    w48:94 executor process died (native abort)
  [31366] CRASH    w48:97 executor process died (native abort)
  [31370] CRASH    w48:98 executor process died (native abort)
  [31372] CRASH    w49:104 executor process died (native abort)
  [t=1174s] 31393/55756 (26.8/s)  ok=26733 mism=1100 crash=2532 timeout=0 skip=1028  |  inflight=15
  [31398] MISMATCH w49:147 out[0] non-finite mismatch (nan/inf positions differ)
  [31423] MISMATCH w49:193 out[0] max|delta|=4.000e+00 (rtol=0.0 atol=0.0)
  [31428] CRASH    w49:166 executor process died (native abort)
  [31439] CRASH    w49:204 executor process died (native abort)
  [31444] CRASH    w49:215 executor process died (native abort)
  [31449] CRASH    w49:24 executor process died (native abort)
  [31452] CRASH    w49:243 executor process died (native abort)
  [31463] CRASH    w49:252 executor process died (native abort)
  [31472] CRASH    w49:244 executor process died (native abort)
  [31473] CRASH    w49:272 executor process died (native abort)
  [31475] MISMATCH w49:289 out[0] max|delta|=6.000e+00 (rtol=0.0 atol=0.0)
  [31477] CRASH    w49:278 executor process died (native abort)
  [31480] MISMATCH w49:296 out[0] max|delta|=2.147e+09 (rtol=0.0 atol=0.0)
  [31481] CRASH    w49:300 executor process died (native abort)
  [31502] CRASH    w49:314 executor process died (native abort)
  [31504] CRASH    w49:326 executor process died (native abort)
  [31526] MISMATCH w49:372 out[0] max|delta|=2.306e+18 (rtol=0.01 atol=0.001)
  [31529] MISMATCH w49:375 out[0] max|delta|=6.918e+18 (rtol=0.01 atol=0.001)
  [31544] MISMATCH w49:400 out[0] max|delta|=4.000e+00 (rtol=0.0 atol=0.0)
  [31546] MISMATCH w49:401 out[0] max|delta|=3.000e+00 (rtol=0.0 atol=0.0)
  [31550] CRASH    w49:394 executor process died (native abort)
  [31551] CRASH    w49:403 executor process died (native abort)
  [31552] CRASH    w49:410 executor process died (native abort)
  [31553] CRASH    w49:413 executor process died (native abort)
  [31557] MISMATCH w49:421 out[0] max|delta|=4.000e+00 (rtol=0.0 atol=0.0)
  [31578] CRASH    w49:44 executor process died (native abort)
  [31583] CRASH    w49:443 executor process died (native abort)
  [31584] CRASH    w49:445 executor process died (native abort)
  [31585] CRASH    w49:462 executor process died (native abort)
  [31592] CRASH    w49:471 executor process died (native abort)
  [31595] CRASH    w49:472 executor process died (native abort)
  [31596] CRASH    w49:480 executor process died (native abort)
  [31597] CRASH    w49:467 executor process died (native abort)
  [31655] MISMATCH w49:568 out[0] non-finite mismatch (nan/inf positions differ)
  [31674] MISMATCH w49:600 out[0] max|delta|=2.147e+09 (rtol=0.0 atol=0.0)
  [31677] MISMATCH w49:603 out[0] max|delta|=2.147e+09 (rtol=0.0 atol=0.0)
  [31696] CRASH    w49:633 executor process died (native abort)
  [31698] CRASH    w49:636 executor process died (native abort)
  [31699] CRASH    w49:641 executor process died (native abort)
  [31700] CRASH    w49:648 executor process died (native abort)
  [31705] MISMATCH w49:649 out[0] max|delta|=4.000e+00 (rtol=0.01 atol=0.001)
  [31712] CRASH    w49:658 executor process died (native abort)
  [31718] CRASH    w49:660 executor process died (native abort)
  [31727] CRASH    w49:690 executor process died (native abort)
  [31729] CRASH    w49:695 executor process died (native abort)
  [31731] CRASH    w49:699 executor process died (native abort)
  [31732] CRASH    w49:700 executor process died (native abort)
  [31744] CRASH    w49:710 executor process died (native abort)
  [t=1189s] 31764/55756 (26.7/s)  ok=27044 mism=1113 crash=2567 timeout=0 skip=1040  |  inflight=15
  [31812] MISMATCH w5:132 out[0] max|delta|=4.000e+00 (rtol=0.0 atol=0.0)
  [31815] CRASH    w5:120 executor process died (native abort)
  [31820] CRASH    w5:128 executor process died (native abort)
  [31825] CRASH    w5:131 executor process died (native abort)
  [31829] MISMATCH w5:158 out[0] max|delta|=6.918e+18 (rtol=0.01 atol=0.001)
  [31844] CRASH    w5:17 executor process died (native abort)
  [31845] MISMATCH w5:155 out[0] max|delta|=2.882e+17 (rtol=0.01 atol=0.001)
  [31854] CRASH    w5:146 executor process died (native abort)
  [31855] MISMATCH w5:204 out[0] max|delta|=3.000e+00 (rtol=0.01 atol=0.001)
  [31860] CRASH    w5:213 executor process died (native abort)
  [31862] CRASH    w5:215 executor process died (native abort)
  [31865] CRASH    w5:221 executor process died (native abort)
  [31897] CRASH    w5:263 executor process died (native abort)
  [31900] CRASH    w5:27 executor process died (native abort)
  [31953] MISMATCH w5:376 out[0] max|delta|=4.000e+00 (rtol=0.0 atol=0.0)
  [31960] MISMATCH w5:383 out[0] max|delta|=7.206e+16 (rtol=0.01 atol=0.001)
  [31963] MISMATCH w5:386 out[0] max|delta|=2.147e+09 (rtol=0.0 atol=0.0)
  [31964] CRASH    w5:373 executor process died (native abort)
  [31973] CRASH    w5:375 executor process died (native abort)
  [31978] CRASH    w5:411 executor process died (native abort)
  [31980] CRASH    w5:414 executor process died (native abort)
  [31988] CRASH    w5:424 executor process died (native abort)
  [31990] CRASH    w5:43 executor process died (native abort)
  [31991] CRASH    w5:431 executor process died (native abort)
  [31992] CRASH    w5:421 executor process died (native abort)
  [31995] CRASH    w5:438 executor process died (native abort)
  [32026] CRASH    w5:473 executor process died (native abort)
  [32035] CRASH    w5:491 executor process died (native abort)
  [32059] MISMATCH w5:542 out[0] max|delta|=4.000e+00 (rtol=0.0 atol=0.0)
  [32098] CRASH    w5:604 executor process died (native abort)
  [32100] CRASH    w5:601 executor process died (native abort)
  [32101] CRASH    w5:602 executor process died (native abort)
  [32102] CRASH    w5:61 executor process died (native abort)
  [32104] MISMATCH w5:614 out[0] max|delta|=6.918e+18 (rtol=0.0 atol=0.0)
  [32105] MISMATCH w5:611 out[0] max|delta|=9.223e+18 (rtol=0.0 atol=0.0)
  [32110] CRASH    w5:615 executor process died (native abort)
  [32122] CRASH    w5:633 executor process died (native abort)
  [32123] CRASH    w5:639 executor process died (native abort)
  [32125] CRASH    w5:642 executor process died (native abort)
  [32126] CRASH    w5:648 executor process died (native abort)
  [32131] CRASH    w5:652 executor process died (native abort)
  [32138] CRASH    w5:649 executor process died (native abort)
  [32139] CRASH    w5:665 executor process died (native abort)
  [32140] CRASH    w5:666 executor process died (native abort)
  [t=1204s] 32152/55756 (26.7/s)  ok=27375 mism=1123 crash=2601 timeout=0 skip=1053  |  inflight=15
  [32154] MISMATCH w5:667 out[0] max|delta|=3.999e-01 (rtol=0.01 atol=0.001)
  [32171] MISMATCH w5:72 out[0] max|delta|=8.000e+00 (rtol=0.0 atol=0.0)
  [32228] MISMATCH w50:107 out[0] non-finite mismatch (nan/inf positions differ)
  [32231] CRASH    w50:104 executor process died (native abort)
  [32232] CRASH    w50:11 executor process died (native abort)
  [32233] CRASH    w50:110 executor process died (native abort)
  [32234] CRASH    w50:112 executor process died (native abort)
  [32241] MISMATCH w50:129 out[0] max|delta|=3.888e+00 (rtol=0.01 atol=0.001)
  [32249] MISMATCH w50:139 out[0] max|delta|=9.223e+18 (rtol=0.01 atol=0.001)
  [32252] CRASH    w50:116 executor process died (native abort)
  [32254] MISMATCH w50:142 out[0] max|delta|=6.918e+18 (rtol=0.01 atol=0.001)
  [32272] CRASH    w50:161 executor process died (native abort)
  [32273] CRASH    w50:168 executor process died (native abort)
  [32274] CRASH    w50:180 executor process died (native abort)
  [32279] MISMATCH w50:188 out[0] max|delta|=4.000e+00 (rtol=0.0 atol=0.0)
  [32282] MISMATCH w50:195 out[0] max|delta|=3.999e-01 (rtol=0.01 atol=0.001)
  [32293] CRASH    w50:197 executor process died (native abort)
  [32332] MISMATCH w50:27 out[0] non-finite mismatch (nan/inf positions differ)
  [32345] MISMATCH w50:291 out[0] max|delta|=4.612e+18 (rtol=0.0 atol=0.0)
  [32348] MISMATCH w50:298 out[0] max|delta|=4.295e+09 (rtol=0.0 atol=0.0)
  [32355] MISMATCH w50:305 out[0] max|delta|=1.000e+00 (rtol=0.0 atol=0.0)
  [32362] CRASH    w50:295 executor process died (native abort)
  [32376] CRASH    w50:327 executor process died (native abort)
  [32377] CRASH    w50:338 executor process died (native abort)
  [32378] CRASH    w50:340 executor process died (native abort)
  [32379] CRASH    w50:320 executor process died (native abort)
  [32386] MISMATCH w50:357 out[0] non-finite mismatch (nan/inf positions differ)
  [32391] CRASH    w50:358 executor process died (native abort)
  [32396] CRASH    w50:360 executor process died (native abort)
  [32397] MISMATCH w50:370 out[0] max|delta|=1.611e+09 (rtol=0.0 atol=0.0)
  [32412] CRASH    w50:390 executor process died (native abort)
  [32413] CRASH    w50:389 executor process died (native abort)
  [32414] CRASH    w50:395 executor process died (native abort)
  [32415] CRASH    w50:371 executor process died (native abort)
  [32438] MISMATCH w50:425 out[0] max|delta|=4.994e-01 (rtol=0.01 atol=0.001)
  [32460] MISMATCH w50:461 out[0] non-finite mismatch (nan/inf positions differ)
  [32500] MISMATCH w50:526 out[0] max|delta|=4.000e+00 (rtol=0.0 atol=0.0)
  [32505] CRASH    w50:534 executor process died (native abort)
  [32510] CRASH    w50:537 executor process died (native abort)
  [32513] CRASH    w50:540 executor process died (native abort)
  [32515] CRASH    w50:560 executor process died (native abort)
  [32523] CRASH    w50:555 executor process died (native abort)
  [32524] CRASH    w50:568 executor process died (native abort)
  [32528] CRASH    w50:571 executor process died (native abort)
  [32532] CRASH    w50:585 executor process died (native abort)
  [32559] CRASH    w50:618 executor process died (native abort)
  [32560] CRASH    w50:623 executor process died (native abort)
  [32561] CRASH    w50:588 executor process died (native abort)
  [32562] CRASH    w50:626 executor process died (native abort)
  [t=1219s] 32570/55756 (26.7/s)  ok=27734 mism=1140 crash=2633 timeout=0 skip=1063  |  inflight=15
  [32573] MISMATCH w50:644 out[0] max|delta|=4.000e+00 (rtol=0.0 atol=0.0)
  [32583] MISMATCH w50:631 out[0] non-finite mismatch (nan/inf positions differ)
  [32584] MISMATCH w50:63 out[0] max|delta|=5.765e+17 (rtol=0.0 atol=0.0)
  [32636] MISMATCH w50:761 out[0] max|delta|=2.550e+02 (rtol=0.0 atol=0.0)
  [32643] MISMATCH w50:765 out[0] non-finite mismatch (nan/inf positions differ)
  [32656] CRASH    w50:776 executor process died (native abort)
  [32659] CRASH    w50:78 executor process died (native abort)
  [32661] CRASH    w50:81 executor process died (native abort)
  [32662] CRASH    w50:93 executor process died (native abort)
  [32665] CRASH    w50:99 executor process died (native abort)
  [32669] CRASH    w50:92 executor process died (native abort)
  [32671] CRASH    w51:104 executor process died (native abort)
  [32672] CRASH    w51:109 executor process died (native abort)
  [32679] CRASH    w51:117 executor process died (native abort)
  [32680] MISMATCH w51:12 out[0] max|delta|=6.918e+18 (rtol=0.01 atol=0.001)
  [32700] CRASH    w51:137 executor process died (native abort)
  [32737] CRASH    w51:2 executor process died (native abort)
  [32740] CRASH    w51:202 executor process died (native abort)
  [32741] CRASH    w51:197 executor process died (native abort)
  [32742] CRASH    w51:214 executor process died (native abort)
  [32746] CRASH    w51:210 executor process died (native abort)
  [32755] MISMATCH w51:237 out[0] max|delta|=9.223e+18 (rtol=0.01 atol=0.001)
  [32758] MISMATCH w51:240 out[0] max|delta|=6.918e+18 (rtol=0.0 atol=0.0)
  [32759] CRASH    w51:230 executor process died (native abort)
  [32762] MISMATCH w51:246 out[0] max|delta|=1.000e+00 (rtol=0.0 atol=0.0)
  [32767] CRASH    w51:241 executor process died (native abort)
  [32769] CRASH    w51:259 executor process died (native abort)
  [32776] CRASH    w51:265 executor process died (native abort)
  [32777] CRASH    w51:266 executor process died (native abort)
  [32779] CRASH    w51:268 executor process died (native abort)
  [32780] CRASH    w51:273 executor process died (native abort)
  [32798] MISMATCH w51:295 out[0] non-finite mismatch (nan/inf positions differ)
  [32804] MISMATCH w51:303 out[0] max|delta|=2.147e+10 (rtol=0.0 atol=0.0)
  [32829] CRASH    w51:31 executor process died (native abort)
  [32842] MISMATCH w51:38 out[0] max|delta|=4.295e+09 (rtol=0.0 atol=0.0)
  [32843] MISMATCH w51:382 out[0] max|delta|=2.000e+00 (rtol=0.0 atol=0.0)
  [32868] CRASH    w51:40 executor process died (native abort)
  [32869] CRASH    w51:42 executor process died (native abort)
  [32870] CRASH    w51:416 executor process died (native abort)
  [32871] CRASH    w51:418 executor process died (native abort)
  [32880] CRASH    w51:436 executor process died (native abort)
  [32883] CRASH    w51:441 executor process died (native abort)
  [32887] CRASH    w51:425 executor process died (native abort)
  [32888] CRASH    w51:45 executor process died (native abort)
  [32890] CRASH    w51:442 executor process died (native abort)
  [32891] CRASH    w51:455 executor process died (native abort)
  [32900] MISMATCH w51:468 out[0] max|delta|=2.147e+09 (rtol=0.0 atol=0.0)
  [32908] CRASH    w51:47 executor process died (native abort)
  [32916] CRASH    w51:487 executor process died (native abort)
  [t=1234s] 32922/55756 (26.7/s)  ok=28026 mism=1154 crash=2668 timeout=0 skip=1074  |  inflight=15
  [32923] MISMATCH w51:501 out[0] non-finite mismatch (nan/inf positions differ)
  [32932] MISMATCH w51:514 out[0] max|delta|=4.000e+00 (rtol=0.0 atol=0.0)
  [32940] MISMATCH w51:523 out[0] non-finite mismatch (nan/inf positions differ)
  [32984] CRASH    w51:581 executor process died (native abort)
  [32989] CRASH    w51:57 executor process died (native abort)
  [32994] MISMATCH w51:617 out[0] max|delta|=1.153e+18 (rtol=0.0 atol=0.0)
  [32995] CRASH    w51:595 executor process died (native abort)
  [33001] CRASH    w51:624 executor process died (native abort)
  [33010] CRASH    w51:632 executor process died (native abort)
  [33013] CRASH    w51:64 executor process died (native abort)
  [33014] MISMATCH w51:631 out[0] max|delta|=2.550e+02 (rtol=0.0 atol=0.0)
  [33017] CRASH    w51:647 executor process died (native abort)
  [33019] CRASH    w51:653 executor process died (native abort)
  [33029] CRASH    w51:664 executor process died (native abort)
  [33031] CRASH    w51:666 executor process died (native abort)
  [33037] CRASH    w51:67 executor process died (native abort)
  [33040] CRASH    w51:685 executor process died (native abort)
  [33048] MISMATCH w51:693 out[0] max|delta|=5.765e+17 (rtol=0.01 atol=0.001)
  [33051] MISMATCH w51:696 out[0] max|delta|=6.918e+18 (rtol=0.01 atol=0.001)
  [33080] MISMATCH w51:742 out[0] max|delta|=3.000e+00 (rtol=0.01 atol=0.001)
  [33083] MISMATCH w51:749 out[0] max|delta|=3.999e-01 (rtol=0.01 atol=0.001)
  [33104] MISMATCH w51:751 out[0] max|delta|=3.316e-01 (rtol=0.01 atol=0.001)
  [33126] MISMATCH w52:110 out[0] max|delta|=6.918e+18 (rtol=0.01 atol=0.001)
  [33148] CRASH    w52:13 executor process died (native abort)
  [33153] CRASH    w52:130 executor process died (native abort)
  [33155] CRASH    w52:148 executor process died (native abort)
  [33156] CRASH    w52:161 executor process died (native abort)
  [33162] CRASH    w52:165 executor process died (native abort)
  [33182] MISMATCH w52:202 out[0] max|delta|=2.577e+10 (rtol=0.0 atol=0.0)
  [33184] MISMATCH w52:206 out[0] max|delta|=4.000e+00 (rtol=0.0 atol=0.0)
  [33185] CRASH    w52:197 executor process died (native abort)
  [33190] CRASH    w52:201 executor process died (native abort)
  [33200] CRASH    w52:23 executor process died (native abort)
  [33209] MISMATCH w52:252 out[0] max|delta|=3.000e+00 (rtol=0.0 atol=0.0)
  [33215] MISMATCH w52:259 out[0] max|delta|=7.206e+16 (rtol=0.0 atol=0.0)
  [33252] MISMATCH w52:311 out[0] max|delta|=2.000e+00 (rtol=0.01 atol=0.001)
  [33260] MISMATCH w52:325 out[0] max|delta|=1.646e+00 (rtol=0.01 atol=0.001)
  [33267] MISMATCH w52:335 out[0] max|delta|=7.206e+16 (rtol=0.01 atol=0.001)
  [33270] MISMATCH w52:338 out[0] max|delta|=6.918e+18 (rtol=0.01 atol=0.001)
  [33275] MISMATCH w52:344 out[0] max|delta|=2.550e+02 (rtol=0.0 atol=0.0)
  [33284] MISMATCH w52:363 out[0] max|delta|=4.000e+00 (rtol=0.0 atol=0.0)
  [33287] CRASH    w52:366 executor process died (native abort)
  [33288] CRASH    w52:357 executor process died (native abort)
  [33289] CRASH    w52:368 executor process died (native abort)
  [33290] CRASH    w52:376 executor process died (native abort)
  [33295] MISMATCH w52:385 out[0] max|delta|=4.000e+00 (rtol=0.0 atol=0.0)
  [33298] CRASH    w52:383 executor process died (native abort)
  [33302] CRASH    w52:389 executor process died (native abort)
  [33306] CRASH    w52:39 executor process died (native abort)
  [33312] CRASH    w52:408 executor process died (native abort)
  [33313] CRASH    w52:390 executor process died (native abort)
  [33318] CRASH    w52:395 executor process died (native abort)
  [33325] CRASH    w52:429 executor process died (native abort)
  [33326] CRASH    w52:430 executor process died (native abort)
  [33336] MISMATCH w52:45 out[0] max|delta|=2.550e+02 (rtol=0.0 atol=0.0)
  [t=1249s] 33339/55756 (26.7/s)  ok=28374 mism=1177 crash=2700 timeout=0 skip=1088  |  inflight=15
  [33346] MISMATCH w52:465 out[0] max|delta|=4.295e+09 (rtol=0.0 atol=0.0)
  [33398] MISMATCH w52:539 out[0] non-finite mismatch (nan/inf positions differ)
  [33409] MISMATCH w52:556 out[0] max|delta|=3.000e+00 (rtol=0.0 atol=0.0)
  [33418] MISMATCH w52:566 out[0] non-finite mismatch (nan/inf positions differ)
  [33439] CRASH    w52:592 executor process died (native abort)
  [33442] CRASH    w52:596 executor process died (native abort)
  [33443] CRASH    w52:604 executor process died (native abort)
  [33444] CRASH    w52:611 executor process died (native abort)
  [33450] MISMATCH w52:612 out[0] max|delta|=4.000e+00 (rtol=0.01 atol=0.001)
  [33460] CRASH    w52:623 executor process died (native abort)
  [33477] MISMATCH w52:676 out[0] max|delta|=6.400e+01 (rtol=0.0 atol=0.0)
  [33478] CRASH    w52:658 executor process died (native abort)
  [33484] CRASH    w52:67 executor process died (native abort)
  [33488] CRASH    w52:691 executor process died (native abort)
  [33489] CRASH    w52:693 executor process died (native abort)
  [33531] MISMATCH w52:758 out[0] max|delta|=3.000e+00 (rtol=0.0 atol=0.0)
  [33532] MISMATCH w52:759 out[0] non-finite mismatch (nan/inf positions differ)
  [33574] CRASH    w53:116 executor process died (native abort)
  [33577] MISMATCH w53:125 out[0] max|delta|=5.765e+17 (rtol=0.01 atol=0.001)
  [33580] CRASH    w53:117 executor process died (native abort)
  [33581] MISMATCH w53:128 out[0] non-finite mismatch (nan/inf positions differ)
  [33585] CRASH    w53:102 executor process died (native abort)
  [33594] CRASH    w53:147 executor process died (native abort)
  [33599] CRASH    w53:153 executor process died (native abort)
  [33604] CRASH    w53:156 executor process died (native abort)
  [33614] CRASH    w53:179 executor process died (native abort)
  [33617] CRASH    w53:183 executor process died (native abort)
  [33622] CRASH    w53:185 executor process died (native abort)
  [33626] CRASH    w53:196 executor process died (native abort)
  [33709] MISMATCH w53:321 out[0] non-finite mismatch (nan/inf positions differ)
  [33715] CRASH    w53:326 executor process died (native abort)
  [33720] CRASH    w53:314 executor process died (native abort)
  [33722] CRASH    w53:324 executor process died (native abort)
  [33723] CRASH    w53:346 executor process died (native abort)
  [33728] MISMATCH w53:353 out[0] max|delta|=4.612e+18 (rtol=0.01 atol=0.001)
  [33732] MISMATCH w53:356 out[0] non-finite mismatch (nan/inf positions differ)
  [33743] CRASH    w53:357 executor process died (native abort)
  [33750] CRASH    w53:359 executor process died (native abort)
  [33752] CRASH    w53:384 executor process died (native abort)
  [33753] CRASH    w53:394 executor process died (native abort)
  [33757] CRASH    w53:375 executor process died (native abort)
  [33763] MISMATCH w53:409 out[0] max|delta|=3.999e-01 (rtol=0.01 atol=0.001)
  [33767] CRASH    w53:407 executor process died (native abort)
  [33768] CRASH    w53:411 executor process died (native abort)
  [33769] CRASH    w53:413 executor process died (native abort)
  [t=1264s] 33771/55756 (26.7/s)  ok=28748 mism=1191 crash=2731 timeout=0 skip=1101  |  inflight=15
  [33822] MISMATCH w53:498 out[0] max|delta|=7.000e+00 (rtol=0.0 atol=0.0)
  [33828] MISMATCH w53:505 out[0] max|delta|=7.206e+16 (rtol=0.0 atol=0.0)
  [33869] CRASH    w53:56 executor process died (native abort)
  [33870] CRASH    w53:557 executor process died (native abort)
  [33871] MISMATCH w53:57 out[0] max|delta|=4.295e+09 (rtol=0.0 atol=0.0)
  [33872] CRASH    w53:552 executor process died (native abort)
  [33873] CRASH    w53:574 executor process died (native abort)
  [33878] MISMATCH w53:581 out[0] max|delta|=9.223e+18 (rtol=0.01 atol=0.001)
  [33879] MISMATCH w53:571 out[0] max|delta|=1.000e+00 (rtol=0.0 atol=0.0)
  [33882] MISMATCH w53:584 out[0] non-finite mismatch (nan/inf positions differ)
  [33901] CRASH    w53:603 executor process died (native abort)
  [33902] CRASH    w53:612 executor process died (native abort)
  [33903] CRASH    w53:614 executor process died (native abort)
  [33904] CRASH    w53:619 executor process died (native abort)
  [33911] MISMATCH w53:630 out[0] max|delta|=4.000e+00 (rtol=0.0 atol=0.0)
  [33924] MISMATCH w53:647 out[0] max|delta|=1.288e+10 (rtol=0.0 atol=0.0)
  [33973] MISMATCH w53:726 out[0] max|delta|=5.000e+00 (rtol=0.0 atol=0.0)
  [33979] MISMATCH w53:733 out[0] max|delta|=2.882e+17 (rtol=0.0 atol=0.0)
  [34001] CRASH    w53:741 executor process died (native abort)
  [34006] CRASH    w53:770 executor process died (native abort)
  [34009] CRASH    w53:85 executor process died (native abort)
  [34010] CRASH    w53:86 executor process died (native abort)
  [34013] MISMATCH w53:93 out[0] non-finite mismatch (nan/inf positions differ)
  [34023] CRASH    w53:98 executor process died (native abort)
  [34029] CRASH    w54:114 executor process died (native abort)
  [34034] CRASH    w54:119 executor process died (native abort)
  [34043] CRASH    w54:115 executor process died (native abort)
  [34045] MISMATCH w54:150 out[0] max|delta|=4.295e+09 (rtol=0.0 atol=0.0)
  [34046] CRASH    w54:148 executor process died (native abort)
  [34051] MISMATCH w54:165 out[0] max|delta|=7.000e+00 (rtol=0.0 atol=0.0)
  [34053] CRASH    w54:136 executor process died (native abort)
  [34071] CRASH    w54:187 executor process died (native abort)
  [34099] MISMATCH w54:224 out[0] non-finite mismatch (nan/inf positions differ)
  [34111] MISMATCH w54:248 out[0] max|delta|=2.147e+09 (rtol=0.0 atol=0.0)
  [34116] MISMATCH w54:251 out[0] max|delta|=6.918e+18 (rtol=0.01 atol=0.001)
  [34144] CRASH    w54:284 executor process died (native abort)
  [34145] CRASH    w54:279 executor process died (native abort)
  [34146] CRASH    w54:303 executor process died (native abort)
  [34147] CRASH    w54:296 executor process died (native abort)
  [34163] CRASH    w54:314 executor process died (native abort)
  [34170] CRASH    w54:342 executor process died (native abort)
  [34171] CRASH    w54:308 executor process died (native abort)
  [34174] CRASH    w54:348 executor process died (native abort)
  [34199] CRASH    w54:385 executor process died (native abort)
  [34206] CRASH    w54:358 executor process died (native abort)
  [t=1279s] 34221/55756 (26.8/s)  ok=29138 mism=1207 crash=2760 timeout=0 skip=1116  |  inflight=15
  [34247] MISMATCH w54:48 out[0] max|delta|=4.000e+00 (rtol=0.0 atol=0.0)
  [34281] CRASH    w54:524 executor process died (native abort)
  [34282] CRASH    w54:514 executor process died (native abort)
  [34283] CRASH    w54:53 executor process died (native abort)
  [34284] CRASH    w54:536 executor process died (native abort)
  [34305] CRASH    w54:562 executor process died (native abort)
  [34310] CRASH    w54:576 executor process died (native abort)
  [34315] CRASH    w54:584 executor process died (native abort)
  [34324] CRASH    w54:61 executor process died (native abort)
  [34346] CRASH    w54:632 executor process died (native abort)
  [34352] CRASH    w54:646 executor process died (native abort)
  [34377] MISMATCH w54:70 out[0] max|delta|=4.000e+00 (rtol=0.0 atol=0.0)
  [34407] CRASH    w54:726 executor process died (native abort)
  [34413] CRASH    w54:733 executor process died (native abort)
  [34415] CRASH    w54:758 executor process died (native abort)
  [34416] MISMATCH w54:754 out[0] max|delta|=4.000e+00 (rtol=0.0 atol=0.0)
  [34417] CRASH    w54:764 executor process died (native abort)
  [34433] CRASH    w54:775 executor process died (native abort)
  [34456] MISMATCH w55:121 out[0] max|delta|=2.550e+02 (rtol=0.0 atol=0.0)
  [34459] CRASH    w55:108 executor process died (native abort)
  [34462] CRASH    w55:114 executor process died (native abort)
  [34467] CRASH    w55:127 executor process died (native abort)
  [34470] CRASH    w55:147 executor process died (native abort)
  [34494] CRASH    w55:144 executor process died (native abort)
  [34497] CRASH    w55:183 executor process died (native abort)
  [34498] CRASH    w55:185 executor process died (native abort)
  [34556] CRASH    w55:282 executor process died (native abort)
  [34557] CRASH    w55:284 executor process died (native abort)
  [34558] CRASH    w55:262 executor process died (native abort)
  [34559] CRASH    w55:288 executor process died (native abort)
  [34579] CRASH    w55:313 executor process died (native abort)
  [34588] CRASH    w55:314 executor process died (native abort)
  [34595] CRASH    w55:355 executor process died (native abort)
  [34597] CRASH    w55:359 executor process died (native abort)
  [34609] MISMATCH w55:382 out[0] max|delta|=5.033e+07 (rtol=0.0 atol=0.0)
  [34613] CRASH    w55:372 executor process died (native abort)
  [34614] MISMATCH w55:385 out[0] max|delta|=6.918e+18 (rtol=0.0 atol=0.0)
  [34633] CRASH    w55:410 executor process died (native abort)
  [34644] MISMATCH w55:431 out[0] max|delta|=4.000e+00 (rtol=0.0 atol=0.0)
  [t=1294s] 34649/55756 (26.8/s)  ok=29510 mism=1214 crash=2792 timeout=0 skip=1133  |  inflight=15
  [34697] CRASH    w55:42 executor process died (native abort)
  [34702] CRASH    w55:512 executor process died (native abort)
  [34706] CRASH    w55:526 executor process died (native abort)
  [34707] CRASH    w55:54 executor process died (native abort)
  [34716] CRASH    w55:542 executor process died (native abort)
  [34729] CRASH    w55:56 executor process died (native abort)
  [34730] CRASH    w55:564 executor process died (native abort)
  [34733] CRASH    w55:575 executor process died (native abort)
  [34734] CRASH    w55:583 executor process died (native abort)
  [34745] MISMATCH w55:600 out[0] max|delta|=6.389e+00 (rtol=0.01 atol=0.001)
  [34774] CRASH    w55:641 executor process died (native abort)
  [34780] CRASH    w55:648 executor process died (native abort)
  [34795] MISMATCH w55:676 out[0] max|delta|=4.295e+09 (rtol=0.0 atol=0.0)
  [34807] MISMATCH w55:71 out[0] max|delta|=5.000e+00 (rtol=0.0 atol=0.0)
  [34822] MISMATCH w55:705 out[0] max|delta|=4.295e+09 (rtol=0.0 atol=0.0)
  [34838] MISMATCH w55:762 out[0] max|delta|=5.765e+17 (rtol=0.0 atol=0.0)
  [34841] CRASH    w55:744 executor process died (native abort)
  [34847] CRASH    w55:756 executor process died (native abort)
  [34848] MISMATCH w55:78 out[0] max|delta|=5.765e+17 (rtol=0.0 atol=0.0)
  [34849] CRASH    w55:769 executor process died (native abort)
  [34850] CRASH    w55:82 executor process died (native abort)
  [34873] CRASH    w56:0 executor process died (native abort)
  [34879] CRASH    w56:108 executor process died (native abort)
  [34880] CRASH    w56:12 executor process died (native abort)
  [34881] CRASH    w56:125 executor process died (native abort)
  [34913] CRASH    w56:153 executor process died (native abort)
  [34914] MISMATCH w56:183 out[0] max|delta|=6.918e+18 (rtol=0.01 atol=0.001)
  [34930] CRASH    w56:208 executor process died (native abort)
  [34932] CRASH    w56:211 executor process died (native abort)
  [35023] CRASH    w56:340 executor process died (native abort)
  [35034] CRASH    w56:368 executor process died (native abort)
  [35037] MISMATCH w56:403 out[0] max|delta|=3.561e+00 (rtol=0.01 atol=0.001)
  [35041] CRASH    w56:401 executor process died (native abort)
  [35046] MISMATCH w56:411 out[0] non-finite mismatch (nan/inf positions differ)
  [35054] CRASH    w56:412 executor process died (native abort)
  [35057] CRASH    w56:399 executor process died (native abort)
  [35060] CRASH    w56:430 executor process died (native abort)
  [35064] CRASH    w56:439 executor process died (native abort)
  [35065] CRASH    w56:446 executor process died (native abort)
  [35078] MISMATCH w56:464 out[0] max|delta|=3.999e-01 (rtol=0.01 atol=0.001)
  [35127] MISMATCH w56:553 out[0] max|delta|=7.000e+00 (rtol=0.0 atol=0.0)
  [t=1309s] 35127/55756 (26.8/s)  ok=29932 mism=1225 crash=2822 timeout=0 skip=1148  |  inflight=15
  [35133] MISMATCH w56:560 out[0] max|delta|=1.729e+18 (rtol=0.0 atol=0.0)
  [35145] MISMATCH w56:578 out[0] non-finite mismatch (nan/inf positions differ)
  [35174] CRASH    w56:60 executor process died (native abort)
  [35176] MISMATCH w56:636 out[0] max|delta|=8.647e+17 (rtol=0.0 atol=0.0)
  [35179] CRASH    w56:627 executor process died (native abort)
  [35180] MISMATCH w56:639 out[0] non-finite mismatch (nan/inf positions differ)
  [35184] CRASH    w56:629 executor process died (native abort)
  [35195] CRASH    w56:664 executor process died (native abort)
  [35197] CRASH    w56:667 executor process died (native abort)
  [35198] CRASH    w56:640 executor process died (native abort)
  [35199] CRASH    w56:669 executor process died (native abort)
  [35210] CRASH    w56:68 executor process died (native abort)
  [35216] CRASH    w56:677 executor process died (native abort)
  [35218] CRASH    w56:696 executor process died (native abort)
  [35219] CRASH    w56:7 executor process died (native abort)
  [35220] CRASH    w56:691 executor process died (native abort)
  [35288] MISMATCH w57:106 out[0] max|delta|=9.223e+18 (rtol=0.0 atol=0.0)
  [35293] MISMATCH w57:113 out[0] max|delta|=3.000e+00 (rtol=0.0 atol=0.0)
  [35299] MISMATCH w57:120 out[0] max|delta|=1.000e+00 (rtol=0.0 atol=0.0)
  [35301] MISMATCH w57:12 out[0] max|delta|=1.794e+00 (rtol=0.01 atol=0.001)
  [35313] CRASH    w57:136 executor process died (native abort)
  [35314] CRASH    w57:135 executor process died (native abort)
  [35315] CRASH    w57:14 executor process died (native abort)
  [35316] CRASH    w57:142 executor process died (native abort)
  [35323] MISMATCH w57:149 out[0] max|delta|=1.000e+00 (rtol=0.0 atol=0.0)
  [35326] CRASH    w57:155 executor process died (native abort)
  [35333] CRASH    w57:159 executor process died (native abort)
  [35334] MISMATCH w57:172 out[0] max|delta|=4.292e+00 (rtol=0.01 atol=0.001)
  [35340] CRASH    w57:175 executor process died (native abort)
  [35345] CRASH    w57:186 executor process died (native abort)
  [35369] CRASH    w57:204 executor process died (native abort)
  [35376] CRASH    w57:213 executor process died (native abort)
  [35416] CRASH    w57:277 executor process died (native abort)
  [35425] CRASH    w57:290 executor process died (native abort)
  [35430] CRASH    w57:310 executor process died (native abort)
  [35444] MISMATCH w57:348 out[0] max|delta|=1.000e+00 (rtol=0.0 atol=0.0)
  [35455] CRASH    w57:316 executor process died (native abort)
  [35456] MISMATCH w57:361 out[0] max|delta|=2.147e+10 (rtol=0.0 atol=0.0)
  [35458] CRASH    w57:364 executor process died (native abort)
  [35459] CRASH    w57:370 executor process died (native abort)
  [35460] CRASH    w57:371 executor process died (native abort)
  [35470] CRASH    w57:383 executor process died (native abort)
  [35471] CRASH    w57:386 executor process died (native abort)
  [35472] CRASH    w57:387 executor process died (native abort)
  [35473] CRASH    w57:375 executor process died (native abort)
  [t=1324s] 35482/55756 (26.8/s)  ok=30228 mism=1237 crash=2855 timeout=0 skip=1162  |  inflight=15
  [35489] MISMATCH w57:413 out[0] max|delta|=2.147e+09 (rtol=0.0 atol=0.0)
  [35520] MISMATCH w57:460 out[0] max|delta|=3.000e+00 (rtol=0.0 atol=0.0)
  [35551] CRASH    w57:468 executor process died (native abort)
  [35552] CRASH    w57:500 executor process died (native abort)
  [35553] CRASH    w57:509 executor process died (native abort)
  [35554] CRASH    w57:510 executor process died (native abort)
  [35562] CRASH    w57:520 executor process died (native abort)
  [35578] CRASH    w57:538 executor process died (native abort)
  [35583] CRASH    w57:544 executor process died (native abort)
  [35590] CRASH    w57:569 executor process died (native abort)
  [35604] CRASH    w57:592 executor process died (native abort)
  [35607] CRASH    w57:599 executor process died (native abort)
  [35626] MISMATCH w57:638 out[0] non-finite mismatch (nan/inf positions differ)
  [35629] MISMATCH w57:641 out[0] non-finite mismatch (nan/inf positions differ)
  [35656] MISMATCH w57:688 out[0] max|delta|=4.000e+00 (rtol=0.0 atol=0.0)
  [35659] CRASH    w57:660 executor process died (native abort)
  [35660] MISMATCH w57:694 out[0] max|delta|=3.999e-01 (rtol=0.01 atol=0.001)
  [35664] CRASH    w57:674 executor process died (native abort)
  [35669] CRASH    w57:693 executor process died (native abort)
  [35670] CRASH    w57:709 executor process died (native abort)
  [35688] CRASH    w57:733 executor process died (native abort)
  [35692] CRASH    w57:740 executor process died (native abort)
  [35697] CRASH    w57:748 executor process died (native abort)
  [35711] CRASH    w57:772 executor process died (native abort)
  [35715] CRASH    w57:754 executor process died (native abort)
  [35716] CRASH    w57:82 executor process died (native abort)
  [35717] CRASH    w57:88 executor process died (native abort)
  [35718] MISMATCH w57:84 out[0] max|delta|=4.295e+09 (rtol=0.0 atol=0.0)
  [35738] CRASH    w58:119 executor process died (native abort)
  [35766] MISMATCH w58:181 out[0] max|delta|=2.882e+17 (rtol=0.0 atol=0.0)
  [35776] MISMATCH w58:19 out[0] max|delta|=3.189e+00 (rtol=0.01 atol=0.001)
  [35793] MISMATCH w58:224 out[0] max|delta|=1.000e+00 (rtol=0.0 atol=0.0)
  [35794] MISMATCH w58:225 out[0] non-finite mismatch (nan/inf positions differ)
  [35837] CRASH    w58:279 executor process died (native abort)
  [35838] CRASH    w58:285 executor process died (native abort)
  [35839] CRASH    w58:290 executor process died (native abort)
  [35840] CRASH    w58:298 executor process died (native abort)
  [35854] MISMATCH w58:32 out[0] max|delta|=6.918e+18 (rtol=0.01 atol=0.001)
  [35862] CRASH    w58:315 executor process died (native abort)
  [35863] MISMATCH w58:330 out[0] max|delta|=4.000e+00 (rtol=0.0 atol=0.0)
  [35866] CRASH    w58:323 executor process died (native abort)
  [35872] CRASH    w58:328 executor process died (native abort)
  [35873] MISMATCH w58:352 out[0] max|delta|=2.577e+10 (rtol=0.0 atol=0.0)
  [35884] CRASH    w58:365 executor process died (native abort)
  [35887] CRASH    w58:367 executor process died (native abort)
  [35893] MISMATCH w58:373 out[0] non-finite mismatch (nan/inf positions differ)
  [35905] MISMATCH w58:387 out[0] max|delta|=4.295e+09 (rtol=0.0 atol=0.0)
  [t=1339s] 35907/55756 (26.8/s)  ok=30592 mism=1253 crash=2886 timeout=0 skip=1176  |  inflight=15
  [35934] MISMATCH w58:453 out[0] non-finite mismatch (nan/inf positions differ)
  [35952] MISMATCH w58:485 out[0] non-finite mismatch (nan/inf positions differ)
  [35955] MISMATCH w58:488 out[0] max|delta|=2.147e+09 (rtol=0.0 atol=0.0)
  [35968] CRASH    w58:5 executor process died (native abort)
  [35969] CRASH    w58:51 executor process died (native abort)
  [35970] CRASH    w58:491 executor process died (native abort)
  [35971] CRASH    w58:507 executor process died (native abort)
  [35976] CRASH    w58:516 executor process died (native abort)
  [35977] MISMATCH w58:513 out[0] max|delta|=4.000e+00 (rtol=0.0 atol=0.0)
  [35981] CRASH    w58:523 executor process died (native abort)
  [35983] CRASH    w58:514 executor process died (native abort)
  [35984] CRASH    w58:533 executor process died (native abort)
  [35990] CRASH    w58:540 executor process died (native abort)
  [35998] MISMATCH w58:535 out[0] max|delta|=4.000e+00 (rtol=0.0 atol=0.0)
  [36015] CRASH    w58:57 executor process died (native abort)
  [36019] MISMATCH w58:598 out[0] max|delta|=1.280e+02 (rtol=0.0 atol=0.0)
  [36051] CRASH    w58:621 executor process died (native abort)
  [36054] MISMATCH w58:651 out[0] max|delta|=1.000e+00 (rtol=0.0 atol=0.0)
  [36063] CRASH    w58:658 executor process died (native abort)
  [36064] CRASH    w58:644 executor process died (native abort)
  [36067] CRASH    w58:666 executor process died (native abort)
  [36068] CRASH    w58:67 executor process died (native abort)
  [36070] CRASH    w58:667 executor process died (native abort)
  [36076] MISMATCH w58:690 out[0] max|delta|=4.000e+00 (rtol=0.0 atol=0.0)
  [36081] CRASH    w58:674 executor process died (native abort)
  [36086] MISMATCH w58:703 out[0] max|delta|=3.000e+00 (rtol=0.0 atol=0.0)
  [36087] CRASH    w58:70 executor process died (native abort)
  [36088] CRASH    w58:704 executor process died (native abort)
  [36097] MISMATCH w58:716 out[0] max|delta|=6.918e+18 (rtol=0.0 atol=0.0)
  [36124] MISMATCH w58:762 out[0] max|delta|=4.000e+00 (rtol=0.0 atol=0.0)
  [36126] CRASH    w58:744 executor process died (native abort)
  [36129] CRASH    w58:754 executor process died (native abort)
  [36130] CRASH    w58:761 executor process died (native abort)
  [36131] CRASH    w58:771 executor process died (native abort)
  [36171] MISMATCH w59:128 out[0] max|delta|=8.000e+00 (rtol=0.0 atol=0.0)
  [36210] CRASH    w59:172 executor process died (native abort)
  [36211] CRASH    w59:176 executor process died (native abort)
  [36212] CRASH    w59:171 executor process died (native abort)
  [36213] CRASH    w59:182 executor process died (native abort)
  [36227] CRASH    w59:201 executor process died (native abort)
  [36231] MISMATCH w59:214 out[0] max|delta|=1.611e+09 (rtol=0.01 atol=0.001)
  [36232] CRASH    w59:188 executor process died (native abort)
  [36238] CRASH    w59:21 executor process died (native abort)
  [36244] MISMATCH w59:211 out[0] max|delta|=9.223e+18 (rtol=0.01 atol=0.001)
  [36247] CRASH    w59:239 executor process died (native abort)
  [36250] CRASH    w59:244 executor process died (native abort)
  [36259] MISMATCH w59:260 out[0] max|delta|=4.000e+00 (rtol=0.0 atol=0.0)
  [36262] CRASH    w59:259 executor process died (native abort)
  [t=1354s] 36285/55756 (26.8/s)  ok=30910 mism=1268 crash=2919 timeout=0 skip=1188  |  inflight=15
  [36310] CRASH    w59:319 executor process died (native abort)
  [36317] CRASH    w59:266 executor process died (native abort)
  [36321] CRASH    w59:345 executor process died (native abort)
  [36330] CRASH    w59:371 executor process died (native abort)
  [36349] CRASH    w59:399 executor process died (native abort)
  [36350] MISMATCH w59:377 out[0] max|delta|=1.000e+00 (rtol=0.0 atol=0.0)
  [36352] CRASH    w59:41 executor process died (native abort)
  [36353] CRASH    w59:412 executor process died (native abort)
  [36355] CRASH    w59:410 executor process died (native abort)
  [36363] CRASH    w59:415 executor process died (native abort)
  [36364] CRASH    w59:429 executor process died (native abort)
  [36375] MISMATCH w59:442 out[0] max|delta|=9.223e+18 (rtol=0.01 atol=0.001)
  [36412] MISMATCH w59:497 out[0] non-finite mismatch (nan/inf positions differ)
  [36460] CRASH    w59:36 executor unavailable
  [36464] MISMATCH w59:591 out[0] max|delta|=1.074e+09 (rtol=0.0 atol=0.0)
  [36471] CRASH    w59:583 executor process died (native abort)
  [36478] CRASH    w59:606 executor process died (native abort)
  [36480] CRASH    w59:612 executor process died (native abort)
  [36490] CRASH    w59:620 executor process died (native abort)
  [36491] MISMATCH w59:635 out[0] non-finite mismatch (nan/inf positions differ)
  [36496] CRASH    w59:640 executor process died (native abort)
  [36497] CRASH    w59:643 executor process died (native abort)
  [36501] CRASH    w59:644 executor process died (native abort)
  [36507] MISMATCH w59:657 out[0] max|delta|=1.157e+00 (rtol=0.01 atol=0.001)
  [36515] MISMATCH w59:670 out[0] max|delta|=1.611e+09 (rtol=0.0 atol=0.0)
  [36550] MISMATCH w59:725 out[0] non-finite mismatch (nan/inf positions differ)
  [36554] CRASH    w59:689 executor process died (native abort)
  [36568] CRASH    w59:738 executor process died (native abort)
  [36583] CRASH    w59:77 executor process died (native abort)
  [36591] CRASH    w59:82 executor process died (native abort)
  [36595] CRASH    w59:93 executor process died (native abort)
  [36600] CRASH    w6:109 executor process died (native abort)
  [36610] CRASH    w6:10 executor process died (native abort)
  [36614] CRASH    w6:120 executor process died (native abort)
  [36616] MISMATCH w6:115 out[0] max|delta|=1.288e+10 (rtol=0.0 atol=0.0)
  [36626] CRASH    w6:149 executor process died (native abort)
  [36636] CRASH    w6:139 executor process died (native abort)
  [36643] CRASH    w6:177 executor process died (native abort)
  [36666] MISMATCH w6:223 out[0] max|delta|=4.000e+00 (rtol=0.0 atol=0.0)
  [t=1369s] 36667/55756 (26.8/s)  ok=31239 mism=1278 crash=2948 timeout=0 skip=1202  |  inflight=15
  [36687] MISMATCH w6:253 out[0] non-finite mismatch (nan/inf positions differ)
  [36705] MISMATCH w6:280 out[0] non-finite mismatch (nan/inf positions differ)
  [36711] MISMATCH w6:277 out[0] max|delta|=1.074e+09 (rtol=0.0 atol=0.0)
  [36719] CRASH    w6:281 executor process died (native abort)
  [36721] MISMATCH w6:306 out[0] max|delta|=4.295e+09 (rtol=0.0 atol=0.0)
  [36723] CRASH    w6:3 executor process died (native abort)
  [36724] CRASH    w6:300 executor process died (native abort)
  [36725] CRASH    w6:308 executor process died (native abort)
  [36732] CRASH    w6:318 executor process died (native abort)
  [36749] CRASH    w6:313 executor process died (native abort)
  [36751] CRASH    w6:337 executor process died (native abort)
  [36756] CRASH    w6:348 executor process died (native abort)
  [36759] CRASH    w6:367 executor process died (native abort)
  [36765] CRASH    w6:371 executor process died (native abort)
  [36766] CRASH    w6:372 executor process died (native abort)
  [36770] CRASH    w6:377 executor process died (native abort)
  [36776] MISMATCH w6:39 out[0] max|delta|=3.296e+00 (rtol=0.01 atol=0.001)
  [36800] MISMATCH w6:429 out[0] max|delta|=5.765e+17 (rtol=0.0 atol=0.0)
  [36849] MISMATCH w6:505 out[0] max|delta|=9.223e+18 (rtol=0.0 atol=0.0)
  [36852] CRASH    w6:496 executor process died (native abort)
  [36859] CRASH    w6:478 executor process died (native abort)
  [36860] MISMATCH w6:52 out[0] max|delta|=6.918e+18 (rtol=0.01 atol=0.001)
  [36868] CRASH    w6:536 executor process died (native abort)
  [36870] CRASH    w6:538 executor process died (native abort)
  [36875] CRASH    w6:541 executor process died (native abort)
  [36887] CRASH    w6:560 executor process died (native abort)
  [36891] CRASH    w6:565 executor process died (native abort)
  [36897] CRASH    w6:571 executor process died (native abort)
  [36906] CRASH    w6:595 executor process died (native abort)
  [36927] CRASH    w6:621 executor process died (native abort)
  [36933] MISMATCH w6:650 out[0] max|delta|=3.000e+00 (rtol=0.0 atol=0.0)
  [36985] MISMATCH w6:736 out[0] max|delta|=6.918e+18 (rtol=0.01 atol=0.001)
  [36989] CRASH    w6:726 executor process died (native abort)
  [37000] CRASH    w6:739 executor process died (native abort)
  [37003] CRASH    w6:761 executor process died (native abort)
  [37004] CRASH    w6:77 executor process died (native abort)
  [37011] CRASH    w6:764 executor process died (native abort)
  [37013] CRASH    w6:781 executor process died (native abort)
  [37014] CRASH    w6:80 executor process died (native abort)
  [37015] CRASH    w6:774 executor process died (native abort)
  [37036] CRASH    w60:1 executor process died (native abort)
  [37039] CRASH    w60:111 executor process died (native abort)
  [37040] CRASH    w60:12 executor process died (native abort)
  [37041] CRASH    w6:90 executor process died (native abort)
  [37048] MISMATCH w60:128 out[0] non-finite mismatch (nan/inf positions differ)
  [t=1384s] 37052/55756 (26.8/s)  ok=31566 mism=1289 crash=2982 timeout=0 skip=1215  |  inflight=15
  [37087] MISMATCH w60:186 out[0] non-finite mismatch (nan/inf positions differ)
  [37107] MISMATCH w60:222 out[0] max|delta|=7.206e+16 (rtol=0.0 atol=0.0)
  [37119] CRASH    w60:230 executor process died (native abort)
  [37122] CRASH    w60:243 executor process died (native abort)
  [37124] CRASH    w60:125 executor process died (native abort)
  [37125] CRASH    w60:251 executor process died (native abort)
  [37137] CRASH    w60:271 executor process died (native abort)
  [37138] CRASH    w60:274 executor process died (native abort)
  [37139] CRASH    w60:275 executor process died (native abort)
  [37149] CRASH    w60:288 executor process died (native abort)
  [37151] MISMATCH w60:298 out[0] max|delta|=5.765e+17 (rtol=0.01 atol=0.001)
  [37153] CRASH    w60:291 executor process died (native abort)
  [37156] MISMATCH w60:301 out[0] max|delta|=6.918e+18 (rtol=0.01 atol=0.001)
  [37164] CRASH    w60:31 executor process died (native abort)
  [37173] CRASH    w60:320 executor process died (native abort)
  [37263] CRASH    w60:406 executor process died (native abort)
  [37271] CRASH    w60:47 executor process died (native abort)
  [37274] CRASH    w60:486 executor process died (native abort)
  [37277] CRASH    w60:503 executor process died (native abort)
  [37280] CRASH    w60:477 executor process died (native abort)
  [37294] CRASH    w60:519 executor process died (native abort)
  [37295] MISMATCH w60:529 out[0] max|delta|=6.918e+18 (rtol=0.0 atol=0.0)
  [37321] MISMATCH w60:573 out[0] max|delta|=1.172e-02 (rtol=0.01 atol=0.001)
  [37392] CRASH    w60:670 executor process died (native abort)
  [37398] CRASH    w60:693 executor process died (native abort)
  [37402] CRASH    w60:696 executor process died (native abort)
  [37403] CRASH    w60:714 executor process died (native abort)
  [37408] CRASH    w60:719 executor process died (native abort)
  [37413] MISMATCH w60:73 out[0] max|delta|=2.147e+09 (rtol=0.0 atol=0.0)
  [37417] CRASH    w60:730 executor process died (native abort)
  [37422] CRASH    w60:731 executor process died (native abort)
  [37428] CRASH    w60:744 executor process died (native abort)
  [37432] MISMATCH w60:757 out[0] max|delta|=1.611e+09 (rtol=0.0 atol=0.0)
  [37448] MISMATCH w60:8 out[0] max|delta|=2.550e+02 (rtol=0.0 atol=0.0)
  [37451] CRASH    w60:776 executor process died (native abort)
  [37455] MISMATCH w60:87 out[0] max|delta|=1.593e+00 (rtol=0.01 atol=0.001)
  [37456] CRASH    w60:746 executor process died (native abort)
  [37457] CRASH    w60:93 executor process died (native abort)
  [37458] CRASH    w60:92 executor process died (native abort)
  [37461] MISMATCH w61:10 out[0] non-finite mismatch (nan/inf positions differ)
  [t=1399s] 37461/55756 (26.8/s)  ok=31922 mism=1300 crash=3011 timeout=0 skip=1228  |  inflight=15
  [37465] MISMATCH w61:104 out[0] max|delta|=4.612e+18 (rtol=0.0 atol=0.0)
  [37480] MISMATCH w61:122 out[0] non-finite mismatch (nan/inf positions differ)
  [37519] MISMATCH w61:180 out[0] max|delta|=9.223e+18 (rtol=0.01 atol=0.001)
  [37521] MISMATCH w61:18 out[0] max|delta|=2.147e+10 (rtol=0.0 atol=0.0)
  [37542] CRASH    w61:202 executor process died (native abort)
  [37543] CRASH    w61:203 executor process died (native abort)
  [37544] CRASH    w61:211 executor process died (native abort)
  [37545] CRASH    w61:218 executor process died (native abort)
  [37562] CRASH    w61:235 executor process died (native abort)
  [37571] CRASH    w61:240 executor process died (native abort)
  [37580] CRASH    w61:270 executor process died (native abort)
  [37615] CRASH    w61:324 executor process died (native abort)
  [37634] MISMATCH w61:376 out[0] non-finite mismatch (nan/inf positions differ)
  [37655] MISMATCH w61:408 out[0] max|delta|=9.223e+18 (rtol=0.01 atol=0.001)
  [37657] MISMATCH w61:411 out[0] non-finite mismatch (nan/inf positions differ)
  [37681] CRASH    w61:430 executor process died (native abort)
  [37695] CRASH    w61:463 executor process died (native abort)
  [37697] CRASH    w61:466 executor process died (native abort)
  [37702] CRASH    w61:468 executor process died (native abort)
  [37716] CRASH    w61:494 executor process died (native abort)
  [37718] CRASH    w61:498 executor process died (native abort)
  [37719] CRASH    w61:503 executor process died (native abort)
  [37720] CRASH    w61:479 executor process died (native abort)
  [37722] CRASH    w61:502 executor process died (native abort)
  [37725] CRASH    w61:516 executor process died (native abort)
  [37726] CRASH    w61:507 executor process died (native abort)
  [37752] MISMATCH w61:560 out[0] max|delta|=7.206e+16 (rtol=0.0 atol=0.0)
  [37762] MISMATCH w61:574 out[0] max|delta|=1.000e+00 (rtol=0.0 atol=0.0)
  [37801] MISMATCH w61:636 out[0] max|delta|=9.223e+18 (rtol=0.01 atol=0.001)
  [37803] MISMATCH w61:626 out[0] max|delta|=3.063e+00 (rtol=0.01 atol=0.001)
  [37804] MISMATCH w61:639 out[0] max|delta|=2.147e+09 (rtol=0.0 atol=0.0)
  [37808] CRASH    w61:627 executor process died (native abort)
  [37817] CRASH    w61:640 executor process died (native abort)
  [37820] CRASH    w61:658 executor process died (native abort)
  [37821] CRASH    w61:667 executor process died (native abort)
  [37824] CRASH    w61:672 executor process died (native abort)
  [37827] CRASH    w61:664 executor process died (native abort)
  [37840] CRASH    w61:691 executor process died (native abort)
  [37841] CRASH    w61:696 executor process died (native abort)
  [37842] CRASH    w61:674 executor process died (native abort)
  [37844] MISMATCH w61:702 out[0] max|delta|=3.006e+10 (rtol=0.0 atol=0.0)
  [37861] CRASH    w61:726 executor process died (native abort)
  [37862] CRASH    w61:731 executor process died (native abort)
  [37864] CRASH    w61:730 executor process died (native abort)
  [t=1414s] 37871/55756 (26.8/s)  ok=32272 mism=1313 crash=3042 timeout=0 skip=1244  |  inflight=15
  [37884] MISMATCH w61:735 out[0] max|delta|=4.000e+00 (rtol=0.0 atol=0.0)
  [37943] CRASH    w62:160 executor process died (native abort)
  [37944] CRASH    w62:158 executor process died (native abort)
  [37945] CRASH    w62:164 executor process died (native abort)
  [37946] CRASH    w62:174 executor process died (native abort)
  [37947] MISMATCH w62:175 out[0] max|delta|=7.000e+00 (rtol=0.0 atol=0.0)
  [37956] CRASH    w62:186 executor process died (native abort)
  [37965] CRASH    w62:190 executor process died (native abort)
  [37970] CRASH    w62:20 executor process died (native abort)
  [37973] CRASH    w62:212 executor process died (native abort)
  [37976] MISMATCH w62:226 out[0] non-finite mismatch (nan/inf positions differ)
  [37984] CRASH    w62:231 executor process died (native abort)
  [37989] CRASH    w62:234 executor process died (native abort)
  [37992] MISMATCH w62:248 out[0] max|delta|=2.549e+00 (rtol=0.01 atol=0.001)
  [38003] MISMATCH w62:261 out[0] max|delta|=6.918e+18 (rtol=0.0 atol=0.0)
  [38005] MISMATCH w62:262 out[0] non-finite mismatch (nan/inf positions differ)
  [38009] MISMATCH w62:267 out[0] max|delta|=1.000e+00 (rtol=0.0 atol=0.0)
  [38028] MISMATCH w62:30 out[0] max|delta|=7.206e+16 (rtol=0.0 atol=0.0)
  [38041] MISMATCH w62:316 out[0] non-finite mismatch (nan/inf positions differ)
  [38045] CRASH    w62:280 executor process died (native abort)
  [38047] MISMATCH w62:324 out[0] max|delta|=1.288e+10 (rtol=0.0 atol=0.0)
  [38051] MISMATCH w62:33 out[0] max|delta|=9.223e+18 (rtol=0.01 atol=0.001)
  [38063] CRASH    w62:329 executor process died (native abort)
  [38064] CRASH    w62:353 executor process died (native abort)
  [38068] CRASH    w62:357 executor process died (native abort)
  [38091] CRASH    w62:386 executor process died (native abort)
  [38095] MISMATCH w62:410 out[0] max|delta|=9.223e+18 (rtol=0.0 atol=0.0)
  [38099] CRASH    w62:392 executor process died (native abort)
  [38100] MISMATCH w62:417 out[0] max|delta|=4.295e+09 (rtol=0.0 atol=0.0)
  [38101] MISMATCH w62:418 out[0] max|delta|=4.000e+00 (rtol=0.0 atol=0.0)
  [38114] CRASH    w62:428 executor process died (native abort)
  [38121] CRASH    w62:440 executor process died (native abort)
  [38122] CRASH    w62:439 executor process died (native abort)
  [38125] CRASH    w62:451 executor process died (native abort)
  [38126] CRASH    w62:457 executor process died (native abort)
  [38143] MISMATCH w62:486 out[0] max|delta|=9.223e+18 (rtol=0.01 atol=0.001)
  [38147] MISMATCH w62:489 out[0] max|delta|=1.611e+09 (rtol=0.0 atol=0.0)
  [38175] MISMATCH w62:535 out[0] max|delta|=4.000e+00 (rtol=0.0 atol=0.0)
  [38197] CRASH    w62:52 executor process died (native abort)
  [38208] CRASH    w62:581 executor process died (native abort)
  [38209] CRASH    w62:586 executor process died (native abort)
  [38211] CRASH    w62:59 executor process died (native abort)
  [38212] CRASH    w62:594 executor process died (native abort)
  [38218] CRASH    w62:6 executor process died (native abort)
  [38227] CRASH    w62:61 executor process died (native abort)
  [38228] CRASH    w62:614 executor process died (native abort)
  [38231] CRASH    w62:616 executor process died (native abort)
  [38256] CRASH    w62:646 executor process died (native abort)
  [38265] CRASH    w62:68 executor process died (native abort)
  [38266] CRASH    w62:685 executor process died (native abort)
  [38268] CRASH    w62:687 executor process died (native abort)
  [38269] MISMATCH w62:690 out[0] non-finite mismatch (nan/inf positions differ)
  [t=1429s] 38280/55756 (26.8/s)  ok=32617 mism=1331 crash=3076 timeout=0 skip=1256  |  inflight=15
  [38310] MISMATCH w62:750 out[0] non-finite mismatch (nan/inf positions differ)
  [38318] CRASH    w62:736 executor process died (native abort)
  [38333] CRASH    w62:774 executor process died (native abort)
  [38335] CRASH    w62:780 executor process died (native abort)
  [38336] CRASH    w62:88 executor process died (native abort)
  [38337] CRASH    w62:769 executor process died (native abort)
  [38342] MISMATCH w62:96 out[0] max|delta|=3.006e+10 (rtol=0.0 atol=0.0)
  [38350] MISMATCH w63:104 out[0] max|delta|=2.162e+17 (rtol=0.0 atol=0.0)
  [38357] CRASH    w63:10 executor process died (native abort)
  [38367] CRASH    w63:132 executor process died (native abort)
  [38368] CRASH    w63:133 executor process died (native abort)
  [38371] CRASH    w62:90 executor process died (native abort)
  [38372] CRASH    w63:137 executor process died (native abort)
  [38383] CRASH    w63:135 executor process died (native abort)
  [38414] MISMATCH w63:21 out[0] max|delta|=6.000e+00 (rtol=0.0 atol=0.0)
  [38426] CRASH    w63:159 executor process died (native abort)
  [38445] CRASH    w63:241 executor process died (native abort)
  [38452] CRASH    w63:263 executor process died (native abort)
  [38463] CRASH    w63:292 executor process died (native abort)
  [38467] CRASH    w63:293 executor process died (native abort)
  [38469] CRASH    w63:305 executor process died (native abort)
  [38480] MISMATCH w63:322 out[0] max|delta|=1.000e+00 (rtol=0.0 atol=0.0)
  [38487] MISMATCH w63:332 out[0] max|delta|=5.765e+17 (rtol=0.01 atol=0.001)
  [38488] CRASH    w63:323 executor process died (native abort)
  [38497] CRASH    w63:325 executor process died (native abort)
  [38502] MISMATCH w63:36 out[0] max|delta|=4.295e+09 (rtol=0.0 atol=0.0)
  [38506] CRASH    w63:360 executor process died (native abort)
  [38509] CRASH    w63:368 executor process died (native abort)
  [38525] MISMATCH w63:390 out[0] non-finite mismatch (nan/inf positions differ)
  [38577] MISMATCH w63:484 out[0] max|delta|=2.684e+08 (rtol=0.0 atol=0.0)
  [38607] MISMATCH w63:537 out[0] max|delta|=4.000e+00 (rtol=0.0 atol=0.0)
  [38612] CRASH    w63:514 executor process died (native abort)
  [38616] CRASH    w63:533 executor process died (native abort)
  [38617] CRASH    w63:551 executor process died (native abort)
  [38618] CRASH    w63:552 executor process died (native abort)
  [38622] MISMATCH w63:560 out[0] max|delta|=1.441e+17 (rtol=0.01 atol=0.001)
  [38625] MISMATCH w63:563 out[0] max|delta|=6.918e+18 (rtol=0.01 atol=0.001)
  [38628] CRASH    w63:553 executor process died (native abort)
  [38632] CRASH    w63:564 executor process died (native abort)
  [38636] CRASH    w63:566 executor process died (native abort)
  [38639] CRASH    w63:589 executor process died (native abort)
  [38648] CRASH    w63:591 executor process died (native abort)
  [38650] CRASH    w63:598 executor process died (native abort)
  [38654] CRASH    w63:601 executor process died (native abort)
  [t=1444s] 38683/55756 (26.8/s)  ok=32961 mism=1343 crash=3108 timeout=0 skip=1271  |  inflight=15
  [38717] MISMATCH w63:712 out[0] max|delta|=2.306e+18 (rtol=0.0 atol=0.0)
  [38723] CRASH    w63:699 executor process died (native abort)
  [38726] MISMATCH w63:719 out[0] max|delta|=4.000e+00 (rtol=0.0 atol=0.0)
  [38739] CRASH    w63:730 executor process died (native abort)
  [38740] MISMATCH w63:749 out[0] max|delta|=4.295e+09 (rtol=0.0 atol=0.0)
  [38744] CRASH    w63:748 executor process died (native abort)
  [38749] CRASH    w63:761 executor process died (native abort)
  [38751] CRASH    w63:765 executor process died (native abort)
  [38758] CRASH    w63:77 executor process died (native abort)
  [38763] CRASH    w63:778 executor process died (native abort)
  [38770] CRASH    w63:94 executor process died (native abort)
  [38771] CRASH    w63:97 executor process died (native abort)
  [38774] CRASH    w63:779 executor process died (native abort)
  [38775] CRASH    w64:10 executor process died (native abort)
  [38780] CRASH    w64:103 executor process died (native abort)
  [38812] MISMATCH w64:152 out[0] max|delta|=4.000e+00 (rtol=0.0 atol=0.0)
  [38819] MISMATCH w64:16 out[0] max|delta|=5.631e+00 (rtol=0.01 atol=0.001)
  [38835] MISMATCH w64:197 out[0] max|delta|=2.306e+18 (rtol=0.0 atol=0.0)
  [38850] CRASH    w64:179 executor process died (native abort)
  [38854] CRASH    w64:204 executor process died (native abort)
  [38855] CRASH    w64:218 executor process died (native abort)
  [38856] CRASH    w64:226 executor process died (native abort)
  [38859] CRASH    w64:233 executor process died (native abort)
  [38863] CRASH    w64:227 executor process died (native abort)
  [38868] CRASH    w64:246 executor process died (native abort)
  [38871] CRASH    w64:249 executor process died (native abort)
  [38878] CRASH    w64:263 executor process died (native abort)
  [38884] MISMATCH w64:273 out[0] max|delta|=9.223e+18 (rtol=0.0 atol=0.0)
  [38887] MISMATCH w64:276 out[0] max|delta|=6.918e+18 (rtol=0.01 atol=0.001)
  [38888] CRASH    w64:250 executor process died (native abort)
  [38902] CRASH    w64:302 executor process died (native abort)
  [38904] CRASH    w64:304 executor process died (native abort)
  [38905] MISMATCH w64:309 out[0] non-finite mismatch (nan/inf positions differ)
  [38929] MISMATCH w64:331 out[0] max|delta|=2.040e+00 (rtol=0.01 atol=0.001)
  [38939] MISMATCH w64:339 out[0] max|delta|=4.295e+09 (rtol=0.0 atol=0.0)
  [38971] CRASH    w64:401 executor process died (native abort)
  [38975] CRASH    w64:403 executor process died (native abort)
  [38979] CRASH    w64:417 executor process died (native abort)
  [38992] MISMATCH w64:45 out[0] max|delta|=5.765e+17 (rtol=0.01 atol=0.001)
  [39006] CRASH    w64:461 executor process died (native abort)
  [39008] CRASH    w64:472 executor process died (native abort)
  [39009] CRASH    w64:474 executor process died (native abort)
  [39010] CRASH    w64:478 executor process died (native abort)
  [39018] MISMATCH w64:491 out[0] max|delta|=3.006e+00 (rtol=0.01 atol=0.001)
  [39021] MISMATCH w64:48 out[0] non-finite mismatch (nan/inf positions differ)
  [39025] CRASH    w64:493 executor process died (native abort)
  [39030] MISMATCH w64:504 out[0] non-finite mismatch (nan/inf positions differ)
  [39037] CRASH    w64:5 executor process died (native abort)
  [39047] CRASH    w64:532 executor process died (native abort)
  [39051] CRASH    w64:542 executor process died (native abort)
  [39054] MISMATCH w64:550 out[0] max|delta|=4.000e+00 (rtol=0.01 atol=0.001)
  [t=1459s] 39093/55756 (26.8/s)  ok=33306 mism=1359 crash=3143 timeout=0 skip=1285  |  inflight=15
  [39114] MISMATCH w64:653 out[0] max|delta|=5.369e+08 (rtol=0.0 atol=0.0)
  [39130] CRASH    w64:67 executor process died (native abort)
  [39136] CRASH    w64:671 executor process died (native abort)
  [39138] CRASH    w64:690 executor process died (native abort)
  [39139] CRASH    w64:700 executor process died (native abort)
  [39144] CRASH    w64:705 executor process died (native abort)
  [39150] CRASH    w64:706 executor process died (native abort)
  [39156] CRASH    w64:702 executor process died (native abort)
  [39160] CRASH    w64:73 executor process died (native abort)
  [39167] CRASH    w64:733 executor process died (native abort)
  [39168] CRASH    w64:74 executor process died (native abort)
  [39169] MISMATCH w64:732 out[0] max|delta|=6.918e+18 (rtol=0.0 atol=0.0)
  [39173] MISMATCH w64:729 out[0] max|delta|=1.153e+18 (rtol=0.01 atol=0.001)
  [39180] CRASH    w64:76 executor process died (native abort)
  [39183] CRASH    w64:760 executor process died (native abort)
  [39184] CRASH    w64:767 executor process died (native abort)
  [39237] MISMATCH w65:143 out[0] max|delta|=2.000e+00 (rtol=0.01 atol=0.001)
  [39259] MISMATCH w65:176 out[0] max|delta|=2.550e+02 (rtol=0.0 atol=0.0)
  [39265] CRASH    w65:157 executor process died (native abort)
  [39271] CRASH    w65:189 executor process died (native abort)
  [39272] CRASH    w65:198 executor process died (native abort)
  [39273] CRASH    w65:200 executor process died (native abort)
  [39274] CRASH    w65:196 executor process died (native abort)
  [39282] MISMATCH w65:217 out[0] max|delta|=4.000e+00 (rtol=0.0 atol=0.0)
  [39283] CRASH    w65:208 executor process died (native abort)
  [39288] CRASH    w65:215 executor process died (native abort)
  [39289] CRASH    w65:227 executor process died (native abort)
  [39303] CRASH    w65:238 executor process died (native abort)
  [39309] MISMATCH w65:262 out[0] max|delta|=4.295e+09 (rtol=0.0 atol=0.0)
  [39311] CRASH    w65:222 executor process died (native abort)
  [39312] CRASH    w65:257 executor process died (native abort)
  [39313] CRASH    w65:266 executor process died (native abort)
  [39337] MISMATCH w65:297 out[0] max|delta|=4.295e+09 (rtol=0.0 atol=0.0)
  [39346] MISMATCH w65:319 out[0] max|delta|=7.206e+16 (rtol=0.0 atol=0.0)
  [39373] MISMATCH w65:363 out[0] non-finite mismatch (nan/inf positions differ)
  [39378] CRASH    w65:356 executor process died (native abort)
  [39385] CRASH    w65:368 executor process died (native abort)
  [39386] CRASH    w65:372 executor process died (native abort)
  [39387] CRASH    w65:387 executor process died (native abort)
  [39401] CRASH    w65:388 executor process died (native abort)
  [39407] CRASH    w65:39 executor process died (native abort)
  [39412] CRASH    w65:423 executor process died (native abort)
  [39413] CRASH    w65:428 executor process died (native abort)
  [39458] MISMATCH w65:5 out[0] max|delta|=4.295e+09 (rtol=0.0 atol=0.0)
  [t=1474s] 39460/55756 (26.8/s)  ok=33615 mism=1370 crash=3176 timeout=0 skip=1299  |  inflight=15
  [39488] MISMATCH w65:547 out[0] max|delta|=7.206e+16 (rtol=0.0 atol=0.0)
  [39514] CRASH    w65:576 executor process died (native abort)
  [39517] CRASH    w65:588 executor process died (native abort)
  [39518] CRASH    w65:599 executor process died (native abort)
  [39548] CRASH    w65:614 executor process died (native abort)
  [39552] MISMATCH w65:651 out[0] max|delta|=4.000e+00 (rtol=0.0 atol=0.0)
  [39555] CRASH    w65:645 executor process died (native abort)
  [39556] CRASH    w65:654 executor process died (native abort)
  [39557] CRASH    w65:656 executor process died (native abort)
  [39567] CRASH    w65:67 executor process died (native abort)
  [39571] CRASH    w65:671 executor process died (native abort)
  [39572] CRASH    w65:681 executor process died (native abort)
  [39573] CRASH    w65:664 executor process died (native abort)
  [39604] MISMATCH w65:736 out[0] max|delta|=3.200e+01 (rtol=0.0 atol=0.0)
  [39657] CRASH    w66:114 executor process died (native abort)
  [39661] MISMATCH w66:124 out[0] non-finite mismatch (nan/inf positions differ)
  [39663] CRASH    w66:111 executor process died (native abort)
  [39668] CRASH    w65:98 executor process died (native abort)
  [39681] CRASH    w66:149 executor process died (native abort)
  [39690] MISMATCH w66:171 out[0] max|delta|=4.000e+00 (rtol=0.0 atol=0.0)
  [39691] CRASH    w66:159 executor process died (native abort)
  [39705] CRASH    w66:187 executor process died (native abort)
  [39719] CRASH    w66:21 executor process died (native abort)
  [39720] CRASH    w66:216 executor process died (native abort)
  [39725] CRASH    w66:220 executor process died (native abort)
  [39731] MISMATCH w66:221 out[0] non-finite mismatch (nan/inf positions differ)
  [39760] CRASH    w66:257 executor process died (native abort)
  [39780] CRASH    w66:291 executor process died (native abort)
  [39784] CRASH    w66:310 executor process died (native abort)
  [39786] CRASH    w66:320 executor process died (native abort)
  [39787] CRASH    w66:322 executor process died (native abort)
  [39797] MISMATCH w66:339 out[0] max|delta|=1.000e+00 (rtol=0.0 atol=0.0)
  [39803] MISMATCH w66:349 out[0] max|delta|=7.206e+16 (rtol=0.01 atol=0.001)
  [39806] MISMATCH w66:352 out[0] max|delta|=1.611e+09 (rtol=0.01 atol=0.001)
  [39807] CRASH    w66:342 executor process died (native abort)
  [39814] CRASH    w66:355 executor process died (native abort)
  [39816] CRASH    w66:326 executor process died (native abort)
  [39817] CRASH    w66:371 executor process died (native abort)
  [39820] CRASH    w66:377 executor process died (native abort)
  [39821] CRASH    w66:378 executor process died (native abort)
  [39824] CRASH    w66:380 executor process died (native abort)
  [39830] CRASH    w66:387 executor process died (native abort)
  [39844] MISMATCH w66:407 out[0] max|delta|=5.452e-01 (rtol=0.01 atol=0.001)
  [t=1489s] 39860/55756 (26.8/s)  ok=33960 mism=1380 crash=3209 timeout=0 skip=1311  |  inflight=15
  [39904] MISMATCH w66:501 out[0] max|delta|=2.882e+17 (rtol=0.0 atol=0.0)
  [39913] CRASH    w66:509 executor process died (native abort)
  [39919] CRASH    w66:519 executor process died (native abort)
  [39921] CRASH    w66:52 executor process died (native abort)
  [39922] CRASH    w66:530 executor process died (native abort)
  [39943] MISMATCH w66:567 out[0] max|delta|=2.498e+00 (rtol=0.01 atol=0.001)
  [39946] CRASH    w66:550 executor process died (native abort)
  [39953] CRASH    w66:568 executor process died (native abort)
  [39958] CRASH    w66:570 executor process died (native abort)
  [39973] CRASH    w66:599 executor process died (native abort)
  [39977] CRASH    w66:608 executor process died (native abort)
  [39978] CRASH    w66:615 executor process died (native abort)
  [39979] CRASH    w66:618 executor process died (native abort)
  [39985] MISMATCH w66:626 out[0] max|delta|=4.000e+00 (rtol=0.0 atol=0.0)
  [39987] MISMATCH w66:633 out[0] max|delta|=3.999e-01 (rtol=0.01 atol=0.001)
  [39992] MISMATCH w66:635 out[0] non-finite mismatch (nan/inf positions differ)
  [40013] MISMATCH w66:676 out[0] max|delta|=4.000e+00 (rtol=0.0 atol=0.0)
  [40042] MISMATCH w66:722 out[0] max|delta|=2.000e+00 (rtol=0.0 atol=0.0)
  [40047] MISMATCH w66:729 out[0] max|delta|=7.206e+16 (rtol=0.0 atol=0.0)
  [40065] MISMATCH w66:766 out[0] max|delta|=4.000e+00 (rtol=0.0 atol=0.0)
  [40067] CRASH    w66:74 executor process died (native abort)
  [40072] CRASH    w66:758 executor process died (native abort)
  [40076] CRASH    w66:778 executor process died (native abort)
  [40103] CRASH    w67:12 executor process died (native abort)
  [40104] CRASH    w67:125 executor process died (native abort)
  [40105] CRASH    w67:134 executor process died (native abort)
  [40106] CRASH    w67:135 executor process died (native abort)
  [40112] CRASH    w67:143 executor process died (native abort)
  [40119] CRASH    w67:145 executor process died (native abort)
  [40126] CRASH    w67:165 executor process died (native abort)
  [40129] CRASH    w67:169 executor process died (native abort)
  [40136] MISMATCH w67:187 out[0] max|delta|=1.441e+17 (rtol=0.0 atol=0.0)
  [40193] MISMATCH w67:266 out[0] max|delta|=9.223e+18 (rtol=0.0 atol=0.0)
  [40205] CRASH    w67:28 executor process died (native abort)
  [40206] CRASH    w67:285 executor process died (native abort)
  [40207] CRASH    w67:292 executor process died (native abort)
  [40208] CRASH    w67:294 executor process died (native abort)
  [40213] CRASH    w67:301 executor process died (native abort)
  [40241] CRASH    w67:323 executor process died (native abort)
  [40247] CRASH    w67:349 executor process died (native abort)
  [40253] CRASH    w67:353 executor process died (native abort)
  [40267] CRASH    w67:381 executor process died (native abort)
  [40270] CRASH    w67:363 executor process died (native abort)
  [40271] CRASH    w67:391 executor process died (native abort)
  [40286] MISMATCH w67:421 out[0] max|delta|=2.560e+02 (rtol=0.0 atol=0.0)
  [t=1504s] 40291/55756 (26.8/s)  ok=34333 mism=1392 crash=3242 timeout=0 skip=1324  |  inflight=15
  [40296] MISMATCH w67:437 out[0] max|delta|=6.000e+00 (rtol=0.01 atol=0.001)
  [40312] MISMATCH w67:468 out[0] max|delta|=4.000e+00 (rtol=0.0 atol=0.0)
  [40331] MISMATCH w67:494 out[0] max|delta|=6.918e+18 (rtol=0.0 atol=0.0)
  [40341] CRASH    w67:482 executor process died (native abort)
  [40349] CRASH    w67:519 executor process died (native abort)
  [40350] CRASH    w67:529 executor process died (native abort)
  [40352] CRASH    w67:532 executor process died (native abort)
  [40371] CRASH    w67:551 executor process died (native abort)
  [40380] CRASH    w67:58 executor process died (native abort)
  [40381] CRASH    w67:585 executor process died (native abort)
  [40384] CRASH    w67:586 executor process died (native abort)
  [40386] CRASH    w67:599 executor process died (native abort)
  [40408] CRASH    w67:619 executor process died (native abort)
  [40413] CRASH    w67:625 executor process died (native abort)
  [40467] MISMATCH w67:722 out[0] max|delta|=1.611e+09 (rtol=0.0 atol=0.0)
  [40484] CRASH    w67:741 executor process died (native abort)
  [40485] CRASH    w67:748 executor process died (native abort)
  [40486] CRASH    w67:750 executor process died (native abort)
  [40487] CRASH    w67:756 executor process died (native abort)
  [40493] CRASH    w67:76 executor process died (native abort)
  [40497] CRASH    w67:767 executor process died (native abort)
  [40502] CRASH    w67:760 executor process died (native abort)
  [40506] CRASH    w67:83 executor process died (native abort)
  [40514] CRASH    w67:90 executor process died (native abort)
  [40519] CRASH    w67:95 executor process died (native abort)
  [40531] MISMATCH w68:120 out[0] non-finite mismatch (nan/inf positions differ)
  [40539] MISMATCH w68:133 out[0] max|delta|=4.000e+00 (rtol=0.0 atol=0.0)
  [40597] CRASH    w68:212 executor process died (native abort)
  [40603] CRASH    w68:214 executor process died (native abort)
  [40607] CRASH    w68:228 executor process died (native abort)
  [40612] MISMATCH w68:250 out[0] max|delta|=2.550e+02 (rtol=0.0 atol=0.0)
  [40621] CRASH    w68:254 executor process died (native abort)
  [40626] CRASH    w68:240 executor process died (native abort)
  [40631] CRASH    w68:272 executor process died (native abort)
  [40633] CRASH    w68:283 executor process died (native abort)
  [40634] CRASH    w68:285 executor process died (native abort)
  [40646] CRASH    w68:277 executor process died (native abort)
  [40647] CRASH    w68:304 executor process died (native abort)
  [40648] CRASH    w68:305 executor process died (native abort)
  [40649] CRASH    w68:288 executor process died (native abort)
  [40657] MISMATCH w68:315 out[0] max|delta|=9.223e+18 (rtol=0.01 atol=0.001)
  [t=1519s] 40657/55756 (26.8/s)  ok=34645 mism=1400 crash=3275 timeout=0 skip=1337  |  inflight=15
  [40692] MISMATCH w68:368 out[0] max|delta|=3.999e-01 (rtol=0.01 atol=0.001)
  [40729] CRASH    w68:411 executor process died (native abort)
  [40738] MISMATCH w68:457 out[0] max|delta|=7.000e+00 (rtol=0.0 atol=0.0)
  [40744] CRASH    w68:45 executor process died (native abort)
  [40747] CRASH    w68:458 executor process died (native abort)
  [40749] CRASH    w68:471 executor process died (native abort)
  [40773] CRASH    w68:501 executor process died (native abort)
  [40774] CRASH    w68:472 executor process died (native abort)
  [40775] CRASH    w68:511 executor process died (native abort)
  [40776] CRASH    w68:513 executor process died (native abort)
  [40794] MISMATCH w68:543 out[0] max|delta|=6.918e+18 (rtol=0.01 atol=0.001)
  [40815] MISMATCH w68:576 out[0] non-finite mismatch (nan/inf positions differ)
  [40817] CRASH    w68:562 executor process died (native abort)
  [40834] CRASH    w68:598 executor process died (native abort)
  [40838] CRASH    w68:600 executor process died (native abort)
  [40845] CRASH    w68:61 executor process died (native abort)
  [40850] CRASH    w68:626 executor process died (native abort)
  [40853] MISMATCH w68:635 out[0] max|delta|=4.295e+09 (rtol=0.0 atol=0.0)
  [40855] CRASH    w68:630 executor process died (native abort)
  [40862] CRASH    w68:639 executor process died (native abort)
  [40872] CRASH    w68:656 executor process died (native abort)
  [40879] CRASH    w68:670 executor process died (native abort)
  [40883] MISMATCH w68:685 out[0] max|delta|=7.000e+00 (rtol=0.0 atol=0.0)
  [40884] CRASH    w68:674 executor process died (native abort)
  [40891] CRASH    w68:668 executor process died (native abort)
  [40894] CRASH    w68:699 executor process died (native abort)
  [40910] MISMATCH w68:729 out[0] max|delta|=4.295e+09 (rtol=0.0 atol=0.0)
  [40921] CRASH    w68:733 executor process died (native abort)
  [40932] MISMATCH w68:758 out[0] max|delta|=1.646e+00 (rtol=0.01 atol=0.001)
  [40938] MISMATCH w68:768 out[0] max|delta|=8.053e+08 (rtol=0.0 atol=0.0)
  [40970] CRASH    w68:745 executor process died (native abort)
  [40978] CRASH    w69:102 executor process died (native abort)
  [40981] CRASH    w69:13 executor process died (native abort)
  [40983] CRASH    w69:137 executor process died (native abort)
  [40986] CRASH    w69:132 executor process died (native abort)
  [40990] CRASH    w69:136 executor process died (native abort)
  [40996] CRASH    w69:15 executor process died (native abort)
  [40997] CRASH    w69:160 executor process died (native abort)
  [41016] CRASH    w69:170 executor process died (native abort)
  [41024] CRASH    w69:186 executor process died (native abort)
  [41029] CRASH    w69:202 executor process died (native abort)
  [t=1534s] 41057/55756 (26.8/s)  ok=34993 mism=1409 crash=3307 timeout=0 skip=1348  |  inflight=15
  [41067] MISMATCH w69:273 out[0] max|delta|=6.918e+18 (rtol=0.01 atol=0.001)
  [41079] CRASH    w69:246 executor process died (native abort)
  [41084] CRASH    w69:292 executor process died (native abort)
  [41085] CRASH    w69:298 executor process died (native abort)
  [41086] CRASH    w69:308 executor process died (native abort)
  [41098] MISMATCH w69:326 out[0] max|delta|=3.999e-01 (rtol=0.01 atol=0.001)
  [41100] CRASH    w69:32 executor process died (native abort)
  [41101] CRASH    w69:324 executor process died (native abort)
  [41102] CRASH    w69:328 executor process died (native abort)
  [41103] CRASH    w69:311 executor process died (native abort)
  [41106] CRASH    w69:336 executor process died (native abort)
  [41112] CRASH    w69:330 executor process died (native abort)
  [41115] CRASH    w69:35 executor process died (native abort)
  [41129] CRASH    w69:365 executor process died (native abort)
  [41152] CRASH    w69:398 executor process died (native abort)
  [41157] MISMATCH w69:42 out[0] max|delta|=7.206e+16 (rtol=0.0 atol=0.0)
  [41159] MISMATCH w69:422 out[0] max|delta|=9.223e+18 (rtol=0.0 atol=0.0)
  [41183] MISMATCH w69:415 out[0] max|delta|=6.000e+00 (rtol=0.0 atol=0.0)
  [41202] MISMATCH w69:488 out[0] max|delta|=8.000e+00 (rtol=0.0 atol=0.0)
  [41215] MISMATCH w69:501 out[0] max|delta|=1.611e+09 (rtol=0.0 atol=0.0)
  [41229] CRASH    w69:491 executor process died (native abort)
  [41231] CRASH    w69:527 executor process died (native abort)
  [41232] CRASH    w69:529 executor process died (native abort)
  [41233] CRASH    w69:539 executor process died (native abort)
  [41252] MISMATCH w69:564 out[0] max|delta|=2.147e+10 (rtol=0.0 atol=0.0)
  [41269] CRASH    w69:569 executor process died (native abort)
  [41274] CRASH    w69:592 executor process died (native abort)
  [41275] CRASH    w69:598 executor process died (native abort)
  [41276] CRASH    w69:606 executor process died (native abort)
  [41278] MISMATCH w69:611 out[0] max|delta|=8.000e+00 (rtol=0.0 atol=0.0)
  [41297] CRASH    w69:626 executor process died (native abort)
  [41300] MISMATCH w69:650 out[0] max|delta|=1.153e+18 (rtol=0.0 atol=0.0)
  [41301] CRASH    w69:632 executor process died (native abort)
  [41351] MISMATCH w69:726 out[0] max|delta|=1.611e+09 (rtol=0.0 atol=0.0)
  [41358] MISMATCH w69:729 out[0] max|delta|=2.147e+09 (rtol=0.01 atol=0.001)
  [41365] CRASH    w69:730 executor process died (native abort)
  [41367] CRASH    w69:718 executor process died (native abort)
  [41368] CRASH    w69:748 executor process died (native abort)
  [41369] CRASH    w69:754 executor process died (native abort)
  [41372] CRASH    w69:759 executor process died (native abort)
  [41373] CRASH    w69:764 executor process died (native abort)
  [41378] CRASH    w69:757 executor process died (native abort)
  [41384] CRASH    w69:78 executor process died (native abort)
  [41387] CRASH    w69:780 executor process died (native abort)
  [41388] CRASH    w69:83 executor process died (native abort)
  [41392] CRASH    w69:80 executor process died (native abort)
  [41394] CRASH    w69:774 executor process died (native abort)
  [41398] CRASH    w69:90 executor process died (native abort)
  [t=1549s] 41412/55756 (26.7/s)  ok=35287 mism=1421 crash=3343 timeout=0 skip=1361  |  inflight=15
  [41436] CRASH    w7:163 executor process died (native abort)
  [41437] CRASH    w7:145 executor process died (native abort)
  [41438] CRASH    w7:16 executor process died (native abort)
  [41439] MISMATCH w69:91 out[0] max|delta|=4.000e+00 (rtol=0.01 atol=0.001)
  [41454] CRASH    w7:164 executor process died (native abort)
  [41459] CRASH    w7:193 executor process died (native abort)
  [41465] CRASH    w7:196 executor process died (native abort)
  [41486] CRASH    w7:234 executor process died (native abort)
  [41491] CRASH    w7:241 executor process died (native abort)
  [41492] CRASH    w7:244 executor process died (native abort)
  [41493] CRASH    w7:251 executor process died (native abort)
  [41525] MISMATCH w7:303 out[0] non-finite mismatch (nan/inf positions differ)
  [41532] MISMATCH w7:316 out[0] max|delta|=3.200e+01 (rtol=0.0 atol=0.0)
  [41536] MISMATCH w7:319 out[0] non-finite mismatch (nan/inf positions differ)
  [41563] MISMATCH w7:363 out[0] max|delta|=3.000e+00 (rtol=0.0 atol=0.0)
  [41582] MISMATCH w7:398 out[0] max|delta|=1.000e+00 (rtol=0.0 atol=0.0)
  [41599] MISMATCH w7:431 out[0] max|delta|=2.882e+17 (rtol=0.01 atol=0.001)
  [41602] MISMATCH w7:434 out[0] max|delta|=6.918e+18 (rtol=0.01 atol=0.001)
  [41611] CRASH    w7:404 executor process died (native abort)
  [41628] CRASH    w7:469 executor process died (native abort)
  [41631] CRASH    w7:472 executor process died (native abort)
  [41636] CRASH    w7:485 executor process died (native abort)
  [41646] CRASH    w7:497 executor process died (native abort)
  [41654] CRASH    w7:486 executor process died (native abort)
  [41659] CRASH    w7:491 executor process died (native abort)
  [41665] CRASH    w7:531 executor process died (native abort)
  [41692] MISMATCH w7:583 out[0] max|delta|=9.223e+18 (rtol=0.0 atol=0.0)
  [41728] CRASH    w7:636 executor process died (native abort)
  [41729] CRASH    w7:624 executor process died (native abort)
  [41730] CRASH    w7:652 executor process died (native abort)
  [41731] CRASH    w7:650 executor process died (native abort)
  [41733] MISMATCH w7:659 out[0] max|delta|=4.612e+18 (rtol=0.01 atol=0.001)
  [41738] MISMATCH w7:662 out[0] non-finite mismatch (nan/inf positions differ)
  [41757] CRASH    w7:681 executor process died (native abort)
  [41758] MISMATCH w7:70 out[0] max|delta|=2.147e+10 (rtol=0.0 atol=0.0)
  [41763] CRASH    w7:690 executor process died (native abort)
  [41769] CRASH    w7:697 executor process died (native abort)
  [41770] CRASH    w7:719 executor process died (native abort)
  [41774] CRASH    w7:700 executor process died (native abort)
  [41782] CRASH    w7:725 executor process died (native abort)
  [41798] CRASH    w7:761 executor process died (native abort)
  [41830] MISMATCH w70:117 out[0] max|delta|=4.323e+17 (rtol=0.0 atol=0.0)
  [41831] CRASH    w70:108 executor process died (native abort)
  [41832] MISMATCH w70:107 out[0] max|delta|=8.000e+00 (rtol=0.0 atol=0.0)
  [41834] MISMATCH w70:120 out[0] non-finite mismatch (nan/inf positions differ)
  [t=1564s] 41849/55756 (26.8/s)  ok=35668 mism=1436 crash=3373 timeout=0 skip=1372  |  inflight=15
  [41864] MISMATCH w70:166 out[0] max|delta|=3.000e+00 (rtol=0.01 atol=0.001)
  [41898] CRASH    w70:19 executor process died (native abort)
  [41900] MISMATCH w70:230 out[0] max|delta|=6.400e+01 (rtol=0.0 atol=0.0)
  [41903] CRASH    w70:212 executor process died (native abort)
  [41908] CRASH    w70:219 executor process died (native abort)
  [41910] MISMATCH w70:247 out[0] max|delta|=4.295e+09 (rtol=0.0 atol=0.0)
  [41915] CRASH    w70:251 executor process died (native abort)
  [41917] CRASH    w70:23 executor process died (native abort)
  [41918] CRASH    w70:261 executor process died (native abort)
  [41919] CRASH    w70:245 executor process died (native abort)
  [41925] CRASH    w70:273 executor process died (native abort)
  [41927] MISMATCH w70:262 out[0] max|delta|=4.000e+00 (rtol=0.0 atol=0.0)
  [41930] CRASH    w70:276 executor process died (native abort)
  [41946] CRASH    w70:298 executor process died (native abort)
  [41948] CRASH    w70:305 executor process died (native abort)
  [41969] MISMATCH w70:345 out[0] max|delta|=2.147e+09 (rtol=0.0 atol=0.0)
  [41972] MISMATCH w70:348 out[0] max|delta|=6.918e+18 (rtol=0.01 atol=0.001)
  [42000] MISMATCH w70:394 out[0] max|delta|=4.000e+00 (rtol=0.01 atol=0.001)
  [42015] CRASH    w70:393 executor process died (native abort)
  [42024] CRASH    w70:405 executor process died (native abort)
  [42025] CRASH    w70:435 executor process died (native abort)
  [42026] CRASH    w70:440 executor process died (native abort)
  [42038] CRASH    w70:453 executor process died (native abort)
  [42047] CRASH    w70:444 executor process died (native abort)
  [42053] CRASH    w70:475 executor process died (native abort)
  [42057] MISMATCH w70:497 out[0] max|delta|=2.147e+09 (rtol=0.0 atol=0.0)
  [42071] MISMATCH w70:519 out[0] max|delta|=8.000e+00 (rtol=0.0 atol=0.0)
  [42086] CRASH    w70:533 executor process died (native abort)
  [42087] CRASH    w70:538 executor process died (native abort)
  [42088] CRASH    w70:479 executor process died (native abort)
  [42089] CRASH    w70:546 executor process died (native abort)
  [42102] MISMATCH w70:563 out[0] max|delta|=1.593e+00 (rtol=0.01 atol=0.001)
  [42104] MISMATCH w70:573 out[0] max|delta|=1.729e+18 (rtol=0.0 atol=0.0)
  [42107] MISMATCH w70:576 out[0] max|delta|=9.223e+18 (rtol=0.01 atol=0.001)
  [42125] MISMATCH w70:609 out[0] non-finite mismatch (nan/inf positions differ)
  [42134] MISMATCH w70:622 out[0] max|delta|=4.000e+00 (rtol=0.0 atol=0.0)
  [42137] MISMATCH w70:629 out[0] max|delta|=3.999e-01 (rtol=0.01 atol=0.001)
  [42179] CRASH    w70:681 executor process died (native abort)
  [42184] CRASH    w70:689 executor process died (native abort)
  [42185] CRASH    w70:70 executor process died (native abort)
  [42186] CRASH    w70:71 executor process died (native abort)
  [42188] CRASH    w70:701 executor process died (native abort)
  [42205] CRASH    w70:732 executor process died (native abort)
  [42210] CRASH    w70:743 executor process died (native abort)
  [42212] CRASH    w70:761 executor process died (native abort)
  [42217] MISMATCH w70:769 out[0] non-finite mismatch (nan/inf positions differ)
  [42223] CRASH    w70:77 executor process died (native abort)
  [42225] CRASH    w70:774 executor process died (native abort)
  [42228] MISMATCH w70:84 out[0] max|delta|=1.000e+00 (rtol=0.0 atol=0.0)
  [42236] MISMATCH w70:93 out[0] max|delta|=1.765e+00 (rtol=0.01 atol=0.001)
  [42248] MISMATCH w71:111 out[0] non-finite mismatch (nan/inf positions differ)
  [t=1579s] 42261/55756 (26.8/s)  ok=36018 mism=1455 crash=3405 timeout=0 skip=1383  |  inflight=15
  [42292] CRASH    w71:17 executor process died (native abort)
  [42296] CRASH    w71:170 executor process died (native abort)
  [42301] CRASH    w71:175 executor process died (native abort)
  [42309] CRASH    w71:203 executor process died (native abort)
  [42311] CRASH    w71:205 executor process died (native abort)
  [42314] CRASH    w71:209 executor process died (native abort)
  [42315] CRASH    w71:219 executor process died (native abort)
  [42339] CRASH    w71:234 executor process died (native abort)
  [42352] CRASH    w71:264 executor process died (native abort)
  [42353] CRASH    w71:268 executor process died (native abort)
  [42354] CRASH    w71:279 executor process died (native abort)
  [42355] CRASH    w71:256 executor process died (native abort)
  [42358] CRASH    w71:280 executor process died (native abort)
  [42369] MISMATCH w71:303 out[0] max|delta|=9.223e+18 (rtol=0.01 atol=0.001)
  [42372] MISMATCH w71:306 out[0] max|delta|=1.611e+09 (rtol=0.01 atol=0.001)
  [42393] CRASH    w71:325 executor process died (native abort)
  [42404] CRASH    w71:358 executor process died (native abort)
  [42406] CRASH    w71:344 executor process died (native abort)
  [42407] CRASH    w71:36 executor process died (native abort)
  [42408] CRASH    w71:361 executor process died (native abort)
  [42416] CRASH    w71:369 executor process died (native abort)
  [42426] CRASH    w71:374 executor process died (native abort)
  [42448] MISMATCH w71:43 out[0] non-finite mismatch (nan/inf positions differ)
  [42454] CRASH    w71:433 executor process died (native abort)
  [42459] CRASH    w71:431 executor process died (native abort)
  [42462] CRASH    w71:437 executor process died (native abort)
  [42463] CRASH    w71:46 executor process died (native abort)
  [42471] MISMATCH w71:469 out[0] max|delta|=1.000e+00 (rtol=0.0 atol=0.0)
  [42504] MISMATCH w71:51 out[0] non-finite mismatch (nan/inf positions differ)
  [42508] MISMATCH w71:521 out[0] max|delta|=3.063e+00 (rtol=0.01 atol=0.001)
  [42517] MISMATCH w71:534 out[0] max|delta|=6.918e+18 (rtol=0.01 atol=0.001)
  [42539] MISMATCH w71:567 out[0] non-finite mismatch (nan/inf positions differ)
  [42545] MISMATCH w71:580 out[0] max|delta|=4.000e+00 (rtol=0.0 atol=0.0)
  [42560] CRASH    w71:591 executor process died (native abort)
  [42565] CRASH    w71:6 executor process died (native abort)
  [42569] CRASH    w71:602 executor process died (native abort)
  [42570] CRASH    w71:621 executor process died (native abort)
  [42573] CRASH    w71:625 executor process died (native abort)
  [42578] CRASH    w71:626 executor process died (native abort)
  [42593] CRASH    w71:65 executor process died (native abort)
  [42596] CRASH    w71:66 executor process died (native abort)
  [42597] CRASH    w71:665 executor process died (native abort)
  [42598] CRASH    w71:639 executor process died (native abort)
  [42605] MISMATCH w71:683 out[0] max|delta|=2.306e+18 (rtol=0.0 atol=0.0)
  [42640] MISMATCH w71:735 out[0] max|delta|=5.527e-01 (rtol=0.01 atol=0.001)
  [42650] MISMATCH w71:749 out[0] max|delta|=2.740e+00 (rtol=0.01 atol=0.001)
  [t=1594s] 42650/55756 (26.8/s)  ok=36350 mism=1467 crash=3439 timeout=0 skip=1394  |  inflight=15
  [42661] MISMATCH w71:762 out[0] max|delta|=9.223e+18 (rtol=0.01 atol=0.001)
  [42672] MISMATCH w71:78 out[0] max|delta|=6.918e+18 (rtol=0.0 atol=0.0)
  [42686] CRASH    w71:79 executor process died (native abort)
  [42690] CRASH    w71:781 executor process died (native abort)
  [42691] CRASH    w71:97 executor process died (native abort)
  [42692] CRASH    w72:103 executor process died (native abort)
  [42696] CRASH    w72:10 executor process died (native abort)
  [42712] CRASH    w72:123 executor process died (native abort)
  [42716] CRASH    w72:132 executor process died (native abort)
  [42718] CRASH    w72:153 executor process died (native abort)
  [42730] CRASH    w72:147 executor process died (native abort)
  [42733] MISMATCH w72:182 out[0] max|delta|=8.000e+00 (rtol=0.0 atol=0.0)
  [42750] CRASH    w72:196 executor process died (native abort)
  [42754] CRASH    w72:2 executor process died (native abort)
  [42776] MISMATCH w72:255 out[0] max|delta|=1.157e+00 (rtol=0.01 atol=0.001)
  [42786] MISMATCH w72:268 out[0] max|delta|=2.147e+09 (rtol=0.0 atol=0.0)
  [42788] MISMATCH w72:27 out[0] max|delta|=1.000e+00 (rtol=0.0 atol=0.0)
  [42811] CRASH    w72:287 executor process died (native abort)
  [42817] MISMATCH w72:314 out[0] max|delta|=4.000e+00 (rtol=0.01 atol=0.001)
  [42830] CRASH    w72:323 executor process died (native abort)
  [42835] CRASH    w72:325 executor process died (native abort)
  [42844] CRASH    w72:351 executor process died (native abort)
  [42845] CRASH    w72:360 executor process died (native abort)
  [42848] CRASH    w72:336 executor process died (native abort)
  [42858] CRASH    w72:375 executor process died (native abort)
  [42865] CRASH    w72:364 executor process died (native abort)
  [42870] MISMATCH w72:40 out[0] non-finite mismatch (nan/inf positions differ)
  [42891] CRASH    w72:424 executor process died (native abort)
  [42895] CRASH    w72:425 executor process died (native abort)
  [42902] MISMATCH w72:439 out[0] max|delta|=5.000e+00 (rtol=0.0 atol=0.0)
  [42907] CRASH    w72:453 executor process died (native abort)
  [42909] MISMATCH w72:461 out[0] non-finite mismatch (nan/inf positions differ)
  [42921] MISMATCH w72:470 out[0] max|delta|=4.000e+00 (rtol=0.0 atol=0.0)
  [42923] MISMATCH w72:483 out[0] max|delta|=8.000e+00 (rtol=0.0 atol=0.0)
  [42930] MISMATCH w72:493 out[0] max|delta|=2.306e+18 (rtol=0.01 atol=0.001)
  [42933] MISMATCH w72:496 out[0] max|delta|=6.918e+18 (rtol=0.0 atol=0.0)
  [42971] CRASH    w72:541 executor process died (native abort)
  [42977] CRASH    w72:551 executor process died (native abort)
  [42982] CRASH    w72:553 executor process died (native abort)
  [42987] CRASH    w72:587 executor process died (native abort)
  [42992] CRASH    w72:588 executor process died (native abort)
  [43007] CRASH    w72:609 executor process died (native abort)
  [43009] CRASH    w72:59 executor process died (native abort)
  [43014] CRASH    w72:623 executor process died (native abort)
  [43022] MISMATCH w72:645 out[0] max|delta|=2.306e+18 (rtol=0.0 atol=0.0)
  [43031] CRASH    w72:652 executor process died (native abort)
  [43033] CRASH    w72:663 executor process died (native abort)
  [43034] CRASH    w72:666 executor process died (native abort)
  [43049] MISMATCH w72:689 out[0] non-finite mismatch (nan/inf positions differ)
  [t=1609s] 43054/55756 (26.8/s)  ok=36690 mism=1483 crash=3472 timeout=0 skip=1409  |  inflight=15
  [43066] MISMATCH w72:711 out[0] max|delta|=3.629e+00 (rtol=0.01 atol=0.001)
  [43074] MISMATCH w72:724 out[0] max|delta|=9.223e+18 (rtol=0.01 atol=0.001)
  [43102] CRASH    w72:743 executor process died (native abort)
  [43106] CRASH    w72:78 executor process died (native abort)
  [43107] CRASH    w72:781 executor process died (native abort)
  [43116] CRASH    w72:85 executor process died (native abort)
  [43126] MISMATCH w73:10 out[0] max|delta|=4.000e+00 (rtol=0.0 atol=0.0)
  [43127] MISMATCH w73:100 out[0] max|delta|=4.000e+00 (rtol=0.0 atol=0.0)
  [43132] CRASH    w72:95 executor process died (native abort)
  [43135] CRASH    w73:104 executor process died (native abort)
  [43136] CRASH    w73:112 executor process died (native abort)
  [43137] CRASH    w72:91 executor process died (native abort)
  [43140] CRASH    w73:11 executor process died (native abort)
  [43145] CRASH    w73:115 executor process died (native abort)
  [43146] CRASH    w73:129 executor process died (native abort)
  [43158] MISMATCH w73:142 out[0] max|delta|=6.918e+18 (rtol=0.01 atol=0.001)
  [43181] MISMATCH w73:175 out[0] non-finite mismatch (nan/inf positions differ)
  [43228] CRASH    w73:234 executor process died (native abort)
  [43234] CRASH    w73:239 executor process died (native abort)
  [43236] CRASH    w73:267 executor process died (native abort)
  [43237] CRASH    w73:273 executor process died (native abort)
  [43245] CRASH    w73:283 executor process died (native abort)
  [43251] CRASH    w73:295 executor process died (native abort)
  [43252] MISMATCH w73:299 out[0] max|delta|=4.000e+00 (rtol=0.0 atol=0.0)
  [43257] CRASH    w73:298 executor process died (native abort)
  [43260] MISMATCH w73:291 out[0] max|delta|=7.206e+16 (rtol=0.0 atol=0.0)
  [43265] CRASH    w73:312 executor process died (native abort)
  [43279] CRASH    w73:332 executor process died (native abort)
  [43280] CRASH    w73:340 executor process died (native abort)
  [43284] CRASH    w73:343 executor process died (native abort)
  [43288] MISMATCH w73:357 out[0] max|delta|=1.593e+00 (rtol=0.01 atol=0.001)
  [43294] MISMATCH w73:367 out[0] non-finite mismatch (nan/inf positions differ)
  [43298] MISMATCH w73:370 out[0] max|delta|=9.223e+18 (rtol=0.01 atol=0.001)
  [43327] MISMATCH w73:395 out[0] max|delta|=4.000e+00 (rtol=0.0 atol=0.0)
  [43332] MISMATCH w73:423 out[0] max|delta|=3.999e-01 (rtol=0.01 atol=0.001)
  [43369] CRASH    w73:467 executor process died (native abort)
  [43373] CRASH    w73:477 executor process died (native abort)
  [43374] CRASH    w73:483 executor process died (native abort)
  [43375] CRASH    w73:497 executor process died (native abort)
  [43381] CRASH    w73:501 executor process died (native abort)
  [43388] MISMATCH w73:525 out[0] max|delta|=1.280e+02 (rtol=0.0 atol=0.0)
  [43399] CRASH    w73:527 executor process died (native abort)
  [43404] CRASH    w73:540 executor process died (native abort)
  [43408] CRASH    w73:555 executor process died (native abort)
  [43410] MISMATCH w73:563 out[0] non-finite mismatch (nan/inf positions differ)
  [43417] CRASH    w73:568 executor process died (native abort)
  [43426] CRASH    w73:556 executor process died (native abort)
  [43430] MISMATCH w73:595 out[0] max|delta|=1.441e+17 (rtol=0.01 atol=0.001)
  [43433] MISMATCH w73:598 out[0] max|delta|=6.918e+18 (rtol=0.01 atol=0.001)
  [43448] CRASH    w73:617 executor process died (native abort)
  [43460] MISMATCH w73:642 out[0] max|delta|=1.172e-02 (rtol=0.01 atol=0.001)
  [43462] MISMATCH w73:645 out[0] max|delta|=4.000e+00 (rtol=0.0 atol=0.0)
  [t=1624s] 43476/55756 (26.8/s)  ok=37047 mism=1502 crash=3505 timeout=0 skip=1422  |  inflight=15
  [43488] CRASH    w73:685 executor process died (native abort)
  [43489] CRASH    w73:666 executor process died (native abort)
  [43490] CRASH    w73:690 executor process died (native abort)
  [43491] CRASH    w73:695 executor process died (native abort)
  [43505] CRASH    w73:71 executor process died (native abort)
  [43523] CRASH    w73:751 executor process died (native abort)
  [43524] CRASH    w73:754 executor process died (native abort)
  [43525] CRASH    w73:755 executor process died (native abort)
  [43526] CRASH    w73:725 executor process died (native abort)
  [43548] CRASH    w73:776 executor process died (native abort)
  [43550] CRASH    w73:81 executor process died (native abort)
  [43551] CRASH    w73:93 executor process died (native abort)
  [43596] MISMATCH w74:152 out[0] max|delta|=3.096e+00 (rtol=0.01 atol=0.001)
  [43604] MISMATCH w74:165 out[0] max|delta|=6.918e+18 (rtol=0.01 atol=0.001)
  [43623] MISMATCH w74:198 out[0] non-finite mismatch (nan/inf positions differ)
  [43631] CRASH    w74:184 executor process died (native abort)
  [43644] CRASH    w74:222 executor process died (native abort)
  [43645] CRASH    w74:228 executor process died (native abort)
  [43648] CRASH    w74:233 executor process died (native abort)
  [43660] MISMATCH w74:261 out[0] max|delta|=4.000e+00 (rtol=0.0 atol=0.0)
  [43669] CRASH    w74:262 executor process died (native abort)
  [43678] CRASH    w74:270 executor process died (native abort)
  [43685] CRASH    w74:290 executor process died (native abort)
  [43687] CRASH    w74:306 executor process died (native abort)
  [43692] MISMATCH w74:314 out[0] max|delta|=3.459e+18 (rtol=0.0 atol=0.0)
  [43695] CRASH    w74:292 executor process died (native abort)
  [43700] CRASH    w74:318 executor process died (native abort)
  [43704] MISMATCH w74:336 out[0] max|delta|=7.000e+00 (rtol=0.0 atol=0.0)
  [43708] CRASH    w74:335 executor process died (native abort)
  [43727] MISMATCH w74:366 out[0] non-finite mismatch (nan/inf positions differ)
  [43740] MISMATCH w74:380 out[0] max|delta|=1.000e+00 (rtol=0.0 atol=0.0)
  [43747] MISMATCH w74:390 out[0] max|delta|=5.033e+07 (rtol=0.0 atol=0.0)
  [43749] MISMATCH w74:393 out[0] max|delta|=6.918e+18 (rtol=0.01 atol=0.001)
  [43763] CRASH    w74:418 executor process died (native abort)
  [43764] CRASH    w74:419 executor process died (native abort)
  [43765] CRASH    w74:42 executor process died (native abort)
  [43766] CRASH    w74:421 executor process died (native abort)
  [43768] CRASH    w74:431 executor process died (native abort)
  [43771] CRASH    w74:423 executor process died (native abort)
  [43790] CRASH    w74:450 executor process died (native abort)
  [43799] CRASH    w74:485 executor process died (native abort)
  [43800] CRASH    w74:484 executor process died (native abort)
  [43811] CRASH    w74:498 executor process died (native abort)
  [43815] CRASH    w74:506 executor process died (native abort)
  [t=1639s] 43857/55756 (26.8/s)  ok=37374 mism=1512 crash=3539 timeout=0 skip=1432  |  inflight=15
  [43878] MISMATCH w74:618 out[0] max|delta|=5.033e+07 (rtol=0.0 atol=0.0)
  [43881] MISMATCH w74:621 out[0] max|delta|=9.223e+18 (rtol=0.01 atol=0.001)
  [43898] CRASH    w74:64 executor process died (native abort)
  [43899] CRASH    w74:640 executor process died (native abort)
  [43900] CRASH    w74:649 executor process died (native abort)
  [43901] CRASH    w74:651 executor process died (native abort)
  [43905] CRASH    w74:656 executor process died (native abort)
  [43907] MISMATCH w74:667 out[0] max|delta|=4.000e+00 (rtol=0.0 atol=0.0)
  [43915] CRASH    w74:659 executor process died (native abort)
  [43919] CRASH    w74:673 executor process died (native abort)
  [43920] CRASH    w74:684 executor process died (native abort)
  [43946] CRASH    w74:718 executor process died (native abort)
  [43947] CRASH    w74:726 executor process died (native abort)
  [43948] CRASH    w74:68 executor process died (native abort)
  [43949] CRASH    w74:734 executor process died (native abort)
  [43980] MISMATCH w74:777 out[0] max|delta|=4.000e+00 (rtol=0.0 atol=0.0)
  [44001] MISMATCH w75:133 out[0] max|delta|=8.000e+00 (rtol=0.0 atol=0.0)
  [44007] CRASH    w75:10 executor process died (native abort)
  [44012] CRASH    w75:144 executor process died (native abort)
  [44019] CRASH    w75:155 executor process died (native abort)
  [44020] CRASH    w75:158 executor process died (native abort)
  [44022] CRASH    w75:16 executor process died (native abort)
  [44030] CRASH    w75:169 executor process died (native abort)
  [44036] CRASH    w75:176 executor process died (native abort)
  [44038] CRASH    w75:181 executor process died (native abort)
  [44039] CRASH    w75:19 executor process died (native abort)
  [44055] MISMATCH w75:216 out[0] max|delta|=4.612e+18 (rtol=0.01 atol=0.001)
  [44059] CRASH    w75:206 executor process died (native abort)
  [44071] CRASH    w75:238 executor process died (native abort)
  [44074] MISMATCH w75:244 out[0] max|delta|=4.000e+00 (rtol=0.0 atol=0.0)
  [44077] MISMATCH w75:252 out[0] non-finite mismatch (nan/inf positions differ)
  [44085] MISMATCH w75:265 out[0] max|delta|=4.000e+00 (rtol=0.0 atol=0.0)
  [44150] MISMATCH w75:368 out[0] max|delta|=9.223e+18 (rtol=0.0 atol=0.0)
  [44170] CRASH    w75:36 executor process died (native abort)
  [44172] CRASH    w75:389 executor process died (native abort)
  [44173] CRASH    w75:397 executor process died (native abort)
  [44174] CRASH    w75:404 executor process died (native abort)
  [44178] MISMATCH w75:412 out[0] non-finite mismatch (nan/inf positions differ)
  [44191] MISMATCH w75:434 out[0] max|delta|=1.727e+00 (rtol=0.01 atol=0.001)
  [44193] CRASH    w75:420 executor process died (native abort)
  [44200] MISMATCH w75:447 out[0] max|delta|=1.611e+09 (rtol=0.0 atol=0.0)
  [44201] CRASH    w75:437 executor process died (native abort)
  [44203] CRASH    w75:409 executor process died (native abort)
  [44204] CRASH    w75:450 executor process died (native abort)
  [44215] CRASH    w75:466 executor process died (native abort)
  [44217] CRASH    w75:473 executor process died (native abort)
  [t=1654s] 44232/55756 (26.7/s)  ok=37691 mism=1525 crash=3572 timeout=0 skip=1444  |  inflight=15
  [44241] MISMATCH w75:502 out[0] max|delta|=1.614e+00 (rtol=0.01 atol=0.001)
  [44288] MISMATCH w75:589 out[0] max|delta|=4.000e+00 (rtol=0.0 atol=0.0)
  [44303] CRASH    w75:560 executor process died (native abort)
  [44311] CRASH    w75:603 executor process died (native abort)
  [44314] CRASH    w75:632 executor process died (native abort)
  [44316] MISMATCH w75:640 out[0] non-finite mismatch (nan/inf positions differ)
  [44321] CRASH    w75:645 executor process died (native abort)
  [44327] CRASH    w75:649 executor process died (native abort)
  [44332] CRASH    w75:662 executor process died (native abort)
  [44335] CRASH    w75:663 executor process died (native abort)
  [44341] MISMATCH w75:675 out[0] non-finite mismatch (nan/inf positions differ)
  [44373] CRASH    w75:713 executor process died (native abort)
  [44374] CRASH    w75:720 executor process died (native abort)
  [44375] CRASH    w75:730 executor process died (native abort)
  [44376] CRASH    w75:732 executor process died (native abort)
  [44400] MISMATCH w75:738 out[0] max|delta|=1.288e+10 (rtol=0.0 atol=0.0)
  [44435] MISMATCH w76:130 out[0] max|delta|=5.765e+17 (rtol=0.0 atol=0.0)
  [44447] MISMATCH w76:152 out[0] max|delta|=2.000e+00 (rtol=0.0 atol=0.0)
  [44464] MISMATCH w76:183 out[0] max|delta|=4.000e+00 (rtol=0.0 atol=0.0)
  [44477] CRASH    w76:19 executor process died (native abort)
  [44481] MISMATCH w76:209 out[0] max|delta|=6.918e+18 (rtol=0.0 atol=0.0)
  [44482] CRASH    w76:197 executor process died (native abort)
  [44487] CRASH    w76:198 executor process died (native abort)
  [44498] CRASH    w76:228 executor process died (native abort)
  [44504] CRASH    w76:234 executor process died (native abort)
  [44505] CRASH    w76:242 executor process died (native abort)
  [44506] CRASH    w76:244 executor process died (native abort)
  [44507] CRASH    w76:237 executor process died (native abort)
  [44513] MISMATCH w76:255 out[0] max|delta|=4.000e+00 (rtol=0.0 atol=0.0)
  [44518] CRASH    w76:254 executor process died (native abort)
  [44567] MISMATCH w76:34 out[0] max|delta|=3.999e-01 (rtol=0.01 atol=0.001)
  [44576] MISMATCH w76:358 out[0] max|delta|=9.223e+18 (rtol=0.0 atol=0.0)
  [44585] CRASH    w76:33 executor process died (native abort)
  [44590] CRASH    w76:365 executor process died (native abort)
  [44593] CRASH    w76:366 executor process died (native abort)
  [44594] CRASH    w76:387 executor process died (native abort)
  [44615] MISMATCH w76:424 out[0] max|delta|=7.000e+00 (rtol=0.0 atol=0.0)
  [44616] CRASH    w76:407 executor process died (native abort)
  [44622] MISMATCH w76:434 out[0] max|delta|=1.441e+17 (rtol=0.01 atol=0.001)
  [44623] CRASH    w76:425 executor process died (native abort)
  [44628] CRASH    w76:427 executor process died (native abort)
  [44640] CRASH    w76:456 executor process died (native abort)
  [44646] CRASH    w76:462 executor process died (native abort)
  [44647] CRASH    w76:471 executor process died (native abort)
  [44648] CRASH    w76:475 executor process died (native abort)
  [44655] MISMATCH w76:483 out[0] max|delta|=3.000e+00 (rtol=0.01 atol=0.001)
  [44666] MISMATCH w76:492 out[0] max|delta|=1.794e+00 (rtol=0.01 atol=0.001)
  [t=1669s] 44686/55756 (26.8/s)  ok=38081 mism=1541 crash=3603 timeout=0 skip=1461  |  inflight=15
  [44687] MISMATCH w76:534 out[0] non-finite mismatch (nan/inf positions differ)
  [44716] MISMATCH w76:586 out[0] max|delta|=1.441e+17 (rtol=0.0 atol=0.0)
  [44747] CRASH    w76:627 executor process died (native abort)
  [44748] CRASH    w76:633 executor process died (native abort)
  [44749] CRASH    w76:635 executor process died (native abort)
  [44750] CRASH    w76:638 executor process died (native abort)
  [44765] MISMATCH w76:665 out[0] non-finite mismatch (nan/inf positions differ)
  [44782] CRASH    w76:684 executor process died (native abort)
  [44783] CRASH    w76:690 executor process died (native abort)
  [44784] CRASH    w76:691 executor process died (native abort)
  [44785] CRASH    w76:693 executor process died (native abort)
  [44798] CRASH    w76:700 executor process died (native abort)
  [44800] CRASH    w76:716 executor process died (native abort)
  [44801] CRASH    w76:72 executor process died (native abort)
  [44805] MISMATCH w76:73 out[0] max|delta|=8.590e+09 (rtol=0.0 atol=0.0)
  [44860] CRASH    w76:78 executor process died (native abort)
  [44866] CRASH    w77:10 executor process died (native abort)
  [44871] CRASH    w77:112 executor process died (native abort)
  [44884] CRASH    w77:138 executor process died (native abort)
  [44885] MISMATCH w77:156 out[0] max|delta|=1.153e+18 (rtol=0.0 atol=0.0)
  [44893] CRASH    w77:160 executor process died (native abort)
  [44897] CRASH    w77:132 executor process died (native abort)
  [44899] CRASH    w77:174 executor process died (native abort)
  [44900] CRASH    w77:177 executor process died (native abort)
  [44901] CRASH    w77:171 executor process died (native abort)
  [44911] CRASH    w77:186 executor process died (native abort)
  [44912] CRASH    w77:192 executor process died (native abort)
  [44913] CRASH    w77:193 executor process died (native abort)
  [44924] MISMATCH w77:208 out[0] non-finite mismatch (nan/inf positions differ)
  [44935] MISMATCH w77:222 out[0] max|delta|=1.000e+00 (rtol=0.0 atol=0.0)
  [44940] MISMATCH w77:232 out[0] max|delta|=5.033e+07 (rtol=0.0 atol=0.0)
  [44962] MISMATCH w77:268 out[0] non-finite mismatch (nan/inf positions differ)
  [44973] MISMATCH w77:288 out[0] max|delta|=3.999e-01 (rtol=0.01 atol=0.001)
  [44974] CRASH    w77:26 executor process died (native abort)
  [44986] CRASH    w77:298 executor process died (native abort)
  [44991] CRASH    w77:303 executor process died (native abort)
  [44994] CRASH    w77:318 executor process died (native abort)
  [44998] CRASH    w77:292 executor process died (native abort)
  [44999] MISMATCH w77:327 out[0] max|delta|=3.006e+10 (rtol=0.0 atol=0.0)
  [45001] MISMATCH w77:331 out[0] max|delta|=4.000e+00 (rtol=0.0 atol=0.0)
  [45007] CRASH    w77:33 executor process died (native abort)
  [45009] CRASH    w77:340 executor process died (native abort)
  [45010] CRASH    w77:342 executor process died (native abort)
  [45024] CRASH    w77:35 executor process died (native abort)
  [45030] CRASH    w77:360 executor process died (native abort)
  [45034] CRASH    w77:37 executor process died (native abort)
  [45048] MISMATCH w77:384 out[0] max|delta|=4.612e+18 (rtol=0.0 atol=0.0)
  [45051] MISMATCH w77:40 out[0] non-finite mismatch (nan/inf positions differ)
  [t=1684s] 45052/55756 (26.8/s)  ok=38386 mism=1555 crash=3637 timeout=0 skip=1474  |  inflight=15
  [45067] CRASH    w77:425 executor process died (native abort)
  [45068] CRASH    w77:431 executor process died (native abort)
  [45069] CRASH    w77:42 executor process died (native abort)
  [45070] CRASH    w77:433 executor process died (native abort)
  [45078] CRASH    w77:45 executor process died (native abort)
  [45082] CRASH    w77:451 executor process died (native abort)
  [45087] CRASH    w77:452 executor process died (native abort)
  [45088] MISMATCH w77:463 out[0] max|delta|=1.611e+09 (rtol=0.0 atol=0.0)
  [45105] CRASH    w77:482 executor process died (native abort)
  [45106] CRASH    w77:488 executor process died (native abort)
  [45107] CRASH    w77:491 executor process died (native abort)
  [45108] CRASH    w77:464 executor process died (native abort)
  [45117] CRASH    w77:501 executor process died (native abort)
  [45124] CRASH    w77:515 executor process died (native abort)
  [45125] MISMATCH w77:518 out[0] max|delta|=8.579e-01 (rtol=0.01 atol=0.001)
  [45144] MISMATCH w77:54 out[0] max|delta|=4.000e+00 (rtol=0.0 atol=0.0)
  [45168] MISMATCH w77:576 out[0] non-finite mismatch (nan/inf positions differ)
  [45184] CRASH    w77:59 executor process died (native abort)
  [45189] CRASH    w77:590 executor process died (native abort)
  [45190] CRASH    w77:619 executor process died (native abort)
  [45191] CRASH    w77:62 executor process died (native abort)
  [45192] MISMATCH w77:612 out[0] max|delta|=4.612e+18 (rtol=0.0 atol=0.0)
  [45210] CRASH    w77:64 executor process died (native abort)
  [45213] MISMATCH w77:656 out[0] non-finite mismatch (nan/inf positions differ)
  [45217] CRASH    w77:648 executor process died (native abort)
  [45218] CRASH    w77:661 executor process died (native abort)
  [45219] CRASH    w77:665 executor process died (native abort)
  [45227] MISMATCH w77:678 out[0] max|delta|=8.000e+00 (rtol=0.0 atol=0.0)
  [45234] MISMATCH w77:688 out[0] non-finite mismatch (nan/inf positions differ)
  [45238] MISMATCH w77:691 out[0] max|delta|=1.611e+09 (rtol=0.0 atol=0.0)
  [45240] CRASH    w77:681 executor process died (native abort)
  [45244] MISMATCH w77:7 out[0] max|delta|=1.611e+09 (rtol=0.0 atol=0.0)
  [45251] CRASH    w77:692 executor process died (native abort)
  [45255] CRASH    w77:716 executor process died (native abort)
  [45257] CRASH    w77:719 executor process died (native abort)
  [45299] MISMATCH w77:8 out[0] non-finite mismatch (nan/inf positions differ)
  [45310] MISMATCH w77:99 out[0] max|delta|=2.577e+10 (rtol=0.0 atol=0.0)
  [45337] CRASH    w78:131 executor process died (native abort)
  [45341] CRASH    w78:121 executor process died (native abort)
  [45345] CRASH    w78:141 executor process died (native abort)
  [45346] CRASH    w78:159 executor process died (native abort)
  [45352] CRASH    w78:165 executor process died (native abort)
  [45357] CRASH    w78:175 executor process died (native abort)
  [45372] CRASH    w78:2 executor process died (native abort)
  [45376] CRASH    w78:204 executor process died (native abort)
  [45379] CRASH    w78:210 executor process died (native abort)
  [45380] CRASH    w78:219 executor process died (native abort)
  [45384] MISMATCH w78:226 out[0] max|delta|=2.550e+02 (rtol=0.0 atol=0.0)
  [45387] CRASH    w78:224 executor process died (native abort)
  [45407] MISMATCH w78:262 out[0] max|delta|=1.611e+09 (rtol=0.0 atol=0.0)
  [45422] MISMATCH w78:235 out[0] max|delta|=2.000e+00 (rtol=0.01 atol=0.001)
  [t=1699s] 45428/55756 (26.7/s)  ok=38698 mism=1570 crash=3673 timeout=0 skip=1487  |  inflight=15
  [45435] CRASH    w78:281 executor process died (native abort)
  [45447] CRASH    w78:313 executor process died (native abort)
  [45450] CRASH    w78:319 executor process died (native abort)
  [45451] CRASH    w78:325 executor process died (native abort)
  [45452] CRASH    w78:307 executor process died (native abort)
  [45463] CRASH    w78:330 executor process died (native abort)
  [45468] CRASH    w78:35 executor process died (native abort)
  [45469] CRASH    w78:354 executor process died (native abort)
  [45477] CRASH    w78:349 executor process died (native abort)
  [45482] CRASH    w78:37 executor process died (native abort)
  [45489] CRASH    w78:359 executor process died (native abort)
  [45497] CRASH    w78:4 executor process died (native abort)
  [45502] CRASH    w78:403 executor process died (native abort)
  [45543] MISMATCH w78:477 out[0] max|delta|=2.407e+00 (rtol=0.01 atol=0.001)
  [45549] MISMATCH w78:487 out[0] max|delta|=2.162e+17 (rtol=0.0 atol=0.0)
  [45552] MISMATCH w78:490 out[0] max|delta|=2.147e+09 (rtol=0.0 atol=0.0)
  [45572] MISMATCH w78:523 out[0] non-finite mismatch (nan/inf positions differ)
  [45605] CRASH    w78:53 executor process died (native abort)
  [45609] CRASH    w78:587 executor process died (native abort)
  [45614] CRASH    w78:582 executor process died (native abort)
  [45623] CRASH    w78:59 executor process died (native abort)
  [45626] CRASH    w78:615 executor process died (native abort)
  [45630] MISMATCH w78:632 out[0] max|delta|=3.000e+00 (rtol=0.0 atol=0.0)
  [45633] CRASH    w78:621 executor process died (native abort)
  [45635] CRASH    w78:64 executor process died (native abort)
  [45647] CRASH    w78:647 executor process died (native abort)
  [45653] MISMATCH w78:666 out[0] max|delta|=4.295e+09 (rtol=0.0 atol=0.0)
  [45654] CRASH    w78:657 executor process died (native abort)
  [45655] CRASH    w78:643 executor process died (native abort)
  [45656] CRASH    w78:668 executor process died (native abort)
  [45675] MISMATCH w78:7 out[0] non-finite mismatch (nan/inf positions differ)
  [45685] MISMATCH w78:715 out[0] non-finite mismatch (nan/inf positions differ)
  [45688] MISMATCH w78:718 out[0] max|delta|=6.918e+18 (rtol=0.01 atol=0.001)
  [45713] CRASH    w78:737 executor process died (native abort)
  [45716] CRASH    w78:746 executor process died (native abort)
  [45717] CRASH    w78:769 executor process died (native abort)
  [45718] CRASH    w78:763 executor process died (native abort)
  [45719] MISMATCH w78:764 out[0] max|delta|=3.000e+00 (rtol=0.01 atol=0.001)
  [45726] MISMATCH w78:771 out[0] non-finite mismatch (nan/inf positions differ)
  [45727] CRASH    w78:781 executor process died (native abort)
  [45729] CRASH    w78:79 executor process died (native abort)
  [45733] CRASH    w78:8 executor process died (native abort)
  [45734] CRASH    w78:89 executor process died (native abort)
  [45739] CRASH    w78:91 executor process died (native abort)
  [45752] CRASH    w79:0 executor process died (native abort)
  [45755] MISMATCH w79:12 out[0] max|delta|=9.223e+18 (rtol=0.01 atol=0.001)
  [45766] CRASH    w79:127 executor process died (native abort)
  [45767] CRASH    w78:97 executor process died (native abort)
  [45770] CRASH    w79:137 executor process died (native abort)
  [45780] MISMATCH w79:161 out[0] max|delta|=3.355e+07 (rtol=0.0 atol=0.0)
  [t=1714s] 45782/55756 (26.7/s)  ok=38995 mism=1583 crash=3710 timeout=0 skip=1494  |  inflight=15
  [45813] MISMATCH w79:213 out[0] max|delta|=9.108e-01 (rtol=0.01 atol=0.001)
  [45821] MISMATCH w79:227 out[0] max|delta|=1.000e+00 (rtol=0.0 atol=0.0)
  [45826] MISMATCH w79:237 out[0] non-finite mismatch (nan/inf positions differ)
  [45829] MISMATCH w79:240 out[0] max|delta|=9.223e+18 (rtol=0.0 atol=0.0)
  [45844] CRASH    w79:241 executor process died (native abort)
  [45847] CRASH    w79:259 executor process died (native abort)
  [45848] CRASH    w79:265 executor process died (native abort)
  [45849] CRASH    w79:275 executor process died (native abort)
  [45852] CRASH    w79:268 executor process died (native abort)
  [45862] CRASH    w79:285 executor process died (native abort)
  [45867] CRASH    w79:291 executor process died (native abort)
  [45870] CRASH    w79:308 executor process died (native abort)
  [45882] CRASH    w79:31 executor process died (native abort)
  [45884] CRASH    w79:327 executor process died (native abort)
  [45885] CRASH    w79:332 executor process died (native abort)
  [45886] CRASH    w79:336 executor process died (native abort)
  [45958] MISMATCH w79:441 out[0] non-finite mismatch (nan/inf positions differ)
  [45969] MISMATCH w79:465 out[0] max|delta|=9.223e+18 (rtol=0.01 atol=0.001)
  [45972] MISMATCH w79:468 out[0] non-finite mismatch (nan/inf positions differ)
  [45978] CRASH    w79:458 executor process died (native abort)
  [45979] CRASH    w79:47 executor process died (native abort)
  [45984] CRASH    w79:471 executor process died (native abort)
  [45985] CRASH    w79:487 executor process died (native abort)
  [45989] CRASH    w79:493 executor process died (native abort)
  [45991] CRASH    w79:496 executor process died (native abort)
  [45993] CRASH    w79:498 executor process died (native abort)
  [45994] CRASH    w79:50 executor process died (native abort)
  [46002] CRASH    w79:506 executor process died (native abort)
  [46004] CRASH    w79:501 executor process died (native abort)
  [46005] CRASH    w79:513 executor process died (native abort)
  [46006] CRASH    w79:503 executor process died (native abort)
  [46012] MISMATCH w79:515 out[0] max|delta|=4.000e+00 (rtol=0.0 atol=0.0)
  [46062] CRASH    w79:593 executor process died (native abort)
  [46065] CRASH    w79:595 executor process died (native abort)
  [46066] CRASH    w79:564 executor process died (native abort)
  [46067] CRASH    w79:608 executor process died (native abort)
  [46073] MISMATCH w79:610 out[0] max|delta|=5.000e+00 (rtol=0.0 atol=0.0)
  [46083] CRASH    w79:621 executor process died (native abort)
  [46087] MISMATCH w79:639 out[0] max|delta|=8.000e+00 (rtol=0.0 atol=0.0)
  [46091] CRASH    w79:63 executor process died (native abort)
  [46096] CRASH    w79:638 executor process died (native abort)
  [46098] CRASH    w79:653 executor process died (native abort)
  [46101] MISMATCH w79:661 out[0] non-finite mismatch (nan/inf positions differ)
  [46106] CRASH    w79:646 executor process died (native abort)
  [46108] CRASH    w79:666 executor process died (native abort)
  [46112] CRASH    w79:67 executor process died (native abort)
  [46115] MISMATCH w79:683 out[0] max|delta|=3.296e+00 (rtol=0.01 atol=0.001)
  [46123] MISMATCH w79:693 out[0] max|delta|=2.684e+08 (rtol=0.0 atol=0.0)
  [46127] MISMATCH w79:696 out[0] max|delta|=6.918e+18 (rtol=0.01 atol=0.001)
  [t=1729s] 46135/55756 (26.7/s)  ok=39284 mism=1597 crash=3745 timeout=0 skip=1509  |  inflight=15
  [46148] CRASH    w79:715 executor process died (native abort)
  [46164] MISMATCH w79:751 out[0] non-finite mismatch (nan/inf positions differ)
  [46190] MISMATCH w79:9 out[0] max|delta|=2.882e+17 (rtol=0.01 atol=0.001)
  [46212] CRASH    w8:0 executor process died (native abort)
  [46213] CRASH    w8:111 executor process died (native abort)
  [46214] CRASH    w8:13 executor process died (native abort)
  [46215] CRASH    w8:130 executor process died (native abort)
  [46222] CRASH    w8:140 executor process died (native abort)
  [46236] CRASH    w8:156 executor process died (native abort)
  [46240] CRASH    w8:168 executor process died (native abort)
  [46244] CRASH    w8:174 executor process died (native abort)
  [46254] MISMATCH w8:185 out[0] max|delta|=3.000e+00 (rtol=0.0 atol=0.0)
  [46296] MISMATCH w8:258 out[0] max|delta|=2.498e+00 (rtol=0.01 atol=0.001)
  [46304] MISMATCH w8:271 out[0] max|delta|=1.611e+09 (rtol=0.0 atol=0.0)
  [46308] MISMATCH w8:277 out[0] max|delta|=1.000e+00 (rtol=0.0 atol=0.0)
  [46319] MISMATCH w8:30 out[0] max|delta|=3.339e+00 (rtol=0.01 atol=0.001)
  [46321] CRASH    w8:296 executor process died (native abort)
  [46322] CRASH    w8:297 executor process died (native abort)
  [46323] CRASH    w8:290 executor process died (native abort)
  [46324] CRASH    w8:306 executor process died (native abort)
  [46331] CRASH    w8:309 executor process died (native abort)
  [46335] CRASH    w8:316 executor process died (native abort)
  [46338] CRASH    w8:322 executor process died (native abort)
  [46339] CRASH    w8:33 executor process died (native abort)
  [46359] MISMATCH w8:363 out[0] max|delta|=2.577e+10 (rtol=0.0 atol=0.0)
  [46379] CRASH    w8:376 executor process died (native abort)
  [46388] CRASH    w8:384 executor process died (native abort)
  [46392] MISMATCH w8:420 out[0] max|delta|=5.765e+17 (rtol=0.0 atol=0.0)
  [46396] CRASH    w8:424 executor process died (native abort)
  [46399] CRASH    w8:427 executor process died (native abort)
  [46400] MISMATCH w8:43 out[0] non-finite mismatch (nan/inf positions differ)
  [46402] MISMATCH w8:434 out[0] max|delta|=2.550e+02 (rtol=0.0 atol=0.0)
  [46407] MISMATCH w8:442 out[0] max|delta|=5.000e+00 (rtol=0.0 atol=0.0)
  [46432] MISMATCH w8:472 out[0] non-finite mismatch (nan/inf positions differ)
  [46472] CRASH    w8:518 executor process died (native abort)
  [46481] CRASH    w8:544 executor process died (native abort)
  [46509] CRASH    w8:590 executor process died (native abort)
  [46514] CRASH    w8:595 executor process died (native abort)
  [46516] CRASH    w8:562 executor process died (native abort)
  [46519] CRASH    w8:624 executor process died (native abort)
  [46525] CRASH    w8:630 executor process died (native abort)
  [46526] CRASH    w8:640 executor process died (native abort)
  [46532] MISMATCH w8:648 out[0] max|delta|=5.765e+17 (rtol=0.0 atol=0.0)
  [46540] CRASH    w8:655 executor process died (native abort)
  [46550] CRASH    w8:656 executor process died (native abort)
  [t=1744s] 46559/55756 (26.7/s)  ok=39650 mism=1611 crash=3776 timeout=0 skip=1522  |  inflight=15
  [46576] MISMATCH w8:695 out[0] max|delta|=5.110e-03 (rtol=0.01 atol=0.001)
  [46584] MISMATCH w8:727 out[0] max|delta|=1.611e+09 (rtol=0.0 atol=0.0)
  [46607] CRASH    w8:755 executor process died (native abort)
  [46612] CRASH    w8:760 executor process died (native abort)
  [46613] CRASH    w8:762 executor process died (native abort)
  [46614] CRASH    w8:778 executor process died (native abort)
  [46620] CRASH    w8:81 executor process died (native abort)
  [46626] CRASH    w8:78 executor process died (native abort)
  [46629] CRASH    w8:88 executor process died (native abort)
  [46630] CRASH    w8:94 executor process died (native abort)
  [46632] CRASH    w8:98 executor process died (native abort)
  [46637] CRASH    w80:1 executor process died (native abort)
  [46638] CRASH    w80:102 executor process died (native abort)
  [46644] CRASH    w80:103 executor process died (native abort)
  [46648] MISMATCH w80:104 out[0] max|delta|=3.999e-01 (rtol=0.01 atol=0.001)
  [46688] MISMATCH w80:193 out[0] max|delta|=8.000e+00 (rtol=0.0 atol=0.0)
  [46695] MISMATCH w80:200 out[0] max|delta|=1.729e+18 (rtol=0.0 atol=0.0)
  [46728] CRASH    w80:237 executor process died (native abort)
  [46735] MISMATCH w80:276 out[0] non-finite mismatch (nan/inf positions differ)
  [46736] CRASH    w80:253 executor process died (native abort)
  [46746] CRASH    w80:280 executor process died (native abort)
  [46754] MISMATCH w80:279 out[0] max|delta|=6.918e+18 (rtol=0.0 atol=0.0)
  [46756] CRASH    w80:304 executor process died (native abort)
  [46757] CRASH    w80:309 executor process died (native abort)
  [46761] CRASH    w80:314 executor process died (native abort)
  [46767] CRASH    w80:324 executor process died (native abort)
  [46791] CRASH    w80:366 executor process died (native abort)
  [46792] CRASH    w80:371 executor process died (native abort)
  [46793] CRASH    w80:330 executor process died (native abort)
  [46794] MISMATCH w80:342 out[0] max|delta|=1.288e+10 (rtol=0.0 atol=0.0)
  [46797] CRASH    w80:38 executor process died (native abort)
  [46868] CRASH    w80:481 executor process died (native abort)
  [46873] CRASH    w80:469 executor process died (native abort)
  [46874] MISMATCH w80:504 out[0] max|delta|=2.162e+17 (rtol=0.0 atol=0.0)
  [46877] CRASH    w80:480 executor process died (native abort)
  [46878] CRASH    w80:508 executor process died (native abort)
  [46898] CRASH    w80:535 executor process died (native abort)
  [46903] CRASH    w80:542 executor process died (native abort)
  [46904] CRASH    w80:537 executor process died (native abort)
  [46905] CRASH    w80:552 executor process died (native abort)
  [46926] CRASH    w80:570 executor process died (native abort)
  [46951] MISMATCH w80:634 out[0] max|delta|=4.295e+09 (rtol=0.0 atol=0.0)
  [46960] MISMATCH w80:649 out[0] max|delta|=7.000e+00 (rtol=0.0 atol=0.0)
  [t=1759s] 46971/55756 (26.7/s)  ok=40008 mism=1622 crash=3808 timeout=0 skip=1533  |  inflight=15
  [46977] MISMATCH w80:674 out[0] non-finite mismatch (nan/inf positions differ)
  [46991] MISMATCH w80:700 out[0] non-finite mismatch (nan/inf positions differ)
  [47007] MISMATCH w80:732 out[0] max|delta|=5.033e+07 (rtol=0.0 atol=0.0)
  [47022] CRASH    w80:705 executor process died (native abort)
  [47024] MISMATCH w80:76 out[0] max|delta|=4.000e+00 (rtol=0.0 atol=0.0)
  [47027] CRASH    w80:723 executor process died (native abort)
  [47028] CRASH    w80:754 executor process died (native abort)
  [47029] CRASH    w80:765 executor process died (native abort)
  [47047] CRASH    w80:79 executor process died (native abort)
  [47058] CRASH    w81:112 executor process died (native abort)
  [47059] CRASH    w81:12 executor process died (native abort)
  [47063] CRASH    w81:121 executor process died (native abort)
  [47065] CRASH    w81:13 executor process died (native abort)
  [47070] CRASH    w81:132 executor process died (native abort)
  [47076] CRASH    w81:140 executor process died (native abort)
  [47090] MISMATCH w81:174 out[0] max|delta|=1.153e+18 (rtol=0.0 atol=0.0)
  [47121] MISMATCH w81:22 out[0] max|delta|=7.206e+16 (rtol=0.01 atol=0.001)
  [47136] MISMATCH w81:240 out[0] max|delta|=3.236e+00 (rtol=0.01 atol=0.001)
  [47141] MISMATCH w81:25 out[0] max|delta|=6.918e+18 (rtol=0.0 atol=0.0)
  [47159] MISMATCH w81:267 out[0] max|delta|=1.593e+00 (rtol=0.01 atol=0.001)
  [47164] CRASH    w81:281 executor process died (native abort)
  [47165] CRASH    w81:278 executor process died (native abort)
  [47166] CRASH    w81:288 executor process died (native abort)
  [47167] CRASH    w81:291 executor process died (native abort)
  [47170] MISMATCH w81:299 out[0] max|delta|=4.000e+00 (rtol=0.0 atol=0.0)
  [47182] CRASH    w81:305 executor process died (native abort)
  [47187] CRASH    w81:308 executor process died (native abort)
  [47189] CRASH    w81:310 executor process died (native abort)
  [47190] CRASH    w81:321 executor process died (native abort)
  [47204] CRASH    w81:345 executor process died (native abort)
  [47209] CRASH    w81:349 executor process died (native abort)
  [47212] CRASH    w81:350 executor process died (native abort)
  [47234] MISMATCH w81:402 out[0] max|delta|=7.206e+16 (rtol=0.0 atol=0.0)
  [47243] MISMATCH w81:416 out[0] max|delta|=1.000e+00 (rtol=0.0 atol=0.0)
  [47258] CRASH    w81:439 executor process died (native abort)
  [47259] CRASH    w81:44 executor process died (native abort)
  [47260] CRASH    w81:443 executor process died (native abort)
  [47261] CRASH    w81:432 executor process died (native abort)
  [47275] MISMATCH w81:468 out[0] max|delta|=3.302e+00 (rtol=0.01 atol=0.001)
  [47286] CRASH    w81:469 executor process died (native abort)
  [47296] MISMATCH w81:50 out[0] max|delta|=4.000e+00 (rtol=0.0 atol=0.0)
  [47298] CRASH    w81:449 executor process died (native abort)
  [47302] CRASH    w81:511 executor process died (native abort)
  [47304] CRASH    w81:516 executor process died (native abort)
  [47305] CRASH    w81:519 executor process died (native abort)
  [47315] CRASH    w81:509 executor process died (native abort)
  [47319] CRASH    w81:526 executor process died (native abort)
  [47324] CRASH    w81:53 executor process died (native abort)
  [t=1774s] 47337/55756 (26.7/s)  ok=40316 mism=1636 crash=3842 timeout=0 skip=1543  |  inflight=15
  [47361] CRASH    w81:594 executor process died (native abort)
  [47362] CRASH    w81:606 executor process died (native abort)
  [47363] CRASH    w81:608 executor process died (native abort)
  [47364] CRASH    w81:532 executor process died (native abort)
  [47374] MISMATCH w81:630 out[0] max|delta|=6.711e+07 (rtol=0.0 atol=0.0)
  [47379] CRASH    w81:63 executor process died (native abort)
  [47380] CRASH    w81:634 executor process died (native abort)
  [47381] CRASH    w81:637 executor process died (native abort)
  [47385] CRASH    w81:638 executor process died (native abort)
  [47401] CRASH    w81:666 executor process died (native abort)
  [47402] CRASH    w81:671 executor process died (native abort)
  [47418] MISMATCH w81:696 out[0] max|delta|=2.407e+00 (rtol=0.01 atol=0.001)
  [47419] MISMATCH w81:682 out[0] max|delta|=7.295e-01 (rtol=0.01 atol=0.001)
  [47428] MISMATCH w81:709 out[0] max|delta|=9.223e+18 (rtol=0.01 atol=0.001)
  [47434] MISMATCH w81:715 out[0] max|delta|=9.223e+18 (rtol=0.0 atol=0.0)
  [47457] MISMATCH w81:755 out[0] max|delta|=4.000e+00 (rtol=0.0 atol=0.0)
  [47478] CRASH    w81:612 executor process died (native abort)
  [47484] CRASH    w81:80 executor process died (native abort)
  [47486] MISMATCH w82:0 out[0] max|delta|=2.882e+17 (rtol=0.01 atol=0.001)
  [47489] CRASH    w81:82 executor process died (native abort)
  [47492] CRASH    w82:108 executor process died (native abort)
  [47508] CRASH    w82:128 executor process died (native abort)
  [47513] CRASH    w82:130 executor process died (native abort)
  [47519] CRASH    w82:156 executor process died (native abort)
  [47523] CRASH    w82:134 executor process died (native abort)
  [47524] CRASH    w82:160 executor process died (native abort)
  [47570] MISMATCH w82:231 out[0] non-finite mismatch (nan/inf positions differ)
  [47573] MISMATCH w82:228 out[0] max|delta|=7.206e+16 (rtol=0.01 atol=0.001)
  [47582] CRASH    w82:232 executor process died (native abort)
  [47585] CRASH    w82:250 executor process died (native abort)
  [47586] CRASH    w82:259 executor process died (native abort)
  [47588] CRASH    w82:257 executor process died (native abort)
  [47604] CRASH    w82:283 executor process died (native abort)
  [47605] CRASH    w82:286 executor process died (native abort)
  [47609] CRASH    w82:264 executor process died (native abort)
  [47614] MISMATCH w82:3 out[0] max|delta|=2.147e+09 (rtol=0.0 atol=0.0)
  [47618] CRASH    w82:288 executor process died (native abort)
  [47623] CRASH    w82:31 executor process died (native abort)
  [t=1789s] 47635/55756 (26.6/s)  ok=40568 mism=1646 crash=3870 timeout=0 skip=1551  |  inflight=15
  [47689] CRASH    w82:409 executor process died (native abort)
  [47690] MISMATCH w82:424 out[0] non-finite mismatch (nan/inf positions differ)
  [47691] CRASH    w82:41 executor process died (native abort)
  [47692] CRASH    w82:410 executor process died (native abort)
  [47693] CRASH    w82:427 executor process died (native abort)
  [47712] MISMATCH w82:459 out[0] max|delta|=1.611e+09 (rtol=0.0 atol=0.0)
  [47714] CRASH    w82:447 executor process died (native abort)
  [47719] CRASH    w82:429 executor process died (native abort)
  [47724] CRASH    w82:462 executor process died (native abort)
  [47725] CRASH    w82:48 executor process died (native abort)
  [47746] CRASH    w82:510 executor process died (native abort)
  [47747] CRASH    w82:511 executor process died (native abort)
  [47748] MISMATCH w82:514 out[0] max|delta|=1.042e+00 (rtol=0.01 atol=0.001)
  [47796] MISMATCH w82:601 out[0] max|delta|=6.000e+00 (rtol=0.0 atol=0.0)
  [47801] MISMATCH w82:608 out[0] max|delta|=1.153e+18 (rtol=0.0 atol=0.0)
  [47806] MISMATCH w82:58 out[0] max|delta|=1.765e+00 (rtol=0.01 atol=0.001)
  [47824] CRASH    w82:626 executor process died (native abort)
  [47832] CRASH    w82:635 executor process died (native abort)
  [47833] CRASH    w82:657 executor process died (native abort)
  [47834] CRASH    w82:660 executor process died (native abort)
  [47850] MISMATCH w82:687 out[0] max|delta|=9.223e+18 (rtol=0.0 atol=0.0)
  [47852] CRASH    w82:675 executor process died (native abort)
  [47866] MISMATCH w82:712 out[0] max|delta|=4.000e+00 (rtol=0.0 atol=0.0)
  [47869] CRASH    w82:713 executor process died (native abort)
  [47870] CRASH    w82:715 executor process died (native abort)
  [47875] CRASH    w82:717 executor process died (native abort)
  [47878] CRASH    w82:732 executor process died (native abort)
  [47879] MISMATCH w82:733 out[0] max|delta|=4.000e+00 (rtol=0.0 atol=0.0)
  [47886] CRASH    w82:738 executor process died (native abort)
  [47891] CRASH    w82:744 executor process died (native abort)
  [47943] CRASH    w83:122 executor process died (native abort)
  [47952] CRASH    w82:95 executor process died (native abort)
  [47953] MISMATCH w83:145 out[0] max|delta|=4.295e+09 (rtol=0.0 atol=0.0)
  [47957] CRASH    w83:147 executor process died (native abort)
  [47958] CRASH    w83:155 executor process died (native abort)
  [47959] CRASH    w83:14 executor process died (native abort)
  [47960] CRASH    w83:148 executor process died (native abort)
  [47965] CRASH    w83:165 executor process died (native abort)
  [47966] CRASH    w83:167 executor process died (native abort)
  [47975] CRASH    w83:171 executor process died (native abort)
  [47982] MISMATCH w83:194 out[0] max|delta|=1.441e+17 (rtol=0.01 atol=0.001)
  [47984] CRASH    w83:185 executor process died (native abort)
  [47986] CRASH    w83:170 executor process died (native abort)
  [47987] CRASH    w83:198 executor process died (native abort)
  [47988] CRASH    w83:184 executor process died (native abort)
  [47989] MISMATCH w83:197 out[0] max|delta|=6.918e+18 (rtol=0.01 atol=0.001)
  [t=1804s] 48010/55756 (26.6/s)  ok=40885 mism=1658 crash=3904 timeout=0 skip=1563  |  inflight=15
  [48013] MISMATCH w83:243 out[0] max|delta|=4.000e+00 (rtol=0.0 atol=0.0)
  [48020] MISMATCH w83:252 out[0] non-finite mismatch (nan/inf positions differ)
  [48023] MISMATCH w83:24 out[0] non-finite mismatch (nan/inf positions differ)
  [48042] MISMATCH w83:289 out[0] max|delta|=1.288e+10 (rtol=0.0 atol=0.0)
  [48043] MISMATCH w83:288 out[0] max|delta|=1.205e-02 (rtol=0.01 atol=0.001)
  [48050] CRASH    w83:294 executor process died (native abort)
  [48051] CRASH    w83:265 executor process died (native abort)
  [48052] CRASH    w83:3 executor process died (native abort)
  [48053] CRASH    w83:302 executor process died (native abort)
  [48068] CRASH    w83:32 executor process died (native abort)
  [48074] CRASH    w83:324 executor process died (native abort)
  [48076] MISMATCH w83:346 out[0] max|delta|=9.223e+18 (rtol=0.0 atol=0.0)
  [48080] CRASH    w83:338 executor process died (native abort)
  [48082] CRASH    w83:353 executor process died (native abort)
  [48096] MISMATCH w83:354 out[0] max|delta|=4.000e+00 (rtol=0.0 atol=0.0)
  [48100] CRASH    w83:375 executor process died (native abort)
  [48102] CRASH    w83:382 executor process died (native abort)
  [48103] CRASH    w83:383 executor process died (native abort)
  [48105] MISMATCH w83:390 out[0] non-finite mismatch (nan/inf positions differ)
  [48110] MISMATCH w83:389 out[0] max|delta|=1.000e+00 (rtol=0.0 atol=0.0)
  [48127] MISMATCH w83:422 out[0] max|delta|=5.765e+17 (rtol=0.01 atol=0.001)
  [48130] MISMATCH w83:425 out[0] max|delta|=6.918e+18 (rtol=0.01 atol=0.001)
  [48145] CRASH    w83:426 executor process died (native abort)
  [48157] CRASH    w83:444 executor process died (native abort)
  [48182] MISMATCH w83:517 out[0] max|delta|=2.147e+10 (rtol=0.0 atol=0.0)
  [48190] CRASH    w83:512 executor process died (native abort)
  [48195] CRASH    w83:522 executor process died (native abort)
  [48200] CRASH    w83:530 executor process died (native abort)
  [48201] CRASH    w83:550 executor process died (native abort)
  [48207] CRASH    w83:556 executor process died (native abort)
  [48215] CRASH    w83:56 executor process died (native abort)
  [48234] CRASH    w83:60 executor process died (native abort)
  [48237] CRASH    w83:603 executor process died (native abort)
  [48238] CRASH    w83:565 executor process died (native abort)
  [48239] CRASH    w83:61 executor process died (native abort)
  [48267] MISMATCH w83:653 out[0] non-finite mismatch (nan/inf positions differ)
  [48294] CRASH    w83:672 executor process died (native abort)
  [48295] MISMATCH w83:699 out[0] max|delta|=4.000e+00 (rtol=0.0 atol=0.0)
  [48299] MISMATCH w83:706 out[0] non-finite mismatch (nan/inf positions differ)
  [48311] CRASH    w83:710 executor process died (native abort)
  [48315] CRASH    w83:716 executor process died (native abort)
  [48320] MISMATCH w83:745 out[0] max|delta|=2.147e+10 (rtol=0.0 atol=0.0)
  [48324] CRASH    w83:750 executor process died (native abort)
  [48328] CRASH    w83:752 executor process died (native abort)
  [48331] CRASH    w83:760 executor process died (native abort)
  [48332] CRASH    w83:766 executor process died (native abort)
  [48341] MISMATCH w83:780 out[0] max|delta|=4.295e+09 (rtol=0.0 atol=0.0)
  [48343] MISMATCH w83:79 out[0] max|delta|=1.280e+02 (rtol=0.0 atol=0.0)
  [48359] CRASH    w83:82 executor process died (native abort)
  [48367] CRASH    w84:108 executor process died (native abort)
  [48371] CRASH    w84:100 executor process died (native abort)
  [48373] CRASH    w84:121 executor process died (native abort)
  [48382] MISMATCH w84:133 out[0] max|delta|=4.295e+09 (rtol=0.0 atol=0.0)
  [t=1819s] 48402/55756 (26.6/s)  ok=41210 mism=1677 crash=3938 timeout=0 skip=1577  |  inflight=15
  [48424] MISMATCH w84:212 out[0] max|delta|=8.000e+00 (rtol=0.0 atol=0.0)
  [48430] MISMATCH w84:219 out[0] max|delta|=8.647e+17 (rtol=0.0 atol=0.0)
  [48457] CRASH    w84:237 executor process died (native abort)
  [48460] CRASH    w84:246 executor process died (native abort)
  [48461] CRASH    w84:268 executor process died (native abort)
  [48462] CRASH    w84:271 executor process died (native abort)
  [48463] CRASH    w84:27 executor process died (native abort)
  [48467] CRASH    w84:272 executor process died (native abort)
  [48471] MISMATCH w84:285 out[0] max|delta|=1.000e+00 (rtol=0.0 atol=0.0)
  [48488] CRASH    w84:301 executor process died (native abort)
  [48490] MISMATCH w84:312 out[0] max|delta|=7.000e+00 (rtol=0.0 atol=0.0)
  [48493] CRASH    w84:317 executor process died (native abort)
  [48497] CRASH    w84:32 executor process died (native abort)
  [48498] CRASH    w84:323 executor process died (native abort)
  [48499] CRASH    w84:324 executor process died (native abort)
  [48515] MISMATCH w84:351 out[0] max|delta|=3.999e-01 (rtol=0.01 atol=0.001)
  [48564] MISMATCH w84:43 out[0] max|delta|=1.765e+00 (rtol=0.01 atol=0.001)
  [48566] MISMATCH w84:44 out[0] max|delta|=4.000e+00 (rtol=0.0 atol=0.0)
  [48571] MISMATCH w84:447 out[0] max|delta|=2.306e+18 (rtol=0.0 atol=0.0)
  [48584] CRASH    w84:451 executor process died (native abort)
  [48590] CRASH    w84:455 executor process died (native abort)
  [48592] CRASH    w84:465 executor process died (native abort)
  [48593] CRASH    w84:483 executor process died (native abort)
  [48597] MISMATCH w84:491 out[0] non-finite mismatch (nan/inf positions differ)
  [48601] CRASH    w84:494 executor process died (native abort)
  [48603] MISMATCH w84:5 out[0] max|delta|=1.000e+00 (rtol=0.0 atol=0.0)
  [48606] CRASH    w84:496 executor process died (native abort)
  [48611] CRASH    w84:484 executor process died (native abort)
  [48614] CRASH    w84:513 executor process died (native abort)
  [48618] CRASH    w84:514 executor process died (native abort)
  [48626] CRASH    w84:529 executor process died (native abort)
  [48631] CRASH    w84:515 executor process died (native abort)
  [48653] MISMATCH w84:57 out[0] max|delta|=4.295e+09 (rtol=0.0 atol=0.0)
  [48654] MISMATCH w84:572 out[0] max|delta|=3.000e+00 (rtol=0.0 atol=0.0)
  [48658] MISMATCH w84:579 out[0] non-finite mismatch (nan/inf positions differ)
  [48674] MISMATCH w84:581 out[0] max|delta|=1.507e+00 (rtol=0.01 atol=0.001)
  [48710] CRASH    w84:639 executor process died (native abort)
  [48712] CRASH    w84:651 executor process died (native abort)
  [48715] MISMATCH w84:675 out[0] max|delta|=2.684e+08 (rtol=0.0 atol=0.0)
  [48716] CRASH    w84:657 executor process died (native abort)
  [48717] CRASH    w84:676 executor process died (native abort)
  [48722] MISMATCH w84:682 out[0] max|delta|=4.000e+00 (rtol=0.0 atol=0.0)
  [48727] MISMATCH w84:689 out[0] max|delta|=1.000e+00 (rtol=0.0 atol=0.0)
  [48736] MISMATCH w84:70 out[0] max|delta|=1.611e+09 (rtol=0.0 atol=0.0)
  [48744] CRASH    w84:679 executor process died (native abort)
  [48756] CRASH    w84:724 executor process died (native abort)
  [48758] CRASH    w84:728 executor process died (native abort)
  [48759] CRASH    w84:741 executor process died (native abort)
  [48769] MISMATCH w84:754 out[0] max|delta|=6.918e+18 (rtol=0.01 atol=0.001)
  [48776] CRASH    w84:742 executor process died (native abort)
  [48800] MISMATCH w85:100 out[0] max|delta|=4.000e+00 (rtol=0.0 atol=0.0)
  [48806] MISMATCH w85:107 out[0] max|delta|=2.550e+02 (rtol=0.0 atol=0.0)
  [t=1834s] 48813/55756 (26.6/s)  ok=41558 mism=1698 crash=3969 timeout=0 skip=1588  |  inflight=15
  [48846] CRASH    w85:142 executor process died (native abort)
  [48848] MISMATCH w85:172 out[0] max|delta|=6.918e+18 (rtol=0.0 atol=0.0)
  [48858] CRASH    w85:162 executor process died (native abort)
  [48861] CRASH    w85:191 executor process died (native abort)
  [48865] CRASH    w85:197 executor process died (native abort)
  [48874] MISMATCH w85:218 out[0] max|delta|=4.000e+00 (rtol=0.0 atol=0.0)
  [48875] CRASH    w85:210 executor process died (native abort)
  [48877] CRASH    w85:223 executor process died (native abort)
  [48878] CRASH    w85:198 executor process died (native abort)
  [48880] CRASH    w85:202 executor process died (native abort)
  [48881] CRASH    w85:227 executor process died (native abort)
  [48907] MISMATCH w85:264 out[0] max|delta|=2.577e+10 (rtol=0.0 atol=0.0)
  [48908] CRASH    w85:229 executor process died (native abort)
  [48910] MISMATCH w85:268 out[0] max|delta|=4.000e+00 (rtol=0.0 atol=0.0)
  [48911] CRASH    w85:269 executor process died (native abort)
  [48919] MISMATCH w85:282 out[0] max|delta|=1.600e+01 (rtol=0.0 atol=0.0)
  [48946] MISMATCH w85:321 out[0] max|delta|=1.153e+18 (rtol=0.0 atol=0.0)
  [48958] MISMATCH w85:343 out[0] max|delta|=4.000e+00 (rtol=0.01 atol=0.001)
  [48965] CRASH    w85:27 executor process died (native abort)
  [48966] CRASH    w85:328 executor process died (native abort)
  [48967] CRASH    w85:35 executor process died (native abort)
  [48968] CRASH    w85:357 executor process died (native abort)
  [48976] MISMATCH w85:374 out[0] max|delta|=3.000e+00 (rtol=0.0 atol=0.0)
  [48980] CRASH    w85:368 executor process died (native abort)
  [48985] CRASH    w85:362 executor process died (native abort)
  [48995] MISMATCH w85:400 out[0] max|delta|=6.918e+18 (rtol=0.0 atol=0.0)
  [49003] MISMATCH w85:414 out[0] max|delta|=7.000e+00 (rtol=0.0 atol=0.0)
  [49007] CRASH    w85:36 executor process died (native abort)
  [49012] CRASH    w85:420 executor process died (native abort)
  [49013] CRASH    w85:433 executor process died (native abort)
  [49014] CRASH    w85:390 executor process died (native abort)
  [49023] MISMATCH w85:447 out[0] max|delta|=4.000e+00 (rtol=0.0 atol=0.0)
  [49083] MISMATCH w85:557 out[0] max|delta|=4.000e+00 (rtol=0.0 atol=0.0)
  [49107] CRASH    w85:579 executor process died (native abort)
  [49109] CRASH    w85:598 executor process died (native abort)
  [49110] CRASH    w85:601 executor process died (native abort)
  [49125] CRASH    w85:615 executor process died (native abort)
  [49131] CRASH    w85:602 executor process died (native abort)
  [49136] CRASH    w85:629 executor process died (native abort)
  [49146] CRASH    w85:663 executor process died (native abort)
  [49163] MISMATCH w85:683 out[0] max|delta|=1.530e+00 (rtol=0.01 atol=0.001)
  [t=1849s] 49166/55756 (26.6/s)  ok=41857 mism=1711 crash=3997 timeout=0 skip=1601  |  inflight=15
  [49214] MISMATCH w85:770 out[0] max|delta|=2.000e+00 (rtol=0.0 atol=0.0)
  [49215] CRASH    w85:753 executor process died (native abort)
  [49220] CRASH    w85:759 executor process died (native abort)
  [49221] CRASH    w85:762 executor process died (native abort)
  [49222] CRASH    w85:781 executor process died (native abort)
  [49241] CRASH    w85:97 executor process died (native abort)
  [49244] MISMATCH w85:86 out[0] max|delta|=3.000e+00 (rtol=0.0 atol=0.0)
  [49264] MISMATCH w86:151 out[0] max|delta|=7.206e+16 (rtol=0.0 atol=0.0)
  [49265] CRASH    w86:127 executor process died (native abort)
  [49285] CRASH    w86:169 executor process died (native abort)
  [49286] CRASH    w86:180 executor process died (native abort)
  [49287] CRASH    w86:187 executor process died (native abort)
  [49288] CRASH    w86:158 executor process died (native abort)
  [49294] MISMATCH w86:2 out[0] max|delta|=2.147e+09 (rtol=0.0 atol=0.0)
  [49295] CRASH    w86:198 executor process died (native abort)
  [49309] CRASH    w86:21 executor process died (native abort)
  [49313] MISMATCH w86:227 out[0] max|delta|=5.765e+17 (rtol=0.01 atol=0.001)
  [49316] MISMATCH w86:230 out[0] non-finite mismatch (nan/inf positions differ)
  [49326] MISMATCH w86:244 out[0] max|delta|=2.000e+00 (rtol=0.0 atol=0.0)
  [49334] CRASH    w86:256 executor process died (native abort)
  [49336] CRASH    w86:258 executor process died (native abort)
  [49337] CRASH    w86:265 executor process died (native abort)
  [49338] CRASH    w86:268 executor process died (native abort)
  [49355] CRASH    w86:281 executor process died (native abort)
  [49364] CRASH    w86:287 executor process died (native abort)
  [49371] CRASH    w86:32 executor process died (native abort)
  [49373] CRASH    w86:322 executor process died (native abort)
  [49377] CRASH    w86:326 executor process died (native abort)
  [49382] CRASH    w86:335 executor process died (native abort)
  [49384] CRASH    w86:343 executor process died (native abort)
  [49388] CRASH    w86:327 executor process died (native abort)
  [49447] CRASH    w86:432 executor process died (native abort)
  [49450] CRASH    w86:431 executor process died (native abort)
  [49451] CRASH    w86:35 executor process died (native abort)
  [49452] CRASH    w86:445 executor process died (native abort)
  [49457] MISMATCH w86:455 out[0] max|delta|=1.153e+18 (rtol=0.01 atol=0.001)
  [49459] MISMATCH w86:448 out[0] max|delta|=4.295e+09 (rtol=0.0 atol=0.0)
  [49461] MISMATCH w86:458 out[0] max|delta|=1.611e+09 (rtol=0.0 atol=0.0)
  [49485] MISMATCH w86:504 out[0] max|delta|=3.000e+00 (rtol=0.01 atol=0.001)
  [49488] CRASH    w86:486 executor process died (native abort)
  [49490] CRASH    w86:509 executor process died (native abort)
  [49491] CRASH    w86:513 executor process died (native abort)
  [49518] CRASH    w86:53 executor process died (native abort)
  [49521] CRASH    w86:555 executor process died (native abort)
  [49526] CRASH    w86:562 executor process died (native abort)
  [49542] MISMATCH w86:600 out[0] max|delta|=3.000e+00 (rtol=0.0 atol=0.0)
  [49549] MISMATCH w86:607 out[0] max|delta|=1.153e+18 (rtol=0.0 atol=0.0)
  [t=1864s] 49551/55756 (26.6/s)  ok=42185 mism=1724 crash=4031 timeout=0 skip=1611  |  inflight=15
  [49561] MISMATCH w86:629 out[0] max|delta|=7.000e+00 (rtol=0.0 atol=0.0)
  [49567] MISMATCH w86:634 out[0] max|delta|=8.590e+09 (rtol=0.0 atol=0.0)
  [49570] CRASH    w86:622 executor process died (native abort)
  [49574] CRASH    w86:614 executor process died (native abort)
  [49575] CRASH    w86:637 executor process died (native abort)
  [49576] CRASH    w86:648 executor process died (native abort)
  [49578] CRASH    w86:643 executor process died (native abort)
  [49581] CRASH    w86:656 executor process died (native abort)
  [49587] CRASH    w86:659 executor process died (native abort)
  [49590] CRASH    w86:674 executor process died (native abort)
  [49599] CRASH    w86:660 executor process died (native abort)
  [49609] CRASH    w86:687 executor process died (native abort)
  [49613] CRASH    w86:676 executor process died (native abort)
  [49614] CRASH    w86:705 executor process died (native abort)
  [49617] MISMATCH w86:686 out[0] non-finite mismatch (nan/inf positions differ)
  [49618] MISMATCH w86:711 out[0] max|delta|=4.000e+00 (rtol=0.0 atol=0.0)
  [49622] CRASH    w86:716 executor process died (native abort)
  [49636] MISMATCH w86:739 out[0] max|delta|=3.999e-01 (rtol=0.01 atol=0.001)
  [49723] MISMATCH w87:188 out[0] max|delta|=4.000e+00 (rtol=0.0 atol=0.0)
  [49737] CRASH    w87:19 executor process died (native abort)
  [49739] CRASH    w87:2 executor process died (native abort)
  [49740] CRASH    w87:211 executor process died (native abort)
  [49741] CRASH    w87:22 executor process died (native abort)
  [49745] CRASH    w87:217 executor process died (native abort)
  [49749] CRASH    w87:228 executor process died (native abort)
  [49751] CRASH    w87:230 executor process died (native abort)
  [49752] CRASH    w87:234 executor process died (native abort)
  [49760] CRASH    w87:233 executor process died (native abort)
  [49769] CRASH    w87:249 executor process died (native abort)
  [49771] MISMATCH w87:260 out[0] max|delta|=1.611e+09 (rtol=0.0 atol=0.0)
  [49779] CRASH    w87:261 executor process died (native abort)
  [49786] CRASH    w87:279 executor process died (native abort)
  [49812] MISMATCH w87:32 out[0] max|delta|=9.223e+18 (rtol=0.01 atol=0.001)
  [49843] MISMATCH w87:370 out[0] max|delta|=1.600e+01 (rtol=0.0 atol=0.0)
  [49847] MISMATCH w87:373 out[0] non-finite mismatch (nan/inf positions differ)
  [49856] MISMATCH w87:387 out[0] max|delta|=4.295e+09 (rtol=0.0 atol=0.0)
  [49865] MISMATCH w87:409 out[0] max|delta|=2.306e+18 (rtol=0.0 atol=0.0)
  [49877] CRASH    w87:391 executor process died (native abort)
  [49882] CRASH    w87:416 executor process died (native abort)
  [49884] CRASH    w87:413 executor process died (native abort)
  [49888] CRASH    w87:446 executor process died (native abort)
  [49891] CRASH    w87:427 executor process died (native abort)
  [49896] CRASH    w87:456 executor process died (native abort)
  [49899] CRASH    w87:458 executor process died (native abort)
  [49906] MISMATCH w87:453 out[0] non-finite mismatch (nan/inf positions differ)
  [49909] MISMATCH w87:475 out[0] max|delta|=2.956e+00 (rtol=0.01 atol=0.001)
  [49918] MISMATCH w87:488 out[0] non-finite mismatch (nan/inf positions differ)
  [49927] MISMATCH w87:5 out[0] non-finite mismatch (nan/inf positions differ)
  [t=1879s] 49932/55756 (26.6/s)  ok=42508 mism=1740 crash=4063 timeout=0 skip=1621  |  inflight=15
  [49939] MISMATCH w87:521 out[0] non-finite mismatch (nan/inf positions differ)
  [49944] CRASH    w87:51 executor process died (native abort)
  [49952] CRASH    w87:539 executor process died (native abort)
  [49953] CRASH    w87:543 executor process died (native abort)
  [49955] CRASH    w87:545 executor process died (native abort)
  [49957] MISMATCH w87:551 out[0] max|delta|=4.295e+09 (rtol=0.0 atol=0.0)
  [49981] CRASH    w87:575 executor process died (native abort)
  [49986] CRASH    w87:585 executor process died (native abort)
  [49991] CRASH    w87:595 executor process died (native abort)
  [50003] MISMATCH w87:637 out[0] max|delta|=4.612e+18 (rtol=0.0 atol=0.0)
  [50019] MISMATCH w87:615 out[0] max|delta|=4.295e+09 (rtol=0.0 atol=0.0)
  [50024] CRASH    w87:655 executor process died (native abort)
  [50030] MISMATCH w87:690 out[0] max|delta|=4.000e+00 (rtol=0.0 atol=0.0)
  [50031] CRASH    w87:667 executor process died (native abort)
  [50036] CRASH    w87:686 executor process died (native abort)
  [50042] CRASH    w87:703 executor process died (native abort)
  [50047] MISMATCH w87:713 out[0] max|delta|=5.765e+17 (rtol=0.01 atol=0.001)
  [50050] MISMATCH w87:716 out[0] non-finite mismatch (nan/inf positions differ)
  [50073] CRASH    w87:741 executor process died (native abort)
  [50079] MISMATCH w87:762 out[0] max|delta|=3.000e+00 (rtol=0.0 atol=0.0)
  [50091] MISMATCH w87:78 out[0] max|delta|=4.000e+00 (rtol=0.0 atol=0.0)
  [50100] MISMATCH w87:87 out[0] non-finite mismatch (nan/inf positions differ)
  [50115] MISMATCH w88:100 out[0] max|delta|=1.307e+00 (rtol=0.01 atol=0.001)
  [50133] CRASH    w88:114 executor process died (native abort)
  [50140] CRASH    w88:138 executor process died (native abort)
  [50141] CRASH    w88:146 executor process died (native abort)
  [50142] CRASH    w88:151 executor process died (native abort)
  [50145] CRASH    w88:141 executor process died (native abort)
  [50151] CRASH    w88:16 executor process died (native abort)
  [50152] CRASH    w88:164 executor process died (native abort)
  [50153] CRASH    w88:165 executor process died (native abort)
  [50169] CRASH    w88:170 executor process died (native abort)
  [50179] CRASH    w88:168 executor process died (native abort)
  [50182] CRASH    w88:205 executor process died (native abort)
  [50184] CRASH    w88:210 executor process died (native abort)
  [50211] MISMATCH w88:262 out[0] max|delta|=1.678e+07 (rtol=0.0 atol=0.0)
  [50215] MISMATCH w88:269 out[0] max|delta|=4.000e+00 (rtol=0.0 atol=0.0)
  [50249] CRASH    w88:311 executor process died (native abort)
  [50254] CRASH    w88:315 executor process died (native abort)
  [50255] MISMATCH w88:328 out[0] max|delta|=4.295e+09 (rtol=0.0 atol=0.0)
  [50258] CRASH    w88:309 executor process died (native abort)
  [50261] MISMATCH w88:34 out[0] max|delta|=5.765e+17 (rtol=0.0 atol=0.0)
  [50274] CRASH    w88:342 executor process died (native abort)
  [50277] MISMATCH w88:338 out[0] max|delta|=5.765e+17 (rtol=0.0 atol=0.0)
  [50280] CRASH    w88:367 executor process died (native abort)
  [50281] CRASH    w88:366 executor process died (native abort)
  [50283] CRASH    w88:369 executor process died (native abort)
  [50284] CRASH    w88:376 executor process died (native abort)
  [50304] CRASH    w88:392 executor process died (native abort)
  [50308] CRASH    w88:398 executor process died (native abort)
  [50312] CRASH    w88:379 executor process died (native abort)
  [t=1894s] 50330/55756 (26.6/s)  ok=42840 mism=1756 crash=4098 timeout=0 skip=1636  |  inflight=15
  [50356] MISMATCH w88:490 out[0] max|delta|=8.647e+17 (rtol=0.0 atol=0.0)
  [50395] CRASH    w88:539 executor process died (native abort)
  [50400] CRASH    w88:542 executor process died (native abort)
  [50404] MISMATCH w88:569 out[0] max|delta|=9.223e+18 (rtol=0.01 atol=0.001)
  [50405] CRASH    w88:55 executor process died (native abort)
  [50420] MISMATCH w88:566 out[0] max|delta|=9.223e+18 (rtol=0.01 atol=0.001)
  [50426] CRASH    w88:588 executor process died (native abort)
  [50427] CRASH    w88:599 executor process died (native abort)
  [50428] CRASH    w88:602 executor process died (native abort)
  [50429] CRASH    w88:570 executor process died (native abort)
  [50433] CRASH    w88:604 executor process died (native abort)
  [50435] MISMATCH w88:615 out[0] max|delta|=3.000e+00 (rtol=0.01 atol=0.001)
  [50441] CRASH    w88:607 executor process died (native abort)
  [50442] CRASH    w88:626 executor process died (native abort)
  [50445] MISMATCH w88:632 out[0] max|delta|=1.288e+10 (rtol=0.0 atol=0.0)
  [50471] MISMATCH w88:661 out[0] max|delta|=2.147e+10 (rtol=0.0 atol=0.0)
  [50540] CRASH    w88:771 executor process died (native abort)
  [50545] CRASH    w88:83 executor process died (native abort)
  [50548] CRASH    w88:86 executor process died (native abort)
  [50549] CRASH    w89:100 executor process died (native abort)
  [50551] MISMATCH w89:103 out[0] max|delta|=4.000e+00 (rtol=0.0 atol=0.0)
  [50576] CRASH    w89:126 executor process died (native abort)
  [50578] CRASH    w89:132 executor process died (native abort)
  [50579] CRASH    w89:145 executor process died (native abort)
  [50580] CRASH    w89:149 executor process died (native abort)
  [50589] CRASH    w89:15 executor process died (native abort)
  [50591] CRASH    w89:162 executor process died (native abort)
  [50596] MISMATCH w89:172 out[0] max|delta|=4.027e+08 (rtol=0.0 atol=0.0)
  [50599] MISMATCH w89:175 out[0] max|delta|=9.223e+18 (rtol=0.01 atol=0.001)
  [50629] MISMATCH w89:221 out[0] max|delta|=4.000e+00 (rtol=0.0 atol=0.0)
  [50656] CRASH    w89:258 executor process died (native abort)
  [50657] CRASH    w89:267 executor process died (native abort)
  [50658] CRASH    w89:272 executor process died (native abort)
  [50659] CRASH    w89:262 executor process died (native abort)
  [50663] CRASH    w89:280 executor process died (native abort)
  [50670] CRASH    w89:282 executor process died (native abort)
  [50681] MISMATCH w89:317 out[0] max|delta|=8.000e+00 (rtol=0.0 atol=0.0)
  [50686] MISMATCH w89:324 out[0] max|delta|=4.612e+18 (rtol=0.0 atol=0.0)
  [50689] CRASH    w89:316 executor process died (native abort)
  [50698] CRASH    w89:328 executor process died (native abort)
  [50705] CRASH    w89:34 executor process died (native abort)
  [50710] CRASH    w89:360 executor process died (native abort)
  [50715] CRASH    w89:361 executor process died (native abort)
  [50717] CRASH    w89:373 executor process died (native abort)
  [50727] MISMATCH w89:39 out[0] max|delta|=1.718e+10 (rtol=0.0 atol=0.0)
  [t=1909s] 50735/55756 (26.6/s)  ok=43186 mism=1769 crash=4130 timeout=0 skip=1650  |  inflight=15
  [50737] MISMATCH w89:390 out[0] max|delta|=1.727e+00 (rtol=0.01 atol=0.001)
  [50740] MISMATCH w89:403 out[0] non-finite mismatch (nan/inf positions differ)
  [50745] MISMATCH w89:409 out[0] max|delta|=1.845e+19 (rtol=0.0 atol=0.0)
  [50760] MISMATCH w89:436 out[0] non-finite mismatch (nan/inf positions differ)
  [50763] CRASH    w89:422 executor process died (native abort)
  [50775] CRASH    w89:455 executor process died (native abort)
  [50776] CRASH    w89:458 executor process died (native abort)
  [50779] CRASH    w89:460 executor process died (native abort)
  [50810] CRASH    w89:494 executor process died (native abort)
  [50812] CRASH    w89:500 executor process died (native abort)
  [50813] CRASH    w89:508 executor process died (native abort)
  [50814] CRASH    w89:516 executor process died (native abort)
  [50837] CRASH    w89:534 executor process died (native abort)
  [50847] CRASH    w89:559 executor process died (native abort)
  [50852] CRASH    w89:570 executor process died (native abort)
  [50857] CRASH    w89:588 executor process died (native abort)
  [50883] MISMATCH w89:618 out[0] max|delta|=1.157e+00 (rtol=0.01 atol=0.001)
  [50904] MISMATCH w89:656 out[0] max|delta|=4.000e+00 (rtol=0.0 atol=0.0)
  [50917] CRASH    w89:650 executor process died (native abort)
  [50929] CRASH    w89:683 executor process died (native abort)
  [50930] CRASH    w89:688 executor process died (native abort)
  [50933] CRASH    w89:694 executor process died (native abort)
  [50952] CRASH    w89:722 executor process died (native abort)
  [50958] CRASH    w89:723 executor process died (native abort)
  [50962] CRASH    w89:728 executor process died (native abort)
  [50969] CRASH    w89:756 executor process died (native abort)
  [50979] CRASH    w89:765 executor process died (native abort)
  [50981] MISMATCH w89:780 out[0] max|delta|=4.612e+18 (rtol=0.0 atol=0.0)
  [50982] CRASH    w89:772 executor process died (native abort)
  [50999] MISMATCH w9:103 out[0] max|delta|=4.000e+00 (rtol=0.0 atol=0.0)
  [51061] CRASH    w9:182 executor process died (native abort)
  [51071] CRASH    w9:188 executor process died (native abort)
  [51074] CRASH    w9:224 executor process died (native abort)
  [51085] MISMATCH w9:250 out[0] non-finite mismatch (nan/inf positions differ)
  [51089] CRASH    w9:242 executor process died (native abort)
  [51092] CRASH    w9:253 executor process died (native abort)
  [51098] CRASH    w9:255 executor process died (native abort)
  [51100] CRASH    w9:27 executor process died (native abort)
  [51104] CRASH    w9:273 executor process died (native abort)
  [51108] MISMATCH w9:285 out[0] non-finite mismatch (nan/inf positions differ)
  [51117] CRASH    w9:288 executor process died (native abort)
  [51124] MISMATCH w9:311 out[0] max|delta|=3.000e+00 (rtol=0.0 atol=0.0)
  [51125] CRASH    w9:31 executor process died (native abort)
  [51128] CRASH    w9:310 executor process died (native abort)
  [51130] CRASH    w9:318 executor process died (native abort)
  [t=1924s] 51164/55756 (26.6/s)  ok=43554 mism=1780 crash=4164 timeout=0 skip=1666  |  inflight=15
  [51208] CRASH    w9:438 executor process died (native abort)
  [51209] CRASH    w9:44 executor process died (native abort)
  [51210] CRASH    w9:426 executor process died (native abort)
  [51211] CRASH    w9:441 executor process died (native abort)
  [51217] CRASH    w9:45 executor process died (native abort)
  [51233] CRASH    w9:47 executor process died (native abort)
  [51234] CRASH    w9:483 executor process died (native abort)
  [51239] CRASH    w9:486 executor process died (native abort)
  [51245] CRASH    w9:5 executor process died (native abort)
  [51250] CRASH    w9:503 executor process died (native abort)
  [51255] MISMATCH w9:513 out[0] max|delta|=2.147e+09 (rtol=0.0 atol=0.0)
  [51261] CRASH    w9:514 executor process died (native abort)
  [51264] MISMATCH w9:510 out[0] max|delta|=2.147e+09 (rtol=0.0 atol=0.0)
  [51270] MISMATCH w9:54 out[0] non-finite mismatch (nan/inf positions differ)
  [51276] CRASH    w9:532 executor process died (native abort)
  [51286] MISMATCH w9:560 out[0] max|delta|=4.000e+00 (rtol=0.0 atol=0.0)
  [51295] CRASH    w9:543 executor process died (native abort)
  [51313] CRASH    w9:551 executor process died (native abort)
  [51320] CRASH    w9:604 executor process died (native abort)
  [51329] CRASH    w9:638 executor process died (native abort)
  [51330] CRASH    w9:640 executor process died (native abort)
  [51334] MISMATCH w9:655 out[0] max|delta|=7.000e+00 (rtol=0.0 atol=0.0)
  [51344] CRASH    w9:618 executor process died (native abort)
  [51346] CRASH    w9:666 executor process died (native abort)
  [51352] CRASH    w9:670 executor process died (native abort)
  [51361] CRASH    w9:698 executor process died (native abort)
  [51366] CRASH    w9:7 executor process died (native abort)
  [51367] MISMATCH w9:706 out[0] non-finite mismatch (nan/inf positions differ)
  [51368] CRASH    w9:709 executor process died (native abort)
  [51388] MISMATCH w9:738 out[0] max|delta|=2.013e+08 (rtol=0.0 atol=0.0)
  [51462] CRASH    w90:121 executor process died (native abort)
  [51465] CRASH    w90:157 executor process died (native abort)
  [51472] CRASH    w90:171 executor process died (native abort)
  [51477] MISMATCH w90:17 out[0] max|delta|=3.339e+00 (rtol=0.01 atol=0.001)
  [51483] CRASH    w90:194 executor process died (native abort)
  [51489] CRASH    w90:20 executor process died (native abort)
  [51490] CRASH    w90:208 executor process died (native abort)
  [51491] CRASH    w90:209 executor process died (native abort)
  [51503] CRASH    w90:228 executor process died (native abort)
  [51508] CRASH    w90:232 executor process died (native abort)
  [51516] CRASH    w90:247 executor process died (native abort)
  [51519] MISMATCH w90:258 out[0] max|delta|=2.147e+09 (rtol=0.0 atol=0.0)
  [51527] MISMATCH w90:27 out[0] max|delta|=2.162e+17 (rtol=0.0 atol=0.0)
  [51537] CRASH    w90:277 executor process died (native abort)
  [51545] MISMATCH w90:30 out[0] max|delta|=2.147e+09 (rtol=0.0 atol=0.0)
  [51556] MISMATCH w90:313 out[0] non-finite mismatch (nan/inf positions differ)
  [t=1939s] 51556/55756 (26.6/s)  ok=43888 mism=1792 crash=4198 timeout=0 skip=1678  |  inflight=15
  [51588] MISMATCH w90:291 out[0] non-finite mismatch (nan/inf positions differ)
  [51591] MISMATCH w90:371 out[0] non-finite mismatch (nan/inf positions differ)
  [51604] CRASH    w90:383 executor process died (native abort)
  [51607] MISMATCH w90:407 out[0] max|delta|=1.441e+17 (rtol=0.0 atol=0.0)
  [51609] CRASH    w90:385 executor process died (native abort)
  [51611] CRASH    w90:4 executor process died (native abort)
  [51612] CRASH    w90:414 executor process died (native abort)
  [51633] CRASH    w90:415 executor process died (native abort)
  [51634] CRASH    w90:437 executor process died (native abort)
  [51635] CRASH    w90:443 executor process died (native abort)
  [51636] CRASH    w90:448 executor process died (native abort)
  [51657] MISMATCH w90:486 out[0] max|delta|=6.918e+18 (rtol=0.01 atol=0.001)
  [51670] CRASH    w90:49 executor process died (native abort)
  [51671] CRASH    w90:512 executor process died (native abort)
  [51674] CRASH    w90:511 executor process died (native abort)
  [51742] MISMATCH w90:635 out[0] max|delta|=9.223e+18 (rtol=0.0 atol=0.0)
  [51795] MISMATCH w90:714 out[0] non-finite mismatch (nan/inf positions differ)
  [51804] CRASH    w90:717 executor process died (native abort)
  [51812] MISMATCH w90:76 out[0] max|delta|=4.000e+00 (rtol=0.0 atol=0.0)
  [51813] CRASH    w90:733 executor process died (native abort)
  [51814] MISMATCH w90:760 out[0] max|delta|=4.000e+00 (rtol=0.01 atol=0.001)
  [51816] CRASH    w90:759 executor process died (native abort)
  [51817] CRASH    w90:766 executor process died (native abort)
  [51819] CRASH    w90:752 executor process died (native abort)
  [51825] CRASH    w90:771 executor process died (native abort)
  [51835] CRASH    w90:81 executor process died (native abort)
  [51836] CRASH    w90:87 executor process died (native abort)
  [51845] MISMATCH w91:10 out[0] max|delta|=5.000e+00 (rtol=0.0 atol=0.0)
  [51889] MISMATCH w91:17 out[0] max|delta|=1.441e+17 (rtol=0.0 atol=0.0)
  [51912] MISMATCH w91:209 out[0] non-finite mismatch (nan/inf positions differ)
  [51928] CRASH    w91:221 executor process died (native abort)
  [51929] MISMATCH w91:24 out[0] max|delta|=4.295e+09 (rtol=0.0 atol=0.0)
  [51931] MISMATCH w91:245 out[0] max|delta|=2.882e+17 (rtol=0.0 atol=0.0)
  [51935] CRASH    w91:227 executor process died (native abort)
  [51941] CRASH    w91:253 executor process died (native abort)
  [51954] CRASH    w91:274 executor process died (native abort)
  [51961] CRASH    w91:281 executor process died (native abort)
  [51968] CRASH    w91:294 executor process died (native abort)
  [51971] MISMATCH w91:311 out[0] max|delta|=1.593e+00 (rtol=0.01 atol=0.001)
  [51977] CRASH    w91:312 executor process died (native abort)
  [51981] MISMATCH w91:324 out[0] max|delta|=6.918e+18 (rtol=0.01 atol=0.001)
  [51985] CRASH    w91:298 executor process died (native abort)
  [51999] MISMATCH w91:321 out[0] max|delta|=9.223e+18 (rtol=0.01 atol=0.001)
  [52001] CRASH    w91:354 executor process died (native abort)
  [52003] CRASH    w91:359 executor process died (native abort)
  [t=1954s] 52025/55756 (26.6/s)  ok=44295 mism=1808 crash=4227 timeout=0 skip=1695  |  inflight=15
  [52074] MISMATCH w91:481 out[0] max|delta|=4.000e+00 (rtol=0.0 atol=0.0)
  [52102] MISMATCH w91:525 out[0] non-finite mismatch (nan/inf positions differ)
  [52118] MISMATCH w91:549 out[0] non-finite mismatch (nan/inf positions differ)
  [52150] CRASH    w91:571 executor process died (native abort)
  [52151] MISMATCH w91:605 out[0] max|delta|=3.999e-01 (rtol=0.01 atol=0.001)
  [52153] MISMATCH w91:61 out[0] non-finite mismatch (nan/inf positions differ)
  [52171] CRASH    w91:615 executor process died (native abort)
  [52175] CRASH    w91:64 executor process died (native abort)
  [52180] CRASH    w91:609 executor process died (native abort)
  [52183] CRASH    w91:659 executor process died (native abort)
  [52197] CRASH    w91:677 executor process died (native abort)
  [52201] CRASH    w91:683 executor process died (native abort)
  [52202] MISMATCH w91:69 out[0] max|delta|=1.530e+00 (rtol=0.01 atol=0.001)
  [52209] MISMATCH w91:701 out[0] max|delta|=7.206e+16 (rtol=0.0 atol=0.0)
  [52255] MISMATCH w91:777 out[0] max|delta|=2.882e+17 (rtol=0.01 atol=0.001)
  [52260] MISMATCH w91:780 out[0] max|delta|=6.918e+18 (rtol=0.01 atol=0.001)
  [52272] MISMATCH w91:96 out[0] max|delta|=9.223e+18 (rtol=0.0 atol=0.0)
  [52275] CRASH    w91:767 executor process died (native abort)
  [52280] CRASH    w91:97 executor process died (native abort)
  [52285] CRASH    w92:105 executor process died (native abort)
  [52297] MISMATCH w92:14 out[0] max|delta|=9.223e+18 (rtol=0.01 atol=0.001)
  [52299] CRASH    w92:106 executor process died (native abort)
  [52305] CRASH    w92:139 executor process died (native abort)
  [52309] CRASH    w92:145 executor process died (native abort)
  [52332] CRASH    w92:192 executor process died (native abort)
  [52337] CRASH    w92:199 executor process died (native abort)
  [52339] CRASH    w92:2 executor process died (native abort)
  [52340] CRASH    w92:212 executor process died (native abort)
  [52357] MISMATCH w92:242 out[0] max|delta|=6.918e+18 (rtol=0.01 atol=0.001)
  [52435] CRASH    w92:367 executor process died (native abort)
  [52443] CRASH    w92:373 executor process died (native abort)
  [52446] CRASH    w92:395 executor process died (native abort)
  [52447] CRASH    w92:399 executor process died (native abort)
  [52450] MISMATCH w92:405 out[0] max|delta|=1.000e+00 (rtol=0.0 atol=0.0)
  [52471] CRASH    w92:42 executor process died (native abort)
  [52474] CRASH    w92:438 executor process died (native abort)
  [52475] CRASH    w92:44 executor process died (native abort)
  [52476] CRASH    w92:444 executor process died (native abort)
  [52478] CRASH    w92:440 executor process died (native abort)
  [52485] MISMATCH w92:457 out[0] max|delta|=2.023e+00 (rtol=0.01 atol=0.001)
  [52493] MISMATCH w92:470 out[0] max|delta|=1.611e+09 (rtol=0.0 atol=0.0)
  [52494] MISMATCH w92:47 out[0] non-finite mismatch (nan/inf positions differ)
  [t=1969s] 52512/55756 (26.7/s)  ok=44725 mism=1824 crash=4253 timeout=0 skip=1710  |  inflight=15
  [52516] CRASH    w92:489 executor process died (native abort)
  [52527] CRASH    w92:521 executor process died (native abort)
  [52528] CRASH    w92:52 executor process died (native abort)
  [52530] CRASH    w92:527 executor process died (native abort)
  [52537] CRASH    w92:538 executor process died (native abort)
  [52554] CRASH    w92:557 executor process died (native abort)
  [52562] CRASH    w92:562 executor process died (native abort)
  [52570] CRASH    w92:583 executor process died (native abort)
  [52576] MISMATCH w92:61 out[0] max|delta|=4.000e+00 (rtol=0.0 atol=0.0)
  [52577] MISMATCH w92:612 out[0] max|delta|=4.000e+00 (rtol=0.0 atol=0.0)
  [52583] MISMATCH w92:619 out[0] max|delta|=5.765e+17 (rtol=0.0 atol=0.0)
  [52585] CRASH    w92:575 executor process died (native abort)
  [52603] CRASH    w92:640 executor process died (native abort)
  [52604] CRASH    w92:65 executor process died (native abort)
  [52605] CRASH    w92:648 executor process died (native abort)
  [52627] MISMATCH w92:685 out[0] max|delta|=4.314e+00 (rtol=0.01 atol=0.001)
  [52630] MISMATCH w92:69 out[0] non-finite mismatch (nan/inf positions differ)
  [52633] MISMATCH w92:695 out[0] max|delta|=6.918e+18 (rtol=0.0 atol=0.0)
  [52669] MISMATCH w92:753 out[0] non-finite mismatch (nan/inf positions differ)
  [52681] MISMATCH w92:77 out[0] max|delta|=4.295e+09 (rtol=0.0 atol=0.0)
  [52703] MISMATCH w93:107 out[0] max|delta|=5.000e+00 (rtol=0.0 atol=0.0)
  [52709] CRASH    w93:109 executor process died (native abort)
  [52711] MISMATCH w93:110 out[0] max|delta|=4.295e+09 (rtol=0.0 atol=0.0)
  [52714] MISMATCH w93:120 out[0] max|delta|=2.147e+09 (rtol=0.0 atol=0.0)
  [52717] CRASH    w93:108 executor process died (native abort)
  [52723] CRASH    w93:123 executor process died (native abort)
  [52728] CRASH    w93:145 executor process died (native abort)
  [52732] CRASH    w93:150 executor process died (native abort)
  [52738] CRASH    w93:158 executor process died (native abort)
  [52743] CRASH    w93:17 executor process died (native abort)
  [52746] CRASH    w93:171 executor process died (native abort)
  [52763] CRASH    w93:188 executor process died (native abort)
  [52768] CRASH    w93:172 executor process died (native abort)
  [52772] MISMATCH w93:212 out[0] max|delta|=1.718e+10 (rtol=0.0 atol=0.0)
  [52773] CRASH    w93:175 executor process died (native abort)
  [52793] MISMATCH w93:247 out[0] max|delta|=4.295e+09 (rtol=0.0 atol=0.0)
  [52841] MISMATCH w93:321 out[0] non-finite mismatch (nan/inf positions differ)
  [52854] MISMATCH w93:345 out[0] max|delta|=5.033e+07 (rtol=0.0 atol=0.0)
  [52857] MISMATCH w93:348 out[0] non-finite mismatch (nan/inf positions differ)
  [52873] CRASH    w93:349 executor process died (native abort)
  [52874] CRASH    w93:367 executor process died (native abort)
  [52875] CRASH    w93:374 executor process died (native abort)
  [52876] CRASH    w93:376 executor process died (native abort)
  [52882] CRASH    w93:386 executor process died (native abort)
  [52888] CRASH    w93:383 executor process died (native abort)
  [52891] CRASH    w93:393 executor process died (native abort)
  [52893] CRASH    w93:400 executor process died (native abort)
  [52896] CRASH    w93:405 executor process died (native abort)
  [52899] MISMATCH w93:41 out[0] max|delta|=1.441e+17 (rtol=0.0 atol=0.0)
  [52902] MISMATCH w93:403 out[0] max|delta|=2.000e+00 (rtol=0.01 atol=0.001)
  [t=1984s] 52934/55756 (26.7/s)  ok=45085 mism=1842 crash=4285 timeout=0 skip=1722  |  inflight=15
  [52946] MISMATCH w93:48 out[0] max|delta|=4.000e+00 (rtol=0.0 atol=0.0)
  [52950] MISMATCH w93:490 out[0] max|delta|=7.000e+00 (rtol=0.0 atol=0.0)
  [52987] CRASH    w93:544 executor process died (native abort)
  [52991] CRASH    w93:546 executor process died (native abort)
  [52993] CRASH    w93:538 executor process died (native abort)
  [52994] CRASH    w93:563 executor process died (native abort)
  [53004] MISMATCH w93:576 out[0] max|delta|=9.223e+18 (rtol=0.01 atol=0.001)
  [53015] CRASH    w93:579 executor process died (native abort)
  [53021] CRASH    w93:564 executor process died (native abort)
  [53023] CRASH    w93:601 executor process died (native abort)
  [53024] CRASH    w93:611 executor process died (native abort)
  [53035] CRASH    w93:621 executor process died (native abort)
  [53039] CRASH    w93:614 executor process died (native abort)
  [53040] CRASH    w93:627 executor process died (native abort)
  [53041] CRASH    w93:631 executor process died (native abort)
  [53121] CRASH    w93:733 executor process died (native abort)
  [53122] CRASH    w93:754 executor process died (native abort)
  [53123] CRASH    w93:761 executor process died (native abort)
  [53124] CRASH    w93:762 executor process died (native abort)
  [53127] CRASH    w93:77 executor process died (native abort)
  [53132] CRASH    w93:777 executor process died (native abort)
  [53136] CRASH    w93:766 executor process died (native abort)
  [53140] CRASH    w93:82 executor process died (native abort)
  [53143] CRASH    w93:90 executor process died (native abort)
  [53151] CRASH    w94:100 executor process died (native abort)
  [53181] MISMATCH w94:148 out[0] non-finite mismatch (nan/inf positions differ)
  [53193] MISMATCH w94:162 out[0] max|delta|=3.296e+00 (rtol=0.01 atol=0.001)
  [53200] MISMATCH w94:175 out[0] max|delta|=6.918e+18 (rtol=0.0 atol=0.0)
  [53226] CRASH    w94:194 executor process died (native abort)
  [53232] CRASH    w94:220 executor process died (native abort)
  [53233] CRASH    w94:213 executor process died (native abort)
  [53236] CRASH    w94:226 executor process died (native abort)
  [53237] CRASH    w94:232 executor process died (native abort)
  [53261] CRASH    w94:266 executor process died (native abort)
  [53263] CRASH    w94:272 executor process died (native abort)
  [53264] CRASH    w94:274 executor process died (native abort)
  [53265] CRASH    w94:280 executor process died (native abort)
  [53292] CRASH    w94:306 executor process died (native abort)
  [53300] CRASH    w94:328 executor process died (native abort)
  [53312] MISMATCH w94:361 out[0] max|delta|=3.000e+00 (rtol=0.0 atol=0.0)
  [53321] MISMATCH w94:332 out[0] max|delta|=4.000e+00 (rtol=0.0 atol=0.0)
  [t=1999s] 53322/55756 (26.7/s)  ok=45421 mism=1850 crash=4318 timeout=0 skip=1733  |  inflight=15
  [53331] MISMATCH w94:39 out[0] max|delta|=1.288e+10 (rtol=0.0 atol=0.0)
  [53339] MISMATCH w94:403 out[0] max|delta|=9.223e+18 (rtol=0.01 atol=0.001)
  [53359] CRASH    w94:428 executor process died (native abort)
  [53360] CRASH    w94:431 executor process died (native abort)
  [53361] CRASH    w94:44 executor process died (native abort)
  [53362] CRASH    w94:441 executor process died (native abort)
  [53366] MISMATCH w94:449 out[0] max|delta|=3.000e+00 (rtol=0.0 atol=0.0)
  [53367] MISMATCH w94:450 out[0] max|delta|=4.000e+00 (rtol=0.0 atol=0.0)
  [53371] CRASH    w94:448 executor process died (native abort)
  [53379] CRASH    w94:455 executor process died (native abort)
  [53383] CRASH    w94:460 executor process died (native abort)
  [53384] CRASH    w94:471 executor process died (native abort)
  [53386] CRASH    w94:458 executor process died (native abort)
  [53400] CRASH    w94:495 executor process died (native abort)
  [53401] CRASH    w94:494 executor process died (native abort)
  [53402] CRASH    w94:499 executor process died (native abort)
  [53430] MISMATCH w94:552 out[0] max|delta|=3.355e+07 (rtol=0.0 atol=0.0)
  [53481] MISMATCH w94:631 out[0] max|delta|=2.147e+09 (rtol=0.0 atol=0.0)
  [53494] CRASH    w94:632 executor process died (native abort)
  [53497] CRASH    w94:656 executor process died (native abort)
  [53498] CRASH    w94:659 executor process died (native abort)
  [53499] CRASH    w94:666 executor process died (native abort)
  [53517] CRASH    w94:682 executor process died (native abort)
  [53527] CRASH    w94:669 executor process died (native abort)
  [53539] CRASH    w94:723 executor process died (native abort)
  [53541] CRASH    w94:738 executor process died (native abort)
  [53542] CRASH    w94:74 executor process died (native abort)
  [53566] MISMATCH w94:780 out[0] max|delta|=1.153e+18 (rtol=0.0 atol=0.0)
  [53578] MISMATCH w94:96 out[0] max|delta|=9.223e+18 (rtol=0.0 atol=0.0)
  [53588] MISMATCH w95:113 out[0] max|delta|=6.918e+18 (rtol=0.01 atol=0.001)
  [53603] MISMATCH w95:138 out[0] max|delta|=4.000e+00 (rtol=0.0 atol=0.0)
  [53616] MISMATCH w95:159 out[0] max|delta|=4.000e+00 (rtol=0.0 atol=0.0)
  [53626] MISMATCH w95:168 out[0] non-finite mismatch (nan/inf positions differ)
  [53644] CRASH    w95:181 executor process died (native abort)
  [53661] CRASH    w95:209 executor process died (native abort)
  [53662] CRASH    w95:238 executor process died (native abort)
  [53664] CRASH    w95:240 executor process died (native abort)
  [53665] CRASH    w95:244 executor process died (native abort)
  [53674] MISMATCH w95:262 out[0] max|delta|=9.223e+18 (rtol=0.0 atol=0.0)
  [53687] CRASH    w95:269 executor process died (native abort)
  [53696] CRASH    w95:283 executor process died (native abort)
  [53697] CRASH    w95:299 executor process died (native abort)
  [53698] CRASH    w95:298 executor process died (native abort)
  [53703] CRASH    w95:303 executor process died (native abort)
  [53708] CRASH    w95:311 executor process died (native abort)
  [53709] CRASH    w95:315 executor process died (native abort)
  [53722] MISMATCH w95:338 out[0] max|delta|=4.612e+18 (rtol=0.0 atol=0.0)
  [53724] MISMATCH w95:34 out[0] max|delta|=2.306e+18 (rtol=0.0 atol=0.0)
  [53726] MISMATCH w95:341 out[0] max|delta|=6.918e+18 (rtol=0.0 atol=0.0)
  [t=2014s] 53741/55756 (26.7/s)  ok=45779 mism=1866 crash=4351 timeout=0 skip=1745  |  inflight=15
  [53750] MISMATCH w95:387 out[0] max|delta|=4.000e+00 (rtol=0.0 atol=0.0)
  [53754] MISMATCH w95:394 out[0] max|delta|=3.999e-01 (rtol=0.01 atol=0.001)
  [53762] CRASH    w95:360 executor process died (native abort)
  [53776] CRASH    w95:396 executor process died (native abort)
  [53780] MISMATCH w95:433 out[0] max|delta|=3.436e+10 (rtol=0.0 atol=0.0)
  [53781] CRASH    w95:42 executor process died (native abort)
  [53786] CRASH    w95:404 executor process died (native abort)
  [53790] CRASH    w95:446 executor process died (native abort)
  [53804] MISMATCH w95:48 out[0] max|delta|=1.000e+00 (rtol=0.0 atol=0.0)
  [53805] MISMATCH w95:483 out[0] max|delta|=5.000e+00 (rtol=0.0 atol=0.0)
  [53812] CRASH    w95:482 executor process died (native abort)
  [53834] CRASH    w95:505 executor process died (native abort)
  [53835] MISMATCH w95:497 out[0] max|delta|=4.000e+00 (rtol=0.0 atol=0.0)
  [53837] CRASH    w95:526 executor process died (native abort)
  [53838] CRASH    w95:527 executor process died (native abort)
  [53839] CRASH    w95:531 executor process died (native abort)
  [53841] CRASH    w95:539 executor process died (native abort)
  [53853] MISMATCH w95:55 out[0] max|delta|=4.000e+00 (rtol=0.0 atol=0.0)
  [53859] MISMATCH w95:556 out[0] max|delta|=1.646e+00 (rtol=0.01 atol=0.001)
  [53862] MISMATCH w95:566 out[0] max|delta|=1.441e+17 (rtol=0.01 atol=0.001)
  [53865] MISMATCH w95:569 out[0] max|delta|=6.918e+18 (rtol=0.01 atol=0.001)
  [53895] MISMATCH w95:615 out[0] max|delta|=4.000e+00 (rtol=0.01 atol=0.001)
  [53896] MISMATCH w95:616 out[0] max|delta|=3.000e+00 (rtol=0.0 atol=0.0)
  [53903] MISMATCH w95:624 out[0] non-finite mismatch (nan/inf positions differ)
  [53933] CRASH    w95:656 executor process died (native abort)
  [53942] CRASH    w95:674 executor process died (native abort)
  [53947] CRASH    w95:694 executor process died (native abort)
  [53948] CRASH    w95:710 executor process died (native abort)
  [53961] MISMATCH w95:711 out[0] max|delta|=6.000e+00 (rtol=0.0 atol=0.0)
  [53963] MISMATCH w95:732 out[0] max|delta|=2.550e+02 (rtol=0.0 atol=0.0)
  [53966] CRASH    w95:725 executor process died (native abort)
  [53982] CRASH    w95:747 executor process died (native abort)
  [53983] CRASH    w95:765 executor process died (native abort)
  [53987] CRASH    w95:767 executor process died (native abort)
  [53999] CRASH    w95:83 executor process died (native abort)
  [54005] CRASH    w95:87 executor process died (native abort)
  [54020] MISMATCH w96:120 out[0] non-finite mismatch (nan/inf positions differ)
  [54037] MISMATCH w96:147 out[0] max|delta|=6.918e+18 (rtol=0.0 atol=0.0)
  [54051] MISMATCH w96:16 out[0] non-finite mismatch (nan/inf positions differ)
  [54054] MISMATCH w96:172 out[0] max|delta|=4.000e+00 (rtol=0.0 atol=0.0)
  [54066] CRASH    w96:166 executor process died (native abort)
  [54080] CRASH    w96:202 executor process died (native abort)
  [54081] CRASH    w96:204 executor process died (native abort)
  [54082] MISMATCH w96:193 out[0] max|delta|=4.000e+00 (rtol=0.0 atol=0.0)
  [54086] CRASH    w96:210 executor process died (native abort)
  [54093] CRASH    w96:230 executor process died (native abort)
  [54097] CRASH    w96:234 executor process died (native abort)
  [54098] CRASH    w96:239 executor process died (native abort)
  [54099] CRASH    w96:24 executor process died (native abort)
  [54114] CRASH    w96:254 executor process died (native abort)
  [54124] MISMATCH w96:29 out[0] max|delta|=1.280e+02 (rtol=0.0 atol=0.0)
  [54131] CRASH    w96:278 executor process died (native abort)
  [54139] CRASH    w96:303 executor process died (native abort)
  [54154] CRASH    w96:332 executor process died (native abort)
  [54167] MISMATCH w96:365 out[0] max|delta|=4.295e+09 (rtol=0.0 atol=0.0)
  [54177] MISMATCH w96:375 out[0] max|delta|=2.147e+09 (rtol=0.0 atol=0.0)
  [t=2029s] 54178/55756 (26.7/s)  ok=46152 mism=1889 crash=4384 timeout=0 skip=1753  |  inflight=15
  [54260] MISMATCH w96:524 out[0] max|delta|=5.765e+17 (rtol=0.0 atol=0.0)
  [54265] CRASH    w96:502 executor process died (native abort)
  [54279] CRASH    w96:531 executor process died (native abort)
  [54281] CRASH    w96:553 executor process died (native abort)
  [54284] CRASH    w96:560 executor process died (native abort)
  [54290] CRASH    w96:573 executor process died (native abort)
  [54294] CRASH    w96:576 executor process died (native abort)
  [54304] CRASH    w96:593 executor process died (native abort)
  [54305] CRASH    w96:60 executor process died (native abort)
  [54308] CRASH    w96:577 executor process died (native abort)
  [54358] MISMATCH w96:68 out[0] max|delta|=2.306e+18 (rtol=0.0 atol=0.0)
  [54371] CRASH    w96:604 executor process died (native abort)
  [54372] CRASH    w96:708 executor process died (native abort)
  [54373] CRASH    w96:710 executor process died (native abort)
  [54374] CRASH    w96:700 executor process died (native abort)
  [54375] MISMATCH w96:713 out[0] max|delta|=8.000e+00 (rtol=0.0 atol=0.0)
  [54384] CRASH    w96:72 executor process died (native abort)
  [54388] CRASH    w96:716 executor process died (native abort)
  [54389] CRASH    w96:734 executor process died (native abort)
  [54397] CRASH    w96:730 executor process died (native abort)
  [54398] CRASH    w96:75 executor process died (native abort)
  [54400] CRASH    w96:737 executor process died (native abort)
  [54401] CRASH    w96:756 executor process died (native abort)
  [54428] MISMATCH w96:90 out[0] max|delta|=5.000e+00 (rtol=0.0 atol=0.0)
  [54461] MISMATCH w97:116 out[0] non-finite mismatch (nan/inf positions differ)
  [54469] MISMATCH w97:153 out[0] max|delta|=1.288e+10 (rtol=0.0 atol=0.0)
  [54490] CRASH    w97:18 executor process died (native abort)
  [54491] CRASH    w97:186 executor process died (native abort)
  [54492] CRASH    w97:19 executor process died (native abort)
  [54493] CRASH    w97:192 executor process died (native abort)
  [54502] MISMATCH w97:210 out[0] max|delta|=2.306e+18 (rtol=0.0 atol=0.0)
  [54508] CRASH    w97:214 executor process died (native abort)
  [54514] CRASH    w97:217 executor process died (native abort)
  [54518] CRASH    w97:202 executor process died (native abort)
  [54522] CRASH    w97:240 executor process died (native abort)
  [54524] CRASH    w97:246 executor process died (native abort)
  [54525] CRASH    w97:231 executor process died (native abort)
  [54530] MISMATCH w97:254 out[0] non-finite mismatch (nan/inf positions differ)
  [54534] CRASH    w97:251 executor process died (native abort)
  [54535] MISMATCH w97:26 out[0] non-finite mismatch (nan/inf positions differ)
  [54552] MISMATCH w97:286 out[0] non-finite mismatch (nan/inf positions differ)
  [54555] MISMATCH w97:289 out[0] max|delta|=9.223e+18 (rtol=0.01 atol=0.001)
  [54560] MISMATCH w97:295 out[0] max|delta|=1.845e+19 (rtol=0.0 atol=0.0)
  [t=2044s] 54566/55756 (26.7/s)  ok=46485 mism=1901 crash=4415 timeout=0 skip=1765  |  inflight=15
  [54579] CRASH    w97:308 executor process died (native abort)
  [54589] CRASH    w97:334 executor process died (native abort)
  [54590] CRASH    w97:340 executor process died (native abort)
  [54592] CRASH    w97:346 executor process died (native abort)
  [54594] MISMATCH w97:352 out[0] max|delta|=2.147e+10 (rtol=0.0 atol=0.0)
  [54611] MISMATCH w97:381 out[0] max|delta|=1.288e+10 (rtol=0.0 atol=0.0)
  [54617] CRASH    w97:376 executor process died (native abort)
  [54626] CRASH    w97:386 executor process died (native abort)
  [54632] CRASH    w97:402 executor process died (native abort)
  [54634] CRASH    w97:414 executor process died (native abort)
  [54641] CRASH    w97:420 executor process died (native abort)
  [54654] CRASH    w97:442 executor process died (native abort)
  [54656] CRASH    w97:453 executor process died (native abort)
  [54660] CRASH    w97:456 executor process died (native abort)
  [54675] MISMATCH w97:482 out[0] non-finite mismatch (nan/inf positions differ)
  [54681] MISMATCH w97:490 out[0] non-finite mismatch (nan/inf positions differ)
  [54700] MISMATCH w97:514 out[0] max|delta|=7.206e+16 (rtol=0.01 atol=0.001)
  [54703] MISMATCH w97:517 out[0] max|delta|=1.611e+09 (rtol=0.0 atol=0.0)
  [54729] MISMATCH w97:563 out[0] max|delta|=4.000e+00 (rtol=0.0 atol=0.0)
  [54731] CRASH    w97:536 executor process died (native abort)
  [54749] CRASH    w97:574 executor process died (native abort)
  [54758] MISMATCH w97:61 out[0] max|delta|=6.918e+18 (rtol=0.0 atol=0.0)
  [54764] CRASH    w97:62 executor process died (native abort)
  [54768] CRASH    w97:622 executor process died (native abort)
  [54773] CRASH    w97:614 executor process died (native abort)
  [54780] CRASH    w97:644 executor process died (native abort)
  [54790] CRASH    w97:648 executor process died (native abort)
  [54796] MISMATCH w97:673 out[0] max|delta|=4.000e+00 (rtol=0.0 atol=0.0)
  [54800] CRASH    w97:670 executor process died (native abort)
  [54833] MISMATCH w97:732 out[0] max|delta|=8.000e+00 (rtol=0.0 atol=0.0)
  [54837] MISMATCH w97:742 out[0] max|delta|=2.684e+08 (rtol=0.0 atol=0.0)
  [54840] MISMATCH w97:745 out[0] non-finite mismatch (nan/inf positions differ)
  [54849] CRASH    w97:733 executor process died (native abort)
  [54860] CRASH    w97:770 executor process died (native abort)
  [54864] CRASH    w97:80 executor process died (native abort)
  [54879] CRASH    w97:764 executor process died (native abort)
  [54884] MISMATCH w98:116 out[0] max|delta|=1.288e+10 (rtol=0.0 atol=0.0)
  [54890] CRASH    w98:104 executor process died (native abort)
  [54895] CRASH    w98:125 executor process died (native abort)
  [54896] CRASH    w98:138 executor process died (native abort)
  [54916] MISMATCH w98:168 out[0] max|delta|=2.147e+09 (rtol=0.0 atol=0.0)
  [54926] CRASH    w98:155 executor process died (native abort)
  [54941] CRASH    w98:187 executor process died (native abort)
  [54943] CRASH    w98:213 executor process died (native abort)
  [54946] CRASH    w98:220 executor process died (native abort)
  [54964] CRASH    w98:236 executor process died (native abort)
  [54970] MISMATCH w98:260 out[0] max|delta|=3.436e+10 (rtol=0.0 atol=0.0)
  [54972] CRASH    w98:251 executor process died (native abort)
  [54982] CRASH    w98:273 executor process died (native abort)
  [55001] MISMATCH w98:31 out[0] non-finite mismatch (nan/inf positions differ)
  [55006] MISMATCH w98:317 out[0] max|delta|=7.206e+16 (rtol=0.0 atol=0.0)
  [t=2059s] 55008/55756 (26.7/s)  ok=46856 mism=1918 crash=4449 timeout=0 skip=1785  |  inflight=15
  [55029] MISMATCH w98:354 out[0] max|delta|=4.000e+00 (rtol=0.0 atol=0.0)
  [55056] MISMATCH w98:396 out[0] max|delta|=1.611e+09 (rtol=0.0 atol=0.0)
  [55077] CRASH    w98:421 executor process died (native abort)
  [55078] CRASH    w98:429 executor process died (native abort)
  [55079] CRASH    w98:434 executor process died (native abort)
  [55080] CRASH    w98:424 executor process died (native abort)
  [55083] MISMATCH w98:442 out[0] max|delta|=4.000e+00 (rtol=0.0 atol=0.0)
  [55091] CRASH    w98:448 executor process died (native abort)
  [55095] CRASH    w98:45 executor process died (native abort)
  [55100] CRASH    w98:453 executor process died (native abort)
  [55113] CRASH    w98:483 executor process died (native abort)
  [55116] CRASH    w98:488 executor process died (native abort)
  [55122] CRASH    w98:493 executor process died (native abort)
  [55135] MISMATCH w98:523 out[0] max|delta|=4.295e+09 (rtol=0.0 atol=0.0)
  [55153] MISMATCH w98:552 out[0] max|delta|=4.000e+00 (rtol=0.0 atol=0.0)
  [55178] CRASH    w98:581 executor process died (native abort)
  [55180] CRASH    w98:586 executor process died (native abort)
  [55181] CRASH    w98:572 executor process died (native abort)
  [55182] CRASH    w98:594 executor process died (native abort)
  [55194] CRASH    w98:611 executor process died (native abort)
  [55199] CRASH    w98:614 executor process died (native abort)
  [55201] MISMATCH w98:624 out[0] max|delta|=2.147e+09 (rtol=0.0 atol=0.0)
  [55202] CRASH    w98:597 executor process died (native abort)
  [55203] CRASH    w98:625 executor process died (native abort)
  [55218] CRASH    w98:643 executor process died (native abort)
  [55220] CRASH    w98:649 executor process died (native abort)
  [55223] CRASH    w98:627 executor process died (native abort)
  [55224] CRASH    w98:654 executor process died (native abort)
  [55296] MISMATCH w98:773 out[0] max|delta|=4.612e+18 (rtol=0.0 atol=0.0)
  [55300] CRASH    w98:777 executor process died (native abort)
  [55301] CRASH    w98:780 executor process died (native abort)
  [55302] CRASH    w98:781 executor process died (native abort)
  [55303] CRASH    w98:81 executor process died (native abort)
  [55306] MISMATCH w98:89 out[0] max|delta|=5.765e+17 (rtol=0.0 atol=0.0)
  [55315] CRASH    w98:96 executor process died (native abort)
  [55321] CRASH    w98:97 executor process died (native abort)
  [55322] CRASH    w99:107 executor process died (native abort)
  [55323] CRASH    w99:112 executor process died (native abort)
  [55335] CRASH    w99:120 executor process died (native abort)
  [55342] CRASH    w99:139 executor process died (native abort)
  [55345] CRASH    w99:14 executor process died (native abort)
  [55348] CRASH    w99:153 executor process died (native abort)
  [55349] MISMATCH w99:137 out[0] max|delta|=3.096e+00 (rtol=0.01 atol=0.001)
  [55351] MISMATCH w99:147 out[0] max|delta|=9.223e+18 (rtol=0.01 atol=0.001)
  [55358] MISMATCH w99:150 out[0] max|delta|=6.918e+18 (rtol=0.0 atol=0.0)
  [55369] MISMATCH w99:183 out[0] non-finite mismatch (nan/inf positions differ)
  [t=2075s] 55370/55756 (26.7/s)  ok=47162 mism=1930 crash=4483 timeout=0 skip=1795  |  inflight=15
  [55377] CRASH    w99:169 executor process died (native abort)
  [55382] CRASH    w99:185 executor process died (native abort)
  [55383] CRASH    w99:201 executor process died (native abort)
  [55384] MISMATCH w99:196 out[0] max|delta|=4.000e+00 (rtol=0.01 atol=0.001)
  [55385] CRASH    w99:202 executor process died (native abort)
  [55386] CRASH    w99:205 executor process died (native abort)
  [55410] MISMATCH w99:242 out[0] max|delta|=1.718e+10 (rtol=0.0 atol=0.0)
  [55412] CRASH    w99:233 executor process died (native abort)
  [55413] CRASH    w99:237 executor process died (native abort)
  [55414] CRASH    w99:207 executor process died (native abort)
  [55415] CRASH    w99:246 executor process died (native abort)
  [55418] CRASH    w99:247 executor process died (native abort)
  [55431] CRASH    w99:27 executor process died (native abort)
  [55432] CRASH    w99:275 executor process died (native abort)
  [55433] CRASH    w99:277 executor process died (native abort)
  [55462] MISMATCH w99:321 out[0] max|delta|=6.000e+00 (rtol=0.01 atol=0.001)
  [55473] MISMATCH w99:343 out[0] non-finite mismatch (nan/inf positions differ)
  [55496] MISMATCH w99:351 out[0] max|delta|=8.530e-01 (rtol=0.01 atol=0.001)
  [55497] MISMATCH w99:378 out[0] max|delta|=9.223e+18 (rtol=0.0 atol=0.0)
  [55516] CRASH    w99:406 executor process died (native abort)
  [55517] CRASH    w99:413 executor process died (native abort)
  [55518] CRASH    w99:412 executor process died (native abort)
  [55519] CRASH    w99:416 executor process died (native abort)
  [55524] MISMATCH w99:424 out[0] max|delta|=4.000e+00 (rtol=0.01 atol=0.001)
  [55528] CRASH    w99:423 executor process died (native abort)
  [55533] CRASH    w99:429 executor process died (native abort)
  [55538] CRASH    w99:430 executor process died (native abort)
  [55560] CRASH    w99:465 executor process died (native abort)
  [55572] CRASH    w99:485 executor process died (native abort)
  [55573] CRASH    w99:503 executor process died (native abort)
  [55574] CRASH    w99:505 executor process died (native abort)
  [55585] MISMATCH w99:527 out[0] max|delta|=7.206e+16 (rtol=0.0 atol=0.0)
  [55596] MISMATCH w99:549 out[0] max|delta|=2.000e+00 (rtol=0.01 atol=0.001)
  [55617] MISMATCH w99:579 out[0] max|delta|=2.273e+00 (rtol=0.01 atol=0.001)
  [55635] MISMATCH w99:606 out[0] max|delta|=2.147e+09 (rtol=0.0 atol=0.0)
  [55661] CRASH    w99:641 executor process died (native abort)
  [55662] CRASH    w99:644 executor process died (native abort)
  [55666] CRASH    w99:651 executor process died (native abort)
  [55667] CRASH    w99:663 executor process died (native abort)
  [55670] MISMATCH w99:669 out[0] max|delta|=1.288e+10 (rtol=0.0 atol=0.0)
  [55684] CRASH    w99:674 executor process died (native abort)
  [55693] CRASH    w99:689 executor process died (native abort)
  [55696] MISMATCH w99:716 out[0] max|delta|=6.400e+01 (rtol=0.0 atol=0.0)
  [55698] CRASH    w99:703 executor process died (native abort)
  [55712] CRASH    w99:733 executor process died (native abort)
  [55722] MISMATCH w99:756 out[0] max|delta|=4.000e+00 (rtol=0.0 atol=0.0)
  [55735] CRASH    w99:762 executor process died (native abort)
  [55743] CRASH    w99:78 executor process died (native abort)
  [55747] MISMATCH w99:89 out[0] non-finite mismatch (nan/inf positions differ)

── Done — 55756 graphs ──────────────────────────────
  OK       : 47485
  MISMATCH : 1945
  CRASH    : 4517
  TIMEOUT  : 0
  SKIP     : 1809
  skip-log: mobile/findings/mtk_phone/_work/skip_full.tsv  (replay one with `mobile feed <job_id>`)
