[feed] 75343 jobs → broker 127.0.0.1:15774 (window=64, timeout=60s)
  [19] MISMATCH w0:103 out[0] max|delta|=6.000e+00 (rtol=0.01 atol=0.001)
  [69] MISMATCH w0:117 out[0] non-finite mismatch (nan/inf positions differ)
  [75] MISMATCH w0:191 out[0] non-finite mismatch (nan/inf positions differ)
  [91] MISMATCH w0:222 out[0] max|delta|=9.223e+18 (rtol=0.0 atol=0.0)
  [103] MISMATCH w0:237 out[0] max|delta|=1.153e+18 (rtol=0.0 atol=0.0)
  [116] MISMATCH w0:139 out[0] non-finite mismatch (nan/inf positions differ)
  [257] MISMATCH w0:348 out[0] non-finite mismatch (nan/inf positions differ)
  [288] MISMATCH w0:453 out[0] max|delta|=9.223e+18 (rtol=0.0 atol=0.0)
  [296] MISMATCH w0:422 out[0] non-finite mismatch (nan/inf positions differ)
  [299] MISMATCH w0:370 out[0] non-finite mismatch (nan/inf positions differ)
  [t=   3s] 300/75343 (99.9/s)  ok=276 mism=10 crash=0 timeout=0 skip=14  |  inflight=63
  [319] MISMATCH w0:493 out[0] max|delta|=7.000e+00 (rtol=0.01 atol=0.001)
  [386] MISMATCH w0:565 out[0] max|delta|=4.000e+00 (rtol=0.01 atol=0.001)
  [408] MISMATCH w0:6 out[0] max|delta|=1.441e+17 (rtol=0.0 atol=0.0)
  [464] MISMATCH w0:672 out[0] max|delta|=2.306e+18 (rtol=0.01 atol=0.001)
  [469] MISMATCH w0:601 out[0] max|delta|=1.754e+00 (rtol=0.01 atol=0.001)
  [476] MISMATCH w0:684 out[0] max|delta|=6.918e+18 (rtol=0.0 atol=0.0)
  [484] MISMATCH w0:61 out[0] non-finite mismatch (nan/inf positions differ)
  [486] MISMATCH w0:653 out[0] non-finite mismatch (nan/inf positions differ)
  [503] MISMATCH w0:713 out[0] max|delta|=3.999e-01 (rtol=0.01 atol=0.001)
  [507] MISMATCH w0:668 out[0] non-finite mismatch (nan/inf positions differ)
  [t=   6s] 563/75343 (93.7/s)  ok=515 mism=20 crash=0 timeout=0 skip=28  |  inflight=63
  [670] MISMATCH w1:202 out[0] max|delta|=1.000e+00 (rtol=0.0 atol=0.0)
  [719] MISMATCH w1:216 out[0] non-finite mismatch (nan/inf positions differ)
  [741] MISMATCH w1:309 out[0] max|delta|=3.459e+18 (rtol=0.0 atol=0.0)
  [755] MISMATCH w1:290 out[0] non-finite mismatch (nan/inf positions differ)
  [757] MISMATCH w1:238 out[0] max|delta|=1.699e+00 (rtol=0.01 atol=0.001)
  [769] MISMATCH w1:321 out[0] non-finite mismatch (nan/inf positions differ)
  [851] MISMATCH w1:433 out[0] max|delta|=8.000e+00 (rtol=0.0 atol=0.0)
  [t=   9s] 867/75343 (96.2/s)  ok=793 mism=27 crash=0 timeout=0 skip=47  |  inflight=63
  [908] MISMATCH w1:447 out[0] non-finite mismatch (nan/inf positions differ)
  [943] MISMATCH w1:552 out[0] max|delta|=6.918e+18 (rtol=0.0 atol=0.0)
  [957] MISMATCH w1:521 out[0] non-finite mismatch (nan/inf positions differ)
  [959] MISMATCH w1:469 out[0] max|delta|=1.699e+00 (rtol=0.01 atol=0.001)
  [1021] MISMATCH w1:59 out[0] non-finite mismatch (nan/inf positions differ)
  [1038] MISMATCH w1:664 out[0] max|delta|=3.000e+00 (rtol=0.01 atol=0.001)
  [1053] MISMATCH w1:692 out[0] max|delta|=3.000e+00 (rtol=0.0 atol=0.0)
  [1085] MISMATCH w1:622 out[0] max|delta|=4.990e-01 (rtol=0.01 atol=0.001)
  [1122] MISMATCH w1:700 out[0] non-finite mismatch (nan/inf positions differ)
  [1125] MISMATCH w1:78 out[0] max|delta|=1.441e+17 (rtol=0.01 atol=0.001)
  [1131] MISMATCH w1:74 out[0] non-finite mismatch (nan/inf positions differ)
  [1135] MISMATCH w1:752 out[0] non-finite mismatch (nan/inf positions differ)
  [t=  12s] 1155/75343 (96.1/s)  ok=1050 mism=39 crash=0 timeout=0 skip=66  |  inflight=63
  [1168] MISMATCH w1:7 out[0] max|delta|=8.628e-01 (rtol=0.01 atol=0.001)
  [1199] MISMATCH w10:156 out[0] non-finite mismatch (nan/inf positions differ)
  [1212] MISMATCH w10:171 out[0] max|delta|=9.223e+18 (rtol=0.0 atol=0.0)
  [1221] MISMATCH w10:125 out[0] non-finite mismatch (nan/inf positions differ)
  [1352] MISMATCH w10:282 out[0] non-finite mismatch (nan/inf positions differ)
  [1390] MISMATCH w10:358 out[0] non-finite mismatch (nan/inf positions differ)
  [1392] MISMATCH w10:387 out[0] max|delta|=6.918e+18 (rtol=0.01 atol=0.001)
  [1396] MISMATCH w10:37 out[0] max|delta|=2.000e+00 (rtol=0.01 atol=0.001)
  [1402] MISMATCH w10:402 out[0] max|delta|=1.342e+08 (rtol=0.0 atol=0.0)
  [1405] MISMATCH w10:356 out[0] non-finite mismatch (nan/inf positions differ)
  [1413] MISMATCH w10:400 out[0] non-finite mismatch (nan/inf positions differ)
  [t=  15s] 1478/75343 (98.4/s)  ok=1346 mism=50 crash=0 timeout=0 skip=82  |  inflight=63
  [1546] MISMATCH w10:513 out[0] non-finite mismatch (nan/inf positions differ)
  [1548] MISMATCH w10:457 out[0] max|delta|=1.794e+00 (rtol=0.01 atol=0.001)
  [1578] MISMATCH w10:589 out[0] non-finite mismatch (nan/inf positions differ)
  [1583] MISMATCH w10:618 out[0] max|delta|=6.918e+18 (rtol=0.0 atol=0.0)
  [1586] MISMATCH w10:587 out[0] non-finite mismatch (nan/inf positions differ)
  [1589] MISMATCH w10:621 out[0] non-finite mismatch (nan/inf positions differ)
  [1600] MISMATCH w10:633 out[0] max|delta|=9.223e+18 (rtol=0.0 atol=0.0)
  [1603] MISMATCH w10:535 out[0] non-finite mismatch (nan/inf positions differ)
  [1706] MISMATCH w10:688 out[0] non-finite mismatch (nan/inf positions differ)
  [1720] MISMATCH w10:718 out[0] max|delta|=5.119e-03 (rtol=0.01 atol=0.001)
  [1738] MISMATCH w10:744 out[0] non-finite mismatch (nan/inf positions differ)
  [1759] MISMATCH w10:73 out[0] non-finite mismatch (nan/inf positions differ)
  [t=  18s] 1769/75343 (98.1/s)  ok=1612 mism=62 crash=0 timeout=0 skip=95  |  inflight=63
  [1794] MISMATCH w100:140 out[0] max|delta|=4.000e+00 (rtol=0.0 atol=0.0)
  [1804] MISMATCH w100:16 out[0] max|delta|=1.441e+17 (rtol=0.01 atol=0.001)
  [1806] MISMATCH w10:766 out[0] non-finite mismatch (nan/inf positions differ)
  [1866] MISMATCH w100:216 out[0] max|delta|=4.000e+00 (rtol=0.0 atol=0.0)
  [1879] MISMATCH w100:230 out[0] non-finite mismatch (nan/inf positions differ)
  [1881] MISMATCH w100:247 out[0] max|delta|=4.612e+18 (rtol=0.0 atol=0.0)
  [1898] MISMATCH w100:228 out[0] non-finite mismatch (nan/inf positions differ)
  [1900] MISMATCH w100:176 out[0] max|delta|=1.370e+00 (rtol=0.01 atol=0.001)
  [1910] MISMATCH w100:28 out[0] max|delta|=9.223e+18 (rtol=0.01 atol=0.001)
  [1920] MISMATCH w100:243 out[0] non-finite mismatch (nan/inf positions differ)
  [1922] MISMATCH w100:280 out[0] non-finite mismatch (nan/inf positions differ)
  [1925] MISMATCH w100:213 out[0] max|delta|=1.025e-02 (rtol=0.01 atol=0.001)
  [1931] MISMATCH w100:234 out[0] non-finite mismatch (nan/inf positions differ)
  [1940] MISMATCH w100:271 out[0] non-finite mismatch (nan/inf positions differ)
  [2034] MISMATCH w100:43 out[0] max|delta|=7.206e+16 (rtol=0.0 atol=0.0)
  [2053] MISMATCH w100:385 out[0] non-finite mismatch (nan/inf positions differ)
  [t=  21s] 2055/75343 (97.6/s)  ok=1869 mism=78 crash=0 timeout=0 skip=108  |  inflight=63
  [2068] MISMATCH w100:478 out[0] max|delta|=2.306e+18 (rtol=0.01 atol=0.001)
  [2070] MISMATCH w100:461 out[0] non-finite mismatch (nan/inf positions differ)
  [2078] MISMATCH w100:407 out[0] non-finite mismatch (nan/inf positions differ)
  [2090] MISMATCH w100:459 out[0] non-finite mismatch (nan/inf positions differ)
  [2096] MISMATCH w100:505 out[0] max|delta|=5.765e+17 (rtol=0.0 atol=0.0)
  [2098] MISMATCH w100:490 out[0] max|delta|=2.147e+09 (rtol=0.0 atol=0.0)
  [2103] MISMATCH w100:465 out[0] non-finite mismatch (nan/inf positions differ)
  [2186] MISMATCH w100:602 out[0] max|delta|=3.000e+00 (rtol=0.01 atol=0.001)
  [2224] MISMATCH w100:560 out[0] max|delta|=5.979e-01 (rtol=0.01 atol=0.001)
  [2248] MISMATCH w100:616 out[0] non-finite mismatch (nan/inf positions differ)
  [2261] MISMATCH w100:709 out[0] max|delta|=4.612e+18 (rtol=0.01 atol=0.001)
  [2273] MISMATCH w100:725 out[0] max|delta|=2.550e+02 (rtol=0.0 atol=0.0)
  [2286] MISMATCH w100:690 out[0] non-finite mismatch (nan/inf positions differ)
  [2291] MISMATCH w100:638 out[0] non-finite mismatch (nan/inf positions differ)
  [2297] MISMATCH w100:750 out[0] max|delta|=3.999e-01 (rtol=0.01 atol=0.001)
  [t=  24s] 2356/75343 (97.9/s)  ok=2143 mism=93 crash=0 timeout=0 skip=120  |  inflight=63
  [2400] MISMATCH w101:158 out[0] max|delta|=1.000e+00 (rtol=0.0 atol=0.0)
  [2406] MISMATCH w101:189 out[0] max|delta|=3.459e+18 (rtol=0.0 atol=0.0)
  [2411] MISMATCH w101:172 out[0] non-finite mismatch (nan/inf positions differ)
  [2414] MISMATCH w100:98 out[0] max|delta|=2.203e+00 (rtol=0.01 atol=0.001)
  [2433] MISMATCH w101:170 out[0] non-finite mismatch (nan/inf positions differ)
  [2434] MISMATCH w101:118 out[0] non-finite mismatch (nan/inf positions differ)
  [2455] MISMATCH w101:222 out[0] non-finite mismatch (nan/inf positions differ)
  [2472] MISMATCH w101:185 out[0] non-finite mismatch (nan/inf positions differ)
  [2517] MISMATCH w101:313 out[0] max|delta|=6.000e+00 (rtol=0.0 atol=0.0)
  [2560] MISMATCH w101:271 out[0] max|delta|=4.239e-01 (rtol=0.01 atol=0.001)
  [2595] MISMATCH w101:420 out[0] max|delta|=4.027e+08 (rtol=0.0 atol=0.0)
  [2603] MISMATCH w101:432 out[0] max|delta|=9.223e+18 (rtol=0.01 atol=0.001)
  [2612] MISMATCH w101:401 out[0] non-finite mismatch (nan/inf positions differ)
  [2615] MISMATCH w101:349 out[0] max|delta|=2.234e+00 (rtol=0.01 atol=0.001)
  [2639] MISMATCH w101:453 out[0] non-finite mismatch (nan/inf positions differ)
  [t=  27s] 2659/75343 (98.2/s)  ok=2418 mism=108 crash=0 timeout=0 skip=133  |  inflight=63
  [2662] MISMATCH w101:40 out[0] max|delta|=4.211e-01 (rtol=0.01 atol=0.001)
  [2698] MISMATCH w101:544 out[0] max|delta|=3.000e+00 (rtol=0.01 atol=0.001)
  [2745] MISMATCH w101:502 out[0] max|delta|=2.465e+00 (rtol=0.01 atol=0.001)
  [2768] MISMATCH w101:558 out[0] non-finite mismatch (nan/inf positions differ)
  [2775] MISMATCH w101:620 out[0] max|delta|=1.110e+00 (rtol=0.01 atol=0.001)
  [2786] MISMATCH w101:634 out[0] non-finite mismatch (nan/inf positions differ)
  [2795] MISMATCH w101:663 out[0] max|delta|=9.223e+18 (rtol=0.0 atol=0.0)
  [2818] MISMATCH w101:632 out[0] non-finite mismatch (nan/inf positions differ)
  [2833] MISMATCH w101:580 out[0] non-finite mismatch (nan/inf positions differ)
  [2840] MISMATCH w101:638 out[0] non-finite mismatch (nan/inf positions differ)
  [2846] MISMATCH w101:647 out[0] non-finite mismatch (nan/inf positions differ)
  [2883] MISMATCH w101:767 out[0] max|delta|=3.277e+04 (rtol=0.0 atol=0.0)
  [2890] MISMATCH w101:775 out[0] max|delta|=5.000e+00 (rtol=0.01 atol=0.001)
  [2906] MISMATCH w101:82 out[0] max|delta|=5.000e+00 (rtol=0.01 atol=0.001)
  [2972] MISMATCH w101:96 out[0] non-finite mismatch (nan/inf positions differ)
  [2977] MISMATCH w102:196 out[0] max|delta|=6.918e+18 (rtol=0.0 atol=0.0)
  [t=  30s] 2979/75343 (99.0/s)  ok=2706 mism=124 crash=0 timeout=0 skip=149  |  inflight=63
  [2983] MISMATCH w102:199 out[0] non-finite mismatch (nan/inf positions differ)
  [2992] MISMATCH w102:165 out[0] non-finite mismatch (nan/inf positions differ)
  [2996] MISMATCH w102:211 out[0] max|delta|=9.223e+18 (rtol=0.0 atol=0.0)
  [3012] MISMATCH w102:217 out[0] non-finite mismatch (nan/inf positions differ)
  [3082] MISMATCH w102:308 out[0] max|delta|=1.000e+00 (rtol=0.0 atol=0.0)
  [3118] MISMATCH w102:266 out[0] non-finite mismatch (nan/inf positions differ)
  [3129] MISMATCH w102:322 out[0] non-finite mismatch (nan/inf positions differ)
  [3172] MISMATCH w102:344 out[0] max|delta|=4.131e-01 (rtol=0.01 atol=0.001)
  [3175] MISMATCH w102:396 out[0] non-finite mismatch (nan/inf positions differ)
  [3181] MISMATCH w102:35 out[0] max|delta|=1.961e+00 (rtol=0.01 atol=0.001)
  [3190] MISMATCH w102:402 out[0] non-finite mismatch (nan/inf positions differ)
  [3191] MISMATCH w102:456 out[0] max|delta|=3.999e-01 (rtol=0.01 atol=0.001)
  [3225] MISMATCH w102:496 out[0] max|delta|=3.000e+00 (rtol=0.0 atol=0.0)
  [t=  33s] 3259/75343 (98.4/s)  ok=2963 mism=137 crash=0 timeout=0 skip=159  |  inflight=63
  [3278] MISMATCH w102:539 out[0] max|delta|=8.000e+00 (rtol=0.01 atol=0.001)
  [3310] MISMATCH w102:497 out[0] non-finite mismatch (nan/inf positions differ)
  [3327] MISMATCH w102:553 out[0] non-finite mismatch (nan/inf positions differ)
  [3348] MISMATCH w102:646 out[0] max|delta|=2.882e+17 (rtol=0.01 atol=0.001)
  [3370] MISMATCH w102:627 out[0] non-finite mismatch (nan/inf positions differ)
  [3372] MISMATCH w102:661 out[0] non-finite mismatch (nan/inf positions differ)
  [3377] MISMATCH w102:575 out[0] max|delta|=2.510e-01 (rtol=0.01 atol=0.001)
  [3385] MISMATCH w102:633 out[0] non-finite mismatch (nan/inf positions differ)
  [3388] MISMATCH w102:658 out[0] max|delta|=2.147e+09 (rtol=0.0 atol=0.0)
  [3427] MISMATCH w102:69 out[0] max|delta|=3.277e+04 (rtol=0.0 atol=0.0)
  [3457] MISMATCH w102:77 out[0] max|delta|=7.000e+00 (rtol=0.01 atol=0.001)
  [3458] MISMATCH w102:770 out[0] max|delta|=2.000e+00 (rtol=0.01 atol=0.001)
  [3506] MISMATCH w103:102 out[0] max|delta|=7.000e+00 (rtol=0.01 atol=0.001)
  [3535] MISMATCH w102:91 out[0] non-finite mismatch (nan/inf positions differ)
  [3560] MISMATCH w103:116 out[0] non-finite mismatch (nan/inf positions differ)
  [t=  36s] 3571/75343 (98.8/s)  ok=3242 mism=152 crash=0 timeout=0 skip=177  |  inflight=63
  [3576] MISMATCH w103:192 out[0] non-finite mismatch (nan/inf positions differ)
  [3593] MISMATCH w103:221 out[0] max|delta|=6.918e+18 (rtol=0.0 atol=0.0)
  [3609] MISMATCH w103:190 out[0] non-finite mismatch (nan/inf positions differ)
  [3612] MISMATCH w103:138 out[0] non-finite mismatch (nan/inf positions differ)
  [3740] MISMATCH w103:291 out[0] non-finite mismatch (nan/inf positions differ)
  [3761] MISMATCH w103:347 out[0] non-finite mismatch (nan/inf positions differ)
  [3771] MISMATCH w103:440 out[0] max|delta|=5.765e+17 (rtol=0.01 atol=0.001)
  [3781] MISMATCH w103:452 out[0] non-finite mismatch (nan/inf positions differ)
  [3792] MISMATCH w103:421 out[0] non-finite mismatch (nan/inf positions differ)
  [3809] MISMATCH w103:369 out[0] non-finite mismatch (nan/inf positions differ)
  [3817] MISMATCH w103:436 out[0] non-finite mismatch (nan/inf positions differ)
  [3873] MISMATCH w103:564 out[0] max|delta|=7.000e+00 (rtol=0.01 atol=0.001)
  [t=  39s] 3879/75343 (99.1/s)  ok=3523 mism=164 crash=0 timeout=0 skip=192  |  inflight=63
  [3915] MISMATCH w103:522 out[0] non-finite mismatch (nan/inf positions differ)
  [3936] MISMATCH w103:578 out[0] non-finite mismatch (nan/inf positions differ)
  [3960] MISMATCH w103:654 out[0] non-finite mismatch (nan/inf positions differ)
  [3968] MISMATCH w103:683 out[0] non-finite mismatch (nan/inf positions differ)
  [3978] MISMATCH w103:652 out[0] non-finite mismatch (nan/inf positions differ)
  [3980] MISMATCH w103:698 out[0] max|delta|=5.765e+17 (rtol=0.0 atol=0.0)
  [3990] MISMATCH w103:600 out[0] non-finite mismatch (nan/inf positions differ)
  [4080] MISMATCH w104:105 out[0] max|delta|=4.000e+00 (rtol=0.01 atol=0.001)
  [4088] MISMATCH w103:753 out[0] non-finite mismatch (nan/inf positions differ)
  [4135] MISMATCH w104:119 out[0] non-finite mismatch (nan/inf positions differ)
  [4162] MISMATCH w104:224 out[0] max|delta|=6.918e+18 (rtol=0.0 atol=0.0)
  [4163] MISMATCH w104:195 out[0] non-finite mismatch (nan/inf positions differ)
  [t=  42s] 4182/75343 (99.2/s)  ok=3796 mism=176 crash=0 timeout=0 skip=210  |  inflight=63
  [4186] MISMATCH w104:193 out[0] non-finite mismatch (nan/inf positions differ)
  [4264] MISMATCH w104:336 out[0] max|delta|=3.000e+00 (rtol=0.01 atol=0.001)
  [4288] MISMATCH w104:294 out[0] max|delta|=5.459e-01 (rtol=0.01 atol=0.001)
  [4319] MISMATCH w104:350 out[0] non-finite mismatch (nan/inf positions differ)
  [4347] MISMATCH w104:426 out[0] non-finite mismatch (nan/inf positions differ)
  [4365] MISMATCH w104:468 out[0] max|delta|=2.000e+00 (rtol=0.0 atol=0.0)
  [4367] MISMATCH w104:424 out[0] non-finite mismatch (nan/inf positions differ)
  [4368] MISMATCH w104:470 out[0] max|delta|=3.459e+18 (rtol=0.0 atol=0.0)
  [4379] MISMATCH w104:455 out[0] non-finite mismatch (nan/inf positions differ)
  [4383] MISMATCH w104:430 out[0] non-finite mismatch (nan/inf positions differ)
  [t=  45s] 4474/75343 (99.0/s)  ok=4067 mism=186 crash=0 timeout=0 skip=221  |  inflight=63
  [4478] MISMATCH w104:525 out[0] non-finite mismatch (nan/inf positions differ)
  [4505] MISMATCH w104:581 out[0] non-finite mismatch (nan/inf positions differ)
  [4526] MISMATCH w104:674 out[0] max|delta|=6.918e+18 (rtol=0.0 atol=0.0)
  [4534] MISMATCH w104:686 out[0] max|delta|=9.223e+18 (rtol=0.0 atol=0.0)
  [4542] MISMATCH w104:655 out[0] non-finite mismatch (nan/inf positions differ)
  [4545] MISMATCH w104:690 out[0] max|delta|=1.000e+00 (rtol=0.0 atol=0.0)
  [4546] MISMATCH w104:699 out[0] max|delta|=3.000e+00 (rtol=0.0 atol=0.0)
  [4549] MISMATCH w104:701 out[0] max|delta|=9.223e+18 (rtol=0.0 atol=0.0)
  [4554] MISMATCH w104:661 out[0] non-finite mismatch (nan/inf positions differ)
  [4612] MISMATCH w104:8 out[0] max|delta|=2.147e+09 (rtol=0.0 atol=0.0)
  [4659] MISMATCH w104:756 out[0] non-finite mismatch (nan/inf positions differ)
  [4687] MISMATCH w105:157 out[0] max|delta|=1.000e+00 (rtol=0.0 atol=0.0)
  [4707] MISMATCH w105:14 out[0] non-finite mismatch (nan/inf positions differ)
  [4719] MISMATCH w105:115 out[0] non-finite mismatch (nan/inf positions differ)
  [t=  48s] 4755/75343 (98.7/s)  ok=4318 mism=200 crash=0 timeout=0 skip=237  |  inflight=63
  [4756] MISMATCH w105:233 out[0] max|delta|=1.174e+00 (rtol=0.01 atol=0.001)
  [4768] MISMATCH w105:264 out[0] max|delta|=9.223e+18 (rtol=0.01 atol=0.001)
  [4778] MISMATCH w105:276 out[0] max|delta|=6.918e+18 (rtol=0.01 atol=0.001)
  [4790] MISMATCH w105:193 out[0] max|delta|=1.370e+00 (rtol=0.01 atol=0.001)
  [4792] MISMATCH w105:245 out[0] non-finite mismatch (nan/inf positions differ)
  [4793] MISMATCH w105:291 out[0] max|delta|=7.206e+16 (rtol=0.0 atol=0.0)
  [4923] MISMATCH w105:45 out[0] max|delta|=9.223e+18 (rtol=0.0 atol=0.0)
  [4989] MISMATCH w105:476 out[0] non-finite mismatch (nan/inf positions differ)
  [t=  51s] 5037/75343 (98.4/s)  ok=4581 mism=208 crash=0 timeout=0 skip=248  |  inflight=63
  [5047] MISMATCH w105:60 out[0] max|delta|=9.223e+18 (rtol=0.0 atol=0.0)
  [5092] MISMATCH w105:647 out[0] max|delta|=4.000e+00 (rtol=0.0 atol=0.0)
  [5108] MISMATCH w105:577 out[0] max|delta|=1.698e+00 (rtol=0.01 atol=0.001)
  [5136] MISMATCH w105:633 out[0] non-finite mismatch (nan/inf positions differ)
  [5154] MISMATCH w105:709 out[0] non-finite mismatch (nan/inf positions differ)
  [5161] MISMATCH w105:726 out[0] max|delta|=1.441e+17 (rtol=0.01 atol=0.001)
  [5177] MISMATCH w105:707 out[0] non-finite mismatch (nan/inf positions differ)
  [5182] MISMATCH w105:753 out[0] max|delta|=4.612e+18 (rtol=0.0 atol=0.0)
  [5194] MISMATCH w105:759 out[0] non-finite mismatch (nan/inf positions differ)
  [5271] MISMATCH w106:149 out[0] max|delta|=1.164e+00 (rtol=0.01 atol=0.001)
  [5300] MISMATCH w106:109 out[0] non-finite mismatch (nan/inf positions differ)
  [5312] MISMATCH w106:161 out[0] non-finite mismatch (nan/inf positions differ)
  [5323] MISMATCH w106:192 out[0] non-finite mismatch (nan/inf positions differ)
  [5329] MISMATCH w106:167 out[0] non-finite mismatch (nan/inf positions differ)
  [t=  54s] 5360/75343 (98.9/s)  ok=4867 mism=222 crash=0 timeout=0 skip=271  |  inflight=63
  [5397] MISMATCH w106:304 out[0] max|delta|=5.000e+00 (rtol=0.0 atol=0.0)
  [5454] MISMATCH w106:318 out[0] non-finite mismatch (nan/inf positions differ)
  [5485] MISMATCH w106:423 out[0] max|delta|=9.223e+18 (rtol=0.01 atol=0.001)
  [5488] MISMATCH w106:340 out[0] non-finite mismatch (nan/inf positions differ)
  [5506] MISMATCH w106:392 out[0] non-finite mismatch (nan/inf positions differ)
  [5578] MISMATCH w106:535 out[0] max|delta|=4.000e+00 (rtol=0.01 atol=0.001)
  [5638] MISMATCH w106:549 out[0] non-finite mismatch (nan/inf positions differ)
  [5656] MISMATCH w106:642 out[0] max|delta|=9.223e+18 (rtol=0.0 atol=0.0)
  [t=  57s] 5665/75343 (99.0/s)  ok=5152 mism=230 crash=0 timeout=0 skip=283  |  inflight=63
  [5666] MISMATCH w106:654 out[0] non-finite mismatch (nan/inf positions differ)
  [5668] MISMATCH w106:527 out[0] max|delta|=2.147e+09 (rtol=0.0 atol=0.0)
  [5680] MISMATCH w106:623 out[0] non-finite mismatch (nan/inf positions differ)
  [5743] MISMATCH w106:73 out[0] max|delta|=3.000e+00 (rtol=0.0 atol=0.0)
  [5761] MISMATCH w106:766 out[0] max|delta|=6.000e+00 (rtol=0.0 atol=0.0)
  [5819] MISMATCH w107:0 out[0] max|delta|=1.611e+09 (rtol=0.0 atol=0.0)
  [5822] MISMATCH w107:104 out[0] max|delta|=3.277e+04 (rtol=0.0 atol=0.0)
  [5824] MISMATCH w106:780 out[0] non-finite mismatch (nan/inf positions differ)
  [5840] MISMATCH w106:87 out[0] non-finite mismatch (nan/inf positions differ)
  [5921] MISMATCH w107:200 out[0] non-finite mismatch (nan/inf positions differ)
  [5924] MISMATCH w107:148 out[0] non-finite mismatch (nan/inf positions differ)
  [5925] MISMATCH w107:246 out[0] max|delta|=1.441e+17 (rtol=0.0 atol=0.0)
  [5944] MISMATCH w107:215 out[0] non-finite mismatch (nan/inf positions differ)
  [5947] MISMATCH w107:252 out[0] non-finite mismatch (nan/inf positions differ)
  [5970] MISMATCH w107:300 out[0] max|delta|=4.000e+00 (rtol=0.0 atol=0.0)
  [t=  60s] 5973/75343 (99.2/s)  ok=5437 mism=245 crash=0 timeout=0 skip=291  |  inflight=63
  [6012] MISMATCH w107:343 out[0] max|delta|=1.000e+00 (rtol=0.0 atol=0.0)
  [6047] MISMATCH w107:301 out[0] max|delta|=1.792e+00 (rtol=0.01 atol=0.001)
  [6070] MISMATCH w107:357 out[0] non-finite mismatch (nan/inf positions differ)
  [6123] MISMATCH w107:477 out[0] max|delta|=2.306e+18 (rtol=0.0 atol=0.0)
  [6129] MISMATCH w107:462 out[0] max|delta|=2.147e+09 (rtol=0.0 atol=0.0)
  [6133] MISMATCH w107:379 out[0] non-finite mismatch (nan/inf positions differ)
  [6139] MISMATCH w107:437 out[0] non-finite mismatch (nan/inf positions differ)
  [6216] MISMATCH w107:574 out[0] max|delta|=4.000e+00 (rtol=0.01 atol=0.001)
  [6230] MISMATCH w107:602 out[0] max|delta|=4.000e+00 (rtol=0.0 atol=0.0)
  [6267] MISMATCH w107:532 out[0] max|delta|=3.436e-01 (rtol=0.01 atol=0.001)
  [6275] MISMATCH w107:588 out[0] non-finite mismatch (nan/inf positions differ)
  [6290] MISMATCH w107:681 out[0] max|delta|=7.206e+16 (rtol=0.01 atol=0.001)
  [t=  63s] 6292/75343 (99.5/s)  ok=5729 mism=257 crash=0 timeout=0 skip=306  |  inflight=63
  [6304] MISMATCH w107:662 out[0] non-finite mismatch (nan/inf positions differ)
  [6312] MISMATCH w107:668 out[0] non-finite mismatch (nan/inf positions differ)
  [6316] MISMATCH w107:677 out[0] non-finite mismatch (nan/inf positions differ)
  [6405] MISMATCH w107:70 out[0] non-finite mismatch (nan/inf positions differ)
  [6457] MISMATCH w108:174 out[0] max|delta|=8.000e+00 (rtol=0.01 atol=0.001)
  [6481] MISMATCH w108:19 out[0] max|delta|=1.110e+00 (rtol=0.01 atol=0.001)
  [6515] MISMATCH w108:188 out[0] non-finite mismatch (nan/inf positions differ)
  [6550] MISMATCH w108:293 out[0] max|delta|=9.223e+18 (rtol=0.0 atol=0.0)
  [6560] MISMATCH w108:262 out[0] non-finite mismatch (nan/inf positions differ)
  [6572] MISMATCH w108:268 out[0] non-finite mismatch (nan/inf positions differ)
  [6575] MISMATCH w108:31 out[0] non-finite mismatch (nan/inf positions differ)
  [t=  66s] 6578/75343 (99.3/s)  ok=5986 mism=268 crash=0 timeout=0 skip=324  |  inflight=63
  [6661] MISMATCH w108:405 out[0] max|delta|=8.000e+00 (rtol=0.0 atol=0.0)
  [6682] MISMATCH w108:363 out[0] non-finite mismatch (nan/inf positions differ)
  [6720] MISMATCH w108:419 out[0] non-finite mismatch (nan/inf positions differ)
  [6733] MISMATCH w108:481 out[0] max|delta|=1.164e+00 (rtol=0.01 atol=0.001)
  [6734] MISMATCH w108:50 out[0] max|delta|=5.765e+17 (rtol=0.01 atol=0.001)
  [6751] MISMATCH w108:524 out[0] non-finite mismatch (nan/inf positions differ)
  [6763] MISMATCH w108:537 out[0] max|delta|=8.000e+00 (rtol=0.0 atol=0.0)
  [6764] MISMATCH w108:539 out[0] max|delta|=1.153e+18 (rtol=0.0 atol=0.0)
  [6766] MISMATCH w108:493 out[0] non-finite mismatch (nan/inf positions differ)
  [6778] MISMATCH w108:441 out[0] non-finite mismatch (nan/inf positions differ)
  [6794] MISMATCH w108:508 out[0] non-finite mismatch (nan/inf positions differ)
  [6850] MISMATCH w108:636 out[0] max|delta|=1.000e+00 (rtol=0.0 atol=0.0)
  [6868] MISMATCH w108:661 out[0] max|delta|=2.147e+09 (rtol=0.0 atol=0.0)
  [t=  69s] 6885/75343 (99.4/s)  ok=6263 mism=281 crash=0 timeout=0 skip=341  |  inflight=63
  [6930] MISMATCH w108:743 out[0] max|delta|=4.323e+17 (rtol=0.0 atol=0.0)
  [6939] MISMATCH w108:726 out[0] non-finite mismatch (nan/inf positions differ)
  [6943] MISMATCH w108:758 out[0] non-finite mismatch (nan/inf positions differ)
  [6959] MISMATCH w108:724 out[0] non-finite mismatch (nan/inf positions differ)
  [6962] MISMATCH w108:672 out[0] non-finite mismatch (nan/inf positions differ)
  [6968] MISMATCH w108:730 out[0] non-finite mismatch (nan/inf positions differ)
  [7017] MISMATCH w109:144 out[0] max|delta|=4.000e+00 (rtol=0.0 atol=0.0)
  [7065] MISMATCH w109:187 out[0] max|delta|=1.000e+00 (rtol=0.0 atol=0.0)
  [7079] MISMATCH w109:179 out[0] max|delta|=1.270e+02 (rtol=0.0 atol=0.0)
  [7100] MISMATCH w109:145 out[0] max|delta|=2.172e+00 (rtol=0.01 atol=0.001)
  [7147] MISMATCH w109:294 out[0] max|delta|=1.729e+18 (rtol=0.0 atol=0.0)
  [7156] MISMATCH w109:306 out[0] max|delta|=9.223e+18 (rtol=0.0 atol=0.0)
  [7159] MISMATCH w109:310 out[0] max|delta|=1.000e+00 (rtol=0.0 atol=0.0)
  [7166] MISMATCH w109:321 out[0] max|delta|=7.206e+16 (rtol=0.0 atol=0.0)
  [7172] MISMATCH w109:275 out[0] non-finite mismatch (nan/inf positions differ)
  [7180] MISMATCH w109:335 out[0] max|delta|=3.999e-01 (rtol=0.01 atol=0.001)
  [7183] MISMATCH w109:223 out[0] max|delta|=1.503e+00 (rtol=0.01 atol=0.001)
  [t=  72s] 7204/75343 (99.6/s)  ok=6545 mism=298 crash=0 timeout=0 skip=361  |  inflight=63
  [7213] MISMATCH w109:375 out[0] max|delta|=4.000e+00 (rtol=0.0 atol=0.0)
  [7257] MISMATCH w109:418 out[0] max|delta|=1.000e+00 (rtol=0.0 atol=0.0)
  [7294] MISMATCH w109:376 out[0] non-finite mismatch (nan/inf positions differ)
  [7315] MISMATCH w109:44 out[0] non-finite mismatch (nan/inf positions differ)
  [7330] MISMATCH w109:494 out[0] max|delta|=6.748e-01 (rtol=0.01 atol=0.001)
  [7341] MISMATCH w109:525 out[0] max|delta|=1.007e+08 (rtol=0.0 atol=0.0)
  [7349] MISMATCH w109:537 out[0] non-finite mismatch (nan/inf positions differ)
  [7356] MISMATCH w109:506 out[0] non-finite mismatch (nan/inf positions differ)
  [7362] MISMATCH w109:454 out[0] max|delta|=4.986e-01 (rtol=0.01 atol=0.001)
  [7364] MISMATCH w109:552 out[0] max|delta|=1.153e+18 (rtol=0.0 atol=0.0)
  [7451] MISMATCH w109:649 out[0] max|delta|=6.000e+00 (rtol=0.01 atol=0.001)
  [7492] MISMATCH w109:607 out[0] non-finite mismatch (nan/inf positions differ)
  [t=  75s] 7502/75343 (99.6/s)  ok=6815 mism=310 crash=0 timeout=0 skip=377  |  inflight=63
  [7506] MISMATCH w109:663 out[0] non-finite mismatch (nan/inf positions differ)
  [7530] MISMATCH w109:739 out[0] non-finite mismatch (nan/inf positions differ)
  [7535] MISMATCH w109:756 out[0] max|delta|=1.074e+09 (rtol=0.0 atol=0.0)
  [7545] MISMATCH w109:768 out[0] non-finite mismatch (nan/inf positions differ)
  [7549] MISMATCH w109:771 out[0] non-finite mismatch (nan/inf positions differ)
  [7550] MISMATCH w109:685 out[0] non-finite mismatch (nan/inf positions differ)
  [7561] MISMATCH w109:737 out[0] non-finite mismatch (nan/inf positions differ)
  [7564] MISMATCH w109:75 out[0] max|delta|=2.147e+09 (rtol=0.0 atol=0.0)
  [7645] MISMATCH w11:179 out[0] max|delta|=2.000e+00 (rtol=0.0 atol=0.0)
  [7676] MISMATCH w11:137 out[0] max|delta|=9.624e-01 (rtol=0.01 atol=0.001)
  [7699] MISMATCH w11:193 out[0] non-finite mismatch (nan/inf positions differ)
  [7715] MISMATCH w11:24 out[0] max|delta|=1.174e+00 (rtol=0.01 atol=0.001)
  [7737] MISMATCH w11:215 out[0] non-finite mismatch (nan/inf positions differ)
  [7748] MISMATCH w11:267 out[0] non-finite mismatch (nan/inf positions differ)
  [7754] MISMATCH w11:298 out[0] max|delta|=1.611e+09 (rtol=0.0 atol=0.0)
  [7760] MISMATCH w11:273 out[0] non-finite mismatch (nan/inf positions differ)
  [t=  78s] 7776/75343 (99.3/s)  ok=7056 mism=326 crash=0 timeout=0 skip=394  |  inflight=63
  [7825] MISMATCH w11:36 out[0] non-finite mismatch (nan/inf positions differ)
  [7855] MISMATCH w11:368 out[0] non-finite mismatch (nan/inf positions differ)
  [7912] MISMATCH w11:486 out[0] max|delta|=1.174e+00 (rtol=0.01 atol=0.001)
  [7949] MISMATCH w11:544 out[0] max|delta|=1.153e+18 (rtol=0.0 atol=0.0)
  [7956] MISMATCH w11:498 out[0] non-finite mismatch (nan/inf positions differ)
  [7968] MISMATCH w11:483 out[0] max|delta|=1.025e-02 (rtol=0.01 atol=0.001)
  [t=  81s] 8061/75343 (99.1/s)  ok=7324 mism=332 crash=0 timeout=0 skip=405  |  inflight=63
  [8062] MISMATCH w11:67 out[0] max|delta|=6.918e+18 (rtol=0.01 atol=0.001)
  [8105] MISMATCH w11:655 out[0] non-finite mismatch (nan/inf positions differ)
  [8106] MISMATCH w11:71 out[0] max|delta|=1.270e+02 (rtol=0.0 atol=0.0)
  [8124] MISMATCH w11:748 out[0] max|delta|=2.162e+17 (rtol=0.0 atol=0.0)
  [8139] MISMATCH w11:729 out[0] non-finite mismatch (nan/inf positions differ)
  [8146] MISMATCH w11:775 out[0] max|delta|=2.306e+18 (rtol=0.0 atol=0.0)
  [8154] MISMATCH w11:82 out[0] max|delta|=9.223e+18 (rtol=0.0 atol=0.0)
  [8204] MISMATCH w110:1 out[0] max|delta|=1.131e+09 (rtol=0.0 atol=0.0)
  [8231] MISMATCH w110:163 out[0] max|delta|=1.270e+02 (rtol=0.0 atol=0.0)
  [8243] MISMATCH w110:171 out[0] max|delta|=2.000e+00 (rtol=0.01 atol=0.001)
  [8280] MISMATCH w110:129 out[0] max|delta|=1.687e+00 (rtol=0.01 atol=0.001)
  [8306] MISMATCH w110:185 out[0] non-finite mismatch (nan/inf positions differ)
  [8312] MISMATCH w110:247 out[0] max|delta|=1.164e+00 (rtol=0.01 atol=0.001)
  [8324] MISMATCH w110:278 out[0] max|delta|=2.162e+17 (rtol=0.0 atol=0.0)
  [8336] MISMATCH w110:290 out[0] max|delta|=9.223e+18 (rtol=0.0 atol=0.0)
  [8358] MISMATCH w110:30 out[0] non-finite mismatch (nan/inf positions differ)
  [t=  84s] 8365/75343 (99.2/s)  ok=7594 mism=348 crash=0 timeout=0 skip=423  |  inflight=63
  [8366] MISMATCH w110:265 out[0] non-finite mismatch (nan/inf positions differ)
  [8367] MISMATCH w110:28 out[0] non-finite mismatch (nan/inf positions differ)
  [8436] MISMATCH w110:402 out[0] max|delta|=2.000e+00 (rtol=0.01 atol=0.001)
  [8470] MISMATCH w110:360 out[0] non-finite mismatch (nan/inf positions differ)
  [8497] MISMATCH w110:416 out[0] non-finite mismatch (nan/inf positions differ)
  [8516] MISMATCH w110:478 out[0] max|delta|=6.750e-01 (rtol=0.01 atol=0.001)
  [8526] MISMATCH w110:509 out[0] max|delta|=1.729e+18 (rtol=0.0 atol=0.0)
  [8546] MISMATCH w110:536 out[0] max|delta|=9.223e+18 (rtol=0.0 atol=0.0)
  [8551] MISMATCH w110:490 out[0] non-finite mismatch (nan/inf positions differ)
  [8552] MISMATCH w110:438 out[0] non-finite mismatch (nan/inf positions differ)
  [8558] MISMATCH w110:496 out[0] non-finite mismatch (nan/inf positions differ)
  [8565] MISMATCH w110:542 out[0] non-finite mismatch (nan/inf positions differ)
  [8591] MISMATCH w110:590 out[0] max|delta|=4.000e+00 (rtol=0.0 atol=0.0)
  [8641] MISMATCH w110:633 out[0] max|delta|=1.000e+00 (rtol=0.01 atol=0.001)
  [8656] MISMATCH w110:591 out[0] non-finite mismatch (nan/inf positions differ)
  [t=  87s] 8661/75343 (99.2/s)  ok=7862 mism=363 crash=0 timeout=0 skip=436  |  inflight=63
  [8681] MISMATCH w110:647 out[0] non-finite mismatch (nan/inf positions differ)
  [8722] MISMATCH w110:74 out[0] max|delta|=1.153e+18 (rtol=0.0 atol=0.0)
  [8736] MISMATCH w110:71 out[0] non-finite mismatch (nan/inf positions differ)
  [8737] MISMATCH w110:669 out[0] non-finite mismatch (nan/inf positions differ)
  [8746] MISMATCH w110:767 out[0] max|delta|=1.153e+18 (rtol=0.0 atol=0.0)
  [8753] MISMATCH w110:727 out[0] non-finite mismatch (nan/inf positions differ)
  [8838] MISMATCH w111:159 out[0] max|delta|=7.000e+00 (rtol=0.01 atol=0.001)
  [8862] MISMATCH w111:18 out[0] non-finite mismatch (nan/inf positions differ)
  [8873] MISMATCH w111:16 out[0] non-finite mismatch (nan/inf positions differ)
  [8923] MISMATCH w111:266 out[0] max|delta|=9.223e+18 (rtol=0.01 atol=0.001)
  [8925] MISMATCH w111:249 out[0] non-finite mismatch (nan/inf positions differ)
  [8932] MISMATCH w111:22 out[0] non-finite mismatch (nan/inf positions differ)
  [t=  90s] 8939/75343 (98.9/s)  ok=8100 mism=375 crash=0 timeout=0 skip=464  |  inflight=63
  [8941] MISMATCH w111:195 out[0] max|delta|=1.699e+00 (rtol=0.01 atol=0.001)
  [8946] MISMATCH w111:247 out[0] non-finite mismatch (nan/inf positions differ)
  [8954] MISMATCH w111:253 out[0] non-finite mismatch (nan/inf positions differ)
  [8956] MISMATCH w111:307 out[0] non-finite mismatch (nan/inf positions differ)
  [8970] MISMATCH w111:262 out[0] non-finite mismatch (nan/inf positions differ)
  [9033] MISMATCH w111:390 out[0] max|delta|=3.000e+00 (rtol=0.01 atol=0.001)
  [9059] MISMATCH w111:348 out[0] non-finite mismatch (nan/inf positions differ)
  [9096] MISMATCH w111:404 out[0] non-finite mismatch (nan/inf positions differ)
  [9097] MISMATCH w111:47 out[0] max|delta|=9.223e+18 (rtol=0.01 atol=0.001)
  [9118] MISMATCH w111:497 out[0] non-finite mismatch (nan/inf positions differ)
  [9137] MISMATCH w111:478 out[0] non-finite mismatch (nan/inf positions differ)
  [9145] MISMATCH w111:524 out[0] max|delta|=9.223e+18 (rtol=0.0 atol=0.0)
  [9153] MISMATCH w111:538 out[0] max|delta|=3.999e-01 (rtol=0.01 atol=0.001)
  [t=  93s] 9208/75343 (98.6/s)  ok=8341 mism=388 crash=0 timeout=0 skip=479  |  inflight=63
  [9233] MISMATCH w111:621 out[0] max|delta|=1.000e+00 (rtol=0.0 atol=0.0)
  [9260] MISMATCH w111:579 out[0] non-finite mismatch (nan/inf positions differ)
  [9302] MISMATCH w111:697 out[0] max|delta|=1.722e+00 (rtol=0.01 atol=0.001)
  [9323] MISMATCH w111:709 out[0] non-finite mismatch (nan/inf positions differ)
  [9336] MISMATCH w111:755 out[0] max|delta|=2.306e+18 (rtol=0.0 atol=0.0)
  [9364] MISMATCH w111:657 out[0] non-finite mismatch (nan/inf positions differ)
  [9367] MISMATCH w111:761 out[0] non-finite mismatch (nan/inf positions differ)
  [9437] MISMATCH w112:164 out[0] max|delta|=4.323e+17 (rtol=0.0 atol=0.0)
  [9448] MISMATCH w112:145 out[0] non-finite mismatch (nan/inf positions differ)
  [9457] MISMATCH w112:191 out[0] max|delta|=5.765e+17 (rtol=0.0 atol=0.0)
  [9473] MISMATCH w112:205 out[0] max|delta|=3.999e-01 (rtol=0.01 atol=0.001)
  [9505] MISMATCH w112:245 out[0] max|delta|=4.000e+00 (rtol=0.01 atol=0.001)
  [9506] MISMATCH w112:15 out[0] non-finite mismatch (nan/inf positions differ)
  [t=  96s] 9529/75343 (98.9/s)  ok=8632 mism=401 crash=0 timeout=0 skip=496  |  inflight=63
  [9590] MISMATCH w112:246 out[0] non-finite mismatch (nan/inf positions differ)
  [9605] MISMATCH w112:302 out[0] non-finite mismatch (nan/inf positions differ)
  [9646] MISMATCH w112:376 out[0] non-finite mismatch (nan/inf positions differ)
  [9649] MISMATCH w112:407 out[0] max|delta|=1.611e+09 (rtol=0.0 atol=0.0)
  [9770] MISMATCH w112:477 out[0] non-finite mismatch (nan/inf positions differ)
  [9792] MISMATCH w112:57 out[0] max|delta|=1.000e+00 (rtol=0.01 atol=0.001)
  [9802] MISMATCH w112:533 out[0] non-finite mismatch (nan/inf positions differ)
  [t=  99s] 9802/75343 (98.7/s)  ok=8884 mism=408 crash=0 timeout=0 skip=510  |  inflight=63
  [9812] MISMATCH w112:595 out[0] max|delta|=1.000e+00 (rtol=0.0 atol=0.0)
  [9820] MISMATCH w112:626 out[0] max|delta|=6.918e+18 (rtol=0.0 atol=0.0)
  [9828] MISMATCH w112:609 out[0] non-finite mismatch (nan/inf positions differ)
  [9829] MISMATCH w112:638 out[0] non-finite mismatch (nan/inf positions differ)
  [9836] MISMATCH w112:641 out[0] non-finite mismatch (nan/inf positions differ)
  [9844] MISMATCH w112:653 out[0] max|delta|=1.074e+09 (rtol=0.0 atol=0.0)
  [9850] MISMATCH w112:607 out[0] non-finite mismatch (nan/inf positions differ)
  [9933] MISMATCH w112:750 out[0] max|delta|=6.000e+00 (rtol=0.01 atol=0.001)
  [9961] MISMATCH w112:708 out[0] max|delta|=1.794e+00 (rtol=0.01 atol=0.001)
  [9983] MISMATCH w112:764 out[0] non-finite mismatch (nan/inf positions differ)
  [10037] MISMATCH w112:93 out[0] max|delta|=5.904e-01 (rtol=0.01 atol=0.001)
  [10045] MISMATCH w113:187 out[0] max|delta|=9.223e+18 (rtol=0.01 atol=0.001)
  [10049] MISMATCH w113:170 out[0] non-finite mismatch (nan/inf positions differ)
  [10055] MISMATCH w113:199 out[0] max|delta|=6.918e+18 (rtol=0.01 atol=0.001)
  [10060] MISMATCH w113:116 out[0] max|delta|=7.278e-01 (rtol=0.01 atol=0.001)
  [10066] MISMATCH w113:168 out[0] non-finite mismatch (nan/inf positions differ)
  [10067] MISMATCH w113:214 out[0] max|delta|=1.153e+18 (rtol=0.0 atol=0.0)
  [10090] MISMATCH w113:183 out[0] non-finite mismatch (nan/inf positions differ)
  [t= 102s] 10104/75343 (98.7/s)  ok=9147 mism=426 crash=0 timeout=0 skip=531  |  inflight=63
  [10162] MISMATCH w113:311 out[0] max|delta|=2.000e+00 (rtol=0.01 atol=0.001)
  [10213] MISMATCH w113:325 out[0] non-finite mismatch (nan/inf positions differ)
  [10238] MISMATCH w113:418 out[0] non-finite mismatch (nan/inf positions differ)
  [10248] MISMATCH w113:430 out[0] non-finite mismatch (nan/inf positions differ)
  [10256] MISMATCH w113:347 out[0] non-finite mismatch (nan/inf positions differ)
  [10260] MISMATCH w113:443 out[0] max|delta|=2.000e+00 (rtol=0.0 atol=0.0)
  [10263] MISMATCH w113:399 out[0] non-finite mismatch (nan/inf positions differ)
  [10273] MISMATCH w113:459 out[0] max|delta|=3.999e-01 (rtol=0.01 atol=0.001)
  [10279] MISMATCH w113:38 out[0] max|delta|=7.278e-01 (rtol=0.01 atol=0.001)
  [10352] MISMATCH w113:542 out[0] max|delta|=4.000e+00 (rtol=0.01 atol=0.001)
  [10386] MISMATCH w113:500 out[0] non-finite mismatch (nan/inf positions differ)
  [t= 105s] 10391/75343 (98.6/s)  ok=9408 mism=437 crash=0 timeout=0 skip=546  |  inflight=63
  [10416] MISMATCH w113:556 out[0] non-finite mismatch (nan/inf positions differ)
  [10422] MISMATCH w113:618 out[0] max|delta|=1.164e+00 (rtol=0.01 atol=0.001)
  [10445] MISMATCH w113:661 out[0] non-finite mismatch (nan/inf positions differ)
  [10470] MISMATCH w113:630 out[0] non-finite mismatch (nan/inf positions differ)
  [10475] MISMATCH w113:578 out[0] non-finite mismatch (nan/inf positions differ)
  [10536] MISMATCH w113:773 out[0] max|delta|=8.000e+00 (rtol=0.01 atol=0.001)
  [10555] MISMATCH w113:80 out[0] max|delta|=5.000e+00 (rtol=0.01 atol=0.001)
  [10602] MISMATCH w114:145 out[0] non-finite mismatch (nan/inf positions differ)
  [10624] MISMATCH w113:94 out[0] non-finite mismatch (nan/inf positions differ)
  [10637] MISMATCH w114:111 out[0] non-finite mismatch (nan/inf positions differ)
  [10650] MISMATCH w114:187 out[0] non-finite mismatch (nan/inf positions differ)
  [10669] MISMATCH w114:231 out[0] max|delta|=1.074e+09 (rtol=0.0 atol=0.0)
  [10671] MISMATCH w114:185 out[0] non-finite mismatch (nan/inf positions differ)
  [10673] MISMATCH w114:216 out[0] max|delta|=1.611e+09 (rtol=0.0 atol=0.0)
  [10685] MISMATCH w114:245 out[0] non-finite mismatch (nan/inf positions differ)
  [10691] MISMATCH w114:256 out[0] max|delta|=5.000e+00 (rtol=0.0 atol=0.0)
  [t= 108s] 10723/75343 (98.9/s)  ok=9712 mism=453 crash=0 timeout=0 skip=558  |  inflight=63
  [10757] MISMATCH w114:328 out[0] max|delta|=1.000e+00 (rtol=0.01 atol=0.001)
  [10810] MISMATCH w114:342 out[0] non-finite mismatch (nan/inf positions differ)
  [10850] MISMATCH w114:447 out[0] max|delta|=6.918e+18 (rtol=0.01 atol=0.001)
  [10859] MISMATCH w114:462 out[0] max|delta|=9.223e+18 (rtol=0.0 atol=0.0)
  [10871] MISMATCH w114:416 out[0] non-finite mismatch (nan/inf positions differ)
  [10873] MISMATCH w114:364 out[0] non-finite mismatch (nan/inf positions differ)
  [10977] MISMATCH w114:517 out[0] non-finite mismatch (nan/inf positions differ)
  [11016] MISMATCH w114:573 out[0] non-finite mismatch (nan/inf positions differ)
  [11022] MISMATCH w114:635 out[0] max|delta|=6.748e-01 (rtol=0.01 atol=0.001)
  [t= 111s] 11041/75343 (99.1/s)  ok=10004 mism=462 crash=0 timeout=0 skip=575  |  inflight=63
  [11044] MISMATCH w114:678 out[0] max|delta|=9.223e+18 (rtol=0.0 atol=0.0)
  [11061] MISMATCH w114:647 out[0] non-finite mismatch (nan/inf positions differ)
  [11073] MISMATCH w114:699 out[0] non-finite mismatch (nan/inf positions differ)
  [11088] MISMATCH w114:662 out[0] non-finite mismatch (nan/inf positions differ)
  [11153] MISMATCH w114:97 out[0] max|delta|=1.000e+00 (rtol=0.01 atol=0.001)
  [11246] MISMATCH w115:149 out[0] non-finite mismatch (nan/inf positions differ)
  [11256] MISMATCH w115:23 out[0] max|delta|=6.918e+18 (rtol=0.01 atol=0.001)
  [11269] MISMATCH w115:242 out[0] max|delta|=7.206e+16 (rtol=0.01 atol=0.001)
  [11290] MISMATCH w115:223 out[0] non-finite mismatch (nan/inf positions differ)
  [11300] MISMATCH w115:171 out[0] non-finite mismatch (nan/inf positions differ)
  [t= 114s] 11333/75343 (99.1/s)  ok=10271 mism=472 crash=0 timeout=0 skip=590  |  inflight=63
  [11357] MISMATCH w115:36 out[0] max|delta|=4.000e+00 (rtol=0.0 atol=0.0)
  [11376] MISMATCH w115:366 out[0] max|delta|=1.000e+00 (rtol=0.0 atol=0.0)
  [11414] MISMATCH w115:324 out[0] non-finite mismatch (nan/inf positions differ)
  [11438] MISMATCH w115:380 out[0] non-finite mismatch (nan/inf positions differ)
  [11468] MISMATCH w115:485 out[0] max|delta|=6.918e+18 (rtol=0.01 atol=0.001)
  [11479] MISMATCH w115:454 out[0] non-finite mismatch (nan/inf positions differ)
  [11483] MISMATCH w115:500 out[0] max|delta|=2.684e+08 (rtol=0.0 atol=0.0)
  [11496] MISMATCH w115:52 out[0] max|delta|=3.999e-01 (rtol=0.01 atol=0.001)
  [11500] MISMATCH w115:460 out[0] non-finite mismatch (nan/inf positions differ)
  [11590] MISMATCH w115:555 out[0] non-finite mismatch (nan/inf positions differ)
  [11610] MISMATCH w115:611 out[0] non-finite mismatch (nan/inf positions differ)
  [t= 117s] 11635/75343 (99.1/s)  ok=10541 mism=483 crash=0 timeout=0 skip=611  |  inflight=63
  [11646] MISMATCH w115:704 out[0] max|delta|=9.223e+18 (rtol=0.0 atol=0.0)
  [11652] MISMATCH w115:716 out[0] max|delta|=6.918e+18 (rtol=0.0 atol=0.0)
  [11657] MISMATCH w115:685 out[0] non-finite mismatch (nan/inf positions differ)
  [11659] MISMATCH w115:633 out[0] max|delta|=7.295e-01 (rtol=0.01 atol=0.001)
  [11667] MISMATCH w115:731 out[0] max|delta|=5.765e+17 (rtol=0.0 atol=0.0)
  [11769] MISMATCH w116:148 out[0] max|delta|=2.000e+00 (rtol=0.0 atol=0.0)
  [11802] MISMATCH w116:106 out[0] max|delta|=1.687e+00 (rtol=0.01 atol=0.001)
  [11811] MISMATCH w116:162 out[0] non-finite mismatch (nan/inf positions differ)
  [11844] MISMATCH w116:20 out[0] non-finite mismatch (nan/inf positions differ)
  [11846] MISMATCH w116:255 out[0] max|delta|=1.441e+17 (rtol=0.01 atol=0.001)
  [11854] MISMATCH w116:267 out[0] max|delta|=9.223e+18 (rtol=0.01 atol=0.001)
  [11869] MISMATCH w116:282 out[0] max|delta|=4.323e+17 (rtol=0.0 atol=0.0)
  [11875] MISMATCH w116:236 out[0] non-finite mismatch (nan/inf positions differ)
  [11894] MISMATCH w116:251 out[0] non-finite mismatch (nan/inf positions differ)
  [t= 120s] 11926/75343 (99.1/s)  ok=10798 mism=497 crash=0 timeout=0 skip=631  |  inflight=63
  [11957] MISMATCH w116:379 out[0] max|delta|=6.000e+00 (rtol=0.01 atol=0.001)
  [11994] MISMATCH w116:337 out[0] max|delta|=1.754e+00 (rtol=0.01 atol=0.001)
  [12008] MISMATCH w116:393 out[0] non-finite mismatch (nan/inf positions differ)
  [12020] MISMATCH w116:455 out[0] max|delta|=1.174e+00 (rtol=0.01 atol=0.001)
  [12037] MISMATCH w116:486 out[0] max|delta|=5.765e+17 (rtol=0.01 atol=0.001)
  [12057] MISMATCH w116:498 out[0] max|delta|=2.147e+09 (rtol=0.0 atol=0.0)
  [12058] MISMATCH w116:51 out[0] max|delta|=9.223e+18 (rtol=0.0 atol=0.0)
  [12061] MISMATCH w116:467 out[0] non-finite mismatch (nan/inf positions differ)
  [12062] MISMATCH w116:513 out[0] max|delta|=2.306e+18 (rtol=0.0 atol=0.0)
  [12069] MISMATCH w116:5 out[0] non-finite mismatch (nan/inf positions differ)
  [12070] MISMATCH w116:473 out[0] max|delta|=1.000e+00 (rtol=0.01 atol=0.001)
  [12148] MISMATCH w116:610 out[0] max|delta|=6.000e+00 (rtol=0.01 atol=0.001)
  [12175] MISMATCH w116:568 out[0] non-finite mismatch (nan/inf positions differ)
  [12205] MISMATCH w116:624 out[0] non-finite mismatch (nan/inf positions differ)
  [t= 123s] 12206/75343 (98.9/s)  ok=11049 mism=511 crash=0 timeout=0 skip=646  |  inflight=63
  [12223] MISMATCH w116:7 out[0] non-finite mismatch (nan/inf positions differ)
  [12235] MISMATCH w116:729 out[0] non-finite mismatch (nan/inf positions differ)
  [12247] MISMATCH w116:698 out[0] non-finite mismatch (nan/inf positions differ)
  [12250] MISMATCH w116:646 out[0] max|delta|=8.197e-01 (rtol=0.01 atol=0.001)
  [12252] MISMATCH w116:744 out[0] max|delta|=5.765e+17 (rtol=0.0 atol=0.0)
  [12260] MISMATCH w116:704 out[0] non-finite mismatch (nan/inf positions differ)
  [12267] MISMATCH w116:713 out[0] non-finite mismatch (nan/inf positions differ)
  [12326] MISMATCH w117:13 out[0] max|delta|=6.918e+18 (rtol=0.0 atol=0.0)
  [12333] MISMATCH w117:125 out[0] max|delta|=1.000e+00 (rtol=0.01 atol=0.001)
  [12391] MISMATCH w117:139 out[0] non-finite mismatch (nan/inf positions differ)
  [12413] MISMATCH w117:161 out[0] non-finite mismatch (nan/inf positions differ)
  [12428] MISMATCH w117:244 out[0] max|delta|=6.918e+18 (rtol=0.01 atol=0.001)
  [12444] MISMATCH w117:259 out[0] max|delta|=1.729e+18 (rtol=0.0 atol=0.0)
  [t= 126s] 12491/75343 (98.8/s)  ok=11309 mism=524 crash=0 timeout=0 skip=658  |  inflight=63
  [12534] MISMATCH w117:356 out[0] max|delta|=6.000e+00 (rtol=0.01 atol=0.001)
  [12557] MISMATCH w117:314 out[0] non-finite mismatch (nan/inf positions differ)
  [12607] MISMATCH w117:370 out[0] non-finite mismatch (nan/inf positions differ)
  [12612] MISMATCH w117:432 out[0] max|delta|=6.750e-01 (rtol=0.01 atol=0.001)
  [12629] MISMATCH w117:475 out[0] non-finite mismatch (nan/inf positions differ)
  [12643] MISMATCH w117:490 out[0] max|delta|=9.223e+18 (rtol=0.0 atol=0.0)
  [12656] MISMATCH w117:444 out[0] non-finite mismatch (nan/inf positions differ)
  [12667] MISMATCH w117:392 out[0] max|delta|=2.316e+00 (rtol=0.01 atol=0.001)
  [12726] MISMATCH w117:587 out[0] max|delta|=8.000e+00 (rtol=0.01 atol=0.001)
  [12760] MISMATCH w117:545 out[0] non-finite mismatch (nan/inf positions differ)
  [12794] MISMATCH w117:601 out[0] non-finite mismatch (nan/inf positions differ)
  [t= 129s] 12800/75343 (98.9/s)  ok=11587 mism=535 crash=0 timeout=0 skip=678  |  inflight=63
  [12808] MISMATCH w117:694 out[0] max|delta|=4.612e+18 (rtol=0.01 atol=0.001)
  [12818] MISMATCH w117:706 out[0] non-finite mismatch (nan/inf positions differ)
  [12823] MISMATCH w117:623 out[0] non-finite mismatch (nan/inf positions differ)
  [12840] MISMATCH w117:675 out[0] non-finite mismatch (nan/inf positions differ)
  [12952] MISMATCH w117:776 out[0] non-finite mismatch (nan/inf positions differ)
  [12989] MISMATCH w118:170 out[0] non-finite mismatch (nan/inf positions differ)
  [12997] MISMATCH w118:214 out[0] max|delta|=2.000e+00 (rtol=0.0 atol=0.0)
  [12999] MISMATCH w118:118 out[0] max|delta|=1.766e+00 (rtol=0.01 atol=0.001)
  [13003] MISMATCH w118:176 out[0] non-finite mismatch (nan/inf positions differ)
  [13007] MISMATCH w118:201 out[0] max|delta|=2.147e+09 (rtol=0.0 atol=0.0)
  [t= 132s] 13093/75343 (98.9/s)  ok=11859 mism=545 crash=0 timeout=0 skip=689  |  inflight=63
  [13121] MISMATCH w118:271 out[0] max|delta|=1.440e+00 (rtol=0.01 atol=0.001)
  [13133] MISMATCH w118:327 out[0] non-finite mismatch (nan/inf positions differ)
  [13173] MISMATCH w118:432 out[0] max|delta|=6.918e+18 (rtol=0.01 atol=0.001)
  [13177] MISMATCH w118:401 out[0] non-finite mismatch (nan/inf positions differ)
  [13190] MISMATCH w118:447 out[0] max|delta|=2.306e+18 (rtol=0.0 atol=0.0)
  [13317] MISMATCH w118:502 out[0] non-finite mismatch (nan/inf positions differ)
  [13334] MISMATCH w118:558 out[0] non-finite mismatch (nan/inf positions differ)
  [13354] MISMATCH w118:620 out[0] max|delta|=1.164e+00 (rtol=0.01 atol=0.001)
  [t= 135s] 13379/75343 (98.8/s)  ok=12120 mism=553 crash=0 timeout=0 skip=706  |  inflight=63
  [13383] MISMATCH w118:580 out[0] non-finite mismatch (nan/inf positions differ)
  [13385] MISMATCH w118:632 out[0] non-finite mismatch (nan/inf positions differ)
  [13396] MISMATCH w118:663 out[0] max|delta|=1.611e+09 (rtol=0.01 atol=0.001)
  [13424] MISMATCH w118:703 out[0] non-finite mismatch (nan/inf positions differ)
  [13473] MISMATCH w118:775 out[0] max|delta|=7.000e+00 (rtol=0.01 atol=0.001)
  [13490] MISMATCH w119:1 out[0] max|delta|=8.000e+00 (rtol=0.0 atol=0.0)
  [13504] MISMATCH w119:100 out[0] max|delta|=1.000e+00 (rtol=0.0 atol=0.0)
  [13539] MISMATCH w118:96 out[0] non-finite mismatch (nan/inf positions differ)
  [13558] MISMATCH w119:114 out[0] non-finite mismatch (nan/inf positions differ)
  [13569] MISMATCH w119:176 out[0] max|delta|=6.748e-01 (rtol=0.01 atol=0.001)
  [13583] MISMATCH w119:207 out[0] max|delta|=1.729e+18 (rtol=0.0 atol=0.0)
  [13589] MISMATCH w119:219 out[0] max|delta|=6.918e+18 (rtol=0.01 atol=0.001)
  [13600] MISMATCH w119:188 out[0] non-finite mismatch (nan/inf positions differ)
  [13604] MISMATCH w119:234 out[0] max|delta|=2.882e+17 (rtol=0.0 atol=0.0)
  [13610] MISMATCH w119:136 out[0] non-finite mismatch (nan/inf positions differ)
  [13636] MISMATCH w119:203 out[0] non-finite mismatch (nan/inf positions differ)
  [t= 138s] 13683/75343 (98.8/s)  ok=12395 mism=569 crash=0 timeout=0 skip=719  |  inflight=63
  [13690] MISMATCH w119:331 out[0] max|delta|=7.000e+00 (rtol=0.01 atol=0.001)
  [13766] MISMATCH w119:345 out[0] non-finite mismatch (nan/inf positions differ)
  [13786] MISMATCH w119:450 out[0] max|delta|=6.918e+18 (rtol=0.0 atol=0.0)
  [13795] MISMATCH w119:465 out[0] max|delta|=7.206e+16 (rtol=0.0 atol=0.0)
  [13801] MISMATCH w119:419 out[0] non-finite mismatch (nan/inf positions differ)
  [13805] MISMATCH w119:463 out[0] non-finite mismatch (nan/inf positions differ)
  [13883] MISMATCH w119:562 out[0] max|delta|=6.000e+00 (rtol=0.01 atol=0.001)
  [13924] MISMATCH w119:550 out[0] max|delta|=1.025e-02 (rtol=0.01 atol=0.001)
  [13926] MISMATCH w119:576 out[0] non-finite mismatch (nan/inf positions differ)
  [13971] MISMATCH w119:598 out[0] non-finite mismatch (nan/inf positions differ)
  [13985] MISMATCH w119:696 out[0] max|delta|=1.153e+18 (rtol=0.0 atol=0.0)
  [13989] MISMATCH w119:650 out[0] non-finite mismatch (nan/inf positions differ)
  [t= 141s] 13992/75343 (98.9/s)  ok=12674 mism=581 crash=0 timeout=0 skip=737  |  inflight=63
  [14002] MISMATCH w119:702 out[0] non-finite mismatch (nan/inf positions differ)
  [14081] MISMATCH w119:751 out[0] non-finite mismatch (nan/inf positions differ)
  [14085] MISMATCH w12:12 out[0] max|delta|=4.000e+00 (rtol=0.0 atol=0.0)
  [14117] MISMATCH w12:131 out[0] max|delta|=4.000e+00 (rtol=0.0 atol=0.0)
  [14128] MISMATCH w12:174 out[0] non-finite mismatch (nan/inf positions differ)
  [14144] MISMATCH w12:143 out[0] non-finite mismatch (nan/inf positions differ)
  [14164] MISMATCH w12:158 out[0] non-finite mismatch (nan/inf positions differ)
  [14186] MISMATCH w12:13 out[0] max|delta|=3.867e-01 (rtol=0.01 atol=0.001)
  [14234] MISMATCH w12:286 out[0] max|delta|=1.000e+00 (rtol=0.01 atol=0.001)
  [14289] MISMATCH w12:300 out[0] non-finite mismatch (nan/inf positions differ)
  [t= 144s] 14295/75343 (99.0/s)  ok=12950 mism=591 crash=0 timeout=0 skip=754  |  inflight=63
  [14315] MISMATCH w12:393 out[0] max|delta|=1.153e+18 (rtol=0.01 atol=0.001)
  [14325] MISMATCH w12:405 out[0] non-finite mismatch (nan/inf positions differ)
  [14335] MISMATCH w12:420 out[0] max|delta|=2.306e+18 (rtol=0.0 atol=0.0)
  [14336] MISMATCH w12:374 out[0] non-finite mismatch (nan/inf positions differ)
  [14337] MISMATCH w12:322 out[0] non-finite mismatch (nan/inf positions differ)
  [14351] MISMATCH w12:389 out[0] non-finite mismatch (nan/inf positions differ)
  [14427] MISMATCH w12:517 out[0] max|delta|=1.000e+00 (rtol=0.0 atol=0.0)
  [14469] MISMATCH w12:475 out[0] non-finite mismatch (nan/inf positions differ)
  [14491] MISMATCH w12:593 out[0] max|delta|=4.000e+00 (rtol=0.0 atol=0.0)
  [14502] MISMATCH w12:624 out[0] max|delta|=7.206e+16 (rtol=0.01 atol=0.001)
  [14524] MISMATCH w12:605 out[0] non-finite mismatch (nan/inf positions differ)
  [14532] MISMATCH w12:553 out[0] non-finite mismatch (nan/inf positions differ)
  [14536] MISMATCH w12:611 out[0] non-finite mismatch (nan/inf positions differ)
  [14558] MISMATCH w12:620 out[0] non-finite mismatch (nan/inf positions differ)
  [t= 147s] 14593/75343 (99.0/s)  ok=13222 mism=605 crash=0 timeout=0 skip=766  |  inflight=63
  [14610] MISMATCH w12:69 out[0] non-finite mismatch (nan/inf positions differ)
  [14661] MISMATCH w12:762 out[0] non-finite mismatch (nan/inf positions differ)
  [14695] MISMATCH w12:91 out[0] non-finite mismatch (nan/inf positions differ)
  [14708] MISMATCH w120:152 out[0] max|delta|=5.000e+00 (rtol=0.01 atol=0.001)
  [14712] MISMATCH w120:110 out[0] max|delta|=1.792e+00 (rtol=0.01 atol=0.001)
  [14740] MISMATCH w120:15 out[0] non-finite mismatch (nan/inf positions differ)
  [14761] MISMATCH w120:166 out[0] non-finite mismatch (nan/inf positions differ)
  [14787] MISMATCH w120:259 out[0] max|delta|=2.162e+17 (rtol=0.0 atol=0.0)
  [14801] MISMATCH w120:240 out[0] non-finite mismatch (nan/inf positions differ)
  [14805] MISMATCH w120:188 out[0] non-finite mismatch (nan/inf positions differ)
  [14812] MISMATCH w120:286 out[0] max|delta|=5.765e+17 (rtol=0.0 atol=0.0)
  [14827] MISMATCH w120:255 out[0] non-finite mismatch (nan/inf positions differ)
  [t= 150s] 14873/75343 (98.8/s)  ok=13475 mism=617 crash=0 timeout=0 skip=781  |  inflight=63
  [14907] MISMATCH w120:383 out[0] max|delta|=1.000e+00 (rtol=0.0 atol=0.0)
  [14910] MISMATCH w120:40 out[0] non-finite mismatch (nan/inf positions differ)
  [14914] MISMATCH w120:341 out[0] non-finite mismatch (nan/inf positions differ)
  [14968] MISMATCH w120:459 out[0] max|delta|=6.750e-01 (rtol=0.01 atol=0.001)
  [14999] MISMATCH w120:505 out[0] non-finite mismatch (nan/inf positions differ)
  [15006] MISMATCH w120:419 out[0] non-finite mismatch (nan/inf positions differ)
  [15024] MISMATCH w120:471 out[0] non-finite mismatch (nan/inf positions differ)
  [15032] MISMATCH w120:53 out[0] non-finite mismatch (nan/inf positions differ)
  [15097] MISMATCH w120:614 out[0] max|delta|=3.000e+00 (rtol=0.01 atol=0.001)
  [15149] MISMATCH w120:628 out[0] non-finite mismatch (nan/inf positions differ)
  [t= 153s] 15177/75343 (98.9/s)  ok=13750 mism=627 crash=0 timeout=0 skip=800  |  inflight=63
  [15188] MISMATCH w120:733 out[0] max|delta|=6.918e+18 (rtol=0.01 atol=0.001)
  [15206] MISMATCH w120:702 out[0] non-finite mismatch (nan/inf positions differ)
  [15210] MISMATCH w120:762 out[0] max|delta|=3.999e-01 (rtol=0.01 atol=0.001)
  [15211] MISMATCH w120:650 out[0] max|delta|=2.376e+00 (rtol=0.01 atol=0.001)
  [15269] MISMATCH w121:136 out[0] max|delta|=8.647e+17 (rtol=0.0 atol=0.0)
  [15272] MISMATCH w120:9 out[0] non-finite mismatch (nan/inf positions differ)
  [15287] MISMATCH w121:121 out[0] max|delta|=2.147e+09 (rtol=0.0 atol=0.0)
  [15291] MISMATCH w121:142 out[0] non-finite mismatch (nan/inf positions differ)
  [15329] MISMATCH w121:2 out[0] max|delta|=1.000e+00 (rtol=0.0 atol=0.0)
  [15336] MISMATCH w121:16 out[0] non-finite mismatch (nan/inf positions differ)
  [15360] MISMATCH w121:233 out[0] max|delta|=5.000e+00 (rtol=0.01 atol=0.001)
  [15385] MISMATCH w121:191 out[0] max|delta|=1.687e+00 (rtol=0.01 atol=0.001)
  [15447] MISMATCH w121:340 out[0] max|delta|=2.147e+09 (rtol=0.0 atol=0.0)
  [15452] MISMATCH w121:323 out[0] non-finite mismatch (nan/inf positions differ)
  [t= 157s] 15463/75343 (98.8/s)  ok=14006 mism=641 crash=0 timeout=0 skip=816  |  inflight=63
  [15465] MISMATCH w121:269 out[0] max|delta|=2.164e-01 (rtol=0.01 atol=0.001)
  [15472] MISMATCH w121:321 out[0] non-finite mismatch (nan/inf positions differ)
  [15477] MISMATCH w121:352 out[0] max|delta|=1.611e+09 (rtol=0.0 atol=0.0)
  [15562] MISMATCH w121:464 out[0] max|delta|=2.000e+00 (rtol=0.01 atol=0.001)
  [15611] MISMATCH w121:478 out[0] non-finite mismatch (nan/inf positions differ)
  [15641] MISMATCH w121:571 out[0] max|delta|=2.882e+17 (rtol=0.01 atol=0.001)
  [15647] MISMATCH w121:500 out[0] non-finite mismatch (nan/inf positions differ)
  [15650] MISMATCH w121:583 out[0] max|delta|=9.223e+18 (rtol=0.01 atol=0.001)
  [15662] MISMATCH w121:552 out[0] non-finite mismatch (nan/inf positions differ)
  [t= 160s] 15734/75343 (98.6/s)  ok=14258 mism=650 crash=0 timeout=0 skip=826  |  inflight=63
  [15748] MISMATCH w121:695 out[0] max|delta|=1.000e+00 (rtol=0.01 atol=0.001)
  [15780] MISMATCH w121:653 out[0] non-finite mismatch (nan/inf positions differ)
  [15801] MISMATCH w121:709 out[0] non-finite mismatch (nan/inf positions differ)
  [15819] MISMATCH w121:771 out[0] max|delta|=1.164e+00 (rtol=0.01 atol=0.001)
  [15850] MISMATCH w121:731 out[0] non-finite mismatch (nan/inf positions differ)
  [15859] MISMATCH w121:90 out[0] non-finite mismatch (nan/inf positions differ)
  [15876] MISMATCH w121:96 out[0] non-finite mismatch (nan/inf positions differ)
  [15894] MISMATCH w122:167 out[0] max|delta|=2.000e+00 (rtol=0.01 atol=0.001)
  [15905] MISMATCH w122:172 out[0] non-finite mismatch (nan/inf positions differ)
  [15926] MISMATCH w122:125 out[0] non-finite mismatch (nan/inf positions differ)
  [15957] MISMATCH w122:181 out[0] non-finite mismatch (nan/inf positions differ)
  [15986] MISMATCH w122:26 out[0] non-finite mismatch (nan/inf positions differ)
  [15997] MISMATCH w122:24 out[0] non-finite mismatch (nan/inf positions differ)
  [15998] MISMATCH w122:286 out[0] max|delta|=6.918e+18 (rtol=0.01 atol=0.001)
  [16011] MISMATCH w122:203 out[0] non-finite mismatch (nan/inf positions differ)
  [t= 163s] 16020/75343 (98.6/s)  ok=14502 mism=665 crash=0 timeout=0 skip=853  |  inflight=63
  [16103] MISMATCH w122:398 out[0] max|delta|=4.000e+00 (rtol=0.01 atol=0.001)
  [16121] MISMATCH w122:43 out[0] max|delta|=6.918e+18 (rtol=0.0 atol=0.0)
  [16128] MISMATCH w122:39 out[0] non-finite mismatch (nan/inf positions differ)
  [16133] MISMATCH w122:356 out[0] non-finite mismatch (nan/inf positions differ)
  [16158] MISMATCH w122:412 out[0] non-finite mismatch (nan/inf positions differ)
  [16182] MISMATCH w122:505 out[0] max|delta|=4.612e+18 (rtol=0.01 atol=0.001)
  [16187] MISMATCH w122:486 out[0] non-finite mismatch (nan/inf positions differ)
  [16202] MISMATCH w122:520 out[0] non-finite mismatch (nan/inf positions differ)
  [16204] MISMATCH w122:530 out[0] max|delta|=2.000e+00 (rtol=0.0 atol=0.0)
  [16205] MISMATCH w122:532 out[0] max|delta|=1.074e+09 (rtol=0.0 atol=0.0)
  [16261] MISMATCH w122:55 out[0] max|delta|=2.147e+09 (rtol=0.0 atol=0.0)
  [16298] MISMATCH w122:629 out[0] max|delta|=5.000e+00 (rtol=0.01 atol=0.001)
  [16318] MISMATCH w122:587 out[0] non-finite mismatch (nan/inf positions differ)
  [16329] MISMATCH w122:68 out[0] max|delta|=5.000e+00 (rtol=0.0 atol=0.0)
  [16348] MISMATCH w122:643 out[0] non-finite mismatch (nan/inf positions differ)
  [t= 166s] 16349/75343 (98.8/s)  ok=14798 mism=680 crash=0 timeout=0 skip=871  |  inflight=63
  [16356] MISMATCH w122:705 out[0] max|delta|=4.000e+00 (rtol=0.0 atol=0.0)
  [16373] MISMATCH w122:717 out[0] non-finite mismatch (nan/inf positions differ)
  [16396] MISMATCH w122:763 out[0] max|delta|=1.153e+18 (rtol=0.0 atol=0.0)
  [16410] MISMATCH w122:732 out[0] non-finite mismatch (nan/inf positions differ)
  [16471] MISMATCH w123:12 out[0] max|delta|=3.000e+00 (rtol=0.01 atol=0.001)
  [16481] MISMATCH w123:100 out[0] non-finite mismatch (nan/inf positions differ)
  [16595] MISMATCH w123:201 out[0] non-finite mismatch (nan/inf positions differ)
  [16624] MISMATCH w123:257 out[0] non-finite mismatch (nan/inf positions differ)
  [16627] MISMATCH w123:26 out[0] non-finite mismatch (nan/inf positions differ)
  [t= 169s] 16638/75343 (98.7/s)  ok=15061 mism=689 crash=0 timeout=0 skip=888  |  inflight=63
  [16647] MISMATCH w123:279 out[0] non-finite mismatch (nan/inf positions differ)
  [16668] MISMATCH w123:331 out[0] non-finite mismatch (nan/inf positions differ)
  [16676] MISMATCH w123:362 out[0] max|delta|=1.611e+09 (rtol=0.0 atol=0.0)
  [16754] MISMATCH w123:432 out[0] non-finite mismatch (nan/inf positions differ)
  [16763] MISMATCH w123:474 out[0] max|delta|=1.000e+00 (rtol=0.01 atol=0.001)
  [16804] MISMATCH w123:488 out[0] non-finite mismatch (nan/inf positions differ)
  [16841] MISMATCH w123:581 out[0] max|delta|=8.053e+08 (rtol=0.0 atol=0.0)
  [16842] MISMATCH w123:562 out[0] non-finite mismatch (nan/inf positions differ)
  [16845] MISMATCH w123:48 out[0] max|delta|=2.419e+00 (rtol=0.01 atol=0.001)
  [16848] MISMATCH w123:564 out[0] non-finite mismatch (nan/inf positions differ)
  [16856] MISMATCH w123:596 out[0] non-finite mismatch (nan/inf positions differ)
  [16874] MISMATCH w123:510 out[0] non-finite mismatch (nan/inf positions differ)
  [16875] MISMATCH w123:568 out[0] non-finite mismatch (nan/inf positions differ)
  [t= 172s] 16921/75343 (98.6/s)  ok=15315 mism=702 crash=0 timeout=0 skip=904  |  inflight=63
  [16951] MISMATCH w123:705 out[0] max|delta|=2.000e+00 (rtol=0.01 atol=0.001)
  [17007] MISMATCH w123:719 out[0] non-finite mismatch (nan/inf positions differ)
  [17055] MISMATCH w123:741 out[0] non-finite mismatch (nan/inf positions differ)
  [17104] MISMATCH w124:12 out[0] max|delta|=2.433e+00 (rtol=0.01 atol=0.001)
  [17118] MISMATCH w124:207 out[0] max|delta|=7.000e+00 (rtol=0.01 atol=0.001)
  [17152] MISMATCH w124:165 out[0] max|delta|=1.698e+00 (rtol=0.01 atol=0.001)
  [17212] MISMATCH w124:326 out[0] non-finite mismatch (nan/inf positions differ)
  [t= 175s] 17223/75343 (98.6/s)  ok=15590 mism=709 crash=0 timeout=0 skip=924  |  inflight=63
  [17226] MISMATCH w124:295 out[0] non-finite mismatch (nan/inf positions differ)
  [17233] MISMATCH w124:301 out[0] non-finite mismatch (nan/inf positions differ)
  [17254] MISMATCH w124:310 out[0] non-finite mismatch (nan/inf positions differ)
  [17314] MISMATCH w124:438 out[0] max|delta|=8.000e+00 (rtol=0.01 atol=0.001)
  [17336] MISMATCH w124:453 out[0] non-finite mismatch (nan/inf positions differ)
  [17367] MISMATCH w124:452 out[0] non-finite mismatch (nan/inf positions differ)
  [17389] MISMATCH w124:52 out[0] max|delta|=1.722e+00 (rtol=0.01 atol=0.001)
  [17412] MISMATCH w124:474 out[0] non-finite mismatch (nan/inf positions differ)
  [17423] MISMATCH w124:526 out[0] non-finite mismatch (nan/inf positions differ)
  [17499] MISMATCH w124:66 out[0] non-finite mismatch (nan/inf positions differ)
  [17509] MISMATCH w124:669 out[0] max|delta|=2.000e+00 (rtol=0.01 atol=0.001)
  [t= 178s] 17509/75343 (98.6/s)  ok=15852 mism=720 crash=0 timeout=0 skip=937  |  inflight=63
  [17510] MISMATCH w124:64 out[0] non-finite mismatch (nan/inf positions differ)
  [17547] MISMATCH w124:627 out[0] non-finite mismatch (nan/inf positions differ)
  [17556] MISMATCH w124:683 out[0] non-finite mismatch (nan/inf positions differ)
  [17593] MISMATCH w124:83 out[0] max|delta|=1.007e+08 (rtol=0.0 atol=0.0)
  [17602] MISMATCH w124:705 out[0] non-finite mismatch (nan/inf positions differ)
  [17604] MISMATCH w124:757 out[0] non-finite mismatch (nan/inf positions differ)
  [17631] MISMATCH w124:95 out[0] non-finite mismatch (nan/inf positions differ)
  [17652] MISMATCH w125:129 out[0] max|delta|=4.000e+00 (rtol=0.0 atol=0.0)
  [17654] MISMATCH w125:1 out[0] non-finite mismatch (nan/inf positions differ)
  [17675] MISMATCH w125:17 out[0] max|delta|=6.918e+18 (rtol=0.01 atol=0.001)
  [17730] MISMATCH w125:219 out[0] non-finite mismatch (nan/inf positions differ)
  [17733] MISMATCH w125:236 out[0] max|delta|=2.306e+18 (rtol=0.01 atol=0.001)
  [17748] MISMATCH w125:217 out[0] non-finite mismatch (nan/inf positions differ)
  [17749] MISMATCH w125:165 out[0] max|delta|=2.546e+00 (rtol=0.01 atol=0.001)
  [17753] MISMATCH w125:261 out[0] max|delta|=7.000e+00 (rtol=0.0 atol=0.0)
  [17755] MISMATCH w125:263 out[0] max|delta|=2.147e+09 (rtol=0.0 atol=0.0)
  [t= 181s] 17776/75343 (98.4/s)  ok=16084 mism=736 crash=0 timeout=0 skip=956  |  inflight=63
  [17849] MISMATCH w125:360 out[0] max|delta|=1.000e+00 (rtol=0.0 atol=0.0)
  [17879] MISMATCH w125:318 out[0] max|delta|=1.699e+00 (rtol=0.01 atol=0.001)
  [17895] MISMATCH w125:374 out[0] non-finite mismatch (nan/inf positions differ)
  [17937] MISMATCH w125:450 out[0] non-finite mismatch (nan/inf positions differ)
  [17955] MISMATCH w125:448 out[0] non-finite mismatch (nan/inf positions differ)
  [17956] MISMATCH w125:479 out[0] max|delta|=1.611e+09 (rtol=0.0 atol=0.0)
  [17957] MISMATCH w125:494 out[0] max|delta|=2.306e+18 (rtol=0.0 atol=0.0)
  [17969] MISMATCH w125:500 out[0] non-finite mismatch (nan/inf positions differ)
  [18045] MISMATCH w125:591 out[0] max|delta|=1.000e+00 (rtol=0.01 atol=0.001)
  [t= 184s] 18047/75343 (98.3/s)  ok=16331 mism=745 crash=0 timeout=0 skip=971  |  inflight=63
  [18067] MISMATCH w125:549 out[0] max|delta|=7.920e-01 (rtol=0.01 atol=0.001)
  [18109] MISMATCH w125:605 out[0] non-finite mismatch (nan/inf positions differ)
  [18126] MISMATCH w125:698 out[0] max|delta|=1.153e+18 (rtol=0.01 atol=0.001)
  [18140] MISMATCH w125:710 out[0] non-finite mismatch (nan/inf positions differ)
  [18153] MISMATCH w125:725 out[0] max|delta|=9.223e+18 (rtol=0.0 atol=0.0)
  [18157] MISMATCH w125:679 out[0] non-finite mismatch (nan/inf positions differ)
  [18163] MISMATCH w125:627 out[0] non-finite mismatch (nan/inf positions differ)
  [18167] MISMATCH w125:731 out[0] non-finite mismatch (nan/inf positions differ)
  [18238] MISMATCH w126:10 out[0] non-finite mismatch (nan/inf positions differ)
  [18266] MISMATCH w125:87 out[0] max|delta|=1.754e+00 (rtol=0.01 atol=0.001)
  [18315] MISMATCH w126:161 out[0] non-finite mismatch (nan/inf positions differ)
  [18344] MISMATCH w126:254 out[0] non-finite mismatch (nan/inf positions differ)
  [t= 187s] 18351/75343 (98.3/s)  ok=16605 mism=757 crash=0 timeout=0 skip=989  |  inflight=63
  [18360] MISMATCH w126:183 out[0] non-finite mismatch (nan/inf positions differ)
  [18363] MISMATCH w126:235 out[0] non-finite mismatch (nan/inf positions differ)
  [18373] MISMATCH w126:241 out[0] non-finite mismatch (nan/inf positions differ)
  [18380] MISMATCH w126:266 out[0] max|delta|=2.147e+09 (rtol=0.0 atol=0.0)
  [18384] MISMATCH w126:287 out[0] non-finite mismatch (nan/inf positions differ)
  [18419] MISMATCH w126:35 out[0] max|delta|=6.918e+18 (rtol=0.01 atol=0.001)
  [18455] MISMATCH w126:378 out[0] max|delta|=5.000e+00 (rtol=0.01 atol=0.001)
  [18469] MISMATCH w126:38 out[0] non-finite mismatch (nan/inf positions differ)
  [18480] CRASH    w126:327 vgf_runner rc=134: /data/jwen929/mobile/vgf_client/vgf_runner.sh: line 79: 43004
  [18509] MISMATCH w126:4 out[0] non-finite mismatch (nan/inf positions differ)
  [18517] MISMATCH w126:392 out[0] non-finite mismatch (nan/inf positions differ)
  [18548] MISMATCH w126:497 out[0] max|delta|=6.918e+18 (rtol=0.0 atol=0.0)
  [18561] MISMATCH w126:466 out[0] non-finite mismatch (nan/inf positions differ)
  [18565] MISMATCH w126:414 out[0] non-finite mismatch (nan/inf positions differ)
  [18566] MISMATCH w126:501 out[0] max|delta|=2.000e+00 (rtol=0.0 atol=0.0)
  [t= 190s] 18633/75343 (98.2/s)  ok=16861 mism=771 crash=1 timeout=0 skip=1000  |  inflight=63
  [18652] MISMATCH w126:609 out[0] max|delta|=2.000e+00 (rtol=0.01 atol=0.001)
  [18690] MISMATCH w126:567 out[0] max|delta|=2.824e-01 (rtol=0.01 atol=0.001)
  [18704] MISMATCH w126:623 out[0] non-finite mismatch (nan/inf positions differ)
  [18738] MISMATCH w126:699 out[0] non-finite mismatch (nan/inf positions differ)
  [18754] MISMATCH w126:743 out[0] max|delta|=2.306e+18 (rtol=0.0 atol=0.0)
  [18758] MISMATCH w126:697 out[0] non-finite mismatch (nan/inf positions differ)
  [18771] MISMATCH w126:749 out[0] non-finite mismatch (nan/inf positions differ)
  [18848] MISMATCH w127:151 out[0] max|delta|=2.306e+18 (rtol=0.01 atol=0.001)
  [18868] MISMATCH w127:178 out[0] max|delta|=2.882e+17 (rtol=0.0 atol=0.0)
  [18873] MISMATCH w127:132 out[0] non-finite mismatch (nan/inf positions differ)
  [18892] MISMATCH w127:147 out[0] non-finite mismatch (nan/inf positions differ)
  [18893] MISMATCH w127:184 out[0] non-finite mismatch (nan/inf positions differ)
  [18916] MISMATCH w127:232 out[0] max|delta|=4.000e+00 (rtol=0.0 atol=0.0)
  [t= 193s] 18943/75343 (98.3/s)  ok=17144 mism=784 crash=1 timeout=0 skip=1014  |  inflight=63
  [18964] MISMATCH w127:275 out[0] max|delta|=1.000e+00 (rtol=0.0 atol=0.0)
  [18971] MISMATCH w127:2 out[0] max|delta|=1.373e+00 (rtol=0.01 atol=0.001)
  [19000] MISMATCH w127:233 out[0] non-finite mismatch (nan/inf positions differ)
  [19007] MISMATCH w127:289 out[0] non-finite mismatch (nan/inf positions differ)
  [19040] MISMATCH w127:365 out[0] non-finite mismatch (nan/inf positions differ)
  [19051] MISMATCH w127:394 out[0] max|delta|=9.223e+18 (rtol=0.01 atol=0.001)
  [19063] MISMATCH w127:363 out[0] non-finite mismatch (nan/inf positions differ)
  [19064] MISMATCH w127:409 out[0] max|delta|=9.223e+18 (rtol=0.0 atol=0.0)
  [19070] MISMATCH w127:369 out[0] non-finite mismatch (nan/inf positions differ)
  [19075] MISMATCH w127:415 out[0] non-finite mismatch (nan/inf positions differ)
  [19076] MISMATCH w127:378 out[0] non-finite mismatch (nan/inf positions differ)
  [19148] MISMATCH w127:506 out[0] max|delta|=8.000e+00 (rtol=0.01 atol=0.001)
  [19186] MISMATCH w127:464 out[0] non-finite mismatch (nan/inf positions differ)
  [19210] MISMATCH w127:520 out[0] non-finite mismatch (nan/inf positions differ)
  [t= 196s] 19220/75343 (98.2/s)  ok=17396 mism=798 crash=1 timeout=0 skip=1025  |  inflight=63
  [19245] MISMATCH w127:542 out[0] non-finite mismatch (nan/inf positions differ)
  [19247] MISMATCH w127:628 out[0] non-finite mismatch (nan/inf positions differ)
  [19258] MISMATCH w127:58 out[0] non-finite mismatch (nan/inf positions differ)
  [19259] MISMATCH w127:594 out[0] non-finite mismatch (nan/inf positions differ)
  [19267] MISMATCH w127:654 out[0] max|delta|=3.999e-01 (rtol=0.01 atol=0.001)
  [19341] MISMATCH w127:737 out[0] max|delta|=1.000e+00 (rtol=0.0 atol=0.0)
  [19385] MISMATCH w127:695 out[0] max|delta|=6.813e-01 (rtol=0.01 atol=0.001)
  [19392] MISMATCH w127:751 out[0] non-finite mismatch (nan/inf positions differ)
  [19418] MISMATCH w13:106 out[0] max|delta|=2.147e+09 (rtol=0.0 atol=0.0)
  [19428] MISMATCH w13:1 out[0] non-finite mismatch (nan/inf positions differ)
  [19491] MISMATCH w13:218 out[0] max|delta|=6.000e+00 (rtol=0.01 atol=0.001)
  [t= 199s] 19516/75343 (98.2/s)  ok=17671 mism=809 crash=1 timeout=0 skip=1035  |  inflight=63
  [19520] MISMATCH w13:176 out[0] non-finite mismatch (nan/inf positions differ)
  [19533] MISMATCH w13:232 out[0] non-finite mismatch (nan/inf positions differ)
  [19572] MISMATCH w13:23 out[0] non-finite mismatch (nan/inf positions differ)
  [19577] MISMATCH w13:325 out[0] max|delta|=4.612e+18 (rtol=0.0 atol=0.0)
  [19603] MISMATCH w13:254 out[0] max|delta|=1.578e+00 (rtol=0.01 atol=0.001)
  [19604] MISMATCH w13:306 out[0] non-finite mismatch (nan/inf positions differ)
  [19625] MISMATCH w13:312 out[0] non-finite mismatch (nan/inf positions differ)
  [19650] MISMATCH w13:321 out[0] non-finite mismatch (nan/inf positions differ)
  [19687] MISMATCH w13:449 out[0] max|delta|=8.000e+00 (rtol=0.01 atol=0.001)
  [19751] MISMATCH w13:463 out[0] non-finite mismatch (nan/inf positions differ)
  [19771] MISMATCH w13:556 out[0] non-finite mismatch (nan/inf positions differ)
  [19779] MISMATCH w13:568 out[0] max|delta|=6.918e+18 (rtol=0.0 atol=0.0)
  [19791] MISMATCH w13:583 out[0] max|delta|=5.765e+17 (rtol=0.0 atol=0.0)
  [19808] MISMATCH w13:537 out[0] non-finite mismatch (nan/inf positions differ)
  [t= 202s] 19839/75343 (98.4/s)  ok=17958 mism=823 crash=1 timeout=0 skip=1057  |  inflight=63
  [19879] MISMATCH w13:680 out[0] max|delta|=2.000e+00 (rtol=0.0 atol=0.0)
  [19911] MISMATCH w13:638 out[0] non-finite mismatch (nan/inf positions differ)
  [19956] MISMATCH w13:768 out[0] non-finite mismatch (nan/inf positions differ)
  [19971] MISMATCH w13:75 out[0] non-finite mismatch (nan/inf positions differ)
  [19978] MISMATCH w13:716 out[0] non-finite mismatch (nan/inf positions differ)
  [19981] MISMATCH w14:11 out[0] max|delta|=4.000e+00 (rtol=0.0 atol=0.0)
  [20011] MISMATCH w14:130 out[0] max|delta|=3.000e+00 (rtol=0.0 atol=0.0)
  [20026] MISMATCH w13:90 out[0] non-finite mismatch (nan/inf positions differ)
  [20048] MISMATCH w14:142 out[0] non-finite mismatch (nan/inf positions differ)
  [20053] MISMATCH w14:173 out[0] max|delta|=2.147e+09 (rtol=0.0 atol=0.0)
  [20060] MISMATCH w14:12 out[0] max|delta|=1.503e+00 (rtol=0.01 atol=0.001)
  [20062] MISMATCH w14:157 out[0] non-finite mismatch (nan/inf positions differ)
  [t= 205s] 20116/75343 (98.3/s)  ok=18208 mism=835 crash=1 timeout=0 skip=1072  |  inflight=63
  [20137] MISMATCH w14:285 out[0] max|delta|=4.000e+00 (rtol=0.0 atol=0.0)
  [20175] MISMATCH w14:243 out[0] non-finite mismatch (nan/inf positions differ)
  [20201] MISMATCH w14:361 out[0] max|delta|=6.750e-01 (rtol=0.01 atol=0.001)
  [20226] MISMATCH w14:404 out[0] max|delta|=6.918e+18 (rtol=0.0 atol=0.0)
  [20246] MISMATCH w14:373 out[0] non-finite mismatch (nan/inf positions differ)
  [20259] MISMATCH w14:321 out[0] max|delta|=1.506e+00 (rtol=0.01 atol=0.001)
  [20262] MISMATCH w14:379 out[0] non-finite mismatch (nan/inf positions differ)
  [20328] MISMATCH w14:516 out[0] max|delta|=4.000e+00 (rtol=0.01 atol=0.001)
  [20348] MISMATCH w14:544 out[0] max|delta|=4.000e+00 (rtol=0.0 atol=0.0)
  [20357] MISMATCH w14:54 out[0] max|delta|=5.000e+00 (rtol=0.01 atol=0.001)
  [20360] MISMATCH w14:474 out[0] max|delta|=8.628e-01 (rtol=0.01 atol=0.001)
  [20394] MISMATCH w14:530 out[0] non-finite mismatch (nan/inf positions differ)
  [20414] MISMATCH w14:623 out[0] max|delta|=5.765e+17 (rtol=0.01 atol=0.001)
  [20425] MISMATCH w14:635 out[0] max|delta|=6.918e+18 (rtol=0.0 atol=0.0)
  [20438] MISMATCH w14:650 out[0] max|delta|=9.223e+18 (rtol=0.0 atol=0.0)
  [t= 208s] 20438/75343 (98.4/s)  ok=18501 mism=850 crash=1 timeout=0 skip=1086  |  inflight=63
  [20472] MISMATCH w14:675 out[0] non-finite mismatch (nan/inf positions differ)
  [20513] MISMATCH w14:68 out[0] non-finite mismatch (nan/inf positions differ)
  [20526] MISMATCH w14:747 out[0] max|delta|=3.000e+00 (rtol=0.01 atol=0.001)
  [20565] MISMATCH w15:0 out[0] max|delta|=4.612e+18 (rtol=0.01 atol=0.001)
  [20597] MISMATCH w15:12 out[0] max|delta|=1.611e+09 (rtol=0.0 atol=0.0)
  [20668] MISMATCH w15:200 out[0] max|delta|=4.000e+00 (rtol=0.0 atol=0.0)
  [20679] MISMATCH w15:212 out[0] non-finite mismatch (nan/inf positions differ)
  [20694] MISMATCH w15:25 out[0] max|delta|=6.000e+00 (rtol=0.0 atol=0.0)
  [20710] MISMATCH w15:243 out[0] max|delta|=1.611e+09 (rtol=0.0 atol=0.0)
  [20716] MISMATCH w15:27 out[0] max|delta|=6.918e+18 (rtol=0.0 atol=0.0)
  [20723] MISMATCH w15:218 out[0] non-finite mismatch (nan/inf positions differ)
  [20726] MISMATCH w15:227 out[0] non-finite mismatch (nan/inf positions differ)
  [t= 211s] 20726/75343 (98.4/s)  ok=18770 mism=862 crash=1 timeout=0 skip=1093  |  inflight=63
  [20797] MISMATCH w15:355 out[0] max|delta|=6.000e+00 (rtol=0.01 atol=0.001)
  [20853] MISMATCH w15:369 out[0] non-finite mismatch (nan/inf positions differ)
  [20888] MISMATCH w15:474 out[0] max|delta|=6.918e+18 (rtol=0.01 atol=0.001)
  [20897] MISMATCH w15:489 out[0] max|delta|=1.441e+17 (rtol=0.0 atol=0.0)
  [20907] MISMATCH w15:443 out[0] non-finite mismatch (nan/inf positions differ)
  [20982] MISMATCH w15:586 out[0] max|delta|=1.000e+00 (rtol=0.0 atol=0.0)
  [t= 214s] 21021/75343 (98.4/s)  ok=19045 mism=868 crash=1 timeout=0 skip=1107  |  inflight=63
  [21025] MISMATCH w15:544 out[0] non-finite mismatch (nan/inf positions differ)
  [21052] MISMATCH w15:600 out[0] non-finite mismatch (nan/inf positions differ)
  [21069] MISMATCH w15:676 out[0] non-finite mismatch (nan/inf positions differ)
  [21082] MISMATCH w15:622 out[0] non-finite mismatch (nan/inf positions differ)
  [21100] MISMATCH w15:674 out[0] non-finite mismatch (nan/inf positions differ)
  [21111] MISMATCH w15:680 out[0] non-finite mismatch (nan/inf positions differ)
  [21140] MISMATCH w15:81 out[0] max|delta|=4.000e+00 (rtol=0.0 atol=0.0)
  [21214] MISMATCH w15:82 out[0] non-finite mismatch (nan/inf positions differ)
  [21235] MISMATCH w16:176 out[0] max|delta|=1.000e+00 (rtol=0.01 atol=0.001)
  [21272] MISMATCH w16:21 out[0] max|delta|=1.174e+00 (rtol=0.01 atol=0.001)
  [21299] MISMATCH w16:190 out[0] non-finite mismatch (nan/inf positions differ)
  [21315] MISMATCH w16:266 out[0] non-finite mismatch (nan/inf positions differ)
  [21322] MISMATCH w16:295 out[0] max|delta|=9.223e+18 (rtol=0.01 atol=0.001)
  [21334] MISMATCH w16:310 out[0] max|delta|=9.223e+18 (rtol=0.0 atol=0.0)
  [21338] MISMATCH w16:264 out[0] non-finite mismatch (nan/inf positions differ)
  [t= 217s] 21339/75343 (98.5/s)  ok=19325 mism=883 crash=1 timeout=0 skip=1130  |  inflight=63
  [21343] MISMATCH w16:212 out[0] non-finite mismatch (nan/inf positions differ)
  [21395] MISMATCH w16:33 out[0] non-finite mismatch (nan/inf positions differ)
  [21420] MISMATCH w16:407 out[0] max|delta|=1.000e+00 (rtol=0.0 atol=0.0)
  [21442] MISMATCH w16:39 out[0] non-finite mismatch (nan/inf positions differ)
  [21479] MISMATCH w16:421 out[0] non-finite mismatch (nan/inf positions differ)
  [21501] MISMATCH w16:497 out[0] non-finite mismatch (nan/inf positions differ)
  [21510] MISMATCH w16:48 out[0] non-finite mismatch (nan/inf positions differ)
  [21511] MISMATCH w16:495 out[0] non-finite mismatch (nan/inf positions differ)
  [21530] MISMATCH w16:501 out[0] non-finite mismatch (nan/inf positions differ)
  [21532] MISMATCH w16:539 out[0] non-finite mismatch (nan/inf positions differ)
  [21586] CRASH    w16:536 vgf_runner rc=134: /data/jwen929/mobile/vgf_client/vgf_runner.sh: line 79: 20109
  [21598] MISMATCH w16:64 out[0] max|delta|=9.223e+18 (rtol=0.0 atol=0.0)
  [21612] MISMATCH w16:638 out[0] max|delta|=3.000e+00 (rtol=0.01 atol=0.001)
  [21630] MISMATCH w16:67 out[0] non-finite mismatch (nan/inf positions differ)
  [t= 220s] 21630/75343 (98.4/s)  ok=19588 mism=896 crash=2 timeout=0 skip=1144  |  inflight=63
  [21635] MISMATCH w16:68 out[0] max|delta|=2.550e+02 (rtol=0.0 atol=0.0)
  [21660] MISMATCH w16:652 out[0] non-finite mismatch (nan/inf positions differ)
  [21690] MISMATCH w16:745 out[0] max|delta|=2.306e+18 (rtol=0.01 atol=0.001)
  [21696] MISMATCH w16:728 out[0] non-finite mismatch (nan/inf positions differ)
  [21712] MISMATCH w16:726 out[0] non-finite mismatch (nan/inf positions differ)
  [21722] MISMATCH w16:79 out[0] max|delta|=4.612e+18 (rtol=0.0 atol=0.0)
  [21734] MISMATCH w16:741 out[0] non-finite mismatch (nan/inf positions differ)
  [21739] MISMATCH w16:85 out[0] non-finite mismatch (nan/inf positions differ)
  [21790] MISMATCH w17:163 out[0] max|delta|=7.206e+16 (rtol=0.01 atol=0.001)
  [21811] MISMATCH w17:144 out[0] non-finite mismatch (nan/inf positions differ)
  [21812] MISMATCH w17:175 out[0] max|delta|=1.611e+09 (rtol=0.0 atol=0.0)
  [21828] MISMATCH w17:159 out[0] non-finite mismatch (nan/inf positions differ)
  [21906] MISMATCH w17:287 out[0] max|delta|=1.000e+00 (rtol=0.0 atol=0.0)
  [t= 223s] 21933/75343 (98.5/s)  ok=19857 mism=909 crash=2 timeout=0 skip=1165  |  inflight=63
  [21941] MISMATCH w17:245 out[0] max|delta|=5.913e-01 (rtol=0.01 atol=0.001)
  [21972] MISMATCH w17:363 out[0] max|delta|=1.164e+00 (rtol=0.01 atol=0.001)
  [21995] MISMATCH w17:406 out[0] max|delta|=9.223e+18 (rtol=0.01 atol=0.001)
  [22003] MISMATCH w17:375 out[0] non-finite mismatch (nan/inf positions differ)
  [22015] MISMATCH w17:419 out[0] max|delta|=3.000e+00 (rtol=0.0 atol=0.0)
  [22019] MISMATCH w17:323 out[0] max|delta|=1.373e+00 (rtol=0.01 atol=0.001)
  [22106] MISMATCH w17:518 out[0] max|delta|=1.000e+00 (rtol=0.0 atol=0.0)
  [22187] MISMATCH w17:625 out[0] max|delta|=7.206e+16 (rtol=0.01 atol=0.001)
  [22195] MISMATCH w17:637 out[0] max|delta|=6.918e+18 (rtol=0.0 atol=0.0)
  [22210] MISMATCH w17:652 out[0] max|delta|=5.765e+17 (rtol=0.0 atol=0.0)
  [22226] MISMATCH w17:554 out[0] non-finite mismatch (nan/inf positions differ)
  [t= 226s] 22240/75343 (98.5/s)  ok=20134 mism=920 crash=2 timeout=0 skip=1184  |  inflight=63
  [22256] MISMATCH w17:706 out[0] max|delta|=4.000e+00 (rtol=0.0 atol=0.0)
  [22295] MISMATCH w17:749 out[0] max|delta|=1.000e+00 (rtol=0.0 atol=0.0)
  [22296] MISMATCH w17:70 out[0] non-finite mismatch (nan/inf positions differ)
  [22315] MISMATCH w17:707 out[0] non-finite mismatch (nan/inf positions differ)
  [22339] MISMATCH w18:107 out[0] max|delta|=1.000e+00 (rtol=0.0 atol=0.0)
  [22345] MISMATCH w17:763 out[0] non-finite mismatch (nan/inf positions differ)
  [22352] MISMATCH w18:118 out[0] max|delta|=2.013e+08 (rtol=0.0 atol=0.0)
  [22438] MISMATCH w18:215 out[0] max|delta|=6.000e+00 (rtol=0.01 atol=0.001)
  [22466] MISMATCH w18:230 out[0] non-finite mismatch (nan/inf positions differ)
  [22477] MISMATCH w18:173 out[0] non-finite mismatch (nan/inf positions differ)
  [22501] MISMATCH w18:229 out[0] non-finite mismatch (nan/inf positions differ)
  [22519] MISMATCH w18:322 out[0] non-finite mismatch (nan/inf positions differ)
  [t= 229s] 22520/75343 (98.4/s)  ok=20390 mism=932 crash=2 timeout=0 skip=1196  |  inflight=63
  [22542] MISMATCH w18:303 out[0] non-finite mismatch (nan/inf positions differ)
  [22544] MISMATCH w18:251 out[0] non-finite mismatch (nan/inf positions differ)
  [22562] MISMATCH w18:334 out[0] max|delta|=2.147e+09 (rtol=0.0 atol=0.0)
  [22630] MISMATCH w18:446 out[0] max|delta|=6.000e+00 (rtol=0.01 atol=0.001)
  [22690] MISMATCH w18:434 out[0] max|delta|=1.025e-02 (rtol=0.01 atol=0.001)
  [22695] MISMATCH w18:460 out[0] non-finite mismatch (nan/inf positions differ)
  [22718] MISMATCH w18:565 out[0] max|delta|=9.223e+18 (rtol=0.01 atol=0.001)
  [22728] MISMATCH w18:580 out[0] max|delta|=9.223e+18 (rtol=0.0 atol=0.0)
  [22739] MISMATCH w18:534 out[0] non-finite mismatch (nan/inf positions differ)
  [22744] MISMATCH w18:586 out[0] non-finite mismatch (nan/inf positions differ)
  [22807] MISMATCH w18:677 out[0] max|delta|=6.000e+00 (rtol=0.01 atol=0.001)
  [t= 232s] 22819/75343 (98.5/s)  ok=20665 mism=943 crash=2 timeout=0 skip=1209  |  inflight=63
  [22822] MISMATCH w18:635 out[0] non-finite mismatch (nan/inf positions differ)
  [22850] MISMATCH w18:72 out[0] non-finite mismatch (nan/inf positions differ)
  [22860] MISMATCH w18:691 out[0] non-finite mismatch (nan/inf positions differ)
  [22876] MISMATCH w18:74 out[0] non-finite mismatch (nan/inf positions differ)
  [22892] MISMATCH w18:767 out[0] non-finite mismatch (nan/inf positions differ)
  [22914] MISMATCH w18:765 out[0] non-finite mismatch (nan/inf positions differ)
  [22921] MISMATCH w18:771 out[0] non-finite mismatch (nan/inf positions differ)
  [22927] MISMATCH w18:78 out[0] non-finite mismatch (nan/inf positions differ)
  [22931] MISMATCH w19:116 out[0] max|delta|=8.000e+00 (rtol=0.0 atol=0.0)
  [22990] MISMATCH w19:19 out[0] max|delta|=9.223e+18 (rtol=0.0 atol=0.0)
  [22999] MISMATCH w19:130 out[0] non-finite mismatch (nan/inf positions differ)
  [23018] MISMATCH w19:223 out[0] max|delta|=2.306e+18 (rtol=0.01 atol=0.001)
  [23025] MISMATCH w19:235 out[0] non-finite mismatch (nan/inf positions differ)
  [23037] MISMATCH w19:204 out[0] non-finite mismatch (nan/inf positions differ)
  [23040] MISMATCH w19:152 out[0] max|delta|=8.525e-01 (rtol=0.01 atol=0.001)
  [23041] MISMATCH w19:250 out[0] max|delta|=9.223e+18 (rtol=0.0 atol=0.0)
  [23051] MISMATCH w19:210 out[0] non-finite mismatch (nan/inf positions differ)
  [23060] MISMATCH w19:219 out[0] non-finite mismatch (nan/inf positions differ)
  [23084] MISMATCH w19:304 out[0] max|delta|=4.000e+00 (rtol=0.0 atol=0.0)
  [t= 235s] 23118/75343 (98.5/s)  ok=20929 mism=962 crash=2 timeout=0 skip=1225  |  inflight=63
  [23125] MISMATCH w19:347 out[0] max|delta|=8.000e+00 (rtol=0.01 atol=0.001)
  [23187] MISMATCH w19:361 out[0] non-finite mismatch (nan/inf positions differ)
  [23195] MISMATCH w19:4 out[0] max|delta|=2.147e+09 (rtol=0.01 atol=0.001)
  [23202] MISMATCH w19:454 out[0] max|delta|=1.153e+18 (rtol=0.01 atol=0.001)
  [23215] MISMATCH w19:466 out[0] max|delta|=6.918e+18 (rtol=0.0 atol=0.0)
  [23228] MISMATCH w19:469 out[0] non-finite mismatch (nan/inf positions differ)
  [23232] MISMATCH w19:481 out[0] max|delta|=9.223e+18 (rtol=0.0 atol=0.0)
  [23238] MISMATCH w19:441 out[0] non-finite mismatch (nan/inf positions differ)
  [23246] MISMATCH w19:450 out[0] non-finite mismatch (nan/inf positions differ)
  [23318] MISMATCH w19:578 out[0] max|delta|=3.000e+00 (rtol=0.0 atol=0.0)
  [23346] MISMATCH w19:536 out[0] non-finite mismatch (nan/inf positions differ)
  [23372] MISMATCH w19:592 out[0] non-finite mismatch (nan/inf positions differ)
  [23396] MISMATCH w19:685 out[0] max|delta|=5.765e+17 (rtol=0.01 atol=0.001)
  [23406] MISMATCH w19:697 out[0] max|delta|=9.223e+18 (rtol=0.01 atol=0.001)
  [23407] MISMATCH w19:700 out[0] non-finite mismatch (nan/inf positions differ)
  [t= 238s] 23410/75343 (98.4/s)  ok=21190 mism=977 crash=2 timeout=0 skip=1241  |  inflight=63
  [23411] MISMATCH w19:666 out[0] non-finite mismatch (nan/inf positions differ)
  [23418] MISMATCH w19:712 out[0] max|delta|=6.918e+18 (rtol=0.0 atol=0.0)
  [23420] MISMATCH w19:614 out[0] non-finite mismatch (nan/inf positions differ)
  [23429] MISMATCH w19:726 out[0] max|delta|=3.999e-01 (rtol=0.01 atol=0.001)
  [23434] MISMATCH w19:718 out[0] non-finite mismatch (nan/inf positions differ)
  [23460] MISMATCH w19:766 out[0] max|delta|=4.000e+00 (rtol=0.0 atol=0.0)
  [23517] MISMATCH w2:119 out[0] max|delta|=4.000e+00 (rtol=0.0 atol=0.0)
  [23537] MISMATCH w2:150 out[0] max|delta|=1.074e+09 (rtol=0.0 atol=0.0)
  [23547] MISMATCH w2:162 out[0] max|delta|=6.918e+18 (rtol=0.0 atol=0.0)
  [23549] MISMATCH w19:767 out[0] max|delta|=1.754e+00 (rtol=0.01 atol=0.001)
  [23558] MISMATCH w2:177 out[0] max|delta|=4.323e+17 (rtol=0.0 atol=0.0)
  [23569] MISMATCH w2:175 out[0] non-finite mismatch (nan/inf positions differ)
  [23571] MISMATCH w2:131 out[0] non-finite mismatch (nan/inf positions differ)
  [23582] MISMATCH w2:1 out[0] non-finite mismatch (nan/inf positions differ)
  [23609] MISMATCH w2:231 out[0] max|delta|=4.000e+00 (rtol=0.0 atol=0.0)
  [23655] MISMATCH w2:274 out[0] max|delta|=1.000e+00 (rtol=0.01 atol=0.001)
  [23711] MISMATCH w2:288 out[0] non-finite mismatch (nan/inf positions differ)
  [t= 241s] 23715/75343 (98.5/s)  ok=21460 mism=994 crash=2 timeout=0 skip=1259  |  inflight=63
  [23746] MISMATCH w2:393 out[0] max|delta|=6.918e+18 (rtol=0.0 atol=0.0)
  [23749] MISMATCH w2:396 out[0] non-finite mismatch (nan/inf positions differ)
  [23753] MISMATCH w2:362 out[0] non-finite mismatch (nan/inf positions differ)
  [23757] MISMATCH w2:408 out[0] max|delta|=9.223e+18 (rtol=0.0 atol=0.0)
  [23773] MISMATCH w2:368 out[0] non-finite mismatch (nan/inf positions differ)
  [23778] MISMATCH w2:433 out[0] max|delta|=2.000e+00 (rtol=0.0 atol=0.0)
  [23791] MISMATCH w2:43 out[0] max|delta|=5.000e+00 (rtol=0.01 atol=0.001)
  [23850] MISMATCH w2:505 out[0] max|delta|=1.000e+00 (rtol=0.0 atol=0.0)
  [23893] MISMATCH w2:463 out[0] max|delta|=5.979e-01 (rtol=0.01 atol=0.001)
  [23911] MISMATCH w2:519 out[0] non-finite mismatch (nan/inf positions differ)
  [23915] MISMATCH w2:581 out[0] max|delta|=1.000e+00 (rtol=0.0 atol=0.0)
  [23943] MISMATCH w2:624 out[0] max|delta|=6.918e+18 (rtol=0.01 atol=0.001)
  [23948] MISMATCH w2:57 out[0] non-finite mismatch (nan/inf positions differ)
  [23953] MISMATCH w2:593 out[0] non-finite mismatch (nan/inf positions differ)
  [23955] MISMATCH w2:627 out[0] non-finite mismatch (nan/inf positions differ)
  [23962] MISMATCH w2:541 out[0] non-finite mismatch (nan/inf positions differ)
  [t= 244s] 24017/75343 (98.5/s)  ok=21732 mism=1010 crash=2 timeout=0 skip=1273  |  inflight=63
  [24093] MISMATCH w2:750 out[0] non-finite mismatch (nan/inf positions differ)
  [24108] MISMATCH w20:111 out[0] max|delta|=3.999e-01 (rtol=0.01 atol=0.001)
  [24148] MISMATCH w2:79 out[0] non-finite mismatch (nan/inf positions differ)
  [24178] MISMATCH w20:194 out[0] max|delta|=1.000e+00 (rtol=0.0 atol=0.0)
  [24215] MISMATCH w20:152 out[0] max|delta|=1.754e+00 (rtol=0.01 atol=0.001)
  [24234] MISMATCH w20:208 out[0] non-finite mismatch (nan/inf positions differ)
  [24269] MISMATCH w20:313 out[0] non-finite mismatch (nan/inf positions differ)
  [24284] MISMATCH w20:282 out[0] non-finite mismatch (nan/inf positions differ)
  [24287] MISMATCH w20:230 out[0] max|delta|=2.447e+00 (rtol=0.01 atol=0.001)
  [24289] MISMATCH w20:288 out[0] non-finite mismatch (nan/inf positions differ)
  [24290] MISMATCH w20:297 out[0] non-finite mismatch (nan/inf positions differ)
  [t= 247s] 24300/75343 (98.5/s)  ok=21988 mism=1021 crash=2 timeout=0 skip=1289  |  inflight=63
  [24378] MISMATCH w20:425 out[0] max|delta|=6.000e+00 (rtol=0.01 atol=0.001)
  [24424] MISMATCH w20:383 out[0] non-finite mismatch (nan/inf positions differ)
  [24440] MISMATCH w20:439 out[0] non-finite mismatch (nan/inf positions differ)
  [24471] MISMATCH w20:544 out[0] max|delta|=6.918e+18 (rtol=0.01 atol=0.001)
  [24474] MISMATCH w20:51 out[0] non-finite mismatch (nan/inf positions differ)
  [24485] MISMATCH w20:513 out[0] non-finite mismatch (nan/inf positions differ)
  [24491] MISMATCH w20:461 out[0] max|delta|=1.794e+00 (rtol=0.01 atol=0.001)
  [24532] MISMATCH w20:556 out[0] non-finite mismatch (nan/inf positions differ)
  [24571] MISMATCH w20:656 out[0] max|delta|=3.000e+00 (rtol=0.01 atol=0.001)
  [24600] MISMATCH w20:614 out[0] non-finite mismatch (nan/inf positions differ)
  [t= 250s] 24603/75343 (98.5/s)  ok=22267 mism=1031 crash=2 timeout=0 skip=1303  |  inflight=63
  [24616] MISMATCH w20:670 out[0] non-finite mismatch (nan/inf positions differ)
  [24641] MISMATCH w20:732 out[0] max|delta|=6.750e-01 (rtol=0.01 atol=0.001)
  [24663] MISMATCH w20:775 out[0] non-finite mismatch (nan/inf positions differ)
  [24669] MISMATCH w20:744 out[0] non-finite mismatch (nan/inf positions differ)
  [24675] MISMATCH w20:692 out[0] max|delta|=2.465e-01 (rtol=0.01 atol=0.001)
  [24676] MISMATCH w20:779 out[0] max|delta|=1.000e+00 (rtol=0.0 atol=0.0)
  [24684] MISMATCH w20:97 out[0] max|delta|=9.223e+18 (rtol=0.0 atol=0.0)
  [24691] MISMATCH w20:82 out[0] max|delta|=1.611e+09 (rtol=0.0 atol=0.0)
  [24780] MISMATCH w21:198 out[0] max|delta|=3.000e+00 (rtol=0.01 atol=0.001)
  [24817] MISMATCH w21:156 out[0] max|delta|=1.636e+00 (rtol=0.01 atol=0.001)
  [24844] MISMATCH w21:212 out[0] non-finite mismatch (nan/inf positions differ)
  [24856] MISMATCH w21:288 out[0] non-finite mismatch (nan/inf positions differ)
  [24860] MISMATCH w21:305 out[0] max|delta|=4.027e+08 (rtol=0.0 atol=0.0)
  [24871] MISMATCH w21:317 out[0] max|delta|=6.918e+18 (rtol=0.01 atol=0.001)
  [24882] MISMATCH w21:286 out[0] non-finite mismatch (nan/inf positions differ)
  [t= 253s] 24897/75343 (98.5/s)  ok=22524 mism=1046 crash=2 timeout=0 skip=1325  |  inflight=63
  [24931] MISMATCH w21:386 out[0] max|delta|=3.000e+00 (rtol=0.01 atol=0.001)
  [25012] MISMATCH w21:387 out[0] non-finite mismatch (nan/inf positions differ)
  [25036] MISMATCH w21:443 out[0] non-finite mismatch (nan/inf positions differ)
  [25083] MISMATCH w21:465 out[0] non-finite mismatch (nan/inf positions differ)
  [25084] MISMATCH w21:517 out[0] non-finite mismatch (nan/inf positions differ)
  [25087] MISMATCH w21:563 out[0] max|delta|=2.882e+17 (rtol=0.0 atol=0.0)
  [25113] MISMATCH w21:55 out[0] non-finite mismatch (nan/inf positions differ)
  [25134] MISMATCH w21:617 out[0] max|delta|=4.000e+00 (rtol=0.0 atol=0.0)
  [25162] MISMATCH w21:61 out[0] non-finite mismatch (nan/inf positions differ)
  [25180] MISMATCH w21:660 out[0] max|delta|=7.000e+00 (rtol=0.01 atol=0.001)
  [t= 256s] 25181/75343 (98.4/s)  ok=22782 mism=1056 crash=2 timeout=0 skip=1341  |  inflight=63
  [25200] MISMATCH w21:618 out[0] max|delta|=2.355e+00 (rtol=0.01 atol=0.001)
  [25223] MISMATCH w21:674 out[0] non-finite mismatch (nan/inf positions differ)
  [25232] MISMATCH w21:74 out[0] max|delta|=1.074e+09 (rtol=0.0 atol=0.0)
  [25254] MISMATCH w21:750 out[0] non-finite mismatch (nan/inf positions differ)
  [25264] MISMATCH w21:779 out[0] max|delta|=6.918e+18 (rtol=0.01 atol=0.001)
  [25272] MISMATCH w21:748 out[0] non-finite mismatch (nan/inf positions differ)
  [25298] MISMATCH w21:86 out[0] max|delta|=2.147e+09 (rtol=0.01 atol=0.001)
  [25323] MISMATCH w22:14 out[0] non-finite mismatch (nan/inf positions differ)
  [25371] MISMATCH w22:137 out[0] non-finite mismatch (nan/inf positions differ)
  [25400] MISMATCH w22:230 out[0] max|delta|=4.612e+18 (rtol=0.01 atol=0.001)
  [25409] MISMATCH w22:159 out[0] max|delta|=7.278e-01 (rtol=0.01 atol=0.001)
  [25421] MISMATCH w22:211 out[0] non-finite mismatch (nan/inf positions differ)
  [25423] MISMATCH w22:257 out[0] max|delta|=5.369e+08 (rtol=0.0 atol=0.0)
  [25438] MISMATCH w22:242 out[0] max|delta|=2.147e+09 (rtol=0.0 atol=0.0)
  [t= 259s] 25444/75343 (98.3/s)  ok=23015 mism=1070 crash=2 timeout=0 skip=1357  |  inflight=63
  [25513] MISMATCH w22:354 out[0] max|delta|=2.000e+00 (rtol=0.01 atol=0.001)
  [25551] MISMATCH w22:312 out[0] max|delta|=1.754e+00 (rtol=0.01 atol=0.001)
  [25588] MISMATCH w22:368 out[0] non-finite mismatch (nan/inf positions differ)
  [25599] MISMATCH w22:442 out[0] non-finite mismatch (nan/inf positions differ)
  [25607] MISMATCH w22:473 out[0] max|delta|=6.918e+18 (rtol=0.0 atol=0.0)
  [25625] MISMATCH w22:390 out[0] non-finite mismatch (nan/inf positions differ)
  [25632] MISMATCH w22:448 out[0] non-finite mismatch (nan/inf positions differ)
  [25654] MISMATCH w22:457 out[0] non-finite mismatch (nan/inf positions differ)
  [25705] MISMATCH w22:585 out[0] max|delta|=1.000e+00 (rtol=0.01 atol=0.001)
  [25744] MISMATCH w22:543 out[0] max|delta|=9.431e-01 (rtol=0.01 atol=0.001)
  [t= 262s] 25749/75343 (98.3/s)  ok=23296 mism=1080 crash=2 timeout=0 skip=1371  |  inflight=63
  [25760] MISMATCH w22:599 out[0] non-finite mismatch (nan/inf positions differ)
  [25796] MISMATCH w22:704 out[0] max|delta|=6.918e+18 (rtol=0.01 atol=0.001)
  [25812] MISMATCH w22:673 out[0] non-finite mismatch (nan/inf positions differ)
  [25817] MISMATCH w22:621 out[0] non-finite mismatch (nan/inf positions differ)
  [25860] MISMATCH w22:80 out[0] max|delta|=4.000e+00 (rtol=0.0 atol=0.0)
  [25896] MISMATCH w23:108 out[0] max|delta|=5.000e+00 (rtol=0.01 atol=0.001)
  [25939] MISMATCH w22:81 out[0] max|delta|=1.580e+00 (rtol=0.01 atol=0.001)
  [25957] MISMATCH w23:184 out[0] max|delta|=4.000e+00 (rtol=0.0 atol=0.0)
  [25970] MISMATCH w23:144 out[0] non-finite mismatch (nan/inf positions differ)
  [25975] MISMATCH w23:198 out[0] non-finite mismatch (nan/inf positions differ)
  [25981] MISMATCH w23:215 out[0] non-finite mismatch (nan/inf positions differ)
  [25999] MISMATCH w23:242 out[0] max|delta|=5.765e+17 (rtol=0.0 atol=0.0)
  [26002] MISMATCH w23:196 out[0] non-finite mismatch (nan/inf positions differ)
  [26008] MISMATCH w23:227 out[0] non-finite mismatch (nan/inf positions differ)
  [t= 265s] 26049/75343 (98.3/s)  ok=23565 mism=1094 crash=2 timeout=0 skip=1388  |  inflight=63
  [26095] MISMATCH w23:339 out[0] max|delta|=1.000e+00 (rtol=0.0 atol=0.0)
  [26140] MISMATCH w23:327 out[0] max|delta|=1.025e-02 (rtol=0.01 atol=0.001)
  [26170] MISMATCH w23:446 out[0] max|delta|=3.459e+18 (rtol=0.0 atol=0.0)
  [26175] MISMATCH w23:429 out[0] non-finite mismatch (nan/inf positions differ)
  [26192] MISMATCH w23:473 out[0] max|delta|=9.223e+18 (rtol=0.0 atol=0.0)
  [26196] MISMATCH w23:427 out[0] non-finite mismatch (nan/inf positions differ)
  [26274] MISMATCH w23:570 out[0] max|delta|=7.000e+00 (rtol=0.01 atol=0.001)
  [t= 268s] 26327/75343 (98.3/s)  ok=23820 mism=1101 crash=2 timeout=0 skip=1404  |  inflight=63
  [26331] MISMATCH w23:584 out[0] non-finite mismatch (nan/inf positions differ)
  [26338] MISMATCH w23:646 out[0] max|delta|=1.000e+00 (rtol=0.0 atol=0.0)
  [26361] MISMATCH w23:689 out[0] non-finite mismatch (nan/inf positions differ)
  [26375] MISMATCH w23:658 out[0] non-finite mismatch (nan/inf positions differ)
  [26379] MISMATCH w23:606 out[0] non-finite mismatch (nan/inf positions differ)
  [26388] MISMATCH w23:718 out[0] max|delta|=3.999e-01 (rtol=0.01 atol=0.001)
  [26450] MISMATCH w23:9 out[0] max|delta|=4.000e+00 (rtol=0.0 atol=0.0)
  [26476] MISMATCH w23:759 out[0] non-finite mismatch (nan/inf positions differ)
  [26513] MISMATCH w24:150 out[0] non-finite mismatch (nan/inf positions differ)
  [26526] MISMATCH w24:148 out[0] non-finite mismatch (nan/inf positions differ)
  [26541] MISMATCH w24:179 out[0] non-finite mismatch (nan/inf positions differ)
  [26571] MISMATCH w24:18 out[0] non-finite mismatch (nan/inf positions differ)
  [t= 271s] 26601/75343 (98.2/s)  ok=24066 mism=1113 crash=2 timeout=0 skip=1420  |  inflight=63
  [26616] MISMATCH w24:291 out[0] max|delta|=6.000e+00 (rtol=0.0 atol=0.0)
  [26672] MISMATCH w24:305 out[0] non-finite mismatch (nan/inf positions differ)
  [26706] MISMATCH w24:379 out[0] non-finite mismatch (nan/inf positions differ)
  [26715] MISMATCH w24:410 out[0] non-finite mismatch (nan/inf positions differ)
  [26730] MISMATCH w24:425 out[0] max|delta|=2.147e+09 (rtol=0.0 atol=0.0)
  [26738] MISMATCH w24:327 out[0] max|delta|=1.373e+00 (rtol=0.01 atol=0.001)
  [26815] MISMATCH w24:522 out[0] max|delta|=2.000e+00 (rtol=0.01 atol=0.001)
  [26857] MISMATCH w24:480 out[0] max|delta|=1.440e+00 (rtol=0.01 atol=0.001)
  [26871] MISMATCH w24:536 out[0] non-finite mismatch (nan/inf positions differ)
  [26880] MISMATCH w24:598 out[0] max|delta|=6.750e-01 (rtol=0.01 atol=0.001)
  [26881] MISMATCH w24:60 out[0] max|delta|=1.000e+00 (rtol=0.0 atol=0.0)
  [t= 274s] 26899/75343 (98.2/s)  ok=24336 mism=1124 crash=2 timeout=0 skip=1437  |  inflight=63
  [26900] MISMATCH w24:612 out[0] non-finite mismatch (nan/inf positions differ)
  [26917] MISMATCH w24:656 out[0] max|delta|=9.223e+18 (rtol=0.0 atol=0.0)
  [26930] MISMATCH w24:610 out[0] non-finite mismatch (nan/inf positions differ)
  [26936] MISMATCH w24:558 out[0] non-finite mismatch (nan/inf positions differ)
  [27003] MISMATCH w24:753 out[0] max|delta|=4.000e+00 (rtol=0.01 atol=0.001)
  [27025] MISMATCH w24:74 out[0] non-finite mismatch (nan/inf positions differ)
  [27041] MISMATCH w24:711 out[0] max|delta|=1.754e+00 (rtol=0.01 atol=0.001)
  [27054] MISMATCH w25:121 out[0] max|delta|=2.147e+09 (rtol=0.0 atol=0.0)
  [27056] MISMATCH w24:767 out[0] non-finite mismatch (nan/inf positions differ)
  [27063] MISMATCH w25:133 out[0] max|delta|=6.918e+18 (rtol=0.01 atol=0.001)
  [27076] MISMATCH w25:146 out[0] max|delta|=7.000e+00 (rtol=0.0 atol=0.0)
  [27077] MISMATCH w25:148 out[0] max|delta|=7.206e+16 (rtol=0.0 atol=0.0)
  [27082] MISMATCH w25:14 out[0] max|delta|=2.000e+00 (rtol=0.01 atol=0.001)
  [27086] MISMATCH w25:102 out[0] non-finite mismatch (nan/inf positions differ)
  [27096] MISMATCH w25:154 out[0] non-finite mismatch (nan/inf positions differ)
  [27101] MISMATCH w25:108 out[0] non-finite mismatch (nan/inf positions differ)
  [27116] MISMATCH w25:173 out[0] non-finite mismatch (nan/inf positions differ)
  [27169] MISMATCH w25:245 out[0] max|delta|=1.000e+00 (rtol=0.0 atol=0.0)
  [t= 277s] 27205/75343 (98.2/s)  ok=24616 mism=1142 crash=2 timeout=0 skip=1445  |  inflight=63
  [27222] MISMATCH w25:259 out[0] non-finite mismatch (nan/inf positions differ)
  [27261] MISMATCH w25:364 out[0] max|delta|=9.223e+18 (rtol=0.0 atol=0.0)
  [27267] MISMATCH w25:333 out[0] non-finite mismatch (nan/inf positions differ)
  [27268] MISMATCH w25:281 out[0] max|delta|=1.440e+00 (rtol=0.01 atol=0.001)
  [27269] MISMATCH w25:367 out[0] non-finite mismatch (nan/inf positions differ)
  [27275] MISMATCH w25:379 out[0] max|delta|=5.765e+17 (rtol=0.0 atol=0.0)
  [27280] MISMATCH w25:339 out[0] non-finite mismatch (nan/inf positions differ)
  [27317] MISMATCH w25:376 out[0] non-finite mismatch (nan/inf positions differ)
  [27367] MISMATCH w25:476 out[0] max|delta|=6.000e+00 (rtol=0.01 atol=0.001)
  [27385] MISMATCH w25:468 out[0] max|delta|=3.277e+04 (rtol=0.0 atol=0.0)
  [27397] MISMATCH w25:434 out[0] non-finite mismatch (nan/inf positions differ)
  [27419] MISMATCH w25:490 out[0] non-finite mismatch (nan/inf positions differ)
  [27437] MISMATCH w25:552 out[0] max|delta|=2.225e+00 (rtol=0.01 atol=0.001)
  [27451] MISMATCH w25:50 out[0] non-finite mismatch (nan/inf positions differ)
  [27455] MISMATCH w25:566 out[0] non-finite mismatch (nan/inf positions differ)
  [27463] MISMATCH w25:595 out[0] non-finite mismatch (nan/inf positions differ)
  [t= 280s] 27465/75343 (98.1/s)  ok=24847 mism=1158 crash=2 timeout=0 skip=1458  |  inflight=63
  [27478] MISMATCH w25:610 out[0] max|delta|=6.711e+07 (rtol=0.0 atol=0.0)
  [27480] MISMATCH w25:564 out[0] non-finite mismatch (nan/inf positions differ)
  [27488] MISMATCH w25:624 out[0] max|delta|=3.999e-01 (rtol=0.01 atol=0.001)
  [27559] MISMATCH w25:707 out[0] max|delta|=6.000e+00 (rtol=0.01 atol=0.001)
  [27627] MISMATCH w25:721 out[0] non-finite mismatch (nan/inf positions differ)
  [27673] MISMATCH w26:145 out[0] non-finite mismatch (nan/inf positions differ)
  [27689] MISMATCH w26:114 out[0] non-finite mismatch (nan/inf positions differ)
  [27715] MISMATCH w26:120 out[0] non-finite mismatch (nan/inf positions differ)
  [27725] MISMATCH w26:157 out[0] non-finite mismatch (nan/inf positions differ)
  [t= 283s] 27743/75343 (98.0/s)  ok=25098 mism=1167 crash=2 timeout=0 skip=1476  |  inflight=63
  [27768] MISMATCH w26:257 out[0] max|delta|=8.000e+00 (rtol=0.01 atol=0.001)
  [27774] MISMATCH w26:26 out[0] max|delta|=6.000e+00 (rtol=0.01 atol=0.001)
  [27807] MISMATCH w26:215 out[0] max|delta|=7.295e-01 (rtol=0.01 atol=0.001)
  [27832] MISMATCH w26:271 out[0] non-finite mismatch (nan/inf positions differ)
  [27871] MISMATCH w26:376 out[0] max|delta|=9.223e+18 (rtol=0.01 atol=0.001)
  [27889] MISMATCH w26:345 out[0] non-finite mismatch (nan/inf positions differ)
  [27893] MISMATCH w26:351 out[0] non-finite mismatch (nan/inf positions differ)
  [27942] MISMATCH w26:40 out[0] non-finite mismatch (nan/inf positions differ)
  [27975] MISMATCH w26:488 out[0] max|delta|=6.000e+00 (rtol=0.01 atol=0.001)
  [28006] MISMATCH w26:446 out[0] max|delta|=4.346e-01 (rtol=0.01 atol=0.001)
  [t= 286s] 28029/75343 (98.0/s)  ok=25357 mism=1177 crash=2 timeout=0 skip=1493  |  inflight=63
  [28061] MISMATCH w26:595 out[0] max|delta|=9.223e+18 (rtol=0.0 atol=0.0)
  [28071] MISMATCH w26:607 out[0] max|delta|=6.918e+18 (rtol=0.0 atol=0.0)
  [28077] MISMATCH w26:524 out[0] non-finite mismatch (nan/inf positions differ)
  [28091] MISMATCH w26:576 out[0] non-finite mismatch (nan/inf positions differ)
  [28131] MISMATCH w26:62 out[0] non-finite mismatch (nan/inf positions differ)
  [28182] MISMATCH w26:719 out[0] max|delta|=7.000e+00 (rtol=0.01 atol=0.001)
  [28207] MISMATCH w26:677 out[0] max|delta|=1.506e+00 (rtol=0.01 atol=0.001)
  [28231] MISMATCH w26:733 out[0] non-finite mismatch (nan/inf positions differ)
  [28297] MISMATCH w27:176 out[0] max|delta|=6.918e+18 (rtol=0.0 atol=0.0)
  [t= 289s] 28303/75343 (97.9/s)  ok=25600 mism=1186 crash=2 timeout=0 skip=1515  |  inflight=63
  [28304] MISMATCH w27:145 out[0] non-finite mismatch (nan/inf positions differ)
  [28312] MISMATCH w27:191 out[0] max|delta|=2.882e+17 (rtol=0.0 atol=0.0)
  [28315] MISMATCH w27:151 out[0] non-finite mismatch (nan/inf positions differ)
  [28325] MISMATCH w27:205 out[0] max|delta|=3.999e-01 (rtol=0.01 atol=0.001)
  [28329] MISMATCH w27:197 out[0] non-finite mismatch (nan/inf positions differ)
  [28333] MISMATCH w27:160 out[0] non-finite mismatch (nan/inf positions differ)
  [28346] MISMATCH w27:15 out[0] non-finite mismatch (nan/inf positions differ)
  [28360] MISMATCH w27:245 out[0] max|delta|=4.000e+00 (rtol=0.0 atol=0.0)
  [28397] MISMATCH w27:288 out[0] max|delta|=1.000e+00 (rtol=0.0 atol=0.0)
  [28459] MISMATCH w27:302 out[0] non-finite mismatch (nan/inf positions differ)
  [28494] MISMATCH w27:324 out[0] non-finite mismatch (nan/inf positions differ)
  [28506] MISMATCH w27:376 out[0] non-finite mismatch (nan/inf positions differ)
  [28509] MISMATCH w27:422 out[0] max|delta|=5.765e+17 (rtol=0.0 atol=0.0)
  [28518] MISMATCH w27:382 out[0] non-finite mismatch (nan/inf positions differ)
  [28536] MISMATCH w27:430 out[0] non-finite mismatch (nan/inf positions differ)
  [28538] MISMATCH w27:447 out[0] non-finite mismatch (nan/inf positions differ)
  [t= 292s] 28586/75343 (97.9/s)  ok=25852 mism=1202 crash=2 timeout=0 skip=1530  |  inflight=63
  [28593] MISMATCH w27:519 out[0] max|delta|=6.000e+00 (rtol=0.01 atol=0.001)
  [28652] MISMATCH w27:57 out[0] max|delta|=3.000e+00 (rtol=0.01 atol=0.001)
  [28662] MISMATCH w27:533 out[0] non-finite mismatch (nan/inf positions differ)
  [28678] MISMATCH w27:626 out[0] max|delta|=1.153e+18 (rtol=0.01 atol=0.001)
  [28679] MISMATCH w27:609 out[0] non-finite mismatch (nan/inf positions differ)
  [28694] MISMATCH w27:607 out[0] non-finite mismatch (nan/inf positions differ)
  [28703] MISMATCH w27:638 out[0] max|delta|=1.611e+09 (rtol=0.0 atol=0.0)
  [28706] MISMATCH w27:555 out[0] non-finite mismatch (nan/inf positions differ)
  [28716] MISMATCH w27:667 out[0] non-finite mismatch (nan/inf positions differ)
  [28747] MISMATCH w27:678 out[0] non-finite mismatch (nan/inf positions differ)
  [28792] MISMATCH w27:750 out[0] max|delta|=3.000e+00 (rtol=0.01 atol=0.001)
  [28831] MISMATCH w27:708 out[0] non-finite mismatch (nan/inf positions differ)
  [28848] MISMATCH w27:764 out[0] non-finite mismatch (nan/inf positions differ)
  [28869] MISMATCH w28:114 out[0] non-finite mismatch (nan/inf positions differ)
  [28870] MISMATCH w28:148 out[0] non-finite mismatch (nan/inf positions differ)
  [t= 295s] 28886/75343 (97.9/s)  ok=26124 mism=1217 crash=2 timeout=0 skip=1543  |  inflight=63
  [28887] MISMATCH w28:145 out[0] max|delta|=2.147e+09 (rtol=0.0 atol=0.0)
  [28896] MISMATCH w28:166 out[0] non-finite mismatch (nan/inf positions differ)
  [28926] MISMATCH w28:214 out[0] max|delta|=4.000e+00 (rtol=0.0 atol=0.0)
  [28965] MISMATCH w28:257 out[0] max|delta|=1.000e+00 (rtol=0.01 atol=0.001)
  [28969] MISMATCH w28:26 out[0] max|delta|=8.000e+00 (rtol=0.0 atol=0.0)
  [29009] MISMATCH w28:215 out[0] non-finite mismatch (nan/inf positions differ)
  [29027] MISMATCH w28:271 out[0] non-finite mismatch (nan/inf positions differ)
  [29060] MISMATCH w28:376 out[0] non-finite mismatch (nan/inf positions differ)
  [29074] MISMATCH w28:345 out[0] non-finite mismatch (nan/inf positions differ)
  [29130] MISMATCH w28:40 out[0] non-finite mismatch (nan/inf positions differ)
  [29160] MISMATCH w28:488 out[0] max|delta|=5.000e+00 (rtol=0.01 atol=0.001)
  [29180] MISMATCH w28:503 out[0] non-finite mismatch (nan/inf positions differ)
  [t= 298s] 29182/75343 (97.9/s)  ok=26397 mism=1229 crash=2 timeout=0 skip=1554  |  inflight=63
  [29188] MISMATCH w28:446 out[0] non-finite mismatch (nan/inf positions differ)
  [29209] MISMATCH w28:502 out[0] non-finite mismatch (nan/inf positions differ)
  [29252] MISMATCH w28:576 out[0] non-finite mismatch (nan/inf positions differ)
  [29263] MISMATCH w28:591 out[0] non-finite mismatch (nan/inf positions differ)
  [29267] MISMATCH w28:607 out[0] non-finite mismatch (nan/inf positions differ)
  [29269] MISMATCH w28:620 out[0] non-finite mismatch (nan/inf positions differ)
  [29353] MISMATCH w28:719 out[0] max|delta|=6.000e+00 (rtol=0.0 atol=0.0)
  [29415] MISMATCH w28:733 out[0] non-finite mismatch (nan/inf positions differ)
  [29416] MISMATCH w29:107 out[0] max|delta|=2.306e+18 (rtol=0.01 atol=0.001)
  [29421] MISMATCH w29:0 out[0] max|delta|=8.000e+00 (rtol=0.01 atol=0.001)
  [29428] MISMATCH w29:119 out[0] max|delta|=6.918e+18 (rtol=0.0 atol=0.0)
  [t= 301s] 29470/75343 (97.9/s)  ok=26657 mism=1240 crash=2 timeout=0 skip=1571  |  inflight=63
  [29500] MISMATCH w29:14 out[0] non-finite mismatch (nan/inf positions differ)
  [29595] MISMATCH w29:245 out[0] non-finite mismatch (nan/inf positions differ)
  [29625] MISMATCH w29:353 out[0] non-finite mismatch (nan/inf positions differ)
  [29629] MISMATCH w29:319 out[0] non-finite mismatch (nan/inf positions differ)
  [29641] MISMATCH w29:325 out[0] non-finite mismatch (nan/inf positions differ)
  [29706] MISMATCH w29:36 out[0] non-finite mismatch (nan/inf positions differ)
  [29724] MISMATCH w29:462 out[0] max|delta|=4.000e+00 (rtol=0.01 atol=0.001)
  [t= 304s] 29750/75343 (97.8/s)  ok=26916 mism=1247 crash=2 timeout=0 skip=1585  |  inflight=63
  [29753] MISMATCH w29:420 out[0] max|delta|=2.547e+00 (rtol=0.01 atol=0.001)
  [29776] MISMATCH w29:476 out[0] non-finite mismatch (nan/inf positions differ)
  [29806] MISMATCH w29:569 out[0] max|delta|=8.647e+17 (rtol=0.0 atol=0.0)
  [29808] MISMATCH w29:552 out[0] non-finite mismatch (nan/inf positions differ)
  [29813] MISMATCH w29:581 out[0] max|delta|=6.918e+18 (rtol=0.01 atol=0.001)
  [29824] MISMATCH w29:596 out[0] max|delta|=2.882e+17 (rtol=0.0 atol=0.0)
  [29830] MISMATCH w29:550 out[0] non-finite mismatch (nan/inf positions differ)
  [29845] MISMATCH w29:556 out[0] non-finite mismatch (nan/inf positions differ)
  [29912] MISMATCH w29:693 out[0] max|delta|=3.000e+00 (rtol=0.01 atol=0.001)
  [29970] MISMATCH w29:707 out[0] non-finite mismatch (nan/inf positions differ)
  [29976] MISMATCH w29:769 out[0] max|delta|=6.750e-01 (rtol=0.01 atol=0.001)
  [30016] MISMATCH w3:100 out[0] max|delta|=2.000e+00 (rtol=0.01 atol=0.001)
  [30018] MISMATCH w29:781 out[0] non-finite mismatch (nan/inf positions differ)
  [30021] MISMATCH w29:729 out[0] max|delta|=7.295e-01 (rtol=0.01 atol=0.001)
  [30033] MISMATCH w29:88 out[0] non-finite mismatch (nan/inf positions differ)
  [30055] MISMATCH w29:94 out[0] non-finite mismatch (nan/inf positions differ)
  [t= 307s] 30066/75343 (97.9/s)  ok=27194 mism=1263 crash=2 timeout=0 skip=1607  |  inflight=63
  [30079] MISMATCH w3:114 out[0] non-finite mismatch (nan/inf positions differ)
  [30080] MISMATCH w3:176 out[0] max|delta|=4.000e+00 (rtol=0.0 atol=0.0)
  [30095] MISMATCH w3:167 out[0] max|delta|=4.000e+00 (rtol=0.0 atol=0.0)
  [30103] MISMATCH w3:222 out[0] non-finite mismatch (nan/inf positions differ)
  [30106] MISMATCH w3:188 out[0] non-finite mismatch (nan/inf positions differ)
  [30109] MISMATCH w3:234 out[0] max|delta|=9.223e+18 (rtol=0.0 atol=0.0)
  [30115] MISMATCH w3:219 out[0] max|delta|=2.147e+09 (rtol=0.0 atol=0.0)
  [30135] MISMATCH w3:203 out[0] non-finite mismatch (nan/inf positions differ)
  [30167] MISMATCH w3:3 out[0] max|delta|=4.612e+18 (rtol=0.0 atol=0.0)
  [30210] MISMATCH w3:323 out[0] max|delta|=9.223e+18 (rtol=0.0 atol=0.0)
  [30223] MISMATCH w3:289 out[0] non-finite mismatch (nan/inf positions differ)
  [30291] MISMATCH w3:450 out[0] max|delta|=9.223e+18 (rtol=0.0 atol=0.0)
  [30298] MISMATCH w3:465 out[0] max|delta|=4.323e+17 (rtol=0.0 atol=0.0)
  [30305] MISMATCH w3:419 out[0] non-finite mismatch (nan/inf positions differ)
  [30306] MISMATCH w3:367 out[0] non-finite mismatch (nan/inf positions differ)
  [30314] MISMATCH w3:425 out[0] non-finite mismatch (nan/inf positions differ)
  [30345] MISMATCH w3:519 out[0] max|delta|=4.000e+00 (rtol=0.0 atol=0.0)
  [t= 310s] 30356/75343 (97.9/s)  ok=27451 mism=1280 crash=2 timeout=0 skip=1623  |  inflight=63
  [30444] MISMATCH w3:520 out[0] non-finite mismatch (nan/inf positions differ)
  [30451] MISMATCH w3:576 out[0] non-finite mismatch (nan/inf positions differ)
  [30461] MISMATCH w3:638 out[0] max|delta|=6.748e-01 (rtol=0.01 atol=0.001)
  [30470] MISMATCH w3:669 out[0] max|delta|=1.074e+09 (rtol=0.0 atol=0.0)
  [30493] MISMATCH w3:650 out[0] non-finite mismatch (nan/inf positions differ)
  [30521] MISMATCH w3:665 out[0] non-finite mismatch (nan/inf positions differ)
  [30539] MISMATCH w3:750 out[0] max|delta|=4.000e+00 (rtol=0.0 atol=0.0)
  [30616] MISMATCH w30:108 out[0] non-finite mismatch (nan/inf positions differ)
  [30622] MISMATCH w30:143 out[0] max|delta|=1.270e+02 (rtol=0.0 atol=0.0)
  [30623] MISMATCH w30:154 out[0] max|delta|=9.223e+18 (rtol=0.0 atol=0.0)
  [30640] MISMATCH w30:114 out[0] non-finite mismatch (nan/inf positions differ)
  [30675] MISMATCH w30:20 out[0] max|delta|=1.000e+00 (rtol=0.01 atol=0.001)
  [t= 313s] 30684/75343 (98.0/s)  ok=27746 mism=1292 crash=2 timeout=0 skip=1644  |  inflight=63
  [30719] MISMATCH w30:251 out[0] max|delta|=3.000e+00 (rtol=0.01 atol=0.001)
  [30759] MISMATCH w30:209 out[0] max|delta|=1.578e+00 (rtol=0.01 atol=0.001)
  [30767] MISMATCH w30:265 out[0] non-finite mismatch (nan/inf positions differ)
  [30796] MISMATCH w30:318 out[0] max|delta|=5.000e+00 (rtol=0.0 atol=0.0)
  [30798] MISMATCH w30:358 out[0] max|delta|=5.033e+07 (rtol=0.0 atol=0.0)
  [30820] MISMATCH w30:287 out[0] max|delta|=1.370e+00 (rtol=0.01 atol=0.001)
  [30824] MISMATCH w30:35 out[0] max|delta|=7.812e-03 (rtol=0.01 atol=0.001)
  [30826] MISMATCH w30:339 out[0] non-finite mismatch (nan/inf positions differ)
  [30839] MISMATCH w30:391 out[0] non-finite mismatch (nan/inf positions differ)
  [30869] MISMATCH w30:439 out[0] max|delta|=4.000e+00 (rtol=0.01 atol=0.001)
  [30915] MISMATCH w30:482 out[0] max|delta|=8.000e+00 (rtol=0.01 atol=0.001)
  [30952] MISMATCH w30:440 out[0] non-finite mismatch (nan/inf positions differ)
  [30971] MISMATCH w30:496 out[0] non-finite mismatch (nan/inf positions differ)
  [t= 316s] 30981/75343 (98.0/s)  ok=28012 mism=1305 crash=2 timeout=0 skip=1662  |  inflight=63
  [30990] MISMATCH w30:572 out[0] non-finite mismatch (nan/inf positions differ)
  [31005] MISMATCH w30:601 out[0] non-finite mismatch (nan/inf positions differ)
  [31008] MISMATCH w30:570 out[0] non-finite mismatch (nan/inf positions differ)
  [31021] MISMATCH w30:616 out[0] max|delta|=9.223e+18 (rtol=0.0 atol=0.0)
  [31032] MISMATCH w30:56 out[0] max|delta|=1.940e+00 (rtol=0.01 atol=0.001)
  [31134] MISMATCH w30:671 out[0] non-finite mismatch (nan/inf positions differ)
  [31153] MISMATCH w30:727 out[0] non-finite mismatch (nan/inf positions differ)
  [31208] MISMATCH w30:749 out[0] non-finite mismatch (nan/inf positions differ)
  [31238] MISMATCH w31:177 out[0] max|delta|=2.882e+17 (rtol=0.01 atol=0.001)
  [31239] MISMATCH w31:158 out[0] non-finite mismatch (nan/inf positions differ)
  [31249] MISMATCH w31:160 out[0] non-finite mismatch (nan/inf positions differ)
  [t= 319s] 31252/75343 (97.9/s)  ok=28250 mism=1316 crash=2 timeout=0 skip=1684  |  inflight=63
  [31259] MISMATCH w31:106 out[0] non-finite mismatch (nan/inf positions differ)
  [31276] MISMATCH w31:210 out[0] non-finite mismatch (nan/inf positions differ)
  [31278] MISMATCH w31:164 out[0] non-finite mismatch (nan/inf positions differ)
  [31355] MISMATCH w31:301 out[0] max|delta|=3.000e+00 (rtol=0.01 atol=0.001)
  [31400] MISMATCH w31:28 out[0] non-finite mismatch (nan/inf positions differ)
  [31408] MISMATCH w31:315 out[0] non-finite mismatch (nan/inf positions differ)
  [31429] MISMATCH w31:408 out[0] non-finite mismatch (nan/inf positions differ)
  [31441] MISMATCH w31:423 out[0] non-finite mismatch (nan/inf positions differ)
  [31452] MISMATCH w31:389 out[0] non-finite mismatch (nan/inf positions differ)
  [31458] MISMATCH w31:337 out[0] non-finite mismatch (nan/inf positions differ)
  [31467] MISMATCH w31:441 out[0] non-finite mismatch (nan/inf positions differ)
  [31483] MISMATCH w31:404 out[0] non-finite mismatch (nan/inf positions differ)
  [31541] MISMATCH w31:532 out[0] max|delta|=6.000e+00 (rtol=0.0 atol=0.0)
  [t= 322s] 31550/75343 (97.9/s)  ok=28521 mism=1329 crash=2 timeout=0 skip=1698  |  inflight=63
  [31580] MISMATCH w31:490 out[0] non-finite mismatch (nan/inf positions differ)
  [31598] MISMATCH w31:546 out[0] non-finite mismatch (nan/inf positions differ)
  [31606] MISMATCH w31:608 out[0] max|delta|=4.000e+00 (rtol=0.0 atol=0.0)
  [31638] MISMATCH w31:620 out[0] non-finite mismatch (nan/inf positions differ)
  [31639] MISMATCH w31:568 out[0] non-finite mismatch (nan/inf positions differ)
  [31648] MISMATCH w31:651 out[0] max|delta|=2.147e+09 (rtol=0.0 atol=0.0)
  [31660] MISMATCH w31:605 out[0] max|delta|=1.025e-02 (rtol=0.01 atol=0.001)
  [31670] MISMATCH w31:635 out[0] non-finite mismatch (nan/inf positions differ)
  [31677] MISMATCH w31:691 out[0] non-finite mismatch (nan/inf positions differ)
  [31682] MISMATCH w31:70 out[0] max|delta|=8.000e+00 (rtol=0.01 atol=0.001)
  [31759] MISMATCH w31:85 out[0] non-finite mismatch (nan/inf positions differ)
  [31770] MISMATCH w31:721 out[0] non-finite mismatch (nan/inf positions differ)
  [31790] MISMATCH w31:777 out[0] non-finite mismatch (nan/inf positions differ)
  [31806] MISMATCH w31:84 out[0] non-finite mismatch (nan/inf positions differ)
  [31814] MISMATCH w32:155 out[0] max|delta|=1.441e+17 (rtol=0.01 atol=0.001)
  [31816] MISMATCH w32:136 out[0] non-finite mismatch (nan/inf positions differ)
  [31833] MISMATCH w32:180 out[0] max|delta|=5.000e+00 (rtol=0.0 atol=0.0)
  [t= 325s] 31847/75343 (98.0/s)  ok=28783 mism=1346 crash=2 timeout=0 skip=1716  |  inflight=63
  [31856] MISMATCH w32:167 out[0] non-finite mismatch (nan/inf positions differ)
  [31926] MISMATCH w32:279 out[0] max|delta|=1.000e+00 (rtol=0.0 atol=0.0)
  [31954] MISMATCH w32:237 out[0] non-finite mismatch (nan/inf positions differ)
  [32007] MISMATCH w32:369 out[0] non-finite mismatch (nan/inf positions differ)
  [32016] MISMATCH w32:398 out[0] non-finite mismatch (nan/inf positions differ)
  [32018] MISMATCH w32:315 out[0] max|delta|=5.904e-01 (rtol=0.01 atol=0.001)
  [32023] MISMATCH w32:367 out[0] non-finite mismatch (nan/inf positions differ)
  [32028] MISMATCH w32:411 out[0] max|delta|=5.000e+00 (rtol=0.0 atol=0.0)
  [32030] MISMATCH w32:413 out[0] max|delta|=8.647e+17 (rtol=0.0 atol=0.0)
  [32045] MISMATCH w32:40 out[0] max|delta|=2.147e+09 (rtol=0.0 atol=0.0)
  [32094] MISMATCH w32:48 out[0] max|delta|=8.000e+00 (rtol=0.01 atol=0.001)
  [t= 328s] 32110/75343 (97.9/s)  ok=29025 mism=1357 crash=2 timeout=0 skip=1726  |  inflight=63
  [32124] MISMATCH w32:510 out[0] max|delta|=3.000e+00 (rtol=0.01 atol=0.001)
  [32152] CRASH    w32:459 vgf_runner rc=134: /data/jwen929/mobile/vgf_client/vgf_runner.sh: line 79: 74802
  [32208] MISMATCH w32:617 out[0] max|delta|=5.765e+17 (rtol=0.01 atol=0.001)
  [32216] MISMATCH w32:629 out[0] max|delta|=9.223e+18 (rtol=0.01 atol=0.001)
  [32221] MISMATCH w32:598 out[0] non-finite mismatch (nan/inf positions differ)
  [32230] MISMATCH w32:546 out[0] non-finite mismatch (nan/inf positions differ)
  [32242] MISMATCH w32:604 out[0] non-finite mismatch (nan/inf positions differ)
  [32255] MISMATCH w32:62 out[0] non-finite mismatch (nan/inf positions differ)
  [32273] MISMATCH w32:698 out[0] max|delta|=4.000e+00 (rtol=0.0 atol=0.0)
  [32315] MISMATCH w32:741 out[0] max|delta|=2.000e+00 (rtol=0.01 atol=0.001)
  [32324] MISMATCH w32:76 out[0] max|delta|=4.000e+00 (rtol=0.0 atol=0.0)
  [32353] MISMATCH w32:699 out[0] max|delta|=9.023e-01 (rtol=0.01 atol=0.001)
  [32367] MISMATCH w32:755 out[0] non-finite mismatch (nan/inf positions differ)
  [32398] MISMATCH w33:138 out[0] max|delta|=9.223e+18 (rtol=0.0 atol=0.0)
  [t= 331s] 32408/75343 (97.9/s)  ok=29291 mism=1370 crash=3 timeout=0 skip=1744  |  inflight=63
  [32411] MISMATCH w33:150 out[0] non-finite mismatch (nan/inf positions differ)
  [32415] MISMATCH w32:777 out[0] non-finite mismatch (nan/inf positions differ)
  [32422] MISMATCH w33:119 out[0] non-finite mismatch (nan/inf positions differ)
  [32430] MISMATCH w32:84 out[0] max|delta|=1.794e+00 (rtol=0.01 atol=0.001)
  [32436] MISMATCH w33:163 out[0] non-finite mismatch (nan/inf positions differ)
  [32440] MISMATCH w33:171 out[0] non-finite mismatch (nan/inf positions differ)
  [32516] MISMATCH w33:262 out[0] max|delta|=6.000e+00 (rtol=0.01 atol=0.001)
  [32552] MISMATCH w33:220 out[0] non-finite mismatch (nan/inf positions differ)
  [32557] MISMATCH w33:31 out[0] max|delta|=2.000e+00 (rtol=0.0 atol=0.0)
  [32569] MISMATCH w33:276 out[0] non-finite mismatch (nan/inf positions differ)
  [32585] MISMATCH w33:338 out[0] max|delta|=1.164e+00 (rtol=0.01 atol=0.001)
  [32593] MISMATCH w33:369 out[0] max|delta|=1.441e+17 (rtol=0.01 atol=0.001)
  [32594] MISMATCH w33:352 out[0] non-finite mismatch (nan/inf positions differ)
  [32606] MISMATCH w33:381 out[0] non-finite mismatch (nan/inf positions differ)
  [32616] MISMATCH w33:350 out[0] non-finite mismatch (nan/inf positions differ)
  [32620] MISMATCH w33:396 out[0] max|delta|=2.306e+18 (rtol=0.0 atol=0.0)
  [32664] MISMATCH w33:450 out[0] max|delta|=4.000e+00 (rtol=0.0 atol=0.0)
  [32703] MISMATCH w33:45 out[0] non-finite mismatch (nan/inf positions differ)
  [t= 334s] 32712/75343 (97.9/s)  ok=29563 mism=1388 crash=3 timeout=0 skip=1758  |  inflight=63
  [32713] MISMATCH w33:493 out[0] max|delta|=6.000e+00 (rtol=0.0 atol=0.0)
  [32740] MISMATCH w33:451 out[0] non-finite mismatch (nan/inf positions differ)
  [32783] MISMATCH w33:569 out[0] max|delta|=1.000e+00 (rtol=0.0 atol=0.0)
  [32817] MISMATCH w33:581 out[0] non-finite mismatch (nan/inf positions differ)
  [32840] MISMATCH w33:633 out[0] non-finite mismatch (nan/inf positions differ)
  [32887] MISMATCH w33:67 out[0] non-finite mismatch (nan/inf positions differ)
  [32908] MISMATCH w33:724 out[0] max|delta|=3.000e+00 (rtol=0.01 atol=0.001)
  [32925] MISMATCH w33:682 out[0] non-finite mismatch (nan/inf positions differ)
  [32957] MISMATCH w33:738 out[0] non-finite mismatch (nan/inf positions differ)
  [32980] MISMATCH w34:119 out[0] max|delta|=2.306e+18 (rtol=0.0 atol=0.0)
  [t= 337s] 33000/75343 (97.9/s)  ok=29827 mism=1398 crash=3 timeout=0 skip=1772  |  inflight=63
  [33069] MISMATCH w34:174 out[0] max|delta|=9.351e-01 (rtol=0.01 atol=0.001)
  [33129] MISMATCH w34:230 out[0] non-finite mismatch (nan/inf positions differ)
  [33141] MISMATCH w34:21 out[0] non-finite mismatch (nan/inf positions differ)
  [33165] MISMATCH w34:335 out[0] max|delta|=9.223e+18 (rtol=0.01 atol=0.001)
  [33172] MISMATCH w34:304 out[0] non-finite mismatch (nan/inf positions differ)
  [t= 340s] 33256/75343 (97.8/s)  ok=30067 mism=1403 crash=3 timeout=0 skip=1783  |  inflight=63
  [33274] MISMATCH w34:447 out[0] max|delta|=6.000e+00 (rtol=0.01 atol=0.001)
  [33335] MISMATCH w34:461 out[0] non-finite mismatch (nan/inf positions differ)
  [33351] MISMATCH w34:554 out[0] max|delta|=1.729e+18 (rtol=0.0 atol=0.0)
  [33360] MISMATCH w34:566 out[0] max|delta|=6.918e+18 (rtol=0.01 atol=0.001)
  [33373] MISMATCH w34:535 out[0] non-finite mismatch (nan/inf positions differ)
  [33382] MISMATCH w34:483 out[0] non-finite mismatch (nan/inf positions differ)
  [33400] MISMATCH w34:550 out[0] max|delta|=1.000e+00 (rtol=0.01 atol=0.001)
  [33467] MISMATCH w34:678 out[0] max|delta|=6.000e+00 (rtol=0.0 atol=0.0)
  [33514] MISMATCH w34:692 out[0] non-finite mismatch (nan/inf positions differ)
  [33544] MISMATCH w34:73 out[0] non-finite mismatch (nan/inf positions differ)
  [t= 343s] 33558/75343 (97.8/s)  ok=30336 mism=1413 crash=3 timeout=0 skip=1806  |  inflight=63
  [33573] MISMATCH w34:766 out[0] non-finite mismatch (nan/inf positions differ)
  [33581] MISMATCH w34:714 out[0] non-finite mismatch (nan/inf positions differ)
  [33599] MISMATCH w34:781 out[0] max|delta|=1.000e+00 (rtol=0.01 atol=0.001)
  [33612] MISMATCH w35:13 out[0] non-finite mismatch (nan/inf positions differ)
  [33613] MISMATCH w35:156 out[0] max|delta|=5.000e+00 (rtol=0.01 atol=0.001)
  [33642] MISMATCH w35:114 out[0] non-finite mismatch (nan/inf positions differ)
  [33673] MISMATCH w35:170 out[0] non-finite mismatch (nan/inf positions differ)
  [33708] MISMATCH w35:275 out[0] max|delta|=9.223e+18 (rtol=0.01 atol=0.001)
  [33720] MISMATCH w35:192 out[0] non-finite mismatch (nan/inf positions differ)
  [33722] MISMATCH w35:244 out[0] non-finite mismatch (nan/inf positions differ)
  [33731] MISMATCH w35:296 out[0] non-finite mismatch (nan/inf positions differ)
  [33750] MISMATCH w35:259 out[0] non-finite mismatch (nan/inf positions differ)
  [33753] MISMATCH w35:315 out[0] non-finite mismatch (nan/inf positions differ)
  [33767] MISMATCH w35:344 out[0] max|delta|=4.000e+00 (rtol=0.0 atol=0.0)
  [33805] MISMATCH w35:387 out[0] max|delta|=8.000e+00 (rtol=0.01 atol=0.001)
  [t= 346s] 33833/75343 (97.7/s)  ok=30583 mism=1428 crash=3 timeout=0 skip=1819  |  inflight=63
  [33856] MISMATCH w35:401 out[0] non-finite mismatch (nan/inf positions differ)
  [33878] MISMATCH w35:44 out[0] non-finite mismatch (nan/inf positions differ)
  [33895] MISMATCH w35:494 out[0] max|delta|=1.441e+17 (rtol=0.01 atol=0.001)
  [33904] MISMATCH w35:506 out[0] max|delta|=6.918e+18 (rtol=0.01 atol=0.001)
  [33908] MISMATCH w35:423 out[0] non-finite mismatch (nan/inf positions differ)
  [33925] MISMATCH w35:481 out[0] non-finite mismatch (nan/inf positions differ)
  [33928] MISMATCH w35:490 out[0] non-finite mismatch (nan/inf positions differ)
  [33929] MISMATCH w35:527 out[0] non-finite mismatch (nan/inf positions differ)
  [34004] MISMATCH w35:618 out[0] max|delta|=4.000e+00 (rtol=0.0 atol=0.0)
  [34053] MISMATCH w35:632 out[0] non-finite mismatch (nan/inf positions differ)
  [34077] MISMATCH w35:725 out[0] max|delta|=2.306e+18 (rtol=0.01 atol=0.001)
  [34087] MISMATCH w35:737 out[0] non-finite mismatch (nan/inf positions differ)
  [34094] MISMATCH w35:706 out[0] non-finite mismatch (nan/inf positions differ)
  [34100] MISMATCH w35:752 out[0] max|delta|=7.206e+16 (rtol=0.0 atol=0.0)
  [34102] MISMATCH w35:654 out[0] max|delta|=1.389e+00 (rtol=0.01 atol=0.001)
  [34111] MISMATCH w35:721 out[0] non-finite mismatch (nan/inf positions differ)
  [t= 349s] 34117/75343 (97.7/s)  ok=30836 mism=1444 crash=3 timeout=0 skip=1834  |  inflight=63
  [34146] MISMATCH w36:104 out[0] max|delta|=4.000e+00 (rtol=0.01 atol=0.001)
  [34188] MISMATCH w36:147 out[0] max|delta|=8.000e+00 (rtol=0.01 atol=0.001)
  [34243] MISMATCH w36:105 out[0] max|delta|=2.315e+00 (rtol=0.01 atol=0.001)
  [34251] MISMATCH w36:23 out[0] max|delta|=4.612e+18 (rtol=0.01 atol=0.001)
  [34258] MISMATCH w36:161 out[0] non-finite mismatch (nan/inf positions differ)
  [34274] MISMATCH w36:237 out[0] non-finite mismatch (nan/inf positions differ)
  [34284] MISMATCH w36:266 out[0] max|delta|=6.918e+18 (rtol=0.01 atol=0.001)
  [34306] MISMATCH w36:279 out[0] non-finite mismatch (nan/inf positions differ)
  [34307] MISMATCH w36:235 out[0] non-finite mismatch (nan/inf positions differ)
  [34382] MISMATCH w36:378 out[0] max|delta|=7.000e+00 (rtol=0.01 atol=0.001)
  [34435] MISMATCH w36:4 out[0] non-finite mismatch (nan/inf positions differ)
  [34440] MISMATCH w36:392 out[0] non-finite mismatch (nan/inf positions differ)
  [t= 352s] 34446/75343 (97.8/s)  ok=31133 mism=1456 crash=3 timeout=0 skip=1854  |  inflight=63
  [34448] MISMATCH w36:454 out[0] max|delta|=1.164e+00 (rtol=0.01 atol=0.001)
  [34461] MISMATCH w36:485 out[0] max|delta|=3.459e+18 (rtol=0.0 atol=0.0)
  [34467] MISMATCH w36:468 out[0] non-finite mismatch (nan/inf positions differ)
  [34468] MISMATCH w36:497 out[0] max|delta|=9.223e+18 (rtol=0.01 atol=0.001)
  [34477] MISMATCH w36:466 out[0] non-finite mismatch (nan/inf positions differ)
  [34485] MISMATCH w36:510 out[0] max|delta|=5.000e+00 (rtol=0.0 atol=0.0)
  [34487] MISMATCH w36:512 out[0] max|delta|=1.153e+18 (rtol=0.0 atol=0.0)
  [34493] MISMATCH w36:414 out[0] non-finite mismatch (nan/inf positions differ)
  [34559] MISMATCH w36:6 out[0] non-finite mismatch (nan/inf positions differ)
  [34572] MISMATCH w36:609 out[0] max|delta|=5.000e+00 (rtol=0.01 atol=0.001)
  [34609] MISMATCH w36:567 out[0] non-finite mismatch (nan/inf positions differ)
  [34643] MISMATCH w36:676 out[0] max|delta|=4.000e+00 (rtol=0.0 atol=0.0)
  [34653] MISMATCH w36:716 out[0] max|delta|=2.013e+08 (rtol=0.0 atol=0.0)
  [34670] MISMATCH w36:697 out[0] non-finite mismatch (nan/inf positions differ)
  [t= 355s] 34745/75343 (97.8/s)  ok=31403 mism=1470 crash=3 timeout=0 skip=1869  |  inflight=63
  [34758] MISMATCH w37:116 out[0] max|delta|=5.000e+00 (rtol=0.01 atol=0.001)
  [34808] MISMATCH w37:130 out[0] non-finite mismatch (nan/inf positions differ)
  [34823] MISMATCH w37:16 out[0] non-finite mismatch (nan/inf positions differ)
  [34844] MISMATCH w37:204 out[0] non-finite mismatch (nan/inf positions differ)
  [34846] MISMATCH w37:152 out[0] max|delta|=2.076e+00 (rtol=0.01 atol=0.001)
  [34858] MISMATCH w37:250 out[0] max|delta|=2.882e+17 (rtol=0.0 atol=0.0)
  [34945] MISMATCH w37:347 out[0] max|delta|=4.000e+00 (rtol=0.01 atol=0.001)
  [34963] MISMATCH w37:305 out[0] non-finite mismatch (nan/inf positions differ)
  [34983] MISMATCH w37:4 out[0] non-finite mismatch (nan/inf positions differ)
  [34989] MISMATCH w37:361 out[0] non-finite mismatch (nan/inf positions differ)
  [t= 358s] 35027/75343 (97.8/s)  ok=31657 mism=1480 crash=3 timeout=0 skip=1887  |  inflight=63
  [35040] MISMATCH w37:383 out[0] non-finite mismatch (nan/inf positions differ)
  [35041] MISMATCH w37:435 out[0] non-finite mismatch (nan/inf positions differ)
  [35053] MISMATCH w37:441 out[0] non-finite mismatch (nan/inf positions differ)
  [35065] MISMATCH w37:495 out[0] max|delta|=3.999e-01 (rtol=0.01 atol=0.001)
  [35102] MISMATCH w37:535 out[0] max|delta|=4.000e+00 (rtol=0.0 atol=0.0)
  [35144] MISMATCH w37:578 out[0] max|delta|=8.000e+00 (rtol=0.01 atol=0.001)
  [35194] MISMATCH w37:604 out[0] max|delta|=4.000e+00 (rtol=0.0 atol=0.0)
  [35202] MISMATCH w37:592 out[0] non-finite mismatch (nan/inf positions differ)
  [35235] MISMATCH w37:700 out[0] non-finite mismatch (nan/inf positions differ)
  [35245] MISMATCH w37:666 out[0] non-finite mismatch (nan/inf positions differ)
  [35248] MISMATCH w37:712 out[0] max|delta|=1.441e+17 (rtol=0.0 atol=0.0)
  [t= 361s] 35307/75343 (97.7/s)  ok=31907 mism=1491 crash=3 timeout=0 skip=1906  |  inflight=63
  [35331] MISMATCH w38:113 out[0] max|delta|=5.765e+17 (rtol=0.0 atol=0.0)
  [35342] MISMATCH w38:111 out[0] non-finite mismatch (nan/inf positions differ)
  [35373] MISMATCH w37:767 out[0] non-finite mismatch (nan/inf positions differ)
  [35415] MISMATCH w38:210 out[0] max|delta|=1.000e+00 (rtol=0.0 atol=0.0)
  [35445] MISMATCH w38:168 out[0] non-finite mismatch (nan/inf positions differ)
  [35483] MISMATCH w38:224 out[0] non-finite mismatch (nan/inf positions differ)
  [35495] MISMATCH w38:317 out[0] non-finite mismatch (nan/inf positions differ)
  [35503] MISMATCH w38:329 out[0] max|delta|=9.223e+18 (rtol=0.01 atol=0.001)
  [35520] MISMATCH w38:298 out[0] non-finite mismatch (nan/inf positions differ)
  [35526] MISMATCH w38:304 out[0] non-finite mismatch (nan/inf positions differ)
  [35549] MISMATCH w38:313 out[0] non-finite mismatch (nan/inf positions differ)
  [35597] MISMATCH w38:441 out[0] max|delta|=5.000e+00 (rtol=0.01 atol=0.001)
  [t= 364s] 35605/75343 (97.7/s)  ok=32176 mism=1503 crash=3 timeout=0 skip=1923  |  inflight=63
  [35667] MISMATCH w38:455 out[0] non-finite mismatch (nan/inf positions differ)
  [35673] MISMATCH w38:517 out[0] max|delta|=4.000e+00 (rtol=0.0 atol=0.0)
  [35691] MISMATCH w38:548 out[0] max|delta|=2.013e+08 (rtol=0.0 atol=0.0)
  [35702] MISMATCH w38:560 out[0] max|delta|=6.918e+18 (rtol=0.01 atol=0.001)
  [35711] MISMATCH w38:477 out[0] max|delta|=1.699e+00 (rtol=0.01 atol=0.001)
  [35712] MISMATCH w38:529 out[0] non-finite mismatch (nan/inf positions differ)
  [35713] MISMATCH w38:575 out[0] max|delta|=9.223e+18 (rtol=0.0 atol=0.0)
  [35803] MISMATCH w38:67 out[0] non-finite mismatch (nan/inf positions differ)
  [35818] MISMATCH w38:69 out[0] non-finite mismatch (nan/inf positions differ)
  [35861] MISMATCH w38:686 out[0] non-finite mismatch (nan/inf positions differ)
  [35882] MISMATCH w38:779 out[0] max|delta|=1.153e+18 (rtol=0.01 atol=0.001)
  [35884] MISMATCH w38:73 out[0] non-finite mismatch (nan/inf positions differ)
  [35901] MISMATCH w38:760 out[0] non-finite mismatch (nan/inf positions differ)
  [35906] MISMATCH w38:708 out[0] non-finite mismatch (nan/inf positions differ)
  [t= 367s] 35910/75343 (97.8/s)  ok=32448 mism=1517 crash=3 timeout=0 skip=1942  |  inflight=63
  [35942] MISMATCH w38:82 out[0] max|delta|=1.000e+00 (rtol=0.01 atol=0.001)
  [35976] MISMATCH w39:189 out[0] max|delta|=3.000e+00 (rtol=0.01 atol=0.001)
  [36020] MISMATCH w39:237 out[0] non-finite mismatch (nan/inf positions differ)
  [36025] MISMATCH w39:204 out[0] max|delta|=1.562e-02 (rtol=0.01 atol=0.001)
  [36026] MISMATCH w39:147 out[0] max|delta|=5.152e-01 (rtol=0.01 atol=0.001)
  [36042] MISMATCH w39:203 out[0] non-finite mismatch (nan/inf positions differ)
  [36046] MISMATCH w39:265 out[0] max|delta|=1.164e+00 (rtol=0.01 atol=0.001)
  [36081] MISMATCH w39:225 out[0] non-finite mismatch (nan/inf positions differ)
  [36082] MISMATCH w39:277 out[0] non-finite mismatch (nan/inf positions differ)
  [36088] MISMATCH w39:323 out[0] max|delta|=4.612e+18 (rtol=0.0 atol=0.0)
  [36091] MISMATCH w39:283 out[0] non-finite mismatch (nan/inf positions differ)
  [36103] MISMATCH w39:337 out[0] max|delta|=3.999e-01 (rtol=0.01 atol=0.001)
  [36111] MISMATCH w39:329 out[0] non-finite mismatch (nan/inf positions differ)
  [t= 370s] 36192/75343 (97.7/s)  ok=32700 mism=1530 crash=3 timeout=0 skip=1959  |  inflight=63
  [36235] MISMATCH w39:46 out[0] non-finite mismatch (nan/inf positions differ)
  [36236] MISMATCH w39:434 out[0] non-finite mismatch (nan/inf positions differ)
  [36256] MISMATCH w39:510 out[0] non-finite mismatch (nan/inf positions differ)
  [36272] MISMATCH w39:539 out[0] non-finite mismatch (nan/inf positions differ)
  [36275] MISMATCH w39:508 out[0] non-finite mismatch (nan/inf positions differ)
  [36286] MISMATCH w39:456 out[0] max|delta|=1.506e+00 (rtol=0.01 atol=0.001)
  [36371] MISMATCH w39:651 out[0] max|delta|=7.000e+00 (rtol=0.01 atol=0.001)
  [36385] MISMATCH w39:609 out[0] non-finite mismatch (nan/inf positions differ)
  [36387] MISMATCH w39:61 out[0] non-finite mismatch (nan/inf positions differ)
  [36420] MISMATCH w39:665 out[0] non-finite mismatch (nan/inf positions differ)
  [36452] MISMATCH w39:758 out[0] max|delta|=6.918e+18 (rtol=0.0 atol=0.0)
  [36461] MISMATCH w39:77 out[0] non-finite mismatch (nan/inf positions differ)
  [36475] MISMATCH w39:739 out[0] non-finite mismatch (nan/inf positions differ)
  [36487] MISMATCH w39:770 out[0] max|delta|=2.147e+09 (rtol=0.0 atol=0.0)
  [t= 373s] 36490/75343 (97.8/s)  ok=32963 mism=1544 crash=3 timeout=0 skip=1980  |  inflight=63
  [36523] MISMATCH w4:124 out[0] max|delta|=6.000e+00 (rtol=0.01 atol=0.001)
  [36539] MISMATCH w4:12 out[0] max|delta|=2.147e+09 (rtol=0.0 atol=0.0)
  [36581] MISMATCH w4:138 out[0] non-finite mismatch (nan/inf positions differ)
  [36625] MISMATCH w4:243 out[0] max|delta|=9.223e+18 (rtol=0.01 atol=0.001)
  [36631] MISMATCH w4:160 out[0] non-finite mismatch (nan/inf positions differ)
  [36648] MISMATCH w4:27 out[0] max|delta|=9.223e+18 (rtol=0.0 atol=0.0)
  [36650] MISMATCH w4:272 out[0] max|delta|=3.999e-01 (rtol=0.01 atol=0.001)
  [36685] MISMATCH w4:312 out[0] max|delta|=3.000e+00 (rtol=0.01 atol=0.001)
  [36769] MISMATCH w4:313 out[0] non-finite mismatch (nan/inf positions differ)
  [t= 376s] 36782/75343 (97.8/s)  ok=33227 mism=1553 crash=3 timeout=0 skip=1999  |  inflight=63
  [36809] MISMATCH w4:462 out[0] max|delta|=2.306e+18 (rtol=0.01 atol=0.001)
  [36816] MISMATCH w4:474 out[0] non-finite mismatch (nan/inf positions differ)
  [36827] MISMATCH w4:489 out[0] max|delta|=1.153e+18 (rtol=0.0 atol=0.0)
  [36832] MISMATCH w4:443 out[0] non-finite mismatch (nan/inf positions differ)
  [36914] MISMATCH w4:586 out[0] max|delta|=4.000e+00 (rtol=0.01 atol=0.001)
  [36959] MISMATCH w4:634 out[0] non-finite mismatch (nan/inf positions differ)
  [36967] MISMATCH w4:544 out[0] non-finite mismatch (nan/inf positions differ)
  [36972] MISMATCH w4:574 out[0] max|delta|=1.025e-02 (rtol=0.01 atol=0.001)
  [36996] MISMATCH w4:693 out[0] max|delta|=9.223e+18 (rtol=0.0 atol=0.0)
  [37005] MISMATCH w4:705 out[0] max|delta|=9.223e+18 (rtol=0.0 atol=0.0)
  [37011] MISMATCH w4:674 out[0] non-finite mismatch (nan/inf positions differ)
  [37019] MISMATCH w4:720 out[0] max|delta|=2.306e+18 (rtol=0.0 atol=0.0)
  [37032] MISMATCH w4:734 out[0] non-finite mismatch (nan/inf positions differ)
  [37035] MISMATCH w4:726 out[0] non-finite mismatch (nan/inf positions differ)
  [t= 379s] 37078/75343 (97.8/s)  ok=33499 mism=1567 crash=3 timeout=0 skip=2009  |  inflight=63
  [37097] MISMATCH w4:89 out[0] non-finite mismatch (nan/inf positions differ)
  [37143] MISMATCH w4:82 out[0] non-finite mismatch (nan/inf positions differ)
  [37167] MISMATCH w40:187 out[0] max|delta|=1.000e+00 (rtol=0.01 atol=0.001)
  [37201] MISMATCH w40:145 out[0] non-finite mismatch (nan/inf positions differ)
  [37227] MISMATCH w40:263 out[0] max|delta|=1.000e+00 (rtol=0.0 atol=0.0)
  [37277] MISMATCH w40:32 out[0] max|delta|=4.000e+00 (rtol=0.0 atol=0.0)
  [37280] MISMATCH w40:275 out[0] non-finite mismatch (nan/inf positions differ)
  [37345] MISMATCH w40:418 out[0] max|delta|=6.000e+00 (rtol=0.01 atol=0.001)
  [t= 382s] 37378/75343 (97.8/s)  ok=33774 mism=1575 crash=3 timeout=0 skip=2026  |  inflight=63
  [37379] MISMATCH w40:376 out[0] non-finite mismatch (nan/inf positions differ)
  [37407] MISMATCH w40:44 out[0] non-finite mismatch (nan/inf positions differ)
  [37411] MISMATCH w40:432 out[0] non-finite mismatch (nan/inf positions differ)
  [37437] MISMATCH w40:508 out[0] non-finite mismatch (nan/inf positions differ)
  [37447] MISMATCH w40:454 out[0] non-finite mismatch (nan/inf positions differ)
  [37449] MISMATCH w40:537 out[0] max|delta|=6.918e+18 (rtol=0.01 atol=0.001)
  [37454] MISMATCH w40:506 out[0] non-finite mismatch (nan/inf positions differ)
  [37468] MISMATCH w40:512 out[0] non-finite mismatch (nan/inf positions differ)
  [37500] MISMATCH w40:577 out[0] non-finite mismatch (nan/inf positions differ)
  [37519] MISMATCH w40:63 out[0] max|delta|=8.053e+08 (rtol=0.0 atol=0.0)
  [37546] MISMATCH w40:649 out[0] max|delta|=6.000e+00 (rtol=0.01 atol=0.001)
  [37608] MISMATCH w40:663 out[0] non-finite mismatch (nan/inf positions differ)
  [37627] MISMATCH w40:739 out[0] non-finite mismatch (nan/inf positions differ)
  [37647] MISMATCH w40:737 out[0] non-finite mismatch (nan/inf positions differ)
  [37654] MISMATCH w40:743 out[0] non-finite mismatch (nan/inf positions differ)
  [37658] MISMATCH w40:752 out[0] non-finite mismatch (nan/inf positions differ)
  [37659] MISMATCH w40:88 out[0] max|delta|=8.000e+00 (rtol=0.0 atol=0.0)
  [37672] MISMATCH w41:104 out[0] max|delta|=1.441e+17 (rtol=0.01 atol=0.001)
  [37683] MISMATCH w40:96 out[0] non-finite mismatch (nan/inf positions differ)
  [t= 385s] 37683/75343 (97.8/s)  ok=34041 mism=1594 crash=3 timeout=0 skip=2045  |  inflight=63
  [37694] MISMATCH w41:131 out[0] max|delta|=1.342e+08 (rtol=0.0 atol=0.0)
  [37707] MISMATCH w41:116 out[0] max|delta|=2.147e+09 (rtol=0.0 atol=0.0)
  [37709] MISMATCH w41:145 out[0] max|delta|=3.999e-01 (rtol=0.01 atol=0.001)
  [37712] MISMATCH w41:137 out[0] non-finite mismatch (nan/inf positions differ)
  [37730] MISMATCH w41:11 out[0] non-finite mismatch (nan/inf positions differ)
  [37783] MISMATCH w41:228 out[0] max|delta|=1.000e+00 (rtol=0.0 atol=0.0)
  [37841] MISMATCH w41:242 out[0] non-finite mismatch (nan/inf positions differ)
  [37872] MISMATCH w41:335 out[0] max|delta|=4.612e+18 (rtol=0.01 atol=0.001)
  [37881] MISMATCH w41:347 out[0] max|delta|=9.223e+18 (rtol=0.01 atol=0.001)
  [37884] MISMATCH w41:316 out[0] non-finite mismatch (nan/inf positions differ)
  [37886] MISMATCH w41:264 out[0] max|delta|=4.014e-01 (rtol=0.01 atol=0.001)
  [37897] MISMATCH w41:362 out[0] max|delta|=2.306e+18 (rtol=0.0 atol=0.0)
  [37945] MISMATCH w41:33 out[0] non-finite mismatch (nan/inf positions differ)
  [t= 388s] 37965/75343 (97.8/s)  ok=34299 mism=1607 crash=3 timeout=0 skip=2056  |  inflight=63
  [37982] MISMATCH w41:459 out[0] max|delta|=7.000e+00 (rtol=0.0 atol=0.0)
  [38003] MISMATCH w41:487 out[0] max|delta|=4.000e+00 (rtol=0.0 atol=0.0)
  [38017] MISMATCH w41:417 out[0] non-finite mismatch (nan/inf positions differ)
  [38040] MISMATCH w41:473 out[0] non-finite mismatch (nan/inf positions differ)
  [38053] MISMATCH w41:535 out[0] max|delta|=1.174e+00 (rtol=0.01 atol=0.001)
  [38063] MISMATCH w41:549 out[0] non-finite mismatch (nan/inf positions differ)
  [38074] MISMATCH w41:578 out[0] non-finite mismatch (nan/inf positions differ)
  [38081] MISMATCH w41:547 out[0] non-finite mismatch (nan/inf positions differ)
  [38101] MISMATCH w41:607 out[0] max|delta|=3.999e-01 (rtol=0.01 atol=0.001)
  [38175] MISMATCH w41:690 out[0] max|delta|=1.000e+00 (rtol=0.0 atol=0.0)
  [38221] MISMATCH w41:648 out[0] non-finite mismatch (nan/inf positions differ)
  [38235] MISMATCH w41:704 out[0] non-finite mismatch (nan/inf positions differ)
  [38241] MISMATCH w41:780 out[0] non-finite mismatch (nan/inf positions differ)
  [38262] MISMATCH w41:778 out[0] non-finite mismatch (nan/inf positions differ)
  [t= 391s] 38264/75343 (97.8/s)  ok=34560 mism=1621 crash=3 timeout=0 skip=2080  |  inflight=63
  [38273] MISMATCH w41:726 out[0] max|delta|=1.687e+00 (rtol=0.01 atol=0.001)
  [38276] MISMATCH w41:85 out[0] non-finite mismatch (nan/inf positions differ)
  [38286] MISMATCH w41:91 out[0] non-finite mismatch (nan/inf positions differ)
  [38292] MISMATCH w42:140 out[0] max|delta|=1.153e+18 (rtol=0.01 atol=0.001)
  [38295] MISMATCH w42:123 out[0] non-finite mismatch (nan/inf positions differ)
  [38310] MISMATCH w42:167 out[0] max|delta|=9.223e+18 (rtol=0.0 atol=0.0)
  [38322] MISMATCH w42:121 out[0] non-finite mismatch (nan/inf positions differ)
  [38326] MISMATCH w42:181 out[0] max|delta|=3.999e-01 (rtol=0.01 atol=0.001)
  [38395] MISMATCH w42:264 out[0] max|delta|=5.000e+00 (rtol=0.01 atol=0.001)
  [38457] MISMATCH w42:33 out[0] max|delta|=7.000e+00 (rtol=0.01 atol=0.001)
  [38461] MISMATCH w42:278 out[0] non-finite mismatch (nan/inf positions differ)
  [38485] MISMATCH w42:383 out[0] non-finite mismatch (nan/inf positions differ)
  [t= 394s] 38552/75343 (97.8/s)  ok=34825 mism=1633 crash=3 timeout=0 skip=2091  |  inflight=63
  [38596] MISMATCH w42:495 out[0] max|delta|=8.000e+00 (rtol=0.01 atol=0.001)
  [38604] MISMATCH w42:453 out[0] non-finite mismatch (nan/inf positions differ)
  [38605] MISMATCH w42:47 out[0] non-finite mismatch (nan/inf positions differ)
  [38659] MISMATCH w42:509 out[0] non-finite mismatch (nan/inf positions differ)
  [38686] MISMATCH w42:583 out[0] non-finite mismatch (nan/inf positions differ)
  [38697] MISMATCH w42:614 out[0] max|delta|=1.611e+09 (rtol=0.0 atol=0.0)
  [38700] MISMATCH w42:589 out[0] non-finite mismatch (nan/inf positions differ)
  [38708] MISMATCH w42:643 out[0] max|delta|=3.999e-01 (rtol=0.01 atol=0.001)
  [38782] MISMATCH w42:726 out[0] max|delta|=1.000e+00 (rtol=0.01 atol=0.001)
  [t= 397s] 38805/75343 (97.7/s)  ok=35058 mism=1642 crash=3 timeout=0 skip=2102  |  inflight=63
  [38863] MISMATCH w43:131 out[0] max|delta|=5.765e+17 (rtol=0.01 atol=0.001)
  [38887] MISMATCH w43:158 out[0] max|delta|=1.441e+17 (rtol=0.0 atol=0.0)
  [38895] MISMATCH w43:112 out[0] non-finite mismatch (nan/inf positions differ)
  [38901] MISMATCH w43:118 out[0] non-finite mismatch (nan/inf positions differ)
  [38968] MISMATCH w43:24 out[0] max|delta|=2.000e+00 (rtol=0.0 atol=0.0)
  [38976] MISMATCH w43:255 out[0] max|delta|=1.000e+00 (rtol=0.0 atol=0.0)
  [38995] MISMATCH w43:283 out[0] max|delta|=4.000e+00 (rtol=0.0 atol=0.0)
  [39021] MISMATCH w43:213 out[0] max|delta|=2.466e+00 (rtol=0.01 atol=0.001)
  [39045] MISMATCH w43:269 out[0] non-finite mismatch (nan/inf positions differ)
  [39080] MISMATCH w43:389 out[0] max|delta|=9.223e+18 (rtol=0.0 atol=0.0)
  [39087] MISMATCH w43:343 out[0] non-finite mismatch (nan/inf positions differ)
  [t= 400s] 39132/75343 (97.7/s)  ok=35361 mism=1653 crash=3 timeout=0 skip=2115  |  inflight=63
  [39166] MISMATCH w43:486 out[0] max|delta|=2.000e+00 (rtol=0.01 atol=0.001)
  [39223] MISMATCH w43:500 out[0] non-finite mismatch (nan/inf positions differ)
  [39243] MISMATCH w43:593 out[0] non-finite mismatch (nan/inf positions differ)
  [39253] MISMATCH w43:605 out[0] max|delta|=6.918e+18 (rtol=0.01 atol=0.001)
  [39256] MISMATCH w43:574 out[0] non-finite mismatch (nan/inf positions differ)
  [39287] MISMATCH w43:626 out[0] non-finite mismatch (nan/inf positions differ)
  [39315] MISMATCH w43:60 out[0] non-finite mismatch (nan/inf positions differ)
  [39351] MISMATCH w43:717 out[0] max|delta|=6.000e+00 (rtol=0.01 atol=0.001)
  [t= 403s] 39410/75343 (97.7/s)  ok=35616 mism=1661 crash=3 timeout=0 skip=2130  |  inflight=63
  [39427] MISMATCH w43:731 out[0] non-finite mismatch (nan/inf positions differ)
  [39463] MISMATCH w43:753 out[0] non-finite mismatch (nan/inf positions differ)
  [39495] MISMATCH w44:184 out[0] max|delta|=6.000e+00 (rtol=0.01 atol=0.001)
  [39532] MISMATCH w44:142 out[0] non-finite mismatch (nan/inf positions differ)
  [39553] MISMATCH w44:198 out[0] non-finite mismatch (nan/inf positions differ)
  [39568] MISMATCH w44:260 out[0] max|delta|=1.174e+00 (rtol=0.01 atol=0.001)
  [39596] MISMATCH w44:303 out[0] max|delta|=9.223e+18 (rtol=0.01 atol=0.001)
  [39603] MISMATCH w44:306 out[0] non-finite mismatch (nan/inf positions differ)
  [39620] MISMATCH w44:272 out[0] non-finite mismatch (nan/inf positions differ)
  [39696] MISMATCH w44:415 out[0] max|delta|=5.000e+00 (rtol=0.01 atol=0.001)
  [39710] MISMATCH w44:440 out[0] max|delta|=2.147e+09 (rtol=0.0 atol=0.0)
  [39715] MISMATCH w44:41 out[0] non-finite mismatch (nan/inf positions differ)
  [t= 406s] 39734/75343 (97.8/s)  ok=35908 mism=1673 crash=3 timeout=0 skip=2150  |  inflight=63
  [39750] MISMATCH w44:373 out[0] max|delta|=1.636e+00 (rtol=0.01 atol=0.001)
  [39762] MISMATCH w44:403 out[0] max|delta|=1.025e-02 (rtol=0.01 atol=0.001)
  [39768] MISMATCH w44:429 out[0] non-finite mismatch (nan/inf positions differ)
  [39777] MISMATCH w44:522 out[0] max|delta|=2.882e+17 (rtol=0.01 atol=0.001)
  [39784] MISMATCH w44:534 out[0] non-finite mismatch (nan/inf positions differ)
  [39798] MISMATCH w44:503 out[0] non-finite mismatch (nan/inf positions differ)
  [39813] MISMATCH w44:555 out[0] non-finite mismatch (nan/inf positions differ)
  [39816] MISMATCH w44:518 out[0] non-finite mismatch (nan/inf positions differ)
  [39886] MISMATCH w44:646 out[0] max|delta|=4.000e+00 (rtol=0.01 atol=0.001)
  [39941] MISMATCH w44:660 out[0] non-finite mismatch (nan/inf positions differ)
  [39944] MISMATCH w44:72 out[0] non-finite mismatch (nan/inf positions differ)
  [39959] MISMATCH w44:722 out[0] max|delta|=6.750e-01 (rtol=0.01 atol=0.001)
  [39994] MISMATCH w44:734 out[0] non-finite mismatch (nan/inf positions differ)
  [t= 409s] 40019/75343 (97.8/s)  ok=36157 mism=1686 crash=3 timeout=0 skip=2173  |  inflight=63
  [40036] MISMATCH w45:104 out[0] max|delta|=6.561e+03 (rtol=0.01 atol=0.001)
  [40114] MISMATCH w45:204 out[0] max|delta|=7.000e+00 (rtol=0.01 atol=0.001)
  [40145] MISMATCH w45:162 out[0] non-finite mismatch (nan/inf positions differ)
  [40168] MISMATCH w45:218 out[0] non-finite mismatch (nan/inf positions differ)
  [40196] MISMATCH w45:311 out[0] non-finite mismatch (nan/inf positions differ)
  [40206] MISMATCH w45:323 out[0] non-finite mismatch (nan/inf positions differ)
  [40219] MISMATCH w45:336 out[0] max|delta|=7.000e+00 (rtol=0.0 atol=0.0)
  [40225] MISMATCH w45:292 out[0] non-finite mismatch (nan/inf positions differ)
  [40231] MISMATCH w45:352 out[0] max|delta|=3.999e-01 (rtol=0.01 atol=0.001)
  [40234] MISMATCH w45:240 out[0] non-finite mismatch (nan/inf positions differ)
  [40254] MISMATCH w45:307 out[0] max|delta|=1.000e+00 (rtol=0.01 atol=0.001)
  [40287] MISMATCH w45:40 out[0] max|delta|=4.000e+00 (rtol=0.0 atol=0.0)
  [40307] MISMATCH w45:435 out[0] max|delta|=5.000e+00 (rtol=0.01 atol=0.001)
  [t= 412s] 40320/75343 (97.8/s)  ok=36429 mism=1699 crash=3 timeout=0 skip=2189  |  inflight=63
  [40338] MISMATCH w45:393 out[0] max|delta|=8.193e-01 (rtol=0.01 atol=0.001)
  [40359] MISMATCH w45:449 out[0] non-finite mismatch (nan/inf positions differ)
  [40384] MISMATCH w45:525 out[0] non-finite mismatch (nan/inf positions differ)
  [40387] MISMATCH w45:542 out[0] max|delta|=1.441e+17 (rtol=0.01 atol=0.001)
  [40396] MISMATCH w45:554 out[0] max|delta|=6.918e+18 (rtol=0.01 atol=0.001)
  [40400] MISMATCH w45:523 out[0] non-finite mismatch (nan/inf positions differ)
  [40401] MISMATCH w45:471 out[0] non-finite mismatch (nan/inf positions differ)
  [40460] MISMATCH w45:61 out[0] non-finite mismatch (nan/inf positions differ)
  [40502] MISMATCH w45:666 out[0] max|delta|=4.000e+00 (rtol=0.01 atol=0.001)
  [40559] MISMATCH w45:680 out[0] non-finite mismatch (nan/inf positions differ)
  [40598] MISMATCH w45:92 out[0] max|delta|=6.918e+18 (rtol=0.0 atol=0.0)
  [40602] MISMATCH w45:754 out[0] non-finite mismatch (nan/inf positions differ)
  [40609] MISMATCH w45:702 out[0] max|delta|=1.370e+00 (rtol=0.01 atol=0.001)
  [t= 415s] 40613/75343 (97.8/s)  ok=36689 mism=1712 crash=3 timeout=0 skip=2209  |  inflight=63
  [40674] MISMATCH w45:9 out[0] non-finite mismatch (nan/inf positions differ)
  [40743] MISMATCH w46:207 out[0] non-finite mismatch (nan/inf positions differ)
  [40777] MISMATCH w46:300 out[0] max|delta|=1.007e+08 (rtol=0.0 atol=0.0)
  [40799] MISMATCH w46:316 out[0] max|delta|=3.277e+04 (rtol=0.0 atol=0.0)
  [40803] MISMATCH w46:281 out[0] non-finite mismatch (nan/inf positions differ)
  [40809] MISMATCH w46:287 out[0] non-finite mismatch (nan/inf positions differ)
  [40887] MISMATCH w46:424 out[0] max|delta|=2.000e+00 (rtol=0.01 atol=0.001)
  [40900] MISMATCH w46:382 out[0] non-finite mismatch (nan/inf positions differ)
  [t= 418s] 40907/75343 (97.8/s)  ok=36962 mism=1720 crash=3 timeout=0 skip=2222  |  inflight=63
  [40949] MISMATCH w46:438 out[0] non-finite mismatch (nan/inf positions differ)
  [40961] MISMATCH w46:500 out[0] max|delta|=1.110e+00 (rtol=0.01 atol=0.001)
  [40976] MISMATCH w46:531 out[0] max|delta|=1.153e+18 (rtol=0.01 atol=0.001)
  [40985] MISMATCH w46:543 out[0] max|delta|=6.918e+18 (rtol=0.01 atol=0.001)
  [40992] MISMATCH w46:50 out[0] non-finite mismatch (nan/inf positions differ)
  [40998] MISMATCH w46:460 out[0] non-finite mismatch (nan/inf positions differ)
  [41003] MISMATCH w46:512 out[0] non-finite mismatch (nan/inf positions differ)
  [41004] MISMATCH w46:556 out[0] non-finite mismatch (nan/inf positions differ)
  [41008] MISMATCH w46:518 out[0] non-finite mismatch (nan/inf positions differ)
  [41017] MISMATCH w46:527 out[0] non-finite mismatch (nan/inf positions differ)
  [41055] MISMATCH w46:56 out[0] max|delta|=1.000e+00 (rtol=0.01 atol=0.001)
  [41101] MISMATCH w46:69 out[0] max|delta|=2.306e+18 (rtol=0.01 atol=0.001)
  [41135] MISMATCH w46:669 out[0] non-finite mismatch (nan/inf positions differ)
  [41172] MISMATCH w46:777 out[0] non-finite mismatch (nan/inf positions differ)
  [41175] MISMATCH w46:81 out[0] max|delta|=6.918e+18 (rtol=0.01 atol=0.001)
  [41194] MISMATCH w46:743 out[0] non-finite mismatch (nan/inf positions differ)
  [41204] MISMATCH w46:691 out[0] non-finite mismatch (nan/inf positions differ)
  [41215] MISMATCH w47:110 out[0] non-finite mismatch (nan/inf positions differ)
  [t= 421s] 41225/75343 (97.8/s)  ok=37245 mism=1738 crash=3 timeout=0 skip=2239  |  inflight=63
  [41281] MISMATCH w47:201 out[0] max|delta|=6.000e+00 (rtol=0.0 atol=0.0)
  [41343] MISMATCH w47:215 out[0] non-finite mismatch (nan/inf positions differ)
  [41369] MISMATCH w47:308 out[0] max|delta|=1.153e+18 (rtol=0.01 atol=0.001)
  [41382] MISMATCH w47:289 out[0] non-finite mismatch (nan/inf positions differ)
  [41386] MISMATCH w47:237 out[0] non-finite mismatch (nan/inf positions differ)
  [41393] MISMATCH w47:320 out[0] max|delta|=1.611e+09 (rtol=0.0 atol=0.0)
  [41395] MISMATCH w47:335 out[0] max|delta|=4.612e+18 (rtol=0.0 atol=0.0)
  [t= 424s] 41510/75343 (97.8/s)  ok=37504 mism=1745 crash=3 timeout=0 skip=2258  |  inflight=63
  [41520] MISMATCH w47:390 out[0] max|delta|=7.295e-01 (rtol=0.01 atol=0.001)
  [41524] MISMATCH w47:446 out[0] non-finite mismatch (nan/inf positions differ)
  [41544] MISMATCH w47:508 out[0] max|delta|=1.000e+00 (rtol=0.0 atol=0.0)
  [41572] MISMATCH w47:551 out[0] max|delta|=6.918e+18 (rtol=0.01 atol=0.001)
  [41582] MISMATCH w47:520 out[0] non-finite mismatch (nan/inf positions differ)
  [41590] MISMATCH w47:468 out[0] non-finite mismatch (nan/inf positions differ)
  [41598] MISMATCH w47:526 out[0] non-finite mismatch (nan/inf positions differ)
  [41649] MISMATCH w47:58 out[0] non-finite mismatch (nan/inf positions differ)
  [41672] MISMATCH w47:663 out[0] max|delta|=3.000e+00 (rtol=0.01 atol=0.001)
  [41683] MISMATCH w47:64 out[0] non-finite mismatch (nan/inf positions differ)
  [41698] MISMATCH w47:655 out[0] max|delta|=2.147e+09 (rtol=0.0 atol=0.0)
  [41713] MISMATCH w47:621 out[0] non-finite mismatch (nan/inf positions differ)
  [41729] MISMATCH w47:677 out[0] non-finite mismatch (nan/inf positions differ)
  [41758] MISMATCH w47:770 out[0] max|delta|=3.459e+18 (rtol=0.0 atol=0.0)
  [41772] MISMATCH w47:89 out[0] max|delta|=6.918e+18 (rtol=0.01 atol=0.001)
  [41785] MISMATCH w47:699 out[0] max|delta|=1.754e+00 (rtol=0.01 atol=0.001)
  [41786] MISMATCH w47:751 out[0] non-finite mismatch (nan/inf positions differ)
  [41789] MISMATCH w47:73 out[0] max|delta|=1.000e+00 (rtol=0.01 atol=0.001)
  [t= 427s] 41827/75343 (97.9/s)  ok=37789 mism=1763 crash=3 timeout=0 skip=2272  |  inflight=63
  [41861] MISMATCH w48:172 out[0] non-finite mismatch (nan/inf positions differ)
  [41863] MISMATCH w48:191 out[0] max|delta|=2.306e+18 (rtol=0.01 atol=0.001)
  [41902] MISMATCH w48:224 out[0] non-finite mismatch (nan/inf positions differ)
  [42011] MISMATCH w48:273 out[0] non-finite mismatch (nan/inf positions differ)
  [42032] MISMATCH w48:329 out[0] non-finite mismatch (nan/inf positions differ)
  [42036] MISMATCH w48:303 out[0] max|delta|=5.119e-03 (rtol=0.01 atol=0.001)
  [42037] MISMATCH w48:391 out[0] max|delta|=6.750e-01 (rtol=0.01 atol=0.001)
  [42072] MISMATCH w48:449 out[0] max|delta|=1.441e+17 (rtol=0.0 atol=0.0)
  [42077] MISMATCH w48:403 out[0] non-finite mismatch (nan/inf positions differ)
  [42082] MISMATCH w48:351 out[0] max|delta|=1.370e+00 (rtol=0.01 atol=0.001)
  [42101] MISMATCH w48:474 out[0] non-finite mismatch (nan/inf positions differ)
  [t= 430s] 42119/75343 (97.9/s)  ok=38056 mism=1774 crash=3 timeout=0 skip=2286  |  inflight=63
  [42133] MISMATCH w48:42 out[0] non-finite mismatch (nan/inf positions differ)
  [42156] MISMATCH w48:546 out[0] max|delta|=6.000e+00 (rtol=0.01 atol=0.001)
  [42233] MISMATCH w48:560 out[0] non-finite mismatch (nan/inf positions differ)
  [42236] MISMATCH w48:653 out[0] max|delta|=8.053e+08 (rtol=0.0 atol=0.0)
  [42258] MISMATCH w48:668 out[0] non-finite mismatch (nan/inf positions differ)
  [42263] MISMATCH w48:634 out[0] non-finite mismatch (nan/inf positions differ)
  [42274] MISMATCH w48:665 out[0] max|delta|=2.147e+09 (rtol=0.0 atol=0.0)
  [42291] MISMATCH w48:640 out[0] non-finite mismatch (nan/inf positions differ)
  [42350] MISMATCH w48:777 out[0] max|delta|=4.000e+00 (rtol=0.01 atol=0.001)
  [42364] MISMATCH w48:84 out[0] max|delta|=5.000e+00 (rtol=0.01 atol=0.001)
  [42365] CRASH    w48:726 vgf_runner rc=134: /data/jwen929/mobile/vgf_client/vgf_runner.sh: line 79: 12718
  [42379] MISMATCH w48:735 out[0] max|delta|=4.629e-01 (rtol=0.01 atol=0.001)
  [42387] MISMATCH w48:765 out[0] max|delta|=1.025e-02 (rtol=0.01 atol=0.001)
  [t= 433s] 42424/75343 (97.9/s)  ok=38332 mism=1786 crash=4 timeout=0 skip=2302  |  inflight=63
  [42429] MISMATCH w49:184 out[0] max|delta|=5.765e+17 (rtol=0.0 atol=0.0)
  [42436] MISMATCH w49:138 out[0] non-finite mismatch (nan/inf positions differ)
  [42444] MISMATCH w49:190 out[0] non-finite mismatch (nan/inf positions differ)
  [42525] MISMATCH w49:281 out[0] max|delta|=1.000e+00 (rtol=0.0 atol=0.0)
  [42547] MISMATCH w49:239 out[0] non-finite mismatch (nan/inf positions differ)
  [42549] MISMATCH w49:320 out[0] non-finite mismatch (nan/inf positions differ)
  [42578] MISMATCH w49:295 out[0] non-finite mismatch (nan/inf positions differ)
  [42610] MISMATCH w49:317 out[0] non-finite mismatch (nan/inf positions differ)
  [42612] MISMATCH w49:400 out[0] max|delta|=6.918e+18 (rtol=0.0 atol=0.0)
  [42626] MISMATCH w49:415 out[0] max|delta|=4.323e+17 (rtol=0.0 atol=0.0)
  [42634] MISMATCH w49:369 out[0] non-finite mismatch (nan/inf positions differ)
  [42653] MISMATCH w49:375 out[0] non-finite mismatch (nan/inf positions differ)
  [42696] MISMATCH w49:50 out[0] max|delta|=1.000e+00 (rtol=0.0 atol=0.0)
  [t= 436s] 42704/75343 (97.8/s)  ok=38588 mism=1799 crash=4 timeout=0 skip=2313  |  inflight=63
  [42714] MISMATCH w49:512 out[0] max|delta|=1.000e+00 (rtol=0.0 atol=0.0)
  [42769] MISMATCH w49:526 out[0] non-finite mismatch (nan/inf positions differ)
  [42792] MISMATCH w49:619 out[0] max|delta|=2.306e+18 (rtol=0.01 atol=0.001)
  [42801] MISMATCH w49:631 out[0] non-finite mismatch (nan/inf positions differ)
  [42810] MISMATCH w49:644 out[0] max|delta|=7.000e+00 (rtol=0.0 atol=0.0)
  [42819] MISMATCH w49:600 out[0] non-finite mismatch (nan/inf positions differ)
  [42820] MISMATCH w49:548 out[0] max|delta|=1.699e+00 (rtol=0.01 atol=0.001)
  [42835] MISMATCH w49:606 out[0] non-finite mismatch (nan/inf positions differ)
  [42854] MISMATCH w49:64 out[0] non-finite mismatch (nan/inf positions differ)
  [42897] MISMATCH w49:743 out[0] max|delta|=8.000e+00 (rtol=0.01 atol=0.001)
  [42920] MISMATCH w49:771 out[0] max|delta|=3.000e+00 (rtol=0.0 atol=0.0)
  [42943] MISMATCH w49:731 out[0] max|delta|=1.025e-02 (rtol=0.01 atol=0.001)
  [42956] MISMATCH w49:757 out[0] non-finite mismatch (nan/inf positions differ)
  [42959] MISMATCH w5:111 out[0] max|delta|=6.918e+18 (rtol=0.0 atol=0.0)
  [42973] MISMATCH w5:117 out[0] non-finite mismatch (nan/inf positions differ)
  [t= 439s] 42989/75343 (97.8/s)  ok=38845 mism=1814 crash=4 timeout=0 skip=2326  |  inflight=63
  [42994] MISMATCH w49:779 out[0] max|delta|=1.580e+00 (rtol=0.01 atol=0.001)
  [43002] MISMATCH w49:8 out[0] non-finite mismatch (nan/inf positions differ)
  [43010] MISMATCH w49:86 out[0] max|delta|=2.356e+00 (rtol=0.01 atol=0.001)
  [43039] MISMATCH w5:13 out[0] non-finite mismatch (nan/inf positions differ)
  [43049] MISMATCH w5:208 out[0] max|delta|=3.000e+00 (rtol=0.01 atol=0.001)
  [43081] MISMATCH w5:166 out[0] non-finite mismatch (nan/inf positions differ)
  [43110] MISMATCH w5:222 out[0] non-finite mismatch (nan/inf positions differ)
  [43121] MISMATCH w5:298 out[0] non-finite mismatch (nan/inf positions differ)
  [43132] MISMATCH w5:315 out[0] max|delta|=2.882e+17 (rtol=0.01 atol=0.001)
  [43142] MISMATCH w5:330 out[0] non-finite mismatch (nan/inf positions differ)
  [43151] MISMATCH w5:342 out[0] max|delta|=2.306e+18 (rtol=0.0 atol=0.0)
  [43154] MISMATCH w5:296 out[0] non-finite mismatch (nan/inf positions differ)
  [43156] MISMATCH w5:244 out[0] non-finite mismatch (nan/inf positions differ)
  [43165] MISMATCH w5:302 out[0] non-finite mismatch (nan/inf positions differ)
  [43167] MISMATCH w5:348 out[0] non-finite mismatch (nan/inf positions differ)
  [43193] MISMATCH w5:396 out[0] max|delta|=4.000e+00 (rtol=0.0 atol=0.0)
  [t= 442s] 43282/75343 (97.8/s)  ok=39107 mism=1830 crash=4 timeout=0 skip=2341  |  inflight=63
  [43297] MISMATCH w5:453 out[0] non-finite mismatch (nan/inf positions differ)
  [43321] MISMATCH w5:546 out[0] max|delta|=9.223e+18 (rtol=0.01 atol=0.001)
  [43342] MISMATCH w5:573 out[0] max|delta|=2.684e+08 (rtol=0.0 atol=0.0)
  [43352] MISMATCH w5:527 out[0] non-finite mismatch (nan/inf positions differ)
  [43432] MISMATCH w5:670 out[0] max|delta|=1.000e+00 (rtol=0.01 atol=0.001)
  [43443] MISMATCH w5:65 out[0] non-finite mismatch (nan/inf positions differ)
  [43460] MISMATCH w5:628 out[0] non-finite mismatch (nan/inf positions differ)
  [43482] MISMATCH w5:684 out[0] non-finite mismatch (nan/inf positions differ)
  [43511] MISMATCH w5:777 out[0] max|delta|=4.323e+17 (rtol=0.0 atol=0.0)
  [43519] MISMATCH w5:760 out[0] non-finite mismatch (nan/inf positions differ)
  [43521] MISMATCH w5:84 out[0] max|delta|=4.027e+08 (rtol=0.0 atol=0.0)
  [43529] MISMATCH w5:96 out[0] max|delta|=9.223e+18 (rtol=0.01 atol=0.001)
  [43530] MISMATCH w5:706 out[0] max|delta|=2.236e+00 (rtol=0.01 atol=0.001)
  [43536] MISMATCH w5:758 out[0] non-finite mismatch (nan/inf positions differ)
  [43543] MISMATCH w5:764 out[0] non-finite mismatch (nan/inf positions differ)
  [43553] MISMATCH w50:112 out[0] max|delta|=4.000e+00 (rtol=0.0 atol=0.0)
  [t= 445s] 43568/75343 (97.8/s)  ok=39358 mism=1846 crash=4 timeout=0 skip=2360  |  inflight=63
  [43586] MISMATCH w50:155 out[0] non-finite mismatch (nan/inf positions differ)
  [43598] MISMATCH w50:124 out[0] non-finite mismatch (nan/inf positions differ)
  [43705] MISMATCH w50:225 out[0] max|delta|=2.520e-01 (rtol=0.01 atol=0.001)
  [43738] MISMATCH w50:281 out[0] non-finite mismatch (nan/inf positions differ)
  [43761] MISMATCH w50:374 out[0] max|delta|=2.162e+17 (rtol=0.0 atol=0.0)
  [43762] MISMATCH w50:357 out[0] non-finite mismatch (nan/inf positions differ)
  [43764] MISMATCH w50:36 out[0] max|delta|=2.000e+00 (rtol=0.01 atol=0.001)
  [43771] MISMATCH w50:386 out[0] max|delta|=6.918e+18 (rtol=0.01 atol=0.001)
  [43777] MISMATCH w50:389 out[0] non-finite mismatch (nan/inf positions differ)
  [43783] MISMATCH w50:401 out[0] max|delta|=1.441e+17 (rtol=0.0 atol=0.0)
  [43787] MISMATCH w50:303 out[0] non-finite mismatch (nan/inf positions differ)
  [t= 448s] 43852/75343 (97.8/s)  ok=39617 mism=1857 crash=4 timeout=0 skip=2374  |  inflight=63
  [43870] MISMATCH w50:498 out[0] max|delta|=3.000e+00 (rtol=0.01 atol=0.001)
  [43912] MISMATCH w50:50 out[0] non-finite mismatch (nan/inf positions differ)
  [43965] MISMATCH w50:617 out[0] max|delta|=6.918e+18 (rtol=0.01 atol=0.001)
  [43975] MISMATCH w50:586 out[0] non-finite mismatch (nan/inf positions differ)
  [43983] MISMATCH w50:534 out[0] max|delta|=8.628e-01 (rtol=0.01 atol=0.001)
  [44007] MISMATCH w50:601 out[0] non-finite mismatch (nan/inf positions differ)
  [44016] MISMATCH w50:686 out[0] max|delta|=3.000e+00 (rtol=0.01 atol=0.001)
  [44056] MISMATCH w50:729 out[0] max|delta|=4.000e+00 (rtol=0.01 atol=0.001)
  [44075] MISMATCH w50:687 out[0] non-finite mismatch (nan/inf positions differ)
  [44107] MISMATCH w50:743 out[0] non-finite mismatch (nan/inf positions differ)
  [44108] MISMATCH w50:72 out[0] non-finite mismatch (nan/inf positions differ)
  [t= 451s] 44137/75343 (97.8/s)  ok=39876 mism=1868 crash=4 timeout=0 skip=2389  |  inflight=63
  [44177] MISMATCH w50:765 out[0] non-finite mismatch (nan/inf positions differ)
  [44183] MISMATCH w51:181 out[0] max|delta|=1.153e+18 (rtol=0.01 atol=0.001)
  [44190] MISMATCH w51:193 out[0] max|delta|=6.918e+18 (rtol=0.01 atol=0.001)
  [44192] MISMATCH w51:196 out[0] non-finite mismatch (nan/inf positions differ)
  [44205] MISMATCH w51:162 out[0] non-finite mismatch (nan/inf positions differ)
  [44206] MISMATCH w51:206 out[0] max|delta|=6.000e+00 (rtol=0.0 atol=0.0)
  [44207] MISMATCH w51:208 out[0] max|delta|=2.882e+17 (rtol=0.0 atol=0.0)
  [44324] MISMATCH w51:263 out[0] max|delta|=1.014e+00 (rtol=0.01 atol=0.001)
  [44346] MISMATCH w51:319 out[0] non-finite mismatch (nan/inf positions differ)
  [44376] MISMATCH w51:395 out[0] non-finite mismatch (nan/inf positions differ)
  [44390] MISMATCH w51:32 out[0] max|delta|=4.209e-01 (rtol=0.01 atol=0.001)
  [44395] MISMATCH w51:439 out[0] max|delta|=4.612e+18 (rtol=0.0 atol=0.0)
  [44396] MISMATCH w51:424 out[0] max|delta|=2.147e+09 (rtol=0.0 atol=0.0)
  [44398] MISMATCH w51:393 out[0] non-finite mismatch (nan/inf positions differ)
  [t= 454s] 44427/75343 (97.8/s)  ok=40131 mism=1882 crash=4 timeout=0 skip=2410  |  inflight=63
  [44488] MISMATCH w51:536 out[0] max|delta|=1.000e+00 (rtol=0.0 atol=0.0)
  [44540] MISMATCH w51:550 out[0] non-finite mismatch (nan/inf positions differ)
  [44552] MISMATCH w51:612 out[0] max|delta|=6.750e-01 (rtol=0.01 atol=0.001)
  [44569] MISMATCH w51:643 out[0] max|delta|=1.441e+17 (rtol=0.01 atol=0.001)
  [44575] MISMATCH w51:655 out[0] non-finite mismatch (nan/inf positions differ)
  [44581] MISMATCH w51:658 out[0] non-finite mismatch (nan/inf positions differ)
  [44589] MISMATCH w51:624 out[0] non-finite mismatch (nan/inf positions differ)
  [44590] MISMATCH w51:572 out[0] max|delta|=8.193e-01 (rtol=0.01 atol=0.001)
  [44657] MISMATCH w51:74 out[0] max|delta|=1.000e+00 (rtol=0.0 atol=0.0)
  [44681] MISMATCH w51:767 out[0] max|delta|=7.000e+00 (rtol=0.01 atol=0.001)
  [44741] MISMATCH w52:130 out[0] max|delta|=3.000e+00 (rtol=0.01 atol=0.001)
  [t= 458s] 44746/75343 (97.8/s)  ok=40427 mism=1893 crash=4 timeout=0 skip=2422  |  inflight=63
  [44771] MISMATCH w52:18 out[0] max|delta|=9.223e+18 (rtol=0.01 atol=0.001)
  [44798] MISMATCH w52:144 out[0] non-finite mismatch (nan/inf positions differ)
  [44816] MISMATCH w52:237 out[0] max|delta|=9.223e+18 (rtol=0.01 atol=0.001)
  [44827] MISMATCH w52:252 out[0] non-finite mismatch (nan/inf positions differ)
  [44839] MISMATCH w52:262 out[0] max|delta|=5.000e+00 (rtol=0.0 atol=0.0)
  [44840] MISMATCH w52:218 out[0] non-finite mismatch (nan/inf positions differ)
  [44844] MISMATCH w52:249 out[0] max|delta|=1.611e+09 (rtol=0.0 atol=0.0)
  [44849] MISMATCH w52:166 out[0] non-finite mismatch (nan/inf positions differ)
  [44850] MISMATCH w52:278 out[0] max|delta|=3.999e-01 (rtol=0.01 atol=0.001)
  [44857] MISMATCH w52:270 out[0] non-finite mismatch (nan/inf positions differ)
  [44893] MISMATCH w52:33 out[0] max|delta|=9.223e+18 (rtol=0.0 atol=0.0)
  [44920] MISMATCH w52:353 out[0] max|delta|=3.277e+04 (rtol=0.0 atol=0.0)
  [44927] MISMATCH w52:361 out[0] max|delta|=3.000e+00 (rtol=0.01 atol=0.001)
  [44977] MISMATCH w52:319 out[0] non-finite mismatch (nan/inf positions differ)
  [44988] MISMATCH w52:375 out[0] non-finite mismatch (nan/inf positions differ)
  [45016] MISMATCH w52:480 out[0] max|delta|=9.223e+18 (rtol=0.01 atol=0.001)
  [45029] MISMATCH w52:449 out[0] non-finite mismatch (nan/inf positions differ)
  [45042] MISMATCH w52:397 out[0] non-finite mismatch (nan/inf positions differ)
  [45054] MISMATCH w52:455 out[0] non-finite mismatch (nan/inf positions differ)
  [t= 461s] 45055/75343 (97.8/s)  ok=40699 mism=1912 crash=4 timeout=0 skip=2440  |  inflight=63
  [45071] MISMATCH w52:549 out[0] max|delta|=3.000e+00 (rtol=0.01 atol=0.001)
  [45116] MISMATCH w52:592 out[0] max|delta|=8.000e+00 (rtol=0.01 atol=0.001)
  [45145] MISMATCH w52:550 out[0] non-finite mismatch (nan/inf positions differ)
  [45163] MISMATCH w52:606 out[0] non-finite mismatch (nan/inf positions differ)
  [45216] MISMATCH w52:726 out[0] max|delta|=7.206e+16 (rtol=0.0 atol=0.0)
  [45221] MISMATCH w52:680 out[0] non-finite mismatch (nan/inf positions differ)
  [45226] MISMATCH w52:711 out[0] max|delta|=1.611e+09 (rtol=0.0 atol=0.0)
  [45238] MISMATCH w52:686 out[0] non-finite mismatch (nan/inf positions differ)
  [45295] MISMATCH w53:123 out[0] max|delta|=4.000e+00 (rtol=0.0 atol=0.0)
  [45333] MISMATCH w52:781 out[0] max|delta|=2.490e+00 (rtol=0.01 atol=0.001)
  [45341] MISMATCH w53:166 out[0] max|delta|=3.000e+00 (rtol=0.01 atol=0.001)
  [t= 464s] 45342/75343 (97.8/s)  ok=40964 mism=1923 crash=4 timeout=0 skip=2451  |  inflight=63
  [45372] MISMATCH w53:124 out[0] non-finite mismatch (nan/inf positions differ)
  [45384] MISMATCH w53:180 out[0] non-finite mismatch (nan/inf positions differ)
  [45424] MISMATCH w53:23 out[0] non-finite mismatch (nan/inf positions differ)
  [45426] MISMATCH w53:273 out[0] max|delta|=1.007e+08 (rtol=0.0 atol=0.0)
  [45435] MISMATCH w53:285 out[0] max|delta|=6.918e+18 (rtol=0.01 atol=0.001)
  [45444] MISMATCH w53:300 out[0] max|delta|=2.306e+18 (rtol=0.0 atol=0.0)
  [45447] MISMATCH w53:202 out[0] max|delta|=4.634e-01 (rtol=0.01 atol=0.001)
  [45449] MISMATCH w53:254 out[0] non-finite mismatch (nan/inf positions differ)
  [45480] MISMATCH w53:29 out[0] non-finite mismatch (nan/inf positions differ)
  [45533] MISMATCH w53:397 out[0] max|delta|=8.000e+00 (rtol=0.01 atol=0.001)
  [45539] MISMATCH w53:42 out[0] max|delta|=1.441e+17 (rtol=0.01 atol=0.001)
  [45586] MISMATCH w53:411 out[0] non-finite mismatch (nan/inf positions differ)
  [45595] MISMATCH w53:473 out[0] max|delta|=6.748e-01 (rtol=0.01 atol=0.001)
  [45616] MISMATCH w53:516 out[0] max|delta|=6.918e+18 (rtol=0.01 atol=0.001)
  [45618] MISMATCH w53:485 out[0] non-finite mismatch (nan/inf positions differ)
  [45622] MISMATCH w53:520 out[0] max|delta|=1.000e+00 (rtol=0.0 atol=0.0)
  [45624] MISMATCH w53:529 out[0] max|delta|=7.000e+00 (rtol=0.0 atol=0.0)
  [45630] MISMATCH w53:531 out[0] max|delta|=2.882e+17 (rtol=0.0 atol=0.0)
  [45635] MISMATCH w53:54 out[0] max|delta|=6.918e+18 (rtol=0.01 atol=0.001)
  [45636] MISMATCH w53:433 out[0] non-finite mismatch (nan/inf positions differ)
  [t= 467s] 45643/75343 (97.8/s)  ok=41223 mism=1943 crash=4 timeout=0 skip=2473  |  inflight=63
  [45659] MISMATCH w53:500 out[0] non-finite mismatch (nan/inf positions differ)
  [45719] MISMATCH w53:628 out[0] max|delta|=1.000e+00 (rtol=0.0 atol=0.0)
  [45736] MISMATCH w53:653 out[0] max|delta|=2.147e+09 (rtol=0.0 atol=0.0)
  [45746] MISMATCH w53:586 out[0] max|delta|=1.014e+00 (rtol=0.01 atol=0.001)
  [45773] MISMATCH w53:642 out[0] non-finite mismatch (nan/inf positions differ)
  [45813] MISMATCH w53:747 out[0] max|delta|=6.918e+18 (rtol=0.01 atol=0.001)
  [45820] MISMATCH w53:664 out[0] max|delta|=4.986e-01 (rtol=0.01 atol=0.001)
  [45829] MISMATCH w53:716 out[0] non-finite mismatch (nan/inf positions differ)
  [45830] MISMATCH w53:762 out[0] max|delta|=6.918e+18 (rtol=0.0 atol=0.0)
  [45842] MISMATCH w53:722 out[0] non-finite mismatch (nan/inf positions differ)
  [45871] MISMATCH w54:117 out[0] max|delta|=9.223e+18 (rtol=0.01 atol=0.001)
  [45883] MISMATCH w54:130 out[0] max|delta|=2.000e+00 (rtol=0.0 atol=0.0)
  [45888] MISMATCH w54:120 out[0] non-finite mismatch (nan/inf positions differ)
  [45901] MISMATCH w54:138 out[0] non-finite mismatch (nan/inf positions differ)
  [45927] MISMATCH w54:12 out[0] non-finite mismatch (nan/inf positions differ)
  [t= 470s] 45946/75343 (97.8/s)  ok=41496 mism=1958 crash=4 timeout=0 skip=2488  |  inflight=63
  [45977] MISMATCH w54:229 out[0] max|delta|=2.000e+00 (rtol=0.01 atol=0.001)
  [45982] MISMATCH w54:187 out[0] non-finite mismatch (nan/inf positions differ)
  [46026] MISMATCH w54:243 out[0] non-finite mismatch (nan/inf positions differ)
  [46053] MISMATCH w54:305 out[0] max|delta|=1.164e+00 (rtol=0.01 atol=0.001)
  [46054] MISMATCH w54:336 out[0] max|delta|=2.306e+18 (rtol=0.01 atol=0.001)
  [46062] MISMATCH w54:317 out[0] non-finite mismatch (nan/inf positions differ)
  [46072] MISMATCH w54:323 out[0] non-finite mismatch (nan/inf positions differ)
  [46109] MISMATCH w54:360 out[0] non-finite mismatch (nan/inf positions differ)
  [46112] MISMATCH w54:34 out[0] non-finite mismatch (nan/inf positions differ)
  [46221] MISMATCH w54:474 out[0] non-finite mismatch (nan/inf positions differ)
  [t= 473s] 46228/75343 (97.8/s)  ok=41754 mism=1968 crash=4 timeout=0 skip=2502  |  inflight=63
  [46249] MISMATCH w54:579 out[0] max|delta|=9.223e+18 (rtol=0.01 atol=0.001)
  [46260] MISMATCH w54:594 out[0] max|delta|=2.306e+18 (rtol=0.0 atol=0.0)
  [46268] MISMATCH w54:548 out[0] non-finite mismatch (nan/inf positions differ)
  [46353] MISMATCH w54:691 out[0] max|delta|=4.000e+00 (rtol=0.01 atol=0.001)
  [46383] MISMATCH w54:649 out[0] non-finite mismatch (nan/inf positions differ)
  [46384] CRASH    w54:640 vgf_runner rc=134: /data/jwen929/mobile/vgf_client/vgf_runner.sh: line 79: 14852
  [46391] MISMATCH w54:74 out[0] max|delta|=1.164e+00 (rtol=0.01 atol=0.001)
  [46404] MISMATCH w54:705 out[0] non-finite mismatch (nan/inf positions differ)
  [46456] MISMATCH w54:779 out[0] non-finite mismatch (nan/inf positions differ)
  [46460] MISMATCH w54:727 out[0] non-finite mismatch (nan/inf positions differ)
  [46471] MISMATCH w55:143 out[0] max|delta|=3.000e+00 (rtol=0.01 atol=0.001)
  [46484] MISMATCH w54:92 out[0] non-finite mismatch (nan/inf positions differ)
  [46509] MISMATCH w55:186 out[0] max|delta|=8.000e+00 (rtol=0.01 atol=0.001)
  [t= 476s] 46532/75343 (97.8/s)  ok=42028 mism=1980 crash=5 timeout=0 skip=2519  |  inflight=63
  [46544] MISMATCH w55:144 out[0] non-finite mismatch (nan/inf positions differ)
  [46577] MISMATCH w55:200 out[0] non-finite mismatch (nan/inf positions differ)
  [46593] MISMATCH w55:276 out[0] non-finite mismatch (nan/inf positions differ)
  [46598] MISMATCH w55:293 out[0] max|delta|=2.306e+18 (rtol=0.01 atol=0.001)
  [46605] MISMATCH w55:305 out[0] non-finite mismatch (nan/inf positions differ)
  [46608] MISMATCH w55:309 out[0] max|delta|=1.000e+00 (rtol=0.0 atol=0.0)
  [46611] MISMATCH w55:274 out[0] non-finite mismatch (nan/inf positions differ)
  [46627] MISMATCH w55:222 out[0] non-finite mismatch (nan/inf positions differ)
  [46707] MISMATCH w55:417 out[0] max|delta|=6.000e+00 (rtol=0.01 atol=0.001)
  [46747] MISMATCH w55:375 out[0] non-finite mismatch (nan/inf positions differ)
  [46762] MISMATCH w55:43 out[0] non-finite mismatch (nan/inf positions differ)
  [46770] MISMATCH w55:431 out[0] non-finite mismatch (nan/inf positions differ)
  [46792] MISMATCH w55:524 out[0] max|delta|=9.223e+18 (rtol=0.01 atol=0.001)
  [46802] MISMATCH w55:536 out[0] non-finite mismatch (nan/inf positions differ)
  [46811] MISMATCH w55:549 out[0] max|delta|=7.000e+00 (rtol=0.0 atol=0.0)
  [46817] MISMATCH w55:505 out[0] non-finite mismatch (nan/inf positions differ)
  [46823] MISMATCH w55:453 out[0] non-finite mismatch (nan/inf positions differ)
  [46825] MISMATCH w55:511 out[0] non-finite mismatch (nan/inf positions differ)
  [t= 479s] 46837/75343 (97.9/s)  ok=42292 mism=1998 crash=5 timeout=0 skip=2542  |  inflight=63
  [46844] MISMATCH w55:520 out[0] non-finite mismatch (nan/inf positions differ)
  [46871] MISMATCH w55:62 out[0] max|delta|=5.765e+17 (rtol=0.01 atol=0.001)
  [46881] MISMATCH w55:58 out[0] non-finite mismatch (nan/inf positions differ)
  [46908] MISMATCH w55:648 out[0] max|delta|=6.000e+00 (rtol=0.01 atol=0.001)
  [46970] MISMATCH w55:662 out[0] non-finite mismatch (nan/inf positions differ)
  [46974] MISMATCH w55:724 out[0] max|delta|=1.174e+00 (rtol=0.01 atol=0.001)
  [46997] MISMATCH w55:767 out[0] max|delta|=6.918e+18 (rtol=0.0 atol=0.0)
  [47008] MISMATCH w55:684 out[0] max|delta|=5.152e-01 (rtol=0.01 atol=0.001)
  [47011] MISMATCH w55:736 out[0] non-finite mismatch (nan/inf positions differ)
  [47023] MISMATCH w55:89 out[0] max|delta|=6.711e+07 (rtol=0.0 atol=0.0)
  [47032] MISMATCH w55:95 out[0] non-finite mismatch (nan/inf positions differ)
  [47097] MISMATCH w56:158 out[0] max|delta|=3.000e+00 (rtol=0.01 atol=0.001)
  [t= 482s] 47097/75343 (97.8/s)  ok=42530 mism=2010 crash=5 timeout=0 skip=2552  |  inflight=63
  [47102] MISMATCH w56:150 out[0] max|delta|=9.223e+18 (rtol=0.0 atol=0.0)
  [47115] MISMATCH w56:15 out[0] non-finite mismatch (nan/inf positions differ)
  [47117] MISMATCH w56:116 out[0] non-finite mismatch (nan/inf positions differ)
  [47157] MISMATCH w56:172 out[0] non-finite mismatch (nan/inf positions differ)
  [47173] MISMATCH w56:265 out[0] max|delta|=2.882e+17 (rtol=0.01 atol=0.001)
  [47176] MISMATCH w56:248 out[0] non-finite mismatch (nan/inf positions differ)
  [47185] MISMATCH w56:277 out[0] non-finite mismatch (nan/inf positions differ)
  [47193] MISMATCH w56:246 out[0] non-finite mismatch (nan/inf positions differ)
  [47335] MISMATCH w56:46 out[0] max|delta|=9.223e+18 (rtol=0.0 atol=0.0)
  [47348] MISMATCH w56:403 out[0] non-finite mismatch (nan/inf positions differ)
  [47363] MISMATCH w56:479 out[0] non-finite mismatch (nan/inf positions differ)
  [47365] MISMATCH w56:496 out[0] max|delta|=4.612e+18 (rtol=0.0 atol=0.0)
  [47385] MISMATCH w56:477 out[0] non-finite mismatch (nan/inf positions differ)
  [47396] MISMATCH w56:508 out[0] max|delta|=2.147e+09 (rtol=0.0 atol=0.0)
  [47403] MISMATCH w56:537 out[0] max|delta|=3.999e-01 (rtol=0.01 atol=0.001)
  [t= 485s] 47405/75343 (97.8/s)  ok=42802 mism=2025 crash=5 timeout=0 skip=2573  |  inflight=63
  [47460] MISMATCH w56:61 out[0] max|delta|=2.147e+09 (rtol=0.0 atol=0.0)
  [47484] MISMATCH w56:620 out[0] max|delta|=1.000e+00 (rtol=0.01 atol=0.001)
  [47536] MISMATCH w56:634 out[0] non-finite mismatch (nan/inf positions differ)
  [47559] MISMATCH w56:710 out[0] non-finite mismatch (nan/inf positions differ)
  [47571] MISMATCH w56:739 out[0] max|delta|=6.918e+18 (rtol=0.01 atol=0.001)
  [47581] MISMATCH w56:708 out[0] non-finite mismatch (nan/inf positions differ)
  [47586] MISMATCH w56:754 out[0] max|delta|=2.306e+18 (rtol=0.0 atol=0.0)
  [47596] MISMATCH w56:714 out[0] non-finite mismatch (nan/inf positions differ)
  [47636] MISMATCH w57:108 out[0] max|delta|=4.000e+00 (rtol=0.0 atol=0.0)
  [t= 488s] 47682/75343 (97.8/s)  ok=43057 mism=2034 crash=5 timeout=0 skip=2586  |  inflight=63
  [47696] MISMATCH w57:179 out[0] max|delta|=3.000e+00 (rtol=0.0 atol=0.0)
  [47703] MISMATCH w57:14 out[0] non-finite mismatch (nan/inf positions differ)
  [47720] MISMATCH w57:109 out[0] max|delta|=4.630e-01 (rtol=0.01 atol=0.001)
  [47727] MISMATCH w57:165 out[0] non-finite mismatch (nan/inf positions differ)
  [47761] MISMATCH w57:258 out[0] max|delta|=1.441e+17 (rtol=0.01 atol=0.001)
  [47774] MISMATCH w57:270 out[0] max|delta|=6.918e+18 (rtol=0.0 atol=0.0)
  [47783] MISMATCH w57:187 out[0] non-finite mismatch (nan/inf positions differ)
  [47784] MISMATCH w57:239 out[0] non-finite mismatch (nan/inf positions differ)
  [47786] MISMATCH w57:285 out[0] max|delta|=1.153e+18 (rtol=0.0 atol=0.0)
  [47796] MISMATCH w57:299 out[0] non-finite mismatch (nan/inf positions differ)
  [47897] MISMATCH w57:39 out[0] max|delta|=2.147e+09 (rtol=0.0 atol=0.0)
  [47930] MISMATCH w57:396 out[0] non-finite mismatch (nan/inf positions differ)
  [47949] MISMATCH w57:418 out[0] non-finite mismatch (nan/inf positions differ)
  [47959] MISMATCH w57:489 out[0] max|delta|=3.459e+18 (rtol=0.0 atol=0.0)
  [47966] MISMATCH w57:472 out[0] non-finite mismatch (nan/inf positions differ)
  [t= 491s] 47971/75343 (97.8/s)  ok=43309 mism=2049 crash=5 timeout=0 skip=2608  |  inflight=63
  [47981] MISMATCH w57:470 out[0] non-finite mismatch (nan/inf positions differ)
  [47982] MISMATCH w57:516 out[0] max|delta|=9.223e+18 (rtol=0.0 atol=0.0)
  [48004] MISMATCH w57:54 out[0] max|delta|=9.223e+18 (rtol=0.0 atol=0.0)
  [48078] MISMATCH w57:613 out[0] max|delta|=1.000e+00 (rtol=0.0 atol=0.0)
  [48106] MISMATCH w57:571 out[0] max|delta|=1.699e+00 (rtol=0.01 atol=0.001)
  [48171] MISMATCH w57:701 out[0] non-finite mismatch (nan/inf positions differ)
  [48176] MISMATCH w57:747 out[0] max|delta|=2.684e+08 (rtol=0.0 atol=0.0)
  [48181] MISMATCH w57:707 out[0] non-finite mismatch (nan/inf positions differ)
  [48188] MISMATCH w57:716 out[0] non-finite mismatch (nan/inf positions differ)
  [48217] MISMATCH w57:79 out[0] non-finite mismatch (nan/inf positions differ)
  [48224] MISMATCH w58:0 out[0] max|delta|=9.223e+18 (rtol=0.01 atol=0.001)
  [48245] MISMATCH w57:8 out[0] non-finite mismatch (nan/inf positions differ)
  [48248] MISMATCH w58:112 out[0] max|delta|=8.000e+00 (rtol=0.01 atol=0.001)
  [t= 494s] 48255/75343 (97.7/s)  ok=43569 mism=2062 crash=5 timeout=0 skip=2619  |  inflight=63
  [48308] MISMATCH w58:126 out[0] non-finite mismatch (nan/inf positions differ)
  [48313] MISMATCH w58:188 out[0] max|delta|=6.750e-01 (rtol=0.01 atol=0.001)
  [48343] MISMATCH w58:234 out[0] non-finite mismatch (nan/inf positions differ)
  [48349] MISMATCH w58:244 out[0] max|delta|=7.000e+00 (rtol=0.0 atol=0.0)
  [48395] MISMATCH w58:300 out[0] max|delta|=4.000e+00 (rtol=0.0 atol=0.0)
  [48446] MISMATCH w58:343 out[0] max|delta|=2.000e+00 (rtol=0.01 atol=0.001)
  [48461] MISMATCH w58:358 out[0] non-finite mismatch (nan/inf positions differ)
  [48470] MISMATCH w58:301 out[0] non-finite mismatch (nan/inf positions differ)
  [48499] MISMATCH w58:40 out[0] non-finite mismatch (nan/inf positions differ)
  [48504] MISMATCH w58:357 out[0] non-finite mismatch (nan/inf positions differ)
  [48525] MISMATCH w58:450 out[0] max|delta|=1.007e+08 (rtol=0.0 atol=0.0)
  [48529] MISMATCH w58:433 out[0] non-finite mismatch (nan/inf positions differ)
  [48535] MISMATCH w58:462 out[0] max|delta|=6.918e+18 (rtol=0.0 atol=0.0)
  [48547] MISMATCH w58:431 out[0] non-finite mismatch (nan/inf positions differ)
  [t= 497s] 48549/75343 (97.7/s)  ok=43830 mism=2076 crash=5 timeout=0 skip=2638  |  inflight=63
  [48630] MISMATCH w58:574 out[0] max|delta|=8.000e+00 (rtol=0.0 atol=0.0)
  [48648] MISMATCH w58:599 out[0] max|delta|=9.223e+18 (rtol=0.0 atol=0.0)
  [48692] MISMATCH w58:588 out[0] non-finite mismatch (nan/inf positions differ)
  [48713] MISMATCH w58:69 out[0] max|delta|=4.000e+00 (rtol=0.0 atol=0.0)
  [48716] MISMATCH w58:693 out[0] max|delta|=6.918e+18 (rtol=0.01 atol=0.001)
  [48728] MISMATCH w58:708 out[0] max|delta|=2.306e+18 (rtol=0.0 atol=0.0)
  [48731] MISMATCH w58:662 out[0] non-finite mismatch (nan/inf positions differ)
  [48748] MISMATCH w58:668 out[0] non-finite mismatch (nan/inf positions differ)
  [48764] MISMATCH w58:677 out[0] non-finite mismatch (nan/inf positions differ)
  [48810] MISMATCH w58:70 out[0] non-finite mismatch (nan/inf positions differ)
  [t= 500s] 48864/75343 (97.8/s)  ok=44125 mism=2086 crash=5 timeout=0 skip=2648  |  inflight=63
  [48894] MISMATCH w59:198 out[0] max|delta|=2.000e+00 (rtol=0.01 atol=0.001)
  [48948] MISMATCH w59:212 out[0] non-finite mismatch (nan/inf positions differ)
  [48984] MISMATCH w59:317 out[0] max|delta|=9.223e+18 (rtol=0.0 atol=0.0)
  [48996] MISMATCH w59:332 out[0] max|delta|=4.612e+18 (rtol=0.0 atol=0.0)
  [49007] MISMATCH w59:286 out[0] non-finite mismatch (nan/inf positions differ)
  [49012] MISMATCH w59:234 out[0] max|delta|=1.698e+00 (rtol=0.01 atol=0.001)
  [49075] MISMATCH w59:429 out[0] max|delta|=7.000e+00 (rtol=0.01 atol=0.001)
  [49136] MISMATCH w59:443 out[0] non-finite mismatch (nan/inf positions differ)
  [t= 503s] 49161/75343 (97.8/s)  ok=44394 mism=2094 crash=5 timeout=0 skip=2668  |  inflight=63
  [49166] MISMATCH w59:536 out[0] max|delta|=1.729e+18 (rtol=0.0 atol=0.0)
  [49188] MISMATCH w59:561 out[0] max|delta|=2.000e+00 (rtol=0.0 atol=0.0)
  [49192] MISMATCH w59:563 out[0] max|delta|=1.441e+17 (rtol=0.0 atol=0.0)
  [49193] MISMATCH w59:517 out[0] non-finite mismatch (nan/inf positions differ)
  [49211] MISMATCH w59:55 out[0] non-finite mismatch (nan/inf positions differ)
  [49280] MISMATCH w59:660 out[0] max|delta|=2.000e+00 (rtol=0.01 atol=0.001)
  [49339] MISMATCH w59:674 out[0] non-finite mismatch (nan/inf positions differ)
  [49367] MISMATCH w59:779 out[0] non-finite mismatch (nan/inf positions differ)
  [49385] MISMATCH w59:99 out[0] max|delta|=8.000e+00 (rtol=0.0 atol=0.0)
  [49386] MISMATCH w59:748 out[0] non-finite mismatch (nan/inf positions differ)
  [49399] MISMATCH w59:696 out[0] non-finite mismatch (nan/inf positions differ)
  [49402] MISMATCH w59:86 out[0] max|delta|=2.147e+09 (rtol=0.0 atol=0.0)
  [49428] MISMATCH w59:763 out[0] non-finite mismatch (nan/inf positions differ)
  [t= 506s] 49474/75343 (97.8/s)  ok=44681 mism=2107 crash=5 timeout=0 skip=2681  |  inflight=63
  [49480] MISMATCH w6:201 out[0] max|delta|=2.000e+00 (rtol=0.01 atol=0.001)
  [49501] MISMATCH w6:159 out[0] max|delta|=1.833e+00 (rtol=0.01 atol=0.001)
  [49539] MISMATCH w6:215 out[0] non-finite mismatch (nan/inf positions differ)
  [49558] MISMATCH w6:291 out[0] non-finite mismatch (nan/inf positions differ)
  [49559] MISMATCH w6:308 out[0] max|delta|=2.882e+17 (rtol=0.01 atol=0.001)
  [49568] MISMATCH w6:320 out[0] max|delta|=9.223e+18 (rtol=0.01 atol=0.001)
  [49580] MISMATCH w6:335 out[0] max|delta|=2.882e+17 (rtol=0.0 atol=0.0)
  [49590] MISMATCH w6:237 out[0] max|delta|=6.813e-01 (rtol=0.01 atol=0.001)
  [49594] MISMATCH w6:333 out[0] non-finite mismatch (nan/inf positions differ)
  [49661] MISMATCH w6:432 out[0] max|delta|=1.000e+00 (rtol=0.0 atol=0.0)
  [49717] MISMATCH w6:446 out[0] non-finite mismatch (nan/inf positions differ)
  [49740] MISMATCH w6:508 out[0] max|delta|=6.748e-01 (rtol=0.01 atol=0.001)
  [49754] MISMATCH w6:522 out[0] non-finite mismatch (nan/inf positions differ)
  [49762] MISMATCH w6:551 out[0] max|delta|=6.918e+18 (rtol=0.01 atol=0.001)
  [49773] MISMATCH w6:566 out[0] max|delta|=6.711e+07 (rtol=0.0 atol=0.0)
  [t= 509s] 49775/75343 (97.8/s)  ok=44950 mism=2122 crash=5 timeout=0 skip=2698  |  inflight=63
  [49783] MISMATCH w6:520 out[0] non-finite mismatch (nan/inf positions differ)
  [49793] MISMATCH w6:572 out[0] non-finite mismatch (nan/inf positions differ)
  [49811] MISMATCH w6:60 out[0] non-finite mismatch (nan/inf positions differ)
  [49828] MISMATCH w6:58 out[0] non-finite mismatch (nan/inf positions differ)
  [49877] MISMATCH w6:6 out[0] non-finite mismatch (nan/inf positions differ)
  [49881] MISMATCH w6:691 out[0] max|delta|=3.000e+00 (rtol=0.0 atol=0.0)
  [49900] MISMATCH w6:621 out[0] non-finite mismatch (nan/inf positions differ)
  [49917] MISMATCH w6:677 out[0] non-finite mismatch (nan/inf positions differ)
  [49958] MISMATCH w6:89 out[0] non-finite mismatch (nan/inf positions differ)
  [49961] MISMATCH w6:699 out[0] max|delta|=1.687e+00 (rtol=0.01 atol=0.001)
  [49967] MISMATCH w6:751 out[0] non-finite mismatch (nan/inf positions differ)
  [49977] MISMATCH w6:757 out[0] non-finite mismatch (nan/inf positions differ)
  [49998] MISMATCH w60:114 out[0] non-finite mismatch (nan/inf positions differ)
  [50008] MISMATCH w60:143 out[0] non-finite mismatch (nan/inf positions differ)
  [50016] MISMATCH w60:112 out[0] non-finite mismatch (nan/inf positions differ)
  [50029] MISMATCH w60:118 out[0] non-finite mismatch (nan/inf positions differ)
  [50033] MISMATCH w60:172 out[0] max|delta|=3.999e-01 (rtol=0.01 atol=0.001)
  [t= 512s] 50051/75343 (97.8/s)  ok=45192 mism=2139 crash=5 timeout=0 skip=2715  |  inflight=63
  [50110] MISMATCH w60:255 out[0] max|delta|=5.000e+00 (rtol=0.01 atol=0.001)
  [50163] MISMATCH w60:269 out[0] non-finite mismatch (nan/inf positions differ)
  [50189] MISMATCH w60:345 out[0] non-finite mismatch (nan/inf positions differ)
  [50210] MISMATCH w60:343 out[0] non-finite mismatch (nan/inf positions differ)
  [50216] MISMATCH w60:389 out[0] max|delta|=9.223e+18 (rtol=0.0 atol=0.0)
  [50245] MISMATCH w60:358 out[0] non-finite mismatch (nan/inf positions differ)
  [50259] MISMATCH w60:38 out[0] non-finite mismatch (nan/inf positions differ)
  [50309] MISMATCH w60:486 out[0] max|delta|=6.000e+00 (rtol=0.01 atol=0.001)
  [t= 515s] 50335/75343 (97.8/s)  ok=45455 mism=2147 crash=5 timeout=0 skip=2728  |  inflight=63
  [50336] MISMATCH w60:444 out[0] non-finite mismatch (nan/inf positions differ)
  [50357] MISMATCH w60:500 out[0] non-finite mismatch (nan/inf positions differ)
  [50401] MISMATCH w60:522 out[0] max|delta|=1.698e+00 (rtol=0.01 atol=0.001)
  [50413] MISMATCH w60:574 out[0] non-finite mismatch (nan/inf positions differ)
  [50417] MISMATCH w60:618 out[0] max|delta|=5.000e+00 (rtol=0.0 atol=0.0)
  [50543] MISMATCH w60:675 out[0] max|delta|=1.373e+00 (rtol=0.01 atol=0.001)
  [50563] MISMATCH w60:731 out[0] non-finite mismatch (nan/inf positions differ)
  [50625] MISMATCH w60:753 out[0] non-finite mismatch (nan/inf positions differ)
  [t= 518s] 50625/75343 (97.8/s)  ok=45717 mism=2155 crash=5 timeout=0 skip=2748  |  inflight=63
  [50628] MISMATCH w61:100 out[0] non-finite mismatch (nan/inf positions differ)
  [50646] MISMATCH w61:193 out[0] non-finite mismatch (nan/inf positions differ)
  [50653] MISMATCH w61:174 out[0] non-finite mismatch (nan/inf positions differ)
  [50662] MISMATCH w61:122 out[0] max|delta|=4.342e-01 (rtol=0.01 atol=0.001)
  [50669] MISMATCH w61:180 out[0] non-finite mismatch (nan/inf positions differ)
  [50676] MISMATCH w61:189 out[0] non-finite mismatch (nan/inf positions differ)
  [50753] MISMATCH w61:317 out[0] max|delta|=3.000e+00 (rtol=0.01 atol=0.001)
  [50804] MISMATCH w61:331 out[0] non-finite mismatch (nan/inf positions differ)
  [50829] MISMATCH w61:424 out[0] max|delta|=1.729e+18 (rtol=0.0 atol=0.0)
  [50847] MISMATCH w61:405 out[0] non-finite mismatch (nan/inf positions differ)
  [50848] MISMATCH w61:451 out[0] max|delta|=7.206e+16 (rtol=0.0 atol=0.0)
  [50870] MISMATCH w61:353 out[0] max|delta|=9.174e-01 (rtol=0.01 atol=0.001)
  [t= 521s] 50914/75343 (97.8/s)  ok=45981 mism=2167 crash=5 timeout=0 skip=2761  |  inflight=63
  [50920] MISMATCH w61:44 out[0] non-finite mismatch (nan/inf positions differ)
  [50938] MISMATCH w61:548 out[0] max|delta|=4.000e+00 (rtol=0.01 atol=0.001)
  [50950] MISMATCH w61:506 out[0] non-finite mismatch (nan/inf positions differ)
  [51001] MISMATCH w61:562 out[0] non-finite mismatch (nan/inf positions differ)
  [51020] MISMATCH w61:638 out[0] non-finite mismatch (nan/inf positions differ)
  [51039] MISMATCH w61:682 out[0] max|delta|=2.306e+18 (rtol=0.0 atol=0.0)
  [51053] MISMATCH w61:636 out[0] non-finite mismatch (nan/inf positions differ)
  [51055] MISMATCH w61:584 out[0] non-finite mismatch (nan/inf positions differ)
  [51132] MISMATCH w61:779 out[0] max|delta|=3.000e+00 (rtol=0.01 atol=0.001)
  [51157] MISMATCH w61:737 out[0] non-finite mismatch (nan/inf positions differ)
  [51210] MISMATCH w62:181 out[0] non-finite mismatch (nan/inf positions differ)
  [t= 524s] 51210/75343 (97.8/s)  ok=46254 mism=2178 crash=5 timeout=0 skip=2773  |  inflight=63
  [51227] MISMATCH w62:150 out[0] non-finite mismatch (nan/inf positions differ)
  [51298] MISMATCH w62:20 out[0] max|delta|=1.373e+00 (rtol=0.01 atol=0.001)
  [51310] MISMATCH w62:293 out[0] max|delta|=2.000e+00 (rtol=0.01 atol=0.001)
  [51341] MISMATCH w62:251 out[0] non-finite mismatch (nan/inf positions differ)
  [51368] MISMATCH w62:307 out[0] non-finite mismatch (nan/inf positions differ)
  [51395] MISMATCH w62:400 out[0] max|delta|=2.147e+09 (rtol=0.0 atol=0.0)
  [51412] MISMATCH w62:381 out[0] non-finite mismatch (nan/inf positions differ)
  [51419] MISMATCH w62:416 out[0] max|delta|=1.000e+00 (rtol=0.0 atol=0.0)
  [51426] MISMATCH w62:412 out[0] max|delta|=1.611e+09 (rtol=0.0 atol=0.0)
  [51435] MISMATCH w62:387 out[0] non-finite mismatch (nan/inf positions differ)
  [51459] MISMATCH w62:481 out[0] max|delta|=4.000e+00 (rtol=0.0 atol=0.0)
  [51495] MISMATCH w62:524 out[0] max|delta|=1.000e+00 (rtol=0.01 atol=0.001)
  [t= 527s] 51499/75343 (97.8/s)  ok=46514 mism=2190 crash=5 timeout=0 skip=2790  |  inflight=63
  [51518] MISMATCH w62:549 out[0] max|delta|=2.147e+09 (rtol=0.0 atol=0.0)
  [51527] MISMATCH w62:482 out[0] non-finite mismatch (nan/inf positions differ)
  [51564] MISMATCH w62:538 out[0] non-finite mismatch (nan/inf positions differ)
  [51574] MISMATCH w62:600 out[0] max|delta|=1.174e+00 (rtol=0.01 atol=0.001)
  [51581] MISMATCH w62:631 out[0] max|delta|=4.612e+18 (rtol=0.01 atol=0.001)
  [51594] MISMATCH w62:62 out[0] max|delta|=1.000e+00 (rtol=0.01 atol=0.001)
  [51595] MISMATCH w62:643 out[0] non-finite mismatch (nan/inf positions differ)
  [51603] MISMATCH w62:656 out[0] max|delta|=5.000e+00 (rtol=0.0 atol=0.0)
  [51604] MISMATCH w62:658 out[0] max|delta|=4.612e+18 (rtol=0.0 atol=0.0)
  [51622] MISMATCH w62:612 out[0] non-finite mismatch (nan/inf positions differ)
  [51638] MISMATCH w62:560 out[0] max|delta|=9.619e-01 (rtol=0.01 atol=0.001)
  [51689] MISMATCH w62:713 out[0] non-finite mismatch (nan/inf positions differ)
  [51691] MISMATCH w62:755 out[0] max|delta|=3.000e+00 (rtol=0.01 atol=0.001)
  [51736] MISMATCH w63:108 out[0] max|delta|=9.223e+18 (rtol=0.0 atol=0.0)
  [51741] MISMATCH w62:76 out[0] non-finite mismatch (nan/inf positions differ)
  [51747] MISMATCH w62:769 out[0] non-finite mismatch (nan/inf positions differ)
  [51749] MISMATCH w63:123 out[0] max|delta|=9.223e+18 (rtol=0.0 atol=0.0)
  [51785] MISMATCH w63:17 out[0] max|delta|=4.000e+00 (rtol=0.0 atol=0.0)
  [51809] MISMATCH w62:98 out[0] non-finite mismatch (nan/inf positions differ)
  [t= 530s] 51809/75343 (97.8/s)  ok=46792 mism=2209 crash=5 timeout=0 skip=2803  |  inflight=63
  [51836] MISMATCH w63:220 out[0] max|delta|=3.000e+00 (rtol=0.01 atol=0.001)
  [51884] MISMATCH w63:234 out[0] non-finite mismatch (nan/inf positions differ)
  [51927] MISMATCH w63:339 out[0] max|delta|=6.918e+18 (rtol=0.01 atol=0.001)
  [51935] MISMATCH w63:25 out[0] non-finite mismatch (nan/inf positions differ)
  [51939] MISMATCH w63:256 out[0] max|delta|=1.754e+00 (rtol=0.01 atol=0.001)
  [51940] MISMATCH w63:3 out[0] non-finite mismatch (nan/inf positions differ)
  [51942] MISMATCH w63:352 out[0] max|delta|=7.000e+00 (rtol=0.0 atol=0.0)
  [52025] MISMATCH w63:451 out[0] max|delta|=6.000e+00 (rtol=0.01 atol=0.001)
  [52088] MISMATCH w63:465 out[0] non-finite mismatch (nan/inf positions differ)
  [t= 533s] 52095/75343 (97.8/s)  ok=47056 mism=2218 crash=5 timeout=0 skip=2816  |  inflight=63
  [52113] MISMATCH w63:558 out[0] max|delta|=7.206e+16 (rtol=0.01 atol=0.001)
  [52139] MISMATCH w63:539 out[0] non-finite mismatch (nan/inf positions differ)
  [52149] MISMATCH w63:545 out[0] non-finite mismatch (nan/inf positions differ)
  [52220] MISMATCH w63:682 out[0] max|delta|=4.000e+00 (rtol=0.0 atol=0.0)
  [52257] MISMATCH w63:640 out[0] max|delta|=9.365e-01 (rtol=0.01 atol=0.001)
  [52310] MISMATCH w63:96 out[0] max|delta|=9.223e+18 (rtol=0.01 atol=0.001)
  [52328] MISMATCH w63:77 out[0] non-finite mismatch (nan/inf positions differ)
  [52330] MISMATCH w63:770 out[0] non-finite mismatch (nan/inf positions differ)
  [52356] MISMATCH w64:151 out[0] max|delta|=9.223e+18 (rtol=0.01 atol=0.001)
  [52359] MISMATCH w63:92 out[0] non-finite mismatch (nan/inf positions differ)
  [52365] MISMATCH w64:132 out[0] non-finite mismatch (nan/inf positions differ)
  [t= 536s] 52379/75343 (97.8/s)  ok=47312 mism=2229 crash=5 timeout=0 skip=2833  |  inflight=63
  [52473] MISMATCH w64:275 out[0] max|delta|=2.000e+00 (rtol=0.0 atol=0.0)
  [52503] MISMATCH w64:233 out[0] max|delta|=1.389e+00 (rtol=0.01 atol=0.001)
  [52563] MISMATCH w64:394 out[0] max|delta|=6.918e+18 (rtol=0.01 atol=0.001)
  [52582] MISMATCH w64:311 out[0] non-finite mismatch (nan/inf positions differ)
  [52583] MISMATCH w64:363 out[0] non-finite mismatch (nan/inf positions differ)
  [52611] MISMATCH w64:406 out[0] non-finite mismatch (nan/inf positions differ)
  [52615] MISMATCH w64:44 out[0] max|delta|=6.000e+00 (rtol=0.0 atol=0.0)
  [52665] MISMATCH w64:506 out[0] max|delta|=6.000e+00 (rtol=0.01 atol=0.001)
  [t= 539s] 52672/75343 (97.8/s)  ok=47584 mism=2237 crash=5 timeout=0 skip=2846  |  inflight=63
  [52716] MISMATCH w64:464 out[0] max|delta|=1.159e+00 (rtol=0.01 atol=0.001)
  [52723] MISMATCH w64:520 out[0] non-finite mismatch (nan/inf positions differ)
  [52748] MISMATCH w64:613 out[0] max|delta|=1.441e+17 (rtol=0.01 atol=0.001)
  [52762] MISMATCH w64:58 out[0] non-finite mismatch (nan/inf positions differ)
  [52776] MISMATCH w64:594 out[0] non-finite mismatch (nan/inf positions differ)
  [52787] MISMATCH w64:542 out[0] non-finite mismatch (nan/inf positions differ)
  [52855] MISMATCH w64:737 out[0] max|delta|=6.000e+00 (rtol=0.01 atol=0.001)
  [52872] MISMATCH w64:695 out[0] non-finite mismatch (nan/inf positions differ)
  [t= 542s] 52965/75343 (97.7/s)  ok=47851 mism=2245 crash=5 timeout=0 skip=2864  |  inflight=63
  [52967] MISMATCH w64:80 out[0] non-finite mismatch (nan/inf positions differ)
  [52989] MISMATCH w65:181 out[0] max|delta|=3.000e+00 (rtol=0.01 atol=0.001)
  [53017] MISMATCH w65:139 out[0] non-finite mismatch (nan/inf positions differ)
  [53055] MISMATCH w65:195 out[0] non-finite mismatch (nan/inf positions differ)
  [53082] MISMATCH w65:269 out[0] non-finite mismatch (nan/inf positions differ)
  [53089] MISMATCH w65:315 out[0] max|delta|=1.441e+17 (rtol=0.0 atol=0.0)
  [53093] MISMATCH w65:217 out[0] non-finite mismatch (nan/inf positions differ)
  [53095] MISMATCH w65:275 out[0] non-finite mismatch (nan/inf positions differ)
  [53099] MISMATCH w65:300 out[0] max|delta|=2.147e+09 (rtol=0.0 atol=0.0)
  [53107] MISMATCH w65:321 out[0] non-finite mismatch (nan/inf positions differ)
  [53130] MISMATCH w65:312 out[0] non-finite mismatch (nan/inf positions differ)
  [53166] MISMATCH w65:40 out[0] non-finite mismatch (nan/inf positions differ)
  [53173] MISMATCH w65:38 out[0] non-finite mismatch (nan/inf positions differ)
  [53186] MISMATCH w65:412 out[0] max|delta|=2.000e+00 (rtol=0.01 atol=0.001)
  [53207] MISMATCH w65:370 out[0] non-finite mismatch (nan/inf positions differ)
  [53225] MISMATCH w65:426 out[0] non-finite mismatch (nan/inf positions differ)
  [t= 545s] 53268/75343 (97.8/s)  ok=48121 mism=2261 crash=5 timeout=0 skip=2881  |  inflight=63
  [53278] MISMATCH w65:544 out[0] max|delta|=4.000e+00 (rtol=0.0 atol=0.0)
  [53279] MISMATCH w65:500 out[0] non-finite mismatch (nan/inf positions differ)
  [53281] MISMATCH w65:546 out[0] max|delta|=1.074e+09 (rtol=0.0 atol=0.0)
  [53285] MISMATCH w65:448 out[0] max|delta|=8.083e-01 (rtol=0.01 atol=0.001)
  [53305] MISMATCH w65:53 out[0] non-finite mismatch (nan/inf positions differ)
  [53366] MISMATCH w65:643 out[0] max|delta|=6.000e+00 (rtol=0.01 atol=0.001)
  [53425] MISMATCH w65:657 out[0] non-finite mismatch (nan/inf positions differ)
  [53468] MISMATCH w65:777 out[0] max|delta|=1.153e+18 (rtol=0.0 atol=0.0)
  [53476] MISMATCH w65:731 out[0] non-finite mismatch (nan/inf positions differ)
  [53479] MISMATCH w65:84 out[0] max|delta|=1.441e+17 (rtol=0.0 atol=0.0)
  [53481] MISMATCH w65:679 out[0] max|delta|=2.149e+00 (rtol=0.01 atol=0.001)
  [53537] MISMATCH w66:149 out[0] max|delta|=7.206e+16 (rtol=0.01 atol=0.001)
  [53547] MISMATCH w66:161 out[0] max|delta|=9.223e+18 (rtol=0.01 atol=0.001)
  [53565] MISMATCH w66:130 out[0] non-finite mismatch (nan/inf positions differ)
  [t= 548s] 53571/75343 (97.8/s)  ok=48387 mism=2275 crash=5 timeout=0 skip=2904  |  inflight=63
  [53648] MISMATCH w66:273 out[0] max|delta|=4.000e+00 (rtol=0.0 atol=0.0)
  [53704] MISMATCH w66:287 out[0] non-finite mismatch (nan/inf positions differ)
  [53719] MISMATCH w66:349 out[0] max|delta|=1.164e+00 (rtol=0.01 atol=0.001)
  [53730] MISMATCH w66:380 out[0] max|delta|=5.765e+17 (rtol=0.01 atol=0.001)
  [53739] MISMATCH w66:392 out[0] max|delta|=6.918e+18 (rtol=0.0 atol=0.0)
  [53752] MISMATCH w66:361 out[0] non-finite mismatch (nan/inf positions differ)
  [53761] MISMATCH w66:309 out[0] non-finite mismatch (nan/inf positions differ)
  [53768] MISMATCH w66:376 out[0] max|delta|=1.000e+00 (rtol=0.01 atol=0.001)
  [53798] MISMATCH w66:461 out[0] max|delta|=4.000e+00 (rtol=0.0 atol=0.0)
  [53839] MISMATCH w66:504 out[0] max|delta|=1.000e+00 (rtol=0.01 atol=0.001)
  [t= 551s] 53880/75343 (97.8/s)  ok=48673 mism=2285 crash=5 timeout=0 skip=2917  |  inflight=63
  [53924] MISMATCH w66:611 out[0] max|delta|=2.147e+09 (rtol=0.0 atol=0.0)
  [53934] MISMATCH w66:623 out[0] max|delta|=6.918e+18 (rtol=0.0 atol=0.0)
  [53942] MISMATCH w66:56 out[0] non-finite mismatch (nan/inf positions differ)
  [53955] MISMATCH w66:652 out[0] max|delta|=3.999e-01 (rtol=0.01 atol=0.001)
  [53957] MISMATCH w66:592 out[0] non-finite mismatch (nan/inf positions differ)
  [54027] MISMATCH w66:735 out[0] max|delta|=7.000e+00 (rtol=0.01 atol=0.001)
  [54076] MISMATCH w66:693 out[0] non-finite mismatch (nan/inf positions differ)
  [54085] MISMATCH w66:749 out[0] non-finite mismatch (nan/inf positions differ)
  [54106] MISMATCH w67:121 out[0] max|delta|=8.000e+00 (rtol=0.01 atol=0.001)
  [t= 554s] 54187/75343 (97.8/s)  ok=48951 mism=2294 crash=5 timeout=0 skip=2937  |  inflight=63
  [54194] MISMATCH w67:157 out[0] non-finite mismatch (nan/inf positions differ)
  [54201] MISMATCH w67:240 out[0] max|delta|=6.918e+18 (rtol=0.01 atol=0.001)
  [54203] MISMATCH w67:209 out[0] non-finite mismatch (nan/inf positions differ)
  [54238] MISMATCH w67:224 out[0] non-finite mismatch (nan/inf positions differ)
  [54303] MISMATCH w67:352 out[0] max|delta|=8.000e+00 (rtol=0.01 atol=0.001)
  [54350] MISMATCH w67:310 out[0] max|delta|=1.580e+00 (rtol=0.01 atol=0.001)
  [54366] MISMATCH w67:366 out[0] non-finite mismatch (nan/inf positions differ)
  [54402] MISMATCH w67:486 out[0] max|delta|=1.153e+18 (rtol=0.0 atol=0.0)
  [54424] MISMATCH w67:471 out[0] max|delta|=2.147e+09 (rtol=0.0 atol=0.0)
  [54427] MISMATCH w67:388 out[0] max|delta|=7.588e-01 (rtol=0.01 atol=0.001)
  [54447] MISMATCH w67:455 out[0] non-finite mismatch (nan/inf positions differ)
  [t= 557s] 54494/75343 (97.9/s)  ok=49231 mism=2305 crash=5 timeout=0 skip=2953  |  inflight=63
  [54536] MISMATCH w67:541 out[0] max|delta|=1.881e+00 (rtol=0.01 atol=0.001)
  [54548] MISMATCH w67:597 out[0] non-finite mismatch (nan/inf positions differ)
  [54580] MISMATCH w67:702 out[0] max|delta|=6.918e+18 (rtol=0.01 atol=0.001)
  [54596] MISMATCH w67:717 out[0] max|delta|=2.306e+18 (rtol=0.0 atol=0.0)
  [54601] MISMATCH w67:619 out[0] max|delta|=7.295e-01 (rtol=0.01 atol=0.001)
  [54674] MISMATCH w67:9 out[0] max|delta|=2.147e+09 (rtol=0.0 atol=0.0)
  [54686] MISMATCH w68:119 out[0] max|delta|=1.000e+00 (rtol=0.01 atol=0.001)
  [54697] MISMATCH w67:772 out[0] non-finite mismatch (nan/inf positions differ)
  [54729] MISMATCH w67:79 out[0] non-finite mismatch (nan/inf positions differ)
  [54739] MISMATCH w68:133 out[0] non-finite mismatch (nan/inf positions differ)
  [54786] MISMATCH w68:207 out[0] non-finite mismatch (nan/inf positions differ)
  [54787] MISMATCH w68:253 out[0] max|delta|=2.306e+18 (rtol=0.0 atol=0.0)
  [54789] MISMATCH w68:155 out[0] non-finite mismatch (nan/inf positions differ)
  [t= 560s] 54793/75343 (97.9/s)  ok=49502 mism=2318 crash=5 timeout=0 skip=2968  |  inflight=63
  [54795] MISMATCH w68:238 out[0] max|delta|=1.611e+09 (rtol=0.0 atol=0.0)
  [54800] MISMATCH w68:213 out[0] non-finite mismatch (nan/inf positions differ)
  [54874] MISMATCH w68:350 out[0] max|delta|=5.000e+00 (rtol=0.0 atol=0.0)
  [54921] MISMATCH w68:308 out[0] non-finite mismatch (nan/inf positions differ)
  [54956] MISMATCH w68:440 out[0] non-finite mismatch (nan/inf positions differ)
  [54962] MISMATCH w68:469 out[0] max|delta|=9.223e+18 (rtol=0.01 atol=0.001)
  [54966] MISMATCH w68:473 out[0] max|delta|=2.550e+02 (rtol=0.0 atol=0.0)
  [54975] MISMATCH w68:482 out[0] max|delta|=6.000e+00 (rtol=0.0 atol=0.0)
  [54978] MISMATCH w68:438 out[0] non-finite mismatch (nan/inf positions differ)
  [54985] MISMATCH w68:386 out[0] non-finite mismatch (nan/inf positions differ)
  [55008] MISMATCH w68:453 out[0] non-finite mismatch (nan/inf positions differ)
  [55062] MISMATCH w68:581 out[0] max|delta|=5.000e+00 (rtol=0.01 atol=0.001)
  [55087] MISMATCH w68:573 out[0] max|delta|=3.277e+04 (rtol=0.0 atol=0.0)
  [t= 563s] 55094/75343 (97.9/s)  ok=49776 mism=2331 crash=5 timeout=0 skip=2982  |  inflight=63
  [55106] MISMATCH w68:539 out[0] non-finite mismatch (nan/inf positions differ)
  [55128] MISMATCH w68:595 out[0] non-finite mismatch (nan/inf positions differ)
  [55142] MISMATCH w68:688 out[0] max|delta|=2.306e+18 (rtol=0.01 atol=0.001)
  [55162] MISMATCH w68:669 out[0] non-finite mismatch (nan/inf positions differ)
  [55178] MISMATCH w68:729 out[0] max|delta|=3.999e-01 (rtol=0.01 atol=0.001)
  [55181] MISMATCH w68:617 out[0] non-finite mismatch (nan/inf positions differ)
  [55184] MISMATCH w68:675 out[0] non-finite mismatch (nan/inf positions differ)
  [55248] MISMATCH w69:110 out[0] max|delta|=4.000e+00 (rtol=0.0 atol=0.0)
  [55275] MISMATCH w69:118 out[0] non-finite mismatch (nan/inf positions differ)
  [55285] MISMATCH w68:77 out[0] non-finite mismatch (nan/inf positions differ)
  [55333] MISMATCH w69:209 out[0] max|delta|=1.000e+00 (rtol=0.01 atol=0.001)
  [55350] MISMATCH w69:14 out[0] max|delta|=1.370e+00 (rtol=0.01 atol=0.001)
  [55395] MISMATCH w69:223 out[0] non-finite mismatch (nan/inf positions differ)
  [t= 566s] 55396/75343 (97.9/s)  ok=50051 mism=2344 crash=5 timeout=0 skip=2996  |  inflight=63
  [55417] MISMATCH w69:316 out[0] max|delta|=7.206e+16 (rtol=0.01 atol=0.001)
  [55438] MISMATCH w69:297 out[0] non-finite mismatch (nan/inf positions differ)
  [55442] MISMATCH w69:328 out[0] max|delta|=1.611e+09 (rtol=0.0 atol=0.0)
  [55551] MISMATCH w69:398 out[0] max|delta|=1.699e+00 (rtol=0.01 atol=0.001)
  [55631] MISMATCH w69:574 out[0] max|delta|=4.612e+18 (rtol=0.0 atol=0.0)
  [55643] MISMATCH w69:528 out[0] non-finite mismatch (nan/inf positions differ)
  [55644] MISMATCH w69:588 out[0] max|delta|=3.999e-01 (rtol=0.01 atol=0.001)
  [55662] MISMATCH w69:476 out[0] non-finite mismatch (nan/inf positions differ)
  [t= 569s] 55700/75343 (97.9/s)  ok=50331 mism=2352 crash=5 timeout=0 skip=3012  |  inflight=63
  [55718] MISMATCH w69:671 out[0] max|delta|=7.000e+00 (rtol=0.01 atol=0.001)
  [55734] MISMATCH w69:68 out[0] non-finite mismatch (nan/inf positions differ)
  [55735] MISMATCH w69:66 out[0] non-finite mismatch (nan/inf positions differ)
  [55756] MISMATCH w69:629 out[0] non-finite mismatch (nan/inf positions differ)
  [55790] MISMATCH w69:685 out[0] non-finite mismatch (nan/inf positions differ)
  [55820] MISMATCH w69:97 out[0] max|delta|=6.918e+18 (rtol=0.01 atol=0.001)
  [55824] MISMATCH w69:759 out[0] non-finite mismatch (nan/inf positions differ)
  [55833] MISMATCH w69:707 out[0] max|delta|=6.837e-01 (rtol=0.01 atol=0.001)
  [55887] MISMATCH w7:166 out[0] max|delta|=3.000e+00 (rtol=0.01 atol=0.001)
  [55907] MISMATCH w7:124 out[0] non-finite mismatch (nan/inf positions differ)
  [55926] MISMATCH w7:180 out[0] non-finite mismatch (nan/inf positions differ)
  [55960] MISMATCH w7:25 out[0] non-finite mismatch (nan/inf positions differ)
  [t= 572s] 55968/75343 (97.9/s)  ok=50572 mism=2364 crash=5 timeout=0 skip=3027  |  inflight=63
  [55973] MISMATCH w7:23 out[0] non-finite mismatch (nan/inf positions differ)
  [55976] MISMATCH w7:285 out[0] max|delta|=9.223e+18 (rtol=0.01 atol=0.001)
  [55983] MISMATCH w7:202 out[0] max|delta|=1.568e+00 (rtol=0.01 atol=0.001)
  [55988] MISMATCH w7:254 out[0] non-finite mismatch (nan/inf positions differ)
  [55991] MISMATCH w7:298 out[0] max|delta|=7.000e+00 (rtol=0.0 atol=0.0)
  [56001] MISMATCH w7:260 out[0] non-finite mismatch (nan/inf positions differ)
  [56031] MISMATCH w7:29 out[0] non-finite mismatch (nan/inf positions differ)
  [56078] MISMATCH w7:397 out[0] max|delta|=6.000e+00 (rtol=0.01 atol=0.001)
  [56108] MISMATCH w7:355 out[0] non-finite mismatch (nan/inf positions differ)
  [56141] MISMATCH w7:411 out[0] non-finite mismatch (nan/inf positions differ)
  [56160] MISMATCH w7:485 out[0] non-finite mismatch (nan/inf positions differ)
  [56176] MISMATCH w7:516 out[0] max|delta|=6.918e+18 (rtol=0.0 atol=0.0)
  [56191] MISMATCH w7:531 out[0] max|delta|=6.711e+07 (rtol=0.0 atol=0.0)
  [56193] MISMATCH w7:433 out[0] non-finite mismatch (nan/inf positions differ)
  [56224] MISMATCH w7:57 out[0] non-finite mismatch (nan/inf positions differ)
  [t= 575s] 56262/75343 (97.9/s)  ok=50835 mism=2379 crash=5 timeout=0 skip=3043  |  inflight=63
  [56310] MISMATCH w7:67 out[0] max|delta|=4.000e+00 (rtol=0.0 atol=0.0)
  [56323] MISMATCH w7:69 out[0] max|delta|=2.147e+09 (rtol=0.0 atol=0.0)
  [56328] MISMATCH w7:642 out[0] non-finite mismatch (nan/inf positions differ)
  [56364] MISMATCH w7:735 out[0] max|delta|=5.765e+17 (rtol=0.0 atol=0.0)
  [56389] MISMATCH w7:716 out[0] non-finite mismatch (nan/inf positions differ)
  [56391] MISMATCH w7:762 out[0] max|delta|=1.729e+18 (rtol=0.0 atol=0.0)
  [56399] MISMATCH w7:722 out[0] non-finite mismatch (nan/inf positions differ)
  [56407] MISMATCH w7:768 out[0] non-finite mismatch (nan/inf positions differ)
  [56448] MISMATCH w70:126 out[0] max|delta|=4.000e+00 (rtol=0.0 atol=0.0)
  [56482] MISMATCH w70:112 out[0] non-finite mismatch (nan/inf positions differ)
  [56516] MISMATCH w70:205 out[0] max|delta|=1.153e+18 (rtol=0.01 atol=0.001)
  [56523] MISMATCH w70:217 out[0] non-finite mismatch (nan/inf positions differ)
  [56529] MISMATCH w70:134 out[0] non-finite mismatch (nan/inf positions differ)
  [56537] MISMATCH w70:232 out[0] max|delta|=7.206e+16 (rtol=0.0 atol=0.0)
  [56538] MISMATCH w70:186 out[0] non-finite mismatch (nan/inf positions differ)
  [56547] MISMATCH w70:238 out[0] non-finite mismatch (nan/inf positions differ)
  [56548] MISMATCH w70:246 out[0] non-finite mismatch (nan/inf positions differ)
  [t= 578s] 56556/75343 (97.9/s)  ok=51095 mism=2396 crash=5 timeout=0 skip=3060  |  inflight=63
  [56623] MISMATCH w70:329 out[0] max|delta|=1.000e+00 (rtol=0.01 atol=0.001)
  [56661] MISMATCH w70:287 out[0] max|delta|=1.888e+00 (rtol=0.01 atol=0.001)
  [56684] MISMATCH w70:343 out[0] non-finite mismatch (nan/inf positions differ)
  [56711] MISMATCH w70:419 out[0] non-finite mismatch (nan/inf positions differ)
  [56728] MISMATCH w70:463 out[0] max|delta|=5.765e+17 (rtol=0.0 atol=0.0)
  [56739] MISMATCH w70:417 out[0] non-finite mismatch (nan/inf positions differ)
  [56740] MISMATCH w70:448 out[0] max|delta|=1.611e+09 (rtol=0.0 atol=0.0)
  [56756] MISMATCH w70:423 out[0] non-finite mismatch (nan/inf positions differ)
  [56794] MISMATCH w70:55 out[0] max|delta|=4.000e+00 (rtol=0.0 atol=0.0)
  [56817] MISMATCH w70:560 out[0] max|delta|=7.000e+00 (rtol=0.01 atol=0.001)
  [t= 581s] 56864/75343 (97.9/s)  ok=51379 mism=2406 crash=5 timeout=0 skip=3074  |  inflight=63
  [56865] MISMATCH w70:574 out[0] non-finite mismatch (nan/inf positions differ)
  [56875] MISMATCH w70:56 out[0] non-finite mismatch (nan/inf positions differ)
  [56915] MISMATCH w70:648 out[0] non-finite mismatch (nan/inf positions differ)
  [56918] MISMATCH w70:596 out[0] non-finite mismatch (nan/inf positions differ)
  [57010] MISMATCH w71:109 out[0] max|delta|=5.765e+17 (rtol=0.0 atol=0.0)
  [57101] MISMATCH w71:206 out[0] max|delta|=1.000e+00 (rtol=0.0 atol=0.0)
  [57126] MISMATCH w71:164 out[0] non-finite mismatch (nan/inf positions differ)
  [t= 584s] 57145/75343 (97.9/s)  ok=51640 mism=2413 crash=5 timeout=0 skip=3087  |  inflight=63
  [57154] MISMATCH w71:220 out[0] non-finite mismatch (nan/inf positions differ)
  [57186] MISMATCH w71:313 out[0] max|delta|=2.882e+17 (rtol=0.01 atol=0.001)
  [57187] MISMATCH w71:296 out[0] non-finite mismatch (nan/inf positions differ)
  [57194] MISMATCH w71:325 out[0] non-finite mismatch (nan/inf positions differ)
  [57208] MISMATCH w71:340 out[0] max|delta|=1.153e+18 (rtol=0.0 atol=0.0)
  [57211] MISMATCH w71:294 out[0] non-finite mismatch (nan/inf positions differ)
  [57216] MISMATCH w71:242 out[0] non-finite mismatch (nan/inf positions differ)
  [57219] MISMATCH w71:300 out[0] non-finite mismatch (nan/inf positions differ)
  [57254] MISMATCH w71:394 out[0] max|delta|=4.000e+00 (rtol=0.0 atol=0.0)
  [57302] MISMATCH w71:395 out[0] non-finite mismatch (nan/inf positions differ)
  [57306] MISMATCH w71:437 out[0] max|delta|=1.000e+00 (rtol=0.0 atol=0.0)
  [57357] MISMATCH w71:451 out[0] non-finite mismatch (nan/inf positions differ)
  [57382] MISMATCH w71:544 out[0] max|delta|=4.323e+17 (rtol=0.0 atol=0.0)
  [57392] MISMATCH w71:556 out[0] max|delta|=6.918e+18 (rtol=0.01 atol=0.001)
  [57413] MISMATCH w71:525 out[0] non-finite mismatch (nan/inf positions differ)
  [57422] MISMATCH w71:531 out[0] non-finite mismatch (nan/inf positions differ)
  [t= 587s] 57424/75343 (97.8/s)  ok=51880 mism=2429 crash=5 timeout=0 skip=3110  |  inflight=63
  [57490] MISMATCH w71:63 out[0] non-finite mismatch (nan/inf positions differ)
  [57499] MISMATCH w71:668 out[0] max|delta|=1.000e+00 (rtol=0.0 atol=0.0)
  [57521] MISMATCH w71:626 out[0] max|delta|=7.295e-01 (rtol=0.01 atol=0.001)
  [57551] MISMATCH w71:682 out[0] non-finite mismatch (nan/inf positions differ)
  [57579] MISMATCH w71:758 out[0] non-finite mismatch (nan/inf positions differ)
  [57594] MISMATCH w71:94 out[0] max|delta|=6.918e+18 (rtol=0.01 atol=0.001)
  [57599] MISMATCH w71:756 out[0] non-finite mismatch (nan/inf positions differ)
  [57604] MISMATCH w72:104 out[0] max|delta|=2.684e+08 (rtol=0.0 atol=0.0)
  [57607] MISMATCH w71:762 out[0] non-finite mismatch (nan/inf positions differ)
  [57615] MISMATCH w72:118 out[0] max|delta|=3.999e-01 (rtol=0.01 atol=0.001)
  [57617] MISMATCH w71:704 out[0] max|delta|=4.209e-01 (rtol=0.01 atol=0.001)
  [57692] MISMATCH w72:201 out[0] max|delta|=1.000e+00 (rtol=0.0 atol=0.0)
  [t= 590s] 57701/75343 (97.8/s)  ok=52132 mism=2441 crash=5 timeout=0 skip=3123  |  inflight=63
  [57736] MISMATCH w72:215 out[0] non-finite mismatch (nan/inf positions differ)
  [57755] CRASH    w72:203 vgf_runner rc=134: /data/jwen929/mobile/vgf_client/vgf_runner.sh: line 79: 20710
  [57756] MISMATCH w72:277 out[0] max|delta|=1.164e+00 (rtol=0.01 atol=0.001)
  [57786] MISMATCH w72:320 out[0] max|delta|=9.223e+18 (rtol=0.01 atol=0.001)
  [57797] MISMATCH w72:333 out[0] max|delta|=5.000e+00 (rtol=0.0 atol=0.0)
  [57799] MISMATCH w72:237 out[0] non-finite mismatch (nan/inf positions differ)
  [57806] MISMATCH w72:289 out[0] non-finite mismatch (nan/inf positions differ)
  [57885] MISMATCH w72:432 out[0] max|delta|=6.000e+00 (rtol=0.01 atol=0.001)
  [57911] MISMATCH w72:46 out[0] max|delta|=1.164e+00 (rtol=0.01 atol=0.001)
  [57941] MISMATCH w72:446 out[0] non-finite mismatch (nan/inf positions differ)
  [57969] MISMATCH w72:539 out[0] max|delta|=5.765e+17 (rtol=0.01 atol=0.001)
  [57977] MISMATCH w72:551 out[0] max|delta|=6.918e+18 (rtol=0.0 atol=0.0)
  [t= 593s] 57984/75343 (97.8/s)  ok=52383 mism=2452 crash=6 timeout=0 skip=3143  |  inflight=63
  [57988] MISMATCH w72:564 out[0] max|delta|=4.000e+00 (rtol=0.0 atol=0.0)
  [57990] MISMATCH w72:566 out[0] max|delta|=2.306e+18 (rtol=0.0 atol=0.0)
  [57992] MISMATCH w72:520 out[0] non-finite mismatch (nan/inf positions differ)
  [57993] MISMATCH w72:468 out[0] max|delta|=8.012e-01 (rtol=0.01 atol=0.001)
  [58023] MISMATCH w72:535 out[0] non-finite mismatch (nan/inf positions differ)
  [58048] MISMATCH w72:58 out[0] non-finite mismatch (nan/inf positions differ)
  [58080] MISMATCH w72:663 out[0] max|delta|=1.000e+00 (rtol=0.0 atol=0.0)
  [58094] MISMATCH w72:64 out[0] non-finite mismatch (nan/inf positions differ)
  [58119] MISMATCH w72:621 out[0] non-finite mismatch (nan/inf positions differ)
  [58162] MISMATCH w72:77 out[0] non-finite mismatch (nan/inf positions differ)
  [58179] MISMATCH w72:89 out[0] max|delta|=6.918e+18 (rtol=0.0 atol=0.0)
  [58187] MISMATCH w72:751 out[0] non-finite mismatch (nan/inf positions differ)
  [58200] MISMATCH w72:757 out[0] non-finite mismatch (nan/inf positions differ)
  [58226] MISMATCH w72:766 out[0] non-finite mismatch (nan/inf positions differ)
  [58230] MISMATCH w73:14 out[0] max|delta|=6.918e+18 (rtol=0.01 atol=0.001)
  [58234] MISMATCH w73:126 out[0] max|delta|=1.000e+00 (rtol=0.01 atol=0.001)
  [58278] MISMATCH w73:140 out[0] non-finite mismatch (nan/inf positions differ)
  [t= 596s] 58289/75343 (97.8/s)  ok=52652 mism=2469 crash=6 timeout=0 skip=3162  |  inflight=63
  [58308] MISMATCH w73:233 out[0] max|delta|=1.153e+18 (rtol=0.01 atol=0.001)
  [58318] MISMATCH w73:245 out[0] non-finite mismatch (nan/inf positions differ)
  [58326] MISMATCH w73:162 out[0] max|delta|=1.359e+00 (rtol=0.01 atol=0.001)
  [58334] MISMATCH w73:214 out[0] non-finite mismatch (nan/inf positions differ)
  [58344] MISMATCH w73:220 out[0] non-finite mismatch (nan/inf positions differ)
  [58427] MISMATCH w73:357 out[0] max|delta|=3.000e+00 (rtol=0.01 atol=0.001)
  [58478] MISMATCH w73:43 out[0] non-finite mismatch (nan/inf positions differ)
  [58485] MISMATCH w73:371 out[0] non-finite mismatch (nan/inf positions differ)
  [58530] MISMATCH w73:445 out[0] non-finite mismatch (nan/inf positions differ)
  [58532] MISMATCH w73:393 out[0] max|delta|=8.628e-01 (rtol=0.01 atol=0.001)
  [58540] MISMATCH w73:476 out[0] max|delta|=1.611e+09 (rtol=0.01 atol=0.001)
  [58542] MISMATCH w73:451 out[0] non-finite mismatch (nan/inf positions differ)
  [t= 599s] 58578/75343 (97.8/s)  ok=52919 mism=2481 crash=6 timeout=0 skip=3172  |  inflight=63
  [58624] MISMATCH w73:588 out[0] max|delta|=1.000e+00 (rtol=0.0 atol=0.0)
  [58655] MISMATCH w73:546 out[0] non-finite mismatch (nan/inf positions differ)
  [58678] MISMATCH w73:602 out[0] non-finite mismatch (nan/inf positions differ)
  [58710] MISMATCH w73:676 out[0] non-finite mismatch (nan/inf positions differ)
  [58739] MISMATCH w73:624 out[0] max|delta|=1.568e+00 (rtol=0.01 atol=0.001)
  [58754] MISMATCH w73:691 out[0] non-finite mismatch (nan/inf positions differ)
  [58788] MISMATCH w74:0 out[0] max|delta|=3.999e-01 (rtol=0.01 atol=0.001)
  [58802] MISMATCH w74:111 out[0] max|delta|=4.000e+00 (rtol=0.0 atol=0.0)
  [58838] MISMATCH w73:84 out[0] non-finite mismatch (nan/inf positions differ)
  [t= 602s] 58857/75343 (97.8/s)  ok=53177 mism=2490 crash=6 timeout=0 skip=3184  |  inflight=63
  [58868] MISMATCH w74:190 out[0] max|delta|=5.033e+07 (rtol=0.0 atol=0.0)
  [58891] MISMATCH w74:171 out[0] non-finite mismatch (nan/inf positions differ)
  [58893] MISMATCH w74:217 out[0] max|delta|=1.441e+17 (rtol=0.0 atol=0.0)
  [58936] MISMATCH w74:271 out[0] max|delta|=4.000e+00 (rtol=0.0 atol=0.0)
  [59005] MISMATCH w74:272 out[0] non-finite mismatch (nan/inf positions differ)
  [59042] MISMATCH w74:328 out[0] non-finite mismatch (nan/inf positions differ)
  [59063] MISMATCH w74:421 out[0] max|delta|=1.153e+18 (rtol=0.01 atol=0.001)
  [59092] MISMATCH w74:402 out[0] non-finite mismatch (nan/inf positions differ)
  [59104] MISMATCH w74:350 out[0] non-finite mismatch (nan/inf positions differ)
  [59139] MISMATCH w74:41 out[0] non-finite mismatch (nan/inf positions differ)
  [t= 605s] 59148/75343 (97.8/s)  ok=53443 mism=2500 crash=6 timeout=0 skip=3199  |  inflight=63
  [59165] MISMATCH w74:545 out[0] max|delta|=1.000e+00 (rtol=0.0 atol=0.0)
  [59205] MISMATCH w74:503 out[0] max|delta|=1.698e+00 (rtol=0.01 atol=0.001)
  [59225] MISMATCH w74:559 out[0] non-finite mismatch (nan/inf positions differ)
  [59252] MISMATCH w74:635 out[0] non-finite mismatch (nan/inf positions differ)
  [59263] MISMATCH w74:664 out[0] max|delta|=6.918e+18 (rtol=0.01 atol=0.001)
  [59267] MISMATCH w74:633 out[0] non-finite mismatch (nan/inf positions differ)
  [59278] MISMATCH w74:679 out[0] max|delta|=2.147e+09 (rtol=0.0 atol=0.0)
  [59396] MISMATCH w74:734 out[0] non-finite mismatch (nan/inf positions differ)
  [t= 608s] 59440/75343 (97.8/s)  ok=53717 mism=2508 crash=6 timeout=0 skip=3209  |  inflight=63
  [59484] MISMATCH w75:11 out[0] non-finite mismatch (nan/inf positions differ)
  [59547] MISMATCH w75:220 out[0] non-finite mismatch (nan/inf positions differ)
  [59561] MISMATCH w75:313 out[0] max|delta|=9.223e+18 (rtol=0.0 atol=0.0)
  [59572] MISMATCH w75:325 out[0] max|delta|=6.918e+18 (rtol=0.0 atol=0.0)
  [59581] MISMATCH w75:329 out[0] max|delta|=3.000e+00 (rtol=0.0 atol=0.0)
  [59584] MISMATCH w75:294 out[0] non-finite mismatch (nan/inf positions differ)
  [59589] MISMATCH w75:242 out[0] non-finite mismatch (nan/inf positions differ)
  [59603] MISMATCH w75:309 out[0] non-finite mismatch (nan/inf positions differ)
  [59608] MISMATCH w75:300 out[0] non-finite mismatch (nan/inf positions differ)
  [59677] MISMATCH w75:437 out[0] max|delta|=5.000e+00 (rtol=0.01 atol=0.001)
  [59731] MISMATCH w75:451 out[0] non-finite mismatch (nan/inf positions differ)
  [59743] MISMATCH w75:51 out[0] max|delta|=1.174e+00 (rtol=0.01 atol=0.001)
  [t= 611s] 59775/75343 (97.8/s)  ok=54019 mism=2520 crash=6 timeout=0 skip=3230  |  inflight=63
  [59777] MISMATCH w75:571 out[0] max|delta|=2.306e+18 (rtol=0.0 atol=0.0)
  [59785] MISMATCH w75:525 out[0] non-finite mismatch (nan/inf positions differ)
  [59798] MISMATCH w75:531 out[0] non-finite mismatch (nan/inf positions differ)
  [59802] MISMATCH w75:556 out[0] max|delta|=2.147e+09 (rtol=0.0 atol=0.0)
  [59821] MISMATCH w75:625 out[0] max|delta|=4.000e+00 (rtol=0.0 atol=0.0)
  [59839] MISMATCH w75:63 out[0] non-finite mismatch (nan/inf positions differ)
  [59866] MISMATCH w75:668 out[0] max|delta|=1.000e+00 (rtol=0.0 atol=0.0)
  [59882] MISMATCH w75:660 out[0] max|delta|=9.223e+18 (rtol=0.0 atol=0.0)
  [59887] MISMATCH w75:626 out[0] non-finite mismatch (nan/inf positions differ)
  [59925] MISMATCH w75:682 out[0] non-finite mismatch (nan/inf positions differ)
  [59959] MISMATCH w75:82 out[0] max|delta|=2.882e+17 (rtol=0.01 atol=0.001)
  [59983] MISMATCH w75:704 out[0] non-finite mismatch (nan/inf positions differ)
  [60037] MISMATCH w76:137 out[0] non-finite mismatch (nan/inf positions differ)
  [60038] MISMATCH w76:181 out[0] max|delta|=7.000e+00 (rtol=0.0 atol=0.0)
  [60040] MISMATCH w76:183 out[0] max|delta|=9.223e+18 (rtol=0.0 atol=0.0)
  [60048] MISMATCH w76:168 out[0] max|delta|=2.147e+09 (rtol=0.0 atol=0.0)
  [60067] MISMATCH w76:143 out[0] max|delta|=1.000e+00 (rtol=0.01 atol=0.001)
  [t= 614s] 60089/75343 (97.9/s)  ok=54297 mism=2537 crash=6 timeout=0 skip=3249  |  inflight=63
  [60203] MISMATCH w76:370 out[0] non-finite mismatch (nan/inf positions differ)
  [60206] MISMATCH w76:387 out[0] max|delta|=7.206e+16 (rtol=0.01 atol=0.001)
  [60216] MISMATCH w76:399 out[0] max|delta|=6.918e+18 (rtol=0.01 atol=0.001)
  [60228] MISMATCH w76:368 out[0] non-finite mismatch (nan/inf positions differ)
  [60235] MISMATCH w76:316 out[0] non-finite mismatch (nan/inf positions differ)
  [60257] MISMATCH w76:420 out[0] non-finite mismatch (nan/inf positions differ)
  [60306] MISMATCH w76:49 out[0] max|delta|=5.000e+00 (rtol=0.01 atol=0.001)
  [60319] MISMATCH w76:511 out[0] max|delta|=3.000e+00 (rtol=0.01 atol=0.001)
  [60383] MISMATCH w76:525 out[0] non-finite mismatch (nan/inf positions differ)
  [t= 617s] 60393/75343 (97.9/s)  ok=54573 mism=2546 crash=6 timeout=0 skip=3268  |  inflight=63
  [60402] MISMATCH w76:601 out[0] non-finite mismatch (nan/inf positions differ)
  [60412] MISMATCH w76:630 out[0] non-finite mismatch (nan/inf positions differ)
  [60422] MISMATCH w76:599 out[0] non-finite mismatch (nan/inf positions differ)
  [60425] MISMATCH w76:645 out[0] max|delta|=5.765e+17 (rtol=0.0 atol=0.0)
  [60436] MISMATCH w76:643 out[0] non-finite mismatch (nan/inf positions differ)
  [60441] MISMATCH w76:605 out[0] non-finite mismatch (nan/inf positions differ)
  [60461] MISMATCH w76:63 out[0] non-finite mismatch (nan/inf positions differ)
  [60515] MISMATCH w76:742 out[0] max|delta|=2.000e+00 (rtol=0.01 atol=0.001)
  [60558] MISMATCH w76:756 out[0] non-finite mismatch (nan/inf positions differ)
  [60596] MISMATCH w76:778 out[0] max|delta|=5.977e-01 (rtol=0.01 atol=0.001)
  [60607] MISMATCH w76:85 out[0] max|delta|=1.016e+00 (rtol=0.01 atol=0.001)
  [60630] MISMATCH w77:102 out[0] non-finite mismatch (nan/inf positions differ)
  [60634] MISMATCH w77:154 out[0] non-finite mismatch (nan/inf positions differ)
  [60652] MISMATCH w77:185 out[0] max|delta|=2.147e+09 (rtol=0.0 atol=0.0)
  [60661] MISMATCH w77:206 out[0] non-finite mismatch (nan/inf positions differ)
  [t= 620s] 60666/75343 (97.8/s)  ok=54815 mism=2561 crash=6 timeout=0 skip=3284  |  inflight=63
  [60679] MISMATCH w77:197 out[0] non-finite mismatch (nan/inf positions differ)
  [60737] MISMATCH w77:297 out[0] max|delta|=8.000e+00 (rtol=0.01 atol=0.001)
  [60820] MISMATCH w77:404 out[0] max|delta|=4.612e+18 (rtol=0.0 atol=0.0)
  [60823] MISMATCH w77:333 out[0] non-finite mismatch (nan/inf positions differ)
  [60839] MISMATCH w77:385 out[0] non-finite mismatch (nan/inf positions differ)
  [60924] MISMATCH w77:528 out[0] max|delta|=2.000e+00 (rtol=0.01 atol=0.001)
  [t= 623s] 60930/75343 (97.8/s)  ok=55059 mism=2567 crash=6 timeout=0 skip=3298  |  inflight=63
  [60999] MISMATCH w77:542 out[0] non-finite mismatch (nan/inf positions differ)
  [61029] MISMATCH w77:616 out[0] non-finite mismatch (nan/inf positions differ)
  [61031] MISMATCH w77:647 out[0] max|delta|=2.147e+09 (rtol=0.0 atol=0.0)
  [61036] MISMATCH w77:66 out[0] max|delta|=1.000e+00 (rtol=0.01 atol=0.001)
  [61063] MISMATCH w77:631 out[0] max|delta|=1.000e+00 (rtol=0.01 atol=0.001)
  [61071] MISMATCH w77:716 out[0] max|delta|=3.000e+00 (rtol=0.01 atol=0.001)
  [61115] MISMATCH w77:759 out[0] max|delta|=1.000e+00 (rtol=0.0 atol=0.0)
  [61154] MISMATCH w77:717 out[0] non-finite mismatch (nan/inf positions differ)
  [61183] MISMATCH w77:80 out[0] non-finite mismatch (nan/inf positions differ)
  [t= 626s] 61229/75343 (97.8/s)  ok=55338 mism=2576 crash=6 timeout=0 skip=3309  |  inflight=63
  [61248] MISMATCH w78:144 out[0] non-finite mismatch (nan/inf positions differ)
  [61295] MISMATCH w78:262 out[0] max|delta|=4.000e+00 (rtol=0.0 atol=0.0)
  [61322] MISMATCH w78:305 out[0] non-finite mismatch (nan/inf positions differ)
  [61338] MISMATCH w78:320 out[0] max|delta|=9.223e+18 (rtol=0.0 atol=0.0)
  [61375] MISMATCH w78:374 out[0] max|delta|=3.000e+00 (rtol=0.01 atol=0.001)
  [61425] MISMATCH w78:417 out[0] max|delta|=8.000e+00 (rtol=0.01 atol=0.001)
  [61450] MISMATCH w78:375 out[0] non-finite mismatch (nan/inf positions differ)
  [61476] MISMATCH w78:43 out[0] non-finite mismatch (nan/inf positions differ)
  [61481] MISMATCH w78:431 out[0] non-finite mismatch (nan/inf positions differ)
  [t= 629s] 61521/75343 (97.8/s)  ok=55603 mism=2585 crash=6 timeout=0 skip=3327  |  inflight=63
  [61533] MISMATCH w78:453 out[0] non-finite mismatch (nan/inf positions differ)
  [61534] MISMATCH w78:536 out[0] max|delta|=1.611e+09 (rtol=0.01 atol=0.001)
  [61538] MISMATCH w78:505 out[0] non-finite mismatch (nan/inf positions differ)
  [61539] MISMATCH w78:565 out[0] max|delta|=3.999e-01 (rtol=0.01 atol=0.001)
  [61569] MISMATCH w78:605 out[0] max|delta|=3.000e+00 (rtol=0.01 atol=0.001)
  [61595] MISMATCH w78:58 out[0] non-finite mismatch (nan/inf positions differ)
  [61614] MISMATCH w78:648 out[0] max|delta|=8.000e+00 (rtol=0.01 atol=0.001)
  [61653] MISMATCH w78:606 out[0] max|delta|=1.754e+00 (rtol=0.01 atol=0.001)
  [61673] MISMATCH w78:724 out[0] max|delta|=1.164e+00 (rtol=0.01 atol=0.001)
  [61679] MISMATCH w78:74 out[0] max|delta|=9.223e+18 (rtol=0.01 atol=0.001)
  [61718] MISMATCH w78:736 out[0] non-finite mismatch (nan/inf positions differ)
  [61733] MISMATCH w78:742 out[0] non-finite mismatch (nan/inf positions differ)
  [61737] MISMATCH w78:751 out[0] non-finite mismatch (nan/inf positions differ)
  [61787] MISMATCH w79:169 out[0] max|delta|=6.918e+18 (rtol=0.01 atol=0.001)
  [61799] MISMATCH w79:138 out[0] non-finite mismatch (nan/inf positions differ)
  [61802] MISMATCH w79:184 out[0] max|delta|=1.153e+18 (rtol=0.0 atol=0.0)
  [t= 632s] 61815/75343 (97.8/s)  ok=55864 mism=2601 crash=6 timeout=0 skip=3344  |  inflight=63
  [61887] MISMATCH w79:281 out[0] max|delta|=6.000e+00 (rtol=0.01 atol=0.001)
  [61927] MISMATCH w79:239 out[0] non-finite mismatch (nan/inf positions differ)
  [61952] MISMATCH w79:295 out[0] non-finite mismatch (nan/inf positions differ)
  [61972] MISMATCH w79:388 out[0] non-finite mismatch (nan/inf positions differ)
  [61984] MISMATCH w79:400 out[0] non-finite mismatch (nan/inf positions differ)
  [61992] MISMATCH w79:369 out[0] non-finite mismatch (nan/inf positions differ)
  [61994] MISMATCH w79:415 out[0] max|delta|=1.441e+17 (rtol=0.0 atol=0.0)
  [62002] MISMATCH w79:384 out[0] non-finite mismatch (nan/inf positions differ)
  [62089] MISMATCH w79:512 out[0] max|delta|=8.000e+00 (rtol=0.01 atol=0.001)
  [t= 635s] 62092/75343 (97.8/s)  ok=56116 mism=2610 crash=6 timeout=0 skip=3360  |  inflight=63
  [62118] MISMATCH w79:470 out[0] non-finite mismatch (nan/inf positions differ)
  [62147] MISMATCH w79:526 out[0] non-finite mismatch (nan/inf positions differ)
  [62164] MISMATCH w79:619 out[0] max|delta|=2.147e+09 (rtol=0.0 atol=0.0)
  [62174] MISMATCH w79:631 out[0] max|delta|=6.918e+18 (rtol=0.01 atol=0.001)
  [62186] MISMATCH w79:646 out[0] max|delta|=9.223e+18 (rtol=0.0 atol=0.0)
  [62192] MISMATCH w79:600 out[0] non-finite mismatch (nan/inf positions differ)
  [62198] MISMATCH w79:660 out[0] max|delta|=3.999e-01 (rtol=0.01 atol=0.001)
  [62225] MISMATCH w79:615 out[0] non-finite mismatch (nan/inf positions differ)
  [62230] MISMATCH w79:700 out[0] max|delta|=4.000e+00 (rtol=0.0 atol=0.0)
  [62239] MISMATCH w79:64 out[0] non-finite mismatch (nan/inf positions differ)
  [62323] MISMATCH w79:757 out[0] non-finite mismatch (nan/inf positions differ)
  [62333] MISMATCH w8:102 out[0] max|delta|=1.000e+00 (rtol=0.0 atol=0.0)
  [62372] MISMATCH w79:779 out[0] max|delta|=1.580e+00 (rtol=0.01 atol=0.001)
  [62373] MISMATCH w79:8 out[0] non-finite mismatch (nan/inf positions differ)
  [62384] MISMATCH w8:116 out[0] non-finite mismatch (nan/inf positions differ)
  [62385] MISMATCH w79:86 out[0] non-finite mismatch (nan/inf positions differ)
  [t= 638s] 62398/75343 (97.8/s)  ok=56393 mism=2626 crash=6 timeout=0 skip=3373  |  inflight=63
  [62411] MISMATCH w8:209 out[0] max|delta|=1.441e+17 (rtol=0.01 atol=0.001)
  [62420] MISMATCH w8:221 out[0] max|delta|=6.918e+18 (rtol=0.01 atol=0.001)
  [62433] MISMATCH w8:138 out[0] non-finite mismatch (nan/inf positions differ)
  [62438] MISMATCH w8:190 out[0] non-finite mismatch (nan/inf positions differ)
  [62446] MISMATCH w8:250 out[0] max|delta|=3.999e-01 (rtol=0.01 atol=0.001)
  [62496] MISMATCH w8:30 out[0] non-finite mismatch (nan/inf positions differ)
  [62526] MISMATCH w8:333 out[0] max|delta|=5.000e+00 (rtol=0.01 atol=0.001)
  [62575] MISMATCH w8:359 out[0] max|delta|=4.000e+00 (rtol=0.0 atol=0.0)
  [62602] MISMATCH w8:423 out[0] non-finite mismatch (nan/inf positions differ)
  [62621] MISMATCH w8:421 out[0] non-finite mismatch (nan/inf positions differ)
  [62627] MISMATCH w8:467 out[0] max|delta|=1.441e+17 (rtol=0.0 atol=0.0)
  [62640] MISMATCH w8:427 out[0] non-finite mismatch (nan/inf positions differ)
  [62644] MISMATCH w8:452 out[0] max|delta|=2.147e+09 (rtol=0.0 atol=0.0)
  [t= 641s] 62701/75343 (97.8/s)  ok=56672 mism=2639 crash=6 timeout=0 skip=3384  |  inflight=63
  [62755] MISMATCH w8:522 out[0] non-finite mismatch (nan/inf positions differ)
  [62773] MISMATCH w8:578 out[0] non-finite mismatch (nan/inf positions differ)
  [62794] MISMATCH w8:671 out[0] max|delta|=7.206e+16 (rtol=0.01 atol=0.001)
  [62808] MISMATCH w8:652 out[0] non-finite mismatch (nan/inf positions differ)
  [62815] MISMATCH w8:60 out[0] max|delta|=1.699e+00 (rtol=0.01 atol=0.001)
  [62817] MISMATCH w8:698 out[0] max|delta|=9.223e+18 (rtol=0.0 atol=0.0)
  [62976] MISMATCH w80:176 out[0] max|delta|=1.000e+00 (rtol=0.01 atol=0.001)
  [t= 644s] 62982/75343 (97.8/s)  ok=56932 mism=2646 crash=6 timeout=0 skip=3398  |  inflight=63
  [63014] MISMATCH w80:134 out[0] non-finite mismatch (nan/inf positions differ)
  [63033] MISMATCH w80:190 out[0] non-finite mismatch (nan/inf positions differ)
  [63062] MISMATCH w80:264 out[0] non-finite mismatch (nan/inf positions differ)
  [63087] MISMATCH w80:212 out[0] max|delta|=1.578e+00 (rtol=0.01 atol=0.001)
  [63130] MISMATCH w80:35 out[0] non-finite mismatch (nan/inf positions differ)
  [63144] MISMATCH w80:33 out[0] non-finite mismatch (nan/inf positions differ)
  [63167] MISMATCH w80:407 out[0] max|delta|=3.000e+00 (rtol=0.01 atol=0.001)
  [63199] MISMATCH w80:365 out[0] max|delta|=2.852e-01 (rtol=0.01 atol=0.001)
  [63239] MISMATCH w80:483 out[0] max|delta|=1.000e+00 (rtol=0.0 atol=0.0)
  [63264] MISMATCH w80:52 out[0] max|delta|=9.223e+18 (rtol=0.01 atol=0.001)
  [63265] MISMATCH w80:526 out[0] max|delta|=9.223e+18 (rtol=0.0 atol=0.0)
  [t= 647s] 63272/75343 (97.8/s)  ok=57189 mism=2657 crash=6 timeout=0 skip=3420  |  inflight=63
  [63283] MISMATCH w80:495 out[0] non-finite mismatch (nan/inf positions differ)
  [63286] MISMATCH w80:443 out[0] max|delta|=1.373e+00 (rtol=0.01 atol=0.001)
  [63290] MISMATCH w80:501 out[0] non-finite mismatch (nan/inf positions differ)
  [63376] MISMATCH w80:638 out[0] max|delta|=5.000e+00 (rtol=0.01 atol=0.001)
  [63430] MISMATCH w80:652 out[0] non-finite mismatch (nan/inf positions differ)
  [63452] MISMATCH w80:745 out[0] max|delta|=4.612e+18 (rtol=0.01 atol=0.001)
  [63462] MISMATCH w80:757 out[0] max|delta|=6.918e+18 (rtol=0.01 atol=0.001)
  [63474] MISMATCH w80:726 out[0] non-finite mismatch (nan/inf positions differ)
  [63485] MISMATCH w80:79 out[0] max|delta|=5.765e+17 (rtol=0.0 atol=0.0)
  [63503] MISMATCH w81:100 out[0] max|delta|=3.999e-01 (rtol=0.01 atol=0.001)
  [t= 650s] 63569/75343 (97.8/s)  ok=57459 mism=2667 crash=6 timeout=0 skip=3437  |  inflight=63
  [63578] MISMATCH w81:183 out[0] max|delta|=1.000e+00 (rtol=0.01 atol=0.001)
  [63636] MISMATCH w81:197 out[0] non-finite mismatch (nan/inf positions differ)
  [63681] MISMATCH w81:271 out[0] non-finite mismatch (nan/inf positions differ)
  [63718] MISMATCH w81:286 out[0] non-finite mismatch (nan/inf positions differ)
  [63770] MISMATCH w81:414 out[0] max|delta|=1.000e+00 (rtol=0.0 atol=0.0)
  [63782] MISMATCH w81:40 out[0] non-finite mismatch (nan/inf positions differ)
  [63789] MISMATCH w81:406 out[0] max|delta|=1.270e+02 (rtol=0.0 atol=0.0)
  [63852] MISMATCH w81:521 out[0] max|delta|=4.612e+18 (rtol=0.0 atol=0.0)
  [63859] MISMATCH w81:536 out[0] non-finite mismatch (nan/inf positions differ)
  [63868] MISMATCH w81:502 out[0] non-finite mismatch (nan/inf positions differ)
  [63870] MISMATCH w81:548 out[0] max|delta|=4.612e+18 (rtol=0.0 atol=0.0)
  [63876] MISMATCH w81:533 out[0] max|delta|=1.611e+09 (rtol=0.0 atol=0.0)
  [t= 653s] 63885/75343 (97.8/s)  ok=57745 mism=2679 crash=6 timeout=0 skip=3455  |  inflight=63
  [63904] MISMATCH w81:59 out[0] non-finite mismatch (nan/inf positions differ)
  [63913] MISMATCH w81:602 out[0] max|delta|=4.000e+00 (rtol=0.0 atol=0.0)
  [63960] MISMATCH w81:645 out[0] max|delta|=1.000e+00 (rtol=0.0 atol=0.0)
  [64030] MISMATCH w81:735 out[0] non-finite mismatch (nan/inf positions differ)
  [64040] MISMATCH w81:75 out[0] max|delta|=2.550e+02 (rtol=0.0 atol=0.0)
  [64054] MISMATCH w81:733 out[0] non-finite mismatch (nan/inf positions differ)
  [64060] MISMATCH w81:681 out[0] non-finite mismatch (nan/inf positions differ)
  [64061] MISMATCH w81:779 out[0] max|delta|=9.223e+18 (rtol=0.0 atol=0.0)
  [64085] MISMATCH w81:764 out[0] max|delta|=2.147e+09 (rtol=0.0 atol=0.0)
  [64109] MISMATCH w82:130 out[0] max|delta|=2.306e+18 (rtol=0.01 atol=0.001)
  [64116] MISMATCH w82:142 out[0] max|delta|=6.918e+18 (rtol=0.01 atol=0.001)
  [64129] MISMATCH w82:157 out[0] max|delta|=7.206e+16 (rtol=0.0 atol=0.0)
  [64130] MISMATCH w82:111 out[0] non-finite mismatch (nan/inf positions differ)
  [64158] MISMATCH w82:126 out[0] non-finite mismatch (nan/inf positions differ)
  [t= 656s] 64183/75343 (97.8/s)  ok=58016 mism=2693 crash=6 timeout=0 skip=3468  |  inflight=63
  [64193] MISMATCH w82:23 out[0] max|delta|=3.000e+00 (rtol=0.01 atol=0.001)
  [64217] MISMATCH w82:254 out[0] max|delta|=5.000e+00 (rtol=0.01 atol=0.001)
  [64264] MISMATCH w82:212 out[0] non-finite mismatch (nan/inf positions differ)
  [64287] MISMATCH w82:268 out[0] non-finite mismatch (nan/inf positions differ)
  [64297] MISMATCH w82:344 out[0] non-finite mismatch (nan/inf positions differ)
  [64306] MISMATCH w82:373 out[0] max|delta|=9.223e+18 (rtol=0.01 atol=0.001)
  [64320] MISMATCH w82:388 out[0] max|delta|=1.074e+09 (rtol=0.0 atol=0.0)
  [64330] MISMATCH w82:386 out[0] non-finite mismatch (nan/inf positions differ)
  [64335] MISMATCH w82:348 out[0] non-finite mismatch (nan/inf positions differ)
  [64337] MISMATCH w82:342 out[0] non-finite mismatch (nan/inf positions differ)
  [64359] MISMATCH w82:37 out[0] non-finite mismatch (nan/inf positions differ)
  [64413] MISMATCH w82:485 out[0] max|delta|=2.000e+00 (rtol=0.01 atol=0.001)
  [64437] MISMATCH w82:443 out[0] non-finite mismatch (nan/inf positions differ)
  [64453] MISMATCH w82:533 out[0] non-finite mismatch (nan/inf positions differ)
  [64458] MISMATCH w82:499 out[0] non-finite mismatch (nan/inf positions differ)
  [t= 659s] 64491/75343 (97.8/s)  ok=58293 mism=2708 crash=6 timeout=0 skip=3484  |  inflight=63
  [64492] MISMATCH w82:575 out[0] non-finite mismatch (nan/inf positions differ)
  [64503] MISMATCH w82:521 out[0] non-finite mismatch (nan/inf positions differ)
  [64504] MISMATCH w82:604 out[0] max|delta|=9.223e+18 (rtol=0.01 atol=0.001)
  [64513] MISMATCH w82:579 out[0] non-finite mismatch (nan/inf positions differ)
  [64521] MISMATCH w82:617 out[0] max|delta|=5.000e+00 (rtol=0.0 atol=0.0)
  [64522] MISMATCH w82:619 out[0] max|delta|=2.147e+09 (rtol=0.0 atol=0.0)
  [64538] MISMATCH w82:644 out[0] max|delta|=6.000e+00 (rtol=0.0 atol=0.0)
  [64595] MISMATCH w82:708 out[0] max|delta|=3.277e+04 (rtol=0.0 atol=0.0)
  [64613] MISMATCH w82:716 out[0] max|delta|=3.000e+00 (rtol=0.01 atol=0.001)
  [64649] MISMATCH w82:674 out[0] non-finite mismatch (nan/inf positions differ)
  [64703] MISMATCH w83:141 out[0] max|delta|=9.223e+18 (rtol=0.0 atol=0.0)
  [64716] MISMATCH w82:752 out[0] max|delta|=1.757e+00 (rtol=0.01 atol=0.001)
  [64748] MISMATCH w83:138 out[0] non-finite mismatch (nan/inf positions differ)
  [t= 662s] 64776/75343 (97.8/s)  ok=58547 mism=2721 crash=6 timeout=0 skip=3502  |  inflight=63
  [64787] MISMATCH w83:21 out[0] non-finite mismatch (nan/inf positions differ)
  [64802] MISMATCH w83:238 out[0] max|delta|=7.000e+00 (rtol=0.01 atol=0.001)
  [64822] MISMATCH w83:196 out[0] non-finite mismatch (nan/inf positions differ)
  [64853] MISMATCH w83:252 out[0] non-finite mismatch (nan/inf positions differ)
  [64869] MISMATCH w83:314 out[0] max|delta|=6.750e-01 (rtol=0.01 atol=0.001)
  [64890] MISMATCH w83:274 out[0] non-finite mismatch (nan/inf positions differ)
  [64895] MISMATCH w83:357 out[0] non-finite mismatch (nan/inf positions differ)
  [64908] MISMATCH w83:326 out[0] non-finite mismatch (nan/inf positions differ)
  [64987] MISMATCH w83:43 out[0] non-finite mismatch (nan/inf positions differ)
  [64996] MISMATCH w83:469 out[0] max|delta|=1.000e+00 (rtol=0.01 atol=0.001)
  [65011] MISMATCH w83:427 out[0] max|delta|=1.754e+00 (rtol=0.01 atol=0.001)
  [t= 665s] 65053/75343 (97.8/s)  ok=58792 mism=2732 crash=6 timeout=0 skip=3523  |  inflight=63
  [65059] MISMATCH w83:483 out[0] non-finite mismatch (nan/inf positions differ)
  [65079] MISMATCH w83:576 out[0] max|delta|=1.441e+17 (rtol=0.01 atol=0.001)
  [65102] MISMATCH w83:557 out[0] non-finite mismatch (nan/inf positions differ)
  [65108] MISMATCH w83:505 out[0] non-finite mismatch (nan/inf positions differ)
  [65183] MISMATCH w83:7 out[0] max|delta|=6.000e+00 (rtol=0.01 atol=0.001)
  [65196] MISMATCH w83:700 out[0] max|delta|=6.000e+00 (rtol=0.0 atol=0.0)
  [65221] MISMATCH w83:658 out[0] max|delta|=2.493e+00 (rtol=0.01 atol=0.001)
  [65250] MISMATCH w83:714 out[0] non-finite mismatch (nan/inf positions differ)
  [65275] MISMATCH w83:83 out[0] max|delta|=1.164e+00 (rtol=0.01 atol=0.001)
  [65277] MISMATCH w84:110 out[0] non-finite mismatch (nan/inf positions differ)
  [65285] MISMATCH w84:122 out[0] max|delta|=6.918e+18 (rtol=0.01 atol=0.001)
  [65298] MISMATCH w84:137 out[0] max|delta|=1.441e+17 (rtol=0.0 atol=0.0)
  [65306] MISMATCH w83:95 out[0] non-finite mismatch (nan/inf positions differ)
  [65309] MISMATCH w83:736 out[0] non-finite mismatch (nan/inf positions differ)
  [65318] MISMATCH w84:106 out[0] non-finite mismatch (nan/inf positions differ)
  [t= 668s] 65352/75343 (97.8/s)  ok=59058 mism=2747 crash=6 timeout=0 skip=3541  |  inflight=63
  [65372] MISMATCH w84:17 out[0] non-finite mismatch (nan/inf positions differ)
  [65394] MISMATCH w84:234 out[0] max|delta|=2.000e+00 (rtol=0.01 atol=0.001)
  [65444] MISMATCH w84:248 out[0] non-finite mismatch (nan/inf positions differ)
  [65450] MISMATCH w84:3 out[0] max|delta|=4.000e+00 (rtol=0.01 atol=0.001)
  [65481] MISMATCH w84:353 out[0] max|delta|=6.918e+18 (rtol=0.0 atol=0.0)
  [65492] MISMATCH w84:322 out[0] non-finite mismatch (nan/inf positions differ)
  [65502] MISMATCH w84:328 out[0] non-finite mismatch (nan/inf positions differ)
  [65590] MISMATCH w84:465 out[0] max|delta|=6.000e+00 (rtol=0.01 atol=0.001)
  [65591] MISMATCH w84:39 out[0] non-finite mismatch (nan/inf positions differ)
  [65633] MISMATCH w84:423 out[0] non-finite mismatch (nan/inf positions differ)
  [t= 671s] 65636/75343 (97.8/s)  ok=59321 mism=2757 crash=6 timeout=0 skip=3552  |  inflight=63
  [65654] MISMATCH w84:479 out[0] non-finite mismatch (nan/inf positions differ)
  [65691] MISMATCH w84:553 out[0] non-finite mismatch (nan/inf positions differ)
  [65765] MISMATCH w84:688 out[0] max|delta|=4.295e+09 (rtol=0.0 atol=0.0)
  [65776] MISMATCH w84:696 out[0] max|delta|=4.000e+00 (rtol=0.0 atol=0.0)
  [65807] MISMATCH w84:654 out[0] non-finite mismatch (nan/inf positions differ)
  [65829] MISMATCH w84:710 out[0] non-finite mismatch (nan/inf positions differ)
  [65861] MISMATCH w84:93 out[0] non-finite mismatch (nan/inf positions differ)
  [65887] MISMATCH w85:127 out[0] non-finite mismatch (nan/inf positions differ)
  [65896] MISMATCH w85:129 out[0] non-finite mismatch (nan/inf positions differ)
  [65910] MISMATCH w85:158 out[0] non-finite mismatch (nan/inf positions differ)
  [65914] MISMATCH w84:97 out[0] non-finite mismatch (nan/inf positions differ)
  [65920] MISMATCH w85:171 out[0] max|delta|=7.000e+00 (rtol=0.0 atol=0.0)
  [t= 674s] 65928/75343 (97.8/s)  ok=59580 mism=2769 crash=6 timeout=0 skip=3573  |  inflight=63
  [66004] MISMATCH w85:270 out[0] max|delta|=3.000e+00 (rtol=0.01 atol=0.001)
  [66044] MISMATCH w85:228 out[0] non-finite mismatch (nan/inf positions differ)
  [66056] MISMATCH w85:284 out[0] non-finite mismatch (nan/inf positions differ)
  [66082] MISMATCH w85:377 out[0] max|delta|=4.612e+18 (rtol=0.01 atol=0.001)
  [66092] MISMATCH w85:389 out[0] max|delta|=9.223e+18 (rtol=0.01 atol=0.001)
  [66108] MISMATCH w85:39 out[0] max|delta|=6.000e+00 (rtol=0.01 atol=0.001)
  [66118] MISMATCH w85:418 out[0] max|delta|=3.999e-01 (rtol=0.01 atol=0.001)
  [66180] CRASH    w85:387 vgf_runner rc=134: /data/jwen929/mobile/vgf_client/vgf_runner.sh: line 79: 25053
  [66205] MISMATCH w85:501 out[0] max|delta|=4.000e+00 (rtol=0.01 atol=0.001)
  [t= 677s] 66211/75343 (97.8/s)  ok=59840 mism=2777 crash=7 timeout=0 skip=3587  |  inflight=63
  [66235] MISMATCH w85:459 out[0] non-finite mismatch (nan/inf positions differ)
  [66252] MISMATCH w85:515 out[0] non-finite mismatch (nan/inf positions differ)
  [66299] MISMATCH w85:620 out[0] max|delta|=6.918e+18 (rtol=0.01 atol=0.001)
  [66312] MISMATCH w85:635 out[0] max|delta|=9.223e+18 (rtol=0.0 atol=0.0)
  [66313] MISMATCH w85:589 out[0] non-finite mismatch (nan/inf positions differ)
  [66406] MISMATCH w85:732 out[0] max|delta|=6.000e+00 (rtol=0.01 atol=0.001)
  [66420] MISMATCH w85:690 out[0] max|delta|=1.754e+00 (rtol=0.01 atol=0.001)
  [t= 680s] 66466/75343 (97.7/s)  ok=60075 mism=2784 crash=7 timeout=0 skip=3600  |  inflight=63
  [66470] MISMATCH w85:75 out[0] max|delta|=1.833e+00 (rtol=0.01 atol=0.001)
  [66490] MISMATCH w86:118 out[0] non-finite mismatch (nan/inf positions differ)
  [66492] MISMATCH w85:768 out[0] max|delta|=1.568e+00 (rtol=0.01 atol=0.001)
  [66498] MISMATCH w86:0 out[0] non-finite mismatch (nan/inf positions differ)
  [66614] MISMATCH w86:231 out[0] non-finite mismatch (nan/inf positions differ)
  [66648] MISMATCH w86:22 out[0] max|delta|=5.526e-01 (rtol=0.01 atol=0.001)
  [66655] MISMATCH w86:324 out[0] max|delta|=7.206e+16 (rtol=0.01 atol=0.001)
  [66656] MISMATCH w86:253 out[0] non-finite mismatch (nan/inf positions differ)
  [66666] MISMATCH w86:336 out[0] max|delta|=6.918e+18 (rtol=0.01 atol=0.001)
  [66693] MISMATCH w86:305 out[0] non-finite mismatch (nan/inf positions differ)
  [66700] MISMATCH w86:357 out[0] non-finite mismatch (nan/inf positions differ)
  [66725] MISMATCH w86:320 out[0] non-finite mismatch (nan/inf positions differ)
  [t= 683s] 66762/75343 (97.7/s)  ok=60345 mism=2796 crash=7 timeout=0 skip=3614  |  inflight=63
  [66833] MISMATCH w86:462 out[0] non-finite mismatch (nan/inf positions differ)
  [66851] MISMATCH w86:555 out[0] max|delta|=5.765e+17 (rtol=0.01 atol=0.001)
  [66858] MISMATCH w86:538 out[0] non-finite mismatch (nan/inf positions differ)
  [66869] MISMATCH w86:484 out[0] non-finite mismatch (nan/inf positions differ)
  [66880] MISMATCH w86:536 out[0] non-finite mismatch (nan/inf positions differ)
  [66881] MISMATCH w86:567 out[0] max|delta|=1.611e+09 (rtol=0.0 atol=0.0)
  [66883] MISMATCH w86:596 out[0] max|delta|=3.999e-01 (rtol=0.01 atol=0.001)
  [66907] MISMATCH w86:542 out[0] non-finite mismatch (nan/inf positions differ)
  [66960] MISMATCH w86:679 out[0] max|delta|=1.000e+00 (rtol=0.0 atol=0.0)
  [67008] MISMATCH w86:637 out[0] non-finite mismatch (nan/inf positions differ)
  [67029] MISMATCH w86:755 out[0] max|delta|=1.174e+00 (rtol=0.01 atol=0.001)
  [67041] MISMATCH w86:769 out[0] non-finite mismatch (nan/inf positions differ)
  [67049] MISMATCH w86:74 out[0] non-finite mismatch (nan/inf positions differ)
  [67069] MISMATCH w86:767 out[0] non-finite mismatch (nan/inf positions differ)
  [67071] MISMATCH w87:126 out[0] max|delta|=1.441e+17 (rtol=0.01 atol=0.001)
  [67089] MISMATCH w87:142 out[0] max|delta|=2.000e+00 (rtol=0.0 atol=0.0)
  [67090] MISMATCH w87:107 out[0] non-finite mismatch (nan/inf positions differ)
  [67092] MISMATCH w87:153 out[0] max|delta|=7.206e+16 (rtol=0.0 atol=0.0)
  [t= 686s] 67094/75343 (97.8/s)  ok=60638 mism=2814 crash=7 timeout=0 skip=3635  |  inflight=63
  [67135] MISMATCH w87:19 out[0] max|delta|=4.000e+00 (rtol=0.01 atol=0.001)
  [67182] MISMATCH w87:250 out[0] max|delta|=3.000e+00 (rtol=0.01 atol=0.001)
  [67224] MISMATCH w87:208 out[0] max|delta|=5.977e-01 (rtol=0.01 atol=0.001)
  [67271] MISMATCH w87:357 out[0] max|delta|=1.074e+09 (rtol=0.0 atol=0.0)
  [67282] MISMATCH w87:369 out[0] max|delta|=6.918e+18 (rtol=0.01 atol=0.001)
  [67290] MISMATCH w87:286 out[0] max|delta|=1.698e+00 (rtol=0.01 atol=0.001)
  [67297] MISMATCH w87:338 out[0] non-finite mismatch (nan/inf positions differ)
  [67388] MISMATCH w87:481 out[0] max|delta|=7.000e+00 (rtol=0.0 atol=0.0)
  [t= 689s] 67389/75343 (97.8/s)  ok=60912 mism=2822 crash=7 timeout=0 skip=3648  |  inflight=63
  [67402] MISMATCH w87:506 out[0] max|delta|=9.223e+18 (rtol=0.0 atol=0.0)
  [67428] MISMATCH w87:439 out[0] non-finite mismatch (nan/inf positions differ)
  [67444] MISMATCH w87:495 out[0] non-finite mismatch (nan/inf positions differ)
  [67481] MISMATCH w87:569 out[0] non-finite mismatch (nan/inf positions differ)
  [67490] MISMATCH w87:615 out[0] max|delta|=2.882e+17 (rtol=0.0 atol=0.0)
  [67491] MISMATCH w87:613 out[0] max|delta|=6.000e+00 (rtol=0.0 atol=0.0)
  [67529] MISMATCH w87:669 out[0] max|delta|=4.000e+00 (rtol=0.0 atol=0.0)
  [67594] MISMATCH w87:740 out[0] max|delta|=4.000e+00 (rtol=0.0 atol=0.0)
  [67624] MISMATCH w87:726 out[0] non-finite mismatch (nan/inf positions differ)
  [67647] MISMATCH w87:95 out[0] max|delta|=1.164e+00 (rtol=0.01 atol=0.001)
  [67661] MISMATCH w88:101 out[0] non-finite mismatch (nan/inf positions differ)
  [67663] MISMATCH w88:120 out[0] max|delta|=7.206e+16 (rtol=0.01 atol=0.001)
  [67675] MISMATCH w88:132 out[0] max|delta|=6.918e+18 (rtol=0.01 atol=0.001)
  [67677] MISMATCH w87:748 out[0] max|delta|=1.699e+00 (rtol=0.01 atol=0.001)
  [t= 692s] 67679/75343 (97.8/s)  ok=61171 mism=2836 crash=7 timeout=0 skip=3665  |  inflight=63
  [67682] MISMATCH w88:13 out[0] max|delta|=4.000e+00 (rtol=0.01 atol=0.001)
  [67687] MISMATCH w88:145 out[0] max|delta|=3.000e+00 (rtol=0.0 atol=0.0)
  [67688] MISMATCH w88:147 out[0] max|delta|=9.223e+18 (rtol=0.0 atol=0.0)
  [67708] MISMATCH w88:153 out[0] non-finite mismatch (nan/inf positions differ)
  [67729] MISMATCH w88:144 out[0] non-finite mismatch (nan/inf positions differ)
  [67774] MISMATCH w88:244 out[0] max|delta|=4.000e+00 (rtol=0.01 atol=0.001)
  [67805] MISMATCH w88:202 out[0] non-finite mismatch (nan/inf positions differ)
  [67849] MISMATCH w88:27 out[0] non-finite mismatch (nan/inf positions differ)
  [67858] MISMATCH w88:351 out[0] max|delta|=4.612e+18 (rtol=0.0 atol=0.0)
  [67862] MISMATCH w88:334 out[0] non-finite mismatch (nan/inf positions differ)
  [67878] MISMATCH w88:367 out[0] max|delta|=1.270e+02 (rtol=0.0 atol=0.0)
  [67880] MISMATCH w88:363 out[0] max|delta|=1.611e+09 (rtol=0.0 atol=0.0)
  [67882] MISMATCH w88:332 out[0] non-finite mismatch (nan/inf positions differ)
  [67920] MISMATCH w88:432 out[0] max|delta|=4.000e+00 (rtol=0.01 atol=0.001)
  [67963] MISMATCH w88:475 out[0] max|delta|=7.000e+00 (rtol=0.01 atol=0.001)
  [t= 695s] 67965/75343 (97.8/s)  ok=61433 mism=2851 crash=7 timeout=0 skip=3674  |  inflight=63
  [67978] MISMATCH w88:433 out[0] non-finite mismatch (nan/inf positions differ)
  [67984] MISMATCH w88:503 out[0] max|delta|=3.000e+00 (rtol=0.0 atol=0.0)
  [68026] MISMATCH w88:489 out[0] non-finite mismatch (nan/inf positions differ)
  [68049] MISMATCH w88:582 out[0] max|delta|=2.882e+17 (rtol=0.01 atol=0.001)
  [68057] MISMATCH w88:594 out[0] max|delta|=6.918e+18 (rtol=0.01 atol=0.001)
  [68061] MISMATCH w88:49 out[0] non-finite mismatch (nan/inf positions differ)
  [68068] MISMATCH w88:563 out[0] non-finite mismatch (nan/inf positions differ)
  [68072] MISMATCH w88:609 out[0] max|delta|=9.223e+18 (rtol=0.0 atol=0.0)
  [68079] MISMATCH w88:569 out[0] non-finite mismatch (nan/inf positions differ)
  [68081] MISMATCH w88:511 out[0] max|delta|=1.373e+00 (rtol=0.01 atol=0.001)
  [68087] MISMATCH w88:623 out[0] max|delta|=3.999e-01 (rtol=0.01 atol=0.001)
  [68114] MISMATCH w88:663 out[0] max|delta|=4.000e+00 (rtol=0.0 atol=0.0)
  [68150] MISMATCH w88:706 out[0] max|delta|=4.000e+00 (rtol=0.01 atol=0.001)
  [68223] MISMATCH w88:720 out[0] non-finite mismatch (nan/inf positions differ)
  [68236] MISMATCH w89:116 out[0] max|delta|=4.000e+00 (rtol=0.0 atol=0.0)
  [t= 698s] 68269/75343 (97.8/s)  ok=61701 mism=2866 crash=7 timeout=0 skip=3695  |  inflight=63
  [68286] MISMATCH w89:159 out[0] max|delta|=3.000e+00 (rtol=0.0 atol=0.0)
  [68308] MISMATCH w89:18 out[0] non-finite mismatch (nan/inf positions differ)
  [68322] MISMATCH w89:16 out[0] non-finite mismatch (nan/inf positions differ)
  [68346] MISMATCH w89:173 out[0] non-finite mismatch (nan/inf positions differ)
  [68373] MISMATCH w89:278 out[0] non-finite mismatch (nan/inf positions differ)
  [68381] MISMATCH w89:247 out[0] non-finite mismatch (nan/inf positions differ)
  [68382] MISMATCH w89:195 out[0] non-finite mismatch (nan/inf positions differ)
  [68435] MISMATCH w89:35 out[0] max|delta|=4.323e+17 (rtol=0.0 atol=0.0)
  [68479] MISMATCH w89:390 out[0] max|delta|=6.000e+00 (rtol=0.01 atol=0.001)
  [68518] MISMATCH w89:459 out[0] non-finite mismatch (nan/inf positions differ)
  [68527] MISMATCH w89:47 out[0] non-finite mismatch (nan/inf positions differ)
  [t= 701s] 68570/75343 (97.8/s)  ok=61973 mism=2877 crash=7 timeout=0 skip=3713  |  inflight=63
  [68576] MISMATCH w89:522 out[0] max|delta|=7.000e+00 (rtol=0.0 atol=0.0)
  [68577] MISMATCH w89:524 out[0] max|delta|=5.765e+17 (rtol=0.0 atol=0.0)
  [68581] MISMATCH w89:478 out[0] non-finite mismatch (nan/inf positions differ)
  [68589] MISMATCH w89:509 out[0] max|delta|=1.611e+09 (rtol=0.0 atol=0.0)
  [68625] MISMATCH w89:578 out[0] max|delta|=4.000e+00 (rtol=0.0 atol=0.0)
  [68653] MISMATCH w89:62 out[0] max|delta|=7.206e+16 (rtol=0.0 atol=0.0)
  [68667] MISMATCH w89:621 out[0] max|delta|=5.000e+00 (rtol=0.01 atol=0.001)
  [68707] MISMATCH w89:579 out[0] non-finite mismatch (nan/inf positions differ)
  [68739] MISMATCH w89:635 out[0] non-finite mismatch (nan/inf positions differ)
  [68761] MISMATCH w89:740 out[0] max|delta|=9.223e+18 (rtol=0.01 atol=0.001)
  [68772] MISMATCH w89:709 out[0] non-finite mismatch (nan/inf positions differ)
  [68774] MISMATCH w89:755 out[0] max|delta|=1.074e+09 (rtol=0.0 atol=0.0)
  [68784] MISMATCH w89:657 out[0] non-finite mismatch (nan/inf positions differ)
  [68785] MISMATCH w89:715 out[0] non-finite mismatch (nan/inf positions differ)
  [68787] MISMATCH w89:769 out[0] max|delta|=3.999e-01 (rtol=0.01 atol=0.001)
  [68791] MISMATCH w89:724 out[0] non-finite mismatch (nan/inf positions differ)
  [68836] MISMATCH w9:107 out[0] non-finite mismatch (nan/inf positions differ)
  [t= 704s] 68890/75343 (97.8/s)  ok=62265 mism=2894 crash=7 timeout=0 skip=3724  |  inflight=63
  [68910] MISMATCH w9:206 out[0] max|delta|=2.000e+00 (rtol=0.01 atol=0.001)
  [68973] MISMATCH w9:220 out[0] non-finite mismatch (nan/inf positions differ)
  [68984] MISMATCH w9:282 out[0] max|delta|=1.164e+00 (rtol=0.01 atol=0.001)
  [68999] MISMATCH w9:313 out[0] max|delta|=6.918e+18 (rtol=0.0 atol=0.0)
  [69019] MISMATCH w9:294 out[0] non-finite mismatch (nan/inf positions differ)
  [69020] MISMATCH w9:340 out[0] max|delta|=2.882e+17 (rtol=0.0 atol=0.0)
  [69025] MISMATCH w9:325 out[0] max|delta|=2.147e+09 (rtol=0.0 atol=0.0)
  [69063] MISMATCH w9:394 out[0] max|delta|=3.000e+00 (rtol=0.0 atol=0.0)
  [69105] MISMATCH w9:437 out[0] max|delta|=8.000e+00 (rtol=0.01 atol=0.001)
  [69148] MISMATCH w9:395 out[0] max|delta|=6.084e-01 (rtol=0.01 atol=0.001)
  [69166] MISMATCH w9:451 out[0] non-finite mismatch (nan/inf positions differ)
  [t= 707s] 69182/75343 (97.8/s)  ok=62527 mism=2905 crash=7 timeout=0 skip=3743  |  inflight=63
  [69188] MISMATCH w9:544 out[0] max|delta|=4.612e+18 (rtol=0.01 atol=0.001)
  [69199] MISMATCH w9:473 out[0] non-finite mismatch (nan/inf positions differ)
  [69211] MISMATCH w9:525 out[0] non-finite mismatch (nan/inf positions differ)
  [69212] MISMATCH w9:571 out[0] max|delta|=7.206e+16 (rtol=0.0 atol=0.0)
  [69226] MISMATCH w9:531 out[0] non-finite mismatch (nan/inf positions differ)
  [69285] MISMATCH w9:65 out[0] non-finite mismatch (nan/inf positions differ)
  [69299] MISMATCH w9:668 out[0] max|delta|=6.000e+00 (rtol=0.01 atol=0.001)
  [69362] MISMATCH w9:682 out[0] non-finite mismatch (nan/inf positions differ)
  [69380] MISMATCH w9:775 out[0] max|delta|=8.647e+17 (rtol=0.0 atol=0.0)
  [69401] MISMATCH w9:94 out[0] max|delta|=6.918e+18 (rtol=0.01 atol=0.001)
  [69403] MISMATCH w9:756 out[0] non-finite mismatch (nan/inf positions differ)
  [69421] MISMATCH w9:771 out[0] non-finite mismatch (nan/inf positions differ)
  [69449] MISMATCH w90:131 out[0] max|delta|=4.000e+00 (rtol=0.01 atol=0.001)
  [t= 710s] 69474/75343 (97.8/s)  ok=62792 mism=2918 crash=7 timeout=0 skip=3757  |  inflight=63
  [69495] MISMATCH w90:145 out[0] non-finite mismatch (nan/inf positions differ)
  [69508] MISMATCH w90:22 out[0] non-finite mismatch (nan/inf positions differ)
  [69510] MISMATCH w90:19 out[0] max|delta|=1.611e+09 (rtol=0.0 atol=0.0)
  [69527] MISMATCH w90:238 out[0] max|delta|=1.611e+09 (rtol=0.0 atol=0.0)
  [69548] MISMATCH w90:265 out[0] max|delta|=5.765e+17 (rtol=0.0 atol=0.0)
  [69554] MISMATCH w90:219 out[0] non-finite mismatch (nan/inf positions differ)
  [69564] MISMATCH w90:279 out[0] max|delta|=3.999e-01 (rtol=0.01 atol=0.001)
  [69606] MISMATCH w90:262 out[0] non-finite mismatch (nan/inf positions differ)
  [69642] MISMATCH w90:362 out[0] max|delta|=7.000e+00 (rtol=0.01 atol=0.001)
  [69695] MISMATCH w90:376 out[0] non-finite mismatch (nan/inf positions differ)
  [69749] MISMATCH w90:450 out[0] non-finite mismatch (nan/inf positions differ)
  [69752] MISMATCH w90:398 out[0] non-finite mismatch (nan/inf positions differ)
  [69755] MISMATCH w90:510 out[0] max|delta|=4.932e-02 (rtol=0.01 atol=0.001)
  [t= 713s] 69792/75343 (97.8/s)  ok=63077 mism=2931 crash=7 timeout=0 skip=3777  |  inflight=63
  [69824] MISMATCH w90:593 out[0] max|delta|=7.000e+00 (rtol=0.01 atol=0.001)
  [69849] MISMATCH w90:551 out[0] non-finite mismatch (nan/inf positions differ)
  [69888] MISMATCH w90:607 out[0] non-finite mismatch (nan/inf positions differ)
  [69909] MISMATCH w90:7 out[0] max|delta|=4.323e+17 (rtol=0.0 atol=0.0)
  [69921] MISMATCH w90:712 out[0] max|delta|=6.918e+18 (rtol=0.01 atol=0.001)
  [69936] MISMATCH w90:681 out[0] non-finite mismatch (nan/inf positions differ)
  [69945] MISMATCH w90:629 out[0] non-finite mismatch (nan/inf positions differ)
  [69974] MISMATCH w90:781 out[0] max|delta|=4.000e+00 (rtol=0.0 atol=0.0)
  [70012] MISMATCH w91:104 out[0] non-finite mismatch (nan/inf positions differ)
  [t= 716s] 70086/75343 (97.8/s)  ok=63347 mism=2940 crash=7 timeout=0 skip=3792  |  inflight=63
  [70175] MISMATCH w91:264 out[0] non-finite mismatch (nan/inf positions differ)
  [70180] MISMATCH w91:212 out[0] non-finite mismatch (nan/inf positions differ)
  [70187] MISMATCH w91:295 out[0] max|delta|=2.147e+09 (rtol=0.0 atol=0.0)
  [70227] MISMATCH w91:33 out[0] non-finite mismatch (nan/inf positions differ)
  [70247] MISMATCH w91:407 out[0] max|delta|=5.000e+00 (rtol=0.01 atol=0.001)
  [70281] MISMATCH w91:365 out[0] non-finite mismatch (nan/inf positions differ)
  [70337] MISMATCH w91:514 out[0] max|delta|=4.612e+18 (rtol=0.01 atol=0.001)
  [70342] MISMATCH w91:52 out[0] max|delta|=1.074e+09 (rtol=0.0 atol=0.0)
  [70359] MISMATCH w91:526 out[0] max|delta|=1.611e+09 (rtol=0.0 atol=0.0)
  [70362] MISMATCH w91:495 out[0] non-finite mismatch (nan/inf positions differ)
  [70369] MISMATCH w91:541 out[0] max|delta|=1.074e+09 (rtol=0.0 atol=0.0)
  [70377] MISMATCH w91:555 out[0] max|delta|=3.999e-01 (rtol=0.01 atol=0.001)
  [t= 719s] 70395/75343 (97.9/s)  ok=63628 mism=2952 crash=7 timeout=0 skip=3808  |  inflight=63
  [70457] MISMATCH w91:638 out[0] max|delta|=5.000e+00 (rtol=0.0 atol=0.0)
  [70505] MISMATCH w91:652 out[0] non-finite mismatch (nan/inf positions differ)
  [70544] MISMATCH w91:674 out[0] non-finite mismatch (nan/inf positions differ)
  [70546] MISMATCH w91:726 out[0] non-finite mismatch (nan/inf positions differ)
  [70566] MISMATCH w91:79 out[0] max|delta|=1.153e+18 (rtol=0.0 atol=0.0)
  [70599] MISMATCH w92:117 out[0] max|delta|=1.153e+18 (rtol=0.01 atol=0.001)
  [70603] MISMATCH w92:10 out[0] max|delta|=8.000e+00 (rtol=0.01 atol=0.001)
  [70608] MISMATCH w92:129 out[0] max|delta|=6.918e+18 (rtol=0.01 atol=0.001)
  [70621] MISMATCH w92:144 out[0] max|delta|=1.153e+18 (rtol=0.0 atol=0.0)
  [70648] MISMATCH w92:113 out[0] non-finite mismatch (nan/inf positions differ)
  [t= 722s] 70685/75343 (97.8/s)  ok=63893 mism=2962 crash=7 timeout=0 skip=3823  |  inflight=63
  [70717] MISMATCH w92:241 out[0] max|delta|=8.000e+00 (rtol=0.01 atol=0.001)
  [70754] MISMATCH w92:24 out[0] non-finite mismatch (nan/inf positions differ)
  [70776] MISMATCH w92:255 out[0] non-finite mismatch (nan/inf positions differ)
  [70803] MISMATCH w92:348 out[0] max|delta|=1.441e+17 (rtol=0.01 atol=0.001)
  [70815] MISMATCH w92:360 out[0] max|delta|=6.918e+18 (rtol=0.01 atol=0.001)
  [70823] MISMATCH w92:375 out[0] max|delta|=1.153e+18 (rtol=0.0 atol=0.0)
  [70824] MISMATCH w92:364 out[0] max|delta|=3.000e+00 (rtol=0.0 atol=0.0)
  [70829] MISMATCH w92:329 out[0] non-finite mismatch (nan/inf positions differ)
  [70831] MISMATCH w92:277 out[0] non-finite mismatch (nan/inf positions differ)
  [70833] MISMATCH w92:38 out[0] max|delta|=4.000e+00 (rtol=0.0 atol=0.0)
  [70841] MISMATCH w92:381 out[0] non-finite mismatch (nan/inf positions differ)
  [70926] MISMATCH w92:472 out[0] max|delta|=3.000e+00 (rtol=0.01 atol=0.001)
  [70971] MISMATCH w92:46 out[0] max|delta|=1.071e+00 (rtol=0.01 atol=0.001)
  [70972] MISMATCH w92:486 out[0] non-finite mismatch (nan/inf positions differ)
  [t= 725s] 70978/75343 (97.8/s)  ok=64155 mism=2976 crash=7 timeout=0 skip=3840  |  inflight=63
  [70999] MISMATCH w92:560 out[0] non-finite mismatch (nan/inf positions differ)
  [71023] MISMATCH w92:606 out[0] max|delta|=2.162e+17 (rtol=0.0 atol=0.0)
  [71051] MISMATCH w92:575 out[0] non-finite mismatch (nan/inf positions differ)
  [71123] MISMATCH w92:695 out[0] max|delta|=3.277e+04 (rtol=0.0 atol=0.0)
  [71135] MISMATCH w92:661 out[0] max|delta|=4.211e-01 (rtol=0.01 atol=0.001)
  [71221] MISMATCH w92:98 out[0] non-finite mismatch (nan/inf positions differ)
  [71224] MISMATCH w92:739 out[0] non-finite mismatch (nan/inf positions differ)
  [71269] MISMATCH w93:187 out[0] max|delta|=1.153e+18 (rtol=0.01 atol=0.001)
  [71271] MISMATCH w93:116 out[0] non-finite mismatch (nan/inf positions differ)
  [71277] MISMATCH w93:199 out[0] non-finite mismatch (nan/inf positions differ)
  [t= 728s] 71281/75343 (97.9/s)  ok=64430 mism=2986 crash=7 timeout=0 skip=3858  |  inflight=63
  [71289] MISMATCH w93:212 out[0] max|delta|=5.000e+00 (rtol=0.0 atol=0.0)
  [71296] MISMATCH w93:168 out[0] non-finite mismatch (nan/inf positions differ)
  [71324] MISMATCH w93:211 out[0] non-finite mismatch (nan/inf positions differ)
  [71379] MISMATCH w93:311 out[0] max|delta|=3.000e+00 (rtol=0.01 atol=0.001)
  [71404] MISMATCH w93:269 out[0] non-finite mismatch (nan/inf positions differ)
  [71430] MISMATCH w93:325 out[0] non-finite mismatch (nan/inf positions differ)
  [71471] MISMATCH w93:430 out[0] max|delta|=6.918e+18 (rtol=0.01 atol=0.001)
  [71473] MISMATCH w93:347 out[0] non-finite mismatch (nan/inf positions differ)
  [71476] MISMATCH w93:399 out[0] non-finite mismatch (nan/inf positions differ)
  [71486] MISMATCH w93:445 out[0] max|delta|=4.612e+18 (rtol=0.0 atol=0.0)
  [71512] MISMATCH w93:38 out[0] non-finite mismatch (nan/inf positions differ)
  [71522] MISMATCH w93:414 out[0] non-finite mismatch (nan/inf positions differ)
  [t= 731s] 71558/75343 (97.8/s)  ok=64678 mism=2998 crash=7 timeout=0 skip=3875  |  inflight=63
  [71577] MISMATCH w93:542 out[0] max|delta|=5.000e+00 (rtol=0.01 atol=0.001)
  [71597] MISMATCH w93:570 out[0] max|delta|=4.000e+00 (rtol=0.0 atol=0.0)
  [71625] MISMATCH w93:500 out[0] non-finite mismatch (nan/inf positions differ)
  [71642] MISMATCH w93:556 out[0] non-finite mismatch (nan/inf positions differ)
  [71671] MISMATCH w93:661 out[0] max|delta|=9.223e+18 (rtol=0.0 atol=0.0)
  [71680] MISMATCH w93:630 out[0] non-finite mismatch (nan/inf positions differ)
  [71690] MISMATCH w93:578 out[0] non-finite mismatch (nan/inf positions differ)
  [71691] MISMATCH w93:636 out[0] non-finite mismatch (nan/inf positions differ)
  [71786] MISMATCH w93:80 out[0] max|delta|=1.000e+00 (rtol=0.01 atol=0.001)
  [71814] MISMATCH w94:104 out[0] non-finite mismatch (nan/inf positions differ)
  [71842] MISMATCH w93:94 out[0] non-finite mismatch (nan/inf positions differ)
  [t= 734s] 71861/75343 (97.8/s)  ok=64958 mism=3009 crash=7 timeout=0 skip=3887  |  inflight=63
  [71885] MISMATCH w94:195 out[0] max|delta|=1.000e+00 (rtol=0.01 atol=0.001)
  [71909] MISMATCH w94:153 out[0] non-finite mismatch (nan/inf positions differ)
  [71927] MISMATCH w94:209 out[0] non-finite mismatch (nan/inf positions differ)
  [71967] MISMATCH w94:302 out[0] max|delta|=4.323e+17 (rtol=0.0 atol=0.0)
  [71977] MISMATCH w94:314 out[0] non-finite mismatch (nan/inf positions differ)
  [71987] MISMATCH w94:231 out[0] non-finite mismatch (nan/inf positions differ)
  [71991] MISMATCH w94:327 out[0] max|delta|=8.000e+00 (rtol=0.0 atol=0.0)
  [71992] MISMATCH w94:329 out[0] max|delta|=2.306e+18 (rtol=0.0 atol=0.0)
  [71996] MISMATCH w94:283 out[0] non-finite mismatch (nan/inf positions differ)
  [72107] MISMATCH w94:384 out[0] max|delta|=7.295e-01 (rtol=0.01 atol=0.001)
  [t= 737s] 72138/75343 (97.8/s)  ok=65203 mism=3019 crash=7 timeout=0 skip=3909  |  inflight=63
  [72176] MISMATCH w94:462 out[0] non-finite mismatch (nan/inf positions differ)
  [72179] MISMATCH w94:514 out[0] non-finite mismatch (nan/inf positions differ)
  [72189] MISMATCH w94:52 out[0] non-finite mismatch (nan/inf positions differ)
  [72280] MISMATCH w94:657 out[0] max|delta|=7.000e+00 (rtol=0.01 atol=0.001)
  [72300] MISMATCH w94:696 out[0] non-finite mismatch (nan/inf positions differ)
  [72336] MISMATCH w94:671 out[0] non-finite mismatch (nan/inf positions differ)
  [72341] MISMATCH w94:733 out[0] max|delta|=1.174e+00 (rtol=0.01 atol=0.001)
  [72363] MISMATCH w94:776 out[0] max|delta|=9.223e+18 (rtol=0.0 atol=0.0)
  [72371] MISMATCH w94:83 out[0] max|delta|=6.918e+18 (rtol=0.0 atol=0.0)
  [72385] MISMATCH w94:98 out[0] max|delta|=1.153e+18 (rtol=0.0 atol=0.0)
  [72393] MISMATCH w94:745 out[0] non-finite mismatch (nan/inf positions differ)
  [72421] MISMATCH w95:127 out[0] max|delta|=7.000e+00 (rtol=0.01 atol=0.001)
  [72431] MISMATCH w95:15 out[0] non-finite mismatch (nan/inf positions differ)
  [t= 740s] 72449/75343 (97.8/s)  ok=65485 mism=3032 crash=7 timeout=0 skip=3925  |  inflight=63
  [72515] MISMATCH w95:246 out[0] non-finite mismatch (nan/inf positions differ)
  [72516] MISMATCH w95:163 out[0] non-finite mismatch (nan/inf positions differ)
  [72532] MISMATCH w95:261 out[0] max|delta|=4.612e+18 (rtol=0.0 atol=0.0)
  [72541] MISMATCH w95:275 out[0] non-finite mismatch (nan/inf positions differ)
  [72556] MISMATCH w95:230 out[0] max|delta|=1.000e+00 (rtol=0.01 atol=0.001)
  [72559] MISMATCH w95:30 out[0] max|delta|=4.612e+18 (rtol=0.0 atol=0.0)
  [72618] MISMATCH w95:358 out[0] max|delta|=6.000e+00 (rtol=0.01 atol=0.001)
  [72663] MISMATCH w95:316 out[0] max|delta|=1.359e+00 (rtol=0.01 atol=0.001)
  [72673] MISMATCH w95:372 out[0] non-finite mismatch (nan/inf positions differ)
  [72682] MISMATCH w95:434 out[0] max|delta|=4.000e+00 (rtol=0.0 atol=0.0)
  [72699] MISMATCH w95:465 out[0] max|delta|=2.013e+08 (rtol=0.0 atol=0.0)
  [72715] MISMATCH w95:446 out[0] non-finite mismatch (nan/inf positions differ)
  [72720] MISMATCH w95:490 out[0] max|delta|=2.000e+00 (rtol=0.0 atol=0.0)
  [t= 743s] 72749/75343 (97.9/s)  ok=65758 mism=3045 crash=7 timeout=0 skip=3939  |  inflight=63
  [72755] MISMATCH w95:461 out[0] max|delta|=1.000e+00 (rtol=0.01 atol=0.001)
  [72814] MISMATCH w95:589 out[0] max|delta|=2.000e+00 (rtol=0.01 atol=0.001)
  [72876] MISMATCH w95:603 out[0] non-finite mismatch (nan/inf positions differ)
  [72908] MISMATCH w95:723 out[0] max|delta|=1.153e+18 (rtol=0.0 atol=0.0)
  [72919] MISMATCH w95:729 out[0] non-finite mismatch (nan/inf positions differ)
  [72927] MISMATCH w95:677 out[0] non-finite mismatch (nan/inf positions differ)
  [72968] MISMATCH w96:1 out[0] non-finite mismatch (nan/inf positions differ)
  [72988] MISMATCH w96:113 out[0] max|delta|=1.000e+00 (rtol=0.0 atol=0.0)
  [73007] MISMATCH w96:14 out[0] max|delta|=7.000e+00 (rtol=0.0 atol=0.0)
  [73024] MISMATCH w95:778 out[0] non-finite mismatch (nan/inf positions differ)
  [t= 746s] 73044/75343 (97.9/s)  ok=66029 mism=3055 crash=7 timeout=0 skip=3953  |  inflight=63
  [73056] MISMATCH w96:127 out[0] non-finite mismatch (nan/inf positions differ)
  [73060] MISMATCH w96:189 out[0] max|delta|=1.164e+00 (rtol=0.01 atol=0.001)
  [73075] MISMATCH w96:203 out[0] non-finite mismatch (nan/inf positions differ)
  [73097] MISMATCH w96:201 out[0] non-finite mismatch (nan/inf positions differ)
  [73102] MISMATCH w96:207 out[0] non-finite mismatch (nan/inf positions differ)
  [73184] MISMATCH w96:344 out[0] max|delta|=8.000e+00 (rtol=0.01 atol=0.001)
  [73240] MISMATCH w96:358 out[0] non-finite mismatch (nan/inf positions differ)
  [73280] MISMATCH w96:463 out[0] max|delta|=6.918e+18 (rtol=0.01 atol=0.001)
  [73292] MISMATCH w96:380 out[0] non-finite mismatch (nan/inf positions differ)
  [73299] MISMATCH w96:432 out[0] non-finite mismatch (nan/inf positions differ)
  [73316] MISMATCH w96:438 out[0] non-finite mismatch (nan/inf positions differ)
  [t= 749s] 73347/75343 (97.9/s)  ok=66305 mism=3066 crash=7 timeout=0 skip=3969  |  inflight=63
  [73378] MISMATCH w96:575 out[0] max|delta|=2.000e+00 (rtol=0.01 atol=0.001)
  [73446] MISMATCH w96:651 out[0] max|delta|=6.750e-01 (rtol=0.01 atol=0.001)
  [73483] MISMATCH w96:611 out[0] max|delta|=7.278e-01 (rtol=0.01 atol=0.001)
  [73486] MISMATCH w96:694 out[0] max|delta|=1.611e+09 (rtol=0.0 atol=0.0)
  [73487] MISMATCH w96:663 out[0] non-finite mismatch (nan/inf positions differ)
  [73499] MISMATCH w96:669 out[0] non-finite mismatch (nan/inf positions differ)
  [73563] MISMATCH w96:71 out[0] non-finite mismatch (nan/inf positions differ)
  [73593] MISMATCH w96:764 out[0] non-finite mismatch (nan/inf positions differ)
  [73616] MISMATCH w97:104 out[0] non-finite mismatch (nan/inf positions differ)
  [73624] MISMATCH w97:166 out[0] max|delta|=1.164e+00 (rtol=0.01 atol=0.001)
  [t= 752s] 73636/75343 (97.9/s)  ok=66574 mism=3076 crash=7 timeout=0 skip=3979  |  inflight=63
  [73653] MISMATCH w97:209 out[0] max|delta|=6.918e+18 (rtol=0.01 atol=0.001)
  [73671] MISMATCH w97:178 out[0] non-finite mismatch (nan/inf positions differ)
  [73676] MISMATCH w97:126 out[0] non-finite mismatch (nan/inf positions differ)
  [73759] MISMATCH w97:321 out[0] max|delta|=6.000e+00 (rtol=0.01 atol=0.001)
  [73816] MISMATCH w97:279 out[0] non-finite mismatch (nan/inf positions differ)
  [73820] MISMATCH w97:335 out[0] non-finite mismatch (nan/inf positions differ)
  [73843] MISMATCH w97:409 out[0] non-finite mismatch (nan/inf positions differ)
  [73861] MISMATCH w97:455 out[0] max|delta|=1.441e+17 (rtol=0.0 atol=0.0)
  [73865] MISMATCH w97:440 out[0] max|delta|=2.147e+09 (rtol=0.0 atol=0.0)
  [73874] MISMATCH w97:453 out[0] non-finite mismatch (nan/inf positions differ)
  [73876] MISMATCH w97:47 out[0] max|delta|=4.000e+00 (rtol=0.0 atol=0.0)
  [73880] MISMATCH w97:357 out[0] max|delta|=8.582e-01 (rtol=0.01 atol=0.001)
  [73929] MISMATCH w97:48 out[0] non-finite mismatch (nan/inf positions differ)
  [t= 755s] 73957/75343 (97.9/s)  ok=66867 mism=3089 crash=7 timeout=0 skip=3994  |  inflight=63
  [73977] MISMATCH w97:510 out[0] max|delta|=1.687e+00 (rtol=0.01 atol=0.001)
  [74010] MISMATCH w97:566 out[0] non-finite mismatch (nan/inf positions differ)
  [74030] MISMATCH w97:659 out[0] non-finite mismatch (nan/inf positions differ)
  [74031] MISMATCH w97:642 out[0] non-finite mismatch (nan/inf positions differ)
  [74037] MISMATCH w97:671 out[0] non-finite mismatch (nan/inf positions differ)
  [74056] MISMATCH w97:640 out[0] non-finite mismatch (nan/inf positions differ)
  [74063] MISMATCH w97:588 out[0] max|delta|=1.580e+00 (rtol=0.01 atol=0.001)
  [74093] MISMATCH w97:683 out[0] non-finite mismatch (nan/inf positions differ)
  [74159] MISMATCH w97:90 out[0] max|delta|=1.000e+00 (rtol=0.0 atol=0.0)
  [74174] MISMATCH w97:741 out[0] max|delta|=1.578e+00 (rtol=0.01 atol=0.001)
  [74189] MISMATCH w98:142 out[0] max|delta|=1.153e+18 (rtol=0.01 atol=0.001)
  [74219] MISMATCH w98:123 out[0] non-finite mismatch (nan/inf positions differ)
  [74247] MISMATCH w98:177 out[0] non-finite mismatch (nan/inf positions differ)
  [74250] MISMATCH w98:138 out[0] non-finite mismatch (nan/inf positions differ)
  [t= 758s] 74259/75343 (97.9/s)  ok=67144 mism=3103 crash=7 timeout=0 skip=4005  |  inflight=63
  [74298] MISMATCH w98:266 out[0] max|delta|=6.000e+00 (rtol=0.0 atol=0.0)
  [74337] MISMATCH w98:224 out[0] non-finite mismatch (nan/inf positions differ)
  [74371] MISMATCH w98:342 out[0] max|delta|=1.000e+00 (rtol=0.0 atol=0.0)
  [74386] MISMATCH w98:35 out[0] max|delta|=7.000e+00 (rtol=0.01 atol=0.001)
  [74413] MISMATCH w98:385 out[0] max|delta|=1.611e+09 (rtol=0.0 atol=0.0)
  [74420] MISMATCH w98:354 out[0] non-finite mismatch (nan/inf positions differ)
  [74431] MISMATCH w98:302 out[0] non-finite mismatch (nan/inf positions differ)
  [74434] MISMATCH w98:369 out[0] non-finite mismatch (nan/inf positions differ)
  [74442] MISMATCH w98:397 out[0] non-finite mismatch (nan/inf positions differ)
  [74490] MISMATCH w98:497 out[0] max|delta|=1.000e+00 (rtol=0.0 atol=0.0)
  [74518] MISMATCH w98:49 out[0] non-finite mismatch (nan/inf positions differ)
  [74553] MISMATCH w98:511 out[0] non-finite mismatch (nan/inf positions differ)
  [74560] MISMATCH w98:573 out[0] max|delta|=6.750e-01 (rtol=0.01 atol=0.001)
  [t= 761s] 74566/75343 (97.9/s)  ok=67423 mism=3116 crash=7 timeout=0 skip=4020  |  inflight=63
  [74584] MISMATCH w98:616 out[0] max|delta|=6.918e+18 (rtol=0.0 atol=0.0)
  [74599] MISMATCH w98:631 out[0] max|delta|=2.162e+17 (rtol=0.0 atol=0.0)
  [74615] MISMATCH w98:585 out[0] non-finite mismatch (nan/inf positions differ)
  [74680] MISMATCH w98:728 out[0] max|delta|=8.000e+00 (rtol=0.01 atol=0.001)
  [74711] MISMATCH w98:686 out[0] non-finite mismatch (nan/inf positions differ)
  [74729] MISMATCH w98:71 out[0] non-finite mismatch (nan/inf positions differ)
  [74739] MISMATCH w98:742 out[0] non-finite mismatch (nan/inf positions differ)
  [74765] MISMATCH w99:136 out[0] max|delta|=6.918e+18 (rtol=0.0 atol=0.0)
  [74773] MISMATCH w99:148 out[0] max|delta|=9.223e+18 (rtol=0.0 atol=0.0)
  [74787] MISMATCH w99:151 out[0] non-finite mismatch (nan/inf positions differ)
  [74788] MISMATCH w99:117 out[0] non-finite mismatch (nan/inf positions differ)
  [74802] MISMATCH w98:764 out[0] max|delta|=1.503e+00 (rtol=0.01 atol=0.001)
  [74803] MISMATCH w99:169 out[0] non-finite mismatch (nan/inf positions differ)
  [t= 764s] 74865/75343 (97.9/s)  ok=67694 mism=3129 crash=7 timeout=0 skip=4035  |  inflight=63
  [74883] MISMATCH w99:218 out[0] non-finite mismatch (nan/inf positions differ)
  [74895] MISMATCH w99:288 out[0] max|delta|=3.000e+00 (rtol=0.0 atol=0.0)
  [74901] MISMATCH w99:29 out[0] max|delta|=5.000e+00 (rtol=0.01 atol=0.001)
  [74934] MISMATCH w99:274 out[0] non-finite mismatch (nan/inf positions differ)
  [74977] MISMATCH w99:382 out[0] non-finite mismatch (nan/inf positions differ)
  [74991] MISMATCH w99:348 out[0] non-finite mismatch (nan/inf positions differ)
  [74995] MISMATCH w99:379 out[0] max|delta|=1.611e+09 (rtol=0.0 atol=0.0)
  [75000] MISMATCH w99:296 out[0] non-finite mismatch (nan/inf positions differ)
  [75003] MISMATCH w99:400 out[0] non-finite mismatch (nan/inf positions differ)
  [75067] MISMATCH w99:43 out[0] non-finite mismatch (nan/inf positions differ)
  [75087] MISMATCH w99:491 out[0] max|delta|=7.000e+00 (rtol=0.01 atol=0.001)
  [75139] MISMATCH w99:505 out[0] non-finite mismatch (nan/inf positions differ)
  [75159] MISMATCH w99:598 out[0] non-finite mismatch (nan/inf positions differ)
  [75167] MISMATCH w99:610 out[0] max|delta|=6.918e+18 (rtol=0.0 atol=0.0)
  [t= 767s] 75176/75343 (97.9/s)  ok=67974 mism=3143 crash=7 timeout=0 skip=4052  |  inflight=63
  [75180] MISMATCH w99:579 out[0] non-finite mismatch (nan/inf positions differ)
  [75182] MISMATCH w99:625 out[0] max|delta|=8.647e+17 (rtol=0.0 atol=0.0)
  [75227] MISMATCH w99:679 out[0] max|delta|=4.000e+00 (rtol=0.0 atol=0.0)
  [75273] MISMATCH w99:722 out[0] max|delta|=1.000e+00 (rtol=0.0 atol=0.0)
  [75325] MISMATCH w99:680 out[0] non-finite mismatch (nan/inf positions differ)
  [75335] MISMATCH w99:736 out[0] non-finite mismatch (nan/inf positions differ)

── Done — 75343 graphs ──────────────────────────────
  OK       : 68129
  MISMATCH : 3149
  CRASH    : 7
  TIMEOUT  : 0
  SKIP     : 4058
  skip-log: findings/vgf_single/skiplog.tsv  (replay one with `mobile feed <job_id>`)
FEED_DONE rc=1
TORNDOWN
