[feed] 83534 jobs → broker 127.0.0.1:15554 (window=48, timeout=120s)
  [t=   3s] 0/83534 ( 0.0/s)  ok=0 mism=0 crash=0 timeout=0 skip=0  |  inflight=48
  [t=   6s] 0/83534 ( 0.0/s)  ok=0 mism=0 crash=0 timeout=0 skip=0  |  inflight=48
  [t=   9s] 0/83534 ( 0.0/s)  ok=0 mism=0 crash=0 timeout=0 skip=0  |  inflight=48
  [t=  12s] 0/83534 ( 0.0/s)  ok=0 mism=0 crash=0 timeout=0 skip=0  |  inflight=48
  [t=  15s] 0/83534 ( 0.0/s)  ok=0 mism=0 crash=0 timeout=0 skip=0  |  inflight=48
  [t=  18s] 0/83534 ( 0.0/s)  ok=0 mism=0 crash=0 timeout=0 skip=0  |  inflight=48
  [t=  21s] 0/83534 ( 0.0/s)  ok=0 mism=0 crash=0 timeout=0 skip=0  |  inflight=48
  [t=  24s] 0/83534 ( 0.0/s)  ok=0 mism=0 crash=0 timeout=0 skip=0  |  inflight=48
  [t=  27s] 0/83534 ( 0.0/s)  ok=0 mism=0 crash=0 timeout=0 skip=0  |  inflight=48
  [t=  30s] 0/83534 ( 0.0/s)  ok=0 mism=0 crash=0 timeout=0 skip=0  |  inflight=48
  [t=  33s] 0/83534 ( 0.0/s)  ok=0 mism=0 crash=0 timeout=0 skip=0  |  inflight=48
  [t=  36s] 0/83534 ( 0.0/s)  ok=0 mism=0 crash=0 timeout=0 skip=0  |  inflight=48
  [t=  39s] 0/83534 ( 0.0/s)  ok=0 mism=0 crash=0 timeout=0 skip=0  |  inflight=48
  [t=  42s] 0/83534 ( 0.0/s)  ok=0 mism=0 crash=0 timeout=0 skip=0  |  inflight=48
  [t=  45s] 0/83534 ( 0.0/s)  ok=0 mism=0 crash=0 timeout=0 skip=0  |  inflight=48
  [t=  48s] 0/83534 ( 0.0/s)  ok=0 mism=0 crash=0 timeout=0 skip=0  |  inflight=48
  [t=  51s] 0/83534 ( 0.0/s)  ok=0 mism=0 crash=0 timeout=0 skip=0  |  inflight=48
  [t=  54s] 0/83534 ( 0.0/s)  ok=0 mism=0 crash=0 timeout=0 skip=0  |  inflight=48
  [t=  57s] 0/83534 ( 0.0/s)  ok=0 mism=0 crash=0 timeout=0 skip=0  |  inflight=48
  [t=  60s] 0/83534 ( 0.0/s)  ok=0 mism=0 crash=0 timeout=0 skip=0  |  inflight=48
  [t=  63s] 0/83534 ( 0.0/s)  ok=0 mism=0 crash=0 timeout=0 skip=0  |  inflight=48
  [t=  66s] 0/83534 ( 0.0/s)  ok=0 mism=0 crash=0 timeout=0 skip=0  |  inflight=48
  [t=  69s] 0/83534 ( 0.0/s)  ok=0 mism=0 crash=0 timeout=0 skip=0  |  inflight=48
  [t=  72s] 0/83534 ( 0.0/s)  ok=0 mism=0 crash=0 timeout=0 skip=0  |  inflight=48
  [8] MISMATCH w0:115 out[0] shape (1,) vs (0, 0, 0, 0, 0)
  [12] MISMATCH w0:117 out[0] non-finite mismatch (nan/inf positions differ)
  [62] MISMATCH w0:172 out[0] max|delta|=2.550e+02 (rtol=0.0 atol=0.0)
  [87] MISMATCH w0:196 out[0] max|delta|=7.206e+16 (rtol=0.0 atol=0.0)
  [122] MISMATCH w0:226 out[0] max|delta|=2.550e+02 (rtol=0.0 atol=0.0)
  [135] MISMATCH w0:237 out[0] max|delta|=1.342e+10 (rtol=0.0 atol=0.0)
  [206] MISMATCH w0:321 out[0] non-finite mismatch (nan/inf positions differ)
  [229] MISMATCH w0:348 out[0] non-finite mismatch (nan/inf positions differ)
  [332] MISMATCH w0:457 out[0] max|delta|=2.550e+02 (rtol=0.0 atol=0.0)
  [405] MISMATCH w0:527 out[0] shape (0, 0, 0, 0) vs (0, 0, 0, 0, 0)
  [424] MISMATCH w0:552 out[0] non-finite mismatch (nan/inf positions differ)
  [472] MISMATCH w0:6 out[0] max|delta|=1.342e+10 (rtol=0.0 atol=0.0)
  [519] MISMATCH w0:658 out[0] max|delta|=1.342e+10 (rtol=0.0 atol=0.0)
  [572] MISMATCH w0:713 out[0] max|delta|=1.855e-02 (rtol=0.01 atol=0.001)
  [624] MISMATCH w0:758 out[0] shape (1, 1, 0, 1) vs (0, 0, 0, 0, 0)
  [647] MISMATCH w0:90 out[0] non-finite mismatch (nan/inf positions differ)
  [709] MISMATCH w1:164 out[0] shape (0, 0, 0, 0) vs (0, 0, 0, 0, 0)
  [731] MISMATCH w1:189 out[0] non-finite mismatch (nan/inf positions differ)
  [763] MISMATCH w1:216 out[0] non-finite mismatch (nan/inf positions differ)
  [839] MISMATCH w1:309 out[0] max|delta|=1.342e+10 (rtol=0.0 atol=0.0)
  [873] MISMATCH w1:335 out[0] non-finite mismatch (nan/inf positions differ)
  [914] MISMATCH w1:395 out[0] shape (0, 0, 0, 0) vs (0, 0, 0, 0, 0)
  [944] MISMATCH w1:420 out[0] non-finite mismatch (nan/inf positions differ)
  [967] MISMATCH w1:447 out[0] non-finite mismatch (nan/inf positions differ)
  [1142] MISMATCH w1:626 out[0] shape (1, 1, 1) vs (0, 0, 0, 0, 0)
  [1157] MISMATCH w1:651 out[0] non-finite mismatch (nan/inf positions differ)
  [1235] MISMATCH w1:74 out[0] non-finite mismatch (nan/inf positions differ)
  [1253] MISMATCH w1:757 out[0] max|delta|=1.678e+07 (rtol=0.0 atol=0.0)
  [1255] MISMATCH w1:758 out[0] non-finite mismatch (nan/inf positions differ)
  [1335] MISMATCH w10:140 out[0] non-finite mismatch (nan/inf positions differ)
  [1363] MISMATCH w10:170 out[0] non-finite mismatch (nan/inf positions differ)
  [1364] MISMATCH w10:171 out[0] max|delta|=1.342e+10 (rtol=0.0 atol=0.0)
  [1431] MISMATCH w10:24 out[0] max|delta|=2.091e+20 (rtol=0.01 atol=0.001)
  [1440] MISMATCH w10:255 out[0] non-finite mismatch (nan/inf positions differ)
  [1465] MISMATCH w10:282 out[0] non-finite mismatch (nan/inf positions differ)
  [1513] MISMATCH w10:337 out[0] max|delta|=3.277e+04 (rtol=0.0 atol=0.0)
  [1536] MISMATCH w10:361 out[0] max|delta|=1.342e+10 (rtol=0.0 atol=0.0)
  [1580] MISMATCH w10:402 out[0] max|delta|=7.205e+16 (rtol=0.0 atol=0.0)
  [1587] MISMATCH w10:401 out[0] non-finite mismatch (nan/inf positions differ)
  [t=  75s] 1647/83534 (21.9/s)  ok=1592 mism=39 crash=0 timeout=0 skip=16  |  inflight=47
  [1655] MISMATCH w10:486 out[0] non-finite mismatch (nan/inf positions differ)
  [1680] MISMATCH w10:513 out[0] non-finite mismatch (nan/inf positions differ)
  [1782] MISMATCH w10:621 out[0] non-finite mismatch (nan/inf positions differ)
  [1796] MISMATCH w10:633 out[0] max|delta|=7.206e+16 (rtol=0.0 atol=0.0)
  [1824] MISMATCH w10:66 out[0] shape (1, 1) vs (0, 0, 0, 0)
  [1848] MISMATCH w10:692 out[0] shape (1, 1, 1) vs (0, 0, 0, 0)
  [1872] MISMATCH w10:717 out[0] non-finite mismatch (nan/inf positions differ)
  [1897] MISMATCH w10:744 out[0] non-finite mismatch (nan/inf positions differ)
  [1956] MISMATCH w100:102 out[0] shape (1, 1, 1, 1) vs (0, 0, 0, 0, 0)
  [1972] MISMATCH w100:127 out[0] non-finite mismatch (nan/inf positions differ)
  [2039] MISMATCH w100:2 out[0] max|delta|=1.678e+07 (rtol=0.0 atol=0.0)
  [2081] MISMATCH w100:247 out[0] max|delta|=1.342e+10 (rtol=0.0 atol=0.0)
  [2166] MISMATCH w100:333 out[0] shape (1, 1, 1, 0, 1) vs (0, 0, 0, 0, 0)
  [2188] MISMATCH w100:358 out[0] non-finite mismatch (nan/inf positions differ)
  [2253] MISMATCH w100:43 out[0] max|delta|=1.342e+10 (rtol=0.0 atol=0.0)
  [2268] CRASH    w1:498 executor died (native abort)
  [2281] CRASH    w1:724 executor died (native abort)
  [2288] CRASH    w0:168 executor died (native abort)
  [2291] CRASH    w0:399 executor died (native abort)
  [2296] CRASH    w0:625 executor died (native abort)
  [2319] CRASH    w10:102 executor died (native abort)
  [2324] MISMATCH w100:505 out[0] max|delta|=1.342e+10 (rtol=0.0 atol=0.0)
  [2331] CRASH    w1:262 executor died (native abort)
  [2342] CRASH    w1:493 executor died (native abort)
  [2348] CRASH    w100:106 executor died (native abort)
  [2358] CRASH    w100:200 executor died (native abort)
  [2399] CRASH    w10:328 executor died (native abort)
  [2400] MISMATCH w100:589 out[0] non-finite mismatch (nan/inf positions differ)
  [2427] CRASH    w10:559 executor died (native abort)
  [t=  78s] 2427/83534 (31.0/s)  ok=2333 mism=56 crash=12 timeout=0 skip=26  |  inflight=47
  [t=  81s] 2427/83534 (29.9/s)  ok=2333 mism=56 crash=12 timeout=0 skip=26  |  inflight=48
  [t=  84s] 2429/83534 (28.8/s)  ok=2335 mism=56 crash=12 timeout=0 skip=26  |  inflight=48
  [t=  88s] 2430/83534 (27.7/s)  ok=2336 mism=56 crash=12 timeout=0 skip=26  |  inflight=48
  [t=  91s] 2430/83534 (26.8/s)  ok=2336 mism=56 crash=12 timeout=0 skip=26  |  inflight=48
  [t=  94s] 2431/83534 (25.9/s)  ok=2337 mism=56 crash=12 timeout=0 skip=26  |  inflight=48
  [t=  97s] 2431/83534 (25.1/s)  ok=2337 mism=56 crash=12 timeout=0 skip=26  |  inflight=48
  [t= 100s] 2431/83534 (24.3/s)  ok=2337 mism=56 crash=12 timeout=0 skip=26  |  inflight=48
  [t= 103s] 2431/83534 (23.6/s)  ok=2337 mism=56 crash=12 timeout=0 skip=26  |  inflight=48
  [t= 106s] 2431/83534 (22.9/s)  ok=2337 mism=56 crash=12 timeout=0 skip=26  |  inflight=48
  [t= 109s] 2431/83534 (22.3/s)  ok=2337 mism=56 crash=12 timeout=0 skip=26  |  inflight=48
  [t= 112s] 2431/83534 (21.7/s)  ok=2337 mism=56 crash=12 timeout=0 skip=26  |  inflight=48
  [t= 115s] 2431/83534 (21.1/s)  ok=2337 mism=56 crash=12 timeout=0 skip=26  |  inflight=48
  [t= 118s] 2431/83534 (20.6/s)  ok=2337 mism=56 crash=12 timeout=0 skip=26  |  inflight=48
  [t= 121s] 2431/83534 (20.1/s)  ok=2337 mism=56 crash=12 timeout=0 skip=26  |  inflight=48
  [t= 124s] 2431/83534 (19.6/s)  ok=2337 mism=56 crash=12 timeout=0 skip=26  |  inflight=48
  [2434] CRASH    w100:437 executor died (native abort)
  [t= 127s] 2434/83534 (19.1/s)  ok=2339 mism=56 crash=13 timeout=0 skip=26  |  inflight=48
  [t= 130s] 2434/83534 (18.7/s)  ok=2339 mism=56 crash=13 timeout=0 skip=26  |  inflight=48
  [t= 133s] 2434/83534 (18.2/s)  ok=2339 mism=56 crash=13 timeout=0 skip=26  |  inflight=48
  [t= 137s] 2435/83534 (17.8/s)  ok=2340 mism=56 crash=13 timeout=0 skip=26  |  inflight=48
  [t= 140s] 2436/83534 (17.4/s)  ok=2341 mism=56 crash=13 timeout=0 skip=26  |  inflight=48
  [t= 143s] 2438/83534 (17.0/s)  ok=2343 mism=56 crash=13 timeout=0 skip=26  |  inflight=48
  [t= 146s] 2438/83534 (16.7/s)  ok=2343 mism=56 crash=13 timeout=0 skip=26  |  inflight=48
  [t= 149s] 2490/83534 (16.7/s)  ok=2394 mism=56 crash=13 timeout=0 skip=27  |  inflight=48
  [t= 152s] 2494/83534 (16.4/s)  ok=2398 mism=56 crash=13 timeout=0 skip=27  |  inflight=47
  [t= 155s] 2495/83534 (16.1/s)  ok=2399 mism=56 crash=13 timeout=0 skip=27  |  inflight=48
  [t= 158s] 2502/83534 (15.8/s)  ok=2406 mism=56 crash=13 timeout=0 skip=27  |  inflight=48
  [t= 162s] 2509/83534 (15.5/s)  ok=2411 mism=56 crash=13 timeout=0 skip=29  |  inflight=48
  [t= 165s] 2534/83534 (15.4/s)  ok=2436 mism=56 crash=13 timeout=0 skip=29  |  inflight=47
  [2674] MISMATCH w101:175 out[0] max|delta|=7.205e+16 (rtol=0.0 atol=0.0)
  [2701] MISMATCH w101:189 out[0] max|delta|=1.342e+10 (rtol=0.0 atol=0.0)
  [2717] MISMATCH w101:216 out[0] max|delta|=7.206e+16 (rtol=0.0 atol=0.0)
  [2745] MISMATCH w101:245 out[0] max|delta|=1.342e+10 (rtol=0.0 atol=0.0)
  [t= 168s] 2770/83534 (16.5/s)  ok=2663 mism=60 crash=13 timeout=0 skip=34  |  inflight=48
  [2796] MISMATCH w101:300 out[0] non-finite mismatch (nan/inf positions differ)
  [2907] MISMATCH w101:420 out[0] max|delta|=1.678e+07 (rtol=0.0 atol=0.0)
  [3006] MISMATCH w101:531 out[0] max|delta|=2.337e+20 (rtol=0.01 atol=0.001)
  [3157] MISMATCH w101:69 out[0] non-finite mismatch (nan/inf positions differ)
  [3201] CRASH    w101:142 executor died (native abort)
  [3211] CRASH    w101:147 executor died (native abort)
  [3214] MISMATCH w101:737 out[0] shape (1, 1, 1, 1) vs (0, 0, 0, 0, 0)
  [3323] MISMATCH w102:170 out[0] max|delta|=1.678e+07 (rtol=0.0 atol=0.0)
  [3364] MISMATCH w102:211 out[0] max|delta|=1.342e+10 (rtol=0.0 atol=0.0)
  [3535] MISMATCH w102:39 out[0] shape (0, 0, 0, 0) vs (0, 0, 0, 0, 0)
  [3605] MISMATCH w102:471 out[0] max|delta|=1.678e+07 (rtol=0.0 atol=0.0)
  [3657] MISMATCH w102:526 out[0] non-finite mismatch (nan/inf positions differ)
  [3750] MISMATCH w102:632 out[0] max|delta|=1.342e+10 (rtol=0.0 atol=0.0)
  [3757] MISMATCH w102:64 out[0] non-finite mismatch (nan/inf positions differ)
  [3807] MISMATCH w102:69 out[0] max|delta|=1.000e+00 (rtol=0.0 atol=0.0)
  [3817] MISMATCH w102:702 out[0] non-finite mismatch (nan/inf positions differ)
  [3866] MISMATCH w102:757 out[0] non-finite mismatch (nan/inf positions differ)
  [3898] MISMATCH w102:89 out[0] shape (1,) vs (0,)
  [3928] MISMATCH w103:114 out[0] shape (1,) vs (0, 0, 0, 0, 0)
  [t= 171s] 4066/83534 (23.8/s)  ok=3928 mism=77 crash=15 timeout=0 skip=46  |  inflight=47
  [4090] MISMATCH w103:295 out[0] shape (1,) vs (0, 0, 0, 0, 0)
  [4116] MISMATCH w103:320 out[0] non-finite mismatch (nan/inf positions differ)
  [4329] MISMATCH w103:551 out[0] non-finite mismatch (nan/inf positions differ)
  [4409] MISMATCH w103:64 out[0] shape (1, 1, 1, 1) vs (0, 0, 0, 0, 0)
  [4464] MISMATCH w103:698 out[0] max|delta|=1.342e+10 (rtol=0.0 atol=0.0)
  [t= 174s] 4500/83534 (25.8/s)  ok=4353 mism=82 crash=15 timeout=0 skip=50  |  inflight=48
  [t= 178s] 4509/83534 (25.4/s)  ok=4362 mism=82 crash=15 timeout=0 skip=50  |  inflight=48
  [t= 181s] 4516/83534 (25.0/s)  ok=4369 mism=82 crash=15 timeout=0 skip=50  |  inflight=47
  [4520] CRASH    w103:398 executor died (native abort)
  [4521] CRASH    w103:167 executor died (native abort)
  [4522] CRASH    w103:177 executor died (native abort)
  [4523] MISMATCH w103:757 out[0] max|delta|=1.000e+00 (rtol=0.0 atol=0.0)
  [4525] CRASH    w101:378 executor died (native abort)
  [4526] CRASH    w102:599 executor died (native abort)
  [4527] CRASH    w102:604 executor died (native abort)
  [4530] CRASH    w102:137 executor died (native abort)
  [4548] CRASH    w102:368 executor died (native abort)
  [4587] CRASH    w103:629 executor died (native abort)
  [4599] CRASH    w103:393 executor died (native abort)
  [4656] MISMATCH w104:198 out[0] max|delta|=1.342e+10 (rtol=0.0 atol=0.0)
  [4681] MISMATCH w101:762 out[0] non-finite mismatch (nan/inf positions differ)
  [4722] MISMATCH w104:268 out[0] max|delta|=1.342e+10 (rtol=0.0 atol=0.0)
  [4773] MISMATCH w104:323 out[0] non-finite mismatch (nan/inf positions differ)
  [t= 184s] 4814/83534 (26.2/s)  ok=4649 mism=87 crash=25 timeout=0 skip=53  |  inflight=48
  [t= 187s] 4818/83534 (25.7/s)  ok=4653 mism=87 crash=25 timeout=0 skip=53  |  inflight=48
  [t= 190s] 4818/83534 (25.3/s)  ok=4653 mism=87 crash=25 timeout=0 skip=53  |  inflight=48
  [4819] MISMATCH w104:37 out[0] max|delta|=1.678e+07 (rtol=0.0 atol=0.0)
  [t= 194s] 4821/83534 (24.9/s)  ok=4655 mism=88 crash=25 timeout=0 skip=53  |  inflight=48
  [t= 197s] 4823/83534 (24.5/s)  ok=4657 mism=88 crash=25 timeout=0 skip=53  |  inflight=48
  [t= 200s] 4826/83534 (24.1/s)  ok=4660 mism=88 crash=25 timeout=0 skip=53  |  inflight=48
  [t= 203s] 4826/83534 (23.8/s)  ok=4660 mism=88 crash=25 timeout=0 skip=53  |  inflight=48
  [t= 206s] 4827/83534 (23.4/s)  ok=4661 mism=88 crash=25 timeout=0 skip=53  |  inflight=48
  [4832] CRASH    w104:349 executor died (native abort)
  [t= 210s] 4832/83534 (23.1/s)  ok=4665 mism=88 crash=26 timeout=0 skip=53  |  inflight=48
  [t= 213s] 4835/83534 (22.7/s)  ok=4668 mism=88 crash=26 timeout=0 skip=53  |  inflight=48
  [t= 216s] 4835/83534 (22.4/s)  ok=4668 mism=88 crash=26 timeout=0 skip=53  |  inflight=48
  [t= 219s] 4838/83534 (22.1/s)  ok=4671 mism=88 crash=26 timeout=0 skip=53  |  inflight=48
  [t= 223s] 4841/83534 (21.8/s)  ok=4674 mism=88 crash=26 timeout=0 skip=53  |  inflight=48
  [t= 226s] 4842/83534 (21.4/s)  ok=4675 mism=88 crash=26 timeout=0 skip=53  |  inflight=48
  [t= 229s] 4842/83534 (21.2/s)  ok=4675 mism=88 crash=26 timeout=0 skip=53  |  inflight=48
  [t= 232s] 4843/83534 (20.9/s)  ok=4676 mism=88 crash=26 timeout=0 skip=53  |  inflight=48
  [t= 235s] 4846/83534 (20.6/s)  ok=4679 mism=88 crash=26 timeout=0 skip=53  |  inflight=48
  [t= 239s] 4858/83534 (20.3/s)  ok=4691 mism=88 crash=26 timeout=0 skip=53  |  inflight=47
  [4879] CRASH    w104:401 executor died (native abort)
  [t= 242s] 4893/83534 (20.2/s)  ok=4724 mism=88 crash=27 timeout=0 skip=54  |  inflight=48
  [t= 245s] 4897/83534 (20.0/s)  ok=4728 mism=88 crash=27 timeout=0 skip=54  |  inflight=48
  [t= 249s] 4902/83534 (19.7/s)  ok=4733 mism=88 crash=27 timeout=0 skip=54  |  inflight=48
  [t= 252s] 4902/83534 (19.5/s)  ok=4733 mism=88 crash=27 timeout=0 skip=54  |  inflight=48
  [4909] MISMATCH w104:470 out[0] max|delta|=1.342e+10 (rtol=0.0 atol=0.0)
  [t= 255s] 4909/83534 (19.2/s)  ok=4739 mism=89 crash=27 timeout=0 skip=54  |  inflight=48
  [t= 258s] 4916/83534 (19.0/s)  ok=4746 mism=89 crash=27 timeout=0 skip=54  |  inflight=48
  [t= 262s] 4938/83534 (18.9/s)  ok=4767 mism=89 crash=27 timeout=0 skip=55  |  inflight=48
  [4963] MISMATCH w104:529 out[0] shape (1, 1, 1) vs (0, 0, 0, 0, 0)
  [4985] MISMATCH w104:554 out[0] non-finite mismatch (nan/inf positions differ)
  [t= 265s] 5021/83534 (19.0/s)  ok=4848 mism=91 crash=27 timeout=0 skip=55  |  inflight=47
  [5102] MISMATCH w104:674 out[0] max|delta|=1.342e+10 (rtol=0.0 atol=0.0)
  [5122] MISMATCH w104:690 out[0] max|delta|=1.000e+00 (rtol=0.0 atol=0.0)
  [5126] MISMATCH w103:89 out[0] non-finite mismatch (nan/inf positions differ)
  [5136] MISMATCH w104:701 out[0] max|delta|=1.342e+10 (rtol=0.0 atol=0.0)
  [5205] MISMATCH w104:8 out[0] max|delta|=1.678e+07 (rtol=0.0 atol=0.0)
  [5215] MISMATCH w104:92 out[0] max|delta|=3.553e+20 (rtol=0.01 atol=0.001)
  [5259] MISMATCH w105:119 out[0] shape (0, 1, 1, 1, 1) vs (0, 0, 0, 0, 0)
  [t= 268s] 5285/83534 (19.7/s)  ok=5102 mism=98 crash=27 timeout=0 skip=58  |  inflight=48
  [5306] MISMATCH w105:19 out[0] max|delta|=1.342e+10 (rtol=0.0 atol=0.0)
  [5411] MISMATCH w105:291 out[0] max|delta|=1.342e+10 (rtol=0.0 atol=0.0)
  [5484] MISMATCH w105:375 out[0] max|delta|=2.098e+20 (rtol=0.01 atol=0.001)
  [5575] MISMATCH w105:481 out[0] max|delta|=1.678e+07 (rtol=0.0 atol=0.0)
  [5689] MISMATCH w105:60 out[0] max|delta|=1.342e+10 (rtol=0.0 atol=0.0)
  [5692] MISMATCH w105:606 out[0] non-finite mismatch (nan/inf positions differ)
  [5827] MISMATCH w105:753 out[0] max|delta|=1.342e+10 (rtol=0.0 atol=0.0)
  [5836] CRASH    w104:627 executor died (native abort)
  [5845] CRASH    w104:632 executor died (native abort)
  [5937] MISMATCH w106:166 out[0] max|delta|=1.342e+10 (rtol=0.0 atol=0.0)
  [5975] MISMATCH w106:207 out[0] max|delta|=1.342e+10 (rtol=0.0 atol=0.0)
  [5989] MISMATCH w106:221 out[0] non-finite mismatch (nan/inf positions differ)
  [6054] MISMATCH w106:291 out[0] non-finite mismatch (nan/inf positions differ)
  [6086] MISMATCH w106:316 out[0] shape (1,) vs (0, 0, 0, 0, 0)
  [6121] MISMATCH w106:35 out[0] shape (1, 1, 1) vs (0, 0, 0, 0, 0)
  [6218] MISMATCH w106:467 out[0] max|delta|=1.678e+07 (rtol=0.0 atol=0.0)
  [6252] MISMATCH w106:497 out[0] shape (1, 1, 1, 1) vs (0, 0, 0, 0, 0)
  [6272] MISMATCH w106:522 out[0] non-finite mismatch (nan/inf positions differ)
  [6336] MISMATCH w106:60 out[0] max|delta|=3.542e+20 (rtol=0.01 atol=0.001)
  [6361] MISMATCH w106:628 out[0] max|delta|=1.342e+10 (rtol=0.0 atol=0.0)
  [6372] MISMATCH w106:642 out[0] max|delta|=1.342e+10 (rtol=0.0 atol=0.0)
  [6480] MISMATCH w106:753 out[0] non-finite mismatch (nan/inf positions differ)
  [6516] MISMATCH w106:85 out[0] shape (1, 1, 1, 1) vs (0, 0, 0, 0, 0)
  [6630] MISMATCH w107:205 out[0] max|delta|=1.342e+10 (rtol=0.0 atol=0.0)
  [6669] MISMATCH w107:246 out[0] max|delta|=1.342e+10 (rtol=0.0 atol=0.0)
  [6696] MISMATCH w107:275 out[0] max|delta|=1.342e+10 (rtol=0.0 atol=0.0)
  [6731] MISMATCH w107:305 out[0] shape (1, 1, 1, 1) vs (0, 0, 0, 0, 0)
  [6842] MISMATCH w107:436 out[0] max|delta|=1.342e+10 (rtol=0.0 atol=0.0)
  [6845] MISMATCH w107:44 out[0] max|delta|=1.342e+10 (rtol=0.0 atol=0.0)
  [6881] MISMATCH w107:477 out[0] max|delta|=1.342e+10 (rtol=0.0 atol=0.0)
  [6935] MISMATCH w107:536 out[0] max|delta|=3.000e+00 (rtol=0.0 atol=0.0)
  [6958] MISMATCH w107:561 out[0] non-finite mismatch (nan/inf positions differ)
  [7068] MISMATCH w107:681 out[0] non-finite mismatch (nan/inf positions differ)
  [t= 271s] 7110/83534 (26.2/s)  ok=6874 mism=129 crash=29 timeout=0 skip=78  |  inflight=47
  [7127] MISMATCH w107:74 out[0] shape (1, 1, 1, 1) vs (0, 0, 0, 0, 0)
  [7183] MISMATCH w107:99 out[0] non-finite mismatch (nan/inf positions differ)
  [7217] MISMATCH w108:136 out[0] shape (0, 0, 0, 0) vs (0, 0, 0, 0, 0)
  [7241] MISMATCH w108:161 out[0] non-finite mismatch (nan/inf positions differ)
  [7265] MISMATCH w108:186 out[0] shape (1,) vs (0, 0)
  [7282] MISMATCH w108:203 out[0] shape (1, 1, 1) vs (0, 0, 0, 0, 0)
  [t= 274s] 7306/83534 (26.6/s)  ok=7062 mism=135 crash=29 timeout=0 skip=80  |  inflight=48
  [t= 278s] 7321/83534 (26.4/s)  ok=7074 mism=135 crash=29 timeout=0 skip=83  |  inflight=48
  [7330] CRASH    w105:684 executor died (native abort)
  [7331] CRASH    w105:679 executor died (native abort)
  [t= 281s] 7332/83534 (26.1/s)  ok=7083 mism=135 crash=31 timeout=0 skip=83  |  inflight=47
  [7333] CRASH    w106:226 executor died (native abort)
  [7334] CRASH    w107:634 executor died (native abort)
  [7335] CRASH    w107:172 executor died (native abort)
  [7336] CRASH    w106:317 executor died (native abort)
  [7340] CRASH    w107:408 executor died (native abort)
  [7341] CRASH    w108:248 executor died (native abort)
  [7342] CRASH    w106:133 executor died (native abort)
  [7344] CRASH    w105:217 executor died (native abort)
  [7453] MISMATCH w108:392 out[0] non-finite mismatch (nan/inf positions differ)
  [t= 284s] 7528/83534 (26.5/s)  ok=7266 mism=136 crash=39 timeout=0 skip=87  |  inflight=48
  [t= 287s] 7529/83534 (26.2/s)  ok=7267 mism=136 crash=39 timeout=0 skip=87  |  inflight=48
  [t= 290s] 7529/83534 (25.9/s)  ok=7267 mism=136 crash=39 timeout=0 skip=87  |  inflight=48
  [t= 294s] 7530/83534 (25.6/s)  ok=7268 mism=136 crash=39 timeout=0 skip=87  |  inflight=48
  [t= 297s] 7530/83534 (25.4/s)  ok=7268 mism=136 crash=39 timeout=0 skip=87  |  inflight=48
  [t= 300s] 7531/83534 (25.1/s)  ok=7269 mism=136 crash=39 timeout=0 skip=87  |  inflight=48
  [t= 303s] 7531/83534 (24.9/s)  ok=7269 mism=136 crash=39 timeout=0 skip=87  |  inflight=48
  [t= 306s] 7531/83534 (24.6/s)  ok=7269 mism=136 crash=39 timeout=0 skip=87  |  inflight=48
  [t= 309s] 7532/83534 (24.4/s)  ok=7270 mism=136 crash=39 timeout=0 skip=87  |  inflight=48
  [t= 312s] 7532/83534 (24.2/s)  ok=7270 mism=136 crash=39 timeout=0 skip=87  |  inflight=48
  [t= 315s] 7532/83534 (23.9/s)  ok=7270 mism=136 crash=39 timeout=0 skip=87  |  inflight=48
  [t= 318s] 7532/83534 (23.7/s)  ok=7270 mism=136 crash=39 timeout=0 skip=87  |  inflight=48
  [t= 321s] 7532/83534 (23.5/s)  ok=7270 mism=136 crash=39 timeout=0 skip=87  |  inflight=48
  [t= 324s] 7532/83534 (23.3/s)  ok=7270 mism=136 crash=39 timeout=0 skip=87  |  inflight=48
  [t= 327s] 7532/83534 (23.0/s)  ok=7270 mism=136 crash=39 timeout=0 skip=87  |  inflight=48
  [t= 330s] 7532/83534 (22.8/s)  ok=7270 mism=136 crash=39 timeout=0 skip=87  |  inflight=48
  [t= 333s] 7532/83534 (22.6/s)  ok=7270 mism=136 crash=39 timeout=0 skip=87  |  inflight=48
  [t= 336s] 7532/83534 (22.4/s)  ok=7270 mism=136 crash=39 timeout=0 skip=87  |  inflight=48
  [7535] CRASH    w108:465 executor died (native abort)
  [t= 339s] 7558/83534 (22.3/s)  ok=7295 mism=136 crash=40 timeout=0 skip=87  |  inflight=47
  [7562] CRASH    w108:470 executor died (native abort)
  [t= 342s] 7562/83534 (22.1/s)  ok=7298 mism=136 crash=41 timeout=0 skip=87  |  inflight=48
  [t= 345s] 7564/83534 (21.9/s)  ok=7300 mism=136 crash=41 timeout=0 skip=87  |  inflight=48
  [t= 349s] 7566/83534 (21.7/s)  ok=7302 mism=136 crash=41 timeout=0 skip=87  |  inflight=48
  [t= 352s] 7566/83534 (21.5/s)  ok=7302 mism=136 crash=41 timeout=0 skip=87  |  inflight=48
  [t= 355s] 7578/83534 (21.4/s)  ok=7314 mism=136 crash=41 timeout=0 skip=87  |  inflight=48
  [t= 358s] 7581/83534 (21.2/s)  ok=7317 mism=136 crash=41 timeout=0 skip=87  |  inflight=47
  [7589] MISMATCH w108:539 out[0] max|delta|=1.342e+10 (rtol=0.0 atol=0.0)
  [t= 361s] 7595/83534 (21.0/s)  ok=7330 mism=137 crash=41 timeout=0 skip=87  |  inflight=48
  [7670] MISMATCH w108:623 out[0] non-finite mismatch (nan/inf positions differ)
  [7748] MISMATCH w108:267 out[0] max|delta|=1.342e+10 (rtol=0.0 atol=0.0)
  [7789] MISMATCH w108:743 out[0] max|delta|=1.342e+10 (rtol=0.0 atol=0.0)
  [7869] MISMATCH w109:119 out[0] max|delta|=1.342e+10 (rtol=0.0 atol=0.0)
  [t= 364s] 7879/83534 (21.6/s)  ok=7606 mism=141 crash=41 timeout=0 skip=91  |  inflight=47
  [7930] MISMATCH w109:174 out[0] non-finite mismatch (nan/inf positions differ)
  [t= 367s] 7942/83534 (21.6/s)  ok=7668 mism=142 crash=41 timeout=0 skip=91  |  inflight=48
  [7944] MISMATCH w109:199 out[0] shape (1, 1) vs (0, 0, 0, 0, 0)
  [8026] MISMATCH w109:294 out[0] max|delta|=1.342e+10 (rtol=0.0 atol=0.0)
  [8057] MISMATCH w109:321 out[0] max|delta|=7.206e+16 (rtol=0.0 atol=0.0)
  [8139] MISMATCH w109:405 out[0] non-finite mismatch (nan/inf positions differ)
  [8232] MISMATCH w109:511 out[0] max|delta|=1.342e+10 (rtol=0.0 atol=0.0)
  [8242] MISMATCH w109:525 out[0] max|delta|=1.678e+07 (rtol=0.0 atol=0.0)
  [8268] MISMATCH w109:552 out[0] max|delta|=1.342e+10 (rtol=0.0 atol=0.0)
  [8325] MISMATCH w109:611 out[0] shape (0, 0) vs (0, 0, 0, 0, 0)
  [8347] MISMATCH w109:636 out[0] non-finite mismatch (nan/inf positions differ)
  [8384] CRASH    w108:701 executor died (native abort)
  [8456] MISMATCH w109:756 out[0] max|delta|=1.678e+07 (rtol=0.0 atol=0.0)
  [8565] MISMATCH w11:166 out[0] shape (2, 1) vs (2, 3)
  [8567] MISMATCH w11:171 out[0] max|delta|=1.000e+00 (rtol=0.0 atol=0.0)
  [8592] MISMATCH w11:193 out[0] non-finite mismatch (nan/inf positions differ)
  [8664] MISMATCH w11:273 out[0] non-finite mismatch (nan/inf positions differ)
  [8671] MISMATCH w11:282 out[0] non-finite mismatch (nan/inf positions differ)
  [8676] MISMATCH w11:288 out[0] max|delta|=2.550e+02 (rtol=0.0 atol=0.0)
  [8720] CRASH    w109:16 executor died (native abort)
  [8779] MISMATCH w11:397 out[0] max|delta|=2.915e+20 (rtol=0.01 atol=0.001)
  [8789] MISMATCH w11:41 out[0] max|delta|=1.342e+10 (rtol=0.0 atol=0.0)
  [8800] MISMATCH w11:42 out[0] non-finite mismatch (nan/inf positions differ)
  [8916] MISMATCH w11:544 out[0] max|delta|=1.342e+10 (rtol=0.0 atol=0.0)
  [8992] MISMATCH w11:628 out[0] non-finite mismatch (nan/inf positions differ)
  [9014] MISMATCH w11:655 out[0] non-finite mismatch (nan/inf positions differ)
  [9060] MISMATCH w11:71 out[0] max|delta|=2.550e+02 (rtol=0.0 atol=0.0)
  [9085] MISMATCH w11:734 out[0] max|delta|=1.678e+07 (rtol=0.0 atol=0.0)
  [9099] MISMATCH w11:748 out[0] max|delta|=1.342e+10 (rtol=0.0 atol=0.0)
  [9126] MISMATCH w11:775 out[0] max|delta|=1.342e+10 (rtol=0.0 atol=0.0)
  [9137] MISMATCH w11:82 out[0] max|delta|=1.342e+10 (rtol=0.0 atol=0.0)
  [9160] MISMATCH w110:103 out[0] max|delta|=1.342e+10 (rtol=0.0 atol=0.0)
  [9211] MISMATCH w110:158 out[0] non-finite mismatch (nan/inf positions differ)
  [9320] MISMATCH w110:278 out[0] max|delta|=1.342e+10 (rtol=0.0 atol=0.0)
  [9362] MISMATCH w110:319 out[0] max|delta|=1.855e-02 (rtol=0.01 atol=0.001)
  [9371] MISMATCH w110:33 out[0] max|delta|=1.342e+10 (rtol=0.0 atol=0.0)
  [9423] MISMATCH w110:389 out[0] max|delta|=1.717e+20 (rtol=0.01 atol=0.001)
  [9520] MISMATCH w110:495 out[0] max|delta|=1.342e+10 (rtol=0.0 atol=0.0)
  [9532] MISMATCH w110:509 out[0] max|delta|=1.342e+10 (rtol=0.0 atol=0.0)
  [9558] MISMATCH w110:536 out[0] max|delta|=1.342e+10 (rtol=0.0 atol=0.0)
  [9583] MISMATCH w110:565 out[0] max|delta|=1.342e+10 (rtol=0.0 atol=0.0)
  [t= 370s] 9672/83534 (26.1/s)  ok=9332 mism=179 crash=43 timeout=0 skip=118  |  inflight=47
  [9741] MISMATCH w110:74 out[0] max|delta|=1.342e+10 (rtol=0.0 atol=0.0)
  [t= 374s] 9759/83534 (26.1/s)  ok=9417 mism=180 crash=43 timeout=0 skip=119  |  inflight=48
  [t= 377s] 9762/83534 (25.9/s)  ok=9420 mism=180 crash=43 timeout=0 skip=119  |  inflight=48
  [9765] CRASH    w11:706 executor died (native abort)
  [9768] CRASH    w110:473 executor died (native abort)
  [t= 380s] 9768/83534 (25.7/s)  ok=9424 mism=180 crash=45 timeout=0 skip=119  |  inflight=47
  [9769] CRASH    w109:709 executor died (native abort)
  [9770] MISMATCH w110:767 out[0] max|delta|=1.342e+10 (rtol=0.0 atol=0.0)
  [9771] CRASH    w109:247 executor died (native abort)
  [9772] CRASH    w110:231 executor died (native abort)
  [9773] CRASH    w110:698 executor died (native abort)
  [9794] CRASH    w11:359 executor died (native abort)
  [9801] CRASH    w110:693 executor died (native abort)
  [9804] CRASH    w11:470 executor died (native abort)
  [9810] CRASH    w109:478 executor died (native abort)
  [9812] CRASH    w109:483 executor died (native abort)
  [9824] MISMATCH w111:121 out[0] shape (1, 1, 1, 1) vs (0, 0, 0, 0, 0)
  [t= 383s] 9854/83534 (25.7/s)  ok=9499 mism=182 crash=54 timeout=0 skip=119  |  inflight=48
  [t= 386s] 9856/83534 (25.5/s)  ok=9501 mism=182 crash=54 timeout=0 skip=119  |  inflight=48
  [t= 390s] 9856/83534 (25.3/s)  ok=9501 mism=182 crash=54 timeout=0 skip=119  |  inflight=48
  [t= 393s] 9858/83534 (25.1/s)  ok=9503 mism=182 crash=54 timeout=0 skip=119  |  inflight=48
  [t= 396s] 9861/83534 (24.9/s)  ok=9506 mism=182 crash=54 timeout=0 skip=119  |  inflight=48
  [t= 399s] 9863/83534 (24.7/s)  ok=9508 mism=182 crash=54 timeout=0 skip=119  |  inflight=48
  [t= 402s] 9863/83534 (24.5/s)  ok=9508 mism=182 crash=54 timeout=0 skip=119  |  inflight=48
  [t= 406s] 9865/83534 (24.3/s)  ok=9510 mism=182 crash=54 timeout=0 skip=119  |  inflight=48
  [t= 409s] 9867/83534 (24.1/s)  ok=9512 mism=182 crash=54 timeout=0 skip=119  |  inflight=48
  [t= 412s] 9868/83534 (23.9/s)  ok=9513 mism=182 crash=54 timeout=0 skip=119  |  inflight=48
  [t= 415s] 9868/83534 (23.8/s)  ok=9513 mism=182 crash=54 timeout=0 skip=119  |  inflight=48
  [t= 418s] 9870/83534 (23.6/s)  ok=9515 mism=182 crash=54 timeout=0 skip=119  |  inflight=48
  [t= 422s] 9872/83534 (23.4/s)  ok=9517 mism=182 crash=54 timeout=0 skip=119  |  inflight=48
  [t= 425s] 9874/83534 (23.2/s)  ok=9519 mism=182 crash=54 timeout=0 skip=119  |  inflight=48
  [t= 428s] 9874/83534 (23.1/s)  ok=9519 mism=182 crash=54 timeout=0 skip=119  |  inflight=48
  [t= 431s] 9876/83534 (22.9/s)  ok=9521 mism=182 crash=54 timeout=0 skip=119  |  inflight=48
  [t= 435s] 9882/83534 (22.7/s)  ok=9527 mism=182 crash=54 timeout=0 skip=119  |  inflight=48
  [9887] MISMATCH w111:188 out[0] shape (1, 1, 1, 1) vs (0, 0, 0, 0, 0)
  [9908] MISMATCH w111:21 out[0] max|delta|=1.342e+10 (rtol=0.0 atol=0.0)
  [t= 438s] 9964/83534 (22.8/s)  ok=9606 mism=184 crash=54 timeout=0 skip=120  |  inflight=47
  [t= 441s] 9988/83534 (22.7/s)  ok=9629 mism=184 crash=54 timeout=0 skip=121  |  inflight=48
  [9999] MISMATCH w111:307 out[0] non-finite mismatch (nan/inf positions differ)
  [10013] MISMATCH w111:322 out[0] max|delta|=1.342e+10 (rtol=0.0 atol=0.0)
  [10038] MISMATCH w111:352 out[0] shape (0, 0, 0, 0) vs (0, 0, 0, 0, 0)
  [t= 444s] 10049/83534 (22.6/s)  ok=9686 mism=187 crash=54 timeout=0 skip=122  |  inflight=47
  [10203] MISMATCH w111:524 out[0] max|delta|=1.342e+10 (rtol=0.0 atol=0.0)
  [10219] MISMATCH w111:538 out[0] max|delta|=1.855e-02 (rtol=0.01 atol=0.001)
  [10261] MISMATCH w111:583 out[0] shape (1, 1, 1, 1, 0) vs (0, 0, 0, 0, 0)
  [10281] MISMATCH w111:608 out[0] max|delta|=1.795e+22 (rtol=0.01 atol=0.001)
  [10432] MISMATCH w111:755 out[0] max|delta|=1.342e+10 (rtol=0.0 atol=0.0)
  [10461] MISMATCH w111:91 out[0] max|delta|=1.678e+07 (rtol=0.0 atol=0.0)
  [10488] MISMATCH w112:126 out[0] non-finite mismatch (nan/inf positions differ)
  [10515] MISMATCH w112:150 out[0] max|delta|=1.678e+07 (rtol=0.0 atol=0.0)
  [10526] MISMATCH w112:164 out[0] max|delta|=1.342e+10 (rtol=0.0 atol=0.0)
  [10549] MISMATCH w112:191 out[0] max|delta|=1.342e+10 (rtol=0.0 atol=0.0)
  [10566] MISMATCH w112:19 out[0] shape (1, 1) vs (0, 0, 0, 0, 0)
  [10582] MISMATCH w112:220 out[0] max|delta|=1.678e+07 (rtol=0.0 atol=0.0)
  [10619] MISMATCH w112:250 out[0] shape (1, 1) vs (0, 0, 0, 0, 0)
  [10634] MISMATCH w112:275 out[0] non-finite mismatch (nan/inf positions differ)
  [10666] MISMATCH w112:300 out[0] shape (1,) vs (0, 0, 0, 0, 0)
  [10723] MISMATCH w112:381 out[0] max|delta|=1.342e+10 (rtol=0.0 atol=0.0)
  [10822] MISMATCH w112:481 out[0] shape (0, 0, 0, 0) vs (0, 0, 0, 0, 0)
  [10838] MISMATCH w112:506 out[0] non-finite mismatch (nan/inf positions differ)
  [10948] MISMATCH w112:626 out[0] max|delta|=1.342e+10 (rtol=0.0 atol=0.0)
  [10975] MISMATCH w112:653 out[0] max|delta|=1.678e+07 (rtol=0.0 atol=0.0)
  [11008] MISMATCH w112:69 out[0] shape (1, 1, 1) vs (0, 0, 0, 0, 0)
  [11042] MISMATCH w112:712 out[0] shape (0,) vs (0, 0, 0, 0, 0)
  [11051] MISMATCH w112:737 out[0] non-finite mismatch (nan/inf positions differ)
  [11221] MISMATCH w113:214 out[0] max|delta|=1.342e+10 (rtol=0.0 atol=0.0)
  [11246] MISMATCH w113:243 out[0] max|delta|=1.342e+10 (rtol=0.0 atol=0.0)
  [11273] MISMATCH w113:273 out[0] shape (0, 1, 1) vs (0, 0, 0, 0, 0)
  [11303] MISMATCH w113:298 out[0] non-finite mismatch (nan/inf positions differ)
  [11322] MISMATCH w113:323 out[0] shape () vs (0, 0, 0, 0, 0)
  [11393] MISMATCH w113:404 out[0] max|delta|=1.342e+10 (rtol=0.0 atol=0.0)
  [11502] MISMATCH w113:504 out[0] shape (1, 0) vs (0, 0, 0, 0, 0)
  [11509] MISMATCH w113:529 out[0] non-finite mismatch (nan/inf positions differ)
  [t= 447s] 11583/83534 (25.9/s)  ok=11172 mism=218 crash=54 timeout=0 skip=139  |  inflight=47
  [11609] MISMATCH w113:635 out[0] max|delta|=1.678e+07 (rtol=0.0 atol=0.0)
  [11638] MISMATCH w113:67 out[0] non-finite mismatch (nan/inf positions differ)
  [11696] MISMATCH w113:735 out[0] shape (1, 1, 1, 1) vs (0, 0, 0, 0, 0)
  [11846] MISMATCH w114:190 out[0] max|delta|=1.342e+10 (rtol=0.0 atol=0.0)
  [11886] MISMATCH w114:231 out[0] max|delta|=1.678e+07 (rtol=0.0 atol=0.0)
  [11899] MISMATCH w114:245 out[0] non-finite mismatch (nan/inf positions differ)
  [12098] MISMATCH w114:462 out[0] max|delta|=1.342e+10 (rtol=0.0 atol=0.0)
  [12127] MISMATCH w114:491 out[0] max|delta|=1.342e+10 (rtol=0.0 atol=0.0)
  [12180] MISMATCH w114:546 out[0] non-finite mismatch (nan/inf positions differ)
  [12214] MISMATCH w114:59 out[0] shape (0,) vs (0, 0, 0, 0, 0)
  [12366] MISMATCH w114:752 out[0] max|delta|=7.000e+00 (rtol=0.0 atol=0.0)
  [12387] MISMATCH w114:777 out[0] max|delta|=2.908e+20 (rtol=0.01 atol=0.001)
  [12430] MISMATCH w115:122 out[0] non-finite mismatch (nan/inf positions differ)
  [12534] MISMATCH w115:228 out[0] max|delta|=1.342e+10 (rtol=0.0 atol=0.0)
  [12541] MISMATCH w115:242 out[0] non-finite mismatch (nan/inf positions differ)
  [12623] MISMATCH w115:328 out[0] shape (0, 0, 0, 0) vs (0, 0, 0, 0, 0)
  [12646] MISMATCH w115:353 out[0] non-finite mismatch (nan/inf positions differ)
  [12685] MISMATCH w115:395 out[0] shape (1,) vs (0, 0, 0, 0, 0)
  [12788] MISMATCH w115:500 out[0] max|delta|=7.205e+16 (rtol=0.0 atol=0.0)
  [12799] MISMATCH w115:52 out[0] max|delta|=1.855e-02 (rtol=0.01 atol=0.001)
  [12856] MISMATCH w115:584 out[0] non-finite mismatch (nan/inf positions differ)
  [12969] MISMATCH w115:704 out[0] max|delta|=1.342e+10 (rtol=0.0 atol=0.0)
  [12997] MISMATCH w115:731 out[0] max|delta|=1.342e+10 (rtol=0.0 atol=0.0)
  [13057] MISMATCH w115:97 out[0] shape (1, 1, 1, 1) vs (0, 0, 0, 0)
  [13062] MISMATCH w116:10 out[0] max|delta|=1.342e+10 (rtol=0.0 atol=0.0)
  [13071] MISMATCH w116:110 out[0] shape (0,) vs (0, 0, 0, 0, 0)
  [13099] MISMATCH w116:135 out[0] non-finite mismatch (nan/inf positions differ)
  [13132] MISMATCH w116:177 out[0] shape (1, 1, 1) vs (0, 0, 0, 0, 0)
  [13140] CRASH    w113:140 executor died (native abort)
  [13225] CRASH    w112:353 executor died (native abort)
  [13231] MISMATCH w116:282 out[0] max|delta|=1.342e+10 (rtol=0.0 atol=0.0)
  [13245] MISMATCH w116:296 out[0] max|delta|=1.855e-02 (rtol=0.01 atol=0.001)
  [13309] MISMATCH w116:366 out[0] non-finite mismatch (nan/inf positions differ)
  [13397] CRASH    w113:376 executor died (native abort)
  [13409] MISMATCH w116:473 out[0] max|delta|=1.000e+00 (rtol=0.01 atol=0.001)
  [13438] CRASH    w114:619 executor died (native abort)
  [13442] MISMATCH w116:51 out[0] max|delta|=7.206e+16 (rtol=0.0 atol=0.0)
  [t= 450s] 13442/83534 (29.8/s)  ok=12976 mism=251 crash=58 timeout=0 skip=157  |  inflight=48
  [t= 453s] 13442/83534 (29.7/s)  ok=12976 mism=251 crash=58 timeout=0 skip=157  |  inflight=48
  [13445] MISMATCH w116:513 out[0] max|delta|=1.342e+10 (rtol=0.0 atol=0.0)
  [t= 457s] 13449/83534 (29.4/s)  ok=12982 mism=252 crash=58 timeout=0 skip=157  |  inflight=48
  [t= 460s] 13449/83534 (29.3/s)  ok=12982 mism=252 crash=58 timeout=0 skip=157  |  inflight=48
  [t= 463s] 13450/83534 (29.1/s)  ok=12983 mism=252 crash=58 timeout=0 skip=157  |  inflight=48
  [t= 466s] 13450/83534 (28.9/s)  ok=12983 mism=252 crash=58 timeout=0 skip=157  |  inflight=48
  [13453] CRASH    w112:117 executor died (native abort)
  [t= 469s] 13453/83534 (28.7/s)  ok=12985 mism=252 crash=59 timeout=0 skip=157  |  inflight=48
  [t= 472s] 13454/83534 (28.5/s)  ok=12986 mism=252 crash=59 timeout=0 skip=157  |  inflight=48
  [t= 475s] 13456/83534 (28.3/s)  ok=12988 mism=252 crash=59 timeout=0 skip=157  |  inflight=47
  [13460] CRASH    w115:426 executor died (native abort)
  [13463] CRASH    w112:584 executor died (native abort)
  [13464] CRASH    w115:667 executor died (native abort)
  [t= 479s] 13464/83534 (28.1/s)  ok=12993 mism=252 crash=62 timeout=0 skip=157  |  inflight=48
  [t= 482s] 13464/83534 (28.0/s)  ok=12993 mism=252 crash=62 timeout=0 skip=157  |  inflight=48
  [t= 485s] 13464/83534 (27.8/s)  ok=12993 mism=252 crash=62 timeout=0 skip=157  |  inflight=48
  [t= 488s] 13464/83534 (27.6/s)  ok=12993 mism=252 crash=62 timeout=0 skip=157  |  inflight=48
  [t= 491s] 13464/83534 (27.4/s)  ok=12993 mism=252 crash=62 timeout=0 skip=157  |  inflight=48
  [t= 494s] 13464/83534 (27.3/s)  ok=12993 mism=252 crash=62 timeout=0 skip=157  |  inflight=48
  [t= 497s] 13464/83534 (27.1/s)  ok=12993 mism=252 crash=62 timeout=0 skip=157  |  inflight=48
  [13468] CRASH    w116:444 executor died (native abort)
  [13469] CRASH    w114:393 executor died (native abort)
  [13473] CRASH    w111:686 executor died (native abort)
  [13474] CRASH    w115:431 executor died (native abort)
  [13475] MISMATCH w116:542 out[0] max|delta|=1.342e+10 (rtol=0.0 atol=0.0)
  [t= 500s] 13476/83534 (27.0/s)  ok=13000 mism=253 crash=66 timeout=0 skip=157  |  inflight=48
  [t= 503s] 13476/83534 (26.8/s)  ok=13000 mism=253 crash=66 timeout=0 skip=157  |  inflight=48
  [t= 506s] 13476/83534 (26.6/s)  ok=13000 mism=253 crash=66 timeout=0 skip=157  |  inflight=48
  [t= 509s] 13476/83534 (26.5/s)  ok=13000 mism=253 crash=66 timeout=0 skip=157  |  inflight=48
  [t= 512s] 13476/83534 (26.3/s)  ok=13000 mism=253 crash=66 timeout=0 skip=157  |  inflight=48
  [t= 515s] 13476/83534 (26.2/s)  ok=13000 mism=253 crash=66 timeout=0 skip=157  |  inflight=48
  [t= 518s] 13476/83534 (26.0/s)  ok=13000 mism=253 crash=66 timeout=0 skip=157  |  inflight=48
  [t= 521s] 13477/83534 (25.9/s)  ok=13001 mism=253 crash=66 timeout=0 skip=157  |  inflight=48
  [t= 525s] 13478/83534 (25.7/s)  ok=13002 mism=253 crash=66 timeout=0 skip=157  |  inflight=48
  [t= 528s] 13489/83534 (25.6/s)  ok=13012 mism=253 crash=66 timeout=0 skip=158  |  inflight=48
  [t= 531s] 13493/83534 (25.4/s)  ok=13016 mism=253 crash=66 timeout=0 skip=158  |  inflight=47
  [13499] MISMATCH w116:572 out[0] shape (0, 0, 0, 0) vs (0, 0, 0, 0, 0)
  [13522] MISMATCH w116:597 out[0] non-finite mismatch (nan/inf positions differ)
  [13668] MISMATCH w116:744 out[0] max|delta|=7.206e+16 (rtol=0.0 atol=0.0)
  [13833] MISMATCH w117:218 out[0] max|delta|=1.678e+07 (rtol=0.0 atol=0.0)
  [t= 534s] 13857/83534 (25.9/s)  ok=13372 mism=257 crash=66 timeout=0 skip=162  |  inflight=48
  [13873] MISMATCH w117:259 out[0] max|delta|=1.342e+10 (rtol=0.0 atol=0.0)
  [13901] MISMATCH w117:288 out[0] max|delta|=1.342e+10 (rtol=0.0 atol=0.0)
  [13935] MISMATCH w117:318 out[0] shape (0,) vs (0, 0, 0, 0, 0)
  [13955] MISMATCH w117:343 out[0] non-finite mismatch (nan/inf positions differ)
  [14053] MISMATCH w117:449 out[0] max|delta|=1.342e+10 (rtol=0.0 atol=0.0)
  [14062] CRASH    w117:185 executor died (native abort)
  [14092] MISMATCH w117:490 out[0] max|delta|=7.206e+16 (rtol=0.0 atol=0.0)
  [14097] CRASH    w117:190 executor died (native abort)
  [14144] MISMATCH w117:549 out[0] shape (1, 1, 0, 1) vs (0, 0, 0, 0, 0)
  [14176] MISMATCH w117:574 out[0] non-finite mismatch (nan/inf positions differ)
  [14226] MISMATCH w117:616 out[0] shape () vs (0, 0, 0, 0, 0)
  [14233] CRASH    w116:670 executor died (native abort)
  [14249] CRASH    w116:675 executor died (native abort)
  [14264] MISMATCH w117:680 out[0] max|delta|=1.342e+10 (rtol=0.0 atol=0.0)
  [t= 537s] 14441/83534 (26.9/s)  ok=13938 mism=267 crash=70 timeout=0 skip=166  |  inflight=47
  [14545] MISMATCH w118:275 out[0] shape (1, 1, 1, 1) vs (0, 0, 0, 0)
  [14570] MISMATCH w118:300 out[0] non-finite mismatch (nan/inf positions differ)
  [14665] MISMATCH w118:407 out[0] max|delta|=1.000e+00 (rtol=0.01 atol=0.001)
  [14702] MISMATCH w118:447 out[0] max|delta|=1.342e+10 (rtol=0.0 atol=0.0)
  [14730] MISMATCH w118:476 out[0] max|delta|=1.342e+10 (rtol=0.0 atol=0.0)
  [14761] MISMATCH w118:506 out[0] shape (0, 0) vs (0, 0, 0, 0, 0)
  [14780] MISMATCH w118:531 out[0] shape (1, 1, 2, 1) vs (1, 3, 2, 1)
  [14875] MISMATCH w118:637 out[0] max|delta|=1.342e+10 (rtol=0.0 atol=0.0)
  [14926] MISMATCH w118:69 out[0] non-finite mismatch (nan/inf positions differ)
  [14998] MISMATCH w118:762 out[0] non-finite mismatch (nan/inf positions differ)
  [15092] MISMATCH w119:17 out[0] non-finite mismatch (nan/inf positions differ)
  [15117] MISMATCH w119:193 out[0] max|delta|=1.678e+07 (rtol=0.0 atol=0.0)
  [15129] MISMATCH w119:207 out[0] max|delta|=1.342e+10 (rtol=0.0 atol=0.0)
  [15153] MISMATCH w119:234 out[0] max|delta|=1.342e+10 (rtol=0.0 atol=0.0)
  [15182] MISMATCH w119:263 out[0] max|delta|=1.342e+10 (rtol=0.0 atol=0.0)
  [15208] MISMATCH w119:293 out[0] shape (0,) vs (0, 0, 0, 0, 0)
  [15233] MISMATCH w119:32 out[0] max|delta|=1.342e+10 (rtol=0.0 atol=0.0)
  [15234] MISMATCH w119:318 out[0] non-finite mismatch (nan/inf positions differ)
  [15395] MISMATCH w119:494 out[0] max|delta|=1.342e+10 (rtol=0.0 atol=0.0)
  [15428] MISMATCH w119:524 out[0] shape (1, 1, 1, 1) vs (0, 0, 0, 0, 0)
  [15444] MISMATCH w119:549 out[0] non-finite mismatch (nan/inf positions differ)
  [15510] MISMATCH w119:62 out[0] shape (1,) vs (0, 0, 0, 0, 0)
  [15581] MISMATCH w119:696 out[0] max|delta|=1.342e+10 (rtol=0.0 atol=0.0)
  [t= 541s] 15595/83534 (28.8/s)  ok=15039 mism=290 crash=70 timeout=0 skip=196  |  inflight=48
  [t= 544s] 15599/83534 (28.7/s)  ok=15043 mism=290 crash=70 timeout=0 skip=196  |  inflight=48
  [t= 547s] 15599/83534 (28.5/s)  ok=15043 mism=290 crash=70 timeout=0 skip=196  |  inflight=48
  [t= 550s] 15599/83534 (28.4/s)  ok=15043 mism=290 crash=70 timeout=0 skip=196  |  inflight=48
  [t= 553s] 15600/83534 (28.2/s)  ok=15044 mism=290 crash=70 timeout=0 skip=196  |  inflight=48
  [t= 556s] 15608/83534 (28.1/s)  ok=15051 mism=290 crash=70 timeout=0 skip=197  |  inflight=47
  [15609] CRASH    w118:378 executor died (native abort)
  [15611] CRASH    w118:142 executor died (native abort)
  [15612] CRASH    w119:466 executor died (native abort)
  [15615] CRASH    w119:622 executor died (native abort)
  [15616] CRASH    w119:627 executor died (native abort)
  [15617] CRASH    w118:147 executor died (native abort)
  [15638] CRASH    w118:609 executor died (native abort)
  [15647] CRASH    w118:373 executor died (native abort)
  [t= 559s] 15647/83534 (28.0/s)  ok=15082 mism=290 crash=78 timeout=0 skip=197  |  inflight=48
  [t= 563s] 15649/83534 (27.8/s)  ok=15084 mism=290 crash=78 timeout=0 skip=197  |  inflight=48
  [t= 566s] 15649/83534 (27.7/s)  ok=15084 mism=290 crash=78 timeout=0 skip=197  |  inflight=48
  [t= 569s] 15651/83534 (27.5/s)  ok=15086 mism=290 crash=78 timeout=0 skip=197  |  inflight=48
  [t= 572s] 15651/83534 (27.4/s)  ok=15086 mism=290 crash=78 timeout=0 skip=197  |  inflight=48
  [t= 575s] 15651/83534 (27.2/s)  ok=15086 mism=290 crash=78 timeout=0 skip=197  |  inflight=48
  [t= 578s] 15653/83534 (27.1/s)  ok=15088 mism=290 crash=78 timeout=0 skip=197  |  inflight=48
  [t= 581s] 15655/83534 (26.9/s)  ok=15090 mism=290 crash=78 timeout=0 skip=197  |  inflight=48
  [t= 584s] 15655/83534 (26.8/s)  ok=15090 mism=290 crash=78 timeout=0 skip=197  |  inflight=48
  [t= 587s] 15655/83534 (26.7/s)  ok=15090 mism=290 crash=78 timeout=0 skip=197  |  inflight=48
  [t= 590s] 15657/83534 (26.5/s)  ok=15092 mism=290 crash=78 timeout=0 skip=197  |  inflight=48
  [t= 593s] 15657/83534 (26.4/s)  ok=15092 mism=290 crash=78 timeout=0 skip=197  |  inflight=48
  [t= 596s] 15657/83534 (26.3/s)  ok=15092 mism=290 crash=78 timeout=0 skip=197  |  inflight=48
  [15660] MISMATCH w119:780 out[0] non-finite mismatch (nan/inf positions differ)
  [t= 599s] 15662/83534 (26.1/s)  ok=15095 mism=291 crash=78 timeout=0 skip=198  |  inflight=48
  [t= 603s] 15664/83534 (26.0/s)  ok=15097 mism=291 crash=78 timeout=0 skip=198  |  inflight=48
  [15666] MISMATCH w119:87 out[0] non-finite mismatch (nan/inf positions differ)
  [15722] MISMATCH w12:148 out[0] max|delta|=1.342e+10 (rtol=0.0 atol=0.0)
  [t= 606s] 15723/83534 (26.0/s)  ok=15154 mism=293 crash=78 timeout=0 skip=198  |  inflight=47
  [15744] MISMATCH w12:17 out[0] shape (1, 1, 1, 0) vs (0, 0, 0, 0, 0)
  [t= 609s] 15833/83534 (26.0/s)  ok=15262 mism=294 crash=78 timeout=0 skip=199  |  inflight=48
  [15843] MISMATCH w12:273 out[0] non-finite mismatch (nan/inf positions differ)
  [t= 612s] 15856/83534 (25.9/s)  ok=15284 mism=295 crash=78 timeout=0 skip=199  |  inflight=48
  [15864] MISMATCH w12:300 out[0] non-finite mismatch (nan/inf positions differ)
  [t= 615s] 15882/83534 (25.8/s)  ok=15309 mism=296 crash=78 timeout=0 skip=199  |  inflight=47
  [15940] MISMATCH w12:379 out[0] max|delta|=1.342e+10 (rtol=0.0 atol=0.0)
  [15946] MISMATCH w12:389 out[0] non-finite mismatch (nan/inf positions differ)
  [15951] MISMATCH w12:393 out[0] non-finite mismatch (nan/inf positions differ)
  [t= 619s] 15959/83534 (25.8/s)  ok=15383 mism=299 crash=78 timeout=0 skip=199  |  inflight=48
  [15976] MISMATCH w12:42 out[0] non-finite mismatch (nan/inf positions differ)
  [15977] MISMATCH w12:420 out[0] max|delta|=1.342e+10 (rtol=0.0 atol=0.0)
  [16029] CRASH    w12:346 executor died (native abort)
  [16057] MISMATCH w12:504 out[0] non-finite mismatch (nan/inf positions differ)
  [16157] MISMATCH w12:611 out[0] non-finite mismatch (nan/inf positions differ)
  [16167] MISMATCH w12:620 out[0] non-finite mismatch (nan/inf positions differ)
  [t= 622s] 16182/83534 (26.0/s)  ok=15599 mism=304 crash=79 timeout=0 skip=200  |  inflight=47
  [16239] MISMATCH w12:69 out[0] non-finite mismatch (nan/inf positions differ)
  [16287] MISMATCH w12:735 out[0] non-finite mismatch (nan/inf positions differ)
  [16307] MISMATCH w12:762 out[0] non-finite mismatch (nan/inf positions differ)
  [t= 625s] 16373/83534 (26.2/s)  ok=15785 mism=307 crash=79 timeout=0 skip=202  |  inflight=48
  [16376] MISMATCH w120:139 out[0] non-finite mismatch (nan/inf positions differ)
  [16405] CRASH    w12:582 executor died (native abort)
  [t= 628s] 16405/83534 (26.1/s)  ok=15815 mism=308 crash=80 timeout=0 skip=202  |  inflight=48
  [t= 631s] 16428/83534 (26.0/s)  ok=15838 mism=308 crash=80 timeout=0 skip=202  |  inflight=48
  [t= 634s] 16428/83534 (25.9/s)  ok=15838 mism=308 crash=80 timeout=0 skip=202  |  inflight=48
  [16486] MISMATCH w120:259 out[0] max|delta|=1.342e+10 (rtol=0.0 atol=0.0)
  [16511] MISMATCH w120:286 out[0] max|delta|=1.342e+10 (rtol=0.0 atol=0.0)
  [16590] MISMATCH w120:370 out[0] non-finite mismatch (nan/inf positions differ)
  [16681] MISMATCH w120:476 out[0] max|delta|=1.342e+10 (rtol=0.0 atol=0.0)
  [16808] MISMATCH w120:601 out[0] non-finite mismatch (nan/inf positions differ)
  [16830] MISMATCH w120:626 out[0] shape () vs (0, 0, 0, 0, 0)
  [16903] MISMATCH w120:707 out[0] max|delta|=1.342e+10 (rtol=0.0 atol=0.0)
  [16967] MISMATCH w120:777 out[0] non-finite mismatch (nan/inf positions differ)
  [17028] MISMATCH w121:136 out[0] max|delta|=1.342e+10 (rtol=0.0 atol=0.0)
  [17057] MISMATCH w121:165 out[0] max|delta|=1.342e+10 (rtol=0.0 atol=0.0)
  [17209] MISMATCH w121:326 out[0] max|delta|=1.342e+10 (rtol=0.0 atol=0.0)
  [17221] MISMATCH w121:340 out[0] max|delta|=1.678e+07 (rtol=0.0 atol=0.0)
  [17262] MISMATCH w121:381 out[0] max|delta|=1.855e-02 (rtol=0.01 atol=0.001)
  [17325] MISMATCH w121:451 out[0] non-finite mismatch (nan/inf positions differ)
  [17486] MISMATCH w121:627 out[0] max|delta|=1.342e+10 (rtol=0.0 atol=0.0)
  [17524] MISMATCH w121:657 out[0] shape (1, 1, 1, 1) vs (0, 0, 0, 0, 0)
  [17534] MISMATCH w121:682 out[0] non-finite mismatch (nan/inf positions differ)
  [17683] MISMATCH w122:129 out[0] shape (1, 1, 1, 1) vs (0, 0, 0, 0, 0)
  [17696] MISMATCH w122:154 out[0] non-finite mismatch (nan/inf positions differ)
  [17867] MISMATCH w122:330 out[0] max|delta|=1.678e+07 (rtol=0.0 atol=0.0)
  [17899] MISMATCH w122:360 out[0] shape (1, 1, 1, 0) vs (0, 0, 0, 0)
  [17915] MISMATCH w122:385 out[0] non-finite mismatch (nan/inf positions differ)
  [17959] MISMATCH w122:43 out[0] max|delta|=7.205e+16 (rtol=0.0 atol=0.0)
  [18026] MISMATCH w122:505 out[0] non-finite mismatch (nan/inf positions differ)
  [18053] MISMATCH w122:532 out[0] max|delta|=1.678e+07 (rtol=0.0 atol=0.0)
  [18082] MISMATCH w122:561 out[0] max|delta|=1.342e+10 (rtol=0.0 atol=0.0)
  [18109] MISMATCH w122:591 out[0] shape (0, 0, 0, 0) vs (0, 0, 0, 0, 0)
  [18131] MISMATCH w122:616 out[0] non-finite mismatch (nan/inf positions differ)
  [18231] MISMATCH w122:722 out[0] max|delta|=1.342e+10 (rtol=0.0 atol=0.0)
  [18273] MISMATCH w122:763 out[0] max|delta|=1.342e+10 (rtol=0.0 atol=0.0)
  [18317] MISMATCH w123:105 out[0] max|delta|=1.342e+10 (rtol=0.0 atol=0.0)
  [t= 637s] 18412/83534 (28.9/s)  ok=17762 mism=339 crash=80 timeout=0 skip=231  |  inflight=47
  [18437] MISMATCH w123:230 out[0] non-finite mismatch (nan/inf positions differ)
  [18551] CRASH    w121:364 executor died (native abort)
  [18560] CRASH    w121:524 executor died (native abort)
  [18589] CRASH    w120:679 executor died (native abort)
  [18590] CRASH    w121:755 executor died (native abort)
  [18623] CRASH    w122:180 executor died (native abort)
  [18648] MISMATCH w123:461 out[0] non-finite mismatch (nan/inf positions differ)
  [18757] MISMATCH w123:581 out[0] max|delta|=1.678e+07 (rtol=0.0 atol=0.0)
  [18771] CRASH    w122:1 executor died (native abort)
  [18810] MISMATCH w123:637 out[0] max|delta|=1.342e+10 (rtol=0.0 atol=0.0)
  [18835] MISMATCH w123:667 out[0] shape (0, 0, 0) vs (0, 0, 0, 0, 0)
  [18894] CRASH    w122:704 executor died (native abort)
  [t= 640s] 18989/83534 (29.7/s)  ok=18322 mism=344 crash=87 timeout=0 skip=236  |  inflight=48
  [t= 643s] 18989/83534 (29.5/s)  ok=18322 mism=344 crash=87 timeout=0 skip=236  |  inflight=48
  [t= 646s] 18990/83534 (29.4/s)  ok=18323 mism=344 crash=87 timeout=0 skip=236  |  inflight=48
  [t= 650s] 18991/83534 (29.2/s)  ok=18324 mism=344 crash=87 timeout=0 skip=236  |  inflight=48
  [t= 653s] 18991/83534 (29.1/s)  ok=18324 mism=344 crash=87 timeout=0 skip=236  |  inflight=48
  [t= 656s] 18991/83534 (29.0/s)  ok=18324 mism=344 crash=87 timeout=0 skip=236  |  inflight=48
  [t= 659s] 18991/83534 (28.8/s)  ok=18324 mism=344 crash=87 timeout=0 skip=236  |  inflight=48
  [t= 662s] 18992/83534 (28.7/s)  ok=18325 mism=344 crash=87 timeout=0 skip=236  |  inflight=48
  [t= 665s] 18992/83534 (28.6/s)  ok=18325 mism=344 crash=87 timeout=0 skip=236  |  inflight=48
  [t= 668s] 18992/83534 (28.4/s)  ok=18325 mism=344 crash=87 timeout=0 skip=236  |  inflight=48
  [18994] CRASH    w120:212 executor died (native abort)
  [t= 671s] 18994/83534 (28.3/s)  ok=18326 mism=344 crash=88 timeout=0 skip=236  |  inflight=48
  [t= 674s] 18994/83534 (28.2/s)  ok=18326 mism=344 crash=88 timeout=0 skip=236  |  inflight=48
  [t= 677s] 18994/83534 (28.0/s)  ok=18326 mism=344 crash=88 timeout=0 skip=236  |  inflight=48
  [t= 680s] 18994/83534 (27.9/s)  ok=18326 mism=344 crash=88 timeout=0 skip=236  |  inflight=48
  [18996] CRASH    w122:463 executor died (native abort)
  [18997] CRASH    w120:443 executor died (native abort)
  [18999] CRASH    w122:227 executor died (native abort)
  [t= 683s] 19000/83534 (27.8/s)  ok=18329 mism=344 crash=91 timeout=0 skip=236  |  inflight=47
  [19001] CRASH    w123:303 executor died (native abort)
  [19002] CRASH    w123:765 executor died (native abort)
  [t= 687s] 19002/83534 (27.7/s)  ok=18329 mism=344 crash=93 timeout=0 skip=236  |  inflight=48
  [t= 690s] 19002/83534 (27.6/s)  ok=18329 mism=344 crash=93 timeout=0 skip=236  |  inflight=48
  [t= 693s] 19002/83534 (27.4/s)  ok=18329 mism=344 crash=93 timeout=0 skip=236  |  inflight=48
  [t= 696s] 19002/83534 (27.3/s)  ok=18329 mism=344 crash=93 timeout=0 skip=236  |  inflight=48
  [t= 699s] 19002/83534 (27.2/s)  ok=18329 mism=344 crash=93 timeout=0 skip=236  |  inflight=48
  [t= 702s] 19002/83534 (27.1/s)  ok=18329 mism=344 crash=93 timeout=0 skip=236  |  inflight=48
  [t= 705s] 19002/83534 (27.0/s)  ok=18329 mism=344 crash=93 timeout=0 skip=236  |  inflight=48
  [t= 708s] 19002/83534 (26.9/s)  ok=18329 mism=344 crash=93 timeout=0 skip=236  |  inflight=48
  [t= 711s] 19002/83534 (26.7/s)  ok=18329 mism=344 crash=93 timeout=0 skip=236  |  inflight=48
  [t= 714s] 19002/83534 (26.6/s)  ok=18329 mism=344 crash=93 timeout=0 skip=236  |  inflight=48
  [t= 717s] 19004/83534 (26.5/s)  ok=18331 mism=344 crash=93 timeout=0 skip=236  |  inflight=48
  [t= 720s] 19004/83534 (26.4/s)  ok=18331 mism=344 crash=93 timeout=0 skip=236  |  inflight=48
  [19047] MISMATCH w124:194 out[0] non-finite mismatch (nan/inf positions differ)
  [19100] MISMATCH w123:436 out[0] shape (0, 0, 0, 0) vs (0, 0, 0, 0, 0)
  [19204] MISMATCH w124:355 out[0] max|delta|=1.855e-02 (rtol=0.01 atol=0.001)
  [t= 723s] 19327/83534 (26.7/s)  ok=18649 mism=347 crash=93 timeout=0 skip=238  |  inflight=48
  [t= 726s] 19327/83534 (26.6/s)  ok=18649 mism=347 crash=93 timeout=0 skip=238  |  inflight=48
  [19384] CRASH    w124:272 executor died (native abort)
  [19390] MISMATCH w124:561 out[0] max|delta|=2.550e+02 (rtol=0.0 atol=0.0)
  [19487] MISMATCH w124:656 out[0] non-finite mismatch (nan/inf positions differ)
  [19511] MISMATCH w124:681 out[0] shape (1, 1, 1) vs (0, 0, 0, 0, 0)
  [19547] CRASH    w124:36 executor died (native abort)
  [19570] CRASH    w124:41 executor died (native abort)
  [19571] CRASH    w124:451 executor died (native abort)
  [19601] MISMATCH w124:83 out[0] max|delta|=1.678e+07 (rtol=0.0 atol=0.0)
  [19636] MISMATCH w125:116 out[0] non-finite mismatch (nan/inf positions differ)
  [t= 729s] 19659/83534 (27.0/s)  ok=18969 mism=352 crash=97 timeout=0 skip=241  |  inflight=48
  [19682] MISMATCH w125:158 out[0] shape () vs (0, 0, 0, 0, 0)
  [19684] CRASH    w124:734 executor died (native abort)
  [t= 733s] 19684/83534 (26.9/s)  ok=18992 mism=353 crash=98 timeout=0 skip=241  |  inflight=48
  [t= 736s] 19684/83534 (26.8/s)  ok=18992 mism=353 crash=98 timeout=0 skip=241  |  inflight=48
  [t= 739s] 19700/83534 (26.7/s)  ok=19008 mism=353 crash=98 timeout=0 skip=241  |  inflight=48
  [t= 742s] 19708/83534 (26.6/s)  ok=19016 mism=353 crash=98 timeout=0 skip=241  |  inflight=48
  [t= 746s] 19717/83534 (26.4/s)  ok=19025 mism=353 crash=98 timeout=0 skip=241  |  inflight=48
  [t= 749s] 19717/83534 (26.3/s)  ok=19025 mism=353 crash=98 timeout=0 skip=241  |  inflight=48
  [t= 752s] 19726/83534 (26.2/s)  ok=19034 mism=353 crash=98 timeout=0 skip=241  |  inflight=48
  [19735] MISMATCH w125:222 out[0] max|delta|=1.342e+10 (rtol=0.0 atol=0.0)
  [t= 755s] 19745/83534 (26.1/s)  ok=19052 mism=354 crash=98 timeout=0 skip=241  |  inflight=48
  [19770] MISMATCH w125:263 out[0] max|delta|=1.342e+10 (rtol=0.0 atol=0.0)
  [19829] MISMATCH w125:322 out[0] shape (1, 1, 1, 1) vs (0, 0, 0, 0, 0)
  [19849] MISMATCH w125:347 out[0] non-finite mismatch (nan/inf positions differ)
  [19886] MISMATCH w125:389 out[0] shape () vs (0, 0, 0, 0, 0)
  [19991] MISMATCH w125:494 out[0] max|delta|=1.342e+10 (rtol=0.0 atol=0.0)
  [20038] MISMATCH w125:553 out[0] max|delta|=1.000e+00 (rtol=0.0 atol=0.0)
  [t= 758s] 20103/83534 (26.5/s)  ok=19400 mism=360 crash=98 timeout=0 skip=245  |  inflight=47
  [20166] MISMATCH w125:684 out[0] max|delta|=1.342e+10 (rtol=0.0 atol=0.0)
  [20200] MISMATCH w125:725 out[0] max|delta|=1.342e+10 (rtol=0.0 atol=0.0)
  [20261] MISMATCH w125:91 out[0] shape (0, 0, 0, 0) vs (0, 0, 0, 0, 0)
  [20280] MISMATCH w126:109 out[0] shape (0, 0) vs (0, 0, 0, 0, 0)
  [20306] MISMATCH w126:134 out[0] non-finite mismatch (nan/inf positions differ)
  [20397] MISMATCH w126:240 out[0] max|delta|=1.342e+10 (rtol=0.0 atol=0.0)
  [20496] MISMATCH w126:340 out[0] shape (1, 1, 1, 0) vs (0, 0, 0, 0, 0)
  [20516] MISMATCH w126:365 out[0] non-finite mismatch (nan/inf positions differ)
  [20541] MISMATCH w126:390 out[0] shape () vs (0, 0, 0, 0, 0)
  [20613] MISMATCH w126:471 out[0] max|delta|=1.342e+10 (rtol=0.0 atol=0.0)
  [20729] MISMATCH w126:596 out[0] non-finite mismatch (nan/inf positions differ)
  [20825] MISMATCH w126:702 out[0] max|delta|=1.342e+10 (rtol=0.0 atol=0.0)
  [20863] MISMATCH w126:743 out[0] max|delta|=1.342e+10 (rtol=0.0 atol=0.0)
  [20910] MISMATCH w126:9 out[0] max|delta|=1.342e+10 (rtol=0.0 atol=0.0)
  [20996] MISMATCH w127:178 out[0] max|delta|=1.342e+10 (rtol=0.0 atol=0.0)
  [21074] MISMATCH w127:262 out[0] non-finite mismatch (nan/inf positions differ)
  [21118] MISMATCH w127:304 out[0] shape (1, 1, 1, 1) vs (0, 0, 0, 0, 0)
  [21123] MISMATCH w127:31 out[0] non-finite mismatch (nan/inf positions differ)
  [21209] MISMATCH w127:409 out[0] max|delta|=1.342e+10 (rtol=0.0 atol=0.0)
  [21237] MISMATCH w127:438 out[0] max|delta|=1.678e+07 (rtol=0.0 atol=0.0)
  [21256] CRASH    w125:420 executor died (native abort)
  [21288] MISMATCH w127:493 out[0] max|delta|=1.721e+20 (rtol=0.01 atol=0.001)
  [21381] MISMATCH w127:6 out[0] shape (0, 0, 0, 0) vs (0, 0, 0, 0, 0)
  [21383] MISMATCH w127:599 out[0] max|delta|=1.342e+10 (rtol=0.0 atol=0.0)
  [21499] MISMATCH w127:724 out[0] non-finite mismatch (nan/inf positions differ)
  [21572] MISMATCH w13:1 out[0] non-finite mismatch (nan/inf positions differ)
  [21581] MISMATCH w13:109 out[0] non-finite mismatch (nan/inf positions differ)
  [21630] MISMATCH w13:16 out[0] shape (1, 1, 1) vs (0, 0, 0, 0, 0)
  [21648] MISMATCH w13:180 out[0] shape (0,) vs (0, 0, 0, 0, 0)
  [21672] MISMATCH w13:205 out[0] max|delta|=3.775e+01 (rtol=0.01 atol=0.001)
  [21769] MISMATCH w13:312 out[0] non-finite mismatch (nan/inf positions differ)
  [21781] MISMATCH w13:325 out[0] max|delta|=1.342e+10 (rtol=0.0 atol=0.0)
  [21818] CRASH    w126:669 executor died (native abort)
  [21883] MISMATCH w13:436 out[0] non-finite mismatch (nan/inf positions differ)
  [t= 761s] 21898/83534 (28.8/s)  ok=21145 mism=392 crash=100 timeout=0 skip=261  |  inflight=47
  [21942] CRASH    w126:443 executor died (native abort)
  [21979] MISMATCH w13:542 out[0] max|delta|=1.342e+10 (rtol=0.0 atol=0.0)
  [21992] MISMATCH w13:556 out[0] non-finite mismatch (nan/inf positions differ)
  [22002] CRASH    w127:104 executor died (native abort)
  [22016] MISMATCH w13:582 out[0] non-finite mismatch (nan/inf positions differ)
  [22017] MISMATCH w13:583 out[0] max|delta|=1.342e+10 (rtol=0.0 atol=0.0)
  [22073] MISMATCH w13:642 out[0] shape (0, 0, 0, 0) vs (0, 0, 0, 0, 0)
  [t= 764s] 22076/83534 (28.9/s)  ok=21314 mism=397 crash=102 timeout=0 skip=263  |  inflight=48
  [t= 768s] 22081/83534 (28.8/s)  ok=21319 mism=397 crash=102 timeout=0 skip=263  |  inflight=48
  [t= 771s] 22082/83534 (28.6/s)  ok=21320 mism=397 crash=102 timeout=0 skip=263  |  inflight=48
  [t= 774s] 22082/83534 (28.5/s)  ok=21320 mism=397 crash=102 timeout=0 skip=263  |  inflight=48
  [t= 777s] 22083/83534 (28.4/s)  ok=21321 mism=397 crash=102 timeout=0 skip=263  |  inflight=48
  [22091] CRASH    w126:212 executor died (native abort)
  [t= 781s] 22091/83534 (28.3/s)  ok=21328 mism=397 crash=103 timeout=0 skip=263  |  inflight=48
  [t= 784s] 22091/83534 (28.2/s)  ok=21328 mism=397 crash=103 timeout=0 skip=263  |  inflight=48
  [t= 787s] 22091/83534 (28.1/s)  ok=21328 mism=397 crash=103 timeout=0 skip=263  |  inflight=48
  [22094] CRASH    w127:335 executor died (native abort)
  [22095] MISMATCH w13:667 out[0] non-finite mismatch (nan/inf positions differ)
  [22097] CRASH    w127:566 executor died (native abort)
  [t= 790s] 22097/83534 (28.0/s)  ok=21331 mism=398 crash=105 timeout=0 skip=263  |  inflight=48
  [t= 793s] 22097/83534 (27.9/s)  ok=21331 mism=398 crash=105 timeout=0 skip=263  |  inflight=48
  [22099] CRASH    w125:651 executor died (native abort)
  [t= 796s] 22099/83534 (27.8/s)  ok=21332 mism=398 crash=106 timeout=0 skip=263  |  inflight=48
  [t= 799s] 22099/83534 (27.7/s)  ok=21332 mism=398 crash=106 timeout=0 skip=263  |  inflight=48
  [t= 802s] 22099/83534 (27.6/s)  ok=21332 mism=398 crash=106 timeout=0 skip=263  |  inflight=48
  [t= 805s] 22099/83534 (27.5/s)  ok=21332 mism=398 crash=106 timeout=0 skip=263  |  inflight=48
  [t= 808s] 22099/83534 (27.4/s)  ok=21332 mism=398 crash=106 timeout=0 skip=263  |  inflight=48
  [t= 811s] 22099/83534 (27.3/s)  ok=21332 mism=398 crash=106 timeout=0 skip=263  |  inflight=48
  [t= 814s] 22099/83534 (27.2/s)  ok=21332 mism=398 crash=106 timeout=0 skip=263  |  inflight=48
  [22101] CRASH    w13:278 executor died (native abort)
  [t= 817s] 22102/83534 (27.1/s)  ok=21334 mism=398 crash=107 timeout=0 skip=263  |  inflight=48
  [t= 820s] 22102/83534 (27.0/s)  ok=21334 mism=398 crash=107 timeout=0 skip=263  |  inflight=48
  [t= 823s] 22104/83534 (26.9/s)  ok=21336 mism=398 crash=107 timeout=0 skip=263  |  inflight=48
  [22107] CRASH    w127:340 executor died (native abort)
  [22109] CRASH    w13:283 executor died (native abort)
  [22110] CRASH    w13:47 executor died (native abort)
  [22121] MISMATCH w13:694 out[0] non-finite mismatch (nan/inf positions differ)
  [t= 826s] 22178/83534 (26.8/s)  ok=21406 mism=399 crash=110 timeout=0 skip=263  |  inflight=47
  [22205] MISMATCH w13:80 out[0] max|delta|=1.342e+10 (rtol=0.0 atol=0.0)
  [22270] MISMATCH w14:147 out[0] max|delta|=1.342e+10 (rtol=0.0 atol=0.0)
  [22280] MISMATCH w14:157 out[0] non-finite mismatch (nan/inf positions differ)
  [22291] MISMATCH w14:16 out[0] shape (1, 1, 0) vs (0, 0, 0, 0, 0)
  [22316] MISMATCH w14:187 out[0] non-finite mismatch (nan/inf positions differ)
  [22336] MISMATCH w14:217 out[0] max|delta|=1.342e+10 (rtol=0.0 atol=0.0)
  [22366] MISMATCH w14:247 out[0] max|delta|=4.000e+00 (rtol=0.0 atol=0.0)
  [t= 830s] 22382/83534 (27.0/s)  ok=21602 mism=406 crash=110 timeout=0 skip=264  |  inflight=48
  [22383] MISMATCH w14:272 out[0] non-finite mismatch (nan/inf positions differ)
  [t= 833s] 22410/83534 (26.9/s)  ok=21629 mism=407 crash=110 timeout=0 skip=264  |  inflight=48
  [t= 836s] 22411/83534 (26.8/s)  ok=21630 mism=407 crash=110 timeout=0 skip=264  |  inflight=48
  [t= 839s] 22411/83534 (26.7/s)  ok=21630 mism=407 crash=110 timeout=0 skip=264  |  inflight=48
  [t= 842s] 22411/83534 (26.6/s)  ok=21630 mism=407 crash=110 timeout=0 skip=264  |  inflight=48
  [22458] CRASH    w13:740 executor died (native abort)
  [22483] MISMATCH w14:379 out[0] non-finite mismatch (nan/inf positions differ)
  [22486] MISMATCH w14:388 out[0] non-finite mismatch (nan/inf positions differ)
  [22514] MISMATCH w14:41 out[0] non-finite mismatch (nan/inf positions differ)
  [22578] CRASH    w14:119 executor died (native abort)
  [22599] MISMATCH w14:503 out[0] non-finite mismatch (nan/inf positions differ)
  [22619] MISMATCH w14:530 out[0] non-finite mismatch (nan/inf positions differ)
  [t= 845s] 22693/83534 (26.8/s)  ok=21903 mism=412 crash=112 timeout=0 skip=266  |  inflight=48
  [t= 848s] 22693/83534 (26.8/s)  ok=21903 mism=412 crash=112 timeout=0 skip=266  |  inflight=48
  [22712] MISMATCH w14:623 out[0] non-finite mismatch (nan/inf positions differ)
  [t= 852s] 22714/83534 (26.7/s)  ok=21923 mism=413 crash=112 timeout=0 skip=266  |  inflight=48
  [22716] CRASH    w14:350 executor died (native abort)
  [22717] CRASH    w14:576 executor died (native abort)
  [t= 855s] 22717/83534 (26.6/s)  ok=21924 mism=413 crash=114 timeout=0 skip=266  |  inflight=48
  [t= 858s] 22717/83534 (26.5/s)  ok=21924 mism=413 crash=114 timeout=0 skip=266  |  inflight=48
  [t= 861s] 22730/83534 (26.4/s)  ok=21937 mism=413 crash=114 timeout=0 skip=266  |  inflight=48
  [t= 864s] 22730/83534 (26.3/s)  ok=21937 mism=413 crash=114 timeout=0 skip=266  |  inflight=48
  [t= 867s] 22730/83534 (26.2/s)  ok=21937 mism=413 crash=114 timeout=0 skip=266  |  inflight=48
  [t= 870s] 22730/83534 (26.1/s)  ok=21937 mism=413 crash=114 timeout=0 skip=266  |  inflight=48
  [22735] MISMATCH w14:650 out[0] max|delta|=1.342e+10 (rtol=0.0 atol=0.0)
  [22758] MISMATCH w14:679 out[0] non-finite mismatch (nan/inf positions differ)
  [22760] MISMATCH w14:68 out[0] non-finite mismatch (nan/inf positions differ)
  [22812] MISMATCH w14:734 out[0] non-finite mismatch (nan/inf positions differ)
  [22835] MISMATCH w14:761 out[0] non-finite mismatch (nan/inf positions differ)
  [22890] MISMATCH w15:111 out[0] non-finite mismatch (nan/inf positions differ)
  [22988] MISMATCH w15:217 out[0] max|delta|=1.342e+10 (rtol=0.0 atol=0.0)
  [23029] MISMATCH w15:257 out[0] non-finite mismatch (nan/inf positions differ)
  [23042] MISMATCH w15:27 out[0] max|delta|=1.342e+10 (rtol=0.0 atol=0.0)
  [23045] MISMATCH w15:272 out[0] max|delta|=1.855e-02 (rtol=0.01 atol=0.001)
  [23098] MISMATCH w15:317 out[0] shape (1, 1, 1, 1) vs (0, 0, 0, 0, 0)
  [23111] MISMATCH w15:342 out[0] non-finite mismatch (nan/inf positions differ)
  [23135] MISMATCH w15:369 out[0] non-finite mismatch (nan/inf positions differ)
  [23204] MISMATCH w15:448 out[0] max|delta|=1.342e+10 (rtol=0.0 atol=0.0)
  [23217] MISMATCH w15:458 out[0] non-finite mismatch (nan/inf positions differ)
  [23240] MISMATCH w15:489 out[0] max|delta|=1.342e+10 (rtol=0.0 atol=0.0)
  [23348] MISMATCH w15:600 out[0] non-finite mismatch (nan/inf positions differ)
  [23419] MISMATCH w15:680 out[0] non-finite mismatch (nan/inf positions differ)
  [23420] MISMATCH w15:679 out[0] max|delta|=1.342e+10 (rtol=0.0 atol=0.0)
  [23428] MISMATCH w15:689 out[0] non-finite mismatch (nan/inf positions differ)
  [23517] MISMATCH w15:779 out[0] shape (0, 0) vs (0, 0, 0, 0, 0)
  [23527] MISMATCH w15:86 out[0] shape (1, 1, 1, 0) vs (0, 0, 0, 0, 0)
  [23569] MISMATCH w16:138 out[0] shape (1, 1, 1, 1) vs (0, 0, 0, 0, 0)
  [23619] MISMATCH w16:190 out[0] non-finite mismatch (nan/inf positions differ)
  [23728] MISMATCH w16:310 out[0] max|delta|=1.342e+10 (rtol=0.0 atol=0.0)
  [t= 873s] 23736/83534 (27.2/s)  ok=22906 mism=438 crash=114 timeout=0 skip=278  |  inflight=47
  [23803] MISMATCH w16:39 out[0] non-finite mismatch (nan/inf positions differ)
  [23807] MISMATCH w16:394 out[0] max|delta|=2.095e+20 (rtol=0.01 atol=0.001)
  [23835] MISMATCH w16:421 out[0] non-finite mismatch (nan/inf positions differ)
  [23880] MISMATCH w16:476 out[0] max|delta|=2.550e+02 (rtol=0.0 atol=0.0)
  [23905] MISMATCH w16:501 out[0] non-finite mismatch (nan/inf positions differ)
  [23932] MISMATCH w16:530 out[0] max|delta|=4.000e+00 (rtol=0.0 atol=0.0)
  [23996] MISMATCH w16:600 out[0] shape (0, 0, 0, 0) vs (0, 0, 0, 0, 0)
  [24022] MISMATCH w16:625 out[0] non-finite mismatch (nan/inf positions differ)
  [24043] MISMATCH w16:652 out[0] non-finite mismatch (nan/inf positions differ)
  [24064] MISMATCH w16:67 out[0] non-finite mismatch (nan/inf positions differ)
  [24116] MISMATCH w16:731 out[0] max|delta|=1.342e+10 (rtol=0.0 atol=0.0)
  [24161] MISMATCH w16:78 out[0] non-finite mismatch (nan/inf positions differ)
  [24165] MISMATCH w16:79 out[0] max|delta|=1.342e+10 (rtol=0.0 atol=0.0)
  [24231] MISMATCH w17:149 out[0] max|delta|=1.342e+10 (rtol=0.0 atol=0.0)
  [24256] MISMATCH w17:179 out[0] max|delta|=2.550e+02 (rtol=0.0 atol=0.0)
  [24265] MISMATCH w17:18 out[0] shape (1, 1, 1, 1) vs (0, 0, 0, 0, 0)
  [24283] MISMATCH w17:204 out[0] non-finite mismatch (nan/inf positions differ)
  [24348] MISMATCH w17:274 out[0] non-finite mismatch (nan/inf positions differ)
  [24496] MISMATCH w17:43 out[0] non-finite mismatch (nan/inf positions differ)
  [24540] MISMATCH w17:480 out[0] shape (0, 0, 0, 0) vs (0, 0, 0, 0, 0)
  [24632] MISMATCH w17:587 out[0] max|delta|=1.000e+00 (rtol=0.0 atol=0.0)
  [24659] MISMATCH w17:611 out[0] max|delta|=5.369e+08 (rtol=0.0 atol=0.0)
  [24697] MISMATCH w17:651 out[0] non-finite mismatch (nan/inf positions differ)
  [24699] MISMATCH w17:652 out[0] max|delta|=7.205e+16 (rtol=0.0 atol=0.0)
  [24744] MISMATCH w17:70 out[0] non-finite mismatch (nan/inf positions differ)
  [24775] MISMATCH w17:736 out[0] non-finite mismatch (nan/inf positions differ)
  [24800] MISMATCH w17:763 out[0] non-finite mismatch (nan/inf positions differ)
  [24849] MISMATCH w18:107 out[0] max|delta|=2.000e+00 (rtol=0.0 atol=0.0)
  [24857] MISMATCH w18:118 out[0] max|delta|=1.678e+07 (rtol=0.0 atol=0.0)
  [24860] MISMATCH w18:117 out[0] non-finite mismatch (nan/inf positions differ)
  [24916] MISMATCH w18:177 out[0] shape (0,) vs (0, 0, 0, 0, 0)
  [24937] MISMATCH w18:202 out[0] non-finite mismatch (nan/inf positions differ)
  [24962] MISMATCH w18:229 out[0] non-finite mismatch (nan/inf positions differ)
  [25071] MISMATCH w18:348 out[0] non-finite mismatch (nan/inf positions differ)
  [25126] MISMATCH w18:408 out[0] shape (0, 0, 0, 0) vs (0, 0, 0, 0, 0)
  [25146] MISMATCH w18:433 out[0] non-finite mismatch (nan/inf positions differ)
  [25171] MISMATCH w18:460 out[0] non-finite mismatch (nan/inf positions differ)
  [25225] CRASH    w16:236 executor died (native abort)
  [25243] MISMATCH w18:539 out[0] max|delta|=7.205e+16 (rtol=0.0 atol=0.0)
  [25282] MISMATCH w18:580 out[0] max|delta|=1.342e+10 (rtol=0.0 atol=0.0)
  [25359] MISMATCH w18:664 out[0] max|delta|=2.098e+20 (rtol=0.01 atol=0.001)
  [25385] MISMATCH w18:691 out[0] non-finite mismatch (nan/inf positions differ)
  [25400] CRASH    w16:5 executor died (native abort)
  [25431] MISMATCH w18:746 out[0] max|delta|=4.295e+09 (rtol=0.0 atol=0.0)
  [25443] CRASH    w17:116 executor died (native abort)
  [25454] MISMATCH w18:77 out[0] max|delta|=1.342e+10 (rtol=0.0 atol=0.0)
  [25456] MISMATCH w18:771 out[0] non-finite mismatch (nan/inf positions differ)
  [25463] MISMATCH w18:78 out[0] non-finite mismatch (nan/inf positions differ)
  [25464] MISMATCH w18:780 out[0] max|delta|=1.000e+00 (rtol=0.01 atol=0.001)
  [25475] CRASH    w17:347 executor died (native abort)
  [25488] MISMATCH w19:103 out[0] non-finite mismatch (nan/inf positions differ)
  [t= 876s] 25505/83534 (29.1/s)  ok=24609 mism=485 crash=118 timeout=0 skip=293  |  inflight=47
  [25513] MISMATCH w19:130 out[0] non-finite mismatch (nan/inf positions differ)
  [25558] CRASH    w15:184 executor died (native abort)
  [t= 879s] 25558/83534 (29.1/s)  ok=24660 mism=486 crash=119 timeout=0 skip=293  |  inflight=48
  [t= 882s] 25558/83534 (29.0/s)  ok=24660 mism=486 crash=119 timeout=0 skip=293  |  inflight=48
  [t= 885s] 25558/83534 (28.9/s)  ok=24660 mism=486 crash=119 timeout=0 skip=293  |  inflight=48
  [t= 888s] 25558/83534 (28.8/s)  ok=24660 mism=486 crash=119 timeout=0 skip=293  |  inflight=48
  [t= 891s] 25558/83534 (28.7/s)  ok=24660 mism=486 crash=119 timeout=0 skip=293  |  inflight=48
  [t= 894s] 25558/83534 (28.6/s)  ok=24660 mism=486 crash=119 timeout=0 skip=293  |  inflight=48
  [t= 897s] 25558/83534 (28.5/s)  ok=24660 mism=486 crash=119 timeout=0 skip=293  |  inflight=48
  [25559] CRASH    w18:506 executor died (native abort)
  [t= 901s] 25559/83534 (28.4/s)  ok=24660 mism=486 crash=120 timeout=0 skip=293  |  inflight=48
  [t= 904s] 25559/83534 (28.3/s)  ok=24660 mism=486 crash=120 timeout=0 skip=293  |  inflight=48
  [t= 907s] 25559/83534 (28.2/s)  ok=24660 mism=486 crash=120 timeout=0 skip=293  |  inflight=48
  [25560] CRASH    w15:669 executor died (native abort)
  [25561] CRASH    w19:181 executor died (native abort)
  [25562] CRASH    w18:742 executor died (native abort)
  [25563] CRASH    w17:578 executor died (native abort)
  [25564] CRASH    w18:44 executor died (native abort)
  [25565] CRASH    w16:698 executor died (native abort)
  [t= 910s] 25565/83534 (28.1/s)  ok=24660 mism=486 crash=126 timeout=0 skip=293  |  inflight=48
  [t= 913s] 25565/83534 (28.0/s)  ok=24660 mism=486 crash=126 timeout=0 skip=293  |  inflight=48
  [t= 916s] 25565/83534 (27.9/s)  ok=24660 mism=486 crash=126 timeout=0 skip=293  |  inflight=48
  [t= 919s] 25565/83534 (27.8/s)  ok=24660 mism=486 crash=126 timeout=0 skip=293  |  inflight=48
  [t= 922s] 25565/83534 (27.7/s)  ok=24660 mism=486 crash=126 timeout=0 skip=293  |  inflight=48
  [t= 925s] 25565/83534 (27.6/s)  ok=24660 mism=486 crash=126 timeout=0 skip=293  |  inflight=48
  [t= 928s] 25565/83534 (27.6/s)  ok=24660 mism=486 crash=126 timeout=0 skip=293  |  inflight=48
  [t= 931s] 25565/83534 (27.5/s)  ok=24660 mism=486 crash=126 timeout=0 skip=293  |  inflight=48
  [t= 934s] 25565/83534 (27.4/s)  ok=24660 mism=486 crash=126 timeout=0 skip=293  |  inflight=48
  [t= 937s] 25565/83534 (27.3/s)  ok=24660 mism=486 crash=126 timeout=0 skip=293  |  inflight=48
  [t= 940s] 25565/83534 (27.2/s)  ok=24660 mism=486 crash=126 timeout=0 skip=293  |  inflight=48
  [t= 943s] 25565/83534 (27.1/s)  ok=24660 mism=486 crash=126 timeout=0 skip=293  |  inflight=48
  [25566] CRASH    w15:415 executor died (native abort)
  [25567] CRASH    w16:703 executor died (native abort)
  [t= 946s] 25567/83534 (27.0/s)  ok=24660 mism=486 crash=128 timeout=0 skip=293  |  inflight=48
  [t= 949s] 25567/83534 (26.9/s)  ok=24660 mism=486 crash=128 timeout=0 skip=293  |  inflight=48
  [t= 952s] 25567/83534 (26.9/s)  ok=24660 mism=486 crash=128 timeout=0 skip=293  |  inflight=48
  [t= 955s] 25567/83534 (26.8/s)  ok=24660 mism=486 crash=128 timeout=0 skip=293  |  inflight=48
  [t= 958s] 25569/83534 (26.7/s)  ok=24661 mism=486 crash=128 timeout=0 skip=294  |  inflight=47
  [25589] MISMATCH w19:210 out[0] non-finite mismatch (nan/inf positions differ)
  [25596] MISMATCH w19:219 out[0] non-finite mismatch (nan/inf positions differ)
  [t= 962s] 25611/83534 (26.6/s)  ok=24700 mism=488 crash=128 timeout=0 skip=295  |  inflight=48
  [25629] MISMATCH w19:250 out[0] max|delta|=1.342e+10 (rtol=0.0 atol=0.0)
  [25656] MISMATCH w19:279 out[0] max|delta|=1.678e+07 (rtol=0.0 atol=0.0)
  [25709] MISMATCH w19:19 out[0] max|delta|=1.342e+10 (rtol=0.0 atol=0.0)
  [25710] MISMATCH w19:334 out[0] non-finite mismatch (nan/inf positions differ)
  [25712] MISMATCH w19:339 out[0] max|delta|=3.277e+04 (rtol=0.0 atol=0.0)
  [25737] MISMATCH w19:361 out[0] non-finite mismatch (nan/inf positions differ)
  [25807] MISMATCH w19:440 out[0] max|delta|=1.342e+10 (rtol=0.0 atol=0.0)
  [25812] MISMATCH w19:441 out[0] non-finite mismatch (nan/inf positions differ)
  [25849] MISMATCH w19:481 out[0] max|delta|=7.206e+16 (rtol=0.0 atol=0.0)
  [25876] MISMATCH w19:510 out[0] max|delta|=1.342e+10 (rtol=0.0 atol=0.0)
  [25949] MISMATCH w19:565 out[0] max|delta|=3.551e+20 (rtol=0.01 atol=0.001)
  [25958] MISMATCH w19:592 out[0] non-finite mismatch (nan/inf positions differ)
  [25967] MISMATCH w19:590 out[0] shape (1,) vs (0, 0, 0, 0, 0)
  [26038] MISMATCH w19:687 out[0] max|delta|=1.000e+00 (rtol=0.0 atol=0.0)
  [t= 965s] 26046/83534 (27.0/s)  ok=25114 mism=502 crash=128 timeout=0 skip=302  |  inflight=48
  [t= 968s] 26046/83534 (26.9/s)  ok=25114 mism=502 crash=128 timeout=0 skip=302  |  inflight=48
  [26047] MISMATCH w19:700 out[0] non-finite mismatch (nan/inf positions differ)
  [26063] MISMATCH w19:712 out[0] max|delta|=1.342e+10 (rtol=0.0 atol=0.0)
  [26079] MISMATCH w19:711 out[0] non-finite mismatch (nan/inf positions differ)
  [26193] MISMATCH w2:150 out[0] max|delta|=1.678e+07 (rtol=0.0 atol=0.0)
  [26217] MISMATCH w2:177 out[0] max|delta|=1.342e+10 (rtol=0.0 atol=0.0)
  [26254] CRASH    w19:407 executor died (native abort)
  [26269] MISMATCH w2:236 out[0] shape (0,) vs (0, 0, 0)
  [26294] MISMATCH w2:261 out[0] non-finite mismatch (nan/inf positions differ)
  [26313] MISMATCH w2:288 out[0] non-finite mismatch (nan/inf positions differ)
  [26329] MISMATCH w2:30 out[0] non-finite mismatch (nan/inf positions differ)
  [26342] MISMATCH w2:303 out[0] shape (1,) vs (0, 0, 0, 0, 0)
  [26387] MISMATCH w2:368 out[0] non-finite mismatch (nan/inf positions differ)
  [26412] MISMATCH w2:396 out[0] non-finite mismatch (nan/inf positions differ)
  [26423] MISMATCH w2:408 out[0] max|delta|=1.342e+10 (rtol=0.0 atol=0.0)
  [26454] MISMATCH w2:437 out[0] max|delta|=1.342e+10 (rtol=0.0 atol=0.0)
  [26504] MISMATCH w2:492 out[0] non-finite mismatch (nan/inf positions differ)
  [26525] MISMATCH w2:519 out[0] non-finite mismatch (nan/inf positions differ)
  [26574] MISMATCH w2:57 out[0] non-finite mismatch (nan/inf positions differ)
  [26575] MISMATCH w2:574 out[0] max|delta|=4.295e+09 (rtol=0.0 atol=0.0)
  [26617] CRASH    w19:643 executor died (native abort)
  [26667] MISMATCH w2:668 out[0] max|delta|=1.342e+10 (rtol=0.0 atol=0.0)
  [26716] MISMATCH w2:723 out[0] non-finite mismatch (nan/inf positions differ)
  [26744] MISMATCH w2:750 out[0] non-finite mismatch (nan/inf positions differ)
  [26814] MISMATCH w20:126 out[0] max|delta|=1.342e+10 (rtol=0.0 atol=0.0)
  [26866] MISMATCH w20:181 out[0] non-finite mismatch (nan/inf positions differ)
  [26887] MISMATCH w20:208 out[0] non-finite mismatch (nan/inf positions differ)
  [26896] MISMATCH w20:206 out[0] shape (1,) vs (0, 0, 0)
  [26909] MISMATCH w20:223 out[0] shape (1, 1, 1) vs (0, 0, 0, 0, 0)
  [26973] MISMATCH w20:303 out[0] max|delta|=1.000e+00 (rtol=0.0 atol=0.0)
  [27072] MISMATCH w20:412 out[0] non-finite mismatch (nan/inf positions differ)
  [27099] MISMATCH w20:439 out[0] non-finite mismatch (nan/inf positions differ)
  [27143] MISMATCH w20:494 out[0] max|delta|=4.295e+09 (rtol=0.0 atol=0.0)
  [27169] MISMATCH w20:518 out[0] max|delta|=1.920e+02 (rtol=0.0 atol=0.0)
  [27282] MISMATCH w20:643 out[0] non-finite mismatch (nan/inf positions differ)
  [27309] MISMATCH w20:670 out[0] non-finite mismatch (nan/inf positions differ)
  [27356] MISMATCH w20:725 out[0] max|delta|=4.295e+09 (rtol=0.0 atol=0.0)
  [27389] MISMATCH w20:759 out[0] non-finite mismatch (nan/inf positions differ)
  [27395] MISMATCH w20:765 out[0] max|delta|=2.550e+02 (rtol=0.0 atol=0.0)
  [27428] MISMATCH w20:97 out[0] max|delta|=7.206e+16 (rtol=0.0 atol=0.0)
  [27429] MISMATCH w20:96 out[0] non-finite mismatch (nan/inf positions differ)
  [27463] MISMATCH w21:130 out[0] max|delta|=1.342e+10 (rtol=0.0 atol=0.0)
  [27512] MISMATCH w21:185 out[0] non-finite mismatch (nan/inf positions differ)
  [27534] MISMATCH w21:212 out[0] non-finite mismatch (nan/inf positions differ)
  [27606] MISMATCH w21:291 out[0] max|delta|=1.342e+10 (rtol=0.0 atol=0.0)
  [t= 971s] 27608/83534 (28.4/s)  ok=26611 mism=544 crash=130 timeout=0 skip=323  |  inflight=48
  [t= 974s] 27608/83534 (28.3/s)  ok=26611 mism=544 crash=130 timeout=0 skip=323  |  inflight=48
  [t= 978s] 27611/83534 (28.2/s)  ok=26614 mism=544 crash=130 timeout=0 skip=323  |  inflight=48
  [27616] CRASH    w20:254 executor died (native abort)
  [27617] CRASH    w2:565 executor died (native abort)
  [27618] CRASH    w20:490 executor died (native abort)
  [27619] CRASH    w19:638 executor died (native abort)
  [27622] CRASH    w20:207 executor died (native abort)
  [27623] CRASH    w21:269 executor died (native abort)
  [27624] CRASH    w21:275 executor died (native abort)
  [27625] CRASH    w2:339 executor died (native abort)
  [27626] MISMATCH w21:307 out[0] max|delta|=2.550e+02 (rtol=0.0 atol=0.0)
  [27628] CRASH    w20:485 executor died (native abort)
  [27664] CRASH    w2:103 executor died (native abort)
  [27666] CRASH    w20:23 executor died (native abort)
  [t= 981s] 27679/83534 (28.2/s)  ok=26669 mism=545 crash=141 timeout=0 skip=324  |  inflight=47
  [27702] MISMATCH w21:391 out[0] shape (0, 0, 0, 0) vs (0, 0, 0, 0, 0)
  [27728] MISMATCH w21:416 out[0] non-finite mismatch (nan/inf positions differ)
  [t= 984s] 27785/83534 (28.2/s)  ok=26773 mism=547 crash=141 timeout=0 skip=324  |  inflight=48
  [t= 987s] 27788/83534 (28.1/s)  ok=26776 mism=547 crash=141 timeout=0 skip=324  |  inflight=48
  [t= 991s] 27789/83534 (28.1/s)  ok=26777 mism=547 crash=141 timeout=0 skip=324  |  inflight=48
  [t= 994s] 27789/83534 (28.0/s)  ok=26777 mism=547 crash=141 timeout=0 skip=324  |  inflight=48
  [t= 997s] 27792/83534 (27.9/s)  ok=26780 mism=547 crash=141 timeout=0 skip=324  |  inflight=48
  [t=1000s] 27795/83534 (27.8/s)  ok=26783 mism=547 crash=141 timeout=0 skip=324  |  inflight=48
  [t=1003s] 27797/83534 (27.7/s)  ok=26785 mism=547 crash=141 timeout=0 skip=324  |  inflight=48
  [t=1006s] 27797/83534 (27.6/s)  ok=26785 mism=547 crash=141 timeout=0 skip=324  |  inflight=48
  [t=1010s] 27800/83534 (27.5/s)  ok=26788 mism=547 crash=141 timeout=0 skip=324  |  inflight=48
  [t=1013s] 27803/83534 (27.5/s)  ok=26791 mism=547 crash=141 timeout=0 skip=324  |  inflight=48
  [t=1016s] 27806/83534 (27.4/s)  ok=26794 mism=547 crash=141 timeout=0 skip=324  |  inflight=48
  [t=1019s] 27806/83534 (27.3/s)  ok=26794 mism=547 crash=141 timeout=0 skip=324  |  inflight=48
  [t=1022s] 27806/83534 (27.2/s)  ok=26794 mism=547 crash=141 timeout=0 skip=324  |  inflight=48
  [t=1025s] 27810/83534 (27.1/s)  ok=26798 mism=547 crash=141 timeout=0 skip=324  |  inflight=48
  [t=1028s] 27813/83534 (27.0/s)  ok=26801 mism=547 crash=141 timeout=0 skip=324  |  inflight=48
  [t=1031s] 27813/83534 (27.0/s)  ok=26801 mism=547 crash=141 timeout=0 skip=324  |  inflight=48
  [27863] MISMATCH w21:563 out[0] max|delta|=1.342e+10 (rtol=0.0 atol=0.0)
  [27897] MISMATCH w21:60 out[0] max|delta|=1.342e+10 (rtol=0.0 atol=0.0)
  [27908] MISMATCH w21:61 out[0] non-finite mismatch (nan/inf positions differ)
  [27939] MISMATCH w21:647 out[0] non-finite mismatch (nan/inf positions differ)
  [t=1035s] 27941/83534 (27.0/s)  ok=26923 mism=551 crash=141 timeout=0 skip=326  |  inflight=48
  [t=1038s] 27956/83534 (26.9/s)  ok=26938 mism=551 crash=141 timeout=0 skip=326  |  inflight=47
  [27985] CRASH    w21:673 executor died (native abort)
  [28020] MISMATCH w21:74 out[0] max|delta|=1.678e+07 (rtol=0.0 atol=0.0)
  [t=1041s] 28026/83534 (26.9/s)  ok=27005 mism=552 crash=142 timeout=0 skip=327  |  inflight=47
  [28033] MISMATCH w21:753 out[0] max|delta|=1.342e+10 (rtol=0.0 atol=0.0)
  [28060] MISMATCH w21:305 out[0] max|delta|=1.678e+07 (rtol=0.0 atol=0.0)
  [28118] MISMATCH w22:110 out[0] non-finite mismatch (nan/inf positions differ)
  [28125] MISMATCH w22:137 out[0] non-finite mismatch (nan/inf positions differ)
  [28129] MISMATCH w22:14 out[0] non-finite mismatch (nan/inf positions differ)
  [28202] MISMATCH w22:216 out[0] max|delta|=1.342e+10 (rtol=0.0 atol=0.0)
  [28203] MISMATCH w22:217 out[0] non-finite mismatch (nan/inf positions differ)
  [28243] MISMATCH w22:257 out[0] max|delta|=5.369e+08 (rtol=0.0 atol=0.0)
  [28244] MISMATCH w22:256 out[0] non-finite mismatch (nan/inf positions differ)
  [28270] MISMATCH w22:286 out[0] non-finite mismatch (nan/inf positions differ)
  [28319] MISMATCH w22:316 out[0] shape (1, 1, 1, 1, 1) vs (0, 0, 0, 0, 0)
  [28322] MISMATCH w22:341 out[0] non-finite mismatch (nan/inf positions differ)
  [28349] MISMATCH w22:368 out[0] non-finite mismatch (nan/inf positions differ)
  [28421] MISMATCH w22:447 out[0] max|delta|=1.342e+10 (rtol=0.0 atol=0.0)
  [28536] MISMATCH w22:572 out[0] non-finite mismatch (nan/inf positions differ)
  [t=1044s] 28559/83534 (27.4/s)  ok=27519 mism=567 crash=142 timeout=0 skip=331  |  inflight=48
  [28702] MISMATCH w22:748 out[0] max|delta|=1.342e+10 (rtol=0.0 atol=0.0)
  [28744] MISMATCH w22:778 out[0] shape (1, 1, 1, 1) vs (0, 0, 0, 0, 0)
  [28755] MISMATCH w22:85 out[0] shape (1, 1, 1, 0, 1) vs (0, 0, 0, 0, 0)
  [28780] MISMATCH w23:120 out[0] shape (1,) vs (0,)
  [28898] MISMATCH w23:242 out[0] max|delta|=7.206e+16 (rtol=0.0 atol=0.0)
  [28913] MISMATCH w23:271 out[0] max|delta|=1.342e+10 (rtol=0.0 atol=0.0)
  [28940] MISMATCH w23:301 out[0] shape (1, 1, 1, 1) vs (0, 0, 0, 0, 0)
  [29078] MISMATCH w23:446 out[0] max|delta|=1.342e+10 (rtol=0.0 atol=0.0)
  [29119] MISMATCH w23:473 out[0] max|delta|=1.342e+10 (rtol=0.0 atol=0.0)
  [29126] MISMATCH w23:502 out[0] max|delta|=1.342e+10 (rtol=0.0 atol=0.0)
  [29174] MISMATCH w23:557 out[0] max|delta|=2.102e+20 (rtol=0.01 atol=0.001)
  [29211] MISMATCH w23:582 out[0] shape () vs (0, 0, 0, 0, 0)
  [29364] MISMATCH w23:763 out[0] shape (0, 0, 0, 0) vs (0, 0, 0, 0, 0)
  [29404] MISMATCH w23:95 out[0] non-finite mismatch (nan/inf positions differ)
  [29448] MISMATCH w24:154 out[0] non-finite mismatch (nan/inf positions differ)
  [29449] MISMATCH w24:153 out[0] max|delta|=1.342e+10 (rtol=0.0 atol=0.0)
  [29516] MISMATCH w24:22 out[0] max|delta|=4.000e+00 (rtol=0.0 atol=0.0)
  [29560] MISMATCH w24:253 out[0] shape (1, 1, 1, 1) vs (0, 0, 0, 0, 0)
  [29594] MISMATCH w24:305 out[0] non-finite mismatch (nan/inf positions differ)
  [29707] MISMATCH w24:425 out[0] max|delta|=1.678e+07 (rtol=0.0 atol=0.0)
  [29750] MISMATCH w24:47 out[0] non-finite mismatch (nan/inf positions differ)
  [29761] MISMATCH w24:484 out[0] shape (1, 1, 1) vs (0, 0, 0, 0)
  [29787] MISMATCH w24:509 out[0] max|delta|=2.006e+20 (rtol=0.01 atol=0.001)
  [29880] MISMATCH w24:615 out[0] max|delta|=1.678e+07 (rtol=0.0 atol=0.0)
  [29916] MISMATCH w24:656 out[0] max|delta|=1.342e+10 (rtol=0.0 atol=0.0)
  [29976] MISMATCH w24:715 out[0] shape (1, 0, 1) vs (0, 0, 0, 0, 0)
  [29990] MISMATCH w24:74 out[0] non-finite mismatch (nan/inf positions differ)
  [29994] MISMATCH w24:740 out[0] non-finite mismatch (nan/inf positions differ)
  [30064] MISMATCH w25:108 out[0] non-finite mismatch (nan/inf positions differ)
  [30076] MISMATCH w25:121 out[0] max|delta|=1.678e+07 (rtol=0.0 atol=0.0)
  [30101] MISMATCH w25:148 out[0] max|delta|=1.342e+10 (rtol=0.0 atol=0.0)
  [30183] MISMATCH w25:232 out[0] non-finite mismatch (nan/inf positions differ)
  [30201] MISMATCH w25:259 out[0] non-finite mismatch (nan/inf positions differ)
  [30277] MISMATCH w25:339 out[0] non-finite mismatch (nan/inf positions differ)
  [30305] MISMATCH w25:367 out[0] non-finite mismatch (nan/inf positions differ)
  [30315] MISMATCH w25:378 out[0] non-finite mismatch (nan/inf positions differ)
  [30316] MISMATCH w25:379 out[0] max|delta|=1.342e+10 (rtol=0.0 atol=0.0)
  [t=1047s] 30321/83534 (29.0/s)  ok=29223 mism=604 crash=142 timeout=0 skip=352  |  inflight=47
  [30399] MISMATCH w25:463 out[0] max|delta|=1.723e+20 (rtol=0.01 atol=0.001)
  [30400] MISMATCH w25:468 out[0] max|delta|=2.147e+09 (rtol=0.0 atol=0.0)
  [30423] MISMATCH w25:490 out[0] non-finite mismatch (nan/inf positions differ)
  [30528] MISMATCH w25:610 out[0] max|delta|=1.678e+07 (rtol=0.0 atol=0.0)
  [30591] MISMATCH w25:669 out[0] shape (1, 1) vs (0, 0, 0, 0, 0)
  [30604] MISMATCH w25:694 out[0] non-finite mismatch (nan/inf positions differ)
  [30735] MISMATCH w26:13 out[0] non-finite mismatch (nan/inf positions differ)
  [30765] MISMATCH w26:159 out[0] non-finite mismatch (nan/inf positions differ)
  [30819] MISMATCH w26:219 out[0] shape (1, 1, 1, 1) vs (0, 0, 0, 0, 0)
  [30867] MISMATCH w26:271 out[0] non-finite mismatch (nan/inf positions differ)
  [30882] MISMATCH w26:286 out[0] shape (1,) vs (0, 0, 0, 0, 0)
  [30934] CRASH    w23:168 executor died (native abort)
  [30959] CRASH    w23:630 executor died (native abort)
  [30985] MISMATCH w26:40 out[0] non-finite mismatch (nan/inf positions differ)
  [31031] MISMATCH w26:450 out[0] shape (1, 1) vs (0, 0, 0, 0, 0)
  [31061] CRASH    w25:305 executor died (native abort)
  [31065] CRASH    w24:587 executor died (native abort)
  [31068] CRASH    w25:536 executor died (native abort)
  [31084] CRASH    w25:74 executor died (native abort)
  [31100] CRASH    w25:310 executor died (native abort)
  [31112] CRASH    w25:541 executor died (native abort)
  [t=1050s] 31112/83534 (29.6/s)  ok=29975 mism=617 crash=150 timeout=0 skip=370  |  inflight=48
  [t=1053s] 31112/83534 (29.5/s)  ok=29975 mism=617 crash=150 timeout=0 skip=370  |  inflight=48
  [t=1056s] 31114/83534 (29.5/s)  ok=29977 mism=617 crash=150 timeout=0 skip=370  |  inflight=48
  [t=1059s] 31114/83534 (29.4/s)  ok=29977 mism=617 crash=150 timeout=0 skip=370  |  inflight=48
  [t=1062s] 31114/83534 (29.3/s)  ok=29977 mism=617 crash=150 timeout=0 skip=370  |  inflight=48
  [t=1065s] 31115/83534 (29.2/s)  ok=29978 mism=617 crash=150 timeout=0 skip=370  |  inflight=48
  [t=1068s] 31115/83534 (29.1/s)  ok=29978 mism=617 crash=150 timeout=0 skip=370  |  inflight=48
  [t=1071s] 31116/83534 (29.0/s)  ok=29979 mism=617 crash=150 timeout=0 skip=370  |  inflight=48
  [t=1074s] 31116/83534 (29.0/s)  ok=29979 mism=617 crash=150 timeout=0 skip=370  |  inflight=48
  [t=1077s] 31116/83534 (28.9/s)  ok=29979 mism=617 crash=150 timeout=0 skip=370  |  inflight=48
  [t=1080s] 31116/83534 (28.8/s)  ok=29979 mism=617 crash=150 timeout=0 skip=370  |  inflight=48
  [t=1083s] 31116/83534 (28.7/s)  ok=29979 mism=617 crash=150 timeout=0 skip=370  |  inflight=48
  [t=1086s] 31116/83534 (28.6/s)  ok=29979 mism=617 crash=150 timeout=0 skip=370  |  inflight=48
  [31118] CRASH    w26:34 executor died (native abort)
  [31119] CRASH    w23:456 executor died (native abort)
  [31120] CRASH    w25:767 executor died (native abort)
  [31122] CRASH    w26:322 executor died (native abort)
  [t=1089s] 31123/83534 (28.6/s)  ok=29982 mism=617 crash=154 timeout=0 skip=370  |  inflight=47
  [31124] CRASH    w24:356 executor died (native abort)
  [t=1093s] 31124/83534 (28.5/s)  ok=29982 mism=617 crash=155 timeout=0 skip=370  |  inflight=48
  [t=1096s] 31124/83534 (28.4/s)  ok=29982 mism=617 crash=155 timeout=0 skip=370  |  inflight=48
  [t=1099s] 31124/83534 (28.3/s)  ok=29982 mism=617 crash=155 timeout=0 skip=370  |  inflight=48
  [t=1102s] 31124/83534 (28.2/s)  ok=29982 mism=617 crash=155 timeout=0 skip=370  |  inflight=48
  [t=1105s] 31124/83534 (28.2/s)  ok=29982 mism=617 crash=155 timeout=0 skip=370  |  inflight=48
  [t=1108s] 31124/83534 (28.1/s)  ok=29982 mism=617 crash=155 timeout=0 skip=370  |  inflight=48
  [t=1111s] 31124/83534 (28.0/s)  ok=29982 mism=617 crash=155 timeout=0 skip=370  |  inflight=48
  [t=1114s] 31124/83534 (27.9/s)  ok=29982 mism=617 crash=155 timeout=0 skip=370  |  inflight=48
  [t=1117s] 31124/83534 (27.9/s)  ok=29982 mism=617 crash=155 timeout=0 skip=370  |  inflight=48
  [t=1120s] 31124/83534 (27.8/s)  ok=29982 mism=617 crash=155 timeout=0 skip=370  |  inflight=48
  [t=1123s] 31125/83534 (27.7/s)  ok=29983 mism=617 crash=155 timeout=0 skip=370  |  inflight=48
  [t=1126s] 31125/83534 (27.6/s)  ok=29983 mism=617 crash=155 timeout=0 skip=370  |  inflight=48
  [t=1129s] 31127/83534 (27.6/s)  ok=29985 mism=617 crash=155 timeout=0 skip=370  |  inflight=48
  [31152] MISMATCH w26:581 out[0] max|delta|=1.342e+10 (rtol=0.0 atol=0.0)
  [31166] MISMATCH w26:595 out[0] max|delta|=1.342e+10 (rtol=0.0 atol=0.0)
  [31246] MISMATCH w26:681 out[0] shape (0, 0, 0, 0) vs (0, 0, 0, 0, 0)
  [31283] MISMATCH w26:706 out[0] max|delta|=2.914e+20 (rtol=0.01 atol=0.001)
  [31305] MISMATCH w26:734 out[0] max|delta|=7.812e-03 (rtol=0.01 atol=0.001)
  [t=1132s] 31351/83534 (27.7/s)  ok=30202 mism=622 crash=155 timeout=0 skip=372  |  inflight=47
  [t=1135s] 31398/83534 (27.7/s)  ok=30249 mism=622 crash=155 timeout=0 skip=372  |  inflight=48
  [31401] MISMATCH w27:150 out[0] max|delta|=1.342e+10 (rtol=0.0 atol=0.0)
  [31410] MISMATCH w27:160 out[0] non-finite mismatch (nan/inf positions differ)
  [31451] MISMATCH w27:191 out[0] max|delta|=1.342e+10 (rtol=0.0 atol=0.0)
  [31455] MISMATCH w27:205 out[0] max|delta|=1.855e-02 (rtol=0.01 atol=0.001)
  [31501] MISMATCH w27:250 out[0] shape (1, 1, 1, 0) vs (0, 0, 0, 0, 0)
  [31521] MISMATCH w27:275 out[0] non-finite mismatch (nan/inf positions differ)
  [31616] MISMATCH w27:381 out[0] max|delta|=1.342e+10 (rtol=0.0 atol=0.0)
  [31656] MISMATCH w27:422 out[0] max|delta|=1.342e+10 (rtol=0.0 atol=0.0)
  [31673] MISMATCH w27:44 out[0] non-finite mismatch (nan/inf positions differ)
  [31709] MISMATCH w27:481 out[0] shape (1, 1) vs (0, 0, 0, 0, 0)
  [31731] MISMATCH w27:506 out[0] non-finite mismatch (nan/inf positions differ)
  [31831] CRASH    w26:86 executor died (native abort)
  [31834] CRASH    w26:779 executor died (native abort)
  [31841] CRASH    w26:91 executor died (native abort)
  [31856] MISMATCH w27:642 out[0] max|delta|=2.550e+02 (rtol=0.0 atol=0.0)
  [31880] MISMATCH w27:667 out[0] non-finite mismatch (nan/inf positions differ)
  [31941] MISMATCH w27:737 out[0] non-finite mismatch (nan/inf positions differ)
  [32034] MISMATCH w28:13 out[0] non-finite mismatch (nan/inf positions differ)
  [32142] MISMATCH w28:244 out[0] shape (1, 1) vs (1, 2)
  [32237] MISMATCH w28:350 out[0] max|delta|=5.369e+08 (rtol=0.0 atol=0.0)
  [32339] MISMATCH w28:450 out[0] shape (1, 0, 1, 1, 1) vs (0, 0, 0, 0, 0)
  [32353] MISMATCH w28:475 out[0] non-finite mismatch (nan/inf positions differ)
  [32360] MISMATCH w28:480 out[0] max|delta|=1.000e+00 (rtol=0.0 atol=0.0)
  [32421] MISMATCH w28:55 out[0] shape (1,) vs (0, 0, 0, 0, 0)
  [32451] MISMATCH w28:581 out[0] max|delta|=1.342e+10 (rtol=0.0 atol=0.0)
  [32543] MISMATCH w28:681 out[0] shape (0, 0, 0) vs (0, 0, 0, 0, 0)
  [32592] MISMATCH w28:731 out[0] shape (1,) vs (0, 0, 0, 0, 0)
  [32609] MISMATCH w28:748 out[0] shape (1,) vs (0, 0, 0, 0, 0)
  [32746] MISMATCH w29:193 out[0] shape (1, 1) vs (0, 0, 0, 0, 0)
  [32768] MISMATCH w29:218 out[0] max|delta|=2.916e+20 (rtol=0.01 atol=0.001)
  [t=1138s] 32935/83534 (28.9/s)  ok=31742 mism=649 crash=158 timeout=0 skip=386  |  inflight=47
  [32982] MISMATCH w29:449 out[0] non-finite mismatch (nan/inf positions differ)
  [33017] MISMATCH w29:491 out[0] shape (1, 1, 1, 1) vs (0, 0, 0, 0)
  [33086] MISMATCH w29:569 out[0] max|delta|=1.342e+10 (rtol=0.0 atol=0.0)
  [33109] MISMATCH w29:596 out[0] max|delta|=1.342e+10 (rtol=0.0 atol=0.0)
  [t=1142s] 33111/83534 (29.0/s)  ok=31913 mism=653 crash=158 timeout=0 skip=387  |  inflight=48
  [t=1145s] 33115/83534 (28.9/s)  ok=31916 mism=653 crash=158 timeout=0 skip=388  |  inflight=48
  [t=1149s] 33116/83534 (28.8/s)  ok=31917 mism=653 crash=158 timeout=0 skip=388  |  inflight=48
  [t=1152s] 33116/83534 (28.8/s)  ok=31917 mism=653 crash=158 timeout=0 skip=388  |  inflight=48
  [33122] CRASH    w29:527 executor died (native abort)
  [33123] CRASH    w27:579 executor died (native abort)
  [33125] CRASH    w28:322 executor died (native abort)
  [33126] CRASH    w29:522 executor died (native abort)
  [33128] CRASH    w28:553 executor died (native abort)
  [33141] CRASH    w28:86 executor died (native abort)
  [33163] CRASH    w27:353 executor died (native abort)
  [33164] MISMATCH w29:655 out[0] shape (1, 1, 1, 1) vs (0, 0, 0, 0, 0)
  [33176] CRASH    w27:584 executor died (native abort)
  [33177] CRASH    w29:60 executor died (native abort)
  [33184] MISMATCH w29:680 out[0] non-finite mismatch (nan/inf positions differ)
  [33187] CRASH    w28:548 executor died (native abort)
  [t=1155s] 33257/83534 (28.8/s)  ok=32045 mism=655 crash=168 timeout=0 skip=389  |  inflight=48
  [t=1158s] 33257/83534 (28.7/s)  ok=32045 mism=655 crash=168 timeout=0 skip=389  |  inflight=48
  [t=1161s] 33260/83534 (28.6/s)  ok=32048 mism=655 crash=168 timeout=0 skip=389  |  inflight=48
  [t=1165s] 33262/83534 (28.6/s)  ok=32050 mism=655 crash=168 timeout=0 skip=389  |  inflight=48
  [t=1168s] 33262/83534 (28.5/s)  ok=32050 mism=655 crash=168 timeout=0 skip=389  |  inflight=48
  [t=1171s] 33262/83534 (28.4/s)  ok=32050 mism=655 crash=168 timeout=0 skip=389  |  inflight=48
  [33266] CRASH    w29:753 executor died (native abort)
  [t=1174s] 33266/83534 (28.3/s)  ok=32053 mism=655 crash=169 timeout=0 skip=389  |  inflight=48
  [t=1177s] 33266/83534 (28.3/s)  ok=32053 mism=655 crash=169 timeout=0 skip=389  |  inflight=48
  [t=1180s] 33268/83534 (28.2/s)  ok=32055 mism=655 crash=169 timeout=0 skip=389  |  inflight=48
  [t=1183s] 33268/83534 (28.1/s)  ok=32055 mism=655 crash=169 timeout=0 skip=389  |  inflight=48
  [t=1186s] 33268/83534 (28.0/s)  ok=32055 mism=655 crash=169 timeout=0 skip=389  |  inflight=48
  [t=1189s] 33268/83534 (28.0/s)  ok=32055 mism=655 crash=169 timeout=0 skip=389  |  inflight=48
  [t=1192s] 33268/83534 (27.9/s)  ok=32055 mism=655 crash=169 timeout=0 skip=389  |  inflight=48
  [t=1195s] 33268/83534 (27.8/s)  ok=32055 mism=655 crash=169 timeout=0 skip=389  |  inflight=48
  [t=1198s] 33268/83534 (27.8/s)  ok=32055 mism=655 crash=169 timeout=0 skip=389  |  inflight=48
  [t=1201s] 33268/83534 (27.7/s)  ok=32055 mism=655 crash=169 timeout=0 skip=389  |  inflight=48
  [t=1204s] 33268/83534 (27.6/s)  ok=32055 mism=655 crash=169 timeout=0 skip=389  |  inflight=48
  [t=1207s] 33268/83534 (27.6/s)  ok=32055 mism=655 crash=169 timeout=0 skip=389  |  inflight=48
  [33286] CRASH    w29:758 executor died (native abort)
  [t=1210s] 33316/83534 (27.5/s)  ok=32102 mism=655 crash=170 timeout=0 skip=389  |  inflight=47
  [33319] MISMATCH w3:114 out[0] non-finite mismatch (nan/inf positions differ)
  [t=1213s] 33334/83534 (27.5/s)  ok=32119 mism=656 crash=170 timeout=0 skip=389  |  inflight=48
  [t=1217s] 33340/83534 (27.4/s)  ok=32125 mism=656 crash=170 timeout=0 skip=389  |  inflight=48
  [t=1220s] 33347/83534 (27.3/s)  ok=32132 mism=656 crash=170 timeout=0 skip=389  |  inflight=48
  [t=1223s] 33347/83534 (27.3/s)  ok=32132 mism=656 crash=170 timeout=0 skip=389  |  inflight=48
  [t=1226s] 33375/83534 (27.2/s)  ok=32160 mism=656 crash=170 timeout=0 skip=389  |  inflight=47
  [t=1230s] 33384/83534 (27.2/s)  ok=32169 mism=656 crash=170 timeout=0 skip=389  |  inflight=48
  [33390] MISMATCH w3:193 out[0] max|delta|=1.342e+10 (rtol=0.0 atol=0.0)
  [33399] MISMATCH w3:203 out[0] non-finite mismatch (nan/inf positions differ)
  [33405] CRASH    w3:160 executor died (native abort)
  [33417] MISMATCH w3:223 out[0] max|delta|=1.000e+00 (rtol=0.0 atol=0.0)
  [33428] MISMATCH w3:234 out[0] max|delta|=1.342e+10 (rtol=0.0 atol=0.0)
  [33433] MISMATCH w3:233 out[0] non-finite mismatch (nan/inf positions differ)
  [33490] MISMATCH w3:293 out[0] shape (0, 0) vs (0, 0, 0, 0, 0)
  [33504] MISMATCH w3:3 out[0] max|delta|=1.342e+10 (rtol=0.0 atol=0.0)
  [33522] MISMATCH w3:324 out[0] non-finite mismatch (nan/inf positions differ)
  [33662] MISMATCH w3:465 out[0] max|delta|=7.206e+16 (rtol=0.0 atol=0.0)
  [t=1233s] 33683/83534 (27.3/s)  ok=32453 mism=665 crash=171 timeout=0 skip=394  |  inflight=48
  [t=1236s] 33683/83534 (27.3/s)  ok=32453 mism=665 crash=171 timeout=0 skip=394  |  inflight=48
  [t=1239s] 33720/83534 (27.2/s)  ok=32490 mism=665 crash=171 timeout=0 skip=394  |  inflight=48
  [33725] MISMATCH w3:549 out[0] non-finite mismatch (nan/inf positions differ)
  [33755] MISMATCH w3:576 out[0] non-finite mismatch (nan/inf positions differ)
  [33803] MISMATCH w3:62 out[0] shape (0, 0, 0, 0) vs (0, 0, 0, 0, 0)
  [33805] MISMATCH w3:631 out[0] max|delta|=2.550e+02 (rtol=0.0 atol=0.0)
  [33844] MISMATCH w3:669 out[0] max|delta|=1.678e+07 (rtol=0.0 atol=0.0)
  [33922] MISMATCH w3:755 out[0] max|delta|=1.000e+00 (rtol=0.0 atol=0.0)
  [33940] CRASH    w3:391 executor died (native abort)
  [33948] MISMATCH w3:780 out[0] max|delta|=2.911e+20 (rtol=0.01 atol=0.001)
  [33953] MISMATCH w3:87 out[0] non-finite mismatch (nan/inf positions differ)
  [34013] MISMATCH w30:154 out[0] max|delta|=1.342e+10 (rtol=0.0 atol=0.0)
  [34039] MISMATCH w30:183 out[0] max|delta|=1.342e+10 (rtol=0.0 atol=0.0)
  [34186] MISMATCH w30:344 out[0] max|delta|=1.342e+10 (rtol=0.0 atol=0.0)
  [34190] MISMATCH w30:35 out[0] max|delta|=7.812e-03 (rtol=0.01 atol=0.001)
  [34197] MISMATCH w30:358 out[0] max|delta|=1.678e+07 (rtol=0.0 atol=0.0)
  [34295] MISMATCH w30:444 out[0] shape (1, 1, 1, 1) vs (0, 0, 0, 0, 0)
  [34307] MISMATCH w30:469 out[0] non-finite mismatch (nan/inf positions differ)
  [34397] MISMATCH w30:575 out[0] max|delta|=1.342e+10 (rtol=0.0 atol=0.0)
  [34439] MISMATCH w30:616 out[0] max|delta|=1.342e+10 (rtol=0.0 atol=0.0)
  [34452] MISMATCH w30:630 out[0] non-finite mismatch (nan/inf positions differ)
  [34491] MISMATCH w30:675 out[0] max|delta|=3.000e+00 (rtol=0.0 atol=0.0)
  [34514] MISMATCH w30:7 out[0] non-finite mismatch (nan/inf positions differ)
  [t=1242s] 34730/83534 (28.0/s)  ok=33469 mism=685 crash=172 timeout=0 skip=404  |  inflight=47
  [34778] MISMATCH w31:288 out[0] non-finite mismatch (nan/inf positions differ)
  [34888] MISMATCH w31:408 out[0] non-finite mismatch (nan/inf positions differ)
  [34942] MISMATCH w31:464 out[0] max|delta|=1.342e+10 (rtol=0.0 atol=0.0)
  [t=1245s] 34979/83534 (28.1/s)  ok=33710 mism=688 crash=172 timeout=0 skip=409  |  inflight=48
  [34987] MISMATCH w31:519 out[0] non-finite mismatch (nan/inf positions differ)
  [34997] CRASH    w3:622 executor died (native abort)
  [34998] CRASH    w30:547 executor died (native abort)
  [35002] CRASH    w30:778 executor died (native abort)
  [35003] CRASH    w31:366 executor died (native abort)
  [35004] CRASH    w31:130 executor died (native abort)
  [35005] CRASH    w31:372 executor died (native abort)
  [35008] CRASH    w30:542 executor died (native abort)
  [t=1248s] 35014/83534 (28.0/s)  ok=33737 mism=689 crash=179 timeout=0 skip=409  |  inflight=47
  [35025] CRASH    w30:773 executor died (native abort)
  [35035] MISMATCH w31:57 out[0] non-finite mismatch (nan/inf positions differ)
  [35043] CRASH    w31:135 executor died (native abort)
  [35056] CRASH    w30:311 executor died (native abort)
  [35057] CRASH    w3:627 executor died (native abort)
  [t=1252s] 35125/83534 (28.1/s)  ok=33843 mism=690 crash=183 timeout=0 skip=409  |  inflight=48
  [t=1255s] 35127/83534 (28.0/s)  ok=33845 mism=690 crash=183 timeout=0 skip=409  |  inflight=48
  [t=1258s] 35127/83534 (27.9/s)  ok=33845 mism=690 crash=183 timeout=0 skip=409  |  inflight=48
  [t=1261s] 35127/83534 (27.9/s)  ok=33845 mism=690 crash=183 timeout=0 skip=409  |  inflight=48
  [t=1264s] 35128/83534 (27.8/s)  ok=33846 mism=690 crash=183 timeout=0 skip=409  |  inflight=48
  [t=1267s] 35128/83534 (27.7/s)  ok=33846 mism=690 crash=183 timeout=0 skip=409  |  inflight=48
  [t=1270s] 35128/83534 (27.7/s)  ok=33846 mism=690 crash=183 timeout=0 skip=409  |  inflight=48
  [t=1273s] 35129/83534 (27.6/s)  ok=33847 mism=690 crash=183 timeout=0 skip=409  |  inflight=48
  [t=1276s] 35130/83534 (27.5/s)  ok=33848 mism=690 crash=183 timeout=0 skip=409  |  inflight=48
  [35132] CRASH    w31:597 executor died (native abort)
  [t=1280s] 35132/83534 (27.5/s)  ok=33849 mism=690 crash=184 timeout=0 skip=409  |  inflight=47
  [t=1283s] 35132/83534 (27.4/s)  ok=33849 mism=690 crash=184 timeout=0 skip=409  |  inflight=48
  [35133] CRASH    w31:592 executor died (native abort)
  [t=1286s] 35133/83534 (27.3/s)  ok=33849 mism=690 crash=185 timeout=0 skip=409  |  inflight=48
  [t=1289s] 35134/83534 (27.3/s)  ok=33850 mism=690 crash=185 timeout=0 skip=409  |  inflight=48
  [t=1292s] 35135/83534 (27.2/s)  ok=33851 mism=690 crash=185 timeout=0 skip=409  |  inflight=48
  [t=1295s] 35135/83534 (27.1/s)  ok=33851 mism=690 crash=185 timeout=0 skip=409  |  inflight=48
  [t=1299s] 35137/83534 (27.1/s)  ok=33853 mism=690 crash=185 timeout=0 skip=409  |  inflight=48
  [t=1302s] 35139/83534 (27.0/s)  ok=33855 mism=690 crash=185 timeout=0 skip=409  |  inflight=48
  [t=1305s] 35139/83534 (26.9/s)  ok=33855 mism=690 crash=185 timeout=0 skip=409  |  inflight=48
  [t=1308s] 35139/83534 (26.9/s)  ok=33855 mism=690 crash=185 timeout=0 skip=409  |  inflight=48
  [t=1311s] 35140/83534 (26.8/s)  ok=33856 mism=690 crash=185 timeout=0 skip=409  |  inflight=48
  [t=1314s] 35169/83534 (26.8/s)  ok=33884 mism=690 crash=185 timeout=0 skip=410  |  inflight=47
  [35176] MISMATCH w31:725 out[0] shape (0, 0, 0, 0) vs (0, 0, 0, 0, 0)
  [t=1317s] 35180/83534 (26.7/s)  ok=33894 mism=691 crash=185 timeout=0 skip=410  |  inflight=48
  [t=1321s] 35188/83534 (26.6/s)  ok=33902 mism=691 crash=185 timeout=0 skip=410  |  inflight=48
  [t=1324s] 35188/83534 (26.6/s)  ok=33902 mism=691 crash=185 timeout=0 skip=410  |  inflight=48
  [t=1327s] 35197/83534 (26.5/s)  ok=33911 mism=691 crash=185 timeout=0 skip=410  |  inflight=48
  [t=1330s] 35197/83534 (26.5/s)  ok=33911 mism=691 crash=185 timeout=0 skip=410  |  inflight=48
  [35233] MISMATCH w31:82 out[0] shape (1,) vs (0,)
  [35253] MISMATCH w31:99 out[0] shape (1, 1) vs (0, 0, 0, 0, 0)
  [35257] MISMATCH w32:10 out[0] shape (1, 1, 1, 1) vs (0, 0, 0, 0, 0)
  [35293] MISMATCH w32:141 out[0] max|delta|=1.342e+10 (rtol=0.0 atol=0.0)
  [35420] MISMATCH w32:266 out[0] max|delta|=1.394e+00 (rtol=0.01 atol=0.001)
  [t=1333s] 35466/83534 (26.6/s)  ok=34173 mism=696 crash=185 timeout=0 skip=412  |  inflight=48
  [t=1336s] 35466/83534 (26.5/s)  ok=34173 mism=696 crash=185 timeout=0 skip=412  |  inflight=48
  [35497] MISMATCH w32:35 out[0] non-finite mismatch (nan/inf positions differ)
  [35507] MISMATCH w32:372 out[0] max|delta|=1.678e+07 (rtol=0.0 atol=0.0)
  [35536] MISMATCH w32:40 out[0] max|delta|=1.000e+00 (rtol=0.0 atol=0.0)
  [35549] MISMATCH w32:413 out[0] max|delta|=1.342e+10 (rtol=0.0 atol=0.0)
  [35619] MISMATCH w32:472 out[0] shape (1,) vs (0, 0, 0, 0, 0)
  [35633] MISMATCH w32:497 out[0] non-finite mismatch (nan/inf positions differ)
  [35779] MISMATCH w32:658 out[0] non-finite mismatch (nan/inf positions differ)
  [35793] MISMATCH w32:673 out[0] max|delta|=1.678e+07 (rtol=0.0 atol=0.0)
  [35943] MISMATCH w33:138 out[0] max|delta|=1.342e+10 (rtol=0.0 atol=0.0)
  [35975] CRASH    w32:108 executor died (native abort)
  [35993] CRASH    w32:113 executor died (native abort)
  [36000] MISMATCH w33:194 out[0] non-finite mismatch (nan/inf positions differ)
  [36038] MISMATCH w33:224 out[0] shape (1, 1, 1, 1) vs (0, 0, 0, 0, 0)
  [36047] MISMATCH w33:249 out[0] non-finite mismatch (nan/inf positions differ)
  [36142] MISMATCH w33:355 out[0] max|delta|=5.760e+02 (rtol=0.0 atol=0.0)
  [36181] MISMATCH w33:396 out[0] max|delta|=1.342e+10 (rtol=0.0 atol=0.0)
  [36257] MISMATCH w33:480 out[0] max|delta|=1.206e+21 (rtol=0.01 atol=0.001)
  [36262] MISMATCH w33:485 out[0] max|delta|=1.000e+00 (rtol=0.0 atol=0.0)
  [36473] MISMATCH w33:711 out[0] non-finite mismatch (nan/inf positions differ)
  [36569] MISMATCH w34:119 out[0] max|delta|=1.342e+10 (rtol=0.0 atol=0.0)
  [36651] MISMATCH w34:203 out[0] non-finite mismatch (nan/inf positions differ)
  [36746] MISMATCH w34:309 out[0] max|delta|=1.342e+10 (rtol=0.0 atol=0.0)
  [36860] MISMATCH w34:434 out[0] non-finite mismatch (nan/inf positions differ)
  [36957] MISMATCH w34:540 out[0] max|delta|=1.342e+10 (rtol=0.0 atol=0.0)
  [36969] MISMATCH w34:554 out[0] max|delta|=1.342e+10 (rtol=0.0 atol=0.0)
  [37041] CRASH    w32:570 executor died (native abort)
  [t=1339s] 37041/83534 (27.7/s)  ok=35705 mism=719 crash=188 timeout=0 skip=429  |  inflight=48
  [t=1342s] 37041/83534 (27.6/s)  ok=35705 mism=719 crash=188 timeout=0 skip=429  |  inflight=48
  [t=1345s] 37048/83534 (27.5/s)  ok=35712 mism=719 crash=188 timeout=0 skip=429  |  inflight=48
  [t=1349s] 37049/83534 (27.5/s)  ok=35713 mism=719 crash=188 timeout=0 skip=429  |  inflight=48
  [t=1352s] 37052/83534 (27.4/s)  ok=35716 mism=719 crash=188 timeout=0 skip=429  |  inflight=47
  [37054] CRASH    w33:322 executor died (native abort)
  [37055] CRASH    w33:553 executor died (native abort)
  [37056] CRASH    w33:558 executor died (native abort)
  [37059] CRASH    w33:96 executor died (native abort)
  [37060] CRASH    w34:512 executor died (native abort)
  [37063] CRASH    w33:327 executor died (native abort)
  [37073] MISMATCH w34:665 out[0] non-finite mismatch (nan/inf positions differ)
  [37089] CRASH    w32:575 executor died (native abort)
  [37129] CRASH    w34:50 executor died (native abort)
  [37131] CRASH    w34:507 executor died (native abort)
  [37177] MISMATCH w34:78 out[0] max|delta|=1.342e+10 (rtol=0.0 atol=0.0)
  [37178] MISMATCH w34:781 out[0] max|delta|=1.000e+00 (rtol=0.01 atol=0.001)
  [t=1355s] 37182/83534 (27.4/s)  ok=35833 mism=722 crash=197 timeout=0 skip=430  |  inflight=48
  [t=1358s] 37187/83534 (27.4/s)  ok=35838 mism=722 crash=197 timeout=0 skip=430  |  inflight=48
  [t=1361s] 37187/83534 (27.3/s)  ok=35838 mism=722 crash=197 timeout=0 skip=430  |  inflight=48
  [t=1365s] 37190/83534 (27.3/s)  ok=35841 mism=722 crash=197 timeout=0 skip=430  |  inflight=48
  [t=1368s] 37193/83534 (27.2/s)  ok=35844 mism=722 crash=197 timeout=0 skip=430  |  inflight=48
  [t=1371s] 37197/83534 (27.1/s)  ok=35848 mism=722 crash=197 timeout=0 skip=430  |  inflight=48
  [t=1374s] 37197/83534 (27.1/s)  ok=35848 mism=722 crash=197 timeout=0 skip=430  |  inflight=48
  [t=1378s] 37200/83534 (27.0/s)  ok=35851 mism=722 crash=197 timeout=0 skip=430  |  inflight=48
  [t=1381s] 37200/83534 (26.9/s)  ok=35851 mism=722 crash=197 timeout=0 skip=430  |  inflight=48
  [t=1384s] 37200/83534 (26.9/s)  ok=35851 mism=722 crash=197 timeout=0 skip=430  |  inflight=48
  [t=1387s] 37203/83534 (26.8/s)  ok=35854 mism=722 crash=197 timeout=0 skip=430  |  inflight=48
  [t=1390s] 37205/83534 (26.8/s)  ok=35856 mism=722 crash=197 timeout=0 skip=430  |  inflight=48
  [t=1393s] 37215/83534 (26.7/s)  ok=35866 mism=722 crash=197 timeout=0 skip=430  |  inflight=48
  [t=1396s] 37215/83534 (26.7/s)  ok=35866 mism=722 crash=197 timeout=0 skip=430  |  inflight=48
  [37237] MISMATCH w35:143 out[0] max|delta|=2.568e+20 (rtol=0.01 atol=0.001)
  [37272] MISMATCH w35:18 out[0] max|delta|=1.678e+07 (rtol=0.0 atol=0.0)
  [t=1399s] 37345/83534 (26.7/s)  ok=35994 mism=724 crash=197 timeout=0 skip=430  |  inflight=48
  [37371] CRASH    w35:221 executor died (native abort)
  [t=1402s] 37384/83534 (26.7/s)  ok=36031 mism=724 crash=198 timeout=0 skip=431  |  inflight=47
  [37395] CRASH    w35:216 executor died (native abort)
  [t=1406s] 37398/83534 (26.6/s)  ok=36044 mism=724 crash=199 timeout=0 skip=431  |  inflight=48
  [t=1409s] 37398/83534 (26.6/s)  ok=36044 mism=724 crash=199 timeout=0 skip=431  |  inflight=48
  [t=1412s] 37398/83534 (26.5/s)  ok=36044 mism=724 crash=199 timeout=0 skip=431  |  inflight=48
  [t=1415s] 37398/83534 (26.4/s)  ok=36044 mism=724 crash=199 timeout=0 skip=431  |  inflight=48
  [37430] MISMATCH w35:349 out[0] max|delta|=1.000e+00 (rtol=0.0 atol=0.0)
  [37454] MISMATCH w35:374 out[0] non-finite mismatch (nan/inf positions differ)
  [t=1418s] 37477/83534 (26.4/s)  ok=36120 mism=726 crash=199 timeout=0 skip=432  |  inflight=47
  [t=1421s] 37536/83534 (26.4/s)  ok=36178 mism=726 crash=199 timeout=0 skip=433  |  inflight=48
  [37560] MISMATCH w35:480 out[0] max|delta|=1.342e+10 (rtol=0.0 atol=0.0)
  [37678] MISMATCH w35:605 out[0] non-finite mismatch (nan/inf positions differ)
  [37681] MISMATCH w35:610 out[0] max|delta|=1.000e+00 (rtol=0.0 atol=0.0)
  [37712] MISMATCH w35:630 out[0] shape (1, 1) vs (0, 0, 0, 0)
  [37792] CRASH    w35:447 executor died (native abort)
  [37817] MISMATCH w35:752 out[0] max|delta|=1.342e+10 (rtol=0.0 atol=0.0)
  [37843] MISMATCH w35:781 out[0] non-finite mismatch (nan/inf positions differ)
  [37861] MISMATCH w35:88 out[0] max|delta|=1.678e+07 (rtol=0.0 atol=0.0)
  [37891] MISMATCH w36:109 out[0] shape (1, 1, 1, 1, 0) vs (0, 0, 0, 0, 0)
  [t=1424s] 38061/83534 (26.7/s)  ok=36686 mism=734 crash=200 timeout=0 skip=441  |  inflight=48
  [t=1427s] 38061/83534 (26.7/s)  ok=36686 mism=734 crash=200 timeout=0 skip=441  |  inflight=48
  [38072] MISMATCH w36:310 out[0] max|delta|=1.678e+07 (rtol=0.0 atol=0.0)
  [t=1430s] 38089/83534 (26.6/s)  ok=36712 mism=735 crash=200 timeout=0 skip=442  |  inflight=48
  [38112] CRASH    w35:683 executor died (native abort)
  [38115] MISMATCH w36:365 out[0] non-finite mismatch (nan/inf positions differ)
  [38122] MISMATCH w36:370 out[0] max|delta|=1.000e+00 (rtol=0.0 atol=0.0)
  [38125] CRASH    w35:725 executor died (native abort)
  [38161] MISMATCH w36:407 out[0] shape (1, 1) vs (0, 0, 0)
  [38220] MISMATCH w36:471 out[0] max|delta|=1.342e+10 (rtol=0.0 atol=0.0)
  [38225] MISMATCH w36:485 out[0] max|delta|=1.342e+10 (rtol=0.0 atol=0.0)
  [38260] MISMATCH w36:512 out[0] max|delta|=7.206e+16 (rtol=0.0 atol=0.0)
  [38270] MISMATCH w36:526 out[0] max|delta|=1.855e-02 (rtol=0.01 atol=0.001)
  [38321] MISMATCH w36:571 out[0] shape (1, 1, 1, 1) vs (0, 0, 0, 0, 0)
  [38342] MISMATCH w36:596 out[0] non-finite mismatch (nan/inf positions differ)
  [t=1434s] 38428/83534 (26.8/s)  ok=37038 mism=744 crash=202 timeout=0 skip=444  |  inflight=48
  [38441] MISMATCH w36:716 out[0] max|delta|=1.678e+07 (rtol=0.0 atol=0.0)
  [t=1437s] 38450/83534 (26.8/s)  ok=37059 mism=745 crash=202 timeout=0 skip=444  |  inflight=48
  [t=1440s] 38450/83534 (26.7/s)  ok=37059 mism=745 crash=202 timeout=0 skip=444  |  inflight=48
  [t=1443s] 38455/83534 (26.6/s)  ok=37064 mism=745 crash=202 timeout=0 skip=444  |  inflight=48
  [38481] CRASH    w36:443 executor died (native abort)
  [38630] MISMATCH w37:209 out[0] max|delta|=1.342e+10 (rtol=0.0 atol=0.0)
  [38660] CRASH    w36:438 executor died (native abort)
  [38673] MISMATCH w37:250 out[0] max|delta|=1.342e+10 (rtol=0.0 atol=0.0)
  [38748] MISMATCH w37:334 out[0] non-finite mismatch (nan/inf positions differ)
  [38796] MISMATCH w37:376 out[0] shape () vs (0, 0, 0, 0)
  [38843] MISMATCH w37:440 out[0] max|delta|=1.342e+10 (rtol=0.0 atol=0.0)
  [38907] MISMATCH w37:510 out[0] max|delta|=1.342e+10 (rtol=0.0 atol=0.0)
  [38937] MISMATCH w37:540 out[0] shape (1, 1) vs (0, 0, 0, 0, 0)
  [t=1446s] 38954/83534 (26.9/s)  ok=37546 mism=752 crash=204 timeout=0 skip=452  |  inflight=47
  [38958] MISMATCH w37:565 out[0] non-finite mismatch (nan/inf positions differ)
  [38985] MISMATCH w37:590 out[0] shape (1, 1, 1) vs (0, 0, 0, 0, 0)
  [39093] MISMATCH w37:712 out[0] max|delta|=1.342e+10 (rtol=0.0 atol=0.0)
  [39153] MISMATCH w37:771 out[0] shape (1, 1, 1, 1) vs (0, 0, 0, 0, 0)
  [39157] MISMATCH w37:78 out[0] shape (1, 1, 1, 1, 1) vs (0, 0, 0, 0, 0)
  [39191] MISMATCH w38:113 out[0] max|delta|=1.342e+10 (rtol=0.0 atol=0.0)
  [39221] MISMATCH w38:142 out[0] max|delta|=7.205e+16 (rtol=0.0 atol=0.0)
  [39430] MISMATCH w38:373 out[0] non-finite mismatch (nan/inf positions differ)
  [t=1450s] 39461/83534 (27.2/s)  ok=38041 mism=760 crash=204 timeout=0 skip=456  |  inflight=48
  [t=1453s] 39474/83534 (27.2/s)  ok=38054 mism=760 crash=204 timeout=0 skip=456  |  inflight=48
  [39476] MISMATCH w38:428 out[0] max|delta|=2.917e+20 (rtol=0.01 atol=0.001)
  [t=1456s] 39488/83534 (27.1/s)  ok=38067 mism=761 crash=204 timeout=0 skip=456  |  inflight=47
  [39491] CRASH    w37:412 executor died (native abort)
  [39495] CRASH    w37:638 executor died (native abort)
  [39496] CRASH    w38:270 executor died (native abort)
  [39497] CRASH    w37:176 executor died (native abort)
  [39499] CRASH    w37:262 executor died (native abort)
  [39500] CRASH    w38:39 executor died (native abort)
  [39512] CRASH    w37:433 executor died (native abort)
  [39577] MISMATCH w38:534 out[0] max|delta|=1.342e+10 (rtol=0.0 atol=0.0)
  [39589] MISMATCH w38:548 out[0] max|delta|=1.678e+07 (rtol=0.0 atol=0.0)
  [39616] MISMATCH w38:575 out[0] max|delta|=7.206e+16 (rtol=0.0 atol=0.0)
  [39638] CRASH    w37:181 executor died (native abort)
  [39644] MISMATCH w38:604 out[0] max|delta|=1.342e+10 (rtol=0.0 atol=0.0)
  [t=1459s] 39759/83534 (27.2/s)  ok=38323 mism=765 crash=212 timeout=0 skip=459  |  inflight=48
  [t=1462s] 39759/83534 (27.2/s)  ok=38323 mism=765 crash=212 timeout=0 skip=459  |  inflight=48
  [t=1465s] 39759/83534 (27.1/s)  ok=38323 mism=765 crash=212 timeout=0 skip=459  |  inflight=48
  [t=1468s] 39759/83534 (27.1/s)  ok=38323 mism=765 crash=212 timeout=0 skip=459  |  inflight=48
  [t=1471s] 39759/83534 (27.0/s)  ok=38323 mism=765 crash=212 timeout=0 skip=459  |  inflight=48
  [t=1474s] 39759/83534 (27.0/s)  ok=38323 mism=765 crash=212 timeout=0 skip=459  |  inflight=48
  [t=1477s] 39759/83534 (26.9/s)  ok=38323 mism=765 crash=212 timeout=0 skip=459  |  inflight=48
  [t=1480s] 39759/83534 (26.9/s)  ok=38323 mism=765 crash=212 timeout=0 skip=459  |  inflight=48
  [t=1483s] 39759/83534 (26.8/s)  ok=38323 mism=765 crash=212 timeout=0 skip=459  |  inflight=48
  [t=1486s] 39759/83534 (26.7/s)  ok=38323 mism=765 crash=212 timeout=0 skip=459  |  inflight=48
  [t=1489s] 39759/83534 (26.7/s)  ok=38323 mism=765 crash=212 timeout=0 skip=459  |  inflight=48
  [t=1492s] 39759/83534 (26.6/s)  ok=38323 mism=765 crash=212 timeout=0 skip=459  |  inflight=48
  [t=1495s] 39759/83534 (26.6/s)  ok=38323 mism=765 crash=212 timeout=0 skip=459  |  inflight=48
  [39784] CRASH    w38:501 executor died (native abort)
  [39786] CRASH    w38:732 executor died (native abort)
  [39789] CRASH    w38:737 executor died (native abort)
  [39803] CRASH    w38:44 executor died (native abort)
  [t=1499s] 39806/83534 (26.6/s)  ok=38366 mism=765 crash=216 timeout=0 skip=459  |  inflight=48
  [39807] MISMATCH w38:82 out[0] max|delta|=1.000e+00 (rtol=0.01 atol=0.001)
  [t=1502s] 39808/83534 (26.5/s)  ok=38367 mism=766 crash=216 timeout=0 skip=459  |  inflight=48
  [t=1505s] 39808/83534 (26.5/s)  ok=38367 mism=766 crash=216 timeout=0 skip=459  |  inflight=48
  [t=1508s] 39810/83534 (26.4/s)  ok=38369 mism=766 crash=216 timeout=0 skip=459  |  inflight=48
  [t=1511s] 39812/83534 (26.3/s)  ok=38371 mism=766 crash=216 timeout=0 skip=459  |  inflight=48
  [t=1515s] 39814/83534 (26.3/s)  ok=38373 mism=766 crash=216 timeout=0 skip=459  |  inflight=48
  [t=1518s] 39814/83534 (26.2/s)  ok=38373 mism=766 crash=216 timeout=0 skip=459  |  inflight=48
  [t=1521s] 39830/83534 (26.2/s)  ok=38389 mism=766 crash=216 timeout=0 skip=459  |  inflight=47
  [39872] MISMATCH w39:151 out[0] shape (0, 1, 1) vs (0, 0, 0, 0, 0)
  [39917] MISMATCH w39:204 out[0] max|delta|=1.562e-02 (rtol=0.01 atol=0.001)
  [39985] MISMATCH w39:282 out[0] max|delta|=1.342e+10 (rtol=0.0 atol=0.0)
  [40030] MISMATCH w39:323 out[0] max|delta|=7.206e+16 (rtol=0.0 atol=0.0)
  [40046] MISMATCH w39:337 out[0] max|delta|=1.855e-02 (rtol=0.01 atol=0.001)
  [40106] MISMATCH w39:382 out[0] shape (0, 0, 0, 0) vs (0, 0, 0, 0, 0)
  [40115] MISMATCH w39:407 out[0] non-finite mismatch (nan/inf positions differ)
  [40205] MISMATCH w39:51 out[0] max|delta|=1.342e+10 (rtol=0.0 atol=0.0)
  [40281] MISMATCH w39:583 out[0] max|delta|=1.342e+10 (rtol=0.0 atol=0.0)
  [40329] MISMATCH w39:638 out[0] max|delta|=2.096e+20 (rtol=0.01 atol=0.001)
  [40433] MISMATCH w39:758 out[0] max|delta|=1.342e+10 (rtol=0.0 atol=0.0)
  [40493] MISMATCH w4:111 out[0] max|delta|=1.719e+20 (rtol=0.01 atol=0.001)
  [40517] MISMATCH w4:138 out[0] non-finite mismatch (nan/inf positions differ)
  [40637] MISMATCH w4:27 out[0] max|delta|=1.342e+10 (rtol=0.0 atol=0.0)
  [40638] MISMATCH w4:272 out[0] max|delta|=1.855e-02 (rtol=0.01 atol=0.001)
  [40655] MISMATCH w4:287 out[0] max|delta|=1.342e+10 (rtol=0.0 atol=0.0)
  [40692] MISMATCH w4:317 out[0] shape (1, 1, 1, 1) vs (0, 0, 0, 0, 0)
  [40802] MISMATCH w4:448 out[0] max|delta|=1.342e+10 (rtol=0.0 atol=0.0)
  [40806] MISMATCH w4:449 out[0] non-finite mismatch (nan/inf positions differ)
  [40812] MISMATCH w4:458 out[0] non-finite mismatch (nan/inf positions differ)
  [40815] MISMATCH w4:462 out[0] non-finite mismatch (nan/inf positions differ)
  [40843] MISMATCH w4:489 out[0] max|delta|=1.342e+10 (rtol=0.0 atol=0.0)
  [40921] MISMATCH w4:573 out[0] non-finite mismatch (nan/inf positions differ)
  [40946] MISMATCH w4:600 out[0] non-finite mismatch (nan/inf positions differ)
  [40986] MISMATCH w4:634 out[0] non-finite mismatch (nan/inf positions differ)
  [41019] MISMATCH w4:679 out[0] max|delta|=1.342e+10 (rtol=0.0 atol=0.0)
  [41022] MISMATCH w4:680 out[0] non-finite mismatch (nan/inf positions differ)
  [41033] MISMATCH w4:695 out[0] max|delta|=1.000e+00 (rtol=0.0 atol=0.0)
  [41034] MISMATCH w4:693 out[0] max|delta|=1.342e+10 (rtol=0.0 atol=0.0)
  [41060] MISMATCH w4:720 out[0] max|delta|=1.342e+10 (rtol=0.0 atol=0.0)
  [41137] MISMATCH w40:104 out[0] non-finite mismatch (nan/inf positions differ)
  [41177] MISMATCH w40:149 out[0] shape (1, 1, 1) vs (0, 0, 0, 0, 0)
  [41199] MISMATCH w40:174 out[0] non-finite mismatch (nan/inf positions differ)
  [41297] CRASH    w39:23 executor died (native abort)
  [41388] MISMATCH w40:380 out[0] shape (0, 0) vs (0, 0, 0, 0, 0)
  [t=1524s] 41390/83534 (27.2/s)  ok=39892 mism=800 crash=217 timeout=0 skip=481  |  inflight=47
  [41487] MISMATCH w40:49 out[0] max|delta|=1.342e+10 (rtol=0.0 atol=0.0)
  [41509] MISMATCH w40:511 out[0] max|delta|=1.342e+10 (rtol=0.0 atol=0.0)
  [41602] MISMATCH w40:611 out[0] shape (1, 1, 1, 1) vs (0, 0, 0, 0, 0)
  [41620] MISMATCH w40:63 out[0] max|delta|=1.678e+07 (rtol=0.0 atol=0.0)
  [t=1527s] 41694/83534 (27.3/s)  ok=40190 mism=804 crash=217 timeout=0 skip=483  |  inflight=48
  [41695] CRASH    w40:16 executor died (native abort)
  [41696] CRASH    w40:21 executor died (native abort)
  [t=1531s] 41696/83534 (27.2/s)  ok=40190 mism=804 crash=219 timeout=0 skip=483  |  inflight=48
  [t=1534s] 41696/83534 (27.2/s)  ok=40190 mism=804 crash=219 timeout=0 skip=483  |  inflight=48
  [t=1537s] 41696/83534 (27.1/s)  ok=40190 mism=804 crash=219 timeout=0 skip=483  |  inflight=48
  [t=1540s] 41696/83534 (27.1/s)  ok=40190 mism=804 crash=219 timeout=0 skip=483  |  inflight=48
  [t=1543s] 41696/83534 (27.0/s)  ok=40190 mism=804 crash=219 timeout=0 skip=483  |  inflight=48
  [41697] CRASH    w40:252 executor died (native abort)
  [41698] CRASH    w39:485 executor died (native abort)
  [41699] CRASH    w4:646 executor died (native abort)
  [41700] CRASH    w39:254 executor died (native abort)
  [41701] CRASH    w4:420 executor died (native abort)
  [41702] CRASH    w39:711 executor died (native abort)
  [t=1546s] 41702/83534 (27.0/s)  ok=40190 mism=804 crash=225 timeout=0 skip=483  |  inflight=48
  [t=1549s] 41702/83534 (26.9/s)  ok=40190 mism=804 crash=225 timeout=0 skip=483  |  inflight=48
  [t=1552s] 41702/83534 (26.9/s)  ok=40190 mism=804 crash=225 timeout=0 skip=483  |  inflight=48
  [t=1555s] 41702/83534 (26.8/s)  ok=40190 mism=804 crash=225 timeout=0 skip=483  |  inflight=48
  [t=1558s] 41702/83534 (26.8/s)  ok=40190 mism=804 crash=225 timeout=0 skip=483  |  inflight=48
  [t=1561s] 41702/83534 (26.7/s)  ok=40190 mism=804 crash=225 timeout=0 skip=483  |  inflight=48
  [t=1564s] 41702/83534 (26.7/s)  ok=40190 mism=804 crash=225 timeout=0 skip=483  |  inflight=48
  [t=1567s] 41702/83534 (26.6/s)  ok=40190 mism=804 crash=225 timeout=0 skip=483  |  inflight=48
  [41703] CRASH    w4:189 executor died (native abort)
  [41704] CRASH    w40:266 executor died (native abort)
  [t=1570s] 41704/83534 (26.6/s)  ok=40190 mism=804 crash=227 timeout=0 skip=483  |  inflight=48
  [t=1573s] 41704/83534 (26.5/s)  ok=40190 mism=804 crash=227 timeout=0 skip=483  |  inflight=48
  [t=1576s] 41704/83534 (26.5/s)  ok=40190 mism=804 crash=227 timeout=0 skip=483  |  inflight=48
  [t=1579s] 41704/83534 (26.4/s)  ok=40190 mism=804 crash=227 timeout=0 skip=483  |  inflight=48
  [t=1582s] 41704/83534 (26.4/s)  ok=40190 mism=804 crash=227 timeout=0 skip=483  |  inflight=48
  [t=1585s] 41704/83534 (26.3/s)  ok=40190 mism=804 crash=227 timeout=0 skip=483  |  inflight=48
  [t=1588s] 41704/83534 (26.3/s)  ok=40190 mism=804 crash=227 timeout=0 skip=483  |  inflight=48
  [t=1591s] 41704/83534 (26.2/s)  ok=40190 mism=804 crash=227 timeout=0 skip=483  |  inflight=48
  [t=1594s] 41704/83534 (26.2/s)  ok=40190 mism=804 crash=227 timeout=0 skip=483  |  inflight=48
  [t=1597s] 41704/83534 (26.1/s)  ok=40190 mism=804 crash=227 timeout=0 skip=483  |  inflight=48
  [41705] CRASH    w40:714 executor died (native abort)
  [41706] CRASH    w40:662 executor died (native abort)
  [41707] CRASH    w40:478 executor died (native abort)
  [t=1601s] 41707/83534 (26.1/s)  ok=40190 mism=804 crash=230 timeout=0 skip=483  |  inflight=48
  [t=1604s] 41707/83534 (26.0/s)  ok=40190 mism=804 crash=230 timeout=0 skip=483  |  inflight=48
  [t=1607s] 41707/83534 (26.0/s)  ok=40190 mism=804 crash=230 timeout=0 skip=483  |  inflight=48
  [t=1610s] 41707/83534 (25.9/s)  ok=40190 mism=804 crash=230 timeout=0 skip=483  |  inflight=48
  [t=1613s] 41707/83534 (25.9/s)  ok=40190 mism=804 crash=230 timeout=0 skip=483  |  inflight=48
  [t=1616s] 41707/83534 (25.8/s)  ok=40190 mism=804 crash=230 timeout=0 skip=483  |  inflight=48
  [41724] MISMATCH w40:742 out[0] max|delta|=1.342e+10 (rtol=0.0 atol=0.0)
  [41824] MISMATCH w41:131 out[0] max|delta|=1.678e+07 (rtol=0.0 atol=0.0)
  [41906] MISMATCH w41:215 out[0] max|delta|=2.638e+00 (rtol=0.01 atol=0.001)
  [42036] MISMATCH w41:362 out[0] max|delta|=1.342e+10 (rtol=0.0 atol=0.0)
  [42097] MISMATCH w41:421 out[0] shape (0, 0, 0, 0) vs (0, 0, 0, 0, 0)
  [42114] MISMATCH w41:446 out[0] non-finite mismatch (nan/inf positions differ)
  [42136] MISMATCH w41:471 out[0] shape (1, 1, 1, 1, 1) vs (0, 0, 0, 0, 0)
  [42210] MISMATCH w41:552 out[0] max|delta|=7.206e+16 (rtol=0.0 atol=0.0)
  [42262] MISMATCH w41:607 out[0] max|delta|=1.855e-02 (rtol=0.01 atol=0.001)
  [42310] MISMATCH w41:652 out[0] shape (1, 1, 1, 1) vs (0, 0, 0, 0, 0)
  [42326] MISMATCH w41:677 out[0] non-finite mismatch (nan/inf positions differ)
  [42467] MISMATCH w42:126 out[0] max|delta|=1.342e+10 (rtol=0.0 atol=0.0)
  [42506] MISMATCH w42:167 out[0] max|delta|=1.342e+10 (rtol=0.0 atol=0.0)
  [42586] MISMATCH w42:251 out[0] non-finite mismatch (nan/inf positions differ)
  [42683] MISMATCH w42:357 out[0] max|delta|=1.342e+10 (rtol=0.0 atol=0.0)
  [42752] MISMATCH w42:427 out[0] max|delta|=1.342e+10 (rtol=0.0 atol=0.0)
  [42801] MISMATCH w42:482 out[0] non-finite mismatch (nan/inf positions differ)
  [42927] MISMATCH w42:62 out[0] shape () vs (0, 0, 0)
  [43106] MISMATCH w43:11 out[0] max|delta|=2.093e+20 (rtol=0.01 atol=0.001)
  [43110] MISMATCH w43:117 out[0] max|delta|=1.342e+10 (rtol=0.0 atol=0.0)
  [43148] MISMATCH w43:158 out[0] max|delta|=1.342e+10 (rtol=0.0 atol=0.0)
  [43163] MISMATCH w43:172 out[0] non-finite mismatch (nan/inf positions differ)
  [43175] MISMATCH w43:187 out[0] max|delta|=1.678e+07 (rtol=0.0 atol=0.0)
  [43226] MISMATCH w43:242 out[0] non-finite mismatch (nan/inf positions differ)
  [43324] MISMATCH w43:348 out[0] max|delta|=1.342e+10 (rtol=0.0 atol=0.0)
  [43363] MISMATCH w43:389 out[0] max|delta|=1.342e+10 (rtol=0.0 atol=0.0)
  [43418] MISMATCH w43:448 out[0] shape (0, 0, 0, 0) vs (0, 0, 0, 0, 0)
  [43551] MISMATCH w43:593 out[0] non-finite mismatch (nan/inf positions differ)
  [43642] MISMATCH w43:679 out[0] shape (1, 1, 1, 1) vs (0, 0, 0, 0, 0)
  [t=1619s] 43642/83534 (27.0/s)  ok=42076 mism=833 crash=230 timeout=0 skip=503  |  inflight=47
  [43808] MISMATCH w44:171 out[0] non-finite mismatch (nan/inf positions differ)
  [43904] MISMATCH w44:277 out[0] max|delta|=1.342e+10 (rtol=0.0 atol=0.0)
  [44021] MISMATCH w44:402 out[0] non-finite mismatch (nan/inf positions differ)
  [44060] MISMATCH w44:444 out[0] shape (1,) vs (0, 0, 0, 0, 0)
  [44076] MISMATCH w44:46 out[0] max|delta|=1.342e+10 (rtol=0.0 atol=0.0)
  [44238] MISMATCH w44:633 out[0] non-finite mismatch (nan/inf positions differ)
  [44330] MISMATCH w44:739 out[0] max|delta|=1.342e+10 (rtol=0.0 atol=0.0)
  [44379] CRASH    w41:57 executor died (native abort)
  [44455] MISMATCH w45:166 out[0] shape (1, 1, 1, 1) vs (0, 0, 0, 0, 0)
  [44504] MISMATCH w45:216 out[0] shape () vs (0,)
  [44585] MISMATCH w45:307 out[0] max|delta|=1.000e+00 (rtol=0.01 atol=0.001)
  [44625] MISMATCH w45:352 out[0] max|delta|=1.855e-02 (rtol=0.01 atol=0.001)
  [44666] MISMATCH w45:397 out[0] shape (0,) vs (0, 0, 0, 0, 0)
  [44690] MISMATCH w45:422 out[0] non-finite mismatch (nan/inf positions differ)
  [44788] MISMATCH w45:528 out[0] max|delta|=1.342e+10 (rtol=0.0 atol=0.0)
  [44880] MISMATCH w45:628 out[0] shape (0, 0, 0, 0) vs (0, 0, 0, 0, 0)
  [44904] MISMATCH w45:653 out[0] non-finite mismatch (nan/inf positions differ)
  [44910] MISMATCH w45:66 out[0] max|delta|=1.920e+02 (rtol=0.0 atol=0.0)
  [44998] MISMATCH w45:759 out[0] max|delta|=1.342e+10 (rtol=0.0 atol=0.0)
  [45072] CRASH    w44:244 executor died (native abort)
  [45093] CRASH    w43:551 executor died (native abort)
  [t=1622s] 45093/83534 (27.8/s)  ok=43491 mism=851 crash=233 timeout=0 skip=518  |  inflight=48
  [t=1625s] 45093/83534 (27.7/s)  ok=43491 mism=851 crash=233 timeout=0 skip=518  |  inflight=48
  [t=1628s] 45097/83534 (27.7/s)  ok=43495 mism=851 crash=233 timeout=0 skip=518  |  inflight=48
  [t=1631s] 45097/83534 (27.6/s)  ok=43495 mism=851 crash=233 timeout=0 skip=518  |  inflight=48
  [45102] CRASH    w42:93 executor died (native abort)
  [t=1634s] 45102/83534 (27.6/s)  ok=43499 mism=851 crash=234 timeout=0 skip=518  |  inflight=47
  [45103] CRASH    w45:33 executor died (native abort)
  [45105] CRASH    w45:731 executor died (native abort)
  [45106] CRASH    w44:13 executor died (native abort)
  [45107] CRASH    w44:153 executor died (native abort)
  [45108] CRASH    w45:495 executor died (native abort)
  [45109] CRASH    w41:519 executor died (native abort)
  [45111] MISMATCH w46:180 out[0] max|delta|=3.552e+20 (rtol=0.01 atol=0.001)
  [45112] CRASH    w44:706 executor died (native abort)
  [45148] CRASH    w45:726 executor died (native abort)
  [45152] CRASH    w44:18 executor died (native abort)
  [t=1638s] 45152/83534 (27.6/s)  ok=43535 mism=852 crash=243 timeout=0 skip=522  |  inflight=48
  [t=1641s] 45152/83534 (27.5/s)  ok=43535 mism=852 crash=243 timeout=0 skip=522  |  inflight=48
  [t=1644s] 45152/83534 (27.5/s)  ok=43535 mism=852 crash=243 timeout=0 skip=522  |  inflight=48
  [t=1647s] 45152/83534 (27.4/s)  ok=43535 mism=852 crash=243 timeout=0 skip=522  |  inflight=48
  [t=1650s] 45152/83534 (27.4/s)  ok=43535 mism=852 crash=243 timeout=0 skip=522  |  inflight=48
  [t=1653s] 45152/83534 (27.3/s)  ok=43535 mism=852 crash=243 timeout=0 skip=522  |  inflight=48
  [t=1656s] 45152/83534 (27.3/s)  ok=43535 mism=852 crash=243 timeout=0 skip=522  |  inflight=48
  [t=1659s] 45152/83534 (27.2/s)  ok=43535 mism=852 crash=243 timeout=0 skip=522  |  inflight=48
  [t=1662s] 45152/83534 (27.2/s)  ok=43535 mism=852 crash=243 timeout=0 skip=522  |  inflight=48
  [t=1665s] 45152/83534 (27.1/s)  ok=43535 mism=852 crash=243 timeout=0 skip=522  |  inflight=48
  [t=1668s] 45152/83534 (27.1/s)  ok=43535 mism=852 crash=243 timeout=0 skip=522  |  inflight=48
  [t=1671s] 45152/83534 (27.0/s)  ok=43535 mism=852 crash=243 timeout=0 skip=522  |  inflight=48
  [t=1674s] 45152/83534 (27.0/s)  ok=43535 mism=852 crash=243 timeout=0 skip=522  |  inflight=48
  [t=1677s] 45152/83534 (26.9/s)  ok=43535 mism=852 crash=243 timeout=0 skip=522  |  inflight=48
  [t=1680s] 45152/83534 (26.9/s)  ok=43535 mism=852 crash=243 timeout=0 skip=522  |  inflight=48
  [t=1683s] 45152/83534 (26.8/s)  ok=43535 mism=852 crash=243 timeout=0 skip=522  |  inflight=48
  [t=1686s] 45152/83534 (26.8/s)  ok=43535 mism=852 crash=243 timeout=0 skip=522  |  inflight=48
  [45153] CRASH    w46:225 executor died (native abort)
  [t=1689s] 45180/83534 (26.8/s)  ok=43562 mism=852 crash=244 timeout=0 skip=522  |  inflight=48
  [t=1692s] 45180/83534 (26.7/s)  ok=43562 mism=852 crash=244 timeout=0 skip=522  |  inflight=48
  [t=1695s] 45182/83534 (26.7/s)  ok=43563 mism=852 crash=244 timeout=0 skip=523  |  inflight=48
  [t=1698s] 45183/83534 (26.6/s)  ok=43564 mism=852 crash=244 timeout=0 skip=523  |  inflight=48
  [t=1701s] 45183/83534 (26.6/s)  ok=43564 mism=852 crash=244 timeout=0 skip=523  |  inflight=48
  [45200] CRASH    w46:253 executor died (native abort)
  [45201] CRASH    w46:258 executor died (native abort)
  [t=1704s] 45201/83534 (26.5/s)  ok=43580 mism=852 crash=246 timeout=0 skip=523  |  inflight=48
  [t=1707s] 45201/83534 (26.5/s)  ok=43580 mism=852 crash=246 timeout=0 skip=523  |  inflight=48
  [t=1711s] 45204/83534 (26.4/s)  ok=43583 mism=852 crash=246 timeout=0 skip=523  |  inflight=48
  [t=1714s] 45205/83534 (26.4/s)  ok=43584 mism=852 crash=246 timeout=0 skip=523  |  inflight=48
  [t=1717s] 45213/83534 (26.3/s)  ok=43592 mism=852 crash=246 timeout=0 skip=523  |  inflight=47
  [45222] MISMATCH w46:300 out[0] max|delta|=1.678e+07 (rtol=0.0 atol=0.0)
  [45315] MISMATCH w46:386 out[0] shape (1, 1, 0, 1) vs (0, 0, 0, 0, 0)
  [45333] MISMATCH w46:411 out[0] non-finite mismatch (nan/inf positions differ)
  [45438] MISMATCH w46:517 out[0] max|delta|=1.678e+07 (rtol=0.0 atol=0.0)
  [45465] MISMATCH w46:55 out[0] max|delta|=5.369e+08 (rtol=0.0 atol=0.0)
  [45501] MISMATCH w46:587 out[0] max|delta|=1.342e+10 (rtol=0.0 atol=0.0)
  [45555] MISMATCH w46:642 out[0] non-finite mismatch (nan/inf positions differ)
  [45594] MISMATCH w46:69 out[0] non-finite mismatch (nan/inf positions differ)
  [t=1720s] 45594/83534 (26.5/s)  ok=43962 mism=860 crash=246 timeout=0 skip=526  |  inflight=48
  [45643] MISMATCH w46:748 out[0] max|delta|=1.342e+10 (rtol=0.0 atol=0.0)
  [45760] MISMATCH w47:163 out[0] shape (0, 0, 0) vs (0, 0, 0, 0, 0)
  [45782] MISMATCH w47:188 out[0] non-finite mismatch (nan/inf positions differ)
  [45865] MISMATCH w47:294 out[0] max|delta|=1.342e+10 (rtol=0.0 atol=0.0)
  [45905] MISMATCH w47:335 out[0] max|delta|=1.342e+10 (rtol=0.0 atol=0.0)
  [45982] MISMATCH w47:419 out[0] non-finite mismatch (nan/inf positions differ)
  [46199] MISMATCH w47:650 out[0] non-finite mismatch (nan/inf positions differ)
  [46293] MISMATCH w47:756 out[0] max|delta|=1.342e+10 (rtol=0.0 atol=0.0)
  [46305] MISMATCH w47:770 out[0] max|delta|=1.342e+10 (rtol=0.0 atol=0.0)
  [t=1723s] 46316/83534 (26.9/s)  ok=44668 mism=869 crash=246 timeout=0 skip=533  |  inflight=47
  [46391] MISMATCH w48:16 out[0] max|delta|=1.678e+07 (rtol=0.0 atol=0.0)
  [46523] MISMATCH w48:302 out[0] non-finite mismatch (nan/inf positions differ)
  [46573] MISMATCH w48:344 out[0] shape (1, 1) vs (0, 0, 0, 0, 0)
  [46659] MISMATCH w48:449 out[0] max|delta|=1.342e+10 (rtol=0.0 atol=0.0)
  [46842] MISMATCH w48:653 out[0] max|delta|=1.678e+07 (rtol=0.0 atol=0.0)
  [46895] MISMATCH w48:71 out[0] max|delta|=4.415e+00 (rtol=0.01 atol=0.001)
  [47061] MISMATCH w49:184 out[0] max|delta|=7.205e+16 (rtol=0.0 atol=0.0)
  [47116] MISMATCH w49:243 out[0] shape (1, 1, 1, 1) vs (0, 0, 0, 0, 0)
  [47138] MISMATCH w49:268 out[0] non-finite mismatch (nan/inf positions differ)
  [47162] MISMATCH w49:293 out[0] shape (1,) vs (0, 0, 0)
  [47229] MISMATCH w49:37 out[0] non-finite mismatch (nan/inf positions differ)
  [47233] MISMATCH w49:374 out[0] max|delta|=1.342e+10 (rtol=0.0 atol=0.0)
  [47270] MISMATCH w49:415 out[0] max|delta|=1.342e+10 (rtol=0.0 atol=0.0)
  [47344] MISMATCH w49:499 out[0] non-finite mismatch (nan/inf positions differ)
  [47415] CRASH    w48:380 executor died (native abort)
  [47416] CRASH    w48:648 executor died (native abort)
  [47417] CRASH    w49:115 executor died (native abort)
  [t=1727s] 47417/83534 (27.5/s)  ok=45728 mism=883 crash=249 timeout=0 skip=557  |  inflight=48
  [47418] CRASH    w47:261 executor died (native abort)
  [t=1730s] 47418/83534 (27.4/s)  ok=45728 mism=883 crash=250 timeout=0 skip=557  |  inflight=48
  [t=1733s] 47418/83534 (27.4/s)  ok=45728 mism=883 crash=250 timeout=0 skip=557  |  inflight=48
  [t=1736s] 47418/83534 (27.3/s)  ok=45728 mism=883 crash=250 timeout=0 skip=557  |  inflight=48
  [t=1739s] 47418/83534 (27.3/s)  ok=45728 mism=883 crash=250 timeout=0 skip=557  |  inflight=48
  [t=1742s] 47418/83534 (27.2/s)  ok=45728 mism=883 crash=250 timeout=0 skip=557  |  inflight=48
  [47419] CRASH    w46:715 executor died (native abort)
  [47420] CRASH    w47:497 executor died (native abort)
  [t=1745s] 47420/83534 (27.2/s)  ok=45728 mism=883 crash=252 timeout=0 skip=557  |  inflight=47
  [47421] CRASH    w47:492 executor died (native abort)
  [47422] CRASH    w47:266 executor died (native abort)
  [47423] CRASH    w47:30 executor died (native abort)
  [47424] CRASH    w48:375 executor died (native abort)
  [47425] CRASH    w47:723 executor died (native abort)
  [47426] CRASH    w49:572 executor died (native abort)
  [47427] CRASH    w49:577 executor died (native abort)
  [47428] CRASH    w47:35 executor died (native abort)
  [t=1748s] 47428/83534 (27.1/s)  ok=45728 mism=883 crash=260 timeout=0 skip=557  |  inflight=48
  [t=1751s] 47428/83534 (27.1/s)  ok=45728 mism=883 crash=260 timeout=0 skip=557  |  inflight=48
  [t=1754s] 47428/83534 (27.0/s)  ok=45728 mism=883 crash=260 timeout=0 skip=557  |  inflight=48
  [t=1757s] 47428/83534 (27.0/s)  ok=45728 mism=883 crash=260 timeout=0 skip=557  |  inflight=48
  [t=1760s] 47428/83534 (26.9/s)  ok=45728 mism=883 crash=260 timeout=0 skip=557  |  inflight=48
  [t=1763s] 47428/83534 (26.9/s)  ok=45728 mism=883 crash=260 timeout=0 skip=557  |  inflight=48
  [t=1766s] 47428/83534 (26.9/s)  ok=45728 mism=883 crash=260 timeout=0 skip=557  |  inflight=48
  [t=1769s] 47428/83534 (26.8/s)  ok=45728 mism=883 crash=260 timeout=0 skip=557  |  inflight=48
  [t=1772s] 47428/83534 (26.8/s)  ok=45728 mism=883 crash=260 timeout=0 skip=557  |  inflight=48
  [t=1775s] 47428/83534 (26.7/s)  ok=45728 mism=883 crash=260 timeout=0 skip=557  |  inflight=48
  [t=1778s] 47428/83534 (26.7/s)  ok=45728 mism=883 crash=260 timeout=0 skip=557  |  inflight=48
  [t=1781s] 47428/83534 (26.6/s)  ok=45728 mism=883 crash=260 timeout=0 skip=557  |  inflight=48
  [t=1784s] 47428/83534 (26.6/s)  ok=45728 mism=883 crash=260 timeout=0 skip=557  |  inflight=48
  [t=1787s] 47428/83534 (26.5/s)  ok=45728 mism=883 crash=260 timeout=0 skip=557  |  inflight=48
  [t=1790s] 47428/83534 (26.5/s)  ok=45728 mism=883 crash=260 timeout=0 skip=557  |  inflight=48
  [t=1793s] 47428/83534 (26.4/s)  ok=45728 mism=883 crash=260 timeout=0 skip=557  |  inflight=48
  [t=1796s] 47428/83534 (26.4/s)  ok=45728 mism=883 crash=260 timeout=0 skip=557  |  inflight=48
  [47446] MISMATCH w49:605 out[0] max|delta|=1.342e+10 (rtol=0.0 atol=0.0)
  [t=1800s] 47464/83534 (26.4/s)  ok=45763 mism=884 crash=260 timeout=0 skip=557  |  inflight=48
  [47474] MISMATCH w49:635 out[0] max|delta|=1.000e+00 (rtol=0.0 atol=0.0)
  [t=1803s] 47498/83534 (26.3/s)  ok=45796 mism=885 crash=260 timeout=0 skip=557  |  inflight=47
  [47515] MISMATCH w49:675 out[0] max|delta|=1.342e+10 (rtol=0.0 atol=0.0)
  [t=1806s] 47549/83534 (26.3/s)  ok=45845 mism=886 crash=260 timeout=0 skip=558  |  inflight=48
  [t=1809s] 47560/83534 (26.3/s)  ok=45856 mism=886 crash=260 timeout=0 skip=558  |  inflight=47
  [47566] MISMATCH w49:730 out[0] non-finite mismatch (nan/inf positions differ)
  [t=1813s] 47593/83534 (26.3/s)  ok=45888 mism=887 crash=260 timeout=0 skip=558  |  inflight=48
  [47649] MISMATCH w5:111 out[0] max|delta|=1.342e+10 (rtol=0.0 atol=0.0)
  [47707] MISMATCH w5:170 out[0] shape (1, 1, 0, 1) vs (0, 0, 0, 0, 0)
  [47728] MISMATCH w5:195 out[0] non-finite mismatch (nan/inf positions differ)
  [47755] MISMATCH w5:222 out[0] non-finite mismatch (nan/inf positions differ)
  [47829] MISMATCH w5:301 out[0] max|delta|=1.342e+10 (rtol=0.0 atol=0.0)
  [47859] MISMATCH w5:330 out[0] non-finite mismatch (nan/inf positions differ)
  [47870] MISMATCH w5:342 out[0] max|delta|=1.342e+10 (rtol=0.0 atol=0.0)
  [47890] MISMATCH w5:356 out[0] max|delta|=1.855e-02 (rtol=0.01 atol=0.001)
  [47937] MISMATCH w5:401 out[0] shape (0, 0, 0) vs (0, 0, 0, 0, 0)
  [47950] MISMATCH w5:426 out[0] non-finite mismatch (nan/inf positions differ)
  [47971] MISMATCH w5:453 out[0] non-finite mismatch (nan/inf positions differ)
  [t=1816s] 47984/83534 (26.4/s)  ok=46263 mism=898 crash=260 timeout=0 skip=563  |  inflight=48
  [t=1819s] 47984/83534 (26.4/s)  ok=46263 mism=898 crash=260 timeout=0 skip=563  |  inflight=48
  [48044] MISMATCH w5:532 out[0] max|delta|=1.678e+07 (rtol=0.0 atol=0.0)
  [48084] MISMATCH w5:573 out[0] max|delta|=1.678e+07 (rtol=0.0 atol=0.0)
  [48167] MISMATCH w5:657 out[0] non-finite mismatch (nan/inf positions differ)
  [48186] MISMATCH w5:684 out[0] non-finite mismatch (nan/inf positions differ)
  [48198] MISMATCH w5:70 out[0] max|delta|=1.342e+10 (rtol=0.0 atol=0.0)
  [48249] MISMATCH w5:764 out[0] non-finite mismatch (nan/inf positions differ)
  [48265] MISMATCH w5:777 out[0] max|delta|=1.342e+10 (rtol=0.0 atol=0.0)
  [48273] MISMATCH w5:80 out[0] non-finite mismatch (nan/inf positions differ)
  [48274] MISMATCH w5:84 out[0] max|delta|=1.678e+07 (rtol=0.0 atol=0.0)
  [48320] MISMATCH w50:129 out[0] max|delta|=1.342e+10 (rtol=0.0 atol=0.0)
  [48412] MISMATCH w50:23 out[0] non-finite mismatch (nan/inf positions differ)
  [48423] MISMATCH w50:229 out[0] shape (1, 1) vs (0, 0)
  [48435] MISMATCH w50:254 out[0] max|delta|=2.093e+20 (rtol=0.01 atol=0.001)
  [48545] MISMATCH w50:374 out[0] max|delta|=1.342e+10 (rtol=0.0 atol=0.0)
  [48573] MISMATCH w50:401 out[0] max|delta|=1.342e+10 (rtol=0.0 atol=0.0)
  [48640] MISMATCH w50:460 out[0] shape (0, 0, 0, 0) vs (0, 0, 0, 0, 0)
  [48651] MISMATCH w50:485 out[0] non-finite mismatch (nan/inf positions differ)
  [48716] CRASH    w5:268 executor died (native abort)
  [48848] MISMATCH w50:691 out[0] shape (0, 0, 0, 0) vs (0, 0, 0, 0, 0)
  [48866] MISMATCH w50:716 out[0] non-finite mismatch (nan/inf positions differ)
  [49041] MISMATCH w51:208 out[0] max|delta|=7.205e+16 (rtol=0.0 atol=0.0)
  [49070] MISMATCH w51:237 out[0] non-finite mismatch (nan/inf positions differ)
  [49097] MISMATCH w51:267 out[0] shape (0, 1, 1, 1) vs (0, 0, 0, 0, 0)
  [49119] MISMATCH w51:292 out[0] non-finite mismatch (nan/inf positions differ)
  [49180] MISMATCH w51:36 out[0] shape (0, 0) vs (0, 0, 0, 0, 0)
  [49256] MISMATCH w51:439 out[0] max|delta|=5.369e+08 (rtol=0.0 atol=0.0)
  [49337] MISMATCH w51:523 out[0] non-finite mismatch (nan/inf positions differ)
  [49341] MISMATCH w51:528 out[0] max|delta|=1.000e+00 (rtol=0.0 atol=0.0)
  [49413] MISMATCH w51:61 out[0] max|delta|=2.096e+20 (rtol=0.01 atol=0.001)
  [49432] MISMATCH w51:629 out[0] max|delta|=1.342e+10 (rtol=0.0 atol=0.0)
  [49552] MISMATCH w51:754 out[0] non-finite mismatch (nan/inf positions differ)
  [49586] MISMATCH w51:86 out[0] shape (1, 1) vs (0, 0, 0)
  [49615] MISMATCH w52:117 out[0] non-finite mismatch (nan/inf positions differ)
  [49641] MISMATCH w52:142 out[0] shape (1, 1, 1, 1) vs (0, 0, 0, 0, 0)
  [49656] MISMATCH w52:159 out[0] shape (1, 1, 1) vs (0, 0, 0, 0)
  [t=1822s] 49735/83534 (27.3/s)  ok=47960 mism=932 crash=261 timeout=0 skip=582  |  inflight=48
  [t=1825s] 49735/83534 (27.3/s)  ok=47960 mism=932 crash=261 timeout=0 skip=582  |  inflight=48
  [49741] CRASH    w51:596 executor died (native abort)
  [49743] CRASH    w51:365 executor died (native abort)
  [49745] CRASH    w50:563 executor died (native abort)
  [49746] CRASH    w5:730 executor died (native abort)
  [49747] CRASH    w51:139 executor died (native abort)
  [49748] CRASH    w50:327 executor died (native abort)
  [49750] CRASH    w51:780 executor died (native abort)
  [49768] CRASH    w5:735 executor died (native abort)
  [49769] MISMATCH w52:278 out[0] max|delta|=1.855e-02 (rtol=0.01 atol=0.001)
  [49779] CRASH    w50:101 executor died (native abort)
  [49782] MISMATCH w52:293 out[0] non-finite mismatch (nan/inf positions differ)
  [49786] CRASH    w51:143 executor died (native abort)
  [49789] CRASH    w52:190 executor died (native abort)
  [49817] MISMATCH w52:33 out[0] max|delta|=7.205e+16 (rtol=0.0 atol=0.0)
  [49832] CRASH    w5:499 executor died (native abort)
  [49833] MISMATCH w52:348 out[0] non-finite mismatch (nan/inf positions differ)
  [t=1828s] 49882/83534 (27.3/s)  ok=48091 mism=936 crash=273 timeout=0 skip=582  |  inflight=48
  [t=1831s] 49882/83534 (27.2/s)  ok=48091 mism=936 crash=273 timeout=0 skip=582  |  inflight=48
  [t=1834s] 49883/83534 (27.2/s)  ok=48092 mism=936 crash=273 timeout=0 skip=582  |  inflight=48
  [t=1838s] 49884/83534 (27.1/s)  ok=48093 mism=936 crash=273 timeout=0 skip=582  |  inflight=48
  [t=1841s] 49885/83534 (27.1/s)  ok=48094 mism=936 crash=273 timeout=0 skip=582  |  inflight=48
  [t=1844s] 49885/83534 (27.1/s)  ok=48094 mism=936 crash=273 timeout=0 skip=582  |  inflight=48
  [t=1847s] 49886/83534 (27.0/s)  ok=48095 mism=936 crash=273 timeout=0 skip=582  |  inflight=48
  [t=1850s] 49886/83534 (27.0/s)  ok=48095 mism=936 crash=273 timeout=0 skip=582  |  inflight=48
  [t=1853s] 49886/83534 (26.9/s)  ok=48095 mism=936 crash=273 timeout=0 skip=582  |  inflight=48
  [t=1856s] 49888/83534 (26.9/s)  ok=48097 mism=936 crash=273 timeout=0 skip=582  |  inflight=48
  [t=1860s] 49889/83534 (26.8/s)  ok=48098 mism=936 crash=273 timeout=0 skip=582  |  inflight=48
  [t=1863s] 49890/83534 (26.8/s)  ok=48099 mism=936 crash=273 timeout=0 skip=582  |  inflight=48
  [t=1866s] 49890/83534 (26.7/s)  ok=48099 mism=936 crash=273 timeout=0 skip=582  |  inflight=48
  [t=1869s] 49891/83534 (26.7/s)  ok=48100 mism=936 crash=273 timeout=0 skip=582  |  inflight=48
  [t=1872s] 49893/83534 (26.6/s)  ok=48102 mism=936 crash=273 timeout=0 skip=582  |  inflight=48
  [t=1876s] 49894/83534 (26.6/s)  ok=48103 mism=936 crash=273 timeout=0 skip=582  |  inflight=48
  [t=1879s] 49894/83534 (26.6/s)  ok=48103 mism=936 crash=273 timeout=0 skip=582  |  inflight=48
  [t=1882s] 49898/83534 (26.5/s)  ok=48107 mism=936 crash=273 timeout=0 skip=582  |  inflight=48
  [49932] MISMATCH w52:454 out[0] max|delta|=9.600e+01 (rtol=0.0 atol=0.0)
  [t=1885s] 49972/83534 (26.5/s)  ok=48179 mism=937 crash=273 timeout=0 skip=583  |  inflight=48
  [t=1888s] 49972/83534 (26.5/s)  ok=48179 mism=937 crash=273 timeout=0 skip=583  |  inflight=48
  [t=1892s] 49994/83534 (26.4/s)  ok=48201 mism=937 crash=273 timeout=0 skip=583  |  inflight=48
  [t=1895s] 49994/83534 (26.4/s)  ok=48201 mism=937 crash=273 timeout=0 skip=583  |  inflight=48
  [49998] MISMATCH w52:524 out[0] max|delta|=1.678e+07 (rtol=0.0 atol=0.0)
  [t=1898s] 50011/83534 (26.3/s)  ok=48216 mism=938 crash=273 timeout=0 skip=584  |  inflight=48
  [50023] MISMATCH w52:554 out[0] shape (0, 0, 0, 0) vs (0, 0, 0, 0, 0)
  [50045] MISMATCH w52:579 out[0] non-finite mismatch (nan/inf positions differ)
  [t=1901s] 50072/83534 (26.3/s)  ok=48274 mism=940 crash=273 timeout=0 skip=585  |  inflight=47
  [50090] MISMATCH w52:62 out[0] max|delta|=1.342e+10 (rtol=0.0 atol=0.0)
  [50152] MISMATCH w52:685 out[0] max|delta|=1.342e+10 (rtol=0.0 atol=0.0)
  [50190] MISMATCH w52:726 out[0] max|delta|=1.342e+10 (rtol=0.0 atol=0.0)
  [50273] MISMATCH w52:92 out[0] shape (1,) vs (0, 0, 0, 0)
  [50291] MISMATCH w53:128 out[0] shape (1, 1, 1, 0) vs (0, 0, 0, 0, 0)
  [50319] MISMATCH w53:153 out[0] non-finite mismatch (nan/inf positions differ)
  [t=1905s] 50394/83534 (26.5/s)  ok=48587 mism=946 crash=273 timeout=0 skip=588  |  inflight=48
  [50429] MISMATCH w53:273 out[0] max|delta|=1.678e+07 (rtol=0.0 atol=0.0)
  [50454] MISMATCH w53:300 out[0] max|delta|=1.342e+10 (rtol=0.0 atol=0.0)
  [50522] MISMATCH w53:359 out[0] shape (1, 1, 1, 1) vs (0, 0, 0, 0, 0)
  [50537] MISMATCH w53:384 out[0] non-finite mismatch (nan/inf positions differ)
  [50626] MISMATCH w53:490 out[0] max|delta|=1.342e+10 (rtol=0.0 atol=0.0)
  [50656] MISMATCH w53:520 out[0] max|delta|=1.000e+00 (rtol=0.0 atol=0.0)
  [50668] MISMATCH w53:531 out[0] max|delta|=1.342e+10 (rtol=0.0 atol=0.0)
  [50704] CRASH    w52:652 executor died (native abort)
  [50705] CRASH    w52:657 executor died (native abort)
  [t=1908s] 50705/83534 (26.6/s)  ok=48885 mism=953 crash=275 timeout=0 skip=592  |  inflight=48
  [50720] MISMATCH w53:590 out[0] shape (0, 0, 0, 0) vs (0, 0, 0, 0, 0)
  [t=1911s] 50733/83534 (26.5/s)  ok=48912 mism=954 crash=275 timeout=0 skip=592  |  inflight=48
  [t=1914s] 50733/83534 (26.5/s)  ok=48912 mism=954 crash=275 timeout=0 skip=592  |  inflight=48
  [t=1917s] 50737/83534 (26.5/s)  ok=48916 mism=954 crash=275 timeout=0 skip=592  |  inflight=48
  [50815] CRASH    w53:231 executor died (native abort)
  [50816] CRASH    w53:226 executor died (native abort)
  [50845] MISMATCH w53:721 out[0] max|delta|=1.342e+10 (rtol=0.0 atol=0.0)
  [50877] MISMATCH w53:762 out[0] max|delta|=1.342e+10 (rtol=0.0 atol=0.0)
  [50892] CRASH    w53:457 executor died (native abort)
  [50922] MISMATCH w54:10 out[0] shape () vs (0, 0, 0, 0, 0)
  [51030] MISMATCH w54:216 out[0] non-finite mismatch (nan/inf positions differ)
  [51059] MISMATCH w54:241 out[0] shape (1, 1, 1, 1) vs (0, 0, 0, 0, 0)
  [51128] MISMATCH w54:322 out[0] max|delta|=7.206e+16 (rtol=0.0 atol=0.0)
  [51217] MISMATCH w54:422 out[0] shape (0, 0, 0, 0) vs (0, 0, 0, 0, 0)
  [51240] MISMATCH w54:447 out[0] non-finite mismatch (nan/inf positions differ)
  [51338] MISMATCH w54:553 out[0] max|delta|=1.342e+10 (rtol=0.0 atol=0.0)
  [51377] MISMATCH w54:594 out[0] max|delta|=1.342e+10 (rtol=0.0 atol=0.0)
  [51405] MISMATCH w54:623 out[0] max|delta|=1.678e+07 (rtol=0.0 atol=0.0)
  [51434] MISMATCH w54:653 out[0] shape (0,) vs (0, 0, 0, 0, 0)
  [51454] MISMATCH w54:678 out[0] non-finite mismatch (nan/inf positions differ)
  [t=1920s] 51456/83534 (26.8/s)  ok=49600 mism=967 crash=278 timeout=0 skip=611  |  inflight=47
  [51563] MISMATCH w54:91 out[0] max|delta|=1.342e+10 (rtol=0.0 atol=0.0)
  [51615] MISMATCH w55:148 out[0] shape (0, 0, 0, 0) vs (0, 0, 0, 0, 0)
  [51736] MISMATCH w55:279 out[0] max|delta|=1.342e+10 (rtol=0.0 atol=0.0)
  [51856] MISMATCH w55:404 out[0] non-finite mismatch (nan/inf positions differ)
  [t=1924s] 51881/83534 (27.0/s)  ok=50017 mism=971 crash=278 timeout=0 skip=615  |  inflight=48
  [t=1927s] 51895/83534 (26.9/s)  ok=50031 mism=971 crash=278 timeout=0 skip=615  |  inflight=48
  [t=1930s] 51897/83534 (26.9/s)  ok=50033 mism=971 crash=278 timeout=0 skip=615  |  inflight=48
  [t=1933s] 51897/83534 (26.8/s)  ok=50033 mism=971 crash=278 timeout=0 skip=615  |  inflight=48
  [51907] CRASH    w54:294 executor died (native abort)
  [51909] CRASH    w54:520 executor died (native abort)
  [51910] CRASH    w55:15 executor died (native abort)
  [51911] CRASH    w54:613 executor died (native abort)
  [51913] CRASH    w55:246 executor died (native abort)
  [51924] MISMATCH w55:48 out[0] max|delta|=1.342e+10 (rtol=0.0 atol=0.0)
  [51927] CRASH    w53:756 executor died (native abort)
  [51936] CRASH    w54:58 executor died (native abort)
  [51965] CRASH    w53:693 executor died (native abort)
  [52073] MISMATCH w55:640 out[0] max|delta|=1.000e+00 (rtol=0.0 atol=0.0)
  [t=1936s] 52150/83534 (26.9/s)  ok=50267 mism=973 crash=286 timeout=0 skip=624  |  inflight=48
  [t=1939s] 52150/83534 (26.9/s)  ok=50267 mism=973 crash=286 timeout=0 skip=624  |  inflight=48
  [t=1943s] 52151/83534 (26.8/s)  ok=50268 mism=973 crash=286 timeout=0 skip=624  |  inflight=48
  [t=1946s] 52152/83534 (26.8/s)  ok=50269 mism=973 crash=286 timeout=0 skip=624  |  inflight=48
  [t=1949s] 52153/83534 (26.8/s)  ok=50270 mism=973 crash=286 timeout=0 skip=624  |  inflight=48
  [t=1952s] 52153/83534 (26.7/s)  ok=50270 mism=973 crash=286 timeout=0 skip=624  |  inflight=48
  [t=1955s] 52153/83534 (26.7/s)  ok=50270 mism=973 crash=286 timeout=0 skip=624  |  inflight=48
  [t=1958s] 52154/83534 (26.6/s)  ok=50271 mism=973 crash=286 timeout=0 skip=624  |  inflight=48
  [t=1961s] 52154/83534 (26.6/s)  ok=50271 mism=973 crash=286 timeout=0 skip=624  |  inflight=48
  [t=1964s] 52154/83534 (26.5/s)  ok=50271 mism=973 crash=286 timeout=0 skip=624  |  inflight=48
  [t=1967s] 52154/83534 (26.5/s)  ok=50271 mism=973 crash=286 timeout=0 skip=624  |  inflight=48
  [t=1970s] 52154/83534 (26.5/s)  ok=50271 mism=973 crash=286 timeout=0 skip=624  |  inflight=48
  [t=1973s] 52154/83534 (26.4/s)  ok=50271 mism=973 crash=286 timeout=0 skip=624  |  inflight=48
  [52158] CRASH    w55:713 executor died (native abort)
  [52159] CRASH    w55:726 executor died (native abort)
  [52166] CRASH    w55:477 executor died (native abort)
  [52167] MISMATCH w55:741 out[0] max|delta|=1.342e+10 (rtol=0.0 atol=0.0)
  [t=1977s] 52168/83534 (26.4/s)  ok=50281 mism=974 crash=289 timeout=0 skip=624  |  inflight=48
  [t=1980s] 52168/83534 (26.4/s)  ok=50281 mism=974 crash=289 timeout=0 skip=624  |  inflight=48
  [t=1983s] 52171/83534 (26.3/s)  ok=50284 mism=974 crash=289 timeout=0 skip=624  |  inflight=48
  [t=1986s] 52172/83534 (26.3/s)  ok=50285 mism=974 crash=289 timeout=0 skip=624  |  inflight=48
  [t=1989s] 52172/83534 (26.2/s)  ok=50285 mism=974 crash=289 timeout=0 skip=624  |  inflight=48
  [t=1992s] 52172/83534 (26.2/s)  ok=50285 mism=974 crash=289 timeout=0 skip=624  |  inflight=48
  [52216] MISMATCH w55:89 out[0] max|delta|=1.342e+10 (rtol=0.0 atol=0.0)
  [52249] MISMATCH w56:120 out[0] shape (0, 1, 1, 1, 1) vs (0, 0, 0, 0, 0)
  [52276] MISMATCH w56:150 out[0] max|delta|=1.000e+00 (rtol=0.0 atol=0.0)
  [52297] MISMATCH w56:170 out[0] shape (1, 1) vs (0, 0, 0, 0, 0)
  [52370] MISMATCH w56:251 out[0] max|delta|=1.342e+10 (rtol=0.0 atol=0.0)
  [t=1995s] 52424/83534 (26.3/s)  ok=50530 mism=979 crash=289 timeout=0 skip=626  |  inflight=47
  [52465] MISMATCH w56:351 out[0] shape (0, 0, 0, 0) vs (0, 0, 0, 0, 0)
  [52485] MISMATCH w56:376 out[0] non-finite mismatch (nan/inf positions differ)
  [52510] MISMATCH w56:4 out[0] non-finite mismatch (nan/inf positions differ)
  [52603] MISMATCH w56:496 out[0] max|delta|=1.342e+10 (rtol=0.0 atol=0.0)
  [52632] MISMATCH w56:523 out[0] max|delta|=1.342e+10 (rtol=0.0 atol=0.0)
  [52649] MISMATCH w56:537 out[0] max|delta|=1.855e-02 (rtol=0.01 atol=0.001)
  [52689] MISMATCH w56:582 out[0] max|delta|=7.000e+00 (rtol=0.0 atol=0.0)
  [52710] MISMATCH w56:607 out[0] non-finite mismatch (nan/inf positions differ)
  [52713] MISMATCH w56:61 out[0] max|delta|=1.678e+07 (rtol=0.0 atol=0.0)
  [52767] MISMATCH w56:649 out[0] shape (1, 1, 1, 1, 1) vs (0, 0, 0, 0, 0)
  [52805] MISMATCH w56:713 out[0] max|delta|=1.342e+10 (rtol=0.0 atol=0.0)
  [52849] MISMATCH w56:754 out[0] max|delta|=1.342e+10 (rtol=0.0 atol=0.0)
  [52921] MISMATCH w57:13 out[0] max|delta|=1.678e+07 (rtol=0.0 atol=0.0)
  [52924] MISMATCH w57:138 out[0] max|delta|=3.554e+20 (rtol=0.01 atol=0.001)
  [53064] MISMATCH w57:285 out[0] max|delta|=1.342e+10 (rtol=0.0 atol=0.0)
  [53078] MISMATCH w57:299 out[0] non-finite mismatch (nan/inf positions differ)
  [53141] MISMATCH w57:369 out[0] non-finite mismatch (nan/inf positions differ)
  [53164] MISMATCH w57:394 out[0] shape (1, 1) vs (0, 0, 0, 0, 0)
  [53250] MISMATCH w57:489 out[0] max|delta|=1.342e+10 (rtol=0.0 atol=0.0)
  [53278] MISMATCH w57:516 out[0] max|delta|=1.342e+10 (rtol=0.0 atol=0.0)
  [53300] MISMATCH w57:54 out[0] max|delta|=1.342e+10 (rtol=0.0 atol=0.0)
  [53305] MISMATCH w57:545 out[0] max|delta|=1.342e+10 (rtol=0.0 atol=0.0)
  [53449] MISMATCH w57:706 out[0] max|delta|=1.342e+10 (rtol=0.0 atol=0.0)
  [53488] MISMATCH w57:747 out[0] max|delta|=1.678e+07 (rtol=0.0 atol=0.0)
  [53644] MISMATCH w58:205 out[0] max|delta|=1.342e+10 (rtol=0.0 atol=0.0)
  [53646] MISMATCH w58:206 out[0] max|delta|=1.000e+00 (rtol=0.01 atol=0.001)
  [53724] MISMATCH w58:29 out[0] non-finite mismatch (nan/inf positions differ)
  [53745] MISMATCH w58:305 out[0] shape (0, 0, 0) vs (0, 0, 0, 0, 0)
  [53760] MISMATCH w58:330 out[0] non-finite mismatch (nan/inf positions differ)
  [53862] MISMATCH w58:44 out[0] max|delta|=1.342e+10 (rtol=0.0 atol=0.0)
  [53871] MISMATCH w58:450 out[0] max|delta|=1.678e+07 (rtol=0.0 atol=0.0)
  [53983] MISMATCH w58:561 out[0] non-finite mismatch (nan/inf positions differ)
  [54067] MISMATCH w58:667 out[0] max|delta|=1.342e+10 (rtol=0.0 atol=0.0)
  [54106] MISMATCH w58:708 out[0] max|delta|=1.342e+10 (rtol=0.0 atol=0.0)
  [54194] MISMATCH w58:99 out[0] non-finite mismatch (nan/inf positions differ)
  [54254] MISMATCH w59:160 out[0] shape (0, 0, 0, 0) vs (0, 0, 0, 0, 0)
  [54277] MISMATCH w59:185 out[0] non-finite mismatch (nan/inf positions differ)
  [54407] MISMATCH w59:332 out[0] max|delta|=1.342e+10 (rtol=0.0 atol=0.0)
  [t=1998s] 54416/83534 (27.2/s)  ok=52452 mism=1017 crash=289 timeout=0 skip=658  |  inflight=47
  [54440] CRASH    w56:468 executor died (native abort)
  [54461] MISMATCH w59:391 out[0] max|delta|=1.000e+00 (rtol=0.0 atol=0.0)
  [54493] CRASH    w56:454 executor died (native abort)
  [54509] MISMATCH w59:441 out[0] shape (1,) vs (0, 0, 0, 0, 0)
  [54518] CRASH    w57:673 executor died (native abort)
  [54524] MISMATCH w59:458 out[0] shape () vs (0, 0, 0, 0, 0)
  [54550] CRASH    w56:218 executor died (native abort)
  [54551] CRASH    w56:223 executor died (native abort)
  [t=2002s] 54551/83534 (27.3/s)  ok=52578 mism=1020 crash=294 timeout=0 skip=659  |  inflight=48
  [t=2005s] 54551/83534 (27.2/s)  ok=52578 mism=1020 crash=294 timeout=0 skip=659  |  inflight=48
  [t=2008s] 54551/83534 (27.2/s)  ok=52578 mism=1020 crash=294 timeout=0 skip=659  |  inflight=48
  [t=2011s] 54551/83534 (27.1/s)  ok=52578 mism=1020 crash=294 timeout=0 skip=659  |  inflight=48
  [t=2014s] 54551/83534 (27.1/s)  ok=52578 mism=1020 crash=294 timeout=0 skip=659  |  inflight=48
  [t=2017s] 54551/83534 (27.0/s)  ok=52578 mism=1020 crash=294 timeout=0 skip=659  |  inflight=48
  [t=2020s] 54551/83534 (27.0/s)  ok=52578 mism=1020 crash=294 timeout=0 skip=659  |  inflight=48
  [54552] CRASH    w58:403 executor died (native abort)
  [54553] CRASH    w57:447 executor died (native abort)
  [t=2023s] 54553/83534 (27.0/s)  ok=52578 mism=1020 crash=296 timeout=0 skip=659  |  inflight=48
  [t=2026s] 54553/83534 (26.9/s)  ok=52578 mism=1020 crash=296 timeout=0 skip=659  |  inflight=48
  [t=2029s] 54553/83534 (26.9/s)  ok=52578 mism=1020 crash=296 timeout=0 skip=659  |  inflight=48
  [t=2032s] 54553/83534 (26.8/s)  ok=52578 mism=1020 crash=296 timeout=0 skip=659  |  inflight=48
  [t=2035s] 54553/83534 (26.8/s)  ok=52578 mism=1020 crash=296 timeout=0 skip=659  |  inflight=48
  [54554] CRASH    w59:258 executor died (native abort)
  [54555] CRASH    w59:489 executor died (native abort)
  [54556] CRASH    w56:716 executor died (native abort)
  [54557] CRASH    w58:634 executor died (native abort)
  [54558] CRASH    w58:639 executor died (native abort)
  [54559] CRASH    w59:32 executor died (native abort)
  [54560] CRASH    w58:193 executor died (native abort)
  [t=2038s] 54560/83534 (26.8/s)  ok=52578 mism=1020 crash=303 timeout=0 skip=659  |  inflight=48
  [t=2041s] 54560/83534 (26.7/s)  ok=52578 mism=1020 crash=303 timeout=0 skip=659  |  inflight=48
  [t=2044s] 54560/83534 (26.7/s)  ok=52578 mism=1020 crash=303 timeout=0 skip=659  |  inflight=48
  [t=2047s] 54560/83534 (26.7/s)  ok=52578 mism=1020 crash=303 timeout=0 skip=659  |  inflight=48
  [t=2050s] 54560/83534 (26.6/s)  ok=52578 mism=1020 crash=303 timeout=0 skip=659  |  inflight=48
  [t=2053s] 54560/83534 (26.6/s)  ok=52578 mism=1020 crash=303 timeout=0 skip=659  |  inflight=48
  [t=2056s] 54560/83534 (26.5/s)  ok=52578 mism=1020 crash=303 timeout=0 skip=659  |  inflight=48
  [t=2059s] 54560/83534 (26.5/s)  ok=52578 mism=1020 crash=303 timeout=0 skip=659  |  inflight=48
  [t=2062s] 54560/83534 (26.5/s)  ok=52578 mism=1020 crash=303 timeout=0 skip=659  |  inflight=48
  [t=2065s] 54560/83534 (26.4/s)  ok=52578 mism=1020 crash=303 timeout=0 skip=659  |  inflight=48
  [t=2068s] 54560/83534 (26.4/s)  ok=52578 mism=1020 crash=303 timeout=0 skip=659  |  inflight=48
  [t=2071s] 54560/83534 (26.3/s)  ok=52578 mism=1020 crash=303 timeout=0 skip=659  |  inflight=48
  [t=2074s] 54560/83534 (26.3/s)  ok=52578 mism=1020 crash=303 timeout=0 skip=659  |  inflight=48
  [t=2077s] 54560/83534 (26.3/s)  ok=52578 mism=1020 crash=303 timeout=0 skip=659  |  inflight=48
  [t=2080s] 54560/83534 (26.2/s)  ok=52578 mism=1020 crash=303 timeout=0 skip=659  |  inflight=48
  [t=2083s] 54560/83534 (26.2/s)  ok=52578 mism=1020 crash=303 timeout=0 skip=659  |  inflight=48
  [t=2086s] 54560/83534 (26.2/s)  ok=52578 mism=1020 crash=303 timeout=0 skip=659  |  inflight=48
  [t=2090s] 54570/83534 (26.1/s)  ok=52588 mism=1020 crash=303 timeout=0 skip=659  |  inflight=48
  [54600] MISMATCH w59:536 out[0] max|delta|=1.342e+10 (rtol=0.0 atol=0.0)
  [54632] MISMATCH w59:563 out[0] max|delta|=1.342e+10 (rtol=0.0 atol=0.0)
  [54803] MISMATCH w59:753 out[0] max|delta|=1.342e+10 (rtol=0.0 atol=0.0)
  [54932] MISMATCH w6:163 out[0] shape (1,) vs (0, 0, 0, 0, 0)
  [54941] MISMATCH w6:188 out[0] non-finite mismatch (nan/inf positions differ)
  [54959] MISMATCH w6:215 out[0] non-finite mismatch (nan/inf positions differ)
  [55075] MISMATCH w6:335 out[0] max|delta|=7.206e+16 (rtol=0.0 atol=0.0)
  [t=2093s] 55085/83534 (26.3/s)  ok=53091 mism=1027 crash=303 timeout=0 skip=664  |  inflight=47
  [55145] MISMATCH w6:419 out[0] non-finite mismatch (nan/inf positions differ)
  [55169] MISMATCH w6:446 out[0] non-finite mismatch (nan/inf positions differ)
  [55243] MISMATCH w6:525 out[0] max|delta|=7.205e+16 (rtol=0.0 atol=0.0)
  [55284] MISMATCH w6:566 out[0] max|delta|=5.369e+08 (rtol=0.0 atol=0.0)
  [55309] MISMATCH w6:595 out[0] non-finite mismatch (nan/inf positions differ)
  [55342] MISMATCH w6:63 out[0] max|delta|=1.342e+10 (rtol=0.0 atol=0.0)
  [55353] MISMATCH w6:625 out[0] shape (1, 1, 1, 1) vs (0, 0, 0, 0, 0)
  [55361] MISMATCH w6:650 out[0] non-finite mismatch (nan/inf positions differ)
  [55363] MISMATCH w6:655 out[0] max|delta|=3.277e+04 (rtol=0.0 atol=0.0)
  [55385] MISMATCH w6:677 out[0] non-finite mismatch (nan/inf positions differ)
  [55435] MISMATCH w6:74 out[0] max|delta|=1.000e+00 (rtol=0.0 atol=0.0)
  [55456] MISMATCH w6:756 out[0] max|delta|=1.342e+10 (rtol=0.0 atol=0.0)
  [55515] MISMATCH w60:117 out[0] max|delta|=1.342e+10 (rtol=0.0 atol=0.0)
  [55620] MISMATCH w60:217 out[0] shape (1, 1) vs (0, 0, 0, 0, 0)
  [55631] MISMATCH w60:242 out[0] max|delta|=2.098e+20 (rtol=0.01 atol=0.001)
  [55667] MISMATCH w60:267 out[0] shape () vs (0,)
  [55730] MISMATCH w60:348 out[0] max|delta|=1.678e+07 (rtol=0.0 atol=0.0)
  [55750] MISMATCH w60:36 out[0] shape (1,) vs (0, 0, 0, 0, 0)
  [55768] MISMATCH w60:389 out[0] max|delta|=1.342e+10 (rtol=0.0 atol=0.0)
  [55832] MISMATCH w60:448 out[0] shape (1, 1, 1) vs (0, 0, 0)
  [55850] MISMATCH w60:473 out[0] non-finite mismatch (nan/inf positions differ)
  [56006] MISMATCH w60:649 out[0] max|delta|=1.342e+10 (rtol=0.0 atol=0.0)
  [56216] MISMATCH w61:18 out[0] max|delta|=1.342e+10 (rtol=0.0 atol=0.0)
  [56228] MISMATCH w61:193 out[0] non-finite mismatch (nan/inf positions differ)
  [56283] MISMATCH w61:249 out[0] max|delta|=1.678e+07 (rtol=0.0 atol=0.0)
  [56309] MISMATCH w61:279 out[0] shape (0, 0, 0, 0) vs (0, 0, 0, 0, 0)
  [56333] MISMATCH w61:304 out[0] non-finite mismatch (nan/inf positions differ)
  [56438] MISMATCH w61:424 out[0] max|delta|=1.342e+10 (rtol=0.0 atol=0.0)
  [56479] MISMATCH w61:465 out[0] non-finite mismatch (nan/inf positions differ)
  [56520] MISMATCH w61:510 out[0] shape (1,) vs (0, 0, 0, 0, 0)
  [56534] CRASH    w6:261 executor died (native abort)
  [56542] MISMATCH w61:535 out[0] non-finite mismatch (nan/inf positions differ)
  [56608] CRASH    w60:315 executor died (native abort)
  [56609] CRASH    w60:777 executor died (native abort)
  [56610] CRASH    w61:377 executor died (native abort)
  [t=2096s] 56610/83534 (27.0/s)  ok=54566 mism=1058 crash=307 timeout=0 skip=679  |  inflight=47
  [56611] CRASH    w61:382 executor died (native abort)
  [t=2099s] 56611/83534 (27.0/s)  ok=54566 mism=1058 crash=308 timeout=0 skip=679  |  inflight=48
  [t=2102s] 56611/83534 (26.9/s)  ok=54566 mism=1058 crash=308 timeout=0 skip=679  |  inflight=48
  [t=2105s] 56611/83534 (26.9/s)  ok=54566 mism=1058 crash=308 timeout=0 skip=679  |  inflight=48
  [t=2108s] 56611/83534 (26.9/s)  ok=54566 mism=1058 crash=308 timeout=0 skip=679  |  inflight=48
  [t=2111s] 56611/83534 (26.8/s)  ok=54566 mism=1058 crash=308 timeout=0 skip=679  |  inflight=48
  [t=2114s] 56611/83534 (26.8/s)  ok=54566 mism=1058 crash=308 timeout=0 skip=679  |  inflight=48
  [t=2117s] 56611/83534 (26.7/s)  ok=54566 mism=1058 crash=308 timeout=0 skip=679  |  inflight=48
  [56612] CRASH    w6:723 executor died (native abort)
  [56613] CRASH    w59:720 executor died (native abort)
  [56614] CRASH    w59:494 executor died (native abort)
  [56615] CRASH    w60:560 executor died (native abort)
  [56616] CRASH    w61:146 executor died (native abort)
  [56617] CRASH    w6:35 executor died (native abort)
  [56618] CRASH    w60:84 executor died (native abort)
  [56619] CRASH    w61:608 executor died (native abort)
  [t=2120s] 56619/83534 (26.7/s)  ok=54566 mism=1058 crash=316 timeout=0 skip=679  |  inflight=48
  [t=2123s] 56619/83534 (26.7/s)  ok=54566 mism=1058 crash=316 timeout=0 skip=679  |  inflight=48
  [t=2126s] 56619/83534 (26.6/s)  ok=54566 mism=1058 crash=316 timeout=0 skip=679  |  inflight=48
  [t=2129s] 56619/83534 (26.6/s)  ok=54566 mism=1058 crash=316 timeout=0 skip=679  |  inflight=48
  [t=2132s] 56619/83534 (26.6/s)  ok=54566 mism=1058 crash=316 timeout=0 skip=679  |  inflight=48
  [t=2135s] 56619/83534 (26.5/s)  ok=54566 mism=1058 crash=316 timeout=0 skip=679  |  inflight=48
  [t=2138s] 56619/83534 (26.5/s)  ok=54566 mism=1058 crash=316 timeout=0 skip=679  |  inflight=48
  [t=2141s] 56619/83534 (26.4/s)  ok=54566 mism=1058 crash=316 timeout=0 skip=679  |  inflight=48
  [t=2144s] 56619/83534 (26.4/s)  ok=54566 mism=1058 crash=316 timeout=0 skip=679  |  inflight=48
  [t=2147s] 56619/83534 (26.4/s)  ok=54566 mism=1058 crash=316 timeout=0 skip=679  |  inflight=48
  [t=2150s] 56619/83534 (26.3/s)  ok=54566 mism=1058 crash=316 timeout=0 skip=679  |  inflight=48
  [t=2153s] 56619/83534 (26.3/s)  ok=54566 mism=1058 crash=316 timeout=0 skip=679  |  inflight=48
  [t=2156s] 56619/83534 (26.3/s)  ok=54566 mism=1058 crash=316 timeout=0 skip=679  |  inflight=48
  [t=2159s] 56619/83534 (26.2/s)  ok=54566 mism=1058 crash=316 timeout=0 skip=679  |  inflight=48
  [t=2162s] 56619/83534 (26.2/s)  ok=54566 mism=1058 crash=316 timeout=0 skip=679  |  inflight=48
  [56620] CRASH    w6:728 executor died (native abort)
  [t=2166s] 56620/83534 (26.1/s)  ok=54566 mism=1058 crash=317 timeout=0 skip=679  |  inflight=48
  [t=2169s] 56620/83534 (26.1/s)  ok=54566 mism=1058 crash=317 timeout=0 skip=679  |  inflight=48
  [t=2172s] 56620/83534 (26.1/s)  ok=54566 mism=1058 crash=317 timeout=0 skip=679  |  inflight=48
  [t=2175s] 56624/83534 (26.0/s)  ok=54570 mism=1058 crash=317 timeout=0 skip=679  |  inflight=48
  [t=2178s] 56640/83534 (26.0/s)  ok=54586 mism=1058 crash=317 timeout=0 skip=679  |  inflight=48
  [56680] MISMATCH w61:682 out[0] max|delta|=1.342e+10 (rtol=0.0 atol=0.0)
  [t=2181s] 56685/83534 (26.0/s)  ok=54630 mism=1059 crash=317 timeout=0 skip=679  |  inflight=48
  [56705] MISMATCH w61:711 out[0] max|delta|=1.342e+10 (rtol=0.0 atol=0.0)
  [56723] MISMATCH w61:73 out[0] non-finite mismatch (nan/inf positions differ)
  [56756] MISMATCH w61:766 out[0] non-finite mismatch (nan/inf positions differ)
  [t=2184s] 56785/83534 (26.0/s)  ok=54726 mism=1062 crash=317 timeout=0 skip=680  |  inflight=47
  [56841] MISMATCH w62:155 out[0] max|delta|=1.342e+10 (rtol=0.0 atol=0.0)
  [56931] MISMATCH w62:24 out[0] shape (1, 1) vs (0, 0, 0, 0, 0)
  [56963] MISMATCH w62:280 out[0] non-finite mismatch (nan/inf positions differ)
  [t=2187s] 57047/83534 (26.1/s)  ok=54980 mism=1065 crash=317 timeout=0 skip=685  |  inflight=48
  [57063] MISMATCH w62:386 out[0] max|delta|=1.342e+10 (rtol=0.0 atol=0.0)
  [57069] MISMATCH w62:400 out[0] max|delta|=1.678e+07 (rtol=0.0 atol=0.0)
  [57099] CRASH    w62:373 executor died (native abort)
  [57155] MISMATCH w62:49 out[0] non-finite mismatch (nan/inf positions differ)
  [57165] MISMATCH w62:486 out[0] shape (0, 0, 0, 0) vs (0, 0, 0, 0, 0)
  [57179] MISMATCH w62:511 out[0] max|delta|=8.437e+21 (rtol=0.01 atol=0.001)
  [57308] MISMATCH w62:658 out[0] max|delta|=1.342e+10 (rtol=0.0 atol=0.0)
  [57375] MISMATCH w62:717 out[0] shape (0,) vs (0, 0, 0, 0, 0)
  [57390] MISMATCH w62:742 out[0] max|delta|=2.914e+20 (rtol=0.01 atol=0.001)
  [57547] MISMATCH w63:207 out[0] non-finite mismatch (nan/inf positions differ)
  [57607] CRASH    w62:122 executor died (native abort)
  [57628] CRASH    w62:127 executor died (native abort)
  [57642] MISMATCH w63:313 out[0] max|delta|=7.205e+16 (rtol=0.0 atol=0.0)
  [57659] CRASH    w61:613 executor died (native abort)
  [57742] MISMATCH w63:413 out[0] shape (0, 0) vs (0, 0, 0, 0, 0)
  [57755] MISMATCH w63:438 out[0] non-finite mismatch (nan/inf positions differ)
  [57780] MISMATCH w63:463 out[0] shape (1,) vs (0, 0, 0, 0, 0)
  [57852] MISMATCH w63:544 out[0] max|delta|=1.342e+10 (rtol=0.0 atol=0.0)
  [57970] MISMATCH w63:669 out[0] max|delta|=2.096e+20 (rtol=0.01 atol=0.001)
  [58064] MISMATCH w63:775 out[0] max|delta|=7.206e+16 (rtol=0.0 atol=0.0)
  [58076] MISMATCH w63:82 out[0] max|delta|=1.678e+07 (rtol=0.0 atol=0.0)
  [t=2190s] 58170/83534 (26.6/s)  ok=56075 mism=1082 crash=321 timeout=0 skip=692  |  inflight=47
  [58243] MISMATCH w64:262 out[0] non-finite mismatch (nan/inf positions differ)
  [58292] MISMATCH w64:31 out[0] non-finite mismatch (nan/inf positions differ)
  [58339] MISMATCH w64:368 out[0] max|delta|=1.342e+10 (rtol=0.0 atol=0.0)
  [58432] MISMATCH w64:468 out[0] shape (0, 0, 0, 0) vs (0, 0, 0, 0, 0)
  [58453] MISMATCH w64:493 out[0] max|delta|=1.554e+22 (rtol=0.01 atol=0.001)
  [t=2193s] 58524/83534 (26.7/s)  ok=56421 mism=1087 crash=321 timeout=0 skip=695  |  inflight=48
  [t=2197s] 58526/83534 (26.6/s)  ok=56422 mism=1087 crash=321 timeout=0 skip=696  |  inflight=48
  [t=2200s] 58527/83534 (26.6/s)  ok=56423 mism=1087 crash=321 timeout=0 skip=696  |  inflight=48
  [t=2203s] 58527/83534 (26.6/s)  ok=56423 mism=1087 crash=321 timeout=0 skip=696  |  inflight=48
  [t=2206s] 58528/83534 (26.5/s)  ok=56424 mism=1087 crash=321 timeout=0 skip=696  |  inflight=48
  [58538] CRASH    w63:747 executor died (native abort)
  [58540] CRASH    w63:280 executor died (native abort)
  [58542] CRASH    w63:511 executor died (native abort)
  [58543] CRASH    w64:340 executor died (native abort)
  [58544] CRASH    w63:742 executor died (native abort)
  [58549] CRASH    w64:109 executor died (native abort)
  [t=2209s] 58549/83534 (26.5/s)  ok=56439 mism=1087 crash=327 timeout=0 skip=696  |  inflight=47
  [58592] CRASH    w63:285 executor died (native abort)
  [58593] CRASH    w64:571 executor died (native abort)
  [t=2213s] 58593/83534 (26.5/s)  ok=56481 mism=1087 crash=329 timeout=0 skip=696  |  inflight=48
  [t=2216s] 58597/83534 (26.4/s)  ok=56484 mism=1087 crash=329 timeout=0 skip=697  |  inflight=48
  [t=2219s] 58600/83534 (26.4/s)  ok=56487 mism=1087 crash=329 timeout=0 skip=697  |  inflight=48
  [t=2222s] 58600/83534 (26.4/s)  ok=56487 mism=1087 crash=329 timeout=0 skip=697  |  inflight=48
  [t=2225s] 58605/83534 (26.3/s)  ok=56492 mism=1087 crash=329 timeout=0 skip=697  |  inflight=48
  [58607] MISMATCH w64:654 out[0] max|delta|=1.855e-02 (rtol=0.01 atol=0.001)
  [t=2229s] 58607/83534 (26.3/s)  ok=56493 mism=1088 crash=329 timeout=0 skip=697  |  inflight=48
  [t=2232s] 58610/83534 (26.3/s)  ok=56496 mism=1088 crash=329 timeout=0 skip=697  |  inflight=48
  [t=2235s] 58610/83534 (26.2/s)  ok=56496 mism=1088 crash=329 timeout=0 skip=697  |  inflight=48
  [t=2238s] 58610/83534 (26.2/s)  ok=56496 mism=1088 crash=329 timeout=0 skip=697  |  inflight=48
  [t=2241s] 58614/83534 (26.2/s)  ok=56500 mism=1088 crash=329 timeout=0 skip=697  |  inflight=48
  [t=2244s] 58614/83534 (26.1/s)  ok=56500 mism=1088 crash=329 timeout=0 skip=697  |  inflight=48
  [58619] MISMATCH w64:669 out[0] max|delta|=1.342e+10 (rtol=0.0 atol=0.0)
  [t=2247s] 58627/83534 (26.1/s)  ok=56511 mism=1089 crash=329 timeout=0 skip=698  |  inflight=48
  [58785] MISMATCH w65:143 out[0] shape (1, 1, 1, 1) vs (0, 0, 0, 0, 0)
  [t=2250s] 58795/83534 (26.1/s)  ok=56677 mism=1090 crash=329 timeout=0 skip=699  |  inflight=48
  [t=2253s] 58795/83534 (26.1/s)  ok=56677 mism=1090 crash=329 timeout=0 skip=699  |  inflight=48
  [58803] MISMATCH w65:168 out[0] non-finite mismatch (nan/inf positions differ)
  [t=2257s] 58808/83534 (26.1/s)  ok=56689 mism=1091 crash=329 timeout=0 skip=699  |  inflight=48
  [58875] CRASH    w65:10 executor died (native abort)
  [t=2260s] 58912/83534 (26.1/s)  ok=56792 mism=1091 crash=330 timeout=0 skip=699  |  inflight=47
  [t=2263s] 58913/83534 (26.0/s)  ok=56793 mism=1091 crash=330 timeout=0 skip=699  |  inflight=48
  [t=2266s] 58932/83534 (26.0/s)  ok=56812 mism=1091 crash=330 timeout=0 skip=699  |  inflight=48
  [58943] MISMATCH w65:315 out[0] max|delta|=1.342e+10 (rtol=0.0 atol=0.0)
  [59019] MISMATCH w65:399 out[0] non-finite mismatch (nan/inf positions differ)
  [59046] MISMATCH w65:424 out[0] shape () vs (0, 0, 0, 0, 0)
  [59047] MISMATCH w65:43 out[0] max|delta|=1.678e+07 (rtol=0.0 atol=0.0)
  [t=2269s] 59047/83534 (26.0/s)  ok=56922 mism=1095 crash=330 timeout=0 skip=700  |  inflight=47
  [59122] MISMATCH w64:599 out[0] max|delta|=1.342e+10 (rtol=0.0 atol=0.0)
  [59157] MISMATCH w65:546 out[0] max|delta|=1.678e+07 (rtol=0.0 atol=0.0)
  [59192] MISMATCH w65:575 out[0] non-finite mismatch (nan/inf positions differ)
  [59244] MISMATCH w65:630 out[0] max|delta|=2.911e+20 (rtol=0.01 atol=0.001)
  [t=2272s] 59288/83534 (26.1/s)  ok=57158 mism=1099 crash=330 timeout=0 skip=701  |  inflight=48
  [59338] MISMATCH w65:736 out[0] max|delta|=1.342e+10 (rtol=0.0 atol=0.0)
  [59373] MISMATCH w65:777 out[0] max|delta|=1.342e+10 (rtol=0.0 atol=0.0)
  [59390] MISMATCH w65:84 out[0] max|delta|=7.205e+16 (rtol=0.0 atol=0.0)
  [59461] MISMATCH w66:165 out[0] max|delta|=2.550e+02 (rtol=0.0 atol=0.0)
  [59543] MISMATCH w66:235 out[0] shape (1, 1, 1, 1, 0) vs (0, 0, 0, 0, 0)
  [t=2276s] 59593/83534 (26.2/s)  ok=57432 mism=1104 crash=330 timeout=0 skip=727  |  inflight=48
  [t=2279s] 59629/83534 (26.2/s)  ok=57467 mism=1104 crash=330 timeout=0 skip=728  |  inflight=47
  [59642] CRASH    w66:107 executor died (native abort)
  [59650] MISMATCH w66:376 out[0] max|delta|=1.000e+00 (rtol=0.01 atol=0.001)
  [59679] MISMATCH w66:4 out[0] shape (1, 1, 1, 1, 1) vs (0, 0, 0, 0, 0)
  [59737] MISMATCH w66:466 out[0] shape (1,) vs (0, 0, 0, 0, 0)
  [59757] MISMATCH w66:491 out[0] max|delta|=1.066e+21 (rtol=0.01 atol=0.001)
  [59868] CRASH    w66:260 executor died (native abort)
  [59870] MISMATCH w66:611 out[0] max|delta|=1.678e+07 (rtol=0.0 atol=0.0)
  [59873] CRASH    w65:703 executor died (native abort)
  [59887] CRASH    w65:708 executor died (native abort)
  [59959] MISMATCH w66:697 out[0] shape (0, 0, 0, 0) vs (0, 0, 0, 0, 0)
  [59962] MISMATCH w66:71 out[0] shape (1, 1, 1) vs (0, 0, 0, 0, 0)
  [59971] MISMATCH w66:722 out[0] non-finite mismatch (nan/inf positions differ)
  [60079] MISMATCH w67:133 out[0] shape (1,) vs (0,)
  [60153] MISMATCH w67:214 out[0] max|delta|=7.205e+16 (rtol=0.0 atol=0.0)
  [60271] MISMATCH w67:339 out[0] non-finite mismatch (nan/inf positions differ)
  [60368] MISMATCH w67:445 out[0] max|delta|=1.342e+10 (rtol=0.0 atol=0.0)
  [60403] MISMATCH w67:486 out[0] max|delta|=1.342e+10 (rtol=0.0 atol=0.0)
  [60482] MISMATCH w67:570 out[0] non-finite mismatch (nan/inf positions differ)
  [60614] MISMATCH w67:717 out[0] max|delta|=1.342e+10 (rtol=0.0 atol=0.0)
  [60640] MISMATCH w67:746 out[0] max|delta|=1.678e+07 (rtol=0.0 atol=0.0)
  [60685] MISMATCH w67:83 out[0] shape (1, 1) vs (0, 0, 0, 0)
  [60700] MISMATCH w68:106 out[0] shape (1, 1) vs (1, 3)
  [60800] MISMATCH w68:212 out[0] max|delta|=1.342e+10 (rtol=0.0 atol=0.0)
  [60838] MISMATCH w68:253 out[0] max|delta|=1.342e+10 (rtol=0.0 atol=0.0)
  [60915] MISMATCH w68:337 out[0] non-finite mismatch (nan/inf positions differ)
  [61130] MISMATCH w68:568 out[0] non-finite mismatch (nan/inf positions differ)
  [61132] MISMATCH w68:573 out[0] max|delta|=1.000e+00 (rtol=0.0 atol=0.0)
  [61225] MISMATCH w68:674 out[0] max|delta|=1.342e+10 (rtol=0.0 atol=0.0)
  [t=2282s] 61278/83534 (26.9/s)  ok=59075 mism=1128 crash=334 timeout=0 skip=741  |  inflight=48
  [t=2285s] 61285/83534 (26.8/s)  ok=59082 mism=1128 crash=334 timeout=0 skip=741  |  inflight=48
  [t=2288s] 61285/83534 (26.8/s)  ok=59082 mism=1128 crash=334 timeout=0 skip=741  |  inflight=48
  [t=2292s] 61288/83534 (26.7/s)  ok=59085 mism=1128 crash=334 timeout=0 skip=741  |  inflight=48
  [t=2295s] 61289/83534 (26.7/s)  ok=59086 mism=1128 crash=334 timeout=0 skip=741  |  inflight=48
  [61302] CRASH    w66:564 executor died (native abort)
  [t=2298s] 61302/83534 (26.7/s)  ok=59097 mism=1128 crash=335 timeout=0 skip=742  |  inflight=47
  [61308] CRASH    w67:181 executor died (native abort)
  [61309] CRASH    w68:179 executor died (native abort)
  [61310] CRASH    w67:412 executor died (native abort)
  [61311] CRASH    w66:333 executor died (native abort)
  [61319] MISMATCH w68:774 out[0] shape (0, 0, 0, 0) vs (0, 0, 0, 0, 0)
  [61322] CRASH    w67:643 executor died (native abort)
  [61416] MISMATCH w69:171 out[0] shape (0, 0, 0, 0) vs (0, 0, 0, 0, 0)
  [61439] MISMATCH w69:196 out[0] non-finite mismatch (nan/inf positions differ)
  [61471] CRASH    w68:641 executor died (native abort)
  [t=2301s] 61530/83534 (26.7/s)  ok=59314 mism=1131 crash=341 timeout=0 skip=744  |  inflight=48
  [t=2305s] 61532/83534 (26.7/s)  ok=59316 mism=1131 crash=341 timeout=0 skip=744  |  inflight=48
  [t=2308s] 61532/83534 (26.7/s)  ok=59316 mism=1131 crash=341 timeout=0 skip=744  |  inflight=48
  [t=2311s] 61532/83534 (26.6/s)  ok=59316 mism=1131 crash=341 timeout=0 skip=744  |  inflight=48
  [t=2314s] 61533/83534 (26.6/s)  ok=59317 mism=1131 crash=341 timeout=0 skip=744  |  inflight=48
  [t=2317s] 61533/83534 (26.6/s)  ok=59317 mism=1131 crash=341 timeout=0 skip=744  |  inflight=48
  [t=2320s] 61533/83534 (26.5/s)  ok=59317 mism=1131 crash=341 timeout=0 skip=744  |  inflight=48
  [t=2323s] 61534/83534 (26.5/s)  ok=59318 mism=1131 crash=341 timeout=0 skip=744  |  inflight=48
  [t=2326s] 61534/83534 (26.5/s)  ok=59318 mism=1131 crash=341 timeout=0 skip=744  |  inflight=48
  [t=2329s] 61534/83534 (26.4/s)  ok=59318 mism=1131 crash=341 timeout=0 skip=744  |  inflight=48
  [t=2332s] 61535/83534 (26.4/s)  ok=59319 mism=1131 crash=341 timeout=0 skip=744  |  inflight=48
  [61539] CRASH    w69:269 executor died (native abort)
  [t=2335s] 61546/83534 (26.4/s)  ok=59329 mism=1131 crash=342 timeout=0 skip=744  |  inflight=47
  [61563] CRASH    w69:274 executor died (native abort)
  [t=2338s] 61563/83534 (26.3/s)  ok=59345 mism=1131 crash=343 timeout=0 skip=744  |  inflight=48
  [t=2341s] 61568/83534 (26.3/s)  ok=59350 mism=1131 crash=343 timeout=0 skip=744  |  inflight=48
  [t=2345s] 61572/83534 (26.3/s)  ok=59354 mism=1131 crash=343 timeout=0 skip=744  |  inflight=48
  [t=2348s] 61572/83534 (26.2/s)  ok=59354 mism=1131 crash=343 timeout=0 skip=744  |  inflight=48
  [61592] MISMATCH w69:357 out[0] max|delta|=1.855e-02 (rtol=0.01 atol=0.001)
  [61627] MISMATCH w69:402 out[0] shape (1, 1, 1, 1) vs (0, 0, 0, 0, 0)
  [61651] MISMATCH w69:427 out[0] non-finite mismatch (nan/inf positions differ)
  [t=2351s] 61735/83534 (26.3/s)  ok=59512 mism=1134 crash=343 timeout=0 skip=746  |  inflight=47
  [61792] MISMATCH w69:574 out[0] max|delta|=1.678e+07 (rtol=0.0 atol=0.0)
  [61803] MISMATCH w69:588 out[0] max|delta|=1.855e-02 (rtol=0.01 atol=0.001)
  [61820] MISMATCH w69:603 out[0] max|delta|=1.342e+10 (rtol=0.0 atol=0.0)
  [61846] MISMATCH w69:633 out[0] shape (1,) vs (0, 0, 0, 0, 0)
  [61872] MISMATCH w69:658 out[0] non-finite mismatch (nan/inf positions differ)
  [62036] MISMATCH w7:128 out[0] shape (1, 1, 1, 1) vs (0, 0, 0, 0, 0)
  [62061] MISMATCH w7:153 out[0] non-finite mismatch (nan/inf positions differ)
  [62083] MISMATCH w7:180 out[0] non-finite mismatch (nan/inf positions differ)
  [62158] MISMATCH w7:260 out[0] non-finite mismatch (nan/inf positions differ)
  [62183] MISMATCH w7:29 out[0] non-finite mismatch (nan/inf positions differ)
  [62267] MISMATCH w7:359 out[0] shape (1, 1, 1, 1, 0) vs (0, 0, 0, 0, 0)
  [62272] MISMATCH w7:384 out[0] non-finite mismatch (nan/inf positions differ)
  [62294] MISMATCH w7:411 out[0] non-finite mismatch (nan/inf positions differ)
  [62341] MISMATCH w7:466 out[0] max|delta|=4.295e+09 (rtol=0.0 atol=0.0)
  [62367] MISMATCH w7:490 out[0] max|delta|=1.342e+10 (rtol=0.0 atol=0.0)
  [62368] MISMATCH w7:491 out[0] non-finite mismatch (nan/inf positions differ)
  [62376] MISMATCH w7:500 out[0] non-finite mismatch (nan/inf positions differ)
  [62407] MISMATCH w7:531 out[0] max|delta|=7.206e+16 (rtol=0.0 atol=0.0)
  [62435] MISMATCH w7:560 out[0] max|delta|=1.342e+10 (rtol=0.0 atol=0.0)
  [62481] MISMATCH w7:590 out[0] shape (1, 1, 1, 1, 1) vs (0, 0, 0, 0, 0)
  [62489] MISMATCH w7:615 out[0] non-finite mismatch (nan/inf positions differ)
  [62512] MISMATCH w7:642 out[0] non-finite mismatch (nan/inf positions differ)
  [62557] MISMATCH w7:69 out[0] max|delta|=5.369e+08 (rtol=0.0 atol=0.0)
  [62587] MISMATCH w7:722 out[0] non-finite mismatch (nan/inf positions differ)
  [62603] MISMATCH w7:735 out[0] max|delta|=1.342e+10 (rtol=0.0 atol=0.0)
  [62622] MISMATCH w7:762 out[0] max|delta|=1.342e+10 (rtol=0.0 atol=0.0)
  [62777] MISMATCH w70:232 out[0] max|delta|=1.342e+10 (rtol=0.0 atol=0.0)
  [62791] MISMATCH w70:246 out[0] non-finite mismatch (nan/inf positions differ)
  [62843] MISMATCH w70:30 out[0] non-finite mismatch (nan/inf positions differ)
  [62858] MISMATCH w70:316 out[0] non-finite mismatch (nan/inf positions differ)
  [62888] MISMATCH w70:341 out[0] shape (1,) vs (0, 0)
  [62994] MISMATCH w70:463 out[0] max|delta|=1.342e+10 (rtol=0.0 atol=0.0)
  [63008] MISMATCH w70:477 out[0] non-finite mismatch (nan/inf positions differ)
  [63121] MISMATCH w70:60 out[0] shape (1, 1, 1, 1) vs (0, 0, 0, 0, 0)
  [63167] MISMATCH w70:653 out[0] max|delta|=1.342e+10 (rtol=0.0 atol=0.0)
  [63283] MISMATCH w70:778 out[0] non-finite mismatch (nan/inf positions differ)
  [63296] MISMATCH w70:85 out[0] non-finite mismatch (nan/inf positions differ)
  [63316] MISMATCH w71:109 out[0] max|delta|=1.342e+10 (rtol=0.0 atol=0.0)
  [63394] MISMATCH w71:193 out[0] non-finite mismatch (nan/inf positions differ)
  [63530] MISMATCH w71:340 out[0] max|delta|=1.342e+10 (rtol=0.0 atol=0.0)
  [63583] MISMATCH w71:399 out[0] max|delta|=4.000e+00 (rtol=0.0 atol=0.0)
  [63603] MISMATCH w71:424 out[0] non-finite mismatch (nan/inf positions differ)
  [63704] MISMATCH w71:530 out[0] max|delta|=1.342e+10 (rtol=0.0 atol=0.0)
  [63706] CRASH    w69:38 executor died (native abort)
  [63716] MISMATCH w71:544 out[0] max|delta|=1.342e+10 (rtol=0.0 atol=0.0)
  [63800] MISMATCH w71:630 out[0] shape (1, 0, 1, 1) vs (0, 0, 0, 0, 0)
  [63822] MISMATCH w71:655 out[0] non-finite mismatch (nan/inf positions differ)
  [63920] MISMATCH w71:761 out[0] max|delta|=1.342e+10 (rtol=0.0 atol=0.0)
  [63965] MISMATCH w72:104 out[0] max|delta|=1.678e+07 (rtol=0.0 atol=0.0)
  [63968] CRASH    w70:158 executor died (native abort)
  [t=2354s] 63991/83534 (27.2/s)  ok=61699 mism=1182 crash=345 timeout=0 skip=765  |  inflight=47
  [64022] MISMATCH w72:163 out[0] shape (1, 0, 1, 1) vs (0, 0, 0, 0, 0)
  [64043] MISMATCH w72:188 out[0] non-finite mismatch (nan/inf positions differ)
  [64047] MISMATCH w72:193 out[0] max|delta|=1.000e+00 (rtol=0.0 atol=0.0)
  [64098] CRASH    w71:35 executor died (native abort)
  [t=2357s] 64098/83534 (27.2/s)  ok=61801 mism=1185 crash=346 timeout=0 skip=766  |  inflight=48
  [t=2360s] 64099/83534 (27.2/s)  ok=61802 mism=1185 crash=346 timeout=0 skip=766  |  inflight=48
  [t=2363s] 64100/83534 (27.1/s)  ok=61803 mism=1185 crash=346 timeout=0 skip=766  |  inflight=48
  [t=2366s] 64100/83534 (27.1/s)  ok=61803 mism=1185 crash=346 timeout=0 skip=766  |  inflight=48
  [64105] CRASH    w69:505 executor died (native abort)
  [64107] CRASH    w71:40 executor died (native abort)
  [64108] CRASH    w7:462 executor died (native abort)
  [64109] CRASH    w70:625 executor died (native abort)
  [64112] CRASH    w70:163 executor died (native abort)
  [64113] CRASH    w71:497 executor died (native abort)
  [64114] CRASH    w69:731 executor died (native abort)
  [64116] CRASH    w70:620 executor died (native abort)
  [64130] CRASH    w71:728 executor died (native abort)
  [64139] MISMATCH w72:294 out[0] max|delta|=1.342e+10 (rtol=0.0 atol=0.0)
  [64142] CRASH    w71:266 executor died (native abort)
  [t=2370s] 64193/83534 (27.1/s)  ok=61884 mism=1186 crash=356 timeout=0 skip=767  |  inflight=48
  [t=2373s] 64193/83534 (27.1/s)  ok=61884 mism=1186 crash=356 timeout=0 skip=767  |  inflight=48
  [t=2376s] 64193/83534 (27.0/s)  ok=61884 mism=1186 crash=356 timeout=0 skip=767  |  inflight=48
  [t=2379s] 64195/83534 (27.0/s)  ok=61886 mism=1186 crash=356 timeout=0 skip=767  |  inflight=48
  [t=2382s] 64195/83534 (27.0/s)  ok=61886 mism=1186 crash=356 timeout=0 skip=767  |  inflight=48
  [t=2385s] 64196/83534 (26.9/s)  ok=61887 mism=1186 crash=356 timeout=0 skip=767  |  inflight=48
  [t=2388s] 64197/83534 (26.9/s)  ok=61888 mism=1186 crash=356 timeout=0 skip=767  |  inflight=48
  [t=2391s] 64197/83534 (26.8/s)  ok=61888 mism=1186 crash=356 timeout=0 skip=767  |  inflight=48
  [t=2394s] 64197/83534 (26.8/s)  ok=61888 mism=1186 crash=356 timeout=0 skip=767  |  inflight=48
  [t=2397s] 64198/83534 (26.8/s)  ok=61889 mism=1186 crash=356 timeout=0 skip=767  |  inflight=48
  [t=2400s] 64198/83534 (26.7/s)  ok=61889 mism=1186 crash=356 timeout=0 skip=767  |  inflight=48
  [t=2403s] 64198/83534 (26.7/s)  ok=61889 mism=1186 crash=356 timeout=0 skip=767  |  inflight=48
  [t=2406s] 64199/83534 (26.7/s)  ok=61890 mism=1186 crash=356 timeout=0 skip=767  |  inflight=48
  [t=2410s] 64200/83534 (26.6/s)  ok=61891 mism=1186 crash=356 timeout=0 skip=767  |  inflight=48
  [t=2413s] 64201/83534 (26.6/s)  ok=61891 mism=1186 crash=356 timeout=0 skip=768  |  inflight=48
  [t=2416s] 64201/83534 (26.6/s)  ok=61891 mism=1186 crash=356 timeout=0 skip=768  |  inflight=48
  [t=2419s] 64205/83534 (26.5/s)  ok=61895 mism=1186 crash=356 timeout=0 skip=768  |  inflight=48
  [64228] MISMATCH w72:394 out[0] shape (0, 1, 1, 1) vs (0, 0, 0, 0, 0)
  [64254] MISMATCH w72:419 out[0] non-finite mismatch (nan/inf positions differ)
  [64258] MISMATCH w72:424 out[0] max|delta|=1.000e+00 (rtol=0.0 atol=0.0)
  [t=2422s] 64306/83534 (26.5/s)  ok=61993 mism=1189 crash=356 timeout=0 skip=768  |  inflight=48
  [t=2425s] 64306/83534 (26.5/s)  ok=61993 mism=1189 crash=356 timeout=0 skip=768  |  inflight=48
  [t=2429s] 64319/83534 (26.5/s)  ok=62006 mism=1189 crash=356 timeout=0 skip=768  |  inflight=48
  [t=2432s] 64343/83534 (26.5/s)  ok=62029 mism=1189 crash=356 timeout=0 skip=769  |  inflight=48
  [64376] CRASH    w72:492 executor died (native abort)
  [t=2435s] 64376/83534 (26.4/s)  ok=62061 mism=1189 crash=357 timeout=0 skip=769  |  inflight=48
  [t=2439s] 64386/83534 (26.4/s)  ok=62071 mism=1189 crash=357 timeout=0 skip=769  |  inflight=48
  [64391] MISMATCH w72:566 out[0] max|delta|=1.342e+10 (rtol=0.0 atol=0.0)
  [t=2442s] 64410/83534 (26.4/s)  ok=62094 mism=1190 crash=357 timeout=0 skip=769  |  inflight=47
  [64417] MISMATCH w72:595 out[0] max|delta|=1.678e+07 (rtol=0.0 atol=0.0)
  [64568] MISMATCH w72:756 out[0] max|delta|=1.342e+10 (rtol=0.0 atol=0.0)
  [64625] MISMATCH w73:113 out[0] non-finite mismatch (nan/inf positions differ)
  [64650] MISMATCH w73:138 out[0] shape (1,) vs (0, 0, 0, 0, 0)
  [64662] MISMATCH w73:155 out[0] shape (1, 1) vs (0, 0)
  [t=2445s] 64681/83534 (26.5/s)  ok=62356 mism=1195 crash=357 timeout=0 skip=773  |  inflight=48
  [64718] CRASH    w72:266 executor died (native abort)
  [64728] CRASH    w72:746 executor died (native abort)
  [64825] MISMATCH w73:319 out[0] shape (0, 0, 0, 0) vs (0, 0, 0, 0, 0)
  [64888] MISMATCH w73:386 out[0] shape (1, 1, 1) vs (0, 0, 0, 0, 0)
  [64914] MISMATCH w73:43 out[0] non-finite mismatch (nan/inf positions differ)
  [64925] CRASH    w72:261 executor died (native abort)
  [64934] MISMATCH w73:450 out[0] max|delta|=1.342e+10 (rtol=0.0 atol=0.0)
  [t=2448s] 64999/83534 (26.6/s)  ok=62661 mism=1199 crash=360 timeout=0 skip=779  |  inflight=47
  [65028] MISMATCH w73:550 out[0] max|delta|=3.000e+00 (rtol=0.0 atol=0.0)
  [65143] MISMATCH w73:681 out[0] max|delta|=1.342e+10 (rtol=0.0 atol=0.0)
  [65245] MISMATCH w73:781 out[0] shape (0, 0, 0, 0) vs (0, 0, 0, 0, 0)
  [65255] MISMATCH w74:0 out[0] max|delta|=1.855e-02 (rtol=0.01 atol=0.001)
  [65303] MISMATCH w74:15 out[0] max|delta|=1.342e+10 (rtol=0.0 atol=0.0)
  [65330] MISMATCH w74:176 out[0] max|delta|=1.342e+10 (rtol=0.0 atol=0.0)
  [65341] MISMATCH w74:190 out[0] max|delta|=1.678e+07 (rtol=0.0 atol=0.0)
  [65369] MISMATCH w74:217 out[0] max|delta|=1.342e+10 (rtol=0.0 atol=0.0)
  [65606] MISMATCH w74:477 out[0] max|delta|=1.342e+10 (rtol=0.0 atol=0.0)
  [65637] MISMATCH w74:507 out[0] shape (0, 0) vs (0, 0, 0, 0, 0)
  [65755] MISMATCH w74:638 out[0] max|delta|=1.342e+10 (rtol=0.0 atol=0.0)
  [65809] MISMATCH w74:70 out[0] non-finite mismatch (nan/inf positions differ)
  [65867] MISMATCH w74:763 out[0] non-finite mismatch (nan/inf positions differ)
  [65970] MISMATCH w75:168 out[0] shape (0, 0) vs (0, 0, 0, 0, 0)
  [65994] MISMATCH w75:193 out[0] max|delta|=3.547e+20 (rtol=0.01 atol=0.001)
  [65998] CRASH    w73:214 executor died (native abort)
  [t=2451s] 65998/83534 (26.9/s)  ok=63635 mism=1214 crash=361 timeout=0 skip=788  |  inflight=48
  [t=2454s] 66001/83534 (26.9/s)  ok=63638 mism=1214 crash=361 timeout=0 skip=788  |  inflight=48
  [t=2457s] 66001/83534 (26.9/s)  ok=63638 mism=1214 crash=361 timeout=0 skip=788  |  inflight=48
  [t=2460s] 66004/83534 (26.8/s)  ok=63641 mism=1214 crash=361 timeout=0 skip=788  |  inflight=48
  [t=2463s] 66005/83534 (26.8/s)  ok=63642 mism=1214 crash=361 timeout=0 skip=788  |  inflight=48
  [t=2467s] 66016/83534 (26.8/s)  ok=63653 mism=1214 crash=361 timeout=0 skip=788  |  inflight=47
  [66019] CRASH    w74:605 executor died (native abort)
  [66023] CRASH    w74:374 executor died (native abort)
  [66030] CRASH    w73:422 executor died (native abort)
  [66033] CRASH    w73:648 executor died (native abort)
  [66089] MISMATCH w75:299 out[0] max|delta|=1.342e+10 (rtol=0.0 atol=0.0)
  [66102] MISMATCH w75:313 out[0] max|delta|=1.342e+10 (rtol=0.0 atol=0.0)
  [66110] CRASH    w74:143 executor died (native abort)
  [66115] CRASH    w73:191 executor died (native abort)
  [66118] CRASH    w74:610 executor died (native abort)
  [66119] MISMATCH w75:329 out[0] max|delta|=1.000e+00 (rtol=0.0 atol=0.0)
  [66185] MISMATCH w75:399 out[0] shape (1, 1, 1, 0) vs (0, 0, 0, 0, 0)
  [66211] MISMATCH w75:424 out[0] non-finite mismatch (nan/inf positions differ)
  [66239] MISMATCH w75:449 out[0] shape (1, 1, 1, 1) vs (0, 0, 0, 0, 0)
  [t=2470s] 66249/83534 (26.8/s)  ok=63870 mism=1220 crash=368 timeout=0 skip=791  |  inflight=48
  [t=2473s] 66254/83534 (26.8/s)  ok=63875 mism=1220 crash=368 timeout=0 skip=791  |  inflight=48
  [t=2476s] 66254/83534 (26.8/s)  ok=63875 mism=1220 crash=368 timeout=0 skip=791  |  inflight=48
  [t=2480s] 66259/83534 (26.7/s)  ok=63880 mism=1220 crash=368 timeout=0 skip=791  |  inflight=48
  [t=2483s] 66263/83534 (26.7/s)  ok=63884 mism=1220 crash=368 timeout=0 skip=791  |  inflight=48
  [t=2486s] 66266/83534 (26.7/s)  ok=63887 mism=1220 crash=368 timeout=0 skip=791  |  inflight=48
  [t=2489s] 66266/83534 (26.6/s)  ok=63887 mism=1220 crash=368 timeout=0 skip=791  |  inflight=48
  [t=2492s] 66268/83534 (26.6/s)  ok=63889 mism=1220 crash=368 timeout=0 skip=791  |  inflight=48
  [t=2496s] 66270/83534 (26.6/s)  ok=63891 mism=1220 crash=368 timeout=0 skip=791  |  inflight=48
  [66281] CRASH    w75:35 executor died (native abort)
  [66283] CRASH    w75:271 executor died (native abort)
  [t=2499s] 66283/83534 (26.5/s)  ok=63902 mism=1220 crash=370 timeout=0 skip=791  |  inflight=47
  [t=2502s] 66283/83534 (26.5/s)  ok=63902 mism=1220 crash=370 timeout=0 skip=791  |  inflight=48
  [t=2505s] 66285/83534 (26.5/s)  ok=63904 mism=1220 crash=370 timeout=0 skip=791  |  inflight=48
  [t=2508s] 66295/83534 (26.4/s)  ok=63914 mism=1220 crash=370 timeout=0 skip=791  |  inflight=48
  [t=2511s] 66295/83534 (26.4/s)  ok=63914 mism=1220 crash=370 timeout=0 skip=791  |  inflight=48
  [t=2515s] 66302/83534 (26.4/s)  ok=63921 mism=1220 crash=370 timeout=0 skip=791  |  inflight=48
  [66309] MISMATCH w75:530 out[0] max|delta|=1.342e+10 (rtol=0.0 atol=0.0)
  [66348] MISMATCH w75:571 out[0] max|delta|=1.342e+10 (rtol=0.0 atol=0.0)
  [66402] MISMATCH w75:630 out[0] shape (1, 1, 0, 1) vs (0, 0, 0, 0, 0)
  [66428] MISMATCH w75:655 out[0] non-finite mismatch (nan/inf positions differ)
  [66448] MISMATCH w75:68 out[0] max|delta|=1.342e+10 (rtol=0.0 atol=0.0)
  [t=2518s] 66493/83534 (26.4/s)  ok=64106 mism=1225 crash=370 timeout=0 skip=792  |  inflight=48
  [t=2521s] 66527/83534 (26.4/s)  ok=64140 mism=1225 crash=370 timeout=0 skip=792  |  inflight=47
  [t=2524s] 66528/83534 (26.4/s)  ok=64141 mism=1225 crash=370 timeout=0 skip=792  |  inflight=48
  [66571] MISMATCH w76:11 out[0] shape (1, 0, 1, 1, 1) vs (0, 0, 0, 0, 0)
  [66603] MISMATCH w76:142 out[0] max|delta|=1.342e+10 (rtol=0.0 atol=0.0)
  [66641] MISMATCH w76:183 out[0] max|delta|=1.342e+10 (rtol=0.0 atol=0.0)
  [66696] MISMATCH w76:242 out[0] shape (0, 0, 0, 0) vs (0, 0, 0, 0, 0)
  [t=2527s] 66697/83534 (26.4/s)  ok=64304 mism=1229 crash=370 timeout=0 skip=794  |  inflight=48
  [t=2530s] 66697/83534 (26.4/s)  ok=64304 mism=1229 crash=370 timeout=0 skip=794  |  inflight=48
  [66718] MISMATCH w76:267 out[0] non-finite mismatch (nan/inf positions differ)
  [66745] MISMATCH w76:292 out[0] shape (1, 1) vs (0, 0, 0, 0, 0)
  [66800] MISMATCH w76:36 out[0] non-finite mismatch (nan/inf positions differ)
  [66812] MISMATCH w76:373 out[0] max|delta|=1.342e+10 (rtol=0.0 atol=0.0)
  [66889] MISMATCH w76:443 out[0] non-finite mismatch (nan/inf positions differ)
  [66943] MISMATCH w76:498 out[0] non-finite mismatch (nan/inf positions differ)
  [t=2534s] 67021/83534 (26.5/s)  ok=64619 mism=1235 crash=370 timeout=0 skip=797  |  inflight=48
  [67035] MISMATCH w76:604 out[0] max|delta|=1.342e+10 (rtol=0.0 atol=0.0)
  [67068] MISMATCH w76:634 out[0] max|delta|=1.000e+00 (rtol=0.0 atol=0.0)
  [67077] MISMATCH w76:645 out[0] max|delta|=1.342e+10 (rtol=0.0 atol=0.0)
  [t=2537s] 67113/83534 (26.5/s)  ok=64707 mism=1238 crash=370 timeout=0 skip=798  |  inflight=47
  [67147] MISMATCH w76:704 out[0] shape (1, 1, 1, 1) vs (0, 0, 0, 0, 0)
  [67160] MISMATCH w76:729 out[0] non-finite mismatch (nan/inf positions differ)
  [67195] MISMATCH w76:771 out[0] shape (1, 1) vs (0, 0, 0, 0, 0)
  [67288] MISMATCH w77:169 out[0] max|delta|=1.000e+00 (rtol=0.01 atol=0.001)
  [67346] MISMATCH w77:229 out[0] max|delta|=1.678e+07 (rtol=0.0 atol=0.0)
  [67409] MISMATCH w77:28 out[0] max|delta|=6.000e+00 (rtol=0.0 atol=0.0)
  [67456] CRASH    w76:340 executor died (native abort)
  [67489] CRASH    w76:345 executor died (native abort)
  [67494] MISMATCH w77:390 out[0] max|delta|=1.342e+10 (rtol=0.0 atol=0.0)
  [67506] MISMATCH w77:404 out[0] max|delta|=1.342e+10 (rtol=0.0 atol=0.0)
  [67595] MISMATCH w77:490 out[0] shape (1, 1, 1, 1, 1) vs (0, 0, 0, 0, 0)
  [67608] MISMATCH w77:515 out[0] non-finite mismatch (nan/inf positions differ)
  [67716] MISMATCH w77:631 out[0] max|delta|=1.000e+00 (rtol=0.01 atol=0.001)
  [67768] MISMATCH w77:691 out[0] max|delta|=1.678e+07 (rtol=0.0 atol=0.0)
  [67794] MISMATCH w77:721 out[0] shape (0,) vs (0, 0)
  [67825] MISMATCH w77:746 out[0] non-finite mismatch (nan/inf positions differ)
  [67894] MISMATCH w78:118 out[0] max|delta|=1.678e+07 (rtol=0.0 atol=0.0)
  [67940] MISMATCH w78:173 out[0] non-finite mismatch (nan/inf positions differ)
  [68072] MISMATCH w78:320 out[0] max|delta|=1.342e+10 (rtol=0.0 atol=0.0)
  [68125] MISMATCH w78:379 out[0] shape (0, 0, 0, 0) vs (0, 0, 0, 0, 0)
  [68149] MISMATCH w78:404 out[0] non-finite mismatch (nan/inf positions differ)
  [68215] MISMATCH w78:48 out[0] max|delta|=1.678e+07 (rtol=0.0 atol=0.0)
  [68295] MISMATCH w78:565 out[0] max|delta|=1.855e-02 (rtol=0.01 atol=0.001)
  [68309] MISMATCH w78:580 out[0] max|delta|=1.342e+10 (rtol=0.0 atol=0.0)
  [68341] MISMATCH w78:610 out[0] shape (1, 1, 1, 1) vs (0, 0, 0, 0, 0)
  [68454] MISMATCH w78:741 out[0] max|delta|=1.342e+10 (rtol=0.0 atol=0.0)
  [68593] MISMATCH w79:184 out[0] max|delta|=1.342e+10 (rtol=0.0 atol=0.0)
  [68608] MISMATCH w79:198 out[0] max|delta|=1.855e-02 (rtol=0.01 atol=0.001)
  [68622] MISMATCH w79:213 out[0] max|delta|=1.342e+10 (rtol=0.0 atol=0.0)
  [t=2540s] 68673/83534 (27.0/s)  ok=66222 mism=1265 crash=372 timeout=0 skip=814  |  inflight=48
  [t=2543s] 68674/83534 (27.0/s)  ok=66223 mism=1265 crash=372 timeout=0 skip=814  |  inflight=48
  [t=2546s] 68674/83534 (27.0/s)  ok=66223 mism=1265 crash=372 timeout=0 skip=814  |  inflight=48
  [68687] CRASH    w78:246 executor died (native abort)
  [68691] CRASH    w79:110 executor died (native abort)
  [68694] CRASH    w78:15 executor died (native abort)
  [68695] CRASH    w77:126 executor died (native abort)
  [68696] CRASH    w77:362 executor died (native abort)
  [68697] CRASH    w78:491 executor died (native abort)
  [68700] CRASH    w77:131 executor died (native abort)
  [68701] CRASH    w78:251 executor died (native abort)
  [68707] CRASH    w78:708 executor died (native abort)
  [68725] CRASH    w77:357 executor died (native abort)
  [68806] MISMATCH w79:415 out[0] max|delta|=1.342e+10 (rtol=0.0 atol=0.0)
  [68861] MISMATCH w79:474 out[0] shape (0, 0, 0, 0) vs (0, 0, 0, 0, 0)
  [t=2549s] 68868/83534 (27.0/s)  ok=66403 mism=1267 crash=382 timeout=0 skip=816  |  inflight=48
  [t=2552s] 68868/83534 (27.0/s)  ok=66403 mism=1267 crash=382 timeout=0 skip=816  |  inflight=48
  [t=2556s] 68870/83534 (26.9/s)  ok=66405 mism=1267 crash=382 timeout=0 skip=816  |  inflight=48
  [t=2559s] 68871/83534 (26.9/s)  ok=66406 mism=1267 crash=382 timeout=0 skip=816  |  inflight=48
  [t=2562s] 68872/83534 (26.9/s)  ok=66407 mism=1267 crash=382 timeout=0 skip=816  |  inflight=48
  [t=2565s] 68872/83534 (26.8/s)  ok=66407 mism=1267 crash=382 timeout=0 skip=816  |  inflight=48
  [t=2569s] 68874/83534 (26.8/s)  ok=66409 mism=1267 crash=382 timeout=0 skip=816  |  inflight=48
  [t=2572s] 68876/83534 (26.8/s)  ok=66411 mism=1267 crash=382 timeout=0 skip=816  |  inflight=48
  [t=2575s] 68877/83534 (26.7/s)  ok=66412 mism=1267 crash=382 timeout=0 skip=816  |  inflight=48
  [t=2578s] 68877/83534 (26.7/s)  ok=66412 mism=1267 crash=382 timeout=0 skip=816  |  inflight=48
  [t=2581s] 68878/83534 (26.7/s)  ok=66413 mism=1267 crash=382 timeout=0 skip=816  |  inflight=48
  [t=2585s] 68879/83534 (26.6/s)  ok=66414 mism=1267 crash=382 timeout=0 skip=816  |  inflight=48
  [t=2588s] 68882/83534 (26.6/s)  ok=66417 mism=1267 crash=382 timeout=0 skip=816  |  inflight=48
  [t=2591s] 68882/83534 (26.6/s)  ok=66417 mism=1267 crash=382 timeout=0 skip=816  |  inflight=48
  [68883] MISMATCH w79:499 out[0] non-finite mismatch (nan/inf positions differ)
  [t=2594s] 68891/83534 (26.6/s)  ok=66425 mism=1268 crash=382 timeout=0 skip=816  |  inflight=48
  [68998] MISMATCH w79:619 out[0] max|delta|=1.678e+07 (rtol=0.0 atol=0.0)
  [t=2597s] 69003/83534 (26.6/s)  ok=66535 mism=1269 crash=382 timeout=0 skip=817  |  inflight=47
  [t=2601s] 69014/83534 (26.5/s)  ok=66546 mism=1269 crash=382 timeout=0 skip=817  |  inflight=48
  [69024] MISMATCH w79:646 out[0] max|delta|=1.342e+10 (rtol=0.0 atol=0.0)
  [69038] CRASH    w79:577 executor died (native abort)
  [t=2604s] 69039/83534 (26.5/s)  ok=66569 mism=1270 crash=383 timeout=0 skip=817  |  inflight=47
  [69103] MISMATCH w79:730 out[0] non-finite mismatch (nan/inf positions differ)
  [69197] MISMATCH w8:116 out[0] non-finite mismatch (nan/inf positions differ)
  [t=2607s] 69219/83534 (26.6/s)  ok=66746 mism=1272 crash=383 timeout=0 skip=818  |  inflight=48
  [69268] MISMATCH w8:195 out[0] max|delta|=1.678e+07 (rtol=0.0 atol=0.0)
  [69280] MISMATCH w8:205 out[0] non-finite mismatch (nan/inf positions differ)
  [69383] MISMATCH w8:320 out[0] non-finite mismatch (nan/inf positions differ)
  [69409] MISMATCH w8:347 out[0] non-finite mismatch (nan/inf positions differ)
  [69484] MISMATCH w8:427 out[0] non-finite mismatch (nan/inf positions differ)
  [69522] MISMATCH w8:467 out[0] max|delta|=1.342e+10 (rtol=0.0 atol=0.0)
  [69601] MISMATCH w8:551 out[0] non-finite mismatch (nan/inf positions differ)
  [69616] MISMATCH w8:578 out[0] non-finite mismatch (nan/inf positions differ)
  [69669] MISMATCH w8:633 out[0] max|delta|=2.550e+02 (rtol=0.0 atol=0.0)
  [t=2610s] 69717/83534 (26.7/s)  ok=67232 mism=1281 crash=383 timeout=0 skip=821  |  inflight=47
  [69736] MISMATCH w8:698 out[0] max|delta|=1.342e+10 (rtol=0.0 atol=0.0)
  [69799] MISMATCH w8:757 out[0] shape (1, 1, 1, 1, 0) vs (0, 0, 0, 0, 0)
  [69820] MISMATCH w8:89 out[0] max|delta|=1.718e+20 (rtol=0.01 atol=0.001)
  [69874] MISMATCH w80:138 out[0] shape (0, 0, 0, 0) vs (0, 0, 0, 0, 0)
  [t=2613s] 70015/83534 (26.8/s)  ok=67514 mism=1285 crash=383 timeout=0 skip=833  |  inflight=48
  [70020] MISMATCH w80:299 out[0] max|delta|=1.000e+00 (rtol=0.0 atol=0.0)
  [70069] CRASH    w8:393 executor died (native abort)
  [70070] CRASH    w8:398 executor died (native abort)
  [70101] MISMATCH w80:394 out[0] max|delta|=2.099e+20 (rtol=0.01 atol=0.001)
  [70180] CRASH    w8:162 executor died (native abort)
  [70181] CRASH    w8:624 executor died (native abort)
  [70182] CRASH    w8:629 executor died (native abort)
  [70183] CRASH    w80:305 executor died (native abort)
  [t=2616s] 70183/83534 (26.8/s)  ok=67672 mism=1287 crash=389 timeout=0 skip=835  |  inflight=48
  [t=2619s] 70183/83534 (26.8/s)  ok=67672 mism=1287 crash=389 timeout=0 skip=835  |  inflight=48
  [t=2622s] 70196/83534 (26.8/s)  ok=67685 mism=1287 crash=389 timeout=0 skip=835  |  inflight=48
  [70203] MISMATCH w80:500 out[0] max|delta|=1.342e+10 (rtol=0.0 atol=0.0)
  [t=2625s] 70203/83534 (26.7/s)  ok=67691 mism=1288 crash=389 timeout=0 skip=835  |  inflight=48
  [t=2628s] 70203/83534 (26.7/s)  ok=67691 mism=1288 crash=389 timeout=0 skip=835  |  inflight=48
  [t=2631s] 70203/83534 (26.7/s)  ok=67691 mism=1288 crash=389 timeout=0 skip=835  |  inflight=48
  [t=2634s] 70210/83534 (26.7/s)  ok=67698 mism=1288 crash=389 timeout=0 skip=835  |  inflight=48
  [t=2638s] 70217/83534 (26.6/s)  ok=67705 mism=1288 crash=389 timeout=0 skip=835  |  inflight=48
  [t=2641s] 70217/83534 (26.6/s)  ok=67705 mism=1288 crash=389 timeout=0 skip=835  |  inflight=48
  [t=2644s] 70217/83534 (26.6/s)  ok=67705 mism=1288 crash=389 timeout=0 skip=835  |  inflight=48
  [70317] MISMATCH w80:625 out[0] max|delta|=1.719e+20 (rtol=0.01 atol=0.001)
  [70419] MISMATCH w80:731 out[0] max|delta|=1.678e+07 (rtol=0.0 atol=0.0)
  [70466] MISMATCH w80:79 out[0] max|delta|=7.206e+16 (rtol=0.0 atol=0.0)
  [70473] CRASH    w80:467 executor died (native abort)
  [70499] MISMATCH w81:115 out[0] max|delta|=1.342e+10 (rtol=0.0 atol=0.0)
  [t=2647s] 70500/83534 (26.6/s)  ok=67979 mism=1292 crash=390 timeout=0 skip=839  |  inflight=48
  [t=2650s] 70500/83534 (26.6/s)  ok=67979 mism=1292 crash=390 timeout=0 skip=839  |  inflight=48
  [t=2653s] 70517/83534 (26.6/s)  ok=67996 mism=1292 crash=390 timeout=0 skip=839  |  inflight=48
  [70520] MISMATCH w81:145 out[0] shape (0,) vs (0, 0, 0, 0, 0)
  [70560] CRASH    w81:12 executor died (native abort)
  [t=2656s] 70631/83534 (26.6/s)  ok=68107 mism=1293 crash=391 timeout=0 skip=840  |  inflight=48
  [t=2659s] 70631/83534 (26.6/s)  ok=68107 mism=1293 crash=391 timeout=0 skip=840  |  inflight=48
  [70644] MISMATCH w81:276 out[0] max|delta|=7.205e+16 (rtol=0.0 atol=0.0)
  [t=2663s] 70646/83534 (26.5/s)  ok=68121 mism=1294 crash=391 timeout=0 skip=840  |  inflight=48
  [70674] CRASH    w81:248 executor died (native abort)
  [t=2666s] 70674/83534 (26.5/s)  ok=68148 mism=1294 crash=392 timeout=0 skip=840  |  inflight=48
  [t=2670s] 70684/83534 (26.5/s)  ok=68158 mism=1294 crash=392 timeout=0 skip=840  |  inflight=48
  [t=2673s] 70684/83534 (26.4/s)  ok=68158 mism=1294 crash=392 timeout=0 skip=840  |  inflight=48
  [70719] MISMATCH w81:346 out[0] max|delta|=1.342e+10 (rtol=0.0 atol=0.0)
  [70740] MISMATCH w81:376 out[0] shape (1, 1, 1) vs (0, 0, 0, 0, 0)
  [70792] MISMATCH w81:426 out[0] shape (1,) vs (0, 0, 0, 0, 0)
  [70864] MISMATCH w81:507 out[0] max|delta|=5.369e+08 (rtol=0.0 atol=0.0)
  [70876] MISMATCH w81:521 out[0] max|delta|=1.342e+10 (rtol=0.0 atol=0.0)
  [70905] MISMATCH w81:548 out[0] max|delta|=7.205e+16 (rtol=0.0 atol=0.0)
  [70930] MISMATCH w81:577 out[0] max|delta|=1.342e+10 (rtol=0.0 atol=0.0)
  [70951] MISMATCH w81:607 out[0] shape (0, 0, 0, 0) vs (0, 0, 0, 0, 0)
  [t=2676s] 70988/83534 (26.5/s)  ok=68450 mism=1302 crash=392 timeout=0 skip=844  |  inflight=48
  [71087] MISMATCH w81:75 out[0] max|delta|=2.550e+02 (rtol=0.0 atol=0.0)
  [71117] MISMATCH w81:779 out[0] max|delta|=1.342e+10 (rtol=0.0 atol=0.0)
  [t=2679s] 71125/83534 (26.6/s)  ok=68584 mism=1304 crash=392 timeout=0 skip=845  |  inflight=47
  [71163] MISMATCH w82:116 out[0] max|delta|=1.342e+10 (rtol=0.0 atol=0.0)
  [71205] MISMATCH w82:157 out[0] max|delta|=1.342e+10 (rtol=0.0 atol=0.0)
  [71283] MISMATCH w82:241 out[0] non-finite mismatch (nan/inf positions differ)
  [71383] MISMATCH w82:35 out[0] shape () vs (0, 0, 0, 0, 0)
  [71418] MISMATCH w82:388 out[0] max|delta|=1.678e+07 (rtol=0.0 atol=0.0)
  [71444] MISMATCH w82:417 out[0] max|delta|=1.678e+07 (rtol=0.0 atol=0.0)
  [71482] MISMATCH w82:447 out[0] shape (0, 0, 0, 0) vs (0, 0, 0, 0, 0)
  [71497] MISMATCH w82:472 out[0] non-finite mismatch (nan/inf positions differ)
  [71499] MISMATCH w82:477 out[0] max|delta|=1.000e+00 (rtol=0.0 atol=0.0)
  [71535] MISMATCH w82:514 out[0] shape (1, 1) vs (0, 0, 0)
  [71593] MISMATCH w82:578 out[0] max|delta|=1.342e+10 (rtol=0.0 atol=0.0)
  [71635] MISMATCH w82:619 out[0] max|delta|=1.678e+07 (rtol=0.0 atol=0.0)
  [71702] MISMATCH w82:678 out[0] shape (0, 1) vs (0, 0, 0, 0, 0)
  [71715] MISMATCH w82:703 out[0] non-finite mismatch (nan/inf positions differ)
  [71842] MISMATCH w83:141 out[0] max|delta|=1.678e+07 (rtol=0.0 atol=0.0)
  [71856] MISMATCH w83:155 out[0] max|delta|=1.855e-02 (rtol=0.01 atol=0.001)
  [71887] MISMATCH w83:19 out[0] shape (1, 1, 1, 1) vs (0, 0, 0, 0, 0)
  [71896] MISMATCH w83:200 out[0] shape (1, 1, 1) vs (0, 0, 0, 0, 0)
  [71917] MISMATCH w83:225 out[0] non-finite mismatch (nan/inf positions differ)
  [72120] MISMATCH w83:431 out[0] shape (0, 0, 0, 0) vs (0, 0, 0, 0, 0)
  [72230] MISMATCH w83:562 out[0] max|delta|=1.678e+07 (rtol=0.0 atol=0.0)
  [72320] MISMATCH w83:662 out[0] shape (1, 1, 1, 1) vs (0, 0, 0, 0, 0)
  [72342] MISMATCH w83:687 out[0] non-finite mismatch (nan/inf positions differ)
  [72486] MISMATCH w84:137 out[0] max|delta|=1.342e+10 (rtol=0.0 atol=0.0)
  [72540] MISMATCH w84:196 out[0] shape (0, 0, 0, 0) vs (0, 0, 0, 0, 0)
  [72566] MISMATCH w84:221 out[0] non-finite mismatch (nan/inf positions differ)
  [72655] MISMATCH w84:32 out[0] shape (1, 1, 1) vs (0, 0, 0, 0, 0)
  [72701] MISMATCH w84:368 out[0] max|delta|=1.342e+10 (rtol=0.0 atol=0.0)
  [72757] MISMATCH w84:427 out[0] shape (0, 0, 0, 0) vs (0, 0, 0, 0, 0)
  [72781] MISMATCH w84:452 out[0] non-finite mismatch (nan/inf positions differ)
  [72875] MISMATCH w84:558 out[0] max|delta|=1.342e+10 (rtol=0.0 atol=0.0)
  [72986] MISMATCH w84:683 out[0] non-finite mismatch (nan/inf positions differ)
  [73044] CRASH    w82:83 executor died (native abort)
  [73058] CRASH    w83:529 executor died (native abort)
  [73059] CRASH    w83:298 executor died (native abort)
  [t=2682s] 73059/83534 (27.2/s)  ok=70461 mism=1336 crash=395 timeout=0 skip=867  |  inflight=47
  [73060] CRASH    w83:760 executor died (native abort)
  [73061] CRASH    w84:63 executor died (native abort)
  [73062] CRASH    w84:530 executor died (native abort)
  [73063] CRASH    w84:68 executor died (native abort)
  [t=2685s] 73063/83534 (27.2/s)  ok=70461 mism=1336 crash=399 timeout=0 skip=867  |  inflight=48
  [t=2688s] 73063/83534 (27.2/s)  ok=70461 mism=1336 crash=399 timeout=0 skip=867  |  inflight=48
  [t=2691s] 73063/83534 (27.1/s)  ok=70461 mism=1336 crash=399 timeout=0 skip=867  |  inflight=48
  [t=2694s] 73063/83534 (27.1/s)  ok=70461 mism=1336 crash=399 timeout=0 skip=867  |  inflight=48
  [t=2697s] 73063/83534 (27.1/s)  ok=70461 mism=1336 crash=399 timeout=0 skip=867  |  inflight=48
  [t=2700s] 73063/83534 (27.1/s)  ok=70461 mism=1336 crash=399 timeout=0 skip=867  |  inflight=48
  [t=2703s] 73063/83534 (27.0/s)  ok=70461 mism=1336 crash=399 timeout=0 skip=867  |  inflight=48
  [t=2706s] 73063/83534 (27.0/s)  ok=70461 mism=1336 crash=399 timeout=0 skip=867  |  inflight=48
  [t=2709s] 73063/83534 (27.0/s)  ok=70461 mism=1336 crash=399 timeout=0 skip=867  |  inflight=48
  [t=2712s] 73063/83534 (26.9/s)  ok=70461 mism=1336 crash=399 timeout=0 skip=867  |  inflight=48
  [73064] CRASH    w83:72 executor died (native abort)
  [73065] CRASH    w82:568 executor died (native abort)
  [73066] CRASH    w84:76 executor died (native abort)
  [73067] CRASH    w81:705 executor died (native abort)
  [73068] CRASH    w82:314 executor died (native abort)
  [t=2715s] 73068/83534 (26.9/s)  ok=70461 mism=1336 crash=404 timeout=0 skip=867  |  inflight=48
  [t=2718s] 73068/83534 (26.9/s)  ok=70461 mism=1336 crash=404 timeout=0 skip=867  |  inflight=48
  [t=2721s] 73068/83534 (26.8/s)  ok=70461 mism=1336 crash=404 timeout=0 skip=867  |  inflight=48
  [t=2724s] 73068/83534 (26.8/s)  ok=70461 mism=1336 crash=404 timeout=0 skip=867  |  inflight=48
  [t=2727s] 73068/83534 (26.8/s)  ok=70461 mism=1336 crash=404 timeout=0 skip=867  |  inflight=48
  [t=2730s] 73068/83534 (26.8/s)  ok=70461 mism=1336 crash=404 timeout=0 skip=867  |  inflight=48
  [t=2733s] 73068/83534 (26.7/s)  ok=70461 mism=1336 crash=404 timeout=0 skip=867  |  inflight=48
  [t=2736s] 73068/83534 (26.7/s)  ok=70461 mism=1336 crash=404 timeout=0 skip=867  |  inflight=48
  [t=2739s] 73068/83534 (26.7/s)  ok=70461 mism=1336 crash=404 timeout=0 skip=867  |  inflight=48
  [t=2742s] 73068/83534 (26.6/s)  ok=70461 mism=1336 crash=404 timeout=0 skip=867  |  inflight=48
  [t=2745s] 73068/83534 (26.6/s)  ok=70461 mism=1336 crash=404 timeout=0 skip=867  |  inflight=48
  [73069] CRASH    w84:299 executor died (native abort)
  [73070] CRASH    w83:67 executor died (native abort)
  [t=2749s] 73070/83534 (26.6/s)  ok=70461 mism=1336 crash=406 timeout=0 skip=867  |  inflight=48
  [t=2752s] 73070/83534 (26.6/s)  ok=70461 mism=1336 crash=406 timeout=0 skip=867  |  inflight=48
  [t=2755s] 73070/83534 (26.5/s)  ok=70461 mism=1336 crash=406 timeout=0 skip=867  |  inflight=48
  [t=2758s] 73070/83534 (26.5/s)  ok=70461 mism=1336 crash=406 timeout=0 skip=867  |  inflight=48
  [t=2761s] 73070/83534 (26.5/s)  ok=70461 mism=1336 crash=406 timeout=0 skip=867  |  inflight=48
  [t=2764s] 73070/83534 (26.4/s)  ok=70461 mism=1336 crash=406 timeout=0 skip=867  |  inflight=48
  [t=2767s] 73070/83534 (26.4/s)  ok=70461 mism=1336 crash=406 timeout=0 skip=867  |  inflight=48
  [t=2770s] 73073/83534 (26.4/s)  ok=70464 mism=1336 crash=406 timeout=0 skip=867  |  inflight=47
  [73145] MISMATCH w85:132 out[0] max|delta|=1.342e+10 (rtol=0.0 atol=0.0)
  [73231] MISMATCH w85:232 out[0] shape (0, 0, 0, 0) vs (0, 0, 0, 0, 0)
  [73355] MISMATCH w85:363 out[0] max|delta|=1.342e+10 (rtol=0.0 atol=0.0)
  [t=2773s] 73484/83534 (26.5/s)  ok=70868 mism=1339 crash=406 timeout=0 skip=871  |  inflight=48
  [73578] CRASH    w84:761 executor died (native abort)
  [73605] MISMATCH w85:635 out[0] max|delta|=7.206e+16 (rtol=0.0 atol=0.0)
  [73674] MISMATCH w85:694 out[0] shape (0, 0, 0) vs (0, 0, 0, 0, 0)
  [73682] MISMATCH w85:719 out[0] non-finite mismatch (nan/inf positions differ)
  [73848] MISMATCH w86:179 out[0] shape (0, 0, 0, 0) vs (0, 0, 0, 0, 0)
  [73855] MISMATCH w86:204 out[0] non-finite mismatch (nan/inf positions differ)
  [74042] MISMATCH w86:410 out[0] shape (1, 1, 1, 1, 1) vs (0, 0, 0, 0, 0)
  [74202] CRASH    w85:330 executor died (native abort)
  [74306] MISMATCH w86:691 out[0] shape () vs (0, 0)
  [74373] MISMATCH w86:772 out[0] max|delta|=1.342e+10 (rtol=0.0 atol=0.0)
  [74423] MISMATCH w87:126 out[0] non-finite mismatch (nan/inf positions differ)
  [74448] MISMATCH w87:153 out[0] max|delta|=1.342e+10 (rtol=0.0 atol=0.0)
  [74530] MISMATCH w87:237 out[0] non-finite mismatch (nan/inf positions differ)
  [74630] MISMATCH w87:343 out[0] max|delta|=1.342e+10 (rtol=0.0 atol=0.0)
  [74639] MISMATCH w87:357 out[0] max|delta|=1.678e+07 (rtol=0.0 atol=0.0)
  [74749] MISMATCH w87:468 out[0] shape (2, 1) vs (2, 2)
  [74844] MISMATCH w87:574 out[0] max|delta|=1.342e+10 (rtol=0.0 atol=0.0)
  [74865] MISMATCH w87:6 out[0] non-finite mismatch (nan/inf positions differ)
  [74870] MISMATCH w87:604 out[0] max|delta|=1.000e+00 (rtol=0.0 atol=0.0)
  [t=2776s] 74872/83534 (27.0/s)  ok=72224 mism=1356 crash=408 timeout=0 skip=884  |  inflight=47
  [74880] MISMATCH w87:615 out[0] max|delta|=1.342e+10 (rtol=0.0 atol=0.0)
  [74981] MISMATCH w87:724 out[0] shape (1, 1, 1) vs (0, 0, 0, 0, 0)
  [75047] MISMATCH w88:0 out[0] max|delta|=2.102e+20 (rtol=0.01 atol=0.001)
  [75054] MISMATCH w88:106 out[0] max|delta|=1.342e+10 (rtol=0.0 atol=0.0)
  [75082] MISMATCH w88:136 out[0] max|delta|=2.550e+02 (rtol=0.0 atol=0.0)
  [75093] MISMATCH w88:147 out[0] max|delta|=1.342e+10 (rtol=0.0 atol=0.0)
  [75150] MISMATCH w88:206 out[0] shape (0, 0, 0, 0) vs (0, 0, 0, 0, 0)
  [75173] MISMATCH w88:231 out[0] non-finite mismatch (nan/inf positions differ)
  [75197] MISMATCH w88:256 out[0] shape () vs (0, 0, 0, 0, 0)
  [75214] MISMATCH w88:273 out[0] shape (1,) vs (0, 0, 0, 0, 0)
  [t=2779s] 75247/83534 (27.1/s)  ok=72582 mism=1366 crash=408 timeout=0 skip=891  |  inflight=48
  [t=2783s] 75250/83534 (27.0/s)  ok=72585 mism=1366 crash=408 timeout=0 skip=891  |  inflight=48
  [t=2786s] 75254/83534 (27.0/s)  ok=72589 mism=1366 crash=408 timeout=0 skip=891  |  inflight=47
  [75255] CRASH    w87:84 executor died (native abort)
  [75257] CRASH    w88:314 executor died (native abort)
  [75258] CRASH    w87:541 executor died (native abort)
  [75260] CRASH    w85:99 executor died (native abort)
  [75262] CRASH    w86:51 executor died (native abort)
  [75263] CRASH    w85:561 executor died (native abort)
  [75265] CRASH    w87:772 executor died (native abort)
  [75266] CRASH    w86:277 executor died (native abort)
  [75268] CRASH    w86:46 executor died (native abort)
  [75269] CRASH    w86:508 executor died (native abort)
  [75271] MISMATCH w88:337 out[0] max|delta|=1.342e+10 (rtol=0.0 atol=0.0)
  [75285] MISMATCH w88:351 out[0] max|delta|=1.342e+10 (rtol=0.0 atol=0.0)
  [75286] CRASH    w87:546 executor died (native abort)
  [t=2789s] 75348/83534 (27.0/s)  ok=72669 mism=1368 crash=419 timeout=0 skip=892  |  inflight=48
  [t=2792s] 75349/83534 (27.0/s)  ok=72670 mism=1368 crash=419 timeout=0 skip=892  |  inflight=48
  [t=2795s] 75349/83534 (27.0/s)  ok=72670 mism=1368 crash=419 timeout=0 skip=892  |  inflight=48
  [t=2798s] 75350/83534 (26.9/s)  ok=72671 mism=1368 crash=419 timeout=0 skip=892  |  inflight=48
  [t=2802s] 75351/83534 (26.9/s)  ok=72672 mism=1368 crash=419 timeout=0 skip=892  |  inflight=48
  [t=2805s] 75352/83534 (26.9/s)  ok=72673 mism=1368 crash=419 timeout=0 skip=892  |  inflight=48
  [t=2808s] 75352/83534 (26.8/s)  ok=72673 mism=1368 crash=419 timeout=0 skip=892  |  inflight=48
  [t=2811s] 75353/83534 (26.8/s)  ok=72674 mism=1368 crash=419 timeout=0 skip=892  |  inflight=48
  [t=2814s] 75354/83534 (26.8/s)  ok=72675 mism=1368 crash=419 timeout=0 skip=892  |  inflight=48
  [t=2818s] 75354/83534 (26.7/s)  ok=72675 mism=1368 crash=419 timeout=0 skip=892  |  inflight=48
  [t=2821s] 75354/83534 (26.7/s)  ok=72675 mism=1368 crash=419 timeout=0 skip=892  |  inflight=48
  [t=2824s] 75355/83534 (26.7/s)  ok=72676 mism=1368 crash=419 timeout=0 skip=892  |  inflight=48
  [t=2827s] 75355/83534 (26.7/s)  ok=72676 mism=1368 crash=419 timeout=0 skip=892  |  inflight=48
  [t=2830s] 75355/83534 (26.6/s)  ok=72676 mism=1368 crash=419 timeout=0 skip=892  |  inflight=48
  [t=2833s] 75356/83534 (26.6/s)  ok=72677 mism=1368 crash=419 timeout=0 skip=892  |  inflight=48
  [t=2836s] 75358/83534 (26.6/s)  ok=72679 mism=1368 crash=419 timeout=0 skip=892  |  inflight=48
  [t=2839s] 75365/83534 (26.5/s)  ok=72686 mism=1368 crash=419 timeout=0 skip=892  |  inflight=47
  [t=2842s] 75416/83534 (26.5/s)  ok=72737 mism=1368 crash=419 timeout=0 skip=892  |  inflight=48
  [t=2845s] 75465/83534 (26.5/s)  ok=72785 mism=1368 crash=419 timeout=0 skip=893  |  inflight=48
  [75489] MISMATCH w88:568 out[0] max|delta|=1.342e+10 (rtol=0.0 atol=0.0)
  [75536] MISMATCH w88:609 out[0] max|delta|=1.342e+10 (rtol=0.0 atol=0.0)
  [75547] MISMATCH w88:623 out[0] max|delta|=1.855e-02 (rtol=0.01 atol=0.001)
  [75589] MISMATCH w88:668 out[0] shape (0,) vs (0, 0, 0, 0, 0)
  [75820] MISMATCH w89:21 out[0] max|delta|=1.342e+10 (rtol=0.0 atol=0.0)
  [75855] MISMATCH w89:252 out[0] max|delta|=1.342e+10 (rtol=0.0 atol=0.0)
  [75894] MISMATCH w89:293 out[0] max|delta|=7.206e+16 (rtol=0.0 atol=0.0)
  [75948] MISMATCH w89:35 out[0] max|delta|=1.342e+10 (rtol=0.0 atol=0.0)
  [75952] MISMATCH w89:352 out[0] max|delta|=3.000e+00 (rtol=0.0 atol=0.0)
  [75972] MISMATCH w89:377 out[0] non-finite mismatch (nan/inf positions differ)
  [76010] MISMATCH w89:402 out[0] shape (1, 1) vs (0, 0, 0)
  [76069] MISMATCH w89:483 out[0] max|delta|=1.342e+10 (rtol=0.0 atol=0.0)
  [76109] MISMATCH w89:524 out[0] max|delta|=7.206e+16 (rtol=0.0 atol=0.0)
  [76191] MISMATCH w89:608 out[0] non-finite mismatch (nan/inf positions differ)
  [76202] MISMATCH w89:62 out[0] max|delta|=1.342e+10 (rtol=0.0 atol=0.0)
  [76328] MISMATCH w89:755 out[0] max|delta|=1.678e+07 (rtol=0.0 atol=0.0)
  [76365] MISMATCH w89:91 out[0] max|delta|=1.342e+10 (rtol=0.0 atol=0.0)
  [76408] MISMATCH w9:138 out[0] non-finite mismatch (nan/inf positions differ)
  [76443] MISMATCH w9:168 out[0] shape (0, 0) vs (0, 0, 0, 0, 0)
  [76458] MISMATCH w9:193 out[0] non-finite mismatch (nan/inf positions differ)
  [76481] MISMATCH w9:218 out[0] shape () vs (0, 0, 0, 0, 0)
  [76483] MISMATCH w9:220 out[0] non-finite mismatch (nan/inf positions differ)
  [76497] MISMATCH w9:235 out[0] shape (1, 1, 1, 1, 1) vs (0, 0, 0, 0, 0)
  [t=2848s] 76546/83534 (26.9/s)  ok=73831 mism=1391 crash=419 timeout=0 skip=905  |  inflight=47
  [76552] MISMATCH w9:299 out[0] max|delta|=5.369e+08 (rtol=0.0 atol=0.0)
  [76566] MISMATCH w9:313 out[0] max|delta|=1.342e+10 (rtol=0.0 atol=0.0)
  [76590] MISMATCH w9:340 out[0] max|delta|=1.342e+10 (rtol=0.0 atol=0.0)
  [76647] MISMATCH w9:399 out[0] shape (1, 1, 0, 1, 1) vs (0, 0, 0, 0, 0)
  [76666] MISMATCH w9:424 out[0] non-finite mismatch (nan/inf positions differ)
  [76679] MISMATCH w9:44 out[0] max|delta|=4.295e+09 (rtol=0.0 atol=0.0)
  [76693] MISMATCH w9:451 out[0] non-finite mismatch (nan/inf positions differ)
  [76804] CRASH    w88:535 executor died (native abort)
  [76806] MISMATCH w9:571 out[0] max|delta|=1.342e+10 (rtol=0.0 atol=0.0)
  [76860] MISMATCH w9:630 out[0] shape (1, 1, 1, 1) vs (0, 0, 0, 0, 0)
  [76882] MISMATCH w9:655 out[0] non-finite mismatch (nan/inf positions differ)
  [76905] MISMATCH w9:68 out[0] max|delta|=1.342e+10 (rtol=0.0 atol=0.0)
  [76908] MISMATCH w9:682 out[0] non-finite mismatch (nan/inf positions differ)
  [76953] MISMATCH w9:737 out[0] max|delta|=1.000e+00 (rtol=0.0 atol=0.0)
  [76979] MISMATCH w9:762 out[0] non-finite mismatch (nan/inf positions differ)
  [t=2852s] 76979/83534 (27.0/s)  ok=74245 mism=1405 crash=420 timeout=0 skip=909  |  inflight=48
  [t=2855s] 76985/83534 (27.0/s)  ok=74251 mism=1405 crash=420 timeout=0 skip=909  |  inflight=48
  [t=2858s] 76985/83534 (26.9/s)  ok=74251 mism=1405 crash=420 timeout=0 skip=909  |  inflight=48
  [76991] MISMATCH w9:775 out[0] max|delta|=1.342e+10 (rtol=0.0 atol=0.0)
  [76993] MISMATCH w9:777 out[0] max|delta|=2.550e+02 (rtol=0.0 atol=0.0)
  [76996] CRASH    w9:266 executor died (native abort)
  [76999] CRASH    w9:35 executor died (native abort)
  [77001] CRASH    w9:502 executor died (native abort)
  [77003] CRASH    w89:219 executor died (native abort)
  [77005] CRASH    w89:450 executor died (native abort)
  [77006] CRASH    w9:40 executor died (native abort)
  [77007] CRASH    w88:73 executor died (native abort)
  [77008] CRASH    w88:771 executor died (native abort)
  [t=2861s] 77008/83534 (26.9/s)  ok=74264 mism=1407 crash=428 timeout=0 skip=909  |  inflight=48
  [t=2864s] 77008/83534 (26.9/s)  ok=74264 mism=1407 crash=428 timeout=0 skip=909  |  inflight=48
  [t=2867s] 77008/83534 (26.9/s)  ok=74264 mism=1407 crash=428 timeout=0 skip=909  |  inflight=48
  [t=2870s] 77008/83534 (26.8/s)  ok=74264 mism=1407 crash=428 timeout=0 skip=909  |  inflight=48
  [t=2873s] 77008/83534 (26.8/s)  ok=74264 mism=1407 crash=428 timeout=0 skip=909  |  inflight=48
  [t=2876s] 77008/83534 (26.8/s)  ok=74264 mism=1407 crash=428 timeout=0 skip=909  |  inflight=48
  [t=2879s] 77008/83534 (26.7/s)  ok=74264 mism=1407 crash=428 timeout=0 skip=909  |  inflight=48
  [t=2882s] 77008/83534 (26.7/s)  ok=74264 mism=1407 crash=428 timeout=0 skip=909  |  inflight=48
  [t=2885s] 77008/83534 (26.7/s)  ok=74264 mism=1407 crash=428 timeout=0 skip=909  |  inflight=48
  [t=2888s] 77008/83534 (26.7/s)  ok=74264 mism=1407 crash=428 timeout=0 skip=909  |  inflight=48
  [t=2891s] 77008/83534 (26.6/s)  ok=74264 mism=1407 crash=428 timeout=0 skip=909  |  inflight=48
  [t=2894s] 77008/83534 (26.6/s)  ok=74264 mism=1407 crash=428 timeout=0 skip=909  |  inflight=48
  [t=2897s] 77008/83534 (26.6/s)  ok=74264 mism=1407 crash=428 timeout=0 skip=909  |  inflight=48
  [77013] CRASH    w89:224 executor died (native abort)
  [77019] CRASH    w89:455 executor died (native abort)
  [77033] CRASH    w89:681 executor died (native abort)
  [77034] MISMATCH w90:118 out[0] non-finite mismatch (nan/inf positions differ)
  [t=2901s] 77053/83534 (26.6/s)  ok=74305 mism=1408 crash=431 timeout=0 skip=909  |  inflight=48
  [t=2904s] 77053/83534 (26.5/s)  ok=74305 mism=1408 crash=431 timeout=0 skip=909  |  inflight=48
  [t=2907s] 77054/83534 (26.5/s)  ok=74306 mism=1408 crash=431 timeout=0 skip=909  |  inflight=48
  [t=2910s] 77054/83534 (26.5/s)  ok=74306 mism=1408 crash=431 timeout=0 skip=909  |  inflight=48
  [t=2913s] 77054/83534 (26.5/s)  ok=74306 mism=1408 crash=431 timeout=0 skip=909  |  inflight=48
  [t=2916s] 77054/83534 (26.4/s)  ok=74306 mism=1408 crash=431 timeout=0 skip=909  |  inflight=48
  [t=2919s] 77054/83534 (26.4/s)  ok=74306 mism=1408 crash=431 timeout=0 skip=909  |  inflight=48
  [t=2922s] 77055/83534 (26.4/s)  ok=74307 mism=1408 crash=431 timeout=0 skip=909  |  inflight=48
  [t=2925s] 77067/83534 (26.3/s)  ok=74319 mism=1408 crash=431 timeout=0 skip=909  |  inflight=48
  [t=2928s] 77086/83534 (26.3/s)  ok=74338 mism=1408 crash=431 timeout=0 skip=909  |  inflight=48
  [t=2931s] 77086/83534 (26.3/s)  ok=74338 mism=1408 crash=431 timeout=0 skip=909  |  inflight=48
  [77150] MISMATCH w90:238 out[0] max|delta|=1.678e+07 (rtol=0.0 atol=0.0)
  [77184] MISMATCH w90:265 out[0] max|delta|=1.342e+10 (rtol=0.0 atol=0.0)
  [77248] MISMATCH w90:324 out[0] shape (1, 1, 1, 1) vs (0, 0, 0, 0, 0)
  [77260] MISMATCH w90:349 out[0] non-finite mismatch (nan/inf positions differ)
  [77300] MISMATCH w90:374 out[0] shape (1, 1, 1) vs (0, 0, 0, 0, 0)
  [77359] MISMATCH w90:455 out[0] max|delta|=1.678e+07 (rtol=0.0 atol=0.0)
  [77575] MISMATCH w90:686 out[0] max|delta|=1.342e+10 (rtol=0.0 atol=0.0)
  [77595] MISMATCH w90:7 out[0] max|delta|=1.342e+10 (rtol=0.0 atol=0.0)
  [77649] MISMATCH w90:756 out[0] max|delta|=1.342e+10 (rtol=0.0 atol=0.0)
  [77949] MISMATCH w91:38 out[0] max|delta|=1.678e+07 (rtol=0.0 atol=0.0)
  [77963] MISMATCH w91:394 out[0] non-finite mismatch (nan/inf positions differ)
  [78055] MISMATCH w91:500 out[0] max|delta|=1.678e+07 (rtol=0.0 atol=0.0)
  [78071] MISMATCH w91:52 out[0] max|delta|=1.678e+07 (rtol=0.0 atol=0.0)
  [78096] MISMATCH w91:541 out[0] max|delta|=5.369e+08 (rtol=0.0 atol=0.0)
  [78157] MISMATCH w91:600 out[0] shape (0, 0, 0, 0) vs (0, 0, 0, 0, 0)
  [78170] MISMATCH w91:625 out[0] non-finite mismatch (nan/inf positions differ)
  [78201] MISMATCH w91:650 out[0] shape (1, 1, 1) vs (0, 0, 0, 0)
  [78317] MISMATCH w91:79 out[0] max|delta|=1.342e+10 (rtol=0.0 atol=0.0)
  [78377] MISMATCH w92:144 out[0] max|delta|=1.342e+10 (rtol=0.0 atol=0.0)
  [78434] MISMATCH w92:203 out[0] shape (1, 1, 1, 1) vs (0, 0, 0, 0, 0)
  [78458] MISMATCH w92:228 out[0] max|delta|=1.860e+22 (rtol=0.01 atol=0.001)
  [78459] CRASH    w90:191 executor died (native abort)
  [78595] MISMATCH w92:375 out[0] max|delta|=1.342e+10 (rtol=0.0 atol=0.0)
  [t=2934s] 78631/83534 (26.8/s)  ok=75842 mism=1430 crash=432 timeout=0 skip=927  |  inflight=47
  [78652] MISMATCH w92:434 out[0] shape (0,) vs (0, 0, 0, 0, 0)
  [78680] CRASH    w90:196 executor died (native abort)
  [78744] CRASH    w91:698 executor died (native abort)
  [t=2937s] 78744/83534 (26.8/s)  ok=75952 mism=1431 crash=434 timeout=0 skip=927  |  inflight=48
  [t=2940s] 78744/83534 (26.8/s)  ok=75952 mism=1431 crash=434 timeout=0 skip=927  |  inflight=48
  [t=2943s] 78744/83534 (26.8/s)  ok=75952 mism=1431 crash=434 timeout=0 skip=927  |  inflight=48
  [t=2946s] 78744/83534 (26.7/s)  ok=75952 mism=1431 crash=434 timeout=0 skip=927  |  inflight=48
  [78745] CRASH    w92:537 executor died (native abort)
  [78746] CRASH    w91:467 executor died (native abort)
  [78747] CRASH    w92:301 executor died (native abort)
  [t=2950s] 78747/83534 (26.7/s)  ok=75952 mism=1431 crash=437 timeout=0 skip=927  |  inflight=47
  [78748] CRASH    w91:10 executor died (native abort)
  [78749] CRASH    w91:241 executor died (native abort)
  [78750] CRASH    w92:532 executor died (native abort)
  [78751] CRASH    w91:472 executor died (native abort)
  [78752] CRASH    w91:703 executor died (native abort)
  [78753] CRASH    w92:306 executor died (native abort)
  [78771] CRASH    w90:427 executor died (native abort)
  [78773] MISMATCH w92:565 out[0] max|delta|=1.342e+10 (rtol=0.0 atol=0.0)
  [78774] CRASH    w91:5 executor died (native abort)
  [t=2953s] 78774/83534 (26.7/s)  ok=75970 mism=1432 crash=445 timeout=0 skip=927  |  inflight=48
  [t=2956s] 78775/83534 (26.6/s)  ok=75971 mism=1432 crash=445 timeout=0 skip=927  |  inflight=48
  [t=2959s] 78775/83534 (26.6/s)  ok=75971 mism=1432 crash=445 timeout=0 skip=927  |  inflight=48
  [t=2962s] 78775/83534 (26.6/s)  ok=75971 mism=1432 crash=445 timeout=0 skip=927  |  inflight=48
  [t=2965s] 78776/83534 (26.6/s)  ok=75972 mism=1432 crash=445 timeout=0 skip=927  |  inflight=48
  [t=2968s] 78777/83534 (26.5/s)  ok=75973 mism=1432 crash=445 timeout=0 skip=927  |  inflight=48
  [t=2971s] 78777/83534 (26.5/s)  ok=75973 mism=1432 crash=445 timeout=0 skip=927  |  inflight=48
  [t=2975s] 78778/83534 (26.5/s)  ok=75974 mism=1432 crash=445 timeout=0 skip=927  |  inflight=48
  [t=2978s] 78779/83534 (26.5/s)  ok=75975 mism=1432 crash=445 timeout=0 skip=927  |  inflight=48
  [t=2981s] 78780/83534 (26.4/s)  ok=75976 mism=1432 crash=445 timeout=0 skip=927  |  inflight=48
  [t=2984s] 78780/83534 (26.4/s)  ok=75976 mism=1432 crash=445 timeout=0 skip=927  |  inflight=48
  [t=2987s] 78780/83534 (26.4/s)  ok=75976 mism=1432 crash=445 timeout=0 skip=927  |  inflight=48
  [t=2990s] 78781/83534 (26.3/s)  ok=75977 mism=1432 crash=445 timeout=0 skip=927  |  inflight=48
  [t=2993s] 78781/83534 (26.3/s)  ok=75977 mism=1432 crash=445 timeout=0 skip=927  |  inflight=48
  [t=2996s] 78781/83534 (26.3/s)  ok=75977 mism=1432 crash=445 timeout=0 skip=927  |  inflight=48
  [t=2999s] 78782/83534 (26.3/s)  ok=75978 mism=1432 crash=445 timeout=0 skip=927  |  inflight=48
  [t=3003s] 78785/83534 (26.2/s)  ok=75981 mism=1432 crash=445 timeout=0 skip=927  |  inflight=48
  [t=3006s] 78785/83534 (26.2/s)  ok=75981 mism=1432 crash=445 timeout=0 skip=927  |  inflight=48
  [78809] MISMATCH w92:606 out[0] max|delta|=1.342e+10 (rtol=0.0 atol=0.0)
  [78835] MISMATCH w92:635 out[0] max|delta|=1.342e+10 (rtol=0.0 atol=0.0)
  [t=3009s] 78880/83534 (26.2/s)  ok=76073 mism=1434 crash=445 timeout=0 skip=928  |  inflight=48
  [t=3012s] 78881/83534 (26.2/s)  ok=76074 mism=1434 crash=445 timeout=0 skip=928  |  inflight=48
  [t=3015s] 78881/83534 (26.2/s)  ok=76074 mism=1434 crash=445 timeout=0 skip=928  |  inflight=48
  [78885] MISMATCH w92:690 out[0] non-finite mismatch (nan/inf positions differ)
  [t=3018s] 78938/83534 (26.2/s)  ok=76130 mism=1435 crash=445 timeout=0 skip=928  |  inflight=47
  [t=3021s] 78950/83534 (26.1/s)  ok=76142 mism=1435 crash=445 timeout=0 skip=928  |  inflight=48
  [79132] MISMATCH w93:243 out[0] max|delta|=1.342e+10 (rtol=0.0 atol=0.0)
  [79159] MISMATCH w93:273 out[0] shape (0, 0, 0, 0) vs (0, 0, 0, 0, 0)
  [79181] MISMATCH w93:298 out[0] non-finite mismatch (nan/inf positions differ)
  [79275] MISMATCH w93:404 out[0] max|delta|=5.369e+08 (rtol=0.0 atol=0.0)
  [t=3025s] 79277/83534 (26.2/s)  ok=76462 mism=1439 crash=445 timeout=0 skip=931  |  inflight=48
  [t=3028s] 79277/83534 (26.2/s)  ok=76462 mism=1439 crash=445 timeout=0 skip=931  |  inflight=48
  [79319] MISMATCH w93:445 out[0] max|delta|=7.205e+16 (rtol=0.0 atol=0.0)
  [79324] CRASH    w93:371 executor died (native abort)
  [79365] CRASH    w93:140 executor died (native abort)
  [79383] MISMATCH w93:504 out[0] shape (1,) vs (0, 0, 0, 0)
  [79397] MISMATCH w93:529 out[0] non-finite mismatch (nan/inf positions differ)
  [79421] MISMATCH w93:554 out[0] shape (1, 1, 1, 1) vs (0, 0, 0, 0, 0)
  [79440] CRASH    w93:145 executor died (native abort)
  [79585] MISMATCH w93:735 out[0] shape (1, 0, 1, 1, 1) vs (0, 0, 0, 0, 0)
  [79599] MISMATCH w93:760 out[0] non-finite mismatch (nan/inf positions differ)
  [79653] MISMATCH w94:112 out[0] non-finite mismatch (nan/inf positions differ)
  [79667] MISMATCH w94:127 out[0] non-finite mismatch (nan/inf positions differ)
  [79714] MISMATCH w94:182 out[0] non-finite mismatch (nan/inf positions differ)
  [79809] MISMATCH w94:288 out[0] max|delta|=1.342e+10 (rtol=0.0 atol=0.0)
  [79820] MISMATCH w94:302 out[0] max|delta|=1.342e+10 (rtol=0.0 atol=0.0)
  [79846] MISMATCH w94:329 out[0] max|delta|=1.342e+10 (rtol=0.0 atol=0.0)
  [79898] MISMATCH w94:388 out[0] shape (1, 1, 1, 1, 1) vs (0, 0, 0, 0, 0)
  [79928] MISMATCH w94:413 out[0] non-finite mismatch (nan/inf positions differ)
  [80022] MISMATCH w94:519 out[0] max|delta|=1.342e+10 (rtol=0.0 atol=0.0)
  [80123] MISMATCH w94:619 out[0] shape (1, 1, 1, 1) vs (0, 0, 0, 0, 0)
  [80280] MISMATCH w94:98 out[0] max|delta|=1.342e+10 (rtol=0.0 atol=0.0)
  [80297] MISMATCH w95:114 out[0] non-finite mismatch (nan/inf positions differ)
  [80341] MISMATCH w95:156 out[0] shape () vs (0, 0, 0, 0)
  [80394] MISMATCH w95:220 out[0] max|delta|=1.678e+07 (rtol=0.0 atol=0.0)
  [80437] MISMATCH w95:261 out[0] max|delta|=1.342e+10 (rtol=0.0 atol=0.0)
  [80471] MISMATCH w95:30 out[0] max|delta|=1.342e+10 (rtol=0.0 atol=0.0)
  [80489] MISMATCH w95:320 out[0] shape (0, 0, 0) vs (0, 0, 0, 0, 0)
  [80621] MISMATCH w95:465 out[0] max|delta|=1.678e+07 (rtol=0.0 atol=0.0)
  [80699] MISMATCH w95:551 out[0] shape (0, 0, 0, 0) vs (0, 0, 0, 0, 0)
  [80722] MISMATCH w95:576 out[0] non-finite mismatch (nan/inf positions differ)
  [t=3031s] 80755/83534 (26.6/s)  ok=77896 mism=1465 crash=448 timeout=0 skip=946  |  inflight=48
  [t=3034s] 80755/83534 (26.6/s)  ok=77896 mism=1465 crash=448 timeout=0 skip=946  |  inflight=48
  [t=3037s] 80763/83534 (26.6/s)  ok=77904 mism=1465 crash=448 timeout=0 skip=946  |  inflight=48
  [t=3041s] 80765/83534 (26.6/s)  ok=77906 mism=1465 crash=448 timeout=0 skip=946  |  inflight=48
  [80777] CRASH    w95:423 executor died (native abort)
  [80779] CRASH    w93:607 executor died (native abort)
  [80780] CRASH    w94:255 executor died (native abort)
  [t=3044s] 80780/83534 (26.5/s)  ok=77918 mism=1465 crash=451 timeout=0 skip=946  |  inflight=47
  [80784] CRASH    w93:376 executor died (native abort)
  [80785] CRASH    w95:187 executor died (native abort)
  [80807] CRASH    w94:486 executor died (native abort)
  [80813] CRASH    w93:602 executor died (native abort)
  [80842] CRASH    w94:24 executor died (native abort)
  [80848] MISMATCH w95:712 out[0] max|delta|=2.000e+00 (rtol=0.0 atol=0.0)
  [t=3047s] 80848/83534 (26.5/s)  ok=77979 mism=1466 crash=456 timeout=0 skip=947  |  inflight=48
  [t=3050s] 80850/83534 (26.5/s)  ok=77981 mism=1466 crash=456 timeout=0 skip=947  |  inflight=48
  [t=3053s] 80850/83534 (26.5/s)  ok=77981 mism=1466 crash=456 timeout=0 skip=947  |  inflight=48
  [t=3056s] 80850/83534 (26.5/s)  ok=77981 mism=1466 crash=456 timeout=0 skip=947  |  inflight=48
  [t=3059s] 80851/83534 (26.4/s)  ok=77982 mism=1466 crash=456 timeout=0 skip=947  |  inflight=48
  [t=3062s] 80851/83534 (26.4/s)  ok=77982 mism=1466 crash=456 timeout=0 skip=947  |  inflight=48
  [t=3065s] 80851/83534 (26.4/s)  ok=77982 mism=1466 crash=456 timeout=0 skip=947  |  inflight=48
  [t=3068s] 80853/83534 (26.4/s)  ok=77984 mism=1466 crash=456 timeout=0 skip=947  |  inflight=48
  [80854] CRASH    w95:649 executor died (native abort)
  [t=3072s] 80854/83534 (26.3/s)  ok=77984 mism=1466 crash=457 timeout=0 skip=947  |  inflight=48
  [t=3075s] 80854/83534 (26.3/s)  ok=77984 mism=1466 crash=457 timeout=0 skip=947  |  inflight=48
  [t=3078s] 80855/83534 (26.3/s)  ok=77985 mism=1466 crash=457 timeout=0 skip=947  |  inflight=48
  [80858] CRASH    w95:654 executor died (native abort)
  [t=3081s] 80858/83534 (26.2/s)  ok=77987 mism=1466 crash=458 timeout=0 skip=947  |  inflight=48
  [80859] MISMATCH w95:723 out[0] max|delta|=1.342e+10 (rtol=0.0 atol=0.0)
  [t=3085s] 80860/83534 (26.2/s)  ok=77988 mism=1467 crash=458 timeout=0 skip=947  |  inflight=48
  [t=3088s] 80860/83534 (26.2/s)  ok=77988 mism=1467 crash=458 timeout=0 skip=947  |  inflight=48
  [t=3091s] 80860/83534 (26.2/s)  ok=77988 mism=1467 crash=458 timeout=0 skip=947  |  inflight=48
  [t=3094s] 80866/83534 (26.1/s)  ok=77994 mism=1467 crash=458 timeout=0 skip=947  |  inflight=48
  [t=3097s] 80877/83534 (26.1/s)  ok=78005 mism=1467 crash=458 timeout=0 skip=947  |  inflight=47
  [80886] MISMATCH w95:752 out[0] max|delta|=1.342e+10 (rtol=0.0 atol=0.0)
  [80919] MISMATCH w95:89 out[0] shape (0,) vs (0, 0, 0, 0, 0)
  [80935] MISMATCH w96:100 out[0] non-finite mismatch (nan/inf positions differ)
  [t=3100s] 80957/83534 (26.1/s)  ok=78081 mism=1470 crash=458 timeout=0 skip=948  |  inflight=48
  [t=3103s] 80985/83534 (26.1/s)  ok=78109 mism=1470 crash=458 timeout=0 skip=948  |  inflight=48
  [t=3106s] 80985/83534 (26.1/s)  ok=78109 mism=1470 crash=458 timeout=0 skip=948  |  inflight=48
  [81033] MISMATCH w96:206 out[0] max|delta|=9.280e+02 (rtol=0.0 atol=0.0)
  [t=3109s] 81079/83534 (26.1/s)  ok=78200 mism=1471 crash=458 timeout=0 skip=950  |  inflight=48
  [t=3112s] 81094/83534 (26.1/s)  ok=78214 mism=1471 crash=458 timeout=0 skip=951  |  inflight=47
  [81107] CRASH    w96:173 executor died (native abort)
  [81152] MISMATCH w96:331 out[0] non-finite mismatch (nan/inf positions differ)
  [81263] MISMATCH w96:45 out[0] max|delta|=1.678e+07 (rtol=0.0 atol=0.0)
  [81372] MISMATCH w96:562 out[0] non-finite mismatch (nan/inf positions differ)
  [t=3116s] 81417/83534 (26.1/s)  ok=78530 mism=1474 crash=459 timeout=0 skip=954  |  inflight=48
  [81454] CRASH    w96:409 executor died (native abort)
  [t=3119s] 81454/83534 (26.1/s)  ok=78566 mism=1474 crash=460 timeout=0 skip=954  |  inflight=48
  [t=3122s] 81454/83534 (26.1/s)  ok=78566 mism=1474 crash=460 timeout=0 skip=954  |  inflight=48
  [t=3125s] 81473/83534 (26.1/s)  ok=78585 mism=1474 crash=460 timeout=0 skip=954  |  inflight=48
  [81515] MISMATCH w96:723 out[0] max|delta|=1.855e-02 (rtol=0.01 atol=0.001)
  [81518] CRASH    w96:635 executor died (native abort)
  [81528] CRASH    w96:640 executor died (native abort)
  [81563] MISMATCH w96:768 out[0] shape (0, 0, 0, 0) vs (0, 0, 0, 0, 0)
  [81665] MISMATCH w97:183 out[0] max|delta|=1.342e+10 (rtol=0.0 atol=0.0)
  [81784] MISMATCH w97:308 out[0] max|delta|=3.555e+20 (rtol=0.01 atol=0.001)
  [81880] MISMATCH w97:414 out[0] max|delta|=1.342e+10 (rtol=0.0 atol=0.0)
  [81917] MISMATCH w97:455 out[0] max|delta|=1.342e+10 (rtol=0.0 atol=0.0)
  [81989] MISMATCH w97:514 out[0] shape (1, 1, 1, 1) vs (0, 0, 0, 0, 0)
  [82000] MISMATCH w97:539 out[0] non-finite mismatch (nan/inf positions differ)
  [82056] MISMATCH w97:581 out[0] shape (1, 1, 1) vs (0, 0, 0, 0)
  [82109] MISMATCH w97:659 out[0] non-finite mismatch (nan/inf positions differ)
  [82210] MISMATCH w97:77 out[0] non-finite mismatch (nan/inf positions differ)
  [82216] MISMATCH w97:770 out[0] non-finite mismatch (nan/inf positions differ)
  [82271] MISMATCH w98:128 out[0] max|delta|=1.342e+10 (rtol=0.0 atol=0.0)
  [82354] MISMATCH w98:22 out[0] non-finite mismatch (nan/inf positions differ)
  [82370] MISMATCH w98:228 out[0] shape (0, 0, 0, 0) vs (0, 0, 0, 0, 0)
  [82386] MISMATCH w98:253 out[0] non-finite mismatch (nan/inf positions differ)
  [82578] MISMATCH w98:459 out[0] shape (1, 1, 1, 1) vs (0, 0, 0, 0, 0)
  [82592] MISMATCH w98:484 out[0] non-finite mismatch (nan/inf positions differ)
  [t=3128s] 82675/83534 (26.4/s)  ok=79759 mism=1492 crash=462 timeout=0 skip=962  |  inflight=47
  [82725] MISMATCH w98:631 out[0] max|delta|=7.206e+16 (rtol=0.0 atol=0.0)
  [82781] MISMATCH w98:690 out[0] max|delta|=3.000e+00 (rtol=0.0 atol=0.0)
  [82902] MISMATCH w99:122 out[0] max|delta|=1.342e+10 (rtol=0.0 atol=0.0)
  [82914] MISMATCH w99:136 out[0] max|delta|=1.342e+10 (rtol=0.0 atol=0.0)
  [82935] MISMATCH w99:16 out[0] non-finite mismatch (nan/inf positions differ)
  [83018] MISMATCH w99:247 out[0] non-finite mismatch (nan/inf positions differ)
  [83112] MISMATCH w99:353 out[0] max|delta|=1.678e+07 (rtol=0.0 atol=0.0)
  [t=3131s] 83197/83534 (26.6/s)  ok=80268 mism=1499 crash=462 timeout=0 skip=968  |  inflight=48
  [t=3135s] 83209/83534 (26.5/s)  ok=80280 mism=1499 crash=462 timeout=0 skip=968  |  inflight=48
  [83226] MISMATCH w99:478 out[0] non-finite mismatch (nan/inf positions differ)
  [t=3138s] 83237/83534 (26.5/s)  ok=80307 mism=1500 crash=462 timeout=0 skip=968  |  inflight=47
  [83244] CRASH    w98:326 executor died (native abort)
  [83246] CRASH    w98:95 executor died (native abort)
  [83262] CRASH    w97:381 executor died (native abort)
  [83329] MISMATCH w99:584 out[0] max|delta|=1.342e+10 (rtol=0.0 atol=0.0)
  [83334] CRASH    w98:557 executor died (native abort)
  [83335] CRASH    w97:617 executor died (native abort)
  [83360] CRASH    w98:100 executor died (native abort)
  [83366] MISMATCH w99:625 out[0] max|delta|=1.342e+10 (rtol=0.0 atol=0.0)
  [83444] MISMATCH w99:709 out[0] non-finite mismatch (nan/inf positions differ)
  [83469] MISMATCH w99:734 out[0] shape () vs (0, 0, 0, 0)
  [t=3141s] 83527/83534 (26.6/s)  ok=80584 mism=1504 crash=468 timeout=0 skip=971  |  inflight=7
  [t=3144s] 83527/83534 (26.6/s)  ok=80584 mism=1504 crash=468 timeout=0 skip=971  |  inflight=7
  [t=3147s] 83527/83534 (26.5/s)  ok=80584 mism=1504 crash=468 timeout=0 skip=971  |  inflight=7
  [t=3150s] 83527/83534 (26.5/s)  ok=80584 mism=1504 crash=468 timeout=0 skip=971  |  inflight=7
  [t=3153s] 83527/83534 (26.5/s)  ok=80584 mism=1504 crash=468 timeout=0 skip=971  |  inflight=7
  [t=3156s] 83527/83534 (26.5/s)  ok=80584 mism=1504 crash=468 timeout=0 skip=971  |  inflight=7
  [t=3159s] 83527/83534 (26.4/s)  ok=80584 mism=1504 crash=468 timeout=0 skip=971  |  inflight=7
  [t=3162s] 83527/83534 (26.4/s)  ok=80584 mism=1504 crash=468 timeout=0 skip=971  |  inflight=7
  [t=3165s] 83527/83534 (26.4/s)  ok=80584 mism=1504 crash=468 timeout=0 skip=971  |  inflight=7
  [83528] CRASH    w99:551 executor died (native abort)
  [t=3169s] 83528/83534 (26.4/s)  ok=80584 mism=1504 crash=469 timeout=0 skip=971  |  inflight=6
  [t=3172s] 83528/83534 (26.3/s)  ok=80584 mism=1504 crash=469 timeout=0 skip=971  |  inflight=6
  [t=3175s] 83528/83534 (26.3/s)  ok=80584 mism=1504 crash=469 timeout=0 skip=971  |  inflight=6

── Done — 83534 graphs ──────────────────────────────
  OK       : 80590
  MISMATCH : 1504
  CRASH    : 469
  TIMEOUT  : 0
  SKIP     : 971
  skip-log: /data/jwen929/mobile/findings/cuda_h200/skiplog.tsv  (replay one with `mobile feed <job_id>`)
