op	job_id	status	reason
_adaptive_avg_pool2d	w53:756	CRASH	executor died (native abort)
_adaptive_avg_pool2d	w80:304	SKIP	client RuntimeError: Failed to load method forward, error: 0x:1 | [platform.cpp:141] Failed loading symbol AOTInductorModelContainerCreateWithDevice with error /tmp/forward_so_blob547852.so: undefined symbol: AOTInductorModelContainerCreateWithDevice [method.cpp:128] Init failed for backend CudaBackend: 0x1
_native_batch_norm_legit	w0:321	MISMATCH	out[0] non-finite mismatch (nan/inf positions differ)
_native_batch_norm_legit	w0:552	MISMATCH	out[0] non-finite mismatch (nan/inf positions differ)
_native_batch_norm_legit	w0:90	MISMATCH	out[0] non-finite mismatch (nan/inf positions differ)
_native_batch_norm_legit	w100:127	MISMATCH	out[0] non-finite mismatch (nan/inf positions differ)
_native_batch_norm_legit	w100:358	MISMATCH	out[0] non-finite mismatch (nan/inf positions differ)
_native_batch_norm_legit	w100:589	MISMATCH	out[0] non-finite mismatch (nan/inf positions differ)
_native_batch_norm_legit	w101:300	MISMATCH	out[0] non-finite mismatch (nan/inf positions differ)
_native_batch_norm_legit	w101:531	MISMATCH	out[0] max|delta|=2.337e+20 (rtol=0.01 atol=0.001)
_native_batch_norm_legit	w101:69	MISMATCH	out[0] non-finite mismatch (nan/inf positions differ)
_native_batch_norm_legit	w101:762	MISMATCH	out[0] non-finite mismatch (nan/inf positions differ)
_native_batch_norm_legit	w102:526	MISMATCH	out[0] non-finite mismatch (nan/inf positions differ)
_native_batch_norm_legit	w102:64	MISMATCH	out[0] non-finite mismatch (nan/inf positions differ)
_native_batch_norm_legit	w102:757	MISMATCH	out[0] non-finite mismatch (nan/inf positions differ)
_native_batch_norm_legit	w103:320	MISMATCH	out[0] non-finite mismatch (nan/inf positions differ)
_native_batch_norm_legit	w103:551	MISMATCH	out[0] non-finite mismatch (nan/inf positions differ)
_native_batch_norm_legit	w103:89	MISMATCH	out[0] non-finite mismatch (nan/inf positions differ)
_native_batch_norm_legit	w104:323	MISMATCH	out[0] non-finite mismatch (nan/inf positions differ)
_native_batch_norm_legit	w104:554	MISMATCH	out[0] non-finite mismatch (nan/inf positions differ)
_native_batch_norm_legit	w104:92	MISMATCH	out[0] max|delta|=3.553e+20 (rtol=0.01 atol=0.001)
_native_batch_norm_legit	w105:375	MISMATCH	out[0] max|delta|=2.098e+20 (rtol=0.01 atol=0.001)
_native_batch_norm_legit	w105:606	MISMATCH	out[0] non-finite mismatch (nan/inf positions differ)
_native_batch_norm_legit	w106:291	MISMATCH	out[0] non-finite mismatch (nan/inf positions differ)
_native_batch_norm_legit	w106:522	MISMATCH	out[0] non-finite mismatch (nan/inf positions differ)
_native_batch_norm_legit	w106:60	MISMATCH	out[0] max|delta|=3.542e+20 (rtol=0.01 atol=0.001)
_native_batch_norm_legit	w106:753	MISMATCH	out[0] non-finite mismatch (nan/inf positions differ)
_native_batch_norm_legit	w107:561	MISMATCH	out[0] non-finite mismatch (nan/inf positions differ)
_native_batch_norm_legit	w107:99	MISMATCH	out[0] non-finite mismatch (nan/inf positions differ)
_native_batch_norm_legit	w108:161	MISMATCH	out[0] non-finite mismatch (nan/inf positions differ)
_native_batch_norm_legit	w108:392	MISMATCH	out[0] non-finite mismatch (nan/inf positions differ)
_native_batch_norm_legit	w108:623	MISMATCH	out[0] non-finite mismatch (nan/inf positions differ)
_native_batch_norm_legit	w109:174	MISMATCH	out[0] non-finite mismatch (nan/inf positions differ)
_native_batch_norm_legit	w109:405	MISMATCH	out[0] non-finite mismatch (nan/inf positions differ)
_native_batch_norm_legit	w109:636	MISMATCH	out[0] non-finite mismatch (nan/inf positions differ)
_native_batch_norm_legit	w10:24	MISMATCH	out[0] max|delta|=2.091e+20 (rtol=0.01 atol=0.001)
_native_batch_norm_legit	w10:255	MISMATCH	out[0] non-finite mismatch (nan/inf positions differ)
_native_batch_norm_legit	w10:486	MISMATCH	out[0] non-finite mismatch (nan/inf positions differ)
_native_batch_norm_legit	w10:717	MISMATCH	out[0] non-finite mismatch (nan/inf positions differ)
_native_batch_norm_legit	w110:158	MISMATCH	out[0] non-finite mismatch (nan/inf positions differ)
_native_batch_norm_legit	w110:389	MISMATCH	out[0] max|delta|=1.717e+20 (rtol=0.01 atol=0.001)
_native_batch_norm_legit	w111:608	MISMATCH	out[0] max|delta|=1.795e+22 (rtol=0.01 atol=0.001)
_native_batch_norm_legit	w112:275	MISMATCH	out[0] non-finite mismatch (nan/inf positions differ)
_native_batch_norm_legit	w112:506	MISMATCH	out[0] non-finite mismatch (nan/inf positions differ)
_native_batch_norm_legit	w112:737	MISMATCH	out[0] non-finite mismatch (nan/inf positions differ)
_native_batch_norm_legit	w113:298	MISMATCH	out[0] non-finite mismatch (nan/inf positions differ)
_native_batch_norm_legit	w113:529	MISMATCH	out[0] non-finite mismatch (nan/inf positions differ)
_native_batch_norm_legit	w113:67	MISMATCH	out[0] non-finite mismatch (nan/inf positions differ)
_native_batch_norm_legit	w114:546	MISMATCH	out[0] non-finite mismatch (nan/inf positions differ)
_native_batch_norm_legit	w114:777	MISMATCH	out[0] max|delta|=2.908e+20 (rtol=0.01 atol=0.001)
_native_batch_norm_legit	w115:122	MISMATCH	out[0] non-finite mismatch (nan/inf positions differ)
_native_batch_norm_legit	w115:353	MISMATCH	out[0] non-finite mismatch (nan/inf positions differ)
_native_batch_norm_legit	w115:584	MISMATCH	out[0] non-finite mismatch (nan/inf positions differ)
_native_batch_norm_legit	w116:135	MISMATCH	out[0] non-finite mismatch (nan/inf positions differ)
_native_batch_norm_legit	w116:366	MISMATCH	out[0] non-finite mismatch (nan/inf positions differ)
_native_batch_norm_legit	w116:597	MISMATCH	out[0] non-finite mismatch (nan/inf positions differ)
_native_batch_norm_legit	w117:343	MISMATCH	out[0] non-finite mismatch (nan/inf positions differ)
_native_batch_norm_legit	w117:574	MISMATCH	out[0] non-finite mismatch (nan/inf positions differ)
_native_batch_norm_legit	w118:300	MISMATCH	out[0] non-finite mismatch (nan/inf positions differ)
_native_batch_norm_legit	w118:531	MISMATCH	out[0] shape (1, 1, 2, 1) vs (1, 3, 2, 1)
_native_batch_norm_legit	w118:69	MISMATCH	out[0] non-finite mismatch (nan/inf positions differ)
_native_batch_norm_legit	w118:762	MISMATCH	out[0] non-finite mismatch (nan/inf positions differ)
_native_batch_norm_legit	w119:318	MISMATCH	out[0] non-finite mismatch (nan/inf positions differ)
_native_batch_norm_legit	w119:549	MISMATCH	out[0] non-finite mismatch (nan/inf positions differ)
_native_batch_norm_legit	w119:780	MISMATCH	out[0] non-finite mismatch (nan/inf positions differ)
_native_batch_norm_legit	w119:87	MISMATCH	out[0] non-finite mismatch (nan/inf positions differ)
_native_batch_norm_legit	w11:166	MISMATCH	out[0] shape (2, 1) vs (2, 3)
_native_batch_norm_legit	w11:397	MISMATCH	out[0] max|delta|=2.915e+20 (rtol=0.01 atol=0.001)
_native_batch_norm_legit	w11:628	MISMATCH	out[0] non-finite mismatch (nan/inf positions differ)
_native_batch_norm_legit	w120:139	MISMATCH	out[0] non-finite mismatch (nan/inf positions differ)
_native_batch_norm_legit	w120:370	MISMATCH	out[0] non-finite mismatch (nan/inf positions differ)
_native_batch_norm_legit	w120:601	MISMATCH	out[0] non-finite mismatch (nan/inf positions differ)
_native_batch_norm_legit	w121:451	MISMATCH	out[0] non-finite mismatch (nan/inf positions differ)
_native_batch_norm_legit	w121:682	MISMATCH	out[0] non-finite mismatch (nan/inf positions differ)
_native_batch_norm_legit	w122:154	MISMATCH	out[0] non-finite mismatch (nan/inf positions differ)
_native_batch_norm_legit	w122:385	MISMATCH	out[0] non-finite mismatch (nan/inf positions differ)
_native_batch_norm_legit	w122:616	MISMATCH	out[0] non-finite mismatch (nan/inf positions differ)
_native_batch_norm_legit	w123:230	MISMATCH	out[0] non-finite mismatch (nan/inf positions differ)
_native_batch_norm_legit	w123:461	MISMATCH	out[0] non-finite mismatch (nan/inf positions differ)
_native_batch_norm_legit	w124:194	MISMATCH	out[0] non-finite mismatch (nan/inf positions differ)
_native_batch_norm_legit	w124:656	MISMATCH	out[0] non-finite mismatch (nan/inf positions differ)
_native_batch_norm_legit	w125:116	MISMATCH	out[0] non-finite mismatch (nan/inf positions differ)
_native_batch_norm_legit	w125:347	MISMATCH	out[0] non-finite mismatch (nan/inf positions differ)
_native_batch_norm_legit	w126:134	MISMATCH	out[0] non-finite mismatch (nan/inf positions differ)
_native_batch_norm_legit	w126:365	MISMATCH	out[0] non-finite mismatch (nan/inf positions differ)
_native_batch_norm_legit	w126:596	MISMATCH	out[0] non-finite mismatch (nan/inf positions differ)
_native_batch_norm_legit	w127:262	MISMATCH	out[0] non-finite mismatch (nan/inf positions differ)
_native_batch_norm_legit	w127:31	MISMATCH	out[0] non-finite mismatch (nan/inf positions differ)
_native_batch_norm_legit	w127:493	MISMATCH	out[0] max|delta|=1.721e+20 (rtol=0.01 atol=0.001)
_native_batch_norm_legit	w127:724	MISMATCH	out[0] non-finite mismatch (nan/inf positions differ)
_native_batch_norm_legit	w12:273	MISMATCH	out[0] non-finite mismatch (nan/inf positions differ)
_native_batch_norm_legit	w12:42	MISMATCH	out[0] non-finite mismatch (nan/inf positions differ)
_native_batch_norm_legit	w12:504	MISMATCH	out[0] non-finite mismatch (nan/inf positions differ)
_native_batch_norm_legit	w12:735	MISMATCH	out[0] non-finite mismatch (nan/inf positions differ)
_native_batch_norm_legit	w13:205	MISMATCH	out[0] max|delta|=3.775e+01 (rtol=0.01 atol=0.001)
_native_batch_norm_legit	w13:436	MISMATCH	out[0] non-finite mismatch (nan/inf positions differ)
_native_batch_norm_legit	w13:667	MISMATCH	out[0] non-finite mismatch (nan/inf positions differ)
_native_batch_norm_legit	w14:272	MISMATCH	out[0] non-finite mismatch (nan/inf positions differ)
_native_batch_norm_legit	w14:41	MISMATCH	out[0] non-finite mismatch (nan/inf positions differ)
_native_batch_norm_legit	w14:503	MISMATCH	out[0] non-finite mismatch (nan/inf positions differ)
_native_batch_norm_legit	w14:734	MISMATCH	out[0] non-finite mismatch (nan/inf positions differ)
_native_batch_norm_legit	w15:111	MISMATCH	out[0] non-finite mismatch (nan/inf positions differ)
_native_batch_norm_legit	w15:342	MISMATCH	out[0] non-finite mismatch (nan/inf positions differ)
_native_batch_norm_legit	w16:394	MISMATCH	out[0] max|delta|=2.095e+20 (rtol=0.01 atol=0.001)
_native_batch_norm_legit	w16:625	MISMATCH	out[0] non-finite mismatch (nan/inf positions differ)
_native_batch_norm_legit	w17:274	MISMATCH	out[0] non-finite mismatch (nan/inf positions differ)
_native_batch_norm_legit	w17:43	MISMATCH	out[0] non-finite mismatch (nan/inf positions differ)
_native_batch_norm_legit	w17:736	MISMATCH	out[0] non-finite mismatch (nan/inf positions differ)
_native_batch_norm_legit	w18:202	MISMATCH	out[0] non-finite mismatch (nan/inf positions differ)
_native_batch_norm_legit	w18:433	MISMATCH	out[0] non-finite mismatch (nan/inf positions differ)
_native_batch_norm_legit	w18:664	MISMATCH	out[0] max|delta|=2.098e+20 (rtol=0.01 atol=0.001)
_native_batch_norm_legit	w19:103	MISMATCH	out[0] non-finite mismatch (nan/inf positions differ)
_native_batch_norm_legit	w19:334	MISMATCH	out[0] non-finite mismatch (nan/inf positions differ)
_native_batch_norm_legit	w19:565	MISMATCH	out[0] max|delta|=3.551e+20 (rtol=0.01 atol=0.001)
_native_batch_norm_legit	w1:189	MISMATCH	out[0] non-finite mismatch (nan/inf positions differ)
_native_batch_norm_legit	w1:420	MISMATCH	out[0] non-finite mismatch (nan/inf positions differ)
_native_batch_norm_legit	w1:651	MISMATCH	out[0] non-finite mismatch (nan/inf positions differ)
_native_batch_norm_legit	w20:181	MISMATCH	out[0] non-finite mismatch (nan/inf positions differ)
_native_batch_norm_legit	w20:412	MISMATCH	out[0] non-finite mismatch (nan/inf positions differ)
_native_batch_norm_legit	w20:643	MISMATCH	out[0] non-finite mismatch (nan/inf positions differ)
_native_batch_norm_legit	w21:185	MISMATCH	out[0] non-finite mismatch (nan/inf positions differ)
_native_batch_norm_legit	w21:416	MISMATCH	out[0] non-finite mismatch (nan/inf positions differ)
_native_batch_norm_legit	w21:647	MISMATCH	out[0] non-finite mismatch (nan/inf positions differ)
_native_batch_norm_legit	w22:110	MISMATCH	out[0] non-finite mismatch (nan/inf positions differ)
_native_batch_norm_legit	w22:341	MISMATCH	out[0] non-finite mismatch (nan/inf positions differ)
_native_batch_norm_legit	w22:572	MISMATCH	out[0] non-finite mismatch (nan/inf positions differ)
_native_batch_norm_legit	w23:557	MISMATCH	out[0] max|delta|=2.102e+20 (rtol=0.01 atol=0.001)
_native_batch_norm_legit	w23:95	MISMATCH	out[0] non-finite mismatch (nan/inf positions differ)
_native_batch_norm_legit	w24:47	MISMATCH	out[0] non-finite mismatch (nan/inf positions differ)
_native_batch_norm_legit	w24:509	MISMATCH	out[0] max|delta|=2.006e+20 (rtol=0.01 atol=0.001)
_native_batch_norm_legit	w24:740	MISMATCH	out[0] non-finite mismatch (nan/inf positions differ)
_native_batch_norm_legit	w25:232	MISMATCH	out[0] non-finite mismatch (nan/inf positions differ)
_native_batch_norm_legit	w25:463	MISMATCH	out[0] max|delta|=1.723e+20 (rtol=0.01 atol=0.001)
_native_batch_norm_legit	w25:694	MISMATCH	out[0] non-finite mismatch (nan/inf positions differ)
_native_batch_norm_legit	w26:13	MISMATCH	out[0] non-finite mismatch (nan/inf positions differ)
_native_batch_norm_legit	w26:706	MISMATCH	out[0] max|delta|=2.914e+20 (rtol=0.01 atol=0.001)
_native_batch_norm_legit	w27:275	MISMATCH	out[0] non-finite mismatch (nan/inf positions differ)
_native_batch_norm_legit	w27:44	MISMATCH	out[0] non-finite mismatch (nan/inf positions differ)
_native_batch_norm_legit	w27:506	MISMATCH	out[0] non-finite mismatch (nan/inf positions differ)
_native_batch_norm_legit	w27:737	MISMATCH	out[0] non-finite mismatch (nan/inf positions differ)
_native_batch_norm_legit	w28:13	MISMATCH	out[0] non-finite mismatch (nan/inf positions differ)
_native_batch_norm_legit	w28:244	MISMATCH	out[0] shape (1, 1) vs (1, 2)
_native_batch_norm_legit	w28:475	MISMATCH	out[0] non-finite mismatch (nan/inf positions differ)
_native_batch_norm_legit	w29:218	MISMATCH	out[0] max|delta|=2.916e+20 (rtol=0.01 atol=0.001)
_native_batch_norm_legit	w29:449	MISMATCH	out[0] non-finite mismatch (nan/inf positions differ)
_native_batch_norm_legit	w29:680	MISMATCH	out[0] non-finite mismatch (nan/inf positions differ)
_native_batch_norm_legit	w2:261	MISMATCH	out[0] non-finite mismatch (nan/inf positions differ)
_native_batch_norm_legit	w2:30	MISMATCH	out[0] non-finite mismatch (nan/inf positions differ)
_native_batch_norm_legit	w2:492	MISMATCH	out[0] non-finite mismatch (nan/inf positions differ)
_native_batch_norm_legit	w2:723	MISMATCH	out[0] non-finite mismatch (nan/inf positions differ)
_native_batch_norm_legit	w30:469	MISMATCH	out[0] non-finite mismatch (nan/inf positions differ)
_native_batch_norm_legit	w30:7	MISMATCH	out[0] non-finite mismatch (nan/inf positions differ)
_native_batch_norm_legit	w31:288	MISMATCH	out[0] non-finite mismatch (nan/inf positions differ)
_native_batch_norm_legit	w31:519	MISMATCH	out[0] non-finite mismatch (nan/inf positions differ)
_native_batch_norm_legit	w31:57	MISMATCH	out[0] non-finite mismatch (nan/inf positions differ)
_native_batch_norm_legit	w32:266	MISMATCH	out[0] max|delta|=1.394e+00 (rtol=0.01 atol=0.001)
_native_batch_norm_legit	w32:35	MISMATCH	out[0] non-finite mismatch (nan/inf positions differ)
_native_batch_norm_legit	w32:497	MISMATCH	out[0] non-finite mismatch (nan/inf positions differ)
_native_batch_norm_legit	w33:249	MISMATCH	out[0] non-finite mismatch (nan/inf positions differ)
_native_batch_norm_legit	w33:480	MISMATCH	out[0] max|delta|=1.206e+21 (rtol=0.01 atol=0.001)
_native_batch_norm_legit	w33:711	MISMATCH	out[0] non-finite mismatch (nan/inf positions differ)
_native_batch_norm_legit	w34:203	MISMATCH	out[0] non-finite mismatch (nan/inf positions differ)
_native_batch_norm_legit	w34:434	MISMATCH	out[0] non-finite mismatch (nan/inf positions differ)
_native_batch_norm_legit	w34:665	MISMATCH	out[0] non-finite mismatch (nan/inf positions differ)
_native_batch_norm_legit	w35:143	MISMATCH	out[0] max|delta|=2.568e+20 (rtol=0.01 atol=0.001)
_native_batch_norm_legit	w35:374	MISMATCH	out[0] non-finite mismatch (nan/inf positions differ)
_native_batch_norm_legit	w35:605	MISMATCH	out[0] non-finite mismatch (nan/inf positions differ)
_native_batch_norm_legit	w36:365	MISMATCH	out[0] non-finite mismatch (nan/inf positions differ)
_native_batch_norm_legit	w36:596	MISMATCH	out[0] non-finite mismatch (nan/inf positions differ)
_native_batch_norm_legit	w37:334	MISMATCH	out[0] non-finite mismatch (nan/inf positions differ)
_native_batch_norm_legit	w37:565	MISMATCH	out[0] non-finite mismatch (nan/inf positions differ)
_native_batch_norm_legit	w38:428	MISMATCH	out[0] max|delta|=2.917e+20 (rtol=0.01 atol=0.001)
_native_batch_norm_legit	w39:407	MISMATCH	out[0] non-finite mismatch (nan/inf positions differ)
_native_batch_norm_legit	w39:638	MISMATCH	out[0] max|delta|=2.096e+20 (rtol=0.01 atol=0.001)
_native_batch_norm_legit	w3:549	MISMATCH	out[0] non-finite mismatch (nan/inf positions differ)
_native_batch_norm_legit	w3:780	MISMATCH	out[0] max|delta|=2.911e+20 (rtol=0.01 atol=0.001)
_native_batch_norm_legit	w3:87	MISMATCH	out[0] non-finite mismatch (nan/inf positions differ)
_native_batch_norm_legit	w40:174	MISMATCH	out[0] non-finite mismatch (nan/inf positions differ)
_native_batch_norm_legit	w41:215	MISMATCH	out[0] max|delta|=2.638e+00 (rtol=0.01 atol=0.001)
_native_batch_norm_legit	w41:446	MISMATCH	out[0] non-finite mismatch (nan/inf positions differ)
_native_batch_norm_legit	w41:677	MISMATCH	out[0] non-finite mismatch (nan/inf positions differ)
_native_batch_norm_legit	w42:251	MISMATCH	out[0] non-finite mismatch (nan/inf positions differ)
_native_batch_norm_legit	w42:482	MISMATCH	out[0] non-finite mismatch (nan/inf positions differ)
_native_batch_norm_legit	w43:11	MISMATCH	out[0] max|delta|=2.093e+20 (rtol=0.01 atol=0.001)
_native_batch_norm_legit	w43:242	MISMATCH	out[0] non-finite mismatch (nan/inf positions differ)
_native_batch_norm_legit	w44:171	MISMATCH	out[0] non-finite mismatch (nan/inf positions differ)
_native_batch_norm_legit	w44:402	MISMATCH	out[0] non-finite mismatch (nan/inf positions differ)
_native_batch_norm_legit	w44:633	MISMATCH	out[0] non-finite mismatch (nan/inf positions differ)
_native_batch_norm_legit	w45:422	MISMATCH	out[0] non-finite mismatch (nan/inf positions differ)
_native_batch_norm_legit	w45:653	MISMATCH	out[0] non-finite mismatch (nan/inf positions differ)
_native_batch_norm_legit	w46:180	MISMATCH	out[0] max|delta|=3.552e+20 (rtol=0.01 atol=0.001)
_native_batch_norm_legit	w46:411	MISMATCH	out[0] non-finite mismatch (nan/inf positions differ)
_native_batch_norm_legit	w46:642	MISMATCH	out[0] non-finite mismatch (nan/inf positions differ)
_native_batch_norm_legit	w47:188	MISMATCH	out[0] non-finite mismatch (nan/inf positions differ)
_native_batch_norm_legit	w47:419	MISMATCH	out[0] non-finite mismatch (nan/inf positions differ)
_native_batch_norm_legit	w47:650	MISMATCH	out[0] non-finite mismatch (nan/inf positions differ)
_native_batch_norm_legit	w48:302	MISMATCH	out[0] non-finite mismatch (nan/inf positions differ)
_native_batch_norm_legit	w48:71	MISMATCH	out[0] max|delta|=4.415e+00 (rtol=0.01 atol=0.001)
_native_batch_norm_legit	w49:268	MISMATCH	out[0] non-finite mismatch (nan/inf positions differ)
_native_batch_norm_legit	w49:37	MISMATCH	out[0] non-finite mismatch (nan/inf positions differ)
_native_batch_norm_legit	w49:499	MISMATCH	out[0] non-finite mismatch (nan/inf positions differ)
_native_batch_norm_legit	w49:730	MISMATCH	out[0] non-finite mismatch (nan/inf positions differ)
_native_batch_norm_legit	w4:111	MISMATCH	out[0] max|delta|=1.719e+20 (rtol=0.01 atol=0.001)
_native_batch_norm_legit	w4:573	MISMATCH	out[0] non-finite mismatch (nan/inf positions differ)
_native_batch_norm_legit	w50:23	MISMATCH	out[0] non-finite mismatch (nan/inf positions differ)
_native_batch_norm_legit	w50:254	MISMATCH	out[0] max|delta|=2.093e+20 (rtol=0.01 atol=0.001)
_native_batch_norm_legit	w50:485	MISMATCH	out[0] non-finite mismatch (nan/inf positions differ)
_native_batch_norm_legit	w50:716	MISMATCH	out[0] non-finite mismatch (nan/inf positions differ)
_native_batch_norm_legit	w51:292	MISMATCH	out[0] non-finite mismatch (nan/inf positions differ)
_native_batch_norm_legit	w51:523	MISMATCH	out[0] non-finite mismatch (nan/inf positions differ)
_native_batch_norm_legit	w51:61	MISMATCH	out[0] max|delta|=2.096e+20 (rtol=0.01 atol=0.001)
_native_batch_norm_legit	w51:754	MISMATCH	out[0] non-finite mismatch (nan/inf positions differ)
_native_batch_norm_legit	w52:117	MISMATCH	out[0] non-finite mismatch (nan/inf positions differ)
_native_batch_norm_legit	w52:348	MISMATCH	out[0] non-finite mismatch (nan/inf positions differ)
_native_batch_norm_legit	w52:579	MISMATCH	out[0] non-finite mismatch (nan/inf positions differ)
_native_batch_norm_legit	w53:153	MISMATCH	out[0] non-finite mismatch (nan/inf positions differ)
_native_batch_norm_legit	w53:384	MISMATCH	out[0] non-finite mismatch (nan/inf positions differ)
_native_batch_norm_legit	w54:216	MISMATCH	out[0] non-finite mismatch (nan/inf positions differ)
_native_batch_norm_legit	w54:447	MISMATCH	out[0] non-finite mismatch (nan/inf positions differ)
_native_batch_norm_legit	w54:678	MISMATCH	out[0] non-finite mismatch (nan/inf positions differ)
_native_batch_norm_legit	w55:404	MISMATCH	out[0] non-finite mismatch (nan/inf positions differ)
_native_batch_norm_legit	w56:376	MISMATCH	out[0] non-finite mismatch (nan/inf positions differ)
_native_batch_norm_legit	w56:607	MISMATCH	out[0] non-finite mismatch (nan/inf positions differ)
_native_batch_norm_legit	w57:138	MISMATCH	out[0] max|delta|=3.554e+20 (rtol=0.01 atol=0.001)
_native_batch_norm_legit	w57:369	MISMATCH	out[0] non-finite mismatch (nan/inf positions differ)
_native_batch_norm_legit	w58:330	MISMATCH	out[0] non-finite mismatch (nan/inf positions differ)
_native_batch_norm_legit	w58:561	MISMATCH	out[0] non-finite mismatch (nan/inf positions differ)
_native_batch_norm_legit	w58:99	MISMATCH	out[0] non-finite mismatch (nan/inf positions differ)
_native_batch_norm_legit	w59:185	MISMATCH	out[0] non-finite mismatch (nan/inf positions differ)
_native_batch_norm_legit	w5:195	MISMATCH	out[0] non-finite mismatch (nan/inf positions differ)
_native_batch_norm_legit	w5:426	MISMATCH	out[0] non-finite mismatch (nan/inf positions differ)
_native_batch_norm_legit	w5:657	MISMATCH	out[0] non-finite mismatch (nan/inf positions differ)
_native_batch_norm_legit	w60:242	MISMATCH	out[0] max|delta|=2.098e+20 (rtol=0.01 atol=0.001)
_native_batch_norm_legit	w60:473	MISMATCH	out[0] non-finite mismatch (nan/inf positions differ)
_native_batch_norm_legit	w61:304	MISMATCH	out[0] non-finite mismatch (nan/inf positions differ)
_native_batch_norm_legit	w61:535	MISMATCH	out[0] non-finite mismatch (nan/inf positions differ)
_native_batch_norm_legit	w61:73	MISMATCH	out[0] non-finite mismatch (nan/inf positions differ)
_native_batch_norm_legit	w61:766	MISMATCH	out[0] non-finite mismatch (nan/inf positions differ)
_native_batch_norm_legit	w62:280	MISMATCH	out[0] non-finite mismatch (nan/inf positions differ)
_native_batch_norm_legit	w62:49	MISMATCH	out[0] non-finite mismatch (nan/inf positions differ)
_native_batch_norm_legit	w62:511	MISMATCH	out[0] max|delta|=8.437e+21 (rtol=0.01 atol=0.001)
_native_batch_norm_legit	w62:742	MISMATCH	out[0] max|delta|=2.914e+20 (rtol=0.01 atol=0.001)
_native_batch_norm_legit	w63:207	MISMATCH	out[0] non-finite mismatch (nan/inf positions differ)
_native_batch_norm_legit	w63:438	MISMATCH	out[0] non-finite mismatch (nan/inf positions differ)
_native_batch_norm_legit	w63:669	MISMATCH	out[0] max|delta|=2.096e+20 (rtol=0.01 atol=0.001)
_native_batch_norm_legit	w64:262	MISMATCH	out[0] non-finite mismatch (nan/inf positions differ)
_native_batch_norm_legit	w64:31	MISMATCH	out[0] non-finite mismatch (nan/inf positions differ)
_native_batch_norm_legit	w64:493	MISMATCH	out[0] max|delta|=1.554e+22 (rtol=0.01 atol=0.001)
_native_batch_norm_legit	w65:168	MISMATCH	out[0] non-finite mismatch (nan/inf positions differ)
_native_batch_norm_legit	w65:399	MISMATCH	out[0] non-finite mismatch (nan/inf positions differ)
_native_batch_norm_legit	w65:630	MISMATCH	out[0] max|delta|=2.911e+20 (rtol=0.01 atol=0.001)
_native_batch_norm_legit	w66:260	CRASH	executor died (native abort)
_native_batch_norm_legit	w66:491	MISMATCH	out[0] max|delta|=1.066e+21 (rtol=0.01 atol=0.001)
_native_batch_norm_legit	w66:722	MISMATCH	out[0] non-finite mismatch (nan/inf positions differ)
_native_batch_norm_legit	w67:339	MISMATCH	out[0] non-finite mismatch (nan/inf positions differ)
_native_batch_norm_legit	w67:570	MISMATCH	out[0] non-finite mismatch (nan/inf positions differ)
_native_batch_norm_legit	w68:106	MISMATCH	out[0] shape (1, 1) vs (1, 3)
_native_batch_norm_legit	w68:337	MISMATCH	out[0] non-finite mismatch (nan/inf positions differ)
_native_batch_norm_legit	w68:568	MISMATCH	out[0] non-finite mismatch (nan/inf positions differ)
_native_batch_norm_legit	w69:196	MISMATCH	out[0] non-finite mismatch (nan/inf positions differ)
_native_batch_norm_legit	w69:427	MISMATCH	out[0] non-finite mismatch (nan/inf positions differ)
_native_batch_norm_legit	w69:658	MISMATCH	out[0] non-finite mismatch (nan/inf positions differ)
_native_batch_norm_legit	w6:188	MISMATCH	out[0] non-finite mismatch (nan/inf positions differ)
_native_batch_norm_legit	w6:419	MISMATCH	out[0] non-finite mismatch (nan/inf positions differ)
_native_batch_norm_legit	w6:650	MISMATCH	out[0] non-finite mismatch (nan/inf positions differ)
_native_batch_norm_legit	w70:316	MISMATCH	out[0] non-finite mismatch (nan/inf positions differ)
_native_batch_norm_legit	w70:778	MISMATCH	out[0] non-finite mismatch (nan/inf positions differ)
_native_batch_norm_legit	w70:85	MISMATCH	out[0] non-finite mismatch (nan/inf positions differ)
_native_batch_norm_legit	w71:193	MISMATCH	out[0] non-finite mismatch (nan/inf positions differ)
_native_batch_norm_legit	w71:424	MISMATCH	out[0] non-finite mismatch (nan/inf positions differ)
_native_batch_norm_legit	w71:655	MISMATCH	out[0] non-finite mismatch (nan/inf positions differ)
_native_batch_norm_legit	w72:188	MISMATCH	out[0] non-finite mismatch (nan/inf positions differ)
_native_batch_norm_legit	w72:419	MISMATCH	out[0] non-finite mismatch (nan/inf positions differ)
_native_batch_norm_legit	w73:113	MISMATCH	out[0] non-finite mismatch (nan/inf positions differ)
_native_batch_norm_legit	w74:70	MISMATCH	out[0] non-finite mismatch (nan/inf positions differ)
_native_batch_norm_legit	w74:763	MISMATCH	out[0] non-finite mismatch (nan/inf positions differ)
_native_batch_norm_legit	w75:193	MISMATCH	out[0] max|delta|=3.547e+20 (rtol=0.01 atol=0.001)
_native_batch_norm_legit	w75:424	MISMATCH	out[0] non-finite mismatch (nan/inf positions differ)
_native_batch_norm_legit	w75:655	MISMATCH	out[0] non-finite mismatch (nan/inf positions differ)
_native_batch_norm_legit	w76:267	MISMATCH	out[0] non-finite mismatch (nan/inf positions differ)
_native_batch_norm_legit	w76:36	MISMATCH	out[0] non-finite mismatch (nan/inf positions differ)
_native_batch_norm_legit	w76:498	MISMATCH	out[0] non-finite mismatch (nan/inf positions differ)
_native_batch_norm_legit	w76:729	MISMATCH	out[0] non-finite mismatch (nan/inf positions differ)
_native_batch_norm_legit	w77:515	MISMATCH	out[0] non-finite mismatch (nan/inf positions differ)
_native_batch_norm_legit	w77:746	MISMATCH	out[0] non-finite mismatch (nan/inf positions differ)
_native_batch_norm_legit	w78:173	MISMATCH	out[0] non-finite mismatch (nan/inf positions differ)
_native_batch_norm_legit	w78:404	MISMATCH	out[0] non-finite mismatch (nan/inf positions differ)
_native_batch_norm_legit	w79:499	MISMATCH	out[0] non-finite mismatch (nan/inf positions differ)
_native_batch_norm_legit	w79:730	MISMATCH	out[0] non-finite mismatch (nan/inf positions differ)
_native_batch_norm_legit	w7:153	MISMATCH	out[0] non-finite mismatch (nan/inf positions differ)
_native_batch_norm_legit	w7:384	MISMATCH	out[0] non-finite mismatch (nan/inf positions differ)
_native_batch_norm_legit	w7:615	MISMATCH	out[0] non-finite mismatch (nan/inf positions differ)
_native_batch_norm_legit	w80:394	MISMATCH	out[0] max|delta|=2.099e+20 (rtol=0.01 atol=0.001)
_native_batch_norm_legit	w80:625	MISMATCH	out[0] max|delta|=1.719e+20 (rtol=0.01 atol=0.001)
_native_batch_norm_legit	w82:241	MISMATCH	out[0] non-finite mismatch (nan/inf positions differ)
_native_batch_norm_legit	w82:472	MISMATCH	out[0] non-finite mismatch (nan/inf positions differ)
_native_batch_norm_legit	w82:703	MISMATCH	out[0] non-finite mismatch (nan/inf positions differ)
_native_batch_norm_legit	w83:225	MISMATCH	out[0] non-finite mismatch (nan/inf positions differ)
_native_batch_norm_legit	w83:687	MISMATCH	out[0] non-finite mismatch (nan/inf positions differ)
_native_batch_norm_legit	w84:221	MISMATCH	out[0] non-finite mismatch (nan/inf positions differ)
_native_batch_norm_legit	w84:452	MISMATCH	out[0] non-finite mismatch (nan/inf positions differ)
_native_batch_norm_legit	w84:683	MISMATCH	out[0] non-finite mismatch (nan/inf positions differ)
_native_batch_norm_legit	w85:719	MISMATCH	out[0] non-finite mismatch (nan/inf positions differ)
_native_batch_norm_legit	w86:204	MISMATCH	out[0] non-finite mismatch (nan/inf positions differ)
_native_batch_norm_legit	w87:237	MISMATCH	out[0] non-finite mismatch (nan/inf positions differ)
_native_batch_norm_legit	w87:468	MISMATCH	out[0] shape (2, 1) vs (2, 2)
_native_batch_norm_legit	w87:6	MISMATCH	out[0] non-finite mismatch (nan/inf positions differ)
_native_batch_norm_legit	w88:0	MISMATCH	out[0] max|delta|=2.102e+20 (rtol=0.01 atol=0.001)
_native_batch_norm_legit	w88:231	MISMATCH	out[0] non-finite mismatch (nan/inf positions differ)
_native_batch_norm_legit	w89:377	MISMATCH	out[0] non-finite mismatch (nan/inf positions differ)
_native_batch_norm_legit	w89:608	MISMATCH	out[0] non-finite mismatch (nan/inf positions differ)
_native_batch_norm_legit	w8:320	MISMATCH	out[0] non-finite mismatch (nan/inf positions differ)
_native_batch_norm_legit	w8:551	MISMATCH	out[0] non-finite mismatch (nan/inf positions differ)
_native_batch_norm_legit	w8:89	MISMATCH	out[0] max|delta|=1.718e+20 (rtol=0.01 atol=0.001)
_native_batch_norm_legit	w90:118	MISMATCH	out[0] non-finite mismatch (nan/inf positions differ)
_native_batch_norm_legit	w90:349	MISMATCH	out[0] non-finite mismatch (nan/inf positions differ)
_native_batch_norm_legit	w91:394	MISMATCH	out[0] non-finite mismatch (nan/inf positions differ)
_native_batch_norm_legit	w91:625	MISMATCH	out[0] non-finite mismatch (nan/inf positions differ)
_native_batch_norm_legit	w92:228	MISMATCH	out[0] max|delta|=1.860e+22 (rtol=0.01 atol=0.001)
_native_batch_norm_legit	w92:690	MISMATCH	out[0] non-finite mismatch (nan/inf positions differ)
_native_batch_norm_legit	w93:298	MISMATCH	out[0] non-finite mismatch (nan/inf positions differ)
_native_batch_norm_legit	w93:529	MISMATCH	out[0] non-finite mismatch (nan/inf positions differ)
_native_batch_norm_legit	w93:760	MISMATCH	out[0] non-finite mismatch (nan/inf positions differ)
_native_batch_norm_legit	w94:182	MISMATCH	out[0] non-finite mismatch (nan/inf positions differ)
_native_batch_norm_legit	w94:413	MISMATCH	out[0] non-finite mismatch (nan/inf positions differ)
_native_batch_norm_legit	w95:114	MISMATCH	out[0] non-finite mismatch (nan/inf positions differ)
_native_batch_norm_legit	w95:576	MISMATCH	out[0] non-finite mismatch (nan/inf positions differ)
_native_batch_norm_legit	w96:100	MISMATCH	out[0] non-finite mismatch (nan/inf positions differ)
_native_batch_norm_legit	w96:331	MISMATCH	out[0] non-finite mismatch (nan/inf positions differ)
_native_batch_norm_legit	w96:562	MISMATCH	out[0] non-finite mismatch (nan/inf positions differ)
_native_batch_norm_legit	w97:308	MISMATCH	out[0] max|delta|=3.555e+20 (rtol=0.01 atol=0.001)
_native_batch_norm_legit	w97:539	MISMATCH	out[0] non-finite mismatch (nan/inf positions differ)
_native_batch_norm_legit	w97:77	MISMATCH	out[0] non-finite mismatch (nan/inf positions differ)
_native_batch_norm_legit	w97:770	MISMATCH	out[0] non-finite mismatch (nan/inf positions differ)
_native_batch_norm_legit	w98:22	MISMATCH	out[0] non-finite mismatch (nan/inf positions differ)
_native_batch_norm_legit	w98:253	MISMATCH	out[0] non-finite mismatch (nan/inf positions differ)
_native_batch_norm_legit	w98:484	MISMATCH	out[0] non-finite mismatch (nan/inf positions differ)
_native_batch_norm_legit	w99:16	MISMATCH	out[0] non-finite mismatch (nan/inf positions differ)
_native_batch_norm_legit	w99:247	MISMATCH	out[0] non-finite mismatch (nan/inf positions differ)
_native_batch_norm_legit	w99:478	MISMATCH	out[0] non-finite mismatch (nan/inf positions differ)
_native_batch_norm_legit	w99:709	MISMATCH	out[0] non-finite mismatch (nan/inf positions differ)
_native_batch_norm_legit	w9:193	MISMATCH	out[0] non-finite mismatch (nan/inf positions differ)
_native_batch_norm_legit	w9:424	MISMATCH	out[0] non-finite mismatch (nan/inf positions differ)
_native_batch_norm_legit	w9:655	MISMATCH	out[0] non-finite mismatch (nan/inf positions differ)
_native_batch_norm_legit.no_stats	w0:713	MISMATCH	out[0] max|delta|=1.855e-02 (rtol=0.01 atol=0.001)
_native_batch_norm_legit.no_stats	w106:221	MISMATCH	out[0] non-finite mismatch (nan/inf positions differ)
_native_batch_norm_legit.no_stats	w110:319	MISMATCH	out[0] max|delta|=1.855e-02 (rtol=0.01 atol=0.001)
_native_batch_norm_legit.no_stats	w111:307	MISMATCH	out[0] non-finite mismatch (nan/inf positions differ)
_native_batch_norm_legit.no_stats	w111:538	MISMATCH	out[0] max|delta|=1.855e-02 (rtol=0.01 atol=0.001)
_native_batch_norm_legit.no_stats	w114:245	MISMATCH	out[0] non-finite mismatch (nan/inf positions differ)
_native_batch_norm_legit.no_stats	w115:52	MISMATCH	out[0] max|delta|=1.855e-02 (rtol=0.01 atol=0.001)
_native_batch_norm_legit.no_stats	w116:296	MISMATCH	out[0] max|delta|=1.855e-02 (rtol=0.01 atol=0.001)
_native_batch_norm_legit.no_stats	w119:17	MISMATCH	out[0] non-finite mismatch (nan/inf positions differ)
_native_batch_norm_legit.no_stats	w121:381	MISMATCH	out[0] max|delta|=1.855e-02 (rtol=0.01 atol=0.001)
_native_batch_norm_legit.no_stats	w124:355	MISMATCH	out[0] max|delta|=1.855e-02 (rtol=0.01 atol=0.001)
_native_batch_norm_legit.no_stats	w15:272	MISMATCH	out[0] max|delta|=1.855e-02 (rtol=0.01 atol=0.001)
_native_batch_norm_legit.no_stats	w17:204	MISMATCH	out[0] non-finite mismatch (nan/inf positions differ)
_native_batch_norm_legit.no_stats	w27:205	MISMATCH	out[0] max|delta|=1.855e-02 (rtol=0.01 atol=0.001)
_native_batch_norm_legit.no_stats	w27:667	MISMATCH	out[0] non-finite mismatch (nan/inf positions differ)
_native_batch_norm_legit.no_stats	w30:630	MISMATCH	out[0] non-finite mismatch (nan/inf positions differ)
_native_batch_norm_legit.no_stats	w32:658	MISMATCH	out[0] non-finite mismatch (nan/inf positions differ)
_native_batch_norm_legit.no_stats	w36:526	MISMATCH	out[0] max|delta|=1.855e-02 (rtol=0.01 atol=0.001)
_native_batch_norm_legit.no_stats	w39:337	MISMATCH	out[0] max|delta|=1.855e-02 (rtol=0.01 atol=0.001)
_native_batch_norm_legit.no_stats	w40:104	MISMATCH	out[0] non-finite mismatch (nan/inf positions differ)
_native_batch_norm_legit.no_stats	w41:607	MISMATCH	out[0] max|delta|=1.855e-02 (rtol=0.01 atol=0.001)
_native_batch_norm_legit.no_stats	w43:172	MISMATCH	out[0] non-finite mismatch (nan/inf positions differ)
_native_batch_norm_legit.no_stats	w45:352	MISMATCH	out[0] max|delta|=1.855e-02 (rtol=0.01 atol=0.001)
_native_batch_norm_legit.no_stats	w4:272	MISMATCH	out[0] max|delta|=1.855e-02 (rtol=0.01 atol=0.001)
_native_batch_norm_legit.no_stats	w52:278	MISMATCH	out[0] max|delta|=1.855e-02 (rtol=0.01 atol=0.001)
_native_batch_norm_legit.no_stats	w56:537	MISMATCH	out[0] max|delta|=1.855e-02 (rtol=0.01 atol=0.001)
_native_batch_norm_legit.no_stats	w57:299	MISMATCH	out[0] non-finite mismatch (nan/inf positions differ)
_native_batch_norm_legit.no_stats	w58:29	MISMATCH	out[0] non-finite mismatch (nan/inf positions differ)
_native_batch_norm_legit.no_stats	w5:356	MISMATCH	out[0] max|delta|=1.855e-02 (rtol=0.01 atol=0.001)
_native_batch_norm_legit.no_stats	w61:465	MISMATCH	out[0] non-finite mismatch (nan/inf positions differ)
_native_batch_norm_legit.no_stats	w64:654	MISMATCH	out[0] max|delta|=1.855e-02 (rtol=0.01 atol=0.001)
_native_batch_norm_legit.no_stats	w69:357	MISMATCH	out[0] max|delta|=1.855e-02 (rtol=0.01 atol=0.001)
_native_batch_norm_legit.no_stats	w69:588	MISMATCH	out[0] max|delta|=1.855e-02 (rtol=0.01 atol=0.001)
_native_batch_norm_legit.no_stats	w70:246	MISMATCH	out[0] non-finite mismatch (nan/inf positions differ)
_native_batch_norm_legit.no_stats	w70:477	MISMATCH	out[0] non-finite mismatch (nan/inf positions differ)
_native_batch_norm_legit.no_stats	w73:43	MISMATCH	out[0] non-finite mismatch (nan/inf positions differ)
_native_batch_norm_legit.no_stats	w74:0	MISMATCH	out[0] max|delta|=1.855e-02 (rtol=0.01 atol=0.001)
_native_batch_norm_legit.no_stats	w78:565	MISMATCH	out[0] max|delta|=1.855e-02 (rtol=0.01 atol=0.001)
_native_batch_norm_legit.no_stats	w79:198	MISMATCH	out[0] max|delta|=1.855e-02 (rtol=0.01 atol=0.001)
_native_batch_norm_legit.no_stats	w83:155	MISMATCH	out[0] max|delta|=1.855e-02 (rtol=0.01 atol=0.001)
_native_batch_norm_legit.no_stats	w88:623	MISMATCH	out[0] max|delta|=1.855e-02 (rtol=0.01 atol=0.001)
_native_batch_norm_legit.no_stats	w94:112	MISMATCH	out[0] non-finite mismatch (nan/inf positions differ)
_native_batch_norm_legit.no_stats	w96:723	MISMATCH	out[0] max|delta|=1.855e-02 (rtol=0.01 atol=0.001)
_native_batch_norm_legit_no_training	w21:275	CRASH	executor died (native abort)
_native_batch_norm_legit_no_training	w26:334	SKIP	client RuntimeError: Failed to load method forward, error: 0x:1 | [platform.cpp:141] Failed loading symbol AOTInductorModelContainerCreateWithDevice with error /tmp/forward_so_blob479480.so: undefined symbol: AOTInductorModelContainerCreateWithDevice [method.cpp:128] Init failed for backend CudaBackend: 0x1
_native_batch_norm_legit_no_training	w55:725	SKIP	client RuntimeError: Failed to load method forward, error: 0x:1 | [platform.cpp:141] Failed loading symbol AOTInductorModelContainerCreateWithDevice with error /tmp/forward_so_blob519978.so: undefined symbol: AOTInductorModelContainerCreateWithDevice [method.cpp:128] Init failed for backend CudaBackend: 0x1
_native_batch_norm_legit_no_training	w56:4	MISMATCH	out[0] non-finite mismatch (nan/inf positions differ)
_native_batch_norm_legit_no_training	w56:466	SKIP	client RuntimeError: Failed to load method forward, error: 0x:1 | [method.cpp:128] Init failed for backend CudaBackend: 0x1
_native_batch_norm_legit_no_training	w73:203	SKIP	client RuntimeError: Failed to load method forward, error: 0x:1 | [method.cpp:128] Init failed for backend CudaBackend: 0x1
_softmax.out	w121:329	SKIP	client RuntimeError: Failed to load method forward, error: 0x:1 | [platform.cpp:141] Failed loading symbol AOTInductorModelContainerCreateWithDevice with error /tmp/forward_so_blob448475.so: undefined symbol: AOTInductorModelContainerCreateWithDevice [method.cpp:128] Init failed for backend CudaBackend: 0x1
_softmax.out	w56:716	CRASH	executor died (native abort)
abs.out	w119:412	SKIP	client RuntimeError: Failed to load method forward, error: 0x:1 | [platform.cpp:141] Failed loading symbol AOTInductorModelContainerCreateWithDevice with error /tmp/forward_so_blob434850.so: undefined symbol: AOTInductorModelContainerCreateWithDevice [method.cpp:128] Init failed for backend CudaBackend: 0x1
abs.out	w37:428	SKIP	client RuntimeError: Failed to load method forward, error: 0x:1 | [method.cpp:128] Init failed for backend CudaBackend: 0x1
abs.out	w58:193	CRASH	executor died (native abort)
abs.out	w72:744	SKIP	client RuntimeError: Failed to load method forward, error: 0x:1 | [method.cpp:128] Init failed for backend CudaBackend: 0x1
acos.out	w53:746	SKIP	client RuntimeError: Failed to load method forward, error: 0x:1 | [platform.cpp:141] Failed loading symbol AOTInductorModelContainerCreateWithDevice with error /tmp/forward_so_blob517073.so: undefined symbol: AOTInductorModelContainerCreateWithDevice [method.cpp:128] Init failed for backend CudaBackend: 0x1
acos.out	w80:294	SKIP	client RuntimeError: Failed to load method forward, error: 0x:1 | [platform.cpp:141] Failed loading symbol AOTInductorModelContainerCreateWithDevice with error /tmp/forward_so_blob547852.so: undefined symbol: AOTInductorModelContainerCreateWithDevice [method.cpp:128] Init failed for backend CudaBackend: 0x1
addmm.out	w53:734	SKIP	client RuntimeError: Failed to load method forward, error: 0x:1 | [platform.cpp:141] Failed loading symbol AOTInductorModelContainerCreateWithDevice with error /tmp/forward_so_blob517073.so: undefined symbol: AOTInductorModelContainerCreateWithDevice [method.cpp:128] Init failed for backend CudaBackend: 0x1
amin.out	w100:105	SKIP	client RuntimeError: Failed to load method forward, error: 0x:1 | [platform.cpp:141] Failed loading symbol AOTInductorModelContainerCreateWithDevice with error /tmp/forward_so_blob401317.so: undefined symbol: AOTInductorModelContainerCreateWithDevice [method.cpp:128] Init failed for backend CudaBackend: 0x1
amin.out	w66:238	SKIP	client RuntimeError: Failed to load method forward, error: 0x:1 | [platform.cpp:141] Failed loading symbol AOTInductorModelContainerCreateWithDevice with error /tmp/forward_so_blob533262.so: undefined symbol: AOTInductorModelContainerCreateWithDevice [method.cpp:128] Init failed for backend CudaBackend: 0x1
any.all_out	w0:669	SKIP	client RuntimeError: method->execute() failed with error 0x12 | [utils.h:55] dtype mismatch, SlimTensor dtype 11 != ETensor dtype 0 [method.cpp:1525] CALL_DELEGATE execute failed at instruction 0: 0x12
any.all_out	w100:706	SKIP	client RuntimeError: method->execute() failed with error 0x12 | [utils.h:55] dtype mismatch, SlimTensor dtype 11 != ETensor dtype 0 [method.cpp:1525] CALL_DELEGATE execute failed at instruction 0: 0x12
any.all_out	w103:668	SKIP	client RuntimeError: method->execute() failed with error 0x12 | [utils.h:55] dtype mismatch, SlimTensor dtype 11 != ETensor dtype 0 [method.cpp:1525] CALL_DELEGATE execute failed at instruction 0: 0x12
any.all_out	w104:440	SKIP	client RuntimeError: method->execute() failed with error 0x12 | [utils.h:55] dtype mismatch, SlimTensor dtype 11 != ETensor dtype 0 [method.cpp:1525] CALL_DELEGATE execute failed at instruction 0: 0x12
any.all_out	w107:678	SKIP	client RuntimeError: method->execute() failed with error 0x12 | [utils.h:55] dtype mismatch, SlimTensor dtype 11 != ETensor dtype 0 [method.cpp:1525] CALL_DELEGATE execute failed at instruction 0: 0x12
any.all_out	w108:47	SKIP	client RuntimeError: method->execute() failed with error 0x12 | [utils.h:55] dtype mismatch, SlimTensor dtype 11 != ETensor dtype 0 [method.cpp:1525] CALL_DELEGATE execute failed at instruction 0: 0x12
any.all_out	w110:44	SKIP	client RuntimeError: method->execute() failed with error 0x12 | [utils.h:55] dtype mismatch, SlimTensor dtype 11 != ETensor dtype 0 [method.cpp:1525] CALL_DELEGATE execute failed at instruction 0: 0x12
any.all_out	w113:646	SKIP	client RuntimeError: method->execute() failed with error 0x12 | [utils.h:55] dtype mismatch, SlimTensor dtype 11 != ETensor dtype 0 [method.cpp:1525] CALL_DELEGATE execute failed at instruction 0: 0x12
any.all_out	w114:663	SKIP	client RuntimeError: method->execute() failed with error 0x12 | [utils.h:55] dtype mismatch, SlimTensor dtype 11 != ETensor dtype 0 [method.cpp:1525] CALL_DELEGATE execute failed at instruction 0: 0x12
any.all_out	w116:714	SKIP	client RuntimeError: method->execute() failed with error 0x12 | [utils.h:55] dtype mismatch, SlimTensor dtype 11 != ETensor dtype 0 [method.cpp:1525] CALL_DELEGATE execute failed at instruction 0: 0x12
any.all_out	w19:220	SKIP	client RuntimeError: method->execute() failed with error 0x12 | [utils.h:55] dtype mismatch, SlimTensor dtype 11 != ETensor dtype 0 [method.cpp:1525] CALL_DELEGATE execute failed at instruction 0: 0x12
any.all_out	w1:75	SKIP	client RuntimeError: method->execute() failed with error 0x12 | [utils.h:55] dtype mismatch, SlimTensor dtype 11 != ETensor dtype 0 [method.cpp:1525] CALL_DELEGATE execute failed at instruction 0: 0x12
any.all_out	w33:366	SKIP	client RuntimeError: method->execute() failed with error 0x12 | [utils.h:55] dtype mismatch, SlimTensor dtype 11 != ETensor dtype 0 [method.cpp:1525] CALL_DELEGATE execute failed at instruction 0: 0x12
any.all_out	w45:770	SKIP	client RuntimeError: method->execute() failed with error 0x12 | [utils.h:55] dtype mismatch, SlimTensor dtype 11 != ETensor dtype 0 [method.cpp:1525] CALL_DELEGATE execute failed at instruction 0: 0x12
any.all_out	w47:536	SKIP	client RuntimeError: method->execute() failed with error 0x12 | [utils.h:55] dtype mismatch, SlimTensor dtype 11 != ETensor dtype 0 [method.cpp:1525] CALL_DELEGATE execute failed at instruction 0: 0x12
any.all_out	w51:409	SKIP	client RuntimeError: method->execute() failed with error 0x12 | [utils.h:55] dtype mismatch, SlimTensor dtype 11 != ETensor dtype 0 [method.cpp:1525] CALL_DELEGATE execute failed at instruction 0: 0x12
any.all_out	w59:533	SKIP	client RuntimeError: method->execute() failed with error 0x12 | [utils.h:55] dtype mismatch, SlimTensor dtype 11 != ETensor dtype 0 [method.cpp:1525] CALL_DELEGATE execute failed at instruction 0: 0x12
any.all_out	w5:312	SKIP	client RuntimeError: method->execute() failed with error 0x12 | [utils.h:55] dtype mismatch, SlimTensor dtype 11 != ETensor dtype 0 [method.cpp:1525] CALL_DELEGATE execute failed at instruction 0: 0x12
any.all_out	w5:81	SKIP	client RuntimeError: method->execute() failed with error 0x12 | [utils.h:55] dtype mismatch, SlimTensor dtype 11 != ETensor dtype 0 [method.cpp:1525] CALL_DELEGATE execute failed at instruction 0: 0x12
any.all_out	w6:74	MISMATCH	out[0] max|delta|=1.000e+00 (rtol=0.0 atol=0.0)
any.all_out	w81:56	SKIP	client RuntimeError: method->execute() failed with error 0x12 | [utils.h:55] dtype mismatch, SlimTensor dtype 11 != ETensor dtype 0 [method.cpp:1525] CALL_DELEGATE execute failed at instruction 0: 0x12
any.all_out	w89:494	SKIP	client RuntimeError: method->execute() failed with error 0x12 | [utils.h:55] dtype mismatch, SlimTensor dtype 11 != ETensor dtype 0 [method.cpp:1525] CALL_DELEGATE execute failed at instruction 0: 0x12
any.all_out	w89:725	SKIP	client RuntimeError: method->execute() failed with error 0x12 | [utils.h:55] dtype mismatch, SlimTensor dtype 11 != ETensor dtype 0 [method.cpp:1525] CALL_DELEGATE execute failed at instruction 0: 0x12
any.all_out	w90:697	SKIP	client RuntimeError: method->execute() failed with error 0x12 | [utils.h:55] dtype mismatch, SlimTensor dtype 11 != ETensor dtype 0 [method.cpp:1525] CALL_DELEGATE execute failed at instruction 0: 0x12
any.all_out	w91:742	SKIP	client RuntimeError: method->execute() failed with error 0x12 | [utils.h:55] dtype mismatch, SlimTensor dtype 11 != ETensor dtype 0 [method.cpp:1525] CALL_DELEGATE execute failed at instruction 0: 0x12
any.all_out	w98:601	SKIP	client RuntimeError: method->execute() failed with error 0x12 | [utils.h:55] dtype mismatch, SlimTensor dtype 11 != ETensor dtype 0 [method.cpp:1525] CALL_DELEGATE execute failed at instruction 0: 0x12
any.dims_out	w0:400	SKIP	client RuntimeError: method->execute() failed with error 0x12 | [utils.h:55] dtype mismatch, SlimTensor dtype 11 != ETensor dtype 0 [method.cpp:1525] CALL_DELEGATE execute failed at instruction 0: 0x12
any.dims_out	w0:631	SKIP	client RuntimeError: method->execute() failed with error 0x12 | [utils.h:55] dtype mismatch, SlimTensor dtype 11 != ETensor dtype 0 [method.cpp:1525] CALL_DELEGATE execute failed at instruction 0: 0x12
any.dims_out	w100:437	CRASH	executor died (native abort)
any.dims_out	w100:668	SKIP	client RuntimeError: method->execute() failed with error 0x12 | [utils.h:55] dtype mismatch, SlimTensor dtype 11 != ETensor dtype 0 [method.cpp:1525] CALL_DELEGATE execute failed at instruction 0: 0x12
any.dims_out	w101:379	SKIP	client RuntimeError: method->execute() failed with error 0x12 | [utils.h:55] dtype mismatch, SlimTensor dtype 11 != ETensor dtype 0 [method.cpp:1525] CALL_DELEGATE execute failed at instruction 0: 0x12
any.dims_out	w101:610	SKIP	client RuntimeError: method->execute() failed with error 0x12 | [utils.h:55] dtype mismatch, SlimTensor dtype 11 != ETensor dtype 0 [method.cpp:1525] CALL_DELEGATE execute failed at instruction 0: 0x12
any.dims_out	w104:171	SKIP	client RuntimeError: method->execute() failed with error 0x12 | [utils.h:55] dtype mismatch, SlimTensor dtype 11 != ETensor dtype 0 [method.cpp:1525] CALL_DELEGATE execute failed at instruction 0: 0x12
any.dims_out	w104:633	SKIP	client RuntimeError: method->execute() failed with error 0x12 | [utils.h:55] dtype mismatch, SlimTensor dtype 11 != ETensor dtype 0 [method.cpp:1525] CALL_DELEGATE execute failed at instruction 0: 0x12
any.dims_out	w106:139	SKIP	client RuntimeError: method->execute() failed with error 0x12 | [utils.h:55] dtype mismatch, SlimTensor dtype 11 != ETensor dtype 0 [method.cpp:1525] CALL_DELEGATE execute failed at instruction 0: 0x12
any.dims_out	w106:370	SKIP	client RuntimeError: method->execute() failed with error 0x12 | [utils.h:55] dtype mismatch, SlimTensor dtype 11 != ETensor dtype 0 [method.cpp:1525] CALL_DELEGATE execute failed at instruction 0: 0x12
any.dims_out	w106:601	SKIP	client RuntimeError: method->execute() failed with error 0x12 | [utils.h:55] dtype mismatch, SlimTensor dtype 11 != ETensor dtype 0 [method.cpp:1525] CALL_DELEGATE execute failed at instruction 0: 0x12
any.dims_out	w107:409	SKIP	client RuntimeError: method->execute() failed with error 0x12 | [utils.h:55] dtype mismatch, SlimTensor dtype 11 != ETensor dtype 0 [method.cpp:1525] CALL_DELEGATE execute failed at instruction 0: 0x12
any.dims_out	w107:640	SKIP	client RuntimeError: method->execute() failed with error 0x12 | [utils.h:55] dtype mismatch, SlimTensor dtype 11 != ETensor dtype 0 [method.cpp:1525] CALL_DELEGATE execute failed at instruction 0: 0x12
any.dims_out	w108:240	SKIP	client RuntimeError: method->execute() failed with error 0x12 | [utils.h:55] dtype mismatch, SlimTensor dtype 11 != ETensor dtype 0 [method.cpp:1525] CALL_DELEGATE execute failed at instruction 0: 0x12
any.dims_out	w109:715	SKIP	client RuntimeError: method->execute() failed with error 0x12 | [utils.h:55] dtype mismatch, SlimTensor dtype 11 != ETensor dtype 0 [method.cpp:1525] CALL_DELEGATE execute failed at instruction 0: 0x12
any.dims_out	w10:103	SKIP	client RuntimeError: method->execute() failed with error 0x12 | [utils.h:55] dtype mismatch, SlimTensor dtype 11 != ETensor dtype 0 [method.cpp:1525] CALL_DELEGATE execute failed at instruction 0: 0x12
any.dims_out	w110:468	SKIP	client RuntimeError: method->execute() failed with error 0x12 | [utils.h:55] dtype mismatch, SlimTensor dtype 11 != ETensor dtype 0 [method.cpp:1525] CALL_DELEGATE execute failed at instruction 0: 0x12
any.dims_out	w110:6	SKIP	client RuntimeError: method->execute() failed with error 0x12 | [utils.h:55] dtype mismatch, SlimTensor dtype 11 != ETensor dtype 0 [method.cpp:1525] CALL_DELEGATE execute failed at instruction 0: 0x12
any.dims_out	w110:699	SKIP	client RuntimeError: method->execute() failed with error 0x12 | [utils.h:55] dtype mismatch, SlimTensor dtype 11 != ETensor dtype 0 [method.cpp:1525] CALL_DELEGATE execute failed at instruction 0: 0x12
any.dims_out	w111:225	SKIP	client RuntimeError: method->execute() failed with error 0x12 | [utils.h:55] dtype mismatch, SlimTensor dtype 11 != ETensor dtype 0 [method.cpp:1525] CALL_DELEGATE execute failed at instruction 0: 0x12
any.dims_out	w111:687	SKIP	client RuntimeError: method->execute() failed with error 0x12 | [utils.h:55] dtype mismatch, SlimTensor dtype 11 != ETensor dtype 0 [method.cpp:1525] CALL_DELEGATE execute failed at instruction 0: 0x12
any.dims_out	w112:123	SKIP	client RuntimeError: method->execute() failed with error 0x12 | [utils.h:55] dtype mismatch, SlimTensor dtype 11 != ETensor dtype 0 [method.cpp:1525] CALL_DELEGATE execute failed at instruction 0: 0x12
any.dims_out	w112:354	SKIP	client RuntimeError: method->execute() failed with error 0x12 | [utils.h:55] dtype mismatch, SlimTensor dtype 11 != ETensor dtype 0 [method.cpp:1525] CALL_DELEGATE execute failed at instruction 0: 0x12
any.dims_out	w112:585	SKIP	client RuntimeError: method->execute() failed with error 0x12 | [utils.h:55] dtype mismatch, SlimTensor dtype 11 != ETensor dtype 0 [method.cpp:1525] CALL_DELEGATE execute failed at instruction 0: 0x12
any.dims_out	w113:146	SKIP	client RuntimeError: method->execute() failed with error 0x12 | [utils.h:55] dtype mismatch, SlimTensor dtype 11 != ETensor dtype 0 [method.cpp:1525] CALL_DELEGATE execute failed at instruction 0: 0x12
any.dims_out	w115:201	SKIP	client RuntimeError: method->execute() failed with error 0x12 | [utils.h:55] dtype mismatch, SlimTensor dtype 11 != ETensor dtype 0 [method.cpp:1525] CALL_DELEGATE execute failed at instruction 0: 0x12
any.dims_out	w115:663	SKIP	client RuntimeError: method->execute() failed with error 0x12 | [utils.h:55] dtype mismatch, SlimTensor dtype 11 != ETensor dtype 0 [method.cpp:1525] CALL_DELEGATE execute failed at instruction 0: 0x12
any.dims_out	w116:214	SKIP	client RuntimeError: method->execute() failed with error 0x12 | [utils.h:55] dtype mismatch, SlimTensor dtype 11 != ETensor dtype 0 [method.cpp:1525] CALL_DELEGATE execute failed at instruction 0: 0x12
any.dims_out	w116:445	SKIP	client RuntimeError: method->execute() failed with error 0x12 | [utils.h:55] dtype mismatch, SlimTensor dtype 11 != ETensor dtype 0 [method.cpp:1525] CALL_DELEGATE execute failed at instruction 0: 0x12
any.dims_out	w119:397	SKIP	client RuntimeError: method->execute() failed with error 0x12 | [utils.h:55] dtype mismatch, SlimTensor dtype 11 != ETensor dtype 0 [method.cpp:1525] CALL_DELEGATE execute failed at instruction 0: 0x12
any.dims_out	w119:628	SKIP	client RuntimeError: method->execute() failed with error 0x12 | [utils.h:55] dtype mismatch, SlimTensor dtype 11 != ETensor dtype 0 [method.cpp:1525] CALL_DELEGATE execute failed at instruction 0: 0x12
any.dims_out	w11:14	SKIP	client RuntimeError: method->execute() failed with error 0x12 | [utils.h:55] dtype mismatch, SlimTensor dtype 11 != ETensor dtype 0 [method.cpp:1525] CALL_DELEGATE execute failed at instruction 0: 0x12
any.dims_out	w11:707	SKIP	client RuntimeError: method->execute() failed with error 0x12 | [utils.h:55] dtype mismatch, SlimTensor dtype 11 != ETensor dtype 0 [method.cpp:1525] CALL_DELEGATE execute failed at instruction 0: 0x12
any.dims_out	w120:218	SKIP	client RuntimeError: method->execute() failed with error 0x12 | [utils.h:55] dtype mismatch, SlimTensor dtype 11 != ETensor dtype 0 [method.cpp:1525] CALL_DELEGATE execute failed at instruction 0: 0x12
any.dims_out	w120:677	SKIP	client RuntimeError: method->execute() failed with error 0x12 | [utils.h:55] dtype mismatch, SlimTensor dtype 11 != ETensor dtype 0 [method.cpp:1525] CALL_DELEGATE execute failed at instruction 0: 0x12
any.dims_out	w121:299	SKIP	client RuntimeError: method->execute() failed with error 0x12 | [utils.h:55] dtype mismatch, SlimTensor dtype 11 != ETensor dtype 0 [method.cpp:1525] CALL_DELEGATE execute failed at instruction 0: 0x12
any.dims_out	w121:761	SKIP	client RuntimeError: method->execute() failed with error 0x12 | [utils.h:55] dtype mismatch, SlimTensor dtype 11 != ETensor dtype 0 [method.cpp:1525] CALL_DELEGATE execute failed at instruction 0: 0x12
any.dims_out	w123:540	SKIP	client RuntimeError: method->execute() failed with error 0x12 | [utils.h:55] dtype mismatch, SlimTensor dtype 11 != ETensor dtype 0 [method.cpp:1525] CALL_DELEGATE execute failed at instruction 0: 0x12
any.dims_out	w123:75	SKIP	client RuntimeError: method->execute() failed with error 0x12 | [utils.h:55] dtype mismatch, SlimTensor dtype 11 != ETensor dtype 0 [method.cpp:1525] CALL_DELEGATE execute failed at instruction 0: 0x12
any.dims_out	w123:771	SKIP	client RuntimeError: method->execute() failed with error 0x12 | [utils.h:55] dtype mismatch, SlimTensor dtype 11 != ETensor dtype 0 [method.cpp:1525] CALL_DELEGATE execute failed at instruction 0: 0x12
any.dims_out	w123:78	SKIP	client RuntimeError: method->execute() failed with error 0x12 | [utils.h:55] dtype mismatch, SlimTensor dtype 11 != ETensor dtype 0 [method.cpp:1525] CALL_DELEGATE execute failed at instruction 0: 0x12
any.dims_out	w124:504	SKIP	client RuntimeError: method->execute() failed with error 0x12 | [utils.h:55] dtype mismatch, SlimTensor dtype 11 != ETensor dtype 0 [method.cpp:1525] CALL_DELEGATE execute failed at instruction 0: 0x12
any.dims_out	w127:110	SKIP	client RuntimeError: method->execute() failed with error 0x12 | [utils.h:55] dtype mismatch, SlimTensor dtype 11 != ETensor dtype 0 [method.cpp:1525] CALL_DELEGATE execute failed at instruction 0: 0x12
any.dims_out	w13:53	SKIP	client RuntimeError: method->execute() failed with error 0x12 | [utils.h:55] dtype mismatch, SlimTensor dtype 11 != ETensor dtype 0 [method.cpp:1525] CALL_DELEGATE execute failed at instruction 0: 0x12
any.dims_out	w14:351	SKIP	client RuntimeError: method->execute() failed with error 0x12 | [utils.h:55] dtype mismatch, SlimTensor dtype 11 != ETensor dtype 0 [method.cpp:1525] CALL_DELEGATE execute failed at instruction 0: 0x12
any.dims_out	w15:190	SKIP	client RuntimeError: method->execute() failed with error 0x12 | [utils.h:55] dtype mismatch, SlimTensor dtype 11 != ETensor dtype 0 [method.cpp:1525] CALL_DELEGATE execute failed at instruction 0: 0x12
any.dims_out	w15:421	SKIP	client RuntimeError: method->execute() failed with error 0x12 | [utils.h:55] dtype mismatch, SlimTensor dtype 11 != ETensor dtype 0 [method.cpp:1525] CALL_DELEGATE execute failed at instruction 0: 0x12
any.dims_out	w16:473	SKIP	client RuntimeError: method->execute() failed with error 0x12 | [utils.h:55] dtype mismatch, SlimTensor dtype 11 != ETensor dtype 0 [method.cpp:1525] CALL_DELEGATE execute failed at instruction 0: 0x12
any.dims_out	w17:122	SKIP	client RuntimeError: method->execute() failed with error 0x12 | [utils.h:55] dtype mismatch, SlimTensor dtype 11 != ETensor dtype 0 [method.cpp:1525] CALL_DELEGATE execute failed at instruction 0: 0x12
any.dims_out	w17:353	SKIP	client RuntimeError: method->execute() failed with error 0x12 | [utils.h:55] dtype mismatch, SlimTensor dtype 11 != ETensor dtype 0 [method.cpp:1525] CALL_DELEGATE execute failed at instruction 0: 0x12
any.dims_out	w18:743	SKIP	client RuntimeError: method->execute() failed with error 0x12 | [utils.h:55] dtype mismatch, SlimTensor dtype 11 != ETensor dtype 0 [method.cpp:1525] CALL_DELEGATE execute failed at instruction 0: 0x12
any.dims_out	w19:182	SKIP	client RuntimeError: method->execute() failed with error 0x12 | [utils.h:55] dtype mismatch, SlimTensor dtype 11 != ETensor dtype 0 [method.cpp:1525] CALL_DELEGATE execute failed at instruction 0: 0x12
any.dims_out	w19:644	SKIP	client RuntimeError: method->execute() failed with error 0x12 | [utils.h:55] dtype mismatch, SlimTensor dtype 11 != ETensor dtype 0 [method.cpp:1525] CALL_DELEGATE execute failed at instruction 0: 0x12
any.dims_out	w20:29	SKIP	client RuntimeError: method->execute() failed with error 0x12 | [utils.h:55] dtype mismatch, SlimTensor dtype 11 != ETensor dtype 0 [method.cpp:1525] CALL_DELEGATE execute failed at instruction 0: 0x12
any.dims_out	w21:726	SKIP	client RuntimeError: method->execute() failed with error 0x12 | [utils.h:55] dtype mismatch, SlimTensor dtype 11 != ETensor dtype 0 [method.cpp:1525] CALL_DELEGATE execute failed at instruction 0: 0x12
any.dims_out	w23:405	SKIP	client RuntimeError: method->execute() failed with error 0x12 | [utils.h:55] dtype mismatch, SlimTensor dtype 11 != ETensor dtype 0 [method.cpp:1525] CALL_DELEGATE execute failed at instruction 0: 0x12
any.dims_out	w24:126	SKIP	client RuntimeError: method->execute() failed with error 0x12 | [utils.h:55] dtype mismatch, SlimTensor dtype 11 != ETensor dtype 0 [method.cpp:1525] CALL_DELEGATE execute failed at instruction 0: 0x12
any.dims_out	w24:357	SKIP	client RuntimeError: method->execute() failed with error 0x12 | [utils.h:55] dtype mismatch, SlimTensor dtype 11 != ETensor dtype 0 [method.cpp:1525] CALL_DELEGATE execute failed at instruction 0: 0x12
any.dims_out	w25:80	SKIP	client RuntimeError: method->execute() failed with error 0x12 | [utils.h:55] dtype mismatch, SlimTensor dtype 11 != ETensor dtype 0 [method.cpp:1525] CALL_DELEGATE execute failed at instruction 0: 0x12
any.dims_out	w26:323	SKIP	client RuntimeError: method->execute() failed with error 0x12 | [utils.h:55] dtype mismatch, SlimTensor dtype 11 != ETensor dtype 0 [method.cpp:1525] CALL_DELEGATE execute failed at instruction 0: 0x12
any.dims_out	w27:354	SKIP	client RuntimeError: method->execute() failed with error 0x12 | [utils.h:55] dtype mismatch, SlimTensor dtype 11 != ETensor dtype 0 [method.cpp:1525] CALL_DELEGATE execute failed at instruction 0: 0x12
any.dims_out	w27:585	SKIP	client RuntimeError: method->execute() failed with error 0x12 | [utils.h:55] dtype mismatch, SlimTensor dtype 11 != ETensor dtype 0 [method.cpp:1525] CALL_DELEGATE execute failed at instruction 0: 0x12
any.dims_out	w28:92	SKIP	client RuntimeError: method->execute() failed with error 0x12 | [utils.h:55] dtype mismatch, SlimTensor dtype 11 != ETensor dtype 0 [method.cpp:1525] CALL_DELEGATE execute failed at instruction 0: 0x12
any.dims_out	w29:528	SKIP	client RuntimeError: method->execute() failed with error 0x12 | [utils.h:55] dtype mismatch, SlimTensor dtype 11 != ETensor dtype 0 [method.cpp:1525] CALL_DELEGATE execute failed at instruction 0: 0x12
any.dims_out	w2:571	SKIP	client RuntimeError: method->execute() failed with error 0x12 | [utils.h:55] dtype mismatch, SlimTensor dtype 11 != ETensor dtype 0 [method.cpp:1525] CALL_DELEGATE execute failed at instruction 0: 0x12
any.dims_out	w30:317	SKIP	client RuntimeError: method->execute() failed with error 0x12 | [utils.h:55] dtype mismatch, SlimTensor dtype 11 != ETensor dtype 0 [method.cpp:1525] CALL_DELEGATE execute failed at instruction 0: 0x12
any.dims_out	w30:548	SKIP	client RuntimeError: method->execute() failed with error 0x12 | [utils.h:55] dtype mismatch, SlimTensor dtype 11 != ETensor dtype 0 [method.cpp:1525] CALL_DELEGATE execute failed at instruction 0: 0x12
any.dims_out	w31:136	SKIP	client RuntimeError: method->execute() failed with error 0x12 | [utils.h:55] dtype mismatch, SlimTensor dtype 11 != ETensor dtype 0 [method.cpp:1525] CALL_DELEGATE execute failed at instruction 0: 0x12
any.dims_out	w31:367	SKIP	client RuntimeError: method->execute() failed with error 0x12 | [utils.h:55] dtype mismatch, SlimTensor dtype 11 != ETensor dtype 0 [method.cpp:1525] CALL_DELEGATE execute failed at instruction 0: 0x12
any.dims_out	w32:114	SKIP	client RuntimeError: method->execute() failed with error 0x12 | [utils.h:55] dtype mismatch, SlimTensor dtype 11 != ETensor dtype 0 [method.cpp:1525] CALL_DELEGATE execute failed at instruction 0: 0x12
any.dims_out	w32:345	SKIP	client RuntimeError: method->execute() failed with error 0x12 | [utils.h:55] dtype mismatch, SlimTensor dtype 11 != ETensor dtype 0 [method.cpp:1525] CALL_DELEGATE execute failed at instruction 0: 0x12
any.dims_out	w34:51	SKIP	client RuntimeError: method->execute() failed with error 0x12 | [utils.h:55] dtype mismatch, SlimTensor dtype 11 != ETensor dtype 0 [method.cpp:1525] CALL_DELEGATE execute failed at instruction 0: 0x12
any.dims_out	w34:513	SKIP	client RuntimeError: method->execute() failed with error 0x12 | [utils.h:55] dtype mismatch, SlimTensor dtype 11 != ETensor dtype 0 [method.cpp:1525] CALL_DELEGATE execute failed at instruction 0: 0x12
any.dims_out	w34:744	SKIP	client RuntimeError: method->execute() failed with error 0x12 | [utils.h:55] dtype mismatch, SlimTensor dtype 11 != ETensor dtype 0 [method.cpp:1525] CALL_DELEGATE execute failed at instruction 0: 0x12
any.dims_out	w35:453	SKIP	client RuntimeError: method->execute() failed with error 0x12 | [utils.h:55] dtype mismatch, SlimTensor dtype 11 != ETensor dtype 0 [method.cpp:1525] CALL_DELEGATE execute failed at instruction 0: 0x12
any.dims_out	w36:675	SKIP	client RuntimeError: method->execute() failed with error 0x12 | [utils.h:55] dtype mismatch, SlimTensor dtype 11 != ETensor dtype 0 [method.cpp:1525] CALL_DELEGATE execute failed at instruction 0: 0x12
any.dims_out	w38:276	SKIP	client RuntimeError: method->execute() failed with error 0x12 | [utils.h:55] dtype mismatch, SlimTensor dtype 11 != ETensor dtype 0 [method.cpp:1525] CALL_DELEGATE execute failed at instruction 0: 0x12
any.dims_out	w38:45	SKIP	client RuntimeError: method->execute() failed with error 0x12 | [utils.h:55] dtype mismatch, SlimTensor dtype 11 != ETensor dtype 0 [method.cpp:1525] CALL_DELEGATE execute failed at instruction 0: 0x12
any.dims_out	w38:507	SKIP	client RuntimeError: method->execute() failed with error 0x12 | [utils.h:55] dtype mismatch, SlimTensor dtype 11 != ETensor dtype 0 [method.cpp:1525] CALL_DELEGATE execute failed at instruction 0: 0x12
any.dims_out	w3:394	SKIP	client RuntimeError: method->execute() failed with error 0x12 | [utils.h:55] dtype mismatch, SlimTensor dtype 11 != ETensor dtype 0 [method.cpp:1525] CALL_DELEGATE execute failed at instruction 0: 0x12
any.dims_out	w40:22	SKIP	client RuntimeError: method->execute() failed with error 0x12 | [utils.h:55] dtype mismatch, SlimTensor dtype 11 != ETensor dtype 0 [method.cpp:1525] CALL_DELEGATE execute failed at instruction 0: 0x12
any.dims_out	w40:253	SKIP	client RuntimeError: method->execute() failed with error 0x12 | [utils.h:55] dtype mismatch, SlimTensor dtype 11 != ETensor dtype 0 [method.cpp:1525] CALL_DELEGATE execute failed at instruction 0: 0x12
any.dims_out	w40:484	SKIP	client RuntimeError: method->execute() failed with error 0x12 | [utils.h:55] dtype mismatch, SlimTensor dtype 11 != ETensor dtype 0 [method.cpp:1525] CALL_DELEGATE execute failed at instruction 0: 0x12
any.dims_out	w41:294	SKIP	client RuntimeError: method->execute() failed with error 0x12 | [utils.h:55] dtype mismatch, SlimTensor dtype 11 != ETensor dtype 0 [method.cpp:1525] CALL_DELEGATE execute failed at instruction 0: 0x12
any.dims_out	w41:525	SKIP	client RuntimeError: method->execute() failed with error 0x12 | [utils.h:55] dtype mismatch, SlimTensor dtype 11 != ETensor dtype 0 [method.cpp:1525] CALL_DELEGATE execute failed at instruction 0: 0x12
any.dims_out	w41:756	SKIP	client RuntimeError: method->execute() failed with error 0x12 | [utils.h:55] dtype mismatch, SlimTensor dtype 11 != ETensor dtype 0 [method.cpp:1525] CALL_DELEGATE execute failed at instruction 0: 0x12
any.dims_out	w42:330	SKIP	client RuntimeError: method->execute() failed with error 0x12 | [utils.h:55] dtype mismatch, SlimTensor dtype 11 != ETensor dtype 0 [method.cpp:1525] CALL_DELEGATE execute failed at instruction 0: 0x12
any.dims_out	w42:99	SKIP	client RuntimeError: method->execute() failed with error 0x12 | [utils.h:55] dtype mismatch, SlimTensor dtype 11 != ETensor dtype 0 [method.cpp:1525] CALL_DELEGATE execute failed at instruction 0: 0x12
any.dims_out	w43:321	SKIP	client RuntimeError: method->execute() failed with error 0x12 | [utils.h:55] dtype mismatch, SlimTensor dtype 11 != ETensor dtype 0 [method.cpp:1525] CALL_DELEGATE execute failed at instruction 0: 0x12
any.dims_out	w44:250	SKIP	client RuntimeError: method->execute() failed with error 0x12 | [utils.h:55] dtype mismatch, SlimTensor dtype 11 != ETensor dtype 0 [method.cpp:1525] CALL_DELEGATE execute failed at instruction 0: 0x12
any.dims_out	w44:481	SKIP	client RuntimeError: method->execute() failed with error 0x12 | [utils.h:55] dtype mismatch, SlimTensor dtype 11 != ETensor dtype 0 [method.cpp:1525] CALL_DELEGATE execute failed at instruction 0: 0x12
any.dims_out	w45:39	SKIP	client RuntimeError: method->execute() failed with error 0x12 | [utils.h:55] dtype mismatch, SlimTensor dtype 11 != ETensor dtype 0 [method.cpp:1525] CALL_DELEGATE execute failed at instruction 0: 0x12
any.dims_out	w46:259	SKIP	client RuntimeError: method->execute() failed with error 0x12 | [utils.h:55] dtype mismatch, SlimTensor dtype 11 != ETensor dtype 0 [method.cpp:1525] CALL_DELEGATE execute failed at instruction 0: 0x12
any.dims_out	w47:267	SKIP	client RuntimeError: method->execute() failed with error 0x12 | [utils.h:55] dtype mismatch, SlimTensor dtype 11 != ETensor dtype 0 [method.cpp:1525] CALL_DELEGATE execute failed at instruction 0: 0x12
any.dims_out	w47:729	SKIP	client RuntimeError: method->execute() failed with error 0x12 | [utils.h:55] dtype mismatch, SlimTensor dtype 11 != ETensor dtype 0 [method.cpp:1525] CALL_DELEGATE execute failed at instruction 0: 0x12
any.dims_out	w48:150	SKIP	client RuntimeError: method->execute() failed with error 0x12 | [utils.h:55] dtype mismatch, SlimTensor dtype 11 != ETensor dtype 0 [method.cpp:1525] CALL_DELEGATE execute failed at instruction 0: 0x12
any.dims_out	w48:381	SKIP	client RuntimeError: method->execute() failed with error 0x12 | [utils.h:55] dtype mismatch, SlimTensor dtype 11 != ETensor dtype 0 [method.cpp:1525] CALL_DELEGATE execute failed at instruction 0: 0x12
any.dims_out	w48:612	SKIP	client RuntimeError: method->execute() failed with error 0x12 | [utils.h:55] dtype mismatch, SlimTensor dtype 11 != ETensor dtype 0 [method.cpp:1525] CALL_DELEGATE execute failed at instruction 0: 0x12
any.dims_out	w49:116	SKIP	client RuntimeError: method->execute() failed with error 0x12 | [utils.h:55] dtype mismatch, SlimTensor dtype 11 != ETensor dtype 0 [method.cpp:1525] CALL_DELEGATE execute failed at instruction 0: 0x12
any.dims_out	w49:347	SKIP	client RuntimeError: method->execute() failed with error 0x12 | [utils.h:55] dtype mismatch, SlimTensor dtype 11 != ETensor dtype 0 [method.cpp:1525] CALL_DELEGATE execute failed at instruction 0: 0x12
any.dims_out	w4:652	SKIP	client RuntimeError: method->execute() failed with error 0x12 | [utils.h:55] dtype mismatch, SlimTensor dtype 11 != ETensor dtype 0 [method.cpp:1525] CALL_DELEGATE execute failed at instruction 0: 0x12
any.dims_out	w50:102	SKIP	client RuntimeError: method->execute() failed with error 0x12 | [utils.h:55] dtype mismatch, SlimTensor dtype 11 != ETensor dtype 0 [method.cpp:1525] CALL_DELEGATE execute failed at instruction 0: 0x12
any.dims_out	w50:333	SKIP	client RuntimeError: method->execute() failed with error 0x12 | [utils.h:55] dtype mismatch, SlimTensor dtype 11 != ETensor dtype 0 [method.cpp:1525] CALL_DELEGATE execute failed at instruction 0: 0x12
any.dims_out	w51:371	SKIP	client RuntimeError: method->execute() failed with error 0x12 | [utils.h:55] dtype mismatch, SlimTensor dtype 11 != ETensor dtype 0 [method.cpp:1525] CALL_DELEGATE execute failed at instruction 0: 0x12
any.dims_out	w52:427	SKIP	client RuntimeError: method->execute() failed with error 0x12 | [utils.h:55] dtype mismatch, SlimTensor dtype 11 != ETensor dtype 0 [method.cpp:1525] CALL_DELEGATE execute failed at instruction 0: 0x12
any.dims_out	w53:1	SKIP	client RuntimeError: method->execute() failed with error 0x12 | [utils.h:55] dtype mismatch, SlimTensor dtype 11 != ETensor dtype 0 [method.cpp:1525] CALL_DELEGATE execute failed at instruction 0: 0x12
any.dims_out	w53:463	SKIP	client RuntimeError: method->execute() failed with error 0x12 | [utils.h:55] dtype mismatch, SlimTensor dtype 11 != ETensor dtype 0 [method.cpp:1525] CALL_DELEGATE execute failed at instruction 0: 0x12
any.dims_out	w53:694	SKIP	client RuntimeError: method->execute() failed with error 0x12 | [utils.h:55] dtype mismatch, SlimTensor dtype 11 != ETensor dtype 0 [method.cpp:1525] CALL_DELEGATE execute failed at instruction 0: 0x12
any.dims_out	w54:64	SKIP	client RuntimeError: method->execute() failed with error 0x12 | [utils.h:55] dtype mismatch, SlimTensor dtype 11 != ETensor dtype 0 [method.cpp:1525] CALL_DELEGATE execute failed at instruction 0: 0x12
any.dims_out	w54:757	SKIP	client RuntimeError: method->execute() failed with error 0x12 | [utils.h:55] dtype mismatch, SlimTensor dtype 11 != ETensor dtype 0 [method.cpp:1525] CALL_DELEGATE execute failed at instruction 0: 0x12
any.dims_out	w55:252	SKIP	client RuntimeError: method->execute() failed with error 0x12 | [utils.h:55] dtype mismatch, SlimTensor dtype 11 != ETensor dtype 0 [method.cpp:1525] CALL_DELEGATE execute failed at instruction 0: 0x12
any.dims_out	w56:221	SKIP	client RuntimeError: method->execute() failed with error 0x12 | [utils.h:55] dtype mismatch, SlimTensor dtype 11 != ETensor dtype 0 [method.cpp:1525] CALL_DELEGATE execute failed at instruction 0: 0x12
any.dims_out	w56:224	SKIP	client RuntimeError: method->execute() failed with error 0x12 | [utils.h:55] dtype mismatch, SlimTensor dtype 11 != ETensor dtype 0 [method.cpp:1525] CALL_DELEGATE execute failed at instruction 0: 0x12
any.dims_out	w56:455	SKIP	client RuntimeError: method->execute() failed with error 0x12 | [utils.h:55] dtype mismatch, SlimTensor dtype 11 != ETensor dtype 0 [method.cpp:1525] CALL_DELEGATE execute failed at instruction 0: 0x12
any.dims_out	w56:686	SKIP	client RuntimeError: method->execute() failed with error 0x12 | [utils.h:55] dtype mismatch, SlimTensor dtype 11 != ETensor dtype 0 [method.cpp:1525] CALL_DELEGATE execute failed at instruction 0: 0x12
any.dims_out	w57:217	SKIP	client RuntimeError: method->execute() failed with error 0x12 | [utils.h:55] dtype mismatch, SlimTensor dtype 11 != ETensor dtype 0 [method.cpp:1525] CALL_DELEGATE execute failed at instruction 0: 0x12
any.dims_out	w57:448	SKIP	client RuntimeError: method->execute() failed with error 0x12 | [utils.h:55] dtype mismatch, SlimTensor dtype 11 != ETensor dtype 0 [method.cpp:1525] CALL_DELEGATE execute failed at instruction 0: 0x12
any.dims_out	w57:679	SKIP	client RuntimeError: method->execute() failed with error 0x12 | [utils.h:55] dtype mismatch, SlimTensor dtype 11 != ETensor dtype 0 [method.cpp:1525] CALL_DELEGATE execute failed at instruction 0: 0x12
any.dims_out	w58:409	SKIP	client RuntimeError: method->execute() failed with error 0x12 | [utils.h:55] dtype mismatch, SlimTensor dtype 11 != ETensor dtype 0 [method.cpp:1525] CALL_DELEGATE execute failed at instruction 0: 0x12
any.dims_out	w59:261	SKIP	client RuntimeError: method->execute() failed with error 0x12 | [utils.h:55] dtype mismatch, SlimTensor dtype 11 != ETensor dtype 0 [method.cpp:1525] CALL_DELEGATE execute failed at instruction 0: 0x12
any.dims_out	w59:33	SKIP	client RuntimeError: method->execute() failed with error 0x12 | [utils.h:55] dtype mismatch, SlimTensor dtype 11 != ETensor dtype 0 [method.cpp:1525] CALL_DELEGATE execute failed at instruction 0: 0x12
any.dims_out	w59:495	SKIP	client RuntimeError: method->execute() failed with error 0x12 | [utils.h:55] dtype mismatch, SlimTensor dtype 11 != ETensor dtype 0 [method.cpp:1525] CALL_DELEGATE execute failed at instruction 0: 0x12
any.dims_out	w59:726	SKIP	client RuntimeError: method->execute() failed with error 0x12 | [utils.h:55] dtype mismatch, SlimTensor dtype 11 != ETensor dtype 0 [method.cpp:1525] CALL_DELEGATE execute failed at instruction 0: 0x12
any.dims_out	w5:274	SKIP	client RuntimeError: method->execute() failed with error 0x12 | [utils.h:55] dtype mismatch, SlimTensor dtype 11 != ETensor dtype 0 [method.cpp:1525] CALL_DELEGATE execute failed at instruction 0: 0x12
any.dims_out	w5:43	SKIP	client RuntimeError: method->execute() failed with error 0x12 | [utils.h:55] dtype mismatch, SlimTensor dtype 11 != ETensor dtype 0 [method.cpp:1525] CALL_DELEGATE execute failed at instruction 0: 0x12
any.dims_out	w5:505	SKIP	client RuntimeError: method->execute() failed with error 0x12 | [utils.h:55] dtype mismatch, SlimTensor dtype 11 != ETensor dtype 0 [method.cpp:1525] CALL_DELEGATE execute failed at instruction 0: 0x12
any.dims_out	w5:736	SKIP	client RuntimeError: method->execute() failed with error 0x12 | [utils.h:55] dtype mismatch, SlimTensor dtype 11 != ETensor dtype 0 [method.cpp:1525] CALL_DELEGATE execute failed at instruction 0: 0x12
any.dims_out	w60:90	SKIP	client RuntimeError: method->execute() failed with error 0x12 | [utils.h:55] dtype mismatch, SlimTensor dtype 11 != ETensor dtype 0 [method.cpp:1525] CALL_DELEGATE execute failed at instruction 0: 0x12
any.dims_out	w61:614	SKIP	client RuntimeError: method->execute() failed with error 0x12 | [utils.h:55] dtype mismatch, SlimTensor dtype 11 != ETensor dtype 0 [method.cpp:1525] CALL_DELEGATE execute failed at instruction 0: 0x12
any.dims_out	w62:128	SKIP	client RuntimeError: method->execute() failed with error 0x12 | [utils.h:55] dtype mismatch, SlimTensor dtype 11 != ETensor dtype 0 [method.cpp:1525] CALL_DELEGATE execute failed at instruction 0: 0x12
any.dims_out	w62:590	SKIP	client RuntimeError: method->execute() failed with error 0x12 | [utils.h:55] dtype mismatch, SlimTensor dtype 11 != ETensor dtype 0 [method.cpp:1525] CALL_DELEGATE execute failed at instruction 0: 0x12
any.dims_out	w63:286	SKIP	client RuntimeError: method->execute() failed with error 0x12 | [utils.h:55] dtype mismatch, SlimTensor dtype 11 != ETensor dtype 0 [method.cpp:1525] CALL_DELEGATE execute failed at instruction 0: 0x12
any.dims_out	w64:572	SKIP	client RuntimeError: method->execute() failed with error 0x12 | [utils.h:55] dtype mismatch, SlimTensor dtype 11 != ETensor dtype 0 [method.cpp:1525] CALL_DELEGATE execute failed at instruction 0: 0x12
any.dims_out	w66:108	SKIP	client RuntimeError: method->execute() failed with error 0x12 | [utils.h:55] dtype mismatch, SlimTensor dtype 11 != ETensor dtype 0 [method.cpp:1525] CALL_DELEGATE execute failed at instruction 0: 0x12
any.dims_out	w66:339	SKIP	client RuntimeError: method->execute() failed with error 0x12 | [utils.h:55] dtype mismatch, SlimTensor dtype 11 != ETensor dtype 0 [method.cpp:1525] CALL_DELEGATE execute failed at instruction 0: 0x12
any.dims_out	w67:418	SKIP	client RuntimeError: method->execute() failed with error 0x12 | [utils.h:55] dtype mismatch, SlimTensor dtype 11 != ETensor dtype 0 [method.cpp:1525] CALL_DELEGATE execute failed at instruction 0: 0x12
any.dims_out	w68:416	SKIP	client RuntimeError: method->execute() failed with error 0x12 | [utils.h:55] dtype mismatch, SlimTensor dtype 11 != ETensor dtype 0 [method.cpp:1525] CALL_DELEGATE execute failed at instruction 0: 0x12
any.dims_out	w69:275	SKIP	client RuntimeError: method->execute() failed with error 0x12 | [utils.h:55] dtype mismatch, SlimTensor dtype 11 != ETensor dtype 0 [method.cpp:1525] CALL_DELEGATE execute failed at instruction 0: 0x12
any.dims_out	w69:506	SKIP	client RuntimeError: method->execute() failed with error 0x12 | [utils.h:55] dtype mismatch, SlimTensor dtype 11 != ETensor dtype 0 [method.cpp:1525] CALL_DELEGATE execute failed at instruction 0: 0x12
any.dims_out	w6:729	SKIP	client RuntimeError: method->execute() failed with error 0x12 | [utils.h:55] dtype mismatch, SlimTensor dtype 11 != ETensor dtype 0 [method.cpp:1525] CALL_DELEGATE execute failed at instruction 0: 0x12
any.dims_out	w70:395	SKIP	client RuntimeError: method->execute() failed with error 0x12 | [utils.h:55] dtype mismatch, SlimTensor dtype 11 != ETensor dtype 0 [method.cpp:1525] CALL_DELEGATE execute failed at instruction 0: 0x12
any.dims_out	w71:41	SKIP	client RuntimeError: method->execute() failed with error 0x12 | [utils.h:55] dtype mismatch, SlimTensor dtype 11 != ETensor dtype 0 [method.cpp:1525] CALL_DELEGATE execute failed at instruction 0: 0x12
any.dims_out	w71:503	SKIP	client RuntimeError: method->execute() failed with error 0x12 | [utils.h:55] dtype mismatch, SlimTensor dtype 11 != ETensor dtype 0 [method.cpp:1525] CALL_DELEGATE execute failed at instruction 0: 0x12
any.dims_out	w72:498	SKIP	client RuntimeError: method->execute() failed with error 0x12 | [utils.h:55] dtype mismatch, SlimTensor dtype 11 != ETensor dtype 0 [method.cpp:1525] CALL_DELEGATE execute failed at instruction 0: 0x12
any.dims_out	w72:729	SKIP	client RuntimeError: method->execute() failed with error 0x12 | [utils.h:55] dtype mismatch, SlimTensor dtype 11 != ETensor dtype 0 [method.cpp:1525] CALL_DELEGATE execute failed at instruction 0: 0x12
any.dims_out	w73:192	SKIP	client RuntimeError: method->execute() failed with error 0x12 | [utils.h:55] dtype mismatch, SlimTensor dtype 11 != ETensor dtype 0 [method.cpp:1525] CALL_DELEGATE execute failed at instruction 0: 0x12
any.dims_out	w75:272	SKIP	client RuntimeError: method->execute() failed with error 0x12 | [utils.h:55] dtype mismatch, SlimTensor dtype 11 != ETensor dtype 0 [method.cpp:1525] CALL_DELEGATE execute failed at instruction 0: 0x12
any.dims_out	w75:41	SKIP	client RuntimeError: method->execute() failed with error 0x12 | [utils.h:55] dtype mismatch, SlimTensor dtype 11 != ETensor dtype 0 [method.cpp:1525] CALL_DELEGATE execute failed at instruction 0: 0x12
any.dims_out	w76:346	SKIP	client RuntimeError: method->execute() failed with error 0x12 | [utils.h:55] dtype mismatch, SlimTensor dtype 11 != ETensor dtype 0 [method.cpp:1525] CALL_DELEGATE execute failed at instruction 0: 0x12
any.dims_out	w76:577	SKIP	client RuntimeError: method->execute() failed with error 0x12 | [utils.h:55] dtype mismatch, SlimTensor dtype 11 != ETensor dtype 0 [method.cpp:1525] CALL_DELEGATE execute failed at instruction 0: 0x12
any.dims_out	w78:252	SKIP	client RuntimeError: method->execute() failed with error 0x12 | [utils.h:55] dtype mismatch, SlimTensor dtype 11 != ETensor dtype 0 [method.cpp:1525] CALL_DELEGATE execute failed at instruction 0: 0x12
any.dims_out	w78:714	SKIP	client RuntimeError: method->execute() failed with error 0x12 | [utils.h:55] dtype mismatch, SlimTensor dtype 11 != ETensor dtype 0 [method.cpp:1525] CALL_DELEGATE execute failed at instruction 0: 0x12
any.dims_out	w79:116	SKIP	client RuntimeError: method->execute() failed with error 0x12 | [utils.h:55] dtype mismatch, SlimTensor dtype 11 != ETensor dtype 0 [method.cpp:1525] CALL_DELEGATE execute failed at instruction 0: 0x12
any.dims_out	w79:347	SKIP	client RuntimeError: method->execute() failed with error 0x12 | [utils.h:55] dtype mismatch, SlimTensor dtype 11 != ETensor dtype 0 [method.cpp:1525] CALL_DELEGATE execute failed at instruction 0: 0x12
any.dims_out	w79:578	SKIP	client RuntimeError: method->execute() failed with error 0x12 | [utils.h:55] dtype mismatch, SlimTensor dtype 11 != ETensor dtype 0 [method.cpp:1525] CALL_DELEGATE execute failed at instruction 0: 0x12
any.dims_out	w7:232	SKIP	client RuntimeError: method->execute() failed with error 0x12 | [utils.h:55] dtype mismatch, SlimTensor dtype 11 != ETensor dtype 0 [method.cpp:1525] CALL_DELEGATE execute failed at instruction 0: 0x12
any.dims_out	w7:694	SKIP	client RuntimeError: method->execute() failed with error 0x12 | [utils.h:55] dtype mismatch, SlimTensor dtype 11 != ETensor dtype 0 [method.cpp:1525] CALL_DELEGATE execute failed at instruction 0: 0x12
any.dims_out	w80:242	SKIP	client RuntimeError: method->execute() failed with error 0x12 | [utils.h:55] dtype mismatch, SlimTensor dtype 11 != ETensor dtype 0 [method.cpp:1525] CALL_DELEGATE execute failed at instruction 0: 0x12
any.dims_out	w80:473	SKIP	client RuntimeError: method->execute() failed with error 0x12 | [utils.h:55] dtype mismatch, SlimTensor dtype 11 != ETensor dtype 0 [method.cpp:1525] CALL_DELEGATE execute failed at instruction 0: 0x12
any.dims_out	w81:18	SKIP	client RuntimeError: method->execute() failed with error 0x12 | [utils.h:55] dtype mismatch, SlimTensor dtype 11 != ETensor dtype 0 [method.cpp:1525] CALL_DELEGATE execute failed at instruction 0: 0x12
any.dims_out	w81:711	SKIP	client RuntimeError: method->execute() failed with error 0x12 | [utils.h:55] dtype mismatch, SlimTensor dtype 11 != ETensor dtype 0 [method.cpp:1525] CALL_DELEGATE execute failed at instruction 0: 0x12
any.dims_out	w82:551	SKIP	client RuntimeError: method->execute() failed with error 0x12 | [utils.h:55] dtype mismatch, SlimTensor dtype 11 != ETensor dtype 0 [method.cpp:1525] CALL_DELEGATE execute failed at instruction 0: 0x12
any.dims_out	w83:304	SKIP	client RuntimeError: method->execute() failed with error 0x12 | [utils.h:55] dtype mismatch, SlimTensor dtype 11 != ETensor dtype 0 [method.cpp:1525] CALL_DELEGATE execute failed at instruction 0: 0x12
any.dims_out	w83:535	SKIP	client RuntimeError: method->execute() failed with error 0x12 | [utils.h:55] dtype mismatch, SlimTensor dtype 11 != ETensor dtype 0 [method.cpp:1525] CALL_DELEGATE execute failed at instruction 0: 0x12
any.dims_out	w83:70	SKIP	client RuntimeError: method->execute() failed with error 0x12 | [utils.h:55] dtype mismatch, SlimTensor dtype 11 != ETensor dtype 0 [method.cpp:1525] CALL_DELEGATE execute failed at instruction 0: 0x12
any.dims_out	w84:300	SKIP	client RuntimeError: method->execute() failed with error 0x12 | [utils.h:55] dtype mismatch, SlimTensor dtype 11 != ETensor dtype 0 [method.cpp:1525] CALL_DELEGATE execute failed at instruction 0: 0x12
any.dims_out	w84:759	SKIP	client RuntimeError: Failed to load method forward, error: 0x:1 | [platform.cpp:141] Failed loading symbol AOTInductorModelContainerCreateWithDevice with error /tmp/forward_so_blob550812.so: undefined symbol: AOTInductorModelContainerCreateWithDevice [method.cpp:128] Init failed for backend CudaBackend: 0x1
any.dims_out	w85:105	SKIP	client RuntimeError: method->execute() failed with error 0x12 | [utils.h:55] dtype mismatch, SlimTensor dtype 11 != ETensor dtype 0 [method.cpp:1525] CALL_DELEGATE execute failed at instruction 0: 0x12
any.dims_out	w85:333	SKIP	client RuntimeError: method->execute() failed with error 0x12 | [utils.h:55] dtype mismatch, SlimTensor dtype 11 != ETensor dtype 0 [method.cpp:1525] CALL_DELEGATE execute failed at instruction 0: 0x12
any.dims_out	w85:567	SKIP	client RuntimeError: method->execute() failed with error 0x12 | [utils.h:55] dtype mismatch, SlimTensor dtype 11 != ETensor dtype 0 [method.cpp:1525] CALL_DELEGATE execute failed at instruction 0: 0x12
any.dims_out	w86:52	SKIP	client RuntimeError: method->execute() failed with error 0x12 | [utils.h:55] dtype mismatch, SlimTensor dtype 11 != ETensor dtype 0 [method.cpp:1525] CALL_DELEGATE execute failed at instruction 0: 0x12
any.dims_out	w87:547	SKIP	client RuntimeError: method->execute() failed with error 0x12 | [utils.h:55] dtype mismatch, SlimTensor dtype 11 != ETensor dtype 0 [method.cpp:1525] CALL_DELEGATE execute failed at instruction 0: 0x12
any.dims_out	w87:778	SKIP	client RuntimeError: method->execute() failed with error 0x12 | [utils.h:55] dtype mismatch, SlimTensor dtype 11 != ETensor dtype 0 [method.cpp:1525] CALL_DELEGATE execute failed at instruction 0: 0x12
any.dims_out	w88:310	SKIP	client RuntimeError: Failed to load method forward, error: 0x:1 | [method.cpp:128] Init failed for backend CudaBackend: 0x1
any.dims_out	w88:541	SKIP	client RuntimeError: method->execute() failed with error 0x12 | [utils.h:55] dtype mismatch, SlimTensor dtype 11 != ETensor dtype 0 [method.cpp:1525] CALL_DELEGATE execute failed at instruction 0: 0x12
any.dims_out	w88:772	SKIP	client RuntimeError: method->execute() failed with error 0x12 | [utils.h:55] dtype mismatch, SlimTensor dtype 11 != ETensor dtype 0 [method.cpp:1525] CALL_DELEGATE execute failed at instruction 0: 0x12
any.dims_out	w8:168	SKIP	client RuntimeError: method->execute() failed with error 0x12 | [utils.h:55] dtype mismatch, SlimTensor dtype 11 != ETensor dtype 0 [method.cpp:1525] CALL_DELEGATE execute failed at instruction 0: 0x12
any.dims_out	w90:197	SKIP	client RuntimeError: method->execute() failed with error 0x12 | [utils.h:55] dtype mismatch, SlimTensor dtype 11 != ETensor dtype 0 [method.cpp:1525] CALL_DELEGATE execute failed at instruction 0: 0x12
any.dims_out	w90:659	SKIP	client RuntimeError: method->execute() failed with error 0x12 | [utils.h:55] dtype mismatch, SlimTensor dtype 11 != ETensor dtype 0 [method.cpp:1525] CALL_DELEGATE execute failed at instruction 0: 0x12
any.dims_out	w91:11	SKIP	client RuntimeError: method->execute() failed with error 0x12 | [utils.h:55] dtype mismatch, SlimTensor dtype 11 != ETensor dtype 0 [method.cpp:1525] CALL_DELEGATE execute failed at instruction 0: 0x12
any.dims_out	w93:146	SKIP	client RuntimeError: method->execute() failed with error 0x12 | [utils.h:55] dtype mismatch, SlimTensor dtype 11 != ETensor dtype 0 [method.cpp:1525] CALL_DELEGATE execute failed at instruction 0: 0x12
any.dims_out	w93:377	SKIP	client RuntimeError: method->execute() failed with error 0x12 | [utils.h:55] dtype mismatch, SlimTensor dtype 11 != ETensor dtype 0 [method.cpp:1525] CALL_DELEGATE execute failed at instruction 0: 0x12
any.dims_out	w93:608	SKIP	client RuntimeError: method->execute() failed with error 0x12 | [utils.h:55] dtype mismatch, SlimTensor dtype 11 != ETensor dtype 0 [method.cpp:1525] CALL_DELEGATE execute failed at instruction 0: 0x12
any.dims_out	w94:723	SKIP	client RuntimeError: method->execute() failed with error 0x12 | [utils.h:55] dtype mismatch, SlimTensor dtype 11 != ETensor dtype 0 [method.cpp:1525] CALL_DELEGATE execute failed at instruction 0: 0x12
any.dims_out	w95:424	SKIP	client RuntimeError: method->execute() failed with error 0x12 | [utils.h:55] dtype mismatch, SlimTensor dtype 11 != ETensor dtype 0 [method.cpp:1525] CALL_DELEGATE execute failed at instruction 0: 0x12
any.dims_out	w95:655	SKIP	client RuntimeError: method->execute() failed with error 0x12 | [utils.h:55] dtype mismatch, SlimTensor dtype 11 != ETensor dtype 0 [method.cpp:1525] CALL_DELEGATE execute failed at instruction 0: 0x12
any.dims_out	w96:179	SKIP	client RuntimeError: method->execute() failed with error 0x12 | [utils.h:55] dtype mismatch, SlimTensor dtype 11 != ETensor dtype 0 [method.cpp:1525] CALL_DELEGATE execute failed at instruction 0: 0x12
any.dims_out	w98:101	SKIP	client RuntimeError: method->execute() failed with error 0x12 | [utils.h:55] dtype mismatch, SlimTensor dtype 11 != ETensor dtype 0 [method.cpp:1525] CALL_DELEGATE execute failed at instruction 0: 0x12
any.dims_out	w98:332	SKIP	client RuntimeError: method->execute() failed with error 0x12 | [utils.h:55] dtype mismatch, SlimTensor dtype 11 != ETensor dtype 0 [method.cpp:1525] CALL_DELEGATE execute failed at instruction 0: 0x12
any.dims_out	w99:326	SKIP	client RuntimeError: method->execute() failed with error 0x12 | [utils.h:55] dtype mismatch, SlimTensor dtype 11 != ETensor dtype 0 [method.cpp:1525] CALL_DELEGATE execute failed at instruction 0: 0x12
any.dims_out	w9:41	SKIP	client RuntimeError: method->execute() failed with error 0x12 | [utils.h:55] dtype mismatch, SlimTensor dtype 11 != ETensor dtype 0 [method.cpp:1525] CALL_DELEGATE execute failed at instruction 0: 0x12
arange.start_out	w66:187	SKIP	client RuntimeError: Failed to load method forward, error: 0x:1 | [platform.cpp:141] Failed loading symbol AOTInductorModelContainerCreateWithDevice with error /tmp/forward_so_blob533262.so: undefined symbol: AOTInductorModelContainerCreateWithDevice [method.cpp:128] Init failed for backend CudaBackend: 0x1
asinh.out	w66:221	SKIP	client RuntimeError: Failed to load method forward, error: 0x:1 | [platform.cpp:141] Failed loading symbol AOTInductorModelContainerCreateWithDevice with error /tmp/forward_so_blob533262.so: undefined symbol: AOTInductorModelContainerCreateWithDevice [method.cpp:128] Init failed for backend CudaBackend: 0x1
atan.out	w46:224	SKIP	client RuntimeError: Failed to load method forward, error: 0x:1 | [platform.cpp:141] Failed loading symbol AOTInductorModelContainerCreateWithDevice with error /tmp/forward_so_blob504282.so: undefined symbol: AOTInductorModelContainerCreateWithDevice [method.cpp:128] Init failed for backend CudaBackend: 0x1
atanh.out	w66:200	SKIP	client RuntimeError: Failed to load method forward, error: 0x:1 | [platform.cpp:141] Failed loading symbol AOTInductorModelContainerCreateWithDevice with error /tmp/forward_so_blob533262.so: undefined symbol: AOTInductorModelContainerCreateWithDevice [method.cpp:128] Init failed for backend CudaBackend: 0x1
bitwise_and.Scalar_out	w80:302	SKIP	client RuntimeError: Failed to load method forward, error: 0x:1 | [platform.cpp:141] Failed loading symbol AOTInductorModelContainerCreateWithDevice with error /tmp/forward_so_blob547852.so: undefined symbol: AOTInductorModelContainerCreateWithDevice [method.cpp:128] Init failed for backend CudaBackend: 0x1
bitwise_and.Tensor_out	w119:416	SKIP	client RuntimeError: Failed to load method forward, error: 0x:1 | [platform.cpp:141] Failed loading symbol AOTInductorModelContainerCreateWithDevice with error /tmp/forward_so_blob434850.so: undefined symbol: AOTInductorModelContainerCreateWithDevice [method.cpp:128] Init failed for backend CudaBackend: 0x1
bitwise_and.Tensor_out	w80:261	SKIP	client RuntimeError: Failed to load method forward, error: 0x:1 | [platform.cpp:141] Failed loading symbol AOTInductorModelContainerCreateWithDevice with error /tmp/forward_so_blob547852.so: undefined symbol: AOTInductorModelContainerCreateWithDevice [method.cpp:128] Init failed for backend CudaBackend: 0x1
bitwise_left_shift.Tensor_Scalar	w0:237	MISMATCH	out[0] max|delta|=1.342e+10 (rtol=0.0 atol=0.0)
bitwise_left_shift.Tensor_Scalar	w0:6	MISMATCH	out[0] max|delta|=1.342e+10 (rtol=0.0 atol=0.0)
bitwise_left_shift.Tensor_Scalar	w100:43	MISMATCH	out[0] max|delta|=1.342e+10 (rtol=0.0 atol=0.0)
bitwise_left_shift.Tensor_Scalar	w100:505	MISMATCH	out[0] max|delta|=1.342e+10 (rtol=0.0 atol=0.0)
bitwise_left_shift.Tensor_Scalar	w101:216	MISMATCH	out[0] max|delta|=7.206e+16 (rtol=0.0 atol=0.0)
bitwise_left_shift.Tensor_Scalar	w102:211	MISMATCH	out[0] max|delta|=1.342e+10 (rtol=0.0 atol=0.0)
bitwise_left_shift.Tensor_Scalar	w103:698	MISMATCH	out[0] max|delta|=1.342e+10 (rtol=0.0 atol=0.0)
bitwise_left_shift.Tensor_Scalar	w104:470	MISMATCH	out[0] max|delta|=1.342e+10 (rtol=0.0 atol=0.0)
bitwise_left_shift.Tensor_Scalar	w104:701	MISMATCH	out[0] max|delta|=1.342e+10 (rtol=0.0 atol=0.0)
bitwise_left_shift.Tensor_Scalar	w104:8	MISMATCH	out[0] max|delta|=1.678e+07 (rtol=0.0 atol=0.0)
bitwise_left_shift.Tensor_Scalar	w105:291	MISMATCH	out[0] max|delta|=1.342e+10 (rtol=0.0 atol=0.0)
bitwise_left_shift.Tensor_Scalar	w105:60	MISMATCH	out[0] max|delta|=1.342e+10 (rtol=0.0 atol=0.0)
bitwise_left_shift.Tensor_Scalar	w105:753	MISMATCH	out[0] max|delta|=1.342e+10 (rtol=0.0 atol=0.0)
bitwise_left_shift.Tensor_Scalar	w106:207	MISMATCH	out[0] max|delta|=1.342e+10 (rtol=0.0 atol=0.0)
bitwise_left_shift.Tensor_Scalar	w107:246	MISMATCH	out[0] max|delta|=1.342e+10 (rtol=0.0 atol=0.0)
bitwise_left_shift.Tensor_Scalar	w107:477	MISMATCH	out[0] max|delta|=1.342e+10 (rtol=0.0 atol=0.0)
bitwise_left_shift.Tensor_Scalar	w108:539	MISMATCH	out[0] max|delta|=1.342e+10 (rtol=0.0 atol=0.0)
bitwise_left_shift.Tensor_Scalar	w109:321	MISMATCH	out[0] max|delta|=7.206e+16 (rtol=0.0 atol=0.0)
bitwise_left_shift.Tensor_Scalar	w109:552	MISMATCH	out[0] max|delta|=1.342e+10 (rtol=0.0 atol=0.0)
bitwise_left_shift.Tensor_Scalar	w10:171	MISMATCH	out[0] max|delta|=1.342e+10 (rtol=0.0 atol=0.0)
bitwise_left_shift.Tensor_Scalar	w10:402	MISMATCH	out[0] max|delta|=7.205e+16 (rtol=0.0 atol=0.0)
bitwise_left_shift.Tensor_Scalar	w10:633	MISMATCH	out[0] max|delta|=7.206e+16 (rtol=0.0 atol=0.0)
bitwise_left_shift.Tensor_Scalar	w110:536	MISMATCH	out[0] max|delta|=1.342e+10 (rtol=0.0 atol=0.0)
bitwise_left_shift.Tensor_Scalar	w110:74	MISMATCH	out[0] max|delta|=1.342e+10 (rtol=0.0 atol=0.0)
bitwise_left_shift.Tensor_Scalar	w110:767	MISMATCH	out[0] max|delta|=1.342e+10 (rtol=0.0 atol=0.0)
bitwise_left_shift.Tensor_Scalar	w111:524	MISMATCH	out[0] max|delta|=1.342e+10 (rtol=0.0 atol=0.0)
bitwise_left_shift.Tensor_Scalar	w111:755	MISMATCH	out[0] max|delta|=1.342e+10 (rtol=0.0 atol=0.0)
bitwise_left_shift.Tensor_Scalar	w112:191	MISMATCH	out[0] max|delta|=1.342e+10 (rtol=0.0 atol=0.0)
bitwise_left_shift.Tensor_Scalar	w112:653	MISMATCH	out[0] max|delta|=1.678e+07 (rtol=0.0 atol=0.0)
bitwise_left_shift.Tensor_Scalar	w113:214	MISMATCH	out[0] max|delta|=1.342e+10 (rtol=0.0 atol=0.0)
bitwise_left_shift.Tensor_Scalar	w114:231	MISMATCH	out[0] max|delta|=1.678e+07 (rtol=0.0 atol=0.0)
bitwise_left_shift.Tensor_Scalar	w114:462	MISMATCH	out[0] max|delta|=1.342e+10 (rtol=0.0 atol=0.0)
bitwise_left_shift.Tensor_Scalar	w115:500	MISMATCH	out[0] max|delta|=7.205e+16 (rtol=0.0 atol=0.0)
bitwise_left_shift.Tensor_Scalar	w115:731	MISMATCH	out[0] max|delta|=1.342e+10 (rtol=0.0 atol=0.0)
bitwise_left_shift.Tensor_Scalar	w116:282	MISMATCH	out[0] max|delta|=1.342e+10 (rtol=0.0 atol=0.0)
bitwise_left_shift.Tensor_Scalar	w116:51	MISMATCH	out[0] max|delta|=7.206e+16 (rtol=0.0 atol=0.0)
bitwise_left_shift.Tensor_Scalar	w116:513	MISMATCH	out[0] max|delta|=1.342e+10 (rtol=0.0 atol=0.0)
bitwise_left_shift.Tensor_Scalar	w116:744	MISMATCH	out[0] max|delta|=7.206e+16 (rtol=0.0 atol=0.0)
bitwise_left_shift.Tensor_Scalar	w117:259	MISMATCH	out[0] max|delta|=1.342e+10 (rtol=0.0 atol=0.0)
bitwise_left_shift.Tensor_Scalar	w117:490	MISMATCH	out[0] max|delta|=7.206e+16 (rtol=0.0 atol=0.0)
bitwise_left_shift.Tensor_Scalar	w118:447	MISMATCH	out[0] max|delta|=1.342e+10 (rtol=0.0 atol=0.0)
bitwise_left_shift.Tensor_Scalar	w119:234	MISMATCH	out[0] max|delta|=1.342e+10 (rtol=0.0 atol=0.0)
bitwise_left_shift.Tensor_Scalar	w119:465	SKIP	client RuntimeError: Failed to load method forward, error: 0x:1 | [platform.cpp:141] Failed loading symbol AOTInductorModelContainerCreateWithDevice with error /tmp/forward_so_blob434850.so: undefined symbol: AOTInductorModelContainerCreateWithDevice [method.cpp:128] Init failed for backend CudaBackend: 0x1
bitwise_left_shift.Tensor_Scalar	w119:696	MISMATCH	out[0] max|delta|=1.342e+10 (rtol=0.0 atol=0.0)
bitwise_left_shift.Tensor_Scalar	w11:544	MISMATCH	out[0] max|delta|=1.342e+10 (rtol=0.0 atol=0.0)
bitwise_left_shift.Tensor_Scalar	w11:775	MISMATCH	out[0] max|delta|=1.342e+10 (rtol=0.0 atol=0.0)
bitwise_left_shift.Tensor_Scalar	w11:82	MISMATCH	out[0] max|delta|=1.342e+10 (rtol=0.0 atol=0.0)
bitwise_left_shift.Tensor_Scalar	w120:286	MISMATCH	out[0] max|delta|=1.342e+10 (rtol=0.0 atol=0.0)
bitwise_left_shift.Tensor_Scalar	w121:136	MISMATCH	out[0] max|delta|=1.342e+10 (rtol=0.0 atol=0.0)
bitwise_left_shift.Tensor_Scalar	w122:532	MISMATCH	out[0] max|delta|=1.678e+07 (rtol=0.0 atol=0.0)
bitwise_left_shift.Tensor_Scalar	w122:763	MISMATCH	out[0] max|delta|=1.342e+10 (rtol=0.0 atol=0.0)
bitwise_left_shift.Tensor_Scalar	w125:263	MISMATCH	out[0] max|delta|=1.342e+10 (rtol=0.0 atol=0.0)
bitwise_left_shift.Tensor_Scalar	w125:494	MISMATCH	out[0] max|delta|=1.342e+10 (rtol=0.0 atol=0.0)
bitwise_left_shift.Tensor_Scalar	w125:725	MISMATCH	out[0] max|delta|=1.342e+10 (rtol=0.0 atol=0.0)
bitwise_left_shift.Tensor_Scalar	w126:743	MISMATCH	out[0] max|delta|=1.342e+10 (rtol=0.0 atol=0.0)
bitwise_left_shift.Tensor_Scalar	w127:178	MISMATCH	out[0] max|delta|=1.342e+10 (rtol=0.0 atol=0.0)
bitwise_left_shift.Tensor_Scalar	w127:409	MISMATCH	out[0] max|delta|=1.342e+10 (rtol=0.0 atol=0.0)
bitwise_left_shift.Tensor_Scalar	w12:420	MISMATCH	out[0] max|delta|=1.342e+10 (rtol=0.0 atol=0.0)
bitwise_left_shift.Tensor_Scalar	w13:583	MISMATCH	out[0] max|delta|=1.342e+10 (rtol=0.0 atol=0.0)
bitwise_left_shift.Tensor_Scalar	w14:650	MISMATCH	out[0] max|delta|=1.342e+10 (rtol=0.0 atol=0.0)
bitwise_left_shift.Tensor_Scalar	w15:27	MISMATCH	out[0] max|delta|=1.342e+10 (rtol=0.0 atol=0.0)
bitwise_left_shift.Tensor_Scalar	w15:489	MISMATCH	out[0] max|delta|=1.342e+10 (rtol=0.0 atol=0.0)
bitwise_left_shift.Tensor_Scalar	w16:310	MISMATCH	out[0] max|delta|=1.342e+10 (rtol=0.0 atol=0.0)
bitwise_left_shift.Tensor_Scalar	w16:79	MISMATCH	out[0] max|delta|=1.342e+10 (rtol=0.0 atol=0.0)
bitwise_left_shift.Tensor_Scalar	w17:652	MISMATCH	out[0] max|delta|=7.205e+16 (rtol=0.0 atol=0.0)
bitwise_left_shift.Tensor_Scalar	w18:118	MISMATCH	out[0] max|delta|=1.678e+07 (rtol=0.0 atol=0.0)
bitwise_left_shift.Tensor_Scalar	w18:580	MISMATCH	out[0] max|delta|=1.342e+10 (rtol=0.0 atol=0.0)
bitwise_left_shift.Tensor_Scalar	w19:19	MISMATCH	out[0] max|delta|=1.342e+10 (rtol=0.0 atol=0.0)
bitwise_left_shift.Tensor_Scalar	w19:250	MISMATCH	out[0] max|delta|=1.342e+10 (rtol=0.0 atol=0.0)
bitwise_left_shift.Tensor_Scalar	w19:481	MISMATCH	out[0] max|delta|=7.206e+16 (rtol=0.0 atol=0.0)
bitwise_left_shift.Tensor_Scalar	w19:712	MISMATCH	out[0] max|delta|=1.342e+10 (rtol=0.0 atol=0.0)
bitwise_left_shift.Tensor_Scalar	w20:97	MISMATCH	out[0] max|delta|=7.206e+16 (rtol=0.0 atol=0.0)
bitwise_left_shift.Tensor_Scalar	w21:563	MISMATCH	out[0] max|delta|=1.342e+10 (rtol=0.0 atol=0.0)
bitwise_left_shift.Tensor_Scalar	w22:257	MISMATCH	out[0] max|delta|=5.369e+08 (rtol=0.0 atol=0.0)
bitwise_left_shift.Tensor_Scalar	w23:242	MISMATCH	out[0] max|delta|=7.206e+16 (rtol=0.0 atol=0.0)
bitwise_left_shift.Tensor_Scalar	w23:473	MISMATCH	out[0] max|delta|=1.342e+10 (rtol=0.0 atol=0.0)
bitwise_left_shift.Tensor_Scalar	w24:425	MISMATCH	out[0] max|delta|=1.678e+07 (rtol=0.0 atol=0.0)
bitwise_left_shift.Tensor_Scalar	w24:656	MISMATCH	out[0] max|delta|=1.342e+10 (rtol=0.0 atol=0.0)
bitwise_left_shift.Tensor_Scalar	w25:148	MISMATCH	out[0] max|delta|=1.342e+10 (rtol=0.0 atol=0.0)
bitwise_left_shift.Tensor_Scalar	w25:379	MISMATCH	out[0] max|delta|=1.342e+10 (rtol=0.0 atol=0.0)
bitwise_left_shift.Tensor_Scalar	w25:610	MISMATCH	out[0] max|delta|=1.678e+07 (rtol=0.0 atol=0.0)
bitwise_left_shift.Tensor_Scalar	w27:191	MISMATCH	out[0] max|delta|=1.342e+10 (rtol=0.0 atol=0.0)
bitwise_left_shift.Tensor_Scalar	w27:422	MISMATCH	out[0] max|delta|=1.342e+10 (rtol=0.0 atol=0.0)
bitwise_left_shift.Tensor_Scalar	w29:596	MISMATCH	out[0] max|delta|=1.342e+10 (rtol=0.0 atol=0.0)
bitwise_left_shift.Tensor_Scalar	w2:177	MISMATCH	out[0] max|delta|=1.342e+10 (rtol=0.0 atol=0.0)
bitwise_left_shift.Tensor_Scalar	w2:408	MISMATCH	out[0] max|delta|=1.342e+10 (rtol=0.0 atol=0.0)
bitwise_left_shift.Tensor_Scalar	w30:154	MISMATCH	out[0] max|delta|=1.342e+10 (rtol=0.0 atol=0.0)
bitwise_left_shift.Tensor_Scalar	w30:616	MISMATCH	out[0] max|delta|=1.342e+10 (rtol=0.0 atol=0.0)
bitwise_left_shift.Tensor_Scalar	w32:413	MISMATCH	out[0] max|delta|=1.342e+10 (rtol=0.0 atol=0.0)
bitwise_left_shift.Tensor_Scalar	w33:396	MISMATCH	out[0] max|delta|=1.342e+10 (rtol=0.0 atol=0.0)
bitwise_left_shift.Tensor_Scalar	w34:119	MISMATCH	out[0] max|delta|=1.342e+10 (rtol=0.0 atol=0.0)
bitwise_left_shift.Tensor_Scalar	w35:752	MISMATCH	out[0] max|delta|=1.342e+10 (rtol=0.0 atol=0.0)
bitwise_left_shift.Tensor_Scalar	w36:512	MISMATCH	out[0] max|delta|=7.206e+16 (rtol=0.0 atol=0.0)
bitwise_left_shift.Tensor_Scalar	w37:250	MISMATCH	out[0] max|delta|=1.342e+10 (rtol=0.0 atol=0.0)
bitwise_left_shift.Tensor_Scalar	w37:712	MISMATCH	out[0] max|delta|=1.342e+10 (rtol=0.0 atol=0.0)
bitwise_left_shift.Tensor_Scalar	w38:113	MISMATCH	out[0] max|delta|=1.342e+10 (rtol=0.0 atol=0.0)
bitwise_left_shift.Tensor_Scalar	w38:575	MISMATCH	out[0] max|delta|=7.206e+16 (rtol=0.0 atol=0.0)
bitwise_left_shift.Tensor_Scalar	w39:323	MISMATCH	out[0] max|delta|=7.206e+16 (rtol=0.0 atol=0.0)
bitwise_left_shift.Tensor_Scalar	w3:234	MISMATCH	out[0] max|delta|=1.342e+10 (rtol=0.0 atol=0.0)
bitwise_left_shift.Tensor_Scalar	w3:3	MISMATCH	out[0] max|delta|=1.342e+10 (rtol=0.0 atol=0.0)
bitwise_left_shift.Tensor_Scalar	w3:465	MISMATCH	out[0] max|delta|=7.206e+16 (rtol=0.0 atol=0.0)
bitwise_left_shift.Tensor_Scalar	w41:131	MISMATCH	out[0] max|delta|=1.678e+07 (rtol=0.0 atol=0.0)
bitwise_left_shift.Tensor_Scalar	w41:362	MISMATCH	out[0] max|delta|=1.342e+10 (rtol=0.0 atol=0.0)
bitwise_left_shift.Tensor_Scalar	w42:167	MISMATCH	out[0] max|delta|=1.342e+10 (rtol=0.0 atol=0.0)
bitwise_left_shift.Tensor_Scalar	w43:158	MISMATCH	out[0] max|delta|=1.342e+10 (rtol=0.0 atol=0.0)
bitwise_left_shift.Tensor_Scalar	w43:389	MISMATCH	out[0] max|delta|=1.342e+10 (rtol=0.0 atol=0.0)
bitwise_left_shift.Tensor_Scalar	w47:335	MISMATCH	out[0] max|delta|=1.342e+10 (rtol=0.0 atol=0.0)
bitwise_left_shift.Tensor_Scalar	w48:449	MISMATCH	out[0] max|delta|=1.342e+10 (rtol=0.0 atol=0.0)
bitwise_left_shift.Tensor_Scalar	w49:184	MISMATCH	out[0] max|delta|=7.205e+16 (rtol=0.0 atol=0.0)
bitwise_left_shift.Tensor_Scalar	w49:415	MISMATCH	out[0] max|delta|=1.342e+10 (rtol=0.0 atol=0.0)
bitwise_left_shift.Tensor_Scalar	w4:27	MISMATCH	out[0] max|delta|=1.342e+10 (rtol=0.0 atol=0.0)
bitwise_left_shift.Tensor_Scalar	w4:489	MISMATCH	out[0] max|delta|=1.342e+10 (rtol=0.0 atol=0.0)
bitwise_left_shift.Tensor_Scalar	w4:720	MISMATCH	out[0] max|delta|=1.342e+10 (rtol=0.0 atol=0.0)
bitwise_left_shift.Tensor_Scalar	w50:401	MISMATCH	out[0] max|delta|=1.342e+10 (rtol=0.0 atol=0.0)
bitwise_left_shift.Tensor_Scalar	w51:208	MISMATCH	out[0] max|delta|=7.205e+16 (rtol=0.0 atol=0.0)
bitwise_left_shift.Tensor_Scalar	w51:439	MISMATCH	out[0] max|delta|=5.369e+08 (rtol=0.0 atol=0.0)
bitwise_left_shift.Tensor_Scalar	w52:33	MISMATCH	out[0] max|delta|=7.205e+16 (rtol=0.0 atol=0.0)
bitwise_left_shift.Tensor_Scalar	w52:726	MISMATCH	out[0] max|delta|=1.342e+10 (rtol=0.0 atol=0.0)
bitwise_left_shift.Tensor_Scalar	w53:300	MISMATCH	out[0] max|delta|=1.342e+10 (rtol=0.0 atol=0.0)
bitwise_left_shift.Tensor_Scalar	w53:531	MISMATCH	out[0] max|delta|=1.342e+10 (rtol=0.0 atol=0.0)
bitwise_left_shift.Tensor_Scalar	w53:762	MISMATCH	out[0] max|delta|=1.342e+10 (rtol=0.0 atol=0.0)
bitwise_left_shift.Tensor_Scalar	w54:594	MISMATCH	out[0] max|delta|=1.342e+10 (rtol=0.0 atol=0.0)
bitwise_left_shift.Tensor_Scalar	w55:89	MISMATCH	out[0] max|delta|=1.342e+10 (rtol=0.0 atol=0.0)
bitwise_left_shift.Tensor_Scalar	w56:523	MISMATCH	out[0] max|delta|=1.342e+10 (rtol=0.0 atol=0.0)
bitwise_left_shift.Tensor_Scalar	w56:61	MISMATCH	out[0] max|delta|=1.678e+07 (rtol=0.0 atol=0.0)
bitwise_left_shift.Tensor_Scalar	w56:754	MISMATCH	out[0] max|delta|=1.342e+10 (rtol=0.0 atol=0.0)
bitwise_left_shift.Tensor_Scalar	w57:285	MISMATCH	out[0] max|delta|=1.342e+10 (rtol=0.0 atol=0.0)
bitwise_left_shift.Tensor_Scalar	w57:516	MISMATCH	out[0] max|delta|=1.342e+10 (rtol=0.0 atol=0.0)
bitwise_left_shift.Tensor_Scalar	w57:54	MISMATCH	out[0] max|delta|=1.342e+10 (rtol=0.0 atol=0.0)
bitwise_left_shift.Tensor_Scalar	w57:747	MISMATCH	out[0] max|delta|=1.678e+07 (rtol=0.0 atol=0.0)
bitwise_left_shift.Tensor_Scalar	w58:708	MISMATCH	out[0] max|delta|=1.342e+10 (rtol=0.0 atol=0.0)
bitwise_left_shift.Tensor_Scalar	w59:332	MISMATCH	out[0] max|delta|=1.342e+10 (rtol=0.0 atol=0.0)
bitwise_left_shift.Tensor_Scalar	w59:563	MISMATCH	out[0] max|delta|=1.342e+10 (rtol=0.0 atol=0.0)
bitwise_left_shift.Tensor_Scalar	w5:111	MISMATCH	out[0] max|delta|=1.342e+10 (rtol=0.0 atol=0.0)
bitwise_left_shift.Tensor_Scalar	w5:342	MISMATCH	out[0] max|delta|=1.342e+10 (rtol=0.0 atol=0.0)
bitwise_left_shift.Tensor_Scalar	w5:573	MISMATCH	out[0] max|delta|=1.678e+07 (rtol=0.0 atol=0.0)
bitwise_left_shift.Tensor_Scalar	w60:389	MISMATCH	out[0] max|delta|=1.342e+10 (rtol=0.0 atol=0.0)
bitwise_left_shift.Tensor_Scalar	w61:682	MISMATCH	out[0] max|delta|=1.342e+10 (rtol=0.0 atol=0.0)
bitwise_left_shift.Tensor_Scalar	w62:658	MISMATCH	out[0] max|delta|=1.342e+10 (rtol=0.0 atol=0.0)
bitwise_left_shift.Tensor_Scalar	w65:315	MISMATCH	out[0] max|delta|=1.342e+10 (rtol=0.0 atol=0.0)
bitwise_left_shift.Tensor_Scalar	w65:546	MISMATCH	out[0] max|delta|=1.678e+07 (rtol=0.0 atol=0.0)
bitwise_left_shift.Tensor_Scalar	w65:777	MISMATCH	out[0] max|delta|=1.342e+10 (rtol=0.0 atol=0.0)
bitwise_left_shift.Tensor_Scalar	w65:84	MISMATCH	out[0] max|delta|=7.205e+16 (rtol=0.0 atol=0.0)
bitwise_left_shift.Tensor_Scalar	w67:486	MISMATCH	out[0] max|delta|=1.342e+10 (rtol=0.0 atol=0.0)
bitwise_left_shift.Tensor_Scalar	w67:717	MISMATCH	out[0] max|delta|=1.342e+10 (rtol=0.0 atol=0.0)
bitwise_left_shift.Tensor_Scalar	w68:253	MISMATCH	out[0] max|delta|=1.342e+10 (rtol=0.0 atol=0.0)
bitwise_left_shift.Tensor_Scalar	w69:574	MISMATCH	out[0] max|delta|=1.678e+07 (rtol=0.0 atol=0.0)
bitwise_left_shift.Tensor_Scalar	w6:335	MISMATCH	out[0] max|delta|=7.206e+16 (rtol=0.0 atol=0.0)
bitwise_left_shift.Tensor_Scalar	w6:566	MISMATCH	out[0] max|delta|=5.369e+08 (rtol=0.0 atol=0.0)
bitwise_left_shift.Tensor_Scalar	w70:232	MISMATCH	out[0] max|delta|=1.342e+10 (rtol=0.0 atol=0.0)
bitwise_left_shift.Tensor_Scalar	w70:463	MISMATCH	out[0] max|delta|=1.342e+10 (rtol=0.0 atol=0.0)
bitwise_left_shift.Tensor_Scalar	w71:109	MISMATCH	out[0] max|delta|=1.342e+10 (rtol=0.0 atol=0.0)
bitwise_left_shift.Tensor_Scalar	w71:340	MISMATCH	out[0] max|delta|=1.342e+10 (rtol=0.0 atol=0.0)
bitwise_left_shift.Tensor_Scalar	w72:104	MISMATCH	out[0] max|delta|=1.678e+07 (rtol=0.0 atol=0.0)
bitwise_left_shift.Tensor_Scalar	w72:566	MISMATCH	out[0] max|delta|=1.342e+10 (rtol=0.0 atol=0.0)
bitwise_left_shift.Tensor_Scalar	w74:217	MISMATCH	out[0] max|delta|=1.342e+10 (rtol=0.0 atol=0.0)
bitwise_left_shift.Tensor_Scalar	w75:571	MISMATCH	out[0] max|delta|=1.342e+10 (rtol=0.0 atol=0.0)
bitwise_left_shift.Tensor_Scalar	w76:183	MISMATCH	out[0] max|delta|=1.342e+10 (rtol=0.0 atol=0.0)
bitwise_left_shift.Tensor_Scalar	w76:645	MISMATCH	out[0] max|delta|=1.342e+10 (rtol=0.0 atol=0.0)
bitwise_left_shift.Tensor_Scalar	w78:320	MISMATCH	out[0] max|delta|=1.342e+10 (rtol=0.0 atol=0.0)
bitwise_left_shift.Tensor_Scalar	w79:184	MISMATCH	out[0] max|delta|=1.342e+10 (rtol=0.0 atol=0.0)
bitwise_left_shift.Tensor_Scalar	w79:415	MISMATCH	out[0] max|delta|=1.342e+10 (rtol=0.0 atol=0.0)
bitwise_left_shift.Tensor_Scalar	w79:646	MISMATCH	out[0] max|delta|=1.342e+10 (rtol=0.0 atol=0.0)
bitwise_left_shift.Tensor_Scalar	w7:531	MISMATCH	out[0] max|delta|=7.206e+16 (rtol=0.0 atol=0.0)
bitwise_left_shift.Tensor_Scalar	w7:69	MISMATCH	out[0] max|delta|=5.369e+08 (rtol=0.0 atol=0.0)
bitwise_left_shift.Tensor_Scalar	w7:762	MISMATCH	out[0] max|delta|=1.342e+10 (rtol=0.0 atol=0.0)
bitwise_left_shift.Tensor_Scalar	w80:79	MISMATCH	out[0] max|delta|=7.206e+16 (rtol=0.0 atol=0.0)
bitwise_left_shift.Tensor_Scalar	w81:548	MISMATCH	out[0] max|delta|=7.205e+16 (rtol=0.0 atol=0.0)
bitwise_left_shift.Tensor_Scalar	w81:779	MISMATCH	out[0] max|delta|=1.342e+10 (rtol=0.0 atol=0.0)
bitwise_left_shift.Tensor_Scalar	w82:157	MISMATCH	out[0] max|delta|=1.342e+10 (rtol=0.0 atol=0.0)
bitwise_left_shift.Tensor_Scalar	w82:388	MISMATCH	out[0] max|delta|=1.678e+07 (rtol=0.0 atol=0.0)
bitwise_left_shift.Tensor_Scalar	w82:619	MISMATCH	out[0] max|delta|=1.678e+07 (rtol=0.0 atol=0.0)
bitwise_left_shift.Tensor_Scalar	w83:141	MISMATCH	out[0] max|delta|=1.678e+07 (rtol=0.0 atol=0.0)
bitwise_left_shift.Tensor_Scalar	w84:137	MISMATCH	out[0] max|delta|=1.342e+10 (rtol=0.0 atol=0.0)
bitwise_left_shift.Tensor_Scalar	w84:368	MISMATCH	out[0] max|delta|=1.342e+10 (rtol=0.0 atol=0.0)
bitwise_left_shift.Tensor_Scalar	w85:635	MISMATCH	out[0] max|delta|=7.206e+16 (rtol=0.0 atol=0.0)
bitwise_left_shift.Tensor_Scalar	w87:153	MISMATCH	out[0] max|delta|=1.342e+10 (rtol=0.0 atol=0.0)
bitwise_left_shift.Tensor_Scalar	w87:615	MISMATCH	out[0] max|delta|=1.342e+10 (rtol=0.0 atol=0.0)
bitwise_left_shift.Tensor_Scalar	w88:147	MISMATCH	out[0] max|delta|=1.342e+10 (rtol=0.0 atol=0.0)
bitwise_left_shift.Tensor_Scalar	w88:609	MISMATCH	out[0] max|delta|=1.342e+10 (rtol=0.0 atol=0.0)
bitwise_left_shift.Tensor_Scalar	w89:293	MISMATCH	out[0] max|delta|=7.206e+16 (rtol=0.0 atol=0.0)
bitwise_left_shift.Tensor_Scalar	w89:524	MISMATCH	out[0] max|delta|=7.206e+16 (rtol=0.0 atol=0.0)
bitwise_left_shift.Tensor_Scalar	w89:62	MISMATCH	out[0] max|delta|=1.342e+10 (rtol=0.0 atol=0.0)
bitwise_left_shift.Tensor_Scalar	w89:755	MISMATCH	out[0] max|delta|=1.678e+07 (rtol=0.0 atol=0.0)
bitwise_left_shift.Tensor_Scalar	w8:467	MISMATCH	out[0] max|delta|=1.342e+10 (rtol=0.0 atol=0.0)
bitwise_left_shift.Tensor_Scalar	w8:698	MISMATCH	out[0] max|delta|=1.342e+10 (rtol=0.0 atol=0.0)
bitwise_left_shift.Tensor_Scalar	w90:265	MISMATCH	out[0] max|delta|=1.342e+10 (rtol=0.0 atol=0.0)
bitwise_left_shift.Tensor_Scalar	w91:541	MISMATCH	out[0] max|delta|=5.369e+08 (rtol=0.0 atol=0.0)
bitwise_left_shift.Tensor_Scalar	w91:79	MISMATCH	out[0] max|delta|=1.342e+10 (rtol=0.0 atol=0.0)
bitwise_left_shift.Tensor_Scalar	w92:144	MISMATCH	out[0] max|delta|=1.342e+10 (rtol=0.0 atol=0.0)
bitwise_left_shift.Tensor_Scalar	w92:375	MISMATCH	out[0] max|delta|=1.342e+10 (rtol=0.0 atol=0.0)
bitwise_left_shift.Tensor_Scalar	w92:606	MISMATCH	out[0] max|delta|=1.342e+10 (rtol=0.0 atol=0.0)
bitwise_left_shift.Tensor_Scalar	w93:445	MISMATCH	out[0] max|delta|=7.205e+16 (rtol=0.0 atol=0.0)
bitwise_left_shift.Tensor_Scalar	w94:329	MISMATCH	out[0] max|delta|=1.342e+10 (rtol=0.0 atol=0.0)
bitwise_left_shift.Tensor_Scalar	w94:98	MISMATCH	out[0] max|delta|=1.342e+10 (rtol=0.0 atol=0.0)
bitwise_left_shift.Tensor_Scalar	w95:261	MISMATCH	out[0] max|delta|=1.342e+10 (rtol=0.0 atol=0.0)
bitwise_left_shift.Tensor_Scalar	w95:30	MISMATCH	out[0] max|delta|=1.342e+10 (rtol=0.0 atol=0.0)
bitwise_left_shift.Tensor_Scalar	w95:723	MISMATCH	out[0] max|delta|=1.342e+10 (rtol=0.0 atol=0.0)
bitwise_left_shift.Tensor_Scalar	w97:455	MISMATCH	out[0] max|delta|=1.342e+10 (rtol=0.0 atol=0.0)
bitwise_left_shift.Tensor_Scalar	w98:631	MISMATCH	out[0] max|delta|=7.206e+16 (rtol=0.0 atol=0.0)
bitwise_left_shift.Tensor_Scalar	w99:625	MISMATCH	out[0] max|delta|=1.342e+10 (rtol=0.0 atol=0.0)
bitwise_left_shift.Tensor_Scalar	w9:340	MISMATCH	out[0] max|delta|=1.342e+10 (rtol=0.0 atol=0.0)
bitwise_left_shift.Tensor_Scalar	w9:571	MISMATCH	out[0] max|delta|=1.342e+10 (rtol=0.0 atol=0.0)
bitwise_left_shift.Tensor_Scalar_out	w100:247	MISMATCH	out[0] max|delta|=1.342e+10 (rtol=0.0 atol=0.0)
bitwise_left_shift.Tensor_Scalar_out	w101:189	MISMATCH	out[0] max|delta|=1.342e+10 (rtol=0.0 atol=0.0)
bitwise_left_shift.Tensor_Scalar_out	w101:420	MISMATCH	out[0] max|delta|=1.678e+07 (rtol=0.0 atol=0.0)
bitwise_left_shift.Tensor_Scalar_out	w104:674	MISMATCH	out[0] max|delta|=1.342e+10 (rtol=0.0 atol=0.0)
bitwise_left_shift.Tensor_Scalar_out	w106:642	MISMATCH	out[0] max|delta|=1.342e+10 (rtol=0.0 atol=0.0)
bitwise_left_shift.Tensor_Scalar_out	w107:681	MISMATCH	out[0] non-finite mismatch (nan/inf positions differ)
bitwise_left_shift.Tensor_Scalar_out	w108:743	MISMATCH	out[0] max|delta|=1.342e+10 (rtol=0.0 atol=0.0)
bitwise_left_shift.Tensor_Scalar_out	w109:294	MISMATCH	out[0] max|delta|=1.342e+10 (rtol=0.0 atol=0.0)
bitwise_left_shift.Tensor_Scalar_out	w109:525	MISMATCH	out[0] max|delta|=1.678e+07 (rtol=0.0 atol=0.0)
bitwise_left_shift.Tensor_Scalar_out	w109:756	MISMATCH	out[0] max|delta|=1.678e+07 (rtol=0.0 atol=0.0)
bitwise_left_shift.Tensor_Scalar_out	w110:278	MISMATCH	out[0] max|delta|=1.342e+10 (rtol=0.0 atol=0.0)
bitwise_left_shift.Tensor_Scalar_out	w110:509	MISMATCH	out[0] max|delta|=1.342e+10 (rtol=0.0 atol=0.0)
bitwise_left_shift.Tensor_Scalar_out	w112:164	MISMATCH	out[0] max|delta|=1.342e+10 (rtol=0.0 atol=0.0)
bitwise_left_shift.Tensor_Scalar_out	w112:626	MISMATCH	out[0] max|delta|=1.342e+10 (rtol=0.0 atol=0.0)
bitwise_left_shift.Tensor_Scalar_out	w115:242	MISMATCH	out[0] non-finite mismatch (nan/inf positions differ)
bitwise_left_shift.Tensor_Scalar_out	w115:704	MISMATCH	out[0] max|delta|=1.342e+10 (rtol=0.0 atol=0.0)
bitwise_left_shift.Tensor_Scalar_out	w119:207	MISMATCH	out[0] max|delta|=1.342e+10 (rtol=0.0 atol=0.0)
bitwise_left_shift.Tensor_Scalar_out	w119:438	SKIP	client RuntimeError: Failed to load method forward, error: 0x:1 | [platform.cpp:141] Failed loading symbol AOTInductorModelContainerCreateWithDevice with error /tmp/forward_so_blob434850.so: undefined symbol: AOTInductorModelContainerCreateWithDevice [method.cpp:128] Init failed for backend CudaBackend: 0x1
bitwise_left_shift.Tensor_Scalar_out	w11:748	MISMATCH	out[0] max|delta|=1.342e+10 (rtol=0.0 atol=0.0)
bitwise_left_shift.Tensor_Scalar_out	w120:259	MISMATCH	out[0] max|delta|=1.342e+10 (rtol=0.0 atol=0.0)
bitwise_left_shift.Tensor_Scalar_out	w121:340	MISMATCH	out[0] max|delta|=1.678e+07 (rtol=0.0 atol=0.0)
bitwise_left_shift.Tensor_Scalar_out	w122:43	MISMATCH	out[0] max|delta|=7.205e+16 (rtol=0.0 atol=0.0)
bitwise_left_shift.Tensor_Scalar_out	w122:505	MISMATCH	out[0] non-finite mismatch (nan/inf positions differ)
bitwise_left_shift.Tensor_Scalar_out	w123:581	MISMATCH	out[0] max|delta|=1.678e+07 (rtol=0.0 atol=0.0)
bitwise_left_shift.Tensor_Scalar_out	w124:83	MISMATCH	out[0] max|delta|=1.678e+07 (rtol=0.0 atol=0.0)
bitwise_left_shift.Tensor_Scalar_out	w12:393	MISMATCH	out[0] non-finite mismatch (nan/inf positions differ)
bitwise_left_shift.Tensor_Scalar_out	w13:325	MISMATCH	out[0] max|delta|=1.342e+10 (rtol=0.0 atol=0.0)
bitwise_left_shift.Tensor_Scalar_out	w13:556	MISMATCH	out[0] non-finite mismatch (nan/inf positions differ)
bitwise_left_shift.Tensor_Scalar_out	w14:623	MISMATCH	out[0] non-finite mismatch (nan/inf positions differ)
bitwise_left_shift.Tensor_Scalar_out	w1:309	MISMATCH	out[0] max|delta|=1.342e+10 (rtol=0.0 atol=0.0)
bitwise_left_shift.Tensor_Scalar_out	w21:305	MISMATCH	out[0] max|delta|=1.678e+07 (rtol=0.0 atol=0.0)
bitwise_left_shift.Tensor_Scalar_out	w21:74	MISMATCH	out[0] max|delta|=1.678e+07 (rtol=0.0 atol=0.0)
bitwise_left_shift.Tensor_Scalar_out	w23:446	MISMATCH	out[0] max|delta|=1.342e+10 (rtol=0.0 atol=0.0)
bitwise_left_shift.Tensor_Scalar_out	w25:121	MISMATCH	out[0] max|delta|=1.678e+07 (rtol=0.0 atol=0.0)
bitwise_left_shift.Tensor_Scalar_out	w26:595	MISMATCH	out[0] max|delta|=1.342e+10 (rtol=0.0 atol=0.0)
bitwise_left_shift.Tensor_Scalar_out	w29:569	MISMATCH	out[0] max|delta|=1.342e+10 (rtol=0.0 atol=0.0)
bitwise_left_shift.Tensor_Scalar_out	w2:150	MISMATCH	out[0] max|delta|=1.678e+07 (rtol=0.0 atol=0.0)
bitwise_left_shift.Tensor_Scalar_out	w30:358	MISMATCH	out[0] max|delta|=1.678e+07 (rtol=0.0 atol=0.0)
bitwise_left_shift.Tensor_Scalar_out	w31:408	MISMATCH	out[0] non-finite mismatch (nan/inf positions differ)
bitwise_left_shift.Tensor_Scalar_out	w33:138	MISMATCH	out[0] max|delta|=1.342e+10 (rtol=0.0 atol=0.0)
bitwise_left_shift.Tensor_Scalar_out	w34:554	MISMATCH	out[0] max|delta|=1.342e+10 (rtol=0.0 atol=0.0)
bitwise_left_shift.Tensor_Scalar_out	w35:725	CRASH	executor died (native abort)
bitwise_left_shift.Tensor_Scalar_out	w36:485	MISMATCH	out[0] max|delta|=1.342e+10 (rtol=0.0 atol=0.0)
bitwise_left_shift.Tensor_Scalar_out	w36:716	MISMATCH	out[0] max|delta|=1.678e+07 (rtol=0.0 atol=0.0)
bitwise_left_shift.Tensor_Scalar_out	w38:548	MISMATCH	out[0] max|delta|=1.678e+07 (rtol=0.0 atol=0.0)
bitwise_left_shift.Tensor_Scalar_out	w39:758	MISMATCH	out[0] max|delta|=1.342e+10 (rtol=0.0 atol=0.0)
bitwise_left_shift.Tensor_Scalar_out	w3:669	MISMATCH	out[0] max|delta|=1.678e+07 (rtol=0.0 atol=0.0)
bitwise_left_shift.Tensor_Scalar_out	w40:63	MISMATCH	out[0] max|delta|=1.678e+07 (rtol=0.0 atol=0.0)
bitwise_left_shift.Tensor_Scalar_out	w43:593	MISMATCH	out[0] non-finite mismatch (nan/inf positions differ)
bitwise_left_shift.Tensor_Scalar_out	w46:300	MISMATCH	out[0] max|delta|=1.678e+07 (rtol=0.0 atol=0.0)
bitwise_left_shift.Tensor_Scalar_out	w46:69	MISMATCH	out[0] non-finite mismatch (nan/inf positions differ)
bitwise_left_shift.Tensor_Scalar_out	w47:770	MISMATCH	out[0] max|delta|=1.342e+10 (rtol=0.0 atol=0.0)
bitwise_left_shift.Tensor_Scalar_out	w48:653	MISMATCH	out[0] max|delta|=1.678e+07 (rtol=0.0 atol=0.0)
bitwise_left_shift.Tensor_Scalar_out	w4:462	MISMATCH	out[0] non-finite mismatch (nan/inf positions differ)
bitwise_left_shift.Tensor_Scalar_out	w4:693	MISMATCH	out[0] max|delta|=1.342e+10 (rtol=0.0 atol=0.0)
bitwise_left_shift.Tensor_Scalar_out	w50:374	MISMATCH	out[0] max|delta|=1.342e+10 (rtol=0.0 atol=0.0)
bitwise_left_shift.Tensor_Scalar_out	w53:273	MISMATCH	out[0] max|delta|=1.678e+07 (rtol=0.0 atol=0.0)
bitwise_left_shift.Tensor_Scalar_out	w56:496	MISMATCH	out[0] max|delta|=1.342e+10 (rtol=0.0 atol=0.0)
bitwise_left_shift.Tensor_Scalar_out	w57:489	MISMATCH	out[0] max|delta|=1.342e+10 (rtol=0.0 atol=0.0)
bitwise_left_shift.Tensor_Scalar_out	w58:450	MISMATCH	out[0] max|delta|=1.678e+07 (rtol=0.0 atol=0.0)
bitwise_left_shift.Tensor_Scalar_out	w59:536	MISMATCH	out[0] max|delta|=1.342e+10 (rtol=0.0 atol=0.0)
bitwise_left_shift.Tensor_Scalar_out	w5:777	MISMATCH	out[0] max|delta|=1.342e+10 (rtol=0.0 atol=0.0)
bitwise_left_shift.Tensor_Scalar_out	w5:84	MISMATCH	out[0] max|delta|=1.678e+07 (rtol=0.0 atol=0.0)
bitwise_left_shift.Tensor_Scalar_out	w61:193	MISMATCH	out[0] non-finite mismatch (nan/inf positions differ)
bitwise_left_shift.Tensor_Scalar_out	w61:424	MISMATCH	out[0] max|delta|=1.342e+10 (rtol=0.0 atol=0.0)
bitwise_left_shift.Tensor_Scalar_out	w62:400	MISMATCH	out[0] max|delta|=1.678e+07 (rtol=0.0 atol=0.0)
bitwise_left_shift.Tensor_Scalar_out	w66:611	MISMATCH	out[0] max|delta|=1.678e+07 (rtol=0.0 atol=0.0)
bitwise_left_shift.Tensor_Scalar_out	w71:544	MISMATCH	out[0] max|delta|=1.342e+10 (rtol=0.0 atol=0.0)
bitwise_left_shift.Tensor_Scalar_out	w74:190	MISMATCH	out[0] max|delta|=1.678e+07 (rtol=0.0 atol=0.0)
bitwise_left_shift.Tensor_Scalar_out	w75:313	MISMATCH	out[0] max|delta|=1.342e+10 (rtol=0.0 atol=0.0)
bitwise_left_shift.Tensor_Scalar_out	w77:404	MISMATCH	out[0] max|delta|=1.342e+10 (rtol=0.0 atol=0.0)
bitwise_left_shift.Tensor_Scalar_out	w79:619	MISMATCH	out[0] max|delta|=1.678e+07 (rtol=0.0 atol=0.0)
bitwise_left_shift.Tensor_Scalar_out	w7:735	MISMATCH	out[0] max|delta|=1.342e+10 (rtol=0.0 atol=0.0)
bitwise_left_shift.Tensor_Scalar_out	w81:521	MISMATCH	out[0] max|delta|=1.342e+10 (rtol=0.0 atol=0.0)
bitwise_left_shift.Tensor_Scalar_out	w87:126	MISMATCH	out[0] non-finite mismatch (nan/inf positions differ)
bitwise_left_shift.Tensor_Scalar_out	w87:357	MISMATCH	out[0] max|delta|=1.678e+07 (rtol=0.0 atol=0.0)
bitwise_left_shift.Tensor_Scalar_out	w88:351	MISMATCH	out[0] max|delta|=1.342e+10 (rtol=0.0 atol=0.0)
bitwise_left_shift.Tensor_Scalar_out	w89:35	MISMATCH	out[0] max|delta|=1.342e+10 (rtol=0.0 atol=0.0)
bitwise_left_shift.Tensor_Scalar_out	w90:238	MISMATCH	out[0] max|delta|=1.678e+07 (rtol=0.0 atol=0.0)
bitwise_left_shift.Tensor_Scalar_out	w90:7	MISMATCH	out[0] max|delta|=1.342e+10 (rtol=0.0 atol=0.0)
bitwise_left_shift.Tensor_Scalar_out	w91:52	MISMATCH	out[0] max|delta|=1.678e+07 (rtol=0.0 atol=0.0)
bitwise_left_shift.Tensor_Scalar_out	w94:302	MISMATCH	out[0] max|delta|=1.342e+10 (rtol=0.0 atol=0.0)
bitwise_left_shift.Tensor_Scalar_out	w95:465	MISMATCH	out[0] max|delta|=1.678e+07 (rtol=0.0 atol=0.0)
bitwise_left_shift.Tensor_Scalar_out	w97:659	MISMATCH	out[0] non-finite mismatch (nan/inf positions differ)
bitwise_left_shift.Tensor_Scalar_out	w99:136	MISMATCH	out[0] max|delta|=1.342e+10 (rtol=0.0 atol=0.0)
bitwise_left_shift.Tensor_Scalar_out	w9:313	MISMATCH	out[0] max|delta|=1.342e+10 (rtol=0.0 atol=0.0)
bitwise_left_shift.Tensor_Scalar_out	w9:775	MISMATCH	out[0] max|delta|=1.342e+10 (rtol=0.0 atol=0.0)
bitwise_left_shift.Tensor_out	w119:450	SKIP	client RuntimeError: Failed to load method forward, error: 0x:1 | [platform.cpp:141] Failed loading symbol AOTInductorModelContainerCreateWithDevice with error /tmp/forward_so_blob434850.so: undefined symbol: AOTInductorModelContainerCreateWithDevice [method.cpp:128] Init failed for backend CudaBackend: 0x1
bitwise_or.Scalar_out	w26:34	CRASH	executor died (native abort)
bitwise_or.Tensor_out	w119:447	SKIP	client RuntimeError: Failed to load method forward, error: 0x:1 | [platform.cpp:141] Failed loading symbol AOTInductorModelContainerCreateWithDevice with error /tmp/forward_so_blob434850.so: undefined symbol: AOTInductorModelContainerCreateWithDevice [method.cpp:128] Init failed for backend CudaBackend: 0x1
bitwise_or.Tensor_out	w23:455	SKIP	client RuntimeError: Failed to load method forward, error: 0x:1 | [method.cpp:128] Init failed for backend CudaBackend: 0x1
bitwise_right_shift.Tensor_Scalar	w0:196	MISMATCH	out[0] max|delta|=7.206e+16 (rtol=0.0 atol=0.0)
bitwise_right_shift.Tensor_Scalar	w0:658	MISMATCH	out[0] max|delta|=1.342e+10 (rtol=0.0 atol=0.0)
bitwise_right_shift.Tensor_Scalar	w100:2	MISMATCH	out[0] max|delta|=1.678e+07 (rtol=0.0 atol=0.0)
bitwise_right_shift.Tensor_Scalar	w101:175	MISMATCH	out[0] max|delta|=7.205e+16 (rtol=0.0 atol=0.0)
bitwise_right_shift.Tensor_Scalar	w102:170	MISMATCH	out[0] max|delta|=1.678e+07 (rtol=0.0 atol=0.0)
bitwise_right_shift.Tensor_Scalar	w102:632	MISMATCH	out[0] max|delta|=1.342e+10 (rtol=0.0 atol=0.0)
bitwise_right_shift.Tensor_Scalar	w104:198	MISMATCH	out[0] max|delta|=1.342e+10 (rtol=0.0 atol=0.0)
bitwise_right_shift.Tensor_Scalar	w105:19	MISMATCH	out[0] max|delta|=1.342e+10 (rtol=0.0 atol=0.0)
bitwise_right_shift.Tensor_Scalar	w105:481	MISMATCH	out[0] max|delta|=1.678e+07 (rtol=0.0 atol=0.0)
bitwise_right_shift.Tensor_Scalar	w106:166	MISMATCH	out[0] max|delta|=1.342e+10 (rtol=0.0 atol=0.0)
bitwise_right_shift.Tensor_Scalar	w106:628	MISMATCH	out[0] max|delta|=1.342e+10 (rtol=0.0 atol=0.0)
bitwise_right_shift.Tensor_Scalar	w107:205	MISMATCH	out[0] max|delta|=1.342e+10 (rtol=0.0 atol=0.0)
bitwise_right_shift.Tensor_Scalar	w107:436	MISMATCH	out[0] max|delta|=1.342e+10 (rtol=0.0 atol=0.0)
bitwise_right_shift.Tensor_Scalar	w108:267	MISMATCH	out[0] max|delta|=1.342e+10 (rtol=0.0 atol=0.0)
bitwise_right_shift.Tensor_Scalar	w109:511	MISMATCH	out[0] max|delta|=1.342e+10 (rtol=0.0 atol=0.0)
bitwise_right_shift.Tensor_Scalar	w10:361	MISMATCH	out[0] max|delta|=1.342e+10 (rtol=0.0 atol=0.0)
bitwise_right_shift.Tensor_Scalar	w110:33	MISMATCH	out[0] max|delta|=1.342e+10 (rtol=0.0 atol=0.0)
bitwise_right_shift.Tensor_Scalar	w110:495	MISMATCH	out[0] max|delta|=1.342e+10 (rtol=0.0 atol=0.0)
bitwise_right_shift.Tensor_Scalar	w111:21	MISMATCH	out[0] max|delta|=1.342e+10 (rtol=0.0 atol=0.0)
bitwise_right_shift.Tensor_Scalar	w112:150	MISMATCH	out[0] max|delta|=1.678e+07 (rtol=0.0 atol=0.0)
bitwise_right_shift.Tensor_Scalar	w112:381	MISMATCH	out[0] max|delta|=1.342e+10 (rtol=0.0 atol=0.0)
bitwise_right_shift.Tensor_Scalar	w113:404	MISMATCH	out[0] max|delta|=1.342e+10 (rtol=0.0 atol=0.0)
bitwise_right_shift.Tensor_Scalar	w113:635	MISMATCH	out[0] max|delta|=1.678e+07 (rtol=0.0 atol=0.0)
bitwise_right_shift.Tensor_Scalar	w114:190	MISMATCH	out[0] max|delta|=1.342e+10 (rtol=0.0 atol=0.0)
bitwise_right_shift.Tensor_Scalar	w115:228	MISMATCH	out[0] max|delta|=1.342e+10 (rtol=0.0 atol=0.0)
bitwise_right_shift.Tensor_Scalar	w116:10	MISMATCH	out[0] max|delta|=1.342e+10 (rtol=0.0 atol=0.0)
bitwise_right_shift.Tensor_Scalar	w117:218	MISMATCH	out[0] max|delta|=1.678e+07 (rtol=0.0 atol=0.0)
bitwise_right_shift.Tensor_Scalar	w117:449	MISMATCH	out[0] max|delta|=1.342e+10 (rtol=0.0 atol=0.0)
bitwise_right_shift.Tensor_Scalar	w117:680	MISMATCH	out[0] max|delta|=1.342e+10 (rtol=0.0 atol=0.0)
bitwise_right_shift.Tensor_Scalar	w118:637	MISMATCH	out[0] max|delta|=1.342e+10 (rtol=0.0 atol=0.0)
bitwise_right_shift.Tensor_Scalar	w119:193	MISMATCH	out[0] max|delta|=1.678e+07 (rtol=0.0 atol=0.0)
bitwise_right_shift.Tensor_Scalar	w119:424	SKIP	client RuntimeError: Failed to load method forward, error: 0x:1 | [platform.cpp:141] Failed loading symbol AOTInductorModelContainerCreateWithDevice with error /tmp/forward_so_blob434850.so: undefined symbol: AOTInductorModelContainerCreateWithDevice [method.cpp:128] Init failed for backend CudaBackend: 0x1
bitwise_right_shift.Tensor_Scalar	w11:41	MISMATCH	out[0] max|delta|=1.342e+10 (rtol=0.0 atol=0.0)
bitwise_right_shift.Tensor_Scalar	w11:734	MISMATCH	out[0] max|delta|=1.678e+07 (rtol=0.0 atol=0.0)
bitwise_right_shift.Tensor_Scalar	w120:476	MISMATCH	out[0] max|delta|=1.342e+10 (rtol=0.0 atol=0.0)
bitwise_right_shift.Tensor_Scalar	w120:707	MISMATCH	out[0] max|delta|=1.342e+10 (rtol=0.0 atol=0.0)
bitwise_right_shift.Tensor_Scalar	w121:326	MISMATCH	out[0] max|delta|=1.342e+10 (rtol=0.0 atol=0.0)
bitwise_right_shift.Tensor_Scalar	w122:722	MISMATCH	out[0] max|delta|=1.342e+10 (rtol=0.0 atol=0.0)
bitwise_right_shift.Tensor_Scalar	w123:105	MISMATCH	out[0] max|delta|=1.342e+10 (rtol=0.0 atol=0.0)
bitwise_right_shift.Tensor_Scalar	w125:222	MISMATCH	out[0] max|delta|=1.342e+10 (rtol=0.0 atol=0.0)
bitwise_right_shift.Tensor_Scalar	w125:684	MISMATCH	out[0] max|delta|=1.342e+10 (rtol=0.0 atol=0.0)
bitwise_right_shift.Tensor_Scalar	w126:240	MISMATCH	out[0] max|delta|=1.342e+10 (rtol=0.0 atol=0.0)
bitwise_right_shift.Tensor_Scalar	w126:471	MISMATCH	out[0] max|delta|=1.342e+10 (rtol=0.0 atol=0.0)
bitwise_right_shift.Tensor_Scalar	w126:702	MISMATCH	out[0] max|delta|=1.342e+10 (rtol=0.0 atol=0.0)
bitwise_right_shift.Tensor_Scalar	w126:9	MISMATCH	out[0] max|delta|=1.342e+10 (rtol=0.0 atol=0.0)
bitwise_right_shift.Tensor_Scalar	w127:599	MISMATCH	out[0] max|delta|=1.342e+10 (rtol=0.0 atol=0.0)
bitwise_right_shift.Tensor_Scalar	w12:148	MISMATCH	out[0] max|delta|=1.342e+10 (rtol=0.0 atol=0.0)
bitwise_right_shift.Tensor_Scalar	w12:379	MISMATCH	out[0] max|delta|=1.342e+10 (rtol=0.0 atol=0.0)
bitwise_right_shift.Tensor_Scalar	w13:542	MISMATCH	out[0] max|delta|=1.342e+10 (rtol=0.0 atol=0.0)
bitwise_right_shift.Tensor_Scalar	w13:80	MISMATCH	out[0] max|delta|=1.342e+10 (rtol=0.0 atol=0.0)
bitwise_right_shift.Tensor_Scalar	w14:147	MISMATCH	out[0] max|delta|=1.342e+10 (rtol=0.0 atol=0.0)
bitwise_right_shift.Tensor_Scalar	w15:217	MISMATCH	out[0] max|delta|=1.342e+10 (rtol=0.0 atol=0.0)
bitwise_right_shift.Tensor_Scalar	w15:448	MISMATCH	out[0] max|delta|=1.342e+10 (rtol=0.0 atol=0.0)
bitwise_right_shift.Tensor_Scalar	w15:679	MISMATCH	out[0] max|delta|=1.342e+10 (rtol=0.0 atol=0.0)
bitwise_right_shift.Tensor_Scalar	w16:731	MISMATCH	out[0] max|delta|=1.342e+10 (rtol=0.0 atol=0.0)
bitwise_right_shift.Tensor_Scalar	w17:149	MISMATCH	out[0] max|delta|=1.342e+10 (rtol=0.0 atol=0.0)
bitwise_right_shift.Tensor_Scalar	w17:611	MISMATCH	out[0] max|delta|=5.369e+08 (rtol=0.0 atol=0.0)
bitwise_right_shift.Tensor_Scalar	w18:539	MISMATCH	out[0] max|delta|=7.205e+16 (rtol=0.0 atol=0.0)
bitwise_right_shift.Tensor_Scalar	w18:77	MISMATCH	out[0] max|delta|=1.342e+10 (rtol=0.0 atol=0.0)
bitwise_right_shift.Tensor_Scalar	w19:440	MISMATCH	out[0] max|delta|=1.342e+10 (rtol=0.0 atol=0.0)
bitwise_right_shift.Tensor_Scalar	w1:757	MISMATCH	out[0] max|delta|=1.678e+07 (rtol=0.0 atol=0.0)
bitwise_right_shift.Tensor_Scalar	w20:518	MISMATCH	out[0] max|delta|=1.920e+02 (rtol=0.0 atol=0.0)
bitwise_right_shift.Tensor_Scalar	w21:291	MISMATCH	out[0] max|delta|=1.342e+10 (rtol=0.0 atol=0.0)
bitwise_right_shift.Tensor_Scalar	w21:60	MISMATCH	out[0] max|delta|=1.342e+10 (rtol=0.0 atol=0.0)
bitwise_right_shift.Tensor_Scalar	w21:753	MISMATCH	out[0] max|delta|=1.342e+10 (rtol=0.0 atol=0.0)
bitwise_right_shift.Tensor_Scalar	w22:216	MISMATCH	out[0] max|delta|=1.342e+10 (rtol=0.0 atol=0.0)
bitwise_right_shift.Tensor_Scalar	w22:447	MISMATCH	out[0] max|delta|=1.342e+10 (rtol=0.0 atol=0.0)
bitwise_right_shift.Tensor_Scalar	w24:153	MISMATCH	out[0] max|delta|=1.342e+10 (rtol=0.0 atol=0.0)
bitwise_right_shift.Tensor_Scalar	w24:615	MISMATCH	out[0] max|delta|=1.678e+07 (rtol=0.0 atol=0.0)
bitwise_right_shift.Tensor_Scalar	w26:581	MISMATCH	out[0] max|delta|=1.342e+10 (rtol=0.0 atol=0.0)
bitwise_right_shift.Tensor_Scalar	w27:150	MISMATCH	out[0] max|delta|=1.342e+10 (rtol=0.0 atol=0.0)
bitwise_right_shift.Tensor_Scalar	w27:381	MISMATCH	out[0] max|delta|=1.342e+10 (rtol=0.0 atol=0.0)
bitwise_right_shift.Tensor_Scalar	w28:350	MISMATCH	out[0] max|delta|=5.369e+08 (rtol=0.0 atol=0.0)
bitwise_right_shift.Tensor_Scalar	w28:581	MISMATCH	out[0] max|delta|=1.342e+10 (rtol=0.0 atol=0.0)
bitwise_right_shift.Tensor_Scalar	w30:344	MISMATCH	out[0] max|delta|=1.342e+10 (rtol=0.0 atol=0.0)
bitwise_right_shift.Tensor_Scalar	w30:575	MISMATCH	out[0] max|delta|=1.342e+10 (rtol=0.0 atol=0.0)
bitwise_right_shift.Tensor_Scalar	w32:141	MISMATCH	out[0] max|delta|=1.342e+10 (rtol=0.0 atol=0.0)
bitwise_right_shift.Tensor_Scalar	w32:372	MISMATCH	out[0] max|delta|=1.678e+07 (rtol=0.0 atol=0.0)
bitwise_right_shift.Tensor_Scalar	w33:355	MISMATCH	out[0] max|delta|=5.760e+02 (rtol=0.0 atol=0.0)
bitwise_right_shift.Tensor_Scalar	w34:309	MISMATCH	out[0] max|delta|=1.342e+10 (rtol=0.0 atol=0.0)
bitwise_right_shift.Tensor_Scalar	w34:540	MISMATCH	out[0] max|delta|=1.342e+10 (rtol=0.0 atol=0.0)
bitwise_right_shift.Tensor_Scalar	w34:78	MISMATCH	out[0] max|delta|=1.342e+10 (rtol=0.0 atol=0.0)
bitwise_right_shift.Tensor_Scalar	w35:18	MISMATCH	out[0] max|delta|=1.678e+07 (rtol=0.0 atol=0.0)
bitwise_right_shift.Tensor_Scalar	w35:480	MISMATCH	out[0] max|delta|=1.342e+10 (rtol=0.0 atol=0.0)
bitwise_right_shift.Tensor_Scalar	w35:711	SKIP	client RuntimeError: Failed to load method forward, error: 0x:1 | [method.cpp:128] Init failed for backend CudaBackend: 0x1
bitwise_right_shift.Tensor_Scalar	w36:471	MISMATCH	out[0] max|delta|=1.342e+10 (rtol=0.0 atol=0.0)
bitwise_right_shift.Tensor_Scalar	w37:209	MISMATCH	out[0] max|delta|=1.342e+10 (rtol=0.0 atol=0.0)
bitwise_right_shift.Tensor_Scalar	w37:440	MISMATCH	out[0] max|delta|=1.342e+10 (rtol=0.0 atol=0.0)
bitwise_right_shift.Tensor_Scalar	w38:534	MISMATCH	out[0] max|delta|=1.342e+10 (rtol=0.0 atol=0.0)
bitwise_right_shift.Tensor_Scalar	w39:282	MISMATCH	out[0] max|delta|=1.342e+10 (rtol=0.0 atol=0.0)
bitwise_right_shift.Tensor_Scalar	w39:51	MISMATCH	out[0] max|delta|=1.342e+10 (rtol=0.0 atol=0.0)
bitwise_right_shift.Tensor_Scalar	w3:193	MISMATCH	out[0] max|delta|=1.342e+10 (rtol=0.0 atol=0.0)
bitwise_right_shift.Tensor_Scalar	w40:49	MISMATCH	out[0] max|delta|=1.342e+10 (rtol=0.0 atol=0.0)
bitwise_right_shift.Tensor_Scalar	w40:511	MISMATCH	out[0] max|delta|=1.342e+10 (rtol=0.0 atol=0.0)
bitwise_right_shift.Tensor_Scalar	w40:742	MISMATCH	out[0] max|delta|=1.342e+10 (rtol=0.0 atol=0.0)
bitwise_right_shift.Tensor_Scalar	w41:552	MISMATCH	out[0] max|delta|=7.206e+16 (rtol=0.0 atol=0.0)
bitwise_right_shift.Tensor_Scalar	w42:126	MISMATCH	out[0] max|delta|=1.342e+10 (rtol=0.0 atol=0.0)
bitwise_right_shift.Tensor_Scalar	w42:357	MISMATCH	out[0] max|delta|=1.342e+10 (rtol=0.0 atol=0.0)
bitwise_right_shift.Tensor_Scalar	w43:117	MISMATCH	out[0] max|delta|=1.342e+10 (rtol=0.0 atol=0.0)
bitwise_right_shift.Tensor_Scalar	w43:348	MISMATCH	out[0] max|delta|=1.342e+10 (rtol=0.0 atol=0.0)
bitwise_right_shift.Tensor_Scalar	w44:277	MISMATCH	out[0] max|delta|=1.342e+10 (rtol=0.0 atol=0.0)
bitwise_right_shift.Tensor_Scalar	w44:46	MISMATCH	out[0] max|delta|=1.342e+10 (rtol=0.0 atol=0.0)
bitwise_right_shift.Tensor_Scalar	w44:739	MISMATCH	out[0] max|delta|=1.342e+10 (rtol=0.0 atol=0.0)
bitwise_right_shift.Tensor_Scalar	w45:528	MISMATCH	out[0] max|delta|=1.342e+10 (rtol=0.0 atol=0.0)
bitwise_right_shift.Tensor_Scalar	w45:66	MISMATCH	out[0] max|delta|=1.920e+02 (rtol=0.0 atol=0.0)
bitwise_right_shift.Tensor_Scalar	w45:759	MISMATCH	out[0] max|delta|=1.342e+10 (rtol=0.0 atol=0.0)
bitwise_right_shift.Tensor_Scalar	w46:517	MISMATCH	out[0] max|delta|=1.678e+07 (rtol=0.0 atol=0.0)
bitwise_right_shift.Tensor_Scalar	w46:55	MISMATCH	out[0] max|delta|=5.369e+08 (rtol=0.0 atol=0.0)
bitwise_right_shift.Tensor_Scalar	w46:748	MISMATCH	out[0] max|delta|=1.342e+10 (rtol=0.0 atol=0.0)
bitwise_right_shift.Tensor_Scalar	w47:294	MISMATCH	out[0] max|delta|=1.342e+10 (rtol=0.0 atol=0.0)
bitwise_right_shift.Tensor_Scalar	w47:756	MISMATCH	out[0] max|delta|=1.342e+10 (rtol=0.0 atol=0.0)
bitwise_right_shift.Tensor_Scalar	w49:374	MISMATCH	out[0] max|delta|=1.342e+10 (rtol=0.0 atol=0.0)
bitwise_right_shift.Tensor_Scalar	w49:605	MISMATCH	out[0] max|delta|=1.342e+10 (rtol=0.0 atol=0.0)
bitwise_right_shift.Tensor_Scalar	w4:448	MISMATCH	out[0] max|delta|=1.342e+10 (rtol=0.0 atol=0.0)
bitwise_right_shift.Tensor_Scalar	w4:679	MISMATCH	out[0] max|delta|=1.342e+10 (rtol=0.0 atol=0.0)
bitwise_right_shift.Tensor_Scalar	w50:129	MISMATCH	out[0] max|delta|=1.342e+10 (rtol=0.0 atol=0.0)
bitwise_right_shift.Tensor_Scalar	w51:629	MISMATCH	out[0] max|delta|=1.342e+10 (rtol=0.0 atol=0.0)
bitwise_right_shift.Tensor_Scalar	w52:454	MISMATCH	out[0] max|delta|=9.600e+01 (rtol=0.0 atol=0.0)
bitwise_right_shift.Tensor_Scalar	w52:685	MISMATCH	out[0] max|delta|=1.342e+10 (rtol=0.0 atol=0.0)
bitwise_right_shift.Tensor_Scalar	w53:490	MISMATCH	out[0] max|delta|=1.342e+10 (rtol=0.0 atol=0.0)
bitwise_right_shift.Tensor_Scalar	w53:721	MISMATCH	out[0] max|delta|=1.342e+10 (rtol=0.0 atol=0.0)
bitwise_right_shift.Tensor_Scalar	w54:322	MISMATCH	out[0] max|delta|=7.206e+16 (rtol=0.0 atol=0.0)
bitwise_right_shift.Tensor_Scalar	w54:553	MISMATCH	out[0] max|delta|=1.342e+10 (rtol=0.0 atol=0.0)
bitwise_right_shift.Tensor_Scalar	w54:91	MISMATCH	out[0] max|delta|=1.342e+10 (rtol=0.0 atol=0.0)
bitwise_right_shift.Tensor_Scalar	w55:279	MISMATCH	out[0] max|delta|=1.342e+10 (rtol=0.0 atol=0.0)
bitwise_right_shift.Tensor_Scalar	w55:48	MISMATCH	out[0] max|delta|=1.342e+10 (rtol=0.0 atol=0.0)
bitwise_right_shift.Tensor_Scalar	w55:741	MISMATCH	out[0] max|delta|=1.342e+10 (rtol=0.0 atol=0.0)
bitwise_right_shift.Tensor_Scalar	w56:251	MISMATCH	out[0] max|delta|=1.342e+10 (rtol=0.0 atol=0.0)
bitwise_right_shift.Tensor_Scalar	w56:713	MISMATCH	out[0] max|delta|=1.342e+10 (rtol=0.0 atol=0.0)
bitwise_right_shift.Tensor_Scalar	w57:13	MISMATCH	out[0] max|delta|=1.678e+07 (rtol=0.0 atol=0.0)
bitwise_right_shift.Tensor_Scalar	w57:706	MISMATCH	out[0] max|delta|=1.342e+10 (rtol=0.0 atol=0.0)
bitwise_right_shift.Tensor_Scalar	w58:205	MISMATCH	out[0] max|delta|=1.342e+10 (rtol=0.0 atol=0.0)
bitwise_right_shift.Tensor_Scalar	w58:667	MISMATCH	out[0] max|delta|=1.342e+10 (rtol=0.0 atol=0.0)
bitwise_right_shift.Tensor_Scalar	w59:753	MISMATCH	out[0] max|delta|=1.342e+10 (rtol=0.0 atol=0.0)
bitwise_right_shift.Tensor_Scalar	w5:301	MISMATCH	out[0] max|delta|=1.342e+10 (rtol=0.0 atol=0.0)
bitwise_right_shift.Tensor_Scalar	w5:532	MISMATCH	out[0] max|delta|=1.678e+07 (rtol=0.0 atol=0.0)
bitwise_right_shift.Tensor_Scalar	w5:70	MISMATCH	out[0] max|delta|=1.342e+10 (rtol=0.0 atol=0.0)
bitwise_right_shift.Tensor_Scalar	w60:117	MISMATCH	out[0] max|delta|=1.342e+10 (rtol=0.0 atol=0.0)
bitwise_right_shift.Tensor_Scalar	w60:348	MISMATCH	out[0] max|delta|=1.678e+07 (rtol=0.0 atol=0.0)
bitwise_right_shift.Tensor_Scalar	w62:155	MISMATCH	out[0] max|delta|=1.342e+10 (rtol=0.0 atol=0.0)
bitwise_right_shift.Tensor_Scalar	w62:386	MISMATCH	out[0] max|delta|=1.342e+10 (rtol=0.0 atol=0.0)
bitwise_right_shift.Tensor_Scalar	w63:313	MISMATCH	out[0] max|delta|=7.205e+16 (rtol=0.0 atol=0.0)
bitwise_right_shift.Tensor_Scalar	w63:544	MISMATCH	out[0] max|delta|=1.342e+10 (rtol=0.0 atol=0.0)
bitwise_right_shift.Tensor_Scalar	w63:775	MISMATCH	out[0] max|delta|=7.206e+16 (rtol=0.0 atol=0.0)
bitwise_right_shift.Tensor_Scalar	w63:82	MISMATCH	out[0] max|delta|=1.678e+07 (rtol=0.0 atol=0.0)
bitwise_right_shift.Tensor_Scalar	w64:368	MISMATCH	out[0] max|delta|=1.342e+10 (rtol=0.0 atol=0.0)
bitwise_right_shift.Tensor_Scalar	w64:599	MISMATCH	out[0] max|delta|=1.342e+10 (rtol=0.0 atol=0.0)
bitwise_right_shift.Tensor_Scalar	w65:43	MISMATCH	out[0] max|delta|=1.678e+07 (rtol=0.0 atol=0.0)
bitwise_right_shift.Tensor_Scalar	w65:736	MISMATCH	out[0] max|delta|=1.342e+10 (rtol=0.0 atol=0.0)
bitwise_right_shift.Tensor_Scalar	w66:135	SKIP	client RuntimeError: Failed to load method forward, error: 0x:1 | [method.cpp:128] Init failed for backend CudaBackend: 0x1
bitwise_right_shift.Tensor_Scalar	w67:214	MISMATCH	out[0] max|delta|=7.205e+16 (rtol=0.0 atol=0.0)
bitwise_right_shift.Tensor_Scalar	w67:445	MISMATCH	out[0] max|delta|=1.342e+10 (rtol=0.0 atol=0.0)
bitwise_right_shift.Tensor_Scalar	w68:212	MISMATCH	out[0] max|delta|=1.342e+10 (rtol=0.0 atol=0.0)
bitwise_right_shift.Tensor_Scalar	w68:674	MISMATCH	out[0] max|delta|=1.342e+10 (rtol=0.0 atol=0.0)
bitwise_right_shift.Tensor_Scalar	w6:525	MISMATCH	out[0] max|delta|=7.205e+16 (rtol=0.0 atol=0.0)
bitwise_right_shift.Tensor_Scalar	w6:63	MISMATCH	out[0] max|delta|=1.342e+10 (rtol=0.0 atol=0.0)
bitwise_right_shift.Tensor_Scalar	w6:756	MISMATCH	out[0] max|delta|=1.342e+10 (rtol=0.0 atol=0.0)
bitwise_right_shift.Tensor_Scalar	w70:653	MISMATCH	out[0] max|delta|=1.342e+10 (rtol=0.0 atol=0.0)
bitwise_right_shift.Tensor_Scalar	w71:530	MISMATCH	out[0] max|delta|=1.342e+10 (rtol=0.0 atol=0.0)
bitwise_right_shift.Tensor_Scalar	w71:761	MISMATCH	out[0] max|delta|=1.342e+10 (rtol=0.0 atol=0.0)
bitwise_right_shift.Tensor_Scalar	w72:294	MISMATCH	out[0] max|delta|=1.342e+10 (rtol=0.0 atol=0.0)
bitwise_right_shift.Tensor_Scalar	w72:756	MISMATCH	out[0] max|delta|=1.342e+10 (rtol=0.0 atol=0.0)
bitwise_right_shift.Tensor_Scalar	w73:450	MISMATCH	out[0] max|delta|=1.342e+10 (rtol=0.0 atol=0.0)
bitwise_right_shift.Tensor_Scalar	w73:681	MISMATCH	out[0] max|delta|=1.342e+10 (rtol=0.0 atol=0.0)
bitwise_right_shift.Tensor_Scalar	w74:176	MISMATCH	out[0] max|delta|=1.342e+10 (rtol=0.0 atol=0.0)
bitwise_right_shift.Tensor_Scalar	w74:638	MISMATCH	out[0] max|delta|=1.342e+10 (rtol=0.0 atol=0.0)
bitwise_right_shift.Tensor_Scalar	w75:299	MISMATCH	out[0] max|delta|=1.342e+10 (rtol=0.0 atol=0.0)
bitwise_right_shift.Tensor_Scalar	w75:530	MISMATCH	out[0] max|delta|=1.342e+10 (rtol=0.0 atol=0.0)
bitwise_right_shift.Tensor_Scalar	w75:68	MISMATCH	out[0] max|delta|=1.342e+10 (rtol=0.0 atol=0.0)
bitwise_right_shift.Tensor_Scalar	w76:142	MISMATCH	out[0] max|delta|=1.342e+10 (rtol=0.0 atol=0.0)
bitwise_right_shift.Tensor_Scalar	w76:373	MISMATCH	out[0] max|delta|=1.342e+10 (rtol=0.0 atol=0.0)
bitwise_right_shift.Tensor_Scalar	w76:604	MISMATCH	out[0] max|delta|=1.342e+10 (rtol=0.0 atol=0.0)
bitwise_right_shift.Tensor_Scalar	w77:390	MISMATCH	out[0] max|delta|=1.342e+10 (rtol=0.0 atol=0.0)
bitwise_right_shift.Tensor_Scalar	w78:48	MISMATCH	out[0] max|delta|=1.678e+07 (rtol=0.0 atol=0.0)
bitwise_right_shift.Tensor_Scalar	w78:741	MISMATCH	out[0] max|delta|=1.342e+10 (rtol=0.0 atol=0.0)
bitwise_right_shift.Tensor_Scalar	w7:490	MISMATCH	out[0] max|delta|=1.342e+10 (rtol=0.0 atol=0.0)
bitwise_right_shift.Tensor_Scalar	w80:269	SKIP	client RuntimeError: Failed to load method forward, error: 0x:1 | [platform.cpp:141] Failed loading symbol AOTInductorModelContainerCreateWithDevice with error /tmp/forward_so_blob547852.so: undefined symbol: AOTInductorModelContainerCreateWithDevice [method.cpp:128] Init failed for backend CudaBackend: 0x1
bitwise_right_shift.Tensor_Scalar	w80:500	MISMATCH	out[0] max|delta|=1.342e+10 (rtol=0.0 atol=0.0)
bitwise_right_shift.Tensor_Scalar	w80:731	MISMATCH	out[0] max|delta|=1.678e+07 (rtol=0.0 atol=0.0)
bitwise_right_shift.Tensor_Scalar	w81:276	MISMATCH	out[0] max|delta|=7.205e+16 (rtol=0.0 atol=0.0)
bitwise_right_shift.Tensor_Scalar	w81:507	MISMATCH	out[0] max|delta|=5.369e+08 (rtol=0.0 atol=0.0)
bitwise_right_shift.Tensor_Scalar	w82:116	MISMATCH	out[0] max|delta|=1.342e+10 (rtol=0.0 atol=0.0)
bitwise_right_shift.Tensor_Scalar	w82:578	MISMATCH	out[0] max|delta|=1.342e+10 (rtol=0.0 atol=0.0)
bitwise_right_shift.Tensor_Scalar	w83:562	MISMATCH	out[0] max|delta|=1.678e+07 (rtol=0.0 atol=0.0)
bitwise_right_shift.Tensor_Scalar	w84:558	MISMATCH	out[0] max|delta|=1.342e+10 (rtol=0.0 atol=0.0)
bitwise_right_shift.Tensor_Scalar	w85:132	MISMATCH	out[0] max|delta|=1.342e+10 (rtol=0.0 atol=0.0)
bitwise_right_shift.Tensor_Scalar	w85:363	MISMATCH	out[0] max|delta|=1.342e+10 (rtol=0.0 atol=0.0)
bitwise_right_shift.Tensor_Scalar	w86:772	MISMATCH	out[0] max|delta|=1.342e+10 (rtol=0.0 atol=0.0)
bitwise_right_shift.Tensor_Scalar	w87:343	MISMATCH	out[0] max|delta|=1.342e+10 (rtol=0.0 atol=0.0)
bitwise_right_shift.Tensor_Scalar	w87:574	MISMATCH	out[0] max|delta|=1.342e+10 (rtol=0.0 atol=0.0)
bitwise_right_shift.Tensor_Scalar	w88:106	MISMATCH	out[0] max|delta|=1.342e+10 (rtol=0.0 atol=0.0)
bitwise_right_shift.Tensor_Scalar	w88:337	MISMATCH	out[0] max|delta|=1.342e+10 (rtol=0.0 atol=0.0)
bitwise_right_shift.Tensor_Scalar	w88:568	MISMATCH	out[0] max|delta|=1.342e+10 (rtol=0.0 atol=0.0)
bitwise_right_shift.Tensor_Scalar	w89:21	MISMATCH	out[0] max|delta|=1.342e+10 (rtol=0.0 atol=0.0)
bitwise_right_shift.Tensor_Scalar	w89:252	MISMATCH	out[0] max|delta|=1.342e+10 (rtol=0.0 atol=0.0)
bitwise_right_shift.Tensor_Scalar	w89:483	MISMATCH	out[0] max|delta|=1.342e+10 (rtol=0.0 atol=0.0)
bitwise_right_shift.Tensor_Scalar	w8:195	MISMATCH	out[0] max|delta|=1.678e+07 (rtol=0.0 atol=0.0)
bitwise_right_shift.Tensor_Scalar	w90:455	MISMATCH	out[0] max|delta|=1.678e+07 (rtol=0.0 atol=0.0)
bitwise_right_shift.Tensor_Scalar	w90:686	MISMATCH	out[0] max|delta|=1.342e+10 (rtol=0.0 atol=0.0)
bitwise_right_shift.Tensor_Scalar	w91:38	MISMATCH	out[0] max|delta|=1.678e+07 (rtol=0.0 atol=0.0)
bitwise_right_shift.Tensor_Scalar	w91:500	MISMATCH	out[0] max|delta|=1.678e+07 (rtol=0.0 atol=0.0)
bitwise_right_shift.Tensor_Scalar	w92:565	MISMATCH	out[0] max|delta|=1.342e+10 (rtol=0.0 atol=0.0)
bitwise_right_shift.Tensor_Scalar	w93:404	MISMATCH	out[0] max|delta|=5.369e+08 (rtol=0.0 atol=0.0)
bitwise_right_shift.Tensor_Scalar	w94:288	MISMATCH	out[0] max|delta|=1.342e+10 (rtol=0.0 atol=0.0)
bitwise_right_shift.Tensor_Scalar	w94:519	MISMATCH	out[0] max|delta|=1.342e+10 (rtol=0.0 atol=0.0)
bitwise_right_shift.Tensor_Scalar	w95:220	MISMATCH	out[0] max|delta|=1.678e+07 (rtol=0.0 atol=0.0)
bitwise_right_shift.Tensor_Scalar	w96:206	MISMATCH	out[0] max|delta|=9.280e+02 (rtol=0.0 atol=0.0)
bitwise_right_shift.Tensor_Scalar	w97:183	MISMATCH	out[0] max|delta|=1.342e+10 (rtol=0.0 atol=0.0)
bitwise_right_shift.Tensor_Scalar	w97:414	MISMATCH	out[0] max|delta|=1.342e+10 (rtol=0.0 atol=0.0)
bitwise_right_shift.Tensor_Scalar	w98:128	MISMATCH	out[0] max|delta|=1.342e+10 (rtol=0.0 atol=0.0)
bitwise_right_shift.Tensor_Scalar	w99:122	MISMATCH	out[0] max|delta|=1.342e+10 (rtol=0.0 atol=0.0)
bitwise_right_shift.Tensor_Scalar	w99:353	MISMATCH	out[0] max|delta|=1.678e+07 (rtol=0.0 atol=0.0)
bitwise_right_shift.Tensor_Scalar	w99:584	MISMATCH	out[0] max|delta|=1.342e+10 (rtol=0.0 atol=0.0)
bitwise_right_shift.Tensor_Scalar	w9:299	MISMATCH	out[0] max|delta|=5.369e+08 (rtol=0.0 atol=0.0)
bitwise_right_shift.Tensor_Scalar	w9:68	MISMATCH	out[0] max|delta|=1.342e+10 (rtol=0.0 atol=0.0)
bitwise_right_shift.Tensor_Scalar_out	w101:245	MISMATCH	out[0] max|delta|=1.342e+10 (rtol=0.0 atol=0.0)
bitwise_right_shift.Tensor_Scalar_out	w102:471	MISMATCH	out[0] max|delta|=1.678e+07 (rtol=0.0 atol=0.0)
bitwise_right_shift.Tensor_Scalar_out	w102:702	MISMATCH	out[0] non-finite mismatch (nan/inf positions differ)
bitwise_right_shift.Tensor_Scalar_out	w104:268	MISMATCH	out[0] max|delta|=1.342e+10 (rtol=0.0 atol=0.0)
bitwise_right_shift.Tensor_Scalar_out	w104:37	MISMATCH	out[0] max|delta|=1.678e+07 (rtol=0.0 atol=0.0)
bitwise_right_shift.Tensor_Scalar_out	w106:467	MISMATCH	out[0] max|delta|=1.678e+07 (rtol=0.0 atol=0.0)
bitwise_right_shift.Tensor_Scalar_out	w107:275	MISMATCH	out[0] max|delta|=1.342e+10 (rtol=0.0 atol=0.0)
bitwise_right_shift.Tensor_Scalar_out	w107:44	MISMATCH	out[0] max|delta|=1.342e+10 (rtol=0.0 atol=0.0)
bitwise_right_shift.Tensor_Scalar_out	w109:119	MISMATCH	out[0] max|delta|=1.342e+10 (rtol=0.0 atol=0.0)
bitwise_right_shift.Tensor_Scalar_out	w110:103	MISMATCH	out[0] max|delta|=1.342e+10 (rtol=0.0 atol=0.0)
bitwise_right_shift.Tensor_Scalar_out	w110:565	MISMATCH	out[0] max|delta|=1.342e+10 (rtol=0.0 atol=0.0)
bitwise_right_shift.Tensor_Scalar_out	w111:322	MISMATCH	out[0] max|delta|=1.342e+10 (rtol=0.0 atol=0.0)
bitwise_right_shift.Tensor_Scalar_out	w111:91	MISMATCH	out[0] max|delta|=1.678e+07 (rtol=0.0 atol=0.0)
bitwise_right_shift.Tensor_Scalar_out	w112:220	MISMATCH	out[0] max|delta|=1.678e+07 (rtol=0.0 atol=0.0)
bitwise_right_shift.Tensor_Scalar_out	w113:243	MISMATCH	out[0] max|delta|=1.342e+10 (rtol=0.0 atol=0.0)
bitwise_right_shift.Tensor_Scalar_out	w114:491	MISMATCH	out[0] max|delta|=1.342e+10 (rtol=0.0 atol=0.0)
bitwise_right_shift.Tensor_Scalar_out	w116:542	MISMATCH	out[0] max|delta|=1.342e+10 (rtol=0.0 atol=0.0)
bitwise_right_shift.Tensor_Scalar_out	w117:288	MISMATCH	out[0] max|delta|=1.342e+10 (rtol=0.0 atol=0.0)
bitwise_right_shift.Tensor_Scalar_out	w118:476	MISMATCH	out[0] max|delta|=1.342e+10 (rtol=0.0 atol=0.0)
bitwise_right_shift.Tensor_Scalar_out	w119:263	MISMATCH	out[0] max|delta|=1.342e+10 (rtol=0.0 atol=0.0)
bitwise_right_shift.Tensor_Scalar_out	w119:32	MISMATCH	out[0] max|delta|=1.342e+10 (rtol=0.0 atol=0.0)
bitwise_right_shift.Tensor_Scalar_out	w119:494	MISMATCH	out[0] max|delta|=1.342e+10 (rtol=0.0 atol=0.0)
bitwise_right_shift.Tensor_Scalar_out	w120:777	MISMATCH	out[0] non-finite mismatch (nan/inf positions differ)
bitwise_right_shift.Tensor_Scalar_out	w121:165	MISMATCH	out[0] max|delta|=1.342e+10 (rtol=0.0 atol=0.0)
bitwise_right_shift.Tensor_Scalar_out	w121:627	MISMATCH	out[0] max|delta|=1.342e+10 (rtol=0.0 atol=0.0)
bitwise_right_shift.Tensor_Scalar_out	w122:330	MISMATCH	out[0] max|delta|=1.678e+07 (rtol=0.0 atol=0.0)
bitwise_right_shift.Tensor_Scalar_out	w122:561	MISMATCH	out[0] max|delta|=1.342e+10 (rtol=0.0 atol=0.0)
bitwise_right_shift.Tensor_Scalar_out	w123:637	MISMATCH	out[0] max|delta|=1.342e+10 (rtol=0.0 atol=0.0)
bitwise_right_shift.Tensor_Scalar_out	w127:438	MISMATCH	out[0] max|delta|=1.678e+07 (rtol=0.0 atol=0.0)
bitwise_right_shift.Tensor_Scalar_out	w14:217	MISMATCH	out[0] max|delta|=1.342e+10 (rtol=0.0 atol=0.0)
bitwise_right_shift.Tensor_Scalar_out	w14:679	MISMATCH	out[0] non-finite mismatch (nan/inf positions differ)
bitwise_right_shift.Tensor_Scalar_out	w19:279	MISMATCH	out[0] max|delta|=1.678e+07 (rtol=0.0 atol=0.0)
bitwise_right_shift.Tensor_Scalar_out	w19:510	MISMATCH	out[0] max|delta|=1.342e+10 (rtol=0.0 atol=0.0)
bitwise_right_shift.Tensor_Scalar_out	w20:126	MISMATCH	out[0] max|delta|=1.342e+10 (rtol=0.0 atol=0.0)
bitwise_right_shift.Tensor_Scalar_out	w21:130	MISMATCH	out[0] max|delta|=1.342e+10 (rtol=0.0 atol=0.0)
bitwise_right_shift.Tensor_Scalar_out	w22:286	MISMATCH	out[0] non-finite mismatch (nan/inf positions differ)
bitwise_right_shift.Tensor_Scalar_out	w22:748	MISMATCH	out[0] max|delta|=1.342e+10 (rtol=0.0 atol=0.0)
bitwise_right_shift.Tensor_Scalar_out	w23:271	MISMATCH	out[0] max|delta|=1.342e+10 (rtol=0.0 atol=0.0)
bitwise_right_shift.Tensor_Scalar_out	w23:502	MISMATCH	out[0] max|delta|=1.342e+10 (rtol=0.0 atol=0.0)
bitwise_right_shift.Tensor_Scalar_out	w2:437	MISMATCH	out[0] max|delta|=1.342e+10 (rtol=0.0 atol=0.0)
bitwise_right_shift.Tensor_Scalar_out	w2:668	MISMATCH	out[0] max|delta|=1.342e+10 (rtol=0.0 atol=0.0)
bitwise_right_shift.Tensor_Scalar_out	w30:183	MISMATCH	out[0] max|delta|=1.342e+10 (rtol=0.0 atol=0.0)
bitwise_right_shift.Tensor_Scalar_out	w31:464	MISMATCH	out[0] max|delta|=1.342e+10 (rtol=0.0 atol=0.0)
bitwise_right_shift.Tensor_Scalar_out	w32:673	MISMATCH	out[0] max|delta|=1.678e+07 (rtol=0.0 atol=0.0)
bitwise_right_shift.Tensor_Scalar_out	w33:194	MISMATCH	out[0] non-finite mismatch (nan/inf positions differ)
bitwise_right_shift.Tensor_Scalar_out	w35:781	MISMATCH	out[0] non-finite mismatch (nan/inf positions differ)
bitwise_right_shift.Tensor_Scalar_out	w35:88	MISMATCH	out[0] max|delta|=1.678e+07 (rtol=0.0 atol=0.0)
bitwise_right_shift.Tensor_Scalar_out	w36:310	MISMATCH	out[0] max|delta|=1.678e+07 (rtol=0.0 atol=0.0)
bitwise_right_shift.Tensor_Scalar_out	w37:510	MISMATCH	out[0] max|delta|=1.342e+10 (rtol=0.0 atol=0.0)
bitwise_right_shift.Tensor_Scalar_out	w38:142	MISMATCH	out[0] max|delta|=7.205e+16 (rtol=0.0 atol=0.0)
bitwise_right_shift.Tensor_Scalar_out	w38:373	MISMATCH	out[0] non-finite mismatch (nan/inf positions differ)
bitwise_right_shift.Tensor_Scalar_out	w38:604	MISMATCH	out[0] max|delta|=1.342e+10 (rtol=0.0 atol=0.0)
bitwise_right_shift.Tensor_Scalar_out	w39:583	MISMATCH	out[0] max|delta|=1.342e+10 (rtol=0.0 atol=0.0)
bitwise_right_shift.Tensor_Scalar_out	w42:427	MISMATCH	out[0] max|delta|=1.342e+10 (rtol=0.0 atol=0.0)
bitwise_right_shift.Tensor_Scalar_out	w43:187	MISMATCH	out[0] max|delta|=1.678e+07 (rtol=0.0 atol=0.0)
bitwise_right_shift.Tensor_Scalar_out	w46:587	MISMATCH	out[0] max|delta|=1.342e+10 (rtol=0.0 atol=0.0)
bitwise_right_shift.Tensor_Scalar_out	w48:16	MISMATCH	out[0] max|delta|=1.678e+07 (rtol=0.0 atol=0.0)
bitwise_right_shift.Tensor_Scalar_out	w49:675	MISMATCH	out[0] max|delta|=1.342e+10 (rtol=0.0 atol=0.0)
bitwise_right_shift.Tensor_Scalar_out	w4:287	MISMATCH	out[0] max|delta|=1.342e+10 (rtol=0.0 atol=0.0)
bitwise_right_shift.Tensor_Scalar_out	w51:237	MISMATCH	out[0] non-finite mismatch (nan/inf positions differ)
bitwise_right_shift.Tensor_Scalar_out	w52:293	MISMATCH	out[0] non-finite mismatch (nan/inf positions differ)
bitwise_right_shift.Tensor_Scalar_out	w52:524	MISMATCH	out[0] max|delta|=1.678e+07 (rtol=0.0 atol=0.0)
bitwise_right_shift.Tensor_Scalar_out	w52:62	MISMATCH	out[0] max|delta|=1.342e+10 (rtol=0.0 atol=0.0)
bitwise_right_shift.Tensor_Scalar_out	w54:623	MISMATCH	out[0] max|delta|=1.678e+07 (rtol=0.0 atol=0.0)
bitwise_right_shift.Tensor_Scalar_out	w57:545	MISMATCH	out[0] max|delta|=1.342e+10 (rtol=0.0 atol=0.0)
bitwise_right_shift.Tensor_Scalar_out	w58:44	MISMATCH	out[0] max|delta|=1.342e+10 (rtol=0.0 atol=0.0)
bitwise_right_shift.Tensor_Scalar_out	w60:649	MISMATCH	out[0] max|delta|=1.342e+10 (rtol=0.0 atol=0.0)
bitwise_right_shift.Tensor_Scalar_out	w61:18	MISMATCH	out[0] max|delta|=1.342e+10 (rtol=0.0 atol=0.0)
bitwise_right_shift.Tensor_Scalar_out	w61:249	MISMATCH	out[0] max|delta|=1.678e+07 (rtol=0.0 atol=0.0)
bitwise_right_shift.Tensor_Scalar_out	w61:711	MISMATCH	out[0] max|delta|=1.342e+10 (rtol=0.0 atol=0.0)
bitwise_right_shift.Tensor_Scalar_out	w64:669	MISMATCH	out[0] max|delta|=1.342e+10 (rtol=0.0 atol=0.0)
bitwise_right_shift.Tensor_Scalar_out	w65:575	MISMATCH	out[0] non-finite mismatch (nan/inf positions differ)
bitwise_right_shift.Tensor_Scalar_out	w67:746	MISMATCH	out[0] max|delta|=1.678e+07 (rtol=0.0 atol=0.0)
bitwise_right_shift.Tensor_Scalar_out	w69:603	MISMATCH	out[0] max|delta|=1.342e+10 (rtol=0.0 atol=0.0)
bitwise_right_shift.Tensor_Scalar_out	w6:595	MISMATCH	out[0] non-finite mismatch (nan/inf positions differ)
bitwise_right_shift.Tensor_Scalar_out	w70:30	MISMATCH	out[0] non-finite mismatch (nan/inf positions differ)
bitwise_right_shift.Tensor_Scalar_out	w72:595	MISMATCH	out[0] max|delta|=1.678e+07 (rtol=0.0 atol=0.0)
bitwise_right_shift.Tensor_Scalar_out	w74:15	MISMATCH	out[0] max|delta|=1.342e+10 (rtol=0.0 atol=0.0)
bitwise_right_shift.Tensor_Scalar_out	w74:477	MISMATCH	out[0] max|delta|=1.342e+10 (rtol=0.0 atol=0.0)
bitwise_right_shift.Tensor_Scalar_out	w76:443	MISMATCH	out[0] non-finite mismatch (nan/inf positions differ)
bitwise_right_shift.Tensor_Scalar_out	w77:229	MISMATCH	out[0] max|delta|=1.678e+07 (rtol=0.0 atol=0.0)
bitwise_right_shift.Tensor_Scalar_out	w77:691	MISMATCH	out[0] max|delta|=1.678e+07 (rtol=0.0 atol=0.0)
bitwise_right_shift.Tensor_Scalar_out	w78:118	MISMATCH	out[0] max|delta|=1.678e+07 (rtol=0.0 atol=0.0)
bitwise_right_shift.Tensor_Scalar_out	w78:580	MISMATCH	out[0] max|delta|=1.342e+10 (rtol=0.0 atol=0.0)
bitwise_right_shift.Tensor_Scalar_out	w79:213	MISMATCH	out[0] max|delta|=1.342e+10 (rtol=0.0 atol=0.0)
bitwise_right_shift.Tensor_Scalar_out	w7:560	MISMATCH	out[0] max|delta|=1.342e+10 (rtol=0.0 atol=0.0)
bitwise_right_shift.Tensor_Scalar_out	w81:115	MISMATCH	out[0] max|delta|=1.342e+10 (rtol=0.0 atol=0.0)
bitwise_right_shift.Tensor_Scalar_out	w81:346	MISMATCH	out[0] max|delta|=1.342e+10 (rtol=0.0 atol=0.0)
bitwise_right_shift.Tensor_Scalar_out	w81:577	MISMATCH	out[0] max|delta|=1.342e+10 (rtol=0.0 atol=0.0)
bitwise_right_shift.Tensor_Scalar_out	w82:417	MISMATCH	out[0] max|delta|=1.678e+07 (rtol=0.0 atol=0.0)
bitwise_right_shift.Tensor_Scalar_out	w89:91	MISMATCH	out[0] max|delta|=1.342e+10 (rtol=0.0 atol=0.0)
bitwise_right_shift.Tensor_Scalar_out	w90:756	MISMATCH	out[0] max|delta|=1.342e+10 (rtol=0.0 atol=0.0)
bitwise_right_shift.Tensor_Scalar_out	w92:635	MISMATCH	out[0] max|delta|=1.342e+10 (rtol=0.0 atol=0.0)
bitwise_right_shift.Tensor_Scalar_out	w93:243	MISMATCH	out[0] max|delta|=1.342e+10 (rtol=0.0 atol=0.0)
bitwise_right_shift.Tensor_Scalar_out	w94:127	MISMATCH	out[0] non-finite mismatch (nan/inf positions differ)
bitwise_right_shift.Tensor_Scalar_out	w95:752	MISMATCH	out[0] max|delta|=1.342e+10 (rtol=0.0 atol=0.0)
bitwise_right_shift.Tensor_Scalar_out	w96:45	MISMATCH	out[0] max|delta|=1.678e+07 (rtol=0.0 atol=0.0)
bitwise_right_shift.Tensor_Scalar_out	w9:138	MISMATCH	out[0] non-finite mismatch (nan/inf positions differ)
bitwise_xor.Tensor_out	w53:748	SKIP	client RuntimeError: Failed to load method forward, error: 0x:1 | [platform.cpp:141] Failed loading symbol AOTInductorModelContainerCreateWithDevice with error /tmp/forward_so_blob517073.so: undefined symbol: AOTInductorModelContainerCreateWithDevice [method.cpp:128] Init failed for backend CudaBackend: 0x1
ceil.out	w37:433	CRASH	executor died (native abort)
ceil.out	w48:632	SKIP	client RuntimeError: Failed to load method forward, error: 0x:1 | [platform.cpp:141] Failed loading symbol AOTInductorModelContainerCreateWithDevice with error /tmp/forward_so_blob507536.so: undefined symbol: AOTInductorModelContainerCreateWithDevice [method.cpp:128] Init failed for backend CudaBackend: 0x1
clamp.Tensor_out	w0:168	CRASH	executor died (native abort)
clamp.Tensor_out	w0:399	CRASH	executor died (native abort)
clamp.Tensor_out	w100:436	SKIP	client RuntimeError: Failed to load method forward, error: 0x:1 | [method.cpp:128] Init failed for backend CudaBackend: 0x1
clamp.Tensor_out	w101:147	CRASH	executor died (native abort)
clamp.Tensor_out	w101:378	CRASH	executor died (native abort)
clamp.Tensor_out	w102:604	CRASH	executor died (native abort)
clamp.Tensor_out	w103:167	CRASH	executor died (native abort)
clamp.Tensor_out	w103:398	CRASH	executor died (native abort)
clamp.Tensor_out	w103:629	CRASH	executor died (native abort)
clamp.Tensor_out	w104:401	CRASH	executor died (native abort)
clamp.Tensor_out	w104:632	CRASH	executor died (native abort)
clamp.Tensor_out	w105:684	CRASH	executor died (native abort)
clamp.Tensor_out	w107:408	CRASH	executor died (native abort)
clamp.Tensor_out	w108:470	CRASH	executor died (native abort)
clamp.Tensor_out	w108:701	CRASH	executor died (native abort)
clamp.Tensor_out	w109:483	CRASH	executor died (native abort)
clamp.Tensor_out	w10:102	CRASH	executor died (native abort)
clamp.Tensor_out	w110:698	CRASH	executor died (native abort)
clamp.Tensor_out	w111:686	CRASH	executor died (native abort)
clamp.Tensor_out	w112:353	CRASH	executor died (native abort)
clamp.Tensor_out	w112:584	CRASH	executor died (native abort)
clamp.Tensor_out	w113:376	CRASH	executor died (native abort)
clamp.Tensor_out	w114:393	CRASH	executor died (native abort)
clamp.Tensor_out	w115:431	CRASH	executor died (native abort)
clamp.Tensor_out	w115:662	SKIP	client RuntimeError: Failed to load method forward, error: 0x:1 | [method.cpp:128] Init failed for backend CudaBackend: 0x1
clamp.Tensor_out	w116:444	CRASH	executor died (native abort)
clamp.Tensor_out	w116:675	CRASH	executor died (native abort)
clamp.Tensor_out	w117:190	CRASH	executor died (native abort)
clamp.Tensor_out	w118:147	CRASH	executor died (native abort)
clamp.Tensor_out	w118:378	CRASH	executor died (native abort)
clamp.Tensor_out	w118:609	CRASH	executor died (native abort)
clamp.Tensor_out	w119:627	CRASH	executor died (native abort)
clamp.Tensor_out	w11:706	CRASH	executor died (native abort)
clamp.Tensor_out	w120:679	CRASH	executor died (native abort)
clamp.Tensor_out	w122:1	CRASH	executor died (native abort)
clamp.Tensor_out	w122:463	CRASH	executor died (native abort)
clamp.Tensor_out	w124:272	CRASH	executor died (native abort)
clamp.Tensor_out	w124:41	CRASH	executor died (native abort)
clamp.Tensor_out	w124:734	CRASH	executor died (native abort)
clamp.Tensor_out	w126:212	CRASH	executor died (native abort)
clamp.Tensor_out	w126:443	CRASH	executor died (native abort)
clamp.Tensor_out	w127:340	CRASH	executor died (native abort)
clamp.Tensor_out	w12:582	CRASH	executor died (native abort)
clamp.Tensor_out	w13:283	CRASH	executor died (native abort)
clamp.Tensor_out	w14:119	CRASH	executor died (native abort)
clamp.Tensor_out	w14:350	CRASH	executor died (native abort)
clamp.Tensor_out	w16:703	CRASH	executor died (native abort)
clamp.Tensor_out	w18:742	CRASH	executor died (native abort)
clamp.Tensor_out	w19:181	CRASH	executor died (native abort)
clamp.Tensor_out	w19:643	CRASH	executor died (native abort)
clamp.Tensor_out	w1:498	CRASH	executor died (native abort)
clamp.Tensor_out	w20:490	CRASH	executor died (native abort)
clamp.Tensor_out	w21:263	SKIP	client RuntimeError: Failed to load method forward, error: 0x:1 | [method.cpp:128] Init failed for backend CudaBackend: 0x1
clamp.Tensor_out	w24:356	CRASH	executor died (native abort)
clamp.Tensor_out	w24:587	CRASH	executor died (native abort)
clamp.Tensor_out	w25:310	CRASH	executor died (native abort)
clamp.Tensor_out	w25:541	CRASH	executor died (native abort)
clamp.Tensor_out	w26:322	CRASH	executor died (native abort)
clamp.Tensor_out	w26:91	CRASH	executor died (native abort)
clamp.Tensor_out	w27:353	CRASH	executor died (native abort)
clamp.Tensor_out	w27:584	CRASH	executor died (native abort)
clamp.Tensor_out	w28:322	CRASH	executor died (native abort)
clamp.Tensor_out	w28:553	CRASH	executor died (native abort)
clamp.Tensor_out	w29:527	CRASH	executor died (native abort)
clamp.Tensor_out	w29:758	CRASH	executor died (native abort)
clamp.Tensor_out	w2:339	CRASH	executor died (native abort)
clamp.Tensor_out	w30:547	CRASH	executor died (native abort)
clamp.Tensor_out	w30:778	CRASH	executor died (native abort)
clamp.Tensor_out	w31:135	CRASH	executor died (native abort)
clamp.Tensor_out	w31:366	CRASH	executor died (native abort)
clamp.Tensor_out	w31:597	CRASH	executor died (native abort)
clamp.Tensor_out	w32:113	CRASH	executor died (native abort)
clamp.Tensor_out	w32:575	CRASH	executor died (native abort)
clamp.Tensor_out	w33:327	CRASH	executor died (native abort)
clamp.Tensor_out	w33:558	CRASH	executor died (native abort)
clamp.Tensor_out	w33:96	CRASH	executor died (native abort)
clamp.Tensor_out	w34:50	CRASH	executor died (native abort)
clamp.Tensor_out	w34:512	CRASH	executor died (native abort)
clamp.Tensor_out	w35:221	CRASH	executor died (native abort)
clamp.Tensor_out	w35:683	CRASH	executor died (native abort)
clamp.Tensor_out	w36:443	CRASH	executor died (native abort)
clamp.Tensor_out	w37:181	CRASH	executor died (native abort)
clamp.Tensor_out	w37:412	CRASH	executor died (native abort)
clamp.Tensor_out	w38:44	CRASH	executor died (native abort)
clamp.Tensor_out	w38:737	CRASH	executor died (native abort)
clamp.Tensor_out	w39:23	CRASH	executor died (native abort)
clamp.Tensor_out	w39:254	CRASH	executor died (native abort)
clamp.Tensor_out	w39:485	CRASH	executor died (native abort)
clamp.Tensor_out	w3:627	CRASH	executor died (native abort)
clamp.Tensor_out	w40:21	CRASH	executor died (native abort)
clamp.Tensor_out	w40:252	CRASH	executor died (native abort)
clamp.Tensor_out	w40:714	CRASH	executor died (native abort)
clamp.Tensor_out	w43:551	CRASH	executor died (native abort)
clamp.Tensor_out	w44:18	CRASH	executor died (native abort)
clamp.Tensor_out	w45:731	CRASH	executor died (native abort)
clamp.Tensor_out	w46:258	CRASH	executor died (native abort)
clamp.Tensor_out	w47:266	CRASH	executor died (native abort)
clamp.Tensor_out	w47:35	CRASH	executor died (native abort)
clamp.Tensor_out	w47:497	CRASH	executor died (native abort)
clamp.Tensor_out	w48:380	CRASH	executor died (native abort)
clamp.Tensor_out	w49:115	CRASH	executor died (native abort)
clamp.Tensor_out	w49:577	CRASH	executor died (native abort)
clamp.Tensor_out	w4:189	CRASH	executor died (native abort)
clamp.Tensor_out	w4:420	CRASH	executor died (native abort)
clamp.Tensor_out	w50:101	CRASH	executor died (native abort)
clamp.Tensor_out	w50:563	CRASH	executor died (native abort)
clamp.Tensor_out	w51:139	CRASH	executor died (native abort)
clamp.Tensor_out	w52:657	CRASH	executor died (native abort)
clamp.Tensor_out	w53:231	CRASH	executor died (native abort)
clamp.Tensor_out	w53:693	CRASH	executor died (native abort)
clamp.Tensor_out	w54:294	CRASH	executor died (native abort)
clamp.Tensor_out	w55:713	CRASH	executor died (native abort)
clamp.Tensor_out	w56:223	CRASH	executor died (native abort)
clamp.Tensor_out	w56:454	CRASH	executor died (native abort)
clamp.Tensor_out	w57:447	CRASH	executor died (native abort)
clamp.Tensor_out	w58:639	CRASH	executor died (native abort)
clamp.Tensor_out	w59:32	CRASH	executor died (native abort)
clamp.Tensor_out	w59:494	CRASH	executor died (native abort)
clamp.Tensor_out	w5:735	CRASH	executor died (native abort)
clamp.Tensor_out	w61:382	CRASH	executor died (native abort)
clamp.Tensor_out	w61:613	CRASH	executor died (native abort)
clamp.Tensor_out	w62:127	CRASH	executor died (native abort)
clamp.Tensor_out	w63:285	CRASH	executor died (native abort)
clamp.Tensor_out	w63:747	CRASH	executor died (native abort)
clamp.Tensor_out	w64:109	CRASH	executor died (native abort)
clamp.Tensor_out	w64:340	CRASH	executor died (native abort)
clamp.Tensor_out	w64:571	CRASH	executor died (native abort)
clamp.Tensor_out	w65:708	CRASH	executor died (native abort)
clamp.Tensor_out	w66:107	CRASH	executor died (native abort)
clamp.Tensor_out	w69:274	CRASH	executor died (native abort)
clamp.Tensor_out	w69:505	CRASH	executor died (native abort)
clamp.Tensor_out	w6:35	CRASH	executor died (native abort)
clamp.Tensor_out	w6:728	CRASH	executor died (native abort)
clamp.Tensor_out	w70:163	CRASH	executor died (native abort)
clamp.Tensor_out	w70:625	CRASH	executor died (native abort)
clamp.Tensor_out	w71:40	CRASH	executor died (native abort)
clamp.Tensor_out	w72:266	CRASH	executor died (native abort)
clamp.Tensor_out	w73:191	CRASH	executor died (native abort)
clamp.Tensor_out	w73:422	CRASH	executor died (native abort)
clamp.Tensor_out	w74:610	CRASH	executor died (native abort)
clamp.Tensor_out	w75:271	CRASH	executor died (native abort)
clamp.Tensor_out	w76:345	CRASH	executor died (native abort)
clamp.Tensor_out	w77:131	CRASH	executor died (native abort)
clamp.Tensor_out	w77:362	CRASH	executor died (native abort)
clamp.Tensor_out	w78:251	CRASH	executor died (native abort)
clamp.Tensor_out	w79:577	CRASH	executor died (native abort)
clamp.Tensor_out	w7:462	CRASH	executor died (native abort)
clamp.Tensor_out	w81:248	CRASH	executor died (native abort)
clamp.Tensor_out	w83:72	CRASH	executor died (native abort)
clamp.Tensor_out	w84:299	CRASH	executor died (native abort)
clamp.Tensor_out	w84:530	CRASH	executor died (native abort)
clamp.Tensor_out	w84:68	CRASH	executor died (native abort)
clamp.Tensor_out	w84:761	CRASH	executor died (native abort)
clamp.Tensor_out	w86:51	CRASH	executor died (native abort)
clamp.Tensor_out	w87:546	CRASH	executor died (native abort)
clamp.Tensor_out	w87:84	CRASH	executor died (native abort)
clamp.Tensor_out	w88:771	CRASH	executor died (native abort)
clamp.Tensor_out	w89:224	CRASH	executor died (native abort)
clamp.Tensor_out	w89:455	CRASH	executor died (native abort)
clamp.Tensor_out	w8:398	CRASH	executor died (native abort)
clamp.Tensor_out	w8:629	CRASH	executor died (native abort)
clamp.Tensor_out	w90:196	CRASH	executor died (native abort)
clamp.Tensor_out	w90:427	CRASH	executor died (native abort)
clamp.Tensor_out	w91:10	CRASH	executor died (native abort)
clamp.Tensor_out	w91:241	CRASH	executor died (native abort)
clamp.Tensor_out	w91:472	CRASH	executor died (native abort)
clamp.Tensor_out	w91:703	CRASH	executor died (native abort)
clamp.Tensor_out	w92:306	CRASH	executor died (native abort)
clamp.Tensor_out	w92:537	CRASH	executor died (native abort)
clamp.Tensor_out	w93:145	CRASH	executor died (native abort)
clamp.Tensor_out	w93:376	CRASH	executor died (native abort)
clamp.Tensor_out	w93:607	CRASH	executor died (native abort)
clamp.Tensor_out	w95:423	CRASH	executor died (native abort)
clamp.Tensor_out	w95:654	CRASH	executor died (native abort)
clamp.Tensor_out	w96:409	CRASH	executor died (native abort)
clamp.Tensor_out	w96:640	CRASH	executor died (native abort)
clamp.Tensor_out	w97:617	CRASH	executor died (native abort)
clamp.Tensor_out	w98:100	CRASH	executor died (native abort)
clamp.Tensor_out	w9:40	CRASH	executor died (native abort)
clamp.Tensor_out	w9:502	CRASH	executor died (native abort)
clamp.out	w48:636	SKIP	client RuntimeError: Failed to load method forward, error: 0x:1 | [platform.cpp:141] Failed loading symbol AOTInductorModelContainerCreateWithDevice with error /tmp/forward_so_blob507536.so: undefined symbol: AOTInductorModelContainerCreateWithDevice [method.cpp:128] Init failed for backend CudaBackend: 0x1
copy	w103:176	SKIP	client RuntimeError: Failed to load method forward, error: 0x:1 | [method.cpp:128] Init failed for backend CudaBackend: 0x1
copy	w108:248	CRASH	executor died (native abort)
copy	w119:405	SKIP	client RuntimeError: Failed to load method forward, error: 0x:1 | [platform.cpp:141] Failed loading symbol AOTInductorModelContainerCreateWithDevice with error /tmp/forward_so_blob434850.so: undefined symbol: AOTInductorModelContainerCreateWithDevice [method.cpp:128] Init failed for backend CudaBackend: 0x1
copy	w122:703	SKIP	client RuntimeError: Failed to load method forward, error: 0x:1 | [method.cpp:128] Init failed for backend CudaBackend: 0x1
copy	w26:331	SKIP	client RuntimeError: Failed to load method forward, error: 0x:1 | [platform.cpp:141] Failed loading symbol AOTInductorModelContainerCreateWithDevice with error /tmp/forward_so_blob479480.so: undefined symbol: AOTInductorModelContainerCreateWithDevice [method.cpp:128] Init failed for backend CudaBackend: 0x1
copy	w40:261	SKIP	client RuntimeError: Failed to load method forward, error: 0x:1 | [platform.cpp:141] Failed loading symbol AOTInductorModelContainerCreateWithDevice with error /tmp/forward_so_blob501339.so: undefined symbol: AOTInductorModelContainerCreateWithDevice [method.cpp:128] Init failed for backend CudaBackend: 0x1
copy	w48:620	SKIP	client RuntimeError: Failed to load method forward, error: 0x:1 | [platform.cpp:141] Failed loading symbol AOTInductorModelContainerCreateWithDevice with error /tmp/forward_so_blob507536.so: undefined symbol: AOTInductorModelContainerCreateWithDevice [method.cpp:128] Init failed for backend CudaBackend: 0x1
copy	w60:560	CRASH	executor died (native abort)
copy	w78:491	CRASH	executor died (native abort)
cumsum.out	w51:135	SKIP	client RuntimeError: Failed to load method forward, error: 0x:1 | [method.cpp:128] Init failed for backend CudaBackend: 0x1
cumsum.out	w84:757	SKIP	client RuntimeError: Failed to load method forward, error: 0x:1 | [method.cpp:128] Init failed for backend CudaBackend: 0x1
elu.out	w10:621	MISMATCH	out[0] non-finite mismatch (nan/inf positions differ)
elu.out	w119:453	SKIP	client RuntimeError: Failed to load method forward, error: 0x:1 | [platform.cpp:141] Failed loading symbol AOTInductorModelContainerCreateWithDevice with error /tmp/forward_so_blob434850.so: undefined symbol: AOTInductorModelContainerCreateWithDevice [method.cpp:128] Init failed for backend CudaBackend: 0x1
elu.out	w13:109	MISMATCH	out[0] non-finite mismatch (nan/inf positions differ)
elu.out	w16:67	MISMATCH	out[0] non-finite mismatch (nan/inf positions differ)
elu.out	w19:700	MISMATCH	out[0] non-finite mismatch (nan/inf positions differ)
elu.out	w22:14	MISMATCH	out[0] non-finite mismatch (nan/inf positions differ)
elu.out	w25:367	MISMATCH	out[0] non-finite mismatch (nan/inf positions differ)
elu.out	w2:396	MISMATCH	out[0] non-finite mismatch (nan/inf positions differ)
elu.out	w5:330	MISMATCH	out[0] non-finite mismatch (nan/inf positions differ)
erf.out	w110:472	SKIP	client RuntimeError: Failed to load method forward, error: 0x:1 | [method.cpp:128] Init failed for backend CudaBackend: 0x1
erf.out	w115:667	CRASH	executor died (native abort)
erf.out	w26:327	SKIP	client RuntimeError: Failed to load method forward, error: 0x:1 | [platform.cpp:141] Failed loading symbol AOTInductorModelContainerCreateWithDevice with error /tmp/forward_so_blob479480.so: undefined symbol: AOTInductorModelContainerCreateWithDevice [method.cpp:128] Init failed for backend CudaBackend: 0x1
erf.out	w31:371	SKIP	client RuntimeError: Failed to load method forward, error: 0x:1 | [method.cpp:128] Init failed for backend CudaBackend: 0x1
erf.out	w40:257	SKIP	client RuntimeError: Failed to load method forward, error: 0x:1 | [method.cpp:128] Init failed for backend CudaBackend: 0x1
erf.out	w48:616	SKIP	client RuntimeError: Failed to load method forward, error: 0x:1 | [method.cpp:128] Init failed for backend CudaBackend: 0x1
erf.out	w55:718	SKIP	client RuntimeError: Failed to load method forward, error: 0x:1 | [method.cpp:128] Init failed for backend CudaBackend: 0x1
erf.out	w88:314	CRASH	executor died (native abort)
fill.Tensor	w53:738	SKIP	client RuntimeError: Failed to load method forward, error: 0x:1 | [platform.cpp:141] Failed loading symbol AOTInductorModelContainerCreateWithDevice with error /tmp/forward_so_blob517073.so: undefined symbol: AOTInductorModelContainerCreateWithDevice [method.cpp:128] Init failed for backend CudaBackend: 0x1
flip	w66:197	SKIP	client RuntimeError: Failed to load method forward, error: 0x:1 | [platform.cpp:141] Failed loading symbol AOTInductorModelContainerCreateWithDevice with error /tmp/forward_so_blob533262.so: undefined symbol: AOTInductorModelContainerCreateWithDevice [method.cpp:128] Init failed for backend CudaBackend: 0x1
floor_divide	w10:140	MISMATCH	out[0] non-finite mismatch (nan/inf positions differ)
floor_divide	w119:434	SKIP	client RuntimeError: Failed to load method forward, error: 0x:1 | [platform.cpp:141] Failed loading symbol AOTInductorModelContainerCreateWithDevice with error /tmp/forward_so_blob434850.so: undefined symbol: AOTInductorModelContainerCreateWithDevice [method.cpp:128] Init failed for backend CudaBackend: 0x1
floor_divide	w11:282	MISMATCH	out[0] non-finite mismatch (nan/inf positions differ)
floor_divide	w12:389	MISMATCH	out[0] non-finite mismatch (nan/inf positions differ)
floor_divide	w12:620	MISMATCH	out[0] non-finite mismatch (nan/inf positions differ)
floor_divide	w14:157	MISMATCH	out[0] non-finite mismatch (nan/inf positions differ)
floor_divide	w14:388	MISMATCH	out[0] non-finite mismatch (nan/inf positions differ)
floor_divide	w15:458	MISMATCH	out[0] non-finite mismatch (nan/inf positions differ)
floor_divide	w15:689	MISMATCH	out[0] non-finite mismatch (nan/inf positions differ)
floor_divide	w18:780	MISMATCH	out[0] max|delta|=1.000e+00 (rtol=0.01 atol=0.001)
floor_divide	w19:219	MISMATCH	out[0] non-finite mismatch (nan/inf positions differ)
floor_divide	w1:74	MISMATCH	out[0] non-finite mismatch (nan/inf positions differ)
floor_divide	w20:759	MISMATCH	out[0] non-finite mismatch (nan/inf positions differ)
floor_divide	w27:160	MISMATCH	out[0] non-finite mismatch (nan/inf positions differ)
floor_divide	w34:781	MISMATCH	out[0] max|delta|=1.000e+00 (rtol=0.01 atol=0.001)
floor_divide	w38:82	MISMATCH	out[0] max|delta|=1.000e+00 (rtol=0.01 atol=0.001)
floor_divide	w3:203	MISMATCH	out[0] non-finite mismatch (nan/inf positions differ)
floor_divide	w45:307	MISMATCH	out[0] max|delta|=1.000e+00 (rtol=0.01 atol=0.001)
floor_divide	w4:458	MISMATCH	out[0] non-finite mismatch (nan/inf positions differ)
floor_divide	w5:80	MISMATCH	out[0] non-finite mismatch (nan/inf positions differ)
floor_divide	w66:376	MISMATCH	out[0] max|delta|=1.000e+00 (rtol=0.01 atol=0.001)
floor_divide	w77:169	MISMATCH	out[0] max|delta|=1.000e+00 (rtol=0.01 atol=0.001)
floor_divide	w77:631	MISMATCH	out[0] max|delta|=1.000e+00 (rtol=0.01 atol=0.001)
floor_divide	w7:500	MISMATCH	out[0] non-finite mismatch (nan/inf positions differ)
floor_divide	w8:205	MISMATCH	out[0] non-finite mismatch (nan/inf positions differ)
floor_divide.out	w116:473	MISMATCH	out[0] max|delta|=1.000e+00 (rtol=0.01 atol=0.001)
floor_divide.out	w118:407	MISMATCH	out[0] max|delta|=1.000e+00 (rtol=0.01 atol=0.001)
floor_divide.out	w11:273	MISMATCH	out[0] non-finite mismatch (nan/inf positions differ)
floor_divide.out	w11:42	MISMATCH	out[0] non-finite mismatch (nan/inf positions differ)
floor_divide.out	w12:611	MISMATCH	out[0] non-finite mismatch (nan/inf positions differ)
floor_divide.out	w13:312	MISMATCH	out[0] non-finite mismatch (nan/inf positions differ)
floor_divide.out	w14:379	MISMATCH	out[0] non-finite mismatch (nan/inf positions differ)
floor_divide.out	w15:680	MISMATCH	out[0] non-finite mismatch (nan/inf positions differ)
floor_divide.out	w16:39	MISMATCH	out[0] non-finite mismatch (nan/inf positions differ)
floor_divide.out	w16:501	MISMATCH	out[0] non-finite mismatch (nan/inf positions differ)
floor_divide.out	w18:771	MISMATCH	out[0] non-finite mismatch (nan/inf positions differ)
floor_divide.out	w18:78	MISMATCH	out[0] non-finite mismatch (nan/inf positions differ)
floor_divide.out	w19:210	MISMATCH	out[0] non-finite mismatch (nan/inf positions differ)
floor_divide.out	w19:441	MISMATCH	out[0] non-finite mismatch (nan/inf positions differ)
floor_divide.out	w1:758	MISMATCH	out[0] non-finite mismatch (nan/inf positions differ)
floor_divide.out	w21:61	MISMATCH	out[0] non-finite mismatch (nan/inf positions differ)
floor_divide.out	w22:217	MISMATCH	out[0] non-finite mismatch (nan/inf positions differ)
floor_divide.out	w24:154	MISMATCH	out[0] non-finite mismatch (nan/inf positions differ)
floor_divide.out	w25:108	MISMATCH	out[0] non-finite mismatch (nan/inf positions differ)
floor_divide.out	w25:339	MISMATCH	out[0] non-finite mismatch (nan/inf positions differ)
floor_divide.out	w2:368	MISMATCH	out[0] non-finite mismatch (nan/inf positions differ)
floor_divide.out	w35:712	SKIP	client RuntimeError: Failed to load method forward, error: 0x:1 | [platform.cpp:141] Failed loading symbol AOTInductorModelContainerCreateWithDevice with error /tmp/forward_so_blob495512.so: undefined symbol: AOTInductorModelContainerCreateWithDevice [method.cpp:128] Init failed for backend CudaBackend: 0x1
floor_divide.out	w48:640	SKIP	client RuntimeError: Failed to load method forward, error: 0x:1 | [platform.cpp:141] Failed loading symbol AOTInductorModelContainerCreateWithDevice with error /tmp/forward_so_blob507536.so: undefined symbol: AOTInductorModelContainerCreateWithDevice [method.cpp:128] Init failed for backend CudaBackend: 0x1
floor_divide.out	w4:449	MISMATCH	out[0] non-finite mismatch (nan/inf positions differ)
floor_divide.out	w4:680	MISMATCH	out[0] non-finite mismatch (nan/inf positions differ)
floor_divide.out	w58:206	MISMATCH	out[0] max|delta|=1.000e+00 (rtol=0.01 atol=0.001)
floor_divide.out	w5:764	MISMATCH	out[0] non-finite mismatch (nan/inf positions differ)
floor_divide.out	w66:136	SKIP	client RuntimeError: Failed to load method forward, error: 0x:1 | [platform.cpp:141] Failed loading symbol AOTInductorModelContainerCreateWithDevice with error /tmp/forward_so_blob533262.so: undefined symbol: AOTInductorModelContainerCreateWithDevice [method.cpp:128] Init failed for backend CudaBackend: 0x1
floor_divide.out	w7:260	MISMATCH	out[0] non-finite mismatch (nan/inf positions differ)
floor_divide.out	w7:29	MISMATCH	out[0] non-finite mismatch (nan/inf positions differ)
floor_divide.out	w7:491	MISMATCH	out[0] non-finite mismatch (nan/inf positions differ)
floor_divide.out	w7:722	MISMATCH	out[0] non-finite mismatch (nan/inf positions differ)
floor_divide.out	w89:22	SKIP	client RuntimeError: Failed to load method forward, error: 0x:22 | [method.cpp:128] Init failed for backend CudaBackend: 0x22
floor_divide.out	w8:427	MISMATCH	out[0] non-finite mismatch (nan/inf positions differ)
floor_divide.out	w9:762	MISMATCH	out[0] non-finite mismatch (nan/inf positions differ)
fmod.Scalar	w46:221	SKIP	client RuntimeError: Failed to load method forward, error: 0x:1 | [method.cpp:128] Init failed for backend CudaBackend: 0x1
gelu.out	w0:117	MISMATCH	out[0] non-finite mismatch (nan/inf positions differ)
gelu.out	w0:348	MISMATCH	out[0] non-finite mismatch (nan/inf positions differ)
gelu.out	w10:282	MISMATCH	out[0] non-finite mismatch (nan/inf positions differ)
gelu.out	w10:513	MISMATCH	out[0] non-finite mismatch (nan/inf positions differ)
gelu.out	w10:744	MISMATCH	out[0] non-finite mismatch (nan/inf positions differ)
gelu.out	w11:193	MISMATCH	out[0] non-finite mismatch (nan/inf positions differ)
gelu.out	w11:655	MISMATCH	out[0] non-finite mismatch (nan/inf positions differ)
gelu.out	w12:300	MISMATCH	out[0] non-finite mismatch (nan/inf positions differ)
gelu.out	w12:69	MISMATCH	out[0] non-finite mismatch (nan/inf positions differ)
gelu.out	w12:762	MISMATCH	out[0] non-finite mismatch (nan/inf positions differ)
gelu.out	w13:1	MISMATCH	out[0] non-finite mismatch (nan/inf positions differ)
gelu.out	w13:694	MISMATCH	out[0] non-finite mismatch (nan/inf positions differ)
gelu.out	w14:530	MISMATCH	out[0] non-finite mismatch (nan/inf positions differ)
gelu.out	w14:68	MISMATCH	out[0] non-finite mismatch (nan/inf positions differ)
gelu.out	w14:761	MISMATCH	out[0] non-finite mismatch (nan/inf positions differ)
gelu.out	w15:369	MISMATCH	out[0] non-finite mismatch (nan/inf positions differ)
gelu.out	w15:600	MISMATCH	out[0] non-finite mismatch (nan/inf positions differ)
gelu.out	w16:190	MISMATCH	out[0] non-finite mismatch (nan/inf positions differ)
gelu.out	w16:421	MISMATCH	out[0] non-finite mismatch (nan/inf positions differ)
gelu.out	w16:652	MISMATCH	out[0] non-finite mismatch (nan/inf positions differ)
gelu.out	w17:70	MISMATCH	out[0] non-finite mismatch (nan/inf positions differ)
gelu.out	w17:763	MISMATCH	out[0] non-finite mismatch (nan/inf positions differ)
gelu.out	w18:229	MISMATCH	out[0] non-finite mismatch (nan/inf positions differ)
gelu.out	w18:460	MISMATCH	out[0] non-finite mismatch (nan/inf positions differ)
gelu.out	w18:691	MISMATCH	out[0] non-finite mismatch (nan/inf positions differ)
gelu.out	w19:130	MISMATCH	out[0] non-finite mismatch (nan/inf positions differ)
gelu.out	w19:361	MISMATCH	out[0] non-finite mismatch (nan/inf positions differ)
gelu.out	w19:592	MISMATCH	out[0] non-finite mismatch (nan/inf positions differ)
gelu.out	w1:216	MISMATCH	out[0] non-finite mismatch (nan/inf positions differ)
gelu.out	w1:447	MISMATCH	out[0] non-finite mismatch (nan/inf positions differ)
gelu.out	w20:208	MISMATCH	out[0] non-finite mismatch (nan/inf positions differ)
gelu.out	w20:439	MISMATCH	out[0] non-finite mismatch (nan/inf positions differ)
gelu.out	w20:670	MISMATCH	out[0] non-finite mismatch (nan/inf positions differ)
gelu.out	w21:212	MISMATCH	out[0] non-finite mismatch (nan/inf positions differ)
gelu.out	w22:137	MISMATCH	out[0] non-finite mismatch (nan/inf positions differ)
gelu.out	w22:368	MISMATCH	out[0] non-finite mismatch (nan/inf positions differ)
gelu.out	w24:305	MISMATCH	out[0] non-finite mismatch (nan/inf positions differ)
gelu.out	w24:74	MISMATCH	out[0] non-finite mismatch (nan/inf positions differ)
gelu.out	w25:259	MISMATCH	out[0] non-finite mismatch (nan/inf positions differ)
gelu.out	w25:490	MISMATCH	out[0] non-finite mismatch (nan/inf positions differ)
gelu.out	w26:271	MISMATCH	out[0] non-finite mismatch (nan/inf positions differ)
gelu.out	w26:40	MISMATCH	out[0] non-finite mismatch (nan/inf positions differ)
gelu.out	w2:288	MISMATCH	out[0] non-finite mismatch (nan/inf positions differ)
gelu.out	w2:519	MISMATCH	out[0] non-finite mismatch (nan/inf positions differ)
gelu.out	w2:57	MISMATCH	out[0] non-finite mismatch (nan/inf positions differ)
gelu.out	w2:750	MISMATCH	out[0] non-finite mismatch (nan/inf positions differ)
gelu.out	w3:114	MISMATCH	out[0] non-finite mismatch (nan/inf positions differ)
gelu.out	w3:576	MISMATCH	out[0] non-finite mismatch (nan/inf positions differ)
gelu.out	w4:138	MISMATCH	out[0] non-finite mismatch (nan/inf positions differ)
gelu.out	w4:600	MISMATCH	out[0] non-finite mismatch (nan/inf positions differ)
gelu.out	w5:222	MISMATCH	out[0] non-finite mismatch (nan/inf positions differ)
gelu.out	w5:453	MISMATCH	out[0] non-finite mismatch (nan/inf positions differ)
gelu.out	w5:684	MISMATCH	out[0] non-finite mismatch (nan/inf positions differ)
gelu.out	w6:215	MISMATCH	out[0] non-finite mismatch (nan/inf positions differ)
gelu.out	w6:446	MISMATCH	out[0] non-finite mismatch (nan/inf positions differ)
gelu.out	w6:677	MISMATCH	out[0] non-finite mismatch (nan/inf positions differ)
gelu.out	w7:180	MISMATCH	out[0] non-finite mismatch (nan/inf positions differ)
gelu.out	w7:411	MISMATCH	out[0] non-finite mismatch (nan/inf positions differ)
gelu.out	w7:642	MISMATCH	out[0] non-finite mismatch (nan/inf positions differ)
gelu.out	w8:116	MISMATCH	out[0] non-finite mismatch (nan/inf positions differ)
gelu.out	w8:347	MISMATCH	out[0] non-finite mismatch (nan/inf positions differ)
gelu.out	w8:578	MISMATCH	out[0] non-finite mismatch (nan/inf positions differ)
gelu.out	w9:220	MISMATCH	out[0] non-finite mismatch (nan/inf positions differ)
gelu.out	w9:451	MISMATCH	out[0] non-finite mismatch (nan/inf positions differ)
gelu.out	w9:682	MISMATCH	out[0] non-finite mismatch (nan/inf positions differ)
grid_sampler_2d	w10:170	MISMATCH	out[0] non-finite mismatch (nan/inf positions differ)
grid_sampler_2d	w10:401	MISMATCH	out[0] non-finite mismatch (nan/inf positions differ)
grid_sampler_2d	w13:582	MISMATCH	out[0] non-finite mismatch (nan/inf positions differ)
grid_sampler_2d	w14:187	MISMATCH	out[0] non-finite mismatch (nan/inf positions differ)
grid_sampler_2d	w15:257	MISMATCH	out[0] non-finite mismatch (nan/inf positions differ)
grid_sampler_2d	w16:78	MISMATCH	out[0] non-finite mismatch (nan/inf positions differ)
grid_sampler_2d	w17:651	MISMATCH	out[0] non-finite mismatch (nan/inf positions differ)
grid_sampler_2d	w18:117	MISMATCH	out[0] non-finite mismatch (nan/inf positions differ)
grid_sampler_2d	w18:348	MISMATCH	out[0] non-finite mismatch (nan/inf positions differ)
grid_sampler_2d	w19:711	MISMATCH	out[0] non-finite mismatch (nan/inf positions differ)
grid_sampler_2d	w1:335	MISMATCH	out[0] non-finite mismatch (nan/inf positions differ)
grid_sampler_2d	w20:96	MISMATCH	out[0] non-finite mismatch (nan/inf positions differ)
grid_sampler_2d	w22:256	MISMATCH	out[0] non-finite mismatch (nan/inf positions differ)
grid_sampler_2d	w25:378	MISMATCH	out[0] non-finite mismatch (nan/inf positions differ)
grid_sampler_2d	w26:159	MISMATCH	out[0] non-finite mismatch (nan/inf positions differ)
grid_sampler_2d	w3:233	MISMATCH	out[0] non-finite mismatch (nan/inf positions differ)
grid_sampler_2d	w66:175	SKIP	client RuntimeError: Failed to load method forward, error: 0x:1 | [platform.cpp:141] Failed loading symbol AOTInductorModelContainerCreateWithDevice with error /tmp/forward_so_blob533262.so: undefined symbol: AOTInductorModelContainerCreateWithDevice [method.cpp:128] Init failed for backend CudaBackend: 0x1
gt.Scalar_out	w66:143	SKIP	client RuntimeError: Failed to load method forward, error: 0x:1 | [platform.cpp:141] Failed loading symbol AOTInductorModelContainerCreateWithDevice with error /tmp/forward_so_blob533262.so: undefined symbol: AOTInductorModelContainerCreateWithDevice [method.cpp:128] Init failed for backend CudaBackend: 0x1
hardtanh	w11:347	SKIP	client RuntimeError: Failed to load method forward, error: 0x:1 | [platform.cpp:141] Failed loading symbol AOTInductorModelContainerCreateWithDevice with error /tmp/forward_so_blob422187.so: undefined symbol: AOTInductorModelContainerCreateWithDevice [method.cpp:128] Init failed for backend CudaBackend: 0x1
hardtanh.out	w66:16	SKIP	client RuntimeError: Failed to load method forward, error: 0x:1 | [platform.cpp:141] Failed loading symbol AOTInductorModelContainerCreateWithDevice with error /tmp/forward_so_blob533262.so: undefined symbol: AOTInductorModelContainerCreateWithDevice [method.cpp:128] Init failed for backend CudaBackend: 0x1
hardtanh.out	w66:247	SKIP	client RuntimeError: Failed to load method forward, error: 0x:1 | [platform.cpp:141] Failed loading symbol AOTInductorModelContainerCreateWithDevice with error /tmp/forward_so_blob533262.so: undefined symbol: AOTInductorModelContainerCreateWithDevice [method.cpp:128] Init failed for backend CudaBackend: 0x1
isnan	w66:185	SKIP	client RuntimeError: Failed to load method forward, error: 0x:1 | [platform.cpp:141] Failed loading symbol AOTInductorModelContainerCreateWithDevice with error /tmp/forward_so_blob533262.so: undefined symbol: AOTInductorModelContainerCreateWithDevice [method.cpp:128] Init failed for backend CudaBackend: 0x1
le.Scalar_out	w66:2	SKIP	client RuntimeError: Failed to load method forward, error: 0x:1 | [platform.cpp:141] Failed loading symbol AOTInductorModelContainerCreateWithDevice with error /tmp/forward_so_blob533262.so: undefined symbol: AOTInductorModelContainerCreateWithDevice [method.cpp:128] Init failed for backend CudaBackend: 0x1
le.Scalar_out	w66:233	SKIP	client RuntimeError: Failed to load method forward, error: 0x:1 | [platform.cpp:141] Failed loading symbol AOTInductorModelContainerCreateWithDevice with error /tmp/forward_so_blob533262.so: undefined symbol: AOTInductorModelContainerCreateWithDevice [method.cpp:128] Init failed for backend CudaBackend: 0x1
leaky_relu.out	w119:419	SKIP	client RuntimeError: Failed to load method forward, error: 0x:1 | [platform.cpp:141] Failed loading symbol AOTInductorModelContainerCreateWithDevice with error /tmp/forward_so_blob434850.so: undefined symbol: AOTInductorModelContainerCreateWithDevice [method.cpp:128] Init failed for backend CudaBackend: 0x1
leaky_relu.out	w73:214	CRASH	executor died (native abort)
linear	w44:152	SKIP	client RuntimeError: Failed to load method forward, error: 0x:1 | [method.cpp:128] Init failed for backend CudaBackend: 0x1
linear.out	w119:429	SKIP	client RuntimeError: Failed to load method forward, error: 0x:1 | [platform.cpp:141] Failed loading symbol AOTInductorModelContainerCreateWithDevice with error /tmp/forward_so_blob434850.so: undefined symbol: AOTInductorModelContainerCreateWithDevice [method.cpp:128] Init failed for backend CudaBackend: 0x1
log1p.out	w119:426	SKIP	client RuntimeError: Failed to load method forward, error: 0x:1 | [platform.cpp:141] Failed loading symbol AOTInductorModelContainerCreateWithDevice with error /tmp/forward_so_blob434850.so: undefined symbol: AOTInductorModelContainerCreateWithDevice [method.cpp:128] Init failed for backend CudaBackend: 0x1
log1p.out	w121:328	SKIP	client RuntimeError: Failed to load method forward, error: 0x:1 | [method.cpp:128] Init failed for backend CudaBackend: 0x1
log1p.out	w53:723	SKIP	client RuntimeError: Failed to load method forward, error: 0x:1 | [platform.cpp:141] Failed loading symbol AOTInductorModelContainerCreateWithDevice with error /tmp/forward_so_blob517073.so: undefined symbol: AOTInductorModelContainerCreateWithDevice [method.cpp:128] Init failed for backend CudaBackend: 0x1
log1p.out	w56:715	SKIP	client RuntimeError: Failed to load method forward, error: 0x:1 | [method.cpp:128] Init failed for backend CudaBackend: 0x1
log2.out	w108:246	SKIP	client RuntimeError: Failed to load method forward, error: 0x:1 | [method.cpp:128] Init failed for backend CudaBackend: 0x1
logical_and	w53:72	SKIP	client RuntimeError: Failed to load method forward, error: 0x:1 | [platform.cpp:141] Failed loading symbol AOTInductorModelContainerCreateWithDevice with error /tmp/forward_so_blob517073.so: undefined symbol: AOTInductorModelContainerCreateWithDevice [method.cpp:128] Init failed for backend CudaBackend: 0x1
logical_and.out	w110:473	CRASH	executor died (native abort)
logical_and.out	w21:269	CRASH	executor died (native abort)
logical_and.out	w26:328	SKIP	client RuntimeError: Failed to load method forward, error: 0x:1 | [platform.cpp:141] Failed loading symbol AOTInductorModelContainerCreateWithDevice with error /tmp/forward_so_blob479480.so: undefined symbol: AOTInductorModelContainerCreateWithDevice [method.cpp:128] Init failed for backend CudaBackend: 0x1
logical_and.out	w31:372	CRASH	executor died (native abort)
logical_and.out	w40:258	SKIP	client RuntimeError: Failed to load method forward, error: 0x:1 | [platform.cpp:141] Failed loading symbol AOTInductorModelContainerCreateWithDevice with error /tmp/forward_so_blob501339.so: undefined symbol: AOTInductorModelContainerCreateWithDevice [method.cpp:128] Init failed for backend CudaBackend: 0x1
logical_and.out	w48:617	SKIP	client RuntimeError: Failed to load method forward, error: 0x:1 | [platform.cpp:141] Failed loading symbol AOTInductorModelContainerCreateWithDevice with error /tmp/forward_so_blob507536.so: undefined symbol: AOTInductorModelContainerCreateWithDevice [method.cpp:128] Init failed for backend CudaBackend: 0x1
logical_and.out	w55:719	SKIP	client RuntimeError: Failed to load method forward, error: 0x:1 | [platform.cpp:141] Failed loading symbol AOTInductorModelContainerCreateWithDevice with error /tmp/forward_so_blob519978.so: undefined symbol: AOTInductorModelContainerCreateWithDevice [method.cpp:128] Init failed for backend CudaBackend: 0x1
logical_not.out	w66:225	SKIP	client RuntimeError: Failed to load method forward, error: 0x:1 | [platform.cpp:141] Failed loading symbol AOTInductorModelContainerCreateWithDevice with error /tmp/forward_so_blob533262.so: undefined symbol: AOTInductorModelContainerCreateWithDevice [method.cpp:128] Init failed for backend CudaBackend: 0x1
logical_or.out	w46:223	SKIP	client RuntimeError: Failed to load method forward, error: 0x:1 | [platform.cpp:141] Failed loading symbol AOTInductorModelContainerCreateWithDevice with error /tmp/forward_so_blob504282.so: undefined symbol: AOTInductorModelContainerCreateWithDevice [method.cpp:128] Init failed for backend CudaBackend: 0x1
logical_xor	w121:346	SKIP	client RuntimeError: Failed to load method forward, error: 0x:1 | [platform.cpp:141] Failed loading symbol AOTInductorModelContainerCreateWithDevice with error /tmp/forward_so_blob448475.so: undefined symbol: AOTInductorModelContainerCreateWithDevice [method.cpp:128] Init failed for backend CudaBackend: 0x1
logical_xor.out	w15:669	CRASH	executor died (native abort)
logical_xor.out	w48:629	SKIP	client RuntimeError: Failed to load method forward, error: 0x:1 | [platform.cpp:141] Failed loading symbol AOTInductorModelContainerCreateWithDevice with error /tmp/forward_so_blob507536.so: undefined symbol: AOTInductorModelContainerCreateWithDevice [method.cpp:128] Init failed for backend CudaBackend: 0x1
logical_xor.out	w53:711	SKIP	client RuntimeError: Failed to load method forward, error: 0x:1 | [platform.cpp:141] Failed loading symbol AOTInductorModelContainerCreateWithDevice with error /tmp/forward_so_blob517073.so: undefined symbol: AOTInductorModelContainerCreateWithDevice [method.cpp:128] Init failed for backend CudaBackend: 0x1
logical_xor.out	w72:746	CRASH	executor died (native abort)
logical_xor.out	w82:568	CRASH	executor died (native abort)
logit.out	w3:324	MISMATCH	out[0] non-finite mismatch (nan/inf positions differ)
lt.Tensor_out	w100:104	SKIP	client RuntimeError: Failed to load method forward, error: 0x:1 | [method.cpp:128] Init failed for backend CudaBackend: 0x1
max.dim_max	w108:203	MISMATCH	out[0] shape (1, 1, 1) vs (0, 0, 0, 0, 0)
max.dim_max	w10:66	MISMATCH	out[0] shape (1, 1) vs (0, 0, 0, 0)
max.dim_max	w111:188	MISMATCH	out[0] shape (1, 1, 1, 1) vs (0, 0, 0, 0, 0)
max.dim_max	w115:395	MISMATCH	out[0] shape (1,) vs (0, 0, 0, 0, 0)
max.dim_max	w116:177	MISMATCH	out[0] shape (1, 1, 1) vs (0, 0, 0, 0, 0)
max.dim_max	w117:616	MISMATCH	out[0] shape () vs (0, 0, 0, 0, 0)
max.dim_max	w125:158	MISMATCH	out[0] shape () vs (0, 0, 0, 0, 0)
max.dim_max	w125:389	MISMATCH	out[0] shape () vs (0, 0, 0, 0, 0)
max.dim_max	w127:304	MISMATCH	out[0] shape (1, 1, 1, 1) vs (0, 0, 0, 0, 0)
max.dim_max	w13:16	MISMATCH	out[0] shape (1, 1, 1) vs (0, 0, 0, 0, 0)
max.dim_max	w20:223	MISMATCH	out[0] shape (1, 1, 1) vs (0, 0, 0, 0, 0)
max.dim_max	w26:286	MISMATCH	out[0] shape (1,) vs (0, 0, 0, 0, 0)
max.dim_max	w28:55	MISMATCH	out[0] shape (1,) vs (0, 0, 0, 0, 0)
max.dim_max	w28:748	MISMATCH	out[0] shape (1,) vs (0, 0, 0, 0, 0)
max.dim_max	w29:491	MISMATCH	out[0] shape (1, 1, 1, 1) vs (0, 0, 0, 0)
max.dim_max	w2:303	MISMATCH	out[0] shape (1,) vs (0, 0, 0, 0, 0)
max.dim_max	w31:99	MISMATCH	out[0] shape (1, 1) vs (0, 0, 0, 0, 0)
max.dim_max	w36:407	MISMATCH	out[0] shape (1, 1) vs (0, 0, 0)
max.dim_max	w37:376	MISMATCH	out[0] shape () vs (0, 0, 0, 0)
max.dim_max	w42:62	MISMATCH	out[0] shape () vs (0, 0, 0)
max.dim_max	w44:444	MISMATCH	out[0] shape (1,) vs (0, 0, 0, 0, 0)
max.dim_max	w48:344	MISMATCH	out[0] shape (1, 1) vs (0, 0, 0, 0, 0)
max.dim_max	w52:159	MISMATCH	out[0] shape (1, 1, 1) vs (0, 0, 0, 0)
max.dim_max	w56:649	MISMATCH	out[0] shape (1, 1, 1, 1, 1) vs (0, 0, 0, 0, 0)
max.dim_max	w59:458	MISMATCH	out[0] shape () vs (0, 0, 0, 0, 0)
max.dim_max	w66:71	MISMATCH	out[0] shape (1, 1, 1) vs (0, 0, 0, 0, 0)
max.dim_max	w73:155	MISMATCH	out[0] shape (1, 1) vs (0, 0)
max.dim_max	w73:386	MISMATCH	out[0] shape (1, 1, 1) vs (0, 0, 0, 0, 0)
max.dim_max	w76:771	MISMATCH	out[0] shape (1, 1) vs (0, 0, 0, 0, 0)
max.dim_max	w82:514	MISMATCH	out[0] shape (1, 1) vs (0, 0, 0)
max.dim_max	w84:32	MISMATCH	out[0] shape (1, 1, 1) vs (0, 0, 0, 0, 0)
max.dim_max	w88:273	MISMATCH	out[0] shape (1,) vs (0, 0, 0, 0, 0)
max.dim_max	w95:156	MISMATCH	out[0] shape () vs (0, 0, 0, 0)
max.dim_max	w97:581	MISMATCH	out[0] shape (1, 1, 1) vs (0, 0, 0, 0)
max.dim_max	w9:235	MISMATCH	out[0] shape (1, 1, 1, 1, 1) vs (0, 0, 0, 0, 0)
max_pool2d_with_indices_backward.grad_input	w0:625	CRASH	executor died (native abort)
max_pool2d_with_indices_backward.grad_input	w100:200	CRASH	executor died (native abort)
max_pool2d_with_indices_backward.grad_input	w100:431	SKIP	client RuntimeError: method->execute() failed with error 0x1 | /tmp/torchinductor_jwen929/ys/cysza6vulpqpea7pjvp5rmm4qvhb2qsy7k2ly3k6bacrl7qclmvr.py:27: unknown: block: [0,0,0], thread: [2,0,0] Assertion `index out of bounds: 0 <= tmp0 < 12` failed. /tmp/torchinductor_jwen929/ys/cysza6vulpqpea7pjvp5rmm4qvhb2qsy7k2ly3k6bacrl7qclmvr.py:27: unknown: block: [0,0,0], thread: [6,0,0] Assertion `index out of bounds: 0 <= tmp0 < 12` failed. /tmp/torchinductor_jwen929/ys/cysza6vulpqpea7pjvp5rmm4qvhb2qsy7k2ly3k6bacrl7qclmvr.py:27: unknown: block: [0,0,0], thread: [7,0,0] Assertion `index out of bounds: 0 <= tmp0 < 12` failed. /tmp/torchinductor_jwen929/ys/cysza6vulpqpea7pjvp5rmm4qvhb2qsy7k2ly3k6bacrl7qclmvr.py:27: unknown: block: [0,0,0], thread: [18,0,0] Assertion `index out of bounds: 0 <= tmp0 < 12` failed. /tmp/torchinductor_jwen929/ys/cysza6vulpqpea7pjvp5rmm4qvhb2qsy7k2ly3k6bacrl7qclmvr.py:27: unknown: block: [0,0,0], thread: [22,0,0] Assertion `index out of bounds: 0 <= tmp0 < 12` failed. /tmp/torchinductor_jwen929/ys/cysza6vulpqpea7pjvp5rmm4qvhb2qsy7k2ly3k6bacrl7qclmvr.py:27: unknown: block: [0,0,0], thread: [23,0,0] Assertion `index out of bounds: 0 <= tmp0 < 12` failed. [cuda_allocator.cpp:231] cudaFreeAsync failed: device-side assert triggered (ptr=0x320000000, device -1) [cuda_allocator.cpp:231] cudaFreeAsync failed: device-side assert triggered (ptr=0x320000a00, device -1) [cuda_allocator.cpp:231] cudaFreeAsync failed: device-side assert triggered (ptr=0x320000600, device -1) [cuda_allocator.cpp:231] cudaFreeAsync failed: device-side assert triggered (ptr=0x320000200, device -1) Error: CUDA driver error: device-side assert triggered [cuda_allocator.cpp:231] cudaFreeAsync failed: device-side assert triggered (ptr=0x320000800, device -1) [method.cpp:1525] CALL_DELEGATE execute failed at instruction 0: 0x1
max_pool2d_with_indices_backward.grad_input	w101:142	CRASH	executor died (native abort)
max_pool2d_with_indices_backward.grad_input	w102:137	CRASH	executor died (native abort)
max_pool2d_with_indices_backward.grad_input	w102:368	CRASH	executor died (native abort)
max_pool2d_with_indices_backward.grad_input	w102:599	CRASH	executor died (native abort)
max_pool2d_with_indices_backward.grad_input	w103:162	SKIP	client RuntimeError: method->execute() failed with error 0x1 | /tmp/torchinductor_jwen929/zp/czppvn6nehjkyq6djx5spoybt6dl25a5i7ys5uu6d45mo52b2yk4.py:27: unknown: block: [0,0,0], thread: [0,0,0] Assertion `index out of bounds: 0 <= tmp0 < 4` failed. /tmp/torchinductor_jwen929/zp/czppvn6nehjkyq6djx5spoybt6dl25a5i7ys5uu6d45mo52b2yk4.py:27: unknown: block: [0,0,0], thread: [1,0,0] Assertion `index out of bounds: 0 <= tmp0 < 4` failed. /tmp/torchinductor_jwen929/zp/czppvn6nehjkyq6djx5spoybt6dl25a5i7ys5uu6d45mo52b2yk4.py:27: unknown: block: [0,0,0], thread: [2,0,0] Assertion `index out of bounds: 0 <= tmp0 < 4` failed. /tmp/torchinductor_jwen929/zp/czppvn6nehjkyq6djx5spoybt6dl25a5i7ys5uu6d45mo52b2yk4.py:27: unknown: block: [0,0,0], thread: [4,0,0] Assertion `index out of bounds: 0 <= tmp0 < 4` failed. /tmp/torchinductor_jwen929/zp/czppvn6nehjkyq6djx5spoybt6dl25a5i7ys5uu6d45mo52b2yk4.py:27: unknown: block: [0,0,0], thread: [5,0,0] Assertion `index out of bounds: 0 <= tmp0 < 4` failed. /tmp/torchinductor_jwen929/zp/czppvn6nehjkyq6djx5spoybt6dl25a5i7ys5uu6d45mo52b2yk4.py:27: unknown: block: [0,0,0], thread: [6,0,0] Assertion `index out of bounds: 0 <= tmp0 < 4` failed. /tmp/torchinductor_jwen929/zp/czppvn6nehjkyq6djx5spoybt6dl25a5i7ys5uu6d45mo52b2yk4.py:27: unknown: block: [0,0,0], thread: [10,0,0] Assertion `index out of bounds: 0 <= tmp0 < 4` failed. /tmp/torchinductor_jwen929/zp/czppvn6nehjkyq6djx5spoybt6dl25a5i7ys5uu6d45mo52b2yk4.py:27: unknown: block: [0,0,0], thread: [11,0,0] Assertion `index out of bounds: 0 <= tmp0 < 4` failed. /tmp/torchinductor_jwen929/zp/czppvn6nehjkyq6djx5spoybt6dl25a5i7ys5uu6d45mo52b2yk4.py:27: unknown: block: [0,0,0], thread: [16,0,0] Assertion `index out of bounds: 0 <= tmp0 < 4` failed. /tmp/torchinductor_jwen929/zp/czppvn6nehjkyq6djx5spoybt6dl25a5i7ys5uu6d45mo52b2yk4.py:27: unknown: block: [0,0,0], thread: [17,0,0] Assertion `index out of bounds: 0 <= tmp0 < 4` failed. /tmp/torchinductor_jwen929/zp/czppvn6nehjkyq6djx5spoybt6dl25a5i7ys5uu6d45mo52b2yk4.py:27: unknown: block: [0,0,0], thread: [18,0,0] Assertion `index out of bounds: 0 <= tmp0 < 4` failed. /tmp/torchinductor_jwen929/zp/czppvn6nehjkyq6djx5spoybt6dl25a5i7ys5uu6d45mo52b2yk4.py:27: unknown: block: [0,0,0], thread: [20,0,0] Assertion `index out of bounds: 0 <= tmp0 < 4` failed. /tmp/torchinductor_jwen929/zp/czppvn6nehjkyq6djx5spoybt6dl25a5i7ys5uu6d45mo52b2yk4.py:27: unknown: block: [0,0,0], thread: [21,0,0] Assertion `index out of bounds: 0 <= tmp0 < 4` failed. /tmp/torchinductor_jwen929/zp/czppvn6nehjkyq6djx5spoybt6dl25a5i7ys5uu6d45mo52b2yk4.py:27: unknown: block: [0,0,0], thread: [22,0,0] Assertion `index out of bounds: 0 <= tmp0 < 4` failed. /tmp/torchinductor_jwen929/zp/czppvn6nehjkyq6djx5spoybt6dl25a5i7ys5uu6d45mo52b2yk4.py:27: unknown: block: [0,0,0], thread: [26,0,0] Assertion `index out of bounds: 0 <= tmp0 < 4` failed. /tmp/torchinductor_jwen929/zp/czppvn6nehjkyq6djx5spoybt6dl25a5i7ys5uu6d45mo52b2yk4.py:27: unknown: block: [0,0,0], thread: [27,0,0] Assertion `index out of bounds: 0 <= tmp0 < 4` failed. [cuda_allocator.cpp:231] cudaFreeAsync failed: device-side assert triggered (ptr=0x320000000, device -1) [cuda_allocator.cpp:231] cudaFreeAsync failed: device-side assert triggered (ptr=0x320000a00, device -1) [cuda_allocator.cpp:231] cudaFreeAsync failed: device-side assert triggered (ptr=0x320000600, device -1) [cuda_allocator.cpp:231] cudaFreeAsync failed: device-side assert triggered (ptr=0x320000200, device -1) Error: CUDA driver error: device-side assert triggered [cuda_allocator.cpp:231] cudaFreeAsync failed: device-side assert triggered (ptr=0x320000800, device -1) [method.cpp:1525] CALL_DELEGATE execute failed at instruction 0: 0x1
max_pool2d_with_indices_backward.grad_input	w103:393	CRASH	executor died (native abort)
max_pool2d_with_indices_backward.grad_input	w104:627	CRASH	executor died (native abort)
max_pool2d_with_indices_backward.grad_input	w105:217	CRASH	executor died (native abort)
max_pool2d_with_indices_backward.grad_input	w105:679	CRASH	executor died (native abort)
max_pool2d_with_indices_backward.grad_input	w106:133	CRASH	executor died (native abort)
max_pool2d_with_indices_backward.grad_input	w107:172	CRASH	executor died (native abort)
max_pool2d_with_indices_backward.grad_input	w107:634	CRASH	executor died (native abort)
max_pool2d_with_indices_backward.grad_input	w108:234	SKIP	client RuntimeError: method->execute() failed with error 0x1 | /tmp/torchinductor_jwen929/cu/ccu7t6k2vihyb7dvnvexjd7yu3bcxar2ojogbxxfnkcsguhszxy4.py:27: unknown: block: [0,0,0], thread: [0,0,0] Assertion `index out of bounds: 0 <= tmp0 < 6` failed. /tmp/torchinductor_jwen929/cu/ccu7t6k2vihyb7dvnvexjd7yu3bcxar2ojogbxxfnkcsguhszxy4.py:27: unknown: block: [0,0,0], thread: [1,0,0] Assertion `index out of bounds: 0 <= tmp0 < 6` failed. /tmp/torchinductor_jwen929/cu/ccu7t6k2vihyb7dvnvexjd7yu3bcxar2ojogbxxfnkcsguhszxy4.py:27: unknown: block: [0,0,0], thread: [8,0,0] Assertion `index out of bounds: 0 <= tmp0 < 6` failed. /tmp/torchinductor_jwen929/cu/ccu7t6k2vihyb7dvnvexjd7yu3bcxar2ojogbxxfnkcsguhszxy4.py:27: unknown: block: [0,0,0], thread: [9,0,0] Assertion `index out of bounds: 0 <= tmp0 < 6` failed. /tmp/torchinductor_jwen929/cu/ccu7t6k2vihyb7dvnvexjd7yu3bcxar2ojogbxxfnkcsguhszxy4.py:27: unknown: block: [0,0,0], thread: [16,0,0] Assertion `index out of bounds: 0 <= tmp0 < 6` failed. /tmp/torchinductor_jwen929/cu/ccu7t6k2vihyb7dvnvexjd7yu3bcxar2ojogbxxfnkcsguhszxy4.py:27: unknown: block: [0,0,0], thread: [17,0,0] Assertion `index out of bounds: 0 <= tmp0 < 6` failed. /tmp/torchinductor_jwen929/cu/ccu7t6k2vihyb7dvnvexjd7yu3bcxar2ojogbxxfnkcsguhszxy4.py:27: unknown: block: [0,0,0], thread: [24,0,0] Assertion `index out of bounds: 0 <= tmp0 < 6` failed. /tmp/torchinductor_jwen929/cu/ccu7t6k2vihyb7dvnvexjd7yu3bcxar2ojogbxxfnkcsguhszxy4.py:27: unknown: block: [0,0,0], thread: [25,0,0] Assertion `index out of bounds: 0 <= tmp0 < 6` failed. [cuda_allocator.cpp:231] cudaFreeAsync failed: device-side assert triggered (ptr=0x320000000, device -1) [cuda_allocator.cpp:231] cudaFreeAsync failed: device-side assert triggered (ptr=0x320000a00, device -1) [cuda_allocator.cpp:231] cudaFreeAsync failed: device-side assert triggered (ptr=0x320000600, device -1) [cuda_allocator.cpp:231] cudaFreeAsync failed: device-side assert triggered (ptr=0x320000200, device -1) Error: CUDA driver error: device-side assert triggered [cuda_allocator.cpp:231] cudaFreeAsync failed: device-side assert triggered (ptr=0x320000800, device -1) [method.cpp:1525] CALL_DELEGATE execute failed at instruction 0: 0x1
max_pool2d_with_indices_backward.grad_input	w108:465	CRASH	executor died (native abort)
max_pool2d_with_indices_backward.grad_input	w109:16	CRASH	executor died (native abort)
max_pool2d_with_indices_backward.grad_input	w109:247	CRASH	executor died (native abort)
max_pool2d_with_indices_backward.grad_input	w109:478	CRASH	executor died (native abort)
max_pool2d_with_indices_backward.grad_input	w109:709	CRASH	executor died (native abort)
max_pool2d_with_indices_backward.grad_input	w10:328	CRASH	executor died (native abort)
max_pool2d_with_indices_backward.grad_input	w10:559	CRASH	executor died (native abort)
max_pool2d_with_indices_backward.grad_input	w10:97	SKIP	client RuntimeError: method->execute() failed with error 0x1 | /tmp/torchinductor_jwen929/cu/ccu7t6k2vihyb7dvnvexjd7yu3bcxar2ojogbxxfnkcsguhszxy4.py:27: unknown: block: [0,0,0], thread: [0,0,0] Assertion `index out of bounds: 0 <= tmp0 < 6` failed. /tmp/torchinductor_jwen929/cu/ccu7t6k2vihyb7dvnvexjd7yu3bcxar2ojogbxxfnkcsguhszxy4.py:27: unknown: block: [0,0,0], thread: [1,0,0] Assertion `index out of bounds: 0 <= tmp0 < 6` failed. /tmp/torchinductor_jwen929/cu/ccu7t6k2vihyb7dvnvexjd7yu3bcxar2ojogbxxfnkcsguhszxy4.py:27: unknown: block: [0,0,0], thread: [8,0,0] Assertion `index out of bounds: 0 <= tmp0 < 6` failed. /tmp/torchinductor_jwen929/cu/ccu7t6k2vihyb7dvnvexjd7yu3bcxar2ojogbxxfnkcsguhszxy4.py:27: unknown: block: [0,0,0], thread: [9,0,0] Assertion `index out of bounds: 0 <= tmp0 < 6` failed. /tmp/torchinductor_jwen929/cu/ccu7t6k2vihyb7dvnvexjd7yu3bcxar2ojogbxxfnkcsguhszxy4.py:27: unknown: block: [0,0,0], thread: [16,0,0] Assertion `index out of bounds: 0 <= tmp0 < 6` failed. /tmp/torchinductor_jwen929/cu/ccu7t6k2vihyb7dvnvexjd7yu3bcxar2ojogbxxfnkcsguhszxy4.py:27: unknown: block: [0,0,0], thread: [17,0,0] Assertion `index out of bounds: 0 <= tmp0 < 6` failed. /tmp/torchinductor_jwen929/cu/ccu7t6k2vihyb7dvnvexjd7yu3bcxar2ojogbxxfnkcsguhszxy4.py:27: unknown: block: [0,0,0], thread: [24,0,0] Assertion `index out of bounds: 0 <= tmp0 < 6` failed. /tmp/torchinductor_jwen929/cu/ccu7t6k2vihyb7dvnvexjd7yu3bcxar2ojogbxxfnkcsguhszxy4.py:27: unknown: block: [0,0,0], thread: [25,0,0] Assertion `index out of bounds: 0 <= tmp0 < 6` failed. [cuda_allocator.cpp:231] cudaFreeAsync failed: device-side assert triggered (ptr=0x320000000, device -1) [cuda_allocator.cpp:231] cudaFreeAsync failed: device-side assert triggered (ptr=0x320000a00, device -1) [cuda_allocator.cpp:231] cudaFreeAsync failed: device-side assert triggered (ptr=0x320000600, device -1) [cuda_allocator.cpp:231] cudaFreeAsync failed: device-side assert triggered (ptr=0x320000200, device -1) Error: CUDA driver error: device-side assert triggered [cuda_allocator.cpp:231] cudaFreeAsync failed: device-side assert triggered (ptr=0x320000800, device -1) [method.cpp:1525] CALL_DELEGATE execute failed at instruction 0: 0x1
max_pool2d_with_indices_backward.grad_input	w110:231	CRASH	executor died (native abort)
max_pool2d_with_indices_backward.grad_input	w110:462	SKIP	client RuntimeError: method->execute() failed with error 0x1 | /tmp/torchinductor_jwen929/6t/c6tmzh73qfnewtu6xpqhw6mw53slfwrnaz3t477t2y3cox6zsykb.py:27: unknown: block: [0,0,0], thread: [0,0,0] Assertion `index out of bounds: 0 <= tmp0 < 2` failed. /tmp/torchinductor_jwen929/6t/c6tmzh73qfnewtu6xpqhw6mw53slfwrnaz3t477t2y3cox6zsykb.py:27: unknown: block: [0,0,0], thread: [1,0,0] Assertion `index out of bounds: 0 <= tmp0 < 2` failed. /tmp/torchinductor_jwen929/6t/c6tmzh73qfnewtu6xpqhw6mw53slfwrnaz3t477t2y3cox6zsykb.py:27: unknown: block: [0,0,0], thread: [2,0,0] Assertion `index out of bounds: 0 <= tmp0 < 2` failed. /tmp/torchinductor_jwen929/6t/c6tmzh73qfnewtu6xpqhw6mw53slfwrnaz3t477t2y3cox6zsykb.py:27: unknown: block: [0,0,0], thread: [3,0,0] Assertion `index out of bounds: 0 <= tmp0 < 2` failed. /tmp/torchinductor_jwen929/6t/c6tmzh73qfnewtu6xpqhw6mw53slfwrnaz3t477t2y3cox6zsykb.py:27: unknown: block: [0,0,0], thread: [4,0,0] Assertion `index out of bounds: 0 <= tmp0 < 2` failed. /tmp/torchinductor_jwen929/6t/c6tmzh73qfnewtu6xpqhw6mw53slfwrnaz3t477t2y3cox6zsykb.py:27: unknown: block: [0,0,0], thread: [5,0,0] Assertion `index out of bounds: 0 <= tmp0 < 2` failed. /tmp/torchinductor_jwen929/6t/c6tmzh73qfnewtu6xpqhw6mw53slfwrnaz3t477t2y3cox6zsykb.py:27: unknown: block: [0,0,0], thread: [6,0,0] Assertion `index out of bounds: 0 <= tmp0 < 2` failed. /tmp/torchinductor_jwen929/6t/c6tmzh73qfnewtu6xpqhw6mw53slfwrnaz3t477t2y3cox6zsykb.py:27: unknown: block: [0,0,0], thread: [7,0,0] Assertion `index out of bounds: 0 <= tmp0 < 2` failed. /tmp/torchinductor_jwen929/6t/c6tmzh73qfnewtu6xpqhw6mw53slfwrnaz3t477t2y3cox6zsykb.py:27: unknown: block: [0,0,0], thread: [8,0,0] Assertion `index out of bounds: 0 <= tmp0 < 2` failed. /tmp/torchinductor_jwen929/6t/c6tmzh73qfnewtu6xpqhw6mw53slfwrnaz3t477t2y3cox6zsykb.py:27: unknown: block: [0,0,0], thread: [9,0,0] Assertion `index out of bounds: 0 <= tmp0 < 2` failed. /tmp/torchinductor_jwen929/6t/c6tmzh73qfnewtu6xpqhw6mw53slfwrnaz3t477t2y3cox6zsykb.py:27: unknown: block: [0,0,0], thread: [10,0,0] Assertion `index out of bounds: 0 <= tmp0 < 2` failed. /tmp/torchinductor_jwen929/6t/c6tmzh73qfnewtu6xpqhw6mw53slfwrnaz3t477t2y3cox6zsykb.py:27: unknown: block: [0,0,0], thread: [12,0,0] Assertion `index out of bounds: 0 <= tmp0 < 2` failed. /tmp/torchinductor_jwen929/6t/c6tmzh73qfnewtu6xpqhw6mw53slfwrnaz3t477t2y3cox6zsykb.py:27: unknown: block: [0,0,0], thread: [13,0,0] Assertion `index out of bounds: 0 <= tmp0 < 2` failed. /tmp/torchinductor_jwen929/6t/c6tmzh73qfnewtu6xpqhw6mw53slfwrnaz3t477t2y3cox6zsykb.py:27: unknown: block: [0,0,0], thread: [14,0,0] Assertion `index out of bounds: 0 <= tmp0 < 2` failed. /tmp/torchinductor_jwen929/6t/c6tmzh73qfnewtu6xpqhw6mw53slfwrnaz3t477t2y3cox6zsykb.py:27: unknown: block: [0,0,0], thread: [15,0,0] Assertion `index out of bounds: 0 <= tmp0 < 2` failed. /tmp/torchinductor_jwen929/6t/c6tmzh73qfnewtu6xpqhw6mw53slfwrnaz3t477t2y3cox6zsykb.py:27: unknown: block: [0,0,0], thread: [16,0,0] Assertion `index out of bounds: 0 <= tmp0 < 2` failed. /tmp/torchinductor_jwen929/6t/c6tmzh73qfnewtu6xpqhw6mw53slfwrnaz3t477t2y3cox6zsykb.py:27: unknown: block: [0,0,0], thread: [17,0,0] Assertion `index out of bounds: 0 <= tmp0 < 2` failed. /tmp/torchinductor_jwen929/6t/c6tmzh73qfnewtu6xpqhw6mw53slfwrnaz3t477t2y3cox6zsykb.py:27: unknown: block: [0,0,0], thread: [18,0,0] Assertion `index out of bounds: 0 <= tmp0 < 2` failed. /tmp/torchinductor_jwen929/6t/c6tmzh73qfnewtu6xpqhw6mw53slfwrnaz3t477t2y3cox6zsykb.py:27: unknown: block: [0,0,0], thread: [19,0,0] Assertion `index out of bounds: 0 <= tmp0 < 2` failed. /tmp/torchinductor_jwen929/6t/c6tmzh73qfnewtu6xpqhw6mw53slfwrnaz3t477t2y3cox6zsykb.py:27: unknown: block: [0,0,0], thread: [20,0,0] Assertion `index out of bounds: 0 <= tmp0 < 2` failed. /tmp/torchinductor_jwen929/6t/c6tmzh73qfnewtu6xpqhw6mw53slfwrnaz3t477t2y3cox6zsykb.py:27: unknown: block: [0,0,0], thread: [21,0,0] Assertion `index out of bounds: 0 <= tmp0 < 2` failed. /tmp/torchinductor_jwen929/6t/c6tmzh73qfnewtu6xpqhw6mw53slfwrnaz3t477t2y3cox6zsykb.py:27: unknown: block: [0,0,0], thread: [22,0,0] Assertion `index out of bounds: 0 <= tmp0 < 2` failed. /tmp/torchinductor_jwen929/6t/c6tmzh73qfnewtu6xpqhw6mw53slfwrnaz3t477t2y3cox6zsykb.py:27: unknown: block: [0,0,0], thread: [23,0,0] Assertion `index out of bounds: 0 <= tmp0 < 2` failed. /tmp/torchinductor_jwen929/6t/c6tmzh73qfnewtu6xpqhw6mw53slfwrnaz3t477t2y3cox6zsykb.py:27: unknown: block: [0,0,0], thread: [24,0,0] Assertion `index out of bounds: 0 <= tmp0 < 2` failed. /tmp/torchinductor_jwen929/6t/c6tmzh73qfnewtu6xpqhw6mw53slfwrnaz3t477t2y3cox6zsykb.py:27: unknown: block: [0,0,0], thread: [25,0,0] Assertion `index out of bounds: 0 <= tmp0 < 2` failed. /tmp/torchinductor_jwen929/6t/c6tmzh73qfnewtu6xpqhw6mw53slfwrnaz3t477t2y3cox6zsykb.py:27: unknown: block: [0,0,0], thread: [26,0,0] Assertion `index out of bounds: 0 <= tmp0 < 2` failed. /tmp/torchinductor_jwen929/6t/c6tmzh73qfnewtu6xpqhw6mw53slfwrnaz3t477t2y3cox6zsykb.py:27: unknown: block: [0,0,0], thread: [28,0,0] Assertion `index out of bounds: 0 <= tmp0 < 2` failed. /tmp/torchinductor_jwen929/6t/c6tmzh73qfnewtu6xpqhw6mw53slfwrnaz3t477t2y3cox6zsykb.py:27: unknown: block: [0,0,0], thread: [29,0,0] Assertion `index out of bounds: 0 <= tmp0 < 2` failed. /tmp/torchinductor_jwen929/6t/c6tmzh73qfnewtu6xpqhw6mw53slfwrnaz3t477t2y3cox6zsykb.py:27: unknown: block: [0,0,0], thread: [30,0,0] Assertion `index out of bounds: 0 <= tmp0 < 2` failed. /tmp/torchinductor_jwen929/6t/c6tmzh73qfnewtu6xpqhw6mw53slfwrnaz3t477t2y3cox6zsykb.py:27: unknown: block: [0,0,0], thread: [31,0,0] Assertion `index out of bounds: 0 <= tmp0 < 2` failed. [cuda_allocator.cpp:231] cudaFreeAsync failed: device-side assert triggered (ptr=0x320000000, device -1) [cuda_allocator.cpp:231] cudaFreeAsync failed: device-side assert triggered (ptr=0x320000a00, device -1) [cuda_allocator.cpp:231] cudaFreeAsync failed: device-side assert triggered (ptr=0x320000600, device -1) [cuda_allocator.cpp:231] cudaFreeAsync failed: device-side assert triggered (ptr=0x320000200, device -1) Error: CUDA driver error: device-side assert triggered [cuda_allocator.cpp:231] cudaFreeAsync failed: device-side assert triggered (ptr=0x320000800, device -1) [method.cpp:1525] CALL_DELEGATE execute failed at instruction 0: 0x1
max_pool2d_with_indices_backward.grad_input	w110:693	CRASH	executor died (native abort)
max_pool2d_with_indices_backward.grad_input	w112:117	CRASH	executor died (native abort)
max_pool2d_with_indices_backward.grad_input	w113:140	CRASH	executor died (native abort)
max_pool2d_with_indices_backward.grad_input	w114:619	CRASH	executor died (native abort)
max_pool2d_with_indices_backward.grad_input	w115:426	CRASH	executor died (native abort)
max_pool2d_with_indices_backward.grad_input	w115:657	SKIP	client RuntimeError: method->execute() failed with error 0x1 | /tmp/torchinductor_jwen929/44/c44jxl6ky34smvqdqselpdfmmco3dtyvpjwndu4ixjgas2ahbiq7.py:27: unknown: block: [0,0,0], thread: [1,0,0] Assertion `index out of bounds: 0 <= tmp0 < 4` failed. /tmp/torchinductor_jwen929/44/c44jxl6ky34smvqdqselpdfmmco3dtyvpjwndu4ixjgas2ahbiq7.py:27: unknown: block: [0,0,0], thread: [2,0,0] Assertion `index out of bounds: 0 <= tmp0 < 4` failed. /tmp/torchinductor_jwen929/44/c44jxl6ky34smvqdqselpdfmmco3dtyvpjwndu4ixjgas2ahbiq7.py:27: unknown: block: [0,0,0], thread: [3,0,0] Assertion `index out of bounds: 0 <= tmp0 < 4` failed. /tmp/torchinductor_jwen929/44/c44jxl6ky34smvqdqselpdfmmco3dtyvpjwndu4ixjgas2ahbiq7.py:27: unknown: block: [0,0,0], thread: [4,0,0] Assertion `index out of bounds: 0 <= tmp0 < 4` failed. /tmp/torchinductor_jwen929/44/c44jxl6ky34smvqdqselpdfmmco3dtyvpjwndu4ixjgas2ahbiq7.py:27: unknown: block: [0,0,0], thread: [5,0,0] Assertion `index out of bounds: 0 <= tmp0 < 4` failed. /tmp/torchinductor_jwen929/44/c44jxl6ky34smvqdqselpdfmmco3dtyvpjwndu4ixjgas2ahbiq7.py:27: unknown: block: [0,0,0], thread: [6,0,0] Assertion `index out of bounds: 0 <= tmp0 < 4` failed. /tmp/torchinductor_jwen929/44/c44jxl6ky34smvqdqselpdfmmco3dtyvpjwndu4ixjgas2ahbiq7.py:27: unknown: block: [0,0,0], thread: [7,0,0] Assertion `index out of bounds: 0 <= tmp0 < 4` failed. /tmp/torchinductor_jwen929/44/c44jxl6ky34smvqdqselpdfmmco3dtyvpjwndu4ixjgas2ahbiq7.py:27: unknown: block: [0,0,0], thread: [9,0,0] Assertion `index out of bounds: 0 <= tmp0 < 4` failed. /tmp/torchinductor_jwen929/44/c44jxl6ky34smvqdqselpdfmmco3dtyvpjwndu4ixjgas2ahbiq7.py:27: unknown: block: [0,0,0], thread: [10,0,0] Assertion `index out of bounds: 0 <= tmp0 < 4` failed. /tmp/torchinductor_jwen929/44/c44jxl6ky34smvqdqselpdfmmco3dtyvpjwndu4ixjgas2ahbiq7.py:27: unknown: block: [0,0,0], thread: [11,0,0] Assertion `index out of bounds: 0 <= tmp0 < 4` failed. /tmp/torchinductor_jwen929/44/c44jxl6ky34smvqdqselpdfmmco3dtyvpjwndu4ixjgas2ahbiq7.py:27: unknown: block: [0,0,0], thread: [12,0,0] Assertion `index out of bounds: 0 <= tmp0 < 4` failed. /tmp/torchinductor_jwen929/44/c44jxl6ky34smvqdqselpdfmmco3dtyvpjwndu4ixjgas2ahbiq7.py:27: unknown: block: [0,0,0], thread: [13,0,0] Assertion `index out of bounds: 0 <= tmp0 < 4` failed. /tmp/torchinductor_jwen929/44/c44jxl6ky34smvqdqselpdfmmco3dtyvpjwndu4ixjgas2ahbiq7.py:27: unknown: block: [0,0,0], thread: [14,0,0] Assertion `index out of bounds: 0 <= tmp0 < 4` failed. /tmp/torchinductor_jwen929/44/c44jxl6ky34smvqdqselpdfmmco3dtyvpjwndu4ixjgas2ahbiq7.py:27: unknown: block: [0,0,0], thread: [15,0,0] Assertion `index out of bounds: 0 <= tmp0 < 4` failed. /tmp/torchinductor_jwen929/44/c44jxl6ky34smvqdqselpdfmmco3dtyvpjwndu4ixjgas2ahbiq7.py:27: unknown: block: [0,0,0], thread: [17,0,0] Assertion `index out of bounds: 0 <= tmp0 < 4` failed. /tmp/torchinductor_jwen929/44/c44jxl6ky34smvqdqselpdfmmco3dtyvpjwndu4ixjgas2ahbiq7.py:27: unknown: block: [0,0,0], thread: [18,0,0] Assertion `index out of bounds: 0 <= tmp0 < 4` failed. /tmp/torchinductor_jwen929/44/c44jxl6ky34smvqdqselpdfmmco3dtyvpjwndu4ixjgas2ahbiq7.py:27: unknown: block: [0,0,0], thread: [19,0,0] Assertion `index out of bounds: 0 <= tmp0 < 4` failed. /tmp/torchinductor_jwen929/44/c44jxl6ky34smvqdqselpdfmmco3dtyvpjwndu4ixjgas2ahbiq7.py:27: unknown: block: [0,0,0], thread: [20,0,0] Assertion `index out of bounds: 0 <= tmp0 < 4` failed. /tmp/torchinductor_jwen929/44/c44jxl6ky34smvqdqselpdfmmco3dtyvpjwndu4ixjgas2ahbiq7.py:27: unknown: block: [0,0,0], thread: [21,0,0] Assertion `index out of bounds: 0 <= tmp0 < 4` failed. /tmp/torchinductor_jwen929/44/c44jxl6ky34smvqdqselpdfmmco3dtyvpjwndu4ixjgas2ahbiq7.py:27: unknown: block: [0,0,0], thread: [22,0,0] Assertion `index out of bounds: 0 <= tmp0 < 4` failed. /tmp/torchinductor_jwen929/44/c44jxl6ky34smvqdqselpdfmmco3dtyvpjwndu4ixjgas2ahbiq7.py:27: unknown: block: [0,0,0], thread: [23,0,0] Assertion `index out of bounds: 0 <= tmp0 < 4` failed. /tmp/torchinductor_jwen929/44/c44jxl6ky34smvqdqselpdfmmco3dtyvpjwndu4ixjgas2ahbiq7.py:27: unknown: block: [0,0,0], thread: [25,0,0] Assertion `index out of bounds: 0 <= tmp0 < 4` failed. /tmp/torchinductor_jwen929/44/c44jxl6ky34smvqdqselpdfmmco3dtyvpjwndu4ixjgas2ahbiq7.py:27: unknown: block: [0,0,0], thread: [26,0,0] Assertion `index out of bounds: 0 <= tmp0 < 4` failed. /tmp/torchinductor_jwen929/44/c44jxl6ky34smvqdqselpdfmmco3dtyvpjwndu4ixjgas2ahbiq7.py:27: unknown: block: [0,0,0], thread: [27,0,0] Assertion `index out of bounds: 0 <= tmp0 < 4` failed. /tmp/torchinductor_jwen929/44/c44jxl6ky34smvqdqselpdfmmco3dtyvpjwndu4ixjgas2ahbiq7.py:27: unknown: block: [0,0,0], thread: [28,0,0] Assertion `index out of bounds: 0 <= tmp0 < 4` failed. /tmp/torchinductor_jwen929/44/c44jxl6ky34smvqdqselpdfmmco3dtyvpjwndu4ixjgas2ahbiq7.py:27: unknown: block: [0,0,0], thread: [29,0,0] Assertion `index out of bounds: 0 <= tmp0 < 4` failed. /tmp/torchinductor_jwen929/44/c44jxl6ky34smvqdqselpdfmmco3dtyvpjwndu4ixjgas2ahbiq7.py:27: unknown: block: [0,0,0], thread: [30,0,0] Assertion `index out of bounds: 0 <= tmp0 < 4` failed. /tmp/torchinductor_jwen929/44/c44jxl6ky34smvqdqselpdfmmco3dtyvpjwndu4ixjgas2ahbiq7.py:27: unknown: block: [0,0,0], thread: [31,0,0] Assertion `index out of bounds: 0 <= tmp0 < 4` failed. [cuda_allocator.cpp:231] cudaFreeAsync failed: device-side assert triggered (ptr=0x320000000, device -1) [cuda_allocator.cpp:231] cudaFreeAsync failed: device-side assert triggered (ptr=0x320000a00, device -1) [cuda_allocator.cpp:231] cudaFreeAsync failed: device-side assert triggered (ptr=0x320000600, device -1) [cuda_allocator.cpp:231] cudaFreeAsync failed: device-side assert triggered (ptr=0x320000200, device -1) Error: CUDA driver error: device-side assert triggered [cuda_allocator.cpp:231] cudaFreeAsync failed: device-side assert triggered (ptr=0x320000800, device -1) [method.cpp:1525] CALL_DELEGATE execute failed at instruction 0: 0x1
max_pool2d_with_indices_backward.grad_input	w116:670	CRASH	executor died (native abort)
max_pool2d_with_indices_backward.grad_input	w117:185	CRASH	executor died (native abort)
max_pool2d_with_indices_backward.grad_input	w118:142	CRASH	executor died (native abort)
max_pool2d_with_indices_backward.grad_input	w118:373	CRASH	executor died (native abort)
max_pool2d_with_indices_backward.grad_input	w119:391	SKIP	client RuntimeError: method->execute() failed with error 0x1 | /tmp/torchinductor_jwen929/sc/cscyfca2gmz2k5kd3ujhkhasanmrobpdw56mt6qfezucxxwicylx.py:27: unknown: block: [0,0,0], thread: [2,0,0] Assertion `index out of bounds: 0 <= tmp0 < 12` failed. /tmp/torchinductor_jwen929/sc/cscyfca2gmz2k5kd3ujhkhasanmrobpdw56mt6qfezucxxwicylx.py:27: unknown: block: [0,0,0], thread: [3,0,0] Assertion `index out of bounds: 0 <= tmp0 < 12` failed. /tmp/torchinductor_jwen929/sc/cscyfca2gmz2k5kd3ujhkhasanmrobpdw56mt6qfezucxxwicylx.py:27: unknown: block: [0,0,0], thread: [10,0,0] Assertion `index out of bounds: 0 <= tmp0 < 12` failed. /tmp/torchinductor_jwen929/sc/cscyfca2gmz2k5kd3ujhkhasanmrobpdw56mt6qfezucxxwicylx.py:27: unknown: block: [0,0,0], thread: [11,0,0] Assertion `index out of bounds: 0 <= tmp0 < 12` failed. /tmp/torchinductor_jwen929/sc/cscyfca2gmz2k5kd3ujhkhasanmrobpdw56mt6qfezucxxwicylx.py:27: unknown: block: [0,0,0], thread: [18,0,0] Assertion `index out of bounds: 0 <= tmp0 < 12` failed. /tmp/torchinductor_jwen929/sc/cscyfca2gmz2k5kd3ujhkhasanmrobpdw56mt6qfezucxxwicylx.py:27: unknown: block: [0,0,0], thread: [19,0,0] Assertion `index out of bounds: 0 <= tmp0 < 12` failed. /tmp/torchinductor_jwen929/sc/cscyfca2gmz2k5kd3ujhkhasanmrobpdw56mt6qfezucxxwicylx.py:27: unknown: block: [0,0,0], thread: [26,0,0] Assertion `index out of bounds: 0 <= tmp0 < 12` failed. /tmp/torchinductor_jwen929/sc/cscyfca2gmz2k5kd3ujhkhasanmrobpdw56mt6qfezucxxwicylx.py:27: unknown: block: [0,0,0], thread: [27,0,0] Assertion `index out of bounds: 0 <= tmp0 < 12` failed. [cuda_allocator.cpp:231] cudaFreeAsync failed: device-side assert triggered (ptr=0x320000000, device -1) [cuda_allocator.cpp:231] cudaFreeAsync failed: device-side assert triggered (ptr=0x320000a00, device -1) [cuda_allocator.cpp:231] cudaFreeAsync failed: device-side assert triggered (ptr=0x320000600, device -1) [cuda_allocator.cpp:231] cudaFreeAsync failed: device-side assert triggered (ptr=0x320000200, device -1) Error: CUDA driver error: device-side assert triggered [cuda_allocator.cpp:231] cudaFreeAsync failed: device-side assert triggered (ptr=0x320000800, device -1) [method.cpp:1525] CALL_DELEGATE execute failed at instruction 0: 0x1
max_pool2d_with_indices_backward.grad_input	w119:622	CRASH	executor died (native abort)
max_pool2d_with_indices_backward.grad_input	w11:239	SKIP	client RuntimeError: method->execute() failed with error 0x1 | /tmp/torchinductor_jwen929/hx/chxjarfswiijnwtu5nausvv2pzmsww2yvwvmqdcb6afcbdjlanue.py:27: unknown: block: [0,0,0], thread: [2,0,0] Assertion `index out of bounds: 0 <= tmp0 < 6` failed. /tmp/torchinductor_jwen929/hx/chxjarfswiijnwtu5nausvv2pzmsww2yvwvmqdcb6afcbdjlanue.py:27: unknown: block: [0,0,0], thread: [6,0,0] Assertion `index out of bounds: 0 <= tmp0 < 6` failed. /tmp/torchinductor_jwen929/hx/chxjarfswiijnwtu5nausvv2pzmsww2yvwvmqdcb6afcbdjlanue.py:27: unknown: block: [0,0,0], thread: [7,0,0] Assertion `index out of bounds: 0 <= tmp0 < 6` failed. /tmp/torchinductor_jwen929/hx/chxjarfswiijnwtu5nausvv2pzmsww2yvwvmqdcb6afcbdjlanue.py:27: unknown: block: [0,0,0], thread: [18,0,0] Assertion `index out of bounds: 0 <= tmp0 < 6` failed. /tmp/torchinductor_jwen929/hx/chxjarfswiijnwtu5nausvv2pzmsww2yvwvmqdcb6afcbdjlanue.py:27: unknown: block: [0,0,0], thread: [22,0,0] Assertion `index out of bounds: 0 <= tmp0 < 6` failed. /tmp/torchinductor_jwen929/hx/chxjarfswiijnwtu5nausvv2pzmsww2yvwvmqdcb6afcbdjlanue.py:27: unknown: block: [0,0,0], thread: [23,0,0] Assertion `index out of bounds: 0 <= tmp0 < 6` failed. [cuda_allocator.cpp:231] cudaFreeAsync failed: device-side assert triggered (ptr=0x320000000, device -1) [cuda_allocator.cpp:231] cudaFreeAsync failed: device-side assert triggered (ptr=0x320000a00, device -1) [cuda_allocator.cpp:231] cudaFreeAsync failed: device-side assert triggered (ptr=0x320000600, device -1) [cuda_allocator.cpp:231] cudaFreeAsync failed: device-side assert triggered (ptr=0x320000200, device -1) Error: CUDA driver error: device-side assert triggered [cuda_allocator.cpp:231] cudaFreeAsync failed: device-side assert triggered (ptr=0x320000800, device -1) [method.cpp:1525] CALL_DELEGATE execute failed at instruction 0: 0x1
max_pool2d_with_indices_backward.grad_input	w11:470	CRASH	executor died (native abort)
max_pool2d_with_indices_backward.grad_input	w120:212	CRASH	executor died (native abort)
max_pool2d_with_indices_backward.grad_input	w120:443	CRASH	executor died (native abort)
max_pool2d_with_indices_backward.grad_input	w121:293	SKIP	client RuntimeError: method->execute() failed with error 0x1 | /tmp/torchinductor_jwen929/3q/c3qosij26vspxdkilbgoosfm7vd6cupf6hkbrmklux6dqlmstduk.py:27: unknown: block: [0,0,0], thread: [5,0,0] Assertion `index out of bounds: 0 <= tmp0 < 9` failed. /tmp/torchinductor_jwen929/3q/c3qosij26vspxdkilbgoosfm7vd6cupf6hkbrmklux6dqlmstduk.py:27: unknown: block: [0,0,0], thread: [7,0,0] Assertion `index out of bounds: 0 <= tmp0 < 9` failed. /tmp/torchinductor_jwen929/3q/c3qosij26vspxdkilbgoosfm7vd6cupf6hkbrmklux6dqlmstduk.py:27: unknown: block: [0,0,0], thread: [13,0,0] Assertion `index out of bounds: 0 <= tmp0 < 9` failed. /tmp/torchinductor_jwen929/3q/c3qosij26vspxdkilbgoosfm7vd6cupf6hkbrmklux6dqlmstduk.py:27: unknown: block: [0,0,0], thread: [15,0,0] Assertion `index out of bounds: 0 <= tmp0 < 9` failed. /tmp/torchinductor_jwen929/3q/c3qosij26vspxdkilbgoosfm7vd6cupf6hkbrmklux6dqlmstduk.py:27: unknown: block: [0,0,0], thread: [21,0,0] Assertion `index out of bounds: 0 <= tmp0 < 9` failed. /tmp/torchinductor_jwen929/3q/c3qosij26vspxdkilbgoosfm7vd6cupf6hkbrmklux6dqlmstduk.py:27: unknown: block: [0,0,0], thread: [23,0,0] Assertion `index out of bounds: 0 <= tmp0 < 9` failed. /tmp/torchinductor_jwen929/3q/c3qosij26vspxdkilbgoosfm7vd6cupf6hkbrmklux6dqlmstduk.py:27: unknown: block: [0,0,0], thread: [29,0,0] Assertion `index out of bounds: 0 <= tmp0 < 9` failed. /tmp/torchinductor_jwen929/3q/c3qosij26vspxdkilbgoosfm7vd6cupf6hkbrmklux6dqlmstduk.py:27: unknown: block: [0,0,0], thread: [31,0,0] Assertion `index out of bounds: 0 <= tmp0 < 9` failed. [cuda_allocator.cpp:231] cudaFreeAsync failed: device-side assert triggered (ptr=0x320000000, device -1) [cuda_allocator.cpp:231] cudaFreeAsync failed: device-side assert triggered (ptr=0x320000a00, device -1) [cuda_allocator.cpp:231] cudaFreeAsync failed: device-side assert triggered (ptr=0x320000600, device -1) [cuda_allocator.cpp:231] cudaFreeAsync failed: device-side assert triggered (ptr=0x320000200, device -1) Error: CUDA driver error: device-side assert triggered [cuda_allocator.cpp:231] cudaFreeAsync failed: device-side assert triggered (ptr=0x320000800, device -1) [method.cpp:1525] CALL_DELEGATE execute failed at instruction 0: 0x1
max_pool2d_with_indices_backward.grad_input	w121:524	CRASH	executor died (native abort)
max_pool2d_with_indices_backward.grad_input	w121:755	CRASH	executor died (native abort)
max_pool2d_with_indices_backward.grad_input	w122:227	CRASH	executor died (native abort)
max_pool2d_with_indices_backward.grad_input	w122:689	SKIP	client RuntimeError: method->execute() failed with error 0x1 | /tmp/torchinductor_jwen929/lf/clf7uqvt44pybztoccgzzuljkqcksc7pltgwxwnk42ueun2cc4xy.py:26: unknown: block: [0,0,0], thread: [0,0,0] Assertion `index out of bounds: 0 <= tmp0 < 4` failed. /tmp/torchinductor_jwen929/lf/clf7uqvt44pybztoccgzzuljkqcksc7pltgwxwnk42ueun2cc4xy.py:26: unknown: block: [0,0,0], thread: [1,0,0] Assertion `index out of bounds: 0 <= tmp0 < 4` failed. /tmp/torchinductor_jwen929/lf/clf7uqvt44pybztoccgzzuljkqcksc7pltgwxwnk42ueun2cc4xy.py:26: unknown: block: [0,0,0], thread: [4,0,0] Assertion `index out of bounds: 0 <= tmp0 < 4` failed. /tmp/torchinductor_jwen929/lf/clf7uqvt44pybztoccgzzuljkqcksc7pltgwxwnk42ueun2cc4xy.py:26: unknown: block: [0,0,0], thread: [5,0,0] Assertion `index out of bounds: 0 <= tmp0 < 4` failed. /tmp/torchinductor_jwen929/lf/clf7uqvt44pybztoccgzzuljkqcksc7pltgwxwnk42ueun2cc4xy.py:26: unknown: block: [0,0,0], thread: [8,0,0] Assertion `index out of bounds: 0 <= tmp0 < 4` failed. /tmp/torchinductor_jwen929/lf/clf7uqvt44pybztoccgzzuljkqcksc7pltgwxwnk42ueun2cc4xy.py:26: unknown: block: [0,0,0], thread: [9,0,0] Assertion `index out of bounds: 0 <= tmp0 < 4` failed. /tmp/torchinductor_jwen929/lf/clf7uqvt44pybztoccgzzuljkqcksc7pltgwxwnk42ueun2cc4xy.py:26: unknown: block: [0,0,0], thread: [12,0,0] Assertion `index out of bounds: 0 <= tmp0 < 4` failed. /tmp/torchinductor_jwen929/lf/clf7uqvt44pybztoccgzzuljkqcksc7pltgwxwnk42ueun2cc4xy.py:26: unknown: block: [0,0,0], thread: [13,0,0] Assertion `index out of bounds: 0 <= tmp0 < 4` failed. /tmp/torchinductor_jwen929/lf/clf7uqvt44pybztoccgzzuljkqcksc7pltgwxwnk42ueun2cc4xy.py:26: unknown: block: [0,0,0], thread: [16,0,0] Assertion `index out of bounds: 0 <= tmp0 < 4` failed. /tmp/torchinductor_jwen929/lf/clf7uqvt44pybztoccgzzuljkqcksc7pltgwxwnk42ueun2cc4xy.py:26: unknown: block: [0,0,0], thread: [17,0,0] Assertion `index out of bounds: 0 <= tmp0 < 4` failed. /tmp/torchinductor_jwen929/lf/clf7uqvt44pybztoccgzzuljkqcksc7pltgwxwnk42ueun2cc4xy.py:26: unknown: block: [0,0,0], thread: [20,0,0] Assertion `index out of bounds: 0 <= tmp0 < 4` failed. /tmp/torchinductor_jwen929/lf/clf7uqvt44pybztoccgzzuljkqcksc7pltgwxwnk42ueun2cc4xy.py:26: unknown: block: [0,0,0], thread: [21,0,0] Assertion `index out of bounds: 0 <= tmp0 < 4` failed. /tmp/torchinductor_jwen929/lf/clf7uqvt44pybztoccgzzuljkqcksc7pltgwxwnk42ueun2cc4xy.py:26: unknown: block: [0,0,0], thread: [24,0,0] Assertion `index out of bounds: 0 <= tmp0 < 4` failed. /tmp/torchinductor_jwen929/lf/clf7uqvt44pybztoccgzzuljkqcksc7pltgwxwnk42ueun2cc4xy.py:26: unknown: block: [0,0,0], thread: [25,0,0] Assertion `index out of bounds: 0 <= tmp0 < 4` failed. /tmp/torchinductor_jwen929/lf/clf7uqvt44pybztoccgzzuljkqcksc7pltgwxwnk42ueun2cc4xy.py:26: unknown: block: [0,0,0], thread: [28,0,0] Assertion `index out of bounds: 0 <= tmp0 < 4` failed. /tmp/torchinductor_jwen929/lf/clf7uqvt44pybztoccgzzuljkqcksc7pltgwxwnk42ueun2cc4xy.py:26: unknown: block: [0,0,0], thread: [29,0,0] Assertion `index out of bounds: 0 <= tmp0 < 4` failed. [cuda_allocator.cpp:231] cudaFreeAsync failed: device-side assert triggered (ptr=0x320000000, device -1) [cuda_allocator.cpp:231] cudaFreeAsync failed: device-side assert triggered (ptr=0x320000a00, device -1) [cuda_allocator.cpp:231] cudaFreeAsync failed: device-side assert triggered (ptr=0x320000600, device -1) [cuda_allocator.cpp:231] cudaFreeAsync failed: device-side assert triggered (ptr=0x320000200, device -1) Error: CUDA driver error: device-side assert triggered [cuda_allocator.cpp:231] cudaFreeAsync failed: device-side assert triggered (ptr=0x320000800, device -1) [method.cpp:1525] CALL_DELEGATE execute failed at instruction 0: 0x1
max_pool2d_with_indices_backward.grad_input	w123:303	CRASH	executor died (native abort)
max_pool2d_with_indices_backward.grad_input	w123:765	CRASH	executor died (native abort)
max_pool2d_with_indices_backward.grad_input	w124:36	CRASH	executor died (native abort)
max_pool2d_with_indices_backward.grad_input	w125:420	CRASH	executor died (native abort)
max_pool2d_with_indices_backward.grad_input	w125:651	CRASH	executor died (native abort)
max_pool2d_with_indices_backward.grad_input	w126:669	CRASH	executor died (native abort)
max_pool2d_with_indices_backward.grad_input	w127:104	CRASH	executor died (native abort)
max_pool2d_with_indices_backward.grad_input	w127:335	CRASH	executor died (native abort)
max_pool2d_with_indices_backward.grad_input	w127:566	CRASH	executor died (native abort)
max_pool2d_with_indices_backward.grad_input	w12:346	CRASH	executor died (native abort)
max_pool2d_with_indices_backward.grad_input	w13:278	CRASH	executor died (native abort)
max_pool2d_with_indices_backward.grad_input	w13:47	CRASH	executor died (native abort)
max_pool2d_with_indices_backward.grad_input	w13:740	CRASH	executor died (native abort)
max_pool2d_with_indices_backward.grad_input	w14:576	CRASH	executor died (native abort)
max_pool2d_with_indices_backward.grad_input	w15:184	CRASH	executor died (native abort)
max_pool2d_with_indices_backward.grad_input	w15:415	CRASH	executor died (native abort)
max_pool2d_with_indices_backward.grad_input	w15:646	SKIP	client RuntimeError: method->execute() failed with error 0x1 | /tmp/torchinductor_jwen929/ns/cns372bsgbkwp262uzpphv42mgwefhjpievk2amazotqju6r7omr.py:27: unknown: block: [0,0,0], thread: [0,0,0] Assertion `index out of bounds: 0 <= tmp0 < 16` failed. /tmp/torchinductor_jwen929/ns/cns372bsgbkwp262uzpphv42mgwefhjpievk2amazotqju6r7omr.py:27: unknown: block: [0,0,0], thread: [3,0,0] Assertion `index out of bounds: 0 <= tmp0 < 16` failed. /tmp/torchinductor_jwen929/ns/cns372bsgbkwp262uzpphv42mgwefhjpievk2amazotqju6r7omr.py:27: unknown: block: [0,0,0], thread: [9,0,0] Assertion `index out of bounds: 0 <= tmp0 < 16` failed. /tmp/torchinductor_jwen929/ns/cns372bsgbkwp262uzpphv42mgwefhjpievk2amazotqju6r7omr.py:27: unknown: block: [0,0,0], thread: [10,0,0] Assertion `index out of bounds: 0 <= tmp0 < 16` failed. /tmp/torchinductor_jwen929/ns/cns372bsgbkwp262uzpphv42mgwefhjpievk2amazotqju6r7omr.py:27: unknown: block: [0,0,0], thread: [11,0,0] Assertion `index out of bounds: 0 <= tmp0 < 16` failed. /tmp/torchinductor_jwen929/ns/cns372bsgbkwp262uzpphv42mgwefhjpievk2amazotqju6r7omr.py:27: unknown: block: [0,0,0], thread: [12,0,0] Assertion `index out of bounds: 0 <= tmp0 < 16` failed. /tmp/torchinductor_jwen929/ns/cns372bsgbkwp262uzpphv42mgwefhjpievk2amazotqju6r7omr.py:27: unknown: block: [0,0,0], thread: [13,0,0] Assertion `index out of bounds: 0 <= tmp0 < 16` failed. /tmp/torchinductor_jwen929/ns/cns372bsgbkwp262uzpphv42mgwefhjpievk2amazotqju6r7omr.py:27: unknown: block: [0,0,0], thread: [16,0,0] Assertion `index out of bounds: 0 <= tmp0 < 16` failed. /tmp/torchinductor_jwen929/ns/cns372bsgbkwp262uzpphv42mgwefhjpievk2amazotqju6r7omr.py:27: unknown: block: [0,0,0], thread: [19,0,0] Assertion `index out of bounds: 0 <= tmp0 < 16` failed. /tmp/torchinductor_jwen929/ns/cns372bsgbkwp262uzpphv42mgwefhjpievk2amazotqju6r7omr.py:27: unknown: block: [0,0,0], thread: [25,0,0] Assertion `index out of bounds: 0 <= tmp0 < 16` failed. /tmp/torchinductor_jwen929/ns/cns372bsgbkwp262uzpphv42mgwefhjpievk2amazotqju6r7omr.py:27: unknown: block: [0,0,0], thread: [26,0,0] Assertion `index out of bounds: 0 <= tmp0 < 16` failed. /tmp/torchinductor_jwen929/ns/cns372bsgbkwp262uzpphv42mgwefhjpievk2amazotqju6r7omr.py:27: unknown: block: [0,0,0], thread: [27,0,0] Assertion `index out of bounds: 0 <= tmp0 < 16` failed. /tmp/torchinductor_jwen929/ns/cns372bsgbkwp262uzpphv42mgwefhjpievk2amazotqju6r7omr.py:27: unknown: block: [0,0,0], thread: [28,0,0] Assertion `index out of bounds: 0 <= tmp0 < 16` failed. /tmp/torchinductor_jwen929/ns/cns372bsgbkwp262uzpphv42mgwefhjpievk2amazotqju6r7omr.py:27: unknown: block: [0,0,0], thread: [29,0,0] Assertion `index out of bounds: 0 <= tmp0 < 16` failed. [cuda_allocator.cpp:231] cudaFreeAsync failed: device-side assert triggered (ptr=0x320000000, device -1) [cuda_allocator.cpp:231] cudaFreeAsync failed: device-side assert triggered (ptr=0x320000a00, device -1) [cuda_allocator.cpp:231] cudaFreeAsync failed: device-side assert triggered (ptr=0x320000600, device -1) [cuda_allocator.cpp:231] cudaFreeAsync failed: device-side assert triggered (ptr=0x320000200, device -1) Error: CUDA driver error: device-side assert triggered [cuda_allocator.cpp:231] cudaFreeAsync failed: device-side assert triggered (ptr=0x320000800, device -1) [method.cpp:1525] CALL_DELEGATE execute failed at instruction 0: 0x1
max_pool2d_with_indices_backward.grad_input	w16:236	CRASH	executor died (native abort)
max_pool2d_with_indices_backward.grad_input	w16:5	CRASH	executor died (native abort)
max_pool2d_with_indices_backward.grad_input	w16:698	CRASH	executor died (native abort)
max_pool2d_with_indices_backward.grad_input	w17:116	CRASH	executor died (native abort)
max_pool2d_with_indices_backward.grad_input	w17:347	CRASH	executor died (native abort)
max_pool2d_with_indices_backward.grad_input	w17:578	CRASH	executor died (native abort)
max_pool2d_with_indices_backward.grad_input	w18:44	CRASH	executor died (native abort)
max_pool2d_with_indices_backward.grad_input	w18:506	CRASH	executor died (native abort)
max_pool2d_with_indices_backward.grad_input	w19:407	CRASH	executor died (native abort)
max_pool2d_with_indices_backward.grad_input	w19:638	CRASH	executor died (native abort)
max_pool2d_with_indices_backward.grad_input	w1:262	CRASH	executor died (native abort)
max_pool2d_with_indices_backward.grad_input	w1:493	CRASH	executor died (native abort)
max_pool2d_with_indices_backward.grad_input	w1:724	CRASH	executor died (native abort)
max_pool2d_with_indices_backward.grad_input	w20:23	CRASH	executor died (native abort)
max_pool2d_with_indices_backward.grad_input	w20:254	CRASH	executor died (native abort)
max_pool2d_with_indices_backward.grad_input	w20:485	CRASH	executor died (native abort)
max_pool2d_with_indices_backward.grad_input	w21:258	SKIP	client RuntimeError: method->execute() failed with error 0x1 | /tmp/torchinductor_jwen929/sl/cslgvlzxzrp7a5zzfsoggmna3awgcfqqk5enqtmld27dvpbhigt3.py:26: unknown: block: [0,0,0], thread: [1,0,0] Assertion `index out of bounds: 0 <= tmp0 < 8` failed. /tmp/torchinductor_jwen929/sl/cslgvlzxzrp7a5zzfsoggmna3awgcfqqk5enqtmld27dvpbhigt3.py:26: unknown: block: [0,0,0], thread: [3,0,0] Assertion `index out of bounds: 0 <= tmp0 < 8` failed. /tmp/torchinductor_jwen929/sl/cslgvlzxzrp7a5zzfsoggmna3awgcfqqk5enqtmld27dvpbhigt3.py:26: unknown: block: [0,0,0], thread: [5,0,0] Assertion `index out of bounds: 0 <= tmp0 < 8` failed. /tmp/torchinductor_jwen929/sl/cslgvlzxzrp7a5zzfsoggmna3awgcfqqk5enqtmld27dvpbhigt3.py:26: unknown: block: [0,0,0], thread: [7,0,0] Assertion `index out of bounds: 0 <= tmp0 < 8` failed. /tmp/torchinductor_jwen929/sl/cslgvlzxzrp7a5zzfsoggmna3awgcfqqk5enqtmld27dvpbhigt3.py:26: unknown: block: [0,0,0], thread: [8,0,0] Assertion `index out of bounds: 0 <= tmp0 < 8` failed. /tmp/torchinductor_jwen929/sl/cslgvlzxzrp7a5zzfsoggmna3awgcfqqk5enqtmld27dvpbhigt3.py:26: unknown: block: [0,0,0], thread: [11,0,0] Assertion `index out of bounds: 0 <= tmp0 < 8` failed. /tmp/torchinductor_jwen929/sl/cslgvlzxzrp7a5zzfsoggmna3awgcfqqk5enqtmld27dvpbhigt3.py:26: unknown: block: [0,0,0], thread: [17,0,0] Assertion `index out of bounds: 0 <= tmp0 < 8` failed. /tmp/torchinductor_jwen929/sl/cslgvlzxzrp7a5zzfsoggmna3awgcfqqk5enqtmld27dvpbhigt3.py:26: unknown: block: [0,0,0], thread: [19,0,0] Assertion `index out of bounds: 0 <= tmp0 < 8` failed. /tmp/torchinductor_jwen929/sl/cslgvlzxzrp7a5zzfsoggmna3awgcfqqk5enqtmld27dvpbhigt3.py:26: unknown: block: [0,0,0], thread: [21,0,0] Assertion `index out of bounds: 0 <= tmp0 < 8` failed. /tmp/torchinductor_jwen929/sl/cslgvlzxzrp7a5zzfsoggmna3awgcfqqk5enqtmld27dvpbhigt3.py:26: unknown: block: [0,0,0], thread: [23,0,0] Assertion `index out of bounds: 0 <= tmp0 < 8` failed. /tmp/torchinductor_jwen929/sl/cslgvlzxzrp7a5zzfsoggmna3awgcfqqk5enqtmld27dvpbhigt3.py:26: unknown: block: [0,0,0], thread: [24,0,0] Assertion `index out of bounds: 0 <= tmp0 < 8` failed. /tmp/torchinductor_jwen929/sl/cslgvlzxzrp7a5zzfsoggmna3awgcfqqk5enqtmld27dvpbhigt3.py:26: unknown: block: [0,0,0], thread: [27,0,0] Assertion `index out of bounds: 0 <= tmp0 < 8` failed. [cuda_allocator.cpp:231] cudaFreeAsync failed: device-side assert triggered (ptr=0x320000000, device -1) [cuda_allocator.cpp:231] cudaFreeAsync failed: device-side assert triggered (ptr=0x320000a00, device -1) [cuda_allocator.cpp:231] cudaFreeAsync failed: device-side assert triggered (ptr=0x320000600, device -1) [cuda_allocator.cpp:231] cudaFreeAsync failed: device-side assert triggered (ptr=0x320000200, device -1) Error: CUDA driver error: device-side assert triggered [cuda_allocator.cpp:231] cudaFreeAsync failed: device-side assert triggered (ptr=0x320000800, device -1) [method.cpp:1525] CALL_DELEGATE execute failed at instruction 0: 0x1
max_pool2d_with_indices_backward.grad_input	w21:27	SKIP	client RuntimeError: method->execute() failed with error 0x1 | /tmp/torchinductor_jwen929/qq/cqqyaobvqdnlf2thd2zo5nnbktovtwh3uh7cufb3qo67g4iaivj7.py:27: unknown: block: [0,0,0], thread: [0,0,0] Assertion `index out of bounds: 0 <= tmp0 < 4` failed. /tmp/torchinductor_jwen929/qq/cqqyaobvqdnlf2thd2zo5nnbktovtwh3uh7cufb3qo67g4iaivj7.py:27: unknown: block: [0,0,0], thread: [1,0,0] Assertion `index out of bounds: 0 <= tmp0 < 4` failed. /tmp/torchinductor_jwen929/qq/cqqyaobvqdnlf2thd2zo5nnbktovtwh3uh7cufb3qo67g4iaivj7.py:27: unknown: block: [0,0,0], thread: [4,0,0] Assertion `index out of bounds: 0 <= tmp0 < 4` failed. /tmp/torchinductor_jwen929/qq/cqqyaobvqdnlf2thd2zo5nnbktovtwh3uh7cufb3qo67g4iaivj7.py:27: unknown: block: [0,0,0], thread: [5,0,0] Assertion `index out of bounds: 0 <= tmp0 < 4` failed. /tmp/torchinductor_jwen929/qq/cqqyaobvqdnlf2thd2zo5nnbktovtwh3uh7cufb3qo67g4iaivj7.py:27: unknown: block: [0,0,0], thread: [8,0,0] Assertion `index out of bounds: 0 <= tmp0 < 4` failed. /tmp/torchinductor_jwen929/qq/cqqyaobvqdnlf2thd2zo5nnbktovtwh3uh7cufb3qo67g4iaivj7.py:27: unknown: block: [0,0,0], thread: [9,0,0] Assertion `index out of bounds: 0 <= tmp0 < 4` failed. /tmp/torchinductor_jwen929/qq/cqqyaobvqdnlf2thd2zo5nnbktovtwh3uh7cufb3qo67g4iaivj7.py:27: unknown: block: [0,0,0], thread: [12,0,0] Assertion `index out of bounds: 0 <= tmp0 < 4` failed. /tmp/torchinductor_jwen929/qq/cqqyaobvqdnlf2thd2zo5nnbktovtwh3uh7cufb3qo67g4iaivj7.py:27: unknown: block: [0,0,0], thread: [13,0,0] Assertion `index out of bounds: 0 <= tmp0 < 4` failed. /tmp/torchinductor_jwen929/qq/cqqyaobvqdnlf2thd2zo5nnbktovtwh3uh7cufb3qo67g4iaivj7.py:27: unknown: block: [0,0,0], thread: [16,0,0] Assertion `index out of bounds: 0 <= tmp0 < 4` failed. /tmp/torchinductor_jwen929/qq/cqqyaobvqdnlf2thd2zo5nnbktovtwh3uh7cufb3qo67g4iaivj7.py:27: unknown: block: [0,0,0], thread: [17,0,0] Assertion `index out of bounds: 0 <= tmp0 < 4` failed. /tmp/torchinductor_jwen929/qq/cqqyaobvqdnlf2thd2zo5nnbktovtwh3uh7cufb3qo67g4iaivj7.py:27: unknown: block: [0,0,0], thread: [20,0,0] Assertion `index out of bounds: 0 <= tmp0 < 4` failed. /tmp/torchinductor_jwen929/qq/cqqyaobvqdnlf2thd2zo5nnbktovtwh3uh7cufb3qo67g4iaivj7.py:27: unknown: block: [0,0,0], thread: [21,0,0] Assertion `index out of bounds: 0 <= tmp0 < 4` failed. /tmp/torchinductor_jwen929/qq/cqqyaobvqdnlf2thd2zo5nnbktovtwh3uh7cufb3qo67g4iaivj7.py:27: unknown: block: [0,0,0], thread: [24,0,0] Assertion `index out of bounds: 0 <= tmp0 < 4` failed. /tmp/torchinductor_jwen929/qq/cqqyaobvqdnlf2thd2zo5nnbktovtwh3uh7cufb3qo67g4iaivj7.py:27: unknown: block: [0,0,0], thread: [25,0,0] Assertion `index out of bounds: 0 <= tmp0 < 4` failed. /tmp/torchinductor_jwen929/qq/cqqyaobvqdnlf2thd2zo5nnbktovtwh3uh7cufb3qo67g4iaivj7.py:27: unknown: block: [0,0,0], thread: [28,0,0] Assertion `index out of bounds: 0 <= tmp0 < 4` failed. /tmp/torchinductor_jwen929/qq/cqqyaobvqdnlf2thd2zo5nnbktovtwh3uh7cufb3qo67g4iaivj7.py:27: unknown: block: [0,0,0], thread: [29,0,0] Assertion `index out of bounds: 0 <= tmp0 < 4` failed. [cuda_allocator.cpp:231] cudaFreeAsync failed: device-side assert triggered (ptr=0x320000000, device -1) [cuda_allocator.cpp:231] cudaFreeAsync failed: device-side assert triggered (ptr=0x320000a00, device -1) [cuda_allocator.cpp:231] cudaFreeAsync failed: device-side assert triggered (ptr=0x320000600, device -1) [cuda_allocator.cpp:231] cudaFreeAsync failed: device-side assert triggered (ptr=0x320000200, device -1) Error: CUDA driver error: device-side assert triggered [cuda_allocator.cpp:231] cudaFreeAsync failed: device-side assert triggered (ptr=0x320000800, device -1) [method.cpp:1525] CALL_DELEGATE execute failed at instruction 0: 0x1
max_pool2d_with_indices_backward.grad_input	w23:168	CRASH	executor died (native abort)
max_pool2d_with_indices_backward.grad_input	w23:399	SKIP	client RuntimeError: method->execute() failed with error 0x1 | /tmp/torchinductor_jwen929/ka/cka4ppxar4zjl6yjmctduecwvmutc2aoapljh4lcgwfqzjdxutah.py:26: unknown: block: [0,0,0], thread: [0,0,0] Assertion `index out of bounds: 0 <= tmp0 < 3` failed. /tmp/torchinductor_jwen929/ka/cka4ppxar4zjl6yjmctduecwvmutc2aoapljh4lcgwfqzjdxutah.py:26: unknown: block: [0,0,0], thread: [1,0,0] Assertion `index out of bounds: 0 <= tmp0 < 3` failed. /tmp/torchinductor_jwen929/ka/cka4ppxar4zjl6yjmctduecwvmutc2aoapljh4lcgwfqzjdxutah.py:26: unknown: block: [0,0,0], thread: [4,0,0] Assertion `index out of bounds: 0 <= tmp0 < 3` failed. /tmp/torchinductor_jwen929/ka/cka4ppxar4zjl6yjmctduecwvmutc2aoapljh4lcgwfqzjdxutah.py:26: unknown: block: [0,0,0], thread: [5,0,0] Assertion `index out of bounds: 0 <= tmp0 < 3` failed. /tmp/torchinductor_jwen929/ka/cka4ppxar4zjl6yjmctduecwvmutc2aoapljh4lcgwfqzjdxutah.py:26: unknown: block: [0,0,0], thread: [8,0,0] Assertion `index out of bounds: 0 <= tmp0 < 3` failed. /tmp/torchinductor_jwen929/ka/cka4ppxar4zjl6yjmctduecwvmutc2aoapljh4lcgwfqzjdxutah.py:26: unknown: block: [0,0,0], thread: [9,0,0] Assertion `index out of bounds: 0 <= tmp0 < 3` failed. /tmp/torchinductor_jwen929/ka/cka4ppxar4zjl6yjmctduecwvmutc2aoapljh4lcgwfqzjdxutah.py:26: unknown: block: [0,0,0], thread: [12,0,0] Assertion `index out of bounds: 0 <= tmp0 < 3` failed. /tmp/torchinductor_jwen929/ka/cka4ppxar4zjl6yjmctduecwvmutc2aoapljh4lcgwfqzjdxutah.py:26: unknown: block: [0,0,0], thread: [13,0,0] Assertion `index out of bounds: 0 <= tmp0 < 3` failed. /tmp/torchinductor_jwen929/ka/cka4ppxar4zjl6yjmctduecwvmutc2aoapljh4lcgwfqzjdxutah.py:26: unknown: block: [0,0,0], thread: [16,0,0] Assertion `index out of bounds: 0 <= tmp0 < 3` failed. /tmp/torchinductor_jwen929/ka/cka4ppxar4zjl6yjmctduecwvmutc2aoapljh4lcgwfqzjdxutah.py:26: unknown: block: [0,0,0], thread: [17,0,0] Assertion `index out of bounds: 0 <= tmp0 < 3` failed. /tmp/torchinductor_jwen929/ka/cka4ppxar4zjl6yjmctduecwvmutc2aoapljh4lcgwfqzjdxutah.py:26: unknown: block: [0,0,0], thread: [20,0,0] Assertion `index out of bounds: 0 <= tmp0 < 3` failed. /tmp/torchinductor_jwen929/ka/cka4ppxar4zjl6yjmctduecwvmutc2aoapljh4lcgwfqzjdxutah.py:26: unknown: block: [0,0,0], thread: [21,0,0] Assertion `index out of bounds: 0 <= tmp0 < 3` failed. /tmp/torchinductor_jwen929/ka/cka4ppxar4zjl6yjmctduecwvmutc2aoapljh4lcgwfqzjdxutah.py:26: unknown: block: [0,0,0], thread: [24,0,0] Assertion `index out of bounds: 0 <= tmp0 < 3` failed. /tmp/torchinductor_jwen929/ka/cka4ppxar4zjl6yjmctduecwvmutc2aoapljh4lcgwfqzjdxutah.py:26: unknown: block: [0,0,0], thread: [25,0,0] Assertion `index out of bounds: 0 <= tmp0 < 3` failed. /tmp/torchinductor_jwen929/ka/cka4ppxar4zjl6yjmctduecwvmutc2aoapljh4lcgwfqzjdxutah.py:26: unknown: block: [0,0,0], thread: [28,0,0] Assertion `index out of bounds: 0 <= tmp0 < 3` failed. /tmp/torchinductor_jwen929/ka/cka4ppxar4zjl6yjmctduecwvmutc2aoapljh4lcgwfqzjdxutah.py:26: unknown: block: [0,0,0], thread: [29,0,0] Assertion `index out of bounds: 0 <= tmp0 < 3` failed. [cuda_allocator.cpp:231] cudaFreeAsync failed: device-side assert triggered (ptr=0x320000000, device -1) [cuda_allocator.cpp:231] cudaFreeAsync failed: device-side assert triggered (ptr=0x320000a00, device -1) [cuda_allocator.cpp:231] cudaFreeAsync failed: device-side assert triggered (ptr=0x320000600, device -1) [cuda_allocator.cpp:231] cudaFreeAsync failed: device-side assert triggered (ptr=0x320000200, device -1) Error: CUDA driver error: device-side assert triggered [cuda_allocator.cpp:231] cudaFreeAsync failed: device-side assert triggered (ptr=0x320000800, device -1) [method.cpp:1525] CALL_DELEGATE execute failed at instruction 0: 0x1
max_pool2d_with_indices_backward.grad_input	w23:630	CRASH	executor died (native abort)
max_pool2d_with_indices_backward.grad_input	w25:305	CRASH	executor died (native abort)
max_pool2d_with_indices_backward.grad_input	w25:536	CRASH	executor died (native abort)
max_pool2d_with_indices_backward.grad_input	w25:74	CRASH	executor died (native abort)
max_pool2d_with_indices_backward.grad_input	w25:767	CRASH	executor died (native abort)
max_pool2d_with_indices_backward.grad_input	w26:317	SKIP	client RuntimeError: method->execute() failed with error 0x1 | /tmp/torchinductor_jwen929/rh/crhulyp5z2wobcgxdqjfdtpbqx7r62yki5nuyhvl7o2x5zkq7teo.py:26: unknown: block: [0,0,0], thread: [0,0,0] Assertion `index out of bounds: 0 <= tmp0 < 3` failed. /tmp/torchinductor_jwen929/rh/crhulyp5z2wobcgxdqjfdtpbqx7r62yki5nuyhvl7o2x5zkq7teo.py:26: unknown: block: [0,0,0], thread: [2,0,0] Assertion `index out of bounds: 0 <= tmp0 < 3` failed. /tmp/torchinductor_jwen929/rh/crhulyp5z2wobcgxdqjfdtpbqx7r62yki5nuyhvl7o2x5zkq7teo.py:26: unknown: block: [0,0,0], thread: [4,0,0] Assertion `index out of bounds: 0 <= tmp0 < 3` failed. /tmp/torchinductor_jwen929/rh/crhulyp5z2wobcgxdqjfdtpbqx7r62yki5nuyhvl7o2x5zkq7teo.py:26: unknown: block: [0,0,0], thread: [6,0,0] Assertion `index out of bounds: 0 <= tmp0 < 3` failed. /tmp/torchinductor_jwen929/rh/crhulyp5z2wobcgxdqjfdtpbqx7r62yki5nuyhvl7o2x5zkq7teo.py:26: unknown: block: [0,0,0], thread: [8,0,0] Assertion `index out of bounds: 0 <= tmp0 < 3` failed. /tmp/torchinductor_jwen929/rh/crhulyp5z2wobcgxdqjfdtpbqx7r62yki5nuyhvl7o2x5zkq7teo.py:26: unknown: block: [0,0,0], thread: [10,0,0] Assertion `index out of bounds: 0 <= tmp0 < 3` failed. /tmp/torchinductor_jwen929/rh/crhulyp5z2wobcgxdqjfdtpbqx7r62yki5nuyhvl7o2x5zkq7teo.py:26: unknown: block: [0,0,0], thread: [12,0,0] Assertion `index out of bounds: 0 <= tmp0 < 3` failed. /tmp/torchinductor_jwen929/rh/crhulyp5z2wobcgxdqjfdtpbqx7r62yki5nuyhvl7o2x5zkq7teo.py:26: unknown: block: [0,0,0], thread: [14,0,0] Assertion `index out of bounds: 0 <= tmp0 < 3` failed. /tmp/torchinductor_jwen929/rh/crhulyp5z2wobcgxdqjfdtpbqx7r62yki5nuyhvl7o2x5zkq7teo.py:26: unknown: block: [0,0,0], thread: [16,0,0] Assertion `index out of bounds: 0 <= tmp0 < 3` failed. /tmp/torchinductor_jwen929/rh/crhulyp5z2wobcgxdqjfdtpbqx7r62yki5nuyhvl7o2x5zkq7teo.py:26: unknown: block: [0,0,0], thread: [18,0,0] Assertion `index out of bounds: 0 <= tmp0 < 3` failed. /tmp/torchinductor_jwen929/rh/crhulyp5z2wobcgxdqjfdtpbqx7r62yki5nuyhvl7o2x5zkq7teo.py:26: unknown: block: [0,0,0], thread: [20,0,0] Assertion `index out of bounds: 0 <= tmp0 < 3` failed. /tmp/torchinductor_jwen929/rh/crhulyp5z2wobcgxdqjfdtpbqx7r62yki5nuyhvl7o2x5zkq7teo.py:26: unknown: block: [0,0,0], thread: [22,0,0] Assertion `index out of bounds: 0 <= tmp0 < 3` failed. /tmp/torchinductor_jwen929/rh/crhulyp5z2wobcgxdqjfdtpbqx7r62yki5nuyhvl7o2x5zkq7teo.py:26: unknown: block: [0,0,0], thread: [24,0,0] Assertion `index out of bounds: 0 <= tmp0 < 3` failed. /tmp/torchinductor_jwen929/rh/crhulyp5z2wobcgxdqjfdtpbqx7r62yki5nuyhvl7o2x5zkq7teo.py:26: unknown: block: [0,0,0], thread: [26,0,0] Assertion `index out of bounds: 0 <= tmp0 < 3` failed. /tmp/torchinductor_jwen929/rh/crhulyp5z2wobcgxdqjfdtpbqx7r62yki5nuyhvl7o2x5zkq7teo.py:26: unknown: block: [0,0,0], thread: [28,0,0] Assertion `index out of bounds: 0 <= tmp0 < 3` failed. /tmp/torchinductor_jwen929/rh/crhulyp5z2wobcgxdqjfdtpbqx7r62yki5nuyhvl7o2x5zkq7teo.py:26: unknown: block: [0,0,0], thread: [30,0,0] Assertion `index out of bounds: 0 <= tmp0 < 3` failed. [cuda_allocator.cpp:231] cudaFreeAsync failed: device-side assert triggered (ptr=0x320000000, device -1) [cuda_allocator.cpp:231] cudaFreeAsync failed: device-side assert triggered (ptr=0x320000a00, device -1) [cuda_allocator.cpp:231] cudaFreeAsync failed: device-side assert triggered (ptr=0x320000600, device -1) [cuda_allocator.cpp:231] cudaFreeAsync failed: device-side assert triggered (ptr=0x320000200, device -1) Error: CUDA driver error: device-side assert triggered [cuda_allocator.cpp:231] cudaFreeAsync failed: device-side assert triggered (ptr=0x320000800, device -1) [method.cpp:1525] CALL_DELEGATE execute failed at instruction 0: 0x1
max_pool2d_with_indices_backward.grad_input	w26:779	CRASH	executor died (native abort)
max_pool2d_with_indices_backward.grad_input	w26:86	CRASH	executor died (native abort)
max_pool2d_with_indices_backward.grad_input	w27:579	CRASH	executor died (native abort)
max_pool2d_with_indices_backward.grad_input	w28:548	CRASH	executor died (native abort)
max_pool2d_with_indices_backward.grad_input	w28:86	CRASH	executor died (native abort)
max_pool2d_with_indices_backward.grad_input	w29:522	CRASH	executor died (native abort)
max_pool2d_with_indices_backward.grad_input	w29:60	CRASH	executor died (native abort)
max_pool2d_with_indices_backward.grad_input	w29:753	CRASH	executor died (native abort)
max_pool2d_with_indices_backward.grad_input	w2:103	CRASH	executor died (native abort)
max_pool2d_with_indices_backward.grad_input	w2:565	CRASH	executor died (native abort)
max_pool2d_with_indices_backward.grad_input	w30:311	CRASH	executor died (native abort)
max_pool2d_with_indices_backward.grad_input	w30:542	CRASH	executor died (native abort)
max_pool2d_with_indices_backward.grad_input	w30:773	CRASH	executor died (native abort)
max_pool2d_with_indices_backward.grad_input	w31:130	CRASH	executor died (native abort)
max_pool2d_with_indices_backward.grad_input	w31:361	SKIP	client RuntimeError: method->execute() failed with error 0x1 | /tmp/torchinductor_jwen929/75/c75bya3s5nxxggs4ke4rzqjzjhglylbgv4rvoj3fi6hpixibtko3.py:27: unknown: block: [0,0,0], thread: [2,0,0] Assertion `index out of bounds: 0 <= tmp0 < 16` failed. /tmp/torchinductor_jwen929/75/c75bya3s5nxxggs4ke4rzqjzjhglylbgv4rvoj3fi6hpixibtko3.py:27: unknown: block: [0,0,0], thread: [3,0,0] Assertion `index out of bounds: 0 <= tmp0 < 16` failed. /tmp/torchinductor_jwen929/75/c75bya3s5nxxggs4ke4rzqjzjhglylbgv4rvoj3fi6hpixibtko3.py:27: unknown: block: [0,0,0], thread: [6,0,0] Assertion `index out of bounds: 0 <= tmp0 < 16` failed. /tmp/torchinductor_jwen929/75/c75bya3s5nxxggs4ke4rzqjzjhglylbgv4rvoj3fi6hpixibtko3.py:27: unknown: block: [0,0,0], thread: [10,0,0] Assertion `index out of bounds: 0 <= tmp0 < 16` failed. /tmp/torchinductor_jwen929/75/c75bya3s5nxxggs4ke4rzqjzjhglylbgv4rvoj3fi6hpixibtko3.py:27: unknown: block: [0,0,0], thread: [11,0,0] Assertion `index out of bounds: 0 <= tmp0 < 16` failed. /tmp/torchinductor_jwen929/75/c75bya3s5nxxggs4ke4rzqjzjhglylbgv4rvoj3fi6hpixibtko3.py:27: unknown: block: [0,0,0], thread: [14,0,0] Assertion `index out of bounds: 0 <= tmp0 < 16` failed. /tmp/torchinductor_jwen929/75/c75bya3s5nxxggs4ke4rzqjzjhglylbgv4rvoj3fi6hpixibtko3.py:27: unknown: block: [0,0,0], thread: [18,0,0] Assertion `index out of bounds: 0 <= tmp0 < 16` failed. /tmp/torchinductor_jwen929/75/c75bya3s5nxxggs4ke4rzqjzjhglylbgv4rvoj3fi6hpixibtko3.py:27: unknown: block: [0,0,0], thread: [19,0,0] Assertion `index out of bounds: 0 <= tmp0 < 16` failed. /tmp/torchinductor_jwen929/75/c75bya3s5nxxggs4ke4rzqjzjhglylbgv4rvoj3fi6hpixibtko3.py:27: unknown: block: [0,0,0], thread: [22,0,0] Assertion `index out of bounds: 0 <= tmp0 < 16` failed. /tmp/torchinductor_jwen929/75/c75bya3s5nxxggs4ke4rzqjzjhglylbgv4rvoj3fi6hpixibtko3.py:27: unknown: block: [0,0,0], thread: [26,0,0] Assertion `index out of bounds: 0 <= tmp0 < 16` failed. /tmp/torchinductor_jwen929/75/c75bya3s5nxxggs4ke4rzqjzjhglylbgv4rvoj3fi6hpixibtko3.py:27: unknown: block: [0,0,0], thread: [27,0,0] Assertion `index out of bounds: 0 <= tmp0 < 16` failed. /tmp/torchinductor_jwen929/75/c75bya3s5nxxggs4ke4rzqjzjhglylbgv4rvoj3fi6hpixibtko3.py:27: unknown: block: [0,0,0], thread: [30,0,0] Assertion `index out of bounds: 0 <= tmp0 < 16` failed. [cuda_allocator.cpp:231] cudaFreeAsync failed: device-side assert triggered (ptr=0x320000000, device -1) [cuda_allocator.cpp:231] cudaFreeAsync failed: device-side assert triggered (ptr=0x320000a00, device -1) [cuda_allocator.cpp:231] cudaFreeAsync failed: device-side assert triggered (ptr=0x320000600, device -1) [cuda_allocator.cpp:231] cudaFreeAsync failed: device-side assert triggered (ptr=0x320000200, device -1) Error: CUDA driver error: device-side assert triggered [cuda_allocator.cpp:231] cudaFreeAsync failed: device-side assert triggered (ptr=0x320000800, device -1) [method.cpp:1525] CALL_DELEGATE execute failed at instruction 0: 0x1
max_pool2d_with_indices_backward.grad_input	w31:592	CRASH	executor died (native abort)
max_pool2d_with_indices_backward.grad_input	w32:108	CRASH	executor died (native abort)
max_pool2d_with_indices_backward.grad_input	w32:570	CRASH	executor died (native abort)
max_pool2d_with_indices_backward.grad_input	w33:322	CRASH	executor died (native abort)
max_pool2d_with_indices_backward.grad_input	w33:553	CRASH	executor died (native abort)
max_pool2d_with_indices_backward.grad_input	w34:507	CRASH	executor died (native abort)
max_pool2d_with_indices_backward.grad_input	w35:216	CRASH	executor died (native abort)
max_pool2d_with_indices_backward.grad_input	w35:447	CRASH	executor died (native abort)
max_pool2d_with_indices_backward.grad_input	w35:678	SKIP	client RuntimeError: method->execute() failed with error 0x1 | /tmp/torchinductor_jwen929/sg/csgv52zlkwb2diosh4ny6kqdgnw3j64lnw7dxgokpvxl4oorfrfq.py:26: unknown: block: [0,0,0], thread: [0,0,0] Assertion `index out of bounds: 0 <= tmp0 < 2` failed. /tmp/torchinductor_jwen929/sg/csgv52zlkwb2diosh4ny6kqdgnw3j64lnw7dxgokpvxl4oorfrfq.py:26: unknown: block: [0,0,0], thread: [1,0,0] Assertion `index out of bounds: 0 <= tmp0 < 2` failed. /tmp/torchinductor_jwen929/sg/csgv52zlkwb2diosh4ny6kqdgnw3j64lnw7dxgokpvxl4oorfrfq.py:26: unknown: block: [0,0,0], thread: [2,0,0] Assertion `index out of bounds: 0 <= tmp0 < 2` failed. /tmp/torchinductor_jwen929/sg/csgv52zlkwb2diosh4ny6kqdgnw3j64lnw7dxgokpvxl4oorfrfq.py:26: unknown: block: [0,0,0], thread: [3,0,0] Assertion `index out of bounds: 0 <= tmp0 < 2` failed. /tmp/torchinductor_jwen929/sg/csgv52zlkwb2diosh4ny6kqdgnw3j64lnw7dxgokpvxl4oorfrfq.py:26: unknown: block: [0,0,0], thread: [4,0,0] Assertion `index out of bounds: 0 <= tmp0 < 2` failed. /tmp/torchinductor_jwen929/sg/csgv52zlkwb2diosh4ny6kqdgnw3j64lnw7dxgokpvxl4oorfrfq.py:26: unknown: block: [0,0,0], thread: [5,0,0] Assertion `index out of bounds: 0 <= tmp0 < 2` failed. /tmp/torchinductor_jwen929/sg/csgv52zlkwb2diosh4ny6kqdgnw3j64lnw7dxgokpvxl4oorfrfq.py:26: unknown: block: [0,0,0], thread: [6,0,0] Assertion `index out of bounds: 0 <= tmp0 < 2` failed. /tmp/torchinductor_jwen929/sg/csgv52zlkwb2diosh4ny6kqdgnw3j64lnw7dxgokpvxl4oorfrfq.py:26: unknown: block: [0,0,0], thread: [7,0,0] Assertion `index out of bounds: 0 <= tmp0 < 2` failed. /tmp/torchinductor_jwen929/sg/csgv52zlkwb2diosh4ny6kqdgnw3j64lnw7dxgokpvxl4oorfrfq.py:26: unknown: block: [0,0,0], thread: [8,0,0] Assertion `index out of bounds: 0 <= tmp0 < 2` failed. /tmp/torchinductor_jwen929/sg/csgv52zlkwb2diosh4ny6kqdgnw3j64lnw7dxgokpvxl4oorfrfq.py:26: unknown: block: [0,0,0], thread: [9,0,0] Assertion `index out of bounds: 0 <= tmp0 < 2` failed. /tmp/torchinductor_jwen929/sg/csgv52zlkwb2diosh4ny6kqdgnw3j64lnw7dxgokpvxl4oorfrfq.py:26: unknown: block: [0,0,0], thread: [10,0,0] Assertion `index out of bounds: 0 <= tmp0 < 2` failed. /tmp/torchinductor_jwen929/sg/csgv52zlkwb2diosh4ny6kqdgnw3j64lnw7dxgokpvxl4oorfrfq.py:26: unknown: block: [0,0,0], thread: [11,0,0] Assertion `index out of bounds: 0 <= tmp0 < 2` failed. /tmp/torchinductor_jwen929/sg/csgv52zlkwb2diosh4ny6kqdgnw3j64lnw7dxgokpvxl4oorfrfq.py:26: unknown: block: [0,0,0], thread: [12,0,0] Assertion `index out of bounds: 0 <= tmp0 < 2` failed. /tmp/torchinductor_jwen929/sg/csgv52zlkwb2diosh4ny6kqdgnw3j64lnw7dxgokpvxl4oorfrfq.py:26: unknown: block: [0,0,0], thread: [13,0,0] Assertion `index out of bounds: 0 <= tmp0 < 2` failed. /tmp/torchinductor_jwen929/sg/csgv52zlkwb2diosh4ny6kqdgnw3j64lnw7dxgokpvxl4oorfrfq.py:26: unknown: block: [0,0,0], thread: [14,0,0] Assertion `index out of bounds: 0 <= tmp0 < 2` failed. /tmp/torchinductor_jwen929/sg/csgv52zlkwb2diosh4ny6kqdgnw3j64lnw7dxgokpvxl4oorfrfq.py:26: unknown: block: [0,0,0], thread: [15,0,0] Assertion `index out of bounds: 0 <= tmp0 < 2` failed. /tmp/torchinductor_jwen929/sg/csgv52zlkwb2diosh4ny6kqdgnw3j64lnw7dxgokpvxl4oorfrfq.py:26: unknown: block: [0,0,0], thread: [16,0,0] Assertion `index out of bounds: 0 <= tmp0 < 2` failed. /tmp/torchinductor_jwen929/sg/csgv52zlkwb2diosh4ny6kqdgnw3j64lnw7dxgokpvxl4oorfrfq.py:26: unknown: block: [0,0,0], thread: [17,0,0] Assertion `index out of bounds: 0 <= tmp0 < 2` failed. /tmp/torchinductor_jwen929/sg/csgv52zlkwb2diosh4ny6kqdgnw3j64lnw7dxgokpvxl4oorfrfq.py:26: unknown: block: [0,0,0], thread: [18,0,0] Assertion `index out of bounds: 0 <= tmp0 < 2` failed. /tmp/torchinductor_jwen929/sg/csgv52zlkwb2diosh4ny6kqdgnw3j64lnw7dxgokpvxl4oorfrfq.py:26: unknown: block: [0,0,0], thread: [19,0,0] Assertion `index out of bounds: 0 <= tmp0 < 2` failed. /tmp/torchinductor_jwen929/sg/csgv52zlkwb2diosh4ny6kqdgnw3j64lnw7dxgokpvxl4oorfrfq.py:26: unknown: block: [0,0,0], thread: [20,0,0] Assertion `index out of bounds: 0 <= tmp0 < 2` failed. /tmp/torchinductor_jwen929/sg/csgv52zlkwb2diosh4ny6kqdgnw3j64lnw7dxgokpvxl4oorfrfq.py:26: unknown: block: [0,0,0], thread: [21,0,0] Assertion `index out of bounds: 0 <= tmp0 < 2` failed. /tmp/torchinductor_jwen929/sg/csgv52zlkwb2diosh4ny6kqdgnw3j64lnw7dxgokpvxl4oorfrfq.py:26: unknown: block: [0,0,0], thread: [22,0,0] Assertion `index out of bounds: 0 <= tmp0 < 2` failed. /tmp/torchinductor_jwen929/sg/csgv52zlkwb2diosh4ny6kqdgnw3j64lnw7dxgokpvxl4oorfrfq.py:26: unknown: block: [0,0,0], thread: [23,0,0] Assertion `index out of bounds: 0 <= tmp0 < 2` failed. /tmp/torchinductor_jwen929/sg/csgv52zlkwb2diosh4ny6kqdgnw3j64lnw7dxgokpvxl4oorfrfq.py:26: unknown: block: [0,0,0], thread: [24,0,0] Assertion `index out of bounds: 0 <= tmp0 < 2` failed. /tmp/torchinductor_jwen929/sg/csgv52zlkwb2diosh4ny6kqdgnw3j64lnw7dxgokpvxl4oorfrfq.py:26: unknown: block: [0,0,0], thread: [25,0,0] Assertion `index out of bounds: 0 <= tmp0 < 2` failed. /tmp/torchinductor_jwen929/sg/csgv52zlkwb2diosh4ny6kqdgnw3j64lnw7dxgokpvxl4oorfrfq.py:26: unknown: block: [0,0,0], thread: [26,0,0] Assertion `index out of bounds: 0 <= tmp0 < 2` failed. /tmp/torchinductor_jwen929/sg/csgv52zlkwb2diosh4ny6kqdgnw3j64lnw7dxgokpvxl4oorfrfq.py:26: unknown: block: [0,0,0], thread: [27,0,0] Assertion `index out of bounds: 0 <= tmp0 < 2` failed. /tmp/torchinductor_jwen929/sg/csgv52zlkwb2diosh4ny6kqdgnw3j64lnw7dxgokpvxl4oorfrfq.py:26: unknown: block: [0,0,0], thread: [28,0,0] Assertion `index out of bounds: 0 <= tmp0 < 2` failed. /tmp/torchinductor_jwen929/sg/csgv52zlkwb2diosh4ny6kqdgnw3j64lnw7dxgokpvxl4oorfrfq.py:26: unknown: block: [0,0,0], thread: [29,0,0] Assertion `index out of bounds: 0 <= tmp0 < 2` failed. /tmp/torchinductor_jwen929/sg/csgv52zlkwb2diosh4ny6kqdgnw3j64lnw7dxgokpvxl4oorfrfq.py:26: unknown: block: [0,0,0], thread: [30,0,0] Assertion `index out of bounds: 0 <= tmp0 < 2` failed. /tmp/torchinductor_jwen929/sg/csgv52zlkwb2diosh4ny6kqdgnw3j64lnw7dxgokpvxl4oorfrfq.py:26: unknown: block: [0,0,0], thread: [31,0,0] Assertion `index out of bounds: 0 <= tmp0 < 2` failed. [cuda_allocator.cpp:231] cudaFreeAsync failed: device-side assert triggered (ptr=0x320000000, device -1) [cuda_allocator.cpp:231] cudaFreeAsync failed: device-side assert triggered (ptr=0x320000a00, device -1) [cuda_allocator.cpp:231] cudaFreeAsync failed: device-side assert triggered (ptr=0x320000600, device -1) [cuda_allocator.cpp:231] cudaFreeAsync failed: device-side assert triggered (ptr=0x320000200, device -1) Error: CUDA driver error: device-side assert triggered [cuda_allocator.cpp:231] cudaFreeAsync failed: device-side assert triggered (ptr=0x320000800, device -1) [method.cpp:1525] CALL_DELEGATE execute failed at instruction 0: 0x1
max_pool2d_with_indices_backward.grad_input	w36:438	CRASH	executor died (native abort)
max_pool2d_with_indices_backward.grad_input	w37:176	CRASH	executor died (native abort)
max_pool2d_with_indices_backward.grad_input	w37:407	SKIP	client RuntimeError: method->execute() failed with error 0x1 | /tmp/torchinductor_jwen929/zi/cziakycaee2pdx7jqzrirfgw67sinuoyddspq5nbrv7egmqtbjk4.py:27: unknown: block: [0,0,0], thread: [0,0,0] Assertion `index out of bounds: 0 <= tmp0 < 12` failed. /tmp/torchinductor_jwen929/zi/cziakycaee2pdx7jqzrirfgw67sinuoyddspq5nbrv7egmqtbjk4.py:27: unknown: block: [0,0,0], thread: [3,0,0] Assertion `index out of bounds: 0 <= tmp0 < 12` failed. /tmp/torchinductor_jwen929/zi/cziakycaee2pdx7jqzrirfgw67sinuoyddspq5nbrv7egmqtbjk4.py:27: unknown: block: [0,0,0], thread: [9,0,0] Assertion `index out of bounds: 0 <= tmp0 < 12` failed. /tmp/torchinductor_jwen929/zi/cziakycaee2pdx7jqzrirfgw67sinuoyddspq5nbrv7egmqtbjk4.py:27: unknown: block: [0,0,0], thread: [10,0,0] Assertion `index out of bounds: 0 <= tmp0 < 12` failed. /tmp/torchinductor_jwen929/zi/cziakycaee2pdx7jqzrirfgw67sinuoyddspq5nbrv7egmqtbjk4.py:27: unknown: block: [0,0,0], thread: [11,0,0] Assertion `index out of bounds: 0 <= tmp0 < 12` failed. /tmp/torchinductor_jwen929/zi/cziakycaee2pdx7jqzrirfgw67sinuoyddspq5nbrv7egmqtbjk4.py:27: unknown: block: [0,0,0], thread: [12,0,0] Assertion `index out of bounds: 0 <= tmp0 < 12` failed. /tmp/torchinductor_jwen929/zi/cziakycaee2pdx7jqzrirfgw67sinuoyddspq5nbrv7egmqtbjk4.py:27: unknown: block: [0,0,0], thread: [13,0,0] Assertion `index out of bounds: 0 <= tmp0 < 12` failed. /tmp/torchinductor_jwen929/zi/cziakycaee2pdx7jqzrirfgw67sinuoyddspq5nbrv7egmqtbjk4.py:27: unknown: block: [0,0,0], thread: [17,0,0] Assertion `index out of bounds: 0 <= tmp0 < 12` failed. [cuda_allocator.cpp:231] cudaFreeAsync failed: device-side assert triggered (ptr=0x320000000, device -1) [cuda_allocator.cpp:231] cudaFreeAsync failed: device-side assert triggered (ptr=0x320000a00, device -1) [cuda_allocator.cpp:231] cudaFreeAsync failed: device-side assert triggered (ptr=0x320000600, device -1) [cuda_allocator.cpp:231] cudaFreeAsync failed: device-side assert triggered (ptr=0x320000200, device -1) Error: CUDA driver error: device-side assert triggered [cuda_allocator.cpp:231] cudaFreeAsync failed: device-side assert triggered (ptr=0x320000800, device -1) [method.cpp:1525] CALL_DELEGATE execute failed at instruction 0: 0x1
max_pool2d_with_indices_backward.grad_input	w37:638	CRASH	executor died (native abort)
max_pool2d_with_indices_backward.grad_input	w38:270	CRASH	executor died (native abort)
max_pool2d_with_indices_backward.grad_input	w38:39	CRASH	executor died (native abort)
max_pool2d_with_indices_backward.grad_input	w38:501	CRASH	executor died (native abort)
max_pool2d_with_indices_backward.grad_input	w38:732	CRASH	executor died (native abort)
max_pool2d_with_indices_backward.grad_input	w39:711	CRASH	executor died (native abort)
max_pool2d_with_indices_backward.grad_input	w3:160	CRASH	executor died (native abort)
max_pool2d_with_indices_backward.grad_input	w3:391	CRASH	executor died (native abort)
max_pool2d_with_indices_backward.grad_input	w3:622	CRASH	executor died (native abort)
max_pool2d_with_indices_backward.grad_input	w40:16	CRASH	executor died (native abort)
max_pool2d_with_indices_backward.grad_input	w40:247	SKIP	client RuntimeError: method->execute() failed with error 0x1 | /tmp/torchinductor_jwen929/m7/cm7av5i3zfjddr4r7a7gft2ryzlpfayshwxpqudw7wx7cutemmec.py:26: unknown: block: [0,0,0], thread: [0,0,0] Assertion `index out of bounds: 0 <= tmp0 < 1` failed. /tmp/torchinductor_jwen929/m7/cm7av5i3zfjddr4r7a7gft2ryzlpfayshwxpqudw7wx7cutemmec.py:26: unknown: block: [0,0,0], thread: [1,0,0] Assertion `index out of bounds: 0 <= tmp0 < 1` failed. /tmp/torchinductor_jwen929/m7/cm7av5i3zfjddr4r7a7gft2ryzlpfayshwxpqudw7wx7cutemmec.py:26: unknown: block: [0,0,0], thread: [2,0,0] Assertion `index out of bounds: 0 <= tmp0 < 1` failed. /tmp/torchinductor_jwen929/m7/cm7av5i3zfjddr4r7a7gft2ryzlpfayshwxpqudw7wx7cutemmec.py:26: unknown: block: [0,0,0], thread: [3,0,0] Assertion `index out of bounds: 0 <= tmp0 < 1` failed. /tmp/torchinductor_jwen929/m7/cm7av5i3zfjddr4r7a7gft2ryzlpfayshwxpqudw7wx7cutemmec.py:26: unknown: block: [0,0,0], thread: [4,0,0] Assertion `index out of bounds: 0 <= tmp0 < 1` failed. /tmp/torchinductor_jwen929/m7/cm7av5i3zfjddr4r7a7gft2ryzlpfayshwxpqudw7wx7cutemmec.py:26: unknown: block: [0,0,0], thread: [5,0,0] Assertion `index out of bounds: 0 <= tmp0 < 1` failed. /tmp/torchinductor_jwen929/m7/cm7av5i3zfjddr4r7a7gft2ryzlpfayshwxpqudw7wx7cutemmec.py:26: unknown: block: [0,0,0], thread: [6,0,0] Assertion `index out of bounds: 0 <= tmp0 < 1` failed. /tmp/torchinductor_jwen929/m7/cm7av5i3zfjddr4r7a7gft2ryzlpfayshwxpqudw7wx7cutemmec.py:26: unknown: block: [0,0,0], thread: [7,0,0] Assertion `index out of bounds: 0 <= tmp0 < 1` failed. /tmp/torchinductor_jwen929/m7/cm7av5i3zfjddr4r7a7gft2ryzlpfayshwxpqudw7wx7cutemmec.py:26: unknown: block: [0,0,0], thread: [8,0,0] Assertion `index out of bounds: 0 <= tmp0 < 1` failed. /tmp/torchinductor_jwen929/m7/cm7av5i3zfjddr4r7a7gft2ryzlpfayshwxpqudw7wx7cutemmec.py:26: unknown: block: [0,0,0], thread: [9,0,0] Assertion `index out of bounds: 0 <= tmp0 < 1` failed. /tmp/torchinductor_jwen929/m7/cm7av5i3zfjddr4r7a7gft2ryzlpfayshwxpqudw7wx7cutemmec.py:26: unknown: block: [0,0,0], thread: [10,0,0] Assertion `index out of bounds: 0 <= tmp0 < 1` failed. /tmp/torchinductor_jwen929/m7/cm7av5i3zfjddr4r7a7gft2ryzlpfayshwxpqudw7wx7cutemmec.py:26: unknown: block: [0,0,0], thread: [11,0,0] Assertion `index out of bounds: 0 <= tmp0 < 1` failed. /tmp/torchinductor_jwen929/m7/cm7av5i3zfjddr4r7a7gft2ryzlpfayshwxpqudw7wx7cutemmec.py:26: unknown: block: [0,0,0], thread: [12,0,0] Assertion `index out of bounds: 0 <= tmp0 < 1` failed. /tmp/torchinductor_jwen929/m7/cm7av5i3zfjddr4r7a7gft2ryzlpfayshwxpqudw7wx7cutemmec.py:26: unknown: block: [0,0,0], thread: [13,0,0] Assertion `index out of bounds: 0 <= tmp0 < 1` failed. /tmp/torchinductor_jwen929/m7/cm7av5i3zfjddr4r7a7gft2ryzlpfayshwxpqudw7wx7cutemmec.py:26: unknown: block: [0,0,0], thread: [14,0,0] Assertion `index out of bounds: 0 <= tmp0 < 1` failed. /tmp/torchinductor_jwen929/m7/cm7av5i3zfjddr4r7a7gft2ryzlpfayshwxpqudw7wx7cutemmec.py:26: unknown: block: [0,0,0], thread: [15,0,0] Assertion `index out of bounds: 0 <= tmp0 < 1` failed. /tmp/torchinductor_jwen929/m7/cm7av5i3zfjddr4r7a7gft2ryzlpfayshwxpqudw7wx7cutemmec.py:26: unknown: block: [0,0,0], thread: [16,0,0] Assertion `index out of bounds: 0 <= tmp0 < 1` failed. /tmp/torchinductor_jwen929/m7/cm7av5i3zfjddr4r7a7gft2ryzlpfayshwxpqudw7wx7cutemmec.py:26: unknown: block: [0,0,0], thread: [17,0,0] Assertion `index out of bounds: 0 <= tmp0 < 1` failed. /tmp/torchinductor_jwen929/m7/cm7av5i3zfjddr4r7a7gft2ryzlpfayshwxpqudw7wx7cutemmec.py:26: unknown: block: [0,0,0], thread: [18,0,0] Assertion `index out of bounds: 0 <= tmp0 < 1` failed. /tmp/torchinductor_jwen929/m7/cm7av5i3zfjddr4r7a7gft2ryzlpfayshwxpqudw7wx7cutemmec.py:26: unknown: block: [0,0,0], thread: [19,0,0] Assertion `index out of bounds: 0 <= tmp0 < 1` failed. /tmp/torchinductor_jwen929/m7/cm7av5i3zfjddr4r7a7gft2ryzlpfayshwxpqudw7wx7cutemmec.py:26: unknown: block: [0,0,0], thread: [20,0,0] Assertion `index out of bounds: 0 <= tmp0 < 1` failed. /tmp/torchinductor_jwen929/m7/cm7av5i3zfjddr4r7a7gft2ryzlpfayshwxpqudw7wx7cutemmec.py:26: unknown: block: [0,0,0], thread: [21,0,0] Assertion `index out of bounds: 0 <= tmp0 < 1` failed. /tmp/torchinductor_jwen929/m7/cm7av5i3zfjddr4r7a7gft2ryzlpfayshwxpqudw7wx7cutemmec.py:26: unknown: block: [0,0,0], thread: [22,0,0] Assertion `index out of bounds: 0 <= tmp0 < 1` failed. /tmp/torchinductor_jwen929/m7/cm7av5i3zfjddr4r7a7gft2ryzlpfayshwxpqudw7wx7cutemmec.py:26: unknown: block: [0,0,0], thread: [23,0,0] Assertion `index out of bounds: 0 <= tmp0 < 1` failed. /tmp/torchinductor_jwen929/m7/cm7av5i3zfjddr4r7a7gft2ryzlpfayshwxpqudw7wx7cutemmec.py:26: unknown: block: [0,0,0], thread: [24,0,0] Assertion `index out of bounds: 0 <= tmp0 < 1` failed. /tmp/torchinductor_jwen929/m7/cm7av5i3zfjddr4r7a7gft2ryzlpfayshwxpqudw7wx7cutemmec.py:26: unknown: block: [0,0,0], thread: [25,0,0] Assertion `index out of bounds: 0 <= tmp0 < 1` failed. /tmp/torchinductor_jwen929/m7/cm7av5i3zfjddr4r7a7gft2ryzlpfayshwxpqudw7wx7cutemmec.py:26: unknown: block: [0,0,0], thread: [26,0,0] Assertion `index out of bounds: 0 <= tmp0 < 1` failed. /tmp/torchinductor_jwen929/m7/cm7av5i3zfjddr4r7a7gft2ryzlpfayshwxpqudw7wx7cutemmec.py:26: unknown: block: [0,0,0], thread: [27,0,0] Assertion `index out of bounds: 0 <= tmp0 < 1` failed. /tmp/torchinductor_jwen929/m7/cm7av5i3zfjddr4r7a7gft2ryzlpfayshwxpqudw7wx7cutemmec.py:26: unknown: block: [0,0,0], thread: [28,0,0] Assertion `index out of bounds: 0 <= tmp0 < 1` failed. /tmp/torchinductor_jwen929/m7/cm7av5i3zfjddr4r7a7gft2ryzlpfayshwxpqudw7wx7cutemmec.py:26: unknown: block: [0,0,0], thread: [29,0,0] Assertion `index out of bounds: 0 <= tmp0 < 1` failed. /tmp/torchinductor_jwen929/m7/cm7av5i3zfjddr4r7a7gft2ryzlpfayshwxpqudw7wx7cutemmec.py:26: unknown: block: [0,0,0], thread: [30,0,0] Assertion `index out of bounds: 0 <= tmp0 < 1` failed. /tmp/torchinductor_jwen929/m7/cm7av5i3zfjddr4r7a7gft2ryzlpfayshwxpqudw7wx7cutemmec.py:26: unknown: block: [0,0,0], thread: [31,0,0] Assertion `index out of bounds: 0 <= tmp0 < 1` failed. [cuda_allocator.cpp:231] cudaFreeAsync failed: device-side assert triggered (ptr=0x320000000, device -1) [cuda_allocator.cpp:231] cudaFreeAsync failed: device-side assert triggered (ptr=0x320000a00, device -1) [cuda_allocator.cpp:231] cudaFreeAsync failed: device-side assert triggered (ptr=0x320000600, device -1) [cuda_allocator.cpp:231] cudaFreeAsync failed: device-side assert triggered (ptr=0x320000200, device -1) Error: CUDA driver error: device-side assert triggered [cuda_allocator.cpp:231] cudaFreeAsync failed: device-side assert triggered (ptr=0x320000800, device -1) [method.cpp:1525] CALL_DELEGATE execute failed at instruction 0: 0x1
max_pool2d_with_indices_backward.grad_input	w40:478	CRASH	executor died (native abort)
max_pool2d_with_indices_backward.grad_input	w41:519	CRASH	executor died (native abort)
max_pool2d_with_indices_backward.grad_input	w41:57	CRASH	executor died (native abort)
max_pool2d_with_indices_backward.grad_input	w42:93	CRASH	executor died (native abort)
max_pool2d_with_indices_backward.grad_input	w43:84	SKIP	client RuntimeError: method->execute() failed with error 0x1 | /tmp/torchinductor_jwen929/eu/ceu7tfhsu3du5x7zlduyagdal2crdfpct4znx4gg7c3xlgg3elbr.py:26: unknown: block: [0,0,0], thread: [1,0,0] Assertion `index out of bounds: 0 <= tmp0 < 3` failed. /tmp/torchinductor_jwen929/eu/ceu7tfhsu3du5x7zlduyagdal2crdfpct4znx4gg7c3xlgg3elbr.py:26: unknown: block: [0,0,0], thread: [2,0,0] Assertion `index out of bounds: 0 <= tmp0 < 3` failed. /tmp/torchinductor_jwen929/eu/ceu7tfhsu3du5x7zlduyagdal2crdfpct4znx4gg7c3xlgg3elbr.py:26: unknown: block: [0,0,0], thread: [3,0,0] Assertion `index out of bounds: 0 <= tmp0 < 3` failed. /tmp/torchinductor_jwen929/eu/ceu7tfhsu3du5x7zlduyagdal2crdfpct4znx4gg7c3xlgg3elbr.py:26: unknown: block: [0,0,0], thread: [5,0,0] Assertion `index out of bounds: 0 <= tmp0 < 3` failed. /tmp/torchinductor_jwen929/eu/ceu7tfhsu3du5x7zlduyagdal2crdfpct4znx4gg7c3xlgg3elbr.py:26: unknown: block: [0,0,0], thread: [6,0,0] Assertion `index out of bounds: 0 <= tmp0 < 3` failed. /tmp/torchinductor_jwen929/eu/ceu7tfhsu3du5x7zlduyagdal2crdfpct4znx4gg7c3xlgg3elbr.py:26: unknown: block: [0,0,0], thread: [7,0,0] Assertion `index out of bounds: 0 <= tmp0 < 3` failed. /tmp/torchinductor_jwen929/eu/ceu7tfhsu3du5x7zlduyagdal2crdfpct4znx4gg7c3xlgg3elbr.py:26: unknown: block: [0,0,0], thread: [9,0,0] Assertion `index out of bounds: 0 <= tmp0 < 3` failed. /tmp/torchinductor_jwen929/eu/ceu7tfhsu3du5x7zlduyagdal2crdfpct4znx4gg7c3xlgg3elbr.py:26: unknown: block: [0,0,0], thread: [10,0,0] Assertion `index out of bounds: 0 <= tmp0 < 3` failed. /tmp/torchinductor_jwen929/eu/ceu7tfhsu3du5x7zlduyagdal2crdfpct4znx4gg7c3xlgg3elbr.py:26: unknown: block: [0,0,0], thread: [11,0,0] Assertion `index out of bounds: 0 <= tmp0 < 3` failed. /tmp/torchinductor_jwen929/eu/ceu7tfhsu3du5x7zlduyagdal2crdfpct4znx4gg7c3xlgg3elbr.py:26: unknown: block: [0,0,0], thread: [13,0,0] Assertion `index out of bounds: 0 <= tmp0 < 3` failed. /tmp/torchinductor_jwen929/eu/ceu7tfhsu3du5x7zlduyagdal2crdfpct4znx4gg7c3xlgg3elbr.py:26: unknown: block: [0,0,0], thread: [14,0,0] Assertion `index out of bounds: 0 <= tmp0 < 3` failed. /tmp/torchinductor_jwen929/eu/ceu7tfhsu3du5x7zlduyagdal2crdfpct4znx4gg7c3xlgg3elbr.py:26: unknown: block: [0,0,0], thread: [15,0,0] Assertion `index out of bounds: 0 <= tmp0 < 3` failed. /tmp/torchinductor_jwen929/eu/ceu7tfhsu3du5x7zlduyagdal2crdfpct4znx4gg7c3xlgg3elbr.py:26: unknown: block: [0,0,0], thread: [17,0,0] Assertion `index out of bounds: 0 <= tmp0 < 3` failed. /tmp/torchinductor_jwen929/eu/ceu7tfhsu3du5x7zlduyagdal2crdfpct4znx4gg7c3xlgg3elbr.py:26: unknown: block: [0,0,0], thread: [18,0,0] Assertion `index out of bounds: 0 <= tmp0 < 3` failed. /tmp/torchinductor_jwen929/eu/ceu7tfhsu3du5x7zlduyagdal2crdfpct4znx4gg7c3xlgg3elbr.py:26: unknown: block: [0,0,0], thread: [19,0,0] Assertion `index out of bounds: 0 <= tmp0 < 3` failed. /tmp/torchinductor_jwen929/eu/ceu7tfhsu3du5x7zlduyagdal2crdfpct4znx4gg7c3xlgg3elbr.py:26: unknown: block: [0,0,0], thread: [21,0,0] Assertion `index out of bounds: 0 <= tmp0 < 3` failed. /tmp/torchinductor_jwen929/eu/ceu7tfhsu3du5x7zlduyagdal2crdfpct4znx4gg7c3xlgg3elbr.py:26: unknown: block: [0,0,0], thread: [22,0,0] Assertion `index out of bounds: 0 <= tmp0 < 3` failed. /tmp/torchinductor_jwen929/eu/ceu7tfhsu3du5x7zlduyagdal2crdfpct4znx4gg7c3xlgg3elbr.py:26: unknown: block: [0,0,0], thread: [23,0,0] Assertion `index out of bounds: 0 <= tmp0 < 3` failed. /tmp/torchinductor_jwen929/eu/ceu7tfhsu3du5x7zlduyagdal2crdfpct4znx4gg7c3xlgg3elbr.py:26: unknown: block: [0,0,0], thread: [25,0,0] Assertion `index out of bounds: 0 <= tmp0 < 3` failed. /tmp/torchinductor_jwen929/eu/ceu7tfhsu3du5x7zlduyagdal2crdfpct4znx4gg7c3xlgg3elbr.py:26: unknown: block: [0,0,0], thread: [26,0,0] Assertion `index out of bounds: 0 <= tmp0 < 3` failed. /tmp/torchinductor_jwen929/eu/ceu7tfhsu3du5x7zlduyagdal2crdfpct4znx4gg7c3xlgg3elbr.py:26: unknown: block: [0,0,0], thread: [27,0,0] Assertion `index out of bounds: 0 <= tmp0 < 3` failed. /tmp/torchinductor_jwen929/eu/ceu7tfhsu3du5x7zlduyagdal2crdfpct4znx4gg7c3xlgg3elbr.py:26: unknown: block: [0,0,0], thread: [29,0,0] Assertion `index out of bounds: 0 <= tmp0 < 3` failed. /tmp/torchinductor_jwen929/eu/ceu7tfhsu3du5x7zlduyagdal2crdfpct4znx4gg7c3xlgg3elbr.py:26: unknown: block: [0,0,0], thread: [30,0,0] Assertion `index out of bounds: 0 <= tmp0 < 3` failed. /tmp/torchinductor_jwen929/eu/ceu7tfhsu3du5x7zlduyagdal2crdfpct4znx4gg7c3xlgg3elbr.py:26: unknown: block: [0,0,0], thread: [31,0,0] Assertion `index out of bounds: 0 <= tmp0 < 3` failed. [cuda_allocator.cpp:231] cudaFreeAsync failed: device-side assert triggered (ptr=0x320000000, device -1) [cuda_allocator.cpp:231] cudaFreeAsync failed: device-side assert triggered (ptr=0x320000a00, device -1) [cuda_allocator.cpp:231] cudaFreeAsync failed: device-side assert triggered (ptr=0x320000600, device -1) [cuda_allocator.cpp:231] cudaFreeAsync failed: device-side assert triggered (ptr=0x320000200, device -1) Error: CUDA driver error: device-side assert triggered [cuda_allocator.cpp:231] cudaFreeAsync failed: device-side assert triggered (ptr=0x320000800, device -1) [method.cpp:1525] CALL_DELEGATE execute failed at instruction 0: 0x1
max_pool2d_with_indices_backward.grad_input	w44:13	CRASH	executor died (native abort)
max_pool2d_with_indices_backward.grad_input	w44:244	CRASH	executor died (native abort)
max_pool2d_with_indices_backward.grad_input	w44:706	CRASH	executor died (native abort)
max_pool2d_with_indices_backward.grad_input	w45:33	CRASH	executor died (native abort)
max_pool2d_with_indices_backward.grad_input	w45:495	CRASH	executor died (native abort)
max_pool2d_with_indices_backward.grad_input	w45:726	CRASH	executor died (native abort)
max_pool2d_with_indices_backward.grad_input	w46:22	SKIP	client RuntimeError: method->execute() failed with error 0x1 | /tmp/torchinductor_jwen929/dj/cdjosaesefb7ninrmycjtm3lugekp56xxkvhfd73md4yy242fjio.py:26: unknown: block: [0,0,0], thread: [1,0,0] Assertion `index out of bounds: 0 <= tmp0 < 4` failed. /tmp/torchinductor_jwen929/dj/cdjosaesefb7ninrmycjtm3lugekp56xxkvhfd73md4yy242fjio.py:26: unknown: block: [0,0,0], thread: [2,0,0] Assertion `index out of bounds: 0 <= tmp0 < 4` failed. /tmp/torchinductor_jwen929/dj/cdjosaesefb7ninrmycjtm3lugekp56xxkvhfd73md4yy242fjio.py:26: unknown: block: [0,0,0], thread: [5,0,0] Assertion `index out of bounds: 0 <= tmp0 < 4` failed. /tmp/torchinductor_jwen929/dj/cdjosaesefb7ninrmycjtm3lugekp56xxkvhfd73md4yy242fjio.py:26: unknown: block: [0,0,0], thread: [6,0,0] Assertion `index out of bounds: 0 <= tmp0 < 4` failed. /tmp/torchinductor_jwen929/dj/cdjosaesefb7ninrmycjtm3lugekp56xxkvhfd73md4yy242fjio.py:26: unknown: block: [0,0,0], thread: [9,0,0] Assertion `index out of bounds: 0 <= tmp0 < 4` failed. /tmp/torchinductor_jwen929/dj/cdjosaesefb7ninrmycjtm3lugekp56xxkvhfd73md4yy242fjio.py:26: unknown: block: [0,0,0], thread: [10,0,0] Assertion `index out of bounds: 0 <= tmp0 < 4` failed. /tmp/torchinductor_jwen929/dj/cdjosaesefb7ninrmycjtm3lugekp56xxkvhfd73md4yy242fjio.py:26: unknown: block: [0,0,0], thread: [13,0,0] Assertion `index out of bounds: 0 <= tmp0 < 4` failed. /tmp/torchinductor_jwen929/dj/cdjosaesefb7ninrmycjtm3lugekp56xxkvhfd73md4yy242fjio.py:26: unknown: block: [0,0,0], thread: [14,0,0] Assertion `index out of bounds: 0 <= tmp0 < 4` failed. /tmp/torchinductor_jwen929/dj/cdjosaesefb7ninrmycjtm3lugekp56xxkvhfd73md4yy242fjio.py:26: unknown: block: [0,0,0], thread: [17,0,0] Assertion `index out of bounds: 0 <= tmp0 < 4` failed. /tmp/torchinductor_jwen929/dj/cdjosaesefb7ninrmycjtm3lugekp56xxkvhfd73md4yy242fjio.py:26: unknown: block: [0,0,0], thread: [18,0,0] Assertion `index out of bounds: 0 <= tmp0 < 4` failed. /tmp/torchinductor_jwen929/dj/cdjosaesefb7ninrmycjtm3lugekp56xxkvhfd73md4yy242fjio.py:26: unknown: block: [0,0,0], thread: [21,0,0] Assertion `index out of bounds: 0 <= tmp0 < 4` failed. /tmp/torchinductor_jwen929/dj/cdjosaesefb7ninrmycjtm3lugekp56xxkvhfd73md4yy242fjio.py:26: unknown: block: [0,0,0], thread: [22,0,0] Assertion `index out of bounds: 0 <= tmp0 < 4` failed. /tmp/torchinductor_jwen929/dj/cdjosaesefb7ninrmycjtm3lugekp56xxkvhfd73md4yy242fjio.py:26: unknown: block: [0,0,0], thread: [25,0,0] Assertion `index out of bounds: 0 <= tmp0 < 4` failed. /tmp/torchinductor_jwen929/dj/cdjosaesefb7ninrmycjtm3lugekp56xxkvhfd73md4yy242fjio.py:26: unknown: block: [0,0,0], thread: [26,0,0] Assertion `index out of bounds: 0 <= tmp0 < 4` failed. /tmp/torchinductor_jwen929/dj/cdjosaesefb7ninrmycjtm3lugekp56xxkvhfd73md4yy242fjio.py:26: unknown: block: [0,0,0], thread: [29,0,0] Assertion `index out of bounds: 0 <= tmp0 < 4` failed. /tmp/torchinductor_jwen929/dj/cdjosaesefb7ninrmycjtm3lugekp56xxkvhfd73md4yy242fjio.py:26: unknown: block: [0,0,0], thread: [30,0,0] Assertion `index out of bounds: 0 <= tmp0 < 4` failed. [cuda_allocator.cpp:231] cudaFreeAsync failed: device-side assert triggered (ptr=0x320000000, device -1) [cuda_allocator.cpp:231] cudaFreeAsync failed: device-side assert triggered (ptr=0x320000a00, device -1) [cuda_allocator.cpp:231] cudaFreeAsync failed: device-side assert triggered (ptr=0x320000600, device -1) [cuda_allocator.cpp:231] cudaFreeAsync failed: device-side assert triggered (ptr=0x320000200, device -1) Error: CUDA driver error: device-side assert triggered [cuda_allocator.cpp:231] cudaFreeAsync failed: device-side assert triggered (ptr=0x320000800, device -1) [method.cpp:1525] CALL_DELEGATE execute failed at instruction 0: 0x1
max_pool2d_with_indices_backward.grad_input	w46:253	CRASH	executor died (native abort)
max_pool2d_with_indices_backward.grad_input	w46:715	CRASH	executor died (native abort)
max_pool2d_with_indices_backward.grad_input	w47:261	CRASH	executor died (native abort)
max_pool2d_with_indices_backward.grad_input	w47:30	CRASH	executor died (native abort)
max_pool2d_with_indices_backward.grad_input	w47:492	CRASH	executor died (native abort)
max_pool2d_with_indices_backward.grad_input	w47:723	CRASH	executor died (native abort)
max_pool2d_with_indices_backward.grad_input	w48:375	CRASH	executor died (native abort)
max_pool2d_with_indices_backward.grad_input	w48:606	SKIP	client RuntimeError: method->execute() failed with error 0x1 | /tmp/torchinductor_jwen929/hk/chkurn232raa2zgjsijhqso7rm3vujbbs7wkhu6co5oufdv4npbw.py:27: unknown: block: [0,0,0], thread: [0,0,0] Assertion `index out of bounds: 0 <= tmp0 < 4` failed. /tmp/torchinductor_jwen929/hk/chkurn232raa2zgjsijhqso7rm3vujbbs7wkhu6co5oufdv4npbw.py:27: unknown: block: [0,0,0], thread: [1,0,0] Assertion `index out of bounds: 0 <= tmp0 < 4` failed. /tmp/torchinductor_jwen929/hk/chkurn232raa2zgjsijhqso7rm3vujbbs7wkhu6co5oufdv4npbw.py:27: unknown: block: [0,0,0], thread: [2,0,0] Assertion `index out of bounds: 0 <= tmp0 < 4` failed. /tmp/torchinductor_jwen929/hk/chkurn232raa2zgjsijhqso7rm3vujbbs7wkhu6co5oufdv4npbw.py:27: unknown: block: [0,0,0], thread: [3,0,0] Assertion `index out of bounds: 0 <= tmp0 < 4` failed. /tmp/torchinductor_jwen929/hk/chkurn232raa2zgjsijhqso7rm3vujbbs7wkhu6co5oufdv4npbw.py:27: unknown: block: [0,0,0], thread: [4,0,0] Assertion `index out of bounds: 0 <= tmp0 < 4` failed. /tmp/torchinductor_jwen929/hk/chkurn232raa2zgjsijhqso7rm3vujbbs7wkhu6co5oufdv4npbw.py:27: unknown: block: [0,0,0], thread: [5,0,0] Assertion `index out of bounds: 0 <= tmp0 < 4` failed. /tmp/torchinductor_jwen929/hk/chkurn232raa2zgjsijhqso7rm3vujbbs7wkhu6co5oufdv4npbw.py:27: unknown: block: [0,0,0], thread: [8,0,0] Assertion `index out of bounds: 0 <= tmp0 < 4` failed. /tmp/torchinductor_jwen929/hk/chkurn232raa2zgjsijhqso7rm3vujbbs7wkhu6co5oufdv4npbw.py:27: unknown: block: [0,0,0], thread: [9,0,0] Assertion `index out of bounds: 0 <= tmp0 < 4` failed. /tmp/torchinductor_jwen929/hk/chkurn232raa2zgjsijhqso7rm3vujbbs7wkhu6co5oufdv4npbw.py:27: unknown: block: [0,0,0], thread: [10,0,0] Assertion `index out of bounds: 0 <= tmp0 < 4` failed. /tmp/torchinductor_jwen929/hk/chkurn232raa2zgjsijhqso7rm3vujbbs7wkhu6co5oufdv4npbw.py:27: unknown: block: [0,0,0], thread: [11,0,0] Assertion `index out of bounds: 0 <= tmp0 < 4` failed. /tmp/torchinductor_jwen929/hk/chkurn232raa2zgjsijhqso7rm3vujbbs7wkhu6co5oufdv4npbw.py:27: unknown: block: [0,0,0], thread: [12,0,0] Assertion `index out of bounds: 0 <= tmp0 < 4` failed. /tmp/torchinductor_jwen929/hk/chkurn232raa2zgjsijhqso7rm3vujbbs7wkhu6co5oufdv4npbw.py:27: unknown: block: [0,0,0], thread: [13,0,0] Assertion `index out of bounds: 0 <= tmp0 < 4` failed. /tmp/torchinductor_jwen929/hk/chkurn232raa2zgjsijhqso7rm3vujbbs7wkhu6co5oufdv4npbw.py:27: unknown: block: [0,0,0], thread: [16,0,0] Assertion `index out of bounds: 0 <= tmp0 < 4` failed. /tmp/torchinductor_jwen929/hk/chkurn232raa2zgjsijhqso7rm3vujbbs7wkhu6co5oufdv4npbw.py:27: unknown: block: [0,0,0], thread: [17,0,0] Assertion `index out of bounds: 0 <= tmp0 < 4` failed. /tmp/torchinductor_jwen929/hk/chkurn232raa2zgjsijhqso7rm3vujbbs7wkhu6co5oufdv4npbw.py:27: unknown: block: [0,0,0], thread: [18,0,0] Assertion `index out of bounds: 0 <= tmp0 < 4` failed. /tmp/torchinductor_jwen929/hk/chkurn232raa2zgjsijhqso7rm3vujbbs7wkhu6co5oufdv4npbw.py:27: unknown: block: [0,0,0], thread: [19,0,0] Assertion `index out of bounds: 0 <= tmp0 < 4` failed. /tmp/torchinductor_jwen929/hk/chkurn232raa2zgjsijhqso7rm3vujbbs7wkhu6co5oufdv4npbw.py:27: unknown: block: [0,0,0], thread: [20,0,0] Assertion `index out of bounds: 0 <= tmp0 < 4` failed. /tmp/torchinductor_jwen929/hk/chkurn232raa2zgjsijhqso7rm3vujbbs7wkhu6co5oufdv4npbw.py:27: unknown: block: [0,0,0], thread: [21,0,0] Assertion `index out of bounds: 0 <= tmp0 < 4` failed. /tmp/torchinductor_jwen929/hk/chkurn232raa2zgjsijhqso7rm3vujbbs7wkhu6co5oufdv4npbw.py:27: unknown: block: [0,0,0], thread: [24,0,0] Assertion `index out of bounds: 0 <= tmp0 < 4` failed. /tmp/torchinductor_jwen929/hk/chkurn232raa2zgjsijhqso7rm3vujbbs7wkhu6co5oufdv4npbw.py:27: unknown: block: [0,0,0], thread: [25,0,0] Assertion `index out of bounds: 0 <= tmp0 < 4` failed. /tmp/torchinductor_jwen929/hk/chkurn232raa2zgjsijhqso7rm3vujbbs7wkhu6co5oufdv4npbw.py:27: unknown: block: [0,0,0], thread: [26,0,0] Assertion `index out of bounds: 0 <= tmp0 < 4` failed. /tmp/torchinductor_jwen929/hk/chkurn232raa2zgjsijhqso7rm3vujbbs7wkhu6co5oufdv4npbw.py:27: unknown: block: [0,0,0], thread: [27,0,0] Assertion `index out of bounds: 0 <= tmp0 < 4` failed. /tmp/torchinductor_jwen929/hk/chkurn232raa2zgjsijhqso7rm3vujbbs7wkhu6co5oufdv4npbw.py:27: unknown: block: [0,0,0], thread: [28,0,0] Assertion `index out of bounds: 0 <= tmp0 < 4` failed. /tmp/torchinductor_jwen929/hk/chkurn232raa2zgjsijhqso7rm3vujbbs7wkhu6co5oufdv4npbw.py:27: unknown: block: [0,0,0], thread: [29,0,0] Assertion `index out of bounds: 0 <= tmp0 < 4` failed. [cuda_allocator.cpp:231] cudaFreeAsync failed: device-side assert triggered (ptr=0x320000000, device -1) [cuda_allocator.cpp:231] cudaFreeAsync failed: device-side assert triggered (ptr=0x320000a00, device -1) [cuda_allocator.cpp:231] cudaFreeAsync failed: device-side assert triggered (ptr=0x320000600, device -1) [cuda_allocator.cpp:231] cudaFreeAsync failed: device-side assert triggered (ptr=0x320000200, device -1) Error: CUDA driver error: device-side assert triggered [cuda_allocator.cpp:231] cudaFreeAsync failed: device-side assert triggered (ptr=0x320000800, device -1) [method.cpp:1525] CALL_DELEGATE execute failed at instruction 0: 0x1
max_pool2d_with_indices_backward.grad_input	w49:572	CRASH	executor died (native abort)
max_pool2d_with_indices_backward.grad_input	w4:646	CRASH	executor died (native abort)
max_pool2d_with_indices_backward.grad_input	w50:327	CRASH	executor died (native abort)
max_pool2d_with_indices_backward.grad_input	w50:96	SKIP	client RuntimeError: method->execute() failed with error 0x1 | /tmp/torchinductor_jwen929/wj/cwj7lg6mkfjrngd75hmxxc2paygvo2pw3hkbdljskraiofl4n337.py:27: unknown: block: [0,0,0], thread: [0,0,0] Assertion `index out of bounds: 0 <= tmp0 < 16` failed. /tmp/torchinductor_jwen929/wj/cwj7lg6mkfjrngd75hmxxc2paygvo2pw3hkbdljskraiofl4n337.py:27: unknown: block: [0,0,0], thread: [1,0,0] Assertion `index out of bounds: 0 <= tmp0 < 16` failed. /tmp/torchinductor_jwen929/wj/cwj7lg6mkfjrngd75hmxxc2paygvo2pw3hkbdljskraiofl4n337.py:27: unknown: block: [0,0,0], thread: [4,0,0] Assertion `index out of bounds: 0 <= tmp0 < 16` failed. /tmp/torchinductor_jwen929/wj/cwj7lg6mkfjrngd75hmxxc2paygvo2pw3hkbdljskraiofl4n337.py:27: unknown: block: [0,0,0], thread: [5,0,0] Assertion `index out of bounds: 0 <= tmp0 < 16` failed. /tmp/torchinductor_jwen929/wj/cwj7lg6mkfjrngd75hmxxc2paygvo2pw3hkbdljskraiofl4n337.py:27: unknown: block: [0,0,0], thread: [8,0,0] Assertion `index out of bounds: 0 <= tmp0 < 16` failed. /tmp/torchinductor_jwen929/wj/cwj7lg6mkfjrngd75hmxxc2paygvo2pw3hkbdljskraiofl4n337.py:27: unknown: block: [0,0,0], thread: [9,0,0] Assertion `index out of bounds: 0 <= tmp0 < 16` failed. /tmp/torchinductor_jwen929/wj/cwj7lg6mkfjrngd75hmxxc2paygvo2pw3hkbdljskraiofl4n337.py:27: unknown: block: [0,0,0], thread: [12,0,0] Assertion `index out of bounds: 0 <= tmp0 < 16` failed. /tmp/torchinductor_jwen929/wj/cwj7lg6mkfjrngd75hmxxc2paygvo2pw3hkbdljskraiofl4n337.py:27: unknown: block: [0,0,0], thread: [13,0,0] Assertion `index out of bounds: 0 <= tmp0 < 16` failed. /tmp/torchinductor_jwen929/wj/cwj7lg6mkfjrngd75hmxxc2paygvo2pw3hkbdljskraiofl4n337.py:27: unknown: block: [0,0,0], thread: [16,0,0] Assertion `index out of bounds: 0 <= tmp0 < 16` failed. /tmp/torchinductor_jwen929/wj/cwj7lg6mkfjrngd75hmxxc2paygvo2pw3hkbdljskraiofl4n337.py:27: unknown: block: [0,0,0], thread: [17,0,0] Assertion `index out of bounds: 0 <= tmp0 < 16` failed. /tmp/torchinductor_jwen929/wj/cwj7lg6mkfjrngd75hmxxc2paygvo2pw3hkbdljskraiofl4n337.py:27: unknown: block: [0,0,0], thread: [20,0,0] Assertion `index out of bounds: 0 <= tmp0 < 16` failed. /tmp/torchinductor_jwen929/wj/cwj7lg6mkfjrngd75hmxxc2paygvo2pw3hkbdljskraiofl4n337.py:27: unknown: block: [0,0,0], thread: [21,0,0] Assertion `index out of bounds: 0 <= tmp0 < 16` failed. /tmp/torchinductor_jwen929/wj/cwj7lg6mkfjrngd75hmxxc2paygvo2pw3hkbdljskraiofl4n337.py:27: unknown: block: [0,0,0], thread: [24,0,0] Assertion `index out of bounds: 0 <= tmp0 < 16` failed. /tmp/torchinductor_jwen929/wj/cwj7lg6mkfjrngd75hmxxc2paygvo2pw3hkbdljskraiofl4n337.py:27: unknown: block: [0,0,0], thread: [25,0,0] Assertion `index out of bounds: 0 <= tmp0 < 16` failed. /tmp/torchinductor_jwen929/wj/cwj7lg6mkfjrngd75hmxxc2paygvo2pw3hkbdljskraiofl4n337.py:27: unknown: block: [0,0,0], thread: [28,0,0] Assertion `index out of bounds: 0 <= tmp0 < 16` failed. /tmp/torchinductor_jwen929/wj/cwj7lg6mkfjrngd75hmxxc2paygvo2pw3hkbdljskraiofl4n337.py:27: unknown: block: [0,0,0], thread: [29,0,0] Assertion `index out of bounds: 0 <= tmp0 < 16` failed. [cuda_allocator.cpp:231] cudaFreeAsync failed: device-side assert triggered (ptr=0x320000000, device -1) [cuda_allocator.cpp:231] cudaFreeAsync failed: device-side assert triggered (ptr=0x320000a00, device -1) [cuda_allocator.cpp:231] cudaFreeAsync failed: device-side assert triggered (ptr=0x320000600, device -1) [cuda_allocator.cpp:231] cudaFreeAsync failed: device-side assert triggered (ptr=0x320000200, device -1) Error: CUDA driver error: device-side assert triggered [cuda_allocator.cpp:231] cudaFreeAsync failed: device-side assert triggered (ptr=0x320000800, device -1) [method.cpp:1525] CALL_DELEGATE execute failed at instruction 0: 0x1
max_pool2d_with_indices_backward.grad_input	w51:365	CRASH	executor died (native abort)
max_pool2d_with_indices_backward.grad_input	w51:596	CRASH	executor died (native abort)
max_pool2d_with_indices_backward.grad_input	w52:190	CRASH	executor died (native abort)
max_pool2d_with_indices_backward.grad_input	w52:652	CRASH	executor died (native abort)
max_pool2d_with_indices_backward.grad_input	w53:226	CRASH	executor died (native abort)
max_pool2d_with_indices_backward.grad_input	w53:457	CRASH	executor died (native abort)
max_pool2d_with_indices_backward.grad_input	w53:688	SKIP	client RuntimeError: method->execute() failed with error 0x1 | /tmp/torchinductor_jwen929/m7/cm7av5i3zfjddr4r7a7gft2ryzlpfayshwxpqudw7wx7cutemmec.py:26: unknown: block: [0,0,0], thread: [0,0,0] Assertion `index out of bounds: 0 <= tmp0 < 1` failed. /tmp/torchinductor_jwen929/m7/cm7av5i3zfjddr4r7a7gft2ryzlpfayshwxpqudw7wx7cutemmec.py:26: unknown: block: [0,0,0], thread: [1,0,0] Assertion `index out of bounds: 0 <= tmp0 < 1` failed. /tmp/torchinductor_jwen929/m7/cm7av5i3zfjddr4r7a7gft2ryzlpfayshwxpqudw7wx7cutemmec.py:26: unknown: block: [0,0,0], thread: [2,0,0] Assertion `index out of bounds: 0 <= tmp0 < 1` failed. /tmp/torchinductor_jwen929/m7/cm7av5i3zfjddr4r7a7gft2ryzlpfayshwxpqudw7wx7cutemmec.py:26: unknown: block: [0,0,0], thread: [3,0,0] Assertion `index out of bounds: 0 <= tmp0 < 1` failed. /tmp/torchinductor_jwen929/m7/cm7av5i3zfjddr4r7a7gft2ryzlpfayshwxpqudw7wx7cutemmec.py:26: unknown: block: [0,0,0], thread: [4,0,0] Assertion `index out of bounds: 0 <= tmp0 < 1` failed. /tmp/torchinductor_jwen929/m7/cm7av5i3zfjddr4r7a7gft2ryzlpfayshwxpqudw7wx7cutemmec.py:26: unknown: block: [0,0,0], thread: [5,0,0] Assertion `index out of bounds: 0 <= tmp0 < 1` failed. /tmp/torchinductor_jwen929/m7/cm7av5i3zfjddr4r7a7gft2ryzlpfayshwxpqudw7wx7cutemmec.py:26: unknown: block: [0,0,0], thread: [6,0,0] Assertion `index out of bounds: 0 <= tmp0 < 1` failed. /tmp/torchinductor_jwen929/m7/cm7av5i3zfjddr4r7a7gft2ryzlpfayshwxpqudw7wx7cutemmec.py:26: unknown: block: [0,0,0], thread: [7,0,0] Assertion `index out of bounds: 0 <= tmp0 < 1` failed. /tmp/torchinductor_jwen929/m7/cm7av5i3zfjddr4r7a7gft2ryzlpfayshwxpqudw7wx7cutemmec.py:26: unknown: block: [0,0,0], thread: [8,0,0] Assertion `index out of bounds: 0 <= tmp0 < 1` failed. /tmp/torchinductor_jwen929/m7/cm7av5i3zfjddr4r7a7gft2ryzlpfayshwxpqudw7wx7cutemmec.py:26: unknown: block: [0,0,0], thread: [9,0,0] Assertion `index out of bounds: 0 <= tmp0 < 1` failed. /tmp/torchinductor_jwen929/m7/cm7av5i3zfjddr4r7a7gft2ryzlpfayshwxpqudw7wx7cutemmec.py:26: unknown: block: [0,0,0], thread: [10,0,0] Assertion `index out of bounds: 0 <= tmp0 < 1` failed. /tmp/torchinductor_jwen929/m7/cm7av5i3zfjddr4r7a7gft2ryzlpfayshwxpqudw7wx7cutemmec.py:26: unknown: block: [0,0,0], thread: [11,0,0] Assertion `index out of bounds: 0 <= tmp0 < 1` failed. /tmp/torchinductor_jwen929/m7/cm7av5i3zfjddr4r7a7gft2ryzlpfayshwxpqudw7wx7cutemmec.py:26: unknown: block: [0,0,0], thread: [12,0,0] Assertion `index out of bounds: 0 <= tmp0 < 1` failed. /tmp/torchinductor_jwen929/m7/cm7av5i3zfjddr4r7a7gft2ryzlpfayshwxpqudw7wx7cutemmec.py:26: unknown: block: [0,0,0], thread: [13,0,0] Assertion `index out of bounds: 0 <= tmp0 < 1` failed. /tmp/torchinductor_jwen929/m7/cm7av5i3zfjddr4r7a7gft2ryzlpfayshwxpqudw7wx7cutemmec.py:26: unknown: block: [0,0,0], thread: [14,0,0] Assertion `index out of bounds: 0 <= tmp0 < 1` failed. /tmp/torchinductor_jwen929/m7/cm7av5i3zfjddr4r7a7gft2ryzlpfayshwxpqudw7wx7cutemmec.py:26: unknown: block: [0,0,0], thread: [15,0,0] Assertion `index out of bounds: 0 <= tmp0 < 1` failed. /tmp/torchinductor_jwen929/m7/cm7av5i3zfjddr4r7a7gft2ryzlpfayshwxpqudw7wx7cutemmec.py:26: unknown: block: [0,0,0], thread: [16,0,0] Assertion `index out of bounds: 0 <= tmp0 < 1` failed. /tmp/torchinductor_jwen929/m7/cm7av5i3zfjddr4r7a7gft2ryzlpfayshwxpqudw7wx7cutemmec.py:26: unknown: block: [0,0,0], thread: [17,0,0] Assertion `index out of bounds: 0 <= tmp0 < 1` failed. /tmp/torchinductor_jwen929/m7/cm7av5i3zfjddr4r7a7gft2ryzlpfayshwxpqudw7wx7cutemmec.py:26: unknown: block: [0,0,0], thread: [18,0,0] Assertion `index out of bounds: 0 <= tmp0 < 1` failed. /tmp/torchinductor_jwen929/m7/cm7av5i3zfjddr4r7a7gft2ryzlpfayshwxpqudw7wx7cutemmec.py:26: unknown: block: [0,0,0], thread: [19,0,0] Assertion `index out of bounds: 0 <= tmp0 < 1` failed. /tmp/torchinductor_jwen929/m7/cm7av5i3zfjddr4r7a7gft2ryzlpfayshwxpqudw7wx7cutemmec.py:26: unknown: block: [0,0,0], thread: [20,0,0] Assertion `index out of bounds: 0 <= tmp0 < 1` failed. /tmp/torchinductor_jwen929/m7/cm7av5i3zfjddr4r7a7gft2ryzlpfayshwxpqudw7wx7cutemmec.py:26: unknown: block: [0,0,0], thread: [21,0,0] Assertion `index out of bounds: 0 <= tmp0 < 1` failed. /tmp/torchinductor_jwen929/m7/cm7av5i3zfjddr4r7a7gft2ryzlpfayshwxpqudw7wx7cutemmec.py:26: unknown: block: [0,0,0], thread: [22,0,0] Assertion `index out of bounds: 0 <= tmp0 < 1` failed. /tmp/torchinductor_jwen929/m7/cm7av5i3zfjddr4r7a7gft2ryzlpfayshwxpqudw7wx7cutemmec.py:26: unknown: block: [0,0,0], thread: [23,0,0] Assertion `index out of bounds: 0 <= tmp0 < 1` failed. /tmp/torchinductor_jwen929/m7/cm7av5i3zfjddr4r7a7gft2ryzlpfayshwxpqudw7wx7cutemmec.py:26: unknown: block: [0,0,0], thread: [24,0,0] Assertion `index out of bounds: 0 <= tmp0 < 1` failed. /tmp/torchinductor_jwen929/m7/cm7av5i3zfjddr4r7a7gft2ryzlpfayshwxpqudw7wx7cutemmec.py:26: unknown: block: [0,0,0], thread: [25,0,0] Assertion `index out of bounds: 0 <= tmp0 < 1` failed. /tmp/torchinductor_jwen929/m7/cm7av5i3zfjddr4r7a7gft2ryzlpfayshwxpqudw7wx7cutemmec.py:26: unknown: block: [0,0,0], thread: [26,0,0] Assertion `index out of bounds: 0 <= tmp0 < 1` failed. /tmp/torchinductor_jwen929/m7/cm7av5i3zfjddr4r7a7gft2ryzlpfayshwxpqudw7wx7cutemmec.py:26: unknown: block: [0,0,0], thread: [27,0,0] Assertion `index out of bounds: 0 <= tmp0 < 1` failed. /tmp/torchinductor_jwen929/m7/cm7av5i3zfjddr4r7a7gft2ryzlpfayshwxpqudw7wx7cutemmec.py:26: unknown: block: [0,0,0], thread: [28,0,0] Assertion `index out of bounds: 0 <= tmp0 < 1` failed. /tmp/torchinductor_jwen929/m7/cm7av5i3zfjddr4r7a7gft2ryzlpfayshwxpqudw7wx7cutemmec.py:26: unknown: block: [0,0,0], thread: [29,0,0] Assertion `index out of bounds: 0 <= tmp0 < 1` failed. /tmp/torchinductor_jwen929/m7/cm7av5i3zfjddr4r7a7gft2ryzlpfayshwxpqudw7wx7cutemmec.py:26: unknown: block: [0,0,0], thread: [30,0,0] Assertion `index out of bounds: 0 <= tmp0 < 1` failed. /tmp/torchinductor_jwen929/m7/cm7av5i3zfjddr4r7a7gft2ryzlpfayshwxpqudw7wx7cutemmec.py:26: unknown: block: [0,0,0], thread: [31,0,0] Assertion `index out of bounds: 0 <= tmp0 < 1` failed. [cuda_allocator.cpp:231] cudaFreeAsync failed: device-side assert triggered (ptr=0x320000000, device -1) [cuda_allocator.cpp:231] cudaFreeAsync failed: device-side assert triggered (ptr=0x320000a00, device -1) [cuda_allocator.cpp:231] cudaFreeAsync failed: device-side assert triggered (ptr=0x320000600, device -1) [cuda_allocator.cpp:231] cudaFreeAsync failed: device-side assert triggered (ptr=0x320000200, device -1) Error: CUDA driver error: device-side assert triggered [cuda_allocator.cpp:231] cudaFreeAsync failed: device-side assert triggered (ptr=0x320000800, device -1) [method.cpp:1525] CALL_DELEGATE execute failed at instruction 0: 0x1
max_pool2d_with_indices_backward.grad_input	w54:520	CRASH	executor died (native abort)
max_pool2d_with_indices_backward.grad_input	w54:58	CRASH	executor died (native abort)
max_pool2d_with_indices_backward.grad_input	w55:15	CRASH	executor died (native abort)
max_pool2d_with_indices_backward.grad_input	w55:246	CRASH	executor died (native abort)
max_pool2d_with_indices_backward.grad_input	w55:477	CRASH	executor died (native abort)
max_pool2d_with_indices_backward.grad_input	w55:708	SKIP	client RuntimeError: method->execute() failed with error 0x1 | /tmp/torchinductor_jwen929/hr/chryhfesy6wp56t22jn3k7s6zcz6ldcbiu4htjzmmjv5xqakbevz.py:26: unknown: block: [0,0,0], thread: [0,0,0] Assertion `index out of bounds: 0 <= tmp0 < 8` failed. /tmp/torchinductor_jwen929/hr/chryhfesy6wp56t22jn3k7s6zcz6ldcbiu4htjzmmjv5xqakbevz.py:26: unknown: block: [0,0,0], thread: [1,0,0] Assertion `index out of bounds: 0 <= tmp0 < 8` failed. /tmp/torchinductor_jwen929/hr/chryhfesy6wp56t22jn3k7s6zcz6ldcbiu4htjzmmjv5xqakbevz.py:26: unknown: block: [0,0,0], thread: [4,0,0] Assertion `index out of bounds: 0 <= tmp0 < 8` failed. /tmp/torchinductor_jwen929/hr/chryhfesy6wp56t22jn3k7s6zcz6ldcbiu4htjzmmjv5xqakbevz.py:26: unknown: block: [0,0,0], thread: [5,0,0] Assertion `index out of bounds: 0 <= tmp0 < 8` failed. /tmp/torchinductor_jwen929/hr/chryhfesy6wp56t22jn3k7s6zcz6ldcbiu4htjzmmjv5xqakbevz.py:26: unknown: block: [0,0,0], thread: [8,0,0] Assertion `index out of bounds: 0 <= tmp0 < 8` failed. /tmp/torchinductor_jwen929/hr/chryhfesy6wp56t22jn3k7s6zcz6ldcbiu4htjzmmjv5xqakbevz.py:26: unknown: block: [0,0,0], thread: [9,0,0] Assertion `index out of bounds: 0 <= tmp0 < 8` failed. /tmp/torchinductor_jwen929/hr/chryhfesy6wp56t22jn3k7s6zcz6ldcbiu4htjzmmjv5xqakbevz.py:26: unknown: block: [0,0,0], thread: [12,0,0] Assertion `index out of bounds: 0 <= tmp0 < 8` failed. /tmp/torchinductor_jwen929/hr/chryhfesy6wp56t22jn3k7s6zcz6ldcbiu4htjzmmjv5xqakbevz.py:26: unknown: block: [0,0,0], thread: [13,0,0] Assertion `index out of bounds: 0 <= tmp0 < 8` failed. /tmp/torchinductor_jwen929/hr/chryhfesy6wp56t22jn3k7s6zcz6ldcbiu4htjzmmjv5xqakbevz.py:26: unknown: block: [0,0,0], thread: [16,0,0] Assertion `index out of bounds: 0 <= tmp0 < 8` failed. /tmp/torchinductor_jwen929/hr/chryhfesy6wp56t22jn3k7s6zcz6ldcbiu4htjzmmjv5xqakbevz.py:26: unknown: block: [0,0,0], thread: [17,0,0] Assertion `index out of bounds: 0 <= tmp0 < 8` failed. /tmp/torchinductor_jwen929/hr/chryhfesy6wp56t22jn3k7s6zcz6ldcbiu4htjzmmjv5xqakbevz.py:26: unknown: block: [0,0,0], thread: [20,0,0] Assertion `index out of bounds: 0 <= tmp0 < 8` failed. /tmp/torchinductor_jwen929/hr/chryhfesy6wp56t22jn3k7s6zcz6ldcbiu4htjzmmjv5xqakbevz.py:26: unknown: block: [0,0,0], thread: [21,0,0] Assertion `index out of bounds: 0 <= tmp0 < 8` failed. /tmp/torchinductor_jwen929/hr/chryhfesy6wp56t22jn3k7s6zcz6ldcbiu4htjzmmjv5xqakbevz.py:26: unknown: block: [0,0,0], thread: [24,0,0] Assertion `index out of bounds: 0 <= tmp0 < 8` failed. /tmp/torchinductor_jwen929/hr/chryhfesy6wp56t22jn3k7s6zcz6ldcbiu4htjzmmjv5xqakbevz.py:26: unknown: block: [0,0,0], thread: [25,0,0] Assertion `index out of bounds: 0 <= tmp0 < 8` failed. /tmp/torchinductor_jwen929/hr/chryhfesy6wp56t22jn3k7s6zcz6ldcbiu4htjzmmjv5xqakbevz.py:26: unknown: block: [0,0,0], thread: [28,0,0] Assertion `index out of bounds: 0 <= tmp0 < 8` failed. /tmp/torchinductor_jwen929/hr/chryhfesy6wp56t22jn3k7s6zcz6ldcbiu4htjzmmjv5xqakbevz.py:26: unknown: block: [0,0,0], thread: [29,0,0] Assertion `index out of bounds: 0 <= tmp0 < 8` failed. [cuda_allocator.cpp:231] cudaFreeAsync failed: device-side assert triggered (ptr=0x320000000, device -1) [cuda_allocator.cpp:231] cudaFreeAsync failed: device-side assert triggered (ptr=0x320000a00, device -1) [cuda_allocator.cpp:231] cudaFreeAsync failed: device-side assert triggered (ptr=0x320000600, device -1) [cuda_allocator.cpp:231] cudaFreeAsync failed: device-side assert triggered (ptr=0x320000200, device -1) Error: CUDA driver error: device-side assert triggered [cuda_allocator.cpp:231] cudaFreeAsync failed: device-side assert triggered (ptr=0x320000800, device -1) [method.cpp:1525] CALL_DELEGATE execute failed at instruction 0: 0x1
max_pool2d_with_indices_backward.grad_input	w56:218	CRASH	executor died (native abort)
max_pool2d_with_indices_backward.grad_input	w56:449	SKIP	client RuntimeError: method->execute() failed with error 0x1 | /tmp/torchinductor_jwen929/k6/ck6im56nscby5a3il6ghwmsdoi5p542jqo6kfj6ta3olehdkyiet.py:26: unknown: block: [0,0,0], thread: [2,0,0] Assertion `index out of bounds: 0 <= tmp0 < 6` failed. /tmp/torchinductor_jwen929/k6/ck6im56nscby5a3il6ghwmsdoi5p542jqo6kfj6ta3olehdkyiet.py:26: unknown: block: [0,0,0], thread: [3,0,0] Assertion `index out of bounds: 0 <= tmp0 < 6` failed. /tmp/torchinductor_jwen929/k6/ck6im56nscby5a3il6ghwmsdoi5p542jqo6kfj6ta3olehdkyiet.py:26: unknown: block: [0,0,0], thread: [10,0,0] Assertion `index out of bounds: 0 <= tmp0 < 6` failed. /tmp/torchinductor_jwen929/k6/ck6im56nscby5a3il6ghwmsdoi5p542jqo6kfj6ta3olehdkyiet.py:26: unknown: block: [0,0,0], thread: [11,0,0] Assertion `index out of bounds: 0 <= tmp0 < 6` failed. /tmp/torchinductor_jwen929/k6/ck6im56nscby5a3il6ghwmsdoi5p542jqo6kfj6ta3olehdkyiet.py:26: unknown: block: [0,0,0], thread: [18,0,0] Assertion `index out of bounds: 0 <= tmp0 < 6` failed. /tmp/torchinductor_jwen929/k6/ck6im56nscby5a3il6ghwmsdoi5p542jqo6kfj6ta3olehdkyiet.py:26: unknown: block: [0,0,0], thread: [19,0,0] Assertion `index out of bounds: 0 <= tmp0 < 6` failed. /tmp/torchinductor_jwen929/k6/ck6im56nscby5a3il6ghwmsdoi5p542jqo6kfj6ta3olehdkyiet.py:26: unknown: block: [0,0,0], thread: [26,0,0] Assertion `index out of bounds: 0 <= tmp0 < 6` failed. /tmp/torchinductor_jwen929/k6/ck6im56nscby5a3il6ghwmsdoi5p542jqo6kfj6ta3olehdkyiet.py:26: unknown: block: [0,0,0], thread: [27,0,0] Assertion `index out of bounds: 0 <= tmp0 < 6` failed. [cuda_allocator.cpp:231] cudaFreeAsync failed: device-side assert triggered (ptr=0x320000000, device -1) [cuda_allocator.cpp:231] cudaFreeAsync failed: device-side assert triggered (ptr=0x320000a00, device -1) [cuda_allocator.cpp:231] cudaFreeAsync failed: device-side assert triggered (ptr=0x320000600, device -1) [cuda_allocator.cpp:231] cudaFreeAsync failed: device-side assert triggered (ptr=0x320000200, device -1) Error: CUDA driver error: device-side assert triggered [cuda_allocator.cpp:231] cudaFreeAsync failed: device-side assert triggered (ptr=0x320000800, device -1) [method.cpp:1525] CALL_DELEGATE execute failed at instruction 0: 0x1
max_pool2d_with_indices_backward.grad_input	w56:680	SKIP	client RuntimeError: method->execute() failed with error 0x1 | /tmp/torchinductor_jwen929/2a/c2addp4trmxkpwvy7fphbv5u7wr6nmb5bailxgn4inpwzcjpxq5s.py:27: unknown: block: [0,0,0], thread: [0,0,0] Assertion `index out of bounds: 0 <= tmp0 < 6` failed. /tmp/torchinductor_jwen929/2a/c2addp4trmxkpwvy7fphbv5u7wr6nmb5bailxgn4inpwzcjpxq5s.py:27: unknown: block: [0,0,0], thread: [1,0,0] Assertion `index out of bounds: 0 <= tmp0 < 6` failed. /tmp/torchinductor_jwen929/2a/c2addp4trmxkpwvy7fphbv5u7wr6nmb5bailxgn4inpwzcjpxq5s.py:27: unknown: block: [0,0,0], thread: [4,0,0] Assertion `index out of bounds: 0 <= tmp0 < 6` failed. /tmp/torchinductor_jwen929/2a/c2addp4trmxkpwvy7fphbv5u7wr6nmb5bailxgn4inpwzcjpxq5s.py:27: unknown: block: [0,0,0], thread: [5,0,0] Assertion `index out of bounds: 0 <= tmp0 < 6` failed. /tmp/torchinductor_jwen929/2a/c2addp4trmxkpwvy7fphbv5u7wr6nmb5bailxgn4inpwzcjpxq5s.py:27: unknown: block: [0,0,0], thread: [8,0,0] Assertion `index out of bounds: 0 <= tmp0 < 6` failed. /tmp/torchinductor_jwen929/2a/c2addp4trmxkpwvy7fphbv5u7wr6nmb5bailxgn4inpwzcjpxq5s.py:27: unknown: block: [0,0,0], thread: [9,0,0] Assertion `index out of bounds: 0 <= tmp0 < 6` failed. /tmp/torchinductor_jwen929/2a/c2addp4trmxkpwvy7fphbv5u7wr6nmb5bailxgn4inpwzcjpxq5s.py:27: unknown: block: [0,0,0], thread: [12,0,0] Assertion `index out of bounds: 0 <= tmp0 < 6` failed. /tmp/torchinductor_jwen929/2a/c2addp4trmxkpwvy7fphbv5u7wr6nmb5bailxgn4inpwzcjpxq5s.py:27: unknown: block: [0,0,0], thread: [13,0,0] Assertion `index out of bounds: 0 <= tmp0 < 6` failed. /tmp/torchinductor_jwen929/2a/c2addp4trmxkpwvy7fphbv5u7wr6nmb5bailxgn4inpwzcjpxq5s.py:27: unknown: block: [0,0,0], thread: [16,0,0] Assertion `index out of bounds: 0 <= tmp0 < 6` failed. /tmp/torchinductor_jwen929/2a/c2addp4trmxkpwvy7fphbv5u7wr6nmb5bailxgn4inpwzcjpxq5s.py:27: unknown: block: [0,0,0], thread: [17,0,0] Assertion `index out of bounds: 0 <= tmp0 < 6` failed. /tmp/torchinductor_jwen929/2a/c2addp4trmxkpwvy7fphbv5u7wr6nmb5bailxgn4inpwzcjpxq5s.py:27: unknown: block: [0,0,0], thread: [20,0,0] Assertion `index out of bounds: 0 <= tmp0 < 6` failed. /tmp/torchinductor_jwen929/2a/c2addp4trmxkpwvy7fphbv5u7wr6nmb5bailxgn4inpwzcjpxq5s.py:27: unknown: block: [0,0,0], thread: [21,0,0] Assertion `index out of bounds: 0 <= tmp0 < 6` failed. /tmp/torchinductor_jwen929/2a/c2addp4trmxkpwvy7fphbv5u7wr6nmb5bailxgn4inpwzcjpxq5s.py:27: unknown: block: [0,0,0], thread: [24,0,0] Assertion `index out of bounds: 0 <= tmp0 < 6` failed. /tmp/torchinductor_jwen929/2a/c2addp4trmxkpwvy7fphbv5u7wr6nmb5bailxgn4inpwzcjpxq5s.py:27: unknown: block: [0,0,0], thread: [25,0,0] Assertion `index out of bounds: 0 <= tmp0 < 6` failed. /tmp/torchinductor_jwen929/2a/c2addp4trmxkpwvy7fphbv5u7wr6nmb5bailxgn4inpwzcjpxq5s.py:27: unknown: block: [0,0,0], thread: [28,0,0] Assertion `index out of bounds: 0 <= tmp0 < 6` failed. /tmp/torchinductor_jwen929/2a/c2addp4trmxkpwvy7fphbv5u7wr6nmb5bailxgn4inpwzcjpxq5s.py:27: unknown: block: [0,0,0], thread: [29,0,0] Assertion `index out of bounds: 0 <= tmp0 < 6` failed. [cuda_allocator.cpp:231] cudaFreeAsync failed: device-side assert triggered (ptr=0x320000000, device -1) [cuda_allocator.cpp:231] cudaFreeAsync failed: device-side assert triggered (ptr=0x320000a00, device -1) [cuda_allocator.cpp:231] cudaFreeAsync failed: device-side assert triggered (ptr=0x320000600, device -1) [cuda_allocator.cpp:231] cudaFreeAsync failed: device-side assert triggered (ptr=0x320000200, device -1) Error: CUDA driver error: device-side assert triggered [cuda_allocator.cpp:231] cudaFreeAsync failed: device-side assert triggered (ptr=0x320000800, device -1) [method.cpp:1525] CALL_DELEGATE execute failed at instruction 0: 0x1
max_pool2d_with_indices_backward.grad_input	w57:673	CRASH	executor died (native abort)
max_pool2d_with_indices_backward.grad_input	w58:172	SKIP	client RuntimeError: method->execute() failed with error 0x1 | /tmp/torchinductor_jwen929/4a/c4apwxqhv57wpoc64idtjukndrgcr7oibuqtqpsppb3kouz74ebo.py:27: unknown: block: [0,0,0], thread: [5,0,0] Assertion `index out of bounds: 0 <= tmp0 < 12` failed. /tmp/torchinductor_jwen929/4a/c4apwxqhv57wpoc64idtjukndrgcr7oibuqtqpsppb3kouz74ebo.py:27: unknown: block: [0,0,0], thread: [7,0,0] Assertion `index out of bounds: 0 <= tmp0 < 12` failed. /tmp/torchinductor_jwen929/4a/c4apwxqhv57wpoc64idtjukndrgcr7oibuqtqpsppb3kouz74ebo.py:27: unknown: block: [0,0,0], thread: [9,0,0] Assertion `index out of bounds: 0 <= tmp0 < 12` failed. /tmp/torchinductor_jwen929/4a/c4apwxqhv57wpoc64idtjukndrgcr7oibuqtqpsppb3kouz74ebo.py:27: unknown: block: [0,0,0], thread: [10,0,0] Assertion `index out of bounds: 0 <= tmp0 < 12` failed. /tmp/torchinductor_jwen929/4a/c4apwxqhv57wpoc64idtjukndrgcr7oibuqtqpsppb3kouz74ebo.py:27: unknown: block: [0,0,0], thread: [12,0,0] Assertion `index out of bounds: 0 <= tmp0 < 12` failed. /tmp/torchinductor_jwen929/4a/c4apwxqhv57wpoc64idtjukndrgcr7oibuqtqpsppb3kouz74ebo.py:27: unknown: block: [0,0,0], thread: [14,0,0] Assertion `index out of bounds: 0 <= tmp0 < 12` failed. /tmp/torchinductor_jwen929/4a/c4apwxqhv57wpoc64idtjukndrgcr7oibuqtqpsppb3kouz74ebo.py:27: unknown: block: [0,0,0], thread: [21,0,0] Assertion `index out of bounds: 0 <= tmp0 < 12` failed. /tmp/torchinductor_jwen929/4a/c4apwxqhv57wpoc64idtjukndrgcr7oibuqtqpsppb3kouz74ebo.py:27: unknown: block: [0,0,0], thread: [23,0,0] Assertion `index out of bounds: 0 <= tmp0 < 12` failed. /tmp/torchinductor_jwen929/4a/c4apwxqhv57wpoc64idtjukndrgcr7oibuqtqpsppb3kouz74ebo.py:27: unknown: block: [0,0,0], thread: [25,0,0] Assertion `index out of bounds: 0 <= tmp0 < 12` failed. /tmp/torchinductor_jwen929/4a/c4apwxqhv57wpoc64idtjukndrgcr7oibuqtqpsppb3kouz74ebo.py:27: unknown: block: [0,0,0], thread: [26,0,0] Assertion `index out of bounds: 0 <= tmp0 < 12` failed. /tmp/torchinductor_jwen929/4a/c4apwxqhv57wpoc64idtjukndrgcr7oibuqtqpsppb3kouz74ebo.py:27: unknown: block: [0,0,0], thread: [28,0,0] Assertion `index out of bounds: 0 <= tmp0 < 12` failed. /tmp/torchinductor_jwen929/4a/c4apwxqhv57wpoc64idtjukndrgcr7oibuqtqpsppb3kouz74ebo.py:27: unknown: block: [0,0,0], thread: [30,0,0] Assertion `index out of bounds: 0 <= tmp0 < 12` failed. [cuda_allocator.cpp:231] cudaFreeAsync failed: device-side assert triggered (ptr=0x320000000, device -1) [cuda_allocator.cpp:231] cudaFreeAsync failed: device-side assert triggered (ptr=0x320000a00, device -1) [cuda_allocator.cpp:231] cudaFreeAsync failed: device-side assert triggered (ptr=0x320000600, device -1) [cuda_allocator.cpp:231] cudaFreeAsync failed: device-side assert triggered (ptr=0x320000200, device -1) Error: CUDA driver error: device-side assert triggered [cuda_allocator.cpp:231] cudaFreeAsync failed: device-side assert triggered (ptr=0x320000800, device -1) [method.cpp:1525] CALL_DELEGATE execute failed at instruction 0: 0x1
max_pool2d_with_indices_backward.grad_input	w58:403	CRASH	executor died (native abort)
max_pool2d_with_indices_backward.grad_input	w58:634	CRASH	executor died (native abort)
max_pool2d_with_indices_backward.grad_input	w59:258	CRASH	executor died (native abort)
max_pool2d_with_indices_backward.grad_input	w59:489	CRASH	executor died (native abort)
max_pool2d_with_indices_backward.grad_input	w59:720	CRASH	executor died (native abort)
max_pool2d_with_indices_backward.grad_input	w5:268	CRASH	executor died (native abort)
max_pool2d_with_indices_backward.grad_input	w5:499	CRASH	executor died (native abort)
max_pool2d_with_indices_backward.grad_input	w5:730	CRASH	executor died (native abort)
max_pool2d_with_indices_backward.grad_input	w60:315	CRASH	executor died (native abort)
max_pool2d_with_indices_backward.grad_input	w60:546	SKIP	client RuntimeError: method->execute() failed with error 0x1 | /tmp/torchinductor_jwen929/4q/c4qlsqm5pyk5656k5u47upnaggux643qkb6tmfdat3zgbvvxn7he.py:27: unknown: block: [0,0,0], thread: [5,0,0] Assertion `index out of bounds: 0 <= tmp0 < 8` failed. /tmp/torchinductor_jwen929/4q/c4qlsqm5pyk5656k5u47upnaggux643qkb6tmfdat3zgbvvxn7he.py:27: unknown: block: [0,0,0], thread: [7,0,0] Assertion `index out of bounds: 0 <= tmp0 < 8` failed. /tmp/torchinductor_jwen929/4q/c4qlsqm5pyk5656k5u47upnaggux643qkb6tmfdat3zgbvvxn7he.py:27: unknown: block: [0,0,0], thread: [9,0,0] Assertion `index out of bounds: 0 <= tmp0 < 8` failed. /tmp/torchinductor_jwen929/4q/c4qlsqm5pyk5656k5u47upnaggux643qkb6tmfdat3zgbvvxn7he.py:27: unknown: block: [0,0,0], thread: [10,0,0] Assertion `index out of bounds: 0 <= tmp0 < 8` failed. /tmp/torchinductor_jwen929/4q/c4qlsqm5pyk5656k5u47upnaggux643qkb6tmfdat3zgbvvxn7he.py:27: unknown: block: [0,0,0], thread: [12,0,0] Assertion `index out of bounds: 0 <= tmp0 < 8` failed. /tmp/torchinductor_jwen929/4q/c4qlsqm5pyk5656k5u47upnaggux643qkb6tmfdat3zgbvvxn7he.py:27: unknown: block: [0,0,0], thread: [14,0,0] Assertion `index out of bounds: 0 <= tmp0 < 8` failed. /tmp/torchinductor_jwen929/4q/c4qlsqm5pyk5656k5u47upnaggux643qkb6tmfdat3zgbvvxn7he.py:27: unknown: block: [0,0,0], thread: [16,0,0] Assertion `index out of bounds: 0 <= tmp0 < 8` failed. [cuda_allocator.cpp:231] cudaFreeAsync failed: device-side assert triggered (ptr=0x320000000, device -1) [cuda_allocator.cpp:231] cudaFreeAsync failed: device-side assert triggered (ptr=0x320000a00, device -1) [cuda_allocator.cpp:231] cudaFreeAsync failed: device-side assert triggered (ptr=0x320000600, device -1) [cuda_allocator.cpp:231] cudaFreeAsync failed: device-side assert triggered (ptr=0x320000200, device -1) Error: CUDA driver error: device-side assert triggered [cuda_allocator.cpp:231] cudaFreeAsync failed: device-side assert triggered (ptr=0x320000800, device -1) [method.cpp:1525] CALL_DELEGATE execute failed at instruction 0: 0x1
max_pool2d_with_indices_backward.grad_input	w60:777	CRASH	executor died (native abort)
max_pool2d_with_indices_backward.grad_input	w60:84	CRASH	executor died (native abort)
max_pool2d_with_indices_backward.grad_input	w61:146	CRASH	executor died (native abort)
max_pool2d_with_indices_backward.grad_input	w61:377	CRASH	executor died (native abort)
max_pool2d_with_indices_backward.grad_input	w61:608	CRASH	executor died (native abort)
max_pool2d_with_indices_backward.grad_input	w62:122	CRASH	executor died (native abort)
max_pool2d_with_indices_backward.grad_input	w62:353	SKIP	client RuntimeError: method->execute() failed with error 0x1 | /tmp/torchinductor_jwen929/kr/ckrcqraz7swecrkcpma65xc4ttb3nytfd4kzo3wyfv4g5d35r6iv.py:27: unknown: block: [0,0,0], thread: [0,0,0] Assertion `index out of bounds: 0 <= tmp0 < 8` failed. /tmp/torchinductor_jwen929/kr/ckrcqraz7swecrkcpma65xc4ttb3nytfd4kzo3wyfv4g5d35r6iv.py:27: unknown: block: [0,0,0], thread: [1,0,0] Assertion `index out of bounds: 0 <= tmp0 < 8` failed. /tmp/torchinductor_jwen929/kr/ckrcqraz7swecrkcpma65xc4ttb3nytfd4kzo3wyfv4g5d35r6iv.py:27: unknown: block: [0,0,0], thread: [4,0,0] Assertion `index out of bounds: 0 <= tmp0 < 8` failed. /tmp/torchinductor_jwen929/kr/ckrcqraz7swecrkcpma65xc4ttb3nytfd4kzo3wyfv4g5d35r6iv.py:27: unknown: block: [0,0,0], thread: [5,0,0] Assertion `index out of bounds: 0 <= tmp0 < 8` failed. /tmp/torchinductor_jwen929/kr/ckrcqraz7swecrkcpma65xc4ttb3nytfd4kzo3wyfv4g5d35r6iv.py:27: unknown: block: [0,0,0], thread: [10,0,0] Assertion `index out of bounds: 0 <= tmp0 < 8` failed. /tmp/torchinductor_jwen929/kr/ckrcqraz7swecrkcpma65xc4ttb3nytfd4kzo3wyfv4g5d35r6iv.py:27: unknown: block: [0,0,0], thread: [11,0,0] Assertion `index out of bounds: 0 <= tmp0 < 8` failed. /tmp/torchinductor_jwen929/kr/ckrcqraz7swecrkcpma65xc4ttb3nytfd4kzo3wyfv4g5d35r6iv.py:27: unknown: block: [0,0,0], thread: [16,0,0] Assertion `index out of bounds: 0 <= tmp0 < 8` failed. /tmp/torchinductor_jwen929/kr/ckrcqraz7swecrkcpma65xc4ttb3nytfd4kzo3wyfv4g5d35r6iv.py:27: unknown: block: [0,0,0], thread: [17,0,0] Assertion `index out of bounds: 0 <= tmp0 < 8` failed. /tmp/torchinductor_jwen929/kr/ckrcqraz7swecrkcpma65xc4ttb3nytfd4kzo3wyfv4g5d35r6iv.py:27: unknown: block: [0,0,0], thread: [20,0,0] Assertion `index out of bounds: 0 <= tmp0 < 8` failed. /tmp/torchinductor_jwen929/kr/ckrcqraz7swecrkcpma65xc4ttb3nytfd4kzo3wyfv4g5d35r6iv.py:27: unknown: block: [0,0,0], thread: [21,0,0] Assertion `index out of bounds: 0 <= tmp0 < 8` failed. /tmp/torchinductor_jwen929/kr/ckrcqraz7swecrkcpma65xc4ttb3nytfd4kzo3wyfv4g5d35r6iv.py:27: unknown: block: [0,0,0], thread: [26,0,0] Assertion `index out of bounds: 0 <= tmp0 < 8` failed. /tmp/torchinductor_jwen929/kr/ckrcqraz7swecrkcpma65xc4ttb3nytfd4kzo3wyfv4g5d35r6iv.py:27: unknown: block: [0,0,0], thread: [27,0,0] Assertion `index out of bounds: 0 <= tmp0 < 8` failed. [cuda_allocator.cpp:231] cudaFreeAsync failed: device-side assert triggered (ptr=0x320000000, device -1) [cuda_allocator.cpp:231] cudaFreeAsync failed: device-side assert triggered (ptr=0x320000a00, device -1) [cuda_allocator.cpp:231] cudaFreeAsync failed: device-side assert triggered (ptr=0x320000600, device -1) [cuda_allocator.cpp:231] cudaFreeAsync failed: device-side assert triggered (ptr=0x320000200, device -1) Error: CUDA driver error: device-side assert triggered [cuda_allocator.cpp:231] cudaFreeAsync failed: device-side assert triggered (ptr=0x320000800, device -1) [method.cpp:1525] CALL_DELEGATE execute failed at instruction 0: 0x1
max_pool2d_with_indices_backward.grad_input	w63:280	CRASH	executor died (native abort)
max_pool2d_with_indices_backward.grad_input	w63:511	CRASH	executor died (native abort)
max_pool2d_with_indices_backward.grad_input	w63:742	CRASH	executor died (native abort)
max_pool2d_with_indices_backward.grad_input	w65:10	CRASH	executor died (native abort)
max_pool2d_with_indices_backward.grad_input	w65:703	CRASH	executor died (native abort)
max_pool2d_with_indices_backward.grad_input	w66:102	SKIP	client RuntimeError: method->execute() failed with error 0x1 | /tmp/torchinductor_jwen929/me/cme2f34egitwjprsdokiryivpdko6o6uwzhtqlcopvwwrnw7vcas.py:27: unknown: block: [0,0,0], thread: [0,0,0] Assertion `index out of bounds: 0 <= tmp0 < 12` failed. /tmp/torchinductor_jwen929/me/cme2f34egitwjprsdokiryivpdko6o6uwzhtqlcopvwwrnw7vcas.py:27: unknown: block: [0,0,0], thread: [1,0,0] Assertion `index out of bounds: 0 <= tmp0 < 12` failed. /tmp/torchinductor_jwen929/me/cme2f34egitwjprsdokiryivpdko6o6uwzhtqlcopvwwrnw7vcas.py:27: unknown: block: [0,0,0], thread: [4,0,0] Assertion `index out of bounds: 0 <= tmp0 < 12` failed. /tmp/torchinductor_jwen929/me/cme2f34egitwjprsdokiryivpdko6o6uwzhtqlcopvwwrnw7vcas.py:27: unknown: block: [0,0,0], thread: [5,0,0] Assertion `index out of bounds: 0 <= tmp0 < 12` failed. /tmp/torchinductor_jwen929/me/cme2f34egitwjprsdokiryivpdko6o6uwzhtqlcopvwwrnw7vcas.py:27: unknown: block: [0,0,0], thread: [8,0,0] Assertion `index out of bounds: 0 <= tmp0 < 12` failed. /tmp/torchinductor_jwen929/me/cme2f34egitwjprsdokiryivpdko6o6uwzhtqlcopvwwrnw7vcas.py:27: unknown: block: [0,0,0], thread: [9,0,0] Assertion `index out of bounds: 0 <= tmp0 < 12` failed. /tmp/torchinductor_jwen929/me/cme2f34egitwjprsdokiryivpdko6o6uwzhtqlcopvwwrnw7vcas.py:27: unknown: block: [0,0,0], thread: [12,0,0] Assertion `index out of bounds: 0 <= tmp0 < 12` failed. /tmp/torchinductor_jwen929/me/cme2f34egitwjprsdokiryivpdko6o6uwzhtqlcopvwwrnw7vcas.py:27: unknown: block: [0,0,0], thread: [13,0,0] Assertion `index out of bounds: 0 <= tmp0 < 12` failed. /tmp/torchinductor_jwen929/me/cme2f34egitwjprsdokiryivpdko6o6uwzhtqlcopvwwrnw7vcas.py:27: unknown: block: [0,0,0], thread: [16,0,0] Assertion `index out of bounds: 0 <= tmp0 < 12` failed. /tmp/torchinductor_jwen929/me/cme2f34egitwjprsdokiryivpdko6o6uwzhtqlcopvwwrnw7vcas.py:27: unknown: block: [0,0,0], thread: [17,0,0] Assertion `index out of bounds: 0 <= tmp0 < 12` failed. /tmp/torchinductor_jwen929/me/cme2f34egitwjprsdokiryivpdko6o6uwzhtqlcopvwwrnw7vcas.py:27: unknown: block: [0,0,0], thread: [20,0,0] Assertion `index out of bounds: 0 <= tmp0 < 12` failed. /tmp/torchinductor_jwen929/me/cme2f34egitwjprsdokiryivpdko6o6uwzhtqlcopvwwrnw7vcas.py:27: unknown: block: [0,0,0], thread: [21,0,0] Assertion `index out of bounds: 0 <= tmp0 < 12` failed. /tmp/torchinductor_jwen929/me/cme2f34egitwjprsdokiryivpdko6o6uwzhtqlcopvwwrnw7vcas.py:27: unknown: block: [0,0,0], thread: [24,0,0] Assertion `index out of bounds: 0 <= tmp0 < 12` failed. /tmp/torchinductor_jwen929/me/cme2f34egitwjprsdokiryivpdko6o6uwzhtqlcopvwwrnw7vcas.py:27: unknown: block: [0,0,0], thread: [25,0,0] Assertion `index out of bounds: 0 <= tmp0 < 12` failed. /tmp/torchinductor_jwen929/me/cme2f34egitwjprsdokiryivpdko6o6uwzhtqlcopvwwrnw7vcas.py:27: unknown: block: [0,0,0], thread: [28,0,0] Assertion `index out of bounds: 0 <= tmp0 < 12` failed. /tmp/torchinductor_jwen929/me/cme2f34egitwjprsdokiryivpdko6o6uwzhtqlcopvwwrnw7vcas.py:27: unknown: block: [0,0,0], thread: [29,0,0] Assertion `index out of bounds: 0 <= tmp0 < 12` failed. [cuda_allocator.cpp:231] cudaFreeAsync failed: device-side assert triggered (ptr=0x320000000, device -1) [cuda_allocator.cpp:231] cudaFreeAsync failed: device-side assert triggered (ptr=0x320000a00, device -1) [cuda_allocator.cpp:231] cudaFreeAsync failed: device-side assert triggered (ptr=0x320000600, device -1) [cuda_allocator.cpp:231] cudaFreeAsync failed: device-side assert triggered (ptr=0x320000200, device -1) Error: CUDA driver error: device-side assert triggered [cuda_allocator.cpp:231] cudaFreeAsync failed: device-side assert triggered (ptr=0x320000800, device -1) [method.cpp:1525] CALL_DELEGATE execute failed at instruction 0: 0x1
max_pool2d_with_indices_backward.grad_input	w66:333	CRASH	executor died (native abort)
max_pool2d_with_indices_backward.grad_input	w66:564	CRASH	executor died (native abort)
max_pool2d_with_indices_backward.grad_input	w67:181	CRASH	executor died (native abort)
max_pool2d_with_indices_backward.grad_input	w67:412	CRASH	executor died (native abort)
max_pool2d_with_indices_backward.grad_input	w67:643	CRASH	executor died (native abort)
max_pool2d_with_indices_backward.grad_input	w68:179	CRASH	executor died (native abort)
max_pool2d_with_indices_backward.grad_input	w68:641	CRASH	executor died (native abort)
max_pool2d_with_indices_backward.grad_input	w69:269	CRASH	executor died (native abort)
max_pool2d_with_indices_backward.grad_input	w69:38	CRASH	executor died (native abort)
max_pool2d_with_indices_backward.grad_input	w69:731	CRASH	executor died (native abort)
max_pool2d_with_indices_backward.grad_input	w6:261	CRASH	executor died (native abort)
max_pool2d_with_indices_backward.grad_input	w6:723	CRASH	executor died (native abort)
max_pool2d_with_indices_backward.grad_input	w70:158	CRASH	executor died (native abort)
max_pool2d_with_indices_backward.grad_input	w70:620	CRASH	executor died (native abort)
max_pool2d_with_indices_backward.grad_input	w71:266	CRASH	executor died (native abort)
max_pool2d_with_indices_backward.grad_input	w71:35	CRASH	executor died (native abort)
max_pool2d_with_indices_backward.grad_input	w71:497	CRASH	executor died (native abort)
max_pool2d_with_indices_backward.grad_input	w71:728	CRASH	executor died (native abort)
max_pool2d_with_indices_backward.grad_input	w72:261	CRASH	executor died (native abort)
max_pool2d_with_indices_backward.grad_input	w72:492	CRASH	executor died (native abort)
max_pool2d_with_indices_backward.grad_input	w72:723	SKIP	client RuntimeError: method->execute() failed with error 0x1 | /tmp/torchinductor_jwen929/am/camrzp4ehibvzdbgp75yuxlpfux2v2kaeh7snera2epwwdre2a27.py:26: unknown: block: [0,0,0], thread: [2,0,0] Assertion `index out of bounds: 0 <= tmp0 < 12` failed. /tmp/torchinductor_jwen929/am/camrzp4ehibvzdbgp75yuxlpfux2v2kaeh7snera2epwwdre2a27.py:26: unknown: block: [0,0,0], thread: [6,0,0] Assertion `index out of bounds: 0 <= tmp0 < 12` failed. /tmp/torchinductor_jwen929/am/camrzp4ehibvzdbgp75yuxlpfux2v2kaeh7snera2epwwdre2a27.py:26: unknown: block: [0,0,0], thread: [10,0,0] Assertion `index out of bounds: 0 <= tmp0 < 12` failed. /tmp/torchinductor_jwen929/am/camrzp4ehibvzdbgp75yuxlpfux2v2kaeh7snera2epwwdre2a27.py:26: unknown: block: [0,0,0], thread: [14,0,0] Assertion `index out of bounds: 0 <= tmp0 < 12` failed. /tmp/torchinductor_jwen929/am/camrzp4ehibvzdbgp75yuxlpfux2v2kaeh7snera2epwwdre2a27.py:26: unknown: block: [0,0,0], thread: [18,0,0] Assertion `index out of bounds: 0 <= tmp0 < 12` failed. /tmp/torchinductor_jwen929/am/camrzp4ehibvzdbgp75yuxlpfux2v2kaeh7snera2epwwdre2a27.py:26: unknown: block: [0,0,0], thread: [22,0,0] Assertion `index out of bounds: 0 <= tmp0 < 12` failed. /tmp/torchinductor_jwen929/am/camrzp4ehibvzdbgp75yuxlpfux2v2kaeh7snera2epwwdre2a27.py:26: unknown: block: [0,0,0], thread: [26,0,0] Assertion `index out of bounds: 0 <= tmp0 < 12` failed. /tmp/torchinductor_jwen929/am/camrzp4ehibvzdbgp75yuxlpfux2v2kaeh7snera2epwwdre2a27.py:26: unknown: block: [0,0,0], thread: [30,0,0] Assertion `index out of bounds: 0 <= tmp0 < 12` failed. [cuda_allocator.cpp:231] cudaFreeAsync failed: device-side assert triggered (ptr=0x320000000, device -1) [cuda_allocator.cpp:231] cudaFreeAsync failed: device-side assert triggered (ptr=0x320000a00, device -1) [cuda_allocator.cpp:231] cudaFreeAsync failed: device-side assert triggered (ptr=0x320000600, device -1) [cuda_allocator.cpp:231] cudaFreeAsync failed: device-side assert triggered (ptr=0x320000200, device -1) Error: CUDA driver error: device-side assert triggered [cuda_allocator.cpp:231] cudaFreeAsync failed: device-side assert triggered (ptr=0x320000800, device -1) [method.cpp:1525] CALL_DELEGATE execute failed at instruction 0: 0x1
max_pool2d_with_indices_backward.grad_input	w73:186	SKIP	client RuntimeError: method->execute() failed with error 0x1 | /tmp/torchinductor_jwen929/hk/chkurn232raa2zgjsijhqso7rm3vujbbs7wkhu6co5oufdv4npbw.py:27: unknown: block: [0,0,0], thread: [0,0,0] Assertion `index out of bounds: 0 <= tmp0 < 4` failed. /tmp/torchinductor_jwen929/hk/chkurn232raa2zgjsijhqso7rm3vujbbs7wkhu6co5oufdv4npbw.py:27: unknown: block: [0,0,0], thread: [1,0,0] Assertion `index out of bounds: 0 <= tmp0 < 4` failed. /tmp/torchinductor_jwen929/hk/chkurn232raa2zgjsijhqso7rm3vujbbs7wkhu6co5oufdv4npbw.py:27: unknown: block: [0,0,0], thread: [2,0,0] Assertion `index out of bounds: 0 <= tmp0 < 4` failed. /tmp/torchinductor_jwen929/hk/chkurn232raa2zgjsijhqso7rm3vujbbs7wkhu6co5oufdv4npbw.py:27: unknown: block: [0,0,0], thread: [3,0,0] Assertion `index out of bounds: 0 <= tmp0 < 4` failed. /tmp/torchinductor_jwen929/hk/chkurn232raa2zgjsijhqso7rm3vujbbs7wkhu6co5oufdv4npbw.py:27: unknown: block: [0,0,0], thread: [4,0,0] Assertion `index out of bounds: 0 <= tmp0 < 4` failed. /tmp/torchinductor_jwen929/hk/chkurn232raa2zgjsijhqso7rm3vujbbs7wkhu6co5oufdv4npbw.py:27: unknown: block: [0,0,0], thread: [5,0,0] Assertion `index out of bounds: 0 <= tmp0 < 4` failed. /tmp/torchinductor_jwen929/hk/chkurn232raa2zgjsijhqso7rm3vujbbs7wkhu6co5oufdv4npbw.py:27: unknown: block: [0,0,0], thread: [8,0,0] Assertion `index out of bounds: 0 <= tmp0 < 4` failed. /tmp/torchinductor_jwen929/hk/chkurn232raa2zgjsijhqso7rm3vujbbs7wkhu6co5oufdv4npbw.py:27: unknown: block: [0,0,0], thread: [9,0,0] Assertion `index out of bounds: 0 <= tmp0 < 4` failed. /tmp/torchinductor_jwen929/hk/chkurn232raa2zgjsijhqso7rm3vujbbs7wkhu6co5oufdv4npbw.py:27: unknown: block: [0,0,0], thread: [10,0,0] Assertion `index out of bounds: 0 <= tmp0 < 4` failed. /tmp/torchinductor_jwen929/hk/chkurn232raa2zgjsijhqso7rm3vujbbs7wkhu6co5oufdv4npbw.py:27: unknown: block: [0,0,0], thread: [11,0,0] Assertion `index out of bounds: 0 <= tmp0 < 4` failed. /tmp/torchinductor_jwen929/hk/chkurn232raa2zgjsijhqso7rm3vujbbs7wkhu6co5oufdv4npbw.py:27: unknown: block: [0,0,0], thread: [12,0,0] Assertion `index out of bounds: 0 <= tmp0 < 4` failed. /tmp/torchinductor_jwen929/hk/chkurn232raa2zgjsijhqso7rm3vujbbs7wkhu6co5oufdv4npbw.py:27: unknown: block: [0,0,0], thread: [13,0,0] Assertion `index out of bounds: 0 <= tmp0 < 4` failed. /tmp/torchinductor_jwen929/hk/chkurn232raa2zgjsijhqso7rm3vujbbs7wkhu6co5oufdv4npbw.py:27: unknown: block: [0,0,0], thread: [16,0,0] Assertion `index out of bounds: 0 <= tmp0 < 4` failed. /tmp/torchinductor_jwen929/hk/chkurn232raa2zgjsijhqso7rm3vujbbs7wkhu6co5oufdv4npbw.py:27: unknown: block: [0,0,0], thread: [17,0,0] Assertion `index out of bounds: 0 <= tmp0 < 4` failed. /tmp/torchinductor_jwen929/hk/chkurn232raa2zgjsijhqso7rm3vujbbs7wkhu6co5oufdv4npbw.py:27: unknown: block: [0,0,0], thread: [18,0,0] Assertion `index out of bounds: 0 <= tmp0 < 4` failed. /tmp/torchinductor_jwen929/hk/chkurn232raa2zgjsijhqso7rm3vujbbs7wkhu6co5oufdv4npbw.py:27: unknown: block: [0,0,0], thread: [19,0,0] Assertion `index out of bounds: 0 <= tmp0 < 4` failed. /tmp/torchinductor_jwen929/hk/chkurn232raa2zgjsijhqso7rm3vujbbs7wkhu6co5oufdv4npbw.py:27: unknown: block: [0,0,0], thread: [20,0,0] Assertion `index out of bounds: 0 <= tmp0 < 4` failed. /tmp/torchinductor_jwen929/hk/chkurn232raa2zgjsijhqso7rm3vujbbs7wkhu6co5oufdv4npbw.py:27: unknown: block: [0,0,0], thread: [21,0,0] Assertion `index out of bounds: 0 <= tmp0 < 4` failed. /tmp/torchinductor_jwen929/hk/chkurn232raa2zgjsijhqso7rm3vujbbs7wkhu6co5oufdv4npbw.py:27: unknown: block: [0,0,0], thread: [24,0,0] Assertion `index out of bounds: 0 <= tmp0 < 4` failed. /tmp/torchinductor_jwen929/hk/chkurn232raa2zgjsijhqso7rm3vujbbs7wkhu6co5oufdv4npbw.py:27: unknown: block: [0,0,0], thread: [25,0,0] Assertion `index out of bounds: 0 <= tmp0 < 4` failed. /tmp/torchinductor_jwen929/hk/chkurn232raa2zgjsijhqso7rm3vujbbs7wkhu6co5oufdv4npbw.py:27: unknown: block: [0,0,0], thread: [26,0,0] Assertion `index out of bounds: 0 <= tmp0 < 4` failed. /tmp/torchinductor_jwen929/hk/chkurn232raa2zgjsijhqso7rm3vujbbs7wkhu6co5oufdv4npbw.py:27: unknown: block: [0,0,0], thread: [27,0,0] Assertion `index out of bounds: 0 <= tmp0 < 4` failed. /tmp/torchinductor_jwen929/hk/chkurn232raa2zgjsijhqso7rm3vujbbs7wkhu6co5oufdv4npbw.py:27: unknown: block: [0,0,0], thread: [28,0,0] Assertion `index out of bounds: 0 <= tmp0 < 4` failed. /tmp/torchinductor_jwen929/hk/chkurn232raa2zgjsijhqso7rm3vujbbs7wkhu6co5oufdv4npbw.py:27: unknown: block: [0,0,0], thread: [29,0,0] Assertion `index out of bounds: 0 <= tmp0 < 4` failed. [cuda_allocator.cpp:231] cudaFreeAsync failed: device-side assert triggered (ptr=0x320000000, device -1) [cuda_allocator.cpp:231] cudaFreeAsync failed: device-side assert triggered (ptr=0x320000a00, device -1) [cuda_allocator.cpp:231] cudaFreeAsync failed: device-side assert triggered (ptr=0x320000600, device -1) [cuda_allocator.cpp:231] cudaFreeAsync failed: device-side assert triggered (ptr=0x320000200, device -1) Error: CUDA driver error: device-side assert triggered [cuda_allocator.cpp:231] cudaFreeAsync failed: device-side assert triggered (ptr=0x320000800, device -1) [method.cpp:1525] CALL_DELEGATE execute failed at instruction 0: 0x1
max_pool2d_with_indices_backward.grad_input	w73:648	CRASH	executor died (native abort)
max_pool2d_with_indices_backward.grad_input	w74:143	CRASH	executor died (native abort)
max_pool2d_with_indices_backward.grad_input	w74:374	CRASH	executor died (native abort)
max_pool2d_with_indices_backward.grad_input	w74:605	CRASH	executor died (native abort)
max_pool2d_with_indices_backward.grad_input	w75:35	CRASH	executor died (native abort)
max_pool2d_with_indices_backward.grad_input	w76:340	CRASH	executor died (native abort)
max_pool2d_with_indices_backward.grad_input	w77:126	CRASH	executor died (native abort)
max_pool2d_with_indices_backward.grad_input	w77:357	CRASH	executor died (native abort)
max_pool2d_with_indices_backward.grad_input	w78:15	CRASH	executor died (native abort)
max_pool2d_with_indices_backward.grad_input	w78:246	CRASH	executor died (native abort)
max_pool2d_with_indices_backward.grad_input	w78:477	SKIP	client RuntimeError: method->execute() failed with error 0x1 | /tmp/torchinductor_jwen929/hr/chryhfesy6wp56t22jn3k7s6zcz6ldcbiu4htjzmmjv5xqakbevz.py:26: unknown: block: [0,0,0], thread: [0,0,0] Assertion `index out of bounds: 0 <= tmp0 < 8` failed. /tmp/torchinductor_jwen929/hr/chryhfesy6wp56t22jn3k7s6zcz6ldcbiu4htjzmmjv5xqakbevz.py:26: unknown: block: [0,0,0], thread: [1,0,0] Assertion `index out of bounds: 0 <= tmp0 < 8` failed. /tmp/torchinductor_jwen929/hr/chryhfesy6wp56t22jn3k7s6zcz6ldcbiu4htjzmmjv5xqakbevz.py:26: unknown: block: [0,0,0], thread: [4,0,0] Assertion `index out of bounds: 0 <= tmp0 < 8` failed. /tmp/torchinductor_jwen929/hr/chryhfesy6wp56t22jn3k7s6zcz6ldcbiu4htjzmmjv5xqakbevz.py:26: unknown: block: [0,0,0], thread: [5,0,0] Assertion `index out of bounds: 0 <= tmp0 < 8` failed. /tmp/torchinductor_jwen929/hr/chryhfesy6wp56t22jn3k7s6zcz6ldcbiu4htjzmmjv5xqakbevz.py:26: unknown: block: [0,0,0], thread: [8,0,0] Assertion `index out of bounds: 0 <= tmp0 < 8` failed. /tmp/torchinductor_jwen929/hr/chryhfesy6wp56t22jn3k7s6zcz6ldcbiu4htjzmmjv5xqakbevz.py:26: unknown: block: [0,0,0], thread: [9,0,0] Assertion `index out of bounds: 0 <= tmp0 < 8` failed. /tmp/torchinductor_jwen929/hr/chryhfesy6wp56t22jn3k7s6zcz6ldcbiu4htjzmmjv5xqakbevz.py:26: unknown: block: [0,0,0], thread: [12,0,0] Assertion `index out of bounds: 0 <= tmp0 < 8` failed. /tmp/torchinductor_jwen929/hr/chryhfesy6wp56t22jn3k7s6zcz6ldcbiu4htjzmmjv5xqakbevz.py:26: unknown: block: [0,0,0], thread: [13,0,0] Assertion `index out of bounds: 0 <= tmp0 < 8` failed. /tmp/torchinductor_jwen929/hr/chryhfesy6wp56t22jn3k7s6zcz6ldcbiu4htjzmmjv5xqakbevz.py:26: unknown: block: [0,0,0], thread: [16,0,0] Assertion `index out of bounds: 0 <= tmp0 < 8` failed. /tmp/torchinductor_jwen929/hr/chryhfesy6wp56t22jn3k7s6zcz6ldcbiu4htjzmmjv5xqakbevz.py:26: unknown: block: [0,0,0], thread: [17,0,0] Assertion `index out of bounds: 0 <= tmp0 < 8` failed. /tmp/torchinductor_jwen929/hr/chryhfesy6wp56t22jn3k7s6zcz6ldcbiu4htjzmmjv5xqakbevz.py:26: unknown: block: [0,0,0], thread: [20,0,0] Assertion `index out of bounds: 0 <= tmp0 < 8` failed. /tmp/torchinductor_jwen929/hr/chryhfesy6wp56t22jn3k7s6zcz6ldcbiu4htjzmmjv5xqakbevz.py:26: unknown: block: [0,0,0], thread: [21,0,0] Assertion `index out of bounds: 0 <= tmp0 < 8` failed. /tmp/torchinductor_jwen929/hr/chryhfesy6wp56t22jn3k7s6zcz6ldcbiu4htjzmmjv5xqakbevz.py:26: unknown: block: [0,0,0], thread: [24,0,0] Assertion `index out of bounds: 0 <= tmp0 < 8` failed. /tmp/torchinductor_jwen929/hr/chryhfesy6wp56t22jn3k7s6zcz6ldcbiu4htjzmmjv5xqakbevz.py:26: unknown: block: [0,0,0], thread: [25,0,0] Assertion `index out of bounds: 0 <= tmp0 < 8` failed. /tmp/torchinductor_jwen929/hr/chryhfesy6wp56t22jn3k7s6zcz6ldcbiu4htjzmmjv5xqakbevz.py:26: unknown: block: [0,0,0], thread: [28,0,0] Assertion `index out of bounds: 0 <= tmp0 < 8` failed. /tmp/torchinductor_jwen929/hr/chryhfesy6wp56t22jn3k7s6zcz6ldcbiu4htjzmmjv5xqakbevz.py:26: unknown: block: [0,0,0], thread: [29,0,0] Assertion `index out of bounds: 0 <= tmp0 < 8` failed. [cuda_allocator.cpp:231] cudaFreeAsync failed: device-side assert triggered (ptr=0x320000000, device -1) [cuda_allocator.cpp:231] cudaFreeAsync failed: device-side assert triggered (ptr=0x320000a00, device -1) [cuda_allocator.cpp:231] cudaFreeAsync failed: device-side assert triggered (ptr=0x320000600, device -1) [cuda_allocator.cpp:231] cudaFreeAsync failed: device-side assert triggered (ptr=0x320000200, device -1) Error: CUDA driver error: device-side assert triggered [cuda_allocator.cpp:231] cudaFreeAsync failed: device-side assert triggered (ptr=0x320000800, device -1) [method.cpp:1525] CALL_DELEGATE execute failed at instruction 0: 0x1
max_pool2d_with_indices_backward.grad_input	w78:708	CRASH	executor died (native abort)
max_pool2d_with_indices_backward.grad_input	w79:110	CRASH	executor died (native abort)
max_pool2d_with_indices_backward.grad_input	w80:236	SKIP	client RuntimeError: method->execute() failed with error 0x1 | /tmp/torchinductor_jwen929/26/c26qnswy7usadq2jyqdqjhlqtshoncujkrqiuadwr3eusfjsoi7w.py:26: unknown: block: [0,0,0], thread: [2,0,0] Assertion `index out of bounds: 0 <= tmp0 < 4` failed. /tmp/torchinductor_jwen929/26/c26qnswy7usadq2jyqdqjhlqtshoncujkrqiuadwr3eusfjsoi7w.py:26: unknown: block: [0,0,0], thread: [3,0,0] Assertion `index out of bounds: 0 <= tmp0 < 4` failed. /tmp/torchinductor_jwen929/26/c26qnswy7usadq2jyqdqjhlqtshoncujkrqiuadwr3eusfjsoi7w.py:26: unknown: block: [0,0,0], thread: [6,0,0] Assertion `index out of bounds: 0 <= tmp0 < 4` failed. /tmp/torchinductor_jwen929/26/c26qnswy7usadq2jyqdqjhlqtshoncujkrqiuadwr3eusfjsoi7w.py:26: unknown: block: [0,0,0], thread: [10,0,0] Assertion `index out of bounds: 0 <= tmp0 < 4` failed. /tmp/torchinductor_jwen929/26/c26qnswy7usadq2jyqdqjhlqtshoncujkrqiuadwr3eusfjsoi7w.py:26: unknown: block: [0,0,0], thread: [11,0,0] Assertion `index out of bounds: 0 <= tmp0 < 4` failed. /tmp/torchinductor_jwen929/26/c26qnswy7usadq2jyqdqjhlqtshoncujkrqiuadwr3eusfjsoi7w.py:26: unknown: block: [0,0,0], thread: [14,0,0] Assertion `index out of bounds: 0 <= tmp0 < 4` failed. /tmp/torchinductor_jwen929/26/c26qnswy7usadq2jyqdqjhlqtshoncujkrqiuadwr3eusfjsoi7w.py:26: unknown: block: [0,0,0], thread: [18,0,0] Assertion `index out of bounds: 0 <= tmp0 < 4` failed. /tmp/torchinductor_jwen929/26/c26qnswy7usadq2jyqdqjhlqtshoncujkrqiuadwr3eusfjsoi7w.py:26: unknown: block: [0,0,0], thread: [19,0,0] Assertion `index out of bounds: 0 <= tmp0 < 4` failed. /tmp/torchinductor_jwen929/26/c26qnswy7usadq2jyqdqjhlqtshoncujkrqiuadwr3eusfjsoi7w.py:26: unknown: block: [0,0,0], thread: [22,0,0] Assertion `index out of bounds: 0 <= tmp0 < 4` failed. /tmp/torchinductor_jwen929/26/c26qnswy7usadq2jyqdqjhlqtshoncujkrqiuadwr3eusfjsoi7w.py:26: unknown: block: [0,0,0], thread: [26,0,0] Assertion `index out of bounds: 0 <= tmp0 < 4` failed. /tmp/torchinductor_jwen929/26/c26qnswy7usadq2jyqdqjhlqtshoncujkrqiuadwr3eusfjsoi7w.py:26: unknown: block: [0,0,0], thread: [27,0,0] Assertion `index out of bounds: 0 <= tmp0 < 4` failed. /tmp/torchinductor_jwen929/26/c26qnswy7usadq2jyqdqjhlqtshoncujkrqiuadwr3eusfjsoi7w.py:26: unknown: block: [0,0,0], thread: [30,0,0] Assertion `index out of bounds: 0 <= tmp0 < 4` failed. [cuda_allocator.cpp:231] cudaFreeAsync failed: device-side assert triggered (ptr=0x320000000, device -1) [cuda_allocator.cpp:231] cudaFreeAsync failed: device-side assert triggered (ptr=0x320000a00, device -1) [cuda_allocator.cpp:231] cudaFreeAsync failed: device-side assert triggered (ptr=0x320000600, device -1) [cuda_allocator.cpp:231] cudaFreeAsync failed: device-side assert triggered (ptr=0x320000200, device -1) Error: CUDA driver error: device-side assert triggered [cuda_allocator.cpp:231] cudaFreeAsync failed: device-side assert triggered (ptr=0x320000800, device -1) [method.cpp:1525] CALL_DELEGATE execute failed at instruction 0: 0x1
max_pool2d_with_indices_backward.grad_input	w80:467	CRASH	executor died (native abort)
max_pool2d_with_indices_backward.grad_input	w81:12	CRASH	executor died (native abort)
max_pool2d_with_indices_backward.grad_input	w81:705	CRASH	executor died (native abort)
max_pool2d_with_indices_backward.grad_input	w82:314	CRASH	executor died (native abort)
max_pool2d_with_indices_backward.grad_input	w82:545	SKIP	client RuntimeError: method->execute() failed with error 0x1 | /tmp/torchinductor_jwen929/pv/cpvx7qackcfwzgmq76jik4mrnimvfqofsdvkuuu7kpzxpwskzb3h.py:26: unknown: block: [0,0,0], thread: [0,0,0] Assertion `index out of bounds: 0 <= tmp0 < 1` failed. /tmp/torchinductor_jwen929/pv/cpvx7qackcfwzgmq76jik4mrnimvfqofsdvkuuu7kpzxpwskzb3h.py:26: unknown: block: [0,0,0], thread: [1,0,0] Assertion `index out of bounds: 0 <= tmp0 < 1` failed. /tmp/torchinductor_jwen929/pv/cpvx7qackcfwzgmq76jik4mrnimvfqofsdvkuuu7kpzxpwskzb3h.py:26: unknown: block: [0,0,0], thread: [2,0,0] Assertion `index out of bounds: 0 <= tmp0 < 1` failed. /tmp/torchinductor_jwen929/pv/cpvx7qackcfwzgmq76jik4mrnimvfqofsdvkuuu7kpzxpwskzb3h.py:26: unknown: block: [0,0,0], thread: [4,0,0] Assertion `index out of bounds: 0 <= tmp0 < 1` failed. /tmp/torchinductor_jwen929/pv/cpvx7qackcfwzgmq76jik4mrnimvfqofsdvkuuu7kpzxpwskzb3h.py:26: unknown: block: [0,0,0], thread: [5,0,0] Assertion `index out of bounds: 0 <= tmp0 < 1` failed. /tmp/torchinductor_jwen929/pv/cpvx7qackcfwzgmq76jik4mrnimvfqofsdvkuuu7kpzxpwskzb3h.py:26: unknown: block: [0,0,0], thread: [6,0,0] Assertion `index out of bounds: 0 <= tmp0 < 1` failed. /tmp/torchinductor_jwen929/pv/cpvx7qackcfwzgmq76jik4mrnimvfqofsdvkuuu7kpzxpwskzb3h.py:26: unknown: block: [0,0,0], thread: [8,0,0] Assertion `index out of bounds: 0 <= tmp0 < 1` failed. /tmp/torchinductor_jwen929/pv/cpvx7qackcfwzgmq76jik4mrnimvfqofsdvkuuu7kpzxpwskzb3h.py:26: unknown: block: [0,0,0], thread: [9,0,0] Assertion `index out of bounds: 0 <= tmp0 < 1` failed. /tmp/torchinductor_jwen929/pv/cpvx7qackcfwzgmq76jik4mrnimvfqofsdvkuuu7kpzxpwskzb3h.py:26: unknown: block: [0,0,0], thread: [10,0,0] Assertion `index out of bounds: 0 <= tmp0 < 1` failed. /tmp/torchinductor_jwen929/pv/cpvx7qackcfwzgmq76jik4mrnimvfqofsdvkuuu7kpzxpwskzb3h.py:26: unknown: block: [0,0,0], thread: [12,0,0] Assertion `index out of bounds: 0 <= tmp0 < 1` failed. /tmp/torchinductor_jwen929/pv/cpvx7qackcfwzgmq76jik4mrnimvfqofsdvkuuu7kpzxpwskzb3h.py:26: unknown: block: [0,0,0], thread: [13,0,0] Assertion `index out of bounds: 0 <= tmp0 < 1` failed. /tmp/torchinductor_jwen929/pv/cpvx7qackcfwzgmq76jik4mrnimvfqofsdvkuuu7kpzxpwskzb3h.py:26: unknown: block: [0,0,0], thread: [14,0,0] Assertion `index out of bounds: 0 <= tmp0 < 1` failed. /tmp/torchinductor_jwen929/pv/cpvx7qackcfwzgmq76jik4mrnimvfqofsdvkuuu7kpzxpwskzb3h.py:26: unknown: block: [0,0,0], thread: [16,0,0] Assertion `index out of bounds: 0 <= tmp0 < 1` failed. /tmp/torchinductor_jwen929/pv/cpvx7qackcfwzgmq76jik4mrnimvfqofsdvkuuu7kpzxpwskzb3h.py:26: unknown: block: [0,0,0], thread: [17,0,0] Assertion `index out of bounds: 0 <= tmp0 < 1` failed. /tmp/torchinductor_jwen929/pv/cpvx7qackcfwzgmq76jik4mrnimvfqofsdvkuuu7kpzxpwskzb3h.py:26: unknown: block: [0,0,0], thread: [18,0,0] Assertion `index out of bounds: 0 <= tmp0 < 1` failed. /tmp/torchinductor_jwen929/pv/cpvx7qackcfwzgmq76jik4mrnimvfqofsdvkuuu7kpzxpwskzb3h.py:26: unknown: block: [0,0,0], thread: [20,0,0] Assertion `index out of bounds: 0 <= tmp0 < 1` failed. /tmp/torchinductor_jwen929/pv/cpvx7qackcfwzgmq76jik4mrnimvfqofsdvkuuu7kpzxpwskzb3h.py:26: unknown: block: [0,0,0], thread: [21,0,0] Assertion `index out of bounds: 0 <= tmp0 < 1` failed. /tmp/torchinductor_jwen929/pv/cpvx7qackcfwzgmq76jik4mrnimvfqofsdvkuuu7kpzxpwskzb3h.py:26: unknown: block: [0,0,0], thread: [22,0,0] Assertion `index out of bounds: 0 <= tmp0 < 1` failed. /tmp/torchinductor_jwen929/pv/cpvx7qackcfwzgmq76jik4mrnimvfqofsdvkuuu7kpzxpwskzb3h.py:26: unknown: block: [0,0,0], thread: [24,0,0] Assertion `index out of bounds: 0 <= tmp0 < 1` failed. /tmp/torchinductor_jwen929/pv/cpvx7qackcfwzgmq76jik4mrnimvfqofsdvkuuu7kpzxpwskzb3h.py:26: unknown: block: [0,0,0], thread: [25,0,0] Assertion `index out of bounds: 0 <= tmp0 < 1` failed. /tmp/torchinductor_jwen929/pv/cpvx7qackcfwzgmq76jik4mrnimvfqofsdvkuuu7kpzxpwskzb3h.py:26: unknown: block: [0,0,0], thread: [26,0,0] Assertion `index out of bounds: 0 <= tmp0 < 1` failed. /tmp/torchinductor_jwen929/pv/cpvx7qackcfwzgmq76jik4mrnimvfqofsdvkuuu7kpzxpwskzb3h.py:26: unknown: block: [0,0,0], thread: [28,0,0] Assertion `index out of bounds: 0 <= tmp0 < 1` failed. /tmp/torchinductor_jwen929/pv/cpvx7qackcfwzgmq76jik4mrnimvfqofsdvkuuu7kpzxpwskzb3h.py:26: unknown: block: [0,0,0], thread: [29,0,0] Assertion `index out of bounds: 0 <= tmp0 < 1` failed. /tmp/torchinductor_jwen929/pv/cpvx7qackcfwzgmq76jik4mrnimvfqofsdvkuuu7kpzxpwskzb3h.py:26: unknown: block: [0,0,0], thread: [30,0,0] Assertion `index out of bounds: 0 <= tmp0 < 1` failed. [cuda_allocator.cpp:231] cudaFreeAsync failed: device-side assert triggered (ptr=0x320000000, device -1) [cuda_allocator.cpp:231] cudaFreeAsync failed: device-side assert triggered (ptr=0x320000a00, device -1) [cuda_allocator.cpp:231] cudaFreeAsync failed: device-side assert triggered (ptr=0x320000600, device -1) [cuda_allocator.cpp:231] cudaFreeAsync failed: device-side assert triggered (ptr=0x320000200, device -1) Error: CUDA driver error: device-side assert triggered [cuda_allocator.cpp:231] cudaFreeAsync failed: device-side assert triggered (ptr=0x320000800, device -1) [method.cpp:1525] CALL_DELEGATE execute failed at instruction 0: 0x1
max_pool2d_with_indices_backward.grad_input	w82:83	CRASH	executor died (native abort)
max_pool2d_with_indices_backward.grad_input	w83:298	CRASH	executor died (native abort)
max_pool2d_with_indices_backward.grad_input	w83:529	CRASH	executor died (native abort)
max_pool2d_with_indices_backward.grad_input	w83:67	CRASH	executor died (native abort)
max_pool2d_with_indices_backward.grad_input	w83:760	CRASH	executor died (native abort)
max_pool2d_with_indices_backward.grad_input	w84:63	CRASH	executor died (native abort)
max_pool2d_with_indices_backward.grad_input	w84:756	SKIP	client RuntimeError: method->execute() failed with error 0x1 | /tmp/torchinductor_jwen929/4k/c4kej3jvyqmxysqnn2whsy2onatkrdoc4k27ul7apwl5lwhg5eto.py:26: unknown: block: [0,0,0], thread: [2,0,0] Assertion `index out of bounds: 0 <= tmp0 < 12` failed. /tmp/torchinductor_jwen929/4k/c4kej3jvyqmxysqnn2whsy2onatkrdoc4k27ul7apwl5lwhg5eto.py:26: unknown: block: [0,0,0], thread: [6,0,0] Assertion `index out of bounds: 0 <= tmp0 < 12` failed. /tmp/torchinductor_jwen929/4k/c4kej3jvyqmxysqnn2whsy2onatkrdoc4k27ul7apwl5lwhg5eto.py:26: unknown: block: [0,0,0], thread: [10,0,0] Assertion `index out of bounds: 0 <= tmp0 < 12` failed. /tmp/torchinductor_jwen929/4k/c4kej3jvyqmxysqnn2whsy2onatkrdoc4k27ul7apwl5lwhg5eto.py:26: unknown: block: [0,0,0], thread: [14,0,0] Assertion `index out of bounds: 0 <= tmp0 < 12` failed. /tmp/torchinductor_jwen929/4k/c4kej3jvyqmxysqnn2whsy2onatkrdoc4k27ul7apwl5lwhg5eto.py:26: unknown: block: [0,0,0], thread: [18,0,0] Assertion `index out of bounds: 0 <= tmp0 < 12` failed. /tmp/torchinductor_jwen929/4k/c4kej3jvyqmxysqnn2whsy2onatkrdoc4k27ul7apwl5lwhg5eto.py:26: unknown: block: [0,0,0], thread: [22,0,0] Assertion `index out of bounds: 0 <= tmp0 < 12` failed. /tmp/torchinductor_jwen929/4k/c4kej3jvyqmxysqnn2whsy2onatkrdoc4k27ul7apwl5lwhg5eto.py:26: unknown: block: [0,0,0], thread: [26,0,0] Assertion `index out of bounds: 0 <= tmp0 < 12` failed. /tmp/torchinductor_jwen929/4k/c4kej3jvyqmxysqnn2whsy2onatkrdoc4k27ul7apwl5lwhg5eto.py:26: unknown: block: [0,0,0], thread: [30,0,0] Assertion `index out of bounds: 0 <= tmp0 < 12` failed. [cuda_allocator.cpp:231] cudaFreeAsync failed: device-side assert triggered (ptr=0x320000000, device -1) [cuda_allocator.cpp:231] cudaFreeAsync failed: device-side assert triggered (ptr=0x320000a00, device -1) [cuda_allocator.cpp:231] cudaFreeAsync failed: device-side assert triggered (ptr=0x320000600, device -1) [cuda_allocator.cpp:231] cudaFreeAsync failed: device-side assert triggered (ptr=0x320000200, device -1) Error: CUDA driver error: device-side assert triggered [cuda_allocator.cpp:231] cudaFreeAsync failed: device-side assert triggered (ptr=0x320000800, device -1) [method.cpp:1525] CALL_DELEGATE execute failed at instruction 0: 0x1
max_pool2d_with_indices_backward.grad_input	w85:330	CRASH	executor died (native abort)
max_pool2d_with_indices_backward.grad_input	w85:561	CRASH	executor died (native abort)
max_pool2d_with_indices_backward.grad_input	w85:99	CRASH	executor died (native abort)
max_pool2d_with_indices_backward.grad_input	w86:277	CRASH	executor died (native abort)
max_pool2d_with_indices_backward.grad_input	w86:46	CRASH	executor died (native abort)
max_pool2d_with_indices_backward.grad_input	w86:508	CRASH	executor died (native abort)
max_pool2d_with_indices_backward.grad_input	w87:541	CRASH	executor died (native abort)
max_pool2d_with_indices_backward.grad_input	w87:772	CRASH	executor died (native abort)
max_pool2d_with_indices_backward.grad_input	w88:304	SKIP	client RuntimeError: method->execute() failed with error 0x1 | /tmp/torchinductor_jwen929/af/cafkr2rgyoqj2rfum7uyss32k7esnr545kzcyidn7ah5xek5rble.py:26: unknown: block: [0,0,0], thread: [0,0,0] Assertion `index out of bounds: 0 <= tmp0 < 2` failed. /tmp/torchinductor_jwen929/af/cafkr2rgyoqj2rfum7uyss32k7esnr545kzcyidn7ah5xek5rble.py:26: unknown: block: [0,0,0], thread: [1,0,0] Assertion `index out of bounds: 0 <= tmp0 < 2` failed. /tmp/torchinductor_jwen929/af/cafkr2rgyoqj2rfum7uyss32k7esnr545kzcyidn7ah5xek5rble.py:26: unknown: block: [0,0,0], thread: [2,0,0] Assertion `index out of bounds: 0 <= tmp0 < 2` failed. /tmp/torchinductor_jwen929/af/cafkr2rgyoqj2rfum7uyss32k7esnr545kzcyidn7ah5xek5rble.py:26: unknown: block: [0,0,0], thread: [3,0,0] Assertion `index out of bounds: 0 <= tmp0 < 2` failed. /tmp/torchinductor_jwen929/af/cafkr2rgyoqj2rfum7uyss32k7esnr545kzcyidn7ah5xek5rble.py:26: unknown: block: [0,0,0], thread: [4,0,0] Assertion `index out of bounds: 0 <= tmp0 < 2` failed. /tmp/torchinductor_jwen929/af/cafkr2rgyoqj2rfum7uyss32k7esnr545kzcyidn7ah5xek5rble.py:26: unknown: block: [0,0,0], thread: [5,0,0] Assertion `index out of bounds: 0 <= tmp0 < 2` failed. /tmp/torchinductor_jwen929/af/cafkr2rgyoqj2rfum7uyss32k7esnr545kzcyidn7ah5xek5rble.py:26: unknown: block: [0,0,0], thread: [6,0,0] Assertion `index out of bounds: 0 <= tmp0 < 2` failed. /tmp/torchinductor_jwen929/af/cafkr2rgyoqj2rfum7uyss32k7esnr545kzcyidn7ah5xek5rble.py:26: unknown: block: [0,0,0], thread: [7,0,0] Assertion `index out of bounds: 0 <= tmp0 < 2` failed. /tmp/torchinductor_jwen929/af/cafkr2rgyoqj2rfum7uyss32k7esnr545kzcyidn7ah5xek5rble.py:26: unknown: block: [0,0,0], thread: [8,0,0] Assertion `index out of bounds: 0 <= tmp0 < 2` failed. /tmp/torchinductor_jwen929/af/cafkr2rgyoqj2rfum7uyss32k7esnr545kzcyidn7ah5xek5rble.py:26: unknown: block: [0,0,0], thread: [9,0,0] Assertion `index out of bounds: 0 <= tmp0 < 2` failed. /tmp/torchinductor_jwen929/af/cafkr2rgyoqj2rfum7uyss32k7esnr545kzcyidn7ah5xek5rble.py:26: unknown: block: [0,0,0], thread: [10,0,0] Assertion `index out of bounds: 0 <= tmp0 < 2` failed. /tmp/torchinductor_jwen929/af/cafkr2rgyoqj2rfum7uyss32k7esnr545kzcyidn7ah5xek5rble.py:26: unknown: block: [0,0,0], thread: [11,0,0] Assertion `index out of bounds: 0 <= tmp0 < 2` failed. /tmp/torchinductor_jwen929/af/cafkr2rgyoqj2rfum7uyss32k7esnr545kzcyidn7ah5xek5rble.py:26: unknown: block: [0,0,0], thread: [12,0,0] Assertion `index out of bounds: 0 <= tmp0 < 2` failed. /tmp/torchinductor_jwen929/af/cafkr2rgyoqj2rfum7uyss32k7esnr545kzcyidn7ah5xek5rble.py:26: unknown: block: [0,0,0], thread: [13,0,0] Assertion `index out of bounds: 0 <= tmp0 < 2` failed. /tmp/torchinductor_jwen929/af/cafkr2rgyoqj2rfum7uyss32k7esnr545kzcyidn7ah5xek5rble.py:26: unknown: block: [0,0,0], thread: [14,0,0] Assertion `index out of bounds: 0 <= tmp0 < 2` failed. /tmp/torchinductor_jwen929/af/cafkr2rgyoqj2rfum7uyss32k7esnr545kzcyidn7ah5xek5rble.py:26: unknown: block: [0,0,0], thread: [15,0,0] Assertion `index out of bounds: 0 <= tmp0 < 2` failed. /tmp/torchinductor_jwen929/af/cafkr2rgyoqj2rfum7uyss32k7esnr545kzcyidn7ah5xek5rble.py:26: unknown: block: [0,0,0], thread: [16,0,0] Assertion `index out of bounds: 0 <= tmp0 < 2` failed. /tmp/torchinductor_jwen929/af/cafkr2rgyoqj2rfum7uyss32k7esnr545kzcyidn7ah5xek5rble.py:26: unknown: block: [0,0,0], thread: [17,0,0] Assertion `index out of bounds: 0 <= tmp0 < 2` failed. /tmp/torchinductor_jwen929/af/cafkr2rgyoqj2rfum7uyss32k7esnr545kzcyidn7ah5xek5rble.py:26: unknown: block: [0,0,0], thread: [18,0,0] Assertion `index out of bounds: 0 <= tmp0 < 2` failed. /tmp/torchinductor_jwen929/af/cafkr2rgyoqj2rfum7uyss32k7esnr545kzcyidn7ah5xek5rble.py:26: unknown: block: [0,0,0], thread: [19,0,0] Assertion `index out of bounds: 0 <= tmp0 < 2` failed. /tmp/torchinductor_jwen929/af/cafkr2rgyoqj2rfum7uyss32k7esnr545kzcyidn7ah5xek5rble.py:26: unknown: block: [0,0,0], thread: [20,0,0] Assertion `index out of bounds: 0 <= tmp0 < 2` failed. /tmp/torchinductor_jwen929/af/cafkr2rgyoqj2rfum7uyss32k7esnr545kzcyidn7ah5xek5rble.py:26: unknown: block: [0,0,0], thread: [21,0,0] Assertion `index out of bounds: 0 <= tmp0 < 2` failed. /tmp/torchinductor_jwen929/af/cafkr2rgyoqj2rfum7uyss32k7esnr545kzcyidn7ah5xek5rble.py:26: unknown: block: [0,0,0], thread: [22,0,0] Assertion `index out of bounds: 0 <= tmp0 < 2` failed. /tmp/torchinductor_jwen929/af/cafkr2rgyoqj2rfum7uyss32k7esnr545kzcyidn7ah5xek5rble.py:26: unknown: block: [0,0,0], thread: [23,0,0] Assertion `index out of bounds: 0 <= tmp0 < 2` failed. /tmp/torchinductor_jwen929/af/cafkr2rgyoqj2rfum7uyss32k7esnr545kzcyidn7ah5xek5rble.py:26: unknown: block: [0,0,0], thread: [24,0,0] Assertion `index out of bounds: 0 <= tmp0 < 2` failed. /tmp/torchinductor_jwen929/af/cafkr2rgyoqj2rfum7uyss32k7esnr545kzcyidn7ah5xek5rble.py:26: unknown: block: [0,0,0], thread: [25,0,0] Assertion `index out of bounds: 0 <= tmp0 < 2` failed. /tmp/torchinductor_jwen929/af/cafkr2rgyoqj2rfum7uyss32k7esnr545kzcyidn7ah5xek5rble.py:26: unknown: block: [0,0,0], thread: [26,0,0] Assertion `index out of bounds: 0 <= tmp0 < 2` failed. /tmp/torchinductor_jwen929/af/cafkr2rgyoqj2rfum7uyss32k7esnr545kzcyidn7ah5xek5rble.py:26: unknown: block: [0,0,0], thread: [27,0,0] Assertion `index out of bounds: 0 <= tmp0 < 2` failed. /tmp/torchinductor_jwen929/af/cafkr2rgyoqj2rfum7uyss32k7esnr545kzcyidn7ah5xek5rble.py:26: unknown: block: [0,0,0], thread: [28,0,0] Assertion `index out of bounds: 0 <= tmp0 < 2` failed. /tmp/torchinductor_jwen929/af/cafkr2rgyoqj2rfum7uyss32k7esnr545kzcyidn7ah5xek5rble.py:26: unknown: block: [0,0,0], thread: [29,0,0] Assertion `index out of bounds: 0 <= tmp0 < 2` failed. /tmp/torchinductor_jwen929/af/cafkr2rgyoqj2rfum7uyss32k7esnr545kzcyidn7ah5xek5rble.py:26: unknown: block: [0,0,0], thread: [30,0,0] Assertion `index out of bounds: 0 <= tmp0 < 2` failed. /tmp/torchinductor_jwen929/af/cafkr2rgyoqj2rfum7uyss32k7esnr545kzcyidn7ah5xek5rble.py:26: unknown: block: [0,0,0], thread: [31,0,0] Assertion `index out of bounds: 0 <= tmp0 < 2` failed. [cuda_allocator.cpp:231] cudaFreeAsync failed: device-side assert triggered (ptr=0x320000000, device -1) [cuda_allocator.cpp:231] cudaFreeAsync failed: device-side assert triggered (ptr=0x320000a00, device -1) [cuda_allocator.cpp:231] cudaFreeAsync failed: device-side assert triggered (ptr=0x320000600, device -1) [cuda_allocator.cpp:231] cudaFreeAsync failed: device-side assert triggered (ptr=0x320000200, device -1) Error: CUDA driver error: device-side assert triggered [cuda_allocator.cpp:231] cudaFreeAsync failed: device-side assert triggered (ptr=0x320000800, device -1) [method.cpp:1525] CALL_DELEGATE execute failed at instruction 0: 0x1
max_pool2d_with_indices_backward.grad_input	w88:535	CRASH	executor died (native abort)
max_pool2d_with_indices_backward.grad_input	w88:73	CRASH	executor died (native abort)
max_pool2d_with_indices_backward.grad_input	w89:219	CRASH	executor died (native abort)
max_pool2d_with_indices_backward.grad_input	w89:450	CRASH	executor died (native abort)
max_pool2d_with_indices_backward.grad_input	w89:681	CRASH	executor died (native abort)
max_pool2d_with_indices_backward.grad_input	w8:162	CRASH	executor died (native abort)
max_pool2d_with_indices_backward.grad_input	w8:393	CRASH	executor died (native abort)
max_pool2d_with_indices_backward.grad_input	w8:624	CRASH	executor died (native abort)
max_pool2d_with_indices_backward.grad_input	w90:191	CRASH	executor died (native abort)
max_pool2d_with_indices_backward.grad_input	w91:467	CRASH	executor died (native abort)
max_pool2d_with_indices_backward.grad_input	w91:5	CRASH	executor died (native abort)
max_pool2d_with_indices_backward.grad_input	w91:698	CRASH	executor died (native abort)
max_pool2d_with_indices_backward.grad_input	w92:301	CRASH	executor died (native abort)
max_pool2d_with_indices_backward.grad_input	w92:532	CRASH	executor died (native abort)
max_pool2d_with_indices_backward.grad_input	w93:140	CRASH	executor died (native abort)
max_pool2d_with_indices_backward.grad_input	w93:371	CRASH	executor died (native abort)
max_pool2d_with_indices_backward.grad_input	w93:602	CRASH	executor died (native abort)
max_pool2d_with_indices_backward.grad_input	w94:24	CRASH	executor died (native abort)
max_pool2d_with_indices_backward.grad_input	w94:255	CRASH	executor died (native abort)
max_pool2d_with_indices_backward.grad_input	w94:486	CRASH	executor died (native abort)
max_pool2d_with_indices_backward.grad_input	w95:187	CRASH	executor died (native abort)
max_pool2d_with_indices_backward.grad_input	w95:649	CRASH	executor died (native abort)
max_pool2d_with_indices_backward.grad_input	w96:173	CRASH	executor died (native abort)
max_pool2d_with_indices_backward.grad_input	w96:635	CRASH	executor died (native abort)
max_pool2d_with_indices_backward.grad_input	w97:381	CRASH	executor died (native abort)
max_pool2d_with_indices_backward.grad_input	w98:326	CRASH	executor died (native abort)
max_pool2d_with_indices_backward.grad_input	w98:557	CRASH	executor died (native abort)
max_pool2d_with_indices_backward.grad_input	w98:95	CRASH	executor died (native abort)
max_pool2d_with_indices_backward.grad_input	w99:551	CRASH	executor died (native abort)
max_pool2d_with_indices_backward.grad_input	w9:266	CRASH	executor died (native abort)
max_pool2d_with_indices_backward.grad_input	w9:35	CRASH	executor died (native abort)
mean.dtype_out	w66:183	SKIP	client RuntimeError: Failed to load method forward, error: 0x:1 | [platform.cpp:141] Failed loading symbol AOTInductorModelContainerCreateWithDevice with error /tmp/forward_so_blob533262.so: undefined symbol: AOTInductorModelContainerCreateWithDevice [method.cpp:128] Init failed for backend CudaBackend: 0x1
mean.out	w103:177	CRASH	executor died (native abort)
mean.out	w122:704	CRASH	executor died (native abort)
mean.out	w21:273	SKIP	client RuntimeError: Failed to load method forward, error: 0x:1 | [method.cpp:128] Init failed for backend CudaBackend: 0x1
mean.out	w26:332	SKIP	client RuntimeError: Failed to load method forward, error: 0x:1 | [platform.cpp:141] Failed loading symbol AOTInductorModelContainerCreateWithDevice with error /tmp/forward_so_blob479480.so: undefined symbol: AOTInductorModelContainerCreateWithDevice [method.cpp:128] Init failed for backend CudaBackend: 0x1
mean.out	w55:723	SKIP	client RuntimeError: Failed to load method forward, error: 0x:1 | [platform.cpp:141] Failed loading symbol AOTInductorModelContainerCreateWithDevice with error /tmp/forward_so_blob519978.so: undefined symbol: AOTInductorModelContainerCreateWithDevice [method.cpp:128] Init failed for backend CudaBackend: 0x1
min.dim_min	w0:115	MISMATCH	out[0] shape (1,) vs (0, 0, 0, 0, 0)
min.dim_min	w102:89	MISMATCH	out[0] shape (1,) vs (0,)
min.dim_min	w103:114	MISMATCH	out[0] shape (1,) vs (0, 0, 0, 0, 0)
min.dim_min	w106:316	MISMATCH	out[0] shape (1,) vs (0, 0, 0, 0, 0)
min.dim_min	w106:85	MISMATCH	out[0] shape (1, 1, 1, 1) vs (0, 0, 0, 0, 0)
min.dim_min	w108:186	MISMATCH	out[0] shape (1,) vs (0, 0)
min.dim_min	w109:199	MISMATCH	out[0] shape (1, 1) vs (0, 0, 0, 0, 0)
min.dim_min	w112:300	MISMATCH	out[0] shape (1,) vs (0, 0, 0, 0, 0)
min.dim_min	w112:69	MISMATCH	out[0] shape (1, 1, 1) vs (0, 0, 0, 0, 0)
min.dim_min	w113:323	MISMATCH	out[0] shape () vs (0, 0, 0, 0, 0)
min.dim_min	w120:626	MISMATCH	out[0] shape () vs (0, 0, 0, 0, 0)
min.dim_min	w124:681	MISMATCH	out[0] shape (1, 1, 1) vs (0, 0, 0, 0, 0)
min.dim_min	w126:390	MISMATCH	out[0] shape () vs (0, 0, 0, 0, 0)
min.dim_min	w19:590	MISMATCH	out[0] shape (1,) vs (0, 0, 0, 0, 0)
min.dim_min	w20:206	MISMATCH	out[0] shape (1,) vs (0, 0, 0)
min.dim_min	w23:120	MISMATCH	out[0] shape (1,) vs (0,)
min.dim_min	w23:582	MISMATCH	out[0] shape () vs (0, 0, 0, 0, 0)
min.dim_min	w28:731	MISMATCH	out[0] shape (1,) vs (0, 0, 0, 0, 0)
min.dim_min	w31:82	MISMATCH	out[0] shape (1,) vs (0,)
min.dim_min	w35:630	MISMATCH	out[0] shape (1, 1) vs (0, 0, 0, 0)
min.dim_min	w37:590	MISMATCH	out[0] shape (1, 1, 1) vs (0, 0, 0, 0, 0)
min.dim_min	w41:471	MISMATCH	out[0] shape (1, 1, 1, 1, 1) vs (0, 0, 0, 0, 0)
min.dim_min	w45:216	MISMATCH	out[0] shape () vs (0,)
min.dim_min	w49:293	MISMATCH	out[0] shape (1,) vs (0, 0, 0)
min.dim_min	w51:86	MISMATCH	out[0] shape (1, 1) vs (0, 0, 0)
min.dim_min	w52:142	MISMATCH	out[0] shape (1, 1, 1, 1) vs (0, 0, 0, 0, 0)
min.dim_min	w54:10	MISMATCH	out[0] shape () vs (0, 0, 0, 0, 0)
min.dim_min	w54:241	MISMATCH	out[0] shape (1, 1, 1, 1) vs (0, 0, 0, 0, 0)
min.dim_min	w56:170	MISMATCH	out[0] shape (1, 1) vs (0, 0, 0, 0, 0)
min.dim_min	w57:394	MISMATCH	out[0] shape (1, 1) vs (0, 0, 0, 0, 0)
min.dim_min	w59:441	MISMATCH	out[0] shape (1,) vs (0, 0, 0, 0, 0)
min.dim_min	w60:267	MISMATCH	out[0] shape () vs (0,)
min.dim_min	w60:36	MISMATCH	out[0] shape (1,) vs (0, 0, 0, 0, 0)
min.dim_min	w63:463	MISMATCH	out[0] shape (1,) vs (0, 0, 0, 0, 0)
min.dim_min	w65:424	MISMATCH	out[0] shape () vs (0, 0, 0, 0, 0)
min.dim_min	w67:133	MISMATCH	out[0] shape (1,) vs (0,)
min.dim_min	w70:341	MISMATCH	out[0] shape (1,) vs (0, 0)
min.dim_min	w73:138	MISMATCH	out[0] shape (1,) vs (0, 0, 0, 0, 0)
min.dim_min	w75:449	MISMATCH	out[0] shape (1, 1, 1, 1) vs (0, 0, 0, 0, 0)
min.dim_min	w76:292	MISMATCH	out[0] shape (1, 1) vs (0, 0, 0, 0, 0)
min.dim_min	w81:426	MISMATCH	out[0] shape (1,) vs (0, 0, 0, 0, 0)
min.dim_min	w82:35	MISMATCH	out[0] shape () vs (0, 0, 0, 0, 0)
min.dim_min	w83:19	MISMATCH	out[0] shape (1, 1, 1, 1) vs (0, 0, 0, 0, 0)
min.dim_min	w86:691	MISMATCH	out[0] shape () vs (0, 0)
min.dim_min	w87:724	MISMATCH	out[0] shape (1, 1, 1) vs (0, 0, 0, 0, 0)
min.dim_min	w88:256	MISMATCH	out[0] shape () vs (0, 0, 0, 0, 0)
min.dim_min	w89:402	MISMATCH	out[0] shape (1, 1) vs (0, 0, 0)
min.dim_min	w90:374	MISMATCH	out[0] shape (1, 1, 1) vs (0, 0, 0, 0, 0)
min.dim_min	w91:650	MISMATCH	out[0] shape (1, 1, 1) vs (0, 0, 0, 0)
min.dim_min	w93:554	MISMATCH	out[0] shape (1, 1, 1, 1) vs (0, 0, 0, 0, 0)
min.dim_min	w99:734	MISMATCH	out[0] shape () vs (0, 0, 0, 0)
min.dim_min	w9:218	MISMATCH	out[0] shape () vs (0, 0, 0, 0, 0)
mm.out	w66:216	SKIP	client RuntimeError: Failed to load method forward, error: 0x:1 | [platform.cpp:141] Failed loading symbol AOTInductorModelContainerCreateWithDevice with error /tmp/forward_so_blob533262.so: undefined symbol: AOTInductorModelContainerCreateWithDevice [method.cpp:128] Init failed for backend CudaBackend: 0x1
mul.Scalar	w4:634	MISMATCH	out[0] non-finite mismatch (nan/inf positions differ)
mul.out	w66:15	SKIP	client RuntimeError: Failed to load method forward, error: 0x:1 | [platform.cpp:141] Failed loading symbol AOTInductorModelContainerCreateWithDevice with error /tmp/forward_so_blob533262.so: undefined symbol: AOTInductorModelContainerCreateWithDevice [method.cpp:128] Init failed for backend CudaBackend: 0x1
narrow_copy	w119:460	SKIP	client RuntimeError: Failed to load method forward, error: 0x:1 | [platform.cpp:141] Failed loading symbol AOTInductorModelContainerCreateWithDevice with error /tmp/forward_so_blob434850.so: undefined symbol: AOTInductorModelContainerCreateWithDevice [method.cpp:128] Init failed for backend CudaBackend: 0x1
narrow_copy	w11:359	CRASH	executor died (native abort)
narrow_copy	w66:171	SKIP	client RuntimeError: Failed to load method forward, error: 0x:1 | [platform.cpp:141] Failed loading symbol AOTInductorModelContainerCreateWithDevice with error /tmp/forward_so_blob533262.so: undefined symbol: AOTInductorModelContainerCreateWithDevice [method.cpp:128] Init failed for backend CudaBackend: 0x1
narrow_copy	w80:305	CRASH	executor died (native abort)
native_layer_norm	w55:721	SKIP	client RuntimeError: Failed to load method forward, error: 0x:1 | [platform.cpp:141] Failed loading symbol AOTInductorModelContainerCreateWithDevice with error /tmp/forward_so_blob519978.so: undefined symbol: AOTInductorModelContainerCreateWithDevice [method.cpp:128] Init failed for backend CudaBackend: 0x1
native_layer_norm	w78:490	SKIP	client RuntimeError: Failed to load method forward, error: 0x:1 | [method.cpp:128] Init failed for backend CudaBackend: 0x1
native_layer_norm	w84:76	CRASH	executor died (native abort)
permute_copy	w11:352	SKIP	client RuntimeError: Failed to load method forward, error: 0x:1 | [platform.cpp:141] Failed loading symbol AOTInductorModelContainerCreateWithDevice with error /tmp/forward_so_blob422187.so: undefined symbol: AOTInductorModelContainerCreateWithDevice [method.cpp:128] Init failed for backend CudaBackend: 0x1
pixel_shuffle	w11:325	SKIP	client RuntimeError: Failed to load method forward, error: 0x:1 | [method.cpp:128] Init failed for backend CudaBackend: 0x1
pixel_shuffle	w37:262	CRASH	executor died (native abort)
pixel_unshuffle	w119:409	SKIP	client RuntimeError: Failed to load method forward, error: 0x:1 | [platform.cpp:141] Failed loading symbol AOTInductorModelContainerCreateWithDevice with error /tmp/forward_so_blob434850.so: undefined symbol: AOTInductorModelContainerCreateWithDevice [method.cpp:128] Init failed for backend CudaBackend: 0x1
pixel_unshuffle	w121:358	SKIP	client RuntimeError: Failed to load method forward, error: 0x:1 | [platform.cpp:141] Failed loading symbol AOTInductorModelContainerCreateWithDevice with error /tmp/forward_so_blob448475.so: undefined symbol: AOTInductorModelContainerCreateWithDevice [method.cpp:128] Init failed for backend CudaBackend: 0x1
pixel_unshuffle	w48:624	SKIP	client RuntimeError: Failed to load method forward, error: 0x:1 | [platform.cpp:141] Failed loading symbol AOTInductorModelContainerCreateWithDevice with error /tmp/forward_so_blob507536.so: undefined symbol: AOTInductorModelContainerCreateWithDevice [method.cpp:128] Init failed for backend CudaBackend: 0x1
pixel_unshuffle	w55:726	CRASH	executor died (native abort)
pixel_unshuffle	w62:371	SKIP	client RuntimeError: Failed to load method forward, error: 0x:1 | [method.cpp:128] Init failed for backend CudaBackend: 0x1
pixel_unshuffle	w80:254	SKIP	client RuntimeError: Failed to load method forward, error: 0x:1 | [method.cpp:128] Init failed for backend CudaBackend: 0x1
pixel_unshuffle	w80:301	SKIP	client RuntimeError: Failed to load method forward, error: 0x:1 | [platform.cpp:141] Failed loading symbol AOTInductorModelContainerCreateWithDevice with error /tmp/forward_so_blob547852.so: undefined symbol: AOTInductorModelContainerCreateWithDevice [method.cpp:128] Init failed for backend CudaBackend: 0x1
pow.Tensor_Scalar_out	w121:364	CRASH	executor died (native abort)
pow.Tensor_Tensor_out	w11:328	SKIP	client RuntimeError: Failed to load method forward, error: 0x:1 | [platform.cpp:141] Failed loading symbol AOTInductorModelContainerCreateWithDevice with error /tmp/forward_so_blob422187.so: undefined symbol: AOTInductorModelContainerCreateWithDevice [method.cpp:128] Init failed for backend CudaBackend: 0x1
prod	w11:288	MISMATCH	out[0] max|delta|=2.550e+02 (rtol=0.0 atol=0.0)
prod	w19:687	MISMATCH	out[0] max|delta|=1.000e+00 (rtol=0.0 atol=0.0)
prod	w20:303	MISMATCH	out[0] max|delta|=1.000e+00 (rtol=0.0 atol=0.0)
prod	w20:765	MISMATCH	out[0] max|delta|=2.550e+02 (rtol=0.0 atol=0.0)
prod	w21:307	MISMATCH	out[0] max|delta|=2.550e+02 (rtol=0.0 atol=0.0)
prod	w4:695	MISMATCH	out[0] max|delta|=1.000e+00 (rtol=0.0 atol=0.0)
prod	w9:777	MISMATCH	out[0] max|delta|=2.550e+02 (rtol=0.0 atol=0.0)
prod.int_out	w0:226	MISMATCH	out[0] max|delta|=2.550e+02 (rtol=0.0 atol=0.0)
prod.int_out	w0:457	MISMATCH	out[0] max|delta|=2.550e+02 (rtol=0.0 atol=0.0)
prod.int_out	w104:690	MISMATCH	out[0] max|delta|=1.000e+00 (rtol=0.0 atol=0.0)
prod.int_out	w11:71	MISMATCH	out[0] max|delta|=2.550e+02 (rtol=0.0 atol=0.0)
prod.int_out	w124:561	MISMATCH	out[0] max|delta|=2.550e+02 (rtol=0.0 atol=0.0)
prod.int_out	w16:530	MISMATCH	out[0] max|delta|=4.000e+00 (rtol=0.0 atol=0.0)
prod.int_out	w17:179	MISMATCH	out[0] max|delta|=2.550e+02 (rtol=0.0 atol=0.0)
prod.int_out	w18:107	MISMATCH	out[0] max|delta|=2.000e+00 (rtol=0.0 atol=0.0)
prod.int_out	w27:642	MISMATCH	out[0] max|delta|=2.550e+02 (rtol=0.0 atol=0.0)
prod.int_out	w3:223	MISMATCH	out[0] max|delta|=1.000e+00 (rtol=0.0 atol=0.0)
prod.int_out	w49:635	MISMATCH	out[0] max|delta|=1.000e+00 (rtol=0.0 atol=0.0)
prod.int_out	w53:520	MISMATCH	out[0] max|delta|=1.000e+00 (rtol=0.0 atol=0.0)
prod.int_out	w66:165	MISMATCH	out[0] max|delta|=2.550e+02 (rtol=0.0 atol=0.0)
prod.int_out	w75:329	MISMATCH	out[0] max|delta|=1.000e+00 (rtol=0.0 atol=0.0)
prod.int_out	w76:634	MISMATCH	out[0] max|delta|=1.000e+00 (rtol=0.0 atol=0.0)
prod.int_out	w80:299	MISMATCH	out[0] max|delta|=1.000e+00 (rtol=0.0 atol=0.0)
prod.int_out	w81:75	MISMATCH	out[0] max|delta|=2.550e+02 (rtol=0.0 atol=0.0)
prod.int_out	w87:604	MISMATCH	out[0] max|delta|=1.000e+00 (rtol=0.0 atol=0.0)
prod.int_out	w88:136	MISMATCH	out[0] max|delta|=2.550e+02 (rtol=0.0 atol=0.0)
prod.int_out	w95:712	MISMATCH	out[0] max|delta|=2.000e+00 (rtol=0.0 atol=0.0)
prod.out	w0:172	MISMATCH	out[0] max|delta|=2.550e+02 (rtol=0.0 atol=0.0)
prod.out	w10:337	MISMATCH	out[0] max|delta|=3.277e+04 (rtol=0.0 atol=0.0)
prod.out	w112:126	MISMATCH	out[0] non-finite mismatch (nan/inf positions differ)
prod.out	w119:400	SKIP	client RuntimeError: Failed to load method forward, error: 0x:1 | [platform.cpp:141] Failed loading symbol AOTInductorModelContainerCreateWithDevice with error /tmp/forward_so_blob434850.so: undefined symbol: AOTInductorModelContainerCreateWithDevice [method.cpp:128] Init failed for backend CudaBackend: 0x1
prod.out	w16:476	MISMATCH	out[0] max|delta|=2.550e+02 (rtol=0.0 atol=0.0)
prod.out	w17:587	MISMATCH	out[0] max|delta|=1.000e+00 (rtol=0.0 atol=0.0)
prod.out	w18:746	MISMATCH	out[0] max|delta|=4.295e+09 (rtol=0.0 atol=0.0)
prod.out	w20:494	MISMATCH	out[0] max|delta|=4.295e+09 (rtol=0.0 atol=0.0)
prod.out	w20:725	MISMATCH	out[0] max|delta|=4.295e+09 (rtol=0.0 atol=0.0)
prod.out	w26:326	SKIP	client RuntimeError: Failed to load method forward, error: 0x:1 | [method.cpp:128] Init failed for backend CudaBackend: 0x1
prod.out	w2:574	MISMATCH	out[0] max|delta|=4.295e+09 (rtol=0.0 atol=0.0)
prod.out	w3:631	MISMATCH	out[0] max|delta|=2.550e+02 (rtol=0.0 atol=0.0)
prod.out	w51:143	CRASH	executor died (native abort)
prod.out	w7:466	MISMATCH	out[0] max|delta|=4.295e+09 (rtol=0.0 atol=0.0)
prod.out	w8:633	MISMATCH	out[0] max|delta|=2.550e+02 (rtol=0.0 atol=0.0)
prod.out	w9:44	MISMATCH	out[0] max|delta|=4.295e+09 (rtol=0.0 atol=0.0)
prod.out	w9:737	MISMATCH	out[0] max|delta|=1.000e+00 (rtol=0.0 atol=0.0)
reflection_pad2d.out	w84:758	SKIP	client RuntimeError: Failed to load method forward, error: 0x:1 | [platform.cpp:141] Failed loading symbol AOTInductorModelContainerCreateWithDevice with error /tmp/forward_so_blob550812.so: undefined symbol: AOTInductorModelContainerCreateWithDevice [method.cpp:128] Init failed for backend CudaBackend: 0x1
replication_pad1d.out	w11:329	SKIP	client RuntimeError: Failed to load method forward, error: 0x:1 | [platform.cpp:141] Failed loading symbol AOTInductorModelContainerCreateWithDevice with error /tmp/forward_so_blob422187.so: undefined symbol: AOTInductorModelContainerCreateWithDevice [method.cpp:128] Init failed for backend CudaBackend: 0x1
replication_pad3d.out	w119:4	SKIP	client RuntimeError: Failed to load method forward, error: 0x:1 | [method.cpp:128] Init failed for backend CudaBackend: 0x1
replication_pad3d.out	w119:466	CRASH	executor died (native abort)
round.out	w100:106	CRASH	executor died (native abort)
rsqrt.out	w26:336	SKIP	client RuntimeError: Failed to load method forward, error: 0x:1 | [platform.cpp:141] Failed loading symbol AOTInductorModelContainerCreateWithDevice with error /tmp/forward_so_blob479480.so: undefined symbol: AOTInductorModelContainerCreateWithDevice [method.cpp:128] Init failed for backend CudaBackend: 0x1
rsqrt.out	w40:266	CRASH	executor died (native abort)
rsqrt.out	w56:468	CRASH	executor died (native abort)
rsqrt.out	w56:6	SKIP	client RuntimeError: Failed to load method forward, error: 0x:22 | [method.cpp:128] Init failed for backend CudaBackend: 0x22
rsub.Scalar	w26:734	MISMATCH	out[0] max|delta|=7.812e-03 (rtol=0.01 atol=0.001)
rsub.Scalar	w30:35	MISMATCH	out[0] max|delta|=7.812e-03 (rtol=0.01 atol=0.001)
rsub.Scalar	w39:204	MISMATCH	out[0] max|delta|=1.562e-02 (rtol=0.01 atol=0.001)
scatter.src_out	w106:226	CRASH	executor died (native abort)
scatter.src_out	w54:613	CRASH	executor died (native abort)
scatter_add.out	w119:442	SKIP	client RuntimeError: Failed to load method forward, error: 0x:1 | [platform.cpp:141] Failed loading symbol AOTInductorModelContainerCreateWithDevice with error /tmp/forward_so_blob434850.so: undefined symbol: AOTInductorModelContainerCreateWithDevice [method.cpp:128] Init failed for backend CudaBackend: 0x1
select_copy.int	w0:33	SKIP	client RuntimeError: method->execute() failed with error 0x12 | [utils.h:38] SlimTensor storage_offset must be 0, got 1 [method.cpp:1525] CALL_DELEGATE execute failed at instruction 0: 0x12
select_copy.int	w0:495	SKIP	client RuntimeError: method->execute() failed with error 0x12 | [utils.h:38] SlimTensor storage_offset must be 0, got 1 [method.cpp:1525] CALL_DELEGATE execute failed at instruction 0: 0x12
select_copy.int	w0:726	SKIP	client RuntimeError: method->execute() failed with error 0x12 | [utils.h:38] SlimTensor storage_offset must be 0, got 2 [method.cpp:1525] CALL_DELEGATE execute failed at instruction 0: 0x12
select_copy.int	w100:301	SKIP	client RuntimeError: method->execute() failed with error 0x12 | [utils.h:38] SlimTensor storage_offset must be 0, got 3 [method.cpp:1525] CALL_DELEGATE execute failed at instruction 0: 0x12
select_copy.int	w100:532	SKIP	client RuntimeError: method->execute() failed with error 0x12 | [utils.h:38] SlimTensor storage_offset must be 0, got 1 [method.cpp:1525] CALL_DELEGATE execute failed at instruction 0: 0x12
select_copy.int	w100:70	SKIP	client RuntimeError: method->execute() failed with error 0x12 | [utils.h:38] SlimTensor storage_offset must be 0, got 1 [method.cpp:1525] CALL_DELEGATE execute failed at instruction 0: 0x12
select_copy.int	w100:763	SKIP	client RuntimeError: method->execute() failed with error 0x12 | [utils.h:38] SlimTensor storage_offset must be 0, got 1 [method.cpp:1525] CALL_DELEGATE execute failed at instruction 0: 0x12
select_copy.int	w101:12	SKIP	client RuntimeError: method->execute() failed with error 0x12 | [utils.h:45] SlimTensor must be contiguous [method.cpp:1525] CALL_DELEGATE execute failed at instruction 0: 0x12
select_copy.int	w101:243	SKIP	client RuntimeError: method->execute() failed with error 0x12 | [utils.h:38] SlimTensor storage_offset must be 0, got 2 [method.cpp:1525] CALL_DELEGATE execute failed at instruction 0: 0x12
select_copy.int	w101:474	SKIP	client RuntimeError: method->execute() failed with error 0x12 | [utils.h:38] SlimTensor storage_offset must be 0, got 1 [method.cpp:1525] CALL_DELEGATE execute failed at instruction 0: 0x12
select_copy.int	w101:705	SKIP	client RuntimeError: method->execute() failed with error 0x12 | [utils.h:38] SlimTensor storage_offset must be 0, got 1 [method.cpp:1525] CALL_DELEGATE execute failed at instruction 0: 0x12
select_copy.int	w102:238	SKIP	client RuntimeError: method->execute() failed with error 0x12 | [utils.h:38] SlimTensor storage_offset must be 0, got 3 [method.cpp:1525] CALL_DELEGATE execute failed at instruction 0: 0x12
select_copy.int	w102:469	SKIP	client RuntimeError: method->execute() failed with error 0x12 | [utils.h:38] SlimTensor storage_offset must be 0, got 1 [method.cpp:1525] CALL_DELEGATE execute failed at instruction 0: 0x12
select_copy.int	w102:7	SKIP	client RuntimeError: method->execute() failed with error 0x12 | [utils.h:38] SlimTensor storage_offset must be 0, got 3 [method.cpp:1525] CALL_DELEGATE execute failed at instruction 0: 0x12
select_copy.int	w102:700	SKIP	client RuntimeError: method->execute() failed with error 0x12 | [utils.h:38] SlimTensor storage_offset must be 0, got 1 [method.cpp:1525] CALL_DELEGATE execute failed at instruction 0: 0x12
select_copy.int	w103:263	SKIP	client RuntimeError: method->execute() failed with error 0x12 | [utils.h:38] SlimTensor storage_offset must be 0, got 1 [method.cpp:1525] CALL_DELEGATE execute failed at instruction 0: 0x12
select_copy.int	w103:32	SKIP	client RuntimeError: method->execute() failed with error 0x12 | [utils.h:38] SlimTensor storage_offset must be 0, got 1 [method.cpp:1525] CALL_DELEGATE execute failed at instruction 0: 0x12
select_copy.int	w103:494	SKIP	client RuntimeError: method->execute() failed with error 0x12 | [utils.h:38] SlimTensor storage_offset must be 0, got 8 [method.cpp:1525] CALL_DELEGATE execute failed at instruction 0: 0x12
select_copy.int	w103:725	SKIP	client RuntimeError: method->execute() failed with error 0x12 | [utils.h:38] SlimTensor storage_offset must be 0, got 1 [method.cpp:1525] CALL_DELEGATE execute failed at instruction 0: 0x12
select_copy.int	w104:266	SKIP	client RuntimeError: method->execute() failed with error 0x12 | [utils.h:38] SlimTensor storage_offset must be 0, got 1 [method.cpp:1525] CALL_DELEGATE execute failed at instruction 0: 0x12
select_copy.int	w104:35	SKIP	client RuntimeError: method->execute() failed with error 0x12 | [utils.h:38] SlimTensor storage_offset must be 0, got 3 [method.cpp:1525] CALL_DELEGATE execute failed at instruction 0: 0x12
select_copy.int	w104:497	SKIP	client RuntimeError: method->execute() failed with error 0x12 | [utils.h:38] SlimTensor storage_offset must be 0, got 1 [method.cpp:1525] CALL_DELEGATE execute failed at instruction 0: 0x12
select_copy.int	w104:728	SKIP	client RuntimeError: method->execute() failed with error 0x12 | [utils.h:38] SlimTensor storage_offset must be 0, got 1 [method.cpp:1525] CALL_DELEGATE execute failed at instruction 0: 0x12
select_copy.int	w105:318	SKIP	client RuntimeError: method->execute() failed with error 0x12 | [utils.h:38] SlimTensor storage_offset must be 0, got 3 [method.cpp:1525] CALL_DELEGATE execute failed at instruction 0: 0x12
select_copy.int	w105:549	SKIP	client RuntimeError: method->execute() failed with error 0x12 | [utils.h:38] SlimTensor storage_offset must be 0, got 1 [method.cpp:1525] CALL_DELEGATE execute failed at instruction 0: 0x12
select_copy.int	w105:780	SKIP	client RuntimeError: method->execute() failed with error 0x12 | [utils.h:38] SlimTensor storage_offset must be 0, got 3 [method.cpp:1525] CALL_DELEGATE execute failed at instruction 0: 0x12
select_copy.int	w106:234	SKIP	client RuntimeError: method->execute() failed with error 0x12 | [utils.h:38] SlimTensor storage_offset must be 0, got 1 [method.cpp:1525] CALL_DELEGATE execute failed at instruction 0: 0x12
select_copy.int	w106:3	SKIP	client RuntimeError: method->execute() failed with error 0x12 | [utils.h:38] SlimTensor storage_offset must be 0, got 1 [method.cpp:1525] CALL_DELEGATE execute failed at instruction 0: 0x12
select_copy.int	w106:465	SKIP	client RuntimeError: method->execute() failed with error 0x12 | [utils.h:38] SlimTensor storage_offset must be 0, got 2 [method.cpp:1525] CALL_DELEGATE execute failed at instruction 0: 0x12
select_copy.int	w106:696	SKIP	client RuntimeError: method->execute() failed with error 0x12 | [utils.h:38] SlimTensor storage_offset must be 0, got 1 [method.cpp:1525] CALL_DELEGATE execute failed at instruction 0: 0x12
select_copy.int	w107:273	SKIP	client RuntimeError: method->execute() failed with error 0x12 | [utils.h:38] SlimTensor storage_offset must be 0, got 1 [method.cpp:1525] CALL_DELEGATE execute failed at instruction 0: 0x12
select_copy.int	w107:42	SKIP	client RuntimeError: method->execute() failed with error 0x12 | [utils.h:38] SlimTensor storage_offset must be 0, got 1 [method.cpp:1525] CALL_DELEGATE execute failed at instruction 0: 0x12
select_copy.int	w107:504	SKIP	client RuntimeError: method->execute() failed with error 0x12 | [utils.h:38] SlimTensor storage_offset must be 0, got 1 [method.cpp:1525] CALL_DELEGATE execute failed at instruction 0: 0x12
select_copy.int	w107:735	SKIP	client RuntimeError: method->execute() failed with error 0x12 | [utils.h:38] SlimTensor storage_offset must be 0, got 3 [method.cpp:1525] CALL_DELEGATE execute failed at instruction 0: 0x12
select_copy.int	w108:104	SKIP	client RuntimeError: method->execute() failed with error 0x12 | [utils.h:38] SlimTensor storage_offset must be 0, got 3 [method.cpp:1525] CALL_DELEGATE execute failed at instruction 0: 0x12
select_copy.int	w108:335	SKIP	client RuntimeError: method->execute() failed with error 0x12 | [utils.h:38] SlimTensor storage_offset must be 0, got 2 [method.cpp:1525] CALL_DELEGATE execute failed at instruction 0: 0x12
select_copy.int	w108:566	SKIP	client RuntimeError: method->execute() failed with error 0x12 | [utils.h:38] SlimTensor storage_offset must be 0, got 1 [method.cpp:1525] CALL_DELEGATE execute failed at instruction 0: 0x12
select_copy.int	w109:117	SKIP	client RuntimeError: method->execute() failed with error 0x12 | [utils.h:38] SlimTensor storage_offset must be 0, got 3 [method.cpp:1525] CALL_DELEGATE execute failed at instruction 0: 0x12
select_copy.int	w109:348	SKIP	client RuntimeError: method->execute() failed with error 0x12 | [utils.h:38] SlimTensor storage_offset must be 0, got 1 [method.cpp:1525] CALL_DELEGATE execute failed at instruction 0: 0x12
select_copy.int	w10:198	SKIP	client RuntimeError: method->execute() failed with error 0x12 | [utils.h:38] SlimTensor storage_offset must be 0, got 1 [method.cpp:1525] CALL_DELEGATE execute failed at instruction 0: 0x12
select_copy.int	w10:429	SKIP	client RuntimeError: method->execute() failed with error 0x12 | [utils.h:38] SlimTensor storage_offset must be 0, got 1 [method.cpp:1525] CALL_DELEGATE execute failed at instruction 0: 0x12
select_copy.int	w10:660	SKIP	client RuntimeError: method->execute() failed with error 0x12 | [utils.h:38] SlimTensor storage_offset must be 0, got 1 [method.cpp:1525] CALL_DELEGATE execute failed at instruction 0: 0x12
select_copy.int	w110:101	SKIP	client RuntimeError: method->execute() failed with error 0x12 | [utils.h:38] SlimTensor storage_offset must be 0, got 1 [method.cpp:1525] CALL_DELEGATE execute failed at instruction 0: 0x12
select_copy.int	w110:332	SKIP	client RuntimeError: method->execute() failed with error 0x12 | [utils.h:38] SlimTensor storage_offset must be 0, got 2 [method.cpp:1525] CALL_DELEGATE execute failed at instruction 0: 0x12
select_copy.int	w110:563	SKIP	client RuntimeError: method->execute() failed with error 0x12 | [utils.h:38] SlimTensor storage_offset must be 0, got 1 [method.cpp:1525] CALL_DELEGATE execute failed at instruction 0: 0x12
select_copy.int	w111:320	SKIP	client RuntimeError: method->execute() failed with error 0x12 | [utils.h:38] SlimTensor storage_offset must be 0, got 1 [method.cpp:1525] CALL_DELEGATE execute failed at instruction 0: 0x12
select_copy.int	w111:551	SKIP	client RuntimeError: method->execute() failed with error 0x12 | [utils.h:38] SlimTensor storage_offset must be 0, got 1 [method.cpp:1525] CALL_DELEGATE execute failed at instruction 0: 0x12
select_copy.int	w111:89	SKIP	client RuntimeError: method->execute() failed with error 0x12 | [utils.h:38] SlimTensor storage_offset must be 0, got 2 [method.cpp:1525] CALL_DELEGATE execute failed at instruction 0: 0x12
select_copy.int	w112:218	SKIP	client RuntimeError: method->execute() failed with error 0x12 | [utils.h:45] SlimTensor must be contiguous [method.cpp:1525] CALL_DELEGATE execute failed at instruction 0: 0x12
select_copy.int	w112:449	SKIP	client RuntimeError: method->execute() failed with error 0x12 | [utils.h:38] SlimTensor storage_offset must be 0, got 1 [method.cpp:1525] CALL_DELEGATE execute failed at instruction 0: 0x12
select_copy.int	w112:680	SKIP	client RuntimeError: method->execute() failed with error 0x12 | [utils.h:38] SlimTensor storage_offset must be 0, got 2 [method.cpp:1525] CALL_DELEGATE execute failed at instruction 0: 0x12
select_copy.int	w113:10	SKIP	client RuntimeError: method->execute() failed with error 0x12 | [utils.h:38] SlimTensor storage_offset must be 0, got 1 [method.cpp:1525] CALL_DELEGATE execute failed at instruction 0: 0x12
select_copy.int	w113:241	SKIP	client RuntimeError: method->execute() failed with error 0x12 | [utils.h:38] SlimTensor storage_offset must be 0, got 1 [method.cpp:1525] CALL_DELEGATE execute failed at instruction 0: 0x12
select_copy.int	w113:472	SKIP	client RuntimeError: method->execute() failed with error 0x12 | [utils.h:38] SlimTensor storage_offset must be 0, got 1 [method.cpp:1525] CALL_DELEGATE execute failed at instruction 0: 0x12
select_copy.int	w113:703	SKIP	client RuntimeError: method->execute() failed with error 0x12 | [utils.h:38] SlimTensor storage_offset must be 0, got 1 [method.cpp:1525] CALL_DELEGATE execute failed at instruction 0: 0x12
select_copy.int	w114:258	SKIP	client RuntimeError: method->execute() failed with error 0x12 | [utils.h:38] SlimTensor storage_offset must be 0, got 3 [method.cpp:1525] CALL_DELEGATE execute failed at instruction 0: 0x12
select_copy.int	w114:27	SKIP	client RuntimeError: method->execute() failed with error 0x12 | [utils.h:38] SlimTensor storage_offset must be 0, got 1 [method.cpp:1525] CALL_DELEGATE execute failed at instruction 0: 0x12
select_copy.int	w114:489	SKIP	client RuntimeError: method->execute() failed with error 0x12 | [utils.h:38] SlimTensor storage_offset must be 0, got 1 [method.cpp:1525] CALL_DELEGATE execute failed at instruction 0: 0x12
select_copy.int	w114:720	SKIP	client RuntimeError: method->execute() failed with error 0x12 | [utils.h:38] SlimTensor storage_offset must be 0, got 3 [method.cpp:1525] CALL_DELEGATE execute failed at instruction 0: 0x12
select_copy.int	w115:296	SKIP	client RuntimeError: method->execute() failed with error 0x12 | [utils.h:38] SlimTensor storage_offset must be 0, got 1 [method.cpp:1525] CALL_DELEGATE execute failed at instruction 0: 0x12
select_copy.int	w115:527	SKIP	client RuntimeError: method->execute() failed with error 0x12 | [utils.h:38] SlimTensor storage_offset must be 0, got 1 [method.cpp:1525] CALL_DELEGATE execute failed at instruction 0: 0x12
select_copy.int	w115:758	SKIP	client RuntimeError: method->execute() failed with error 0x12 | [utils.h:38] SlimTensor storage_offset must be 0, got 1 [method.cpp:1525] CALL_DELEGATE execute failed at instruction 0: 0x12
select_copy.int	w116:309	SKIP	client RuntimeError: method->execute() failed with error 0x12 | [utils.h:38] SlimTensor storage_offset must be 0, got 3 [method.cpp:1525] CALL_DELEGATE execute failed at instruction 0: 0x12
select_copy.int	w116:540	SKIP	client RuntimeError: method->execute() failed with error 0x12 | [utils.h:38] SlimTensor storage_offset must be 0, got 1 [method.cpp:1525] CALL_DELEGATE execute failed at instruction 0: 0x12
select_copy.int	w116:771	SKIP	client RuntimeError: method->execute() failed with error 0x12 | [utils.h:45] SlimTensor must be contiguous [method.cpp:1525] CALL_DELEGATE execute failed at instruction 0: 0x12
select_copy.int	w116:78	SKIP	client RuntimeError: method->execute() failed with error 0x12 | [utils.h:38] SlimTensor storage_offset must be 0, got 1 [method.cpp:1525] CALL_DELEGATE execute failed at instruction 0: 0x12
select_copy.int	w117:286	SKIP	client RuntimeError: method->execute() failed with error 0x12 | [utils.h:38] SlimTensor storage_offset must be 0, got 1 [method.cpp:1525] CALL_DELEGATE execute failed at instruction 0: 0x12
select_copy.int	w117:55	SKIP	client RuntimeError: method->execute() failed with error 0x12 | [utils.h:38] SlimTensor storage_offset must be 0, got 1 [method.cpp:1525] CALL_DELEGATE execute failed at instruction 0: 0x12
select_copy.int	w117:748	SKIP	client RuntimeError: method->execute() failed with error 0x12 | [utils.h:38] SlimTensor storage_offset must be 0, got 1 [method.cpp:1525] CALL_DELEGATE execute failed at instruction 0: 0x12
select_copy.int	w118:12	SKIP	client RuntimeError: method->execute() failed with error 0x12 | [utils.h:45] SlimTensor must be contiguous [method.cpp:1525] CALL_DELEGATE execute failed at instruction 0: 0x12
select_copy.int	w118:243	SKIP	client RuntimeError: method->execute() failed with error 0x12 | [utils.h:38] SlimTensor storage_offset must be 0, got 1 [method.cpp:1525] CALL_DELEGATE execute failed at instruction 0: 0x12
select_copy.int	w118:474	SKIP	client RuntimeError: method->execute() failed with error 0x12 | [utils.h:38] SlimTensor storage_offset must be 0, got 1 [method.cpp:1525] CALL_DELEGATE execute failed at instruction 0: 0x12
select_copy.int	w118:705	SKIP	client RuntimeError: method->execute() failed with error 0x12 | [utils.h:38] SlimTensor storage_offset must be 0, got 2 [method.cpp:1525] CALL_DELEGATE execute failed at instruction 0: 0x12
select_copy.int	w119:261	SKIP	client RuntimeError: method->execute() failed with error 0x12 | [utils.h:38] SlimTensor storage_offset must be 0, got 1 [method.cpp:1525] CALL_DELEGATE execute failed at instruction 0: 0x12
select_copy.int	w119:30	SKIP	client RuntimeError: method->execute() failed with error 0x12 | [utils.h:38] SlimTensor storage_offset must be 0, got 1 [method.cpp:1525] CALL_DELEGATE execute failed at instruction 0: 0x12
select_copy.int	w119:492	SKIP	client RuntimeError: method->execute() failed with error 0x12 | [utils.h:38] SlimTensor storage_offset must be 0, got 1 [method.cpp:1525] CALL_DELEGATE execute failed at instruction 0: 0x12
select_copy.int	w119:723	SKIP	client RuntimeError: method->execute() failed with error 0x12 | [utils.h:38] SlimTensor storage_offset must be 0, got 1 [method.cpp:1525] CALL_DELEGATE execute failed at instruction 0: 0x12
select_copy.int	w11:109	SKIP	client RuntimeError: method->execute() failed with error 0x12 | [utils.h:38] SlimTensor storage_offset must be 0, got 1 [method.cpp:1525] CALL_DELEGATE execute failed at instruction 0: 0x12
select_copy.int	w11:340	SKIP	client RuntimeError: Failed to load method forward, error: 0x:1 | [platform.cpp:141] Failed loading symbol AOTInductorModelContainerCreateWithDevice with error /tmp/forward_so_blob422187.so: undefined symbol: AOTInductorModelContainerCreateWithDevice [method.cpp:128] Init failed for backend CudaBackend: 0x1
select_copy.int	w11:571	SKIP	client RuntimeError: method->execute() failed with error 0x12 | [utils.h:38] SlimTensor storage_offset must be 0, got 1 [method.cpp:1525] CALL_DELEGATE execute failed at instruction 0: 0x12
select_copy.int	w120:313	SKIP	client RuntimeError: method->execute() failed with error 0x12 | [utils.h:38] SlimTensor storage_offset must be 0, got 3 [method.cpp:1525] CALL_DELEGATE execute failed at instruction 0: 0x12
select_copy.int	w120:544	SKIP	client RuntimeError: method->execute() failed with error 0x12 | [utils.h:38] SlimTensor storage_offset must be 0, got 2 [method.cpp:1525] CALL_DELEGATE execute failed at instruction 0: 0x12
select_copy.int	w120:775	SKIP	client RuntimeError: method->execute() failed with error 0x12 | [utils.h:38] SlimTensor storage_offset must be 0, got 1 [method.cpp:1525] CALL_DELEGATE execute failed at instruction 0: 0x12
select_copy.int	w120:82	SKIP	client RuntimeError: method->execute() failed with error 0x12 | [utils.h:38] SlimTensor storage_offset must be 0, got 1 [method.cpp:1525] CALL_DELEGATE execute failed at instruction 0: 0x12
select_copy.int	w121:163	SKIP	client RuntimeError: method->execute() failed with error 0x12 | [utils.h:38] SlimTensor storage_offset must be 0, got 1 [method.cpp:1525] CALL_DELEGATE execute failed at instruction 0: 0x12
select_copy.int	w121:394	SKIP	client RuntimeError: method->execute() failed with error 0x12 | [utils.h:38] SlimTensor storage_offset must be 0, got 1 [method.cpp:1525] CALL_DELEGATE execute failed at instruction 0: 0x12
select_copy.int	w121:625	SKIP	client RuntimeError: method->execute() failed with error 0x12 | [utils.h:38] SlimTensor storage_offset must be 0, got 1 [method.cpp:1525] CALL_DELEGATE execute failed at instruction 0: 0x12
select_copy.int	w122:328	SKIP	client RuntimeError: method->execute() failed with error 0x12 | [utils.h:38] SlimTensor storage_offset must be 0, got 2 [method.cpp:1525] CALL_DELEGATE execute failed at instruction 0: 0x12
select_copy.int	w122:559	SKIP	client RuntimeError: method->execute() failed with error 0x12 | [utils.h:45] SlimTensor must be contiguous [method.cpp:1525] CALL_DELEGATE execute failed at instruction 0: 0x12
select_copy.int	w122:97	SKIP	client RuntimeError: method->execute() failed with error 0x12 | [utils.h:38] SlimTensor storage_offset must be 0, got 1 [method.cpp:1525] CALL_DELEGATE execute failed at instruction 0: 0x12
select_copy.int	w123:173	SKIP	client RuntimeError: method->execute() failed with error 0x12 | [utils.h:38] SlimTensor storage_offset must be 0, got 1 [method.cpp:1525] CALL_DELEGATE execute failed at instruction 0: 0x12
select_copy.int	w123:404	SKIP	client RuntimeError: method->execute() failed with error 0x12 | [utils.h:38] SlimTensor storage_offset must be 0, got 1 [method.cpp:1525] CALL_DELEGATE execute failed at instruction 0: 0x12
select_copy.int	w124:137	SKIP	client RuntimeError: method->execute() failed with error 0x12 | [utils.h:38] SlimTensor storage_offset must be 0, got 3 [method.cpp:1525] CALL_DELEGATE execute failed at instruction 0: 0x12
select_copy.int	w124:368	SKIP	client RuntimeError: method->execute() failed with error 0x12 | [utils.h:38] SlimTensor storage_offset must be 0, got 1 [method.cpp:1525] CALL_DELEGATE execute failed at instruction 0: 0x12
select_copy.int	w124:599	SKIP	client RuntimeError: method->execute() failed with error 0x12 | [utils.h:38] SlimTensor storage_offset must be 0, got 1 [method.cpp:1525] CALL_DELEGATE execute failed at instruction 0: 0x12
select_copy.int	w125:290	SKIP	client RuntimeError: method->execute() failed with error 0x12 | [utils.h:38] SlimTensor storage_offset must be 0, got 1 [method.cpp:1525] CALL_DELEGATE execute failed at instruction 0: 0x12
select_copy.int	w125:521	SKIP	client RuntimeError: method->execute() failed with error 0x12 | [utils.h:38] SlimTensor storage_offset must be 0, got 1 [method.cpp:1525] CALL_DELEGATE execute failed at instruction 0: 0x12
select_copy.int	w125:59	SKIP	client RuntimeError: method->execute() failed with error 0x12 | [utils.h:38] SlimTensor storage_offset must be 0, got 3 [method.cpp:1525] CALL_DELEGATE execute failed at instruction 0: 0x12
select_copy.int	w125:752	SKIP	client RuntimeError: method->execute() failed with error 0x12 | [utils.h:38] SlimTensor storage_offset must be 0, got 1 [method.cpp:1525] CALL_DELEGATE execute failed at instruction 0: 0x12
select_copy.int	w126:539	SKIP	client RuntimeError: method->execute() failed with error 0x12 | [utils.h:38] SlimTensor storage_offset must be 0, got 1 [method.cpp:1525] CALL_DELEGATE execute failed at instruction 0: 0x12
select_copy.int	w126:77	SKIP	client RuntimeError: method->execute() failed with error 0x12 | [utils.h:38] SlimTensor storage_offset must be 0, got 1 [method.cpp:1525] CALL_DELEGATE execute failed at instruction 0: 0x12
select_copy.int	w126:770	SKIP	client RuntimeError: method->execute() failed with error 0x12 | [utils.h:38] SlimTensor storage_offset must be 0, got 1 [method.cpp:1525] CALL_DELEGATE execute failed at instruction 0: 0x12
select_copy.int	w127:205	SKIP	client RuntimeError: method->execute() failed with error 0x12 | [utils.h:38] SlimTensor storage_offset must be 0, got 1 [method.cpp:1525] CALL_DELEGATE execute failed at instruction 0: 0x12
select_copy.int	w127:436	SKIP	client RuntimeError: method->execute() failed with error 0x12 | [utils.h:38] SlimTensor storage_offset must be 0, got 1 [method.cpp:1525] CALL_DELEGATE execute failed at instruction 0: 0x12
select_copy.int	w127:667	SKIP	client RuntimeError: method->execute() failed with error 0x12 | [utils.h:38] SlimTensor storage_offset must be 0, got 2 [method.cpp:1525] CALL_DELEGATE execute failed at instruction 0: 0x12
select_copy.int	w12:216	SKIP	client RuntimeError: method->execute() failed with error 0x12 | [utils.h:38] SlimTensor storage_offset must be 0, got 1 [method.cpp:1525] CALL_DELEGATE execute failed at instruction 0: 0x12
select_copy.int	w12:447	SKIP	client RuntimeError: method->execute() failed with error 0x12 | [utils.h:38] SlimTensor storage_offset must be 0, got 1 [method.cpp:1525] CALL_DELEGATE execute failed at instruction 0: 0x12
select_copy.int	w12:678	SKIP	client RuntimeError: method->execute() failed with error 0x12 | [utils.h:38] SlimTensor storage_offset must be 0, got 1 [method.cpp:1525] CALL_DELEGATE execute failed at instruction 0: 0x12
select_copy.int	w13:148	SKIP	client RuntimeError: method->execute() failed with error 0x12 | [utils.h:38] SlimTensor storage_offset must be 0, got 2 [method.cpp:1525] CALL_DELEGATE execute failed at instruction 0: 0x12
select_copy.int	w13:379	SKIP	client RuntimeError: method->execute() failed with error 0x12 | [utils.h:45] SlimTensor must be contiguous [method.cpp:1525] CALL_DELEGATE execute failed at instruction 0: 0x12
select_copy.int	w13:610	SKIP	client RuntimeError: method->execute() failed with error 0x12 | [utils.h:38] SlimTensor storage_offset must be 0, got 1 [method.cpp:1525] CALL_DELEGATE execute failed at instruction 0: 0x12
select_copy.int	w14:215	SKIP	client RuntimeError: method->execute() failed with error 0x12 | [utils.h:38] SlimTensor storage_offset must be 0, got 1 [method.cpp:1525] CALL_DELEGATE execute failed at instruction 0: 0x12
select_copy.int	w14:446	SKIP	client RuntimeError: method->execute() failed with error 0x12 | [utils.h:38] SlimTensor storage_offset must be 0, got 1 [method.cpp:1525] CALL_DELEGATE execute failed at instruction 0: 0x12
select_copy.int	w14:677	SKIP	client RuntimeError: method->execute() failed with error 0x12 | [utils.h:38] SlimTensor storage_offset must be 0, got 1 [method.cpp:1525] CALL_DELEGATE execute failed at instruction 0: 0x12
select_copy.int	w15:285	SKIP	client RuntimeError: method->execute() failed with error 0x12 | [utils.h:38] SlimTensor storage_offset must be 0, got 1 [method.cpp:1525] CALL_DELEGATE execute failed at instruction 0: 0x12
select_copy.int	w15:516	SKIP	client RuntimeError: method->execute() failed with error 0x12 | [utils.h:38] SlimTensor storage_offset must be 0, got 1 [method.cpp:1525] CALL_DELEGATE execute failed at instruction 0: 0x12
select_copy.int	w15:54	SKIP	client RuntimeError: method->execute() failed with error 0x12 | [utils.h:38] SlimTensor storage_offset must be 0, got 1 [method.cpp:1525] CALL_DELEGATE execute failed at instruction 0: 0x12
select_copy.int	w15:747	SKIP	client RuntimeError: method->execute() failed with error 0x12 | [utils.h:38] SlimTensor storage_offset must be 0, got 1 [method.cpp:1525] CALL_DELEGATE execute failed at instruction 0: 0x12
select_copy.int	w16:106	SKIP	client RuntimeError: method->execute() failed with error 0x12 | [utils.h:38] SlimTensor storage_offset must be 0, got 1 [method.cpp:1525] CALL_DELEGATE execute failed at instruction 0: 0x12
select_copy.int	w16:337	SKIP	client RuntimeError: method->execute() failed with error 0x12 | [utils.h:38] SlimTensor storage_offset must be 0, got 1 [method.cpp:1525] CALL_DELEGATE execute failed at instruction 0: 0x12
select_copy.int	w16:568	SKIP	client RuntimeError: method->execute() failed with error 0x12 | [utils.h:38] SlimTensor storage_offset must be 0, got 2 [method.cpp:1525] CALL_DELEGATE execute failed at instruction 0: 0x12
select_copy.int	w17:217	SKIP	client RuntimeError: method->execute() failed with error 0x12 | [utils.h:38] SlimTensor storage_offset must be 0, got 3 [method.cpp:1525] CALL_DELEGATE execute failed at instruction 0: 0x12
select_copy.int	w17:448	SKIP	client RuntimeError: method->execute() failed with error 0x12 | [utils.h:38] SlimTensor storage_offset must be 0, got 1 [method.cpp:1525] CALL_DELEGATE execute failed at instruction 0: 0x12
select_copy.int	w17:679	SKIP	client RuntimeError: method->execute() failed with error 0x12 | [utils.h:38] SlimTensor storage_offset must be 0, got 1 [method.cpp:1525] CALL_DELEGATE execute failed at instruction 0: 0x12
select_copy.int	w18:145	SKIP	client RuntimeError: method->execute() failed with error 0x12 | [utils.h:38] SlimTensor storage_offset must be 0, got 1 [method.cpp:1525] CALL_DELEGATE execute failed at instruction 0: 0x12
select_copy.int	w18:376	SKIP	client RuntimeError: method->execute() failed with error 0x12 | [utils.h:38] SlimTensor storage_offset must be 0, got 1 [method.cpp:1525] CALL_DELEGATE execute failed at instruction 0: 0x12
select_copy.int	w18:607	SKIP	client RuntimeError: method->execute() failed with error 0x12 | [utils.h:38] SlimTensor storage_offset must be 0, got 2 [method.cpp:1525] CALL_DELEGATE execute failed at instruction 0: 0x12
select_copy.int	w19:277	SKIP	client RuntimeError: method->execute() failed with error 0x12 | [utils.h:38] SlimTensor storage_offset must be 0, got 1 [method.cpp:1525] CALL_DELEGATE execute failed at instruction 0: 0x12
select_copy.int	w19:46	SKIP	client RuntimeError: method->execute() failed with error 0x12 | [utils.h:38] SlimTensor storage_offset must be 0, got 1 [method.cpp:1525] CALL_DELEGATE execute failed at instruction 0: 0x12
select_copy.int	w19:508	SKIP	client RuntimeError: method->execute() failed with error 0x12 | [utils.h:38] SlimTensor storage_offset must be 0, got 1 [method.cpp:1525] CALL_DELEGATE execute failed at instruction 0: 0x12
select_copy.int	w19:739	SKIP	client RuntimeError: method->execute() failed with error 0x12 | [utils.h:38] SlimTensor storage_offset must be 0, got 3 [method.cpp:1525] CALL_DELEGATE execute failed at instruction 0: 0x12
select_copy.int	w1:132	SKIP	client RuntimeError: method->execute() failed with error 0x12 | [utils.h:38] SlimTensor storage_offset must be 0, got 1 [method.cpp:1525] CALL_DELEGATE execute failed at instruction 0: 0x12
select_copy.int	w1:594	SKIP	client RuntimeError: method->execute() failed with error 0x12 | [utils.h:38] SlimTensor storage_offset must be 0, got 1 [method.cpp:1525] CALL_DELEGATE execute failed at instruction 0: 0x12
select_copy.int	w20:124	SKIP	client RuntimeError: method->execute() failed with error 0x12 | [utils.h:38] SlimTensor storage_offset must be 0, got 1 [method.cpp:1525] CALL_DELEGATE execute failed at instruction 0: 0x12
select_copy.int	w20:355	SKIP	client RuntimeError: method->execute() failed with error 0x12 | [utils.h:38] SlimTensor storage_offset must be 0, got 3 [method.cpp:1525] CALL_DELEGATE execute failed at instruction 0: 0x12
select_copy.int	w20:586	SKIP	client RuntimeError: method->execute() failed with error 0x12 | [utils.h:38] SlimTensor storage_offset must be 0, got 1 [method.cpp:1525] CALL_DELEGATE execute failed at instruction 0: 0x12
select_copy.int	w21:128	SKIP	client RuntimeError: method->execute() failed with error 0x12 | [utils.h:38] SlimTensor storage_offset must be 0, got 1 [method.cpp:1525] CALL_DELEGATE execute failed at instruction 0: 0x12
select_copy.int	w21:359	SKIP	client RuntimeError: method->execute() failed with error 0x12 | [utils.h:38] SlimTensor storage_offset must be 0, got 1 [method.cpp:1525] CALL_DELEGATE execute failed at instruction 0: 0x12
select_copy.int	w21:590	SKIP	client RuntimeError: method->execute() failed with error 0x12 | [utils.h:38] SlimTensor storage_offset must be 0, got 1 [method.cpp:1525] CALL_DELEGATE execute failed at instruction 0: 0x12
select_copy.int	w22:284	SKIP	client RuntimeError: method->execute() failed with error 0x12 | [utils.h:38] SlimTensor storage_offset must be 0, got 1 [method.cpp:1525] CALL_DELEGATE execute failed at instruction 0: 0x12
select_copy.int	w22:515	SKIP	client RuntimeError: method->execute() failed with error 0x12 | [utils.h:38] SlimTensor storage_offset must be 0, got 1 [method.cpp:1525] CALL_DELEGATE execute failed at instruction 0: 0x12
select_copy.int	w22:53	SKIP	client RuntimeError: method->execute() failed with error 0x12 | [utils.h:38] SlimTensor storage_offset must be 0, got 24 [method.cpp:1525] CALL_DELEGATE execute failed at instruction 0: 0x12
select_copy.int	w22:746	SKIP	client RuntimeError: method->execute() failed with error 0x12 | [utils.h:38] SlimTensor storage_offset must be 0, got 36 [method.cpp:1525] CALL_DELEGATE execute failed at instruction 0: 0x12
select_copy.int	w23:269	SKIP	client RuntimeError: method->execute() failed with error 0x12 | [utils.h:38] SlimTensor storage_offset must be 0, got 1 [method.cpp:1525] CALL_DELEGATE execute failed at instruction 0: 0x12
select_copy.int	w23:38	SKIP	client RuntimeError: method->execute() failed with error 0x12 | [utils.h:38] SlimTensor storage_offset must be 0, got 1 [method.cpp:1525] CALL_DELEGATE execute failed at instruction 0: 0x12
select_copy.int	w23:500	SKIP	client RuntimeError: method->execute() failed with error 0x12 | [utils.h:38] SlimTensor storage_offset must be 0, got 1 [method.cpp:1525] CALL_DELEGATE execute failed at instruction 0: 0x12
select_copy.int	w23:731	SKIP	client RuntimeError: method->execute() failed with error 0x12 | [utils.h:38] SlimTensor storage_offset must be 0, got 1 [method.cpp:1525] CALL_DELEGATE execute failed at instruction 0: 0x12
select_copy.int	w24:221	SKIP	client RuntimeError: method->execute() failed with error 0x12 | [utils.h:38] SlimTensor storage_offset must be 0, got 1 [method.cpp:1525] CALL_DELEGATE execute failed at instruction 0: 0x12
select_copy.int	w24:452	SKIP	client RuntimeError: method->execute() failed with error 0x12 | [utils.h:38] SlimTensor storage_offset must be 0, got 1 [method.cpp:1525] CALL_DELEGATE execute failed at instruction 0: 0x12
select_copy.int	w24:683	SKIP	client RuntimeError: method->execute() failed with error 0x12 | [utils.h:38] SlimTensor storage_offset must be 0, got 1 [method.cpp:1525] CALL_DELEGATE execute failed at instruction 0: 0x12
select_copy.int	w25:175	SKIP	client RuntimeError: method->execute() failed with error 0x12 | [utils.h:38] SlimTensor storage_offset must be 0, got 1 [method.cpp:1525] CALL_DELEGATE execute failed at instruction 0: 0x12
select_copy.int	w25:406	SKIP	client RuntimeError: method->execute() failed with error 0x12 | [utils.h:38] SlimTensor storage_offset must be 0, got 1 [method.cpp:1525] CALL_DELEGATE execute failed at instruction 0: 0x12
select_copy.int	w25:637	SKIP	client RuntimeError: method->execute() failed with error 0x12 | [utils.h:38] SlimTensor storage_offset must be 0, got 3 [method.cpp:1525] CALL_DELEGATE execute failed at instruction 0: 0x12
select_copy.int	w26:187	SKIP	client RuntimeError: method->execute() failed with error 0x12 | [utils.h:38] SlimTensor storage_offset must be 0, got 2 [method.cpp:1525] CALL_DELEGATE execute failed at instruction 0: 0x12
select_copy.int	w26:418	SKIP	client RuntimeError: method->execute() failed with error 0x12 | [utils.h:38] SlimTensor storage_offset must be 0, got 2 [method.cpp:1525] CALL_DELEGATE execute failed at instruction 0: 0x12
select_copy.int	w26:649	SKIP	client RuntimeError: method->execute() failed with error 0x12 | [utils.h:38] SlimTensor storage_offset must be 0, got 1 [method.cpp:1525] CALL_DELEGATE execute failed at instruction 0: 0x12
select_copy.int	w27:218	SKIP	client RuntimeError: method->execute() failed with error 0x12 | [utils.h:38] SlimTensor storage_offset must be 0, got 1 [method.cpp:1525] CALL_DELEGATE execute failed at instruction 0: 0x12
select_copy.int	w27:449	SKIP	client RuntimeError: method->execute() failed with error 0x12 | [utils.h:38] SlimTensor storage_offset must be 0, got 1 [method.cpp:1525] CALL_DELEGATE execute failed at instruction 0: 0x12
select_copy.int	w27:680	SKIP	client RuntimeError: method->execute() failed with error 0x12 | [utils.h:38] SlimTensor storage_offset must be 0, got 1 [method.cpp:1525] CALL_DELEGATE execute failed at instruction 0: 0x12
select_copy.int	w28:187	SKIP	client RuntimeError: method->execute() failed with error 0x12 | [utils.h:38] SlimTensor storage_offset must be 0, got 1 [method.cpp:1525] CALL_DELEGATE execute failed at instruction 0: 0x12
select_copy.int	w28:649	SKIP	client RuntimeError: method->execute() failed with error 0x12 | [utils.h:38] SlimTensor storage_offset must be 0, got 1 [method.cpp:1525] CALL_DELEGATE execute failed at instruction 0: 0x12
select_copy.int	w29:161	SKIP	client RuntimeError: method->execute() failed with error 0x12 | [utils.h:38] SlimTensor storage_offset must be 0, got 1 [method.cpp:1525] CALL_DELEGATE execute failed at instruction 0: 0x12
select_copy.int	w29:392	SKIP	client RuntimeError: method->execute() failed with error 0x12 | [utils.h:38] SlimTensor storage_offset must be 0, got 2 [method.cpp:1525] CALL_DELEGATE execute failed at instruction 0: 0x12
select_copy.int	w29:623	SKIP	client RuntimeError: method->execute() failed with error 0x12 | [utils.h:38] SlimTensor storage_offset must be 0, got 1 [method.cpp:1525] CALL_DELEGATE execute failed at instruction 0: 0x12
select_copy.int	w2:204	SKIP	client RuntimeError: method->execute() failed with error 0x12 | [utils.h:45] SlimTensor must be contiguous [method.cpp:1525] CALL_DELEGATE execute failed at instruction 0: 0x12
select_copy.int	w2:435	SKIP	client RuntimeError: method->execute() failed with error 0x12 | [utils.h:38] SlimTensor storage_offset must be 0, got 1 [method.cpp:1525] CALL_DELEGATE execute failed at instruction 0: 0x12
select_copy.int	w2:666	SKIP	client RuntimeError: method->execute() failed with error 0x12 | [utils.h:38] SlimTensor storage_offset must be 0, got 1 [method.cpp:1525] CALL_DELEGATE execute failed at instruction 0: 0x12
select_copy.int	w30:181	SKIP	client RuntimeError: method->execute() failed with error 0x12 | [utils.h:38] SlimTensor storage_offset must be 0, got 3 [method.cpp:1525] CALL_DELEGATE execute failed at instruction 0: 0x12
select_copy.int	w30:412	SKIP	client RuntimeError: method->execute() failed with error 0x12 | [utils.h:38] SlimTensor storage_offset must be 0, got 1 [method.cpp:1525] CALL_DELEGATE execute failed at instruction 0: 0x12
select_copy.int	w30:643	SKIP	client RuntimeError: method->execute() failed with error 0x12 | [utils.h:38] SlimTensor storage_offset must be 0, got 1 [method.cpp:1525] CALL_DELEGATE execute failed at instruction 0: 0x12
select_copy.int	w31:0	SKIP	client RuntimeError: method->execute() failed with error 0x12 | [utils.h:38] SlimTensor storage_offset must be 0, got 2 [method.cpp:1525] CALL_DELEGATE execute failed at instruction 0: 0x12
select_copy.int	w31:231	SKIP	client RuntimeError: method->execute() failed with error 0x12 | [utils.h:38] SlimTensor storage_offset must be 0, got 1 [method.cpp:1525] CALL_DELEGATE execute failed at instruction 0: 0x12
select_copy.int	w31:462	SKIP	client RuntimeError: method->execute() failed with error 0x12 | [utils.h:38] SlimTensor storage_offset must be 0, got 3 [method.cpp:1525] CALL_DELEGATE execute failed at instruction 0: 0x12
select_copy.int	w31:693	SKIP	client RuntimeError: method->execute() failed with error 0x12 | [utils.h:38] SlimTensor storage_offset must be 0, got 1 [method.cpp:1525] CALL_DELEGATE execute failed at instruction 0: 0x12
select_copy.int	w32:209	SKIP	client RuntimeError: method->execute() failed with error 0x12 | [utils.h:38] SlimTensor storage_offset must be 0, got 1 [method.cpp:1525] CALL_DELEGATE execute failed at instruction 0: 0x12
select_copy.int	w32:440	SKIP	client RuntimeError: method->execute() failed with error 0x12 | [utils.h:38] SlimTensor storage_offset must be 0, got 1 [method.cpp:1525] CALL_DELEGATE execute failed at instruction 0: 0x12
select_copy.int	w32:671	SKIP	client RuntimeError: method->execute() failed with error 0x12 | [utils.h:38] SlimTensor storage_offset must be 0, got 1 [method.cpp:1525] CALL_DELEGATE execute failed at instruction 0: 0x12
select_copy.int	w33:192	SKIP	client RuntimeError: method->execute() failed with error 0x12 | [utils.h:38] SlimTensor storage_offset must be 0, got 3 [method.cpp:1525] CALL_DELEGATE execute failed at instruction 0: 0x12
select_copy.int	w33:423	SKIP	client RuntimeError: method->execute() failed with error 0x12 | [utils.h:38] SlimTensor storage_offset must be 0, got 1 [method.cpp:1525] CALL_DELEGATE execute failed at instruction 0: 0x12
select_copy.int	w33:654	SKIP	client RuntimeError: method->execute() failed with error 0x12 | [utils.h:38] SlimTensor storage_offset must be 0, got 1 [method.cpp:1525] CALL_DELEGATE execute failed at instruction 0: 0x12
select_copy.int	w34:146	SKIP	client RuntimeError: method->execute() failed with error 0x12 | [utils.h:45] SlimTensor must be contiguous [method.cpp:1525] CALL_DELEGATE execute failed at instruction 0: 0x12
select_copy.int	w34:377	SKIP	client RuntimeError: method->execute() failed with error 0x12 | [utils.h:38] SlimTensor storage_offset must be 0, got 3 [method.cpp:1525] CALL_DELEGATE execute failed at instruction 0: 0x12
select_copy.int	w34:608	SKIP	client RuntimeError: method->execute() failed with error 0x12 | [utils.h:38] SlimTensor storage_offset must be 0, got 1 [method.cpp:1525] CALL_DELEGATE execute failed at instruction 0: 0x12
select_copy.int	w35:317	SKIP	client RuntimeError: method->execute() failed with error 0x12 | [utils.h:38] SlimTensor storage_offset must be 0, got 1 [method.cpp:1525] CALL_DELEGATE execute failed at instruction 0: 0x12
select_copy.int	w35:548	SKIP	client RuntimeError: method->execute() failed with error 0x12 | [utils.h:38] SlimTensor storage_offset must be 0, got 2 [method.cpp:1525] CALL_DELEGATE execute failed at instruction 0: 0x12
select_copy.int	w35:779	SKIP	client RuntimeError: method->execute() failed with error 0x12 | [utils.h:38] SlimTensor storage_offset must be 0, got 3 [method.cpp:1525] CALL_DELEGATE execute failed at instruction 0: 0x12
select_copy.int	w35:86	SKIP	client RuntimeError: method->execute() failed with error 0x12 | [utils.h:38] SlimTensor storage_offset must be 0, got 1 [method.cpp:1525] CALL_DELEGATE execute failed at instruction 0: 0x12
select_copy.int	w36:308	SKIP	client RuntimeError: method->execute() failed with error 0x12 | [utils.h:38] SlimTensor storage_offset must be 0, got 1 [method.cpp:1525] CALL_DELEGATE execute failed at instruction 0: 0x12
select_copy.int	w36:539	SKIP	client RuntimeError: method->execute() failed with error 0x12 | [utils.h:38] SlimTensor storage_offset must be 0, got 1 [method.cpp:1525] CALL_DELEGATE execute failed at instruction 0: 0x12
select_copy.int	w36:77	SKIP	client RuntimeError: method->execute() failed with error 0x12 | [utils.h:38] SlimTensor storage_offset must be 0, got 1 [method.cpp:1525] CALL_DELEGATE execute failed at instruction 0: 0x12
select_copy.int	w36:770	SKIP	client RuntimeError: method->execute() failed with error 0x12 | [utils.h:38] SlimTensor storage_offset must be 0, got 3 [method.cpp:1525] CALL_DELEGATE execute failed at instruction 0: 0x12
select_copy.int	w37:46	SKIP	client RuntimeError: method->execute() failed with error 0x12 | [utils.h:38] SlimTensor storage_offset must be 0, got 1 [method.cpp:1525] CALL_DELEGATE execute failed at instruction 0: 0x12
select_copy.int	w37:508	SKIP	client RuntimeError: method->execute() failed with error 0x12 | [utils.h:38] SlimTensor storage_offset must be 0, got 1 [method.cpp:1525] CALL_DELEGATE execute failed at instruction 0: 0x12
select_copy.int	w37:739	SKIP	client RuntimeError: method->execute() failed with error 0x12 | [utils.h:38] SlimTensor storage_offset must be 0, got 2 [method.cpp:1525] CALL_DELEGATE execute failed at instruction 0: 0x12
select_copy.int	w38:140	SKIP	client RuntimeError: method->execute() failed with error 0x12 | [utils.h:38] SlimTensor storage_offset must be 0, got 1 [method.cpp:1525] CALL_DELEGATE execute failed at instruction 0: 0x12
select_copy.int	w38:371	SKIP	client RuntimeError: method->execute() failed with error 0x12 | [utils.h:38] SlimTensor storage_offset must be 0, got 1 [method.cpp:1525] CALL_DELEGATE execute failed at instruction 0: 0x12
select_copy.int	w38:602	SKIP	client RuntimeError: method->execute() failed with error 0x12 | [utils.h:38] SlimTensor storage_offset must be 0, got 6 [method.cpp:1525] CALL_DELEGATE execute failed at instruction 0: 0x12
select_copy.int	w39:119	SKIP	client RuntimeError: method->execute() failed with error 0x12 | [utils.h:38] SlimTensor storage_offset must be 0, got 1 [method.cpp:1525] CALL_DELEGATE execute failed at instruction 0: 0x12
select_copy.int	w39:350	SKIP	client RuntimeError: method->execute() failed with error 0x12 | [utils.h:38] SlimTensor storage_offset must be 0, got 1 [method.cpp:1525] CALL_DELEGATE execute failed at instruction 0: 0x12
select_copy.int	w39:581	SKIP	client RuntimeError: method->execute() failed with error 0x12 | [utils.h:38] SlimTensor storage_offset must be 0, got 1 [method.cpp:1525] CALL_DELEGATE execute failed at instruction 0: 0x12
select_copy.int	w3:261	SKIP	client RuntimeError: method->execute() failed with error 0x12 | [utils.h:38] SlimTensor storage_offset must be 0, got 1 [method.cpp:1525] CALL_DELEGATE execute failed at instruction 0: 0x12
select_copy.int	w3:30	SKIP	client RuntimeError: method->execute() failed with error 0x12 | [utils.h:38] SlimTensor storage_offset must be 0, got 1 [method.cpp:1525] CALL_DELEGATE execute failed at instruction 0: 0x12
select_copy.int	w3:492	SKIP	client RuntimeError: method->execute() failed with error 0x12 | [utils.h:38] SlimTensor storage_offset must be 0, got 2 [method.cpp:1525] CALL_DELEGATE execute failed at instruction 0: 0x12
select_copy.int	w3:723	SKIP	client RuntimeError: method->execute() failed with error 0x12 | [utils.h:38] SlimTensor storage_offset must be 0, got 1 [method.cpp:1525] CALL_DELEGATE execute failed at instruction 0: 0x12
select_copy.int	w40:117	SKIP	client RuntimeError: method->execute() failed with error 0x12 | [utils.h:38] SlimTensor storage_offset must be 0, got 1 [method.cpp:1525] CALL_DELEGATE execute failed at instruction 0: 0x12
select_copy.int	w40:348	SKIP	client RuntimeError: method->execute() failed with error 0x12 | [utils.h:38] SlimTensor storage_offset must be 0, got 1 [method.cpp:1525] CALL_DELEGATE execute failed at instruction 0: 0x12
select_copy.int	w40:579	SKIP	client RuntimeError: method->execute() failed with error 0x12 | [utils.h:38] SlimTensor storage_offset must be 0, got 1 [method.cpp:1525] CALL_DELEGATE execute failed at instruction 0: 0x12
select_copy.int	w41:158	SKIP	client RuntimeError: method->execute() failed with error 0x12 | [utils.h:38] SlimTensor storage_offset must be 0, got 1 [method.cpp:1525] CALL_DELEGATE execute failed at instruction 0: 0x12
select_copy.int	w41:389	SKIP	client RuntimeError: method->execute() failed with error 0x12 | [utils.h:38] SlimTensor storage_offset must be 0, got 1 [method.cpp:1525] CALL_DELEGATE execute failed at instruction 0: 0x12
select_copy.int	w41:620	SKIP	client RuntimeError: method->execute() failed with error 0x12 | [utils.h:38] SlimTensor storage_offset must be 0, got 1 [method.cpp:1525] CALL_DELEGATE execute failed at instruction 0: 0x12
select_copy.int	w42:194	SKIP	client RuntimeError: method->execute() failed with error 0x12 | [utils.h:38] SlimTensor storage_offset must be 0, got 1 [method.cpp:1525] CALL_DELEGATE execute failed at instruction 0: 0x12
select_copy.int	w42:425	SKIP	client RuntimeError: method->execute() failed with error 0x12 | [utils.h:38] SlimTensor storage_offset must be 0, got 1 [method.cpp:1525] CALL_DELEGATE execute failed at instruction 0: 0x12
select_copy.int	w42:656	SKIP	client RuntimeError: method->execute() failed with error 0x12 | [utils.h:38] SlimTensor storage_offset must be 0, got 1 [method.cpp:1525] CALL_DELEGATE execute failed at instruction 0: 0x12
select_copy.int	w43:185	SKIP	client RuntimeError: method->execute() failed with error 0x12 | [utils.h:38] SlimTensor storage_offset must be 0, got 1 [method.cpp:1525] CALL_DELEGATE execute failed at instruction 0: 0x12
select_copy.int	w43:416	SKIP	client RuntimeError: method->execute() failed with error 0x12 | [utils.h:38] SlimTensor storage_offset must be 0, got 2 [method.cpp:1525] CALL_DELEGATE execute failed at instruction 0: 0x12
select_copy.int	w43:647	SKIP	client RuntimeError: method->execute() failed with error 0x12 | [utils.h:38] SlimTensor storage_offset must be 0, got 1 [method.cpp:1525] CALL_DELEGATE execute failed at instruction 0: 0x12
select_copy.int	w44:114	SKIP	client RuntimeError: method->execute() failed with error 0x12 | [utils.h:38] SlimTensor storage_offset must be 0, got 1 [method.cpp:1525] CALL_DELEGATE execute failed at instruction 0: 0x12
select_copy.int	w44:345	SKIP	client RuntimeError: method->execute() failed with error 0x12 | [utils.h:38] SlimTensor storage_offset must be 0, got 1 [method.cpp:1525] CALL_DELEGATE execute failed at instruction 0: 0x12
select_copy.int	w44:576	SKIP	client RuntimeError: method->execute() failed with error 0x12 | [utils.h:38] SlimTensor storage_offset must be 0, got 2 [method.cpp:1525] CALL_DELEGATE execute failed at instruction 0: 0x12
select_copy.int	w45:134	SKIP	client RuntimeError: method->execute() failed with error 0x12 | [utils.h:38] SlimTensor storage_offset must be 0, got 3 [method.cpp:1525] CALL_DELEGATE execute failed at instruction 0: 0x12
select_copy.int	w45:365	SKIP	client RuntimeError: method->execute() failed with error 0x12 | [utils.h:45] SlimTensor must be contiguous [method.cpp:1525] CALL_DELEGATE execute failed at instruction 0: 0x12
select_copy.int	w45:596	SKIP	client RuntimeError: method->execute() failed with error 0x12 | [utils.h:38] SlimTensor storage_offset must be 0, got 3 [method.cpp:1525] CALL_DELEGATE execute failed at instruction 0: 0x12
select_copy.int	w46:123	SKIP	client RuntimeError: method->execute() failed with error 0x12 | [utils.h:38] SlimTensor storage_offset must be 0, got 1 [method.cpp:1525] CALL_DELEGATE execute failed at instruction 0: 0x12
select_copy.int	w46:354	SKIP	client RuntimeError: method->execute() failed with error 0x12 | [utils.h:38] SlimTensor storage_offset must be 0, got 1 [method.cpp:1525] CALL_DELEGATE execute failed at instruction 0: 0x12
select_copy.int	w46:585	SKIP	client RuntimeError: method->execute() failed with error 0x12 | [utils.h:38] SlimTensor storage_offset must be 0, got 1 [method.cpp:1525] CALL_DELEGATE execute failed at instruction 0: 0x12
select_copy.int	w47:131	SKIP	client RuntimeError: method->execute() failed with error 0x12 | [utils.h:38] SlimTensor storage_offset must be 0, got 1 [method.cpp:1525] CALL_DELEGATE execute failed at instruction 0: 0x12
select_copy.int	w47:362	SKIP	client RuntimeError: method->execute() failed with error 0x12 | [utils.h:38] SlimTensor storage_offset must be 0, got 1 [method.cpp:1525] CALL_DELEGATE execute failed at instruction 0: 0x12
select_copy.int	w47:593	SKIP	client RuntimeError: method->execute() failed with error 0x12 | [utils.h:38] SlimTensor storage_offset must be 0, got 1 [method.cpp:1525] CALL_DELEGATE execute failed at instruction 0: 0x12
select_copy.int	w48:14	SKIP	client RuntimeError: method->execute() failed with error 0x12 | [utils.h:38] SlimTensor storage_offset must be 0, got 1 [method.cpp:1525] CALL_DELEGATE execute failed at instruction 0: 0x12
select_copy.int	w48:245	SKIP	client RuntimeError: method->execute() failed with error 0x12 | [utils.h:38] SlimTensor storage_offset must be 0, got 1 [method.cpp:1525] CALL_DELEGATE execute failed at instruction 0: 0x12
select_copy.int	w48:476	SKIP	client RuntimeError: method->execute() failed with error 0x12 | [utils.h:38] SlimTensor storage_offset must be 0, got 1 [method.cpp:1525] CALL_DELEGATE execute failed at instruction 0: 0x12
select_copy.int	w49:211	SKIP	client RuntimeError: method->execute() failed with error 0x12 | [utils.h:38] SlimTensor storage_offset must be 0, got 1 [method.cpp:1525] CALL_DELEGATE execute failed at instruction 0: 0x12
select_copy.int	w49:442	SKIP	client RuntimeError: method->execute() failed with error 0x12 | [utils.h:38] SlimTensor storage_offset must be 0, got 1 [method.cpp:1525] CALL_DELEGATE execute failed at instruction 0: 0x12
select_copy.int	w49:673	SKIP	client RuntimeError: method->execute() failed with error 0x12 | [utils.h:38] SlimTensor storage_offset must be 0, got 1 [method.cpp:1525] CALL_DELEGATE execute failed at instruction 0: 0x12
select_copy.int	w4:285	SKIP	client RuntimeError: method->execute() failed with error 0x12 | [utils.h:38] SlimTensor storage_offset must be 0, got 1 [method.cpp:1525] CALL_DELEGATE execute failed at instruction 0: 0x12
select_copy.int	w4:516	SKIP	client RuntimeError: method->execute() failed with error 0x12 | [utils.h:38] SlimTensor storage_offset must be 0, got 1 [method.cpp:1525] CALL_DELEGATE execute failed at instruction 0: 0x12
select_copy.int	w4:54	SKIP	client RuntimeError: method->execute() failed with error 0x12 | [utils.h:38] SlimTensor storage_offset must be 0, got 1 [method.cpp:1525] CALL_DELEGATE execute failed at instruction 0: 0x12
select_copy.int	w4:747	SKIP	client RuntimeError: method->execute() failed with error 0x12 | [utils.h:38] SlimTensor storage_offset must be 0, got 1 [method.cpp:1525] CALL_DELEGATE execute failed at instruction 0: 0x12
select_copy.int	w50:197	SKIP	client RuntimeError: method->execute() failed with error 0x12 | [utils.h:38] SlimTensor storage_offset must be 0, got 8 [method.cpp:1525] CALL_DELEGATE execute failed at instruction 0: 0x12
select_copy.int	w50:428	SKIP	client RuntimeError: method->execute() failed with error 0x12 | [utils.h:38] SlimTensor storage_offset must be 0, got 1 [method.cpp:1525] CALL_DELEGATE execute failed at instruction 0: 0x12
select_copy.int	w50:659	SKIP	client RuntimeError: method->execute() failed with error 0x12 | [utils.h:38] SlimTensor storage_offset must be 0, got 1 [method.cpp:1525] CALL_DELEGATE execute failed at instruction 0: 0x12
select_copy.int	w51:466	SKIP	client RuntimeError: method->execute() failed with error 0x12 | [utils.h:38] SlimTensor storage_offset must be 0, got 1 [method.cpp:1525] CALL_DELEGATE execute failed at instruction 0: 0x12
select_copy.int	w51:697	SKIP	client RuntimeError: method->execute() failed with error 0x12 | [utils.h:38] SlimTensor storage_offset must be 0, got 1 [method.cpp:1525] CALL_DELEGATE execute failed at instruction 0: 0x12
select_copy.int	w52:291	SKIP	client RuntimeError: method->execute() failed with error 0x12 | [utils.h:38] SlimTensor storage_offset must be 0, got 1 [method.cpp:1525] CALL_DELEGATE execute failed at instruction 0: 0x12
select_copy.int	w52:522	SKIP	client RuntimeError: method->execute() failed with error 0x12 | [utils.h:38] SlimTensor storage_offset must be 0, got 1 [method.cpp:1525] CALL_DELEGATE execute failed at instruction 0: 0x12
select_copy.int	w52:60	SKIP	client RuntimeError: method->execute() failed with error 0x12 | [utils.h:38] SlimTensor storage_offset must be 0, got 1 [method.cpp:1525] CALL_DELEGATE execute failed at instruction 0: 0x12
select_copy.int	w52:753	SKIP	client RuntimeError: method->execute() failed with error 0x12 | [utils.h:38] SlimTensor storage_offset must be 0, got 1 [method.cpp:1525] CALL_DELEGATE execute failed at instruction 0: 0x12
select_copy.int	w53:327	SKIP	client RuntimeError: method->execute() failed with error 0x12 | [utils.h:38] SlimTensor storage_offset must be 0, got 1 [method.cpp:1525] CALL_DELEGATE execute failed at instruction 0: 0x12
select_copy.int	w53:558	SKIP	client RuntimeError: method->execute() failed with error 0x12 | [utils.h:38] SlimTensor storage_offset must be 0, got 1 [method.cpp:1525] CALL_DELEGATE execute failed at instruction 0: 0x12
select_copy.int	w53:96	SKIP	client RuntimeError: method->execute() failed with error 0x12 | [utils.h:38] SlimTensor storage_offset must be 0, got 2 [method.cpp:1525] CALL_DELEGATE execute failed at instruction 0: 0x12
select_copy.int	w54:159	SKIP	client RuntimeError: method->execute() failed with error 0x12 | [utils.h:45] SlimTensor must be contiguous [method.cpp:1525] CALL_DELEGATE execute failed at instruction 0: 0x12
select_copy.int	w54:390	SKIP	client RuntimeError: method->execute() failed with error 0x12 | [utils.h:38] SlimTensor storage_offset must be 0, got 1 [method.cpp:1525] CALL_DELEGATE execute failed at instruction 0: 0x12
select_copy.int	w54:621	SKIP	client RuntimeError: method->execute() failed with error 0x12 | [utils.h:38] SlimTensor storage_offset must be 0, got 1 [method.cpp:1525] CALL_DELEGATE execute failed at instruction 0: 0x12
select_copy.int	w55:116	SKIP	client RuntimeError: method->execute() failed with error 0x12 | [utils.h:38] SlimTensor storage_offset must be 0, got 1 [method.cpp:1525] CALL_DELEGATE execute failed at instruction 0: 0x12
select_copy.int	w55:347	SKIP	client RuntimeError: method->execute() failed with error 0x12 | [utils.h:38] SlimTensor storage_offset must be 0, got 3 [method.cpp:1525] CALL_DELEGATE execute failed at instruction 0: 0x12
select_copy.int	w55:578	SKIP	client RuntimeError: method->execute() failed with error 0x12 | [utils.h:38] SlimTensor storage_offset must be 0, got 1 [method.cpp:1525] CALL_DELEGATE execute failed at instruction 0: 0x12
select_copy.int	w56:319	SKIP	client RuntimeError: method->execute() failed with error 0x12 | [utils.h:38] SlimTensor storage_offset must be 0, got 1 [method.cpp:1525] CALL_DELEGATE execute failed at instruction 0: 0x12
select_copy.int	w56:550	SKIP	client RuntimeError: method->execute() failed with error 0x12 | [utils.h:38] SlimTensor storage_offset must be 0, got 2 [method.cpp:1525] CALL_DELEGATE execute failed at instruction 0: 0x12
select_copy.int	w56:781	SKIP	client RuntimeError: method->execute() failed with error 0x12 | [utils.h:38] SlimTensor storage_offset must be 0, got 1 [method.cpp:1525] CALL_DELEGATE execute failed at instruction 0: 0x12
select_copy.int	w57:312	SKIP	client RuntimeError: method->execute() failed with error 0x12 | [utils.h:38] SlimTensor storage_offset must be 0, got 3 [method.cpp:1525] CALL_DELEGATE execute failed at instruction 0: 0x12
select_copy.int	w57:543	SKIP	client RuntimeError: method->execute() failed with error 0x12 | [utils.h:38] SlimTensor storage_offset must be 0, got 48 [method.cpp:1525] CALL_DELEGATE execute failed at instruction 0: 0x12
select_copy.int	w57:774	SKIP	client RuntimeError: method->execute() failed with error 0x12 | [utils.h:38] SlimTensor storage_offset must be 0, got 3 [method.cpp:1525] CALL_DELEGATE execute failed at instruction 0: 0x12
select_copy.int	w57:81	SKIP	client RuntimeError: method->execute() failed with error 0x12 | [utils.h:38] SlimTensor storage_offset must be 0, got 1 [method.cpp:1525] CALL_DELEGATE execute failed at instruction 0: 0x12
select_copy.int	w58:273	SKIP	client RuntimeError: method->execute() failed with error 0x12 | [utils.h:38] SlimTensor storage_offset must be 0, got 1 [method.cpp:1525] CALL_DELEGATE execute failed at instruction 0: 0x12
select_copy.int	w58:42	SKIP	client RuntimeError: method->execute() failed with error 0x12 | [utils.h:38] SlimTensor storage_offset must be 0, got 1 [method.cpp:1525] CALL_DELEGATE execute failed at instruction 0: 0x12
select_copy.int	w58:504	SKIP	client RuntimeError: method->execute() failed with error 0x12 | [utils.h:38] SlimTensor storage_offset must be 0, got 1 [method.cpp:1525] CALL_DELEGATE execute failed at instruction 0: 0x12
select_copy.int	w58:735	SKIP	client RuntimeError: method->execute() failed with error 0x12 | [utils.h:38] SlimTensor storage_offset must be 0, got 1 [method.cpp:1525] CALL_DELEGATE execute failed at instruction 0: 0x12
select_copy.int	w59:128	SKIP	client RuntimeError: method->execute() failed with error 0x12 | [utils.h:38] SlimTensor storage_offset must be 0, got 1 [method.cpp:1525] CALL_DELEGATE execute failed at instruction 0: 0x12
select_copy.int	w59:359	SKIP	client RuntimeError: method->execute() failed with error 0x12 | [utils.h:38] SlimTensor storage_offset must be 0, got 1 [method.cpp:1525] CALL_DELEGATE execute failed at instruction 0: 0x12
select_copy.int	w59:590	SKIP	client RuntimeError: method->execute() failed with error 0x12 | [utils.h:38] SlimTensor storage_offset must be 0, got 1 [method.cpp:1525] CALL_DELEGATE execute failed at instruction 0: 0x12
select_copy.int	w5:138	SKIP	client RuntimeError: method->execute() failed with error 0x12 | [utils.h:38] SlimTensor storage_offset must be 0, got 1 [method.cpp:1525] CALL_DELEGATE execute failed at instruction 0: 0x12
select_copy.int	w5:369	SKIP	client RuntimeError: method->execute() failed with error 0x12 | [utils.h:38] SlimTensor storage_offset must be 0, got 1 [method.cpp:1525] CALL_DELEGATE execute failed at instruction 0: 0x12
select_copy.int	w5:600	SKIP	client RuntimeError: method->execute() failed with error 0x12 | [utils.h:38] SlimTensor storage_offset must be 0, got 1 [method.cpp:1525] CALL_DELEGATE execute failed at instruction 0: 0x12
select_copy.int	w60:185	SKIP	client RuntimeError: method->execute() failed with error 0x12 | [utils.h:45] SlimTensor must be contiguous [method.cpp:1525] CALL_DELEGATE execute failed at instruction 0: 0x12
select_copy.int	w60:416	SKIP	client RuntimeError: method->execute() failed with error 0x12 | [utils.h:38] SlimTensor storage_offset must be 0, got 1 [method.cpp:1525] CALL_DELEGATE execute failed at instruction 0: 0x12
select_copy.int	w60:647	SKIP	client RuntimeError: method->execute() failed with error 0x12 | [utils.h:38] SlimTensor storage_offset must be 0, got 1 [method.cpp:1525] CALL_DELEGATE execute failed at instruction 0: 0x12
select_copy.int	w61:16	SKIP	client RuntimeError: method->execute() failed with error 0x12 | [utils.h:38] SlimTensor storage_offset must be 0, got 1 [method.cpp:1525] CALL_DELEGATE execute failed at instruction 0: 0x12
select_copy.int	w61:247	SKIP	client RuntimeError: method->execute() failed with error 0x12 | [utils.h:38] SlimTensor storage_offset must be 0, got 1 [method.cpp:1525] CALL_DELEGATE execute failed at instruction 0: 0x12
select_copy.int	w61:478	SKIP	client RuntimeError: method->execute() failed with error 0x12 | [utils.h:38] SlimTensor storage_offset must be 0, got 1 [method.cpp:1525] CALL_DELEGATE execute failed at instruction 0: 0x12
select_copy.int	w61:709	SKIP	client RuntimeError: method->execute() failed with error 0x12 | [utils.h:38] SlimTensor storage_offset must be 0, got 3 [method.cpp:1525] CALL_DELEGATE execute failed at instruction 0: 0x12
select_copy.int	w62:223	SKIP	client RuntimeError: method->execute() failed with error 0x12 | [utils.h:38] SlimTensor storage_offset must be 0, got 1 [method.cpp:1525] CALL_DELEGATE execute failed at instruction 0: 0x12
select_copy.int	w62:454	SKIP	client RuntimeError: method->execute() failed with error 0x12 | [utils.h:38] SlimTensor storage_offset must be 0, got 3 [method.cpp:1525] CALL_DELEGATE execute failed at instruction 0: 0x12
select_copy.int	w62:685	SKIP	client RuntimeError: method->execute() failed with error 0x12 | [utils.h:38] SlimTensor storage_offset must be 0, got 1 [method.cpp:1525] CALL_DELEGATE execute failed at instruction 0: 0x12
select_copy.int	w63:150	SKIP	client RuntimeError: method->execute() failed with error 0x12 | [utils.h:38] SlimTensor storage_offset must be 0, got 1 [method.cpp:1525] CALL_DELEGATE execute failed at instruction 0: 0x12
select_copy.int	w63:381	SKIP	client RuntimeError: method->execute() failed with error 0x12 | [utils.h:38] SlimTensor storage_offset must be 0, got 1 [method.cpp:1525] CALL_DELEGATE execute failed at instruction 0: 0x12
select_copy.int	w63:612	SKIP	client RuntimeError: method->execute() failed with error 0x12 | [utils.h:38] SlimTensor storage_offset must be 0, got 3 [method.cpp:1525] CALL_DELEGATE execute failed at instruction 0: 0x12
select_copy.int	w64:205	SKIP	client RuntimeError: method->execute() failed with error 0x12 | [utils.h:38] SlimTensor storage_offset must be 0, got 1 [method.cpp:1525] CALL_DELEGATE execute failed at instruction 0: 0x12
select_copy.int	w64:436	SKIP	client RuntimeError: method->execute() failed with error 0x12 | [utils.h:38] SlimTensor storage_offset must be 0, got 1 [method.cpp:1525] CALL_DELEGATE execute failed at instruction 0: 0x12
select_copy.int	w64:667	SKIP	client RuntimeError: method->execute() failed with error 0x12 | [utils.h:38] SlimTensor storage_offset must be 0, got 1 [method.cpp:1525] CALL_DELEGATE execute failed at instruction 0: 0x12
select_copy.int	w65:111	SKIP	client RuntimeError: method->execute() failed with error 0x12 | [utils.h:38] SlimTensor storage_offset must be 0, got 1 [method.cpp:1525] CALL_DELEGATE execute failed at instruction 0: 0x12
select_copy.int	w65:342	SKIP	client RuntimeError: method->execute() failed with error 0x12 | [utils.h:38] SlimTensor storage_offset must be 0, got 1 [method.cpp:1525] CALL_DELEGATE execute failed at instruction 0: 0x12
select_copy.int	w66:203	SKIP	client RuntimeError: method->execute() failed with error 0x12 | [utils.h:38] SlimTensor storage_offset must be 0, got 1 [method.cpp:1525] CALL_DELEGATE execute failed at instruction 0: 0x12
select_copy.int	w66:434	SKIP	client RuntimeError: method->execute() failed with error 0x12 | [utils.h:38] SlimTensor storage_offset must be 0, got 1 [method.cpp:1525] CALL_DELEGATE execute failed at instruction 0: 0x12
select_copy.int	w66:665	SKIP	client RuntimeError: method->execute() failed with error 0x12 | [utils.h:38] SlimTensor storage_offset must be 0, got 1 [method.cpp:1525] CALL_DELEGATE execute failed at instruction 0: 0x12
select_copy.int	w67:282	SKIP	client RuntimeError: method->execute() failed with error 0x12 | [utils.h:38] SlimTensor storage_offset must be 0, got 1 [method.cpp:1525] CALL_DELEGATE execute failed at instruction 0: 0x12
select_copy.int	w67:513	SKIP	client RuntimeError: method->execute() failed with error 0x12 | [utils.h:38] SlimTensor storage_offset must be 0, got 36 [method.cpp:1525] CALL_DELEGATE execute failed at instruction 0: 0x12
select_copy.int	w67:744	SKIP	client RuntimeError: method->execute() failed with error 0x12 | [utils.h:38] SlimTensor storage_offset must be 0, got 1 [method.cpp:1525] CALL_DELEGATE execute failed at instruction 0: 0x12
select_copy.int	w68:280	SKIP	client RuntimeError: method->execute() failed with error 0x12 | [utils.h:38] SlimTensor storage_offset must be 0, got 1 [method.cpp:1525] CALL_DELEGATE execute failed at instruction 0: 0x12
select_copy.int	w68:49	SKIP	client RuntimeError: method->execute() failed with error 0x12 | [utils.h:38] SlimTensor storage_offset must be 0, got 1 [method.cpp:1525] CALL_DELEGATE execute failed at instruction 0: 0x12
select_copy.int	w68:511	SKIP	client RuntimeError: method->execute() failed with error 0x12 | [utils.h:38] SlimTensor storage_offset must be 0, got 3 [method.cpp:1525] CALL_DELEGATE execute failed at instruction 0: 0x12
select_copy.int	w68:742	SKIP	client RuntimeError: method->execute() failed with error 0x12 | [utils.h:38] SlimTensor storage_offset must be 0, got 3 [method.cpp:1525] CALL_DELEGATE execute failed at instruction 0: 0x12
select_copy.int	w69:139	SKIP	client RuntimeError: method->execute() failed with error 0x12 | [utils.h:38] SlimTensor storage_offset must be 0, got 3 [method.cpp:1525] CALL_DELEGATE execute failed at instruction 0: 0x12
select_copy.int	w69:370	SKIP	client RuntimeError: method->execute() failed with error 0x12 | [utils.h:38] SlimTensor storage_offset must be 0, got 3 [method.cpp:1525] CALL_DELEGATE execute failed at instruction 0: 0x12
select_copy.int	w69:601	SKIP	client RuntimeError: method->execute() failed with error 0x12 | [utils.h:38] SlimTensor storage_offset must be 0, got 1 [method.cpp:1525] CALL_DELEGATE execute failed at instruction 0: 0x12
select_copy.int	w6:131	SKIP	client RuntimeError: method->execute() failed with error 0x12 | [utils.h:38] SlimTensor storage_offset must be 0, got 3 [method.cpp:1525] CALL_DELEGATE execute failed at instruction 0: 0x12
select_copy.int	w6:362	SKIP	client RuntimeError: method->execute() failed with error 0x12 | [utils.h:38] SlimTensor storage_offset must be 0, got 1 [method.cpp:1525] CALL_DELEGATE execute failed at instruction 0: 0x12
select_copy.int	w6:593	SKIP	client RuntimeError: method->execute() failed with error 0x12 | [utils.h:38] SlimTensor storage_offset must be 0, got 1 [method.cpp:1525] CALL_DELEGATE execute failed at instruction 0: 0x12
select_copy.int	w70:259	SKIP	client RuntimeError: method->execute() failed with error 0x12 | [utils.h:38] SlimTensor storage_offset must be 0, got 3 [method.cpp:1525] CALL_DELEGATE execute failed at instruction 0: 0x12
select_copy.int	w70:490	SKIP	client RuntimeError: method->execute() failed with error 0x12 | [utils.h:38] SlimTensor storage_offset must be 0, got 1 [method.cpp:1525] CALL_DELEGATE execute failed at instruction 0: 0x12
select_copy.int	w70:721	SKIP	client RuntimeError: method->execute() failed with error 0x12 | [utils.h:38] SlimTensor storage_offset must be 0, got 1 [method.cpp:1525] CALL_DELEGATE execute failed at instruction 0: 0x12
select_copy.int	w71:136	SKIP	client RuntimeError: method->execute() failed with error 0x12 | [utils.h:38] SlimTensor storage_offset must be 0, got 1 [method.cpp:1525] CALL_DELEGATE execute failed at instruction 0: 0x12
select_copy.int	w71:367	SKIP	client RuntimeError: method->execute() failed with error 0x12 | [utils.h:38] SlimTensor storage_offset must be 0, got 1 [method.cpp:1525] CALL_DELEGATE execute failed at instruction 0: 0x12
select_copy.int	w71:598	SKIP	client RuntimeError: method->execute() failed with error 0x12 | [utils.h:38] SlimTensor storage_offset must be 0, got 1 [method.cpp:1525] CALL_DELEGATE execute failed at instruction 0: 0x12
select_copy.int	w72:131	SKIP	client RuntimeError: method->execute() failed with error 0x12 | [utils.h:38] SlimTensor storage_offset must be 0, got 1 [method.cpp:1525] CALL_DELEGATE execute failed at instruction 0: 0x12
select_copy.int	w72:362	SKIP	client RuntimeError: method->execute() failed with error 0x12 | [utils.h:38] SlimTensor storage_offset must be 0, got 1 [method.cpp:1525] CALL_DELEGATE execute failed at instruction 0: 0x12
select_copy.int	w72:593	SKIP	client RuntimeError: method->execute() failed with error 0x12 | [utils.h:38] SlimTensor storage_offset must be 0, got 1 [method.cpp:1525] CALL_DELEGATE execute failed at instruction 0: 0x12
select_copy.int	w73:287	SKIP	client RuntimeError: method->execute() failed with error 0x12 | [utils.h:38] SlimTensor storage_offset must be 0, got 2 [method.cpp:1525] CALL_DELEGATE execute failed at instruction 0: 0x12
select_copy.int	w73:518	SKIP	client RuntimeError: method->execute() failed with error 0x12 | [utils.h:38] SlimTensor storage_offset must be 0, got 1 [method.cpp:1525] CALL_DELEGATE execute failed at instruction 0: 0x12
select_copy.int	w73:56	SKIP	client RuntimeError: method->execute() failed with error 0x12 | [utils.h:38] SlimTensor storage_offset must be 0, got 1 [method.cpp:1525] CALL_DELEGATE execute failed at instruction 0: 0x12
select_copy.int	w73:749	SKIP	client RuntimeError: method->execute() failed with error 0x12 | [utils.h:38] SlimTensor storage_offset must be 0, got 1 [method.cpp:1525] CALL_DELEGATE execute failed at instruction 0: 0x12
select_copy.int	w74:13	SKIP	client RuntimeError: method->execute() failed with error 0x12 | [utils.h:38] SlimTensor storage_offset must be 0, got 1 [method.cpp:1525] CALL_DELEGATE execute failed at instruction 0: 0x12
select_copy.int	w74:244	SKIP	client RuntimeError: method->execute() failed with error 0x12 | [utils.h:38] SlimTensor storage_offset must be 0, got 1 [method.cpp:1525] CALL_DELEGATE execute failed at instruction 0: 0x12
select_copy.int	w74:475	SKIP	client RuntimeError: method->execute() failed with error 0x12 | [utils.h:38] SlimTensor storage_offset must be 0, got 1 [method.cpp:1525] CALL_DELEGATE execute failed at instruction 0: 0x12
select_copy.int	w74:706	SKIP	client RuntimeError: method->execute() failed with error 0x12 | [utils.h:38] SlimTensor storage_offset must be 0, got 2 [method.cpp:1525] CALL_DELEGATE execute failed at instruction 0: 0x12
select_copy.int	w75:136	SKIP	client RuntimeError: method->execute() failed with error 0x12 | [utils.h:38] SlimTensor storage_offset must be 0, got 1 [method.cpp:1525] CALL_DELEGATE execute failed at instruction 0: 0x12
select_copy.int	w75:367	SKIP	client RuntimeError: method->execute() failed with error 0x12 | [utils.h:38] SlimTensor storage_offset must be 0, got 1 [method.cpp:1525] CALL_DELEGATE execute failed at instruction 0: 0x12
select_copy.int	w75:598	SKIP	client RuntimeError: method->execute() failed with error 0x12 | [utils.h:38] SlimTensor storage_offset must be 0, got 3 [method.cpp:1525] CALL_DELEGATE execute failed at instruction 0: 0x12
select_copy.int	w76:210	SKIP	client RuntimeError: method->execute() failed with error 0x12 | [utils.h:38] SlimTensor storage_offset must be 0, got 1 [method.cpp:1525] CALL_DELEGATE execute failed at instruction 0: 0x12
select_copy.int	w76:441	SKIP	client RuntimeError: method->execute() failed with error 0x12 | [utils.h:38] SlimTensor storage_offset must be 0, got 2 [method.cpp:1525] CALL_DELEGATE execute failed at instruction 0: 0x12
select_copy.int	w76:672	SKIP	client RuntimeError: method->execute() failed with error 0x12 | [utils.h:38] SlimTensor storage_offset must be 0, got 1 [method.cpp:1525] CALL_DELEGATE execute failed at instruction 0: 0x12
select_copy.int	w77:227	SKIP	client RuntimeError: method->execute() failed with error 0x12 | [utils.h:38] SlimTensor storage_offset must be 0, got 2 [method.cpp:1525] CALL_DELEGATE execute failed at instruction 0: 0x12
select_copy.int	w77:458	SKIP	client RuntimeError: method->execute() failed with error 0x12 | [utils.h:45] SlimTensor must be contiguous [method.cpp:1525] CALL_DELEGATE execute failed at instruction 0: 0x12
select_copy.int	w77:689	SKIP	client RuntimeError: method->execute() failed with error 0x12 | [utils.h:38] SlimTensor storage_offset must be 0, got 1 [method.cpp:1525] CALL_DELEGATE execute failed at instruction 0: 0x12
select_copy.int	w78:116	SKIP	client RuntimeError: method->execute() failed with error 0x12 | [utils.h:38] SlimTensor storage_offset must be 0, got 1 [method.cpp:1525] CALL_DELEGATE execute failed at instruction 0: 0x12
select_copy.int	w78:347	SKIP	client RuntimeError: method->execute() failed with error 0x12 | [utils.h:38] SlimTensor storage_offset must be 0, got 2 [method.cpp:1525] CALL_DELEGATE execute failed at instruction 0: 0x12
select_copy.int	w78:578	SKIP	client RuntimeError: method->execute() failed with error 0x12 | [utils.h:45] SlimTensor must be contiguous [method.cpp:1525] CALL_DELEGATE execute failed at instruction 0: 0x12
select_copy.int	w79:211	SKIP	client RuntimeError: method->execute() failed with error 0x12 | [utils.h:38] SlimTensor storage_offset must be 0, got 2 [method.cpp:1525] CALL_DELEGATE execute failed at instruction 0: 0x12
select_copy.int	w79:442	SKIP	client RuntimeError: method->execute() failed with error 0x12 | [utils.h:38] SlimTensor storage_offset must be 0, got 1 [method.cpp:1525] CALL_DELEGATE execute failed at instruction 0: 0x12
select_copy.int	w79:673	SKIP	client RuntimeError: method->execute() failed with error 0x12 | [utils.h:38] SlimTensor storage_offset must be 0, got 3 [method.cpp:1525] CALL_DELEGATE execute failed at instruction 0: 0x12
select_copy.int	w7:327	SKIP	client RuntimeError: method->execute() failed with error 0x12 | [utils.h:38] SlimTensor storage_offset must be 0, got 8 [method.cpp:1525] CALL_DELEGATE execute failed at instruction 0: 0x12
select_copy.int	w7:558	SKIP	client RuntimeError: method->execute() failed with error 0x12 | [utils.h:38] SlimTensor storage_offset must be 0, got 1 [method.cpp:1525] CALL_DELEGATE execute failed at instruction 0: 0x12
select_copy.int	w7:96	SKIP	client RuntimeError: method->execute() failed with error 0x12 | [utils.h:38] SlimTensor storage_offset must be 0, got 1 [method.cpp:1525] CALL_DELEGATE execute failed at instruction 0: 0x12
select_copy.int	w80:106	SKIP	client RuntimeError: method->execute() failed with error 0x12 | [utils.h:38] SlimTensor storage_offset must be 0, got 1 [method.cpp:1525] CALL_DELEGATE execute failed at instruction 0: 0x12
select_copy.int	w80:337	SKIP	client RuntimeError: method->execute() failed with error 0x12 | [utils.h:38] SlimTensor storage_offset must be 0, got 1 [method.cpp:1525] CALL_DELEGATE execute failed at instruction 0: 0x12
select_copy.int	w80:568	SKIP	client RuntimeError: method->execute() failed with error 0x12 | [utils.h:38] SlimTensor storage_offset must be 0, got 1 [method.cpp:1525] CALL_DELEGATE execute failed at instruction 0: 0x12
select_copy.int	w81:344	SKIP	client RuntimeError: method->execute() failed with error 0x12 | [utils.h:38] SlimTensor storage_offset must be 0, got 1 [method.cpp:1525] CALL_DELEGATE execute failed at instruction 0: 0x12
select_copy.int	w82:415	SKIP	client RuntimeError: method->execute() failed with error 0x12 | [utils.h:38] SlimTensor storage_offset must be 0, got 1 [method.cpp:1525] CALL_DELEGATE execute failed at instruction 0: 0x12
select_copy.int	w82:646	SKIP	client RuntimeError: method->execute() failed with error 0x12 | [utils.h:38] SlimTensor storage_offset must be 0, got 1 [method.cpp:1525] CALL_DELEGATE execute failed at instruction 0: 0x12
select_copy.int	w83:168	SKIP	client RuntimeError: method->execute() failed with error 0x12 | [utils.h:38] SlimTensor storage_offset must be 0, got 1 [method.cpp:1525] CALL_DELEGATE execute failed at instruction 0: 0x12
select_copy.int	w83:399	SKIP	client RuntimeError: method->execute() failed with error 0x12 | [utils.h:38] SlimTensor storage_offset must be 0, got 1 [method.cpp:1525] CALL_DELEGATE execute failed at instruction 0: 0x12
select_copy.int	w83:630	SKIP	client RuntimeError: method->execute() failed with error 0x12 | [utils.h:38] SlimTensor storage_offset must be 0, got 3 [method.cpp:1525] CALL_DELEGATE execute failed at instruction 0: 0x12
select_copy.int	w84:164	SKIP	client RuntimeError: method->execute() failed with error 0x12 | [utils.h:38] SlimTensor storage_offset must be 0, got 1 [method.cpp:1525] CALL_DELEGATE execute failed at instruction 0: 0x12
select_copy.int	w84:395	SKIP	client RuntimeError: method->execute() failed with error 0x12 | [utils.h:38] SlimTensor storage_offset must be 0, got 1 [method.cpp:1525] CALL_DELEGATE execute failed at instruction 0: 0x12
select_copy.int	w84:626	SKIP	client RuntimeError: method->execute() failed with error 0x12 | [utils.h:38] SlimTensor storage_offset must be 0, got 2 [method.cpp:1525] CALL_DELEGATE execute failed at instruction 0: 0x12
select_copy.int	w85:200	SKIP	client RuntimeError: method->execute() failed with error 0x12 | [utils.h:38] SlimTensor storage_offset must be 0, got 1 [method.cpp:1525] CALL_DELEGATE execute failed at instruction 0: 0x12
select_copy.int	w85:431	SKIP	client RuntimeError: method->execute() failed with error 0x12 | [utils.h:38] SlimTensor storage_offset must be 0, got 2 [method.cpp:1525] CALL_DELEGATE execute failed at instruction 0: 0x12
select_copy.int	w85:662	SKIP	client RuntimeError: method->execute() failed with error 0x12 | [utils.h:38] SlimTensor storage_offset must be 0, got 1 [method.cpp:1525] CALL_DELEGATE execute failed at instruction 0: 0x12
select_copy.int	w86:147	SKIP	client RuntimeError: method->execute() failed with error 0x12 | [utils.h:38] SlimTensor storage_offset must be 0, got 1 [method.cpp:1525] CALL_DELEGATE execute failed at instruction 0: 0x12
select_copy.int	w86:378	SKIP	client RuntimeError: method->execute() failed with error 0x12 | [utils.h:38] SlimTensor storage_offset must be 0, got 1 [method.cpp:1525] CALL_DELEGATE execute failed at instruction 0: 0x12
select_copy.int	w86:609	SKIP	client RuntimeError: method->execute() failed with error 0x12 | [utils.h:38] SlimTensor storage_offset must be 0, got 3 [method.cpp:1525] CALL_DELEGATE execute failed at instruction 0: 0x12
select_copy.int	w87:180	SKIP	client RuntimeError: method->execute() failed with error 0x12 | [utils.h:38] SlimTensor storage_offset must be 0, got 1 [method.cpp:1525] CALL_DELEGATE execute failed at instruction 0: 0x12
select_copy.int	w87:411	SKIP	client RuntimeError: method->execute() failed with error 0x12 | [utils.h:38] SlimTensor storage_offset must be 0, got 2 [method.cpp:1525] CALL_DELEGATE execute failed at instruction 0: 0x12
select_copy.int	w87:642	SKIP	client RuntimeError: method->execute() failed with error 0x12 | [utils.h:38] SlimTensor storage_offset must be 0, got 1 [method.cpp:1525] CALL_DELEGATE execute failed at instruction 0: 0x12
select_copy.int	w88:174	SKIP	client RuntimeError: method->execute() failed with error 0x12 | [utils.h:38] SlimTensor storage_offset must be 0, got 1 [method.cpp:1525] CALL_DELEGATE execute failed at instruction 0: 0x12
select_copy.int	w88:405	SKIP	client RuntimeError: method->execute() failed with error 0x12 | [utils.h:38] SlimTensor storage_offset must be 0, got 1 [method.cpp:1525] CALL_DELEGATE execute failed at instruction 0: 0x12
select_copy.int	w88:636	SKIP	client RuntimeError: method->execute() failed with error 0x12 | [utils.h:38] SlimTensor storage_offset must be 0, got 3 [method.cpp:1525] CALL_DELEGATE execute failed at instruction 0: 0x12
select_copy.int	w89:320	SKIP	client RuntimeError: method->execute() failed with error 0x12 | [utils.h:38] SlimTensor storage_offset must be 0, got 48 [method.cpp:1525] CALL_DELEGATE execute failed at instruction 0: 0x12
select_copy.int	w89:551	SKIP	client RuntimeError: method->execute() failed with error 0x12 | [utils.h:38] SlimTensor storage_offset must be 0, got 1 [method.cpp:1525] CALL_DELEGATE execute failed at instruction 0: 0x12
select_copy.int	w89:89	SKIP	client RuntimeError: method->execute() failed with error 0x12 | [utils.h:38] SlimTensor storage_offset must be 0, got 1 [method.cpp:1525] CALL_DELEGATE execute failed at instruction 0: 0x12
select_copy.int	w8:263	SKIP	client RuntimeError: method->execute() failed with error 0x12 | [utils.h:38] SlimTensor storage_offset must be 0, got 1 [method.cpp:1525] CALL_DELEGATE execute failed at instruction 0: 0x12
select_copy.int	w8:32	SKIP	client RuntimeError: method->execute() failed with error 0x12 | [utils.h:38] SlimTensor storage_offset must be 0, got 1 [method.cpp:1525] CALL_DELEGATE execute failed at instruction 0: 0x12
select_copy.int	w8:725	SKIP	client RuntimeError: method->execute() failed with error 0x12 | [utils.h:38] SlimTensor storage_offset must be 0, got 1 [method.cpp:1525] CALL_DELEGATE execute failed at instruction 0: 0x12
select_copy.int	w90:292	SKIP	client RuntimeError: method->execute() failed with error 0x12 | [utils.h:38] SlimTensor storage_offset must be 0, got 1 [method.cpp:1525] CALL_DELEGATE execute failed at instruction 0: 0x12
select_copy.int	w90:523	SKIP	client RuntimeError: method->execute() failed with error 0x12 | [utils.h:38] SlimTensor storage_offset must be 0, got 1 [method.cpp:1525] CALL_DELEGATE execute failed at instruction 0: 0x12
select_copy.int	w90:61	SKIP	client RuntimeError: method->execute() failed with error 0x12 | [utils.h:38] SlimTensor storage_offset must be 0, got 1 [method.cpp:1525] CALL_DELEGATE execute failed at instruction 0: 0x12
select_copy.int	w90:754	SKIP	client RuntimeError: method->execute() failed with error 0x12 | [utils.h:38] SlimTensor storage_offset must be 0, got 1 [method.cpp:1525] CALL_DELEGATE execute failed at instruction 0: 0x12
select_copy.int	w91:106	SKIP	client RuntimeError: method->execute() failed with error 0x12 | [utils.h:38] SlimTensor storage_offset must be 0, got 1 [method.cpp:1525] CALL_DELEGATE execute failed at instruction 0: 0x12
select_copy.int	w91:337	SKIP	client RuntimeError: method->execute() failed with error 0x12 | [utils.h:38] SlimTensor storage_offset must be 0, got 1 [method.cpp:1525] CALL_DELEGATE execute failed at instruction 0: 0x12
select_copy.int	w91:568	SKIP	client RuntimeError: method->execute() failed with error 0x12 | [utils.h:38] SlimTensor storage_offset must be 0, got 1 [method.cpp:1525] CALL_DELEGATE execute failed at instruction 0: 0x12
select_copy.int	w92:402	SKIP	client RuntimeError: method->execute() failed with error 0x12 | [utils.h:38] SlimTensor storage_offset must be 0, got 1 [method.cpp:1525] CALL_DELEGATE execute failed at instruction 0: 0x12
select_copy.int	w92:633	SKIP	client RuntimeError: method->execute() failed with error 0x12 | [utils.h:38] SlimTensor storage_offset must be 0, got 1 [method.cpp:1525] CALL_DELEGATE execute failed at instruction 0: 0x12
select_copy.int	w93:241	SKIP	client RuntimeError: method->execute() failed with error 0x12 | [utils.h:38] SlimTensor storage_offset must be 0, got 1 [method.cpp:1525] CALL_DELEGATE execute failed at instruction 0: 0x12
select_copy.int	w93:472	SKIP	client RuntimeError: method->execute() failed with error 0x12 | [utils.h:38] SlimTensor storage_offset must be 0, got 1 [method.cpp:1525] CALL_DELEGATE execute failed at instruction 0: 0x12
select_copy.int	w93:703	SKIP	client RuntimeError: method->execute() failed with error 0x12 | [utils.h:38] SlimTensor storage_offset must be 0, got 1 [method.cpp:1525] CALL_DELEGATE execute failed at instruction 0: 0x12
select_copy.int	w94:125	SKIP	client RuntimeError: method->execute() failed with error 0x12 | [utils.h:38] SlimTensor storage_offset must be 0, got 3 [method.cpp:1525] CALL_DELEGATE execute failed at instruction 0: 0x12
select_copy.int	w94:356	SKIP	client RuntimeError: method->execute() failed with error 0x12 | [utils.h:38] SlimTensor storage_offset must be 0, got 2 [method.cpp:1525] CALL_DELEGATE execute failed at instruction 0: 0x12
select_copy.int	w94:587	SKIP	client RuntimeError: method->execute() failed with error 0x12 | [utils.h:45] SlimTensor must be contiguous [method.cpp:1525] CALL_DELEGATE execute failed at instruction 0: 0x12
select_copy.int	w95:519	SKIP	client RuntimeError: method->execute() failed with error 0x12 | [utils.h:38] SlimTensor storage_offset must be 0, got 1 [method.cpp:1525] CALL_DELEGATE execute failed at instruction 0: 0x12
select_copy.int	w95:57	SKIP	client RuntimeError: method->execute() failed with error 0x12 | [utils.h:38] SlimTensor storage_offset must be 0, got 1 [method.cpp:1525] CALL_DELEGATE execute failed at instruction 0: 0x12
select_copy.int	w95:750	SKIP	client RuntimeError: method->execute() failed with error 0x12 | [utils.h:38] SlimTensor storage_offset must be 0, got 1 [method.cpp:1525] CALL_DELEGATE execute failed at instruction 0: 0x12
select_copy.int	w96:274	SKIP	client RuntimeError: method->execute() failed with error 0x12 | [utils.h:38] SlimTensor storage_offset must be 0, got 3 [method.cpp:1525] CALL_DELEGATE execute failed at instruction 0: 0x12
select_copy.int	w96:43	SKIP	client RuntimeError: method->execute() failed with error 0x12 | [utils.h:45] SlimTensor must be contiguous [method.cpp:1525] CALL_DELEGATE execute failed at instruction 0: 0x12
select_copy.int	w96:505	SKIP	client RuntimeError: method->execute() failed with error 0x12 | [utils.h:38] SlimTensor storage_offset must be 0, got 1 [method.cpp:1525] CALL_DELEGATE execute failed at instruction 0: 0x12
select_copy.int	w96:736	SKIP	client RuntimeError: method->execute() failed with error 0x12 | [utils.h:38] SlimTensor storage_offset must be 0, got 3 [method.cpp:1525] CALL_DELEGATE execute failed at instruction 0: 0x12
select_copy.int	w97:20	SKIP	client RuntimeError: method->execute() failed with error 0x12 | [utils.h:38] SlimTensor storage_offset must be 0, got 3 [method.cpp:1525] CALL_DELEGATE execute failed at instruction 0: 0x12
select_copy.int	w97:251	SKIP	client RuntimeError: method->execute() failed with error 0x12 | [utils.h:38] SlimTensor storage_offset must be 0, got 1 [method.cpp:1525] CALL_DELEGATE execute failed at instruction 0: 0x12
select_copy.int	w97:482	SKIP	client RuntimeError: method->execute() failed with error 0x12 | [utils.h:38] SlimTensor storage_offset must be 0, got 1 [method.cpp:1525] CALL_DELEGATE execute failed at instruction 0: 0x12
select_copy.int	w97:713	SKIP	client RuntimeError: method->execute() failed with error 0x12 | [utils.h:38] SlimTensor storage_offset must be 0, got 1 [method.cpp:1525] CALL_DELEGATE execute failed at instruction 0: 0x12
select_copy.int	w98:196	SKIP	client RuntimeError: method->execute() failed with error 0x12 | [utils.h:38] SlimTensor storage_offset must be 0, got 1 [method.cpp:1525] CALL_DELEGATE execute failed at instruction 0: 0x12
select_copy.int	w98:658	SKIP	client RuntimeError: method->execute() failed with error 0x12 | [utils.h:38] SlimTensor storage_offset must be 0, got 1 [method.cpp:1525] CALL_DELEGATE execute failed at instruction 0: 0x12
select_copy.int	w99:190	SKIP	client RuntimeError: method->execute() failed with error 0x12 | [utils.h:38] SlimTensor storage_offset must be 0, got 1 [method.cpp:1525] CALL_DELEGATE execute failed at instruction 0: 0x12
select_copy.int	w99:421	SKIP	client RuntimeError: method->execute() failed with error 0x12 | [utils.h:38] SlimTensor storage_offset must be 0, got 2 [method.cpp:1525] CALL_DELEGATE execute failed at instruction 0: 0x12
select_copy.int	w99:652	SKIP	client RuntimeError: method->execute() failed with error 0x12 | [utils.h:38] SlimTensor storage_offset must be 0, got 1 [method.cpp:1525] CALL_DELEGATE execute failed at instruction 0: 0x12
select_copy.int	w9:136	SKIP	client RuntimeError: method->execute() failed with error 0x12 | [utils.h:38] SlimTensor storage_offset must be 0, got 3 [method.cpp:1525] CALL_DELEGATE execute failed at instruction 0: 0x12
select_copy.int	w9:367	SKIP	client RuntimeError: method->execute() failed with error 0x12 | [utils.h:45] SlimTensor must be contiguous [method.cpp:1525] CALL_DELEGATE execute failed at instruction 0: 0x12
select_copy.int	w9:598	SKIP	client RuntimeError: method->execute() failed with error 0x12 | [utils.h:38] SlimTensor storage_offset must be 0, got 1 [method.cpp:1525] CALL_DELEGATE execute failed at instruction 0: 0x12
sign.out	w66:251	SKIP	client RuntimeError: Failed to load method forward, error: 0x:1 | [platform.cpp:141] Failed loading symbol AOTInductorModelContainerCreateWithDevice with error /tmp/forward_so_blob533262.so: undefined symbol: AOTInductorModelContainerCreateWithDevice [method.cpp:128] Init failed for backend CudaBackend: 0x1
sinh.out	w44:153	CRASH	executor died (native abort)
slice_copy.Tensor	w0:11	SKIP	client RuntimeError: method->execute() failed with error 0x12 | [utils.h:45] SlimTensor must be contiguous [method.cpp:1525] CALL_DELEGATE execute failed at instruction 0: 0x12
slice_copy.Tensor	w100:48	SKIP	client RuntimeError: method->execute() failed with error 0x12 | [utils.h:45] SlimTensor must be contiguous [method.cpp:1525] CALL_DELEGATE execute failed at instruction 0: 0x12
slice_copy.Tensor	w100:510	SKIP	client RuntimeError: method->execute() failed with error 0x12 | [utils.h:45] SlimTensor must be contiguous [method.cpp:1525] CALL_DELEGATE execute failed at instruction 0: 0x12
slice_copy.Tensor	w100:741	SKIP	client RuntimeError: method->execute() failed with error 0x12 | [utils.h:45] SlimTensor must be contiguous [method.cpp:1525] CALL_DELEGATE execute failed at instruction 0: 0x12
slice_copy.Tensor	w103:241	SKIP	client RuntimeError: method->execute() failed with error 0x12 | [utils.h:45] SlimTensor must be contiguous [method.cpp:1525] CALL_DELEGATE execute failed at instruction 0: 0x12
slice_copy.Tensor	w104:706	SKIP	client RuntimeError: method->execute() failed with error 0x12 | [utils.h:45] SlimTensor must be contiguous [method.cpp:1525] CALL_DELEGATE execute failed at instruction 0: 0x12
slice_copy.Tensor	w105:296	SKIP	client RuntimeError: method->execute() failed with error 0x12 | [utils.h:45] SlimTensor must be contiguous [method.cpp:1525] CALL_DELEGATE execute failed at instruction 0: 0x12
slice_copy.Tensor	w105:758	SKIP	client RuntimeError: method->execute() failed with error 0x12 | [utils.h:45] SlimTensor must be contiguous [method.cpp:1525] CALL_DELEGATE execute failed at instruction 0: 0x12
slice_copy.Tensor	w106:443	SKIP	client RuntimeError: method->execute() failed with error 0x12 | [utils.h:45] SlimTensor must be contiguous [method.cpp:1525] CALL_DELEGATE execute failed at instruction 0: 0x12
slice_copy.Tensor	w107:482	SKIP	client RuntimeError: method->execute() failed with error 0x12 | [utils.h:45] SlimTensor must be contiguous [method.cpp:1525] CALL_DELEGATE execute failed at instruction 0: 0x12
slice_copy.Tensor	w107:713	SKIP	client RuntimeError: method->execute() failed with error 0x12 | [utils.h:45] SlimTensor must be contiguous [method.cpp:1525] CALL_DELEGATE execute failed at instruction 0: 0x12
slice_copy.Tensor	w108:313	SKIP	client RuntimeError: method->execute() failed with error 0x12 | [utils.h:45] SlimTensor must be contiguous [method.cpp:1525] CALL_DELEGATE execute failed at instruction 0: 0x12
slice_copy.Tensor	w108:775	SKIP	client RuntimeError: method->execute() failed with error 0x12 | [utils.h:45] SlimTensor must be contiguous [method.cpp:1525] CALL_DELEGATE execute failed at instruction 0: 0x12
slice_copy.Tensor	w108:82	SKIP	client RuntimeError: method->execute() failed with error 0x12 | [utils.h:45] SlimTensor must be contiguous [method.cpp:1525] CALL_DELEGATE execute failed at instruction 0: 0x12
slice_copy.Tensor	w109:95	SKIP	client RuntimeError: method->execute() failed with error 0x12 | [utils.h:45] SlimTensor must be contiguous [method.cpp:1525] CALL_DELEGATE execute failed at instruction 0: 0x12
slice_copy.Tensor	w10:407	SKIP	client RuntimeError: method->execute() failed with error 0x12 | [utils.h:45] SlimTensor must be contiguous [method.cpp:1525] CALL_DELEGATE execute failed at instruction 0: 0x12
slice_copy.Tensor	w10:638	SKIP	client RuntimeError: method->execute() failed with error 0x12 | [utils.h:45] SlimTensor must be contiguous [method.cpp:1525] CALL_DELEGATE execute failed at instruction 0: 0x12
slice_copy.Tensor	w110:310	SKIP	client RuntimeError: method->execute() failed with error 0x12 | [utils.h:45] SlimTensor must be contiguous [method.cpp:1525] CALL_DELEGATE execute failed at instruction 0: 0x12
slice_copy.Tensor	w110:541	SKIP	client RuntimeError: method->execute() failed with error 0x12 | [utils.h:45] SlimTensor must be contiguous [method.cpp:1525] CALL_DELEGATE execute failed at instruction 0: 0x12
slice_copy.Tensor	w111:298	SKIP	client RuntimeError: method->execute() failed with error 0x12 | [utils.h:45] SlimTensor must be contiguous [method.cpp:1525] CALL_DELEGATE execute failed at instruction 0: 0x12
slice_copy.Tensor	w111:67	SKIP	client RuntimeError: method->execute() failed with error 0x12 | [utils.h:45] SlimTensor must be contiguous [method.cpp:1525] CALL_DELEGATE execute failed at instruction 0: 0x12
slice_copy.Tensor	w111:760	SKIP	client RuntimeError: method->execute() failed with error 0x12 | [utils.h:45] SlimTensor must be contiguous [method.cpp:1525] CALL_DELEGATE execute failed at instruction 0: 0x12
slice_copy.Tensor	w112:196	SKIP	client RuntimeError: method->execute() failed with error 0x12 | [utils.h:45] SlimTensor must be contiguous [method.cpp:1525] CALL_DELEGATE execute failed at instruction 0: 0x12
slice_copy.Tensor	w112:658	SKIP	client RuntimeError: method->execute() failed with error 0x12 | [utils.h:45] SlimTensor must be contiguous [method.cpp:1525] CALL_DELEGATE execute failed at instruction 0: 0x12
slice_copy.Tensor	w114:467	SKIP	client RuntimeError: method->execute() failed with error 0x12 | [utils.h:45] SlimTensor must be contiguous [method.cpp:1525] CALL_DELEGATE execute failed at instruction 0: 0x12
slice_copy.Tensor	w116:56	SKIP	client RuntimeError: method->execute() failed with error 0x12 | [utils.h:45] SlimTensor must be contiguous [method.cpp:1525] CALL_DELEGATE execute failed at instruction 0: 0x12
slice_copy.Tensor	w118:221	SKIP	client RuntimeError: method->execute() failed with error 0x12 | [utils.h:45] SlimTensor must be contiguous [method.cpp:1525] CALL_DELEGATE execute failed at instruction 0: 0x12
slice_copy.Tensor	w119:239	SKIP	client RuntimeError: method->execute() failed with error 0x12 | [utils.h:45] SlimTensor must be contiguous [method.cpp:1525] CALL_DELEGATE execute failed at instruction 0: 0x12
slice_copy.Tensor	w119:470	SKIP	client RuntimeError: method->execute() failed with error 0x12 | [utils.h:45] SlimTensor must be contiguous [method.cpp:1525] CALL_DELEGATE execute failed at instruction 0: 0x12
slice_copy.Tensor	w119:8	SKIP	client RuntimeError: method->execute() failed with error 0x12 | [utils.h:45] SlimTensor must be contiguous [method.cpp:1525] CALL_DELEGATE execute failed at instruction 0: 0x12
slice_copy.Tensor	w11:549	SKIP	client RuntimeError: method->execute() failed with error 0x12 | [utils.h:45] SlimTensor must be contiguous [method.cpp:1525] CALL_DELEGATE execute failed at instruction 0: 0x12
slice_copy.Tensor	w11:780	SKIP	client RuntimeError: method->execute() failed with error 0x12 | [utils.h:45] SlimTensor must be contiguous [method.cpp:1525] CALL_DELEGATE execute failed at instruction 0: 0x12
slice_copy.Tensor	w120:291	SKIP	client RuntimeError: method->execute() failed with error 0x12 | [utils.h:45] SlimTensor must be contiguous [method.cpp:1525] CALL_DELEGATE execute failed at instruction 0: 0x12
slice_copy.Tensor	w120:753	SKIP	client RuntimeError: method->execute() failed with error 0x12 | [utils.h:45] SlimTensor must be contiguous [method.cpp:1525] CALL_DELEGATE execute failed at instruction 0: 0x12
slice_copy.Tensor	w121:603	SKIP	client RuntimeError: method->execute() failed with error 0x12 | [utils.h:45] SlimTensor must be contiguous [method.cpp:1525] CALL_DELEGATE execute failed at instruction 0: 0x12
slice_copy.Tensor	w122:306	SKIP	client RuntimeError: method->execute() failed with error 0x12 | [utils.h:45] SlimTensor must be contiguous [method.cpp:1525] CALL_DELEGATE execute failed at instruction 0: 0x12
slice_copy.Tensor	w123:151	SKIP	client RuntimeError: method->execute() failed with error 0x12 | [utils.h:45] SlimTensor must be contiguous [method.cpp:1525] CALL_DELEGATE execute failed at instruction 0: 0x12
slice_copy.Tensor	w124:577	SKIP	client RuntimeError: method->execute() failed with error 0x12 | [utils.h:45] SlimTensor must be contiguous [method.cpp:1525] CALL_DELEGATE execute failed at instruction 0: 0x12
slice_copy.Tensor	w125:268	SKIP	client RuntimeError: method->execute() failed with error 0x12 | [utils.h:45] SlimTensor must be contiguous [method.cpp:1525] CALL_DELEGATE execute failed at instruction 0: 0x12
slice_copy.Tensor	w125:730	SKIP	client RuntimeError: method->execute() failed with error 0x12 | [utils.h:45] SlimTensor must be contiguous [method.cpp:1525] CALL_DELEGATE execute failed at instruction 0: 0x12
slice_copy.Tensor	w126:517	SKIP	client RuntimeError: method->execute() failed with error 0x12 | [utils.h:45] SlimTensor must be contiguous [method.cpp:1525] CALL_DELEGATE execute failed at instruction 0: 0x12
slice_copy.Tensor	w126:55	SKIP	client RuntimeError: method->execute() failed with error 0x12 | [utils.h:45] SlimTensor must be contiguous [method.cpp:1525] CALL_DELEGATE execute failed at instruction 0: 0x12
slice_copy.Tensor	w126:748	SKIP	client RuntimeError: method->execute() failed with error 0x12 | [utils.h:45] SlimTensor must be contiguous [method.cpp:1525] CALL_DELEGATE execute failed at instruction 0: 0x12
slice_copy.Tensor	w127:414	SKIP	client RuntimeError: method->execute() failed with error 0x12 | [utils.h:45] SlimTensor must be contiguous [method.cpp:1525] CALL_DELEGATE execute failed at instruction 0: 0x12
slice_copy.Tensor	w12:656	SKIP	client RuntimeError: method->execute() failed with error 0x12 | [utils.h:45] SlimTensor must be contiguous [method.cpp:1525] CALL_DELEGATE execute failed at instruction 0: 0x12
slice_copy.Tensor	w13:126	SKIP	client RuntimeError: method->execute() failed with error 0x12 | [utils.h:45] SlimTensor must be contiguous [method.cpp:1525] CALL_DELEGATE execute failed at instruction 0: 0x12
slice_copy.Tensor	w15:263	SKIP	client RuntimeError: method->execute() failed with error 0x12 | [utils.h:45] SlimTensor must be contiguous [method.cpp:1525] CALL_DELEGATE execute failed at instruction 0: 0x12
slice_copy.Tensor	w15:494	SKIP	client RuntimeError: method->execute() failed with error 0x12 | [utils.h:45] SlimTensor must be contiguous [method.cpp:1525] CALL_DELEGATE execute failed at instruction 0: 0x12
slice_copy.Tensor	w16:777	SKIP	client RuntimeError: method->execute() failed with error 0x12 | [utils.h:45] SlimTensor must be contiguous [method.cpp:1525] CALL_DELEGATE execute failed at instruction 0: 0x12
slice_copy.Tensor	w16:84	SKIP	client RuntimeError: method->execute() failed with error 0x12 | [utils.h:45] SlimTensor must be contiguous [method.cpp:1525] CALL_DELEGATE execute failed at instruction 0: 0x12
slice_copy.Tensor	w17:657	SKIP	client RuntimeError: method->execute() failed with error 0x12 | [utils.h:45] SlimTensor must be contiguous [method.cpp:1525] CALL_DELEGATE execute failed at instruction 0: 0x12
slice_copy.Tensor	w19:24	SKIP	client RuntimeError: method->execute() failed with error 0x12 | [utils.h:45] SlimTensor must be contiguous [method.cpp:1525] CALL_DELEGATE execute failed at instruction 0: 0x12
slice_copy.Tensor	w19:255	SKIP	client RuntimeError: method->execute() failed with error 0x12 | [utils.h:45] SlimTensor must be contiguous [method.cpp:1525] CALL_DELEGATE execute failed at instruction 0: 0x12
slice_copy.Tensor	w19:486	SKIP	client RuntimeError: method->execute() failed with error 0x12 | [utils.h:45] SlimTensor must be contiguous [method.cpp:1525] CALL_DELEGATE execute failed at instruction 0: 0x12
slice_copy.Tensor	w19:717	SKIP	client RuntimeError: method->execute() failed with error 0x12 | [utils.h:45] SlimTensor must be contiguous [method.cpp:1525] CALL_DELEGATE execute failed at instruction 0: 0x12
slice_copy.Tensor	w1:110	SKIP	client RuntimeError: method->execute() failed with error 0x12 | [utils.h:45] SlimTensor must be contiguous [method.cpp:1525] CALL_DELEGATE execute failed at instruction 0: 0x12
slice_copy.Tensor	w1:341	SKIP	client RuntimeError: method->execute() failed with error 0x12 | [utils.h:45] SlimTensor must be contiguous [method.cpp:1525] CALL_DELEGATE execute failed at instruction 0: 0x12
slice_copy.Tensor	w20:564	SKIP	client RuntimeError: method->execute() failed with error 0x12 | [utils.h:45] SlimTensor must be contiguous [method.cpp:1525] CALL_DELEGATE execute failed at instruction 0: 0x12
slice_copy.Tensor	w21:106	SKIP	client RuntimeError: method->execute() failed with error 0x12 | [utils.h:45] SlimTensor must be contiguous [method.cpp:1525] CALL_DELEGATE execute failed at instruction 0: 0x12
slice_copy.Tensor	w21:568	SKIP	client RuntimeError: method->execute() failed with error 0x12 | [utils.h:45] SlimTensor must be contiguous [method.cpp:1525] CALL_DELEGATE execute failed at instruction 0: 0x12
slice_copy.Tensor	w22:31	SKIP	client RuntimeError: method->execute() failed with error 0x12 | [utils.h:45] SlimTensor must be contiguous [method.cpp:1525] CALL_DELEGATE execute failed at instruction 0: 0x12
slice_copy.Tensor	w22:724	SKIP	client RuntimeError: method->execute() failed with error 0x12 | [utils.h:45] SlimTensor must be contiguous [method.cpp:1525] CALL_DELEGATE execute failed at instruction 0: 0x12
slice_copy.Tensor	w23:247	SKIP	client RuntimeError: method->execute() failed with error 0x12 | [utils.h:45] SlimTensor must be contiguous [method.cpp:1525] CALL_DELEGATE execute failed at instruction 0: 0x12
slice_copy.Tensor	w23:709	SKIP	client RuntimeError: method->execute() failed with error 0x12 | [utils.h:45] SlimTensor must be contiguous [method.cpp:1525] CALL_DELEGATE execute failed at instruction 0: 0x12
slice_copy.Tensor	w24:199	SKIP	client RuntimeError: method->execute() failed with error 0x12 | [utils.h:45] SlimTensor must be contiguous [method.cpp:1525] CALL_DELEGATE execute failed at instruction 0: 0x12
slice_copy.Tensor	w24:430	SKIP	client RuntimeError: method->execute() failed with error 0x12 | [utils.h:45] SlimTensor must be contiguous [method.cpp:1525] CALL_DELEGATE execute failed at instruction 0: 0x12
slice_copy.Tensor	w24:661	SKIP	client RuntimeError: method->execute() failed with error 0x12 | [utils.h:45] SlimTensor must be contiguous [method.cpp:1525] CALL_DELEGATE execute failed at instruction 0: 0x12
slice_copy.Tensor	w25:384	SKIP	client RuntimeError: method->execute() failed with error 0x12 | [utils.h:45] SlimTensor must be contiguous [method.cpp:1525] CALL_DELEGATE execute failed at instruction 0: 0x12
slice_copy.Tensor	w26:396	SKIP	client RuntimeError: method->execute() failed with error 0x12 | [utils.h:45] SlimTensor must be contiguous [method.cpp:1525] CALL_DELEGATE execute failed at instruction 0: 0x12
slice_copy.Tensor	w26:627	SKIP	client RuntimeError: method->execute() failed with error 0x12 | [utils.h:45] SlimTensor must be contiguous [method.cpp:1525] CALL_DELEGATE execute failed at instruction 0: 0x12
slice_copy.Tensor	w27:196	SKIP	client RuntimeError: method->execute() failed with error 0x12 | [utils.h:45] SlimTensor must be contiguous [method.cpp:1525] CALL_DELEGATE execute failed at instruction 0: 0x12
slice_copy.Tensor	w28:165	SKIP	client RuntimeError: method->execute() failed with error 0x12 | [utils.h:45] SlimTensor must be contiguous [method.cpp:1525] CALL_DELEGATE execute failed at instruction 0: 0x12
slice_copy.Tensor	w28:396	SKIP	client RuntimeError: method->execute() failed with error 0x12 | [utils.h:45] SlimTensor must be contiguous [method.cpp:1525] CALL_DELEGATE execute failed at instruction 0: 0x12
slice_copy.Tensor	w29:139	SKIP	client RuntimeError: method->execute() failed with error 0x12 | [utils.h:45] SlimTensor must be contiguous [method.cpp:1525] CALL_DELEGATE execute failed at instruction 0: 0x12
slice_copy.Tensor	w29:601	SKIP	client RuntimeError: method->execute() failed with error 0x12 | [utils.h:45] SlimTensor must be contiguous [method.cpp:1525] CALL_DELEGATE execute failed at instruction 0: 0x12
slice_copy.Tensor	w2:182	SKIP	client RuntimeError: method->execute() failed with error 0x12 | [utils.h:45] SlimTensor must be contiguous [method.cpp:1525] CALL_DELEGATE execute failed at instruction 0: 0x12
slice_copy.Tensor	w2:413	SKIP	client RuntimeError: method->execute() failed with error 0x12 | [utils.h:45] SlimTensor must be contiguous [method.cpp:1525] CALL_DELEGATE execute failed at instruction 0: 0x12
slice_copy.Tensor	w2:644	SKIP	client RuntimeError: method->execute() failed with error 0x12 | [utils.h:45] SlimTensor must be contiguous [method.cpp:1525] CALL_DELEGATE execute failed at instruction 0: 0x12
slice_copy.Tensor	w30:159	SKIP	client RuntimeError: method->execute() failed with error 0x12 | [utils.h:45] SlimTensor must be contiguous [method.cpp:1525] CALL_DELEGATE execute failed at instruction 0: 0x12
slice_copy.Tensor	w31:440	SKIP	client RuntimeError: method->execute() failed with error 0x12 | [utils.h:45] SlimTensor must be contiguous [method.cpp:1525] CALL_DELEGATE execute failed at instruction 0: 0x12
slice_copy.Tensor	w32:649	SKIP	client RuntimeError: method->execute() failed with error 0x12 | [utils.h:45] SlimTensor must be contiguous [method.cpp:1525] CALL_DELEGATE execute failed at instruction 0: 0x12
slice_copy.Tensor	w33:170	SKIP	client RuntimeError: method->execute() failed with error 0x12 | [utils.h:45] SlimTensor must be contiguous [method.cpp:1525] CALL_DELEGATE execute failed at instruction 0: 0x12
slice_copy.Tensor	w34:124	SKIP	client RuntimeError: method->execute() failed with error 0x12 | [utils.h:45] SlimTensor must be contiguous [method.cpp:1525] CALL_DELEGATE execute failed at instruction 0: 0x12
slice_copy.Tensor	w34:355	SKIP	client RuntimeError: method->execute() failed with error 0x12 | [utils.h:45] SlimTensor must be contiguous [method.cpp:1525] CALL_DELEGATE execute failed at instruction 0: 0x12
slice_copy.Tensor	w34:586	SKIP	client RuntimeError: method->execute() failed with error 0x12 | [utils.h:45] SlimTensor must be contiguous [method.cpp:1525] CALL_DELEGATE execute failed at instruction 0: 0x12
slice_copy.Tensor	w35:295	SKIP	client RuntimeError: method->execute() failed with error 0x12 | [utils.h:45] SlimTensor must be contiguous [method.cpp:1525] CALL_DELEGATE execute failed at instruction 0: 0x12
slice_copy.Tensor	w35:526	SKIP	client RuntimeError: method->execute() failed with error 0x12 | [utils.h:45] SlimTensor must be contiguous [method.cpp:1525] CALL_DELEGATE execute failed at instruction 0: 0x12
slice_copy.Tensor	w35:64	SKIP	client RuntimeError: method->execute() failed with error 0x12 | [utils.h:45] SlimTensor must be contiguous [method.cpp:1525] CALL_DELEGATE execute failed at instruction 0: 0x12
slice_copy.Tensor	w36:748	SKIP	client RuntimeError: method->execute() failed with error 0x12 | [utils.h:45] SlimTensor must be contiguous [method.cpp:1525] CALL_DELEGATE execute failed at instruction 0: 0x12
slice_copy.Tensor	w37:255	SKIP	client RuntimeError: method->execute() failed with error 0x12 | [utils.h:45] SlimTensor must be contiguous [method.cpp:1525] CALL_DELEGATE execute failed at instruction 0: 0x12
slice_copy.Tensor	w38:580	SKIP	client RuntimeError: method->execute() failed with error 0x12 | [utils.h:45] SlimTensor must be contiguous [method.cpp:1525] CALL_DELEGATE execute failed at instruction 0: 0x12
slice_copy.Tensor	w39:97	SKIP	client RuntimeError: method->execute() failed with error 0x12 | [utils.h:45] SlimTensor must be contiguous [method.cpp:1525] CALL_DELEGATE execute failed at instruction 0: 0x12
slice_copy.Tensor	w3:470	SKIP	client RuntimeError: method->execute() failed with error 0x12 | [utils.h:45] SlimTensor must be contiguous [method.cpp:1525] CALL_DELEGATE execute failed at instruction 0: 0x12
slice_copy.Tensor	w40:95	SKIP	client RuntimeError: method->execute() failed with error 0x12 | [utils.h:45] SlimTensor must be contiguous [method.cpp:1525] CALL_DELEGATE execute failed at instruction 0: 0x12
slice_copy.Tensor	w41:598	SKIP	client RuntimeError: method->execute() failed with error 0x12 | [utils.h:45] SlimTensor must be contiguous [method.cpp:1525] CALL_DELEGATE execute failed at instruction 0: 0x12
slice_copy.Tensor	w42:172	SKIP	client RuntimeError: method->execute() failed with error 0x12 | [utils.h:45] SlimTensor must be contiguous [method.cpp:1525] CALL_DELEGATE execute failed at instruction 0: 0x12
slice_copy.Tensor	w43:163	SKIP	client RuntimeError: method->execute() failed with error 0x12 | [utils.h:45] SlimTensor must be contiguous [method.cpp:1525] CALL_DELEGATE execute failed at instruction 0: 0x12
slice_copy.Tensor	w43:625	SKIP	client RuntimeError: method->execute() failed with error 0x12 | [utils.h:45] SlimTensor must be contiguous [method.cpp:1525] CALL_DELEGATE execute failed at instruction 0: 0x12
slice_copy.Tensor	w44:323	SKIP	client RuntimeError: method->execute() failed with error 0x12 | [utils.h:45] SlimTensor must be contiguous [method.cpp:1525] CALL_DELEGATE execute failed at instruction 0: 0x12
slice_copy.Tensor	w44:554	SKIP	client RuntimeError: method->execute() failed with error 0x12 | [utils.h:45] SlimTensor must be contiguous [method.cpp:1525] CALL_DELEGATE execute failed at instruction 0: 0x12
slice_copy.Tensor	w46:563	SKIP	client RuntimeError: method->execute() failed with error 0x12 | [utils.h:45] SlimTensor must be contiguous [method.cpp:1525] CALL_DELEGATE execute failed at instruction 0: 0x12
slice_copy.Tensor	w47:340	SKIP	client RuntimeError: method->execute() failed with error 0x12 | [utils.h:45] SlimTensor must be contiguous [method.cpp:1525] CALL_DELEGATE execute failed at instruction 0: 0x12
slice_copy.Tensor	w48:454	SKIP	client RuntimeError: method->execute() failed with error 0x12 | [utils.h:45] SlimTensor must be contiguous [method.cpp:1525] CALL_DELEGATE execute failed at instruction 0: 0x12
slice_copy.Tensor	w49:189	SKIP	client RuntimeError: method->execute() failed with error 0x12 | [utils.h:45] SlimTensor must be contiguous [method.cpp:1525] CALL_DELEGATE execute failed at instruction 0: 0x12
slice_copy.Tensor	w49:420	SKIP	client RuntimeError: method->execute() failed with error 0x12 | [utils.h:45] SlimTensor must be contiguous [method.cpp:1525] CALL_DELEGATE execute failed at instruction 0: 0x12
slice_copy.Tensor	w4:263	SKIP	client RuntimeError: method->execute() failed with error 0x12 | [utils.h:45] SlimTensor must be contiguous [method.cpp:1525] CALL_DELEGATE execute failed at instruction 0: 0x12
slice_copy.Tensor	w4:32	SKIP	client RuntimeError: method->execute() failed with error 0x12 | [utils.h:45] SlimTensor must be contiguous [method.cpp:1525] CALL_DELEGATE execute failed at instruction 0: 0x12
slice_copy.Tensor	w4:494	SKIP	client RuntimeError: method->execute() failed with error 0x12 | [utils.h:45] SlimTensor must be contiguous [method.cpp:1525] CALL_DELEGATE execute failed at instruction 0: 0x12
slice_copy.Tensor	w50:406	SKIP	client RuntimeError: method->execute() failed with error 0x12 | [utils.h:45] SlimTensor must be contiguous [method.cpp:1525] CALL_DELEGATE execute failed at instruction 0: 0x12
slice_copy.Tensor	w51:213	SKIP	client RuntimeError: method->execute() failed with error 0x12 | [utils.h:45] SlimTensor must be contiguous [method.cpp:1525] CALL_DELEGATE execute failed at instruction 0: 0x12
slice_copy.Tensor	w51:444	SKIP	client RuntimeError: method->execute() failed with error 0x12 | [utils.h:45] SlimTensor must be contiguous [method.cpp:1525] CALL_DELEGATE execute failed at instruction 0: 0x12
slice_copy.Tensor	w51:675	SKIP	client RuntimeError: method->execute() failed with error 0x12 | [utils.h:45] SlimTensor must be contiguous [method.cpp:1525] CALL_DELEGATE execute failed at instruction 0: 0x12
slice_copy.Tensor	w53:305	SKIP	client RuntimeError: method->execute() failed with error 0x12 | [utils.h:45] SlimTensor must be contiguous [method.cpp:1525] CALL_DELEGATE execute failed at instruction 0: 0x12
slice_copy.Tensor	w53:74	SKIP	client RuntimeError: method->execute() failed with error 0x12 | [utils.h:45] SlimTensor must be contiguous [method.cpp:1525] CALL_DELEGATE execute failed at instruction 0: 0x12
slice_copy.Tensor	w53:767	SKIP	client RuntimeError: method->execute() failed with error 0x12 | [utils.h:45] SlimTensor must be contiguous [method.cpp:1525] CALL_DELEGATE execute failed at instruction 0: 0x12
slice_copy.Tensor	w54:368	SKIP	client RuntimeError: method->execute() failed with error 0x12 | [utils.h:45] SlimTensor must be contiguous [method.cpp:1525] CALL_DELEGATE execute failed at instruction 0: 0x12
slice_copy.Tensor	w55:556	SKIP	client RuntimeError: method->execute() failed with error 0x12 | [utils.h:45] SlimTensor must be contiguous [method.cpp:1525] CALL_DELEGATE execute failed at instruction 0: 0x12
slice_copy.Tensor	w56:528	SKIP	client RuntimeError: method->execute() failed with error 0x12 | [utils.h:45] SlimTensor must be contiguous [method.cpp:1525] CALL_DELEGATE execute failed at instruction 0: 0x12
slice_copy.Tensor	w56:759	SKIP	client RuntimeError: method->execute() failed with error 0x12 | [utils.h:45] SlimTensor must be contiguous [method.cpp:1525] CALL_DELEGATE execute failed at instruction 0: 0x12
slice_copy.Tensor	w57:521	SKIP	client RuntimeError: method->execute() failed with error 0x12 | [utils.h:45] SlimTensor must be contiguous [method.cpp:1525] CALL_DELEGATE execute failed at instruction 0: 0x12
slice_copy.Tensor	w58:20	SKIP	client RuntimeError: method->execute() failed with error 0x12 | [utils.h:45] SlimTensor must be contiguous [method.cpp:1525] CALL_DELEGATE execute failed at instruction 0: 0x12
slice_copy.Tensor	w59:337	SKIP	client RuntimeError: method->execute() failed with error 0x12 | [utils.h:45] SlimTensor must be contiguous [method.cpp:1525] CALL_DELEGATE execute failed at instruction 0: 0x12
slice_copy.Tensor	w60:625	SKIP	client RuntimeError: method->execute() failed with error 0x12 | [utils.h:45] SlimTensor must be contiguous [method.cpp:1525] CALL_DELEGATE execute failed at instruction 0: 0x12
slice_copy.Tensor	w61:225	SKIP	client RuntimeError: method->execute() failed with error 0x12 | [utils.h:45] SlimTensor must be contiguous [method.cpp:1525] CALL_DELEGATE execute failed at instruction 0: 0x12
slice_copy.Tensor	w63:128	SKIP	client RuntimeError: method->execute() failed with error 0x12 | [utils.h:45] SlimTensor must be contiguous [method.cpp:1525] CALL_DELEGATE execute failed at instruction 0: 0x12
slice_copy.Tensor	w64:183	SKIP	client RuntimeError: method->execute() failed with error 0x12 | [utils.h:45] SlimTensor must be contiguous [method.cpp:1525] CALL_DELEGATE execute failed at instruction 0: 0x12
slice_copy.Tensor	w65:551	SKIP	client RuntimeError: method->execute() failed with error 0x12 | [utils.h:45] SlimTensor must be contiguous [method.cpp:1525] CALL_DELEGATE execute failed at instruction 0: 0x12
slice_copy.Tensor	w66:181	SKIP	client RuntimeError: method->execute() failed with error 0x12 | [utils.h:45] SlimTensor must be contiguous [method.cpp:1525] CALL_DELEGATE execute failed at instruction 0: 0x12
slice_copy.Tensor	w67:29	SKIP	client RuntimeError: method->execute() failed with error 0x12 | [utils.h:45] SlimTensor must be contiguous [method.cpp:1525] CALL_DELEGATE execute failed at instruction 0: 0x12
slice_copy.Tensor	w68:258	SKIP	client RuntimeError: method->execute() failed with error 0x12 | [utils.h:45] SlimTensor must be contiguous [method.cpp:1525] CALL_DELEGATE execute failed at instruction 0: 0x12
slice_copy.Tensor	w68:27	SKIP	client RuntimeError: method->execute() failed with error 0x12 | [utils.h:45] SlimTensor must be contiguous [method.cpp:1525] CALL_DELEGATE execute failed at instruction 0: 0x12
slice_copy.Tensor	w6:571	SKIP	client RuntimeError: method->execute() failed with error 0x12 | [utils.h:45] SlimTensor must be contiguous [method.cpp:1525] CALL_DELEGATE execute failed at instruction 0: 0x12
slice_copy.Tensor	w70:237	SKIP	client RuntimeError: method->execute() failed with error 0x12 | [utils.h:45] SlimTensor must be contiguous [method.cpp:1525] CALL_DELEGATE execute failed at instruction 0: 0x12
slice_copy.Tensor	w71:345	SKIP	client RuntimeError: method->execute() failed with error 0x12 | [utils.h:45] SlimTensor must be contiguous [method.cpp:1525] CALL_DELEGATE execute failed at instruction 0: 0x12
slice_copy.Tensor	w72:340	SKIP	client RuntimeError: method->execute() failed with error 0x12 | [utils.h:45] SlimTensor must be contiguous [method.cpp:1525] CALL_DELEGATE execute failed at instruction 0: 0x12
slice_copy.Tensor	w73:727	SKIP	client RuntimeError: method->execute() failed with error 0x12 | [utils.h:45] SlimTensor must be contiguous [method.cpp:1525] CALL_DELEGATE execute failed at instruction 0: 0x12
slice_copy.Tensor	w74:222	SKIP	client RuntimeError: method->execute() failed with error 0x12 | [utils.h:45] SlimTensor must be contiguous [method.cpp:1525] CALL_DELEGATE execute failed at instruction 0: 0x12
slice_copy.Tensor	w76:188	SKIP	client RuntimeError: method->execute() failed with error 0x12 | [utils.h:45] SlimTensor must be contiguous [method.cpp:1525] CALL_DELEGATE execute failed at instruction 0: 0x12
slice_copy.Tensor	w77:667	SKIP	client RuntimeError: method->execute() failed with error 0x12 | [utils.h:45] SlimTensor must be contiguous [method.cpp:1525] CALL_DELEGATE execute failed at instruction 0: 0x12
slice_copy.Tensor	w78:325	SKIP	client RuntimeError: method->execute() failed with error 0x12 | [utils.h:45] SlimTensor must be contiguous [method.cpp:1525] CALL_DELEGATE execute failed at instruction 0: 0x12
slice_copy.Tensor	w78:94	SKIP	client RuntimeError: method->execute() failed with error 0x12 | [utils.h:45] SlimTensor must be contiguous [method.cpp:1525] CALL_DELEGATE execute failed at instruction 0: 0x12
slice_copy.Tensor	w79:189	SKIP	client RuntimeError: method->execute() failed with error 0x12 | [utils.h:45] SlimTensor must be contiguous [method.cpp:1525] CALL_DELEGATE execute failed at instruction 0: 0x12
slice_copy.Tensor	w7:536	SKIP	client RuntimeError: method->execute() failed with error 0x12 | [utils.h:45] SlimTensor must be contiguous [method.cpp:1525] CALL_DELEGATE execute failed at instruction 0: 0x12
slice_copy.Tensor	w7:767	SKIP	client RuntimeError: method->execute() failed with error 0x12 | [utils.h:45] SlimTensor must be contiguous [method.cpp:1525] CALL_DELEGATE execute failed at instruction 0: 0x12
slice_copy.Tensor	w80:546	SKIP	client RuntimeError: method->execute() failed with error 0x12 | [utils.h:45] SlimTensor must be contiguous [method.cpp:1525] CALL_DELEGATE execute failed at instruction 0: 0x12
slice_copy.Tensor	w80:777	SKIP	client RuntimeError: method->execute() failed with error 0x12 | [utils.h:45] SlimTensor must be contiguous [method.cpp:1525] CALL_DELEGATE execute failed at instruction 0: 0x12
slice_copy.Tensor	w80:84	SKIP	client RuntimeError: method->execute() failed with error 0x12 | [utils.h:45] SlimTensor must be contiguous [method.cpp:1525] CALL_DELEGATE execute failed at instruction 0: 0x12
slice_copy.Tensor	w81:322	SKIP	client RuntimeError: method->execute() failed with error 0x12 | [utils.h:45] SlimTensor must be contiguous [method.cpp:1525] CALL_DELEGATE execute failed at instruction 0: 0x12
slice_copy.Tensor	w81:553	SKIP	client RuntimeError: method->execute() failed with error 0x12 | [utils.h:45] SlimTensor must be contiguous [method.cpp:1525] CALL_DELEGATE execute failed at instruction 0: 0x12
slice_copy.Tensor	w82:162	SKIP	client RuntimeError: method->execute() failed with error 0x12 | [utils.h:45] SlimTensor must be contiguous [method.cpp:1525] CALL_DELEGATE execute failed at instruction 0: 0x12
slice_copy.Tensor	w83:146	SKIP	client RuntimeError: method->execute() failed with error 0x12 | [utils.h:45] SlimTensor must be contiguous [method.cpp:1525] CALL_DELEGATE execute failed at instruction 0: 0x12
slice_copy.Tensor	w84:604	SKIP	client RuntimeError: method->execute() failed with error 0x12 | [utils.h:45] SlimTensor must be contiguous [method.cpp:1525] CALL_DELEGATE execute failed at instruction 0: 0x12
slice_copy.Tensor	w86:356	SKIP	client RuntimeError: method->execute() failed with error 0x12 | [utils.h:45] SlimTensor must be contiguous [method.cpp:1525] CALL_DELEGATE execute failed at instruction 0: 0x12
slice_copy.Tensor	w86:587	SKIP	client RuntimeError: method->execute() failed with error 0x12 | [utils.h:45] SlimTensor must be contiguous [method.cpp:1525] CALL_DELEGATE execute failed at instruction 0: 0x12
slice_copy.Tensor	w87:158	SKIP	client RuntimeError: method->execute() failed with error 0x12 | [utils.h:45] SlimTensor must be contiguous [method.cpp:1525] CALL_DELEGATE execute failed at instruction 0: 0x12
slice_copy.Tensor	w87:389	SKIP	client RuntimeError: method->execute() failed with error 0x12 | [utils.h:45] SlimTensor must be contiguous [method.cpp:1525] CALL_DELEGATE execute failed at instruction 0: 0x12
slice_copy.Tensor	w87:620	SKIP	client RuntimeError: method->execute() failed with error 0x12 | [utils.h:45] SlimTensor must be contiguous [method.cpp:1525] CALL_DELEGATE execute failed at instruction 0: 0x12
slice_copy.Tensor	w89:298	SKIP	client RuntimeError: method->execute() failed with error 0x12 | [utils.h:45] SlimTensor must be contiguous [method.cpp:1525] CALL_DELEGATE execute failed at instruction 0: 0x12
slice_copy.Tensor	w89:529	SKIP	client RuntimeError: method->execute() failed with error 0x12 | [utils.h:45] SlimTensor must be contiguous [method.cpp:1525] CALL_DELEGATE execute failed at instruction 0: 0x12
slice_copy.Tensor	w89:67	SKIP	client RuntimeError: method->execute() failed with error 0x12 | [utils.h:45] SlimTensor must be contiguous [method.cpp:1525] CALL_DELEGATE execute failed at instruction 0: 0x12
slice_copy.Tensor	w90:732	SKIP	client RuntimeError: method->execute() failed with error 0x12 | [utils.h:45] SlimTensor must be contiguous [method.cpp:1525] CALL_DELEGATE execute failed at instruction 0: 0x12
slice_copy.Tensor	w91:315	SKIP	client RuntimeError: method->execute() failed with error 0x12 | [utils.h:45] SlimTensor must be contiguous [method.cpp:1525] CALL_DELEGATE execute failed at instruction 0: 0x12
slice_copy.Tensor	w91:546	SKIP	client RuntimeError: method->execute() failed with error 0x12 | [utils.h:45] SlimTensor must be contiguous [method.cpp:1525] CALL_DELEGATE execute failed at instruction 0: 0x12
slice_copy.Tensor	w91:777	SKIP	client RuntimeError: method->execute() failed with error 0x12 | [utils.h:45] SlimTensor must be contiguous [method.cpp:1525] CALL_DELEGATE execute failed at instruction 0: 0x12
slice_copy.Tensor	w92:149	SKIP	client RuntimeError: method->execute() failed with error 0x12 | [utils.h:45] SlimTensor must be contiguous [method.cpp:1525] CALL_DELEGATE execute failed at instruction 0: 0x12
slice_copy.Tensor	w93:450	SKIP	client RuntimeError: method->execute() failed with error 0x12 | [utils.h:45] SlimTensor must be contiguous [method.cpp:1525] CALL_DELEGATE execute failed at instruction 0: 0x12
slice_copy.Tensor	w93:681	SKIP	client RuntimeError: method->execute() failed with error 0x12 | [utils.h:45] SlimTensor must be contiguous [method.cpp:1525] CALL_DELEGATE execute failed at instruction 0: 0x12
slice_copy.Tensor	w94:103	SKIP	client RuntimeError: method->execute() failed with error 0x12 | [utils.h:45] SlimTensor must be contiguous [method.cpp:1525] CALL_DELEGATE execute failed at instruction 0: 0x12
slice_copy.Tensor	w94:334	SKIP	client RuntimeError: method->execute() failed with error 0x12 | [utils.h:45] SlimTensor must be contiguous [method.cpp:1525] CALL_DELEGATE execute failed at instruction 0: 0x12
slice_copy.Tensor	w95:35	SKIP	client RuntimeError: method->execute() failed with error 0x12 | [utils.h:45] SlimTensor must be contiguous [method.cpp:1525] CALL_DELEGATE execute failed at instruction 0: 0x12
slice_copy.Tensor	w96:21	SKIP	client RuntimeError: method->execute() failed with error 0x12 | [utils.h:45] SlimTensor must be contiguous [method.cpp:1525] CALL_DELEGATE execute failed at instruction 0: 0x12
slice_copy.Tensor	w96:252	SKIP	client RuntimeError: method->execute() failed with error 0x12 | [utils.h:45] SlimTensor must be contiguous [method.cpp:1525] CALL_DELEGATE execute failed at instruction 0: 0x12
slice_copy.Tensor	w96:714	SKIP	client RuntimeError: method->execute() failed with error 0x12 | [utils.h:45] SlimTensor must be contiguous [method.cpp:1525] CALL_DELEGATE execute failed at instruction 0: 0x12
slice_copy.Tensor	w99:399	SKIP	client RuntimeError: method->execute() failed with error 0x12 | [utils.h:45] SlimTensor must be contiguous [method.cpp:1525] CALL_DELEGATE execute failed at instruction 0: 0x12
slice_copy.Tensor	w99:630	SKIP	client RuntimeError: method->execute() failed with error 0x12 | [utils.h:45] SlimTensor must be contiguous [method.cpp:1525] CALL_DELEGATE execute failed at instruction 0: 0x12
slice_copy.Tensor	w9:345	SKIP	client RuntimeError: method->execute() failed with error 0x12 | [utils.h:45] SlimTensor must be contiguous [method.cpp:1525] CALL_DELEGATE execute failed at instruction 0: 0x12
slice_scatter	w40:263	SKIP	client RuntimeError: Failed to load method forward, error: 0x:1 | [platform.cpp:141] Failed loading symbol AOTInductorModelContainerCreateWithDevice with error /tmp/forward_so_blob501339.so: undefined symbol: AOTInductorModelContainerCreateWithDevice [method.cpp:128] Init failed for backend CudaBackend: 0x1
slice_scatter	w55:724	SKIP	client RuntimeError: Failed to load method forward, error: 0x:1 | [platform.cpp:141] Failed loading symbol AOTInductorModelContainerCreateWithDevice with error /tmp/forward_so_blob519978.so: undefined symbol: AOTInductorModelContainerCreateWithDevice [method.cpp:128] Init failed for backend CudaBackend: 0x1
split_with_sizes_copy	w26:33	SKIP	client RuntimeError: Failed to load method forward, error: 0x:1 | [platform.cpp:141] Failed loading symbol AOTInductorModelContainerCreateWithDevice with error /tmp/forward_so_blob479480.so: undefined symbol: AOTInductorModelContainerCreateWithDevice [method.cpp:128] Init failed for backend CudaBackend: 0x1
stack	w104:349	CRASH	executor died (native abort)
stack	w106:317	CRASH	executor died (native abort)
stack	w122:180	CRASH	executor died (native abort)
stack	w124:451	CRASH	executor died (native abort)
stack	w20:207	CRASH	executor died (native abort)
stack	w21:673	CRASH	executor died (native abort)
stack	w40:662	CRASH	executor died (native abort)
stack	w51:780	CRASH	executor died (native abort)
sum.IntList_out	w102:69	MISMATCH	out[0] max|delta|=1.000e+00 (rtol=0.0 atol=0.0)
sum.IntList_out	w11:171	MISMATCH	out[0] max|delta|=1.000e+00 (rtol=0.0 atol=0.0)
sum.IntList_out	w19:339	MISMATCH	out[0] max|delta|=3.277e+04 (rtol=0.0 atol=0.0)
sum.IntList_out	w25:468	MISMATCH	out[0] max|delta|=2.147e+09 (rtol=0.0 atol=0.0)
sum.IntList_out	w28:480	MISMATCH	out[0] max|delta|=1.000e+00 (rtol=0.0 atol=0.0)
sum.IntList_out	w32:40	MISMATCH	out[0] max|delta|=1.000e+00 (rtol=0.0 atol=0.0)
sum.IntList_out	w33:485	MISMATCH	out[0] max|delta|=1.000e+00 (rtol=0.0 atol=0.0)
sum.IntList_out	w35:610	MISMATCH	out[0] max|delta|=1.000e+00 (rtol=0.0 atol=0.0)
sum.IntList_out	w36:370	MISMATCH	out[0] max|delta|=1.000e+00 (rtol=0.0 atol=0.0)
sum.IntList_out	w51:528	MISMATCH	out[0] max|delta|=1.000e+00 (rtol=0.0 atol=0.0)
sum.IntList_out	w55:640	MISMATCH	out[0] max|delta|=1.000e+00 (rtol=0.0 atol=0.0)
sum.IntList_out	w56:150	MISMATCH	out[0] max|delta|=1.000e+00 (rtol=0.0 atol=0.0)
sum.IntList_out	w68:573	MISMATCH	out[0] max|delta|=1.000e+00 (rtol=0.0 atol=0.0)
sum.IntList_out	w6:655	MISMATCH	out[0] max|delta|=3.277e+04 (rtol=0.0 atol=0.0)
sum.IntList_out	w72:193	MISMATCH	out[0] max|delta|=1.000e+00 (rtol=0.0 atol=0.0)
sum.IntList_out	w72:424	MISMATCH	out[0] max|delta|=1.000e+00 (rtol=0.0 atol=0.0)
sum.IntList_out	w82:477	MISMATCH	out[0] max|delta|=1.000e+00 (rtol=0.0 atol=0.0)
t_copy	w26:337	SKIP	client RuntimeError: Failed to load method forward, error: 0x:1 | [platform.cpp:141] Failed loading symbol AOTInductorModelContainerCreateWithDevice with error /tmp/forward_so_blob479480.so: undefined symbol: AOTInductorModelContainerCreateWithDevice [method.cpp:128] Init failed for backend CudaBackend: 0x1
t_copy	w48:626	SKIP	client RuntimeError: Failed to load method forward, error: 0x:1 | [platform.cpp:141] Failed loading symbol AOTInductorModelContainerCreateWithDevice with error /tmp/forward_so_blob507536.so: undefined symbol: AOTInductorModelContainerCreateWithDevice [method.cpp:128] Init failed for backend CudaBackend: 0x1
t_copy	w58:192	SKIP	client RuntimeError: Failed to load method forward, error: 0x:1 | [method.cpp:128] Init failed for backend CudaBackend: 0x1
t_copy	w62:373	CRASH	executor died (native abort)
tanh.out	w11:330	SKIP	client RuntimeError: Failed to load method forward, error: 0x:1 | [platform.cpp:141] Failed loading symbol AOTInductorModelContainerCreateWithDevice with error /tmp/forward_so_blob422187.so: undefined symbol: AOTInductorModelContainerCreateWithDevice [method.cpp:128] Init failed for backend CudaBackend: 0x1
topk.values	w0:527	MISMATCH	out[0] shape (0, 0, 0, 0) vs (0, 0, 0, 0, 0)
topk.values	w0:758	MISMATCH	out[0] shape (1, 1, 0, 1) vs (0, 0, 0, 0, 0)
topk.values	w100:102	MISMATCH	out[0] shape (1, 1, 1, 1) vs (0, 0, 0, 0, 0)
topk.values	w100:333	MISMATCH	out[0] shape (1, 1, 1, 0, 1) vs (0, 0, 0, 0, 0)
topk.values	w101:737	MISMATCH	out[0] shape (1, 1, 1, 1) vs (0, 0, 0, 0, 0)
topk.values	w102:39	MISMATCH	out[0] shape (0, 0, 0, 0) vs (0, 0, 0, 0, 0)
topk.values	w103:295	MISMATCH	out[0] shape (1,) vs (0, 0, 0, 0, 0)
topk.values	w103:64	MISMATCH	out[0] shape (1, 1, 1, 1) vs (0, 0, 0, 0, 0)
topk.values	w103:757	MISMATCH	out[0] max|delta|=1.000e+00 (rtol=0.0 atol=0.0)
topk.values	w104:529	MISMATCH	out[0] shape (1, 1, 1) vs (0, 0, 0, 0, 0)
topk.values	w105:119	MISMATCH	out[0] shape (0, 1, 1, 1, 1) vs (0, 0, 0, 0, 0)
topk.values	w106:35	MISMATCH	out[0] shape (1, 1, 1) vs (0, 0, 0, 0, 0)
topk.values	w106:497	MISMATCH	out[0] shape (1, 1, 1, 1) vs (0, 0, 0, 0, 0)
topk.values	w107:305	MISMATCH	out[0] shape (1, 1, 1, 1) vs (0, 0, 0, 0, 0)
topk.values	w107:536	MISMATCH	out[0] max|delta|=3.000e+00 (rtol=0.0 atol=0.0)
topk.values	w107:74	MISMATCH	out[0] shape (1, 1, 1, 1) vs (0, 0, 0, 0, 0)
topk.values	w108:136	MISMATCH	out[0] shape (0, 0, 0, 0) vs (0, 0, 0, 0, 0)
topk.values	w109:611	MISMATCH	out[0] shape (0, 0) vs (0, 0, 0, 0, 0)
topk.values	w10:692	MISMATCH	out[0] shape (1, 1, 1) vs (0, 0, 0, 0)
topk.values	w111:121	MISMATCH	out[0] shape (1, 1, 1, 1) vs (0, 0, 0, 0, 0)
topk.values	w111:352	MISMATCH	out[0] shape (0, 0, 0, 0) vs (0, 0, 0, 0, 0)
topk.values	w111:583	MISMATCH	out[0] shape (1, 1, 1, 1, 0) vs (0, 0, 0, 0, 0)
topk.values	w112:19	MISMATCH	out[0] shape (1, 1) vs (0, 0, 0, 0, 0)
topk.values	w112:250	MISMATCH	out[0] shape (1, 1) vs (0, 0, 0, 0, 0)
topk.values	w112:481	MISMATCH	out[0] shape (0, 0, 0, 0) vs (0, 0, 0, 0, 0)
topk.values	w112:712	MISMATCH	out[0] shape (0,) vs (0, 0, 0, 0, 0)
topk.values	w113:273	MISMATCH	out[0] shape (0, 1, 1) vs (0, 0, 0, 0, 0)
topk.values	w113:504	MISMATCH	out[0] shape (1, 0) vs (0, 0, 0, 0, 0)
topk.values	w113:735	MISMATCH	out[0] shape (1, 1, 1, 1) vs (0, 0, 0, 0, 0)
topk.values	w114:59	MISMATCH	out[0] shape (0,) vs (0, 0, 0, 0, 0)
topk.values	w114:752	MISMATCH	out[0] max|delta|=7.000e+00 (rtol=0.0 atol=0.0)
topk.values	w115:328	MISMATCH	out[0] shape (0, 0, 0, 0) vs (0, 0, 0, 0, 0)
topk.values	w115:97	MISMATCH	out[0] shape (1, 1, 1, 1) vs (0, 0, 0, 0)
topk.values	w116:110	MISMATCH	out[0] shape (0,) vs (0, 0, 0, 0, 0)
topk.values	w116:572	MISMATCH	out[0] shape (0, 0, 0, 0) vs (0, 0, 0, 0, 0)
topk.values	w117:318	MISMATCH	out[0] shape (0,) vs (0, 0, 0, 0, 0)
topk.values	w117:549	MISMATCH	out[0] shape (1, 1, 0, 1) vs (0, 0, 0, 0, 0)
topk.values	w118:275	MISMATCH	out[0] shape (1, 1, 1, 1) vs (0, 0, 0, 0)
topk.values	w118:506	MISMATCH	out[0] shape (0, 0) vs (0, 0, 0, 0, 0)
topk.values	w119:293	MISMATCH	out[0] shape (0,) vs (0, 0, 0, 0, 0)
topk.values	w119:524	MISMATCH	out[0] shape (1, 1, 1, 1) vs (0, 0, 0, 0, 0)
topk.values	w119:62	MISMATCH	out[0] shape (1,) vs (0, 0, 0, 0, 0)
topk.values	w121:657	MISMATCH	out[0] shape (1, 1, 1, 1) vs (0, 0, 0, 0, 0)
topk.values	w122:129	MISMATCH	out[0] shape (1, 1, 1, 1) vs (0, 0, 0, 0, 0)
topk.values	w122:360	MISMATCH	out[0] shape (1, 1, 1, 0) vs (0, 0, 0, 0)
topk.values	w122:591	MISMATCH	out[0] shape (0, 0, 0, 0) vs (0, 0, 0, 0, 0)
topk.values	w123:436	MISMATCH	out[0] shape (0, 0, 0, 0) vs (0, 0, 0, 0, 0)
topk.values	w123:667	MISMATCH	out[0] shape (0, 0, 0) vs (0, 0, 0, 0, 0)
topk.values	w125:322	MISMATCH	out[0] shape (1, 1, 1, 1) vs (0, 0, 0, 0, 0)
topk.values	w125:553	MISMATCH	out[0] max|delta|=1.000e+00 (rtol=0.0 atol=0.0)
topk.values	w125:91	MISMATCH	out[0] shape (0, 0, 0, 0) vs (0, 0, 0, 0, 0)
topk.values	w126:109	MISMATCH	out[0] shape (0, 0) vs (0, 0, 0, 0, 0)
topk.values	w126:340	MISMATCH	out[0] shape (1, 1, 1, 0) vs (0, 0, 0, 0, 0)
topk.values	w127:6	MISMATCH	out[0] shape (0, 0, 0, 0) vs (0, 0, 0, 0, 0)
topk.values	w12:17	MISMATCH	out[0] shape (1, 1, 1, 0) vs (0, 0, 0, 0, 0)
topk.values	w13:180	MISMATCH	out[0] shape (0,) vs (0, 0, 0, 0, 0)
topk.values	w13:642	MISMATCH	out[0] shape (0, 0, 0, 0) vs (0, 0, 0, 0, 0)
topk.values	w14:16	MISMATCH	out[0] shape (1, 1, 0) vs (0, 0, 0, 0, 0)
topk.values	w14:247	MISMATCH	out[0] max|delta|=4.000e+00 (rtol=0.0 atol=0.0)
topk.values	w15:317	MISMATCH	out[0] shape (1, 1, 1, 1) vs (0, 0, 0, 0, 0)
topk.values	w15:779	MISMATCH	out[0] shape (0, 0) vs (0, 0, 0, 0, 0)
topk.values	w15:86	MISMATCH	out[0] shape (1, 1, 1, 0) vs (0, 0, 0, 0, 0)
topk.values	w16:138	MISMATCH	out[0] shape (1, 1, 1, 1) vs (0, 0, 0, 0, 0)
topk.values	w16:600	MISMATCH	out[0] shape (0, 0, 0, 0) vs (0, 0, 0, 0, 0)
topk.values	w17:18	MISMATCH	out[0] shape (1, 1, 1, 1) vs (0, 0, 0, 0, 0)
topk.values	w17:480	MISMATCH	out[0] shape (0, 0, 0, 0) vs (0, 0, 0, 0, 0)
topk.values	w18:177	MISMATCH	out[0] shape (0,) vs (0, 0, 0, 0, 0)
topk.values	w18:408	MISMATCH	out[0] shape (0, 0, 0, 0) vs (0, 0, 0, 0, 0)
topk.values	w1:164	MISMATCH	out[0] shape (0, 0, 0, 0) vs (0, 0, 0, 0, 0)
topk.values	w1:395	MISMATCH	out[0] shape (0, 0, 0, 0) vs (0, 0, 0, 0, 0)
topk.values	w1:626	MISMATCH	out[0] shape (1, 1, 1) vs (0, 0, 0, 0, 0)
topk.values	w21:391	MISMATCH	out[0] shape (0, 0, 0, 0) vs (0, 0, 0, 0, 0)
topk.values	w22:316	MISMATCH	out[0] shape (1, 1, 1, 1, 1) vs (0, 0, 0, 0, 0)
topk.values	w22:778	MISMATCH	out[0] shape (1, 1, 1, 1) vs (0, 0, 0, 0, 0)
topk.values	w22:85	MISMATCH	out[0] shape (1, 1, 1, 0, 1) vs (0, 0, 0, 0, 0)
topk.values	w23:301	MISMATCH	out[0] shape (1, 1, 1, 1) vs (0, 0, 0, 0, 0)
topk.values	w23:763	MISMATCH	out[0] shape (0, 0, 0, 0) vs (0, 0, 0, 0, 0)
topk.values	w24:22	MISMATCH	out[0] max|delta|=4.000e+00 (rtol=0.0 atol=0.0)
topk.values	w24:253	MISMATCH	out[0] shape (1, 1, 1, 1) vs (0, 0, 0, 0, 0)
topk.values	w24:484	MISMATCH	out[0] shape (1, 1, 1) vs (0, 0, 0, 0)
topk.values	w24:715	MISMATCH	out[0] shape (1, 0, 1) vs (0, 0, 0, 0, 0)
topk.values	w25:669	MISMATCH	out[0] shape (1, 1) vs (0, 0, 0, 0, 0)
topk.values	w26:219	MISMATCH	out[0] shape (1, 1, 1, 1) vs (0, 0, 0, 0, 0)
topk.values	w26:450	MISMATCH	out[0] shape (1, 1) vs (0, 0, 0, 0, 0)
topk.values	w26:681	MISMATCH	out[0] shape (0, 0, 0, 0) vs (0, 0, 0, 0, 0)
topk.values	w27:250	MISMATCH	out[0] shape (1, 1, 1, 0) vs (0, 0, 0, 0, 0)
topk.values	w27:481	MISMATCH	out[0] shape (1, 1) vs (0, 0, 0, 0, 0)
topk.values	w28:450	MISMATCH	out[0] shape (1, 0, 1, 1, 1) vs (0, 0, 0, 0, 0)
topk.values	w28:681	MISMATCH	out[0] shape (0, 0, 0) vs (0, 0, 0, 0, 0)
topk.values	w29:193	MISMATCH	out[0] shape (1, 1) vs (0, 0, 0, 0, 0)
topk.values	w29:655	MISMATCH	out[0] shape (1, 1, 1, 1) vs (0, 0, 0, 0, 0)
topk.values	w2:236	MISMATCH	out[0] shape (0,) vs (0, 0, 0)
topk.values	w30:444	MISMATCH	out[0] shape (1, 1, 1, 1) vs (0, 0, 0, 0, 0)
topk.values	w30:675	MISMATCH	out[0] max|delta|=3.000e+00 (rtol=0.0 atol=0.0)
topk.values	w31:725	MISMATCH	out[0] shape (0, 0, 0, 0) vs (0, 0, 0, 0, 0)
topk.values	w32:10	MISMATCH	out[0] shape (1, 1, 1, 1) vs (0, 0, 0, 0, 0)
topk.values	w32:472	MISMATCH	out[0] shape (1,) vs (0, 0, 0, 0, 0)
topk.values	w33:224	MISMATCH	out[0] shape (1, 1, 1, 1) vs (0, 0, 0, 0, 0)
topk.values	w35:349	MISMATCH	out[0] max|delta|=1.000e+00 (rtol=0.0 atol=0.0)
topk.values	w36:109	MISMATCH	out[0] shape (1, 1, 1, 1, 0) vs (0, 0, 0, 0, 0)
topk.values	w36:571	MISMATCH	out[0] shape (1, 1, 1, 1) vs (0, 0, 0, 0, 0)
topk.values	w37:540	MISMATCH	out[0] shape (1, 1) vs (0, 0, 0, 0, 0)
topk.values	w37:771	MISMATCH	out[0] shape (1, 1, 1, 1) vs (0, 0, 0, 0, 0)
topk.values	w37:78	MISMATCH	out[0] shape (1, 1, 1, 1, 1) vs (0, 0, 0, 0, 0)
topk.values	w39:151	MISMATCH	out[0] shape (0, 1, 1) vs (0, 0, 0, 0, 0)
topk.values	w39:382	MISMATCH	out[0] shape (0, 0, 0, 0) vs (0, 0, 0, 0, 0)
topk.values	w3:293	MISMATCH	out[0] shape (0, 0) vs (0, 0, 0, 0, 0)
topk.values	w3:62	MISMATCH	out[0] shape (0, 0, 0, 0) vs (0, 0, 0, 0, 0)
topk.values	w3:755	MISMATCH	out[0] max|delta|=1.000e+00 (rtol=0.0 atol=0.0)
topk.values	w40:149	MISMATCH	out[0] shape (1, 1, 1) vs (0, 0, 0, 0, 0)
topk.values	w40:380	MISMATCH	out[0] shape (0, 0) vs (0, 0, 0, 0, 0)
topk.values	w40:611	MISMATCH	out[0] shape (1, 1, 1, 1) vs (0, 0, 0, 0, 0)
topk.values	w41:421	MISMATCH	out[0] shape (0, 0, 0, 0) vs (0, 0, 0, 0, 0)
topk.values	w41:652	MISMATCH	out[0] shape (1, 1, 1, 1) vs (0, 0, 0, 0, 0)
topk.values	w43:448	MISMATCH	out[0] shape (0, 0, 0, 0) vs (0, 0, 0, 0, 0)
topk.values	w43:679	MISMATCH	out[0] shape (1, 1, 1, 1) vs (0, 0, 0, 0, 0)
topk.values	w45:166	MISMATCH	out[0] shape (1, 1, 1, 1) vs (0, 0, 0, 0, 0)
topk.values	w45:397	MISMATCH	out[0] shape (0,) vs (0, 0, 0, 0, 0)
topk.values	w45:628	MISMATCH	out[0] shape (0, 0, 0, 0) vs (0, 0, 0, 0, 0)
topk.values	w46:386	MISMATCH	out[0] shape (1, 1, 0, 1) vs (0, 0, 0, 0, 0)
topk.values	w47:163	MISMATCH	out[0] shape (0, 0, 0) vs (0, 0, 0, 0, 0)
topk.values	w49:243	MISMATCH	out[0] shape (1, 1, 1, 1) vs (0, 0, 0, 0, 0)
topk.values	w4:317	MISMATCH	out[0] shape (1, 1, 1, 1) vs (0, 0, 0, 0, 0)
topk.values	w50:229	MISMATCH	out[0] shape (1, 1) vs (0, 0)
topk.values	w50:460	MISMATCH	out[0] shape (0, 0, 0, 0) vs (0, 0, 0, 0, 0)
topk.values	w50:691	MISMATCH	out[0] shape (0, 0, 0, 0) vs (0, 0, 0, 0, 0)
topk.values	w51:267	MISMATCH	out[0] shape (0, 1, 1, 1) vs (0, 0, 0, 0, 0)
topk.values	w51:36	MISMATCH	out[0] shape (0, 0) vs (0, 0, 0, 0, 0)
topk.values	w52:554	MISMATCH	out[0] shape (0, 0, 0, 0) vs (0, 0, 0, 0, 0)
topk.values	w52:92	MISMATCH	out[0] shape (1,) vs (0, 0, 0, 0)
topk.values	w53:128	MISMATCH	out[0] shape (1, 1, 1, 0) vs (0, 0, 0, 0, 0)
topk.values	w53:359	MISMATCH	out[0] shape (1, 1, 1, 1) vs (0, 0, 0, 0, 0)
topk.values	w53:590	MISMATCH	out[0] shape (0, 0, 0, 0) vs (0, 0, 0, 0, 0)
topk.values	w54:422	MISMATCH	out[0] shape (0, 0, 0, 0) vs (0, 0, 0, 0, 0)
topk.values	w54:653	MISMATCH	out[0] shape (0,) vs (0, 0, 0, 0, 0)
topk.values	w55:148	MISMATCH	out[0] shape (0, 0, 0, 0) vs (0, 0, 0, 0, 0)
topk.values	w56:120	MISMATCH	out[0] shape (0, 1, 1, 1, 1) vs (0, 0, 0, 0, 0)
topk.values	w56:351	MISMATCH	out[0] shape (0, 0, 0, 0) vs (0, 0, 0, 0, 0)
topk.values	w56:582	MISMATCH	out[0] max|delta|=7.000e+00 (rtol=0.0 atol=0.0)
topk.values	w58:305	MISMATCH	out[0] shape (0, 0, 0) vs (0, 0, 0, 0, 0)
topk.values	w59:160	MISMATCH	out[0] shape (0, 0, 0, 0) vs (0, 0, 0, 0, 0)
topk.values	w59:391	MISMATCH	out[0] max|delta|=1.000e+00 (rtol=0.0 atol=0.0)
topk.values	w5:170	MISMATCH	out[0] shape (1, 1, 0, 1) vs (0, 0, 0, 0, 0)
topk.values	w5:401	MISMATCH	out[0] shape (0, 0, 0) vs (0, 0, 0, 0, 0)
topk.values	w60:217	MISMATCH	out[0] shape (1, 1) vs (0, 0, 0, 0, 0)
topk.values	w60:448	MISMATCH	out[0] shape (1, 1, 1) vs (0, 0, 0)
topk.values	w61:279	MISMATCH	out[0] shape (0, 0, 0, 0) vs (0, 0, 0, 0, 0)
topk.values	w61:510	MISMATCH	out[0] shape (1,) vs (0, 0, 0, 0, 0)
topk.values	w62:24	MISMATCH	out[0] shape (1, 1) vs (0, 0, 0, 0, 0)
topk.values	w62:486	MISMATCH	out[0] shape (0, 0, 0, 0) vs (0, 0, 0, 0, 0)
topk.values	w62:717	MISMATCH	out[0] shape (0,) vs (0, 0, 0, 0, 0)
topk.values	w63:413	MISMATCH	out[0] shape (0, 0) vs (0, 0, 0, 0, 0)
topk.values	w64:468	MISMATCH	out[0] shape (0, 0, 0, 0) vs (0, 0, 0, 0, 0)
topk.values	w65:143	MISMATCH	out[0] shape (1, 1, 1, 1) vs (0, 0, 0, 0, 0)
topk.values	w66:235	MISMATCH	out[0] shape (1, 1, 1, 1, 0) vs (0, 0, 0, 0, 0)
topk.values	w66:4	MISMATCH	out[0] shape (1, 1, 1, 1, 1) vs (0, 0, 0, 0, 0)
topk.values	w66:466	MISMATCH	out[0] shape (1,) vs (0, 0, 0, 0, 0)
topk.values	w66:697	MISMATCH	out[0] shape (0, 0, 0, 0) vs (0, 0, 0, 0, 0)
topk.values	w67:83	MISMATCH	out[0] shape (1, 1) vs (0, 0, 0, 0)
topk.values	w68:774	MISMATCH	out[0] shape (0, 0, 0, 0) vs (0, 0, 0, 0, 0)
topk.values	w69:171	MISMATCH	out[0] shape (0, 0, 0, 0) vs (0, 0, 0, 0, 0)
topk.values	w69:402	MISMATCH	out[0] shape (1, 1, 1, 1) vs (0, 0, 0, 0, 0)
topk.values	w69:633	MISMATCH	out[0] shape (1,) vs (0, 0, 0, 0, 0)
topk.values	w6:163	MISMATCH	out[0] shape (1,) vs (0, 0, 0, 0, 0)
topk.values	w6:625	MISMATCH	out[0] shape (1, 1, 1, 1) vs (0, 0, 0, 0, 0)
topk.values	w70:60	MISMATCH	out[0] shape (1, 1, 1, 1) vs (0, 0, 0, 0, 0)
topk.values	w71:399	MISMATCH	out[0] max|delta|=4.000e+00 (rtol=0.0 atol=0.0)
topk.values	w71:630	MISMATCH	out[0] shape (1, 0, 1, 1) vs (0, 0, 0, 0, 0)
topk.values	w72:163	MISMATCH	out[0] shape (1, 0, 1, 1) vs (0, 0, 0, 0, 0)
topk.values	w72:394	MISMATCH	out[0] shape (0, 1, 1, 1) vs (0, 0, 0, 0, 0)
topk.values	w73:319	MISMATCH	out[0] shape (0, 0, 0, 0) vs (0, 0, 0, 0, 0)
topk.values	w73:550	MISMATCH	out[0] max|delta|=3.000e+00 (rtol=0.0 atol=0.0)
topk.values	w73:781	MISMATCH	out[0] shape (0, 0, 0, 0) vs (0, 0, 0, 0, 0)
topk.values	w74:507	MISMATCH	out[0] shape (0, 0) vs (0, 0, 0, 0, 0)
topk.values	w75:168	MISMATCH	out[0] shape (0, 0) vs (0, 0, 0, 0, 0)
topk.values	w75:399	MISMATCH	out[0] shape (1, 1, 1, 0) vs (0, 0, 0, 0, 0)
topk.values	w75:630	MISMATCH	out[0] shape (1, 1, 0, 1) vs (0, 0, 0, 0, 0)
topk.values	w76:11	MISMATCH	out[0] shape (1, 0, 1, 1, 1) vs (0, 0, 0, 0, 0)
topk.values	w76:242	MISMATCH	out[0] shape (0, 0, 0, 0) vs (0, 0, 0, 0, 0)
topk.values	w76:704	MISMATCH	out[0] shape (1, 1, 1, 1) vs (0, 0, 0, 0, 0)
topk.values	w77:28	MISMATCH	out[0] max|delta|=6.000e+00 (rtol=0.0 atol=0.0)
topk.values	w77:490	MISMATCH	out[0] shape (1, 1, 1, 1, 1) vs (0, 0, 0, 0, 0)
topk.values	w77:721	MISMATCH	out[0] shape (0,) vs (0, 0)
topk.values	w78:379	MISMATCH	out[0] shape (0, 0, 0, 0) vs (0, 0, 0, 0, 0)
topk.values	w78:610	MISMATCH	out[0] shape (1, 1, 1, 1) vs (0, 0, 0, 0, 0)
topk.values	w79:474	MISMATCH	out[0] shape (0, 0, 0, 0) vs (0, 0, 0, 0, 0)
topk.values	w7:128	MISMATCH	out[0] shape (1, 1, 1, 1) vs (0, 0, 0, 0, 0)
topk.values	w7:359	MISMATCH	out[0] shape (1, 1, 1, 1, 0) vs (0, 0, 0, 0, 0)
topk.values	w7:590	MISMATCH	out[0] shape (1, 1, 1, 1, 1) vs (0, 0, 0, 0, 0)
topk.values	w80:138	MISMATCH	out[0] shape (0, 0, 0, 0) vs (0, 0, 0, 0, 0)
topk.values	w81:145	MISMATCH	out[0] shape (0,) vs (0, 0, 0, 0, 0)
topk.values	w81:376	MISMATCH	out[0] shape (1, 1, 1) vs (0, 0, 0, 0, 0)
topk.values	w81:607	MISMATCH	out[0] shape (0, 0, 0, 0) vs (0, 0, 0, 0, 0)
topk.values	w82:447	MISMATCH	out[0] shape (0, 0, 0, 0) vs (0, 0, 0, 0, 0)
topk.values	w82:678	MISMATCH	out[0] shape (0, 1) vs (0, 0, 0, 0, 0)
topk.values	w83:200	MISMATCH	out[0] shape (1, 1, 1) vs (0, 0, 0, 0, 0)
topk.values	w83:431	MISMATCH	out[0] shape (0, 0, 0, 0) vs (0, 0, 0, 0, 0)
topk.values	w83:662	MISMATCH	out[0] shape (1, 1, 1, 1) vs (0, 0, 0, 0, 0)
topk.values	w84:196	MISMATCH	out[0] shape (0, 0, 0, 0) vs (0, 0, 0, 0, 0)
topk.values	w84:427	MISMATCH	out[0] shape (0, 0, 0, 0) vs (0, 0, 0, 0, 0)
topk.values	w85:232	MISMATCH	out[0] shape (0, 0, 0, 0) vs (0, 0, 0, 0, 0)
topk.values	w85:694	MISMATCH	out[0] shape (0, 0, 0) vs (0, 0, 0, 0, 0)
topk.values	w86:179	MISMATCH	out[0] shape (0, 0, 0, 0) vs (0, 0, 0, 0, 0)
topk.values	w86:410	MISMATCH	out[0] shape (1, 1, 1, 1, 1) vs (0, 0, 0, 0, 0)
topk.values	w88:206	MISMATCH	out[0] shape (0, 0, 0, 0) vs (0, 0, 0, 0, 0)
topk.values	w88:668	MISMATCH	out[0] shape (0,) vs (0, 0, 0, 0, 0)
topk.values	w89:352	MISMATCH	out[0] max|delta|=3.000e+00 (rtol=0.0 atol=0.0)
topk.values	w8:757	MISMATCH	out[0] shape (1, 1, 1, 1, 0) vs (0, 0, 0, 0, 0)
topk.values	w90:324	MISMATCH	out[0] shape (1, 1, 1, 1) vs (0, 0, 0, 0, 0)
topk.values	w91:600	MISMATCH	out[0] shape (0, 0, 0, 0) vs (0, 0, 0, 0, 0)
topk.values	w92:203	MISMATCH	out[0] shape (1, 1, 1, 1) vs (0, 0, 0, 0, 0)
topk.values	w92:434	MISMATCH	out[0] shape (0,) vs (0, 0, 0, 0, 0)
topk.values	w93:273	MISMATCH	out[0] shape (0, 0, 0, 0) vs (0, 0, 0, 0, 0)
topk.values	w93:504	MISMATCH	out[0] shape (1,) vs (0, 0, 0, 0)
topk.values	w93:735	MISMATCH	out[0] shape (1, 0, 1, 1, 1) vs (0, 0, 0, 0, 0)
topk.values	w94:388	MISMATCH	out[0] shape (1, 1, 1, 1, 1) vs (0, 0, 0, 0, 0)
topk.values	w94:619	MISMATCH	out[0] shape (1, 1, 1, 1) vs (0, 0, 0, 0, 0)
topk.values	w95:320	MISMATCH	out[0] shape (0, 0, 0) vs (0, 0, 0, 0, 0)
topk.values	w95:551	MISMATCH	out[0] shape (0, 0, 0, 0) vs (0, 0, 0, 0, 0)
topk.values	w95:89	MISMATCH	out[0] shape (0,) vs (0, 0, 0, 0, 0)
topk.values	w96:768	MISMATCH	out[0] shape (0, 0, 0, 0) vs (0, 0, 0, 0, 0)
topk.values	w97:514	MISMATCH	out[0] shape (1, 1, 1, 1) vs (0, 0, 0, 0, 0)
topk.values	w98:228	MISMATCH	out[0] shape (0, 0, 0, 0) vs (0, 0, 0, 0, 0)
topk.values	w98:459	MISMATCH	out[0] shape (1, 1, 1, 1) vs (0, 0, 0, 0, 0)
topk.values	w98:690	MISMATCH	out[0] max|delta|=3.000e+00 (rtol=0.0 atol=0.0)
topk.values	w9:168	MISMATCH	out[0] shape (0, 0) vs (0, 0, 0, 0, 0)
topk.values	w9:399	MISMATCH	out[0] shape (1, 1, 0, 1, 1) vs (0, 0, 0, 0, 0)
topk.values	w9:630	MISMATCH	out[0] shape (1, 1, 1, 1) vs (0, 0, 0, 0, 0)
transpose_copy.int	w66:209	SKIP	client RuntimeError: Failed to load method forward, error: 0x:1 | [platform.cpp:141] Failed loading symbol AOTInductorModelContainerCreateWithDevice with error /tmp/forward_so_blob533262.so: undefined symbol: AOTInductorModelContainerCreateWithDevice [method.cpp:128] Init failed for backend CudaBackend: 0x1
tril.out	w121:354	SKIP	client RuntimeError: Failed to load method forward, error: 0x:1 | [platform.cpp:141] Failed loading symbol AOTInductorModelContainerCreateWithDevice with error /tmp/forward_so_blob448475.so: undefined symbol: AOTInductorModelContainerCreateWithDevice [method.cpp:128] Init failed for backend CudaBackend: 0x1
tril.out	w66:163	SKIP	client RuntimeError: Failed to load method forward, error: 0x:1 | [platform.cpp:141] Failed loading symbol AOTInductorModelContainerCreateWithDevice with error /tmp/forward_so_blob533262.so: undefined symbol: AOTInductorModelContainerCreateWithDevice [method.cpp:128] Init failed for backend CudaBackend: 0x1
unbind_copy.int	w48:645	SKIP	client RuntimeError: Failed to load method forward, error: 0x:1 | [platform.cpp:141] Failed loading symbol AOTInductorModelContainerCreateWithDevice with error /tmp/forward_so_blob507536.so: undefined symbol: AOTInductorModelContainerCreateWithDevice [method.cpp:128] Init failed for backend CudaBackend: 0x1
unfold_copy	w23:456	CRASH	executor died (native abort)
unsqueeze_copy	w121:34	SKIP	client RuntimeError: Failed to load method forward, error: 0x:1 | [platform.cpp:141] Failed loading symbol AOTInductorModelContainerCreateWithDevice with error /tmp/forward_so_blob448475.so: undefined symbol: AOTInductorModelContainerCreateWithDevice [method.cpp:128] Init failed for backend CudaBackend: 0x1
unsqueeze_copy	w46:225	CRASH	executor died (native abort)
unsqueeze_copy	w60:56	SKIP	client RuntimeError: Failed to load method forward, error: 0x:1 | [method.cpp:128] Init failed for backend CudaBackend: 0x1
var.correction	w15:668	SKIP	client RuntimeError: Failed to load method forward, error: 0x:1 | [method.cpp:128] Init failed for backend CudaBackend: 0x1
var.correction	w26:339	SKIP	client RuntimeError: Failed to load method forward, error: 0x:1 | [platform.cpp:141] Failed loading symbol AOTInductorModelContainerCreateWithDevice with error /tmp/forward_so_blob479480.so: undefined symbol: AOTInductorModelContainerCreateWithDevice [method.cpp:128] Init failed for backend CudaBackend: 0x1
var.correction	w53:710	SKIP	client RuntimeError: Failed to load method forward, error: 0x:1 | [method.cpp:128] Init failed for backend CudaBackend: 0x1
var.correction	w73:208	SKIP	client RuntimeError: Failed to load method forward, error: 0x:1 | [platform.cpp:141] Failed loading symbol AOTInductorModelContainerCreateWithDevice with error /tmp/forward_so_blob538817.so: undefined symbol: AOTInductorModelContainerCreateWithDevice [method.cpp:128] Init failed for backend CudaBackend: 0x1
var.correction	w82:567	SKIP	client RuntimeError: Failed to load method forward, error: 0x:1 | [method.cpp:128] Init failed for backend CudaBackend: 0x1
var_mean.correction	w48:648	CRASH	executor died (native abort)
var_mean.correction	w53:730	SKIP	client RuntimeError: Failed to load method forward, error: 0x:1 | [platform.cpp:141] Failed loading symbol AOTInductorModelContainerCreateWithDevice with error /tmp/forward_so_blob517073.so: undefined symbol: AOTInductorModelContainerCreateWithDevice [method.cpp:128] Init failed for backend CudaBackend: 0x1
var_mean.correction	w80:278	SKIP	client RuntimeError: Failed to load method forward, error: 0x:1 | [platform.cpp:141] Failed loading symbol AOTInductorModelContainerCreateWithDevice with error /tmp/forward_so_blob547852.so: undefined symbol: AOTInductorModelContainerCreateWithDevice [method.cpp:128] Init failed for backend CudaBackend: 0x1
where.self_out	w21:265	SKIP	client RuntimeError: Failed to load method forward, error: 0x:1 | [platform.cpp:141] Failed loading symbol AOTInductorModelContainerCreateWithDevice with error /tmp/forward_so_blob475588.so: undefined symbol: AOTInductorModelContainerCreateWithDevice [method.cpp:128] Init failed for backend CudaBackend: 0x1
where.self_out	w88:311	SKIP	client RuntimeError: Failed to load method forward, error: 0x:1 | [platform.cpp:141] Failed loading symbol AOTInductorModelContainerCreateWithDevice with error /tmp/forward_so_blob554056.so: undefined symbol: AOTInductorModelContainerCreateWithDevice [method.cpp:128] Init failed for backend CudaBackend: 0x1
